Current CUDA device index: 0
Current CUDA device name: NVIDIA RTX A5000
Master address: 163.180.160.61, port: 29533
2025-11-15 19:08:32,640 DDP_Script [Rank 3] [INFO] Node rank: 3, world size: 4
[Gloo] Rank 3 is connected to 3 peer ranks. Expected number of connected peer ranks is : 3
2025-11-15 19:08:32,660 DDP_Script [Rank 3] [INFO] Process group initialized: 163.180.160.61:29533
2025-11-15 19:08:32,660 DDP_Script [Rank 3] [INFO] Rank 3/4 initialized
/data/breath12/anaconda3/envs/Dist2/lib/python3.9/site-packages/torchaudio/functional/functional.py:585: UserWarning: At least one mel filterbank has all zero values. The value for `n_mels` (128) may be set too high. Or, the value for `n_freqs` (201) may be set too low.
  warnings.warn(
2025-11-15 19:08:35,277 DDP_Script [Rank 3] [INFO] Model, DDP, criterion, optimizer initialized
2025-11-15 19:08:35,307 DDP_Script [Rank 3] [INFO] Starting training from scratch (epoch 1).
2025-11-15 19:08:35,331 DDP_Script [Rank 3] [INFO] epoch 1 시작
2025-11-15 19:08:35,352 DDP_Script [Rank 3] [INFO] local_steps=32, global_steps=32
/data/breath12/anaconda3/envs/Dist2/lib/python3.9/site-packages/torchaudio/_backend/utils.py:213: UserWarning: In 2.9, this function's implementation will be changed to use torchaudio.load_with_torchcodec` under the hood. Some parameters like ``normalize``, ``format``, ``buffer_size``, and ``backend`` will be ignored. We recommend that you port your code to rely directly on TorchCodec's decoder instead: https://docs.pytorch.org/torchcodec/stable/generated/torchcodec.decoders.AudioDecoder.html#torchcodec.decoders.AudioDecoder.
  warnings.warn(
/data/breath12/anaconda3/envs/Dist2/lib/python3.9/site-packages/torchaudio/_backend/utils.py:213: UserWarning: In 2.9, this function's implementation will be changed to use torchaudio.load_with_torchcodec` under the hood. Some parameters like ``normalize``, ``format``, ``buffer_size``, and ``backend`` will be ignored. We recommend that you port your code to rely directly on TorchCodec's decoder instead: https://docs.pytorch.org/torchcodec/stable/generated/torchcodec.decoders.AudioDecoder.html#torchcodec.decoders.AudioDecoder.
  warnings.warn(
/data/breath12/anaconda3/envs/Dist2/lib/python3.9/site-packages/torchaudio/_backend/utils.py:213: UserWarning: In 2.9, this function's implementation will be changed to use torchaudio.load_with_torchcodec` under the hood. Some parameters like ``normalize``, ``format``, ``buffer_size``, and ``backend`` will be ignored. We recommend that you port your code to rely directly on TorchCodec's decoder instead: https://docs.pytorch.org/torchcodec/stable/generated/torchcodec.decoders.AudioDecoder.html#torchcodec.decoders.AudioDecoder.
  warnings.warn(
/data/breath12/anaconda3/envs/Dist2/lib/python3.9/site-packages/torchaudio/_backend/utils.py:213: UserWarning: In 2.9, this function's implementation will be changed to use torchaudio.load_with_torchcodec` under the hood. Some parameters like ``normalize``, ``format``, ``buffer_size``, and ``backend`` will be ignored. We recommend that you port your code to rely directly on TorchCodec's decoder instead: https://docs.pytorch.org/torchcodec/stable/generated/torchcodec.decoders.AudioDecoder.html#torchcodec.decoders.AudioDecoder.
  warnings.warn(
Traceback (most recent call last):
  File "/data/breath12/anaconda3/envs/Dist2/lib/python3.9/multiprocessing/util.py", line 300, in _run_finalizers
    finalizer()
  File "/data/breath12/anaconda3/envs/Dist2/lib/python3.9/multiprocessing/util.py", line 224, in __call__
    res = self._callback(*self._args, **self._kwargs)
  File "/data/breath12/anaconda3/envs/Dist2/lib/python3.9/multiprocessing/util.py", line 133, in _remove_temp_dir
    rmtree(tempdir)
  File "/data/breath12/anaconda3/envs/Dist2/lib/python3.9/shutil.py", line 734, in rmtree
    _rmtree_safe_fd(fd, path, onerror)
  File "/data/breath12/anaconda3/envs/Dist2/lib/python3.9/shutil.py", line 690, in _rmtree_safe_fd
    onerror(os.unlink, fullname, sys.exc_info())
  File "/data/breath12/anaconda3/envs/Dist2/lib/python3.9/shutil.py", line 688, in _rmtree_safe_fd
    os.unlink(entry.name, dir_fd=topfd)
OSError: [Errno 16] Device or resource busy: '.nfs00000000166604d400003cb0'
Traceback (most recent call last):
  File "/data/breath12/anaconda3/envs/Dist2/lib/python3.9/multiprocessing/util.py", line 300, in _run_finalizers
    finalizer()
  File "/data/breath12/anaconda3/envs/Dist2/lib/python3.9/multiprocessing/util.py", line 224, in __call__
    res = self._callback(*self._args, **self._kwargs)
  File "/data/breath12/anaconda3/envs/Dist2/lib/python3.9/multiprocessing/util.py", line 133, in _remove_temp_dir
    rmtree(tempdir)
  File "/data/breath12/anaconda3/envs/Dist2/lib/python3.9/shutil.py", line 734, in rmtree
    _rmtree_safe_fd(fd, path, onerror)
  File "/data/breath12/anaconda3/envs/Dist2/lib/python3.9/shutil.py", line 690, in _rmtree_safe_fd
    onerror(os.unlink, fullname, sys.exc_info())
  File "/data/breath12/anaconda3/envs/Dist2/lib/python3.9/shutil.py", line 688, in _rmtree_safe_fd
    os.unlink(entry.name, dir_fd=topfd)
OSError: [Errno 16] Device or resource busy: '.nfs00000000166604d500003cb1'
Traceback (most recent call last):
  File "/data/breath12/anaconda3/envs/Dist2/lib/python3.9/multiprocessing/util.py", line 300, in _run_finalizers
    finalizer()
  File "/data/breath12/anaconda3/envs/Dist2/lib/python3.9/multiprocessing/util.py", line 224, in __call__
    res = self._callback(*self._args, **self._kwargs)
  File "/data/breath12/anaconda3/envs/Dist2/lib/python3.9/multiprocessing/util.py", line 133, in _remove_temp_dir
    rmtree(tempdir)
  File "/data/breath12/anaconda3/envs/Dist2/lib/python3.9/shutil.py", line 734, in rmtree
    _rmtree_safe_fd(fd, path, onerror)
  File "/data/breath12/anaconda3/envs/Dist2/lib/python3.9/shutil.py", line 690, in _rmtree_safe_fd
    onerror(os.unlink, fullname, sys.exc_info())
  File "/data/breath12/anaconda3/envs/Dist2/lib/python3.9/shutil.py", line 688, in _rmtree_safe_fd
    os.unlink(entry.name, dir_fd=topfd)
OSError: [Errno 16] Device or resource busy: '.nfs0000000011e1824600003cb5'
Traceback (most recent call last):
  File "/data/breath12/anaconda3/envs/Dist2/lib/python3.9/multiprocessing/util.py", line 300, in _run_finalizers
    finalizer()
  File "/data/breath12/anaconda3/envs/Dist2/lib/python3.9/multiprocessing/util.py", line 224, in __call__
    res = self._callback(*self._args, **self._kwargs)
  File "/data/breath12/anaconda3/envs/Dist2/lib/python3.9/multiprocessing/util.py", line 133, in _remove_temp_dir
    rmtree(tempdir)
  File "/data/breath12/anaconda3/envs/Dist2/lib/python3.9/shutil.py", line 734, in rmtree
    _rmtree_safe_fd(fd, path, onerror)
  File "/data/breath12/anaconda3/envs/Dist2/lib/python3.9/shutil.py", line 690, in _rmtree_safe_fd
    onerror(os.unlink, fullname, sys.exc_info())
  File "/data/breath12/anaconda3/envs/Dist2/lib/python3.9/shutil.py", line 688, in _rmtree_safe_fd
    os.unlink(entry.name, dir_fd=topfd)
OSError: [Errno 16] Device or resource busy: '.nfs0000000012be106300003cbd'
/data/breath12/anaconda3/envs/Dist2/lib/python3.9/site-packages/torchaudio/_backend/utils.py:213: UserWarning: In 2.9, this function's implementation will be changed to use torchaudio.load_with_torchcodec` under the hood. Some parameters like ``normalize``, ``format``, ``buffer_size``, and ``backend`` will be ignored. We recommend that you port your code to rely directly on TorchCodec's decoder instead: https://docs.pytorch.org/torchcodec/stable/generated/torchcodec.decoders.AudioDecoder.html#torchcodec.decoders.AudioDecoder.
  warnings.warn(
/data/breath12/anaconda3/envs/Dist2/lib/python3.9/site-packages/torchaudio/_backend/utils.py:213: UserWarning: In 2.9, this function's implementation will be changed to use torchaudio.load_with_torchcodec` under the hood. Some parameters like ``normalize``, ``format``, ``buffer_size``, and ``backend`` will be ignored. We recommend that you port your code to rely directly on TorchCodec's decoder instead: https://docs.pytorch.org/torchcodec/stable/generated/torchcodec.decoders.AudioDecoder.html#torchcodec.decoders.AudioDecoder.
  warnings.warn(
/data/breath12/anaconda3/envs/Dist2/lib/python3.9/site-packages/torchaudio/_backend/utils.py:213: UserWarning: In 2.9, this function's implementation will be changed to use torchaudio.load_with_torchcodec` under the hood. Some parameters like ``normalize``, ``format``, ``buffer_size``, and ``backend`` will be ignored. We recommend that you port your code to rely directly on TorchCodec's decoder instead: https://docs.pytorch.org/torchcodec/stable/generated/torchcodec.decoders.AudioDecoder.html#torchcodec.decoders.AudioDecoder.
  warnings.warn(
/data/breath12/anaconda3/envs/Dist2/lib/python3.9/site-packages/torchaudio/_backend/utils.py:213: UserWarning: In 2.9, this function's implementation will be changed to use torchaudio.load_with_torchcodec` under the hood. Some parameters like ``normalize``, ``format``, ``buffer_size``, and ``backend`` will be ignored. We recommend that you port your code to rely directly on TorchCodec's decoder instead: https://docs.pytorch.org/torchcodec/stable/generated/torchcodec.decoders.AudioDecoder.html#torchcodec.decoders.AudioDecoder.
  warnings.warn(
Traceback (most recent call last):
  File "/data/breath12/anaconda3/envs/Dist2/lib/python3.9/multiprocessing/util.py", line 300, in _run_finalizers
    finalizer()
  File "/data/breath12/anaconda3/envs/Dist2/lib/python3.9/multiprocessing/util.py", line 224, in __call__
    res = self._callback(*self._args, **self._kwargs)
  File "/data/breath12/anaconda3/envs/Dist2/lib/python3.9/multiprocessing/util.py", line 133, in _remove_temp_dir
    rmtree(tempdir)
  File "/data/breath12/anaconda3/envs/Dist2/lib/python3.9/shutil.py", line 734, in rmtree
    _rmtree_safe_fd(fd, path, onerror)
  File "/data/breath12/anaconda3/envs/Dist2/lib/python3.9/shutil.py", line 690, in _rmtree_safe_fd
    onerror(os.unlink, fullname, sys.exc_info())
  File "/data/breath12/anaconda3/envs/Dist2/lib/python3.9/shutil.py", line 688, in _rmtree_safe_fd
    os.unlink(entry.name, dir_fd=topfd)
OSError: [Errno 16] Device or resource busy: '.nfs00000000166604de00003cc2'
Traceback (most recent call last):
  File "/data/breath12/anaconda3/envs/Dist2/lib/python3.9/multiprocessing/util.py", line 300, in _run_finalizers
    finalizer()
  File "/data/breath12/anaconda3/envs/Dist2/lib/python3.9/multiprocessing/util.py", line 224, in __call__
    res = self._callback(*self._args, **self._kwargs)
  File "/data/breath12/anaconda3/envs/Dist2/lib/python3.9/multiprocessing/util.py", line 133, in _remove_temp_dir
    rmtree(tempdir)
  File "/data/breath12/anaconda3/envs/Dist2/lib/python3.9/shutil.py", line 734, in rmtree
    _rmtree_safe_fd(fd, path, onerror)
  File "/data/breath12/anaconda3/envs/Dist2/lib/python3.9/shutil.py", line 690, in _rmtree_safe_fd
    onerror(os.unlink, fullname, sys.exc_info())
  File "/data/breath12/anaconda3/envs/Dist2/lib/python3.9/shutil.py", line 688, in _rmtree_safe_fd
    os.unlink(entry.name, dir_fd=topfd)
OSError: [Errno 16] Device or resource busy: '.nfs00000000166604dd00003cc5'
Traceback (most recent call last):
  File "/data/breath12/anaconda3/envs/Dist2/lib/python3.9/multiprocessing/util.py", line 300, in _run_finalizers
    finalizer()
  File "/data/breath12/anaconda3/envs/Dist2/lib/python3.9/multiprocessing/util.py", line 224, in __call__
    res = self._callback(*self._args, **self._kwargs)
  File "/data/breath12/anaconda3/envs/Dist2/lib/python3.9/multiprocessing/util.py", line 133, in _remove_temp_dir
    rmtree(tempdir)
  File "/data/breath12/anaconda3/envs/Dist2/lib/python3.9/shutil.py", line 734, in rmtree
    _rmtree_safe_fd(fd, path, onerror)
  File "/data/breath12/anaconda3/envs/Dist2/lib/python3.9/shutil.py", line 690, in _rmtree_safe_fd
    onerror(os.unlink, fullname, sys.exc_info())
  File "/data/breath12/anaconda3/envs/Dist2/lib/python3.9/shutil.py", line 688, in _rmtree_safe_fd
    os.unlink(entry.name, dir_fd=topfd)
OSError: [Errno 16] Device or resource busy: '.nfs00000000166604e000003cc3'
Traceback (most recent call last):
  File "/data/breath12/anaconda3/envs/Dist2/lib/python3.9/multiprocessing/util.py", line 300, in _run_finalizers
    finalizer()
  File "/data/breath12/anaconda3/envs/Dist2/lib/python3.9/multiprocessing/util.py", line 224, in __call__
    res = self._callback(*self._args, **self._kwargs)
  File "/data/breath12/anaconda3/envs/Dist2/lib/python3.9/multiprocessing/util.py", line 133, in _remove_temp_dir
    rmtree(tempdir)
  File "/data/breath12/anaconda3/envs/Dist2/lib/python3.9/shutil.py", line 734, in rmtree
    _rmtree_safe_fd(fd, path, onerror)
  File "/data/breath12/anaconda3/envs/Dist2/lib/python3.9/shutil.py", line 690, in _rmtree_safe_fd
    onerror(os.unlink, fullname, sys.exc_info())
  File "/data/breath12/anaconda3/envs/Dist2/lib/python3.9/shutil.py", line 688, in _rmtree_safe_fd
    os.unlink(entry.name, dir_fd=topfd)
OSError: [Errno 16] Device or resource busy: '.nfs00000000166604e200003cc4'
2025-11-15 19:08:44,344 DDP_Script [Rank 3] [INFO] val WER 1.000, CER 0.993, pseudo-acc 0.00%
2025-11-15 19:08:45,341 DDP_Script [Rank 3] [INFO] epoch 2 시작
2025-11-15 19:08:45,343 DDP_Script [Rank 3] [INFO] local_steps=32, global_steps=32
/data/breath12/anaconda3/envs/Dist2/lib/python3.9/site-packages/torchaudio/_backend/utils.py:213: UserWarning: In 2.9, this function's implementation will be changed to use torchaudio.load_with_torchcodec` under the hood. Some parameters like ``normalize``, ``format``, ``buffer_size``, and ``backend`` will be ignored. We recommend that you port your code to rely directly on TorchCodec's decoder instead: https://docs.pytorch.org/torchcodec/stable/generated/torchcodec.decoders.AudioDecoder.html#torchcodec.decoders.AudioDecoder.
  warnings.warn(
/data/breath12/anaconda3/envs/Dist2/lib/python3.9/site-packages/torchaudio/_backend/utils.py:213: UserWarning: In 2.9, this function's implementation will be changed to use torchaudio.load_with_torchcodec` under the hood. Some parameters like ``normalize``, ``format``, ``buffer_size``, and ``backend`` will be ignored. We recommend that you port your code to rely directly on TorchCodec's decoder instead: https://docs.pytorch.org/torchcodec/stable/generated/torchcodec.decoders.AudioDecoder.html#torchcodec.decoders.AudioDecoder.
  warnings.warn(
/data/breath12/anaconda3/envs/Dist2/lib/python3.9/site-packages/torchaudio/_backend/utils.py:213: UserWarning: In 2.9, this function's implementation will be changed to use torchaudio.load_with_torchcodec` under the hood. Some parameters like ``normalize``, ``format``, ``buffer_size``, and ``backend`` will be ignored. We recommend that you port your code to rely directly on TorchCodec's decoder instead: https://docs.pytorch.org/torchcodec/stable/generated/torchcodec.decoders.AudioDecoder.html#torchcodec.decoders.AudioDecoder.
  warnings.warn(
/data/breath12/anaconda3/envs/Dist2/lib/python3.9/site-packages/torchaudio/_backend/utils.py:213: UserWarning: In 2.9, this function's implementation will be changed to use torchaudio.load_with_torchcodec` under the hood. Some parameters like ``normalize``, ``format``, ``buffer_size``, and ``backend`` will be ignored. We recommend that you port your code to rely directly on TorchCodec's decoder instead: https://docs.pytorch.org/torchcodec/stable/generated/torchcodec.decoders.AudioDecoder.html#torchcodec.decoders.AudioDecoder.
  warnings.warn(
Traceback (most recent call last):
  File "/data/breath12/anaconda3/envs/Dist2/lib/python3.9/multiprocessing/util.py", line 300, in _run_finalizers
    finalizer()
  File "/data/breath12/anaconda3/envs/Dist2/lib/python3.9/multiprocessing/util.py", line 224, in __call__
    res = self._callback(*self._args, **self._kwargs)
  File "/data/breath12/anaconda3/envs/Dist2/lib/python3.9/multiprocessing/util.py", line 133, in _remove_temp_dir
    rmtree(tempdir)
  File "/data/breath12/anaconda3/envs/Dist2/lib/python3.9/shutil.py", line 734, in rmtree
    _rmtree_safe_fd(fd, path, onerror)
  File "/data/breath12/anaconda3/envs/Dist2/lib/python3.9/shutil.py", line 690, in _rmtree_safe_fd
    onerror(os.unlink, fullname, sys.exc_info())
  File "/data/breath12/anaconda3/envs/Dist2/lib/python3.9/shutil.py", line 688, in _rmtree_safe_fd
    os.unlink(entry.name, dir_fd=topfd)
OSError: [Errno 16] Device or resource busy: '.nfs00000000166604ea00003cd4'
Traceback (most recent call last):
  File "/data/breath12/anaconda3/envs/Dist2/lib/python3.9/multiprocessing/util.py", line 300, in _run_finalizers
    finalizer()
  File "/data/breath12/anaconda3/envs/Dist2/lib/python3.9/multiprocessing/util.py", line 224, in __call__
    res = self._callback(*self._args, **self._kwargs)
  File "/data/breath12/anaconda3/envs/Dist2/lib/python3.9/multiprocessing/util.py", line 133, in _remove_temp_dir
    rmtree(tempdir)
  File "/data/breath12/anaconda3/envs/Dist2/lib/python3.9/shutil.py", line 734, in rmtree
    _rmtree_safe_fd(fd, path, onerror)
  File "/data/breath12/anaconda3/envs/Dist2/lib/python3.9/shutil.py", line 690, in _rmtree_safe_fd
    onerror(os.unlink, fullname, sys.exc_info())
  File "/data/breath12/anaconda3/envs/Dist2/lib/python3.9/shutil.py", line 688, in _rmtree_safe_fd
    os.unlink(entry.name, dir_fd=topfd)
OSError: [Errno 16] Device or resource busy: '.nfs00000000166604e400003cd2'
Traceback (most recent call last):
  File "/data/breath12/anaconda3/envs/Dist2/lib/python3.9/multiprocessing/util.py", line 300, in _run_finalizers
    finalizer()
  File "/data/breath12/anaconda3/envs/Dist2/lib/python3.9/multiprocessing/util.py", line 224, in __call__
    res = self._callback(*self._args, **self._kwargs)
  File "/data/breath12/anaconda3/envs/Dist2/lib/python3.9/multiprocessing/util.py", line 133, in _remove_temp_dir
    rmtree(tempdir)
  File "/data/breath12/anaconda3/envs/Dist2/lib/python3.9/shutil.py", line 734, in rmtree
    _rmtree_safe_fd(fd, path, onerror)
  File "/data/breath12/anaconda3/envs/Dist2/lib/python3.9/shutil.py", line 690, in _rmtree_safe_fd
    onerror(os.unlink, fullname, sys.exc_info())
  File "/data/breath12/anaconda3/envs/Dist2/lib/python3.9/shutil.py", line 688, in _rmtree_safe_fd
    os.unlink(entry.name, dir_fd=topfd)
OSError: [Errno 16] Device or resource busy: '.nfs00000000166604e900003cd3'
Traceback (most recent call last):
  File "/data/breath12/anaconda3/envs/Dist2/lib/python3.9/multiprocessing/util.py", line 300, in _run_finalizers
    finalizer()
  File "/data/breath12/anaconda3/envs/Dist2/lib/python3.9/multiprocessing/util.py", line 224, in __call__
    res = self._callback(*self._args, **self._kwargs)
  File "/data/breath12/anaconda3/envs/Dist2/lib/python3.9/multiprocessing/util.py", line 133, in _remove_temp_dir
    rmtree(tempdir)
  File "/data/breath12/anaconda3/envs/Dist2/lib/python3.9/shutil.py", line 734, in rmtree
    _rmtree_safe_fd(fd, path, onerror)
  File "/data/breath12/anaconda3/envs/Dist2/lib/python3.9/shutil.py", line 690, in _rmtree_safe_fd
    onerror(os.unlink, fullname, sys.exc_info())
  File "/data/breath12/anaconda3/envs/Dist2/lib/python3.9/shutil.py", line 688, in _rmtree_safe_fd
    os.unlink(entry.name, dir_fd=topfd)
OSError: [Errno 16] Device or resource busy: '.nfs00000000166604e700003cd5'
/data/breath12/anaconda3/envs/Dist2/lib/python3.9/site-packages/torchaudio/_backend/utils.py:213: UserWarning: In 2.9, this function's implementation will be changed to use torchaudio.load_with_torchcodec` under the hood. Some parameters like ``normalize``, ``format``, ``buffer_size``, and ``backend`` will be ignored. We recommend that you port your code to rely directly on TorchCodec's decoder instead: https://docs.pytorch.org/torchcodec/stable/generated/torchcodec.decoders.AudioDecoder.html#torchcodec.decoders.AudioDecoder.
  warnings.warn(
/data/breath12/anaconda3/envs/Dist2/lib/python3.9/site-packages/torchaudio/_backend/utils.py:213: UserWarning: In 2.9, this function's implementation will be changed to use torchaudio.load_with_torchcodec` under the hood. Some parameters like ``normalize``, ``format``, ``buffer_size``, and ``backend`` will be ignored. We recommend that you port your code to rely directly on TorchCodec's decoder instead: https://docs.pytorch.org/torchcodec/stable/generated/torchcodec.decoders.AudioDecoder.html#torchcodec.decoders.AudioDecoder.
  warnings.warn(
/data/breath12/anaconda3/envs/Dist2/lib/python3.9/site-packages/torchaudio/_backend/utils.py:213: UserWarning: In 2.9, this function's implementation will be changed to use torchaudio.load_with_torchcodec` under the hood. Some parameters like ``normalize``, ``format``, ``buffer_size``, and ``backend`` will be ignored. We recommend that you port your code to rely directly on TorchCodec's decoder instead: https://docs.pytorch.org/torchcodec/stable/generated/torchcodec.decoders.AudioDecoder.html#torchcodec.decoders.AudioDecoder.
  warnings.warn(
/data/breath12/anaconda3/envs/Dist2/lib/python3.9/site-packages/torchaudio/_backend/utils.py:213: UserWarning: In 2.9, this function's implementation will be changed to use torchaudio.load_with_torchcodec` under the hood. Some parameters like ``normalize``, ``format``, ``buffer_size``, and ``backend`` will be ignored. We recommend that you port your code to rely directly on TorchCodec's decoder instead: https://docs.pytorch.org/torchcodec/stable/generated/torchcodec.decoders.AudioDecoder.html#torchcodec.decoders.AudioDecoder.
  warnings.warn(
Traceback (most recent call last):
  File "/data/breath12/anaconda3/envs/Dist2/lib/python3.9/multiprocessing/util.py", line 300, in _run_finalizers
    finalizer()
  File "/data/breath12/anaconda3/envs/Dist2/lib/python3.9/multiprocessing/util.py", line 224, in __call__
    res = self._callback(*self._args, **self._kwargs)
  File "/data/breath12/anaconda3/envs/Dist2/lib/python3.9/multiprocessing/util.py", line 133, in _remove_temp_dir
    rmtree(tempdir)
  File "/data/breath12/anaconda3/envs/Dist2/lib/python3.9/shutil.py", line 734, in rmtree
    _rmtree_safe_fd(fd, path, onerror)
  File "/data/breath12/anaconda3/envs/Dist2/lib/python3.9/shutil.py", line 690, in _rmtree_safe_fd
    onerror(os.unlink, fullname, sys.exc_info())
  File "/data/breath12/anaconda3/envs/Dist2/lib/python3.9/shutil.py", line 688, in _rmtree_safe_fd
    os.unlink(entry.name, dir_fd=topfd)
OSError: [Errno 16] Device or resource busy: '.nfs000000001825091000003cea'
Traceback (most recent call last):
  File "/data/breath12/anaconda3/envs/Dist2/lib/python3.9/multiprocessing/util.py", line 300, in _run_finalizers
    finalizer()
  File "/data/breath12/anaconda3/envs/Dist2/lib/python3.9/multiprocessing/util.py", line 224, in __call__
    res = self._callback(*self._args, **self._kwargs)
  File "/data/breath12/anaconda3/envs/Dist2/lib/python3.9/multiprocessing/util.py", line 133, in _remove_temp_dir
    rmtree(tempdir)
  File "/data/breath12/anaconda3/envs/Dist2/lib/python3.9/shutil.py", line 734, in rmtree
    _rmtree_safe_fd(fd, path, onerror)
  File "/data/breath12/anaconda3/envs/Dist2/lib/python3.9/shutil.py", line 690, in _rmtree_safe_fd
    onerror(os.unlink, fullname, sys.exc_info())
  File "/data/breath12/anaconda3/envs/Dist2/lib/python3.9/shutil.py", line 688, in _rmtree_safe_fd
    os.unlink(entry.name, dir_fd=topfd)
OSError: [Errno 16] Device or resource busy: '.nfs0000000018248b9400003ceb'
Traceback (most recent call last):
  File "/data/breath12/anaconda3/envs/Dist2/lib/python3.9/multiprocessing/util.py", line 300, in _run_finalizers
    finalizer()
  File "/data/breath12/anaconda3/envs/Dist2/lib/python3.9/multiprocessing/util.py", line 224, in __call__
    res = self._callback(*self._args, **self._kwargs)
  File "/data/breath12/anaconda3/envs/Dist2/lib/python3.9/multiprocessing/util.py", line 133, in _remove_temp_dir
    rmtree(tempdir)
  File "/data/breath12/anaconda3/envs/Dist2/lib/python3.9/shutil.py", line 734, in rmtree
    _rmtree_safe_fd(fd, path, onerror)
  File "/data/breath12/anaconda3/envs/Dist2/lib/python3.9/shutil.py", line 690, in _rmtree_safe_fd
    onerror(os.unlink, fullname, sys.exc_info())
  File "/data/breath12/anaconda3/envs/Dist2/lib/python3.9/shutil.py", line 688, in _rmtree_safe_fd
    os.unlink(entry.name, dir_fd=topfd)
OSError: [Errno 16] Device or resource busy: '.nfs0000000018230bc800003cec'
Traceback (most recent call last):
  File "/data/breath12/anaconda3/envs/Dist2/lib/python3.9/multiprocessing/util.py", line 300, in _run_finalizers
    finalizer()
  File "/data/breath12/anaconda3/envs/Dist2/lib/python3.9/multiprocessing/util.py", line 224, in __call__
    res = self._callback(*self._args, **self._kwargs)
  File "/data/breath12/anaconda3/envs/Dist2/lib/python3.9/multiprocessing/util.py", line 133, in _remove_temp_dir
    rmtree(tempdir)
  File "/data/breath12/anaconda3/envs/Dist2/lib/python3.9/shutil.py", line 734, in rmtree
    _rmtree_safe_fd(fd, path, onerror)
  File "/data/breath12/anaconda3/envs/Dist2/lib/python3.9/shutil.py", line 690, in _rmtree_safe_fd
    onerror(os.unlink, fullname, sys.exc_info())
  File "/data/breath12/anaconda3/envs/Dist2/lib/python3.9/shutil.py", line 688, in _rmtree_safe_fd
    os.unlink(entry.name, dir_fd=topfd)
OSError: [Errno 16] Device or resource busy: '.nfs000000001825890f00003ced'
2025-11-15 19:08:53,805 DDP_Script [Rank 3] [INFO] val WER 1.000, CER 0.993, pseudo-acc 0.00%
2025-11-15 19:08:54,837 DDP_Script [Rank 3] [INFO] epoch 3 시작
2025-11-15 19:08:54,839 DDP_Script [Rank 3] [INFO] local_steps=32, global_steps=32
/data/breath12/anaconda3/envs/Dist2/lib/python3.9/site-packages/torchaudio/_backend/utils.py:213: UserWarning: In 2.9, this function's implementation will be changed to use torchaudio.load_with_torchcodec` under the hood. Some parameters like ``normalize``, ``format``, ``buffer_size``, and ``backend`` will be ignored. We recommend that you port your code to rely directly on TorchCodec's decoder instead: https://docs.pytorch.org/torchcodec/stable/generated/torchcodec.decoders.AudioDecoder.html#torchcodec.decoders.AudioDecoder.
  warnings.warn(
/data/breath12/anaconda3/envs/Dist2/lib/python3.9/site-packages/torchaudio/_backend/utils.py:213: UserWarning: In 2.9, this function's implementation will be changed to use torchaudio.load_with_torchcodec` under the hood. Some parameters like ``normalize``, ``format``, ``buffer_size``, and ``backend`` will be ignored. We recommend that you port your code to rely directly on TorchCodec's decoder instead: https://docs.pytorch.org/torchcodec/stable/generated/torchcodec.decoders.AudioDecoder.html#torchcodec.decoders.AudioDecoder.
  warnings.warn(
/data/breath12/anaconda3/envs/Dist2/lib/python3.9/site-packages/torchaudio/_backend/utils.py:213: UserWarning: In 2.9, this function's implementation will be changed to use torchaudio.load_with_torchcodec` under the hood. Some parameters like ``normalize``, ``format``, ``buffer_size``, and ``backend`` will be ignored. We recommend that you port your code to rely directly on TorchCodec's decoder instead: https://docs.pytorch.org/torchcodec/stable/generated/torchcodec.decoders.AudioDecoder.html#torchcodec.decoders.AudioDecoder.
  warnings.warn(
/data/breath12/anaconda3/envs/Dist2/lib/python3.9/site-packages/torchaudio/_backend/utils.py:213: UserWarning: In 2.9, this function's implementation will be changed to use torchaudio.load_with_torchcodec` under the hood. Some parameters like ``normalize``, ``format``, ``buffer_size``, and ``backend`` will be ignored. We recommend that you port your code to rely directly on TorchCodec's decoder instead: https://docs.pytorch.org/torchcodec/stable/generated/torchcodec.decoders.AudioDecoder.html#torchcodec.decoders.AudioDecoder.
  warnings.warn(
Traceback (most recent call last):
  File "/data/breath12/anaconda3/envs/Dist2/lib/python3.9/multiprocessing/util.py", line 300, in _run_finalizers
    finalizer()
  File "/data/breath12/anaconda3/envs/Dist2/lib/python3.9/multiprocessing/util.py", line 224, in __call__
    res = self._callback(*self._args, **self._kwargs)
  File "/data/breath12/anaconda3/envs/Dist2/lib/python3.9/multiprocessing/util.py", line 133, in _remove_temp_dir
    rmtree(tempdir)
  File "/data/breath12/anaconda3/envs/Dist2/lib/python3.9/shutil.py", line 734, in rmtree
    _rmtree_safe_fd(fd, path, onerror)
  File "/data/breath12/anaconda3/envs/Dist2/lib/python3.9/shutil.py", line 690, in _rmtree_safe_fd
    onerror(os.unlink, fullname, sys.exc_info())
  File "/data/breath12/anaconda3/envs/Dist2/lib/python3.9/shutil.py", line 688, in _rmtree_safe_fd
    os.unlink(entry.name, dir_fd=topfd)
OSError: [Errno 16] Device or resource busy: '.nfs000000001826064300003cfa'
Traceback (most recent call last):
  File "/data/breath12/anaconda3/envs/Dist2/lib/python3.9/multiprocessing/util.py", line 300, in _run_finalizers
    finalizer()
  File "/data/breath12/anaconda3/envs/Dist2/lib/python3.9/multiprocessing/util.py", line 224, in __call__
    res = self._callback(*self._args, **self._kwargs)
  File "/data/breath12/anaconda3/envs/Dist2/lib/python3.9/multiprocessing/util.py", line 133, in _remove_temp_dir
    rmtree(tempdir)
  File "/data/breath12/anaconda3/envs/Dist2/lib/python3.9/shutil.py", line 734, in rmtree
    _rmtree_safe_fd(fd, path, onerror)
  File "/data/breath12/anaconda3/envs/Dist2/lib/python3.9/shutil.py", line 690, in _rmtree_safe_fd
    onerror(os.unlink, fullname, sys.exc_info())
  File "/data/breath12/anaconda3/envs/Dist2/lib/python3.9/shutil.py", line 688, in _rmtree_safe_fd
    os.unlink(entry.name, dir_fd=topfd)
OSError: [Errno 16] Device or resource busy: '.nfs00000000183089d400003cfb'
Traceback (most recent call last):
  File "/data/breath12/anaconda3/envs/Dist2/lib/python3.9/multiprocessing/util.py", line 300, in _run_finalizers
    finalizer()
  File "/data/breath12/anaconda3/envs/Dist2/lib/python3.9/multiprocessing/util.py", line 224, in __call__
    res = self._callback(*self._args, **self._kwargs)
  File "/data/breath12/anaconda3/envs/Dist2/lib/python3.9/multiprocessing/util.py", line 133, in _remove_temp_dir
    rmtree(tempdir)
  File "/data/breath12/anaconda3/envs/Dist2/lib/python3.9/shutil.py", line 734, in rmtree
    _rmtree_safe_fd(fd, path, onerror)
  File "/data/breath12/anaconda3/envs/Dist2/lib/python3.9/shutil.py", line 690, in _rmtree_safe_fd
    onerror(os.unlink, fullname, sys.exc_info())
  File "/data/breath12/anaconda3/envs/Dist2/lib/python3.9/shutil.py", line 688, in _rmtree_safe_fd
    os.unlink(entry.name, dir_fd=topfd)
OSError: [Errno 16] Device or resource busy: '.nfs000000001831040a00003cfc'
Traceback (most recent call last):
  File "/data/breath12/anaconda3/envs/Dist2/lib/python3.9/multiprocessing/util.py", line 300, in _run_finalizers
    finalizer()
  File "/data/breath12/anaconda3/envs/Dist2/lib/python3.9/multiprocessing/util.py", line 224, in __call__
    res = self._callback(*self._args, **self._kwargs)
  File "/data/breath12/anaconda3/envs/Dist2/lib/python3.9/multiprocessing/util.py", line 133, in _remove_temp_dir
    rmtree(tempdir)
  File "/data/breath12/anaconda3/envs/Dist2/lib/python3.9/shutil.py", line 734, in rmtree
    _rmtree_safe_fd(fd, path, onerror)
  File "/data/breath12/anaconda3/envs/Dist2/lib/python3.9/shutil.py", line 690, in _rmtree_safe_fd
    onerror(os.unlink, fullname, sys.exc_info())
  File "/data/breath12/anaconda3/envs/Dist2/lib/python3.9/shutil.py", line 688, in _rmtree_safe_fd
    os.unlink(entry.name, dir_fd=topfd)
OSError: [Errno 16] Device or resource busy: '.nfs000000001830076d00003cfd'
/data/breath12/anaconda3/envs/Dist2/lib/python3.9/site-packages/torchaudio/_backend/utils.py:213: UserWarning: In 2.9, this function's implementation will be changed to use torchaudio.load_with_torchcodec` under the hood. Some parameters like ``normalize``, ``format``, ``buffer_size``, and ``backend`` will be ignored. We recommend that you port your code to rely directly on TorchCodec's decoder instead: https://docs.pytorch.org/torchcodec/stable/generated/torchcodec.decoders.AudioDecoder.html#torchcodec.decoders.AudioDecoder.
  warnings.warn(
/data/breath12/anaconda3/envs/Dist2/lib/python3.9/site-packages/torchaudio/_backend/utils.py:213: UserWarning: In 2.9, this function's implementation will be changed to use torchaudio.load_with_torchcodec` under the hood. Some parameters like ``normalize``, ``format``, ``buffer_size``, and ``backend`` will be ignored. We recommend that you port your code to rely directly on TorchCodec's decoder instead: https://docs.pytorch.org/torchcodec/stable/generated/torchcodec.decoders.AudioDecoder.html#torchcodec.decoders.AudioDecoder.
  warnings.warn(
/data/breath12/anaconda3/envs/Dist2/lib/python3.9/site-packages/torchaudio/_backend/utils.py:213: UserWarning: In 2.9, this function's implementation will be changed to use torchaudio.load_with_torchcodec` under the hood. Some parameters like ``normalize``, ``format``, ``buffer_size``, and ``backend`` will be ignored. We recommend that you port your code to rely directly on TorchCodec's decoder instead: https://docs.pytorch.org/torchcodec/stable/generated/torchcodec.decoders.AudioDecoder.html#torchcodec.decoders.AudioDecoder.
  warnings.warn(
/data/breath12/anaconda3/envs/Dist2/lib/python3.9/site-packages/torchaudio/_backend/utils.py:213: UserWarning: In 2.9, this function's implementation will be changed to use torchaudio.load_with_torchcodec` under the hood. Some parameters like ``normalize``, ``format``, ``buffer_size``, and ``backend`` will be ignored. We recommend that you port your code to rely directly on TorchCodec's decoder instead: https://docs.pytorch.org/torchcodec/stable/generated/torchcodec.decoders.AudioDecoder.html#torchcodec.decoders.AudioDecoder.
  warnings.warn(
Traceback (most recent call last):
Traceback (most recent call last):
  File "/data/breath12/anaconda3/envs/Dist2/lib/python3.9/multiprocessing/util.py", line 300, in _run_finalizers
    finalizer()
  File "/data/breath12/anaconda3/envs/Dist2/lib/python3.9/multiprocessing/util.py", line 300, in _run_finalizers
    finalizer()
  File "/data/breath12/anaconda3/envs/Dist2/lib/python3.9/multiprocessing/util.py", line 224, in __call__
    res = self._callback(*self._args, **self._kwargs)
  File "/data/breath12/anaconda3/envs/Dist2/lib/python3.9/multiprocessing/util.py", line 224, in __call__
    res = self._callback(*self._args, **self._kwargs)
  File "/data/breath12/anaconda3/envs/Dist2/lib/python3.9/multiprocessing/util.py", line 133, in _remove_temp_dir
    rmtree(tempdir)
  File "/data/breath12/anaconda3/envs/Dist2/lib/python3.9/multiprocessing/util.py", line 133, in _remove_temp_dir
    rmtree(tempdir)
  File "/data/breath12/anaconda3/envs/Dist2/lib/python3.9/shutil.py", line 734, in rmtree
    _rmtree_safe_fd(fd, path, onerror)
  File "/data/breath12/anaconda3/envs/Dist2/lib/python3.9/shutil.py", line 734, in rmtree
    _rmtree_safe_fd(fd, path, onerror)
  File "/data/breath12/anaconda3/envs/Dist2/lib/python3.9/shutil.py", line 690, in _rmtree_safe_fd
    onerror(os.unlink, fullname, sys.exc_info())
  File "/data/breath12/anaconda3/envs/Dist2/lib/python3.9/shutil.py", line 690, in _rmtree_safe_fd
    onerror(os.unlink, fullname, sys.exc_info())
  File "/data/breath12/anaconda3/envs/Dist2/lib/python3.9/shutil.py", line 688, in _rmtree_safe_fd
    os.unlink(entry.name, dir_fd=topfd)
  File "/data/breath12/anaconda3/envs/Dist2/lib/python3.9/shutil.py", line 688, in _rmtree_safe_fd
    os.unlink(entry.name, dir_fd=topfd)
OSError: [Errno 16] Device or resource busy: '.nfs000000001834967b00003d06'
OSError: [Errno 16] Device or resource busy: '.nfs00000000183384a100003d07'
Traceback (most recent call last):
  File "/data/breath12/anaconda3/envs/Dist2/lib/python3.9/multiprocessing/util.py", line 300, in _run_finalizers
    finalizer()
  File "/data/breath12/anaconda3/envs/Dist2/lib/python3.9/multiprocessing/util.py", line 224, in __call__
    res = self._callback(*self._args, **self._kwargs)
Traceback (most recent call last):
  File "/data/breath12/anaconda3/envs/Dist2/lib/python3.9/multiprocessing/util.py", line 133, in _remove_temp_dir
    rmtree(tempdir)
  File "/data/breath12/anaconda3/envs/Dist2/lib/python3.9/shutil.py", line 734, in rmtree
    _rmtree_safe_fd(fd, path, onerror)
  File "/data/breath12/anaconda3/envs/Dist2/lib/python3.9/shutil.py", line 690, in _rmtree_safe_fd
    onerror(os.unlink, fullname, sys.exc_info())
  File "/data/breath12/anaconda3/envs/Dist2/lib/python3.9/shutil.py", line 688, in _rmtree_safe_fd
    os.unlink(entry.name, dir_fd=topfd)
OSError: [Errno 16] Device or resource busy: '.nfs0000000018350b5400003d08'
  File "/data/breath12/anaconda3/envs/Dist2/lib/python3.9/multiprocessing/util.py", line 300, in _run_finalizers
    finalizer()
  File "/data/breath12/anaconda3/envs/Dist2/lib/python3.9/multiprocessing/util.py", line 224, in __call__
    res = self._callback(*self._args, **self._kwargs)
  File "/data/breath12/anaconda3/envs/Dist2/lib/python3.9/multiprocessing/util.py", line 133, in _remove_temp_dir
    rmtree(tempdir)
  File "/data/breath12/anaconda3/envs/Dist2/lib/python3.9/shutil.py", line 734, in rmtree
    _rmtree_safe_fd(fd, path, onerror)
  File "/data/breath12/anaconda3/envs/Dist2/lib/python3.9/shutil.py", line 690, in _rmtree_safe_fd
    onerror(os.unlink, fullname, sys.exc_info())
  File "/data/breath12/anaconda3/envs/Dist2/lib/python3.9/shutil.py", line 688, in _rmtree_safe_fd
    os.unlink(entry.name, dir_fd=topfd)
OSError: [Errno 16] Device or resource busy: '.nfs0000000018340d3a00003d09'
2025-11-15 19:09:02,942 DDP_Script [Rank 3] [INFO] val WER 1.000, CER 0.999, pseudo-acc 0.00%
2025-11-15 19:09:03,980 DDP_Script [Rank 3] [INFO] epoch 4 시작
2025-11-15 19:09:03,982 DDP_Script [Rank 3] [INFO] local_steps=32, global_steps=32
/data/breath12/anaconda3/envs/Dist2/lib/python3.9/site-packages/torchaudio/_backend/utils.py:213: UserWarning: In 2.9, this function's implementation will be changed to use torchaudio.load_with_torchcodec` under the hood. Some parameters like ``normalize``, ``format``, ``buffer_size``, and ``backend`` will be ignored. We recommend that you port your code to rely directly on TorchCodec's decoder instead: https://docs.pytorch.org/torchcodec/stable/generated/torchcodec.decoders.AudioDecoder.html#torchcodec.decoders.AudioDecoder.
  warnings.warn(
/data/breath12/anaconda3/envs/Dist2/lib/python3.9/site-packages/torchaudio/_backend/utils.py:213: UserWarning: In 2.9, this function's implementation will be changed to use torchaudio.load_with_torchcodec` under the hood. Some parameters like ``normalize``, ``format``, ``buffer_size``, and ``backend`` will be ignored. We recommend that you port your code to rely directly on TorchCodec's decoder instead: https://docs.pytorch.org/torchcodec/stable/generated/torchcodec.decoders.AudioDecoder.html#torchcodec.decoders.AudioDecoder.
  warnings.warn(
/data/breath12/anaconda3/envs/Dist2/lib/python3.9/site-packages/torchaudio/_backend/utils.py:213: UserWarning: In 2.9, this function's implementation will be changed to use torchaudio.load_with_torchcodec` under the hood. Some parameters like ``normalize``, ``format``, ``buffer_size``, and ``backend`` will be ignored. We recommend that you port your code to rely directly on TorchCodec's decoder instead: https://docs.pytorch.org/torchcodec/stable/generated/torchcodec.decoders.AudioDecoder.html#torchcodec.decoders.AudioDecoder.
  warnings.warn(
/data/breath12/anaconda3/envs/Dist2/lib/python3.9/site-packages/torchaudio/_backend/utils.py:213: UserWarning: In 2.9, this function's implementation will be changed to use torchaudio.load_with_torchcodec` under the hood. Some parameters like ``normalize``, ``format``, ``buffer_size``, and ``backend`` will be ignored. We recommend that you port your code to rely directly on TorchCodec's decoder instead: https://docs.pytorch.org/torchcodec/stable/generated/torchcodec.decoders.AudioDecoder.html#torchcodec.decoders.AudioDecoder.
  warnings.warn(
Traceback (most recent call last):
  File "/data/breath12/anaconda3/envs/Dist2/lib/python3.9/multiprocessing/util.py", line 300, in _run_finalizers
    finalizer()
  File "/data/breath12/anaconda3/envs/Dist2/lib/python3.9/multiprocessing/util.py", line 224, in __call__
    res = self._callback(*self._args, **self._kwargs)
  File "/data/breath12/anaconda3/envs/Dist2/lib/python3.9/multiprocessing/util.py", line 133, in _remove_temp_dir
    rmtree(tempdir)
  File "/data/breath12/anaconda3/envs/Dist2/lib/python3.9/shutil.py", line 734, in rmtree
    _rmtree_safe_fd(fd, path, onerror)
  File "/data/breath12/anaconda3/envs/Dist2/lib/python3.9/shutil.py", line 690, in _rmtree_safe_fd
    onerror(os.unlink, fullname, sys.exc_info())
  File "/data/breath12/anaconda3/envs/Dist2/lib/python3.9/shutil.py", line 688, in _rmtree_safe_fd
    os.unlink(entry.name, dir_fd=topfd)
OSError: [Errno 16] Device or resource busy: '.nfs0000000018358d5600003d1d'
Traceback (most recent call last):
  File "/data/breath12/anaconda3/envs/Dist2/lib/python3.9/multiprocessing/util.py", line 300, in _run_finalizers
    finalizer()
  File "/data/breath12/anaconda3/envs/Dist2/lib/python3.9/multiprocessing/util.py", line 224, in __call__
    res = self._callback(*self._args, **self._kwargs)
  File "/data/breath12/anaconda3/envs/Dist2/lib/python3.9/multiprocessing/util.py", line 133, in _remove_temp_dir
    rmtree(tempdir)
  File "/data/breath12/anaconda3/envs/Dist2/lib/python3.9/shutil.py", line 734, in rmtree
    _rmtree_safe_fd(fd, path, onerror)
  File "/data/breath12/anaconda3/envs/Dist2/lib/python3.9/shutil.py", line 690, in _rmtree_safe_fd
    onerror(os.unlink, fullname, sys.exc_info())
  File "/data/breath12/anaconda3/envs/Dist2/lib/python3.9/shutil.py", line 688, in _rmtree_safe_fd
    os.unlink(entry.name, dir_fd=topfd)
OSError: [Errno 16] Device or resource busy: '.nfs000000001837082900003d1a'
Traceback (most recent call last):
  File "/data/breath12/anaconda3/envs/Dist2/lib/python3.9/multiprocessing/util.py", line 300, in _run_finalizers
    finalizer()
  File "/data/breath12/anaconda3/envs/Dist2/lib/python3.9/multiprocessing/util.py", line 224, in __call__
    res = self._callback(*self._args, **self._kwargs)
  File "/data/breath12/anaconda3/envs/Dist2/lib/python3.9/multiprocessing/util.py", line 133, in _remove_temp_dir
    rmtree(tempdir)
  File "/data/breath12/anaconda3/envs/Dist2/lib/python3.9/shutil.py", line 734, in rmtree
    _rmtree_safe_fd(fd, path, onerror)
  File "/data/breath12/anaconda3/envs/Dist2/lib/python3.9/shutil.py", line 690, in _rmtree_safe_fd
    onerror(os.unlink, fullname, sys.exc_info())
Traceback (most recent call last):
  File "/data/breath12/anaconda3/envs/Dist2/lib/python3.9/shutil.py", line 688, in _rmtree_safe_fd
    os.unlink(entry.name, dir_fd=topfd)
OSError: [Errno 16] Device or resource busy: '.nfs0000000018388c0d00003d1b'
  File "/data/breath12/anaconda3/envs/Dist2/lib/python3.9/multiprocessing/util.py", line 300, in _run_finalizers
    finalizer()
  File "/data/breath12/anaconda3/envs/Dist2/lib/python3.9/multiprocessing/util.py", line 224, in __call__
    res = self._callback(*self._args, **self._kwargs)
  File "/data/breath12/anaconda3/envs/Dist2/lib/python3.9/multiprocessing/util.py", line 133, in _remove_temp_dir
    rmtree(tempdir)
  File "/data/breath12/anaconda3/envs/Dist2/lib/python3.9/shutil.py", line 734, in rmtree
    _rmtree_safe_fd(fd, path, onerror)
  File "/data/breath12/anaconda3/envs/Dist2/lib/python3.9/shutil.py", line 690, in _rmtree_safe_fd
    onerror(os.unlink, fullname, sys.exc_info())
  File "/data/breath12/anaconda3/envs/Dist2/lib/python3.9/shutil.py", line 688, in _rmtree_safe_fd
    os.unlink(entry.name, dir_fd=topfd)
OSError: [Errno 16] Device or resource busy: '.nfs0000000018390abb00003d1c'
/data/breath12/anaconda3/envs/Dist2/lib/python3.9/site-packages/torchaudio/_backend/utils.py:213: UserWarning: In 2.9, this function's implementation will be changed to use torchaudio.load_with_torchcodec` under the hood. Some parameters like ``normalize``, ``format``, ``buffer_size``, and ``backend`` will be ignored. We recommend that you port your code to rely directly on TorchCodec's decoder instead: https://docs.pytorch.org/torchcodec/stable/generated/torchcodec.decoders.AudioDecoder.html#torchcodec.decoders.AudioDecoder.
  warnings.warn(
/data/breath12/anaconda3/envs/Dist2/lib/python3.9/site-packages/torchaudio/_backend/utils.py:213: UserWarning: In 2.9, this function's implementation will be changed to use torchaudio.load_with_torchcodec` under the hood. Some parameters like ``normalize``, ``format``, ``buffer_size``, and ``backend`` will be ignored. We recommend that you port your code to rely directly on TorchCodec's decoder instead: https://docs.pytorch.org/torchcodec/stable/generated/torchcodec.decoders.AudioDecoder.html#torchcodec.decoders.AudioDecoder.
  warnings.warn(
/data/breath12/anaconda3/envs/Dist2/lib/python3.9/site-packages/torchaudio/_backend/utils.py:213: UserWarning: In 2.9, this function's implementation will be changed to use torchaudio.load_with_torchcodec` under the hood. Some parameters like ``normalize``, ``format``, ``buffer_size``, and ``backend`` will be ignored. We recommend that you port your code to rely directly on TorchCodec's decoder instead: https://docs.pytorch.org/torchcodec/stable/generated/torchcodec.decoders.AudioDecoder.html#torchcodec.decoders.AudioDecoder.
  warnings.warn(
/data/breath12/anaconda3/envs/Dist2/lib/python3.9/site-packages/torchaudio/_backend/utils.py:213: UserWarning: In 2.9, this function's implementation will be changed to use torchaudio.load_with_torchcodec` under the hood. Some parameters like ``normalize``, ``format``, ``buffer_size``, and ``backend`` will be ignored. We recommend that you port your code to rely directly on TorchCodec's decoder instead: https://docs.pytorch.org/torchcodec/stable/generated/torchcodec.decoders.AudioDecoder.html#torchcodec.decoders.AudioDecoder.
  warnings.warn(
Traceback (most recent call last):
  File "/data/breath12/anaconda3/envs/Dist2/lib/python3.9/multiprocessing/util.py", line 300, in _run_finalizers
    finalizer()
Traceback (most recent call last):
  File "/data/breath12/anaconda3/envs/Dist2/lib/python3.9/multiprocessing/util.py", line 224, in __call__
    res = self._callback(*self._args, **self._kwargs)
  File "/data/breath12/anaconda3/envs/Dist2/lib/python3.9/multiprocessing/util.py", line 133, in _remove_temp_dir
    rmtree(tempdir)
  File "/data/breath12/anaconda3/envs/Dist2/lib/python3.9/shutil.py", line 734, in rmtree
    _rmtree_safe_fd(fd, path, onerror)
  File "/data/breath12/anaconda3/envs/Dist2/lib/python3.9/shutil.py", line 690, in _rmtree_safe_fd
    onerror(os.unlink, fullname, sys.exc_info())
  File "/data/breath12/anaconda3/envs/Dist2/lib/python3.9/shutil.py", line 688, in _rmtree_safe_fd
    os.unlink(entry.name, dir_fd=topfd)
Traceback (most recent call last):
OSError: [Errno 16] Device or resource busy: '.nfs00000000183b858c00003d26'
  File "/data/breath12/anaconda3/envs/Dist2/lib/python3.9/multiprocessing/util.py", line 300, in _run_finalizers
    finalizer()
  File "/data/breath12/anaconda3/envs/Dist2/lib/python3.9/multiprocessing/util.py", line 300, in _run_finalizers
    finalizer()
  File "/data/breath12/anaconda3/envs/Dist2/lib/python3.9/multiprocessing/util.py", line 224, in __call__
    res = self._callback(*self._args, **self._kwargs)
  File "/data/breath12/anaconda3/envs/Dist2/lib/python3.9/multiprocessing/util.py", line 224, in __call__
    res = self._callback(*self._args, **self._kwargs)
  File "/data/breath12/anaconda3/envs/Dist2/lib/python3.9/multiprocessing/util.py", line 133, in _remove_temp_dir
    rmtree(tempdir)
  File "/data/breath12/anaconda3/envs/Dist2/lib/python3.9/multiprocessing/util.py", line 133, in _remove_temp_dir
    rmtree(tempdir)
  File "/data/breath12/anaconda3/envs/Dist2/lib/python3.9/shutil.py", line 734, in rmtree
    _rmtree_safe_fd(fd, path, onerror)
  File "/data/breath12/anaconda3/envs/Dist2/lib/python3.9/shutil.py", line 690, in _rmtree_safe_fd
    onerror(os.unlink, fullname, sys.exc_info())
  File "/data/breath12/anaconda3/envs/Dist2/lib/python3.9/shutil.py", line 734, in rmtree
    _rmtree_safe_fd(fd, path, onerror)
  File "/data/breath12/anaconda3/envs/Dist2/lib/python3.9/shutil.py", line 688, in _rmtree_safe_fd
    os.unlink(entry.name, dir_fd=topfd)
  File "/data/breath12/anaconda3/envs/Dist2/lib/python3.9/shutil.py", line 690, in _rmtree_safe_fd
    onerror(os.unlink, fullname, sys.exc_info())
  File "/data/breath12/anaconda3/envs/Dist2/lib/python3.9/shutil.py", line 688, in _rmtree_safe_fd
    os.unlink(entry.name, dir_fd=topfd)
OSError: [Errno 16] Device or resource busy: '.nfs00000000183d08c000003d28'
OSError: [Errno 16] Device or resource busy: '.nfs00000000183c037f00003d27'
Traceback (most recent call last):
  File "/data/breath12/anaconda3/envs/Dist2/lib/python3.9/multiprocessing/util.py", line 300, in _run_finalizers
    finalizer()
  File "/data/breath12/anaconda3/envs/Dist2/lib/python3.9/multiprocessing/util.py", line 224, in __call__
    res = self._callback(*self._args, **self._kwargs)
  File "/data/breath12/anaconda3/envs/Dist2/lib/python3.9/multiprocessing/util.py", line 133, in _remove_temp_dir
    rmtree(tempdir)
  File "/data/breath12/anaconda3/envs/Dist2/lib/python3.9/shutil.py", line 734, in rmtree
    _rmtree_safe_fd(fd, path, onerror)
  File "/data/breath12/anaconda3/envs/Dist2/lib/python3.9/shutil.py", line 690, in _rmtree_safe_fd
    onerror(os.unlink, fullname, sys.exc_info())
  File "/data/breath12/anaconda3/envs/Dist2/lib/python3.9/shutil.py", line 688, in _rmtree_safe_fd
    os.unlink(entry.name, dir_fd=topfd)
OSError: [Errno 16] Device or resource busy: '.nfs00000000183c87b200003d29'
2025-11-15 19:09:12,416 DDP_Script [Rank 3] [INFO] val WER 1.000, CER 1.000, pseudo-acc 0.00%
2025-11-15 19:09:13,460 DDP_Script [Rank 3] [INFO] epoch 5 시작
2025-11-15 19:09:13,463 DDP_Script [Rank 3] [INFO] local_steps=32, global_steps=32
/data/breath12/anaconda3/envs/Dist2/lib/python3.9/site-packages/torchaudio/_backend/utils.py:213: UserWarning: In 2.9, this function's implementation will be changed to use torchaudio.load_with_torchcodec` under the hood. Some parameters like ``normalize``, ``format``, ``buffer_size``, and ``backend`` will be ignored. We recommend that you port your code to rely directly on TorchCodec's decoder instead: https://docs.pytorch.org/torchcodec/stable/generated/torchcodec.decoders.AudioDecoder.html#torchcodec.decoders.AudioDecoder.
  warnings.warn(
/data/breath12/anaconda3/envs/Dist2/lib/python3.9/site-packages/torchaudio/_backend/utils.py:213: UserWarning: In 2.9, this function's implementation will be changed to use torchaudio.load_with_torchcodec` under the hood. Some parameters like ``normalize``, ``format``, ``buffer_size``, and ``backend`` will be ignored. We recommend that you port your code to rely directly on TorchCodec's decoder instead: https://docs.pytorch.org/torchcodec/stable/generated/torchcodec.decoders.AudioDecoder.html#torchcodec.decoders.AudioDecoder.
  warnings.warn(
/data/breath12/anaconda3/envs/Dist2/lib/python3.9/site-packages/torchaudio/_backend/utils.py:213: UserWarning: In 2.9, this function's implementation will be changed to use torchaudio.load_with_torchcodec` under the hood. Some parameters like ``normalize``, ``format``, ``buffer_size``, and ``backend`` will be ignored. We recommend that you port your code to rely directly on TorchCodec's decoder instead: https://docs.pytorch.org/torchcodec/stable/generated/torchcodec.decoders.AudioDecoder.html#torchcodec.decoders.AudioDecoder.
  warnings.warn(
/data/breath12/anaconda3/envs/Dist2/lib/python3.9/site-packages/torchaudio/_backend/utils.py:213: UserWarning: In 2.9, this function's implementation will be changed to use torchaudio.load_with_torchcodec` under the hood. Some parameters like ``normalize``, ``format``, ``buffer_size``, and ``backend`` will be ignored. We recommend that you port your code to rely directly on TorchCodec's decoder instead: https://docs.pytorch.org/torchcodec/stable/generated/torchcodec.decoders.AudioDecoder.html#torchcodec.decoders.AudioDecoder.
  warnings.warn(
Traceback (most recent call last):
Traceback (most recent call last):
  File "/data/breath12/anaconda3/envs/Dist2/lib/python3.9/multiprocessing/util.py", line 300, in _run_finalizers
    finalizer()
  File "/data/breath12/anaconda3/envs/Dist2/lib/python3.9/multiprocessing/util.py", line 300, in _run_finalizers
    finalizer()
  File "/data/breath12/anaconda3/envs/Dist2/lib/python3.9/multiprocessing/util.py", line 224, in __call__
    res = self._callback(*self._args, **self._kwargs)
  File "/data/breath12/anaconda3/envs/Dist2/lib/python3.9/multiprocessing/util.py", line 224, in __call__
    res = self._callback(*self._args, **self._kwargs)
  File "/data/breath12/anaconda3/envs/Dist2/lib/python3.9/multiprocessing/util.py", line 133, in _remove_temp_dir
    rmtree(tempdir)
  File "/data/breath12/anaconda3/envs/Dist2/lib/python3.9/multiprocessing/util.py", line 133, in _remove_temp_dir
    rmtree(tempdir)
  File "/data/breath12/anaconda3/envs/Dist2/lib/python3.9/shutil.py", line 734, in rmtree
    _rmtree_safe_fd(fd, path, onerror)
  File "/data/breath12/anaconda3/envs/Dist2/lib/python3.9/shutil.py", line 734, in rmtree
    _rmtree_safe_fd(fd, path, onerror)
  File "/data/breath12/anaconda3/envs/Dist2/lib/python3.9/shutil.py", line 690, in _rmtree_safe_fd
    onerror(os.unlink, fullname, sys.exc_info())
  File "/data/breath12/anaconda3/envs/Dist2/lib/python3.9/shutil.py", line 690, in _rmtree_safe_fd
    onerror(os.unlink, fullname, sys.exc_info())
  File "/data/breath12/anaconda3/envs/Dist2/lib/python3.9/shutil.py", line 688, in _rmtree_safe_fd
    os.unlink(entry.name, dir_fd=topfd)
  File "/data/breath12/anaconda3/envs/Dist2/lib/python3.9/shutil.py", line 688, in _rmtree_safe_fd
    os.unlink(entry.name, dir_fd=topfd)
OSError: [Errno 16] Device or resource busy: '.nfs00000000183e800800003d32'
OSError: [Errno 16] Device or resource busy: '.nfs00000000183e800300003d34'
Traceback (most recent call last):
  File "/data/breath12/anaconda3/envs/Dist2/lib/python3.9/multiprocessing/util.py", line 300, in _run_finalizers
    finalizer()
  File "/data/breath12/anaconda3/envs/Dist2/lib/python3.9/multiprocessing/util.py", line 224, in __call__
    res = self._callback(*self._args, **self._kwargs)
  File "/data/breath12/anaconda3/envs/Dist2/lib/python3.9/multiprocessing/util.py", line 133, in _remove_temp_dir
    rmtree(tempdir)
  File "/data/breath12/anaconda3/envs/Dist2/lib/python3.9/shutil.py", line 734, in rmtree
    _rmtree_safe_fd(fd, path, onerror)
  File "/data/breath12/anaconda3/envs/Dist2/lib/python3.9/shutil.py", line 690, in _rmtree_safe_fd
    onerror(os.unlink, fullname, sys.exc_info())
  File "/data/breath12/anaconda3/envs/Dist2/lib/python3.9/shutil.py", line 688, in _rmtree_safe_fd
    os.unlink(entry.name, dir_fd=topfd)
OSError: [Errno 16] Device or resource busy: '.nfs00000000183e800b00003d33'
Traceback (most recent call last):
  File "/data/breath12/anaconda3/envs/Dist2/lib/python3.9/multiprocessing/util.py", line 300, in _run_finalizers
    finalizer()
  File "/data/breath12/anaconda3/envs/Dist2/lib/python3.9/multiprocessing/util.py", line 224, in __call__
    res = self._callback(*self._args, **self._kwargs)
  File "/data/breath12/anaconda3/envs/Dist2/lib/python3.9/multiprocessing/util.py", line 133, in _remove_temp_dir
    rmtree(tempdir)
  File "/data/breath12/anaconda3/envs/Dist2/lib/python3.9/shutil.py", line 734, in rmtree
    _rmtree_safe_fd(fd, path, onerror)
  File "/data/breath12/anaconda3/envs/Dist2/lib/python3.9/shutil.py", line 690, in _rmtree_safe_fd
    onerror(os.unlink, fullname, sys.exc_info())
  File "/data/breath12/anaconda3/envs/Dist2/lib/python3.9/shutil.py", line 688, in _rmtree_safe_fd
    os.unlink(entry.name, dir_fd=topfd)
OSError: [Errno 16] Device or resource busy: '.nfs00000000183e800c00003d38'
/data/breath12/anaconda3/envs/Dist2/lib/python3.9/site-packages/torchaudio/_backend/utils.py:213: UserWarning: In 2.9, this function's implementation will be changed to use torchaudio.load_with_torchcodec` under the hood. Some parameters like ``normalize``, ``format``, ``buffer_size``, and ``backend`` will be ignored. We recommend that you port your code to rely directly on TorchCodec's decoder instead: https://docs.pytorch.org/torchcodec/stable/generated/torchcodec.decoders.AudioDecoder.html#torchcodec.decoders.AudioDecoder.
  warnings.warn(
/data/breath12/anaconda3/envs/Dist2/lib/python3.9/site-packages/torchaudio/_backend/utils.py:213: UserWarning: In 2.9, this function's implementation will be changed to use torchaudio.load_with_torchcodec` under the hood. Some parameters like ``normalize``, ``format``, ``buffer_size``, and ``backend`` will be ignored. We recommend that you port your code to rely directly on TorchCodec's decoder instead: https://docs.pytorch.org/torchcodec/stable/generated/torchcodec.decoders.AudioDecoder.html#torchcodec.decoders.AudioDecoder.
  warnings.warn(
/data/breath12/anaconda3/envs/Dist2/lib/python3.9/site-packages/torchaudio/_backend/utils.py:213: UserWarning: In 2.9, this function's implementation will be changed to use torchaudio.load_with_torchcodec` under the hood. Some parameters like ``normalize``, ``format``, ``buffer_size``, and ``backend`` will be ignored. We recommend that you port your code to rely directly on TorchCodec's decoder instead: https://docs.pytorch.org/torchcodec/stable/generated/torchcodec.decoders.AudioDecoder.html#torchcodec.decoders.AudioDecoder.
  warnings.warn(
/data/breath12/anaconda3/envs/Dist2/lib/python3.9/site-packages/torchaudio/_backend/utils.py:213: UserWarning: In 2.9, this function's implementation will be changed to use torchaudio.load_with_torchcodec` under the hood. Some parameters like ``normalize``, ``format``, ``buffer_size``, and ``backend`` will be ignored. We recommend that you port your code to rely directly on TorchCodec's decoder instead: https://docs.pytorch.org/torchcodec/stable/generated/torchcodec.decoders.AudioDecoder.html#torchcodec.decoders.AudioDecoder.
  warnings.warn(
Traceback (most recent call last):
  File "/data/breath12/anaconda3/envs/Dist2/lib/python3.9/multiprocessing/util.py", line 300, in _run_finalizers
    finalizer()
  File "/data/breath12/anaconda3/envs/Dist2/lib/python3.9/multiprocessing/util.py", line 224, in __call__
    res = self._callback(*self._args, **self._kwargs)
  File "/data/breath12/anaconda3/envs/Dist2/lib/python3.9/multiprocessing/util.py", line 133, in _remove_temp_dir
    rmtree(tempdir)
  File "/data/breath12/anaconda3/envs/Dist2/lib/python3.9/shutil.py", line 734, in rmtree
    _rmtree_safe_fd(fd, path, onerror)
  File "/data/breath12/anaconda3/envs/Dist2/lib/python3.9/shutil.py", line 690, in _rmtree_safe_fd
    onerror(os.unlink, fullname, sys.exc_info())
  File "/data/breath12/anaconda3/envs/Dist2/lib/python3.9/shutil.py", line 688, in _rmtree_safe_fd
    os.unlink(entry.name, dir_fd=topfd)
OSError: [Errno 16] Device or resource busy: '.nfs00000000183e801400003d48'
Traceback (most recent call last):
  File "/data/breath12/anaconda3/envs/Dist2/lib/python3.9/multiprocessing/util.py", line 300, in _run_finalizers
    finalizer()
  File "/data/breath12/anaconda3/envs/Dist2/lib/python3.9/multiprocessing/util.py", line 224, in __call__
    res = self._callback(*self._args, **self._kwargs)
  File "/data/breath12/anaconda3/envs/Dist2/lib/python3.9/multiprocessing/util.py", line 133, in _remove_temp_dir
    rmtree(tempdir)
  File "/data/breath12/anaconda3/envs/Dist2/lib/python3.9/shutil.py", line 734, in rmtree
    _rmtree_safe_fd(fd, path, onerror)
  File "/data/breath12/anaconda3/envs/Dist2/lib/python3.9/shutil.py", line 690, in _rmtree_safe_fd
    onerror(os.unlink, fullname, sys.exc_info())
  File "/data/breath12/anaconda3/envs/Dist2/lib/python3.9/shutil.py", line 688, in _rmtree_safe_fd
    os.unlink(entry.name, dir_fd=topfd)
Traceback (most recent call last):
OSError: [Errno 16] Device or resource busy: '.nfs00000000183e801000003d46'
  File "/data/breath12/anaconda3/envs/Dist2/lib/python3.9/multiprocessing/util.py", line 300, in _run_finalizers
    finalizer()
  File "/data/breath12/anaconda3/envs/Dist2/lib/python3.9/multiprocessing/util.py", line 224, in __call__
    res = self._callback(*self._args, **self._kwargs)
  File "/data/breath12/anaconda3/envs/Dist2/lib/python3.9/multiprocessing/util.py", line 133, in _remove_temp_dir
    rmtree(tempdir)
  File "/data/breath12/anaconda3/envs/Dist2/lib/python3.9/shutil.py", line 734, in rmtree
    _rmtree_safe_fd(fd, path, onerror)
  File "/data/breath12/anaconda3/envs/Dist2/lib/python3.9/shutil.py", line 690, in _rmtree_safe_fd
    onerror(os.unlink, fullname, sys.exc_info())
  File "/data/breath12/anaconda3/envs/Dist2/lib/python3.9/shutil.py", line 688, in _rmtree_safe_fd
    os.unlink(entry.name, dir_fd=topfd)
OSError: [Errno 16] Device or resource busy: '.nfs00000000183e801200003d47'
Traceback (most recent call last):
  File "/data/breath12/anaconda3/envs/Dist2/lib/python3.9/multiprocessing/util.py", line 300, in _run_finalizers
    finalizer()
  File "/data/breath12/anaconda3/envs/Dist2/lib/python3.9/multiprocessing/util.py", line 224, in __call__
    res = self._callback(*self._args, **self._kwargs)
  File "/data/breath12/anaconda3/envs/Dist2/lib/python3.9/multiprocessing/util.py", line 133, in _remove_temp_dir
    rmtree(tempdir)
  File "/data/breath12/anaconda3/envs/Dist2/lib/python3.9/shutil.py", line 734, in rmtree
    _rmtree_safe_fd(fd, path, onerror)
  File "/data/breath12/anaconda3/envs/Dist2/lib/python3.9/shutil.py", line 690, in _rmtree_safe_fd
    onerror(os.unlink, fullname, sys.exc_info())
  File "/data/breath12/anaconda3/envs/Dist2/lib/python3.9/shutil.py", line 688, in _rmtree_safe_fd
    os.unlink(entry.name, dir_fd=topfd)
OSError: [Errno 16] Device or resource busy: '.nfs00000000183e801600003d49'
2025-11-15 19:09:21,497 DDP_Script [Rank 3] [INFO] val WER 1.000, CER 1.000, pseudo-acc 0.00%
2025-11-15 19:09:22,462 DDP_Script [Rank 3] [INFO] epoch 6 시작
2025-11-15 19:09:22,465 DDP_Script [Rank 3] [INFO] local_steps=32, global_steps=32
/data/breath12/anaconda3/envs/Dist2/lib/python3.9/site-packages/torchaudio/_backend/utils.py:213: UserWarning: In 2.9, this function's implementation will be changed to use torchaudio.load_with_torchcodec` under the hood. Some parameters like ``normalize``, ``format``, ``buffer_size``, and ``backend`` will be ignored. We recommend that you port your code to rely directly on TorchCodec's decoder instead: https://docs.pytorch.org/torchcodec/stable/generated/torchcodec.decoders.AudioDecoder.html#torchcodec.decoders.AudioDecoder.
  warnings.warn(
/data/breath12/anaconda3/envs/Dist2/lib/python3.9/site-packages/torchaudio/_backend/utils.py:213: UserWarning: In 2.9, this function's implementation will be changed to use torchaudio.load_with_torchcodec` under the hood. Some parameters like ``normalize``, ``format``, ``buffer_size``, and ``backend`` will be ignored. We recommend that you port your code to rely directly on TorchCodec's decoder instead: https://docs.pytorch.org/torchcodec/stable/generated/torchcodec.decoders.AudioDecoder.html#torchcodec.decoders.AudioDecoder.
  warnings.warn(
/data/breath12/anaconda3/envs/Dist2/lib/python3.9/site-packages/torchaudio/_backend/utils.py:213: UserWarning: In 2.9, this function's implementation will be changed to use torchaudio.load_with_torchcodec` under the hood. Some parameters like ``normalize``, ``format``, ``buffer_size``, and ``backend`` will be ignored. We recommend that you port your code to rely directly on TorchCodec's decoder instead: https://docs.pytorch.org/torchcodec/stable/generated/torchcodec.decoders.AudioDecoder.html#torchcodec.decoders.AudioDecoder.
  warnings.warn(
/data/breath12/anaconda3/envs/Dist2/lib/python3.9/site-packages/torchaudio/_backend/utils.py:213: UserWarning: In 2.9, this function's implementation will be changed to use torchaudio.load_with_torchcodec` under the hood. Some parameters like ``normalize``, ``format``, ``buffer_size``, and ``backend`` will be ignored. We recommend that you port your code to rely directly on TorchCodec's decoder instead: https://docs.pytorch.org/torchcodec/stable/generated/torchcodec.decoders.AudioDecoder.html#torchcodec.decoders.AudioDecoder.
  warnings.warn(
Traceback (most recent call last):
  File "/data/breath12/anaconda3/envs/Dist2/lib/python3.9/multiprocessing/util.py", line 300, in _run_finalizers
    finalizer()
  File "/data/breath12/anaconda3/envs/Dist2/lib/python3.9/multiprocessing/util.py", line 224, in __call__
    res = self._callback(*self._args, **self._kwargs)
  File "/data/breath12/anaconda3/envs/Dist2/lib/python3.9/multiprocessing/util.py", line 133, in _remove_temp_dir
    rmtree(tempdir)
  File "/data/breath12/anaconda3/envs/Dist2/lib/python3.9/shutil.py", line 734, in rmtree
    _rmtree_safe_fd(fd, path, onerror)
  File "/data/breath12/anaconda3/envs/Dist2/lib/python3.9/shutil.py", line 690, in _rmtree_safe_fd
    onerror(os.unlink, fullname, sys.exc_info())
  File "/data/breath12/anaconda3/envs/Dist2/lib/python3.9/shutil.py", line 688, in _rmtree_safe_fd
    os.unlink(entry.name, dir_fd=topfd)
OSError: [Errno 16] Device or resource busy: '.nfs00000000183e801800003d5b'
Traceback (most recent call last):
Traceback (most recent call last):
  File "/data/breath12/anaconda3/envs/Dist2/lib/python3.9/multiprocessing/util.py", line 300, in _run_finalizers
    finalizer()
  File "/data/breath12/anaconda3/envs/Dist2/lib/python3.9/multiprocessing/util.py", line 300, in _run_finalizers
    finalizer()
  File "/data/breath12/anaconda3/envs/Dist2/lib/python3.9/multiprocessing/util.py", line 224, in __call__
    res = self._callback(*self._args, **self._kwargs)
  File "/data/breath12/anaconda3/envs/Dist2/lib/python3.9/multiprocessing/util.py", line 224, in __call__
    res = self._callback(*self._args, **self._kwargs)
  File "/data/breath12/anaconda3/envs/Dist2/lib/python3.9/multiprocessing/util.py", line 133, in _remove_temp_dir
    rmtree(tempdir)
  File "/data/breath12/anaconda3/envs/Dist2/lib/python3.9/multiprocessing/util.py", line 133, in _remove_temp_dir
    rmtree(tempdir)
  File "/data/breath12/anaconda3/envs/Dist2/lib/python3.9/shutil.py", line 734, in rmtree
    _rmtree_safe_fd(fd, path, onerror)
  File "/data/breath12/anaconda3/envs/Dist2/lib/python3.9/shutil.py", line 734, in rmtree
    _rmtree_safe_fd(fd, path, onerror)
  File "/data/breath12/anaconda3/envs/Dist2/lib/python3.9/shutil.py", line 690, in _rmtree_safe_fd
    onerror(os.unlink, fullname, sys.exc_info())
  File "/data/breath12/anaconda3/envs/Dist2/lib/python3.9/shutil.py", line 690, in _rmtree_safe_fd
    onerror(os.unlink, fullname, sys.exc_info())
  File "/data/breath12/anaconda3/envs/Dist2/lib/python3.9/shutil.py", line 688, in _rmtree_safe_fd
    os.unlink(entry.name, dir_fd=topfd)
  File "/data/breath12/anaconda3/envs/Dist2/lib/python3.9/shutil.py", line 688, in _rmtree_safe_fd
    os.unlink(entry.name, dir_fd=topfd)
OSError: [Errno 16] Device or resource busy: '.nfs00000000183e801e00003d59'
OSError: [Errno 16] Device or resource busy: '.nfs00000000183e801a00003d5a'
Traceback (most recent call last):
  File "/data/breath12/anaconda3/envs/Dist2/lib/python3.9/multiprocessing/util.py", line 300, in _run_finalizers
    finalizer()
  File "/data/breath12/anaconda3/envs/Dist2/lib/python3.9/multiprocessing/util.py", line 224, in __call__
    res = self._callback(*self._args, **self._kwargs)
  File "/data/breath12/anaconda3/envs/Dist2/lib/python3.9/multiprocessing/util.py", line 133, in _remove_temp_dir
    rmtree(tempdir)
  File "/data/breath12/anaconda3/envs/Dist2/lib/python3.9/shutil.py", line 734, in rmtree
    _rmtree_safe_fd(fd, path, onerror)
  File "/data/breath12/anaconda3/envs/Dist2/lib/python3.9/shutil.py", line 690, in _rmtree_safe_fd
    onerror(os.unlink, fullname, sys.exc_info())
  File "/data/breath12/anaconda3/envs/Dist2/lib/python3.9/shutil.py", line 688, in _rmtree_safe_fd
    os.unlink(entry.name, dir_fd=topfd)
OSError: [Errno 16] Device or resource busy: '.nfs00000000183e801c00003d5d'
/data/breath12/anaconda3/envs/Dist2/lib/python3.9/site-packages/torchaudio/_backend/utils.py:213: UserWarning: In 2.9, this function's implementation will be changed to use torchaudio.load_with_torchcodec` under the hood. Some parameters like ``normalize``, ``format``, ``buffer_size``, and ``backend`` will be ignored. We recommend that you port your code to rely directly on TorchCodec's decoder instead: https://docs.pytorch.org/torchcodec/stable/generated/torchcodec.decoders.AudioDecoder.html#torchcodec.decoders.AudioDecoder.
  warnings.warn(
/data/breath12/anaconda3/envs/Dist2/lib/python3.9/site-packages/torchaudio/_backend/utils.py:213: UserWarning: In 2.9, this function's implementation will be changed to use torchaudio.load_with_torchcodec` under the hood. Some parameters like ``normalize``, ``format``, ``buffer_size``, and ``backend`` will be ignored. We recommend that you port your code to rely directly on TorchCodec's decoder instead: https://docs.pytorch.org/torchcodec/stable/generated/torchcodec.decoders.AudioDecoder.html#torchcodec.decoders.AudioDecoder.
  warnings.warn(
/data/breath12/anaconda3/envs/Dist2/lib/python3.9/site-packages/torchaudio/_backend/utils.py:213: UserWarning: In 2.9, this function's implementation will be changed to use torchaudio.load_with_torchcodec` under the hood. Some parameters like ``normalize``, ``format``, ``buffer_size``, and ``backend`` will be ignored. We recommend that you port your code to rely directly on TorchCodec's decoder instead: https://docs.pytorch.org/torchcodec/stable/generated/torchcodec.decoders.AudioDecoder.html#torchcodec.decoders.AudioDecoder.
  warnings.warn(
/data/breath12/anaconda3/envs/Dist2/lib/python3.9/site-packages/torchaudio/_backend/utils.py:213: UserWarning: In 2.9, this function's implementation will be changed to use torchaudio.load_with_torchcodec` under the hood. Some parameters like ``normalize``, ``format``, ``buffer_size``, and ``backend`` will be ignored. We recommend that you port your code to rely directly on TorchCodec's decoder instead: https://docs.pytorch.org/torchcodec/stable/generated/torchcodec.decoders.AudioDecoder.html#torchcodec.decoders.AudioDecoder.
  warnings.warn(
Traceback (most recent call last):
  File "/data/breath12/anaconda3/envs/Dist2/lib/python3.9/multiprocessing/util.py", line 300, in _run_finalizers
    finalizer()
  File "/data/breath12/anaconda3/envs/Dist2/lib/python3.9/multiprocessing/util.py", line 224, in __call__
    res = self._callback(*self._args, **self._kwargs)
  File "/data/breath12/anaconda3/envs/Dist2/lib/python3.9/multiprocessing/util.py", line 133, in _remove_temp_dir
    rmtree(tempdir)
  File "/data/breath12/anaconda3/envs/Dist2/lib/python3.9/shutil.py", line 734, in rmtree
    _rmtree_safe_fd(fd, path, onerror)
  File "/data/breath12/anaconda3/envs/Dist2/lib/python3.9/shutil.py", line 690, in _rmtree_safe_fd
    onerror(os.unlink, fullname, sys.exc_info())
  File "/data/breath12/anaconda3/envs/Dist2/lib/python3.9/shutil.py", line 688, in _rmtree_safe_fd
    os.unlink(entry.name, dir_fd=topfd)
OSError: [Errno 16] Device or resource busy: '.nfs00000000183e802500003d66'
Traceback (most recent call last):
  File "/data/breath12/anaconda3/envs/Dist2/lib/python3.9/multiprocessing/util.py", line 300, in _run_finalizers
    finalizer()
  File "/data/breath12/anaconda3/envs/Dist2/lib/python3.9/multiprocessing/util.py", line 224, in __call__
    res = self._callback(*self._args, **self._kwargs)
  File "/data/breath12/anaconda3/envs/Dist2/lib/python3.9/multiprocessing/util.py", line 133, in _remove_temp_dir
    rmtree(tempdir)
  File "/data/breath12/anaconda3/envs/Dist2/lib/python3.9/shutil.py", line 734, in rmtree
    _rmtree_safe_fd(fd, path, onerror)
  File "/data/breath12/anaconda3/envs/Dist2/lib/python3.9/shutil.py", line 690, in _rmtree_safe_fd
    onerror(os.unlink, fullname, sys.exc_info())
  File "/data/breath12/anaconda3/envs/Dist2/lib/python3.9/shutil.py", line 688, in _rmtree_safe_fd
    os.unlink(entry.name, dir_fd=topfd)
OSError: [Errno 16] Device or resource busy: '.nfs00000000183e802600003d67'
Traceback (most recent call last):
  File "/data/breath12/anaconda3/envs/Dist2/lib/python3.9/multiprocessing/util.py", line 300, in _run_finalizers
    finalizer()
  File "/data/breath12/anaconda3/envs/Dist2/lib/python3.9/multiprocessing/util.py", line 224, in __call__
    res = self._callback(*self._args, **self._kwargs)
  File "/data/breath12/anaconda3/envs/Dist2/lib/python3.9/multiprocessing/util.py", line 133, in _remove_temp_dir
    rmtree(tempdir)
  File "/data/breath12/anaconda3/envs/Dist2/lib/python3.9/shutil.py", line 734, in rmtree
    _rmtree_safe_fd(fd, path, onerror)
  File "/data/breath12/anaconda3/envs/Dist2/lib/python3.9/shutil.py", line 690, in _rmtree_safe_fd
    onerror(os.unlink, fullname, sys.exc_info())
  File "/data/breath12/anaconda3/envs/Dist2/lib/python3.9/shutil.py", line 688, in _rmtree_safe_fd
    os.unlink(entry.name, dir_fd=topfd)
OSError: [Errno 16] Device or resource busy: '.nfs00000000183e801a00003d69'
Traceback (most recent call last):
  File "/data/breath12/anaconda3/envs/Dist2/lib/python3.9/multiprocessing/util.py", line 300, in _run_finalizers
    finalizer()
  File "/data/breath12/anaconda3/envs/Dist2/lib/python3.9/multiprocessing/util.py", line 224, in __call__
    res = self._callback(*self._args, **self._kwargs)
  File "/data/breath12/anaconda3/envs/Dist2/lib/python3.9/multiprocessing/util.py", line 133, in _remove_temp_dir
    rmtree(tempdir)
  File "/data/breath12/anaconda3/envs/Dist2/lib/python3.9/shutil.py", line 734, in rmtree
    _rmtree_safe_fd(fd, path, onerror)
  File "/data/breath12/anaconda3/envs/Dist2/lib/python3.9/shutil.py", line 690, in _rmtree_safe_fd
    onerror(os.unlink, fullname, sys.exc_info())
  File "/data/breath12/anaconda3/envs/Dist2/lib/python3.9/shutil.py", line 688, in _rmtree_safe_fd
    os.unlink(entry.name, dir_fd=topfd)
OSError: [Errno 16] Device or resource busy: '.nfs00000000183e802200003d68'
2025-11-15 19:09:31,031 DDP_Script [Rank 3] [INFO] val WER 1.000, CER 0.961, pseudo-acc 0.00%
2025-11-15 19:09:32,115 DDP_Script [Rank 3] [INFO] epoch 7 시작
2025-11-15 19:09:32,117 DDP_Script [Rank 3] [INFO] local_steps=32, global_steps=32
/data/breath12/anaconda3/envs/Dist2/lib/python3.9/site-packages/torchaudio/_backend/utils.py:213: UserWarning: In 2.9, this function's implementation will be changed to use torchaudio.load_with_torchcodec` under the hood. Some parameters like ``normalize``, ``format``, ``buffer_size``, and ``backend`` will be ignored. We recommend that you port your code to rely directly on TorchCodec's decoder instead: https://docs.pytorch.org/torchcodec/stable/generated/torchcodec.decoders.AudioDecoder.html#torchcodec.decoders.AudioDecoder.
  warnings.warn(
/data/breath12/anaconda3/envs/Dist2/lib/python3.9/site-packages/torchaudio/_backend/utils.py:213: UserWarning: In 2.9, this function's implementation will be changed to use torchaudio.load_with_torchcodec` under the hood. Some parameters like ``normalize``, ``format``, ``buffer_size``, and ``backend`` will be ignored. We recommend that you port your code to rely directly on TorchCodec's decoder instead: https://docs.pytorch.org/torchcodec/stable/generated/torchcodec.decoders.AudioDecoder.html#torchcodec.decoders.AudioDecoder.
  warnings.warn(
/data/breath12/anaconda3/envs/Dist2/lib/python3.9/site-packages/torchaudio/_backend/utils.py:213: UserWarning: In 2.9, this function's implementation will be changed to use torchaudio.load_with_torchcodec` under the hood. Some parameters like ``normalize``, ``format``, ``buffer_size``, and ``backend`` will be ignored. We recommend that you port your code to rely directly on TorchCodec's decoder instead: https://docs.pytorch.org/torchcodec/stable/generated/torchcodec.decoders.AudioDecoder.html#torchcodec.decoders.AudioDecoder.
  warnings.warn(
/data/breath12/anaconda3/envs/Dist2/lib/python3.9/site-packages/torchaudio/_backend/utils.py:213: UserWarning: In 2.9, this function's implementation will be changed to use torchaudio.load_with_torchcodec` under the hood. Some parameters like ``normalize``, ``format``, ``buffer_size``, and ``backend`` will be ignored. We recommend that you port your code to rely directly on TorchCodec's decoder instead: https://docs.pytorch.org/torchcodec/stable/generated/torchcodec.decoders.AudioDecoder.html#torchcodec.decoders.AudioDecoder.
  warnings.warn(
Traceback (most recent call last):
Traceback (most recent call last):
  File "/data/breath12/anaconda3/envs/Dist2/lib/python3.9/multiprocessing/util.py", line 300, in _run_finalizers
    finalizer()
  File "/data/breath12/anaconda3/envs/Dist2/lib/python3.9/multiprocessing/util.py", line 300, in _run_finalizers
    finalizer()
  File "/data/breath12/anaconda3/envs/Dist2/lib/python3.9/multiprocessing/util.py", line 224, in __call__
    res = self._callback(*self._args, **self._kwargs)
  File "/data/breath12/anaconda3/envs/Dist2/lib/python3.9/multiprocessing/util.py", line 224, in __call__
    res = self._callback(*self._args, **self._kwargs)
  File "/data/breath12/anaconda3/envs/Dist2/lib/python3.9/multiprocessing/util.py", line 133, in _remove_temp_dir
    rmtree(tempdir)
  File "/data/breath12/anaconda3/envs/Dist2/lib/python3.9/multiprocessing/util.py", line 133, in _remove_temp_dir
    rmtree(tempdir)
  File "/data/breath12/anaconda3/envs/Dist2/lib/python3.9/shutil.py", line 734, in rmtree
    _rmtree_safe_fd(fd, path, onerror)
  File "/data/breath12/anaconda3/envs/Dist2/lib/python3.9/shutil.py", line 734, in rmtree
    _rmtree_safe_fd(fd, path, onerror)
  File "/data/breath12/anaconda3/envs/Dist2/lib/python3.9/shutil.py", line 690, in _rmtree_safe_fd
    onerror(os.unlink, fullname, sys.exc_info())
  File "/data/breath12/anaconda3/envs/Dist2/lib/python3.9/shutil.py", line 690, in _rmtree_safe_fd
    onerror(os.unlink, fullname, sys.exc_info())
  File "/data/breath12/anaconda3/envs/Dist2/lib/python3.9/shutil.py", line 688, in _rmtree_safe_fd
    os.unlink(entry.name, dir_fd=topfd)
  File "/data/breath12/anaconda3/envs/Dist2/lib/python3.9/shutil.py", line 688, in _rmtree_safe_fd
    os.unlink(entry.name, dir_fd=topfd)
OSError: [Errno 16] Device or resource busy: '.nfs00000000183e802c00003d6e'
OSError: [Errno 16] Device or resource busy: '.nfs00000000183e802900003d6e'
Traceback (most recent call last):
Traceback (most recent call last):
  File "/data/breath12/anaconda3/envs/Dist2/lib/python3.9/multiprocessing/util.py", line 300, in _run_finalizers
    finalizer()
  File "/data/breath12/anaconda3/envs/Dist2/lib/python3.9/multiprocessing/util.py", line 300, in _run_finalizers
    finalizer()
  File "/data/breath12/anaconda3/envs/Dist2/lib/python3.9/multiprocessing/util.py", line 224, in __call__
    res = self._callback(*self._args, **self._kwargs)
  File "/data/breath12/anaconda3/envs/Dist2/lib/python3.9/multiprocessing/util.py", line 224, in __call__
    res = self._callback(*self._args, **self._kwargs)
  File "/data/breath12/anaconda3/envs/Dist2/lib/python3.9/multiprocessing/util.py", line 133, in _remove_temp_dir
    rmtree(tempdir)
  File "/data/breath12/anaconda3/envs/Dist2/lib/python3.9/multiprocessing/util.py", line 133, in _remove_temp_dir
    rmtree(tempdir)
  File "/data/breath12/anaconda3/envs/Dist2/lib/python3.9/shutil.py", line 734, in rmtree
    _rmtree_safe_fd(fd, path, onerror)
  File "/data/breath12/anaconda3/envs/Dist2/lib/python3.9/shutil.py", line 734, in rmtree
    _rmtree_safe_fd(fd, path, onerror)
  File "/data/breath12/anaconda3/envs/Dist2/lib/python3.9/shutil.py", line 690, in _rmtree_safe_fd
    onerror(os.unlink, fullname, sys.exc_info())
  File "/data/breath12/anaconda3/envs/Dist2/lib/python3.9/shutil.py", line 690, in _rmtree_safe_fd
    onerror(os.unlink, fullname, sys.exc_info())
  File "/data/breath12/anaconda3/envs/Dist2/lib/python3.9/shutil.py", line 688, in _rmtree_safe_fd
    os.unlink(entry.name, dir_fd=topfd)
  File "/data/breath12/anaconda3/envs/Dist2/lib/python3.9/shutil.py", line 688, in _rmtree_safe_fd
    os.unlink(entry.name, dir_fd=topfd)
OSError: [Errno 16] Device or resource busy: '.nfs00000000183e802a00003d74'
OSError: [Errno 16] Device or resource busy: '.nfs00000000183e802e00003d73'
/data/breath12/anaconda3/envs/Dist2/lib/python3.9/site-packages/torchaudio/_backend/utils.py:213: UserWarning: In 2.9, this function's implementation will be changed to use torchaudio.load_with_torchcodec` under the hood. Some parameters like ``normalize``, ``format``, ``buffer_size``, and ``backend`` will be ignored. We recommend that you port your code to rely directly on TorchCodec's decoder instead: https://docs.pytorch.org/torchcodec/stable/generated/torchcodec.decoders.AudioDecoder.html#torchcodec.decoders.AudioDecoder.
  warnings.warn(
/data/breath12/anaconda3/envs/Dist2/lib/python3.9/site-packages/torchaudio/_backend/utils.py:213: UserWarning: In 2.9, this function's implementation will be changed to use torchaudio.load_with_torchcodec` under the hood. Some parameters like ``normalize``, ``format``, ``buffer_size``, and ``backend`` will be ignored. We recommend that you port your code to rely directly on TorchCodec's decoder instead: https://docs.pytorch.org/torchcodec/stable/generated/torchcodec.decoders.AudioDecoder.html#torchcodec.decoders.AudioDecoder.
  warnings.warn(
/data/breath12/anaconda3/envs/Dist2/lib/python3.9/site-packages/torchaudio/_backend/utils.py:213: UserWarning: In 2.9, this function's implementation will be changed to use torchaudio.load_with_torchcodec` under the hood. Some parameters like ``normalize``, ``format``, ``buffer_size``, and ``backend`` will be ignored. We recommend that you port your code to rely directly on TorchCodec's decoder instead: https://docs.pytorch.org/torchcodec/stable/generated/torchcodec.decoders.AudioDecoder.html#torchcodec.decoders.AudioDecoder.
  warnings.warn(
/data/breath12/anaconda3/envs/Dist2/lib/python3.9/site-packages/torchaudio/_backend/utils.py:213: UserWarning: In 2.9, this function's implementation will be changed to use torchaudio.load_with_torchcodec` under the hood. Some parameters like ``normalize``, ``format``, ``buffer_size``, and ``backend`` will be ignored. We recommend that you port your code to rely directly on TorchCodec's decoder instead: https://docs.pytorch.org/torchcodec/stable/generated/torchcodec.decoders.AudioDecoder.html#torchcodec.decoders.AudioDecoder.
  warnings.warn(
Traceback (most recent call last):
  File "/data/breath12/anaconda3/envs/Dist2/lib/python3.9/multiprocessing/util.py", line 300, in _run_finalizers
    finalizer()
  File "/data/breath12/anaconda3/envs/Dist2/lib/python3.9/multiprocessing/util.py", line 224, in __call__
    res = self._callback(*self._args, **self._kwargs)
  File "/data/breath12/anaconda3/envs/Dist2/lib/python3.9/multiprocessing/util.py", line 133, in _remove_temp_dir
    rmtree(tempdir)
  File "/data/breath12/anaconda3/envs/Dist2/lib/python3.9/shutil.py", line 734, in rmtree
    _rmtree_safe_fd(fd, path, onerror)
  File "/data/breath12/anaconda3/envs/Dist2/lib/python3.9/shutil.py", line 690, in _rmtree_safe_fd
    onerror(os.unlink, fullname, sys.exc_info())
  File "/data/breath12/anaconda3/envs/Dist2/lib/python3.9/shutil.py", line 688, in _rmtree_safe_fd
    os.unlink(entry.name, dir_fd=topfd)
OSError: [Errno 16] Device or resource busy: '.nfs00000000183e802600003d86'
Traceback (most recent call last):
  File "/data/breath12/anaconda3/envs/Dist2/lib/python3.9/multiprocessing/util.py", line 300, in _run_finalizers
    finalizer()
  File "/data/breath12/anaconda3/envs/Dist2/lib/python3.9/multiprocessing/util.py", line 224, in __call__
    res = self._callback(*self._args, **self._kwargs)
  File "/data/breath12/anaconda3/envs/Dist2/lib/python3.9/multiprocessing/util.py", line 133, in _remove_temp_dir
    rmtree(tempdir)
  File "/data/breath12/anaconda3/envs/Dist2/lib/python3.9/shutil.py", line 734, in rmtree
    _rmtree_safe_fd(fd, path, onerror)
  File "/data/breath12/anaconda3/envs/Dist2/lib/python3.9/shutil.py", line 690, in _rmtree_safe_fd
    onerror(os.unlink, fullname, sys.exc_info())
  File "/data/breath12/anaconda3/envs/Dist2/lib/python3.9/shutil.py", line 688, in _rmtree_safe_fd
    os.unlink(entry.name, dir_fd=topfd)
OSError: [Errno 16] Device or resource busy: '.nfs00000000183e803400003d85'
Traceback (most recent call last):
  File "/data/breath12/anaconda3/envs/Dist2/lib/python3.9/multiprocessing/util.py", line 300, in _run_finalizers
    finalizer()
  File "/data/breath12/anaconda3/envs/Dist2/lib/python3.9/multiprocessing/util.py", line 224, in __call__
    res = self._callback(*self._args, **self._kwargs)
  File "/data/breath12/anaconda3/envs/Dist2/lib/python3.9/multiprocessing/util.py", line 133, in _remove_temp_dir
    rmtree(tempdir)
  File "/data/breath12/anaconda3/envs/Dist2/lib/python3.9/shutil.py", line 734, in rmtree
    _rmtree_safe_fd(fd, path, onerror)
  File "/data/breath12/anaconda3/envs/Dist2/lib/python3.9/shutil.py", line 690, in _rmtree_safe_fd
    onerror(os.unlink, fullname, sys.exc_info())
  File "/data/breath12/anaconda3/envs/Dist2/lib/python3.9/shutil.py", line 688, in _rmtree_safe_fd
    os.unlink(entry.name, dir_fd=topfd)
OSError: [Errno 16] Device or resource busy: '.nfs00000000183e803600003d87'
Traceback (most recent call last):
  File "/data/breath12/anaconda3/envs/Dist2/lib/python3.9/multiprocessing/util.py", line 300, in _run_finalizers
    finalizer()
  File "/data/breath12/anaconda3/envs/Dist2/lib/python3.9/multiprocessing/util.py", line 224, in __call__
    res = self._callback(*self._args, **self._kwargs)
  File "/data/breath12/anaconda3/envs/Dist2/lib/python3.9/multiprocessing/util.py", line 133, in _remove_temp_dir
    rmtree(tempdir)
  File "/data/breath12/anaconda3/envs/Dist2/lib/python3.9/shutil.py", line 734, in rmtree
    _rmtree_safe_fd(fd, path, onerror)
  File "/data/breath12/anaconda3/envs/Dist2/lib/python3.9/shutil.py", line 690, in _rmtree_safe_fd
    onerror(os.unlink, fullname, sys.exc_info())
  File "/data/breath12/anaconda3/envs/Dist2/lib/python3.9/shutil.py", line 688, in _rmtree_safe_fd
    os.unlink(entry.name, dir_fd=topfd)
OSError: [Errno 16] Device or resource busy: '.nfs00000000183e803300003d88'
2025-11-15 19:09:40,447 DDP_Script [Rank 3] [INFO] val WER 1.000, CER 0.945, pseudo-acc 0.00%
2025-11-15 19:09:41,505 DDP_Script [Rank 3] [INFO] epoch 8 시작
2025-11-15 19:09:41,507 DDP_Script [Rank 3] [INFO] local_steps=32, global_steps=32
/data/breath12/anaconda3/envs/Dist2/lib/python3.9/site-packages/torchaudio/_backend/utils.py:213: UserWarning: In 2.9, this function's implementation will be changed to use torchaudio.load_with_torchcodec` under the hood. Some parameters like ``normalize``, ``format``, ``buffer_size``, and ``backend`` will be ignored. We recommend that you port your code to rely directly on TorchCodec's decoder instead: https://docs.pytorch.org/torchcodec/stable/generated/torchcodec.decoders.AudioDecoder.html#torchcodec.decoders.AudioDecoder.
  warnings.warn(
/data/breath12/anaconda3/envs/Dist2/lib/python3.9/site-packages/torchaudio/_backend/utils.py:213: UserWarning: In 2.9, this function's implementation will be changed to use torchaudio.load_with_torchcodec` under the hood. Some parameters like ``normalize``, ``format``, ``buffer_size``, and ``backend`` will be ignored. We recommend that you port your code to rely directly on TorchCodec's decoder instead: https://docs.pytorch.org/torchcodec/stable/generated/torchcodec.decoders.AudioDecoder.html#torchcodec.decoders.AudioDecoder.
  warnings.warn(
/data/breath12/anaconda3/envs/Dist2/lib/python3.9/site-packages/torchaudio/_backend/utils.py:213: UserWarning: In 2.9, this function's implementation will be changed to use torchaudio.load_with_torchcodec` under the hood. Some parameters like ``normalize``, ``format``, ``buffer_size``, and ``backend`` will be ignored. We recommend that you port your code to rely directly on TorchCodec's decoder instead: https://docs.pytorch.org/torchcodec/stable/generated/torchcodec.decoders.AudioDecoder.html#torchcodec.decoders.AudioDecoder.
  warnings.warn(
/data/breath12/anaconda3/envs/Dist2/lib/python3.9/site-packages/torchaudio/_backend/utils.py:213: UserWarning: In 2.9, this function's implementation will be changed to use torchaudio.load_with_torchcodec` under the hood. Some parameters like ``normalize``, ``format``, ``buffer_size``, and ``backend`` will be ignored. We recommend that you port your code to rely directly on TorchCodec's decoder instead: https://docs.pytorch.org/torchcodec/stable/generated/torchcodec.decoders.AudioDecoder.html#torchcodec.decoders.AudioDecoder.
  warnings.warn(
Traceback (most recent call last):
  File "/data/breath12/anaconda3/envs/Dist2/lib/python3.9/multiprocessing/util.py", line 300, in _run_finalizers
    finalizer()
  File "/data/breath12/anaconda3/envs/Dist2/lib/python3.9/multiprocessing/util.py", line 224, in __call__
    res = self._callback(*self._args, **self._kwargs)
  File "/data/breath12/anaconda3/envs/Dist2/lib/python3.9/multiprocessing/util.py", line 133, in _remove_temp_dir
    rmtree(tempdir)
  File "/data/breath12/anaconda3/envs/Dist2/lib/python3.9/shutil.py", line 734, in rmtree
    _rmtree_safe_fd(fd, path, onerror)
  File "/data/breath12/anaconda3/envs/Dist2/lib/python3.9/shutil.py", line 690, in _rmtree_safe_fd
    onerror(os.unlink, fullname, sys.exc_info())
  File "/data/breath12/anaconda3/envs/Dist2/lib/python3.9/shutil.py", line 688, in _rmtree_safe_fd
    os.unlink(entry.name, dir_fd=topfd)
OSError: [Errno 16] Device or resource busy: '.nfs00000000183e803d00003d94'
Traceback (most recent call last):
  File "/data/breath12/anaconda3/envs/Dist2/lib/python3.9/multiprocessing/util.py", line 300, in _run_finalizers
    finalizer()
  File "/data/breath12/anaconda3/envs/Dist2/lib/python3.9/multiprocessing/util.py", line 224, in __call__
    res = self._callback(*self._args, **self._kwargs)
  File "/data/breath12/anaconda3/envs/Dist2/lib/python3.9/multiprocessing/util.py", line 133, in _remove_temp_dir
    rmtree(tempdir)
  File "/data/breath12/anaconda3/envs/Dist2/lib/python3.9/shutil.py", line 734, in rmtree
    _rmtree_safe_fd(fd, path, onerror)
  File "/data/breath12/anaconda3/envs/Dist2/lib/python3.9/shutil.py", line 690, in _rmtree_safe_fd
    onerror(os.unlink, fullname, sys.exc_info())
  File "/data/breath12/anaconda3/envs/Dist2/lib/python3.9/shutil.py", line 688, in _rmtree_safe_fd
    os.unlink(entry.name, dir_fd=topfd)
OSError: [Errno 16] Device or resource busy: '.nfs00000000183e803e00003d95'
Traceback (most recent call last):
  File "/data/breath12/anaconda3/envs/Dist2/lib/python3.9/multiprocessing/util.py", line 300, in _run_finalizers
    finalizer()
  File "/data/breath12/anaconda3/envs/Dist2/lib/python3.9/multiprocessing/util.py", line 224, in __call__
    res = self._callback(*self._args, **self._kwargs)
  File "/data/breath12/anaconda3/envs/Dist2/lib/python3.9/multiprocessing/util.py", line 133, in _remove_temp_dir
    rmtree(tempdir)
  File "/data/breath12/anaconda3/envs/Dist2/lib/python3.9/shutil.py", line 734, in rmtree
    _rmtree_safe_fd(fd, path, onerror)
  File "/data/breath12/anaconda3/envs/Dist2/lib/python3.9/shutil.py", line 690, in _rmtree_safe_fd
    onerror(os.unlink, fullname, sys.exc_info())
  File "/data/breath12/anaconda3/envs/Dist2/lib/python3.9/shutil.py", line 688, in _rmtree_safe_fd
    os.unlink(entry.name, dir_fd=topfd)
OSError: [Errno 16] Device or resource busy: '.nfs00000000183e803800003d9b'
Traceback (most recent call last):
  File "/data/breath12/anaconda3/envs/Dist2/lib/python3.9/multiprocessing/util.py", line 300, in _run_finalizers
    finalizer()
  File "/data/breath12/anaconda3/envs/Dist2/lib/python3.9/multiprocessing/util.py", line 224, in __call__
    res = self._callback(*self._args, **self._kwargs)
  File "/data/breath12/anaconda3/envs/Dist2/lib/python3.9/multiprocessing/util.py", line 133, in _remove_temp_dir
    rmtree(tempdir)
  File "/data/breath12/anaconda3/envs/Dist2/lib/python3.9/shutil.py", line 734, in rmtree
    _rmtree_safe_fd(fd, path, onerror)
  File "/data/breath12/anaconda3/envs/Dist2/lib/python3.9/shutil.py", line 690, in _rmtree_safe_fd
    onerror(os.unlink, fullname, sys.exc_info())
  File "/data/breath12/anaconda3/envs/Dist2/lib/python3.9/shutil.py", line 688, in _rmtree_safe_fd
    os.unlink(entry.name, dir_fd=topfd)
OSError: [Errno 16] Device or resource busy: '.nfs00000000183e803b00003d9c'
/data/breath12/anaconda3/envs/Dist2/lib/python3.9/site-packages/torchaudio/_backend/utils.py:213: UserWarning: In 2.9, this function's implementation will be changed to use torchaudio.load_with_torchcodec` under the hood. Some parameters like ``normalize``, ``format``, ``buffer_size``, and ``backend`` will be ignored. We recommend that you port your code to rely directly on TorchCodec's decoder instead: https://docs.pytorch.org/torchcodec/stable/generated/torchcodec.decoders.AudioDecoder.html#torchcodec.decoders.AudioDecoder.
  warnings.warn(
/data/breath12/anaconda3/envs/Dist2/lib/python3.9/site-packages/torchaudio/_backend/utils.py:213: UserWarning: In 2.9, this function's implementation will be changed to use torchaudio.load_with_torchcodec` under the hood. Some parameters like ``normalize``, ``format``, ``buffer_size``, and ``backend`` will be ignored. We recommend that you port your code to rely directly on TorchCodec's decoder instead: https://docs.pytorch.org/torchcodec/stable/generated/torchcodec.decoders.AudioDecoder.html#torchcodec.decoders.AudioDecoder.
  warnings.warn(
/data/breath12/anaconda3/envs/Dist2/lib/python3.9/site-packages/torchaudio/_backend/utils.py:213: UserWarning: In 2.9, this function's implementation will be changed to use torchaudio.load_with_torchcodec` under the hood. Some parameters like ``normalize``, ``format``, ``buffer_size``, and ``backend`` will be ignored. We recommend that you port your code to rely directly on TorchCodec's decoder instead: https://docs.pytorch.org/torchcodec/stable/generated/torchcodec.decoders.AudioDecoder.html#torchcodec.decoders.AudioDecoder.
  warnings.warn(
/data/breath12/anaconda3/envs/Dist2/lib/python3.9/site-packages/torchaudio/_backend/utils.py:213: UserWarning: In 2.9, this function's implementation will be changed to use torchaudio.load_with_torchcodec` under the hood. Some parameters like ``normalize``, ``format``, ``buffer_size``, and ``backend`` will be ignored. We recommend that you port your code to rely directly on TorchCodec's decoder instead: https://docs.pytorch.org/torchcodec/stable/generated/torchcodec.decoders.AudioDecoder.html#torchcodec.decoders.AudioDecoder.
  warnings.warn(
Traceback (most recent call last):
  File "/data/breath12/anaconda3/envs/Dist2/lib/python3.9/multiprocessing/util.py", line 300, in _run_finalizers
    finalizer()
  File "/data/breath12/anaconda3/envs/Dist2/lib/python3.9/multiprocessing/util.py", line 224, in __call__
    res = self._callback(*self._args, **self._kwargs)
  File "/data/breath12/anaconda3/envs/Dist2/lib/python3.9/multiprocessing/util.py", line 133, in _remove_temp_dir
    rmtree(tempdir)
  File "/data/breath12/anaconda3/envs/Dist2/lib/python3.9/shutil.py", line 734, in rmtree
    _rmtree_safe_fd(fd, path, onerror)
  File "/data/breath12/anaconda3/envs/Dist2/lib/python3.9/shutil.py", line 690, in _rmtree_safe_fd
    onerror(os.unlink, fullname, sys.exc_info())
  File "/data/breath12/anaconda3/envs/Dist2/lib/python3.9/shutil.py", line 688, in _rmtree_safe_fd
    os.unlink(entry.name, dir_fd=topfd)
OSError: [Errno 16] Device or resource busy: '.nfs00000000183e804000003da5'
Traceback (most recent call last):
  File "/data/breath12/anaconda3/envs/Dist2/lib/python3.9/multiprocessing/util.py", line 300, in _run_finalizers
    finalizer()
  File "/data/breath12/anaconda3/envs/Dist2/lib/python3.9/multiprocessing/util.py", line 224, in __call__
    res = self._callback(*self._args, **self._kwargs)
  File "/data/breath12/anaconda3/envs/Dist2/lib/python3.9/multiprocessing/util.py", line 133, in _remove_temp_dir
    rmtree(tempdir)
  File "/data/breath12/anaconda3/envs/Dist2/lib/python3.9/shutil.py", line 734, in rmtree
    _rmtree_safe_fd(fd, path, onerror)
  File "/data/breath12/anaconda3/envs/Dist2/lib/python3.9/shutil.py", line 690, in _rmtree_safe_fd
    onerror(os.unlink, fullname, sys.exc_info())
  File "/data/breath12/anaconda3/envs/Dist2/lib/python3.9/shutil.py", line 688, in _rmtree_safe_fd
    os.unlink(entry.name, dir_fd=topfd)
OSError: [Errno 16] Device or resource busy: '.nfs00000000183e804600003da7'
Traceback (most recent call last):
  File "/data/breath12/anaconda3/envs/Dist2/lib/python3.9/multiprocessing/util.py", line 300, in _run_finalizers
    finalizer()
  File "/data/breath12/anaconda3/envs/Dist2/lib/python3.9/multiprocessing/util.py", line 224, in __call__
    res = self._callback(*self._args, **self._kwargs)
  File "/data/breath12/anaconda3/envs/Dist2/lib/python3.9/multiprocessing/util.py", line 133, in _remove_temp_dir
    rmtree(tempdir)
  File "/data/breath12/anaconda3/envs/Dist2/lib/python3.9/shutil.py", line 734, in rmtree
    _rmtree_safe_fd(fd, path, onerror)
  File "/data/breath12/anaconda3/envs/Dist2/lib/python3.9/shutil.py", line 690, in _rmtree_safe_fd
    onerror(os.unlink, fullname, sys.exc_info())
  File "/data/breath12/anaconda3/envs/Dist2/lib/python3.9/shutil.py", line 688, in _rmtree_safe_fd
    os.unlink(entry.name, dir_fd=topfd)
OSError: [Errno 16] Device or resource busy: '.nfs00000000183e804400003da8'
Traceback (most recent call last):
  File "/data/breath12/anaconda3/envs/Dist2/lib/python3.9/multiprocessing/util.py", line 300, in _run_finalizers
    finalizer()
  File "/data/breath12/anaconda3/envs/Dist2/lib/python3.9/multiprocessing/util.py", line 224, in __call__
    res = self._callback(*self._args, **self._kwargs)
  File "/data/breath12/anaconda3/envs/Dist2/lib/python3.9/multiprocessing/util.py", line 133, in _remove_temp_dir
    rmtree(tempdir)
  File "/data/breath12/anaconda3/envs/Dist2/lib/python3.9/shutil.py", line 734, in rmtree
    _rmtree_safe_fd(fd, path, onerror)
  File "/data/breath12/anaconda3/envs/Dist2/lib/python3.9/shutil.py", line 690, in _rmtree_safe_fd
    onerror(os.unlink, fullname, sys.exc_info())
  File "/data/breath12/anaconda3/envs/Dist2/lib/python3.9/shutil.py", line 688, in _rmtree_safe_fd
    os.unlink(entry.name, dir_fd=topfd)
OSError: [Errno 16] Device or resource busy: '.nfs00000000183e804200003da6'
2025-11-15 19:09:49,675 DDP_Script [Rank 3] [INFO] val WER 0.973, CER 0.952, pseudo-acc 2.65%
2025-11-15 19:09:50,697 DDP_Script [Rank 3] [INFO] epoch 9 시작
2025-11-15 19:09:50,699 DDP_Script [Rank 3] [INFO] local_steps=32, global_steps=32
/data/breath12/anaconda3/envs/Dist2/lib/python3.9/site-packages/torchaudio/_backend/utils.py:213: UserWarning: In 2.9, this function's implementation will be changed to use torchaudio.load_with_torchcodec` under the hood. Some parameters like ``normalize``, ``format``, ``buffer_size``, and ``backend`` will be ignored. We recommend that you port your code to rely directly on TorchCodec's decoder instead: https://docs.pytorch.org/torchcodec/stable/generated/torchcodec.decoders.AudioDecoder.html#torchcodec.decoders.AudioDecoder.
  warnings.warn(
/data/breath12/anaconda3/envs/Dist2/lib/python3.9/site-packages/torchaudio/_backend/utils.py:213: UserWarning: In 2.9, this function's implementation will be changed to use torchaudio.load_with_torchcodec` under the hood. Some parameters like ``normalize``, ``format``, ``buffer_size``, and ``backend`` will be ignored. We recommend that you port your code to rely directly on TorchCodec's decoder instead: https://docs.pytorch.org/torchcodec/stable/generated/torchcodec.decoders.AudioDecoder.html#torchcodec.decoders.AudioDecoder.
  warnings.warn(
/data/breath12/anaconda3/envs/Dist2/lib/python3.9/site-packages/torchaudio/_backend/utils.py:213: UserWarning: In 2.9, this function's implementation will be changed to use torchaudio.load_with_torchcodec` under the hood. Some parameters like ``normalize``, ``format``, ``buffer_size``, and ``backend`` will be ignored. We recommend that you port your code to rely directly on TorchCodec's decoder instead: https://docs.pytorch.org/torchcodec/stable/generated/torchcodec.decoders.AudioDecoder.html#torchcodec.decoders.AudioDecoder.
  warnings.warn(
/data/breath12/anaconda3/envs/Dist2/lib/python3.9/site-packages/torchaudio/_backend/utils.py:213: UserWarning: In 2.9, this function's implementation will be changed to use torchaudio.load_with_torchcodec` under the hood. Some parameters like ``normalize``, ``format``, ``buffer_size``, and ``backend`` will be ignored. We recommend that you port your code to rely directly on TorchCodec's decoder instead: https://docs.pytorch.org/torchcodec/stable/generated/torchcodec.decoders.AudioDecoder.html#torchcodec.decoders.AudioDecoder.
  warnings.warn(
Traceback (most recent call last):
  File "/data/breath12/anaconda3/envs/Dist2/lib/python3.9/multiprocessing/util.py", line 300, in _run_finalizers
    finalizer()
  File "/data/breath12/anaconda3/envs/Dist2/lib/python3.9/multiprocessing/util.py", line 224, in __call__
    res = self._callback(*self._args, **self._kwargs)
  File "/data/breath12/anaconda3/envs/Dist2/lib/python3.9/multiprocessing/util.py", line 133, in _remove_temp_dir
    rmtree(tempdir)
  File "/data/breath12/anaconda3/envs/Dist2/lib/python3.9/shutil.py", line 734, in rmtree
    _rmtree_safe_fd(fd, path, onerror)
  File "/data/breath12/anaconda3/envs/Dist2/lib/python3.9/shutil.py", line 690, in _rmtree_safe_fd
    onerror(os.unlink, fullname, sys.exc_info())
  File "/data/breath12/anaconda3/envs/Dist2/lib/python3.9/shutil.py", line 688, in _rmtree_safe_fd
    os.unlink(entry.name, dir_fd=topfd)
OSError: [Errno 16] Device or resource busy: '.nfs00000000183e803600003daf'
Traceback (most recent call last):
  File "/data/breath12/anaconda3/envs/Dist2/lib/python3.9/multiprocessing/util.py", line 300, in _run_finalizers
    finalizer()
  File "/data/breath12/anaconda3/envs/Dist2/lib/python3.9/multiprocessing/util.py", line 224, in __call__
    res = self._callback(*self._args, **self._kwargs)
  File "/data/breath12/anaconda3/envs/Dist2/lib/python3.9/multiprocessing/util.py", line 133, in _remove_temp_dir
    rmtree(tempdir)
  File "/data/breath12/anaconda3/envs/Dist2/lib/python3.9/shutil.py", line 734, in rmtree
    _rmtree_safe_fd(fd, path, onerror)
  File "/data/breath12/anaconda3/envs/Dist2/lib/python3.9/shutil.py", line 690, in _rmtree_safe_fd
    onerror(os.unlink, fullname, sys.exc_info())
  File "/data/breath12/anaconda3/envs/Dist2/lib/python3.9/shutil.py", line 688, in _rmtree_safe_fd
    os.unlink(entry.name, dir_fd=topfd)
OSError: [Errno 16] Device or resource busy: '.nfs00000000183e804e00003db7'
Traceback (most recent call last):
  File "/data/breath12/anaconda3/envs/Dist2/lib/python3.9/multiprocessing/util.py", line 300, in _run_finalizers
    finalizer()
  File "/data/breath12/anaconda3/envs/Dist2/lib/python3.9/multiprocessing/util.py", line 224, in __call__
    res = self._callback(*self._args, **self._kwargs)
  File "/data/breath12/anaconda3/envs/Dist2/lib/python3.9/multiprocessing/util.py", line 133, in _remove_temp_dir
    rmtree(tempdir)
  File "/data/breath12/anaconda3/envs/Dist2/lib/python3.9/shutil.py", line 734, in rmtree
    _rmtree_safe_fd(fd, path, onerror)
  File "/data/breath12/anaconda3/envs/Dist2/lib/python3.9/shutil.py", line 690, in _rmtree_safe_fd
    onerror(os.unlink, fullname, sys.exc_info())
  File "/data/breath12/anaconda3/envs/Dist2/lib/python3.9/shutil.py", line 688, in _rmtree_safe_fd
    os.unlink(entry.name, dir_fd=topfd)
OSError: [Errno 16] Device or resource busy: '.nfs00000000183e804a00003db1'
Traceback (most recent call last):
  File "/data/breath12/anaconda3/envs/Dist2/lib/python3.9/multiprocessing/util.py", line 300, in _run_finalizers
    finalizer()
  File "/data/breath12/anaconda3/envs/Dist2/lib/python3.9/multiprocessing/util.py", line 224, in __call__
    res = self._callback(*self._args, **self._kwargs)
  File "/data/breath12/anaconda3/envs/Dist2/lib/python3.9/multiprocessing/util.py", line 133, in _remove_temp_dir
    rmtree(tempdir)
  File "/data/breath12/anaconda3/envs/Dist2/lib/python3.9/shutil.py", line 734, in rmtree
    _rmtree_safe_fd(fd, path, onerror)
  File "/data/breath12/anaconda3/envs/Dist2/lib/python3.9/shutil.py", line 690, in _rmtree_safe_fd
    onerror(os.unlink, fullname, sys.exc_info())
  File "/data/breath12/anaconda3/envs/Dist2/lib/python3.9/shutil.py", line 688, in _rmtree_safe_fd
    os.unlink(entry.name, dir_fd=topfd)
OSError: [Errno 16] Device or resource busy: '.nfs00000000183e804c00003db9'
/data/breath12/anaconda3/envs/Dist2/lib/python3.9/site-packages/torchaudio/_backend/utils.py:213: UserWarning: In 2.9, this function's implementation will be changed to use torchaudio.load_with_torchcodec` under the hood. Some parameters like ``normalize``, ``format``, ``buffer_size``, and ``backend`` will be ignored. We recommend that you port your code to rely directly on TorchCodec's decoder instead: https://docs.pytorch.org/torchcodec/stable/generated/torchcodec.decoders.AudioDecoder.html#torchcodec.decoders.AudioDecoder.
  warnings.warn(
/data/breath12/anaconda3/envs/Dist2/lib/python3.9/site-packages/torchaudio/_backend/utils.py:213: UserWarning: In 2.9, this function's implementation will be changed to use torchaudio.load_with_torchcodec` under the hood. Some parameters like ``normalize``, ``format``, ``buffer_size``, and ``backend`` will be ignored. We recommend that you port your code to rely directly on TorchCodec's decoder instead: https://docs.pytorch.org/torchcodec/stable/generated/torchcodec.decoders.AudioDecoder.html#torchcodec.decoders.AudioDecoder.
  warnings.warn(
/data/breath12/anaconda3/envs/Dist2/lib/python3.9/site-packages/torchaudio/_backend/utils.py:213: UserWarning: In 2.9, this function's implementation will be changed to use torchaudio.load_with_torchcodec` under the hood. Some parameters like ``normalize``, ``format``, ``buffer_size``, and ``backend`` will be ignored. We recommend that you port your code to rely directly on TorchCodec's decoder instead: https://docs.pytorch.org/torchcodec/stable/generated/torchcodec.decoders.AudioDecoder.html#torchcodec.decoders.AudioDecoder.
  warnings.warn(
/data/breath12/anaconda3/envs/Dist2/lib/python3.9/site-packages/torchaudio/_backend/utils.py:213: UserWarning: In 2.9, this function's implementation will be changed to use torchaudio.load_with_torchcodec` under the hood. Some parameters like ``normalize``, ``format``, ``buffer_size``, and ``backend`` will be ignored. We recommend that you port your code to rely directly on TorchCodec's decoder instead: https://docs.pytorch.org/torchcodec/stable/generated/torchcodec.decoders.AudioDecoder.html#torchcodec.decoders.AudioDecoder.
  warnings.warn(
Traceback (most recent call last):
  File "/data/breath12/anaconda3/envs/Dist2/lib/python3.9/multiprocessing/util.py", line 300, in _run_finalizers
    finalizer()
  File "/data/breath12/anaconda3/envs/Dist2/lib/python3.9/multiprocessing/util.py", line 224, in __call__
    res = self._callback(*self._args, **self._kwargs)
  File "/data/breath12/anaconda3/envs/Dist2/lib/python3.9/multiprocessing/util.py", line 133, in _remove_temp_dir
    rmtree(tempdir)
  File "/data/breath12/anaconda3/envs/Dist2/lib/python3.9/shutil.py", line 734, in rmtree
    _rmtree_safe_fd(fd, path, onerror)
  File "/data/breath12/anaconda3/envs/Dist2/lib/python3.9/shutil.py", line 690, in _rmtree_safe_fd
    onerror(os.unlink, fullname, sys.exc_info())
  File "/data/breath12/anaconda3/envs/Dist2/lib/python3.9/shutil.py", line 688, in _rmtree_safe_fd
    os.unlink(entry.name, dir_fd=topfd)
OSError: [Errno 16] Device or resource busy: '.nfs00000000183e805000003dc3'
Traceback (most recent call last):
  File "/data/breath12/anaconda3/envs/Dist2/lib/python3.9/multiprocessing/util.py", line 300, in _run_finalizers
    finalizer()
  File "/data/breath12/anaconda3/envs/Dist2/lib/python3.9/multiprocessing/util.py", line 224, in __call__
    res = self._callback(*self._args, **self._kwargs)
  File "/data/breath12/anaconda3/envs/Dist2/lib/python3.9/multiprocessing/util.py", line 133, in _remove_temp_dir
    rmtree(tempdir)
  File "/data/breath12/anaconda3/envs/Dist2/lib/python3.9/shutil.py", line 734, in rmtree
    _rmtree_safe_fd(fd, path, onerror)
  File "/data/breath12/anaconda3/envs/Dist2/lib/python3.9/shutil.py", line 690, in _rmtree_safe_fd
    onerror(os.unlink, fullname, sys.exc_info())
  File "/data/breath12/anaconda3/envs/Dist2/lib/python3.9/shutil.py", line 688, in _rmtree_safe_fd
    os.unlink(entry.name, dir_fd=topfd)
OSError: [Errno 16] Device or resource busy: '.nfs00000000183e805400003dc4'
Traceback (most recent call last):
Traceback (most recent call last):
  File "/data/breath12/anaconda3/envs/Dist2/lib/python3.9/multiprocessing/util.py", line 300, in _run_finalizers
    finalizer()
  File "/data/breath12/anaconda3/envs/Dist2/lib/python3.9/multiprocessing/util.py", line 300, in _run_finalizers
    finalizer()
  File "/data/breath12/anaconda3/envs/Dist2/lib/python3.9/multiprocessing/util.py", line 224, in __call__
    res = self._callback(*self._args, **self._kwargs)
  File "/data/breath12/anaconda3/envs/Dist2/lib/python3.9/multiprocessing/util.py", line 224, in __call__
    res = self._callback(*self._args, **self._kwargs)
  File "/data/breath12/anaconda3/envs/Dist2/lib/python3.9/multiprocessing/util.py", line 133, in _remove_temp_dir
    rmtree(tempdir)
  File "/data/breath12/anaconda3/envs/Dist2/lib/python3.9/multiprocessing/util.py", line 133, in _remove_temp_dir
    rmtree(tempdir)
  File "/data/breath12/anaconda3/envs/Dist2/lib/python3.9/shutil.py", line 734, in rmtree
    _rmtree_safe_fd(fd, path, onerror)
  File "/data/breath12/anaconda3/envs/Dist2/lib/python3.9/shutil.py", line 734, in rmtree
    _rmtree_safe_fd(fd, path, onerror)
  File "/data/breath12/anaconda3/envs/Dist2/lib/python3.9/shutil.py", line 690, in _rmtree_safe_fd
    onerror(os.unlink, fullname, sys.exc_info())
  File "/data/breath12/anaconda3/envs/Dist2/lib/python3.9/shutil.py", line 690, in _rmtree_safe_fd
    onerror(os.unlink, fullname, sys.exc_info())
  File "/data/breath12/anaconda3/envs/Dist2/lib/python3.9/shutil.py", line 688, in _rmtree_safe_fd
    os.unlink(entry.name, dir_fd=topfd)
  File "/data/breath12/anaconda3/envs/Dist2/lib/python3.9/shutil.py", line 688, in _rmtree_safe_fd
    os.unlink(entry.name, dir_fd=topfd)
OSError: [Errno 16] Device or resource busy: '.nfs00000000183e805600003dc6'
OSError: [Errno 16] Device or resource busy: '.nfs00000000183e805200003dc5'
2025-11-15 19:09:58,826 DDP_Script [Rank 3] [INFO] val WER 0.971, CER 0.949, pseudo-acc 2.92%
2025-11-15 19:09:59,881 DDP_Script [Rank 3] [INFO] epoch 10 시작
2025-11-15 19:09:59,883 DDP_Script [Rank 3] [INFO] local_steps=32, global_steps=32
/data/breath12/anaconda3/envs/Dist2/lib/python3.9/site-packages/torchaudio/_backend/utils.py:213: UserWarning: In 2.9, this function's implementation will be changed to use torchaudio.load_with_torchcodec` under the hood. Some parameters like ``normalize``, ``format``, ``buffer_size``, and ``backend`` will be ignored. We recommend that you port your code to rely directly on TorchCodec's decoder instead: https://docs.pytorch.org/torchcodec/stable/generated/torchcodec.decoders.AudioDecoder.html#torchcodec.decoders.AudioDecoder.
  warnings.warn(
/data/breath12/anaconda3/envs/Dist2/lib/python3.9/site-packages/torchaudio/_backend/utils.py:213: UserWarning: In 2.9, this function's implementation will be changed to use torchaudio.load_with_torchcodec` under the hood. Some parameters like ``normalize``, ``format``, ``buffer_size``, and ``backend`` will be ignored. We recommend that you port your code to rely directly on TorchCodec's decoder instead: https://docs.pytorch.org/torchcodec/stable/generated/torchcodec.decoders.AudioDecoder.html#torchcodec.decoders.AudioDecoder.
  warnings.warn(
/data/breath12/anaconda3/envs/Dist2/lib/python3.9/site-packages/torchaudio/_backend/utils.py:213: UserWarning: In 2.9, this function's implementation will be changed to use torchaudio.load_with_torchcodec` under the hood. Some parameters like ``normalize``, ``format``, ``buffer_size``, and ``backend`` will be ignored. We recommend that you port your code to rely directly on TorchCodec's decoder instead: https://docs.pytorch.org/torchcodec/stable/generated/torchcodec.decoders.AudioDecoder.html#torchcodec.decoders.AudioDecoder.
  warnings.warn(
/data/breath12/anaconda3/envs/Dist2/lib/python3.9/site-packages/torchaudio/_backend/utils.py:213: UserWarning: In 2.9, this function's implementation will be changed to use torchaudio.load_with_torchcodec` under the hood. Some parameters like ``normalize``, ``format``, ``buffer_size``, and ``backend`` will be ignored. We recommend that you port your code to rely directly on TorchCodec's decoder instead: https://docs.pytorch.org/torchcodec/stable/generated/torchcodec.decoders.AudioDecoder.html#torchcodec.decoders.AudioDecoder.
  warnings.warn(
Traceback (most recent call last):
  File "/data/breath12/anaconda3/envs/Dist2/lib/python3.9/multiprocessing/util.py", line 300, in _run_finalizers
    finalizer()
  File "/data/breath12/anaconda3/envs/Dist2/lib/python3.9/multiprocessing/util.py", line 224, in __call__
    res = self._callback(*self._args, **self._kwargs)
  File "/data/breath12/anaconda3/envs/Dist2/lib/python3.9/multiprocessing/util.py", line 133, in _remove_temp_dir
    rmtree(tempdir)
  File "/data/breath12/anaconda3/envs/Dist2/lib/python3.9/shutil.py", line 734, in rmtree
    _rmtree_safe_fd(fd, path, onerror)
  File "/data/breath12/anaconda3/envs/Dist2/lib/python3.9/shutil.py", line 690, in _rmtree_safe_fd
    onerror(os.unlink, fullname, sys.exc_info())
  File "/data/breath12/anaconda3/envs/Dist2/lib/python3.9/shutil.py", line 688, in _rmtree_safe_fd
    os.unlink(entry.name, dir_fd=topfd)
OSError: [Errno 16] Device or resource busy: '.nfs00000000183e805a00003dd7'
Traceback (most recent call last):
  File "/data/breath12/anaconda3/envs/Dist2/lib/python3.9/multiprocessing/util.py", line 300, in _run_finalizers
    finalizer()
  File "/data/breath12/anaconda3/envs/Dist2/lib/python3.9/multiprocessing/util.py", line 224, in __call__
    res = self._callback(*self._args, **self._kwargs)
  File "/data/breath12/anaconda3/envs/Dist2/lib/python3.9/multiprocessing/util.py", line 133, in _remove_temp_dir
    rmtree(tempdir)
  File "/data/breath12/anaconda3/envs/Dist2/lib/python3.9/shutil.py", line 734, in rmtree
    _rmtree_safe_fd(fd, path, onerror)
  File "/data/breath12/anaconda3/envs/Dist2/lib/python3.9/shutil.py", line 690, in _rmtree_safe_fd
    onerror(os.unlink, fullname, sys.exc_info())
  File "/data/breath12/anaconda3/envs/Dist2/lib/python3.9/shutil.py", line 688, in _rmtree_safe_fd
    os.unlink(entry.name, dir_fd=topfd)
OSError: [Errno 16] Device or resource busy: '.nfs00000000183e805e00003dd9'
Traceback (most recent call last):
Traceback (most recent call last):
  File "/data/breath12/anaconda3/envs/Dist2/lib/python3.9/multiprocessing/util.py", line 300, in _run_finalizers
    finalizer()
  File "/data/breath12/anaconda3/envs/Dist2/lib/python3.9/multiprocessing/util.py", line 224, in __call__
    res = self._callback(*self._args, **self._kwargs)
  File "/data/breath12/anaconda3/envs/Dist2/lib/python3.9/multiprocessing/util.py", line 300, in _run_finalizers
    finalizer()
  File "/data/breath12/anaconda3/envs/Dist2/lib/python3.9/multiprocessing/util.py", line 133, in _remove_temp_dir
    rmtree(tempdir)
  File "/data/breath12/anaconda3/envs/Dist2/lib/python3.9/shutil.py", line 734, in rmtree
    _rmtree_safe_fd(fd, path, onerror)
  File "/data/breath12/anaconda3/envs/Dist2/lib/python3.9/multiprocessing/util.py", line 224, in __call__
    res = self._callback(*self._args, **self._kwargs)
  File "/data/breath12/anaconda3/envs/Dist2/lib/python3.9/shutil.py", line 690, in _rmtree_safe_fd
    onerror(os.unlink, fullname, sys.exc_info())
  File "/data/breath12/anaconda3/envs/Dist2/lib/python3.9/multiprocessing/util.py", line 133, in _remove_temp_dir
    rmtree(tempdir)
  File "/data/breath12/anaconda3/envs/Dist2/lib/python3.9/shutil.py", line 688, in _rmtree_safe_fd
    os.unlink(entry.name, dir_fd=topfd)
  File "/data/breath12/anaconda3/envs/Dist2/lib/python3.9/shutil.py", line 734, in rmtree
    _rmtree_safe_fd(fd, path, onerror)
  File "/data/breath12/anaconda3/envs/Dist2/lib/python3.9/shutil.py", line 690, in _rmtree_safe_fd
    onerror(os.unlink, fullname, sys.exc_info())
  File "/data/breath12/anaconda3/envs/Dist2/lib/python3.9/shutil.py", line 688, in _rmtree_safe_fd
    os.unlink(entry.name, dir_fd=topfd)
OSError: [Errno 16] Device or resource busy: '.nfs00000000183e805c00003dd8'
OSError: [Errno 16] Device or resource busy: '.nfs00000000183e805900003dda'
/data/breath12/anaconda3/envs/Dist2/lib/python3.9/site-packages/torchaudio/_backend/utils.py:213: UserWarning: In 2.9, this function's implementation will be changed to use torchaudio.load_with_torchcodec` under the hood. Some parameters like ``normalize``, ``format``, ``buffer_size``, and ``backend`` will be ignored. We recommend that you port your code to rely directly on TorchCodec's decoder instead: https://docs.pytorch.org/torchcodec/stable/generated/torchcodec.decoders.AudioDecoder.html#torchcodec.decoders.AudioDecoder.
  warnings.warn(
/data/breath12/anaconda3/envs/Dist2/lib/python3.9/site-packages/torchaudio/_backend/utils.py:213: UserWarning: In 2.9, this function's implementation will be changed to use torchaudio.load_with_torchcodec` under the hood. Some parameters like ``normalize``, ``format``, ``buffer_size``, and ``backend`` will be ignored. We recommend that you port your code to rely directly on TorchCodec's decoder instead: https://docs.pytorch.org/torchcodec/stable/generated/torchcodec.decoders.AudioDecoder.html#torchcodec.decoders.AudioDecoder.
  warnings.warn(
/data/breath12/anaconda3/envs/Dist2/lib/python3.9/site-packages/torchaudio/_backend/utils.py:213: UserWarning: In 2.9, this function's implementation will be changed to use torchaudio.load_with_torchcodec` under the hood. Some parameters like ``normalize``, ``format``, ``buffer_size``, and ``backend`` will be ignored. We recommend that you port your code to rely directly on TorchCodec's decoder instead: https://docs.pytorch.org/torchcodec/stable/generated/torchcodec.decoders.AudioDecoder.html#torchcodec.decoders.AudioDecoder.
  warnings.warn(
/data/breath12/anaconda3/envs/Dist2/lib/python3.9/site-packages/torchaudio/_backend/utils.py:213: UserWarning: In 2.9, this function's implementation will be changed to use torchaudio.load_with_torchcodec` under the hood. Some parameters like ``normalize``, ``format``, ``buffer_size``, and ``backend`` will be ignored. We recommend that you port your code to rely directly on TorchCodec's decoder instead: https://docs.pytorch.org/torchcodec/stable/generated/torchcodec.decoders.AudioDecoder.html#torchcodec.decoders.AudioDecoder.
  warnings.warn(
Traceback (most recent call last):
  File "/data/breath12/anaconda3/envs/Dist2/lib/python3.9/multiprocessing/util.py", line 300, in _run_finalizers
    finalizer()
  File "/data/breath12/anaconda3/envs/Dist2/lib/python3.9/multiprocessing/util.py", line 224, in __call__
    res = self._callback(*self._args, **self._kwargs)
  File "/data/breath12/anaconda3/envs/Dist2/lib/python3.9/multiprocessing/util.py", line 133, in _remove_temp_dir
    rmtree(tempdir)
  File "/data/breath12/anaconda3/envs/Dist2/lib/python3.9/shutil.py", line 734, in rmtree
    _rmtree_safe_fd(fd, path, onerror)
  File "/data/breath12/anaconda3/envs/Dist2/lib/python3.9/shutil.py", line 690, in _rmtree_safe_fd
    onerror(os.unlink, fullname, sys.exc_info())
  File "/data/breath12/anaconda3/envs/Dist2/lib/python3.9/shutil.py", line 688, in _rmtree_safe_fd
    os.unlink(entry.name, dir_fd=topfd)
OSError: [Errno 16] Device or resource busy: '.nfs00000000183e805200003de3'
Traceback (most recent call last):
  File "/data/breath12/anaconda3/envs/Dist2/lib/python3.9/multiprocessing/util.py", line 300, in _run_finalizers
    finalizer()
  File "/data/breath12/anaconda3/envs/Dist2/lib/python3.9/multiprocessing/util.py", line 224, in __call__
    res = self._callback(*self._args, **self._kwargs)
  File "/data/breath12/anaconda3/envs/Dist2/lib/python3.9/multiprocessing/util.py", line 133, in _remove_temp_dir
    rmtree(tempdir)
  File "/data/breath12/anaconda3/envs/Dist2/lib/python3.9/shutil.py", line 734, in rmtree
    _rmtree_safe_fd(fd, path, onerror)
  File "/data/breath12/anaconda3/envs/Dist2/lib/python3.9/shutil.py", line 690, in _rmtree_safe_fd
    onerror(os.unlink, fullname, sys.exc_info())
  File "/data/breath12/anaconda3/envs/Dist2/lib/python3.9/shutil.py", line 688, in _rmtree_safe_fd
    os.unlink(entry.name, dir_fd=topfd)
OSError: [Errno 16] Device or resource busy: '.nfs00000000183e805a00003de4'
Traceback (most recent call last):
  File "/data/breath12/anaconda3/envs/Dist2/lib/python3.9/multiprocessing/util.py", line 300, in _run_finalizers
    finalizer()
  File "/data/breath12/anaconda3/envs/Dist2/lib/python3.9/multiprocessing/util.py", line 224, in __call__
    res = self._callback(*self._args, **self._kwargs)
  File "/data/breath12/anaconda3/envs/Dist2/lib/python3.9/multiprocessing/util.py", line 133, in _remove_temp_dir
    rmtree(tempdir)
  File "/data/breath12/anaconda3/envs/Dist2/lib/python3.9/shutil.py", line 734, in rmtree
    _rmtree_safe_fd(fd, path, onerror)
  File "/data/breath12/anaconda3/envs/Dist2/lib/python3.9/shutil.py", line 690, in _rmtree_safe_fd
    onerror(os.unlink, fullname, sys.exc_info())
  File "/data/breath12/anaconda3/envs/Dist2/lib/python3.9/shutil.py", line 688, in _rmtree_safe_fd
    os.unlink(entry.name, dir_fd=topfd)
OSError: [Errno 16] Device or resource busy: '.nfs00000000183e806600003de6'
Traceback (most recent call last):
  File "/data/breath12/anaconda3/envs/Dist2/lib/python3.9/multiprocessing/util.py", line 300, in _run_finalizers
    finalizer()
  File "/data/breath12/anaconda3/envs/Dist2/lib/python3.9/multiprocessing/util.py", line 224, in __call__
    res = self._callback(*self._args, **self._kwargs)
  File "/data/breath12/anaconda3/envs/Dist2/lib/python3.9/multiprocessing/util.py", line 133, in _remove_temp_dir
    rmtree(tempdir)
  File "/data/breath12/anaconda3/envs/Dist2/lib/python3.9/shutil.py", line 734, in rmtree
    _rmtree_safe_fd(fd, path, onerror)
  File "/data/breath12/anaconda3/envs/Dist2/lib/python3.9/shutil.py", line 690, in _rmtree_safe_fd
    onerror(os.unlink, fullname, sys.exc_info())
  File "/data/breath12/anaconda3/envs/Dist2/lib/python3.9/shutil.py", line 688, in _rmtree_safe_fd
    os.unlink(entry.name, dir_fd=topfd)
OSError: [Errno 16] Device or resource busy: '.nfs00000000183e806400003de5'
2025-11-15 19:10:07,857 DDP_Script [Rank 3] [INFO] val WER 0.953, CER 0.943, pseudo-acc 4.66%
2025-11-15 19:10:08,791 DDP_Script [Rank 3] [INFO] epoch 11 시작
2025-11-15 19:10:08,794 DDP_Script [Rank 3] [INFO] local_steps=32, global_steps=32
/data/breath12/anaconda3/envs/Dist2/lib/python3.9/site-packages/torchaudio/_backend/utils.py:213: UserWarning: In 2.9, this function's implementation will be changed to use torchaudio.load_with_torchcodec` under the hood. Some parameters like ``normalize``, ``format``, ``buffer_size``, and ``backend`` will be ignored. We recommend that you port your code to rely directly on TorchCodec's decoder instead: https://docs.pytorch.org/torchcodec/stable/generated/torchcodec.decoders.AudioDecoder.html#torchcodec.decoders.AudioDecoder.
  warnings.warn(
/data/breath12/anaconda3/envs/Dist2/lib/python3.9/site-packages/torchaudio/_backend/utils.py:213: UserWarning: In 2.9, this function's implementation will be changed to use torchaudio.load_with_torchcodec` under the hood. Some parameters like ``normalize``, ``format``, ``buffer_size``, and ``backend`` will be ignored. We recommend that you port your code to rely directly on TorchCodec's decoder instead: https://docs.pytorch.org/torchcodec/stable/generated/torchcodec.decoders.AudioDecoder.html#torchcodec.decoders.AudioDecoder.
  warnings.warn(
/data/breath12/anaconda3/envs/Dist2/lib/python3.9/site-packages/torchaudio/_backend/utils.py:213: UserWarning: In 2.9, this function's implementation will be changed to use torchaudio.load_with_torchcodec` under the hood. Some parameters like ``normalize``, ``format``, ``buffer_size``, and ``backend`` will be ignored. We recommend that you port your code to rely directly on TorchCodec's decoder instead: https://docs.pytorch.org/torchcodec/stable/generated/torchcodec.decoders.AudioDecoder.html#torchcodec.decoders.AudioDecoder.
  warnings.warn(
/data/breath12/anaconda3/envs/Dist2/lib/python3.9/site-packages/torchaudio/_backend/utils.py:213: UserWarning: In 2.9, this function's implementation will be changed to use torchaudio.load_with_torchcodec` under the hood. Some parameters like ``normalize``, ``format``, ``buffer_size``, and ``backend`` will be ignored. We recommend that you port your code to rely directly on TorchCodec's decoder instead: https://docs.pytorch.org/torchcodec/stable/generated/torchcodec.decoders.AudioDecoder.html#torchcodec.decoders.AudioDecoder.
  warnings.warn(
Traceback (most recent call last):
Traceback (most recent call last):
  File "/data/breath12/anaconda3/envs/Dist2/lib/python3.9/multiprocessing/util.py", line 300, in _run_finalizers
    finalizer()
  File "/data/breath12/anaconda3/envs/Dist2/lib/python3.9/multiprocessing/util.py", line 224, in __call__
    res = self._callback(*self._args, **self._kwargs)
  File "/data/breath12/anaconda3/envs/Dist2/lib/python3.9/multiprocessing/util.py", line 300, in _run_finalizers
    finalizer()
  File "/data/breath12/anaconda3/envs/Dist2/lib/python3.9/multiprocessing/util.py", line 133, in _remove_temp_dir
    rmtree(tempdir)
  File "/data/breath12/anaconda3/envs/Dist2/lib/python3.9/multiprocessing/util.py", line 224, in __call__
    res = self._callback(*self._args, **self._kwargs)
  File "/data/breath12/anaconda3/envs/Dist2/lib/python3.9/shutil.py", line 734, in rmtree
    _rmtree_safe_fd(fd, path, onerror)
  File "/data/breath12/anaconda3/envs/Dist2/lib/python3.9/multiprocessing/util.py", line 133, in _remove_temp_dir
    rmtree(tempdir)
  File "/data/breath12/anaconda3/envs/Dist2/lib/python3.9/shutil.py", line 690, in _rmtree_safe_fd
    onerror(os.unlink, fullname, sys.exc_info())
  File "/data/breath12/anaconda3/envs/Dist2/lib/python3.9/shutil.py", line 734, in rmtree
    _rmtree_safe_fd(fd, path, onerror)
  File "/data/breath12/anaconda3/envs/Dist2/lib/python3.9/shutil.py", line 688, in _rmtree_safe_fd
    os.unlink(entry.name, dir_fd=topfd)
  File "/data/breath12/anaconda3/envs/Dist2/lib/python3.9/shutil.py", line 690, in _rmtree_safe_fd
    onerror(os.unlink, fullname, sys.exc_info())
  File "/data/breath12/anaconda3/envs/Dist2/lib/python3.9/shutil.py", line 688, in _rmtree_safe_fd
    os.unlink(entry.name, dir_fd=topfd)
OSError: [Errno 16] Device or resource busy: '.nfs00000000183e806b00003df8'
OSError: [Errno 16] Device or resource busy: '.nfs00000000183e806800003df7'
Traceback (most recent call last):
  File "/data/breath12/anaconda3/envs/Dist2/lib/python3.9/multiprocessing/util.py", line 300, in _run_finalizers
    finalizer()
  File "/data/breath12/anaconda3/envs/Dist2/lib/python3.9/multiprocessing/util.py", line 224, in __call__
    res = self._callback(*self._args, **self._kwargs)
  File "/data/breath12/anaconda3/envs/Dist2/lib/python3.9/multiprocessing/util.py", line 133, in _remove_temp_dir
    rmtree(tempdir)
  File "/data/breath12/anaconda3/envs/Dist2/lib/python3.9/shutil.py", line 734, in rmtree
    _rmtree_safe_fd(fd, path, onerror)
  File "/data/breath12/anaconda3/envs/Dist2/lib/python3.9/shutil.py", line 690, in _rmtree_safe_fd
    onerror(os.unlink, fullname, sys.exc_info())
  File "/data/breath12/anaconda3/envs/Dist2/lib/python3.9/shutil.py", line 688, in _rmtree_safe_fd
    os.unlink(entry.name, dir_fd=topfd)
OSError: [Errno 16] Device or resource busy: '.nfs00000000183e806c00003dfa'
Traceback (most recent call last):
  File "/data/breath12/anaconda3/envs/Dist2/lib/python3.9/multiprocessing/util.py", line 300, in _run_finalizers
    finalizer()
  File "/data/breath12/anaconda3/envs/Dist2/lib/python3.9/multiprocessing/util.py", line 224, in __call__
    res = self._callback(*self._args, **self._kwargs)
  File "/data/breath12/anaconda3/envs/Dist2/lib/python3.9/multiprocessing/util.py", line 133, in _remove_temp_dir
    rmtree(tempdir)
  File "/data/breath12/anaconda3/envs/Dist2/lib/python3.9/shutil.py", line 734, in rmtree
    _rmtree_safe_fd(fd, path, onerror)
  File "/data/breath12/anaconda3/envs/Dist2/lib/python3.9/shutil.py", line 690, in _rmtree_safe_fd
    onerror(os.unlink, fullname, sys.exc_info())
  File "/data/breath12/anaconda3/envs/Dist2/lib/python3.9/shutil.py", line 688, in _rmtree_safe_fd
    os.unlink(entry.name, dir_fd=topfd)
OSError: [Errno 16] Device or resource busy: '.nfs00000000183e806e00003df9'
/data/breath12/anaconda3/envs/Dist2/lib/python3.9/site-packages/torchaudio/_backend/utils.py:213: UserWarning: In 2.9, this function's implementation will be changed to use torchaudio.load_with_torchcodec` under the hood. Some parameters like ``normalize``, ``format``, ``buffer_size``, and ``backend`` will be ignored. We recommend that you port your code to rely directly on TorchCodec's decoder instead: https://docs.pytorch.org/torchcodec/stable/generated/torchcodec.decoders.AudioDecoder.html#torchcodec.decoders.AudioDecoder.
  warnings.warn(
/data/breath12/anaconda3/envs/Dist2/lib/python3.9/site-packages/torchaudio/_backend/utils.py:213: UserWarning: In 2.9, this function's implementation will be changed to use torchaudio.load_with_torchcodec` under the hood. Some parameters like ``normalize``, ``format``, ``buffer_size``, and ``backend`` will be ignored. We recommend that you port your code to rely directly on TorchCodec's decoder instead: https://docs.pytorch.org/torchcodec/stable/generated/torchcodec.decoders.AudioDecoder.html#torchcodec.decoders.AudioDecoder.
  warnings.warn(
/data/breath12/anaconda3/envs/Dist2/lib/python3.9/site-packages/torchaudio/_backend/utils.py:213: UserWarning: In 2.9, this function's implementation will be changed to use torchaudio.load_with_torchcodec` under the hood. Some parameters like ``normalize``, ``format``, ``buffer_size``, and ``backend`` will be ignored. We recommend that you port your code to rely directly on TorchCodec's decoder instead: https://docs.pytorch.org/torchcodec/stable/generated/torchcodec.decoders.AudioDecoder.html#torchcodec.decoders.AudioDecoder.
  warnings.warn(
/data/breath12/anaconda3/envs/Dist2/lib/python3.9/site-packages/torchaudio/_backend/utils.py:213: UserWarning: In 2.9, this function's implementation will be changed to use torchaudio.load_with_torchcodec` under the hood. Some parameters like ``normalize``, ``format``, ``buffer_size``, and ``backend`` will be ignored. We recommend that you port your code to rely directly on TorchCodec's decoder instead: https://docs.pytorch.org/torchcodec/stable/generated/torchcodec.decoders.AudioDecoder.html#torchcodec.decoders.AudioDecoder.
  warnings.warn(
Traceback (most recent call last):
  File "/data/breath12/anaconda3/envs/Dist2/lib/python3.9/multiprocessing/util.py", line 300, in _run_finalizers
    finalizer()
  File "/data/breath12/anaconda3/envs/Dist2/lib/python3.9/multiprocessing/util.py", line 224, in __call__
    res = self._callback(*self._args, **self._kwargs)
  File "/data/breath12/anaconda3/envs/Dist2/lib/python3.9/multiprocessing/util.py", line 133, in _remove_temp_dir
    rmtree(tempdir)
  File "/data/breath12/anaconda3/envs/Dist2/lib/python3.9/shutil.py", line 734, in rmtree
    _rmtree_safe_fd(fd, path, onerror)
  File "/data/breath12/anaconda3/envs/Dist2/lib/python3.9/shutil.py", line 690, in _rmtree_safe_fd
    onerror(os.unlink, fullname, sys.exc_info())
  File "/data/breath12/anaconda3/envs/Dist2/lib/python3.9/shutil.py", line 688, in _rmtree_safe_fd
    os.unlink(entry.name, dir_fd=topfd)
OSError: [Errno 16] Device or resource busy: '.nfs00000000183e807600003e07'
Traceback (most recent call last):
  File "/data/breath12/anaconda3/envs/Dist2/lib/python3.9/multiprocessing/util.py", line 300, in _run_finalizers
    finalizer()
  File "/data/breath12/anaconda3/envs/Dist2/lib/python3.9/multiprocessing/util.py", line 224, in __call__
    res = self._callback(*self._args, **self._kwargs)
  File "/data/breath12/anaconda3/envs/Dist2/lib/python3.9/multiprocessing/util.py", line 133, in _remove_temp_dir
    rmtree(tempdir)
  File "/data/breath12/anaconda3/envs/Dist2/lib/python3.9/shutil.py", line 734, in rmtree
    _rmtree_safe_fd(fd, path, onerror)
  File "/data/breath12/anaconda3/envs/Dist2/lib/python3.9/shutil.py", line 690, in _rmtree_safe_fd
    onerror(os.unlink, fullname, sys.exc_info())
  File "/data/breath12/anaconda3/envs/Dist2/lib/python3.9/shutil.py", line 688, in _rmtree_safe_fd
    os.unlink(entry.name, dir_fd=topfd)
OSError: [Errno 16] Device or resource busy: '.nfs00000000183e807400003e04'
Traceback (most recent call last):
  File "/data/breath12/anaconda3/envs/Dist2/lib/python3.9/multiprocessing/util.py", line 300, in _run_finalizers
    finalizer()
  File "/data/breath12/anaconda3/envs/Dist2/lib/python3.9/multiprocessing/util.py", line 224, in __call__
    res = self._callback(*self._args, **self._kwargs)
  File "/data/breath12/anaconda3/envs/Dist2/lib/python3.9/multiprocessing/util.py", line 133, in _remove_temp_dir
    rmtree(tempdir)
  File "/data/breath12/anaconda3/envs/Dist2/lib/python3.9/shutil.py", line 734, in rmtree
    _rmtree_safe_fd(fd, path, onerror)
  File "/data/breath12/anaconda3/envs/Dist2/lib/python3.9/shutil.py", line 690, in _rmtree_safe_fd
    onerror(os.unlink, fullname, sys.exc_info())
  File "/data/breath12/anaconda3/envs/Dist2/lib/python3.9/shutil.py", line 688, in _rmtree_safe_fd
    os.unlink(entry.name, dir_fd=topfd)
OSError: [Errno 16] Device or resource busy: '.nfs00000000183e807200003e09'
Traceback (most recent call last):
  File "/data/breath12/anaconda3/envs/Dist2/lib/python3.9/multiprocessing/util.py", line 300, in _run_finalizers
    finalizer()
  File "/data/breath12/anaconda3/envs/Dist2/lib/python3.9/multiprocessing/util.py", line 224, in __call__
    res = self._callback(*self._args, **self._kwargs)
  File "/data/breath12/anaconda3/envs/Dist2/lib/python3.9/multiprocessing/util.py", line 133, in _remove_temp_dir
    rmtree(tempdir)
  File "/data/breath12/anaconda3/envs/Dist2/lib/python3.9/shutil.py", line 734, in rmtree
    _rmtree_safe_fd(fd, path, onerror)
  File "/data/breath12/anaconda3/envs/Dist2/lib/python3.9/shutil.py", line 690, in _rmtree_safe_fd
    onerror(os.unlink, fullname, sys.exc_info())
  File "/data/breath12/anaconda3/envs/Dist2/lib/python3.9/shutil.py", line 688, in _rmtree_safe_fd
    os.unlink(entry.name, dir_fd=topfd)
OSError: [Errno 16] Device or resource busy: '.nfs00000000183e806600003e0a'
2025-11-15 19:10:16,781 DDP_Script [Rank 3] [INFO] val WER 0.959, CER 0.941, pseudo-acc 4.06%
2025-11-15 19:10:17,831 DDP_Script [Rank 3] [INFO] epoch 12 시작
2025-11-15 19:10:17,833 DDP_Script [Rank 3] [INFO] local_steps=32, global_steps=32
/data/breath12/anaconda3/envs/Dist2/lib/python3.9/site-packages/torchaudio/_backend/utils.py:213: UserWarning: In 2.9, this function's implementation will be changed to use torchaudio.load_with_torchcodec` under the hood. Some parameters like ``normalize``, ``format``, ``buffer_size``, and ``backend`` will be ignored. We recommend that you port your code to rely directly on TorchCodec's decoder instead: https://docs.pytorch.org/torchcodec/stable/generated/torchcodec.decoders.AudioDecoder.html#torchcodec.decoders.AudioDecoder.
  warnings.warn(
/data/breath12/anaconda3/envs/Dist2/lib/python3.9/site-packages/torchaudio/_backend/utils.py:213: UserWarning: In 2.9, this function's implementation will be changed to use torchaudio.load_with_torchcodec` under the hood. Some parameters like ``normalize``, ``format``, ``buffer_size``, and ``backend`` will be ignored. We recommend that you port your code to rely directly on TorchCodec's decoder instead: https://docs.pytorch.org/torchcodec/stable/generated/torchcodec.decoders.AudioDecoder.html#torchcodec.decoders.AudioDecoder.
  warnings.warn(
/data/breath12/anaconda3/envs/Dist2/lib/python3.9/site-packages/torchaudio/_backend/utils.py:213: UserWarning: In 2.9, this function's implementation will be changed to use torchaudio.load_with_torchcodec` under the hood. Some parameters like ``normalize``, ``format``, ``buffer_size``, and ``backend`` will be ignored. We recommend that you port your code to rely directly on TorchCodec's decoder instead: https://docs.pytorch.org/torchcodec/stable/generated/torchcodec.decoders.AudioDecoder.html#torchcodec.decoders.AudioDecoder.
  warnings.warn(
/data/breath12/anaconda3/envs/Dist2/lib/python3.9/site-packages/torchaudio/_backend/utils.py:213: UserWarning: In 2.9, this function's implementation will be changed to use torchaudio.load_with_torchcodec` under the hood. Some parameters like ``normalize``, ``format``, ``buffer_size``, and ``backend`` will be ignored. We recommend that you port your code to rely directly on TorchCodec's decoder instead: https://docs.pytorch.org/torchcodec/stable/generated/torchcodec.decoders.AudioDecoder.html#torchcodec.decoders.AudioDecoder.
  warnings.warn(
Traceback (most recent call last):
Traceback (most recent call last):
Traceback (most recent call last):
  File "/data/breath12/anaconda3/envs/Dist2/lib/python3.9/multiprocessing/util.py", line 300, in _run_finalizers
    finalizer()
  File "/data/breath12/anaconda3/envs/Dist2/lib/python3.9/multiprocessing/util.py", line 224, in __call__
    res = self._callback(*self._args, **self._kwargs)
Traceback (most recent call last):
  File "/data/breath12/anaconda3/envs/Dist2/lib/python3.9/multiprocessing/util.py", line 133, in _remove_temp_dir
    rmtree(tempdir)
  File "/data/breath12/anaconda3/envs/Dist2/lib/python3.9/shutil.py", line 734, in rmtree
    _rmtree_safe_fd(fd, path, onerror)
  File "/data/breath12/anaconda3/envs/Dist2/lib/python3.9/shutil.py", line 690, in _rmtree_safe_fd
    onerror(os.unlink, fullname, sys.exc_info())
  File "/data/breath12/anaconda3/envs/Dist2/lib/python3.9/shutil.py", line 688, in _rmtree_safe_fd
    os.unlink(entry.name, dir_fd=topfd)
  File "/data/breath12/anaconda3/envs/Dist2/lib/python3.9/multiprocessing/util.py", line 300, in _run_finalizers
    finalizer()
  File "/data/breath12/anaconda3/envs/Dist2/lib/python3.9/multiprocessing/util.py", line 300, in _run_finalizers
    finalizer()
  File "/data/breath12/anaconda3/envs/Dist2/lib/python3.9/multiprocessing/util.py", line 224, in __call__
    res = self._callback(*self._args, **self._kwargs)
OSError: [Errno 16] Device or resource busy: '.nfs00000000183e807d00003e12'
  File "/data/breath12/anaconda3/envs/Dist2/lib/python3.9/multiprocessing/util.py", line 224, in __call__
    res = self._callback(*self._args, **self._kwargs)
  File "/data/breath12/anaconda3/envs/Dist2/lib/python3.9/multiprocessing/util.py", line 133, in _remove_temp_dir
    rmtree(tempdir)
  File "/data/breath12/anaconda3/envs/Dist2/lib/python3.9/multiprocessing/util.py", line 300, in _run_finalizers
    finalizer()
  File "/data/breath12/anaconda3/envs/Dist2/lib/python3.9/multiprocessing/util.py", line 133, in _remove_temp_dir
    rmtree(tempdir)
  File "/data/breath12/anaconda3/envs/Dist2/lib/python3.9/shutil.py", line 734, in rmtree
    _rmtree_safe_fd(fd, path, onerror)
  File "/data/breath12/anaconda3/envs/Dist2/lib/python3.9/multiprocessing/util.py", line 224, in __call__
    res = self._callback(*self._args, **self._kwargs)
  File "/data/breath12/anaconda3/envs/Dist2/lib/python3.9/shutil.py", line 734, in rmtree
    _rmtree_safe_fd(fd, path, onerror)
  File "/data/breath12/anaconda3/envs/Dist2/lib/python3.9/shutil.py", line 690, in _rmtree_safe_fd
    onerror(os.unlink, fullname, sys.exc_info())
  File "/data/breath12/anaconda3/envs/Dist2/lib/python3.9/multiprocessing/util.py", line 133, in _remove_temp_dir
    rmtree(tempdir)
  File "/data/breath12/anaconda3/envs/Dist2/lib/python3.9/shutil.py", line 690, in _rmtree_safe_fd
    onerror(os.unlink, fullname, sys.exc_info())
  File "/data/breath12/anaconda3/envs/Dist2/lib/python3.9/shutil.py", line 688, in _rmtree_safe_fd
    os.unlink(entry.name, dir_fd=topfd)
  File "/data/breath12/anaconda3/envs/Dist2/lib/python3.9/shutil.py", line 734, in rmtree
    _rmtree_safe_fd(fd, path, onerror)
  File "/data/breath12/anaconda3/envs/Dist2/lib/python3.9/shutil.py", line 688, in _rmtree_safe_fd
    os.unlink(entry.name, dir_fd=topfd)
  File "/data/breath12/anaconda3/envs/Dist2/lib/python3.9/shutil.py", line 690, in _rmtree_safe_fd
    onerror(os.unlink, fullname, sys.exc_info())
  File "/data/breath12/anaconda3/envs/Dist2/lib/python3.9/shutil.py", line 688, in _rmtree_safe_fd
    os.unlink(entry.name, dir_fd=topfd)
OSError: [Errno 16] Device or resource busy: '.nfs00000000183e807c00003e15'
OSError: [Errno 16] Device or resource busy: '.nfs00000000183e807900003e13'
OSError: [Errno 16] Device or resource busy: '.nfs00000000183e807e00003e11'
/data/breath12/anaconda3/envs/Dist2/lib/python3.9/site-packages/torchaudio/_backend/utils.py:213: UserWarning: In 2.9, this function's implementation will be changed to use torchaudio.load_with_torchcodec` under the hood. Some parameters like ``normalize``, ``format``, ``buffer_size``, and ``backend`` will be ignored. We recommend that you port your code to rely directly on TorchCodec's decoder instead: https://docs.pytorch.org/torchcodec/stable/generated/torchcodec.decoders.AudioDecoder.html#torchcodec.decoders.AudioDecoder.
  warnings.warn(
/data/breath12/anaconda3/envs/Dist2/lib/python3.9/site-packages/torchaudio/_backend/utils.py:213: UserWarning: In 2.9, this function's implementation will be changed to use torchaudio.load_with_torchcodec` under the hood. Some parameters like ``normalize``, ``format``, ``buffer_size``, and ``backend`` will be ignored. We recommend that you port your code to rely directly on TorchCodec's decoder instead: https://docs.pytorch.org/torchcodec/stable/generated/torchcodec.decoders.AudioDecoder.html#torchcodec.decoders.AudioDecoder.
  warnings.warn(
/data/breath12/anaconda3/envs/Dist2/lib/python3.9/site-packages/torchaudio/_backend/utils.py:213: UserWarning: In 2.9, this function's implementation will be changed to use torchaudio.load_with_torchcodec` under the hood. Some parameters like ``normalize``, ``format``, ``buffer_size``, and ``backend`` will be ignored. We recommend that you port your code to rely directly on TorchCodec's decoder instead: https://docs.pytorch.org/torchcodec/stable/generated/torchcodec.decoders.AudioDecoder.html#torchcodec.decoders.AudioDecoder.
  warnings.warn(
/data/breath12/anaconda3/envs/Dist2/lib/python3.9/site-packages/torchaudio/_backend/utils.py:213: UserWarning: In 2.9, this function's implementation will be changed to use torchaudio.load_with_torchcodec` under the hood. Some parameters like ``normalize``, ``format``, ``buffer_size``, and ``backend`` will be ignored. We recommend that you port your code to rely directly on TorchCodec's decoder instead: https://docs.pytorch.org/torchcodec/stable/generated/torchcodec.decoders.AudioDecoder.html#torchcodec.decoders.AudioDecoder.
  warnings.warn(
Traceback (most recent call last):
Traceback (most recent call last):
Traceback (most recent call last):
Traceback (most recent call last):
  File "/data/breath12/anaconda3/envs/Dist2/lib/python3.9/multiprocessing/util.py", line 300, in _run_finalizers
    finalizer()
  File "/data/breath12/anaconda3/envs/Dist2/lib/python3.9/multiprocessing/util.py", line 300, in _run_finalizers
    finalizer()
  File "/data/breath12/anaconda3/envs/Dist2/lib/python3.9/multiprocessing/util.py", line 224, in __call__
    res = self._callback(*self._args, **self._kwargs)
  File "/data/breath12/anaconda3/envs/Dist2/lib/python3.9/multiprocessing/util.py", line 300, in _run_finalizers
    finalizer()
  File "/data/breath12/anaconda3/envs/Dist2/lib/python3.9/multiprocessing/util.py", line 224, in __call__
    res = self._callback(*self._args, **self._kwargs)
  File "/data/breath12/anaconda3/envs/Dist2/lib/python3.9/multiprocessing/util.py", line 133, in _remove_temp_dir
    rmtree(tempdir)
  File "/data/breath12/anaconda3/envs/Dist2/lib/python3.9/multiprocessing/util.py", line 300, in _run_finalizers
    finalizer()
  File "/data/breath12/anaconda3/envs/Dist2/lib/python3.9/multiprocessing/util.py", line 224, in __call__
    res = self._callback(*self._args, **self._kwargs)
  File "/data/breath12/anaconda3/envs/Dist2/lib/python3.9/multiprocessing/util.py", line 133, in _remove_temp_dir
    rmtree(tempdir)
  File "/data/breath12/anaconda3/envs/Dist2/lib/python3.9/shutil.py", line 734, in rmtree
    _rmtree_safe_fd(fd, path, onerror)
  File "/data/breath12/anaconda3/envs/Dist2/lib/python3.9/multiprocessing/util.py", line 224, in __call__
    res = self._callback(*self._args, **self._kwargs)
  File "/data/breath12/anaconda3/envs/Dist2/lib/python3.9/multiprocessing/util.py", line 133, in _remove_temp_dir
    rmtree(tempdir)
  File "/data/breath12/anaconda3/envs/Dist2/lib/python3.9/shutil.py", line 734, in rmtree
    _rmtree_safe_fd(fd, path, onerror)
  File "/data/breath12/anaconda3/envs/Dist2/lib/python3.9/shutil.py", line 690, in _rmtree_safe_fd
    onerror(os.unlink, fullname, sys.exc_info())
  File "/data/breath12/anaconda3/envs/Dist2/lib/python3.9/multiprocessing/util.py", line 133, in _remove_temp_dir
    rmtree(tempdir)
  File "/data/breath12/anaconda3/envs/Dist2/lib/python3.9/shutil.py", line 734, in rmtree
    _rmtree_safe_fd(fd, path, onerror)
  File "/data/breath12/anaconda3/envs/Dist2/lib/python3.9/shutil.py", line 690, in _rmtree_safe_fd
    onerror(os.unlink, fullname, sys.exc_info())
  File "/data/breath12/anaconda3/envs/Dist2/lib/python3.9/shutil.py", line 688, in _rmtree_safe_fd
    os.unlink(entry.name, dir_fd=topfd)
  File "/data/breath12/anaconda3/envs/Dist2/lib/python3.9/shutil.py", line 734, in rmtree
    _rmtree_safe_fd(fd, path, onerror)
  File "/data/breath12/anaconda3/envs/Dist2/lib/python3.9/shutil.py", line 690, in _rmtree_safe_fd
    onerror(os.unlink, fullname, sys.exc_info())
  File "/data/breath12/anaconda3/envs/Dist2/lib/python3.9/shutil.py", line 688, in _rmtree_safe_fd
    os.unlink(entry.name, dir_fd=topfd)
  File "/data/breath12/anaconda3/envs/Dist2/lib/python3.9/shutil.py", line 690, in _rmtree_safe_fd
    onerror(os.unlink, fullname, sys.exc_info())
  File "/data/breath12/anaconda3/envs/Dist2/lib/python3.9/shutil.py", line 688, in _rmtree_safe_fd
    os.unlink(entry.name, dir_fd=topfd)
  File "/data/breath12/anaconda3/envs/Dist2/lib/python3.9/shutil.py", line 688, in _rmtree_safe_fd
    os.unlink(entry.name, dir_fd=topfd)
OSError: [Errno 16] Device or resource busy: '.nfs00000000183e808600003e26'
OSError: [Errno 16] Device or resource busy: '.nfs00000000183e808500003e25'
OSError: [Errno 16] Device or resource busy: '.nfs00000000183e808000003e23'
OSError: [Errno 16] Device or resource busy: '.nfs00000000183e808400003e24'
2025-11-15 19:10:25,676 DDP_Script [Rank 3] [INFO] val WER 0.971, CER 0.880, pseudo-acc 2.93%
2025-11-15 19:10:26,892 DDP_Script [Rank 3] [INFO] epoch 13 시작
2025-11-15 19:10:26,894 DDP_Script [Rank 3] [INFO] local_steps=32, global_steps=32
/data/breath12/anaconda3/envs/Dist2/lib/python3.9/site-packages/torchaudio/_backend/utils.py:213: UserWarning: In 2.9, this function's implementation will be changed to use torchaudio.load_with_torchcodec` under the hood. Some parameters like ``normalize``, ``format``, ``buffer_size``, and ``backend`` will be ignored. We recommend that you port your code to rely directly on TorchCodec's decoder instead: https://docs.pytorch.org/torchcodec/stable/generated/torchcodec.decoders.AudioDecoder.html#torchcodec.decoders.AudioDecoder.
  warnings.warn(
/data/breath12/anaconda3/envs/Dist2/lib/python3.9/site-packages/torchaudio/_backend/utils.py:213: UserWarning: In 2.9, this function's implementation will be changed to use torchaudio.load_with_torchcodec` under the hood. Some parameters like ``normalize``, ``format``, ``buffer_size``, and ``backend`` will be ignored. We recommend that you port your code to rely directly on TorchCodec's decoder instead: https://docs.pytorch.org/torchcodec/stable/generated/torchcodec.decoders.AudioDecoder.html#torchcodec.decoders.AudioDecoder.
  warnings.warn(
/data/breath12/anaconda3/envs/Dist2/lib/python3.9/site-packages/torchaudio/_backend/utils.py:213: UserWarning: In 2.9, this function's implementation will be changed to use torchaudio.load_with_torchcodec` under the hood. Some parameters like ``normalize``, ``format``, ``buffer_size``, and ``backend`` will be ignored. We recommend that you port your code to rely directly on TorchCodec's decoder instead: https://docs.pytorch.org/torchcodec/stable/generated/torchcodec.decoders.AudioDecoder.html#torchcodec.decoders.AudioDecoder.
  warnings.warn(
/data/breath12/anaconda3/envs/Dist2/lib/python3.9/site-packages/torchaudio/_backend/utils.py:213: UserWarning: In 2.9, this function's implementation will be changed to use torchaudio.load_with_torchcodec` under the hood. Some parameters like ``normalize``, ``format``, ``buffer_size``, and ``backend`` will be ignored. We recommend that you port your code to rely directly on TorchCodec's decoder instead: https://docs.pytorch.org/torchcodec/stable/generated/torchcodec.decoders.AudioDecoder.html#torchcodec.decoders.AudioDecoder.
  warnings.warn(
Traceback (most recent call last):
  File "/data/breath12/anaconda3/envs/Dist2/lib/python3.9/multiprocessing/util.py", line 300, in _run_finalizers
    finalizer()
  File "/data/breath12/anaconda3/envs/Dist2/lib/python3.9/multiprocessing/util.py", line 224, in __call__
    res = self._callback(*self._args, **self._kwargs)
  File "/data/breath12/anaconda3/envs/Dist2/lib/python3.9/multiprocessing/util.py", line 133, in _remove_temp_dir
    rmtree(tempdir)
  File "/data/breath12/anaconda3/envs/Dist2/lib/python3.9/shutil.py", line 734, in rmtree
    _rmtree_safe_fd(fd, path, onerror)
  File "/data/breath12/anaconda3/envs/Dist2/lib/python3.9/shutil.py", line 690, in _rmtree_safe_fd
    onerror(os.unlink, fullname, sys.exc_info())
  File "/data/breath12/anaconda3/envs/Dist2/lib/python3.9/shutil.py", line 688, in _rmtree_safe_fd
    os.unlink(entry.name, dir_fd=topfd)
OSError: [Errno 16] Device or resource busy: '.nfs00000000183e808a00003e33'
Traceback (most recent call last):
  File "/data/breath12/anaconda3/envs/Dist2/lib/python3.9/multiprocessing/util.py", line 300, in _run_finalizers
    finalizer()
  File "/data/breath12/anaconda3/envs/Dist2/lib/python3.9/multiprocessing/util.py", line 224, in __call__
    res = self._callback(*self._args, **self._kwargs)
  File "/data/breath12/anaconda3/envs/Dist2/lib/python3.9/multiprocessing/util.py", line 133, in _remove_temp_dir
    rmtree(tempdir)
  File "/data/breath12/anaconda3/envs/Dist2/lib/python3.9/shutil.py", line 734, in rmtree
    _rmtree_safe_fd(fd, path, onerror)
  File "/data/breath12/anaconda3/envs/Dist2/lib/python3.9/shutil.py", line 690, in _rmtree_safe_fd
    onerror(os.unlink, fullname, sys.exc_info())
  File "/data/breath12/anaconda3/envs/Dist2/lib/python3.9/shutil.py", line 688, in _rmtree_safe_fd
    os.unlink(entry.name, dir_fd=topfd)
OSError: [Errno 16] Device or resource busy: '.nfs00000000183e808e00003e34'
Traceback (most recent call last):
  File "/data/breath12/anaconda3/envs/Dist2/lib/python3.9/multiprocessing/util.py", line 300, in _run_finalizers
    finalizer()
  File "/data/breath12/anaconda3/envs/Dist2/lib/python3.9/multiprocessing/util.py", line 224, in __call__
    res = self._callback(*self._args, **self._kwargs)
  File "/data/breath12/anaconda3/envs/Dist2/lib/python3.9/multiprocessing/util.py", line 133, in _remove_temp_dir
    rmtree(tempdir)
  File "/data/breath12/anaconda3/envs/Dist2/lib/python3.9/shutil.py", line 734, in rmtree
    _rmtree_safe_fd(fd, path, onerror)
  File "/data/breath12/anaconda3/envs/Dist2/lib/python3.9/shutil.py", line 690, in _rmtree_safe_fd
    onerror(os.unlink, fullname, sys.exc_info())
  File "/data/breath12/anaconda3/envs/Dist2/lib/python3.9/shutil.py", line 688, in _rmtree_safe_fd
    os.unlink(entry.name, dir_fd=topfd)
OSError: [Errno 16] Device or resource busy: '.nfs00000000183e808900003e35'
Traceback (most recent call last):
  File "/data/breath12/anaconda3/envs/Dist2/lib/python3.9/multiprocessing/util.py", line 300, in _run_finalizers
    finalizer()
  File "/data/breath12/anaconda3/envs/Dist2/lib/python3.9/multiprocessing/util.py", line 224, in __call__
    res = self._callback(*self._args, **self._kwargs)
  File "/data/breath12/anaconda3/envs/Dist2/lib/python3.9/multiprocessing/util.py", line 133, in _remove_temp_dir
    rmtree(tempdir)
  File "/data/breath12/anaconda3/envs/Dist2/lib/python3.9/shutil.py", line 734, in rmtree
    _rmtree_safe_fd(fd, path, onerror)
  File "/data/breath12/anaconda3/envs/Dist2/lib/python3.9/shutil.py", line 690, in _rmtree_safe_fd
    onerror(os.unlink, fullname, sys.exc_info())
  File "/data/breath12/anaconda3/envs/Dist2/lib/python3.9/shutil.py", line 688, in _rmtree_safe_fd
    os.unlink(entry.name, dir_fd=topfd)
OSError: [Errno 16] Device or resource busy: '.nfs00000000183e808c00003e36'
/data/breath12/anaconda3/envs/Dist2/lib/python3.9/site-packages/torchaudio/_backend/utils.py:213: UserWarning: In 2.9, this function's implementation will be changed to use torchaudio.load_with_torchcodec` under the hood. Some parameters like ``normalize``, ``format``, ``buffer_size``, and ``backend`` will be ignored. We recommend that you port your code to rely directly on TorchCodec's decoder instead: https://docs.pytorch.org/torchcodec/stable/generated/torchcodec.decoders.AudioDecoder.html#torchcodec.decoders.AudioDecoder.
  warnings.warn(
/data/breath12/anaconda3/envs/Dist2/lib/python3.9/site-packages/torchaudio/_backend/utils.py:213: UserWarning: In 2.9, this function's implementation will be changed to use torchaudio.load_with_torchcodec` under the hood. Some parameters like ``normalize``, ``format``, ``buffer_size``, and ``backend`` will be ignored. We recommend that you port your code to rely directly on TorchCodec's decoder instead: https://docs.pytorch.org/torchcodec/stable/generated/torchcodec.decoders.AudioDecoder.html#torchcodec.decoders.AudioDecoder.
  warnings.warn(
/data/breath12/anaconda3/envs/Dist2/lib/python3.9/site-packages/torchaudio/_backend/utils.py:213: UserWarning: In 2.9, this function's implementation will be changed to use torchaudio.load_with_torchcodec` under the hood. Some parameters like ``normalize``, ``format``, ``buffer_size``, and ``backend`` will be ignored. We recommend that you port your code to rely directly on TorchCodec's decoder instead: https://docs.pytorch.org/torchcodec/stable/generated/torchcodec.decoders.AudioDecoder.html#torchcodec.decoders.AudioDecoder.
  warnings.warn(
/data/breath12/anaconda3/envs/Dist2/lib/python3.9/site-packages/torchaudio/_backend/utils.py:213: UserWarning: In 2.9, this function's implementation will be changed to use torchaudio.load_with_torchcodec` under the hood. Some parameters like ``normalize``, ``format``, ``buffer_size``, and ``backend`` will be ignored. We recommend that you port your code to rely directly on TorchCodec's decoder instead: https://docs.pytorch.org/torchcodec/stable/generated/torchcodec.decoders.AudioDecoder.html#torchcodec.decoders.AudioDecoder.
  warnings.warn(
Traceback (most recent call last):
Traceback (most recent call last):
Traceback (most recent call last):
  File "/data/breath12/anaconda3/envs/Dist2/lib/python3.9/multiprocessing/util.py", line 300, in _run_finalizers
    finalizer()
  File "/data/breath12/anaconda3/envs/Dist2/lib/python3.9/multiprocessing/util.py", line 224, in __call__
    res = self._callback(*self._args, **self._kwargs)
  File "/data/breath12/anaconda3/envs/Dist2/lib/python3.9/multiprocessing/util.py", line 300, in _run_finalizers
    finalizer()
  File "/data/breath12/anaconda3/envs/Dist2/lib/python3.9/multiprocessing/util.py", line 133, in _remove_temp_dir
    rmtree(tempdir)
  File "/data/breath12/anaconda3/envs/Dist2/lib/python3.9/multiprocessing/util.py", line 300, in _run_finalizers
    finalizer()
  File "/data/breath12/anaconda3/envs/Dist2/lib/python3.9/multiprocessing/util.py", line 224, in __call__
    res = self._callback(*self._args, **self._kwargs)
  File "/data/breath12/anaconda3/envs/Dist2/lib/python3.9/shutil.py", line 734, in rmtree
    _rmtree_safe_fd(fd, path, onerror)
  File "/data/breath12/anaconda3/envs/Dist2/lib/python3.9/multiprocessing/util.py", line 224, in __call__
    res = self._callback(*self._args, **self._kwargs)
  File "/data/breath12/anaconda3/envs/Dist2/lib/python3.9/multiprocessing/util.py", line 133, in _remove_temp_dir
    rmtree(tempdir)
  File "/data/breath12/anaconda3/envs/Dist2/lib/python3.9/shutil.py", line 690, in _rmtree_safe_fd
    onerror(os.unlink, fullname, sys.exc_info())
  File "/data/breath12/anaconda3/envs/Dist2/lib/python3.9/multiprocessing/util.py", line 133, in _remove_temp_dir
    rmtree(tempdir)
  File "/data/breath12/anaconda3/envs/Dist2/lib/python3.9/shutil.py", line 734, in rmtree
    _rmtree_safe_fd(fd, path, onerror)
  File "/data/breath12/anaconda3/envs/Dist2/lib/python3.9/shutil.py", line 688, in _rmtree_safe_fd
    os.unlink(entry.name, dir_fd=topfd)
  File "/data/breath12/anaconda3/envs/Dist2/lib/python3.9/shutil.py", line 734, in rmtree
    _rmtree_safe_fd(fd, path, onerror)
  File "/data/breath12/anaconda3/envs/Dist2/lib/python3.9/shutil.py", line 690, in _rmtree_safe_fd
    onerror(os.unlink, fullname, sys.exc_info())
  File "/data/breath12/anaconda3/envs/Dist2/lib/python3.9/shutil.py", line 690, in _rmtree_safe_fd
    onerror(os.unlink, fullname, sys.exc_info())
  File "/data/breath12/anaconda3/envs/Dist2/lib/python3.9/shutil.py", line 688, in _rmtree_safe_fd
    os.unlink(entry.name, dir_fd=topfd)
  File "/data/breath12/anaconda3/envs/Dist2/lib/python3.9/shutil.py", line 688, in _rmtree_safe_fd
    os.unlink(entry.name, dir_fd=topfd)
OSError: [Errno 16] Device or resource busy: '.nfs00000000183e809600003e44'
OSError: [Errno 16] Device or resource busy: '.nfs00000000183e809200003e45'
OSError: [Errno 16] Device or resource busy: '.nfs00000000183e809400003e43'
Traceback (most recent call last):
  File "/data/breath12/anaconda3/envs/Dist2/lib/python3.9/multiprocessing/util.py", line 300, in _run_finalizers
    finalizer()
  File "/data/breath12/anaconda3/envs/Dist2/lib/python3.9/multiprocessing/util.py", line 224, in __call__
    res = self._callback(*self._args, **self._kwargs)
  File "/data/breath12/anaconda3/envs/Dist2/lib/python3.9/multiprocessing/util.py", line 133, in _remove_temp_dir
    rmtree(tempdir)
  File "/data/breath12/anaconda3/envs/Dist2/lib/python3.9/shutil.py", line 734, in rmtree
    _rmtree_safe_fd(fd, path, onerror)
  File "/data/breath12/anaconda3/envs/Dist2/lib/python3.9/shutil.py", line 690, in _rmtree_safe_fd
    onerror(os.unlink, fullname, sys.exc_info())
  File "/data/breath12/anaconda3/envs/Dist2/lib/python3.9/shutil.py", line 688, in _rmtree_safe_fd
    os.unlink(entry.name, dir_fd=topfd)
OSError: [Errno 16] Device or resource busy: '.nfs00000000183e809100003e46'
2025-11-15 19:10:34,838 DDP_Script [Rank 3] [INFO] val WER 0.973, CER 0.706, pseudo-acc 2.66%
2025-11-15 19:10:36,897 DDP_Script [Rank 3] [INFO] epoch 14 시작
2025-11-15 19:10:36,899 DDP_Script [Rank 3] [INFO] local_steps=32, global_steps=32
/data/breath12/anaconda3/envs/Dist2/lib/python3.9/site-packages/torchaudio/_backend/utils.py:213: UserWarning: In 2.9, this function's implementation will be changed to use torchaudio.load_with_torchcodec` under the hood. Some parameters like ``normalize``, ``format``, ``buffer_size``, and ``backend`` will be ignored. We recommend that you port your code to rely directly on TorchCodec's decoder instead: https://docs.pytorch.org/torchcodec/stable/generated/torchcodec.decoders.AudioDecoder.html#torchcodec.decoders.AudioDecoder.
  warnings.warn(
/data/breath12/anaconda3/envs/Dist2/lib/python3.9/site-packages/torchaudio/_backend/utils.py:213: UserWarning: In 2.9, this function's implementation will be changed to use torchaudio.load_with_torchcodec` under the hood. Some parameters like ``normalize``, ``format``, ``buffer_size``, and ``backend`` will be ignored. We recommend that you port your code to rely directly on TorchCodec's decoder instead: https://docs.pytorch.org/torchcodec/stable/generated/torchcodec.decoders.AudioDecoder.html#torchcodec.decoders.AudioDecoder.
  warnings.warn(
/data/breath12/anaconda3/envs/Dist2/lib/python3.9/site-packages/torchaudio/_backend/utils.py:213: UserWarning: In 2.9, this function's implementation will be changed to use torchaudio.load_with_torchcodec` under the hood. Some parameters like ``normalize``, ``format``, ``buffer_size``, and ``backend`` will be ignored. We recommend that you port your code to rely directly on TorchCodec's decoder instead: https://docs.pytorch.org/torchcodec/stable/generated/torchcodec.decoders.AudioDecoder.html#torchcodec.decoders.AudioDecoder.
  warnings.warn(
/data/breath12/anaconda3/envs/Dist2/lib/python3.9/site-packages/torchaudio/_backend/utils.py:213: UserWarning: In 2.9, this function's implementation will be changed to use torchaudio.load_with_torchcodec` under the hood. Some parameters like ``normalize``, ``format``, ``buffer_size``, and ``backend`` will be ignored. We recommend that you port your code to rely directly on TorchCodec's decoder instead: https://docs.pytorch.org/torchcodec/stable/generated/torchcodec.decoders.AudioDecoder.html#torchcodec.decoders.AudioDecoder.
  warnings.warn(
Traceback (most recent call last):
Traceback (most recent call last):
  File "/data/breath12/anaconda3/envs/Dist2/lib/python3.9/multiprocessing/util.py", line 300, in _run_finalizers
    finalizer()
  File "/data/breath12/anaconda3/envs/Dist2/lib/python3.9/multiprocessing/util.py", line 224, in __call__
    res = self._callback(*self._args, **self._kwargs)
  File "/data/breath12/anaconda3/envs/Dist2/lib/python3.9/multiprocessing/util.py", line 133, in _remove_temp_dir
    rmtree(tempdir)
  File "/data/breath12/anaconda3/envs/Dist2/lib/python3.9/shutil.py", line 734, in rmtree
    _rmtree_safe_fd(fd, path, onerror)
  File "/data/breath12/anaconda3/envs/Dist2/lib/python3.9/shutil.py", line 690, in _rmtree_safe_fd
    onerror(os.unlink, fullname, sys.exc_info())
  File "/data/breath12/anaconda3/envs/Dist2/lib/python3.9/shutil.py", line 688, in _rmtree_safe_fd
    os.unlink(entry.name, dir_fd=topfd)
  File "/data/breath12/anaconda3/envs/Dist2/lib/python3.9/multiprocessing/util.py", line 300, in _run_finalizers
    finalizer()
  File "/data/breath12/anaconda3/envs/Dist2/lib/python3.9/multiprocessing/util.py", line 224, in __call__
    res = self._callback(*self._args, **self._kwargs)
  File "/data/breath12/anaconda3/envs/Dist2/lib/python3.9/multiprocessing/util.py", line 133, in _remove_temp_dir
    rmtree(tempdir)
  File "/data/breath12/anaconda3/envs/Dist2/lib/python3.9/shutil.py", line 734, in rmtree
    _rmtree_safe_fd(fd, path, onerror)
OSError: [Errno 16] Device or resource busy: '.nfs00000000183e809d00003e53'
  File "/data/breath12/anaconda3/envs/Dist2/lib/python3.9/shutil.py", line 690, in _rmtree_safe_fd
    onerror(os.unlink, fullname, sys.exc_info())
  File "/data/breath12/anaconda3/envs/Dist2/lib/python3.9/shutil.py", line 688, in _rmtree_safe_fd
    os.unlink(entry.name, dir_fd=topfd)
OSError: [Errno 16] Device or resource busy: '.nfs00000000183e809800003e56'
Traceback (most recent call last):
  File "/data/breath12/anaconda3/envs/Dist2/lib/python3.9/multiprocessing/util.py", line 300, in _run_finalizers
    finalizer()
  File "/data/breath12/anaconda3/envs/Dist2/lib/python3.9/multiprocessing/util.py", line 224, in __call__
    res = self._callback(*self._args, **self._kwargs)
  File "/data/breath12/anaconda3/envs/Dist2/lib/python3.9/multiprocessing/util.py", line 133, in _remove_temp_dir
    rmtree(tempdir)
  File "/data/breath12/anaconda3/envs/Dist2/lib/python3.9/shutil.py", line 734, in rmtree
    _rmtree_safe_fd(fd, path, onerror)
  File "/data/breath12/anaconda3/envs/Dist2/lib/python3.9/shutil.py", line 690, in _rmtree_safe_fd
    onerror(os.unlink, fullname, sys.exc_info())
  File "/data/breath12/anaconda3/envs/Dist2/lib/python3.9/shutil.py", line 688, in _rmtree_safe_fd
    os.unlink(entry.name, dir_fd=topfd)
Traceback (most recent call last):
OSError: [Errno 16] Device or resource busy: '.nfs00000000183e809e00003e54'
  File "/data/breath12/anaconda3/envs/Dist2/lib/python3.9/multiprocessing/util.py", line 300, in _run_finalizers
    finalizer()
  File "/data/breath12/anaconda3/envs/Dist2/lib/python3.9/multiprocessing/util.py", line 224, in __call__
    res = self._callback(*self._args, **self._kwargs)
  File "/data/breath12/anaconda3/envs/Dist2/lib/python3.9/multiprocessing/util.py", line 133, in _remove_temp_dir
    rmtree(tempdir)
  File "/data/breath12/anaconda3/envs/Dist2/lib/python3.9/shutil.py", line 734, in rmtree
    _rmtree_safe_fd(fd, path, onerror)
  File "/data/breath12/anaconda3/envs/Dist2/lib/python3.9/shutil.py", line 690, in _rmtree_safe_fd
    onerror(os.unlink, fullname, sys.exc_info())
  File "/data/breath12/anaconda3/envs/Dist2/lib/python3.9/shutil.py", line 688, in _rmtree_safe_fd
    os.unlink(entry.name, dir_fd=topfd)
OSError: [Errno 16] Device or resource busy: '.nfs00000000183e809a00003e55'
/data/breath12/anaconda3/envs/Dist2/lib/python3.9/site-packages/torchaudio/_backend/utils.py:213: UserWarning: In 2.9, this function's implementation will be changed to use torchaudio.load_with_torchcodec` under the hood. Some parameters like ``normalize``, ``format``, ``buffer_size``, and ``backend`` will be ignored. We recommend that you port your code to rely directly on TorchCodec's decoder instead: https://docs.pytorch.org/torchcodec/stable/generated/torchcodec.decoders.AudioDecoder.html#torchcodec.decoders.AudioDecoder.
  warnings.warn(
/data/breath12/anaconda3/envs/Dist2/lib/python3.9/site-packages/torchaudio/_backend/utils.py:213: UserWarning: In 2.9, this function's implementation will be changed to use torchaudio.load_with_torchcodec` under the hood. Some parameters like ``normalize``, ``format``, ``buffer_size``, and ``backend`` will be ignored. We recommend that you port your code to rely directly on TorchCodec's decoder instead: https://docs.pytorch.org/torchcodec/stable/generated/torchcodec.decoders.AudioDecoder.html#torchcodec.decoders.AudioDecoder.
  warnings.warn(
/data/breath12/anaconda3/envs/Dist2/lib/python3.9/site-packages/torchaudio/_backend/utils.py:213: UserWarning: In 2.9, this function's implementation will be changed to use torchaudio.load_with_torchcodec` under the hood. Some parameters like ``normalize``, ``format``, ``buffer_size``, and ``backend`` will be ignored. We recommend that you port your code to rely directly on TorchCodec's decoder instead: https://docs.pytorch.org/torchcodec/stable/generated/torchcodec.decoders.AudioDecoder.html#torchcodec.decoders.AudioDecoder.
  warnings.warn(
/data/breath12/anaconda3/envs/Dist2/lib/python3.9/site-packages/torchaudio/_backend/utils.py:213: UserWarning: In 2.9, this function's implementation will be changed to use torchaudio.load_with_torchcodec` under the hood. Some parameters like ``normalize``, ``format``, ``buffer_size``, and ``backend`` will be ignored. We recommend that you port your code to rely directly on TorchCodec's decoder instead: https://docs.pytorch.org/torchcodec/stable/generated/torchcodec.decoders.AudioDecoder.html#torchcodec.decoders.AudioDecoder.
  warnings.warn(
Traceback (most recent call last):
Traceback (most recent call last):
Traceback (most recent call last):
  File "/data/breath12/anaconda3/envs/Dist2/lib/python3.9/multiprocessing/util.py", line 300, in _run_finalizers
    finalizer()
Traceback (most recent call last):
  File "/data/breath12/anaconda3/envs/Dist2/lib/python3.9/multiprocessing/util.py", line 224, in __call__
    res = self._callback(*self._args, **self._kwargs)
  File "/data/breath12/anaconda3/envs/Dist2/lib/python3.9/multiprocessing/util.py", line 133, in _remove_temp_dir
    rmtree(tempdir)
  File "/data/breath12/anaconda3/envs/Dist2/lib/python3.9/shutil.py", line 734, in rmtree
    _rmtree_safe_fd(fd, path, onerror)
  File "/data/breath12/anaconda3/envs/Dist2/lib/python3.9/shutil.py", line 690, in _rmtree_safe_fd
    onerror(os.unlink, fullname, sys.exc_info())
  File "/data/breath12/anaconda3/envs/Dist2/lib/python3.9/shutil.py", line 688, in _rmtree_safe_fd
    os.unlink(entry.name, dir_fd=topfd)
  File "/data/breath12/anaconda3/envs/Dist2/lib/python3.9/multiprocessing/util.py", line 300, in _run_finalizers
    finalizer()
  File "/data/breath12/anaconda3/envs/Dist2/lib/python3.9/multiprocessing/util.py", line 224, in __call__
    res = self._callback(*self._args, **self._kwargs)
  File "/data/breath12/anaconda3/envs/Dist2/lib/python3.9/multiprocessing/util.py", line 300, in _run_finalizers
    finalizer()
  File "/data/breath12/anaconda3/envs/Dist2/lib/python3.9/multiprocessing/util.py", line 133, in _remove_temp_dir
    rmtree(tempdir)
  File "/data/breath12/anaconda3/envs/Dist2/lib/python3.9/multiprocessing/util.py", line 224, in __call__
    res = self._callback(*self._args, **self._kwargs)
  File "/data/breath12/anaconda3/envs/Dist2/lib/python3.9/shutil.py", line 734, in rmtree
    _rmtree_safe_fd(fd, path, onerror)
OSError: [Errno 16] Device or resource busy: '.nfs00000000183e80a400003e63'
  File "/data/breath12/anaconda3/envs/Dist2/lib/python3.9/multiprocessing/util.py", line 133, in _remove_temp_dir
    rmtree(tempdir)
  File "/data/breath12/anaconda3/envs/Dist2/lib/python3.9/shutil.py", line 690, in _rmtree_safe_fd
    onerror(os.unlink, fullname, sys.exc_info())
  File "/data/breath12/anaconda3/envs/Dist2/lib/python3.9/multiprocessing/util.py", line 300, in _run_finalizers
    finalizer()
  File "/data/breath12/anaconda3/envs/Dist2/lib/python3.9/shutil.py", line 734, in rmtree
    _rmtree_safe_fd(fd, path, onerror)
  File "/data/breath12/anaconda3/envs/Dist2/lib/python3.9/shutil.py", line 688, in _rmtree_safe_fd
    os.unlink(entry.name, dir_fd=topfd)
  File "/data/breath12/anaconda3/envs/Dist2/lib/python3.9/multiprocessing/util.py", line 224, in __call__
    res = self._callback(*self._args, **self._kwargs)
  File "/data/breath12/anaconda3/envs/Dist2/lib/python3.9/shutil.py", line 690, in _rmtree_safe_fd
    onerror(os.unlink, fullname, sys.exc_info())
  File "/data/breath12/anaconda3/envs/Dist2/lib/python3.9/multiprocessing/util.py", line 133, in _remove_temp_dir
    rmtree(tempdir)
  File "/data/breath12/anaconda3/envs/Dist2/lib/python3.9/shutil.py", line 688, in _rmtree_safe_fd
    os.unlink(entry.name, dir_fd=topfd)
  File "/data/breath12/anaconda3/envs/Dist2/lib/python3.9/shutil.py", line 734, in rmtree
    _rmtree_safe_fd(fd, path, onerror)
  File "/data/breath12/anaconda3/envs/Dist2/lib/python3.9/shutil.py", line 690, in _rmtree_safe_fd
    onerror(os.unlink, fullname, sys.exc_info())
OSError: [Errno 16] Device or resource busy: '.nfs00000000183e80a300003e64'
  File "/data/breath12/anaconda3/envs/Dist2/lib/python3.9/shutil.py", line 688, in _rmtree_safe_fd
    os.unlink(entry.name, dir_fd=topfd)
OSError: [Errno 16] Device or resource busy: '.nfs00000000183e80a600003e65'
OSError: [Errno 16] Device or resource busy: '.nfs00000000183e80a500003e66'
2025-11-15 19:10:44,887 DDP_Script [Rank 3] [INFO] val WER 1.079, CER 0.637, pseudo-acc 0.00%
2025-11-15 19:10:45,935 DDP_Script [Rank 3] [INFO] epoch 15 시작
2025-11-15 19:10:45,938 DDP_Script [Rank 3] [INFO] local_steps=32, global_steps=32
/data/breath12/anaconda3/envs/Dist2/lib/python3.9/site-packages/torchaudio/_backend/utils.py:213: UserWarning: In 2.9, this function's implementation will be changed to use torchaudio.load_with_torchcodec` under the hood. Some parameters like ``normalize``, ``format``, ``buffer_size``, and ``backend`` will be ignored. We recommend that you port your code to rely directly on TorchCodec's decoder instead: https://docs.pytorch.org/torchcodec/stable/generated/torchcodec.decoders.AudioDecoder.html#torchcodec.decoders.AudioDecoder.
  warnings.warn(
/data/breath12/anaconda3/envs/Dist2/lib/python3.9/site-packages/torchaudio/_backend/utils.py:213: UserWarning: In 2.9, this function's implementation will be changed to use torchaudio.load_with_torchcodec` under the hood. Some parameters like ``normalize``, ``format``, ``buffer_size``, and ``backend`` will be ignored. We recommend that you port your code to rely directly on TorchCodec's decoder instead: https://docs.pytorch.org/torchcodec/stable/generated/torchcodec.decoders.AudioDecoder.html#torchcodec.decoders.AudioDecoder.
  warnings.warn(
/data/breath12/anaconda3/envs/Dist2/lib/python3.9/site-packages/torchaudio/_backend/utils.py:213: UserWarning: In 2.9, this function's implementation will be changed to use torchaudio.load_with_torchcodec` under the hood. Some parameters like ``normalize``, ``format``, ``buffer_size``, and ``backend`` will be ignored. We recommend that you port your code to rely directly on TorchCodec's decoder instead: https://docs.pytorch.org/torchcodec/stable/generated/torchcodec.decoders.AudioDecoder.html#torchcodec.decoders.AudioDecoder.
  warnings.warn(
/data/breath12/anaconda3/envs/Dist2/lib/python3.9/site-packages/torchaudio/_backend/utils.py:213: UserWarning: In 2.9, this function's implementation will be changed to use torchaudio.load_with_torchcodec` under the hood. Some parameters like ``normalize``, ``format``, ``buffer_size``, and ``backend`` will be ignored. We recommend that you port your code to rely directly on TorchCodec's decoder instead: https://docs.pytorch.org/torchcodec/stable/generated/torchcodec.decoders.AudioDecoder.html#torchcodec.decoders.AudioDecoder.
  warnings.warn(
Traceback (most recent call last):
Traceback (most recent call last):
  File "/data/breath12/anaconda3/envs/Dist2/lib/python3.9/multiprocessing/util.py", line 300, in _run_finalizers
    finalizer()
  File "/data/breath12/anaconda3/envs/Dist2/lib/python3.9/multiprocessing/util.py", line 300, in _run_finalizers
    finalizer()
  File "/data/breath12/anaconda3/envs/Dist2/lib/python3.9/multiprocessing/util.py", line 224, in __call__
    res = self._callback(*self._args, **self._kwargs)
  File "/data/breath12/anaconda3/envs/Dist2/lib/python3.9/multiprocessing/util.py", line 224, in __call__
    res = self._callback(*self._args, **self._kwargs)
  File "/data/breath12/anaconda3/envs/Dist2/lib/python3.9/multiprocessing/util.py", line 133, in _remove_temp_dir
    rmtree(tempdir)
  File "/data/breath12/anaconda3/envs/Dist2/lib/python3.9/multiprocessing/util.py", line 133, in _remove_temp_dir
    rmtree(tempdir)
  File "/data/breath12/anaconda3/envs/Dist2/lib/python3.9/shutil.py", line 734, in rmtree
    _rmtree_safe_fd(fd, path, onerror)
  File "/data/breath12/anaconda3/envs/Dist2/lib/python3.9/shutil.py", line 734, in rmtree
    _rmtree_safe_fd(fd, path, onerror)
  File "/data/breath12/anaconda3/envs/Dist2/lib/python3.9/shutil.py", line 690, in _rmtree_safe_fd
    onerror(os.unlink, fullname, sys.exc_info())
  File "/data/breath12/anaconda3/envs/Dist2/lib/python3.9/shutil.py", line 690, in _rmtree_safe_fd
    onerror(os.unlink, fullname, sys.exc_info())
  File "/data/breath12/anaconda3/envs/Dist2/lib/python3.9/shutil.py", line 688, in _rmtree_safe_fd
    os.unlink(entry.name, dir_fd=topfd)
  File "/data/breath12/anaconda3/envs/Dist2/lib/python3.9/shutil.py", line 688, in _rmtree_safe_fd
    os.unlink(entry.name, dir_fd=topfd)
OSError: [Errno 16] Device or resource busy: '.nfs00000000183e80ab00003e6c'
OSError: [Errno 16] Device or resource busy: '.nfs00000000183e80ac00003e72'
Traceback (most recent call last):
  File "/data/breath12/anaconda3/envs/Dist2/lib/python3.9/multiprocessing/util.py", line 300, in _run_finalizers
    finalizer()
  File "/data/breath12/anaconda3/envs/Dist2/lib/python3.9/multiprocessing/util.py", line 224, in __call__
    res = self._callback(*self._args, **self._kwargs)
  File "/data/breath12/anaconda3/envs/Dist2/lib/python3.9/multiprocessing/util.py", line 133, in _remove_temp_dir
    rmtree(tempdir)
  File "/data/breath12/anaconda3/envs/Dist2/lib/python3.9/shutil.py", line 734, in rmtree
    _rmtree_safe_fd(fd, path, onerror)
  File "/data/breath12/anaconda3/envs/Dist2/lib/python3.9/shutil.py", line 690, in _rmtree_safe_fd
    onerror(os.unlink, fullname, sys.exc_info())
  File "/data/breath12/anaconda3/envs/Dist2/lib/python3.9/shutil.py", line 688, in _rmtree_safe_fd
    os.unlink(entry.name, dir_fd=topfd)
OSError: [Errno 16] Device or resource busy: '.nfs00000000183e80ad00003e73'
Traceback (most recent call last):
  File "/data/breath12/anaconda3/envs/Dist2/lib/python3.9/multiprocessing/util.py", line 300, in _run_finalizers
    finalizer()
  File "/data/breath12/anaconda3/envs/Dist2/lib/python3.9/multiprocessing/util.py", line 224, in __call__
    res = self._callback(*self._args, **self._kwargs)
  File "/data/breath12/anaconda3/envs/Dist2/lib/python3.9/multiprocessing/util.py", line 133, in _remove_temp_dir
    rmtree(tempdir)
  File "/data/breath12/anaconda3/envs/Dist2/lib/python3.9/shutil.py", line 734, in rmtree
    _rmtree_safe_fd(fd, path, onerror)
  File "/data/breath12/anaconda3/envs/Dist2/lib/python3.9/shutil.py", line 690, in _rmtree_safe_fd
    onerror(os.unlink, fullname, sys.exc_info())
  File "/data/breath12/anaconda3/envs/Dist2/lib/python3.9/shutil.py", line 688, in _rmtree_safe_fd
    os.unlink(entry.name, dir_fd=topfd)
OSError: [Errno 16] Device or resource busy: '.nfs00000000183e80aa00003e74'
/data/breath12/anaconda3/envs/Dist2/lib/python3.9/site-packages/torchaudio/_backend/utils.py:213: UserWarning: In 2.9, this function's implementation will be changed to use torchaudio.load_with_torchcodec` under the hood. Some parameters like ``normalize``, ``format``, ``buffer_size``, and ``backend`` will be ignored. We recommend that you port your code to rely directly on TorchCodec's decoder instead: https://docs.pytorch.org/torchcodec/stable/generated/torchcodec.decoders.AudioDecoder.html#torchcodec.decoders.AudioDecoder.
  warnings.warn(
/data/breath12/anaconda3/envs/Dist2/lib/python3.9/site-packages/torchaudio/_backend/utils.py:213: UserWarning: In 2.9, this function's implementation will be changed to use torchaudio.load_with_torchcodec` under the hood. Some parameters like ``normalize``, ``format``, ``buffer_size``, and ``backend`` will be ignored. We recommend that you port your code to rely directly on TorchCodec's decoder instead: https://docs.pytorch.org/torchcodec/stable/generated/torchcodec.decoders.AudioDecoder.html#torchcodec.decoders.AudioDecoder.
  warnings.warn(
/data/breath12/anaconda3/envs/Dist2/lib/python3.9/site-packages/torchaudio/_backend/utils.py:213: UserWarning: In 2.9, this function's implementation will be changed to use torchaudio.load_with_torchcodec` under the hood. Some parameters like ``normalize``, ``format``, ``buffer_size``, and ``backend`` will be ignored. We recommend that you port your code to rely directly on TorchCodec's decoder instead: https://docs.pytorch.org/torchcodec/stable/generated/torchcodec.decoders.AudioDecoder.html#torchcodec.decoders.AudioDecoder.
  warnings.warn(
/data/breath12/anaconda3/envs/Dist2/lib/python3.9/site-packages/torchaudio/_backend/utils.py:213: UserWarning: In 2.9, this function's implementation will be changed to use torchaudio.load_with_torchcodec` under the hood. Some parameters like ``normalize``, ``format``, ``buffer_size``, and ``backend`` will be ignored. We recommend that you port your code to rely directly on TorchCodec's decoder instead: https://docs.pytorch.org/torchcodec/stable/generated/torchcodec.decoders.AudioDecoder.html#torchcodec.decoders.AudioDecoder.
  warnings.warn(
Traceback (most recent call last):
Traceback (most recent call last):
Traceback (most recent call last):
  File "/data/breath12/anaconda3/envs/Dist2/lib/python3.9/multiprocessing/util.py", line 300, in _run_finalizers
    finalizer()
Traceback (most recent call last):
  File "/data/breath12/anaconda3/envs/Dist2/lib/python3.9/multiprocessing/util.py", line 300, in _run_finalizers
    finalizer()
  File "/data/breath12/anaconda3/envs/Dist2/lib/python3.9/multiprocessing/util.py", line 224, in __call__
    res = self._callback(*self._args, **self._kwargs)
  File "/data/breath12/anaconda3/envs/Dist2/lib/python3.9/multiprocessing/util.py", line 224, in __call__
    res = self._callback(*self._args, **self._kwargs)
  File "/data/breath12/anaconda3/envs/Dist2/lib/python3.9/multiprocessing/util.py", line 133, in _remove_temp_dir
    rmtree(tempdir)
  File "/data/breath12/anaconda3/envs/Dist2/lib/python3.9/multiprocessing/util.py", line 133, in _remove_temp_dir
    rmtree(tempdir)
  File "/data/breath12/anaconda3/envs/Dist2/lib/python3.9/shutil.py", line 734, in rmtree
    _rmtree_safe_fd(fd, path, onerror)
  File "/data/breath12/anaconda3/envs/Dist2/lib/python3.9/shutil.py", line 734, in rmtree
    _rmtree_safe_fd(fd, path, onerror)
  File "/data/breath12/anaconda3/envs/Dist2/lib/python3.9/shutil.py", line 690, in _rmtree_safe_fd
    onerror(os.unlink, fullname, sys.exc_info())
  File "/data/breath12/anaconda3/envs/Dist2/lib/python3.9/shutil.py", line 690, in _rmtree_safe_fd
    onerror(os.unlink, fullname, sys.exc_info())
  File "/data/breath12/anaconda3/envs/Dist2/lib/python3.9/shutil.py", line 688, in _rmtree_safe_fd
    os.unlink(entry.name, dir_fd=topfd)
  File "/data/breath12/anaconda3/envs/Dist2/lib/python3.9/shutil.py", line 688, in _rmtree_safe_fd
    os.unlink(entry.name, dir_fd=topfd)
  File "/data/breath12/anaconda3/envs/Dist2/lib/python3.9/multiprocessing/util.py", line 300, in _run_finalizers
    finalizer()
  File "/data/breath12/anaconda3/envs/Dist2/lib/python3.9/multiprocessing/util.py", line 224, in __call__
    res = self._callback(*self._args, **self._kwargs)
OSError: [Errno 16] Device or resource busy: '.nfs00000000183e80b500003e87'
  File "/data/breath12/anaconda3/envs/Dist2/lib/python3.9/multiprocessing/util.py", line 133, in _remove_temp_dir
    rmtree(tempdir)
  File "/data/breath12/anaconda3/envs/Dist2/lib/python3.9/multiprocessing/util.py", line 300, in _run_finalizers
    finalizer()
OSError: [Errno 16] Device or resource busy: '.nfs00000000183e80b000003e86'
  File "/data/breath12/anaconda3/envs/Dist2/lib/python3.9/shutil.py", line 734, in rmtree
    _rmtree_safe_fd(fd, path, onerror)
  File "/data/breath12/anaconda3/envs/Dist2/lib/python3.9/multiprocessing/util.py", line 224, in __call__
    res = self._callback(*self._args, **self._kwargs)
  File "/data/breath12/anaconda3/envs/Dist2/lib/python3.9/shutil.py", line 690, in _rmtree_safe_fd
    onerror(os.unlink, fullname, sys.exc_info())
  File "/data/breath12/anaconda3/envs/Dist2/lib/python3.9/multiprocessing/util.py", line 133, in _remove_temp_dir
    rmtree(tempdir)
  File "/data/breath12/anaconda3/envs/Dist2/lib/python3.9/shutil.py", line 688, in _rmtree_safe_fd
    os.unlink(entry.name, dir_fd=topfd)
  File "/data/breath12/anaconda3/envs/Dist2/lib/python3.9/shutil.py", line 734, in rmtree
    _rmtree_safe_fd(fd, path, onerror)
  File "/data/breath12/anaconda3/envs/Dist2/lib/python3.9/shutil.py", line 690, in _rmtree_safe_fd
    onerror(os.unlink, fullname, sys.exc_info())
  File "/data/breath12/anaconda3/envs/Dist2/lib/python3.9/shutil.py", line 688, in _rmtree_safe_fd
    os.unlink(entry.name, dir_fd=topfd)
OSError: [Errno 16] Device or resource busy: '.nfs00000000183e80b600003e88'
OSError: [Errno 16] Device or resource busy: '.nfs00000000183e80b200003e89'
2025-11-15 19:10:53,776 DDP_Script [Rank 3] [INFO] val WER 1.051, CER 0.565, pseudo-acc 0.00%
2025-11-15 19:10:54,860 DDP_Script [Rank 3] [INFO] epoch 16 시작
2025-11-15 19:10:54,863 DDP_Script [Rank 3] [INFO] local_steps=32, global_steps=32
/data/breath12/anaconda3/envs/Dist2/lib/python3.9/site-packages/torchaudio/_backend/utils.py:213: UserWarning: In 2.9, this function's implementation will be changed to use torchaudio.load_with_torchcodec` under the hood. Some parameters like ``normalize``, ``format``, ``buffer_size``, and ``backend`` will be ignored. We recommend that you port your code to rely directly on TorchCodec's decoder instead: https://docs.pytorch.org/torchcodec/stable/generated/torchcodec.decoders.AudioDecoder.html#torchcodec.decoders.AudioDecoder.
  warnings.warn(
/data/breath12/anaconda3/envs/Dist2/lib/python3.9/site-packages/torchaudio/_backend/utils.py:213: UserWarning: In 2.9, this function's implementation will be changed to use torchaudio.load_with_torchcodec` under the hood. Some parameters like ``normalize``, ``format``, ``buffer_size``, and ``backend`` will be ignored. We recommend that you port your code to rely directly on TorchCodec's decoder instead: https://docs.pytorch.org/torchcodec/stable/generated/torchcodec.decoders.AudioDecoder.html#torchcodec.decoders.AudioDecoder.
  warnings.warn(
/data/breath12/anaconda3/envs/Dist2/lib/python3.9/site-packages/torchaudio/_backend/utils.py:213: UserWarning: In 2.9, this function's implementation will be changed to use torchaudio.load_with_torchcodec` under the hood. Some parameters like ``normalize``, ``format``, ``buffer_size``, and ``backend`` will be ignored. We recommend that you port your code to rely directly on TorchCodec's decoder instead: https://docs.pytorch.org/torchcodec/stable/generated/torchcodec.decoders.AudioDecoder.html#torchcodec.decoders.AudioDecoder.
  warnings.warn(
/data/breath12/anaconda3/envs/Dist2/lib/python3.9/site-packages/torchaudio/_backend/utils.py:213: UserWarning: In 2.9, this function's implementation will be changed to use torchaudio.load_with_torchcodec` under the hood. Some parameters like ``normalize``, ``format``, ``buffer_size``, and ``backend`` will be ignored. We recommend that you port your code to rely directly on TorchCodec's decoder instead: https://docs.pytorch.org/torchcodec/stable/generated/torchcodec.decoders.AudioDecoder.html#torchcodec.decoders.AudioDecoder.
  warnings.warn(
Traceback (most recent call last):
  File "/data/breath12/anaconda3/envs/Dist2/lib/python3.9/multiprocessing/util.py", line 300, in _run_finalizers
    finalizer()
  File "/data/breath12/anaconda3/envs/Dist2/lib/python3.9/multiprocessing/util.py", line 224, in __call__
    res = self._callback(*self._args, **self._kwargs)
  File "/data/breath12/anaconda3/envs/Dist2/lib/python3.9/multiprocessing/util.py", line 133, in _remove_temp_dir
    rmtree(tempdir)
  File "/data/breath12/anaconda3/envs/Dist2/lib/python3.9/shutil.py", line 734, in rmtree
    _rmtree_safe_fd(fd, path, onerror)
  File "/data/breath12/anaconda3/envs/Dist2/lib/python3.9/shutil.py", line 690, in _rmtree_safe_fd
    onerror(os.unlink, fullname, sys.exc_info())
  File "/data/breath12/anaconda3/envs/Dist2/lib/python3.9/shutil.py", line 688, in _rmtree_safe_fd
    os.unlink(entry.name, dir_fd=topfd)
OSError: [Errno 16] Device or resource busy: '.nfs00000000183e80bb00003e8b'
Traceback (most recent call last):
  File "/data/breath12/anaconda3/envs/Dist2/lib/python3.9/multiprocessing/util.py", line 300, in _run_finalizers
    finalizer()
  File "/data/breath12/anaconda3/envs/Dist2/lib/python3.9/multiprocessing/util.py", line 224, in __call__
    res = self._callback(*self._args, **self._kwargs)
  File "/data/breath12/anaconda3/envs/Dist2/lib/python3.9/multiprocessing/util.py", line 133, in _remove_temp_dir
    rmtree(tempdir)
  File "/data/breath12/anaconda3/envs/Dist2/lib/python3.9/shutil.py", line 734, in rmtree
    _rmtree_safe_fd(fd, path, onerror)
  File "/data/breath12/anaconda3/envs/Dist2/lib/python3.9/shutil.py", line 690, in _rmtree_safe_fd
    onerror(os.unlink, fullname, sys.exc_info())
  File "/data/breath12/anaconda3/envs/Dist2/lib/python3.9/shutil.py", line 688, in _rmtree_safe_fd
    os.unlink(entry.name, dir_fd=topfd)
Traceback (most recent call last):
OSError: [Errno 16] Device or resource busy: '.nfs00000000183e80bd00003e8a'
  File "/data/breath12/anaconda3/envs/Dist2/lib/python3.9/multiprocessing/util.py", line 300, in _run_finalizers
    finalizer()
Traceback (most recent call last):
  File "/data/breath12/anaconda3/envs/Dist2/lib/python3.9/multiprocessing/util.py", line 224, in __call__
    res = self._callback(*self._args, **self._kwargs)
  File "/data/breath12/anaconda3/envs/Dist2/lib/python3.9/multiprocessing/util.py", line 133, in _remove_temp_dir
    rmtree(tempdir)
  File "/data/breath12/anaconda3/envs/Dist2/lib/python3.9/shutil.py", line 734, in rmtree
    _rmtree_safe_fd(fd, path, onerror)
  File "/data/breath12/anaconda3/envs/Dist2/lib/python3.9/shutil.py", line 690, in _rmtree_safe_fd
    onerror(os.unlink, fullname, sys.exc_info())
  File "/data/breath12/anaconda3/envs/Dist2/lib/python3.9/shutil.py", line 688, in _rmtree_safe_fd
    os.unlink(entry.name, dir_fd=topfd)
OSError: [Errno 16] Device or resource busy: '.nfs00000000183e80b800003e8c'
  File "/data/breath12/anaconda3/envs/Dist2/lib/python3.9/multiprocessing/util.py", line 300, in _run_finalizers
    finalizer()
  File "/data/breath12/anaconda3/envs/Dist2/lib/python3.9/multiprocessing/util.py", line 224, in __call__
    res = self._callback(*self._args, **self._kwargs)
  File "/data/breath12/anaconda3/envs/Dist2/lib/python3.9/multiprocessing/util.py", line 133, in _remove_temp_dir
    rmtree(tempdir)
  File "/data/breath12/anaconda3/envs/Dist2/lib/python3.9/shutil.py", line 734, in rmtree
    _rmtree_safe_fd(fd, path, onerror)
  File "/data/breath12/anaconda3/envs/Dist2/lib/python3.9/shutil.py", line 690, in _rmtree_safe_fd
    onerror(os.unlink, fullname, sys.exc_info())
  File "/data/breath12/anaconda3/envs/Dist2/lib/python3.9/shutil.py", line 688, in _rmtree_safe_fd
    os.unlink(entry.name, dir_fd=topfd)
OSError: [Errno 16] Device or resource busy: '.nfs00000000183e80b900003e8d'
/data/breath12/anaconda3/envs/Dist2/lib/python3.9/site-packages/torchaudio/_backend/utils.py:213: UserWarning: In 2.9, this function's implementation will be changed to use torchaudio.load_with_torchcodec` under the hood. Some parameters like ``normalize``, ``format``, ``buffer_size``, and ``backend`` will be ignored. We recommend that you port your code to rely directly on TorchCodec's decoder instead: https://docs.pytorch.org/torchcodec/stable/generated/torchcodec.decoders.AudioDecoder.html#torchcodec.decoders.AudioDecoder.
  warnings.warn(
/data/breath12/anaconda3/envs/Dist2/lib/python3.9/site-packages/torchaudio/_backend/utils.py:213: UserWarning: In 2.9, this function's implementation will be changed to use torchaudio.load_with_torchcodec` under the hood. Some parameters like ``normalize``, ``format``, ``buffer_size``, and ``backend`` will be ignored. We recommend that you port your code to rely directly on TorchCodec's decoder instead: https://docs.pytorch.org/torchcodec/stable/generated/torchcodec.decoders.AudioDecoder.html#torchcodec.decoders.AudioDecoder.
  warnings.warn(
/data/breath12/anaconda3/envs/Dist2/lib/python3.9/site-packages/torchaudio/_backend/utils.py:213: UserWarning: In 2.9, this function's implementation will be changed to use torchaudio.load_with_torchcodec` under the hood. Some parameters like ``normalize``, ``format``, ``buffer_size``, and ``backend`` will be ignored. We recommend that you port your code to rely directly on TorchCodec's decoder instead: https://docs.pytorch.org/torchcodec/stable/generated/torchcodec.decoders.AudioDecoder.html#torchcodec.decoders.AudioDecoder.
  warnings.warn(
/data/breath12/anaconda3/envs/Dist2/lib/python3.9/site-packages/torchaudio/_backend/utils.py:213: UserWarning: In 2.9, this function's implementation will be changed to use torchaudio.load_with_torchcodec` under the hood. Some parameters like ``normalize``, ``format``, ``buffer_size``, and ``backend`` will be ignored. We recommend that you port your code to rely directly on TorchCodec's decoder instead: https://docs.pytorch.org/torchcodec/stable/generated/torchcodec.decoders.AudioDecoder.html#torchcodec.decoders.AudioDecoder.
  warnings.warn(
Traceback (most recent call last):
  File "/data/breath12/anaconda3/envs/Dist2/lib/python3.9/multiprocessing/util.py", line 300, in _run_finalizers
    finalizer()
  File "/data/breath12/anaconda3/envs/Dist2/lib/python3.9/multiprocessing/util.py", line 224, in __call__
    res = self._callback(*self._args, **self._kwargs)
  File "/data/breath12/anaconda3/envs/Dist2/lib/python3.9/multiprocessing/util.py", line 133, in _remove_temp_dir
    rmtree(tempdir)
  File "/data/breath12/anaconda3/envs/Dist2/lib/python3.9/shutil.py", line 734, in rmtree
    _rmtree_safe_fd(fd, path, onerror)
  File "/data/breath12/anaconda3/envs/Dist2/lib/python3.9/shutil.py", line 690, in _rmtree_safe_fd
    onerror(os.unlink, fullname, sys.exc_info())
  File "/data/breath12/anaconda3/envs/Dist2/lib/python3.9/shutil.py", line 688, in _rmtree_safe_fd
    os.unlink(entry.name, dir_fd=topfd)
OSError: [Errno 16] Device or resource busy: '.nfs00000000183e80c000003ea5'
Traceback (most recent call last):
Traceback (most recent call last):
Traceback (most recent call last):
  File "/data/breath12/anaconda3/envs/Dist2/lib/python3.9/multiprocessing/util.py", line 300, in _run_finalizers
    finalizer()
  File "/data/breath12/anaconda3/envs/Dist2/lib/python3.9/multiprocessing/util.py", line 300, in _run_finalizers
    finalizer()
  File "/data/breath12/anaconda3/envs/Dist2/lib/python3.9/multiprocessing/util.py", line 224, in __call__
    res = self._callback(*self._args, **self._kwargs)
  File "/data/breath12/anaconda3/envs/Dist2/lib/python3.9/multiprocessing/util.py", line 224, in __call__
    res = self._callback(*self._args, **self._kwargs)
  File "/data/breath12/anaconda3/envs/Dist2/lib/python3.9/multiprocessing/util.py", line 133, in _remove_temp_dir
    rmtree(tempdir)
  File "/data/breath12/anaconda3/envs/Dist2/lib/python3.9/multiprocessing/util.py", line 300, in _run_finalizers
    finalizer()
  File "/data/breath12/anaconda3/envs/Dist2/lib/python3.9/multiprocessing/util.py", line 133, in _remove_temp_dir
    rmtree(tempdir)
  File "/data/breath12/anaconda3/envs/Dist2/lib/python3.9/shutil.py", line 734, in rmtree
    _rmtree_safe_fd(fd, path, onerror)
  File "/data/breath12/anaconda3/envs/Dist2/lib/python3.9/multiprocessing/util.py", line 224, in __call__
    res = self._callback(*self._args, **self._kwargs)
  File "/data/breath12/anaconda3/envs/Dist2/lib/python3.9/shutil.py", line 734, in rmtree
    _rmtree_safe_fd(fd, path, onerror)
  File "/data/breath12/anaconda3/envs/Dist2/lib/python3.9/shutil.py", line 690, in _rmtree_safe_fd
    onerror(os.unlink, fullname, sys.exc_info())
  File "/data/breath12/anaconda3/envs/Dist2/lib/python3.9/multiprocessing/util.py", line 133, in _remove_temp_dir
    rmtree(tempdir)
  File "/data/breath12/anaconda3/envs/Dist2/lib/python3.9/shutil.py", line 690, in _rmtree_safe_fd
    onerror(os.unlink, fullname, sys.exc_info())
  File "/data/breath12/anaconda3/envs/Dist2/lib/python3.9/shutil.py", line 688, in _rmtree_safe_fd
    os.unlink(entry.name, dir_fd=topfd)
  File "/data/breath12/anaconda3/envs/Dist2/lib/python3.9/shutil.py", line 734, in rmtree
    _rmtree_safe_fd(fd, path, onerror)
  File "/data/breath12/anaconda3/envs/Dist2/lib/python3.9/shutil.py", line 688, in _rmtree_safe_fd
    os.unlink(entry.name, dir_fd=topfd)
  File "/data/breath12/anaconda3/envs/Dist2/lib/python3.9/shutil.py", line 690, in _rmtree_safe_fd
    onerror(os.unlink, fullname, sys.exc_info())
  File "/data/breath12/anaconda3/envs/Dist2/lib/python3.9/shutil.py", line 688, in _rmtree_safe_fd
    os.unlink(entry.name, dir_fd=topfd)
OSError: [Errno 16] Device or resource busy: '.nfs00000000183e80c300003ea7'
OSError: [Errno 16] Device or resource busy: '.nfs00000000183e80c400003ea6'
OSError: [Errno 16] Device or resource busy: '.nfs00000000183e80c600003ea8'
2025-11-15 19:11:02,786 DDP_Script [Rank 3] [INFO] val WER 0.998, CER 0.511, pseudo-acc 0.16%
2025-11-15 19:11:03,824 DDP_Script [Rank 3] [INFO] epoch 17 시작
2025-11-15 19:11:03,827 DDP_Script [Rank 3] [INFO] local_steps=32, global_steps=32
/data/breath12/anaconda3/envs/Dist2/lib/python3.9/site-packages/torchaudio/_backend/utils.py:213: UserWarning: In 2.9, this function's implementation will be changed to use torchaudio.load_with_torchcodec` under the hood. Some parameters like ``normalize``, ``format``, ``buffer_size``, and ``backend`` will be ignored. We recommend that you port your code to rely directly on TorchCodec's decoder instead: https://docs.pytorch.org/torchcodec/stable/generated/torchcodec.decoders.AudioDecoder.html#torchcodec.decoders.AudioDecoder.
  warnings.warn(
/data/breath12/anaconda3/envs/Dist2/lib/python3.9/site-packages/torchaudio/_backend/utils.py:213: UserWarning: In 2.9, this function's implementation will be changed to use torchaudio.load_with_torchcodec` under the hood. Some parameters like ``normalize``, ``format``, ``buffer_size``, and ``backend`` will be ignored. We recommend that you port your code to rely directly on TorchCodec's decoder instead: https://docs.pytorch.org/torchcodec/stable/generated/torchcodec.decoders.AudioDecoder.html#torchcodec.decoders.AudioDecoder.
  warnings.warn(
/data/breath12/anaconda3/envs/Dist2/lib/python3.9/site-packages/torchaudio/_backend/utils.py:213: UserWarning: In 2.9, this function's implementation will be changed to use torchaudio.load_with_torchcodec` under the hood. Some parameters like ``normalize``, ``format``, ``buffer_size``, and ``backend`` will be ignored. We recommend that you port your code to rely directly on TorchCodec's decoder instead: https://docs.pytorch.org/torchcodec/stable/generated/torchcodec.decoders.AudioDecoder.html#torchcodec.decoders.AudioDecoder.
  warnings.warn(
/data/breath12/anaconda3/envs/Dist2/lib/python3.9/site-packages/torchaudio/_backend/utils.py:213: UserWarning: In 2.9, this function's implementation will be changed to use torchaudio.load_with_torchcodec` under the hood. Some parameters like ``normalize``, ``format``, ``buffer_size``, and ``backend`` will be ignored. We recommend that you port your code to rely directly on TorchCodec's decoder instead: https://docs.pytorch.org/torchcodec/stable/generated/torchcodec.decoders.AudioDecoder.html#torchcodec.decoders.AudioDecoder.
  warnings.warn(
Traceback (most recent call last):
  File "/data/breath12/anaconda3/envs/Dist2/lib/python3.9/multiprocessing/util.py", line 300, in _run_finalizers
    finalizer()
  File "/data/breath12/anaconda3/envs/Dist2/lib/python3.9/multiprocessing/util.py", line 224, in __call__
    res = self._callback(*self._args, **self._kwargs)
  File "/data/breath12/anaconda3/envs/Dist2/lib/python3.9/multiprocessing/util.py", line 133, in _remove_temp_dir
    rmtree(tempdir)
  File "/data/breath12/anaconda3/envs/Dist2/lib/python3.9/shutil.py", line 734, in rmtree
    _rmtree_safe_fd(fd, path, onerror)
  File "/data/breath12/anaconda3/envs/Dist2/lib/python3.9/shutil.py", line 690, in _rmtree_safe_fd
    onerror(os.unlink, fullname, sys.exc_info())
  File "/data/breath12/anaconda3/envs/Dist2/lib/python3.9/shutil.py", line 688, in _rmtree_safe_fd
    os.unlink(entry.name, dir_fd=topfd)
OSError: [Errno 16] Device or resource busy: '.nfs00000000183e80cd00003eb2'
Traceback (most recent call last):
  File "/data/breath12/anaconda3/envs/Dist2/lib/python3.9/multiprocessing/util.py", line 300, in _run_finalizers
    finalizer()
  File "/data/breath12/anaconda3/envs/Dist2/lib/python3.9/multiprocessing/util.py", line 224, in __call__
    res = self._callback(*self._args, **self._kwargs)
  File "/data/breath12/anaconda3/envs/Dist2/lib/python3.9/multiprocessing/util.py", line 133, in _remove_temp_dir
    rmtree(tempdir)
  File "/data/breath12/anaconda3/envs/Dist2/lib/python3.9/shutil.py", line 734, in rmtree
    _rmtree_safe_fd(fd, path, onerror)
  File "/data/breath12/anaconda3/envs/Dist2/lib/python3.9/shutil.py", line 690, in _rmtree_safe_fd
    onerror(os.unlink, fullname, sys.exc_info())
  File "/data/breath12/anaconda3/envs/Dist2/lib/python3.9/shutil.py", line 688, in _rmtree_safe_fd
    os.unlink(entry.name, dir_fd=topfd)
OSError: [Errno 16] Device or resource busy: '.nfs00000000183e80ce00003eb1'
Traceback (most recent call last):
  File "/data/breath12/anaconda3/envs/Dist2/lib/python3.9/multiprocessing/util.py", line 300, in _run_finalizers
    finalizer()
  File "/data/breath12/anaconda3/envs/Dist2/lib/python3.9/multiprocessing/util.py", line 224, in __call__
    res = self._callback(*self._args, **self._kwargs)
  File "/data/breath12/anaconda3/envs/Dist2/lib/python3.9/multiprocessing/util.py", line 133, in _remove_temp_dir
    rmtree(tempdir)
  File "/data/breath12/anaconda3/envs/Dist2/lib/python3.9/shutil.py", line 734, in rmtree
    _rmtree_safe_fd(fd, path, onerror)
  File "/data/breath12/anaconda3/envs/Dist2/lib/python3.9/shutil.py", line 690, in _rmtree_safe_fd
    onerror(os.unlink, fullname, sys.exc_info())
  File "/data/breath12/anaconda3/envs/Dist2/lib/python3.9/shutil.py", line 688, in _rmtree_safe_fd
    os.unlink(entry.name, dir_fd=topfd)
OSError: [Errno 16] Device or resource busy: '.nfs00000000183e80ca00003eb3'
Traceback (most recent call last):
  File "/data/breath12/anaconda3/envs/Dist2/lib/python3.9/multiprocessing/util.py", line 300, in _run_finalizers
    finalizer()
  File "/data/breath12/anaconda3/envs/Dist2/lib/python3.9/multiprocessing/util.py", line 224, in __call__
    res = self._callback(*self._args, **self._kwargs)
  File "/data/breath12/anaconda3/envs/Dist2/lib/python3.9/multiprocessing/util.py", line 133, in _remove_temp_dir
    rmtree(tempdir)
  File "/data/breath12/anaconda3/envs/Dist2/lib/python3.9/shutil.py", line 734, in rmtree
    _rmtree_safe_fd(fd, path, onerror)
  File "/data/breath12/anaconda3/envs/Dist2/lib/python3.9/shutil.py", line 690, in _rmtree_safe_fd
    onerror(os.unlink, fullname, sys.exc_info())
  File "/data/breath12/anaconda3/envs/Dist2/lib/python3.9/shutil.py", line 688, in _rmtree_safe_fd
    os.unlink(entry.name, dir_fd=topfd)
OSError: [Errno 16] Device or resource busy: '.nfs00000000183e80c900003eb5'
/data/breath12/anaconda3/envs/Dist2/lib/python3.9/site-packages/torchaudio/_backend/utils.py:213: UserWarning: In 2.9, this function's implementation will be changed to use torchaudio.load_with_torchcodec` under the hood. Some parameters like ``normalize``, ``format``, ``buffer_size``, and ``backend`` will be ignored. We recommend that you port your code to rely directly on TorchCodec's decoder instead: https://docs.pytorch.org/torchcodec/stable/generated/torchcodec.decoders.AudioDecoder.html#torchcodec.decoders.AudioDecoder.
  warnings.warn(
/data/breath12/anaconda3/envs/Dist2/lib/python3.9/site-packages/torchaudio/_backend/utils.py:213: UserWarning: In 2.9, this function's implementation will be changed to use torchaudio.load_with_torchcodec` under the hood. Some parameters like ``normalize``, ``format``, ``buffer_size``, and ``backend`` will be ignored. We recommend that you port your code to rely directly on TorchCodec's decoder instead: https://docs.pytorch.org/torchcodec/stable/generated/torchcodec.decoders.AudioDecoder.html#torchcodec.decoders.AudioDecoder.
  warnings.warn(
/data/breath12/anaconda3/envs/Dist2/lib/python3.9/site-packages/torchaudio/_backend/utils.py:213: UserWarning: In 2.9, this function's implementation will be changed to use torchaudio.load_with_torchcodec` under the hood. Some parameters like ``normalize``, ``format``, ``buffer_size``, and ``backend`` will be ignored. We recommend that you port your code to rely directly on TorchCodec's decoder instead: https://docs.pytorch.org/torchcodec/stable/generated/torchcodec.decoders.AudioDecoder.html#torchcodec.decoders.AudioDecoder.
  warnings.warn(
/data/breath12/anaconda3/envs/Dist2/lib/python3.9/site-packages/torchaudio/_backend/utils.py:213: UserWarning: In 2.9, this function's implementation will be changed to use torchaudio.load_with_torchcodec` under the hood. Some parameters like ``normalize``, ``format``, ``buffer_size``, and ``backend`` will be ignored. We recommend that you port your code to rely directly on TorchCodec's decoder instead: https://docs.pytorch.org/torchcodec/stable/generated/torchcodec.decoders.AudioDecoder.html#torchcodec.decoders.AudioDecoder.
  warnings.warn(
Traceback (most recent call last):
Traceback (most recent call last):
Traceback (most recent call last):
  File "/data/breath12/anaconda3/envs/Dist2/lib/python3.9/multiprocessing/util.py", line 300, in _run_finalizers
    finalizer()
  File "/data/breath12/anaconda3/envs/Dist2/lib/python3.9/multiprocessing/util.py", line 224, in __call__
    res = self._callback(*self._args, **self._kwargs)
  File "/data/breath12/anaconda3/envs/Dist2/lib/python3.9/multiprocessing/util.py", line 300, in _run_finalizers
    finalizer()
  File "/data/breath12/anaconda3/envs/Dist2/lib/python3.9/multiprocessing/util.py", line 133, in _remove_temp_dir
    rmtree(tempdir)
Traceback (most recent call last):
  File "/data/breath12/anaconda3/envs/Dist2/lib/python3.9/multiprocessing/util.py", line 224, in __call__
    res = self._callback(*self._args, **self._kwargs)
  File "/data/breath12/anaconda3/envs/Dist2/lib/python3.9/shutil.py", line 734, in rmtree
    _rmtree_safe_fd(fd, path, onerror)
  File "/data/breath12/anaconda3/envs/Dist2/lib/python3.9/multiprocessing/util.py", line 133, in _remove_temp_dir
    rmtree(tempdir)
  File "/data/breath12/anaconda3/envs/Dist2/lib/python3.9/shutil.py", line 690, in _rmtree_safe_fd
    onerror(os.unlink, fullname, sys.exc_info())
  File "/data/breath12/anaconda3/envs/Dist2/lib/python3.9/shutil.py", line 734, in rmtree
    _rmtree_safe_fd(fd, path, onerror)
  File "/data/breath12/anaconda3/envs/Dist2/lib/python3.9/shutil.py", line 688, in _rmtree_safe_fd
    os.unlink(entry.name, dir_fd=topfd)
  File "/data/breath12/anaconda3/envs/Dist2/lib/python3.9/shutil.py", line 690, in _rmtree_safe_fd
    onerror(os.unlink, fullname, sys.exc_info())
  File "/data/breath12/anaconda3/envs/Dist2/lib/python3.9/shutil.py", line 688, in _rmtree_safe_fd
    os.unlink(entry.name, dir_fd=topfd)
  File "/data/breath12/anaconda3/envs/Dist2/lib/python3.9/multiprocessing/util.py", line 300, in _run_finalizers
    finalizer()
  File "/data/breath12/anaconda3/envs/Dist2/lib/python3.9/multiprocessing/util.py", line 224, in __call__
    res = self._callback(*self._args, **self._kwargs)
OSError: [Errno 16] Device or resource busy: '.nfs00000000183e80d400003ec2'
  File "/data/breath12/anaconda3/envs/Dist2/lib/python3.9/multiprocessing/util.py", line 133, in _remove_temp_dir
    rmtree(tempdir)
OSError: [Errno 16] Device or resource busy: '.nfs00000000183e80d600003ec1'
  File "/data/breath12/anaconda3/envs/Dist2/lib/python3.9/shutil.py", line 734, in rmtree
    _rmtree_safe_fd(fd, path, onerror)
  File "/data/breath12/anaconda3/envs/Dist2/lib/python3.9/multiprocessing/util.py", line 300, in _run_finalizers
    finalizer()
  File "/data/breath12/anaconda3/envs/Dist2/lib/python3.9/shutil.py", line 690, in _rmtree_safe_fd
    onerror(os.unlink, fullname, sys.exc_info())
  File "/data/breath12/anaconda3/envs/Dist2/lib/python3.9/multiprocessing/util.py", line 224, in __call__
    res = self._callback(*self._args, **self._kwargs)
  File "/data/breath12/anaconda3/envs/Dist2/lib/python3.9/shutil.py", line 688, in _rmtree_safe_fd
    os.unlink(entry.name, dir_fd=topfd)
  File "/data/breath12/anaconda3/envs/Dist2/lib/python3.9/multiprocessing/util.py", line 133, in _remove_temp_dir
    rmtree(tempdir)
  File "/data/breath12/anaconda3/envs/Dist2/lib/python3.9/shutil.py", line 734, in rmtree
    _rmtree_safe_fd(fd, path, onerror)
  File "/data/breath12/anaconda3/envs/Dist2/lib/python3.9/shutil.py", line 690, in _rmtree_safe_fd
    onerror(os.unlink, fullname, sys.exc_info())
  File "/data/breath12/anaconda3/envs/Dist2/lib/python3.9/shutil.py", line 688, in _rmtree_safe_fd
    os.unlink(entry.name, dir_fd=topfd)
OSError: [Errno 16] Device or resource busy: '.nfs00000000183e80d500003ec3'
OSError: [Errno 16] Device or resource busy: '.nfs00000000183e80d000003ec4'
2025-11-15 19:11:11,847 DDP_Script [Rank 3] [INFO] val WER 0.960, CER 0.500, pseudo-acc 4.03%
2025-11-15 19:11:15,154 DDP_Script [Rank 3] [INFO] epoch 18 시작
2025-11-15 19:11:15,158 DDP_Script [Rank 3] [INFO] local_steps=32, global_steps=32
/data/breath12/anaconda3/envs/Dist2/lib/python3.9/site-packages/torchaudio/_backend/utils.py:213: UserWarning: In 2.9, this function's implementation will be changed to use torchaudio.load_with_torchcodec` under the hood. Some parameters like ``normalize``, ``format``, ``buffer_size``, and ``backend`` will be ignored. We recommend that you port your code to rely directly on TorchCodec's decoder instead: https://docs.pytorch.org/torchcodec/stable/generated/torchcodec.decoders.AudioDecoder.html#torchcodec.decoders.AudioDecoder.
  warnings.warn(
/data/breath12/anaconda3/envs/Dist2/lib/python3.9/site-packages/torchaudio/_backend/utils.py:213: UserWarning: In 2.9, this function's implementation will be changed to use torchaudio.load_with_torchcodec` under the hood. Some parameters like ``normalize``, ``format``, ``buffer_size``, and ``backend`` will be ignored. We recommend that you port your code to rely directly on TorchCodec's decoder instead: https://docs.pytorch.org/torchcodec/stable/generated/torchcodec.decoders.AudioDecoder.html#torchcodec.decoders.AudioDecoder.
  warnings.warn(
/data/breath12/anaconda3/envs/Dist2/lib/python3.9/site-packages/torchaudio/_backend/utils.py:213: UserWarning: In 2.9, this function's implementation will be changed to use torchaudio.load_with_torchcodec` under the hood. Some parameters like ``normalize``, ``format``, ``buffer_size``, and ``backend`` will be ignored. We recommend that you port your code to rely directly on TorchCodec's decoder instead: https://docs.pytorch.org/torchcodec/stable/generated/torchcodec.decoders.AudioDecoder.html#torchcodec.decoders.AudioDecoder.
  warnings.warn(
/data/breath12/anaconda3/envs/Dist2/lib/python3.9/site-packages/torchaudio/_backend/utils.py:213: UserWarning: In 2.9, this function's implementation will be changed to use torchaudio.load_with_torchcodec` under the hood. Some parameters like ``normalize``, ``format``, ``buffer_size``, and ``backend`` will be ignored. We recommend that you port your code to rely directly on TorchCodec's decoder instead: https://docs.pytorch.org/torchcodec/stable/generated/torchcodec.decoders.AudioDecoder.html#torchcodec.decoders.AudioDecoder.
  warnings.warn(
Traceback (most recent call last):
Traceback (most recent call last):
  File "/data/breath12/anaconda3/envs/Dist2/lib/python3.9/multiprocessing/util.py", line 300, in _run_finalizers
    finalizer()
  File "/data/breath12/anaconda3/envs/Dist2/lib/python3.9/multiprocessing/util.py", line 224, in __call__
    res = self._callback(*self._args, **self._kwargs)
  File "/data/breath12/anaconda3/envs/Dist2/lib/python3.9/multiprocessing/util.py", line 133, in _remove_temp_dir
    rmtree(tempdir)
  File "/data/breath12/anaconda3/envs/Dist2/lib/python3.9/shutil.py", line 734, in rmtree
    _rmtree_safe_fd(fd, path, onerror)
  File "/data/breath12/anaconda3/envs/Dist2/lib/python3.9/shutil.py", line 690, in _rmtree_safe_fd
    onerror(os.unlink, fullname, sys.exc_info())
  File "/data/breath12/anaconda3/envs/Dist2/lib/python3.9/shutil.py", line 688, in _rmtree_safe_fd
    os.unlink(entry.name, dir_fd=topfd)
  File "/data/breath12/anaconda3/envs/Dist2/lib/python3.9/multiprocessing/util.py", line 300, in _run_finalizers
    finalizer()
  File "/data/breath12/anaconda3/envs/Dist2/lib/python3.9/multiprocessing/util.py", line 224, in __call__
    res = self._callback(*self._args, **self._kwargs)
  File "/data/breath12/anaconda3/envs/Dist2/lib/python3.9/multiprocessing/util.py", line 133, in _remove_temp_dir
    rmtree(tempdir)
  File "/data/breath12/anaconda3/envs/Dist2/lib/python3.9/shutil.py", line 734, in rmtree
    _rmtree_safe_fd(fd, path, onerror)
OSError: [Errno 16] Device or resource busy: '.nfs00000000183e80dd00003ed3'
  File "/data/breath12/anaconda3/envs/Dist2/lib/python3.9/shutil.py", line 690, in _rmtree_safe_fd
    onerror(os.unlink, fullname, sys.exc_info())
  File "/data/breath12/anaconda3/envs/Dist2/lib/python3.9/shutil.py", line 688, in _rmtree_safe_fd
    os.unlink(entry.name, dir_fd=topfd)
OSError: [Errno 16] Device or resource busy: '.nfs00000000183e80dc00003ec9'
Traceback (most recent call last):
Traceback (most recent call last):
  File "/data/breath12/anaconda3/envs/Dist2/lib/python3.9/multiprocessing/util.py", line 300, in _run_finalizers
    finalizer()
  File "/data/breath12/anaconda3/envs/Dist2/lib/python3.9/multiprocessing/util.py", line 300, in _run_finalizers
    finalizer()
  File "/data/breath12/anaconda3/envs/Dist2/lib/python3.9/multiprocessing/util.py", line 224, in __call__
    res = self._callback(*self._args, **self._kwargs)
  File "/data/breath12/anaconda3/envs/Dist2/lib/python3.9/multiprocessing/util.py", line 224, in __call__
    res = self._callback(*self._args, **self._kwargs)
  File "/data/breath12/anaconda3/envs/Dist2/lib/python3.9/multiprocessing/util.py", line 133, in _remove_temp_dir
    rmtree(tempdir)
  File "/data/breath12/anaconda3/envs/Dist2/lib/python3.9/multiprocessing/util.py", line 133, in _remove_temp_dir
    rmtree(tempdir)
  File "/data/breath12/anaconda3/envs/Dist2/lib/python3.9/shutil.py", line 734, in rmtree
    _rmtree_safe_fd(fd, path, onerror)
  File "/data/breath12/anaconda3/envs/Dist2/lib/python3.9/shutil.py", line 734, in rmtree
    _rmtree_safe_fd(fd, path, onerror)
  File "/data/breath12/anaconda3/envs/Dist2/lib/python3.9/shutil.py", line 690, in _rmtree_safe_fd
    onerror(os.unlink, fullname, sys.exc_info())
  File "/data/breath12/anaconda3/envs/Dist2/lib/python3.9/shutil.py", line 690, in _rmtree_safe_fd
    onerror(os.unlink, fullname, sys.exc_info())
  File "/data/breath12/anaconda3/envs/Dist2/lib/python3.9/shutil.py", line 688, in _rmtree_safe_fd
    os.unlink(entry.name, dir_fd=topfd)
  File "/data/breath12/anaconda3/envs/Dist2/lib/python3.9/shutil.py", line 688, in _rmtree_safe_fd
    os.unlink(entry.name, dir_fd=topfd)
OSError: [Errno 16] Device or resource busy: '.nfs00000000183e80de00003ece'
OSError: [Errno 16] Device or resource busy: '.nfs00000000183e80d800003ed1'
/data/breath12/anaconda3/envs/Dist2/lib/python3.9/site-packages/torchaudio/_backend/utils.py:213: UserWarning: In 2.9, this function's implementation will be changed to use torchaudio.load_with_torchcodec` under the hood. Some parameters like ``normalize``, ``format``, ``buffer_size``, and ``backend`` will be ignored. We recommend that you port your code to rely directly on TorchCodec's decoder instead: https://docs.pytorch.org/torchcodec/stable/generated/torchcodec.decoders.AudioDecoder.html#torchcodec.decoders.AudioDecoder.
  warnings.warn(
/data/breath12/anaconda3/envs/Dist2/lib/python3.9/site-packages/torchaudio/_backend/utils.py:213: UserWarning: In 2.9, this function's implementation will be changed to use torchaudio.load_with_torchcodec` under the hood. Some parameters like ``normalize``, ``format``, ``buffer_size``, and ``backend`` will be ignored. We recommend that you port your code to rely directly on TorchCodec's decoder instead: https://docs.pytorch.org/torchcodec/stable/generated/torchcodec.decoders.AudioDecoder.html#torchcodec.decoders.AudioDecoder.
  warnings.warn(
/data/breath12/anaconda3/envs/Dist2/lib/python3.9/site-packages/torchaudio/_backend/utils.py:213: UserWarning: In 2.9, this function's implementation will be changed to use torchaudio.load_with_torchcodec` under the hood. Some parameters like ``normalize``, ``format``, ``buffer_size``, and ``backend`` will be ignored. We recommend that you port your code to rely directly on TorchCodec's decoder instead: https://docs.pytorch.org/torchcodec/stable/generated/torchcodec.decoders.AudioDecoder.html#torchcodec.decoders.AudioDecoder.
  warnings.warn(
/data/breath12/anaconda3/envs/Dist2/lib/python3.9/site-packages/torchaudio/_backend/utils.py:213: UserWarning: In 2.9, this function's implementation will be changed to use torchaudio.load_with_torchcodec` under the hood. Some parameters like ``normalize``, ``format``, ``buffer_size``, and ``backend`` will be ignored. We recommend that you port your code to rely directly on TorchCodec's decoder instead: https://docs.pytorch.org/torchcodec/stable/generated/torchcodec.decoders.AudioDecoder.html#torchcodec.decoders.AudioDecoder.
  warnings.warn(
Traceback (most recent call last):
Traceback (most recent call last):
Traceback (most recent call last):
  File "/data/breath12/anaconda3/envs/Dist2/lib/python3.9/multiprocessing/util.py", line 300, in _run_finalizers
    finalizer()
  File "/data/breath12/anaconda3/envs/Dist2/lib/python3.9/multiprocessing/util.py", line 300, in _run_finalizers
    finalizer()
  File "/data/breath12/anaconda3/envs/Dist2/lib/python3.9/multiprocessing/util.py", line 224, in __call__
    res = self._callback(*self._args, **self._kwargs)
  File "/data/breath12/anaconda3/envs/Dist2/lib/python3.9/multiprocessing/util.py", line 224, in __call__
    res = self._callback(*self._args, **self._kwargs)
  File "/data/breath12/anaconda3/envs/Dist2/lib/python3.9/multiprocessing/util.py", line 133, in _remove_temp_dir
    rmtree(tempdir)
  File "/data/breath12/anaconda3/envs/Dist2/lib/python3.9/multiprocessing/util.py", line 300, in _run_finalizers
    finalizer()
  File "/data/breath12/anaconda3/envs/Dist2/lib/python3.9/multiprocessing/util.py", line 133, in _remove_temp_dir
    rmtree(tempdir)
  File "/data/breath12/anaconda3/envs/Dist2/lib/python3.9/shutil.py", line 734, in rmtree
    _rmtree_safe_fd(fd, path, onerror)
  File "/data/breath12/anaconda3/envs/Dist2/lib/python3.9/multiprocessing/util.py", line 224, in __call__
    res = self._callback(*self._args, **self._kwargs)
  File "/data/breath12/anaconda3/envs/Dist2/lib/python3.9/shutil.py", line 734, in rmtree
    _rmtree_safe_fd(fd, path, onerror)
  File "/data/breath12/anaconda3/envs/Dist2/lib/python3.9/shutil.py", line 690, in _rmtree_safe_fd
    onerror(os.unlink, fullname, sys.exc_info())
  File "/data/breath12/anaconda3/envs/Dist2/lib/python3.9/multiprocessing/util.py", line 133, in _remove_temp_dir
    rmtree(tempdir)
  File "/data/breath12/anaconda3/envs/Dist2/lib/python3.9/shutil.py", line 690, in _rmtree_safe_fd
    onerror(os.unlink, fullname, sys.exc_info())
  File "/data/breath12/anaconda3/envs/Dist2/lib/python3.9/shutil.py", line 688, in _rmtree_safe_fd
    os.unlink(entry.name, dir_fd=topfd)
  File "/data/breath12/anaconda3/envs/Dist2/lib/python3.9/shutil.py", line 734, in rmtree
    _rmtree_safe_fd(fd, path, onerror)
  File "/data/breath12/anaconda3/envs/Dist2/lib/python3.9/shutil.py", line 688, in _rmtree_safe_fd
    os.unlink(entry.name, dir_fd=topfd)
  File "/data/breath12/anaconda3/envs/Dist2/lib/python3.9/shutil.py", line 690, in _rmtree_safe_fd
    onerror(os.unlink, fullname, sys.exc_info())
  File "/data/breath12/anaconda3/envs/Dist2/lib/python3.9/shutil.py", line 688, in _rmtree_safe_fd
    os.unlink(entry.name, dir_fd=topfd)
OSError: [Errno 16] Device or resource busy: '.nfs00000000183e80e200003ee3'
OSError: [Errno 16] Device or resource busy: '.nfs00000000183e80e100003ee2'
OSError: [Errno 16] Device or resource busy: '.nfs00000000183e80e600003ee1'
Traceback (most recent call last):
  File "/data/breath12/anaconda3/envs/Dist2/lib/python3.9/multiprocessing/util.py", line 300, in _run_finalizers
    finalizer()
  File "/data/breath12/anaconda3/envs/Dist2/lib/python3.9/multiprocessing/util.py", line 224, in __call__
    res = self._callback(*self._args, **self._kwargs)
  File "/data/breath12/anaconda3/envs/Dist2/lib/python3.9/multiprocessing/util.py", line 133, in _remove_temp_dir
    rmtree(tempdir)
  File "/data/breath12/anaconda3/envs/Dist2/lib/python3.9/shutil.py", line 734, in rmtree
    _rmtree_safe_fd(fd, path, onerror)
  File "/data/breath12/anaconda3/envs/Dist2/lib/python3.9/shutil.py", line 690, in _rmtree_safe_fd
    onerror(os.unlink, fullname, sys.exc_info())
  File "/data/breath12/anaconda3/envs/Dist2/lib/python3.9/shutil.py", line 688, in _rmtree_safe_fd
    os.unlink(entry.name, dir_fd=topfd)
OSError: [Errno 16] Device or resource busy: '.nfs00000000183e80e400003ee4'
2025-11-15 19:11:23,122 DDP_Script [Rank 3] [INFO] val WER 0.910, CER 0.430, pseudo-acc 9.04%
2025-11-15 19:11:24,171 DDP_Script [Rank 3] [INFO] epoch 19 시작
2025-11-15 19:11:24,174 DDP_Script [Rank 3] [INFO] local_steps=32, global_steps=32
/data/breath12/anaconda3/envs/Dist2/lib/python3.9/site-packages/torchaudio/_backend/utils.py:213: UserWarning: In 2.9, this function's implementation will be changed to use torchaudio.load_with_torchcodec` under the hood. Some parameters like ``normalize``, ``format``, ``buffer_size``, and ``backend`` will be ignored. We recommend that you port your code to rely directly on TorchCodec's decoder instead: https://docs.pytorch.org/torchcodec/stable/generated/torchcodec.decoders.AudioDecoder.html#torchcodec.decoders.AudioDecoder.
  warnings.warn(
/data/breath12/anaconda3/envs/Dist2/lib/python3.9/site-packages/torchaudio/_backend/utils.py:213: UserWarning: In 2.9, this function's implementation will be changed to use torchaudio.load_with_torchcodec` under the hood. Some parameters like ``normalize``, ``format``, ``buffer_size``, and ``backend`` will be ignored. We recommend that you port your code to rely directly on TorchCodec's decoder instead: https://docs.pytorch.org/torchcodec/stable/generated/torchcodec.decoders.AudioDecoder.html#torchcodec.decoders.AudioDecoder.
  warnings.warn(
/data/breath12/anaconda3/envs/Dist2/lib/python3.9/site-packages/torchaudio/_backend/utils.py:213: UserWarning: In 2.9, this function's implementation will be changed to use torchaudio.load_with_torchcodec` under the hood. Some parameters like ``normalize``, ``format``, ``buffer_size``, and ``backend`` will be ignored. We recommend that you port your code to rely directly on TorchCodec's decoder instead: https://docs.pytorch.org/torchcodec/stable/generated/torchcodec.decoders.AudioDecoder.html#torchcodec.decoders.AudioDecoder.
  warnings.warn(
/data/breath12/anaconda3/envs/Dist2/lib/python3.9/site-packages/torchaudio/_backend/utils.py:213: UserWarning: In 2.9, this function's implementation will be changed to use torchaudio.load_with_torchcodec` under the hood. Some parameters like ``normalize``, ``format``, ``buffer_size``, and ``backend`` will be ignored. We recommend that you port your code to rely directly on TorchCodec's decoder instead: https://docs.pytorch.org/torchcodec/stable/generated/torchcodec.decoders.AudioDecoder.html#torchcodec.decoders.AudioDecoder.
  warnings.warn(
Traceback (most recent call last):
  File "/data/breath12/anaconda3/envs/Dist2/lib/python3.9/multiprocessing/util.py", line 300, in _run_finalizers
    finalizer()
Traceback (most recent call last):
  File "/data/breath12/anaconda3/envs/Dist2/lib/python3.9/multiprocessing/util.py", line 224, in __call__
    res = self._callback(*self._args, **self._kwargs)
  File "/data/breath12/anaconda3/envs/Dist2/lib/python3.9/multiprocessing/util.py", line 133, in _remove_temp_dir
    rmtree(tempdir)
  File "/data/breath12/anaconda3/envs/Dist2/lib/python3.9/shutil.py", line 734, in rmtree
    _rmtree_safe_fd(fd, path, onerror)
Traceback (most recent call last):
  File "/data/breath12/anaconda3/envs/Dist2/lib/python3.9/shutil.py", line 690, in _rmtree_safe_fd
    onerror(os.unlink, fullname, sys.exc_info())
  File "/data/breath12/anaconda3/envs/Dist2/lib/python3.9/shutil.py", line 688, in _rmtree_safe_fd
    os.unlink(entry.name, dir_fd=topfd)
Traceback (most recent call last):
OSError: [Errno 16] Device or resource busy: '.nfs00000000183e80ee00003ef1'
  File "/data/breath12/anaconda3/envs/Dist2/lib/python3.9/multiprocessing/util.py", line 300, in _run_finalizers
    finalizer()
  File "/data/breath12/anaconda3/envs/Dist2/lib/python3.9/multiprocessing/util.py", line 224, in __call__
    res = self._callback(*self._args, **self._kwargs)
  File "/data/breath12/anaconda3/envs/Dist2/lib/python3.9/multiprocessing/util.py", line 133, in _remove_temp_dir
    rmtree(tempdir)
  File "/data/breath12/anaconda3/envs/Dist2/lib/python3.9/shutil.py", line 734, in rmtree
    _rmtree_safe_fd(fd, path, onerror)
  File "/data/breath12/anaconda3/envs/Dist2/lib/python3.9/multiprocessing/util.py", line 300, in _run_finalizers
    finalizer()
  File "/data/breath12/anaconda3/envs/Dist2/lib/python3.9/shutil.py", line 690, in _rmtree_safe_fd
    onerror(os.unlink, fullname, sys.exc_info())
  File "/data/breath12/anaconda3/envs/Dist2/lib/python3.9/multiprocessing/util.py", line 224, in __call__
    res = self._callback(*self._args, **self._kwargs)
  File "/data/breath12/anaconda3/envs/Dist2/lib/python3.9/shutil.py", line 688, in _rmtree_safe_fd
    os.unlink(entry.name, dir_fd=topfd)
  File "/data/breath12/anaconda3/envs/Dist2/lib/python3.9/multiprocessing/util.py", line 300, in _run_finalizers
    finalizer()
  File "/data/breath12/anaconda3/envs/Dist2/lib/python3.9/multiprocessing/util.py", line 133, in _remove_temp_dir
    rmtree(tempdir)
  File "/data/breath12/anaconda3/envs/Dist2/lib/python3.9/multiprocessing/util.py", line 224, in __call__
    res = self._callback(*self._args, **self._kwargs)
  File "/data/breath12/anaconda3/envs/Dist2/lib/python3.9/shutil.py", line 734, in rmtree
    _rmtree_safe_fd(fd, path, onerror)
  File "/data/breath12/anaconda3/envs/Dist2/lib/python3.9/multiprocessing/util.py", line 133, in _remove_temp_dir
    rmtree(tempdir)
  File "/data/breath12/anaconda3/envs/Dist2/lib/python3.9/shutil.py", line 690, in _rmtree_safe_fd
    onerror(os.unlink, fullname, sys.exc_info())
OSError: [Errno 16] Device or resource busy: '.nfs00000000183e80ed00003ef5'
  File "/data/breath12/anaconda3/envs/Dist2/lib/python3.9/shutil.py", line 734, in rmtree
    _rmtree_safe_fd(fd, path, onerror)
  File "/data/breath12/anaconda3/envs/Dist2/lib/python3.9/shutil.py", line 688, in _rmtree_safe_fd
    os.unlink(entry.name, dir_fd=topfd)
  File "/data/breath12/anaconda3/envs/Dist2/lib/python3.9/shutil.py", line 690, in _rmtree_safe_fd
    onerror(os.unlink, fullname, sys.exc_info())
  File "/data/breath12/anaconda3/envs/Dist2/lib/python3.9/shutil.py", line 688, in _rmtree_safe_fd
    os.unlink(entry.name, dir_fd=topfd)
OSError: [Errno 16] Device or resource busy: '.nfs00000000183e80ec00003ef4'
OSError: [Errno 16] Device or resource busy: '.nfs00000000183e80ea00003ef7'
/data/breath12/anaconda3/envs/Dist2/lib/python3.9/site-packages/torchaudio/_backend/utils.py:213: UserWarning: In 2.9, this function's implementation will be changed to use torchaudio.load_with_torchcodec` under the hood. Some parameters like ``normalize``, ``format``, ``buffer_size``, and ``backend`` will be ignored. We recommend that you port your code to rely directly on TorchCodec's decoder instead: https://docs.pytorch.org/torchcodec/stable/generated/torchcodec.decoders.AudioDecoder.html#torchcodec.decoders.AudioDecoder.
  warnings.warn(
/data/breath12/anaconda3/envs/Dist2/lib/python3.9/site-packages/torchaudio/_backend/utils.py:213: UserWarning: In 2.9, this function's implementation will be changed to use torchaudio.load_with_torchcodec` under the hood. Some parameters like ``normalize``, ``format``, ``buffer_size``, and ``backend`` will be ignored. We recommend that you port your code to rely directly on TorchCodec's decoder instead: https://docs.pytorch.org/torchcodec/stable/generated/torchcodec.decoders.AudioDecoder.html#torchcodec.decoders.AudioDecoder.
  warnings.warn(
/data/breath12/anaconda3/envs/Dist2/lib/python3.9/site-packages/torchaudio/_backend/utils.py:213: UserWarning: In 2.9, this function's implementation will be changed to use torchaudio.load_with_torchcodec` under the hood. Some parameters like ``normalize``, ``format``, ``buffer_size``, and ``backend`` will be ignored. We recommend that you port your code to rely directly on TorchCodec's decoder instead: https://docs.pytorch.org/torchcodec/stable/generated/torchcodec.decoders.AudioDecoder.html#torchcodec.decoders.AudioDecoder.
  warnings.warn(
/data/breath12/anaconda3/envs/Dist2/lib/python3.9/site-packages/torchaudio/_backend/utils.py:213: UserWarning: In 2.9, this function's implementation will be changed to use torchaudio.load_with_torchcodec` under the hood. Some parameters like ``normalize``, ``format``, ``buffer_size``, and ``backend`` will be ignored. We recommend that you port your code to rely directly on TorchCodec's decoder instead: https://docs.pytorch.org/torchcodec/stable/generated/torchcodec.decoders.AudioDecoder.html#torchcodec.decoders.AudioDecoder.
  warnings.warn(
Traceback (most recent call last):
  File "/data/breath12/anaconda3/envs/Dist2/lib/python3.9/multiprocessing/util.py", line 300, in _run_finalizers
    finalizer()
  File "/data/breath12/anaconda3/envs/Dist2/lib/python3.9/multiprocessing/util.py", line 224, in __call__
    res = self._callback(*self._args, **self._kwargs)
  File "/data/breath12/anaconda3/envs/Dist2/lib/python3.9/multiprocessing/util.py", line 133, in _remove_temp_dir
    rmtree(tempdir)
  File "/data/breath12/anaconda3/envs/Dist2/lib/python3.9/shutil.py", line 734, in rmtree
    _rmtree_safe_fd(fd, path, onerror)
  File "/data/breath12/anaconda3/envs/Dist2/lib/python3.9/shutil.py", line 690, in _rmtree_safe_fd
    onerror(os.unlink, fullname, sys.exc_info())
  File "/data/breath12/anaconda3/envs/Dist2/lib/python3.9/shutil.py", line 688, in _rmtree_safe_fd
    os.unlink(entry.name, dir_fd=topfd)
OSError: [Errno 16] Device or resource busy: '.nfs00000000183e80f000003f00'
Traceback (most recent call last):
  File "/data/breath12/anaconda3/envs/Dist2/lib/python3.9/multiprocessing/util.py", line 300, in _run_finalizers
    finalizer()
Traceback (most recent call last):
  File "/data/breath12/anaconda3/envs/Dist2/lib/python3.9/multiprocessing/util.py", line 224, in __call__
    res = self._callback(*self._args, **self._kwargs)
  File "/data/breath12/anaconda3/envs/Dist2/lib/python3.9/multiprocessing/util.py", line 133, in _remove_temp_dir
    rmtree(tempdir)
  File "/data/breath12/anaconda3/envs/Dist2/lib/python3.9/shutil.py", line 734, in rmtree
    _rmtree_safe_fd(fd, path, onerror)
  File "/data/breath12/anaconda3/envs/Dist2/lib/python3.9/shutil.py", line 690, in _rmtree_safe_fd
    onerror(os.unlink, fullname, sys.exc_info())
  File "/data/breath12/anaconda3/envs/Dist2/lib/python3.9/shutil.py", line 688, in _rmtree_safe_fd
    os.unlink(entry.name, dir_fd=topfd)
Traceback (most recent call last):
OSError: [Errno 16] Device or resource busy: '.nfs00000000183e80f500003f01'
  File "/data/breath12/anaconda3/envs/Dist2/lib/python3.9/multiprocessing/util.py", line 300, in _run_finalizers
    finalizer()
  File "/data/breath12/anaconda3/envs/Dist2/lib/python3.9/multiprocessing/util.py", line 224, in __call__
    res = self._callback(*self._args, **self._kwargs)
  File "/data/breath12/anaconda3/envs/Dist2/lib/python3.9/multiprocessing/util.py", line 133, in _remove_temp_dir
    rmtree(tempdir)
  File "/data/breath12/anaconda3/envs/Dist2/lib/python3.9/shutil.py", line 734, in rmtree
    _rmtree_safe_fd(fd, path, onerror)
  File "/data/breath12/anaconda3/envs/Dist2/lib/python3.9/shutil.py", line 690, in _rmtree_safe_fd
    onerror(os.unlink, fullname, sys.exc_info())
  File "/data/breath12/anaconda3/envs/Dist2/lib/python3.9/shutil.py", line 688, in _rmtree_safe_fd
    os.unlink(entry.name, dir_fd=topfd)
  File "/data/breath12/anaconda3/envs/Dist2/lib/python3.9/multiprocessing/util.py", line 300, in _run_finalizers
    finalizer()
  File "/data/breath12/anaconda3/envs/Dist2/lib/python3.9/multiprocessing/util.py", line 224, in __call__
    res = self._callback(*self._args, **self._kwargs)
  File "/data/breath12/anaconda3/envs/Dist2/lib/python3.9/multiprocessing/util.py", line 133, in _remove_temp_dir
    rmtree(tempdir)
  File "/data/breath12/anaconda3/envs/Dist2/lib/python3.9/shutil.py", line 734, in rmtree
    _rmtree_safe_fd(fd, path, onerror)
OSError: [Errno 16] Device or resource busy: '.nfs00000000183e80f200003f03'
  File "/data/breath12/anaconda3/envs/Dist2/lib/python3.9/shutil.py", line 690, in _rmtree_safe_fd
    onerror(os.unlink, fullname, sys.exc_info())
  File "/data/breath12/anaconda3/envs/Dist2/lib/python3.9/shutil.py", line 688, in _rmtree_safe_fd
    os.unlink(entry.name, dir_fd=topfd)
OSError: [Errno 16] Device or resource busy: '.nfs00000000183e80f600003f02'
2025-11-15 19:11:32,522 DDP_Script [Rank 3] [INFO] val WER 0.847, CER 0.395, pseudo-acc 15.31%
2025-11-15 19:11:33,786 DDP_Script [Rank 3] [INFO] epoch 20 시작
2025-11-15 19:11:33,788 DDP_Script [Rank 3] [INFO] local_steps=32, global_steps=32
/data/breath12/anaconda3/envs/Dist2/lib/python3.9/site-packages/torchaudio/_backend/utils.py:213: UserWarning: In 2.9, this function's implementation will be changed to use torchaudio.load_with_torchcodec` under the hood. Some parameters like ``normalize``, ``format``, ``buffer_size``, and ``backend`` will be ignored. We recommend that you port your code to rely directly on TorchCodec's decoder instead: https://docs.pytorch.org/torchcodec/stable/generated/torchcodec.decoders.AudioDecoder.html#torchcodec.decoders.AudioDecoder.
  warnings.warn(
/data/breath12/anaconda3/envs/Dist2/lib/python3.9/site-packages/torchaudio/_backend/utils.py:213: UserWarning: In 2.9, this function's implementation will be changed to use torchaudio.load_with_torchcodec` under the hood. Some parameters like ``normalize``, ``format``, ``buffer_size``, and ``backend`` will be ignored. We recommend that you port your code to rely directly on TorchCodec's decoder instead: https://docs.pytorch.org/torchcodec/stable/generated/torchcodec.decoders.AudioDecoder.html#torchcodec.decoders.AudioDecoder.
  warnings.warn(
/data/breath12/anaconda3/envs/Dist2/lib/python3.9/site-packages/torchaudio/_backend/utils.py:213: UserWarning: In 2.9, this function's implementation will be changed to use torchaudio.load_with_torchcodec` under the hood. Some parameters like ``normalize``, ``format``, ``buffer_size``, and ``backend`` will be ignored. We recommend that you port your code to rely directly on TorchCodec's decoder instead: https://docs.pytorch.org/torchcodec/stable/generated/torchcodec.decoders.AudioDecoder.html#torchcodec.decoders.AudioDecoder.
  warnings.warn(
/data/breath12/anaconda3/envs/Dist2/lib/python3.9/site-packages/torchaudio/_backend/utils.py:213: UserWarning: In 2.9, this function's implementation will be changed to use torchaudio.load_with_torchcodec` under the hood. Some parameters like ``normalize``, ``format``, ``buffer_size``, and ``backend`` will be ignored. We recommend that you port your code to rely directly on TorchCodec's decoder instead: https://docs.pytorch.org/torchcodec/stable/generated/torchcodec.decoders.AudioDecoder.html#torchcodec.decoders.AudioDecoder.
  warnings.warn(
Traceback (most recent call last):
Traceback (most recent call last):
  File "/data/breath12/anaconda3/envs/Dist2/lib/python3.9/multiprocessing/util.py", line 300, in _run_finalizers
    finalizer()
  File "/data/breath12/anaconda3/envs/Dist2/lib/python3.9/multiprocessing/util.py", line 224, in __call__
    res = self._callback(*self._args, **self._kwargs)
  File "/data/breath12/anaconda3/envs/Dist2/lib/python3.9/multiprocessing/util.py", line 133, in _remove_temp_dir
    rmtree(tempdir)
  File "/data/breath12/anaconda3/envs/Dist2/lib/python3.9/shutil.py", line 734, in rmtree
    _rmtree_safe_fd(fd, path, onerror)
  File "/data/breath12/anaconda3/envs/Dist2/lib/python3.9/shutil.py", line 690, in _rmtree_safe_fd
    onerror(os.unlink, fullname, sys.exc_info())
  File "/data/breath12/anaconda3/envs/Dist2/lib/python3.9/shutil.py", line 688, in _rmtree_safe_fd
    os.unlink(entry.name, dir_fd=topfd)
  File "/data/breath12/anaconda3/envs/Dist2/lib/python3.9/multiprocessing/util.py", line 300, in _run_finalizers
    finalizer()
  File "/data/breath12/anaconda3/envs/Dist2/lib/python3.9/multiprocessing/util.py", line 224, in __call__
    res = self._callback(*self._args, **self._kwargs)
  File "/data/breath12/anaconda3/envs/Dist2/lib/python3.9/multiprocessing/util.py", line 133, in _remove_temp_dir
    rmtree(tempdir)
OSError: [Errno 16] Device or resource busy: '.nfs00000000183e80fb00003f16'
  File "/data/breath12/anaconda3/envs/Dist2/lib/python3.9/shutil.py", line 734, in rmtree
    _rmtree_safe_fd(fd, path, onerror)
  File "/data/breath12/anaconda3/envs/Dist2/lib/python3.9/shutil.py", line 690, in _rmtree_safe_fd
    onerror(os.unlink, fullname, sys.exc_info())
  File "/data/breath12/anaconda3/envs/Dist2/lib/python3.9/shutil.py", line 688, in _rmtree_safe_fd
    os.unlink(entry.name, dir_fd=topfd)
OSError: [Errno 16] Device or resource busy: '.nfs00000000183e80fa00003f15'
Traceback (most recent call last):
  File "/data/breath12/anaconda3/envs/Dist2/lib/python3.9/multiprocessing/util.py", line 300, in _run_finalizers
    finalizer()
  File "/data/breath12/anaconda3/envs/Dist2/lib/python3.9/multiprocessing/util.py", line 224, in __call__
    res = self._callback(*self._args, **self._kwargs)
  File "/data/breath12/anaconda3/envs/Dist2/lib/python3.9/multiprocessing/util.py", line 133, in _remove_temp_dir
    rmtree(tempdir)
  File "/data/breath12/anaconda3/envs/Dist2/lib/python3.9/shutil.py", line 734, in rmtree
    _rmtree_safe_fd(fd, path, onerror)
  File "/data/breath12/anaconda3/envs/Dist2/lib/python3.9/shutil.py", line 690, in _rmtree_safe_fd
    onerror(os.unlink, fullname, sys.exc_info())
  File "/data/breath12/anaconda3/envs/Dist2/lib/python3.9/shutil.py", line 688, in _rmtree_safe_fd
    os.unlink(entry.name, dir_fd=topfd)
OSError: [Errno 16] Device or resource busy: '.nfs00000000183e80fe00003f14'
Traceback (most recent call last):
  File "/data/breath12/anaconda3/envs/Dist2/lib/python3.9/multiprocessing/util.py", line 300, in _run_finalizers
    finalizer()
  File "/data/breath12/anaconda3/envs/Dist2/lib/python3.9/multiprocessing/util.py", line 224, in __call__
    res = self._callback(*self._args, **self._kwargs)
  File "/data/breath12/anaconda3/envs/Dist2/lib/python3.9/multiprocessing/util.py", line 133, in _remove_temp_dir
    rmtree(tempdir)
  File "/data/breath12/anaconda3/envs/Dist2/lib/python3.9/shutil.py", line 734, in rmtree
    _rmtree_safe_fd(fd, path, onerror)
  File "/data/breath12/anaconda3/envs/Dist2/lib/python3.9/shutil.py", line 690, in _rmtree_safe_fd
    onerror(os.unlink, fullname, sys.exc_info())
  File "/data/breath12/anaconda3/envs/Dist2/lib/python3.9/shutil.py", line 688, in _rmtree_safe_fd
    os.unlink(entry.name, dir_fd=topfd)
OSError: [Errno 16] Device or resource busy: '.nfs00000000183e80fc00003f17'
/data/breath12/anaconda3/envs/Dist2/lib/python3.9/site-packages/torchaudio/_backend/utils.py:213: UserWarning: In 2.9, this function's implementation will be changed to use torchaudio.load_with_torchcodec` under the hood. Some parameters like ``normalize``, ``format``, ``buffer_size``, and ``backend`` will be ignored. We recommend that you port your code to rely directly on TorchCodec's decoder instead: https://docs.pytorch.org/torchcodec/stable/generated/torchcodec.decoders.AudioDecoder.html#torchcodec.decoders.AudioDecoder.
  warnings.warn(
/data/breath12/anaconda3/envs/Dist2/lib/python3.9/site-packages/torchaudio/_backend/utils.py:213: UserWarning: In 2.9, this function's implementation will be changed to use torchaudio.load_with_torchcodec` under the hood. Some parameters like ``normalize``, ``format``, ``buffer_size``, and ``backend`` will be ignored. We recommend that you port your code to rely directly on TorchCodec's decoder instead: https://docs.pytorch.org/torchcodec/stable/generated/torchcodec.decoders.AudioDecoder.html#torchcodec.decoders.AudioDecoder.
  warnings.warn(
/data/breath12/anaconda3/envs/Dist2/lib/python3.9/site-packages/torchaudio/_backend/utils.py:213: UserWarning: In 2.9, this function's implementation will be changed to use torchaudio.load_with_torchcodec` under the hood. Some parameters like ``normalize``, ``format``, ``buffer_size``, and ``backend`` will be ignored. We recommend that you port your code to rely directly on TorchCodec's decoder instead: https://docs.pytorch.org/torchcodec/stable/generated/torchcodec.decoders.AudioDecoder.html#torchcodec.decoders.AudioDecoder.
  warnings.warn(
/data/breath12/anaconda3/envs/Dist2/lib/python3.9/site-packages/torchaudio/_backend/utils.py:213: UserWarning: In 2.9, this function's implementation will be changed to use torchaudio.load_with_torchcodec` under the hood. Some parameters like ``normalize``, ``format``, ``buffer_size``, and ``backend`` will be ignored. We recommend that you port your code to rely directly on TorchCodec's decoder instead: https://docs.pytorch.org/torchcodec/stable/generated/torchcodec.decoders.AudioDecoder.html#torchcodec.decoders.AudioDecoder.
  warnings.warn(
Traceback (most recent call last):
  File "/data/breath12/anaconda3/envs/Dist2/lib/python3.9/multiprocessing/util.py", line 300, in _run_finalizers
    finalizer()
  File "/data/breath12/anaconda3/envs/Dist2/lib/python3.9/multiprocessing/util.py", line 224, in __call__
    res = self._callback(*self._args, **self._kwargs)
  File "/data/breath12/anaconda3/envs/Dist2/lib/python3.9/multiprocessing/util.py", line 133, in _remove_temp_dir
    rmtree(tempdir)
  File "/data/breath12/anaconda3/envs/Dist2/lib/python3.9/shutil.py", line 734, in rmtree
    _rmtree_safe_fd(fd, path, onerror)
  File "/data/breath12/anaconda3/envs/Dist2/lib/python3.9/shutil.py", line 690, in _rmtree_safe_fd
    onerror(os.unlink, fullname, sys.exc_info())
  File "/data/breath12/anaconda3/envs/Dist2/lib/python3.9/shutil.py", line 688, in _rmtree_safe_fd
    os.unlink(entry.name, dir_fd=topfd)
OSError: [Errno 16] Device or resource busy: '.nfs00000000183e810000003f26'
Traceback (most recent call last):
  File "/data/breath12/anaconda3/envs/Dist2/lib/python3.9/multiprocessing/util.py", line 300, in _run_finalizers
    finalizer()
Traceback (most recent call last):
  File "/data/breath12/anaconda3/envs/Dist2/lib/python3.9/multiprocessing/util.py", line 224, in __call__
    res = self._callback(*self._args, **self._kwargs)
  File "/data/breath12/anaconda3/envs/Dist2/lib/python3.9/multiprocessing/util.py", line 133, in _remove_temp_dir
    rmtree(tempdir)
  File "/data/breath12/anaconda3/envs/Dist2/lib/python3.9/shutil.py", line 734, in rmtree
    _rmtree_safe_fd(fd, path, onerror)
  File "/data/breath12/anaconda3/envs/Dist2/lib/python3.9/shutil.py", line 690, in _rmtree_safe_fd
    onerror(os.unlink, fullname, sys.exc_info())
  File "/data/breath12/anaconda3/envs/Dist2/lib/python3.9/shutil.py", line 688, in _rmtree_safe_fd
    os.unlink(entry.name, dir_fd=topfd)
Traceback (most recent call last):
OSError: [Errno 16] Device or resource busy: '.nfs00000000183e810600003f24'
  File "/data/breath12/anaconda3/envs/Dist2/lib/python3.9/multiprocessing/util.py", line 300, in _run_finalizers
    finalizer()
  File "/data/breath12/anaconda3/envs/Dist2/lib/python3.9/multiprocessing/util.py", line 224, in __call__
    res = self._callback(*self._args, **self._kwargs)
  File "/data/breath12/anaconda3/envs/Dist2/lib/python3.9/multiprocessing/util.py", line 133, in _remove_temp_dir
    rmtree(tempdir)
  File "/data/breath12/anaconda3/envs/Dist2/lib/python3.9/shutil.py", line 734, in rmtree
    _rmtree_safe_fd(fd, path, onerror)
  File "/data/breath12/anaconda3/envs/Dist2/lib/python3.9/shutil.py", line 690, in _rmtree_safe_fd
    onerror(os.unlink, fullname, sys.exc_info())
  File "/data/breath12/anaconda3/envs/Dist2/lib/python3.9/shutil.py", line 688, in _rmtree_safe_fd
    os.unlink(entry.name, dir_fd=topfd)
  File "/data/breath12/anaconda3/envs/Dist2/lib/python3.9/multiprocessing/util.py", line 300, in _run_finalizers
    finalizer()
OSError: [Errno 16] Device or resource busy: '.nfs00000000183e810500003f25'
  File "/data/breath12/anaconda3/envs/Dist2/lib/python3.9/multiprocessing/util.py", line 224, in __call__
    res = self._callback(*self._args, **self._kwargs)
  File "/data/breath12/anaconda3/envs/Dist2/lib/python3.9/multiprocessing/util.py", line 133, in _remove_temp_dir
    rmtree(tempdir)
  File "/data/breath12/anaconda3/envs/Dist2/lib/python3.9/shutil.py", line 734, in rmtree
    _rmtree_safe_fd(fd, path, onerror)
  File "/data/breath12/anaconda3/envs/Dist2/lib/python3.9/shutil.py", line 690, in _rmtree_safe_fd
    onerror(os.unlink, fullname, sys.exc_info())
  File "/data/breath12/anaconda3/envs/Dist2/lib/python3.9/shutil.py", line 688, in _rmtree_safe_fd
    os.unlink(entry.name, dir_fd=topfd)
OSError: [Errno 16] Device or resource busy: '.nfs00000000183e810400003f27'
2025-11-15 19:11:41,968 DDP_Script [Rank 3] [INFO] val WER 0.826, CER 0.346, pseudo-acc 17.40%
2025-11-15 19:11:43,013 DDP_Script [Rank 3] [INFO] Training loop finished.
