ts,cluster,queue_len,slots_total,slots_used,free,U_t,E_t,p_fair,lam_time,lam_cost,lam_fair
2026-01-25 10:59:18,clusterA,0,4,0,4,0.00,0.5,0.5,0.0,0.0,0.0
2026-01-25 10:59:18,clusterB,0,4,0,4,0.00,0.5,0.5,0.0,0.0,0.0
2026-01-25 10:59:23,clusterA,0,4,0,4,0.00,0.5,0.5,0.0,0.0,0.0
2026-01-25 10:59:23,clusterB,0,4,0,4,0.00,0.5,0.5,0.0,0.0,0.0
2026-01-25 10:59:28,clusterA,0,4,0,4,0.00,0.5,0.5,0.0,0.0,0.0
2026-01-25 10:59:28,clusterB,0,4,0,4,0.00,0.5,0.5,0.0,0.0,0.0
2026-01-25 10:59:33,clusterA,0,4,0,4,0.00,0.5,0.5,0.0,0.0,0.0
2026-01-25 10:59:33,clusterB,0,4,0,4,0.00,0.5,0.5,0.0,0.0,0.0
2026-01-25 10:59:38,clusterA,0,4,0,4,0.00,0.5,0.5,0.0,0.0,0.0
2026-01-25 10:59:38,clusterB,0,4,0,4,0.00,0.5,0.5,0.0,0.0,0.0
2026-01-25 10:59:43,clusterA,0,4,0,4,0.00,0.5,0.5,0.0,0.0,0.0
2026-01-25 10:59:43,clusterB,0,4,0,4,0.00,0.5,0.5,0.0,0.0,0.0
2026-01-25 10:59:48,clusterA,0,4,0,4,0.00,0.5,0.5,0.0,0.0,0.0
2026-01-25 10:59:48,clusterB,0,4,0,4,0.00,0.5,0.5,0.0,0.0,0.0
2026-01-25 10:59:53,clusterA,0,4,0,4,0.00,0.5,0.5,0.0,0.0,0.0
2026-01-25 10:59:53,clusterB,0,4,0,4,0.00,0.5,0.5,0.0,0.0,0.0
2026-01-25 10:59:58,clusterA,0,4,0,4,0.00,0.5,0.5,0.0,0.0,0.0
2026-01-25 10:59:58,clusterB,0,4,0,4,0.00,0.5,0.5,0.0,0.0,0.0
2026-01-25 11:00:03,clusterA,0,4,0,4,0.00,0.5,0.5,0.0,0.0,0.0
2026-01-25 11:00:03,clusterB,0,4,0,4,0.00,0.5,0.5,0.0,0.0,0.0
2026-01-25 11:00:08,clusterA,0,4,0,4,0.00,0.5,0.5,0.0,0.0,0.0
2026-01-25 11:00:08,clusterB,0,4,0,4,0.00,0.5,0.5,0.0,0.0,0.0
2026-01-25 11:00:13,clusterA,0,4,0,4,0.00,0.5,0.5,0.0,0.0,0.0
2026-01-25 11:00:13,clusterB,0,4,0,4,0.00,0.5,0.5,0.0,0.0,0.0
2026-01-25 11:00:18,clusterA,0,4,0,4,0.00,0.5,0.5,0.0,0.0,0.0
2026-01-25 11:00:18,clusterB,0,4,0,4,0.00,0.5,0.5,0.0,0.0,0.0
2026-01-25 11:00:23,clusterA,0,4,0,4,0.00,0.5,0.5,0.0,0.0,0.0
2026-01-25 11:00:23,clusterB,0,4,0,4,0.00,0.5,0.5,0.0,0.0,0.0
2026-01-25 11:00:28,clusterA,0,4,0,4,0.00,0.5,0.5,0.0,0.0,0.0
2026-01-25 11:00:28,clusterB,0,4,0,4,0.00,0.5,0.5,0.0,0.0,0.0
2026-01-25 11:00:33,clusterA,0,4,0,4,0.00,0.5,0.5,0.0,0.0,0.0
2026-01-25 11:00:33,clusterB,0,4,0,4,0.00,0.5,0.5,0.0,0.0,0.0
2026-01-25 11:00:38,clusterA,0,4,0,4,0.00,0.5,0.5,0.0,0.0,0.0
2026-01-25 11:00:38,clusterB,0,4,0,4,0.00,0.5,0.5,0.0,0.0,0.0
2026-01-25 11:00:43,clusterA,0,4,0,4,0.00,0.5,0.5,0.0,0.0,0.0
2026-01-25 11:00:43,clusterB,0,4,0,4,0.00,0.5,0.5,0.0,0.0,0.0
2026-01-25 11:00:48,clusterA,0,4,0,4,0.00,0.5,0.5,0.0,0.0,0.0
2026-01-25 11:00:48,clusterB,0,4,0,4,0.00,0.5,0.5,0.0,0.0,0.0
2026-01-25 11:00:53,clusterA,0,4,0,4,0.00,0.5,0.5,0.0,0.0,0.0
2026-01-25 11:00:53,clusterB,0,4,0,4,0.00,0.5,0.5,0.0,0.0,0.0
2026-01-25 11:00:58,clusterA,0,4,0,4,0.00,0.5,0.5,0.0,0.0,0.0
2026-01-25 11:00:58,clusterB,0,4,0,4,0.00,0.5,0.5,0.0,0.0,0.0
2026-01-25 11:01:03,clusterA,0,4,0,4,0.00,0.5,0.5,0.0,0.0,0.0
2026-01-25 11:01:03,clusterB,0,4,0,4,0.00,0.5,0.5,0.0,0.0,0.0
2026-01-25 11:01:08,clusterA,0,4,0,4,0.00,0.5,0.5,0.0,0.0,0.0
2026-01-25 11:01:08,clusterB,0,4,0,4,0.00,0.5,0.5,0.0,0.0,0.0
2026-01-25 11:01:13,clusterA,0,4,0,4,0.00,0.5,0.5,0.0,0.0,0.0
2026-01-25 11:01:13,clusterB,0,4,0,4,0.00,0.5,0.5,0.0,0.0,0.0
2026-01-25 11:01:18,clusterA,0,4,0,4,0.00,0.5,0.5,0.0,0.0,0.0
2026-01-25 11:01:18,clusterB,0,4,0,4,0.00,0.5,0.5,0.0,0.0,0.0
2026-01-25 11:01:23,clusterA,0,4,0,4,0.00,0.5,0.5,0.0,0.0,0.0
2026-01-25 11:01:23,clusterB,0,4,0,4,0.00,0.5,0.5,0.0,0.0,0.0
2026-01-25 11:01:28,clusterA,0,4,0,4,0.00,0.5,0.5,0.0,0.0,0.0
2026-01-25 11:01:28,clusterB,0,4,0,4,0.00,0.5,0.5,0.0,0.0,0.0
2026-01-25 11:01:33,clusterA,0,4,0,4,0.00,0.5,0.5,0.0,0.0,0.0
2026-01-25 11:01:33,clusterB,0,4,0,4,0.00,0.5,0.5,0.0,0.0,0.0
2026-01-25 11:01:38,clusterA,0,4,0,4,0.00,0.5,0.5,0.0,0.0,0.0
2026-01-25 11:01:38,clusterB,0,4,0,4,0.00,0.5,0.5,0.0,0.0,0.0
2026-01-25 11:01:43,clusterA,0,4,0,4,0.00,0.5,0.5,0.0,0.0,0.0
2026-01-25 11:01:43,clusterB,0,4,0,4,0.00,0.5,0.5,0.0,0.0,0.0
2026-01-25 11:01:48,clusterA,0,4,0,4,0.00,0.5,0.5,0.0,0.0,0.0
2026-01-25 11:01:48,clusterB,0,4,0,4,0.00,0.5,0.5,0.0,0.0,0.0
2026-01-25 11:01:53,clusterA,0,4,0,4,0.00,0.5,0.5,0.0,0.0,0.0
2026-01-25 11:01:53,clusterB,0,4,0,4,0.00,0.5,0.5,0.0,0.0,0.0
2026-01-25 11:01:58,clusterA,0,4,0,4,0.00,0.5,0.5,0.0,0.0,0.0
2026-01-25 11:01:58,clusterB,0,4,0,4,0.00,0.5,0.5,0.0,0.0,0.0
2026-01-25 11:02:03,clusterA,0,4,0,4,0.00,0.5,0.5,0.0,0.0,0.0
2026-01-25 11:02:03,clusterB,0,4,0,4,0.00,0.5,0.5,0.0,0.0,0.0
2026-01-25 11:02:08,clusterA,0,4,0,4,0.00,0.5,0.5,0.0,0.0,0.0
2026-01-25 11:02:08,clusterB,0,4,0,4,0.00,0.5,0.5,0.0,0.0,0.0
2026-01-25 11:02:13,clusterA,0,4,0,4,0.00,0.5,0.5,0.0,0.0,0.0
2026-01-25 11:02:13,clusterB,0,4,0,4,0.00,0.5,0.5,0.0,0.0,0.0
2026-01-25 11:02:18,clusterA,0,4,0,4,0.00,0.5,0.5,0.0,0.0,0.0
2026-01-25 11:02:18,clusterB,0,4,0,4,0.00,0.5,0.5,0.0,0.0,0.0
2026-01-25 11:02:23,clusterA,0,4,0,4,0.00,0.5,0.5,0.0,0.0,0.0
2026-01-25 11:02:23,clusterB,0,4,0,4,0.00,0.5,0.5,0.0,0.0,0.0
2026-01-25 11:02:28,clusterA,0,4,0,4,0.00,0.5,0.5,0.0,0.0,0.0
2026-01-25 11:02:28,clusterB,0,4,0,4,0.00,0.5,0.5,0.0,0.0,0.0
2026-01-25 11:02:33,clusterA,0,4,0,4,0.00,0.5,0.5,0.0,0.0,0.0
2026-01-25 11:02:33,clusterB,0,4,0,4,0.00,0.5,0.5,0.0,0.0,0.0
2026-01-25 11:02:38,clusterA,0,4,0,4,0.00,0.5,0.5,0.0,0.0,0.0
2026-01-25 11:02:38,clusterB,0,4,0,4,0.00,0.5,0.5,0.0,0.0,0.0
2026-01-25 11:02:43,clusterA,0,4,0,4,0.00,0.5,0.5,0.0,0.0,0.0
2026-01-25 11:02:43,clusterB,0,4,0,4,0.00,0.5,0.5,0.0,0.0,0.0
2026-01-25 11:02:48,clusterA,0,4,0,4,0.00,0.5,0.5,0.0,0.0,0.0
2026-01-25 11:02:48,clusterB,0,4,0,4,0.00,0.5,0.5,0.0,0.0,0.0
2026-01-25 11:02:53,clusterA,0,4,0,4,0.00,0.5,0.5,0.0,0.0,0.0
2026-01-25 11:02:53,clusterB,0,4,0,4,0.00,0.5,0.5,0.0,0.0,0.0
2026-01-25 11:02:58,clusterA,0,4,0,4,0.00,0.5,0.5,0.0,0.0,0.0
2026-01-25 11:02:58,clusterB,0,4,0,4,0.00,0.5,0.5,0.0,0.0,0.0
2026-01-25 11:03:03,clusterA,0,4,0,4,0.00,0.5,0.5,0.0,0.0,0.0
2026-01-25 11:03:03,clusterB,0,4,0,4,0.00,0.5,0.5,0.0,0.0,0.0
2026-01-25 11:03:08,clusterA,0,4,0,4,0.00,0.5,0.5,0.0,0.0,0.0
2026-01-25 11:03:08,clusterB,0,4,0,4,0.00,0.5,0.5,0.0,0.0,0.0
2026-01-25 11:03:13,clusterA,0,4,0,4,0.00,0.5,0.5,0.0,0.0,0.0
2026-01-25 11:03:13,clusterB,0,4,0,4,0.00,0.5,0.5,0.0,0.0,0.0
2026-01-25 11:03:18,clusterA,0,4,0,4,0.00,0.5,0.5,0.0,0.0,0.0
2026-01-25 11:03:18,clusterB,0,4,0,4,0.00,0.5,0.5,0.0,0.0,0.0
2026-01-25 11:03:23,clusterA,0,4,0,4,0.00,0.5,0.5,0.0,0.0,0.0
2026-01-25 11:03:23,clusterB,0,4,0,4,0.00,0.5,0.5,0.0,0.0,0.0
2026-01-25 11:03:28,clusterA,0,4,0,4,0.00,0.5,0.5,0.0,0.0,0.0
2026-01-25 11:03:28,clusterB,0,4,0,4,0.00,0.5,0.5,0.0,0.0,0.0
2026-01-25 11:03:33,clusterA,0,4,0,4,0.00,0.5,0.5,0.0,0.0,0.0
2026-01-25 11:03:33,clusterB,0,4,0,4,0.00,0.5,0.5,0.0,0.0,0.0
2026-01-25 11:03:38,clusterA,0,4,0,4,0.00,0.5,0.5,0.0,0.0,0.0
2026-01-25 11:03:38,clusterB,0,4,0,4,0.00,0.5,0.5,0.0,0.0,0.0
2026-01-25 11:03:43,clusterA,1,4,0,4,0.00,0.5,0.5,0.0,0.0,0.0
2026-01-25 11:03:43,clusterB,1,4,0,4,0.00,0.5,0.5,0.0,0.0,0.0
2026-01-25 11:03:48,clusterA,0,4,1,3,0.25,0.5,0.5,0.0,0.0,0.0
2026-01-25 11:03:48,clusterB,0,4,0,4,0.00,0.5,0.5,0.0,0.0,0.0
2026-01-25 11:03:53,clusterA,0,4,1,3,0.25,0.5,0.5,0.0,0.0,0.0
2026-01-25 11:03:53,clusterB,0,4,0,4,0.00,0.5,0.5,0.0,0.0,0.0
2026-01-25 11:03:58,clusterA,0,4,1,3,0.25,0.5,0.5,0.0,0.0,0.0
2026-01-25 11:03:58,clusterB,0,4,0,4,0.00,0.5,0.5,0.0,0.0,0.0
2026-01-25 11:04:03,clusterA,0,4,1,3,0.25,0.5,0.5,0.0,0.0,0.0
2026-01-25 11:04:03,clusterB,0,4,0,4,0.00,0.5,0.5,0.0,0.0,0.0
2026-01-25 11:04:08,clusterA,0,4,1,3,0.25,0.5,0.5,0.0,0.0,0.0
2026-01-25 11:04:08,clusterB,0,4,0,4,0.00,0.5,0.5,0.0,0.0,0.0
2026-01-25 11:04:13,clusterA,0,4,1,3,0.25,0.5,0.5,0.0,0.0,0.0
2026-01-25 11:04:13,clusterB,0,4,0,4,0.00,0.5,0.5,0.0,0.0,0.0
2026-01-25 11:04:18,clusterA,0,4,1,3,0.25,0.5,0.5,0.0,0.0,0.0
2026-01-25 11:04:18,clusterB,0,4,0,4,0.00,0.5,0.5,0.0,0.0,0.0
2026-01-25 11:04:23,clusterA,0,4,1,3,0.25,0.5,0.5,0.0,0.0,0.0
2026-01-25 11:04:23,clusterB,0,4,0,4,0.00,0.5,0.5,0.0,0.0,0.0
2026-01-25 11:04:28,clusterA,0,4,1,3,0.25,0.5,0.5,0.0,0.0,0.0
2026-01-25 11:04:28,clusterB,0,4,0,4,0.00,0.5,0.5,0.0,0.0,0.0
2026-01-25 11:04:33,clusterA,0,4,1,3,0.25,0.5,0.5,0.0,0.0,0.0
2026-01-25 11:04:33,clusterB,0,4,0,4,0.00,0.5,0.5,0.0,0.0,0.0
2026-01-25 11:04:38,clusterA,0,4,1,3,0.25,0.5,0.5,0.0,0.0,0.0
2026-01-25 11:04:38,clusterB,0,4,0,4,0.00,0.5,0.5,0.0,0.0,0.0
2026-01-25 11:04:43,clusterA,0,4,1,3,0.25,0.5,0.5,0.0,0.0,0.0
2026-01-25 11:04:43,clusterB,0,4,0,4,0.00,0.5,0.5,0.0,0.0,0.0
2026-01-25 11:04:48,clusterA,0,4,1,3,0.25,0.5,0.5,0.0,0.0,0.0
2026-01-25 11:04:48,clusterB,0,4,0,4,0.00,0.5,0.5,0.0,0.0,0.0
2026-01-25 11:04:54,clusterA,0,4,1,3,0.25,0.5,0.5,0.0,0.0,0.0
2026-01-25 11:04:54,clusterB,0,4,0,4,0.00,0.5,0.5,0.0,0.0,0.0
2026-01-25 11:04:59,clusterA,0,4,1,3,0.25,0.5,0.5,0.0,0.0,0.0
2026-01-25 11:04:59,clusterB,0,4,0,4,0.00,0.5,0.5,0.0,0.0,0.0
2026-01-25 11:05:04,clusterA,0,4,1,3,0.25,0.5,0.5,0.0,0.0,0.0
2026-01-25 11:05:04,clusterB,0,4,0,4,0.00,0.5,0.5,0.0,0.0,0.0
2026-01-25 11:05:09,clusterA,0,4,1,3,0.25,0.5,0.5,0.0,0.0,0.0
2026-01-25 11:05:09,clusterB,0,4,0,4,0.00,0.5,0.5,0.0,0.0,0.0
2026-01-25 11:05:14,clusterA,0,4,1,3,0.25,0.5,0.5,0.0,0.0,0.0
2026-01-25 11:05:14,clusterB,0,4,0,4,0.00,0.5,0.5,0.0,0.0,0.0
2026-01-25 11:05:19,clusterA,0,4,1,3,0.25,0.5,0.5,0.0,0.0,0.0
2026-01-25 11:05:19,clusterB,0,4,0,4,0.00,0.5,0.5,0.0,0.0,0.0
2026-01-25 11:05:24,clusterA,0,4,1,3,0.25,0.5,0.5,0.0,0.0,0.0
2026-01-25 11:05:24,clusterB,0,4,0,4,0.00,0.5,0.5,0.0,0.0,0.0
2026-01-25 11:05:29,clusterA,0,4,1,3,0.25,0.5,0.5,0.0,0.0,0.0
2026-01-25 11:05:29,clusterB,0,4,0,4,0.00,0.5,0.5,0.0,0.0,0.0
2026-01-25 11:05:34,clusterA,0,4,1,3,0.25,0.5,0.5,0.0,0.0,0.0
2026-01-25 11:05:34,clusterB,0,4,0,4,0.00,0.5,0.5,0.0,0.0,0.0
2026-01-25 11:05:39,clusterA,0,4,1,3,0.25,0.5,0.5,0.0,0.0,0.0
2026-01-25 11:05:39,clusterB,0,4,0,4,0.00,0.5,0.5,0.0,0.0,0.0
2026-01-25 11:05:44,clusterA,0,4,1,3,0.25,0.5,0.5,0.0,0.0,0.0
2026-01-25 11:05:44,clusterB,0,4,0,4,0.00,0.5,0.5,0.0,0.0,0.0
2026-01-25 11:05:49,clusterA,0,4,1,3,0.25,0.5,0.5,0.0,0.0,0.0
2026-01-25 11:05:49,clusterB,0,4,0,4,0.00,0.5,0.5,0.0,0.0,0.0
2026-01-25 11:05:54,clusterA,0,4,1,3,0.25,0.5,0.5,0.0,0.0,0.0
2026-01-25 11:05:54,clusterB,0,4,0,4,0.00,0.5,0.5,0.0,0.0,0.0
2026-01-25 11:05:59,clusterA,0,4,1,3,0.25,0.5,0.5,0.0,0.0,0.0
2026-01-25 11:05:59,clusterB,0,4,0,4,0.00,0.5,0.5,0.0,0.0,0.0
2026-01-25 11:06:04,clusterA,0,4,1,3,0.25,0.5,0.5,0.0,0.0,0.0
2026-01-25 11:06:04,clusterB,0,4,0,4,0.00,0.5,0.5,0.0,0.0,0.0
2026-01-25 11:06:09,clusterA,0,4,1,3,0.25,0.5,0.5,0.0,0.0,0.0
2026-01-25 11:06:09,clusterB,0,4,0,4,0.00,0.5,0.5,0.0,0.0,0.0
2026-01-25 11:06:14,clusterA,0,4,1,3,0.25,0.5,0.5,0.0,0.0,0.0
2026-01-25 11:06:14,clusterB,0,4,0,4,0.00,0.5,0.5,0.0,0.0,0.0
2026-01-25 11:06:19,clusterA,0,4,1,3,0.25,0.5,0.5,0.0,0.0,0.0
2026-01-25 11:06:19,clusterB,0,4,0,4,0.00,0.5,0.5,0.0,0.0,0.0
2026-01-25 11:06:24,clusterA,0,4,1,3,0.25,0.5,0.5,0.0,0.0,0.0
2026-01-25 11:06:24,clusterB,0,4,0,4,0.00,0.5,0.5,0.0,0.0,0.0
2026-01-25 11:06:29,clusterA,0,4,1,3,0.25,0.5,0.5,0.0,0.0,0.0
2026-01-25 11:06:29,clusterB,0,4,0,4,0.00,0.5,0.5,0.0,0.0,0.0
2026-01-25 11:06:35,clusterA,0,4,1,3,0.25,0.5,0.5,0.0,0.0,0.0
2026-01-25 11:06:35,clusterB,0,4,0,4,0.00,0.5,0.5,0.0,0.0,0.0
2026-01-25 11:06:40,clusterA,0,4,1,3,0.25,0.5,0.5,0.0,0.0,0.0
2026-01-25 11:06:40,clusterB,0,4,0,4,0.00,0.5,0.5,0.0,0.0,0.0
2026-01-25 11:06:45,clusterA,0,4,1,3,0.25,0.5,0.5,0.0,0.0,0.0
2026-01-25 11:06:45,clusterB,0,4,0,4,0.00,0.5,0.5,0.0,0.0,0.0
2026-01-25 11:06:50,clusterA,0,4,1,3,0.25,0.5,0.5,0.0,0.0,0.0
2026-01-25 11:06:50,clusterB,0,4,0,4,0.00,0.5,0.5,0.0,0.0,0.0
2026-01-25 11:06:55,clusterA,0,4,1,3,0.25,0.5,0.5,0.0,0.0,0.0
2026-01-25 11:06:55,clusterB,0,4,0,4,0.00,0.5,0.5,0.0,0.0,0.0
2026-01-25 11:07:00,clusterA,0,4,1,3,0.25,0.5,0.5,0.0,0.0,0.0
2026-01-25 11:07:00,clusterB,0,4,0,4,0.00,0.5,0.5,0.0,0.0,0.0
2026-01-25 11:07:05,clusterA,0,4,1,3,0.25,0.5,0.5,0.0,0.0,0.0
2026-01-25 11:07:05,clusterB,0,4,0,4,0.00,0.5,0.5,0.0,0.0,0.0
2026-01-25 11:07:10,clusterA,0,4,1,3,0.25,0.5,0.5,0.0,0.0,0.0
2026-01-25 11:07:10,clusterB,0,4,0,4,0.00,0.5,0.5,0.0,0.0,0.0
2026-01-25 11:07:15,clusterA,0,4,1,3,0.25,0.5,0.5,0.0,0.0,0.0
2026-01-25 11:07:15,clusterB,0,4,0,4,0.00,0.5,0.5,0.0,0.0,0.0
2026-01-25 11:07:20,clusterA,0,4,1,3,0.25,0.5,0.5,0.0,0.0,0.0
2026-01-25 11:07:20,clusterB,0,4,0,4,0.00,0.5,0.5,0.0,0.0,0.0
2026-01-25 11:07:25,clusterA,0,4,1,3,0.25,0.5,0.5,0.0,0.0,0.0
2026-01-25 11:07:25,clusterB,0,4,0,4,0.00,0.5,0.5,0.0,0.0,0.0
2026-01-25 11:07:30,clusterA,0,4,1,3,0.25,0.5,0.5,0.0,0.0,0.0
2026-01-25 11:07:30,clusterB,0,4,0,4,0.00,0.5,0.5,0.0,0.0,0.0
2026-01-25 11:07:35,clusterA,0,4,1,3,0.25,0.5,0.5,0.0,0.0,0.0
2026-01-25 11:07:35,clusterB,0,4,0,4,0.00,0.5,0.5,0.0,0.0,0.0
2026-01-25 11:07:40,clusterA,0,4,1,3,0.25,0.5,0.5,0.0,0.0,0.0
2026-01-25 11:07:40,clusterB,0,4,0,4,0.00,0.5,0.5,0.0,0.0,0.0
2026-01-25 11:07:45,clusterA,0,4,1,3,0.25,0.5,0.5,0.0,0.0,0.0
2026-01-25 11:07:45,clusterB,0,4,0,4,0.00,0.5,0.5,0.0,0.0,0.0
2026-01-25 11:07:50,clusterA,0,4,1,3,0.25,0.5,0.5,0.0,0.0,0.0
2026-01-25 11:07:50,clusterB,0,4,0,4,0.00,0.5,0.5,0.0,0.0,0.0
2026-01-25 11:07:55,clusterA,0,4,1,3,0.25,0.5,0.5,0.0,0.0,0.0
2026-01-25 11:07:55,clusterB,0,4,0,4,0.00,0.5,0.5,0.0,0.0,0.0
2026-01-25 11:08:00,clusterA,0,4,1,3,0.25,0.5,0.5,0.0,0.0,0.0
2026-01-25 11:08:00,clusterB,0,4,0,4,0.00,0.5,0.5,0.0,0.0,0.0
2026-01-25 11:08:05,clusterA,0,4,1,3,0.25,0.5,0.5,0.0,0.0,0.0
2026-01-25 11:08:05,clusterB,0,4,0,4,0.00,0.5,0.5,0.0,0.0,0.0
2026-01-25 11:08:10,clusterA,0,4,1,3,0.25,0.5,0.5,0.0,0.0,0.0
2026-01-25 11:08:10,clusterB,0,4,0,4,0.00,0.5,0.5,0.0,0.0,0.0
2026-01-25 11:08:16,clusterA,0,4,1,3,0.25,0.5,0.5,0.0,0.0,0.0
2026-01-25 11:08:16,clusterB,0,4,0,4,0.00,0.5,0.5,0.0,0.0,0.0
2026-01-25 11:08:21,clusterA,0,4,1,3,0.25,0.5,0.5,0.0,0.0,0.0
2026-01-25 11:08:21,clusterB,0,4,0,4,0.00,0.5,0.5,0.0,0.0,0.0
2026-01-25 11:08:26,clusterA,0,4,1,3,0.25,0.5,0.5,0.0,0.0,0.0
2026-01-25 11:08:26,clusterB,0,4,0,4,0.00,0.5,0.5,0.0,0.0,0.0
2026-01-25 11:08:31,clusterA,1,4,1,3,0.25,0.5,0.5,0.0,0.0,0.0
2026-01-25 11:08:31,clusterB,1,4,0,4,0.00,0.5,0.5,0.0,0.0,0.0
2026-01-25 11:08:36,clusterA,0,4,3,1,0.75,0.5,0.5,0.0,0.0,0.0
2026-01-25 11:08:36,clusterB,0,4,0,4,0.00,0.5,0.5,0.0,0.0,0.0
2026-01-25 11:08:41,clusterA,0,4,3,1,0.75,0.5,0.5,0.0,0.0,0.0
2026-01-25 11:08:41,clusterB,0,4,0,4,0.00,0.5,0.5,0.0,0.0,0.0
2026-01-25 11:08:46,clusterA,0,4,3,1,0.75,0.5,0.5,0.0,0.0,0.0
2026-01-25 11:08:46,clusterB,0,4,0,4,0.00,0.5,0.5,0.0,0.0,0.0
2026-01-25 11:08:51,clusterA,0,4,3,1,0.75,0.5,0.5,0.0,0.0,0.0
2026-01-25 11:08:51,clusterB,0,4,0,4,0.00,0.5,0.5,0.0,0.0,0.0
2026-01-25 11:08:56,clusterA,0,4,3,1,0.75,0.5,0.5,0.0,0.0,0.0
2026-01-25 11:08:56,clusterB,0,4,0,4,0.00,0.5,0.5,0.0,0.0,0.0
2026-01-25 11:09:01,clusterA,0,4,3,1,0.75,0.5,0.5,0.0,0.0,0.0
2026-01-25 11:09:01,clusterB,0,4,0,4,0.00,0.5,0.5,0.0,0.0,0.0
2026-01-25 11:09:07,clusterA,0,4,3,1,0.75,0.5,0.5,0.0,0.0,0.0
2026-01-25 11:09:07,clusterB,0,4,0,4,0.00,0.5,0.5,0.0,0.0,0.0
2026-01-25 11:09:12,clusterA,0,4,3,1,0.75,0.5,0.5,0.0,0.0,0.0
2026-01-25 11:09:12,clusterB,0,4,0,4,0.00,0.5,0.5,0.0,0.0,0.0
2026-01-25 11:09:17,clusterA,0,4,3,1,0.75,0.5,0.5,0.0,0.0,0.0
2026-01-25 11:09:17,clusterB,0,4,0,4,0.00,0.5,0.5,0.0,0.0,0.0
2026-01-25 11:09:22,clusterA,0,4,3,1,0.75,0.5,0.5,0.0,0.0,0.0
2026-01-25 11:09:22,clusterB,0,4,0,4,0.00,0.5,0.5,0.0,0.0,0.0
2026-01-25 11:09:27,clusterA,0,4,3,1,0.75,0.5,0.5,0.0,0.0,0.0
2026-01-25 11:09:27,clusterB,0,4,0,4,0.00,0.5,0.5,0.0,0.0,0.0
2026-01-25 11:09:32,clusterA,0,4,3,1,0.75,0.5,0.5,0.0,0.0,0.0
2026-01-25 11:09:32,clusterB,0,4,0,4,0.00,0.5,0.5,0.0,0.0,0.0
2026-01-25 11:09:37,clusterA,0,4,3,1,0.75,0.5,0.5,0.0,0.0,0.0
2026-01-25 11:09:37,clusterB,0,4,0,4,0.00,0.5,0.5,0.0,0.0,0.0
2026-01-25 11:09:42,clusterA,0,4,3,1,0.75,0.5,0.5,0.0,0.0,0.0
2026-01-25 11:09:42,clusterB,0,4,0,4,0.00,0.5,0.5,0.0,0.0,0.0
2026-01-25 11:09:47,clusterA,0,4,3,1,0.75,0.5,0.5,0.0,0.0,0.0
2026-01-25 11:09:47,clusterB,0,4,0,4,0.00,0.5,0.5,0.0,0.0,0.0
2026-01-25 11:09:52,clusterA,0,4,3,1,0.75,0.5,0.5,0.0,0.0,0.0
2026-01-25 11:09:52,clusterB,0,4,0,4,0.00,0.5,0.5,0.0,0.0,0.0
2026-01-25 11:09:58,clusterA,0,4,3,1,0.75,0.5,0.5,0.0,0.0,0.0
2026-01-25 11:09:58,clusterB,0,4,0,4,0.00,0.5,0.5,0.0,0.0,0.0
2026-01-25 11:10:03,clusterA,0,4,3,1,0.75,0.5,0.5,0.0,0.0,0.0
2026-01-25 11:10:03,clusterB,0,4,0,4,0.00,0.5,0.5,0.0,0.0,0.0
2026-01-25 11:10:08,clusterA,0,4,3,1,0.75,0.5,0.5,0.0,0.0,0.0
2026-01-25 11:10:08,clusterB,0,4,0,4,0.00,0.5,0.5,0.0,0.0,0.0
2026-01-25 11:10:13,clusterA,0,4,3,1,0.75,0.5,0.5,0.0,0.0,0.0
2026-01-25 11:10:13,clusterB,0,4,0,4,0.00,0.5,0.5,0.0,0.0,0.0
2026-01-25 11:10:18,clusterA,0,4,3,1,0.75,0.5,0.5,0.0,0.0,0.0
2026-01-25 11:10:18,clusterB,0,4,0,4,0.00,0.5,0.5,0.0,0.0,0.0
2026-01-25 11:10:23,clusterA,0,4,3,1,0.75,0.5,0.5,0.0,0.0,0.0
2026-01-25 11:10:23,clusterB,0,4,0,4,0.00,0.5,0.5,0.0,0.0,0.0
2026-01-25 11:10:28,clusterA,0,4,3,1,0.75,0.5,0.5,0.0,0.0,0.0
2026-01-25 11:10:28,clusterB,0,4,0,4,0.00,0.5,0.5,0.0,0.0,0.0
2026-01-25 11:10:33,clusterA,0,4,3,1,0.75,0.5,0.5,0.0,0.0,0.0
2026-01-25 11:10:33,clusterB,0,4,0,4,0.00,0.5,0.5,0.0,0.0,0.0
2026-01-25 11:10:38,clusterA,0,4,3,1,0.75,0.5,0.5,0.0,0.0,0.0
2026-01-25 11:10:38,clusterB,0,4,0,4,0.00,0.5,0.5,0.0,0.0,0.0
2026-01-25 11:10:43,clusterA,0,4,3,1,0.75,0.5,0.5,0.0,0.0,0.0
2026-01-25 11:10:43,clusterB,0,4,0,4,0.00,0.5,0.5,0.0,0.0,0.0
2026-01-25 11:10:49,clusterA,0,4,3,1,0.75,0.5,0.5,0.0,0.0,0.0
2026-01-25 11:10:49,clusterB,0,4,0,4,0.00,0.5,0.5,0.0,0.0,0.0
2026-01-25 11:10:54,clusterA,0,4,3,1,0.75,0.5,0.5,0.0,0.0,0.0
2026-01-25 11:10:54,clusterB,0,4,0,4,0.00,0.5,0.5,0.0,0.0,0.0
2026-01-25 11:10:59,clusterA,0,4,3,1,0.75,0.5,0.5,0.0,0.0,0.0
2026-01-25 11:10:59,clusterB,0,4,0,4,0.00,0.5,0.5,0.0,0.0,0.0
2026-01-25 11:11:04,clusterA,0,4,3,1,0.75,0.5,0.5,0.0,0.0,0.0
2026-01-25 11:11:04,clusterB,0,4,0,4,0.00,0.5,0.5,0.0,0.0,0.0
2026-01-25 11:11:09,clusterA,0,4,3,1,0.75,0.5,0.5,0.0,0.0,0.0
2026-01-25 11:11:09,clusterB,0,4,0,4,0.00,0.5,0.5,0.0,0.0,0.0
2026-01-25 11:11:14,clusterA,0,4,3,1,0.75,0.5,0.5,0.0,0.0,0.0
2026-01-25 11:11:14,clusterB,0,4,0,4,0.00,0.5,0.5,0.0,0.0,0.0
2026-01-25 11:11:19,clusterA,0,4,3,1,0.75,0.5,0.5,0.0,0.0,0.0
2026-01-25 11:11:19,clusterB,0,4,0,4,0.00,0.5,0.5,0.0,0.0,0.0
2026-01-25 11:11:24,clusterA,0,4,3,1,0.75,0.5,0.5,0.0,0.0,0.0
2026-01-25 11:11:24,clusterB,0,4,0,4,0.00,0.5,0.5,0.0,0.0,0.0
2026-01-25 11:11:29,clusterA,0,4,3,1,0.75,0.5,0.5,0.0,0.0,0.0
2026-01-25 11:11:29,clusterB,0,4,0,4,0.00,0.5,0.5,0.0,0.0,0.0
2026-01-25 11:11:34,clusterA,0,4,3,1,0.75,0.5,0.5,0.0,0.0,0.0
2026-01-25 11:11:34,clusterB,0,4,0,4,0.00,0.5,0.5,0.0,0.0,0.0
2026-01-25 11:11:40,clusterA,0,4,3,1,0.75,0.5,0.5,0.0,0.0,0.0
2026-01-25 11:11:40,clusterB,0,4,0,4,0.00,0.5,0.5,0.0,0.0,0.0
2026-01-25 11:11:45,clusterA,0,4,3,1,0.75,0.5,0.5,0.0,0.0,0.0
2026-01-25 11:11:45,clusterB,0,4,0,4,0.00,0.5,0.5,0.0,0.0,0.0
2026-01-25 11:11:50,clusterA,0,4,3,1,0.75,0.5,0.5,0.0,0.0,0.0
2026-01-25 11:11:50,clusterB,0,4,0,4,0.00,0.5,0.5,0.0,0.0,0.0
2026-01-25 11:11:55,clusterA,0,4,3,1,0.75,0.5,0.5,0.0,0.0,0.0
2026-01-25 11:11:55,clusterB,0,4,0,4,0.00,0.5,0.5,0.0,0.0,0.0
2026-01-25 11:12:00,clusterA,0,4,3,1,0.75,0.5,0.5,0.0,0.0,0.0
2026-01-25 11:12:00,clusterB,0,4,0,4,0.00,0.5,0.5,0.0,0.0,0.0
2026-01-25 11:12:05,clusterA,0,4,3,1,0.75,0.5,0.5,0.0,0.0,0.0
2026-01-25 11:12:05,clusterB,0,4,0,4,0.00,0.5,0.5,0.0,0.0,0.0
2026-01-25 11:12:10,clusterA,0,4,3,1,0.75,0.5,0.5,0.0,0.0,0.0
2026-01-25 11:12:10,clusterB,0,4,0,4,0.00,0.5,0.5,0.0,0.0,0.0
2026-01-25 11:12:15,clusterA,0,4,3,1,0.75,0.5,0.5,0.0,0.0,0.0
2026-01-25 11:12:15,clusterB,0,4,0,4,0.00,0.5,0.5,0.0,0.0,0.0
2026-01-25 11:12:20,clusterA,0,4,3,1,0.75,0.5,0.5,0.0,0.0,0.0
2026-01-25 11:12:20,clusterB,0,4,0,4,0.00,0.5,0.5,0.0,0.0,0.0
2026-01-25 11:12:25,clusterA,0,4,3,1,0.75,0.5,0.5,0.0,0.0,0.0
2026-01-25 11:12:25,clusterB,0,4,0,4,0.00,0.5,0.5,0.0,0.0,0.0
2026-01-25 11:12:31,clusterA,0,4,3,1,0.75,0.5,0.5,0.0,0.0,0.0
2026-01-25 11:12:31,clusterB,0,4,0,4,0.00,0.5,0.5,0.0,0.0,0.0
2026-01-25 11:12:36,clusterA,0,4,3,1,0.75,0.5,0.5,0.0,0.0,0.0
2026-01-25 11:12:36,clusterB,0,4,0,4,0.00,0.5,0.5,0.0,0.0,0.0
2026-01-25 11:12:41,clusterA,0,4,3,1,0.75,0.5,0.5,0.0,0.0,0.0
2026-01-25 11:12:41,clusterB,0,4,0,4,0.00,0.5,0.5,0.0,0.0,0.0
2026-01-25 11:12:46,clusterA,0,4,3,1,0.75,0.5,0.5,0.0,0.0,0.0
2026-01-25 11:12:46,clusterB,0,4,0,4,0.00,0.5,0.5,0.0,0.0,0.0
2026-01-25 11:12:51,clusterA,0,4,3,1,0.75,0.5,0.5,0.0,0.0,0.0
2026-01-25 11:12:51,clusterB,0,4,0,4,0.00,0.5,0.5,0.0,0.0,0.0
2026-01-25 11:12:56,clusterA,0,4,3,1,0.75,0.5,0.5,0.0,0.0,0.0
2026-01-25 11:12:56,clusterB,0,4,0,4,0.00,0.5,0.5,0.0,0.0,0.0
2026-01-25 11:13:01,clusterA,0,4,3,1,0.75,0.5,0.5,0.0,0.0,0.0
2026-01-25 11:13:01,clusterB,0,4,0,4,0.00,0.5,0.5,0.0,0.0,0.0
2026-01-25 11:13:06,clusterA,0,4,3,1,0.75,0.5,0.5,0.0,0.0,0.0
2026-01-25 11:13:06,clusterB,0,4,0,4,0.00,0.5,0.5,0.0,0.0,0.0
2026-01-25 11:13:11,clusterA,0,4,3,1,0.75,0.5,0.5,0.0,0.0,0.0
2026-01-25 11:13:11,clusterB,0,4,0,4,0.00,0.5,0.5,0.0,0.0,0.0
2026-01-25 11:13:17,clusterA,0,4,3,1,0.75,0.5,0.5,0.0,0.0,0.0
2026-01-25 11:13:17,clusterB,0,4,0,4,0.00,0.5,0.5,0.0,0.0,0.0
2026-01-25 11:13:22,clusterA,0,4,3,1,0.75,0.5,0.5,0.0,0.0,0.0
2026-01-25 11:13:22,clusterB,0,4,0,4,0.00,0.5,0.5,0.0,0.0,0.0
2026-01-25 11:13:27,clusterA,0,4,3,1,0.75,0.5,0.5,0.0,0.0,0.0
2026-01-25 11:13:27,clusterB,0,4,0,4,0.00,0.5,0.5,0.0,0.0,0.0
2026-01-25 11:13:32,clusterA,0,4,3,1,0.75,0.5,0.5,0.0,0.0,0.0
2026-01-25 11:13:32,clusterB,0,4,0,4,0.00,0.5,0.5,0.0,0.0,0.0
2026-01-25 11:13:37,clusterA,0,4,3,1,0.75,0.5,0.5,0.0,0.0,0.0
2026-01-25 11:13:37,clusterB,0,4,0,4,0.00,0.5,0.5,0.0,0.0,0.0
2026-01-25 11:13:42,clusterA,0,4,3,1,0.75,0.5,0.5,0.0,0.0,0.0
2026-01-25 11:13:42,clusterB,0,4,0,4,0.00,0.5,0.5,0.0,0.0,0.0
2026-01-25 11:13:47,clusterA,0,4,3,1,0.75,0.5,0.5,0.0,0.0,0.0
2026-01-25 11:13:47,clusterB,0,4,0,4,0.00,0.5,0.5,0.0,0.0,0.0
2026-01-25 11:13:52,clusterA,0,4,3,1,0.75,0.5,0.5,0.0,0.0,0.0
2026-01-25 11:13:52,clusterB,0,4,0,4,0.00,0.5,0.5,0.0,0.0,0.0
2026-01-25 11:13:57,clusterA,0,4,3,1,0.75,0.5,0.5,0.0,0.0,0.0
2026-01-25 11:13:57,clusterB,0,4,0,4,0.00,0.5,0.5,0.0,0.0,0.0
2026-01-25 11:14:02,clusterA,0,4,3,1,0.75,0.5,0.5,0.0,0.0,0.0
2026-01-25 11:14:02,clusterB,0,4,0,4,0.00,0.5,0.5,0.0,0.0,0.0
2026-01-25 11:14:08,clusterA,0,4,3,1,0.75,0.5,0.5,0.0,0.0,0.0
2026-01-25 11:14:08,clusterB,0,4,0,4,0.00,0.5,0.5,0.0,0.0,0.0
2026-01-25 11:14:13,clusterA,0,4,3,1,0.75,0.5,0.5,0.0,0.0,0.0
2026-01-25 11:14:13,clusterB,0,4,0,4,0.00,0.5,0.5,0.0,0.0,0.0
2026-01-25 11:14:18,clusterA,0,4,3,1,0.75,0.5,0.5,0.0,0.0,0.0
2026-01-25 11:14:18,clusterB,0,4,0,4,0.00,0.5,0.5,0.0,0.0,0.0
2026-01-25 11:14:23,clusterA,0,4,3,1,0.75,0.5,0.5,0.0,0.0,0.0
2026-01-25 11:14:23,clusterB,0,4,0,4,0.00,0.5,0.5,0.0,0.0,0.0
2026-01-25 11:14:28,clusterA,0,4,3,1,0.75,0.5,0.5,0.0,0.0,0.0
2026-01-25 11:14:28,clusterB,0,4,0,4,0.00,0.5,0.5,0.0,0.0,0.0
2026-01-25 11:14:33,clusterA,0,4,3,1,0.75,0.5,0.5,0.0,0.0,0.0
2026-01-25 11:14:33,clusterB,0,4,0,4,0.00,0.5,0.5,0.0,0.0,0.0
2026-01-25 11:14:38,clusterA,0,4,3,1,0.75,0.5,0.5,0.0,0.0,0.0
2026-01-25 11:14:38,clusterB,0,4,0,4,0.00,0.5,0.5,0.0,0.0,0.0
2026-01-25 11:14:43,clusterA,0,4,3,1,0.75,0.5,0.5,0.0,0.0,0.0
2026-01-25 11:14:43,clusterB,0,4,0,4,0.00,0.5,0.5,0.0,0.0,0.0
2026-01-25 11:14:48,clusterA,0,4,3,1,0.75,0.5,0.5,0.0,0.0,0.0
2026-01-25 11:14:48,clusterB,0,4,0,4,0.00,0.5,0.5,0.0,0.0,0.0
2026-01-25 11:14:53,clusterA,0,4,3,1,0.75,0.5,0.5,0.0,0.0,0.0
2026-01-25 11:14:53,clusterB,0,4,0,4,0.00,0.5,0.5,0.0,0.0,0.0
2026-01-25 11:14:59,clusterA,0,4,3,1,0.75,0.5,0.5,0.0,0.0,0.0
2026-01-25 11:14:59,clusterB,0,4,0,4,0.00,0.5,0.5,0.0,0.0,0.0
2026-01-25 11:15:04,clusterA,0,4,3,1,0.75,0.5,0.5,0.0,0.0,0.0
2026-01-25 11:15:04,clusterB,0,4,0,4,0.00,0.5,0.5,0.0,0.0,0.0
2026-01-25 11:15:09,clusterA,0,4,3,1,0.75,0.5,0.5,0.0,0.0,0.0
2026-01-25 11:15:09,clusterB,0,4,0,4,0.00,0.5,0.5,0.0,0.0,0.0
2026-01-25 11:15:14,clusterA,0,4,3,1,0.75,0.5,0.5,0.0,0.0,0.0
2026-01-25 11:15:14,clusterB,0,4,0,4,0.00,0.5,0.5,0.0,0.0,0.0
2026-01-25 11:15:19,clusterA,0,4,3,1,0.75,0.5,0.5,0.0,0.0,0.0
2026-01-25 11:15:19,clusterB,0,4,0,4,0.00,0.5,0.5,0.0,0.0,0.0
2026-01-25 11:15:24,clusterA,0,4,3,1,0.75,0.5,0.5,0.0,0.0,0.0
2026-01-25 11:15:24,clusterB,0,4,0,4,0.00,0.5,0.5,0.0,0.0,0.0
2026-01-25 11:15:29,clusterA,0,4,3,1,0.75,0.5,0.5,0.0,0.0,0.0
2026-01-25 11:15:29,clusterB,0,4,0,4,0.00,0.5,0.5,0.0,0.0,0.0
2026-01-25 11:15:34,clusterA,0,4,3,1,0.75,0.5,0.5,0.0,0.0,0.0
2026-01-25 11:15:34,clusterB,0,4,0,4,0.00,0.5,0.5,0.0,0.0,0.0
2026-01-25 11:15:39,clusterA,0,4,3,1,0.75,0.5,0.5,0.0,0.0,0.0
2026-01-25 11:15:39,clusterB,0,4,0,4,0.00,0.5,0.5,0.0,0.0,0.0
2026-01-25 11:15:44,clusterA,0,4,3,1,0.75,0.5,0.5,0.0,0.0,0.0
2026-01-25 11:15:44,clusterB,0,4,0,4,0.00,0.5,0.5,0.0,0.0,0.0
2026-01-25 11:15:50,clusterA,0,4,3,1,0.75,0.5,0.5,0.0,0.0,0.0
2026-01-25 11:15:50,clusterB,0,4,0,4,0.00,0.5,0.5,0.0,0.0,0.0
2026-01-25 11:15:55,clusterA,0,4,3,1,0.75,0.5,0.5,0.0,0.0,0.0
2026-01-25 11:15:55,clusterB,0,4,0,4,0.00,0.5,0.5,0.0,0.0,0.0
2026-01-25 11:16:00,clusterA,0,4,3,1,0.75,0.5,0.5,0.0,0.0,0.0
2026-01-25 11:16:00,clusterB,0,4,0,4,0.00,0.5,0.5,0.0,0.0,0.0
2026-01-25 11:16:05,clusterA,0,4,3,1,0.75,0.5,0.5,0.0,0.0,0.0
2026-01-25 11:16:05,clusterB,0,4,0,4,0.00,0.5,0.5,0.0,0.0,0.0
2026-01-25 11:16:10,clusterA,0,4,3,1,0.75,0.5,0.5,0.0,0.0,0.0
2026-01-25 11:16:10,clusterB,0,4,0,4,0.00,0.5,0.5,0.0,0.0,0.0
2026-01-25 11:16:15,clusterA,0,4,3,1,0.75,0.5,0.5,0.0,0.0,0.0
2026-01-25 11:16:15,clusterB,0,4,0,4,0.00,0.5,0.5,0.0,0.0,0.0
2026-01-25 11:16:20,clusterA,0,4,3,1,0.75,0.5,0.5,0.0,0.0,0.0
2026-01-25 11:16:20,clusterB,0,4,0,4,0.00,0.5,0.5,0.0,0.0,0.0
2026-01-25 11:16:25,clusterA,0,4,3,1,0.75,0.5,0.5,0.0,0.0,0.0
2026-01-25 11:16:25,clusterB,0,4,0,4,0.00,0.5,0.5,0.0,0.0,0.0
2026-01-25 11:16:30,clusterA,0,4,3,1,0.75,0.5,0.5,0.0,0.0,0.0
2026-01-25 11:16:30,clusterB,0,4,0,4,0.00,0.5,0.5,0.0,0.0,0.0
2026-01-25 11:16:35,clusterA,0,4,3,1,0.75,0.5,0.5,0.0,0.0,0.0
2026-01-25 11:16:35,clusterB,0,4,0,4,0.00,0.5,0.5,0.0,0.0,0.0
2026-01-25 11:16:41,clusterA,0,4,3,1,0.75,0.5,0.5,0.0,0.0,0.0
2026-01-25 11:16:41,clusterB,0,4,0,4,0.00,0.5,0.5,0.0,0.0,0.0
2026-01-25 11:16:46,clusterA,0,4,3,1,0.75,0.5,0.5,0.0,0.0,0.0
2026-01-25 11:16:46,clusterB,0,4,0,4,0.00,0.5,0.5,0.0,0.0,0.0
2026-01-25 11:16:51,clusterA,0,4,3,1,0.75,0.5,0.5,0.0,0.0,0.0
2026-01-25 11:16:51,clusterB,0,4,0,4,0.00,0.5,0.5,0.0,0.0,0.0
2026-01-25 11:16:56,clusterA,0,4,3,1,0.75,0.5,0.5,0.0,0.0,0.0
2026-01-25 11:16:56,clusterB,0,4,0,4,0.00,0.5,0.5,0.0,0.0,0.0
2026-01-25 11:17:01,clusterA,0,4,3,1,0.75,0.5,0.5,0.0,0.0,0.0
2026-01-25 11:17:01,clusterB,0,4,0,4,0.00,0.5,0.5,0.0,0.0,0.0
2026-01-25 11:17:06,clusterA,0,4,3,1,0.75,0.5,0.5,0.0,0.0,0.0
2026-01-25 11:17:06,clusterB,0,4,0,4,0.00,0.5,0.5,0.0,0.0,0.0
2026-01-25 11:17:11,clusterA,0,4,3,1,0.75,0.5,0.5,0.0,0.0,0.0
2026-01-25 11:17:11,clusterB,0,4,0,4,0.00,0.5,0.5,0.0,0.0,0.0
2026-01-25 11:17:16,clusterA,0,4,3,1,0.75,0.5,0.5,0.0,0.0,0.0
2026-01-25 11:17:16,clusterB,0,4,0,4,0.00,0.5,0.5,0.0,0.0,0.0
2026-01-25 11:17:21,clusterA,0,4,3,1,0.75,0.5,0.5,0.0,0.0,0.0
2026-01-25 11:17:21,clusterB,0,4,0,4,0.00,0.5,0.5,0.0,0.0,0.0
2026-01-25 11:17:26,clusterA,0,4,3,1,0.75,0.5,0.5,0.0,0.0,0.0
2026-01-25 11:17:26,clusterB,0,4,0,4,0.00,0.5,0.5,0.0,0.0,0.0
2026-01-25 11:17:31,clusterA,0,4,3,1,0.75,0.5,0.5,0.0,0.0,0.0
2026-01-25 11:17:31,clusterB,0,4,0,4,0.00,0.5,0.5,0.0,0.0,0.0
2026-01-25 11:17:37,clusterA,0,4,3,1,0.75,0.5,0.5,0.0,0.0,0.0
2026-01-25 11:17:37,clusterB,0,4,0,4,0.00,0.5,0.5,0.0,0.0,0.0
2026-01-25 11:17:42,clusterA,0,4,3,1,0.75,0.5,0.5,0.0,0.0,0.0
2026-01-25 11:17:42,clusterB,0,4,0,4,0.00,0.5,0.5,0.0,0.0,0.0
2026-01-25 11:17:47,clusterA,0,4,3,1,0.75,0.5,0.5,0.0,0.0,0.0
2026-01-25 11:17:47,clusterB,0,4,0,4,0.00,0.5,0.5,0.0,0.0,0.0
2026-01-25 11:17:52,clusterA,0,4,3,1,0.75,0.5,0.5,0.0,0.0,0.0
2026-01-25 11:17:52,clusterB,0,4,0,4,0.00,0.5,0.5,0.0,0.0,0.0
2026-01-25 11:17:57,clusterA,0,4,3,1,0.75,0.5,0.5,0.0,0.0,0.0
2026-01-25 11:17:57,clusterB,0,4,0,4,0.00,0.5,0.5,0.0,0.0,0.0
2026-01-25 11:18:02,clusterA,0,4,3,1,0.75,0.5,0.5,0.0,0.0,0.0
2026-01-25 11:18:02,clusterB,0,4,0,4,0.00,0.5,0.5,0.0,0.0,0.0
2026-01-25 11:18:07,clusterA,0,4,3,1,0.75,0.5,0.5,0.0,0.0,0.0
2026-01-25 11:18:07,clusterB,0,4,0,4,0.00,0.5,0.5,0.0,0.0,0.0
2026-01-25 11:18:12,clusterA,0,4,3,1,0.75,0.5,0.5,0.0,0.0,0.0
2026-01-25 11:18:12,clusterB,0,4,0,4,0.00,0.5,0.5,0.0,0.0,0.0
2026-01-25 11:18:17,clusterA,0,4,3,1,0.75,0.5,0.5,0.0,0.0,0.0
2026-01-25 11:18:17,clusterB,0,4,0,4,0.00,0.5,0.5,0.0,0.0,0.0
2026-01-25 11:18:22,clusterA,0,4,3,1,0.75,0.5,0.5,0.0,0.0,0.0
2026-01-25 11:18:22,clusterB,0,4,0,4,0.00,0.5,0.5,0.0,0.0,0.0
2026-01-25 11:18:28,clusterA,0,4,3,1,0.75,0.5,0.5,0.0,0.0,0.0
2026-01-25 11:18:28,clusterB,0,4,0,4,0.00,0.5,0.5,0.0,0.0,0.0
2026-01-25 11:18:33,clusterA,0,4,3,1,0.75,0.5,0.5,0.0,0.0,0.0
2026-01-25 11:18:33,clusterB,0,4,0,4,0.00,0.5,0.5,0.0,0.0,0.0
2026-01-25 11:18:38,clusterA,0,4,3,1,0.75,0.5,0.5,0.0,0.0,0.0
2026-01-25 11:18:38,clusterB,0,4,0,4,0.00,0.5,0.5,0.0,0.0,0.0
2026-01-25 11:18:43,clusterA,0,4,3,1,0.75,0.5,0.5,0.0,0.0,0.0
2026-01-25 11:18:43,clusterB,0,4,0,4,0.00,0.5,0.5,0.0,0.0,0.0
2026-01-25 11:18:48,clusterA,0,4,3,1,0.75,0.5,0.5,0.0,0.0,0.0
2026-01-25 11:18:48,clusterB,0,4,0,4,0.00,0.5,0.5,0.0,0.0,0.0
2026-01-25 11:18:53,clusterA,0,4,3,1,0.75,0.5,0.5,0.0,0.0,0.0
2026-01-25 11:18:53,clusterB,0,4,0,4,0.00,0.5,0.5,0.0,0.0,0.0
2026-01-25 11:18:58,clusterA,0,4,3,1,0.75,0.5,0.5,0.0,0.0,0.0
2026-01-25 11:18:58,clusterB,0,4,0,4,0.00,0.5,0.5,0.0,0.0,0.0
2026-01-25 11:19:03,clusterA,0,4,3,1,0.75,0.5,0.5,0.0,0.0,0.0
2026-01-25 11:19:03,clusterB,0,4,0,4,0.00,0.5,0.5,0.0,0.0,0.0
2026-01-25 11:19:08,clusterA,0,4,3,1,0.75,0.5,0.5,0.0,0.0,0.0
2026-01-25 11:19:08,clusterB,0,4,0,4,0.00,0.5,0.5,0.0,0.0,0.0
2026-01-25 11:19:14,clusterA,0,4,3,1,0.75,0.5,0.5,0.0,0.0,0.0
2026-01-25 11:19:14,clusterB,0,4,0,4,0.00,0.5,0.5,0.0,0.0,0.0
2026-01-25 11:19:19,clusterA,0,4,3,1,0.75,0.5,0.5,0.0,0.0,0.0
2026-01-25 11:19:19,clusterB,0,4,0,4,0.00,0.5,0.5,0.0,0.0,0.0
2026-01-25 11:19:24,clusterA,0,4,3,1,0.75,0.5,0.5,0.0,0.0,0.0
2026-01-25 11:19:24,clusterB,0,4,0,4,0.00,0.5,0.5,0.0,0.0,0.0
2026-01-25 11:19:29,clusterA,0,4,3,1,0.75,0.5,0.5,0.0,0.0,0.0
2026-01-25 11:19:29,clusterB,0,4,0,4,0.00,0.5,0.5,0.0,0.0,0.0
2026-01-25 11:19:34,clusterA,0,4,3,1,0.75,0.5,0.5,0.0,0.0,0.0
2026-01-25 11:19:34,clusterB,0,4,0,4,0.00,0.5,0.5,0.0,0.0,0.0
2026-01-25 11:19:39,clusterA,0,4,3,1,0.75,0.5,0.5,0.0,0.0,0.0
2026-01-25 11:19:39,clusterB,0,4,0,4,0.00,0.5,0.5,0.0,0.0,0.0
2026-01-25 11:19:44,clusterA,0,4,3,1,0.75,0.5,0.5,0.0,0.0,0.0
2026-01-25 11:19:44,clusterB,0,4,0,4,0.00,0.5,0.5,0.0,0.0,0.0
2026-01-25 11:19:49,clusterA,0,4,3,1,0.75,0.5,0.5,0.0,0.0,0.0
2026-01-25 11:19:49,clusterB,0,4,0,4,0.00,0.5,0.5,0.0,0.0,0.0
2026-01-25 11:19:54,clusterA,0,4,3,1,0.75,0.5,0.5,0.0,0.0,0.0
2026-01-25 11:19:54,clusterB,0,4,0,4,0.00,0.5,0.5,0.0,0.0,0.0
2026-01-25 11:19:59,clusterA,0,4,3,1,0.75,0.5,0.5,0.0,0.0,0.0
2026-01-25 11:19:59,clusterB,0,4,0,4,0.00,0.5,0.5,0.0,0.0,0.0
2026-01-25 11:20:05,clusterA,0,4,3,1,0.75,0.5,0.5,0.0,0.0,0.0
2026-01-25 11:20:05,clusterB,0,4,0,4,0.00,0.5,0.5,0.0,0.0,0.0
2026-01-25 11:20:10,clusterA,0,4,3,1,0.75,0.5,0.5,0.0,0.0,0.0
2026-01-25 11:20:10,clusterB,0,4,0,4,0.00,0.5,0.5,0.0,0.0,0.0
2026-01-25 11:20:15,clusterA,0,4,3,1,0.75,0.5,0.5,0.0,0.0,0.0
2026-01-25 11:20:15,clusterB,0,4,0,4,0.00,0.5,0.5,0.0,0.0,0.0
2026-01-25 11:20:20,clusterA,0,4,3,1,0.75,0.5,0.5,0.0,0.0,0.0
2026-01-25 11:20:20,clusterB,0,4,0,4,0.00,0.5,0.5,0.0,0.0,0.0
2026-01-25 11:20:25,clusterA,0,4,3,1,0.75,0.5,0.5,0.0,0.0,0.0
2026-01-25 11:20:25,clusterB,0,4,0,4,0.00,0.5,0.5,0.0,0.0,0.0
2026-01-25 11:20:30,clusterA,0,4,3,1,0.75,0.5,0.5,0.0,0.0,0.0
2026-01-25 11:20:30,clusterB,0,4,0,4,0.00,0.5,0.5,0.0,0.0,0.0
2026-01-25 11:20:35,clusterA,0,4,3,1,0.75,0.5,0.5,0.0,0.0,0.0
2026-01-25 11:20:35,clusterB,0,4,0,4,0.00,0.5,0.5,0.0,0.0,0.0
2026-01-25 11:20:40,clusterA,0,4,3,1,0.75,0.5,0.5,0.0,0.0,0.0
2026-01-25 11:20:40,clusterB,0,4,0,4,0.00,0.5,0.5,0.0,0.0,0.0
2026-01-25 11:20:45,clusterA,0,4,3,1,0.75,0.5,0.5,0.0,0.0,0.0
2026-01-25 11:20:45,clusterB,0,4,0,4,0.00,0.5,0.5,0.0,0.0,0.0
2026-01-25 11:20:50,clusterA,0,4,3,1,0.75,0.5,0.5,0.0,0.0,0.0
2026-01-25 11:20:50,clusterB,0,4,0,4,0.00,0.5,0.5,0.0,0.0,0.0
2026-01-25 11:20:56,clusterA,0,4,3,1,0.75,0.5,0.5,0.0,0.0,0.0
2026-01-25 11:20:56,clusterB,0,4,0,4,0.00,0.5,0.5,0.0,0.0,0.0
2026-01-25 11:21:01,clusterA,0,4,3,1,0.75,0.5,0.5,0.0,0.0,0.0
2026-01-25 11:21:01,clusterB,0,4,0,4,0.00,0.5,0.5,0.0,0.0,0.0
2026-01-25 11:21:06,clusterA,0,4,3,1,0.75,0.5,0.5,0.0,0.0,0.0
2026-01-25 11:21:06,clusterB,0,4,0,4,0.00,0.5,0.5,0.0,0.0,0.0
2026-01-25 11:21:11,clusterA,0,4,3,1,0.75,0.5,0.5,0.0,0.0,0.0
2026-01-25 11:21:11,clusterB,0,4,0,4,0.00,0.5,0.5,0.0,0.0,0.0
2026-01-25 11:21:16,clusterA,0,4,3,1,0.75,0.5,0.5,0.0,0.0,0.0
2026-01-25 11:21:16,clusterB,0,4,0,4,0.00,0.5,0.5,0.0,0.0,0.0
2026-01-25 11:21:21,clusterA,0,4,3,1,0.75,0.5,0.5,0.0,0.0,0.0
2026-01-25 11:21:21,clusterB,0,4,0,4,0.00,0.5,0.5,0.0,0.0,0.0
2026-01-25 11:21:26,clusterA,0,4,3,1,0.75,0.5,0.5,0.0,0.0,0.0
2026-01-25 11:21:26,clusterB,0,4,0,4,0.00,0.5,0.5,0.0,0.0,0.0
2026-01-25 11:21:31,clusterA,0,4,3,1,0.75,0.5,0.5,0.0,0.0,0.0
2026-01-25 11:21:31,clusterB,0,4,0,4,0.00,0.5,0.5,0.0,0.0,0.0
2026-01-25 11:21:36,clusterA,0,4,3,1,0.75,0.5,0.5,0.0,0.0,0.0
2026-01-25 11:21:36,clusterB,0,4,0,4,0.00,0.5,0.5,0.0,0.0,0.0
2026-01-25 11:21:41,clusterA,0,4,3,1,0.75,0.5,0.5,0.0,0.0,0.0
2026-01-25 11:21:41,clusterB,0,4,0,4,0.00,0.5,0.5,0.0,0.0,0.0
2026-01-25 11:21:47,clusterA,0,4,3,1,0.75,0.5,0.5,0.0,0.0,0.0
2026-01-25 11:21:47,clusterB,0,4,0,4,0.00,0.5,0.5,0.0,0.0,0.0
2026-01-25 11:21:52,clusterA,0,4,3,1,0.75,0.5,0.5,0.0,0.0,0.0
2026-01-25 11:21:52,clusterB,0,4,0,4,0.00,0.5,0.5,0.0,0.0,0.0
2026-01-25 11:21:57,clusterA,0,4,3,1,0.75,0.5,0.5,0.0,0.0,0.0
2026-01-25 11:21:57,clusterB,0,4,0,4,0.00,0.5,0.5,0.0,0.0,0.0
2026-01-25 11:22:02,clusterA,0,4,3,1,0.75,0.5,0.5,0.0,0.0,0.0
2026-01-25 11:22:02,clusterB,0,4,0,4,0.00,0.5,0.5,0.0,0.0,0.0
2026-01-25 11:22:07,clusterA,0,4,3,1,0.75,0.5,0.5,0.0,0.0,0.0
2026-01-25 11:22:07,clusterB,0,4,0,4,0.00,0.5,0.5,0.0,0.0,0.0
2026-01-25 11:22:12,clusterA,0,4,3,1,0.75,0.5,0.5,0.0,0.0,0.0
2026-01-25 11:22:12,clusterB,0,4,0,4,0.00,0.5,0.5,0.0,0.0,0.0
2026-01-25 11:22:17,clusterA,0,4,3,1,0.75,0.5,0.5,0.0,0.0,0.0
2026-01-25 11:22:17,clusterB,0,4,0,4,0.00,0.5,0.5,0.0,0.0,0.0
2026-01-25 11:22:22,clusterA,0,4,3,1,0.75,0.5,0.5,0.0,0.0,0.0
2026-01-25 11:22:22,clusterB,0,4,0,4,0.00,0.5,0.5,0.0,0.0,0.0
2026-01-25 11:22:27,clusterA,0,4,3,1,0.75,0.5,0.5,0.0,0.0,0.0
2026-01-25 11:22:27,clusterB,0,4,0,4,0.00,0.5,0.5,0.0,0.0,0.0
2026-01-25 11:22:32,clusterA,0,4,3,1,0.75,0.5,0.5,0.0,0.0,0.0
2026-01-25 11:22:32,clusterB,0,4,0,4,0.00,0.5,0.5,0.0,0.0,0.0
2026-01-25 11:22:38,clusterA,0,4,3,1,0.75,0.5,0.5,0.0,0.0,0.0
2026-01-25 11:22:38,clusterB,0,4,0,4,0.00,0.5,0.5,0.0,0.0,0.0
2026-01-25 11:22:43,clusterA,0,4,3,1,0.75,0.5,0.5,0.0,0.0,0.0
2026-01-25 11:22:43,clusterB,0,4,0,4,0.00,0.5,0.5,0.0,0.0,0.0
2026-01-25 11:22:48,clusterA,0,4,3,1,0.75,0.5,0.5,0.0,0.0,0.0
2026-01-25 11:22:48,clusterB,0,4,0,4,0.00,0.5,0.5,0.0,0.0,0.0
2026-01-25 11:22:53,clusterA,0,4,3,1,0.75,0.5,0.5,0.0,0.0,0.0
2026-01-25 11:22:53,clusterB,0,4,0,4,0.00,0.5,0.5,0.0,0.0,0.0
2026-01-25 11:22:58,clusterA,0,4,3,1,0.75,0.5,0.5,0.0,0.0,0.0
2026-01-25 11:22:58,clusterB,0,4,0,4,0.00,0.5,0.5,0.0,0.0,0.0
2026-01-25 11:23:03,clusterA,0,4,3,1,0.75,0.5,0.5,0.0,0.0,0.0
2026-01-25 11:23:03,clusterB,0,4,0,4,0.00,0.5,0.5,0.0,0.0,0.0
2026-01-25 11:23:08,clusterA,0,4,3,1,0.75,0.5,0.5,0.0,0.0,0.0
2026-01-25 11:23:08,clusterB,0,4,0,4,0.00,0.5,0.5,0.0,0.0,0.0
2026-01-25 11:23:13,clusterA,0,4,3,1,0.75,0.5,0.5,0.0,0.0,0.0
2026-01-25 11:23:13,clusterB,0,4,0,4,0.00,0.5,0.5,0.0,0.0,0.0
2026-01-25 11:23:18,clusterA,0,4,3,1,0.75,0.5,0.5,0.0,0.0,0.0
2026-01-25 11:23:18,clusterB,0,4,0,4,0.00,0.5,0.5,0.0,0.0,0.0
2026-01-25 11:23:23,clusterA,0,4,3,1,0.75,0.5,0.5,0.0,0.0,0.0
2026-01-25 11:23:23,clusterB,0,4,0,4,0.00,0.5,0.5,0.0,0.0,0.0
2026-01-25 11:23:29,clusterA,0,4,3,1,0.75,0.5,0.5,0.0,0.0,0.0
2026-01-25 11:23:29,clusterB,0,4,0,4,0.00,0.5,0.5,0.0,0.0,0.0
2026-01-25 11:23:34,clusterA,0,4,3,1,0.75,0.5,0.5,0.0,0.0,0.0
2026-01-25 11:23:34,clusterB,0,4,0,4,0.00,0.5,0.5,0.0,0.0,0.0
2026-01-25 11:23:39,clusterA,0,4,3,1,0.75,0.5,0.5,0.0,0.0,0.0
2026-01-25 11:23:39,clusterB,0,4,0,4,0.00,0.5,0.5,0.0,0.0,0.0
2026-01-25 11:23:44,clusterA,0,4,3,1,0.75,0.5,0.5,0.0,0.0,0.0
2026-01-25 11:23:44,clusterB,0,4,0,4,0.00,0.5,0.5,0.0,0.0,0.0
2026-01-25 11:23:49,clusterA,0,4,3,1,0.75,0.5,0.5,0.0,0.0,0.0
2026-01-25 11:23:49,clusterB,0,4,0,4,0.00,0.5,0.5,0.0,0.0,0.0
2026-01-25 11:23:54,clusterA,0,4,3,1,0.75,0.5,0.5,0.0,0.0,0.0
2026-01-25 11:23:54,clusterB,0,4,0,4,0.00,0.5,0.5,0.0,0.0,0.0
2026-01-25 11:23:59,clusterA,0,4,3,1,0.75,0.5,0.5,0.0,0.0,0.0
2026-01-25 11:23:59,clusterB,0,4,0,4,0.00,0.5,0.5,0.0,0.0,0.0
2026-01-25 11:24:04,clusterA,0,4,3,1,0.75,0.5,0.5,0.0,0.0,0.0
2026-01-25 11:24:04,clusterB,0,4,0,4,0.00,0.5,0.5,0.0,0.0,0.0
2026-01-25 11:24:09,clusterA,0,4,3,1,0.75,0.5,0.5,0.0,0.0,0.0
2026-01-25 11:24:09,clusterB,0,4,0,4,0.00,0.5,0.5,0.0,0.0,0.0
2026-01-25 11:24:14,clusterA,0,4,3,1,0.75,0.5,0.5,0.0,0.0,0.0
2026-01-25 11:24:14,clusterB,0,4,0,4,0.00,0.5,0.5,0.0,0.0,0.0
2026-01-25 11:24:20,clusterA,0,4,3,1,0.75,0.5,0.5,0.0,0.0,0.0
2026-01-25 11:24:20,clusterB,0,4,0,4,0.00,0.5,0.5,0.0,0.0,0.0
2026-01-25 11:24:25,clusterA,0,4,3,1,0.75,0.5,0.5,0.0,0.0,0.0
2026-01-25 11:24:25,clusterB,0,4,0,4,0.00,0.5,0.5,0.0,0.0,0.0
2026-01-25 11:24:30,clusterA,0,4,3,1,0.75,0.5,0.5,0.0,0.0,0.0
2026-01-25 11:24:30,clusterB,0,4,0,4,0.00,0.5,0.5,0.0,0.0,0.0
2026-01-25 11:24:35,clusterA,0,4,3,1,0.75,0.5,0.5,0.0,0.0,0.0
2026-01-25 11:24:35,clusterB,0,4,0,4,0.00,0.5,0.5,0.0,0.0,0.0
2026-01-25 11:24:40,clusterA,0,4,3,1,0.75,0.5,0.5,0.0,0.0,0.0
2026-01-25 11:24:40,clusterB,0,4,0,4,0.00,0.5,0.5,0.0,0.0,0.0
2026-01-25 11:24:45,clusterA,0,4,3,1,0.75,0.5,0.5,0.0,0.0,0.0
2026-01-25 11:24:45,clusterB,0,4,0,4,0.00,0.5,0.5,0.0,0.0,0.0
2026-01-25 11:24:50,clusterA,0,4,3,1,0.75,0.5,0.5,0.0,0.0,0.0
2026-01-25 11:24:50,clusterB,0,4,0,4,0.00,0.5,0.5,0.0,0.0,0.0
2026-01-25 11:24:55,clusterA,0,4,3,1,0.75,0.5,0.5,0.0,0.0,0.0
2026-01-25 11:24:55,clusterB,0,4,0,4,0.00,0.5,0.5,0.0,0.0,0.0
2026-01-25 11:25:00,clusterA,0,4,3,1,0.75,0.5,0.5,0.0,0.0,0.0
2026-01-25 11:25:00,clusterB,0,4,0,4,0.00,0.5,0.5,0.0,0.0,0.0
2026-01-25 11:25:05,clusterA,0,4,3,1,0.75,0.5,0.5,0.0,0.0,0.0
2026-01-25 11:25:05,clusterB,0,4,0,4,0.00,0.5,0.5,0.0,0.0,0.0
2026-01-25 11:25:11,clusterA,0,4,3,1,0.75,0.5,0.5,0.0,0.0,0.0
2026-01-25 11:25:11,clusterB,0,4,0,4,0.00,0.5,0.5,0.0,0.0,0.0
2026-01-25 11:25:16,clusterA,0,4,3,1,0.75,0.5,0.5,0.0,0.0,0.0
2026-01-25 11:25:16,clusterB,0,4,0,4,0.00,0.5,0.5,0.0,0.0,0.0
2026-01-25 11:25:21,clusterA,1,4,3,1,0.75,0.5,0.5,0.0,0.0,0.0
2026-01-25 11:25:21,clusterB,1,4,0,4,0.00,0.5,0.5,0.0,0.0,0.0
2026-01-25 11:25:26,clusterA,0,4,3,1,0.75,0.5,0.5,0.0,0.0,0.0
2026-01-25 11:25:26,clusterB,0,4,4,0,1.00,0.5,0.5,0.0,0.0,0.0
2026-01-25 11:25:31,clusterA,0,4,3,1,0.75,0.5,0.5,0.0,0.0,0.0
2026-01-25 11:25:31,clusterB,0,4,4,0,1.00,0.5,0.5,0.0,0.0,0.0
2026-01-25 11:25:37,clusterA,0,4,3,1,0.75,0.5,0.5,0.0,0.0,0.0
2026-01-25 11:25:37,clusterB,0,4,4,0,1.00,0.5,0.5,0.0,0.0,0.0
2026-01-25 11:25:42,clusterA,0,4,3,1,0.75,0.5,0.5,0.0,0.0,0.0
2026-01-25 11:25:42,clusterB,0,4,4,0,1.00,0.5,0.5,0.0,0.0,0.0
2026-01-25 11:25:47,clusterA,0,4,3,1,0.75,0.5,0.5,0.0,0.0,0.0
2026-01-25 11:25:47,clusterB,0,4,4,0,1.00,0.5,0.5,0.0,0.0,0.0
2026-01-25 11:25:52,clusterA,0,4,3,1,0.75,0.5,0.5,0.0,0.0,0.0
2026-01-25 11:25:52,clusterB,0,4,4,0,1.00,0.5,0.5,0.0,0.0,0.0
2026-01-25 11:25:57,clusterA,0,4,3,1,0.75,0.5,0.5,0.0,0.0,0.0
2026-01-25 11:25:57,clusterB,0,4,4,0,1.00,0.5,0.5,0.0,0.0,0.0
2026-01-25 11:26:02,clusterA,0,4,3,1,0.75,0.5,0.5,0.0,0.0,0.0
2026-01-25 11:26:02,clusterB,0,4,4,0,1.00,0.5,0.5,0.0,0.0,0.0
2026-01-25 11:26:08,clusterA,0,4,3,1,0.75,0.5,0.5,0.0,0.0,0.0
2026-01-25 11:26:08,clusterB,0,4,4,0,1.00,0.5,0.5,0.0,0.0,0.0
2026-01-25 11:26:13,clusterA,0,4,3,1,0.75,0.5,0.5,0.0,0.0,0.0
2026-01-25 11:26:13,clusterB,0,4,4,0,1.00,0.5,0.5,0.0,0.0,0.0
2026-01-25 11:26:18,clusterA,0,4,3,1,0.75,0.5,0.5,0.0,0.0,0.0
2026-01-25 11:26:18,clusterB,0,4,4,0,1.00,0.5,0.5,0.0,0.0,0.0
2026-01-25 11:26:23,clusterA,0,4,3,1,0.75,0.5,0.5,0.0,0.0,0.0
2026-01-25 11:26:23,clusterB,0,4,4,0,1.00,0.5,0.5,0.0,0.0,0.0
2026-01-25 11:26:28,clusterA,0,4,3,1,0.75,0.5,0.5,0.0,0.0,0.0
2026-01-25 11:26:28,clusterB,0,4,4,0,1.00,0.5,0.5,0.0,0.0,0.0
2026-01-25 11:26:33,clusterA,0,4,3,1,0.75,0.5,0.5,0.0,0.0,0.0
2026-01-25 11:26:33,clusterB,0,4,4,0,1.00,0.5,0.5,0.0,0.0,0.0
2026-01-25 11:26:38,clusterA,0,4,3,1,0.75,0.5,0.5,0.0,0.0,0.0
2026-01-25 11:26:38,clusterB,0,4,4,0,1.00,0.5,0.5,0.0,0.0,0.0
2026-01-25 11:26:44,clusterA,0,4,3,1,0.75,0.5,0.5,0.0,0.0,0.0
2026-01-25 11:26:44,clusterB,0,4,4,0,1.00,0.5,0.5,0.0,0.0,0.0
2026-01-25 11:26:49,clusterA,0,4,3,1,0.75,0.5,0.5,0.0,0.0,0.0
2026-01-25 11:26:49,clusterB,0,4,4,0,1.00,0.5,0.5,0.0,0.0,0.0
2026-01-25 11:26:54,clusterA,0,4,3,1,0.75,0.5,0.5,0.0,0.0,0.0
2026-01-25 11:26:54,clusterB,0,4,4,0,1.00,0.5,0.5,0.0,0.0,0.0
2026-01-25 11:26:59,clusterA,0,4,3,1,0.75,0.5,0.5,0.0,0.0,0.0
2026-01-25 11:26:59,clusterB,0,4,4,0,1.00,0.5,0.5,0.0,0.0,0.0
2026-01-25 11:27:04,clusterA,0,4,3,1,0.75,0.5,0.5,0.0,0.0,0.0
2026-01-25 11:27:04,clusterB,0,4,4,0,1.00,0.5,0.5,0.0,0.0,0.0
2026-01-25 11:27:09,clusterA,0,4,3,1,0.75,0.5,0.5,0.0,0.0,0.0
2026-01-25 11:27:09,clusterB,0,4,4,0,1.00,0.5,0.5,0.0,0.0,0.0
2026-01-25 11:27:14,clusterA,0,4,3,1,0.75,0.5,0.5,0.0,0.0,0.0
2026-01-25 11:27:14,clusterB,0,4,4,0,1.00,0.5,0.5,0.0,0.0,0.0
2026-01-25 11:27:20,clusterA,1,4,3,1,0.75,0.5,0.5,0.0,0.0,0.0
2026-01-25 11:27:20,clusterB,1,4,4,0,1.00,0.5,0.5,0.0,0.0,0.0
2026-01-25 11:27:25,clusterA,0,4,4,0,1.00,0.5,0.5,0.0,0.0,0.0
2026-01-25 11:27:25,clusterB,0,4,4,0,1.00,0.5,0.5,0.0,0.0,0.0
2026-01-25 11:27:30,clusterA,0,4,4,0,1.00,0.5,0.5,0.0,0.0,0.0
2026-01-25 11:27:30,clusterB,0,4,4,0,1.00,0.5,0.5,0.0,0.0,0.0
2026-01-25 11:27:35,clusterA,0,4,4,0,1.00,0.5,0.5,0.0,0.0,0.0
2026-01-25 11:27:35,clusterB,0,4,4,0,1.00,0.5,0.5,0.0,0.0,0.0
2026-01-25 11:27:41,clusterA,0,4,4,0,1.00,0.5,0.5,0.0,0.0,0.0
2026-01-25 11:27:41,clusterB,0,4,4,0,1.00,0.5,0.5,0.0,0.0,0.0
2026-01-25 11:27:46,clusterA,0,4,4,0,1.00,0.5,0.5,0.0,0.0,0.0
2026-01-25 11:27:46,clusterB,0,4,4,0,1.00,0.5,0.5,0.0,0.0,0.0
2026-01-25 11:27:51,clusterA,0,4,4,0,1.00,0.5,0.5,0.0,0.0,0.0
2026-01-25 11:27:51,clusterB,0,4,4,0,1.00,0.5,0.5,0.0,0.0,0.0
2026-01-25 11:27:56,clusterA,0,4,4,0,1.00,0.5,0.5,0.0,0.0,0.0
2026-01-25 11:27:56,clusterB,0,4,4,0,1.00,0.5,0.5,0.0,0.0,0.0
2026-01-25 11:28:01,clusterA,0,4,4,0,1.00,0.5,0.5,0.0,0.0,0.0
2026-01-25 11:28:01,clusterB,0,4,4,0,1.00,0.5,0.5,0.0,0.0,0.0
2026-01-25 11:28:06,clusterA,0,4,4,0,1.00,0.5,0.5,0.0,0.0,0.0
2026-01-25 11:28:06,clusterB,0,4,4,0,1.00,0.5,0.5,0.0,0.0,0.0
2026-01-25 11:28:12,clusterA,0,4,4,0,1.00,0.5,0.5,0.0,0.0,0.0
2026-01-25 11:28:12,clusterB,0,4,4,0,1.00,0.5,0.5,0.0,0.0,0.0
2026-01-25 11:28:17,clusterA,0,4,4,0,1.00,0.5,0.5,0.0,0.0,0.0
2026-01-25 11:28:17,clusterB,0,4,4,0,1.00,0.5,0.5,0.0,0.0,0.0
2026-01-25 11:28:22,clusterA,0,4,4,0,1.00,0.5,0.5,0.0,0.0,0.0
2026-01-25 11:28:22,clusterB,0,4,4,0,1.00,0.5,0.5,0.0,0.0,0.0
2026-01-25 11:28:27,clusterA,0,4,4,0,1.00,0.5,0.5,0.0,0.0,0.0
2026-01-25 11:28:27,clusterB,0,4,4,0,1.00,0.5,0.5,0.0,0.0,0.0
2026-01-25 11:28:32,clusterA,0,4,4,0,1.00,0.5,0.5,0.0,0.0,0.0
2026-01-25 11:28:32,clusterB,0,4,4,0,1.00,0.5,0.5,0.0,0.0,0.0
2026-01-25 11:28:38,clusterA,0,4,4,0,1.00,0.5,0.5,0.0,0.0,0.0
2026-01-25 11:28:38,clusterB,0,4,4,0,1.00,0.5,0.5,0.0,0.0,0.0
2026-01-25 11:28:43,clusterA,0,4,4,0,1.00,0.5,0.5,0.0,0.0,0.0
2026-01-25 11:28:43,clusterB,0,4,4,0,1.00,0.5,0.5,0.0,0.0,0.0
2026-01-25 11:28:48,clusterA,0,4,4,0,1.00,0.5,0.5,0.0,0.0,0.0
2026-01-25 11:28:48,clusterB,0,4,4,0,1.00,0.5,0.5,0.0,0.0,0.0
2026-01-25 11:28:53,clusterA,0,4,4,0,1.00,0.5,0.5,0.0,0.0,0.0
2026-01-25 11:28:53,clusterB,0,4,4,0,1.00,0.5,0.5,0.0,0.0,0.0
2026-01-25 11:28:58,clusterA,0,4,4,0,1.00,0.5,0.5,0.0,0.0,0.0
2026-01-25 11:28:58,clusterB,0,4,4,0,1.00,0.5,0.5,0.0,0.0,0.0
2026-01-25 11:29:04,clusterA,0,4,4,0,1.00,0.5,0.5,0.0,0.0,0.0
2026-01-25 11:29:04,clusterB,0,4,4,0,1.00,0.5,0.5,0.0,0.0,0.0
2026-01-25 11:29:09,clusterA,0,4,4,0,1.00,0.5,0.5,0.0,0.0,0.0
2026-01-25 11:29:09,clusterB,0,4,4,0,1.00,0.5,0.5,0.0,0.0,0.0
2026-01-25 11:29:14,clusterA,0,4,4,0,1.00,0.5,0.5,0.0,0.0,0.0
2026-01-25 11:29:14,clusterB,0,4,4,0,1.00,0.5,0.5,0.0,0.0,0.0
2026-01-25 11:29:19,clusterA,0,4,4,0,1.00,0.5,0.5,0.0,0.0,0.0
2026-01-25 11:29:19,clusterB,0,4,4,0,1.00,0.5,0.5,0.0,0.0,0.0
2026-01-25 11:29:24,clusterA,0,4,4,0,1.00,0.5,0.5,0.0,0.0,0.0
2026-01-25 11:29:24,clusterB,0,4,4,0,1.00,0.5,0.5,0.0,0.0,0.0
2026-01-25 11:29:30,clusterA,0,4,4,0,1.00,0.5,0.5,0.0,0.0,0.0
2026-01-25 11:29:30,clusterB,0,4,4,0,1.00,0.5,0.5,0.0,0.0,0.0
2026-01-25 11:29:35,clusterA,0,4,4,0,1.00,0.5,0.5,0.0,0.0,0.0
2026-01-25 11:29:35,clusterB,0,4,4,0,1.00,0.5,0.5,0.0,0.0,0.0
2026-01-25 11:29:40,clusterA,0,4,4,0,1.00,0.5,0.5,0.0,0.0,0.0
2026-01-25 11:29:40,clusterB,0,4,4,0,1.00,0.5,0.5,0.0,0.0,0.0
2026-01-25 11:29:45,clusterA,0,4,4,0,1.00,0.5,0.5,0.0,0.0,0.0
2026-01-25 11:29:45,clusterB,0,4,4,0,1.00,0.5,0.5,0.0,0.0,0.0
2026-01-25 11:29:50,clusterA,0,4,4,0,1.00,0.5,0.5,0.0,0.0,0.0
2026-01-25 11:29:50,clusterB,0,4,4,0,1.00,0.5,0.5,0.0,0.0,0.0
2026-01-25 11:29:55,clusterA,0,4,4,0,1.00,0.5,0.5,0.0,0.0,0.0
2026-01-25 11:29:55,clusterB,0,4,4,0,1.00,0.5,0.5,0.0,0.0,0.0
2026-01-25 11:30:01,clusterA,0,4,4,0,1.00,0.5,0.5,0.0,0.0,0.0
2026-01-25 11:30:01,clusterB,0,4,4,0,1.00,0.5,0.5,0.0,0.0,0.0
2026-01-25 11:30:06,clusterA,0,4,4,0,1.00,0.5,0.5,0.0,0.0,0.0
2026-01-25 11:30:06,clusterB,0,4,4,0,1.00,0.5,0.5,0.0,0.0,0.0
2026-01-25 11:30:11,clusterA,0,4,4,0,1.00,0.5,0.5,0.0,0.0,0.0
2026-01-25 11:30:11,clusterB,0,4,4,0,1.00,0.5,0.5,0.0,0.0,0.0
2026-01-25 11:30:16,clusterA,0,4,4,0,1.00,0.5,0.5,0.0,0.0,0.0
2026-01-25 11:30:16,clusterB,0,4,4,0,1.00,0.5,0.5,0.0,0.0,0.0
2026-01-25 11:30:21,clusterA,0,4,4,0,1.00,0.5,0.5,0.0,0.0,0.0
2026-01-25 11:30:21,clusterB,0,4,4,0,1.00,0.5,0.5,0.0,0.0,0.0
2026-01-25 11:30:27,clusterA,0,4,4,0,1.00,0.5,0.5,0.0,0.0,0.0
2026-01-25 11:30:27,clusterB,0,4,4,0,1.00,0.5,0.5,0.0,0.0,0.0
2026-01-25 11:30:32,clusterA,0,4,4,0,1.00,0.5,0.5,0.0,0.0,0.0
2026-01-25 11:30:32,clusterB,0,4,4,0,1.00,0.5,0.5,0.0,0.0,0.0
2026-01-25 11:30:37,clusterA,0,4,4,0,1.00,0.5,0.5,0.0,0.0,0.0
2026-01-25 11:30:37,clusterB,0,4,4,0,1.00,0.5,0.5,0.0,0.0,0.0
2026-01-25 11:30:42,clusterA,0,4,4,0,1.00,0.5,0.5,0.0,0.0,0.0
2026-01-25 11:30:42,clusterB,0,4,4,0,1.00,0.5,0.5,0.0,0.0,0.0
2026-01-25 11:30:47,clusterA,0,4,4,0,1.00,0.5,0.5,0.0,0.0,0.0
2026-01-25 11:30:47,clusterB,0,4,4,0,1.00,0.5,0.5,0.0,0.0,0.0
2026-01-25 11:30:53,clusterA,0,4,4,0,1.00,0.5,0.5,0.0,0.0,0.0
2026-01-25 11:30:53,clusterB,0,4,4,0,1.00,0.5,0.5,0.0,0.0,0.0
2026-01-25 11:30:58,clusterA,0,4,4,0,1.00,0.5,0.5,0.0,0.0,0.0
2026-01-25 11:30:58,clusterB,0,4,4,0,1.00,0.5,0.5,0.0,0.0,0.0
2026-01-25 11:31:03,clusterA,0,4,4,0,1.00,0.5,0.5,0.0,0.0,0.0
2026-01-25 11:31:03,clusterB,0,4,4,0,1.00,0.5,0.5,0.0,0.0,0.0
2026-01-25 11:31:08,clusterA,0,4,4,0,1.00,0.5,0.5,0.0,0.0,0.0
2026-01-25 11:31:08,clusterB,0,4,4,0,1.00,0.5,0.5,0.0,0.0,0.0
2026-01-25 11:31:13,clusterA,0,4,4,0,1.00,0.5,0.5,0.0,0.0,0.0
2026-01-25 11:31:13,clusterB,0,4,4,0,1.00,0.5,0.5,0.0,0.0,0.0
2026-01-25 11:31:19,clusterA,0,4,4,0,1.00,0.5,0.5,0.0,0.0,0.0
2026-01-25 11:31:19,clusterB,0,4,4,0,1.00,0.5,0.5,0.0,0.0,0.0
2026-01-25 11:31:24,clusterA,0,4,4,0,1.00,0.5,0.5,0.0,0.0,0.0
2026-01-25 11:31:24,clusterB,0,4,4,0,1.00,0.5,0.5,0.0,0.0,0.0
2026-01-25 11:31:29,clusterA,0,4,4,0,1.00,0.5,0.5,0.0,0.0,0.0
2026-01-25 11:31:29,clusterB,0,4,4,0,1.00,0.5,0.5,0.0,0.0,0.0
2026-01-25 11:31:34,clusterA,0,4,4,0,1.00,0.5,0.5,0.0,0.0,0.0
2026-01-25 11:31:34,clusterB,0,4,4,0,1.00,0.5,0.5,0.0,0.0,0.0
2026-01-25 11:31:39,clusterA,0,4,4,0,1.00,0.5,0.5,0.0,0.0,0.0
2026-01-25 11:31:39,clusterB,0,4,4,0,1.00,0.5,0.5,0.0,0.0,0.0
2026-01-25 11:31:44,clusterA,0,4,4,0,1.00,0.5,0.5,0.0,0.0,0.0
2026-01-25 11:31:44,clusterB,0,4,4,0,1.00,0.5,0.5,0.0,0.0,0.0
2026-01-25 11:31:50,clusterA,0,4,4,0,1.00,0.5,0.5,0.0,0.0,0.0
2026-01-25 11:31:50,clusterB,0,4,4,0,1.00,0.5,0.5,0.0,0.0,0.0
2026-01-25 11:31:55,clusterA,0,4,4,0,1.00,0.5,0.5,0.0,0.0,0.0
2026-01-25 11:31:55,clusterB,0,4,4,0,1.00,0.5,0.5,0.0,0.0,0.0
2026-01-25 11:32:00,clusterA,0,4,4,0,1.00,0.5,0.5,0.0,0.0,0.0
2026-01-25 11:32:00,clusterB,0,4,4,0,1.00,0.5,0.5,0.0,0.0,0.0
2026-01-25 11:32:05,clusterA,0,4,4,0,1.00,0.5,0.5,0.0,0.0,0.0
2026-01-25 11:32:05,clusterB,0,4,4,0,1.00,0.5,0.5,0.0,0.0,0.0
2026-01-25 11:32:10,clusterA,0,4,4,0,1.00,0.5,0.5,0.0,0.0,0.0
2026-01-25 11:32:10,clusterB,0,4,4,0,1.00,0.5,0.5,0.0,0.0,0.0
2026-01-25 11:32:15,clusterA,0,4,4,0,1.00,0.5,0.5,0.0,0.0,0.0
2026-01-25 11:32:15,clusterB,0,4,4,0,1.00,0.5,0.5,0.0,0.0,0.0
2026-01-25 11:32:21,clusterA,0,4,4,0,1.00,0.5,0.5,0.0,0.0,0.0
2026-01-25 11:32:21,clusterB,0,4,4,0,1.00,0.5,0.5,0.0,0.0,0.0
2026-01-25 11:32:26,clusterA,0,4,4,0,1.00,0.5,0.5,0.0,0.0,0.0
2026-01-25 11:32:26,clusterB,0,4,4,0,1.00,0.5,0.5,0.0,0.0,0.0
2026-01-25 11:32:31,clusterA,0,4,4,0,1.00,0.5,0.5,0.0,0.0,0.0
2026-01-25 11:32:31,clusterB,0,4,4,0,1.00,0.5,0.5,0.0,0.0,0.0
2026-01-25 11:32:36,clusterA,0,4,4,0,1.00,0.5,0.5,0.0,0.0,0.0
2026-01-25 11:32:36,clusterB,0,4,4,0,1.00,0.5,0.5,0.0,0.0,0.0
2026-01-25 11:32:41,clusterA,0,4,4,0,1.00,0.5,0.5,0.0,0.0,0.0
2026-01-25 11:32:41,clusterB,0,4,4,0,1.00,0.5,0.5,0.0,0.0,0.0
2026-01-25 11:32:47,clusterA,0,4,4,0,1.00,0.5,0.5,0.0,0.0,0.0
2026-01-25 11:32:47,clusterB,0,4,4,0,1.00,0.5,0.5,0.0,0.0,0.0
2026-01-25 11:32:52,clusterA,0,4,4,0,1.00,0.5,0.5,0.0,0.0,0.0
2026-01-25 11:32:52,clusterB,0,4,4,0,1.00,0.5,0.5,0.0,0.0,0.0
2026-01-25 11:32:57,clusterA,0,4,4,0,1.00,0.5,0.5,0.0,0.0,0.0
2026-01-25 11:32:57,clusterB,0,4,4,0,1.00,0.5,0.5,0.0,0.0,0.0
2026-01-25 11:33:02,clusterA,0,4,4,0,1.00,0.5,0.5,0.0,0.0,0.0
2026-01-25 11:33:02,clusterB,0,4,4,0,1.00,0.5,0.5,0.0,0.0,0.0
2026-01-25 11:33:07,clusterA,0,4,4,0,1.00,0.5,0.5,0.0,0.0,0.0
2026-01-25 11:33:07,clusterB,0,4,4,0,1.00,0.5,0.5,0.0,0.0,0.0
2026-01-25 11:33:13,clusterA,0,4,4,0,1.00,0.5,0.5,0.0,0.0,0.0
2026-01-25 11:33:13,clusterB,0,4,4,0,1.00,0.5,0.5,0.0,0.0,0.0
2026-01-25 11:33:18,clusterA,0,4,4,0,1.00,0.5,0.5,0.0,0.0,0.0
2026-01-25 11:33:18,clusterB,0,4,4,0,1.00,0.5,0.5,0.0,0.0,0.0
2026-01-25 11:33:23,clusterA,0,4,4,0,1.00,0.5,0.5,0.0,0.0,0.0
2026-01-25 11:33:23,clusterB,0,4,4,0,1.00,0.5,0.5,0.0,0.0,0.0
2026-01-25 11:33:28,clusterA,0,4,4,0,1.00,0.5,0.5,0.0,0.0,0.0
2026-01-25 11:33:28,clusterB,0,4,4,0,1.00,0.5,0.5,0.0,0.0,0.0
2026-01-25 11:33:33,clusterA,0,4,4,0,1.00,0.5,0.5,0.0,0.0,0.0
2026-01-25 11:33:33,clusterB,0,4,4,0,1.00,0.5,0.5,0.0,0.0,0.0
2026-01-25 11:33:39,clusterA,0,4,4,0,1.00,0.5,0.5,0.0,0.0,0.0
2026-01-25 11:33:39,clusterB,0,4,4,0,1.00,0.5,0.5,0.0,0.0,0.0
2026-01-25 11:33:44,clusterA,0,4,4,0,1.00,0.5,0.5,0.0,0.0,0.0
2026-01-25 11:33:44,clusterB,0,4,4,0,1.00,0.5,0.5,0.0,0.0,0.0
2026-01-25 11:33:49,clusterA,0,4,4,0,1.00,0.5,0.5,0.0,0.0,0.0
2026-01-25 11:33:49,clusterB,0,4,4,0,1.00,0.5,0.5,0.0,0.0,0.0
2026-01-25 11:33:54,clusterA,0,4,4,0,1.00,0.5,0.5,0.0,0.0,0.0
2026-01-25 11:33:54,clusterB,0,4,4,0,1.00,0.5,0.5,0.0,0.0,0.0
2026-01-25 11:33:59,clusterA,0,4,4,0,1.00,0.5,0.5,0.0,0.0,0.0
2026-01-25 11:33:59,clusterB,0,4,4,0,1.00,0.5,0.5,0.0,0.0,0.0
2026-01-25 11:34:05,clusterA,0,4,4,0,1.00,0.5,0.5,0.0,0.0,0.0
2026-01-25 11:34:05,clusterB,0,4,4,0,1.00,0.5,0.5,0.0,0.0,0.0
2026-01-25 11:34:10,clusterA,0,4,4,0,1.00,0.5,0.5,0.0,0.0,0.0
2026-01-25 11:34:10,clusterB,0,4,4,0,1.00,0.5,0.5,0.0,0.0,0.0
2026-01-25 11:34:15,clusterA,0,4,4,0,1.00,0.5,0.5,0.0,0.0,0.0
2026-01-25 11:34:15,clusterB,0,4,4,0,1.00,0.5,0.5,0.0,0.0,0.0
2026-01-25 11:34:20,clusterA,0,4,4,0,1.00,0.5,0.5,0.0,0.0,0.0
2026-01-25 11:34:20,clusterB,0,4,4,0,1.00,0.5,0.5,0.0,0.0,0.0
2026-01-25 11:34:25,clusterA,0,4,4,0,1.00,0.5,0.5,0.0,0.0,0.0
2026-01-25 11:34:25,clusterB,0,4,4,0,1.00,0.5,0.5,0.0,0.0,0.0
2026-01-25 11:34:31,clusterA,0,4,4,0,1.00,0.5,0.5,0.0,0.0,0.0
2026-01-25 11:34:31,clusterB,0,4,4,0,1.00,0.5,0.5,0.0,0.0,0.0
2026-01-25 11:34:36,clusterA,0,4,4,0,1.00,0.5,0.5,0.0,0.0,0.0
2026-01-25 11:34:36,clusterB,0,4,4,0,1.00,0.5,0.5,0.0,0.0,0.0
2026-01-25 11:34:41,clusterA,0,4,4,0,1.00,0.5,0.5,0.0,0.0,0.0
2026-01-25 11:34:41,clusterB,0,4,4,0,1.00,0.5,0.5,0.0,0.0,0.0
2026-01-25 11:34:46,clusterA,0,4,4,0,1.00,0.5,0.5,0.0,0.0,0.0
2026-01-25 11:34:46,clusterB,0,4,4,0,1.00,0.5,0.5,0.0,0.0,0.0
2026-01-25 11:34:51,clusterA,0,4,4,0,1.00,0.5,0.5,0.0,0.0,0.0
2026-01-25 11:34:51,clusterB,0,4,4,0,1.00,0.5,0.5,0.0,0.0,0.0
2026-01-25 11:34:56,clusterA,0,4,4,0,1.00,0.5,0.5,0.0,0.0,0.0
2026-01-25 11:34:56,clusterB,0,4,4,0,1.00,0.5,0.5,0.0,0.0,0.0
2026-01-25 11:35:02,clusterA,0,4,4,0,1.00,0.5,0.5,0.0,0.0,0.0
2026-01-25 11:35:02,clusterB,0,4,4,0,1.00,0.5,0.5,0.0,0.0,0.0
2026-01-25 11:35:07,clusterA,0,4,4,0,1.00,0.5,0.5,0.0,0.0,0.0
2026-01-25 11:35:07,clusterB,0,4,4,0,1.00,0.5,0.5,0.0,0.0,0.0
2026-01-25 11:35:12,clusterA,0,4,4,0,1.00,0.5,0.5,0.0,0.0,0.0
2026-01-25 11:35:12,clusterB,0,4,4,0,1.00,0.5,0.5,0.0,0.0,0.0
2026-01-25 11:35:17,clusterA,0,4,4,0,1.00,0.5,0.5,0.0,0.0,0.0
2026-01-25 11:35:17,clusterB,0,4,4,0,1.00,0.5,0.5,0.0,0.0,0.0
2026-01-25 11:35:22,clusterA,0,4,4,0,1.00,0.5,0.5,0.0,0.0,0.0
2026-01-25 11:35:22,clusterB,0,4,4,0,1.00,0.5,0.5,0.0,0.0,0.0
2026-01-25 11:35:28,clusterA,0,4,4,0,1.00,0.5,0.5,0.0,0.0,0.0
2026-01-25 11:35:28,clusterB,0,4,4,0,1.00,0.5,0.5,0.0,0.0,0.0
2026-01-25 11:35:33,clusterA,0,4,4,0,1.00,0.5,0.5,0.0,0.0,0.0
2026-01-25 11:35:33,clusterB,0,4,4,0,1.00,0.5,0.5,0.0,0.0,0.0
2026-01-25 11:35:38,clusterA,0,4,4,0,1.00,0.5,0.5,0.0,0.0,0.0
2026-01-25 11:35:38,clusterB,0,4,4,0,1.00,0.5,0.5,0.0,0.0,0.0
2026-01-25 11:35:43,clusterA,0,4,4,0,1.00,0.5,0.5,0.0,0.0,0.0
2026-01-25 11:35:43,clusterB,0,4,4,0,1.00,0.5,0.5,0.0,0.0,0.0
2026-01-25 11:35:48,clusterA,0,4,4,0,1.00,0.5,0.5,0.0,0.0,0.0
2026-01-25 11:35:48,clusterB,0,4,4,0,1.00,0.5,0.5,0.0,0.0,0.0
2026-01-25 11:35:53,clusterA,0,4,4,0,1.00,0.5,0.5,0.0,0.0,0.0
2026-01-25 11:35:53,clusterB,0,4,4,0,1.00,0.5,0.5,0.0,0.0,0.0
2026-01-25 11:35:59,clusterA,0,4,4,0,1.00,0.5,0.5,0.0,0.0,0.0
2026-01-25 11:35:59,clusterB,0,4,4,0,1.00,0.5,0.5,0.0,0.0,0.0
2026-01-25 11:36:04,clusterA,0,4,4,0,1.00,0.5,0.5,0.0,0.0,0.0
2026-01-25 11:36:04,clusterB,0,4,4,0,1.00,0.5,0.5,0.0,0.0,0.0
2026-01-25 11:36:09,clusterA,0,4,4,0,1.00,0.5,0.5,0.0,0.0,0.0
2026-01-25 11:36:09,clusterB,0,4,4,0,1.00,0.5,0.5,0.0,0.0,0.0
2026-01-25 11:36:14,clusterA,0,4,4,0,1.00,0.5,0.5,0.0,0.0,0.0
2026-01-25 11:36:14,clusterB,0,4,4,0,1.00,0.5,0.5,0.0,0.0,0.0
2026-01-25 11:36:19,clusterA,0,4,4,0,1.00,0.5,0.5,0.0,0.0,0.0
2026-01-25 11:36:19,clusterB,0,4,4,0,1.00,0.5,0.5,0.0,0.0,0.0
2026-01-25 11:36:25,clusterA,0,4,4,0,1.00,0.5,0.5,0.0,0.0,0.0
2026-01-25 11:36:25,clusterB,0,4,4,0,1.00,0.5,0.5,0.0,0.0,0.0
2026-01-25 11:36:30,clusterA,0,4,4,0,1.00,0.5,0.5,0.0,0.0,0.0
2026-01-25 11:36:30,clusterB,0,4,4,0,1.00,0.5,0.5,0.0,0.0,0.0
2026-01-25 11:36:35,clusterA,0,4,4,0,1.00,0.5,0.5,0.0,0.0,0.0
2026-01-25 11:36:35,clusterB,0,4,4,0,1.00,0.5,0.5,0.0,0.0,0.0
2026-01-25 11:36:40,clusterA,0,4,4,0,1.00,0.5,0.5,0.0,0.0,0.0
2026-01-25 11:36:40,clusterB,0,4,4,0,1.00,0.5,0.5,0.0,0.0,0.0
2026-01-25 11:36:45,clusterA,0,4,4,0,1.00,0.5,0.5,0.0,0.0,0.0
2026-01-25 11:36:45,clusterB,0,4,4,0,1.00,0.5,0.5,0.0,0.0,0.0
2026-01-25 11:36:51,clusterA,0,4,4,0,1.00,0.5,0.5,0.0,0.0,0.0
2026-01-25 11:36:51,clusterB,0,4,4,0,1.00,0.5,0.5,0.0,0.0,0.0
2026-01-25 11:36:56,clusterA,0,4,4,0,1.00,0.5,0.5,0.0,0.0,0.0
2026-01-25 11:36:56,clusterB,0,4,4,0,1.00,0.5,0.5,0.0,0.0,0.0
2026-01-25 11:37:01,clusterA,0,4,4,0,1.00,0.5,0.5,0.0,0.0,0.0
2026-01-25 11:37:01,clusterB,0,4,4,0,1.00,0.5,0.5,0.0,0.0,0.0
2026-01-25 11:37:06,clusterA,0,4,4,0,1.00,0.5,0.5,0.0,0.0,0.0
2026-01-25 11:37:06,clusterB,0,4,4,0,1.00,0.5,0.5,0.0,0.0,0.0
2026-01-25 11:37:11,clusterA,0,4,4,0,1.00,0.5,0.5,0.0,0.0,0.0
2026-01-25 11:37:11,clusterB,0,4,4,0,1.00,0.5,0.5,0.0,0.0,0.0
2026-01-25 11:37:16,clusterA,0,4,4,0,1.00,0.5,0.5,0.0,0.0,0.0
2026-01-25 11:37:16,clusterB,0,4,4,0,1.00,0.5,0.5,0.0,0.0,0.0
2026-01-25 11:37:22,clusterA,0,4,4,0,1.00,0.5,0.5,0.0,0.0,0.0
2026-01-25 11:37:22,clusterB,0,4,4,0,1.00,0.5,0.5,0.0,0.0,0.0
2026-01-25 11:37:27,clusterA,0,4,4,0,1.00,0.5,0.5,0.0,0.0,0.0
2026-01-25 11:37:27,clusterB,0,4,4,0,1.00,0.5,0.5,0.0,0.0,0.0
2026-01-25 11:37:32,clusterA,0,4,4,0,1.00,0.5,0.5,0.0,0.0,0.0
2026-01-25 11:37:32,clusterB,0,4,4,0,1.00,0.5,0.5,0.0,0.0,0.0
2026-01-25 11:37:37,clusterA,0,4,4,0,1.00,0.5,0.5,0.0,0.0,0.0
2026-01-25 11:37:37,clusterB,0,4,4,0,1.00,0.5,0.5,0.0,0.0,0.0
2026-01-25 11:37:42,clusterA,0,4,4,0,1.00,0.5,0.5,0.0,0.0,0.0
2026-01-25 11:37:42,clusterB,0,4,4,0,1.00,0.5,0.5,0.0,0.0,0.0
2026-01-25 11:37:48,clusterA,0,4,4,0,1.00,0.5,0.5,0.0,0.0,0.0
2026-01-25 11:37:48,clusterB,0,4,4,0,1.00,0.5,0.5,0.0,0.0,0.0
2026-01-25 11:37:53,clusterA,0,4,4,0,1.00,0.5,0.5,0.0,0.0,0.0
2026-01-25 11:37:53,clusterB,0,4,4,0,1.00,0.5,0.5,0.0,0.0,0.0
2026-01-25 11:37:58,clusterA,0,4,4,0,1.00,0.5,0.5,0.0,0.0,0.0
2026-01-25 11:37:58,clusterB,0,4,4,0,1.00,0.5,0.5,0.0,0.0,0.0
2026-01-25 11:38:03,clusterA,0,4,4,0,1.00,0.5,0.5,0.0,0.0,0.0
2026-01-25 11:38:03,clusterB,0,4,4,0,1.00,0.5,0.5,0.0,0.0,0.0
2026-01-25 11:38:08,clusterA,0,4,4,0,1.00,0.5,0.5,0.0,0.0,0.0
2026-01-25 11:38:08,clusterB,0,4,4,0,1.00,0.5,0.5,0.0,0.0,0.0
2026-01-25 11:38:14,clusterA,0,4,4,0,1.00,0.5,0.5,0.0,0.0,0.0
2026-01-25 11:38:14,clusterB,0,4,4,0,1.00,0.5,0.5,0.0,0.0,0.0
2026-01-25 11:38:19,clusterA,0,4,4,0,1.00,0.5,0.5,0.0,0.0,0.0
2026-01-25 11:38:19,clusterB,0,4,4,0,1.00,0.5,0.5,0.0,0.0,0.0
2026-01-25 11:38:24,clusterA,0,4,4,0,1.00,0.5,0.5,0.0,0.0,0.0
2026-01-25 11:38:24,clusterB,0,4,4,0,1.00,0.5,0.5,0.0,0.0,0.0
2026-01-25 11:38:29,clusterA,0,4,4,0,1.00,0.5,0.5,0.0,0.0,0.0
2026-01-25 11:38:29,clusterB,0,4,4,0,1.00,0.5,0.5,0.0,0.0,0.0
2026-01-25 11:38:34,clusterA,0,4,4,0,1.00,0.5,0.5,0.0,0.0,0.0
2026-01-25 11:38:34,clusterB,0,4,4,0,1.00,0.5,0.5,0.0,0.0,0.0
2026-01-25 11:38:40,clusterA,0,4,4,0,1.00,0.5,0.5,0.0,0.0,0.0
2026-01-25 11:38:40,clusterB,0,4,4,0,1.00,0.5,0.5,0.0,0.0,0.0
2026-01-25 11:38:45,clusterA,0,4,4,0,1.00,0.5,0.5,0.0,0.0,0.0
2026-01-25 11:38:45,clusterB,0,4,4,0,1.00,0.5,0.5,0.0,0.0,0.0
2026-01-25 11:38:50,clusterA,0,4,4,0,1.00,0.5,0.5,0.0,0.0,0.0
2026-01-25 11:38:50,clusterB,0,4,4,0,1.00,0.5,0.5,0.0,0.0,0.0
2026-01-25 11:38:55,clusterA,0,4,4,0,1.00,0.5,0.5,0.0,0.0,0.0
2026-01-25 11:38:55,clusterB,0,4,4,0,1.00,0.5,0.5,0.0,0.0,0.0
2026-01-25 11:39:00,clusterA,0,4,4,0,1.00,0.5,0.5,0.0,0.0,0.0
2026-01-25 11:39:00,clusterB,0,4,4,0,1.00,0.5,0.5,0.0,0.0,0.0
2026-01-25 11:39:05,clusterA,0,4,4,0,1.00,0.5,0.5,0.0,0.0,0.0
2026-01-25 11:39:05,clusterB,0,4,4,0,1.00,0.5,0.5,0.0,0.0,0.0
2026-01-25 11:39:11,clusterA,0,4,4,0,1.00,0.5,0.5,0.0,0.0,0.0
2026-01-25 11:39:11,clusterB,0,4,4,0,1.00,0.5,0.5,0.0,0.0,0.0
2026-01-25 11:39:16,clusterA,0,4,4,0,1.00,0.5,0.5,0.0,0.0,0.0
2026-01-25 11:39:16,clusterB,0,4,4,0,1.00,0.5,0.5,0.0,0.0,0.0
2026-01-25 11:39:21,clusterA,0,4,4,0,1.00,0.5,0.5,0.0,0.0,0.0
2026-01-25 11:39:21,clusterB,0,4,4,0,1.00,0.5,0.5,0.0,0.0,0.0
2026-01-25 11:39:26,clusterA,0,4,4,0,1.00,0.5,0.5,0.0,0.0,0.0
2026-01-25 11:39:26,clusterB,0,4,4,0,1.00,0.5,0.5,0.0,0.0,0.0
2026-01-25 11:39:31,clusterA,0,4,4,0,1.00,0.5,0.5,0.0,0.0,0.0
2026-01-25 11:39:31,clusterB,0,4,4,0,1.00,0.5,0.5,0.0,0.0,0.0
2026-01-25 11:39:37,clusterA,0,4,4,0,1.00,0.5,0.5,0.0,0.0,0.0
2026-01-25 11:39:37,clusterB,0,4,4,0,1.00,0.5,0.5,0.0,0.0,0.0
2026-01-25 11:39:42,clusterA,0,4,4,0,1.00,0.5,0.5,0.0,0.0,0.0
2026-01-25 11:39:42,clusterB,0,4,4,0,1.00,0.5,0.5,0.0,0.0,0.0
2026-01-25 11:39:47,clusterA,0,4,4,0,1.00,0.5,0.5,0.0,0.0,0.0
2026-01-25 11:39:47,clusterB,0,4,4,0,1.00,0.5,0.5,0.0,0.0,0.0
2026-01-25 11:39:52,clusterA,0,4,4,0,1.00,0.5,0.5,0.0,0.0,0.0
2026-01-25 11:39:52,clusterB,0,4,4,0,1.00,0.5,0.5,0.0,0.0,0.0
2026-01-25 11:39:57,clusterA,0,4,4,0,1.00,0.5,0.5,0.0,0.0,0.0
2026-01-25 11:39:57,clusterB,0,4,4,0,1.00,0.5,0.5,0.0,0.0,0.0
2026-01-25 11:40:03,clusterA,0,4,4,0,1.00,0.5,0.5,0.0,0.0,0.0
2026-01-25 11:40:03,clusterB,0,4,4,0,1.00,0.5,0.5,0.0,0.0,0.0
2026-01-25 11:40:08,clusterA,0,4,4,0,1.00,0.5,0.5,0.0,0.0,0.0
2026-01-25 11:40:08,clusterB,0,4,4,0,1.00,0.5,0.5,0.0,0.0,0.0
2026-01-25 11:40:13,clusterA,0,4,4,0,1.00,0.5,0.5,0.0,0.0,0.0
2026-01-25 11:40:13,clusterB,0,4,4,0,1.00,0.5,0.5,0.0,0.0,0.0
2026-01-25 11:40:18,clusterA,0,4,4,0,1.00,0.5,0.5,0.0,0.0,0.0
2026-01-25 11:40:18,clusterB,0,4,4,0,1.00,0.5,0.5,0.0,0.0,0.0
2026-01-25 11:40:23,clusterA,0,4,4,0,1.00,0.5,0.5,0.0,0.0,0.0
2026-01-25 11:40:23,clusterB,0,4,4,0,1.00,0.5,0.5,0.0,0.0,0.0
2026-01-25 11:40:29,clusterA,0,4,4,0,1.00,0.5,0.5,0.0,0.0,0.0
2026-01-25 11:40:29,clusterB,0,4,4,0,1.00,0.5,0.5,0.0,0.0,0.0
2026-01-25 11:40:34,clusterA,0,4,4,0,1.00,0.5,0.5,0.0,0.0,0.0
2026-01-25 11:40:34,clusterB,0,4,4,0,1.00,0.5,0.5,0.0,0.0,0.0
2026-01-25 11:40:39,clusterA,0,4,4,0,1.00,0.5,0.5,0.0,0.0,0.0
2026-01-25 11:40:39,clusterB,0,4,4,0,1.00,0.5,0.5,0.0,0.0,0.0
2026-01-25 11:40:44,clusterA,0,4,4,0,1.00,0.5,0.5,0.0,0.0,0.0
2026-01-25 11:40:44,clusterB,0,4,4,0,1.00,0.5,0.5,0.0,0.0,0.0
2026-01-25 11:40:49,clusterA,0,4,4,0,1.00,0.5,0.5,0.0,0.0,0.0
2026-01-25 11:40:49,clusterB,0,4,4,0,1.00,0.5,0.5,0.0,0.0,0.0
2026-01-25 11:40:54,clusterA,0,4,4,0,1.00,0.5,0.5,0.0,0.0,0.0
2026-01-25 11:40:54,clusterB,0,4,4,0,1.00,0.5,0.5,0.0,0.0,0.0
2026-01-25 11:41:00,clusterA,0,4,4,0,1.00,0.5,0.5,0.0,0.0,0.0
2026-01-25 11:41:00,clusterB,0,4,4,0,1.00,0.5,0.5,0.0,0.0,0.0
2026-01-25 11:41:05,clusterA,0,4,4,0,1.00,0.5,0.5,0.0,0.0,0.0
2026-01-25 11:41:05,clusterB,0,4,4,0,1.00,0.5,0.5,0.0,0.0,0.0
2026-01-25 11:41:10,clusterA,0,4,4,0,1.00,0.5,0.5,0.0,0.0,0.0
2026-01-25 11:41:10,clusterB,0,4,4,0,1.00,0.5,0.5,0.0,0.0,0.0
2026-01-25 11:41:15,clusterA,0,4,4,0,1.00,0.5,0.5,0.0,0.0,0.0
2026-01-25 11:41:15,clusterB,0,4,4,0,1.00,0.5,0.5,0.0,0.0,0.0
2026-01-25 11:41:20,clusterA,0,4,4,0,1.00,0.5,0.5,0.0,0.0,0.0
2026-01-25 11:41:20,clusterB,0,4,4,0,1.00,0.5,0.5,0.0,0.0,0.0
2026-01-25 11:41:26,clusterA,0,4,4,0,1.00,0.5,0.5,0.0,0.0,0.0
2026-01-25 11:41:26,clusterB,0,4,4,0,1.00,0.5,0.5,0.0,0.0,0.0
2026-01-25 11:41:31,clusterA,0,4,4,0,1.00,0.5,0.5,0.0,0.0,0.0
2026-01-25 11:41:31,clusterB,0,4,4,0,1.00,0.5,0.5,0.0,0.0,0.0
2026-01-25 11:41:36,clusterA,0,4,4,0,1.00,0.5,0.5,0.0,0.0,0.0
2026-01-25 11:41:36,clusterB,0,4,4,0,1.00,0.5,0.5,0.0,0.0,0.0
2026-01-25 11:41:41,clusterA,0,4,4,0,1.00,0.5,0.5,0.0,0.0,0.0
2026-01-25 11:41:41,clusterB,0,4,4,0,1.00,0.5,0.5,0.0,0.0,0.0
2026-01-25 11:41:46,clusterA,0,4,4,0,1.00,0.5,0.5,0.0,0.0,0.0
2026-01-25 11:41:46,clusterB,0,4,4,0,1.00,0.5,0.5,0.0,0.0,0.0
2026-01-25 11:41:51,clusterA,0,4,4,0,1.00,0.5,0.5,0.0,0.0,0.0
2026-01-25 11:41:51,clusterB,0,4,4,0,1.00,0.5,0.5,0.0,0.0,0.0
2026-01-25 11:41:57,clusterA,0,4,4,0,1.00,0.5,0.5,0.0,0.0,0.0
2026-01-25 11:41:57,clusterB,0,4,4,0,1.00,0.5,0.5,0.0,0.0,0.0
2026-01-25 11:42:02,clusterA,0,4,4,0,1.00,0.5,0.5,0.0,0.0,0.0
2026-01-25 11:42:02,clusterB,0,4,4,0,1.00,0.5,0.5,0.0,0.0,0.0
2026-01-25 11:42:07,clusterA,0,4,4,0,1.00,0.5,0.5,0.0,0.0,0.0
2026-01-25 11:42:07,clusterB,0,4,4,0,1.00,0.5,0.5,0.0,0.0,0.0
2026-01-25 11:42:12,clusterA,0,4,4,0,1.00,0.5,0.5,0.0,0.0,0.0
2026-01-25 11:42:12,clusterB,0,4,4,0,1.00,0.5,0.5,0.0,0.0,0.0
2026-01-25 11:42:17,clusterA,0,4,4,0,1.00,0.5,0.5,0.0,0.0,0.0
2026-01-25 11:42:17,clusterB,0,4,4,0,1.00,0.5,0.5,0.0,0.0,0.0
2026-01-25 11:42:23,clusterA,0,4,4,0,1.00,0.5,0.5,0.0,0.0,0.0
2026-01-25 11:42:23,clusterB,0,4,4,0,1.00,0.5,0.5,0.0,0.0,0.0
2026-01-25 11:42:28,clusterA,0,4,4,0,1.00,0.5,0.5,0.0,0.0,0.0
2026-01-25 11:42:28,clusterB,0,4,4,0,1.00,0.5,0.5,0.0,0.0,0.0
2026-01-25 11:42:33,clusterA,0,4,4,0,1.00,0.5,0.5,0.0,0.0,0.0
2026-01-25 11:42:33,clusterB,0,4,4,0,1.00,0.5,0.5,0.0,0.0,0.0
2026-01-25 11:42:38,clusterA,0,4,4,0,1.00,0.5,0.5,0.0,0.0,0.0
2026-01-25 11:42:38,clusterB,0,4,4,0,1.00,0.5,0.5,0.0,0.0,0.0
2026-01-25 11:42:43,clusterA,0,4,4,0,1.00,0.5,0.5,0.0,0.0,0.0
2026-01-25 11:42:43,clusterB,0,4,4,0,1.00,0.5,0.5,0.0,0.0,0.0
2026-01-25 11:42:49,clusterA,0,4,4,0,1.00,0.5,0.5,0.0,0.0,0.0
2026-01-25 11:42:49,clusterB,0,4,4,0,1.00,0.5,0.5,0.0,0.0,0.0
2026-01-25 11:42:54,clusterA,0,4,4,0,1.00,0.5,0.5,0.0,0.0,0.0
2026-01-25 11:42:54,clusterB,0,4,4,0,1.00,0.5,0.5,0.0,0.0,0.0
2026-01-25 11:42:59,clusterA,0,4,4,0,1.00,0.5,0.5,0.0,0.0,0.0
2026-01-25 11:42:59,clusterB,0,4,4,0,1.00,0.5,0.5,0.0,0.0,0.0
2026-01-25 11:43:04,clusterA,0,4,4,0,1.00,0.5,0.5,0.0,0.0,0.0
2026-01-25 11:43:04,clusterB,0,4,4,0,1.00,0.5,0.5,0.0,0.0,0.0
2026-01-25 11:43:09,clusterA,0,4,4,0,1.00,0.5,0.5,0.0,0.0,0.0
2026-01-25 11:43:09,clusterB,0,4,4,0,1.00,0.5,0.5,0.0,0.0,0.0
2026-01-25 11:43:15,clusterA,0,4,4,0,1.00,0.5,0.5,0.0,0.0,0.0
2026-01-25 11:43:15,clusterB,0,4,4,0,1.00,0.5,0.5,0.0,0.0,0.0
2026-01-25 11:43:20,clusterA,0,4,4,0,1.00,0.5,0.5,0.0,0.0,0.0
2026-01-25 11:43:20,clusterB,0,4,4,0,1.00,0.5,0.5,0.0,0.0,0.0
2026-01-25 11:43:25,clusterA,0,4,4,0,1.00,0.5,0.5,0.0,0.0,0.0
2026-01-25 11:43:25,clusterB,0,4,4,0,1.00,0.5,0.5,0.0,0.0,0.0
2026-01-25 11:43:30,clusterA,0,4,4,0,1.00,0.5,0.5,0.0,0.0,0.0
2026-01-25 11:43:30,clusterB,0,4,4,0,1.00,0.5,0.5,0.0,0.0,0.0
2026-01-25 11:43:35,clusterA,0,4,4,0,1.00,0.5,0.5,0.0,0.0,0.0
2026-01-25 11:43:35,clusterB,0,4,4,0,1.00,0.5,0.5,0.0,0.0,0.0
2026-01-25 11:43:41,clusterA,0,4,4,0,1.00,0.5,0.5,0.0,0.0,0.0
2026-01-25 11:43:41,clusterB,0,4,4,0,1.00,0.5,0.5,0.0,0.0,0.0
2026-01-25 11:43:46,clusterA,0,4,4,0,1.00,0.5,0.5,0.0,0.0,0.0
2026-01-25 11:43:46,clusterB,0,4,4,0,1.00,0.5,0.5,0.0,0.0,0.0
2026-01-25 11:43:51,clusterA,0,4,4,0,1.00,0.5,0.5,0.0,0.0,0.0
2026-01-25 11:43:51,clusterB,0,4,4,0,1.00,0.5,0.5,0.0,0.0,0.0
2026-01-25 11:43:56,clusterA,0,4,4,0,1.00,0.5,0.5,0.0,0.0,0.0
2026-01-25 11:43:56,clusterB,0,4,4,0,1.00,0.5,0.5,0.0,0.0,0.0
2026-01-25 11:44:01,clusterA,0,4,4,0,1.00,0.5,0.5,0.0,0.0,0.0
2026-01-25 11:44:01,clusterB,0,4,4,0,1.00,0.5,0.5,0.0,0.0,0.0
2026-01-25 11:44:07,clusterA,0,4,4,0,1.00,0.5,0.5,0.0,0.0,0.0
2026-01-25 11:44:07,clusterB,0,4,4,0,1.00,0.5,0.5,0.0,0.0,0.0
2026-01-25 11:44:12,clusterA,0,4,4,0,1.00,0.5,0.5,0.0,0.0,0.0
2026-01-25 11:44:12,clusterB,0,4,4,0,1.00,0.5,0.5,0.0,0.0,0.0
2026-01-25 11:44:17,clusterA,0,4,4,0,1.00,0.5,0.5,0.0,0.0,0.0
2026-01-25 11:44:17,clusterB,0,4,4,0,1.00,0.5,0.5,0.0,0.0,0.0
2026-01-25 11:44:22,clusterA,0,4,4,0,1.00,0.5,0.5,0.0,0.0,0.0
2026-01-25 11:44:22,clusterB,0,4,4,0,1.00,0.5,0.5,0.0,0.0,0.0
2026-01-25 11:44:27,clusterA,0,4,4,0,1.00,0.5,0.5,0.0,0.0,0.0
2026-01-25 11:44:27,clusterB,0,4,4,0,1.00,0.5,0.5,0.0,0.0,0.0
2026-01-25 11:44:32,clusterA,0,4,4,0,1.00,0.5,0.5,0.0,0.0,0.0
2026-01-25 11:44:32,clusterB,0,4,4,0,1.00,0.5,0.5,0.0,0.0,0.0
2026-01-25 11:44:38,clusterA,0,4,4,0,1.00,0.5,0.5,0.0,0.0,0.0
2026-01-25 11:44:38,clusterB,0,4,4,0,1.00,0.5,0.5,0.0,0.0,0.0
2026-01-25 11:44:43,clusterA,0,4,4,0,1.00,0.5,0.5,0.0,0.0,0.0
2026-01-25 11:44:43,clusterB,0,4,4,0,1.00,0.5,0.5,0.0,0.0,0.0
2026-01-25 11:44:48,clusterA,0,4,4,0,1.00,0.5,0.5,0.0,0.0,0.0
2026-01-25 11:44:48,clusterB,0,4,4,0,1.00,0.5,0.5,0.0,0.0,0.0
2026-01-25 11:44:53,clusterA,0,4,4,0,1.00,0.5,0.5,0.0,0.0,0.0
2026-01-25 11:44:53,clusterB,0,4,4,0,1.00,0.5,0.5,0.0,0.0,0.0
2026-01-25 11:44:58,clusterA,0,4,4,0,1.00,0.5,0.5,0.0,0.0,0.0
2026-01-25 11:44:58,clusterB,0,4,4,0,1.00,0.5,0.5,0.0,0.0,0.0
2026-01-25 11:45:04,clusterA,0,4,4,0,1.00,0.5,0.5,0.0,0.0,0.0
2026-01-25 11:45:04,clusterB,0,4,4,0,1.00,0.5,0.5,0.0,0.0,0.0
2026-01-25 11:45:09,clusterA,0,4,4,0,1.00,0.5,0.5,0.0,0.0,0.0
2026-01-25 11:45:09,clusterB,0,4,4,0,1.00,0.5,0.5,0.0,0.0,0.0
2026-01-25 11:45:14,clusterA,0,4,4,0,1.00,0.5,0.5,0.0,0.0,0.0
2026-01-25 11:45:14,clusterB,0,4,4,0,1.00,0.5,0.5,0.0,0.0,0.0
2026-01-25 11:45:19,clusterA,0,4,4,0,1.00,0.5,0.5,0.0,0.0,0.0
2026-01-25 11:45:19,clusterB,0,4,4,0,1.00,0.5,0.5,0.0,0.0,0.0
2026-01-25 11:45:24,clusterA,0,4,4,0,1.00,0.5,0.5,0.0,0.0,0.0
2026-01-25 11:45:24,clusterB,0,4,4,0,1.00,0.5,0.5,0.0,0.0,0.0
2026-01-25 11:45:30,clusterA,0,4,4,0,1.00,0.5,0.5,0.0,0.0,0.0
2026-01-25 11:45:30,clusterB,0,4,4,0,1.00,0.5,0.5,0.0,0.0,0.0
2026-01-25 11:45:35,clusterA,0,4,4,0,1.00,0.5,0.5,0.0,0.0,0.0
2026-01-25 11:45:35,clusterB,0,4,4,0,1.00,0.5,0.5,0.0,0.0,0.0
2026-01-25 11:45:40,clusterA,0,4,4,0,1.00,0.5,0.5,0.0,0.0,0.0
2026-01-25 11:45:40,clusterB,0,4,4,0,1.00,0.5,0.5,0.0,0.0,0.0
2026-01-25 11:45:45,clusterA,0,4,4,0,1.00,0.5,0.5,0.0,0.0,0.0
2026-01-25 11:45:45,clusterB,0,4,4,0,1.00,0.5,0.5,0.0,0.0,0.0
2026-01-25 11:45:50,clusterA,0,4,4,0,1.00,0.5,0.5,0.0,0.0,0.0
2026-01-25 11:45:50,clusterB,0,4,4,0,1.00,0.5,0.5,0.0,0.0,0.0
2026-01-25 11:45:56,clusterA,0,4,4,0,1.00,0.5,0.5,0.0,0.0,0.0
2026-01-25 11:45:56,clusterB,0,4,4,0,1.00,0.5,0.5,0.0,0.0,0.0
2026-01-25 11:46:01,clusterA,0,4,4,0,1.00,0.5,0.5,0.0,0.0,0.0
2026-01-25 11:46:01,clusterB,0,4,4,0,1.00,0.5,0.5,0.0,0.0,0.0
2026-01-25 11:46:06,clusterA,0,4,4,0,1.00,0.5,0.5,0.0,0.0,0.0
2026-01-25 11:46:06,clusterB,0,4,4,0,1.00,0.5,0.5,0.0,0.0,0.0
2026-01-25 11:46:11,clusterA,0,4,4,0,1.00,0.5,0.5,0.0,0.0,0.0
2026-01-25 11:46:11,clusterB,0,4,4,0,1.00,0.5,0.5,0.0,0.0,0.0
2026-01-25 11:46:16,clusterA,0,4,4,0,1.00,0.5,0.5,0.0,0.0,0.0
2026-01-25 11:46:16,clusterB,0,4,4,0,1.00,0.5,0.5,0.0,0.0,0.0
2026-01-25 11:46:21,clusterA,0,4,4,0,1.00,0.5,0.5,0.0,0.0,0.0
2026-01-25 11:46:21,clusterB,0,4,4,0,1.00,0.5,0.5,0.0,0.0,0.0
2026-01-25 11:46:27,clusterA,0,4,4,0,1.00,0.5,0.5,0.0,0.0,0.0
2026-01-25 11:46:27,clusterB,0,4,4,0,1.00,0.5,0.5,0.0,0.0,0.0
2026-01-25 11:46:32,clusterA,0,4,4,0,1.00,0.5,0.5,0.0,0.0,0.0
2026-01-25 11:46:32,clusterB,0,4,4,0,1.00,0.5,0.5,0.0,0.0,0.0
2026-01-25 11:46:37,clusterA,0,4,4,0,1.00,0.5,0.5,0.0,0.0,0.0
2026-01-25 11:46:37,clusterB,0,4,4,0,1.00,0.5,0.5,0.0,0.0,0.0
2026-01-25 11:46:42,clusterA,0,4,4,0,1.00,0.5,0.5,0.0,0.0,0.0
2026-01-25 11:46:42,clusterB,0,4,4,0,1.00,0.5,0.5,0.0,0.0,0.0
2026-01-25 11:46:47,clusterA,0,4,4,0,1.00,0.5,0.5,0.0,0.0,0.0
2026-01-25 11:46:47,clusterB,0,4,4,0,1.00,0.5,0.5,0.0,0.0,0.0
2026-01-25 11:46:53,clusterA,0,4,4,0,1.00,0.5,0.5,0.0,0.0,0.0
2026-01-25 11:46:53,clusterB,0,4,4,0,1.00,0.5,0.5,0.0,0.0,0.0
2026-01-25 11:46:58,clusterA,1,4,4,0,1.00,0.5,0.5,0.0,0.0,0.0
2026-01-25 11:46:58,clusterB,1,4,4,0,1.00,0.5,0.5,0.0,0.0,0.0
2026-01-25 11:47:03,clusterA,1,4,4,0,1.00,0.5,0.5,0.0,0.0,0.0
2026-01-25 11:47:03,clusterB,1,4,4,0,1.00,0.5,0.5,0.0,0.0,0.0
2026-01-25 11:47:08,clusterA,1,4,4,0,1.00,0.5,0.5,0.0,0.0,0.0
2026-01-25 11:47:08,clusterB,1,4,4,0,1.00,0.5,0.5,0.0,0.0,0.0
2026-01-25 11:47:13,clusterA,1,4,4,0,1.00,0.5,0.5,0.0,0.0,0.0
2026-01-25 11:47:13,clusterB,1,4,4,0,1.00,0.5,0.5,0.0,0.0,0.0
2026-01-25 11:47:19,clusterA,1,4,4,0,1.00,0.5,0.5,0.0,0.0,0.0
2026-01-25 11:47:19,clusterB,1,4,4,0,1.00,0.5,0.5,0.0,0.0,0.0
2026-01-25 11:47:24,clusterA,1,4,4,0,1.00,0.5,0.5,0.0,0.0,0.0
2026-01-25 11:47:24,clusterB,1,4,4,0,1.00,0.5,0.5,0.0,0.0,0.0
2026-01-25 11:47:29,clusterA,1,4,4,0,1.00,0.5,0.5,0.0,0.0,0.0
2026-01-25 11:47:29,clusterB,1,4,4,0,1.00,0.5,0.5,0.0,0.0,0.0
2026-01-25 11:47:34,clusterA,1,4,4,0,1.00,0.5,0.5,0.0,0.0,0.0
2026-01-25 11:47:34,clusterB,1,4,4,0,1.00,0.5,0.5,0.0,0.0,0.0
2026-01-25 11:47:39,clusterA,1,4,4,0,1.00,0.5,0.5,0.0,0.0,0.0
2026-01-25 11:47:39,clusterB,1,4,4,0,1.00,0.5,0.5,0.0,0.0,0.0
2026-01-25 11:47:45,clusterA,1,4,4,0,1.00,0.5,0.5,0.0,0.0,0.0
2026-01-25 11:47:45,clusterB,1,4,4,0,1.00,0.5,0.5,0.0,0.0,0.0
2026-01-25 11:47:50,clusterA,1,4,4,0,1.00,0.5,0.5,0.0,0.0,0.0
2026-01-25 11:47:50,clusterB,1,4,4,0,1.00,0.5,0.5,0.0,0.0,0.0
2026-01-25 11:47:55,clusterA,1,4,4,0,1.00,0.5,0.5,0.0,0.0,0.0
2026-01-25 11:47:55,clusterB,1,4,4,0,1.00,0.5,0.5,0.0,0.0,0.0
2026-01-25 11:48:00,clusterA,1,4,4,0,1.00,0.5,0.5,0.0,0.0,0.0
2026-01-25 11:48:00,clusterB,1,4,4,0,1.00,0.5,0.5,0.0,0.0,0.0
2026-01-25 11:48:05,clusterA,1,4,4,0,1.00,0.5,0.5,0.0,0.0,0.0
2026-01-25 11:48:05,clusterB,1,4,4,0,1.00,0.5,0.5,0.0,0.0,0.0
2026-01-25 11:48:11,clusterA,1,4,4,0,1.00,0.5,0.5,0.0,0.0,0.0
2026-01-25 11:48:11,clusterB,1,4,4,0,1.00,0.5,0.5,0.0,0.0,0.0
2026-01-25 11:48:16,clusterA,1,4,4,0,1.00,0.5,0.5,0.0,0.0,0.0
2026-01-25 11:48:16,clusterB,1,4,4,0,1.00,0.5,0.5,0.0,0.0,0.0
2026-01-25 11:48:21,clusterA,1,4,4,0,1.00,0.5,0.5,0.0,0.0,0.0
2026-01-25 11:48:21,clusterB,1,4,4,0,1.00,0.5,0.5,0.0,0.0,0.0
2026-01-25 11:48:26,clusterA,1,4,4,0,1.00,0.5,0.5,0.0,0.0,0.0
2026-01-25 11:48:26,clusterB,1,4,4,0,1.00,0.5,0.5,0.0,0.0,0.0
2026-01-25 11:48:31,clusterA,1,4,4,0,1.00,0.5,0.5,0.0,0.0,0.0
2026-01-25 11:48:31,clusterB,1,4,4,0,1.00,0.5,0.5,0.0,0.0,0.0
2026-01-25 11:48:36,clusterA,1,4,4,0,1.00,0.5,0.5,0.0,0.0,0.0
2026-01-25 11:48:36,clusterB,1,4,4,0,1.00,0.5,0.5,0.0,0.0,0.0
2026-01-25 11:48:42,clusterA,1,4,4,0,1.00,0.5,0.5,0.0,0.0,0.0
2026-01-25 11:48:42,clusterB,1,4,4,0,1.00,0.5,0.5,0.0,0.0,0.0
2026-01-25 11:48:47,clusterA,1,4,4,0,1.00,0.5,0.5,0.0,0.0,0.0
2026-01-25 11:48:47,clusterB,1,4,4,0,1.00,0.5,0.5,0.0,0.0,0.0
2026-01-25 11:48:52,clusterA,1,4,4,0,1.00,0.5,0.5,0.0,0.0,0.0
2026-01-25 11:48:52,clusterB,1,4,4,0,1.00,0.5,0.5,0.0,0.0,0.0
2026-01-25 11:48:57,clusterA,1,4,4,0,1.00,0.5,0.5,0.0,0.0,0.0
2026-01-25 11:48:57,clusterB,1,4,4,0,1.00,0.5,0.5,0.0,0.0,0.0
2026-01-25 11:49:02,clusterA,1,4,4,0,1.00,0.5,0.5,0.0,0.0,0.0
2026-01-25 11:49:02,clusterB,1,4,4,0,1.00,0.5,0.5,0.0,0.0,0.0
2026-01-25 11:49:08,clusterA,1,4,4,0,1.00,0.5,0.5,0.0,0.0,0.0
2026-01-25 11:49:08,clusterB,1,4,4,0,1.00,0.5,0.5,0.0,0.0,0.0
2026-01-25 11:49:13,clusterA,1,4,4,0,1.00,0.5,0.5,0.0,0.0,0.0
2026-01-25 11:49:13,clusterB,1,4,4,0,1.00,0.5,0.5,0.0,0.0,0.0
2026-01-25 11:49:18,clusterA,1,4,4,0,1.00,0.5,0.5,0.0,0.0,0.0
2026-01-25 11:49:18,clusterB,1,4,4,0,1.00,0.5,0.5,0.0,0.0,0.0
2026-01-25 11:49:23,clusterA,1,4,4,0,1.00,0.5,0.5,0.0,0.0,0.0
2026-01-25 11:49:23,clusterB,1,4,4,0,1.00,0.5,0.5,0.0,0.0,0.0
2026-01-25 11:49:28,clusterA,1,4,4,0,1.00,0.5,0.5,0.0,0.0,0.0
2026-01-25 11:49:28,clusterB,1,4,4,0,1.00,0.5,0.5,0.0,0.0,0.0
2026-01-25 11:49:34,clusterA,1,4,4,0,1.00,0.5,0.5,0.0,0.0,0.0
2026-01-25 11:49:34,clusterB,1,4,4,0,1.00,0.5,0.5,0.0,0.0,0.0
2026-01-25 11:49:39,clusterA,1,4,4,0,1.00,0.5,0.5,0.0,0.0,0.0
2026-01-25 11:49:39,clusterB,1,4,4,0,1.00,0.5,0.5,0.0,0.0,0.0
2026-01-25 11:49:44,clusterA,1,4,4,0,1.00,0.5,0.5,0.0,0.0,0.0
2026-01-25 11:49:44,clusterB,1,4,4,0,1.00,0.5,0.5,0.0,0.0,0.0
2026-01-25 11:49:49,clusterA,1,4,4,0,1.00,0.5,0.5,0.0,0.0,0.0
2026-01-25 11:49:49,clusterB,1,4,4,0,1.00,0.5,0.5,0.0,0.0,0.0
2026-01-25 11:49:54,clusterA,1,4,4,0,1.00,0.5,0.5,0.0,0.0,0.0
2026-01-25 11:49:54,clusterB,1,4,4,0,1.00,0.5,0.5,0.0,0.0,0.0
2026-01-25 11:49:59,clusterA,1,4,4,0,1.00,0.5,0.5,0.0,0.0,0.0
2026-01-25 11:49:59,clusterB,1,4,4,0,1.00,0.5,0.5,0.0,0.0,0.0
2026-01-25 11:50:05,clusterA,1,4,2,2,0.50,0.5,0.5,0.0,0.0,0.0
2026-01-25 11:50:05,clusterB,1,4,4,0,1.00,0.5,0.5,0.0,0.0,0.0
2026-01-25 11:50:10,clusterA,0,4,2,2,0.50,0.5,0.5,0.0,0.0,0.0
2026-01-25 11:50:10,clusterB,0,4,4,0,1.00,0.5,0.5,0.0,0.0,0.0
2026-01-25 11:50:15,clusterA,0,4,2,2,0.50,0.5,0.5,0.0,0.0,0.0
2026-01-25 11:50:15,clusterB,0,4,4,0,1.00,0.5,0.5,0.0,0.0,0.0
2026-01-25 11:50:20,clusterA,0,4,2,2,0.50,0.5,0.5,0.0,0.0,0.0
2026-01-25 11:50:20,clusterB,0,4,4,0,1.00,0.5,0.5,0.0,0.0,0.0
2026-01-25 11:50:25,clusterA,0,4,2,2,0.50,0.5,0.5,0.0,0.0,0.0
2026-01-25 11:50:25,clusterB,0,4,4,0,1.00,0.5,0.5,0.0,0.0,0.0
2026-01-25 11:50:31,clusterA,0,4,2,2,0.50,0.5,0.5,0.0,0.0,0.0
2026-01-25 11:50:31,clusterB,0,4,4,0,1.00,0.5,0.5,0.0,0.0,0.0
2026-01-25 11:50:36,clusterA,0,4,2,2,0.50,0.5,0.5,0.0,0.0,0.0
2026-01-25 11:50:36,clusterB,0,4,4,0,1.00,0.5,0.5,0.0,0.0,0.0
2026-01-25 11:50:41,clusterA,0,4,2,2,0.50,0.5,0.5,0.0,0.0,0.0
2026-01-25 11:50:41,clusterB,0,4,4,0,1.00,0.5,0.5,0.0,0.0,0.0
2026-01-25 11:50:46,clusterA,0,4,2,2,0.50,0.5,0.5,0.0,0.0,0.0
2026-01-25 11:50:46,clusterB,0,4,4,0,1.00,0.5,0.5,0.0,0.0,0.0
2026-01-25 11:50:51,clusterA,0,4,2,2,0.50,0.5,0.5,0.0,0.0,0.0
2026-01-25 11:50:51,clusterB,0,4,4,0,1.00,0.5,0.5,0.0,0.0,0.0
2026-01-25 11:50:56,clusterA,0,4,2,2,0.50,0.5,0.5,0.0,0.0,0.0
2026-01-25 11:50:56,clusterB,0,4,4,0,1.00,0.5,0.5,0.0,0.0,0.0
2026-01-25 11:51:01,clusterA,0,4,2,2,0.50,0.5,0.5,0.0,0.0,0.0
2026-01-25 11:51:01,clusterB,0,4,4,0,1.00,0.5,0.5,0.0,0.0,0.0
2026-01-25 11:51:07,clusterA,0,4,2,2,0.50,0.5,0.5,0.0,0.0,0.0
2026-01-25 11:51:07,clusterB,0,4,4,0,1.00,0.5,0.5,0.0,0.0,0.0
2026-01-25 11:51:12,clusterA,0,4,2,2,0.50,0.5,0.5,0.0,0.0,0.0
2026-01-25 11:51:12,clusterB,0,4,4,0,1.00,0.5,0.5,0.0,0.0,0.0
2026-01-25 11:51:17,clusterA,0,4,2,2,0.50,0.5,0.5,0.0,0.0,0.0
2026-01-25 11:51:17,clusterB,0,4,4,0,1.00,0.5,0.5,0.0,0.0,0.0
2026-01-25 11:51:22,clusterA,0,4,2,2,0.50,0.5,0.5,0.0,0.0,0.0
2026-01-25 11:51:22,clusterB,0,4,4,0,1.00,0.5,0.5,0.0,0.0,0.0
2026-01-25 11:51:27,clusterA,0,4,2,2,0.50,0.5,0.5,0.0,0.0,0.0
2026-01-25 11:51:27,clusterB,0,4,4,0,1.00,0.5,0.5,0.0,0.0,0.0
2026-01-25 11:51:32,clusterA,0,4,2,2,0.50,0.5,0.5,0.0,0.0,0.0
2026-01-25 11:51:32,clusterB,0,4,4,0,1.00,0.5,0.5,0.0,0.0,0.0
2026-01-25 11:51:37,clusterA,0,4,2,2,0.50,0.5,0.5,0.0,0.0,0.0
2026-01-25 11:51:37,clusterB,0,4,4,0,1.00,0.5,0.5,0.0,0.0,0.0
2026-01-25 11:51:43,clusterA,0,4,2,2,0.50,0.5,0.5,0.0,0.0,0.0
2026-01-25 11:51:43,clusterB,0,4,4,0,1.00,0.5,0.5,0.0,0.0,0.0
2026-01-25 11:51:48,clusterA,0,4,2,2,0.50,0.5,0.5,0.0,0.0,0.0
2026-01-25 11:51:48,clusterB,0,4,4,0,1.00,0.5,0.5,0.0,0.0,0.0
2026-01-25 11:51:53,clusterA,0,4,2,2,0.50,0.5,0.5,0.0,0.0,0.0
2026-01-25 11:51:53,clusterB,0,4,4,0,1.00,0.5,0.5,0.0,0.0,0.0
2026-01-25 11:51:58,clusterA,1,4,2,2,0.50,0.5,0.5,0.0,0.0,0.0
2026-01-25 11:51:58,clusterB,1,4,4,0,1.00,0.5,0.5,0.0,0.0,0.0
2026-01-25 11:52:03,clusterA,0,4,3,1,0.75,0.5,0.5,0.0,0.0,0.0
2026-01-25 11:52:03,clusterB,0,4,4,0,1.00,0.5,0.5,0.0,0.0,0.0
2026-01-25 11:52:09,clusterA,0,4,3,1,0.75,0.5,0.5,0.0,0.0,0.0
2026-01-25 11:52:09,clusterB,0,4,4,0,1.00,0.5,0.5,0.0,0.0,0.0
2026-01-25 11:52:14,clusterA,0,4,3,1,0.75,0.5,0.5,0.0,0.0,0.0
2026-01-25 11:52:14,clusterB,0,4,4,0,1.00,0.5,0.5,0.0,0.0,0.0
2026-01-25 11:52:19,clusterA,0,4,3,1,0.75,0.5,0.5,0.0,0.0,0.0
2026-01-25 11:52:19,clusterB,0,4,4,0,1.00,0.5,0.5,0.0,0.0,0.0
2026-01-25 11:52:24,clusterA,0,4,3,1,0.75,0.5,0.5,0.0,0.0,0.0
2026-01-25 11:52:24,clusterB,0,4,4,0,1.00,0.5,0.5,0.0,0.0,0.0
2026-01-25 11:52:29,clusterA,0,4,3,1,0.75,0.5,0.5,0.0,0.0,0.0
2026-01-25 11:52:29,clusterB,0,4,4,0,1.00,0.5,0.5,0.0,0.0,0.0
2026-01-25 11:52:35,clusterA,0,4,3,1,0.75,0.5,0.5,0.0,0.0,0.0
2026-01-25 11:52:35,clusterB,0,4,4,0,1.00,0.5,0.5,0.0,0.0,0.0
2026-01-25 11:52:40,clusterA,0,4,3,1,0.75,0.5,0.5,0.0,0.0,0.0
2026-01-25 11:52:40,clusterB,0,4,4,0,1.00,0.5,0.5,0.0,0.0,0.0
2026-01-25 11:52:45,clusterA,0,4,3,1,0.75,0.5,0.5,0.0,0.0,0.0
2026-01-25 11:52:45,clusterB,0,4,4,0,1.00,0.5,0.5,0.0,0.0,0.0
2026-01-25 11:52:50,clusterA,0,4,3,1,0.75,0.5,0.5,0.0,0.0,0.0
2026-01-25 11:52:50,clusterB,0,4,4,0,1.00,0.5,0.5,0.0,0.0,0.0
2026-01-25 11:52:55,clusterA,0,4,3,1,0.75,0.5,0.5,0.0,0.0,0.0
2026-01-25 11:52:55,clusterB,0,4,4,0,1.00,0.5,0.5,0.0,0.0,0.0
2026-01-25 11:53:01,clusterA,0,4,3,1,0.75,0.5,0.5,0.0,0.0,0.0
2026-01-25 11:53:01,clusterB,0,4,4,0,1.00,0.5,0.5,0.0,0.0,0.0
2026-01-25 11:53:06,clusterA,0,4,3,1,0.75,0.5,0.5,0.0,0.0,0.0
2026-01-25 11:53:06,clusterB,0,4,4,0,1.00,0.5,0.5,0.0,0.0,0.0
2026-01-25 11:53:11,clusterA,0,4,3,1,0.75,0.5,0.5,0.0,0.0,0.0
2026-01-25 11:53:11,clusterB,0,4,4,0,1.00,0.5,0.5,0.0,0.0,0.0
2026-01-25 11:53:16,clusterA,0,4,3,1,0.75,0.5,0.5,0.0,0.0,0.0
2026-01-25 11:53:16,clusterB,0,4,4,0,1.00,0.5,0.5,0.0,0.0,0.0
2026-01-25 11:53:21,clusterA,0,4,3,1,0.75,0.5,0.5,0.0,0.0,0.0
2026-01-25 11:53:21,clusterB,0,4,4,0,1.00,0.5,0.5,0.0,0.0,0.0
2026-01-25 11:53:27,clusterA,0,4,3,1,0.75,0.5,0.5,0.0,0.0,0.0
2026-01-25 11:53:27,clusterB,0,4,4,0,1.00,0.5,0.5,0.0,0.0,0.0
2026-01-25 11:53:32,clusterA,0,4,3,1,0.75,0.5,0.5,0.0,0.0,0.0
2026-01-25 11:53:32,clusterB,0,4,4,0,1.00,0.5,0.5,0.0,0.0,0.0
2026-01-25 11:53:37,clusterA,0,4,3,1,0.75,0.5,0.5,0.0,0.0,0.0
2026-01-25 11:53:37,clusterB,0,4,4,0,1.00,0.5,0.5,0.0,0.0,0.0
2026-01-25 11:53:42,clusterA,0,4,3,1,0.75,0.5,0.5,0.0,0.0,0.0
2026-01-25 11:53:42,clusterB,0,4,4,0,1.00,0.5,0.5,0.0,0.0,0.0
2026-01-25 11:53:47,clusterA,0,4,3,1,0.75,0.5,0.5,0.0,0.0,0.0
2026-01-25 11:53:47,clusterB,0,4,4,0,1.00,0.5,0.5,0.0,0.0,0.0
2026-01-25 11:53:52,clusterA,0,4,3,1,0.75,0.5,0.5,0.0,0.0,0.0
2026-01-25 11:53:52,clusterB,0,4,4,0,1.00,0.5,0.5,0.0,0.0,0.0
2026-01-25 11:53:58,clusterA,0,4,3,1,0.75,0.5,0.5,0.0,0.0,0.0
2026-01-25 11:53:58,clusterB,0,4,4,0,1.00,0.5,0.5,0.0,0.0,0.0
2026-01-25 11:54:03,clusterA,0,4,3,1,0.75,0.5,0.5,0.0,0.0,0.0
2026-01-25 11:54:03,clusterB,0,4,4,0,1.00,0.5,0.5,0.0,0.0,0.0
2026-01-25 11:54:08,clusterA,0,4,3,1,0.75,0.5,0.5,0.0,0.0,0.0
2026-01-25 11:54:08,clusterB,0,4,4,0,1.00,0.5,0.5,0.0,0.0,0.0
2026-01-25 11:54:13,clusterA,0,4,3,1,0.75,0.5,0.5,0.0,0.0,0.0
2026-01-25 11:54:13,clusterB,0,4,4,0,1.00,0.5,0.5,0.0,0.0,0.0
2026-01-25 11:54:18,clusterA,0,4,3,1,0.75,0.5,0.5,0.0,0.0,0.0
2026-01-25 11:54:18,clusterB,0,4,4,0,1.00,0.5,0.5,0.0,0.0,0.0
2026-01-25 11:54:24,clusterA,0,4,3,1,0.75,0.5,0.5,0.0,0.0,0.0
2026-01-25 11:54:24,clusterB,0,4,4,0,1.00,0.5,0.5,0.0,0.0,0.0
2026-01-25 11:54:29,clusterA,0,4,3,1,0.75,0.5,0.5,0.0,0.0,0.0
2026-01-25 11:54:29,clusterB,0,4,4,0,1.00,0.5,0.5,0.0,0.0,0.0
2026-01-25 11:54:34,clusterA,0,4,3,1,0.75,0.5,0.5,0.0,0.0,0.0
2026-01-25 11:54:34,clusterB,0,4,4,0,1.00,0.5,0.5,0.0,0.0,0.0
2026-01-25 11:54:39,clusterA,0,4,3,1,0.75,0.5,0.5,0.0,0.0,0.0
2026-01-25 11:54:39,clusterB,0,4,4,0,1.00,0.5,0.5,0.0,0.0,0.0
2026-01-25 11:54:44,clusterA,0,4,3,1,0.75,0.5,0.5,0.0,0.0,0.0
2026-01-25 11:54:44,clusterB,0,4,4,0,1.00,0.5,0.5,0.0,0.0,0.0
2026-01-25 11:54:50,clusterA,0,4,3,1,0.75,0.5,0.5,0.0,0.0,0.0
2026-01-25 11:54:50,clusterB,0,4,4,0,1.00,0.5,0.5,0.0,0.0,0.0
2026-01-25 11:54:55,clusterA,0,4,3,1,0.75,0.5,0.5,0.0,0.0,0.0
2026-01-25 11:54:55,clusterB,0,4,4,0,1.00,0.5,0.5,0.0,0.0,0.0
2026-01-25 11:55:00,clusterA,0,4,3,1,0.75,0.5,0.5,0.0,0.0,0.0
2026-01-25 11:55:00,clusterB,0,4,4,0,1.00,0.5,0.5,0.0,0.0,0.0
2026-01-25 11:55:05,clusterA,0,4,3,1,0.75,0.5,0.5,0.0,0.0,0.0
2026-01-25 11:55:05,clusterB,0,4,4,0,1.00,0.5,0.5,0.0,0.0,0.0
2026-01-25 11:55:10,clusterA,0,4,3,1,0.75,0.5,0.5,0.0,0.0,0.0
2026-01-25 11:55:10,clusterB,0,4,4,0,1.00,0.5,0.5,0.0,0.0,0.0
2026-01-25 11:55:15,clusterA,0,4,3,1,0.75,0.5,0.5,0.0,0.0,0.0
2026-01-25 11:55:15,clusterB,0,4,4,0,1.00,0.5,0.5,0.0,0.0,0.0
2026-01-25 11:55:21,clusterA,0,4,3,1,0.75,0.5,0.5,0.0,0.0,0.0
2026-01-25 11:55:21,clusterB,0,4,4,0,1.00,0.5,0.5,0.0,0.0,0.0
2026-01-25 11:55:26,clusterA,0,4,2,2,0.50,0.5,0.5,0.0,0.0,0.0
2026-01-25 11:55:26,clusterB,0,4,4,0,1.00,0.5,0.5,0.0,0.0,0.0
2026-01-25 11:55:31,clusterA,0,4,2,2,0.50,0.5,0.5,0.0,0.0,0.0
2026-01-25 11:55:31,clusterB,0,4,4,0,1.00,0.5,0.5,0.0,0.0,0.0
2026-01-25 11:55:36,clusterA,0,4,1,3,0.25,0.5,0.5,0.0,0.0,0.0
2026-01-25 11:55:36,clusterB,0,4,4,0,1.00,0.5,0.5,0.0,0.0,0.0
2026-01-25 11:55:41,clusterA,0,4,1,3,0.25,0.5,0.5,0.0,0.0,0.0
2026-01-25 11:55:41,clusterB,0,4,4,0,1.00,0.5,0.5,0.0,0.0,0.0
2026-01-25 11:55:46,clusterA,1,4,1,3,0.25,0.5,0.5,0.0,0.0,0.0
2026-01-25 11:55:46,clusterB,1,4,4,0,1.00,0.5,0.5,0.0,0.0,0.0
2026-01-25 11:55:52,clusterA,0,4,2,2,0.50,0.5,0.5,0.0,0.0,0.0
2026-01-25 11:55:52,clusterB,0,4,4,0,1.00,0.5,0.5,0.0,0.0,0.0
2026-01-25 11:55:57,clusterA,0,4,2,2,0.50,0.5,0.5,0.0,0.0,0.0
2026-01-25 11:55:57,clusterB,0,4,4,0,1.00,0.5,0.5,0.0,0.0,0.0
2026-01-25 11:56:02,clusterA,0,4,2,2,0.50,0.5,0.5,0.0,0.0,0.0
2026-01-25 11:56:02,clusterB,0,4,4,0,1.00,0.5,0.5,0.0,0.0,0.0
2026-01-25 11:56:07,clusterA,0,4,2,2,0.50,0.5,0.5,0.0,0.0,0.0
2026-01-25 11:56:07,clusterB,0,4,4,0,1.00,0.5,0.5,0.0,0.0,0.0
2026-01-25 11:56:12,clusterA,0,4,2,2,0.50,0.5,0.5,0.0,0.0,0.0
2026-01-25 11:56:12,clusterB,0,4,4,0,1.00,0.5,0.5,0.0,0.0,0.0
2026-01-25 11:56:17,clusterA,0,4,2,2,0.50,0.5,0.5,0.0,0.0,0.0
2026-01-25 11:56:17,clusterB,0,4,4,0,1.00,0.5,0.5,0.0,0.0,0.0
2026-01-25 11:56:22,clusterA,0,4,2,2,0.50,0.5,0.5,0.0,0.0,0.0
2026-01-25 11:56:22,clusterB,0,4,4,0,1.00,0.5,0.5,0.0,0.0,0.0
2026-01-25 11:56:28,clusterA,0,4,2,2,0.50,0.5,0.5,0.0,0.0,0.0
2026-01-25 11:56:28,clusterB,0,4,4,0,1.00,0.5,0.5,0.0,0.0,0.0
2026-01-25 11:56:33,clusterA,0,4,2,2,0.50,0.5,0.5,0.0,0.0,0.0
2026-01-25 11:56:33,clusterB,0,4,4,0,1.00,0.5,0.5,0.0,0.0,0.0
2026-01-25 11:56:38,clusterA,0,4,2,2,0.50,0.5,0.5,0.0,0.0,0.0
2026-01-25 11:56:38,clusterB,0,4,4,0,1.00,0.5,0.5,0.0,0.0,0.0
2026-01-25 11:56:43,clusterA,0,4,2,2,0.50,0.5,0.5,0.0,0.0,0.0
2026-01-25 11:56:43,clusterB,0,4,4,0,1.00,0.5,0.5,0.0,0.0,0.0
2026-01-25 11:56:48,clusterA,0,4,2,2,0.50,0.5,0.5,0.0,0.0,0.0
2026-01-25 11:56:48,clusterB,0,4,4,0,1.00,0.5,0.5,0.0,0.0,0.0
2026-01-25 11:56:53,clusterA,0,4,2,2,0.50,0.5,0.5,0.0,0.0,0.0
2026-01-25 11:56:53,clusterB,0,4,4,0,1.00,0.5,0.5,0.0,0.0,0.0
2026-01-25 11:56:58,clusterA,0,4,2,2,0.50,0.5,0.5,0.0,0.0,0.0
2026-01-25 11:56:58,clusterB,0,4,4,0,1.00,0.5,0.5,0.0,0.0,0.0
2026-01-25 11:57:04,clusterA,0,4,2,2,0.50,0.5,0.5,0.0,0.0,0.0
2026-01-25 11:57:04,clusterB,0,4,4,0,1.00,0.5,0.5,0.0,0.0,0.0
2026-01-25 11:57:09,clusterA,0,4,2,2,0.50,0.5,0.5,0.0,0.0,0.0
2026-01-25 11:57:09,clusterB,0,4,4,0,1.00,0.5,0.5,0.0,0.0,0.0
2026-01-25 11:57:14,clusterA,0,4,2,2,0.50,0.5,0.5,0.0,0.0,0.0
2026-01-25 11:57:14,clusterB,0,4,4,0,1.00,0.5,0.5,0.0,0.0,0.0
2026-01-25 11:57:19,clusterA,0,4,2,2,0.50,0.5,0.5,0.0,0.0,0.0
2026-01-25 11:57:19,clusterB,0,4,4,0,1.00,0.5,0.5,0.0,0.0,0.0
2026-01-25 11:57:24,clusterA,0,4,2,2,0.50,0.5,0.5,0.0,0.0,0.0
2026-01-25 11:57:24,clusterB,0,4,4,0,1.00,0.5,0.5,0.0,0.0,0.0
2026-01-25 11:57:29,clusterA,0,4,2,2,0.50,0.5,0.5,0.0,0.0,0.0
2026-01-25 11:57:29,clusterB,0,4,4,0,1.00,0.5,0.5,0.0,0.0,0.0
2026-01-25 11:57:34,clusterA,0,4,2,2,0.50,0.5,0.5,0.0,0.0,0.0
2026-01-25 11:57:34,clusterB,0,4,4,0,1.00,0.5,0.5,0.0,0.0,0.0
2026-01-25 11:57:40,clusterA,0,4,2,2,0.50,0.5,0.5,0.0,0.0,0.0
2026-01-25 11:57:40,clusterB,0,4,4,0,1.00,0.5,0.5,0.0,0.0,0.0
2026-01-25 11:57:45,clusterA,0,4,2,2,0.50,0.5,0.5,0.0,0.0,0.0
2026-01-25 11:57:45,clusterB,0,4,4,0,1.00,0.5,0.5,0.0,0.0,0.0
2026-01-25 11:57:50,clusterA,0,4,2,2,0.50,0.5,0.5,0.0,0.0,0.0
2026-01-25 11:57:50,clusterB,0,4,4,0,1.00,0.5,0.5,0.0,0.0,0.0
2026-01-25 11:57:55,clusterA,0,4,2,2,0.50,0.5,0.5,0.0,0.0,0.0
2026-01-25 11:57:55,clusterB,0,4,4,0,1.00,0.5,0.5,0.0,0.0,0.0
2026-01-25 11:58:00,clusterA,0,4,2,2,0.50,0.5,0.5,0.0,0.0,0.0
2026-01-25 11:58:00,clusterB,0,4,4,0,1.00,0.5,0.5,0.0,0.0,0.0
2026-01-25 11:58:05,clusterA,0,4,2,2,0.50,0.5,0.5,0.0,0.0,0.0
2026-01-25 11:58:05,clusterB,0,4,4,0,1.00,0.5,0.5,0.0,0.0,0.0
2026-01-25 11:58:11,clusterA,0,4,2,2,0.50,0.5,0.5,0.0,0.0,0.0
2026-01-25 11:58:11,clusterB,0,4,4,0,1.00,0.5,0.5,0.0,0.0,0.0
2026-01-25 11:58:16,clusterA,0,4,2,2,0.50,0.5,0.5,0.0,0.0,0.0
2026-01-25 11:58:16,clusterB,0,4,4,0,1.00,0.5,0.5,0.0,0.0,0.0
2026-01-25 11:58:21,clusterA,0,4,2,2,0.50,0.5,0.5,0.0,0.0,0.0
2026-01-25 11:58:21,clusterB,0,4,4,0,1.00,0.5,0.5,0.0,0.0,0.0
2026-01-25 11:58:26,clusterA,0,4,2,2,0.50,0.5,0.5,0.0,0.0,0.0
2026-01-25 11:58:26,clusterB,0,4,4,0,1.00,0.5,0.5,0.0,0.0,0.0
2026-01-25 11:58:31,clusterA,0,4,2,2,0.50,0.5,0.5,0.0,0.0,0.0
2026-01-25 11:58:31,clusterB,0,4,4,0,1.00,0.5,0.5,0.0,0.0,0.0
2026-01-25 11:58:36,clusterA,0,4,2,2,0.50,0.5,0.5,0.0,0.0,0.0
2026-01-25 11:58:36,clusterB,0,4,4,0,1.00,0.5,0.5,0.0,0.0,0.0
2026-01-25 11:58:41,clusterA,0,4,2,2,0.50,0.5,0.5,0.0,0.0,0.0
2026-01-25 11:58:41,clusterB,0,4,4,0,1.00,0.5,0.5,0.0,0.0,0.0
2026-01-25 11:58:47,clusterA,0,4,2,2,0.50,0.5,0.5,0.0,0.0,0.0
2026-01-25 11:58:47,clusterB,0,4,4,0,1.00,0.5,0.5,0.0,0.0,0.0
2026-01-25 11:58:52,clusterA,0,4,2,2,0.50,0.5,0.5,0.0,0.0,0.0
2026-01-25 11:58:52,clusterB,0,4,4,0,1.00,0.5,0.5,0.0,0.0,0.0
2026-01-25 11:58:57,clusterA,0,4,2,2,0.50,0.5,0.5,0.0,0.0,0.0
2026-01-25 11:58:57,clusterB,0,4,4,0,1.00,0.5,0.5,0.0,0.0,0.0
2026-01-25 11:59:02,clusterA,0,4,2,2,0.50,0.5,0.5,0.0,0.0,0.0
2026-01-25 11:59:02,clusterB,0,4,4,0,1.00,0.5,0.5,0.0,0.0,0.0
2026-01-25 11:59:07,clusterA,0,4,2,2,0.50,0.5,0.5,0.0,0.0,0.0
2026-01-25 11:59:07,clusterB,0,4,4,0,1.00,0.5,0.5,0.0,0.0,0.0
2026-01-25 11:59:12,clusterA,0,4,2,2,0.50,0.5,0.5,0.0,0.0,0.0
2026-01-25 11:59:12,clusterB,0,4,4,0,1.00,0.5,0.5,0.0,0.0,0.0
2026-01-25 11:59:17,clusterA,0,4,2,2,0.50,0.5,0.5,0.0,0.0,0.0
2026-01-25 11:59:17,clusterB,0,4,4,0,1.00,0.5,0.5,0.0,0.0,0.0
2026-01-25 11:59:23,clusterA,0,4,2,2,0.50,0.5,0.5,0.0,0.0,0.0
2026-01-25 11:59:23,clusterB,0,4,4,0,1.00,0.5,0.5,0.0,0.0,0.0
2026-01-25 11:59:28,clusterA,0,4,2,2,0.50,0.5,0.5,0.0,0.0,0.0
2026-01-25 11:59:28,clusterB,0,4,4,0,1.00,0.5,0.5,0.0,0.0,0.0
2026-01-25 11:59:33,clusterA,0,4,2,2,0.50,0.5,0.5,0.0,0.0,0.0
2026-01-25 11:59:33,clusterB,0,4,4,0,1.00,0.5,0.5,0.0,0.0,0.0
2026-01-25 11:59:38,clusterA,0,4,2,2,0.50,0.5,0.5,0.0,0.0,0.0
2026-01-25 11:59:38,clusterB,0,4,4,0,1.00,0.5,0.5,0.0,0.0,0.0
2026-01-25 11:59:43,clusterA,0,4,2,2,0.50,0.5,0.5,0.0,0.0,0.0
2026-01-25 11:59:43,clusterB,0,4,4,0,1.00,0.5,0.5,0.0,0.0,0.0
2026-01-25 11:59:48,clusterA,0,4,2,2,0.50,0.5,0.5,0.0,0.0,0.0
2026-01-25 11:59:48,clusterB,0,4,4,0,1.00,0.5,0.5,0.0,0.0,0.0
2026-01-25 11:59:54,clusterA,0,4,2,2,0.50,0.5,0.5,0.0,0.0,0.0
2026-01-25 11:59:54,clusterB,0,4,4,0,1.00,0.5,0.5,0.0,0.0,0.0
2026-01-25 11:59:59,clusterA,0,4,2,2,0.50,0.5,0.5,0.0,0.0,0.0
2026-01-25 11:59:59,clusterB,0,4,4,0,1.00,0.5,0.5,0.0,0.0,0.0
2026-01-25 12:00:04,clusterA,0,4,2,2,0.50,0.5,0.5,0.0,0.0,0.0
2026-01-25 12:00:04,clusterB,0,4,4,0,1.00,0.5,0.5,0.0,0.0,0.0
2026-01-25 12:00:09,clusterA,0,4,2,2,0.50,0.5,0.5,0.0,0.0,0.0
2026-01-25 12:00:09,clusterB,0,4,4,0,1.00,0.5,0.5,0.0,0.0,0.0
2026-01-25 12:00:14,clusterA,0,4,2,2,0.50,0.5,0.5,0.0,0.0,0.0
2026-01-25 12:00:14,clusterB,0,4,4,0,1.00,0.5,0.5,0.0,0.0,0.0
2026-01-25 12:00:19,clusterA,0,4,2,2,0.50,0.5,0.5,0.0,0.0,0.0
2026-01-25 12:00:19,clusterB,0,4,4,0,1.00,0.5,0.5,0.0,0.0,0.0
2026-01-25 12:00:24,clusterA,0,4,2,2,0.50,0.5,0.5,0.0,0.0,0.0
2026-01-25 12:00:24,clusterB,0,4,4,0,1.00,0.5,0.5,0.0,0.0,0.0
2026-01-25 12:00:30,clusterA,0,4,2,2,0.50,0.5,0.5,0.0,0.0,0.0
2026-01-25 12:00:30,clusterB,0,4,4,0,1.00,0.5,0.5,0.0,0.0,0.0
2026-01-25 12:00:35,clusterA,0,4,2,2,0.50,0.5,0.5,0.0,0.0,0.0
2026-01-25 12:00:35,clusterB,0,4,4,0,1.00,0.5,0.5,0.0,0.0,0.0
2026-01-25 12:00:40,clusterA,0,4,2,2,0.50,0.5,0.5,0.0,0.0,0.0
2026-01-25 12:00:40,clusterB,0,4,4,0,1.00,0.5,0.5,0.0,0.0,0.0
2026-01-25 12:00:45,clusterA,0,4,2,2,0.50,0.5,0.5,0.0,0.0,0.0
2026-01-25 12:00:45,clusterB,0,4,4,0,1.00,0.5,0.5,0.0,0.0,0.0
2026-01-25 12:00:50,clusterA,0,4,2,2,0.50,0.5,0.5,0.0,0.0,0.0
2026-01-25 12:00:50,clusterB,0,4,4,0,1.00,0.5,0.5,0.0,0.0,0.0
2026-01-25 12:00:55,clusterA,0,4,2,2,0.50,0.5,0.5,0.0,0.0,0.0
2026-01-25 12:00:55,clusterB,0,4,4,0,1.00,0.5,0.5,0.0,0.0,0.0
2026-01-25 12:01:00,clusterA,0,4,2,2,0.50,0.5,0.5,0.0,0.0,0.0
2026-01-25 12:01:00,clusterB,0,4,4,0,1.00,0.5,0.5,0.0,0.0,0.0
2026-01-25 12:01:06,clusterA,0,4,2,2,0.50,0.5,0.5,0.0,0.0,0.0
2026-01-25 12:01:06,clusterB,0,4,4,0,1.00,0.5,0.5,0.0,0.0,0.0
2026-01-25 12:01:11,clusterA,0,4,2,2,0.50,0.5,0.5,0.0,0.0,0.0
2026-01-25 12:01:11,clusterB,0,4,4,0,1.00,0.5,0.5,0.0,0.0,0.0
2026-01-25 12:01:16,clusterA,0,4,2,2,0.50,0.5,0.5,0.0,0.0,0.0
2026-01-25 12:01:16,clusterB,0,4,4,0,1.00,0.5,0.5,0.0,0.0,0.0
2026-01-25 12:01:21,clusterA,0,4,2,2,0.50,0.5,0.5,0.0,0.0,0.0
2026-01-25 12:01:21,clusterB,0,4,4,0,1.00,0.5,0.5,0.0,0.0,0.0
2026-01-25 12:01:26,clusterA,0,4,2,2,0.50,0.5,0.5,0.0,0.0,0.0
2026-01-25 12:01:26,clusterB,0,4,4,0,1.00,0.5,0.5,0.0,0.0,0.0
2026-01-25 12:01:31,clusterA,0,4,2,2,0.50,0.5,0.5,0.0,0.0,0.0
2026-01-25 12:01:31,clusterB,0,4,4,0,1.00,0.5,0.5,0.0,0.0,0.0
2026-01-25 12:01:36,clusterA,0,4,2,2,0.50,0.5,0.5,0.0,0.0,0.0
2026-01-25 12:01:36,clusterB,0,4,4,0,1.00,0.5,0.5,0.0,0.0,0.0
2026-01-25 12:01:42,clusterA,0,4,2,2,0.50,0.5,0.5,0.0,0.0,0.0
2026-01-25 12:01:42,clusterB,0,4,4,0,1.00,0.5,0.5,0.0,0.0,0.0
2026-01-25 12:01:47,clusterA,0,4,2,2,0.50,0.5,0.5,0.0,0.0,0.0
2026-01-25 12:01:47,clusterB,0,4,4,0,1.00,0.5,0.5,0.0,0.0,0.0
2026-01-25 12:01:52,clusterA,0,4,2,2,0.50,0.5,0.5,0.0,0.0,0.0
2026-01-25 12:01:52,clusterB,0,4,4,0,1.00,0.5,0.5,0.0,0.0,0.0
2026-01-25 12:01:57,clusterA,0,4,2,2,0.50,0.5,0.5,0.0,0.0,0.0
2026-01-25 12:01:57,clusterB,0,4,4,0,1.00,0.5,0.5,0.0,0.0,0.0
2026-01-25 12:02:02,clusterA,1,4,2,2,0.50,0.5,0.5,0.0,0.0,0.0
2026-01-25 12:02:02,clusterB,1,4,4,0,1.00,0.5,0.5,0.0,0.0,0.0
2026-01-25 12:02:08,clusterA,0,4,3,1,0.75,0.5,0.5,0.0,0.0,0.0
2026-01-25 12:02:08,clusterB,0,4,4,0,1.00,0.5,0.5,0.0,0.0,0.0
2026-01-25 12:02:13,clusterA,0,4,3,1,0.75,0.5,0.5,0.0,0.0,0.0
2026-01-25 12:02:13,clusterB,0,4,4,0,1.00,0.5,0.5,0.0,0.0,0.0
2026-01-25 12:02:18,clusterA,0,4,3,1,0.75,0.5,0.5,0.0,0.0,0.0
2026-01-25 12:02:18,clusterB,0,4,4,0,1.00,0.5,0.5,0.0,0.0,0.0
2026-01-25 12:02:23,clusterA,0,4,3,1,0.75,0.5,0.5,0.0,0.0,0.0
2026-01-25 12:02:23,clusterB,0,4,4,0,1.00,0.5,0.5,0.0,0.0,0.0
2026-01-25 12:02:28,clusterA,0,4,3,1,0.75,0.5,0.5,0.0,0.0,0.0
2026-01-25 12:02:28,clusterB,0,4,4,0,1.00,0.5,0.5,0.0,0.0,0.0
2026-01-25 12:02:33,clusterA,0,4,3,1,0.75,0.5,0.5,0.0,0.0,0.0
2026-01-25 12:02:33,clusterB,0,4,4,0,1.00,0.5,0.5,0.0,0.0,0.0
2026-01-25 12:02:39,clusterA,0,4,3,1,0.75,0.5,0.5,0.0,0.0,0.0
2026-01-25 12:02:39,clusterB,0,4,4,0,1.00,0.5,0.5,0.0,0.0,0.0
2026-01-25 12:02:44,clusterA,0,4,3,1,0.75,0.5,0.5,0.0,0.0,0.0
2026-01-25 12:02:44,clusterB,0,4,4,0,1.00,0.5,0.5,0.0,0.0,0.0
2026-01-25 12:02:49,clusterA,0,4,3,1,0.75,0.5,0.5,0.0,0.0,0.0
2026-01-25 12:02:49,clusterB,0,4,4,0,1.00,0.5,0.5,0.0,0.0,0.0
2026-01-25 12:02:54,clusterA,0,4,3,1,0.75,0.5,0.5,0.0,0.0,0.0
2026-01-25 12:02:54,clusterB,0,4,4,0,1.00,0.5,0.5,0.0,0.0,0.0
2026-01-25 12:02:59,clusterA,0,4,3,1,0.75,0.5,0.5,0.0,0.0,0.0
2026-01-25 12:02:59,clusterB,0,4,4,0,1.00,0.5,0.5,0.0,0.0,0.0
2026-01-25 12:03:05,clusterA,0,4,3,1,0.75,0.5,0.5,0.0,0.0,0.0
2026-01-25 12:03:05,clusterB,0,4,4,0,1.00,0.5,0.5,0.0,0.0,0.0
2026-01-25 12:03:10,clusterA,0,4,3,1,0.75,0.5,0.5,0.0,0.0,0.0
2026-01-25 12:03:10,clusterB,0,4,4,0,1.00,0.5,0.5,0.0,0.0,0.0
2026-01-25 12:03:15,clusterA,0,4,3,1,0.75,0.5,0.5,0.0,0.0,0.0
2026-01-25 12:03:15,clusterB,0,4,4,0,1.00,0.5,0.5,0.0,0.0,0.0
2026-01-25 12:03:20,clusterA,0,4,3,1,0.75,0.5,0.5,0.0,0.0,0.0
2026-01-25 12:03:20,clusterB,0,4,4,0,1.00,0.5,0.5,0.0,0.0,0.0
2026-01-25 12:03:25,clusterA,0,4,3,1,0.75,0.5,0.5,0.0,0.0,0.0
2026-01-25 12:03:25,clusterB,0,4,4,0,1.00,0.5,0.5,0.0,0.0,0.0
2026-01-25 12:03:31,clusterA,0,4,3,1,0.75,0.5,0.5,0.0,0.0,0.0
2026-01-25 12:03:31,clusterB,0,4,4,0,1.00,0.5,0.5,0.0,0.0,0.0
2026-01-25 12:03:36,clusterA,0,4,3,1,0.75,0.5,0.5,0.0,0.0,0.0
2026-01-25 12:03:36,clusterB,0,4,4,0,1.00,0.5,0.5,0.0,0.0,0.0
2026-01-25 12:03:41,clusterA,0,4,3,1,0.75,0.5,0.5,0.0,0.0,0.0
2026-01-25 12:03:41,clusterB,0,4,4,0,1.00,0.5,0.5,0.0,0.0,0.0
2026-01-25 12:03:46,clusterA,0,4,3,1,0.75,0.5,0.5,0.0,0.0,0.0
2026-01-25 12:03:46,clusterB,0,4,4,0,1.00,0.5,0.5,0.0,0.0,0.0
2026-01-25 12:03:51,clusterA,0,4,3,1,0.75,0.5,0.5,0.0,0.0,0.0
2026-01-25 12:03:51,clusterB,0,4,4,0,1.00,0.5,0.5,0.0,0.0,0.0
2026-01-25 12:03:56,clusterA,0,4,3,1,0.75,0.5,0.5,0.0,0.0,0.0
2026-01-25 12:03:56,clusterB,0,4,4,0,1.00,0.5,0.5,0.0,0.0,0.0
2026-01-25 12:04:02,clusterA,0,4,3,1,0.75,0.5,0.5,0.0,0.0,0.0
2026-01-25 12:04:02,clusterB,0,4,4,0,1.00,0.5,0.5,0.0,0.0,0.0
2026-01-25 12:04:07,clusterA,0,4,3,1,0.75,0.5,0.5,0.0,0.0,0.0
2026-01-25 12:04:07,clusterB,0,4,4,0,1.00,0.5,0.5,0.0,0.0,0.0
2026-01-25 12:04:12,clusterA,0,4,3,1,0.75,0.5,0.5,0.0,0.0,0.0
2026-01-25 12:04:12,clusterB,0,4,4,0,1.00,0.5,0.5,0.0,0.0,0.0
2026-01-25 12:04:17,clusterA,0,4,3,1,0.75,0.5,0.5,0.0,0.0,0.0
2026-01-25 12:04:17,clusterB,0,4,4,0,1.00,0.5,0.5,0.0,0.0,0.0
2026-01-25 12:04:22,clusterA,0,4,3,1,0.75,0.5,0.5,0.0,0.0,0.0
2026-01-25 12:04:22,clusterB,0,4,4,0,1.00,0.5,0.5,0.0,0.0,0.0
2026-01-25 12:04:28,clusterA,0,4,3,1,0.75,0.5,0.5,0.0,0.0,0.0
2026-01-25 12:04:28,clusterB,0,4,4,0,1.00,0.5,0.5,0.0,0.0,0.0
2026-01-25 12:04:33,clusterA,0,4,3,1,0.75,0.5,0.5,0.0,0.0,0.0
2026-01-25 12:04:33,clusterB,0,4,4,0,1.00,0.5,0.5,0.0,0.0,0.0
2026-01-25 12:04:38,clusterA,0,4,3,1,0.75,0.5,0.5,0.0,0.0,0.0
2026-01-25 12:04:38,clusterB,0,4,4,0,1.00,0.5,0.5,0.0,0.0,0.0
2026-01-25 12:04:43,clusterA,0,4,3,1,0.75,0.5,0.5,0.0,0.0,0.0
2026-01-25 12:04:43,clusterB,0,4,4,0,1.00,0.5,0.5,0.0,0.0,0.0
2026-01-25 12:04:48,clusterA,0,4,3,1,0.75,0.5,0.5,0.0,0.0,0.0
2026-01-25 12:04:48,clusterB,0,4,4,0,1.00,0.5,0.5,0.0,0.0,0.0
2026-01-25 12:04:54,clusterA,0,4,3,1,0.75,0.5,0.5,0.0,0.0,0.0
2026-01-25 12:04:54,clusterB,0,4,4,0,1.00,0.5,0.5,0.0,0.0,0.0
2026-01-25 12:04:59,clusterA,0,4,3,1,0.75,0.5,0.5,0.0,0.0,0.0
2026-01-25 12:04:59,clusterB,0,4,4,0,1.00,0.5,0.5,0.0,0.0,0.0
2026-01-25 12:05:04,clusterA,0,4,3,1,0.75,0.5,0.5,0.0,0.0,0.0
2026-01-25 12:05:04,clusterB,0,4,4,0,1.00,0.5,0.5,0.0,0.0,0.0
2026-01-25 12:05:09,clusterA,0,4,3,1,0.75,0.5,0.5,0.0,0.0,0.0
2026-01-25 12:05:09,clusterB,0,4,4,0,1.00,0.5,0.5,0.0,0.0,0.0
2026-01-25 12:05:14,clusterA,0,4,3,1,0.75,0.5,0.5,0.0,0.0,0.0
2026-01-25 12:05:14,clusterB,0,4,4,0,1.00,0.5,0.5,0.0,0.0,0.0
2026-01-25 12:05:20,clusterA,0,4,3,1,0.75,0.5,0.5,0.0,0.0,0.0
2026-01-25 12:05:20,clusterB,0,4,4,0,1.00,0.5,0.5,0.0,0.0,0.0
2026-01-25 12:05:25,clusterA,0,4,3,1,0.75,0.5,0.5,0.0,0.0,0.0
2026-01-25 12:05:25,clusterB,0,4,4,0,1.00,0.5,0.5,0.0,0.0,0.0
2026-01-25 12:05:30,clusterA,0,4,3,1,0.75,0.5,0.5,0.0,0.0,0.0
2026-01-25 12:05:30,clusterB,0,4,4,0,1.00,0.5,0.5,0.0,0.0,0.0
2026-01-25 12:05:35,clusterA,0,4,3,1,0.75,0.5,0.5,0.0,0.0,0.0
2026-01-25 12:05:35,clusterB,0,4,4,0,1.00,0.5,0.5,0.0,0.0,0.0
2026-01-25 12:05:40,clusterA,0,4,3,1,0.75,0.5,0.5,0.0,0.0,0.0
2026-01-25 12:05:40,clusterB,0,4,4,0,1.00,0.5,0.5,0.0,0.0,0.0
2026-01-25 12:05:46,clusterA,0,4,3,1,0.75,0.5,0.5,0.0,0.0,0.0
2026-01-25 12:05:46,clusterB,0,4,4,0,1.00,0.5,0.5,0.0,0.0,0.0
2026-01-25 12:05:51,clusterA,0,4,3,1,0.75,0.5,0.5,0.0,0.0,0.0
2026-01-25 12:05:51,clusterB,0,4,4,0,1.00,0.5,0.5,0.0,0.0,0.0
2026-01-25 12:05:56,clusterA,0,4,3,1,0.75,0.5,0.5,0.0,0.0,0.0
2026-01-25 12:05:56,clusterB,0,4,4,0,1.00,0.5,0.5,0.0,0.0,0.0
2026-01-25 12:06:01,clusterA,0,4,3,1,0.75,0.5,0.5,0.0,0.0,0.0
2026-01-25 12:06:01,clusterB,0,4,4,0,1.00,0.5,0.5,0.0,0.0,0.0
2026-01-25 12:06:06,clusterA,0,4,3,1,0.75,0.5,0.5,0.0,0.0,0.0
2026-01-25 12:06:06,clusterB,0,4,4,0,1.00,0.5,0.5,0.0,0.0,0.0
2026-01-25 12:06:12,clusterA,0,4,3,1,0.75,0.5,0.5,0.0,0.0,0.0
2026-01-25 12:06:12,clusterB,0,4,4,0,1.00,0.5,0.5,0.0,0.0,0.0
2026-01-25 12:06:17,clusterA,0,4,3,1,0.75,0.5,0.5,0.0,0.0,0.0
2026-01-25 12:06:17,clusterB,0,4,4,0,1.00,0.5,0.5,0.0,0.0,0.0
2026-01-25 12:06:22,clusterA,0,4,3,1,0.75,0.5,0.5,0.0,0.0,0.0
2026-01-25 12:06:22,clusterB,0,4,4,0,1.00,0.5,0.5,0.0,0.0,0.0
2026-01-25 12:06:27,clusterA,0,4,3,1,0.75,0.5,0.5,0.0,0.0,0.0
2026-01-25 12:06:27,clusterB,0,4,4,0,1.00,0.5,0.5,0.0,0.0,0.0
2026-01-25 12:06:32,clusterA,0,4,3,1,0.75,0.5,0.5,0.0,0.0,0.0
2026-01-25 12:06:32,clusterB,0,4,4,0,1.00,0.5,0.5,0.0,0.0,0.0
2026-01-25 12:06:37,clusterA,0,4,3,1,0.75,0.5,0.5,0.0,0.0,0.0
2026-01-25 12:06:37,clusterB,0,4,4,0,1.00,0.5,0.5,0.0,0.0,0.0
2026-01-25 12:06:43,clusterA,0,4,3,1,0.75,0.5,0.5,0.0,0.0,0.0
2026-01-25 12:06:43,clusterB,0,4,4,0,1.00,0.5,0.5,0.0,0.0,0.0
2026-01-25 12:06:48,clusterA,0,4,3,1,0.75,0.5,0.5,0.0,0.0,0.0
2026-01-25 12:06:48,clusterB,0,4,4,0,1.00,0.5,0.5,0.0,0.0,0.0
2026-01-25 12:06:53,clusterA,0,4,3,1,0.75,0.5,0.5,0.0,0.0,0.0
2026-01-25 12:06:53,clusterB,0,4,4,0,1.00,0.5,0.5,0.0,0.0,0.0
2026-01-25 12:06:58,clusterA,0,4,3,1,0.75,0.5,0.5,0.0,0.0,0.0
2026-01-25 12:06:58,clusterB,0,4,4,0,1.00,0.5,0.5,0.0,0.0,0.0
2026-01-25 12:07:03,clusterA,0,4,3,1,0.75,0.5,0.5,0.0,0.0,0.0
2026-01-25 12:07:03,clusterB,0,4,4,0,1.00,0.5,0.5,0.0,0.0,0.0
2026-01-25 12:07:09,clusterA,0,4,3,1,0.75,0.5,0.5,0.0,0.0,0.0
2026-01-25 12:07:09,clusterB,0,4,4,0,1.00,0.5,0.5,0.0,0.0,0.0
2026-01-25 12:07:14,clusterA,0,4,3,1,0.75,0.5,0.5,0.0,0.0,0.0
2026-01-25 12:07:14,clusterB,0,4,4,0,1.00,0.5,0.5,0.0,0.0,0.0
2026-01-25 12:07:19,clusterA,0,4,3,1,0.75,0.5,0.5,0.0,0.0,0.0
2026-01-25 12:07:19,clusterB,0,4,4,0,1.00,0.5,0.5,0.0,0.0,0.0
2026-01-25 12:07:24,clusterA,0,4,3,1,0.75,0.5,0.5,0.0,0.0,0.0
2026-01-25 12:07:24,clusterB,0,4,4,0,1.00,0.5,0.5,0.0,0.0,0.0
2026-01-25 12:07:29,clusterA,0,4,3,1,0.75,0.5,0.5,0.0,0.0,0.0
2026-01-25 12:07:29,clusterB,0,4,4,0,1.00,0.5,0.5,0.0,0.0,0.0
2026-01-25 12:07:35,clusterA,0,4,3,1,0.75,0.5,0.5,0.0,0.0,0.0
2026-01-25 12:07:35,clusterB,0,4,4,0,1.00,0.5,0.5,0.0,0.0,0.0
2026-01-25 12:07:40,clusterA,0,4,3,1,0.75,0.5,0.5,0.0,0.0,0.0
2026-01-25 12:07:40,clusterB,0,4,4,0,1.00,0.5,0.5,0.0,0.0,0.0
2026-01-25 12:07:45,clusterA,0,4,3,1,0.75,0.5,0.5,0.0,0.0,0.0
2026-01-25 12:07:45,clusterB,0,4,4,0,1.00,0.5,0.5,0.0,0.0,0.0
2026-01-25 12:07:50,clusterA,0,4,3,1,0.75,0.5,0.5,0.0,0.0,0.0
2026-01-25 12:07:50,clusterB,0,4,4,0,1.00,0.5,0.5,0.0,0.0,0.0
2026-01-25 12:07:55,clusterA,0,4,3,1,0.75,0.5,0.5,0.0,0.0,0.0
2026-01-25 12:07:55,clusterB,0,4,4,0,1.00,0.5,0.5,0.0,0.0,0.0
2026-01-25 12:08:01,clusterA,0,4,3,1,0.75,0.5,0.5,0.0,0.0,0.0
2026-01-25 12:08:01,clusterB,0,4,4,0,1.00,0.5,0.5,0.0,0.0,0.0
2026-01-25 12:08:06,clusterA,0,4,3,1,0.75,0.5,0.5,0.0,0.0,0.0
2026-01-25 12:08:06,clusterB,0,4,4,0,1.00,0.5,0.5,0.0,0.0,0.0
2026-01-25 12:08:11,clusterA,0,4,3,1,0.75,0.5,0.5,0.0,0.0,0.0
2026-01-25 12:08:11,clusterB,0,4,4,0,1.00,0.5,0.5,0.0,0.0,0.0
2026-01-25 12:08:16,clusterA,0,4,3,1,0.75,0.5,0.5,0.0,0.0,0.0
2026-01-25 12:08:16,clusterB,0,4,4,0,1.00,0.5,0.5,0.0,0.0,0.0
2026-01-25 12:08:21,clusterA,0,4,3,1,0.75,0.5,0.5,0.0,0.0,0.0
2026-01-25 12:08:21,clusterB,0,4,4,0,1.00,0.5,0.5,0.0,0.0,0.0
2026-01-25 12:08:27,clusterA,0,4,3,1,0.75,0.5,0.5,0.0,0.0,0.0
2026-01-25 12:08:27,clusterB,0,4,4,0,1.00,0.5,0.5,0.0,0.0,0.0
2026-01-25 12:08:32,clusterA,0,4,3,1,0.75,0.5,0.5,0.0,0.0,0.0
2026-01-25 12:08:32,clusterB,0,4,4,0,1.00,0.5,0.5,0.0,0.0,0.0
2026-01-25 12:08:37,clusterA,0,4,3,1,0.75,0.5,0.5,0.0,0.0,0.0
2026-01-25 12:08:37,clusterB,0,4,4,0,1.00,0.5,0.5,0.0,0.0,0.0
2026-01-25 12:08:42,clusterA,0,4,3,1,0.75,0.5,0.5,0.0,0.0,0.0
2026-01-25 12:08:42,clusterB,0,4,4,0,1.00,0.5,0.5,0.0,0.0,0.0
2026-01-25 12:08:47,clusterA,0,4,3,1,0.75,0.5,0.5,0.0,0.0,0.0
2026-01-25 12:08:47,clusterB,0,4,4,0,1.00,0.5,0.5,0.0,0.0,0.0
2026-01-25 12:08:53,clusterA,0,4,3,1,0.75,0.5,0.5,0.0,0.0,0.0
2026-01-25 12:08:53,clusterB,0,4,4,0,1.00,0.5,0.5,0.0,0.0,0.0
2026-01-25 12:08:58,clusterA,0,4,3,1,0.75,0.5,0.5,0.0,0.0,0.0
2026-01-25 12:08:58,clusterB,0,4,4,0,1.00,0.5,0.5,0.0,0.0,0.0
2026-01-25 12:09:03,clusterA,0,4,3,1,0.75,0.5,0.5,0.0,0.0,0.0
2026-01-25 12:09:03,clusterB,0,4,4,0,1.00,0.5,0.5,0.0,0.0,0.0
2026-01-25 12:09:08,clusterA,0,4,3,1,0.75,0.5,0.5,0.0,0.0,0.0
2026-01-25 12:09:08,clusterB,0,4,4,0,1.00,0.5,0.5,0.0,0.0,0.0
2026-01-25 12:09:13,clusterA,0,4,3,1,0.75,0.5,0.5,0.0,0.0,0.0
2026-01-25 12:09:13,clusterB,0,4,4,0,1.00,0.5,0.5,0.0,0.0,0.0
2026-01-25 12:09:19,clusterA,0,4,3,1,0.75,0.5,0.5,0.0,0.0,0.0
2026-01-25 12:09:19,clusterB,0,4,4,0,1.00,0.5,0.5,0.0,0.0,0.0
2026-01-25 12:09:24,clusterA,0,4,3,1,0.75,0.5,0.5,0.0,0.0,0.0
2026-01-25 12:09:24,clusterB,0,4,4,0,1.00,0.5,0.5,0.0,0.0,0.0
2026-01-25 12:09:29,clusterA,0,4,3,1,0.75,0.5,0.5,0.0,0.0,0.0
2026-01-25 12:09:29,clusterB,0,4,4,0,1.00,0.5,0.5,0.0,0.0,0.0
2026-01-25 12:09:34,clusterA,0,4,3,1,0.75,0.5,0.5,0.0,0.0,0.0
2026-01-25 12:09:34,clusterB,0,4,0,4,0.00,0.5,0.5,0.0,0.0,0.0
2026-01-25 12:09:39,clusterA,0,4,3,1,0.75,0.5,0.5,0.0,0.0,0.0
2026-01-25 12:09:39,clusterB,0,4,0,4,0.00,0.5,0.5,0.0,0.0,0.0
2026-01-25 12:09:44,clusterA,0,4,3,1,0.75,0.5,0.5,0.0,0.0,0.0
2026-01-25 12:09:44,clusterB,0,4,0,4,0.00,0.5,0.5,0.0,0.0,0.0
2026-01-25 12:09:50,clusterA,0,4,3,1,0.75,0.5,0.5,0.0,0.0,0.0
2026-01-25 12:09:50,clusterB,0,4,0,4,0.00,0.5,0.5,0.0,0.0,0.0
2026-01-25 12:09:55,clusterA,0,4,3,1,0.75,0.5,0.5,0.0,0.0,0.0
2026-01-25 12:09:55,clusterB,0,4,0,4,0.00,0.5,0.5,0.0,0.0,0.0
2026-01-25 12:10:00,clusterA,0,4,3,1,0.75,0.5,0.5,0.0,0.0,0.0
2026-01-25 12:10:00,clusterB,0,4,0,4,0.00,0.5,0.5,0.0,0.0,0.0
2026-01-25 12:10:05,clusterA,0,4,3,1,0.75,0.5,0.5,0.0,0.0,0.0
2026-01-25 12:10:05,clusterB,0,4,0,4,0.00,0.5,0.5,0.0,0.0,0.0
2026-01-25 12:10:10,clusterA,0,4,3,1,0.75,0.5,0.5,0.0,0.0,0.0
2026-01-25 12:10:10,clusterB,0,4,0,4,0.00,0.5,0.5,0.0,0.0,0.0
2026-01-25 12:10:15,clusterA,0,4,3,1,0.75,0.5,0.5,0.0,0.0,0.0
2026-01-25 12:10:15,clusterB,0,4,0,4,0.00,0.5,0.5,0.0,0.0,0.0
2026-01-25 12:10:20,clusterA,0,4,3,1,0.75,0.5,0.5,0.0,0.0,0.0
2026-01-25 12:10:20,clusterB,0,4,0,4,0.00,0.5,0.5,0.0,0.0,0.0
2026-01-25 12:10:26,clusterA,0,4,3,1,0.75,0.5,0.5,0.0,0.0,0.0
2026-01-25 12:10:26,clusterB,0,4,0,4,0.00,0.5,0.5,0.0,0.0,0.0
2026-01-25 12:10:31,clusterA,0,4,3,1,0.75,0.5,0.5,0.0,0.0,0.0
2026-01-25 12:10:31,clusterB,0,4,0,4,0.00,0.5,0.5,0.0,0.0,0.0
2026-01-25 12:10:36,clusterA,0,4,3,1,0.75,0.5,0.5,0.0,0.0,0.0
2026-01-25 12:10:36,clusterB,0,4,0,4,0.00,0.5,0.5,0.0,0.0,0.0
2026-01-25 12:10:41,clusterA,0,4,3,1,0.75,0.5,0.5,0.0,0.0,0.0
2026-01-25 12:10:41,clusterB,0,4,0,4,0.00,0.5,0.5,0.0,0.0,0.0
2026-01-25 12:10:46,clusterA,0,4,3,1,0.75,0.5,0.5,0.0,0.0,0.0
2026-01-25 12:10:46,clusterB,0,4,0,4,0.00,0.5,0.5,0.0,0.0,0.0
2026-01-25 12:10:51,clusterA,0,4,3,1,0.75,0.5,0.5,0.0,0.0,0.0
2026-01-25 12:10:51,clusterB,0,4,0,4,0.00,0.5,0.5,0.0,0.0,0.0
2026-01-25 12:10:56,clusterA,0,4,3,1,0.75,0.5,0.5,0.0,0.0,0.0
2026-01-25 12:10:56,clusterB,0,4,0,4,0.00,0.5,0.5,0.0,0.0,0.0
2026-01-25 12:11:02,clusterA,0,4,3,1,0.75,0.5,0.5,0.0,0.0,0.0
2026-01-25 12:11:02,clusterB,0,4,0,4,0.00,0.5,0.5,0.0,0.0,0.0
2026-01-25 12:11:07,clusterA,0,4,3,1,0.75,0.5,0.5,0.0,0.0,0.0
2026-01-25 12:11:07,clusterB,0,4,0,4,0.00,0.5,0.5,0.0,0.0,0.0
2026-01-25 12:11:12,clusterA,0,4,3,1,0.75,0.5,0.5,0.0,0.0,0.0
2026-01-25 12:11:12,clusterB,0,4,0,4,0.00,0.5,0.5,0.0,0.0,0.0
2026-01-25 12:11:17,clusterA,0,4,3,1,0.75,0.5,0.5,0.0,0.0,0.0
2026-01-25 12:11:17,clusterB,0,4,0,4,0.00,0.5,0.5,0.0,0.0,0.0
2026-01-25 12:11:22,clusterA,0,4,3,1,0.75,0.5,0.5,0.0,0.0,0.0
2026-01-25 12:11:22,clusterB,0,4,0,4,0.00,0.5,0.5,0.0,0.0,0.0
2026-01-25 12:11:27,clusterA,0,4,3,1,0.75,0.5,0.5,0.0,0.0,0.0
2026-01-25 12:11:27,clusterB,0,4,0,4,0.00,0.5,0.5,0.0,0.0,0.0
2026-01-25 12:11:32,clusterA,0,4,3,1,0.75,0.5,0.5,0.0,0.0,0.0
2026-01-25 12:11:32,clusterB,0,4,0,4,0.00,0.5,0.5,0.0,0.0,0.0
2026-01-25 12:11:38,clusterA,0,4,3,1,0.75,0.5,0.5,0.0,0.0,0.0
2026-01-25 12:11:38,clusterB,0,4,0,4,0.00,0.5,0.5,0.0,0.0,0.0
2026-01-25 12:11:43,clusterA,0,4,3,1,0.75,0.5,0.5,0.0,0.0,0.0
2026-01-25 12:11:43,clusterB,0,4,0,4,0.00,0.5,0.5,0.0,0.0,0.0
2026-01-25 12:11:48,clusterA,0,4,3,1,0.75,0.5,0.5,0.0,0.0,0.0
2026-01-25 12:11:48,clusterB,0,4,0,4,0.00,0.5,0.5,0.0,0.0,0.0
2026-01-25 12:11:53,clusterA,0,4,3,1,0.75,0.5,0.5,0.0,0.0,0.0
2026-01-25 12:11:53,clusterB,0,4,0,4,0.00,0.5,0.5,0.0,0.0,0.0
2026-01-25 12:11:58,clusterA,0,4,3,1,0.75,0.5,0.5,0.0,0.0,0.0
2026-01-25 12:11:58,clusterB,0,4,0,4,0.00,0.5,0.5,0.0,0.0,0.0
2026-01-25 12:12:03,clusterA,0,4,3,1,0.75,0.5,0.5,0.0,0.0,0.0
2026-01-25 12:12:03,clusterB,0,4,0,4,0.00,0.5,0.5,0.0,0.0,0.0
2026-01-25 12:12:09,clusterA,0,4,3,1,0.75,0.5,0.5,0.0,0.0,0.0
2026-01-25 12:12:09,clusterB,0,4,0,4,0.00,0.5,0.5,0.0,0.0,0.0
2026-01-25 12:12:14,clusterA,0,4,3,1,0.75,0.5,0.5,0.0,0.0,0.0
2026-01-25 12:12:14,clusterB,0,4,0,4,0.00,0.5,0.5,0.0,0.0,0.0
2026-01-25 12:12:19,clusterA,0,4,3,1,0.75,0.5,0.5,0.0,0.0,0.0
2026-01-25 12:12:19,clusterB,0,4,0,4,0.00,0.5,0.5,0.0,0.0,0.0
2026-01-25 12:12:24,clusterA,0,4,3,1,0.75,0.5,0.5,0.0,0.0,0.0
2026-01-25 12:12:24,clusterB,0,4,0,4,0.00,0.5,0.5,0.0,0.0,0.0
2026-01-25 12:12:29,clusterA,0,4,3,1,0.75,0.5,0.5,0.0,0.0,0.0
2026-01-25 12:12:29,clusterB,0,4,0,4,0.00,0.5,0.5,0.0,0.0,0.0
2026-01-25 12:12:34,clusterA,0,4,3,1,0.75,0.5,0.5,0.0,0.0,0.0
2026-01-25 12:12:34,clusterB,0,4,0,4,0.00,0.5,0.5,0.0,0.0,0.0
2026-01-25 12:12:39,clusterA,0,4,3,1,0.75,0.5,0.5,0.0,0.0,0.0
2026-01-25 12:12:39,clusterB,0,4,0,4,0.00,0.5,0.5,0.0,0.0,0.0
2026-01-25 12:12:45,clusterA,0,4,3,1,0.75,0.5,0.5,0.0,0.0,0.0
2026-01-25 12:12:45,clusterB,0,4,0,4,0.00,0.5,0.5,0.0,0.0,0.0
2026-01-25 12:12:50,clusterA,0,4,3,1,0.75,0.5,0.5,0.0,0.0,0.0
2026-01-25 12:12:50,clusterB,0,4,0,4,0.00,0.5,0.5,0.0,0.0,0.0
2026-01-25 12:12:55,clusterA,0,4,3,1,0.75,0.5,0.5,0.0,0.0,0.0
2026-01-25 12:12:55,clusterB,0,4,0,4,0.00,0.5,0.5,0.0,0.0,0.0
2026-01-25 12:13:00,clusterA,0,4,3,1,0.75,0.5,0.5,0.0,0.0,0.0
2026-01-25 12:13:00,clusterB,0,4,0,4,0.00,0.5,0.5,0.0,0.0,0.0
2026-01-25 12:13:05,clusterA,0,4,3,1,0.75,0.5,0.5,0.0,0.0,0.0
2026-01-25 12:13:05,clusterB,0,4,0,4,0.00,0.5,0.5,0.0,0.0,0.0
2026-01-25 12:13:10,clusterA,0,4,3,1,0.75,0.5,0.5,0.0,0.0,0.0
2026-01-25 12:13:10,clusterB,0,4,0,4,0.00,0.5,0.5,0.0,0.0,0.0
2026-01-25 12:13:15,clusterA,1,4,3,1,0.75,0.5,0.5,0.0,0.0,0.0
2026-01-25 12:13:15,clusterB,1,4,0,4,0.00,0.5,0.5,0.0,0.0,0.0
2026-01-25 12:13:21,clusterA,0,4,4,0,1.00,0.5,0.5,0.0,0.0,0.0
2026-01-25 12:13:21,clusterB,0,4,0,4,0.00,0.5,0.5,0.0,0.0,0.0
2026-01-25 12:13:26,clusterA,0,4,4,0,1.00,0.5,0.5,0.0,0.0,0.0
2026-01-25 12:13:26,clusterB,0,4,0,4,0.00,0.5,0.5,0.0,0.0,0.0
2026-01-25 12:13:31,clusterA,0,4,4,0,1.00,0.5,0.5,0.0,0.0,0.0
2026-01-25 12:13:31,clusterB,0,4,0,4,0.00,0.5,0.5,0.0,0.0,0.0
2026-01-25 12:13:37,clusterA,0,4,4,0,1.00,0.5,0.5,0.0,0.0,0.0
2026-01-25 12:13:37,clusterB,0,4,0,4,0.00,0.5,0.5,0.0,0.0,0.0
2026-01-25 12:13:42,clusterA,0,4,4,0,1.00,0.5,0.5,0.0,0.0,0.0
2026-01-25 12:13:42,clusterB,0,4,0,4,0.00,0.5,0.5,0.0,0.0,0.0
2026-01-25 12:13:47,clusterA,0,4,4,0,1.00,0.5,0.5,0.0,0.0,0.0
2026-01-25 12:13:47,clusterB,0,4,0,4,0.00,0.5,0.5,0.0,0.0,0.0
2026-01-25 12:13:52,clusterA,0,4,4,0,1.00,0.5,0.5,0.0,0.0,0.0
2026-01-25 12:13:52,clusterB,0,4,0,4,0.00,0.5,0.5,0.0,0.0,0.0
2026-01-25 12:13:57,clusterA,0,4,4,0,1.00,0.5,0.5,0.0,0.0,0.0
2026-01-25 12:13:57,clusterB,0,4,0,4,0.00,0.5,0.5,0.0,0.0,0.0
2026-01-25 12:14:02,clusterA,0,4,4,0,1.00,0.5,0.5,0.0,0.0,0.0
2026-01-25 12:14:02,clusterB,0,4,0,4,0.00,0.5,0.5,0.0,0.0,0.0
2026-01-25 12:14:08,clusterA,0,4,4,0,1.00,0.5,0.5,0.0,0.0,0.0
2026-01-25 12:14:08,clusterB,0,4,0,4,0.00,0.5,0.5,0.0,0.0,0.0
2026-01-25 12:14:13,clusterA,0,4,4,0,1.00,0.5,0.5,0.0,0.0,0.0
2026-01-25 12:14:13,clusterB,0,4,0,4,0.00,0.5,0.5,0.0,0.0,0.0
2026-01-25 12:14:18,clusterA,0,4,4,0,1.00,0.5,0.5,0.0,0.0,0.0
2026-01-25 12:14:18,clusterB,0,4,0,4,0.00,0.5,0.5,0.0,0.0,0.0
2026-01-25 12:14:23,clusterA,0,4,4,0,1.00,0.5,0.5,0.0,0.0,0.0
2026-01-25 12:14:23,clusterB,0,4,0,4,0.00,0.5,0.5,0.0,0.0,0.0
2026-01-25 12:14:28,clusterA,0,4,4,0,1.00,0.5,0.5,0.0,0.0,0.0
2026-01-25 12:14:28,clusterB,0,4,0,4,0.00,0.5,0.5,0.0,0.0,0.0
2026-01-25 12:14:34,clusterA,0,4,4,0,1.00,0.5,0.5,0.0,0.0,0.0
2026-01-25 12:14:34,clusterB,0,4,0,4,0.00,0.5,0.5,0.0,0.0,0.0
2026-01-25 12:14:39,clusterA,0,4,4,0,1.00,0.5,0.5,0.0,0.0,0.0
2026-01-25 12:14:39,clusterB,0,4,0,4,0.00,0.5,0.5,0.0,0.0,0.0
2026-01-25 12:14:44,clusterA,0,4,4,0,1.00,0.5,0.5,0.0,0.0,0.0
2026-01-25 12:14:44,clusterB,0,4,0,4,0.00,0.5,0.5,0.0,0.0,0.0
2026-01-25 12:14:49,clusterA,0,4,4,0,1.00,0.5,0.5,0.0,0.0,0.0
2026-01-25 12:14:49,clusterB,0,4,0,4,0.00,0.5,0.5,0.0,0.0,0.0
2026-01-25 12:14:54,clusterA,0,4,4,0,1.00,0.5,0.5,0.0,0.0,0.0
2026-01-25 12:14:54,clusterB,0,4,0,4,0.00,0.5,0.5,0.0,0.0,0.0
2026-01-25 12:14:59,clusterA,0,4,4,0,1.00,0.5,0.5,0.0,0.0,0.0
2026-01-25 12:14:59,clusterB,0,4,0,4,0.00,0.5,0.5,0.0,0.0,0.0
2026-01-25 12:15:05,clusterA,0,4,4,0,1.00,0.5,0.5,0.0,0.0,0.0
2026-01-25 12:15:05,clusterB,0,4,0,4,0.00,0.5,0.5,0.0,0.0,0.0
2026-01-25 12:15:10,clusterA,0,4,4,0,1.00,0.5,0.5,0.0,0.0,0.0
2026-01-25 12:15:10,clusterB,0,4,0,4,0.00,0.5,0.5,0.0,0.0,0.0
2026-01-25 12:15:15,clusterA,0,4,4,0,1.00,0.5,0.5,0.0,0.0,0.0
2026-01-25 12:15:15,clusterB,0,4,0,4,0.00,0.5,0.5,0.0,0.0,0.0
2026-01-25 12:15:20,clusterA,0,4,4,0,1.00,0.5,0.5,0.0,0.0,0.0
2026-01-25 12:15:20,clusterB,0,4,0,4,0.00,0.5,0.5,0.0,0.0,0.0
2026-01-25 12:15:25,clusterA,0,4,4,0,1.00,0.5,0.5,0.0,0.0,0.0
2026-01-25 12:15:25,clusterB,0,4,0,4,0.00,0.5,0.5,0.0,0.0,0.0
2026-01-25 12:15:30,clusterA,0,4,4,0,1.00,0.5,0.5,0.0,0.0,0.0
2026-01-25 12:15:30,clusterB,0,4,0,4,0.00,0.5,0.5,0.0,0.0,0.0
2026-01-25 12:15:36,clusterA,0,4,3,1,0.75,0.5,0.5,0.0,0.0,0.0
2026-01-25 12:15:36,clusterB,0,4,0,4,0.00,0.5,0.5,0.0,0.0,0.0
2026-01-25 12:15:41,clusterA,0,4,2,2,0.50,0.5,0.5,0.0,0.0,0.0
2026-01-25 12:15:41,clusterB,0,4,0,4,0.00,0.5,0.5,0.0,0.0,0.0
2026-01-25 12:15:46,clusterA,0,4,1,3,0.25,0.5,0.5,0.0,0.0,0.0
2026-01-25 12:15:46,clusterB,0,4,0,4,0.00,0.5,0.5,0.0,0.0,0.0
2026-01-25 12:15:51,clusterA,0,4,1,3,0.25,0.5,0.5,0.0,0.0,0.0
2026-01-25 12:15:51,clusterB,0,4,0,4,0.00,0.5,0.5,0.0,0.0,0.0
2026-01-25 12:15:56,clusterA,0,4,1,3,0.25,0.5,0.5,0.0,0.0,0.0
2026-01-25 12:15:56,clusterB,0,4,0,4,0.00,0.5,0.5,0.0,0.0,0.0
2026-01-25 12:16:01,clusterA,0,4,1,3,0.25,0.5,0.5,0.0,0.0,0.0
2026-01-25 12:16:01,clusterB,0,4,0,4,0.00,0.5,0.5,0.0,0.0,0.0
2026-01-25 12:16:06,clusterA,0,4,1,3,0.25,0.5,0.5,0.0,0.0,0.0
2026-01-25 12:16:06,clusterB,0,4,0,4,0.00,0.5,0.5,0.0,0.0,0.0
2026-01-25 12:16:11,clusterA,0,4,1,3,0.25,0.5,0.5,0.0,0.0,0.0
2026-01-25 12:16:11,clusterB,0,4,0,4,0.00,0.5,0.5,0.0,0.0,0.0
2026-01-25 12:16:16,clusterA,0,4,1,3,0.25,0.5,0.5,0.0,0.0,0.0
2026-01-25 12:16:16,clusterB,0,4,0,4,0.00,0.5,0.5,0.0,0.0,0.0
2026-01-25 12:16:21,clusterA,0,4,1,3,0.25,0.5,0.5,0.0,0.0,0.0
2026-01-25 12:16:21,clusterB,0,4,0,4,0.00,0.5,0.5,0.0,0.0,0.0
2026-01-25 12:16:26,clusterA,0,4,1,3,0.25,0.5,0.5,0.0,0.0,0.0
2026-01-25 12:16:26,clusterB,0,4,0,4,0.00,0.5,0.5,0.0,0.0,0.0
2026-01-25 12:16:31,clusterA,0,4,1,3,0.25,0.5,0.5,0.0,0.0,0.0
2026-01-25 12:16:31,clusterB,0,4,0,4,0.00,0.5,0.5,0.0,0.0,0.0
2026-01-25 12:16:36,clusterA,1,4,1,3,0.25,0.5,0.5,0.0,0.0,0.0
2026-01-25 12:16:36,clusterB,1,4,0,4,0.00,0.5,0.5,0.0,0.0,0.0
2026-01-25 12:16:42,clusterA,1,4,2,2,0.50,0.5,0.5,0.0,0.0,0.0
2026-01-25 12:16:42,clusterB,1,4,0,4,0.00,0.5,0.5,0.0,0.0,0.0
2026-01-25 12:16:47,clusterA,0,4,4,0,1.00,0.5,0.5,0.0,0.0,0.0
2026-01-25 12:16:47,clusterB,0,4,0,4,0.00,0.5,0.5,0.0,0.0,0.0
2026-01-25 12:16:52,clusterA,0,4,4,0,1.00,0.5,0.5,0.0,0.0,0.0
2026-01-25 12:16:52,clusterB,0,4,0,4,0.00,0.5,0.5,0.0,0.0,0.0
2026-01-25 12:16:57,clusterA,0,4,4,0,1.00,0.5,0.5,0.0,0.0,0.0
2026-01-25 12:16:57,clusterB,0,4,0,4,0.00,0.5,0.5,0.0,0.0,0.0
2026-01-25 12:17:02,clusterA,0,4,4,0,1.00,0.5,0.5,0.0,0.0,0.0
2026-01-25 12:17:02,clusterB,0,4,0,4,0.00,0.5,0.5,0.0,0.0,0.0
2026-01-25 12:17:08,clusterA,0,4,4,0,1.00,0.5,0.5,0.0,0.0,0.0
2026-01-25 12:17:08,clusterB,0,4,0,4,0.00,0.5,0.5,0.0,0.0,0.0
2026-01-25 12:17:13,clusterA,0,4,4,0,1.00,0.5,0.5,0.0,0.0,0.0
2026-01-25 12:17:13,clusterB,0,4,0,4,0.00,0.5,0.5,0.0,0.0,0.0
2026-01-25 12:17:18,clusterA,0,4,4,0,1.00,0.5,0.5,0.0,0.0,0.0
2026-01-25 12:17:18,clusterB,0,4,0,4,0.00,0.5,0.5,0.0,0.0,0.0
2026-01-25 12:17:23,clusterA,0,4,4,0,1.00,0.5,0.5,0.0,0.0,0.0
2026-01-25 12:17:23,clusterB,0,4,0,4,0.00,0.5,0.5,0.0,0.0,0.0
2026-01-25 12:17:28,clusterA,0,4,4,0,1.00,0.5,0.5,0.0,0.0,0.0
2026-01-25 12:17:28,clusterB,0,4,0,4,0.00,0.5,0.5,0.0,0.0,0.0
2026-01-25 12:17:33,clusterA,0,4,4,0,1.00,0.5,0.5,0.0,0.0,0.0
2026-01-25 12:17:33,clusterB,0,4,0,4,0.00,0.5,0.5,0.0,0.0,0.0
2026-01-25 12:17:38,clusterA,0,4,4,0,1.00,0.5,0.5,0.0,0.0,0.0
2026-01-25 12:17:38,clusterB,0,4,0,4,0.00,0.5,0.5,0.0,0.0,0.0
2026-01-25 12:17:44,clusterA,0,4,4,0,1.00,0.5,0.5,0.0,0.0,0.0
2026-01-25 12:17:44,clusterB,0,4,0,4,0.00,0.5,0.5,0.0,0.0,0.0
2026-01-25 12:17:49,clusterA,0,4,4,0,1.00,0.5,0.5,0.0,0.0,0.0
2026-01-25 12:17:49,clusterB,0,4,0,4,0.00,0.5,0.5,0.0,0.0,0.0
2026-01-25 12:17:54,clusterA,0,4,4,0,1.00,0.5,0.5,0.0,0.0,0.0
2026-01-25 12:17:54,clusterB,0,4,0,4,0.00,0.5,0.5,0.0,0.0,0.0
2026-01-25 12:17:59,clusterA,0,4,4,0,1.00,0.5,0.5,0.0,0.0,0.0
2026-01-25 12:17:59,clusterB,0,4,0,4,0.00,0.5,0.5,0.0,0.0,0.0
2026-01-25 12:18:04,clusterA,0,4,4,0,1.00,0.5,0.5,0.0,0.0,0.0
2026-01-25 12:18:04,clusterB,0,4,0,4,0.00,0.5,0.5,0.0,0.0,0.0
2026-01-25 12:18:09,clusterA,0,4,4,0,1.00,0.5,0.5,0.0,0.0,0.0
2026-01-25 12:18:09,clusterB,0,4,0,4,0.00,0.5,0.5,0.0,0.0,0.0
2026-01-25 12:18:15,clusterA,0,4,2,2,0.50,0.5,0.5,0.0,0.0,0.0
2026-01-25 12:18:15,clusterB,0,4,0,4,0.00,0.5,0.5,0.0,0.0,0.0
2026-01-25 12:18:20,clusterA,0,4,2,2,0.50,0.5,0.5,0.0,0.0,0.0
2026-01-25 12:18:20,clusterB,0,4,0,4,0.00,0.5,0.5,0.0,0.0,0.0
2026-01-25 12:18:25,clusterA,0,4,2,2,0.50,0.5,0.5,0.0,0.0,0.0
2026-01-25 12:18:25,clusterB,0,4,0,4,0.00,0.5,0.5,0.0,0.0,0.0
2026-01-25 12:18:30,clusterA,0,4,2,2,0.50,0.5,0.5,0.0,0.0,0.0
2026-01-25 12:18:30,clusterB,0,4,0,4,0.00,0.5,0.5,0.0,0.0,0.0
2026-01-25 12:18:35,clusterA,0,4,2,2,0.50,0.5,0.5,0.0,0.0,0.0
2026-01-25 12:18:35,clusterB,0,4,0,4,0.00,0.5,0.5,0.0,0.0,0.0
2026-01-25 12:18:40,clusterA,0,4,2,2,0.50,0.5,0.5,0.0,0.0,0.0
2026-01-25 12:18:40,clusterB,0,4,0,4,0.00,0.5,0.5,0.0,0.0,0.0
2026-01-25 12:18:45,clusterA,0,4,2,2,0.50,0.5,0.5,0.0,0.0,0.0
2026-01-25 12:18:45,clusterB,0,4,0,4,0.00,0.5,0.5,0.0,0.0,0.0
2026-01-25 12:18:50,clusterA,0,4,2,2,0.50,0.5,0.5,0.0,0.0,0.0
2026-01-25 12:18:50,clusterB,0,4,0,4,0.00,0.5,0.5,0.0,0.0,0.0
2026-01-25 12:18:55,clusterA,0,4,2,2,0.50,0.5,0.5,0.0,0.0,0.0
2026-01-25 12:18:55,clusterB,0,4,0,4,0.00,0.5,0.5,0.0,0.0,0.0
2026-01-25 12:19:00,clusterA,0,4,2,2,0.50,0.5,0.5,0.0,0.0,0.0
2026-01-25 12:19:00,clusterB,0,4,0,4,0.00,0.5,0.5,0.0,0.0,0.0
2026-01-25 12:19:06,clusterA,0,4,2,2,0.50,0.5,0.5,0.0,0.0,0.0
2026-01-25 12:19:06,clusterB,0,4,0,4,0.00,0.5,0.5,0.0,0.0,0.0
2026-01-25 12:19:11,clusterA,0,4,2,2,0.50,0.5,0.5,0.0,0.0,0.0
2026-01-25 12:19:11,clusterB,0,4,0,4,0.00,0.5,0.5,0.0,0.0,0.0
2026-01-25 12:19:16,clusterA,0,4,2,2,0.50,0.5,0.5,0.0,0.0,0.0
2026-01-25 12:19:16,clusterB,0,4,0,4,0.00,0.5,0.5,0.0,0.0,0.0
2026-01-25 12:19:21,clusterA,0,4,2,2,0.50,0.5,0.5,0.0,0.0,0.0
2026-01-25 12:19:21,clusterB,0,4,0,4,0.00,0.5,0.5,0.0,0.0,0.0
2026-01-25 12:19:26,clusterA,0,4,2,2,0.50,0.5,0.5,0.0,0.0,0.0
2026-01-25 12:19:26,clusterB,0,4,0,4,0.00,0.5,0.5,0.0,0.0,0.0
2026-01-25 12:19:31,clusterA,0,4,2,2,0.50,0.5,0.5,0.0,0.0,0.0
2026-01-25 12:19:31,clusterB,0,4,0,4,0.00,0.5,0.5,0.0,0.0,0.0
2026-01-25 12:19:36,clusterA,0,4,2,2,0.50,0.5,0.5,0.0,0.0,0.0
2026-01-25 12:19:36,clusterB,0,4,0,4,0.00,0.5,0.5,0.0,0.0,0.0
2026-01-25 12:19:41,clusterA,0,4,2,2,0.50,0.5,0.5,0.0,0.0,0.0
2026-01-25 12:19:41,clusterB,0,4,0,4,0.00,0.5,0.5,0.0,0.0,0.0
2026-01-25 12:19:46,clusterA,0,4,2,2,0.50,0.5,0.5,0.0,0.0,0.0
2026-01-25 12:19:46,clusterB,0,4,0,4,0.00,0.5,0.5,0.0,0.0,0.0
2026-01-25 12:19:51,clusterA,0,4,2,2,0.50,0.5,0.5,0.0,0.0,0.0
2026-01-25 12:19:51,clusterB,0,4,0,4,0.00,0.5,0.5,0.0,0.0,0.0
2026-01-25 12:19:57,clusterA,0,4,2,2,0.50,0.5,0.5,0.0,0.0,0.0
2026-01-25 12:19:57,clusterB,0,4,0,4,0.00,0.5,0.5,0.0,0.0,0.0
2026-01-25 12:20:02,clusterA,0,4,1,3,0.25,0.5,0.5,0.0,0.0,0.0
2026-01-25 12:20:02,clusterB,0,4,0,4,0.00,0.5,0.5,0.0,0.0,0.0
2026-01-25 12:20:07,clusterA,0,4,1,3,0.25,0.5,0.5,0.0,0.0,0.0
2026-01-25 12:20:07,clusterB,0,4,0,4,0.00,0.5,0.5,0.0,0.0,0.0
2026-01-25 12:20:12,clusterA,0,4,1,3,0.25,0.5,0.5,0.0,0.0,0.0
2026-01-25 12:20:12,clusterB,0,4,0,4,0.00,0.5,0.5,0.0,0.0,0.0
2026-01-25 12:20:17,clusterA,0,4,1,3,0.25,0.5,0.5,0.0,0.0,0.0
2026-01-25 12:20:17,clusterB,0,4,0,4,0.00,0.5,0.5,0.0,0.0,0.0
2026-01-25 12:20:22,clusterA,0,4,1,3,0.25,0.5,0.5,0.0,0.0,0.0
2026-01-25 12:20:22,clusterB,0,4,0,4,0.00,0.5,0.5,0.0,0.0,0.0
2026-01-25 12:20:27,clusterA,0,4,1,3,0.25,0.5,0.5,0.0,0.0,0.0
2026-01-25 12:20:27,clusterB,0,4,0,4,0.00,0.5,0.5,0.0,0.0,0.0
2026-01-25 12:20:32,clusterA,0,4,1,3,0.25,0.5,0.5,0.0,0.0,0.0
2026-01-25 12:20:32,clusterB,0,4,0,4,0.00,0.5,0.5,0.0,0.0,0.0
2026-01-25 12:20:37,clusterA,0,4,1,3,0.25,0.5,0.5,0.0,0.0,0.0
2026-01-25 12:20:37,clusterB,0,4,0,4,0.00,0.5,0.5,0.0,0.0,0.0
2026-01-25 12:20:42,clusterA,0,4,1,3,0.25,0.5,0.5,0.0,0.0,0.0
2026-01-25 12:20:42,clusterB,0,4,0,4,0.00,0.5,0.5,0.0,0.0,0.0
2026-01-25 12:20:47,clusterA,0,4,1,3,0.25,0.5,0.5,0.0,0.0,0.0
2026-01-25 12:20:47,clusterB,0,4,0,4,0.00,0.5,0.5,0.0,0.0,0.0
2026-01-25 12:20:52,clusterA,0,4,1,3,0.25,0.5,0.5,0.0,0.0,0.0
2026-01-25 12:20:52,clusterB,0,4,0,4,0.00,0.5,0.5,0.0,0.0,0.0
2026-01-25 12:20:57,clusterA,0,4,1,3,0.25,0.5,0.5,0.0,0.0,0.0
2026-01-25 12:20:57,clusterB,0,4,0,4,0.00,0.5,0.5,0.0,0.0,0.0
2026-01-25 12:21:02,clusterA,0,4,1,3,0.25,0.5,0.5,0.0,0.0,0.0
2026-01-25 12:21:02,clusterB,0,4,0,4,0.00,0.5,0.5,0.0,0.0,0.0
2026-01-25 12:21:07,clusterA,0,4,1,3,0.25,0.5,0.5,0.0,0.0,0.0
2026-01-25 12:21:07,clusterB,0,4,0,4,0.00,0.5,0.5,0.0,0.0,0.0
2026-01-25 12:21:12,clusterA,0,4,1,3,0.25,0.5,0.5,0.0,0.0,0.0
2026-01-25 12:21:12,clusterB,0,4,0,4,0.00,0.5,0.5,0.0,0.0,0.0
2026-01-25 12:21:17,clusterA,0,4,1,3,0.25,0.5,0.5,0.0,0.0,0.0
2026-01-25 12:21:17,clusterB,0,4,0,4,0.00,0.5,0.5,0.0,0.0,0.0
2026-01-25 12:21:22,clusterA,0,4,1,3,0.25,0.5,0.5,0.0,0.0,0.0
2026-01-25 12:21:22,clusterB,0,4,0,4,0.00,0.5,0.5,0.0,0.0,0.0
2026-01-25 12:21:28,clusterA,0,4,1,3,0.25,0.5,0.5,0.0,0.0,0.0
2026-01-25 12:21:28,clusterB,0,4,0,4,0.00,0.5,0.5,0.0,0.0,0.0
2026-01-25 12:21:33,clusterA,0,4,1,3,0.25,0.5,0.5,0.0,0.0,0.0
2026-01-25 12:21:33,clusterB,0,4,0,4,0.00,0.5,0.5,0.0,0.0,0.0
2026-01-25 12:21:38,clusterA,0,4,1,3,0.25,0.5,0.5,0.0,0.0,0.0
2026-01-25 12:21:38,clusterB,0,4,0,4,0.00,0.5,0.5,0.0,0.0,0.0
2026-01-25 12:21:43,clusterA,0,4,1,3,0.25,0.5,0.5,0.0,0.0,0.0
2026-01-25 12:21:43,clusterB,0,4,0,4,0.00,0.5,0.5,0.0,0.0,0.0
2026-01-25 12:21:48,clusterA,0,4,1,3,0.25,0.5,0.5,0.0,0.0,0.0
2026-01-25 12:21:48,clusterB,0,4,0,4,0.00,0.5,0.5,0.0,0.0,0.0
2026-01-25 12:21:53,clusterA,0,4,1,3,0.25,0.5,0.5,0.0,0.0,0.0
2026-01-25 12:21:53,clusterB,0,4,0,4,0.00,0.5,0.5,0.0,0.0,0.0
2026-01-25 12:21:58,clusterA,0,4,1,3,0.25,0.5,0.5,0.0,0.0,0.0
2026-01-25 12:21:58,clusterB,0,4,0,4,0.00,0.5,0.5,0.0,0.0,0.0
2026-01-25 12:22:03,clusterA,0,4,1,3,0.25,0.5,0.5,0.0,0.0,0.0
2026-01-25 12:22:03,clusterB,0,4,0,4,0.00,0.5,0.5,0.0,0.0,0.0
2026-01-25 12:22:08,clusterA,0,4,1,3,0.25,0.5,0.5,0.0,0.0,0.0
2026-01-25 12:22:08,clusterB,0,4,0,4,0.00,0.5,0.5,0.0,0.0,0.0
2026-01-25 12:22:13,clusterA,0,4,1,3,0.25,0.5,0.5,0.0,0.0,0.0
2026-01-25 12:22:13,clusterB,0,4,0,4,0.00,0.5,0.5,0.0,0.0,0.0
2026-01-25 12:22:18,clusterA,0,4,1,3,0.25,0.5,0.5,0.0,0.0,0.0
2026-01-25 12:22:18,clusterB,0,4,0,4,0.00,0.5,0.5,0.0,0.0,0.0
2026-01-25 12:22:23,clusterA,0,4,1,3,0.25,0.5,0.5,0.0,0.0,0.0
2026-01-25 12:22:23,clusterB,0,4,0,4,0.00,0.5,0.5,0.0,0.0,0.0
2026-01-25 12:22:28,clusterA,0,4,1,3,0.25,0.5,0.5,0.0,0.0,0.0
2026-01-25 12:22:28,clusterB,0,4,0,4,0.00,0.5,0.5,0.0,0.0,0.0
2026-01-25 12:22:33,clusterA,0,4,1,3,0.25,0.5,0.5,0.0,0.0,0.0
2026-01-25 12:22:33,clusterB,0,4,0,4,0.00,0.5,0.5,0.0,0.0,0.0
2026-01-25 12:22:38,clusterA,0,4,1,3,0.25,0.5,0.5,0.0,0.0,0.0
2026-01-25 12:22:38,clusterB,0,4,0,4,0.00,0.5,0.5,0.0,0.0,0.0
2026-01-25 12:22:43,clusterA,0,4,1,3,0.25,0.5,0.5,0.0,0.0,0.0
2026-01-25 12:22:43,clusterB,0,4,0,4,0.00,0.5,0.5,0.0,0.0,0.0
2026-01-25 12:22:48,clusterA,0,4,1,3,0.25,0.5,0.5,0.0,0.0,0.0
2026-01-25 12:22:48,clusterB,0,4,0,4,0.00,0.5,0.5,0.0,0.0,0.0
2026-01-25 12:22:53,clusterA,0,4,1,3,0.25,0.5,0.5,0.0,0.0,0.0
2026-01-25 12:22:53,clusterB,0,4,0,4,0.00,0.5,0.5,0.0,0.0,0.0
2026-01-25 12:22:58,clusterA,0,4,1,3,0.25,0.5,0.5,0.0,0.0,0.0
2026-01-25 12:22:58,clusterB,0,4,0,4,0.00,0.5,0.5,0.0,0.0,0.0
2026-01-25 12:23:03,clusterA,0,4,1,3,0.25,0.5,0.5,0.0,0.0,0.0
2026-01-25 12:23:03,clusterB,0,4,0,4,0.00,0.5,0.5,0.0,0.0,0.0
2026-01-25 12:23:09,clusterA,0,4,1,3,0.25,0.5,0.5,0.0,0.0,0.0
2026-01-25 12:23:09,clusterB,0,4,0,4,0.00,0.5,0.5,0.0,0.0,0.0
2026-01-25 12:23:14,clusterA,0,4,1,3,0.25,0.5,0.5,0.0,0.0,0.0
2026-01-25 12:23:14,clusterB,0,4,0,4,0.00,0.5,0.5,0.0,0.0,0.0
2026-01-25 12:23:19,clusterA,0,4,1,3,0.25,0.5,0.5,0.0,0.0,0.0
2026-01-25 12:23:19,clusterB,0,4,0,4,0.00,0.5,0.5,0.0,0.0,0.0
2026-01-25 12:23:24,clusterA,0,4,1,3,0.25,0.5,0.5,0.0,0.0,0.0
2026-01-25 12:23:24,clusterB,0,4,0,4,0.00,0.5,0.5,0.0,0.0,0.0
2026-01-25 12:23:29,clusterA,0,4,1,3,0.25,0.5,0.5,0.0,0.0,0.0
2026-01-25 12:23:29,clusterB,0,4,0,4,0.00,0.5,0.5,0.0,0.0,0.0
2026-01-25 12:23:34,clusterA,0,4,1,3,0.25,0.5,0.5,0.0,0.0,0.0
2026-01-25 12:23:34,clusterB,0,4,0,4,0.00,0.5,0.5,0.0,0.0,0.0
2026-01-25 12:23:39,clusterA,0,4,1,3,0.25,0.5,0.5,0.0,0.0,0.0
2026-01-25 12:23:39,clusterB,0,4,0,4,0.00,0.5,0.5,0.0,0.0,0.0
2026-01-25 12:23:44,clusterA,0,4,1,3,0.25,0.5,0.5,0.0,0.0,0.0
2026-01-25 12:23:44,clusterB,0,4,0,4,0.00,0.5,0.5,0.0,0.0,0.0
2026-01-25 12:23:49,clusterA,0,4,1,3,0.25,0.5,0.5,0.0,0.0,0.0
2026-01-25 12:23:49,clusterB,0,4,0,4,0.00,0.5,0.5,0.0,0.0,0.0
2026-01-25 12:23:54,clusterA,0,4,1,3,0.25,0.5,0.5,0.0,0.0,0.0
2026-01-25 12:23:54,clusterB,0,4,0,4,0.00,0.5,0.5,0.0,0.0,0.0
2026-01-25 12:23:59,clusterA,0,4,1,3,0.25,0.5,0.5,0.0,0.0,0.0
2026-01-25 12:23:59,clusterB,0,4,0,4,0.00,0.5,0.5,0.0,0.0,0.0
2026-01-25 12:24:04,clusterA,0,4,1,3,0.25,0.5,0.5,0.0,0.0,0.0
2026-01-25 12:24:04,clusterB,0,4,0,4,0.00,0.5,0.5,0.0,0.0,0.0
2026-01-25 12:24:09,clusterA,0,4,1,3,0.25,0.5,0.5,0.0,0.0,0.0
2026-01-25 12:24:09,clusterB,0,4,0,4,0.00,0.5,0.5,0.0,0.0,0.0
2026-01-25 12:24:14,clusterA,0,4,1,3,0.25,0.5,0.5,0.0,0.0,0.0
2026-01-25 12:24:14,clusterB,0,4,0,4,0.00,0.5,0.5,0.0,0.0,0.0
2026-01-25 12:24:19,clusterA,0,4,1,3,0.25,0.5,0.5,0.0,0.0,0.0
2026-01-25 12:24:19,clusterB,0,4,0,4,0.00,0.5,0.5,0.0,0.0,0.0
2026-01-25 12:24:24,clusterA,0,4,1,3,0.25,0.5,0.5,0.0,0.0,0.0
2026-01-25 12:24:24,clusterB,0,4,0,4,0.00,0.5,0.5,0.0,0.0,0.0
2026-01-25 12:24:29,clusterA,0,4,1,3,0.25,0.5,0.5,0.0,0.0,0.0
2026-01-25 12:24:29,clusterB,0,4,0,4,0.00,0.5,0.5,0.0,0.0,0.0
2026-01-25 12:24:34,clusterA,0,4,1,3,0.25,0.5,0.5,0.0,0.0,0.0
2026-01-25 12:24:34,clusterB,0,4,0,4,0.00,0.5,0.5,0.0,0.0,0.0
2026-01-25 12:24:39,clusterA,0,4,1,3,0.25,0.5,0.5,0.0,0.0,0.0
2026-01-25 12:24:39,clusterB,0,4,0,4,0.00,0.5,0.5,0.0,0.0,0.0
2026-01-25 12:24:44,clusterA,0,4,1,3,0.25,0.5,0.5,0.0,0.0,0.0
2026-01-25 12:24:44,clusterB,0,4,0,4,0.00,0.5,0.5,0.0,0.0,0.0
2026-01-25 12:24:50,clusterA,0,4,1,3,0.25,0.5,0.5,0.0,0.0,0.0
2026-01-25 12:24:50,clusterB,0,4,0,4,0.00,0.5,0.5,0.0,0.0,0.0
2026-01-25 12:24:55,clusterA,0,4,1,3,0.25,0.5,0.5,0.0,0.0,0.0
2026-01-25 12:24:55,clusterB,0,4,0,4,0.00,0.5,0.5,0.0,0.0,0.0
2026-01-25 12:25:00,clusterA,0,4,1,3,0.25,0.5,0.5,0.0,0.0,0.0
2026-01-25 12:25:00,clusterB,0,4,0,4,0.00,0.5,0.5,0.0,0.0,0.0
2026-01-25 12:25:05,clusterA,0,4,1,3,0.25,0.5,0.5,0.0,0.0,0.0
2026-01-25 12:25:05,clusterB,0,4,0,4,0.00,0.5,0.5,0.0,0.0,0.0
2026-01-25 12:25:10,clusterA,0,4,1,3,0.25,0.5,0.5,0.0,0.0,0.0
2026-01-25 12:25:10,clusterB,0,4,0,4,0.00,0.5,0.5,0.0,0.0,0.0
2026-01-25 12:25:15,clusterA,0,4,1,3,0.25,0.5,0.5,0.0,0.0,0.0
2026-01-25 12:25:15,clusterB,0,4,0,4,0.00,0.5,0.5,0.0,0.0,0.0
2026-01-25 12:25:20,clusterA,0,4,1,3,0.25,0.5,0.5,0.0,0.0,0.0
2026-01-25 12:25:20,clusterB,0,4,0,4,0.00,0.5,0.5,0.0,0.0,0.0
2026-01-25 12:25:25,clusterA,0,4,1,3,0.25,0.5,0.5,0.0,0.0,0.0
2026-01-25 12:25:25,clusterB,0,4,0,4,0.00,0.5,0.5,0.0,0.0,0.0
2026-01-25 12:25:30,clusterA,0,4,1,3,0.25,0.5,0.5,0.0,0.0,0.0
2026-01-25 12:25:30,clusterB,0,4,0,4,0.00,0.5,0.5,0.0,0.0,0.0
2026-01-25 12:25:35,clusterA,0,4,1,3,0.25,0.5,0.5,0.0,0.0,0.0
2026-01-25 12:25:35,clusterB,0,4,0,4,0.00,0.5,0.5,0.0,0.0,0.0
2026-01-25 12:25:40,clusterA,0,4,1,3,0.25,0.5,0.5,0.0,0.0,0.0
2026-01-25 12:25:40,clusterB,0,4,0,4,0.00,0.5,0.5,0.0,0.0,0.0
2026-01-25 12:25:45,clusterA,0,4,1,3,0.25,0.5,0.5,0.0,0.0,0.0
2026-01-25 12:25:45,clusterB,0,4,0,4,0.00,0.5,0.5,0.0,0.0,0.0
2026-01-25 12:25:50,clusterA,0,4,1,3,0.25,0.5,0.5,0.0,0.0,0.0
2026-01-25 12:25:50,clusterB,0,4,0,4,0.00,0.5,0.5,0.0,0.0,0.0
2026-01-25 12:25:55,clusterA,0,4,1,3,0.25,0.5,0.5,0.0,0.0,0.0
2026-01-25 12:25:55,clusterB,0,4,0,4,0.00,0.5,0.5,0.0,0.0,0.0
2026-01-25 12:26:00,clusterA,0,4,1,3,0.25,0.5,0.5,0.0,0.0,0.0
2026-01-25 12:26:00,clusterB,0,4,0,4,0.00,0.5,0.5,0.0,0.0,0.0
2026-01-25 12:26:05,clusterA,0,4,1,3,0.25,0.5,0.5,0.0,0.0,0.0
2026-01-25 12:26:05,clusterB,0,4,0,4,0.00,0.5,0.5,0.0,0.0,0.0
2026-01-25 12:26:10,clusterA,0,4,1,3,0.25,0.5,0.5,0.0,0.0,0.0
2026-01-25 12:26:10,clusterB,0,4,0,4,0.00,0.5,0.5,0.0,0.0,0.0
2026-01-25 12:26:15,clusterA,0,4,1,3,0.25,0.5,0.5,0.0,0.0,0.0
2026-01-25 12:26:15,clusterB,0,4,0,4,0.00,0.5,0.5,0.0,0.0,0.0
2026-01-25 12:26:20,clusterA,0,4,1,3,0.25,0.5,0.5,0.0,0.0,0.0
2026-01-25 12:26:20,clusterB,0,4,0,4,0.00,0.5,0.5,0.0,0.0,0.0
2026-01-25 12:26:25,clusterA,0,4,1,3,0.25,0.5,0.5,0.0,0.0,0.0
2026-01-25 12:26:25,clusterB,0,4,0,4,0.00,0.5,0.5,0.0,0.0,0.0
2026-01-25 12:26:31,clusterA,0,4,1,3,0.25,0.5,0.5,0.0,0.0,0.0
2026-01-25 12:26:31,clusterB,0,4,0,4,0.00,0.5,0.5,0.0,0.0,0.0
2026-01-25 12:26:36,clusterA,1,4,1,3,0.25,0.5,0.5,0.0,0.0,0.0
2026-01-25 12:26:36,clusterB,1,4,0,4,0.00,0.5,0.5,0.0,0.0,0.0
2026-01-25 12:26:41,clusterA,0,4,2,2,0.50,0.5,0.5,0.0,0.0,0.0
2026-01-25 12:26:41,clusterB,0,4,0,4,0.00,0.5,0.5,0.0,0.0,0.0
2026-01-25 12:26:46,clusterA,0,4,2,2,0.50,0.5,0.5,0.0,0.0,0.0
2026-01-25 12:26:46,clusterB,0,4,0,4,0.00,0.5,0.5,0.0,0.0,0.0
2026-01-25 12:26:51,clusterA,0,4,2,2,0.50,0.5,0.5,0.0,0.0,0.0
2026-01-25 12:26:51,clusterB,0,4,0,4,0.00,0.5,0.5,0.0,0.0,0.0
2026-01-25 12:26:56,clusterA,0,4,2,2,0.50,0.5,0.5,0.0,0.0,0.0
2026-01-25 12:26:56,clusterB,0,4,0,4,0.00,0.5,0.5,0.0,0.0,0.0
2026-01-25 12:27:01,clusterA,0,4,2,2,0.50,0.5,0.5,0.0,0.0,0.0
2026-01-25 12:27:01,clusterB,0,4,0,4,0.00,0.5,0.5,0.0,0.0,0.0
2026-01-25 12:27:06,clusterA,0,4,2,2,0.50,0.5,0.5,0.0,0.0,0.0
2026-01-25 12:27:06,clusterB,0,4,0,4,0.00,0.5,0.5,0.0,0.0,0.0
2026-01-25 12:27:11,clusterA,0,4,2,2,0.50,0.5,0.5,0.0,0.0,0.0
2026-01-25 12:27:11,clusterB,0,4,0,4,0.00,0.5,0.5,0.0,0.0,0.0
2026-01-25 12:27:17,clusterA,0,4,2,2,0.50,0.5,0.5,0.0,0.0,0.0
2026-01-25 12:27:17,clusterB,0,4,0,4,0.00,0.5,0.5,0.0,0.0,0.0
2026-01-25 12:27:22,clusterA,0,4,2,2,0.50,0.5,0.5,0.0,0.0,0.0
2026-01-25 12:27:22,clusterB,0,4,0,4,0.00,0.5,0.5,0.0,0.0,0.0
2026-01-25 12:27:27,clusterA,0,4,2,2,0.50,0.5,0.5,0.0,0.0,0.0
2026-01-25 12:27:27,clusterB,0,4,0,4,0.00,0.5,0.5,0.0,0.0,0.0
2026-01-25 12:27:32,clusterA,0,4,2,2,0.50,0.5,0.5,0.0,0.0,0.0
2026-01-25 12:27:32,clusterB,0,4,0,4,0.00,0.5,0.5,0.0,0.0,0.0
2026-01-25 12:27:37,clusterA,0,4,2,2,0.50,0.5,0.5,0.0,0.0,0.0
2026-01-25 12:27:37,clusterB,0,4,0,4,0.00,0.5,0.5,0.0,0.0,0.0
2026-01-25 12:27:42,clusterA,0,4,2,2,0.50,0.5,0.5,0.0,0.0,0.0
2026-01-25 12:27:42,clusterB,0,4,0,4,0.00,0.5,0.5,0.0,0.0,0.0
2026-01-25 12:27:47,clusterA,0,4,2,2,0.50,0.5,0.5,0.0,0.0,0.0
2026-01-25 12:27:47,clusterB,0,4,0,4,0.00,0.5,0.5,0.0,0.0,0.0
2026-01-25 12:27:52,clusterA,0,4,2,2,0.50,0.5,0.5,0.0,0.0,0.0
2026-01-25 12:27:52,clusterB,0,4,0,4,0.00,0.5,0.5,0.0,0.0,0.0
2026-01-25 12:27:57,clusterA,0,4,2,2,0.50,0.5,0.5,0.0,0.0,0.0
2026-01-25 12:27:57,clusterB,0,4,0,4,0.00,0.5,0.5,0.0,0.0,0.0
2026-01-25 12:28:02,clusterA,0,4,2,2,0.50,0.5,0.5,0.0,0.0,0.0
2026-01-25 12:28:02,clusterB,0,4,0,4,0.00,0.5,0.5,0.0,0.0,0.0
2026-01-25 12:28:08,clusterA,0,4,2,2,0.50,0.5,0.5,0.0,0.0,0.0
2026-01-25 12:28:08,clusterB,0,4,0,4,0.00,0.5,0.5,0.0,0.0,0.0
2026-01-25 12:28:13,clusterA,0,4,2,2,0.50,0.5,0.5,0.0,0.0,0.0
2026-01-25 12:28:13,clusterB,0,4,0,4,0.00,0.5,0.5,0.0,0.0,0.0
2026-01-25 12:28:18,clusterA,0,4,2,2,0.50,0.5,0.5,0.0,0.0,0.0
2026-01-25 12:28:18,clusterB,0,4,0,4,0.00,0.5,0.5,0.0,0.0,0.0
2026-01-25 12:28:23,clusterA,0,4,2,2,0.50,0.5,0.5,0.0,0.0,0.0
2026-01-25 12:28:23,clusterB,0,4,0,4,0.00,0.5,0.5,0.0,0.0,0.0
2026-01-25 12:28:28,clusterA,0,4,2,2,0.50,0.5,0.5,0.0,0.0,0.0
2026-01-25 12:28:28,clusterB,0,4,0,4,0.00,0.5,0.5,0.0,0.0,0.0
2026-01-25 12:28:33,clusterA,0,4,2,2,0.50,0.5,0.5,0.0,0.0,0.0
2026-01-25 12:28:33,clusterB,0,4,0,4,0.00,0.5,0.5,0.0,0.0,0.0
2026-01-25 12:28:38,clusterA,0,4,2,2,0.50,0.5,0.5,0.0,0.0,0.0
2026-01-25 12:28:38,clusterB,0,4,0,4,0.00,0.5,0.5,0.0,0.0,0.0
2026-01-25 12:28:43,clusterA,0,4,2,2,0.50,0.5,0.5,0.0,0.0,0.0
2026-01-25 12:28:43,clusterB,0,4,0,4,0.00,0.5,0.5,0.0,0.0,0.0
2026-01-25 12:28:48,clusterA,0,4,2,2,0.50,0.5,0.5,0.0,0.0,0.0
2026-01-25 12:28:48,clusterB,0,4,0,4,0.00,0.5,0.5,0.0,0.0,0.0
2026-01-25 12:28:53,clusterA,0,4,2,2,0.50,0.5,0.5,0.0,0.0,0.0
2026-01-25 12:28:53,clusterB,0,4,0,4,0.00,0.5,0.5,0.0,0.0,0.0
2026-01-25 12:28:59,clusterA,0,4,2,2,0.50,0.5,0.5,0.0,0.0,0.0
2026-01-25 12:28:59,clusterB,0,4,0,4,0.00,0.5,0.5,0.0,0.0,0.0
2026-01-25 12:29:04,clusterA,0,4,2,2,0.50,0.5,0.5,0.0,0.0,0.0
2026-01-25 12:29:04,clusterB,0,4,0,4,0.00,0.5,0.5,0.0,0.0,0.0
2026-01-25 12:29:09,clusterA,0,4,2,2,0.50,0.5,0.5,0.0,0.0,0.0
2026-01-25 12:29:09,clusterB,0,4,0,4,0.00,0.5,0.5,0.0,0.0,0.0
2026-01-25 12:29:14,clusterA,0,4,2,2,0.50,0.5,0.5,0.0,0.0,0.0
2026-01-25 12:29:14,clusterB,0,4,0,4,0.00,0.5,0.5,0.0,0.0,0.0
2026-01-25 12:29:19,clusterA,0,4,2,2,0.50,0.5,0.5,0.0,0.0,0.0
2026-01-25 12:29:19,clusterB,0,4,0,4,0.00,0.5,0.5,0.0,0.0,0.0
2026-01-25 12:29:24,clusterA,0,4,2,2,0.50,0.5,0.5,0.0,0.0,0.0
2026-01-25 12:29:24,clusterB,0,4,0,4,0.00,0.5,0.5,0.0,0.0,0.0
2026-01-25 12:29:29,clusterA,0,4,2,2,0.50,0.5,0.5,0.0,0.0,0.0
2026-01-25 12:29:29,clusterB,0,4,0,4,0.00,0.5,0.5,0.0,0.0,0.0
2026-01-25 12:29:34,clusterA,0,4,2,2,0.50,0.5,0.5,0.0,0.0,0.0
2026-01-25 12:29:34,clusterB,0,4,0,4,0.00,0.5,0.5,0.0,0.0,0.0
2026-01-25 12:29:39,clusterA,0,4,2,2,0.50,0.5,0.5,0.0,0.0,0.0
2026-01-25 12:29:39,clusterB,0,4,0,4,0.00,0.5,0.5,0.0,0.0,0.0
2026-01-25 12:29:44,clusterA,0,4,2,2,0.50,0.5,0.5,0.0,0.0,0.0
2026-01-25 12:29:44,clusterB,0,4,0,4,0.00,0.5,0.5,0.0,0.0,0.0
2026-01-25 12:29:50,clusterA,0,4,2,2,0.50,0.5,0.5,0.0,0.0,0.0
2026-01-25 12:29:50,clusterB,0,4,0,4,0.00,0.5,0.5,0.0,0.0,0.0
2026-01-25 12:29:55,clusterA,0,4,2,2,0.50,0.5,0.5,0.0,0.0,0.0
2026-01-25 12:29:55,clusterB,0,4,0,4,0.00,0.5,0.5,0.0,0.0,0.0
2026-01-25 12:30:00,clusterA,0,4,2,2,0.50,0.5,0.5,0.0,0.0,0.0
2026-01-25 12:30:00,clusterB,0,4,0,4,0.00,0.5,0.5,0.0,0.0,0.0
2026-01-25 12:30:05,clusterA,0,4,2,2,0.50,0.5,0.5,0.0,0.0,0.0
2026-01-25 12:30:05,clusterB,0,4,0,4,0.00,0.5,0.5,0.0,0.0,0.0
2026-01-25 12:30:10,clusterA,0,4,2,2,0.50,0.5,0.5,0.0,0.0,0.0
2026-01-25 12:30:10,clusterB,0,4,0,4,0.00,0.5,0.5,0.0,0.0,0.0
2026-01-25 12:30:15,clusterA,0,4,2,2,0.50,0.5,0.5,0.0,0.0,0.0
2026-01-25 12:30:15,clusterB,0,4,0,4,0.00,0.5,0.5,0.0,0.0,0.0
2026-01-25 12:30:20,clusterA,0,4,2,2,0.50,0.5,0.5,0.0,0.0,0.0
2026-01-25 12:30:20,clusterB,0,4,0,4,0.00,0.5,0.5,0.0,0.0,0.0
2026-01-25 12:30:25,clusterA,0,4,2,2,0.50,0.5,0.5,0.0,0.0,0.0
2026-01-25 12:30:25,clusterB,0,4,0,4,0.00,0.5,0.5,0.0,0.0,0.0
2026-01-25 12:30:30,clusterA,0,4,2,2,0.50,0.5,0.5,0.0,0.0,0.0
2026-01-25 12:30:30,clusterB,0,4,0,4,0.00,0.5,0.5,0.0,0.0,0.0
2026-01-25 12:30:35,clusterA,0,4,2,2,0.50,0.5,0.5,0.0,0.0,0.0
2026-01-25 12:30:35,clusterB,0,4,0,4,0.00,0.5,0.5,0.0,0.0,0.0
2026-01-25 12:30:40,clusterA,0,4,2,2,0.50,0.5,0.5,0.0,0.0,0.0
2026-01-25 12:30:40,clusterB,0,4,0,4,0.00,0.5,0.5,0.0,0.0,0.0
2026-01-25 12:30:46,clusterA,0,4,2,2,0.50,0.5,0.5,0.0,0.0,0.0
2026-01-25 12:30:46,clusterB,0,4,0,4,0.00,0.5,0.5,0.0,0.0,0.0
2026-01-25 12:30:51,clusterA,0,4,2,2,0.50,0.5,0.5,0.0,0.0,0.0
2026-01-25 12:30:51,clusterB,0,4,0,4,0.00,0.5,0.5,0.0,0.0,0.0
2026-01-25 12:30:56,clusterA,0,4,2,2,0.50,0.5,0.5,0.0,0.0,0.0
2026-01-25 12:30:56,clusterB,0,4,0,4,0.00,0.5,0.5,0.0,0.0,0.0
2026-01-25 12:31:01,clusterA,0,4,2,2,0.50,0.5,0.5,0.0,0.0,0.0
2026-01-25 12:31:01,clusterB,0,4,0,4,0.00,0.5,0.5,0.0,0.0,0.0
2026-01-25 12:31:06,clusterA,0,4,2,2,0.50,0.5,0.5,0.0,0.0,0.0
2026-01-25 12:31:06,clusterB,0,4,0,4,0.00,0.5,0.5,0.0,0.0,0.0
2026-01-25 12:31:11,clusterA,0,4,2,2,0.50,0.5,0.5,0.0,0.0,0.0
2026-01-25 12:31:11,clusterB,0,4,0,4,0.00,0.5,0.5,0.0,0.0,0.0
2026-01-25 12:31:16,clusterA,0,4,2,2,0.50,0.5,0.5,0.0,0.0,0.0
2026-01-25 12:31:16,clusterB,0,4,0,4,0.00,0.5,0.5,0.0,0.0,0.0
2026-01-25 12:31:21,clusterA,0,4,2,2,0.50,0.5,0.5,0.0,0.0,0.0
2026-01-25 12:31:21,clusterB,0,4,0,4,0.00,0.5,0.5,0.0,0.0,0.0
2026-01-25 12:31:26,clusterA,0,4,2,2,0.50,0.5,0.5,0.0,0.0,0.0
2026-01-25 12:31:26,clusterB,0,4,0,4,0.00,0.5,0.5,0.0,0.0,0.0
2026-01-25 12:31:31,clusterA,0,4,2,2,0.50,0.5,0.5,0.0,0.0,0.0
2026-01-25 12:31:31,clusterB,0,4,0,4,0.00,0.5,0.5,0.0,0.0,0.0
2026-01-25 12:31:37,clusterA,0,4,2,2,0.50,0.5,0.5,0.0,0.0,0.0
2026-01-25 12:31:37,clusterB,0,4,0,4,0.00,0.5,0.5,0.0,0.0,0.0
2026-01-25 12:31:42,clusterA,0,4,2,2,0.50,0.5,0.5,0.0,0.0,0.0
2026-01-25 12:31:42,clusterB,0,4,0,4,0.00,0.5,0.5,0.0,0.0,0.0
2026-01-25 12:31:47,clusterA,0,4,2,2,0.50,0.5,0.5,0.0,0.0,0.0
2026-01-25 12:31:47,clusterB,0,4,0,4,0.00,0.5,0.5,0.0,0.0,0.0
2026-01-25 12:31:52,clusterA,0,4,2,2,0.50,0.5,0.5,0.0,0.0,0.0
2026-01-25 12:31:52,clusterB,0,4,0,4,0.00,0.5,0.5,0.0,0.0,0.0
2026-01-25 12:31:57,clusterA,0,4,2,2,0.50,0.5,0.5,0.0,0.0,0.0
2026-01-25 12:31:57,clusterB,0,4,0,4,0.00,0.5,0.5,0.0,0.0,0.0
2026-01-25 12:32:02,clusterA,0,4,2,2,0.50,0.5,0.5,0.0,0.0,0.0
2026-01-25 12:32:02,clusterB,0,4,0,4,0.00,0.5,0.5,0.0,0.0,0.0
2026-01-25 12:32:07,clusterA,0,4,2,2,0.50,0.5,0.5,0.0,0.0,0.0
2026-01-25 12:32:07,clusterB,0,4,0,4,0.00,0.5,0.5,0.0,0.0,0.0
2026-01-25 12:32:12,clusterA,0,4,2,2,0.50,0.5,0.5,0.0,0.0,0.0
2026-01-25 12:32:12,clusterB,0,4,0,4,0.00,0.5,0.5,0.0,0.0,0.0
2026-01-25 12:32:17,clusterA,0,4,2,2,0.50,0.5,0.5,0.0,0.0,0.0
2026-01-25 12:32:17,clusterB,0,4,0,4,0.00,0.5,0.5,0.0,0.0,0.0
2026-01-25 12:32:22,clusterA,0,4,2,2,0.50,0.5,0.5,0.0,0.0,0.0
2026-01-25 12:32:22,clusterB,0,4,0,4,0.00,0.5,0.5,0.0,0.0,0.0
2026-01-25 12:32:28,clusterA,0,4,2,2,0.50,0.5,0.5,0.0,0.0,0.0
2026-01-25 12:32:28,clusterB,0,4,0,4,0.00,0.5,0.5,0.0,0.0,0.0
2026-01-25 12:32:33,clusterA,0,4,2,2,0.50,0.5,0.5,0.0,0.0,0.0
2026-01-25 12:32:33,clusterB,0,4,0,4,0.00,0.5,0.5,0.0,0.0,0.0
2026-01-25 12:32:38,clusterA,0,4,2,2,0.50,0.5,0.5,0.0,0.0,0.0
2026-01-25 12:32:38,clusterB,0,4,0,4,0.00,0.5,0.5,0.0,0.0,0.0
2026-01-25 12:32:43,clusterA,0,4,2,2,0.50,0.5,0.5,0.0,0.0,0.0
2026-01-25 12:32:43,clusterB,0,4,0,4,0.00,0.5,0.5,0.0,0.0,0.0
2026-01-25 12:32:48,clusterA,0,4,2,2,0.50,0.5,0.5,0.0,0.0,0.0
2026-01-25 12:32:48,clusterB,0,4,0,4,0.00,0.5,0.5,0.0,0.0,0.0
2026-01-25 12:32:53,clusterA,0,4,2,2,0.50,0.5,0.5,0.0,0.0,0.0
2026-01-25 12:32:53,clusterB,0,4,0,4,0.00,0.5,0.5,0.0,0.0,0.0
2026-01-25 12:32:58,clusterA,0,4,2,2,0.50,0.5,0.5,0.0,0.0,0.0
2026-01-25 12:32:58,clusterB,0,4,0,4,0.00,0.5,0.5,0.0,0.0,0.0
2026-01-25 12:33:03,clusterA,0,4,2,2,0.50,0.5,0.5,0.0,0.0,0.0
2026-01-25 12:33:03,clusterB,0,4,0,4,0.00,0.5,0.5,0.0,0.0,0.0
2026-01-25 12:33:08,clusterA,0,4,2,2,0.50,0.5,0.5,0.0,0.0,0.0
2026-01-25 12:33:08,clusterB,0,4,0,4,0.00,0.5,0.5,0.0,0.0,0.0
2026-01-25 12:33:13,clusterA,0,4,2,2,0.50,0.5,0.5,0.0,0.0,0.0
2026-01-25 12:33:13,clusterB,0,4,0,4,0.00,0.5,0.5,0.0,0.0,0.0
2026-01-25 12:33:18,clusterA,0,4,2,2,0.50,0.5,0.5,0.0,0.0,0.0
2026-01-25 12:33:18,clusterB,0,4,0,4,0.00,0.5,0.5,0.0,0.0,0.0
2026-01-25 12:33:24,clusterA,0,4,2,2,0.50,0.5,0.5,0.0,0.0,0.0
2026-01-25 12:33:24,clusterB,0,4,0,4,0.00,0.5,0.5,0.0,0.0,0.0
2026-01-25 12:33:29,clusterA,0,4,2,2,0.50,0.5,0.5,0.0,0.0,0.0
2026-01-25 12:33:29,clusterB,0,4,0,4,0.00,0.5,0.5,0.0,0.0,0.0
2026-01-25 12:33:34,clusterA,0,4,2,2,0.50,0.5,0.5,0.0,0.0,0.0
2026-01-25 12:33:34,clusterB,0,4,0,4,0.00,0.5,0.5,0.0,0.0,0.0
2026-01-25 12:33:39,clusterA,0,4,2,2,0.50,0.5,0.5,0.0,0.0,0.0
2026-01-25 12:33:39,clusterB,0,4,0,4,0.00,0.5,0.5,0.0,0.0,0.0
2026-01-25 12:33:44,clusterA,0,4,2,2,0.50,0.5,0.5,0.0,0.0,0.0
2026-01-25 12:33:44,clusterB,0,4,0,4,0.00,0.5,0.5,0.0,0.0,0.0
2026-01-25 12:33:49,clusterA,0,4,2,2,0.50,0.5,0.5,0.0,0.0,0.0
2026-01-25 12:33:49,clusterB,0,4,0,4,0.00,0.5,0.5,0.0,0.0,0.0
2026-01-25 12:33:54,clusterA,0,4,2,2,0.50,0.5,0.5,0.0,0.0,0.0
2026-01-25 12:33:54,clusterB,0,4,0,4,0.00,0.5,0.5,0.0,0.0,0.0
2026-01-25 12:33:59,clusterA,0,4,2,2,0.50,0.5,0.5,0.0,0.0,0.0
2026-01-25 12:33:59,clusterB,0,4,0,4,0.00,0.5,0.5,0.0,0.0,0.0
2026-01-25 12:34:04,clusterA,0,4,2,2,0.50,0.5,0.5,0.0,0.0,0.0
2026-01-25 12:34:04,clusterB,0,4,0,4,0.00,0.5,0.5,0.0,0.0,0.0
2026-01-25 12:34:09,clusterA,0,4,2,2,0.50,0.5,0.5,0.0,0.0,0.0
2026-01-25 12:34:09,clusterB,0,4,0,4,0.00,0.5,0.5,0.0,0.0,0.0
2026-01-25 12:34:15,clusterA,0,4,2,2,0.50,0.5,0.5,0.0,0.0,0.0
2026-01-25 12:34:15,clusterB,0,4,0,4,0.00,0.5,0.5,0.0,0.0,0.0
2026-01-25 12:34:20,clusterA,0,4,2,2,0.50,0.5,0.5,0.0,0.0,0.0
2026-01-25 12:34:20,clusterB,0,4,0,4,0.00,0.5,0.5,0.0,0.0,0.0
2026-01-25 12:34:25,clusterA,1,4,2,2,0.50,0.5,0.5,0.0,0.0,0.0
2026-01-25 12:34:25,clusterB,1,4,0,4,0.00,0.5,0.5,0.0,0.0,0.0
2026-01-25 12:34:30,clusterA,0,4,2,2,0.50,0.5,0.5,0.0,0.0,0.0
2026-01-25 12:34:30,clusterB,0,4,0,4,0.00,0.5,0.5,0.0,0.0,0.0
2026-01-25 12:34:35,clusterA,0,4,2,2,0.50,0.5,0.5,0.0,0.0,0.0
2026-01-25 12:34:35,clusterB,0,4,0,4,0.00,0.5,0.5,0.0,0.0,0.0
2026-01-25 12:34:40,clusterA,0,4,2,2,0.50,0.5,0.5,0.0,0.0,0.0
2026-01-25 12:34:40,clusterB,0,4,0,4,0.00,0.5,0.5,0.0,0.0,0.0
2026-01-25 12:34:45,clusterA,0,4,2,2,0.50,0.5,0.5,0.0,0.0,0.0
2026-01-25 12:34:45,clusterB,0,4,0,4,0.00,0.5,0.5,0.0,0.0,0.0
2026-01-25 12:34:51,clusterA,0,4,2,2,0.50,0.5,0.5,0.0,0.0,0.0
2026-01-25 12:34:51,clusterB,0,4,0,4,0.00,0.5,0.5,0.0,0.0,0.0
2026-01-25 12:34:56,clusterA,0,4,2,2,0.50,0.5,0.5,0.0,0.0,0.0
2026-01-25 12:34:56,clusterB,0,4,0,4,0.00,0.5,0.5,0.0,0.0,0.0
2026-01-25 12:35:01,clusterA,0,4,2,2,0.50,0.5,0.5,0.0,0.0,0.0
2026-01-25 12:35:01,clusterB,0,4,0,4,0.00,0.5,0.5,0.0,0.0,0.0
2026-01-25 12:35:06,clusterA,0,4,2,2,0.50,0.5,0.5,0.0,0.0,0.0
2026-01-25 12:35:06,clusterB,0,4,0,4,0.00,0.5,0.5,0.0,0.0,0.0
2026-01-25 12:35:11,clusterA,0,4,2,2,0.50,0.5,0.5,0.0,0.0,0.0
2026-01-25 12:35:11,clusterB,0,4,0,4,0.00,0.5,0.5,0.0,0.0,0.0
2026-01-25 12:35:16,clusterA,0,4,2,2,0.50,0.5,0.5,0.0,0.0,0.0
2026-01-25 12:35:16,clusterB,0,4,0,4,0.00,0.5,0.5,0.0,0.0,0.0
2026-01-25 12:35:21,clusterA,0,4,2,2,0.50,0.5,0.5,0.0,0.0,0.0
2026-01-25 12:35:21,clusterB,0,4,0,4,0.00,0.5,0.5,0.0,0.0,0.0
2026-01-25 12:35:26,clusterA,0,4,2,2,0.50,0.5,0.5,0.0,0.0,0.0
2026-01-25 12:35:26,clusterB,0,4,0,4,0.00,0.5,0.5,0.0,0.0,0.0
2026-01-25 12:35:31,clusterA,0,4,2,2,0.50,0.5,0.5,0.0,0.0,0.0
2026-01-25 12:35:31,clusterB,0,4,0,4,0.00,0.5,0.5,0.0,0.0,0.0
2026-01-25 12:35:36,clusterA,1,4,2,2,0.50,0.5,0.5,0.0,0.0,0.0
2026-01-25 12:35:36,clusterB,1,4,0,4,0.00,0.5,0.5,0.0,0.0,0.0
2026-01-25 12:35:42,clusterA,0,4,2,2,0.50,0.5,0.5,0.0,0.0,0.0
2026-01-25 12:35:42,clusterB,0,4,4,0,1.00,0.5,0.5,0.0,0.0,0.0
2026-01-25 12:35:47,clusterA,0,4,2,2,0.50,0.5,0.5,0.0,0.0,0.0
2026-01-25 12:35:47,clusterB,0,4,4,0,1.00,0.5,0.5,0.0,0.0,0.0
2026-01-25 12:35:52,clusterA,0,4,2,2,0.50,0.5,0.5,0.0,0.0,0.0
2026-01-25 12:35:52,clusterB,0,4,4,0,1.00,0.5,0.5,0.0,0.0,0.0
2026-01-25 12:35:57,clusterA,0,4,2,2,0.50,0.5,0.5,0.0,0.0,0.0
2026-01-25 12:35:57,clusterB,0,4,4,0,1.00,0.5,0.5,0.0,0.0,0.0
2026-01-25 12:36:02,clusterA,0,4,2,2,0.50,0.5,0.5,0.0,0.0,0.0
2026-01-25 12:36:02,clusterB,0,4,4,0,1.00,0.5,0.5,0.0,0.0,0.0
2026-01-25 12:36:07,clusterA,0,4,2,2,0.50,0.5,0.5,0.0,0.0,0.0
2026-01-25 12:36:07,clusterB,0,4,4,0,1.00,0.5,0.5,0.0,0.0,0.0
2026-01-25 12:36:13,clusterA,0,4,2,2,0.50,0.5,0.5,0.0,0.0,0.0
2026-01-25 12:36:13,clusterB,0,4,4,0,1.00,0.5,0.5,0.0,0.0,0.0
2026-01-25 12:36:18,clusterA,0,4,2,2,0.50,0.5,0.5,0.0,0.0,0.0
2026-01-25 12:36:18,clusterB,0,4,4,0,1.00,0.5,0.5,0.0,0.0,0.0
2026-01-25 12:36:23,clusterA,0,4,2,2,0.50,0.5,0.5,0.0,0.0,0.0
2026-01-25 12:36:23,clusterB,0,4,4,0,1.00,0.5,0.5,0.0,0.0,0.0
2026-01-25 12:36:28,clusterA,0,4,1,3,0.25,0.5,0.5,0.0,0.0,0.0
2026-01-25 12:36:28,clusterB,0,4,4,0,1.00,0.5,0.5,0.0,0.0,0.0
2026-01-25 12:36:33,clusterA,0,4,1,3,0.25,0.5,0.5,0.0,0.0,0.0
2026-01-25 12:36:33,clusterB,0,4,4,0,1.00,0.5,0.5,0.0,0.0,0.0
2026-01-25 12:36:38,clusterA,0,4,1,3,0.25,0.5,0.5,0.0,0.0,0.0
2026-01-25 12:36:38,clusterB,0,4,4,0,1.00,0.5,0.5,0.0,0.0,0.0
2026-01-25 12:36:43,clusterA,0,4,1,3,0.25,0.5,0.5,0.0,0.0,0.0
2026-01-25 12:36:43,clusterB,0,4,4,0,1.00,0.5,0.5,0.0,0.0,0.0
2026-01-25 12:36:48,clusterA,0,4,1,3,0.25,0.5,0.5,0.0,0.0,0.0
2026-01-25 12:36:48,clusterB,0,4,4,0,1.00,0.5,0.5,0.0,0.0,0.0
2026-01-25 12:36:53,clusterA,0,4,1,3,0.25,0.5,0.5,0.0,0.0,0.0
2026-01-25 12:36:53,clusterB,0,4,4,0,1.00,0.5,0.5,0.0,0.0,0.0
2026-01-25 12:36:59,clusterA,0,4,1,3,0.25,0.5,0.5,0.0,0.0,0.0
2026-01-25 12:36:59,clusterB,0,4,4,0,1.00,0.5,0.5,0.0,0.0,0.0
2026-01-25 12:37:04,clusterA,0,4,1,3,0.25,0.5,0.5,0.0,0.0,0.0
2026-01-25 12:37:04,clusterB,0,4,4,0,1.00,0.5,0.5,0.0,0.0,0.0
2026-01-25 12:37:09,clusterA,0,4,1,3,0.25,0.5,0.5,0.0,0.0,0.0
2026-01-25 12:37:09,clusterB,0,4,4,0,1.00,0.5,0.5,0.0,0.0,0.0
2026-01-25 12:37:14,clusterA,0,4,1,3,0.25,0.5,0.5,0.0,0.0,0.0
2026-01-25 12:37:14,clusterB,0,4,4,0,1.00,0.5,0.5,0.0,0.0,0.0
2026-01-25 12:37:19,clusterA,0,4,1,3,0.25,0.5,0.5,0.0,0.0,0.0
2026-01-25 12:37:19,clusterB,0,4,4,0,1.00,0.5,0.5,0.0,0.0,0.0
2026-01-25 12:37:24,clusterA,0,4,1,3,0.25,0.5,0.5,0.0,0.0,0.0
2026-01-25 12:37:24,clusterB,0,4,4,0,1.00,0.5,0.5,0.0,0.0,0.0
2026-01-25 12:37:29,clusterA,0,4,1,3,0.25,0.5,0.5,0.0,0.0,0.0
2026-01-25 12:37:29,clusterB,0,4,4,0,1.00,0.5,0.5,0.0,0.0,0.0
2026-01-25 12:37:34,clusterA,0,4,1,3,0.25,0.5,0.5,0.0,0.0,0.0
2026-01-25 12:37:34,clusterB,0,4,4,0,1.00,0.5,0.5,0.0,0.0,0.0
2026-01-25 12:37:39,clusterA,0,4,1,3,0.25,0.5,0.5,0.0,0.0,0.0
2026-01-25 12:37:39,clusterB,0,4,4,0,1.00,0.5,0.5,0.0,0.0,0.0
2026-01-25 12:37:44,clusterA,0,4,1,3,0.25,0.5,0.5,0.0,0.0,0.0
2026-01-25 12:37:44,clusterB,0,4,4,0,1.00,0.5,0.5,0.0,0.0,0.0
2026-01-25 12:37:50,clusterA,0,4,1,3,0.25,0.5,0.5,0.0,0.0,0.0
2026-01-25 12:37:50,clusterB,0,4,4,0,1.00,0.5,0.5,0.0,0.0,0.0
2026-01-25 12:37:55,clusterA,1,4,1,3,0.25,0.5,0.5,0.0,0.0,0.0
2026-01-25 12:37:55,clusterB,1,4,4,0,1.00,0.5,0.5,0.0,0.0,0.0
2026-01-25 12:38:00,clusterA,0,4,3,1,0.75,0.5,0.5,0.0,0.0,0.0
2026-01-25 12:38:00,clusterB,0,4,4,0,1.00,0.5,0.5,0.0,0.0,0.0
2026-01-25 12:38:05,clusterA,0,4,3,1,0.75,0.5,0.5,0.0,0.0,0.0
2026-01-25 12:38:05,clusterB,0,4,4,0,1.00,0.5,0.5,0.0,0.0,0.0
2026-01-25 12:38:10,clusterA,0,4,3,1,0.75,0.5,0.5,0.0,0.0,0.0
2026-01-25 12:38:10,clusterB,0,4,4,0,1.00,0.5,0.5,0.0,0.0,0.0
2026-01-25 12:38:15,clusterA,0,4,3,1,0.75,0.5,0.5,0.0,0.0,0.0
2026-01-25 12:38:15,clusterB,0,4,4,0,1.00,0.5,0.5,0.0,0.0,0.0
2026-01-25 12:38:21,clusterA,0,4,3,1,0.75,0.5,0.5,0.0,0.0,0.0
2026-01-25 12:38:21,clusterB,0,4,4,0,1.00,0.5,0.5,0.0,0.0,0.0
2026-01-25 12:38:26,clusterA,0,4,3,1,0.75,0.5,0.5,0.0,0.0,0.0
2026-01-25 12:38:26,clusterB,0,4,4,0,1.00,0.5,0.5,0.0,0.0,0.0
2026-01-25 12:38:31,clusterA,0,4,3,1,0.75,0.5,0.5,0.0,0.0,0.0
2026-01-25 12:38:31,clusterB,0,4,4,0,1.00,0.5,0.5,0.0,0.0,0.0
2026-01-25 12:38:36,clusterA,0,4,3,1,0.75,0.5,0.5,0.0,0.0,0.0
2026-01-25 12:38:36,clusterB,0,4,4,0,1.00,0.5,0.5,0.0,0.0,0.0
2026-01-25 12:38:41,clusterA,0,4,3,1,0.75,0.5,0.5,0.0,0.0,0.0
2026-01-25 12:38:41,clusterB,0,4,4,0,1.00,0.5,0.5,0.0,0.0,0.0
2026-01-25 12:38:46,clusterA,0,4,3,1,0.75,0.5,0.5,0.0,0.0,0.0
2026-01-25 12:38:46,clusterB,0,4,4,0,1.00,0.5,0.5,0.0,0.0,0.0
2026-01-25 12:38:51,clusterA,0,4,3,1,0.75,0.5,0.5,0.0,0.0,0.0
2026-01-25 12:38:51,clusterB,0,4,4,0,1.00,0.5,0.5,0.0,0.0,0.0
2026-01-25 12:38:57,clusterA,0,4,3,1,0.75,0.5,0.5,0.0,0.0,0.0
2026-01-25 12:38:57,clusterB,0,4,4,0,1.00,0.5,0.5,0.0,0.0,0.0
2026-01-25 12:39:02,clusterA,0,4,3,1,0.75,0.5,0.5,0.0,0.0,0.0
2026-01-25 12:39:02,clusterB,0,4,4,0,1.00,0.5,0.5,0.0,0.0,0.0
2026-01-25 12:39:07,clusterA,0,4,3,1,0.75,0.5,0.5,0.0,0.0,0.0
2026-01-25 12:39:07,clusterB,0,4,4,0,1.00,0.5,0.5,0.0,0.0,0.0
2026-01-25 12:39:12,clusterA,0,4,3,1,0.75,0.5,0.5,0.0,0.0,0.0
2026-01-25 12:39:12,clusterB,0,4,4,0,1.00,0.5,0.5,0.0,0.0,0.0
2026-01-25 12:39:17,clusterA,0,4,3,1,0.75,0.5,0.5,0.0,0.0,0.0
2026-01-25 12:39:17,clusterB,0,4,4,0,1.00,0.5,0.5,0.0,0.0,0.0
2026-01-25 12:39:22,clusterA,0,4,3,1,0.75,0.5,0.5,0.0,0.0,0.0
2026-01-25 12:39:22,clusterB,0,4,4,0,1.00,0.5,0.5,0.0,0.0,0.0
2026-01-25 12:39:27,clusterA,0,4,3,1,0.75,0.5,0.5,0.0,0.0,0.0
2026-01-25 12:39:27,clusterB,0,4,4,0,1.00,0.5,0.5,0.0,0.0,0.0
2026-01-25 12:39:33,clusterA,0,4,3,1,0.75,0.5,0.5,0.0,0.0,0.0
2026-01-25 12:39:33,clusterB,0,4,4,0,1.00,0.5,0.5,0.0,0.0,0.0
2026-01-25 12:39:38,clusterA,0,4,3,1,0.75,0.5,0.5,0.0,0.0,0.0
2026-01-25 12:39:38,clusterB,0,4,4,0,1.00,0.5,0.5,0.0,0.0,0.0
2026-01-25 12:39:43,clusterA,0,4,3,1,0.75,0.5,0.5,0.0,0.0,0.0
2026-01-25 12:39:43,clusterB,0,4,4,0,1.00,0.5,0.5,0.0,0.0,0.0
2026-01-25 12:39:48,clusterA,0,4,3,1,0.75,0.5,0.5,0.0,0.0,0.0
2026-01-25 12:39:48,clusterB,0,4,4,0,1.00,0.5,0.5,0.0,0.0,0.0
2026-01-25 12:39:53,clusterA,0,4,3,1,0.75,0.5,0.5,0.0,0.0,0.0
2026-01-25 12:39:53,clusterB,0,4,4,0,1.00,0.5,0.5,0.0,0.0,0.0
2026-01-25 12:39:58,clusterA,0,4,3,1,0.75,0.5,0.5,0.0,0.0,0.0
2026-01-25 12:39:58,clusterB,0,4,4,0,1.00,0.5,0.5,0.0,0.0,0.0
2026-01-25 12:40:03,clusterA,1,4,3,1,0.75,0.5,0.5,0.0,0.0,0.0
2026-01-25 12:40:03,clusterB,1,4,4,0,1.00,0.5,0.5,0.0,0.0,0.0
2026-01-25 12:40:09,clusterA,0,4,4,0,1.00,0.5,0.5,0.0,0.0,0.0
2026-01-25 12:40:09,clusterB,0,4,4,0,1.00,0.5,0.5,0.0,0.0,0.0
2026-01-25 12:40:14,clusterA,0,4,4,0,1.00,0.5,0.5,0.0,0.0,0.0
2026-01-25 12:40:14,clusterB,0,4,4,0,1.00,0.5,0.5,0.0,0.0,0.0
2026-01-25 12:40:19,clusterA,0,4,4,0,1.00,0.5,0.5,0.0,0.0,0.0
2026-01-25 12:40:19,clusterB,0,4,4,0,1.00,0.5,0.5,0.0,0.0,0.0
2026-01-25 12:40:24,clusterA,0,4,4,0,1.00,0.5,0.5,0.0,0.0,0.0
2026-01-25 12:40:24,clusterB,0,4,4,0,1.00,0.5,0.5,0.0,0.0,0.0
2026-01-25 12:40:30,clusterA,0,4,4,0,1.00,0.5,0.5,0.0,0.0,0.0
2026-01-25 12:40:30,clusterB,0,4,4,0,1.00,0.5,0.5,0.0,0.0,0.0
2026-01-25 12:40:35,clusterA,0,4,4,0,1.00,0.5,0.5,0.0,0.0,0.0
2026-01-25 12:40:35,clusterB,0,4,4,0,1.00,0.5,0.5,0.0,0.0,0.0
2026-01-25 12:40:40,clusterA,0,4,4,0,1.00,0.5,0.5,0.0,0.0,0.0
2026-01-25 12:40:40,clusterB,0,4,4,0,1.00,0.5,0.5,0.0,0.0,0.0
2026-01-25 12:40:45,clusterA,1,4,4,0,1.00,0.5,0.5,0.0,0.0,0.0
2026-01-25 12:40:45,clusterB,1,4,4,0,1.00,0.5,0.5,0.0,0.0,0.0
2026-01-25 12:40:50,clusterA,1,4,4,0,1.00,0.5,0.5,0.0,0.0,0.0
2026-01-25 12:40:50,clusterB,1,4,4,0,1.00,0.5,0.5,0.0,0.0,0.0
2026-01-25 12:40:56,clusterA,1,4,4,0,1.00,0.5,0.5,0.0,0.0,0.0
2026-01-25 12:40:56,clusterB,1,4,4,0,1.00,0.5,0.5,0.0,0.0,0.0
2026-01-25 12:41:01,clusterA,1,4,4,0,1.00,0.5,0.5,0.0,0.0,0.0
2026-01-25 12:41:01,clusterB,1,4,4,0,1.00,0.5,0.5,0.0,0.0,0.0
2026-01-25 12:41:06,clusterA,1,4,4,0,1.00,0.5,0.5,0.0,0.0,0.0
2026-01-25 12:41:06,clusterB,1,4,4,0,1.00,0.5,0.5,0.0,0.0,0.0
2026-01-25 12:41:11,clusterA,1,4,4,0,1.00,0.5,0.5,0.0,0.0,0.0
2026-01-25 12:41:11,clusterB,1,4,4,0,1.00,0.5,0.5,0.0,0.0,0.0
2026-01-25 12:41:16,clusterA,1,4,4,0,1.00,0.5,0.5,0.0,0.0,0.0
2026-01-25 12:41:16,clusterB,1,4,4,0,1.00,0.5,0.5,0.0,0.0,0.0
2026-01-25 12:41:22,clusterA,1,4,4,0,1.00,0.5,0.5,0.0,0.0,0.0
2026-01-25 12:41:22,clusterB,1,4,4,0,1.00,0.5,0.5,0.0,0.0,0.0
2026-01-25 12:41:27,clusterA,1,4,4,0,1.00,0.5,0.5,0.0,0.0,0.0
2026-01-25 12:41:27,clusterB,1,4,4,0,1.00,0.5,0.5,0.0,0.0,0.0
2026-01-25 12:41:32,clusterA,1,4,4,0,1.00,0.5,0.5,0.0,0.0,0.0
2026-01-25 12:41:32,clusterB,1,4,4,0,1.00,0.5,0.5,0.0,0.0,0.0
2026-01-25 12:41:37,clusterA,1,4,4,0,1.00,0.5,0.5,0.0,0.0,0.0
2026-01-25 12:41:37,clusterB,1,4,4,0,1.00,0.5,0.5,0.0,0.0,0.0
2026-01-25 12:41:42,clusterA,1,4,4,0,1.00,0.5,0.5,0.0,0.0,0.0
2026-01-25 12:41:42,clusterB,1,4,4,0,1.00,0.5,0.5,0.0,0.0,0.0
2026-01-25 12:41:48,clusterA,1,4,4,0,1.00,0.5,0.5,0.0,0.0,0.0
2026-01-25 12:41:48,clusterB,1,4,4,0,1.00,0.5,0.5,0.0,0.0,0.0
2026-01-25 12:41:53,clusterA,1,4,4,0,1.00,0.5,0.5,0.0,0.0,0.0
2026-01-25 12:41:53,clusterB,1,4,4,0,1.00,0.5,0.5,0.0,0.0,0.0
2026-01-25 12:41:58,clusterA,1,4,4,0,1.00,0.5,0.5,0.0,0.0,0.0
2026-01-25 12:41:58,clusterB,1,4,4,0,1.00,0.5,0.5,0.0,0.0,0.0
2026-01-25 12:42:03,clusterA,1,4,4,0,1.00,0.5,0.5,0.0,0.0,0.0
2026-01-25 12:42:03,clusterB,1,4,4,0,1.00,0.5,0.5,0.0,0.0,0.0
2026-01-25 12:42:08,clusterA,1,4,4,0,1.00,0.5,0.5,0.0,0.0,0.0
2026-01-25 12:42:08,clusterB,1,4,4,0,1.00,0.5,0.5,0.0,0.0,0.0
2026-01-25 12:42:14,clusterA,1,4,4,0,1.00,0.5,0.5,0.0,0.0,0.0
2026-01-25 12:42:14,clusterB,1,4,4,0,1.00,0.5,0.5,0.0,0.0,0.0
2026-01-25 12:42:19,clusterA,1,4,4,0,1.00,0.5,0.5,0.0,0.0,0.0
2026-01-25 12:42:19,clusterB,1,4,4,0,1.00,0.5,0.5,0.0,0.0,0.0
2026-01-25 12:42:24,clusterA,2,4,4,0,1.00,0.5,0.5,0.0,0.0,0.0
2026-01-25 12:42:24,clusterB,2,4,4,0,1.00,0.5,0.5,0.0,0.0,0.0
2026-01-25 12:42:29,clusterA,2,4,4,0,1.00,0.5,0.5,0.0,0.0,0.0
2026-01-25 12:42:29,clusterB,2,4,4,0,1.00,0.5,0.5,0.0,0.0,0.0
2026-01-25 12:42:34,clusterA,2,4,4,0,1.00,0.5,0.5,0.0,0.0,0.0
2026-01-25 12:42:34,clusterB,2,4,4,0,1.00,0.5,0.5,0.0,0.0,0.0
2026-01-25 12:42:40,clusterA,2,4,4,0,1.00,0.5,0.5,0.0,0.0,0.0
2026-01-25 12:42:40,clusterB,2,4,4,0,1.00,0.5,0.5,0.0,0.0,0.0
2026-01-25 12:42:45,clusterA,2,4,4,0,1.00,0.5,0.5,0.0,0.0,0.0
2026-01-25 12:42:45,clusterB,2,4,4,0,1.00,0.5,0.5,0.0,0.0,0.0
2026-01-25 12:42:50,clusterA,2,4,4,0,1.00,0.5,0.5,0.0,0.0,0.0
2026-01-25 12:42:50,clusterB,2,4,4,0,1.00,0.5,0.5,0.0,0.0,0.0
2026-01-25 12:42:55,clusterA,2,4,4,0,1.00,0.5,0.5,0.0,0.0,0.0
2026-01-25 12:42:55,clusterB,2,4,4,0,1.00,0.5,0.5,0.0,0.0,0.0
2026-01-25 12:43:00,clusterA,2,4,4,0,1.00,0.5,0.5,0.0,0.0,0.0
2026-01-25 12:43:00,clusterB,2,4,4,0,1.00,0.5,0.5,0.0,0.0,0.0
2026-01-25 12:43:06,clusterA,2,4,4,0,1.00,0.5,0.5,0.0,0.0,0.0
2026-01-25 12:43:06,clusterB,2,4,4,0,1.00,0.5,0.5,0.0,0.0,0.0
2026-01-25 12:43:11,clusterA,2,4,4,0,1.00,0.5,0.5,0.0,0.0,0.0
2026-01-25 12:43:11,clusterB,2,4,4,0,1.00,0.5,0.5,0.0,0.0,0.0
2026-01-25 12:43:16,clusterA,2,4,4,0,1.00,0.5,0.5,0.0,0.0,0.0
2026-01-25 12:43:16,clusterB,2,4,4,0,1.00,0.5,0.5,0.0,0.0,0.0
2026-01-25 12:43:21,clusterA,2,4,4,0,1.00,0.5,0.5,0.0,0.0,0.0
2026-01-25 12:43:21,clusterB,2,4,4,0,1.00,0.5,0.5,0.0,0.0,0.0
2026-01-25 12:43:26,clusterA,2,4,4,0,1.00,0.5,0.5,0.0,0.0,0.0
2026-01-25 12:43:26,clusterB,2,4,4,0,1.00,0.5,0.5,0.0,0.0,0.0
2026-01-25 12:43:32,clusterA,2,4,4,0,1.00,0.5,0.5,0.0,0.0,0.0
2026-01-25 12:43:32,clusterB,2,4,4,0,1.00,0.5,0.5,0.0,0.0,0.0
2026-01-25 12:43:37,clusterA,2,4,4,0,1.00,0.5,0.5,0.0,0.0,0.0
2026-01-25 12:43:37,clusterB,2,4,4,0,1.00,0.5,0.5,0.0,0.0,0.0
2026-01-25 12:43:42,clusterA,2,4,4,0,1.00,0.5,0.5,0.0,0.0,0.0
2026-01-25 12:43:42,clusterB,2,4,4,0,1.00,0.5,0.5,0.0,0.0,0.0
2026-01-25 12:43:47,clusterA,2,4,4,0,1.00,0.5,0.5,0.0,0.0,0.0
2026-01-25 12:43:47,clusterB,2,4,4,0,1.00,0.5,0.5,0.0,0.0,0.0
2026-01-25 12:43:52,clusterA,2,4,4,0,1.00,0.5,0.5,0.0,0.0,0.0
2026-01-25 12:43:52,clusterB,2,4,4,0,1.00,0.5,0.5,0.0,0.0,0.0
2026-01-25 12:43:58,clusterA,2,4,4,0,1.00,0.5,0.5,0.0,0.0,0.0
2026-01-25 12:43:58,clusterB,2,4,4,0,1.00,0.5,0.5,0.0,0.0,0.0
2026-01-25 12:44:03,clusterA,2,4,4,0,1.00,0.5,0.5,0.0,0.0,0.0
2026-01-25 12:44:03,clusterB,2,4,4,0,1.00,0.5,0.5,0.0,0.0,0.0
2026-01-25 12:44:08,clusterA,2,4,4,0,1.00,0.5,0.5,0.0,0.0,0.0
2026-01-25 12:44:08,clusterB,2,4,4,0,1.00,0.5,0.5,0.0,0.0,0.0
2026-01-25 12:44:13,clusterA,2,4,4,0,1.00,0.5,0.5,0.0,0.0,0.0
2026-01-25 12:44:13,clusterB,2,4,4,0,1.00,0.5,0.5,0.0,0.0,0.0
2026-01-25 12:44:18,clusterA,2,4,4,0,1.00,0.5,0.5,0.0,0.0,0.0
2026-01-25 12:44:18,clusterB,2,4,4,0,1.00,0.5,0.5,0.0,0.0,0.0
2026-01-25 12:44:24,clusterA,2,4,4,0,1.00,0.5,0.5,0.0,0.0,0.0
2026-01-25 12:44:24,clusterB,2,4,4,0,1.00,0.5,0.5,0.0,0.0,0.0
2026-01-25 12:44:29,clusterA,2,4,4,0,1.00,0.5,0.5,0.0,0.0,0.0
2026-01-25 12:44:29,clusterB,2,4,4,0,1.00,0.5,0.5,0.0,0.0,0.0
2026-01-25 12:44:34,clusterA,2,4,4,0,1.00,0.5,0.5,0.0,0.0,0.0
2026-01-25 12:44:34,clusterB,2,4,4,0,1.00,0.5,0.5,0.0,0.0,0.0
2026-01-25 12:44:39,clusterA,2,4,4,0,1.00,0.5,0.5,0.0,0.0,0.0
2026-01-25 12:44:39,clusterB,2,4,4,0,1.00,0.5,0.5,0.0,0.0,0.0
2026-01-25 12:44:44,clusterA,2,4,4,0,1.00,0.5,0.5,0.0,0.0,0.0
2026-01-25 12:44:44,clusterB,2,4,4,0,1.00,0.5,0.5,0.0,0.0,0.0
2026-01-25 12:44:50,clusterA,2,4,4,0,1.00,0.5,0.5,0.0,0.0,0.0
2026-01-25 12:44:50,clusterB,2,4,4,0,1.00,0.5,0.5,0.0,0.0,0.0
2026-01-25 12:44:55,clusterA,2,4,4,0,1.00,0.5,0.5,0.0,0.0,0.0
2026-01-25 12:44:55,clusterB,2,4,4,0,1.00,0.5,0.5,0.0,0.0,0.0
2026-01-25 12:45:00,clusterA,2,4,4,0,1.00,0.5,0.5,0.0,0.0,0.0
2026-01-25 12:45:00,clusterB,2,4,4,0,1.00,0.5,0.5,0.0,0.0,0.0
2026-01-25 12:45:05,clusterA,2,4,4,0,1.00,0.5,0.5,0.0,0.0,0.0
2026-01-25 12:45:05,clusterB,2,4,4,0,1.00,0.5,0.5,0.0,0.0,0.0
2026-01-25 12:45:10,clusterA,2,4,4,0,1.00,0.5,0.5,0.0,0.0,0.0
2026-01-25 12:45:10,clusterB,2,4,4,0,1.00,0.5,0.5,0.0,0.0,0.0
2026-01-25 12:45:16,clusterA,2,4,4,0,1.00,0.5,0.5,0.0,0.0,0.0
2026-01-25 12:45:16,clusterB,2,4,4,0,1.00,0.5,0.5,0.0,0.0,0.0
2026-01-25 12:45:21,clusterA,2,4,4,0,1.00,0.5,0.5,0.0,0.0,0.0
2026-01-25 12:45:21,clusterB,2,4,4,0,1.00,0.5,0.5,0.0,0.0,0.0
2026-01-25 12:45:26,clusterA,2,4,4,0,1.00,0.5,0.5,0.0,0.0,0.0
2026-01-25 12:45:26,clusterB,2,4,4,0,1.00,0.5,0.5,0.0,0.0,0.0
2026-01-25 12:45:31,clusterA,2,4,4,0,1.00,0.5,0.5,0.0,0.0,0.0
2026-01-25 12:45:31,clusterB,2,4,4,0,1.00,0.5,0.5,0.0,0.0,0.0
2026-01-25 12:45:36,clusterA,2,4,4,0,1.00,0.5,0.5,0.0,0.0,0.0
2026-01-25 12:45:36,clusterB,2,4,4,0,1.00,0.5,0.5,0.0,0.0,0.0
2026-01-25 12:45:41,clusterA,2,4,4,0,1.00,0.5,0.5,0.0,0.0,0.0
2026-01-25 12:45:41,clusterB,2,4,4,0,1.00,0.5,0.5,0.0,0.0,0.0
2026-01-25 12:45:47,clusterA,2,4,4,0,1.00,0.5,0.5,0.0,0.0,0.0
2026-01-25 12:45:47,clusterB,2,4,4,0,1.00,0.5,0.5,0.0,0.0,0.0
2026-01-25 12:45:52,clusterA,2,4,4,0,1.00,0.5,0.5,0.0,0.0,0.0
2026-01-25 12:45:52,clusterB,2,4,4,0,1.00,0.5,0.5,0.0,0.0,0.0
2026-01-25 12:45:57,clusterA,2,4,4,0,1.00,0.5,0.5,0.0,0.0,0.0
2026-01-25 12:45:57,clusterB,2,4,4,0,1.00,0.5,0.5,0.0,0.0,0.0
2026-01-25 12:46:02,clusterA,2,4,4,0,1.00,0.5,0.5,0.0,0.0,0.0
2026-01-25 12:46:02,clusterB,2,4,4,0,1.00,0.5,0.5,0.0,0.0,0.0
2026-01-25 12:46:07,clusterA,2,4,4,0,1.00,0.5,0.5,0.0,0.0,0.0
2026-01-25 12:46:07,clusterB,2,4,4,0,1.00,0.5,0.5,0.0,0.0,0.0
2026-01-25 12:46:13,clusterA,2,4,4,0,1.00,0.5,0.5,0.0,0.0,0.0
2026-01-25 12:46:13,clusterB,2,4,4,0,1.00,0.5,0.5,0.0,0.0,0.0
2026-01-25 12:46:18,clusterA,2,4,4,0,1.00,0.5,0.5,0.0,0.0,0.0
2026-01-25 12:46:18,clusterB,2,4,4,0,1.00,0.5,0.5,0.0,0.0,0.0
2026-01-25 12:46:23,clusterA,2,4,4,0,1.00,0.5,0.5,0.0,0.0,0.0
2026-01-25 12:46:23,clusterB,2,4,4,0,1.00,0.5,0.5,0.0,0.0,0.0
2026-01-25 12:46:28,clusterA,2,4,4,0,1.00,0.5,0.5,0.0,0.0,0.0
2026-01-25 12:46:28,clusterB,2,4,4,0,1.00,0.5,0.5,0.0,0.0,0.0
2026-01-25 12:46:33,clusterA,2,4,4,0,1.00,0.5,0.5,0.0,0.0,0.0
2026-01-25 12:46:33,clusterB,2,4,4,0,1.00,0.5,0.5,0.0,0.0,0.0
2026-01-25 12:46:39,clusterA,2,4,4,0,1.00,0.5,0.5,0.0,0.0,0.0
2026-01-25 12:46:39,clusterB,2,4,4,0,1.00,0.5,0.5,0.0,0.0,0.0
2026-01-25 12:46:44,clusterA,2,4,4,0,1.00,0.5,0.5,0.0,0.0,0.0
2026-01-25 12:46:44,clusterB,2,4,4,0,1.00,0.5,0.5,0.0,0.0,0.0
2026-01-25 12:46:49,clusterA,2,4,4,0,1.00,0.5,0.5,0.0,0.0,0.0
2026-01-25 12:46:49,clusterB,2,4,4,0,1.00,0.5,0.5,0.0,0.0,0.0
2026-01-25 12:46:54,clusterA,2,4,4,0,1.00,0.5,0.5,0.0,0.0,0.0
2026-01-25 12:46:54,clusterB,2,4,4,0,1.00,0.5,0.5,0.0,0.0,0.0
2026-01-25 12:46:59,clusterA,2,4,4,0,1.00,0.5,0.5,0.0,0.0,0.0
2026-01-25 12:46:59,clusterB,2,4,4,0,1.00,0.5,0.5,0.0,0.0,0.0
2026-01-25 12:47:05,clusterA,2,4,4,0,1.00,0.5,0.5,0.0,0.0,0.0
2026-01-25 12:47:05,clusterB,2,4,4,0,1.00,0.5,0.5,0.0,0.0,0.0
2026-01-25 12:47:10,clusterA,2,4,4,0,1.00,0.5,0.5,0.0,0.0,0.0
2026-01-25 12:47:10,clusterB,2,4,4,0,1.00,0.5,0.5,0.0,0.0,0.0
2026-01-25 12:47:15,clusterA,2,4,4,0,1.00,0.5,0.5,0.0,0.0,0.0
2026-01-25 12:47:15,clusterB,2,4,4,0,1.00,0.5,0.5,0.0,0.0,0.0
2026-01-25 12:47:20,clusterA,2,4,4,0,1.00,0.5,0.5,0.0,0.0,0.0
2026-01-25 12:47:20,clusterB,2,4,4,0,1.00,0.5,0.5,0.0,0.0,0.0
2026-01-25 12:47:25,clusterA,2,4,4,0,1.00,0.5,0.5,0.0,0.0,0.0
2026-01-25 12:47:25,clusterB,2,4,4,0,1.00,0.5,0.5,0.0,0.0,0.0
2026-01-25 12:47:31,clusterA,2,4,4,0,1.00,0.5,0.5,0.0,0.0,0.0
2026-01-25 12:47:31,clusterB,2,4,4,0,1.00,0.5,0.5,0.0,0.0,0.0
2026-01-25 12:47:36,clusterA,2,4,4,0,1.00,0.5,0.5,0.0,0.0,0.0
2026-01-25 12:47:36,clusterB,2,4,4,0,1.00,0.5,0.5,0.0,0.0,0.0
2026-01-25 12:47:41,clusterA,2,4,4,0,1.00,0.5,0.5,0.0,0.0,0.0
2026-01-25 12:47:41,clusterB,2,4,4,0,1.00,0.5,0.5,0.0,0.0,0.0
2026-01-25 12:47:46,clusterA,2,4,4,0,1.00,0.5,0.5,0.0,0.0,0.0
2026-01-25 12:47:46,clusterB,2,4,4,0,1.00,0.5,0.5,0.0,0.0,0.0
2026-01-25 12:47:51,clusterA,2,4,4,0,1.00,0.5,0.5,0.0,0.0,0.0
2026-01-25 12:47:51,clusterB,2,4,4,0,1.00,0.5,0.5,0.0,0.0,0.0
2026-01-25 12:47:57,clusterA,2,4,4,0,1.00,0.5,0.5,0.0,0.0,0.0
2026-01-25 12:47:57,clusterB,2,4,4,0,1.00,0.5,0.5,0.0,0.0,0.0
2026-01-25 12:48:02,clusterA,2,4,4,0,1.00,0.5,0.5,0.0,0.0,0.0
2026-01-25 12:48:02,clusterB,2,4,4,0,1.00,0.5,0.5,0.0,0.0,0.0
2026-01-25 12:48:07,clusterA,2,4,4,0,1.00,0.5,0.5,0.0,0.0,0.0
2026-01-25 12:48:07,clusterB,2,4,4,0,1.00,0.5,0.5,0.0,0.0,0.0
2026-01-25 12:48:12,clusterA,2,4,4,0,1.00,0.5,0.5,0.0,0.0,0.0
2026-01-25 12:48:12,clusterB,2,4,4,0,1.00,0.5,0.5,0.0,0.0,0.0
2026-01-25 12:48:17,clusterA,2,4,4,0,1.00,0.5,0.5,0.0,0.0,0.0
2026-01-25 12:48:17,clusterB,2,4,4,0,1.00,0.5,0.5,0.0,0.0,0.0
2026-01-25 12:48:22,clusterA,2,4,4,0,1.00,0.5,0.5,0.0,0.0,0.0
2026-01-25 12:48:22,clusterB,2,4,4,0,1.00,0.5,0.5,0.0,0.0,0.0
2026-01-25 12:48:28,clusterA,2,4,4,0,1.00,0.5,0.5,0.0,0.0,0.0
2026-01-25 12:48:28,clusterB,2,4,4,0,1.00,0.5,0.5,0.0,0.0,0.0
2026-01-25 12:48:33,clusterA,2,4,4,0,1.00,0.5,0.5,0.0,0.0,0.0
2026-01-25 12:48:33,clusterB,2,4,4,0,1.00,0.5,0.5,0.0,0.0,0.0
2026-01-25 12:48:38,clusterA,2,4,4,0,1.00,0.5,0.5,0.0,0.0,0.0
2026-01-25 12:48:38,clusterB,2,4,4,0,1.00,0.5,0.5,0.0,0.0,0.0
2026-01-25 12:48:43,clusterA,2,4,4,0,1.00,0.5,0.5,0.0,0.0,0.0
2026-01-25 12:48:43,clusterB,2,4,4,0,1.00,0.5,0.5,0.0,0.0,0.0
2026-01-25 12:48:48,clusterA,2,4,4,0,1.00,0.5,0.5,0.0,0.0,0.0
2026-01-25 12:48:48,clusterB,2,4,4,0,1.00,0.5,0.5,0.0,0.0,0.0
2026-01-25 12:48:54,clusterA,2,4,4,0,1.00,0.5,0.5,0.0,0.0,0.0
2026-01-25 12:48:54,clusterB,2,4,4,0,1.00,0.5,0.5,0.0,0.0,0.0
2026-01-25 12:48:59,clusterA,2,4,4,0,1.00,0.5,0.5,0.0,0.0,0.0
2026-01-25 12:48:59,clusterB,2,4,4,0,1.00,0.5,0.5,0.0,0.0,0.0
2026-01-25 12:49:04,clusterA,2,4,4,0,1.00,0.5,0.5,0.0,0.0,0.0
2026-01-25 12:49:04,clusterB,2,4,4,0,1.00,0.5,0.5,0.0,0.0,0.0
2026-01-25 12:49:09,clusterA,2,4,4,0,1.00,0.5,0.5,0.0,0.0,0.0
2026-01-25 12:49:09,clusterB,2,4,4,0,1.00,0.5,0.5,0.0,0.0,0.0
2026-01-25 12:49:14,clusterA,2,4,4,0,1.00,0.5,0.5,0.0,0.0,0.0
2026-01-25 12:49:14,clusterB,2,4,4,0,1.00,0.5,0.5,0.0,0.0,0.0
2026-01-25 12:49:19,clusterA,2,4,4,0,1.00,0.5,0.5,0.0,0.0,0.0
2026-01-25 12:49:19,clusterB,2,4,4,0,1.00,0.5,0.5,0.0,0.0,0.0
2026-01-25 12:49:25,clusterA,2,4,4,0,1.00,0.5,0.5,0.0,0.0,0.0
2026-01-25 12:49:25,clusterB,2,4,4,0,1.00,0.5,0.5,0.0,0.0,0.0
2026-01-25 12:49:30,clusterA,2,4,4,0,1.00,0.5,0.5,0.0,0.0,0.0
2026-01-25 12:49:30,clusterB,2,4,4,0,1.00,0.5,0.5,0.0,0.0,0.0
2026-01-25 12:49:35,clusterA,2,4,4,0,1.00,0.5,0.5,0.0,0.0,0.0
2026-01-25 12:49:35,clusterB,2,4,4,0,1.00,0.5,0.5,0.0,0.0,0.0
2026-01-25 12:49:40,clusterA,2,4,4,0,1.00,0.5,0.5,0.0,0.0,0.0
2026-01-25 12:49:40,clusterB,2,4,4,0,1.00,0.5,0.5,0.0,0.0,0.0
2026-01-25 12:49:45,clusterA,2,4,4,0,1.00,0.5,0.5,0.0,0.0,0.0
2026-01-25 12:49:45,clusterB,2,4,4,0,1.00,0.5,0.5,0.0,0.0,0.0
2026-01-25 12:49:51,clusterA,2,4,4,0,1.00,0.5,0.5,0.0,0.0,0.0
2026-01-25 12:49:51,clusterB,2,4,4,0,1.00,0.5,0.5,0.0,0.0,0.0
2026-01-25 12:49:56,clusterA,2,4,4,0,1.00,0.5,0.5,0.0,0.0,0.0
2026-01-25 12:49:56,clusterB,2,4,4,0,1.00,0.5,0.5,0.0,0.0,0.0
2026-01-25 12:50:01,clusterA,2,4,4,0,1.00,0.5,0.5,0.0,0.0,0.0
2026-01-25 12:50:01,clusterB,2,4,4,0,1.00,0.5,0.5,0.0,0.0,0.0
2026-01-25 12:50:06,clusterA,2,4,4,0,1.00,0.5,0.5,0.0,0.0,0.0
2026-01-25 12:50:06,clusterB,2,4,4,0,1.00,0.5,0.5,0.0,0.0,0.0
2026-01-25 12:50:11,clusterA,2,4,4,0,1.00,0.5,0.5,0.0,0.0,0.0
2026-01-25 12:50:11,clusterB,2,4,4,0,1.00,0.5,0.5,0.0,0.0,0.0
2026-01-25 12:50:17,clusterA,2,4,4,0,1.00,0.5,0.5,0.0,0.0,0.0
2026-01-25 12:50:17,clusterB,2,4,4,0,1.00,0.5,0.5,0.0,0.0,0.0
2026-01-25 12:50:22,clusterA,2,4,4,0,1.00,0.5,0.5,0.0,0.0,0.0
2026-01-25 12:50:22,clusterB,2,4,4,0,1.00,0.5,0.5,0.0,0.0,0.0
2026-01-25 12:50:27,clusterA,2,4,4,0,1.00,0.5,0.5,0.0,0.0,0.0
2026-01-25 12:50:27,clusterB,2,4,4,0,1.00,0.5,0.5,0.0,0.0,0.0
2026-01-25 12:50:32,clusterA,2,4,4,0,1.00,0.5,0.5,0.0,0.0,0.0
2026-01-25 12:50:32,clusterB,2,4,4,0,1.00,0.5,0.5,0.0,0.0,0.0
2026-01-25 12:50:37,clusterA,2,4,4,0,1.00,0.5,0.5,0.0,0.0,0.0
2026-01-25 12:50:37,clusterB,2,4,4,0,1.00,0.5,0.5,0.0,0.0,0.0
2026-01-25 12:50:43,clusterA,2,4,4,0,1.00,0.5,0.5,0.0,0.0,0.0
2026-01-25 12:50:43,clusterB,2,4,4,0,1.00,0.5,0.5,0.0,0.0,0.0
2026-01-25 12:50:48,clusterA,2,4,4,0,1.00,0.5,0.5,0.0,0.0,0.0
2026-01-25 12:50:48,clusterB,2,4,4,0,1.00,0.5,0.5,0.0,0.0,0.0
2026-01-25 12:50:53,clusterA,2,4,4,0,1.00,0.5,0.5,0.0,0.0,0.0
2026-01-25 12:50:53,clusterB,2,4,4,0,1.00,0.5,0.5,0.0,0.0,0.0
2026-01-25 12:50:58,clusterA,2,4,4,0,1.00,0.5,0.5,0.0,0.0,0.0
2026-01-25 12:50:58,clusterB,2,4,4,0,1.00,0.5,0.5,0.0,0.0,0.0
2026-01-25 12:51:03,clusterA,2,4,4,0,1.00,0.5,0.5,0.0,0.0,0.0
2026-01-25 12:51:03,clusterB,2,4,4,0,1.00,0.5,0.5,0.0,0.0,0.0
2026-01-25 12:51:09,clusterA,2,4,4,0,1.00,0.5,0.5,0.0,0.0,0.0
2026-01-25 12:51:09,clusterB,2,4,4,0,1.00,0.5,0.5,0.0,0.0,0.0
2026-01-25 12:51:14,clusterA,2,4,4,0,1.00,0.5,0.5,0.0,0.0,0.0
2026-01-25 12:51:14,clusterB,2,4,4,0,1.00,0.5,0.5,0.0,0.0,0.0
2026-01-25 12:51:19,clusterA,3,4,4,0,1.00,0.5,0.5,0.0,0.0,0.0
2026-01-25 12:51:19,clusterB,3,4,4,0,1.00,0.5,0.5,0.0,0.0,0.0
2026-01-25 12:51:24,clusterA,3,4,4,0,1.00,0.5,0.5,0.0,0.0,0.0
2026-01-25 12:51:24,clusterB,3,4,4,0,1.00,0.5,0.5,0.0,0.0,0.0
2026-01-25 12:51:29,clusterA,3,4,4,0,1.00,0.5,0.5,0.0,0.0,0.0
2026-01-25 12:51:29,clusterB,3,4,4,0,1.00,0.5,0.5,0.0,0.0,0.0
2026-01-25 12:51:35,clusterA,3,4,4,0,1.00,0.5,0.5,0.0,0.0,0.0
2026-01-25 12:51:35,clusterB,3,4,4,0,1.00,0.5,0.5,0.0,0.0,0.0
2026-01-25 12:51:40,clusterA,3,4,4,0,1.00,0.5,0.5,0.0,0.0,0.0
2026-01-25 12:51:40,clusterB,3,4,4,0,1.00,0.5,0.5,0.0,0.0,0.0
2026-01-25 12:51:45,clusterA,3,4,4,0,1.00,0.5,0.5,0.0,0.0,0.0
2026-01-25 12:51:45,clusterB,3,4,4,0,1.00,0.5,0.5,0.0,0.0,0.0
2026-01-25 12:51:50,clusterA,3,4,4,0,1.00,0.5,0.5,0.0,0.0,0.0
2026-01-25 12:51:50,clusterB,3,4,4,0,1.00,0.5,0.5,0.0,0.0,0.0
2026-01-25 12:51:55,clusterA,3,4,4,0,1.00,0.5,0.5,0.0,0.0,0.0
2026-01-25 12:51:55,clusterB,3,4,4,0,1.00,0.5,0.5,0.0,0.0,0.0
2026-01-25 12:52:01,clusterA,3,4,4,0,1.00,0.5,0.5,0.0,0.0,0.0
2026-01-25 12:52:01,clusterB,3,4,4,0,1.00,0.5,0.5,0.0,0.0,0.0
2026-01-25 12:52:06,clusterA,3,4,4,0,1.00,0.5,0.5,0.0,0.0,0.0
2026-01-25 12:52:06,clusterB,3,4,4,0,1.00,0.5,0.5,0.0,0.0,0.0
2026-01-25 12:52:11,clusterA,3,4,4,0,1.00,0.5,0.5,0.0,0.0,0.0
2026-01-25 12:52:11,clusterB,3,4,4,0,1.00,0.5,0.5,0.0,0.0,0.0
2026-01-25 12:52:16,clusterA,3,4,4,0,1.00,0.5,0.5,0.0,0.0,0.0
2026-01-25 12:52:16,clusterB,3,4,4,0,1.00,0.5,0.5,0.0,0.0,0.0
2026-01-25 12:52:21,clusterA,3,4,4,0,1.00,0.5,0.5,0.0,0.0,0.0
2026-01-25 12:52:21,clusterB,3,4,4,0,1.00,0.5,0.5,0.0,0.0,0.0
2026-01-25 12:52:27,clusterA,3,4,4,0,1.00,0.5,0.5,0.0,0.0,0.0
2026-01-25 12:52:27,clusterB,3,4,4,0,1.00,0.5,0.5,0.0,0.0,0.0
2026-01-25 12:52:32,clusterA,3,4,4,0,1.00,0.5,0.5,0.0,0.0,0.0
2026-01-25 12:52:32,clusterB,3,4,4,0,1.00,0.5,0.5,0.0,0.0,0.0
2026-01-25 12:52:37,clusterA,3,4,4,0,1.00,0.5,0.5,0.0,0.0,0.0
2026-01-25 12:52:37,clusterB,3,4,4,0,1.00,0.5,0.5,0.0,0.0,0.0
2026-01-25 12:52:42,clusterA,3,4,4,0,1.00,0.5,0.5,0.0,0.0,0.0
2026-01-25 12:52:42,clusterB,3,4,4,0,1.00,0.5,0.5,0.0,0.0,0.0
2026-01-25 12:52:47,clusterA,3,4,4,0,1.00,0.5,0.5,0.0,0.0,0.0
2026-01-25 12:52:47,clusterB,3,4,4,0,1.00,0.5,0.5,0.0,0.0,0.0
2026-01-25 12:52:53,clusterA,3,4,4,0,1.00,0.5,0.5,0.0,0.0,0.0
2026-01-25 12:52:53,clusterB,3,4,4,0,1.00,0.5,0.5,0.0,0.0,0.0
2026-01-25 12:52:58,clusterA,3,4,4,0,1.00,0.5,0.5,0.0,0.0,0.0
2026-01-25 12:52:58,clusterB,3,4,4,0,1.00,0.5,0.5,0.0,0.0,0.0
2026-01-25 12:53:03,clusterA,3,4,4,0,1.00,0.5,0.5,0.0,0.0,0.0
2026-01-25 12:53:03,clusterB,3,4,4,0,1.00,0.5,0.5,0.0,0.0,0.0
2026-01-25 12:53:08,clusterA,3,4,4,0,1.00,0.5,0.5,0.0,0.0,0.0
2026-01-25 12:53:08,clusterB,3,4,4,0,1.00,0.5,0.5,0.0,0.0,0.0
2026-01-25 12:53:13,clusterA,3,4,4,0,1.00,0.5,0.5,0.0,0.0,0.0
2026-01-25 12:53:13,clusterB,3,4,4,0,1.00,0.5,0.5,0.0,0.0,0.0
2026-01-25 12:53:18,clusterA,3,4,4,0,1.00,0.5,0.5,0.0,0.0,0.0
2026-01-25 12:53:18,clusterB,3,4,4,0,1.00,0.5,0.5,0.0,0.0,0.0
2026-01-25 12:53:24,clusterA,3,4,4,0,1.00,0.5,0.5,0.0,0.0,0.0
2026-01-25 12:53:24,clusterB,3,4,4,0,1.00,0.5,0.5,0.0,0.0,0.0
2026-01-25 12:53:29,clusterA,3,4,4,0,1.00,0.5,0.5,0.0,0.0,0.0
2026-01-25 12:53:29,clusterB,3,4,4,0,1.00,0.5,0.5,0.0,0.0,0.0
2026-01-25 12:53:34,clusterA,3,4,4,0,1.00,0.5,0.5,0.0,0.0,0.0
2026-01-25 12:53:34,clusterB,3,4,4,0,1.00,0.5,0.5,0.0,0.0,0.0
2026-01-25 12:53:39,clusterA,3,4,4,0,1.00,0.5,0.5,0.0,0.0,0.0
2026-01-25 12:53:39,clusterB,3,4,4,0,1.00,0.5,0.5,0.0,0.0,0.0
2026-01-25 12:53:44,clusterA,3,4,4,0,1.00,0.5,0.5,0.0,0.0,0.0
2026-01-25 12:53:44,clusterB,3,4,4,0,1.00,0.5,0.5,0.0,0.0,0.0
2026-01-25 12:53:50,clusterA,3,4,4,0,1.00,0.5,0.5,0.0,0.0,0.0
2026-01-25 12:53:50,clusterB,3,4,4,0,1.00,0.5,0.5,0.0,0.0,0.0
2026-01-25 12:53:55,clusterA,3,4,4,0,1.00,0.5,0.5,0.0,0.0,0.0
2026-01-25 12:53:55,clusterB,3,4,4,0,1.00,0.5,0.5,0.0,0.0,0.0
2026-01-25 12:54:00,clusterA,3,4,4,0,1.00,0.5,0.5,0.0,0.0,0.0
2026-01-25 12:54:00,clusterB,3,4,4,0,1.00,0.5,0.5,0.0,0.0,0.0
2026-01-25 12:54:05,clusterA,3,4,4,0,1.00,0.5,0.5,0.0,0.0,0.0
2026-01-25 12:54:05,clusterB,3,4,4,0,1.00,0.5,0.5,0.0,0.0,0.0
2026-01-25 12:54:10,clusterA,3,4,4,0,1.00,0.5,0.5,0.0,0.0,0.0
2026-01-25 12:54:10,clusterB,3,4,4,0,1.00,0.5,0.5,0.0,0.0,0.0
2026-01-25 12:54:16,clusterA,3,4,4,0,1.00,0.5,0.5,0.0,0.0,0.0
2026-01-25 12:54:16,clusterB,3,4,4,0,1.00,0.5,0.5,0.0,0.0,0.0
2026-01-25 12:54:21,clusterA,3,4,4,0,1.00,0.5,0.5,0.0,0.0,0.0
2026-01-25 12:54:21,clusterB,3,4,4,0,1.00,0.5,0.5,0.0,0.0,0.0
2026-01-25 12:54:26,clusterA,3,4,4,0,1.00,0.5,0.5,0.0,0.0,0.0
2026-01-25 12:54:26,clusterB,3,4,4,0,1.00,0.5,0.5,0.0,0.0,0.0
2026-01-25 12:54:31,clusterA,3,4,4,0,1.00,0.5,0.5,0.0,0.0,0.0
2026-01-25 12:54:31,clusterB,3,4,4,0,1.00,0.5,0.5,0.0,0.0,0.0
2026-01-25 12:54:36,clusterA,3,4,4,0,1.00,0.5,0.5,0.0,0.0,0.0
2026-01-25 12:54:36,clusterB,3,4,4,0,1.00,0.5,0.5,0.0,0.0,0.0
2026-01-25 12:54:42,clusterA,3,4,4,0,1.00,0.5,0.5,0.0,0.0,0.0
2026-01-25 12:54:42,clusterB,3,4,4,0,1.00,0.5,0.5,0.0,0.0,0.0
2026-01-25 12:54:47,clusterA,3,4,4,0,1.00,0.5,0.5,0.0,0.0,0.0
2026-01-25 12:54:47,clusterB,3,4,4,0,1.00,0.5,0.5,0.0,0.0,0.0
2026-01-25 12:54:52,clusterA,3,4,4,0,1.00,0.5,0.5,0.0,0.0,0.0
2026-01-25 12:54:52,clusterB,3,4,4,0,1.00,0.5,0.5,0.0,0.0,0.0
2026-01-25 12:54:57,clusterA,3,4,4,0,1.00,0.5,0.5,0.0,0.0,0.0
2026-01-25 12:54:57,clusterB,3,4,4,0,1.00,0.5,0.5,0.0,0.0,0.0
2026-01-25 12:55:02,clusterA,3,4,4,0,1.00,0.5,0.5,0.0,0.0,0.0
2026-01-25 12:55:02,clusterB,3,4,4,0,1.00,0.5,0.5,0.0,0.0,0.0
2026-01-25 12:55:08,clusterA,3,4,4,0,1.00,0.5,0.5,0.0,0.0,0.0
2026-01-25 12:55:08,clusterB,3,4,4,0,1.00,0.5,0.5,0.0,0.0,0.0
2026-01-25 12:55:13,clusterA,3,4,4,0,1.00,0.5,0.5,0.0,0.0,0.0
2026-01-25 12:55:13,clusterB,3,4,4,0,1.00,0.5,0.5,0.0,0.0,0.0
2026-01-25 12:55:18,clusterA,3,4,4,0,1.00,0.5,0.5,0.0,0.0,0.0
2026-01-25 12:55:18,clusterB,3,4,4,0,1.00,0.5,0.5,0.0,0.0,0.0
2026-01-25 12:55:23,clusterA,3,4,4,0,1.00,0.5,0.5,0.0,0.0,0.0
2026-01-25 12:55:23,clusterB,3,4,4,0,1.00,0.5,0.5,0.0,0.0,0.0
2026-01-25 12:55:28,clusterA,3,4,4,0,1.00,0.5,0.5,0.0,0.0,0.0
2026-01-25 12:55:28,clusterB,3,4,4,0,1.00,0.5,0.5,0.0,0.0,0.0
2026-01-25 12:55:34,clusterA,3,4,4,0,1.00,0.5,0.5,0.0,0.0,0.0
2026-01-25 12:55:34,clusterB,3,4,4,0,1.00,0.5,0.5,0.0,0.0,0.0
2026-01-25 12:55:39,clusterA,3,4,4,0,1.00,0.5,0.5,0.0,0.0,0.0
2026-01-25 12:55:39,clusterB,3,4,4,0,1.00,0.5,0.5,0.0,0.0,0.0
2026-01-25 12:55:44,clusterA,3,4,4,0,1.00,0.5,0.5,0.0,0.0,0.0
2026-01-25 12:55:44,clusterB,3,4,4,0,1.00,0.5,0.5,0.0,0.0,0.0
2026-01-25 12:55:49,clusterA,3,4,4,0,1.00,0.5,0.5,0.0,0.0,0.0
2026-01-25 12:55:49,clusterB,3,4,4,0,1.00,0.5,0.5,0.0,0.0,0.0
2026-01-25 12:55:54,clusterA,3,4,4,0,1.00,0.5,0.5,0.0,0.0,0.0
2026-01-25 12:55:54,clusterB,3,4,4,0,1.00,0.5,0.5,0.0,0.0,0.0
2026-01-25 12:55:59,clusterA,3,4,4,0,1.00,0.5,0.5,0.0,0.0,0.0
2026-01-25 12:55:59,clusterB,3,4,4,0,1.00,0.5,0.5,0.0,0.0,0.0
2026-01-25 12:56:05,clusterA,3,4,4,0,1.00,0.5,0.5,0.0,0.0,0.0
2026-01-25 12:56:05,clusterB,3,4,4,0,1.00,0.5,0.5,0.0,0.0,0.0
2026-01-25 12:56:10,clusterA,3,4,4,0,1.00,0.5,0.5,0.0,0.0,0.0
2026-01-25 12:56:10,clusterB,3,4,4,0,1.00,0.5,0.5,0.0,0.0,0.0
2026-01-25 12:56:15,clusterA,3,4,4,0,1.00,0.5,0.5,0.0,0.0,0.0
2026-01-25 12:56:15,clusterB,3,4,4,0,1.00,0.5,0.5,0.0,0.0,0.0
2026-01-25 12:56:20,clusterA,3,4,4,0,1.00,0.5,0.5,0.0,0.0,0.0
2026-01-25 12:56:20,clusterB,3,4,4,0,1.00,0.5,0.5,0.0,0.0,0.0
2026-01-25 12:56:25,clusterA,3,4,4,0,1.00,0.5,0.5,0.0,0.0,0.0
2026-01-25 12:56:25,clusterB,3,4,4,0,1.00,0.5,0.5,0.0,0.0,0.0
2026-01-25 12:56:31,clusterA,3,4,4,0,1.00,0.5,0.5,0.0,0.0,0.0
2026-01-25 12:56:31,clusterB,3,4,4,0,1.00,0.5,0.5,0.0,0.0,0.0
2026-01-25 12:56:36,clusterA,3,4,4,0,1.00,0.5,0.5,0.0,0.0,0.0
2026-01-25 12:56:36,clusterB,3,4,4,0,1.00,0.5,0.5,0.0,0.0,0.0
2026-01-25 12:56:41,clusterA,3,4,4,0,1.00,0.5,0.5,0.0,0.0,0.0
2026-01-25 12:56:41,clusterB,3,4,4,0,1.00,0.5,0.5,0.0,0.0,0.0
2026-01-25 12:56:46,clusterA,3,4,4,0,1.00,0.5,0.5,0.0,0.0,0.0
2026-01-25 12:56:46,clusterB,3,4,4,0,1.00,0.5,0.5,0.0,0.0,0.0
2026-01-25 12:56:51,clusterA,3,4,4,0,1.00,0.5,0.5,0.0,0.0,0.0
2026-01-25 12:56:51,clusterB,3,4,4,0,1.00,0.5,0.5,0.0,0.0,0.0
2026-01-25 12:56:57,clusterA,3,4,4,0,1.00,0.5,0.5,0.0,0.0,0.0
2026-01-25 12:56:57,clusterB,3,4,4,0,1.00,0.5,0.5,0.0,0.0,0.0
2026-01-25 12:57:02,clusterA,3,4,4,0,1.00,0.5,0.5,0.0,0.0,0.0
2026-01-25 12:57:02,clusterB,3,4,4,0,1.00,0.5,0.5,0.0,0.0,0.0
2026-01-25 12:57:07,clusterA,3,4,4,0,1.00,0.5,0.5,0.0,0.0,0.0
2026-01-25 12:57:07,clusterB,3,4,4,0,1.00,0.5,0.5,0.0,0.0,0.0
2026-01-25 12:57:12,clusterA,3,4,4,0,1.00,0.5,0.5,0.0,0.0,0.0
2026-01-25 12:57:12,clusterB,3,4,4,0,1.00,0.5,0.5,0.0,0.0,0.0
2026-01-25 12:57:17,clusterA,3,4,4,0,1.00,0.5,0.5,0.0,0.0,0.0
2026-01-25 12:57:17,clusterB,3,4,4,0,1.00,0.5,0.5,0.0,0.0,0.0
2026-01-25 12:57:23,clusterA,3,4,4,0,1.00,0.5,0.5,0.0,0.0,0.0
2026-01-25 12:57:23,clusterB,3,4,4,0,1.00,0.5,0.5,0.0,0.0,0.0
2026-01-25 12:57:28,clusterA,3,4,4,0,1.00,0.5,0.5,0.0,0.0,0.0
2026-01-25 12:57:28,clusterB,3,4,4,0,1.00,0.5,0.5,0.0,0.0,0.0
2026-01-25 12:57:33,clusterA,3,4,4,0,1.00,0.5,0.5,0.0,0.0,0.0
2026-01-25 12:57:33,clusterB,3,4,4,0,1.00,0.5,0.5,0.0,0.0,0.0
2026-01-25 12:57:38,clusterA,3,4,4,0,1.00,0.5,0.5,0.0,0.0,0.0
2026-01-25 12:57:38,clusterB,3,4,4,0,1.00,0.5,0.5,0.0,0.0,0.0
2026-01-25 12:57:43,clusterA,3,4,4,0,1.00,0.5,0.5,0.0,0.0,0.0
2026-01-25 12:57:43,clusterB,3,4,4,0,1.00,0.5,0.5,0.0,0.0,0.0
2026-01-25 12:57:49,clusterA,3,4,4,0,1.00,0.5,0.5,0.0,0.0,0.0
2026-01-25 12:57:49,clusterB,3,4,4,0,1.00,0.5,0.5,0.0,0.0,0.0
2026-01-25 12:57:54,clusterA,3,4,4,0,1.00,0.5,0.5,0.0,0.0,0.0
2026-01-25 12:57:54,clusterB,3,4,4,0,1.00,0.5,0.5,0.0,0.0,0.0
2026-01-25 12:57:59,clusterA,3,4,4,0,1.00,0.5,0.5,0.0,0.0,0.0
2026-01-25 12:57:59,clusterB,3,4,4,0,1.00,0.5,0.5,0.0,0.0,0.0
2026-01-25 12:58:04,clusterA,3,4,4,0,1.00,0.5,0.5,0.0,0.0,0.0
2026-01-25 12:58:04,clusterB,3,4,4,0,1.00,0.5,0.5,0.0,0.0,0.0
2026-01-25 12:58:09,clusterA,3,4,4,0,1.00,0.5,0.5,0.0,0.0,0.0
2026-01-25 12:58:09,clusterB,3,4,4,0,1.00,0.5,0.5,0.0,0.0,0.0
2026-01-25 12:58:15,clusterA,3,4,4,0,1.00,0.5,0.5,0.0,0.0,0.0
2026-01-25 12:58:15,clusterB,3,4,4,0,1.00,0.5,0.5,0.0,0.0,0.0
2026-01-25 12:58:20,clusterA,3,4,4,0,1.00,0.5,0.5,0.0,0.0,0.0
2026-01-25 12:58:20,clusterB,3,4,4,0,1.00,0.5,0.5,0.0,0.0,0.0
2026-01-25 12:58:25,clusterA,3,4,4,0,1.00,0.5,0.5,0.0,0.0,0.0
2026-01-25 12:58:25,clusterB,3,4,4,0,1.00,0.5,0.5,0.0,0.0,0.0
2026-01-25 12:58:30,clusterA,3,4,4,0,1.00,0.5,0.5,0.0,0.0,0.0
2026-01-25 12:58:30,clusterB,3,4,4,0,1.00,0.5,0.5,0.0,0.0,0.0
2026-01-25 12:58:35,clusterA,3,4,4,0,1.00,0.5,0.5,0.0,0.0,0.0
2026-01-25 12:58:35,clusterB,3,4,4,0,1.00,0.5,0.5,0.0,0.0,0.0
2026-01-25 12:58:40,clusterA,3,4,4,0,1.00,0.5,0.5,0.0,0.0,0.0
2026-01-25 12:58:40,clusterB,3,4,4,0,1.00,0.5,0.5,0.0,0.0,0.0
2026-01-25 12:58:46,clusterA,3,4,4,0,1.00,0.5,0.5,0.0,0.0,0.0
2026-01-25 12:58:46,clusterB,3,4,4,0,1.00,0.5,0.5,0.0,0.0,0.0
2026-01-25 12:58:51,clusterA,3,4,4,0,1.00,0.5,0.5,0.0,0.0,0.0
2026-01-25 12:58:51,clusterB,3,4,4,0,1.00,0.5,0.5,0.0,0.0,0.0
2026-01-25 12:58:56,clusterA,3,4,4,0,1.00,0.5,0.5,0.0,0.0,0.0
2026-01-25 12:58:56,clusterB,3,4,4,0,1.00,0.5,0.5,0.0,0.0,0.0
2026-01-25 12:59:01,clusterA,3,4,4,0,1.00,0.5,0.5,0.0,0.0,0.0
2026-01-25 12:59:01,clusterB,3,4,4,0,1.00,0.5,0.5,0.0,0.0,0.0
2026-01-25 12:59:06,clusterA,3,4,4,0,1.00,0.5,0.5,0.0,0.0,0.0
2026-01-25 12:59:06,clusterB,3,4,4,0,1.00,0.5,0.5,0.0,0.0,0.0
2026-01-25 12:59:12,clusterA,3,4,4,0,1.00,0.5,0.5,0.0,0.0,0.0
2026-01-25 12:59:12,clusterB,3,4,4,0,1.00,0.5,0.5,0.0,0.0,0.0
2026-01-25 12:59:17,clusterA,3,4,4,0,1.00,0.5,0.5,0.0,0.0,0.0
2026-01-25 12:59:17,clusterB,3,4,4,0,1.00,0.5,0.5,0.0,0.0,0.0
2026-01-25 12:59:22,clusterA,3,4,4,0,1.00,0.5,0.5,0.0,0.0,0.0
2026-01-25 12:59:22,clusterB,3,4,4,0,1.00,0.5,0.5,0.0,0.0,0.0
2026-01-25 12:59:27,clusterA,3,4,4,0,1.00,0.5,0.5,0.0,0.0,0.0
2026-01-25 12:59:27,clusterB,3,4,4,0,1.00,0.5,0.5,0.0,0.0,0.0
2026-01-25 12:59:32,clusterA,3,4,4,0,1.00,0.5,0.5,0.0,0.0,0.0
2026-01-25 12:59:32,clusterB,3,4,4,0,1.00,0.5,0.5,0.0,0.0,0.0
2026-01-25 12:59:38,clusterA,3,4,4,0,1.00,0.5,0.5,0.0,0.0,0.0
2026-01-25 12:59:38,clusterB,3,4,4,0,1.00,0.5,0.5,0.0,0.0,0.0
2026-01-25 12:59:43,clusterA,3,4,4,0,1.00,0.5,0.5,0.0,0.0,0.0
2026-01-25 12:59:43,clusterB,3,4,4,0,1.00,0.5,0.5,0.0,0.0,0.0
2026-01-25 12:59:48,clusterA,3,4,4,0,1.00,0.5,0.5,0.0,0.0,0.0
2026-01-25 12:59:48,clusterB,3,4,4,0,1.00,0.5,0.5,0.0,0.0,0.0
2026-01-25 12:59:53,clusterA,3,4,4,0,1.00,0.5,0.5,0.0,0.0,0.0
2026-01-25 12:59:53,clusterB,3,4,4,0,1.00,0.5,0.5,0.0,0.0,0.0
2026-01-25 12:59:58,clusterA,3,4,4,0,1.00,0.5,0.5,0.0,0.0,0.0
2026-01-25 12:59:58,clusterB,3,4,4,0,1.00,0.5,0.5,0.0,0.0,0.0
2026-01-25 13:00:04,clusterA,3,4,4,0,1.00,0.5,0.5,0.0,0.0,0.0
2026-01-25 13:00:04,clusterB,3,4,4,0,1.00,0.5,0.5,0.0,0.0,0.0
2026-01-25 13:00:09,clusterA,4,4,4,0,1.00,0.5,0.5,0.0,0.0,0.0
2026-01-25 13:00:09,clusterB,4,4,4,0,1.00,0.5,0.5,0.0,0.0,0.0
2026-01-25 13:00:14,clusterA,4,4,4,0,1.00,0.5,0.5,0.0,0.0,0.0
2026-01-25 13:00:14,clusterB,4,4,4,0,1.00,0.5,0.5,0.0,0.0,0.0
2026-01-25 13:00:19,clusterA,4,4,4,0,1.00,0.5,0.5,0.0,0.0,0.0
2026-01-25 13:00:19,clusterB,4,4,4,0,1.00,0.5,0.5,0.0,0.0,0.0
2026-01-25 13:00:24,clusterA,4,4,4,0,1.00,0.5,0.5,0.0,0.0,0.0
2026-01-25 13:00:24,clusterB,4,4,4,0,1.00,0.5,0.5,0.0,0.0,0.0
2026-01-25 13:00:30,clusterA,4,4,4,0,1.00,0.5,0.5,0.0,0.0,0.0
2026-01-25 13:00:30,clusterB,4,4,4,0,1.00,0.5,0.5,0.0,0.0,0.0
2026-01-25 13:00:35,clusterA,4,4,4,0,1.00,0.5,0.5,0.0,0.0,0.0
2026-01-25 13:00:35,clusterB,4,4,4,0,1.00,0.5,0.5,0.0,0.0,0.0
2026-01-25 13:00:40,clusterA,4,4,4,0,1.00,0.5,0.5,0.0,0.0,0.0
2026-01-25 13:00:40,clusterB,4,4,4,0,1.00,0.5,0.5,0.0,0.0,0.0
2026-01-25 13:00:45,clusterA,4,4,4,0,1.00,0.5,0.5,0.0,0.0,0.0
2026-01-25 13:00:45,clusterB,4,4,4,0,1.00,0.5,0.5,0.0,0.0,0.0
2026-01-25 13:00:50,clusterA,4,4,4,0,1.00,0.5,0.5,0.0,0.0,0.0
2026-01-25 13:00:50,clusterB,4,4,4,0,1.00,0.5,0.5,0.0,0.0,0.0
2026-01-25 13:00:56,clusterA,4,4,4,0,1.00,0.5,0.5,0.0,0.0,0.0
2026-01-25 13:00:56,clusterB,4,4,4,0,1.00,0.5,0.5,0.0,0.0,0.0
2026-01-25 13:01:01,clusterA,4,4,4,0,1.00,0.5,0.5,0.0,0.0,0.0
2026-01-25 13:01:01,clusterB,4,4,4,0,1.00,0.5,0.5,0.0,0.0,0.0
2026-01-25 13:01:06,clusterA,4,4,4,0,1.00,0.5,0.5,0.0,0.0,0.0
2026-01-25 13:01:06,clusterB,4,4,4,0,1.00,0.5,0.5,0.0,0.0,0.0
2026-01-25 13:01:11,clusterA,4,4,4,0,1.00,0.5,0.5,0.0,0.0,0.0
2026-01-25 13:01:11,clusterB,4,4,4,0,1.00,0.5,0.5,0.0,0.0,0.0
2026-01-25 13:01:16,clusterA,4,4,4,0,1.00,0.5,0.5,0.0,0.0,0.0
2026-01-25 13:01:16,clusterB,4,4,4,0,1.00,0.5,0.5,0.0,0.0,0.0
2026-01-25 13:01:22,clusterA,4,4,4,0,1.00,0.5,0.5,0.0,0.0,0.0
2026-01-25 13:01:22,clusterB,4,4,4,0,1.00,0.5,0.5,0.0,0.0,0.0
2026-01-25 13:01:27,clusterA,4,4,4,0,1.00,0.5,0.5,0.0,0.0,0.0
2026-01-25 13:01:27,clusterB,4,4,4,0,1.00,0.5,0.5,0.0,0.0,0.0
2026-01-25 13:01:32,clusterA,4,4,4,0,1.00,0.5,0.5,0.0,0.0,0.0
2026-01-25 13:01:32,clusterB,4,4,4,0,1.00,0.5,0.5,0.0,0.0,0.0
2026-01-25 13:01:37,clusterA,4,4,4,0,1.00,0.5,0.5,0.0,0.0,0.0
2026-01-25 13:01:37,clusterB,4,4,4,0,1.00,0.5,0.5,0.0,0.0,0.0
2026-01-25 13:01:42,clusterA,4,4,4,0,1.00,0.5,0.5,0.0,0.0,0.0
2026-01-25 13:01:42,clusterB,4,4,4,0,1.00,0.5,0.5,0.0,0.0,0.0
2026-01-25 13:01:47,clusterA,4,4,4,0,1.00,0.5,0.5,0.0,0.0,0.0
2026-01-25 13:01:47,clusterB,4,4,4,0,1.00,0.5,0.5,0.0,0.0,0.0
2026-01-25 13:01:53,clusterA,4,4,4,0,1.00,0.5,0.5,0.0,0.0,0.0
2026-01-25 13:01:53,clusterB,4,4,4,0,1.00,0.5,0.5,0.0,0.0,0.0
2026-01-25 13:01:58,clusterA,4,4,4,0,1.00,0.5,0.5,0.0,0.0,0.0
2026-01-25 13:01:58,clusterB,4,4,4,0,1.00,0.5,0.5,0.0,0.0,0.0
2026-01-25 13:02:03,clusterA,4,4,4,0,1.00,0.5,0.5,0.0,0.0,0.0
2026-01-25 13:02:03,clusterB,4,4,4,0,1.00,0.5,0.5,0.0,0.0,0.0
2026-01-25 13:02:08,clusterA,4,4,4,0,1.00,0.5,0.5,0.0,0.0,0.0
2026-01-25 13:02:08,clusterB,4,4,4,0,1.00,0.5,0.5,0.0,0.0,0.0
2026-01-25 13:02:13,clusterA,4,4,4,0,1.00,0.5,0.5,0.0,0.0,0.0
2026-01-25 13:02:13,clusterB,4,4,4,0,1.00,0.5,0.5,0.0,0.0,0.0
2026-01-25 13:02:19,clusterA,4,4,4,0,1.00,0.5,0.5,0.0,0.0,0.0
2026-01-25 13:02:19,clusterB,4,4,4,0,1.00,0.5,0.5,0.0,0.0,0.0
2026-01-25 13:02:24,clusterA,4,4,4,0,1.00,0.5,0.5,0.0,0.0,0.0
2026-01-25 13:02:24,clusterB,4,4,4,0,1.00,0.5,0.5,0.0,0.0,0.0
2026-01-25 13:02:29,clusterA,4,4,4,0,1.00,0.5,0.5,0.0,0.0,0.0
2026-01-25 13:02:29,clusterB,4,4,4,0,1.00,0.5,0.5,0.0,0.0,0.0
2026-01-25 13:02:34,clusterA,4,4,4,0,1.00,0.5,0.5,0.0,0.0,0.0
2026-01-25 13:02:34,clusterB,4,4,4,0,1.00,0.5,0.5,0.0,0.0,0.0
2026-01-25 13:02:39,clusterA,4,4,4,0,1.00,0.5,0.5,0.0,0.0,0.0
2026-01-25 13:02:39,clusterB,4,4,4,0,1.00,0.5,0.5,0.0,0.0,0.0
2026-01-25 13:02:45,clusterA,4,4,4,0,1.00,0.5,0.5,0.0,0.0,0.0
2026-01-25 13:02:45,clusterB,4,4,4,0,1.00,0.5,0.5,0.0,0.0,0.0
2026-01-25 13:02:50,clusterA,4,4,4,0,1.00,0.5,0.5,0.0,0.0,0.0
2026-01-25 13:02:50,clusterB,4,4,4,0,1.00,0.5,0.5,0.0,0.0,0.0
2026-01-25 13:02:55,clusterA,4,4,4,0,1.00,0.5,0.5,0.0,0.0,0.0
2026-01-25 13:02:55,clusterB,4,4,4,0,1.00,0.5,0.5,0.0,0.0,0.0
2026-01-25 13:03:00,clusterA,4,4,4,0,1.00,0.5,0.5,0.0,0.0,0.0
2026-01-25 13:03:00,clusterB,4,4,4,0,1.00,0.5,0.5,0.0,0.0,0.0
2026-01-25 13:03:05,clusterA,4,4,4,0,1.00,0.5,0.5,0.0,0.0,0.0
2026-01-25 13:03:05,clusterB,4,4,4,0,1.00,0.5,0.5,0.0,0.0,0.0
2026-01-25 13:03:11,clusterA,4,4,4,0,1.00,0.5,0.5,0.0,0.0,0.0
2026-01-25 13:03:11,clusterB,4,4,4,0,1.00,0.5,0.5,0.0,0.0,0.0
2026-01-25 13:03:16,clusterA,4,4,4,0,1.00,0.5,0.5,0.0,0.0,0.0
2026-01-25 13:03:16,clusterB,4,4,4,0,1.00,0.5,0.5,0.0,0.0,0.0
2026-01-25 13:03:21,clusterA,4,4,4,0,1.00,0.5,0.5,0.0,0.0,0.0
2026-01-25 13:03:21,clusterB,4,4,4,0,1.00,0.5,0.5,0.0,0.0,0.0
2026-01-25 13:03:26,clusterA,4,4,4,0,1.00,0.5,0.5,0.0,0.0,0.0
2026-01-25 13:03:26,clusterB,4,4,4,0,1.00,0.5,0.5,0.0,0.0,0.0
2026-01-25 13:03:31,clusterA,4,4,4,0,1.00,0.5,0.5,0.0,0.0,0.0
2026-01-25 13:03:31,clusterB,4,4,4,0,1.00,0.5,0.5,0.0,0.0,0.0
2026-01-25 13:03:36,clusterA,4,4,4,0,1.00,0.5,0.5,0.0,0.0,0.0
2026-01-25 13:03:36,clusterB,4,4,4,0,1.00,0.5,0.5,0.0,0.0,0.0
2026-01-25 13:03:42,clusterA,4,4,4,0,1.00,0.5,0.5,0.0,0.0,0.0
2026-01-25 13:03:42,clusterB,4,4,4,0,1.00,0.5,0.5,0.0,0.0,0.0
2026-01-25 13:03:47,clusterA,4,4,4,0,1.00,0.5,0.5,0.0,0.0,0.0
2026-01-25 13:03:47,clusterB,4,4,4,0,1.00,0.5,0.5,0.0,0.0,0.0
2026-01-25 13:03:52,clusterA,4,4,4,0,1.00,0.5,0.5,0.0,0.0,0.0
2026-01-25 13:03:52,clusterB,4,4,4,0,1.00,0.5,0.5,0.0,0.0,0.0
2026-01-25 13:03:57,clusterA,4,4,4,0,1.00,0.5,0.5,0.0,0.0,0.0
2026-01-25 13:03:57,clusterB,4,4,4,0,1.00,0.5,0.5,0.0,0.0,0.0
2026-01-25 13:04:02,clusterA,4,4,4,0,1.00,0.5,0.5,0.0,0.0,0.0
2026-01-25 13:04:02,clusterB,4,4,4,0,1.00,0.5,0.5,0.0,0.0,0.0
2026-01-25 13:04:08,clusterA,4,4,4,0,1.00,0.5,0.5,0.0,0.0,0.0
2026-01-25 13:04:08,clusterB,4,4,4,0,1.00,0.5,0.5,0.0,0.0,0.0
2026-01-25 13:04:13,clusterA,4,4,4,0,1.00,0.5,0.5,0.0,0.0,0.0
2026-01-25 13:04:13,clusterB,4,4,4,0,1.00,0.5,0.5,0.0,0.0,0.0
2026-01-25 13:04:18,clusterA,4,4,4,0,1.00,0.5,0.5,0.0,0.0,0.0
2026-01-25 13:04:18,clusterB,4,4,4,0,1.00,0.5,0.5,0.0,0.0,0.0
2026-01-25 13:04:23,clusterA,4,4,4,0,1.00,0.5,0.5,0.0,0.0,0.0
2026-01-25 13:04:23,clusterB,4,4,4,0,1.00,0.5,0.5,0.0,0.0,0.0
2026-01-25 13:04:28,clusterA,4,4,4,0,1.00,0.5,0.5,0.0,0.0,0.0
2026-01-25 13:04:28,clusterB,4,4,4,0,1.00,0.5,0.5,0.0,0.0,0.0
2026-01-25 13:04:34,clusterA,4,4,4,0,1.00,0.5,0.5,0.0,0.0,0.0
2026-01-25 13:04:34,clusterB,4,4,4,0,1.00,0.5,0.5,0.0,0.0,0.0
2026-01-25 13:04:39,clusterA,4,4,4,0,1.00,0.5,0.5,0.0,0.0,0.0
2026-01-25 13:04:39,clusterB,4,4,4,0,1.00,0.5,0.5,0.0,0.0,0.0
2026-01-25 13:04:44,clusterA,4,4,4,0,1.00,0.5,0.5,0.0,0.0,0.0
2026-01-25 13:04:44,clusterB,4,4,4,0,1.00,0.5,0.5,0.0,0.0,0.0
2026-01-25 13:04:49,clusterA,4,4,4,0,1.00,0.5,0.5,0.0,0.0,0.0
2026-01-25 13:04:49,clusterB,4,4,4,0,1.00,0.5,0.5,0.0,0.0,0.0
2026-01-25 13:04:54,clusterA,4,4,4,0,1.00,0.5,0.5,0.0,0.0,0.0
2026-01-25 13:04:54,clusterB,4,4,4,0,1.00,0.5,0.5,0.0,0.0,0.0
2026-01-25 13:05:00,clusterA,4,4,4,0,1.00,0.5,0.5,0.0,0.0,0.0
2026-01-25 13:05:00,clusterB,4,4,4,0,1.00,0.5,0.5,0.0,0.0,0.0
2026-01-25 13:05:05,clusterA,4,4,4,0,1.00,0.5,0.5,0.0,0.0,0.0
2026-01-25 13:05:05,clusterB,4,4,4,0,1.00,0.5,0.5,0.0,0.0,0.0
2026-01-25 13:05:10,clusterA,4,4,4,0,1.00,0.5,0.5,0.0,0.0,0.0
2026-01-25 13:05:10,clusterB,4,4,4,0,1.00,0.5,0.5,0.0,0.0,0.0
2026-01-25 13:05:15,clusterA,4,4,4,0,1.00,0.5,0.5,0.0,0.0,0.0
2026-01-25 13:05:15,clusterB,4,4,4,0,1.00,0.5,0.5,0.0,0.0,0.0
2026-01-25 13:05:20,clusterA,4,4,4,0,1.00,0.5,0.5,0.0,0.0,0.0
2026-01-25 13:05:20,clusterB,4,4,4,0,1.00,0.5,0.5,0.0,0.0,0.0
2026-01-25 13:05:26,clusterA,4,4,4,0,1.00,0.5,0.5,0.0,0.0,0.0
2026-01-25 13:05:26,clusterB,4,4,4,0,1.00,0.5,0.5,0.0,0.0,0.0
2026-01-25 13:05:31,clusterA,5,4,4,0,1.00,0.5,0.5,0.0,0.0,0.0
2026-01-25 13:05:31,clusterB,5,4,4,0,1.00,0.5,0.5,0.0,0.0,0.0
2026-01-25 13:05:36,clusterA,5,4,4,0,1.00,0.5,0.5,0.0,0.0,0.0
2026-01-25 13:05:36,clusterB,5,4,4,0,1.00,0.5,0.5,0.0,0.0,0.0
2026-01-25 13:05:41,clusterA,5,4,4,0,1.00,0.5,0.5,0.0,0.0,0.0
2026-01-25 13:05:41,clusterB,5,4,4,0,1.00,0.5,0.5,0.0,0.0,0.0
2026-01-25 13:05:46,clusterA,5,4,4,0,1.00,0.5,0.5,0.0,0.0,0.0
2026-01-25 13:05:46,clusterB,5,4,4,0,1.00,0.5,0.5,0.0,0.0,0.0
2026-01-25 13:05:51,clusterA,5,4,4,0,1.00,0.5,0.5,0.0,0.0,0.0
2026-01-25 13:05:51,clusterB,5,4,4,0,1.00,0.5,0.5,0.0,0.0,0.0
2026-01-25 13:05:57,clusterA,5,4,4,0,1.00,0.5,0.5,0.0,0.0,0.0
2026-01-25 13:05:57,clusterB,5,4,4,0,1.00,0.5,0.5,0.0,0.0,0.0
2026-01-25 13:06:02,clusterA,5,4,4,0,1.00,0.5,0.5,0.0,0.0,0.0
2026-01-25 13:06:02,clusterB,5,4,4,0,1.00,0.5,0.5,0.0,0.0,0.0
2026-01-25 13:06:07,clusterA,5,4,4,0,1.00,0.5,0.5,0.0,0.0,0.0
2026-01-25 13:06:07,clusterB,5,4,4,0,1.00,0.5,0.5,0.0,0.0,0.0
2026-01-25 13:06:12,clusterA,5,4,4,0,1.00,0.5,0.5,0.0,0.0,0.0
2026-01-25 13:06:12,clusterB,5,4,4,0,1.00,0.5,0.5,0.0,0.0,0.0
2026-01-25 13:06:17,clusterA,5,4,4,0,1.00,0.5,0.5,0.0,0.0,0.0
2026-01-25 13:06:17,clusterB,5,4,4,0,1.00,0.5,0.5,0.0,0.0,0.0
2026-01-25 13:06:23,clusterA,5,4,4,0,1.00,0.5,0.5,0.0,0.0,0.0
2026-01-25 13:06:23,clusterB,5,4,4,0,1.00,0.5,0.5,0.0,0.0,0.0
2026-01-25 13:06:28,clusterA,5,4,4,0,1.00,0.5,0.5,0.0,0.0,0.0
2026-01-25 13:06:28,clusterB,5,4,4,0,1.00,0.5,0.5,0.0,0.0,0.0
2026-01-25 13:06:33,clusterA,5,4,4,0,1.00,0.5,0.5,0.0,0.0,0.0
2026-01-25 13:06:33,clusterB,5,4,4,0,1.00,0.5,0.5,0.0,0.0,0.0
2026-01-25 13:06:38,clusterA,5,4,4,0,1.00,0.5,0.5,0.0,0.0,0.0
2026-01-25 13:06:38,clusterB,5,4,4,0,1.00,0.5,0.5,0.0,0.0,0.0
2026-01-25 13:06:43,clusterA,5,4,4,0,1.00,0.5,0.5,0.0,0.0,0.0
2026-01-25 13:06:43,clusterB,5,4,4,0,1.00,0.5,0.5,0.0,0.0,0.0
2026-01-25 13:06:49,clusterA,5,4,4,0,1.00,0.5,0.5,0.0,0.0,0.0
2026-01-25 13:06:49,clusterB,5,4,4,0,1.00,0.5,0.5,0.0,0.0,0.0
2026-01-25 13:06:54,clusterA,5,4,4,0,1.00,0.5,0.5,0.0,0.0,0.0
2026-01-25 13:06:54,clusterB,5,4,4,0,1.00,0.5,0.5,0.0,0.0,0.0
2026-01-25 13:06:59,clusterA,5,4,4,0,1.00,0.5,0.5,0.0,0.0,0.0
2026-01-25 13:06:59,clusterB,5,4,4,0,1.00,0.5,0.5,0.0,0.0,0.0
2026-01-25 13:07:04,clusterA,5,4,4,0,1.00,0.5,0.5,0.0,0.0,0.0
2026-01-25 13:07:04,clusterB,5,4,4,0,1.00,0.5,0.5,0.0,0.0,0.0
2026-01-25 13:07:09,clusterA,5,4,4,0,1.00,0.5,0.5,0.0,0.0,0.0
2026-01-25 13:07:09,clusterB,5,4,4,0,1.00,0.5,0.5,0.0,0.0,0.0
2026-01-25 13:07:15,clusterA,5,4,4,0,1.00,0.5,0.5,0.0,0.0,0.0
2026-01-25 13:07:15,clusterB,5,4,4,0,1.00,0.5,0.5,0.0,0.0,0.0
2026-01-25 13:07:20,clusterA,5,4,4,0,1.00,0.5,0.5,0.0,0.0,0.0
2026-01-25 13:07:20,clusterB,5,4,4,0,1.00,0.5,0.5,0.0,0.0,0.0
2026-01-25 13:07:25,clusterA,5,4,4,0,1.00,0.5,0.5,0.0,0.0,0.0
2026-01-25 13:07:25,clusterB,5,4,4,0,1.00,0.5,0.5,0.0,0.0,0.0
2026-01-25 13:07:30,clusterA,5,4,4,0,1.00,0.5,0.5,0.0,0.0,0.0
2026-01-25 13:07:30,clusterB,5,4,4,0,1.00,0.5,0.5,0.0,0.0,0.0
2026-01-25 13:07:35,clusterA,5,4,4,0,1.00,0.5,0.5,0.0,0.0,0.0
2026-01-25 13:07:35,clusterB,5,4,4,0,1.00,0.5,0.5,0.0,0.0,0.0
2026-01-25 13:07:41,clusterA,5,4,4,0,1.00,0.5,0.5,0.0,0.0,0.0
2026-01-25 13:07:41,clusterB,5,4,4,0,1.00,0.5,0.5,0.0,0.0,0.0
2026-01-25 13:07:46,clusterA,5,4,4,0,1.00,0.5,0.5,0.0,0.0,0.0
2026-01-25 13:07:46,clusterB,5,4,4,0,1.00,0.5,0.5,0.0,0.0,0.0
2026-01-25 13:07:51,clusterA,5,4,4,0,1.00,0.5,0.5,0.0,0.0,0.0
2026-01-25 13:07:51,clusterB,5,4,4,0,1.00,0.5,0.5,0.0,0.0,0.0
2026-01-25 13:07:56,clusterA,5,4,4,0,1.00,0.5,0.5,0.0,0.0,0.0
2026-01-25 13:07:56,clusterB,5,4,4,0,1.00,0.5,0.5,0.0,0.0,0.0
2026-01-25 13:08:01,clusterA,5,4,4,0,1.00,0.5,0.5,0.0,0.0,0.0
2026-01-25 13:08:01,clusterB,5,4,4,0,1.00,0.5,0.5,0.0,0.0,0.0
2026-01-25 13:08:07,clusterA,5,4,4,0,1.00,0.5,0.5,0.0,0.0,0.0
2026-01-25 13:08:07,clusterB,5,4,4,0,1.00,0.5,0.5,0.0,0.0,0.0
2026-01-25 13:08:12,clusterA,5,4,4,0,1.00,0.5,0.5,0.0,0.0,0.0
2026-01-25 13:08:12,clusterB,5,4,4,0,1.00,0.5,0.5,0.0,0.0,0.0
2026-01-25 13:08:17,clusterA,5,4,4,0,1.00,0.5,0.5,0.0,0.0,0.0
2026-01-25 13:08:17,clusterB,5,4,4,0,1.00,0.5,0.5,0.0,0.0,0.0
2026-01-25 13:08:22,clusterA,5,4,4,0,1.00,0.5,0.5,0.0,0.0,0.0
2026-01-25 13:08:22,clusterB,5,4,4,0,1.00,0.5,0.5,0.0,0.0,0.0
2026-01-25 13:08:27,clusterA,6,4,4,0,1.00,0.5,0.5,0.0,0.0,0.0
2026-01-25 13:08:27,clusterB,6,4,4,0,1.00,0.5,0.5,0.0,0.0,0.0
2026-01-25 13:08:33,clusterA,6,4,4,0,1.00,0.5,0.5,0.0,0.0,0.0
2026-01-25 13:08:33,clusterB,6,4,4,0,1.00,0.5,0.5,0.0,0.0,0.0
2026-01-25 13:08:38,clusterA,6,4,4,0,1.00,0.5,0.5,0.0,0.0,0.0
2026-01-25 13:08:38,clusterB,6,4,4,0,1.00,0.5,0.5,0.0,0.0,0.0
2026-01-25 13:08:43,clusterA,6,4,4,0,1.00,0.5,0.5,0.0,0.0,0.0
2026-01-25 13:08:43,clusterB,6,4,4,0,1.00,0.5,0.5,0.0,0.0,0.0
2026-01-25 13:08:48,clusterA,7,4,4,0,1.00,0.5,0.5,0.0,0.0,0.0
2026-01-25 13:08:48,clusterB,7,4,4,0,1.00,0.5,0.5,0.0,0.0,0.0
2026-01-25 13:08:53,clusterA,7,4,4,0,1.00,0.5,0.5,0.0,0.0,0.0
2026-01-25 13:08:53,clusterB,7,4,4,0,1.00,0.5,0.5,0.0,0.0,0.0
2026-01-25 13:08:59,clusterA,7,4,4,0,1.00,0.5,0.5,0.0,0.0,0.0
2026-01-25 13:08:59,clusterB,7,4,4,0,1.00,0.5,0.5,0.0,0.0,0.0
2026-01-25 13:09:04,clusterA,7,4,4,0,1.00,0.5,0.5,0.0,0.0,0.0
2026-01-25 13:09:04,clusterB,7,4,4,0,1.00,0.5,0.5,0.0,0.0,0.0
2026-01-25 13:09:09,clusterA,7,4,4,0,1.00,0.5,0.5,0.0,0.0,0.0
2026-01-25 13:09:09,clusterB,7,4,4,0,1.00,0.5,0.5,0.0,0.0,0.0
2026-01-25 13:09:14,clusterA,7,4,4,0,1.00,0.5,0.5,0.0,0.0,0.0
2026-01-25 13:09:14,clusterB,7,4,4,0,1.00,0.5,0.5,0.0,0.0,0.0
2026-01-25 13:09:19,clusterA,7,4,4,0,1.00,0.5,0.5,0.0,0.0,0.0
2026-01-25 13:09:19,clusterB,7,4,4,0,1.00,0.5,0.5,0.0,0.0,0.0
2026-01-25 13:09:25,clusterA,7,4,4,0,1.00,0.5,0.5,0.0,0.0,0.0
2026-01-25 13:09:25,clusterB,7,4,4,0,1.00,0.5,0.5,0.0,0.0,0.0
2026-01-25 13:09:30,clusterA,7,4,4,0,1.00,0.5,0.5,0.0,0.0,0.0
2026-01-25 13:09:30,clusterB,7,4,4,0,1.00,0.5,0.5,0.0,0.0,0.0
2026-01-25 13:09:35,clusterA,7,4,4,0,1.00,0.5,0.5,0.0,0.0,0.0
2026-01-25 13:09:35,clusterB,7,4,4,0,1.00,0.5,0.5,0.0,0.0,0.0
2026-01-25 13:09:40,clusterA,7,4,4,0,1.00,0.5,0.5,0.0,0.0,0.0
2026-01-25 13:09:40,clusterB,7,4,4,0,1.00,0.5,0.5,0.0,0.0,0.0
2026-01-25 13:09:45,clusterA,7,4,4,0,1.00,0.5,0.5,0.0,0.0,0.0
2026-01-25 13:09:45,clusterB,7,4,4,0,1.00,0.5,0.5,0.0,0.0,0.0
2026-01-25 13:09:51,clusterA,7,4,4,0,1.00,0.5,0.5,0.0,0.0,0.0
2026-01-25 13:09:51,clusterB,7,4,4,0,1.00,0.5,0.5,0.0,0.0,0.0
2026-01-25 13:09:56,clusterA,7,4,4,0,1.00,0.5,0.5,0.0,0.0,0.0
2026-01-25 13:09:56,clusterB,7,4,4,0,1.00,0.5,0.5,0.0,0.0,0.0
2026-01-25 13:10:01,clusterA,7,4,4,0,1.00,0.5,0.5,0.0,0.0,0.0
2026-01-25 13:10:01,clusterB,7,4,4,0,1.00,0.5,0.5,0.0,0.0,0.0
2026-01-25 13:10:06,clusterA,7,4,4,0,1.00,0.5,0.5,0.0,0.0,0.0
2026-01-25 13:10:06,clusterB,7,4,4,0,1.00,0.5,0.5,0.0,0.0,0.0
2026-01-25 13:10:11,clusterA,7,4,4,0,1.00,0.5,0.5,0.0,0.0,0.0
2026-01-25 13:10:11,clusterB,7,4,4,0,1.00,0.5,0.5,0.0,0.0,0.0
2026-01-25 13:10:16,clusterA,7,4,4,0,1.00,0.5,0.5,0.0,0.0,0.0
2026-01-25 13:10:16,clusterB,7,4,4,0,1.00,0.5,0.5,0.0,0.0,0.0
2026-01-25 13:10:22,clusterA,7,4,4,0,1.00,0.5,0.5,0.0,0.0,0.0
2026-01-25 13:10:22,clusterB,7,4,4,0,1.00,0.5,0.5,0.0,0.0,0.0
2026-01-25 13:10:27,clusterA,7,4,4,0,1.00,0.5,0.5,0.0,0.0,0.0
2026-01-25 13:10:27,clusterB,7,4,4,0,1.00,0.5,0.5,0.0,0.0,0.0
2026-01-25 13:10:32,clusterA,7,4,4,0,1.00,0.5,0.5,0.0,0.0,0.0
2026-01-25 13:10:32,clusterB,7,4,4,0,1.00,0.5,0.5,0.0,0.0,0.0
2026-01-25 13:10:37,clusterA,7,4,4,0,1.00,0.5,0.5,0.0,0.0,0.0
2026-01-25 13:10:37,clusterB,7,4,4,0,1.00,0.5,0.5,0.0,0.0,0.0
2026-01-25 13:10:42,clusterA,7,4,4,0,1.00,0.5,0.5,0.0,0.0,0.0
2026-01-25 13:10:42,clusterB,7,4,4,0,1.00,0.5,0.5,0.0,0.0,0.0
2026-01-25 13:10:48,clusterA,7,4,4,0,1.00,0.5,0.5,0.0,0.0,0.0
2026-01-25 13:10:48,clusterB,7,4,4,0,1.00,0.5,0.5,0.0,0.0,0.0
2026-01-25 13:10:53,clusterA,7,4,4,0,1.00,0.5,0.5,0.0,0.0,0.0
2026-01-25 13:10:53,clusterB,7,4,4,0,1.00,0.5,0.5,0.0,0.0,0.0
2026-01-25 13:10:58,clusterA,7,4,4,0,1.00,0.5,0.5,0.0,0.0,0.0
2026-01-25 13:10:58,clusterB,7,4,4,0,1.00,0.5,0.5,0.0,0.0,0.0
2026-01-25 13:11:03,clusterA,7,4,4,0,1.00,0.5,0.5,0.0,0.0,0.0
2026-01-25 13:11:03,clusterB,7,4,4,0,1.00,0.5,0.5,0.0,0.0,0.0
2026-01-25 13:11:08,clusterA,7,4,4,0,1.00,0.5,0.5,0.0,0.0,0.0
2026-01-25 13:11:08,clusterB,7,4,4,0,1.00,0.5,0.5,0.0,0.0,0.0
2026-01-25 13:11:14,clusterA,7,4,4,0,1.00,0.5,0.5,0.0,0.0,0.0
2026-01-25 13:11:14,clusterB,7,4,4,0,1.00,0.5,0.5,0.0,0.0,0.0
2026-01-25 13:11:19,clusterA,7,4,4,0,1.00,0.5,0.5,0.0,0.0,0.0
2026-01-25 13:11:19,clusterB,7,4,4,0,1.00,0.5,0.5,0.0,0.0,0.0
2026-01-25 13:11:24,clusterA,7,4,4,0,1.00,0.5,0.5,0.0,0.0,0.0
2026-01-25 13:11:24,clusterB,7,4,4,0,1.00,0.5,0.5,0.0,0.0,0.0
2026-01-25 13:11:29,clusterA,7,4,4,0,1.00,0.5,0.5,0.0,0.0,0.0
2026-01-25 13:11:29,clusterB,7,4,4,0,1.00,0.5,0.5,0.0,0.0,0.0
2026-01-25 13:11:34,clusterA,7,4,4,0,1.00,0.5,0.5,0.0,0.0,0.0
2026-01-25 13:11:34,clusterB,7,4,4,0,1.00,0.5,0.5,0.0,0.0,0.0
2026-01-25 13:11:40,clusterA,8,4,4,0,1.00,0.5,0.5,0.0,0.0,0.0
2026-01-25 13:11:40,clusterB,8,4,4,0,1.00,0.5,0.5,0.0,0.0,0.0
2026-01-25 13:11:45,clusterA,8,4,4,0,1.00,0.5,0.5,0.0,0.0,0.0
2026-01-25 13:11:45,clusterB,8,4,4,0,1.00,0.5,0.5,0.0,0.0,0.0
2026-01-25 13:11:50,clusterA,8,4,4,0,1.00,0.5,0.5,0.0,0.0,0.0
2026-01-25 13:11:50,clusterB,8,4,4,0,1.00,0.5,0.5,0.0,0.0,0.0
2026-01-25 13:11:55,clusterA,8,4,4,0,1.00,0.5,0.5,0.0,0.0,0.0
2026-01-25 13:11:55,clusterB,8,4,4,0,1.00,0.5,0.5,0.0,0.0,0.0
2026-01-25 13:12:00,clusterA,8,4,4,0,1.00,0.5,0.5,0.0,0.0,0.0
2026-01-25 13:12:00,clusterB,8,4,4,0,1.00,0.5,0.5,0.0,0.0,0.0
2026-01-25 13:12:06,clusterA,8,4,4,0,1.00,0.5,0.5,0.0,0.0,0.0
2026-01-25 13:12:06,clusterB,8,4,4,0,1.00,0.5,0.5,0.0,0.0,0.0
2026-01-25 13:12:11,clusterA,8,4,4,0,1.00,0.5,0.5,0.0,0.0,0.0
2026-01-25 13:12:11,clusterB,8,4,4,0,1.00,0.5,0.5,0.0,0.0,0.0
2026-01-25 13:12:16,clusterA,8,4,4,0,1.00,0.5,0.5,0.0,0.0,0.0
2026-01-25 13:12:16,clusterB,8,4,4,0,1.00,0.5,0.5,0.0,0.0,0.0
2026-01-25 13:12:21,clusterA,8,4,4,0,1.00,0.5,0.5,0.0,0.0,0.0
2026-01-25 13:12:21,clusterB,8,4,4,0,1.00,0.5,0.5,0.0,0.0,0.0
2026-01-25 13:12:26,clusterA,8,4,4,0,1.00,0.5,0.5,0.0,0.0,0.0
2026-01-25 13:12:26,clusterB,8,4,4,0,1.00,0.5,0.5,0.0,0.0,0.0
2026-01-25 13:12:32,clusterA,8,4,4,0,1.00,0.5,0.5,0.0,0.0,0.0
2026-01-25 13:12:32,clusterB,8,4,4,0,1.00,0.5,0.5,0.0,0.0,0.0
2026-01-25 13:12:37,clusterA,8,4,4,0,1.00,0.5,0.5,0.0,0.0,0.0
2026-01-25 13:12:37,clusterB,8,4,4,0,1.00,0.5,0.5,0.0,0.0,0.0
2026-01-25 13:12:42,clusterA,8,4,4,0,1.00,0.5,0.5,0.0,0.0,0.0
2026-01-25 13:12:42,clusterB,8,4,4,0,1.00,0.5,0.5,0.0,0.0,0.0
2026-01-25 13:12:47,clusterA,8,4,4,0,1.00,0.5,0.5,0.0,0.0,0.0
2026-01-25 13:12:47,clusterB,8,4,4,0,1.00,0.5,0.5,0.0,0.0,0.0
2026-01-25 13:12:52,clusterA,8,4,4,0,1.00,0.5,0.5,0.0,0.0,0.0
2026-01-25 13:12:52,clusterB,8,4,4,0,1.00,0.5,0.5,0.0,0.0,0.0
2026-01-25 13:12:58,clusterA,8,4,4,0,1.00,0.5,0.5,0.0,0.0,0.0
2026-01-25 13:12:58,clusterB,8,4,4,0,1.00,0.5,0.5,0.0,0.0,0.0
2026-01-25 13:13:03,clusterA,8,4,4,0,1.00,0.5,0.5,0.0,0.0,0.0
2026-01-25 13:13:03,clusterB,8,4,4,0,1.00,0.5,0.5,0.0,0.0,0.0
2026-01-25 13:13:08,clusterA,8,4,4,0,1.00,0.5,0.5,0.0,0.0,0.0
2026-01-25 13:13:08,clusterB,8,4,4,0,1.00,0.5,0.5,0.0,0.0,0.0
2026-01-25 13:13:13,clusterA,8,4,4,0,1.00,0.5,0.5,0.0,0.0,0.0
2026-01-25 13:13:13,clusterB,8,4,4,0,1.00,0.5,0.5,0.0,0.0,0.0
2026-01-25 13:13:18,clusterA,8,4,4,0,1.00,0.5,0.5,0.0,0.0,0.0
2026-01-25 13:13:18,clusterB,8,4,4,0,1.00,0.5,0.5,0.0,0.0,0.0
2026-01-25 13:13:23,clusterA,8,4,4,0,1.00,0.5,0.5,0.0,0.0,0.0
2026-01-25 13:13:23,clusterB,8,4,4,0,1.00,0.5,0.5,0.0,0.0,0.0
2026-01-25 13:13:29,clusterA,8,4,4,0,1.00,0.5,0.5,0.0,0.0,0.0
2026-01-25 13:13:29,clusterB,8,4,4,0,1.00,0.5,0.5,0.0,0.0,0.0
2026-01-25 13:13:34,clusterA,8,4,4,0,1.00,0.5,0.5,0.0,0.0,0.0
2026-01-25 13:13:34,clusterB,8,4,4,0,1.00,0.5,0.5,0.0,0.0,0.0
2026-01-25 13:13:39,clusterA,8,4,4,0,1.00,0.5,0.5,0.0,0.0,0.0
2026-01-25 13:13:39,clusterB,8,4,4,0,1.00,0.5,0.5,0.0,0.0,0.0
2026-01-25 13:13:44,clusterA,8,4,4,0,1.00,0.5,0.5,0.0,0.0,0.0
2026-01-25 13:13:44,clusterB,8,4,4,0,1.00,0.5,0.5,0.0,0.0,0.0
2026-01-25 13:13:49,clusterA,8,4,4,0,1.00,0.5,0.5,0.0,0.0,0.0
2026-01-25 13:13:49,clusterB,8,4,4,0,1.00,0.5,0.5,0.0,0.0,0.0
2026-01-25 13:13:55,clusterA,8,4,4,0,1.00,0.5,0.5,0.0,0.0,0.0
2026-01-25 13:13:55,clusterB,8,4,4,0,1.00,0.5,0.5,0.0,0.0,0.0
2026-01-25 13:14:00,clusterA,8,4,4,0,1.00,0.5,0.5,0.0,0.0,0.0
2026-01-25 13:14:00,clusterB,8,4,4,0,1.00,0.5,0.5,0.0,0.0,0.0
2026-01-25 13:14:05,clusterA,9,4,4,0,1.00,0.5,0.5,0.0,0.0,0.0
2026-01-25 13:14:05,clusterB,9,4,4,0,1.00,0.5,0.5,0.0,0.0,0.0
2026-01-25 13:14:10,clusterA,9,4,4,0,1.00,0.5,0.5,0.0,0.0,0.0
2026-01-25 13:14:10,clusterB,9,4,4,0,1.00,0.5,0.5,0.0,0.0,0.0
2026-01-25 13:14:15,clusterA,9,4,4,0,1.00,0.5,0.5,0.0,0.0,0.0
2026-01-25 13:14:15,clusterB,9,4,4,0,1.00,0.5,0.5,0.0,0.0,0.0
2026-01-25 13:14:20,clusterA,9,4,4,0,1.00,0.5,0.5,0.0,0.0,0.0
2026-01-25 13:14:20,clusterB,9,4,4,0,1.00,0.5,0.5,0.0,0.0,0.0
2026-01-25 13:14:26,clusterA,9,4,4,0,1.00,0.5,0.5,0.0,0.0,0.0
2026-01-25 13:14:26,clusterB,9,4,4,0,1.00,0.5,0.5,0.0,0.0,0.0
2026-01-25 13:14:31,clusterA,9,4,4,0,1.00,0.5,0.5,0.0,0.0,0.0
2026-01-25 13:14:31,clusterB,9,4,4,0,1.00,0.5,0.5,0.0,0.0,0.0
2026-01-25 13:14:36,clusterA,9,4,4,0,1.00,0.5,0.5,0.0,0.0,0.0
2026-01-25 13:14:36,clusterB,9,4,4,0,1.00,0.5,0.5,0.0,0.0,0.0
2026-01-25 13:14:41,clusterA,9,4,4,0,1.00,0.5,0.5,0.0,0.0,0.0
2026-01-25 13:14:41,clusterB,9,4,4,0,1.00,0.5,0.5,0.0,0.0,0.0
2026-01-25 13:14:47,clusterA,9,4,4,0,1.00,0.5,0.5,0.0,0.0,0.0
2026-01-25 13:14:47,clusterB,9,4,4,0,1.00,0.5,0.5,0.0,0.0,0.0
2026-01-25 13:14:52,clusterA,9,4,4,0,1.00,0.5,0.5,0.0,0.0,0.0
2026-01-25 13:14:52,clusterB,9,4,4,0,1.00,0.5,0.5,0.0,0.0,0.0
2026-01-25 13:14:57,clusterA,9,4,4,0,1.00,0.5,0.5,0.0,0.0,0.0
2026-01-25 13:14:57,clusterB,9,4,4,0,1.00,0.5,0.5,0.0,0.0,0.0
2026-01-25 13:15:02,clusterA,9,4,4,0,1.00,0.5,0.5,0.0,0.0,0.0
2026-01-25 13:15:02,clusterB,9,4,4,0,1.00,0.5,0.5,0.0,0.0,0.0
2026-01-25 13:15:07,clusterA,9,4,4,0,1.00,0.5,0.5,0.0,0.0,0.0
2026-01-25 13:15:07,clusterB,9,4,4,0,1.00,0.5,0.5,0.0,0.0,0.0
2026-01-25 13:15:13,clusterA,9,4,4,0,1.00,0.5,0.5,0.0,0.0,0.0
2026-01-25 13:15:13,clusterB,9,4,4,0,1.00,0.5,0.5,0.0,0.0,0.0
2026-01-25 13:15:18,clusterA,9,4,4,0,1.00,0.5,0.5,0.0,0.0,0.0
2026-01-25 13:15:18,clusterB,9,4,4,0,1.00,0.5,0.5,0.0,0.0,0.0
2026-01-25 13:15:23,clusterA,9,4,4,0,1.00,0.5,0.5,0.0,0.0,0.0
2026-01-25 13:15:23,clusterB,9,4,4,0,1.00,0.5,0.5,0.0,0.0,0.0
2026-01-25 13:15:28,clusterA,9,4,4,0,1.00,0.5,0.5,0.0,0.0,0.0
2026-01-25 13:15:28,clusterB,9,4,4,0,1.00,0.5,0.5,0.0,0.0,0.0
2026-01-25 13:15:33,clusterA,9,4,4,0,1.00,0.5,0.5,0.0,0.0,0.0
2026-01-25 13:15:33,clusterB,9,4,4,0,1.00,0.5,0.5,0.0,0.0,0.0
2026-01-25 13:15:38,clusterA,9,4,4,0,1.00,0.5,0.5,0.0,0.0,0.0
2026-01-25 13:15:38,clusterB,9,4,4,0,1.00,0.5,0.5,0.0,0.0,0.0
2026-01-25 13:15:44,clusterA,9,4,4,0,1.00,0.5,0.5,0.0,0.0,0.0
2026-01-25 13:15:44,clusterB,9,4,4,0,1.00,0.5,0.5,0.0,0.0,0.0
2026-01-25 13:15:49,clusterA,9,4,4,0,1.00,0.5,0.5,0.0,0.0,0.0
2026-01-25 13:15:49,clusterB,9,4,4,0,1.00,0.5,0.5,0.0,0.0,0.0
2026-01-25 13:15:54,clusterA,9,4,4,0,1.00,0.5,0.5,0.0,0.0,0.0
2026-01-25 13:15:54,clusterB,9,4,4,0,1.00,0.5,0.5,0.0,0.0,0.0
2026-01-25 13:15:59,clusterA,9,4,4,0,1.00,0.5,0.5,0.0,0.0,0.0
2026-01-25 13:15:59,clusterB,9,4,4,0,1.00,0.5,0.5,0.0,0.0,0.0
2026-01-25 13:16:04,clusterA,9,4,4,0,1.00,0.5,0.5,0.0,0.0,0.0
2026-01-25 13:16:04,clusterB,9,4,4,0,1.00,0.5,0.5,0.0,0.0,0.0
2026-01-25 13:16:10,clusterA,9,4,4,0,1.00,0.5,0.5,0.0,0.0,0.0
2026-01-25 13:16:10,clusterB,9,4,4,0,1.00,0.5,0.5,0.0,0.0,0.0
2026-01-25 13:16:15,clusterA,9,4,4,0,1.00,0.5,0.5,0.0,0.0,0.0
2026-01-25 13:16:15,clusterB,9,4,4,0,1.00,0.5,0.5,0.0,0.0,0.0
2026-01-25 13:16:20,clusterA,9,4,4,0,1.00,0.5,0.5,0.0,0.0,0.0
2026-01-25 13:16:20,clusterB,9,4,4,0,1.00,0.5,0.5,0.0,0.0,0.0
2026-01-25 13:16:25,clusterA,9,4,4,0,1.00,0.5,0.5,0.0,0.0,0.0
2026-01-25 13:16:25,clusterB,9,4,4,0,1.00,0.5,0.5,0.0,0.0,0.0
2026-01-25 13:16:30,clusterA,9,4,4,0,1.00,0.5,0.5,0.0,0.0,0.0
2026-01-25 13:16:30,clusterB,9,4,4,0,1.00,0.5,0.5,0.0,0.0,0.0
2026-01-25 13:16:36,clusterA,9,4,4,0,1.00,0.5,0.5,0.0,0.0,0.0
2026-01-25 13:16:36,clusterB,9,4,4,0,1.00,0.5,0.5,0.0,0.0,0.0
2026-01-25 13:16:41,clusterA,9,4,4,0,1.00,0.5,0.5,0.0,0.0,0.0
2026-01-25 13:16:41,clusterB,9,4,4,0,1.00,0.5,0.5,0.0,0.0,0.0
2026-01-25 13:16:46,clusterA,9,4,4,0,1.00,0.5,0.5,0.0,0.0,0.0
2026-01-25 13:16:46,clusterB,9,4,4,0,1.00,0.5,0.5,0.0,0.0,0.0
2026-01-25 13:16:51,clusterA,9,4,4,0,1.00,0.5,0.5,0.0,0.0,0.0
2026-01-25 13:16:51,clusterB,9,4,4,0,1.00,0.5,0.5,0.0,0.0,0.0
2026-01-25 13:16:56,clusterA,9,4,4,0,1.00,0.5,0.5,0.0,0.0,0.0
2026-01-25 13:16:56,clusterB,9,4,4,0,1.00,0.5,0.5,0.0,0.0,0.0
2026-01-25 13:17:02,clusterA,9,4,4,0,1.00,0.5,0.5,0.0,0.0,0.0
2026-01-25 13:17:02,clusterB,9,4,4,0,1.00,0.5,0.5,0.0,0.0,0.0
2026-01-25 13:17:07,clusterA,9,4,4,0,1.00,0.5,0.5,0.0,0.0,0.0
2026-01-25 13:17:07,clusterB,9,4,4,0,1.00,0.5,0.5,0.0,0.0,0.0
2026-01-25 13:17:12,clusterA,9,4,4,0,1.00,0.5,0.5,0.0,0.0,0.0
2026-01-25 13:17:12,clusterB,9,4,4,0,1.00,0.5,0.5,0.0,0.0,0.0
2026-01-25 13:17:17,clusterA,9,4,4,0,1.00,0.5,0.5,0.0,0.0,0.0
2026-01-25 13:17:17,clusterB,9,4,4,0,1.00,0.5,0.5,0.0,0.0,0.0
2026-01-25 13:17:22,clusterA,9,4,4,0,1.00,0.5,0.5,0.0,0.0,0.0
2026-01-25 13:17:22,clusterB,9,4,4,0,1.00,0.5,0.5,0.0,0.0,0.0
2026-01-25 13:17:28,clusterA,9,4,4,0,1.00,0.5,0.5,0.0,0.0,0.0
2026-01-25 13:17:28,clusterB,9,4,4,0,1.00,0.5,0.5,0.0,0.0,0.0
2026-01-25 13:17:33,clusterA,9,4,4,0,1.00,0.5,0.5,0.0,0.0,0.0
2026-01-25 13:17:33,clusterB,9,4,4,0,1.00,0.5,0.5,0.0,0.0,0.0
2026-01-25 13:17:38,clusterA,9,4,4,0,1.00,0.5,0.5,0.0,0.0,0.0
2026-01-25 13:17:38,clusterB,9,4,4,0,1.00,0.5,0.5,0.0,0.0,0.0
2026-01-25 13:17:43,clusterA,9,4,4,0,1.00,0.5,0.5,0.0,0.0,0.0
2026-01-25 13:17:43,clusterB,9,4,4,0,1.00,0.5,0.5,0.0,0.0,0.0
2026-01-25 13:17:48,clusterA,9,4,4,0,1.00,0.5,0.5,0.0,0.0,0.0
2026-01-25 13:17:48,clusterB,9,4,4,0,1.00,0.5,0.5,0.0,0.0,0.0
2026-01-25 13:17:54,clusterA,9,4,4,0,1.00,0.5,0.5,0.0,0.0,0.0
2026-01-25 13:17:54,clusterB,9,4,4,0,1.00,0.5,0.5,0.0,0.0,0.0
2026-01-25 13:17:59,clusterA,9,4,4,0,1.00,0.5,0.5,0.0,0.0,0.0
2026-01-25 13:17:59,clusterB,9,4,4,0,1.00,0.5,0.5,0.0,0.0,0.0
2026-01-25 13:18:04,clusterA,9,4,4,0,1.00,0.5,0.5,0.0,0.0,0.0
2026-01-25 13:18:04,clusterB,9,4,4,0,1.00,0.5,0.5,0.0,0.0,0.0
2026-01-25 13:18:09,clusterA,9,4,4,0,1.00,0.5,0.5,0.0,0.0,0.0
2026-01-25 13:18:09,clusterB,9,4,4,0,1.00,0.5,0.5,0.0,0.0,0.0
2026-01-25 13:18:14,clusterA,9,4,4,0,1.00,0.5,0.5,0.0,0.0,0.0
2026-01-25 13:18:14,clusterB,9,4,4,0,1.00,0.5,0.5,0.0,0.0,0.0
2026-01-25 13:18:20,clusterA,9,4,4,0,1.00,0.5,0.5,0.0,0.0,0.0
2026-01-25 13:18:20,clusterB,9,4,4,0,1.00,0.5,0.5,0.0,0.0,0.0
2026-01-25 13:18:25,clusterA,9,4,4,0,1.00,0.5,0.5,0.0,0.0,0.0
2026-01-25 13:18:25,clusterB,9,4,4,0,1.00,0.5,0.5,0.0,0.0,0.0
2026-01-25 13:18:30,clusterA,9,4,4,0,1.00,0.5,0.5,0.0,0.0,0.0
2026-01-25 13:18:30,clusterB,9,4,4,0,1.00,0.5,0.5,0.0,0.0,0.0
2026-01-25 13:18:35,clusterA,9,4,4,0,1.00,0.5,0.5,0.0,0.0,0.0
2026-01-25 13:18:35,clusterB,9,4,4,0,1.00,0.5,0.5,0.0,0.0,0.0
2026-01-25 13:18:40,clusterA,9,4,4,0,1.00,0.5,0.5,0.0,0.0,0.0
2026-01-25 13:18:40,clusterB,9,4,4,0,1.00,0.5,0.5,0.0,0.0,0.0
2026-01-25 13:18:46,clusterA,9,4,4,0,1.00,0.5,0.5,0.0,0.0,0.0
2026-01-25 13:18:46,clusterB,9,4,4,0,1.00,0.5,0.5,0.0,0.0,0.0
2026-01-25 13:18:51,clusterA,9,4,4,0,1.00,0.5,0.5,0.0,0.0,0.0
2026-01-25 13:18:51,clusterB,9,4,4,0,1.00,0.5,0.5,0.0,0.0,0.0
2026-01-25 13:18:56,clusterA,9,4,4,0,1.00,0.5,0.5,0.0,0.0,0.0
2026-01-25 13:18:56,clusterB,9,4,4,0,1.00,0.5,0.5,0.0,0.0,0.0
2026-01-25 13:19:01,clusterA,9,4,4,0,1.00,0.5,0.5,0.0,0.0,0.0
2026-01-25 13:19:01,clusterB,9,4,4,0,1.00,0.5,0.5,0.0,0.0,0.0
2026-01-25 13:19:06,clusterA,9,4,4,0,1.00,0.5,0.5,0.0,0.0,0.0
2026-01-25 13:19:06,clusterB,9,4,4,0,1.00,0.5,0.5,0.0,0.0,0.0
2026-01-25 13:19:12,clusterA,9,4,4,0,1.00,0.5,0.5,0.0,0.0,0.0
2026-01-25 13:19:12,clusterB,9,4,4,0,1.00,0.5,0.5,0.0,0.0,0.0
2026-01-25 13:19:17,clusterA,9,4,4,0,1.00,0.5,0.5,0.0,0.0,0.0
2026-01-25 13:19:17,clusterB,9,4,4,0,1.00,0.5,0.5,0.0,0.0,0.0
2026-01-25 13:19:22,clusterA,9,4,4,0,1.00,0.5,0.5,0.0,0.0,0.0
2026-01-25 13:19:22,clusterB,9,4,4,0,1.00,0.5,0.5,0.0,0.0,0.0
2026-01-25 13:19:27,clusterA,9,4,4,0,1.00,0.5,0.5,0.0,0.0,0.0
2026-01-25 13:19:27,clusterB,9,4,4,0,1.00,0.5,0.5,0.0,0.0,0.0
2026-01-25 13:19:32,clusterA,9,4,4,0,1.00,0.5,0.5,0.0,0.0,0.0
2026-01-25 13:19:32,clusterB,9,4,4,0,1.00,0.5,0.5,0.0,0.0,0.0
2026-01-25 13:19:37,clusterA,9,4,4,0,1.00,0.5,0.5,0.0,0.0,0.0
2026-01-25 13:19:37,clusterB,9,4,4,0,1.00,0.5,0.5,0.0,0.0,0.0
2026-01-25 13:19:43,clusterA,9,4,4,0,1.00,0.5,0.5,0.0,0.0,0.0
2026-01-25 13:19:43,clusterB,9,4,4,0,1.00,0.5,0.5,0.0,0.0,0.0
2026-01-25 13:19:48,clusterA,9,4,4,0,1.00,0.5,0.5,0.0,0.0,0.0
2026-01-25 13:19:48,clusterB,9,4,0,4,0.00,0.5,0.5,0.0,0.0,0.0
2026-01-25 13:19:53,clusterA,5,4,4,0,1.00,0.5,0.5,0.0,0.0,0.0
2026-01-25 13:19:53,clusterB,5,4,3,1,0.75,0.5,0.5,0.0,0.0,0.0
2026-01-25 13:19:59,clusterA,4,4,4,0,1.00,0.5,0.5,0.0,0.0,0.0
2026-01-25 13:19:59,clusterB,4,4,3,1,0.75,0.5,0.5,0.0,0.0,0.0
2026-01-25 13:20:04,clusterA,4,4,4,0,1.00,0.5,0.5,0.0,0.0,0.0
2026-01-25 13:20:04,clusterB,4,4,3,1,0.75,0.5,0.5,0.0,0.0,0.0
2026-01-25 13:20:10,clusterA,4,4,2,2,0.50,0.5,0.5,0.0,0.0,0.0
2026-01-25 13:20:10,clusterB,4,4,3,1,0.75,0.5,0.5,0.0,0.0,0.0
2026-01-25 13:20:15,clusterA,4,4,2,2,0.50,0.5,0.5,0.0,0.0,0.0
2026-01-25 13:20:15,clusterB,4,4,3,1,0.75,0.5,0.5,0.0,0.0,0.0
2026-01-25 13:20:20,clusterA,5,4,2,2,0.50,0.5,0.5,0.0,0.0,0.0
2026-01-25 13:20:20,clusterB,5,4,3,1,0.75,0.5,0.5,0.0,0.0,0.0
2026-01-25 13:20:25,clusterA,5,4,2,2,0.50,0.5,0.5,0.0,0.0,0.0
2026-01-25 13:20:25,clusterB,5,4,3,1,0.75,0.5,0.5,0.0,0.0,0.0
2026-01-25 13:20:30,clusterA,5,4,2,2,0.50,0.5,0.5,0.0,0.0,0.0
2026-01-25 13:20:30,clusterB,5,4,3,1,0.75,0.5,0.5,0.0,0.0,0.0
2026-01-25 13:20:36,clusterA,5,4,2,2,0.50,0.5,0.5,0.0,0.0,0.0
2026-01-25 13:20:36,clusterB,5,4,3,1,0.75,0.5,0.5,0.0,0.0,0.0
2026-01-25 13:20:41,clusterA,5,4,2,2,0.50,0.5,0.5,0.0,0.0,0.0
2026-01-25 13:20:41,clusterB,5,4,3,1,0.75,0.5,0.5,0.0,0.0,0.0
2026-01-25 13:20:46,clusterA,5,4,2,2,0.50,0.5,0.5,0.0,0.0,0.0
2026-01-25 13:20:46,clusterB,5,4,3,1,0.75,0.5,0.5,0.0,0.0,0.0
2026-01-25 13:20:51,clusterA,5,4,2,2,0.50,0.5,0.5,0.0,0.0,0.0
2026-01-25 13:20:51,clusterB,5,4,3,1,0.75,0.5,0.5,0.0,0.0,0.0
2026-01-25 13:20:57,clusterA,5,4,2,2,0.50,0.5,0.5,0.0,0.0,0.0
2026-01-25 13:20:57,clusterB,5,4,3,1,0.75,0.5,0.5,0.0,0.0,0.0
2026-01-25 13:21:02,clusterA,5,4,2,2,0.50,0.5,0.5,0.0,0.0,0.0
2026-01-25 13:21:02,clusterB,5,4,3,1,0.75,0.5,0.5,0.0,0.0,0.0
2026-01-25 13:21:07,clusterA,5,4,2,2,0.50,0.5,0.5,0.0,0.0,0.0
2026-01-25 13:21:07,clusterB,5,4,3,1,0.75,0.5,0.5,0.0,0.0,0.0
2026-01-25 13:21:12,clusterA,5,4,2,2,0.50,0.5,0.5,0.0,0.0,0.0
2026-01-25 13:21:12,clusterB,5,4,3,1,0.75,0.5,0.5,0.0,0.0,0.0
2026-01-25 13:21:17,clusterA,5,4,2,2,0.50,0.5,0.5,0.0,0.0,0.0
2026-01-25 13:21:17,clusterB,5,4,3,1,0.75,0.5,0.5,0.0,0.0,0.0
2026-01-25 13:21:23,clusterA,5,4,2,2,0.50,0.5,0.5,0.0,0.0,0.0
2026-01-25 13:21:23,clusterB,5,4,3,1,0.75,0.5,0.5,0.0,0.0,0.0
2026-01-25 13:21:28,clusterA,5,4,2,2,0.50,0.5,0.5,0.0,0.0,0.0
2026-01-25 13:21:28,clusterB,5,4,3,1,0.75,0.5,0.5,0.0,0.0,0.0
2026-01-25 13:21:33,clusterA,5,4,2,2,0.50,0.5,0.5,0.0,0.0,0.0
2026-01-25 13:21:33,clusterB,5,4,3,1,0.75,0.5,0.5,0.0,0.0,0.0
2026-01-25 13:21:38,clusterA,5,4,2,2,0.50,0.5,0.5,0.0,0.0,0.0
2026-01-25 13:21:38,clusterB,5,4,3,1,0.75,0.5,0.5,0.0,0.0,0.0
2026-01-25 13:21:44,clusterA,5,4,2,2,0.50,0.5,0.5,0.0,0.0,0.0
2026-01-25 13:21:44,clusterB,5,4,3,1,0.75,0.5,0.5,0.0,0.0,0.0
2026-01-25 13:21:49,clusterA,5,4,2,2,0.50,0.5,0.5,0.0,0.0,0.0
2026-01-25 13:21:49,clusterB,5,4,3,1,0.75,0.5,0.5,0.0,0.0,0.0
2026-01-25 13:21:54,clusterA,5,4,2,2,0.50,0.5,0.5,0.0,0.0,0.0
2026-01-25 13:21:54,clusterB,5,4,3,1,0.75,0.5,0.5,0.0,0.0,0.0
2026-01-25 13:21:59,clusterA,5,4,2,2,0.50,0.5,0.5,0.0,0.0,0.0
2026-01-25 13:21:59,clusterB,5,4,3,1,0.75,0.5,0.5,0.0,0.0,0.0
2026-01-25 13:22:05,clusterA,5,4,2,2,0.50,0.5,0.5,0.0,0.0,0.0
2026-01-25 13:22:05,clusterB,5,4,3,1,0.75,0.5,0.5,0.0,0.0,0.0
2026-01-25 13:22:10,clusterA,5,4,2,2,0.50,0.5,0.5,0.0,0.0,0.0
2026-01-25 13:22:10,clusterB,5,4,3,1,0.75,0.5,0.5,0.0,0.0,0.0
2026-01-25 13:22:15,clusterA,5,4,2,2,0.50,0.5,0.5,0.0,0.0,0.0
2026-01-25 13:22:15,clusterB,5,4,3,1,0.75,0.5,0.5,0.0,0.0,0.0
2026-01-25 13:22:20,clusterA,5,4,2,2,0.50,0.5,0.5,0.0,0.0,0.0
2026-01-25 13:22:20,clusterB,5,4,3,1,0.75,0.5,0.5,0.0,0.0,0.0
2026-01-25 13:22:25,clusterA,5,4,2,2,0.50,0.5,0.5,0.0,0.0,0.0
2026-01-25 13:22:25,clusterB,5,4,3,1,0.75,0.5,0.5,0.0,0.0,0.0
2026-01-25 13:22:31,clusterA,5,4,2,2,0.50,0.5,0.5,0.0,0.0,0.0
2026-01-25 13:22:31,clusterB,5,4,3,1,0.75,0.5,0.5,0.0,0.0,0.0
2026-01-25 13:22:36,clusterA,5,4,2,2,0.50,0.5,0.5,0.0,0.0,0.0
2026-01-25 13:22:36,clusterB,5,4,3,1,0.75,0.5,0.5,0.0,0.0,0.0
2026-01-25 13:22:41,clusterA,5,4,2,2,0.50,0.5,0.5,0.0,0.0,0.0
2026-01-25 13:22:41,clusterB,5,4,3,1,0.75,0.5,0.5,0.0,0.0,0.0
2026-01-25 13:22:46,clusterA,5,4,2,2,0.50,0.5,0.5,0.0,0.0,0.0
2026-01-25 13:22:46,clusterB,5,4,3,1,0.75,0.5,0.5,0.0,0.0,0.0
2026-01-25 13:22:52,clusterA,5,4,2,2,0.50,0.5,0.5,0.0,0.0,0.0
2026-01-25 13:22:52,clusterB,5,4,3,1,0.75,0.5,0.5,0.0,0.0,0.0
2026-01-25 13:22:57,clusterA,5,4,2,2,0.50,0.5,0.5,0.0,0.0,0.0
2026-01-25 13:22:57,clusterB,5,4,3,1,0.75,0.5,0.5,0.0,0.0,0.0
2026-01-25 13:23:02,clusterA,5,4,2,2,0.50,0.5,0.5,0.0,0.0,0.0
2026-01-25 13:23:02,clusterB,5,4,3,1,0.75,0.5,0.5,0.0,0.0,0.0
2026-01-25 13:23:07,clusterA,5,4,2,2,0.50,0.5,0.5,0.0,0.0,0.0
2026-01-25 13:23:07,clusterB,5,4,3,1,0.75,0.5,0.5,0.0,0.0,0.0
2026-01-25 13:23:13,clusterA,5,4,2,2,0.50,0.5,0.5,0.0,0.0,0.0
2026-01-25 13:23:13,clusterB,5,4,3,1,0.75,0.5,0.5,0.0,0.0,0.0
2026-01-25 13:23:18,clusterA,5,4,2,2,0.50,0.5,0.5,0.0,0.0,0.0
2026-01-25 13:23:18,clusterB,5,4,3,1,0.75,0.5,0.5,0.0,0.0,0.0
2026-01-25 13:23:23,clusterA,5,4,2,2,0.50,0.5,0.5,0.0,0.0,0.0
2026-01-25 13:23:23,clusterB,5,4,3,1,0.75,0.5,0.5,0.0,0.0,0.0
2026-01-25 13:23:28,clusterA,5,4,2,2,0.50,0.5,0.5,0.0,0.0,0.0
2026-01-25 13:23:28,clusterB,5,4,3,1,0.75,0.5,0.5,0.0,0.0,0.0
2026-01-25 13:23:34,clusterA,5,4,2,2,0.50,0.5,0.5,0.0,0.0,0.0
2026-01-25 13:23:34,clusterB,5,4,3,1,0.75,0.5,0.5,0.0,0.0,0.0
2026-01-25 13:23:39,clusterA,5,4,2,2,0.50,0.5,0.5,0.0,0.0,0.0
2026-01-25 13:23:39,clusterB,5,4,3,1,0.75,0.5,0.5,0.0,0.0,0.0
2026-01-25 13:23:44,clusterA,5,4,2,2,0.50,0.5,0.5,0.0,0.0,0.0
2026-01-25 13:23:44,clusterB,5,4,3,1,0.75,0.5,0.5,0.0,0.0,0.0
2026-01-25 13:23:49,clusterA,5,4,2,2,0.50,0.5,0.5,0.0,0.0,0.0
2026-01-25 13:23:49,clusterB,5,4,3,1,0.75,0.5,0.5,0.0,0.0,0.0
2026-01-25 13:23:54,clusterA,6,4,2,2,0.50,0.5,0.5,0.0,0.0,0.0
2026-01-25 13:23:54,clusterB,6,4,3,1,0.75,0.5,0.5,0.0,0.0,0.0
2026-01-25 13:24:00,clusterA,6,4,2,2,0.50,0.5,0.5,0.0,0.0,0.0
2026-01-25 13:24:00,clusterB,6,4,3,1,0.75,0.5,0.5,0.0,0.0,0.0
2026-01-25 13:24:05,clusterA,6,4,2,2,0.50,0.5,0.5,0.0,0.0,0.0
2026-01-25 13:24:05,clusterB,6,4,3,1,0.75,0.5,0.5,0.0,0.0,0.0
2026-01-25 13:24:10,clusterA,6,4,2,2,0.50,0.5,0.5,0.0,0.0,0.0
2026-01-25 13:24:10,clusterB,6,4,3,1,0.75,0.5,0.5,0.0,0.0,0.0
2026-01-25 13:24:15,clusterA,6,4,2,2,0.50,0.5,0.5,0.0,0.0,0.0
2026-01-25 13:24:15,clusterB,6,4,3,1,0.75,0.5,0.5,0.0,0.0,0.0
2026-01-25 13:24:21,clusterA,6,4,2,2,0.50,0.5,0.5,0.0,0.0,0.0
2026-01-25 13:24:21,clusterB,6,4,3,1,0.75,0.5,0.5,0.0,0.0,0.0
2026-01-25 13:24:26,clusterA,6,4,2,2,0.50,0.5,0.5,0.0,0.0,0.0
2026-01-25 13:24:26,clusterB,6,4,3,1,0.75,0.5,0.5,0.0,0.0,0.0
2026-01-25 13:24:31,clusterA,6,4,2,2,0.50,0.5,0.5,0.0,0.0,0.0
2026-01-25 13:24:31,clusterB,6,4,3,1,0.75,0.5,0.5,0.0,0.0,0.0
2026-01-25 13:24:36,clusterA,6,4,2,2,0.50,0.5,0.5,0.0,0.0,0.0
2026-01-25 13:24:36,clusterB,6,4,3,1,0.75,0.5,0.5,0.0,0.0,0.0
2026-01-25 13:24:42,clusterA,6,4,2,2,0.50,0.5,0.5,0.0,0.0,0.0
2026-01-25 13:24:42,clusterB,6,4,3,1,0.75,0.5,0.5,0.0,0.0,0.0
2026-01-25 13:24:47,clusterA,6,4,2,2,0.50,0.5,0.5,0.0,0.0,0.0
2026-01-25 13:24:47,clusterB,6,4,3,1,0.75,0.5,0.5,0.0,0.0,0.0
2026-01-25 13:24:52,clusterA,7,4,2,2,0.50,0.5,0.5,0.0,0.0,0.0
2026-01-25 13:24:52,clusterB,7,4,3,1,0.75,0.5,0.5,0.0,0.0,0.0
2026-01-25 13:24:57,clusterA,7,4,2,2,0.50,0.5,0.5,0.0,0.0,0.0
2026-01-25 13:24:57,clusterB,7,4,3,1,0.75,0.5,0.5,0.0,0.0,0.0
2026-01-25 13:25:02,clusterA,7,4,2,2,0.50,0.5,0.5,0.0,0.0,0.0
2026-01-25 13:25:02,clusterB,7,4,3,1,0.75,0.5,0.5,0.0,0.0,0.0
2026-01-25 13:25:08,clusterA,7,4,2,2,0.50,0.5,0.5,0.0,0.0,0.0
2026-01-25 13:25:08,clusterB,7,4,3,1,0.75,0.5,0.5,0.0,0.0,0.0
2026-01-25 13:25:13,clusterA,7,4,2,2,0.50,0.5,0.5,0.0,0.0,0.0
2026-01-25 13:25:13,clusterB,7,4,3,1,0.75,0.5,0.5,0.0,0.0,0.0
2026-01-25 13:25:18,clusterA,7,4,2,2,0.50,0.5,0.5,0.0,0.0,0.0
2026-01-25 13:25:18,clusterB,7,4,3,1,0.75,0.5,0.5,0.0,0.0,0.0
2026-01-25 13:25:23,clusterA,7,4,2,2,0.50,0.5,0.5,0.0,0.0,0.0
2026-01-25 13:25:23,clusterB,7,4,3,1,0.75,0.5,0.5,0.0,0.0,0.0
2026-01-25 13:25:29,clusterA,7,4,2,2,0.50,0.5,0.5,0.0,0.0,0.0
2026-01-25 13:25:29,clusterB,7,4,3,1,0.75,0.5,0.5,0.0,0.0,0.0
2026-01-25 13:25:34,clusterA,8,4,2,2,0.50,0.5,0.5,0.0,0.0,0.0
2026-01-25 13:25:34,clusterB,8,4,3,1,0.75,0.5,0.5,0.0,0.0,0.0
2026-01-25 13:25:39,clusterA,8,4,2,2,0.50,0.5,0.5,0.0,0.0,0.0
2026-01-25 13:25:39,clusterB,8,4,3,1,0.75,0.5,0.5,0.0,0.0,0.0
2026-01-25 13:25:44,clusterA,8,4,2,2,0.50,0.5,0.5,0.0,0.0,0.0
2026-01-25 13:25:44,clusterB,8,4,3,1,0.75,0.5,0.5,0.0,0.0,0.0
2026-01-25 13:25:50,clusterA,8,4,2,2,0.50,0.5,0.5,0.0,0.0,0.0
2026-01-25 13:25:50,clusterB,8,4,3,1,0.75,0.5,0.5,0.0,0.0,0.0
2026-01-25 13:25:55,clusterA,8,4,2,2,0.50,0.5,0.5,0.0,0.0,0.0
2026-01-25 13:25:55,clusterB,8,4,3,1,0.75,0.5,0.5,0.0,0.0,0.0
2026-01-25 13:26:00,clusterA,8,4,2,2,0.50,0.5,0.5,0.0,0.0,0.0
2026-01-25 13:26:00,clusterB,8,4,3,1,0.75,0.5,0.5,0.0,0.0,0.0
2026-01-25 13:26:05,clusterA,8,4,2,2,0.50,0.5,0.5,0.0,0.0,0.0
2026-01-25 13:26:05,clusterB,8,4,3,1,0.75,0.5,0.5,0.0,0.0,0.0
2026-01-25 13:26:11,clusterA,8,4,2,2,0.50,0.5,0.5,0.0,0.0,0.0
2026-01-25 13:26:11,clusterB,8,4,3,1,0.75,0.5,0.5,0.0,0.0,0.0
2026-01-25 13:26:16,clusterA,8,4,2,2,0.50,0.5,0.5,0.0,0.0,0.0
2026-01-25 13:26:16,clusterB,8,4,3,1,0.75,0.5,0.5,0.0,0.0,0.0
2026-01-25 13:26:21,clusterA,8,4,2,2,0.50,0.5,0.5,0.0,0.0,0.0
2026-01-25 13:26:21,clusterB,8,4,3,1,0.75,0.5,0.5,0.0,0.0,0.0
2026-01-25 13:26:26,clusterA,8,4,2,2,0.50,0.5,0.5,0.0,0.0,0.0
2026-01-25 13:26:26,clusterB,8,4,3,1,0.75,0.5,0.5,0.0,0.0,0.0
2026-01-25 13:26:31,clusterA,8,4,2,2,0.50,0.5,0.5,0.0,0.0,0.0
2026-01-25 13:26:31,clusterB,8,4,3,1,0.75,0.5,0.5,0.0,0.0,0.0
2026-01-25 13:26:37,clusterA,8,4,2,2,0.50,0.5,0.5,0.0,0.0,0.0
2026-01-25 13:26:37,clusterB,8,4,3,1,0.75,0.5,0.5,0.0,0.0,0.0
2026-01-25 13:26:42,clusterA,8,4,2,2,0.50,0.5,0.5,0.0,0.0,0.0
2026-01-25 13:26:42,clusterB,8,4,3,1,0.75,0.5,0.5,0.0,0.0,0.0
2026-01-25 13:26:47,clusterA,8,4,2,2,0.50,0.5,0.5,0.0,0.0,0.0
2026-01-25 13:26:47,clusterB,8,4,3,1,0.75,0.5,0.5,0.0,0.0,0.0
2026-01-25 13:26:52,clusterA,8,4,2,2,0.50,0.5,0.5,0.0,0.0,0.0
2026-01-25 13:26:52,clusterB,8,4,3,1,0.75,0.5,0.5,0.0,0.0,0.0
2026-01-25 13:26:58,clusterA,8,4,2,2,0.50,0.5,0.5,0.0,0.0,0.0
2026-01-25 13:26:58,clusterB,8,4,3,1,0.75,0.5,0.5,0.0,0.0,0.0
2026-01-25 13:27:03,clusterA,8,4,2,2,0.50,0.5,0.5,0.0,0.0,0.0
2026-01-25 13:27:03,clusterB,8,4,3,1,0.75,0.5,0.5,0.0,0.0,0.0
2026-01-25 13:27:08,clusterA,8,4,2,2,0.50,0.5,0.5,0.0,0.0,0.0
2026-01-25 13:27:08,clusterB,8,4,3,1,0.75,0.5,0.5,0.0,0.0,0.0
2026-01-25 13:27:13,clusterA,8,4,2,2,0.50,0.5,0.5,0.0,0.0,0.0
2026-01-25 13:27:13,clusterB,8,4,3,1,0.75,0.5,0.5,0.0,0.0,0.0
2026-01-25 13:27:19,clusterA,8,4,2,2,0.50,0.5,0.5,0.0,0.0,0.0
2026-01-25 13:27:19,clusterB,8,4,3,1,0.75,0.5,0.5,0.0,0.0,0.0
2026-01-25 13:27:24,clusterA,8,4,2,2,0.50,0.5,0.5,0.0,0.0,0.0
2026-01-25 13:27:24,clusterB,8,4,3,1,0.75,0.5,0.5,0.0,0.0,0.0
2026-01-25 13:27:29,clusterA,8,4,2,2,0.50,0.5,0.5,0.0,0.0,0.0
2026-01-25 13:27:29,clusterB,8,4,3,1,0.75,0.5,0.5,0.0,0.0,0.0
2026-01-25 13:27:34,clusterA,8,4,2,2,0.50,0.5,0.5,0.0,0.0,0.0
2026-01-25 13:27:34,clusterB,8,4,3,1,0.75,0.5,0.5,0.0,0.0,0.0
2026-01-25 13:27:39,clusterA,8,4,2,2,0.50,0.5,0.5,0.0,0.0,0.0
2026-01-25 13:27:39,clusterB,8,4,3,1,0.75,0.5,0.5,0.0,0.0,0.0
2026-01-25 13:27:45,clusterA,8,4,2,2,0.50,0.5,0.5,0.0,0.0,0.0
2026-01-25 13:27:45,clusterB,8,4,3,1,0.75,0.5,0.5,0.0,0.0,0.0
2026-01-25 13:27:50,clusterA,8,4,2,2,0.50,0.5,0.5,0.0,0.0,0.0
2026-01-25 13:27:50,clusterB,8,4,3,1,0.75,0.5,0.5,0.0,0.0,0.0
2026-01-25 13:27:55,clusterA,8,4,2,2,0.50,0.5,0.5,0.0,0.0,0.0
2026-01-25 13:27:55,clusterB,8,4,3,1,0.75,0.5,0.5,0.0,0.0,0.0
2026-01-25 13:28:00,clusterA,8,4,2,2,0.50,0.5,0.5,0.0,0.0,0.0
2026-01-25 13:28:00,clusterB,8,4,3,1,0.75,0.5,0.5,0.0,0.0,0.0
2026-01-25 13:28:06,clusterA,8,4,2,2,0.50,0.5,0.5,0.0,0.0,0.0
2026-01-25 13:28:06,clusterB,8,4,3,1,0.75,0.5,0.5,0.0,0.0,0.0
2026-01-25 13:28:11,clusterA,8,4,2,2,0.50,0.5,0.5,0.0,0.0,0.0
2026-01-25 13:28:11,clusterB,8,4,3,1,0.75,0.5,0.5,0.0,0.0,0.0
2026-01-25 13:28:16,clusterA,8,4,2,2,0.50,0.5,0.5,0.0,0.0,0.0
2026-01-25 13:28:16,clusterB,8,4,3,1,0.75,0.5,0.5,0.0,0.0,0.0
2026-01-25 13:28:21,clusterA,8,4,2,2,0.50,0.5,0.5,0.0,0.0,0.0
2026-01-25 13:28:21,clusterB,8,4,3,1,0.75,0.5,0.5,0.0,0.0,0.0
2026-01-25 13:28:27,clusterA,8,4,2,2,0.50,0.5,0.5,0.0,0.0,0.0
2026-01-25 13:28:27,clusterB,8,4,3,1,0.75,0.5,0.5,0.0,0.0,0.0
2026-01-25 13:28:32,clusterA,8,4,2,2,0.50,0.5,0.5,0.0,0.0,0.0
2026-01-25 13:28:32,clusterB,8,4,3,1,0.75,0.5,0.5,0.0,0.0,0.0
2026-01-25 13:28:37,clusterA,8,4,2,2,0.50,0.5,0.5,0.0,0.0,0.0
2026-01-25 13:28:37,clusterB,8,4,3,1,0.75,0.5,0.5,0.0,0.0,0.0
2026-01-25 13:28:42,clusterA,8,4,2,2,0.50,0.5,0.5,0.0,0.0,0.0
2026-01-25 13:28:42,clusterB,8,4,3,1,0.75,0.5,0.5,0.0,0.0,0.0
2026-01-25 13:28:47,clusterA,8,4,2,2,0.50,0.5,0.5,0.0,0.0,0.0
2026-01-25 13:28:47,clusterB,8,4,3,1,0.75,0.5,0.5,0.0,0.0,0.0
2026-01-25 13:28:53,clusterA,8,4,2,2,0.50,0.5,0.5,0.0,0.0,0.0
2026-01-25 13:28:53,clusterB,8,4,3,1,0.75,0.5,0.5,0.0,0.0,0.0
2026-01-25 13:28:58,clusterA,8,4,2,2,0.50,0.5,0.5,0.0,0.0,0.0
2026-01-25 13:28:58,clusterB,8,4,3,1,0.75,0.5,0.5,0.0,0.0,0.0
2026-01-25 13:29:03,clusterA,8,4,2,2,0.50,0.5,0.5,0.0,0.0,0.0
2026-01-25 13:29:03,clusterB,8,4,3,1,0.75,0.5,0.5,0.0,0.0,0.0
2026-01-25 13:29:08,clusterA,8,4,2,2,0.50,0.5,0.5,0.0,0.0,0.0
2026-01-25 13:29:08,clusterB,8,4,3,1,0.75,0.5,0.5,0.0,0.0,0.0
2026-01-25 13:29:14,clusterA,8,4,2,2,0.50,0.5,0.5,0.0,0.0,0.0
2026-01-25 13:29:14,clusterB,8,4,3,1,0.75,0.5,0.5,0.0,0.0,0.0
2026-01-25 13:29:19,clusterA,8,4,2,2,0.50,0.5,0.5,0.0,0.0,0.0
2026-01-25 13:29:19,clusterB,8,4,3,1,0.75,0.5,0.5,0.0,0.0,0.0
2026-01-25 13:29:24,clusterA,8,4,2,2,0.50,0.5,0.5,0.0,0.0,0.0
2026-01-25 13:29:24,clusterB,8,4,3,1,0.75,0.5,0.5,0.0,0.0,0.0
2026-01-25 13:29:29,clusterA,8,4,2,2,0.50,0.5,0.5,0.0,0.0,0.0
2026-01-25 13:29:29,clusterB,8,4,3,1,0.75,0.5,0.5,0.0,0.0,0.0
2026-01-25 13:29:35,clusterA,8,4,2,2,0.50,0.5,0.5,0.0,0.0,0.0
2026-01-25 13:29:35,clusterB,8,4,3,1,0.75,0.5,0.5,0.0,0.0,0.0
2026-01-25 13:29:40,clusterA,8,4,2,2,0.50,0.5,0.5,0.0,0.0,0.0
2026-01-25 13:29:40,clusterB,8,4,3,1,0.75,0.5,0.5,0.0,0.0,0.0
2026-01-25 13:29:45,clusterA,8,4,2,2,0.50,0.5,0.5,0.0,0.0,0.0
2026-01-25 13:29:45,clusterB,8,4,3,1,0.75,0.5,0.5,0.0,0.0,0.0
2026-01-25 13:29:50,clusterA,8,4,2,2,0.50,0.5,0.5,0.0,0.0,0.0
2026-01-25 13:29:50,clusterB,8,4,3,1,0.75,0.5,0.5,0.0,0.0,0.0
2026-01-25 13:29:56,clusterA,8,4,2,2,0.50,0.5,0.5,0.0,0.0,0.0
2026-01-25 13:29:56,clusterB,8,4,3,1,0.75,0.5,0.5,0.0,0.0,0.0
2026-01-25 13:30:01,clusterA,8,4,2,2,0.50,0.5,0.5,0.0,0.0,0.0
2026-01-25 13:30:01,clusterB,8,4,3,1,0.75,0.5,0.5,0.0,0.0,0.0
2026-01-25 13:30:06,clusterA,8,4,2,2,0.50,0.5,0.5,0.0,0.0,0.0
2026-01-25 13:30:06,clusterB,8,4,3,1,0.75,0.5,0.5,0.0,0.0,0.0
2026-01-25 13:30:11,clusterA,8,4,2,2,0.50,0.5,0.5,0.0,0.0,0.0
2026-01-25 13:30:11,clusterB,8,4,3,1,0.75,0.5,0.5,0.0,0.0,0.0
2026-01-25 13:30:16,clusterA,8,4,2,2,0.50,0.5,0.5,0.0,0.0,0.0
2026-01-25 13:30:16,clusterB,8,4,3,1,0.75,0.5,0.5,0.0,0.0,0.0
2026-01-25 13:30:22,clusterA,8,4,2,2,0.50,0.5,0.5,0.0,0.0,0.0
2026-01-25 13:30:22,clusterB,8,4,3,1,0.75,0.5,0.5,0.0,0.0,0.0
2026-01-25 13:30:27,clusterA,8,4,2,2,0.50,0.5,0.5,0.0,0.0,0.0
2026-01-25 13:30:27,clusterB,8,4,3,1,0.75,0.5,0.5,0.0,0.0,0.0
2026-01-25 13:30:32,clusterA,8,4,2,2,0.50,0.5,0.5,0.0,0.0,0.0
2026-01-25 13:30:32,clusterB,8,4,3,1,0.75,0.5,0.5,0.0,0.0,0.0
2026-01-25 13:30:37,clusterA,8,4,2,2,0.50,0.5,0.5,0.0,0.0,0.0
2026-01-25 13:30:37,clusterB,8,4,3,1,0.75,0.5,0.5,0.0,0.0,0.0
2026-01-25 13:30:43,clusterA,8,4,2,2,0.50,0.5,0.5,0.0,0.0,0.0
2026-01-25 13:30:43,clusterB,8,4,3,1,0.75,0.5,0.5,0.0,0.0,0.0
2026-01-25 13:30:48,clusterA,8,4,2,2,0.50,0.5,0.5,0.0,0.0,0.0
2026-01-25 13:30:48,clusterB,8,4,3,1,0.75,0.5,0.5,0.0,0.0,0.0
2026-01-25 13:30:53,clusterA,8,4,2,2,0.50,0.5,0.5,0.0,0.0,0.0
2026-01-25 13:30:53,clusterB,8,4,3,1,0.75,0.5,0.5,0.0,0.0,0.0
2026-01-25 13:30:58,clusterA,8,4,2,2,0.50,0.5,0.5,0.0,0.0,0.0
2026-01-25 13:30:58,clusterB,8,4,3,1,0.75,0.5,0.5,0.0,0.0,0.0
2026-01-25 13:31:03,clusterA,8,4,2,2,0.50,0.5,0.5,0.0,0.0,0.0
2026-01-25 13:31:03,clusterB,8,4,3,1,0.75,0.5,0.5,0.0,0.0,0.0
2026-01-25 13:31:09,clusterA,8,4,2,2,0.50,0.5,0.5,0.0,0.0,0.0
2026-01-25 13:31:09,clusterB,8,4,3,1,0.75,0.5,0.5,0.0,0.0,0.0
2026-01-25 13:31:14,clusterA,8,4,2,2,0.50,0.5,0.5,0.0,0.0,0.0
2026-01-25 13:31:14,clusterB,8,4,3,1,0.75,0.5,0.5,0.0,0.0,0.0
2026-01-25 13:31:19,clusterA,8,4,2,2,0.50,0.5,0.5,0.0,0.0,0.0
2026-01-25 13:31:19,clusterB,8,4,3,1,0.75,0.5,0.5,0.0,0.0,0.0
2026-01-25 13:31:24,clusterA,8,4,2,2,0.50,0.5,0.5,0.0,0.0,0.0
2026-01-25 13:31:24,clusterB,8,4,3,1,0.75,0.5,0.5,0.0,0.0,0.0
2026-01-25 13:31:30,clusterA,8,4,2,2,0.50,0.5,0.5,0.0,0.0,0.0
2026-01-25 13:31:30,clusterB,8,4,3,1,0.75,0.5,0.5,0.0,0.0,0.0
2026-01-25 13:31:35,clusterA,8,4,2,2,0.50,0.5,0.5,0.0,0.0,0.0
2026-01-25 13:31:35,clusterB,8,4,3,1,0.75,0.5,0.5,0.0,0.0,0.0
2026-01-25 13:31:40,clusterA,8,4,2,2,0.50,0.5,0.5,0.0,0.0,0.0
2026-01-25 13:31:40,clusterB,8,4,3,1,0.75,0.5,0.5,0.0,0.0,0.0
2026-01-25 13:31:45,clusterA,8,4,2,2,0.50,0.5,0.5,0.0,0.0,0.0
2026-01-25 13:31:45,clusterB,8,4,3,1,0.75,0.5,0.5,0.0,0.0,0.0
2026-01-25 13:31:51,clusterA,8,4,2,2,0.50,0.5,0.5,0.0,0.0,0.0
2026-01-25 13:31:51,clusterB,8,4,3,1,0.75,0.5,0.5,0.0,0.0,0.0
2026-01-25 13:31:56,clusterA,8,4,2,2,0.50,0.5,0.5,0.0,0.0,0.0
2026-01-25 13:31:56,clusterB,8,4,3,1,0.75,0.5,0.5,0.0,0.0,0.0
2026-01-25 13:32:01,clusterA,8,4,2,2,0.50,0.5,0.5,0.0,0.0,0.0
2026-01-25 13:32:01,clusterB,8,4,3,1,0.75,0.5,0.5,0.0,0.0,0.0
2026-01-25 13:32:06,clusterA,8,4,2,2,0.50,0.5,0.5,0.0,0.0,0.0
2026-01-25 13:32:06,clusterB,8,4,3,1,0.75,0.5,0.5,0.0,0.0,0.0
2026-01-25 13:32:11,clusterA,8,4,2,2,0.50,0.5,0.5,0.0,0.0,0.0
2026-01-25 13:32:11,clusterB,8,4,3,1,0.75,0.5,0.5,0.0,0.0,0.0
2026-01-25 13:32:17,clusterA,8,4,2,2,0.50,0.5,0.5,0.0,0.0,0.0
2026-01-25 13:32:17,clusterB,8,4,3,1,0.75,0.5,0.5,0.0,0.0,0.0
2026-01-25 13:32:22,clusterA,8,4,2,2,0.50,0.5,0.5,0.0,0.0,0.0
2026-01-25 13:32:22,clusterB,8,4,3,1,0.75,0.5,0.5,0.0,0.0,0.0
2026-01-25 13:32:27,clusterA,8,4,2,2,0.50,0.5,0.5,0.0,0.0,0.0
2026-01-25 13:32:27,clusterB,8,4,3,1,0.75,0.5,0.5,0.0,0.0,0.0
2026-01-25 13:32:32,clusterA,8,4,2,2,0.50,0.5,0.5,0.0,0.0,0.0
2026-01-25 13:32:32,clusterB,8,4,3,1,0.75,0.5,0.5,0.0,0.0,0.0
2026-01-25 13:32:38,clusterA,8,4,2,2,0.50,0.5,0.5,0.0,0.0,0.0
2026-01-25 13:32:38,clusterB,8,4,3,1,0.75,0.5,0.5,0.0,0.0,0.0
2026-01-25 13:32:43,clusterA,8,4,2,2,0.50,0.5,0.5,0.0,0.0,0.0
2026-01-25 13:32:43,clusterB,8,4,3,1,0.75,0.5,0.5,0.0,0.0,0.0
2026-01-25 13:32:48,clusterA,8,4,2,2,0.50,0.5,0.5,0.0,0.0,0.0
2026-01-25 13:32:48,clusterB,8,4,3,1,0.75,0.5,0.5,0.0,0.0,0.0
2026-01-25 13:32:53,clusterA,8,4,2,2,0.50,0.5,0.5,0.0,0.0,0.0
2026-01-25 13:32:53,clusterB,8,4,3,1,0.75,0.5,0.5,0.0,0.0,0.0
2026-01-25 13:32:59,clusterA,8,4,2,2,0.50,0.5,0.5,0.0,0.0,0.0
2026-01-25 13:32:59,clusterB,8,4,3,1,0.75,0.5,0.5,0.0,0.0,0.0
2026-01-25 13:33:04,clusterA,8,4,2,2,0.50,0.5,0.5,0.0,0.0,0.0
2026-01-25 13:33:04,clusterB,8,4,3,1,0.75,0.5,0.5,0.0,0.0,0.0
2026-01-25 13:33:09,clusterA,8,4,2,2,0.50,0.5,0.5,0.0,0.0,0.0
2026-01-25 13:33:09,clusterB,8,4,3,1,0.75,0.5,0.5,0.0,0.0,0.0
2026-01-25 13:33:14,clusterA,8,4,2,2,0.50,0.5,0.5,0.0,0.0,0.0
2026-01-25 13:33:14,clusterB,8,4,3,1,0.75,0.5,0.5,0.0,0.0,0.0
2026-01-25 13:33:19,clusterA,8,4,2,2,0.50,0.5,0.5,0.0,0.0,0.0
2026-01-25 13:33:19,clusterB,8,4,3,1,0.75,0.5,0.5,0.0,0.0,0.0
2026-01-25 13:33:25,clusterA,8,4,2,2,0.50,0.5,0.5,0.0,0.0,0.0
2026-01-25 13:33:25,clusterB,8,4,3,1,0.75,0.5,0.5,0.0,0.0,0.0
2026-01-25 13:33:30,clusterA,8,4,2,2,0.50,0.5,0.5,0.0,0.0,0.0
2026-01-25 13:33:30,clusterB,8,4,3,1,0.75,0.5,0.5,0.0,0.0,0.0
2026-01-25 13:33:35,clusterA,8,4,2,2,0.50,0.5,0.5,0.0,0.0,0.0
2026-01-25 13:33:35,clusterB,8,4,3,1,0.75,0.5,0.5,0.0,0.0,0.0
2026-01-25 13:33:40,clusterA,8,4,2,2,0.50,0.5,0.5,0.0,0.0,0.0
2026-01-25 13:33:40,clusterB,8,4,3,1,0.75,0.5,0.5,0.0,0.0,0.0
2026-01-25 13:33:46,clusterA,8,4,2,2,0.50,0.5,0.5,0.0,0.0,0.0
2026-01-25 13:33:46,clusterB,8,4,3,1,0.75,0.5,0.5,0.0,0.0,0.0
2026-01-25 13:33:51,clusterA,8,4,2,2,0.50,0.5,0.5,0.0,0.0,0.0
2026-01-25 13:33:51,clusterB,8,4,3,1,0.75,0.5,0.5,0.0,0.0,0.0
2026-01-25 13:33:56,clusterA,8,4,2,2,0.50,0.5,0.5,0.0,0.0,0.0
2026-01-25 13:33:56,clusterB,8,4,3,1,0.75,0.5,0.5,0.0,0.0,0.0
2026-01-25 13:34:01,clusterA,8,4,2,2,0.50,0.5,0.5,0.0,0.0,0.0
2026-01-25 13:34:01,clusterB,8,4,3,1,0.75,0.5,0.5,0.0,0.0,0.0
2026-01-25 13:34:06,clusterA,8,4,2,2,0.50,0.5,0.5,0.0,0.0,0.0
2026-01-25 13:34:06,clusterB,8,4,3,1,0.75,0.5,0.5,0.0,0.0,0.0
2026-01-25 13:34:12,clusterA,8,4,2,2,0.50,0.5,0.5,0.0,0.0,0.0
2026-01-25 13:34:12,clusterB,8,4,3,1,0.75,0.5,0.5,0.0,0.0,0.0
2026-01-25 13:34:17,clusterA,8,4,2,2,0.50,0.5,0.5,0.0,0.0,0.0
2026-01-25 13:34:17,clusterB,8,4,3,1,0.75,0.5,0.5,0.0,0.0,0.0
2026-01-25 13:34:22,clusterA,8,4,2,2,0.50,0.5,0.5,0.0,0.0,0.0
2026-01-25 13:34:22,clusterB,8,4,3,1,0.75,0.5,0.5,0.0,0.0,0.0
2026-01-25 13:34:27,clusterA,8,4,2,2,0.50,0.5,0.5,0.0,0.0,0.0
2026-01-25 13:34:27,clusterB,8,4,3,1,0.75,0.5,0.5,0.0,0.0,0.0
2026-01-25 13:34:33,clusterA,8,4,2,2,0.50,0.5,0.5,0.0,0.0,0.0
2026-01-25 13:34:33,clusterB,8,4,3,1,0.75,0.5,0.5,0.0,0.0,0.0
2026-01-25 13:34:38,clusterA,8,4,2,2,0.50,0.5,0.5,0.0,0.0,0.0
2026-01-25 13:34:38,clusterB,8,4,3,1,0.75,0.5,0.5,0.0,0.0,0.0
2026-01-25 13:34:43,clusterA,8,4,2,2,0.50,0.5,0.5,0.0,0.0,0.0
2026-01-25 13:34:43,clusterB,8,4,3,1,0.75,0.5,0.5,0.0,0.0,0.0
2026-01-25 13:34:48,clusterA,8,4,2,2,0.50,0.5,0.5,0.0,0.0,0.0
2026-01-25 13:34:48,clusterB,8,4,3,1,0.75,0.5,0.5,0.0,0.0,0.0
2026-01-25 13:34:53,clusterA,8,4,2,2,0.50,0.5,0.5,0.0,0.0,0.0
2026-01-25 13:34:53,clusterB,8,4,3,1,0.75,0.5,0.5,0.0,0.0,0.0
2026-01-25 13:34:59,clusterA,8,4,2,2,0.50,0.5,0.5,0.0,0.0,0.0
2026-01-25 13:34:59,clusterB,8,4,3,1,0.75,0.5,0.5,0.0,0.0,0.0
2026-01-25 13:35:04,clusterA,8,4,2,2,0.50,0.5,0.5,0.0,0.0,0.0
2026-01-25 13:35:04,clusterB,8,4,3,1,0.75,0.5,0.5,0.0,0.0,0.0
2026-01-25 13:35:09,clusterA,8,4,2,2,0.50,0.5,0.5,0.0,0.0,0.0
2026-01-25 13:35:09,clusterB,8,4,3,1,0.75,0.5,0.5,0.0,0.0,0.0
2026-01-25 13:35:14,clusterA,8,4,2,2,0.50,0.5,0.5,0.0,0.0,0.0
2026-01-25 13:35:14,clusterB,8,4,3,1,0.75,0.5,0.5,0.0,0.0,0.0
2026-01-25 13:35:20,clusterA,8,4,2,2,0.50,0.5,0.5,0.0,0.0,0.0
2026-01-25 13:35:20,clusterB,8,4,3,1,0.75,0.5,0.5,0.0,0.0,0.0
2026-01-25 13:35:25,clusterA,8,4,2,2,0.50,0.5,0.5,0.0,0.0,0.0
2026-01-25 13:35:25,clusterB,8,4,3,1,0.75,0.5,0.5,0.0,0.0,0.0
2026-01-25 13:35:30,clusterA,8,4,2,2,0.50,0.5,0.5,0.0,0.0,0.0
2026-01-25 13:35:30,clusterB,8,4,3,1,0.75,0.5,0.5,0.0,0.0,0.0
2026-01-25 13:35:35,clusterA,8,4,2,2,0.50,0.5,0.5,0.0,0.0,0.0
2026-01-25 13:35:35,clusterB,8,4,3,1,0.75,0.5,0.5,0.0,0.0,0.0
2026-01-25 13:35:41,clusterA,8,4,2,2,0.50,0.5,0.5,0.0,0.0,0.0
2026-01-25 13:35:41,clusterB,8,4,3,1,0.75,0.5,0.5,0.0,0.0,0.0
2026-01-25 13:35:46,clusterA,8,4,2,2,0.50,0.5,0.5,0.0,0.0,0.0
2026-01-25 13:35:46,clusterB,8,4,3,1,0.75,0.5,0.5,0.0,0.0,0.0
2026-01-25 13:35:51,clusterA,8,4,2,2,0.50,0.5,0.5,0.0,0.0,0.0
2026-01-25 13:35:51,clusterB,8,4,3,1,0.75,0.5,0.5,0.0,0.0,0.0
2026-01-25 13:35:56,clusterA,8,4,2,2,0.50,0.5,0.5,0.0,0.0,0.0
2026-01-25 13:35:56,clusterB,8,4,3,1,0.75,0.5,0.5,0.0,0.0,0.0
2026-01-25 13:36:01,clusterA,8,4,2,2,0.50,0.5,0.5,0.0,0.0,0.0
2026-01-25 13:36:01,clusterB,8,4,3,1,0.75,0.5,0.5,0.0,0.0,0.0
2026-01-25 13:36:07,clusterA,8,4,2,2,0.50,0.5,0.5,0.0,0.0,0.0
2026-01-25 13:36:07,clusterB,8,4,3,1,0.75,0.5,0.5,0.0,0.0,0.0
2026-01-25 13:36:12,clusterA,8,4,2,2,0.50,0.5,0.5,0.0,0.0,0.0
2026-01-25 13:36:12,clusterB,8,4,3,1,0.75,0.5,0.5,0.0,0.0,0.0
2026-01-25 13:36:17,clusterA,8,4,2,2,0.50,0.5,0.5,0.0,0.0,0.0
2026-01-25 13:36:17,clusterB,8,4,3,1,0.75,0.5,0.5,0.0,0.0,0.0
2026-01-25 13:36:22,clusterA,8,4,2,2,0.50,0.5,0.5,0.0,0.0,0.0
2026-01-25 13:36:22,clusterB,8,4,3,1,0.75,0.5,0.5,0.0,0.0,0.0
2026-01-25 13:36:28,clusterA,8,4,2,2,0.50,0.5,0.5,0.0,0.0,0.0
2026-01-25 13:36:28,clusterB,8,4,3,1,0.75,0.5,0.5,0.0,0.0,0.0
2026-01-25 13:36:33,clusterA,8,4,2,2,0.50,0.5,0.5,0.0,0.0,0.0
2026-01-25 13:36:33,clusterB,8,4,3,1,0.75,0.5,0.5,0.0,0.0,0.0
2026-01-25 13:36:38,clusterA,8,4,2,2,0.50,0.5,0.5,0.0,0.0,0.0
2026-01-25 13:36:38,clusterB,8,4,3,1,0.75,0.5,0.5,0.0,0.0,0.0
2026-01-25 13:36:43,clusterA,8,4,2,2,0.50,0.5,0.5,0.0,0.0,0.0
2026-01-25 13:36:43,clusterB,8,4,3,1,0.75,0.5,0.5,0.0,0.0,0.0
2026-01-25 13:36:49,clusterA,8,4,2,2,0.50,0.5,0.5,0.0,0.0,0.0
2026-01-25 13:36:49,clusterB,8,4,3,1,0.75,0.5,0.5,0.0,0.0,0.0
2026-01-25 13:36:54,clusterA,8,4,2,2,0.50,0.5,0.5,0.0,0.0,0.0
2026-01-25 13:36:54,clusterB,8,4,3,1,0.75,0.5,0.5,0.0,0.0,0.0
2026-01-25 13:36:59,clusterA,8,4,2,2,0.50,0.5,0.5,0.0,0.0,0.0
2026-01-25 13:36:59,clusterB,8,4,3,1,0.75,0.5,0.5,0.0,0.0,0.0
2026-01-25 13:37:04,clusterA,8,4,2,2,0.50,0.5,0.5,0.0,0.0,0.0
2026-01-25 13:37:04,clusterB,8,4,3,1,0.75,0.5,0.5,0.0,0.0,0.0
2026-01-25 13:37:09,clusterA,8,4,2,2,0.50,0.5,0.5,0.0,0.0,0.0
2026-01-25 13:37:09,clusterB,8,4,3,1,0.75,0.5,0.5,0.0,0.0,0.0
2026-01-25 13:37:15,clusterA,8,4,2,2,0.50,0.5,0.5,0.0,0.0,0.0
2026-01-25 13:37:15,clusterB,8,4,3,1,0.75,0.5,0.5,0.0,0.0,0.0
2026-01-25 13:37:20,clusterA,8,4,2,2,0.50,0.5,0.5,0.0,0.0,0.0
2026-01-25 13:37:20,clusterB,8,4,3,1,0.75,0.5,0.5,0.0,0.0,0.0
2026-01-25 13:37:25,clusterA,8,4,2,2,0.50,0.5,0.5,0.0,0.0,0.0
2026-01-25 13:37:25,clusterB,8,4,3,1,0.75,0.5,0.5,0.0,0.0,0.0
2026-01-25 13:37:30,clusterA,8,4,2,2,0.50,0.5,0.5,0.0,0.0,0.0
2026-01-25 13:37:30,clusterB,8,4,3,1,0.75,0.5,0.5,0.0,0.0,0.0
2026-01-25 13:37:36,clusterA,8,4,2,2,0.50,0.5,0.5,0.0,0.0,0.0
2026-01-25 13:37:36,clusterB,8,4,3,1,0.75,0.5,0.5,0.0,0.0,0.0
2026-01-25 13:37:41,clusterA,8,4,2,2,0.50,0.5,0.5,0.0,0.0,0.0
2026-01-25 13:37:41,clusterB,8,4,3,1,0.75,0.5,0.5,0.0,0.0,0.0
2026-01-25 13:37:46,clusterA,8,4,2,2,0.50,0.5,0.5,0.0,0.0,0.0
2026-01-25 13:37:46,clusterB,8,4,3,1,0.75,0.5,0.5,0.0,0.0,0.0
2026-01-25 13:37:51,clusterA,8,4,2,2,0.50,0.5,0.5,0.0,0.0,0.0
2026-01-25 13:37:51,clusterB,8,4,3,1,0.75,0.5,0.5,0.0,0.0,0.0
2026-01-25 13:37:56,clusterA,8,4,2,2,0.50,0.5,0.5,0.0,0.0,0.0
2026-01-25 13:37:56,clusterB,8,4,3,1,0.75,0.5,0.5,0.0,0.0,0.0
2026-01-25 13:38:02,clusterA,8,4,2,2,0.50,0.5,0.5,0.0,0.0,0.0
2026-01-25 13:38:02,clusterB,8,4,3,1,0.75,0.5,0.5,0.0,0.0,0.0
2026-01-25 13:38:07,clusterA,8,4,2,2,0.50,0.5,0.5,0.0,0.0,0.0
2026-01-25 13:38:07,clusterB,8,4,3,1,0.75,0.5,0.5,0.0,0.0,0.0
2026-01-25 13:38:12,clusterA,8,4,2,2,0.50,0.5,0.5,0.0,0.0,0.0
2026-01-25 13:38:12,clusterB,8,4,3,1,0.75,0.5,0.5,0.0,0.0,0.0
2026-01-25 13:38:17,clusterA,8,4,2,2,0.50,0.5,0.5,0.0,0.0,0.0
2026-01-25 13:38:17,clusterB,8,4,3,1,0.75,0.5,0.5,0.0,0.0,0.0
2026-01-25 13:38:23,clusterA,9,4,2,2,0.50,0.5,0.5,0.0,0.0,0.0
2026-01-25 13:38:23,clusterB,9,4,3,1,0.75,0.5,0.5,0.0,0.0,0.0
2026-01-25 13:38:28,clusterA,9,4,2,2,0.50,0.5,0.5,0.0,0.0,0.0
2026-01-25 13:38:28,clusterB,9,4,3,1,0.75,0.5,0.5,0.0,0.0,0.0
2026-01-25 13:38:33,clusterA,9,4,2,2,0.50,0.5,0.5,0.0,0.0,0.0
2026-01-25 13:38:33,clusterB,9,4,3,1,0.75,0.5,0.5,0.0,0.0,0.0
2026-01-25 13:38:38,clusterA,9,4,2,2,0.50,0.5,0.5,0.0,0.0,0.0
2026-01-25 13:38:38,clusterB,9,4,3,1,0.75,0.5,0.5,0.0,0.0,0.0
2026-01-25 13:38:43,clusterA,9,4,2,2,0.50,0.5,0.5,0.0,0.0,0.0
2026-01-25 13:38:43,clusterB,9,4,3,1,0.75,0.5,0.5,0.0,0.0,0.0
2026-01-25 13:38:49,clusterA,9,4,2,2,0.50,0.5,0.5,0.0,0.0,0.0
2026-01-25 13:38:49,clusterB,9,4,3,1,0.75,0.5,0.5,0.0,0.0,0.0
2026-01-25 13:38:54,clusterA,9,4,2,2,0.50,0.5,0.5,0.0,0.0,0.0
2026-01-25 13:38:54,clusterB,9,4,3,1,0.75,0.5,0.5,0.0,0.0,0.0
2026-01-25 13:38:59,clusterA,9,4,2,2,0.50,0.5,0.5,0.0,0.0,0.0
2026-01-25 13:38:59,clusterB,9,4,3,1,0.75,0.5,0.5,0.0,0.0,0.0
2026-01-25 13:39:04,clusterA,9,4,2,2,0.50,0.5,0.5,0.0,0.0,0.0
2026-01-25 13:39:04,clusterB,9,4,3,1,0.75,0.5,0.5,0.0,0.0,0.0
2026-01-25 13:39:10,clusterA,9,4,2,2,0.50,0.5,0.5,0.0,0.0,0.0
2026-01-25 13:39:10,clusterB,9,4,3,1,0.75,0.5,0.5,0.0,0.0,0.0
2026-01-25 13:39:15,clusterA,9,4,2,2,0.50,0.5,0.5,0.0,0.0,0.0
2026-01-25 13:39:15,clusterB,9,4,3,1,0.75,0.5,0.5,0.0,0.0,0.0
2026-01-25 13:39:20,clusterA,9,4,2,2,0.50,0.5,0.5,0.0,0.0,0.0
2026-01-25 13:39:20,clusterB,9,4,3,1,0.75,0.5,0.5,0.0,0.0,0.0
2026-01-25 13:39:25,clusterA,10,4,2,2,0.50,0.5,0.5,0.0,0.0,0.0
2026-01-25 13:39:25,clusterB,10,4,3,1,0.75,0.5,0.5,0.0,0.0,0.0
2026-01-25 13:39:31,clusterA,10,4,2,2,0.50,0.5,0.5,0.0,0.0,0.0
2026-01-25 13:39:31,clusterB,10,4,3,1,0.75,0.5,0.5,0.0,0.0,0.0
2026-01-25 13:39:36,clusterA,10,4,2,2,0.50,0.5,0.5,0.0,0.0,0.0
2026-01-25 13:39:36,clusterB,10,4,3,1,0.75,0.5,0.5,0.0,0.0,0.0
2026-01-25 13:39:41,clusterA,10,4,2,2,0.50,0.5,0.5,0.0,0.0,0.0
2026-01-25 13:39:41,clusterB,10,4,3,1,0.75,0.5,0.5,0.0,0.0,0.0
2026-01-25 13:39:46,clusterA,10,4,2,2,0.50,0.5,0.5,0.0,0.0,0.0
2026-01-25 13:39:46,clusterB,10,4,3,1,0.75,0.5,0.5,0.0,0.0,0.0
2026-01-25 13:39:51,clusterA,10,4,2,2,0.50,0.5,0.5,0.0,0.0,0.0
2026-01-25 13:39:51,clusterB,10,4,3,1,0.75,0.5,0.5,0.0,0.0,0.0
2026-01-25 13:39:57,clusterA,10,4,2,2,0.50,0.5,0.5,0.0,0.0,0.0
2026-01-25 13:39:57,clusterB,10,4,3,1,0.75,0.5,0.5,0.0,0.0,0.0
2026-01-25 13:40:02,clusterA,10,4,2,2,0.50,0.5,0.5,0.0,0.0,0.0
2026-01-25 13:40:02,clusterB,10,4,3,1,0.75,0.5,0.5,0.0,0.0,0.0
2026-01-25 13:40:07,clusterA,10,4,2,2,0.50,0.5,0.5,0.0,0.0,0.0
2026-01-25 13:40:07,clusterB,10,4,3,1,0.75,0.5,0.5,0.0,0.0,0.0
2026-01-25 13:40:12,clusterA,11,4,2,2,0.50,0.5,0.5,0.0,0.0,0.0
2026-01-25 13:40:12,clusterB,11,4,3,1,0.75,0.5,0.5,0.0,0.0,0.0
2026-01-25 13:40:18,clusterA,11,4,2,2,0.50,0.5,0.5,0.0,0.0,0.0
2026-01-25 13:40:18,clusterB,11,4,3,1,0.75,0.5,0.5,0.0,0.0,0.0
2026-01-25 13:40:23,clusterA,11,4,2,2,0.50,0.5,0.5,0.0,0.0,0.0
2026-01-25 13:40:23,clusterB,11,4,3,1,0.75,0.5,0.5,0.0,0.0,0.0
2026-01-25 13:40:28,clusterA,11,4,2,2,0.50,0.5,0.5,0.0,0.0,0.0
2026-01-25 13:40:28,clusterB,11,4,3,1,0.75,0.5,0.5,0.0,0.0,0.0
2026-01-25 13:40:33,clusterA,11,4,2,2,0.50,0.5,0.5,0.0,0.0,0.0
2026-01-25 13:40:33,clusterB,11,4,3,1,0.75,0.5,0.5,0.0,0.0,0.0
2026-01-25 13:40:38,clusterA,11,4,2,2,0.50,0.5,0.5,0.0,0.0,0.0
2026-01-25 13:40:38,clusterB,11,4,3,1,0.75,0.5,0.5,0.0,0.0,0.0
2026-01-25 13:40:44,clusterA,11,4,2,2,0.50,0.5,0.5,0.0,0.0,0.0
2026-01-25 13:40:44,clusterB,11,4,3,1,0.75,0.5,0.5,0.0,0.0,0.0
2026-01-25 13:40:49,clusterA,11,4,2,2,0.50,0.5,0.5,0.0,0.0,0.0
2026-01-25 13:40:49,clusterB,11,4,3,1,0.75,0.5,0.5,0.0,0.0,0.0
2026-01-25 13:40:54,clusterA,11,4,2,2,0.50,0.5,0.5,0.0,0.0,0.0
2026-01-25 13:40:54,clusterB,11,4,3,1,0.75,0.5,0.5,0.0,0.0,0.0
2026-01-25 13:40:59,clusterA,11,4,2,2,0.50,0.5,0.5,0.0,0.0,0.0
2026-01-25 13:40:59,clusterB,11,4,3,1,0.75,0.5,0.5,0.0,0.0,0.0
2026-01-25 13:41:05,clusterA,11,4,2,2,0.50,0.5,0.5,0.0,0.0,0.0
2026-01-25 13:41:05,clusterB,11,4,3,1,0.75,0.5,0.5,0.0,0.0,0.0
2026-01-25 13:41:10,clusterA,11,4,2,2,0.50,0.5,0.5,0.0,0.0,0.0
2026-01-25 13:41:10,clusterB,11,4,3,1,0.75,0.5,0.5,0.0,0.0,0.0
2026-01-25 13:41:15,clusterA,11,4,2,2,0.50,0.5,0.5,0.0,0.0,0.0
2026-01-25 13:41:15,clusterB,11,4,3,1,0.75,0.5,0.5,0.0,0.0,0.0
2026-01-25 13:41:20,clusterA,11,4,2,2,0.50,0.5,0.5,0.0,0.0,0.0
2026-01-25 13:41:20,clusterB,11,4,3,1,0.75,0.5,0.5,0.0,0.0,0.0
2026-01-25 13:41:26,clusterA,11,4,2,2,0.50,0.5,0.5,0.0,0.0,0.0
2026-01-25 13:41:26,clusterB,11,4,3,1,0.75,0.5,0.5,0.0,0.0,0.0
2026-01-25 13:41:31,clusterA,11,4,2,2,0.50,0.5,0.5,0.0,0.0,0.0
2026-01-25 13:41:31,clusterB,11,4,3,1,0.75,0.5,0.5,0.0,0.0,0.0
2026-01-25 13:41:36,clusterA,11,4,2,2,0.50,0.5,0.5,0.0,0.0,0.0
2026-01-25 13:41:36,clusterB,11,4,3,1,0.75,0.5,0.5,0.0,0.0,0.0
2026-01-25 13:41:41,clusterA,11,4,2,2,0.50,0.5,0.5,0.0,0.0,0.0
2026-01-25 13:41:41,clusterB,11,4,3,1,0.75,0.5,0.5,0.0,0.0,0.0
2026-01-25 13:41:46,clusterA,11,4,2,2,0.50,0.5,0.5,0.0,0.0,0.0
2026-01-25 13:41:46,clusterB,11,4,3,1,0.75,0.5,0.5,0.0,0.0,0.0
2026-01-25 13:41:52,clusterA,11,4,2,2,0.50,0.5,0.5,0.0,0.0,0.0
2026-01-25 13:41:52,clusterB,11,4,3,1,0.75,0.5,0.5,0.0,0.0,0.0
2026-01-25 13:41:57,clusterA,11,4,2,2,0.50,0.5,0.5,0.0,0.0,0.0
2026-01-25 13:41:57,clusterB,11,4,3,1,0.75,0.5,0.5,0.0,0.0,0.0
2026-01-25 13:42:02,clusterA,11,4,2,2,0.50,0.5,0.5,0.0,0.0,0.0
2026-01-25 13:42:02,clusterB,11,4,3,1,0.75,0.5,0.5,0.0,0.0,0.0
2026-01-25 13:42:07,clusterA,11,4,2,2,0.50,0.5,0.5,0.0,0.0,0.0
2026-01-25 13:42:07,clusterB,11,4,3,1,0.75,0.5,0.5,0.0,0.0,0.0
2026-01-25 13:42:13,clusterA,11,4,2,2,0.50,0.5,0.5,0.0,0.0,0.0
2026-01-25 13:42:13,clusterB,11,4,3,1,0.75,0.5,0.5,0.0,0.0,0.0
2026-01-25 13:42:18,clusterA,11,4,2,2,0.50,0.5,0.5,0.0,0.0,0.0
2026-01-25 13:42:18,clusterB,11,4,3,1,0.75,0.5,0.5,0.0,0.0,0.0
2026-01-25 13:42:23,clusterA,11,4,2,2,0.50,0.5,0.5,0.0,0.0,0.0
2026-01-25 13:42:23,clusterB,11,4,3,1,0.75,0.5,0.5,0.0,0.0,0.0
2026-01-25 13:42:28,clusterA,11,4,2,2,0.50,0.5,0.5,0.0,0.0,0.0
2026-01-25 13:42:28,clusterB,11,4,3,1,0.75,0.5,0.5,0.0,0.0,0.0
2026-01-25 13:42:34,clusterA,11,4,2,2,0.50,0.5,0.5,0.0,0.0,0.0
2026-01-25 13:42:34,clusterB,11,4,3,1,0.75,0.5,0.5,0.0,0.0,0.0
2026-01-25 13:42:39,clusterA,11,4,2,2,0.50,0.5,0.5,0.0,0.0,0.0
2026-01-25 13:42:39,clusterB,11,4,3,1,0.75,0.5,0.5,0.0,0.0,0.0
2026-01-25 13:42:44,clusterA,11,4,2,2,0.50,0.5,0.5,0.0,0.0,0.0
2026-01-25 13:42:44,clusterB,11,4,3,1,0.75,0.5,0.5,0.0,0.0,0.0
2026-01-25 13:42:49,clusterA,11,4,2,2,0.50,0.5,0.5,0.0,0.0,0.0
2026-01-25 13:42:49,clusterB,11,4,3,1,0.75,0.5,0.5,0.0,0.0,0.0
2026-01-25 13:42:55,clusterA,11,4,2,2,0.50,0.5,0.5,0.0,0.0,0.0
2026-01-25 13:42:55,clusterB,11,4,3,1,0.75,0.5,0.5,0.0,0.0,0.0
2026-01-25 13:43:00,clusterA,11,4,2,2,0.50,0.5,0.5,0.0,0.0,0.0
2026-01-25 13:43:00,clusterB,11,4,3,1,0.75,0.5,0.5,0.0,0.0,0.0
2026-01-25 13:43:05,clusterA,11,4,2,2,0.50,0.5,0.5,0.0,0.0,0.0
2026-01-25 13:43:05,clusterB,11,4,3,1,0.75,0.5,0.5,0.0,0.0,0.0
2026-01-25 13:43:10,clusterA,11,4,2,2,0.50,0.5,0.5,0.0,0.0,0.0
2026-01-25 13:43:10,clusterB,11,4,3,1,0.75,0.5,0.5,0.0,0.0,0.0
2026-01-25 13:43:16,clusterA,11,4,2,2,0.50,0.5,0.5,0.0,0.0,0.0
2026-01-25 13:43:16,clusterB,11,4,3,1,0.75,0.5,0.5,0.0,0.0,0.0
2026-01-25 13:43:21,clusterA,11,4,2,2,0.50,0.5,0.5,0.0,0.0,0.0
2026-01-25 13:43:21,clusterB,11,4,3,1,0.75,0.5,0.5,0.0,0.0,0.0
2026-01-25 13:43:26,clusterA,11,4,2,2,0.50,0.5,0.5,0.0,0.0,0.0
2026-01-25 13:43:26,clusterB,11,4,3,1,0.75,0.5,0.5,0.0,0.0,0.0
2026-01-25 13:43:31,clusterA,11,4,2,2,0.50,0.5,0.5,0.0,0.0,0.0
2026-01-25 13:43:31,clusterB,11,4,3,1,0.75,0.5,0.5,0.0,0.0,0.0
2026-01-25 13:43:36,clusterA,11,4,2,2,0.50,0.5,0.5,0.0,0.0,0.0
2026-01-25 13:43:36,clusterB,11,4,3,1,0.75,0.5,0.5,0.0,0.0,0.0
2026-01-25 13:43:42,clusterA,11,4,2,2,0.50,0.5,0.5,0.0,0.0,0.0
2026-01-25 13:43:42,clusterB,11,4,3,1,0.75,0.5,0.5,0.0,0.0,0.0
2026-01-25 13:43:47,clusterA,11,4,2,2,0.50,0.5,0.5,0.0,0.0,0.0
2026-01-25 13:43:47,clusterB,11,4,3,1,0.75,0.5,0.5,0.0,0.0,0.0
2026-01-25 13:43:52,clusterA,11,4,2,2,0.50,0.5,0.5,0.0,0.0,0.0
2026-01-25 13:43:52,clusterB,11,4,3,1,0.75,0.5,0.5,0.0,0.0,0.0
2026-01-25 13:43:57,clusterA,11,4,2,2,0.50,0.5,0.5,0.0,0.0,0.0
2026-01-25 13:43:57,clusterB,11,4,3,1,0.75,0.5,0.5,0.0,0.0,0.0
2026-01-25 13:44:03,clusterA,11,4,2,2,0.50,0.5,0.5,0.0,0.0,0.0
2026-01-25 13:44:03,clusterB,11,4,3,1,0.75,0.5,0.5,0.0,0.0,0.0
2026-01-25 13:44:08,clusterA,11,4,2,2,0.50,0.5,0.5,0.0,0.0,0.0
2026-01-25 13:44:08,clusterB,11,4,3,1,0.75,0.5,0.5,0.0,0.0,0.0
2026-01-25 13:44:13,clusterA,11,4,2,2,0.50,0.5,0.5,0.0,0.0,0.0
2026-01-25 13:44:13,clusterB,11,4,3,1,0.75,0.5,0.5,0.0,0.0,0.0
2026-01-25 13:44:18,clusterA,11,4,2,2,0.50,0.5,0.5,0.0,0.0,0.0
2026-01-25 13:44:18,clusterB,11,4,3,1,0.75,0.5,0.5,0.0,0.0,0.0
2026-01-25 13:44:24,clusterA,11,4,2,2,0.50,0.5,0.5,0.0,0.0,0.0
2026-01-25 13:44:24,clusterB,11,4,3,1,0.75,0.5,0.5,0.0,0.0,0.0
2026-01-25 13:44:29,clusterA,11,4,2,2,0.50,0.5,0.5,0.0,0.0,0.0
2026-01-25 13:44:29,clusterB,11,4,3,1,0.75,0.5,0.5,0.0,0.0,0.0
2026-01-25 13:44:34,clusterA,11,4,2,2,0.50,0.5,0.5,0.0,0.0,0.0
2026-01-25 13:44:34,clusterB,11,4,3,1,0.75,0.5,0.5,0.0,0.0,0.0
2026-01-25 13:44:39,clusterA,11,4,2,2,0.50,0.5,0.5,0.0,0.0,0.0
2026-01-25 13:44:39,clusterB,11,4,3,1,0.75,0.5,0.5,0.0,0.0,0.0
2026-01-25 13:44:44,clusterA,11,4,2,2,0.50,0.5,0.5,0.0,0.0,0.0
2026-01-25 13:44:44,clusterB,11,4,3,1,0.75,0.5,0.5,0.0,0.0,0.0
2026-01-25 13:44:50,clusterA,11,4,2,2,0.50,0.5,0.5,0.0,0.0,0.0
2026-01-25 13:44:50,clusterB,11,4,3,1,0.75,0.5,0.5,0.0,0.0,0.0
2026-01-25 13:44:55,clusterA,11,4,2,2,0.50,0.5,0.5,0.0,0.0,0.0
2026-01-25 13:44:55,clusterB,11,4,3,1,0.75,0.5,0.5,0.0,0.0,0.0
2026-01-25 13:45:00,clusterA,11,4,2,2,0.50,0.5,0.5,0.0,0.0,0.0
2026-01-25 13:45:00,clusterB,11,4,3,1,0.75,0.5,0.5,0.0,0.0,0.0
2026-01-25 13:45:05,clusterA,11,4,2,2,0.50,0.5,0.5,0.0,0.0,0.0
2026-01-25 13:45:05,clusterB,11,4,3,1,0.75,0.5,0.5,0.0,0.0,0.0
2026-01-25 13:45:11,clusterA,11,4,2,2,0.50,0.5,0.5,0.0,0.0,0.0
2026-01-25 13:45:11,clusterB,11,4,3,1,0.75,0.5,0.5,0.0,0.0,0.0
2026-01-25 13:45:16,clusterA,11,4,2,2,0.50,0.5,0.5,0.0,0.0,0.0
2026-01-25 13:45:16,clusterB,11,4,3,1,0.75,0.5,0.5,0.0,0.0,0.0
2026-01-25 13:45:21,clusterA,12,4,2,2,0.50,0.5,0.5,0.0,0.0,0.0
2026-01-25 13:45:21,clusterB,12,4,3,1,0.75,0.5,0.5,0.0,0.0,0.0
2026-01-25 13:45:26,clusterA,12,4,2,2,0.50,0.5,0.5,0.0,0.0,0.0
2026-01-25 13:45:26,clusterB,12,4,3,1,0.75,0.5,0.5,0.0,0.0,0.0
2026-01-25 13:45:32,clusterA,12,4,2,2,0.50,0.5,0.5,0.0,0.0,0.0
2026-01-25 13:45:32,clusterB,12,4,3,1,0.75,0.5,0.5,0.0,0.0,0.0
2026-01-25 13:45:37,clusterA,12,4,2,2,0.50,0.5,0.5,0.0,0.0,0.0
2026-01-25 13:45:37,clusterB,12,4,3,1,0.75,0.5,0.5,0.0,0.0,0.0
2026-01-25 13:45:42,clusterA,12,4,2,2,0.50,0.5,0.5,0.0,0.0,0.0
2026-01-25 13:45:42,clusterB,12,4,3,1,0.75,0.5,0.5,0.0,0.0,0.0
2026-01-25 13:45:47,clusterA,12,4,2,2,0.50,0.5,0.5,0.0,0.0,0.0
2026-01-25 13:45:47,clusterB,12,4,3,1,0.75,0.5,0.5,0.0,0.0,0.0
2026-01-25 13:45:52,clusterA,12,4,2,2,0.50,0.5,0.5,0.0,0.0,0.0
2026-01-25 13:45:52,clusterB,12,4,3,1,0.75,0.5,0.5,0.0,0.0,0.0
2026-01-25 13:45:58,clusterA,12,4,2,2,0.50,0.5,0.5,0.0,0.0,0.0
2026-01-25 13:45:58,clusterB,12,4,3,1,0.75,0.5,0.5,0.0,0.0,0.0
2026-01-25 13:46:03,clusterA,12,4,2,2,0.50,0.5,0.5,0.0,0.0,0.0
2026-01-25 13:46:03,clusterB,12,4,3,1,0.75,0.5,0.5,0.0,0.0,0.0
2026-01-25 13:46:08,clusterA,12,4,2,2,0.50,0.5,0.5,0.0,0.0,0.0
2026-01-25 13:46:08,clusterB,12,4,3,1,0.75,0.5,0.5,0.0,0.0,0.0
2026-01-25 13:46:13,clusterA,12,4,2,2,0.50,0.5,0.5,0.0,0.0,0.0
2026-01-25 13:46:13,clusterB,12,4,3,1,0.75,0.5,0.5,0.0,0.0,0.0
2026-01-25 13:46:19,clusterA,12,4,2,2,0.50,0.5,0.5,0.0,0.0,0.0
2026-01-25 13:46:19,clusterB,12,4,3,1,0.75,0.5,0.5,0.0,0.0,0.0
2026-01-25 13:46:24,clusterA,12,4,2,2,0.50,0.5,0.5,0.0,0.0,0.0
2026-01-25 13:46:24,clusterB,12,4,3,1,0.75,0.5,0.5,0.0,0.0,0.0
2026-01-25 13:46:29,clusterA,12,4,2,2,0.50,0.5,0.5,0.0,0.0,0.0
2026-01-25 13:46:29,clusterB,12,4,3,1,0.75,0.5,0.5,0.0,0.0,0.0
2026-01-25 13:46:34,clusterA,12,4,2,2,0.50,0.5,0.5,0.0,0.0,0.0
2026-01-25 13:46:34,clusterB,12,4,3,1,0.75,0.5,0.5,0.0,0.0,0.0
2026-01-25 13:46:39,clusterA,12,4,2,2,0.50,0.5,0.5,0.0,0.0,0.0
2026-01-25 13:46:39,clusterB,12,4,3,1,0.75,0.5,0.5,0.0,0.0,0.0
2026-01-25 13:46:45,clusterA,12,4,2,2,0.50,0.5,0.5,0.0,0.0,0.0
2026-01-25 13:46:45,clusterB,12,4,3,1,0.75,0.5,0.5,0.0,0.0,0.0
2026-01-25 13:46:50,clusterA,12,4,2,2,0.50,0.5,0.5,0.0,0.0,0.0
2026-01-25 13:46:50,clusterB,12,4,3,1,0.75,0.5,0.5,0.0,0.0,0.0
2026-01-25 13:46:55,clusterA,12,4,2,2,0.50,0.5,0.5,0.0,0.0,0.0
2026-01-25 13:46:55,clusterB,12,4,3,1,0.75,0.5,0.5,0.0,0.0,0.0
2026-01-25 13:47:00,clusterA,12,4,2,2,0.50,0.5,0.5,0.0,0.0,0.0
2026-01-25 13:47:00,clusterB,12,4,3,1,0.75,0.5,0.5,0.0,0.0,0.0
2026-01-25 13:47:06,clusterA,12,4,2,2,0.50,0.5,0.5,0.0,0.0,0.0
2026-01-25 13:47:06,clusterB,12,4,3,1,0.75,0.5,0.5,0.0,0.0,0.0
2026-01-25 13:47:11,clusterA,12,4,2,2,0.50,0.5,0.5,0.0,0.0,0.0
2026-01-25 13:47:11,clusterB,12,4,3,1,0.75,0.5,0.5,0.0,0.0,0.0
2026-01-25 13:47:16,clusterA,12,4,2,2,0.50,0.5,0.5,0.0,0.0,0.0
2026-01-25 13:47:16,clusterB,12,4,3,1,0.75,0.5,0.5,0.0,0.0,0.0
2026-01-25 13:47:21,clusterA,12,4,2,2,0.50,0.5,0.5,0.0,0.0,0.0
2026-01-25 13:47:21,clusterB,12,4,3,1,0.75,0.5,0.5,0.0,0.0,0.0
2026-01-25 13:47:26,clusterA,12,4,2,2,0.50,0.5,0.5,0.0,0.0,0.0
2026-01-25 13:47:26,clusterB,12,4,3,1,0.75,0.5,0.5,0.0,0.0,0.0
2026-01-25 13:47:32,clusterA,12,4,2,2,0.50,0.5,0.5,0.0,0.0,0.0
2026-01-25 13:47:32,clusterB,12,4,3,1,0.75,0.5,0.5,0.0,0.0,0.0
2026-01-25 13:47:37,clusterA,12,4,2,2,0.50,0.5,0.5,0.0,0.0,0.0
2026-01-25 13:47:37,clusterB,12,4,3,1,0.75,0.5,0.5,0.0,0.0,0.0
2026-01-25 13:47:42,clusterA,12,4,2,2,0.50,0.5,0.5,0.0,0.0,0.0
2026-01-25 13:47:42,clusterB,12,4,3,1,0.75,0.5,0.5,0.0,0.0,0.0
2026-01-25 13:47:47,clusterA,12,4,2,2,0.50,0.5,0.5,0.0,0.0,0.0
2026-01-25 13:47:47,clusterB,12,4,3,1,0.75,0.5,0.5,0.0,0.0,0.0
2026-01-25 13:47:53,clusterA,12,4,2,2,0.50,0.5,0.5,0.0,0.0,0.0
2026-01-25 13:47:53,clusterB,12,4,3,1,0.75,0.5,0.5,0.0,0.0,0.0
2026-01-25 13:47:58,clusterA,12,4,2,2,0.50,0.5,0.5,0.0,0.0,0.0
2026-01-25 13:47:58,clusterB,12,4,3,1,0.75,0.5,0.5,0.0,0.0,0.0
2026-01-25 13:48:03,clusterA,12,4,2,2,0.50,0.5,0.5,0.0,0.0,0.0
2026-01-25 13:48:03,clusterB,12,4,3,1,0.75,0.5,0.5,0.0,0.0,0.0
2026-01-25 13:48:08,clusterA,12,4,2,2,0.50,0.5,0.5,0.0,0.0,0.0
2026-01-25 13:48:08,clusterB,12,4,3,1,0.75,0.5,0.5,0.0,0.0,0.0
2026-01-25 13:48:14,clusterA,12,4,2,2,0.50,0.5,0.5,0.0,0.0,0.0
2026-01-25 13:48:14,clusterB,12,4,3,1,0.75,0.5,0.5,0.0,0.0,0.0
2026-01-25 13:48:19,clusterA,12,4,2,2,0.50,0.5,0.5,0.0,0.0,0.0
2026-01-25 13:48:19,clusterB,12,4,3,1,0.75,0.5,0.5,0.0,0.0,0.0
2026-01-25 13:48:24,clusterA,12,4,2,2,0.50,0.5,0.5,0.0,0.0,0.0
2026-01-25 13:48:24,clusterB,12,4,3,1,0.75,0.5,0.5,0.0,0.0,0.0
2026-01-25 13:48:29,clusterA,12,4,2,2,0.50,0.5,0.5,0.0,0.0,0.0
2026-01-25 13:48:29,clusterB,12,4,3,1,0.75,0.5,0.5,0.0,0.0,0.0
2026-01-25 13:48:34,clusterA,12,4,2,2,0.50,0.5,0.5,0.0,0.0,0.0
2026-01-25 13:48:34,clusterB,12,4,3,1,0.75,0.5,0.5,0.0,0.0,0.0
2026-01-25 13:48:40,clusterA,12,4,2,2,0.50,0.5,0.5,0.0,0.0,0.0
2026-01-25 13:48:40,clusterB,12,4,3,1,0.75,0.5,0.5,0.0,0.0,0.0
2026-01-25 13:48:45,clusterA,12,4,2,2,0.50,0.5,0.5,0.0,0.0,0.0
2026-01-25 13:48:45,clusterB,12,4,3,1,0.75,0.5,0.5,0.0,0.0,0.0
2026-01-25 13:48:50,clusterA,12,4,2,2,0.50,0.5,0.5,0.0,0.0,0.0
2026-01-25 13:48:50,clusterB,12,4,3,1,0.75,0.5,0.5,0.0,0.0,0.0
2026-01-25 13:48:55,clusterA,12,4,2,2,0.50,0.5,0.5,0.0,0.0,0.0
2026-01-25 13:48:55,clusterB,12,4,3,1,0.75,0.5,0.5,0.0,0.0,0.0
2026-01-25 13:49:01,clusterA,12,4,2,2,0.50,0.5,0.5,0.0,0.0,0.0
2026-01-25 13:49:01,clusterB,12,4,3,1,0.75,0.5,0.5,0.0,0.0,0.0
2026-01-25 13:49:06,clusterA,12,4,2,2,0.50,0.5,0.5,0.0,0.0,0.0
2026-01-25 13:49:06,clusterB,12,4,3,1,0.75,0.5,0.5,0.0,0.0,0.0
2026-01-25 13:49:11,clusterA,13,4,2,2,0.50,0.5,0.5,0.0,0.0,0.0
2026-01-25 13:49:11,clusterB,13,4,3,1,0.75,0.5,0.5,0.0,0.0,0.0
2026-01-25 13:49:16,clusterA,13,4,2,2,0.50,0.5,0.5,0.0,0.0,0.0
2026-01-25 13:49:16,clusterB,13,4,3,1,0.75,0.5,0.5,0.0,0.0,0.0
2026-01-25 13:49:22,clusterA,13,4,2,2,0.50,0.5,0.5,0.0,0.0,0.0
2026-01-25 13:49:22,clusterB,13,4,3,1,0.75,0.5,0.5,0.0,0.0,0.0
2026-01-25 13:49:27,clusterA,13,4,2,2,0.50,0.5,0.5,0.0,0.0,0.0
2026-01-25 13:49:27,clusterB,13,4,3,1,0.75,0.5,0.5,0.0,0.0,0.0
2026-01-25 13:49:32,clusterA,13,4,2,2,0.50,0.5,0.5,0.0,0.0,0.0
2026-01-25 13:49:32,clusterB,13,4,3,1,0.75,0.5,0.5,0.0,0.0,0.0
2026-01-25 13:49:37,clusterA,13,4,2,2,0.50,0.5,0.5,0.0,0.0,0.0
2026-01-25 13:49:37,clusterB,13,4,3,1,0.75,0.5,0.5,0.0,0.0,0.0
2026-01-25 13:49:42,clusterA,13,4,2,2,0.50,0.5,0.5,0.0,0.0,0.0
2026-01-25 13:49:42,clusterB,13,4,3,1,0.75,0.5,0.5,0.0,0.0,0.0
2026-01-25 13:49:48,clusterA,14,4,2,2,0.50,0.5,0.5,0.0,0.0,0.0
2026-01-25 13:49:48,clusterB,14,4,3,1,0.75,0.5,0.5,0.0,0.0,0.0
2026-01-25 13:49:53,clusterA,14,4,2,2,0.50,0.5,0.5,0.0,0.0,0.0
2026-01-25 13:49:53,clusterB,14,4,3,1,0.75,0.5,0.5,0.0,0.0,0.0
2026-01-25 13:49:58,clusterA,14,4,2,2,0.50,0.5,0.5,0.0,0.0,0.0
2026-01-25 13:49:58,clusterB,14,4,3,1,0.75,0.5,0.5,0.0,0.0,0.0
2026-01-25 13:50:03,clusterA,14,4,2,2,0.50,0.5,0.5,0.0,0.0,0.0
2026-01-25 13:50:03,clusterB,14,4,3,1,0.75,0.5,0.5,0.0,0.0,0.0
2026-01-25 13:50:09,clusterA,14,4,2,2,0.50,0.5,0.5,0.0,0.0,0.0
2026-01-25 13:50:09,clusterB,14,4,3,1,0.75,0.5,0.5,0.0,0.0,0.0
2026-01-25 13:50:14,clusterA,14,4,2,2,0.50,0.5,0.5,0.0,0.0,0.0
2026-01-25 13:50:14,clusterB,14,4,3,1,0.75,0.5,0.5,0.0,0.0,0.0
2026-01-25 13:50:19,clusterA,14,4,2,2,0.50,0.5,0.5,0.0,0.0,0.0
2026-01-25 13:50:19,clusterB,14,4,3,1,0.75,0.5,0.5,0.0,0.0,0.0
2026-01-25 13:50:24,clusterA,14,4,2,2,0.50,0.5,0.5,0.0,0.0,0.0
2026-01-25 13:50:24,clusterB,14,4,3,1,0.75,0.5,0.5,0.0,0.0,0.0
2026-01-25 13:50:29,clusterA,14,4,2,2,0.50,0.5,0.5,0.0,0.0,0.0
2026-01-25 13:50:29,clusterB,14,4,3,1,0.75,0.5,0.5,0.0,0.0,0.0
2026-01-25 13:50:35,clusterA,14,4,2,2,0.50,0.5,0.5,0.0,0.0,0.0
2026-01-25 13:50:35,clusterB,14,4,3,1,0.75,0.5,0.5,0.0,0.0,0.0
2026-01-25 13:50:40,clusterA,14,4,2,2,0.50,0.5,0.5,0.0,0.0,0.0
2026-01-25 13:50:40,clusterB,14,4,3,1,0.75,0.5,0.5,0.0,0.0,0.0
2026-01-25 13:50:45,clusterA,14,4,2,2,0.50,0.5,0.5,0.0,0.0,0.0
2026-01-25 13:50:45,clusterB,14,4,3,1,0.75,0.5,0.5,0.0,0.0,0.0
2026-01-25 13:50:50,clusterA,14,4,2,2,0.50,0.5,0.5,0.0,0.0,0.0
2026-01-25 13:50:50,clusterB,14,4,3,1,0.75,0.5,0.5,0.0,0.0,0.0
2026-01-25 13:50:56,clusterA,14,4,2,2,0.50,0.5,0.5,0.0,0.0,0.0
2026-01-25 13:50:56,clusterB,14,4,3,1,0.75,0.5,0.5,0.0,0.0,0.0
2026-01-25 13:51:01,clusterA,14,4,2,2,0.50,0.5,0.5,0.0,0.0,0.0
2026-01-25 13:51:01,clusterB,14,4,3,1,0.75,0.5,0.5,0.0,0.0,0.0
2026-01-25 13:51:06,clusterA,14,4,2,2,0.50,0.5,0.5,0.0,0.0,0.0
2026-01-25 13:51:06,clusterB,14,4,3,1,0.75,0.5,0.5,0.0,0.0,0.0
2026-01-25 13:51:11,clusterA,14,4,2,2,0.50,0.5,0.5,0.0,0.0,0.0
2026-01-25 13:51:11,clusterB,14,4,3,1,0.75,0.5,0.5,0.0,0.0,0.0
2026-01-25 13:51:16,clusterA,14,4,2,2,0.50,0.5,0.5,0.0,0.0,0.0
2026-01-25 13:51:16,clusterB,14,4,3,1,0.75,0.5,0.5,0.0,0.0,0.0
2026-01-25 13:51:22,clusterA,14,4,2,2,0.50,0.5,0.5,0.0,0.0,0.0
2026-01-25 13:51:22,clusterB,14,4,3,1,0.75,0.5,0.5,0.0,0.0,0.0
2026-01-25 13:51:27,clusterA,14,4,2,2,0.50,0.5,0.5,0.0,0.0,0.0
2026-01-25 13:51:27,clusterB,14,4,3,1,0.75,0.5,0.5,0.0,0.0,0.0
2026-01-25 13:51:32,clusterA,14,4,2,2,0.50,0.5,0.5,0.0,0.0,0.0
2026-01-25 13:51:32,clusterB,14,4,3,1,0.75,0.5,0.5,0.0,0.0,0.0
2026-01-25 13:51:37,clusterA,14,4,2,2,0.50,0.5,0.5,0.0,0.0,0.0
2026-01-25 13:51:37,clusterB,14,4,3,1,0.75,0.5,0.5,0.0,0.0,0.0
2026-01-25 13:51:43,clusterA,14,4,2,2,0.50,0.5,0.5,0.0,0.0,0.0
2026-01-25 13:51:43,clusterB,14,4,3,1,0.75,0.5,0.5,0.0,0.0,0.0
2026-01-25 13:51:48,clusterA,14,4,2,2,0.50,0.5,0.5,0.0,0.0,0.0
2026-01-25 13:51:48,clusterB,14,4,3,1,0.75,0.5,0.5,0.0,0.0,0.0
2026-01-25 13:51:53,clusterA,14,4,2,2,0.50,0.5,0.5,0.0,0.0,0.0
2026-01-25 13:51:53,clusterB,14,4,3,1,0.75,0.5,0.5,0.0,0.0,0.0
2026-01-25 13:51:58,clusterA,14,4,2,2,0.50,0.5,0.5,0.0,0.0,0.0
2026-01-25 13:51:58,clusterB,14,4,3,1,0.75,0.5,0.5,0.0,0.0,0.0
2026-01-25 13:52:04,clusterA,14,4,2,2,0.50,0.5,0.5,0.0,0.0,0.0
2026-01-25 13:52:04,clusterB,14,4,3,1,0.75,0.5,0.5,0.0,0.0,0.0
2026-01-25 13:52:09,clusterA,14,4,2,2,0.50,0.5,0.5,0.0,0.0,0.0
2026-01-25 13:52:09,clusterB,14,4,3,1,0.75,0.5,0.5,0.0,0.0,0.0
2026-01-25 13:52:14,clusterA,14,4,2,2,0.50,0.5,0.5,0.0,0.0,0.0
2026-01-25 13:52:14,clusterB,14,4,3,1,0.75,0.5,0.5,0.0,0.0,0.0
2026-01-25 13:52:19,clusterA,14,4,2,2,0.50,0.5,0.5,0.0,0.0,0.0
2026-01-25 13:52:19,clusterB,14,4,3,1,0.75,0.5,0.5,0.0,0.0,0.0
2026-01-25 13:52:24,clusterA,14,4,2,2,0.50,0.5,0.5,0.0,0.0,0.0
2026-01-25 13:52:24,clusterB,14,4,3,1,0.75,0.5,0.5,0.0,0.0,0.0
2026-01-25 13:52:30,clusterA,14,4,2,2,0.50,0.5,0.5,0.0,0.0,0.0
2026-01-25 13:52:30,clusterB,14,4,3,1,0.75,0.5,0.5,0.0,0.0,0.0
2026-01-25 13:52:35,clusterA,14,4,2,2,0.50,0.5,0.5,0.0,0.0,0.0
2026-01-25 13:52:35,clusterB,14,4,3,1,0.75,0.5,0.5,0.0,0.0,0.0
2026-01-25 13:52:40,clusterA,15,4,2,2,0.50,0.5,0.5,0.0,0.0,0.0
2026-01-25 13:52:40,clusterB,15,4,3,1,0.75,0.5,0.5,0.0,0.0,0.0
2026-01-25 13:52:45,clusterA,15,4,2,2,0.50,0.5,0.5,0.0,0.0,0.0
2026-01-25 13:52:45,clusterB,15,4,3,1,0.75,0.5,0.5,0.0,0.0,0.0
2026-01-25 13:52:50,clusterA,15,4,2,2,0.50,0.5,0.5,0.0,0.0,0.0
2026-01-25 13:52:50,clusterB,15,4,3,1,0.75,0.5,0.5,0.0,0.0,0.0
2026-01-25 13:52:56,clusterA,15,4,2,2,0.50,0.5,0.5,0.0,0.0,0.0
2026-01-25 13:52:56,clusterB,15,4,3,1,0.75,0.5,0.5,0.0,0.0,0.0
2026-01-25 13:53:01,clusterA,15,4,2,2,0.50,0.5,0.5,0.0,0.0,0.0
2026-01-25 13:53:01,clusterB,15,4,3,1,0.75,0.5,0.5,0.0,0.0,0.0
2026-01-25 13:53:06,clusterA,15,4,2,2,0.50,0.5,0.5,0.0,0.0,0.0
2026-01-25 13:53:06,clusterB,15,4,3,1,0.75,0.5,0.5,0.0,0.0,0.0
2026-01-25 13:53:11,clusterA,15,4,2,2,0.50,0.5,0.5,0.0,0.0,0.0
2026-01-25 13:53:11,clusterB,15,4,3,1,0.75,0.5,0.5,0.0,0.0,0.0
2026-01-25 13:53:17,clusterA,15,4,2,2,0.50,0.5,0.5,0.0,0.0,0.0
2026-01-25 13:53:17,clusterB,15,4,3,1,0.75,0.5,0.5,0.0,0.0,0.0
2026-01-25 13:53:22,clusterA,16,4,2,2,0.50,0.5,0.5,0.0,0.0,0.0
2026-01-25 13:53:22,clusterB,16,4,3,1,0.75,0.5,0.5,0.0,0.0,0.0
2026-01-25 13:53:27,clusterA,16,4,2,2,0.50,0.5,0.5,0.0,0.0,0.0
2026-01-25 13:53:27,clusterB,16,4,3,1,0.75,0.5,0.5,0.0,0.0,0.0
2026-01-25 13:53:32,clusterA,16,4,2,2,0.50,0.5,0.5,0.0,0.0,0.0
2026-01-25 13:53:32,clusterB,16,4,3,1,0.75,0.5,0.5,0.0,0.0,0.0
2026-01-25 13:53:37,clusterA,16,4,2,2,0.50,0.5,0.5,0.0,0.0,0.0
2026-01-25 13:53:37,clusterB,16,4,3,1,0.75,0.5,0.5,0.0,0.0,0.0
2026-01-25 13:53:43,clusterA,16,4,2,2,0.50,0.5,0.5,0.0,0.0,0.0
2026-01-25 13:53:43,clusterB,16,4,3,1,0.75,0.5,0.5,0.0,0.0,0.0
2026-01-25 13:53:48,clusterA,16,4,2,2,0.50,0.5,0.5,0.0,0.0,0.0
2026-01-25 13:53:48,clusterB,16,4,3,1,0.75,0.5,0.5,0.0,0.0,0.0
2026-01-25 13:53:53,clusterA,16,4,2,2,0.50,0.5,0.5,0.0,0.0,0.0
2026-01-25 13:53:53,clusterB,16,4,3,1,0.75,0.5,0.5,0.0,0.0,0.0
2026-01-25 13:53:58,clusterA,16,4,2,2,0.50,0.5,0.5,0.0,0.0,0.0
2026-01-25 13:53:58,clusterB,16,4,3,1,0.75,0.5,0.5,0.0,0.0,0.0
2026-01-25 13:54:04,clusterA,16,4,2,2,0.50,0.5,0.5,0.0,0.0,0.0
2026-01-25 13:54:04,clusterB,16,4,3,1,0.75,0.5,0.5,0.0,0.0,0.0
2026-01-25 13:54:09,clusterA,16,4,2,2,0.50,0.5,0.5,0.0,0.0,0.0
2026-01-25 13:54:09,clusterB,16,4,3,1,0.75,0.5,0.5,0.0,0.0,0.0
2026-01-25 13:54:14,clusterA,16,4,2,2,0.50,0.5,0.5,0.0,0.0,0.0
2026-01-25 13:54:14,clusterB,16,4,3,1,0.75,0.5,0.5,0.0,0.0,0.0
2026-01-25 13:54:19,clusterA,16,4,2,2,0.50,0.5,0.5,0.0,0.0,0.0
2026-01-25 13:54:19,clusterB,16,4,3,1,0.75,0.5,0.5,0.0,0.0,0.0
2026-01-25 13:54:25,clusterA,16,4,2,2,0.50,0.5,0.5,0.0,0.0,0.0
2026-01-25 13:54:25,clusterB,16,4,3,1,0.75,0.5,0.5,0.0,0.0,0.0
2026-01-25 13:54:30,clusterA,16,4,2,2,0.50,0.5,0.5,0.0,0.0,0.0
2026-01-25 13:54:30,clusterB,16,4,3,1,0.75,0.5,0.5,0.0,0.0,0.0
2026-01-25 13:54:35,clusterA,16,4,2,2,0.50,0.5,0.5,0.0,0.0,0.0
2026-01-25 13:54:35,clusterB,16,4,3,1,0.75,0.5,0.5,0.0,0.0,0.0
2026-01-25 13:54:40,clusterA,16,4,2,2,0.50,0.5,0.5,0.0,0.0,0.0
2026-01-25 13:54:40,clusterB,16,4,3,1,0.75,0.5,0.5,0.0,0.0,0.0
2026-01-25 13:54:45,clusterA,16,4,2,2,0.50,0.5,0.5,0.0,0.0,0.0
2026-01-25 13:54:45,clusterB,16,4,3,1,0.75,0.5,0.5,0.0,0.0,0.0
2026-01-25 13:54:51,clusterA,16,4,2,2,0.50,0.5,0.5,0.0,0.0,0.0
2026-01-25 13:54:51,clusterB,16,4,3,1,0.75,0.5,0.5,0.0,0.0,0.0
2026-01-25 13:54:56,clusterA,16,4,2,2,0.50,0.5,0.5,0.0,0.0,0.0
2026-01-25 13:54:56,clusterB,16,4,3,1,0.75,0.5,0.5,0.0,0.0,0.0
2026-01-25 13:55:01,clusterA,16,4,2,2,0.50,0.5,0.5,0.0,0.0,0.0
2026-01-25 13:55:01,clusterB,16,4,3,1,0.75,0.5,0.5,0.0,0.0,0.0
2026-01-25 13:55:06,clusterA,16,4,2,2,0.50,0.5,0.5,0.0,0.0,0.0
2026-01-25 13:55:06,clusterB,16,4,3,1,0.75,0.5,0.5,0.0,0.0,0.0
2026-01-25 13:55:12,clusterA,16,4,2,2,0.50,0.5,0.5,0.0,0.0,0.0
2026-01-25 13:55:12,clusterB,16,4,3,1,0.75,0.5,0.5,0.0,0.0,0.0
2026-01-25 13:55:17,clusterA,16,4,2,2,0.50,0.5,0.5,0.0,0.0,0.0
2026-01-25 13:55:17,clusterB,16,4,3,1,0.75,0.5,0.5,0.0,0.0,0.0
2026-01-25 13:55:22,clusterA,16,4,2,2,0.50,0.5,0.5,0.0,0.0,0.0
2026-01-25 13:55:22,clusterB,16,4,3,1,0.75,0.5,0.5,0.0,0.0,0.0
2026-01-25 13:55:27,clusterA,16,4,2,2,0.50,0.5,0.5,0.0,0.0,0.0
2026-01-25 13:55:27,clusterB,16,4,3,1,0.75,0.5,0.5,0.0,0.0,0.0
2026-01-25 13:55:32,clusterA,16,4,2,2,0.50,0.5,0.5,0.0,0.0,0.0
2026-01-25 13:55:32,clusterB,16,4,3,1,0.75,0.5,0.5,0.0,0.0,0.0
2026-01-25 13:55:38,clusterA,16,4,2,2,0.50,0.5,0.5,0.0,0.0,0.0
2026-01-25 13:55:38,clusterB,16,4,3,1,0.75,0.5,0.5,0.0,0.0,0.0
2026-01-25 13:55:43,clusterA,16,4,2,2,0.50,0.5,0.5,0.0,0.0,0.0
2026-01-25 13:55:43,clusterB,16,4,3,1,0.75,0.5,0.5,0.0,0.0,0.0
2026-01-25 13:55:48,clusterA,16,4,2,2,0.50,0.5,0.5,0.0,0.0,0.0
2026-01-25 13:55:48,clusterB,16,4,3,1,0.75,0.5,0.5,0.0,0.0,0.0
2026-01-25 13:55:53,clusterA,16,4,2,2,0.50,0.5,0.5,0.0,0.0,0.0
2026-01-25 13:55:53,clusterB,16,4,3,1,0.75,0.5,0.5,0.0,0.0,0.0
2026-01-25 13:55:59,clusterA,16,4,2,2,0.50,0.5,0.5,0.0,0.0,0.0
2026-01-25 13:55:59,clusterB,16,4,3,1,0.75,0.5,0.5,0.0,0.0,0.0
2026-01-25 13:56:04,clusterA,16,4,2,2,0.50,0.5,0.5,0.0,0.0,0.0
2026-01-25 13:56:04,clusterB,16,4,3,1,0.75,0.5,0.5,0.0,0.0,0.0
2026-01-25 13:56:09,clusterA,16,4,2,2,0.50,0.5,0.5,0.0,0.0,0.0
2026-01-25 13:56:09,clusterB,16,4,3,1,0.75,0.5,0.5,0.0,0.0,0.0
2026-01-25 13:56:14,clusterA,16,4,2,2,0.50,0.5,0.5,0.0,0.0,0.0
2026-01-25 13:56:14,clusterB,16,4,3,1,0.75,0.5,0.5,0.0,0.0,0.0
2026-01-25 13:56:20,clusterA,16,4,2,2,0.50,0.5,0.5,0.0,0.0,0.0
2026-01-25 13:56:20,clusterB,16,4,3,1,0.75,0.5,0.5,0.0,0.0,0.0
2026-01-25 13:56:25,clusterA,16,4,2,2,0.50,0.5,0.5,0.0,0.0,0.0
2026-01-25 13:56:25,clusterB,16,4,3,1,0.75,0.5,0.5,0.0,0.0,0.0
2026-01-25 13:56:30,clusterA,16,4,2,2,0.50,0.5,0.5,0.0,0.0,0.0
2026-01-25 13:56:30,clusterB,16,4,3,1,0.75,0.5,0.5,0.0,0.0,0.0
2026-01-25 13:56:35,clusterA,16,4,2,2,0.50,0.5,0.5,0.0,0.0,0.0
2026-01-25 13:56:35,clusterB,16,4,3,1,0.75,0.5,0.5,0.0,0.0,0.0
2026-01-25 13:56:41,clusterA,16,4,2,2,0.50,0.5,0.5,0.0,0.0,0.0
2026-01-25 13:56:41,clusterB,16,4,3,1,0.75,0.5,0.5,0.0,0.0,0.0
2026-01-25 13:56:46,clusterA,16,4,2,2,0.50,0.5,0.5,0.0,0.0,0.0
2026-01-25 13:56:46,clusterB,16,4,3,1,0.75,0.5,0.5,0.0,0.0,0.0
2026-01-25 13:56:51,clusterA,16,4,2,2,0.50,0.5,0.5,0.0,0.0,0.0
2026-01-25 13:56:51,clusterB,16,4,3,1,0.75,0.5,0.5,0.0,0.0,0.0
2026-01-25 13:56:56,clusterA,16,4,2,2,0.50,0.5,0.5,0.0,0.0,0.0
2026-01-25 13:56:56,clusterB,16,4,3,1,0.75,0.5,0.5,0.0,0.0,0.0
2026-01-25 13:57:01,clusterA,16,4,2,2,0.50,0.5,0.5,0.0,0.0,0.0
2026-01-25 13:57:01,clusterB,16,4,3,1,0.75,0.5,0.5,0.0,0.0,0.0
2026-01-25 13:57:07,clusterA,16,4,2,2,0.50,0.5,0.5,0.0,0.0,0.0
2026-01-25 13:57:07,clusterB,16,4,3,1,0.75,0.5,0.5,0.0,0.0,0.0
2026-01-25 13:57:12,clusterA,16,4,2,2,0.50,0.5,0.5,0.0,0.0,0.0
2026-01-25 13:57:12,clusterB,16,4,3,1,0.75,0.5,0.5,0.0,0.0,0.0
2026-01-25 13:57:17,clusterA,16,4,2,2,0.50,0.5,0.5,0.0,0.0,0.0
2026-01-25 13:57:17,clusterB,16,4,3,1,0.75,0.5,0.5,0.0,0.0,0.0
2026-01-25 13:57:22,clusterA,16,4,2,2,0.50,0.5,0.5,0.0,0.0,0.0
2026-01-25 13:57:22,clusterB,16,4,3,1,0.75,0.5,0.5,0.0,0.0,0.0
2026-01-25 13:57:28,clusterA,16,4,2,2,0.50,0.5,0.5,0.0,0.0,0.0
2026-01-25 13:57:28,clusterB,16,4,3,1,0.75,0.5,0.5,0.0,0.0,0.0
2026-01-25 13:57:33,clusterA,16,4,2,2,0.50,0.5,0.5,0.0,0.0,0.0
2026-01-25 13:57:33,clusterB,16,4,3,1,0.75,0.5,0.5,0.0,0.0,0.0
2026-01-25 13:57:38,clusterA,16,4,2,2,0.50,0.5,0.5,0.0,0.0,0.0
2026-01-25 13:57:38,clusterB,16,4,3,1,0.75,0.5,0.5,0.0,0.0,0.0
2026-01-25 13:57:43,clusterA,16,4,2,2,0.50,0.5,0.5,0.0,0.0,0.0
2026-01-25 13:57:43,clusterB,16,4,3,1,0.75,0.5,0.5,0.0,0.0,0.0
2026-01-25 13:57:48,clusterA,16,4,2,2,0.50,0.5,0.5,0.0,0.0,0.0
2026-01-25 13:57:48,clusterB,16,4,3,1,0.75,0.5,0.5,0.0,0.0,0.0
2026-01-25 13:57:54,clusterA,16,4,2,2,0.50,0.5,0.5,0.0,0.0,0.0
2026-01-25 13:57:54,clusterB,16,4,3,1,0.75,0.5,0.5,0.0,0.0,0.0
2026-01-25 13:57:59,clusterA,16,4,2,2,0.50,0.5,0.5,0.0,0.0,0.0
2026-01-25 13:57:59,clusterB,16,4,3,1,0.75,0.5,0.5,0.0,0.0,0.0
2026-01-25 13:58:04,clusterA,16,4,2,2,0.50,0.5,0.5,0.0,0.0,0.0
2026-01-25 13:58:04,clusterB,16,4,3,1,0.75,0.5,0.5,0.0,0.0,0.0
2026-01-25 13:58:09,clusterA,16,4,2,2,0.50,0.5,0.5,0.0,0.0,0.0
2026-01-25 13:58:09,clusterB,16,4,3,1,0.75,0.5,0.5,0.0,0.0,0.0
2026-01-25 13:58:15,clusterA,16,4,2,2,0.50,0.5,0.5,0.0,0.0,0.0
2026-01-25 13:58:15,clusterB,16,4,3,1,0.75,0.5,0.5,0.0,0.0,0.0
2026-01-25 13:58:20,clusterA,16,4,2,2,0.50,0.5,0.5,0.0,0.0,0.0
2026-01-25 13:58:20,clusterB,16,4,3,1,0.75,0.5,0.5,0.0,0.0,0.0
2026-01-25 13:58:25,clusterA,16,4,2,2,0.50,0.5,0.5,0.0,0.0,0.0
2026-01-25 13:58:25,clusterB,16,4,3,1,0.75,0.5,0.5,0.0,0.0,0.0
2026-01-25 13:58:30,clusterA,16,4,2,2,0.50,0.5,0.5,0.0,0.0,0.0
2026-01-25 13:58:30,clusterB,16,4,3,1,0.75,0.5,0.5,0.0,0.0,0.0
2026-01-25 13:58:36,clusterA,16,4,2,2,0.50,0.5,0.5,0.0,0.0,0.0
2026-01-25 13:58:36,clusterB,16,4,3,1,0.75,0.5,0.5,0.0,0.0,0.0
2026-01-25 13:58:41,clusterA,16,4,2,2,0.50,0.5,0.5,0.0,0.0,0.0
2026-01-25 13:58:41,clusterB,16,4,3,1,0.75,0.5,0.5,0.0,0.0,0.0
2026-01-25 13:58:46,clusterA,16,4,2,2,0.50,0.5,0.5,0.0,0.0,0.0
2026-01-25 13:58:46,clusterB,16,4,3,1,0.75,0.5,0.5,0.0,0.0,0.0
2026-01-25 13:58:51,clusterA,16,4,2,2,0.50,0.5,0.5,0.0,0.0,0.0
2026-01-25 13:58:51,clusterB,16,4,3,1,0.75,0.5,0.5,0.0,0.0,0.0
2026-01-25 13:58:57,clusterA,16,4,2,2,0.50,0.5,0.5,0.0,0.0,0.0
2026-01-25 13:58:57,clusterB,16,4,3,1,0.75,0.5,0.5,0.0,0.0,0.0
2026-01-25 13:59:02,clusterA,16,4,2,2,0.50,0.5,0.5,0.0,0.0,0.0
2026-01-25 13:59:02,clusterB,16,4,3,1,0.75,0.5,0.5,0.0,0.0,0.0
2026-01-25 13:59:07,clusterA,16,4,2,2,0.50,0.5,0.5,0.0,0.0,0.0
2026-01-25 13:59:07,clusterB,16,4,3,1,0.75,0.5,0.5,0.0,0.0,0.0
2026-01-25 13:59:12,clusterA,16,4,2,2,0.50,0.5,0.5,0.0,0.0,0.0
2026-01-25 13:59:12,clusterB,16,4,3,1,0.75,0.5,0.5,0.0,0.0,0.0
2026-01-25 13:59:17,clusterA,16,4,2,2,0.50,0.5,0.5,0.0,0.0,0.0
2026-01-25 13:59:17,clusterB,16,4,3,1,0.75,0.5,0.5,0.0,0.0,0.0
2026-01-25 13:59:23,clusterA,16,4,2,2,0.50,0.5,0.5,0.0,0.0,0.0
2026-01-25 13:59:23,clusterB,16,4,3,1,0.75,0.5,0.5,0.0,0.0,0.0
2026-01-25 13:59:28,clusterA,16,4,2,2,0.50,0.5,0.5,0.0,0.0,0.0
2026-01-25 13:59:28,clusterB,16,4,3,1,0.75,0.5,0.5,0.0,0.0,0.0
2026-01-25 13:59:33,clusterA,16,4,2,2,0.50,0.5,0.5,0.0,0.0,0.0
2026-01-25 13:59:33,clusterB,16,4,3,1,0.75,0.5,0.5,0.0,0.0,0.0
2026-01-25 13:59:38,clusterA,16,4,2,2,0.50,0.5,0.5,0.0,0.0,0.0
2026-01-25 13:59:38,clusterB,16,4,3,1,0.75,0.5,0.5,0.0,0.0,0.0
2026-01-25 13:59:44,clusterA,16,4,2,2,0.50,0.5,0.5,0.0,0.0,0.0
2026-01-25 13:59:44,clusterB,16,4,3,1,0.75,0.5,0.5,0.0,0.0,0.0
2026-01-25 13:59:49,clusterA,16,4,2,2,0.50,0.5,0.5,0.0,0.0,0.0
2026-01-25 13:59:49,clusterB,16,4,3,1,0.75,0.5,0.5,0.0,0.0,0.0
2026-01-25 13:59:54,clusterA,16,4,2,2,0.50,0.5,0.5,0.0,0.0,0.0
2026-01-25 13:59:54,clusterB,16,4,3,1,0.75,0.5,0.5,0.0,0.0,0.0
2026-01-25 13:59:59,clusterA,16,4,2,2,0.50,0.5,0.5,0.0,0.0,0.0
2026-01-25 13:59:59,clusterB,16,4,3,1,0.75,0.5,0.5,0.0,0.0,0.0
2026-01-25 14:00:05,clusterA,16,4,2,2,0.50,0.5,0.5,0.0,0.0,0.0
2026-01-25 14:00:05,clusterB,16,4,3,1,0.75,0.5,0.5,0.0,0.0,0.0
2026-01-25 14:00:10,clusterA,16,4,2,2,0.50,0.5,0.5,0.0,0.0,0.0
2026-01-25 14:00:10,clusterB,16,4,3,1,0.75,0.5,0.5,0.0,0.0,0.0
2026-01-25 14:00:15,clusterA,16,4,2,2,0.50,0.5,0.5,0.0,0.0,0.0
2026-01-25 14:00:15,clusterB,16,4,3,1,0.75,0.5,0.5,0.0,0.0,0.0
2026-01-25 14:00:20,clusterA,16,4,2,2,0.50,0.5,0.5,0.0,0.0,0.0
2026-01-25 14:00:20,clusterB,16,4,3,1,0.75,0.5,0.5,0.0,0.0,0.0
2026-01-25 14:00:25,clusterA,16,4,2,2,0.50,0.5,0.5,0.0,0.0,0.0
2026-01-25 14:00:25,clusterB,16,4,3,1,0.75,0.5,0.5,0.0,0.0,0.0
2026-01-25 14:00:31,clusterA,16,4,2,2,0.50,0.5,0.5,0.0,0.0,0.0
2026-01-25 14:00:31,clusterB,16,4,3,1,0.75,0.5,0.5,0.0,0.0,0.0
2026-01-25 14:00:36,clusterA,16,4,2,2,0.50,0.5,0.5,0.0,0.0,0.0
2026-01-25 14:00:36,clusterB,16,4,3,1,0.75,0.5,0.5,0.0,0.0,0.0
2026-01-25 14:00:41,clusterA,16,4,2,2,0.50,0.5,0.5,0.0,0.0,0.0
2026-01-25 14:00:41,clusterB,16,4,3,1,0.75,0.5,0.5,0.0,0.0,0.0
2026-01-25 14:00:46,clusterA,16,4,2,2,0.50,0.5,0.5,0.0,0.0,0.0
2026-01-25 14:00:46,clusterB,16,4,3,1,0.75,0.5,0.5,0.0,0.0,0.0
2026-01-25 14:00:52,clusterA,16,4,2,2,0.50,0.5,0.5,0.0,0.0,0.0
2026-01-25 14:00:52,clusterB,16,4,3,1,0.75,0.5,0.5,0.0,0.0,0.0
2026-01-25 14:00:57,clusterA,16,4,2,2,0.50,0.5,0.5,0.0,0.0,0.0
2026-01-25 14:00:57,clusterB,16,4,3,1,0.75,0.5,0.5,0.0,0.0,0.0
2026-01-25 14:01:02,clusterA,16,4,2,2,0.50,0.5,0.5,0.0,0.0,0.0
2026-01-25 14:01:02,clusterB,16,4,3,1,0.75,0.5,0.5,0.0,0.0,0.0
2026-01-25 14:01:07,clusterA,16,4,2,2,0.50,0.5,0.5,0.0,0.0,0.0
2026-01-25 14:01:07,clusterB,16,4,3,1,0.75,0.5,0.5,0.0,0.0,0.0
2026-01-25 14:01:13,clusterA,16,4,2,2,0.50,0.5,0.5,0.0,0.0,0.0
2026-01-25 14:01:13,clusterB,16,4,3,1,0.75,0.5,0.5,0.0,0.0,0.0
2026-01-25 14:01:18,clusterA,16,4,2,2,0.50,0.5,0.5,0.0,0.0,0.0
2026-01-25 14:01:18,clusterB,16,4,3,1,0.75,0.5,0.5,0.0,0.0,0.0
2026-01-25 14:01:23,clusterA,16,4,2,2,0.50,0.5,0.5,0.0,0.0,0.0
2026-01-25 14:01:23,clusterB,16,4,3,1,0.75,0.5,0.5,0.0,0.0,0.0
2026-01-25 14:01:28,clusterA,17,4,2,2,0.50,0.5,0.5,0.0,0.0,0.0
2026-01-25 14:01:28,clusterB,17,4,3,1,0.75,0.5,0.5,0.0,0.0,0.0
2026-01-25 14:01:34,clusterA,17,4,2,2,0.50,0.5,0.5,0.0,0.0,0.0
2026-01-25 14:01:34,clusterB,17,4,3,1,0.75,0.5,0.5,0.0,0.0,0.0
2026-01-25 14:01:39,clusterA,17,4,2,2,0.50,0.5,0.5,0.0,0.0,0.0
2026-01-25 14:01:39,clusterB,17,4,3,1,0.75,0.5,0.5,0.0,0.0,0.0
2026-01-25 14:01:44,clusterA,17,4,2,2,0.50,0.5,0.5,0.0,0.0,0.0
2026-01-25 14:01:44,clusterB,17,4,3,1,0.75,0.5,0.5,0.0,0.0,0.0
2026-01-25 14:01:49,clusterA,17,4,2,2,0.50,0.5,0.5,0.0,0.0,0.0
2026-01-25 14:01:49,clusterB,17,4,3,1,0.75,0.5,0.5,0.0,0.0,0.0
2026-01-25 14:01:54,clusterA,17,4,2,2,0.50,0.5,0.5,0.0,0.0,0.0
2026-01-25 14:01:54,clusterB,17,4,3,1,0.75,0.5,0.5,0.0,0.0,0.0
2026-01-25 14:02:00,clusterA,17,4,2,2,0.50,0.5,0.5,0.0,0.0,0.0
2026-01-25 14:02:00,clusterB,17,4,3,1,0.75,0.5,0.5,0.0,0.0,0.0
2026-01-25 14:02:05,clusterA,17,4,2,2,0.50,0.5,0.5,0.0,0.0,0.0
2026-01-25 14:02:05,clusterB,17,4,3,1,0.75,0.5,0.5,0.0,0.0,0.0
2026-01-25 14:02:10,clusterA,17,4,2,2,0.50,0.5,0.5,0.0,0.0,0.0
2026-01-25 14:02:10,clusterB,17,4,3,1,0.75,0.5,0.5,0.0,0.0,0.0
2026-01-25 14:02:15,clusterA,17,4,2,2,0.50,0.5,0.5,0.0,0.0,0.0
2026-01-25 14:02:15,clusterB,17,4,3,1,0.75,0.5,0.5,0.0,0.0,0.0
2026-01-25 14:02:21,clusterA,17,4,2,2,0.50,0.5,0.5,0.0,0.0,0.0
2026-01-25 14:02:21,clusterB,17,4,3,1,0.75,0.5,0.5,0.0,0.0,0.0
2026-01-25 14:02:26,clusterA,17,4,2,2,0.50,0.5,0.5,0.0,0.0,0.0
2026-01-25 14:02:26,clusterB,17,4,3,1,0.75,0.5,0.5,0.0,0.0,0.0
2026-01-25 14:02:31,clusterA,17,4,2,2,0.50,0.5,0.5,0.0,0.0,0.0
2026-01-25 14:02:31,clusterB,17,4,3,1,0.75,0.5,0.5,0.0,0.0,0.0
2026-01-25 14:02:36,clusterA,17,4,2,2,0.50,0.5,0.5,0.0,0.0,0.0
2026-01-25 14:02:36,clusterB,17,4,3,1,0.75,0.5,0.5,0.0,0.0,0.0
2026-01-25 14:02:41,clusterA,17,4,2,2,0.50,0.5,0.5,0.0,0.0,0.0
2026-01-25 14:02:41,clusterB,17,4,3,1,0.75,0.5,0.5,0.0,0.0,0.0
2026-01-25 14:02:47,clusterA,17,4,2,2,0.50,0.5,0.5,0.0,0.0,0.0
2026-01-25 14:02:47,clusterB,17,4,3,1,0.75,0.5,0.5,0.0,0.0,0.0
2026-01-25 14:02:52,clusterA,17,4,2,2,0.50,0.5,0.5,0.0,0.0,0.0
2026-01-25 14:02:52,clusterB,17,4,3,1,0.75,0.5,0.5,0.0,0.0,0.0
2026-01-25 14:02:57,clusterA,18,4,2,2,0.50,0.5,0.5,0.0,0.0,0.0
2026-01-25 14:02:57,clusterB,18,4,3,1,0.75,0.5,0.5,0.0,0.0,0.0
2026-01-25 14:03:02,clusterA,18,4,2,2,0.50,0.5,0.5,0.0,0.0,0.0
2026-01-25 14:03:02,clusterB,18,4,3,1,0.75,0.5,0.5,0.0,0.0,0.0
2026-01-25 14:03:08,clusterA,18,4,2,2,0.50,0.5,0.5,0.0,0.0,0.0
2026-01-25 14:03:08,clusterB,18,4,3,1,0.75,0.5,0.5,0.0,0.0,0.0
2026-01-25 14:03:13,clusterA,18,4,2,2,0.50,0.5,0.5,0.0,0.0,0.0
2026-01-25 14:03:13,clusterB,18,4,3,1,0.75,0.5,0.5,0.0,0.0,0.0
2026-01-25 14:03:18,clusterA,18,4,2,2,0.50,0.5,0.5,0.0,0.0,0.0
2026-01-25 14:03:18,clusterB,18,4,3,1,0.75,0.5,0.5,0.0,0.0,0.0
2026-01-25 14:03:23,clusterA,18,4,2,2,0.50,0.5,0.5,0.0,0.0,0.0
2026-01-25 14:03:23,clusterB,18,4,3,1,0.75,0.5,0.5,0.0,0.0,0.0
2026-01-25 14:03:28,clusterA,18,4,2,2,0.50,0.5,0.5,0.0,0.0,0.0
2026-01-25 14:03:28,clusterB,18,4,3,1,0.75,0.5,0.5,0.0,0.0,0.0
2026-01-25 14:03:34,clusterA,18,4,2,2,0.50,0.5,0.5,0.0,0.0,0.0
2026-01-25 14:03:34,clusterB,18,4,3,1,0.75,0.5,0.5,0.0,0.0,0.0
2026-01-25 14:03:39,clusterA,18,4,2,2,0.50,0.5,0.5,0.0,0.0,0.0
2026-01-25 14:03:39,clusterB,18,4,3,1,0.75,0.5,0.5,0.0,0.0,0.0
2026-01-25 14:03:44,clusterA,18,4,2,2,0.50,0.5,0.5,0.0,0.0,0.0
2026-01-25 14:03:44,clusterB,18,4,3,1,0.75,0.5,0.5,0.0,0.0,0.0
2026-01-25 14:03:49,clusterA,18,4,2,2,0.50,0.5,0.5,0.0,0.0,0.0
2026-01-25 14:03:49,clusterB,18,4,3,1,0.75,0.5,0.5,0.0,0.0,0.0
2026-01-25 14:03:55,clusterA,18,4,2,2,0.50,0.5,0.5,0.0,0.0,0.0
2026-01-25 14:03:55,clusterB,18,4,3,1,0.75,0.5,0.5,0.0,0.0,0.0
2026-01-25 14:04:00,clusterA,18,4,2,2,0.50,0.5,0.5,0.0,0.0,0.0
2026-01-25 14:04:00,clusterB,18,4,3,1,0.75,0.5,0.5,0.0,0.0,0.0
2026-01-25 14:04:05,clusterA,18,4,2,2,0.50,0.5,0.5,0.0,0.0,0.0
2026-01-25 14:04:05,clusterB,18,4,3,1,0.75,0.5,0.5,0.0,0.0,0.0
2026-01-25 14:04:10,clusterA,18,4,2,2,0.50,0.5,0.5,0.0,0.0,0.0
2026-01-25 14:04:10,clusterB,18,4,3,1,0.75,0.5,0.5,0.0,0.0,0.0
2026-01-25 14:04:16,clusterA,18,4,2,2,0.50,0.5,0.5,0.0,0.0,0.0
2026-01-25 14:04:16,clusterB,18,4,3,1,0.75,0.5,0.5,0.0,0.0,0.0
2026-01-25 14:04:21,clusterA,18,4,2,2,0.50,0.5,0.5,0.0,0.0,0.0
2026-01-25 14:04:21,clusterB,18,4,3,1,0.75,0.5,0.5,0.0,0.0,0.0
2026-01-25 14:04:26,clusterA,18,4,2,2,0.50,0.5,0.5,0.0,0.0,0.0
2026-01-25 14:04:26,clusterB,18,4,3,1,0.75,0.5,0.5,0.0,0.0,0.0
2026-01-25 14:04:31,clusterA,18,4,2,2,0.50,0.5,0.5,0.0,0.0,0.0
2026-01-25 14:04:31,clusterB,18,4,3,1,0.75,0.5,0.5,0.0,0.0,0.0
2026-01-25 14:04:37,clusterA,18,4,2,2,0.50,0.5,0.5,0.0,0.0,0.0
2026-01-25 14:04:37,clusterB,18,4,3,1,0.75,0.5,0.5,0.0,0.0,0.0
2026-01-25 14:04:42,clusterA,18,4,2,2,0.50,0.5,0.5,0.0,0.0,0.0
2026-01-25 14:04:42,clusterB,18,4,3,1,0.75,0.5,0.5,0.0,0.0,0.0
2026-01-25 14:04:47,clusterA,18,4,2,2,0.50,0.5,0.5,0.0,0.0,0.0
2026-01-25 14:04:47,clusterB,18,4,3,1,0.75,0.5,0.5,0.0,0.0,0.0
2026-01-25 14:04:52,clusterA,18,4,2,2,0.50,0.5,0.5,0.0,0.0,0.0
2026-01-25 14:04:52,clusterB,18,4,3,1,0.75,0.5,0.5,0.0,0.0,0.0
2026-01-25 14:04:57,clusterA,18,4,2,2,0.50,0.5,0.5,0.0,0.0,0.0
2026-01-25 14:04:57,clusterB,18,4,3,1,0.75,0.5,0.5,0.0,0.0,0.0
2026-01-25 14:05:03,clusterA,18,4,2,2,0.50,0.5,0.5,0.0,0.0,0.0
2026-01-25 14:05:03,clusterB,18,4,3,1,0.75,0.5,0.5,0.0,0.0,0.0
2026-01-25 14:05:08,clusterA,18,4,2,2,0.50,0.5,0.5,0.0,0.0,0.0
2026-01-25 14:05:08,clusterB,18,4,3,1,0.75,0.5,0.5,0.0,0.0,0.0
2026-01-25 14:05:13,clusterA,18,4,2,2,0.50,0.5,0.5,0.0,0.0,0.0
2026-01-25 14:05:13,clusterB,18,4,3,1,0.75,0.5,0.5,0.0,0.0,0.0
2026-01-25 14:05:18,clusterA,18,4,2,2,0.50,0.5,0.5,0.0,0.0,0.0
2026-01-25 14:05:18,clusterB,18,4,3,1,0.75,0.5,0.5,0.0,0.0,0.0
2026-01-25 14:05:24,clusterA,18,4,2,2,0.50,0.5,0.5,0.0,0.0,0.0
2026-01-25 14:05:24,clusterB,18,4,3,1,0.75,0.5,0.5,0.0,0.0,0.0
2026-01-25 14:05:29,clusterA,18,4,2,2,0.50,0.5,0.5,0.0,0.0,0.0
2026-01-25 14:05:29,clusterB,18,4,3,1,0.75,0.5,0.5,0.0,0.0,0.0
2026-01-25 14:05:34,clusterA,18,4,2,2,0.50,0.5,0.5,0.0,0.0,0.0
2026-01-25 14:05:34,clusterB,18,4,3,1,0.75,0.5,0.5,0.0,0.0,0.0
2026-01-25 14:05:39,clusterA,18,4,2,2,0.50,0.5,0.5,0.0,0.0,0.0
2026-01-25 14:05:39,clusterB,18,4,3,1,0.75,0.5,0.5,0.0,0.0,0.0
2026-01-25 14:05:44,clusterA,18,4,2,2,0.50,0.5,0.5,0.0,0.0,0.0
2026-01-25 14:05:44,clusterB,18,4,3,1,0.75,0.5,0.5,0.0,0.0,0.0
2026-01-25 14:05:50,clusterA,18,4,2,2,0.50,0.5,0.5,0.0,0.0,0.0
2026-01-25 14:05:50,clusterB,18,4,3,1,0.75,0.5,0.5,0.0,0.0,0.0
2026-01-25 14:05:55,clusterA,18,4,2,2,0.50,0.5,0.5,0.0,0.0,0.0
2026-01-25 14:05:55,clusterB,18,4,3,1,0.75,0.5,0.5,0.0,0.0,0.0
2026-01-25 14:06:00,clusterA,18,4,2,2,0.50,0.5,0.5,0.0,0.0,0.0
2026-01-25 14:06:00,clusterB,18,4,3,1,0.75,0.5,0.5,0.0,0.0,0.0
2026-01-25 14:06:05,clusterA,18,4,2,2,0.50,0.5,0.5,0.0,0.0,0.0
2026-01-25 14:06:05,clusterB,18,4,3,1,0.75,0.5,0.5,0.0,0.0,0.0
2026-01-25 14:06:11,clusterA,18,4,2,2,0.50,0.5,0.5,0.0,0.0,0.0
2026-01-25 14:06:11,clusterB,18,4,3,1,0.75,0.5,0.5,0.0,0.0,0.0
2026-01-25 14:06:16,clusterA,18,4,2,2,0.50,0.5,0.5,0.0,0.0,0.0
2026-01-25 14:06:16,clusterB,18,4,3,1,0.75,0.5,0.5,0.0,0.0,0.0
2026-01-25 14:06:21,clusterA,18,4,2,2,0.50,0.5,0.5,0.0,0.0,0.0
2026-01-25 14:06:21,clusterB,18,4,3,1,0.75,0.5,0.5,0.0,0.0,0.0
2026-01-25 14:06:26,clusterA,18,4,2,2,0.50,0.5,0.5,0.0,0.0,0.0
2026-01-25 14:06:26,clusterB,18,4,3,1,0.75,0.5,0.5,0.0,0.0,0.0
2026-01-25 14:06:31,clusterA,18,4,2,2,0.50,0.5,0.5,0.0,0.0,0.0
2026-01-25 14:06:31,clusterB,18,4,2,2,0.50,0.5,0.5,0.0,0.0,0.0
2026-01-25 14:06:37,clusterA,18,4,2,2,0.50,0.5,0.5,0.0,0.0,0.0
2026-01-25 14:06:37,clusterB,18,4,2,2,0.50,0.5,0.5,0.0,0.0,0.0
2026-01-25 14:06:42,clusterA,18,4,2,2,0.50,0.5,0.5,0.0,0.0,0.0
2026-01-25 14:06:42,clusterB,18,4,2,2,0.50,0.5,0.5,0.0,0.0,0.0
2026-01-25 14:06:47,clusterA,18,4,2,2,0.50,0.5,0.5,0.0,0.0,0.0
2026-01-25 14:06:47,clusterB,18,4,2,2,0.50,0.5,0.5,0.0,0.0,0.0
2026-01-25 14:06:52,clusterA,18,4,2,2,0.50,0.5,0.5,0.0,0.0,0.0
2026-01-25 14:06:52,clusterB,18,4,2,2,0.50,0.5,0.5,0.0,0.0,0.0
2026-01-25 14:06:57,clusterA,18,4,2,2,0.50,0.5,0.5,0.0,0.0,0.0
2026-01-25 14:06:57,clusterB,18,4,2,2,0.50,0.5,0.5,0.0,0.0,0.0
2026-01-25 14:07:03,clusterA,18,4,2,2,0.50,0.5,0.5,0.0,0.0,0.0
2026-01-25 14:07:03,clusterB,18,4,2,2,0.50,0.5,0.5,0.0,0.0,0.0
2026-01-25 14:07:08,clusterA,18,4,2,2,0.50,0.5,0.5,0.0,0.0,0.0
2026-01-25 14:07:08,clusterB,18,4,2,2,0.50,0.5,0.5,0.0,0.0,0.0
2026-01-25 14:07:13,clusterA,18,4,2,2,0.50,0.5,0.5,0.0,0.0,0.0
2026-01-25 14:07:13,clusterB,18,4,2,2,0.50,0.5,0.5,0.0,0.0,0.0
2026-01-25 14:07:18,clusterA,18,4,2,2,0.50,0.5,0.5,0.0,0.0,0.0
2026-01-25 14:07:18,clusterB,18,4,2,2,0.50,0.5,0.5,0.0,0.0,0.0
2026-01-25 14:07:23,clusterA,18,4,2,2,0.50,0.5,0.5,0.0,0.0,0.0
2026-01-25 14:07:23,clusterB,18,4,2,2,0.50,0.5,0.5,0.0,0.0,0.0
2026-01-25 14:07:28,clusterA,18,4,2,2,0.50,0.5,0.5,0.0,0.0,0.0
2026-01-25 14:07:28,clusterB,18,4,2,2,0.50,0.5,0.5,0.0,0.0,0.0
2026-01-25 14:07:34,clusterA,18,4,2,2,0.50,0.5,0.5,0.0,0.0,0.0
2026-01-25 14:07:34,clusterB,18,4,2,2,0.50,0.5,0.5,0.0,0.0,0.0
2026-01-25 14:07:39,clusterA,18,4,2,2,0.50,0.5,0.5,0.0,0.0,0.0
2026-01-25 14:07:39,clusterB,18,4,2,2,0.50,0.5,0.5,0.0,0.0,0.0
2026-01-25 14:07:44,clusterA,18,4,2,2,0.50,0.5,0.5,0.0,0.0,0.0
2026-01-25 14:07:44,clusterB,18,4,2,2,0.50,0.5,0.5,0.0,0.0,0.0
2026-01-25 14:07:49,clusterA,18,4,2,2,0.50,0.5,0.5,0.0,0.0,0.0
2026-01-25 14:07:49,clusterB,18,4,2,2,0.50,0.5,0.5,0.0,0.0,0.0
2026-01-25 14:07:54,clusterA,18,4,2,2,0.50,0.5,0.5,0.0,0.0,0.0
2026-01-25 14:07:54,clusterB,18,4,2,2,0.50,0.5,0.5,0.0,0.0,0.0
2026-01-25 14:08:00,clusterA,18,4,2,2,0.50,0.5,0.5,0.0,0.0,0.0
2026-01-25 14:08:00,clusterB,18,4,2,2,0.50,0.5,0.5,0.0,0.0,0.0
2026-01-25 14:08:05,clusterA,18,4,2,2,0.50,0.5,0.5,0.0,0.0,0.0
2026-01-25 14:08:05,clusterB,18,4,2,2,0.50,0.5,0.5,0.0,0.0,0.0
2026-01-25 14:08:10,clusterA,18,4,2,2,0.50,0.5,0.5,0.0,0.0,0.0
2026-01-25 14:08:10,clusterB,18,4,2,2,0.50,0.5,0.5,0.0,0.0,0.0
2026-01-25 14:08:15,clusterA,18,4,2,2,0.50,0.5,0.5,0.0,0.0,0.0
2026-01-25 14:08:15,clusterB,18,4,2,2,0.50,0.5,0.5,0.0,0.0,0.0
2026-01-25 14:08:20,clusterA,18,4,2,2,0.50,0.5,0.5,0.0,0.0,0.0
2026-01-25 14:08:20,clusterB,18,4,2,2,0.50,0.5,0.5,0.0,0.0,0.0
2026-01-25 14:08:26,clusterA,18,4,2,2,0.50,0.5,0.5,0.0,0.0,0.0
2026-01-25 14:08:26,clusterB,18,4,2,2,0.50,0.5,0.5,0.0,0.0,0.0
2026-01-25 14:08:31,clusterA,18,4,2,2,0.50,0.5,0.5,0.0,0.0,0.0
2026-01-25 14:08:31,clusterB,18,4,2,2,0.50,0.5,0.5,0.0,0.0,0.0
2026-01-25 14:08:36,clusterA,18,4,2,2,0.50,0.5,0.5,0.0,0.0,0.0
2026-01-25 14:08:36,clusterB,18,4,2,2,0.50,0.5,0.5,0.0,0.0,0.0
2026-01-25 14:08:41,clusterA,18,4,2,2,0.50,0.5,0.5,0.0,0.0,0.0
2026-01-25 14:08:41,clusterB,18,4,2,2,0.50,0.5,0.5,0.0,0.0,0.0
2026-01-25 14:08:46,clusterA,18,4,2,2,0.50,0.5,0.5,0.0,0.0,0.0
2026-01-25 14:08:46,clusterB,18,4,2,2,0.50,0.5,0.5,0.0,0.0,0.0
2026-01-25 14:08:51,clusterA,18,4,2,2,0.50,0.5,0.5,0.0,0.0,0.0
2026-01-25 14:08:51,clusterB,18,4,2,2,0.50,0.5,0.5,0.0,0.0,0.0
2026-01-25 14:08:57,clusterA,18,4,2,2,0.50,0.5,0.5,0.0,0.0,0.0
2026-01-25 14:08:57,clusterB,18,4,2,2,0.50,0.5,0.5,0.0,0.0,0.0
2026-01-25 14:09:02,clusterA,18,4,2,2,0.50,0.5,0.5,0.0,0.0,0.0
2026-01-25 14:09:02,clusterB,18,4,2,2,0.50,0.5,0.5,0.0,0.0,0.0
2026-01-25 14:09:07,clusterA,18,4,2,2,0.50,0.5,0.5,0.0,0.0,0.0
2026-01-25 14:09:07,clusterB,18,4,2,2,0.50,0.5,0.5,0.0,0.0,0.0
2026-01-25 14:09:12,clusterA,18,4,2,2,0.50,0.5,0.5,0.0,0.0,0.0
2026-01-25 14:09:12,clusterB,18,4,2,2,0.50,0.5,0.5,0.0,0.0,0.0
2026-01-25 14:09:17,clusterA,18,4,2,2,0.50,0.5,0.5,0.0,0.0,0.0
2026-01-25 14:09:17,clusterB,18,4,2,2,0.50,0.5,0.5,0.0,0.0,0.0
2026-01-25 14:09:22,clusterA,18,4,2,2,0.50,0.5,0.5,0.0,0.0,0.0
2026-01-25 14:09:22,clusterB,18,4,2,2,0.50,0.5,0.5,0.0,0.0,0.0
2026-01-25 14:09:28,clusterA,18,4,2,2,0.50,0.5,0.5,0.0,0.0,0.0
2026-01-25 14:09:28,clusterB,18,4,2,2,0.50,0.5,0.5,0.0,0.0,0.0
2026-01-25 14:09:33,clusterA,18,4,2,2,0.50,0.5,0.5,0.0,0.0,0.0
2026-01-25 14:09:33,clusterB,18,4,2,2,0.50,0.5,0.5,0.0,0.0,0.0
2026-01-25 14:09:38,clusterA,18,4,2,2,0.50,0.5,0.5,0.0,0.0,0.0
2026-01-25 14:09:38,clusterB,18,4,2,2,0.50,0.5,0.5,0.0,0.0,0.0
2026-01-25 14:09:43,clusterA,18,4,2,2,0.50,0.5,0.5,0.0,0.0,0.0
2026-01-25 14:09:43,clusterB,18,4,2,2,0.50,0.5,0.5,0.0,0.0,0.0
2026-01-25 14:09:48,clusterA,18,4,1,3,0.25,0.5,0.5,0.0,0.0,0.0
2026-01-25 14:09:48,clusterB,18,4,2,2,0.50,0.5,0.5,0.0,0.0,0.0
2026-01-25 14:09:54,clusterA,18,4,1,3,0.25,0.5,0.5,0.0,0.0,0.0
2026-01-25 14:09:54,clusterB,18,4,2,2,0.50,0.5,0.5,0.0,0.0,0.0
2026-01-25 14:09:59,clusterA,18,4,1,3,0.25,0.5,0.5,0.0,0.0,0.0
2026-01-25 14:09:59,clusterB,18,4,2,2,0.50,0.5,0.5,0.0,0.0,0.0
2026-01-25 14:10:04,clusterA,18,4,1,3,0.25,0.5,0.5,0.0,0.0,0.0
2026-01-25 14:10:04,clusterB,18,4,2,2,0.50,0.5,0.5,0.0,0.0,0.0
2026-01-25 14:10:09,clusterA,18,4,1,3,0.25,0.5,0.5,0.0,0.0,0.0
2026-01-25 14:10:09,clusterB,18,4,2,2,0.50,0.5,0.5,0.0,0.0,0.0
2026-01-25 14:10:14,clusterA,18,4,1,3,0.25,0.5,0.5,0.0,0.0,0.0
2026-01-25 14:10:14,clusterB,18,4,2,2,0.50,0.5,0.5,0.0,0.0,0.0
2026-01-25 14:10:19,clusterA,18,4,1,3,0.25,0.5,0.5,0.0,0.0,0.0
2026-01-25 14:10:19,clusterB,18,4,2,2,0.50,0.5,0.5,0.0,0.0,0.0
2026-01-25 14:10:24,clusterA,18,4,1,3,0.25,0.5,0.5,0.0,0.0,0.0
2026-01-25 14:10:24,clusterB,18,4,2,2,0.50,0.5,0.5,0.0,0.0,0.0
2026-01-25 14:10:30,clusterA,18,4,1,3,0.25,0.5,0.5,0.0,0.0,0.0
2026-01-25 14:10:30,clusterB,18,4,2,2,0.50,0.5,0.5,0.0,0.0,0.0
2026-01-25 14:10:35,clusterA,18,4,1,3,0.25,0.5,0.5,0.0,0.0,0.0
2026-01-25 14:10:35,clusterB,18,4,2,2,0.50,0.5,0.5,0.0,0.0,0.0
2026-01-25 14:10:40,clusterA,18,4,1,3,0.25,0.5,0.5,0.0,0.0,0.0
2026-01-25 14:10:40,clusterB,18,4,2,2,0.50,0.5,0.5,0.0,0.0,0.0
2026-01-25 14:10:45,clusterA,18,4,1,3,0.25,0.5,0.5,0.0,0.0,0.0
2026-01-25 14:10:45,clusterB,18,4,2,2,0.50,0.5,0.5,0.0,0.0,0.0
2026-01-25 14:10:50,clusterA,18,4,1,3,0.25,0.5,0.5,0.0,0.0,0.0
2026-01-25 14:10:50,clusterB,18,4,2,2,0.50,0.5,0.5,0.0,0.0,0.0
2026-01-25 14:10:55,clusterA,18,4,1,3,0.25,0.5,0.5,0.0,0.0,0.0
2026-01-25 14:10:55,clusterB,18,4,2,2,0.50,0.5,0.5,0.0,0.0,0.0
2026-01-25 14:11:00,clusterA,18,4,1,3,0.25,0.5,0.5,0.0,0.0,0.0
2026-01-25 14:11:00,clusterB,18,4,2,2,0.50,0.5,0.5,0.0,0.0,0.0
2026-01-25 14:11:06,clusterA,18,4,1,3,0.25,0.5,0.5,0.0,0.0,0.0
2026-01-25 14:11:06,clusterB,18,4,2,2,0.50,0.5,0.5,0.0,0.0,0.0
2026-01-25 14:11:11,clusterA,18,4,1,3,0.25,0.5,0.5,0.0,0.0,0.0
2026-01-25 14:11:11,clusterB,18,4,2,2,0.50,0.5,0.5,0.0,0.0,0.0
2026-01-25 14:11:16,clusterA,18,4,1,3,0.25,0.5,0.5,0.0,0.0,0.0
2026-01-25 14:11:16,clusterB,18,4,2,2,0.50,0.5,0.5,0.0,0.0,0.0
2026-01-25 14:11:21,clusterA,18,4,1,3,0.25,0.5,0.5,0.0,0.0,0.0
2026-01-25 14:11:21,clusterB,18,4,2,2,0.50,0.5,0.5,0.0,0.0,0.0
2026-01-25 14:11:26,clusterA,18,4,1,3,0.25,0.5,0.5,0.0,0.0,0.0
2026-01-25 14:11:26,clusterB,18,4,2,2,0.50,0.5,0.5,0.0,0.0,0.0
2026-01-25 14:11:31,clusterA,18,4,1,3,0.25,0.5,0.5,0.0,0.0,0.0
2026-01-25 14:11:31,clusterB,18,4,2,2,0.50,0.5,0.5,0.0,0.0,0.0
2026-01-25 14:11:36,clusterA,18,4,1,3,0.25,0.5,0.5,0.0,0.0,0.0
2026-01-25 14:11:36,clusterB,18,4,2,2,0.50,0.5,0.5,0.0,0.0,0.0
2026-01-25 14:11:42,clusterA,18,4,1,3,0.25,0.5,0.5,0.0,0.0,0.0
2026-01-25 14:11:42,clusterB,18,4,2,2,0.50,0.5,0.5,0.0,0.0,0.0
2026-01-25 14:11:47,clusterA,18,4,1,3,0.25,0.5,0.5,0.0,0.0,0.0
2026-01-25 14:11:47,clusterB,18,4,2,2,0.50,0.5,0.5,0.0,0.0,0.0
2026-01-25 14:11:52,clusterA,18,4,1,3,0.25,0.5,0.5,0.0,0.0,0.0
2026-01-25 14:11:52,clusterB,18,4,2,2,0.50,0.5,0.5,0.0,0.0,0.0
2026-01-25 14:11:57,clusterA,18,4,1,3,0.25,0.5,0.5,0.0,0.0,0.0
2026-01-25 14:11:57,clusterB,18,4,2,2,0.50,0.5,0.5,0.0,0.0,0.0
2026-01-25 14:12:02,clusterA,18,4,1,3,0.25,0.5,0.5,0.0,0.0,0.0
2026-01-25 14:12:02,clusterB,18,4,2,2,0.50,0.5,0.5,0.0,0.0,0.0
2026-01-25 14:12:07,clusterA,18,4,1,3,0.25,0.5,0.5,0.0,0.0,0.0
2026-01-25 14:12:07,clusterB,18,4,2,2,0.50,0.5,0.5,0.0,0.0,0.0
2026-01-25 14:12:12,clusterA,18,4,1,3,0.25,0.5,0.5,0.0,0.0,0.0
2026-01-25 14:12:12,clusterB,18,4,2,2,0.50,0.5,0.5,0.0,0.0,0.0
2026-01-25 14:12:17,clusterA,18,4,1,3,0.25,0.5,0.5,0.0,0.0,0.0
2026-01-25 14:12:17,clusterB,18,4,2,2,0.50,0.5,0.5,0.0,0.0,0.0
2026-01-25 14:12:23,clusterA,18,4,1,3,0.25,0.5,0.5,0.0,0.0,0.0
2026-01-25 14:12:23,clusterB,18,4,2,2,0.50,0.5,0.5,0.0,0.0,0.0
2026-01-25 14:12:28,clusterA,18,4,1,3,0.25,0.5,0.5,0.0,0.0,0.0
2026-01-25 14:12:28,clusterB,18,4,2,2,0.50,0.5,0.5,0.0,0.0,0.0
2026-01-25 14:12:33,clusterA,18,4,1,3,0.25,0.5,0.5,0.0,0.0,0.0
2026-01-25 14:12:33,clusterB,18,4,2,2,0.50,0.5,0.5,0.0,0.0,0.0
2026-01-25 14:12:38,clusterA,18,4,1,3,0.25,0.5,0.5,0.0,0.0,0.0
2026-01-25 14:12:38,clusterB,18,4,2,2,0.50,0.5,0.5,0.0,0.0,0.0
2026-01-25 14:12:43,clusterA,18,4,1,3,0.25,0.5,0.5,0.0,0.0,0.0
2026-01-25 14:12:43,clusterB,18,4,2,2,0.50,0.5,0.5,0.0,0.0,0.0
2026-01-25 14:12:48,clusterA,18,4,1,3,0.25,0.5,0.5,0.0,0.0,0.0
2026-01-25 14:12:48,clusterB,18,4,2,2,0.50,0.5,0.5,0.0,0.0,0.0
2026-01-25 14:12:53,clusterA,18,4,1,3,0.25,0.5,0.5,0.0,0.0,0.0
2026-01-25 14:12:53,clusterB,18,4,2,2,0.50,0.5,0.5,0.0,0.0,0.0
2026-01-25 14:12:59,clusterA,18,4,1,3,0.25,0.5,0.5,0.0,0.0,0.0
2026-01-25 14:12:59,clusterB,18,4,2,2,0.50,0.5,0.5,0.0,0.0,0.0
2026-01-25 14:13:04,clusterA,18,4,1,3,0.25,0.5,0.5,0.0,0.0,0.0
2026-01-25 14:13:04,clusterB,18,4,2,2,0.50,0.5,0.5,0.0,0.0,0.0
2026-01-25 14:13:09,clusterA,18,4,1,3,0.25,0.5,0.5,0.0,0.0,0.0
2026-01-25 14:13:09,clusterB,18,4,2,2,0.50,0.5,0.5,0.0,0.0,0.0
2026-01-25 14:13:14,clusterA,18,4,1,3,0.25,0.5,0.5,0.0,0.0,0.0
2026-01-25 14:13:14,clusterB,18,4,2,2,0.50,0.5,0.5,0.0,0.0,0.0
2026-01-25 14:13:19,clusterA,18,4,1,3,0.25,0.5,0.5,0.0,0.0,0.0
2026-01-25 14:13:19,clusterB,18,4,2,2,0.50,0.5,0.5,0.0,0.0,0.0
2026-01-25 14:13:24,clusterA,18,4,1,3,0.25,0.5,0.5,0.0,0.0,0.0
2026-01-25 14:13:24,clusterB,18,4,2,2,0.50,0.5,0.5,0.0,0.0,0.0
2026-01-25 14:13:29,clusterA,18,4,1,3,0.25,0.5,0.5,0.0,0.0,0.0
2026-01-25 14:13:29,clusterB,18,4,2,2,0.50,0.5,0.5,0.0,0.0,0.0
2026-01-25 14:13:35,clusterA,18,4,1,3,0.25,0.5,0.5,0.0,0.0,0.0
2026-01-25 14:13:35,clusterB,18,4,2,2,0.50,0.5,0.5,0.0,0.0,0.0
2026-01-25 14:13:40,clusterA,18,4,1,3,0.25,0.5,0.5,0.0,0.0,0.0
2026-01-25 14:13:40,clusterB,18,4,2,2,0.50,0.5,0.5,0.0,0.0,0.0
2026-01-25 14:13:45,clusterA,18,4,1,3,0.25,0.5,0.5,0.0,0.0,0.0
2026-01-25 14:13:45,clusterB,18,4,2,2,0.50,0.5,0.5,0.0,0.0,0.0
2026-01-25 14:13:50,clusterA,18,4,1,3,0.25,0.5,0.5,0.0,0.0,0.0
2026-01-25 14:13:50,clusterB,18,4,2,2,0.50,0.5,0.5,0.0,0.0,0.0
2026-01-25 14:13:55,clusterA,18,4,1,3,0.25,0.5,0.5,0.0,0.0,0.0
2026-01-25 14:13:55,clusterB,18,4,2,2,0.50,0.5,0.5,0.0,0.0,0.0
2026-01-25 14:14:00,clusterA,18,4,1,3,0.25,0.5,0.5,0.0,0.0,0.0
2026-01-25 14:14:00,clusterB,18,4,2,2,0.50,0.5,0.5,0.0,0.0,0.0
2026-01-25 14:14:05,clusterA,18,4,1,3,0.25,0.5,0.5,0.0,0.0,0.0
2026-01-25 14:14:05,clusterB,18,4,2,2,0.50,0.5,0.5,0.0,0.0,0.0
2026-01-25 14:14:11,clusterA,18,4,1,3,0.25,0.5,0.5,0.0,0.0,0.0
2026-01-25 14:14:11,clusterB,18,4,2,2,0.50,0.5,0.5,0.0,0.0,0.0
2026-01-25 14:14:16,clusterA,18,4,1,3,0.25,0.5,0.5,0.0,0.0,0.0
2026-01-25 14:14:16,clusterB,18,4,2,2,0.50,0.5,0.5,0.0,0.0,0.0
2026-01-25 14:14:21,clusterA,18,4,1,3,0.25,0.5,0.5,0.0,0.0,0.0
2026-01-25 14:14:21,clusterB,18,4,2,2,0.50,0.5,0.5,0.0,0.0,0.0
2026-01-25 14:14:26,clusterA,18,4,1,3,0.25,0.5,0.5,0.0,0.0,0.0
2026-01-25 14:14:26,clusterB,18,4,2,2,0.50,0.5,0.5,0.0,0.0,0.0
2026-01-25 14:14:31,clusterA,18,4,1,3,0.25,0.5,0.5,0.0,0.0,0.0
2026-01-25 14:14:31,clusterB,18,4,2,2,0.50,0.5,0.5,0.0,0.0,0.0
2026-01-25 14:14:36,clusterA,18,4,1,3,0.25,0.5,0.5,0.0,0.0,0.0
2026-01-25 14:14:36,clusterB,18,4,2,2,0.50,0.5,0.5,0.0,0.0,0.0
2026-01-25 14:14:41,clusterA,18,4,1,3,0.25,0.5,0.5,0.0,0.0,0.0
2026-01-25 14:14:41,clusterB,18,4,2,2,0.50,0.5,0.5,0.0,0.0,0.0
2026-01-25 14:14:47,clusterA,18,4,1,3,0.25,0.5,0.5,0.0,0.0,0.0
2026-01-25 14:14:47,clusterB,18,4,2,2,0.50,0.5,0.5,0.0,0.0,0.0
2026-01-25 14:14:52,clusterA,18,4,1,3,0.25,0.5,0.5,0.0,0.0,0.0
2026-01-25 14:14:52,clusterB,18,4,2,2,0.50,0.5,0.5,0.0,0.0,0.0
2026-01-25 14:14:57,clusterA,18,4,1,3,0.25,0.5,0.5,0.0,0.0,0.0
2026-01-25 14:14:57,clusterB,18,4,2,2,0.50,0.5,0.5,0.0,0.0,0.0
2026-01-25 14:15:02,clusterA,18,4,1,3,0.25,0.5,0.5,0.0,0.0,0.0
2026-01-25 14:15:02,clusterB,18,4,2,2,0.50,0.5,0.5,0.0,0.0,0.0
2026-01-25 14:15:07,clusterA,18,4,1,3,0.25,0.5,0.5,0.0,0.0,0.0
2026-01-25 14:15:07,clusterB,18,4,2,2,0.50,0.5,0.5,0.0,0.0,0.0
2026-01-25 14:15:12,clusterA,18,4,1,3,0.25,0.5,0.5,0.0,0.0,0.0
2026-01-25 14:15:12,clusterB,18,4,2,2,0.50,0.5,0.5,0.0,0.0,0.0
2026-01-25 14:15:17,clusterA,18,4,1,3,0.25,0.5,0.5,0.0,0.0,0.0
2026-01-25 14:15:17,clusterB,18,4,2,2,0.50,0.5,0.5,0.0,0.0,0.0
2026-01-25 14:15:23,clusterA,18,4,1,3,0.25,0.5,0.5,0.0,0.0,0.0
2026-01-25 14:15:23,clusterB,18,4,2,2,0.50,0.5,0.5,0.0,0.0,0.0
2026-01-25 14:15:28,clusterA,18,4,1,3,0.25,0.5,0.5,0.0,0.0,0.0
2026-01-25 14:15:28,clusterB,18,4,2,2,0.50,0.5,0.5,0.0,0.0,0.0
2026-01-25 14:15:33,clusterA,18,4,1,3,0.25,0.5,0.5,0.0,0.0,0.0
2026-01-25 14:15:33,clusterB,18,4,2,2,0.50,0.5,0.5,0.0,0.0,0.0
2026-01-25 14:15:38,clusterA,18,4,1,3,0.25,0.5,0.5,0.0,0.0,0.0
2026-01-25 14:15:38,clusterB,18,4,2,2,0.50,0.5,0.5,0.0,0.0,0.0
2026-01-25 14:15:43,clusterA,18,4,1,3,0.25,0.5,0.5,0.0,0.0,0.0
2026-01-25 14:15:43,clusterB,18,4,2,2,0.50,0.5,0.5,0.0,0.0,0.0
2026-01-25 14:15:48,clusterA,18,4,1,3,0.25,0.5,0.5,0.0,0.0,0.0
2026-01-25 14:15:48,clusterB,18,4,2,2,0.50,0.5,0.5,0.0,0.0,0.0
2026-01-25 14:15:53,clusterA,18,4,1,3,0.25,0.5,0.5,0.0,0.0,0.0
2026-01-25 14:15:53,clusterB,18,4,2,2,0.50,0.5,0.5,0.0,0.0,0.0
2026-01-25 14:15:59,clusterA,18,4,1,3,0.25,0.5,0.5,0.0,0.0,0.0
2026-01-25 14:15:59,clusterB,18,4,2,2,0.50,0.5,0.5,0.0,0.0,0.0
2026-01-25 14:16:04,clusterA,18,4,1,3,0.25,0.5,0.5,0.0,0.0,0.0
2026-01-25 14:16:04,clusterB,18,4,2,2,0.50,0.5,0.5,0.0,0.0,0.0
2026-01-25 14:16:09,clusterA,18,4,1,3,0.25,0.5,0.5,0.0,0.0,0.0
2026-01-25 14:16:09,clusterB,18,4,2,2,0.50,0.5,0.5,0.0,0.0,0.0
2026-01-25 14:16:14,clusterA,18,4,1,3,0.25,0.5,0.5,0.0,0.0,0.0
2026-01-25 14:16:14,clusterB,18,4,2,2,0.50,0.5,0.5,0.0,0.0,0.0
2026-01-25 14:16:19,clusterA,18,4,1,3,0.25,0.5,0.5,0.0,0.0,0.0
2026-01-25 14:16:19,clusterB,18,4,2,2,0.50,0.5,0.5,0.0,0.0,0.0
2026-01-25 14:16:24,clusterA,18,4,1,3,0.25,0.5,0.5,0.0,0.0,0.0
2026-01-25 14:16:24,clusterB,18,4,2,2,0.50,0.5,0.5,0.0,0.0,0.0
2026-01-25 14:16:29,clusterA,18,4,1,3,0.25,0.5,0.5,0.0,0.0,0.0
2026-01-25 14:16:29,clusterB,18,4,2,2,0.50,0.5,0.5,0.0,0.0,0.0
2026-01-25 14:16:35,clusterA,18,4,1,3,0.25,0.5,0.5,0.0,0.0,0.0
2026-01-25 14:16:35,clusterB,18,4,2,2,0.50,0.5,0.5,0.0,0.0,0.0
2026-01-25 14:16:40,clusterA,18,4,1,3,0.25,0.5,0.5,0.0,0.0,0.0
2026-01-25 14:16:40,clusterB,18,4,2,2,0.50,0.5,0.5,0.0,0.0,0.0
2026-01-25 14:16:45,clusterA,18,4,1,3,0.25,0.5,0.5,0.0,0.0,0.0
2026-01-25 14:16:45,clusterB,18,4,2,2,0.50,0.5,0.5,0.0,0.0,0.0
2026-01-25 14:16:50,clusterA,19,4,1,3,0.25,0.5,0.5,0.0,0.0,0.0
2026-01-25 14:16:50,clusterB,19,4,2,2,0.50,0.5,0.5,0.0,0.0,0.0
2026-01-25 14:16:55,clusterA,19,4,1,3,0.25,0.5,0.5,0.0,0.0,0.0
2026-01-25 14:16:55,clusterB,19,4,2,2,0.50,0.5,0.5,0.0,0.0,0.0
2026-01-25 14:17:00,clusterA,19,4,1,3,0.25,0.5,0.5,0.0,0.0,0.0
2026-01-25 14:17:00,clusterB,19,4,2,2,0.50,0.5,0.5,0.0,0.0,0.0
2026-01-25 14:17:05,clusterA,19,4,1,3,0.25,0.5,0.5,0.0,0.0,0.0
2026-01-25 14:17:05,clusterB,19,4,2,2,0.50,0.5,0.5,0.0,0.0,0.0
2026-01-25 14:17:11,clusterA,19,4,1,3,0.25,0.5,0.5,0.0,0.0,0.0
2026-01-25 14:17:11,clusterB,19,4,2,2,0.50,0.5,0.5,0.0,0.0,0.0
2026-01-25 14:17:16,clusterA,19,4,1,3,0.25,0.5,0.5,0.0,0.0,0.0
2026-01-25 14:17:16,clusterB,19,4,2,2,0.50,0.5,0.5,0.0,0.0,0.0
2026-01-25 14:17:21,clusterA,19,4,1,3,0.25,0.5,0.5,0.0,0.0,0.0
2026-01-25 14:17:21,clusterB,19,4,2,2,0.50,0.5,0.5,0.0,0.0,0.0
2026-01-25 14:17:26,clusterA,19,4,1,3,0.25,0.5,0.5,0.0,0.0,0.0
2026-01-25 14:17:26,clusterB,19,4,2,2,0.50,0.5,0.5,0.0,0.0,0.0
2026-01-25 14:17:31,clusterA,19,4,1,3,0.25,0.5,0.5,0.0,0.0,0.0
2026-01-25 14:17:31,clusterB,19,4,2,2,0.50,0.5,0.5,0.0,0.0,0.0
2026-01-25 14:17:36,clusterA,19,4,1,3,0.25,0.5,0.5,0.0,0.0,0.0
2026-01-25 14:17:36,clusterB,19,4,2,2,0.50,0.5,0.5,0.0,0.0,0.0
2026-01-25 14:17:41,clusterA,19,4,1,3,0.25,0.5,0.5,0.0,0.0,0.0
2026-01-25 14:17:41,clusterB,19,4,2,2,0.50,0.5,0.5,0.0,0.0,0.0
2026-01-25 14:17:47,clusterA,19,4,1,3,0.25,0.5,0.5,0.0,0.0,0.0
2026-01-25 14:17:47,clusterB,19,4,2,2,0.50,0.5,0.5,0.0,0.0,0.0
2026-01-25 14:17:52,clusterA,19,4,1,3,0.25,0.5,0.5,0.0,0.0,0.0
2026-01-25 14:17:52,clusterB,19,4,2,2,0.50,0.5,0.5,0.0,0.0,0.0
2026-01-25 14:17:57,clusterA,19,4,1,3,0.25,0.5,0.5,0.0,0.0,0.0
2026-01-25 14:17:57,clusterB,19,4,2,2,0.50,0.5,0.5,0.0,0.0,0.0
2026-01-25 14:18:02,clusterA,19,4,1,3,0.25,0.5,0.5,0.0,0.0,0.0
2026-01-25 14:18:02,clusterB,19,4,2,2,0.50,0.5,0.5,0.0,0.0,0.0
2026-01-25 14:18:07,clusterA,19,4,1,3,0.25,0.5,0.5,0.0,0.0,0.0
2026-01-25 14:18:07,clusterB,19,4,2,2,0.50,0.5,0.5,0.0,0.0,0.0
2026-01-25 14:18:12,clusterA,19,4,1,3,0.25,0.5,0.5,0.0,0.0,0.0
2026-01-25 14:18:12,clusterB,19,4,2,2,0.50,0.5,0.5,0.0,0.0,0.0
2026-01-25 14:18:17,clusterA,19,4,1,3,0.25,0.5,0.5,0.0,0.0,0.0
2026-01-25 14:18:17,clusterB,19,4,2,2,0.50,0.5,0.5,0.0,0.0,0.0
2026-01-25 14:18:23,clusterA,19,4,1,3,0.25,0.5,0.5,0.0,0.0,0.0
2026-01-25 14:18:23,clusterB,19,4,2,2,0.50,0.5,0.5,0.0,0.0,0.0
2026-01-25 14:18:28,clusterA,19,4,1,3,0.25,0.5,0.5,0.0,0.0,0.0
2026-01-25 14:18:28,clusterB,19,4,2,2,0.50,0.5,0.5,0.0,0.0,0.0
2026-01-25 14:18:33,clusterA,19,4,1,3,0.25,0.5,0.5,0.0,0.0,0.0
2026-01-25 14:18:33,clusterB,19,4,2,2,0.50,0.5,0.5,0.0,0.0,0.0
2026-01-25 14:18:38,clusterA,19,4,1,3,0.25,0.5,0.5,0.0,0.0,0.0
2026-01-25 14:18:38,clusterB,19,4,2,2,0.50,0.5,0.5,0.0,0.0,0.0
2026-01-25 14:18:43,clusterA,19,4,1,3,0.25,0.5,0.5,0.0,0.0,0.0
2026-01-25 14:18:43,clusterB,19,4,2,2,0.50,0.5,0.5,0.0,0.0,0.0
2026-01-25 14:18:48,clusterA,19,4,1,3,0.25,0.5,0.5,0.0,0.0,0.0
2026-01-25 14:18:48,clusterB,19,4,2,2,0.50,0.5,0.5,0.0,0.0,0.0
2026-01-25 14:18:53,clusterA,19,4,1,3,0.25,0.5,0.5,0.0,0.0,0.0
2026-01-25 14:18:53,clusterB,19,4,2,2,0.50,0.5,0.5,0.0,0.0,0.0
2026-01-25 14:18:59,clusterA,19,4,1,3,0.25,0.5,0.5,0.0,0.0,0.0
2026-01-25 14:18:59,clusterB,19,4,2,2,0.50,0.5,0.5,0.0,0.0,0.0
2026-01-25 14:19:04,clusterA,19,4,1,3,0.25,0.5,0.5,0.0,0.0,0.0
2026-01-25 14:19:04,clusterB,19,4,2,2,0.50,0.5,0.5,0.0,0.0,0.0
2026-01-25 14:19:09,clusterA,19,4,1,3,0.25,0.5,0.5,0.0,0.0,0.0
2026-01-25 14:19:09,clusterB,19,4,2,2,0.50,0.5,0.5,0.0,0.0,0.0
2026-01-25 14:19:14,clusterA,19,4,1,3,0.25,0.5,0.5,0.0,0.0,0.0
2026-01-25 14:19:14,clusterB,19,4,2,2,0.50,0.5,0.5,0.0,0.0,0.0
2026-01-25 14:19:19,clusterA,19,4,1,3,0.25,0.5,0.5,0.0,0.0,0.0
2026-01-25 14:19:19,clusterB,19,4,2,2,0.50,0.5,0.5,0.0,0.0,0.0
2026-01-25 14:19:24,clusterA,19,4,1,3,0.25,0.5,0.5,0.0,0.0,0.0
2026-01-25 14:19:24,clusterB,19,4,2,2,0.50,0.5,0.5,0.0,0.0,0.0
2026-01-25 14:19:29,clusterA,19,4,1,3,0.25,0.5,0.5,0.0,0.0,0.0
2026-01-25 14:19:29,clusterB,19,4,2,2,0.50,0.5,0.5,0.0,0.0,0.0
2026-01-25 14:19:35,clusterA,19,4,1,3,0.25,0.5,0.5,0.0,0.0,0.0
2026-01-25 14:19:35,clusterB,19,4,2,2,0.50,0.5,0.5,0.0,0.0,0.0
2026-01-25 14:19:40,clusterA,19,4,1,3,0.25,0.5,0.5,0.0,0.0,0.0
2026-01-25 14:19:40,clusterB,19,4,2,2,0.50,0.5,0.5,0.0,0.0,0.0
2026-01-25 14:19:45,clusterA,19,4,1,3,0.25,0.5,0.5,0.0,0.0,0.0
2026-01-25 14:19:45,clusterB,19,4,2,2,0.50,0.5,0.5,0.0,0.0,0.0
2026-01-25 14:19:50,clusterA,19,4,1,3,0.25,0.5,0.5,0.0,0.0,0.0
2026-01-25 14:19:50,clusterB,19,4,2,2,0.50,0.5,0.5,0.0,0.0,0.0
2026-01-25 14:19:55,clusterA,19,4,1,3,0.25,0.5,0.5,0.0,0.0,0.0
2026-01-25 14:19:55,clusterB,19,4,2,2,0.50,0.5,0.5,0.0,0.0,0.0
2026-01-25 14:20:00,clusterA,19,4,1,3,0.25,0.5,0.5,0.0,0.0,0.0
2026-01-25 14:20:00,clusterB,19,4,2,2,0.50,0.5,0.5,0.0,0.0,0.0
2026-01-25 14:20:06,clusterA,19,4,1,3,0.25,0.5,0.5,0.0,0.0,0.0
2026-01-25 14:20:06,clusterB,19,4,2,2,0.50,0.5,0.5,0.0,0.0,0.0
2026-01-25 14:20:11,clusterA,19,4,1,3,0.25,0.5,0.5,0.0,0.0,0.0
2026-01-25 14:20:11,clusterB,19,4,2,2,0.50,0.5,0.5,0.0,0.0,0.0
2026-01-25 14:20:16,clusterA,19,4,1,3,0.25,0.5,0.5,0.0,0.0,0.0
2026-01-25 14:20:16,clusterB,19,4,2,2,0.50,0.5,0.5,0.0,0.0,0.0
2026-01-25 14:20:21,clusterA,19,4,1,3,0.25,0.5,0.5,0.0,0.0,0.0
2026-01-25 14:20:21,clusterB,19,4,2,2,0.50,0.5,0.5,0.0,0.0,0.0
2026-01-25 14:20:26,clusterA,19,4,1,3,0.25,0.5,0.5,0.0,0.0,0.0
2026-01-25 14:20:26,clusterB,19,4,2,2,0.50,0.5,0.5,0.0,0.0,0.0
2026-01-25 14:20:31,clusterA,19,4,1,3,0.25,0.5,0.5,0.0,0.0,0.0
2026-01-25 14:20:31,clusterB,19,4,2,2,0.50,0.5,0.5,0.0,0.0,0.0
2026-01-25 14:20:36,clusterA,19,4,1,3,0.25,0.5,0.5,0.0,0.0,0.0
2026-01-25 14:20:36,clusterB,19,4,2,2,0.50,0.5,0.5,0.0,0.0,0.0
2026-01-25 14:20:41,clusterA,19,4,1,3,0.25,0.5,0.5,0.0,0.0,0.0
2026-01-25 14:20:41,clusterB,19,4,2,2,0.50,0.5,0.5,0.0,0.0,0.0
2026-01-25 14:20:47,clusterA,19,4,1,3,0.25,0.5,0.5,0.0,0.0,0.0
2026-01-25 14:20:47,clusterB,19,4,2,2,0.50,0.5,0.5,0.0,0.0,0.0
2026-01-25 14:20:52,clusterA,19,4,1,3,0.25,0.5,0.5,0.0,0.0,0.0
2026-01-25 14:20:52,clusterB,19,4,2,2,0.50,0.5,0.5,0.0,0.0,0.0
2026-01-25 14:20:57,clusterA,19,4,1,3,0.25,0.5,0.5,0.0,0.0,0.0
2026-01-25 14:20:57,clusterB,19,4,2,2,0.50,0.5,0.5,0.0,0.0,0.0
2026-01-25 14:21:02,clusterA,19,4,1,3,0.25,0.5,0.5,0.0,0.0,0.0
2026-01-25 14:21:02,clusterB,19,4,2,2,0.50,0.5,0.5,0.0,0.0,0.0
2026-01-25 14:21:07,clusterA,19,4,0,4,0.00,0.5,0.5,0.0,0.0,0.0
2026-01-25 14:21:07,clusterB,19,4,2,2,0.50,0.5,0.5,0.0,0.0,0.0
2026-01-25 14:21:13,clusterA,16,4,4,0,1.00,0.5,0.5,0.0,0.0,0.0
2026-01-25 14:21:13,clusterB,16,4,4,0,1.00,0.5,0.5,0.0,0.0,0.0
2026-01-25 14:21:18,clusterA,16,4,4,0,1.00,0.5,0.5,0.0,0.0,0.0
2026-01-25 14:21:18,clusterB,16,4,4,0,1.00,0.5,0.5,0.0,0.0,0.0
2026-01-25 14:21:23,clusterA,16,4,4,0,1.00,0.5,0.5,0.0,0.0,0.0
2026-01-25 14:21:23,clusterB,16,4,4,0,1.00,0.5,0.5,0.0,0.0,0.0
2026-01-25 14:21:29,clusterA,16,4,4,0,1.00,0.5,0.5,0.0,0.0,0.0
2026-01-25 14:21:29,clusterB,16,4,4,0,1.00,0.5,0.5,0.0,0.0,0.0
2026-01-25 14:21:34,clusterA,16,4,4,0,1.00,0.5,0.5,0.0,0.0,0.0
2026-01-25 14:21:34,clusterB,16,4,4,0,1.00,0.5,0.5,0.0,0.0,0.0
2026-01-25 14:21:39,clusterA,16,4,4,0,1.00,0.5,0.5,0.0,0.0,0.0
2026-01-25 14:21:39,clusterB,16,4,4,0,1.00,0.5,0.5,0.0,0.0,0.0
2026-01-25 14:21:44,clusterA,16,4,4,0,1.00,0.5,0.5,0.0,0.0,0.0
2026-01-25 14:21:44,clusterB,16,4,4,0,1.00,0.5,0.5,0.0,0.0,0.0
2026-01-25 14:21:49,clusterA,16,4,4,0,1.00,0.5,0.5,0.0,0.0,0.0
2026-01-25 14:21:49,clusterB,16,4,4,0,1.00,0.5,0.5,0.0,0.0,0.0
2026-01-25 14:21:55,clusterA,16,4,4,0,1.00,0.5,0.5,0.0,0.0,0.0
2026-01-25 14:21:55,clusterB,16,4,4,0,1.00,0.5,0.5,0.0,0.0,0.0
2026-01-25 14:22:00,clusterA,16,4,4,0,1.00,0.5,0.5,0.0,0.0,0.0
2026-01-25 14:22:00,clusterB,16,4,4,0,1.00,0.5,0.5,0.0,0.0,0.0
2026-01-25 14:22:05,clusterA,16,4,4,0,1.00,0.5,0.5,0.0,0.0,0.0
2026-01-25 14:22:05,clusterB,16,4,4,0,1.00,0.5,0.5,0.0,0.0,0.0
2026-01-25 14:22:10,clusterA,16,4,4,0,1.00,0.5,0.5,0.0,0.0,0.0
2026-01-25 14:22:10,clusterB,16,4,4,0,1.00,0.5,0.5,0.0,0.0,0.0
2026-01-25 14:22:16,clusterA,16,4,4,0,1.00,0.5,0.5,0.0,0.0,0.0
2026-01-25 14:22:16,clusterB,16,4,4,0,1.00,0.5,0.5,0.0,0.0,0.0
2026-01-25 14:22:21,clusterA,16,4,4,0,1.00,0.5,0.5,0.0,0.0,0.0
2026-01-25 14:22:21,clusterB,16,4,4,0,1.00,0.5,0.5,0.0,0.0,0.0
2026-01-25 14:22:26,clusterA,16,4,4,0,1.00,0.5,0.5,0.0,0.0,0.0
2026-01-25 14:22:26,clusterB,16,4,4,0,1.00,0.5,0.5,0.0,0.0,0.0
2026-01-25 14:22:31,clusterA,16,4,4,0,1.00,0.5,0.5,0.0,0.0,0.0
2026-01-25 14:22:31,clusterB,16,4,4,0,1.00,0.5,0.5,0.0,0.0,0.0
2026-01-25 14:22:37,clusterA,16,4,4,0,1.00,0.5,0.5,0.0,0.0,0.0
2026-01-25 14:22:37,clusterB,16,4,4,0,1.00,0.5,0.5,0.0,0.0,0.0
2026-01-25 14:22:42,clusterA,16,4,4,0,1.00,0.5,0.5,0.0,0.0,0.0
2026-01-25 14:22:42,clusterB,16,4,4,0,1.00,0.5,0.5,0.0,0.0,0.0
2026-01-25 14:22:47,clusterA,16,4,4,0,1.00,0.5,0.5,0.0,0.0,0.0
2026-01-25 14:22:47,clusterB,16,4,4,0,1.00,0.5,0.5,0.0,0.0,0.0
2026-01-25 14:22:52,clusterA,16,4,4,0,1.00,0.5,0.5,0.0,0.0,0.0
2026-01-25 14:22:52,clusterB,16,4,4,0,1.00,0.5,0.5,0.0,0.0,0.0
2026-01-25 14:22:58,clusterA,16,4,4,0,1.00,0.5,0.5,0.0,0.0,0.0
2026-01-25 14:22:58,clusterB,16,4,4,0,1.00,0.5,0.5,0.0,0.0,0.0
2026-01-25 14:23:03,clusterA,16,4,4,0,1.00,0.5,0.5,0.0,0.0,0.0
2026-01-25 14:23:03,clusterB,16,4,4,0,1.00,0.5,0.5,0.0,0.0,0.0
2026-01-25 14:23:08,clusterA,16,4,4,0,1.00,0.5,0.5,0.0,0.0,0.0
2026-01-25 14:23:08,clusterB,16,4,4,0,1.00,0.5,0.5,0.0,0.0,0.0
2026-01-25 14:23:13,clusterA,16,4,4,0,1.00,0.5,0.5,0.0,0.0,0.0
2026-01-25 14:23:13,clusterB,16,4,4,0,1.00,0.5,0.5,0.0,0.0,0.0
2026-01-25 14:23:18,clusterA,16,4,4,0,1.00,0.5,0.5,0.0,0.0,0.0
2026-01-25 14:23:18,clusterB,16,4,4,0,1.00,0.5,0.5,0.0,0.0,0.0
2026-01-25 14:23:24,clusterA,16,4,4,0,1.00,0.5,0.5,0.0,0.0,0.0
2026-01-25 14:23:24,clusterB,16,4,4,0,1.00,0.5,0.5,0.0,0.0,0.0
2026-01-25 14:23:29,clusterA,16,4,4,0,1.00,0.5,0.5,0.0,0.0,0.0
2026-01-25 14:23:29,clusterB,16,4,4,0,1.00,0.5,0.5,0.0,0.0,0.0
2026-01-25 14:23:34,clusterA,16,4,4,0,1.00,0.5,0.5,0.0,0.0,0.0
2026-01-25 14:23:34,clusterB,16,4,4,0,1.00,0.5,0.5,0.0,0.0,0.0
2026-01-25 14:23:39,clusterA,16,4,4,0,1.00,0.5,0.5,0.0,0.0,0.0
2026-01-25 14:23:39,clusterB,16,4,4,0,1.00,0.5,0.5,0.0,0.0,0.0
2026-01-25 14:23:45,clusterA,16,4,4,0,1.00,0.5,0.5,0.0,0.0,0.0
2026-01-25 14:23:45,clusterB,16,4,4,0,1.00,0.5,0.5,0.0,0.0,0.0
2026-01-25 14:23:50,clusterA,16,4,4,0,1.00,0.5,0.5,0.0,0.0,0.0
2026-01-25 14:23:50,clusterB,16,4,4,0,1.00,0.5,0.5,0.0,0.0,0.0
2026-01-25 14:23:55,clusterA,16,4,4,0,1.00,0.5,0.5,0.0,0.0,0.0
2026-01-25 14:23:55,clusterB,16,4,4,0,1.00,0.5,0.5,0.0,0.0,0.0
2026-01-25 14:24:00,clusterA,16,4,4,0,1.00,0.5,0.5,0.0,0.0,0.0
2026-01-25 14:24:00,clusterB,16,4,4,0,1.00,0.5,0.5,0.0,0.0,0.0
2026-01-25 14:24:06,clusterA,16,4,4,0,1.00,0.5,0.5,0.0,0.0,0.0
2026-01-25 14:24:06,clusterB,16,4,4,0,1.00,0.5,0.5,0.0,0.0,0.0
2026-01-25 14:24:11,clusterA,16,4,4,0,1.00,0.5,0.5,0.0,0.0,0.0
2026-01-25 14:24:11,clusterB,16,4,4,0,1.00,0.5,0.5,0.0,0.0,0.0
2026-01-25 14:24:16,clusterA,16,4,4,0,1.00,0.5,0.5,0.0,0.0,0.0
2026-01-25 14:24:16,clusterB,16,4,4,0,1.00,0.5,0.5,0.0,0.0,0.0
2026-01-25 14:24:21,clusterA,16,4,4,0,1.00,0.5,0.5,0.0,0.0,0.0
2026-01-25 14:24:21,clusterB,16,4,4,0,1.00,0.5,0.5,0.0,0.0,0.0
2026-01-25 14:24:26,clusterA,16,4,4,0,1.00,0.5,0.5,0.0,0.0,0.0
2026-01-25 14:24:26,clusterB,16,4,4,0,1.00,0.5,0.5,0.0,0.0,0.0
2026-01-25 14:24:32,clusterA,16,4,4,0,1.00,0.5,0.5,0.0,0.0,0.0
2026-01-25 14:24:32,clusterB,16,4,4,0,1.00,0.5,0.5,0.0,0.0,0.0
2026-01-25 14:24:37,clusterA,16,4,4,0,1.00,0.5,0.5,0.0,0.0,0.0
2026-01-25 14:24:37,clusterB,16,4,4,0,1.00,0.5,0.5,0.0,0.0,0.0
2026-01-25 14:24:42,clusterA,16,4,4,0,1.00,0.5,0.5,0.0,0.0,0.0
2026-01-25 14:24:42,clusterB,16,4,4,0,1.00,0.5,0.5,0.0,0.0,0.0
2026-01-25 14:24:47,clusterA,17,4,4,0,1.00,0.5,0.5,0.0,0.0,0.0
2026-01-25 14:24:47,clusterB,17,4,4,0,1.00,0.5,0.5,0.0,0.0,0.0
2026-01-25 14:24:53,clusterA,17,4,4,0,1.00,0.5,0.5,0.0,0.0,0.0
2026-01-25 14:24:53,clusterB,17,4,4,0,1.00,0.5,0.5,0.0,0.0,0.0
2026-01-25 14:24:58,clusterA,17,4,4,0,1.00,0.5,0.5,0.0,0.0,0.0
2026-01-25 14:24:58,clusterB,17,4,4,0,1.00,0.5,0.5,0.0,0.0,0.0
2026-01-25 14:25:03,clusterA,17,4,4,0,1.00,0.5,0.5,0.0,0.0,0.0
2026-01-25 14:25:03,clusterB,17,4,4,0,1.00,0.5,0.5,0.0,0.0,0.0
2026-01-25 14:25:08,clusterA,17,4,4,0,1.00,0.5,0.5,0.0,0.0,0.0
2026-01-25 14:25:08,clusterB,17,4,4,0,1.00,0.5,0.5,0.0,0.0,0.0
2026-01-25 14:25:13,clusterA,17,4,4,0,1.00,0.5,0.5,0.0,0.0,0.0
2026-01-25 14:25:13,clusterB,17,4,4,0,1.00,0.5,0.5,0.0,0.0,0.0
2026-01-25 14:25:19,clusterA,17,4,4,0,1.00,0.5,0.5,0.0,0.0,0.0
2026-01-25 14:25:19,clusterB,17,4,4,0,1.00,0.5,0.5,0.0,0.0,0.0
2026-01-25 14:25:24,clusterA,17,4,4,0,1.00,0.5,0.5,0.0,0.0,0.0
2026-01-25 14:25:24,clusterB,17,4,4,0,1.00,0.5,0.5,0.0,0.0,0.0
2026-01-25 14:25:29,clusterA,17,4,4,0,1.00,0.5,0.5,0.0,0.0,0.0
2026-01-25 14:25:29,clusterB,17,4,4,0,1.00,0.5,0.5,0.0,0.0,0.0
2026-01-25 14:25:34,clusterA,17,4,4,0,1.00,0.5,0.5,0.0,0.0,0.0
2026-01-25 14:25:34,clusterB,17,4,4,0,1.00,0.5,0.5,0.0,0.0,0.0
2026-01-25 14:25:40,clusterA,17,4,4,0,1.00,0.5,0.5,0.0,0.0,0.0
2026-01-25 14:25:40,clusterB,17,4,4,0,1.00,0.5,0.5,0.0,0.0,0.0
2026-01-25 14:25:45,clusterA,17,4,4,0,1.00,0.5,0.5,0.0,0.0,0.0
2026-01-25 14:25:45,clusterB,17,4,4,0,1.00,0.5,0.5,0.0,0.0,0.0
2026-01-25 14:25:50,clusterA,17,4,4,0,1.00,0.5,0.5,0.0,0.0,0.0
2026-01-25 14:25:50,clusterB,17,4,4,0,1.00,0.5,0.5,0.0,0.0,0.0
2026-01-25 14:25:55,clusterA,17,4,4,0,1.00,0.5,0.5,0.0,0.0,0.0
2026-01-25 14:25:55,clusterB,17,4,4,0,1.00,0.5,0.5,0.0,0.0,0.0
2026-01-25 14:26:00,clusterA,17,4,4,0,1.00,0.5,0.5,0.0,0.0,0.0
2026-01-25 14:26:00,clusterB,17,4,4,0,1.00,0.5,0.5,0.0,0.0,0.0
2026-01-25 14:26:06,clusterA,17,4,4,0,1.00,0.5,0.5,0.0,0.0,0.0
2026-01-25 14:26:06,clusterB,17,4,4,0,1.00,0.5,0.5,0.0,0.0,0.0
2026-01-25 14:26:11,clusterA,17,4,4,0,1.00,0.5,0.5,0.0,0.0,0.0
2026-01-25 14:26:11,clusterB,17,4,4,0,1.00,0.5,0.5,0.0,0.0,0.0
2026-01-25 14:26:16,clusterA,17,4,4,0,1.00,0.5,0.5,0.0,0.0,0.0
2026-01-25 14:26:16,clusterB,17,4,4,0,1.00,0.5,0.5,0.0,0.0,0.0
2026-01-25 14:26:21,clusterA,17,4,4,0,1.00,0.5,0.5,0.0,0.0,0.0
2026-01-25 14:26:21,clusterB,17,4,4,0,1.00,0.5,0.5,0.0,0.0,0.0
2026-01-25 14:26:27,clusterA,17,4,4,0,1.00,0.5,0.5,0.0,0.0,0.0
2026-01-25 14:26:27,clusterB,17,4,4,0,1.00,0.5,0.5,0.0,0.0,0.0
2026-01-25 14:26:32,clusterA,17,4,4,0,1.00,0.5,0.5,0.0,0.0,0.0
2026-01-25 14:26:32,clusterB,17,4,4,0,1.00,0.5,0.5,0.0,0.0,0.0
2026-01-25 14:26:37,clusterA,17,4,4,0,1.00,0.5,0.5,0.0,0.0,0.0
2026-01-25 14:26:37,clusterB,17,4,4,0,1.00,0.5,0.5,0.0,0.0,0.0
2026-01-25 14:26:42,clusterA,17,4,4,0,1.00,0.5,0.5,0.0,0.0,0.0
2026-01-25 14:26:42,clusterB,17,4,4,0,1.00,0.5,0.5,0.0,0.0,0.0
2026-01-25 14:26:47,clusterA,17,4,4,0,1.00,0.5,0.5,0.0,0.0,0.0
2026-01-25 14:26:47,clusterB,17,4,4,0,1.00,0.5,0.5,0.0,0.0,0.0
2026-01-25 14:26:53,clusterA,17,4,4,0,1.00,0.5,0.5,0.0,0.0,0.0
2026-01-25 14:26:53,clusterB,17,4,4,0,1.00,0.5,0.5,0.0,0.0,0.0
2026-01-25 14:26:58,clusterA,17,4,4,0,1.00,0.5,0.5,0.0,0.0,0.0
2026-01-25 14:26:58,clusterB,17,4,4,0,1.00,0.5,0.5,0.0,0.0,0.0
2026-01-25 14:27:03,clusterA,17,4,4,0,1.00,0.5,0.5,0.0,0.0,0.0
2026-01-25 14:27:03,clusterB,17,4,4,0,1.00,0.5,0.5,0.0,0.0,0.0
2026-01-25 14:27:08,clusterA,17,4,4,0,1.00,0.5,0.5,0.0,0.0,0.0
2026-01-25 14:27:08,clusterB,17,4,4,0,1.00,0.5,0.5,0.0,0.0,0.0
2026-01-25 14:27:14,clusterA,17,4,4,0,1.00,0.5,0.5,0.0,0.0,0.0
2026-01-25 14:27:14,clusterB,17,4,4,0,1.00,0.5,0.5,0.0,0.0,0.0
2026-01-25 14:27:19,clusterA,17,4,4,0,1.00,0.5,0.5,0.0,0.0,0.0
2026-01-25 14:27:19,clusterB,17,4,4,0,1.00,0.5,0.5,0.0,0.0,0.0
2026-01-25 14:27:24,clusterA,17,4,4,0,1.00,0.5,0.5,0.0,0.0,0.0
2026-01-25 14:27:24,clusterB,17,4,4,0,1.00,0.5,0.5,0.0,0.0,0.0
2026-01-25 14:27:29,clusterA,17,4,4,0,1.00,0.5,0.5,0.0,0.0,0.0
2026-01-25 14:27:29,clusterB,17,4,4,0,1.00,0.5,0.5,0.0,0.0,0.0
2026-01-25 14:27:35,clusterA,17,4,4,0,1.00,0.5,0.5,0.0,0.0,0.0
2026-01-25 14:27:35,clusterB,17,4,4,0,1.00,0.5,0.5,0.0,0.0,0.0
2026-01-25 14:27:40,clusterA,17,4,4,0,1.00,0.5,0.5,0.0,0.0,0.0
2026-01-25 14:27:40,clusterB,17,4,4,0,1.00,0.5,0.5,0.0,0.0,0.0
2026-01-25 14:27:45,clusterA,17,4,4,0,1.00,0.5,0.5,0.0,0.0,0.0
2026-01-25 14:27:45,clusterB,17,4,4,0,1.00,0.5,0.5,0.0,0.0,0.0
2026-01-25 14:27:50,clusterA,17,4,4,0,1.00,0.5,0.5,0.0,0.0,0.0
2026-01-25 14:27:50,clusterB,17,4,4,0,1.00,0.5,0.5,0.0,0.0,0.0
2026-01-25 14:27:56,clusterA,17,4,4,0,1.00,0.5,0.5,0.0,0.0,0.0
2026-01-25 14:27:56,clusterB,17,4,4,0,1.00,0.5,0.5,0.0,0.0,0.0
2026-01-25 14:28:01,clusterA,17,4,4,0,1.00,0.5,0.5,0.0,0.0,0.0
2026-01-25 14:28:01,clusterB,17,4,4,0,1.00,0.5,0.5,0.0,0.0,0.0
2026-01-25 14:28:06,clusterA,17,4,4,0,1.00,0.5,0.5,0.0,0.0,0.0
2026-01-25 14:28:06,clusterB,17,4,4,0,1.00,0.5,0.5,0.0,0.0,0.0
2026-01-25 14:28:11,clusterA,17,4,4,0,1.00,0.5,0.5,0.0,0.0,0.0
2026-01-25 14:28:11,clusterB,17,4,4,0,1.00,0.5,0.5,0.0,0.0,0.0
2026-01-25 14:28:16,clusterA,17,4,4,0,1.00,0.5,0.5,0.0,0.0,0.0
2026-01-25 14:28:16,clusterB,17,4,4,0,1.00,0.5,0.5,0.0,0.0,0.0
2026-01-25 14:28:22,clusterA,17,4,4,0,1.00,0.5,0.5,0.0,0.0,0.0
2026-01-25 14:28:22,clusterB,17,4,4,0,1.00,0.5,0.5,0.0,0.0,0.0
2026-01-25 14:28:27,clusterA,17,4,4,0,1.00,0.5,0.5,0.0,0.0,0.0
2026-01-25 14:28:27,clusterB,17,4,4,0,1.00,0.5,0.5,0.0,0.0,0.0
2026-01-25 14:28:32,clusterA,17,4,4,0,1.00,0.5,0.5,0.0,0.0,0.0
2026-01-25 14:28:32,clusterB,17,4,4,0,1.00,0.5,0.5,0.0,0.0,0.0
2026-01-25 14:28:37,clusterA,17,4,4,0,1.00,0.5,0.5,0.0,0.0,0.0
2026-01-25 14:28:37,clusterB,17,4,4,0,1.00,0.5,0.5,0.0,0.0,0.0
2026-01-25 14:28:43,clusterA,17,4,4,0,1.00,0.5,0.5,0.0,0.0,0.0
2026-01-25 14:28:43,clusterB,17,4,4,0,1.00,0.5,0.5,0.0,0.0,0.0
2026-01-25 14:28:48,clusterA,17,4,4,0,1.00,0.5,0.5,0.0,0.0,0.0
2026-01-25 14:28:48,clusterB,17,4,4,0,1.00,0.5,0.5,0.0,0.0,0.0
2026-01-25 14:28:53,clusterA,17,4,4,0,1.00,0.5,0.5,0.0,0.0,0.0
2026-01-25 14:28:53,clusterB,17,4,4,0,1.00,0.5,0.5,0.0,0.0,0.0
2026-01-25 14:28:58,clusterA,17,4,4,0,1.00,0.5,0.5,0.0,0.0,0.0
2026-01-25 14:28:58,clusterB,17,4,4,0,1.00,0.5,0.5,0.0,0.0,0.0
2026-01-25 14:29:04,clusterA,17,4,4,0,1.00,0.5,0.5,0.0,0.0,0.0
2026-01-25 14:29:04,clusterB,17,4,4,0,1.00,0.5,0.5,0.0,0.0,0.0
2026-01-25 14:29:09,clusterA,17,4,4,0,1.00,0.5,0.5,0.0,0.0,0.0
2026-01-25 14:29:09,clusterB,17,4,4,0,1.00,0.5,0.5,0.0,0.0,0.0
2026-01-25 14:29:14,clusterA,17,4,4,0,1.00,0.5,0.5,0.0,0.0,0.0
2026-01-25 14:29:14,clusterB,17,4,4,0,1.00,0.5,0.5,0.0,0.0,0.0
2026-01-25 14:29:19,clusterA,17,4,4,0,1.00,0.5,0.5,0.0,0.0,0.0
2026-01-25 14:29:19,clusterB,17,4,4,0,1.00,0.5,0.5,0.0,0.0,0.0
2026-01-25 14:29:24,clusterA,17,4,4,0,1.00,0.5,0.5,0.0,0.0,0.0
2026-01-25 14:29:24,clusterB,17,4,4,0,1.00,0.5,0.5,0.0,0.0,0.0
2026-01-25 14:29:30,clusterA,17,4,4,0,1.00,0.5,0.5,0.0,0.0,0.0
2026-01-25 14:29:30,clusterB,17,4,4,0,1.00,0.5,0.5,0.0,0.0,0.0
2026-01-25 14:29:35,clusterA,17,4,4,0,1.00,0.5,0.5,0.0,0.0,0.0
2026-01-25 14:29:35,clusterB,17,4,4,0,1.00,0.5,0.5,0.0,0.0,0.0
2026-01-25 14:29:40,clusterA,17,4,4,0,1.00,0.5,0.5,0.0,0.0,0.0
2026-01-25 14:29:40,clusterB,17,4,4,0,1.00,0.5,0.5,0.0,0.0,0.0
2026-01-25 14:29:45,clusterA,17,4,4,0,1.00,0.5,0.5,0.0,0.0,0.0
2026-01-25 14:29:45,clusterB,17,4,4,0,1.00,0.5,0.5,0.0,0.0,0.0
2026-01-25 14:29:51,clusterA,17,4,4,0,1.00,0.5,0.5,0.0,0.0,0.0
2026-01-25 14:29:51,clusterB,17,4,4,0,1.00,0.5,0.5,0.0,0.0,0.0
2026-01-25 14:29:56,clusterA,17,4,4,0,1.00,0.5,0.5,0.0,0.0,0.0
2026-01-25 14:29:56,clusterB,17,4,4,0,1.00,0.5,0.5,0.0,0.0,0.0
2026-01-25 14:30:01,clusterA,17,4,4,0,1.00,0.5,0.5,0.0,0.0,0.0
2026-01-25 14:30:01,clusterB,17,4,4,0,1.00,0.5,0.5,0.0,0.0,0.0
2026-01-25 14:30:06,clusterA,17,4,4,0,1.00,0.5,0.5,0.0,0.0,0.0
2026-01-25 14:30:06,clusterB,17,4,4,0,1.00,0.5,0.5,0.0,0.0,0.0
2026-01-25 14:30:12,clusterA,17,4,4,0,1.00,0.5,0.5,0.0,0.0,0.0
2026-01-25 14:30:12,clusterB,17,4,3,1,0.75,0.5,0.5,0.0,0.0,0.0
2026-01-25 14:30:17,clusterA,17,4,4,0,1.00,0.5,0.5,0.0,0.0,0.0
2026-01-25 14:30:17,clusterB,17,4,3,1,0.75,0.5,0.5,0.0,0.0,0.0
2026-01-25 14:30:22,clusterA,17,4,4,0,1.00,0.5,0.5,0.0,0.0,0.0
2026-01-25 14:30:22,clusterB,17,4,3,1,0.75,0.5,0.5,0.0,0.0,0.0
2026-01-25 14:30:27,clusterA,17,4,4,0,1.00,0.5,0.5,0.0,0.0,0.0
2026-01-25 14:30:27,clusterB,17,4,3,1,0.75,0.5,0.5,0.0,0.0,0.0
2026-01-25 14:30:32,clusterA,17,4,4,0,1.00,0.5,0.5,0.0,0.0,0.0
2026-01-25 14:30:32,clusterB,17,4,3,1,0.75,0.5,0.5,0.0,0.0,0.0
2026-01-25 14:30:38,clusterA,17,4,4,0,1.00,0.5,0.5,0.0,0.0,0.0
2026-01-25 14:30:38,clusterB,17,4,3,1,0.75,0.5,0.5,0.0,0.0,0.0
2026-01-25 14:30:43,clusterA,17,4,4,0,1.00,0.5,0.5,0.0,0.0,0.0
2026-01-25 14:30:43,clusterB,17,4,3,1,0.75,0.5,0.5,0.0,0.0,0.0
2026-01-25 14:30:48,clusterA,17,4,4,0,1.00,0.5,0.5,0.0,0.0,0.0
2026-01-25 14:30:48,clusterB,17,4,3,1,0.75,0.5,0.5,0.0,0.0,0.0
2026-01-25 14:30:53,clusterA,17,4,4,0,1.00,0.5,0.5,0.0,0.0,0.0
2026-01-25 14:30:53,clusterB,17,4,3,1,0.75,0.5,0.5,0.0,0.0,0.0
2026-01-25 14:30:58,clusterA,17,4,4,0,1.00,0.5,0.5,0.0,0.0,0.0
2026-01-25 14:30:58,clusterB,17,4,3,1,0.75,0.5,0.5,0.0,0.0,0.0
2026-01-25 14:31:03,clusterA,17,4,4,0,1.00,0.5,0.5,0.0,0.0,0.0
2026-01-25 14:31:03,clusterB,17,4,3,1,0.75,0.5,0.5,0.0,0.0,0.0
2026-01-25 14:31:09,clusterA,17,4,4,0,1.00,0.5,0.5,0.0,0.0,0.0
2026-01-25 14:31:09,clusterB,17,4,3,1,0.75,0.5,0.5,0.0,0.0,0.0
2026-01-25 14:31:14,clusterA,17,4,4,0,1.00,0.5,0.5,0.0,0.0,0.0
2026-01-25 14:31:14,clusterB,17,4,3,1,0.75,0.5,0.5,0.0,0.0,0.0
2026-01-25 14:31:19,clusterA,17,4,4,0,1.00,0.5,0.5,0.0,0.0,0.0
2026-01-25 14:31:19,clusterB,17,4,3,1,0.75,0.5,0.5,0.0,0.0,0.0
2026-01-25 14:31:24,clusterA,17,4,4,0,1.00,0.5,0.5,0.0,0.0,0.0
2026-01-25 14:31:24,clusterB,17,4,3,1,0.75,0.5,0.5,0.0,0.0,0.0
2026-01-25 14:31:29,clusterA,17,4,4,0,1.00,0.5,0.5,0.0,0.0,0.0
2026-01-25 14:31:29,clusterB,17,4,3,1,0.75,0.5,0.5,0.0,0.0,0.0
2026-01-25 14:31:35,clusterA,17,4,4,0,1.00,0.5,0.5,0.0,0.0,0.0
2026-01-25 14:31:35,clusterB,17,4,3,1,0.75,0.5,0.5,0.0,0.0,0.0
2026-01-25 14:31:40,clusterA,17,4,4,0,1.00,0.5,0.5,0.0,0.0,0.0
2026-01-25 14:31:40,clusterB,17,4,3,1,0.75,0.5,0.5,0.0,0.0,0.0
2026-01-25 14:31:45,clusterA,17,4,4,0,1.00,0.5,0.5,0.0,0.0,0.0
2026-01-25 14:31:45,clusterB,17,4,3,1,0.75,0.5,0.5,0.0,0.0,0.0
2026-01-25 14:31:50,clusterA,17,4,4,0,1.00,0.5,0.5,0.0,0.0,0.0
2026-01-25 14:31:50,clusterB,17,4,3,1,0.75,0.5,0.5,0.0,0.0,0.0
2026-01-25 14:31:55,clusterA,17,4,4,0,1.00,0.5,0.5,0.0,0.0,0.0
2026-01-25 14:31:55,clusterB,17,4,3,1,0.75,0.5,0.5,0.0,0.0,0.0
2026-01-25 14:32:00,clusterA,17,4,4,0,1.00,0.5,0.5,0.0,0.0,0.0
2026-01-25 14:32:00,clusterB,17,4,3,1,0.75,0.5,0.5,0.0,0.0,0.0
2026-01-25 14:32:06,clusterA,17,4,4,0,1.00,0.5,0.5,0.0,0.0,0.0
2026-01-25 14:32:06,clusterB,17,4,3,1,0.75,0.5,0.5,0.0,0.0,0.0
2026-01-25 14:32:11,clusterA,17,4,4,0,1.00,0.5,0.5,0.0,0.0,0.0
2026-01-25 14:32:11,clusterB,17,4,3,1,0.75,0.5,0.5,0.0,0.0,0.0
2026-01-25 14:32:16,clusterA,17,4,4,0,1.00,0.5,0.5,0.0,0.0,0.0
2026-01-25 14:32:16,clusterB,17,4,3,1,0.75,0.5,0.5,0.0,0.0,0.0
2026-01-25 14:32:21,clusterA,17,4,4,0,1.00,0.5,0.5,0.0,0.0,0.0
2026-01-25 14:32:21,clusterB,17,4,3,1,0.75,0.5,0.5,0.0,0.0,0.0
2026-01-25 14:32:26,clusterA,17,4,4,0,1.00,0.5,0.5,0.0,0.0,0.0
2026-01-25 14:32:26,clusterB,17,4,3,1,0.75,0.5,0.5,0.0,0.0,0.0
2026-01-25 14:32:32,clusterA,17,4,4,0,1.00,0.5,0.5,0.0,0.0,0.0
2026-01-25 14:32:32,clusterB,17,4,3,1,0.75,0.5,0.5,0.0,0.0,0.0
2026-01-25 14:32:37,clusterA,17,4,4,0,1.00,0.5,0.5,0.0,0.0,0.0
2026-01-25 14:32:37,clusterB,17,4,3,1,0.75,0.5,0.5,0.0,0.0,0.0
2026-01-25 14:32:42,clusterA,17,4,4,0,1.00,0.5,0.5,0.0,0.0,0.0
2026-01-25 14:32:42,clusterB,17,4,3,1,0.75,0.5,0.5,0.0,0.0,0.0
2026-01-25 14:32:47,clusterA,17,4,4,0,1.00,0.5,0.5,0.0,0.0,0.0
2026-01-25 14:32:47,clusterB,17,4,3,1,0.75,0.5,0.5,0.0,0.0,0.0
2026-01-25 14:32:52,clusterA,17,4,4,0,1.00,0.5,0.5,0.0,0.0,0.0
2026-01-25 14:32:52,clusterB,17,4,3,1,0.75,0.5,0.5,0.0,0.0,0.0
2026-01-25 14:32:57,clusterA,17,4,4,0,1.00,0.5,0.5,0.0,0.0,0.0
2026-01-25 14:32:57,clusterB,17,4,3,1,0.75,0.5,0.5,0.0,0.0,0.0
2026-01-25 14:33:03,clusterA,17,4,4,0,1.00,0.5,0.5,0.0,0.0,0.0
2026-01-25 14:33:03,clusterB,17,4,3,1,0.75,0.5,0.5,0.0,0.0,0.0
2026-01-25 14:33:08,clusterA,17,4,4,0,1.00,0.5,0.5,0.0,0.0,0.0
2026-01-25 14:33:08,clusterB,17,4,3,1,0.75,0.5,0.5,0.0,0.0,0.0
2026-01-25 14:33:13,clusterA,17,4,4,0,1.00,0.5,0.5,0.0,0.0,0.0
2026-01-25 14:33:13,clusterB,17,4,3,1,0.75,0.5,0.5,0.0,0.0,0.0
2026-01-25 14:33:18,clusterA,17,4,4,0,1.00,0.5,0.5,0.0,0.0,0.0
2026-01-25 14:33:18,clusterB,17,4,3,1,0.75,0.5,0.5,0.0,0.0,0.0
2026-01-25 14:33:23,clusterA,17,4,4,0,1.00,0.5,0.5,0.0,0.0,0.0
2026-01-25 14:33:23,clusterB,17,4,3,1,0.75,0.5,0.5,0.0,0.0,0.0
2026-01-25 14:33:29,clusterA,17,4,4,0,1.00,0.5,0.5,0.0,0.0,0.0
2026-01-25 14:33:29,clusterB,17,4,3,1,0.75,0.5,0.5,0.0,0.0,0.0
2026-01-25 14:33:34,clusterA,17,4,4,0,1.00,0.5,0.5,0.0,0.0,0.0
2026-01-25 14:33:34,clusterB,17,4,3,1,0.75,0.5,0.5,0.0,0.0,0.0
2026-01-25 14:33:39,clusterA,17,4,4,0,1.00,0.5,0.5,0.0,0.0,0.0
2026-01-25 14:33:39,clusterB,17,4,3,1,0.75,0.5,0.5,0.0,0.0,0.0
2026-01-25 14:33:44,clusterA,17,4,4,0,1.00,0.5,0.5,0.0,0.0,0.0
2026-01-25 14:33:44,clusterB,17,4,3,1,0.75,0.5,0.5,0.0,0.0,0.0
2026-01-25 14:33:49,clusterA,17,4,4,0,1.00,0.5,0.5,0.0,0.0,0.0
2026-01-25 14:33:49,clusterB,17,4,3,1,0.75,0.5,0.5,0.0,0.0,0.0
2026-01-25 14:33:55,clusterA,17,4,4,0,1.00,0.5,0.5,0.0,0.0,0.0
2026-01-25 14:33:55,clusterB,17,4,3,1,0.75,0.5,0.5,0.0,0.0,0.0
2026-01-25 14:34:00,clusterA,17,4,4,0,1.00,0.5,0.5,0.0,0.0,0.0
2026-01-25 14:34:00,clusterB,17,4,3,1,0.75,0.5,0.5,0.0,0.0,0.0
2026-01-25 14:34:05,clusterA,17,4,4,0,1.00,0.5,0.5,0.0,0.0,0.0
2026-01-25 14:34:05,clusterB,17,4,3,1,0.75,0.5,0.5,0.0,0.0,0.0
2026-01-25 14:34:10,clusterA,17,4,4,0,1.00,0.5,0.5,0.0,0.0,0.0
2026-01-25 14:34:10,clusterB,17,4,3,1,0.75,0.5,0.5,0.0,0.0,0.0
2026-01-25 14:34:15,clusterA,17,4,4,0,1.00,0.5,0.5,0.0,0.0,0.0
2026-01-25 14:34:15,clusterB,17,4,3,1,0.75,0.5,0.5,0.0,0.0,0.0
2026-01-25 14:34:21,clusterA,17,4,4,0,1.00,0.5,0.5,0.0,0.0,0.0
2026-01-25 14:34:21,clusterB,17,4,3,1,0.75,0.5,0.5,0.0,0.0,0.0
2026-01-25 14:34:26,clusterA,17,4,4,0,1.00,0.5,0.5,0.0,0.0,0.0
2026-01-25 14:34:26,clusterB,17,4,3,1,0.75,0.5,0.5,0.0,0.0,0.0
2026-01-25 14:34:31,clusterA,17,4,4,0,1.00,0.5,0.5,0.0,0.0,0.0
2026-01-25 14:34:31,clusterB,17,4,3,1,0.75,0.5,0.5,0.0,0.0,0.0
2026-01-25 14:34:36,clusterA,17,4,4,0,1.00,0.5,0.5,0.0,0.0,0.0
2026-01-25 14:34:36,clusterB,17,4,3,1,0.75,0.5,0.5,0.0,0.0,0.0
2026-01-25 14:34:41,clusterA,17,4,4,0,1.00,0.5,0.5,0.0,0.0,0.0
2026-01-25 14:34:41,clusterB,17,4,3,1,0.75,0.5,0.5,0.0,0.0,0.0
2026-01-25 14:34:47,clusterA,17,4,4,0,1.00,0.5,0.5,0.0,0.0,0.0
2026-01-25 14:34:47,clusterB,17,4,3,1,0.75,0.5,0.5,0.0,0.0,0.0
2026-01-25 14:34:52,clusterA,17,4,4,0,1.00,0.5,0.5,0.0,0.0,0.0
2026-01-25 14:34:52,clusterB,17,4,3,1,0.75,0.5,0.5,0.0,0.0,0.0
2026-01-25 14:34:57,clusterA,17,4,4,0,1.00,0.5,0.5,0.0,0.0,0.0
2026-01-25 14:34:57,clusterB,17,4,3,1,0.75,0.5,0.5,0.0,0.0,0.0
2026-01-25 14:35:02,clusterA,17,4,4,0,1.00,0.5,0.5,0.0,0.0,0.0
2026-01-25 14:35:02,clusterB,17,4,3,1,0.75,0.5,0.5,0.0,0.0,0.0
2026-01-25 14:35:07,clusterA,17,4,4,0,1.00,0.5,0.5,0.0,0.0,0.0
2026-01-25 14:35:07,clusterB,17,4,3,1,0.75,0.5,0.5,0.0,0.0,0.0
2026-01-25 14:35:12,clusterA,18,4,4,0,1.00,0.5,0.5,0.0,0.0,0.0
2026-01-25 14:35:12,clusterB,18,4,3,1,0.75,0.5,0.5,0.0,0.0,0.0
2026-01-25 14:35:18,clusterA,18,4,4,0,1.00,0.5,0.5,0.0,0.0,0.0
2026-01-25 14:35:18,clusterB,18,4,3,1,0.75,0.5,0.5,0.0,0.0,0.0
2026-01-25 14:35:23,clusterA,18,4,4,0,1.00,0.5,0.5,0.0,0.0,0.0
2026-01-25 14:35:23,clusterB,18,4,3,1,0.75,0.5,0.5,0.0,0.0,0.0
2026-01-25 14:35:28,clusterA,18,4,4,0,1.00,0.5,0.5,0.0,0.0,0.0
2026-01-25 14:35:28,clusterB,18,4,3,1,0.75,0.5,0.5,0.0,0.0,0.0
2026-01-25 14:35:33,clusterA,18,4,4,0,1.00,0.5,0.5,0.0,0.0,0.0
2026-01-25 14:35:33,clusterB,18,4,3,1,0.75,0.5,0.5,0.0,0.0,0.0
2026-01-25 14:35:38,clusterA,18,4,4,0,1.00,0.5,0.5,0.0,0.0,0.0
2026-01-25 14:35:38,clusterB,18,4,3,1,0.75,0.5,0.5,0.0,0.0,0.0
2026-01-25 14:35:44,clusterA,18,4,4,0,1.00,0.5,0.5,0.0,0.0,0.0
2026-01-25 14:35:44,clusterB,18,4,3,1,0.75,0.5,0.5,0.0,0.0,0.0
2026-01-25 14:35:49,clusterA,18,4,4,0,1.00,0.5,0.5,0.0,0.0,0.0
2026-01-25 14:35:49,clusterB,18,4,3,1,0.75,0.5,0.5,0.0,0.0,0.0
2026-01-25 14:35:54,clusterA,18,4,4,0,1.00,0.5,0.5,0.0,0.0,0.0
2026-01-25 14:35:54,clusterB,18,4,3,1,0.75,0.5,0.5,0.0,0.0,0.0
2026-01-25 14:35:59,clusterA,18,4,4,0,1.00,0.5,0.5,0.0,0.0,0.0
2026-01-25 14:35:59,clusterB,18,4,3,1,0.75,0.5,0.5,0.0,0.0,0.0
2026-01-25 14:36:04,clusterA,18,4,4,0,1.00,0.5,0.5,0.0,0.0,0.0
2026-01-25 14:36:04,clusterB,18,4,3,1,0.75,0.5,0.5,0.0,0.0,0.0
2026-01-25 14:36:10,clusterA,18,4,4,0,1.00,0.5,0.5,0.0,0.0,0.0
2026-01-25 14:36:10,clusterB,18,4,3,1,0.75,0.5,0.5,0.0,0.0,0.0
2026-01-25 14:36:15,clusterA,18,4,4,0,1.00,0.5,0.5,0.0,0.0,0.0
2026-01-25 14:36:15,clusterB,18,4,3,1,0.75,0.5,0.5,0.0,0.0,0.0
2026-01-25 14:36:20,clusterA,18,4,4,0,1.00,0.5,0.5,0.0,0.0,0.0
2026-01-25 14:36:20,clusterB,18,4,3,1,0.75,0.5,0.5,0.0,0.0,0.0
2026-01-25 14:36:25,clusterA,18,4,4,0,1.00,0.5,0.5,0.0,0.0,0.0
2026-01-25 14:36:25,clusterB,18,4,3,1,0.75,0.5,0.5,0.0,0.0,0.0
2026-01-25 14:36:30,clusterA,18,4,4,0,1.00,0.5,0.5,0.0,0.0,0.0
2026-01-25 14:36:30,clusterB,18,4,3,1,0.75,0.5,0.5,0.0,0.0,0.0
2026-01-25 14:36:35,clusterA,18,4,4,0,1.00,0.5,0.5,0.0,0.0,0.0
2026-01-25 14:36:35,clusterB,18,4,3,1,0.75,0.5,0.5,0.0,0.0,0.0
2026-01-25 14:36:41,clusterA,18,4,4,0,1.00,0.5,0.5,0.0,0.0,0.0
2026-01-25 14:36:41,clusterB,18,4,3,1,0.75,0.5,0.5,0.0,0.0,0.0
2026-01-25 14:36:46,clusterA,18,4,4,0,1.00,0.5,0.5,0.0,0.0,0.0
2026-01-25 14:36:46,clusterB,18,4,3,1,0.75,0.5,0.5,0.0,0.0,0.0
2026-01-25 14:36:51,clusterA,18,4,4,0,1.00,0.5,0.5,0.0,0.0,0.0
2026-01-25 14:36:51,clusterB,18,4,3,1,0.75,0.5,0.5,0.0,0.0,0.0
2026-01-25 14:36:56,clusterA,18,4,4,0,1.00,0.5,0.5,0.0,0.0,0.0
2026-01-25 14:36:56,clusterB,18,4,3,1,0.75,0.5,0.5,0.0,0.0,0.0
2026-01-25 14:37:01,clusterA,18,4,4,0,1.00,0.5,0.5,0.0,0.0,0.0
2026-01-25 14:37:01,clusterB,18,4,3,1,0.75,0.5,0.5,0.0,0.0,0.0
2026-01-25 14:37:07,clusterA,18,4,4,0,1.00,0.5,0.5,0.0,0.0,0.0
2026-01-25 14:37:07,clusterB,18,4,3,1,0.75,0.5,0.5,0.0,0.0,0.0
2026-01-25 14:37:12,clusterA,18,4,4,0,1.00,0.5,0.5,0.0,0.0,0.0
2026-01-25 14:37:12,clusterB,18,4,3,1,0.75,0.5,0.5,0.0,0.0,0.0
2026-01-25 14:37:17,clusterA,18,4,4,0,1.00,0.5,0.5,0.0,0.0,0.0
2026-01-25 14:37:17,clusterB,18,4,3,1,0.75,0.5,0.5,0.0,0.0,0.0
2026-01-25 14:37:22,clusterA,18,4,4,0,1.00,0.5,0.5,0.0,0.0,0.0
2026-01-25 14:37:22,clusterB,18,4,3,1,0.75,0.5,0.5,0.0,0.0,0.0
2026-01-25 14:37:27,clusterA,18,4,4,0,1.00,0.5,0.5,0.0,0.0,0.0
2026-01-25 14:37:27,clusterB,18,4,3,1,0.75,0.5,0.5,0.0,0.0,0.0
2026-01-25 14:37:32,clusterA,18,4,4,0,1.00,0.5,0.5,0.0,0.0,0.0
2026-01-25 14:37:32,clusterB,18,4,3,1,0.75,0.5,0.5,0.0,0.0,0.0
2026-01-25 14:37:38,clusterA,18,4,4,0,1.00,0.5,0.5,0.0,0.0,0.0
2026-01-25 14:37:38,clusterB,18,4,3,1,0.75,0.5,0.5,0.0,0.0,0.0
2026-01-25 14:37:43,clusterA,18,4,4,0,1.00,0.5,0.5,0.0,0.0,0.0
2026-01-25 14:37:43,clusterB,18,4,3,1,0.75,0.5,0.5,0.0,0.0,0.0
2026-01-25 14:37:48,clusterA,18,4,4,0,1.00,0.5,0.5,0.0,0.0,0.0
2026-01-25 14:37:48,clusterB,18,4,3,1,0.75,0.5,0.5,0.0,0.0,0.0
2026-01-25 14:37:53,clusterA,18,4,4,0,1.00,0.5,0.5,0.0,0.0,0.0
2026-01-25 14:37:53,clusterB,18,4,3,1,0.75,0.5,0.5,0.0,0.0,0.0
2026-01-25 14:37:58,clusterA,18,4,4,0,1.00,0.5,0.5,0.0,0.0,0.0
2026-01-25 14:37:58,clusterB,18,4,3,1,0.75,0.5,0.5,0.0,0.0,0.0
2026-01-25 14:38:04,clusterA,18,4,4,0,1.00,0.5,0.5,0.0,0.0,0.0
2026-01-25 14:38:04,clusterB,18,4,3,1,0.75,0.5,0.5,0.0,0.0,0.0
2026-01-25 14:38:09,clusterA,18,4,4,0,1.00,0.5,0.5,0.0,0.0,0.0
2026-01-25 14:38:09,clusterB,18,4,3,1,0.75,0.5,0.5,0.0,0.0,0.0
2026-01-25 14:38:14,clusterA,18,4,4,0,1.00,0.5,0.5,0.0,0.0,0.0
2026-01-25 14:38:14,clusterB,18,4,3,1,0.75,0.5,0.5,0.0,0.0,0.0
2026-01-25 14:38:19,clusterA,18,4,4,0,1.00,0.5,0.5,0.0,0.0,0.0
2026-01-25 14:38:19,clusterB,18,4,3,1,0.75,0.5,0.5,0.0,0.0,0.0
2026-01-25 14:38:24,clusterA,18,4,4,0,1.00,0.5,0.5,0.0,0.0,0.0
2026-01-25 14:38:24,clusterB,18,4,3,1,0.75,0.5,0.5,0.0,0.0,0.0
2026-01-25 14:38:30,clusterA,18,4,4,0,1.00,0.5,0.5,0.0,0.0,0.0
2026-01-25 14:38:30,clusterB,18,4,3,1,0.75,0.5,0.5,0.0,0.0,0.0
2026-01-25 14:38:35,clusterA,18,4,4,0,1.00,0.5,0.5,0.0,0.0,0.0
2026-01-25 14:38:35,clusterB,18,4,3,1,0.75,0.5,0.5,0.0,0.0,0.0
2026-01-25 14:38:40,clusterA,18,4,4,0,1.00,0.5,0.5,0.0,0.0,0.0
2026-01-25 14:38:40,clusterB,18,4,3,1,0.75,0.5,0.5,0.0,0.0,0.0
2026-01-25 14:38:45,clusterA,18,4,4,0,1.00,0.5,0.5,0.0,0.0,0.0
2026-01-25 14:38:45,clusterB,18,4,3,1,0.75,0.5,0.5,0.0,0.0,0.0
2026-01-25 14:38:50,clusterA,18,4,4,0,1.00,0.5,0.5,0.0,0.0,0.0
2026-01-25 14:38:50,clusterB,18,4,3,1,0.75,0.5,0.5,0.0,0.0,0.0
2026-01-25 14:38:56,clusterA,18,4,4,0,1.00,0.5,0.5,0.0,0.0,0.0
2026-01-25 14:38:56,clusterB,18,4,3,1,0.75,0.5,0.5,0.0,0.0,0.0
2026-01-25 14:39:01,clusterA,18,4,4,0,1.00,0.5,0.5,0.0,0.0,0.0
2026-01-25 14:39:01,clusterB,18,4,3,1,0.75,0.5,0.5,0.0,0.0,0.0
2026-01-25 14:39:06,clusterA,18,4,4,0,1.00,0.5,0.5,0.0,0.0,0.0
2026-01-25 14:39:06,clusterB,18,4,3,1,0.75,0.5,0.5,0.0,0.0,0.0
2026-01-25 14:39:11,clusterA,18,4,4,0,1.00,0.5,0.5,0.0,0.0,0.0
2026-01-25 14:39:11,clusterB,18,4,3,1,0.75,0.5,0.5,0.0,0.0,0.0
2026-01-25 14:39:16,clusterA,18,4,4,0,1.00,0.5,0.5,0.0,0.0,0.0
2026-01-25 14:39:16,clusterB,18,4,3,1,0.75,0.5,0.5,0.0,0.0,0.0
2026-01-25 14:39:21,clusterA,19,4,4,0,1.00,0.5,0.5,0.0,0.0,0.0
2026-01-25 14:39:21,clusterB,19,4,3,1,0.75,0.5,0.5,0.0,0.0,0.0
2026-01-25 14:39:27,clusterA,19,4,4,0,1.00,0.5,0.5,0.0,0.0,0.0
2026-01-25 14:39:27,clusterB,19,4,3,1,0.75,0.5,0.5,0.0,0.0,0.0
2026-01-25 14:39:32,clusterA,19,4,4,0,1.00,0.5,0.5,0.0,0.0,0.0
2026-01-25 14:39:32,clusterB,19,4,3,1,0.75,0.5,0.5,0.0,0.0,0.0
2026-01-25 14:39:37,clusterA,19,4,4,0,1.00,0.5,0.5,0.0,0.0,0.0
2026-01-25 14:39:37,clusterB,19,4,3,1,0.75,0.5,0.5,0.0,0.0,0.0
2026-01-25 14:39:42,clusterA,19,4,4,0,1.00,0.5,0.5,0.0,0.0,0.0
2026-01-25 14:39:42,clusterB,19,4,3,1,0.75,0.5,0.5,0.0,0.0,0.0
2026-01-25 14:39:47,clusterA,19,4,4,0,1.00,0.5,0.5,0.0,0.0,0.0
2026-01-25 14:39:47,clusterB,19,4,3,1,0.75,0.5,0.5,0.0,0.0,0.0
2026-01-25 14:39:53,clusterA,19,4,4,0,1.00,0.5,0.5,0.0,0.0,0.0
2026-01-25 14:39:53,clusterB,19,4,3,1,0.75,0.5,0.5,0.0,0.0,0.0
2026-01-25 14:39:58,clusterA,19,4,4,0,1.00,0.5,0.5,0.0,0.0,0.0
2026-01-25 14:39:58,clusterB,19,4,3,1,0.75,0.5,0.5,0.0,0.0,0.0
2026-01-25 14:40:03,clusterA,19,4,4,0,1.00,0.5,0.5,0.0,0.0,0.0
2026-01-25 14:40:03,clusterB,19,4,3,1,0.75,0.5,0.5,0.0,0.0,0.0
2026-01-25 14:40:08,clusterA,19,4,4,0,1.00,0.5,0.5,0.0,0.0,0.0
2026-01-25 14:40:08,clusterB,19,4,3,1,0.75,0.5,0.5,0.0,0.0,0.0
2026-01-25 14:40:13,clusterA,19,4,4,0,1.00,0.5,0.5,0.0,0.0,0.0
2026-01-25 14:40:13,clusterB,19,4,3,1,0.75,0.5,0.5,0.0,0.0,0.0
2026-01-25 14:40:18,clusterA,19,4,4,0,1.00,0.5,0.5,0.0,0.0,0.0
2026-01-25 14:40:18,clusterB,19,4,3,1,0.75,0.5,0.5,0.0,0.0,0.0
2026-01-25 14:40:24,clusterA,19,4,4,0,1.00,0.5,0.5,0.0,0.0,0.0
2026-01-25 14:40:24,clusterB,19,4,3,1,0.75,0.5,0.5,0.0,0.0,0.0
2026-01-25 14:40:29,clusterA,19,4,4,0,1.00,0.5,0.5,0.0,0.0,0.0
2026-01-25 14:40:29,clusterB,19,4,3,1,0.75,0.5,0.5,0.0,0.0,0.0
2026-01-25 14:40:34,clusterA,19,4,4,0,1.00,0.5,0.5,0.0,0.0,0.0
2026-01-25 14:40:34,clusterB,19,4,3,1,0.75,0.5,0.5,0.0,0.0,0.0
2026-01-25 14:40:39,clusterA,19,4,4,0,1.00,0.5,0.5,0.0,0.0,0.0
2026-01-25 14:40:39,clusterB,19,4,3,1,0.75,0.5,0.5,0.0,0.0,0.0
2026-01-25 14:40:44,clusterA,19,4,4,0,1.00,0.5,0.5,0.0,0.0,0.0
2026-01-25 14:40:44,clusterB,19,4,3,1,0.75,0.5,0.5,0.0,0.0,0.0
2026-01-25 14:40:50,clusterA,19,4,4,0,1.00,0.5,0.5,0.0,0.0,0.0
2026-01-25 14:40:50,clusterB,19,4,3,1,0.75,0.5,0.5,0.0,0.0,0.0
2026-01-25 14:40:55,clusterA,19,4,4,0,1.00,0.5,0.5,0.0,0.0,0.0
2026-01-25 14:40:55,clusterB,19,4,3,1,0.75,0.5,0.5,0.0,0.0,0.0
2026-01-25 14:41:00,clusterA,19,4,4,0,1.00,0.5,0.5,0.0,0.0,0.0
2026-01-25 14:41:00,clusterB,19,4,3,1,0.75,0.5,0.5,0.0,0.0,0.0
2026-01-25 14:41:05,clusterA,19,4,4,0,1.00,0.5,0.5,0.0,0.0,0.0
2026-01-25 14:41:05,clusterB,19,4,3,1,0.75,0.5,0.5,0.0,0.0,0.0
2026-01-25 14:41:10,clusterA,19,4,4,0,1.00,0.5,0.5,0.0,0.0,0.0
2026-01-25 14:41:10,clusterB,19,4,3,1,0.75,0.5,0.5,0.0,0.0,0.0
2026-01-25 14:41:16,clusterA,19,4,4,0,1.00,0.5,0.5,0.0,0.0,0.0
2026-01-25 14:41:16,clusterB,19,4,3,1,0.75,0.5,0.5,0.0,0.0,0.0
2026-01-25 14:41:21,clusterA,19,4,4,0,1.00,0.5,0.5,0.0,0.0,0.0
2026-01-25 14:41:21,clusterB,19,4,3,1,0.75,0.5,0.5,0.0,0.0,0.0
2026-01-25 14:41:26,clusterA,19,4,4,0,1.00,0.5,0.5,0.0,0.0,0.0
2026-01-25 14:41:26,clusterB,19,4,3,1,0.75,0.5,0.5,0.0,0.0,0.0
2026-01-25 14:41:31,clusterA,19,4,4,0,1.00,0.5,0.5,0.0,0.0,0.0
2026-01-25 14:41:31,clusterB,19,4,3,1,0.75,0.5,0.5,0.0,0.0,0.0
2026-01-25 14:41:36,clusterA,19,4,4,0,1.00,0.5,0.5,0.0,0.0,0.0
2026-01-25 14:41:36,clusterB,19,4,3,1,0.75,0.5,0.5,0.0,0.0,0.0
2026-01-25 14:41:42,clusterA,19,4,4,0,1.00,0.5,0.5,0.0,0.0,0.0
2026-01-25 14:41:42,clusterB,19,4,3,1,0.75,0.5,0.5,0.0,0.0,0.0
2026-01-25 14:41:47,clusterA,19,4,4,0,1.00,0.5,0.5,0.0,0.0,0.0
2026-01-25 14:41:47,clusterB,19,4,3,1,0.75,0.5,0.5,0.0,0.0,0.0
2026-01-25 14:41:52,clusterA,19,4,4,0,1.00,0.5,0.5,0.0,0.0,0.0
2026-01-25 14:41:52,clusterB,19,4,3,1,0.75,0.5,0.5,0.0,0.0,0.0
2026-01-25 14:41:57,clusterA,19,4,4,0,1.00,0.5,0.5,0.0,0.0,0.0
2026-01-25 14:41:57,clusterB,19,4,2,2,0.50,0.5,0.5,0.0,0.0,0.0
2026-01-25 14:42:02,clusterA,19,4,4,0,1.00,0.5,0.5,0.0,0.0,0.0
2026-01-25 14:42:02,clusterB,19,4,2,2,0.50,0.5,0.5,0.0,0.0,0.0
2026-01-25 14:42:07,clusterA,19,4,4,0,1.00,0.5,0.5,0.0,0.0,0.0
2026-01-25 14:42:07,clusterB,19,4,2,2,0.50,0.5,0.5,0.0,0.0,0.0
2026-01-25 14:42:13,clusterA,19,4,4,0,1.00,0.5,0.5,0.0,0.0,0.0
2026-01-25 14:42:13,clusterB,19,4,2,2,0.50,0.5,0.5,0.0,0.0,0.0
2026-01-25 14:42:18,clusterA,19,4,4,0,1.00,0.5,0.5,0.0,0.0,0.0
2026-01-25 14:42:18,clusterB,19,4,2,2,0.50,0.5,0.5,0.0,0.0,0.0
2026-01-25 14:42:23,clusterA,19,4,4,0,1.00,0.5,0.5,0.0,0.0,0.0
2026-01-25 14:42:23,clusterB,19,4,2,2,0.50,0.5,0.5,0.0,0.0,0.0
2026-01-25 14:42:28,clusterA,19,4,4,0,1.00,0.5,0.5,0.0,0.0,0.0
2026-01-25 14:42:28,clusterB,19,4,2,2,0.50,0.5,0.5,0.0,0.0,0.0
2026-01-25 14:42:33,clusterA,19,4,4,0,1.00,0.5,0.5,0.0,0.0,0.0
2026-01-25 14:42:33,clusterB,19,4,2,2,0.50,0.5,0.5,0.0,0.0,0.0
2026-01-25 14:42:38,clusterA,19,4,4,0,1.00,0.5,0.5,0.0,0.0,0.0
2026-01-25 14:42:38,clusterB,19,4,2,2,0.50,0.5,0.5,0.0,0.0,0.0
2026-01-25 14:42:43,clusterA,19,4,4,0,1.00,0.5,0.5,0.0,0.0,0.0
2026-01-25 14:42:43,clusterB,19,4,2,2,0.50,0.5,0.5,0.0,0.0,0.0
2026-01-25 14:42:48,clusterA,19,4,4,0,1.00,0.5,0.5,0.0,0.0,0.0
2026-01-25 14:42:48,clusterB,19,4,2,2,0.50,0.5,0.5,0.0,0.0,0.0
2026-01-25 14:42:54,clusterA,19,4,4,0,1.00,0.5,0.5,0.0,0.0,0.0
2026-01-25 14:42:54,clusterB,19,4,2,2,0.50,0.5,0.5,0.0,0.0,0.0
2026-01-25 14:42:59,clusterA,19,4,4,0,1.00,0.5,0.5,0.0,0.0,0.0
2026-01-25 14:42:59,clusterB,19,4,2,2,0.50,0.5,0.5,0.0,0.0,0.0
2026-01-25 14:43:04,clusterA,19,4,4,0,1.00,0.5,0.5,0.0,0.0,0.0
2026-01-25 14:43:04,clusterB,19,4,2,2,0.50,0.5,0.5,0.0,0.0,0.0
2026-01-25 14:43:09,clusterA,19,4,4,0,1.00,0.5,0.5,0.0,0.0,0.0
2026-01-25 14:43:09,clusterB,19,4,2,2,0.50,0.5,0.5,0.0,0.0,0.0
2026-01-25 14:43:14,clusterA,19,4,4,0,1.00,0.5,0.5,0.0,0.0,0.0
2026-01-25 14:43:14,clusterB,19,4,2,2,0.50,0.5,0.5,0.0,0.0,0.0
2026-01-25 14:43:19,clusterA,19,4,4,0,1.00,0.5,0.5,0.0,0.0,0.0
2026-01-25 14:43:19,clusterB,19,4,2,2,0.50,0.5,0.5,0.0,0.0,0.0
2026-01-25 14:43:24,clusterA,19,4,4,0,1.00,0.5,0.5,0.0,0.0,0.0
2026-01-25 14:43:24,clusterB,19,4,2,2,0.50,0.5,0.5,0.0,0.0,0.0
2026-01-25 14:43:30,clusterA,19,4,4,0,1.00,0.5,0.5,0.0,0.0,0.0
2026-01-25 14:43:30,clusterB,19,4,2,2,0.50,0.5,0.5,0.0,0.0,0.0
2026-01-25 14:43:35,clusterA,19,4,4,0,1.00,0.5,0.5,0.0,0.0,0.0
2026-01-25 14:43:35,clusterB,19,4,2,2,0.50,0.5,0.5,0.0,0.0,0.0
2026-01-25 14:43:40,clusterA,19,4,4,0,1.00,0.5,0.5,0.0,0.0,0.0
2026-01-25 14:43:40,clusterB,19,4,2,2,0.50,0.5,0.5,0.0,0.0,0.0
2026-01-25 14:43:45,clusterA,19,4,4,0,1.00,0.5,0.5,0.0,0.0,0.0
2026-01-25 14:43:45,clusterB,19,4,2,2,0.50,0.5,0.5,0.0,0.0,0.0
2026-01-25 14:43:50,clusterA,19,4,4,0,1.00,0.5,0.5,0.0,0.0,0.0
2026-01-25 14:43:50,clusterB,19,4,2,2,0.50,0.5,0.5,0.0,0.0,0.0
2026-01-25 14:43:55,clusterA,19,4,4,0,1.00,0.5,0.5,0.0,0.0,0.0
2026-01-25 14:43:55,clusterB,19,4,2,2,0.50,0.5,0.5,0.0,0.0,0.0
2026-01-25 14:44:00,clusterA,20,4,4,0,1.00,0.5,0.5,0.0,0.0,0.0
2026-01-25 14:44:00,clusterB,20,4,2,2,0.50,0.5,0.5,0.0,0.0,0.0
2026-01-25 14:44:06,clusterA,20,4,4,0,1.00,0.5,0.5,0.0,0.0,0.0
2026-01-25 14:44:06,clusterB,20,4,2,2,0.50,0.5,0.5,0.0,0.0,0.0
2026-01-25 14:44:11,clusterA,20,4,4,0,1.00,0.5,0.5,0.0,0.0,0.0
2026-01-25 14:44:11,clusterB,20,4,2,2,0.50,0.5,0.5,0.0,0.0,0.0
2026-01-25 14:44:16,clusterA,20,4,4,0,1.00,0.5,0.5,0.0,0.0,0.0
2026-01-25 14:44:16,clusterB,20,4,2,2,0.50,0.5,0.5,0.0,0.0,0.0
2026-01-25 14:44:21,clusterA,20,4,4,0,1.00,0.5,0.5,0.0,0.0,0.0
2026-01-25 14:44:21,clusterB,20,4,2,2,0.50,0.5,0.5,0.0,0.0,0.0
2026-01-25 14:44:26,clusterA,20,4,4,0,1.00,0.5,0.5,0.0,0.0,0.0
2026-01-25 14:44:26,clusterB,20,4,2,2,0.50,0.5,0.5,0.0,0.0,0.0
2026-01-25 14:44:31,clusterA,20,4,4,0,1.00,0.5,0.5,0.0,0.0,0.0
2026-01-25 14:44:31,clusterB,20,4,2,2,0.50,0.5,0.5,0.0,0.0,0.0
2026-01-25 14:44:36,clusterA,20,4,4,0,1.00,0.5,0.5,0.0,0.0,0.0
2026-01-25 14:44:36,clusterB,20,4,2,2,0.50,0.5,0.5,0.0,0.0,0.0
2026-01-25 14:44:41,clusterA,20,4,4,0,1.00,0.5,0.5,0.0,0.0,0.0
2026-01-25 14:44:41,clusterB,20,4,2,2,0.50,0.5,0.5,0.0,0.0,0.0
2026-01-25 14:44:47,clusterA,20,4,4,0,1.00,0.5,0.5,0.0,0.0,0.0
2026-01-25 14:44:47,clusterB,20,4,2,2,0.50,0.5,0.5,0.0,0.0,0.0
2026-01-25 14:44:52,clusterA,20,4,4,0,1.00,0.5,0.5,0.0,0.0,0.0
2026-01-25 14:44:52,clusterB,20,4,2,2,0.50,0.5,0.5,0.0,0.0,0.0
2026-01-25 14:44:57,clusterA,20,4,4,0,1.00,0.5,0.5,0.0,0.0,0.0
2026-01-25 14:44:57,clusterB,20,4,2,2,0.50,0.5,0.5,0.0,0.0,0.0
2026-01-25 14:45:02,clusterA,20,4,4,0,1.00,0.5,0.5,0.0,0.0,0.0
2026-01-25 14:45:02,clusterB,20,4,2,2,0.50,0.5,0.5,0.0,0.0,0.0
2026-01-25 14:45:07,clusterA,20,4,4,0,1.00,0.5,0.5,0.0,0.0,0.0
2026-01-25 14:45:07,clusterB,20,4,2,2,0.50,0.5,0.5,0.0,0.0,0.0
2026-01-25 14:45:12,clusterA,20,4,4,0,1.00,0.5,0.5,0.0,0.0,0.0
2026-01-25 14:45:12,clusterB,20,4,2,2,0.50,0.5,0.5,0.0,0.0,0.0
2026-01-25 14:45:17,clusterA,20,4,4,0,1.00,0.5,0.5,0.0,0.0,0.0
2026-01-25 14:45:17,clusterB,20,4,2,2,0.50,0.5,0.5,0.0,0.0,0.0
2026-01-25 14:45:23,clusterA,20,4,4,0,1.00,0.5,0.5,0.0,0.0,0.0
2026-01-25 14:45:23,clusterB,20,4,2,2,0.50,0.5,0.5,0.0,0.0,0.0
2026-01-25 14:45:28,clusterA,20,4,4,0,1.00,0.5,0.5,0.0,0.0,0.0
2026-01-25 14:45:28,clusterB,20,4,2,2,0.50,0.5,0.5,0.0,0.0,0.0
2026-01-25 14:45:33,clusterA,20,4,4,0,1.00,0.5,0.5,0.0,0.0,0.0
2026-01-25 14:45:33,clusterB,20,4,2,2,0.50,0.5,0.5,0.0,0.0,0.0
2026-01-25 14:45:38,clusterA,20,4,4,0,1.00,0.5,0.5,0.0,0.0,0.0
2026-01-25 14:45:38,clusterB,20,4,2,2,0.50,0.5,0.5,0.0,0.0,0.0
2026-01-25 14:45:43,clusterA,20,4,4,0,1.00,0.5,0.5,0.0,0.0,0.0
2026-01-25 14:45:43,clusterB,20,4,2,2,0.50,0.5,0.5,0.0,0.0,0.0
2026-01-25 14:45:48,clusterA,20,4,4,0,1.00,0.5,0.5,0.0,0.0,0.0
2026-01-25 14:45:48,clusterB,20,4,2,2,0.50,0.5,0.5,0.0,0.0,0.0
2026-01-25 14:45:53,clusterA,20,4,4,0,1.00,0.5,0.5,0.0,0.0,0.0
2026-01-25 14:45:53,clusterB,20,4,2,2,0.50,0.5,0.5,0.0,0.0,0.0
2026-01-25 14:45:59,clusterA,20,4,4,0,1.00,0.5,0.5,0.0,0.0,0.0
2026-01-25 14:45:59,clusterB,20,4,2,2,0.50,0.5,0.5,0.0,0.0,0.0
2026-01-25 14:46:04,clusterA,20,4,4,0,1.00,0.5,0.5,0.0,0.0,0.0
2026-01-25 14:46:04,clusterB,20,4,2,2,0.50,0.5,0.5,0.0,0.0,0.0
2026-01-25 14:46:09,clusterA,20,4,4,0,1.00,0.5,0.5,0.0,0.0,0.0
2026-01-25 14:46:09,clusterB,20,4,2,2,0.50,0.5,0.5,0.0,0.0,0.0
2026-01-25 14:46:14,clusterA,20,4,4,0,1.00,0.5,0.5,0.0,0.0,0.0
2026-01-25 14:46:14,clusterB,20,4,2,2,0.50,0.5,0.5,0.0,0.0,0.0
2026-01-25 14:46:19,clusterA,20,4,4,0,1.00,0.5,0.5,0.0,0.0,0.0
2026-01-25 14:46:19,clusterB,20,4,2,2,0.50,0.5,0.5,0.0,0.0,0.0
2026-01-25 14:46:24,clusterA,20,4,4,0,1.00,0.5,0.5,0.0,0.0,0.0
2026-01-25 14:46:24,clusterB,20,4,2,2,0.50,0.5,0.5,0.0,0.0,0.0
2026-01-25 14:46:29,clusterA,20,4,4,0,1.00,0.5,0.5,0.0,0.0,0.0
2026-01-25 14:46:29,clusterB,20,4,2,2,0.50,0.5,0.5,0.0,0.0,0.0
2026-01-25 14:46:35,clusterA,20,4,4,0,1.00,0.5,0.5,0.0,0.0,0.0
2026-01-25 14:46:35,clusterB,20,4,2,2,0.50,0.5,0.5,0.0,0.0,0.0
2026-01-25 14:46:40,clusterA,20,4,4,0,1.00,0.5,0.5,0.0,0.0,0.0
2026-01-25 14:46:40,clusterB,20,4,2,2,0.50,0.5,0.5,0.0,0.0,0.0
2026-01-25 14:46:45,clusterA,20,4,4,0,1.00,0.5,0.5,0.0,0.0,0.0
2026-01-25 14:46:45,clusterB,20,4,2,2,0.50,0.5,0.5,0.0,0.0,0.0
2026-01-25 14:46:50,clusterA,20,4,4,0,1.00,0.5,0.5,0.0,0.0,0.0
2026-01-25 14:46:50,clusterB,20,4,2,2,0.50,0.5,0.5,0.0,0.0,0.0
2026-01-25 14:46:55,clusterA,20,4,4,0,1.00,0.5,0.5,0.0,0.0,0.0
2026-01-25 14:46:55,clusterB,20,4,2,2,0.50,0.5,0.5,0.0,0.0,0.0
2026-01-25 14:47:00,clusterA,20,4,4,0,1.00,0.5,0.5,0.0,0.0,0.0
2026-01-25 14:47:00,clusterB,20,4,2,2,0.50,0.5,0.5,0.0,0.0,0.0
2026-01-25 14:47:05,clusterA,20,4,4,0,1.00,0.5,0.5,0.0,0.0,0.0
2026-01-25 14:47:05,clusterB,20,4,2,2,0.50,0.5,0.5,0.0,0.0,0.0
2026-01-25 14:47:10,clusterA,20,4,4,0,1.00,0.5,0.5,0.0,0.0,0.0
2026-01-25 14:47:10,clusterB,20,4,2,2,0.50,0.5,0.5,0.0,0.0,0.0
2026-01-25 14:47:16,clusterA,20,4,4,0,1.00,0.5,0.5,0.0,0.0,0.0
2026-01-25 14:47:16,clusterB,20,4,2,2,0.50,0.5,0.5,0.0,0.0,0.0
2026-01-25 14:47:21,clusterA,20,4,4,0,1.00,0.5,0.5,0.0,0.0,0.0
2026-01-25 14:47:21,clusterB,20,4,2,2,0.50,0.5,0.5,0.0,0.0,0.0
2026-01-25 14:47:26,clusterA,20,4,4,0,1.00,0.5,0.5,0.0,0.0,0.0
2026-01-25 14:47:26,clusterB,20,4,2,2,0.50,0.5,0.5,0.0,0.0,0.0
2026-01-25 14:47:31,clusterA,20,4,4,0,1.00,0.5,0.5,0.0,0.0,0.0
2026-01-25 14:47:31,clusterB,20,4,2,2,0.50,0.5,0.5,0.0,0.0,0.0
2026-01-25 14:47:36,clusterA,20,4,4,0,1.00,0.5,0.5,0.0,0.0,0.0
2026-01-25 14:47:36,clusterB,20,4,2,2,0.50,0.5,0.5,0.0,0.0,0.0
2026-01-25 14:47:41,clusterA,20,4,4,0,1.00,0.5,0.5,0.0,0.0,0.0
2026-01-25 14:47:41,clusterB,20,4,2,2,0.50,0.5,0.5,0.0,0.0,0.0
2026-01-25 14:47:46,clusterA,20,4,4,0,1.00,0.5,0.5,0.0,0.0,0.0
2026-01-25 14:47:46,clusterB,20,4,2,2,0.50,0.5,0.5,0.0,0.0,0.0
2026-01-25 14:47:52,clusterA,20,4,4,0,1.00,0.5,0.5,0.0,0.0,0.0
2026-01-25 14:47:52,clusterB,20,4,2,2,0.50,0.5,0.5,0.0,0.0,0.0
2026-01-25 14:47:57,clusterA,20,4,4,0,1.00,0.5,0.5,0.0,0.0,0.0
2026-01-25 14:47:57,clusterB,20,4,2,2,0.50,0.5,0.5,0.0,0.0,0.0
2026-01-25 14:48:02,clusterA,20,4,4,0,1.00,0.5,0.5,0.0,0.0,0.0
2026-01-25 14:48:02,clusterB,20,4,2,2,0.50,0.5,0.5,0.0,0.0,0.0
2026-01-25 14:48:07,clusterA,20,4,4,0,1.00,0.5,0.5,0.0,0.0,0.0
2026-01-25 14:48:07,clusterB,20,4,2,2,0.50,0.5,0.5,0.0,0.0,0.0
2026-01-25 14:48:12,clusterA,20,4,4,0,1.00,0.5,0.5,0.0,0.0,0.0
2026-01-25 14:48:12,clusterB,20,4,2,2,0.50,0.5,0.5,0.0,0.0,0.0
2026-01-25 14:48:17,clusterA,20,4,4,0,1.00,0.5,0.5,0.0,0.0,0.0
2026-01-25 14:48:17,clusterB,20,4,2,2,0.50,0.5,0.5,0.0,0.0,0.0
2026-01-25 14:48:22,clusterA,20,4,4,0,1.00,0.5,0.5,0.0,0.0,0.0
2026-01-25 14:48:22,clusterB,20,4,2,2,0.50,0.5,0.5,0.0,0.0,0.0
2026-01-25 14:48:28,clusterA,20,4,4,0,1.00,0.5,0.5,0.0,0.0,0.0
2026-01-25 14:48:28,clusterB,20,4,2,2,0.50,0.5,0.5,0.0,0.0,0.0
2026-01-25 14:48:33,clusterA,20,4,4,0,1.00,0.5,0.5,0.0,0.0,0.0
2026-01-25 14:48:33,clusterB,20,4,2,2,0.50,0.5,0.5,0.0,0.0,0.0
2026-01-25 14:48:38,clusterA,20,4,4,0,1.00,0.5,0.5,0.0,0.0,0.0
2026-01-25 14:48:38,clusterB,20,4,2,2,0.50,0.5,0.5,0.0,0.0,0.0
2026-01-25 14:48:43,clusterA,20,4,4,0,1.00,0.5,0.5,0.0,0.0,0.0
2026-01-25 14:48:43,clusterB,20,4,2,2,0.50,0.5,0.5,0.0,0.0,0.0
2026-01-25 14:48:48,clusterA,20,4,4,0,1.00,0.5,0.5,0.0,0.0,0.0
2026-01-25 14:48:48,clusterB,20,4,2,2,0.50,0.5,0.5,0.0,0.0,0.0
2026-01-25 14:48:53,clusterA,20,4,4,0,1.00,0.5,0.5,0.0,0.0,0.0
2026-01-25 14:48:53,clusterB,20,4,2,2,0.50,0.5,0.5,0.0,0.0,0.0
2026-01-25 14:48:58,clusterA,20,4,4,0,1.00,0.5,0.5,0.0,0.0,0.0
2026-01-25 14:48:58,clusterB,20,4,2,2,0.50,0.5,0.5,0.0,0.0,0.0
2026-01-25 14:49:04,clusterA,20,4,4,0,1.00,0.5,0.5,0.0,0.0,0.0
2026-01-25 14:49:04,clusterB,20,4,2,2,0.50,0.5,0.5,0.0,0.0,0.0
2026-01-25 14:49:09,clusterA,20,4,4,0,1.00,0.5,0.5,0.0,0.0,0.0
2026-01-25 14:49:09,clusterB,20,4,2,2,0.50,0.5,0.5,0.0,0.0,0.0
2026-01-25 14:49:14,clusterA,20,4,4,0,1.00,0.5,0.5,0.0,0.0,0.0
2026-01-25 14:49:14,clusterB,20,4,2,2,0.50,0.5,0.5,0.0,0.0,0.0
2026-01-25 14:49:19,clusterA,20,4,4,0,1.00,0.5,0.5,0.0,0.0,0.0
2026-01-25 14:49:19,clusterB,20,4,2,2,0.50,0.5,0.5,0.0,0.0,0.0
2026-01-25 14:49:24,clusterA,20,4,4,0,1.00,0.5,0.5,0.0,0.0,0.0
2026-01-25 14:49:24,clusterB,20,4,2,2,0.50,0.5,0.5,0.0,0.0,0.0
2026-01-25 14:49:29,clusterA,20,4,4,0,1.00,0.5,0.5,0.0,0.0,0.0
2026-01-25 14:49:29,clusterB,20,4,2,2,0.50,0.5,0.5,0.0,0.0,0.0
2026-01-25 14:49:34,clusterA,20,4,4,0,1.00,0.5,0.5,0.0,0.0,0.0
2026-01-25 14:49:34,clusterB,20,4,2,2,0.50,0.5,0.5,0.0,0.0,0.0
2026-01-25 14:49:40,clusterA,20,4,4,0,1.00,0.5,0.5,0.0,0.0,0.0
2026-01-25 14:49:40,clusterB,20,4,2,2,0.50,0.5,0.5,0.0,0.0,0.0
2026-01-25 14:49:45,clusterA,20,4,4,0,1.00,0.5,0.5,0.0,0.0,0.0
2026-01-25 14:49:45,clusterB,20,4,2,2,0.50,0.5,0.5,0.0,0.0,0.0
2026-01-25 14:49:50,clusterA,20,4,4,0,1.00,0.5,0.5,0.0,0.0,0.0
2026-01-25 14:49:50,clusterB,20,4,2,2,0.50,0.5,0.5,0.0,0.0,0.0
2026-01-25 14:49:55,clusterA,20,4,4,0,1.00,0.5,0.5,0.0,0.0,0.0
2026-01-25 14:49:55,clusterB,20,4,2,2,0.50,0.5,0.5,0.0,0.0,0.0
2026-01-25 14:50:00,clusterA,20,4,4,0,1.00,0.5,0.5,0.0,0.0,0.0
2026-01-25 14:50:00,clusterB,20,4,2,2,0.50,0.5,0.5,0.0,0.0,0.0
2026-01-25 14:50:05,clusterA,20,4,4,0,1.00,0.5,0.5,0.0,0.0,0.0
2026-01-25 14:50:05,clusterB,20,4,2,2,0.50,0.5,0.5,0.0,0.0,0.0
2026-01-25 14:50:10,clusterA,20,4,4,0,1.00,0.5,0.5,0.0,0.0,0.0
2026-01-25 14:50:10,clusterB,20,4,2,2,0.50,0.5,0.5,0.0,0.0,0.0
2026-01-25 14:50:16,clusterA,20,4,4,0,1.00,0.5,0.5,0.0,0.0,0.0
2026-01-25 14:50:16,clusterB,20,4,2,2,0.50,0.5,0.5,0.0,0.0,0.0
2026-01-25 14:50:21,clusterA,20,4,4,0,1.00,0.5,0.5,0.0,0.0,0.0
2026-01-25 14:50:21,clusterB,20,4,2,2,0.50,0.5,0.5,0.0,0.0,0.0
2026-01-25 14:50:26,clusterA,20,4,4,0,1.00,0.5,0.5,0.0,0.0,0.0
2026-01-25 14:50:26,clusterB,20,4,2,2,0.50,0.5,0.5,0.0,0.0,0.0
2026-01-25 14:50:31,clusterA,20,4,4,0,1.00,0.5,0.5,0.0,0.0,0.0
2026-01-25 14:50:31,clusterB,20,4,2,2,0.50,0.5,0.5,0.0,0.0,0.0
2026-01-25 14:50:36,clusterA,20,4,4,0,1.00,0.5,0.5,0.0,0.0,0.0
2026-01-25 14:50:36,clusterB,20,4,2,2,0.50,0.5,0.5,0.0,0.0,0.0
2026-01-25 14:50:41,clusterA,20,4,4,0,1.00,0.5,0.5,0.0,0.0,0.0
2026-01-25 14:50:41,clusterB,20,4,2,2,0.50,0.5,0.5,0.0,0.0,0.0
2026-01-25 14:50:46,clusterA,20,4,4,0,1.00,0.5,0.5,0.0,0.0,0.0
2026-01-25 14:50:46,clusterB,20,4,2,2,0.50,0.5,0.5,0.0,0.0,0.0
2026-01-25 14:50:51,clusterA,20,4,4,0,1.00,0.5,0.5,0.0,0.0,0.0
2026-01-25 14:50:51,clusterB,20,4,2,2,0.50,0.5,0.5,0.0,0.0,0.0
2026-01-25 14:50:57,clusterA,20,4,4,0,1.00,0.5,0.5,0.0,0.0,0.0
2026-01-25 14:50:57,clusterB,20,4,2,2,0.50,0.5,0.5,0.0,0.0,0.0
2026-01-25 14:51:02,clusterA,20,4,4,0,1.00,0.5,0.5,0.0,0.0,0.0
2026-01-25 14:51:02,clusterB,20,4,2,2,0.50,0.5,0.5,0.0,0.0,0.0
2026-01-25 14:51:07,clusterA,20,4,4,0,1.00,0.5,0.5,0.0,0.0,0.0
2026-01-25 14:51:07,clusterB,20,4,2,2,0.50,0.5,0.5,0.0,0.0,0.0
2026-01-25 14:51:12,clusterA,20,4,4,0,1.00,0.5,0.5,0.0,0.0,0.0
2026-01-25 14:51:12,clusterB,20,4,2,2,0.50,0.5,0.5,0.0,0.0,0.0
2026-01-25 14:51:17,clusterA,20,4,4,0,1.00,0.5,0.5,0.0,0.0,0.0
2026-01-25 14:51:17,clusterB,20,4,2,2,0.50,0.5,0.5,0.0,0.0,0.0
2026-01-25 14:51:22,clusterA,20,4,4,0,1.00,0.5,0.5,0.0,0.0,0.0
2026-01-25 14:51:22,clusterB,20,4,2,2,0.50,0.5,0.5,0.0,0.0,0.0
2026-01-25 14:51:27,clusterA,20,4,4,0,1.00,0.5,0.5,0.0,0.0,0.0
2026-01-25 14:51:27,clusterB,20,4,2,2,0.50,0.5,0.5,0.0,0.0,0.0
2026-01-25 14:51:33,clusterA,20,4,4,0,1.00,0.5,0.5,0.0,0.0,0.0
2026-01-25 14:51:33,clusterB,20,4,2,2,0.50,0.5,0.5,0.0,0.0,0.0
2026-01-25 14:51:38,clusterA,20,4,4,0,1.00,0.5,0.5,0.0,0.0,0.0
2026-01-25 14:51:38,clusterB,20,4,2,2,0.50,0.5,0.5,0.0,0.0,0.0
2026-01-25 14:51:43,clusterA,20,4,4,0,1.00,0.5,0.5,0.0,0.0,0.0
2026-01-25 14:51:43,clusterB,20,4,2,2,0.50,0.5,0.5,0.0,0.0,0.0
2026-01-25 14:51:48,clusterA,20,4,4,0,1.00,0.5,0.5,0.0,0.0,0.0
2026-01-25 14:51:48,clusterB,20,4,2,2,0.50,0.5,0.5,0.0,0.0,0.0
2026-01-25 14:51:53,clusterA,20,4,4,0,1.00,0.5,0.5,0.0,0.0,0.0
2026-01-25 14:51:53,clusterB,20,4,2,2,0.50,0.5,0.5,0.0,0.0,0.0
2026-01-25 14:51:58,clusterA,20,4,4,0,1.00,0.5,0.5,0.0,0.0,0.0
2026-01-25 14:51:58,clusterB,20,4,2,2,0.50,0.5,0.5,0.0,0.0,0.0
2026-01-25 14:52:03,clusterA,20,4,4,0,1.00,0.5,0.5,0.0,0.0,0.0
2026-01-25 14:52:03,clusterB,20,4,2,2,0.50,0.5,0.5,0.0,0.0,0.0
2026-01-25 14:52:09,clusterA,20,4,4,0,1.00,0.5,0.5,0.0,0.0,0.0
2026-01-25 14:52:09,clusterB,20,4,2,2,0.50,0.5,0.5,0.0,0.0,0.0
2026-01-25 14:52:14,clusterA,20,4,4,0,1.00,0.5,0.5,0.0,0.0,0.0
2026-01-25 14:52:14,clusterB,20,4,2,2,0.50,0.5,0.5,0.0,0.0,0.0
2026-01-25 14:52:19,clusterA,20,4,4,0,1.00,0.5,0.5,0.0,0.0,0.0
2026-01-25 14:52:19,clusterB,20,4,2,2,0.50,0.5,0.5,0.0,0.0,0.0
2026-01-25 14:52:24,clusterA,20,4,4,0,1.00,0.5,0.5,0.0,0.0,0.0
2026-01-25 14:52:24,clusterB,20,4,2,2,0.50,0.5,0.5,0.0,0.0,0.0
2026-01-25 14:52:29,clusterA,20,4,4,0,1.00,0.5,0.5,0.0,0.0,0.0
2026-01-25 14:52:29,clusterB,20,4,2,2,0.50,0.5,0.5,0.0,0.0,0.0
2026-01-25 14:52:34,clusterA,20,4,4,0,1.00,0.5,0.5,0.0,0.0,0.0
2026-01-25 14:52:34,clusterB,20,4,2,2,0.50,0.5,0.5,0.0,0.0,0.0
2026-01-25 14:52:39,clusterA,20,4,4,0,1.00,0.5,0.5,0.0,0.0,0.0
2026-01-25 14:52:39,clusterB,20,4,2,2,0.50,0.5,0.5,0.0,0.0,0.0
2026-01-25 14:52:45,clusterA,20,4,4,0,1.00,0.5,0.5,0.0,0.0,0.0
2026-01-25 14:52:45,clusterB,20,4,2,2,0.50,0.5,0.5,0.0,0.0,0.0
2026-01-25 14:52:50,clusterA,20,4,4,0,1.00,0.5,0.5,0.0,0.0,0.0
2026-01-25 14:52:50,clusterB,20,4,2,2,0.50,0.5,0.5,0.0,0.0,0.0
2026-01-25 14:52:55,clusterA,20,4,4,0,1.00,0.5,0.5,0.0,0.0,0.0
2026-01-25 14:52:55,clusterB,20,4,2,2,0.50,0.5,0.5,0.0,0.0,0.0
2026-01-25 14:53:00,clusterA,20,4,4,0,1.00,0.5,0.5,0.0,0.0,0.0
2026-01-25 14:53:00,clusterB,20,4,2,2,0.50,0.5,0.5,0.0,0.0,0.0
2026-01-25 14:53:05,clusterA,20,4,4,0,1.00,0.5,0.5,0.0,0.0,0.0
2026-01-25 14:53:05,clusterB,20,4,2,2,0.50,0.5,0.5,0.0,0.0,0.0
2026-01-25 14:53:10,clusterA,20,4,4,0,1.00,0.5,0.5,0.0,0.0,0.0
2026-01-25 14:53:10,clusterB,20,4,2,2,0.50,0.5,0.5,0.0,0.0,0.0
2026-01-25 14:53:15,clusterA,20,4,4,0,1.00,0.5,0.5,0.0,0.0,0.0
2026-01-25 14:53:15,clusterB,20,4,2,2,0.50,0.5,0.5,0.0,0.0,0.0
2026-01-25 14:53:21,clusterA,20,4,4,0,1.00,0.5,0.5,0.0,0.0,0.0
2026-01-25 14:53:21,clusterB,20,4,2,2,0.50,0.5,0.5,0.0,0.0,0.0
2026-01-25 14:53:26,clusterA,20,4,4,0,1.00,0.5,0.5,0.0,0.0,0.0
2026-01-25 14:53:26,clusterB,20,4,2,2,0.50,0.5,0.5,0.0,0.0,0.0
2026-01-25 14:53:31,clusterA,20,4,4,0,1.00,0.5,0.5,0.0,0.0,0.0
2026-01-25 14:53:31,clusterB,20,4,2,2,0.50,0.5,0.5,0.0,0.0,0.0
2026-01-25 14:53:36,clusterA,20,4,4,0,1.00,0.5,0.5,0.0,0.0,0.0
2026-01-25 14:53:36,clusterB,20,4,2,2,0.50,0.5,0.5,0.0,0.0,0.0
2026-01-25 14:53:41,clusterA,20,4,4,0,1.00,0.5,0.5,0.0,0.0,0.0
2026-01-25 14:53:41,clusterB,20,4,2,2,0.50,0.5,0.5,0.0,0.0,0.0
2026-01-25 14:53:46,clusterA,20,4,4,0,1.00,0.5,0.5,0.0,0.0,0.0
2026-01-25 14:53:46,clusterB,20,4,2,2,0.50,0.5,0.5,0.0,0.0,0.0
2026-01-25 14:53:51,clusterA,20,4,4,0,1.00,0.5,0.5,0.0,0.0,0.0
2026-01-25 14:53:51,clusterB,20,4,2,2,0.50,0.5,0.5,0.0,0.0,0.0
2026-01-25 14:53:57,clusterA,20,4,4,0,1.00,0.5,0.5,0.0,0.0,0.0
2026-01-25 14:53:57,clusterB,20,4,2,2,0.50,0.5,0.5,0.0,0.0,0.0
2026-01-25 14:54:02,clusterA,20,4,4,0,1.00,0.5,0.5,0.0,0.0,0.0
2026-01-25 14:54:02,clusterB,20,4,2,2,0.50,0.5,0.5,0.0,0.0,0.0
2026-01-25 14:54:07,clusterA,20,4,4,0,1.00,0.5,0.5,0.0,0.0,0.0
2026-01-25 14:54:07,clusterB,20,4,2,2,0.50,0.5,0.5,0.0,0.0,0.0
2026-01-25 14:54:12,clusterA,20,4,4,0,1.00,0.5,0.5,0.0,0.0,0.0
2026-01-25 14:54:12,clusterB,20,4,2,2,0.50,0.5,0.5,0.0,0.0,0.0
2026-01-25 14:54:17,clusterA,20,4,4,0,1.00,0.5,0.5,0.0,0.0,0.0
2026-01-25 14:54:17,clusterB,20,4,2,2,0.50,0.5,0.5,0.0,0.0,0.0
2026-01-25 14:54:22,clusterA,20,4,4,0,1.00,0.5,0.5,0.0,0.0,0.0
2026-01-25 14:54:22,clusterB,20,4,2,2,0.50,0.5,0.5,0.0,0.0,0.0
2026-01-25 14:54:27,clusterA,20,4,4,0,1.00,0.5,0.5,0.0,0.0,0.0
2026-01-25 14:54:27,clusterB,20,4,2,2,0.50,0.5,0.5,0.0,0.0,0.0
2026-01-25 14:54:32,clusterA,20,4,4,0,1.00,0.5,0.5,0.0,0.0,0.0
2026-01-25 14:54:32,clusterB,20,4,2,2,0.50,0.5,0.5,0.0,0.0,0.0
2026-01-25 14:54:38,clusterA,20,4,4,0,1.00,0.5,0.5,0.0,0.0,0.0
2026-01-25 14:54:38,clusterB,20,4,2,2,0.50,0.5,0.5,0.0,0.0,0.0
2026-01-25 14:54:43,clusterA,21,4,4,0,1.00,0.5,0.5,0.0,0.0,0.0
2026-01-25 14:54:43,clusterB,21,4,2,2,0.50,0.5,0.5,0.0,0.0,0.0
2026-01-25 14:54:48,clusterA,21,4,4,0,1.00,0.5,0.5,0.0,0.0,0.0
2026-01-25 14:54:48,clusterB,21,4,2,2,0.50,0.5,0.5,0.0,0.0,0.0
2026-01-25 14:54:53,clusterA,21,4,4,0,1.00,0.5,0.5,0.0,0.0,0.0
2026-01-25 14:54:53,clusterB,21,4,2,2,0.50,0.5,0.5,0.0,0.0,0.0
2026-01-25 14:54:58,clusterA,21,4,4,0,1.00,0.5,0.5,0.0,0.0,0.0
2026-01-25 14:54:58,clusterB,21,4,2,2,0.50,0.5,0.5,0.0,0.0,0.0
2026-01-25 14:55:03,clusterA,21,4,4,0,1.00,0.5,0.5,0.0,0.0,0.0
2026-01-25 14:55:03,clusterB,21,4,2,2,0.50,0.5,0.5,0.0,0.0,0.0
2026-01-25 14:55:08,clusterA,21,4,4,0,1.00,0.5,0.5,0.0,0.0,0.0
2026-01-25 14:55:08,clusterB,21,4,2,2,0.50,0.5,0.5,0.0,0.0,0.0
2026-01-25 14:55:14,clusterA,21,4,4,0,1.00,0.5,0.5,0.0,0.0,0.0
2026-01-25 14:55:14,clusterB,21,4,2,2,0.50,0.5,0.5,0.0,0.0,0.0
2026-01-25 14:55:19,clusterA,21,4,4,0,1.00,0.5,0.5,0.0,0.0,0.0
2026-01-25 14:55:19,clusterB,21,4,2,2,0.50,0.5,0.5,0.0,0.0,0.0
2026-01-25 14:55:24,clusterA,21,4,4,0,1.00,0.5,0.5,0.0,0.0,0.0
2026-01-25 14:55:24,clusterB,21,4,2,2,0.50,0.5,0.5,0.0,0.0,0.0
2026-01-25 14:55:29,clusterA,21,4,4,0,1.00,0.5,0.5,0.0,0.0,0.0
2026-01-25 14:55:29,clusterB,21,4,2,2,0.50,0.5,0.5,0.0,0.0,0.0
2026-01-25 14:55:34,clusterA,21,4,4,0,1.00,0.5,0.5,0.0,0.0,0.0
2026-01-25 14:55:34,clusterB,21,4,2,2,0.50,0.5,0.5,0.0,0.0,0.0
2026-01-25 14:55:39,clusterA,21,4,4,0,1.00,0.5,0.5,0.0,0.0,0.0
2026-01-25 14:55:39,clusterB,21,4,2,2,0.50,0.5,0.5,0.0,0.0,0.0
2026-01-25 14:55:44,clusterA,21,4,4,0,1.00,0.5,0.5,0.0,0.0,0.0
2026-01-25 14:55:44,clusterB,21,4,2,2,0.50,0.5,0.5,0.0,0.0,0.0
2026-01-25 14:55:49,clusterA,21,4,0,4,0.00,0.5,0.5,0.0,0.0,0.0
2026-01-25 14:55:49,clusterB,21,4,2,2,0.50,0.5,0.5,0.0,0.0,0.0
2026-01-25 14:55:55,clusterA,18,4,4,0,1.00,0.5,0.5,0.0,0.0,0.0
2026-01-25 14:55:55,clusterB,18,4,4,0,1.00,0.5,0.5,0.0,0.0,0.0
2026-01-25 14:56:00,clusterA,18,4,4,0,1.00,0.5,0.5,0.0,0.0,0.0
2026-01-25 14:56:00,clusterB,18,4,4,0,1.00,0.5,0.5,0.0,0.0,0.0
2026-01-25 14:56:06,clusterA,18,4,4,0,1.00,0.5,0.5,0.0,0.0,0.0
2026-01-25 14:56:06,clusterB,18,4,4,0,1.00,0.5,0.5,0.0,0.0,0.0
2026-01-25 14:56:11,clusterA,18,4,4,0,1.00,0.5,0.5,0.0,0.0,0.0
2026-01-25 14:56:11,clusterB,18,4,4,0,1.00,0.5,0.5,0.0,0.0,0.0
2026-01-25 14:56:16,clusterA,18,4,4,0,1.00,0.5,0.5,0.0,0.0,0.0
2026-01-25 14:56:16,clusterB,18,4,4,0,1.00,0.5,0.5,0.0,0.0,0.0
2026-01-25 14:56:21,clusterA,18,4,4,0,1.00,0.5,0.5,0.0,0.0,0.0
2026-01-25 14:56:21,clusterB,18,4,4,0,1.00,0.5,0.5,0.0,0.0,0.0
2026-01-25 14:56:26,clusterA,18,4,4,0,1.00,0.5,0.5,0.0,0.0,0.0
2026-01-25 14:56:26,clusterB,18,4,4,0,1.00,0.5,0.5,0.0,0.0,0.0
2026-01-25 14:56:32,clusterA,18,4,4,0,1.00,0.5,0.5,0.0,0.0,0.0
2026-01-25 14:56:32,clusterB,18,4,4,0,1.00,0.5,0.5,0.0,0.0,0.0
2026-01-25 14:56:37,clusterA,18,4,4,0,1.00,0.5,0.5,0.0,0.0,0.0
2026-01-25 14:56:37,clusterB,18,4,4,0,1.00,0.5,0.5,0.0,0.0,0.0
2026-01-25 14:56:42,clusterA,18,4,4,0,1.00,0.5,0.5,0.0,0.0,0.0
2026-01-25 14:56:42,clusterB,18,4,4,0,1.00,0.5,0.5,0.0,0.0,0.0
2026-01-25 14:56:47,clusterA,18,4,4,0,1.00,0.5,0.5,0.0,0.0,0.0
2026-01-25 14:56:47,clusterB,18,4,4,0,1.00,0.5,0.5,0.0,0.0,0.0
2026-01-25 14:56:53,clusterA,18,4,4,0,1.00,0.5,0.5,0.0,0.0,0.0
2026-01-25 14:56:53,clusterB,18,4,4,0,1.00,0.5,0.5,0.0,0.0,0.0
2026-01-25 14:56:58,clusterA,19,4,4,0,1.00,0.5,0.5,0.0,0.0,0.0
2026-01-25 14:56:58,clusterB,19,4,4,0,1.00,0.5,0.5,0.0,0.0,0.0
2026-01-25 14:57:03,clusterA,19,4,4,0,1.00,0.5,0.5,0.0,0.0,0.0
2026-01-25 14:57:03,clusterB,19,4,4,0,1.00,0.5,0.5,0.0,0.0,0.0
2026-01-25 14:57:08,clusterA,19,4,4,0,1.00,0.5,0.5,0.0,0.0,0.0
2026-01-25 14:57:08,clusterB,19,4,3,1,0.75,0.5,0.5,0.0,0.0,0.0
2026-01-25 14:57:14,clusterA,18,4,4,0,1.00,0.5,0.5,0.0,0.0,0.0
2026-01-25 14:57:14,clusterB,18,4,4,0,1.00,0.5,0.5,0.0,0.0,0.0
2026-01-25 14:57:19,clusterA,18,4,4,0,1.00,0.5,0.5,0.0,0.0,0.0
2026-01-25 14:57:19,clusterB,18,4,4,0,1.00,0.5,0.5,0.0,0.0,0.0
2026-01-25 14:57:24,clusterA,18,4,4,0,1.00,0.5,0.5,0.0,0.0,0.0
2026-01-25 14:57:24,clusterB,18,4,4,0,1.00,0.5,0.5,0.0,0.0,0.0
2026-01-25 14:57:30,clusterA,18,4,4,0,1.00,0.5,0.5,0.0,0.0,0.0
2026-01-25 14:57:30,clusterB,18,4,4,0,1.00,0.5,0.5,0.0,0.0,0.0
2026-01-25 14:57:35,clusterA,18,4,4,0,1.00,0.5,0.5,0.0,0.0,0.0
2026-01-25 14:57:35,clusterB,18,4,4,0,1.00,0.5,0.5,0.0,0.0,0.0
2026-01-25 14:57:40,clusterA,18,4,4,0,1.00,0.5,0.5,0.0,0.0,0.0
2026-01-25 14:57:40,clusterB,18,4,4,0,1.00,0.5,0.5,0.0,0.0,0.0
2026-01-25 14:57:45,clusterA,18,4,4,0,1.00,0.5,0.5,0.0,0.0,0.0
2026-01-25 14:57:45,clusterB,18,4,4,0,1.00,0.5,0.5,0.0,0.0,0.0
2026-01-25 14:57:50,clusterA,18,4,4,0,1.00,0.5,0.5,0.0,0.0,0.0
2026-01-25 14:57:50,clusterB,18,4,4,0,1.00,0.5,0.5,0.0,0.0,0.0
2026-01-25 14:57:56,clusterA,18,4,4,0,1.00,0.5,0.5,0.0,0.0,0.0
2026-01-25 14:57:56,clusterB,18,4,4,0,1.00,0.5,0.5,0.0,0.0,0.0
2026-01-25 14:58:01,clusterA,18,4,4,0,1.00,0.5,0.5,0.0,0.0,0.0
2026-01-25 14:58:01,clusterB,18,4,4,0,1.00,0.5,0.5,0.0,0.0,0.0
2026-01-25 14:58:06,clusterA,19,4,4,0,1.00,0.5,0.5,0.0,0.0,0.0
2026-01-25 14:58:06,clusterB,19,4,4,0,1.00,0.5,0.5,0.0,0.0,0.0
2026-01-25 14:58:11,clusterA,19,4,4,0,1.00,0.5,0.5,0.0,0.0,0.0
2026-01-25 14:58:11,clusterB,19,4,4,0,1.00,0.5,0.5,0.0,0.0,0.0
2026-01-25 14:58:17,clusterA,19,4,4,0,1.00,0.5,0.5,0.0,0.0,0.0
2026-01-25 14:58:17,clusterB,19,4,4,0,1.00,0.5,0.5,0.0,0.0,0.0
2026-01-25 14:58:22,clusterA,19,4,4,0,1.00,0.5,0.5,0.0,0.0,0.0
2026-01-25 14:58:22,clusterB,19,4,4,0,1.00,0.5,0.5,0.0,0.0,0.0
2026-01-25 14:58:27,clusterA,19,4,4,0,1.00,0.5,0.5,0.0,0.0,0.0
2026-01-25 14:58:27,clusterB,19,4,4,0,1.00,0.5,0.5,0.0,0.0,0.0
2026-01-25 14:58:32,clusterA,19,4,4,0,1.00,0.5,0.5,0.0,0.0,0.0
2026-01-25 14:58:32,clusterB,19,4,4,0,1.00,0.5,0.5,0.0,0.0,0.0
2026-01-25 14:58:37,clusterA,19,4,4,0,1.00,0.5,0.5,0.0,0.0,0.0
2026-01-25 14:58:37,clusterB,19,4,4,0,1.00,0.5,0.5,0.0,0.0,0.0
2026-01-25 14:58:43,clusterA,19,4,4,0,1.00,0.5,0.5,0.0,0.0,0.0
2026-01-25 14:58:43,clusterB,19,4,4,0,1.00,0.5,0.5,0.0,0.0,0.0
2026-01-25 14:58:48,clusterA,19,4,4,0,1.00,0.5,0.5,0.0,0.0,0.0
2026-01-25 14:58:48,clusterB,19,4,4,0,1.00,0.5,0.5,0.0,0.0,0.0
2026-01-25 14:58:53,clusterA,19,4,4,0,1.00,0.5,0.5,0.0,0.0,0.0
2026-01-25 14:58:53,clusterB,19,4,4,0,1.00,0.5,0.5,0.0,0.0,0.0
2026-01-25 14:58:58,clusterA,19,4,4,0,1.00,0.5,0.5,0.0,0.0,0.0
2026-01-25 14:58:58,clusterB,19,4,4,0,1.00,0.5,0.5,0.0,0.0,0.0
2026-01-25 14:59:04,clusterA,19,4,4,0,1.00,0.5,0.5,0.0,0.0,0.0
2026-01-25 14:59:04,clusterB,19,4,4,0,1.00,0.5,0.5,0.0,0.0,0.0
2026-01-25 14:59:09,clusterA,19,4,4,0,1.00,0.5,0.5,0.0,0.0,0.0
2026-01-25 14:59:09,clusterB,19,4,4,0,1.00,0.5,0.5,0.0,0.0,0.0
2026-01-25 14:59:14,clusterA,19,4,4,0,1.00,0.5,0.5,0.0,0.0,0.0
2026-01-25 14:59:14,clusterB,19,4,4,0,1.00,0.5,0.5,0.0,0.0,0.0
2026-01-25 14:59:19,clusterA,19,4,4,0,1.00,0.5,0.5,0.0,0.0,0.0
2026-01-25 14:59:19,clusterB,19,4,4,0,1.00,0.5,0.5,0.0,0.0,0.0
2026-01-25 14:59:25,clusterA,19,4,4,0,1.00,0.5,0.5,0.0,0.0,0.0
2026-01-25 14:59:25,clusterB,19,4,4,0,1.00,0.5,0.5,0.0,0.0,0.0
2026-01-25 14:59:30,clusterA,19,4,4,0,1.00,0.5,0.5,0.0,0.0,0.0
2026-01-25 14:59:30,clusterB,19,4,4,0,1.00,0.5,0.5,0.0,0.0,0.0
2026-01-25 14:59:35,clusterA,20,4,4,0,1.00,0.5,0.5,0.0,0.0,0.0
2026-01-25 14:59:35,clusterB,20,4,4,0,1.00,0.5,0.5,0.0,0.0,0.0
2026-01-25 14:59:40,clusterA,20,4,4,0,1.00,0.5,0.5,0.0,0.0,0.0
2026-01-25 14:59:40,clusterB,20,4,4,0,1.00,0.5,0.5,0.0,0.0,0.0
2026-01-25 14:59:45,clusterA,20,4,4,0,1.00,0.5,0.5,0.0,0.0,0.0
2026-01-25 14:59:45,clusterB,20,4,4,0,1.00,0.5,0.5,0.0,0.0,0.0
2026-01-25 14:59:51,clusterA,20,4,4,0,1.00,0.5,0.5,0.0,0.0,0.0
2026-01-25 14:59:51,clusterB,20,4,4,0,1.00,0.5,0.5,0.0,0.0,0.0
2026-01-25 14:59:56,clusterA,20,4,4,0,1.00,0.5,0.5,0.0,0.0,0.0
2026-01-25 14:59:56,clusterB,20,4,4,0,1.00,0.5,0.5,0.0,0.0,0.0
2026-01-25 15:00:01,clusterA,20,4,4,0,1.00,0.5,0.5,0.0,0.0,0.0
2026-01-25 15:00:01,clusterB,20,4,4,0,1.00,0.5,0.5,0.0,0.0,0.0
2026-01-25 15:00:06,clusterA,20,4,4,0,1.00,0.5,0.5,0.0,0.0,0.0
2026-01-25 15:00:06,clusterB,20,4,4,0,1.00,0.5,0.5,0.0,0.0,0.0
2026-01-25 15:00:12,clusterA,20,4,4,0,1.00,0.5,0.5,0.0,0.0,0.0
2026-01-25 15:00:12,clusterB,20,4,4,0,1.00,0.5,0.5,0.0,0.0,0.0
2026-01-25 15:00:17,clusterA,20,4,4,0,1.00,0.5,0.5,0.0,0.0,0.0
2026-01-25 15:00:17,clusterB,20,4,4,0,1.00,0.5,0.5,0.0,0.0,0.0
2026-01-25 15:00:22,clusterA,20,4,4,0,1.00,0.5,0.5,0.0,0.0,0.0
2026-01-25 15:00:22,clusterB,20,4,4,0,1.00,0.5,0.5,0.0,0.0,0.0
2026-01-25 15:00:27,clusterA,20,4,4,0,1.00,0.5,0.5,0.0,0.0,0.0
2026-01-25 15:00:27,clusterB,20,4,4,0,1.00,0.5,0.5,0.0,0.0,0.0
2026-01-25 15:00:32,clusterA,20,4,4,0,1.00,0.5,0.5,0.0,0.0,0.0
2026-01-25 15:00:32,clusterB,20,4,4,0,1.00,0.5,0.5,0.0,0.0,0.0
2026-01-25 15:00:38,clusterA,20,4,4,0,1.00,0.5,0.5,0.0,0.0,0.0
2026-01-25 15:00:38,clusterB,20,4,4,0,1.00,0.5,0.5,0.0,0.0,0.0
2026-01-25 15:00:43,clusterA,20,4,4,0,1.00,0.5,0.5,0.0,0.0,0.0
2026-01-25 15:00:43,clusterB,20,4,4,0,1.00,0.5,0.5,0.0,0.0,0.0
2026-01-25 15:00:48,clusterA,20,4,4,0,1.00,0.5,0.5,0.0,0.0,0.0
2026-01-25 15:00:48,clusterB,20,4,4,0,1.00,0.5,0.5,0.0,0.0,0.0
2026-01-25 15:00:53,clusterA,20,4,4,0,1.00,0.5,0.5,0.0,0.0,0.0
2026-01-25 15:00:53,clusterB,20,4,4,0,1.00,0.5,0.5,0.0,0.0,0.0
2026-01-25 15:00:59,clusterA,20,4,4,0,1.00,0.5,0.5,0.0,0.0,0.0
2026-01-25 15:00:59,clusterB,20,4,4,0,1.00,0.5,0.5,0.0,0.0,0.0
2026-01-25 15:01:04,clusterA,20,4,4,0,1.00,0.5,0.5,0.0,0.0,0.0
2026-01-25 15:01:04,clusterB,20,4,4,0,1.00,0.5,0.5,0.0,0.0,0.0
2026-01-25 15:01:09,clusterA,20,4,4,0,1.00,0.5,0.5,0.0,0.0,0.0
2026-01-25 15:01:09,clusterB,20,4,4,0,1.00,0.5,0.5,0.0,0.0,0.0
2026-01-25 15:01:14,clusterA,20,4,4,0,1.00,0.5,0.5,0.0,0.0,0.0
2026-01-25 15:01:14,clusterB,20,4,4,0,1.00,0.5,0.5,0.0,0.0,0.0
2026-01-25 15:01:20,clusterA,20,4,4,0,1.00,0.5,0.5,0.0,0.0,0.0
2026-01-25 15:01:20,clusterB,20,4,4,0,1.00,0.5,0.5,0.0,0.0,0.0
2026-01-25 15:01:25,clusterA,20,4,4,0,1.00,0.5,0.5,0.0,0.0,0.0
2026-01-25 15:01:25,clusterB,20,4,4,0,1.00,0.5,0.5,0.0,0.0,0.0
2026-01-25 15:01:30,clusterA,20,4,4,0,1.00,0.5,0.5,0.0,0.0,0.0
2026-01-25 15:01:30,clusterB,20,4,4,0,1.00,0.5,0.5,0.0,0.0,0.0
2026-01-25 15:01:35,clusterA,20,4,4,0,1.00,0.5,0.5,0.0,0.0,0.0
2026-01-25 15:01:35,clusterB,20,4,4,0,1.00,0.5,0.5,0.0,0.0,0.0
2026-01-25 15:01:40,clusterA,20,4,4,0,1.00,0.5,0.5,0.0,0.0,0.0
2026-01-25 15:01:40,clusterB,20,4,4,0,1.00,0.5,0.5,0.0,0.0,0.0
2026-01-25 15:01:46,clusterA,20,4,4,0,1.00,0.5,0.5,0.0,0.0,0.0
2026-01-25 15:01:46,clusterB,20,4,4,0,1.00,0.5,0.5,0.0,0.0,0.0
2026-01-25 15:01:51,clusterA,20,4,4,0,1.00,0.5,0.5,0.0,0.0,0.0
2026-01-25 15:01:51,clusterB,20,4,4,0,1.00,0.5,0.5,0.0,0.0,0.0
2026-01-25 15:01:56,clusterA,20,4,4,0,1.00,0.5,0.5,0.0,0.0,0.0
2026-01-25 15:01:56,clusterB,20,4,4,0,1.00,0.5,0.5,0.0,0.0,0.0
2026-01-25 15:02:01,clusterA,20,4,4,0,1.00,0.5,0.5,0.0,0.0,0.0
2026-01-25 15:02:01,clusterB,20,4,4,0,1.00,0.5,0.5,0.0,0.0,0.0
2026-01-25 15:02:07,clusterA,20,4,4,0,1.00,0.5,0.5,0.0,0.0,0.0
2026-01-25 15:02:07,clusterB,20,4,4,0,1.00,0.5,0.5,0.0,0.0,0.0
2026-01-25 15:02:12,clusterA,20,4,4,0,1.00,0.5,0.5,0.0,0.0,0.0
2026-01-25 15:02:12,clusterB,20,4,4,0,1.00,0.5,0.5,0.0,0.0,0.0
2026-01-25 15:02:17,clusterA,20,4,4,0,1.00,0.5,0.5,0.0,0.0,0.0
2026-01-25 15:02:17,clusterB,20,4,4,0,1.00,0.5,0.5,0.0,0.0,0.0
2026-01-25 15:02:22,clusterA,21,4,4,0,1.00,0.5,0.5,0.0,0.0,0.0
2026-01-25 15:02:22,clusterB,21,4,4,0,1.00,0.5,0.5,0.0,0.0,0.0
2026-01-25 15:02:28,clusterA,21,4,4,0,1.00,0.5,0.5,0.0,0.0,0.0
2026-01-25 15:02:28,clusterB,21,4,4,0,1.00,0.5,0.5,0.0,0.0,0.0
2026-01-25 15:02:33,clusterA,21,4,4,0,1.00,0.5,0.5,0.0,0.0,0.0
2026-01-25 15:02:33,clusterB,21,4,4,0,1.00,0.5,0.5,0.0,0.0,0.0
2026-01-25 15:02:38,clusterA,21,4,4,0,1.00,0.5,0.5,0.0,0.0,0.0
2026-01-25 15:02:38,clusterB,21,4,4,0,1.00,0.5,0.5,0.0,0.0,0.0
2026-01-25 15:02:43,clusterA,21,4,4,0,1.00,0.5,0.5,0.0,0.0,0.0
2026-01-25 15:02:43,clusterB,21,4,4,0,1.00,0.5,0.5,0.0,0.0,0.0
2026-01-25 15:02:49,clusterA,21,4,4,0,1.00,0.5,0.5,0.0,0.0,0.0
2026-01-25 15:02:49,clusterB,21,4,4,0,1.00,0.5,0.5,0.0,0.0,0.0
2026-01-25 15:02:54,clusterA,21,4,4,0,1.00,0.5,0.5,0.0,0.0,0.0
2026-01-25 15:02:54,clusterB,21,4,4,0,1.00,0.5,0.5,0.0,0.0,0.0
2026-01-25 15:02:59,clusterA,21,4,4,0,1.00,0.5,0.5,0.0,0.0,0.0
2026-01-25 15:02:59,clusterB,21,4,4,0,1.00,0.5,0.5,0.0,0.0,0.0
2026-01-25 15:03:04,clusterA,22,4,4,0,1.00,0.5,0.5,0.0,0.0,0.0
2026-01-25 15:03:04,clusterB,22,4,4,0,1.00,0.5,0.5,0.0,0.0,0.0
2026-01-25 15:03:09,clusterA,22,4,4,0,1.00,0.5,0.5,0.0,0.0,0.0
2026-01-25 15:03:09,clusterB,22,4,4,0,1.00,0.5,0.5,0.0,0.0,0.0
2026-01-25 15:03:15,clusterA,22,4,4,0,1.00,0.5,0.5,0.0,0.0,0.0
2026-01-25 15:03:15,clusterB,22,4,4,0,1.00,0.5,0.5,0.0,0.0,0.0
2026-01-25 15:03:20,clusterA,22,4,4,0,1.00,0.5,0.5,0.0,0.0,0.0
2026-01-25 15:03:20,clusterB,22,4,4,0,1.00,0.5,0.5,0.0,0.0,0.0
2026-01-25 15:03:25,clusterA,22,4,4,0,1.00,0.5,0.5,0.0,0.0,0.0
2026-01-25 15:03:25,clusterB,22,4,4,0,1.00,0.5,0.5,0.0,0.0,0.0
2026-01-25 15:03:30,clusterA,22,4,4,0,1.00,0.5,0.5,0.0,0.0,0.0
2026-01-25 15:03:30,clusterB,22,4,4,0,1.00,0.5,0.5,0.0,0.0,0.0
2026-01-25 15:03:36,clusterA,22,4,4,0,1.00,0.5,0.5,0.0,0.0,0.0
2026-01-25 15:03:36,clusterB,22,4,4,0,1.00,0.5,0.5,0.0,0.0,0.0
2026-01-25 15:03:41,clusterA,22,4,4,0,1.00,0.5,0.5,0.0,0.0,0.0
2026-01-25 15:03:41,clusterB,22,4,4,0,1.00,0.5,0.5,0.0,0.0,0.0
2026-01-25 15:03:46,clusterA,22,4,4,0,1.00,0.5,0.5,0.0,0.0,0.0
2026-01-25 15:03:46,clusterB,22,4,4,0,1.00,0.5,0.5,0.0,0.0,0.0
2026-01-25 15:03:51,clusterA,22,4,4,0,1.00,0.5,0.5,0.0,0.0,0.0
2026-01-25 15:03:51,clusterB,22,4,4,0,1.00,0.5,0.5,0.0,0.0,0.0
2026-01-25 15:03:57,clusterA,22,4,4,0,1.00,0.5,0.5,0.0,0.0,0.0
2026-01-25 15:03:57,clusterB,22,4,4,0,1.00,0.5,0.5,0.0,0.0,0.0
2026-01-25 15:04:02,clusterA,23,4,4,0,1.00,0.5,0.5,0.0,0.0,0.0
2026-01-25 15:04:02,clusterB,23,4,4,0,1.00,0.5,0.5,0.0,0.0,0.0
2026-01-25 15:04:07,clusterA,23,4,4,0,1.00,0.5,0.5,0.0,0.0,0.0
2026-01-25 15:04:07,clusterB,23,4,4,0,1.00,0.5,0.5,0.0,0.0,0.0
2026-01-25 15:04:12,clusterA,23,4,4,0,1.00,0.5,0.5,0.0,0.0,0.0
2026-01-25 15:04:12,clusterB,23,4,4,0,1.00,0.5,0.5,0.0,0.0,0.0
2026-01-25 15:04:17,clusterA,23,4,4,0,1.00,0.5,0.5,0.0,0.0,0.0
2026-01-25 15:04:17,clusterB,23,4,4,0,1.00,0.5,0.5,0.0,0.0,0.0
2026-01-25 15:04:23,clusterA,23,4,4,0,1.00,0.5,0.5,0.0,0.0,0.0
2026-01-25 15:04:23,clusterB,23,4,4,0,1.00,0.5,0.5,0.0,0.0,0.0
2026-01-25 15:04:28,clusterA,23,4,4,0,1.00,0.5,0.5,0.0,0.0,0.0
2026-01-25 15:04:28,clusterB,23,4,4,0,1.00,0.5,0.5,0.0,0.0,0.0
2026-01-25 15:04:33,clusterA,23,4,4,0,1.00,0.5,0.5,0.0,0.0,0.0
2026-01-25 15:04:33,clusterB,23,4,4,0,1.00,0.5,0.5,0.0,0.0,0.0
2026-01-25 15:04:38,clusterA,23,4,4,0,1.00,0.5,0.5,0.0,0.0,0.0
2026-01-25 15:04:38,clusterB,23,4,4,0,1.00,0.5,0.5,0.0,0.0,0.0
2026-01-25 15:04:44,clusterA,23,4,4,0,1.00,0.5,0.5,0.0,0.0,0.0
2026-01-25 15:04:44,clusterB,23,4,4,0,1.00,0.5,0.5,0.0,0.0,0.0
2026-01-25 15:04:49,clusterA,23,4,4,0,1.00,0.5,0.5,0.0,0.0,0.0
2026-01-25 15:04:49,clusterB,23,4,4,0,1.00,0.5,0.5,0.0,0.0,0.0
2026-01-25 15:04:54,clusterA,23,4,4,0,1.00,0.5,0.5,0.0,0.0,0.0
2026-01-25 15:04:54,clusterB,23,4,4,0,1.00,0.5,0.5,0.0,0.0,0.0
2026-01-25 15:04:59,clusterA,23,4,4,0,1.00,0.5,0.5,0.0,0.0,0.0
2026-01-25 15:04:59,clusterB,23,4,4,0,1.00,0.5,0.5,0.0,0.0,0.0
2026-01-25 15:05:04,clusterA,23,4,4,0,1.00,0.5,0.5,0.0,0.0,0.0
2026-01-25 15:05:04,clusterB,23,4,4,0,1.00,0.5,0.5,0.0,0.0,0.0
2026-01-25 15:05:10,clusterA,23,4,4,0,1.00,0.5,0.5,0.0,0.0,0.0
2026-01-25 15:05:10,clusterB,23,4,4,0,1.00,0.5,0.5,0.0,0.0,0.0
2026-01-25 15:05:15,clusterA,23,4,4,0,1.00,0.5,0.5,0.0,0.0,0.0
2026-01-25 15:05:15,clusterB,23,4,4,0,1.00,0.5,0.5,0.0,0.0,0.0
2026-01-25 15:05:20,clusterA,23,4,4,0,1.00,0.5,0.5,0.0,0.0,0.0
2026-01-25 15:05:20,clusterB,23,4,4,0,1.00,0.5,0.5,0.0,0.0,0.0
2026-01-25 15:05:25,clusterA,23,4,4,0,1.00,0.5,0.5,0.0,0.0,0.0
2026-01-25 15:05:25,clusterB,23,4,4,0,1.00,0.5,0.5,0.0,0.0,0.0
2026-01-25 15:05:31,clusterA,23,4,4,0,1.00,0.5,0.5,0.0,0.0,0.0
2026-01-25 15:05:31,clusterB,23,4,4,0,1.00,0.5,0.5,0.0,0.0,0.0
2026-01-25 15:05:36,clusterA,23,4,4,0,1.00,0.5,0.5,0.0,0.0,0.0
2026-01-25 15:05:36,clusterB,23,4,4,0,1.00,0.5,0.5,0.0,0.0,0.0
2026-01-25 15:05:41,clusterA,23,4,4,0,1.00,0.5,0.5,0.0,0.0,0.0
2026-01-25 15:05:41,clusterB,23,4,4,0,1.00,0.5,0.5,0.0,0.0,0.0
2026-01-25 15:05:46,clusterA,23,4,4,0,1.00,0.5,0.5,0.0,0.0,0.0
2026-01-25 15:05:46,clusterB,23,4,4,0,1.00,0.5,0.5,0.0,0.0,0.0
2026-01-25 15:05:52,clusterA,23,4,4,0,1.00,0.5,0.5,0.0,0.0,0.0
2026-01-25 15:05:52,clusterB,23,4,4,0,1.00,0.5,0.5,0.0,0.0,0.0
2026-01-25 15:05:57,clusterA,23,4,4,0,1.00,0.5,0.5,0.0,0.0,0.0
2026-01-25 15:05:57,clusterB,23,4,4,0,1.00,0.5,0.5,0.0,0.0,0.0
2026-01-25 15:06:02,clusterA,23,4,4,0,1.00,0.5,0.5,0.0,0.0,0.0
2026-01-25 15:06:02,clusterB,23,4,4,0,1.00,0.5,0.5,0.0,0.0,0.0
2026-01-25 15:06:07,clusterA,23,4,4,0,1.00,0.5,0.5,0.0,0.0,0.0
2026-01-25 15:06:07,clusterB,23,4,4,0,1.00,0.5,0.5,0.0,0.0,0.0
2026-01-25 15:06:12,clusterA,23,4,4,0,1.00,0.5,0.5,0.0,0.0,0.0
2026-01-25 15:06:12,clusterB,23,4,4,0,1.00,0.5,0.5,0.0,0.0,0.0
2026-01-25 15:06:18,clusterA,23,4,4,0,1.00,0.5,0.5,0.0,0.0,0.0
2026-01-25 15:06:18,clusterB,23,4,4,0,1.00,0.5,0.5,0.0,0.0,0.0
2026-01-25 15:06:23,clusterA,23,4,4,0,1.00,0.5,0.5,0.0,0.0,0.0
2026-01-25 15:06:23,clusterB,23,4,4,0,1.00,0.5,0.5,0.0,0.0,0.0
2026-01-25 15:06:28,clusterA,23,4,4,0,1.00,0.5,0.5,0.0,0.0,0.0
2026-01-25 15:06:28,clusterB,23,4,4,0,1.00,0.5,0.5,0.0,0.0,0.0
2026-01-25 15:06:33,clusterA,24,4,4,0,1.00,0.5,0.5,0.0,0.0,0.0
2026-01-25 15:06:33,clusterB,24,4,4,0,1.00,0.5,0.5,0.0,0.0,0.0
2026-01-25 15:06:39,clusterA,24,4,4,0,1.00,0.5,0.5,0.0,0.0,0.0
2026-01-25 15:06:39,clusterB,24,4,4,0,1.00,0.5,0.5,0.0,0.0,0.0
2026-01-25 15:06:44,clusterA,24,4,4,0,1.00,0.5,0.5,0.0,0.0,0.0
2026-01-25 15:06:44,clusterB,24,4,4,0,1.00,0.5,0.5,0.0,0.0,0.0
2026-01-25 15:06:49,clusterA,24,4,4,0,1.00,0.5,0.5,0.0,0.0,0.0
2026-01-25 15:06:49,clusterB,24,4,4,0,1.00,0.5,0.5,0.0,0.0,0.0
2026-01-25 15:06:54,clusterA,24,4,4,0,1.00,0.5,0.5,0.0,0.0,0.0
2026-01-25 15:06:54,clusterB,24,4,4,0,1.00,0.5,0.5,0.0,0.0,0.0
2026-01-25 15:06:59,clusterA,24,4,4,0,1.00,0.5,0.5,0.0,0.0,0.0
2026-01-25 15:06:59,clusterB,24,4,4,0,1.00,0.5,0.5,0.0,0.0,0.0
2026-01-25 15:07:05,clusterA,24,4,4,0,1.00,0.5,0.5,0.0,0.0,0.0
2026-01-25 15:07:05,clusterB,24,4,4,0,1.00,0.5,0.5,0.0,0.0,0.0
2026-01-25 15:07:10,clusterA,24,4,4,0,1.00,0.5,0.5,0.0,0.0,0.0
2026-01-25 15:07:10,clusterB,24,4,4,0,1.00,0.5,0.5,0.0,0.0,0.0
2026-01-25 15:07:15,clusterA,24,4,4,0,1.00,0.5,0.5,0.0,0.0,0.0
2026-01-25 15:07:15,clusterB,24,4,4,0,1.00,0.5,0.5,0.0,0.0,0.0
2026-01-25 15:07:20,clusterA,24,4,4,0,1.00,0.5,0.5,0.0,0.0,0.0
2026-01-25 15:07:20,clusterB,24,4,4,0,1.00,0.5,0.5,0.0,0.0,0.0
2026-01-25 15:07:26,clusterA,24,4,4,0,1.00,0.5,0.5,0.0,0.0,0.0
2026-01-25 15:07:26,clusterB,24,4,4,0,1.00,0.5,0.5,0.0,0.0,0.0
2026-01-25 15:07:31,clusterA,24,4,4,0,1.00,0.5,0.5,0.0,0.0,0.0
2026-01-25 15:07:31,clusterB,24,4,4,0,1.00,0.5,0.5,0.0,0.0,0.0
2026-01-25 15:07:36,clusterA,24,4,4,0,1.00,0.5,0.5,0.0,0.0,0.0
2026-01-25 15:07:36,clusterB,24,4,4,0,1.00,0.5,0.5,0.0,0.0,0.0
2026-01-25 15:07:41,clusterA,24,4,4,0,1.00,0.5,0.5,0.0,0.0,0.0
2026-01-25 15:07:41,clusterB,24,4,4,0,1.00,0.5,0.5,0.0,0.0,0.0
2026-01-25 15:07:47,clusterA,24,4,4,0,1.00,0.5,0.5,0.0,0.0,0.0
2026-01-25 15:07:47,clusterB,24,4,4,0,1.00,0.5,0.5,0.0,0.0,0.0
2026-01-25 15:07:52,clusterA,24,4,4,0,1.00,0.5,0.5,0.0,0.0,0.0
2026-01-25 15:07:52,clusterB,24,4,4,0,1.00,0.5,0.5,0.0,0.0,0.0
2026-01-25 15:07:57,clusterA,24,4,4,0,1.00,0.5,0.5,0.0,0.0,0.0
2026-01-25 15:07:57,clusterB,24,4,4,0,1.00,0.5,0.5,0.0,0.0,0.0
2026-01-25 15:08:02,clusterA,24,4,4,0,1.00,0.5,0.5,0.0,0.0,0.0
2026-01-25 15:08:02,clusterB,24,4,4,0,1.00,0.5,0.5,0.0,0.0,0.0
2026-01-25 15:08:07,clusterA,24,4,4,0,1.00,0.5,0.5,0.0,0.0,0.0
2026-01-25 15:08:07,clusterB,24,4,4,0,1.00,0.5,0.5,0.0,0.0,0.0
2026-01-25 15:08:13,clusterA,24,4,4,0,1.00,0.5,0.5,0.0,0.0,0.0
2026-01-25 15:08:13,clusterB,24,4,4,0,1.00,0.5,0.5,0.0,0.0,0.0
2026-01-25 15:08:18,clusterA,24,4,4,0,1.00,0.5,0.5,0.0,0.0,0.0
2026-01-25 15:08:18,clusterB,24,4,4,0,1.00,0.5,0.5,0.0,0.0,0.0
2026-01-25 15:08:23,clusterA,24,4,4,0,1.00,0.5,0.5,0.0,0.0,0.0
2026-01-25 15:08:23,clusterB,24,4,4,0,1.00,0.5,0.5,0.0,0.0,0.0
2026-01-25 15:08:28,clusterA,24,4,4,0,1.00,0.5,0.5,0.0,0.0,0.0
2026-01-25 15:08:28,clusterB,24,4,4,0,1.00,0.5,0.5,0.0,0.0,0.0
2026-01-25 15:08:34,clusterA,24,4,4,0,1.00,0.5,0.5,0.0,0.0,0.0
2026-01-25 15:08:34,clusterB,24,4,4,0,1.00,0.5,0.5,0.0,0.0,0.0
2026-01-25 15:08:39,clusterA,24,4,4,0,1.00,0.5,0.5,0.0,0.0,0.0
2026-01-25 15:08:39,clusterB,24,4,4,0,1.00,0.5,0.5,0.0,0.0,0.0
2026-01-25 15:08:44,clusterA,24,4,4,0,1.00,0.5,0.5,0.0,0.0,0.0
2026-01-25 15:08:44,clusterB,24,4,4,0,1.00,0.5,0.5,0.0,0.0,0.0
2026-01-25 15:08:49,clusterA,24,4,4,0,1.00,0.5,0.5,0.0,0.0,0.0
2026-01-25 15:08:49,clusterB,24,4,4,0,1.00,0.5,0.5,0.0,0.0,0.0
2026-01-25 15:08:55,clusterA,24,4,4,0,1.00,0.5,0.5,0.0,0.0,0.0
2026-01-25 15:08:55,clusterB,24,4,4,0,1.00,0.5,0.5,0.0,0.0,0.0
2026-01-25 15:09:00,clusterA,24,4,4,0,1.00,0.5,0.5,0.0,0.0,0.0
2026-01-25 15:09:00,clusterB,24,4,4,0,1.00,0.5,0.5,0.0,0.0,0.0
2026-01-25 15:09:05,clusterA,24,4,4,0,1.00,0.5,0.5,0.0,0.0,0.0
2026-01-25 15:09:05,clusterB,24,4,4,0,1.00,0.5,0.5,0.0,0.0,0.0
2026-01-25 15:09:10,clusterA,24,4,4,0,1.00,0.5,0.5,0.0,0.0,0.0
2026-01-25 15:09:10,clusterB,24,4,4,0,1.00,0.5,0.5,0.0,0.0,0.0
2026-01-25 15:09:15,clusterA,24,4,4,0,1.00,0.5,0.5,0.0,0.0,0.0
2026-01-25 15:09:15,clusterB,24,4,4,0,1.00,0.5,0.5,0.0,0.0,0.0
2026-01-25 15:09:21,clusterA,24,4,4,0,1.00,0.5,0.5,0.0,0.0,0.0
2026-01-25 15:09:21,clusterB,24,4,4,0,1.00,0.5,0.5,0.0,0.0,0.0
2026-01-25 15:09:26,clusterA,24,4,4,0,1.00,0.5,0.5,0.0,0.0,0.0
2026-01-25 15:09:26,clusterB,24,4,4,0,1.00,0.5,0.5,0.0,0.0,0.0
2026-01-25 15:09:31,clusterA,24,4,4,0,1.00,0.5,0.5,0.0,0.0,0.0
2026-01-25 15:09:31,clusterB,24,4,4,0,1.00,0.5,0.5,0.0,0.0,0.0
2026-01-25 15:09:36,clusterA,24,4,4,0,1.00,0.5,0.5,0.0,0.0,0.0
2026-01-25 15:09:36,clusterB,24,4,4,0,1.00,0.5,0.5,0.0,0.0,0.0
2026-01-25 15:09:42,clusterA,24,4,4,0,1.00,0.5,0.5,0.0,0.0,0.0
2026-01-25 15:09:42,clusterB,24,4,4,0,1.00,0.5,0.5,0.0,0.0,0.0
2026-01-25 15:09:47,clusterA,24,4,4,0,1.00,0.5,0.5,0.0,0.0,0.0
2026-01-25 15:09:47,clusterB,24,4,4,0,1.00,0.5,0.5,0.0,0.0,0.0
2026-01-25 15:09:52,clusterA,24,4,4,0,1.00,0.5,0.5,0.0,0.0,0.0
2026-01-25 15:09:52,clusterB,24,4,4,0,1.00,0.5,0.5,0.0,0.0,0.0
2026-01-25 15:09:57,clusterA,24,4,4,0,1.00,0.5,0.5,0.0,0.0,0.0
2026-01-25 15:09:57,clusterB,24,4,4,0,1.00,0.5,0.5,0.0,0.0,0.0
2026-01-25 15:10:03,clusterA,24,4,4,0,1.00,0.5,0.5,0.0,0.0,0.0
2026-01-25 15:10:03,clusterB,24,4,4,0,1.00,0.5,0.5,0.0,0.0,0.0
2026-01-25 15:10:08,clusterA,24,4,4,0,1.00,0.5,0.5,0.0,0.0,0.0
2026-01-25 15:10:08,clusterB,24,4,4,0,1.00,0.5,0.5,0.0,0.0,0.0
2026-01-25 15:10:13,clusterA,24,4,4,0,1.00,0.5,0.5,0.0,0.0,0.0
2026-01-25 15:10:13,clusterB,24,4,4,0,1.00,0.5,0.5,0.0,0.0,0.0
2026-01-25 15:10:18,clusterA,24,4,4,0,1.00,0.5,0.5,0.0,0.0,0.0
2026-01-25 15:10:18,clusterB,24,4,4,0,1.00,0.5,0.5,0.0,0.0,0.0
2026-01-25 15:10:23,clusterA,24,4,4,0,1.00,0.5,0.5,0.0,0.0,0.0
2026-01-25 15:10:23,clusterB,24,4,4,0,1.00,0.5,0.5,0.0,0.0,0.0
2026-01-25 15:10:29,clusterA,24,4,4,0,1.00,0.5,0.5,0.0,0.0,0.0
2026-01-25 15:10:29,clusterB,24,4,4,0,1.00,0.5,0.5,0.0,0.0,0.0
2026-01-25 15:10:34,clusterA,24,4,4,0,1.00,0.5,0.5,0.0,0.0,0.0
2026-01-25 15:10:34,clusterB,24,4,4,0,1.00,0.5,0.5,0.0,0.0,0.0
2026-01-25 15:10:39,clusterA,24,4,4,0,1.00,0.5,0.5,0.0,0.0,0.0
2026-01-25 15:10:39,clusterB,24,4,4,0,1.00,0.5,0.5,0.0,0.0,0.0
2026-01-25 15:10:44,clusterA,24,4,4,0,1.00,0.5,0.5,0.0,0.0,0.0
2026-01-25 15:10:44,clusterB,24,4,4,0,1.00,0.5,0.5,0.0,0.0,0.0
2026-01-25 15:10:50,clusterA,24,4,4,0,1.00,0.5,0.5,0.0,0.0,0.0
2026-01-25 15:10:50,clusterB,24,4,4,0,1.00,0.5,0.5,0.0,0.0,0.0
2026-01-25 15:10:55,clusterA,24,4,4,0,1.00,0.5,0.5,0.0,0.0,0.0
2026-01-25 15:10:55,clusterB,24,4,4,0,1.00,0.5,0.5,0.0,0.0,0.0
2026-01-25 15:11:00,clusterA,24,4,4,0,1.00,0.5,0.5,0.0,0.0,0.0
2026-01-25 15:11:00,clusterB,24,4,4,0,1.00,0.5,0.5,0.0,0.0,0.0
2026-01-25 15:11:05,clusterA,24,4,4,0,1.00,0.5,0.5,0.0,0.0,0.0
2026-01-25 15:11:05,clusterB,24,4,4,0,1.00,0.5,0.5,0.0,0.0,0.0
2026-01-25 15:11:11,clusterA,24,4,4,0,1.00,0.5,0.5,0.0,0.0,0.0
2026-01-25 15:11:11,clusterB,24,4,4,0,1.00,0.5,0.5,0.0,0.0,0.0
2026-01-25 15:11:16,clusterA,24,4,4,0,1.00,0.5,0.5,0.0,0.0,0.0
2026-01-25 15:11:16,clusterB,24,4,4,0,1.00,0.5,0.5,0.0,0.0,0.0
2026-01-25 15:11:21,clusterA,24,4,4,0,1.00,0.5,0.5,0.0,0.0,0.0
2026-01-25 15:11:21,clusterB,24,4,4,0,1.00,0.5,0.5,0.0,0.0,0.0
2026-01-25 15:11:26,clusterA,24,4,4,0,1.00,0.5,0.5,0.0,0.0,0.0
2026-01-25 15:11:26,clusterB,24,4,4,0,1.00,0.5,0.5,0.0,0.0,0.0
2026-01-25 15:11:31,clusterA,24,4,4,0,1.00,0.5,0.5,0.0,0.0,0.0
2026-01-25 15:11:31,clusterB,24,4,4,0,1.00,0.5,0.5,0.0,0.0,0.0
2026-01-25 15:11:37,clusterA,24,4,4,0,1.00,0.5,0.5,0.0,0.0,0.0
2026-01-25 15:11:37,clusterB,24,4,4,0,1.00,0.5,0.5,0.0,0.0,0.0
2026-01-25 15:11:42,clusterA,24,4,4,0,1.00,0.5,0.5,0.0,0.0,0.0
2026-01-25 15:11:42,clusterB,24,4,4,0,1.00,0.5,0.5,0.0,0.0,0.0
2026-01-25 15:11:47,clusterA,24,4,4,0,1.00,0.5,0.5,0.0,0.0,0.0
2026-01-25 15:11:47,clusterB,24,4,4,0,1.00,0.5,0.5,0.0,0.0,0.0
2026-01-25 15:11:52,clusterA,24,4,4,0,1.00,0.5,0.5,0.0,0.0,0.0
2026-01-25 15:11:52,clusterB,24,4,4,0,1.00,0.5,0.5,0.0,0.0,0.0
2026-01-25 15:11:58,clusterA,24,4,4,0,1.00,0.5,0.5,0.0,0.0,0.0
2026-01-25 15:11:58,clusterB,24,4,4,0,1.00,0.5,0.5,0.0,0.0,0.0
2026-01-25 15:12:03,clusterA,24,4,4,0,1.00,0.5,0.5,0.0,0.0,0.0
2026-01-25 15:12:03,clusterB,24,4,4,0,1.00,0.5,0.5,0.0,0.0,0.0
2026-01-25 15:12:08,clusterA,24,4,4,0,1.00,0.5,0.5,0.0,0.0,0.0
2026-01-25 15:12:08,clusterB,24,4,4,0,1.00,0.5,0.5,0.0,0.0,0.0
2026-01-25 15:12:13,clusterA,24,4,4,0,1.00,0.5,0.5,0.0,0.0,0.0
2026-01-25 15:12:13,clusterB,24,4,4,0,1.00,0.5,0.5,0.0,0.0,0.0
2026-01-25 15:12:19,clusterA,24,4,4,0,1.00,0.5,0.5,0.0,0.0,0.0
2026-01-25 15:12:19,clusterB,24,4,4,0,1.00,0.5,0.5,0.0,0.0,0.0
2026-01-25 15:12:24,clusterA,24,4,4,0,1.00,0.5,0.5,0.0,0.0,0.0
2026-01-25 15:12:24,clusterB,24,4,4,0,1.00,0.5,0.5,0.0,0.0,0.0
2026-01-25 15:12:29,clusterA,24,4,4,0,1.00,0.5,0.5,0.0,0.0,0.0
2026-01-25 15:12:29,clusterB,24,4,4,0,1.00,0.5,0.5,0.0,0.0,0.0
2026-01-25 15:12:34,clusterA,24,4,4,0,1.00,0.5,0.5,0.0,0.0,0.0
2026-01-25 15:12:34,clusterB,24,4,4,0,1.00,0.5,0.5,0.0,0.0,0.0
2026-01-25 15:12:39,clusterA,24,4,4,0,1.00,0.5,0.5,0.0,0.0,0.0
2026-01-25 15:12:39,clusterB,24,4,4,0,1.00,0.5,0.5,0.0,0.0,0.0
2026-01-25 15:12:45,clusterA,24,4,4,0,1.00,0.5,0.5,0.0,0.0,0.0
2026-01-25 15:12:45,clusterB,24,4,4,0,1.00,0.5,0.5,0.0,0.0,0.0
2026-01-25 15:12:50,clusterA,24,4,4,0,1.00,0.5,0.5,0.0,0.0,0.0
2026-01-25 15:12:50,clusterB,24,4,4,0,1.00,0.5,0.5,0.0,0.0,0.0
2026-01-25 15:12:55,clusterA,24,4,4,0,1.00,0.5,0.5,0.0,0.0,0.0
2026-01-25 15:12:55,clusterB,24,4,4,0,1.00,0.5,0.5,0.0,0.0,0.0
2026-01-25 15:13:00,clusterA,24,4,4,0,1.00,0.5,0.5,0.0,0.0,0.0
2026-01-25 15:13:00,clusterB,24,4,4,0,1.00,0.5,0.5,0.0,0.0,0.0
2026-01-25 15:13:05,clusterA,24,4,4,0,1.00,0.5,0.5,0.0,0.0,0.0
2026-01-25 15:13:05,clusterB,24,4,4,0,1.00,0.5,0.5,0.0,0.0,0.0
2026-01-25 15:13:11,clusterA,24,4,4,0,1.00,0.5,0.5,0.0,0.0,0.0
2026-01-25 15:13:11,clusterB,24,4,4,0,1.00,0.5,0.5,0.0,0.0,0.0
2026-01-25 15:13:16,clusterA,24,4,4,0,1.00,0.5,0.5,0.0,0.0,0.0
2026-01-25 15:13:16,clusterB,24,4,4,0,1.00,0.5,0.5,0.0,0.0,0.0
2026-01-25 15:13:21,clusterA,24,4,4,0,1.00,0.5,0.5,0.0,0.0,0.0
2026-01-25 15:13:21,clusterB,24,4,4,0,1.00,0.5,0.5,0.0,0.0,0.0
2026-01-25 15:13:26,clusterA,24,4,4,0,1.00,0.5,0.5,0.0,0.0,0.0
2026-01-25 15:13:26,clusterB,24,4,4,0,1.00,0.5,0.5,0.0,0.0,0.0
2026-01-25 15:13:32,clusterA,24,4,4,0,1.00,0.5,0.5,0.0,0.0,0.0
2026-01-25 15:13:32,clusterB,24,4,4,0,1.00,0.5,0.5,0.0,0.0,0.0
2026-01-25 15:13:37,clusterA,24,4,4,0,1.00,0.5,0.5,0.0,0.0,0.0
2026-01-25 15:13:37,clusterB,24,4,4,0,1.00,0.5,0.5,0.0,0.0,0.0
2026-01-25 15:13:42,clusterA,24,4,4,0,1.00,0.5,0.5,0.0,0.0,0.0
2026-01-25 15:13:42,clusterB,24,4,4,0,1.00,0.5,0.5,0.0,0.0,0.0
2026-01-25 15:13:47,clusterA,24,4,4,0,1.00,0.5,0.5,0.0,0.0,0.0
2026-01-25 15:13:47,clusterB,24,4,4,0,1.00,0.5,0.5,0.0,0.0,0.0
2026-01-25 15:13:53,clusterA,24,4,4,0,1.00,0.5,0.5,0.0,0.0,0.0
2026-01-25 15:13:53,clusterB,24,4,4,0,1.00,0.5,0.5,0.0,0.0,0.0
2026-01-25 15:13:58,clusterA,24,4,4,0,1.00,0.5,0.5,0.0,0.0,0.0
2026-01-25 15:13:58,clusterB,24,4,4,0,1.00,0.5,0.5,0.0,0.0,0.0
2026-01-25 15:14:03,clusterA,24,4,4,0,1.00,0.5,0.5,0.0,0.0,0.0
2026-01-25 15:14:03,clusterB,24,4,4,0,1.00,0.5,0.5,0.0,0.0,0.0
2026-01-25 15:14:08,clusterA,24,4,4,0,1.00,0.5,0.5,0.0,0.0,0.0
2026-01-25 15:14:08,clusterB,24,4,4,0,1.00,0.5,0.5,0.0,0.0,0.0
2026-01-25 15:14:13,clusterA,24,4,4,0,1.00,0.5,0.5,0.0,0.0,0.0
2026-01-25 15:14:13,clusterB,24,4,4,0,1.00,0.5,0.5,0.0,0.0,0.0
2026-01-25 15:14:19,clusterA,24,4,4,0,1.00,0.5,0.5,0.0,0.0,0.0
2026-01-25 15:14:19,clusterB,24,4,4,0,1.00,0.5,0.5,0.0,0.0,0.0
2026-01-25 15:14:24,clusterA,24,4,4,0,1.00,0.5,0.5,0.0,0.0,0.0
2026-01-25 15:14:24,clusterB,24,4,4,0,1.00,0.5,0.5,0.0,0.0,0.0
2026-01-25 15:14:29,clusterA,24,4,4,0,1.00,0.5,0.5,0.0,0.0,0.0
2026-01-25 15:14:29,clusterB,24,4,4,0,1.00,0.5,0.5,0.0,0.0,0.0
2026-01-25 15:14:34,clusterA,24,4,4,0,1.00,0.5,0.5,0.0,0.0,0.0
2026-01-25 15:14:34,clusterB,24,4,4,0,1.00,0.5,0.5,0.0,0.0,0.0
2026-01-25 15:14:40,clusterA,24,4,4,0,1.00,0.5,0.5,0.0,0.0,0.0
2026-01-25 15:14:40,clusterB,24,4,4,0,1.00,0.5,0.5,0.0,0.0,0.0
2026-01-25 15:14:45,clusterA,24,4,4,0,1.00,0.5,0.5,0.0,0.0,0.0
2026-01-25 15:14:45,clusterB,24,4,4,0,1.00,0.5,0.5,0.0,0.0,0.0
2026-01-25 15:14:50,clusterA,24,4,4,0,1.00,0.5,0.5,0.0,0.0,0.0
2026-01-25 15:14:50,clusterB,24,4,4,0,1.00,0.5,0.5,0.0,0.0,0.0
2026-01-25 15:14:55,clusterA,24,4,4,0,1.00,0.5,0.5,0.0,0.0,0.0
2026-01-25 15:14:55,clusterB,24,4,4,0,1.00,0.5,0.5,0.0,0.0,0.0
2026-01-25 15:15:01,clusterA,24,4,4,0,1.00,0.5,0.5,0.0,0.0,0.0
2026-01-25 15:15:01,clusterB,24,4,4,0,1.00,0.5,0.5,0.0,0.0,0.0
2026-01-25 15:15:06,clusterA,24,4,4,0,1.00,0.5,0.5,0.0,0.0,0.0
2026-01-25 15:15:06,clusterB,24,4,4,0,1.00,0.5,0.5,0.0,0.0,0.0
2026-01-25 15:15:11,clusterA,24,4,4,0,1.00,0.5,0.5,0.0,0.0,0.0
2026-01-25 15:15:11,clusterB,24,4,4,0,1.00,0.5,0.5,0.0,0.0,0.0
2026-01-25 15:15:16,clusterA,24,4,4,0,1.00,0.5,0.5,0.0,0.0,0.0
2026-01-25 15:15:16,clusterB,24,4,4,0,1.00,0.5,0.5,0.0,0.0,0.0
2026-01-25 15:15:21,clusterA,24,4,4,0,1.00,0.5,0.5,0.0,0.0,0.0
2026-01-25 15:15:21,clusterB,24,4,4,0,1.00,0.5,0.5,0.0,0.0,0.0
2026-01-25 15:15:27,clusterA,24,4,4,0,1.00,0.5,0.5,0.0,0.0,0.0
2026-01-25 15:15:27,clusterB,24,4,4,0,1.00,0.5,0.5,0.0,0.0,0.0
2026-01-25 15:15:32,clusterA,24,4,4,0,1.00,0.5,0.5,0.0,0.0,0.0
2026-01-25 15:15:32,clusterB,24,4,4,0,1.00,0.5,0.5,0.0,0.0,0.0
2026-01-25 15:15:37,clusterA,24,4,4,0,1.00,0.5,0.5,0.0,0.0,0.0
2026-01-25 15:15:37,clusterB,24,4,4,0,1.00,0.5,0.5,0.0,0.0,0.0
2026-01-25 15:15:42,clusterA,24,4,4,0,1.00,0.5,0.5,0.0,0.0,0.0
2026-01-25 15:15:42,clusterB,24,4,4,0,1.00,0.5,0.5,0.0,0.0,0.0
2026-01-25 15:15:48,clusterA,24,4,4,0,1.00,0.5,0.5,0.0,0.0,0.0
2026-01-25 15:15:48,clusterB,24,4,4,0,1.00,0.5,0.5,0.0,0.0,0.0
2026-01-25 15:15:53,clusterA,24,4,4,0,1.00,0.5,0.5,0.0,0.0,0.0
2026-01-25 15:15:53,clusterB,24,4,4,0,1.00,0.5,0.5,0.0,0.0,0.0
2026-01-25 15:15:58,clusterA,24,4,4,0,1.00,0.5,0.5,0.0,0.0,0.0
2026-01-25 15:15:58,clusterB,24,4,4,0,1.00,0.5,0.5,0.0,0.0,0.0
2026-01-25 15:16:03,clusterA,24,4,4,0,1.00,0.5,0.5,0.0,0.0,0.0
2026-01-25 15:16:03,clusterB,24,4,4,0,1.00,0.5,0.5,0.0,0.0,0.0
2026-01-25 15:16:09,clusterA,24,4,4,0,1.00,0.5,0.5,0.0,0.0,0.0
2026-01-25 15:16:09,clusterB,24,4,4,0,1.00,0.5,0.5,0.0,0.0,0.0
2026-01-25 15:16:14,clusterA,24,4,4,0,1.00,0.5,0.5,0.0,0.0,0.0
2026-01-25 15:16:14,clusterB,24,4,4,0,1.00,0.5,0.5,0.0,0.0,0.0
2026-01-25 15:16:19,clusterA,24,4,4,0,1.00,0.5,0.5,0.0,0.0,0.0
2026-01-25 15:16:19,clusterB,24,4,4,0,1.00,0.5,0.5,0.0,0.0,0.0
2026-01-25 15:16:24,clusterA,24,4,4,0,1.00,0.5,0.5,0.0,0.0,0.0
2026-01-25 15:16:24,clusterB,24,4,4,0,1.00,0.5,0.5,0.0,0.0,0.0
2026-01-25 15:16:30,clusterA,24,4,4,0,1.00,0.5,0.5,0.0,0.0,0.0
2026-01-25 15:16:30,clusterB,24,4,4,0,1.00,0.5,0.5,0.0,0.0,0.0
2026-01-25 15:16:35,clusterA,24,4,4,0,1.00,0.5,0.5,0.0,0.0,0.0
2026-01-25 15:16:35,clusterB,24,4,4,0,1.00,0.5,0.5,0.0,0.0,0.0
2026-01-25 15:16:40,clusterA,24,4,4,0,1.00,0.5,0.5,0.0,0.0,0.0
2026-01-25 15:16:40,clusterB,24,4,4,0,1.00,0.5,0.5,0.0,0.0,0.0
2026-01-25 15:16:45,clusterA,24,4,4,0,1.00,0.5,0.5,0.0,0.0,0.0
2026-01-25 15:16:45,clusterB,24,4,4,0,1.00,0.5,0.5,0.0,0.0,0.0
2026-01-25 15:16:50,clusterA,24,4,4,0,1.00,0.5,0.5,0.0,0.0,0.0
2026-01-25 15:16:50,clusterB,24,4,4,0,1.00,0.5,0.5,0.0,0.0,0.0
2026-01-25 15:16:56,clusterA,24,4,4,0,1.00,0.5,0.5,0.0,0.0,0.0
2026-01-25 15:16:56,clusterB,24,4,4,0,1.00,0.5,0.5,0.0,0.0,0.0
2026-01-25 15:17:01,clusterA,24,4,4,0,1.00,0.5,0.5,0.0,0.0,0.0
2026-01-25 15:17:01,clusterB,24,4,4,0,1.00,0.5,0.5,0.0,0.0,0.0
2026-01-25 15:17:06,clusterA,24,4,4,0,1.00,0.5,0.5,0.0,0.0,0.0
2026-01-25 15:17:06,clusterB,24,4,4,0,1.00,0.5,0.5,0.0,0.0,0.0
2026-01-25 15:17:11,clusterA,24,4,4,0,1.00,0.5,0.5,0.0,0.0,0.0
2026-01-25 15:17:11,clusterB,24,4,4,0,1.00,0.5,0.5,0.0,0.0,0.0
2026-01-25 15:17:17,clusterA,24,4,4,0,1.00,0.5,0.5,0.0,0.0,0.0
2026-01-25 15:17:17,clusterB,24,4,4,0,1.00,0.5,0.5,0.0,0.0,0.0
2026-01-25 15:17:22,clusterA,24,4,4,0,1.00,0.5,0.5,0.0,0.0,0.0
2026-01-25 15:17:22,clusterB,24,4,4,0,1.00,0.5,0.5,0.0,0.0,0.0
2026-01-25 15:17:27,clusterA,24,4,4,0,1.00,0.5,0.5,0.0,0.0,0.0
2026-01-25 15:17:27,clusterB,24,4,4,0,1.00,0.5,0.5,0.0,0.0,0.0
2026-01-25 15:17:32,clusterA,24,4,4,0,1.00,0.5,0.5,0.0,0.0,0.0
2026-01-25 15:17:32,clusterB,24,4,4,0,1.00,0.5,0.5,0.0,0.0,0.0
2026-01-25 15:17:38,clusterA,24,4,4,0,1.00,0.5,0.5,0.0,0.0,0.0
2026-01-25 15:17:38,clusterB,24,4,4,0,1.00,0.5,0.5,0.0,0.0,0.0
2026-01-25 15:17:43,clusterA,24,4,4,0,1.00,0.5,0.5,0.0,0.0,0.0
2026-01-25 15:17:43,clusterB,24,4,4,0,1.00,0.5,0.5,0.0,0.0,0.0
2026-01-25 15:17:48,clusterA,24,4,4,0,1.00,0.5,0.5,0.0,0.0,0.0
2026-01-25 15:17:48,clusterB,24,4,4,0,1.00,0.5,0.5,0.0,0.0,0.0
2026-01-25 15:17:53,clusterA,24,4,4,0,1.00,0.5,0.5,0.0,0.0,0.0
2026-01-25 15:17:53,clusterB,24,4,4,0,1.00,0.5,0.5,0.0,0.0,0.0
2026-01-25 15:17:58,clusterA,24,4,4,0,1.00,0.5,0.5,0.0,0.0,0.0
2026-01-25 15:17:58,clusterB,24,4,4,0,1.00,0.5,0.5,0.0,0.0,0.0
2026-01-25 15:18:04,clusterA,24,4,4,0,1.00,0.5,0.5,0.0,0.0,0.0
2026-01-25 15:18:04,clusterB,24,4,4,0,1.00,0.5,0.5,0.0,0.0,0.0
2026-01-25 15:18:09,clusterA,24,4,4,0,1.00,0.5,0.5,0.0,0.0,0.0
2026-01-25 15:18:09,clusterB,24,4,4,0,1.00,0.5,0.5,0.0,0.0,0.0
2026-01-25 15:18:14,clusterA,24,4,4,0,1.00,0.5,0.5,0.0,0.0,0.0
2026-01-25 15:18:14,clusterB,24,4,4,0,1.00,0.5,0.5,0.0,0.0,0.0
2026-01-25 15:18:19,clusterA,24,4,4,0,1.00,0.5,0.5,0.0,0.0,0.0
2026-01-25 15:18:19,clusterB,24,4,4,0,1.00,0.5,0.5,0.0,0.0,0.0
2026-01-25 15:18:25,clusterA,24,4,4,0,1.00,0.5,0.5,0.0,0.0,0.0
2026-01-25 15:18:25,clusterB,24,4,4,0,1.00,0.5,0.5,0.0,0.0,0.0
2026-01-25 15:18:30,clusterA,24,4,4,0,1.00,0.5,0.5,0.0,0.0,0.0
2026-01-25 15:18:30,clusterB,24,4,4,0,1.00,0.5,0.5,0.0,0.0,0.0
2026-01-25 15:18:35,clusterA,24,4,4,0,1.00,0.5,0.5,0.0,0.0,0.0
2026-01-25 15:18:35,clusterB,24,4,4,0,1.00,0.5,0.5,0.0,0.0,0.0
2026-01-25 15:18:40,clusterA,24,4,4,0,1.00,0.5,0.5,0.0,0.0,0.0
2026-01-25 15:18:40,clusterB,24,4,4,0,1.00,0.5,0.5,0.0,0.0,0.0
2026-01-25 15:18:45,clusterA,24,4,4,0,1.00,0.5,0.5,0.0,0.0,0.0
2026-01-25 15:18:45,clusterB,24,4,4,0,1.00,0.5,0.5,0.0,0.0,0.0
2026-01-25 15:18:51,clusterA,24,4,4,0,1.00,0.5,0.5,0.0,0.0,0.0
2026-01-25 15:18:51,clusterB,24,4,4,0,1.00,0.5,0.5,0.0,0.0,0.0
2026-01-25 15:18:56,clusterA,24,4,4,0,1.00,0.5,0.5,0.0,0.0,0.0
2026-01-25 15:18:56,clusterB,24,4,4,0,1.00,0.5,0.5,0.0,0.0,0.0
2026-01-25 15:19:01,clusterA,24,4,4,0,1.00,0.5,0.5,0.0,0.0,0.0
2026-01-25 15:19:01,clusterB,24,4,4,0,1.00,0.5,0.5,0.0,0.0,0.0
2026-01-25 15:19:06,clusterA,24,4,4,0,1.00,0.5,0.5,0.0,0.0,0.0
2026-01-25 15:19:06,clusterB,24,4,4,0,1.00,0.5,0.5,0.0,0.0,0.0
2026-01-25 15:19:12,clusterA,24,4,4,0,1.00,0.5,0.5,0.0,0.0,0.0
2026-01-25 15:19:12,clusterB,24,4,4,0,1.00,0.5,0.5,0.0,0.0,0.0
2026-01-25 15:19:17,clusterA,24,4,4,0,1.00,0.5,0.5,0.0,0.0,0.0
2026-01-25 15:19:17,clusterB,24,4,4,0,1.00,0.5,0.5,0.0,0.0,0.0
2026-01-25 15:19:22,clusterA,24,4,4,0,1.00,0.5,0.5,0.0,0.0,0.0
2026-01-25 15:19:22,clusterB,24,4,4,0,1.00,0.5,0.5,0.0,0.0,0.0
2026-01-25 15:19:27,clusterA,24,4,4,0,1.00,0.5,0.5,0.0,0.0,0.0
2026-01-25 15:19:27,clusterB,24,4,4,0,1.00,0.5,0.5,0.0,0.0,0.0
2026-01-25 15:19:33,clusterA,24,4,4,0,1.00,0.5,0.5,0.0,0.0,0.0
2026-01-25 15:19:33,clusterB,24,4,4,0,1.00,0.5,0.5,0.0,0.0,0.0
2026-01-25 15:19:38,clusterA,24,4,4,0,1.00,0.5,0.5,0.0,0.0,0.0
2026-01-25 15:19:38,clusterB,24,4,4,0,1.00,0.5,0.5,0.0,0.0,0.0
2026-01-25 15:19:43,clusterA,24,4,4,0,1.00,0.5,0.5,0.0,0.0,0.0
2026-01-25 15:19:43,clusterB,24,4,4,0,1.00,0.5,0.5,0.0,0.0,0.0
2026-01-25 15:19:48,clusterA,24,4,4,0,1.00,0.5,0.5,0.0,0.0,0.0
2026-01-25 15:19:48,clusterB,24,4,4,0,1.00,0.5,0.5,0.0,0.0,0.0
2026-01-25 15:19:53,clusterA,24,4,4,0,1.00,0.5,0.5,0.0,0.0,0.0
2026-01-25 15:19:53,clusterB,24,4,4,0,1.00,0.5,0.5,0.0,0.0,0.0
2026-01-25 15:19:59,clusterA,24,4,4,0,1.00,0.5,0.5,0.0,0.0,0.0
2026-01-25 15:19:59,clusterB,24,4,4,0,1.00,0.5,0.5,0.0,0.0,0.0
2026-01-25 15:20:04,clusterA,24,4,4,0,1.00,0.5,0.5,0.0,0.0,0.0
2026-01-25 15:20:04,clusterB,24,4,4,0,1.00,0.5,0.5,0.0,0.0,0.0
2026-01-25 15:20:09,clusterA,24,4,4,0,1.00,0.5,0.5,0.0,0.0,0.0
2026-01-25 15:20:09,clusterB,24,4,4,0,1.00,0.5,0.5,0.0,0.0,0.0
2026-01-25 15:20:14,clusterA,24,4,4,0,1.00,0.5,0.5,0.0,0.0,0.0
2026-01-25 15:20:14,clusterB,24,4,4,0,1.00,0.5,0.5,0.0,0.0,0.0
2026-01-25 15:20:20,clusterA,24,4,4,0,1.00,0.5,0.5,0.0,0.0,0.0
2026-01-25 15:20:20,clusterB,24,4,4,0,1.00,0.5,0.5,0.0,0.0,0.0
2026-01-25 15:20:25,clusterA,24,4,4,0,1.00,0.5,0.5,0.0,0.0,0.0
2026-01-25 15:20:25,clusterB,24,4,4,0,1.00,0.5,0.5,0.0,0.0,0.0
2026-01-25 15:20:30,clusterA,24,4,4,0,1.00,0.5,0.5,0.0,0.0,0.0
2026-01-25 15:20:30,clusterB,24,4,4,0,1.00,0.5,0.5,0.0,0.0,0.0
2026-01-25 15:20:35,clusterA,24,4,4,0,1.00,0.5,0.5,0.0,0.0,0.0
2026-01-25 15:20:35,clusterB,24,4,4,0,1.00,0.5,0.5,0.0,0.0,0.0
2026-01-25 15:20:41,clusterA,24,4,4,0,1.00,0.5,0.5,0.0,0.0,0.0
2026-01-25 15:20:41,clusterB,24,4,4,0,1.00,0.5,0.5,0.0,0.0,0.0
2026-01-25 15:20:46,clusterA,24,4,4,0,1.00,0.5,0.5,0.0,0.0,0.0
2026-01-25 15:20:46,clusterB,24,4,4,0,1.00,0.5,0.5,0.0,0.0,0.0
2026-01-25 15:20:51,clusterA,24,4,4,0,1.00,0.5,0.5,0.0,0.0,0.0
2026-01-25 15:20:51,clusterB,24,4,4,0,1.00,0.5,0.5,0.0,0.0,0.0
2026-01-25 15:20:56,clusterA,24,4,4,0,1.00,0.5,0.5,0.0,0.0,0.0
2026-01-25 15:20:56,clusterB,24,4,4,0,1.00,0.5,0.5,0.0,0.0,0.0
2026-01-25 15:21:01,clusterA,24,4,4,0,1.00,0.5,0.5,0.0,0.0,0.0
2026-01-25 15:21:01,clusterB,24,4,4,0,1.00,0.5,0.5,0.0,0.0,0.0
2026-01-25 15:21:07,clusterA,24,4,4,0,1.00,0.5,0.5,0.0,0.0,0.0
2026-01-25 15:21:07,clusterB,24,4,4,0,1.00,0.5,0.5,0.0,0.0,0.0
2026-01-25 15:21:12,clusterA,24,4,4,0,1.00,0.5,0.5,0.0,0.0,0.0
2026-01-25 15:21:12,clusterB,24,4,4,0,1.00,0.5,0.5,0.0,0.0,0.0
2026-01-25 15:21:17,clusterA,24,4,4,0,1.00,0.5,0.5,0.0,0.0,0.0
2026-01-25 15:21:17,clusterB,24,4,4,0,1.00,0.5,0.5,0.0,0.0,0.0
2026-01-25 15:21:22,clusterA,24,4,4,0,1.00,0.5,0.5,0.0,0.0,0.0
2026-01-25 15:21:22,clusterB,24,4,4,0,1.00,0.5,0.5,0.0,0.0,0.0
2026-01-25 15:21:28,clusterA,24,4,4,0,1.00,0.5,0.5,0.0,0.0,0.0
2026-01-25 15:21:28,clusterB,24,4,4,0,1.00,0.5,0.5,0.0,0.0,0.0
2026-01-25 15:21:33,clusterA,24,4,4,0,1.00,0.5,0.5,0.0,0.0,0.0
2026-01-25 15:21:33,clusterB,24,4,4,0,1.00,0.5,0.5,0.0,0.0,0.0
2026-01-25 15:21:38,clusterA,24,4,4,0,1.00,0.5,0.5,0.0,0.0,0.0
2026-01-25 15:21:38,clusterB,24,4,4,0,1.00,0.5,0.5,0.0,0.0,0.0
2026-01-25 15:21:43,clusterA,24,4,4,0,1.00,0.5,0.5,0.0,0.0,0.0
2026-01-25 15:21:43,clusterB,24,4,4,0,1.00,0.5,0.5,0.0,0.0,0.0
2026-01-25 15:21:49,clusterA,24,4,4,0,1.00,0.5,0.5,0.0,0.0,0.0
2026-01-25 15:21:49,clusterB,24,4,4,0,1.00,0.5,0.5,0.0,0.0,0.0
2026-01-25 15:21:54,clusterA,24,4,4,0,1.00,0.5,0.5,0.0,0.0,0.0
2026-01-25 15:21:54,clusterB,24,4,4,0,1.00,0.5,0.5,0.0,0.0,0.0
2026-01-25 15:21:59,clusterA,24,4,4,0,1.00,0.5,0.5,0.0,0.0,0.0
2026-01-25 15:21:59,clusterB,24,4,4,0,1.00,0.5,0.5,0.0,0.0,0.0
2026-01-25 15:22:04,clusterA,24,4,4,0,1.00,0.5,0.5,0.0,0.0,0.0
2026-01-25 15:22:04,clusterB,24,4,4,0,1.00,0.5,0.5,0.0,0.0,0.0
2026-01-25 15:22:09,clusterA,24,4,4,0,1.00,0.5,0.5,0.0,0.0,0.0
2026-01-25 15:22:09,clusterB,24,4,4,0,1.00,0.5,0.5,0.0,0.0,0.0
2026-01-25 15:22:15,clusterA,24,4,4,0,1.00,0.5,0.5,0.0,0.0,0.0
2026-01-25 15:22:15,clusterB,24,4,4,0,1.00,0.5,0.5,0.0,0.0,0.0
2026-01-25 15:22:20,clusterA,24,4,4,0,1.00,0.5,0.5,0.0,0.0,0.0
2026-01-25 15:22:20,clusterB,24,4,4,0,1.00,0.5,0.5,0.0,0.0,0.0
2026-01-25 15:22:25,clusterA,24,4,4,0,1.00,0.5,0.5,0.0,0.0,0.0
2026-01-25 15:22:25,clusterB,24,4,4,0,1.00,0.5,0.5,0.0,0.0,0.0
2026-01-25 15:22:30,clusterA,24,4,4,0,1.00,0.5,0.5,0.0,0.0,0.0
2026-01-25 15:22:30,clusterB,24,4,4,0,1.00,0.5,0.5,0.0,0.0,0.0
2026-01-25 15:22:36,clusterA,24,4,4,0,1.00,0.5,0.5,0.0,0.0,0.0
2026-01-25 15:22:36,clusterB,24,4,4,0,1.00,0.5,0.5,0.0,0.0,0.0
2026-01-25 15:22:41,clusterA,24,4,4,0,1.00,0.5,0.5,0.0,0.0,0.0
2026-01-25 15:22:41,clusterB,24,4,4,0,1.00,0.5,0.5,0.0,0.0,0.0
2026-01-25 15:22:46,clusterA,24,4,4,0,1.00,0.5,0.5,0.0,0.0,0.0
2026-01-25 15:22:46,clusterB,24,4,4,0,1.00,0.5,0.5,0.0,0.0,0.0
2026-01-25 15:22:51,clusterA,24,4,4,0,1.00,0.5,0.5,0.0,0.0,0.0
2026-01-25 15:22:51,clusterB,24,4,4,0,1.00,0.5,0.5,0.0,0.0,0.0
2026-01-25 15:22:57,clusterA,24,4,4,0,1.00,0.5,0.5,0.0,0.0,0.0
2026-01-25 15:22:57,clusterB,24,4,4,0,1.00,0.5,0.5,0.0,0.0,0.0
2026-01-25 15:23:02,clusterA,24,4,4,0,1.00,0.5,0.5,0.0,0.0,0.0
2026-01-25 15:23:02,clusterB,24,4,4,0,1.00,0.5,0.5,0.0,0.0,0.0
2026-01-25 15:23:07,clusterA,24,4,4,0,1.00,0.5,0.5,0.0,0.0,0.0
2026-01-25 15:23:07,clusterB,24,4,4,0,1.00,0.5,0.5,0.0,0.0,0.0
2026-01-25 15:23:12,clusterA,24,4,4,0,1.00,0.5,0.5,0.0,0.0,0.0
2026-01-25 15:23:12,clusterB,24,4,4,0,1.00,0.5,0.5,0.0,0.0,0.0
2026-01-25 15:23:17,clusterA,24,4,4,0,1.00,0.5,0.5,0.0,0.0,0.0
2026-01-25 15:23:17,clusterB,24,4,4,0,1.00,0.5,0.5,0.0,0.0,0.0
2026-01-25 15:23:23,clusterA,24,4,4,0,1.00,0.5,0.5,0.0,0.0,0.0
2026-01-25 15:23:23,clusterB,24,4,4,0,1.00,0.5,0.5,0.0,0.0,0.0
2026-01-25 15:23:28,clusterA,24,4,4,0,1.00,0.5,0.5,0.0,0.0,0.0
2026-01-25 15:23:28,clusterB,24,4,4,0,1.00,0.5,0.5,0.0,0.0,0.0
2026-01-25 15:23:33,clusterA,24,4,4,0,1.00,0.5,0.5,0.0,0.0,0.0
2026-01-25 15:23:33,clusterB,24,4,4,0,1.00,0.5,0.5,0.0,0.0,0.0
2026-01-25 15:23:38,clusterA,24,4,4,0,1.00,0.5,0.5,0.0,0.0,0.0
2026-01-25 15:23:38,clusterB,24,4,4,0,1.00,0.5,0.5,0.0,0.0,0.0
2026-01-25 15:23:44,clusterA,24,4,4,0,1.00,0.5,0.5,0.0,0.0,0.0
2026-01-25 15:23:44,clusterB,24,4,4,0,1.00,0.5,0.5,0.0,0.0,0.0
2026-01-25 15:23:49,clusterA,24,4,4,0,1.00,0.5,0.5,0.0,0.0,0.0
2026-01-25 15:23:49,clusterB,24,4,4,0,1.00,0.5,0.5,0.0,0.0,0.0
2026-01-25 15:23:54,clusterA,24,4,4,0,1.00,0.5,0.5,0.0,0.0,0.0
2026-01-25 15:23:54,clusterB,24,4,4,0,1.00,0.5,0.5,0.0,0.0,0.0
2026-01-25 15:23:59,clusterA,24,4,4,0,1.00,0.5,0.5,0.0,0.0,0.0
2026-01-25 15:23:59,clusterB,24,4,4,0,1.00,0.5,0.5,0.0,0.0,0.0
2026-01-25 15:24:05,clusterA,24,4,4,0,1.00,0.5,0.5,0.0,0.0,0.0
2026-01-25 15:24:05,clusterB,24,4,4,0,1.00,0.5,0.5,0.0,0.0,0.0
2026-01-25 15:24:10,clusterA,24,4,4,0,1.00,0.5,0.5,0.0,0.0,0.0
2026-01-25 15:24:10,clusterB,24,4,4,0,1.00,0.5,0.5,0.0,0.0,0.0
2026-01-25 15:24:15,clusterA,24,4,4,0,1.00,0.5,0.5,0.0,0.0,0.0
2026-01-25 15:24:15,clusterB,24,4,4,0,1.00,0.5,0.5,0.0,0.0,0.0
2026-01-25 15:24:20,clusterA,24,4,4,0,1.00,0.5,0.5,0.0,0.0,0.0
2026-01-25 15:24:20,clusterB,24,4,4,0,1.00,0.5,0.5,0.0,0.0,0.0
2026-01-25 15:24:25,clusterA,24,4,4,0,1.00,0.5,0.5,0.0,0.0,0.0
2026-01-25 15:24:25,clusterB,24,4,4,0,1.00,0.5,0.5,0.0,0.0,0.0
2026-01-25 15:24:31,clusterA,24,4,4,0,1.00,0.5,0.5,0.0,0.0,0.0
2026-01-25 15:24:31,clusterB,24,4,4,0,1.00,0.5,0.5,0.0,0.0,0.0
2026-01-25 15:24:36,clusterA,24,4,4,0,1.00,0.5,0.5,0.0,0.0,0.0
2026-01-25 15:24:36,clusterB,24,4,4,0,1.00,0.5,0.5,0.0,0.0,0.0
2026-01-25 15:24:41,clusterA,24,4,4,0,1.00,0.5,0.5,0.0,0.0,0.0
2026-01-25 15:24:41,clusterB,24,4,4,0,1.00,0.5,0.5,0.0,0.0,0.0
2026-01-25 15:24:46,clusterA,24,4,4,0,1.00,0.5,0.5,0.0,0.0,0.0
2026-01-25 15:24:46,clusterB,24,4,4,0,1.00,0.5,0.5,0.0,0.0,0.0
2026-01-25 15:24:52,clusterA,24,4,4,0,1.00,0.5,0.5,0.0,0.0,0.0
2026-01-25 15:24:52,clusterB,24,4,4,0,1.00,0.5,0.5,0.0,0.0,0.0
2026-01-25 15:24:57,clusterA,24,4,4,0,1.00,0.5,0.5,0.0,0.0,0.0
2026-01-25 15:24:57,clusterB,24,4,4,0,1.00,0.5,0.5,0.0,0.0,0.0
2026-01-25 15:25:02,clusterA,24,4,4,0,1.00,0.5,0.5,0.0,0.0,0.0
2026-01-25 15:25:02,clusterB,24,4,4,0,1.00,0.5,0.5,0.0,0.0,0.0
2026-01-25 15:25:07,clusterA,24,4,4,0,1.00,0.5,0.5,0.0,0.0,0.0
2026-01-25 15:25:07,clusterB,24,4,4,0,1.00,0.5,0.5,0.0,0.0,0.0
2026-01-25 15:25:12,clusterA,24,4,4,0,1.00,0.5,0.5,0.0,0.0,0.0
2026-01-25 15:25:12,clusterB,24,4,4,0,1.00,0.5,0.5,0.0,0.0,0.0
2026-01-25 15:25:18,clusterA,24,4,4,0,1.00,0.5,0.5,0.0,0.0,0.0
2026-01-25 15:25:18,clusterB,24,4,4,0,1.00,0.5,0.5,0.0,0.0,0.0
2026-01-25 15:25:23,clusterA,24,4,4,0,1.00,0.5,0.5,0.0,0.0,0.0
2026-01-25 15:25:23,clusterB,24,4,4,0,1.00,0.5,0.5,0.0,0.0,0.0
2026-01-25 15:25:28,clusterA,24,4,4,0,1.00,0.5,0.5,0.0,0.0,0.0
2026-01-25 15:25:28,clusterB,24,4,4,0,1.00,0.5,0.5,0.0,0.0,0.0
2026-01-25 15:25:33,clusterA,24,4,4,0,1.00,0.5,0.5,0.0,0.0,0.0
2026-01-25 15:25:33,clusterB,24,4,4,0,1.00,0.5,0.5,0.0,0.0,0.0
2026-01-25 15:25:39,clusterA,24,4,4,0,1.00,0.5,0.5,0.0,0.0,0.0
2026-01-25 15:25:39,clusterB,24,4,4,0,1.00,0.5,0.5,0.0,0.0,0.0
2026-01-25 15:25:44,clusterA,24,4,4,0,1.00,0.5,0.5,0.0,0.0,0.0
2026-01-25 15:25:44,clusterB,24,4,4,0,1.00,0.5,0.5,0.0,0.0,0.0
2026-01-25 15:25:49,clusterA,24,4,4,0,1.00,0.5,0.5,0.0,0.0,0.0
2026-01-25 15:25:49,clusterB,24,4,4,0,1.00,0.5,0.5,0.0,0.0,0.0
2026-01-25 15:25:54,clusterA,24,4,4,0,1.00,0.5,0.5,0.0,0.0,0.0
2026-01-25 15:25:54,clusterB,24,4,4,0,1.00,0.5,0.5,0.0,0.0,0.0
2026-01-25 15:26:00,clusterA,24,4,4,0,1.00,0.5,0.5,0.0,0.0,0.0
2026-01-25 15:26:00,clusterB,24,4,4,0,1.00,0.5,0.5,0.0,0.0,0.0
2026-01-25 15:26:05,clusterA,24,4,4,0,1.00,0.5,0.5,0.0,0.0,0.0
2026-01-25 15:26:05,clusterB,24,4,4,0,1.00,0.5,0.5,0.0,0.0,0.0
2026-01-25 15:26:10,clusterA,24,4,4,0,1.00,0.5,0.5,0.0,0.0,0.0
2026-01-25 15:26:10,clusterB,24,4,4,0,1.00,0.5,0.5,0.0,0.0,0.0
2026-01-25 15:26:15,clusterA,24,4,4,0,1.00,0.5,0.5,0.0,0.0,0.0
2026-01-25 15:26:15,clusterB,24,4,4,0,1.00,0.5,0.5,0.0,0.0,0.0
2026-01-25 15:26:20,clusterA,24,4,4,0,1.00,0.5,0.5,0.0,0.0,0.0
2026-01-25 15:26:20,clusterB,24,4,4,0,1.00,0.5,0.5,0.0,0.0,0.0
2026-01-25 15:26:26,clusterA,24,4,4,0,1.00,0.5,0.5,0.0,0.0,0.0
2026-01-25 15:26:26,clusterB,24,4,4,0,1.00,0.5,0.5,0.0,0.0,0.0
2026-01-25 15:26:31,clusterA,24,4,4,0,1.00,0.5,0.5,0.0,0.0,0.0
2026-01-25 15:26:31,clusterB,24,4,4,0,1.00,0.5,0.5,0.0,0.0,0.0
2026-01-25 15:26:36,clusterA,24,4,4,0,1.00,0.5,0.5,0.0,0.0,0.0
2026-01-25 15:26:36,clusterB,24,4,4,0,1.00,0.5,0.5,0.0,0.0,0.0
2026-01-25 15:26:41,clusterA,24,4,4,0,1.00,0.5,0.5,0.0,0.0,0.0
2026-01-25 15:26:41,clusterB,24,4,4,0,1.00,0.5,0.5,0.0,0.0,0.0
2026-01-25 15:26:47,clusterA,24,4,4,0,1.00,0.5,0.5,0.0,0.0,0.0
2026-01-25 15:26:47,clusterB,24,4,4,0,1.00,0.5,0.5,0.0,0.0,0.0
2026-01-25 15:26:52,clusterA,24,4,4,0,1.00,0.5,0.5,0.0,0.0,0.0
2026-01-25 15:26:52,clusterB,24,4,4,0,1.00,0.5,0.5,0.0,0.0,0.0
2026-01-25 15:26:57,clusterA,24,4,4,0,1.00,0.5,0.5,0.0,0.0,0.0
2026-01-25 15:26:57,clusterB,24,4,4,0,1.00,0.5,0.5,0.0,0.0,0.0
2026-01-25 15:27:02,clusterA,24,4,4,0,1.00,0.5,0.5,0.0,0.0,0.0
2026-01-25 15:27:02,clusterB,24,4,4,0,1.00,0.5,0.5,0.0,0.0,0.0
2026-01-25 15:27:07,clusterA,24,4,4,0,1.00,0.5,0.5,0.0,0.0,0.0
2026-01-25 15:27:07,clusterB,24,4,4,0,1.00,0.5,0.5,0.0,0.0,0.0
2026-01-25 15:27:13,clusterA,24,4,4,0,1.00,0.5,0.5,0.0,0.0,0.0
2026-01-25 15:27:13,clusterB,24,4,4,0,1.00,0.5,0.5,0.0,0.0,0.0
2026-01-25 15:27:18,clusterA,24,4,4,0,1.00,0.5,0.5,0.0,0.0,0.0
2026-01-25 15:27:18,clusterB,24,4,4,0,1.00,0.5,0.5,0.0,0.0,0.0
2026-01-25 15:27:23,clusterA,24,4,4,0,1.00,0.5,0.5,0.0,0.0,0.0
2026-01-25 15:27:23,clusterB,24,4,4,0,1.00,0.5,0.5,0.0,0.0,0.0
2026-01-25 15:27:28,clusterA,24,4,4,0,1.00,0.5,0.5,0.0,0.0,0.0
2026-01-25 15:27:28,clusterB,24,4,4,0,1.00,0.5,0.5,0.0,0.0,0.0
2026-01-25 15:27:34,clusterA,24,4,4,0,1.00,0.5,0.5,0.0,0.0,0.0
2026-01-25 15:27:34,clusterB,24,4,4,0,1.00,0.5,0.5,0.0,0.0,0.0
2026-01-25 15:27:39,clusterA,24,4,4,0,1.00,0.5,0.5,0.0,0.0,0.0
2026-01-25 15:27:39,clusterB,24,4,4,0,1.00,0.5,0.5,0.0,0.0,0.0
2026-01-25 15:27:44,clusterA,24,4,4,0,1.00,0.5,0.5,0.0,0.0,0.0
2026-01-25 15:27:44,clusterB,24,4,4,0,1.00,0.5,0.5,0.0,0.0,0.0
2026-01-25 15:27:49,clusterA,24,4,4,0,1.00,0.5,0.5,0.0,0.0,0.0
2026-01-25 15:27:49,clusterB,24,4,4,0,1.00,0.5,0.5,0.0,0.0,0.0
2026-01-25 15:27:55,clusterA,24,4,4,0,1.00,0.5,0.5,0.0,0.0,0.0
2026-01-25 15:27:55,clusterB,24,4,4,0,1.00,0.5,0.5,0.0,0.0,0.0
2026-01-25 15:28:00,clusterA,24,4,4,0,1.00,0.5,0.5,0.0,0.0,0.0
2026-01-25 15:28:00,clusterB,24,4,4,0,1.00,0.5,0.5,0.0,0.0,0.0
2026-01-25 15:28:05,clusterA,24,4,4,0,1.00,0.5,0.5,0.0,0.0,0.0
2026-01-25 15:28:05,clusterB,24,4,4,0,1.00,0.5,0.5,0.0,0.0,0.0
2026-01-25 15:28:10,clusterA,24,4,4,0,1.00,0.5,0.5,0.0,0.0,0.0
2026-01-25 15:28:10,clusterB,24,4,4,0,1.00,0.5,0.5,0.0,0.0,0.0
2026-01-25 15:28:16,clusterA,24,4,4,0,1.00,0.5,0.5,0.0,0.0,0.0
2026-01-25 15:28:16,clusterB,24,4,4,0,1.00,0.5,0.5,0.0,0.0,0.0
2026-01-25 15:28:21,clusterA,24,4,4,0,1.00,0.5,0.5,0.0,0.0,0.0
2026-01-25 15:28:21,clusterB,24,4,4,0,1.00,0.5,0.5,0.0,0.0,0.0
2026-01-25 15:28:26,clusterA,24,4,4,0,1.00,0.5,0.5,0.0,0.0,0.0
2026-01-25 15:28:26,clusterB,24,4,4,0,1.00,0.5,0.5,0.0,0.0,0.0
2026-01-25 15:28:31,clusterA,24,4,4,0,1.00,0.5,0.5,0.0,0.0,0.0
2026-01-25 15:28:31,clusterB,24,4,4,0,1.00,0.5,0.5,0.0,0.0,0.0
2026-01-25 15:28:37,clusterA,24,4,4,0,1.00,0.5,0.5,0.0,0.0,0.0
2026-01-25 15:28:37,clusterB,24,4,4,0,1.00,0.5,0.5,0.0,0.0,0.0
2026-01-25 15:28:42,clusterA,24,4,4,0,1.00,0.5,0.5,0.0,0.0,0.0
2026-01-25 15:28:42,clusterB,24,4,4,0,1.00,0.5,0.5,0.0,0.0,0.0
2026-01-25 15:28:47,clusterA,24,4,4,0,1.00,0.5,0.5,0.0,0.0,0.0
2026-01-25 15:28:47,clusterB,24,4,4,0,1.00,0.5,0.5,0.0,0.0,0.0
2026-01-25 15:28:52,clusterA,24,4,4,0,1.00,0.5,0.5,0.0,0.0,0.0
2026-01-25 15:28:52,clusterB,24,4,4,0,1.00,0.5,0.5,0.0,0.0,0.0
2026-01-25 15:28:57,clusterA,24,4,4,0,1.00,0.5,0.5,0.0,0.0,0.0
2026-01-25 15:28:57,clusterB,24,4,4,0,1.00,0.5,0.5,0.0,0.0,0.0
2026-01-25 15:29:03,clusterA,24,4,4,0,1.00,0.5,0.5,0.0,0.0,0.0
2026-01-25 15:29:03,clusterB,24,4,4,0,1.00,0.5,0.5,0.0,0.0,0.0
2026-01-25 15:29:08,clusterA,24,4,4,0,1.00,0.5,0.5,0.0,0.0,0.0
2026-01-25 15:29:08,clusterB,24,4,4,0,1.00,0.5,0.5,0.0,0.0,0.0
2026-01-25 15:29:13,clusterA,24,4,4,0,1.00,0.5,0.5,0.0,0.0,0.0
2026-01-25 15:29:13,clusterB,24,4,4,0,1.00,0.5,0.5,0.0,0.0,0.0
2026-01-25 15:29:18,clusterA,24,4,4,0,1.00,0.5,0.5,0.0,0.0,0.0
2026-01-25 15:29:18,clusterB,24,4,4,0,1.00,0.5,0.5,0.0,0.0,0.0
2026-01-25 15:29:24,clusterA,24,4,4,0,1.00,0.5,0.5,0.0,0.0,0.0
2026-01-25 15:29:24,clusterB,24,4,4,0,1.00,0.5,0.5,0.0,0.0,0.0
2026-01-25 15:29:29,clusterA,24,4,4,0,1.00,0.5,0.5,0.0,0.0,0.0
2026-01-25 15:29:29,clusterB,24,4,4,0,1.00,0.5,0.5,0.0,0.0,0.0
2026-01-25 15:29:34,clusterA,24,4,4,0,1.00,0.5,0.5,0.0,0.0,0.0
2026-01-25 15:29:34,clusterB,24,4,4,0,1.00,0.5,0.5,0.0,0.0,0.0
2026-01-25 15:29:39,clusterA,24,4,4,0,1.00,0.5,0.5,0.0,0.0,0.0
2026-01-25 15:29:39,clusterB,24,4,4,0,1.00,0.5,0.5,0.0,0.0,0.0
2026-01-25 15:29:45,clusterA,24,4,4,0,1.00,0.5,0.5,0.0,0.0,0.0
2026-01-25 15:29:45,clusterB,24,4,4,0,1.00,0.5,0.5,0.0,0.0,0.0
2026-01-25 15:29:50,clusterA,24,4,4,0,1.00,0.5,0.5,0.0,0.0,0.0
2026-01-25 15:29:50,clusterB,24,4,4,0,1.00,0.5,0.5,0.0,0.0,0.0
2026-01-25 15:29:55,clusterA,24,4,4,0,1.00,0.5,0.5,0.0,0.0,0.0
2026-01-25 15:29:55,clusterB,24,4,4,0,1.00,0.5,0.5,0.0,0.0,0.0
2026-01-25 15:30:00,clusterA,24,4,4,0,1.00,0.5,0.5,0.0,0.0,0.0
2026-01-25 15:30:00,clusterB,24,4,4,0,1.00,0.5,0.5,0.0,0.0,0.0
2026-01-25 15:30:05,clusterA,24,4,4,0,1.00,0.5,0.5,0.0,0.0,0.0
2026-01-25 15:30:05,clusterB,24,4,4,0,1.00,0.5,0.5,0.0,0.0,0.0
2026-01-25 15:30:11,clusterA,24,4,4,0,1.00,0.5,0.5,0.0,0.0,0.0
2026-01-25 15:30:11,clusterB,24,4,4,0,1.00,0.5,0.5,0.0,0.0,0.0
2026-01-25 15:30:16,clusterA,24,4,4,0,1.00,0.5,0.5,0.0,0.0,0.0
2026-01-25 15:30:16,clusterB,24,4,4,0,1.00,0.5,0.5,0.0,0.0,0.0
2026-01-25 15:30:21,clusterA,24,4,0,4,0.00,0.5,0.5,0.0,0.0,0.0
2026-01-25 15:30:21,clusterB,24,4,4,0,1.00,0.5,0.5,0.0,0.0,0.0
2026-01-25 15:30:27,clusterA,20,4,1,3,0.25,0.5,0.5,0.0,0.0,0.0
2026-01-25 15:30:27,clusterB,20,4,4,0,1.00,0.5,0.5,0.0,0.0,0.0
2026-01-25 15:30:32,clusterA,20,4,1,3,0.25,0.5,0.5,0.0,0.0,0.0
2026-01-25 15:30:32,clusterB,20,4,4,0,1.00,0.5,0.5,0.0,0.0,0.0
2026-01-25 15:30:37,clusterA,20,4,1,3,0.25,0.5,0.5,0.0,0.0,0.0
2026-01-25 15:30:37,clusterB,20,4,4,0,1.00,0.5,0.5,0.0,0.0,0.0
2026-01-25 15:30:42,clusterA,20,4,1,3,0.25,0.5,0.5,0.0,0.0,0.0
2026-01-25 15:30:42,clusterB,20,4,4,0,1.00,0.5,0.5,0.0,0.0,0.0
2026-01-25 15:30:47,clusterA,20,4,1,3,0.25,0.5,0.5,0.0,0.0,0.0
2026-01-25 15:30:47,clusterB,20,4,4,0,1.00,0.5,0.5,0.0,0.0,0.0
2026-01-25 15:30:53,clusterA,20,4,1,3,0.25,0.5,0.5,0.0,0.0,0.0
2026-01-25 15:30:53,clusterB,20,4,4,0,1.00,0.5,0.5,0.0,0.0,0.0
2026-01-25 15:30:58,clusterA,20,4,1,3,0.25,0.5,0.5,0.0,0.0,0.0
2026-01-25 15:30:58,clusterB,20,4,4,0,1.00,0.5,0.5,0.0,0.0,0.0
2026-01-25 15:31:03,clusterA,20,4,1,3,0.25,0.5,0.5,0.0,0.0,0.0
2026-01-25 15:31:03,clusterB,20,4,4,0,1.00,0.5,0.5,0.0,0.0,0.0
2026-01-25 15:31:08,clusterA,20,4,1,3,0.25,0.5,0.5,0.0,0.0,0.0
2026-01-25 15:31:08,clusterB,20,4,4,0,1.00,0.5,0.5,0.0,0.0,0.0
2026-01-25 15:31:13,clusterA,20,4,1,3,0.25,0.5,0.5,0.0,0.0,0.0
2026-01-25 15:31:13,clusterB,20,4,4,0,1.00,0.5,0.5,0.0,0.0,0.0
2026-01-25 15:31:19,clusterA,20,4,1,3,0.25,0.5,0.5,0.0,0.0,0.0
2026-01-25 15:31:19,clusterB,20,4,4,0,1.00,0.5,0.5,0.0,0.0,0.0
2026-01-25 15:31:24,clusterA,20,4,1,3,0.25,0.5,0.5,0.0,0.0,0.0
2026-01-25 15:31:24,clusterB,20,4,4,0,1.00,0.5,0.5,0.0,0.0,0.0
2026-01-25 15:31:29,clusterA,20,4,1,3,0.25,0.5,0.5,0.0,0.0,0.0
2026-01-25 15:31:29,clusterB,20,4,4,0,1.00,0.5,0.5,0.0,0.0,0.0
2026-01-25 15:31:34,clusterA,20,4,1,3,0.25,0.5,0.5,0.0,0.0,0.0
2026-01-25 15:31:34,clusterB,20,4,4,0,1.00,0.5,0.5,0.0,0.0,0.0
2026-01-25 15:31:40,clusterA,20,4,1,3,0.25,0.5,0.5,0.0,0.0,0.0
2026-01-25 15:31:40,clusterB,20,4,4,0,1.00,0.5,0.5,0.0,0.0,0.0
2026-01-25 15:31:45,clusterA,20,4,1,3,0.25,0.5,0.5,0.0,0.0,0.0
2026-01-25 15:31:45,clusterB,20,4,4,0,1.00,0.5,0.5,0.0,0.0,0.0
2026-01-25 15:31:50,clusterA,20,4,1,3,0.25,0.5,0.5,0.0,0.0,0.0
2026-01-25 15:31:50,clusterB,20,4,4,0,1.00,0.5,0.5,0.0,0.0,0.0
2026-01-25 15:31:55,clusterA,20,4,1,3,0.25,0.5,0.5,0.0,0.0,0.0
2026-01-25 15:31:55,clusterB,20,4,4,0,1.00,0.5,0.5,0.0,0.0,0.0
2026-01-25 15:32:00,clusterA,20,4,1,3,0.25,0.5,0.5,0.0,0.0,0.0
2026-01-25 15:32:00,clusterB,20,4,4,0,1.00,0.5,0.5,0.0,0.0,0.0
2026-01-25 15:32:06,clusterA,20,4,1,3,0.25,0.5,0.5,0.0,0.0,0.0
2026-01-25 15:32:06,clusterB,20,4,4,0,1.00,0.5,0.5,0.0,0.0,0.0
2026-01-25 15:32:11,clusterA,20,4,1,3,0.25,0.5,0.5,0.0,0.0,0.0
2026-01-25 15:32:11,clusterB,20,4,4,0,1.00,0.5,0.5,0.0,0.0,0.0
2026-01-25 15:32:16,clusterA,20,4,1,3,0.25,0.5,0.5,0.0,0.0,0.0
2026-01-25 15:32:16,clusterB,20,4,4,0,1.00,0.5,0.5,0.0,0.0,0.0
2026-01-25 15:32:21,clusterA,20,4,1,3,0.25,0.5,0.5,0.0,0.0,0.0
2026-01-25 15:32:21,clusterB,20,4,4,0,1.00,0.5,0.5,0.0,0.0,0.0
2026-01-25 15:32:27,clusterA,20,4,1,3,0.25,0.5,0.5,0.0,0.0,0.0
2026-01-25 15:32:27,clusterB,20,4,4,0,1.00,0.5,0.5,0.0,0.0,0.0
2026-01-25 15:32:32,clusterA,20,4,1,3,0.25,0.5,0.5,0.0,0.0,0.0
2026-01-25 15:32:32,clusterB,20,4,4,0,1.00,0.5,0.5,0.0,0.0,0.0
2026-01-25 15:32:37,clusterA,20,4,1,3,0.25,0.5,0.5,0.0,0.0,0.0
2026-01-25 15:32:37,clusterB,20,4,4,0,1.00,0.5,0.5,0.0,0.0,0.0
2026-01-25 15:32:42,clusterA,20,4,1,3,0.25,0.5,0.5,0.0,0.0,0.0
2026-01-25 15:32:42,clusterB,20,4,4,0,1.00,0.5,0.5,0.0,0.0,0.0
2026-01-25 15:32:47,clusterA,20,4,1,3,0.25,0.5,0.5,0.0,0.0,0.0
2026-01-25 15:32:47,clusterB,20,4,4,0,1.00,0.5,0.5,0.0,0.0,0.0
2026-01-25 15:32:53,clusterA,20,4,1,3,0.25,0.5,0.5,0.0,0.0,0.0
2026-01-25 15:32:53,clusterB,20,4,4,0,1.00,0.5,0.5,0.0,0.0,0.0
2026-01-25 15:32:58,clusterA,20,4,1,3,0.25,0.5,0.5,0.0,0.0,0.0
2026-01-25 15:32:58,clusterB,20,4,4,0,1.00,0.5,0.5,0.0,0.0,0.0
2026-01-25 15:33:03,clusterA,20,4,1,3,0.25,0.5,0.5,0.0,0.0,0.0
2026-01-25 15:33:03,clusterB,20,4,4,0,1.00,0.5,0.5,0.0,0.0,0.0
2026-01-25 15:33:08,clusterA,20,4,1,3,0.25,0.5,0.5,0.0,0.0,0.0
2026-01-25 15:33:08,clusterB,20,4,4,0,1.00,0.5,0.5,0.0,0.0,0.0
2026-01-25 15:33:14,clusterA,20,4,1,3,0.25,0.5,0.5,0.0,0.0,0.0
2026-01-25 15:33:14,clusterB,20,4,4,0,1.00,0.5,0.5,0.0,0.0,0.0
2026-01-25 15:33:19,clusterA,20,4,1,3,0.25,0.5,0.5,0.0,0.0,0.0
2026-01-25 15:33:19,clusterB,20,4,4,0,1.00,0.5,0.5,0.0,0.0,0.0
2026-01-25 15:33:24,clusterA,20,4,1,3,0.25,0.5,0.5,0.0,0.0,0.0
2026-01-25 15:33:24,clusterB,20,4,4,0,1.00,0.5,0.5,0.0,0.0,0.0
2026-01-25 15:33:29,clusterA,20,4,1,3,0.25,0.5,0.5,0.0,0.0,0.0
2026-01-25 15:33:29,clusterB,20,4,4,0,1.00,0.5,0.5,0.0,0.0,0.0
2026-01-25 15:33:35,clusterA,20,4,1,3,0.25,0.5,0.5,0.0,0.0,0.0
2026-01-25 15:33:35,clusterB,20,4,4,0,1.00,0.5,0.5,0.0,0.0,0.0
2026-01-25 15:33:40,clusterA,20,4,1,3,0.25,0.5,0.5,0.0,0.0,0.0
2026-01-25 15:33:40,clusterB,20,4,4,0,1.00,0.5,0.5,0.0,0.0,0.0
2026-01-25 15:33:45,clusterA,20,4,1,3,0.25,0.5,0.5,0.0,0.0,0.0
2026-01-25 15:33:45,clusterB,20,4,4,0,1.00,0.5,0.5,0.0,0.0,0.0
2026-01-25 15:33:50,clusterA,20,4,1,3,0.25,0.5,0.5,0.0,0.0,0.0
2026-01-25 15:33:50,clusterB,20,4,4,0,1.00,0.5,0.5,0.0,0.0,0.0
2026-01-25 15:33:55,clusterA,20,4,1,3,0.25,0.5,0.5,0.0,0.0,0.0
2026-01-25 15:33:55,clusterB,20,4,4,0,1.00,0.5,0.5,0.0,0.0,0.0
2026-01-25 15:34:01,clusterA,20,4,1,3,0.25,0.5,0.5,0.0,0.0,0.0
2026-01-25 15:34:01,clusterB,20,4,4,0,1.00,0.5,0.5,0.0,0.0,0.0
2026-01-25 15:34:06,clusterA,20,4,1,3,0.25,0.5,0.5,0.0,0.0,0.0
2026-01-25 15:34:06,clusterB,20,4,4,0,1.00,0.5,0.5,0.0,0.0,0.0
2026-01-25 15:34:11,clusterA,20,4,1,3,0.25,0.5,0.5,0.0,0.0,0.0
2026-01-25 15:34:11,clusterB,20,4,4,0,1.00,0.5,0.5,0.0,0.0,0.0
2026-01-25 15:34:16,clusterA,20,4,1,3,0.25,0.5,0.5,0.0,0.0,0.0
2026-01-25 15:34:16,clusterB,20,4,4,0,1.00,0.5,0.5,0.0,0.0,0.0
2026-01-25 15:34:22,clusterA,20,4,1,3,0.25,0.5,0.5,0.0,0.0,0.0
2026-01-25 15:34:22,clusterB,20,4,4,0,1.00,0.5,0.5,0.0,0.0,0.0
2026-01-25 15:34:27,clusterA,20,4,1,3,0.25,0.5,0.5,0.0,0.0,0.0
2026-01-25 15:34:27,clusterB,20,4,4,0,1.00,0.5,0.5,0.0,0.0,0.0
2026-01-25 15:34:32,clusterA,20,4,1,3,0.25,0.5,0.5,0.0,0.0,0.0
2026-01-25 15:34:32,clusterB,20,4,4,0,1.00,0.5,0.5,0.0,0.0,0.0
2026-01-25 15:34:37,clusterA,20,4,1,3,0.25,0.5,0.5,0.0,0.0,0.0
2026-01-25 15:34:37,clusterB,20,4,4,0,1.00,0.5,0.5,0.0,0.0,0.0
2026-01-25 15:34:42,clusterA,20,4,1,3,0.25,0.5,0.5,0.0,0.0,0.0
2026-01-25 15:34:42,clusterB,20,4,4,0,1.00,0.5,0.5,0.0,0.0,0.0
2026-01-25 15:34:48,clusterA,20,4,1,3,0.25,0.5,0.5,0.0,0.0,0.0
2026-01-25 15:34:48,clusterB,20,4,4,0,1.00,0.5,0.5,0.0,0.0,0.0
2026-01-25 15:34:53,clusterA,20,4,1,3,0.25,0.5,0.5,0.0,0.0,0.0
2026-01-25 15:34:53,clusterB,20,4,4,0,1.00,0.5,0.5,0.0,0.0,0.0
2026-01-25 15:34:58,clusterA,20,4,1,3,0.25,0.5,0.5,0.0,0.0,0.0
2026-01-25 15:34:58,clusterB,20,4,4,0,1.00,0.5,0.5,0.0,0.0,0.0
2026-01-25 15:35:03,clusterA,20,4,1,3,0.25,0.5,0.5,0.0,0.0,0.0
2026-01-25 15:35:03,clusterB,20,4,4,0,1.00,0.5,0.5,0.0,0.0,0.0
2026-01-25 15:35:09,clusterA,20,4,1,3,0.25,0.5,0.5,0.0,0.0,0.0
2026-01-25 15:35:09,clusterB,20,4,4,0,1.00,0.5,0.5,0.0,0.0,0.0
2026-01-25 15:35:14,clusterA,20,4,1,3,0.25,0.5,0.5,0.0,0.0,0.0
2026-01-25 15:35:14,clusterB,20,4,4,0,1.00,0.5,0.5,0.0,0.0,0.0
2026-01-25 15:35:19,clusterA,20,4,1,3,0.25,0.5,0.5,0.0,0.0,0.0
2026-01-25 15:35:19,clusterB,20,4,4,0,1.00,0.5,0.5,0.0,0.0,0.0
2026-01-25 15:35:24,clusterA,20,4,1,3,0.25,0.5,0.5,0.0,0.0,0.0
2026-01-25 15:35:24,clusterB,20,4,4,0,1.00,0.5,0.5,0.0,0.0,0.0
2026-01-25 15:35:29,clusterA,20,4,1,3,0.25,0.5,0.5,0.0,0.0,0.0
2026-01-25 15:35:29,clusterB,20,4,4,0,1.00,0.5,0.5,0.0,0.0,0.0
2026-01-25 15:35:35,clusterA,20,4,1,3,0.25,0.5,0.5,0.0,0.0,0.0
2026-01-25 15:35:35,clusterB,20,4,4,0,1.00,0.5,0.5,0.0,0.0,0.0
2026-01-25 15:35:40,clusterA,20,4,1,3,0.25,0.5,0.5,0.0,0.0,0.0
2026-01-25 15:35:40,clusterB,20,4,4,0,1.00,0.5,0.5,0.0,0.0,0.0
2026-01-25 15:35:45,clusterA,20,4,1,3,0.25,0.5,0.5,0.0,0.0,0.0
2026-01-25 15:35:45,clusterB,20,4,4,0,1.00,0.5,0.5,0.0,0.0,0.0
2026-01-25 15:35:50,clusterA,20,4,1,3,0.25,0.5,0.5,0.0,0.0,0.0
2026-01-25 15:35:50,clusterB,20,4,4,0,1.00,0.5,0.5,0.0,0.0,0.0
2026-01-25 15:35:55,clusterA,20,4,1,3,0.25,0.5,0.5,0.0,0.0,0.0
2026-01-25 15:35:55,clusterB,20,4,4,0,1.00,0.5,0.5,0.0,0.0,0.0
2026-01-25 15:36:01,clusterA,20,4,1,3,0.25,0.5,0.5,0.0,0.0,0.0
2026-01-25 15:36:01,clusterB,20,4,4,0,1.00,0.5,0.5,0.0,0.0,0.0
2026-01-25 15:36:06,clusterA,20,4,1,3,0.25,0.5,0.5,0.0,0.0,0.0
2026-01-25 15:36:06,clusterB,20,4,4,0,1.00,0.5,0.5,0.0,0.0,0.0
2026-01-25 15:36:11,clusterA,20,4,1,3,0.25,0.5,0.5,0.0,0.0,0.0
2026-01-25 15:36:11,clusterB,20,4,4,0,1.00,0.5,0.5,0.0,0.0,0.0
2026-01-25 15:36:16,clusterA,20,4,1,3,0.25,0.5,0.5,0.0,0.0,0.0
2026-01-25 15:36:16,clusterB,20,4,4,0,1.00,0.5,0.5,0.0,0.0,0.0
2026-01-25 15:36:22,clusterA,20,4,1,3,0.25,0.5,0.5,0.0,0.0,0.0
2026-01-25 15:36:22,clusterB,20,4,4,0,1.00,0.5,0.5,0.0,0.0,0.0
2026-01-25 15:36:27,clusterA,20,4,1,3,0.25,0.5,0.5,0.0,0.0,0.0
2026-01-25 15:36:27,clusterB,20,4,4,0,1.00,0.5,0.5,0.0,0.0,0.0
2026-01-25 15:36:32,clusterA,20,4,1,3,0.25,0.5,0.5,0.0,0.0,0.0
2026-01-25 15:36:32,clusterB,20,4,4,0,1.00,0.5,0.5,0.0,0.0,0.0
2026-01-25 15:36:37,clusterA,20,4,1,3,0.25,0.5,0.5,0.0,0.0,0.0
2026-01-25 15:36:37,clusterB,20,4,4,0,1.00,0.5,0.5,0.0,0.0,0.0
2026-01-25 15:36:43,clusterA,20,4,1,3,0.25,0.5,0.5,0.0,0.0,0.0
2026-01-25 15:36:43,clusterB,20,4,4,0,1.00,0.5,0.5,0.0,0.0,0.0
2026-01-25 15:36:48,clusterA,20,4,1,3,0.25,0.5,0.5,0.0,0.0,0.0
2026-01-25 15:36:48,clusterB,20,4,4,0,1.00,0.5,0.5,0.0,0.0,0.0
2026-01-25 15:36:53,clusterA,20,4,1,3,0.25,0.5,0.5,0.0,0.0,0.0
2026-01-25 15:36:53,clusterB,20,4,4,0,1.00,0.5,0.5,0.0,0.0,0.0
2026-01-25 15:36:58,clusterA,20,4,1,3,0.25,0.5,0.5,0.0,0.0,0.0
2026-01-25 15:36:58,clusterB,20,4,4,0,1.00,0.5,0.5,0.0,0.0,0.0
2026-01-25 15:37:03,clusterA,20,4,1,3,0.25,0.5,0.5,0.0,0.0,0.0
2026-01-25 15:37:03,clusterB,20,4,4,0,1.00,0.5,0.5,0.0,0.0,0.0
2026-01-25 15:37:09,clusterA,20,4,1,3,0.25,0.5,0.5,0.0,0.0,0.0
2026-01-25 15:37:09,clusterB,20,4,4,0,1.00,0.5,0.5,0.0,0.0,0.0
2026-01-25 15:37:14,clusterA,20,4,1,3,0.25,0.5,0.5,0.0,0.0,0.0
2026-01-25 15:37:14,clusterB,20,4,4,0,1.00,0.5,0.5,0.0,0.0,0.0
2026-01-25 15:37:19,clusterA,20,4,1,3,0.25,0.5,0.5,0.0,0.0,0.0
2026-01-25 15:37:19,clusterB,20,4,4,0,1.00,0.5,0.5,0.0,0.0,0.0
2026-01-25 15:37:24,clusterA,20,4,1,3,0.25,0.5,0.5,0.0,0.0,0.0
2026-01-25 15:37:24,clusterB,20,4,4,0,1.00,0.5,0.5,0.0,0.0,0.0
2026-01-25 15:37:30,clusterA,20,4,1,3,0.25,0.5,0.5,0.0,0.0,0.0
2026-01-25 15:37:30,clusterB,20,4,4,0,1.00,0.5,0.5,0.0,0.0,0.0
2026-01-25 15:37:35,clusterA,20,4,1,3,0.25,0.5,0.5,0.0,0.0,0.0
2026-01-25 15:37:35,clusterB,20,4,4,0,1.00,0.5,0.5,0.0,0.0,0.0
2026-01-25 15:37:40,clusterA,20,4,1,3,0.25,0.5,0.5,0.0,0.0,0.0
2026-01-25 15:37:40,clusterB,20,4,4,0,1.00,0.5,0.5,0.0,0.0,0.0
2026-01-25 15:37:45,clusterA,20,4,1,3,0.25,0.5,0.5,0.0,0.0,0.0
2026-01-25 15:37:45,clusterB,20,4,4,0,1.00,0.5,0.5,0.0,0.0,0.0
2026-01-25 15:37:50,clusterA,20,4,1,3,0.25,0.5,0.5,0.0,0.0,0.0
2026-01-25 15:37:50,clusterB,20,4,4,0,1.00,0.5,0.5,0.0,0.0,0.0
2026-01-25 15:37:56,clusterA,20,4,1,3,0.25,0.5,0.5,0.0,0.0,0.0
2026-01-25 15:37:56,clusterB,20,4,4,0,1.00,0.5,0.5,0.0,0.0,0.0
2026-01-25 15:38:01,clusterA,20,4,1,3,0.25,0.5,0.5,0.0,0.0,0.0
2026-01-25 15:38:01,clusterB,20,4,4,0,1.00,0.5,0.5,0.0,0.0,0.0
2026-01-25 15:38:06,clusterA,20,4,1,3,0.25,0.5,0.5,0.0,0.0,0.0
2026-01-25 15:38:06,clusterB,20,4,4,0,1.00,0.5,0.5,0.0,0.0,0.0
2026-01-25 15:38:11,clusterA,20,4,1,3,0.25,0.5,0.5,0.0,0.0,0.0
2026-01-25 15:38:11,clusterB,20,4,4,0,1.00,0.5,0.5,0.0,0.0,0.0
2026-01-25 15:38:17,clusterA,20,4,1,3,0.25,0.5,0.5,0.0,0.0,0.0
2026-01-25 15:38:17,clusterB,20,4,4,0,1.00,0.5,0.5,0.0,0.0,0.0
2026-01-25 15:38:22,clusterA,20,4,1,3,0.25,0.5,0.5,0.0,0.0,0.0
2026-01-25 15:38:22,clusterB,20,4,4,0,1.00,0.5,0.5,0.0,0.0,0.0
2026-01-25 15:38:27,clusterA,20,4,1,3,0.25,0.5,0.5,0.0,0.0,0.0
2026-01-25 15:38:27,clusterB,20,4,4,0,1.00,0.5,0.5,0.0,0.0,0.0
2026-01-25 15:38:32,clusterA,20,4,1,3,0.25,0.5,0.5,0.0,0.0,0.0
2026-01-25 15:38:32,clusterB,20,4,4,0,1.00,0.5,0.5,0.0,0.0,0.0
2026-01-25 15:38:37,clusterA,20,4,1,3,0.25,0.5,0.5,0.0,0.0,0.0
2026-01-25 15:38:37,clusterB,20,4,4,0,1.00,0.5,0.5,0.0,0.0,0.0
2026-01-25 15:38:43,clusterA,20,4,1,3,0.25,0.5,0.5,0.0,0.0,0.0
2026-01-25 15:38:43,clusterB,20,4,4,0,1.00,0.5,0.5,0.0,0.0,0.0
2026-01-25 15:38:48,clusterA,20,4,1,3,0.25,0.5,0.5,0.0,0.0,0.0
2026-01-25 15:38:48,clusterB,20,4,4,0,1.00,0.5,0.5,0.0,0.0,0.0
2026-01-25 15:38:53,clusterA,20,4,1,3,0.25,0.5,0.5,0.0,0.0,0.0
2026-01-25 15:38:53,clusterB,20,4,4,0,1.00,0.5,0.5,0.0,0.0,0.0
2026-01-25 15:38:58,clusterA,20,4,1,3,0.25,0.5,0.5,0.0,0.0,0.0
2026-01-25 15:38:58,clusterB,20,4,4,0,1.00,0.5,0.5,0.0,0.0,0.0
2026-01-25 15:39:04,clusterA,20,4,1,3,0.25,0.5,0.5,0.0,0.0,0.0
2026-01-25 15:39:04,clusterB,20,4,4,0,1.00,0.5,0.5,0.0,0.0,0.0
2026-01-25 15:39:09,clusterA,20,4,1,3,0.25,0.5,0.5,0.0,0.0,0.0
2026-01-25 15:39:09,clusterB,20,4,4,0,1.00,0.5,0.5,0.0,0.0,0.0
2026-01-25 15:39:14,clusterA,20,4,1,3,0.25,0.5,0.5,0.0,0.0,0.0
2026-01-25 15:39:14,clusterB,20,4,4,0,1.00,0.5,0.5,0.0,0.0,0.0
2026-01-25 15:39:19,clusterA,20,4,1,3,0.25,0.5,0.5,0.0,0.0,0.0
2026-01-25 15:39:19,clusterB,20,4,4,0,1.00,0.5,0.5,0.0,0.0,0.0
2026-01-25 15:39:24,clusterA,20,4,1,3,0.25,0.5,0.5,0.0,0.0,0.0
2026-01-25 15:39:24,clusterB,20,4,4,0,1.00,0.5,0.5,0.0,0.0,0.0
2026-01-25 15:39:30,clusterA,20,4,1,3,0.25,0.5,0.5,0.0,0.0,0.0
2026-01-25 15:39:30,clusterB,20,4,4,0,1.00,0.5,0.5,0.0,0.0,0.0
2026-01-25 15:39:35,clusterA,20,4,1,3,0.25,0.5,0.5,0.0,0.0,0.0
2026-01-25 15:39:35,clusterB,20,4,4,0,1.00,0.5,0.5,0.0,0.0,0.0
2026-01-25 15:39:40,clusterA,20,4,1,3,0.25,0.5,0.5,0.0,0.0,0.0
2026-01-25 15:39:40,clusterB,20,4,4,0,1.00,0.5,0.5,0.0,0.0,0.0
2026-01-25 15:39:45,clusterA,20,4,1,3,0.25,0.5,0.5,0.0,0.0,0.0
2026-01-25 15:39:45,clusterB,20,4,4,0,1.00,0.5,0.5,0.0,0.0,0.0
2026-01-25 15:39:50,clusterA,20,4,1,3,0.25,0.5,0.5,0.0,0.0,0.0
2026-01-25 15:39:50,clusterB,20,4,4,0,1.00,0.5,0.5,0.0,0.0,0.0
2026-01-25 15:39:56,clusterA,20,4,1,3,0.25,0.5,0.5,0.0,0.0,0.0
2026-01-25 15:39:56,clusterB,20,4,4,0,1.00,0.5,0.5,0.0,0.0,0.0
2026-01-25 15:40:01,clusterA,20,4,1,3,0.25,0.5,0.5,0.0,0.0,0.0
2026-01-25 15:40:01,clusterB,20,4,4,0,1.00,0.5,0.5,0.0,0.0,0.0
2026-01-25 15:40:06,clusterA,20,4,1,3,0.25,0.5,0.5,0.0,0.0,0.0
2026-01-25 15:40:06,clusterB,20,4,4,0,1.00,0.5,0.5,0.0,0.0,0.0
2026-01-25 15:40:11,clusterA,20,4,1,3,0.25,0.5,0.5,0.0,0.0,0.0
2026-01-25 15:40:11,clusterB,20,4,4,0,1.00,0.5,0.5,0.0,0.0,0.0
2026-01-25 15:40:17,clusterA,20,4,1,3,0.25,0.5,0.5,0.0,0.0,0.0
2026-01-25 15:40:17,clusterB,20,4,4,0,1.00,0.5,0.5,0.0,0.0,0.0
2026-01-25 15:40:22,clusterA,20,4,1,3,0.25,0.5,0.5,0.0,0.0,0.0
2026-01-25 15:40:22,clusterB,20,4,4,0,1.00,0.5,0.5,0.0,0.0,0.0
2026-01-25 15:40:27,clusterA,20,4,1,3,0.25,0.5,0.5,0.0,0.0,0.0
2026-01-25 15:40:27,clusterB,20,4,4,0,1.00,0.5,0.5,0.0,0.0,0.0
2026-01-25 15:40:32,clusterA,20,4,1,3,0.25,0.5,0.5,0.0,0.0,0.0
2026-01-25 15:40:32,clusterB,20,4,4,0,1.00,0.5,0.5,0.0,0.0,0.0
2026-01-25 15:40:38,clusterA,20,4,1,3,0.25,0.5,0.5,0.0,0.0,0.0
2026-01-25 15:40:38,clusterB,20,4,4,0,1.00,0.5,0.5,0.0,0.0,0.0
2026-01-25 15:40:43,clusterA,20,4,1,3,0.25,0.5,0.5,0.0,0.0,0.0
2026-01-25 15:40:43,clusterB,20,4,4,0,1.00,0.5,0.5,0.0,0.0,0.0
2026-01-25 15:40:48,clusterA,20,4,1,3,0.25,0.5,0.5,0.0,0.0,0.0
2026-01-25 15:40:48,clusterB,20,4,4,0,1.00,0.5,0.5,0.0,0.0,0.0
2026-01-25 15:40:53,clusterA,20,4,1,3,0.25,0.5,0.5,0.0,0.0,0.0
2026-01-25 15:40:53,clusterB,20,4,4,0,1.00,0.5,0.5,0.0,0.0,0.0
2026-01-25 15:40:58,clusterA,20,4,1,3,0.25,0.5,0.5,0.0,0.0,0.0
2026-01-25 15:40:58,clusterB,20,4,4,0,1.00,0.5,0.5,0.0,0.0,0.0
2026-01-25 15:41:04,clusterA,20,4,1,3,0.25,0.5,0.5,0.0,0.0,0.0
2026-01-25 15:41:04,clusterB,20,4,4,0,1.00,0.5,0.5,0.0,0.0,0.0
2026-01-25 15:41:09,clusterA,20,4,1,3,0.25,0.5,0.5,0.0,0.0,0.0
2026-01-25 15:41:09,clusterB,20,4,4,0,1.00,0.5,0.5,0.0,0.0,0.0
2026-01-25 15:41:14,clusterA,20,4,1,3,0.25,0.5,0.5,0.0,0.0,0.0
2026-01-25 15:41:14,clusterB,20,4,4,0,1.00,0.5,0.5,0.0,0.0,0.0
2026-01-25 15:41:19,clusterA,20,4,1,3,0.25,0.5,0.5,0.0,0.0,0.0
2026-01-25 15:41:19,clusterB,20,4,4,0,1.00,0.5,0.5,0.0,0.0,0.0
2026-01-25 15:41:24,clusterA,20,4,1,3,0.25,0.5,0.5,0.0,0.0,0.0
2026-01-25 15:41:24,clusterB,20,4,4,0,1.00,0.5,0.5,0.0,0.0,0.0
2026-01-25 15:41:30,clusterA,20,4,1,3,0.25,0.5,0.5,0.0,0.0,0.0
2026-01-25 15:41:30,clusterB,20,4,4,0,1.00,0.5,0.5,0.0,0.0,0.0
2026-01-25 15:41:35,clusterA,20,4,1,3,0.25,0.5,0.5,0.0,0.0,0.0
2026-01-25 15:41:35,clusterB,20,4,4,0,1.00,0.5,0.5,0.0,0.0,0.0
2026-01-25 15:41:40,clusterA,20,4,1,3,0.25,0.5,0.5,0.0,0.0,0.0
2026-01-25 15:41:40,clusterB,20,4,4,0,1.00,0.5,0.5,0.0,0.0,0.0
2026-01-25 15:41:45,clusterA,20,4,1,3,0.25,0.5,0.5,0.0,0.0,0.0
2026-01-25 15:41:45,clusterB,20,4,4,0,1.00,0.5,0.5,0.0,0.0,0.0
2026-01-25 15:41:51,clusterA,20,4,1,3,0.25,0.5,0.5,0.0,0.0,0.0
2026-01-25 15:41:51,clusterB,20,4,4,0,1.00,0.5,0.5,0.0,0.0,0.0
2026-01-25 15:41:56,clusterA,20,4,1,3,0.25,0.5,0.5,0.0,0.0,0.0
2026-01-25 15:41:56,clusterB,20,4,4,0,1.00,0.5,0.5,0.0,0.0,0.0
2026-01-25 15:42:01,clusterA,20,4,1,3,0.25,0.5,0.5,0.0,0.0,0.0
2026-01-25 15:42:01,clusterB,20,4,4,0,1.00,0.5,0.5,0.0,0.0,0.0
2026-01-25 15:42:06,clusterA,20,4,1,3,0.25,0.5,0.5,0.0,0.0,0.0
2026-01-25 15:42:06,clusterB,20,4,4,0,1.00,0.5,0.5,0.0,0.0,0.0
2026-01-25 15:42:11,clusterA,20,4,1,3,0.25,0.5,0.5,0.0,0.0,0.0
2026-01-25 15:42:11,clusterB,20,4,4,0,1.00,0.5,0.5,0.0,0.0,0.0
2026-01-25 15:42:17,clusterA,20,4,1,3,0.25,0.5,0.5,0.0,0.0,0.0
2026-01-25 15:42:17,clusterB,20,4,4,0,1.00,0.5,0.5,0.0,0.0,0.0
2026-01-25 15:42:22,clusterA,20,4,1,3,0.25,0.5,0.5,0.0,0.0,0.0
2026-01-25 15:42:22,clusterB,20,4,4,0,1.00,0.5,0.5,0.0,0.0,0.0
2026-01-25 15:42:27,clusterA,20,4,1,3,0.25,0.5,0.5,0.0,0.0,0.0
2026-01-25 15:42:27,clusterB,20,4,4,0,1.00,0.5,0.5,0.0,0.0,0.0
2026-01-25 15:42:32,clusterA,20,4,1,3,0.25,0.5,0.5,0.0,0.0,0.0
2026-01-25 15:42:32,clusterB,20,4,4,0,1.00,0.5,0.5,0.0,0.0,0.0
2026-01-25 15:42:38,clusterA,20,4,1,3,0.25,0.5,0.5,0.0,0.0,0.0
2026-01-25 15:42:38,clusterB,20,4,4,0,1.00,0.5,0.5,0.0,0.0,0.0
2026-01-25 15:42:43,clusterA,20,4,1,3,0.25,0.5,0.5,0.0,0.0,0.0
2026-01-25 15:42:43,clusterB,20,4,4,0,1.00,0.5,0.5,0.0,0.0,0.0
2026-01-25 15:42:48,clusterA,20,4,1,3,0.25,0.5,0.5,0.0,0.0,0.0
2026-01-25 15:42:48,clusterB,20,4,4,0,1.00,0.5,0.5,0.0,0.0,0.0
2026-01-25 15:42:53,clusterA,20,4,1,3,0.25,0.5,0.5,0.0,0.0,0.0
2026-01-25 15:42:53,clusterB,20,4,4,0,1.00,0.5,0.5,0.0,0.0,0.0
2026-01-25 15:42:58,clusterA,20,4,1,3,0.25,0.5,0.5,0.0,0.0,0.0
2026-01-25 15:42:58,clusterB,20,4,4,0,1.00,0.5,0.5,0.0,0.0,0.0
2026-01-25 15:43:04,clusterA,20,4,1,3,0.25,0.5,0.5,0.0,0.0,0.0
2026-01-25 15:43:04,clusterB,20,4,4,0,1.00,0.5,0.5,0.0,0.0,0.0
2026-01-25 15:43:09,clusterA,20,4,1,3,0.25,0.5,0.5,0.0,0.0,0.0
2026-01-25 15:43:09,clusterB,20,4,4,0,1.00,0.5,0.5,0.0,0.0,0.0
2026-01-25 15:43:14,clusterA,20,4,1,3,0.25,0.5,0.5,0.0,0.0,0.0
2026-01-25 15:43:14,clusterB,20,4,4,0,1.00,0.5,0.5,0.0,0.0,0.0
2026-01-25 15:43:19,clusterA,20,4,1,3,0.25,0.5,0.5,0.0,0.0,0.0
2026-01-25 15:43:19,clusterB,20,4,4,0,1.00,0.5,0.5,0.0,0.0,0.0
2026-01-25 15:43:25,clusterA,20,4,1,3,0.25,0.5,0.5,0.0,0.0,0.0
2026-01-25 15:43:25,clusterB,20,4,4,0,1.00,0.5,0.5,0.0,0.0,0.0
2026-01-25 15:43:30,clusterA,20,4,1,3,0.25,0.5,0.5,0.0,0.0,0.0
2026-01-25 15:43:30,clusterB,20,4,4,0,1.00,0.5,0.5,0.0,0.0,0.0
2026-01-25 15:43:35,clusterA,20,4,1,3,0.25,0.5,0.5,0.0,0.0,0.0
2026-01-25 15:43:35,clusterB,20,4,4,0,1.00,0.5,0.5,0.0,0.0,0.0
2026-01-25 15:43:40,clusterA,20,4,1,3,0.25,0.5,0.5,0.0,0.0,0.0
2026-01-25 15:43:40,clusterB,20,4,4,0,1.00,0.5,0.5,0.0,0.0,0.0
2026-01-25 15:43:46,clusterA,20,4,1,3,0.25,0.5,0.5,0.0,0.0,0.0
2026-01-25 15:43:46,clusterB,20,4,4,0,1.00,0.5,0.5,0.0,0.0,0.0
2026-01-25 15:43:51,clusterA,20,4,1,3,0.25,0.5,0.5,0.0,0.0,0.0
2026-01-25 15:43:51,clusterB,20,4,4,0,1.00,0.5,0.5,0.0,0.0,0.0
2026-01-25 15:43:56,clusterA,20,4,1,3,0.25,0.5,0.5,0.0,0.0,0.0
2026-01-25 15:43:56,clusterB,20,4,4,0,1.00,0.5,0.5,0.0,0.0,0.0
2026-01-25 15:44:01,clusterA,20,4,1,3,0.25,0.5,0.5,0.0,0.0,0.0
2026-01-25 15:44:01,clusterB,20,4,4,0,1.00,0.5,0.5,0.0,0.0,0.0
2026-01-25 15:44:06,clusterA,20,4,1,3,0.25,0.5,0.5,0.0,0.0,0.0
2026-01-25 15:44:06,clusterB,20,4,4,0,1.00,0.5,0.5,0.0,0.0,0.0
2026-01-25 15:44:12,clusterA,20,4,1,3,0.25,0.5,0.5,0.0,0.0,0.0
2026-01-25 15:44:12,clusterB,20,4,4,0,1.00,0.5,0.5,0.0,0.0,0.0
2026-01-25 15:44:17,clusterA,20,4,1,3,0.25,0.5,0.5,0.0,0.0,0.0
2026-01-25 15:44:17,clusterB,20,4,4,0,1.00,0.5,0.5,0.0,0.0,0.0
2026-01-25 15:44:22,clusterA,20,4,1,3,0.25,0.5,0.5,0.0,0.0,0.0
2026-01-25 15:44:22,clusterB,20,4,4,0,1.00,0.5,0.5,0.0,0.0,0.0
2026-01-25 15:44:27,clusterA,20,4,1,3,0.25,0.5,0.5,0.0,0.0,0.0
2026-01-25 15:44:27,clusterB,20,4,4,0,1.00,0.5,0.5,0.0,0.0,0.0
2026-01-25 15:44:33,clusterA,20,4,1,3,0.25,0.5,0.5,0.0,0.0,0.0
2026-01-25 15:44:33,clusterB,20,4,4,0,1.00,0.5,0.5,0.0,0.0,0.0
2026-01-25 15:44:38,clusterA,20,4,1,3,0.25,0.5,0.5,0.0,0.0,0.0
2026-01-25 15:44:38,clusterB,20,4,4,0,1.00,0.5,0.5,0.0,0.0,0.0
2026-01-25 15:44:43,clusterA,20,4,1,3,0.25,0.5,0.5,0.0,0.0,0.0
2026-01-25 15:44:43,clusterB,20,4,4,0,1.00,0.5,0.5,0.0,0.0,0.0
2026-01-25 15:44:48,clusterA,20,4,1,3,0.25,0.5,0.5,0.0,0.0,0.0
2026-01-25 15:44:48,clusterB,20,4,4,0,1.00,0.5,0.5,0.0,0.0,0.0
2026-01-25 15:44:53,clusterA,20,4,1,3,0.25,0.5,0.5,0.0,0.0,0.0
2026-01-25 15:44:53,clusterB,20,4,4,0,1.00,0.5,0.5,0.0,0.0,0.0
2026-01-25 15:44:59,clusterA,20,4,1,3,0.25,0.5,0.5,0.0,0.0,0.0
2026-01-25 15:44:59,clusterB,20,4,4,0,1.00,0.5,0.5,0.0,0.0,0.0
2026-01-25 15:45:04,clusterA,20,4,1,3,0.25,0.5,0.5,0.0,0.0,0.0
2026-01-25 15:45:04,clusterB,20,4,4,0,1.00,0.5,0.5,0.0,0.0,0.0
2026-01-25 15:45:09,clusterA,20,4,1,3,0.25,0.5,0.5,0.0,0.0,0.0
2026-01-25 15:45:09,clusterB,20,4,4,0,1.00,0.5,0.5,0.0,0.0,0.0
2026-01-25 15:45:14,clusterA,20,4,1,3,0.25,0.5,0.5,0.0,0.0,0.0
2026-01-25 15:45:14,clusterB,20,4,4,0,1.00,0.5,0.5,0.0,0.0,0.0
2026-01-25 15:45:20,clusterA,20,4,1,3,0.25,0.5,0.5,0.0,0.0,0.0
2026-01-25 15:45:20,clusterB,20,4,4,0,1.00,0.5,0.5,0.0,0.0,0.0
2026-01-25 15:45:25,clusterA,20,4,1,3,0.25,0.5,0.5,0.0,0.0,0.0
2026-01-25 15:45:25,clusterB,20,4,4,0,1.00,0.5,0.5,0.0,0.0,0.0
2026-01-25 15:45:30,clusterA,20,4,1,3,0.25,0.5,0.5,0.0,0.0,0.0
2026-01-25 15:45:30,clusterB,20,4,4,0,1.00,0.5,0.5,0.0,0.0,0.0
2026-01-25 15:45:35,clusterA,20,4,1,3,0.25,0.5,0.5,0.0,0.0,0.0
2026-01-25 15:45:35,clusterB,20,4,4,0,1.00,0.5,0.5,0.0,0.0,0.0
2026-01-25 15:45:40,clusterA,20,4,1,3,0.25,0.5,0.5,0.0,0.0,0.0
2026-01-25 15:45:40,clusterB,20,4,4,0,1.00,0.5,0.5,0.0,0.0,0.0
2026-01-25 15:45:46,clusterA,20,4,1,3,0.25,0.5,0.5,0.0,0.0,0.0
2026-01-25 15:45:46,clusterB,20,4,4,0,1.00,0.5,0.5,0.0,0.0,0.0
2026-01-25 15:45:51,clusterA,20,4,1,3,0.25,0.5,0.5,0.0,0.0,0.0
2026-01-25 15:45:51,clusterB,20,4,4,0,1.00,0.5,0.5,0.0,0.0,0.0
2026-01-25 15:45:56,clusterA,20,4,1,3,0.25,0.5,0.5,0.0,0.0,0.0
2026-01-25 15:45:56,clusterB,20,4,4,0,1.00,0.5,0.5,0.0,0.0,0.0
2026-01-25 15:46:01,clusterA,20,4,1,3,0.25,0.5,0.5,0.0,0.0,0.0
2026-01-25 15:46:01,clusterB,20,4,4,0,1.00,0.5,0.5,0.0,0.0,0.0
2026-01-25 15:46:06,clusterA,20,4,1,3,0.25,0.5,0.5,0.0,0.0,0.0
2026-01-25 15:46:06,clusterB,20,4,4,0,1.00,0.5,0.5,0.0,0.0,0.0
2026-01-25 15:46:12,clusterA,20,4,1,3,0.25,0.5,0.5,0.0,0.0,0.0
2026-01-25 15:46:12,clusterB,20,4,4,0,1.00,0.5,0.5,0.0,0.0,0.0
2026-01-25 15:46:17,clusterA,20,4,1,3,0.25,0.5,0.5,0.0,0.0,0.0
2026-01-25 15:46:17,clusterB,20,4,4,0,1.00,0.5,0.5,0.0,0.0,0.0
2026-01-25 15:46:22,clusterA,20,4,1,3,0.25,0.5,0.5,0.0,0.0,0.0
2026-01-25 15:46:22,clusterB,20,4,4,0,1.00,0.5,0.5,0.0,0.0,0.0
2026-01-25 15:46:27,clusterA,20,4,1,3,0.25,0.5,0.5,0.0,0.0,0.0
2026-01-25 15:46:27,clusterB,20,4,4,0,1.00,0.5,0.5,0.0,0.0,0.0
2026-01-25 15:46:33,clusterA,20,4,1,3,0.25,0.5,0.5,0.0,0.0,0.0
2026-01-25 15:46:33,clusterB,20,4,4,0,1.00,0.5,0.5,0.0,0.0,0.0
2026-01-25 15:46:38,clusterA,20,4,1,3,0.25,0.5,0.5,0.0,0.0,0.0
2026-01-25 15:46:38,clusterB,20,4,4,0,1.00,0.5,0.5,0.0,0.0,0.0
2026-01-25 15:46:43,clusterA,20,4,1,3,0.25,0.5,0.5,0.0,0.0,0.0
2026-01-25 15:46:43,clusterB,20,4,4,0,1.00,0.5,0.5,0.0,0.0,0.0
2026-01-25 15:46:48,clusterA,20,4,1,3,0.25,0.5,0.5,0.0,0.0,0.0
2026-01-25 15:46:48,clusterB,20,4,4,0,1.00,0.5,0.5,0.0,0.0,0.0
2026-01-25 15:46:53,clusterA,20,4,1,3,0.25,0.5,0.5,0.0,0.0,0.0
2026-01-25 15:46:53,clusterB,20,4,4,0,1.00,0.5,0.5,0.0,0.0,0.0
2026-01-25 15:46:59,clusterA,20,4,1,3,0.25,0.5,0.5,0.0,0.0,0.0
2026-01-25 15:46:59,clusterB,20,4,4,0,1.00,0.5,0.5,0.0,0.0,0.0
2026-01-25 15:47:04,clusterA,20,4,1,3,0.25,0.5,0.5,0.0,0.0,0.0
2026-01-25 15:47:04,clusterB,20,4,4,0,1.00,0.5,0.5,0.0,0.0,0.0
2026-01-25 15:47:09,clusterA,20,4,1,3,0.25,0.5,0.5,0.0,0.0,0.0
2026-01-25 15:47:09,clusterB,20,4,4,0,1.00,0.5,0.5,0.0,0.0,0.0
2026-01-25 15:47:14,clusterA,20,4,1,3,0.25,0.5,0.5,0.0,0.0,0.0
2026-01-25 15:47:14,clusterB,20,4,4,0,1.00,0.5,0.5,0.0,0.0,0.0
2026-01-25 15:47:20,clusterA,20,4,1,3,0.25,0.5,0.5,0.0,0.0,0.0
2026-01-25 15:47:20,clusterB,20,4,4,0,1.00,0.5,0.5,0.0,0.0,0.0
2026-01-25 15:47:25,clusterA,20,4,1,3,0.25,0.5,0.5,0.0,0.0,0.0
2026-01-25 15:47:25,clusterB,20,4,4,0,1.00,0.5,0.5,0.0,0.0,0.0
2026-01-25 15:47:30,clusterA,20,4,1,3,0.25,0.5,0.5,0.0,0.0,0.0
2026-01-25 15:47:30,clusterB,20,4,4,0,1.00,0.5,0.5,0.0,0.0,0.0
2026-01-25 15:47:35,clusterA,20,4,1,3,0.25,0.5,0.5,0.0,0.0,0.0
2026-01-25 15:47:35,clusterB,20,4,4,0,1.00,0.5,0.5,0.0,0.0,0.0
2026-01-25 15:47:40,clusterA,20,4,1,3,0.25,0.5,0.5,0.0,0.0,0.0
2026-01-25 15:47:40,clusterB,20,4,4,0,1.00,0.5,0.5,0.0,0.0,0.0
2026-01-25 15:47:46,clusterA,20,4,1,3,0.25,0.5,0.5,0.0,0.0,0.0
2026-01-25 15:47:46,clusterB,20,4,4,0,1.00,0.5,0.5,0.0,0.0,0.0
2026-01-25 15:47:51,clusterA,20,4,1,3,0.25,0.5,0.5,0.0,0.0,0.0
2026-01-25 15:47:51,clusterB,20,4,4,0,1.00,0.5,0.5,0.0,0.0,0.0
2026-01-25 15:47:56,clusterA,20,4,1,3,0.25,0.5,0.5,0.0,0.0,0.0
2026-01-25 15:47:56,clusterB,20,4,4,0,1.00,0.5,0.5,0.0,0.0,0.0
2026-01-25 15:48:01,clusterA,20,4,1,3,0.25,0.5,0.5,0.0,0.0,0.0
2026-01-25 15:48:01,clusterB,20,4,4,0,1.00,0.5,0.5,0.0,0.0,0.0
2026-01-25 15:48:07,clusterA,20,4,1,3,0.25,0.5,0.5,0.0,0.0,0.0
2026-01-25 15:48:07,clusterB,20,4,4,0,1.00,0.5,0.5,0.0,0.0,0.0
2026-01-25 15:48:12,clusterA,20,4,1,3,0.25,0.5,0.5,0.0,0.0,0.0
2026-01-25 15:48:12,clusterB,20,4,4,0,1.00,0.5,0.5,0.0,0.0,0.0
2026-01-25 15:48:17,clusterA,20,4,1,3,0.25,0.5,0.5,0.0,0.0,0.0
2026-01-25 15:48:17,clusterB,20,4,4,0,1.00,0.5,0.5,0.0,0.0,0.0
2026-01-25 15:48:22,clusterA,20,4,1,3,0.25,0.5,0.5,0.0,0.0,0.0
2026-01-25 15:48:22,clusterB,20,4,4,0,1.00,0.5,0.5,0.0,0.0,0.0
2026-01-25 15:48:27,clusterA,20,4,1,3,0.25,0.5,0.5,0.0,0.0,0.0
2026-01-25 15:48:27,clusterB,20,4,4,0,1.00,0.5,0.5,0.0,0.0,0.0
2026-01-25 15:48:33,clusterA,20,4,1,3,0.25,0.5,0.5,0.0,0.0,0.0
2026-01-25 15:48:33,clusterB,20,4,4,0,1.00,0.5,0.5,0.0,0.0,0.0
2026-01-25 15:48:38,clusterA,20,4,1,3,0.25,0.5,0.5,0.0,0.0,0.0
2026-01-25 15:48:38,clusterB,20,4,4,0,1.00,0.5,0.5,0.0,0.0,0.0
2026-01-25 15:48:43,clusterA,20,4,1,3,0.25,0.5,0.5,0.0,0.0,0.0
2026-01-25 15:48:43,clusterB,20,4,4,0,1.00,0.5,0.5,0.0,0.0,0.0
2026-01-25 15:48:48,clusterA,20,4,1,3,0.25,0.5,0.5,0.0,0.0,0.0
2026-01-25 15:48:48,clusterB,20,4,4,0,1.00,0.5,0.5,0.0,0.0,0.0
2026-01-25 15:48:53,clusterA,20,4,1,3,0.25,0.5,0.5,0.0,0.0,0.0
2026-01-25 15:48:53,clusterB,20,4,4,0,1.00,0.5,0.5,0.0,0.0,0.0
2026-01-25 15:48:59,clusterA,20,4,1,3,0.25,0.5,0.5,0.0,0.0,0.0
2026-01-25 15:48:59,clusterB,20,4,4,0,1.00,0.5,0.5,0.0,0.0,0.0
2026-01-25 15:49:04,clusterA,20,4,1,3,0.25,0.5,0.5,0.0,0.0,0.0
2026-01-25 15:49:04,clusterB,20,4,4,0,1.00,0.5,0.5,0.0,0.0,0.0
2026-01-25 15:49:09,clusterA,20,4,1,3,0.25,0.5,0.5,0.0,0.0,0.0
2026-01-25 15:49:09,clusterB,20,4,4,0,1.00,0.5,0.5,0.0,0.0,0.0
2026-01-25 15:49:14,clusterA,20,4,1,3,0.25,0.5,0.5,0.0,0.0,0.0
2026-01-25 15:49:14,clusterB,20,4,4,0,1.00,0.5,0.5,0.0,0.0,0.0
2026-01-25 15:49:20,clusterA,20,4,1,3,0.25,0.5,0.5,0.0,0.0,0.0
2026-01-25 15:49:20,clusterB,20,4,4,0,1.00,0.5,0.5,0.0,0.0,0.0
2026-01-25 15:49:25,clusterA,20,4,1,3,0.25,0.5,0.5,0.0,0.0,0.0
2026-01-25 15:49:25,clusterB,20,4,4,0,1.00,0.5,0.5,0.0,0.0,0.0
2026-01-25 15:49:30,clusterA,20,4,1,3,0.25,0.5,0.5,0.0,0.0,0.0
2026-01-25 15:49:30,clusterB,20,4,4,0,1.00,0.5,0.5,0.0,0.0,0.0
2026-01-25 15:49:35,clusterA,20,4,1,3,0.25,0.5,0.5,0.0,0.0,0.0
2026-01-25 15:49:35,clusterB,20,4,4,0,1.00,0.5,0.5,0.0,0.0,0.0
2026-01-25 15:49:40,clusterA,20,4,1,3,0.25,0.5,0.5,0.0,0.0,0.0
2026-01-25 15:49:40,clusterB,20,4,4,0,1.00,0.5,0.5,0.0,0.0,0.0
2026-01-25 15:49:46,clusterA,20,4,1,3,0.25,0.5,0.5,0.0,0.0,0.0
2026-01-25 15:49:46,clusterB,20,4,4,0,1.00,0.5,0.5,0.0,0.0,0.0
2026-01-25 15:49:51,clusterA,20,4,1,3,0.25,0.5,0.5,0.0,0.0,0.0
2026-01-25 15:49:51,clusterB,20,4,4,0,1.00,0.5,0.5,0.0,0.0,0.0
2026-01-25 15:49:56,clusterA,20,4,1,3,0.25,0.5,0.5,0.0,0.0,0.0
2026-01-25 15:49:56,clusterB,20,4,4,0,1.00,0.5,0.5,0.0,0.0,0.0
2026-01-25 15:50:01,clusterA,20,4,1,3,0.25,0.5,0.5,0.0,0.0,0.0
2026-01-25 15:50:01,clusterB,20,4,4,0,1.00,0.5,0.5,0.0,0.0,0.0
2026-01-25 15:50:07,clusterA,20,4,1,3,0.25,0.5,0.5,0.0,0.0,0.0
2026-01-25 15:50:07,clusterB,20,4,4,0,1.00,0.5,0.5,0.0,0.0,0.0
2026-01-25 15:50:12,clusterA,20,4,1,3,0.25,0.5,0.5,0.0,0.0,0.0
2026-01-25 15:50:12,clusterB,20,4,4,0,1.00,0.5,0.5,0.0,0.0,0.0
2026-01-25 15:50:17,clusterA,20,4,1,3,0.25,0.5,0.5,0.0,0.0,0.0
2026-01-25 15:50:17,clusterB,20,4,4,0,1.00,0.5,0.5,0.0,0.0,0.0
2026-01-25 15:50:22,clusterA,20,4,1,3,0.25,0.5,0.5,0.0,0.0,0.0
2026-01-25 15:50:22,clusterB,20,4,4,0,1.00,0.5,0.5,0.0,0.0,0.0
2026-01-25 15:50:28,clusterA,20,4,1,3,0.25,0.5,0.5,0.0,0.0,0.0
2026-01-25 15:50:28,clusterB,20,4,4,0,1.00,0.5,0.5,0.0,0.0,0.0
2026-01-25 15:50:33,clusterA,20,4,1,3,0.25,0.5,0.5,0.0,0.0,0.0
2026-01-25 15:50:33,clusterB,20,4,4,0,1.00,0.5,0.5,0.0,0.0,0.0
2026-01-25 15:50:38,clusterA,20,4,1,3,0.25,0.5,0.5,0.0,0.0,0.0
2026-01-25 15:50:38,clusterB,20,4,4,0,1.00,0.5,0.5,0.0,0.0,0.0
2026-01-25 15:50:43,clusterA,20,4,1,3,0.25,0.5,0.5,0.0,0.0,0.0
2026-01-25 15:50:43,clusterB,20,4,4,0,1.00,0.5,0.5,0.0,0.0,0.0
2026-01-25 15:50:48,clusterA,20,4,1,3,0.25,0.5,0.5,0.0,0.0,0.0
2026-01-25 15:50:48,clusterB,20,4,4,0,1.00,0.5,0.5,0.0,0.0,0.0
2026-01-25 15:50:54,clusterA,20,4,1,3,0.25,0.5,0.5,0.0,0.0,0.0
2026-01-25 15:50:54,clusterB,20,4,4,0,1.00,0.5,0.5,0.0,0.0,0.0
2026-01-25 15:50:59,clusterA,20,4,1,3,0.25,0.5,0.5,0.0,0.0,0.0
2026-01-25 15:50:59,clusterB,20,4,4,0,1.00,0.5,0.5,0.0,0.0,0.0
2026-01-25 15:51:04,clusterA,20,4,1,3,0.25,0.5,0.5,0.0,0.0,0.0
2026-01-25 15:51:04,clusterB,20,4,4,0,1.00,0.5,0.5,0.0,0.0,0.0
2026-01-25 15:51:09,clusterA,20,4,1,3,0.25,0.5,0.5,0.0,0.0,0.0
2026-01-25 15:51:09,clusterB,20,4,4,0,1.00,0.5,0.5,0.0,0.0,0.0
2026-01-25 15:51:14,clusterA,20,4,1,3,0.25,0.5,0.5,0.0,0.0,0.0
2026-01-25 15:51:14,clusterB,20,4,4,0,1.00,0.5,0.5,0.0,0.0,0.0
2026-01-25 15:51:20,clusterA,20,4,1,3,0.25,0.5,0.5,0.0,0.0,0.0
2026-01-25 15:51:20,clusterB,20,4,4,0,1.00,0.5,0.5,0.0,0.0,0.0
2026-01-25 15:51:25,clusterA,20,4,1,3,0.25,0.5,0.5,0.0,0.0,0.0
2026-01-25 15:51:25,clusterB,20,4,4,0,1.00,0.5,0.5,0.0,0.0,0.0
2026-01-25 15:51:30,clusterA,20,4,1,3,0.25,0.5,0.5,0.0,0.0,0.0
2026-01-25 15:51:30,clusterB,20,4,4,0,1.00,0.5,0.5,0.0,0.0,0.0
2026-01-25 15:51:35,clusterA,20,4,1,3,0.25,0.5,0.5,0.0,0.0,0.0
2026-01-25 15:51:35,clusterB,20,4,4,0,1.00,0.5,0.5,0.0,0.0,0.0
2026-01-25 15:51:41,clusterA,20,4,1,3,0.25,0.5,0.5,0.0,0.0,0.0
2026-01-25 15:51:41,clusterB,20,4,4,0,1.00,0.5,0.5,0.0,0.0,0.0
2026-01-25 15:51:46,clusterA,20,4,1,3,0.25,0.5,0.5,0.0,0.0,0.0
2026-01-25 15:51:46,clusterB,20,4,4,0,1.00,0.5,0.5,0.0,0.0,0.0
2026-01-25 15:51:51,clusterA,20,4,1,3,0.25,0.5,0.5,0.0,0.0,0.0
2026-01-25 15:51:51,clusterB,20,4,4,0,1.00,0.5,0.5,0.0,0.0,0.0
2026-01-25 15:51:56,clusterA,20,4,1,3,0.25,0.5,0.5,0.0,0.0,0.0
2026-01-25 15:51:56,clusterB,20,4,4,0,1.00,0.5,0.5,0.0,0.0,0.0
2026-01-25 15:52:01,clusterA,20,4,1,3,0.25,0.5,0.5,0.0,0.0,0.0
2026-01-25 15:52:01,clusterB,20,4,4,0,1.00,0.5,0.5,0.0,0.0,0.0
2026-01-25 15:52:07,clusterA,20,4,1,3,0.25,0.5,0.5,0.0,0.0,0.0
2026-01-25 15:52:07,clusterB,20,4,4,0,1.00,0.5,0.5,0.0,0.0,0.0
2026-01-25 15:52:12,clusterA,20,4,1,3,0.25,0.5,0.5,0.0,0.0,0.0
2026-01-25 15:52:12,clusterB,20,4,4,0,1.00,0.5,0.5,0.0,0.0,0.0
2026-01-25 15:52:17,clusterA,20,4,1,3,0.25,0.5,0.5,0.0,0.0,0.0
2026-01-25 15:52:17,clusterB,20,4,4,0,1.00,0.5,0.5,0.0,0.0,0.0
2026-01-25 15:52:22,clusterA,20,4,1,3,0.25,0.5,0.5,0.0,0.0,0.0
2026-01-25 15:52:22,clusterB,20,4,4,0,1.00,0.5,0.5,0.0,0.0,0.0
2026-01-25 15:52:28,clusterA,20,4,1,3,0.25,0.5,0.5,0.0,0.0,0.0
2026-01-25 15:52:28,clusterB,20,4,4,0,1.00,0.5,0.5,0.0,0.0,0.0
2026-01-25 15:52:33,clusterA,20,4,1,3,0.25,0.5,0.5,0.0,0.0,0.0
2026-01-25 15:52:33,clusterB,20,4,4,0,1.00,0.5,0.5,0.0,0.0,0.0
2026-01-25 15:52:38,clusterA,20,4,1,3,0.25,0.5,0.5,0.0,0.0,0.0
2026-01-25 15:52:38,clusterB,20,4,4,0,1.00,0.5,0.5,0.0,0.0,0.0
2026-01-25 15:52:43,clusterA,20,4,1,3,0.25,0.5,0.5,0.0,0.0,0.0
2026-01-25 15:52:43,clusterB,20,4,4,0,1.00,0.5,0.5,0.0,0.0,0.0
2026-01-25 15:52:48,clusterA,20,4,1,3,0.25,0.5,0.5,0.0,0.0,0.0
2026-01-25 15:52:48,clusterB,20,4,4,0,1.00,0.5,0.5,0.0,0.0,0.0
2026-01-25 15:52:54,clusterA,20,4,1,3,0.25,0.5,0.5,0.0,0.0,0.0
2026-01-25 15:52:54,clusterB,20,4,4,0,1.00,0.5,0.5,0.0,0.0,0.0
2026-01-25 15:52:59,clusterA,20,4,1,3,0.25,0.5,0.5,0.0,0.0,0.0
2026-01-25 15:52:59,clusterB,20,4,4,0,1.00,0.5,0.5,0.0,0.0,0.0
2026-01-25 15:53:04,clusterA,20,4,1,3,0.25,0.5,0.5,0.0,0.0,0.0
2026-01-25 15:53:04,clusterB,20,4,4,0,1.00,0.5,0.5,0.0,0.0,0.0
2026-01-25 15:53:09,clusterA,20,4,1,3,0.25,0.5,0.5,0.0,0.0,0.0
2026-01-25 15:53:09,clusterB,20,4,4,0,1.00,0.5,0.5,0.0,0.0,0.0
2026-01-25 15:53:15,clusterA,20,4,1,3,0.25,0.5,0.5,0.0,0.0,0.0
2026-01-25 15:53:15,clusterB,20,4,4,0,1.00,0.5,0.5,0.0,0.0,0.0
2026-01-25 15:53:20,clusterA,20,4,1,3,0.25,0.5,0.5,0.0,0.0,0.0
2026-01-25 15:53:20,clusterB,20,4,4,0,1.00,0.5,0.5,0.0,0.0,0.0
2026-01-25 15:53:25,clusterA,20,4,1,3,0.25,0.5,0.5,0.0,0.0,0.0
2026-01-25 15:53:25,clusterB,20,4,4,0,1.00,0.5,0.5,0.0,0.0,0.0
2026-01-25 15:53:30,clusterA,20,4,1,3,0.25,0.5,0.5,0.0,0.0,0.0
2026-01-25 15:53:30,clusterB,20,4,4,0,1.00,0.5,0.5,0.0,0.0,0.0
2026-01-25 15:53:35,clusterA,20,4,1,3,0.25,0.5,0.5,0.0,0.0,0.0
2026-01-25 15:53:35,clusterB,20,4,4,0,1.00,0.5,0.5,0.0,0.0,0.0
2026-01-25 15:53:41,clusterA,20,4,1,3,0.25,0.5,0.5,0.0,0.0,0.0
2026-01-25 15:53:41,clusterB,20,4,4,0,1.00,0.5,0.5,0.0,0.0,0.0
2026-01-25 15:53:46,clusterA,20,4,1,3,0.25,0.5,0.5,0.0,0.0,0.0
2026-01-25 15:53:46,clusterB,20,4,4,0,1.00,0.5,0.5,0.0,0.0,0.0
2026-01-25 15:53:51,clusterA,20,4,1,3,0.25,0.5,0.5,0.0,0.0,0.0
2026-01-25 15:53:51,clusterB,20,4,4,0,1.00,0.5,0.5,0.0,0.0,0.0
2026-01-25 15:53:56,clusterA,20,4,1,3,0.25,0.5,0.5,0.0,0.0,0.0
2026-01-25 15:53:56,clusterB,20,4,4,0,1.00,0.5,0.5,0.0,0.0,0.0
2026-01-25 15:54:01,clusterA,20,4,1,3,0.25,0.5,0.5,0.0,0.0,0.0
2026-01-25 15:54:01,clusterB,20,4,4,0,1.00,0.5,0.5,0.0,0.0,0.0
2026-01-25 15:54:07,clusterA,20,4,1,3,0.25,0.5,0.5,0.0,0.0,0.0
2026-01-25 15:54:07,clusterB,20,4,4,0,1.00,0.5,0.5,0.0,0.0,0.0
2026-01-25 15:54:12,clusterA,20,4,1,3,0.25,0.5,0.5,0.0,0.0,0.0
2026-01-25 15:54:12,clusterB,20,4,4,0,1.00,0.5,0.5,0.0,0.0,0.0
2026-01-25 15:54:17,clusterA,20,4,1,3,0.25,0.5,0.5,0.0,0.0,0.0
2026-01-25 15:54:17,clusterB,20,4,4,0,1.00,0.5,0.5,0.0,0.0,0.0
2026-01-25 15:54:22,clusterA,20,4,1,3,0.25,0.5,0.5,0.0,0.0,0.0
2026-01-25 15:54:22,clusterB,20,4,4,0,1.00,0.5,0.5,0.0,0.0,0.0
2026-01-25 15:54:28,clusterA,20,4,1,3,0.25,0.5,0.5,0.0,0.0,0.0
2026-01-25 15:54:28,clusterB,20,4,4,0,1.00,0.5,0.5,0.0,0.0,0.0
2026-01-25 15:54:33,clusterA,20,4,1,3,0.25,0.5,0.5,0.0,0.0,0.0
2026-01-25 15:54:33,clusterB,20,4,4,0,1.00,0.5,0.5,0.0,0.0,0.0
2026-01-25 15:54:38,clusterA,20,4,1,3,0.25,0.5,0.5,0.0,0.0,0.0
2026-01-25 15:54:38,clusterB,20,4,4,0,1.00,0.5,0.5,0.0,0.0,0.0
2026-01-25 15:54:43,clusterA,20,4,1,3,0.25,0.5,0.5,0.0,0.0,0.0
2026-01-25 15:54:43,clusterB,20,4,4,0,1.00,0.5,0.5,0.0,0.0,0.0
2026-01-25 15:54:48,clusterA,20,4,1,3,0.25,0.5,0.5,0.0,0.0,0.0
2026-01-25 15:54:48,clusterB,20,4,4,0,1.00,0.5,0.5,0.0,0.0,0.0
2026-01-25 15:54:54,clusterA,20,4,1,3,0.25,0.5,0.5,0.0,0.0,0.0
2026-01-25 15:54:54,clusterB,20,4,4,0,1.00,0.5,0.5,0.0,0.0,0.0
2026-01-25 15:54:59,clusterA,20,4,1,3,0.25,0.5,0.5,0.0,0.0,0.0
2026-01-25 15:54:59,clusterB,20,4,4,0,1.00,0.5,0.5,0.0,0.0,0.0
2026-01-25 15:55:04,clusterA,20,4,1,3,0.25,0.5,0.5,0.0,0.0,0.0
2026-01-25 15:55:04,clusterB,20,4,4,0,1.00,0.5,0.5,0.0,0.0,0.0
2026-01-25 15:55:09,clusterA,20,4,1,3,0.25,0.5,0.5,0.0,0.0,0.0
2026-01-25 15:55:09,clusterB,20,4,4,0,1.00,0.5,0.5,0.0,0.0,0.0
2026-01-25 15:55:15,clusterA,20,4,1,3,0.25,0.5,0.5,0.0,0.0,0.0
2026-01-25 15:55:15,clusterB,20,4,4,0,1.00,0.5,0.5,0.0,0.0,0.0
2026-01-25 15:55:20,clusterA,20,4,1,3,0.25,0.5,0.5,0.0,0.0,0.0
2026-01-25 15:55:20,clusterB,20,4,4,0,1.00,0.5,0.5,0.0,0.0,0.0
2026-01-25 15:55:25,clusterA,20,4,1,3,0.25,0.5,0.5,0.0,0.0,0.0
2026-01-25 15:55:25,clusterB,20,4,4,0,1.00,0.5,0.5,0.0,0.0,0.0
2026-01-25 15:55:30,clusterA,20,4,1,3,0.25,0.5,0.5,0.0,0.0,0.0
2026-01-25 15:55:30,clusterB,20,4,4,0,1.00,0.5,0.5,0.0,0.0,0.0
2026-01-25 15:55:36,clusterA,20,4,1,3,0.25,0.5,0.5,0.0,0.0,0.0
2026-01-25 15:55:36,clusterB,20,4,4,0,1.00,0.5,0.5,0.0,0.0,0.0
2026-01-25 15:55:41,clusterA,20,4,1,3,0.25,0.5,0.5,0.0,0.0,0.0
2026-01-25 15:55:41,clusterB,20,4,4,0,1.00,0.5,0.5,0.0,0.0,0.0
2026-01-25 15:55:46,clusterA,20,4,1,3,0.25,0.5,0.5,0.0,0.0,0.0
2026-01-25 15:55:46,clusterB,20,4,4,0,1.00,0.5,0.5,0.0,0.0,0.0
2026-01-25 15:55:51,clusterA,20,4,1,3,0.25,0.5,0.5,0.0,0.0,0.0
2026-01-25 15:55:51,clusterB,20,4,4,0,1.00,0.5,0.5,0.0,0.0,0.0
2026-01-25 15:55:56,clusterA,20,4,1,3,0.25,0.5,0.5,0.0,0.0,0.0
2026-01-25 15:55:56,clusterB,20,4,4,0,1.00,0.5,0.5,0.0,0.0,0.0
2026-01-25 15:56:02,clusterA,20,4,1,3,0.25,0.5,0.5,0.0,0.0,0.0
2026-01-25 15:56:02,clusterB,20,4,4,0,1.00,0.5,0.5,0.0,0.0,0.0
2026-01-25 15:56:07,clusterA,20,4,1,3,0.25,0.5,0.5,0.0,0.0,0.0
2026-01-25 15:56:07,clusterB,20,4,4,0,1.00,0.5,0.5,0.0,0.0,0.0
2026-01-25 15:56:12,clusterA,20,4,1,3,0.25,0.5,0.5,0.0,0.0,0.0
2026-01-25 15:56:12,clusterB,20,4,4,0,1.00,0.5,0.5,0.0,0.0,0.0
2026-01-25 15:56:17,clusterA,20,4,1,3,0.25,0.5,0.5,0.0,0.0,0.0
2026-01-25 15:56:17,clusterB,20,4,4,0,1.00,0.5,0.5,0.0,0.0,0.0
2026-01-25 15:56:23,clusterA,20,4,1,3,0.25,0.5,0.5,0.0,0.0,0.0
2026-01-25 15:56:23,clusterB,20,4,4,0,1.00,0.5,0.5,0.0,0.0,0.0
2026-01-25 15:56:28,clusterA,20,4,1,3,0.25,0.5,0.5,0.0,0.0,0.0
2026-01-25 15:56:28,clusterB,20,4,4,0,1.00,0.5,0.5,0.0,0.0,0.0
2026-01-25 15:56:33,clusterA,20,4,1,3,0.25,0.5,0.5,0.0,0.0,0.0
2026-01-25 15:56:33,clusterB,20,4,4,0,1.00,0.5,0.5,0.0,0.0,0.0
2026-01-25 15:56:38,clusterA,20,4,1,3,0.25,0.5,0.5,0.0,0.0,0.0
2026-01-25 15:56:38,clusterB,20,4,4,0,1.00,0.5,0.5,0.0,0.0,0.0
2026-01-25 15:56:43,clusterA,20,4,1,3,0.25,0.5,0.5,0.0,0.0,0.0
2026-01-25 15:56:43,clusterB,20,4,4,0,1.00,0.5,0.5,0.0,0.0,0.0
2026-01-25 15:56:49,clusterA,20,4,1,3,0.25,0.5,0.5,0.0,0.0,0.0
2026-01-25 15:56:49,clusterB,20,4,4,0,1.00,0.5,0.5,0.0,0.0,0.0
2026-01-25 15:56:54,clusterA,20,4,1,3,0.25,0.5,0.5,0.0,0.0,0.0
2026-01-25 15:56:54,clusterB,20,4,4,0,1.00,0.5,0.5,0.0,0.0,0.0
2026-01-25 15:56:59,clusterA,20,4,1,3,0.25,0.5,0.5,0.0,0.0,0.0
2026-01-25 15:56:59,clusterB,20,4,4,0,1.00,0.5,0.5,0.0,0.0,0.0
2026-01-25 15:57:04,clusterA,20,4,1,3,0.25,0.5,0.5,0.0,0.0,0.0
2026-01-25 15:57:04,clusterB,20,4,4,0,1.00,0.5,0.5,0.0,0.0,0.0
2026-01-25 15:57:09,clusterA,20,4,1,3,0.25,0.5,0.5,0.0,0.0,0.0
2026-01-25 15:57:09,clusterB,20,4,4,0,1.00,0.5,0.5,0.0,0.0,0.0
2026-01-25 15:57:15,clusterA,20,4,1,3,0.25,0.5,0.5,0.0,0.0,0.0
2026-01-25 15:57:15,clusterB,20,4,4,0,1.00,0.5,0.5,0.0,0.0,0.0
2026-01-25 15:57:20,clusterA,20,4,1,3,0.25,0.5,0.5,0.0,0.0,0.0
2026-01-25 15:57:20,clusterB,20,4,4,0,1.00,0.5,0.5,0.0,0.0,0.0
2026-01-25 15:57:25,clusterA,20,4,1,3,0.25,0.5,0.5,0.0,0.0,0.0
2026-01-25 15:57:25,clusterB,20,4,4,0,1.00,0.5,0.5,0.0,0.0,0.0
2026-01-25 15:57:30,clusterA,20,4,1,3,0.25,0.5,0.5,0.0,0.0,0.0
2026-01-25 15:57:30,clusterB,20,4,4,0,1.00,0.5,0.5,0.0,0.0,0.0
2026-01-25 15:57:36,clusterA,20,4,1,3,0.25,0.5,0.5,0.0,0.0,0.0
2026-01-25 15:57:36,clusterB,20,4,4,0,1.00,0.5,0.5,0.0,0.0,0.0
2026-01-25 15:57:41,clusterA,20,4,1,3,0.25,0.5,0.5,0.0,0.0,0.0
2026-01-25 15:57:41,clusterB,20,4,4,0,1.00,0.5,0.5,0.0,0.0,0.0
2026-01-25 15:57:46,clusterA,20,4,1,3,0.25,0.5,0.5,0.0,0.0,0.0
2026-01-25 15:57:46,clusterB,20,4,3,1,0.75,0.5,0.5,0.0,0.0,0.0
2026-01-25 15:57:51,clusterA,20,4,1,3,0.25,0.5,0.5,0.0,0.0,0.0
2026-01-25 15:57:51,clusterB,20,4,3,1,0.75,0.5,0.5,0.0,0.0,0.0
2026-01-25 15:57:56,clusterA,20,4,1,3,0.25,0.5,0.5,0.0,0.0,0.0
2026-01-25 15:57:56,clusterB,20,4,3,1,0.75,0.5,0.5,0.0,0.0,0.0
2026-01-25 15:58:02,clusterA,20,4,1,3,0.25,0.5,0.5,0.0,0.0,0.0
2026-01-25 15:58:02,clusterB,20,4,3,1,0.75,0.5,0.5,0.0,0.0,0.0
2026-01-25 15:58:07,clusterA,20,4,1,3,0.25,0.5,0.5,0.0,0.0,0.0
2026-01-25 15:58:07,clusterB,20,4,3,1,0.75,0.5,0.5,0.0,0.0,0.0
2026-01-25 15:58:12,clusterA,20,4,1,3,0.25,0.5,0.5,0.0,0.0,0.0
2026-01-25 15:58:12,clusterB,20,4,3,1,0.75,0.5,0.5,0.0,0.0,0.0
2026-01-25 15:58:17,clusterA,20,4,1,3,0.25,0.5,0.5,0.0,0.0,0.0
2026-01-25 15:58:17,clusterB,20,4,3,1,0.75,0.5,0.5,0.0,0.0,0.0
2026-01-25 15:58:22,clusterA,20,4,1,3,0.25,0.5,0.5,0.0,0.0,0.0
2026-01-25 15:58:22,clusterB,20,4,3,1,0.75,0.5,0.5,0.0,0.0,0.0
2026-01-25 15:58:27,clusterA,20,4,1,3,0.25,0.5,0.5,0.0,0.0,0.0
2026-01-25 15:58:27,clusterB,20,4,3,1,0.75,0.5,0.5,0.0,0.0,0.0
2026-01-25 15:58:33,clusterA,20,4,1,3,0.25,0.5,0.5,0.0,0.0,0.0
2026-01-25 15:58:33,clusterB,20,4,3,1,0.75,0.5,0.5,0.0,0.0,0.0
2026-01-25 15:58:38,clusterA,20,4,1,3,0.25,0.5,0.5,0.0,0.0,0.0
2026-01-25 15:58:38,clusterB,20,4,3,1,0.75,0.5,0.5,0.0,0.0,0.0
2026-01-25 15:58:43,clusterA,20,4,1,3,0.25,0.5,0.5,0.0,0.0,0.0
2026-01-25 15:58:43,clusterB,20,4,3,1,0.75,0.5,0.5,0.0,0.0,0.0
2026-01-25 15:58:48,clusterA,20,4,1,3,0.25,0.5,0.5,0.0,0.0,0.0
2026-01-25 15:58:48,clusterB,20,4,3,1,0.75,0.5,0.5,0.0,0.0,0.0
2026-01-25 15:58:53,clusterA,20,4,1,3,0.25,0.5,0.5,0.0,0.0,0.0
2026-01-25 15:58:53,clusterB,20,4,3,1,0.75,0.5,0.5,0.0,0.0,0.0
2026-01-25 15:58:58,clusterA,20,4,1,3,0.25,0.5,0.5,0.0,0.0,0.0
2026-01-25 15:58:58,clusterB,20,4,3,1,0.75,0.5,0.5,0.0,0.0,0.0
2026-01-25 15:59:04,clusterA,20,4,1,3,0.25,0.5,0.5,0.0,0.0,0.0
2026-01-25 15:59:04,clusterB,20,4,3,1,0.75,0.5,0.5,0.0,0.0,0.0
2026-01-25 15:59:09,clusterA,20,4,1,3,0.25,0.5,0.5,0.0,0.0,0.0
2026-01-25 15:59:09,clusterB,20,4,3,1,0.75,0.5,0.5,0.0,0.0,0.0
2026-01-25 15:59:14,clusterA,20,4,1,3,0.25,0.5,0.5,0.0,0.0,0.0
2026-01-25 15:59:14,clusterB,20,4,3,1,0.75,0.5,0.5,0.0,0.0,0.0
2026-01-25 15:59:19,clusterA,20,4,1,3,0.25,0.5,0.5,0.0,0.0,0.0
2026-01-25 15:59:19,clusterB,20,4,3,1,0.75,0.5,0.5,0.0,0.0,0.0
2026-01-25 15:59:24,clusterA,20,4,1,3,0.25,0.5,0.5,0.0,0.0,0.0
2026-01-25 15:59:24,clusterB,20,4,3,1,0.75,0.5,0.5,0.0,0.0,0.0
2026-01-25 15:59:30,clusterA,20,4,1,3,0.25,0.5,0.5,0.0,0.0,0.0
2026-01-25 15:59:30,clusterB,20,4,3,1,0.75,0.5,0.5,0.0,0.0,0.0
2026-01-25 15:59:35,clusterA,20,4,1,3,0.25,0.5,0.5,0.0,0.0,0.0
2026-01-25 15:59:35,clusterB,20,4,3,1,0.75,0.5,0.5,0.0,0.0,0.0
2026-01-25 15:59:40,clusterA,20,4,1,3,0.25,0.5,0.5,0.0,0.0,0.0
2026-01-25 15:59:40,clusterB,20,4,3,1,0.75,0.5,0.5,0.0,0.0,0.0
2026-01-25 15:59:45,clusterA,20,4,1,3,0.25,0.5,0.5,0.0,0.0,0.0
2026-01-25 15:59:45,clusterB,20,4,3,1,0.75,0.5,0.5,0.0,0.0,0.0
2026-01-25 15:59:50,clusterA,20,4,1,3,0.25,0.5,0.5,0.0,0.0,0.0
2026-01-25 15:59:50,clusterB,20,4,3,1,0.75,0.5,0.5,0.0,0.0,0.0
2026-01-25 15:59:56,clusterA,20,4,1,3,0.25,0.5,0.5,0.0,0.0,0.0
2026-01-25 15:59:56,clusterB,20,4,3,1,0.75,0.5,0.5,0.0,0.0,0.0
2026-01-25 16:00:01,clusterA,20,4,1,3,0.25,0.5,0.5,0.0,0.0,0.0
2026-01-25 16:00:01,clusterB,20,4,3,1,0.75,0.5,0.5,0.0,0.0,0.0
2026-01-25 16:00:06,clusterA,20,4,1,3,0.25,0.5,0.5,0.0,0.0,0.0
2026-01-25 16:00:06,clusterB,20,4,3,1,0.75,0.5,0.5,0.0,0.0,0.0
2026-01-25 16:00:11,clusterA,20,4,1,3,0.25,0.5,0.5,0.0,0.0,0.0
2026-01-25 16:00:11,clusterB,20,4,3,1,0.75,0.5,0.5,0.0,0.0,0.0
2026-01-25 16:00:16,clusterA,20,4,1,3,0.25,0.5,0.5,0.0,0.0,0.0
2026-01-25 16:00:16,clusterB,20,4,3,1,0.75,0.5,0.5,0.0,0.0,0.0
2026-01-25 16:00:21,clusterA,20,4,1,3,0.25,0.5,0.5,0.0,0.0,0.0
2026-01-25 16:00:21,clusterB,20,4,3,1,0.75,0.5,0.5,0.0,0.0,0.0
2026-01-25 16:00:27,clusterA,20,4,1,3,0.25,0.5,0.5,0.0,0.0,0.0
2026-01-25 16:00:27,clusterB,20,4,3,1,0.75,0.5,0.5,0.0,0.0,0.0
2026-01-25 16:00:32,clusterA,20,4,1,3,0.25,0.5,0.5,0.0,0.0,0.0
2026-01-25 16:00:32,clusterB,20,4,3,1,0.75,0.5,0.5,0.0,0.0,0.0
2026-01-25 16:00:37,clusterA,20,4,1,3,0.25,0.5,0.5,0.0,0.0,0.0
2026-01-25 16:00:37,clusterB,20,4,3,1,0.75,0.5,0.5,0.0,0.0,0.0
2026-01-25 16:00:42,clusterA,20,4,1,3,0.25,0.5,0.5,0.0,0.0,0.0
2026-01-25 16:00:42,clusterB,20,4,3,1,0.75,0.5,0.5,0.0,0.0,0.0
2026-01-25 16:00:47,clusterA,20,4,1,3,0.25,0.5,0.5,0.0,0.0,0.0
2026-01-25 16:00:47,clusterB,20,4,3,1,0.75,0.5,0.5,0.0,0.0,0.0
2026-01-25 16:00:53,clusterA,20,4,1,3,0.25,0.5,0.5,0.0,0.0,0.0
2026-01-25 16:00:53,clusterB,20,4,3,1,0.75,0.5,0.5,0.0,0.0,0.0
2026-01-25 16:00:58,clusterA,20,4,1,3,0.25,0.5,0.5,0.0,0.0,0.0
2026-01-25 16:00:58,clusterB,20,4,3,1,0.75,0.5,0.5,0.0,0.0,0.0
2026-01-25 16:01:03,clusterA,20,4,1,3,0.25,0.5,0.5,0.0,0.0,0.0
2026-01-25 16:01:03,clusterB,20,4,3,1,0.75,0.5,0.5,0.0,0.0,0.0
2026-01-25 16:01:08,clusterA,20,4,1,3,0.25,0.5,0.5,0.0,0.0,0.0
2026-01-25 16:01:08,clusterB,20,4,3,1,0.75,0.5,0.5,0.0,0.0,0.0
2026-01-25 16:01:13,clusterA,20,4,1,3,0.25,0.5,0.5,0.0,0.0,0.0
2026-01-25 16:01:13,clusterB,20,4,3,1,0.75,0.5,0.5,0.0,0.0,0.0
2026-01-25 16:01:18,clusterA,20,4,1,3,0.25,0.5,0.5,0.0,0.0,0.0
2026-01-25 16:01:18,clusterB,20,4,3,1,0.75,0.5,0.5,0.0,0.0,0.0
2026-01-25 16:01:24,clusterA,20,4,1,3,0.25,0.5,0.5,0.0,0.0,0.0
2026-01-25 16:01:24,clusterB,20,4,3,1,0.75,0.5,0.5,0.0,0.0,0.0
2026-01-25 16:01:29,clusterA,20,4,1,3,0.25,0.5,0.5,0.0,0.0,0.0
2026-01-25 16:01:29,clusterB,20,4,3,1,0.75,0.5,0.5,0.0,0.0,0.0
2026-01-25 16:01:34,clusterA,20,4,1,3,0.25,0.5,0.5,0.0,0.0,0.0
2026-01-25 16:01:34,clusterB,20,4,3,1,0.75,0.5,0.5,0.0,0.0,0.0
2026-01-25 16:01:39,clusterA,20,4,1,3,0.25,0.5,0.5,0.0,0.0,0.0
2026-01-25 16:01:39,clusterB,20,4,3,1,0.75,0.5,0.5,0.0,0.0,0.0
2026-01-25 16:01:44,clusterA,20,4,1,3,0.25,0.5,0.5,0.0,0.0,0.0
2026-01-25 16:01:44,clusterB,20,4,3,1,0.75,0.5,0.5,0.0,0.0,0.0
2026-01-25 16:01:50,clusterA,20,4,1,3,0.25,0.5,0.5,0.0,0.0,0.0
2026-01-25 16:01:50,clusterB,20,4,3,1,0.75,0.5,0.5,0.0,0.0,0.0
2026-01-25 16:01:55,clusterA,20,4,1,3,0.25,0.5,0.5,0.0,0.0,0.0
2026-01-25 16:01:55,clusterB,20,4,3,1,0.75,0.5,0.5,0.0,0.0,0.0
2026-01-25 16:02:00,clusterA,20,4,1,3,0.25,0.5,0.5,0.0,0.0,0.0
2026-01-25 16:02:00,clusterB,20,4,3,1,0.75,0.5,0.5,0.0,0.0,0.0
2026-01-25 16:02:05,clusterA,20,4,1,3,0.25,0.5,0.5,0.0,0.0,0.0
2026-01-25 16:02:05,clusterB,20,4,3,1,0.75,0.5,0.5,0.0,0.0,0.0
2026-01-25 16:02:10,clusterA,20,4,1,3,0.25,0.5,0.5,0.0,0.0,0.0
2026-01-25 16:02:10,clusterB,20,4,3,1,0.75,0.5,0.5,0.0,0.0,0.0
2026-01-25 16:02:16,clusterA,20,4,1,3,0.25,0.5,0.5,0.0,0.0,0.0
2026-01-25 16:02:16,clusterB,20,4,3,1,0.75,0.5,0.5,0.0,0.0,0.0
2026-01-25 16:02:21,clusterA,20,4,1,3,0.25,0.5,0.5,0.0,0.0,0.0
2026-01-25 16:02:21,clusterB,20,4,3,1,0.75,0.5,0.5,0.0,0.0,0.0
2026-01-25 16:02:26,clusterA,20,4,1,3,0.25,0.5,0.5,0.0,0.0,0.0
2026-01-25 16:02:26,clusterB,20,4,3,1,0.75,0.5,0.5,0.0,0.0,0.0
2026-01-25 16:02:31,clusterA,20,4,1,3,0.25,0.5,0.5,0.0,0.0,0.0
2026-01-25 16:02:31,clusterB,20,4,3,1,0.75,0.5,0.5,0.0,0.0,0.0
2026-01-25 16:02:36,clusterA,20,4,1,3,0.25,0.5,0.5,0.0,0.0,0.0
2026-01-25 16:02:36,clusterB,20,4,3,1,0.75,0.5,0.5,0.0,0.0,0.0
2026-01-25 16:02:41,clusterA,20,4,1,3,0.25,0.5,0.5,0.0,0.0,0.0
2026-01-25 16:02:41,clusterB,20,4,3,1,0.75,0.5,0.5,0.0,0.0,0.0
2026-01-25 16:02:47,clusterA,20,4,1,3,0.25,0.5,0.5,0.0,0.0,0.0
2026-01-25 16:02:47,clusterB,20,4,3,1,0.75,0.5,0.5,0.0,0.0,0.0
2026-01-25 16:02:52,clusterA,20,4,1,3,0.25,0.5,0.5,0.0,0.0,0.0
2026-01-25 16:02:52,clusterB,20,4,3,1,0.75,0.5,0.5,0.0,0.0,0.0
2026-01-25 16:02:57,clusterA,20,4,1,3,0.25,0.5,0.5,0.0,0.0,0.0
2026-01-25 16:02:57,clusterB,20,4,3,1,0.75,0.5,0.5,0.0,0.0,0.0
2026-01-25 16:03:02,clusterA,20,4,1,3,0.25,0.5,0.5,0.0,0.0,0.0
2026-01-25 16:03:02,clusterB,20,4,3,1,0.75,0.5,0.5,0.0,0.0,0.0
2026-01-25 16:03:07,clusterA,20,4,1,3,0.25,0.5,0.5,0.0,0.0,0.0
2026-01-25 16:03:07,clusterB,20,4,3,1,0.75,0.5,0.5,0.0,0.0,0.0
2026-01-25 16:03:13,clusterA,20,4,1,3,0.25,0.5,0.5,0.0,0.0,0.0
2026-01-25 16:03:13,clusterB,20,4,3,1,0.75,0.5,0.5,0.0,0.0,0.0
2026-01-25 16:03:18,clusterA,20,4,1,3,0.25,0.5,0.5,0.0,0.0,0.0
2026-01-25 16:03:18,clusterB,20,4,3,1,0.75,0.5,0.5,0.0,0.0,0.0
2026-01-25 16:03:23,clusterA,20,4,1,3,0.25,0.5,0.5,0.0,0.0,0.0
2026-01-25 16:03:23,clusterB,20,4,3,1,0.75,0.5,0.5,0.0,0.0,0.0
2026-01-25 16:03:28,clusterA,20,4,1,3,0.25,0.5,0.5,0.0,0.0,0.0
2026-01-25 16:03:28,clusterB,20,4,3,1,0.75,0.5,0.5,0.0,0.0,0.0
2026-01-25 16:03:33,clusterA,20,4,1,3,0.25,0.5,0.5,0.0,0.0,0.0
2026-01-25 16:03:33,clusterB,20,4,3,1,0.75,0.5,0.5,0.0,0.0,0.0
2026-01-25 16:03:38,clusterA,20,4,1,3,0.25,0.5,0.5,0.0,0.0,0.0
2026-01-25 16:03:38,clusterB,20,4,3,1,0.75,0.5,0.5,0.0,0.0,0.0
2026-01-25 16:03:44,clusterA,20,4,1,3,0.25,0.5,0.5,0.0,0.0,0.0
2026-01-25 16:03:44,clusterB,20,4,3,1,0.75,0.5,0.5,0.0,0.0,0.0
2026-01-25 16:03:49,clusterA,20,4,1,3,0.25,0.5,0.5,0.0,0.0,0.0
2026-01-25 16:03:49,clusterB,20,4,3,1,0.75,0.5,0.5,0.0,0.0,0.0
2026-01-25 16:03:54,clusterA,20,4,1,3,0.25,0.5,0.5,0.0,0.0,0.0
2026-01-25 16:03:54,clusterB,20,4,3,1,0.75,0.5,0.5,0.0,0.0,0.0
2026-01-25 16:03:59,clusterA,20,4,1,3,0.25,0.5,0.5,0.0,0.0,0.0
2026-01-25 16:03:59,clusterB,20,4,3,1,0.75,0.5,0.5,0.0,0.0,0.0
2026-01-25 16:04:04,clusterA,20,4,1,3,0.25,0.5,0.5,0.0,0.0,0.0
2026-01-25 16:04:04,clusterB,20,4,3,1,0.75,0.5,0.5,0.0,0.0,0.0
2026-01-25 16:04:10,clusterA,20,4,1,3,0.25,0.5,0.5,0.0,0.0,0.0
2026-01-25 16:04:10,clusterB,20,4,3,1,0.75,0.5,0.5,0.0,0.0,0.0
2026-01-25 16:04:15,clusterA,20,4,1,3,0.25,0.5,0.5,0.0,0.0,0.0
2026-01-25 16:04:15,clusterB,20,4,3,1,0.75,0.5,0.5,0.0,0.0,0.0
2026-01-25 16:04:20,clusterA,20,4,1,3,0.25,0.5,0.5,0.0,0.0,0.0
2026-01-25 16:04:20,clusterB,20,4,3,1,0.75,0.5,0.5,0.0,0.0,0.0
2026-01-25 16:04:25,clusterA,20,4,1,3,0.25,0.5,0.5,0.0,0.0,0.0
2026-01-25 16:04:25,clusterB,20,4,3,1,0.75,0.5,0.5,0.0,0.0,0.0
2026-01-25 16:04:30,clusterA,20,4,1,3,0.25,0.5,0.5,0.0,0.0,0.0
2026-01-25 16:04:30,clusterB,20,4,3,1,0.75,0.5,0.5,0.0,0.0,0.0
2026-01-25 16:04:35,clusterA,20,4,1,3,0.25,0.5,0.5,0.0,0.0,0.0
2026-01-25 16:04:35,clusterB,20,4,3,1,0.75,0.5,0.5,0.0,0.0,0.0
2026-01-25 16:04:41,clusterA,20,4,1,3,0.25,0.5,0.5,0.0,0.0,0.0
2026-01-25 16:04:41,clusterB,20,4,3,1,0.75,0.5,0.5,0.0,0.0,0.0
2026-01-25 16:04:46,clusterA,20,4,1,3,0.25,0.5,0.5,0.0,0.0,0.0
2026-01-25 16:04:46,clusterB,20,4,3,1,0.75,0.5,0.5,0.0,0.0,0.0
2026-01-25 16:04:51,clusterA,20,4,1,3,0.25,0.5,0.5,0.0,0.0,0.0
2026-01-25 16:04:51,clusterB,20,4,3,1,0.75,0.5,0.5,0.0,0.0,0.0
2026-01-25 16:04:56,clusterA,20,4,1,3,0.25,0.5,0.5,0.0,0.0,0.0
2026-01-25 16:04:56,clusterB,20,4,3,1,0.75,0.5,0.5,0.0,0.0,0.0
2026-01-25 16:05:01,clusterA,20,4,1,3,0.25,0.5,0.5,0.0,0.0,0.0
2026-01-25 16:05:01,clusterB,20,4,3,1,0.75,0.5,0.5,0.0,0.0,0.0
2026-01-25 16:05:07,clusterA,20,4,1,3,0.25,0.5,0.5,0.0,0.0,0.0
2026-01-25 16:05:07,clusterB,20,4,3,1,0.75,0.5,0.5,0.0,0.0,0.0
2026-01-25 16:05:12,clusterA,20,4,1,3,0.25,0.5,0.5,0.0,0.0,0.0
2026-01-25 16:05:12,clusterB,20,4,3,1,0.75,0.5,0.5,0.0,0.0,0.0
2026-01-25 16:05:17,clusterA,20,4,1,3,0.25,0.5,0.5,0.0,0.0,0.0
2026-01-25 16:05:17,clusterB,20,4,3,1,0.75,0.5,0.5,0.0,0.0,0.0
2026-01-25 16:05:22,clusterA,20,4,1,3,0.25,0.5,0.5,0.0,0.0,0.0
2026-01-25 16:05:22,clusterB,20,4,3,1,0.75,0.5,0.5,0.0,0.0,0.0
2026-01-25 16:05:27,clusterA,20,4,1,3,0.25,0.5,0.5,0.0,0.0,0.0
2026-01-25 16:05:27,clusterB,20,4,3,1,0.75,0.5,0.5,0.0,0.0,0.0
2026-01-25 16:05:32,clusterA,20,4,1,3,0.25,0.5,0.5,0.0,0.0,0.0
2026-01-25 16:05:32,clusterB,20,4,3,1,0.75,0.5,0.5,0.0,0.0,0.0
2026-01-25 16:05:38,clusterA,20,4,1,3,0.25,0.5,0.5,0.0,0.0,0.0
2026-01-25 16:05:38,clusterB,20,4,3,1,0.75,0.5,0.5,0.0,0.0,0.0
2026-01-25 16:05:43,clusterA,20,4,1,3,0.25,0.5,0.5,0.0,0.0,0.0
2026-01-25 16:05:43,clusterB,20,4,3,1,0.75,0.5,0.5,0.0,0.0,0.0
2026-01-25 16:05:48,clusterA,20,4,1,3,0.25,0.5,0.5,0.0,0.0,0.0
2026-01-25 16:05:48,clusterB,20,4,3,1,0.75,0.5,0.5,0.0,0.0,0.0
2026-01-25 16:05:53,clusterA,20,4,1,3,0.25,0.5,0.5,0.0,0.0,0.0
2026-01-25 16:05:53,clusterB,20,4,3,1,0.75,0.5,0.5,0.0,0.0,0.0
2026-01-25 16:05:58,clusterA,20,4,1,3,0.25,0.5,0.5,0.0,0.0,0.0
2026-01-25 16:05:58,clusterB,20,4,3,1,0.75,0.5,0.5,0.0,0.0,0.0
2026-01-25 16:06:04,clusterA,20,4,1,3,0.25,0.5,0.5,0.0,0.0,0.0
2026-01-25 16:06:04,clusterB,20,4,3,1,0.75,0.5,0.5,0.0,0.0,0.0
2026-01-25 16:06:09,clusterA,20,4,1,3,0.25,0.5,0.5,0.0,0.0,0.0
2026-01-25 16:06:09,clusterB,20,4,3,1,0.75,0.5,0.5,0.0,0.0,0.0
2026-01-25 16:06:14,clusterA,20,4,1,3,0.25,0.5,0.5,0.0,0.0,0.0
2026-01-25 16:06:14,clusterB,20,4,3,1,0.75,0.5,0.5,0.0,0.0,0.0
2026-01-25 16:06:19,clusterA,20,4,1,3,0.25,0.5,0.5,0.0,0.0,0.0
2026-01-25 16:06:19,clusterB,20,4,3,1,0.75,0.5,0.5,0.0,0.0,0.0
2026-01-25 16:06:24,clusterA,20,4,1,3,0.25,0.5,0.5,0.0,0.0,0.0
2026-01-25 16:06:24,clusterB,20,4,3,1,0.75,0.5,0.5,0.0,0.0,0.0
2026-01-25 16:06:29,clusterA,20,4,1,3,0.25,0.5,0.5,0.0,0.0,0.0
2026-01-25 16:06:29,clusterB,20,4,3,1,0.75,0.5,0.5,0.0,0.0,0.0
2026-01-25 16:06:35,clusterA,20,4,1,3,0.25,0.5,0.5,0.0,0.0,0.0
2026-01-25 16:06:35,clusterB,20,4,3,1,0.75,0.5,0.5,0.0,0.0,0.0
2026-01-25 16:06:40,clusterA,20,4,1,3,0.25,0.5,0.5,0.0,0.0,0.0
2026-01-25 16:06:40,clusterB,20,4,3,1,0.75,0.5,0.5,0.0,0.0,0.0
2026-01-25 16:06:45,clusterA,20,4,1,3,0.25,0.5,0.5,0.0,0.0,0.0
2026-01-25 16:06:45,clusterB,20,4,3,1,0.75,0.5,0.5,0.0,0.0,0.0
2026-01-25 16:06:50,clusterA,20,4,1,3,0.25,0.5,0.5,0.0,0.0,0.0
2026-01-25 16:06:50,clusterB,20,4,3,1,0.75,0.5,0.5,0.0,0.0,0.0
2026-01-25 16:06:55,clusterA,20,4,1,3,0.25,0.5,0.5,0.0,0.0,0.0
2026-01-25 16:06:55,clusterB,20,4,3,1,0.75,0.5,0.5,0.0,0.0,0.0
2026-01-25 16:07:01,clusterA,20,4,1,3,0.25,0.5,0.5,0.0,0.0,0.0
2026-01-25 16:07:01,clusterB,20,4,3,1,0.75,0.5,0.5,0.0,0.0,0.0
2026-01-25 16:07:06,clusterA,20,4,1,3,0.25,0.5,0.5,0.0,0.0,0.0
2026-01-25 16:07:06,clusterB,20,4,3,1,0.75,0.5,0.5,0.0,0.0,0.0
2026-01-25 16:07:11,clusterA,20,4,1,3,0.25,0.5,0.5,0.0,0.0,0.0
2026-01-25 16:07:11,clusterB,20,4,3,1,0.75,0.5,0.5,0.0,0.0,0.0
2026-01-25 16:07:16,clusterA,20,4,1,3,0.25,0.5,0.5,0.0,0.0,0.0
2026-01-25 16:07:16,clusterB,20,4,3,1,0.75,0.5,0.5,0.0,0.0,0.0
2026-01-25 16:07:21,clusterA,20,4,1,3,0.25,0.5,0.5,0.0,0.0,0.0
2026-01-25 16:07:21,clusterB,20,4,3,1,0.75,0.5,0.5,0.0,0.0,0.0
2026-01-25 16:07:26,clusterA,20,4,1,3,0.25,0.5,0.5,0.0,0.0,0.0
2026-01-25 16:07:26,clusterB,20,4,3,1,0.75,0.5,0.5,0.0,0.0,0.0
2026-01-25 16:07:32,clusterA,20,4,1,3,0.25,0.5,0.5,0.0,0.0,0.0
2026-01-25 16:07:32,clusterB,20,4,3,1,0.75,0.5,0.5,0.0,0.0,0.0
2026-01-25 16:07:37,clusterA,20,4,1,3,0.25,0.5,0.5,0.0,0.0,0.0
2026-01-25 16:07:37,clusterB,20,4,3,1,0.75,0.5,0.5,0.0,0.0,0.0
2026-01-25 16:07:42,clusterA,20,4,1,3,0.25,0.5,0.5,0.0,0.0,0.0
2026-01-25 16:07:42,clusterB,20,4,3,1,0.75,0.5,0.5,0.0,0.0,0.0
2026-01-25 16:07:47,clusterA,20,4,1,3,0.25,0.5,0.5,0.0,0.0,0.0
2026-01-25 16:07:47,clusterB,20,4,3,1,0.75,0.5,0.5,0.0,0.0,0.0
2026-01-25 16:07:52,clusterA,20,4,1,3,0.25,0.5,0.5,0.0,0.0,0.0
2026-01-25 16:07:52,clusterB,20,4,3,1,0.75,0.5,0.5,0.0,0.0,0.0
2026-01-25 16:07:58,clusterA,20,4,1,3,0.25,0.5,0.5,0.0,0.0,0.0
2026-01-25 16:07:58,clusterB,20,4,3,1,0.75,0.5,0.5,0.0,0.0,0.0
2026-01-25 16:08:03,clusterA,20,4,1,3,0.25,0.5,0.5,0.0,0.0,0.0
2026-01-25 16:08:03,clusterB,20,4,3,1,0.75,0.5,0.5,0.0,0.0,0.0
2026-01-25 16:08:08,clusterA,20,4,1,3,0.25,0.5,0.5,0.0,0.0,0.0
2026-01-25 16:08:08,clusterB,20,4,3,1,0.75,0.5,0.5,0.0,0.0,0.0
2026-01-25 16:08:13,clusterA,20,4,1,3,0.25,0.5,0.5,0.0,0.0,0.0
2026-01-25 16:08:13,clusterB,20,4,3,1,0.75,0.5,0.5,0.0,0.0,0.0
2026-01-25 16:08:18,clusterA,20,4,1,3,0.25,0.5,0.5,0.0,0.0,0.0
2026-01-25 16:08:18,clusterB,20,4,3,1,0.75,0.5,0.5,0.0,0.0,0.0
2026-01-25 16:08:23,clusterA,20,4,1,3,0.25,0.5,0.5,0.0,0.0,0.0
2026-01-25 16:08:23,clusterB,20,4,3,1,0.75,0.5,0.5,0.0,0.0,0.0
2026-01-25 16:08:29,clusterA,20,4,1,3,0.25,0.5,0.5,0.0,0.0,0.0
2026-01-25 16:08:29,clusterB,20,4,3,1,0.75,0.5,0.5,0.0,0.0,0.0
2026-01-25 16:08:34,clusterA,20,4,1,3,0.25,0.5,0.5,0.0,0.0,0.0
2026-01-25 16:08:34,clusterB,20,4,3,1,0.75,0.5,0.5,0.0,0.0,0.0
2026-01-25 16:08:39,clusterA,20,4,1,3,0.25,0.5,0.5,0.0,0.0,0.0
2026-01-25 16:08:39,clusterB,20,4,3,1,0.75,0.5,0.5,0.0,0.0,0.0
2026-01-25 16:08:44,clusterA,20,4,1,3,0.25,0.5,0.5,0.0,0.0,0.0
2026-01-25 16:08:44,clusterB,20,4,3,1,0.75,0.5,0.5,0.0,0.0,0.0
2026-01-25 16:08:49,clusterA,20,4,1,3,0.25,0.5,0.5,0.0,0.0,0.0
2026-01-25 16:08:49,clusterB,20,4,3,1,0.75,0.5,0.5,0.0,0.0,0.0
2026-01-25 16:08:55,clusterA,20,4,1,3,0.25,0.5,0.5,0.0,0.0,0.0
2026-01-25 16:08:55,clusterB,20,4,3,1,0.75,0.5,0.5,0.0,0.0,0.0
2026-01-25 16:09:00,clusterA,20,4,1,3,0.25,0.5,0.5,0.0,0.0,0.0
2026-01-25 16:09:00,clusterB,20,4,3,1,0.75,0.5,0.5,0.0,0.0,0.0
2026-01-25 16:09:05,clusterA,20,4,1,3,0.25,0.5,0.5,0.0,0.0,0.0
2026-01-25 16:09:05,clusterB,20,4,3,1,0.75,0.5,0.5,0.0,0.0,0.0
2026-01-25 16:09:10,clusterA,20,4,1,3,0.25,0.5,0.5,0.0,0.0,0.0
2026-01-25 16:09:10,clusterB,20,4,3,1,0.75,0.5,0.5,0.0,0.0,0.0
2026-01-25 16:09:15,clusterA,20,4,1,3,0.25,0.5,0.5,0.0,0.0,0.0
2026-01-25 16:09:15,clusterB,20,4,2,2,0.50,0.5,0.5,0.0,0.0,0.0
2026-01-25 16:09:20,clusterA,20,4,1,3,0.25,0.5,0.5,0.0,0.0,0.0
2026-01-25 16:09:20,clusterB,20,4,2,2,0.50,0.5,0.5,0.0,0.0,0.0
2026-01-25 16:09:26,clusterA,20,4,1,3,0.25,0.5,0.5,0.0,0.0,0.0
2026-01-25 16:09:26,clusterB,20,4,2,2,0.50,0.5,0.5,0.0,0.0,0.0
2026-01-25 16:09:31,clusterA,20,4,1,3,0.25,0.5,0.5,0.0,0.0,0.0
2026-01-25 16:09:31,clusterB,20,4,2,2,0.50,0.5,0.5,0.0,0.0,0.0
2026-01-25 16:09:36,clusterA,20,4,1,3,0.25,0.5,0.5,0.0,0.0,0.0
2026-01-25 16:09:36,clusterB,20,4,2,2,0.50,0.5,0.5,0.0,0.0,0.0
2026-01-25 16:09:41,clusterA,20,4,1,3,0.25,0.5,0.5,0.0,0.0,0.0
2026-01-25 16:09:41,clusterB,20,4,2,2,0.50,0.5,0.5,0.0,0.0,0.0
2026-01-25 16:09:46,clusterA,20,4,1,3,0.25,0.5,0.5,0.0,0.0,0.0
2026-01-25 16:09:46,clusterB,20,4,2,2,0.50,0.5,0.5,0.0,0.0,0.0
2026-01-25 16:09:51,clusterA,20,4,1,3,0.25,0.5,0.5,0.0,0.0,0.0
2026-01-25 16:09:51,clusterB,20,4,2,2,0.50,0.5,0.5,0.0,0.0,0.0
2026-01-25 16:09:56,clusterA,20,4,1,3,0.25,0.5,0.5,0.0,0.0,0.0
2026-01-25 16:09:56,clusterB,20,4,2,2,0.50,0.5,0.5,0.0,0.0,0.0
2026-01-25 16:10:02,clusterA,20,4,1,3,0.25,0.5,0.5,0.0,0.0,0.0
2026-01-25 16:10:02,clusterB,20,4,2,2,0.50,0.5,0.5,0.0,0.0,0.0
2026-01-25 16:10:07,clusterA,20,4,1,3,0.25,0.5,0.5,0.0,0.0,0.0
2026-01-25 16:10:07,clusterB,20,4,2,2,0.50,0.5,0.5,0.0,0.0,0.0
2026-01-25 16:10:12,clusterA,20,4,1,3,0.25,0.5,0.5,0.0,0.0,0.0
2026-01-25 16:10:12,clusterB,20,4,2,2,0.50,0.5,0.5,0.0,0.0,0.0
2026-01-25 16:10:17,clusterA,20,4,1,3,0.25,0.5,0.5,0.0,0.0,0.0
2026-01-25 16:10:17,clusterB,20,4,2,2,0.50,0.5,0.5,0.0,0.0,0.0
2026-01-25 16:10:22,clusterA,20,4,1,3,0.25,0.5,0.5,0.0,0.0,0.0
2026-01-25 16:10:22,clusterB,20,4,2,2,0.50,0.5,0.5,0.0,0.0,0.0
2026-01-25 16:10:27,clusterA,20,4,1,3,0.25,0.5,0.5,0.0,0.0,0.0
2026-01-25 16:10:27,clusterB,20,4,2,2,0.50,0.5,0.5,0.0,0.0,0.0
2026-01-25 16:10:32,clusterA,20,4,1,3,0.25,0.5,0.5,0.0,0.0,0.0
2026-01-25 16:10:32,clusterB,20,4,2,2,0.50,0.5,0.5,0.0,0.0,0.0
2026-01-25 16:10:38,clusterA,20,4,1,3,0.25,0.5,0.5,0.0,0.0,0.0
2026-01-25 16:10:38,clusterB,20,4,2,2,0.50,0.5,0.5,0.0,0.0,0.0
2026-01-25 16:10:43,clusterA,20,4,1,3,0.25,0.5,0.5,0.0,0.0,0.0
2026-01-25 16:10:43,clusterB,20,4,2,2,0.50,0.5,0.5,0.0,0.0,0.0
2026-01-25 16:10:48,clusterA,20,4,1,3,0.25,0.5,0.5,0.0,0.0,0.0
2026-01-25 16:10:48,clusterB,20,4,2,2,0.50,0.5,0.5,0.0,0.0,0.0
2026-01-25 16:10:53,clusterA,20,4,1,3,0.25,0.5,0.5,0.0,0.0,0.0
2026-01-25 16:10:53,clusterB,20,4,2,2,0.50,0.5,0.5,0.0,0.0,0.0
2026-01-25 16:10:58,clusterA,20,4,1,3,0.25,0.5,0.5,0.0,0.0,0.0
2026-01-25 16:10:58,clusterB,20,4,2,2,0.50,0.5,0.5,0.0,0.0,0.0
2026-01-25 16:11:03,clusterA,20,4,1,3,0.25,0.5,0.5,0.0,0.0,0.0
2026-01-25 16:11:03,clusterB,20,4,2,2,0.50,0.5,0.5,0.0,0.0,0.0
2026-01-25 16:11:08,clusterA,20,4,1,3,0.25,0.5,0.5,0.0,0.0,0.0
2026-01-25 16:11:08,clusterB,20,4,2,2,0.50,0.5,0.5,0.0,0.0,0.0
2026-01-25 16:11:14,clusterA,20,4,1,3,0.25,0.5,0.5,0.0,0.0,0.0
2026-01-25 16:11:14,clusterB,20,4,2,2,0.50,0.5,0.5,0.0,0.0,0.0
2026-01-25 16:11:19,clusterA,20,4,1,3,0.25,0.5,0.5,0.0,0.0,0.0
2026-01-25 16:11:19,clusterB,20,4,2,2,0.50,0.5,0.5,0.0,0.0,0.0
2026-01-25 16:11:24,clusterA,20,4,1,3,0.25,0.5,0.5,0.0,0.0,0.0
2026-01-25 16:11:24,clusterB,20,4,2,2,0.50,0.5,0.5,0.0,0.0,0.0
2026-01-25 16:11:29,clusterA,20,4,1,3,0.25,0.5,0.5,0.0,0.0,0.0
2026-01-25 16:11:29,clusterB,20,4,2,2,0.50,0.5,0.5,0.0,0.0,0.0
2026-01-25 16:11:34,clusterA,20,4,1,3,0.25,0.5,0.5,0.0,0.0,0.0
2026-01-25 16:11:34,clusterB,20,4,2,2,0.50,0.5,0.5,0.0,0.0,0.0
2026-01-25 16:11:39,clusterA,20,4,1,3,0.25,0.5,0.5,0.0,0.0,0.0
2026-01-25 16:11:39,clusterB,20,4,2,2,0.50,0.5,0.5,0.0,0.0,0.0
2026-01-25 16:11:44,clusterA,20,4,1,3,0.25,0.5,0.5,0.0,0.0,0.0
2026-01-25 16:11:44,clusterB,20,4,2,2,0.50,0.5,0.5,0.0,0.0,0.0
2026-01-25 16:11:50,clusterA,20,4,1,3,0.25,0.5,0.5,0.0,0.0,0.0
2026-01-25 16:11:50,clusterB,20,4,2,2,0.50,0.5,0.5,0.0,0.0,0.0
2026-01-25 16:11:55,clusterA,20,4,1,3,0.25,0.5,0.5,0.0,0.0,0.0
2026-01-25 16:11:55,clusterB,20,4,2,2,0.50,0.5,0.5,0.0,0.0,0.0
2026-01-25 16:12:00,clusterA,20,4,1,3,0.25,0.5,0.5,0.0,0.0,0.0
2026-01-25 16:12:00,clusterB,20,4,2,2,0.50,0.5,0.5,0.0,0.0,0.0
2026-01-25 16:12:05,clusterA,20,4,1,3,0.25,0.5,0.5,0.0,0.0,0.0
2026-01-25 16:12:05,clusterB,20,4,2,2,0.50,0.5,0.5,0.0,0.0,0.0
2026-01-25 16:12:10,clusterA,20,4,1,3,0.25,0.5,0.5,0.0,0.0,0.0
2026-01-25 16:12:10,clusterB,20,4,2,2,0.50,0.5,0.5,0.0,0.0,0.0
2026-01-25 16:12:15,clusterA,20,4,1,3,0.25,0.5,0.5,0.0,0.0,0.0
2026-01-25 16:12:15,clusterB,20,4,2,2,0.50,0.5,0.5,0.0,0.0,0.0
2026-01-25 16:12:20,clusterA,20,4,1,3,0.25,0.5,0.5,0.0,0.0,0.0
2026-01-25 16:12:20,clusterB,20,4,2,2,0.50,0.5,0.5,0.0,0.0,0.0
2026-01-25 16:12:26,clusterA,20,4,1,3,0.25,0.5,0.5,0.0,0.0,0.0
2026-01-25 16:12:26,clusterB,20,4,2,2,0.50,0.5,0.5,0.0,0.0,0.0
2026-01-25 16:12:31,clusterA,20,4,1,3,0.25,0.5,0.5,0.0,0.0,0.0
2026-01-25 16:12:31,clusterB,20,4,2,2,0.50,0.5,0.5,0.0,0.0,0.0
2026-01-25 16:12:36,clusterA,20,4,1,3,0.25,0.5,0.5,0.0,0.0,0.0
2026-01-25 16:12:36,clusterB,20,4,2,2,0.50,0.5,0.5,0.0,0.0,0.0
2026-01-25 16:12:41,clusterA,20,4,1,3,0.25,0.5,0.5,0.0,0.0,0.0
2026-01-25 16:12:41,clusterB,20,4,2,2,0.50,0.5,0.5,0.0,0.0,0.0
2026-01-25 16:12:46,clusterA,20,4,1,3,0.25,0.5,0.5,0.0,0.0,0.0
2026-01-25 16:12:46,clusterB,20,4,2,2,0.50,0.5,0.5,0.0,0.0,0.0
2026-01-25 16:12:51,clusterA,20,4,1,3,0.25,0.5,0.5,0.0,0.0,0.0
2026-01-25 16:12:51,clusterB,20,4,2,2,0.50,0.5,0.5,0.0,0.0,0.0
2026-01-25 16:12:56,clusterA,20,4,1,3,0.25,0.5,0.5,0.0,0.0,0.0
2026-01-25 16:12:56,clusterB,20,4,2,2,0.50,0.5,0.5,0.0,0.0,0.0
2026-01-25 16:13:02,clusterA,20,4,1,3,0.25,0.5,0.5,0.0,0.0,0.0
2026-01-25 16:13:02,clusterB,20,4,2,2,0.50,0.5,0.5,0.0,0.0,0.0
2026-01-25 16:13:07,clusterA,20,4,1,3,0.25,0.5,0.5,0.0,0.0,0.0
2026-01-25 16:13:07,clusterB,20,4,2,2,0.50,0.5,0.5,0.0,0.0,0.0
2026-01-25 16:13:12,clusterA,20,4,1,3,0.25,0.5,0.5,0.0,0.0,0.0
2026-01-25 16:13:12,clusterB,20,4,2,2,0.50,0.5,0.5,0.0,0.0,0.0
2026-01-25 16:13:17,clusterA,20,4,1,3,0.25,0.5,0.5,0.0,0.0,0.0
2026-01-25 16:13:17,clusterB,20,4,2,2,0.50,0.5,0.5,0.0,0.0,0.0
2026-01-25 16:13:22,clusterA,20,4,1,3,0.25,0.5,0.5,0.0,0.0,0.0
2026-01-25 16:13:22,clusterB,20,4,2,2,0.50,0.5,0.5,0.0,0.0,0.0
2026-01-25 16:13:27,clusterA,20,4,1,3,0.25,0.5,0.5,0.0,0.0,0.0
2026-01-25 16:13:27,clusterB,20,4,2,2,0.50,0.5,0.5,0.0,0.0,0.0
2026-01-25 16:13:32,clusterA,20,4,1,3,0.25,0.5,0.5,0.0,0.0,0.0
2026-01-25 16:13:32,clusterB,20,4,2,2,0.50,0.5,0.5,0.0,0.0,0.0
2026-01-25 16:13:38,clusterA,20,4,1,3,0.25,0.5,0.5,0.0,0.0,0.0
2026-01-25 16:13:38,clusterB,20,4,2,2,0.50,0.5,0.5,0.0,0.0,0.0
2026-01-25 16:13:43,clusterA,20,4,1,3,0.25,0.5,0.5,0.0,0.0,0.0
2026-01-25 16:13:43,clusterB,20,4,2,2,0.50,0.5,0.5,0.0,0.0,0.0
2026-01-25 16:13:48,clusterA,20,4,1,3,0.25,0.5,0.5,0.0,0.0,0.0
2026-01-25 16:13:48,clusterB,20,4,2,2,0.50,0.5,0.5,0.0,0.0,0.0
2026-01-25 16:13:53,clusterA,20,4,1,3,0.25,0.5,0.5,0.0,0.0,0.0
2026-01-25 16:13:53,clusterB,20,4,2,2,0.50,0.5,0.5,0.0,0.0,0.0
2026-01-25 16:13:58,clusterA,20,4,1,3,0.25,0.5,0.5,0.0,0.0,0.0
2026-01-25 16:13:58,clusterB,20,4,2,2,0.50,0.5,0.5,0.0,0.0,0.0
2026-01-25 16:14:03,clusterA,20,4,1,3,0.25,0.5,0.5,0.0,0.0,0.0
2026-01-25 16:14:03,clusterB,20,4,2,2,0.50,0.5,0.5,0.0,0.0,0.0
2026-01-25 16:14:08,clusterA,20,4,1,3,0.25,0.5,0.5,0.0,0.0,0.0
2026-01-25 16:14:08,clusterB,20,4,2,2,0.50,0.5,0.5,0.0,0.0,0.0
2026-01-25 16:14:14,clusterA,20,4,1,3,0.25,0.5,0.5,0.0,0.0,0.0
2026-01-25 16:14:14,clusterB,20,4,2,2,0.50,0.5,0.5,0.0,0.0,0.0
2026-01-25 16:14:19,clusterA,20,4,1,3,0.25,0.5,0.5,0.0,0.0,0.0
2026-01-25 16:14:19,clusterB,20,4,2,2,0.50,0.5,0.5,0.0,0.0,0.0
2026-01-25 16:14:24,clusterA,20,4,1,3,0.25,0.5,0.5,0.0,0.0,0.0
2026-01-25 16:14:24,clusterB,20,4,2,2,0.50,0.5,0.5,0.0,0.0,0.0
2026-01-25 16:14:29,clusterA,20,4,1,3,0.25,0.5,0.5,0.0,0.0,0.0
2026-01-25 16:14:29,clusterB,20,4,2,2,0.50,0.5,0.5,0.0,0.0,0.0
2026-01-25 16:14:34,clusterA,20,4,1,3,0.25,0.5,0.5,0.0,0.0,0.0
2026-01-25 16:14:34,clusterB,20,4,2,2,0.50,0.5,0.5,0.0,0.0,0.0
2026-01-25 16:14:39,clusterA,20,4,1,3,0.25,0.5,0.5,0.0,0.0,0.0
2026-01-25 16:14:39,clusterB,20,4,2,2,0.50,0.5,0.5,0.0,0.0,0.0
2026-01-25 16:14:44,clusterA,20,4,1,3,0.25,0.5,0.5,0.0,0.0,0.0
2026-01-25 16:14:44,clusterB,20,4,2,2,0.50,0.5,0.5,0.0,0.0,0.0
2026-01-25 16:14:50,clusterA,20,4,1,3,0.25,0.5,0.5,0.0,0.0,0.0
2026-01-25 16:14:50,clusterB,20,4,2,2,0.50,0.5,0.5,0.0,0.0,0.0
2026-01-25 16:14:55,clusterA,20,4,1,3,0.25,0.5,0.5,0.0,0.0,0.0
2026-01-25 16:14:55,clusterB,20,4,2,2,0.50,0.5,0.5,0.0,0.0,0.0
2026-01-25 16:15:00,clusterA,20,4,1,3,0.25,0.5,0.5,0.0,0.0,0.0
2026-01-25 16:15:00,clusterB,20,4,2,2,0.50,0.5,0.5,0.0,0.0,0.0
2026-01-25 16:15:05,clusterA,20,4,1,3,0.25,0.5,0.5,0.0,0.0,0.0
2026-01-25 16:15:05,clusterB,20,4,2,2,0.50,0.5,0.5,0.0,0.0,0.0
2026-01-25 16:15:10,clusterA,20,4,1,3,0.25,0.5,0.5,0.0,0.0,0.0
2026-01-25 16:15:10,clusterB,20,4,2,2,0.50,0.5,0.5,0.0,0.0,0.0
2026-01-25 16:15:15,clusterA,20,4,1,3,0.25,0.5,0.5,0.0,0.0,0.0
2026-01-25 16:15:15,clusterB,20,4,2,2,0.50,0.5,0.5,0.0,0.0,0.0
2026-01-25 16:15:20,clusterA,20,4,1,3,0.25,0.5,0.5,0.0,0.0,0.0
2026-01-25 16:15:20,clusterB,20,4,2,2,0.50,0.5,0.5,0.0,0.0,0.0
2026-01-25 16:15:26,clusterA,20,4,1,3,0.25,0.5,0.5,0.0,0.0,0.0
2026-01-25 16:15:26,clusterB,20,4,2,2,0.50,0.5,0.5,0.0,0.0,0.0
2026-01-25 16:15:31,clusterA,20,4,1,3,0.25,0.5,0.5,0.0,0.0,0.0
2026-01-25 16:15:31,clusterB,20,4,2,2,0.50,0.5,0.5,0.0,0.0,0.0
2026-01-25 16:15:36,clusterA,20,4,1,3,0.25,0.5,0.5,0.0,0.0,0.0
2026-01-25 16:15:36,clusterB,20,4,2,2,0.50,0.5,0.5,0.0,0.0,0.0
2026-01-25 16:15:41,clusterA,20,4,1,3,0.25,0.5,0.5,0.0,0.0,0.0
2026-01-25 16:15:41,clusterB,20,4,2,2,0.50,0.5,0.5,0.0,0.0,0.0
2026-01-25 16:15:46,clusterA,20,4,1,3,0.25,0.5,0.5,0.0,0.0,0.0
2026-01-25 16:15:46,clusterB,20,4,2,2,0.50,0.5,0.5,0.0,0.0,0.0
2026-01-25 16:15:51,clusterA,20,4,1,3,0.25,0.5,0.5,0.0,0.0,0.0
2026-01-25 16:15:51,clusterB,20,4,2,2,0.50,0.5,0.5,0.0,0.0,0.0
2026-01-25 16:15:56,clusterA,20,4,1,3,0.25,0.5,0.5,0.0,0.0,0.0
2026-01-25 16:15:56,clusterB,20,4,2,2,0.50,0.5,0.5,0.0,0.0,0.0
2026-01-25 16:16:02,clusterA,20,4,1,3,0.25,0.5,0.5,0.0,0.0,0.0
2026-01-25 16:16:02,clusterB,20,4,2,2,0.50,0.5,0.5,0.0,0.0,0.0
2026-01-25 16:16:07,clusterA,20,4,1,3,0.25,0.5,0.5,0.0,0.0,0.0
2026-01-25 16:16:07,clusterB,20,4,2,2,0.50,0.5,0.5,0.0,0.0,0.0
2026-01-25 16:16:12,clusterA,20,4,1,3,0.25,0.5,0.5,0.0,0.0,0.0
2026-01-25 16:16:12,clusterB,20,4,2,2,0.50,0.5,0.5,0.0,0.0,0.0
2026-01-25 16:16:17,clusterA,20,4,1,3,0.25,0.5,0.5,0.0,0.0,0.0
2026-01-25 16:16:17,clusterB,20,4,2,2,0.50,0.5,0.5,0.0,0.0,0.0
2026-01-25 16:16:22,clusterA,20,4,1,3,0.25,0.5,0.5,0.0,0.0,0.0
2026-01-25 16:16:22,clusterB,20,4,2,2,0.50,0.5,0.5,0.0,0.0,0.0
2026-01-25 16:16:27,clusterA,20,4,1,3,0.25,0.5,0.5,0.0,0.0,0.0
2026-01-25 16:16:27,clusterB,20,4,2,2,0.50,0.5,0.5,0.0,0.0,0.0
2026-01-25 16:16:32,clusterA,20,4,1,3,0.25,0.5,0.5,0.0,0.0,0.0
2026-01-25 16:16:32,clusterB,20,4,2,2,0.50,0.5,0.5,0.0,0.0,0.0
2026-01-25 16:16:38,clusterA,20,4,1,3,0.25,0.5,0.5,0.0,0.0,0.0
2026-01-25 16:16:38,clusterB,20,4,2,2,0.50,0.5,0.5,0.0,0.0,0.0
2026-01-25 16:16:43,clusterA,20,4,1,3,0.25,0.5,0.5,0.0,0.0,0.0
2026-01-25 16:16:43,clusterB,20,4,2,2,0.50,0.5,0.5,0.0,0.0,0.0
2026-01-25 16:16:48,clusterA,20,4,1,3,0.25,0.5,0.5,0.0,0.0,0.0
2026-01-25 16:16:48,clusterB,20,4,2,2,0.50,0.5,0.5,0.0,0.0,0.0
2026-01-25 16:16:53,clusterA,20,4,1,3,0.25,0.5,0.5,0.0,0.0,0.0
2026-01-25 16:16:53,clusterB,20,4,2,2,0.50,0.5,0.5,0.0,0.0,0.0
2026-01-25 16:16:58,clusterA,20,4,1,3,0.25,0.5,0.5,0.0,0.0,0.0
2026-01-25 16:16:58,clusterB,20,4,2,2,0.50,0.5,0.5,0.0,0.0,0.0
2026-01-25 16:17:03,clusterA,20,4,1,3,0.25,0.5,0.5,0.0,0.0,0.0
2026-01-25 16:17:03,clusterB,20,4,2,2,0.50,0.5,0.5,0.0,0.0,0.0
2026-01-25 16:17:08,clusterA,20,4,1,3,0.25,0.5,0.5,0.0,0.0,0.0
2026-01-25 16:17:08,clusterB,20,4,2,2,0.50,0.5,0.5,0.0,0.0,0.0
2026-01-25 16:17:13,clusterA,20,4,1,3,0.25,0.5,0.5,0.0,0.0,0.0
2026-01-25 16:17:13,clusterB,20,4,2,2,0.50,0.5,0.5,0.0,0.0,0.0
2026-01-25 16:17:19,clusterA,20,4,1,3,0.25,0.5,0.5,0.0,0.0,0.0
2026-01-25 16:17:19,clusterB,20,4,2,2,0.50,0.5,0.5,0.0,0.0,0.0
2026-01-25 16:17:24,clusterA,20,4,1,3,0.25,0.5,0.5,0.0,0.0,0.0
2026-01-25 16:17:24,clusterB,20,4,2,2,0.50,0.5,0.5,0.0,0.0,0.0
2026-01-25 16:17:29,clusterA,20,4,1,3,0.25,0.5,0.5,0.0,0.0,0.0
2026-01-25 16:17:29,clusterB,20,4,2,2,0.50,0.5,0.5,0.0,0.0,0.0
2026-01-25 16:17:34,clusterA,20,4,1,3,0.25,0.5,0.5,0.0,0.0,0.0
2026-01-25 16:17:34,clusterB,20,4,2,2,0.50,0.5,0.5,0.0,0.0,0.0
2026-01-25 16:17:39,clusterA,20,4,1,3,0.25,0.5,0.5,0.0,0.0,0.0
2026-01-25 16:17:39,clusterB,20,4,2,2,0.50,0.5,0.5,0.0,0.0,0.0
2026-01-25 16:17:44,clusterA,20,4,1,3,0.25,0.5,0.5,0.0,0.0,0.0
2026-01-25 16:17:44,clusterB,20,4,2,2,0.50,0.5,0.5,0.0,0.0,0.0
2026-01-25 16:17:49,clusterA,20,4,1,3,0.25,0.5,0.5,0.0,0.0,0.0
2026-01-25 16:17:49,clusterB,20,4,2,2,0.50,0.5,0.5,0.0,0.0,0.0
2026-01-25 16:17:55,clusterA,20,4,1,3,0.25,0.5,0.5,0.0,0.0,0.0
2026-01-25 16:17:55,clusterB,20,4,2,2,0.50,0.5,0.5,0.0,0.0,0.0
2026-01-25 16:18:00,clusterA,20,4,1,3,0.25,0.5,0.5,0.0,0.0,0.0
2026-01-25 16:18:00,clusterB,20,4,2,2,0.50,0.5,0.5,0.0,0.0,0.0
2026-01-25 16:18:05,clusterA,20,4,1,3,0.25,0.5,0.5,0.0,0.0,0.0
2026-01-25 16:18:05,clusterB,20,4,2,2,0.50,0.5,0.5,0.0,0.0,0.0
2026-01-25 16:18:10,clusterA,20,4,1,3,0.25,0.5,0.5,0.0,0.0,0.0
2026-01-25 16:18:10,clusterB,20,4,2,2,0.50,0.5,0.5,0.0,0.0,0.0
2026-01-25 16:18:15,clusterA,20,4,1,3,0.25,0.5,0.5,0.0,0.0,0.0
2026-01-25 16:18:15,clusterB,20,4,2,2,0.50,0.5,0.5,0.0,0.0,0.0
2026-01-25 16:18:20,clusterA,20,4,1,3,0.25,0.5,0.5,0.0,0.0,0.0
2026-01-25 16:18:20,clusterB,20,4,2,2,0.50,0.5,0.5,0.0,0.0,0.0
2026-01-25 16:18:25,clusterA,20,4,1,3,0.25,0.5,0.5,0.0,0.0,0.0
2026-01-25 16:18:25,clusterB,20,4,2,2,0.50,0.5,0.5,0.0,0.0,0.0
2026-01-25 16:18:31,clusterA,20,4,1,3,0.25,0.5,0.5,0.0,0.0,0.0
2026-01-25 16:18:31,clusterB,20,4,2,2,0.50,0.5,0.5,0.0,0.0,0.0
2026-01-25 16:18:36,clusterA,20,4,1,3,0.25,0.5,0.5,0.0,0.0,0.0
2026-01-25 16:18:36,clusterB,20,4,2,2,0.50,0.5,0.5,0.0,0.0,0.0
2026-01-25 16:18:41,clusterA,20,4,1,3,0.25,0.5,0.5,0.0,0.0,0.0
2026-01-25 16:18:41,clusterB,20,4,2,2,0.50,0.5,0.5,0.0,0.0,0.0
2026-01-25 16:18:46,clusterA,20,4,1,3,0.25,0.5,0.5,0.0,0.0,0.0
2026-01-25 16:18:46,clusterB,20,4,2,2,0.50,0.5,0.5,0.0,0.0,0.0
2026-01-25 16:18:51,clusterA,20,4,1,3,0.25,0.5,0.5,0.0,0.0,0.0
2026-01-25 16:18:51,clusterB,20,4,2,2,0.50,0.5,0.5,0.0,0.0,0.0
2026-01-25 16:18:56,clusterA,20,4,1,3,0.25,0.5,0.5,0.0,0.0,0.0
2026-01-25 16:18:56,clusterB,20,4,2,2,0.50,0.5,0.5,0.0,0.0,0.0
2026-01-25 16:19:01,clusterA,20,4,1,3,0.25,0.5,0.5,0.0,0.0,0.0
2026-01-25 16:19:01,clusterB,20,4,2,2,0.50,0.5,0.5,0.0,0.0,0.0
2026-01-25 16:19:07,clusterA,20,4,1,3,0.25,0.5,0.5,0.0,0.0,0.0
2026-01-25 16:19:07,clusterB,20,4,2,2,0.50,0.5,0.5,0.0,0.0,0.0
2026-01-25 16:19:12,clusterA,20,4,1,3,0.25,0.5,0.5,0.0,0.0,0.0
2026-01-25 16:19:12,clusterB,20,4,2,2,0.50,0.5,0.5,0.0,0.0,0.0
2026-01-25 16:19:17,clusterA,20,4,1,3,0.25,0.5,0.5,0.0,0.0,0.0
2026-01-25 16:19:17,clusterB,20,4,2,2,0.50,0.5,0.5,0.0,0.0,0.0
2026-01-25 16:19:22,clusterA,20,4,1,3,0.25,0.5,0.5,0.0,0.0,0.0
2026-01-25 16:19:22,clusterB,20,4,2,2,0.50,0.5,0.5,0.0,0.0,0.0
2026-01-25 16:19:27,clusterA,20,4,1,3,0.25,0.5,0.5,0.0,0.0,0.0
2026-01-25 16:19:27,clusterB,20,4,2,2,0.50,0.5,0.5,0.0,0.0,0.0
2026-01-25 16:19:32,clusterA,20,4,1,3,0.25,0.5,0.5,0.0,0.0,0.0
2026-01-25 16:19:32,clusterB,20,4,2,2,0.50,0.5,0.5,0.0,0.0,0.0
2026-01-25 16:19:37,clusterA,20,4,1,3,0.25,0.5,0.5,0.0,0.0,0.0
2026-01-25 16:19:37,clusterB,20,4,2,2,0.50,0.5,0.5,0.0,0.0,0.0
2026-01-25 16:19:43,clusterA,20,4,1,3,0.25,0.5,0.5,0.0,0.0,0.0
2026-01-25 16:19:43,clusterB,20,4,2,2,0.50,0.5,0.5,0.0,0.0,0.0
2026-01-25 16:19:48,clusterA,20,4,1,3,0.25,0.5,0.5,0.0,0.0,0.0
2026-01-25 16:19:48,clusterB,20,4,2,2,0.50,0.5,0.5,0.0,0.0,0.0
2026-01-25 16:19:53,clusterA,20,4,1,3,0.25,0.5,0.5,0.0,0.0,0.0
2026-01-25 16:19:53,clusterB,20,4,1,3,0.25,0.5,0.5,0.0,0.0,0.0
2026-01-25 16:19:58,clusterA,20,4,1,3,0.25,0.5,0.5,0.0,0.0,0.0
2026-01-25 16:19:58,clusterB,20,4,1,3,0.25,0.5,0.5,0.0,0.0,0.0
2026-01-25 16:20:03,clusterA,20,4,1,3,0.25,0.5,0.5,0.0,0.0,0.0
2026-01-25 16:20:03,clusterB,20,4,1,3,0.25,0.5,0.5,0.0,0.0,0.0
2026-01-25 16:20:08,clusterA,20,4,1,3,0.25,0.5,0.5,0.0,0.0,0.0
2026-01-25 16:20:08,clusterB,20,4,1,3,0.25,0.5,0.5,0.0,0.0,0.0
2026-01-25 16:20:13,clusterA,20,4,1,3,0.25,0.5,0.5,0.0,0.0,0.0
2026-01-25 16:20:13,clusterB,20,4,1,3,0.25,0.5,0.5,0.0,0.0,0.0
2026-01-25 16:20:18,clusterA,20,4,1,3,0.25,0.5,0.5,0.0,0.0,0.0
2026-01-25 16:20:18,clusterB,20,4,1,3,0.25,0.5,0.5,0.0,0.0,0.0
2026-01-25 16:20:23,clusterA,20,4,1,3,0.25,0.5,0.5,0.0,0.0,0.0
2026-01-25 16:20:23,clusterB,20,4,1,3,0.25,0.5,0.5,0.0,0.0,0.0
2026-01-25 16:20:29,clusterA,20,4,1,3,0.25,0.5,0.5,0.0,0.0,0.0
2026-01-25 16:20:29,clusterB,20,4,1,3,0.25,0.5,0.5,0.0,0.0,0.0
2026-01-25 16:20:34,clusterA,20,4,1,3,0.25,0.5,0.5,0.0,0.0,0.0
2026-01-25 16:20:34,clusterB,20,4,1,3,0.25,0.5,0.5,0.0,0.0,0.0
2026-01-25 16:20:39,clusterA,20,4,1,3,0.25,0.5,0.5,0.0,0.0,0.0
2026-01-25 16:20:39,clusterB,20,4,1,3,0.25,0.5,0.5,0.0,0.0,0.0
2026-01-25 16:20:44,clusterA,20,4,1,3,0.25,0.5,0.5,0.0,0.0,0.0
2026-01-25 16:20:44,clusterB,20,4,1,3,0.25,0.5,0.5,0.0,0.0,0.0
2026-01-25 16:20:49,clusterA,20,4,1,3,0.25,0.5,0.5,0.0,0.0,0.0
2026-01-25 16:20:49,clusterB,20,4,1,3,0.25,0.5,0.5,0.0,0.0,0.0
2026-01-25 16:20:54,clusterA,20,4,1,3,0.25,0.5,0.5,0.0,0.0,0.0
2026-01-25 16:20:54,clusterB,20,4,1,3,0.25,0.5,0.5,0.0,0.0,0.0
2026-01-25 16:20:59,clusterA,20,4,1,3,0.25,0.5,0.5,0.0,0.0,0.0
2026-01-25 16:20:59,clusterB,20,4,1,3,0.25,0.5,0.5,0.0,0.0,0.0
2026-01-25 16:21:04,clusterA,20,4,1,3,0.25,0.5,0.5,0.0,0.0,0.0
2026-01-25 16:21:04,clusterB,20,4,1,3,0.25,0.5,0.5,0.0,0.0,0.0
2026-01-25 16:21:09,clusterA,20,4,1,3,0.25,0.5,0.5,0.0,0.0,0.0
2026-01-25 16:21:09,clusterB,20,4,1,3,0.25,0.5,0.5,0.0,0.0,0.0
2026-01-25 16:21:14,clusterA,20,4,1,3,0.25,0.5,0.5,0.0,0.0,0.0
2026-01-25 16:21:14,clusterB,20,4,1,3,0.25,0.5,0.5,0.0,0.0,0.0
2026-01-25 16:21:20,clusterA,20,4,1,3,0.25,0.5,0.5,0.0,0.0,0.0
2026-01-25 16:21:20,clusterB,20,4,1,3,0.25,0.5,0.5,0.0,0.0,0.0
2026-01-25 16:21:25,clusterA,20,4,1,3,0.25,0.5,0.5,0.0,0.0,0.0
2026-01-25 16:21:25,clusterB,20,4,1,3,0.25,0.5,0.5,0.0,0.0,0.0
2026-01-25 16:21:30,clusterA,20,4,1,3,0.25,0.5,0.5,0.0,0.0,0.0
2026-01-25 16:21:30,clusterB,20,4,1,3,0.25,0.5,0.5,0.0,0.0,0.0
2026-01-25 16:21:35,clusterA,20,4,1,3,0.25,0.5,0.5,0.0,0.0,0.0
2026-01-25 16:21:35,clusterB,20,4,1,3,0.25,0.5,0.5,0.0,0.0,0.0
2026-01-25 16:21:40,clusterA,20,4,1,3,0.25,0.5,0.5,0.0,0.0,0.0
2026-01-25 16:21:40,clusterB,20,4,1,3,0.25,0.5,0.5,0.0,0.0,0.0
2026-01-25 16:21:45,clusterA,20,4,1,3,0.25,0.5,0.5,0.0,0.0,0.0
2026-01-25 16:21:45,clusterB,20,4,0,4,0.00,0.5,0.5,0.0,0.0,0.0
2026-01-25 16:21:51,clusterA,17,4,2,2,0.50,0.5,0.5,0.0,0.0,0.0
2026-01-25 16:21:51,clusterB,17,4,4,0,1.00,0.5,0.5,0.0,0.0,0.0
2026-01-25 16:21:56,clusterA,17,4,2,2,0.50,0.5,0.5,0.0,0.0,0.0
2026-01-25 16:21:56,clusterB,17,4,4,0,1.00,0.5,0.5,0.0,0.0,0.0
2026-01-25 16:22:01,clusterA,17,4,2,2,0.50,0.5,0.5,0.0,0.0,0.0
2026-01-25 16:22:01,clusterB,17,4,4,0,1.00,0.5,0.5,0.0,0.0,0.0
2026-01-25 16:22:06,clusterA,17,4,2,2,0.50,0.5,0.5,0.0,0.0,0.0
2026-01-25 16:22:06,clusterB,17,4,4,0,1.00,0.5,0.5,0.0,0.0,0.0
2026-01-25 16:22:11,clusterA,17,4,2,2,0.50,0.5,0.5,0.0,0.0,0.0
2026-01-25 16:22:11,clusterB,17,4,4,0,1.00,0.5,0.5,0.0,0.0,0.0
2026-01-25 16:22:16,clusterA,17,4,2,2,0.50,0.5,0.5,0.0,0.0,0.0
2026-01-25 16:22:16,clusterB,17,4,4,0,1.00,0.5,0.5,0.0,0.0,0.0
2026-01-25 16:22:21,clusterA,17,4,2,2,0.50,0.5,0.5,0.0,0.0,0.0
2026-01-25 16:22:21,clusterB,17,4,4,0,1.00,0.5,0.5,0.0,0.0,0.0
2026-01-25 16:22:27,clusterA,17,4,2,2,0.50,0.5,0.5,0.0,0.0,0.0
2026-01-25 16:22:27,clusterB,17,4,4,0,1.00,0.5,0.5,0.0,0.0,0.0
2026-01-25 16:22:32,clusterA,17,4,2,2,0.50,0.5,0.5,0.0,0.0,0.0
2026-01-25 16:22:32,clusterB,17,4,4,0,1.00,0.5,0.5,0.0,0.0,0.0
2026-01-25 16:22:37,clusterA,17,4,2,2,0.50,0.5,0.5,0.0,0.0,0.0
2026-01-25 16:22:37,clusterB,17,4,4,0,1.00,0.5,0.5,0.0,0.0,0.0
2026-01-25 16:22:42,clusterA,17,4,2,2,0.50,0.5,0.5,0.0,0.0,0.0
2026-01-25 16:22:42,clusterB,17,4,4,0,1.00,0.5,0.5,0.0,0.0,0.0
2026-01-25 16:22:47,clusterA,17,4,2,2,0.50,0.5,0.5,0.0,0.0,0.0
2026-01-25 16:22:47,clusterB,17,4,4,0,1.00,0.5,0.5,0.0,0.0,0.0
2026-01-25 16:22:52,clusterA,17,4,1,3,0.25,0.5,0.5,0.0,0.0,0.0
2026-01-25 16:22:52,clusterB,17,4,4,0,1.00,0.5,0.5,0.0,0.0,0.0
2026-01-25 16:22:57,clusterA,17,4,1,3,0.25,0.5,0.5,0.0,0.0,0.0
2026-01-25 16:22:57,clusterB,17,4,4,0,1.00,0.5,0.5,0.0,0.0,0.0
2026-01-25 16:23:03,clusterA,17,4,1,3,0.25,0.5,0.5,0.0,0.0,0.0
2026-01-25 16:23:03,clusterB,17,4,4,0,1.00,0.5,0.5,0.0,0.0,0.0
2026-01-25 16:23:08,clusterA,17,4,1,3,0.25,0.5,0.5,0.0,0.0,0.0
2026-01-25 16:23:08,clusterB,17,4,4,0,1.00,0.5,0.5,0.0,0.0,0.0
2026-01-25 16:23:13,clusterA,17,4,1,3,0.25,0.5,0.5,0.0,0.0,0.0
2026-01-25 16:23:13,clusterB,17,4,4,0,1.00,0.5,0.5,0.0,0.0,0.0
2026-01-25 16:23:18,clusterA,17,4,1,3,0.25,0.5,0.5,0.0,0.0,0.0
2026-01-25 16:23:18,clusterB,17,4,4,0,1.00,0.5,0.5,0.0,0.0,0.0
2026-01-25 16:23:23,clusterA,17,4,1,3,0.25,0.5,0.5,0.0,0.0,0.0
2026-01-25 16:23:23,clusterB,17,4,4,0,1.00,0.5,0.5,0.0,0.0,0.0
2026-01-25 16:23:28,clusterA,17,4,1,3,0.25,0.5,0.5,0.0,0.0,0.0
2026-01-25 16:23:28,clusterB,17,4,4,0,1.00,0.5,0.5,0.0,0.0,0.0
2026-01-25 16:23:33,clusterA,17,4,1,3,0.25,0.5,0.5,0.0,0.0,0.0
2026-01-25 16:23:33,clusterB,17,4,4,0,1.00,0.5,0.5,0.0,0.0,0.0
2026-01-25 16:23:38,clusterA,17,4,1,3,0.25,0.5,0.5,0.0,0.0,0.0
2026-01-25 16:23:38,clusterB,17,4,4,0,1.00,0.5,0.5,0.0,0.0,0.0
2026-01-25 16:23:43,clusterA,17,4,1,3,0.25,0.5,0.5,0.0,0.0,0.0
2026-01-25 16:23:43,clusterB,17,4,4,0,1.00,0.5,0.5,0.0,0.0,0.0
2026-01-25 16:23:48,clusterA,17,4,1,3,0.25,0.5,0.5,0.0,0.0,0.0
2026-01-25 16:23:48,clusterB,17,4,4,0,1.00,0.5,0.5,0.0,0.0,0.0
2026-01-25 16:23:54,clusterA,17,4,1,3,0.25,0.5,0.5,0.0,0.0,0.0
2026-01-25 16:23:54,clusterB,17,4,4,0,1.00,0.5,0.5,0.0,0.0,0.0
2026-01-25 16:23:59,clusterA,17,4,1,3,0.25,0.5,0.5,0.0,0.0,0.0
2026-01-25 16:23:59,clusterB,17,4,4,0,1.00,0.5,0.5,0.0,0.0,0.0
2026-01-25 16:24:04,clusterA,17,4,1,3,0.25,0.5,0.5,0.0,0.0,0.0
2026-01-25 16:24:04,clusterB,17,4,4,0,1.00,0.5,0.5,0.0,0.0,0.0
2026-01-25 16:24:09,clusterA,17,4,1,3,0.25,0.5,0.5,0.0,0.0,0.0
2026-01-25 16:24:09,clusterB,17,4,4,0,1.00,0.5,0.5,0.0,0.0,0.0
2026-01-25 16:24:14,clusterA,17,4,1,3,0.25,0.5,0.5,0.0,0.0,0.0
2026-01-25 16:24:14,clusterB,17,4,4,0,1.00,0.5,0.5,0.0,0.0,0.0
2026-01-25 16:24:19,clusterA,17,4,1,3,0.25,0.5,0.5,0.0,0.0,0.0
2026-01-25 16:24:19,clusterB,17,4,4,0,1.00,0.5,0.5,0.0,0.0,0.0
2026-01-25 16:24:24,clusterA,17,4,1,3,0.25,0.5,0.5,0.0,0.0,0.0
2026-01-25 16:24:24,clusterB,17,4,4,0,1.00,0.5,0.5,0.0,0.0,0.0
2026-01-25 16:24:29,clusterA,17,4,1,3,0.25,0.5,0.5,0.0,0.0,0.0
2026-01-25 16:24:29,clusterB,17,4,4,0,1.00,0.5,0.5,0.0,0.0,0.0
2026-01-25 16:24:34,clusterA,17,4,1,3,0.25,0.5,0.5,0.0,0.0,0.0
2026-01-25 16:24:34,clusterB,17,4,4,0,1.00,0.5,0.5,0.0,0.0,0.0
2026-01-25 16:24:39,clusterA,17,4,1,3,0.25,0.5,0.5,0.0,0.0,0.0
2026-01-25 16:24:39,clusterB,17,4,4,0,1.00,0.5,0.5,0.0,0.0,0.0
2026-01-25 16:24:45,clusterA,17,4,1,3,0.25,0.5,0.5,0.0,0.0,0.0
2026-01-25 16:24:45,clusterB,17,4,4,0,1.00,0.5,0.5,0.0,0.0,0.0
2026-01-25 16:24:50,clusterA,17,4,1,3,0.25,0.5,0.5,0.0,0.0,0.0
2026-01-25 16:24:50,clusterB,17,4,4,0,1.00,0.5,0.5,0.0,0.0,0.0
2026-01-25 16:24:55,clusterA,17,4,1,3,0.25,0.5,0.5,0.0,0.0,0.0
2026-01-25 16:24:55,clusterB,17,4,4,0,1.00,0.5,0.5,0.0,0.0,0.0
2026-01-25 16:25:00,clusterA,17,4,1,3,0.25,0.5,0.5,0.0,0.0,0.0
2026-01-25 16:25:00,clusterB,17,4,4,0,1.00,0.5,0.5,0.0,0.0,0.0
2026-01-25 16:25:05,clusterA,17,4,1,3,0.25,0.5,0.5,0.0,0.0,0.0
2026-01-25 16:25:05,clusterB,17,4,4,0,1.00,0.5,0.5,0.0,0.0,0.0
2026-01-25 16:25:10,clusterA,17,4,1,3,0.25,0.5,0.5,0.0,0.0,0.0
2026-01-25 16:25:10,clusterB,17,4,4,0,1.00,0.5,0.5,0.0,0.0,0.0
2026-01-25 16:25:15,clusterA,17,4,1,3,0.25,0.5,0.5,0.0,0.0,0.0
2026-01-25 16:25:15,clusterB,17,4,4,0,1.00,0.5,0.5,0.0,0.0,0.0
2026-01-25 16:25:20,clusterA,17,4,1,3,0.25,0.5,0.5,0.0,0.0,0.0
2026-01-25 16:25:20,clusterB,17,4,4,0,1.00,0.5,0.5,0.0,0.0,0.0
2026-01-25 16:25:25,clusterA,17,4,1,3,0.25,0.5,0.5,0.0,0.0,0.0
2026-01-25 16:25:25,clusterB,17,4,4,0,1.00,0.5,0.5,0.0,0.0,0.0
2026-01-25 16:25:30,clusterA,17,4,1,3,0.25,0.5,0.5,0.0,0.0,0.0
2026-01-25 16:25:30,clusterB,17,4,4,0,1.00,0.5,0.5,0.0,0.0,0.0
2026-01-25 16:25:36,clusterA,17,4,1,3,0.25,0.5,0.5,0.0,0.0,0.0
2026-01-25 16:25:36,clusterB,17,4,4,0,1.00,0.5,0.5,0.0,0.0,0.0
2026-01-25 16:25:41,clusterA,17,4,1,3,0.25,0.5,0.5,0.0,0.0,0.0
2026-01-25 16:25:41,clusterB,17,4,4,0,1.00,0.5,0.5,0.0,0.0,0.0
2026-01-25 16:25:46,clusterA,17,4,1,3,0.25,0.5,0.5,0.0,0.0,0.0
2026-01-25 16:25:46,clusterB,17,4,4,0,1.00,0.5,0.5,0.0,0.0,0.0
2026-01-25 16:25:51,clusterA,17,4,1,3,0.25,0.5,0.5,0.0,0.0,0.0
2026-01-25 16:25:51,clusterB,17,4,4,0,1.00,0.5,0.5,0.0,0.0,0.0
2026-01-25 16:25:56,clusterA,17,4,1,3,0.25,0.5,0.5,0.0,0.0,0.0
2026-01-25 16:25:56,clusterB,17,4,4,0,1.00,0.5,0.5,0.0,0.0,0.0
2026-01-25 16:26:01,clusterA,17,4,1,3,0.25,0.5,0.5,0.0,0.0,0.0
2026-01-25 16:26:01,clusterB,17,4,4,0,1.00,0.5,0.5,0.0,0.0,0.0
2026-01-25 16:26:06,clusterA,17,4,1,3,0.25,0.5,0.5,0.0,0.0,0.0
2026-01-25 16:26:06,clusterB,17,4,4,0,1.00,0.5,0.5,0.0,0.0,0.0
2026-01-25 16:26:11,clusterA,17,4,1,3,0.25,0.5,0.5,0.0,0.0,0.0
2026-01-25 16:26:11,clusterB,17,4,4,0,1.00,0.5,0.5,0.0,0.0,0.0
2026-01-25 16:26:16,clusterA,17,4,1,3,0.25,0.5,0.5,0.0,0.0,0.0
2026-01-25 16:26:16,clusterB,17,4,4,0,1.00,0.5,0.5,0.0,0.0,0.0
2026-01-25 16:26:21,clusterA,17,4,1,3,0.25,0.5,0.5,0.0,0.0,0.0
2026-01-25 16:26:21,clusterB,17,4,4,0,1.00,0.5,0.5,0.0,0.0,0.0
2026-01-25 16:26:27,clusterA,17,4,1,3,0.25,0.5,0.5,0.0,0.0,0.0
2026-01-25 16:26:27,clusterB,17,4,4,0,1.00,0.5,0.5,0.0,0.0,0.0
2026-01-25 16:26:32,clusterA,17,4,1,3,0.25,0.5,0.5,0.0,0.0,0.0
2026-01-25 16:26:32,clusterB,17,4,4,0,1.00,0.5,0.5,0.0,0.0,0.0
2026-01-25 16:26:37,clusterA,17,4,1,3,0.25,0.5,0.5,0.0,0.0,0.0
2026-01-25 16:26:37,clusterB,17,4,4,0,1.00,0.5,0.5,0.0,0.0,0.0
2026-01-25 16:26:42,clusterA,17,4,1,3,0.25,0.5,0.5,0.0,0.0,0.0
2026-01-25 16:26:42,clusterB,17,4,4,0,1.00,0.5,0.5,0.0,0.0,0.0
2026-01-25 16:26:47,clusterA,17,4,1,3,0.25,0.5,0.5,0.0,0.0,0.0
2026-01-25 16:26:47,clusterB,17,4,4,0,1.00,0.5,0.5,0.0,0.0,0.0
2026-01-25 16:26:52,clusterA,17,4,1,3,0.25,0.5,0.5,0.0,0.0,0.0
2026-01-25 16:26:52,clusterB,17,4,4,0,1.00,0.5,0.5,0.0,0.0,0.0
2026-01-25 16:26:57,clusterA,17,4,1,3,0.25,0.5,0.5,0.0,0.0,0.0
2026-01-25 16:26:57,clusterB,17,4,4,0,1.00,0.5,0.5,0.0,0.0,0.0
2026-01-25 16:27:02,clusterA,17,4,1,3,0.25,0.5,0.5,0.0,0.0,0.0
2026-01-25 16:27:02,clusterB,17,4,4,0,1.00,0.5,0.5,0.0,0.0,0.0
2026-01-25 16:27:07,clusterA,17,4,1,3,0.25,0.5,0.5,0.0,0.0,0.0
2026-01-25 16:27:07,clusterB,17,4,4,0,1.00,0.5,0.5,0.0,0.0,0.0
2026-01-25 16:27:12,clusterA,17,4,1,3,0.25,0.5,0.5,0.0,0.0,0.0
2026-01-25 16:27:12,clusterB,17,4,4,0,1.00,0.5,0.5,0.0,0.0,0.0
2026-01-25 16:27:17,clusterA,17,4,1,3,0.25,0.5,0.5,0.0,0.0,0.0
2026-01-25 16:27:17,clusterB,17,4,4,0,1.00,0.5,0.5,0.0,0.0,0.0
2026-01-25 16:27:23,clusterA,17,4,1,3,0.25,0.5,0.5,0.0,0.0,0.0
2026-01-25 16:27:23,clusterB,17,4,4,0,1.00,0.5,0.5,0.0,0.0,0.0
2026-01-25 16:27:28,clusterA,17,4,1,3,0.25,0.5,0.5,0.0,0.0,0.0
2026-01-25 16:27:28,clusterB,17,4,4,0,1.00,0.5,0.5,0.0,0.0,0.0
2026-01-25 16:27:33,clusterA,17,4,1,3,0.25,0.5,0.5,0.0,0.0,0.0
2026-01-25 16:27:33,clusterB,17,4,4,0,1.00,0.5,0.5,0.0,0.0,0.0
2026-01-25 16:27:38,clusterA,17,4,1,3,0.25,0.5,0.5,0.0,0.0,0.0
2026-01-25 16:27:38,clusterB,17,4,4,0,1.00,0.5,0.5,0.0,0.0,0.0
2026-01-25 16:27:43,clusterA,17,4,1,3,0.25,0.5,0.5,0.0,0.0,0.0
2026-01-25 16:27:43,clusterB,17,4,4,0,1.00,0.5,0.5,0.0,0.0,0.0
2026-01-25 16:27:48,clusterA,17,4,1,3,0.25,0.5,0.5,0.0,0.0,0.0
2026-01-25 16:27:48,clusterB,17,4,4,0,1.00,0.5,0.5,0.0,0.0,0.0
2026-01-25 16:27:53,clusterA,17,4,1,3,0.25,0.5,0.5,0.0,0.0,0.0
2026-01-25 16:27:53,clusterB,17,4,4,0,1.00,0.5,0.5,0.0,0.0,0.0
2026-01-25 16:27:58,clusterA,17,4,1,3,0.25,0.5,0.5,0.0,0.0,0.0
2026-01-25 16:27:58,clusterB,17,4,4,0,1.00,0.5,0.5,0.0,0.0,0.0
2026-01-25 16:28:03,clusterA,17,4,1,3,0.25,0.5,0.5,0.0,0.0,0.0
2026-01-25 16:28:03,clusterB,17,4,4,0,1.00,0.5,0.5,0.0,0.0,0.0
2026-01-25 16:28:08,clusterA,17,4,1,3,0.25,0.5,0.5,0.0,0.0,0.0
2026-01-25 16:28:08,clusterB,17,4,4,0,1.00,0.5,0.5,0.0,0.0,0.0
2026-01-25 16:28:14,clusterA,17,4,1,3,0.25,0.5,0.5,0.0,0.0,0.0
2026-01-25 16:28:14,clusterB,17,4,4,0,1.00,0.5,0.5,0.0,0.0,0.0
2026-01-25 16:28:19,clusterA,17,4,1,3,0.25,0.5,0.5,0.0,0.0,0.0
2026-01-25 16:28:19,clusterB,17,4,4,0,1.00,0.5,0.5,0.0,0.0,0.0
2026-01-25 16:28:24,clusterA,17,4,1,3,0.25,0.5,0.5,0.0,0.0,0.0
2026-01-25 16:28:24,clusterB,17,4,4,0,1.00,0.5,0.5,0.0,0.0,0.0
2026-01-25 16:28:29,clusterA,17,4,1,3,0.25,0.5,0.5,0.0,0.0,0.0
2026-01-25 16:28:29,clusterB,17,4,4,0,1.00,0.5,0.5,0.0,0.0,0.0
2026-01-25 16:28:34,clusterA,17,4,1,3,0.25,0.5,0.5,0.0,0.0,0.0
2026-01-25 16:28:34,clusterB,17,4,4,0,1.00,0.5,0.5,0.0,0.0,0.0
2026-01-25 16:28:39,clusterA,17,4,1,3,0.25,0.5,0.5,0.0,0.0,0.0
2026-01-25 16:28:39,clusterB,17,4,4,0,1.00,0.5,0.5,0.0,0.0,0.0
2026-01-25 16:28:44,clusterA,17,4,1,3,0.25,0.5,0.5,0.0,0.0,0.0
2026-01-25 16:28:44,clusterB,17,4,4,0,1.00,0.5,0.5,0.0,0.0,0.0
2026-01-25 16:28:49,clusterA,17,4,1,3,0.25,0.5,0.5,0.0,0.0,0.0
2026-01-25 16:28:49,clusterB,17,4,4,0,1.00,0.5,0.5,0.0,0.0,0.0
2026-01-25 16:28:54,clusterA,17,4,1,3,0.25,0.5,0.5,0.0,0.0,0.0
2026-01-25 16:28:54,clusterB,17,4,4,0,1.00,0.5,0.5,0.0,0.0,0.0
2026-01-25 16:28:59,clusterA,17,4,1,3,0.25,0.5,0.5,0.0,0.0,0.0
2026-01-25 16:28:59,clusterB,17,4,4,0,1.00,0.5,0.5,0.0,0.0,0.0
2026-01-25 16:29:05,clusterA,17,4,1,3,0.25,0.5,0.5,0.0,0.0,0.0
2026-01-25 16:29:05,clusterB,17,4,4,0,1.00,0.5,0.5,0.0,0.0,0.0
2026-01-25 16:29:10,clusterA,17,4,1,3,0.25,0.5,0.5,0.0,0.0,0.0
2026-01-25 16:29:10,clusterB,17,4,4,0,1.00,0.5,0.5,0.0,0.0,0.0
2026-01-25 16:29:15,clusterA,17,4,1,3,0.25,0.5,0.5,0.0,0.0,0.0
2026-01-25 16:29:15,clusterB,17,4,4,0,1.00,0.5,0.5,0.0,0.0,0.0
2026-01-25 16:29:20,clusterA,17,4,1,3,0.25,0.5,0.5,0.0,0.0,0.0
2026-01-25 16:29:20,clusterB,17,4,4,0,1.00,0.5,0.5,0.0,0.0,0.0
2026-01-25 16:29:25,clusterA,17,4,1,3,0.25,0.5,0.5,0.0,0.0,0.0
2026-01-25 16:29:25,clusterB,17,4,4,0,1.00,0.5,0.5,0.0,0.0,0.0
2026-01-25 16:29:30,clusterA,17,4,1,3,0.25,0.5,0.5,0.0,0.0,0.0
2026-01-25 16:29:30,clusterB,17,4,4,0,1.00,0.5,0.5,0.0,0.0,0.0
2026-01-25 16:29:35,clusterA,17,4,1,3,0.25,0.5,0.5,0.0,0.0,0.0
2026-01-25 16:29:35,clusterB,17,4,4,0,1.00,0.5,0.5,0.0,0.0,0.0
2026-01-25 16:29:40,clusterA,17,4,1,3,0.25,0.5,0.5,0.0,0.0,0.0
2026-01-25 16:29:40,clusterB,17,4,4,0,1.00,0.5,0.5,0.0,0.0,0.0
2026-01-25 16:29:45,clusterA,17,4,1,3,0.25,0.5,0.5,0.0,0.0,0.0
2026-01-25 16:29:45,clusterB,17,4,4,0,1.00,0.5,0.5,0.0,0.0,0.0
2026-01-25 16:29:50,clusterA,17,4,1,3,0.25,0.5,0.5,0.0,0.0,0.0
2026-01-25 16:29:50,clusterB,17,4,4,0,1.00,0.5,0.5,0.0,0.0,0.0
2026-01-25 16:29:55,clusterA,17,4,1,3,0.25,0.5,0.5,0.0,0.0,0.0
2026-01-25 16:29:55,clusterB,17,4,4,0,1.00,0.5,0.5,0.0,0.0,0.0
2026-01-25 16:30:01,clusterA,17,4,1,3,0.25,0.5,0.5,0.0,0.0,0.0
2026-01-25 16:30:01,clusterB,17,4,4,0,1.00,0.5,0.5,0.0,0.0,0.0
2026-01-25 16:30:06,clusterA,17,4,1,3,0.25,0.5,0.5,0.0,0.0,0.0
2026-01-25 16:30:06,clusterB,17,4,4,0,1.00,0.5,0.5,0.0,0.0,0.0
2026-01-25 16:30:11,clusterA,17,4,1,3,0.25,0.5,0.5,0.0,0.0,0.0
2026-01-25 16:30:11,clusterB,17,4,4,0,1.00,0.5,0.5,0.0,0.0,0.0
2026-01-25 16:30:16,clusterA,17,4,1,3,0.25,0.5,0.5,0.0,0.0,0.0
2026-01-25 16:30:16,clusterB,17,4,4,0,1.00,0.5,0.5,0.0,0.0,0.0
2026-01-25 16:30:21,clusterA,17,4,1,3,0.25,0.5,0.5,0.0,0.0,0.0
2026-01-25 16:30:21,clusterB,17,4,4,0,1.00,0.5,0.5,0.0,0.0,0.0
2026-01-25 16:30:26,clusterA,17,4,1,3,0.25,0.5,0.5,0.0,0.0,0.0
2026-01-25 16:30:26,clusterB,17,4,4,0,1.00,0.5,0.5,0.0,0.0,0.0
2026-01-25 16:30:31,clusterA,17,4,1,3,0.25,0.5,0.5,0.0,0.0,0.0
2026-01-25 16:30:31,clusterB,17,4,4,0,1.00,0.5,0.5,0.0,0.0,0.0
2026-01-25 16:30:36,clusterA,17,4,1,3,0.25,0.5,0.5,0.0,0.0,0.0
2026-01-25 16:30:36,clusterB,17,4,4,0,1.00,0.5,0.5,0.0,0.0,0.0
2026-01-25 16:30:41,clusterA,17,4,1,3,0.25,0.5,0.5,0.0,0.0,0.0
2026-01-25 16:30:41,clusterB,17,4,4,0,1.00,0.5,0.5,0.0,0.0,0.0
2026-01-25 16:30:46,clusterA,17,4,1,3,0.25,0.5,0.5,0.0,0.0,0.0
2026-01-25 16:30:46,clusterB,17,4,4,0,1.00,0.5,0.5,0.0,0.0,0.0
2026-01-25 16:30:52,clusterA,17,4,1,3,0.25,0.5,0.5,0.0,0.0,0.0
2026-01-25 16:30:52,clusterB,17,4,4,0,1.00,0.5,0.5,0.0,0.0,0.0
2026-01-25 16:30:57,clusterA,17,4,1,3,0.25,0.5,0.5,0.0,0.0,0.0
2026-01-25 16:30:57,clusterB,17,4,4,0,1.00,0.5,0.5,0.0,0.0,0.0
2026-01-25 16:31:02,clusterA,17,4,1,3,0.25,0.5,0.5,0.0,0.0,0.0
2026-01-25 16:31:02,clusterB,17,4,4,0,1.00,0.5,0.5,0.0,0.0,0.0
2026-01-25 16:31:07,clusterA,17,4,1,3,0.25,0.5,0.5,0.0,0.0,0.0
2026-01-25 16:31:07,clusterB,17,4,4,0,1.00,0.5,0.5,0.0,0.0,0.0
2026-01-25 16:31:12,clusterA,17,4,1,3,0.25,0.5,0.5,0.0,0.0,0.0
2026-01-25 16:31:12,clusterB,17,4,4,0,1.00,0.5,0.5,0.0,0.0,0.0
2026-01-25 16:31:17,clusterA,17,4,1,3,0.25,0.5,0.5,0.0,0.0,0.0
2026-01-25 16:31:17,clusterB,17,4,4,0,1.00,0.5,0.5,0.0,0.0,0.0
2026-01-25 16:31:22,clusterA,17,4,1,3,0.25,0.5,0.5,0.0,0.0,0.0
2026-01-25 16:31:22,clusterB,17,4,4,0,1.00,0.5,0.5,0.0,0.0,0.0
2026-01-25 16:31:27,clusterA,17,4,1,3,0.25,0.5,0.5,0.0,0.0,0.0
2026-01-25 16:31:27,clusterB,17,4,4,0,1.00,0.5,0.5,0.0,0.0,0.0
2026-01-25 16:31:32,clusterA,17,4,1,3,0.25,0.5,0.5,0.0,0.0,0.0
2026-01-25 16:31:32,clusterB,17,4,4,0,1.00,0.5,0.5,0.0,0.0,0.0
2026-01-25 16:31:37,clusterA,17,4,1,3,0.25,0.5,0.5,0.0,0.0,0.0
2026-01-25 16:31:37,clusterB,17,4,4,0,1.00,0.5,0.5,0.0,0.0,0.0
2026-01-25 16:31:43,clusterA,17,4,1,3,0.25,0.5,0.5,0.0,0.0,0.0
2026-01-25 16:31:43,clusterB,17,4,4,0,1.00,0.5,0.5,0.0,0.0,0.0
2026-01-25 16:31:48,clusterA,17,4,1,3,0.25,0.5,0.5,0.0,0.0,0.0
2026-01-25 16:31:48,clusterB,17,4,4,0,1.00,0.5,0.5,0.0,0.0,0.0
2026-01-25 16:31:53,clusterA,17,4,1,3,0.25,0.5,0.5,0.0,0.0,0.0
2026-01-25 16:31:53,clusterB,17,4,4,0,1.00,0.5,0.5,0.0,0.0,0.0
2026-01-25 16:31:58,clusterA,17,4,1,3,0.25,0.5,0.5,0.0,0.0,0.0
2026-01-25 16:31:58,clusterB,17,4,4,0,1.00,0.5,0.5,0.0,0.0,0.0
2026-01-25 16:32:03,clusterA,17,4,1,3,0.25,0.5,0.5,0.0,0.0,0.0
2026-01-25 16:32:03,clusterB,17,4,4,0,1.00,0.5,0.5,0.0,0.0,0.0
2026-01-25 16:32:08,clusterA,17,4,1,3,0.25,0.5,0.5,0.0,0.0,0.0
2026-01-25 16:32:08,clusterB,17,4,4,0,1.00,0.5,0.5,0.0,0.0,0.0
2026-01-25 16:32:13,clusterA,17,4,1,3,0.25,0.5,0.5,0.0,0.0,0.0
2026-01-25 16:32:13,clusterB,17,4,4,0,1.00,0.5,0.5,0.0,0.0,0.0
2026-01-25 16:32:18,clusterA,17,4,1,3,0.25,0.5,0.5,0.0,0.0,0.0
2026-01-25 16:32:18,clusterB,17,4,4,0,1.00,0.5,0.5,0.0,0.0,0.0
2026-01-25 16:32:23,clusterA,17,4,1,3,0.25,0.5,0.5,0.0,0.0,0.0
2026-01-25 16:32:23,clusterB,17,4,4,0,1.00,0.5,0.5,0.0,0.0,0.0
2026-01-25 16:32:28,clusterA,17,4,1,3,0.25,0.5,0.5,0.0,0.0,0.0
2026-01-25 16:32:28,clusterB,17,4,4,0,1.00,0.5,0.5,0.0,0.0,0.0
2026-01-25 16:32:34,clusterA,17,4,1,3,0.25,0.5,0.5,0.0,0.0,0.0
2026-01-25 16:32:34,clusterB,17,4,4,0,1.00,0.5,0.5,0.0,0.0,0.0
2026-01-25 16:32:39,clusterA,17,4,1,3,0.25,0.5,0.5,0.0,0.0,0.0
2026-01-25 16:32:39,clusterB,17,4,4,0,1.00,0.5,0.5,0.0,0.0,0.0
2026-01-25 16:32:44,clusterA,17,4,1,3,0.25,0.5,0.5,0.0,0.0,0.0
2026-01-25 16:32:44,clusterB,17,4,4,0,1.00,0.5,0.5,0.0,0.0,0.0
2026-01-25 16:32:49,clusterA,17,4,1,3,0.25,0.5,0.5,0.0,0.0,0.0
2026-01-25 16:32:49,clusterB,17,4,4,0,1.00,0.5,0.5,0.0,0.0,0.0
2026-01-25 16:32:54,clusterA,17,4,1,3,0.25,0.5,0.5,0.0,0.0,0.0
2026-01-25 16:32:54,clusterB,17,4,4,0,1.00,0.5,0.5,0.0,0.0,0.0
2026-01-25 16:32:59,clusterA,17,4,1,3,0.25,0.5,0.5,0.0,0.0,0.0
2026-01-25 16:32:59,clusterB,17,4,4,0,1.00,0.5,0.5,0.0,0.0,0.0
2026-01-25 16:33:04,clusterA,17,4,1,3,0.25,0.5,0.5,0.0,0.0,0.0
2026-01-25 16:33:04,clusterB,17,4,4,0,1.00,0.5,0.5,0.0,0.0,0.0
2026-01-25 16:33:09,clusterA,17,4,1,3,0.25,0.5,0.5,0.0,0.0,0.0
2026-01-25 16:33:09,clusterB,17,4,4,0,1.00,0.5,0.5,0.0,0.0,0.0
2026-01-25 16:33:14,clusterA,17,4,1,3,0.25,0.5,0.5,0.0,0.0,0.0
2026-01-25 16:33:14,clusterB,17,4,4,0,1.00,0.5,0.5,0.0,0.0,0.0
2026-01-25 16:33:19,clusterA,17,4,1,3,0.25,0.5,0.5,0.0,0.0,0.0
2026-01-25 16:33:19,clusterB,17,4,4,0,1.00,0.5,0.5,0.0,0.0,0.0
2026-01-25 16:33:25,clusterA,17,4,1,3,0.25,0.5,0.5,0.0,0.0,0.0
2026-01-25 16:33:25,clusterB,17,4,4,0,1.00,0.5,0.5,0.0,0.0,0.0
2026-01-25 16:33:30,clusterA,17,4,1,3,0.25,0.5,0.5,0.0,0.0,0.0
2026-01-25 16:33:30,clusterB,17,4,4,0,1.00,0.5,0.5,0.0,0.0,0.0
2026-01-25 16:33:35,clusterA,17,4,1,3,0.25,0.5,0.5,0.0,0.0,0.0
2026-01-25 16:33:35,clusterB,17,4,4,0,1.00,0.5,0.5,0.0,0.0,0.0
2026-01-25 16:33:40,clusterA,17,4,1,3,0.25,0.5,0.5,0.0,0.0,0.0
2026-01-25 16:33:40,clusterB,17,4,4,0,1.00,0.5,0.5,0.0,0.0,0.0
2026-01-25 16:33:45,clusterA,17,4,1,3,0.25,0.5,0.5,0.0,0.0,0.0
2026-01-25 16:33:45,clusterB,17,4,4,0,1.00,0.5,0.5,0.0,0.0,0.0
2026-01-25 16:33:50,clusterA,17,4,1,3,0.25,0.5,0.5,0.0,0.0,0.0
2026-01-25 16:33:50,clusterB,17,4,4,0,1.00,0.5,0.5,0.0,0.0,0.0
2026-01-25 16:33:55,clusterA,17,4,1,3,0.25,0.5,0.5,0.0,0.0,0.0
2026-01-25 16:33:55,clusterB,17,4,4,0,1.00,0.5,0.5,0.0,0.0,0.0
2026-01-25 16:34:00,clusterA,17,4,1,3,0.25,0.5,0.5,0.0,0.0,0.0
2026-01-25 16:34:00,clusterB,17,4,4,0,1.00,0.5,0.5,0.0,0.0,0.0
2026-01-25 16:34:05,clusterA,17,4,1,3,0.25,0.5,0.5,0.0,0.0,0.0
2026-01-25 16:34:05,clusterB,17,4,4,0,1.00,0.5,0.5,0.0,0.0,0.0
2026-01-25 16:34:10,clusterA,17,4,1,3,0.25,0.5,0.5,0.0,0.0,0.0
2026-01-25 16:34:10,clusterB,17,4,4,0,1.00,0.5,0.5,0.0,0.0,0.0
2026-01-25 16:34:15,clusterA,17,4,1,3,0.25,0.5,0.5,0.0,0.0,0.0
2026-01-25 16:34:15,clusterB,17,4,4,0,1.00,0.5,0.5,0.0,0.0,0.0
2026-01-25 16:34:21,clusterA,17,4,1,3,0.25,0.5,0.5,0.0,0.0,0.0
2026-01-25 16:34:21,clusterB,17,4,4,0,1.00,0.5,0.5,0.0,0.0,0.0
2026-01-25 16:34:26,clusterA,17,4,1,3,0.25,0.5,0.5,0.0,0.0,0.0
2026-01-25 16:34:26,clusterB,17,4,4,0,1.00,0.5,0.5,0.0,0.0,0.0
2026-01-25 16:34:31,clusterA,17,4,1,3,0.25,0.5,0.5,0.0,0.0,0.0
2026-01-25 16:34:31,clusterB,17,4,4,0,1.00,0.5,0.5,0.0,0.0,0.0
2026-01-25 16:34:36,clusterA,17,4,1,3,0.25,0.5,0.5,0.0,0.0,0.0
2026-01-25 16:34:36,clusterB,17,4,4,0,1.00,0.5,0.5,0.0,0.0,0.0
2026-01-25 16:34:41,clusterA,17,4,1,3,0.25,0.5,0.5,0.0,0.0,0.0
2026-01-25 16:34:41,clusterB,17,4,4,0,1.00,0.5,0.5,0.0,0.0,0.0
2026-01-25 16:34:46,clusterA,17,4,1,3,0.25,0.5,0.5,0.0,0.0,0.0
2026-01-25 16:34:46,clusterB,17,4,4,0,1.00,0.5,0.5,0.0,0.0,0.0
2026-01-25 16:34:51,clusterA,17,4,1,3,0.25,0.5,0.5,0.0,0.0,0.0
2026-01-25 16:34:51,clusterB,17,4,4,0,1.00,0.5,0.5,0.0,0.0,0.0
2026-01-25 16:34:56,clusterA,17,4,1,3,0.25,0.5,0.5,0.0,0.0,0.0
2026-01-25 16:34:56,clusterB,17,4,4,0,1.00,0.5,0.5,0.0,0.0,0.0
2026-01-25 16:35:01,clusterA,17,4,1,3,0.25,0.5,0.5,0.0,0.0,0.0
2026-01-25 16:35:01,clusterB,17,4,4,0,1.00,0.5,0.5,0.0,0.0,0.0
2026-01-25 16:35:06,clusterA,17,4,1,3,0.25,0.5,0.5,0.0,0.0,0.0
2026-01-25 16:35:06,clusterB,17,4,4,0,1.00,0.5,0.5,0.0,0.0,0.0
2026-01-25 16:35:12,clusterA,17,4,1,3,0.25,0.5,0.5,0.0,0.0,0.0
2026-01-25 16:35:12,clusterB,17,4,4,0,1.00,0.5,0.5,0.0,0.0,0.0
2026-01-25 16:35:17,clusterA,17,4,1,3,0.25,0.5,0.5,0.0,0.0,0.0
2026-01-25 16:35:17,clusterB,17,4,4,0,1.00,0.5,0.5,0.0,0.0,0.0
2026-01-25 16:35:22,clusterA,17,4,1,3,0.25,0.5,0.5,0.0,0.0,0.0
2026-01-25 16:35:22,clusterB,17,4,4,0,1.00,0.5,0.5,0.0,0.0,0.0
2026-01-25 16:35:27,clusterA,17,4,1,3,0.25,0.5,0.5,0.0,0.0,0.0
2026-01-25 16:35:27,clusterB,17,4,4,0,1.00,0.5,0.5,0.0,0.0,0.0
2026-01-25 16:35:32,clusterA,17,4,1,3,0.25,0.5,0.5,0.0,0.0,0.0
2026-01-25 16:35:32,clusterB,17,4,4,0,1.00,0.5,0.5,0.0,0.0,0.0
2026-01-25 16:35:37,clusterA,17,4,1,3,0.25,0.5,0.5,0.0,0.0,0.0
2026-01-25 16:35:37,clusterB,17,4,4,0,1.00,0.5,0.5,0.0,0.0,0.0
2026-01-25 16:35:42,clusterA,17,4,1,3,0.25,0.5,0.5,0.0,0.0,0.0
2026-01-25 16:35:42,clusterB,17,4,4,0,1.00,0.5,0.5,0.0,0.0,0.0
2026-01-25 16:35:47,clusterA,17,4,1,3,0.25,0.5,0.5,0.0,0.0,0.0
2026-01-25 16:35:47,clusterB,17,4,4,0,1.00,0.5,0.5,0.0,0.0,0.0
2026-01-25 16:35:52,clusterA,17,4,1,3,0.25,0.5,0.5,0.0,0.0,0.0
2026-01-25 16:35:52,clusterB,17,4,4,0,1.00,0.5,0.5,0.0,0.0,0.0
2026-01-25 16:35:57,clusterA,17,4,1,3,0.25,0.5,0.5,0.0,0.0,0.0
2026-01-25 16:35:57,clusterB,17,4,4,0,1.00,0.5,0.5,0.0,0.0,0.0
2026-01-25 16:36:03,clusterA,17,4,1,3,0.25,0.5,0.5,0.0,0.0,0.0
2026-01-25 16:36:03,clusterB,17,4,4,0,1.00,0.5,0.5,0.0,0.0,0.0
2026-01-25 16:36:08,clusterA,17,4,1,3,0.25,0.5,0.5,0.0,0.0,0.0
2026-01-25 16:36:08,clusterB,17,4,4,0,1.00,0.5,0.5,0.0,0.0,0.0
2026-01-25 16:36:13,clusterA,17,4,0,4,0.00,0.5,0.5,0.0,0.0,0.0
2026-01-25 16:36:13,clusterB,17,4,4,0,1.00,0.5,0.5,0.0,0.0,0.0
2026-01-25 16:36:18,clusterA,16,4,4,0,1.00,0.5,0.5,0.0,0.0,0.0
2026-01-25 16:36:18,clusterB,16,4,4,0,1.00,0.5,0.5,0.0,0.0,0.0
2026-01-25 16:36:23,clusterA,16,4,4,0,1.00,0.5,0.5,0.0,0.0,0.0
2026-01-25 16:36:23,clusterB,16,4,4,0,1.00,0.5,0.5,0.0,0.0,0.0
2026-01-25 16:36:28,clusterA,16,4,4,0,1.00,0.5,0.5,0.0,0.0,0.0
2026-01-25 16:36:28,clusterB,16,4,4,0,1.00,0.5,0.5,0.0,0.0,0.0
2026-01-25 16:36:33,clusterA,16,4,4,0,1.00,0.5,0.5,0.0,0.0,0.0
2026-01-25 16:36:33,clusterB,16,4,4,0,1.00,0.5,0.5,0.0,0.0,0.0
2026-01-25 16:36:39,clusterA,16,4,4,0,1.00,0.5,0.5,0.0,0.0,0.0
2026-01-25 16:36:39,clusterB,16,4,4,0,1.00,0.5,0.5,0.0,0.0,0.0
2026-01-25 16:36:44,clusterA,16,4,4,0,1.00,0.5,0.5,0.0,0.0,0.0
2026-01-25 16:36:44,clusterB,16,4,4,0,1.00,0.5,0.5,0.0,0.0,0.0
2026-01-25 16:36:49,clusterA,16,4,4,0,1.00,0.5,0.5,0.0,0.0,0.0
2026-01-25 16:36:49,clusterB,16,4,4,0,1.00,0.5,0.5,0.0,0.0,0.0
2026-01-25 16:36:54,clusterA,16,4,4,0,1.00,0.5,0.5,0.0,0.0,0.0
2026-01-25 16:36:54,clusterB,16,4,4,0,1.00,0.5,0.5,0.0,0.0,0.0
2026-01-25 16:36:59,clusterA,16,4,4,0,1.00,0.5,0.5,0.0,0.0,0.0
2026-01-25 16:36:59,clusterB,16,4,4,0,1.00,0.5,0.5,0.0,0.0,0.0
2026-01-25 16:37:04,clusterA,16,4,4,0,1.00,0.5,0.5,0.0,0.0,0.0
2026-01-25 16:37:04,clusterB,16,4,4,0,1.00,0.5,0.5,0.0,0.0,0.0
2026-01-25 16:37:09,clusterA,16,4,4,0,1.00,0.5,0.5,0.0,0.0,0.0
2026-01-25 16:37:09,clusterB,16,4,4,0,1.00,0.5,0.5,0.0,0.0,0.0
2026-01-25 16:37:14,clusterA,16,4,4,0,1.00,0.5,0.5,0.0,0.0,0.0
2026-01-25 16:37:14,clusterB,16,4,4,0,1.00,0.5,0.5,0.0,0.0,0.0
2026-01-25 16:37:19,clusterA,16,4,4,0,1.00,0.5,0.5,0.0,0.0,0.0
2026-01-25 16:37:19,clusterB,16,4,4,0,1.00,0.5,0.5,0.0,0.0,0.0
2026-01-25 16:37:24,clusterA,16,4,4,0,1.00,0.5,0.5,0.0,0.0,0.0
2026-01-25 16:37:24,clusterB,16,4,4,0,1.00,0.5,0.5,0.0,0.0,0.0
2026-01-25 16:37:30,clusterA,16,4,4,0,1.00,0.5,0.5,0.0,0.0,0.0
2026-01-25 16:37:30,clusterB,16,4,4,0,1.00,0.5,0.5,0.0,0.0,0.0
2026-01-25 16:37:35,clusterA,16,4,4,0,1.00,0.5,0.5,0.0,0.0,0.0
2026-01-25 16:37:35,clusterB,16,4,4,0,1.00,0.5,0.5,0.0,0.0,0.0
2026-01-25 16:37:40,clusterA,16,4,4,0,1.00,0.5,0.5,0.0,0.0,0.0
2026-01-25 16:37:40,clusterB,16,4,4,0,1.00,0.5,0.5,0.0,0.0,0.0
2026-01-25 16:37:45,clusterA,16,4,4,0,1.00,0.5,0.5,0.0,0.0,0.0
2026-01-25 16:37:45,clusterB,16,4,4,0,1.00,0.5,0.5,0.0,0.0,0.0
2026-01-25 16:37:50,clusterA,16,4,4,0,1.00,0.5,0.5,0.0,0.0,0.0
2026-01-25 16:37:50,clusterB,16,4,4,0,1.00,0.5,0.5,0.0,0.0,0.0
2026-01-25 16:37:55,clusterA,16,4,4,0,1.00,0.5,0.5,0.0,0.0,0.0
2026-01-25 16:37:55,clusterB,16,4,4,0,1.00,0.5,0.5,0.0,0.0,0.0
2026-01-25 16:38:00,clusterA,16,4,4,0,1.00,0.5,0.5,0.0,0.0,0.0
2026-01-25 16:38:00,clusterB,16,4,4,0,1.00,0.5,0.5,0.0,0.0,0.0
2026-01-25 16:38:05,clusterA,16,4,4,0,1.00,0.5,0.5,0.0,0.0,0.0
2026-01-25 16:38:05,clusterB,16,4,4,0,1.00,0.5,0.5,0.0,0.0,0.0
2026-01-25 16:38:10,clusterA,16,4,4,0,1.00,0.5,0.5,0.0,0.0,0.0
2026-01-25 16:38:10,clusterB,16,4,4,0,1.00,0.5,0.5,0.0,0.0,0.0
2026-01-25 16:38:15,clusterA,16,4,4,0,1.00,0.5,0.5,0.0,0.0,0.0
2026-01-25 16:38:15,clusterB,16,4,4,0,1.00,0.5,0.5,0.0,0.0,0.0
2026-01-25 16:38:21,clusterA,16,4,4,0,1.00,0.5,0.5,0.0,0.0,0.0
2026-01-25 16:38:21,clusterB,16,4,4,0,1.00,0.5,0.5,0.0,0.0,0.0
2026-01-25 16:38:26,clusterA,16,4,4,0,1.00,0.5,0.5,0.0,0.0,0.0
2026-01-25 16:38:26,clusterB,16,4,4,0,1.00,0.5,0.5,0.0,0.0,0.0
2026-01-25 16:38:31,clusterA,16,4,4,0,1.00,0.5,0.5,0.0,0.0,0.0
2026-01-25 16:38:31,clusterB,16,4,4,0,1.00,0.5,0.5,0.0,0.0,0.0
2026-01-25 16:38:36,clusterA,16,4,4,0,1.00,0.5,0.5,0.0,0.0,0.0
2026-01-25 16:38:36,clusterB,16,4,4,0,1.00,0.5,0.5,0.0,0.0,0.0
2026-01-25 16:38:41,clusterA,16,4,4,0,1.00,0.5,0.5,0.0,0.0,0.0
2026-01-25 16:38:41,clusterB,16,4,4,0,1.00,0.5,0.5,0.0,0.0,0.0
2026-01-25 16:38:46,clusterA,16,4,4,0,1.00,0.5,0.5,0.0,0.0,0.0
2026-01-25 16:38:46,clusterB,16,4,4,0,1.00,0.5,0.5,0.0,0.0,0.0
2026-01-25 16:38:51,clusterA,16,4,4,0,1.00,0.5,0.5,0.0,0.0,0.0
2026-01-25 16:38:51,clusterB,16,4,4,0,1.00,0.5,0.5,0.0,0.0,0.0
2026-01-25 16:38:56,clusterA,16,4,4,0,1.00,0.5,0.5,0.0,0.0,0.0
2026-01-25 16:38:56,clusterB,16,4,4,0,1.00,0.5,0.5,0.0,0.0,0.0
2026-01-25 16:39:01,clusterA,16,4,4,0,1.00,0.5,0.5,0.0,0.0,0.0
2026-01-25 16:39:01,clusterB,16,4,4,0,1.00,0.5,0.5,0.0,0.0,0.0
2026-01-25 16:39:06,clusterA,16,4,4,0,1.00,0.5,0.5,0.0,0.0,0.0
2026-01-25 16:39:06,clusterB,16,4,4,0,1.00,0.5,0.5,0.0,0.0,0.0
2026-01-25 16:39:12,clusterA,16,4,4,0,1.00,0.5,0.5,0.0,0.0,0.0
2026-01-25 16:39:12,clusterB,16,4,4,0,1.00,0.5,0.5,0.0,0.0,0.0
2026-01-25 16:39:17,clusterA,16,4,4,0,1.00,0.5,0.5,0.0,0.0,0.0
2026-01-25 16:39:17,clusterB,16,4,4,0,1.00,0.5,0.5,0.0,0.0,0.0
2026-01-25 16:39:22,clusterA,16,4,4,0,1.00,0.5,0.5,0.0,0.0,0.0
2026-01-25 16:39:22,clusterB,16,4,4,0,1.00,0.5,0.5,0.0,0.0,0.0
2026-01-25 16:39:27,clusterA,16,4,4,0,1.00,0.5,0.5,0.0,0.0,0.0
2026-01-25 16:39:27,clusterB,16,4,4,0,1.00,0.5,0.5,0.0,0.0,0.0
2026-01-25 16:39:32,clusterA,16,4,4,0,1.00,0.5,0.5,0.0,0.0,0.0
2026-01-25 16:39:32,clusterB,16,4,4,0,1.00,0.5,0.5,0.0,0.0,0.0
2026-01-25 16:39:37,clusterA,16,4,4,0,1.00,0.5,0.5,0.0,0.0,0.0
2026-01-25 16:39:37,clusterB,16,4,4,0,1.00,0.5,0.5,0.0,0.0,0.0
2026-01-25 16:39:42,clusterA,16,4,4,0,1.00,0.5,0.5,0.0,0.0,0.0
2026-01-25 16:39:42,clusterB,16,4,4,0,1.00,0.5,0.5,0.0,0.0,0.0
2026-01-25 16:39:47,clusterA,16,4,4,0,1.00,0.5,0.5,0.0,0.0,0.0
2026-01-25 16:39:47,clusterB,16,4,4,0,1.00,0.5,0.5,0.0,0.0,0.0
2026-01-25 16:39:52,clusterA,16,4,4,0,1.00,0.5,0.5,0.0,0.0,0.0
2026-01-25 16:39:52,clusterB,16,4,4,0,1.00,0.5,0.5,0.0,0.0,0.0
2026-01-25 16:39:57,clusterA,16,4,4,0,1.00,0.5,0.5,0.0,0.0,0.0
2026-01-25 16:39:57,clusterB,16,4,4,0,1.00,0.5,0.5,0.0,0.0,0.0
2026-01-25 16:40:03,clusterA,16,4,4,0,1.00,0.5,0.5,0.0,0.0,0.0
2026-01-25 16:40:03,clusterB,16,4,4,0,1.00,0.5,0.5,0.0,0.0,0.0
2026-01-25 16:40:08,clusterA,16,4,4,0,1.00,0.5,0.5,0.0,0.0,0.0
2026-01-25 16:40:08,clusterB,16,4,4,0,1.00,0.5,0.5,0.0,0.0,0.0
2026-01-25 16:40:13,clusterA,16,4,4,0,1.00,0.5,0.5,0.0,0.0,0.0
2026-01-25 16:40:13,clusterB,16,4,4,0,1.00,0.5,0.5,0.0,0.0,0.0
2026-01-25 16:40:18,clusterA,16,4,4,0,1.00,0.5,0.5,0.0,0.0,0.0
2026-01-25 16:40:18,clusterB,16,4,4,0,1.00,0.5,0.5,0.0,0.0,0.0
2026-01-25 16:40:23,clusterA,16,4,4,0,1.00,0.5,0.5,0.0,0.0,0.0
2026-01-25 16:40:23,clusterB,16,4,4,0,1.00,0.5,0.5,0.0,0.0,0.0
2026-01-25 16:40:28,clusterA,16,4,4,0,1.00,0.5,0.5,0.0,0.0,0.0
2026-01-25 16:40:28,clusterB,16,4,4,0,1.00,0.5,0.5,0.0,0.0,0.0
2026-01-25 16:40:33,clusterA,16,4,4,0,1.00,0.5,0.5,0.0,0.0,0.0
2026-01-25 16:40:33,clusterB,16,4,4,0,1.00,0.5,0.5,0.0,0.0,0.0
2026-01-25 16:40:38,clusterA,16,4,4,0,1.00,0.5,0.5,0.0,0.0,0.0
2026-01-25 16:40:38,clusterB,16,4,4,0,1.00,0.5,0.5,0.0,0.0,0.0
2026-01-25 16:40:43,clusterA,16,4,4,0,1.00,0.5,0.5,0.0,0.0,0.0
2026-01-25 16:40:43,clusterB,16,4,4,0,1.00,0.5,0.5,0.0,0.0,0.0
2026-01-25 16:40:48,clusterA,16,4,4,0,1.00,0.5,0.5,0.0,0.0,0.0
2026-01-25 16:40:48,clusterB,16,4,4,0,1.00,0.5,0.5,0.0,0.0,0.0
2026-01-25 16:40:54,clusterA,16,4,4,0,1.00,0.5,0.5,0.0,0.0,0.0
2026-01-25 16:40:54,clusterB,16,4,4,0,1.00,0.5,0.5,0.0,0.0,0.0
2026-01-25 16:40:59,clusterA,16,4,4,0,1.00,0.5,0.5,0.0,0.0,0.0
2026-01-25 16:40:59,clusterB,16,4,4,0,1.00,0.5,0.5,0.0,0.0,0.0
2026-01-25 16:41:04,clusterA,16,4,4,0,1.00,0.5,0.5,0.0,0.0,0.0
2026-01-25 16:41:04,clusterB,16,4,4,0,1.00,0.5,0.5,0.0,0.0,0.0
2026-01-25 16:41:09,clusterA,16,4,4,0,1.00,0.5,0.5,0.0,0.0,0.0
2026-01-25 16:41:09,clusterB,16,4,4,0,1.00,0.5,0.5,0.0,0.0,0.0
2026-01-25 16:41:14,clusterA,16,4,4,0,1.00,0.5,0.5,0.0,0.0,0.0
2026-01-25 16:41:14,clusterB,16,4,4,0,1.00,0.5,0.5,0.0,0.0,0.0
2026-01-25 16:41:19,clusterA,16,4,4,0,1.00,0.5,0.5,0.0,0.0,0.0
2026-01-25 16:41:19,clusterB,16,4,4,0,1.00,0.5,0.5,0.0,0.0,0.0
2026-01-25 16:41:24,clusterA,16,4,4,0,1.00,0.5,0.5,0.0,0.0,0.0
2026-01-25 16:41:24,clusterB,16,4,4,0,1.00,0.5,0.5,0.0,0.0,0.0
2026-01-25 16:41:29,clusterA,16,4,4,0,1.00,0.5,0.5,0.0,0.0,0.0
2026-01-25 16:41:29,clusterB,16,4,4,0,1.00,0.5,0.5,0.0,0.0,0.0
2026-01-25 16:41:34,clusterA,16,4,4,0,1.00,0.5,0.5,0.0,0.0,0.0
2026-01-25 16:41:34,clusterB,16,4,4,0,1.00,0.5,0.5,0.0,0.0,0.0
2026-01-25 16:41:39,clusterA,16,4,4,0,1.00,0.5,0.5,0.0,0.0,0.0
2026-01-25 16:41:39,clusterB,16,4,4,0,1.00,0.5,0.5,0.0,0.0,0.0
2026-01-25 16:41:45,clusterA,16,4,4,0,1.00,0.5,0.5,0.0,0.0,0.0
2026-01-25 16:41:45,clusterB,16,4,4,0,1.00,0.5,0.5,0.0,0.0,0.0
2026-01-25 16:41:50,clusterA,16,4,4,0,1.00,0.5,0.5,0.0,0.0,0.0
2026-01-25 16:41:50,clusterB,16,4,4,0,1.00,0.5,0.5,0.0,0.0,0.0
2026-01-25 16:41:55,clusterA,16,4,4,0,1.00,0.5,0.5,0.0,0.0,0.0
2026-01-25 16:41:55,clusterB,16,4,4,0,1.00,0.5,0.5,0.0,0.0,0.0
2026-01-25 16:42:00,clusterA,16,4,4,0,1.00,0.5,0.5,0.0,0.0,0.0
2026-01-25 16:42:00,clusterB,16,4,4,0,1.00,0.5,0.5,0.0,0.0,0.0
2026-01-25 16:42:05,clusterA,16,4,4,0,1.00,0.5,0.5,0.0,0.0,0.0
2026-01-25 16:42:05,clusterB,16,4,4,0,1.00,0.5,0.5,0.0,0.0,0.0
2026-01-25 16:42:10,clusterA,16,4,4,0,1.00,0.5,0.5,0.0,0.0,0.0
2026-01-25 16:42:10,clusterB,16,4,4,0,1.00,0.5,0.5,0.0,0.0,0.0
2026-01-25 16:42:15,clusterA,16,4,4,0,1.00,0.5,0.5,0.0,0.0,0.0
2026-01-25 16:42:15,clusterB,16,4,4,0,1.00,0.5,0.5,0.0,0.0,0.0
2026-01-25 16:42:20,clusterA,16,4,4,0,1.00,0.5,0.5,0.0,0.0,0.0
2026-01-25 16:42:20,clusterB,16,4,4,0,1.00,0.5,0.5,0.0,0.0,0.0
2026-01-25 16:42:25,clusterA,16,4,4,0,1.00,0.5,0.5,0.0,0.0,0.0
2026-01-25 16:42:25,clusterB,16,4,4,0,1.00,0.5,0.5,0.0,0.0,0.0
2026-01-25 16:42:30,clusterA,16,4,4,0,1.00,0.5,0.5,0.0,0.0,0.0
2026-01-25 16:42:30,clusterB,16,4,4,0,1.00,0.5,0.5,0.0,0.0,0.0
2026-01-25 16:42:36,clusterA,16,4,4,0,1.00,0.5,0.5,0.0,0.0,0.0
2026-01-25 16:42:36,clusterB,16,4,4,0,1.00,0.5,0.5,0.0,0.0,0.0
2026-01-25 16:42:41,clusterA,16,4,4,0,1.00,0.5,0.5,0.0,0.0,0.0
2026-01-25 16:42:41,clusterB,16,4,4,0,1.00,0.5,0.5,0.0,0.0,0.0
2026-01-25 16:42:46,clusterA,16,4,4,0,1.00,0.5,0.5,0.0,0.0,0.0
2026-01-25 16:42:46,clusterB,16,4,4,0,1.00,0.5,0.5,0.0,0.0,0.0
2026-01-25 16:42:51,clusterA,16,4,4,0,1.00,0.5,0.5,0.0,0.0,0.0
2026-01-25 16:42:51,clusterB,16,4,4,0,1.00,0.5,0.5,0.0,0.0,0.0
2026-01-25 16:42:56,clusterA,16,4,4,0,1.00,0.5,0.5,0.0,0.0,0.0
2026-01-25 16:42:56,clusterB,16,4,4,0,1.00,0.5,0.5,0.0,0.0,0.0
2026-01-25 16:43:01,clusterA,16,4,4,0,1.00,0.5,0.5,0.0,0.0,0.0
2026-01-25 16:43:01,clusterB,16,4,4,0,1.00,0.5,0.5,0.0,0.0,0.0
2026-01-25 16:43:06,clusterA,16,4,4,0,1.00,0.5,0.5,0.0,0.0,0.0
2026-01-25 16:43:06,clusterB,16,4,4,0,1.00,0.5,0.5,0.0,0.0,0.0
2026-01-25 16:43:11,clusterA,16,4,4,0,1.00,0.5,0.5,0.0,0.0,0.0
2026-01-25 16:43:11,clusterB,16,4,4,0,1.00,0.5,0.5,0.0,0.0,0.0
2026-01-25 16:43:16,clusterA,16,4,4,0,1.00,0.5,0.5,0.0,0.0,0.0
2026-01-25 16:43:16,clusterB,16,4,4,0,1.00,0.5,0.5,0.0,0.0,0.0
2026-01-25 16:43:22,clusterA,16,4,4,0,1.00,0.5,0.5,0.0,0.0,0.0
2026-01-25 16:43:22,clusterB,16,4,4,0,1.00,0.5,0.5,0.0,0.0,0.0
2026-01-25 16:43:27,clusterA,16,4,4,0,1.00,0.5,0.5,0.0,0.0,0.0
2026-01-25 16:43:27,clusterB,16,4,4,0,1.00,0.5,0.5,0.0,0.0,0.0
2026-01-25 16:43:32,clusterA,16,4,4,0,1.00,0.5,0.5,0.0,0.0,0.0
2026-01-25 16:43:32,clusterB,16,4,4,0,1.00,0.5,0.5,0.0,0.0,0.0
2026-01-25 16:43:37,clusterA,16,4,4,0,1.00,0.5,0.5,0.0,0.0,0.0
2026-01-25 16:43:37,clusterB,16,4,4,0,1.00,0.5,0.5,0.0,0.0,0.0
2026-01-25 16:43:42,clusterA,16,4,4,0,1.00,0.5,0.5,0.0,0.0,0.0
2026-01-25 16:43:42,clusterB,16,4,4,0,1.00,0.5,0.5,0.0,0.0,0.0
2026-01-25 16:43:47,clusterA,16,4,4,0,1.00,0.5,0.5,0.0,0.0,0.0
2026-01-25 16:43:47,clusterB,16,4,4,0,1.00,0.5,0.5,0.0,0.0,0.0
2026-01-25 16:43:52,clusterA,16,4,4,0,1.00,0.5,0.5,0.0,0.0,0.0
2026-01-25 16:43:52,clusterB,16,4,4,0,1.00,0.5,0.5,0.0,0.0,0.0
2026-01-25 16:43:57,clusterA,16,4,4,0,1.00,0.5,0.5,0.0,0.0,0.0
2026-01-25 16:43:57,clusterB,16,4,4,0,1.00,0.5,0.5,0.0,0.0,0.0
2026-01-25 16:44:02,clusterA,16,4,4,0,1.00,0.5,0.5,0.0,0.0,0.0
2026-01-25 16:44:02,clusterB,16,4,4,0,1.00,0.5,0.5,0.0,0.0,0.0
2026-01-25 16:44:07,clusterA,16,4,4,0,1.00,0.5,0.5,0.0,0.0,0.0
2026-01-25 16:44:07,clusterB,16,4,4,0,1.00,0.5,0.5,0.0,0.0,0.0
2026-01-25 16:44:13,clusterA,16,4,4,0,1.00,0.5,0.5,0.0,0.0,0.0
2026-01-25 16:44:13,clusterB,16,4,4,0,1.00,0.5,0.5,0.0,0.0,0.0
2026-01-25 16:44:18,clusterA,16,4,4,0,1.00,0.5,0.5,0.0,0.0,0.0
2026-01-25 16:44:18,clusterB,16,4,4,0,1.00,0.5,0.5,0.0,0.0,0.0
2026-01-25 16:44:23,clusterA,16,4,4,0,1.00,0.5,0.5,0.0,0.0,0.0
2026-01-25 16:44:23,clusterB,16,4,4,0,1.00,0.5,0.5,0.0,0.0,0.0
2026-01-25 16:44:28,clusterA,16,4,4,0,1.00,0.5,0.5,0.0,0.0,0.0
2026-01-25 16:44:28,clusterB,16,4,4,0,1.00,0.5,0.5,0.0,0.0,0.0
2026-01-25 16:44:33,clusterA,16,4,4,0,1.00,0.5,0.5,0.0,0.0,0.0
2026-01-25 16:44:33,clusterB,16,4,4,0,1.00,0.5,0.5,0.0,0.0,0.0
2026-01-25 16:44:38,clusterA,16,4,4,0,1.00,0.5,0.5,0.0,0.0,0.0
2026-01-25 16:44:38,clusterB,16,4,4,0,1.00,0.5,0.5,0.0,0.0,0.0
2026-01-25 16:44:43,clusterA,16,4,4,0,1.00,0.5,0.5,0.0,0.0,0.0
2026-01-25 16:44:43,clusterB,16,4,4,0,1.00,0.5,0.5,0.0,0.0,0.0
2026-01-25 16:44:48,clusterA,16,4,4,0,1.00,0.5,0.5,0.0,0.0,0.0
2026-01-25 16:44:48,clusterB,16,4,4,0,1.00,0.5,0.5,0.0,0.0,0.0
2026-01-25 16:44:53,clusterA,16,4,4,0,1.00,0.5,0.5,0.0,0.0,0.0
2026-01-25 16:44:53,clusterB,16,4,4,0,1.00,0.5,0.5,0.0,0.0,0.0
2026-01-25 16:44:58,clusterA,16,4,4,0,1.00,0.5,0.5,0.0,0.0,0.0
2026-01-25 16:44:58,clusterB,16,4,4,0,1.00,0.5,0.5,0.0,0.0,0.0
2026-01-25 16:45:04,clusterA,16,4,4,0,1.00,0.5,0.5,0.0,0.0,0.0
2026-01-25 16:45:04,clusterB,16,4,4,0,1.00,0.5,0.5,0.0,0.0,0.0
2026-01-25 16:45:09,clusterA,16,4,4,0,1.00,0.5,0.5,0.0,0.0,0.0
2026-01-25 16:45:09,clusterB,16,4,4,0,1.00,0.5,0.5,0.0,0.0,0.0
2026-01-25 16:45:14,clusterA,16,4,4,0,1.00,0.5,0.5,0.0,0.0,0.0
2026-01-25 16:45:14,clusterB,16,4,4,0,1.00,0.5,0.5,0.0,0.0,0.0
2026-01-25 16:45:19,clusterA,16,4,4,0,1.00,0.5,0.5,0.0,0.0,0.0
2026-01-25 16:45:19,clusterB,16,4,4,0,1.00,0.5,0.5,0.0,0.0,0.0
2026-01-25 16:45:24,clusterA,16,4,4,0,1.00,0.5,0.5,0.0,0.0,0.0
2026-01-25 16:45:24,clusterB,16,4,4,0,1.00,0.5,0.5,0.0,0.0,0.0
2026-01-25 16:45:29,clusterA,16,4,4,0,1.00,0.5,0.5,0.0,0.0,0.0
2026-01-25 16:45:29,clusterB,16,4,4,0,1.00,0.5,0.5,0.0,0.0,0.0
2026-01-25 16:45:34,clusterA,16,4,4,0,1.00,0.5,0.5,0.0,0.0,0.0
2026-01-25 16:45:34,clusterB,16,4,4,0,1.00,0.5,0.5,0.0,0.0,0.0
2026-01-25 16:45:39,clusterA,16,4,4,0,1.00,0.5,0.5,0.0,0.0,0.0
2026-01-25 16:45:39,clusterB,16,4,4,0,1.00,0.5,0.5,0.0,0.0,0.0
2026-01-25 16:45:44,clusterA,16,4,4,0,1.00,0.5,0.5,0.0,0.0,0.0
2026-01-25 16:45:44,clusterB,16,4,4,0,1.00,0.5,0.5,0.0,0.0,0.0
2026-01-25 16:45:49,clusterA,16,4,4,0,1.00,0.5,0.5,0.0,0.0,0.0
2026-01-25 16:45:49,clusterB,16,4,4,0,1.00,0.5,0.5,0.0,0.0,0.0
2026-01-25 16:45:55,clusterA,16,4,4,0,1.00,0.5,0.5,0.0,0.0,0.0
2026-01-25 16:45:55,clusterB,16,4,4,0,1.00,0.5,0.5,0.0,0.0,0.0
2026-01-25 16:46:00,clusterA,16,4,4,0,1.00,0.5,0.5,0.0,0.0,0.0
2026-01-25 16:46:00,clusterB,16,4,4,0,1.00,0.5,0.5,0.0,0.0,0.0
2026-01-25 16:46:05,clusterA,16,4,4,0,1.00,0.5,0.5,0.0,0.0,0.0
2026-01-25 16:46:05,clusterB,16,4,4,0,1.00,0.5,0.5,0.0,0.0,0.0
2026-01-25 16:46:10,clusterA,16,4,4,0,1.00,0.5,0.5,0.0,0.0,0.0
2026-01-25 16:46:10,clusterB,16,4,4,0,1.00,0.5,0.5,0.0,0.0,0.0
2026-01-25 16:46:15,clusterA,16,4,4,0,1.00,0.5,0.5,0.0,0.0,0.0
2026-01-25 16:46:15,clusterB,16,4,4,0,1.00,0.5,0.5,0.0,0.0,0.0
2026-01-25 16:46:20,clusterA,16,4,4,0,1.00,0.5,0.5,0.0,0.0,0.0
2026-01-25 16:46:20,clusterB,16,4,4,0,1.00,0.5,0.5,0.0,0.0,0.0
2026-01-25 16:46:25,clusterA,16,4,4,0,1.00,0.5,0.5,0.0,0.0,0.0
2026-01-25 16:46:25,clusterB,16,4,4,0,1.00,0.5,0.5,0.0,0.0,0.0
2026-01-25 16:46:30,clusterA,16,4,4,0,1.00,0.5,0.5,0.0,0.0,0.0
2026-01-25 16:46:30,clusterB,16,4,4,0,1.00,0.5,0.5,0.0,0.0,0.0
2026-01-25 16:46:35,clusterA,16,4,4,0,1.00,0.5,0.5,0.0,0.0,0.0
2026-01-25 16:46:35,clusterB,16,4,4,0,1.00,0.5,0.5,0.0,0.0,0.0
2026-01-25 16:46:40,clusterA,16,4,4,0,1.00,0.5,0.5,0.0,0.0,0.0
2026-01-25 16:46:40,clusterB,16,4,4,0,1.00,0.5,0.5,0.0,0.0,0.0
2026-01-25 16:46:46,clusterA,16,4,4,0,1.00,0.5,0.5,0.0,0.0,0.0
2026-01-25 16:46:46,clusterB,16,4,4,0,1.00,0.5,0.5,0.0,0.0,0.0
2026-01-25 16:46:51,clusterA,16,4,4,0,1.00,0.5,0.5,0.0,0.0,0.0
2026-01-25 16:46:51,clusterB,16,4,4,0,1.00,0.5,0.5,0.0,0.0,0.0
2026-01-25 16:46:56,clusterA,16,4,4,0,1.00,0.5,0.5,0.0,0.0,0.0
2026-01-25 16:46:56,clusterB,16,4,4,0,1.00,0.5,0.5,0.0,0.0,0.0
2026-01-25 16:47:01,clusterA,16,4,4,0,1.00,0.5,0.5,0.0,0.0,0.0
2026-01-25 16:47:01,clusterB,16,4,4,0,1.00,0.5,0.5,0.0,0.0,0.0
2026-01-25 16:47:06,clusterA,16,4,4,0,1.00,0.5,0.5,0.0,0.0,0.0
2026-01-25 16:47:06,clusterB,16,4,4,0,1.00,0.5,0.5,0.0,0.0,0.0
2026-01-25 16:47:11,clusterA,16,4,4,0,1.00,0.5,0.5,0.0,0.0,0.0
2026-01-25 16:47:11,clusterB,16,4,4,0,1.00,0.5,0.5,0.0,0.0,0.0
2026-01-25 16:47:16,clusterA,16,4,4,0,1.00,0.5,0.5,0.0,0.0,0.0
2026-01-25 16:47:16,clusterB,16,4,4,0,1.00,0.5,0.5,0.0,0.0,0.0
2026-01-25 16:47:21,clusterA,16,4,4,0,1.00,0.5,0.5,0.0,0.0,0.0
2026-01-25 16:47:21,clusterB,16,4,4,0,1.00,0.5,0.5,0.0,0.0,0.0
2026-01-25 16:47:26,clusterA,16,4,4,0,1.00,0.5,0.5,0.0,0.0,0.0
2026-01-25 16:47:26,clusterB,16,4,4,0,1.00,0.5,0.5,0.0,0.0,0.0
2026-01-25 16:47:31,clusterA,16,4,4,0,1.00,0.5,0.5,0.0,0.0,0.0
2026-01-25 16:47:31,clusterB,16,4,4,0,1.00,0.5,0.5,0.0,0.0,0.0
2026-01-25 16:47:37,clusterA,16,4,4,0,1.00,0.5,0.5,0.0,0.0,0.0
2026-01-25 16:47:37,clusterB,16,4,4,0,1.00,0.5,0.5,0.0,0.0,0.0
2026-01-25 16:47:42,clusterA,16,4,4,0,1.00,0.5,0.5,0.0,0.0,0.0
2026-01-25 16:47:42,clusterB,16,4,4,0,1.00,0.5,0.5,0.0,0.0,0.0
2026-01-25 16:47:47,clusterA,16,4,4,0,1.00,0.5,0.5,0.0,0.0,0.0
2026-01-25 16:47:47,clusterB,16,4,4,0,1.00,0.5,0.5,0.0,0.0,0.0
2026-01-25 16:47:52,clusterA,16,4,4,0,1.00,0.5,0.5,0.0,0.0,0.0
2026-01-25 16:47:52,clusterB,16,4,4,0,1.00,0.5,0.5,0.0,0.0,0.0
2026-01-25 16:47:57,clusterA,16,4,4,0,1.00,0.5,0.5,0.0,0.0,0.0
2026-01-25 16:47:57,clusterB,16,4,4,0,1.00,0.5,0.5,0.0,0.0,0.0
2026-01-25 16:48:02,clusterA,16,4,4,0,1.00,0.5,0.5,0.0,0.0,0.0
2026-01-25 16:48:02,clusterB,16,4,4,0,1.00,0.5,0.5,0.0,0.0,0.0
2026-01-25 16:48:07,clusterA,16,4,4,0,1.00,0.5,0.5,0.0,0.0,0.0
2026-01-25 16:48:07,clusterB,16,4,4,0,1.00,0.5,0.5,0.0,0.0,0.0
2026-01-25 16:48:12,clusterA,16,4,4,0,1.00,0.5,0.5,0.0,0.0,0.0
2026-01-25 16:48:12,clusterB,16,4,4,0,1.00,0.5,0.5,0.0,0.0,0.0
2026-01-25 16:48:17,clusterA,16,4,4,0,1.00,0.5,0.5,0.0,0.0,0.0
2026-01-25 16:48:17,clusterB,16,4,4,0,1.00,0.5,0.5,0.0,0.0,0.0
2026-01-25 16:48:22,clusterA,16,4,4,0,1.00,0.5,0.5,0.0,0.0,0.0
2026-01-25 16:48:22,clusterB,16,4,4,0,1.00,0.5,0.5,0.0,0.0,0.0
2026-01-25 16:48:28,clusterA,16,4,4,0,1.00,0.5,0.5,0.0,0.0,0.0
2026-01-25 16:48:28,clusterB,16,4,4,0,1.00,0.5,0.5,0.0,0.0,0.0
2026-01-25 16:48:33,clusterA,16,4,4,0,1.00,0.5,0.5,0.0,0.0,0.0
2026-01-25 16:48:33,clusterB,16,4,4,0,1.00,0.5,0.5,0.0,0.0,0.0
2026-01-25 16:48:38,clusterA,16,4,4,0,1.00,0.5,0.5,0.0,0.0,0.0
2026-01-25 16:48:38,clusterB,16,4,4,0,1.00,0.5,0.5,0.0,0.0,0.0
2026-01-25 16:48:43,clusterA,16,4,4,0,1.00,0.5,0.5,0.0,0.0,0.0
2026-01-25 16:48:43,clusterB,16,4,4,0,1.00,0.5,0.5,0.0,0.0,0.0
2026-01-25 16:48:48,clusterA,16,4,4,0,1.00,0.5,0.5,0.0,0.0,0.0
2026-01-25 16:48:48,clusterB,16,4,4,0,1.00,0.5,0.5,0.0,0.0,0.0
2026-01-25 16:48:53,clusterA,16,4,4,0,1.00,0.5,0.5,0.0,0.0,0.0
2026-01-25 16:48:53,clusterB,16,4,4,0,1.00,0.5,0.5,0.0,0.0,0.0
2026-01-25 16:48:58,clusterA,16,4,4,0,1.00,0.5,0.5,0.0,0.0,0.0
2026-01-25 16:48:58,clusterB,16,4,4,0,1.00,0.5,0.5,0.0,0.0,0.0
2026-01-25 16:49:03,clusterA,16,4,4,0,1.00,0.5,0.5,0.0,0.0,0.0
2026-01-25 16:49:03,clusterB,16,4,4,0,1.00,0.5,0.5,0.0,0.0,0.0
2026-01-25 16:49:08,clusterA,16,4,4,0,1.00,0.5,0.5,0.0,0.0,0.0
2026-01-25 16:49:08,clusterB,16,4,4,0,1.00,0.5,0.5,0.0,0.0,0.0
2026-01-25 16:49:13,clusterA,16,4,4,0,1.00,0.5,0.5,0.0,0.0,0.0
2026-01-25 16:49:13,clusterB,16,4,4,0,1.00,0.5,0.5,0.0,0.0,0.0
2026-01-25 16:49:19,clusterA,16,4,4,0,1.00,0.5,0.5,0.0,0.0,0.0
2026-01-25 16:49:19,clusterB,16,4,4,0,1.00,0.5,0.5,0.0,0.0,0.0
2026-01-25 16:49:24,clusterA,16,4,4,0,1.00,0.5,0.5,0.0,0.0,0.0
2026-01-25 16:49:24,clusterB,16,4,4,0,1.00,0.5,0.5,0.0,0.0,0.0
2026-01-25 16:49:29,clusterA,16,4,4,0,1.00,0.5,0.5,0.0,0.0,0.0
2026-01-25 16:49:29,clusterB,16,4,4,0,1.00,0.5,0.5,0.0,0.0,0.0
2026-01-25 16:49:34,clusterA,16,4,4,0,1.00,0.5,0.5,0.0,0.0,0.0
2026-01-25 16:49:34,clusterB,16,4,4,0,1.00,0.5,0.5,0.0,0.0,0.0
2026-01-25 16:49:39,clusterA,16,4,4,0,1.00,0.5,0.5,0.0,0.0,0.0
2026-01-25 16:49:39,clusterB,16,4,4,0,1.00,0.5,0.5,0.0,0.0,0.0
2026-01-25 16:49:44,clusterA,16,4,4,0,1.00,0.5,0.5,0.0,0.0,0.0
2026-01-25 16:49:44,clusterB,16,4,4,0,1.00,0.5,0.5,0.0,0.0,0.0
2026-01-25 16:49:49,clusterA,16,4,4,0,1.00,0.5,0.5,0.0,0.0,0.0
2026-01-25 16:49:49,clusterB,16,4,4,0,1.00,0.5,0.5,0.0,0.0,0.0
2026-01-25 16:49:54,clusterA,16,4,4,0,1.00,0.5,0.5,0.0,0.0,0.0
2026-01-25 16:49:54,clusterB,16,4,4,0,1.00,0.5,0.5,0.0,0.0,0.0
2026-01-25 16:49:59,clusterA,16,4,4,0,1.00,0.5,0.5,0.0,0.0,0.0
2026-01-25 16:49:59,clusterB,16,4,4,0,1.00,0.5,0.5,0.0,0.0,0.0
2026-01-25 16:50:04,clusterA,16,4,4,0,1.00,0.5,0.5,0.0,0.0,0.0
2026-01-25 16:50:04,clusterB,16,4,4,0,1.00,0.5,0.5,0.0,0.0,0.0
2026-01-25 16:50:10,clusterA,16,4,4,0,1.00,0.5,0.5,0.0,0.0,0.0
2026-01-25 16:50:10,clusterB,16,4,4,0,1.00,0.5,0.5,0.0,0.0,0.0
2026-01-25 16:50:15,clusterA,16,4,4,0,1.00,0.5,0.5,0.0,0.0,0.0
2026-01-25 16:50:15,clusterB,16,4,4,0,1.00,0.5,0.5,0.0,0.0,0.0
2026-01-25 16:50:20,clusterA,16,4,4,0,1.00,0.5,0.5,0.0,0.0,0.0
2026-01-25 16:50:20,clusterB,16,4,4,0,1.00,0.5,0.5,0.0,0.0,0.0
2026-01-25 16:50:25,clusterA,16,4,4,0,1.00,0.5,0.5,0.0,0.0,0.0
2026-01-25 16:50:25,clusterB,16,4,4,0,1.00,0.5,0.5,0.0,0.0,0.0
2026-01-25 16:50:30,clusterA,16,4,4,0,1.00,0.5,0.5,0.0,0.0,0.0
2026-01-25 16:50:30,clusterB,16,4,4,0,1.00,0.5,0.5,0.0,0.0,0.0
2026-01-25 16:50:35,clusterA,16,4,4,0,1.00,0.5,0.5,0.0,0.0,0.0
2026-01-25 16:50:35,clusterB,16,4,4,0,1.00,0.5,0.5,0.0,0.0,0.0
2026-01-25 16:50:40,clusterA,16,4,4,0,1.00,0.5,0.5,0.0,0.0,0.0
2026-01-25 16:50:40,clusterB,16,4,4,0,1.00,0.5,0.5,0.0,0.0,0.0
2026-01-25 16:50:45,clusterA,16,4,4,0,1.00,0.5,0.5,0.0,0.0,0.0
2026-01-25 16:50:45,clusterB,16,4,4,0,1.00,0.5,0.5,0.0,0.0,0.0
2026-01-25 16:50:50,clusterA,16,4,4,0,1.00,0.5,0.5,0.0,0.0,0.0
2026-01-25 16:50:50,clusterB,16,4,4,0,1.00,0.5,0.5,0.0,0.0,0.0
2026-01-25 16:50:55,clusterA,16,4,4,0,1.00,0.5,0.5,0.0,0.0,0.0
2026-01-25 16:50:55,clusterB,16,4,4,0,1.00,0.5,0.5,0.0,0.0,0.0
2026-01-25 16:51:01,clusterA,16,4,4,0,1.00,0.5,0.5,0.0,0.0,0.0
2026-01-25 16:51:01,clusterB,16,4,4,0,1.00,0.5,0.5,0.0,0.0,0.0
2026-01-25 16:51:06,clusterA,16,4,4,0,1.00,0.5,0.5,0.0,0.0,0.0
2026-01-25 16:51:06,clusterB,16,4,4,0,1.00,0.5,0.5,0.0,0.0,0.0
2026-01-25 16:51:11,clusterA,16,4,4,0,1.00,0.5,0.5,0.0,0.0,0.0
2026-01-25 16:51:11,clusterB,16,4,4,0,1.00,0.5,0.5,0.0,0.0,0.0
2026-01-25 16:51:16,clusterA,16,4,4,0,1.00,0.5,0.5,0.0,0.0,0.0
2026-01-25 16:51:16,clusterB,16,4,4,0,1.00,0.5,0.5,0.0,0.0,0.0
2026-01-25 16:51:21,clusterA,16,4,4,0,1.00,0.5,0.5,0.0,0.0,0.0
2026-01-25 16:51:21,clusterB,16,4,4,0,1.00,0.5,0.5,0.0,0.0,0.0
2026-01-25 16:51:26,clusterA,16,4,4,0,1.00,0.5,0.5,0.0,0.0,0.0
2026-01-25 16:51:26,clusterB,16,4,4,0,1.00,0.5,0.5,0.0,0.0,0.0
2026-01-25 16:51:31,clusterA,16,4,4,0,1.00,0.5,0.5,0.0,0.0,0.0
2026-01-25 16:51:31,clusterB,16,4,4,0,1.00,0.5,0.5,0.0,0.0,0.0
2026-01-25 16:51:36,clusterA,16,4,4,0,1.00,0.5,0.5,0.0,0.0,0.0
2026-01-25 16:51:36,clusterB,16,4,4,0,1.00,0.5,0.5,0.0,0.0,0.0
2026-01-25 16:51:41,clusterA,16,4,4,0,1.00,0.5,0.5,0.0,0.0,0.0
2026-01-25 16:51:41,clusterB,16,4,4,0,1.00,0.5,0.5,0.0,0.0,0.0
2026-01-25 16:51:46,clusterA,16,4,4,0,1.00,0.5,0.5,0.0,0.0,0.0
2026-01-25 16:51:46,clusterB,16,4,4,0,1.00,0.5,0.5,0.0,0.0,0.0
2026-01-25 16:51:52,clusterA,16,4,4,0,1.00,0.5,0.5,0.0,0.0,0.0
2026-01-25 16:51:52,clusterB,16,4,4,0,1.00,0.5,0.5,0.0,0.0,0.0
2026-01-25 16:51:57,clusterA,16,4,4,0,1.00,0.5,0.5,0.0,0.0,0.0
2026-01-25 16:51:57,clusterB,16,4,4,0,1.00,0.5,0.5,0.0,0.0,0.0
2026-01-25 16:52:02,clusterA,16,4,4,0,1.00,0.5,0.5,0.0,0.0,0.0
2026-01-25 16:52:02,clusterB,16,4,4,0,1.00,0.5,0.5,0.0,0.0,0.0
2026-01-25 16:52:07,clusterA,16,4,4,0,1.00,0.5,0.5,0.0,0.0,0.0
2026-01-25 16:52:07,clusterB,16,4,4,0,1.00,0.5,0.5,0.0,0.0,0.0
2026-01-25 16:52:12,clusterA,16,4,4,0,1.00,0.5,0.5,0.0,0.0,0.0
2026-01-25 16:52:12,clusterB,16,4,4,0,1.00,0.5,0.5,0.0,0.0,0.0
2026-01-25 16:52:17,clusterA,16,4,4,0,1.00,0.5,0.5,0.0,0.0,0.0
2026-01-25 16:52:17,clusterB,16,4,4,0,1.00,0.5,0.5,0.0,0.0,0.0
2026-01-25 16:52:22,clusterA,16,4,4,0,1.00,0.5,0.5,0.0,0.0,0.0
2026-01-25 16:52:22,clusterB,16,4,4,0,1.00,0.5,0.5,0.0,0.0,0.0
2026-01-25 16:52:27,clusterA,16,4,4,0,1.00,0.5,0.5,0.0,0.0,0.0
2026-01-25 16:52:27,clusterB,16,4,4,0,1.00,0.5,0.5,0.0,0.0,0.0
2026-01-25 16:52:32,clusterA,16,4,4,0,1.00,0.5,0.5,0.0,0.0,0.0
2026-01-25 16:52:32,clusterB,16,4,4,0,1.00,0.5,0.5,0.0,0.0,0.0
2026-01-25 16:52:37,clusterA,16,4,4,0,1.00,0.5,0.5,0.0,0.0,0.0
2026-01-25 16:52:37,clusterB,16,4,4,0,1.00,0.5,0.5,0.0,0.0,0.0
2026-01-25 16:52:43,clusterA,16,4,4,0,1.00,0.5,0.5,0.0,0.0,0.0
2026-01-25 16:52:43,clusterB,16,4,4,0,1.00,0.5,0.5,0.0,0.0,0.0
2026-01-25 16:52:48,clusterA,16,4,4,0,1.00,0.5,0.5,0.0,0.0,0.0
2026-01-25 16:52:48,clusterB,16,4,4,0,1.00,0.5,0.5,0.0,0.0,0.0
2026-01-25 16:52:53,clusterA,16,4,4,0,1.00,0.5,0.5,0.0,0.0,0.0
2026-01-25 16:52:53,clusterB,16,4,4,0,1.00,0.5,0.5,0.0,0.0,0.0
2026-01-25 16:52:58,clusterA,16,4,4,0,1.00,0.5,0.5,0.0,0.0,0.0
2026-01-25 16:52:58,clusterB,16,4,4,0,1.00,0.5,0.5,0.0,0.0,0.0
2026-01-25 16:53:03,clusterA,16,4,4,0,1.00,0.5,0.5,0.0,0.0,0.0
2026-01-25 16:53:03,clusterB,16,4,4,0,1.00,0.5,0.5,0.0,0.0,0.0
2026-01-25 16:53:08,clusterA,16,4,4,0,1.00,0.5,0.5,0.0,0.0,0.0
2026-01-25 16:53:08,clusterB,16,4,4,0,1.00,0.5,0.5,0.0,0.0,0.0
2026-01-25 16:53:13,clusterA,16,4,4,0,1.00,0.5,0.5,0.0,0.0,0.0
2026-01-25 16:53:13,clusterB,16,4,4,0,1.00,0.5,0.5,0.0,0.0,0.0
2026-01-25 16:53:18,clusterA,16,4,4,0,1.00,0.5,0.5,0.0,0.0,0.0
2026-01-25 16:53:18,clusterB,16,4,4,0,1.00,0.5,0.5,0.0,0.0,0.0
2026-01-25 16:53:23,clusterA,16,4,4,0,1.00,0.5,0.5,0.0,0.0,0.0
2026-01-25 16:53:23,clusterB,16,4,4,0,1.00,0.5,0.5,0.0,0.0,0.0
2026-01-25 16:53:28,clusterA,16,4,4,0,1.00,0.5,0.5,0.0,0.0,0.0
2026-01-25 16:53:28,clusterB,16,4,4,0,1.00,0.5,0.5,0.0,0.0,0.0
2026-01-25 16:53:34,clusterA,16,4,4,0,1.00,0.5,0.5,0.0,0.0,0.0
2026-01-25 16:53:34,clusterB,16,4,4,0,1.00,0.5,0.5,0.0,0.0,0.0
2026-01-25 16:53:39,clusterA,16,4,4,0,1.00,0.5,0.5,0.0,0.0,0.0
2026-01-25 16:53:39,clusterB,16,4,4,0,1.00,0.5,0.5,0.0,0.0,0.0
2026-01-25 16:53:44,clusterA,16,4,4,0,1.00,0.5,0.5,0.0,0.0,0.0
2026-01-25 16:53:44,clusterB,16,4,4,0,1.00,0.5,0.5,0.0,0.0,0.0
2026-01-25 16:53:49,clusterA,16,4,4,0,1.00,0.5,0.5,0.0,0.0,0.0
2026-01-25 16:53:49,clusterB,16,4,4,0,1.00,0.5,0.5,0.0,0.0,0.0
2026-01-25 16:53:54,clusterA,16,4,4,0,1.00,0.5,0.5,0.0,0.0,0.0
2026-01-25 16:53:54,clusterB,16,4,4,0,1.00,0.5,0.5,0.0,0.0,0.0
2026-01-25 16:53:59,clusterA,16,4,4,0,1.00,0.5,0.5,0.0,0.0,0.0
2026-01-25 16:53:59,clusterB,16,4,4,0,1.00,0.5,0.5,0.0,0.0,0.0
2026-01-25 16:54:04,clusterA,16,4,4,0,1.00,0.5,0.5,0.0,0.0,0.0
2026-01-25 16:54:04,clusterB,16,4,4,0,1.00,0.5,0.5,0.0,0.0,0.0
2026-01-25 16:54:09,clusterA,16,4,4,0,1.00,0.5,0.5,0.0,0.0,0.0
2026-01-25 16:54:09,clusterB,16,4,4,0,1.00,0.5,0.5,0.0,0.0,0.0
2026-01-25 16:54:14,clusterA,16,4,4,0,1.00,0.5,0.5,0.0,0.0,0.0
2026-01-25 16:54:14,clusterB,16,4,4,0,1.00,0.5,0.5,0.0,0.0,0.0
2026-01-25 16:54:19,clusterA,16,4,4,0,1.00,0.5,0.5,0.0,0.0,0.0
2026-01-25 16:54:19,clusterB,16,4,4,0,1.00,0.5,0.5,0.0,0.0,0.0
2026-01-25 16:54:25,clusterA,16,4,4,0,1.00,0.5,0.5,0.0,0.0,0.0
2026-01-25 16:54:25,clusterB,16,4,4,0,1.00,0.5,0.5,0.0,0.0,0.0
2026-01-25 16:54:30,clusterA,16,4,4,0,1.00,0.5,0.5,0.0,0.0,0.0
2026-01-25 16:54:30,clusterB,16,4,4,0,1.00,0.5,0.5,0.0,0.0,0.0
2026-01-25 16:54:35,clusterA,16,4,4,0,1.00,0.5,0.5,0.0,0.0,0.0
2026-01-25 16:54:35,clusterB,16,4,4,0,1.00,0.5,0.5,0.0,0.0,0.0
2026-01-25 16:54:40,clusterA,16,4,4,0,1.00,0.5,0.5,0.0,0.0,0.0
2026-01-25 16:54:40,clusterB,16,4,4,0,1.00,0.5,0.5,0.0,0.0,0.0
2026-01-25 16:54:45,clusterA,16,4,4,0,1.00,0.5,0.5,0.0,0.0,0.0
2026-01-25 16:54:45,clusterB,16,4,4,0,1.00,0.5,0.5,0.0,0.0,0.0
2026-01-25 16:54:50,clusterA,16,4,4,0,1.00,0.5,0.5,0.0,0.0,0.0
2026-01-25 16:54:50,clusterB,16,4,4,0,1.00,0.5,0.5,0.0,0.0,0.0
2026-01-25 16:54:55,clusterA,16,4,4,0,1.00,0.5,0.5,0.0,0.0,0.0
2026-01-25 16:54:55,clusterB,16,4,4,0,1.00,0.5,0.5,0.0,0.0,0.0
2026-01-25 16:55:00,clusterA,16,4,4,0,1.00,0.5,0.5,0.0,0.0,0.0
2026-01-25 16:55:00,clusterB,16,4,4,0,1.00,0.5,0.5,0.0,0.0,0.0
2026-01-25 16:55:05,clusterA,16,4,4,0,1.00,0.5,0.5,0.0,0.0,0.0
2026-01-25 16:55:05,clusterB,16,4,4,0,1.00,0.5,0.5,0.0,0.0,0.0
2026-01-25 16:55:10,clusterA,16,4,4,0,1.00,0.5,0.5,0.0,0.0,0.0
2026-01-25 16:55:10,clusterB,16,4,4,0,1.00,0.5,0.5,0.0,0.0,0.0
2026-01-25 16:55:16,clusterA,16,4,4,0,1.00,0.5,0.5,0.0,0.0,0.0
2026-01-25 16:55:16,clusterB,16,4,4,0,1.00,0.5,0.5,0.0,0.0,0.0
2026-01-25 16:55:21,clusterA,16,4,4,0,1.00,0.5,0.5,0.0,0.0,0.0
2026-01-25 16:55:21,clusterB,16,4,4,0,1.00,0.5,0.5,0.0,0.0,0.0
2026-01-25 16:55:26,clusterA,16,4,4,0,1.00,0.5,0.5,0.0,0.0,0.0
2026-01-25 16:55:26,clusterB,16,4,4,0,1.00,0.5,0.5,0.0,0.0,0.0
2026-01-25 16:55:31,clusterA,16,4,4,0,1.00,0.5,0.5,0.0,0.0,0.0
2026-01-25 16:55:31,clusterB,16,4,4,0,1.00,0.5,0.5,0.0,0.0,0.0
2026-01-25 16:55:36,clusterA,16,4,4,0,1.00,0.5,0.5,0.0,0.0,0.0
2026-01-25 16:55:36,clusterB,16,4,4,0,1.00,0.5,0.5,0.0,0.0,0.0
2026-01-25 16:55:41,clusterA,16,4,4,0,1.00,0.5,0.5,0.0,0.0,0.0
2026-01-25 16:55:41,clusterB,16,4,4,0,1.00,0.5,0.5,0.0,0.0,0.0
2026-01-25 16:55:46,clusterA,16,4,4,0,1.00,0.5,0.5,0.0,0.0,0.0
2026-01-25 16:55:46,clusterB,16,4,4,0,1.00,0.5,0.5,0.0,0.0,0.0
2026-01-25 16:55:51,clusterA,16,4,4,0,1.00,0.5,0.5,0.0,0.0,0.0
2026-01-25 16:55:51,clusterB,16,4,4,0,1.00,0.5,0.5,0.0,0.0,0.0
2026-01-25 16:55:56,clusterA,16,4,4,0,1.00,0.5,0.5,0.0,0.0,0.0
2026-01-25 16:55:56,clusterB,16,4,4,0,1.00,0.5,0.5,0.0,0.0,0.0
2026-01-25 16:56:01,clusterA,16,4,4,0,1.00,0.5,0.5,0.0,0.0,0.0
2026-01-25 16:56:01,clusterB,16,4,4,0,1.00,0.5,0.5,0.0,0.0,0.0
2026-01-25 16:56:07,clusterA,16,4,4,0,1.00,0.5,0.5,0.0,0.0,0.0
2026-01-25 16:56:07,clusterB,16,4,4,0,1.00,0.5,0.5,0.0,0.0,0.0
2026-01-25 16:56:12,clusterA,16,4,4,0,1.00,0.5,0.5,0.0,0.0,0.0
2026-01-25 16:56:12,clusterB,16,4,4,0,1.00,0.5,0.5,0.0,0.0,0.0
2026-01-25 16:56:17,clusterA,16,4,4,0,1.00,0.5,0.5,0.0,0.0,0.0
2026-01-25 16:56:17,clusterB,16,4,4,0,1.00,0.5,0.5,0.0,0.0,0.0
2026-01-25 16:56:22,clusterA,16,4,4,0,1.00,0.5,0.5,0.0,0.0,0.0
2026-01-25 16:56:22,clusterB,16,4,4,0,1.00,0.5,0.5,0.0,0.0,0.0
2026-01-25 16:56:27,clusterA,16,4,4,0,1.00,0.5,0.5,0.0,0.0,0.0
2026-01-25 16:56:27,clusterB,16,4,4,0,1.00,0.5,0.5,0.0,0.0,0.0
2026-01-25 16:56:32,clusterA,16,4,4,0,1.00,0.5,0.5,0.0,0.0,0.0
2026-01-25 16:56:32,clusterB,16,4,4,0,1.00,0.5,0.5,0.0,0.0,0.0
2026-01-25 16:56:37,clusterA,16,4,4,0,1.00,0.5,0.5,0.0,0.0,0.0
2026-01-25 16:56:37,clusterB,16,4,4,0,1.00,0.5,0.5,0.0,0.0,0.0
2026-01-25 16:56:42,clusterA,16,4,4,0,1.00,0.5,0.5,0.0,0.0,0.0
2026-01-25 16:56:42,clusterB,16,4,4,0,1.00,0.5,0.5,0.0,0.0,0.0
2026-01-25 16:56:47,clusterA,16,4,4,0,1.00,0.5,0.5,0.0,0.0,0.0
2026-01-25 16:56:47,clusterB,16,4,4,0,1.00,0.5,0.5,0.0,0.0,0.0
2026-01-25 16:56:52,clusterA,16,4,4,0,1.00,0.5,0.5,0.0,0.0,0.0
2026-01-25 16:56:52,clusterB,16,4,4,0,1.00,0.5,0.5,0.0,0.0,0.0
2026-01-25 16:56:58,clusterA,16,4,4,0,1.00,0.5,0.5,0.0,0.0,0.0
2026-01-25 16:56:58,clusterB,16,4,4,0,1.00,0.5,0.5,0.0,0.0,0.0
2026-01-25 16:57:03,clusterA,16,4,4,0,1.00,0.5,0.5,0.0,0.0,0.0
2026-01-25 16:57:03,clusterB,16,4,4,0,1.00,0.5,0.5,0.0,0.0,0.0
2026-01-25 16:57:08,clusterA,16,4,4,0,1.00,0.5,0.5,0.0,0.0,0.0
2026-01-25 16:57:08,clusterB,16,4,4,0,1.00,0.5,0.5,0.0,0.0,0.0
2026-01-25 16:57:13,clusterA,16,4,4,0,1.00,0.5,0.5,0.0,0.0,0.0
2026-01-25 16:57:13,clusterB,16,4,4,0,1.00,0.5,0.5,0.0,0.0,0.0
2026-01-25 16:57:18,clusterA,16,4,4,0,1.00,0.5,0.5,0.0,0.0,0.0
2026-01-25 16:57:18,clusterB,16,4,4,0,1.00,0.5,0.5,0.0,0.0,0.0
2026-01-25 16:57:23,clusterA,16,4,4,0,1.00,0.5,0.5,0.0,0.0,0.0
2026-01-25 16:57:23,clusterB,16,4,4,0,1.00,0.5,0.5,0.0,0.0,0.0
2026-01-25 16:57:28,clusterA,16,4,4,0,1.00,0.5,0.5,0.0,0.0,0.0
2026-01-25 16:57:28,clusterB,16,4,4,0,1.00,0.5,0.5,0.0,0.0,0.0
2026-01-25 16:57:33,clusterA,16,4,4,0,1.00,0.5,0.5,0.0,0.0,0.0
2026-01-25 16:57:33,clusterB,16,4,4,0,1.00,0.5,0.5,0.0,0.0,0.0
2026-01-25 16:57:38,clusterA,16,4,4,0,1.00,0.5,0.5,0.0,0.0,0.0
2026-01-25 16:57:38,clusterB,16,4,4,0,1.00,0.5,0.5,0.0,0.0,0.0
2026-01-25 16:57:43,clusterA,16,4,4,0,1.00,0.5,0.5,0.0,0.0,0.0
2026-01-25 16:57:43,clusterB,16,4,4,0,1.00,0.5,0.5,0.0,0.0,0.0
2026-01-25 16:57:49,clusterA,16,4,4,0,1.00,0.5,0.5,0.0,0.0,0.0
2026-01-25 16:57:49,clusterB,16,4,4,0,1.00,0.5,0.5,0.0,0.0,0.0
2026-01-25 16:57:54,clusterA,16,4,4,0,1.00,0.5,0.5,0.0,0.0,0.0
2026-01-25 16:57:54,clusterB,16,4,4,0,1.00,0.5,0.5,0.0,0.0,0.0
2026-01-25 16:57:59,clusterA,16,4,4,0,1.00,0.5,0.5,0.0,0.0,0.0
2026-01-25 16:57:59,clusterB,16,4,4,0,1.00,0.5,0.5,0.0,0.0,0.0
2026-01-25 16:58:04,clusterA,16,4,4,0,1.00,0.5,0.5,0.0,0.0,0.0
2026-01-25 16:58:04,clusterB,16,4,4,0,1.00,0.5,0.5,0.0,0.0,0.0
2026-01-25 16:58:09,clusterA,16,4,4,0,1.00,0.5,0.5,0.0,0.0,0.0
2026-01-25 16:58:09,clusterB,16,4,4,0,1.00,0.5,0.5,0.0,0.0,0.0
2026-01-25 16:58:14,clusterA,16,4,4,0,1.00,0.5,0.5,0.0,0.0,0.0
2026-01-25 16:58:14,clusterB,16,4,4,0,1.00,0.5,0.5,0.0,0.0,0.0
2026-01-25 16:58:19,clusterA,16,4,4,0,1.00,0.5,0.5,0.0,0.0,0.0
2026-01-25 16:58:19,clusterB,16,4,4,0,1.00,0.5,0.5,0.0,0.0,0.0
2026-01-25 16:58:24,clusterA,16,4,4,0,1.00,0.5,0.5,0.0,0.0,0.0
2026-01-25 16:58:24,clusterB,16,4,4,0,1.00,0.5,0.5,0.0,0.0,0.0
2026-01-25 16:58:29,clusterA,16,4,4,0,1.00,0.5,0.5,0.0,0.0,0.0
2026-01-25 16:58:29,clusterB,16,4,4,0,1.00,0.5,0.5,0.0,0.0,0.0
2026-01-25 16:58:34,clusterA,16,4,4,0,1.00,0.5,0.5,0.0,0.0,0.0
2026-01-25 16:58:34,clusterB,16,4,4,0,1.00,0.5,0.5,0.0,0.0,0.0
2026-01-25 16:58:40,clusterA,16,4,4,0,1.00,0.5,0.5,0.0,0.0,0.0
2026-01-25 16:58:40,clusterB,16,4,4,0,1.00,0.5,0.5,0.0,0.0,0.0
2026-01-25 16:58:45,clusterA,16,4,4,0,1.00,0.5,0.5,0.0,0.0,0.0
2026-01-25 16:58:45,clusterB,16,4,4,0,1.00,0.5,0.5,0.0,0.0,0.0
2026-01-25 16:58:50,clusterA,16,4,4,0,1.00,0.5,0.5,0.0,0.0,0.0
2026-01-25 16:58:50,clusterB,16,4,4,0,1.00,0.5,0.5,0.0,0.0,0.0
2026-01-25 16:58:55,clusterA,16,4,4,0,1.00,0.5,0.5,0.0,0.0,0.0
2026-01-25 16:58:55,clusterB,16,4,4,0,1.00,0.5,0.5,0.0,0.0,0.0
2026-01-25 16:59:00,clusterA,16,4,4,0,1.00,0.5,0.5,0.0,0.0,0.0
2026-01-25 16:59:00,clusterB,16,4,4,0,1.00,0.5,0.5,0.0,0.0,0.0
2026-01-25 16:59:05,clusterA,16,4,4,0,1.00,0.5,0.5,0.0,0.0,0.0
2026-01-25 16:59:05,clusterB,16,4,4,0,1.00,0.5,0.5,0.0,0.0,0.0
2026-01-25 16:59:10,clusterA,16,4,4,0,1.00,0.5,0.5,0.0,0.0,0.0
2026-01-25 16:59:10,clusterB,16,4,4,0,1.00,0.5,0.5,0.0,0.0,0.0
2026-01-25 16:59:15,clusterA,16,4,4,0,1.00,0.5,0.5,0.0,0.0,0.0
2026-01-25 16:59:15,clusterB,16,4,4,0,1.00,0.5,0.5,0.0,0.0,0.0
2026-01-25 16:59:20,clusterA,16,4,4,0,1.00,0.5,0.5,0.0,0.0,0.0
2026-01-25 16:59:20,clusterB,16,4,4,0,1.00,0.5,0.5,0.0,0.0,0.0
2026-01-25 16:59:25,clusterA,16,4,4,0,1.00,0.5,0.5,0.0,0.0,0.0
2026-01-25 16:59:25,clusterB,16,4,4,0,1.00,0.5,0.5,0.0,0.0,0.0
2026-01-25 16:59:30,clusterA,16,4,4,0,1.00,0.5,0.5,0.0,0.0,0.0
2026-01-25 16:59:30,clusterB,16,4,4,0,1.00,0.5,0.5,0.0,0.0,0.0
2026-01-25 16:59:36,clusterA,16,4,4,0,1.00,0.5,0.5,0.0,0.0,0.0
2026-01-25 16:59:36,clusterB,16,4,4,0,1.00,0.5,0.5,0.0,0.0,0.0
2026-01-25 16:59:41,clusterA,16,4,4,0,1.00,0.5,0.5,0.0,0.0,0.0
2026-01-25 16:59:41,clusterB,16,4,4,0,1.00,0.5,0.5,0.0,0.0,0.0
2026-01-25 16:59:46,clusterA,16,4,4,0,1.00,0.5,0.5,0.0,0.0,0.0
2026-01-25 16:59:46,clusterB,16,4,4,0,1.00,0.5,0.5,0.0,0.0,0.0
2026-01-25 16:59:51,clusterA,16,4,4,0,1.00,0.5,0.5,0.0,0.0,0.0
2026-01-25 16:59:51,clusterB,16,4,4,0,1.00,0.5,0.5,0.0,0.0,0.0
2026-01-25 16:59:56,clusterA,16,4,4,0,1.00,0.5,0.5,0.0,0.0,0.0
2026-01-25 16:59:56,clusterB,16,4,4,0,1.00,0.5,0.5,0.0,0.0,0.0
2026-01-25 17:00:01,clusterA,16,4,4,0,1.00,0.5,0.5,0.0,0.0,0.0
2026-01-25 17:00:01,clusterB,16,4,4,0,1.00,0.5,0.5,0.0,0.0,0.0
2026-01-25 17:00:06,clusterA,16,4,4,0,1.00,0.5,0.5,0.0,0.0,0.0
2026-01-25 17:00:06,clusterB,16,4,4,0,1.00,0.5,0.5,0.0,0.0,0.0
2026-01-25 17:00:11,clusterA,16,4,4,0,1.00,0.5,0.5,0.0,0.0,0.0
2026-01-25 17:00:11,clusterB,16,4,4,0,1.00,0.5,0.5,0.0,0.0,0.0
2026-01-25 17:00:16,clusterA,16,4,4,0,1.00,0.5,0.5,0.0,0.0,0.0
2026-01-25 17:00:16,clusterB,16,4,4,0,1.00,0.5,0.5,0.0,0.0,0.0
2026-01-25 17:00:22,clusterA,16,4,4,0,1.00,0.5,0.5,0.0,0.0,0.0
2026-01-25 17:00:22,clusterB,16,4,4,0,1.00,0.5,0.5,0.0,0.0,0.0
2026-01-25 17:00:27,clusterA,16,4,4,0,1.00,0.5,0.5,0.0,0.0,0.0
2026-01-25 17:00:27,clusterB,16,4,4,0,1.00,0.5,0.5,0.0,0.0,0.0
2026-01-25 17:00:32,clusterA,16,4,4,0,1.00,0.5,0.5,0.0,0.0,0.0
2026-01-25 17:00:32,clusterB,16,4,4,0,1.00,0.5,0.5,0.0,0.0,0.0
2026-01-25 17:00:37,clusterA,16,4,4,0,1.00,0.5,0.5,0.0,0.0,0.0
2026-01-25 17:00:37,clusterB,16,4,4,0,1.00,0.5,0.5,0.0,0.0,0.0
2026-01-25 17:00:42,clusterA,16,4,4,0,1.00,0.5,0.5,0.0,0.0,0.0
2026-01-25 17:00:42,clusterB,16,4,4,0,1.00,0.5,0.5,0.0,0.0,0.0
2026-01-25 17:00:47,clusterA,16,4,4,0,1.00,0.5,0.5,0.0,0.0,0.0
2026-01-25 17:00:47,clusterB,16,4,4,0,1.00,0.5,0.5,0.0,0.0,0.0
2026-01-25 17:00:52,clusterA,16,4,4,0,1.00,0.5,0.5,0.0,0.0,0.0
2026-01-25 17:00:52,clusterB,16,4,4,0,1.00,0.5,0.5,0.0,0.0,0.0
2026-01-25 17:00:57,clusterA,16,4,4,0,1.00,0.5,0.5,0.0,0.0,0.0
2026-01-25 17:00:57,clusterB,16,4,4,0,1.00,0.5,0.5,0.0,0.0,0.0
2026-01-25 17:01:02,clusterA,16,4,4,0,1.00,0.5,0.5,0.0,0.0,0.0
2026-01-25 17:01:02,clusterB,16,4,4,0,1.00,0.5,0.5,0.0,0.0,0.0
2026-01-25 17:01:07,clusterA,16,4,4,0,1.00,0.5,0.5,0.0,0.0,0.0
2026-01-25 17:01:07,clusterB,16,4,4,0,1.00,0.5,0.5,0.0,0.0,0.0
2026-01-25 17:01:13,clusterA,16,4,4,0,1.00,0.5,0.5,0.0,0.0,0.0
2026-01-25 17:01:13,clusterB,16,4,4,0,1.00,0.5,0.5,0.0,0.0,0.0
2026-01-25 17:01:18,clusterA,16,4,4,0,1.00,0.5,0.5,0.0,0.0,0.0
2026-01-25 17:01:18,clusterB,16,4,4,0,1.00,0.5,0.5,0.0,0.0,0.0
2026-01-25 17:01:23,clusterA,16,4,4,0,1.00,0.5,0.5,0.0,0.0,0.0
2026-01-25 17:01:23,clusterB,16,4,4,0,1.00,0.5,0.5,0.0,0.0,0.0
2026-01-25 17:01:28,clusterA,16,4,4,0,1.00,0.5,0.5,0.0,0.0,0.0
2026-01-25 17:01:28,clusterB,16,4,4,0,1.00,0.5,0.5,0.0,0.0,0.0
2026-01-25 17:01:33,clusterA,16,4,4,0,1.00,0.5,0.5,0.0,0.0,0.0
2026-01-25 17:01:33,clusterB,16,4,4,0,1.00,0.5,0.5,0.0,0.0,0.0
2026-01-25 17:01:38,clusterA,16,4,4,0,1.00,0.5,0.5,0.0,0.0,0.0
2026-01-25 17:01:38,clusterB,16,4,4,0,1.00,0.5,0.5,0.0,0.0,0.0
2026-01-25 17:01:43,clusterA,16,4,4,0,1.00,0.5,0.5,0.0,0.0,0.0
2026-01-25 17:01:43,clusterB,16,4,4,0,1.00,0.5,0.5,0.0,0.0,0.0
2026-01-25 17:01:48,clusterA,16,4,4,0,1.00,0.5,0.5,0.0,0.0,0.0
2026-01-25 17:01:48,clusterB,16,4,4,0,1.00,0.5,0.5,0.0,0.0,0.0
2026-01-25 17:01:53,clusterA,16,4,4,0,1.00,0.5,0.5,0.0,0.0,0.0
2026-01-25 17:01:53,clusterB,16,4,4,0,1.00,0.5,0.5,0.0,0.0,0.0
2026-01-25 17:01:58,clusterA,16,4,4,0,1.00,0.5,0.5,0.0,0.0,0.0
2026-01-25 17:01:58,clusterB,16,4,4,0,1.00,0.5,0.5,0.0,0.0,0.0
2026-01-25 17:02:04,clusterA,16,4,4,0,1.00,0.5,0.5,0.0,0.0,0.0
2026-01-25 17:02:04,clusterB,16,4,4,0,1.00,0.5,0.5,0.0,0.0,0.0
2026-01-25 17:02:09,clusterA,16,4,4,0,1.00,0.5,0.5,0.0,0.0,0.0
2026-01-25 17:02:09,clusterB,16,4,4,0,1.00,0.5,0.5,0.0,0.0,0.0
2026-01-25 17:02:14,clusterA,16,4,4,0,1.00,0.5,0.5,0.0,0.0,0.0
2026-01-25 17:02:14,clusterB,16,4,4,0,1.00,0.5,0.5,0.0,0.0,0.0
2026-01-25 17:02:19,clusterA,16,4,4,0,1.00,0.5,0.5,0.0,0.0,0.0
2026-01-25 17:02:19,clusterB,16,4,4,0,1.00,0.5,0.5,0.0,0.0,0.0
2026-01-25 17:02:24,clusterA,16,4,4,0,1.00,0.5,0.5,0.0,0.0,0.0
2026-01-25 17:02:24,clusterB,16,4,4,0,1.00,0.5,0.5,0.0,0.0,0.0
2026-01-25 17:02:29,clusterA,16,4,4,0,1.00,0.5,0.5,0.0,0.0,0.0
2026-01-25 17:02:29,clusterB,16,4,4,0,1.00,0.5,0.5,0.0,0.0,0.0
2026-01-25 17:02:34,clusterA,16,4,4,0,1.00,0.5,0.5,0.0,0.0,0.0
2026-01-25 17:02:34,clusterB,16,4,4,0,1.00,0.5,0.5,0.0,0.0,0.0
2026-01-25 17:02:39,clusterA,16,4,4,0,1.00,0.5,0.5,0.0,0.0,0.0
2026-01-25 17:02:39,clusterB,16,4,4,0,1.00,0.5,0.5,0.0,0.0,0.0
2026-01-25 17:02:44,clusterA,16,4,4,0,1.00,0.5,0.5,0.0,0.0,0.0
2026-01-25 17:02:44,clusterB,16,4,4,0,1.00,0.5,0.5,0.0,0.0,0.0
2026-01-25 17:02:49,clusterA,16,4,4,0,1.00,0.5,0.5,0.0,0.0,0.0
2026-01-25 17:02:49,clusterB,16,4,4,0,1.00,0.5,0.5,0.0,0.0,0.0
2026-01-25 17:02:55,clusterA,16,4,4,0,1.00,0.5,0.5,0.0,0.0,0.0
2026-01-25 17:02:55,clusterB,16,4,4,0,1.00,0.5,0.5,0.0,0.0,0.0
2026-01-25 17:03:00,clusterA,16,4,4,0,1.00,0.5,0.5,0.0,0.0,0.0
2026-01-25 17:03:00,clusterB,16,4,4,0,1.00,0.5,0.5,0.0,0.0,0.0
2026-01-25 17:03:05,clusterA,16,4,4,0,1.00,0.5,0.5,0.0,0.0,0.0
2026-01-25 17:03:05,clusterB,16,4,4,0,1.00,0.5,0.5,0.0,0.0,0.0
2026-01-25 17:03:10,clusterA,16,4,4,0,1.00,0.5,0.5,0.0,0.0,0.0
2026-01-25 17:03:10,clusterB,16,4,4,0,1.00,0.5,0.5,0.0,0.0,0.0
2026-01-25 17:03:15,clusterA,16,4,4,0,1.00,0.5,0.5,0.0,0.0,0.0
2026-01-25 17:03:15,clusterB,16,4,4,0,1.00,0.5,0.5,0.0,0.0,0.0
2026-01-25 17:03:20,clusterA,16,4,4,0,1.00,0.5,0.5,0.0,0.0,0.0
2026-01-25 17:03:20,clusterB,16,4,4,0,1.00,0.5,0.5,0.0,0.0,0.0
2026-01-25 17:03:25,clusterA,16,4,4,0,1.00,0.5,0.5,0.0,0.0,0.0
2026-01-25 17:03:25,clusterB,16,4,4,0,1.00,0.5,0.5,0.0,0.0,0.0
2026-01-25 17:03:30,clusterA,16,4,4,0,1.00,0.5,0.5,0.0,0.0,0.0
2026-01-25 17:03:30,clusterB,16,4,4,0,1.00,0.5,0.5,0.0,0.0,0.0
2026-01-25 17:03:35,clusterA,16,4,4,0,1.00,0.5,0.5,0.0,0.0,0.0
2026-01-25 17:03:35,clusterB,16,4,4,0,1.00,0.5,0.5,0.0,0.0,0.0
2026-01-25 17:03:40,clusterA,16,4,4,0,1.00,0.5,0.5,0.0,0.0,0.0
2026-01-25 17:03:40,clusterB,16,4,4,0,1.00,0.5,0.5,0.0,0.0,0.0
2026-01-25 17:03:46,clusterA,16,4,4,0,1.00,0.5,0.5,0.0,0.0,0.0
2026-01-25 17:03:46,clusterB,16,4,4,0,1.00,0.5,0.5,0.0,0.0,0.0
2026-01-25 17:03:51,clusterA,16,4,4,0,1.00,0.5,0.5,0.0,0.0,0.0
2026-01-25 17:03:51,clusterB,16,4,4,0,1.00,0.5,0.5,0.0,0.0,0.0
2026-01-25 17:03:56,clusterA,16,4,4,0,1.00,0.5,0.5,0.0,0.0,0.0
2026-01-25 17:03:56,clusterB,16,4,4,0,1.00,0.5,0.5,0.0,0.0,0.0
2026-01-25 17:04:01,clusterA,16,4,4,0,1.00,0.5,0.5,0.0,0.0,0.0
2026-01-25 17:04:01,clusterB,16,4,4,0,1.00,0.5,0.5,0.0,0.0,0.0
2026-01-25 17:04:06,clusterA,16,4,4,0,1.00,0.5,0.5,0.0,0.0,0.0
2026-01-25 17:04:06,clusterB,16,4,4,0,1.00,0.5,0.5,0.0,0.0,0.0
2026-01-25 17:04:11,clusterA,16,4,4,0,1.00,0.5,0.5,0.0,0.0,0.0
2026-01-25 17:04:11,clusterB,16,4,4,0,1.00,0.5,0.5,0.0,0.0,0.0
2026-01-25 17:04:16,clusterA,16,4,4,0,1.00,0.5,0.5,0.0,0.0,0.0
2026-01-25 17:04:16,clusterB,16,4,4,0,1.00,0.5,0.5,0.0,0.0,0.0
2026-01-25 17:04:21,clusterA,16,4,4,0,1.00,0.5,0.5,0.0,0.0,0.0
2026-01-25 17:04:21,clusterB,16,4,4,0,1.00,0.5,0.5,0.0,0.0,0.0
2026-01-25 17:04:26,clusterA,16,4,4,0,1.00,0.5,0.5,0.0,0.0,0.0
2026-01-25 17:04:26,clusterB,16,4,4,0,1.00,0.5,0.5,0.0,0.0,0.0
2026-01-25 17:04:31,clusterA,16,4,4,0,1.00,0.5,0.5,0.0,0.0,0.0
2026-01-25 17:04:31,clusterB,16,4,4,0,1.00,0.5,0.5,0.0,0.0,0.0
2026-01-25 17:04:37,clusterA,16,4,4,0,1.00,0.5,0.5,0.0,0.0,0.0
2026-01-25 17:04:37,clusterB,16,4,4,0,1.00,0.5,0.5,0.0,0.0,0.0
2026-01-25 17:04:42,clusterA,16,4,4,0,1.00,0.5,0.5,0.0,0.0,0.0
2026-01-25 17:04:42,clusterB,16,4,4,0,1.00,0.5,0.5,0.0,0.0,0.0
2026-01-25 17:04:47,clusterA,16,4,4,0,1.00,0.5,0.5,0.0,0.0,0.0
2026-01-25 17:04:47,clusterB,16,4,4,0,1.00,0.5,0.5,0.0,0.0,0.0
2026-01-25 17:04:52,clusterA,16,4,4,0,1.00,0.5,0.5,0.0,0.0,0.0
2026-01-25 17:04:52,clusterB,16,4,4,0,1.00,0.5,0.5,0.0,0.0,0.0
2026-01-25 17:04:57,clusterA,16,4,4,0,1.00,0.5,0.5,0.0,0.0,0.0
2026-01-25 17:04:57,clusterB,16,4,4,0,1.00,0.5,0.5,0.0,0.0,0.0
2026-01-25 17:05:02,clusterA,16,4,4,0,1.00,0.5,0.5,0.0,0.0,0.0
2026-01-25 17:05:02,clusterB,16,4,4,0,1.00,0.5,0.5,0.0,0.0,0.0
2026-01-25 17:05:07,clusterA,16,4,4,0,1.00,0.5,0.5,0.0,0.0,0.0
2026-01-25 17:05:07,clusterB,16,4,4,0,1.00,0.5,0.5,0.0,0.0,0.0
2026-01-25 17:05:12,clusterA,16,4,4,0,1.00,0.5,0.5,0.0,0.0,0.0
2026-01-25 17:05:12,clusterB,16,4,4,0,1.00,0.5,0.5,0.0,0.0,0.0
2026-01-25 17:05:17,clusterA,16,4,4,0,1.00,0.5,0.5,0.0,0.0,0.0
2026-01-25 17:05:17,clusterB,16,4,4,0,1.00,0.5,0.5,0.0,0.0,0.0
2026-01-25 17:05:22,clusterA,16,4,4,0,1.00,0.5,0.5,0.0,0.0,0.0
2026-01-25 17:05:22,clusterB,16,4,4,0,1.00,0.5,0.5,0.0,0.0,0.0
2026-01-25 17:05:28,clusterA,16,4,4,0,1.00,0.5,0.5,0.0,0.0,0.0
2026-01-25 17:05:28,clusterB,16,4,0,4,0.00,0.5,0.5,0.0,0.0,0.0
2026-01-25 17:05:33,clusterA,12,4,4,0,1.00,0.5,0.5,0.0,0.0,0.0
2026-01-25 17:05:33,clusterB,12,4,4,0,1.00,0.5,0.5,0.0,0.0,0.0
2026-01-25 17:05:38,clusterA,12,4,4,0,1.00,0.5,0.5,0.0,0.0,0.0
2026-01-25 17:05:38,clusterB,12,4,4,0,1.00,0.5,0.5,0.0,0.0,0.0
2026-01-25 17:05:43,clusterA,12,4,4,0,1.00,0.5,0.5,0.0,0.0,0.0
2026-01-25 17:05:43,clusterB,12,4,4,0,1.00,0.5,0.5,0.0,0.0,0.0
2026-01-25 17:05:49,clusterA,12,4,4,0,1.00,0.5,0.5,0.0,0.0,0.0
2026-01-25 17:05:49,clusterB,12,4,4,0,1.00,0.5,0.5,0.0,0.0,0.0
2026-01-25 17:05:54,clusterA,12,4,4,0,1.00,0.5,0.5,0.0,0.0,0.0
2026-01-25 17:05:54,clusterB,12,4,4,0,1.00,0.5,0.5,0.0,0.0,0.0
2026-01-25 17:05:59,clusterA,12,4,4,0,1.00,0.5,0.5,0.0,0.0,0.0
2026-01-25 17:05:59,clusterB,12,4,4,0,1.00,0.5,0.5,0.0,0.0,0.0
2026-01-25 17:06:04,clusterA,12,4,4,0,1.00,0.5,0.5,0.0,0.0,0.0
2026-01-25 17:06:04,clusterB,12,4,4,0,1.00,0.5,0.5,0.0,0.0,0.0
2026-01-25 17:06:10,clusterA,12,4,4,0,1.00,0.5,0.5,0.0,0.0,0.0
2026-01-25 17:06:10,clusterB,12,4,4,0,1.00,0.5,0.5,0.0,0.0,0.0
2026-01-25 17:06:15,clusterA,12,4,4,0,1.00,0.5,0.5,0.0,0.0,0.0
2026-01-25 17:06:15,clusterB,12,4,4,0,1.00,0.5,0.5,0.0,0.0,0.0
2026-01-25 17:06:20,clusterA,12,4,4,0,1.00,0.5,0.5,0.0,0.0,0.0
2026-01-25 17:06:20,clusterB,12,4,4,0,1.00,0.5,0.5,0.0,0.0,0.0
2026-01-25 17:06:25,clusterA,12,4,4,0,1.00,0.5,0.5,0.0,0.0,0.0
2026-01-25 17:06:25,clusterB,12,4,4,0,1.00,0.5,0.5,0.0,0.0,0.0
2026-01-25 17:06:31,clusterA,12,4,4,0,1.00,0.5,0.5,0.0,0.0,0.0
2026-01-25 17:06:31,clusterB,12,4,4,0,1.00,0.5,0.5,0.0,0.0,0.0
2026-01-25 17:06:36,clusterA,12,4,4,0,1.00,0.5,0.5,0.0,0.0,0.0
2026-01-25 17:06:36,clusterB,12,4,4,0,1.00,0.5,0.5,0.0,0.0,0.0
2026-01-25 17:06:41,clusterA,12,4,4,0,1.00,0.5,0.5,0.0,0.0,0.0
2026-01-25 17:06:41,clusterB,12,4,4,0,1.00,0.5,0.5,0.0,0.0,0.0
2026-01-25 17:06:46,clusterA,12,4,4,0,1.00,0.5,0.5,0.0,0.0,0.0
2026-01-25 17:06:46,clusterB,12,4,4,0,1.00,0.5,0.5,0.0,0.0,0.0
2026-01-25 17:06:52,clusterA,12,4,4,0,1.00,0.5,0.5,0.0,0.0,0.0
2026-01-25 17:06:52,clusterB,12,4,4,0,1.00,0.5,0.5,0.0,0.0,0.0
2026-01-25 17:06:57,clusterA,12,4,4,0,1.00,0.5,0.5,0.0,0.0,0.0
2026-01-25 17:06:57,clusterB,12,4,4,0,1.00,0.5,0.5,0.0,0.0,0.0
2026-01-25 17:07:02,clusterA,12,4,4,0,1.00,0.5,0.5,0.0,0.0,0.0
2026-01-25 17:07:02,clusterB,12,4,4,0,1.00,0.5,0.5,0.0,0.0,0.0
2026-01-25 17:07:07,clusterA,12,4,4,0,1.00,0.5,0.5,0.0,0.0,0.0
2026-01-25 17:07:07,clusterB,12,4,4,0,1.00,0.5,0.5,0.0,0.0,0.0
2026-01-25 17:07:12,clusterA,12,4,4,0,1.00,0.5,0.5,0.0,0.0,0.0
2026-01-25 17:07:12,clusterB,12,4,4,0,1.00,0.5,0.5,0.0,0.0,0.0
2026-01-25 17:07:18,clusterA,12,4,4,0,1.00,0.5,0.5,0.0,0.0,0.0
2026-01-25 17:07:18,clusterB,12,4,4,0,1.00,0.5,0.5,0.0,0.0,0.0
2026-01-25 17:07:23,clusterA,12,4,4,0,1.00,0.5,0.5,0.0,0.0,0.0
2026-01-25 17:07:23,clusterB,12,4,4,0,1.00,0.5,0.5,0.0,0.0,0.0
2026-01-25 17:07:28,clusterA,12,4,4,0,1.00,0.5,0.5,0.0,0.0,0.0
2026-01-25 17:07:28,clusterB,12,4,4,0,1.00,0.5,0.5,0.0,0.0,0.0
2026-01-25 17:07:33,clusterA,12,4,4,0,1.00,0.5,0.5,0.0,0.0,0.0
2026-01-25 17:07:33,clusterB,12,4,4,0,1.00,0.5,0.5,0.0,0.0,0.0
2026-01-25 17:07:39,clusterA,12,4,4,0,1.00,0.5,0.5,0.0,0.0,0.0
2026-01-25 17:07:39,clusterB,12,4,4,0,1.00,0.5,0.5,0.0,0.0,0.0
2026-01-25 17:07:44,clusterA,12,4,4,0,1.00,0.5,0.5,0.0,0.0,0.0
2026-01-25 17:07:44,clusterB,12,4,4,0,1.00,0.5,0.5,0.0,0.0,0.0
2026-01-25 17:07:49,clusterA,12,4,4,0,1.00,0.5,0.5,0.0,0.0,0.0
2026-01-25 17:07:49,clusterB,12,4,4,0,1.00,0.5,0.5,0.0,0.0,0.0
2026-01-25 17:07:54,clusterA,12,4,4,0,1.00,0.5,0.5,0.0,0.0,0.0
2026-01-25 17:07:54,clusterB,12,4,4,0,1.00,0.5,0.5,0.0,0.0,0.0
2026-01-25 17:08:00,clusterA,12,4,4,0,1.00,0.5,0.5,0.0,0.0,0.0
2026-01-25 17:08:00,clusterB,12,4,4,0,1.00,0.5,0.5,0.0,0.0,0.0
2026-01-25 17:08:05,clusterA,12,4,4,0,1.00,0.5,0.5,0.0,0.0,0.0
2026-01-25 17:08:05,clusterB,12,4,4,0,1.00,0.5,0.5,0.0,0.0,0.0
2026-01-25 17:08:10,clusterA,12,4,4,0,1.00,0.5,0.5,0.0,0.0,0.0
2026-01-25 17:08:10,clusterB,12,4,4,0,1.00,0.5,0.5,0.0,0.0,0.0
2026-01-25 17:08:15,clusterA,12,4,4,0,1.00,0.5,0.5,0.0,0.0,0.0
2026-01-25 17:08:15,clusterB,12,4,4,0,1.00,0.5,0.5,0.0,0.0,0.0
2026-01-25 17:08:21,clusterA,12,4,4,0,1.00,0.5,0.5,0.0,0.0,0.0
2026-01-25 17:08:21,clusterB,12,4,4,0,1.00,0.5,0.5,0.0,0.0,0.0
2026-01-25 17:08:26,clusterA,12,4,4,0,1.00,0.5,0.5,0.0,0.0,0.0
2026-01-25 17:08:26,clusterB,12,4,4,0,1.00,0.5,0.5,0.0,0.0,0.0
2026-01-25 17:08:31,clusterA,12,4,4,0,1.00,0.5,0.5,0.0,0.0,0.0
2026-01-25 17:08:31,clusterB,12,4,4,0,1.00,0.5,0.5,0.0,0.0,0.0
2026-01-25 17:08:36,clusterA,12,4,4,0,1.00,0.5,0.5,0.0,0.0,0.0
2026-01-25 17:08:36,clusterB,12,4,4,0,1.00,0.5,0.5,0.0,0.0,0.0
2026-01-25 17:08:42,clusterA,12,4,4,0,1.00,0.5,0.5,0.0,0.0,0.0
2026-01-25 17:08:42,clusterB,12,4,4,0,1.00,0.5,0.5,0.0,0.0,0.0
2026-01-25 17:08:47,clusterA,12,4,4,0,1.00,0.5,0.5,0.0,0.0,0.0
2026-01-25 17:08:47,clusterB,12,4,4,0,1.00,0.5,0.5,0.0,0.0,0.0
2026-01-25 17:08:52,clusterA,12,4,4,0,1.00,0.5,0.5,0.0,0.0,0.0
2026-01-25 17:08:52,clusterB,12,4,4,0,1.00,0.5,0.5,0.0,0.0,0.0
2026-01-25 17:08:57,clusterA,12,4,4,0,1.00,0.5,0.5,0.0,0.0,0.0
2026-01-25 17:08:57,clusterB,12,4,4,0,1.00,0.5,0.5,0.0,0.0,0.0
2026-01-25 17:09:02,clusterA,12,4,4,0,1.00,0.5,0.5,0.0,0.0,0.0
2026-01-25 17:09:02,clusterB,12,4,4,0,1.00,0.5,0.5,0.0,0.0,0.0
2026-01-25 17:09:08,clusterA,12,4,4,0,1.00,0.5,0.5,0.0,0.0,0.0
2026-01-25 17:09:08,clusterB,12,4,4,0,1.00,0.5,0.5,0.0,0.0,0.0
2026-01-25 17:09:13,clusterA,12,4,4,0,1.00,0.5,0.5,0.0,0.0,0.0
2026-01-25 17:09:13,clusterB,12,4,4,0,1.00,0.5,0.5,0.0,0.0,0.0
2026-01-25 17:09:18,clusterA,12,4,4,0,1.00,0.5,0.5,0.0,0.0,0.0
2026-01-25 17:09:18,clusterB,12,4,4,0,1.00,0.5,0.5,0.0,0.0,0.0
2026-01-25 17:09:23,clusterA,12,4,4,0,1.00,0.5,0.5,0.0,0.0,0.0
2026-01-25 17:09:23,clusterB,12,4,4,0,1.00,0.5,0.5,0.0,0.0,0.0
2026-01-25 17:09:29,clusterA,12,4,4,0,1.00,0.5,0.5,0.0,0.0,0.0
2026-01-25 17:09:29,clusterB,12,4,4,0,1.00,0.5,0.5,0.0,0.0,0.0
2026-01-25 17:09:34,clusterA,12,4,4,0,1.00,0.5,0.5,0.0,0.0,0.0
2026-01-25 17:09:34,clusterB,12,4,4,0,1.00,0.5,0.5,0.0,0.0,0.0
2026-01-25 17:09:39,clusterA,12,4,4,0,1.00,0.5,0.5,0.0,0.0,0.0
2026-01-25 17:09:39,clusterB,12,4,4,0,1.00,0.5,0.5,0.0,0.0,0.0
2026-01-25 17:09:44,clusterA,12,4,4,0,1.00,0.5,0.5,0.0,0.0,0.0
2026-01-25 17:09:44,clusterB,12,4,4,0,1.00,0.5,0.5,0.0,0.0,0.0
2026-01-25 17:09:50,clusterA,12,4,4,0,1.00,0.5,0.5,0.0,0.0,0.0
2026-01-25 17:09:50,clusterB,12,4,4,0,1.00,0.5,0.5,0.0,0.0,0.0
2026-01-25 17:09:55,clusterA,12,4,4,0,1.00,0.5,0.5,0.0,0.0,0.0
2026-01-25 17:09:55,clusterB,12,4,4,0,1.00,0.5,0.5,0.0,0.0,0.0
2026-01-25 17:10:00,clusterA,12,4,4,0,1.00,0.5,0.5,0.0,0.0,0.0
2026-01-25 17:10:00,clusterB,12,4,4,0,1.00,0.5,0.5,0.0,0.0,0.0
2026-01-25 17:10:05,clusterA,12,4,4,0,1.00,0.5,0.5,0.0,0.0,0.0
2026-01-25 17:10:05,clusterB,12,4,4,0,1.00,0.5,0.5,0.0,0.0,0.0
2026-01-25 17:10:11,clusterA,12,4,4,0,1.00,0.5,0.5,0.0,0.0,0.0
2026-01-25 17:10:11,clusterB,12,4,4,0,1.00,0.5,0.5,0.0,0.0,0.0
2026-01-25 17:10:16,clusterA,12,4,4,0,1.00,0.5,0.5,0.0,0.0,0.0
2026-01-25 17:10:16,clusterB,12,4,4,0,1.00,0.5,0.5,0.0,0.0,0.0
2026-01-25 17:10:21,clusterA,12,4,4,0,1.00,0.5,0.5,0.0,0.0,0.0
2026-01-25 17:10:21,clusterB,12,4,4,0,1.00,0.5,0.5,0.0,0.0,0.0
2026-01-25 17:10:26,clusterA,12,4,4,0,1.00,0.5,0.5,0.0,0.0,0.0
2026-01-25 17:10:26,clusterB,12,4,4,0,1.00,0.5,0.5,0.0,0.0,0.0
2026-01-25 17:10:31,clusterA,12,4,4,0,1.00,0.5,0.5,0.0,0.0,0.0
2026-01-25 17:10:31,clusterB,12,4,4,0,1.00,0.5,0.5,0.0,0.0,0.0
2026-01-25 17:10:37,clusterA,12,4,0,4,0.00,0.5,0.5,0.0,0.0,0.0
2026-01-25 17:10:37,clusterB,12,4,4,0,1.00,0.5,0.5,0.0,0.0,0.0
2026-01-25 17:10:42,clusterA,9,4,3,1,0.75,0.5,0.5,0.0,0.0,0.0
2026-01-25 17:10:42,clusterB,9,4,4,0,1.00,0.5,0.5,0.0,0.0,0.0
2026-01-25 17:10:48,clusterA,8,4,3,1,0.75,0.5,0.5,0.0,0.0,0.0
2026-01-25 17:10:48,clusterB,8,4,4,0,1.00,0.5,0.5,0.0,0.0,0.0
2026-01-25 17:10:53,clusterA,8,4,3,1,0.75,0.5,0.5,0.0,0.0,0.0
2026-01-25 17:10:53,clusterB,8,4,4,0,1.00,0.5,0.5,0.0,0.0,0.0
2026-01-25 17:10:58,clusterA,8,4,3,1,0.75,0.5,0.5,0.0,0.0,0.0
2026-01-25 17:10:58,clusterB,8,4,4,0,1.00,0.5,0.5,0.0,0.0,0.0
2026-01-25 17:11:03,clusterA,8,4,3,1,0.75,0.5,0.5,0.0,0.0,0.0
2026-01-25 17:11:03,clusterB,8,4,4,0,1.00,0.5,0.5,0.0,0.0,0.0
2026-01-25 17:11:09,clusterA,8,4,3,1,0.75,0.5,0.5,0.0,0.0,0.0
2026-01-25 17:11:09,clusterB,8,4,4,0,1.00,0.5,0.5,0.0,0.0,0.0
2026-01-25 17:11:14,clusterA,8,4,3,1,0.75,0.5,0.5,0.0,0.0,0.0
2026-01-25 17:11:14,clusterB,8,4,4,0,1.00,0.5,0.5,0.0,0.0,0.0
2026-01-25 17:11:19,clusterA,8,4,3,1,0.75,0.5,0.5,0.0,0.0,0.0
2026-01-25 17:11:19,clusterB,8,4,4,0,1.00,0.5,0.5,0.0,0.0,0.0
2026-01-25 17:11:24,clusterA,8,4,3,1,0.75,0.5,0.5,0.0,0.0,0.0
2026-01-25 17:11:24,clusterB,8,4,4,0,1.00,0.5,0.5,0.0,0.0,0.0
2026-01-25 17:11:30,clusterA,8,4,3,1,0.75,0.5,0.5,0.0,0.0,0.0
2026-01-25 17:11:30,clusterB,8,4,4,0,1.00,0.5,0.5,0.0,0.0,0.0
2026-01-25 17:11:35,clusterA,8,4,3,1,0.75,0.5,0.5,0.0,0.0,0.0
2026-01-25 17:11:35,clusterB,8,4,4,0,1.00,0.5,0.5,0.0,0.0,0.0
2026-01-25 17:11:40,clusterA,8,4,3,1,0.75,0.5,0.5,0.0,0.0,0.0
2026-01-25 17:11:40,clusterB,8,4,4,0,1.00,0.5,0.5,0.0,0.0,0.0
2026-01-25 17:11:46,clusterA,8,4,3,1,0.75,0.5,0.5,0.0,0.0,0.0
2026-01-25 17:11:46,clusterB,8,4,4,0,1.00,0.5,0.5,0.0,0.0,0.0
2026-01-25 17:11:51,clusterA,8,4,3,1,0.75,0.5,0.5,0.0,0.0,0.0
2026-01-25 17:11:51,clusterB,8,4,4,0,1.00,0.5,0.5,0.0,0.0,0.0
2026-01-25 17:11:56,clusterA,8,4,3,1,0.75,0.5,0.5,0.0,0.0,0.0
2026-01-25 17:11:56,clusterB,8,4,4,0,1.00,0.5,0.5,0.0,0.0,0.0
2026-01-25 17:12:01,clusterA,8,4,3,1,0.75,0.5,0.5,0.0,0.0,0.0
2026-01-25 17:12:01,clusterB,8,4,4,0,1.00,0.5,0.5,0.0,0.0,0.0
2026-01-25 17:12:07,clusterA,8,4,3,1,0.75,0.5,0.5,0.0,0.0,0.0
2026-01-25 17:12:07,clusterB,8,4,4,0,1.00,0.5,0.5,0.0,0.0,0.0
2026-01-25 17:12:12,clusterA,8,4,3,1,0.75,0.5,0.5,0.0,0.0,0.0
2026-01-25 17:12:12,clusterB,8,4,4,0,1.00,0.5,0.5,0.0,0.0,0.0
2026-01-25 17:12:17,clusterA,8,4,3,1,0.75,0.5,0.5,0.0,0.0,0.0
2026-01-25 17:12:17,clusterB,8,4,4,0,1.00,0.5,0.5,0.0,0.0,0.0
2026-01-25 17:12:22,clusterA,8,4,3,1,0.75,0.5,0.5,0.0,0.0,0.0
2026-01-25 17:12:22,clusterB,8,4,4,0,1.00,0.5,0.5,0.0,0.0,0.0
2026-01-25 17:12:28,clusterA,8,4,3,1,0.75,0.5,0.5,0.0,0.0,0.0
2026-01-25 17:12:28,clusterB,8,4,4,0,1.00,0.5,0.5,0.0,0.0,0.0
2026-01-25 17:12:33,clusterA,8,4,3,1,0.75,0.5,0.5,0.0,0.0,0.0
2026-01-25 17:12:33,clusterB,8,4,4,0,1.00,0.5,0.5,0.0,0.0,0.0
2026-01-25 17:12:38,clusterA,8,4,3,1,0.75,0.5,0.5,0.0,0.0,0.0
2026-01-25 17:12:38,clusterB,8,4,4,0,1.00,0.5,0.5,0.0,0.0,0.0
2026-01-25 17:12:44,clusterA,8,4,3,1,0.75,0.5,0.5,0.0,0.0,0.0
2026-01-25 17:12:44,clusterB,8,4,4,0,1.00,0.5,0.5,0.0,0.0,0.0
2026-01-25 17:12:49,clusterA,8,4,3,1,0.75,0.5,0.5,0.0,0.0,0.0
2026-01-25 17:12:49,clusterB,8,4,4,0,1.00,0.5,0.5,0.0,0.0,0.0
2026-01-25 17:12:54,clusterA,8,4,3,1,0.75,0.5,0.5,0.0,0.0,0.0
2026-01-25 17:12:54,clusterB,8,4,4,0,1.00,0.5,0.5,0.0,0.0,0.0
2026-01-25 17:12:59,clusterA,8,4,3,1,0.75,0.5,0.5,0.0,0.0,0.0
2026-01-25 17:12:59,clusterB,8,4,4,0,1.00,0.5,0.5,0.0,0.0,0.0
2026-01-25 17:13:05,clusterA,8,4,3,1,0.75,0.5,0.5,0.0,0.0,0.0
2026-01-25 17:13:05,clusterB,8,4,4,0,1.00,0.5,0.5,0.0,0.0,0.0
2026-01-25 17:13:10,clusterA,8,4,3,1,0.75,0.5,0.5,0.0,0.0,0.0
2026-01-25 17:13:10,clusterB,8,4,4,0,1.00,0.5,0.5,0.0,0.0,0.0
2026-01-25 17:13:15,clusterA,8,4,3,1,0.75,0.5,0.5,0.0,0.0,0.0
2026-01-25 17:13:15,clusterB,8,4,4,0,1.00,0.5,0.5,0.0,0.0,0.0
2026-01-25 17:13:21,clusterA,8,4,3,1,0.75,0.5,0.5,0.0,0.0,0.0
2026-01-25 17:13:21,clusterB,8,4,4,0,1.00,0.5,0.5,0.0,0.0,0.0
2026-01-25 17:13:26,clusterA,8,4,3,1,0.75,0.5,0.5,0.0,0.0,0.0
2026-01-25 17:13:26,clusterB,8,4,4,0,1.00,0.5,0.5,0.0,0.0,0.0
2026-01-25 17:13:31,clusterA,8,4,3,1,0.75,0.5,0.5,0.0,0.0,0.0
2026-01-25 17:13:31,clusterB,8,4,4,0,1.00,0.5,0.5,0.0,0.0,0.0
2026-01-25 17:13:36,clusterA,8,4,3,1,0.75,0.5,0.5,0.0,0.0,0.0
2026-01-25 17:13:36,clusterB,8,4,4,0,1.00,0.5,0.5,0.0,0.0,0.0
2026-01-25 17:13:42,clusterA,8,4,3,1,0.75,0.5,0.5,0.0,0.0,0.0
2026-01-25 17:13:42,clusterB,8,4,4,0,1.00,0.5,0.5,0.0,0.0,0.0
2026-01-25 17:13:47,clusterA,8,4,3,1,0.75,0.5,0.5,0.0,0.0,0.0
2026-01-25 17:13:47,clusterB,8,4,4,0,1.00,0.5,0.5,0.0,0.0,0.0
2026-01-25 17:13:52,clusterA,8,4,3,1,0.75,0.5,0.5,0.0,0.0,0.0
2026-01-25 17:13:52,clusterB,8,4,4,0,1.00,0.5,0.5,0.0,0.0,0.0
2026-01-25 17:13:57,clusterA,8,4,3,1,0.75,0.5,0.5,0.0,0.0,0.0
2026-01-25 17:13:57,clusterB,8,4,4,0,1.00,0.5,0.5,0.0,0.0,0.0
2026-01-25 17:14:03,clusterA,8,4,3,1,0.75,0.5,0.5,0.0,0.0,0.0
2026-01-25 17:14:03,clusterB,8,4,4,0,1.00,0.5,0.5,0.0,0.0,0.0
2026-01-25 17:14:08,clusterA,8,4,3,1,0.75,0.5,0.5,0.0,0.0,0.0
2026-01-25 17:14:08,clusterB,8,4,4,0,1.00,0.5,0.5,0.0,0.0,0.0
2026-01-25 17:14:13,clusterA,8,4,3,1,0.75,0.5,0.5,0.0,0.0,0.0
2026-01-25 17:14:13,clusterB,8,4,4,0,1.00,0.5,0.5,0.0,0.0,0.0
2026-01-25 17:14:18,clusterA,8,4,3,1,0.75,0.5,0.5,0.0,0.0,0.0
2026-01-25 17:14:18,clusterB,8,4,4,0,1.00,0.5,0.5,0.0,0.0,0.0
2026-01-25 17:14:24,clusterA,8,4,3,1,0.75,0.5,0.5,0.0,0.0,0.0
2026-01-25 17:14:24,clusterB,8,4,4,0,1.00,0.5,0.5,0.0,0.0,0.0
2026-01-25 17:14:29,clusterA,8,4,3,1,0.75,0.5,0.5,0.0,0.0,0.0
2026-01-25 17:14:29,clusterB,8,4,4,0,1.00,0.5,0.5,0.0,0.0,0.0
2026-01-25 17:14:34,clusterA,8,4,3,1,0.75,0.5,0.5,0.0,0.0,0.0
2026-01-25 17:14:34,clusterB,8,4,4,0,1.00,0.5,0.5,0.0,0.0,0.0
2026-01-25 17:14:39,clusterA,8,4,3,1,0.75,0.5,0.5,0.0,0.0,0.0
2026-01-25 17:14:39,clusterB,8,4,4,0,1.00,0.5,0.5,0.0,0.0,0.0
2026-01-25 17:14:45,clusterA,8,4,3,1,0.75,0.5,0.5,0.0,0.0,0.0
2026-01-25 17:14:45,clusterB,8,4,4,0,1.00,0.5,0.5,0.0,0.0,0.0
2026-01-25 17:14:50,clusterA,8,4,3,1,0.75,0.5,0.5,0.0,0.0,0.0
2026-01-25 17:14:50,clusterB,8,4,4,0,1.00,0.5,0.5,0.0,0.0,0.0
2026-01-25 17:14:55,clusterA,8,4,3,1,0.75,0.5,0.5,0.0,0.0,0.0
2026-01-25 17:14:55,clusterB,8,4,4,0,1.00,0.5,0.5,0.0,0.0,0.0
2026-01-25 17:15:01,clusterA,8,4,3,1,0.75,0.5,0.5,0.0,0.0,0.0
2026-01-25 17:15:01,clusterB,8,4,4,0,1.00,0.5,0.5,0.0,0.0,0.0
2026-01-25 17:15:06,clusterA,8,4,3,1,0.75,0.5,0.5,0.0,0.0,0.0
2026-01-25 17:15:06,clusterB,8,4,4,0,1.00,0.5,0.5,0.0,0.0,0.0
2026-01-25 17:15:11,clusterA,8,4,3,1,0.75,0.5,0.5,0.0,0.0,0.0
2026-01-25 17:15:11,clusterB,8,4,4,0,1.00,0.5,0.5,0.0,0.0,0.0
2026-01-25 17:15:16,clusterA,8,4,3,1,0.75,0.5,0.5,0.0,0.0,0.0
2026-01-25 17:15:16,clusterB,8,4,4,0,1.00,0.5,0.5,0.0,0.0,0.0
2026-01-25 17:15:22,clusterA,8,4,3,1,0.75,0.5,0.5,0.0,0.0,0.0
2026-01-25 17:15:22,clusterB,8,4,4,0,1.00,0.5,0.5,0.0,0.0,0.0
2026-01-25 17:15:27,clusterA,8,4,3,1,0.75,0.5,0.5,0.0,0.0,0.0
2026-01-25 17:15:27,clusterB,8,4,4,0,1.00,0.5,0.5,0.0,0.0,0.0
2026-01-25 17:15:32,clusterA,8,4,3,1,0.75,0.5,0.5,0.0,0.0,0.0
2026-01-25 17:15:32,clusterB,8,4,4,0,1.00,0.5,0.5,0.0,0.0,0.0
2026-01-25 17:15:38,clusterA,8,4,3,1,0.75,0.5,0.5,0.0,0.0,0.0
2026-01-25 17:15:38,clusterB,8,4,4,0,1.00,0.5,0.5,0.0,0.0,0.0
2026-01-25 17:15:43,clusterA,8,4,3,1,0.75,0.5,0.5,0.0,0.0,0.0
2026-01-25 17:15:43,clusterB,8,4,4,0,1.00,0.5,0.5,0.0,0.0,0.0
2026-01-25 17:15:48,clusterA,8,4,3,1,0.75,0.5,0.5,0.0,0.0,0.0
2026-01-25 17:15:48,clusterB,8,4,4,0,1.00,0.5,0.5,0.0,0.0,0.0
2026-01-25 17:15:53,clusterA,8,4,3,1,0.75,0.5,0.5,0.0,0.0,0.0
2026-01-25 17:15:53,clusterB,8,4,4,0,1.00,0.5,0.5,0.0,0.0,0.0
2026-01-25 17:15:59,clusterA,8,4,3,1,0.75,0.5,0.5,0.0,0.0,0.0
2026-01-25 17:15:59,clusterB,8,4,4,0,1.00,0.5,0.5,0.0,0.0,0.0
2026-01-25 17:16:04,clusterA,8,4,3,1,0.75,0.5,0.5,0.0,0.0,0.0
2026-01-25 17:16:04,clusterB,8,4,4,0,1.00,0.5,0.5,0.0,0.0,0.0
2026-01-25 17:16:09,clusterA,8,4,3,1,0.75,0.5,0.5,0.0,0.0,0.0
2026-01-25 17:16:09,clusterB,8,4,4,0,1.00,0.5,0.5,0.0,0.0,0.0
2026-01-25 17:16:14,clusterA,8,4,3,1,0.75,0.5,0.5,0.0,0.0,0.0
2026-01-25 17:16:14,clusterB,8,4,4,0,1.00,0.5,0.5,0.0,0.0,0.0
2026-01-25 17:16:20,clusterA,8,4,3,1,0.75,0.5,0.5,0.0,0.0,0.0
2026-01-25 17:16:20,clusterB,8,4,4,0,1.00,0.5,0.5,0.0,0.0,0.0
2026-01-25 17:16:25,clusterA,8,4,3,1,0.75,0.5,0.5,0.0,0.0,0.0
2026-01-25 17:16:25,clusterB,8,4,4,0,1.00,0.5,0.5,0.0,0.0,0.0
2026-01-25 17:16:30,clusterA,8,4,3,1,0.75,0.5,0.5,0.0,0.0,0.0
2026-01-25 17:16:30,clusterB,8,4,4,0,1.00,0.5,0.5,0.0,0.0,0.0
2026-01-25 17:16:36,clusterA,8,4,3,1,0.75,0.5,0.5,0.0,0.0,0.0
2026-01-25 17:16:36,clusterB,8,4,4,0,1.00,0.5,0.5,0.0,0.0,0.0
2026-01-25 17:16:41,clusterA,8,4,3,1,0.75,0.5,0.5,0.0,0.0,0.0
2026-01-25 17:16:41,clusterB,8,4,4,0,1.00,0.5,0.5,0.0,0.0,0.0
2026-01-25 17:16:46,clusterA,8,4,3,1,0.75,0.5,0.5,0.0,0.0,0.0
2026-01-25 17:16:46,clusterB,8,4,4,0,1.00,0.5,0.5,0.0,0.0,0.0
2026-01-25 17:16:51,clusterA,8,4,3,1,0.75,0.5,0.5,0.0,0.0,0.0
2026-01-25 17:16:51,clusterB,8,4,4,0,1.00,0.5,0.5,0.0,0.0,0.0
2026-01-25 17:16:57,clusterA,8,4,3,1,0.75,0.5,0.5,0.0,0.0,0.0
2026-01-25 17:16:57,clusterB,8,4,4,0,1.00,0.5,0.5,0.0,0.0,0.0
2026-01-25 17:17:02,clusterA,8,4,3,1,0.75,0.5,0.5,0.0,0.0,0.0
2026-01-25 17:17:02,clusterB,8,4,4,0,1.00,0.5,0.5,0.0,0.0,0.0
2026-01-25 17:17:07,clusterA,8,4,3,1,0.75,0.5,0.5,0.0,0.0,0.0
2026-01-25 17:17:07,clusterB,8,4,4,0,1.00,0.5,0.5,0.0,0.0,0.0
2026-01-25 17:17:13,clusterA,8,4,3,1,0.75,0.5,0.5,0.0,0.0,0.0
2026-01-25 17:17:13,clusterB,8,4,4,0,1.00,0.5,0.5,0.0,0.0,0.0
2026-01-25 17:17:18,clusterA,8,4,3,1,0.75,0.5,0.5,0.0,0.0,0.0
2026-01-25 17:17:18,clusterB,8,4,4,0,1.00,0.5,0.5,0.0,0.0,0.0
2026-01-25 17:17:23,clusterA,8,4,3,1,0.75,0.5,0.5,0.0,0.0,0.0
2026-01-25 17:17:23,clusterB,8,4,4,0,1.00,0.5,0.5,0.0,0.0,0.0
2026-01-25 17:17:28,clusterA,8,4,3,1,0.75,0.5,0.5,0.0,0.0,0.0
2026-01-25 17:17:28,clusterB,8,4,4,0,1.00,0.5,0.5,0.0,0.0,0.0
2026-01-25 17:17:34,clusterA,8,4,3,1,0.75,0.5,0.5,0.0,0.0,0.0
2026-01-25 17:17:34,clusterB,8,4,4,0,1.00,0.5,0.5,0.0,0.0,0.0
2026-01-25 17:17:39,clusterA,8,4,3,1,0.75,0.5,0.5,0.0,0.0,0.0
2026-01-25 17:17:39,clusterB,8,4,4,0,1.00,0.5,0.5,0.0,0.0,0.0
2026-01-25 17:17:44,clusterA,8,4,3,1,0.75,0.5,0.5,0.0,0.0,0.0
2026-01-25 17:17:44,clusterB,8,4,4,0,1.00,0.5,0.5,0.0,0.0,0.0
2026-01-25 17:17:49,clusterA,8,4,3,1,0.75,0.5,0.5,0.0,0.0,0.0
2026-01-25 17:17:49,clusterB,8,4,4,0,1.00,0.5,0.5,0.0,0.0,0.0
2026-01-25 17:17:55,clusterA,8,4,3,1,0.75,0.5,0.5,0.0,0.0,0.0
2026-01-25 17:17:55,clusterB,8,4,4,0,1.00,0.5,0.5,0.0,0.0,0.0
2026-01-25 17:18:00,clusterA,8,4,3,1,0.75,0.5,0.5,0.0,0.0,0.0
2026-01-25 17:18:00,clusterB,8,4,4,0,1.00,0.5,0.5,0.0,0.0,0.0
2026-01-25 17:18:05,clusterA,8,4,3,1,0.75,0.5,0.5,0.0,0.0,0.0
2026-01-25 17:18:05,clusterB,8,4,4,0,1.00,0.5,0.5,0.0,0.0,0.0
2026-01-25 17:18:11,clusterA,8,4,3,1,0.75,0.5,0.5,0.0,0.0,0.0
2026-01-25 17:18:11,clusterB,8,4,4,0,1.00,0.5,0.5,0.0,0.0,0.0
2026-01-25 17:18:16,clusterA,8,4,3,1,0.75,0.5,0.5,0.0,0.0,0.0
2026-01-25 17:18:16,clusterB,8,4,4,0,1.00,0.5,0.5,0.0,0.0,0.0
2026-01-25 17:18:21,clusterA,8,4,3,1,0.75,0.5,0.5,0.0,0.0,0.0
2026-01-25 17:18:21,clusterB,8,4,4,0,1.00,0.5,0.5,0.0,0.0,0.0
2026-01-25 17:18:26,clusterA,8,4,3,1,0.75,0.5,0.5,0.0,0.0,0.0
2026-01-25 17:18:26,clusterB,8,4,4,0,1.00,0.5,0.5,0.0,0.0,0.0
2026-01-25 17:18:32,clusterA,8,4,3,1,0.75,0.5,0.5,0.0,0.0,0.0
2026-01-25 17:18:32,clusterB,8,4,4,0,1.00,0.5,0.5,0.0,0.0,0.0
2026-01-25 17:18:37,clusterA,8,4,3,1,0.75,0.5,0.5,0.0,0.0,0.0
2026-01-25 17:18:37,clusterB,8,4,4,0,1.00,0.5,0.5,0.0,0.0,0.0
2026-01-25 17:18:42,clusterA,8,4,3,1,0.75,0.5,0.5,0.0,0.0,0.0
2026-01-25 17:18:42,clusterB,8,4,4,0,1.00,0.5,0.5,0.0,0.0,0.0
2026-01-25 17:18:47,clusterA,8,4,3,1,0.75,0.5,0.5,0.0,0.0,0.0
2026-01-25 17:18:47,clusterB,8,4,4,0,1.00,0.5,0.5,0.0,0.0,0.0
2026-01-25 17:18:53,clusterA,8,4,3,1,0.75,0.5,0.5,0.0,0.0,0.0
2026-01-25 17:18:53,clusterB,8,4,4,0,1.00,0.5,0.5,0.0,0.0,0.0
2026-01-25 17:18:58,clusterA,8,4,3,1,0.75,0.5,0.5,0.0,0.0,0.0
2026-01-25 17:18:58,clusterB,8,4,4,0,1.00,0.5,0.5,0.0,0.0,0.0
2026-01-25 17:19:03,clusterA,8,4,3,1,0.75,0.5,0.5,0.0,0.0,0.0
2026-01-25 17:19:03,clusterB,8,4,4,0,1.00,0.5,0.5,0.0,0.0,0.0
2026-01-25 17:19:09,clusterA,8,4,3,1,0.75,0.5,0.5,0.0,0.0,0.0
2026-01-25 17:19:09,clusterB,8,4,4,0,1.00,0.5,0.5,0.0,0.0,0.0
2026-01-25 17:19:14,clusterA,8,4,3,1,0.75,0.5,0.5,0.0,0.0,0.0
2026-01-25 17:19:14,clusterB,8,4,4,0,1.00,0.5,0.5,0.0,0.0,0.0
2026-01-25 17:19:19,clusterA,8,4,3,1,0.75,0.5,0.5,0.0,0.0,0.0
2026-01-25 17:19:19,clusterB,8,4,4,0,1.00,0.5,0.5,0.0,0.0,0.0
2026-01-25 17:19:24,clusterA,8,4,3,1,0.75,0.5,0.5,0.0,0.0,0.0
2026-01-25 17:19:24,clusterB,8,4,4,0,1.00,0.5,0.5,0.0,0.0,0.0
2026-01-25 17:19:30,clusterA,8,4,3,1,0.75,0.5,0.5,0.0,0.0,0.0
2026-01-25 17:19:30,clusterB,8,4,4,0,1.00,0.5,0.5,0.0,0.0,0.0
2026-01-25 17:19:35,clusterA,8,4,3,1,0.75,0.5,0.5,0.0,0.0,0.0
2026-01-25 17:19:35,clusterB,8,4,4,0,1.00,0.5,0.5,0.0,0.0,0.0
2026-01-25 17:19:40,clusterA,8,4,3,1,0.75,0.5,0.5,0.0,0.0,0.0
2026-01-25 17:19:40,clusterB,8,4,4,0,1.00,0.5,0.5,0.0,0.0,0.0
2026-01-25 17:19:45,clusterA,8,4,3,1,0.75,0.5,0.5,0.0,0.0,0.0
2026-01-25 17:19:45,clusterB,8,4,4,0,1.00,0.5,0.5,0.0,0.0,0.0
2026-01-25 17:19:51,clusterA,8,4,3,1,0.75,0.5,0.5,0.0,0.0,0.0
2026-01-25 17:19:51,clusterB,8,4,4,0,1.00,0.5,0.5,0.0,0.0,0.0
2026-01-25 17:19:56,clusterA,8,4,3,1,0.75,0.5,0.5,0.0,0.0,0.0
2026-01-25 17:19:56,clusterB,8,4,4,0,1.00,0.5,0.5,0.0,0.0,0.0
2026-01-25 17:20:01,clusterA,8,4,3,1,0.75,0.5,0.5,0.0,0.0,0.0
2026-01-25 17:20:01,clusterB,8,4,4,0,1.00,0.5,0.5,0.0,0.0,0.0
2026-01-25 17:20:07,clusterA,8,4,3,1,0.75,0.5,0.5,0.0,0.0,0.0
2026-01-25 17:20:07,clusterB,8,4,4,0,1.00,0.5,0.5,0.0,0.0,0.0
2026-01-25 17:20:12,clusterA,8,4,3,1,0.75,0.5,0.5,0.0,0.0,0.0
2026-01-25 17:20:12,clusterB,8,4,4,0,1.00,0.5,0.5,0.0,0.0,0.0
2026-01-25 17:20:17,clusterA,8,4,3,1,0.75,0.5,0.5,0.0,0.0,0.0
2026-01-25 17:20:17,clusterB,8,4,4,0,1.00,0.5,0.5,0.0,0.0,0.0
2026-01-25 17:20:22,clusterA,8,4,3,1,0.75,0.5,0.5,0.0,0.0,0.0
2026-01-25 17:20:22,clusterB,8,4,4,0,1.00,0.5,0.5,0.0,0.0,0.0
2026-01-25 17:20:28,clusterA,8,4,3,1,0.75,0.5,0.5,0.0,0.0,0.0
2026-01-25 17:20:28,clusterB,8,4,4,0,1.00,0.5,0.5,0.0,0.0,0.0
2026-01-25 17:20:33,clusterA,8,4,3,1,0.75,0.5,0.5,0.0,0.0,0.0
2026-01-25 17:20:33,clusterB,8,4,4,0,1.00,0.5,0.5,0.0,0.0,0.0
2026-01-25 17:20:38,clusterA,8,4,3,1,0.75,0.5,0.5,0.0,0.0,0.0
2026-01-25 17:20:38,clusterB,8,4,4,0,1.00,0.5,0.5,0.0,0.0,0.0
2026-01-25 17:20:43,clusterA,8,4,3,1,0.75,0.5,0.5,0.0,0.0,0.0
2026-01-25 17:20:43,clusterB,8,4,4,0,1.00,0.5,0.5,0.0,0.0,0.0
2026-01-25 17:20:49,clusterA,8,4,3,1,0.75,0.5,0.5,0.0,0.0,0.0
2026-01-25 17:20:49,clusterB,8,4,4,0,1.00,0.5,0.5,0.0,0.0,0.0
2026-01-25 17:20:54,clusterA,8,4,3,1,0.75,0.5,0.5,0.0,0.0,0.0
2026-01-25 17:20:54,clusterB,8,4,4,0,1.00,0.5,0.5,0.0,0.0,0.0
2026-01-25 17:20:59,clusterA,8,4,3,1,0.75,0.5,0.5,0.0,0.0,0.0
2026-01-25 17:20:59,clusterB,8,4,4,0,1.00,0.5,0.5,0.0,0.0,0.0
2026-01-25 17:21:05,clusterA,8,4,3,1,0.75,0.5,0.5,0.0,0.0,0.0
2026-01-25 17:21:05,clusterB,8,4,4,0,1.00,0.5,0.5,0.0,0.0,0.0
2026-01-25 17:21:10,clusterA,8,4,3,1,0.75,0.5,0.5,0.0,0.0,0.0
2026-01-25 17:21:10,clusterB,8,4,4,0,1.00,0.5,0.5,0.0,0.0,0.0
2026-01-25 17:21:15,clusterA,8,4,3,1,0.75,0.5,0.5,0.0,0.0,0.0
2026-01-25 17:21:15,clusterB,8,4,4,0,1.00,0.5,0.5,0.0,0.0,0.0
2026-01-25 17:21:20,clusterA,8,4,3,1,0.75,0.5,0.5,0.0,0.0,0.0
2026-01-25 17:21:20,clusterB,8,4,4,0,1.00,0.5,0.5,0.0,0.0,0.0
2026-01-25 17:21:26,clusterA,8,4,3,1,0.75,0.5,0.5,0.0,0.0,0.0
2026-01-25 17:21:26,clusterB,8,4,4,0,1.00,0.5,0.5,0.0,0.0,0.0
2026-01-25 17:21:31,clusterA,8,4,3,1,0.75,0.5,0.5,0.0,0.0,0.0
2026-01-25 17:21:31,clusterB,8,4,4,0,1.00,0.5,0.5,0.0,0.0,0.0
2026-01-25 17:21:36,clusterA,8,4,3,1,0.75,0.5,0.5,0.0,0.0,0.0
2026-01-25 17:21:36,clusterB,8,4,4,0,1.00,0.5,0.5,0.0,0.0,0.0
2026-01-25 17:21:41,clusterA,8,4,3,1,0.75,0.5,0.5,0.0,0.0,0.0
2026-01-25 17:21:41,clusterB,8,4,4,0,1.00,0.5,0.5,0.0,0.0,0.0
2026-01-25 17:21:47,clusterA,8,4,3,1,0.75,0.5,0.5,0.0,0.0,0.0
2026-01-25 17:21:47,clusterB,8,4,4,0,1.00,0.5,0.5,0.0,0.0,0.0
2026-01-25 17:21:52,clusterA,8,4,3,1,0.75,0.5,0.5,0.0,0.0,0.0
2026-01-25 17:21:52,clusterB,8,4,4,0,1.00,0.5,0.5,0.0,0.0,0.0
2026-01-25 17:21:57,clusterA,8,4,3,1,0.75,0.5,0.5,0.0,0.0,0.0
2026-01-25 17:21:57,clusterB,8,4,4,0,1.00,0.5,0.5,0.0,0.0,0.0
2026-01-25 17:22:02,clusterA,8,4,3,1,0.75,0.5,0.5,0.0,0.0,0.0
2026-01-25 17:22:02,clusterB,8,4,4,0,1.00,0.5,0.5,0.0,0.0,0.0
2026-01-25 17:22:08,clusterA,8,4,3,1,0.75,0.5,0.5,0.0,0.0,0.0
2026-01-25 17:22:08,clusterB,8,4,4,0,1.00,0.5,0.5,0.0,0.0,0.0
2026-01-25 17:22:13,clusterA,8,4,3,1,0.75,0.5,0.5,0.0,0.0,0.0
2026-01-25 17:22:13,clusterB,8,4,4,0,1.00,0.5,0.5,0.0,0.0,0.0
2026-01-25 17:22:18,clusterA,8,4,3,1,0.75,0.5,0.5,0.0,0.0,0.0
2026-01-25 17:22:18,clusterB,8,4,4,0,1.00,0.5,0.5,0.0,0.0,0.0
2026-01-25 17:22:24,clusterA,8,4,3,1,0.75,0.5,0.5,0.0,0.0,0.0
2026-01-25 17:22:24,clusterB,8,4,4,0,1.00,0.5,0.5,0.0,0.0,0.0
2026-01-25 17:22:29,clusterA,8,4,3,1,0.75,0.5,0.5,0.0,0.0,0.0
2026-01-25 17:22:29,clusterB,8,4,4,0,1.00,0.5,0.5,0.0,0.0,0.0
2026-01-25 17:22:34,clusterA,8,4,3,1,0.75,0.5,0.5,0.0,0.0,0.0
2026-01-25 17:22:34,clusterB,8,4,4,0,1.00,0.5,0.5,0.0,0.0,0.0
2026-01-25 17:22:39,clusterA,8,4,3,1,0.75,0.5,0.5,0.0,0.0,0.0
2026-01-25 17:22:39,clusterB,8,4,4,0,1.00,0.5,0.5,0.0,0.0,0.0
2026-01-25 17:22:45,clusterA,8,4,3,1,0.75,0.5,0.5,0.0,0.0,0.0
2026-01-25 17:22:45,clusterB,8,4,4,0,1.00,0.5,0.5,0.0,0.0,0.0
2026-01-25 17:22:50,clusterA,8,4,3,1,0.75,0.5,0.5,0.0,0.0,0.0
2026-01-25 17:22:50,clusterB,8,4,4,0,1.00,0.5,0.5,0.0,0.0,0.0
2026-01-25 17:22:55,clusterA,8,4,3,1,0.75,0.5,0.5,0.0,0.0,0.0
2026-01-25 17:22:55,clusterB,8,4,4,0,1.00,0.5,0.5,0.0,0.0,0.0
2026-01-25 17:23:00,clusterA,8,4,3,1,0.75,0.5,0.5,0.0,0.0,0.0
2026-01-25 17:23:00,clusterB,8,4,4,0,1.00,0.5,0.5,0.0,0.0,0.0
2026-01-25 17:23:06,clusterA,8,4,3,1,0.75,0.5,0.5,0.0,0.0,0.0
2026-01-25 17:23:06,clusterB,8,4,4,0,1.00,0.5,0.5,0.0,0.0,0.0
2026-01-25 17:23:11,clusterA,8,4,3,1,0.75,0.5,0.5,0.0,0.0,0.0
2026-01-25 17:23:11,clusterB,8,4,4,0,1.00,0.5,0.5,0.0,0.0,0.0
2026-01-25 17:23:16,clusterA,8,4,3,1,0.75,0.5,0.5,0.0,0.0,0.0
2026-01-25 17:23:16,clusterB,8,4,4,0,1.00,0.5,0.5,0.0,0.0,0.0
2026-01-25 17:23:22,clusterA,8,4,3,1,0.75,0.5,0.5,0.0,0.0,0.0
2026-01-25 17:23:22,clusterB,8,4,4,0,1.00,0.5,0.5,0.0,0.0,0.0
2026-01-25 17:23:27,clusterA,8,4,3,1,0.75,0.5,0.5,0.0,0.0,0.0
2026-01-25 17:23:27,clusterB,8,4,4,0,1.00,0.5,0.5,0.0,0.0,0.0
2026-01-25 17:23:32,clusterA,8,4,3,1,0.75,0.5,0.5,0.0,0.0,0.0
2026-01-25 17:23:32,clusterB,8,4,4,0,1.00,0.5,0.5,0.0,0.0,0.0
2026-01-25 17:23:37,clusterA,8,4,3,1,0.75,0.5,0.5,0.0,0.0,0.0
2026-01-25 17:23:37,clusterB,8,4,4,0,1.00,0.5,0.5,0.0,0.0,0.0
2026-01-25 17:23:43,clusterA,8,4,3,1,0.75,0.5,0.5,0.0,0.0,0.0
2026-01-25 17:23:43,clusterB,8,4,4,0,1.00,0.5,0.5,0.0,0.0,0.0
2026-01-25 17:23:48,clusterA,8,4,3,1,0.75,0.5,0.5,0.0,0.0,0.0
2026-01-25 17:23:48,clusterB,8,4,4,0,1.00,0.5,0.5,0.0,0.0,0.0
2026-01-25 17:23:53,clusterA,8,4,3,1,0.75,0.5,0.5,0.0,0.0,0.0
2026-01-25 17:23:53,clusterB,8,4,4,0,1.00,0.5,0.5,0.0,0.0,0.0
2026-01-25 17:23:58,clusterA,8,4,3,1,0.75,0.5,0.5,0.0,0.0,0.0
2026-01-25 17:23:58,clusterB,8,4,4,0,1.00,0.5,0.5,0.0,0.0,0.0
2026-01-25 17:24:04,clusterA,8,4,3,1,0.75,0.5,0.5,0.0,0.0,0.0
2026-01-25 17:24:04,clusterB,8,4,4,0,1.00,0.5,0.5,0.0,0.0,0.0
2026-01-25 17:24:09,clusterA,8,4,3,1,0.75,0.5,0.5,0.0,0.0,0.0
2026-01-25 17:24:09,clusterB,8,4,4,0,1.00,0.5,0.5,0.0,0.0,0.0
2026-01-25 17:24:14,clusterA,8,4,3,1,0.75,0.5,0.5,0.0,0.0,0.0
2026-01-25 17:24:14,clusterB,8,4,4,0,1.00,0.5,0.5,0.0,0.0,0.0
2026-01-25 17:24:20,clusterA,8,4,3,1,0.75,0.5,0.5,0.0,0.0,0.0
2026-01-25 17:24:20,clusterB,8,4,4,0,1.00,0.5,0.5,0.0,0.0,0.0
2026-01-25 17:24:25,clusterA,8,4,3,1,0.75,0.5,0.5,0.0,0.0,0.0
2026-01-25 17:24:25,clusterB,8,4,4,0,1.00,0.5,0.5,0.0,0.0,0.0
2026-01-25 17:24:30,clusterA,8,4,3,1,0.75,0.5,0.5,0.0,0.0,0.0
2026-01-25 17:24:30,clusterB,8,4,4,0,1.00,0.5,0.5,0.0,0.0,0.0
2026-01-25 17:24:35,clusterA,8,4,3,1,0.75,0.5,0.5,0.0,0.0,0.0
2026-01-25 17:24:35,clusterB,8,4,4,0,1.00,0.5,0.5,0.0,0.0,0.0
2026-01-25 17:24:41,clusterA,8,4,3,1,0.75,0.5,0.5,0.0,0.0,0.0
2026-01-25 17:24:41,clusterB,8,4,4,0,1.00,0.5,0.5,0.0,0.0,0.0
2026-01-25 17:24:46,clusterA,8,4,3,1,0.75,0.5,0.5,0.0,0.0,0.0
2026-01-25 17:24:46,clusterB,8,4,4,0,1.00,0.5,0.5,0.0,0.0,0.0
2026-01-25 17:24:51,clusterA,8,4,3,1,0.75,0.5,0.5,0.0,0.0,0.0
2026-01-25 17:24:51,clusterB,8,4,4,0,1.00,0.5,0.5,0.0,0.0,0.0
2026-01-25 17:24:57,clusterA,8,4,3,1,0.75,0.5,0.5,0.0,0.0,0.0
2026-01-25 17:24:57,clusterB,8,4,4,0,1.00,0.5,0.5,0.0,0.0,0.0
2026-01-25 17:25:02,clusterA,8,4,3,1,0.75,0.5,0.5,0.0,0.0,0.0
2026-01-25 17:25:02,clusterB,8,4,4,0,1.00,0.5,0.5,0.0,0.0,0.0
2026-01-25 17:25:07,clusterA,8,4,3,1,0.75,0.5,0.5,0.0,0.0,0.0
2026-01-25 17:25:07,clusterB,8,4,4,0,1.00,0.5,0.5,0.0,0.0,0.0
2026-01-25 17:25:12,clusterA,8,4,3,1,0.75,0.5,0.5,0.0,0.0,0.0
2026-01-25 17:25:12,clusterB,8,4,4,0,1.00,0.5,0.5,0.0,0.0,0.0
2026-01-25 17:25:18,clusterA,8,4,3,1,0.75,0.5,0.5,0.0,0.0,0.0
2026-01-25 17:25:18,clusterB,8,4,4,0,1.00,0.5,0.5,0.0,0.0,0.0
2026-01-25 17:25:23,clusterA,8,4,3,1,0.75,0.5,0.5,0.0,0.0,0.0
2026-01-25 17:25:23,clusterB,8,4,4,0,1.00,0.5,0.5,0.0,0.0,0.0
2026-01-25 17:25:28,clusterA,8,4,3,1,0.75,0.5,0.5,0.0,0.0,0.0
2026-01-25 17:25:28,clusterB,8,4,4,0,1.00,0.5,0.5,0.0,0.0,0.0
2026-01-25 17:25:34,clusterA,8,4,3,1,0.75,0.5,0.5,0.0,0.0,0.0
2026-01-25 17:25:34,clusterB,8,4,4,0,1.00,0.5,0.5,0.0,0.0,0.0
2026-01-25 17:25:39,clusterA,8,4,3,1,0.75,0.5,0.5,0.0,0.0,0.0
2026-01-25 17:25:39,clusterB,8,4,4,0,1.00,0.5,0.5,0.0,0.0,0.0
2026-01-25 17:25:44,clusterA,8,4,3,1,0.75,0.5,0.5,0.0,0.0,0.0
2026-01-25 17:25:44,clusterB,8,4,4,0,1.00,0.5,0.5,0.0,0.0,0.0
2026-01-25 17:25:49,clusterA,8,4,3,1,0.75,0.5,0.5,0.0,0.0,0.0
2026-01-25 17:25:49,clusterB,8,4,4,0,1.00,0.5,0.5,0.0,0.0,0.0
2026-01-25 17:25:55,clusterA,8,4,3,1,0.75,0.5,0.5,0.0,0.0,0.0
2026-01-25 17:25:55,clusterB,8,4,4,0,1.00,0.5,0.5,0.0,0.0,0.0
2026-01-25 17:26:00,clusterA,8,4,3,1,0.75,0.5,0.5,0.0,0.0,0.0
2026-01-25 17:26:00,clusterB,8,4,4,0,1.00,0.5,0.5,0.0,0.0,0.0
2026-01-25 17:26:05,clusterA,8,4,3,1,0.75,0.5,0.5,0.0,0.0,0.0
2026-01-25 17:26:05,clusterB,8,4,4,0,1.00,0.5,0.5,0.0,0.0,0.0
2026-01-25 17:26:10,clusterA,8,4,3,1,0.75,0.5,0.5,0.0,0.0,0.0
2026-01-25 17:26:10,clusterB,8,4,4,0,1.00,0.5,0.5,0.0,0.0,0.0
2026-01-25 17:26:16,clusterA,8,4,3,1,0.75,0.5,0.5,0.0,0.0,0.0
2026-01-25 17:26:16,clusterB,8,4,4,0,1.00,0.5,0.5,0.0,0.0,0.0
2026-01-25 17:26:21,clusterA,8,4,3,1,0.75,0.5,0.5,0.0,0.0,0.0
2026-01-25 17:26:21,clusterB,8,4,4,0,1.00,0.5,0.5,0.0,0.0,0.0
2026-01-25 17:26:26,clusterA,8,4,3,1,0.75,0.5,0.5,0.0,0.0,0.0
2026-01-25 17:26:26,clusterB,8,4,4,0,1.00,0.5,0.5,0.0,0.0,0.0
2026-01-25 17:26:32,clusterA,8,4,3,1,0.75,0.5,0.5,0.0,0.0,0.0
2026-01-25 17:26:32,clusterB,8,4,4,0,1.00,0.5,0.5,0.0,0.0,0.0
2026-01-25 17:26:37,clusterA,8,4,3,1,0.75,0.5,0.5,0.0,0.0,0.0
2026-01-25 17:26:37,clusterB,8,4,4,0,1.00,0.5,0.5,0.0,0.0,0.0
2026-01-25 17:26:42,clusterA,8,4,3,1,0.75,0.5,0.5,0.0,0.0,0.0
2026-01-25 17:26:42,clusterB,8,4,4,0,1.00,0.5,0.5,0.0,0.0,0.0
2026-01-25 17:26:47,clusterA,8,4,3,1,0.75,0.5,0.5,0.0,0.0,0.0
2026-01-25 17:26:47,clusterB,8,4,4,0,1.00,0.5,0.5,0.0,0.0,0.0
2026-01-25 17:26:53,clusterA,8,4,3,1,0.75,0.5,0.5,0.0,0.0,0.0
2026-01-25 17:26:53,clusterB,8,4,4,0,1.00,0.5,0.5,0.0,0.0,0.0
2026-01-25 17:26:58,clusterA,8,4,3,1,0.75,0.5,0.5,0.0,0.0,0.0
2026-01-25 17:26:58,clusterB,8,4,4,0,1.00,0.5,0.5,0.0,0.0,0.0
2026-01-25 17:27:03,clusterA,8,4,3,1,0.75,0.5,0.5,0.0,0.0,0.0
2026-01-25 17:27:03,clusterB,8,4,4,0,1.00,0.5,0.5,0.0,0.0,0.0
2026-01-25 17:27:08,clusterA,8,4,3,1,0.75,0.5,0.5,0.0,0.0,0.0
2026-01-25 17:27:08,clusterB,8,4,4,0,1.00,0.5,0.5,0.0,0.0,0.0
2026-01-25 17:27:14,clusterA,8,4,3,1,0.75,0.5,0.5,0.0,0.0,0.0
2026-01-25 17:27:14,clusterB,8,4,4,0,1.00,0.5,0.5,0.0,0.0,0.0
2026-01-25 17:27:19,clusterA,8,4,3,1,0.75,0.5,0.5,0.0,0.0,0.0
2026-01-25 17:27:19,clusterB,8,4,4,0,1.00,0.5,0.5,0.0,0.0,0.0
2026-01-25 17:27:24,clusterA,8,4,3,1,0.75,0.5,0.5,0.0,0.0,0.0
2026-01-25 17:27:24,clusterB,8,4,4,0,1.00,0.5,0.5,0.0,0.0,0.0
2026-01-25 17:27:30,clusterA,8,4,3,1,0.75,0.5,0.5,0.0,0.0,0.0
2026-01-25 17:27:30,clusterB,8,4,4,0,1.00,0.5,0.5,0.0,0.0,0.0
2026-01-25 17:27:35,clusterA,8,4,3,1,0.75,0.5,0.5,0.0,0.0,0.0
2026-01-25 17:27:35,clusterB,8,4,4,0,1.00,0.5,0.5,0.0,0.0,0.0
2026-01-25 17:27:40,clusterA,8,4,3,1,0.75,0.5,0.5,0.0,0.0,0.0
2026-01-25 17:27:40,clusterB,8,4,4,0,1.00,0.5,0.5,0.0,0.0,0.0
2026-01-25 17:27:45,clusterA,8,4,3,1,0.75,0.5,0.5,0.0,0.0,0.0
2026-01-25 17:27:45,clusterB,8,4,4,0,1.00,0.5,0.5,0.0,0.0,0.0
2026-01-25 17:27:51,clusterA,8,4,3,1,0.75,0.5,0.5,0.0,0.0,0.0
2026-01-25 17:27:51,clusterB,8,4,4,0,1.00,0.5,0.5,0.0,0.0,0.0
2026-01-25 17:27:56,clusterA,8,4,3,1,0.75,0.5,0.5,0.0,0.0,0.0
2026-01-25 17:27:56,clusterB,8,4,4,0,1.00,0.5,0.5,0.0,0.0,0.0
2026-01-25 17:28:01,clusterA,8,4,3,1,0.75,0.5,0.5,0.0,0.0,0.0
2026-01-25 17:28:01,clusterB,8,4,4,0,1.00,0.5,0.5,0.0,0.0,0.0
2026-01-25 17:28:06,clusterA,8,4,3,1,0.75,0.5,0.5,0.0,0.0,0.0
2026-01-25 17:28:06,clusterB,8,4,4,0,1.00,0.5,0.5,0.0,0.0,0.0
2026-01-25 17:28:12,clusterA,8,4,3,1,0.75,0.5,0.5,0.0,0.0,0.0
2026-01-25 17:28:12,clusterB,8,4,4,0,1.00,0.5,0.5,0.0,0.0,0.0
2026-01-25 17:28:17,clusterA,8,4,3,1,0.75,0.5,0.5,0.0,0.0,0.0
2026-01-25 17:28:17,clusterB,8,4,4,0,1.00,0.5,0.5,0.0,0.0,0.0
2026-01-25 17:28:22,clusterA,8,4,3,1,0.75,0.5,0.5,0.0,0.0,0.0
2026-01-25 17:28:22,clusterB,8,4,4,0,1.00,0.5,0.5,0.0,0.0,0.0
2026-01-25 17:28:27,clusterA,8,4,3,1,0.75,0.5,0.5,0.0,0.0,0.0
2026-01-25 17:28:27,clusterB,8,4,4,0,1.00,0.5,0.5,0.0,0.0,0.0
2026-01-25 17:28:33,clusterA,8,4,3,1,0.75,0.5,0.5,0.0,0.0,0.0
2026-01-25 17:28:33,clusterB,8,4,4,0,1.00,0.5,0.5,0.0,0.0,0.0
2026-01-25 17:28:38,clusterA,8,4,3,1,0.75,0.5,0.5,0.0,0.0,0.0
2026-01-25 17:28:38,clusterB,8,4,4,0,1.00,0.5,0.5,0.0,0.0,0.0
2026-01-25 17:28:43,clusterA,8,4,3,1,0.75,0.5,0.5,0.0,0.0,0.0
2026-01-25 17:28:43,clusterB,8,4,4,0,1.00,0.5,0.5,0.0,0.0,0.0
2026-01-25 17:28:49,clusterA,8,4,3,1,0.75,0.5,0.5,0.0,0.0,0.0
2026-01-25 17:28:49,clusterB,8,4,4,0,1.00,0.5,0.5,0.0,0.0,0.0
2026-01-25 17:28:54,clusterA,8,4,3,1,0.75,0.5,0.5,0.0,0.0,0.0
2026-01-25 17:28:54,clusterB,8,4,4,0,1.00,0.5,0.5,0.0,0.0,0.0
2026-01-25 17:28:59,clusterA,8,4,3,1,0.75,0.5,0.5,0.0,0.0,0.0
2026-01-25 17:28:59,clusterB,8,4,4,0,1.00,0.5,0.5,0.0,0.0,0.0
2026-01-25 17:29:04,clusterA,8,4,3,1,0.75,0.5,0.5,0.0,0.0,0.0
2026-01-25 17:29:04,clusterB,8,4,4,0,1.00,0.5,0.5,0.0,0.0,0.0
2026-01-25 17:29:10,clusterA,8,4,3,1,0.75,0.5,0.5,0.0,0.0,0.0
2026-01-25 17:29:10,clusterB,8,4,4,0,1.00,0.5,0.5,0.0,0.0,0.0
2026-01-25 17:29:15,clusterA,8,4,3,1,0.75,0.5,0.5,0.0,0.0,0.0
2026-01-25 17:29:15,clusterB,8,4,4,0,1.00,0.5,0.5,0.0,0.0,0.0
2026-01-25 17:29:20,clusterA,8,4,3,1,0.75,0.5,0.5,0.0,0.0,0.0
2026-01-25 17:29:20,clusterB,8,4,4,0,1.00,0.5,0.5,0.0,0.0,0.0
2026-01-25 17:29:25,clusterA,8,4,3,1,0.75,0.5,0.5,0.0,0.0,0.0
2026-01-25 17:29:25,clusterB,8,4,4,0,1.00,0.5,0.5,0.0,0.0,0.0
2026-01-25 17:29:31,clusterA,8,4,3,1,0.75,0.5,0.5,0.0,0.0,0.0
2026-01-25 17:29:31,clusterB,8,4,4,0,1.00,0.5,0.5,0.0,0.0,0.0
2026-01-25 17:29:36,clusterA,8,4,3,1,0.75,0.5,0.5,0.0,0.0,0.0
2026-01-25 17:29:36,clusterB,8,4,4,0,1.00,0.5,0.5,0.0,0.0,0.0
2026-01-25 17:29:41,clusterA,8,4,3,1,0.75,0.5,0.5,0.0,0.0,0.0
2026-01-25 17:29:41,clusterB,8,4,4,0,1.00,0.5,0.5,0.0,0.0,0.0
2026-01-25 17:29:47,clusterA,8,4,3,1,0.75,0.5,0.5,0.0,0.0,0.0
2026-01-25 17:29:47,clusterB,8,4,4,0,1.00,0.5,0.5,0.0,0.0,0.0
2026-01-25 17:29:52,clusterA,8,4,3,1,0.75,0.5,0.5,0.0,0.0,0.0
2026-01-25 17:29:52,clusterB,8,4,4,0,1.00,0.5,0.5,0.0,0.0,0.0
2026-01-25 17:29:57,clusterA,8,4,3,1,0.75,0.5,0.5,0.0,0.0,0.0
2026-01-25 17:29:57,clusterB,8,4,4,0,1.00,0.5,0.5,0.0,0.0,0.0
2026-01-25 17:30:02,clusterA,8,4,3,1,0.75,0.5,0.5,0.0,0.0,0.0
2026-01-25 17:30:02,clusterB,8,4,4,0,1.00,0.5,0.5,0.0,0.0,0.0
2026-01-25 17:30:08,clusterA,8,4,3,1,0.75,0.5,0.5,0.0,0.0,0.0
2026-01-25 17:30:08,clusterB,8,4,4,0,1.00,0.5,0.5,0.0,0.0,0.0
2026-01-25 17:30:13,clusterA,8,4,3,1,0.75,0.5,0.5,0.0,0.0,0.0
2026-01-25 17:30:13,clusterB,8,4,4,0,1.00,0.5,0.5,0.0,0.0,0.0
2026-01-25 17:30:18,clusterA,8,4,3,1,0.75,0.5,0.5,0.0,0.0,0.0
2026-01-25 17:30:18,clusterB,8,4,4,0,1.00,0.5,0.5,0.0,0.0,0.0
2026-01-25 17:30:23,clusterA,8,4,3,1,0.75,0.5,0.5,0.0,0.0,0.0
2026-01-25 17:30:23,clusterB,8,4,4,0,1.00,0.5,0.5,0.0,0.0,0.0
2026-01-25 17:30:29,clusterA,8,4,3,1,0.75,0.5,0.5,0.0,0.0,0.0
2026-01-25 17:30:29,clusterB,8,4,4,0,1.00,0.5,0.5,0.0,0.0,0.0
2026-01-25 17:30:34,clusterA,8,4,3,1,0.75,0.5,0.5,0.0,0.0,0.0
2026-01-25 17:30:34,clusterB,8,4,4,0,1.00,0.5,0.5,0.0,0.0,0.0
2026-01-25 17:30:39,clusterA,8,4,3,1,0.75,0.5,0.5,0.0,0.0,0.0
2026-01-25 17:30:39,clusterB,8,4,4,0,1.00,0.5,0.5,0.0,0.0,0.0
2026-01-25 17:30:45,clusterA,8,4,3,1,0.75,0.5,0.5,0.0,0.0,0.0
2026-01-25 17:30:45,clusterB,8,4,4,0,1.00,0.5,0.5,0.0,0.0,0.0
2026-01-25 17:30:50,clusterA,8,4,3,1,0.75,0.5,0.5,0.0,0.0,0.0
2026-01-25 17:30:50,clusterB,8,4,4,0,1.00,0.5,0.5,0.0,0.0,0.0
2026-01-25 17:30:55,clusterA,8,4,3,1,0.75,0.5,0.5,0.0,0.0,0.0
2026-01-25 17:30:55,clusterB,8,4,4,0,1.00,0.5,0.5,0.0,0.0,0.0
2026-01-25 17:31:00,clusterA,8,4,3,1,0.75,0.5,0.5,0.0,0.0,0.0
2026-01-25 17:31:00,clusterB,8,4,4,0,1.00,0.5,0.5,0.0,0.0,0.0
2026-01-25 17:31:06,clusterA,8,4,3,1,0.75,0.5,0.5,0.0,0.0,0.0
2026-01-25 17:31:06,clusterB,8,4,4,0,1.00,0.5,0.5,0.0,0.0,0.0
2026-01-25 17:31:11,clusterA,8,4,3,1,0.75,0.5,0.5,0.0,0.0,0.0
2026-01-25 17:31:11,clusterB,8,4,4,0,1.00,0.5,0.5,0.0,0.0,0.0
2026-01-25 17:31:16,clusterA,8,4,3,1,0.75,0.5,0.5,0.0,0.0,0.0
2026-01-25 17:31:16,clusterB,8,4,4,0,1.00,0.5,0.5,0.0,0.0,0.0
2026-01-25 17:31:22,clusterA,8,4,3,1,0.75,0.5,0.5,0.0,0.0,0.0
2026-01-25 17:31:22,clusterB,8,4,4,0,1.00,0.5,0.5,0.0,0.0,0.0
2026-01-25 17:31:27,clusterA,8,4,3,1,0.75,0.5,0.5,0.0,0.0,0.0
2026-01-25 17:31:27,clusterB,8,4,4,0,1.00,0.5,0.5,0.0,0.0,0.0
2026-01-25 17:31:32,clusterA,8,4,3,1,0.75,0.5,0.5,0.0,0.0,0.0
2026-01-25 17:31:32,clusterB,8,4,4,0,1.00,0.5,0.5,0.0,0.0,0.0
2026-01-25 17:31:37,clusterA,8,4,3,1,0.75,0.5,0.5,0.0,0.0,0.0
2026-01-25 17:31:37,clusterB,8,4,4,0,1.00,0.5,0.5,0.0,0.0,0.0
2026-01-25 17:31:43,clusterA,8,4,3,1,0.75,0.5,0.5,0.0,0.0,0.0
2026-01-25 17:31:43,clusterB,8,4,4,0,1.00,0.5,0.5,0.0,0.0,0.0
2026-01-25 17:31:48,clusterA,8,4,3,1,0.75,0.5,0.5,0.0,0.0,0.0
2026-01-25 17:31:48,clusterB,8,4,4,0,1.00,0.5,0.5,0.0,0.0,0.0
2026-01-25 17:31:53,clusterA,8,4,3,1,0.75,0.5,0.5,0.0,0.0,0.0
2026-01-25 17:31:53,clusterB,8,4,4,0,1.00,0.5,0.5,0.0,0.0,0.0
2026-01-25 17:31:59,clusterA,8,4,3,1,0.75,0.5,0.5,0.0,0.0,0.0
2026-01-25 17:31:59,clusterB,8,4,4,0,1.00,0.5,0.5,0.0,0.0,0.0
2026-01-25 17:32:04,clusterA,8,4,3,1,0.75,0.5,0.5,0.0,0.0,0.0
2026-01-25 17:32:04,clusterB,8,4,4,0,1.00,0.5,0.5,0.0,0.0,0.0
2026-01-25 17:32:09,clusterA,8,4,3,1,0.75,0.5,0.5,0.0,0.0,0.0
2026-01-25 17:32:09,clusterB,8,4,4,0,1.00,0.5,0.5,0.0,0.0,0.0
2026-01-25 17:32:14,clusterA,8,4,3,1,0.75,0.5,0.5,0.0,0.0,0.0
2026-01-25 17:32:14,clusterB,8,4,4,0,1.00,0.5,0.5,0.0,0.0,0.0
2026-01-25 17:32:20,clusterA,8,4,3,1,0.75,0.5,0.5,0.0,0.0,0.0
2026-01-25 17:32:20,clusterB,8,4,4,0,1.00,0.5,0.5,0.0,0.0,0.0
2026-01-25 17:32:25,clusterA,8,4,3,1,0.75,0.5,0.5,0.0,0.0,0.0
2026-01-25 17:32:25,clusterB,8,4,4,0,1.00,0.5,0.5,0.0,0.0,0.0
2026-01-25 17:32:30,clusterA,8,4,3,1,0.75,0.5,0.5,0.0,0.0,0.0
2026-01-25 17:32:30,clusterB,8,4,4,0,1.00,0.5,0.5,0.0,0.0,0.0
2026-01-25 17:32:35,clusterA,8,4,3,1,0.75,0.5,0.5,0.0,0.0,0.0
2026-01-25 17:32:35,clusterB,8,4,4,0,1.00,0.5,0.5,0.0,0.0,0.0
2026-01-25 17:32:41,clusterA,8,4,3,1,0.75,0.5,0.5,0.0,0.0,0.0
2026-01-25 17:32:41,clusterB,8,4,4,0,1.00,0.5,0.5,0.0,0.0,0.0
2026-01-25 17:32:46,clusterA,8,4,3,1,0.75,0.5,0.5,0.0,0.0,0.0
2026-01-25 17:32:46,clusterB,8,4,4,0,1.00,0.5,0.5,0.0,0.0,0.0
2026-01-25 17:32:51,clusterA,8,4,3,1,0.75,0.5,0.5,0.0,0.0,0.0
2026-01-25 17:32:51,clusterB,8,4,4,0,1.00,0.5,0.5,0.0,0.0,0.0
2026-01-25 17:32:57,clusterA,8,4,3,1,0.75,0.5,0.5,0.0,0.0,0.0
2026-01-25 17:32:57,clusterB,8,4,4,0,1.00,0.5,0.5,0.0,0.0,0.0
2026-01-25 17:33:02,clusterA,8,4,3,1,0.75,0.5,0.5,0.0,0.0,0.0
2026-01-25 17:33:02,clusterB,8,4,4,0,1.00,0.5,0.5,0.0,0.0,0.0
2026-01-25 17:33:07,clusterA,8,4,3,1,0.75,0.5,0.5,0.0,0.0,0.0
2026-01-25 17:33:07,clusterB,8,4,4,0,1.00,0.5,0.5,0.0,0.0,0.0
2026-01-25 17:33:12,clusterA,8,4,3,1,0.75,0.5,0.5,0.0,0.0,0.0
2026-01-25 17:33:12,clusterB,8,4,4,0,1.00,0.5,0.5,0.0,0.0,0.0
2026-01-25 17:33:18,clusterA,8,4,3,1,0.75,0.5,0.5,0.0,0.0,0.0
2026-01-25 17:33:18,clusterB,8,4,4,0,1.00,0.5,0.5,0.0,0.0,0.0
2026-01-25 17:33:23,clusterA,8,4,3,1,0.75,0.5,0.5,0.0,0.0,0.0
2026-01-25 17:33:23,clusterB,8,4,4,0,1.00,0.5,0.5,0.0,0.0,0.0
2026-01-25 17:33:28,clusterA,8,4,3,1,0.75,0.5,0.5,0.0,0.0,0.0
2026-01-25 17:33:28,clusterB,8,4,4,0,1.00,0.5,0.5,0.0,0.0,0.0
2026-01-25 17:33:33,clusterA,8,4,3,1,0.75,0.5,0.5,0.0,0.0,0.0
2026-01-25 17:33:33,clusterB,8,4,4,0,1.00,0.5,0.5,0.0,0.0,0.0
2026-01-25 17:33:39,clusterA,8,4,3,1,0.75,0.5,0.5,0.0,0.0,0.0
2026-01-25 17:33:39,clusterB,8,4,4,0,1.00,0.5,0.5,0.0,0.0,0.0
2026-01-25 17:33:44,clusterA,8,4,3,1,0.75,0.5,0.5,0.0,0.0,0.0
2026-01-25 17:33:44,clusterB,8,4,4,0,1.00,0.5,0.5,0.0,0.0,0.0
2026-01-25 17:33:49,clusterA,8,4,3,1,0.75,0.5,0.5,0.0,0.0,0.0
2026-01-25 17:33:49,clusterB,8,4,4,0,1.00,0.5,0.5,0.0,0.0,0.0
2026-01-25 17:33:55,clusterA,8,4,3,1,0.75,0.5,0.5,0.0,0.0,0.0
2026-01-25 17:33:55,clusterB,8,4,4,0,1.00,0.5,0.5,0.0,0.0,0.0
2026-01-25 17:34:00,clusterA,8,4,3,1,0.75,0.5,0.5,0.0,0.0,0.0
2026-01-25 17:34:00,clusterB,8,4,4,0,1.00,0.5,0.5,0.0,0.0,0.0
2026-01-25 17:34:05,clusterA,8,4,3,1,0.75,0.5,0.5,0.0,0.0,0.0
2026-01-25 17:34:05,clusterB,8,4,4,0,1.00,0.5,0.5,0.0,0.0,0.0
2026-01-25 17:34:10,clusterA,8,4,3,1,0.75,0.5,0.5,0.0,0.0,0.0
2026-01-25 17:34:10,clusterB,8,4,4,0,1.00,0.5,0.5,0.0,0.0,0.0
2026-01-25 17:34:16,clusterA,8,4,3,1,0.75,0.5,0.5,0.0,0.0,0.0
2026-01-25 17:34:16,clusterB,8,4,4,0,1.00,0.5,0.5,0.0,0.0,0.0
2026-01-25 17:34:21,clusterA,8,4,3,1,0.75,0.5,0.5,0.0,0.0,0.0
2026-01-25 17:34:21,clusterB,8,4,4,0,1.00,0.5,0.5,0.0,0.0,0.0
2026-01-25 17:34:26,clusterA,8,4,3,1,0.75,0.5,0.5,0.0,0.0,0.0
2026-01-25 17:34:26,clusterB,8,4,4,0,1.00,0.5,0.5,0.0,0.0,0.0
2026-01-25 17:34:31,clusterA,8,4,3,1,0.75,0.5,0.5,0.0,0.0,0.0
2026-01-25 17:34:31,clusterB,8,4,4,0,1.00,0.5,0.5,0.0,0.0,0.0
2026-01-25 17:34:37,clusterA,8,4,3,1,0.75,0.5,0.5,0.0,0.0,0.0
2026-01-25 17:34:37,clusterB,8,4,4,0,1.00,0.5,0.5,0.0,0.0,0.0
2026-01-25 17:34:42,clusterA,8,4,3,1,0.75,0.5,0.5,0.0,0.0,0.0
2026-01-25 17:34:42,clusterB,8,4,4,0,1.00,0.5,0.5,0.0,0.0,0.0
2026-01-25 17:34:47,clusterA,8,4,3,1,0.75,0.5,0.5,0.0,0.0,0.0
2026-01-25 17:34:47,clusterB,8,4,4,0,1.00,0.5,0.5,0.0,0.0,0.0
2026-01-25 17:34:53,clusterA,8,4,3,1,0.75,0.5,0.5,0.0,0.0,0.0
2026-01-25 17:34:53,clusterB,8,4,4,0,1.00,0.5,0.5,0.0,0.0,0.0
2026-01-25 17:34:58,clusterA,8,4,3,1,0.75,0.5,0.5,0.0,0.0,0.0
2026-01-25 17:34:58,clusterB,8,4,4,0,1.00,0.5,0.5,0.0,0.0,0.0
2026-01-25 17:35:03,clusterA,8,4,3,1,0.75,0.5,0.5,0.0,0.0,0.0
2026-01-25 17:35:03,clusterB,8,4,4,0,1.00,0.5,0.5,0.0,0.0,0.0
2026-01-25 17:35:08,clusterA,8,4,3,1,0.75,0.5,0.5,0.0,0.0,0.0
2026-01-25 17:35:08,clusterB,8,4,4,0,1.00,0.5,0.5,0.0,0.0,0.0
2026-01-25 17:35:14,clusterA,8,4,3,1,0.75,0.5,0.5,0.0,0.0,0.0
2026-01-25 17:35:14,clusterB,8,4,4,0,1.00,0.5,0.5,0.0,0.0,0.0
2026-01-25 17:35:19,clusterA,8,4,3,1,0.75,0.5,0.5,0.0,0.0,0.0
2026-01-25 17:35:19,clusterB,8,4,4,0,1.00,0.5,0.5,0.0,0.0,0.0
2026-01-25 17:35:24,clusterA,8,4,3,1,0.75,0.5,0.5,0.0,0.0,0.0
2026-01-25 17:35:24,clusterB,8,4,4,0,1.00,0.5,0.5,0.0,0.0,0.0
2026-01-25 17:35:30,clusterA,8,4,3,1,0.75,0.5,0.5,0.0,0.0,0.0
2026-01-25 17:35:30,clusterB,8,4,4,0,1.00,0.5,0.5,0.0,0.0,0.0
2026-01-25 17:35:35,clusterA,8,4,3,1,0.75,0.5,0.5,0.0,0.0,0.0
2026-01-25 17:35:35,clusterB,8,4,4,0,1.00,0.5,0.5,0.0,0.0,0.0
2026-01-25 17:35:40,clusterA,8,4,3,1,0.75,0.5,0.5,0.0,0.0,0.0
2026-01-25 17:35:40,clusterB,8,4,4,0,1.00,0.5,0.5,0.0,0.0,0.0
2026-01-25 17:35:45,clusterA,8,4,3,1,0.75,0.5,0.5,0.0,0.0,0.0
2026-01-25 17:35:45,clusterB,8,4,4,0,1.00,0.5,0.5,0.0,0.0,0.0
2026-01-25 17:35:51,clusterA,8,4,3,1,0.75,0.5,0.5,0.0,0.0,0.0
2026-01-25 17:35:51,clusterB,8,4,4,0,1.00,0.5,0.5,0.0,0.0,0.0
2026-01-25 17:35:56,clusterA,8,4,3,1,0.75,0.5,0.5,0.0,0.0,0.0
2026-01-25 17:35:56,clusterB,8,4,4,0,1.00,0.5,0.5,0.0,0.0,0.0
2026-01-25 17:36:01,clusterA,8,4,3,1,0.75,0.5,0.5,0.0,0.0,0.0
2026-01-25 17:36:01,clusterB,8,4,4,0,1.00,0.5,0.5,0.0,0.0,0.0
2026-01-25 17:36:06,clusterA,8,4,3,1,0.75,0.5,0.5,0.0,0.0,0.0
2026-01-25 17:36:06,clusterB,8,4,4,0,1.00,0.5,0.5,0.0,0.0,0.0
2026-01-25 17:36:12,clusterA,8,4,3,1,0.75,0.5,0.5,0.0,0.0,0.0
2026-01-25 17:36:12,clusterB,8,4,4,0,1.00,0.5,0.5,0.0,0.0,0.0
2026-01-25 17:36:17,clusterA,8,4,3,1,0.75,0.5,0.5,0.0,0.0,0.0
2026-01-25 17:36:17,clusterB,8,4,4,0,1.00,0.5,0.5,0.0,0.0,0.0
2026-01-25 17:36:22,clusterA,8,4,3,1,0.75,0.5,0.5,0.0,0.0,0.0
2026-01-25 17:36:22,clusterB,8,4,4,0,1.00,0.5,0.5,0.0,0.0,0.0
2026-01-25 17:36:28,clusterA,8,4,3,1,0.75,0.5,0.5,0.0,0.0,0.0
2026-01-25 17:36:28,clusterB,8,4,4,0,1.00,0.5,0.5,0.0,0.0,0.0
2026-01-25 17:36:33,clusterA,8,4,3,1,0.75,0.5,0.5,0.0,0.0,0.0
2026-01-25 17:36:33,clusterB,8,4,4,0,1.00,0.5,0.5,0.0,0.0,0.0
2026-01-25 17:36:38,clusterA,8,4,3,1,0.75,0.5,0.5,0.0,0.0,0.0
2026-01-25 17:36:38,clusterB,8,4,4,0,1.00,0.5,0.5,0.0,0.0,0.0
2026-01-25 17:36:43,clusterA,8,4,3,1,0.75,0.5,0.5,0.0,0.0,0.0
2026-01-25 17:36:43,clusterB,8,4,4,0,1.00,0.5,0.5,0.0,0.0,0.0
2026-01-25 17:36:49,clusterA,8,4,3,1,0.75,0.5,0.5,0.0,0.0,0.0
2026-01-25 17:36:49,clusterB,8,4,4,0,1.00,0.5,0.5,0.0,0.0,0.0
2026-01-25 17:36:54,clusterA,8,4,3,1,0.75,0.5,0.5,0.0,0.0,0.0
2026-01-25 17:36:54,clusterB,8,4,4,0,1.00,0.5,0.5,0.0,0.0,0.0
2026-01-25 17:36:59,clusterA,8,4,3,1,0.75,0.5,0.5,0.0,0.0,0.0
2026-01-25 17:36:59,clusterB,8,4,4,0,1.00,0.5,0.5,0.0,0.0,0.0
2026-01-25 17:37:04,clusterA,8,4,3,1,0.75,0.5,0.5,0.0,0.0,0.0
2026-01-25 17:37:04,clusterB,8,4,4,0,1.00,0.5,0.5,0.0,0.0,0.0
2026-01-25 17:37:10,clusterA,8,4,3,1,0.75,0.5,0.5,0.0,0.0,0.0
2026-01-25 17:37:10,clusterB,8,4,4,0,1.00,0.5,0.5,0.0,0.0,0.0
2026-01-25 17:37:15,clusterA,8,4,3,1,0.75,0.5,0.5,0.0,0.0,0.0
2026-01-25 17:37:15,clusterB,8,4,4,0,1.00,0.5,0.5,0.0,0.0,0.0
2026-01-25 17:37:20,clusterA,8,4,3,1,0.75,0.5,0.5,0.0,0.0,0.0
2026-01-25 17:37:20,clusterB,8,4,4,0,1.00,0.5,0.5,0.0,0.0,0.0
2026-01-25 17:37:25,clusterA,8,4,3,1,0.75,0.5,0.5,0.0,0.0,0.0
2026-01-25 17:37:25,clusterB,8,4,4,0,1.00,0.5,0.5,0.0,0.0,0.0
2026-01-25 17:37:31,clusterA,8,4,3,1,0.75,0.5,0.5,0.0,0.0,0.0
2026-01-25 17:37:31,clusterB,8,4,4,0,1.00,0.5,0.5,0.0,0.0,0.0
2026-01-25 17:37:36,clusterA,8,4,3,1,0.75,0.5,0.5,0.0,0.0,0.0
2026-01-25 17:37:36,clusterB,8,4,4,0,1.00,0.5,0.5,0.0,0.0,0.0
2026-01-25 17:37:41,clusterA,8,4,3,1,0.75,0.5,0.5,0.0,0.0,0.0
2026-01-25 17:37:41,clusterB,8,4,4,0,1.00,0.5,0.5,0.0,0.0,0.0
2026-01-25 17:37:47,clusterA,8,4,3,1,0.75,0.5,0.5,0.0,0.0,0.0
2026-01-25 17:37:47,clusterB,8,4,4,0,1.00,0.5,0.5,0.0,0.0,0.0
2026-01-25 17:37:52,clusterA,8,4,3,1,0.75,0.5,0.5,0.0,0.0,0.0
2026-01-25 17:37:52,clusterB,8,4,4,0,1.00,0.5,0.5,0.0,0.0,0.0
2026-01-25 17:37:57,clusterA,8,4,3,1,0.75,0.5,0.5,0.0,0.0,0.0
2026-01-25 17:37:57,clusterB,8,4,4,0,1.00,0.5,0.5,0.0,0.0,0.0
2026-01-25 17:38:02,clusterA,8,4,3,1,0.75,0.5,0.5,0.0,0.0,0.0
2026-01-25 17:38:02,clusterB,8,4,4,0,1.00,0.5,0.5,0.0,0.0,0.0
2026-01-25 17:38:08,clusterA,8,4,3,1,0.75,0.5,0.5,0.0,0.0,0.0
2026-01-25 17:38:08,clusterB,8,4,4,0,1.00,0.5,0.5,0.0,0.0,0.0
2026-01-25 17:38:13,clusterA,8,4,3,1,0.75,0.5,0.5,0.0,0.0,0.0
2026-01-25 17:38:13,clusterB,8,4,4,0,1.00,0.5,0.5,0.0,0.0,0.0
2026-01-25 17:38:18,clusterA,8,4,3,1,0.75,0.5,0.5,0.0,0.0,0.0
2026-01-25 17:38:18,clusterB,8,4,4,0,1.00,0.5,0.5,0.0,0.0,0.0
2026-01-25 17:38:23,clusterA,8,4,3,1,0.75,0.5,0.5,0.0,0.0,0.0
2026-01-25 17:38:23,clusterB,8,4,4,0,1.00,0.5,0.5,0.0,0.0,0.0
2026-01-25 17:38:29,clusterA,8,4,3,1,0.75,0.5,0.5,0.0,0.0,0.0
2026-01-25 17:38:29,clusterB,8,4,4,0,1.00,0.5,0.5,0.0,0.0,0.0
2026-01-25 17:38:34,clusterA,8,4,3,1,0.75,0.5,0.5,0.0,0.0,0.0
2026-01-25 17:38:34,clusterB,8,4,4,0,1.00,0.5,0.5,0.0,0.0,0.0
2026-01-25 17:38:39,clusterA,8,4,3,1,0.75,0.5,0.5,0.0,0.0,0.0
2026-01-25 17:38:39,clusterB,8,4,4,0,1.00,0.5,0.5,0.0,0.0,0.0
2026-01-25 17:38:45,clusterA,8,4,3,1,0.75,0.5,0.5,0.0,0.0,0.0
2026-01-25 17:38:45,clusterB,8,4,4,0,1.00,0.5,0.5,0.0,0.0,0.0
2026-01-25 17:38:50,clusterA,8,4,3,1,0.75,0.5,0.5,0.0,0.0,0.0
2026-01-25 17:38:50,clusterB,8,4,4,0,1.00,0.5,0.5,0.0,0.0,0.0
2026-01-25 17:38:55,clusterA,8,4,3,1,0.75,0.5,0.5,0.0,0.0,0.0
2026-01-25 17:38:55,clusterB,8,4,4,0,1.00,0.5,0.5,0.0,0.0,0.0
2026-01-25 17:39:00,clusterA,8,4,3,1,0.75,0.5,0.5,0.0,0.0,0.0
2026-01-25 17:39:00,clusterB,8,4,4,0,1.00,0.5,0.5,0.0,0.0,0.0
2026-01-25 17:39:06,clusterA,8,4,3,1,0.75,0.5,0.5,0.0,0.0,0.0
2026-01-25 17:39:06,clusterB,8,4,4,0,1.00,0.5,0.5,0.0,0.0,0.0
2026-01-25 17:39:11,clusterA,8,4,3,1,0.75,0.5,0.5,0.0,0.0,0.0
2026-01-25 17:39:11,clusterB,8,4,4,0,1.00,0.5,0.5,0.0,0.0,0.0
2026-01-25 17:39:16,clusterA,8,4,3,1,0.75,0.5,0.5,0.0,0.0,0.0
2026-01-25 17:39:16,clusterB,8,4,4,0,1.00,0.5,0.5,0.0,0.0,0.0
2026-01-25 17:39:21,clusterA,8,4,3,1,0.75,0.5,0.5,0.0,0.0,0.0
2026-01-25 17:39:21,clusterB,8,4,4,0,1.00,0.5,0.5,0.0,0.0,0.0
2026-01-25 17:39:27,clusterA,8,4,3,1,0.75,0.5,0.5,0.0,0.0,0.0
2026-01-25 17:39:27,clusterB,8,4,4,0,1.00,0.5,0.5,0.0,0.0,0.0
2026-01-25 17:39:32,clusterA,8,4,3,1,0.75,0.5,0.5,0.0,0.0,0.0
2026-01-25 17:39:32,clusterB,8,4,4,0,1.00,0.5,0.5,0.0,0.0,0.0
2026-01-25 17:39:37,clusterA,8,4,3,1,0.75,0.5,0.5,0.0,0.0,0.0
2026-01-25 17:39:37,clusterB,8,4,4,0,1.00,0.5,0.5,0.0,0.0,0.0
2026-01-25 17:39:43,clusterA,8,4,3,1,0.75,0.5,0.5,0.0,0.0,0.0
2026-01-25 17:39:43,clusterB,8,4,4,0,1.00,0.5,0.5,0.0,0.0,0.0
2026-01-25 17:39:48,clusterA,8,4,3,1,0.75,0.5,0.5,0.0,0.0,0.0
2026-01-25 17:39:48,clusterB,8,4,4,0,1.00,0.5,0.5,0.0,0.0,0.0
2026-01-25 17:39:53,clusterA,8,4,3,1,0.75,0.5,0.5,0.0,0.0,0.0
2026-01-25 17:39:53,clusterB,8,4,4,0,1.00,0.5,0.5,0.0,0.0,0.0
2026-01-25 17:39:58,clusterA,8,4,3,1,0.75,0.5,0.5,0.0,0.0,0.0
2026-01-25 17:39:58,clusterB,8,4,4,0,1.00,0.5,0.5,0.0,0.0,0.0
2026-01-25 17:40:04,clusterA,8,4,3,1,0.75,0.5,0.5,0.0,0.0,0.0
2026-01-25 17:40:04,clusterB,8,4,4,0,1.00,0.5,0.5,0.0,0.0,0.0
2026-01-25 17:40:09,clusterA,8,4,3,1,0.75,0.5,0.5,0.0,0.0,0.0
2026-01-25 17:40:09,clusterB,8,4,4,0,1.00,0.5,0.5,0.0,0.0,0.0
2026-01-25 17:40:14,clusterA,8,4,3,1,0.75,0.5,0.5,0.0,0.0,0.0
2026-01-25 17:40:14,clusterB,8,4,4,0,1.00,0.5,0.5,0.0,0.0,0.0
2026-01-25 17:40:20,clusterA,8,4,3,1,0.75,0.5,0.5,0.0,0.0,0.0
2026-01-25 17:40:20,clusterB,8,4,4,0,1.00,0.5,0.5,0.0,0.0,0.0
2026-01-25 17:40:25,clusterA,8,4,3,1,0.75,0.5,0.5,0.0,0.0,0.0
2026-01-25 17:40:25,clusterB,8,4,4,0,1.00,0.5,0.5,0.0,0.0,0.0
2026-01-25 17:40:30,clusterA,8,4,3,1,0.75,0.5,0.5,0.0,0.0,0.0
2026-01-25 17:40:30,clusterB,8,4,4,0,1.00,0.5,0.5,0.0,0.0,0.0
2026-01-25 17:40:35,clusterA,8,4,3,1,0.75,0.5,0.5,0.0,0.0,0.0
2026-01-25 17:40:35,clusterB,8,4,4,0,1.00,0.5,0.5,0.0,0.0,0.0
2026-01-25 17:40:41,clusterA,8,4,3,1,0.75,0.5,0.5,0.0,0.0,0.0
2026-01-25 17:40:41,clusterB,8,4,4,0,1.00,0.5,0.5,0.0,0.0,0.0
2026-01-25 17:40:46,clusterA,8,4,3,1,0.75,0.5,0.5,0.0,0.0,0.0
2026-01-25 17:40:46,clusterB,8,4,4,0,1.00,0.5,0.5,0.0,0.0,0.0
2026-01-25 17:40:51,clusterA,8,4,3,1,0.75,0.5,0.5,0.0,0.0,0.0
2026-01-25 17:40:51,clusterB,8,4,4,0,1.00,0.5,0.5,0.0,0.0,0.0
2026-01-25 17:40:56,clusterA,8,4,3,1,0.75,0.5,0.5,0.0,0.0,0.0
2026-01-25 17:40:56,clusterB,8,4,4,0,1.00,0.5,0.5,0.0,0.0,0.0
2026-01-25 17:41:02,clusterA,8,4,3,1,0.75,0.5,0.5,0.0,0.0,0.0
2026-01-25 17:41:02,clusterB,8,4,4,0,1.00,0.5,0.5,0.0,0.0,0.0
2026-01-25 17:41:07,clusterA,8,4,3,1,0.75,0.5,0.5,0.0,0.0,0.0
2026-01-25 17:41:07,clusterB,8,4,4,0,1.00,0.5,0.5,0.0,0.0,0.0
2026-01-25 17:41:12,clusterA,8,4,3,1,0.75,0.5,0.5,0.0,0.0,0.0
2026-01-25 17:41:12,clusterB,8,4,4,0,1.00,0.5,0.5,0.0,0.0,0.0
2026-01-25 17:41:18,clusterA,8,4,3,1,0.75,0.5,0.5,0.0,0.0,0.0
2026-01-25 17:41:18,clusterB,8,4,4,0,1.00,0.5,0.5,0.0,0.0,0.0
2026-01-25 17:41:23,clusterA,8,4,3,1,0.75,0.5,0.5,0.0,0.0,0.0
2026-01-25 17:41:23,clusterB,8,4,4,0,1.00,0.5,0.5,0.0,0.0,0.0
2026-01-25 17:41:28,clusterA,8,4,3,1,0.75,0.5,0.5,0.0,0.0,0.0
2026-01-25 17:41:28,clusterB,8,4,4,0,1.00,0.5,0.5,0.0,0.0,0.0
2026-01-25 17:41:33,clusterA,8,4,3,1,0.75,0.5,0.5,0.0,0.0,0.0
2026-01-25 17:41:33,clusterB,8,4,4,0,1.00,0.5,0.5,0.0,0.0,0.0
2026-01-25 17:41:39,clusterA,8,4,3,1,0.75,0.5,0.5,0.0,0.0,0.0
2026-01-25 17:41:39,clusterB,8,4,4,0,1.00,0.5,0.5,0.0,0.0,0.0
2026-01-25 17:41:44,clusterA,8,4,3,1,0.75,0.5,0.5,0.0,0.0,0.0
2026-01-25 17:41:44,clusterB,8,4,4,0,1.00,0.5,0.5,0.0,0.0,0.0
2026-01-25 17:41:49,clusterA,8,4,3,1,0.75,0.5,0.5,0.0,0.0,0.0
2026-01-25 17:41:49,clusterB,8,4,4,0,1.00,0.5,0.5,0.0,0.0,0.0
2026-01-25 17:41:54,clusterA,8,4,3,1,0.75,0.5,0.5,0.0,0.0,0.0
2026-01-25 17:41:54,clusterB,8,4,4,0,1.00,0.5,0.5,0.0,0.0,0.0
2026-01-25 17:42:00,clusterA,8,4,3,1,0.75,0.5,0.5,0.0,0.0,0.0
2026-01-25 17:42:00,clusterB,8,4,4,0,1.00,0.5,0.5,0.0,0.0,0.0
2026-01-25 17:42:05,clusterA,8,4,3,1,0.75,0.5,0.5,0.0,0.0,0.0
2026-01-25 17:42:05,clusterB,8,4,4,0,1.00,0.5,0.5,0.0,0.0,0.0
2026-01-25 17:42:10,clusterA,8,4,3,1,0.75,0.5,0.5,0.0,0.0,0.0
2026-01-25 17:42:10,clusterB,8,4,4,0,1.00,0.5,0.5,0.0,0.0,0.0
2026-01-25 17:42:16,clusterA,8,4,3,1,0.75,0.5,0.5,0.0,0.0,0.0
2026-01-25 17:42:16,clusterB,8,4,4,0,1.00,0.5,0.5,0.0,0.0,0.0
2026-01-25 17:42:21,clusterA,8,4,3,1,0.75,0.5,0.5,0.0,0.0,0.0
2026-01-25 17:42:21,clusterB,8,4,4,0,1.00,0.5,0.5,0.0,0.0,0.0
2026-01-25 17:42:26,clusterA,8,4,3,1,0.75,0.5,0.5,0.0,0.0,0.0
2026-01-25 17:42:26,clusterB,8,4,4,0,1.00,0.5,0.5,0.0,0.0,0.0
2026-01-25 17:42:31,clusterA,8,4,3,1,0.75,0.5,0.5,0.0,0.0,0.0
2026-01-25 17:42:31,clusterB,8,4,4,0,1.00,0.5,0.5,0.0,0.0,0.0
2026-01-25 17:42:37,clusterA,8,4,3,1,0.75,0.5,0.5,0.0,0.0,0.0
2026-01-25 17:42:37,clusterB,8,4,4,0,1.00,0.5,0.5,0.0,0.0,0.0
2026-01-25 17:42:42,clusterA,8,4,3,1,0.75,0.5,0.5,0.0,0.0,0.0
2026-01-25 17:42:42,clusterB,8,4,4,0,1.00,0.5,0.5,0.0,0.0,0.0
2026-01-25 17:42:47,clusterA,8,4,3,1,0.75,0.5,0.5,0.0,0.0,0.0
2026-01-25 17:42:47,clusterB,8,4,4,0,1.00,0.5,0.5,0.0,0.0,0.0
2026-01-25 17:42:52,clusterA,8,4,3,1,0.75,0.5,0.5,0.0,0.0,0.0
2026-01-25 17:42:52,clusterB,8,4,4,0,1.00,0.5,0.5,0.0,0.0,0.0
2026-01-25 17:42:58,clusterA,8,4,3,1,0.75,0.5,0.5,0.0,0.0,0.0
2026-01-25 17:42:58,clusterB,8,4,4,0,1.00,0.5,0.5,0.0,0.0,0.0
2026-01-25 17:43:03,clusterA,8,4,3,1,0.75,0.5,0.5,0.0,0.0,0.0
2026-01-25 17:43:03,clusterB,8,4,4,0,1.00,0.5,0.5,0.0,0.0,0.0
2026-01-25 17:43:08,clusterA,8,4,3,1,0.75,0.5,0.5,0.0,0.0,0.0
2026-01-25 17:43:08,clusterB,8,4,4,0,1.00,0.5,0.5,0.0,0.0,0.0
2026-01-25 17:43:14,clusterA,8,4,3,1,0.75,0.5,0.5,0.0,0.0,0.0
2026-01-25 17:43:14,clusterB,8,4,4,0,1.00,0.5,0.5,0.0,0.0,0.0
2026-01-25 17:43:19,clusterA,8,4,3,1,0.75,0.5,0.5,0.0,0.0,0.0
2026-01-25 17:43:19,clusterB,8,4,4,0,1.00,0.5,0.5,0.0,0.0,0.0
2026-01-25 17:43:24,clusterA,8,4,3,1,0.75,0.5,0.5,0.0,0.0,0.0
2026-01-25 17:43:24,clusterB,8,4,4,0,1.00,0.5,0.5,0.0,0.0,0.0
2026-01-25 17:43:29,clusterA,8,4,3,1,0.75,0.5,0.5,0.0,0.0,0.0
2026-01-25 17:43:29,clusterB,8,4,4,0,1.00,0.5,0.5,0.0,0.0,0.0
2026-01-25 17:43:35,clusterA,8,4,3,1,0.75,0.5,0.5,0.0,0.0,0.0
2026-01-25 17:43:35,clusterB,8,4,4,0,1.00,0.5,0.5,0.0,0.0,0.0
2026-01-25 17:43:40,clusterA,8,4,3,1,0.75,0.5,0.5,0.0,0.0,0.0
2026-01-25 17:43:40,clusterB,8,4,4,0,1.00,0.5,0.5,0.0,0.0,0.0
2026-01-25 17:43:45,clusterA,8,4,3,1,0.75,0.5,0.5,0.0,0.0,0.0
2026-01-25 17:43:45,clusterB,8,4,4,0,1.00,0.5,0.5,0.0,0.0,0.0
2026-01-25 17:43:50,clusterA,8,4,3,1,0.75,0.5,0.5,0.0,0.0,0.0
2026-01-25 17:43:50,clusterB,8,4,4,0,1.00,0.5,0.5,0.0,0.0,0.0
2026-01-25 17:43:56,clusterA,8,4,3,1,0.75,0.5,0.5,0.0,0.0,0.0
2026-01-25 17:43:56,clusterB,8,4,4,0,1.00,0.5,0.5,0.0,0.0,0.0
2026-01-25 17:44:01,clusterA,8,4,3,1,0.75,0.5,0.5,0.0,0.0,0.0
2026-01-25 17:44:01,clusterB,8,4,4,0,1.00,0.5,0.5,0.0,0.0,0.0
2026-01-25 17:44:06,clusterA,8,4,3,1,0.75,0.5,0.5,0.0,0.0,0.0
2026-01-25 17:44:06,clusterB,8,4,4,0,1.00,0.5,0.5,0.0,0.0,0.0
2026-01-25 17:44:11,clusterA,8,4,3,1,0.75,0.5,0.5,0.0,0.0,0.0
2026-01-25 17:44:11,clusterB,8,4,4,0,1.00,0.5,0.5,0.0,0.0,0.0
2026-01-25 17:44:17,clusterA,8,4,3,1,0.75,0.5,0.5,0.0,0.0,0.0
2026-01-25 17:44:17,clusterB,8,4,4,0,1.00,0.5,0.5,0.0,0.0,0.0
2026-01-25 17:44:22,clusterA,8,4,3,1,0.75,0.5,0.5,0.0,0.0,0.0
2026-01-25 17:44:22,clusterB,8,4,4,0,1.00,0.5,0.5,0.0,0.0,0.0
2026-01-25 17:44:27,clusterA,8,4,2,2,0.50,0.5,0.5,0.0,0.0,0.0
2026-01-25 17:44:27,clusterB,8,4,4,0,1.00,0.5,0.5,0.0,0.0,0.0
2026-01-25 17:44:32,clusterA,8,4,2,2,0.50,0.5,0.5,0.0,0.0,0.0
2026-01-25 17:44:32,clusterB,8,4,4,0,1.00,0.5,0.5,0.0,0.0,0.0
2026-01-25 17:44:38,clusterA,8,4,2,2,0.50,0.5,0.5,0.0,0.0,0.0
2026-01-25 17:44:38,clusterB,8,4,4,0,1.00,0.5,0.5,0.0,0.0,0.0
2026-01-25 17:44:43,clusterA,8,4,2,2,0.50,0.5,0.5,0.0,0.0,0.0
2026-01-25 17:44:43,clusterB,8,4,4,0,1.00,0.5,0.5,0.0,0.0,0.0
2026-01-25 17:44:48,clusterA,8,4,2,2,0.50,0.5,0.5,0.0,0.0,0.0
2026-01-25 17:44:48,clusterB,8,4,4,0,1.00,0.5,0.5,0.0,0.0,0.0
2026-01-25 17:44:53,clusterA,8,4,2,2,0.50,0.5,0.5,0.0,0.0,0.0
2026-01-25 17:44:53,clusterB,8,4,4,0,1.00,0.5,0.5,0.0,0.0,0.0
2026-01-25 17:44:59,clusterA,8,4,2,2,0.50,0.5,0.5,0.0,0.0,0.0
2026-01-25 17:44:59,clusterB,8,4,4,0,1.00,0.5,0.5,0.0,0.0,0.0
2026-01-25 17:45:04,clusterA,8,4,2,2,0.50,0.5,0.5,0.0,0.0,0.0
2026-01-25 17:45:04,clusterB,8,4,4,0,1.00,0.5,0.5,0.0,0.0,0.0
2026-01-25 17:45:09,clusterA,8,4,2,2,0.50,0.5,0.5,0.0,0.0,0.0
2026-01-25 17:45:09,clusterB,8,4,4,0,1.00,0.5,0.5,0.0,0.0,0.0
2026-01-25 17:45:14,clusterA,8,4,2,2,0.50,0.5,0.5,0.0,0.0,0.0
2026-01-25 17:45:14,clusterB,8,4,4,0,1.00,0.5,0.5,0.0,0.0,0.0
2026-01-25 17:45:20,clusterA,8,4,2,2,0.50,0.5,0.5,0.0,0.0,0.0
2026-01-25 17:45:20,clusterB,8,4,4,0,1.00,0.5,0.5,0.0,0.0,0.0
2026-01-25 17:45:25,clusterA,8,4,2,2,0.50,0.5,0.5,0.0,0.0,0.0
2026-01-25 17:45:25,clusterB,8,4,4,0,1.00,0.5,0.5,0.0,0.0,0.0
2026-01-25 17:45:30,clusterA,8,4,2,2,0.50,0.5,0.5,0.0,0.0,0.0
2026-01-25 17:45:30,clusterB,8,4,4,0,1.00,0.5,0.5,0.0,0.0,0.0
2026-01-25 17:45:35,clusterA,8,4,2,2,0.50,0.5,0.5,0.0,0.0,0.0
2026-01-25 17:45:35,clusterB,8,4,4,0,1.00,0.5,0.5,0.0,0.0,0.0
2026-01-25 17:45:40,clusterA,8,4,2,2,0.50,0.5,0.5,0.0,0.0,0.0
2026-01-25 17:45:40,clusterB,8,4,4,0,1.00,0.5,0.5,0.0,0.0,0.0
2026-01-25 17:45:46,clusterA,8,4,2,2,0.50,0.5,0.5,0.0,0.0,0.0
2026-01-25 17:45:46,clusterB,8,4,4,0,1.00,0.5,0.5,0.0,0.0,0.0
2026-01-25 17:45:51,clusterA,8,4,2,2,0.50,0.5,0.5,0.0,0.0,0.0
2026-01-25 17:45:51,clusterB,8,4,4,0,1.00,0.5,0.5,0.0,0.0,0.0
2026-01-25 17:45:56,clusterA,8,4,2,2,0.50,0.5,0.5,0.0,0.0,0.0
2026-01-25 17:45:56,clusterB,8,4,4,0,1.00,0.5,0.5,0.0,0.0,0.0
2026-01-25 17:46:01,clusterA,8,4,2,2,0.50,0.5,0.5,0.0,0.0,0.0
2026-01-25 17:46:01,clusterB,8,4,4,0,1.00,0.5,0.5,0.0,0.0,0.0
2026-01-25 17:46:07,clusterA,8,4,2,2,0.50,0.5,0.5,0.0,0.0,0.0
2026-01-25 17:46:07,clusterB,8,4,4,0,1.00,0.5,0.5,0.0,0.0,0.0
2026-01-25 17:46:12,clusterA,8,4,2,2,0.50,0.5,0.5,0.0,0.0,0.0
2026-01-25 17:46:12,clusterB,8,4,4,0,1.00,0.5,0.5,0.0,0.0,0.0
2026-01-25 17:46:17,clusterA,8,4,2,2,0.50,0.5,0.5,0.0,0.0,0.0
2026-01-25 17:46:17,clusterB,8,4,4,0,1.00,0.5,0.5,0.0,0.0,0.0
2026-01-25 17:46:22,clusterA,8,4,2,2,0.50,0.5,0.5,0.0,0.0,0.0
2026-01-25 17:46:22,clusterB,8,4,4,0,1.00,0.5,0.5,0.0,0.0,0.0
2026-01-25 17:46:27,clusterA,8,4,2,2,0.50,0.5,0.5,0.0,0.0,0.0
2026-01-25 17:46:27,clusterB,8,4,4,0,1.00,0.5,0.5,0.0,0.0,0.0
2026-01-25 17:46:33,clusterA,8,4,2,2,0.50,0.5,0.5,0.0,0.0,0.0
2026-01-25 17:46:33,clusterB,8,4,4,0,1.00,0.5,0.5,0.0,0.0,0.0
2026-01-25 17:46:38,clusterA,8,4,2,2,0.50,0.5,0.5,0.0,0.0,0.0
2026-01-25 17:46:38,clusterB,8,4,3,1,0.75,0.5,0.5,0.0,0.0,0.0
2026-01-25 17:46:43,clusterA,8,4,2,2,0.50,0.5,0.5,0.0,0.0,0.0
2026-01-25 17:46:43,clusterB,8,4,3,1,0.75,0.5,0.5,0.0,0.0,0.0
2026-01-25 17:46:48,clusterA,8,4,2,2,0.50,0.5,0.5,0.0,0.0,0.0
2026-01-25 17:46:48,clusterB,8,4,3,1,0.75,0.5,0.5,0.0,0.0,0.0
2026-01-25 17:46:53,clusterA,8,4,2,2,0.50,0.5,0.5,0.0,0.0,0.0
2026-01-25 17:46:53,clusterB,8,4,3,1,0.75,0.5,0.5,0.0,0.0,0.0
2026-01-25 17:46:59,clusterA,8,4,2,2,0.50,0.5,0.5,0.0,0.0,0.0
2026-01-25 17:46:59,clusterB,8,4,3,1,0.75,0.5,0.5,0.0,0.0,0.0
2026-01-25 17:47:04,clusterA,8,4,2,2,0.50,0.5,0.5,0.0,0.0,0.0
2026-01-25 17:47:04,clusterB,8,4,3,1,0.75,0.5,0.5,0.0,0.0,0.0
2026-01-25 17:47:09,clusterA,8,4,2,2,0.50,0.5,0.5,0.0,0.0,0.0
2026-01-25 17:47:09,clusterB,8,4,3,1,0.75,0.5,0.5,0.0,0.0,0.0
2026-01-25 17:47:14,clusterA,8,4,2,2,0.50,0.5,0.5,0.0,0.0,0.0
2026-01-25 17:47:14,clusterB,8,4,3,1,0.75,0.5,0.5,0.0,0.0,0.0
2026-01-25 17:47:19,clusterA,8,4,2,2,0.50,0.5,0.5,0.0,0.0,0.0
2026-01-25 17:47:19,clusterB,8,4,3,1,0.75,0.5,0.5,0.0,0.0,0.0
2026-01-25 17:47:25,clusterA,8,4,2,2,0.50,0.5,0.5,0.0,0.0,0.0
2026-01-25 17:47:25,clusterB,8,4,3,1,0.75,0.5,0.5,0.0,0.0,0.0
2026-01-25 17:47:30,clusterA,8,4,2,2,0.50,0.5,0.5,0.0,0.0,0.0
2026-01-25 17:47:30,clusterB,8,4,3,1,0.75,0.5,0.5,0.0,0.0,0.0
2026-01-25 17:47:35,clusterA,8,4,2,2,0.50,0.5,0.5,0.0,0.0,0.0
2026-01-25 17:47:35,clusterB,8,4,3,1,0.75,0.5,0.5,0.0,0.0,0.0
2026-01-25 17:47:40,clusterA,8,4,2,2,0.50,0.5,0.5,0.0,0.0,0.0
2026-01-25 17:47:40,clusterB,8,4,3,1,0.75,0.5,0.5,0.0,0.0,0.0
2026-01-25 17:47:45,clusterA,8,4,2,2,0.50,0.5,0.5,0.0,0.0,0.0
2026-01-25 17:47:45,clusterB,8,4,3,1,0.75,0.5,0.5,0.0,0.0,0.0
2026-01-25 17:47:50,clusterA,8,4,2,2,0.50,0.5,0.5,0.0,0.0,0.0
2026-01-25 17:47:50,clusterB,8,4,3,1,0.75,0.5,0.5,0.0,0.0,0.0
2026-01-25 17:47:56,clusterA,8,4,2,2,0.50,0.5,0.5,0.0,0.0,0.0
2026-01-25 17:47:56,clusterB,8,4,3,1,0.75,0.5,0.5,0.0,0.0,0.0
2026-01-25 17:48:01,clusterA,8,4,2,2,0.50,0.5,0.5,0.0,0.0,0.0
2026-01-25 17:48:01,clusterB,8,4,3,1,0.75,0.5,0.5,0.0,0.0,0.0
2026-01-25 17:48:06,clusterA,8,4,2,2,0.50,0.5,0.5,0.0,0.0,0.0
2026-01-25 17:48:06,clusterB,8,4,3,1,0.75,0.5,0.5,0.0,0.0,0.0
2026-01-25 17:48:11,clusterA,8,4,2,2,0.50,0.5,0.5,0.0,0.0,0.0
2026-01-25 17:48:11,clusterB,8,4,3,1,0.75,0.5,0.5,0.0,0.0,0.0
2026-01-25 17:48:16,clusterA,8,4,2,2,0.50,0.5,0.5,0.0,0.0,0.0
2026-01-25 17:48:16,clusterB,8,4,3,1,0.75,0.5,0.5,0.0,0.0,0.0
2026-01-25 17:48:22,clusterA,8,4,2,2,0.50,0.5,0.5,0.0,0.0,0.0
2026-01-25 17:48:22,clusterB,8,4,3,1,0.75,0.5,0.5,0.0,0.0,0.0
2026-01-25 17:48:27,clusterA,8,4,2,2,0.50,0.5,0.5,0.0,0.0,0.0
2026-01-25 17:48:27,clusterB,8,4,3,1,0.75,0.5,0.5,0.0,0.0,0.0
2026-01-25 17:48:32,clusterA,8,4,2,2,0.50,0.5,0.5,0.0,0.0,0.0
2026-01-25 17:48:32,clusterB,8,4,3,1,0.75,0.5,0.5,0.0,0.0,0.0
2026-01-25 17:48:37,clusterA,8,4,2,2,0.50,0.5,0.5,0.0,0.0,0.0
2026-01-25 17:48:37,clusterB,8,4,3,1,0.75,0.5,0.5,0.0,0.0,0.0
2026-01-25 17:48:42,clusterA,8,4,2,2,0.50,0.5,0.5,0.0,0.0,0.0
2026-01-25 17:48:42,clusterB,8,4,3,1,0.75,0.5,0.5,0.0,0.0,0.0
2026-01-25 17:48:47,clusterA,8,4,2,2,0.50,0.5,0.5,0.0,0.0,0.0
2026-01-25 17:48:47,clusterB,8,4,3,1,0.75,0.5,0.5,0.0,0.0,0.0
2026-01-25 17:48:53,clusterA,8,4,2,2,0.50,0.5,0.5,0.0,0.0,0.0
2026-01-25 17:48:53,clusterB,8,4,3,1,0.75,0.5,0.5,0.0,0.0,0.0
2026-01-25 17:48:58,clusterA,8,4,2,2,0.50,0.5,0.5,0.0,0.0,0.0
2026-01-25 17:48:58,clusterB,8,4,3,1,0.75,0.5,0.5,0.0,0.0,0.0
2026-01-25 17:49:03,clusterA,8,4,2,2,0.50,0.5,0.5,0.0,0.0,0.0
2026-01-25 17:49:03,clusterB,8,4,3,1,0.75,0.5,0.5,0.0,0.0,0.0
2026-01-25 17:49:08,clusterA,8,4,2,2,0.50,0.5,0.5,0.0,0.0,0.0
2026-01-25 17:49:08,clusterB,8,4,3,1,0.75,0.5,0.5,0.0,0.0,0.0
2026-01-25 17:49:13,clusterA,8,4,2,2,0.50,0.5,0.5,0.0,0.0,0.0
2026-01-25 17:49:13,clusterB,8,4,3,1,0.75,0.5,0.5,0.0,0.0,0.0
2026-01-25 17:49:19,clusterA,8,4,2,2,0.50,0.5,0.5,0.0,0.0,0.0
2026-01-25 17:49:19,clusterB,8,4,3,1,0.75,0.5,0.5,0.0,0.0,0.0
2026-01-25 17:49:24,clusterA,8,4,2,2,0.50,0.5,0.5,0.0,0.0,0.0
2026-01-25 17:49:24,clusterB,8,4,3,1,0.75,0.5,0.5,0.0,0.0,0.0
2026-01-25 17:49:29,clusterA,8,4,2,2,0.50,0.5,0.5,0.0,0.0,0.0
2026-01-25 17:49:29,clusterB,8,4,3,1,0.75,0.5,0.5,0.0,0.0,0.0
2026-01-25 17:49:34,clusterA,8,4,2,2,0.50,0.5,0.5,0.0,0.0,0.0
2026-01-25 17:49:34,clusterB,8,4,2,2,0.50,0.5,0.5,0.0,0.0,0.0
2026-01-25 17:49:39,clusterA,8,4,2,2,0.50,0.5,0.5,0.0,0.0,0.0
2026-01-25 17:49:39,clusterB,8,4,2,2,0.50,0.5,0.5,0.0,0.0,0.0
2026-01-25 17:49:45,clusterA,8,4,2,2,0.50,0.5,0.5,0.0,0.0,0.0
2026-01-25 17:49:45,clusterB,8,4,2,2,0.50,0.5,0.5,0.0,0.0,0.0
2026-01-25 17:49:50,clusterA,8,4,2,2,0.50,0.5,0.5,0.0,0.0,0.0
2026-01-25 17:49:50,clusterB,8,4,2,2,0.50,0.5,0.5,0.0,0.0,0.0
2026-01-25 17:49:55,clusterA,8,4,2,2,0.50,0.5,0.5,0.0,0.0,0.0
2026-01-25 17:49:55,clusterB,8,4,2,2,0.50,0.5,0.5,0.0,0.0,0.0
2026-01-25 17:50:00,clusterA,8,4,2,2,0.50,0.5,0.5,0.0,0.0,0.0
2026-01-25 17:50:00,clusterB,8,4,2,2,0.50,0.5,0.5,0.0,0.0,0.0
2026-01-25 17:50:05,clusterA,8,4,2,2,0.50,0.5,0.5,0.0,0.0,0.0
2026-01-25 17:50:05,clusterB,8,4,2,2,0.50,0.5,0.5,0.0,0.0,0.0
2026-01-25 17:50:10,clusterA,8,4,2,2,0.50,0.5,0.5,0.0,0.0,0.0
2026-01-25 17:50:10,clusterB,8,4,2,2,0.50,0.5,0.5,0.0,0.0,0.0
2026-01-25 17:50:15,clusterA,8,4,2,2,0.50,0.5,0.5,0.0,0.0,0.0
2026-01-25 17:50:15,clusterB,8,4,2,2,0.50,0.5,0.5,0.0,0.0,0.0
2026-01-25 17:50:21,clusterA,8,4,2,2,0.50,0.5,0.5,0.0,0.0,0.0
2026-01-25 17:50:21,clusterB,8,4,2,2,0.50,0.5,0.5,0.0,0.0,0.0
2026-01-25 17:50:26,clusterA,8,4,2,2,0.50,0.5,0.5,0.0,0.0,0.0
2026-01-25 17:50:26,clusterB,8,4,2,2,0.50,0.5,0.5,0.0,0.0,0.0
2026-01-25 17:50:31,clusterA,8,4,2,2,0.50,0.5,0.5,0.0,0.0,0.0
2026-01-25 17:50:31,clusterB,8,4,2,2,0.50,0.5,0.5,0.0,0.0,0.0
2026-01-25 17:50:36,clusterA,8,4,2,2,0.50,0.5,0.5,0.0,0.0,0.0
2026-01-25 17:50:36,clusterB,8,4,2,2,0.50,0.5,0.5,0.0,0.0,0.0
2026-01-25 17:50:41,clusterA,8,4,2,2,0.50,0.5,0.5,0.0,0.0,0.0
2026-01-25 17:50:41,clusterB,8,4,2,2,0.50,0.5,0.5,0.0,0.0,0.0
2026-01-25 17:50:46,clusterA,8,4,2,2,0.50,0.5,0.5,0.0,0.0,0.0
2026-01-25 17:50:46,clusterB,8,4,2,2,0.50,0.5,0.5,0.0,0.0,0.0
2026-01-25 17:50:51,clusterA,8,4,2,2,0.50,0.5,0.5,0.0,0.0,0.0
2026-01-25 17:50:51,clusterB,8,4,2,2,0.50,0.5,0.5,0.0,0.0,0.0
2026-01-25 17:50:57,clusterA,8,4,2,2,0.50,0.5,0.5,0.0,0.0,0.0
2026-01-25 17:50:57,clusterB,8,4,2,2,0.50,0.5,0.5,0.0,0.0,0.0
2026-01-25 17:51:02,clusterA,8,4,2,2,0.50,0.5,0.5,0.0,0.0,0.0
2026-01-25 17:51:02,clusterB,8,4,2,2,0.50,0.5,0.5,0.0,0.0,0.0
2026-01-25 17:51:07,clusterA,8,4,2,2,0.50,0.5,0.5,0.0,0.0,0.0
2026-01-25 17:51:07,clusterB,8,4,2,2,0.50,0.5,0.5,0.0,0.0,0.0
2026-01-25 17:51:12,clusterA,8,4,2,2,0.50,0.5,0.5,0.0,0.0,0.0
2026-01-25 17:51:12,clusterB,8,4,2,2,0.50,0.5,0.5,0.0,0.0,0.0
2026-01-25 17:51:17,clusterA,8,4,2,2,0.50,0.5,0.5,0.0,0.0,0.0
2026-01-25 17:51:17,clusterB,8,4,2,2,0.50,0.5,0.5,0.0,0.0,0.0
2026-01-25 17:51:22,clusterA,8,4,2,2,0.50,0.5,0.5,0.0,0.0,0.0
2026-01-25 17:51:22,clusterB,8,4,2,2,0.50,0.5,0.5,0.0,0.0,0.0
2026-01-25 17:51:27,clusterA,8,4,2,2,0.50,0.5,0.5,0.0,0.0,0.0
2026-01-25 17:51:27,clusterB,8,4,2,2,0.50,0.5,0.5,0.0,0.0,0.0
2026-01-25 17:51:33,clusterA,8,4,2,2,0.50,0.5,0.5,0.0,0.0,0.0
2026-01-25 17:51:33,clusterB,8,4,2,2,0.50,0.5,0.5,0.0,0.0,0.0
2026-01-25 17:51:38,clusterA,8,4,2,2,0.50,0.5,0.5,0.0,0.0,0.0
2026-01-25 17:51:38,clusterB,8,4,2,2,0.50,0.5,0.5,0.0,0.0,0.0
2026-01-25 17:51:43,clusterA,8,4,2,2,0.50,0.5,0.5,0.0,0.0,0.0
2026-01-25 17:51:43,clusterB,8,4,2,2,0.50,0.5,0.5,0.0,0.0,0.0
2026-01-25 17:51:48,clusterA,8,4,0,4,0.00,0.5,0.5,0.0,0.0,0.0
2026-01-25 17:51:48,clusterB,8,4,2,2,0.50,0.5,0.5,0.0,0.0,0.0
2026-01-25 17:51:54,clusterA,5,4,4,0,1.00,0.5,0.5,0.0,0.0,0.0
2026-01-25 17:51:54,clusterB,5,4,4,0,1.00,0.5,0.5,0.0,0.0,0.0
2026-01-25 17:51:59,clusterA,5,4,4,0,1.00,0.5,0.5,0.0,0.0,0.0
2026-01-25 17:51:59,clusterB,5,4,4,0,1.00,0.5,0.5,0.0,0.0,0.0
2026-01-25 17:52:04,clusterA,5,4,4,0,1.00,0.5,0.5,0.0,0.0,0.0
2026-01-25 17:52:04,clusterB,5,4,4,0,1.00,0.5,0.5,0.0,0.0,0.0
2026-01-25 17:52:09,clusterA,5,4,4,0,1.00,0.5,0.5,0.0,0.0,0.0
2026-01-25 17:52:09,clusterB,5,4,4,0,1.00,0.5,0.5,0.0,0.0,0.0
2026-01-25 17:52:15,clusterA,5,4,4,0,1.00,0.5,0.5,0.0,0.0,0.0
2026-01-25 17:52:15,clusterB,5,4,4,0,1.00,0.5,0.5,0.0,0.0,0.0
2026-01-25 17:52:20,clusterA,5,4,4,0,1.00,0.5,0.5,0.0,0.0,0.0
2026-01-25 17:52:20,clusterB,5,4,4,0,1.00,0.5,0.5,0.0,0.0,0.0
2026-01-25 17:52:25,clusterA,5,4,4,0,1.00,0.5,0.5,0.0,0.0,0.0
2026-01-25 17:52:25,clusterB,5,4,4,0,1.00,0.5,0.5,0.0,0.0,0.0
2026-01-25 17:52:30,clusterA,5,4,4,0,1.00,0.5,0.5,0.0,0.0,0.0
2026-01-25 17:52:30,clusterB,5,4,4,0,1.00,0.5,0.5,0.0,0.0,0.0
2026-01-25 17:52:36,clusterA,5,4,4,0,1.00,0.5,0.5,0.0,0.0,0.0
2026-01-25 17:52:36,clusterB,5,4,4,0,1.00,0.5,0.5,0.0,0.0,0.0
2026-01-25 17:52:41,clusterA,5,4,4,0,1.00,0.5,0.5,0.0,0.0,0.0
2026-01-25 17:52:41,clusterB,5,4,4,0,1.00,0.5,0.5,0.0,0.0,0.0
2026-01-25 17:52:46,clusterA,5,4,4,0,1.00,0.5,0.5,0.0,0.0,0.0
2026-01-25 17:52:46,clusterB,5,4,4,0,1.00,0.5,0.5,0.0,0.0,0.0
2026-01-25 17:52:51,clusterA,5,4,4,0,1.00,0.5,0.5,0.0,0.0,0.0
2026-01-25 17:52:51,clusterB,5,4,4,0,1.00,0.5,0.5,0.0,0.0,0.0
2026-01-25 17:52:57,clusterA,5,4,4,0,1.00,0.5,0.5,0.0,0.0,0.0
2026-01-25 17:52:57,clusterB,5,4,4,0,1.00,0.5,0.5,0.0,0.0,0.0
2026-01-25 17:53:02,clusterA,5,4,4,0,1.00,0.5,0.5,0.0,0.0,0.0
2026-01-25 17:53:02,clusterB,5,4,4,0,1.00,0.5,0.5,0.0,0.0,0.0
2026-01-25 17:53:07,clusterA,5,4,4,0,1.00,0.5,0.5,0.0,0.0,0.0
2026-01-25 17:53:07,clusterB,5,4,4,0,1.00,0.5,0.5,0.0,0.0,0.0
2026-01-25 17:53:12,clusterA,5,4,4,0,1.00,0.5,0.5,0.0,0.0,0.0
2026-01-25 17:53:12,clusterB,5,4,4,0,1.00,0.5,0.5,0.0,0.0,0.0
2026-01-25 17:53:18,clusterA,5,4,4,0,1.00,0.5,0.5,0.0,0.0,0.0
2026-01-25 17:53:18,clusterB,5,4,4,0,1.00,0.5,0.5,0.0,0.0,0.0
2026-01-25 17:53:23,clusterA,5,4,4,0,1.00,0.5,0.5,0.0,0.0,0.0
2026-01-25 17:53:23,clusterB,5,4,4,0,1.00,0.5,0.5,0.0,0.0,0.0
2026-01-25 17:53:28,clusterA,5,4,4,0,1.00,0.5,0.5,0.0,0.0,0.0
2026-01-25 17:53:28,clusterB,5,4,4,0,1.00,0.5,0.5,0.0,0.0,0.0
2026-01-25 17:53:33,clusterA,5,4,4,0,1.00,0.5,0.5,0.0,0.0,0.0
2026-01-25 17:53:33,clusterB,5,4,4,0,1.00,0.5,0.5,0.0,0.0,0.0
2026-01-25 17:53:38,clusterA,5,4,4,0,1.00,0.5,0.5,0.0,0.0,0.0
2026-01-25 17:53:38,clusterB,5,4,4,0,1.00,0.5,0.5,0.0,0.0,0.0
2026-01-25 17:53:44,clusterA,5,4,4,0,1.00,0.5,0.5,0.0,0.0,0.0
2026-01-25 17:53:44,clusterB,5,4,4,0,1.00,0.5,0.5,0.0,0.0,0.0
2026-01-25 17:53:49,clusterA,5,4,4,0,1.00,0.5,0.5,0.0,0.0,0.0
2026-01-25 17:53:49,clusterB,5,4,4,0,1.00,0.5,0.5,0.0,0.0,0.0
2026-01-25 17:53:54,clusterA,5,4,4,0,1.00,0.5,0.5,0.0,0.0,0.0
2026-01-25 17:53:54,clusterB,5,4,4,0,1.00,0.5,0.5,0.0,0.0,0.0
2026-01-25 17:53:59,clusterA,5,4,4,0,1.00,0.5,0.5,0.0,0.0,0.0
2026-01-25 17:53:59,clusterB,5,4,4,0,1.00,0.5,0.5,0.0,0.0,0.0
2026-01-25 17:54:05,clusterA,5,4,4,0,1.00,0.5,0.5,0.0,0.0,0.0
2026-01-25 17:54:05,clusterB,5,4,4,0,1.00,0.5,0.5,0.0,0.0,0.0
2026-01-25 17:54:10,clusterA,5,4,4,0,1.00,0.5,0.5,0.0,0.0,0.0
2026-01-25 17:54:10,clusterB,5,4,4,0,1.00,0.5,0.5,0.0,0.0,0.0
2026-01-25 17:54:15,clusterA,5,4,4,0,1.00,0.5,0.5,0.0,0.0,0.0
2026-01-25 17:54:15,clusterB,5,4,4,0,1.00,0.5,0.5,0.0,0.0,0.0
2026-01-25 17:54:20,clusterA,5,4,4,0,1.00,0.5,0.5,0.0,0.0,0.0
2026-01-25 17:54:20,clusterB,5,4,4,0,1.00,0.5,0.5,0.0,0.0,0.0
2026-01-25 17:54:25,clusterA,5,4,4,0,1.00,0.5,0.5,0.0,0.0,0.0
2026-01-25 17:54:25,clusterB,5,4,4,0,1.00,0.5,0.5,0.0,0.0,0.0
2026-01-25 17:54:31,clusterA,5,4,4,0,1.00,0.5,0.5,0.0,0.0,0.0
2026-01-25 17:54:31,clusterB,5,4,4,0,1.00,0.5,0.5,0.0,0.0,0.0
2026-01-25 17:54:36,clusterA,5,4,4,0,1.00,0.5,0.5,0.0,0.0,0.0
2026-01-25 17:54:36,clusterB,5,4,4,0,1.00,0.5,0.5,0.0,0.0,0.0
2026-01-25 17:54:41,clusterA,5,4,4,0,1.00,0.5,0.5,0.0,0.0,0.0
2026-01-25 17:54:41,clusterB,5,4,4,0,1.00,0.5,0.5,0.0,0.0,0.0
2026-01-25 17:54:46,clusterA,5,4,4,0,1.00,0.5,0.5,0.0,0.0,0.0
2026-01-25 17:54:46,clusterB,5,4,4,0,1.00,0.5,0.5,0.0,0.0,0.0
2026-01-25 17:54:52,clusterA,5,4,4,0,1.00,0.5,0.5,0.0,0.0,0.0
2026-01-25 17:54:52,clusterB,5,4,4,0,1.00,0.5,0.5,0.0,0.0,0.0
2026-01-25 17:54:57,clusterA,5,4,4,0,1.00,0.5,0.5,0.0,0.0,0.0
2026-01-25 17:54:57,clusterB,5,4,4,0,1.00,0.5,0.5,0.0,0.0,0.0
2026-01-25 17:55:02,clusterA,5,4,4,0,1.00,0.5,0.5,0.0,0.0,0.0
2026-01-25 17:55:02,clusterB,5,4,4,0,1.00,0.5,0.5,0.0,0.0,0.0
2026-01-25 17:55:07,clusterA,5,4,4,0,1.00,0.5,0.5,0.0,0.0,0.0
2026-01-25 17:55:07,clusterB,5,4,4,0,1.00,0.5,0.5,0.0,0.0,0.0
2026-01-25 17:55:13,clusterA,5,4,4,0,1.00,0.5,0.5,0.0,0.0,0.0
2026-01-25 17:55:13,clusterB,5,4,4,0,1.00,0.5,0.5,0.0,0.0,0.0
2026-01-25 17:55:18,clusterA,5,4,4,0,1.00,0.5,0.5,0.0,0.0,0.0
2026-01-25 17:55:18,clusterB,5,4,4,0,1.00,0.5,0.5,0.0,0.0,0.0
2026-01-25 17:55:23,clusterA,5,4,4,0,1.00,0.5,0.5,0.0,0.0,0.0
2026-01-25 17:55:23,clusterB,5,4,4,0,1.00,0.5,0.5,0.0,0.0,0.0
2026-01-25 17:55:28,clusterA,5,4,4,0,1.00,0.5,0.5,0.0,0.0,0.0
2026-01-25 17:55:28,clusterB,5,4,4,0,1.00,0.5,0.5,0.0,0.0,0.0
2026-01-25 17:55:33,clusterA,5,4,4,0,1.00,0.5,0.5,0.0,0.0,0.0
2026-01-25 17:55:33,clusterB,5,4,4,0,1.00,0.5,0.5,0.0,0.0,0.0
2026-01-25 17:55:39,clusterA,5,4,4,0,1.00,0.5,0.5,0.0,0.0,0.0
2026-01-25 17:55:39,clusterB,5,4,4,0,1.00,0.5,0.5,0.0,0.0,0.0
2026-01-25 17:55:44,clusterA,5,4,4,0,1.00,0.5,0.5,0.0,0.0,0.0
2026-01-25 17:55:44,clusterB,5,4,4,0,1.00,0.5,0.5,0.0,0.0,0.0
2026-01-25 17:55:49,clusterA,5,4,4,0,1.00,0.5,0.5,0.0,0.0,0.0
2026-01-25 17:55:49,clusterB,5,4,4,0,1.00,0.5,0.5,0.0,0.0,0.0
2026-01-25 17:55:54,clusterA,5,4,4,0,1.00,0.5,0.5,0.0,0.0,0.0
2026-01-25 17:55:54,clusterB,5,4,4,0,1.00,0.5,0.5,0.0,0.0,0.0
2026-01-25 17:56:00,clusterA,5,4,4,0,1.00,0.5,0.5,0.0,0.0,0.0
2026-01-25 17:56:00,clusterB,5,4,4,0,1.00,0.5,0.5,0.0,0.0,0.0
2026-01-25 17:56:05,clusterA,5,4,4,0,1.00,0.5,0.5,0.0,0.0,0.0
2026-01-25 17:56:05,clusterB,5,4,4,0,1.00,0.5,0.5,0.0,0.0,0.0
2026-01-25 17:56:10,clusterA,5,4,4,0,1.00,0.5,0.5,0.0,0.0,0.0
2026-01-25 17:56:10,clusterB,5,4,4,0,1.00,0.5,0.5,0.0,0.0,0.0
2026-01-25 17:56:15,clusterA,5,4,4,0,1.00,0.5,0.5,0.0,0.0,0.0
2026-01-25 17:56:15,clusterB,5,4,4,0,1.00,0.5,0.5,0.0,0.0,0.0
2026-01-25 17:56:21,clusterA,5,4,4,0,1.00,0.5,0.5,0.0,0.0,0.0
2026-01-25 17:56:21,clusterB,5,4,4,0,1.00,0.5,0.5,0.0,0.0,0.0
2026-01-25 17:56:26,clusterA,5,4,4,0,1.00,0.5,0.5,0.0,0.0,0.0
2026-01-25 17:56:26,clusterB,5,4,4,0,1.00,0.5,0.5,0.0,0.0,0.0
2026-01-25 17:56:31,clusterA,5,4,4,0,1.00,0.5,0.5,0.0,0.0,0.0
2026-01-25 17:56:31,clusterB,5,4,4,0,1.00,0.5,0.5,0.0,0.0,0.0
2026-01-25 17:56:36,clusterA,5,4,4,0,1.00,0.5,0.5,0.0,0.0,0.0
2026-01-25 17:56:36,clusterB,5,4,4,0,1.00,0.5,0.5,0.0,0.0,0.0
2026-01-25 17:56:41,clusterA,5,4,4,0,1.00,0.5,0.5,0.0,0.0,0.0
2026-01-25 17:56:41,clusterB,5,4,4,0,1.00,0.5,0.5,0.0,0.0,0.0
2026-01-25 17:56:47,clusterA,5,4,4,0,1.00,0.5,0.5,0.0,0.0,0.0
2026-01-25 17:56:47,clusterB,5,4,4,0,1.00,0.5,0.5,0.0,0.0,0.0
2026-01-25 17:56:52,clusterA,5,4,4,0,1.00,0.5,0.5,0.0,0.0,0.0
2026-01-25 17:56:52,clusterB,5,4,4,0,1.00,0.5,0.5,0.0,0.0,0.0
2026-01-25 17:56:57,clusterA,5,4,4,0,1.00,0.5,0.5,0.0,0.0,0.0
2026-01-25 17:56:57,clusterB,5,4,4,0,1.00,0.5,0.5,0.0,0.0,0.0
2026-01-25 17:57:02,clusterA,5,4,4,0,1.00,0.5,0.5,0.0,0.0,0.0
2026-01-25 17:57:02,clusterB,5,4,4,0,1.00,0.5,0.5,0.0,0.0,0.0
2026-01-25 17:57:08,clusterA,5,4,4,0,1.00,0.5,0.5,0.0,0.0,0.0
2026-01-25 17:57:08,clusterB,5,4,4,0,1.00,0.5,0.5,0.0,0.0,0.0
2026-01-25 17:57:13,clusterA,5,4,4,0,1.00,0.5,0.5,0.0,0.0,0.0
2026-01-25 17:57:13,clusterB,5,4,4,0,1.00,0.5,0.5,0.0,0.0,0.0
2026-01-25 17:57:18,clusterA,5,4,4,0,1.00,0.5,0.5,0.0,0.0,0.0
2026-01-25 17:57:18,clusterB,5,4,4,0,1.00,0.5,0.5,0.0,0.0,0.0
2026-01-25 17:57:23,clusterA,5,4,4,0,1.00,0.5,0.5,0.0,0.0,0.0
2026-01-25 17:57:23,clusterB,5,4,4,0,1.00,0.5,0.5,0.0,0.0,0.0
2026-01-25 17:57:29,clusterA,5,4,4,0,1.00,0.5,0.5,0.0,0.0,0.0
2026-01-25 17:57:29,clusterB,5,4,4,0,1.00,0.5,0.5,0.0,0.0,0.0
2026-01-25 17:57:34,clusterA,5,4,4,0,1.00,0.5,0.5,0.0,0.0,0.0
2026-01-25 17:57:34,clusterB,5,4,4,0,1.00,0.5,0.5,0.0,0.0,0.0
2026-01-25 17:57:39,clusterA,5,4,4,0,1.00,0.5,0.5,0.0,0.0,0.0
2026-01-25 17:57:39,clusterB,5,4,4,0,1.00,0.5,0.5,0.0,0.0,0.0
2026-01-25 17:57:44,clusterA,5,4,4,0,1.00,0.5,0.5,0.0,0.0,0.0
2026-01-25 17:57:44,clusterB,5,4,4,0,1.00,0.5,0.5,0.0,0.0,0.0
2026-01-25 17:57:49,clusterA,5,4,4,0,1.00,0.5,0.5,0.0,0.0,0.0
2026-01-25 17:57:49,clusterB,5,4,4,0,1.00,0.5,0.5,0.0,0.0,0.0
2026-01-25 17:57:55,clusterA,5,4,4,0,1.00,0.5,0.5,0.0,0.0,0.0
2026-01-25 17:57:55,clusterB,5,4,4,0,1.00,0.5,0.5,0.0,0.0,0.0
2026-01-25 17:58:00,clusterA,5,4,4,0,1.00,0.5,0.5,0.0,0.0,0.0
2026-01-25 17:58:00,clusterB,5,4,4,0,1.00,0.5,0.5,0.0,0.0,0.0
2026-01-25 17:58:05,clusterA,5,4,4,0,1.00,0.5,0.5,0.0,0.0,0.0
2026-01-25 17:58:05,clusterB,5,4,4,0,1.00,0.5,0.5,0.0,0.0,0.0
2026-01-25 17:58:10,clusterA,5,4,4,0,1.00,0.5,0.5,0.0,0.0,0.0
2026-01-25 17:58:10,clusterB,5,4,4,0,1.00,0.5,0.5,0.0,0.0,0.0
2026-01-25 17:58:16,clusterA,5,4,4,0,1.00,0.5,0.5,0.0,0.0,0.0
2026-01-25 17:58:16,clusterB,5,4,4,0,1.00,0.5,0.5,0.0,0.0,0.0
2026-01-25 17:58:21,clusterA,5,4,4,0,1.00,0.5,0.5,0.0,0.0,0.0
2026-01-25 17:58:21,clusterB,5,4,4,0,1.00,0.5,0.5,0.0,0.0,0.0
2026-01-25 17:58:26,clusterA,5,4,4,0,1.00,0.5,0.5,0.0,0.0,0.0
2026-01-25 17:58:26,clusterB,5,4,4,0,1.00,0.5,0.5,0.0,0.0,0.0
2026-01-25 17:58:31,clusterA,5,4,4,0,1.00,0.5,0.5,0.0,0.0,0.0
2026-01-25 17:58:31,clusterB,5,4,4,0,1.00,0.5,0.5,0.0,0.0,0.0
2026-01-25 17:58:36,clusterA,5,4,4,0,1.00,0.5,0.5,0.0,0.0,0.0
2026-01-25 17:58:36,clusterB,5,4,4,0,1.00,0.5,0.5,0.0,0.0,0.0
2026-01-25 17:58:42,clusterA,5,4,4,0,1.00,0.5,0.5,0.0,0.0,0.0
2026-01-25 17:58:42,clusterB,5,4,4,0,1.00,0.5,0.5,0.0,0.0,0.0
2026-01-25 17:58:47,clusterA,5,4,4,0,1.00,0.5,0.5,0.0,0.0,0.0
2026-01-25 17:58:47,clusterB,5,4,4,0,1.00,0.5,0.5,0.0,0.0,0.0
2026-01-25 17:58:52,clusterA,5,4,4,0,1.00,0.5,0.5,0.0,0.0,0.0
2026-01-25 17:58:52,clusterB,5,4,4,0,1.00,0.5,0.5,0.0,0.0,0.0
2026-01-25 17:58:57,clusterA,5,4,4,0,1.00,0.5,0.5,0.0,0.0,0.0
2026-01-25 17:58:57,clusterB,5,4,4,0,1.00,0.5,0.5,0.0,0.0,0.0
2026-01-25 17:59:03,clusterA,5,4,4,0,1.00,0.5,0.5,0.0,0.0,0.0
2026-01-25 17:59:03,clusterB,5,4,4,0,1.00,0.5,0.5,0.0,0.0,0.0
2026-01-25 17:59:08,clusterA,5,4,4,0,1.00,0.5,0.5,0.0,0.0,0.0
2026-01-25 17:59:08,clusterB,5,4,4,0,1.00,0.5,0.5,0.0,0.0,0.0
2026-01-25 17:59:13,clusterA,5,4,4,0,1.00,0.5,0.5,0.0,0.0,0.0
2026-01-25 17:59:13,clusterB,5,4,4,0,1.00,0.5,0.5,0.0,0.0,0.0
2026-01-25 17:59:18,clusterA,5,4,4,0,1.00,0.5,0.5,0.0,0.0,0.0
2026-01-25 17:59:18,clusterB,5,4,4,0,1.00,0.5,0.5,0.0,0.0,0.0
2026-01-25 17:59:24,clusterA,5,4,4,0,1.00,0.5,0.5,0.0,0.0,0.0
2026-01-25 17:59:24,clusterB,5,4,4,0,1.00,0.5,0.5,0.0,0.0,0.0
2026-01-25 17:59:29,clusterA,5,4,4,0,1.00,0.5,0.5,0.0,0.0,0.0
2026-01-25 17:59:29,clusterB,5,4,4,0,1.00,0.5,0.5,0.0,0.0,0.0
2026-01-25 17:59:34,clusterA,5,4,4,0,1.00,0.5,0.5,0.0,0.0,0.0
2026-01-25 17:59:34,clusterB,5,4,4,0,1.00,0.5,0.5,0.0,0.0,0.0
2026-01-25 17:59:39,clusterA,5,4,4,0,1.00,0.5,0.5,0.0,0.0,0.0
2026-01-25 17:59:39,clusterB,5,4,4,0,1.00,0.5,0.5,0.0,0.0,0.0
2026-01-25 17:59:44,clusterA,5,4,4,0,1.00,0.5,0.5,0.0,0.0,0.0
2026-01-25 17:59:44,clusterB,5,4,4,0,1.00,0.5,0.5,0.0,0.0,0.0
2026-01-25 17:59:50,clusterA,5,4,4,0,1.00,0.5,0.5,0.0,0.0,0.0
2026-01-25 17:59:50,clusterB,5,4,4,0,1.00,0.5,0.5,0.0,0.0,0.0
2026-01-25 17:59:55,clusterA,5,4,4,0,1.00,0.5,0.5,0.0,0.0,0.0
2026-01-25 17:59:55,clusterB,5,4,4,0,1.00,0.5,0.5,0.0,0.0,0.0
2026-01-25 18:00:00,clusterA,5,4,4,0,1.00,0.5,0.5,0.0,0.0,0.0
2026-01-25 18:00:00,clusterB,5,4,4,0,1.00,0.5,0.5,0.0,0.0,0.0
2026-01-25 18:00:05,clusterA,5,4,4,0,1.00,0.5,0.5,0.0,0.0,0.0
2026-01-25 18:00:05,clusterB,5,4,4,0,1.00,0.5,0.5,0.0,0.0,0.0
2026-01-25 18:00:11,clusterA,5,4,4,0,1.00,0.5,0.5,0.0,0.0,0.0
2026-01-25 18:00:11,clusterB,5,4,4,0,1.00,0.5,0.5,0.0,0.0,0.0
2026-01-25 18:00:16,clusterA,5,4,4,0,1.00,0.5,0.5,0.0,0.0,0.0
2026-01-25 18:00:16,clusterB,5,4,4,0,1.00,0.5,0.5,0.0,0.0,0.0
2026-01-25 18:00:21,clusterA,5,4,4,0,1.00,0.5,0.5,0.0,0.0,0.0
2026-01-25 18:00:21,clusterB,5,4,4,0,1.00,0.5,0.5,0.0,0.0,0.0
2026-01-25 18:00:26,clusterA,5,4,4,0,1.00,0.5,0.5,0.0,0.0,0.0
2026-01-25 18:00:26,clusterB,5,4,4,0,1.00,0.5,0.5,0.0,0.0,0.0
2026-01-25 18:00:32,clusterA,5,4,4,0,1.00,0.5,0.5,0.0,0.0,0.0
2026-01-25 18:00:32,clusterB,5,4,4,0,1.00,0.5,0.5,0.0,0.0,0.0
2026-01-25 18:00:37,clusterA,5,4,4,0,1.00,0.5,0.5,0.0,0.0,0.0
2026-01-25 18:00:37,clusterB,5,4,4,0,1.00,0.5,0.5,0.0,0.0,0.0
2026-01-25 18:00:42,clusterA,5,4,4,0,1.00,0.5,0.5,0.0,0.0,0.0
2026-01-25 18:00:42,clusterB,5,4,4,0,1.00,0.5,0.5,0.0,0.0,0.0
2026-01-25 18:00:47,clusterA,5,4,4,0,1.00,0.5,0.5,0.0,0.0,0.0
2026-01-25 18:00:47,clusterB,5,4,4,0,1.00,0.5,0.5,0.0,0.0,0.0
2026-01-25 18:00:52,clusterA,5,4,4,0,1.00,0.5,0.5,0.0,0.0,0.0
2026-01-25 18:00:52,clusterB,5,4,4,0,1.00,0.5,0.5,0.0,0.0,0.0
2026-01-25 18:00:58,clusterA,5,4,4,0,1.00,0.5,0.5,0.0,0.0,0.0
2026-01-25 18:00:58,clusterB,5,4,4,0,1.00,0.5,0.5,0.0,0.0,0.0
2026-01-25 18:01:03,clusterA,5,4,4,0,1.00,0.5,0.5,0.0,0.0,0.0
2026-01-25 18:01:03,clusterB,5,4,4,0,1.00,0.5,0.5,0.0,0.0,0.0
2026-01-25 18:01:08,clusterA,5,4,4,0,1.00,0.5,0.5,0.0,0.0,0.0
2026-01-25 18:01:08,clusterB,5,4,4,0,1.00,0.5,0.5,0.0,0.0,0.0
2026-01-25 18:01:13,clusterA,5,4,4,0,1.00,0.5,0.5,0.0,0.0,0.0
2026-01-25 18:01:13,clusterB,5,4,4,0,1.00,0.5,0.5,0.0,0.0,0.0
2026-01-25 18:01:19,clusterA,5,4,4,0,1.00,0.5,0.5,0.0,0.0,0.0
2026-01-25 18:01:19,clusterB,5,4,4,0,1.00,0.5,0.5,0.0,0.0,0.0
2026-01-25 18:01:24,clusterA,5,4,4,0,1.00,0.5,0.5,0.0,0.0,0.0
2026-01-25 18:01:24,clusterB,5,4,4,0,1.00,0.5,0.5,0.0,0.0,0.0
2026-01-25 18:01:29,clusterA,5,4,4,0,1.00,0.5,0.5,0.0,0.0,0.0
2026-01-25 18:01:29,clusterB,5,4,4,0,1.00,0.5,0.5,0.0,0.0,0.0
2026-01-25 18:01:34,clusterA,5,4,4,0,1.00,0.5,0.5,0.0,0.0,0.0
2026-01-25 18:01:34,clusterB,5,4,4,0,1.00,0.5,0.5,0.0,0.0,0.0
2026-01-25 18:01:40,clusterA,5,4,4,0,1.00,0.5,0.5,0.0,0.0,0.0
2026-01-25 18:01:40,clusterB,5,4,4,0,1.00,0.5,0.5,0.0,0.0,0.0
2026-01-25 18:01:45,clusterA,5,4,4,0,1.00,0.5,0.5,0.0,0.0,0.0
2026-01-25 18:01:45,clusterB,5,4,4,0,1.00,0.5,0.5,0.0,0.0,0.0
2026-01-25 18:01:50,clusterA,5,4,4,0,1.00,0.5,0.5,0.0,0.0,0.0
2026-01-25 18:01:50,clusterB,5,4,4,0,1.00,0.5,0.5,0.0,0.0,0.0
2026-01-25 18:01:55,clusterA,5,4,4,0,1.00,0.5,0.5,0.0,0.0,0.0
2026-01-25 18:01:55,clusterB,5,4,4,0,1.00,0.5,0.5,0.0,0.0,0.0
2026-01-25 18:02:01,clusterA,5,4,4,0,1.00,0.5,0.5,0.0,0.0,0.0
2026-01-25 18:02:01,clusterB,5,4,4,0,1.00,0.5,0.5,0.0,0.0,0.0
2026-01-25 18:02:06,clusterA,5,4,4,0,1.00,0.5,0.5,0.0,0.0,0.0
2026-01-25 18:02:06,clusterB,5,4,4,0,1.00,0.5,0.5,0.0,0.0,0.0
2026-01-25 18:02:11,clusterA,5,4,4,0,1.00,0.5,0.5,0.0,0.0,0.0
2026-01-25 18:02:11,clusterB,5,4,3,1,0.75,0.5,0.5,0.0,0.0,0.0
2026-01-25 18:02:16,clusterA,4,4,4,0,1.00,0.5,0.5,0.0,0.0,0.0
2026-01-25 18:02:16,clusterB,4,4,4,0,1.00,0.5,0.5,0.0,0.0,0.0
2026-01-25 18:02:22,clusterA,4,4,4,0,1.00,0.5,0.5,0.0,0.0,0.0
2026-01-25 18:02:22,clusterB,4,4,4,0,1.00,0.5,0.5,0.0,0.0,0.0
2026-01-25 18:02:27,clusterA,4,4,4,0,1.00,0.5,0.5,0.0,0.0,0.0
2026-01-25 18:02:27,clusterB,4,4,4,0,1.00,0.5,0.5,0.0,0.0,0.0
2026-01-25 18:02:32,clusterA,4,4,4,0,1.00,0.5,0.5,0.0,0.0,0.0
2026-01-25 18:02:32,clusterB,4,4,4,0,1.00,0.5,0.5,0.0,0.0,0.0
2026-01-25 18:02:37,clusterA,4,4,4,0,1.00,0.5,0.5,0.0,0.0,0.0
2026-01-25 18:02:37,clusterB,4,4,4,0,1.00,0.5,0.5,0.0,0.0,0.0
2026-01-25 18:02:43,clusterA,4,4,4,0,1.00,0.5,0.5,0.0,0.0,0.0
2026-01-25 18:02:43,clusterB,4,4,4,0,1.00,0.5,0.5,0.0,0.0,0.0
2026-01-25 18:02:48,clusterA,4,4,4,0,1.00,0.5,0.5,0.0,0.0,0.0
2026-01-25 18:02:48,clusterB,4,4,4,0,1.00,0.5,0.5,0.0,0.0,0.0
2026-01-25 18:02:53,clusterA,4,4,4,0,1.00,0.5,0.5,0.0,0.0,0.0
2026-01-25 18:02:53,clusterB,4,4,4,0,1.00,0.5,0.5,0.0,0.0,0.0
2026-01-25 18:02:58,clusterA,4,4,4,0,1.00,0.5,0.5,0.0,0.0,0.0
2026-01-25 18:02:58,clusterB,4,4,4,0,1.00,0.5,0.5,0.0,0.0,0.0
2026-01-25 18:03:03,clusterA,4,4,4,0,1.00,0.5,0.5,0.0,0.0,0.0
2026-01-25 18:03:03,clusterB,4,4,4,0,1.00,0.5,0.5,0.0,0.0,0.0
2026-01-25 18:03:09,clusterA,4,4,4,0,1.00,0.5,0.5,0.0,0.0,0.0
2026-01-25 18:03:09,clusterB,4,4,4,0,1.00,0.5,0.5,0.0,0.0,0.0
2026-01-25 18:03:14,clusterA,4,4,4,0,1.00,0.5,0.5,0.0,0.0,0.0
2026-01-25 18:03:14,clusterB,4,4,4,0,1.00,0.5,0.5,0.0,0.0,0.0
2026-01-25 18:03:19,clusterA,4,4,4,0,1.00,0.5,0.5,0.0,0.0,0.0
2026-01-25 18:03:19,clusterB,4,4,4,0,1.00,0.5,0.5,0.0,0.0,0.0
2026-01-25 18:03:24,clusterA,4,4,4,0,1.00,0.5,0.5,0.0,0.0,0.0
2026-01-25 18:03:24,clusterB,4,4,4,0,1.00,0.5,0.5,0.0,0.0,0.0
2026-01-25 18:03:30,clusterA,4,4,4,0,1.00,0.5,0.5,0.0,0.0,0.0
2026-01-25 18:03:30,clusterB,4,4,4,0,1.00,0.5,0.5,0.0,0.0,0.0
2026-01-25 18:03:35,clusterA,4,4,4,0,1.00,0.5,0.5,0.0,0.0,0.0
2026-01-25 18:03:35,clusterB,4,4,4,0,1.00,0.5,0.5,0.0,0.0,0.0
2026-01-25 18:03:40,clusterA,4,4,4,0,1.00,0.5,0.5,0.0,0.0,0.0
2026-01-25 18:03:40,clusterB,4,4,4,0,1.00,0.5,0.5,0.0,0.0,0.0
2026-01-25 18:03:45,clusterA,4,4,4,0,1.00,0.5,0.5,0.0,0.0,0.0
2026-01-25 18:03:45,clusterB,4,4,4,0,1.00,0.5,0.5,0.0,0.0,0.0
2026-01-25 18:03:51,clusterA,4,4,4,0,1.00,0.5,0.5,0.0,0.0,0.0
2026-01-25 18:03:51,clusterB,4,4,4,0,1.00,0.5,0.5,0.0,0.0,0.0
2026-01-25 18:03:56,clusterA,4,4,4,0,1.00,0.5,0.5,0.0,0.0,0.0
2026-01-25 18:03:56,clusterB,4,4,4,0,1.00,0.5,0.5,0.0,0.0,0.0
2026-01-25 18:04:01,clusterA,4,4,4,0,1.00,0.5,0.5,0.0,0.0,0.0
2026-01-25 18:04:01,clusterB,4,4,4,0,1.00,0.5,0.5,0.0,0.0,0.0
2026-01-25 18:04:06,clusterA,4,4,4,0,1.00,0.5,0.5,0.0,0.0,0.0
2026-01-25 18:04:06,clusterB,4,4,4,0,1.00,0.5,0.5,0.0,0.0,0.0
2026-01-25 18:04:11,clusterA,4,4,4,0,1.00,0.5,0.5,0.0,0.0,0.0
2026-01-25 18:04:11,clusterB,4,4,4,0,1.00,0.5,0.5,0.0,0.0,0.0
2026-01-25 18:04:17,clusterA,4,4,4,0,1.00,0.5,0.5,0.0,0.0,0.0
2026-01-25 18:04:17,clusterB,4,4,4,0,1.00,0.5,0.5,0.0,0.0,0.0
2026-01-25 18:04:22,clusterA,4,4,4,0,1.00,0.5,0.5,0.0,0.0,0.0
2026-01-25 18:04:22,clusterB,4,4,4,0,1.00,0.5,0.5,0.0,0.0,0.0
2026-01-25 18:04:27,clusterA,4,4,4,0,1.00,0.5,0.5,0.0,0.0,0.0
2026-01-25 18:04:27,clusterB,4,4,4,0,1.00,0.5,0.5,0.0,0.0,0.0
2026-01-25 18:04:32,clusterA,4,4,4,0,1.00,0.5,0.5,0.0,0.0,0.0
2026-01-25 18:04:32,clusterB,4,4,4,0,1.00,0.5,0.5,0.0,0.0,0.0
2026-01-25 18:04:38,clusterA,4,4,4,0,1.00,0.5,0.5,0.0,0.0,0.0
2026-01-25 18:04:38,clusterB,4,4,4,0,1.00,0.5,0.5,0.0,0.0,0.0
2026-01-25 18:04:43,clusterA,4,4,4,0,1.00,0.5,0.5,0.0,0.0,0.0
2026-01-25 18:04:43,clusterB,4,4,4,0,1.00,0.5,0.5,0.0,0.0,0.0
2026-01-25 18:04:48,clusterA,4,4,4,0,1.00,0.5,0.5,0.0,0.0,0.0
2026-01-25 18:04:48,clusterB,4,4,3,1,0.75,0.5,0.5,0.0,0.0,0.0
2026-01-25 18:04:54,clusterA,3,4,4,0,1.00,0.5,0.5,0.0,0.0,0.0
2026-01-25 18:04:54,clusterB,3,4,4,0,1.00,0.5,0.5,0.0,0.0,0.0
2026-01-25 18:04:59,clusterA,3,4,4,0,1.00,0.5,0.5,0.0,0.0,0.0
2026-01-25 18:04:59,clusterB,3,4,4,0,1.00,0.5,0.5,0.0,0.0,0.0
2026-01-25 18:05:04,clusterA,3,4,4,0,1.00,0.5,0.5,0.0,0.0,0.0
2026-01-25 18:05:04,clusterB,3,4,4,0,1.00,0.5,0.5,0.0,0.0,0.0
2026-01-25 18:05:09,clusterA,3,4,4,0,1.00,0.5,0.5,0.0,0.0,0.0
2026-01-25 18:05:09,clusterB,3,4,4,0,1.00,0.5,0.5,0.0,0.0,0.0
2026-01-25 18:05:15,clusterA,3,4,4,0,1.00,0.5,0.5,0.0,0.0,0.0
2026-01-25 18:05:15,clusterB,3,4,4,0,1.00,0.5,0.5,0.0,0.0,0.0
2026-01-25 18:05:20,clusterA,3,4,4,0,1.00,0.5,0.5,0.0,0.0,0.0
2026-01-25 18:05:20,clusterB,3,4,4,0,1.00,0.5,0.5,0.0,0.0,0.0
2026-01-25 18:05:25,clusterA,3,4,4,0,1.00,0.5,0.5,0.0,0.0,0.0
2026-01-25 18:05:25,clusterB,3,4,4,0,1.00,0.5,0.5,0.0,0.0,0.0
2026-01-25 18:05:30,clusterA,3,4,4,0,1.00,0.5,0.5,0.0,0.0,0.0
2026-01-25 18:05:30,clusterB,3,4,4,0,1.00,0.5,0.5,0.0,0.0,0.0
2026-01-25 18:05:36,clusterA,3,4,4,0,1.00,0.5,0.5,0.0,0.0,0.0
2026-01-25 18:05:36,clusterB,3,4,4,0,1.00,0.5,0.5,0.0,0.0,0.0
2026-01-25 18:05:41,clusterA,3,4,4,0,1.00,0.5,0.5,0.0,0.0,0.0
2026-01-25 18:05:41,clusterB,3,4,4,0,1.00,0.5,0.5,0.0,0.0,0.0
2026-01-25 18:05:46,clusterA,3,4,4,0,1.00,0.5,0.5,0.0,0.0,0.0
2026-01-25 18:05:46,clusterB,3,4,4,0,1.00,0.5,0.5,0.0,0.0,0.0
2026-01-25 18:05:51,clusterA,3,4,4,0,1.00,0.5,0.5,0.0,0.0,0.0
2026-01-25 18:05:51,clusterB,3,4,4,0,1.00,0.5,0.5,0.0,0.0,0.0
2026-01-25 18:05:56,clusterA,3,4,4,0,1.00,0.5,0.5,0.0,0.0,0.0
2026-01-25 18:05:56,clusterB,3,4,4,0,1.00,0.5,0.5,0.0,0.0,0.0
2026-01-25 18:06:02,clusterA,3,4,4,0,1.00,0.5,0.5,0.0,0.0,0.0
2026-01-25 18:06:02,clusterB,3,4,4,0,1.00,0.5,0.5,0.0,0.0,0.0
2026-01-25 18:06:07,clusterA,3,4,4,0,1.00,0.5,0.5,0.0,0.0,0.0
2026-01-25 18:06:07,clusterB,3,4,4,0,1.00,0.5,0.5,0.0,0.0,0.0
2026-01-25 18:06:12,clusterA,3,4,4,0,1.00,0.5,0.5,0.0,0.0,0.0
2026-01-25 18:06:12,clusterB,3,4,4,0,1.00,0.5,0.5,0.0,0.0,0.0
2026-01-25 18:06:17,clusterA,3,4,4,0,1.00,0.5,0.5,0.0,0.0,0.0
2026-01-25 18:06:17,clusterB,3,4,4,0,1.00,0.5,0.5,0.0,0.0,0.0
2026-01-25 18:06:22,clusterA,3,4,4,0,1.00,0.5,0.5,0.0,0.0,0.0
2026-01-25 18:06:22,clusterB,3,4,4,0,1.00,0.5,0.5,0.0,0.0,0.0
2026-01-25 18:06:28,clusterA,3,4,4,0,1.00,0.5,0.5,0.0,0.0,0.0
2026-01-25 18:06:28,clusterB,3,4,4,0,1.00,0.5,0.5,0.0,0.0,0.0
2026-01-25 18:06:33,clusterA,3,4,4,0,1.00,0.5,0.5,0.0,0.0,0.0
2026-01-25 18:06:33,clusterB,3,4,4,0,1.00,0.5,0.5,0.0,0.0,0.0
2026-01-25 18:06:38,clusterA,3,4,4,0,1.00,0.5,0.5,0.0,0.0,0.0
2026-01-25 18:06:38,clusterB,3,4,4,0,1.00,0.5,0.5,0.0,0.0,0.0
2026-01-25 18:06:43,clusterA,3,4,4,0,1.00,0.5,0.5,0.0,0.0,0.0
2026-01-25 18:06:43,clusterB,3,4,4,0,1.00,0.5,0.5,0.0,0.0,0.0
2026-01-25 18:06:49,clusterA,3,4,4,0,1.00,0.5,0.5,0.0,0.0,0.0
2026-01-25 18:06:49,clusterB,3,4,4,0,1.00,0.5,0.5,0.0,0.0,0.0
2026-01-25 18:06:54,clusterA,3,4,4,0,1.00,0.5,0.5,0.0,0.0,0.0
2026-01-25 18:06:54,clusterB,3,4,4,0,1.00,0.5,0.5,0.0,0.0,0.0
2026-01-25 18:06:59,clusterA,3,4,4,0,1.00,0.5,0.5,0.0,0.0,0.0
2026-01-25 18:06:59,clusterB,3,4,4,0,1.00,0.5,0.5,0.0,0.0,0.0
2026-01-25 18:07:04,clusterA,3,4,4,0,1.00,0.5,0.5,0.0,0.0,0.0
2026-01-25 18:07:04,clusterB,3,4,4,0,1.00,0.5,0.5,0.0,0.0,0.0
2026-01-25 18:07:10,clusterA,3,4,4,0,1.00,0.5,0.5,0.0,0.0,0.0
2026-01-25 18:07:10,clusterB,3,4,4,0,1.00,0.5,0.5,0.0,0.0,0.0
2026-01-25 18:07:15,clusterA,3,4,4,0,1.00,0.5,0.5,0.0,0.0,0.0
2026-01-25 18:07:15,clusterB,3,4,4,0,1.00,0.5,0.5,0.0,0.0,0.0
2026-01-25 18:07:20,clusterA,3,4,4,0,1.00,0.5,0.5,0.0,0.0,0.0
2026-01-25 18:07:20,clusterB,3,4,4,0,1.00,0.5,0.5,0.0,0.0,0.0
2026-01-25 18:07:25,clusterA,3,4,4,0,1.00,0.5,0.5,0.0,0.0,0.0
2026-01-25 18:07:25,clusterB,3,4,4,0,1.00,0.5,0.5,0.0,0.0,0.0
2026-01-25 18:07:30,clusterA,3,4,4,0,1.00,0.5,0.5,0.0,0.0,0.0
2026-01-25 18:07:30,clusterB,3,4,4,0,1.00,0.5,0.5,0.0,0.0,0.0
2026-01-25 18:07:36,clusterA,3,4,4,0,1.00,0.5,0.5,0.0,0.0,0.0
2026-01-25 18:07:36,clusterB,3,4,4,0,1.00,0.5,0.5,0.0,0.0,0.0
2026-01-25 18:07:41,clusterA,3,4,4,0,1.00,0.5,0.5,0.0,0.0,0.0
2026-01-25 18:07:41,clusterB,3,4,4,0,1.00,0.5,0.5,0.0,0.0,0.0
2026-01-25 18:07:46,clusterA,3,4,4,0,1.00,0.5,0.5,0.0,0.0,0.0
2026-01-25 18:07:46,clusterB,3,4,4,0,1.00,0.5,0.5,0.0,0.0,0.0
2026-01-25 18:07:51,clusterA,3,4,4,0,1.00,0.5,0.5,0.0,0.0,0.0
2026-01-25 18:07:51,clusterB,3,4,4,0,1.00,0.5,0.5,0.0,0.0,0.0
2026-01-25 18:07:57,clusterA,3,4,4,0,1.00,0.5,0.5,0.0,0.0,0.0
2026-01-25 18:07:57,clusterB,3,4,4,0,1.00,0.5,0.5,0.0,0.0,0.0
2026-01-25 18:08:02,clusterA,3,4,4,0,1.00,0.5,0.5,0.0,0.0,0.0
2026-01-25 18:08:02,clusterB,3,4,4,0,1.00,0.5,0.5,0.0,0.0,0.0
2026-01-25 18:08:07,clusterA,3,4,4,0,1.00,0.5,0.5,0.0,0.0,0.0
2026-01-25 18:08:07,clusterB,3,4,4,0,1.00,0.5,0.5,0.0,0.0,0.0
2026-01-25 18:08:12,clusterA,3,4,4,0,1.00,0.5,0.5,0.0,0.0,0.0
2026-01-25 18:08:12,clusterB,3,4,4,0,1.00,0.5,0.5,0.0,0.0,0.0
2026-01-25 18:08:18,clusterA,3,4,4,0,1.00,0.5,0.5,0.0,0.0,0.0
2026-01-25 18:08:18,clusterB,3,4,4,0,1.00,0.5,0.5,0.0,0.0,0.0
2026-01-25 18:08:23,clusterA,3,4,4,0,1.00,0.5,0.5,0.0,0.0,0.0
2026-01-25 18:08:23,clusterB,3,4,4,0,1.00,0.5,0.5,0.0,0.0,0.0
2026-01-25 18:08:28,clusterA,3,4,4,0,1.00,0.5,0.5,0.0,0.0,0.0
2026-01-25 18:08:28,clusterB,3,4,4,0,1.00,0.5,0.5,0.0,0.0,0.0
2026-01-25 18:08:33,clusterA,3,4,4,0,1.00,0.5,0.5,0.0,0.0,0.0
2026-01-25 18:08:33,clusterB,3,4,4,0,1.00,0.5,0.5,0.0,0.0,0.0
2026-01-25 18:08:38,clusterA,3,4,4,0,1.00,0.5,0.5,0.0,0.0,0.0
2026-01-25 18:08:38,clusterB,3,4,4,0,1.00,0.5,0.5,0.0,0.0,0.0
2026-01-25 18:08:44,clusterA,3,4,4,0,1.00,0.5,0.5,0.0,0.0,0.0
2026-01-25 18:08:44,clusterB,3,4,4,0,1.00,0.5,0.5,0.0,0.0,0.0
2026-01-25 18:08:49,clusterA,3,4,4,0,1.00,0.5,0.5,0.0,0.0,0.0
2026-01-25 18:08:49,clusterB,3,4,4,0,1.00,0.5,0.5,0.0,0.0,0.0
2026-01-25 18:08:54,clusterA,3,4,4,0,1.00,0.5,0.5,0.0,0.0,0.0
2026-01-25 18:08:54,clusterB,3,4,4,0,1.00,0.5,0.5,0.0,0.0,0.0
2026-01-25 18:08:59,clusterA,3,4,4,0,1.00,0.5,0.5,0.0,0.0,0.0
2026-01-25 18:08:59,clusterB,3,4,4,0,1.00,0.5,0.5,0.0,0.0,0.0
2026-01-25 18:09:05,clusterA,3,4,4,0,1.00,0.5,0.5,0.0,0.0,0.0
2026-01-25 18:09:05,clusterB,3,4,4,0,1.00,0.5,0.5,0.0,0.0,0.0
2026-01-25 18:09:10,clusterA,3,4,4,0,1.00,0.5,0.5,0.0,0.0,0.0
2026-01-25 18:09:10,clusterB,3,4,4,0,1.00,0.5,0.5,0.0,0.0,0.0
2026-01-25 18:09:15,clusterA,3,4,4,0,1.00,0.5,0.5,0.0,0.0,0.0
2026-01-25 18:09:15,clusterB,3,4,4,0,1.00,0.5,0.5,0.0,0.0,0.0
2026-01-25 18:09:20,clusterA,3,4,4,0,1.00,0.5,0.5,0.0,0.0,0.0
2026-01-25 18:09:20,clusterB,3,4,4,0,1.00,0.5,0.5,0.0,0.0,0.0
2026-01-25 18:09:26,clusterA,3,4,4,0,1.00,0.5,0.5,0.0,0.0,0.0
2026-01-25 18:09:26,clusterB,3,4,4,0,1.00,0.5,0.5,0.0,0.0,0.0
2026-01-25 18:09:31,clusterA,3,4,4,0,1.00,0.5,0.5,0.0,0.0,0.0
2026-01-25 18:09:31,clusterB,3,4,4,0,1.00,0.5,0.5,0.0,0.0,0.0
2026-01-25 18:09:36,clusterA,3,4,4,0,1.00,0.5,0.5,0.0,0.0,0.0
2026-01-25 18:09:36,clusterB,3,4,4,0,1.00,0.5,0.5,0.0,0.0,0.0
2026-01-25 18:09:41,clusterA,3,4,4,0,1.00,0.5,0.5,0.0,0.0,0.0
2026-01-25 18:09:41,clusterB,3,4,4,0,1.00,0.5,0.5,0.0,0.0,0.0
2026-01-25 18:09:46,clusterA,3,4,4,0,1.00,0.5,0.5,0.0,0.0,0.0
2026-01-25 18:09:46,clusterB,3,4,4,0,1.00,0.5,0.5,0.0,0.0,0.0
2026-01-25 18:09:52,clusterA,3,4,4,0,1.00,0.5,0.5,0.0,0.0,0.0
2026-01-25 18:09:52,clusterB,3,4,4,0,1.00,0.5,0.5,0.0,0.0,0.0
2026-01-25 18:09:57,clusterA,3,4,4,0,1.00,0.5,0.5,0.0,0.0,0.0
2026-01-25 18:09:57,clusterB,3,4,4,0,1.00,0.5,0.5,0.0,0.0,0.0
2026-01-25 18:10:02,clusterA,3,4,4,0,1.00,0.5,0.5,0.0,0.0,0.0
2026-01-25 18:10:02,clusterB,3,4,4,0,1.00,0.5,0.5,0.0,0.0,0.0
2026-01-25 18:10:07,clusterA,3,4,4,0,1.00,0.5,0.5,0.0,0.0,0.0
2026-01-25 18:10:07,clusterB,3,4,4,0,1.00,0.5,0.5,0.0,0.0,0.0
2026-01-25 18:10:13,clusterA,3,4,4,0,1.00,0.5,0.5,0.0,0.0,0.0
2026-01-25 18:10:13,clusterB,3,4,4,0,1.00,0.5,0.5,0.0,0.0,0.0
2026-01-25 18:10:18,clusterA,3,4,4,0,1.00,0.5,0.5,0.0,0.0,0.0
2026-01-25 18:10:18,clusterB,3,4,4,0,1.00,0.5,0.5,0.0,0.0,0.0
2026-01-25 18:10:23,clusterA,3,4,4,0,1.00,0.5,0.5,0.0,0.0,0.0
2026-01-25 18:10:23,clusterB,3,4,4,0,1.00,0.5,0.5,0.0,0.0,0.0
2026-01-25 18:10:28,clusterA,3,4,4,0,1.00,0.5,0.5,0.0,0.0,0.0
2026-01-25 18:10:28,clusterB,3,4,4,0,1.00,0.5,0.5,0.0,0.0,0.0
2026-01-25 18:10:34,clusterA,3,4,4,0,1.00,0.5,0.5,0.0,0.0,0.0
2026-01-25 18:10:34,clusterB,3,4,4,0,1.00,0.5,0.5,0.0,0.0,0.0
2026-01-25 18:10:39,clusterA,3,4,4,0,1.00,0.5,0.5,0.0,0.0,0.0
2026-01-25 18:10:39,clusterB,3,4,4,0,1.00,0.5,0.5,0.0,0.0,0.0
2026-01-25 18:10:44,clusterA,3,4,4,0,1.00,0.5,0.5,0.0,0.0,0.0
2026-01-25 18:10:44,clusterB,3,4,4,0,1.00,0.5,0.5,0.0,0.0,0.0
2026-01-25 18:10:49,clusterA,3,4,4,0,1.00,0.5,0.5,0.0,0.0,0.0
2026-01-25 18:10:49,clusterB,3,4,4,0,1.00,0.5,0.5,0.0,0.0,0.0
2026-01-25 18:10:54,clusterA,3,4,4,0,1.00,0.5,0.5,0.0,0.0,0.0
2026-01-25 18:10:54,clusterB,3,4,4,0,1.00,0.5,0.5,0.0,0.0,0.0
2026-01-25 18:11:00,clusterA,3,4,4,0,1.00,0.5,0.5,0.0,0.0,0.0
2026-01-25 18:11:00,clusterB,3,4,4,0,1.00,0.5,0.5,0.0,0.0,0.0
2026-01-25 18:11:05,clusterA,3,4,4,0,1.00,0.5,0.5,0.0,0.0,0.0
2026-01-25 18:11:05,clusterB,3,4,4,0,1.00,0.5,0.5,0.0,0.0,0.0
2026-01-25 18:11:10,clusterA,3,4,4,0,1.00,0.5,0.5,0.0,0.0,0.0
2026-01-25 18:11:10,clusterB,3,4,4,0,1.00,0.5,0.5,0.0,0.0,0.0
2026-01-25 18:11:15,clusterA,3,4,4,0,1.00,0.5,0.5,0.0,0.0,0.0
2026-01-25 18:11:15,clusterB,3,4,4,0,1.00,0.5,0.5,0.0,0.0,0.0
2026-01-25 18:11:21,clusterA,3,4,4,0,1.00,0.5,0.5,0.0,0.0,0.0
2026-01-25 18:11:21,clusterB,3,4,4,0,1.00,0.5,0.5,0.0,0.0,0.0
2026-01-25 18:11:26,clusterA,3,4,4,0,1.00,0.5,0.5,0.0,0.0,0.0
2026-01-25 18:11:26,clusterB,3,4,4,0,1.00,0.5,0.5,0.0,0.0,0.0
2026-01-25 18:11:31,clusterA,3,4,4,0,1.00,0.5,0.5,0.0,0.0,0.0
2026-01-25 18:11:31,clusterB,3,4,4,0,1.00,0.5,0.5,0.0,0.0,0.0
2026-01-25 18:11:36,clusterA,3,4,4,0,1.00,0.5,0.5,0.0,0.0,0.0
2026-01-25 18:11:36,clusterB,3,4,4,0,1.00,0.5,0.5,0.0,0.0,0.0
2026-01-25 18:11:41,clusterA,3,4,4,0,1.00,0.5,0.5,0.0,0.0,0.0
2026-01-25 18:11:41,clusterB,3,4,4,0,1.00,0.5,0.5,0.0,0.0,0.0
2026-01-25 18:11:47,clusterA,3,4,4,0,1.00,0.5,0.5,0.0,0.0,0.0
2026-01-25 18:11:47,clusterB,3,4,4,0,1.00,0.5,0.5,0.0,0.0,0.0
2026-01-25 18:11:52,clusterA,3,4,4,0,1.00,0.5,0.5,0.0,0.0,0.0
2026-01-25 18:11:52,clusterB,3,4,4,0,1.00,0.5,0.5,0.0,0.0,0.0
2026-01-25 18:11:57,clusterA,3,4,4,0,1.00,0.5,0.5,0.0,0.0,0.0
2026-01-25 18:11:57,clusterB,3,4,4,0,1.00,0.5,0.5,0.0,0.0,0.0
2026-01-25 18:12:02,clusterA,3,4,4,0,1.00,0.5,0.5,0.0,0.0,0.0
2026-01-25 18:12:02,clusterB,3,4,4,0,1.00,0.5,0.5,0.0,0.0,0.0
2026-01-25 18:12:08,clusterA,3,4,4,0,1.00,0.5,0.5,0.0,0.0,0.0
2026-01-25 18:12:08,clusterB,3,4,4,0,1.00,0.5,0.5,0.0,0.0,0.0
2026-01-25 18:12:13,clusterA,3,4,4,0,1.00,0.5,0.5,0.0,0.0,0.0
2026-01-25 18:12:13,clusterB,3,4,4,0,1.00,0.5,0.5,0.0,0.0,0.0
2026-01-25 18:12:18,clusterA,3,4,4,0,1.00,0.5,0.5,0.0,0.0,0.0
2026-01-25 18:12:18,clusterB,3,4,4,0,1.00,0.5,0.5,0.0,0.0,0.0
2026-01-25 18:12:23,clusterA,3,4,4,0,1.00,0.5,0.5,0.0,0.0,0.0
2026-01-25 18:12:23,clusterB,3,4,4,0,1.00,0.5,0.5,0.0,0.0,0.0
2026-01-25 18:12:28,clusterA,3,4,4,0,1.00,0.5,0.5,0.0,0.0,0.0
2026-01-25 18:12:28,clusterB,3,4,4,0,1.00,0.5,0.5,0.0,0.0,0.0
2026-01-25 18:12:34,clusterA,3,4,4,0,1.00,0.5,0.5,0.0,0.0,0.0
2026-01-25 18:12:34,clusterB,3,4,4,0,1.00,0.5,0.5,0.0,0.0,0.0
2026-01-25 18:12:39,clusterA,3,4,4,0,1.00,0.5,0.5,0.0,0.0,0.0
2026-01-25 18:12:39,clusterB,3,4,4,0,1.00,0.5,0.5,0.0,0.0,0.0
2026-01-25 18:12:44,clusterA,3,4,4,0,1.00,0.5,0.5,0.0,0.0,0.0
2026-01-25 18:12:44,clusterB,3,4,4,0,1.00,0.5,0.5,0.0,0.0,0.0
2026-01-25 18:12:49,clusterA,3,4,4,0,1.00,0.5,0.5,0.0,0.0,0.0
2026-01-25 18:12:49,clusterB,3,4,4,0,1.00,0.5,0.5,0.0,0.0,0.0
2026-01-25 18:12:55,clusterA,3,4,4,0,1.00,0.5,0.5,0.0,0.0,0.0
2026-01-25 18:12:55,clusterB,3,4,4,0,1.00,0.5,0.5,0.0,0.0,0.0
2026-01-25 18:13:00,clusterA,3,4,4,0,1.00,0.5,0.5,0.0,0.0,0.0
2026-01-25 18:13:00,clusterB,3,4,4,0,1.00,0.5,0.5,0.0,0.0,0.0
2026-01-25 18:13:05,clusterA,3,4,4,0,1.00,0.5,0.5,0.0,0.0,0.0
2026-01-25 18:13:05,clusterB,3,4,4,0,1.00,0.5,0.5,0.0,0.0,0.0
2026-01-25 18:13:10,clusterA,3,4,4,0,1.00,0.5,0.5,0.0,0.0,0.0
2026-01-25 18:13:10,clusterB,3,4,4,0,1.00,0.5,0.5,0.0,0.0,0.0
2026-01-25 18:13:16,clusterA,3,4,4,0,1.00,0.5,0.5,0.0,0.0,0.0
2026-01-25 18:13:16,clusterB,3,4,4,0,1.00,0.5,0.5,0.0,0.0,0.0
2026-01-25 18:13:21,clusterA,3,4,4,0,1.00,0.5,0.5,0.0,0.0,0.0
2026-01-25 18:13:21,clusterB,3,4,4,0,1.00,0.5,0.5,0.0,0.0,0.0
2026-01-25 18:13:26,clusterA,3,4,4,0,1.00,0.5,0.5,0.0,0.0,0.0
2026-01-25 18:13:26,clusterB,3,4,4,0,1.00,0.5,0.5,0.0,0.0,0.0
2026-01-25 18:13:31,clusterA,3,4,4,0,1.00,0.5,0.5,0.0,0.0,0.0
2026-01-25 18:13:31,clusterB,3,4,4,0,1.00,0.5,0.5,0.0,0.0,0.0
2026-01-25 18:13:36,clusterA,3,4,4,0,1.00,0.5,0.5,0.0,0.0,0.0
2026-01-25 18:13:36,clusterB,3,4,4,0,1.00,0.5,0.5,0.0,0.0,0.0
2026-01-25 18:13:42,clusterA,3,4,4,0,1.00,0.5,0.5,0.0,0.0,0.0
2026-01-25 18:13:42,clusterB,3,4,4,0,1.00,0.5,0.5,0.0,0.0,0.0
2026-01-25 18:13:47,clusterA,3,4,4,0,1.00,0.5,0.5,0.0,0.0,0.0
2026-01-25 18:13:47,clusterB,3,4,4,0,1.00,0.5,0.5,0.0,0.0,0.0
2026-01-25 18:13:52,clusterA,3,4,4,0,1.00,0.5,0.5,0.0,0.0,0.0
2026-01-25 18:13:52,clusterB,3,4,4,0,1.00,0.5,0.5,0.0,0.0,0.0
2026-01-25 18:13:57,clusterA,3,4,4,0,1.00,0.5,0.5,0.0,0.0,0.0
2026-01-25 18:13:57,clusterB,3,4,4,0,1.00,0.5,0.5,0.0,0.0,0.0
2026-01-25 18:14:02,clusterA,3,4,4,0,1.00,0.5,0.5,0.0,0.0,0.0
2026-01-25 18:14:02,clusterB,3,4,4,0,1.00,0.5,0.5,0.0,0.0,0.0
2026-01-25 18:14:08,clusterA,3,4,4,0,1.00,0.5,0.5,0.0,0.0,0.0
2026-01-25 18:14:08,clusterB,3,4,4,0,1.00,0.5,0.5,0.0,0.0,0.0
2026-01-25 18:14:13,clusterA,3,4,4,0,1.00,0.5,0.5,0.0,0.0,0.0
2026-01-25 18:14:13,clusterB,3,4,4,0,1.00,0.5,0.5,0.0,0.0,0.0
2026-01-25 18:14:18,clusterA,3,4,4,0,1.00,0.5,0.5,0.0,0.0,0.0
2026-01-25 18:14:18,clusterB,3,4,4,0,1.00,0.5,0.5,0.0,0.0,0.0
2026-01-25 18:14:23,clusterA,3,4,4,0,1.00,0.5,0.5,0.0,0.0,0.0
2026-01-25 18:14:23,clusterB,3,4,4,0,1.00,0.5,0.5,0.0,0.0,0.0
2026-01-25 18:14:29,clusterA,3,4,4,0,1.00,0.5,0.5,0.0,0.0,0.0
2026-01-25 18:14:29,clusterB,3,4,4,0,1.00,0.5,0.5,0.0,0.0,0.0
2026-01-25 18:14:34,clusterA,3,4,4,0,1.00,0.5,0.5,0.0,0.0,0.0
2026-01-25 18:14:34,clusterB,3,4,4,0,1.00,0.5,0.5,0.0,0.0,0.0
2026-01-25 18:14:39,clusterA,3,4,4,0,1.00,0.5,0.5,0.0,0.0,0.0
2026-01-25 18:14:39,clusterB,3,4,4,0,1.00,0.5,0.5,0.0,0.0,0.0
2026-01-25 18:14:44,clusterA,3,4,4,0,1.00,0.5,0.5,0.0,0.0,0.0
2026-01-25 18:14:44,clusterB,3,4,4,0,1.00,0.5,0.5,0.0,0.0,0.0
2026-01-25 18:14:50,clusterA,3,4,4,0,1.00,0.5,0.5,0.0,0.0,0.0
2026-01-25 18:14:50,clusterB,3,4,4,0,1.00,0.5,0.5,0.0,0.0,0.0
2026-01-25 18:14:55,clusterA,3,4,4,0,1.00,0.5,0.5,0.0,0.0,0.0
2026-01-25 18:14:55,clusterB,3,4,4,0,1.00,0.5,0.5,0.0,0.0,0.0
2026-01-25 18:15:00,clusterA,3,4,4,0,1.00,0.5,0.5,0.0,0.0,0.0
2026-01-25 18:15:00,clusterB,3,4,4,0,1.00,0.5,0.5,0.0,0.0,0.0
2026-01-25 18:15:05,clusterA,3,4,4,0,1.00,0.5,0.5,0.0,0.0,0.0
2026-01-25 18:15:05,clusterB,3,4,4,0,1.00,0.5,0.5,0.0,0.0,0.0
2026-01-25 18:15:10,clusterA,3,4,4,0,1.00,0.5,0.5,0.0,0.0,0.0
2026-01-25 18:15:10,clusterB,3,4,4,0,1.00,0.5,0.5,0.0,0.0,0.0
2026-01-25 18:15:16,clusterA,3,4,4,0,1.00,0.5,0.5,0.0,0.0,0.0
2026-01-25 18:15:16,clusterB,3,4,4,0,1.00,0.5,0.5,0.0,0.0,0.0
2026-01-25 18:15:21,clusterA,3,4,4,0,1.00,0.5,0.5,0.0,0.0,0.0
2026-01-25 18:15:21,clusterB,3,4,4,0,1.00,0.5,0.5,0.0,0.0,0.0
2026-01-25 18:15:26,clusterA,3,4,4,0,1.00,0.5,0.5,0.0,0.0,0.0
2026-01-25 18:15:26,clusterB,3,4,4,0,1.00,0.5,0.5,0.0,0.0,0.0
2026-01-25 18:15:31,clusterA,3,4,4,0,1.00,0.5,0.5,0.0,0.0,0.0
2026-01-25 18:15:31,clusterB,3,4,4,0,1.00,0.5,0.5,0.0,0.0,0.0
2026-01-25 18:15:37,clusterA,3,4,4,0,1.00,0.5,0.5,0.0,0.0,0.0
2026-01-25 18:15:37,clusterB,3,4,4,0,1.00,0.5,0.5,0.0,0.0,0.0
2026-01-25 18:15:42,clusterA,3,4,4,0,1.00,0.5,0.5,0.0,0.0,0.0
2026-01-25 18:15:42,clusterB,3,4,4,0,1.00,0.5,0.5,0.0,0.0,0.0
2026-01-25 18:15:47,clusterA,3,4,4,0,1.00,0.5,0.5,0.0,0.0,0.0
2026-01-25 18:15:47,clusterB,3,4,4,0,1.00,0.5,0.5,0.0,0.0,0.0
2026-01-25 18:15:52,clusterA,3,4,4,0,1.00,0.5,0.5,0.0,0.0,0.0
2026-01-25 18:15:52,clusterB,3,4,4,0,1.00,0.5,0.5,0.0,0.0,0.0
2026-01-25 18:15:58,clusterA,3,4,4,0,1.00,0.5,0.5,0.0,0.0,0.0
2026-01-25 18:15:58,clusterB,3,4,4,0,1.00,0.5,0.5,0.0,0.0,0.0
2026-01-25 18:16:03,clusterA,3,4,4,0,1.00,0.5,0.5,0.0,0.0,0.0
2026-01-25 18:16:03,clusterB,3,4,4,0,1.00,0.5,0.5,0.0,0.0,0.0
2026-01-25 18:16:08,clusterA,3,4,4,0,1.00,0.5,0.5,0.0,0.0,0.0
2026-01-25 18:16:08,clusterB,3,4,4,0,1.00,0.5,0.5,0.0,0.0,0.0
2026-01-25 18:16:13,clusterA,3,4,4,0,1.00,0.5,0.5,0.0,0.0,0.0
2026-01-25 18:16:13,clusterB,3,4,4,0,1.00,0.5,0.5,0.0,0.0,0.0
2026-01-25 18:16:18,clusterA,3,4,4,0,1.00,0.5,0.5,0.0,0.0,0.0
2026-01-25 18:16:18,clusterB,3,4,4,0,1.00,0.5,0.5,0.0,0.0,0.0
2026-01-25 18:16:24,clusterA,3,4,4,0,1.00,0.5,0.5,0.0,0.0,0.0
2026-01-25 18:16:24,clusterB,3,4,4,0,1.00,0.5,0.5,0.0,0.0,0.0
2026-01-25 18:16:29,clusterA,3,4,4,0,1.00,0.5,0.5,0.0,0.0,0.0
2026-01-25 18:16:29,clusterB,3,4,4,0,1.00,0.5,0.5,0.0,0.0,0.0
2026-01-25 18:16:34,clusterA,3,4,4,0,1.00,0.5,0.5,0.0,0.0,0.0
2026-01-25 18:16:34,clusterB,3,4,4,0,1.00,0.5,0.5,0.0,0.0,0.0
2026-01-25 18:16:39,clusterA,3,4,4,0,1.00,0.5,0.5,0.0,0.0,0.0
2026-01-25 18:16:39,clusterB,3,4,4,0,1.00,0.5,0.5,0.0,0.0,0.0
2026-01-25 18:16:45,clusterA,3,4,4,0,1.00,0.5,0.5,0.0,0.0,0.0
2026-01-25 18:16:45,clusterB,3,4,4,0,1.00,0.5,0.5,0.0,0.0,0.0
2026-01-25 18:16:50,clusterA,3,4,4,0,1.00,0.5,0.5,0.0,0.0,0.0
2026-01-25 18:16:50,clusterB,3,4,4,0,1.00,0.5,0.5,0.0,0.0,0.0
2026-01-25 18:16:55,clusterA,3,4,4,0,1.00,0.5,0.5,0.0,0.0,0.0
2026-01-25 18:16:55,clusterB,3,4,4,0,1.00,0.5,0.5,0.0,0.0,0.0
2026-01-25 18:17:00,clusterA,3,4,4,0,1.00,0.5,0.5,0.0,0.0,0.0
2026-01-25 18:17:00,clusterB,3,4,4,0,1.00,0.5,0.5,0.0,0.0,0.0
2026-01-25 18:17:06,clusterA,3,4,4,0,1.00,0.5,0.5,0.0,0.0,0.0
2026-01-25 18:17:06,clusterB,3,4,4,0,1.00,0.5,0.5,0.0,0.0,0.0
2026-01-25 18:17:11,clusterA,3,4,4,0,1.00,0.5,0.5,0.0,0.0,0.0
2026-01-25 18:17:11,clusterB,3,4,4,0,1.00,0.5,0.5,0.0,0.0,0.0
2026-01-25 18:17:16,clusterA,3,4,4,0,1.00,0.5,0.5,0.0,0.0,0.0
2026-01-25 18:17:16,clusterB,3,4,4,0,1.00,0.5,0.5,0.0,0.0,0.0
2026-01-25 18:17:21,clusterA,3,4,4,0,1.00,0.5,0.5,0.0,0.0,0.0
2026-01-25 18:17:21,clusterB,3,4,4,0,1.00,0.5,0.5,0.0,0.0,0.0
2026-01-25 18:17:26,clusterA,3,4,4,0,1.00,0.5,0.5,0.0,0.0,0.0
2026-01-25 18:17:26,clusterB,3,4,4,0,1.00,0.5,0.5,0.0,0.0,0.0
2026-01-25 18:17:32,clusterA,3,4,4,0,1.00,0.5,0.5,0.0,0.0,0.0
2026-01-25 18:17:32,clusterB,3,4,4,0,1.00,0.5,0.5,0.0,0.0,0.0
2026-01-25 18:17:37,clusterA,3,4,4,0,1.00,0.5,0.5,0.0,0.0,0.0
2026-01-25 18:17:37,clusterB,3,4,4,0,1.00,0.5,0.5,0.0,0.0,0.0
2026-01-25 18:17:42,clusterA,3,4,4,0,1.00,0.5,0.5,0.0,0.0,0.0
2026-01-25 18:17:42,clusterB,3,4,4,0,1.00,0.5,0.5,0.0,0.0,0.0
2026-01-25 18:17:47,clusterA,3,4,4,0,1.00,0.5,0.5,0.0,0.0,0.0
2026-01-25 18:17:47,clusterB,3,4,4,0,1.00,0.5,0.5,0.0,0.0,0.0
2026-01-25 18:17:53,clusterA,3,4,4,0,1.00,0.5,0.5,0.0,0.0,0.0
2026-01-25 18:17:53,clusterB,3,4,4,0,1.00,0.5,0.5,0.0,0.0,0.0
2026-01-25 18:17:58,clusterA,3,4,4,0,1.00,0.5,0.5,0.0,0.0,0.0
2026-01-25 18:17:58,clusterB,3,4,4,0,1.00,0.5,0.5,0.0,0.0,0.0
2026-01-25 18:18:03,clusterA,3,4,4,0,1.00,0.5,0.5,0.0,0.0,0.0
2026-01-25 18:18:03,clusterB,3,4,4,0,1.00,0.5,0.5,0.0,0.0,0.0
2026-01-25 18:18:08,clusterA,3,4,4,0,1.00,0.5,0.5,0.0,0.0,0.0
2026-01-25 18:18:08,clusterB,3,4,4,0,1.00,0.5,0.5,0.0,0.0,0.0
2026-01-25 18:18:14,clusterA,3,4,4,0,1.00,0.5,0.5,0.0,0.0,0.0
2026-01-25 18:18:14,clusterB,3,4,4,0,1.00,0.5,0.5,0.0,0.0,0.0
2026-01-25 18:18:19,clusterA,3,4,4,0,1.00,0.5,0.5,0.0,0.0,0.0
2026-01-25 18:18:19,clusterB,3,4,4,0,1.00,0.5,0.5,0.0,0.0,0.0
2026-01-25 18:18:24,clusterA,3,4,4,0,1.00,0.5,0.5,0.0,0.0,0.0
2026-01-25 18:18:24,clusterB,3,4,4,0,1.00,0.5,0.5,0.0,0.0,0.0
2026-01-25 18:18:29,clusterA,3,4,4,0,1.00,0.5,0.5,0.0,0.0,0.0
2026-01-25 18:18:29,clusterB,3,4,4,0,1.00,0.5,0.5,0.0,0.0,0.0
2026-01-25 18:18:34,clusterA,3,4,4,0,1.00,0.5,0.5,0.0,0.0,0.0
2026-01-25 18:18:34,clusterB,3,4,4,0,1.00,0.5,0.5,0.0,0.0,0.0
2026-01-25 18:18:40,clusterA,3,4,4,0,1.00,0.5,0.5,0.0,0.0,0.0
2026-01-25 18:18:40,clusterB,3,4,4,0,1.00,0.5,0.5,0.0,0.0,0.0
2026-01-25 18:18:45,clusterA,3,4,4,0,1.00,0.5,0.5,0.0,0.0,0.0
2026-01-25 18:18:45,clusterB,3,4,4,0,1.00,0.5,0.5,0.0,0.0,0.0
2026-01-25 18:18:50,clusterA,3,4,4,0,1.00,0.5,0.5,0.0,0.0,0.0
2026-01-25 18:18:50,clusterB,3,4,4,0,1.00,0.5,0.5,0.0,0.0,0.0
2026-01-25 18:18:55,clusterA,3,4,4,0,1.00,0.5,0.5,0.0,0.0,0.0
2026-01-25 18:18:55,clusterB,3,4,4,0,1.00,0.5,0.5,0.0,0.0,0.0
2026-01-25 18:19:01,clusterA,3,4,4,0,1.00,0.5,0.5,0.0,0.0,0.0
2026-01-25 18:19:01,clusterB,3,4,4,0,1.00,0.5,0.5,0.0,0.0,0.0
2026-01-25 18:19:06,clusterA,3,4,4,0,1.00,0.5,0.5,0.0,0.0,0.0
2026-01-25 18:19:06,clusterB,3,4,4,0,1.00,0.5,0.5,0.0,0.0,0.0
2026-01-25 18:19:11,clusterA,3,4,4,0,1.00,0.5,0.5,0.0,0.0,0.0
2026-01-25 18:19:11,clusterB,3,4,4,0,1.00,0.5,0.5,0.0,0.0,0.0
2026-01-25 18:19:16,clusterA,3,4,4,0,1.00,0.5,0.5,0.0,0.0,0.0
2026-01-25 18:19:16,clusterB,3,4,4,0,1.00,0.5,0.5,0.0,0.0,0.0
2026-01-25 18:19:22,clusterA,3,4,4,0,1.00,0.5,0.5,0.0,0.0,0.0
2026-01-25 18:19:22,clusterB,3,4,4,0,1.00,0.5,0.5,0.0,0.0,0.0
2026-01-25 18:19:27,clusterA,3,4,4,0,1.00,0.5,0.5,0.0,0.0,0.0
2026-01-25 18:19:27,clusterB,3,4,4,0,1.00,0.5,0.5,0.0,0.0,0.0
2026-01-25 18:19:32,clusterA,3,4,4,0,1.00,0.5,0.5,0.0,0.0,0.0
2026-01-25 18:19:32,clusterB,3,4,4,0,1.00,0.5,0.5,0.0,0.0,0.0
2026-01-25 18:19:37,clusterA,3,4,4,0,1.00,0.5,0.5,0.0,0.0,0.0
2026-01-25 18:19:37,clusterB,3,4,4,0,1.00,0.5,0.5,0.0,0.0,0.0
2026-01-25 18:19:42,clusterA,3,4,4,0,1.00,0.5,0.5,0.0,0.0,0.0
2026-01-25 18:19:42,clusterB,3,4,4,0,1.00,0.5,0.5,0.0,0.0,0.0
2026-01-25 18:19:48,clusterA,3,4,4,0,1.00,0.5,0.5,0.0,0.0,0.0
2026-01-25 18:19:48,clusterB,3,4,4,0,1.00,0.5,0.5,0.0,0.0,0.0
2026-01-25 18:19:53,clusterA,3,4,4,0,1.00,0.5,0.5,0.0,0.0,0.0
2026-01-25 18:19:53,clusterB,3,4,4,0,1.00,0.5,0.5,0.0,0.0,0.0
2026-01-25 18:19:58,clusterA,3,4,4,0,1.00,0.5,0.5,0.0,0.0,0.0
2026-01-25 18:19:58,clusterB,3,4,4,0,1.00,0.5,0.5,0.0,0.0,0.0
2026-01-25 18:20:03,clusterA,3,4,4,0,1.00,0.5,0.5,0.0,0.0,0.0
2026-01-25 18:20:03,clusterB,3,4,4,0,1.00,0.5,0.5,0.0,0.0,0.0
2026-01-25 18:20:09,clusterA,3,4,4,0,1.00,0.5,0.5,0.0,0.0,0.0
2026-01-25 18:20:09,clusterB,3,4,4,0,1.00,0.5,0.5,0.0,0.0,0.0
2026-01-25 18:20:14,clusterA,3,4,4,0,1.00,0.5,0.5,0.0,0.0,0.0
2026-01-25 18:20:14,clusterB,3,4,4,0,1.00,0.5,0.5,0.0,0.0,0.0
2026-01-25 18:20:19,clusterA,3,4,4,0,1.00,0.5,0.5,0.0,0.0,0.0
2026-01-25 18:20:19,clusterB,3,4,4,0,1.00,0.5,0.5,0.0,0.0,0.0
2026-01-25 18:20:24,clusterA,3,4,4,0,1.00,0.5,0.5,0.0,0.0,0.0
2026-01-25 18:20:24,clusterB,3,4,4,0,1.00,0.5,0.5,0.0,0.0,0.0
2026-01-25 18:20:30,clusterA,3,4,4,0,1.00,0.5,0.5,0.0,0.0,0.0
2026-01-25 18:20:30,clusterB,3,4,4,0,1.00,0.5,0.5,0.0,0.0,0.0
2026-01-25 18:20:35,clusterA,3,4,4,0,1.00,0.5,0.5,0.0,0.0,0.0
2026-01-25 18:20:35,clusterB,3,4,4,0,1.00,0.5,0.5,0.0,0.0,0.0
2026-01-25 18:20:40,clusterA,3,4,4,0,1.00,0.5,0.5,0.0,0.0,0.0
2026-01-25 18:20:40,clusterB,3,4,4,0,1.00,0.5,0.5,0.0,0.0,0.0
2026-01-25 18:20:45,clusterA,3,4,4,0,1.00,0.5,0.5,0.0,0.0,0.0
2026-01-25 18:20:45,clusterB,3,4,4,0,1.00,0.5,0.5,0.0,0.0,0.0
2026-01-25 18:20:50,clusterA,3,4,4,0,1.00,0.5,0.5,0.0,0.0,0.0
2026-01-25 18:20:50,clusterB,3,4,4,0,1.00,0.5,0.5,0.0,0.0,0.0
2026-01-25 18:20:56,clusterA,3,4,4,0,1.00,0.5,0.5,0.0,0.0,0.0
2026-01-25 18:20:56,clusterB,3,4,4,0,1.00,0.5,0.5,0.0,0.0,0.0
2026-01-25 18:21:01,clusterA,3,4,4,0,1.00,0.5,0.5,0.0,0.0,0.0
2026-01-25 18:21:01,clusterB,3,4,4,0,1.00,0.5,0.5,0.0,0.0,0.0
2026-01-25 18:21:06,clusterA,3,4,4,0,1.00,0.5,0.5,0.0,0.0,0.0
2026-01-25 18:21:06,clusterB,3,4,4,0,1.00,0.5,0.5,0.0,0.0,0.0
2026-01-25 18:21:11,clusterA,3,4,4,0,1.00,0.5,0.5,0.0,0.0,0.0
2026-01-25 18:21:11,clusterB,3,4,4,0,1.00,0.5,0.5,0.0,0.0,0.0
2026-01-25 18:21:17,clusterA,3,4,4,0,1.00,0.5,0.5,0.0,0.0,0.0
2026-01-25 18:21:17,clusterB,3,4,4,0,1.00,0.5,0.5,0.0,0.0,0.0
2026-01-25 18:21:22,clusterA,3,4,4,0,1.00,0.5,0.5,0.0,0.0,0.0
2026-01-25 18:21:22,clusterB,3,4,4,0,1.00,0.5,0.5,0.0,0.0,0.0
2026-01-25 18:21:27,clusterA,3,4,4,0,1.00,0.5,0.5,0.0,0.0,0.0
2026-01-25 18:21:27,clusterB,3,4,4,0,1.00,0.5,0.5,0.0,0.0,0.0
2026-01-25 18:21:32,clusterA,3,4,4,0,1.00,0.5,0.5,0.0,0.0,0.0
2026-01-25 18:21:32,clusterB,3,4,4,0,1.00,0.5,0.5,0.0,0.0,0.0
2026-01-25 18:21:38,clusterA,3,4,4,0,1.00,0.5,0.5,0.0,0.0,0.0
2026-01-25 18:21:38,clusterB,3,4,4,0,1.00,0.5,0.5,0.0,0.0,0.0
2026-01-25 18:21:43,clusterA,3,4,4,0,1.00,0.5,0.5,0.0,0.0,0.0
2026-01-25 18:21:43,clusterB,3,4,4,0,1.00,0.5,0.5,0.0,0.0,0.0
2026-01-25 18:21:48,clusterA,3,4,4,0,1.00,0.5,0.5,0.0,0.0,0.0
2026-01-25 18:21:48,clusterB,3,4,4,0,1.00,0.5,0.5,0.0,0.0,0.0
2026-01-25 18:21:53,clusterA,3,4,4,0,1.00,0.5,0.5,0.0,0.0,0.0
2026-01-25 18:21:53,clusterB,3,4,4,0,1.00,0.5,0.5,0.0,0.0,0.0
2026-01-25 18:21:59,clusterA,3,4,4,0,1.00,0.5,0.5,0.0,0.0,0.0
2026-01-25 18:21:59,clusterB,3,4,4,0,1.00,0.5,0.5,0.0,0.0,0.0
2026-01-25 18:22:04,clusterA,3,4,4,0,1.00,0.5,0.5,0.0,0.0,0.0
2026-01-25 18:22:04,clusterB,3,4,4,0,1.00,0.5,0.5,0.0,0.0,0.0
2026-01-25 18:22:09,clusterA,3,4,4,0,1.00,0.5,0.5,0.0,0.0,0.0
2026-01-25 18:22:09,clusterB,3,4,4,0,1.00,0.5,0.5,0.0,0.0,0.0
2026-01-25 18:22:14,clusterA,3,4,4,0,1.00,0.5,0.5,0.0,0.0,0.0
2026-01-25 18:22:14,clusterB,3,4,4,0,1.00,0.5,0.5,0.0,0.0,0.0
2026-01-25 18:22:19,clusterA,3,4,4,0,1.00,0.5,0.5,0.0,0.0,0.0
2026-01-25 18:22:19,clusterB,3,4,4,0,1.00,0.5,0.5,0.0,0.0,0.0
2026-01-25 18:22:25,clusterA,3,4,4,0,1.00,0.5,0.5,0.0,0.0,0.0
2026-01-25 18:22:25,clusterB,3,4,4,0,1.00,0.5,0.5,0.0,0.0,0.0
2026-01-25 18:22:30,clusterA,3,4,4,0,1.00,0.5,0.5,0.0,0.0,0.0
2026-01-25 18:22:30,clusterB,3,4,4,0,1.00,0.5,0.5,0.0,0.0,0.0
2026-01-25 18:22:35,clusterA,3,4,4,0,1.00,0.5,0.5,0.0,0.0,0.0
2026-01-25 18:22:35,clusterB,3,4,4,0,1.00,0.5,0.5,0.0,0.0,0.0
2026-01-25 18:22:40,clusterA,3,4,4,0,1.00,0.5,0.5,0.0,0.0,0.0
2026-01-25 18:22:40,clusterB,3,4,4,0,1.00,0.5,0.5,0.0,0.0,0.0
2026-01-25 18:22:46,clusterA,3,4,4,0,1.00,0.5,0.5,0.0,0.0,0.0
2026-01-25 18:22:46,clusterB,3,4,4,0,1.00,0.5,0.5,0.0,0.0,0.0
2026-01-25 18:22:51,clusterA,3,4,4,0,1.00,0.5,0.5,0.0,0.0,0.0
2026-01-25 18:22:51,clusterB,3,4,4,0,1.00,0.5,0.5,0.0,0.0,0.0
2026-01-25 18:22:56,clusterA,3,4,4,0,1.00,0.5,0.5,0.0,0.0,0.0
2026-01-25 18:22:56,clusterB,3,4,4,0,1.00,0.5,0.5,0.0,0.0,0.0
2026-01-25 18:23:01,clusterA,3,4,4,0,1.00,0.5,0.5,0.0,0.0,0.0
2026-01-25 18:23:01,clusterB,3,4,4,0,1.00,0.5,0.5,0.0,0.0,0.0
2026-01-25 18:23:06,clusterA,3,4,4,0,1.00,0.5,0.5,0.0,0.0,0.0
2026-01-25 18:23:06,clusterB,3,4,3,1,0.75,0.5,0.5,0.0,0.0,0.0
2026-01-25 18:23:12,clusterA,2,4,4,0,1.00,0.5,0.5,0.0,0.0,0.0
2026-01-25 18:23:12,clusterB,2,4,4,0,1.00,0.5,0.5,0.0,0.0,0.0
2026-01-25 18:23:17,clusterA,2,4,4,0,1.00,0.5,0.5,0.0,0.0,0.0
2026-01-25 18:23:17,clusterB,2,4,4,0,1.00,0.5,0.5,0.0,0.0,0.0
2026-01-25 18:23:22,clusterA,2,4,4,0,1.00,0.5,0.5,0.0,0.0,0.0
2026-01-25 18:23:22,clusterB,2,4,4,0,1.00,0.5,0.5,0.0,0.0,0.0
2026-01-25 18:23:27,clusterA,2,4,4,0,1.00,0.5,0.5,0.0,0.0,0.0
2026-01-25 18:23:27,clusterB,2,4,4,0,1.00,0.5,0.5,0.0,0.0,0.0
2026-01-25 18:23:33,clusterA,2,4,4,0,1.00,0.5,0.5,0.0,0.0,0.0
2026-01-25 18:23:33,clusterB,2,4,4,0,1.00,0.5,0.5,0.0,0.0,0.0
2026-01-25 18:23:38,clusterA,2,4,4,0,1.00,0.5,0.5,0.0,0.0,0.0
2026-01-25 18:23:38,clusterB,2,4,4,0,1.00,0.5,0.5,0.0,0.0,0.0
2026-01-25 18:23:43,clusterA,2,4,4,0,1.00,0.5,0.5,0.0,0.0,0.0
2026-01-25 18:23:43,clusterB,2,4,4,0,1.00,0.5,0.5,0.0,0.0,0.0
2026-01-25 18:23:48,clusterA,2,4,4,0,1.00,0.5,0.5,0.0,0.0,0.0
2026-01-25 18:23:48,clusterB,2,4,4,0,1.00,0.5,0.5,0.0,0.0,0.0
2026-01-25 18:23:54,clusterA,2,4,4,0,1.00,0.5,0.5,0.0,0.0,0.0
2026-01-25 18:23:54,clusterB,2,4,4,0,1.00,0.5,0.5,0.0,0.0,0.0
2026-01-25 18:23:59,clusterA,2,4,4,0,1.00,0.5,0.5,0.0,0.0,0.0
2026-01-25 18:23:59,clusterB,2,4,4,0,1.00,0.5,0.5,0.0,0.0,0.0
2026-01-25 18:24:04,clusterA,2,4,4,0,1.00,0.5,0.5,0.0,0.0,0.0
2026-01-25 18:24:04,clusterB,2,4,4,0,1.00,0.5,0.5,0.0,0.0,0.0
2026-01-25 18:24:09,clusterA,2,4,4,0,1.00,0.5,0.5,0.0,0.0,0.0
2026-01-25 18:24:09,clusterB,2,4,4,0,1.00,0.5,0.5,0.0,0.0,0.0
2026-01-25 18:24:15,clusterA,2,4,4,0,1.00,0.5,0.5,0.0,0.0,0.0
2026-01-25 18:24:15,clusterB,2,4,4,0,1.00,0.5,0.5,0.0,0.0,0.0
2026-01-25 18:24:20,clusterA,2,4,4,0,1.00,0.5,0.5,0.0,0.0,0.0
2026-01-25 18:24:20,clusterB,2,4,4,0,1.00,0.5,0.5,0.0,0.0,0.0
2026-01-25 18:24:25,clusterA,2,4,4,0,1.00,0.5,0.5,0.0,0.0,0.0
2026-01-25 18:24:25,clusterB,2,4,4,0,1.00,0.5,0.5,0.0,0.0,0.0
2026-01-25 18:24:30,clusterA,2,4,4,0,1.00,0.5,0.5,0.0,0.0,0.0
2026-01-25 18:24:30,clusterB,2,4,4,0,1.00,0.5,0.5,0.0,0.0,0.0
2026-01-25 18:24:36,clusterA,2,4,4,0,1.00,0.5,0.5,0.0,0.0,0.0
2026-01-25 18:24:36,clusterB,2,4,4,0,1.00,0.5,0.5,0.0,0.0,0.0
2026-01-25 18:24:41,clusterA,2,4,4,0,1.00,0.5,0.5,0.0,0.0,0.0
2026-01-25 18:24:41,clusterB,2,4,4,0,1.00,0.5,0.5,0.0,0.0,0.0
2026-01-25 18:24:46,clusterA,2,4,4,0,1.00,0.5,0.5,0.0,0.0,0.0
2026-01-25 18:24:46,clusterB,2,4,4,0,1.00,0.5,0.5,0.0,0.0,0.0
2026-01-25 18:24:51,clusterA,2,4,4,0,1.00,0.5,0.5,0.0,0.0,0.0
2026-01-25 18:24:51,clusterB,2,4,3,1,0.75,0.5,0.5,0.0,0.0,0.0
2026-01-25 18:24:56,clusterA,2,4,4,0,1.00,0.5,0.5,0.0,0.0,0.0
2026-01-25 18:24:56,clusterB,2,4,3,1,0.75,0.5,0.5,0.0,0.0,0.0
2026-01-25 18:25:02,clusterA,2,4,4,0,1.00,0.5,0.5,0.0,0.0,0.0
2026-01-25 18:25:02,clusterB,2,4,3,1,0.75,0.5,0.5,0.0,0.0,0.0
2026-01-25 18:25:07,clusterA,2,4,4,0,1.00,0.5,0.5,0.0,0.0,0.0
2026-01-25 18:25:07,clusterB,2,4,3,1,0.75,0.5,0.5,0.0,0.0,0.0
2026-01-25 18:25:12,clusterA,2,4,4,0,1.00,0.5,0.5,0.0,0.0,0.0
2026-01-25 18:25:12,clusterB,2,4,3,1,0.75,0.5,0.5,0.0,0.0,0.0
2026-01-25 18:25:17,clusterA,2,4,4,0,1.00,0.5,0.5,0.0,0.0,0.0
2026-01-25 18:25:17,clusterB,2,4,3,1,0.75,0.5,0.5,0.0,0.0,0.0
2026-01-25 18:25:22,clusterA,2,4,4,0,1.00,0.5,0.5,0.0,0.0,0.0
2026-01-25 18:25:22,clusterB,2,4,3,1,0.75,0.5,0.5,0.0,0.0,0.0
2026-01-25 18:25:28,clusterA,2,4,4,0,1.00,0.5,0.5,0.0,0.0,0.0
2026-01-25 18:25:28,clusterB,2,4,3,1,0.75,0.5,0.5,0.0,0.0,0.0
2026-01-25 18:25:33,clusterA,2,4,4,0,1.00,0.5,0.5,0.0,0.0,0.0
2026-01-25 18:25:33,clusterB,2,4,3,1,0.75,0.5,0.5,0.0,0.0,0.0
2026-01-25 18:25:38,clusterA,2,4,4,0,1.00,0.5,0.5,0.0,0.0,0.0
2026-01-25 18:25:38,clusterB,2,4,3,1,0.75,0.5,0.5,0.0,0.0,0.0
2026-01-25 18:25:43,clusterA,2,4,4,0,1.00,0.5,0.5,0.0,0.0,0.0
2026-01-25 18:25:43,clusterB,2,4,3,1,0.75,0.5,0.5,0.0,0.0,0.0
2026-01-25 18:25:48,clusterA,2,4,4,0,1.00,0.5,0.5,0.0,0.0,0.0
2026-01-25 18:25:48,clusterB,2,4,3,1,0.75,0.5,0.5,0.0,0.0,0.0
2026-01-25 18:25:54,clusterA,2,4,4,0,1.00,0.5,0.5,0.0,0.0,0.0
2026-01-25 18:25:54,clusterB,2,4,3,1,0.75,0.5,0.5,0.0,0.0,0.0
2026-01-25 18:25:59,clusterA,2,4,4,0,1.00,0.5,0.5,0.0,0.0,0.0
2026-01-25 18:25:59,clusterB,2,4,3,1,0.75,0.5,0.5,0.0,0.0,0.0
2026-01-25 18:26:04,clusterA,2,4,4,0,1.00,0.5,0.5,0.0,0.0,0.0
2026-01-25 18:26:04,clusterB,2,4,3,1,0.75,0.5,0.5,0.0,0.0,0.0
2026-01-25 18:26:09,clusterA,2,4,4,0,1.00,0.5,0.5,0.0,0.0,0.0
2026-01-25 18:26:09,clusterB,2,4,3,1,0.75,0.5,0.5,0.0,0.0,0.0
2026-01-25 18:26:14,clusterA,2,4,4,0,1.00,0.5,0.5,0.0,0.0,0.0
2026-01-25 18:26:14,clusterB,2,4,3,1,0.75,0.5,0.5,0.0,0.0,0.0
2026-01-25 18:26:19,clusterA,2,4,4,0,1.00,0.5,0.5,0.0,0.0,0.0
2026-01-25 18:26:19,clusterB,2,4,3,1,0.75,0.5,0.5,0.0,0.0,0.0
2026-01-25 18:26:25,clusterA,2,4,4,0,1.00,0.5,0.5,0.0,0.0,0.0
2026-01-25 18:26:25,clusterB,2,4,3,1,0.75,0.5,0.5,0.0,0.0,0.0
2026-01-25 18:26:30,clusterA,2,4,4,0,1.00,0.5,0.5,0.0,0.0,0.0
2026-01-25 18:26:30,clusterB,2,4,3,1,0.75,0.5,0.5,0.0,0.0,0.0
2026-01-25 18:26:35,clusterA,2,4,4,0,1.00,0.5,0.5,0.0,0.0,0.0
2026-01-25 18:26:35,clusterB,2,4,3,1,0.75,0.5,0.5,0.0,0.0,0.0
2026-01-25 18:26:40,clusterA,2,4,4,0,1.00,0.5,0.5,0.0,0.0,0.0
2026-01-25 18:26:40,clusterB,2,4,3,1,0.75,0.5,0.5,0.0,0.0,0.0
2026-01-25 18:26:45,clusterA,2,4,4,0,1.00,0.5,0.5,0.0,0.0,0.0
2026-01-25 18:26:45,clusterB,2,4,3,1,0.75,0.5,0.5,0.0,0.0,0.0
2026-01-25 18:26:51,clusterA,2,4,4,0,1.00,0.5,0.5,0.0,0.0,0.0
2026-01-25 18:26:51,clusterB,2,4,3,1,0.75,0.5,0.5,0.0,0.0,0.0
2026-01-25 18:26:56,clusterA,2,4,0,4,0.00,0.5,0.5,0.0,0.0,0.0
2026-01-25 18:26:56,clusterB,2,4,3,1,0.75,0.5,0.5,0.0,0.0,0.0
2026-01-25 18:27:01,clusterA,0,4,4,0,1.00,0.5,0.5,0.0,0.0,0.0
2026-01-25 18:27:01,clusterB,0,4,4,0,1.00,0.5,0.5,0.0,0.0,0.0
2026-01-25 18:27:06,clusterA,0,4,4,0,1.00,0.5,0.5,0.0,0.0,0.0
2026-01-25 18:27:06,clusterB,0,4,4,0,1.00,0.5,0.5,0.0,0.0,0.0
2026-01-25 18:27:12,clusterA,0,4,4,0,1.00,0.5,0.5,0.0,0.0,0.0
2026-01-25 18:27:12,clusterB,0,4,4,0,1.00,0.5,0.5,0.0,0.0,0.0
2026-01-25 18:27:17,clusterA,0,4,4,0,1.00,0.5,0.5,0.0,0.0,0.0
2026-01-25 18:27:17,clusterB,0,4,4,0,1.00,0.5,0.5,0.0,0.0,0.0
2026-01-25 18:27:22,clusterA,0,4,4,0,1.00,0.5,0.5,0.0,0.0,0.0
2026-01-25 18:27:22,clusterB,0,4,4,0,1.00,0.5,0.5,0.0,0.0,0.0
2026-01-25 18:27:27,clusterA,0,4,4,0,1.00,0.5,0.5,0.0,0.0,0.0
2026-01-25 18:27:27,clusterB,0,4,4,0,1.00,0.5,0.5,0.0,0.0,0.0
2026-01-25 18:27:33,clusterA,0,4,4,0,1.00,0.5,0.5,0.0,0.0,0.0
2026-01-25 18:27:33,clusterB,0,4,4,0,1.00,0.5,0.5,0.0,0.0,0.0
2026-01-25 18:27:38,clusterA,0,4,4,0,1.00,0.5,0.5,0.0,0.0,0.0
2026-01-25 18:27:38,clusterB,0,4,4,0,1.00,0.5,0.5,0.0,0.0,0.0
2026-01-25 18:27:43,clusterA,0,4,4,0,1.00,0.5,0.5,0.0,0.0,0.0
2026-01-25 18:27:43,clusterB,0,4,4,0,1.00,0.5,0.5,0.0,0.0,0.0
2026-01-25 18:27:48,clusterA,0,4,4,0,1.00,0.5,0.5,0.0,0.0,0.0
2026-01-25 18:27:48,clusterB,0,4,4,0,1.00,0.5,0.5,0.0,0.0,0.0
2026-01-25 18:27:54,clusterA,0,4,4,0,1.00,0.5,0.5,0.0,0.0,0.0
2026-01-25 18:27:54,clusterB,0,4,4,0,1.00,0.5,0.5,0.0,0.0,0.0
2026-01-25 18:27:59,clusterA,0,4,4,0,1.00,0.5,0.5,0.0,0.0,0.0
2026-01-25 18:27:59,clusterB,0,4,4,0,1.00,0.5,0.5,0.0,0.0,0.0
2026-01-25 18:28:04,clusterA,0,4,4,0,1.00,0.5,0.5,0.0,0.0,0.0
2026-01-25 18:28:04,clusterB,0,4,4,0,1.00,0.5,0.5,0.0,0.0,0.0
2026-01-25 18:28:09,clusterA,0,4,4,0,1.00,0.5,0.5,0.0,0.0,0.0
2026-01-25 18:28:09,clusterB,0,4,4,0,1.00,0.5,0.5,0.0,0.0,0.0
2026-01-25 18:28:14,clusterA,0,4,4,0,1.00,0.5,0.5,0.0,0.0,0.0
2026-01-25 18:28:14,clusterB,0,4,4,0,1.00,0.5,0.5,0.0,0.0,0.0
2026-01-25 18:28:20,clusterA,0,4,4,0,1.00,0.5,0.5,0.0,0.0,0.0
2026-01-25 18:28:20,clusterB,0,4,4,0,1.00,0.5,0.5,0.0,0.0,0.0
2026-01-25 18:28:25,clusterA,0,4,4,0,1.00,0.5,0.5,0.0,0.0,0.0
2026-01-25 18:28:25,clusterB,0,4,4,0,1.00,0.5,0.5,0.0,0.0,0.0
2026-01-25 18:28:30,clusterA,0,4,4,0,1.00,0.5,0.5,0.0,0.0,0.0
2026-01-25 18:28:30,clusterB,0,4,4,0,1.00,0.5,0.5,0.0,0.0,0.0
2026-01-25 18:28:35,clusterA,0,4,4,0,1.00,0.5,0.5,0.0,0.0,0.0
2026-01-25 18:28:35,clusterB,0,4,4,0,1.00,0.5,0.5,0.0,0.0,0.0
2026-01-25 18:28:41,clusterA,0,4,4,0,1.00,0.5,0.5,0.0,0.0,0.0
2026-01-25 18:28:41,clusterB,0,4,4,0,1.00,0.5,0.5,0.0,0.0,0.0
2026-01-25 18:28:46,clusterA,0,4,4,0,1.00,0.5,0.5,0.0,0.0,0.0
2026-01-25 18:28:46,clusterB,0,4,4,0,1.00,0.5,0.5,0.0,0.0,0.0
2026-01-25 18:28:51,clusterA,0,4,4,0,1.00,0.5,0.5,0.0,0.0,0.0
2026-01-25 18:28:51,clusterB,0,4,4,0,1.00,0.5,0.5,0.0,0.0,0.0
2026-01-25 18:28:56,clusterA,0,4,4,0,1.00,0.5,0.5,0.0,0.0,0.0
2026-01-25 18:28:56,clusterB,0,4,4,0,1.00,0.5,0.5,0.0,0.0,0.0
2026-01-25 18:29:02,clusterA,0,4,4,0,1.00,0.5,0.5,0.0,0.0,0.0
2026-01-25 18:29:02,clusterB,0,4,4,0,1.00,0.5,0.5,0.0,0.0,0.0
2026-01-25 18:29:07,clusterA,0,4,4,0,1.00,0.5,0.5,0.0,0.0,0.0
2026-01-25 18:29:07,clusterB,0,4,4,0,1.00,0.5,0.5,0.0,0.0,0.0
2026-01-25 18:29:12,clusterA,0,4,4,0,1.00,0.5,0.5,0.0,0.0,0.0
2026-01-25 18:29:12,clusterB,0,4,4,0,1.00,0.5,0.5,0.0,0.0,0.0
2026-01-25 18:29:17,clusterA,0,4,4,0,1.00,0.5,0.5,0.0,0.0,0.0
2026-01-25 18:29:17,clusterB,0,4,4,0,1.00,0.5,0.5,0.0,0.0,0.0
2026-01-25 18:29:22,clusterA,0,4,4,0,1.00,0.5,0.5,0.0,0.0,0.0
2026-01-25 18:29:22,clusterB,0,4,4,0,1.00,0.5,0.5,0.0,0.0,0.0
2026-01-25 18:29:28,clusterA,0,4,4,0,1.00,0.5,0.5,0.0,0.0,0.0
2026-01-25 18:29:28,clusterB,0,4,4,0,1.00,0.5,0.5,0.0,0.0,0.0
2026-01-25 18:29:33,clusterA,0,4,4,0,1.00,0.5,0.5,0.0,0.0,0.0
2026-01-25 18:29:33,clusterB,0,4,4,0,1.00,0.5,0.5,0.0,0.0,0.0
2026-01-25 18:29:38,clusterA,0,4,4,0,1.00,0.5,0.5,0.0,0.0,0.0
2026-01-25 18:29:38,clusterB,0,4,4,0,1.00,0.5,0.5,0.0,0.0,0.0
2026-01-25 18:29:43,clusterA,0,4,4,0,1.00,0.5,0.5,0.0,0.0,0.0
2026-01-25 18:29:43,clusterB,0,4,4,0,1.00,0.5,0.5,0.0,0.0,0.0
2026-01-25 18:29:49,clusterA,0,4,4,0,1.00,0.5,0.5,0.0,0.0,0.0
2026-01-25 18:29:49,clusterB,0,4,4,0,1.00,0.5,0.5,0.0,0.0,0.0
2026-01-25 18:29:54,clusterA,0,4,4,0,1.00,0.5,0.5,0.0,0.0,0.0
2026-01-25 18:29:54,clusterB,0,4,4,0,1.00,0.5,0.5,0.0,0.0,0.0
2026-01-25 18:29:59,clusterA,0,4,4,0,1.00,0.5,0.5,0.0,0.0,0.0
2026-01-25 18:29:59,clusterB,0,4,4,0,1.00,0.5,0.5,0.0,0.0,0.0
2026-01-25 18:30:04,clusterA,0,4,4,0,1.00,0.5,0.5,0.0,0.0,0.0
2026-01-25 18:30:04,clusterB,0,4,4,0,1.00,0.5,0.5,0.0,0.0,0.0
2026-01-25 18:30:10,clusterA,0,4,4,0,1.00,0.5,0.5,0.0,0.0,0.0
2026-01-25 18:30:10,clusterB,0,4,4,0,1.00,0.5,0.5,0.0,0.0,0.0
2026-01-25 18:30:15,clusterA,0,4,4,0,1.00,0.5,0.5,0.0,0.0,0.0
2026-01-25 18:30:15,clusterB,0,4,4,0,1.00,0.5,0.5,0.0,0.0,0.0
2026-01-25 18:30:20,clusterA,0,4,4,0,1.00,0.5,0.5,0.0,0.0,0.0
2026-01-25 18:30:20,clusterB,0,4,4,0,1.00,0.5,0.5,0.0,0.0,0.0
2026-01-25 18:30:25,clusterA,0,4,4,0,1.00,0.5,0.5,0.0,0.0,0.0
2026-01-25 18:30:25,clusterB,0,4,4,0,1.00,0.5,0.5,0.0,0.0,0.0
2026-01-25 18:30:30,clusterA,0,4,4,0,1.00,0.5,0.5,0.0,0.0,0.0
2026-01-25 18:30:30,clusterB,0,4,4,0,1.00,0.5,0.5,0.0,0.0,0.0
2026-01-25 18:30:36,clusterA,0,4,4,0,1.00,0.5,0.5,0.0,0.0,0.0
2026-01-25 18:30:36,clusterB,0,4,4,0,1.00,0.5,0.5,0.0,0.0,0.0
2026-01-25 18:30:41,clusterA,0,4,4,0,1.00,0.5,0.5,0.0,0.0,0.0
2026-01-25 18:30:41,clusterB,0,4,4,0,1.00,0.5,0.5,0.0,0.0,0.0
2026-01-25 18:30:46,clusterA,0,4,4,0,1.00,0.5,0.5,0.0,0.0,0.0
2026-01-25 18:30:46,clusterB,0,4,4,0,1.00,0.5,0.5,0.0,0.0,0.0
2026-01-25 18:30:51,clusterA,0,4,4,0,1.00,0.5,0.5,0.0,0.0,0.0
2026-01-25 18:30:51,clusterB,0,4,4,0,1.00,0.5,0.5,0.0,0.0,0.0
2026-01-25 18:30:57,clusterA,0,4,4,0,1.00,0.5,0.5,0.0,0.0,0.0
2026-01-25 18:30:57,clusterB,0,4,4,0,1.00,0.5,0.5,0.0,0.0,0.0
2026-01-25 18:31:02,clusterA,0,4,4,0,1.00,0.5,0.5,0.0,0.0,0.0
2026-01-25 18:31:02,clusterB,0,4,4,0,1.00,0.5,0.5,0.0,0.0,0.0
2026-01-25 18:31:07,clusterA,0,4,4,0,1.00,0.5,0.5,0.0,0.0,0.0
2026-01-25 18:31:07,clusterB,0,4,4,0,1.00,0.5,0.5,0.0,0.0,0.0
2026-01-25 18:31:12,clusterA,0,4,4,0,1.00,0.5,0.5,0.0,0.0,0.0
2026-01-25 18:31:12,clusterB,0,4,4,0,1.00,0.5,0.5,0.0,0.0,0.0
2026-01-25 18:31:18,clusterA,0,4,4,0,1.00,0.5,0.5,0.0,0.0,0.0
2026-01-25 18:31:18,clusterB,0,4,4,0,1.00,0.5,0.5,0.0,0.0,0.0
2026-01-25 18:31:23,clusterA,0,4,4,0,1.00,0.5,0.5,0.0,0.0,0.0
2026-01-25 18:31:23,clusterB,0,4,4,0,1.00,0.5,0.5,0.0,0.0,0.0
2026-01-25 18:31:28,clusterA,0,4,4,0,1.00,0.5,0.5,0.0,0.0,0.0
2026-01-25 18:31:28,clusterB,0,4,4,0,1.00,0.5,0.5,0.0,0.0,0.0
2026-01-25 18:31:33,clusterA,0,4,4,0,1.00,0.5,0.5,0.0,0.0,0.0
2026-01-25 18:31:33,clusterB,0,4,4,0,1.00,0.5,0.5,0.0,0.0,0.0
2026-01-25 18:31:38,clusterA,0,4,4,0,1.00,0.5,0.5,0.0,0.0,0.0
2026-01-25 18:31:38,clusterB,0,4,4,0,1.00,0.5,0.5,0.0,0.0,0.0
2026-01-25 18:31:44,clusterA,0,4,4,0,1.00,0.5,0.5,0.0,0.0,0.0
2026-01-25 18:31:44,clusterB,0,4,4,0,1.00,0.5,0.5,0.0,0.0,0.0
2026-01-25 18:31:49,clusterA,0,4,4,0,1.00,0.5,0.5,0.0,0.0,0.0
2026-01-25 18:31:49,clusterB,0,4,4,0,1.00,0.5,0.5,0.0,0.0,0.0
2026-01-25 18:31:54,clusterA,0,4,4,0,1.00,0.5,0.5,0.0,0.0,0.0
2026-01-25 18:31:54,clusterB,0,4,4,0,1.00,0.5,0.5,0.0,0.0,0.0
2026-01-25 18:31:59,clusterA,0,4,4,0,1.00,0.5,0.5,0.0,0.0,0.0
2026-01-25 18:31:59,clusterB,0,4,4,0,1.00,0.5,0.5,0.0,0.0,0.0
2026-01-25 18:32:05,clusterA,0,4,4,0,1.00,0.5,0.5,0.0,0.0,0.0
2026-01-25 18:32:05,clusterB,0,4,4,0,1.00,0.5,0.5,0.0,0.0,0.0
2026-01-25 18:32:10,clusterA,0,4,4,0,1.00,0.5,0.5,0.0,0.0,0.0
2026-01-25 18:32:10,clusterB,0,4,4,0,1.00,0.5,0.5,0.0,0.0,0.0
2026-01-25 18:32:15,clusterA,0,4,4,0,1.00,0.5,0.5,0.0,0.0,0.0
2026-01-25 18:32:15,clusterB,0,4,4,0,1.00,0.5,0.5,0.0,0.0,0.0
2026-01-25 18:32:20,clusterA,0,4,4,0,1.00,0.5,0.5,0.0,0.0,0.0
2026-01-25 18:32:20,clusterB,0,4,4,0,1.00,0.5,0.5,0.0,0.0,0.0
2026-01-25 18:32:26,clusterA,0,4,4,0,1.00,0.5,0.5,0.0,0.0,0.0
2026-01-25 18:32:26,clusterB,0,4,4,0,1.00,0.5,0.5,0.0,0.0,0.0
2026-01-25 18:32:31,clusterA,0,4,4,0,1.00,0.5,0.5,0.0,0.0,0.0
2026-01-25 18:32:31,clusterB,0,4,4,0,1.00,0.5,0.5,0.0,0.0,0.0
2026-01-25 18:32:36,clusterA,0,4,4,0,1.00,0.5,0.5,0.0,0.0,0.0
2026-01-25 18:32:36,clusterB,0,4,4,0,1.00,0.5,0.5,0.0,0.0,0.0
2026-01-25 18:32:41,clusterA,0,4,4,0,1.00,0.5,0.5,0.0,0.0,0.0
2026-01-25 18:32:41,clusterB,0,4,4,0,1.00,0.5,0.5,0.0,0.0,0.0
2026-01-25 18:32:46,clusterA,0,4,4,0,1.00,0.5,0.5,0.0,0.0,0.0
2026-01-25 18:32:46,clusterB,0,4,4,0,1.00,0.5,0.5,0.0,0.0,0.0
2026-01-25 18:32:52,clusterA,0,4,4,0,1.00,0.5,0.5,0.0,0.0,0.0
2026-01-25 18:32:52,clusterB,0,4,4,0,1.00,0.5,0.5,0.0,0.0,0.0
2026-01-25 18:32:57,clusterA,0,4,4,0,1.00,0.5,0.5,0.0,0.0,0.0
2026-01-25 18:32:57,clusterB,0,4,4,0,1.00,0.5,0.5,0.0,0.0,0.0
2026-01-25 18:33:02,clusterA,0,4,4,0,1.00,0.5,0.5,0.0,0.0,0.0
2026-01-25 18:33:02,clusterB,0,4,4,0,1.00,0.5,0.5,0.0,0.0,0.0
2026-01-25 18:33:07,clusterA,0,4,4,0,1.00,0.5,0.5,0.0,0.0,0.0
2026-01-25 18:33:07,clusterB,0,4,4,0,1.00,0.5,0.5,0.0,0.0,0.0
2026-01-25 18:33:13,clusterA,0,4,4,0,1.00,0.5,0.5,0.0,0.0,0.0
2026-01-25 18:33:13,clusterB,0,4,4,0,1.00,0.5,0.5,0.0,0.0,0.0
2026-01-25 18:33:18,clusterA,0,4,4,0,1.00,0.5,0.5,0.0,0.0,0.0
2026-01-25 18:33:18,clusterB,0,4,4,0,1.00,0.5,0.5,0.0,0.0,0.0
2026-01-25 18:33:23,clusterA,0,4,4,0,1.00,0.5,0.5,0.0,0.0,0.0
2026-01-25 18:33:23,clusterB,0,4,4,0,1.00,0.5,0.5,0.0,0.0,0.0
2026-01-25 18:33:28,clusterA,0,4,4,0,1.00,0.5,0.5,0.0,0.0,0.0
2026-01-25 18:33:28,clusterB,0,4,4,0,1.00,0.5,0.5,0.0,0.0,0.0
2026-01-25 18:33:34,clusterA,0,4,4,0,1.00,0.5,0.5,0.0,0.0,0.0
2026-01-25 18:33:34,clusterB,0,4,4,0,1.00,0.5,0.5,0.0,0.0,0.0
2026-01-25 18:33:39,clusterA,0,4,4,0,1.00,0.5,0.5,0.0,0.0,0.0
2026-01-25 18:33:39,clusterB,0,4,4,0,1.00,0.5,0.5,0.0,0.0,0.0
2026-01-25 18:33:44,clusterA,0,4,4,0,1.00,0.5,0.5,0.0,0.0,0.0
2026-01-25 18:33:44,clusterB,0,4,4,0,1.00,0.5,0.5,0.0,0.0,0.0
2026-01-25 18:33:49,clusterA,0,4,4,0,1.00,0.5,0.5,0.0,0.0,0.0
2026-01-25 18:33:49,clusterB,0,4,4,0,1.00,0.5,0.5,0.0,0.0,0.0
2026-01-25 18:33:54,clusterA,0,4,4,0,1.00,0.5,0.5,0.0,0.0,0.0
2026-01-25 18:33:54,clusterB,0,4,4,0,1.00,0.5,0.5,0.0,0.0,0.0
2026-01-25 18:34:00,clusterA,0,4,4,0,1.00,0.5,0.5,0.0,0.0,0.0
2026-01-25 18:34:00,clusterB,0,4,4,0,1.00,0.5,0.5,0.0,0.0,0.0
2026-01-25 18:34:05,clusterA,0,4,4,0,1.00,0.5,0.5,0.0,0.0,0.0
2026-01-25 18:34:05,clusterB,0,4,4,0,1.00,0.5,0.5,0.0,0.0,0.0
2026-01-25 18:34:10,clusterA,0,4,4,0,1.00,0.5,0.5,0.0,0.0,0.0
2026-01-25 18:34:10,clusterB,0,4,4,0,1.00,0.5,0.5,0.0,0.0,0.0
2026-01-25 18:34:15,clusterA,0,4,4,0,1.00,0.5,0.5,0.0,0.0,0.0
2026-01-25 18:34:15,clusterB,0,4,4,0,1.00,0.5,0.5,0.0,0.0,0.0
2026-01-25 18:34:21,clusterA,0,4,4,0,1.00,0.5,0.5,0.0,0.0,0.0
2026-01-25 18:34:21,clusterB,0,4,4,0,1.00,0.5,0.5,0.0,0.0,0.0
2026-01-25 18:34:26,clusterA,0,4,4,0,1.00,0.5,0.5,0.0,0.0,0.0
2026-01-25 18:34:26,clusterB,0,4,4,0,1.00,0.5,0.5,0.0,0.0,0.0
2026-01-25 18:34:31,clusterA,0,4,4,0,1.00,0.5,0.5,0.0,0.0,0.0
2026-01-25 18:34:31,clusterB,0,4,4,0,1.00,0.5,0.5,0.0,0.0,0.0
2026-01-25 18:34:36,clusterA,0,4,4,0,1.00,0.5,0.5,0.0,0.0,0.0
2026-01-25 18:34:36,clusterB,0,4,4,0,1.00,0.5,0.5,0.0,0.0,0.0
2026-01-25 18:34:42,clusterA,0,4,4,0,1.00,0.5,0.5,0.0,0.0,0.0
2026-01-25 18:34:42,clusterB,0,4,4,0,1.00,0.5,0.5,0.0,0.0,0.0
2026-01-25 18:34:47,clusterA,0,4,4,0,1.00,0.5,0.5,0.0,0.0,0.0
2026-01-25 18:34:47,clusterB,0,4,4,0,1.00,0.5,0.5,0.0,0.0,0.0
2026-01-25 18:34:52,clusterA,0,4,4,0,1.00,0.5,0.5,0.0,0.0,0.0
2026-01-25 18:34:52,clusterB,0,4,4,0,1.00,0.5,0.5,0.0,0.0,0.0
2026-01-25 18:34:57,clusterA,0,4,4,0,1.00,0.5,0.5,0.0,0.0,0.0
2026-01-25 18:34:57,clusterB,0,4,4,0,1.00,0.5,0.5,0.0,0.0,0.0
2026-01-25 18:35:03,clusterA,0,4,4,0,1.00,0.5,0.5,0.0,0.0,0.0
2026-01-25 18:35:03,clusterB,0,4,4,0,1.00,0.5,0.5,0.0,0.0,0.0
2026-01-25 18:35:08,clusterA,0,4,4,0,1.00,0.5,0.5,0.0,0.0,0.0
2026-01-25 18:35:08,clusterB,0,4,4,0,1.00,0.5,0.5,0.0,0.0,0.0
2026-01-25 18:35:13,clusterA,0,4,4,0,1.00,0.5,0.5,0.0,0.0,0.0
2026-01-25 18:35:13,clusterB,0,4,4,0,1.00,0.5,0.5,0.0,0.0,0.0
2026-01-25 18:35:18,clusterA,0,4,4,0,1.00,0.5,0.5,0.0,0.0,0.0
2026-01-25 18:35:18,clusterB,0,4,4,0,1.00,0.5,0.5,0.0,0.0,0.0
2026-01-25 18:35:23,clusterA,0,4,4,0,1.00,0.5,0.5,0.0,0.0,0.0
2026-01-25 18:35:23,clusterB,0,4,4,0,1.00,0.5,0.5,0.0,0.0,0.0
2026-01-25 18:35:29,clusterA,0,4,4,0,1.00,0.5,0.5,0.0,0.0,0.0
2026-01-25 18:35:29,clusterB,0,4,4,0,1.00,0.5,0.5,0.0,0.0,0.0
2026-01-25 18:35:34,clusterA,0,4,4,0,1.00,0.5,0.5,0.0,0.0,0.0
2026-01-25 18:35:34,clusterB,0,4,4,0,1.00,0.5,0.5,0.0,0.0,0.0
2026-01-25 18:35:39,clusterA,0,4,4,0,1.00,0.5,0.5,0.0,0.0,0.0
2026-01-25 18:35:39,clusterB,0,4,4,0,1.00,0.5,0.5,0.0,0.0,0.0
2026-01-25 18:35:44,clusterA,0,4,4,0,1.00,0.5,0.5,0.0,0.0,0.0
2026-01-25 18:35:44,clusterB,0,4,4,0,1.00,0.5,0.5,0.0,0.0,0.0
2026-01-25 18:35:50,clusterA,0,4,4,0,1.00,0.5,0.5,0.0,0.0,0.0
2026-01-25 18:35:50,clusterB,0,4,4,0,1.00,0.5,0.5,0.0,0.0,0.0
2026-01-25 18:35:55,clusterA,0,4,4,0,1.00,0.5,0.5,0.0,0.0,0.0
2026-01-25 18:35:55,clusterB,0,4,4,0,1.00,0.5,0.5,0.0,0.0,0.0
2026-01-25 18:36:00,clusterA,0,4,4,0,1.00,0.5,0.5,0.0,0.0,0.0
2026-01-25 18:36:00,clusterB,0,4,4,0,1.00,0.5,0.5,0.0,0.0,0.0
2026-01-25 18:36:05,clusterA,0,4,4,0,1.00,0.5,0.5,0.0,0.0,0.0
2026-01-25 18:36:05,clusterB,0,4,4,0,1.00,0.5,0.5,0.0,0.0,0.0
2026-01-25 18:36:11,clusterA,0,4,4,0,1.00,0.5,0.5,0.0,0.0,0.0
2026-01-25 18:36:11,clusterB,0,4,4,0,1.00,0.5,0.5,0.0,0.0,0.0
2026-01-25 18:36:16,clusterA,0,4,4,0,1.00,0.5,0.5,0.0,0.0,0.0
2026-01-25 18:36:16,clusterB,0,4,4,0,1.00,0.5,0.5,0.0,0.0,0.0
2026-01-25 18:36:21,clusterA,0,4,4,0,1.00,0.5,0.5,0.0,0.0,0.0
2026-01-25 18:36:21,clusterB,0,4,4,0,1.00,0.5,0.5,0.0,0.0,0.0
2026-01-25 18:36:26,clusterA,0,4,4,0,1.00,0.5,0.5,0.0,0.0,0.0
2026-01-25 18:36:26,clusterB,0,4,4,0,1.00,0.5,0.5,0.0,0.0,0.0
2026-01-25 18:36:32,clusterA,0,4,4,0,1.00,0.5,0.5,0.0,0.0,0.0
2026-01-25 18:36:32,clusterB,0,4,4,0,1.00,0.5,0.5,0.0,0.0,0.0
2026-01-25 18:36:37,clusterA,0,4,4,0,1.00,0.5,0.5,0.0,0.0,0.0
2026-01-25 18:36:37,clusterB,0,4,4,0,1.00,0.5,0.5,0.0,0.0,0.0
2026-01-25 18:36:42,clusterA,0,4,4,0,1.00,0.5,0.5,0.0,0.0,0.0
2026-01-25 18:36:42,clusterB,0,4,4,0,1.00,0.5,0.5,0.0,0.0,0.0
2026-01-25 18:36:47,clusterA,0,4,4,0,1.00,0.5,0.5,0.0,0.0,0.0
2026-01-25 18:36:47,clusterB,0,4,4,0,1.00,0.5,0.5,0.0,0.0,0.0
2026-01-25 18:36:52,clusterA,0,4,4,0,1.00,0.5,0.5,0.0,0.0,0.0
2026-01-25 18:36:52,clusterB,0,4,4,0,1.00,0.5,0.5,0.0,0.0,0.0
2026-01-25 18:36:58,clusterA,0,4,4,0,1.00,0.5,0.5,0.0,0.0,0.0
2026-01-25 18:36:58,clusterB,0,4,4,0,1.00,0.5,0.5,0.0,0.0,0.0
2026-01-25 18:37:03,clusterA,0,4,4,0,1.00,0.5,0.5,0.0,0.0,0.0
2026-01-25 18:37:03,clusterB,0,4,4,0,1.00,0.5,0.5,0.0,0.0,0.0
2026-01-25 18:37:08,clusterA,0,4,4,0,1.00,0.5,0.5,0.0,0.0,0.0
2026-01-25 18:37:08,clusterB,0,4,4,0,1.00,0.5,0.5,0.0,0.0,0.0
2026-01-25 18:37:13,clusterA,0,4,4,0,1.00,0.5,0.5,0.0,0.0,0.0
2026-01-25 18:37:13,clusterB,0,4,4,0,1.00,0.5,0.5,0.0,0.0,0.0
2026-01-25 18:37:19,clusterA,0,4,4,0,1.00,0.5,0.5,0.0,0.0,0.0
2026-01-25 18:37:19,clusterB,0,4,4,0,1.00,0.5,0.5,0.0,0.0,0.0
2026-01-25 18:37:24,clusterA,0,4,4,0,1.00,0.5,0.5,0.0,0.0,0.0
2026-01-25 18:37:24,clusterB,0,4,4,0,1.00,0.5,0.5,0.0,0.0,0.0
2026-01-25 18:37:29,clusterA,0,4,4,0,1.00,0.5,0.5,0.0,0.0,0.0
2026-01-25 18:37:29,clusterB,0,4,4,0,1.00,0.5,0.5,0.0,0.0,0.0
2026-01-25 18:37:34,clusterA,0,4,4,0,1.00,0.5,0.5,0.0,0.0,0.0
2026-01-25 18:37:34,clusterB,0,4,4,0,1.00,0.5,0.5,0.0,0.0,0.0
2026-01-25 18:37:40,clusterA,0,4,4,0,1.00,0.5,0.5,0.0,0.0,0.0
2026-01-25 18:37:40,clusterB,0,4,4,0,1.00,0.5,0.5,0.0,0.0,0.0
2026-01-25 18:37:45,clusterA,0,4,4,0,1.00,0.5,0.5,0.0,0.0,0.0
2026-01-25 18:37:45,clusterB,0,4,4,0,1.00,0.5,0.5,0.0,0.0,0.0
2026-01-25 18:37:50,clusterA,0,4,4,0,1.00,0.5,0.5,0.0,0.0,0.0
2026-01-25 18:37:50,clusterB,0,4,4,0,1.00,0.5,0.5,0.0,0.0,0.0
2026-01-25 18:37:55,clusterA,0,4,4,0,1.00,0.5,0.5,0.0,0.0,0.0
2026-01-25 18:37:55,clusterB,0,4,4,0,1.00,0.5,0.5,0.0,0.0,0.0
2026-01-25 18:38:00,clusterA,0,4,4,0,1.00,0.5,0.5,0.0,0.0,0.0
2026-01-25 18:38:00,clusterB,0,4,4,0,1.00,0.5,0.5,0.0,0.0,0.0
2026-01-25 18:38:06,clusterA,0,4,4,0,1.00,0.5,0.5,0.0,0.0,0.0
2026-01-25 18:38:06,clusterB,0,4,4,0,1.00,0.5,0.5,0.0,0.0,0.0
2026-01-25 18:38:11,clusterA,0,4,4,0,1.00,0.5,0.5,0.0,0.0,0.0
2026-01-25 18:38:11,clusterB,0,4,4,0,1.00,0.5,0.5,0.0,0.0,0.0
2026-01-25 18:38:16,clusterA,0,4,4,0,1.00,0.5,0.5,0.0,0.0,0.0
2026-01-25 18:38:16,clusterB,0,4,4,0,1.00,0.5,0.5,0.0,0.0,0.0
2026-01-25 18:38:21,clusterA,0,4,4,0,1.00,0.5,0.5,0.0,0.0,0.0
2026-01-25 18:38:21,clusterB,0,4,4,0,1.00,0.5,0.5,0.0,0.0,0.0
2026-01-25 18:38:27,clusterA,0,4,4,0,1.00,0.5,0.5,0.0,0.0,0.0
2026-01-25 18:38:27,clusterB,0,4,4,0,1.00,0.5,0.5,0.0,0.0,0.0
2026-01-25 18:38:32,clusterA,0,4,4,0,1.00,0.5,0.5,0.0,0.0,0.0
2026-01-25 18:38:32,clusterB,0,4,4,0,1.00,0.5,0.5,0.0,0.0,0.0
2026-01-25 18:38:37,clusterA,0,4,4,0,1.00,0.5,0.5,0.0,0.0,0.0
2026-01-25 18:38:37,clusterB,0,4,4,0,1.00,0.5,0.5,0.0,0.0,0.0
2026-01-25 18:38:42,clusterA,0,4,4,0,1.00,0.5,0.5,0.0,0.0,0.0
2026-01-25 18:38:42,clusterB,0,4,4,0,1.00,0.5,0.5,0.0,0.0,0.0
2026-01-25 18:38:48,clusterA,0,4,4,0,1.00,0.5,0.5,0.0,0.0,0.0
2026-01-25 18:38:48,clusterB,0,4,4,0,1.00,0.5,0.5,0.0,0.0,0.0
2026-01-25 18:38:53,clusterA,0,4,4,0,1.00,0.5,0.5,0.0,0.0,0.0
2026-01-25 18:38:53,clusterB,0,4,4,0,1.00,0.5,0.5,0.0,0.0,0.0
2026-01-25 18:38:58,clusterA,0,4,4,0,1.00,0.5,0.5,0.0,0.0,0.0
2026-01-25 18:38:58,clusterB,0,4,4,0,1.00,0.5,0.5,0.0,0.0,0.0
2026-01-25 18:39:03,clusterA,0,4,4,0,1.00,0.5,0.5,0.0,0.0,0.0
2026-01-25 18:39:03,clusterB,0,4,4,0,1.00,0.5,0.5,0.0,0.0,0.0
2026-01-25 18:39:08,clusterA,0,4,4,0,1.00,0.5,0.5,0.0,0.0,0.0
2026-01-25 18:39:08,clusterB,0,4,4,0,1.00,0.5,0.5,0.0,0.0,0.0
2026-01-25 18:39:14,clusterA,0,4,4,0,1.00,0.5,0.5,0.0,0.0,0.0
2026-01-25 18:39:14,clusterB,0,4,4,0,1.00,0.5,0.5,0.0,0.0,0.0
2026-01-25 18:39:19,clusterA,0,4,4,0,1.00,0.5,0.5,0.0,0.0,0.0
2026-01-25 18:39:19,clusterB,0,4,4,0,1.00,0.5,0.5,0.0,0.0,0.0
2026-01-25 18:39:24,clusterA,0,4,4,0,1.00,0.5,0.5,0.0,0.0,0.0
2026-01-25 18:39:24,clusterB,0,4,4,0,1.00,0.5,0.5,0.0,0.0,0.0
2026-01-25 18:39:29,clusterA,0,4,4,0,1.00,0.5,0.5,0.0,0.0,0.0
2026-01-25 18:39:29,clusterB,0,4,4,0,1.00,0.5,0.5,0.0,0.0,0.0
2026-01-25 18:39:35,clusterA,0,4,4,0,1.00,0.5,0.5,0.0,0.0,0.0
2026-01-25 18:39:35,clusterB,0,4,4,0,1.00,0.5,0.5,0.0,0.0,0.0
2026-01-25 18:39:40,clusterA,0,4,4,0,1.00,0.5,0.5,0.0,0.0,0.0
2026-01-25 18:39:40,clusterB,0,4,4,0,1.00,0.5,0.5,0.0,0.0,0.0
2026-01-25 18:39:45,clusterA,0,4,4,0,1.00,0.5,0.5,0.0,0.0,0.0
2026-01-25 18:39:45,clusterB,0,4,4,0,1.00,0.5,0.5,0.0,0.0,0.0
2026-01-25 18:39:50,clusterA,0,4,4,0,1.00,0.5,0.5,0.0,0.0,0.0
2026-01-25 18:39:50,clusterB,0,4,4,0,1.00,0.5,0.5,0.0,0.0,0.0
2026-01-25 18:39:56,clusterA,0,4,4,0,1.00,0.5,0.5,0.0,0.0,0.0
2026-01-25 18:39:56,clusterB,0,4,4,0,1.00,0.5,0.5,0.0,0.0,0.0
2026-01-25 18:40:01,clusterA,0,4,4,0,1.00,0.5,0.5,0.0,0.0,0.0
2026-01-25 18:40:01,clusterB,0,4,4,0,1.00,0.5,0.5,0.0,0.0,0.0
2026-01-25 18:40:06,clusterA,0,4,4,0,1.00,0.5,0.5,0.0,0.0,0.0
2026-01-25 18:40:06,clusterB,0,4,4,0,1.00,0.5,0.5,0.0,0.0,0.0
2026-01-25 18:40:11,clusterA,0,4,4,0,1.00,0.5,0.5,0.0,0.0,0.0
2026-01-25 18:40:11,clusterB,0,4,4,0,1.00,0.5,0.5,0.0,0.0,0.0
2026-01-25 18:40:16,clusterA,0,4,4,0,1.00,0.5,0.5,0.0,0.0,0.0
2026-01-25 18:40:16,clusterB,0,4,4,0,1.00,0.5,0.5,0.0,0.0,0.0
2026-01-25 18:40:22,clusterA,0,4,4,0,1.00,0.5,0.5,0.0,0.0,0.0
2026-01-25 18:40:22,clusterB,0,4,4,0,1.00,0.5,0.5,0.0,0.0,0.0
2026-01-25 18:40:27,clusterA,0,4,4,0,1.00,0.5,0.5,0.0,0.0,0.0
2026-01-25 18:40:27,clusterB,0,4,4,0,1.00,0.5,0.5,0.0,0.0,0.0
2026-01-25 18:40:32,clusterA,0,4,4,0,1.00,0.5,0.5,0.0,0.0,0.0
2026-01-25 18:40:32,clusterB,0,4,4,0,1.00,0.5,0.5,0.0,0.0,0.0
2026-01-25 18:40:37,clusterA,0,4,4,0,1.00,0.5,0.5,0.0,0.0,0.0
2026-01-25 18:40:37,clusterB,0,4,4,0,1.00,0.5,0.5,0.0,0.0,0.0
2026-01-25 18:40:43,clusterA,0,4,4,0,1.00,0.5,0.5,0.0,0.0,0.0
2026-01-25 18:40:43,clusterB,0,4,4,0,1.00,0.5,0.5,0.0,0.0,0.0
2026-01-25 18:40:48,clusterA,0,4,4,0,1.00,0.5,0.5,0.0,0.0,0.0
2026-01-25 18:40:48,clusterB,0,4,4,0,1.00,0.5,0.5,0.0,0.0,0.0
2026-01-25 18:40:53,clusterA,0,4,4,0,1.00,0.5,0.5,0.0,0.0,0.0
2026-01-25 18:40:53,clusterB,0,4,4,0,1.00,0.5,0.5,0.0,0.0,0.0
2026-01-25 18:40:58,clusterA,0,4,4,0,1.00,0.5,0.5,0.0,0.0,0.0
2026-01-25 18:40:58,clusterB,0,4,4,0,1.00,0.5,0.5,0.0,0.0,0.0
2026-01-25 18:41:03,clusterA,0,4,4,0,1.00,0.5,0.5,0.0,0.0,0.0
2026-01-25 18:41:03,clusterB,0,4,4,0,1.00,0.5,0.5,0.0,0.0,0.0
2026-01-25 18:41:09,clusterA,0,4,4,0,1.00,0.5,0.5,0.0,0.0,0.0
2026-01-25 18:41:09,clusterB,0,4,4,0,1.00,0.5,0.5,0.0,0.0,0.0
2026-01-25 18:41:14,clusterA,0,4,4,0,1.00,0.5,0.5,0.0,0.0,0.0
2026-01-25 18:41:14,clusterB,0,4,4,0,1.00,0.5,0.5,0.0,0.0,0.0
2026-01-25 18:41:19,clusterA,0,4,4,0,1.00,0.5,0.5,0.0,0.0,0.0
2026-01-25 18:41:19,clusterB,0,4,4,0,1.00,0.5,0.5,0.0,0.0,0.0
2026-01-25 18:41:24,clusterA,0,4,4,0,1.00,0.5,0.5,0.0,0.0,0.0
2026-01-25 18:41:24,clusterB,0,4,4,0,1.00,0.5,0.5,0.0,0.0,0.0
2026-01-25 18:41:30,clusterA,0,4,4,0,1.00,0.5,0.5,0.0,0.0,0.0
2026-01-25 18:41:30,clusterB,0,4,4,0,1.00,0.5,0.5,0.0,0.0,0.0
2026-01-25 18:41:35,clusterA,0,4,4,0,1.00,0.5,0.5,0.0,0.0,0.0
2026-01-25 18:41:35,clusterB,0,4,4,0,1.00,0.5,0.5,0.0,0.0,0.0
2026-01-25 18:41:40,clusterA,0,4,4,0,1.00,0.5,0.5,0.0,0.0,0.0
2026-01-25 18:41:40,clusterB,0,4,4,0,1.00,0.5,0.5,0.0,0.0,0.0
2026-01-25 18:41:45,clusterA,0,4,4,0,1.00,0.5,0.5,0.0,0.0,0.0
2026-01-25 18:41:45,clusterB,0,4,4,0,1.00,0.5,0.5,0.0,0.0,0.0
2026-01-25 18:41:51,clusterA,0,4,4,0,1.00,0.5,0.5,0.0,0.0,0.0
2026-01-25 18:41:51,clusterB,0,4,4,0,1.00,0.5,0.5,0.0,0.0,0.0
2026-01-25 18:41:56,clusterA,0,4,4,0,1.00,0.5,0.5,0.0,0.0,0.0
2026-01-25 18:41:56,clusterB,0,4,4,0,1.00,0.5,0.5,0.0,0.0,0.0
2026-01-25 18:42:01,clusterA,0,4,4,0,1.00,0.5,0.5,0.0,0.0,0.0
2026-01-25 18:42:01,clusterB,0,4,4,0,1.00,0.5,0.5,0.0,0.0,0.0
2026-01-25 18:42:06,clusterA,0,4,4,0,1.00,0.5,0.5,0.0,0.0,0.0
2026-01-25 18:42:06,clusterB,0,4,4,0,1.00,0.5,0.5,0.0,0.0,0.0
2026-01-25 18:42:12,clusterA,0,4,4,0,1.00,0.5,0.5,0.0,0.0,0.0
2026-01-25 18:42:12,clusterB,0,4,4,0,1.00,0.5,0.5,0.0,0.0,0.0
2026-01-25 18:42:17,clusterA,0,4,4,0,1.00,0.5,0.5,0.0,0.0,0.0
2026-01-25 18:42:17,clusterB,0,4,4,0,1.00,0.5,0.5,0.0,0.0,0.0
2026-01-25 18:42:22,clusterA,0,4,4,0,1.00,0.5,0.5,0.0,0.0,0.0
2026-01-25 18:42:22,clusterB,0,4,4,0,1.00,0.5,0.5,0.0,0.0,0.0
2026-01-25 18:42:27,clusterA,0,4,4,0,1.00,0.5,0.5,0.0,0.0,0.0
2026-01-25 18:42:27,clusterB,0,4,4,0,1.00,0.5,0.5,0.0,0.0,0.0
2026-01-25 18:42:32,clusterA,0,4,4,0,1.00,0.5,0.5,0.0,0.0,0.0
2026-01-25 18:42:32,clusterB,0,4,4,0,1.00,0.5,0.5,0.0,0.0,0.0
2026-01-25 18:42:38,clusterA,0,4,4,0,1.00,0.5,0.5,0.0,0.0,0.0
2026-01-25 18:42:38,clusterB,0,4,4,0,1.00,0.5,0.5,0.0,0.0,0.0
2026-01-25 18:42:43,clusterA,0,4,4,0,1.00,0.5,0.5,0.0,0.0,0.0
2026-01-25 18:42:43,clusterB,0,4,4,0,1.00,0.5,0.5,0.0,0.0,0.0
2026-01-25 18:42:48,clusterA,0,4,4,0,1.00,0.5,0.5,0.0,0.0,0.0
2026-01-25 18:42:48,clusterB,0,4,4,0,1.00,0.5,0.5,0.0,0.0,0.0
2026-01-25 18:42:53,clusterA,0,4,4,0,1.00,0.5,0.5,0.0,0.0,0.0
2026-01-25 18:42:53,clusterB,0,4,4,0,1.00,0.5,0.5,0.0,0.0,0.0
2026-01-25 18:42:59,clusterA,0,4,4,0,1.00,0.5,0.5,0.0,0.0,0.0
2026-01-25 18:42:59,clusterB,0,4,4,0,1.00,0.5,0.5,0.0,0.0,0.0
2026-01-25 18:43:04,clusterA,0,4,4,0,1.00,0.5,0.5,0.0,0.0,0.0
2026-01-25 18:43:04,clusterB,0,4,4,0,1.00,0.5,0.5,0.0,0.0,0.0
2026-01-25 18:43:09,clusterA,0,4,4,0,1.00,0.5,0.5,0.0,0.0,0.0
2026-01-25 18:43:09,clusterB,0,4,4,0,1.00,0.5,0.5,0.0,0.0,0.0
2026-01-25 18:43:14,clusterA,0,4,4,0,1.00,0.5,0.5,0.0,0.0,0.0
2026-01-25 18:43:14,clusterB,0,4,4,0,1.00,0.5,0.5,0.0,0.0,0.0
2026-01-25 18:43:19,clusterA,0,4,4,0,1.00,0.5,0.5,0.0,0.0,0.0
2026-01-25 18:43:19,clusterB,0,4,4,0,1.00,0.5,0.5,0.0,0.0,0.0
2026-01-25 18:43:25,clusterA,0,4,4,0,1.00,0.5,0.5,0.0,0.0,0.0
2026-01-25 18:43:25,clusterB,0,4,4,0,1.00,0.5,0.5,0.0,0.0,0.0
2026-01-25 18:43:30,clusterA,0,4,4,0,1.00,0.5,0.5,0.0,0.0,0.0
2026-01-25 18:43:30,clusterB,0,4,4,0,1.00,0.5,0.5,0.0,0.0,0.0
2026-01-25 18:43:35,clusterA,0,4,4,0,1.00,0.5,0.5,0.0,0.0,0.0
2026-01-25 18:43:35,clusterB,0,4,4,0,1.00,0.5,0.5,0.0,0.0,0.0
2026-01-25 18:43:40,clusterA,0,4,4,0,1.00,0.5,0.5,0.0,0.0,0.0
2026-01-25 18:43:40,clusterB,0,4,4,0,1.00,0.5,0.5,0.0,0.0,0.0
2026-01-25 18:43:46,clusterA,0,4,4,0,1.00,0.5,0.5,0.0,0.0,0.0
2026-01-25 18:43:46,clusterB,0,4,4,0,1.00,0.5,0.5,0.0,0.0,0.0
2026-01-25 18:43:51,clusterA,0,4,4,0,1.00,0.5,0.5,0.0,0.0,0.0
2026-01-25 18:43:51,clusterB,0,4,4,0,1.00,0.5,0.5,0.0,0.0,0.0
2026-01-25 18:43:56,clusterA,0,4,4,0,1.00,0.5,0.5,0.0,0.0,0.0
2026-01-25 18:43:56,clusterB,0,4,4,0,1.00,0.5,0.5,0.0,0.0,0.0
2026-01-25 18:44:01,clusterA,0,4,4,0,1.00,0.5,0.5,0.0,0.0,0.0
2026-01-25 18:44:01,clusterB,0,4,4,0,1.00,0.5,0.5,0.0,0.0,0.0
2026-01-25 18:44:07,clusterA,0,4,4,0,1.00,0.5,0.5,0.0,0.0,0.0
2026-01-25 18:44:07,clusterB,0,4,4,0,1.00,0.5,0.5,0.0,0.0,0.0
2026-01-25 18:44:12,clusterA,0,4,4,0,1.00,0.5,0.5,0.0,0.0,0.0
2026-01-25 18:44:12,clusterB,0,4,4,0,1.00,0.5,0.5,0.0,0.0,0.0
2026-01-25 18:44:17,clusterA,0,4,4,0,1.00,0.5,0.5,0.0,0.0,0.0
2026-01-25 18:44:17,clusterB,0,4,4,0,1.00,0.5,0.5,0.0,0.0,0.0
2026-01-25 18:44:22,clusterA,0,4,4,0,1.00,0.5,0.5,0.0,0.0,0.0
2026-01-25 18:44:22,clusterB,0,4,4,0,1.00,0.5,0.5,0.0,0.0,0.0
2026-01-25 18:44:28,clusterA,0,4,4,0,1.00,0.5,0.5,0.0,0.0,0.0
2026-01-25 18:44:28,clusterB,0,4,4,0,1.00,0.5,0.5,0.0,0.0,0.0
2026-01-25 18:44:33,clusterA,0,4,4,0,1.00,0.5,0.5,0.0,0.0,0.0
2026-01-25 18:44:33,clusterB,0,4,4,0,1.00,0.5,0.5,0.0,0.0,0.0
2026-01-25 18:44:38,clusterA,0,4,4,0,1.00,0.5,0.5,0.0,0.0,0.0
2026-01-25 18:44:38,clusterB,0,4,4,0,1.00,0.5,0.5,0.0,0.0,0.0
2026-01-25 18:44:43,clusterA,0,4,4,0,1.00,0.5,0.5,0.0,0.0,0.0
2026-01-25 18:44:43,clusterB,0,4,4,0,1.00,0.5,0.5,0.0,0.0,0.0
2026-01-25 18:44:48,clusterA,0,4,4,0,1.00,0.5,0.5,0.0,0.0,0.0
2026-01-25 18:44:48,clusterB,0,4,4,0,1.00,0.5,0.5,0.0,0.0,0.0
2026-01-25 18:44:54,clusterA,0,4,4,0,1.00,0.5,0.5,0.0,0.0,0.0
2026-01-25 18:44:54,clusterB,0,4,4,0,1.00,0.5,0.5,0.0,0.0,0.0
2026-01-25 18:44:59,clusterA,0,4,4,0,1.00,0.5,0.5,0.0,0.0,0.0
2026-01-25 18:44:59,clusterB,0,4,4,0,1.00,0.5,0.5,0.0,0.0,0.0
2026-01-25 18:45:04,clusterA,0,4,4,0,1.00,0.5,0.5,0.0,0.0,0.0
2026-01-25 18:45:04,clusterB,0,4,4,0,1.00,0.5,0.5,0.0,0.0,0.0
2026-01-25 18:45:09,clusterA,0,4,4,0,1.00,0.5,0.5,0.0,0.0,0.0
2026-01-25 18:45:09,clusterB,0,4,4,0,1.00,0.5,0.5,0.0,0.0,0.0
2026-01-25 18:45:15,clusterA,0,4,4,0,1.00,0.5,0.5,0.0,0.0,0.0
2026-01-25 18:45:15,clusterB,0,4,4,0,1.00,0.5,0.5,0.0,0.0,0.0
2026-01-25 18:45:20,clusterA,0,4,4,0,1.00,0.5,0.5,0.0,0.0,0.0
2026-01-25 18:45:20,clusterB,0,4,4,0,1.00,0.5,0.5,0.0,0.0,0.0
2026-01-25 18:45:25,clusterA,0,4,4,0,1.00,0.5,0.5,0.0,0.0,0.0
2026-01-25 18:45:25,clusterB,0,4,4,0,1.00,0.5,0.5,0.0,0.0,0.0
2026-01-25 18:45:30,clusterA,0,4,4,0,1.00,0.5,0.5,0.0,0.0,0.0
2026-01-25 18:45:30,clusterB,0,4,4,0,1.00,0.5,0.5,0.0,0.0,0.0
2026-01-25 18:45:36,clusterA,0,4,4,0,1.00,0.5,0.5,0.0,0.0,0.0
2026-01-25 18:45:36,clusterB,0,4,4,0,1.00,0.5,0.5,0.0,0.0,0.0
2026-01-25 18:45:41,clusterA,0,4,4,0,1.00,0.5,0.5,0.0,0.0,0.0
2026-01-25 18:45:41,clusterB,0,4,4,0,1.00,0.5,0.5,0.0,0.0,0.0
2026-01-25 18:45:46,clusterA,0,4,4,0,1.00,0.5,0.5,0.0,0.0,0.0
2026-01-25 18:45:46,clusterB,0,4,4,0,1.00,0.5,0.5,0.0,0.0,0.0
2026-01-25 18:45:51,clusterA,0,4,4,0,1.00,0.5,0.5,0.0,0.0,0.0
2026-01-25 18:45:51,clusterB,0,4,4,0,1.00,0.5,0.5,0.0,0.0,0.0
2026-01-25 18:45:56,clusterA,0,4,4,0,1.00,0.5,0.5,0.0,0.0,0.0
2026-01-25 18:45:56,clusterB,0,4,4,0,1.00,0.5,0.5,0.0,0.0,0.0
2026-01-25 18:46:02,clusterA,0,4,4,0,1.00,0.5,0.5,0.0,0.0,0.0
2026-01-25 18:46:02,clusterB,0,4,4,0,1.00,0.5,0.5,0.0,0.0,0.0
2026-01-25 18:46:07,clusterA,0,4,4,0,1.00,0.5,0.5,0.0,0.0,0.0
2026-01-25 18:46:07,clusterB,0,4,4,0,1.00,0.5,0.5,0.0,0.0,0.0
2026-01-25 18:46:12,clusterA,0,4,4,0,1.00,0.5,0.5,0.0,0.0,0.0
2026-01-25 18:46:12,clusterB,0,4,4,0,1.00,0.5,0.5,0.0,0.0,0.0
2026-01-25 18:46:17,clusterA,0,4,4,0,1.00,0.5,0.5,0.0,0.0,0.0
2026-01-25 18:46:17,clusterB,0,4,4,0,1.00,0.5,0.5,0.0,0.0,0.0
2026-01-25 18:46:23,clusterA,0,4,4,0,1.00,0.5,0.5,0.0,0.0,0.0
2026-01-25 18:46:23,clusterB,0,4,4,0,1.00,0.5,0.5,0.0,0.0,0.0
2026-01-25 18:46:28,clusterA,0,4,4,0,1.00,0.5,0.5,0.0,0.0,0.0
2026-01-25 18:46:28,clusterB,0,4,4,0,1.00,0.5,0.5,0.0,0.0,0.0
2026-01-25 18:46:33,clusterA,0,4,4,0,1.00,0.5,0.5,0.0,0.0,0.0
2026-01-25 18:46:33,clusterB,0,4,4,0,1.00,0.5,0.5,0.0,0.0,0.0
2026-01-25 18:46:38,clusterA,0,4,4,0,1.00,0.5,0.5,0.0,0.0,0.0
2026-01-25 18:46:38,clusterB,0,4,4,0,1.00,0.5,0.5,0.0,0.0,0.0
2026-01-25 18:46:44,clusterA,0,4,4,0,1.00,0.5,0.5,0.0,0.0,0.0
2026-01-25 18:46:44,clusterB,0,4,4,0,1.00,0.5,0.5,0.0,0.0,0.0
2026-01-25 18:46:49,clusterA,0,4,4,0,1.00,0.5,0.5,0.0,0.0,0.0
2026-01-25 18:46:49,clusterB,0,4,4,0,1.00,0.5,0.5,0.0,0.0,0.0
2026-01-25 18:46:54,clusterA,0,4,4,0,1.00,0.5,0.5,0.0,0.0,0.0
2026-01-25 18:46:54,clusterB,0,4,4,0,1.00,0.5,0.5,0.0,0.0,0.0
2026-01-25 18:46:59,clusterA,0,4,4,0,1.00,0.5,0.5,0.0,0.0,0.0
2026-01-25 18:46:59,clusterB,0,4,4,0,1.00,0.5,0.5,0.0,0.0,0.0
2026-01-25 18:47:04,clusterA,0,4,4,0,1.00,0.5,0.5,0.0,0.0,0.0
2026-01-25 18:47:04,clusterB,0,4,4,0,1.00,0.5,0.5,0.0,0.0,0.0
2026-01-25 18:47:10,clusterA,0,4,4,0,1.00,0.5,0.5,0.0,0.0,0.0
2026-01-25 18:47:10,clusterB,0,4,4,0,1.00,0.5,0.5,0.0,0.0,0.0
2026-01-25 18:47:15,clusterA,0,4,4,0,1.00,0.5,0.5,0.0,0.0,0.0
2026-01-25 18:47:15,clusterB,0,4,4,0,1.00,0.5,0.5,0.0,0.0,0.0
2026-01-25 18:47:20,clusterA,0,4,4,0,1.00,0.5,0.5,0.0,0.0,0.0
2026-01-25 18:47:20,clusterB,0,4,4,0,1.00,0.5,0.5,0.0,0.0,0.0
2026-01-25 18:47:25,clusterA,0,4,4,0,1.00,0.5,0.5,0.0,0.0,0.0
2026-01-25 18:47:25,clusterB,0,4,4,0,1.00,0.5,0.5,0.0,0.0,0.0
2026-01-25 18:47:30,clusterA,0,4,4,0,1.00,0.5,0.5,0.0,0.0,0.0
2026-01-25 18:47:30,clusterB,0,4,4,0,1.00,0.5,0.5,0.0,0.0,0.0
2026-01-25 18:47:36,clusterA,0,4,4,0,1.00,0.5,0.5,0.0,0.0,0.0
2026-01-25 18:47:36,clusterB,0,4,4,0,1.00,0.5,0.5,0.0,0.0,0.0
2026-01-25 18:47:41,clusterA,0,4,4,0,1.00,0.5,0.5,0.0,0.0,0.0
2026-01-25 18:47:41,clusterB,0,4,4,0,1.00,0.5,0.5,0.0,0.0,0.0
2026-01-25 18:47:46,clusterA,0,4,4,0,1.00,0.5,0.5,0.0,0.0,0.0
2026-01-25 18:47:46,clusterB,0,4,4,0,1.00,0.5,0.5,0.0,0.0,0.0
2026-01-25 18:47:51,clusterA,0,4,4,0,1.00,0.5,0.5,0.0,0.0,0.0
2026-01-25 18:47:51,clusterB,0,4,4,0,1.00,0.5,0.5,0.0,0.0,0.0
2026-01-25 18:47:57,clusterA,0,4,4,0,1.00,0.5,0.5,0.0,0.0,0.0
2026-01-25 18:47:57,clusterB,0,4,4,0,1.00,0.5,0.5,0.0,0.0,0.0
2026-01-25 18:48:02,clusterA,0,4,4,0,1.00,0.5,0.5,0.0,0.0,0.0
2026-01-25 18:48:02,clusterB,0,4,4,0,1.00,0.5,0.5,0.0,0.0,0.0
2026-01-25 18:48:07,clusterA,0,4,4,0,1.00,0.5,0.5,0.0,0.0,0.0
2026-01-25 18:48:07,clusterB,0,4,4,0,1.00,0.5,0.5,0.0,0.0,0.0
2026-01-25 18:48:12,clusterA,0,4,4,0,1.00,0.5,0.5,0.0,0.0,0.0
2026-01-25 18:48:12,clusterB,0,4,4,0,1.00,0.5,0.5,0.0,0.0,0.0
2026-01-25 18:48:18,clusterA,0,4,4,0,1.00,0.5,0.5,0.0,0.0,0.0
2026-01-25 18:48:18,clusterB,0,4,4,0,1.00,0.5,0.5,0.0,0.0,0.0
2026-01-25 18:48:23,clusterA,0,4,4,0,1.00,0.5,0.5,0.0,0.0,0.0
2026-01-25 18:48:23,clusterB,0,4,4,0,1.00,0.5,0.5,0.0,0.0,0.0
2026-01-25 18:48:28,clusterA,0,4,4,0,1.00,0.5,0.5,0.0,0.0,0.0
2026-01-25 18:48:28,clusterB,0,4,4,0,1.00,0.5,0.5,0.0,0.0,0.0
2026-01-25 18:48:33,clusterA,0,4,4,0,1.00,0.5,0.5,0.0,0.0,0.0
2026-01-25 18:48:33,clusterB,0,4,4,0,1.00,0.5,0.5,0.0,0.0,0.0
2026-01-25 18:48:38,clusterA,0,4,4,0,1.00,0.5,0.5,0.0,0.0,0.0
2026-01-25 18:48:38,clusterB,0,4,4,0,1.00,0.5,0.5,0.0,0.0,0.0
2026-01-25 18:48:44,clusterA,0,4,4,0,1.00,0.5,0.5,0.0,0.0,0.0
2026-01-25 18:48:44,clusterB,0,4,4,0,1.00,0.5,0.5,0.0,0.0,0.0
2026-01-25 18:48:49,clusterA,0,4,4,0,1.00,0.5,0.5,0.0,0.0,0.0
2026-01-25 18:48:49,clusterB,0,4,4,0,1.00,0.5,0.5,0.0,0.0,0.0
2026-01-25 18:48:54,clusterA,0,4,4,0,1.00,0.5,0.5,0.0,0.0,0.0
2026-01-25 18:48:54,clusterB,0,4,4,0,1.00,0.5,0.5,0.0,0.0,0.0
2026-01-25 18:48:59,clusterA,0,4,4,0,1.00,0.5,0.5,0.0,0.0,0.0
2026-01-25 18:48:59,clusterB,0,4,4,0,1.00,0.5,0.5,0.0,0.0,0.0
2026-01-25 18:49:05,clusterA,0,4,4,0,1.00,0.5,0.5,0.0,0.0,0.0
2026-01-25 18:49:05,clusterB,0,4,4,0,1.00,0.5,0.5,0.0,0.0,0.0
2026-01-25 18:49:10,clusterA,0,4,4,0,1.00,0.5,0.5,0.0,0.0,0.0
2026-01-25 18:49:10,clusterB,0,4,4,0,1.00,0.5,0.5,0.0,0.0,0.0
2026-01-25 18:49:15,clusterA,0,4,4,0,1.00,0.5,0.5,0.0,0.0,0.0
2026-01-25 18:49:15,clusterB,0,4,4,0,1.00,0.5,0.5,0.0,0.0,0.0
2026-01-25 18:49:20,clusterA,0,4,4,0,1.00,0.5,0.5,0.0,0.0,0.0
2026-01-25 18:49:20,clusterB,0,4,4,0,1.00,0.5,0.5,0.0,0.0,0.0
2026-01-25 18:49:26,clusterA,0,4,4,0,1.00,0.5,0.5,0.0,0.0,0.0
2026-01-25 18:49:26,clusterB,0,4,4,0,1.00,0.5,0.5,0.0,0.0,0.0
2026-01-25 18:49:31,clusterA,0,4,4,0,1.00,0.5,0.5,0.0,0.0,0.0
2026-01-25 18:49:31,clusterB,0,4,4,0,1.00,0.5,0.5,0.0,0.0,0.0
2026-01-25 18:49:36,clusterA,0,4,4,0,1.00,0.5,0.5,0.0,0.0,0.0
2026-01-25 18:49:36,clusterB,0,4,3,1,0.75,0.5,0.5,0.0,0.0,0.0
2026-01-25 18:49:41,clusterA,0,4,4,0,1.00,0.5,0.5,0.0,0.0,0.0
2026-01-25 18:49:41,clusterB,0,4,3,1,0.75,0.5,0.5,0.0,0.0,0.0
2026-01-25 18:49:46,clusterA,0,4,4,0,1.00,0.5,0.5,0.0,0.0,0.0
2026-01-25 18:49:46,clusterB,0,4,3,1,0.75,0.5,0.5,0.0,0.0,0.0
2026-01-25 18:49:52,clusterA,0,4,4,0,1.00,0.5,0.5,0.0,0.0,0.0
2026-01-25 18:49:52,clusterB,0,4,3,1,0.75,0.5,0.5,0.0,0.0,0.0
2026-01-25 18:49:57,clusterA,0,4,4,0,1.00,0.5,0.5,0.0,0.0,0.0
2026-01-25 18:49:57,clusterB,0,4,3,1,0.75,0.5,0.5,0.0,0.0,0.0
2026-01-25 18:50:02,clusterA,0,4,4,0,1.00,0.5,0.5,0.0,0.0,0.0
2026-01-25 18:50:02,clusterB,0,4,3,1,0.75,0.5,0.5,0.0,0.0,0.0
2026-01-25 18:50:07,clusterA,0,4,4,0,1.00,0.5,0.5,0.0,0.0,0.0
2026-01-25 18:50:07,clusterB,0,4,3,1,0.75,0.5,0.5,0.0,0.0,0.0
2026-01-25 18:50:12,clusterA,0,4,4,0,1.00,0.5,0.5,0.0,0.0,0.0
2026-01-25 18:50:12,clusterB,0,4,3,1,0.75,0.5,0.5,0.0,0.0,0.0
2026-01-25 18:50:18,clusterA,0,4,4,0,1.00,0.5,0.5,0.0,0.0,0.0
2026-01-25 18:50:18,clusterB,0,4,3,1,0.75,0.5,0.5,0.0,0.0,0.0
2026-01-25 18:50:23,clusterA,0,4,4,0,1.00,0.5,0.5,0.0,0.0,0.0
2026-01-25 18:50:23,clusterB,0,4,3,1,0.75,0.5,0.5,0.0,0.0,0.0
2026-01-25 18:50:28,clusterA,0,4,4,0,1.00,0.5,0.5,0.0,0.0,0.0
2026-01-25 18:50:28,clusterB,0,4,3,1,0.75,0.5,0.5,0.0,0.0,0.0
2026-01-25 18:50:33,clusterA,0,4,4,0,1.00,0.5,0.5,0.0,0.0,0.0
2026-01-25 18:50:33,clusterB,0,4,3,1,0.75,0.5,0.5,0.0,0.0,0.0
2026-01-25 18:50:38,clusterA,0,4,4,0,1.00,0.5,0.5,0.0,0.0,0.0
2026-01-25 18:50:38,clusterB,0,4,3,1,0.75,0.5,0.5,0.0,0.0,0.0
2026-01-25 18:50:44,clusterA,0,4,4,0,1.00,0.5,0.5,0.0,0.0,0.0
2026-01-25 18:50:44,clusterB,0,4,3,1,0.75,0.5,0.5,0.0,0.0,0.0
2026-01-25 18:50:49,clusterA,0,4,4,0,1.00,0.5,0.5,0.0,0.0,0.0
2026-01-25 18:50:49,clusterB,0,4,3,1,0.75,0.5,0.5,0.0,0.0,0.0
2026-01-25 18:50:54,clusterA,0,4,4,0,1.00,0.5,0.5,0.0,0.0,0.0
2026-01-25 18:50:54,clusterB,0,4,3,1,0.75,0.5,0.5,0.0,0.0,0.0
2026-01-25 18:50:59,clusterA,0,4,4,0,1.00,0.5,0.5,0.0,0.0,0.0
2026-01-25 18:50:59,clusterB,0,4,3,1,0.75,0.5,0.5,0.0,0.0,0.0
2026-01-25 18:51:04,clusterA,0,4,4,0,1.00,0.5,0.5,0.0,0.0,0.0
2026-01-25 18:51:04,clusterB,0,4,3,1,0.75,0.5,0.5,0.0,0.0,0.0
2026-01-25 18:51:10,clusterA,0,4,4,0,1.00,0.5,0.5,0.0,0.0,0.0
2026-01-25 18:51:10,clusterB,0,4,3,1,0.75,0.5,0.5,0.0,0.0,0.0
2026-01-25 18:51:15,clusterA,0,4,4,0,1.00,0.5,0.5,0.0,0.0,0.0
2026-01-25 18:51:15,clusterB,0,4,3,1,0.75,0.5,0.5,0.0,0.0,0.0
2026-01-25 18:51:20,clusterA,0,4,4,0,1.00,0.5,0.5,0.0,0.0,0.0
2026-01-25 18:51:20,clusterB,0,4,3,1,0.75,0.5,0.5,0.0,0.0,0.0
2026-01-25 18:51:25,clusterA,0,4,4,0,1.00,0.5,0.5,0.0,0.0,0.0
2026-01-25 18:51:25,clusterB,0,4,3,1,0.75,0.5,0.5,0.0,0.0,0.0
2026-01-25 18:51:30,clusterA,0,4,4,0,1.00,0.5,0.5,0.0,0.0,0.0
2026-01-25 18:51:30,clusterB,0,4,3,1,0.75,0.5,0.5,0.0,0.0,0.0
2026-01-25 18:51:36,clusterA,0,4,4,0,1.00,0.5,0.5,0.0,0.0,0.0
2026-01-25 18:51:36,clusterB,0,4,3,1,0.75,0.5,0.5,0.0,0.0,0.0
2026-01-25 18:51:41,clusterA,0,4,4,0,1.00,0.5,0.5,0.0,0.0,0.0
2026-01-25 18:51:41,clusterB,0,4,3,1,0.75,0.5,0.5,0.0,0.0,0.0
2026-01-25 18:51:46,clusterA,0,4,4,0,1.00,0.5,0.5,0.0,0.0,0.0
2026-01-25 18:51:46,clusterB,0,4,3,1,0.75,0.5,0.5,0.0,0.0,0.0
2026-01-25 18:51:51,clusterA,0,4,4,0,1.00,0.5,0.5,0.0,0.0,0.0
2026-01-25 18:51:51,clusterB,0,4,3,1,0.75,0.5,0.5,0.0,0.0,0.0
2026-01-25 18:51:56,clusterA,0,4,4,0,1.00,0.5,0.5,0.0,0.0,0.0
2026-01-25 18:51:56,clusterB,0,4,3,1,0.75,0.5,0.5,0.0,0.0,0.0
2026-01-25 18:52:01,clusterA,0,4,4,0,1.00,0.5,0.5,0.0,0.0,0.0
2026-01-25 18:52:01,clusterB,0,4,3,1,0.75,0.5,0.5,0.0,0.0,0.0
2026-01-25 18:52:07,clusterA,0,4,4,0,1.00,0.5,0.5,0.0,0.0,0.0
2026-01-25 18:52:07,clusterB,0,4,3,1,0.75,0.5,0.5,0.0,0.0,0.0
2026-01-25 18:52:12,clusterA,0,4,4,0,1.00,0.5,0.5,0.0,0.0,0.0
2026-01-25 18:52:12,clusterB,0,4,3,1,0.75,0.5,0.5,0.0,0.0,0.0
2026-01-25 18:52:17,clusterA,0,4,4,0,1.00,0.5,0.5,0.0,0.0,0.0
2026-01-25 18:52:17,clusterB,0,4,3,1,0.75,0.5,0.5,0.0,0.0,0.0
2026-01-25 18:52:22,clusterA,0,4,4,0,1.00,0.5,0.5,0.0,0.0,0.0
2026-01-25 18:52:22,clusterB,0,4,3,1,0.75,0.5,0.5,0.0,0.0,0.0
2026-01-25 18:52:27,clusterA,0,4,4,0,1.00,0.5,0.5,0.0,0.0,0.0
2026-01-25 18:52:27,clusterB,0,4,3,1,0.75,0.5,0.5,0.0,0.0,0.0
2026-01-25 18:52:33,clusterA,0,4,4,0,1.00,0.5,0.5,0.0,0.0,0.0
2026-01-25 18:52:33,clusterB,0,4,3,1,0.75,0.5,0.5,0.0,0.0,0.0
2026-01-25 18:52:38,clusterA,0,4,4,0,1.00,0.5,0.5,0.0,0.0,0.0
2026-01-25 18:52:38,clusterB,0,4,3,1,0.75,0.5,0.5,0.0,0.0,0.0
2026-01-25 18:52:43,clusterA,0,4,4,0,1.00,0.5,0.5,0.0,0.0,0.0
2026-01-25 18:52:43,clusterB,0,4,3,1,0.75,0.5,0.5,0.0,0.0,0.0
2026-01-25 18:52:48,clusterA,0,4,4,0,1.00,0.5,0.5,0.0,0.0,0.0
2026-01-25 18:52:48,clusterB,0,4,3,1,0.75,0.5,0.5,0.0,0.0,0.0
2026-01-25 18:52:53,clusterA,0,4,4,0,1.00,0.5,0.5,0.0,0.0,0.0
2026-01-25 18:52:53,clusterB,0,4,3,1,0.75,0.5,0.5,0.0,0.0,0.0
2026-01-25 18:52:59,clusterA,0,4,4,0,1.00,0.5,0.5,0.0,0.0,0.0
2026-01-25 18:52:59,clusterB,0,4,3,1,0.75,0.5,0.5,0.0,0.0,0.0
2026-01-25 18:53:04,clusterA,0,4,4,0,1.00,0.5,0.5,0.0,0.0,0.0
2026-01-25 18:53:04,clusterB,0,4,3,1,0.75,0.5,0.5,0.0,0.0,0.0
2026-01-25 18:53:09,clusterA,0,4,4,0,1.00,0.5,0.5,0.0,0.0,0.0
2026-01-25 18:53:09,clusterB,0,4,3,1,0.75,0.5,0.5,0.0,0.0,0.0
2026-01-25 18:53:14,clusterA,0,4,4,0,1.00,0.5,0.5,0.0,0.0,0.0
2026-01-25 18:53:14,clusterB,0,4,3,1,0.75,0.5,0.5,0.0,0.0,0.0
2026-01-25 18:53:19,clusterA,0,4,4,0,1.00,0.5,0.5,0.0,0.0,0.0
2026-01-25 18:53:19,clusterB,0,4,3,1,0.75,0.5,0.5,0.0,0.0,0.0
2026-01-25 18:53:25,clusterA,0,4,4,0,1.00,0.5,0.5,0.0,0.0,0.0
2026-01-25 18:53:25,clusterB,0,4,3,1,0.75,0.5,0.5,0.0,0.0,0.0
2026-01-25 18:53:30,clusterA,0,4,4,0,1.00,0.5,0.5,0.0,0.0,0.0
2026-01-25 18:53:30,clusterB,0,4,3,1,0.75,0.5,0.5,0.0,0.0,0.0
2026-01-25 18:53:35,clusterA,0,4,4,0,1.00,0.5,0.5,0.0,0.0,0.0
2026-01-25 18:53:35,clusterB,0,4,3,1,0.75,0.5,0.5,0.0,0.0,0.0
2026-01-25 18:53:40,clusterA,0,4,4,0,1.00,0.5,0.5,0.0,0.0,0.0
2026-01-25 18:53:40,clusterB,0,4,3,1,0.75,0.5,0.5,0.0,0.0,0.0
2026-01-25 18:53:45,clusterA,0,4,4,0,1.00,0.5,0.5,0.0,0.0,0.0
2026-01-25 18:53:45,clusterB,0,4,3,1,0.75,0.5,0.5,0.0,0.0,0.0
2026-01-25 18:53:50,clusterA,0,4,4,0,1.00,0.5,0.5,0.0,0.0,0.0
2026-01-25 18:53:50,clusterB,0,4,3,1,0.75,0.5,0.5,0.0,0.0,0.0
2026-01-25 18:53:56,clusterA,0,4,4,0,1.00,0.5,0.5,0.0,0.0,0.0
2026-01-25 18:53:56,clusterB,0,4,3,1,0.75,0.5,0.5,0.0,0.0,0.0
2026-01-25 18:54:01,clusterA,0,4,4,0,1.00,0.5,0.5,0.0,0.0,0.0
2026-01-25 18:54:01,clusterB,0,4,3,1,0.75,0.5,0.5,0.0,0.0,0.0
2026-01-25 18:54:06,clusterA,0,4,4,0,1.00,0.5,0.5,0.0,0.0,0.0
2026-01-25 18:54:06,clusterB,0,4,3,1,0.75,0.5,0.5,0.0,0.0,0.0
2026-01-25 18:54:11,clusterA,0,4,4,0,1.00,0.5,0.5,0.0,0.0,0.0
2026-01-25 18:54:11,clusterB,0,4,3,1,0.75,0.5,0.5,0.0,0.0,0.0
2026-01-25 18:54:16,clusterA,0,4,4,0,1.00,0.5,0.5,0.0,0.0,0.0
2026-01-25 18:54:16,clusterB,0,4,3,1,0.75,0.5,0.5,0.0,0.0,0.0
2026-01-25 18:54:22,clusterA,0,4,4,0,1.00,0.5,0.5,0.0,0.0,0.0
2026-01-25 18:54:22,clusterB,0,4,3,1,0.75,0.5,0.5,0.0,0.0,0.0
2026-01-25 18:54:27,clusterA,0,4,4,0,1.00,0.5,0.5,0.0,0.0,0.0
2026-01-25 18:54:27,clusterB,0,4,3,1,0.75,0.5,0.5,0.0,0.0,0.0
2026-01-25 18:54:32,clusterA,0,4,4,0,1.00,0.5,0.5,0.0,0.0,0.0
2026-01-25 18:54:32,clusterB,0,4,3,1,0.75,0.5,0.5,0.0,0.0,0.0
2026-01-25 18:54:37,clusterA,0,4,4,0,1.00,0.5,0.5,0.0,0.0,0.0
2026-01-25 18:54:37,clusterB,0,4,3,1,0.75,0.5,0.5,0.0,0.0,0.0
2026-01-25 18:54:42,clusterA,0,4,4,0,1.00,0.5,0.5,0.0,0.0,0.0
2026-01-25 18:54:42,clusterB,0,4,3,1,0.75,0.5,0.5,0.0,0.0,0.0
2026-01-25 18:54:48,clusterA,0,4,4,0,1.00,0.5,0.5,0.0,0.0,0.0
2026-01-25 18:54:48,clusterB,0,4,3,1,0.75,0.5,0.5,0.0,0.0,0.0
2026-01-25 18:54:53,clusterA,0,4,4,0,1.00,0.5,0.5,0.0,0.0,0.0
2026-01-25 18:54:53,clusterB,0,4,3,1,0.75,0.5,0.5,0.0,0.0,0.0
2026-01-25 18:54:58,clusterA,0,4,4,0,1.00,0.5,0.5,0.0,0.0,0.0
2026-01-25 18:54:58,clusterB,0,4,3,1,0.75,0.5,0.5,0.0,0.0,0.0
2026-01-25 18:55:03,clusterA,0,4,4,0,1.00,0.5,0.5,0.0,0.0,0.0
2026-01-25 18:55:03,clusterB,0,4,3,1,0.75,0.5,0.5,0.0,0.0,0.0
2026-01-25 18:55:08,clusterA,0,4,4,0,1.00,0.5,0.5,0.0,0.0,0.0
2026-01-25 18:55:08,clusterB,0,4,3,1,0.75,0.5,0.5,0.0,0.0,0.0
2026-01-25 18:55:13,clusterA,0,4,4,0,1.00,0.5,0.5,0.0,0.0,0.0
2026-01-25 18:55:13,clusterB,0,4,3,1,0.75,0.5,0.5,0.0,0.0,0.0
2026-01-25 18:55:19,clusterA,0,4,4,0,1.00,0.5,0.5,0.0,0.0,0.0
2026-01-25 18:55:19,clusterB,0,4,3,1,0.75,0.5,0.5,0.0,0.0,0.0
2026-01-25 18:55:24,clusterA,0,4,4,0,1.00,0.5,0.5,0.0,0.0,0.0
2026-01-25 18:55:24,clusterB,0,4,3,1,0.75,0.5,0.5,0.0,0.0,0.0
2026-01-25 18:55:29,clusterA,0,4,4,0,1.00,0.5,0.5,0.0,0.0,0.0
2026-01-25 18:55:29,clusterB,0,4,3,1,0.75,0.5,0.5,0.0,0.0,0.0
2026-01-25 18:55:34,clusterA,0,4,4,0,1.00,0.5,0.5,0.0,0.0,0.0
2026-01-25 18:55:34,clusterB,0,4,3,1,0.75,0.5,0.5,0.0,0.0,0.0
2026-01-25 18:55:39,clusterA,0,4,4,0,1.00,0.5,0.5,0.0,0.0,0.0
2026-01-25 18:55:39,clusterB,0,4,3,1,0.75,0.5,0.5,0.0,0.0,0.0
2026-01-25 18:55:45,clusterA,0,4,4,0,1.00,0.5,0.5,0.0,0.0,0.0
2026-01-25 18:55:45,clusterB,0,4,3,1,0.75,0.5,0.5,0.0,0.0,0.0
2026-01-25 18:55:50,clusterA,0,4,4,0,1.00,0.5,0.5,0.0,0.0,0.0
2026-01-25 18:55:50,clusterB,0,4,3,1,0.75,0.5,0.5,0.0,0.0,0.0
2026-01-25 18:55:55,clusterA,0,4,4,0,1.00,0.5,0.5,0.0,0.0,0.0
2026-01-25 18:55:55,clusterB,0,4,3,1,0.75,0.5,0.5,0.0,0.0,0.0
2026-01-25 18:56:00,clusterA,0,4,4,0,1.00,0.5,0.5,0.0,0.0,0.0
2026-01-25 18:56:00,clusterB,0,4,3,1,0.75,0.5,0.5,0.0,0.0,0.0
2026-01-25 18:56:05,clusterA,0,4,4,0,1.00,0.5,0.5,0.0,0.0,0.0
2026-01-25 18:56:05,clusterB,0,4,3,1,0.75,0.5,0.5,0.0,0.0,0.0
2026-01-25 18:56:11,clusterA,0,4,4,0,1.00,0.5,0.5,0.0,0.0,0.0
2026-01-25 18:56:11,clusterB,0,4,3,1,0.75,0.5,0.5,0.0,0.0,0.0
2026-01-25 18:56:16,clusterA,0,4,4,0,1.00,0.5,0.5,0.0,0.0,0.0
2026-01-25 18:56:16,clusterB,0,4,3,1,0.75,0.5,0.5,0.0,0.0,0.0
2026-01-25 18:56:21,clusterA,0,4,4,0,1.00,0.5,0.5,0.0,0.0,0.0
2026-01-25 18:56:21,clusterB,0,4,3,1,0.75,0.5,0.5,0.0,0.0,0.0
2026-01-25 18:56:26,clusterA,0,4,4,0,1.00,0.5,0.5,0.0,0.0,0.0
2026-01-25 18:56:26,clusterB,0,4,3,1,0.75,0.5,0.5,0.0,0.0,0.0
2026-01-25 18:56:31,clusterA,0,4,4,0,1.00,0.5,0.5,0.0,0.0,0.0
2026-01-25 18:56:31,clusterB,0,4,3,1,0.75,0.5,0.5,0.0,0.0,0.0
2026-01-25 18:56:37,clusterA,0,4,4,0,1.00,0.5,0.5,0.0,0.0,0.0
2026-01-25 18:56:37,clusterB,0,4,3,1,0.75,0.5,0.5,0.0,0.0,0.0
2026-01-25 18:56:42,clusterA,0,4,4,0,1.00,0.5,0.5,0.0,0.0,0.0
2026-01-25 18:56:42,clusterB,0,4,3,1,0.75,0.5,0.5,0.0,0.0,0.0
2026-01-25 18:56:47,clusterA,0,4,4,0,1.00,0.5,0.5,0.0,0.0,0.0
2026-01-25 18:56:47,clusterB,0,4,3,1,0.75,0.5,0.5,0.0,0.0,0.0
2026-01-25 18:56:52,clusterA,0,4,4,0,1.00,0.5,0.5,0.0,0.0,0.0
2026-01-25 18:56:52,clusterB,0,4,3,1,0.75,0.5,0.5,0.0,0.0,0.0
2026-01-25 18:56:57,clusterA,0,4,4,0,1.00,0.5,0.5,0.0,0.0,0.0
2026-01-25 18:56:57,clusterB,0,4,3,1,0.75,0.5,0.5,0.0,0.0,0.0
2026-01-25 18:57:02,clusterA,0,4,4,0,1.00,0.5,0.5,0.0,0.0,0.0
2026-01-25 18:57:02,clusterB,0,4,3,1,0.75,0.5,0.5,0.0,0.0,0.0
2026-01-25 18:57:08,clusterA,0,4,4,0,1.00,0.5,0.5,0.0,0.0,0.0
2026-01-25 18:57:08,clusterB,0,4,3,1,0.75,0.5,0.5,0.0,0.0,0.0
2026-01-25 18:57:13,clusterA,0,4,4,0,1.00,0.5,0.5,0.0,0.0,0.0
2026-01-25 18:57:13,clusterB,0,4,3,1,0.75,0.5,0.5,0.0,0.0,0.0
2026-01-25 18:57:18,clusterA,0,4,4,0,1.00,0.5,0.5,0.0,0.0,0.0
2026-01-25 18:57:18,clusterB,0,4,3,1,0.75,0.5,0.5,0.0,0.0,0.0
2026-01-25 18:57:23,clusterA,0,4,4,0,1.00,0.5,0.5,0.0,0.0,0.0
2026-01-25 18:57:23,clusterB,0,4,3,1,0.75,0.5,0.5,0.0,0.0,0.0
2026-01-25 18:57:28,clusterA,0,4,4,0,1.00,0.5,0.5,0.0,0.0,0.0
2026-01-25 18:57:28,clusterB,0,4,3,1,0.75,0.5,0.5,0.0,0.0,0.0
2026-01-25 18:57:34,clusterA,0,4,4,0,1.00,0.5,0.5,0.0,0.0,0.0
2026-01-25 18:57:34,clusterB,0,4,3,1,0.75,0.5,0.5,0.0,0.0,0.0
2026-01-25 18:57:39,clusterA,0,4,4,0,1.00,0.5,0.5,0.0,0.0,0.0
2026-01-25 18:57:39,clusterB,0,4,3,1,0.75,0.5,0.5,0.0,0.0,0.0
2026-01-25 18:57:44,clusterA,0,4,4,0,1.00,0.5,0.5,0.0,0.0,0.0
2026-01-25 18:57:44,clusterB,0,4,3,1,0.75,0.5,0.5,0.0,0.0,0.0
2026-01-25 18:57:49,clusterA,0,4,4,0,1.00,0.5,0.5,0.0,0.0,0.0
2026-01-25 18:57:49,clusterB,0,4,3,1,0.75,0.5,0.5,0.0,0.0,0.0
2026-01-25 18:57:54,clusterA,0,4,4,0,1.00,0.5,0.5,0.0,0.0,0.0
2026-01-25 18:57:54,clusterB,0,4,3,1,0.75,0.5,0.5,0.0,0.0,0.0
2026-01-25 18:58:00,clusterA,0,4,4,0,1.00,0.5,0.5,0.0,0.0,0.0
2026-01-25 18:58:00,clusterB,0,4,3,1,0.75,0.5,0.5,0.0,0.0,0.0
2026-01-25 18:58:05,clusterA,0,4,4,0,1.00,0.5,0.5,0.0,0.0,0.0
2026-01-25 18:58:05,clusterB,0,4,3,1,0.75,0.5,0.5,0.0,0.0,0.0
2026-01-25 18:58:10,clusterA,0,4,4,0,1.00,0.5,0.5,0.0,0.0,0.0
2026-01-25 18:58:10,clusterB,0,4,3,1,0.75,0.5,0.5,0.0,0.0,0.0
2026-01-25 18:58:15,clusterA,0,4,4,0,1.00,0.5,0.5,0.0,0.0,0.0
2026-01-25 18:58:15,clusterB,0,4,3,1,0.75,0.5,0.5,0.0,0.0,0.0
2026-01-25 18:58:20,clusterA,0,4,4,0,1.00,0.5,0.5,0.0,0.0,0.0
2026-01-25 18:58:20,clusterB,0,4,3,1,0.75,0.5,0.5,0.0,0.0,0.0
2026-01-25 18:58:26,clusterA,0,4,4,0,1.00,0.5,0.5,0.0,0.0,0.0
2026-01-25 18:58:26,clusterB,0,4,3,1,0.75,0.5,0.5,0.0,0.0,0.0
2026-01-25 18:58:31,clusterA,0,4,4,0,1.00,0.5,0.5,0.0,0.0,0.0
2026-01-25 18:58:31,clusterB,0,4,3,1,0.75,0.5,0.5,0.0,0.0,0.0
2026-01-25 18:58:36,clusterA,0,4,4,0,1.00,0.5,0.5,0.0,0.0,0.0
2026-01-25 18:58:36,clusterB,0,4,3,1,0.75,0.5,0.5,0.0,0.0,0.0
2026-01-25 18:58:41,clusterA,0,4,4,0,1.00,0.5,0.5,0.0,0.0,0.0
2026-01-25 18:58:41,clusterB,0,4,3,1,0.75,0.5,0.5,0.0,0.0,0.0
2026-01-25 18:58:46,clusterA,0,4,4,0,1.00,0.5,0.5,0.0,0.0,0.0
2026-01-25 18:58:46,clusterB,0,4,3,1,0.75,0.5,0.5,0.0,0.0,0.0
2026-01-25 18:58:52,clusterA,0,4,4,0,1.00,0.5,0.5,0.0,0.0,0.0
2026-01-25 18:58:52,clusterB,0,4,3,1,0.75,0.5,0.5,0.0,0.0,0.0
2026-01-25 18:58:57,clusterA,0,4,4,0,1.00,0.5,0.5,0.0,0.0,0.0
2026-01-25 18:58:57,clusterB,0,4,3,1,0.75,0.5,0.5,0.0,0.0,0.0
2026-01-25 18:59:02,clusterA,0,4,4,0,1.00,0.5,0.5,0.0,0.0,0.0
2026-01-25 18:59:02,clusterB,0,4,3,1,0.75,0.5,0.5,0.0,0.0,0.0
2026-01-25 18:59:07,clusterA,0,4,4,0,1.00,0.5,0.5,0.0,0.0,0.0
2026-01-25 18:59:07,clusterB,0,4,3,1,0.75,0.5,0.5,0.0,0.0,0.0
2026-01-25 18:59:12,clusterA,0,4,4,0,1.00,0.5,0.5,0.0,0.0,0.0
2026-01-25 18:59:12,clusterB,0,4,3,1,0.75,0.5,0.5,0.0,0.0,0.0
2026-01-25 18:59:18,clusterA,0,4,4,0,1.00,0.5,0.5,0.0,0.0,0.0
2026-01-25 18:59:18,clusterB,0,4,3,1,0.75,0.5,0.5,0.0,0.0,0.0
2026-01-25 18:59:23,clusterA,0,4,4,0,1.00,0.5,0.5,0.0,0.0,0.0
2026-01-25 18:59:23,clusterB,0,4,3,1,0.75,0.5,0.5,0.0,0.0,0.0
2026-01-25 18:59:28,clusterA,0,4,4,0,1.00,0.5,0.5,0.0,0.0,0.0
2026-01-25 18:59:28,clusterB,0,4,3,1,0.75,0.5,0.5,0.0,0.0,0.0
2026-01-25 18:59:33,clusterA,0,4,4,0,1.00,0.5,0.5,0.0,0.0,0.0
2026-01-25 18:59:33,clusterB,0,4,3,1,0.75,0.5,0.5,0.0,0.0,0.0
2026-01-25 18:59:38,clusterA,0,4,4,0,1.00,0.5,0.5,0.0,0.0,0.0
2026-01-25 18:59:38,clusterB,0,4,3,1,0.75,0.5,0.5,0.0,0.0,0.0
2026-01-25 18:59:43,clusterA,0,4,4,0,1.00,0.5,0.5,0.0,0.0,0.0
2026-01-25 18:59:43,clusterB,0,4,3,1,0.75,0.5,0.5,0.0,0.0,0.0
2026-01-25 18:59:49,clusterA,0,4,4,0,1.00,0.5,0.5,0.0,0.0,0.0
2026-01-25 18:59:49,clusterB,0,4,3,1,0.75,0.5,0.5,0.0,0.0,0.0
2026-01-25 18:59:54,clusterA,0,4,4,0,1.00,0.5,0.5,0.0,0.0,0.0
2026-01-25 18:59:54,clusterB,0,4,3,1,0.75,0.5,0.5,0.0,0.0,0.0
2026-01-25 18:59:59,clusterA,0,4,4,0,1.00,0.5,0.5,0.0,0.0,0.0
2026-01-25 18:59:59,clusterB,0,4,3,1,0.75,0.5,0.5,0.0,0.0,0.0
2026-01-25 19:00:04,clusterA,0,4,4,0,1.00,0.5,0.5,0.0,0.0,0.0
2026-01-25 19:00:04,clusterB,0,4,3,1,0.75,0.5,0.5,0.0,0.0,0.0
2026-01-25 19:00:09,clusterA,0,4,4,0,1.00,0.5,0.5,0.0,0.0,0.0
2026-01-25 19:00:09,clusterB,0,4,3,1,0.75,0.5,0.5,0.0,0.0,0.0
2026-01-25 19:00:15,clusterA,0,4,4,0,1.00,0.5,0.5,0.0,0.0,0.0
2026-01-25 19:00:15,clusterB,0,4,3,1,0.75,0.5,0.5,0.0,0.0,0.0
2026-01-25 19:00:20,clusterA,0,4,4,0,1.00,0.5,0.5,0.0,0.0,0.0
2026-01-25 19:00:20,clusterB,0,4,3,1,0.75,0.5,0.5,0.0,0.0,0.0
2026-01-25 19:00:25,clusterA,0,4,4,0,1.00,0.5,0.5,0.0,0.0,0.0
2026-01-25 19:00:25,clusterB,0,4,3,1,0.75,0.5,0.5,0.0,0.0,0.0
2026-01-25 19:00:30,clusterA,0,4,4,0,1.00,0.5,0.5,0.0,0.0,0.0
2026-01-25 19:00:30,clusterB,0,4,3,1,0.75,0.5,0.5,0.0,0.0,0.0
2026-01-25 19:00:35,clusterA,0,4,4,0,1.00,0.5,0.5,0.0,0.0,0.0
2026-01-25 19:00:35,clusterB,0,4,3,1,0.75,0.5,0.5,0.0,0.0,0.0
2026-01-25 19:00:41,clusterA,0,4,4,0,1.00,0.5,0.5,0.0,0.0,0.0
2026-01-25 19:00:41,clusterB,0,4,3,1,0.75,0.5,0.5,0.0,0.0,0.0
2026-01-25 19:00:46,clusterA,0,4,4,0,1.00,0.5,0.5,0.0,0.0,0.0
2026-01-25 19:00:46,clusterB,0,4,3,1,0.75,0.5,0.5,0.0,0.0,0.0
2026-01-25 19:00:51,clusterA,0,4,4,0,1.00,0.5,0.5,0.0,0.0,0.0
2026-01-25 19:00:51,clusterB,0,4,3,1,0.75,0.5,0.5,0.0,0.0,0.0
2026-01-25 19:00:56,clusterA,0,4,4,0,1.00,0.5,0.5,0.0,0.0,0.0
2026-01-25 19:00:56,clusterB,0,4,3,1,0.75,0.5,0.5,0.0,0.0,0.0
2026-01-25 19:01:01,clusterA,0,4,4,0,1.00,0.5,0.5,0.0,0.0,0.0
2026-01-25 19:01:01,clusterB,0,4,3,1,0.75,0.5,0.5,0.0,0.0,0.0
2026-01-25 19:01:06,clusterA,0,4,4,0,1.00,0.5,0.5,0.0,0.0,0.0
2026-01-25 19:01:06,clusterB,0,4,3,1,0.75,0.5,0.5,0.0,0.0,0.0
2026-01-25 19:01:12,clusterA,0,4,4,0,1.00,0.5,0.5,0.0,0.0,0.0
2026-01-25 19:01:12,clusterB,0,4,3,1,0.75,0.5,0.5,0.0,0.0,0.0
2026-01-25 19:01:17,clusterA,0,4,4,0,1.00,0.5,0.5,0.0,0.0,0.0
2026-01-25 19:01:17,clusterB,0,4,3,1,0.75,0.5,0.5,0.0,0.0,0.0
2026-01-25 19:01:22,clusterA,0,4,4,0,1.00,0.5,0.5,0.0,0.0,0.0
2026-01-25 19:01:22,clusterB,0,4,3,1,0.75,0.5,0.5,0.0,0.0,0.0
2026-01-25 19:01:27,clusterA,0,4,4,0,1.00,0.5,0.5,0.0,0.0,0.0
2026-01-25 19:01:27,clusterB,0,4,3,1,0.75,0.5,0.5,0.0,0.0,0.0
2026-01-25 19:01:32,clusterA,0,4,0,4,0.00,0.5,0.5,0.0,0.0,0.0
2026-01-25 19:01:32,clusterB,0,4,3,1,0.75,0.5,0.5,0.0,0.0,0.0
2026-01-25 19:01:38,clusterA,0,4,0,4,0.00,0.5,0.5,0.0,0.0,0.0
2026-01-25 19:01:38,clusterB,0,4,3,1,0.75,0.5,0.5,0.0,0.0,0.0
2026-01-25 19:01:43,clusterA,0,4,0,4,0.00,0.5,0.5,0.0,0.0,0.0
2026-01-25 19:01:43,clusterB,0,4,3,1,0.75,0.5,0.5,0.0,0.0,0.0
2026-01-25 19:01:48,clusterA,0,4,0,4,0.00,0.5,0.5,0.0,0.0,0.0
2026-01-25 19:01:48,clusterB,0,4,3,1,0.75,0.5,0.5,0.0,0.0,0.0
2026-01-25 19:01:53,clusterA,0,4,0,4,0.00,0.5,0.5,0.0,0.0,0.0
2026-01-25 19:01:53,clusterB,0,4,3,1,0.75,0.5,0.5,0.0,0.0,0.0
2026-01-25 19:01:58,clusterA,0,4,0,4,0.00,0.5,0.5,0.0,0.0,0.0
2026-01-25 19:01:58,clusterB,0,4,3,1,0.75,0.5,0.5,0.0,0.0,0.0
2026-01-25 19:02:03,clusterA,0,4,0,4,0.00,0.5,0.5,0.0,0.0,0.0
2026-01-25 19:02:03,clusterB,0,4,3,1,0.75,0.5,0.5,0.0,0.0,0.0
2026-01-25 19:02:08,clusterA,0,4,0,4,0.00,0.5,0.5,0.0,0.0,0.0
2026-01-25 19:02:08,clusterB,0,4,3,1,0.75,0.5,0.5,0.0,0.0,0.0
2026-01-25 19:02:14,clusterA,0,4,0,4,0.00,0.5,0.5,0.0,0.0,0.0
2026-01-25 19:02:14,clusterB,0,4,3,1,0.75,0.5,0.5,0.0,0.0,0.0
2026-01-25 19:02:19,clusterA,0,4,0,4,0.00,0.5,0.5,0.0,0.0,0.0
2026-01-25 19:02:19,clusterB,0,4,3,1,0.75,0.5,0.5,0.0,0.0,0.0
2026-01-25 19:02:24,clusterA,0,4,0,4,0.00,0.5,0.5,0.0,0.0,0.0
2026-01-25 19:02:24,clusterB,0,4,3,1,0.75,0.5,0.5,0.0,0.0,0.0
2026-01-25 19:02:29,clusterA,0,4,0,4,0.00,0.5,0.5,0.0,0.0,0.0
2026-01-25 19:02:29,clusterB,0,4,3,1,0.75,0.5,0.5,0.0,0.0,0.0
2026-01-25 19:02:34,clusterA,0,4,0,4,0.00,0.5,0.5,0.0,0.0,0.0
2026-01-25 19:02:34,clusterB,0,4,3,1,0.75,0.5,0.5,0.0,0.0,0.0
2026-01-25 19:02:39,clusterA,0,4,0,4,0.00,0.5,0.5,0.0,0.0,0.0
2026-01-25 19:02:39,clusterB,0,4,3,1,0.75,0.5,0.5,0.0,0.0,0.0
2026-01-25 19:02:44,clusterA,0,4,0,4,0.00,0.5,0.5,0.0,0.0,0.0
2026-01-25 19:02:44,clusterB,0,4,3,1,0.75,0.5,0.5,0.0,0.0,0.0
2026-01-25 19:02:50,clusterA,0,4,0,4,0.00,0.5,0.5,0.0,0.0,0.0
2026-01-25 19:02:50,clusterB,0,4,3,1,0.75,0.5,0.5,0.0,0.0,0.0
2026-01-25 19:02:55,clusterA,0,4,0,4,0.00,0.5,0.5,0.0,0.0,0.0
2026-01-25 19:02:55,clusterB,0,4,3,1,0.75,0.5,0.5,0.0,0.0,0.0
2026-01-25 19:03:00,clusterA,0,4,0,4,0.00,0.5,0.5,0.0,0.0,0.0
2026-01-25 19:03:00,clusterB,0,4,3,1,0.75,0.5,0.5,0.0,0.0,0.0
2026-01-25 19:03:05,clusterA,0,4,0,4,0.00,0.5,0.5,0.0,0.0,0.0
2026-01-25 19:03:05,clusterB,0,4,3,1,0.75,0.5,0.5,0.0,0.0,0.0
2026-01-25 19:03:10,clusterA,0,4,0,4,0.00,0.5,0.5,0.0,0.0,0.0
2026-01-25 19:03:10,clusterB,0,4,3,1,0.75,0.5,0.5,0.0,0.0,0.0
2026-01-25 19:03:15,clusterA,0,4,0,4,0.00,0.5,0.5,0.0,0.0,0.0
2026-01-25 19:03:15,clusterB,0,4,3,1,0.75,0.5,0.5,0.0,0.0,0.0
2026-01-25 19:03:20,clusterA,0,4,0,4,0.00,0.5,0.5,0.0,0.0,0.0
2026-01-25 19:03:20,clusterB,0,4,3,1,0.75,0.5,0.5,0.0,0.0,0.0
2026-01-25 19:03:26,clusterA,0,4,0,4,0.00,0.5,0.5,0.0,0.0,0.0
2026-01-25 19:03:26,clusterB,0,4,3,1,0.75,0.5,0.5,0.0,0.0,0.0
2026-01-25 19:03:31,clusterA,0,4,0,4,0.00,0.5,0.5,0.0,0.0,0.0
2026-01-25 19:03:31,clusterB,0,4,3,1,0.75,0.5,0.5,0.0,0.0,0.0
2026-01-25 19:03:36,clusterA,0,4,0,4,0.00,0.5,0.5,0.0,0.0,0.0
2026-01-25 19:03:36,clusterB,0,4,3,1,0.75,0.5,0.5,0.0,0.0,0.0
2026-01-25 19:03:41,clusterA,0,4,0,4,0.00,0.5,0.5,0.0,0.0,0.0
2026-01-25 19:03:41,clusterB,0,4,3,1,0.75,0.5,0.5,0.0,0.0,0.0
2026-01-25 19:03:46,clusterA,0,4,0,4,0.00,0.5,0.5,0.0,0.0,0.0
2026-01-25 19:03:46,clusterB,0,4,3,1,0.75,0.5,0.5,0.0,0.0,0.0
2026-01-25 19:03:51,clusterA,0,4,0,4,0.00,0.5,0.5,0.0,0.0,0.0
2026-01-25 19:03:51,clusterB,0,4,3,1,0.75,0.5,0.5,0.0,0.0,0.0
2026-01-25 19:03:56,clusterA,0,4,0,4,0.00,0.5,0.5,0.0,0.0,0.0
2026-01-25 19:03:56,clusterB,0,4,3,1,0.75,0.5,0.5,0.0,0.0,0.0
2026-01-25 19:04:02,clusterA,0,4,0,4,0.00,0.5,0.5,0.0,0.0,0.0
2026-01-25 19:04:02,clusterB,0,4,3,1,0.75,0.5,0.5,0.0,0.0,0.0
2026-01-25 19:04:07,clusterA,0,4,0,4,0.00,0.5,0.5,0.0,0.0,0.0
2026-01-25 19:04:07,clusterB,0,4,3,1,0.75,0.5,0.5,0.0,0.0,0.0
2026-01-25 19:04:12,clusterA,0,4,0,4,0.00,0.5,0.5,0.0,0.0,0.0
2026-01-25 19:04:12,clusterB,0,4,3,1,0.75,0.5,0.5,0.0,0.0,0.0
2026-01-25 19:04:17,clusterA,0,4,0,4,0.00,0.5,0.5,0.0,0.0,0.0
2026-01-25 19:04:17,clusterB,0,4,3,1,0.75,0.5,0.5,0.0,0.0,0.0
2026-01-25 19:04:22,clusterA,0,4,0,4,0.00,0.5,0.5,0.0,0.0,0.0
2026-01-25 19:04:22,clusterB,0,4,3,1,0.75,0.5,0.5,0.0,0.0,0.0
2026-01-25 19:04:27,clusterA,0,4,0,4,0.00,0.5,0.5,0.0,0.0,0.0
2026-01-25 19:04:27,clusterB,0,4,3,1,0.75,0.5,0.5,0.0,0.0,0.0
2026-01-25 19:04:32,clusterA,0,4,0,4,0.00,0.5,0.5,0.0,0.0,0.0
2026-01-25 19:04:32,clusterB,0,4,3,1,0.75,0.5,0.5,0.0,0.0,0.0
2026-01-25 19:04:38,clusterA,0,4,0,4,0.00,0.5,0.5,0.0,0.0,0.0
2026-01-25 19:04:38,clusterB,0,4,3,1,0.75,0.5,0.5,0.0,0.0,0.0
2026-01-25 19:04:43,clusterA,0,4,0,4,0.00,0.5,0.5,0.0,0.0,0.0
2026-01-25 19:04:43,clusterB,0,4,3,1,0.75,0.5,0.5,0.0,0.0,0.0
2026-01-25 19:04:48,clusterA,0,4,0,4,0.00,0.5,0.5,0.0,0.0,0.0
2026-01-25 19:04:48,clusterB,0,4,3,1,0.75,0.5,0.5,0.0,0.0,0.0
2026-01-25 19:04:53,clusterA,0,4,0,4,0.00,0.5,0.5,0.0,0.0,0.0
2026-01-25 19:04:53,clusterB,0,4,3,1,0.75,0.5,0.5,0.0,0.0,0.0
2026-01-25 19:04:58,clusterA,0,4,0,4,0.00,0.5,0.5,0.0,0.0,0.0
2026-01-25 19:04:58,clusterB,0,4,3,1,0.75,0.5,0.5,0.0,0.0,0.0
2026-01-25 19:05:03,clusterA,0,4,0,4,0.00,0.5,0.5,0.0,0.0,0.0
2026-01-25 19:05:03,clusterB,0,4,3,1,0.75,0.5,0.5,0.0,0.0,0.0
2026-01-25 19:05:08,clusterA,0,4,0,4,0.00,0.5,0.5,0.0,0.0,0.0
2026-01-25 19:05:08,clusterB,0,4,3,1,0.75,0.5,0.5,0.0,0.0,0.0
2026-01-25 19:05:13,clusterA,0,4,0,4,0.00,0.5,0.5,0.0,0.0,0.0
2026-01-25 19:05:13,clusterB,0,4,3,1,0.75,0.5,0.5,0.0,0.0,0.0
2026-01-25 19:05:19,clusterA,0,4,0,4,0.00,0.5,0.5,0.0,0.0,0.0
2026-01-25 19:05:19,clusterB,0,4,3,1,0.75,0.5,0.5,0.0,0.0,0.0
2026-01-25 19:05:24,clusterA,0,4,0,4,0.00,0.5,0.5,0.0,0.0,0.0
2026-01-25 19:05:24,clusterB,0,4,3,1,0.75,0.5,0.5,0.0,0.0,0.0
2026-01-25 19:05:29,clusterA,0,4,0,4,0.00,0.5,0.5,0.0,0.0,0.0
2026-01-25 19:05:29,clusterB,0,4,3,1,0.75,0.5,0.5,0.0,0.0,0.0
2026-01-25 19:05:34,clusterA,0,4,0,4,0.00,0.5,0.5,0.0,0.0,0.0
2026-01-25 19:05:34,clusterB,0,4,3,1,0.75,0.5,0.5,0.0,0.0,0.0
2026-01-25 19:05:39,clusterA,0,4,0,4,0.00,0.5,0.5,0.0,0.0,0.0
2026-01-25 19:05:39,clusterB,0,4,3,1,0.75,0.5,0.5,0.0,0.0,0.0
2026-01-25 19:05:44,clusterA,0,4,0,4,0.00,0.5,0.5,0.0,0.0,0.0
2026-01-25 19:05:44,clusterB,0,4,3,1,0.75,0.5,0.5,0.0,0.0,0.0
2026-01-25 19:05:49,clusterA,0,4,0,4,0.00,0.5,0.5,0.0,0.0,0.0
2026-01-25 19:05:49,clusterB,0,4,3,1,0.75,0.5,0.5,0.0,0.0,0.0
2026-01-25 19:05:55,clusterA,0,4,0,4,0.00,0.5,0.5,0.0,0.0,0.0
2026-01-25 19:05:55,clusterB,0,4,3,1,0.75,0.5,0.5,0.0,0.0,0.0
2026-01-25 19:06:00,clusterA,0,4,0,4,0.00,0.5,0.5,0.0,0.0,0.0
2026-01-25 19:06:00,clusterB,0,4,3,1,0.75,0.5,0.5,0.0,0.0,0.0
2026-01-25 19:06:05,clusterA,0,4,0,4,0.00,0.5,0.5,0.0,0.0,0.0
2026-01-25 19:06:05,clusterB,0,4,3,1,0.75,0.5,0.5,0.0,0.0,0.0
2026-01-25 19:06:10,clusterA,0,4,0,4,0.00,0.5,0.5,0.0,0.0,0.0
2026-01-25 19:06:10,clusterB,0,4,3,1,0.75,0.5,0.5,0.0,0.0,0.0
2026-01-25 19:06:15,clusterA,0,4,0,4,0.00,0.5,0.5,0.0,0.0,0.0
2026-01-25 19:06:15,clusterB,0,4,3,1,0.75,0.5,0.5,0.0,0.0,0.0
2026-01-25 19:06:20,clusterA,0,4,0,4,0.00,0.5,0.5,0.0,0.0,0.0
2026-01-25 19:06:20,clusterB,0,4,3,1,0.75,0.5,0.5,0.0,0.0,0.0
2026-01-25 19:06:25,clusterA,0,4,0,4,0.00,0.5,0.5,0.0,0.0,0.0
2026-01-25 19:06:25,clusterB,0,4,3,1,0.75,0.5,0.5,0.0,0.0,0.0
2026-01-25 19:06:30,clusterA,0,4,0,4,0.00,0.5,0.5,0.0,0.0,0.0
2026-01-25 19:06:30,clusterB,0,4,3,1,0.75,0.5,0.5,0.0,0.0,0.0
2026-01-25 19:06:36,clusterA,0,4,0,4,0.00,0.5,0.5,0.0,0.0,0.0
2026-01-25 19:06:36,clusterB,0,4,3,1,0.75,0.5,0.5,0.0,0.0,0.0
2026-01-25 19:06:41,clusterA,0,4,0,4,0.00,0.5,0.5,0.0,0.0,0.0
2026-01-25 19:06:41,clusterB,0,4,3,1,0.75,0.5,0.5,0.0,0.0,0.0
2026-01-25 19:06:46,clusterA,0,4,0,4,0.00,0.5,0.5,0.0,0.0,0.0
2026-01-25 19:06:46,clusterB,0,4,3,1,0.75,0.5,0.5,0.0,0.0,0.0
2026-01-25 19:06:51,clusterA,0,4,0,4,0.00,0.5,0.5,0.0,0.0,0.0
2026-01-25 19:06:51,clusterB,0,4,3,1,0.75,0.5,0.5,0.0,0.0,0.0
2026-01-25 19:06:56,clusterA,0,4,0,4,0.00,0.5,0.5,0.0,0.0,0.0
2026-01-25 19:06:56,clusterB,0,4,3,1,0.75,0.5,0.5,0.0,0.0,0.0
2026-01-25 19:07:01,clusterA,0,4,0,4,0.00,0.5,0.5,0.0,0.0,0.0
2026-01-25 19:07:01,clusterB,0,4,3,1,0.75,0.5,0.5,0.0,0.0,0.0
2026-01-25 19:07:06,clusterA,0,4,0,4,0.00,0.5,0.5,0.0,0.0,0.0
2026-01-25 19:07:06,clusterB,0,4,3,1,0.75,0.5,0.5,0.0,0.0,0.0
2026-01-25 19:07:12,clusterA,0,4,0,4,0.00,0.5,0.5,0.0,0.0,0.0
2026-01-25 19:07:12,clusterB,0,4,3,1,0.75,0.5,0.5,0.0,0.0,0.0
2026-01-25 19:07:17,clusterA,0,4,0,4,0.00,0.5,0.5,0.0,0.0,0.0
2026-01-25 19:07:17,clusterB,0,4,3,1,0.75,0.5,0.5,0.0,0.0,0.0
2026-01-25 19:07:22,clusterA,0,4,0,4,0.00,0.5,0.5,0.0,0.0,0.0
2026-01-25 19:07:22,clusterB,0,4,3,1,0.75,0.5,0.5,0.0,0.0,0.0
2026-01-25 19:07:27,clusterA,0,4,0,4,0.00,0.5,0.5,0.0,0.0,0.0
2026-01-25 19:07:27,clusterB,0,4,3,1,0.75,0.5,0.5,0.0,0.0,0.0
2026-01-25 19:07:32,clusterA,0,4,0,4,0.00,0.5,0.5,0.0,0.0,0.0
2026-01-25 19:07:32,clusterB,0,4,3,1,0.75,0.5,0.5,0.0,0.0,0.0
2026-01-25 19:07:37,clusterA,0,4,0,4,0.00,0.5,0.5,0.0,0.0,0.0
2026-01-25 19:07:37,clusterB,0,4,3,1,0.75,0.5,0.5,0.0,0.0,0.0
2026-01-25 19:07:42,clusterA,0,4,0,4,0.00,0.5,0.5,0.0,0.0,0.0
2026-01-25 19:07:42,clusterB,0,4,3,1,0.75,0.5,0.5,0.0,0.0,0.0
2026-01-25 19:07:48,clusterA,0,4,0,4,0.00,0.5,0.5,0.0,0.0,0.0
2026-01-25 19:07:48,clusterB,0,4,3,1,0.75,0.5,0.5,0.0,0.0,0.0
2026-01-25 19:07:53,clusterA,0,4,0,4,0.00,0.5,0.5,0.0,0.0,0.0
2026-01-25 19:07:53,clusterB,0,4,3,1,0.75,0.5,0.5,0.0,0.0,0.0
2026-01-25 19:07:58,clusterA,0,4,0,4,0.00,0.5,0.5,0.0,0.0,0.0
2026-01-25 19:07:58,clusterB,0,4,3,1,0.75,0.5,0.5,0.0,0.0,0.0
2026-01-25 19:08:03,clusterA,0,4,0,4,0.00,0.5,0.5,0.0,0.0,0.0
2026-01-25 19:08:03,clusterB,0,4,3,1,0.75,0.5,0.5,0.0,0.0,0.0
2026-01-25 19:08:08,clusterA,0,4,0,4,0.00,0.5,0.5,0.0,0.0,0.0
2026-01-25 19:08:08,clusterB,0,4,3,1,0.75,0.5,0.5,0.0,0.0,0.0
2026-01-25 19:08:13,clusterA,0,4,0,4,0.00,0.5,0.5,0.0,0.0,0.0
2026-01-25 19:08:13,clusterB,0,4,3,1,0.75,0.5,0.5,0.0,0.0,0.0
2026-01-25 19:08:18,clusterA,0,4,0,4,0.00,0.5,0.5,0.0,0.0,0.0
2026-01-25 19:08:18,clusterB,0,4,3,1,0.75,0.5,0.5,0.0,0.0,0.0
2026-01-25 19:08:24,clusterA,0,4,0,4,0.00,0.5,0.5,0.0,0.0,0.0
2026-01-25 19:08:24,clusterB,0,4,3,1,0.75,0.5,0.5,0.0,0.0,0.0
2026-01-25 19:08:29,clusterA,0,4,0,4,0.00,0.5,0.5,0.0,0.0,0.0
2026-01-25 19:08:29,clusterB,0,4,3,1,0.75,0.5,0.5,0.0,0.0,0.0
2026-01-25 19:08:34,clusterA,0,4,0,4,0.00,0.5,0.5,0.0,0.0,0.0
2026-01-25 19:08:34,clusterB,0,4,3,1,0.75,0.5,0.5,0.0,0.0,0.0
2026-01-25 19:08:39,clusterA,0,4,0,4,0.00,0.5,0.5,0.0,0.0,0.0
2026-01-25 19:08:39,clusterB,0,4,3,1,0.75,0.5,0.5,0.0,0.0,0.0
2026-01-25 19:08:44,clusterA,0,4,0,4,0.00,0.5,0.5,0.0,0.0,0.0
2026-01-25 19:08:44,clusterB,0,4,3,1,0.75,0.5,0.5,0.0,0.0,0.0
2026-01-25 19:08:49,clusterA,0,4,0,4,0.00,0.5,0.5,0.0,0.0,0.0
2026-01-25 19:08:49,clusterB,0,4,3,1,0.75,0.5,0.5,0.0,0.0,0.0
2026-01-25 19:08:54,clusterA,0,4,0,4,0.00,0.5,0.5,0.0,0.0,0.0
2026-01-25 19:08:54,clusterB,0,4,3,1,0.75,0.5,0.5,0.0,0.0,0.0
2026-01-25 19:09:00,clusterA,0,4,0,4,0.00,0.5,0.5,0.0,0.0,0.0
2026-01-25 19:09:00,clusterB,0,4,3,1,0.75,0.5,0.5,0.0,0.0,0.0
2026-01-25 19:09:05,clusterA,0,4,0,4,0.00,0.5,0.5,0.0,0.0,0.0
2026-01-25 19:09:05,clusterB,0,4,3,1,0.75,0.5,0.5,0.0,0.0,0.0
2026-01-25 19:09:10,clusterA,0,4,0,4,0.00,0.5,0.5,0.0,0.0,0.0
2026-01-25 19:09:10,clusterB,0,4,3,1,0.75,0.5,0.5,0.0,0.0,0.0
2026-01-25 19:09:15,clusterA,0,4,0,4,0.00,0.5,0.5,0.0,0.0,0.0
2026-01-25 19:09:15,clusterB,0,4,3,1,0.75,0.5,0.5,0.0,0.0,0.0
2026-01-25 19:09:20,clusterA,0,4,0,4,0.00,0.5,0.5,0.0,0.0,0.0
2026-01-25 19:09:20,clusterB,0,4,3,1,0.75,0.5,0.5,0.0,0.0,0.0
2026-01-25 19:09:25,clusterA,0,4,0,4,0.00,0.5,0.5,0.0,0.0,0.0
2026-01-25 19:09:25,clusterB,0,4,3,1,0.75,0.5,0.5,0.0,0.0,0.0
2026-01-25 19:09:30,clusterA,0,4,0,4,0.00,0.5,0.5,0.0,0.0,0.0
2026-01-25 19:09:30,clusterB,0,4,3,1,0.75,0.5,0.5,0.0,0.0,0.0
2026-01-25 19:09:36,clusterA,0,4,0,4,0.00,0.5,0.5,0.0,0.0,0.0
2026-01-25 19:09:36,clusterB,0,4,3,1,0.75,0.5,0.5,0.0,0.0,0.0
2026-01-25 19:09:41,clusterA,0,4,0,4,0.00,0.5,0.5,0.0,0.0,0.0
2026-01-25 19:09:41,clusterB,0,4,3,1,0.75,0.5,0.5,0.0,0.0,0.0
2026-01-25 19:09:46,clusterA,0,4,0,4,0.00,0.5,0.5,0.0,0.0,0.0
2026-01-25 19:09:46,clusterB,0,4,3,1,0.75,0.5,0.5,0.0,0.0,0.0
2026-01-25 19:09:51,clusterA,0,4,0,4,0.00,0.5,0.5,0.0,0.0,0.0
2026-01-25 19:09:51,clusterB,0,4,3,1,0.75,0.5,0.5,0.0,0.0,0.0
2026-01-25 19:09:56,clusterA,0,4,0,4,0.00,0.5,0.5,0.0,0.0,0.0
2026-01-25 19:09:56,clusterB,0,4,3,1,0.75,0.5,0.5,0.0,0.0,0.0
2026-01-25 19:10:01,clusterA,0,4,0,4,0.00,0.5,0.5,0.0,0.0,0.0
2026-01-25 19:10:01,clusterB,0,4,3,1,0.75,0.5,0.5,0.0,0.0,0.0
2026-01-25 19:10:06,clusterA,0,4,0,4,0.00,0.5,0.5,0.0,0.0,0.0
2026-01-25 19:10:06,clusterB,0,4,3,1,0.75,0.5,0.5,0.0,0.0,0.0
2026-01-25 19:10:11,clusterA,0,4,0,4,0.00,0.5,0.5,0.0,0.0,0.0
2026-01-25 19:10:11,clusterB,0,4,3,1,0.75,0.5,0.5,0.0,0.0,0.0
2026-01-25 19:10:17,clusterA,0,4,0,4,0.00,0.5,0.5,0.0,0.0,0.0
2026-01-25 19:10:17,clusterB,0,4,3,1,0.75,0.5,0.5,0.0,0.0,0.0
2026-01-25 19:10:22,clusterA,0,4,0,4,0.00,0.5,0.5,0.0,0.0,0.0
2026-01-25 19:10:22,clusterB,0,4,3,1,0.75,0.5,0.5,0.0,0.0,0.0
2026-01-25 19:10:27,clusterA,0,4,0,4,0.00,0.5,0.5,0.0,0.0,0.0
2026-01-25 19:10:27,clusterB,0,4,3,1,0.75,0.5,0.5,0.0,0.0,0.0
2026-01-25 19:10:32,clusterA,0,4,0,4,0.00,0.5,0.5,0.0,0.0,0.0
2026-01-25 19:10:32,clusterB,0,4,3,1,0.75,0.5,0.5,0.0,0.0,0.0
2026-01-25 19:10:37,clusterA,0,4,0,4,0.00,0.5,0.5,0.0,0.0,0.0
2026-01-25 19:10:37,clusterB,0,4,3,1,0.75,0.5,0.5,0.0,0.0,0.0
2026-01-25 19:10:42,clusterA,0,4,0,4,0.00,0.5,0.5,0.0,0.0,0.0
2026-01-25 19:10:42,clusterB,0,4,3,1,0.75,0.5,0.5,0.0,0.0,0.0
2026-01-25 19:10:47,clusterA,0,4,0,4,0.00,0.5,0.5,0.0,0.0,0.0
2026-01-25 19:10:47,clusterB,0,4,3,1,0.75,0.5,0.5,0.0,0.0,0.0
2026-01-25 19:10:53,clusterA,0,4,0,4,0.00,0.5,0.5,0.0,0.0,0.0
2026-01-25 19:10:53,clusterB,0,4,3,1,0.75,0.5,0.5,0.0,0.0,0.0
2026-01-25 19:10:58,clusterA,0,4,0,4,0.00,0.5,0.5,0.0,0.0,0.0
2026-01-25 19:10:58,clusterB,0,4,3,1,0.75,0.5,0.5,0.0,0.0,0.0
2026-01-25 19:11:03,clusterA,0,4,0,4,0.00,0.5,0.5,0.0,0.0,0.0
2026-01-25 19:11:03,clusterB,0,4,3,1,0.75,0.5,0.5,0.0,0.0,0.0
2026-01-25 19:11:08,clusterA,0,4,0,4,0.00,0.5,0.5,0.0,0.0,0.0
2026-01-25 19:11:08,clusterB,0,4,3,1,0.75,0.5,0.5,0.0,0.0,0.0
2026-01-25 19:11:13,clusterA,0,4,0,4,0.00,0.5,0.5,0.0,0.0,0.0
2026-01-25 19:11:13,clusterB,0,4,3,1,0.75,0.5,0.5,0.0,0.0,0.0
2026-01-25 19:11:18,clusterA,0,4,0,4,0.00,0.5,0.5,0.0,0.0,0.0
2026-01-25 19:11:18,clusterB,0,4,3,1,0.75,0.5,0.5,0.0,0.0,0.0
2026-01-25 19:11:23,clusterA,0,4,0,4,0.00,0.5,0.5,0.0,0.0,0.0
2026-01-25 19:11:23,clusterB,0,4,3,1,0.75,0.5,0.5,0.0,0.0,0.0
2026-01-25 19:11:29,clusterA,0,4,0,4,0.00,0.5,0.5,0.0,0.0,0.0
2026-01-25 19:11:29,clusterB,0,4,3,1,0.75,0.5,0.5,0.0,0.0,0.0
2026-01-25 19:11:34,clusterA,0,4,0,4,0.00,0.5,0.5,0.0,0.0,0.0
2026-01-25 19:11:34,clusterB,0,4,3,1,0.75,0.5,0.5,0.0,0.0,0.0
2026-01-25 19:11:39,clusterA,0,4,0,4,0.00,0.5,0.5,0.0,0.0,0.0
2026-01-25 19:11:39,clusterB,0,4,3,1,0.75,0.5,0.5,0.0,0.0,0.0
2026-01-25 19:11:44,clusterA,0,4,0,4,0.00,0.5,0.5,0.0,0.0,0.0
2026-01-25 19:11:44,clusterB,0,4,3,1,0.75,0.5,0.5,0.0,0.0,0.0
2026-01-25 19:11:49,clusterA,0,4,0,4,0.00,0.5,0.5,0.0,0.0,0.0
2026-01-25 19:11:49,clusterB,0,4,3,1,0.75,0.5,0.5,0.0,0.0,0.0
2026-01-25 19:11:54,clusterA,0,4,0,4,0.00,0.5,0.5,0.0,0.0,0.0
2026-01-25 19:11:54,clusterB,0,4,3,1,0.75,0.5,0.5,0.0,0.0,0.0
2026-01-25 19:11:59,clusterA,0,4,0,4,0.00,0.5,0.5,0.0,0.0,0.0
2026-01-25 19:11:59,clusterB,0,4,3,1,0.75,0.5,0.5,0.0,0.0,0.0
2026-01-25 19:12:05,clusterA,0,4,0,4,0.00,0.5,0.5,0.0,0.0,0.0
2026-01-25 19:12:05,clusterB,0,4,3,1,0.75,0.5,0.5,0.0,0.0,0.0
2026-01-25 19:12:10,clusterA,0,4,0,4,0.00,0.5,0.5,0.0,0.0,0.0
2026-01-25 19:12:10,clusterB,0,4,3,1,0.75,0.5,0.5,0.0,0.0,0.0
2026-01-25 19:12:15,clusterA,0,4,0,4,0.00,0.5,0.5,0.0,0.0,0.0
2026-01-25 19:12:15,clusterB,0,4,3,1,0.75,0.5,0.5,0.0,0.0,0.0
2026-01-25 19:12:20,clusterA,0,4,0,4,0.00,0.5,0.5,0.0,0.0,0.0
2026-01-25 19:12:20,clusterB,0,4,3,1,0.75,0.5,0.5,0.0,0.0,0.0
2026-01-25 19:12:25,clusterA,0,4,0,4,0.00,0.5,0.5,0.0,0.0,0.0
2026-01-25 19:12:25,clusterB,0,4,3,1,0.75,0.5,0.5,0.0,0.0,0.0
2026-01-25 19:12:30,clusterA,0,4,0,4,0.00,0.5,0.5,0.0,0.0,0.0
2026-01-25 19:12:30,clusterB,0,4,3,1,0.75,0.5,0.5,0.0,0.0,0.0
2026-01-25 19:12:35,clusterA,0,4,0,4,0.00,0.5,0.5,0.0,0.0,0.0
2026-01-25 19:12:35,clusterB,0,4,3,1,0.75,0.5,0.5,0.0,0.0,0.0
2026-01-25 19:12:41,clusterA,0,4,0,4,0.00,0.5,0.5,0.0,0.0,0.0
2026-01-25 19:12:41,clusterB,0,4,3,1,0.75,0.5,0.5,0.0,0.0,0.0
2026-01-25 19:12:46,clusterA,0,4,0,4,0.00,0.5,0.5,0.0,0.0,0.0
2026-01-25 19:12:46,clusterB,0,4,3,1,0.75,0.5,0.5,0.0,0.0,0.0
2026-01-25 19:12:51,clusterA,0,4,0,4,0.00,0.5,0.5,0.0,0.0,0.0
2026-01-25 19:12:51,clusterB,0,4,3,1,0.75,0.5,0.5,0.0,0.0,0.0
2026-01-25 19:12:56,clusterA,0,4,0,4,0.00,0.5,0.5,0.0,0.0,0.0
2026-01-25 19:12:56,clusterB,0,4,3,1,0.75,0.5,0.5,0.0,0.0,0.0
2026-01-25 19:13:01,clusterA,0,4,0,4,0.00,0.5,0.5,0.0,0.0,0.0
2026-01-25 19:13:01,clusterB,0,4,3,1,0.75,0.5,0.5,0.0,0.0,0.0
2026-01-25 19:13:06,clusterA,0,4,0,4,0.00,0.5,0.5,0.0,0.0,0.0
2026-01-25 19:13:06,clusterB,0,4,3,1,0.75,0.5,0.5,0.0,0.0,0.0
2026-01-25 19:13:11,clusterA,0,4,0,4,0.00,0.5,0.5,0.0,0.0,0.0
2026-01-25 19:13:11,clusterB,0,4,3,1,0.75,0.5,0.5,0.0,0.0,0.0
2026-01-25 19:13:17,clusterA,0,4,0,4,0.00,0.5,0.5,0.0,0.0,0.0
2026-01-25 19:13:17,clusterB,0,4,3,1,0.75,0.5,0.5,0.0,0.0,0.0
2026-01-25 19:13:22,clusterA,0,4,0,4,0.00,0.5,0.5,0.0,0.0,0.0
2026-01-25 19:13:22,clusterB,0,4,3,1,0.75,0.5,0.5,0.0,0.0,0.0
2026-01-25 19:13:27,clusterA,0,4,0,4,0.00,0.5,0.5,0.0,0.0,0.0
2026-01-25 19:13:27,clusterB,0,4,3,1,0.75,0.5,0.5,0.0,0.0,0.0
2026-01-25 19:13:32,clusterA,0,4,0,4,0.00,0.5,0.5,0.0,0.0,0.0
2026-01-25 19:13:32,clusterB,0,4,3,1,0.75,0.5,0.5,0.0,0.0,0.0
2026-01-25 19:13:37,clusterA,0,4,0,4,0.00,0.5,0.5,0.0,0.0,0.0
2026-01-25 19:13:37,clusterB,0,4,3,1,0.75,0.5,0.5,0.0,0.0,0.0
2026-01-25 19:13:42,clusterA,0,4,0,4,0.00,0.5,0.5,0.0,0.0,0.0
2026-01-25 19:13:42,clusterB,0,4,3,1,0.75,0.5,0.5,0.0,0.0,0.0
2026-01-25 19:13:47,clusterA,0,4,0,4,0.00,0.5,0.5,0.0,0.0,0.0
2026-01-25 19:13:47,clusterB,0,4,3,1,0.75,0.5,0.5,0.0,0.0,0.0
2026-01-25 19:13:53,clusterA,0,4,0,4,0.00,0.5,0.5,0.0,0.0,0.0
2026-01-25 19:13:53,clusterB,0,4,3,1,0.75,0.5,0.5,0.0,0.0,0.0
2026-01-25 19:13:58,clusterA,0,4,0,4,0.00,0.5,0.5,0.0,0.0,0.0
2026-01-25 19:13:58,clusterB,0,4,3,1,0.75,0.5,0.5,0.0,0.0,0.0
2026-01-25 19:14:03,clusterA,0,4,0,4,0.00,0.5,0.5,0.0,0.0,0.0
2026-01-25 19:14:03,clusterB,0,4,3,1,0.75,0.5,0.5,0.0,0.0,0.0
2026-01-25 19:14:08,clusterA,0,4,0,4,0.00,0.5,0.5,0.0,0.0,0.0
2026-01-25 19:14:08,clusterB,0,4,3,1,0.75,0.5,0.5,0.0,0.0,0.0
2026-01-25 19:14:13,clusterA,0,4,0,4,0.00,0.5,0.5,0.0,0.0,0.0
2026-01-25 19:14:13,clusterB,0,4,3,1,0.75,0.5,0.5,0.0,0.0,0.0
2026-01-25 19:14:18,clusterA,0,4,0,4,0.00,0.5,0.5,0.0,0.0,0.0
2026-01-25 19:14:18,clusterB,0,4,2,2,0.50,0.5,0.5,0.0,0.0,0.0
2026-01-25 19:14:23,clusterA,0,4,0,4,0.00,0.5,0.5,0.0,0.0,0.0
2026-01-25 19:14:23,clusterB,0,4,2,2,0.50,0.5,0.5,0.0,0.0,0.0
2026-01-25 19:14:28,clusterA,0,4,0,4,0.00,0.5,0.5,0.0,0.0,0.0
2026-01-25 19:14:28,clusterB,0,4,2,2,0.50,0.5,0.5,0.0,0.0,0.0
2026-01-25 19:14:34,clusterA,0,4,0,4,0.00,0.5,0.5,0.0,0.0,0.0
2026-01-25 19:14:34,clusterB,0,4,2,2,0.50,0.5,0.5,0.0,0.0,0.0
2026-01-25 19:14:39,clusterA,0,4,0,4,0.00,0.5,0.5,0.0,0.0,0.0
2026-01-25 19:14:39,clusterB,0,4,2,2,0.50,0.5,0.5,0.0,0.0,0.0
2026-01-25 19:14:44,clusterA,0,4,0,4,0.00,0.5,0.5,0.0,0.0,0.0
2026-01-25 19:14:44,clusterB,0,4,2,2,0.50,0.5,0.5,0.0,0.0,0.0
2026-01-25 19:14:49,clusterA,0,4,0,4,0.00,0.5,0.5,0.0,0.0,0.0
2026-01-25 19:14:49,clusterB,0,4,2,2,0.50,0.5,0.5,0.0,0.0,0.0
2026-01-25 19:14:54,clusterA,0,4,0,4,0.00,0.5,0.5,0.0,0.0,0.0
2026-01-25 19:14:54,clusterB,0,4,2,2,0.50,0.5,0.5,0.0,0.0,0.0
2026-01-25 19:14:59,clusterA,0,4,0,4,0.00,0.5,0.5,0.0,0.0,0.0
2026-01-25 19:14:59,clusterB,0,4,2,2,0.50,0.5,0.5,0.0,0.0,0.0
2026-01-25 19:15:04,clusterA,0,4,0,4,0.00,0.5,0.5,0.0,0.0,0.0
2026-01-25 19:15:04,clusterB,0,4,2,2,0.50,0.5,0.5,0.0,0.0,0.0
2026-01-25 19:15:09,clusterA,0,4,0,4,0.00,0.5,0.5,0.0,0.0,0.0
2026-01-25 19:15:09,clusterB,0,4,2,2,0.50,0.5,0.5,0.0,0.0,0.0
2026-01-25 19:15:14,clusterA,0,4,0,4,0.00,0.5,0.5,0.0,0.0,0.0
2026-01-25 19:15:14,clusterB,0,4,2,2,0.50,0.5,0.5,0.0,0.0,0.0
2026-01-25 19:15:19,clusterA,0,4,0,4,0.00,0.5,0.5,0.0,0.0,0.0
2026-01-25 19:15:19,clusterB,0,4,2,2,0.50,0.5,0.5,0.0,0.0,0.0
2026-01-25 19:15:25,clusterA,0,4,0,4,0.00,0.5,0.5,0.0,0.0,0.0
2026-01-25 19:15:25,clusterB,0,4,2,2,0.50,0.5,0.5,0.0,0.0,0.0
2026-01-25 19:15:30,clusterA,0,4,0,4,0.00,0.5,0.5,0.0,0.0,0.0
2026-01-25 19:15:30,clusterB,0,4,2,2,0.50,0.5,0.5,0.0,0.0,0.0
2026-01-25 19:15:35,clusterA,0,4,0,4,0.00,0.5,0.5,0.0,0.0,0.0
2026-01-25 19:15:35,clusterB,0,4,2,2,0.50,0.5,0.5,0.0,0.0,0.0
2026-01-25 19:15:40,clusterA,0,4,0,4,0.00,0.5,0.5,0.0,0.0,0.0
2026-01-25 19:15:40,clusterB,0,4,2,2,0.50,0.5,0.5,0.0,0.0,0.0
2026-01-25 19:15:45,clusterA,0,4,0,4,0.00,0.5,0.5,0.0,0.0,0.0
2026-01-25 19:15:45,clusterB,0,4,2,2,0.50,0.5,0.5,0.0,0.0,0.0
2026-01-25 19:15:50,clusterA,0,4,0,4,0.00,0.5,0.5,0.0,0.0,0.0
2026-01-25 19:15:50,clusterB,0,4,2,2,0.50,0.5,0.5,0.0,0.0,0.0
2026-01-25 19:15:55,clusterA,0,4,0,4,0.00,0.5,0.5,0.0,0.0,0.0
2026-01-25 19:15:55,clusterB,0,4,2,2,0.50,0.5,0.5,0.0,0.0,0.0
2026-01-25 19:16:00,clusterA,0,4,0,4,0.00,0.5,0.5,0.0,0.0,0.0
2026-01-25 19:16:00,clusterB,0,4,2,2,0.50,0.5,0.5,0.0,0.0,0.0
2026-01-25 19:16:05,clusterA,0,4,0,4,0.00,0.5,0.5,0.0,0.0,0.0
2026-01-25 19:16:05,clusterB,0,4,2,2,0.50,0.5,0.5,0.0,0.0,0.0
2026-01-25 19:16:10,clusterA,0,4,0,4,0.00,0.5,0.5,0.0,0.0,0.0
2026-01-25 19:16:10,clusterB,0,4,2,2,0.50,0.5,0.5,0.0,0.0,0.0
2026-01-25 19:16:16,clusterA,0,4,0,4,0.00,0.5,0.5,0.0,0.0,0.0
2026-01-25 19:16:16,clusterB,0,4,2,2,0.50,0.5,0.5,0.0,0.0,0.0
2026-01-25 19:16:21,clusterA,0,4,0,4,0.00,0.5,0.5,0.0,0.0,0.0
2026-01-25 19:16:21,clusterB,0,4,2,2,0.50,0.5,0.5,0.0,0.0,0.0
2026-01-25 19:16:26,clusterA,0,4,0,4,0.00,0.5,0.5,0.0,0.0,0.0
2026-01-25 19:16:26,clusterB,0,4,2,2,0.50,0.5,0.5,0.0,0.0,0.0
2026-01-25 19:16:31,clusterA,0,4,0,4,0.00,0.5,0.5,0.0,0.0,0.0
2026-01-25 19:16:31,clusterB,0,4,2,2,0.50,0.5,0.5,0.0,0.0,0.0
2026-01-25 19:16:36,clusterA,0,4,0,4,0.00,0.5,0.5,0.0,0.0,0.0
2026-01-25 19:16:36,clusterB,0,4,2,2,0.50,0.5,0.5,0.0,0.0,0.0
2026-01-25 19:16:41,clusterA,0,4,0,4,0.00,0.5,0.5,0.0,0.0,0.0
2026-01-25 19:16:41,clusterB,0,4,2,2,0.50,0.5,0.5,0.0,0.0,0.0
2026-01-25 19:16:46,clusterA,0,4,0,4,0.00,0.5,0.5,0.0,0.0,0.0
2026-01-25 19:16:46,clusterB,0,4,2,2,0.50,0.5,0.5,0.0,0.0,0.0
2026-01-25 19:16:51,clusterA,0,4,0,4,0.00,0.5,0.5,0.0,0.0,0.0
2026-01-25 19:16:51,clusterB,0,4,2,2,0.50,0.5,0.5,0.0,0.0,0.0
2026-01-25 19:16:56,clusterA,0,4,0,4,0.00,0.5,0.5,0.0,0.0,0.0
2026-01-25 19:16:56,clusterB,0,4,2,2,0.50,0.5,0.5,0.0,0.0,0.0
2026-01-25 19:17:01,clusterA,0,4,0,4,0.00,0.5,0.5,0.0,0.0,0.0
2026-01-25 19:17:01,clusterB,0,4,2,2,0.50,0.5,0.5,0.0,0.0,0.0
2026-01-25 19:17:07,clusterA,0,4,0,4,0.00,0.5,0.5,0.0,0.0,0.0
2026-01-25 19:17:07,clusterB,0,4,2,2,0.50,0.5,0.5,0.0,0.0,0.0
2026-01-25 19:17:12,clusterA,0,4,0,4,0.00,0.5,0.5,0.0,0.0,0.0
2026-01-25 19:17:12,clusterB,0,4,2,2,0.50,0.5,0.5,0.0,0.0,0.0
2026-01-25 19:17:17,clusterA,0,4,0,4,0.00,0.5,0.5,0.0,0.0,0.0
2026-01-25 19:17:17,clusterB,0,4,2,2,0.50,0.5,0.5,0.0,0.0,0.0
2026-01-25 19:17:22,clusterA,0,4,0,4,0.00,0.5,0.5,0.0,0.0,0.0
2026-01-25 19:17:22,clusterB,0,4,2,2,0.50,0.5,0.5,0.0,0.0,0.0
2026-01-25 19:17:27,clusterA,0,4,0,4,0.00,0.5,0.5,0.0,0.0,0.0
2026-01-25 19:17:27,clusterB,0,4,2,2,0.50,0.5,0.5,0.0,0.0,0.0
2026-01-25 19:17:32,clusterA,0,4,0,4,0.00,0.5,0.5,0.0,0.0,0.0
2026-01-25 19:17:32,clusterB,0,4,2,2,0.50,0.5,0.5,0.0,0.0,0.0
2026-01-25 19:17:37,clusterA,0,4,0,4,0.00,0.5,0.5,0.0,0.0,0.0
2026-01-25 19:17:37,clusterB,0,4,2,2,0.50,0.5,0.5,0.0,0.0,0.0
2026-01-25 19:17:42,clusterA,0,4,0,4,0.00,0.5,0.5,0.0,0.0,0.0
2026-01-25 19:17:42,clusterB,0,4,2,2,0.50,0.5,0.5,0.0,0.0,0.0
2026-01-25 19:17:47,clusterA,0,4,0,4,0.00,0.5,0.5,0.0,0.0,0.0
2026-01-25 19:17:47,clusterB,0,4,2,2,0.50,0.5,0.5,0.0,0.0,0.0
2026-01-25 19:17:52,clusterA,0,4,0,4,0.00,0.5,0.5,0.0,0.0,0.0
2026-01-25 19:17:52,clusterB,0,4,2,2,0.50,0.5,0.5,0.0,0.0,0.0
2026-01-25 19:17:58,clusterA,0,4,0,4,0.00,0.5,0.5,0.0,0.0,0.0
2026-01-25 19:17:58,clusterB,0,4,2,2,0.50,0.5,0.5,0.0,0.0,0.0
2026-01-25 19:18:03,clusterA,0,4,0,4,0.00,0.5,0.5,0.0,0.0,0.0
2026-01-25 19:18:03,clusterB,0,4,2,2,0.50,0.5,0.5,0.0,0.0,0.0
2026-01-25 19:18:08,clusterA,0,4,0,4,0.00,0.5,0.5,0.0,0.0,0.0
2026-01-25 19:18:08,clusterB,0,4,2,2,0.50,0.5,0.5,0.0,0.0,0.0
2026-01-25 19:18:13,clusterA,0,4,0,4,0.00,0.5,0.5,0.0,0.0,0.0
2026-01-25 19:18:13,clusterB,0,4,2,2,0.50,0.5,0.5,0.0,0.0,0.0
2026-01-25 19:18:18,clusterA,0,4,0,4,0.00,0.5,0.5,0.0,0.0,0.0
2026-01-25 19:18:18,clusterB,0,4,2,2,0.50,0.5,0.5,0.0,0.0,0.0
2026-01-25 19:18:23,clusterA,0,4,0,4,0.00,0.5,0.5,0.0,0.0,0.0
2026-01-25 19:18:23,clusterB,0,4,2,2,0.50,0.5,0.5,0.0,0.0,0.0
2026-01-25 19:18:28,clusterA,0,4,0,4,0.00,0.5,0.5,0.0,0.0,0.0
2026-01-25 19:18:28,clusterB,0,4,2,2,0.50,0.5,0.5,0.0,0.0,0.0
2026-01-25 19:18:33,clusterA,0,4,0,4,0.00,0.5,0.5,0.0,0.0,0.0
2026-01-25 19:18:33,clusterB,0,4,2,2,0.50,0.5,0.5,0.0,0.0,0.0
2026-01-25 19:18:38,clusterA,0,4,0,4,0.00,0.5,0.5,0.0,0.0,0.0
2026-01-25 19:18:38,clusterB,0,4,2,2,0.50,0.5,0.5,0.0,0.0,0.0
2026-01-25 19:18:43,clusterA,0,4,0,4,0.00,0.5,0.5,0.0,0.0,0.0
2026-01-25 19:18:43,clusterB,0,4,2,2,0.50,0.5,0.5,0.0,0.0,0.0
2026-01-25 19:18:49,clusterA,0,4,0,4,0.00,0.5,0.5,0.0,0.0,0.0
2026-01-25 19:18:49,clusterB,0,4,2,2,0.50,0.5,0.5,0.0,0.0,0.0
2026-01-25 19:18:54,clusterA,0,4,0,4,0.00,0.5,0.5,0.0,0.0,0.0
2026-01-25 19:18:54,clusterB,0,4,2,2,0.50,0.5,0.5,0.0,0.0,0.0
2026-01-25 19:18:59,clusterA,0,4,0,4,0.00,0.5,0.5,0.0,0.0,0.0
2026-01-25 19:18:59,clusterB,0,4,2,2,0.50,0.5,0.5,0.0,0.0,0.0
2026-01-25 19:19:04,clusterA,0,4,0,4,0.00,0.5,0.5,0.0,0.0,0.0
2026-01-25 19:19:04,clusterB,0,4,2,2,0.50,0.5,0.5,0.0,0.0,0.0
2026-01-25 19:19:09,clusterA,0,4,0,4,0.00,0.5,0.5,0.0,0.0,0.0
2026-01-25 19:19:09,clusterB,0,4,2,2,0.50,0.5,0.5,0.0,0.0,0.0
2026-01-25 19:19:14,clusterA,0,4,0,4,0.00,0.5,0.5,0.0,0.0,0.0
2026-01-25 19:19:14,clusterB,0,4,2,2,0.50,0.5,0.5,0.0,0.0,0.0
2026-01-25 19:19:19,clusterA,0,4,0,4,0.00,0.5,0.5,0.0,0.0,0.0
2026-01-25 19:19:19,clusterB,0,4,2,2,0.50,0.5,0.5,0.0,0.0,0.0
2026-01-25 19:19:24,clusterA,0,4,0,4,0.00,0.5,0.5,0.0,0.0,0.0
2026-01-25 19:19:24,clusterB,0,4,2,2,0.50,0.5,0.5,0.0,0.0,0.0
2026-01-25 19:19:29,clusterA,0,4,0,4,0.00,0.5,0.5,0.0,0.0,0.0
2026-01-25 19:19:29,clusterB,0,4,2,2,0.50,0.5,0.5,0.0,0.0,0.0
2026-01-25 19:19:34,clusterA,0,4,0,4,0.00,0.5,0.5,0.0,0.0,0.0
2026-01-25 19:19:34,clusterB,0,4,2,2,0.50,0.5,0.5,0.0,0.0,0.0
2026-01-25 19:19:40,clusterA,0,4,0,4,0.00,0.5,0.5,0.0,0.0,0.0
2026-01-25 19:19:40,clusterB,0,4,2,2,0.50,0.5,0.5,0.0,0.0,0.0
2026-01-25 19:19:45,clusterA,0,4,0,4,0.00,0.5,0.5,0.0,0.0,0.0
2026-01-25 19:19:45,clusterB,0,4,2,2,0.50,0.5,0.5,0.0,0.0,0.0
2026-01-25 19:19:50,clusterA,0,4,0,4,0.00,0.5,0.5,0.0,0.0,0.0
2026-01-25 19:19:50,clusterB,0,4,2,2,0.50,0.5,0.5,0.0,0.0,0.0
2026-01-25 19:19:55,clusterA,0,4,0,4,0.00,0.5,0.5,0.0,0.0,0.0
2026-01-25 19:19:55,clusterB,0,4,2,2,0.50,0.5,0.5,0.0,0.0,0.0
2026-01-25 19:20:00,clusterA,0,4,0,4,0.00,0.5,0.5,0.0,0.0,0.0
2026-01-25 19:20:00,clusterB,0,4,2,2,0.50,0.5,0.5,0.0,0.0,0.0
2026-01-25 19:20:05,clusterA,0,4,0,4,0.00,0.5,0.5,0.0,0.0,0.0
2026-01-25 19:20:05,clusterB,0,4,2,2,0.50,0.5,0.5,0.0,0.0,0.0
2026-01-25 19:20:10,clusterA,0,4,0,4,0.00,0.5,0.5,0.0,0.0,0.0
2026-01-25 19:20:10,clusterB,0,4,2,2,0.50,0.5,0.5,0.0,0.0,0.0
2026-01-25 19:20:15,clusterA,0,4,0,4,0.00,0.5,0.5,0.0,0.0,0.0
2026-01-25 19:20:15,clusterB,0,4,2,2,0.50,0.5,0.5,0.0,0.0,0.0
2026-01-25 19:20:20,clusterA,0,4,0,4,0.00,0.5,0.5,0.0,0.0,0.0
2026-01-25 19:20:20,clusterB,0,4,2,2,0.50,0.5,0.5,0.0,0.0,0.0
2026-01-25 19:20:25,clusterA,0,4,0,4,0.00,0.5,0.5,0.0,0.0,0.0
2026-01-25 19:20:25,clusterB,0,4,2,2,0.50,0.5,0.5,0.0,0.0,0.0
2026-01-25 19:20:31,clusterA,0,4,0,4,0.00,0.5,0.5,0.0,0.0,0.0
2026-01-25 19:20:31,clusterB,0,4,2,2,0.50,0.5,0.5,0.0,0.0,0.0
2026-01-25 19:20:36,clusterA,0,4,0,4,0.00,0.5,0.5,0.0,0.0,0.0
2026-01-25 19:20:36,clusterB,0,4,2,2,0.50,0.5,0.5,0.0,0.0,0.0
2026-01-25 19:20:41,clusterA,0,4,0,4,0.00,0.5,0.5,0.0,0.0,0.0
2026-01-25 19:20:41,clusterB,0,4,2,2,0.50,0.5,0.5,0.0,0.0,0.0
2026-01-25 19:20:46,clusterA,0,4,0,4,0.00,0.5,0.5,0.0,0.0,0.0
2026-01-25 19:20:46,clusterB,0,4,2,2,0.50,0.5,0.5,0.0,0.0,0.0
2026-01-25 19:20:51,clusterA,0,4,0,4,0.00,0.5,0.5,0.0,0.0,0.0
2026-01-25 19:20:51,clusterB,0,4,2,2,0.50,0.5,0.5,0.0,0.0,0.0
2026-01-25 19:20:56,clusterA,0,4,0,4,0.00,0.5,0.5,0.0,0.0,0.0
2026-01-25 19:20:56,clusterB,0,4,2,2,0.50,0.5,0.5,0.0,0.0,0.0
2026-01-25 19:21:01,clusterA,0,4,0,4,0.00,0.5,0.5,0.0,0.0,0.0
2026-01-25 19:21:01,clusterB,0,4,2,2,0.50,0.5,0.5,0.0,0.0,0.0
2026-01-25 19:21:06,clusterA,0,4,0,4,0.00,0.5,0.5,0.0,0.0,0.0
2026-01-25 19:21:06,clusterB,0,4,2,2,0.50,0.5,0.5,0.0,0.0,0.0
2026-01-25 19:21:11,clusterA,0,4,0,4,0.00,0.5,0.5,0.0,0.0,0.0
2026-01-25 19:21:11,clusterB,0,4,2,2,0.50,0.5,0.5,0.0,0.0,0.0
2026-01-25 19:21:16,clusterA,0,4,0,4,0.00,0.5,0.5,0.0,0.0,0.0
2026-01-25 19:21:16,clusterB,0,4,2,2,0.50,0.5,0.5,0.0,0.0,0.0
2026-01-25 19:21:21,clusterA,0,4,0,4,0.00,0.5,0.5,0.0,0.0,0.0
2026-01-25 19:21:21,clusterB,0,4,2,2,0.50,0.5,0.5,0.0,0.0,0.0
2026-01-25 19:21:27,clusterA,0,4,0,4,0.00,0.5,0.5,0.0,0.0,0.0
2026-01-25 19:21:27,clusterB,0,4,2,2,0.50,0.5,0.5,0.0,0.0,0.0
2026-01-25 19:21:32,clusterA,0,4,0,4,0.00,0.5,0.5,0.0,0.0,0.0
2026-01-25 19:21:32,clusterB,0,4,2,2,0.50,0.5,0.5,0.0,0.0,0.0
2026-01-25 19:21:37,clusterA,0,4,0,4,0.00,0.5,0.5,0.0,0.0,0.0
2026-01-25 19:21:37,clusterB,0,4,2,2,0.50,0.5,0.5,0.0,0.0,0.0
2026-01-25 19:21:42,clusterA,0,4,0,4,0.00,0.5,0.5,0.0,0.0,0.0
2026-01-25 19:21:42,clusterB,0,4,2,2,0.50,0.5,0.5,0.0,0.0,0.0
2026-01-25 19:21:47,clusterA,0,4,0,4,0.00,0.5,0.5,0.0,0.0,0.0
2026-01-25 19:21:47,clusterB,0,4,2,2,0.50,0.5,0.5,0.0,0.0,0.0
2026-01-25 19:21:52,clusterA,0,4,0,4,0.00,0.5,0.5,0.0,0.0,0.0
2026-01-25 19:21:52,clusterB,0,4,2,2,0.50,0.5,0.5,0.0,0.0,0.0
2026-01-25 19:21:57,clusterA,0,4,0,4,0.00,0.5,0.5,0.0,0.0,0.0
2026-01-25 19:21:57,clusterB,0,4,2,2,0.50,0.5,0.5,0.0,0.0,0.0
2026-01-25 19:22:02,clusterA,0,4,0,4,0.00,0.5,0.5,0.0,0.0,0.0
2026-01-25 19:22:02,clusterB,0,4,2,2,0.50,0.5,0.5,0.0,0.0,0.0
2026-01-25 19:22:07,clusterA,0,4,0,4,0.00,0.5,0.5,0.0,0.0,0.0
2026-01-25 19:22:07,clusterB,0,4,2,2,0.50,0.5,0.5,0.0,0.0,0.0
2026-01-25 19:22:12,clusterA,0,4,0,4,0.00,0.5,0.5,0.0,0.0,0.0
2026-01-25 19:22:12,clusterB,0,4,2,2,0.50,0.5,0.5,0.0,0.0,0.0
2026-01-25 19:22:18,clusterA,0,4,0,4,0.00,0.5,0.5,0.0,0.0,0.0
2026-01-25 19:22:18,clusterB,0,4,2,2,0.50,0.5,0.5,0.0,0.0,0.0
2026-01-25 19:22:23,clusterA,0,4,0,4,0.00,0.5,0.5,0.0,0.0,0.0
2026-01-25 19:22:23,clusterB,0,4,2,2,0.50,0.5,0.5,0.0,0.0,0.0
2026-01-25 19:22:28,clusterA,0,4,0,4,0.00,0.5,0.5,0.0,0.0,0.0
2026-01-25 19:22:28,clusterB,0,4,2,2,0.50,0.5,0.5,0.0,0.0,0.0
2026-01-25 19:22:33,clusterA,0,4,0,4,0.00,0.5,0.5,0.0,0.0,0.0
2026-01-25 19:22:33,clusterB,0,4,2,2,0.50,0.5,0.5,0.0,0.0,0.0
2026-01-25 19:22:38,clusterA,0,4,0,4,0.00,0.5,0.5,0.0,0.0,0.0
2026-01-25 19:22:38,clusterB,0,4,2,2,0.50,0.5,0.5,0.0,0.0,0.0
2026-01-25 19:22:43,clusterA,0,4,0,4,0.00,0.5,0.5,0.0,0.0,0.0
2026-01-25 19:22:43,clusterB,0,4,2,2,0.50,0.5,0.5,0.0,0.0,0.0
2026-01-25 19:22:48,clusterA,0,4,0,4,0.00,0.5,0.5,0.0,0.0,0.0
2026-01-25 19:22:48,clusterB,0,4,2,2,0.50,0.5,0.5,0.0,0.0,0.0
2026-01-25 19:22:53,clusterA,0,4,0,4,0.00,0.5,0.5,0.0,0.0,0.0
2026-01-25 19:22:53,clusterB,0,4,2,2,0.50,0.5,0.5,0.0,0.0,0.0
2026-01-25 19:22:58,clusterA,0,4,0,4,0.00,0.5,0.5,0.0,0.0,0.0
2026-01-25 19:22:58,clusterB,0,4,2,2,0.50,0.5,0.5,0.0,0.0,0.0
2026-01-25 19:23:03,clusterA,0,4,0,4,0.00,0.5,0.5,0.0,0.0,0.0
2026-01-25 19:23:03,clusterB,0,4,2,2,0.50,0.5,0.5,0.0,0.0,0.0
2026-01-25 19:23:09,clusterA,0,4,0,4,0.00,0.5,0.5,0.0,0.0,0.0
2026-01-25 19:23:09,clusterB,0,4,2,2,0.50,0.5,0.5,0.0,0.0,0.0
2026-01-25 19:23:14,clusterA,0,4,0,4,0.00,0.5,0.5,0.0,0.0,0.0
2026-01-25 19:23:14,clusterB,0,4,2,2,0.50,0.5,0.5,0.0,0.0,0.0
2026-01-25 19:23:19,clusterA,0,4,0,4,0.00,0.5,0.5,0.0,0.0,0.0
2026-01-25 19:23:19,clusterB,0,4,2,2,0.50,0.5,0.5,0.0,0.0,0.0
2026-01-25 19:23:24,clusterA,0,4,0,4,0.00,0.5,0.5,0.0,0.0,0.0
2026-01-25 19:23:24,clusterB,0,4,2,2,0.50,0.5,0.5,0.0,0.0,0.0
2026-01-25 19:23:29,clusterA,0,4,0,4,0.00,0.5,0.5,0.0,0.0,0.0
2026-01-25 19:23:29,clusterB,0,4,2,2,0.50,0.5,0.5,0.0,0.0,0.0
2026-01-25 19:23:34,clusterA,0,4,0,4,0.00,0.5,0.5,0.0,0.0,0.0
2026-01-25 19:23:34,clusterB,0,4,2,2,0.50,0.5,0.5,0.0,0.0,0.0
2026-01-25 19:23:39,clusterA,0,4,0,4,0.00,0.5,0.5,0.0,0.0,0.0
2026-01-25 19:23:39,clusterB,0,4,2,2,0.50,0.5,0.5,0.0,0.0,0.0
2026-01-25 19:23:44,clusterA,0,4,0,4,0.00,0.5,0.5,0.0,0.0,0.0
2026-01-25 19:23:44,clusterB,0,4,2,2,0.50,0.5,0.5,0.0,0.0,0.0
2026-01-25 19:23:49,clusterA,0,4,0,4,0.00,0.5,0.5,0.0,0.0,0.0
2026-01-25 19:23:49,clusterB,0,4,2,2,0.50,0.5,0.5,0.0,0.0,0.0
2026-01-25 19:23:54,clusterA,0,4,0,4,0.00,0.5,0.5,0.0,0.0,0.0
2026-01-25 19:23:54,clusterB,0,4,2,2,0.50,0.5,0.5,0.0,0.0,0.0
2026-01-25 19:24:00,clusterA,0,4,0,4,0.00,0.5,0.5,0.0,0.0,0.0
2026-01-25 19:24:00,clusterB,0,4,2,2,0.50,0.5,0.5,0.0,0.0,0.0
2026-01-25 19:24:05,clusterA,0,4,0,4,0.00,0.5,0.5,0.0,0.0,0.0
2026-01-25 19:24:05,clusterB,0,4,2,2,0.50,0.5,0.5,0.0,0.0,0.0
2026-01-25 19:24:10,clusterA,0,4,0,4,0.00,0.5,0.5,0.0,0.0,0.0
2026-01-25 19:24:10,clusterB,0,4,2,2,0.50,0.5,0.5,0.0,0.0,0.0
2026-01-25 19:24:15,clusterA,0,4,0,4,0.00,0.5,0.5,0.0,0.0,0.0
2026-01-25 19:24:15,clusterB,0,4,2,2,0.50,0.5,0.5,0.0,0.0,0.0
2026-01-25 19:24:20,clusterA,0,4,0,4,0.00,0.5,0.5,0.0,0.0,0.0
2026-01-25 19:24:20,clusterB,0,4,2,2,0.50,0.5,0.5,0.0,0.0,0.0
2026-01-25 19:24:25,clusterA,0,4,0,4,0.00,0.5,0.5,0.0,0.0,0.0
2026-01-25 19:24:25,clusterB,0,4,2,2,0.50,0.5,0.5,0.0,0.0,0.0
2026-01-25 19:24:30,clusterA,0,4,0,4,0.00,0.5,0.5,0.0,0.0,0.0
2026-01-25 19:24:30,clusterB,0,4,2,2,0.50,0.5,0.5,0.0,0.0,0.0
2026-01-25 19:24:35,clusterA,0,4,0,4,0.00,0.5,0.5,0.0,0.0,0.0
2026-01-25 19:24:35,clusterB,0,4,2,2,0.50,0.5,0.5,0.0,0.0,0.0
2026-01-25 19:24:40,clusterA,0,4,0,4,0.00,0.5,0.5,0.0,0.0,0.0
2026-01-25 19:24:40,clusterB,0,4,2,2,0.50,0.5,0.5,0.0,0.0,0.0
2026-01-25 19:24:45,clusterA,0,4,0,4,0.00,0.5,0.5,0.0,0.0,0.0
2026-01-25 19:24:45,clusterB,0,4,2,2,0.50,0.5,0.5,0.0,0.0,0.0
2026-01-25 19:24:51,clusterA,0,4,0,4,0.00,0.5,0.5,0.0,0.0,0.0
2026-01-25 19:24:51,clusterB,0,4,2,2,0.50,0.5,0.5,0.0,0.0,0.0
2026-01-25 19:24:56,clusterA,0,4,0,4,0.00,0.5,0.5,0.0,0.0,0.0
2026-01-25 19:24:56,clusterB,0,4,2,2,0.50,0.5,0.5,0.0,0.0,0.0
2026-01-25 19:25:01,clusterA,0,4,0,4,0.00,0.5,0.5,0.0,0.0,0.0
2026-01-25 19:25:01,clusterB,0,4,2,2,0.50,0.5,0.5,0.0,0.0,0.0
2026-01-25 19:25:06,clusterA,0,4,0,4,0.00,0.5,0.5,0.0,0.0,0.0
2026-01-25 19:25:06,clusterB,0,4,2,2,0.50,0.5,0.5,0.0,0.0,0.0
2026-01-25 19:25:11,clusterA,0,4,0,4,0.00,0.5,0.5,0.0,0.0,0.0
2026-01-25 19:25:11,clusterB,0,4,2,2,0.50,0.5,0.5,0.0,0.0,0.0
2026-01-25 19:25:16,clusterA,0,4,0,4,0.00,0.5,0.5,0.0,0.0,0.0
2026-01-25 19:25:16,clusterB,0,4,2,2,0.50,0.5,0.5,0.0,0.0,0.0
2026-01-25 19:25:21,clusterA,0,4,0,4,0.00,0.5,0.5,0.0,0.0,0.0
2026-01-25 19:25:21,clusterB,0,4,2,2,0.50,0.5,0.5,0.0,0.0,0.0
2026-01-25 19:25:26,clusterA,0,4,0,4,0.00,0.5,0.5,0.0,0.0,0.0
2026-01-25 19:25:26,clusterB,0,4,2,2,0.50,0.5,0.5,0.0,0.0,0.0
2026-01-25 19:25:31,clusterA,0,4,0,4,0.00,0.5,0.5,0.0,0.0,0.0
2026-01-25 19:25:31,clusterB,0,4,2,2,0.50,0.5,0.5,0.0,0.0,0.0
2026-01-25 19:25:36,clusterA,0,4,0,4,0.00,0.5,0.5,0.0,0.0,0.0
2026-01-25 19:25:36,clusterB,0,4,2,2,0.50,0.5,0.5,0.0,0.0,0.0
2026-01-25 19:25:42,clusterA,0,4,0,4,0.00,0.5,0.5,0.0,0.0,0.0
2026-01-25 19:25:42,clusterB,0,4,2,2,0.50,0.5,0.5,0.0,0.0,0.0
2026-01-25 19:25:47,clusterA,0,4,0,4,0.00,0.5,0.5,0.0,0.0,0.0
2026-01-25 19:25:47,clusterB,0,4,2,2,0.50,0.5,0.5,0.0,0.0,0.0
2026-01-25 19:25:52,clusterA,0,4,0,4,0.00,0.5,0.5,0.0,0.0,0.0
2026-01-25 19:25:52,clusterB,0,4,2,2,0.50,0.5,0.5,0.0,0.0,0.0
2026-01-25 19:25:57,clusterA,0,4,0,4,0.00,0.5,0.5,0.0,0.0,0.0
2026-01-25 19:25:57,clusterB,0,4,2,2,0.50,0.5,0.5,0.0,0.0,0.0
2026-01-25 19:26:02,clusterA,0,4,0,4,0.00,0.5,0.5,0.0,0.0,0.0
2026-01-25 19:26:02,clusterB,0,4,2,2,0.50,0.5,0.5,0.0,0.0,0.0
2026-01-25 19:26:07,clusterA,0,4,0,4,0.00,0.5,0.5,0.0,0.0,0.0
2026-01-25 19:26:07,clusterB,0,4,2,2,0.50,0.5,0.5,0.0,0.0,0.0
2026-01-25 19:26:12,clusterA,0,4,0,4,0.00,0.5,0.5,0.0,0.0,0.0
2026-01-25 19:26:12,clusterB,0,4,2,2,0.50,0.5,0.5,0.0,0.0,0.0
2026-01-25 19:26:17,clusterA,0,4,0,4,0.00,0.5,0.5,0.0,0.0,0.0
2026-01-25 19:26:17,clusterB,0,4,2,2,0.50,0.5,0.5,0.0,0.0,0.0
2026-01-25 19:26:22,clusterA,0,4,0,4,0.00,0.5,0.5,0.0,0.0,0.0
2026-01-25 19:26:22,clusterB,0,4,2,2,0.50,0.5,0.5,0.0,0.0,0.0
2026-01-25 19:26:27,clusterA,0,4,0,4,0.00,0.5,0.5,0.0,0.0,0.0
2026-01-25 19:26:27,clusterB,0,4,2,2,0.50,0.5,0.5,0.0,0.0,0.0
2026-01-25 19:26:33,clusterA,0,4,0,4,0.00,0.5,0.5,0.0,0.0,0.0
2026-01-25 19:26:33,clusterB,0,4,2,2,0.50,0.5,0.5,0.0,0.0,0.0
2026-01-25 19:26:38,clusterA,0,4,0,4,0.00,0.5,0.5,0.0,0.0,0.0
2026-01-25 19:26:38,clusterB,0,4,2,2,0.50,0.5,0.5,0.0,0.0,0.0
2026-01-25 19:26:43,clusterA,0,4,0,4,0.00,0.5,0.5,0.0,0.0,0.0
2026-01-25 19:26:43,clusterB,0,4,2,2,0.50,0.5,0.5,0.0,0.0,0.0
2026-01-25 19:26:48,clusterA,0,4,0,4,0.00,0.5,0.5,0.0,0.0,0.0
2026-01-25 19:26:48,clusterB,0,4,2,2,0.50,0.5,0.5,0.0,0.0,0.0
2026-01-25 19:26:53,clusterA,0,4,0,4,0.00,0.5,0.5,0.0,0.0,0.0
2026-01-25 19:26:53,clusterB,0,4,2,2,0.50,0.5,0.5,0.0,0.0,0.0
2026-01-25 19:26:58,clusterA,0,4,0,4,0.00,0.5,0.5,0.0,0.0,0.0
2026-01-25 19:26:58,clusterB,0,4,2,2,0.50,0.5,0.5,0.0,0.0,0.0
2026-01-25 19:27:03,clusterA,0,4,0,4,0.00,0.5,0.5,0.0,0.0,0.0
2026-01-25 19:27:03,clusterB,0,4,2,2,0.50,0.5,0.5,0.0,0.0,0.0
2026-01-25 19:27:08,clusterA,0,4,0,4,0.00,0.5,0.5,0.0,0.0,0.0
2026-01-25 19:27:08,clusterB,0,4,2,2,0.50,0.5,0.5,0.0,0.0,0.0
2026-01-25 19:27:13,clusterA,0,4,0,4,0.00,0.5,0.5,0.0,0.0,0.0
2026-01-25 19:27:13,clusterB,0,4,2,2,0.50,0.5,0.5,0.0,0.0,0.0
2026-01-25 19:27:18,clusterA,0,4,0,4,0.00,0.5,0.5,0.0,0.0,0.0
2026-01-25 19:27:18,clusterB,0,4,2,2,0.50,0.5,0.5,0.0,0.0,0.0
2026-01-25 19:27:24,clusterA,0,4,0,4,0.00,0.5,0.5,0.0,0.0,0.0
2026-01-25 19:27:24,clusterB,0,4,2,2,0.50,0.5,0.5,0.0,0.0,0.0
2026-01-25 19:27:29,clusterA,0,4,0,4,0.00,0.5,0.5,0.0,0.0,0.0
2026-01-25 19:27:29,clusterB,0,4,2,2,0.50,0.5,0.5,0.0,0.0,0.0
2026-01-25 19:27:34,clusterA,0,4,0,4,0.00,0.5,0.5,0.0,0.0,0.0
2026-01-25 19:27:34,clusterB,0,4,2,2,0.50,0.5,0.5,0.0,0.0,0.0
2026-01-25 19:27:39,clusterA,0,4,0,4,0.00,0.5,0.5,0.0,0.0,0.0
2026-01-25 19:27:39,clusterB,0,4,2,2,0.50,0.5,0.5,0.0,0.0,0.0
2026-01-25 19:27:44,clusterA,0,4,0,4,0.00,0.5,0.5,0.0,0.0,0.0
2026-01-25 19:27:44,clusterB,0,4,2,2,0.50,0.5,0.5,0.0,0.0,0.0
2026-01-25 19:27:49,clusterA,0,4,0,4,0.00,0.5,0.5,0.0,0.0,0.0
2026-01-25 19:27:49,clusterB,0,4,2,2,0.50,0.5,0.5,0.0,0.0,0.0
2026-01-25 19:27:54,clusterA,0,4,0,4,0.00,0.5,0.5,0.0,0.0,0.0
2026-01-25 19:27:54,clusterB,0,4,2,2,0.50,0.5,0.5,0.0,0.0,0.0
2026-01-25 19:27:59,clusterA,0,4,0,4,0.00,0.5,0.5,0.0,0.0,0.0
2026-01-25 19:27:59,clusterB,0,4,2,2,0.50,0.5,0.5,0.0,0.0,0.0
2026-01-25 19:28:04,clusterA,0,4,0,4,0.00,0.5,0.5,0.0,0.0,0.0
2026-01-25 19:28:04,clusterB,0,4,2,2,0.50,0.5,0.5,0.0,0.0,0.0
2026-01-25 19:28:09,clusterA,0,4,0,4,0.00,0.5,0.5,0.0,0.0,0.0
2026-01-25 19:28:09,clusterB,0,4,2,2,0.50,0.5,0.5,0.0,0.0,0.0
2026-01-25 19:28:14,clusterA,0,4,0,4,0.00,0.5,0.5,0.0,0.0,0.0
2026-01-25 19:28:14,clusterB,0,4,2,2,0.50,0.5,0.5,0.0,0.0,0.0
2026-01-25 19:28:20,clusterA,0,4,0,4,0.00,0.5,0.5,0.0,0.0,0.0
2026-01-25 19:28:20,clusterB,0,4,2,2,0.50,0.5,0.5,0.0,0.0,0.0
2026-01-25 19:28:25,clusterA,0,4,0,4,0.00,0.5,0.5,0.0,0.0,0.0
2026-01-25 19:28:25,clusterB,0,4,2,2,0.50,0.5,0.5,0.0,0.0,0.0
2026-01-25 19:28:30,clusterA,0,4,0,4,0.00,0.5,0.5,0.0,0.0,0.0
2026-01-25 19:28:30,clusterB,0,4,2,2,0.50,0.5,0.5,0.0,0.0,0.0
2026-01-25 19:28:35,clusterA,0,4,0,4,0.00,0.5,0.5,0.0,0.0,0.0
2026-01-25 19:28:35,clusterB,0,4,2,2,0.50,0.5,0.5,0.0,0.0,0.0
2026-01-25 19:28:40,clusterA,0,4,0,4,0.00,0.5,0.5,0.0,0.0,0.0
2026-01-25 19:28:40,clusterB,0,4,2,2,0.50,0.5,0.5,0.0,0.0,0.0
2026-01-25 19:28:45,clusterA,0,4,0,4,0.00,0.5,0.5,0.0,0.0,0.0
2026-01-25 19:28:45,clusterB,0,4,2,2,0.50,0.5,0.5,0.0,0.0,0.0
2026-01-25 19:28:50,clusterA,0,4,0,4,0.00,0.5,0.5,0.0,0.0,0.0
2026-01-25 19:28:50,clusterB,0,4,2,2,0.50,0.5,0.5,0.0,0.0,0.0
2026-01-25 19:28:55,clusterA,0,4,0,4,0.00,0.5,0.5,0.0,0.0,0.0
2026-01-25 19:28:55,clusterB,0,4,2,2,0.50,0.5,0.5,0.0,0.0,0.0
2026-01-25 19:29:00,clusterA,0,4,0,4,0.00,0.5,0.5,0.0,0.0,0.0
2026-01-25 19:29:00,clusterB,0,4,2,2,0.50,0.5,0.5,0.0,0.0,0.0
2026-01-25 19:29:05,clusterA,0,4,0,4,0.00,0.5,0.5,0.0,0.0,0.0
2026-01-25 19:29:05,clusterB,0,4,2,2,0.50,0.5,0.5,0.0,0.0,0.0
2026-01-25 19:29:11,clusterA,0,4,0,4,0.00,0.5,0.5,0.0,0.0,0.0
2026-01-25 19:29:11,clusterB,0,4,2,2,0.50,0.5,0.5,0.0,0.0,0.0
2026-01-25 19:29:16,clusterA,0,4,0,4,0.00,0.5,0.5,0.0,0.0,0.0
2026-01-25 19:29:16,clusterB,0,4,2,2,0.50,0.5,0.5,0.0,0.0,0.0
2026-01-25 19:29:21,clusterA,0,4,0,4,0.00,0.5,0.5,0.0,0.0,0.0
2026-01-25 19:29:21,clusterB,0,4,2,2,0.50,0.5,0.5,0.0,0.0,0.0
2026-01-25 19:29:26,clusterA,0,4,0,4,0.00,0.5,0.5,0.0,0.0,0.0
2026-01-25 19:29:26,clusterB,0,4,1,3,0.25,0.5,0.5,0.0,0.0,0.0
2026-01-25 19:29:31,clusterA,0,4,0,4,0.00,0.5,0.5,0.0,0.0,0.0
2026-01-25 19:29:31,clusterB,0,4,1,3,0.25,0.5,0.5,0.0,0.0,0.0
2026-01-25 19:29:36,clusterA,0,4,0,4,0.00,0.5,0.5,0.0,0.0,0.0
2026-01-25 19:29:36,clusterB,0,4,1,3,0.25,0.5,0.5,0.0,0.0,0.0
2026-01-25 19:29:41,clusterA,0,4,0,4,0.00,0.5,0.5,0.0,0.0,0.0
2026-01-25 19:29:41,clusterB,0,4,1,3,0.25,0.5,0.5,0.0,0.0,0.0
2026-01-25 19:29:46,clusterA,0,4,0,4,0.00,0.5,0.5,0.0,0.0,0.0
2026-01-25 19:29:46,clusterB,0,4,1,3,0.25,0.5,0.5,0.0,0.0,0.0
2026-01-25 19:29:51,clusterA,0,4,0,4,0.00,0.5,0.5,0.0,0.0,0.0
2026-01-25 19:29:51,clusterB,0,4,1,3,0.25,0.5,0.5,0.0,0.0,0.0
2026-01-25 19:29:56,clusterA,0,4,0,4,0.00,0.5,0.5,0.0,0.0,0.0
2026-01-25 19:29:56,clusterB,0,4,1,3,0.25,0.5,0.5,0.0,0.0,0.0
2026-01-25 19:30:01,clusterA,0,4,0,4,0.00,0.5,0.5,0.0,0.0,0.0
2026-01-25 19:30:01,clusterB,0,4,1,3,0.25,0.5,0.5,0.0,0.0,0.0
2026-01-25 19:30:06,clusterA,0,4,0,4,0.00,0.5,0.5,0.0,0.0,0.0
2026-01-25 19:30:06,clusterB,0,4,1,3,0.25,0.5,0.5,0.0,0.0,0.0
2026-01-25 19:30:11,clusterA,0,4,0,4,0.00,0.5,0.5,0.0,0.0,0.0
2026-01-25 19:30:11,clusterB,0,4,1,3,0.25,0.5,0.5,0.0,0.0,0.0
2026-01-25 19:30:16,clusterA,0,4,0,4,0.00,0.5,0.5,0.0,0.0,0.0
2026-01-25 19:30:16,clusterB,0,4,1,3,0.25,0.5,0.5,0.0,0.0,0.0
2026-01-25 19:30:21,clusterA,0,4,0,4,0.00,0.5,0.5,0.0,0.0,0.0
2026-01-25 19:30:21,clusterB,0,4,1,3,0.25,0.5,0.5,0.0,0.0,0.0
2026-01-25 19:30:26,clusterA,0,4,0,4,0.00,0.5,0.5,0.0,0.0,0.0
2026-01-25 19:30:26,clusterB,0,4,1,3,0.25,0.5,0.5,0.0,0.0,0.0
2026-01-25 19:30:31,clusterA,0,4,0,4,0.00,0.5,0.5,0.0,0.0,0.0
2026-01-25 19:30:31,clusterB,0,4,1,3,0.25,0.5,0.5,0.0,0.0,0.0
2026-01-25 19:30:37,clusterA,0,4,0,4,0.00,0.5,0.5,0.0,0.0,0.0
2026-01-25 19:30:37,clusterB,0,4,1,3,0.25,0.5,0.5,0.0,0.0,0.0
2026-01-25 19:30:42,clusterA,0,4,0,4,0.00,0.5,0.5,0.0,0.0,0.0
2026-01-25 19:30:42,clusterB,0,4,1,3,0.25,0.5,0.5,0.0,0.0,0.0
2026-01-25 19:30:47,clusterA,0,4,0,4,0.00,0.5,0.5,0.0,0.0,0.0
2026-01-25 19:30:47,clusterB,0,4,1,3,0.25,0.5,0.5,0.0,0.0,0.0
2026-01-25 19:30:52,clusterA,0,4,0,4,0.00,0.5,0.5,0.0,0.0,0.0
2026-01-25 19:30:52,clusterB,0,4,1,3,0.25,0.5,0.5,0.0,0.0,0.0
2026-01-25 19:30:57,clusterA,0,4,0,4,0.00,0.5,0.5,0.0,0.0,0.0
2026-01-25 19:30:57,clusterB,0,4,1,3,0.25,0.5,0.5,0.0,0.0,0.0
2026-01-25 19:31:02,clusterA,0,4,0,4,0.00,0.5,0.5,0.0,0.0,0.0
2026-01-25 19:31:02,clusterB,0,4,1,3,0.25,0.5,0.5,0.0,0.0,0.0
2026-01-25 19:31:07,clusterA,0,4,0,4,0.00,0.5,0.5,0.0,0.0,0.0
2026-01-25 19:31:07,clusterB,0,4,1,3,0.25,0.5,0.5,0.0,0.0,0.0
2026-01-25 19:31:12,clusterA,0,4,0,4,0.00,0.5,0.5,0.0,0.0,0.0
2026-01-25 19:31:12,clusterB,0,4,1,3,0.25,0.5,0.5,0.0,0.0,0.0
2026-01-25 19:31:17,clusterA,0,4,0,4,0.00,0.5,0.5,0.0,0.0,0.0
2026-01-25 19:31:17,clusterB,0,4,1,3,0.25,0.5,0.5,0.0,0.0,0.0
2026-01-25 19:31:22,clusterA,0,4,0,4,0.00,0.5,0.5,0.0,0.0,0.0
2026-01-25 19:31:22,clusterB,0,4,1,3,0.25,0.5,0.5,0.0,0.0,0.0
2026-01-25 19:31:27,clusterA,0,4,0,4,0.00,0.5,0.5,0.0,0.0,0.0
2026-01-25 19:31:27,clusterB,0,4,1,3,0.25,0.5,0.5,0.0,0.0,0.0
2026-01-25 19:31:32,clusterA,0,4,0,4,0.00,0.5,0.5,0.0,0.0,0.0
2026-01-25 19:31:32,clusterB,0,4,1,3,0.25,0.5,0.5,0.0,0.0,0.0
2026-01-25 19:31:37,clusterA,0,4,0,4,0.00,0.5,0.5,0.0,0.0,0.0
2026-01-25 19:31:37,clusterB,0,4,1,3,0.25,0.5,0.5,0.0,0.0,0.0
2026-01-25 19:31:42,clusterA,0,4,0,4,0.00,0.5,0.5,0.0,0.0,0.0
2026-01-25 19:31:42,clusterB,0,4,1,3,0.25,0.5,0.5,0.0,0.0,0.0
2026-01-25 19:31:47,clusterA,0,4,0,4,0.00,0.5,0.5,0.0,0.0,0.0
2026-01-25 19:31:47,clusterB,0,4,1,3,0.25,0.5,0.5,0.0,0.0,0.0
2026-01-25 19:31:52,clusterA,0,4,0,4,0.00,0.5,0.5,0.0,0.0,0.0
2026-01-25 19:31:52,clusterB,0,4,1,3,0.25,0.5,0.5,0.0,0.0,0.0
2026-01-25 19:31:57,clusterA,0,4,0,4,0.00,0.5,0.5,0.0,0.0,0.0
2026-01-25 19:31:57,clusterB,0,4,1,3,0.25,0.5,0.5,0.0,0.0,0.0
2026-01-25 19:32:02,clusterA,0,4,0,4,0.00,0.5,0.5,0.0,0.0,0.0
2026-01-25 19:32:02,clusterB,0,4,1,3,0.25,0.5,0.5,0.0,0.0,0.0
2026-01-25 19:32:07,clusterA,0,4,0,4,0.00,0.5,0.5,0.0,0.0,0.0
2026-01-25 19:32:07,clusterB,0,4,1,3,0.25,0.5,0.5,0.0,0.0,0.0
2026-01-25 19:32:13,clusterA,0,4,0,4,0.00,0.5,0.5,0.0,0.0,0.0
2026-01-25 19:32:13,clusterB,0,4,1,3,0.25,0.5,0.5,0.0,0.0,0.0
2026-01-25 19:32:18,clusterA,0,4,0,4,0.00,0.5,0.5,0.0,0.0,0.0
2026-01-25 19:32:18,clusterB,0,4,1,3,0.25,0.5,0.5,0.0,0.0,0.0
2026-01-25 19:32:23,clusterA,0,4,0,4,0.00,0.5,0.5,0.0,0.0,0.0
2026-01-25 19:32:23,clusterB,0,4,1,3,0.25,0.5,0.5,0.0,0.0,0.0
2026-01-25 19:32:28,clusterA,0,4,0,4,0.00,0.5,0.5,0.0,0.0,0.0
2026-01-25 19:32:28,clusterB,0,4,1,3,0.25,0.5,0.5,0.0,0.0,0.0
2026-01-25 19:32:33,clusterA,0,4,0,4,0.00,0.5,0.5,0.0,0.0,0.0
2026-01-25 19:32:33,clusterB,0,4,1,3,0.25,0.5,0.5,0.0,0.0,0.0
2026-01-25 19:32:38,clusterA,0,4,0,4,0.00,0.5,0.5,0.0,0.0,0.0
2026-01-25 19:32:38,clusterB,0,4,1,3,0.25,0.5,0.5,0.0,0.0,0.0
2026-01-25 19:32:43,clusterA,0,4,0,4,0.00,0.5,0.5,0.0,0.0,0.0
2026-01-25 19:32:43,clusterB,0,4,1,3,0.25,0.5,0.5,0.0,0.0,0.0
2026-01-25 19:32:48,clusterA,0,4,0,4,0.00,0.5,0.5,0.0,0.0,0.0
2026-01-25 19:32:48,clusterB,0,4,1,3,0.25,0.5,0.5,0.0,0.0,0.0
2026-01-25 19:32:53,clusterA,0,4,0,4,0.00,0.5,0.5,0.0,0.0,0.0
2026-01-25 19:32:53,clusterB,0,4,1,3,0.25,0.5,0.5,0.0,0.0,0.0
2026-01-25 19:32:58,clusterA,0,4,0,4,0.00,0.5,0.5,0.0,0.0,0.0
2026-01-25 19:32:58,clusterB,0,4,1,3,0.25,0.5,0.5,0.0,0.0,0.0
2026-01-25 19:33:03,clusterA,0,4,0,4,0.00,0.5,0.5,0.0,0.0,0.0
2026-01-25 19:33:03,clusterB,0,4,1,3,0.25,0.5,0.5,0.0,0.0,0.0
2026-01-25 19:33:08,clusterA,0,4,0,4,0.00,0.5,0.5,0.0,0.0,0.0
2026-01-25 19:33:08,clusterB,0,4,1,3,0.25,0.5,0.5,0.0,0.0,0.0
2026-01-25 19:33:13,clusterA,0,4,0,4,0.00,0.5,0.5,0.0,0.0,0.0
2026-01-25 19:33:13,clusterB,0,4,1,3,0.25,0.5,0.5,0.0,0.0,0.0
2026-01-25 19:33:18,clusterA,0,4,0,4,0.00,0.5,0.5,0.0,0.0,0.0
2026-01-25 19:33:18,clusterB,0,4,1,3,0.25,0.5,0.5,0.0,0.0,0.0
2026-01-25 19:33:23,clusterA,0,4,0,4,0.00,0.5,0.5,0.0,0.0,0.0
2026-01-25 19:33:23,clusterB,0,4,1,3,0.25,0.5,0.5,0.0,0.0,0.0
2026-01-25 19:33:28,clusterA,0,4,0,4,0.00,0.5,0.5,0.0,0.0,0.0
2026-01-25 19:33:28,clusterB,0,4,1,3,0.25,0.5,0.5,0.0,0.0,0.0
2026-01-25 19:33:33,clusterA,0,4,0,4,0.00,0.5,0.5,0.0,0.0,0.0
2026-01-25 19:33:33,clusterB,0,4,1,3,0.25,0.5,0.5,0.0,0.0,0.0
2026-01-25 19:33:38,clusterA,0,4,0,4,0.00,0.5,0.5,0.0,0.0,0.0
2026-01-25 19:33:38,clusterB,0,4,1,3,0.25,0.5,0.5,0.0,0.0,0.0
2026-01-25 19:33:43,clusterA,0,4,0,4,0.00,0.5,0.5,0.0,0.0,0.0
2026-01-25 19:33:43,clusterB,0,4,1,3,0.25,0.5,0.5,0.0,0.0,0.0
2026-01-25 19:33:48,clusterA,0,4,0,4,0.00,0.5,0.5,0.0,0.0,0.0
2026-01-25 19:33:48,clusterB,0,4,1,3,0.25,0.5,0.5,0.0,0.0,0.0
2026-01-25 19:33:54,clusterA,0,4,0,4,0.00,0.5,0.5,0.0,0.0,0.0
2026-01-25 19:33:54,clusterB,0,4,1,3,0.25,0.5,0.5,0.0,0.0,0.0
2026-01-25 19:33:59,clusterA,0,4,0,4,0.00,0.5,0.5,0.0,0.0,0.0
2026-01-25 19:33:59,clusterB,0,4,1,3,0.25,0.5,0.5,0.0,0.0,0.0
2026-01-25 19:34:04,clusterA,0,4,0,4,0.00,0.5,0.5,0.0,0.0,0.0
2026-01-25 19:34:04,clusterB,0,4,1,3,0.25,0.5,0.5,0.0,0.0,0.0
2026-01-25 19:34:09,clusterA,0,4,0,4,0.00,0.5,0.5,0.0,0.0,0.0
2026-01-25 19:34:09,clusterB,0,4,1,3,0.25,0.5,0.5,0.0,0.0,0.0
2026-01-25 19:34:14,clusterA,0,4,0,4,0.00,0.5,0.5,0.0,0.0,0.0
2026-01-25 19:34:14,clusterB,0,4,1,3,0.25,0.5,0.5,0.0,0.0,0.0
2026-01-25 19:34:19,clusterA,0,4,0,4,0.00,0.5,0.5,0.0,0.0,0.0
2026-01-25 19:34:19,clusterB,0,4,1,3,0.25,0.5,0.5,0.0,0.0,0.0
2026-01-25 19:34:24,clusterA,0,4,0,4,0.00,0.5,0.5,0.0,0.0,0.0
2026-01-25 19:34:24,clusterB,0,4,1,3,0.25,0.5,0.5,0.0,0.0,0.0
2026-01-25 19:34:29,clusterA,0,4,0,4,0.00,0.5,0.5,0.0,0.0,0.0
2026-01-25 19:34:29,clusterB,0,4,1,3,0.25,0.5,0.5,0.0,0.0,0.0
2026-01-25 19:34:34,clusterA,0,4,0,4,0.00,0.5,0.5,0.0,0.0,0.0
2026-01-25 19:34:34,clusterB,0,4,1,3,0.25,0.5,0.5,0.0,0.0,0.0
2026-01-25 19:34:39,clusterA,0,4,0,4,0.00,0.5,0.5,0.0,0.0,0.0
2026-01-25 19:34:39,clusterB,0,4,1,3,0.25,0.5,0.5,0.0,0.0,0.0
2026-01-25 19:34:44,clusterA,0,4,0,4,0.00,0.5,0.5,0.0,0.0,0.0
2026-01-25 19:34:44,clusterB,0,4,1,3,0.25,0.5,0.5,0.0,0.0,0.0
2026-01-25 19:34:49,clusterA,0,4,0,4,0.00,0.5,0.5,0.0,0.0,0.0
2026-01-25 19:34:49,clusterB,0,4,1,3,0.25,0.5,0.5,0.0,0.0,0.0
2026-01-25 19:34:54,clusterA,0,4,0,4,0.00,0.5,0.5,0.0,0.0,0.0
2026-01-25 19:34:54,clusterB,0,4,1,3,0.25,0.5,0.5,0.0,0.0,0.0
2026-01-25 19:34:59,clusterA,0,4,0,4,0.00,0.5,0.5,0.0,0.0,0.0
2026-01-25 19:34:59,clusterB,0,4,1,3,0.25,0.5,0.5,0.0,0.0,0.0
2026-01-25 19:35:04,clusterA,0,4,0,4,0.00,0.5,0.5,0.0,0.0,0.0
2026-01-25 19:35:04,clusterB,0,4,1,3,0.25,0.5,0.5,0.0,0.0,0.0
2026-01-25 19:35:09,clusterA,0,4,0,4,0.00,0.5,0.5,0.0,0.0,0.0
2026-01-25 19:35:09,clusterB,0,4,1,3,0.25,0.5,0.5,0.0,0.0,0.0
2026-01-25 19:35:14,clusterA,0,4,0,4,0.00,0.5,0.5,0.0,0.0,0.0
2026-01-25 19:35:14,clusterB,0,4,1,3,0.25,0.5,0.5,0.0,0.0,0.0
2026-01-25 19:35:19,clusterA,0,4,0,4,0.00,0.5,0.5,0.0,0.0,0.0
2026-01-25 19:35:19,clusterB,0,4,1,3,0.25,0.5,0.5,0.0,0.0,0.0
2026-01-25 19:35:24,clusterA,0,4,0,4,0.00,0.5,0.5,0.0,0.0,0.0
2026-01-25 19:35:24,clusterB,0,4,1,3,0.25,0.5,0.5,0.0,0.0,0.0
2026-01-25 19:35:30,clusterA,0,4,0,4,0.00,0.5,0.5,0.0,0.0,0.0
2026-01-25 19:35:30,clusterB,0,4,1,3,0.25,0.5,0.5,0.0,0.0,0.0
2026-01-25 19:35:35,clusterA,0,4,0,4,0.00,0.5,0.5,0.0,0.0,0.0
2026-01-25 19:35:35,clusterB,0,4,1,3,0.25,0.5,0.5,0.0,0.0,0.0
2026-01-25 19:35:40,clusterA,0,4,0,4,0.00,0.5,0.5,0.0,0.0,0.0
2026-01-25 19:35:40,clusterB,0,4,1,3,0.25,0.5,0.5,0.0,0.0,0.0
2026-01-25 19:35:45,clusterA,0,4,0,4,0.00,0.5,0.5,0.0,0.0,0.0
2026-01-25 19:35:45,clusterB,0,4,1,3,0.25,0.5,0.5,0.0,0.0,0.0
2026-01-25 19:35:50,clusterA,0,4,0,4,0.00,0.5,0.5,0.0,0.0,0.0
2026-01-25 19:35:50,clusterB,0,4,1,3,0.25,0.5,0.5,0.0,0.0,0.0
2026-01-25 19:35:55,clusterA,0,4,0,4,0.00,0.5,0.5,0.0,0.0,0.0
2026-01-25 19:35:55,clusterB,0,4,1,3,0.25,0.5,0.5,0.0,0.0,0.0
2026-01-25 19:36:00,clusterA,0,4,0,4,0.00,0.5,0.5,0.0,0.0,0.0
2026-01-25 19:36:00,clusterB,0,4,1,3,0.25,0.5,0.5,0.0,0.0,0.0
2026-01-25 19:36:05,clusterA,0,4,0,4,0.00,0.5,0.5,0.0,0.0,0.0
2026-01-25 19:36:05,clusterB,0,4,1,3,0.25,0.5,0.5,0.0,0.0,0.0
2026-01-25 19:36:10,clusterA,0,4,0,4,0.00,0.5,0.5,0.0,0.0,0.0
2026-01-25 19:36:10,clusterB,0,4,1,3,0.25,0.5,0.5,0.0,0.0,0.0
2026-01-25 19:36:15,clusterA,0,4,0,4,0.00,0.5,0.5,0.0,0.0,0.0
2026-01-25 19:36:15,clusterB,0,4,1,3,0.25,0.5,0.5,0.0,0.0,0.0
2026-01-25 19:36:20,clusterA,0,4,0,4,0.00,0.5,0.5,0.0,0.0,0.0
2026-01-25 19:36:20,clusterB,0,4,1,3,0.25,0.5,0.5,0.0,0.0,0.0
2026-01-25 19:36:25,clusterA,0,4,0,4,0.00,0.5,0.5,0.0,0.0,0.0
2026-01-25 19:36:25,clusterB,0,4,1,3,0.25,0.5,0.5,0.0,0.0,0.0
2026-01-25 19:36:30,clusterA,0,4,0,4,0.00,0.5,0.5,0.0,0.0,0.0
2026-01-25 19:36:30,clusterB,0,4,1,3,0.25,0.5,0.5,0.0,0.0,0.0
2026-01-25 19:36:35,clusterA,0,4,0,4,0.00,0.5,0.5,0.0,0.0,0.0
2026-01-25 19:36:35,clusterB,0,4,1,3,0.25,0.5,0.5,0.0,0.0,0.0
2026-01-25 19:36:40,clusterA,0,4,0,4,0.00,0.5,0.5,0.0,0.0,0.0
2026-01-25 19:36:40,clusterB,0,4,1,3,0.25,0.5,0.5,0.0,0.0,0.0
2026-01-25 19:36:45,clusterA,0,4,0,4,0.00,0.5,0.5,0.0,0.0,0.0
2026-01-25 19:36:45,clusterB,0,4,1,3,0.25,0.5,0.5,0.0,0.0,0.0
2026-01-25 19:36:50,clusterA,0,4,0,4,0.00,0.5,0.5,0.0,0.0,0.0
2026-01-25 19:36:50,clusterB,0,4,1,3,0.25,0.5,0.5,0.0,0.0,0.0
2026-01-25 19:36:55,clusterA,0,4,0,4,0.00,0.5,0.5,0.0,0.0,0.0
2026-01-25 19:36:55,clusterB,0,4,1,3,0.25,0.5,0.5,0.0,0.0,0.0
2026-01-25 19:37:00,clusterA,0,4,0,4,0.00,0.5,0.5,0.0,0.0,0.0
2026-01-25 19:37:00,clusterB,0,4,1,3,0.25,0.5,0.5,0.0,0.0,0.0
2026-01-25 19:37:05,clusterA,0,4,0,4,0.00,0.5,0.5,0.0,0.0,0.0
2026-01-25 19:37:05,clusterB,0,4,1,3,0.25,0.5,0.5,0.0,0.0,0.0
2026-01-25 19:37:11,clusterA,0,4,0,4,0.00,0.5,0.5,0.0,0.0,0.0
2026-01-25 19:37:11,clusterB,0,4,1,3,0.25,0.5,0.5,0.0,0.0,0.0
2026-01-25 19:37:16,clusterA,0,4,0,4,0.00,0.5,0.5,0.0,0.0,0.0
2026-01-25 19:37:16,clusterB,0,4,1,3,0.25,0.5,0.5,0.0,0.0,0.0
2026-01-25 19:37:21,clusterA,0,4,0,4,0.00,0.5,0.5,0.0,0.0,0.0
2026-01-25 19:37:21,clusterB,0,4,1,3,0.25,0.5,0.5,0.0,0.0,0.0
2026-01-25 19:37:26,clusterA,0,4,0,4,0.00,0.5,0.5,0.0,0.0,0.0
2026-01-25 19:37:26,clusterB,0,4,1,3,0.25,0.5,0.5,0.0,0.0,0.0
2026-01-25 19:37:31,clusterA,0,4,0,4,0.00,0.5,0.5,0.0,0.0,0.0
2026-01-25 19:37:31,clusterB,0,4,1,3,0.25,0.5,0.5,0.0,0.0,0.0
2026-01-25 19:37:36,clusterA,0,4,0,4,0.00,0.5,0.5,0.0,0.0,0.0
2026-01-25 19:37:36,clusterB,0,4,1,3,0.25,0.5,0.5,0.0,0.0,0.0
2026-01-25 19:37:41,clusterA,0,4,0,4,0.00,0.5,0.5,0.0,0.0,0.0
2026-01-25 19:37:41,clusterB,0,4,1,3,0.25,0.5,0.5,0.0,0.0,0.0
2026-01-25 19:37:46,clusterA,0,4,0,4,0.00,0.5,0.5,0.0,0.0,0.0
2026-01-25 19:37:46,clusterB,0,4,1,3,0.25,0.5,0.5,0.0,0.0,0.0
2026-01-25 19:37:51,clusterA,0,4,0,4,0.00,0.5,0.5,0.0,0.0,0.0
2026-01-25 19:37:51,clusterB,0,4,1,3,0.25,0.5,0.5,0.0,0.0,0.0
2026-01-25 19:37:56,clusterA,0,4,0,4,0.00,0.5,0.5,0.0,0.0,0.0
2026-01-25 19:37:56,clusterB,0,4,1,3,0.25,0.5,0.5,0.0,0.0,0.0
2026-01-25 19:38:01,clusterA,0,4,0,4,0.00,0.5,0.5,0.0,0.0,0.0
2026-01-25 19:38:01,clusterB,0,4,1,3,0.25,0.5,0.5,0.0,0.0,0.0
2026-01-25 19:38:06,clusterA,0,4,0,4,0.00,0.5,0.5,0.0,0.0,0.0
2026-01-25 19:38:06,clusterB,0,4,1,3,0.25,0.5,0.5,0.0,0.0,0.0
2026-01-25 19:38:11,clusterA,0,4,0,4,0.00,0.5,0.5,0.0,0.0,0.0
2026-01-25 19:38:11,clusterB,0,4,1,3,0.25,0.5,0.5,0.0,0.0,0.0
2026-01-25 19:38:16,clusterA,0,4,0,4,0.00,0.5,0.5,0.0,0.0,0.0
2026-01-25 19:38:16,clusterB,0,4,1,3,0.25,0.5,0.5,0.0,0.0,0.0
2026-01-25 19:38:21,clusterA,0,4,0,4,0.00,0.5,0.5,0.0,0.0,0.0
2026-01-25 19:38:21,clusterB,0,4,1,3,0.25,0.5,0.5,0.0,0.0,0.0
2026-01-25 19:38:26,clusterA,0,4,0,4,0.00,0.5,0.5,0.0,0.0,0.0
2026-01-25 19:38:26,clusterB,0,4,1,3,0.25,0.5,0.5,0.0,0.0,0.0
2026-01-25 19:38:31,clusterA,0,4,0,4,0.00,0.5,0.5,0.0,0.0,0.0
2026-01-25 19:38:31,clusterB,0,4,1,3,0.25,0.5,0.5,0.0,0.0,0.0
2026-01-25 19:38:36,clusterA,0,4,0,4,0.00,0.5,0.5,0.0,0.0,0.0
2026-01-25 19:38:36,clusterB,0,4,1,3,0.25,0.5,0.5,0.0,0.0,0.0
2026-01-25 19:38:41,clusterA,0,4,0,4,0.00,0.5,0.5,0.0,0.0,0.0
2026-01-25 19:38:41,clusterB,0,4,1,3,0.25,0.5,0.5,0.0,0.0,0.0
2026-01-25 19:38:46,clusterA,0,4,0,4,0.00,0.5,0.5,0.0,0.0,0.0
2026-01-25 19:38:46,clusterB,0,4,1,3,0.25,0.5,0.5,0.0,0.0,0.0
2026-01-25 19:38:52,clusterA,0,4,0,4,0.00,0.5,0.5,0.0,0.0,0.0
2026-01-25 19:38:52,clusterB,0,4,1,3,0.25,0.5,0.5,0.0,0.0,0.0
2026-01-25 19:38:57,clusterA,0,4,0,4,0.00,0.5,0.5,0.0,0.0,0.0
2026-01-25 19:38:57,clusterB,0,4,1,3,0.25,0.5,0.5,0.0,0.0,0.0
2026-01-25 19:39:02,clusterA,0,4,0,4,0.00,0.5,0.5,0.0,0.0,0.0
2026-01-25 19:39:02,clusterB,0,4,1,3,0.25,0.5,0.5,0.0,0.0,0.0
2026-01-25 19:39:07,clusterA,0,4,0,4,0.00,0.5,0.5,0.0,0.0,0.0
2026-01-25 19:39:07,clusterB,0,4,1,3,0.25,0.5,0.5,0.0,0.0,0.0
2026-01-25 19:39:12,clusterA,0,4,0,4,0.00,0.5,0.5,0.0,0.0,0.0
2026-01-25 19:39:12,clusterB,0,4,1,3,0.25,0.5,0.5,0.0,0.0,0.0
2026-01-25 19:39:17,clusterA,0,4,0,4,0.00,0.5,0.5,0.0,0.0,0.0
2026-01-25 19:39:17,clusterB,0,4,1,3,0.25,0.5,0.5,0.0,0.0,0.0
2026-01-25 19:39:22,clusterA,0,4,0,4,0.00,0.5,0.5,0.0,0.0,0.0
2026-01-25 19:39:22,clusterB,0,4,1,3,0.25,0.5,0.5,0.0,0.0,0.0
2026-01-25 19:39:27,clusterA,0,4,0,4,0.00,0.5,0.5,0.0,0.0,0.0
2026-01-25 19:39:27,clusterB,0,4,1,3,0.25,0.5,0.5,0.0,0.0,0.0
2026-01-25 19:39:32,clusterA,0,4,0,4,0.00,0.5,0.5,0.0,0.0,0.0
2026-01-25 19:39:32,clusterB,0,4,1,3,0.25,0.5,0.5,0.0,0.0,0.0
2026-01-25 19:39:37,clusterA,0,4,0,4,0.00,0.5,0.5,0.0,0.0,0.0
2026-01-25 19:39:37,clusterB,0,4,1,3,0.25,0.5,0.5,0.0,0.0,0.0
2026-01-25 19:39:42,clusterA,0,4,0,4,0.00,0.5,0.5,0.0,0.0,0.0
2026-01-25 19:39:42,clusterB,0,4,1,3,0.25,0.5,0.5,0.0,0.0,0.0
2026-01-25 19:39:47,clusterA,0,4,0,4,0.00,0.5,0.5,0.0,0.0,0.0
2026-01-25 19:39:47,clusterB,0,4,1,3,0.25,0.5,0.5,0.0,0.0,0.0
2026-01-25 19:39:52,clusterA,0,4,0,4,0.00,0.5,0.5,0.0,0.0,0.0
2026-01-25 19:39:52,clusterB,0,4,1,3,0.25,0.5,0.5,0.0,0.0,0.0
2026-01-25 19:39:57,clusterA,0,4,0,4,0.00,0.5,0.5,0.0,0.0,0.0
2026-01-25 19:39:57,clusterB,0,4,1,3,0.25,0.5,0.5,0.0,0.0,0.0
2026-01-25 19:40:02,clusterA,0,4,0,4,0.00,0.5,0.5,0.0,0.0,0.0
2026-01-25 19:40:02,clusterB,0,4,1,3,0.25,0.5,0.5,0.0,0.0,0.0
2026-01-25 19:40:07,clusterA,0,4,0,4,0.00,0.5,0.5,0.0,0.0,0.0
2026-01-25 19:40:07,clusterB,0,4,1,3,0.25,0.5,0.5,0.0,0.0,0.0
2026-01-25 19:40:12,clusterA,0,4,0,4,0.00,0.5,0.5,0.0,0.0,0.0
2026-01-25 19:40:12,clusterB,0,4,1,3,0.25,0.5,0.5,0.0,0.0,0.0
2026-01-25 19:40:17,clusterA,0,4,0,4,0.00,0.5,0.5,0.0,0.0,0.0
2026-01-25 19:40:17,clusterB,0,4,1,3,0.25,0.5,0.5,0.0,0.0,0.0
2026-01-25 19:40:22,clusterA,0,4,0,4,0.00,0.5,0.5,0.0,0.0,0.0
2026-01-25 19:40:22,clusterB,0,4,1,3,0.25,0.5,0.5,0.0,0.0,0.0
2026-01-25 19:40:27,clusterA,0,4,0,4,0.00,0.5,0.5,0.0,0.0,0.0
2026-01-25 19:40:27,clusterB,0,4,1,3,0.25,0.5,0.5,0.0,0.0,0.0
2026-01-25 19:40:33,clusterA,0,4,0,4,0.00,0.5,0.5,0.0,0.0,0.0
2026-01-25 19:40:33,clusterB,0,4,1,3,0.25,0.5,0.5,0.0,0.0,0.0
2026-01-25 19:40:38,clusterA,0,4,0,4,0.00,0.5,0.5,0.0,0.0,0.0
2026-01-25 19:40:38,clusterB,0,4,1,3,0.25,0.5,0.5,0.0,0.0,0.0
2026-01-25 19:40:43,clusterA,0,4,0,4,0.00,0.5,0.5,0.0,0.0,0.0
2026-01-25 19:40:43,clusterB,0,4,1,3,0.25,0.5,0.5,0.0,0.0,0.0
2026-01-25 19:40:48,clusterA,0,4,0,4,0.00,0.5,0.5,0.0,0.0,0.0
2026-01-25 19:40:48,clusterB,0,4,1,3,0.25,0.5,0.5,0.0,0.0,0.0
2026-01-25 19:40:53,clusterA,0,4,0,4,0.00,0.5,0.5,0.0,0.0,0.0
2026-01-25 19:40:53,clusterB,0,4,1,3,0.25,0.5,0.5,0.0,0.0,0.0
2026-01-25 19:40:58,clusterA,0,4,0,4,0.00,0.5,0.5,0.0,0.0,0.0
2026-01-25 19:40:58,clusterB,0,4,1,3,0.25,0.5,0.5,0.0,0.0,0.0
2026-01-25 19:41:03,clusterA,0,4,0,4,0.00,0.5,0.5,0.0,0.0,0.0
2026-01-25 19:41:03,clusterB,0,4,1,3,0.25,0.5,0.5,0.0,0.0,0.0
2026-01-25 19:41:08,clusterA,0,4,0,4,0.00,0.5,0.5,0.0,0.0,0.0
2026-01-25 19:41:08,clusterB,0,4,1,3,0.25,0.5,0.5,0.0,0.0,0.0
2026-01-25 19:41:13,clusterA,0,4,0,4,0.00,0.5,0.5,0.0,0.0,0.0
2026-01-25 19:41:13,clusterB,0,4,1,3,0.25,0.5,0.5,0.0,0.0,0.0
2026-01-25 19:41:18,clusterA,0,4,0,4,0.00,0.5,0.5,0.0,0.0,0.0
2026-01-25 19:41:18,clusterB,0,4,1,3,0.25,0.5,0.5,0.0,0.0,0.0
2026-01-25 19:41:23,clusterA,0,4,0,4,0.00,0.5,0.5,0.0,0.0,0.0
2026-01-25 19:41:23,clusterB,0,4,1,3,0.25,0.5,0.5,0.0,0.0,0.0
2026-01-25 19:41:28,clusterA,0,4,0,4,0.00,0.5,0.5,0.0,0.0,0.0
2026-01-25 19:41:28,clusterB,0,4,1,3,0.25,0.5,0.5,0.0,0.0,0.0
2026-01-25 19:41:33,clusterA,0,4,0,4,0.00,0.5,0.5,0.0,0.0,0.0
2026-01-25 19:41:33,clusterB,0,4,1,3,0.25,0.5,0.5,0.0,0.0,0.0
2026-01-25 19:41:38,clusterA,0,4,0,4,0.00,0.5,0.5,0.0,0.0,0.0
2026-01-25 19:41:38,clusterB,0,4,1,3,0.25,0.5,0.5,0.0,0.0,0.0
2026-01-25 19:41:43,clusterA,0,4,0,4,0.00,0.5,0.5,0.0,0.0,0.0
2026-01-25 19:41:43,clusterB,0,4,1,3,0.25,0.5,0.5,0.0,0.0,0.0
2026-01-25 19:41:48,clusterA,0,4,0,4,0.00,0.5,0.5,0.0,0.0,0.0
2026-01-25 19:41:48,clusterB,0,4,1,3,0.25,0.5,0.5,0.0,0.0,0.0
2026-01-25 19:41:53,clusterA,0,4,0,4,0.00,0.5,0.5,0.0,0.0,0.0
2026-01-25 19:41:53,clusterB,0,4,1,3,0.25,0.5,0.5,0.0,0.0,0.0
2026-01-25 19:41:58,clusterA,0,4,0,4,0.00,0.5,0.5,0.0,0.0,0.0
2026-01-25 19:41:58,clusterB,0,4,1,3,0.25,0.5,0.5,0.0,0.0,0.0
2026-01-25 19:42:03,clusterA,0,4,0,4,0.00,0.5,0.5,0.0,0.0,0.0
2026-01-25 19:42:03,clusterB,0,4,1,3,0.25,0.5,0.5,0.0,0.0,0.0
2026-01-25 19:42:08,clusterA,0,4,0,4,0.00,0.5,0.5,0.0,0.0,0.0
2026-01-25 19:42:08,clusterB,0,4,1,3,0.25,0.5,0.5,0.0,0.0,0.0
2026-01-25 19:42:14,clusterA,0,4,0,4,0.00,0.5,0.5,0.0,0.0,0.0
2026-01-25 19:42:14,clusterB,0,4,1,3,0.25,0.5,0.5,0.0,0.0,0.0
2026-01-25 19:42:19,clusterA,0,4,0,4,0.00,0.5,0.5,0.0,0.0,0.0
2026-01-25 19:42:19,clusterB,0,4,1,3,0.25,0.5,0.5,0.0,0.0,0.0
2026-01-25 19:42:24,clusterA,0,4,0,4,0.00,0.5,0.5,0.0,0.0,0.0
2026-01-25 19:42:24,clusterB,0,4,1,3,0.25,0.5,0.5,0.0,0.0,0.0
2026-01-25 19:42:29,clusterA,0,4,0,4,0.00,0.5,0.5,0.0,0.0,0.0
2026-01-25 19:42:29,clusterB,0,4,1,3,0.25,0.5,0.5,0.0,0.0,0.0
2026-01-25 19:42:34,clusterA,0,4,0,4,0.00,0.5,0.5,0.0,0.0,0.0
2026-01-25 19:42:34,clusterB,0,4,1,3,0.25,0.5,0.5,0.0,0.0,0.0
2026-01-25 19:42:39,clusterA,0,4,0,4,0.00,0.5,0.5,0.0,0.0,0.0
2026-01-25 19:42:39,clusterB,0,4,1,3,0.25,0.5,0.5,0.0,0.0,0.0
2026-01-25 19:42:44,clusterA,0,4,0,4,0.00,0.5,0.5,0.0,0.0,0.0
2026-01-25 19:42:44,clusterB,0,4,1,3,0.25,0.5,0.5,0.0,0.0,0.0
2026-01-25 19:42:49,clusterA,0,4,0,4,0.00,0.5,0.5,0.0,0.0,0.0
2026-01-25 19:42:49,clusterB,0,4,1,3,0.25,0.5,0.5,0.0,0.0,0.0
2026-01-25 19:42:54,clusterA,0,4,0,4,0.00,0.5,0.5,0.0,0.0,0.0
2026-01-25 19:42:54,clusterB,0,4,1,3,0.25,0.5,0.5,0.0,0.0,0.0
2026-01-25 19:42:59,clusterA,0,4,0,4,0.00,0.5,0.5,0.0,0.0,0.0
2026-01-25 19:42:59,clusterB,0,4,1,3,0.25,0.5,0.5,0.0,0.0,0.0
2026-01-25 19:43:04,clusterA,0,4,0,4,0.00,0.5,0.5,0.0,0.0,0.0
2026-01-25 19:43:04,clusterB,0,4,1,3,0.25,0.5,0.5,0.0,0.0,0.0
2026-01-25 19:43:09,clusterA,0,4,0,4,0.00,0.5,0.5,0.0,0.0,0.0
2026-01-25 19:43:09,clusterB,0,4,1,3,0.25,0.5,0.5,0.0,0.0,0.0
2026-01-25 19:43:14,clusterA,0,4,0,4,0.00,0.5,0.5,0.0,0.0,0.0
2026-01-25 19:43:14,clusterB,0,4,1,3,0.25,0.5,0.5,0.0,0.0,0.0
2026-01-25 19:43:19,clusterA,0,4,0,4,0.00,0.5,0.5,0.0,0.0,0.0
2026-01-25 19:43:19,clusterB,0,4,1,3,0.25,0.5,0.5,0.0,0.0,0.0
2026-01-25 19:43:24,clusterA,0,4,0,4,0.00,0.5,0.5,0.0,0.0,0.0
2026-01-25 19:43:24,clusterB,0,4,1,3,0.25,0.5,0.5,0.0,0.0,0.0
2026-01-25 19:43:29,clusterA,0,4,0,4,0.00,0.5,0.5,0.0,0.0,0.0
2026-01-25 19:43:29,clusterB,0,4,1,3,0.25,0.5,0.5,0.0,0.0,0.0
2026-01-25 19:43:34,clusterA,0,4,0,4,0.00,0.5,0.5,0.0,0.0,0.0
2026-01-25 19:43:34,clusterB,0,4,1,3,0.25,0.5,0.5,0.0,0.0,0.0
2026-01-25 19:43:39,clusterA,0,4,0,4,0.00,0.5,0.5,0.0,0.0,0.0
2026-01-25 19:43:39,clusterB,0,4,1,3,0.25,0.5,0.5,0.0,0.0,0.0
2026-01-25 19:43:44,clusterA,0,4,0,4,0.00,0.5,0.5,0.0,0.0,0.0
2026-01-25 19:43:44,clusterB,0,4,1,3,0.25,0.5,0.5,0.0,0.0,0.0
2026-01-25 19:43:49,clusterA,0,4,0,4,0.00,0.5,0.5,0.0,0.0,0.0
2026-01-25 19:43:49,clusterB,0,4,1,3,0.25,0.5,0.5,0.0,0.0,0.0
2026-01-25 19:43:55,clusterA,0,4,0,4,0.00,0.5,0.5,0.0,0.0,0.0
2026-01-25 19:43:55,clusterB,0,4,1,3,0.25,0.5,0.5,0.0,0.0,0.0
2026-01-25 19:44:00,clusterA,0,4,0,4,0.00,0.5,0.5,0.0,0.0,0.0
2026-01-25 19:44:00,clusterB,0,4,1,3,0.25,0.5,0.5,0.0,0.0,0.0
2026-01-25 19:44:05,clusterA,0,4,0,4,0.00,0.5,0.5,0.0,0.0,0.0
2026-01-25 19:44:05,clusterB,0,4,1,3,0.25,0.5,0.5,0.0,0.0,0.0
2026-01-25 19:44:10,clusterA,0,4,0,4,0.00,0.5,0.5,0.0,0.0,0.0
2026-01-25 19:44:10,clusterB,0,4,1,3,0.25,0.5,0.5,0.0,0.0,0.0
2026-01-25 19:44:15,clusterA,0,4,0,4,0.00,0.5,0.5,0.0,0.0,0.0
2026-01-25 19:44:15,clusterB,0,4,1,3,0.25,0.5,0.5,0.0,0.0,0.0
2026-01-25 19:44:20,clusterA,0,4,0,4,0.00,0.5,0.5,0.0,0.0,0.0
2026-01-25 19:44:20,clusterB,0,4,1,3,0.25,0.5,0.5,0.0,0.0,0.0
2026-01-25 19:44:25,clusterA,0,4,0,4,0.00,0.5,0.5,0.0,0.0,0.0
2026-01-25 19:44:25,clusterB,0,4,1,3,0.25,0.5,0.5,0.0,0.0,0.0
2026-01-25 19:44:30,clusterA,0,4,0,4,0.00,0.5,0.5,0.0,0.0,0.0
2026-01-25 19:44:30,clusterB,0,4,1,3,0.25,0.5,0.5,0.0,0.0,0.0
2026-01-25 19:44:35,clusterA,0,4,0,4,0.00,0.5,0.5,0.0,0.0,0.0
2026-01-25 19:44:35,clusterB,0,4,1,3,0.25,0.5,0.5,0.0,0.0,0.0
2026-01-25 19:44:40,clusterA,0,4,0,4,0.00,0.5,0.5,0.0,0.0,0.0
2026-01-25 19:44:40,clusterB,0,4,1,3,0.25,0.5,0.5,0.0,0.0,0.0
2026-01-25 19:44:45,clusterA,0,4,0,4,0.00,0.5,0.5,0.0,0.0,0.0
2026-01-25 19:44:45,clusterB,0,4,1,3,0.25,0.5,0.5,0.0,0.0,0.0
2026-01-25 19:44:50,clusterA,0,4,0,4,0.00,0.5,0.5,0.0,0.0,0.0
2026-01-25 19:44:50,clusterB,0,4,1,3,0.25,0.5,0.5,0.0,0.0,0.0
2026-01-25 19:44:55,clusterA,0,4,0,4,0.00,0.5,0.5,0.0,0.0,0.0
2026-01-25 19:44:55,clusterB,0,4,1,3,0.25,0.5,0.5,0.0,0.0,0.0
2026-01-25 19:45:00,clusterA,0,4,0,4,0.00,0.5,0.5,0.0,0.0,0.0
2026-01-25 19:45:00,clusterB,0,4,1,3,0.25,0.5,0.5,0.0,0.0,0.0
2026-01-25 19:45:05,clusterA,0,4,0,4,0.00,0.5,0.5,0.0,0.0,0.0
2026-01-25 19:45:05,clusterB,0,4,1,3,0.25,0.5,0.5,0.0,0.0,0.0
2026-01-25 19:45:10,clusterA,0,4,0,4,0.00,0.5,0.5,0.0,0.0,0.0
2026-01-25 19:45:10,clusterB,0,4,1,3,0.25,0.5,0.5,0.0,0.0,0.0
2026-01-25 19:45:15,clusterA,0,4,0,4,0.00,0.5,0.5,0.0,0.0,0.0
2026-01-25 19:45:15,clusterB,0,4,1,3,0.25,0.5,0.5,0.0,0.0,0.0
2026-01-25 19:45:20,clusterA,0,4,0,4,0.00,0.5,0.5,0.0,0.0,0.0
2026-01-25 19:45:20,clusterB,0,4,1,3,0.25,0.5,0.5,0.0,0.0,0.0
2026-01-25 19:45:25,clusterA,0,4,0,4,0.00,0.5,0.5,0.0,0.0,0.0
2026-01-25 19:45:25,clusterB,0,4,0,4,0.00,0.5,0.5,0.0,0.0,0.0
2026-01-25 19:45:30,clusterA,0,4,0,4,0.00,0.5,0.5,0.0,0.0,0.0
2026-01-25 19:45:30,clusterB,0,4,0,4,0.00,0.5,0.5,0.0,0.0,0.0
2026-01-25 19:45:35,clusterA,0,4,0,4,0.00,0.5,0.5,0.0,0.0,0.0
2026-01-25 19:45:35,clusterB,0,4,0,4,0.00,0.5,0.5,0.0,0.0,0.0
