ts,cluster,queue_len,slots_total,slots_used,free,U_t,E_t,p_fair,lam_time,lam_cost,lam_fair
2025/11/13 17:08,clusterA,0,4,2,2,0.03,0.04,0,0.96,0.04,0
2025/11/13 17:08,clusterB,0,4,0,4,0,0,0,1,0,0
2025/11/13 17:08,clusterA,0,4,2,2,0.06,0.05,0,0.95,0.05,0
2025/11/13 17:08,clusterB,0,4,0,4,0,0,0,1,0,0
2025/11/13 17:08,clusterA,0,4,2,2,0.09,0.06,0,0.94,0.06,0
2025/11/13 17:08,clusterB,0,4,0,4,0,0,0,1,0,0
2025/11/13 17:08,clusterA,0,4,2,2,0.12,0.08,0,0.92,0.08,0
2025/11/13 17:08,clusterB,0,4,0,4,0,0,0,1,0,0
2025/11/13 17:08,clusterA,0,4,2,2,0.14,0.09,0,0.91,0.09,0
2025/11/13 17:08,clusterB,0,4,0,4,0,0,0,1,0,0
2025/11/13 17:08,clusterA,0,4,2,2,0.17,0.1,0,0.9,0.1,0
2025/11/13 17:08,clusterB,0,4,0,4,0,0,0,1,0,0
2025/11/13 17:09,clusterA,0,4,2,2,0.19,0.12,0,0.88,0.12,0
2025/11/13 17:09,clusterB,0,4,0,4,0,0,0,1,0,0
2025/11/13 17:09,clusterA,0,4,2,2,0.22,0.13,0,0.87,0.13,0
2025/11/13 17:09,clusterB,0,4,0,4,0,0,0,1,0,0
2025/11/13 17:09,clusterA,0,4,2,2,0.25,0.14,0,0.86,0.14,0
2025/11/13 17:09,clusterB,0,4,0,4,0,0,0,1,0,0
2025/11/13 17:09,clusterA,0,4,2,2,0.28,0.16,0,0.84,0.16,0
2025/11/13 17:09,clusterB,0,4,0,4,0,0,0,1,0,0
2025/11/13 17:09,clusterA,0,4,2,2,0.31,0.17,0,0.83,0.17,0
2025/11/13 17:09,clusterB,0,4,0,4,0,0,0,1,0,0
2025/11/13 17:09,clusterA,0,4,2,2,0.34,0.18,0,0.82,0.18,0
2025/11/13 17:09,clusterB,0,4,0,4,0,0,0,1,0,0
2025/11/13 17:09,clusterA,0,4,2,2,0.33,0.18,0,0.82,0.18,0
2025/11/13 17:09,clusterB,0,4,0,4,0,0,0,1,0,0
2025/11/13 17:09,clusterA,0,4,2,2,0.33,0.18,0,0.82,0.18,0
2025/11/13 17:09,clusterB,0,4,0,4,0,0,0,1,0,0
2025/11/13 17:09,clusterA,0,4,2,2,0.33,0.18,0,0.82,0.18,0
2025/11/13 17:09,clusterB,0,4,0,4,0,0,0,1,0,0
2025/11/13 17:09,clusterA,0,4,2,2,0.33,0.18,0,0.82,0.18,0
2025/11/13 17:09,clusterB,0,4,0,4,0,0,0,1,0,0
2025/11/13 17:09,clusterA,0,4,2,2,0.34,0.18,0,0.82,0.18,0
2025/11/13 17:09,clusterB,0,4,0,4,0,0,0,1,0,0
2025/11/13 17:09,clusterA,0,4,2,2,0.34,0.18,0,0.82,0.18,0
2025/11/13 17:09,clusterB,0,4,0,4,0,0,0,1,0,0
2025/11/13 17:10,clusterA,0,4,2,2,0.34,0.17,0,0.83,0.17,0
2025/11/13 17:10,clusterB,0,4,0,4,0,0,0,1,0,0
2025/11/13 17:10,clusterA,0,4,2,2,0.33,0.17,0,0.83,0.17,0
2025/11/13 17:10,clusterB,0,4,0,4,0,0,0,1,0,0
2025/11/13 17:10,clusterA,0,4,2,2,0.31,0.17,0,0.83,0.17,0
2025/11/13 17:10,clusterB,0,4,0,4,0,0,0,1,0,0
2025/11/13 17:10,clusterA,0,4,2,2,0.31,0.17,0,0.83,0.17,0
2025/11/13 17:10,clusterB,0,4,0,4,0,0,0,1,0,0
2025/11/13 17:10,clusterA,0,4,2,2,0.31,0.17,0,0.83,0.17,0
2025/11/13 17:10,clusterB,0,4,0,4,0,0,0,1,0,0
2025/11/13 17:10,clusterA,0,4,2,2,0.31,0.17,0,0.83,0.17,0
2025/11/13 17:10,clusterB,0,4,0,4,0,0,0,1,0,0
2025/11/13 17:10,clusterA,0,4,2,2,0.31,0.17,0,0.83,0.17,0
2025/11/13 17:10,clusterB,0,4,0,4,0,0,0,1,0,0
2025/11/13 17:10,clusterA,0,4,2,2,0.31,0.18,0,0.82,0.18,0
2025/11/13 17:10,clusterB,0,4,0,4,0,0,0,1,0,0
2025/11/13 17:10,clusterA,0,4,2,2,0.32,0.18,0,0.82,0.18,0
2025/11/13 17:10,clusterB,0,4,0,4,0,0,0,1,0,0
2025/11/13 17:10,clusterA,0,4,2,2,0.31,0.18,0,0.82,0.18,0
2025/11/13 17:10,clusterB,0,4,0,4,0,0,0,1,0,0
2025/11/13 17:10,clusterA,0,4,2,2,0.32,0.18,0,0.82,0.18,0
2025/11/13 17:10,clusterB,0,4,0,4,0,0,0,1,0,0
2025/11/13 17:11,clusterA,0,4,2,2,0.31,0.18,0,0.82,0.18,0
2025/11/13 17:11,clusterB,0,4,0,4,0,0,0,1,0,0
2025/11/13 17:11,clusterA,0,4,2,2,0.31,0.18,0,0.82,0.18,0
2025/11/13 17:11,clusterB,0,4,0,4,0,0,0,1,0,0
2025/11/13 17:11,clusterA,0,4,2,2,0.31,0.18,0,0.82,0.18,0
2025/11/13 17:11,clusterB,0,4,0,4,0,0,0,1,0,0
2025/11/13 17:11,clusterA,0,4,2,2,0.33,0.18,0,0.82,0.18,0
2025/11/13 17:11,clusterB,0,4,0,4,0,0,0,1,0,0
2025/11/13 17:11,clusterA,0,4,2,2,0.34,0.17,0,0.83,0.17,0
2025/11/13 17:11,clusterB,0,4,0,4,0,0,0,1,0,0
2025/11/13 17:11,clusterA,0,4,2,2,0.33,0.17,0,0.83,0.17,0
2025/11/13 17:11,clusterB,0,4,0,4,0,0,0,1,0,0
2025/11/13 17:11,clusterA,0,4,2,2,0.34,0.17,0,0.83,0.17,0
2025/11/13 17:11,clusterB,0,4,0,4,0,0,0,1,0,0
2025/11/13 17:11,clusterA,0,4,2,2,0.34,0.17,0,0.83,0.17,0
2025/11/13 17:11,clusterB,0,4,0,4,0,0,0,1,0,0
2025/11/13 17:11,clusterA,0,4,2,2,0.34,0.17,0,0.83,0.17,0
2025/11/13 17:11,clusterB,0,4,0,4,0,0,0,1,0,0
2025/11/13 17:11,clusterA,0,4,2,2,0.34,0.17,0,0.83,0.17,0
2025/11/13 17:11,clusterB,0,4,0,4,0,0,0,1,0,0
2025/11/13 17:11,clusterA,0,4,2,2,0.34,0.17,0,0.83,0.17,0
2025/11/13 17:11,clusterB,0,4,0,4,0,0,0,1,0,0
2025/11/13 17:11,clusterA,0,4,2,2,0.33,0.17,0,0.83,0.17,0
2025/11/13 17:11,clusterB,0,4,0,4,0,0,0,1,0,0
2025/11/13 17:12,clusterA,0,4,2,2,0.32,0.17,0,0.83,0.17,0
2025/11/13 17:12,clusterB,0,4,0,4,0,0,0,1,0,0
2025/11/13 17:12,clusterA,0,4,2,2,0.32,0.17,0,0.83,0.17,0
2025/11/13 17:12,clusterB,0,4,0,4,0,0,0,1,0,0
2025/11/13 17:12,clusterA,0,4,2,2,0.32,0.17,0,0.83,0.17,0
2025/11/13 17:12,clusterB,0,4,0,4,0,0,0,1,0,0
2025/11/13 17:12,clusterA,0,4,2,2,0.32,0.17,0,0.83,0.17,0
2025/11/13 17:12,clusterB,0,4,0,4,0,0,0,1,0,0
2025/11/13 17:12,clusterA,0,4,2,2,0.32,0.17,0,0.83,0.17,0
2025/11/13 17:12,clusterB,0,4,0,4,0,0,0,1,0,0
2025/11/13 17:12,clusterA,0,4,2,2,0.33,0.17,0,0.83,0.17,0
2025/11/13 17:12,clusterB,0,4,0,4,0,0,0,1,0,0
2025/11/13 17:12,clusterA,0,4,2,2,0.32,0.17,0,0.83,0.17,0
2025/11/13 17:12,clusterB,0,4,0,4,0,0,0,1,0,0
2025/11/13 17:12,clusterA,0,4,2,2,0.3,0.17,0,0.83,0.17,0
2025/11/13 17:12,clusterB,0,4,0,4,0,0,0,1,0,0
2025/11/13 17:12,clusterA,0,4,2,2,0.29,0.18,0,0.82,0.18,0
2025/11/13 17:12,clusterB,0,4,0,4,0,0,0,1,0,0
2025/11/13 17:12,clusterA,0,4,2,2,0.29,0.18,0,0.82,0.18,0
2025/11/13 17:12,clusterB,0,4,2,2,0,0,0,1,0,0
2025/11/13 17:12,clusterA,0,4,2,2,0.29,0.18,0,0.82,0.18,0
2025/11/13 17:12,clusterB,0,4,0,4,0,0,0,1,0,0
2025/11/13 17:12,clusterA,0,4,2,2,0.3,0.18,0,0.82,0.18,0
2025/11/13 17:12,clusterB,0,4,0,4,0,0,0,1,0,0
2025/11/13 17:13,clusterA,0,4,2,2,0.3,0.18,0,0.82,0.18,0
2025/11/13 17:13,clusterB,0,4,0,4,0,0,0,1,0,0
2025/11/13 17:13,clusterA,0,4,2,2,0.31,0.18,0,0.82,0.18,0
2025/11/13 17:13,clusterB,0,4,0,4,0,0,0,1,0,0
2025/11/13 17:13,clusterA,0,4,2,2,0.31,0.18,0,0.82,0.18,0
2025/11/13 17:13,clusterB,0,4,0,4,0,0,0,1,0,0
2025/11/13 17:13,clusterA,0,4,2,2,0.31,0.18,0,0.82,0.18,0
2025/11/13 17:13,clusterB,0,4,0,4,0,0,0,1,0,0
2025/11/13 17:13,clusterA,0,4,2,2,0.31,0.19,0,0.81,0.19,0
2025/11/13 17:13,clusterB,0,4,0,4,0,0,0,1,0,0
2025/11/13 17:13,clusterA,0,4,2,2,0.3,0.19,0,0.81,0.19,0
2025/11/13 17:13,clusterB,0,4,0,4,0,0,0,1,0,0
2025/11/13 17:13,clusterA,0,4,2,2,0.31,0.19,0,0.81,0.19,0
2025/11/13 17:13,clusterB,0,4,0,4,0,0,0,1,0,0
2025/11/13 17:13,clusterA,0,4,2,2,0.33,0.19,0,0.81,0.19,0
2025/11/13 17:13,clusterB,0,4,0,4,0,0,0,1,0,0
2025/11/13 17:13,clusterA,0,4,2,2,0.34,0.19,0,0.81,0.19,0
2025/11/13 17:13,clusterB,0,4,0,4,0,0,0,1,0,0
2025/11/13 17:13,clusterA,0,4,2,2,0.33,0.19,0,0.81,0.19,0
2025/11/13 17:13,clusterB,0,4,0,4,0,0,0,1,0,0
2025/11/13 17:13,clusterA,0,4,2,2,0.34,0.19,0,0.81,0.19,0
2025/11/13 17:13,clusterB,0,4,0,4,0,0,0,1,0,0
2025/11/13 17:13,clusterA,0,4,2,2,0.33,0.19,0,0.81,0.19,0
2025/11/13 17:13,clusterB,0,4,0,4,0,0,0,1,0,0
2025/11/13 17:14,clusterA,0,4,2,2,0.31,0.18,0,0.82,0.18,0
2025/11/13 17:14,clusterB,0,4,0,4,0,0,0,1,0,0
2025/11/13 17:14,clusterA,0,4,2,2,0.28,0.18,0,0.82,0.18,0
2025/11/13 17:14,clusterB,0,4,0,4,0,0,0,1,0,0
2025/11/13 17:14,clusterA,0,4,2,2,0.27,0.18,0,0.82,0.18,0
2025/11/13 17:14,clusterB,0,4,0,4,0,0,0,1,0,0
2025/11/13 17:14,clusterA,0,4,2,2,0.27,0.18,0,0.82,0.18,0
2025/11/13 17:14,clusterB,0,4,0,4,0,0,0,1,0,0
2025/11/13 17:14,clusterA,0,4,2,2,0.27,0.18,0,0.82,0.18,0
2025/11/13 17:14,clusterB,0,4,0,4,0,0,0,1,0,0
2025/11/13 17:14,clusterA,0,4,2,2,0.28,0.18,0,0.82,0.18,0
2025/11/13 17:14,clusterB,0,4,0,4,0,0,0,1,0,0
2025/11/13 17:14,clusterA,0,4,2,2,0.27,0.17,0,0.83,0.17,0
2025/11/13 17:14,clusterB,0,4,0,4,0,0,0,1,0,0
2025/11/13 17:14,clusterA,0,4,2,2,0.27,0.17,0,0.83,0.17,0
2025/11/13 17:14,clusterB,0,4,0,4,0,0,0,1,0,0
2025/11/13 17:14,clusterA,0,4,2,2,0.27,0.17,0,0.83,0.17,0
2025/11/13 17:14,clusterB,0,4,0,4,0,0,0,1,0,0
2025/11/13 17:14,clusterA,0,4,2,2,0.25,0.17,0,0.83,0.17,0
2025/11/13 17:14,clusterB,0,4,0,4,0,0,0,1,0,0
2025/11/13 17:14,clusterA,0,4,2,2,0.24,0.17,0,0.83,0.17,0
2025/11/13 17:14,clusterB,0,4,0,4,0,0,0,1,0,0
2025/11/13 17:14,clusterA,0,4,2,2,0.24,0.17,0,0.83,0.17,0
2025/11/13 17:14,clusterB,0,4,0,4,0,0,0,1,0,0
2025/11/13 17:15,clusterA,0,4,2,2,0.27,0.18,0,0.82,0.18,0
2025/11/13 17:15,clusterB,0,4,0,4,0,0,0,1,0,0
2025/11/13 17:15,clusterA,0,4,2,2,0.27,0.18,0,0.82,0.18,0
2025/11/13 17:15,clusterB,0,4,0,4,0,0,0,1,0,0
2025/11/13 17:15,clusterA,0,4,2,2,0.3,0.18,0,0.82,0.18,0
2025/11/13 17:15,clusterB,0,4,0,4,0,0,0,1,0,0
2025/11/13 17:15,clusterA,0,4,2,2,0.31,0.18,0,0.82,0.18,0
2025/11/13 17:15,clusterB,0,4,0,4,0,0,0,1,0,0
2025/11/13 17:15,clusterA,0,4,2,2,0.31,0.18,0,0.82,0.18,0
2025/11/13 17:15,clusterB,0,4,0,4,0,0,0,1,0,0
2025/11/13 17:15,clusterA,0,4,2,2,0.3,0.18,0,0.82,0.18,0
2025/11/13 17:15,clusterB,0,4,0,4,0,0,0,1,0,0
2025/11/13 17:15,clusterA,0,4,2,2,0.3,0.18,0,0.82,0.18,0
2025/11/13 17:15,clusterB,0,4,0,4,0,0,0,1,0,0
2025/11/13 17:15,clusterA,0,4,2,2,0.3,0.18,0,0.82,0.18,0
2025/11/13 17:15,clusterB,0,4,0,4,0,0,0,1,0,0
2025/11/13 17:15,clusterA,0,4,2,2,0.3,0.19,0,0.81,0.19,0
2025/11/13 17:15,clusterB,0,4,0,4,0,0,0,1,0,0
2025/11/13 17:15,clusterA,0,4,2,2,0.31,0.19,0,0.81,0.19,0
2025/11/13 17:15,clusterB,0,4,0,4,0,0,0,1,0,0
2025/11/13 17:15,clusterA,0,4,2,2,0.33,0.19,0,0.81,0.19,0
2025/11/13 17:15,clusterB,0,4,0,4,0,0,0,1,0,0
2025/11/13 17:15,clusterA,0,4,2,2,0.33,0.19,0,0.81,0.19,0
2025/11/13 17:15,clusterB,0,4,0,4,0,0,0,1,0,0
2025/11/13 17:16,clusterA,0,4,2,2,0.34,0.19,0,0.81,0.19,0
2025/11/13 17:16,clusterB,0,4,0,4,0,0,0,1,0,0
2025/11/13 17:16,clusterA,0,4,2,2,0.34,0.19,0,0.81,0.19,0
2025/11/13 17:16,clusterB,0,4,0,4,0,0,0,1,0,0
2025/11/13 17:16,clusterA,0,4,2,2,0.34,0.18,0,0.82,0.18,0
2025/11/13 17:16,clusterB,0,4,0,4,0,0,0,1,0,0
2025/11/13 17:16,clusterA,0,4,2,2,0.32,0.18,0,0.82,0.18,0
2025/11/13 17:16,clusterB,0,4,0,4,0,0,0,1,0,0
2025/11/13 17:16,clusterA,0,4,2,2,0.32,0.18,0,0.82,0.18,0
2025/11/13 17:16,clusterB,0,4,0,4,0,0,0,1,0,0
2025/11/13 17:16,clusterA,0,4,2,2,0.32,0.18,0,0.82,0.18,0
2025/11/13 17:16,clusterB,0,4,0,4,0,0,0,1,0,0
2025/11/13 17:16,clusterA,0,4,2,2,0.33,0.18,0,0.82,0.18,0
2025/11/13 17:16,clusterB,0,4,0,4,0,0,0,1,0,0
2025/11/13 17:16,clusterA,0,4,2,2,0.33,0.18,0,0.82,0.18,0
2025/11/13 17:16,clusterB,0,4,0,4,0,0,0,1,0,0
2025/11/13 17:16,clusterA,0,4,2,2,0.33,0.18,0,0.82,0.18,0
2025/11/13 17:16,clusterB,0,4,0,4,0,0,0,1,0,0
2025/11/13 17:16,clusterA,0,4,2,2,0.33,0.18,0,0.82,0.18,0
2025/11/13 17:16,clusterB,0,4,0,4,0,0,0,1,0,0
2025/11/13 17:16,clusterA,0,4,2,2,0.31,0.18,0,0.82,0.18,0
2025/11/13 17:16,clusterB,0,4,0,4,0,0,0,1,0,0
2025/11/13 17:16,clusterA,0,4,2,2,0.31,0.18,0,0.82,0.18,0
2025/11/13 17:16,clusterB,0,4,0,4,0,0,0,1,0,0
2025/11/13 17:17,clusterA,0,4,2,2,0.3,0.18,0,0.82,0.18,0
2025/11/13 17:17,clusterB,0,4,0,4,0,0,0,1,0,0
2025/11/13 17:17,clusterA,0,4,2,2,0.3,0.18,0,0.82,0.18,0
2025/11/13 17:17,clusterB,0,4,0,4,0,0,0,1,0,0
2025/11/13 17:17,clusterA,0,4,2,2,0.31,0.18,0,0.82,0.18,0
2025/11/13 17:17,clusterB,0,4,0,4,0,0,0,1,0,0
2025/11/13 17:17,clusterA,0,4,2,2,0.33,0.18,0,0.82,0.18,0
2025/11/13 17:17,clusterB,0,4,0,4,0,0,0,1,0,0
2025/11/13 17:17,clusterA,0,4,2,2,0.32,0.18,0,0.82,0.18,0
2025/11/13 17:17,clusterB,0,4,0,4,0,0,0,1,0,0
2025/11/13 17:17,clusterA,0,4,2,2,0.32,0.18,0,0.82,0.18,0
2025/11/13 17:17,clusterB,0,4,0,4,0,0,0,1,0,0
2025/11/13 17:17,clusterA,0,4,2,2,0.32,0.18,0,0.82,0.18,0
2025/11/13 17:17,clusterB,0,4,0,4,0,0,0,1,0,0
2025/11/13 17:17,clusterA,0,4,2,2,0.32,0.18,0,0.82,0.18,0
2025/11/13 17:17,clusterB,0,4,0,4,0,0,0,1,0,0
2025/11/13 17:17,clusterA,0,4,2,2,0.32,0.18,0,0.82,0.18,0
2025/11/13 17:17,clusterB,0,4,0,4,0,0,0,1,0,0
2025/11/13 17:17,clusterA,0,4,2,2,0.32,0.19,0,0.81,0.19,0
2025/11/13 17:17,clusterB,0,4,0,4,0,0,0,1,0,0
2025/11/13 17:17,clusterA,0,4,2,2,0.34,0.19,0,0.81,0.19,0
2025/11/13 17:17,clusterB,0,4,0,4,0,0,0,1,0,0
2025/11/13 17:17,clusterA,0,4,2,2,0.34,0.19,0,0.81,0.19,0
2025/11/13 17:17,clusterB,0,4,0,4,0,0,0,1,0,0
2025/11/13 17:18,clusterA,0,4,2,2,0.34,0.19,0,0.81,0.19,0
2025/11/13 17:18,clusterB,0,4,0,4,0,0,0,1,0,0
2025/11/13 17:18,clusterA,0,4,2,2,0.34,0.19,0,0.81,0.19,0
2025/11/13 17:18,clusterB,0,4,0,4,0,0,0,1,0,0
2025/11/13 17:18,clusterA,0,4,2,2,0.34,0.19,0,0.81,0.19,0
2025/11/13 17:18,clusterB,0,4,0,4,0,0,0,1,0,0
2025/11/13 17:18,clusterA,0,4,2,2,0.34,0.18,0,0.82,0.18,0
2025/11/13 17:18,clusterB,0,4,0,4,0,0,0,1,0,0
2025/11/13 17:18,clusterA,0,4,2,2,0.34,0.18,0,0.82,0.18,0
2025/11/13 17:18,clusterB,0,4,0,4,0,0,0,1,0,0
2025/11/13 17:18,clusterA,0,4,2,2,0.33,0.18,0,0.82,0.18,0
2025/11/13 17:18,clusterB,0,4,0,4,0,0,0,1,0,0
2025/11/13 17:18,clusterA,0,4,2,2,0.33,0.18,0,0.82,0.18,0
2025/11/13 17:18,clusterB,0,4,0,4,0,0,0,1,0,0
2025/11/13 17:18,clusterA,0,4,2,2,0.34,0.18,0,0.82,0.18,0
2025/11/13 17:18,clusterB,0,4,0,4,0,0,0,1,0,0
2025/11/13 17:18,clusterA,0,4,2,2,0.34,0.18,0,0.82,0.18,0
2025/11/13 17:18,clusterB,0,4,0,4,0,0,0,1,0,0
2025/11/13 17:18,clusterA,0,4,2,2,0.34,0.18,0,0.82,0.18,0
2025/11/13 17:18,clusterB,0,4,0,4,0,0,0,1,0,0
2025/11/13 17:18,clusterA,0,4,2,2,0.34,0.18,0,0.82,0.18,0
2025/11/13 17:18,clusterB,0,4,0,4,0,0,0,1,0,0
2025/11/13 17:18,clusterA,0,4,2,2,0.34,0.18,0,0.82,0.18,0
2025/11/13 17:18,clusterB,0,4,0,4,0,0,0,1,0,0
2025/11/13 17:19,clusterA,0,4,2,2,0.31,0.18,0,0.82,0.18,0
2025/11/13 17:19,clusterB,0,4,0,4,0,0,0,1,0,0
2025/11/13 17:19,clusterA,0,4,2,2,0.31,0.18,0,0.82,0.18,0
2025/11/13 17:19,clusterB,0,4,0,4,0,0,0,1,0,0
2025/11/13 17:19,clusterA,0,4,2,2,0.31,0.18,0,0.82,0.18,0
2025/11/13 17:19,clusterB,0,4,0,4,0,0,0,1,0,0
2025/11/13 17:19,clusterA,0,4,2,2,0.31,0.18,0,0.82,0.18,0
2025/11/13 17:19,clusterB,0,4,0,4,0,0,0,1,0,0
2025/11/13 17:19,clusterA,0,4,2,2,0.31,0.18,0,0.82,0.18,0
2025/11/13 17:19,clusterB,0,4,0,4,0,0,0,1,0,0
2025/11/13 17:19,clusterA,1,4,2,2,0.32,0.18,0.25,0.57,0.18,0.25
2025/11/13 17:19,clusterB,1,4,0,4,0,0,0.25,0.75,0,0.25
2025/11/13 17:19,clusterA,0,4,2,2,0.32,0.18,0,0.82,0.18,0
2025/11/13 17:19,clusterB,0,4,2,2,0,0,0,1,0,0
2025/11/13 17:19,clusterA,0,4,2,2,0.32,0.18,0,0.82,0.18,0
2025/11/13 17:19,clusterB,0,4,2,2,0,0,0,1,0,0
2025/11/13 17:19,clusterA,0,4,2,2,0.31,0.18,0,0.82,0.18,0
2025/11/13 17:19,clusterB,0,4,2,2,0,0,0,1,0,0
2025/11/13 17:19,clusterA,0,4,2,2,0.28,0.18,0,0.82,0.18,0
2025/11/13 17:19,clusterB,0,4,2,2,0,0,0,1,0,0
2025/11/13 17:19,clusterA,0,4,2,2,0.28,0.19,0,0.81,0.19,0
2025/11/13 17:19,clusterB,0,4,2,2,0,0,0,1,0,0
2025/11/13 17:19,clusterA,0,4,2,2,0.29,0.19,0,0.81,0.19,0
2025/11/13 17:19,clusterB,0,4,2,2,0,0,0,1,0,0
2025/11/13 17:20,clusterA,0,4,2,2,0.29,0.19,0,0.81,0.19,0
2025/11/13 17:20,clusterB,0,4,2,2,0,0,0,1,0,0
2025/11/13 17:20,clusterA,0,4,2,2,0.32,0.19,0,0.81,0.19,0
2025/11/13 17:20,clusterB,0,4,2,2,0,0,0,1,0,0
2025/11/13 17:20,clusterA,0,4,2,2,0.32,0.19,0,0.81,0.19,0
2025/11/13 17:20,clusterB,0,4,2,2,0,0,0,1,0,0
2025/11/13 17:20,clusterA,0,4,2,2,0.32,0.19,0,0.81,0.19,0
2025/11/13 17:20,clusterB,0,4,2,2,0,0,0,1,0,0
2025/11/13 17:20,clusterA,0,4,2,2,0.32,0.18,0,0.82,0.18,0
2025/11/13 17:20,clusterB,0,4,2,2,0,0,0,1,0,0
2025/11/13 17:20,clusterA,0,4,2,2,0.31,0.18,0,0.82,0.18,0
2025/11/13 17:20,clusterB,0,4,2,2,0,0,0,1,0,0
2025/11/13 17:20,clusterA,0,4,2,2,0.31,0.18,0,0.82,0.18,0
2025/11/13 17:20,clusterB,0,4,2,2,0,0,0,1,0,0
2025/11/13 17:20,clusterA,0,4,2,2,0.31,0.18,0,0.82,0.18,0
2025/11/13 17:20,clusterB,0,4,2,2,0,0,0,1,0,0
2025/11/13 17:20,clusterA,0,4,2,2,0.31,0.18,0,0.82,0.18,0
2025/11/13 17:20,clusterB,0,4,2,2,0,0,0,1,0,0
2025/11/13 17:20,clusterA,0,4,2,2,0.33,0.18,0,0.82,0.18,0
2025/11/13 17:20,clusterB,0,4,2,2,0,0,0,1,0,0
2025/11/13 17:20,clusterA,0,4,2,2,0.33,0.18,0,0.82,0.18,0
2025/11/13 17:20,clusterB,0,4,2,2,0,0,0,1,0,0
2025/11/13 17:20,clusterA,0,4,2,2,0.32,0.18,0,0.82,0.18,0
2025/11/13 17:20,clusterB,0,4,2,2,0,0,0,1,0,0
2025/11/13 17:21,clusterA,0,4,2,2,0.32,0.18,0,0.82,0.18,0
2025/11/13 17:21,clusterB,0,4,2,2,0,0,0,1,0,0
2025/11/13 17:21,clusterA,0,4,2,2,0.3,0.18,0,0.82,0.18,0
2025/11/13 17:21,clusterB,0,4,2,2,0,0,0,1,0,0
2025/11/13 17:21,clusterA,0,4,2,2,0.29,0.18,0,0.82,0.18,0
2025/11/13 17:21,clusterB,0,4,2,2,0,0,0,1,0,0
2025/11/13 17:21,clusterA,0,4,2,2,0.3,0.18,0,0.82,0.18,0
2025/11/13 17:21,clusterB,0,4,2,2,0,0,0,1,0,0
2025/11/13 17:21,clusterA,0,4,2,2,0.3,0.18,0,0.82,0.18,0
2025/11/13 17:21,clusterB,0,4,2,2,0,0,0,1,0,0
2025/11/13 17:21,clusterA,0,4,2,2,0.3,0.18,0,0.82,0.18,0
2025/11/13 17:21,clusterB,0,4,2,2,0,0,0,1,0,0
2025/11/13 17:21,clusterA,0,4,2,2,0.3,0.18,0,0.82,0.18,0
2025/11/13 17:21,clusterB,0,4,2,2,0,0,0,1,0,0
2025/11/13 17:21,clusterA,0,4,2,2,0.3,0.18,0,0.82,0.18,0
2025/11/13 17:21,clusterB,0,4,2,2,0,0,0,1,0,0
2025/11/13 17:21,clusterA,0,4,2,2,0.3,0.18,0,0.82,0.18,0
2025/11/13 17:21,clusterB,0,4,2,2,0,0,0,1,0,0
2025/11/13 17:21,clusterA,0,4,2,2,0.31,0.18,0,0.82,0.18,0
2025/11/13 17:21,clusterB,0,4,2,2,0,0,0,1,0,0
2025/11/13 17:21,clusterA,0,4,2,2,0.31,0.19,0,0.81,0.19,0
2025/11/13 17:21,clusterB,0,4,2,2,0,0,0,1,0,0
2025/11/13 17:21,clusterA,0,4,2,2,0.3,0.19,0,0.81,0.19,0
2025/11/13 17:21,clusterB,0,4,2,2,0,0,0,1,0,0
2025/11/13 17:22,clusterA,0,4,2,2,0.3,0.19,0,0.81,0.19,0
2025/11/13 17:22,clusterB,0,4,2,2,0,0,0,1,0,0
2025/11/13 17:22,clusterA,0,4,2,2,0.31,0.19,0,0.81,0.19,0
2025/11/13 17:22,clusterB,0,4,2,2,0,0,0,1,0,0
2025/11/13 17:22,clusterA,0,4,2,2,0.33,0.19,0,0.81,0.19,0
2025/11/13 17:22,clusterB,0,4,2,2,0,0,0,1,0,0
2025/11/13 17:22,clusterA,0,4,2,2,0.32,0.19,0,0.81,0.19,0
2025/11/13 17:22,clusterB,0,4,2,2,0,0,0,1,0,0
2025/11/13 17:22,clusterA,0,4,2,2,0.31,0.19,0,0.81,0.19,0
2025/11/13 17:22,clusterB,0,4,2,2,0,0,0,1,0,0
2025/11/13 17:22,clusterA,0,4,2,2,0.32,0.19,0,0.81,0.19,0
2025/11/13 17:22,clusterB,0,4,2,2,0,0,0,1,0,0
2025/11/13 17:22,clusterA,0,4,2,2,0.32,0.18,0,0.82,0.18,0
2025/11/13 17:22,clusterB,0,4,2,2,0,0,0,1,0,0
2025/11/13 17:22,clusterA,0,4,2,2,0.32,0.18,0,0.82,0.18,0
2025/11/13 17:22,clusterB,0,4,2,2,0,0,0,1,0,0
2025/11/13 17:22,clusterA,0,4,2,2,0.31,0.18,0,0.82,0.18,0
2025/11/13 17:22,clusterB,0,4,2,2,0,0,0,1,0,0
2025/11/13 17:22,clusterA,0,4,2,2,0.3,0.18,0,0.82,0.18,0
2025/11/13 17:22,clusterB,0,4,2,2,0,0,0,1,0,0
2025/11/13 17:22,clusterA,0,4,2,2,0.31,0.18,0,0.82,0.18,0
2025/11/13 17:22,clusterB,0,4,2,2,0,0,0,1,0,0
2025/11/13 17:22,clusterA,0,4,2,2,0.31,0.18,0,0.82,0.18,0
2025/11/13 17:22,clusterB,0,4,2,2,0,0,0,1,0,0
2025/11/13 17:23,clusterA,0,4,2,2,0.31,0.18,0,0.82,0.18,0
2025/11/13 17:23,clusterB,0,4,2,2,0,0,0,1,0,0
2025/11/13 17:23,clusterA,0,4,2,2,0.31,0.18,0,0.82,0.18,0
2025/11/13 17:23,clusterB,0,4,2,2,0,0,0,1,0,0
2025/11/13 17:23,clusterA,0,4,2,2,0.31,0.18,0,0.82,0.18,0
2025/11/13 17:23,clusterB,0,4,2,2,0,0,0,1,0,0
2025/11/13 17:23,clusterA,0,4,2,2,0.28,0.17,0,0.83,0.17,0
2025/11/13 17:23,clusterB,0,4,2,2,0,0,0,1,0,0
2025/11/13 17:23,clusterA,0,4,2,2,0.29,0.18,0,0.82,0.18,0
2025/11/13 17:23,clusterB,0,4,2,2,0,0,0,1,0,0
2025/11/13 17:23,clusterA,0,4,2,2,0.29,0.18,0,0.82,0.18,0
2025/11/13 17:23,clusterB,0,4,2,2,0,0,0,1,0,0
2025/11/13 17:23,clusterA,0,4,2,2,0.29,0.18,0,0.82,0.18,0
2025/11/13 17:23,clusterB,0,4,2,2,0,0,0,1,0,0
2025/11/13 17:23,clusterA,0,4,2,2,0.29,0.18,0,0.82,0.18,0
2025/11/13 17:23,clusterB,0,4,2,2,0,0,0,1,0,0
2025/11/13 17:23,clusterA,0,4,2,2,0.29,0.18,0,0.82,0.18,0
2025/11/13 17:23,clusterB,0,4,2,2,0,0,0,1,0,0
2025/11/13 17:23,clusterA,0,4,2,2,0.31,0.18,0,0.82,0.18,0
2025/11/13 17:23,clusterB,0,4,2,2,0,0,0,1,0,0
2025/11/13 17:23,clusterA,0,4,2,2,0.32,0.18,0,0.82,0.18,0
2025/11/13 17:23,clusterB,0,4,2,2,0,0,0,1,0,0
2025/11/13 17:23,clusterA,0,4,2,2,0.31,0.18,0,0.82,0.18,0
2025/11/13 17:23,clusterB,0,4,2,2,0,0,0,1,0,0
2025/11/13 17:24,clusterA,0,4,2,2,0.31,0.19,0,0.81,0.19,0
2025/11/13 17:24,clusterB,0,4,2,2,0,0,0,1,0,0
2025/11/13 17:24,clusterA,0,4,2,2,0.32,0.19,0,0.81,0.19,0
2025/11/13 17:24,clusterB,0,4,2,2,0,0,0,1,0,0
2025/11/13 17:24,clusterA,0,4,2,2,0.32,0.19,0,0.81,0.19,0
2025/11/13 17:24,clusterB,0,4,2,2,0,0,0,1,0,0
2025/11/13 17:24,clusterA,0,4,2,2,0.34,0.19,0,0.81,0.19,0
2025/11/13 17:24,clusterB,0,4,2,2,0,0,0,1,0,0
2025/11/13 17:24,clusterA,0,4,2,2,0.34,0.19,0,0.81,0.19,0
2025/11/13 17:24,clusterB,0,4,2,2,0,0,0,1,0,0
2025/11/13 17:24,clusterA,0,4,2,2,0.35,0.19,0,0.81,0.19,0
2025/11/13 17:24,clusterB,0,4,2,2,0,0,0,1,0,0
2025/11/13 17:24,clusterA,1,4,3,1,0.34,0.19,0.25,0.56,0.19,0.25
2025/11/13 17:24,clusterB,1,4,2,2,0,0,0.25,0.75,0,0.25
2025/11/13 17:24,clusterA,0,4,3,1,0.34,0.19,0,0.81,0.19,0
2025/11/13 17:24,clusterB,0,4,4,0,0,0,0,1,0,0
2025/11/13 17:24,clusterA,0,4,3,1,0.34,0.19,0,0.81,0.19,0
2025/11/13 17:24,clusterB,0,4,4,0,0,0,0,1,0,0
2025/11/13 17:24,clusterA,0,4,3,1,0.35,0.19,0,0.81,0.19,0
2025/11/13 17:24,clusterB,0,4,4,0,0,0,0,1,0,0
2025/11/13 17:24,clusterA,0,4,3,1,0.35,0.19,0,0.81,0.19,0
2025/11/13 17:24,clusterB,0,4,4,0,0,0,0,1,0,0
2025/11/13 17:24,clusterA,0,4,3,1,0.36,0.2,0,0.8,0.2,0
2025/11/13 17:24,clusterB,0,4,4,0,0,0,0,1,0,0
2025/11/13 17:25,clusterA,0,4,3,1,0.38,0.2,0,0.8,0.2,0
2025/11/13 17:25,clusterB,0,4,4,0,0,0,0,1,0,0
2025/11/13 17:25,clusterA,0,4,3,1,0.4,0.2,0,0.8,0.2,0
2025/11/13 17:25,clusterB,0,4,4,0,0,0,0,1,0,0
2025/11/13 17:25,clusterA,0,4,3,1,0.4,0.21,0,0.79,0.21,0
2025/11/13 17:25,clusterB,0,4,4,0,0,0,0,1,0,0
2025/11/13 17:25,clusterA,0,4,3,1,0.41,0.21,0,0.79,0.21,0
2025/11/13 17:25,clusterB,0,4,4,0,0,0,0,1,0,0
2025/11/13 17:25,clusterA,0,4,3,1,0.41,0.21,0,0.79,0.21,0
2025/11/13 17:25,clusterB,0,4,4,0,0,0,0,1,0,0
2025/11/13 17:25,clusterA,0,4,3,1,0.42,0.22,0,0.78,0.22,0
2025/11/13 17:25,clusterB,0,4,4,0,0,0,0,1,0,0
2025/11/13 17:25,clusterA,0,4,3,1,0.44,0.23,0,0.77,0.23,0
2025/11/13 17:25,clusterB,0,4,4,0,0,0,0,1,0,0
2025/11/13 17:25,clusterA,0,4,3,1,0.46,0.23,0,0.77,0.23,0
2025/11/13 17:25,clusterB,0,4,4,0,0,0,0,1,0,0
2025/11/13 17:25,clusterA,0,4,3,1,0.47,0.24,0,0.76,0.24,0
2025/11/13 17:25,clusterB,0,4,4,0,0,0,0,1,0,0
2025/11/13 17:25,clusterA,0,4,3,1,0.47,0.24,0,0.76,0.24,0
2025/11/13 17:25,clusterB,0,4,4,0,0,0,0,1,0,0
2025/11/13 17:25,clusterA,0,4,3,1,0.48,0.24,0,0.76,0.24,0
2025/11/13 17:25,clusterB,0,4,4,0,0,0,0,1,0,0
2025/11/13 17:25,clusterA,0,4,3,1,0.48,0.24,0,0.76,0.24,0
2025/11/13 17:25,clusterB,0,4,4,0,0,0,0,1,0,0
2025/11/13 17:26,clusterA,0,4,3,1,0.48,0.24,0,0.76,0.24,0
2025/11/13 17:26,clusterB,0,4,4,0,0,0,0,1,0,0
2025/11/13 17:26,clusterA,0,4,3,1,0.48,0.25,0,0.75,0.25,0
2025/11/13 17:26,clusterB,0,4,4,0,0,0,0,1,0,0
2025/11/13 17:26,clusterA,0,4,3,1,0.48,0.25,0,0.75,0.25,0
2025/11/13 17:26,clusterB,0,4,4,0,0,0,0,1,0,0
2025/11/13 17:26,clusterA,0,4,3,1,0.48,0.25,0,0.75,0.25,0
2025/11/13 17:26,clusterB,0,4,4,0,0,0,0,1,0,0
2025/11/13 17:26,clusterA,0,4,3,1,0.5,0.25,0,0.75,0.25,0
2025/11/13 17:26,clusterB,0,4,4,0,0,0,0,1,0,0
2025/11/13 17:26,clusterA,0,4,3,1,0.51,0.25,0,0.75,0.25,0
2025/11/13 17:26,clusterB,0,4,4,0,0,0,0,1,0,0
2025/11/13 17:26,clusterA,0,4,3,1,0.5,0.25,0,0.75,0.25,0
2025/11/13 17:26,clusterB,0,4,4,0,0,0,0,1,0,0
2025/11/13 17:26,clusterA,0,4,3,1,0.5,0.25,0,0.75,0.25,0
2025/11/13 17:26,clusterB,0,4,4,0,0,0,0,1,0,0
2025/11/13 17:26,clusterA,0,4,3,1,0.51,0.25,0,0.75,0.25,0
2025/11/13 17:26,clusterB,0,4,4,0,0,0,0,1,0,0
2025/11/13 17:26,clusterA,0,4,3,1,0.51,0.25,0,0.75,0.25,0
2025/11/13 17:26,clusterB,0,4,4,0,0,0,0,1,0,0
2025/11/13 17:26,clusterA,0,4,3,1,0.51,0.25,0,0.75,0.25,0
2025/11/13 17:26,clusterB,0,4,4,0,0,0,0,1,0,0
2025/11/13 17:26,clusterA,0,4,3,1,0.51,0.25,0,0.75,0.25,0
2025/11/13 17:26,clusterB,0,4,4,0,0,0,0,1,0,0
2025/11/13 17:27,clusterA,0,4,3,1,0.51,0.24,0,0.76,0.24,0
2025/11/13 17:27,clusterB,0,4,4,0,0,0,0,1,0,0
2025/11/13 17:27,clusterA,0,4,3,1,0.5,0.24,0,0.76,0.24,0
2025/11/13 17:27,clusterB,0,4,4,0,0,0,0,1,0,0
2025/11/13 17:27,clusterA,0,4,3,1,0.5,0.24,0,0.76,0.24,0
2025/11/13 17:27,clusterB,0,4,4,0,0,0,0,1,0,0
2025/11/13 17:27,clusterA,0,4,3,1,0.5,0.24,0,0.76,0.24,0
2025/11/13 17:27,clusterB,0,4,4,0,0,0,0,1,0,0
2025/11/13 17:27,clusterA,0,4,3,1,0.5,0.24,0,0.76,0.24,0
2025/11/13 17:27,clusterB,0,4,4,0,0,0,0,1,0,0
2025/11/13 17:27,clusterA,0,4,3,1,0.48,0.24,0,0.76,0.24,0
2025/11/13 17:27,clusterB,0,4,4,0,0,0,0,1,0,0
2025/11/13 17:27,clusterA,0,4,3,1,0.47,0.24,0,0.76,0.24,0
2025/11/13 17:27,clusterB,0,4,4,0,0,0,0,1,0,0
2025/11/13 17:27,clusterA,0,4,3,1,0.47,0.24,0,0.76,0.24,0
2025/11/13 17:27,clusterB,0,4,4,0,0,0,0,1,0,0
2025/11/13 17:27,clusterA,0,4,3,1,0.47,0.24,0,0.76,0.24,0
2025/11/13 17:27,clusterB,0,4,4,0,0,0,0,1,0,0
2025/11/13 17:27,clusterA,0,4,3,1,0.46,0.24,0,0.76,0.24,0
2025/11/13 17:27,clusterB,0,4,4,0,0,0,0,1,0,0
2025/11/13 17:27,clusterA,0,4,3,1,0.46,0.24,0,0.76,0.24,0
2025/11/13 17:27,clusterB,0,4,4,0,0,0,0,1,0,0
2025/11/13 17:27,clusterA,0,4,3,1,0.47,0.24,0,0.76,0.24,0
2025/11/13 17:27,clusterB,0,4,4,0,0,0,0,1,0,0
2025/11/13 17:28,clusterA,0,4,3,1,0.47,0.24,0,0.76,0.24,0
2025/11/13 17:28,clusterB,0,4,4,0,0,0,0,1,0,0
2025/11/13 17:28,clusterA,0,4,3,1,0.47,0.25,0,0.75,0.25,0
2025/11/13 17:28,clusterB,0,4,4,0,0,0,0,1,0,0
2025/11/13 17:28,clusterA,0,4,3,1,0.48,0.25,0,0.75,0.25,0
2025/11/13 17:28,clusterB,0,4,4,0,0,0,0,1,0,0
2025/11/13 17:28,clusterA,0,4,3,1,0.49,0.25,0,0.75,0.25,0
2025/11/13 17:28,clusterB,0,4,4,0,0,0,0,1,0,0
2025/11/13 17:28,clusterA,0,4,3,1,0.49,0.25,0,0.75,0.25,0
2025/11/13 17:28,clusterB,0,4,4,0,0,0,0,1,0,0
2025/11/13 17:28,clusterA,0,4,3,1,0.49,0.25,0,0.75,0.25,0
2025/11/13 17:28,clusterB,0,4,4,0,0,0,0,1,0,0
2025/11/13 17:28,clusterA,0,4,3,1,0.49,0.24,0,0.76,0.24,0
2025/11/13 17:28,clusterB,0,4,4,0,0,0,0,1,0,0
2025/11/13 17:28,clusterA,0,4,3,1,0.49,0.24,0,0.76,0.24,0
2025/11/13 17:28,clusterB,0,4,4,0,0,0,0,1,0,0
2025/11/13 17:28,clusterA,0,4,3,1,0.49,0.24,0,0.76,0.24,0
2025/11/13 17:28,clusterB,0,4,4,0,0,0,0,1,0,0
2025/11/13 17:28,clusterA,0,4,3,1,0.49,0.24,0,0.76,0.24,0
2025/11/13 17:28,clusterB,0,4,4,0,0,0,0,1,0,0
2025/11/13 17:28,clusterA,0,4,3,1,0.49,0.24,0,0.76,0.24,0
2025/11/13 17:28,clusterB,0,4,4,0,0,0,0,1,0,0
2025/11/13 17:28,clusterA,0,4,3,1,0.48,0.24,0,0.76,0.24,0
2025/11/13 17:28,clusterB,0,4,4,0,0,0,0,1,0,0
2025/11/13 17:29,clusterA,0,4,3,1,0.48,0.24,0,0.76,0.24,0
2025/11/13 17:29,clusterB,0,4,4,0,0,0,0,1,0,0
2025/11/13 17:29,clusterA,0,4,3,1,0.48,0.24,0,0.76,0.24,0
2025/11/13 17:29,clusterB,0,4,4,0,0,0,0,1,0,0
2025/11/13 17:29,clusterA,0,4,3,1,0.45,0.23,0,0.77,0.23,0
2025/11/13 17:29,clusterB,0,4,4,0,0,0,0,1,0,0
2025/11/13 17:29,clusterA,0,4,3,1,0.44,0.23,0,0.77,0.23,0
2025/11/13 17:29,clusterB,0,4,4,0,0,0,0,1,0,0
2025/11/13 17:29,clusterA,0,4,3,1,0.44,0.23,0,0.77,0.23,0
2025/11/13 17:29,clusterB,0,4,4,0,0,0,0,1,0,0
2025/11/13 17:29,clusterA,0,4,3,1,0.44,0.23,0,0.77,0.23,0
2025/11/13 17:29,clusterB,0,4,4,0,0,0,0,1,0,0
2025/11/13 17:29,clusterA,0,4,3,1,0.45,0.24,0,0.76,0.24,0
2025/11/13 17:29,clusterB,0,4,4,0,0,0,0,1,0,0
2025/11/13 17:29,clusterA,0,4,3,1,0.46,0.24,0,0.76,0.24,0
2025/11/13 17:29,clusterB,0,4,4,0,0,0,0,1,0,0
2025/11/13 17:29,clusterA,0,4,3,1,0.46,0.24,0,0.76,0.24,0
2025/11/13 17:29,clusterB,0,4,4,0,0,0,0,1,0,0
2025/11/13 17:29,clusterA,0,4,3,1,0.45,0.24,0,0.76,0.24,0
2025/11/13 17:29,clusterB,0,4,4,0,0,0,0,1,0,0
2025/11/13 17:29,clusterA,0,4,3,1,0.46,0.24,0,0.76,0.24,0
2025/11/13 17:29,clusterB,0,4,4,0,0,0,0,1,0,0
2025/11/13 17:29,clusterA,0,4,3,1,0.46,0.24,0,0.76,0.24,0
2025/11/13 17:29,clusterB,0,4,4,0,0,0,0,1,0,0
2025/11/13 17:30,clusterA,0,4,3,1,0.46,0.24,0,0.76,0.24,0
2025/11/13 17:30,clusterB,0,4,4,0,0,0,0,1,0,0
2025/11/13 17:30,clusterA,0,4,3,1,0.46,0.24,0,0.76,0.24,0
2025/11/13 17:30,clusterB,0,4,4,0,0,0,0,1,0,0
2025/11/13 17:30,clusterA,0,4,3,1,0.49,0.25,0,0.75,0.25,0
2025/11/13 17:30,clusterB,0,4,4,0,0,0,0,1,0,0
2025/11/13 17:30,clusterA,0,4,3,1,0.5,0.25,0,0.75,0.25,0
2025/11/13 17:30,clusterB,0,4,4,0,0,0,0,1,0,0
2025/11/13 17:30,clusterA,0,4,3,1,0.51,0.25,0,0.75,0.25,0
2025/11/13 17:30,clusterB,0,4,4,0,0,0,0,1,0,0
2025/11/13 17:30,clusterA,0,4,3,1,0.51,0.25,0,0.75,0.25,0
2025/11/13 17:30,clusterB,0,4,4,0,0,0,0,1,0,0
2025/11/13 17:30,clusterA,0,4,3,1,0.52,0.25,0,0.75,0.25,0
2025/11/13 17:30,clusterB,0,4,4,0,0,0,0,1,0,0
2025/11/13 17:30,clusterA,0,4,3,1,0.52,0.26,0,0.74,0.26,0
2025/11/13 17:30,clusterB,0,4,4,0,0,0,0,1,0,0
2025/11/13 17:30,clusterA,0,4,3,1,0.52,0.26,0,0.74,0.26,0
2025/11/13 17:30,clusterB,0,4,4,0,0,0,0,1,0,0
2025/11/13 17:30,clusterA,0,4,3,1,0.52,0.26,0,0.74,0.26,0
2025/11/13 17:30,clusterB,0,4,4,0,0,0,0,1,0,0
2025/11/13 17:30,clusterA,0,4,3,1,0.52,0.26,0,0.74,0.26,0
2025/11/13 17:30,clusterB,0,4,4,0,0,0,0,1,0,0
2025/11/13 17:30,clusterA,0,4,3,1,0.51,0.25,0,0.75,0.25,0
2025/11/13 17:30,clusterB,0,4,4,0,0,0,0,1,0,0
2025/11/13 17:31,clusterA,0,4,3,1,0.5,0.25,0,0.75,0.25,0
2025/11/13 17:31,clusterB,0,4,4,0,0,0,0,1,0,0
2025/11/13 17:31,clusterA,0,4,3,1,0.5,0.25,0,0.75,0.25,0
2025/11/13 17:31,clusterB,0,4,4,0,0,0,0,1,0,0
2025/11/13 17:31,clusterA,0,4,3,1,0.49,0.25,0,0.75,0.25,0
2025/11/13 17:31,clusterB,0,4,4,0,0,0,0,1,0,0
2025/11/13 17:31,clusterA,0,4,3,1,0.47,0.24,0,0.76,0.24,0
2025/11/13 17:31,clusterB,0,4,4,0,0,0,0,1,0,0
2025/11/13 17:31,clusterA,0,4,3,1,0.46,0.24,0,0.76,0.24,0
2025/11/13 17:31,clusterB,0,4,4,0,0,0,0,1,0,0
2025/11/13 17:31,clusterA,0,4,3,1,0.46,0.24,0,0.76,0.24,0
2025/11/13 17:31,clusterB,0,4,4,0,0,0,0,1,0,0
2025/11/13 17:31,clusterA,0,4,3,1,0.45,0.24,0,0.76,0.24,0
2025/11/13 17:31,clusterB,0,4,4,0,0,0,0,1,0,0
2025/11/13 17:31,clusterA,0,4,3,1,0.44,0.24,0,0.76,0.24,0
2025/11/13 17:31,clusterB,0,4,4,0,0,0,0,1,0,0
2025/11/13 17:31,clusterA,0,4,3,1,0.43,0.24,0,0.76,0.24,0
2025/11/13 17:31,clusterB,0,4,4,0,0,0,0,1,0,0
2025/11/13 17:31,clusterA,0,4,3,1,0.43,0.24,0,0.76,0.24,0
2025/11/13 17:31,clusterB,0,4,4,0,0,0,0,1,0,0
2025/11/13 17:31,clusterA,0,4,3,1,0.44,0.24,0,0.76,0.24,0
2025/11/13 17:31,clusterB,0,4,4,0,0,0,0,1,0,0
2025/11/13 17:31,clusterA,0,4,3,1,0.44,0.24,0,0.76,0.24,0
2025/11/13 17:31,clusterB,0,4,4,0,0,0,0,1,0,0
2025/11/13 17:32,clusterA,0,4,3,1,0.45,0.24,0,0.76,0.24,0
2025/11/13 17:32,clusterB,0,4,4,0,0,0,0,1,0,0
2025/11/13 17:32,clusterA,0,4,3,1,0.45,0.24,0,0.76,0.24,0
2025/11/13 17:32,clusterB,0,4,4,0,0,0,0,1,0,0
2025/11/13 17:32,clusterA,1,4,3,1,0.45,0.24,0.25,0.51,0.24,0.25
2025/11/13 17:32,clusterB,1,4,4,0,0,0,0.25,0.75,0,0.25
2025/11/13 17:32,clusterA,1,4,3,1,0.45,0.25,0.25,0.5,0.25,0.25
2025/11/13 17:32,clusterB,1,4,4,0,0,0,0.25,0.75,0,0.25
2025/11/13 17:32,clusterA,1,4,3,1,0.46,0.25,0.25,0.5,0.25,0.25
2025/11/13 17:32,clusterB,1,4,4,0,0,0,0.25,0.75,0,0.25
2025/11/13 17:32,clusterA,1,4,3,1,0.47,0.25,0.25,0.5,0.25,0.25
2025/11/13 17:32,clusterB,1,4,4,0,0,0,0.25,0.75,0,0.25
2025/11/13 17:32,clusterA,1,4,3,1,0.48,0.25,0.25,0.5,0.25,0.25
2025/11/13 17:32,clusterB,1,4,4,0,0,0,0.25,0.75,0,0.25
2025/11/13 17:32,clusterA,1,4,3,1,0.48,0.25,0.25,0.5,0.25,0.25
2025/11/13 17:32,clusterB,1,4,4,0,0,0,0.25,0.75,0,0.25
2025/11/13 17:32,clusterA,1,4,3,1,0.49,0.25,0.25,0.5,0.25,0.25
2025/11/13 17:32,clusterB,1,4,4,0,0,0,0.25,0.75,0,0.25
2025/11/13 17:32,clusterA,1,4,3,1,0.49,0.25,0.25,0.5,0.25,0.25
2025/11/13 17:32,clusterB,1,4,4,0,0,0,0.25,0.75,0,0.25
2025/11/13 17:32,clusterA,1,4,3,1,0.49,0.25,0.25,0.5,0.25,0.25
2025/11/13 17:32,clusterB,1,4,4,0,0,0,0.25,0.75,0,0.25
2025/11/13 17:32,clusterA,1,4,3,1,0.49,0.25,0.25,0.5,0.25,0.25
2025/11/13 17:32,clusterB,1,4,4,0,0,0,0.25,0.75,0,0.25
2025/11/13 17:33,clusterA,1,4,3,1,0.49,0.25,0.25,0.5,0.25,0.25
2025/11/13 17:33,clusterB,1,4,4,0,0,0,0.25,0.75,0,0.25
2025/11/13 17:33,clusterA,1,4,3,1,0.49,0.25,0.25,0.5,0.25,0.25
2025/11/13 17:33,clusterB,1,4,4,0,0,0,0.25,0.75,0,0.25
2025/11/13 17:33,clusterA,1,4,3,1,0.48,0.25,0.25,0.5,0.25,0.25
2025/11/13 17:33,clusterB,1,4,4,0,0,0,0.25,0.75,0,0.25
2025/11/13 17:33,clusterA,1,4,3,1,0.5,0.25,0.25,0.5,0.25,0.25
2025/11/13 17:33,clusterB,1,4,4,0,0,0,0.25,0.75,0,0.25
2025/11/13 17:33,clusterA,1,4,3,1,0.5,0.25,0.25,0.5,0.25,0.25
2025/11/13 17:33,clusterB,1,4,4,0,0,0,0.25,0.75,0,0.25
2025/11/13 17:33,clusterA,1,4,3,1,0.49,0.24,0.25,0.51,0.24,0.25
2025/11/13 17:33,clusterB,1,4,4,0,0,0,0.25,0.75,0,0.25
2025/11/13 17:33,clusterA,1,4,3,1,0.47,0.24,0.25,0.51,0.24,0.25
2025/11/13 17:33,clusterB,1,4,4,0,0,0,0.25,0.75,0,0.25
2025/11/13 17:33,clusterA,1,4,3,1,0.47,0.24,0.25,0.51,0.24,0.25
2025/11/13 17:33,clusterB,1,4,4,0,0,0,0.25,0.75,0,0.25
2025/11/13 17:33,clusterA,1,4,3,1,0.46,0.24,0.25,0.51,0.24,0.25
2025/11/13 17:33,clusterB,1,4,4,0,0,0,0.25,0.75,0,0.25
2025/11/13 17:33,clusterA,1,4,3,1,0.45,0.24,0.25,0.51,0.24,0.25
2025/11/13 17:33,clusterB,1,4,4,0,0,0,0.25,0.75,0,0.25
2025/11/13 17:33,clusterA,1,4,3,1,0.46,0.24,0.25,0.51,0.24,0.25
2025/11/13 17:33,clusterB,1,4,4,0,0,0,0.25,0.75,0,0.25
2025/11/13 17:33,clusterA,1,4,3,1,0.45,0.24,0.25,0.51,0.24,0.25
2025/11/13 17:33,clusterB,1,4,4,0,0,0,0.25,0.75,0,0.25
2025/11/13 17:34,clusterA,1,4,3,1,0.45,0.24,0.25,0.51,0.24,0.25
2025/11/13 17:34,clusterB,1,4,4,0,0,0,0.25,0.75,0,0.25
2025/11/13 17:34,clusterA,1,4,3,1,0.45,0.24,0.25,0.51,0.24,0.25
2025/11/13 17:34,clusterB,1,4,4,0,0,0,0.25,0.75,0,0.25
2025/11/13 17:34,clusterA,1,4,3,1,0.45,0.24,0.25,0.51,0.24,0.25
2025/11/13 17:34,clusterB,1,4,4,0,0,0,0.25,0.75,0,0.25
2025/11/13 17:34,clusterA,1,4,3,1,0.45,0.24,0.25,0.51,0.24,0.25
2025/11/13 17:34,clusterB,1,4,4,0,0,0,0.25,0.75,0,0.25
2025/11/13 17:34,clusterA,1,4,3,1,0.45,0.24,0.25,0.51,0.24,0.25
2025/11/13 17:34,clusterB,1,4,4,0,0,0,0.25,0.75,0,0.25
2025/11/13 17:34,clusterA,1,4,3,1,0.45,0.24,0.25,0.51,0.24,0.25
2025/11/13 17:34,clusterB,1,4,4,0,0,0,0.25,0.75,0,0.25
2025/11/13 17:34,clusterA,1,4,3,1,0.47,0.25,0.25,0.5,0.25,0.25
2025/11/13 17:34,clusterB,1,4,4,0,0,0,0.25,0.75,0,0.25
2025/11/13 17:34,clusterA,1,4,3,1,0.48,0.25,0.25,0.5,0.25,0.25
2025/11/13 17:34,clusterB,1,4,4,0,0,0,0.25,0.75,0,0.25
2025/11/13 17:34,clusterA,1,4,3,1,0.5,0.25,0.25,0.5,0.25,0.25
2025/11/13 17:34,clusterB,1,4,4,0,0,0,0.25,0.75,0,0.25
2025/11/13 17:34,clusterA,1,4,3,1,0.5,0.25,0.25,0.5,0.25,0.25
2025/11/13 17:34,clusterB,1,4,4,0,0,0,0.25,0.75,0,0.25
2025/11/13 17:34,clusterA,1,4,3,1,0.5,0.25,0.25,0.5,0.25,0.25
2025/11/13 17:34,clusterB,1,4,4,0,0,0,0.25,0.75,0,0.25
2025/11/13 17:34,clusterA,1,4,3,1,0.5,0.25,0.25,0.5,0.25,0.25
2025/11/13 17:34,clusterB,1,4,4,0,0,0,0.25,0.75,0,0.25
2025/11/13 17:35,clusterA,1,4,3,1,0.51,0.25,0.25,0.5,0.25,0.25
2025/11/13 17:35,clusterB,1,4,4,0,0,0,0.25,0.75,0,0.25
2025/11/13 17:35,clusterA,1,4,3,1,0.5,0.25,0.25,0.5,0.25,0.25
2025/11/13 17:35,clusterB,1,4,4,0,0,0,0.25,0.75,0,0.25
2025/11/13 17:35,clusterA,1,4,3,1,0.5,0.25,0.25,0.5,0.25,0.25
2025/11/13 17:35,clusterB,1,4,4,0,0,0,0.25,0.75,0,0.25
2025/11/13 17:35,clusterA,1,4,3,1,0.5,0.24,0.25,0.51,0.24,0.25
2025/11/13 17:35,clusterB,1,4,4,0,0,0,0.25,0.75,0,0.25
2025/11/13 17:35,clusterA,1,4,3,1,0.5,0.25,0.25,0.5,0.25,0.25
2025/11/13 17:35,clusterB,1,4,4,0,0,0,0.25,0.75,0,0.25
2025/11/13 17:35,clusterA,1,4,3,1,0.51,0.25,0.25,0.5,0.25,0.25
2025/11/13 17:35,clusterB,1,4,4,0,0,0,0.25,0.75,0,0.25
2025/11/13 17:35,clusterA,1,4,3,1,0.5,0.24,0.25,0.51,0.24,0.25
2025/11/13 17:35,clusterB,1,4,4,0,0,0,0.25,0.75,0,0.25
2025/11/13 17:35,clusterA,1,4,3,1,0.47,0.24,0.25,0.51,0.24,0.25
2025/11/13 17:35,clusterB,1,4,4,0,0,0,0.25,0.75,0,0.25
2025/11/13 17:35,clusterA,1,4,3,1,0.45,0.24,0.25,0.51,0.24,0.25
2025/11/13 17:35,clusterB,1,4,4,0,0,0,0.25,0.75,0,0.25
2025/11/13 17:35,clusterA,1,4,3,1,0.44,0.24,0.25,0.51,0.24,0.25
2025/11/13 17:35,clusterB,1,4,4,0,0,0,0.25,0.75,0,0.25
2025/11/13 17:35,clusterA,1,4,3,1,0.45,0.24,0.25,0.51,0.24,0.25
2025/11/13 17:35,clusterB,1,4,4,0,0,0,0.25,0.75,0,0.25
2025/11/13 17:35,clusterA,1,4,3,1,0.45,0.24,0.25,0.51,0.24,0.25
2025/11/13 17:35,clusterB,1,4,4,0,0,0,0.25,0.75,0,0.25
2025/11/13 17:36,clusterA,1,4,3,1,0.45,0.24,0.25,0.51,0.24,0.25
2025/11/13 17:36,clusterB,1,4,4,0,0,0,0.25,0.75,0,0.25
2025/11/13 17:36,clusterA,1,4,3,1,0.45,0.24,0.25,0.51,0.24,0.25
2025/11/13 17:36,clusterB,1,4,4,0,0,0,0.25,0.75,0,0.25
2025/11/13 17:36,clusterA,1,4,3,1,0.45,0.24,0.25,0.51,0.24,0.25
2025/11/13 17:36,clusterB,1,4,4,0,0,0,0.25,0.75,0,0.25
2025/11/13 17:36,clusterA,1,4,3,1,0.45,0.24,0.25,0.51,0.24,0.25
2025/11/13 17:36,clusterB,1,4,4,0,0,0,0.25,0.75,0,0.25
2025/11/13 17:36,clusterA,1,4,3,1,0.45,0.25,0.25,0.5,0.25,0.25
2025/11/13 17:36,clusterB,1,4,4,0,0,0,0.25,0.75,0,0.25
2025/11/13 17:36,clusterA,1,4,3,1,0.45,0.25,0.25,0.5,0.25,0.25
2025/11/13 17:36,clusterB,1,4,4,0,0,0,0.25,0.75,0,0.25
2025/11/13 17:36,clusterA,1,4,3,1,0.45,0.25,0.25,0.5,0.25,0.25
2025/11/13 17:36,clusterB,1,4,4,0,0,0,0.25,0.75,0,0.25
2025/11/13 17:36,clusterA,1,4,3,1,0.48,0.25,0.25,0.5,0.25,0.25
2025/11/13 17:36,clusterB,1,4,4,0,0,0,0.25,0.75,0,0.25
2025/11/13 17:36,clusterA,1,4,3,1,0.5,0.25,0.25,0.5,0.25,0.25
2025/11/13 17:36,clusterB,1,4,4,0,0,0,0.25,0.75,0,0.25
2025/11/13 17:36,clusterA,1,4,3,1,0.5,0.26,0.25,0.49,0.26,0.25
2025/11/13 17:36,clusterB,1,4,4,0,0,0,0.25,0.75,0,0.25
2025/11/13 17:36,clusterA,1,4,3,1,0.5,0.26,0.25,0.49,0.26,0.25
2025/11/13 17:36,clusterB,1,4,4,0,0,0,0.25,0.75,0,0.25
2025/11/13 17:36,clusterA,1,4,3,1,0.5,0.26,0.25,0.49,0.26,0.25
2025/11/13 17:36,clusterB,1,4,4,0,0,0,0.25,0.75,0,0.25
2025/11/13 17:37,clusterA,2,4,3,1,0.5,0.26,0.5,0.24,0.26,0.5
2025/11/13 17:37,clusterB,2,4,4,0,0,0,0.5,0.5,0,0.5
2025/11/13 17:37,clusterA,2,4,3,1,0.49,0.26,0.5,0.24,0.26,0.5
2025/11/13 17:37,clusterB,2,4,4,0,0,0,0.5,0.5,0,0.5
2025/11/13 17:37,clusterA,2,4,3,1,0.51,0.26,0.5,0.24,0.26,0.5
2025/11/13 17:37,clusterB,2,4,4,0,0,0,0.5,0.5,0,0.5
2025/11/13 17:37,clusterA,2,4,3,1,0.51,0.26,0.5,0.24,0.26,0.5
2025/11/13 17:37,clusterB,2,4,4,0,0,0,0.5,0.5,0,0.5
2025/11/13 17:37,clusterA,2,4,3,1,0.51,0.26,0.5,0.24,0.26,0.5
2025/11/13 17:37,clusterB,2,4,4,0,0,0,0.5,0.5,0,0.5
2025/11/13 17:37,clusterA,2,4,3,1,0.51,0.26,0.5,0.24,0.26,0.5
2025/11/13 17:37,clusterB,2,4,4,0,0,0,0.5,0.5,0,0.5
2025/11/13 17:37,clusterA,2,4,3,1,0.51,0.25,0.5,0.25,0.25,0.5
2025/11/13 17:37,clusterB,2,4,4,0,0,0,0.5,0.5,0,0.5
2025/11/13 17:37,clusterA,2,4,3,1,0.51,0.25,0.5,0.25,0.25,0.5
2025/11/13 17:37,clusterB,2,4,4,0,0,0,0.5,0.5,0,0.5
2025/11/13 17:37,clusterA,2,4,3,1,0.49,0.25,0.5,0.25,0.25,0.5
2025/11/13 17:37,clusterB,2,4,4,0,0,0,0.5,0.5,0,0.5
2025/11/13 17:37,clusterA,2,4,3,1,0.48,0.25,0.5,0.25,0.25,0.5
2025/11/13 17:37,clusterB,2,4,4,0,0,0,0.5,0.5,0,0.5
2025/11/13 17:37,clusterA,2,4,3,1,0.48,0.25,0.5,0.25,0.25,0.5
2025/11/13 17:37,clusterB,2,4,4,0,0,0,0.5,0.5,0,0.5
2025/11/13 17:37,clusterA,2,4,3,1,0.48,0.25,0.5,0.25,0.25,0.5
2025/11/13 17:37,clusterB,2,4,4,0,0,0,0.5,0.5,0,0.5
2025/11/13 17:38,clusterA,2,4,3,1,0.48,0.25,0.5,0.25,0.25,0.5
2025/11/13 17:38,clusterB,2,4,4,0,0,0,0.5,0.5,0,0.5
2025/11/13 17:38,clusterA,2,4,3,1,0.49,0.25,0.5,0.25,0.25,0.5
2025/11/13 17:38,clusterB,2,4,4,0,0,0,0.5,0.5,0,0.5
2025/11/13 17:38,clusterA,2,4,3,1,0.48,0.25,0.5,0.25,0.25,0.5
2025/11/13 17:38,clusterB,2,4,4,0,0,0,0.5,0.5,0,0.5
2025/11/13 17:38,clusterA,2,4,3,1,0.48,0.25,0.5,0.25,0.25,0.5
2025/11/13 17:38,clusterB,2,4,4,0,0,0,0.5,0.5,0,0.5
2025/11/13 17:38,clusterA,2,4,3,1,0.48,0.25,0.5,0.25,0.25,0.5
2025/11/13 17:38,clusterB,2,4,4,0,0,0,0.5,0.5,0,0.5
2025/11/13 17:38,clusterA,2,4,3,1,0.48,0.25,0.5,0.25,0.25,0.5
2025/11/13 17:38,clusterB,2,4,4,0,0,0,0.5,0.5,0,0.5
2025/11/13 17:38,clusterA,2,4,3,1,0.49,0.25,0.5,0.25,0.25,0.5
2025/11/13 17:38,clusterB,2,4,4,0,0,0,0.5,0.5,0,0.5
2025/11/13 17:38,clusterA,2,4,3,1,0.49,0.25,0.5,0.25,0.25,0.5
2025/11/13 17:38,clusterB,2,4,4,0,0,0,0.5,0.5,0,0.5
2025/11/13 17:38,clusterA,2,4,3,1,0.49,0.25,0.5,0.25,0.25,0.5
2025/11/13 17:38,clusterB,2,4,4,0,0,0,0.5,0.5,0,0.5
2025/11/13 17:38,clusterA,2,4,3,1,0.51,0.26,0.5,0.24,0.26,0.5
2025/11/13 17:38,clusterB,2,4,4,0,0,0,0.5,0.5,0,0.5
2025/11/13 17:38,clusterA,3,4,3,1,0.51,0.26,0.75,0,0.26,0.75
2025/11/13 17:38,clusterB,3,4,4,0,0,0,0.75,0.25,0,0.75
2025/11/13 17:38,clusterA,3,4,3,1,0.51,0.26,0.75,0,0.26,0.75
2025/11/13 17:38,clusterB,3,4,4,0,0,0,0.75,0.25,0,0.75
2025/11/13 17:39,clusterA,3,4,3,1,0.5,0.25,0.75,0,0.25,0.75
2025/11/13 17:39,clusterB,3,4,4,0,0,0,0.75,0.25,0,0.75
2025/11/13 17:39,clusterA,3,4,3,1,0.5,0.25,0.75,0,0.25,0.75
2025/11/13 17:39,clusterB,3,4,4,0,0,0,0.75,0.25,0,0.75
2025/11/13 17:39,clusterA,3,4,3,1,0.51,0.25,0.75,0,0.25,0.75
2025/11/13 17:39,clusterB,3,4,4,0,0,0,0.75,0.25,0,0.75
2025/11/13 17:39,clusterA,3,4,3,1,0.51,0.25,0.75,0,0.25,0.75
2025/11/13 17:39,clusterB,3,4,4,0,0,0,0.75,0.25,0,0.75
2025/11/13 17:39,clusterA,3,4,3,1,0.49,0.25,0.75,0,0.25,0.75
2025/11/13 17:39,clusterB,3,4,4,0,0,0,0.75,0.25,0,0.75
2025/11/13 17:39,clusterA,3,4,3,1,0.48,0.25,0.75,0,0.25,0.75
2025/11/13 17:39,clusterB,3,4,4,0,0,0,0.75,0.25,0,0.75
2025/11/13 17:39,clusterA,3,4,3,1,0.48,0.25,0.75,0,0.25,0.75
2025/11/13 17:39,clusterB,3,4,4,0,0,0,0.75,0.25,0,0.75
2025/11/13 17:39,clusterA,3,4,3,1,0.48,0.25,0.75,0,0.25,0.75
2025/11/13 17:39,clusterB,3,4,4,0,0,0,0.75,0.25,0,0.75
2025/11/13 17:39,clusterA,3,4,3,1,0.49,0.25,0.75,0,0.25,0.75
2025/11/13 17:39,clusterB,3,4,4,0,0,0,0.75,0.25,0,0.75
2025/11/13 17:39,clusterA,3,4,3,1,0.47,0.25,0.75,0,0.25,0.75
2025/11/13 17:39,clusterB,3,4,4,0,0,0,0.75,0.25,0,0.75
2025/11/13 17:39,clusterA,3,4,3,1,0.47,0.25,0.75,0,0.25,0.75
2025/11/13 17:39,clusterB,3,4,4,0,0,0,0.75,0.25,0,0.75
2025/11/13 17:39,clusterA,3,4,3,1,0.46,0.25,0.75,0,0.25,0.75
2025/11/13 17:39,clusterB,3,4,4,0,0,0,0.75,0.25,0,0.75
2025/11/13 17:40,clusterA,3,4,3,1,0.46,0.25,0.75,0,0.25,0.75
2025/11/13 17:40,clusterB,3,4,4,0,0,0,0.75,0.25,0,0.75
2025/11/13 17:40,clusterA,3,4,3,1,0.46,0.24,0.75,0.01,0.24,0.75
2025/11/13 17:40,clusterB,3,4,4,0,0,0,0.75,0.25,0,0.75
2025/11/13 17:40,clusterA,3,4,3,1,0.46,0.24,0.75,0.01,0.24,0.75
2025/11/13 17:40,clusterB,3,4,4,0,0,0,0.75,0.25,0,0.75
2025/11/13 17:40,clusterA,3,4,3,1,0.46,0.24,0.75,0.01,0.24,0.75
2025/11/13 17:40,clusterB,3,4,4,0,0,0,0.75,0.25,0,0.75
2025/11/13 17:40,clusterA,3,4,3,1,0.47,0.24,0.75,0.01,0.24,0.75
2025/11/13 17:40,clusterB,3,4,4,0,0,0,0.75,0.25,0,0.75
2025/11/13 17:40,clusterA,3,4,3,1,0.48,0.24,0.75,0.01,0.24,0.75
2025/11/13 17:40,clusterB,3,4,4,0,0,0,0.75,0.25,0,0.75
2025/11/13 17:40,clusterA,3,4,3,1,0.48,0.24,0.75,0.01,0.24,0.75
2025/11/13 17:40,clusterB,3,4,4,0,0,0,0.75,0.25,0,0.75
2025/11/13 17:40,clusterA,3,4,3,1,0.48,0.24,0.75,0.01,0.24,0.75
2025/11/13 17:40,clusterB,3,4,4,0,0,0,0.75,0.25,0,0.75
2025/11/13 17:40,clusterA,3,4,3,1,0.48,0.24,0.75,0.01,0.24,0.75
2025/11/13 17:40,clusterB,3,4,4,0,0,0,0.75,0.25,0,0.75
2025/11/13 17:40,clusterA,3,4,3,1,0.5,0.24,0.75,0.01,0.24,0.75
2025/11/13 17:40,clusterB,3,4,4,0,0,0,0.75,0.25,0,0.75
2025/11/13 17:40,clusterA,3,4,3,1,0.5,0.25,0.75,0,0.25,0.75
2025/11/13 17:40,clusterB,3,4,4,0,0,0,0.75,0.25,0,0.75
2025/11/13 17:40,clusterA,4,4,3,1,0.51,0.25,1,0,0.25,1
2025/11/13 17:40,clusterB,4,4,4,0,0,0,1,0,0,1
2025/11/13 17:41,clusterA,4,4,3,1,0.51,0.25,1,0,0.25,1
2025/11/13 17:41,clusterB,4,4,4,0,0,0,1,0,0,1
2025/11/13 17:41,clusterA,4,4,3,1,0.5,0.25,1,0,0.25,1
2025/11/13 17:41,clusterB,4,4,4,0,0,0,1,0,0,1
2025/11/13 17:41,clusterA,4,4,3,1,0.5,0.25,1,0,0.25,1
2025/11/13 17:41,clusterB,4,4,4,0,0,0,1,0,0,1
2025/11/13 17:41,clusterA,4,4,3,1,0.5,0.25,1,0,0.25,1
2025/11/13 17:41,clusterB,4,4,4,0,0,0,1,0,0,1
2025/11/13 17:41,clusterA,4,4,3,1,0.49,0.25,1,0,0.25,1
2025/11/13 17:41,clusterB,4,4,4,0,0,0,1,0,0,1
2025/11/13 17:41,clusterA,4,4,3,1,0.49,0.25,1,0,0.25,1
2025/11/13 17:41,clusterB,4,4,4,0,0,0,1,0,0,1
2025/11/13 17:41,clusterA,4,4,3,1,0.49,0.25,1,0,0.25,1
2025/11/13 17:41,clusterB,4,4,4,0,0,0,1,0,0,1
2025/11/13 17:41,clusterA,4,4,3,1,0.49,0.25,1,0,0.25,1
2025/11/13 17:41,clusterB,4,4,4,0,0,0,1,0,0,1
2025/11/13 17:41,clusterA,4,4,3,1,0.49,0.25,1,0,0.25,1
2025/11/13 17:41,clusterB,4,4,4,0,0,0,1,0,0,1
2025/11/13 17:41,clusterA,4,4,3,1,0.49,0.24,1,0,0.24,1
2025/11/13 17:41,clusterB,4,4,4,0,0,0,1,0,0,1
2025/11/13 17:41,clusterA,4,4,3,1,0.48,0.24,1,0,0.24,1
2025/11/13 17:41,clusterB,4,4,4,0,0,0,1,0,0,1
2025/11/13 17:41,clusterA,4,4,3,1,0.48,0.24,1,0,0.24,1
2025/11/13 17:41,clusterB,4,4,4,0,0,0,1,0,0,1
2025/11/13 17:42,clusterA,4,4,3,1,0.47,0.24,1,0,0.24,1
2025/11/13 17:42,clusterB,4,4,4,0,0,0,1,0,0,1
2025/11/13 17:42,clusterA,4,4,3,1,0.47,0.24,1,0,0.24,1
2025/11/13 17:42,clusterB,4,4,4,0,0,0,1,0,0,1
2025/11/13 17:42,clusterA,4,4,3,1,0.49,0.24,1,0,0.24,1
2025/11/13 17:42,clusterB,4,4,4,0,0,0,1,0,0,1
2025/11/13 17:42,clusterA,4,4,3,1,0.49,0.24,1,0,0.24,1
2025/11/13 17:42,clusterB,4,4,4,0,0,0,1,0,0,1
2025/11/13 17:42,clusterA,4,4,3,1,0.5,0.24,1,0,0.24,1
2025/11/13 17:42,clusterB,4,4,4,0,0,0,1,0,0,1
2025/11/13 17:42,clusterA,4,4,3,1,0.49,0.24,1,0,0.24,1
2025/11/13 17:42,clusterB,4,4,4,0,0,0,1,0,0,1
2025/11/13 17:42,clusterA,4,4,3,1,0.49,0.25,1,0,0.25,1
2025/11/13 17:42,clusterB,4,4,4,0,0,0,1,0,0,1
2025/11/13 17:42,clusterA,4,4,3,1,0.49,0.25,1,0,0.25,1
2025/11/13 17:42,clusterB,4,4,4,0,0,0,1,0,0,1
2025/11/13 17:42,clusterA,4,4,3,1,0.49,0.25,1,0,0.25,1
2025/11/13 17:42,clusterB,4,4,4,0,0,0,1,0,0,1
2025/11/13 17:42,clusterA,4,4,3,1,0.49,0.25,1,0,0.25,1
2025/11/13 17:42,clusterB,4,4,4,0,0,0,1,0,0,1
2025/11/13 17:42,clusterA,4,4,3,1,0.5,0.25,1,0,0.25,1
2025/11/13 17:42,clusterB,4,4,4,0,0,0,1,0,0,1
2025/11/13 17:42,clusterA,4,4,3,1,0.51,0.26,1,0,0.26,1
2025/11/13 17:42,clusterB,4,4,4,0,0,0,1,0,0,1
2025/11/13 17:43,clusterA,4,4,3,1,0.52,0.26,1,0,0.26,1
2025/11/13 17:43,clusterB,4,4,4,0,0,0,1,0,0,1
2025/11/13 17:43,clusterA,4,4,3,1,0.51,0.25,1,0,0.25,1
2025/11/13 17:43,clusterB,4,4,4,0,0,0,1,0,0,1
2025/11/13 17:43,clusterA,4,4,3,1,0.51,0.25,1,0,0.25,1
2025/11/13 17:43,clusterB,4,4,4,0,0,0,1,0,0,1
2025/11/13 17:43,clusterA,4,4,3,1,0.51,0.25,1,0,0.25,1
2025/11/13 17:43,clusterB,4,4,4,0,0,0,1,0,0,1
2025/11/13 17:43,clusterA,4,4,3,1,0.5,0.25,1,0,0.25,1
2025/11/13 17:43,clusterB,4,4,4,0,0,0,1,0,0,1
2025/11/13 17:43,clusterA,4,4,3,1,0.52,0.25,1,0,0.25,1
2025/11/13 17:43,clusterB,4,4,4,0,0,0,1,0,0,1
2025/11/13 17:43,clusterA,4,4,3,1,0.53,0.25,1,0,0.25,1
2025/11/13 17:43,clusterB,4,4,4,0,0,0,1,0,0,1
2025/11/13 17:43,clusterA,4,4,3,1,0.52,0.25,1,0,0.25,1
2025/11/13 17:43,clusterB,4,4,4,0,0,0,1,0,0,1
2025/11/13 17:43,clusterA,4,4,3,1,0.52,0.25,1,0,0.25,1
2025/11/13 17:43,clusterB,4,4,4,0,0,0,1,0,0,1
2025/11/13 17:43,clusterA,4,4,3,1,0.52,0.25,1,0,0.25,1
2025/11/13 17:43,clusterB,4,4,4,0,0,0,1,0,0,1
2025/11/13 17:43,clusterA,4,4,3,1,0.51,0.24,1,0,0.24,1
2025/11/13 17:43,clusterB,4,4,4,0,0,0,1,0,0,1
2025/11/13 17:43,clusterA,4,4,3,1,0.49,0.24,1,0,0.24,1
2025/11/13 17:43,clusterB,4,4,4,0,0,0,1,0,0,1
2025/11/13 17:44,clusterA,4,4,3,1,0.47,0.24,1,0,0.24,1
2025/11/13 17:44,clusterB,4,4,4,0,0,0,1,0,0,1
2025/11/13 17:44,clusterA,4,4,3,1,0.47,0.24,1,0,0.24,1
2025/11/13 17:44,clusterB,4,4,4,0,0,0,1,0,0,1
2025/11/13 17:44,clusterA,4,4,3,1,0.47,0.24,1,0,0.24,1
2025/11/13 17:44,clusterB,4,4,4,0,0,0,1,0,0,1
2025/11/13 17:44,clusterA,4,4,3,1,0.46,0.24,1,0,0.24,1
2025/11/13 17:44,clusterB,4,4,4,0,0,0,1,0,0,1
2025/11/13 17:44,clusterA,4,4,3,1,0.47,0.24,1,0,0.24,1
2025/11/13 17:44,clusterB,4,4,4,0,0,0,1,0,0,1
2025/11/13 17:44,clusterA,4,4,3,1,0.47,0.24,1,0,0.24,1
2025/11/13 17:44,clusterB,4,4,4,0,0,0,1,0,0,1
2025/11/13 17:44,clusterA,4,4,3,1,0.47,0.24,1,0,0.24,1
2025/11/13 17:44,clusterB,4,4,4,0,0,0,1,0,0,1
2025/11/13 17:44,clusterA,4,4,3,1,0.48,0.24,1,0,0.24,1
2025/11/13 17:44,clusterB,4,4,4,0,0,0,1,0,0,1
2025/11/13 17:44,clusterA,4,4,3,1,0.48,0.25,1,0,0.25,1
2025/11/13 17:44,clusterB,4,4,4,0,0,0,1,0,0,1
2025/11/13 17:44,clusterA,4,4,3,1,0.48,0.25,1,0,0.25,1
2025/11/13 17:44,clusterB,4,4,4,0,0,0,1,0,0,1
2025/11/13 17:44,clusterA,4,4,3,1,0.49,0.25,1,0,0.25,1
2025/11/13 17:44,clusterB,4,4,4,0,0,0,1,0,0,1
2025/11/13 17:44,clusterA,4,4,3,1,0.5,0.25,1,0,0.25,1
2025/11/13 17:44,clusterB,4,4,4,0,0,0,1,0,0,1
2025/11/13 17:45,clusterA,4,4,3,1,0.5,0.25,1,0,0.25,1
2025/11/13 17:45,clusterB,4,4,4,0,0,0,1,0,0,1
2025/11/13 17:45,clusterA,4,4,3,1,0.5,0.25,1,0,0.25,1
2025/11/13 17:45,clusterB,4,4,4,0,0,0,1,0,0,1
2025/11/13 17:45,clusterA,4,4,3,1,0.5,0.25,1,0,0.25,1
2025/11/13 17:45,clusterB,4,4,4,0,0,0,1,0,0,1
2025/11/13 17:45,clusterA,4,4,3,1,0.49,0.25,1,0,0.25,1
2025/11/13 17:45,clusterB,4,4,4,0,0,0,1,0,0,1
2025/11/13 17:45,clusterA,4,4,3,1,0.49,0.25,1,0,0.25,1
2025/11/13 17:45,clusterB,4,4,4,0,0,0,1,0,0,1
2025/11/13 17:45,clusterA,4,4,3,1,0.49,0.25,1,0,0.25,1
2025/11/13 17:45,clusterB,4,4,4,0,0,0,1,0,0,1
2025/11/13 17:45,clusterA,4,4,3,1,0.49,0.25,1,0,0.25,1
2025/11/13 17:45,clusterB,4,4,4,0,0,0,1,0,0,1
2025/11/13 17:45,clusterA,4,4,3,1,0.49,0.25,1,0,0.25,1
2025/11/13 17:45,clusterB,4,4,4,0,0,0,1,0,0,1
2025/11/13 17:45,clusterA,4,4,3,1,0.49,0.25,1,0,0.25,1
2025/11/13 17:45,clusterB,4,4,4,0,0,0,1,0,0,1
2025/11/13 17:45,clusterA,4,4,3,1,0.49,0.25,1,0,0.25,1
2025/11/13 17:45,clusterB,4,4,4,0,0,0,1,0,0,1
2025/11/13 17:45,clusterA,4,4,3,1,0.48,0.25,1,0,0.25,1
2025/11/13 17:45,clusterB,4,4,4,0,0,0,1,0,0,1
2025/11/13 17:45,clusterA,4,4,3,1,0.46,0.24,1,0,0.24,1
2025/11/13 17:45,clusterB,4,4,4,0,0,0,1,0,0,1
2025/11/13 17:46,clusterA,4,4,3,1,0.46,0.24,1,0,0.24,1
2025/11/13 17:46,clusterB,4,4,4,0,0,0,1,0,0,1
2025/11/13 17:46,clusterA,4,4,3,1,0.45,0.24,1,0,0.24,1
2025/11/13 17:46,clusterB,4,4,4,0,0,0,1,0,0,1
2025/11/13 17:46,clusterA,4,4,3,1,0.45,0.24,1,0,0.24,1
2025/11/13 17:46,clusterB,4,4,4,0,0,0,1,0,0,1
2025/11/13 17:46,clusterA,4,4,3,1,0.44,0.24,1,0,0.24,1
2025/11/13 17:46,clusterB,4,4,4,0,0,0,1,0,0,1
2025/11/13 17:46,clusterA,4,4,3,1,0.44,0.24,1,0,0.24,1
2025/11/13 17:46,clusterB,4,4,4,0,0,0,1,0,0,1
2025/11/13 17:46,clusterA,4,4,3,1,0.45,0.24,1,0,0.24,1
2025/11/13 17:46,clusterB,4,4,4,0,0,0,1,0,0,1
2025/11/13 17:46,clusterA,4,4,3,1,0.45,0.24,1,0,0.24,1
2025/11/13 17:46,clusterB,4,4,4,0,0,0,1,0,0,1
2025/11/13 17:46,clusterA,4,4,3,1,0.44,0.24,1,0,0.24,1
2025/11/13 17:46,clusterB,4,4,4,0,0,0,1,0,0,1
2025/11/13 17:46,clusterA,4,4,3,1,0.44,0.24,1,0,0.24,1
2025/11/13 17:46,clusterB,4,4,4,0,0,0,1,0,0,1
2025/11/13 17:46,clusterA,4,4,3,1,0.44,0.24,1,0,0.24,1
2025/11/13 17:46,clusterB,4,4,4,0,0,0,1,0,0,1
2025/11/13 17:46,clusterA,4,4,3,1,0.45,0.24,1,0,0.24,1
2025/11/13 17:46,clusterB,4,4,4,0,0,0,1,0,0,1
2025/11/13 17:46,clusterA,4,4,3,1,0.45,0.24,1,0,0.24,1
2025/11/13 17:46,clusterB,4,4,4,0,0,0,1,0,0,1
2025/11/13 17:47,clusterA,4,4,3,1,0.47,0.25,1,0,0.25,1
2025/11/13 17:47,clusterB,4,4,4,0,0,0,1,0,0,1
2025/11/13 17:47,clusterA,4,4,3,1,0.49,0.25,1,0,0.25,1
2025/11/13 17:47,clusterB,4,4,4,0,0,0,1,0,0,1
2025/11/13 17:47,clusterA,4,4,3,1,0.5,0.25,1,0,0.25,1
2025/11/13 17:47,clusterB,4,4,4,0,0,0,1,0,0,1
2025/11/13 17:47,clusterA,4,4,3,1,0.5,0.25,1,0,0.25,1
2025/11/13 17:47,clusterB,4,4,4,0,0,0,1,0,0,1
2025/11/13 17:47,clusterA,4,4,3,1,0.51,0.25,1,0,0.25,1
2025/11/13 17:47,clusterB,4,4,4,0,0,0,1,0,0,1
2025/11/13 17:47,clusterA,4,4,3,1,0.51,0.25,1,0,0.25,1
2025/11/13 17:47,clusterB,4,4,4,0,0,0,1,0,0,1
2025/11/13 17:47,clusterA,4,4,3,1,0.5,0.25,1,0,0.25,1
2025/11/13 17:47,clusterB,4,4,4,0,0,0,1,0,0,1
2025/11/13 17:47,clusterA,4,4,3,1,0.5,0.25,1,0,0.25,1
2025/11/13 17:47,clusterB,4,4,4,0,0,0,1,0,0,1
2025/11/13 17:47,clusterA,4,4,3,1,0.5,0.25,1,0,0.25,1
2025/11/13 17:47,clusterB,4,4,4,0,0,0,1,0,0,1
2025/11/13 17:47,clusterA,4,4,3,1,0.49,0.25,1,0,0.25,1
2025/11/13 17:47,clusterB,4,4,4,0,0,0,1,0,0,1
2025/11/13 17:47,clusterA,4,4,3,1,0.48,0.25,1,0,0.25,1
2025/11/13 17:47,clusterB,4,4,4,0,0,0,1,0,0,1
2025/11/13 17:47,clusterA,4,4,3,1,0.48,0.25,1,0,0.25,1
2025/11/13 17:47,clusterB,4,4,4,0,0,0,1,0,0,1
2025/11/13 17:48,clusterA,4,4,3,1,0.47,0.24,1,0,0.24,1
2025/11/13 17:48,clusterB,4,4,4,0,0,0,1,0,0,1
2025/11/13 17:48,clusterA,4,4,3,1,0.45,0.24,1,0,0.24,1
2025/11/13 17:48,clusterB,4,4,4,0,0,0,1,0,0,1
2025/11/13 17:48,clusterA,4,4,3,1,0.46,0.24,1,0,0.24,1
2025/11/13 17:48,clusterB,4,4,4,0,0,0,1,0,0,1
2025/11/13 17:48,clusterA,4,4,3,1,0.45,0.24,1,0,0.24,1
2025/11/13 17:48,clusterB,4,4,4,0,0,0,1,0,0,1
2025/11/13 17:48,clusterA,4,4,3,1,0.45,0.24,1,0,0.24,1
2025/11/13 17:48,clusterB,4,4,4,0,0,0,1,0,0,1
2025/11/13 17:48,clusterA,4,4,3,1,0.45,0.24,1,0,0.24,1
2025/11/13 17:48,clusterB,4,4,4,0,0,0,1,0,0,1
2025/11/13 17:48,clusterA,4,4,3,1,0.46,0.24,1,0,0.24,1
2025/11/13 17:48,clusterB,4,4,4,0,0,0,1,0,0,1
2025/11/13 17:48,clusterA,4,4,3,1,0.46,0.24,1,0,0.24,1
2025/11/13 17:48,clusterB,4,4,4,0,0,0,1,0,0,1
2025/11/13 17:48,clusterA,4,4,3,1,0.47,0.24,1,0,0.24,1
2025/11/13 17:48,clusterB,4,4,4,0,0,0,1,0,0,1
2025/11/13 17:48,clusterA,4,4,3,1,0.46,0.23,1,0,0.23,1
2025/11/13 17:48,clusterB,4,4,4,0,0,0,1,0,0,1
2025/11/13 17:48,clusterA,4,4,3,1,0.42,0.23,1,0,0.23,1
2025/11/13 17:48,clusterB,4,4,4,0,0,0,1,0,0,1
2025/11/13 17:48,clusterA,4,4,3,1,0.43,0.23,1,0,0.23,1
2025/11/13 17:48,clusterB,4,4,4,0,0,0,1,0,0,1
2025/11/13 17:49,clusterA,4,4,3,1,0.43,0.24,1,0,0.24,1
2025/11/13 17:49,clusterB,4,4,4,0,0,0,1,0,0,1
2025/11/13 17:49,clusterA,4,4,3,1,0.44,0.24,1,0,0.24,1
2025/11/13 17:49,clusterB,4,4,4,0,0,0,1,0,0,1
2025/11/13 17:49,clusterA,4,4,3,1,0.44,0.24,1,0,0.24,1
2025/11/13 17:49,clusterB,4,4,4,0,0,0,1,0,0,1
2025/11/13 17:49,clusterA,4,4,3,1,0.46,0.24,1,0,0.24,1
2025/11/13 17:49,clusterB,4,4,4,0,0,0,1,0,0,1
2025/11/13 17:49,clusterA,4,4,3,1,0.46,0.24,1,0,0.24,1
2025/11/13 17:49,clusterB,4,4,4,0,0,0,1,0,0,1
2025/11/13 17:49,clusterA,4,4,3,1,0.46,0.24,1,0,0.24,1
2025/11/13 17:49,clusterB,4,4,4,0,0,0,1,0,0,1
2025/11/13 17:49,clusterA,4,4,3,1,0.46,0.24,1,0,0.24,1
2025/11/13 17:49,clusterB,4,4,4,0,0,0,1,0,0,1
2025/11/13 17:49,clusterA,4,4,3,1,0.45,0.24,1,0,0.24,1
2025/11/13 17:49,clusterB,4,4,4,0,0,0,1,0,0,1
2025/11/13 17:49,clusterA,4,4,3,1,0.45,0.24,1,0,0.24,1
2025/11/13 17:49,clusterB,4,4,4,0,0,0,1,0,0,1
2025/11/13 17:49,clusterA,4,4,3,1,0.47,0.25,1,0,0.25,1
2025/11/13 17:49,clusterB,4,4,4,0,0,0,1,0,0,1
2025/11/13 17:49,clusterA,4,4,3,1,0.5,0.25,1,0,0.25,1
2025/11/13 17:49,clusterB,4,4,4,0,0,0,1,0,0,1
2025/11/13 17:49,clusterA,4,4,3,1,0.5,0.25,1,0,0.25,1
2025/11/13 17:49,clusterB,4,4,4,0,0,0,1,0,0,1
2025/11/13 17:50,clusterA,4,4,3,1,0.5,0.25,1,0,0.25,1
2025/11/13 17:50,clusterB,4,4,4,0,0,0,1,0,0,1
2025/11/13 17:50,clusterA,4,4,3,1,0.48,0.24,1,0,0.24,1
2025/11/13 17:50,clusterB,4,4,4,0,0,0,1,0,0,1
2025/11/13 17:50,clusterA,4,4,2,2,0.46,0.24,1,0,0.24,1
2025/11/13 17:50,clusterB,4,4,4,0,0,0,1,0,0,1
2025/11/13 17:50,clusterA,4,4,2,2,0.43,0.23,1,0,0.23,1
2025/11/13 17:50,clusterB,4,4,4,0,0,0,1,0,0,1
2025/11/13 17:50,clusterA,4,4,2,2,0.41,0.22,1,0,0.22,1
2025/11/13 17:50,clusterB,4,4,4,0,0,0,1,0,0,1
2025/11/13 17:50,clusterA,4,4,2,2,0.39,0.22,1,0,0.22,1
2025/11/13 17:50,clusterB,4,4,4,0,0,0,1,0,0,1
2025/11/13 17:50,clusterA,4,4,2,2,0.38,0.21,1,0,0.21,1
2025/11/13 17:50,clusterB,4,4,4,0,0,0,1,0,0,1
2025/11/13 17:50,clusterA,4,4,2,2,0.36,0.21,1,0,0.21,1
2025/11/13 17:50,clusterB,4,4,4,0,0,0,1,0,0,1
2025/11/13 17:50,clusterA,4,4,2,2,0.36,0.2,1,0,0.2,1
2025/11/13 17:50,clusterB,4,4,4,0,0,0,1,0,0,1
2025/11/13 17:50,clusterA,4,4,2,2,0.34,0.2,1,0,0.2,1
2025/11/13 17:50,clusterB,4,4,4,0,0,0,1,0,0,1
2025/11/13 17:50,clusterA,4,4,2,2,0.33,0.2,1,0,0.2,1
2025/11/13 17:50,clusterB,4,4,4,0,0,0,1,0,0,1
2025/11/13 17:50,clusterA,4,4,2,2,0.32,0.19,1,0,0.19,1
2025/11/13 17:50,clusterB,4,4,4,0,0,0,1,0,0,1
2025/11/13 17:51,clusterA,4,4,2,2,0.31,0.19,1,0,0.19,1
2025/11/13 17:51,clusterB,4,4,4,0,0,0,1,0,0,1
2025/11/13 17:51,clusterA,4,4,2,2,0.32,0.19,1,0,0.19,1
2025/11/13 17:51,clusterB,4,4,4,0,0,0,1,0,0,1
2025/11/13 17:51,clusterA,4,4,2,2,0.32,0.19,1,0,0.19,1
2025/11/13 17:51,clusterB,4,4,4,0,0,0,1,0,0,1
2025/11/13 17:51,clusterA,4,4,2,2,0.32,0.19,1,0,0.19,1
2025/11/13 17:51,clusterB,4,4,4,0,0,0,1,0,0,1
2025/11/13 17:51,clusterA,4,4,2,2,0.33,0.19,1,0,0.19,1
2025/11/13 17:51,clusterB,4,4,4,0,0,0,1,0,0,1
2025/11/13 17:51,clusterA,4,4,2,2,0.34,0.19,1,0,0.19,1
2025/11/13 17:51,clusterB,4,4,4,0,0,0,1,0,0,1
2025/11/13 17:51,clusterA,4,4,2,2,0.34,0.19,1,0,0.19,1
2025/11/13 17:51,clusterB,4,4,4,0,0,0,1,0,0,1
2025/11/13 17:51,clusterA,4,4,2,2,0.34,0.19,1,0,0.19,1
2025/11/13 17:51,clusterB,4,4,4,0,0,0,1,0,0,1
2025/11/13 17:51,clusterA,4,4,2,2,0.32,0.18,1,0,0.18,1
2025/11/13 17:51,clusterB,4,4,4,0,0,0,1,0,0,1
2025/11/13 17:51,clusterA,4,4,2,2,0.29,0.18,1,0,0.18,1
2025/11/13 17:51,clusterB,4,4,4,0,0,0,1,0,0,1
2025/11/13 17:51,clusterA,4,4,2,2,0.3,0.18,1,0,0.18,1
2025/11/13 17:51,clusterB,4,4,4,0,0,0,1,0,0,1
2025/11/13 17:51,clusterA,4,4,2,2,0.29,0.18,1,0,0.18,1
2025/11/13 17:51,clusterB,4,4,4,0,0,0,1,0,0,1
2025/11/13 17:52,clusterA,4,4,2,2,0.29,0.18,1,0,0.18,1
2025/11/13 17:52,clusterB,4,4,4,0,0,0,1,0,0,1
2025/11/13 17:52,clusterA,4,4,2,2,0.29,0.18,1,0,0.18,1
2025/11/13 17:52,clusterB,4,4,4,0,0,0,1,0,0,1
2025/11/13 17:52,clusterA,4,4,2,2,0.29,0.17,1,0,0.17,1
2025/11/13 17:52,clusterB,4,4,4,0,0,0,1,0,0,1
2025/11/13 17:52,clusterA,4,4,2,2,0.28,0.17,1,0,0.17,1
2025/11/13 17:52,clusterB,4,4,4,0,0,0,1,0,0,1
2025/11/13 17:52,clusterA,4,4,2,2,0.26,0.17,1,0,0.17,1
2025/11/13 17:52,clusterB,4,4,4,0,0,0,1,0,0,1
2025/11/13 17:52,clusterA,4,4,2,2,0.25,0.17,1,0,0.17,1
2025/11/13 17:52,clusterB,4,4,4,0,0,0,1,0,0,1
2025/11/13 17:52,clusterA,4,4,2,2,0.25,0.17,1,0,0.17,1
2025/11/13 17:52,clusterB,4,4,4,0,0,0,1,0,0,1
2025/11/13 17:52,clusterA,4,4,2,2,0.25,0.17,1,0,0.17,1
2025/11/13 17:52,clusterB,4,4,4,0,0,0,1,0,0,1
2025/11/13 17:52,clusterA,4,4,2,2,0.27,0.18,1,0,0.18,1
2025/11/13 17:52,clusterB,4,4,4,0,0,0,1,0,0,1
2025/11/13 17:52,clusterA,4,4,2,2,0.3,0.18,1,0,0.18,1
2025/11/13 17:52,clusterB,4,4,4,0,0,0,1,0,0,1
2025/11/13 17:52,clusterA,4,4,2,2,0.3,0.18,1,0,0.18,1
2025/11/13 17:52,clusterB,4,4,4,0,0,0,1,0,0,1
2025/11/13 17:52,clusterA,4,4,2,2,0.3,0.18,1,0,0.18,1
2025/11/13 17:52,clusterB,4,4,4,0,0,0,1,0,0,1
2025/11/13 17:53,clusterA,4,4,2,2,0.3,0.18,1,0,0.18,1
2025/11/13 17:53,clusterB,4,4,4,0,0,0,1,0,0,1
2025/11/13 17:53,clusterA,4,4,2,2,0.3,0.18,1,0,0.18,1
2025/11/13 17:53,clusterB,4,4,4,0,0,0,1,0,0,1
2025/11/13 17:53,clusterA,4,4,2,2,0.31,0.19,1,0,0.19,1
2025/11/13 17:53,clusterB,4,4,4,0,0,0,1,0,0,1
2025/11/13 17:53,clusterA,4,4,2,2,0.32,0.19,1,0,0.19,1
2025/11/13 17:53,clusterB,4,4,4,0,0,0,1,0,0,1
2025/11/13 17:53,clusterA,4,4,2,2,0.34,0.19,1,0,0.19,1
2025/11/13 17:53,clusterB,4,4,4,0,0,0,1,0,0,1
2025/11/13 17:53,clusterA,4,4,2,2,0.35,0.19,1,0,0.19,1
2025/11/13 17:53,clusterB,4,4,4,0,0,0,1,0,0,1
2025/11/13 17:53,clusterA,4,4,2,2,0.35,0.19,1,0,0.19,1
2025/11/13 17:53,clusterB,4,4,4,0,0,0,1,0,0,1
2025/11/13 17:53,clusterA,5,4,2,2,0.35,0.19,1,0,0.19,1
2025/11/13 17:53,clusterB,5,4,4,0,0,0,1,0,0,1
2025/11/13 17:53,clusterA,5,4,2,2,0.35,0.19,1,0,0.19,1
2025/11/13 17:53,clusterB,5,4,4,0,0,0,1,0,0,1
2025/11/13 17:53,clusterA,5,4,2,2,0.35,0.19,1,0,0.19,1
2025/11/13 17:53,clusterB,5,4,4,0,0,0,1,0,0,1
2025/11/13 17:53,clusterA,5,4,2,2,0.34,0.19,1,0,0.19,1
2025/11/13 17:53,clusterB,5,4,4,0,0,0,1,0,0,1
2025/11/13 17:53,clusterA,5,4,2,2,0.34,0.19,1,0,0.19,1
2025/11/13 17:53,clusterB,5,4,4,0,0,0,1,0,0,1
2025/11/13 17:54,clusterA,5,4,2,2,0.33,0.19,1,0,0.19,1
2025/11/13 17:54,clusterB,5,4,4,0,0,0,1,0,0,1
2025/11/13 17:54,clusterA,5,4,2,2,0.32,0.19,1,0,0.19,1
2025/11/13 17:54,clusterB,5,4,4,0,0,0,1,0,0,1
2025/11/13 17:54,clusterA,5,4,2,2,0.31,0.18,1,0,0.18,1
2025/11/13 17:54,clusterB,5,4,4,0,0,0,1,0,0,1
2025/11/13 17:54,clusterA,5,4,2,2,0.29,0.18,1,0,0.18,1
2025/11/13 17:54,clusterB,5,4,4,0,0,0,1,0,0,1
2025/11/13 17:54,clusterA,5,4,2,2,0.29,0.18,1,0,0.18,1
2025/11/13 17:54,clusterB,5,4,4,0,0,0,1,0,0,1
2025/11/13 17:54,clusterA,5,4,2,2,0.27,0.18,1,0,0.18,1
2025/11/13 17:54,clusterB,5,4,4,0,0,0,1,0,0,1
2025/11/13 17:54,clusterA,5,4,2,2,0.27,0.18,1,0,0.18,1
2025/11/13 17:54,clusterB,5,4,4,0,0,0,1,0,0,1
2025/11/13 17:54,clusterA,5,4,2,2,0.27,0.18,1,0,0.18,1
2025/11/13 17:54,clusterB,5,4,4,0,0,0,1,0,0,1
2025/11/13 17:54,clusterA,5,4,2,2,0.27,0.18,1,0,0.18,1
2025/11/13 17:54,clusterB,5,4,4,0,0,0,1,0,0,1
2025/11/13 17:54,clusterA,5,4,2,2,0.27,0.18,1,0,0.18,1
2025/11/13 17:54,clusterB,5,4,4,0,0,0,1,0,0,1
2025/11/13 17:54,clusterA,5,4,2,2,0.27,0.18,1,0,0.18,1
2025/11/13 17:54,clusterB,5,4,4,0,0,0,1,0,0,1
2025/11/13 17:54,clusterA,5,4,2,2,0.27,0.18,1,0,0.18,1
2025/11/13 17:54,clusterB,5,4,4,0,0,0,1,0,0,1
2025/11/13 17:55,clusterA,5,4,2,2,0.27,0.18,1,0,0.18,1
2025/11/13 17:55,clusterB,5,4,4,0,0,0,1,0,0,1
2025/11/13 17:55,clusterA,5,4,2,2,0.28,0.18,1,0,0.18,1
2025/11/13 17:55,clusterB,5,4,4,0,0,0,1,0,0,1
2025/11/13 17:55,clusterA,5,4,2,2,0.28,0.18,1,0,0.18,1
2025/11/13 17:55,clusterB,5,4,4,0,0,0,1,0,0,1
2025/11/13 17:55,clusterA,5,4,2,2,0.31,0.19,1,0,0.19,1
2025/11/13 17:55,clusterB,5,4,4,0,0,0,1,0,0,1
2025/11/13 17:55,clusterA,5,4,2,2,0.31,0.19,1,0,0.19,1
2025/11/13 17:55,clusterB,5,4,4,0,0,0,1,0,0,1
2025/11/13 17:55,clusterA,5,4,2,2,0.32,0.19,1,0,0.19,1
2025/11/13 17:55,clusterB,5,4,4,0,0,0,1,0,0,1
2025/11/13 17:55,clusterA,5,4,2,2,0.32,0.19,1,0,0.19,1
2025/11/13 17:55,clusterB,5,4,4,0,0,0,1,0,0,1
2025/11/13 17:55,clusterA,5,4,2,2,0.32,0.19,1,0,0.19,1
2025/11/13 17:55,clusterB,5,4,4,0,0,0,1,0,0,1
2025/11/13 17:55,clusterA,6,4,2,2,0.32,0.19,1,0,0.19,1
2025/11/13 17:55,clusterB,6,4,4,0,0,0,1,0,0,1
2025/11/13 17:55,clusterA,6,4,2,2,0.32,0.19,1,0,0.19,1
2025/11/13 17:55,clusterB,6,4,4,0,0,0,1,0,0,1
2025/11/13 17:55,clusterA,6,4,2,2,0.32,0.19,1,0,0.19,1
2025/11/13 17:55,clusterB,6,4,4,0,0,0,1,0,0,1
2025/11/13 17:55,clusterA,6,4,2,2,0.33,0.19,1,0,0.19,1
2025/11/13 17:55,clusterB,6,4,4,0,0,0,1,0,0,1
2025/11/13 17:56,clusterA,6,4,2,2,0.34,0.19,1,0,0.19,1
2025/11/13 17:56,clusterB,6,4,4,0,0,0,1,0,0,1
2025/11/13 17:56,clusterA,6,4,2,2,0.34,0.19,1,0,0.19,1
2025/11/13 17:56,clusterB,6,4,4,0,0,0,1,0,0,1
2025/11/13 17:56,clusterA,6,4,2,2,0.34,0.19,1,0,0.19,1
2025/11/13 17:56,clusterB,6,4,4,0,0,0,1,0,0,1
2025/11/13 17:56,clusterA,6,4,2,2,0.34,0.18,1,0,0.18,1
2025/11/13 17:56,clusterB,6,4,4,0,0,0,1,0,0,1
2025/11/13 17:56,clusterA,6,4,2,2,0.32,0.18,1,0,0.18,1
2025/11/13 17:56,clusterB,6,4,4,0,0,0,1,0,0,1
2025/11/13 17:56,clusterA,6,4,2,2,0.32,0.18,1,0,0.18,1
2025/11/13 17:56,clusterB,6,4,4,0,0,0,1,0,0,1
2025/11/13 17:56,clusterA,6,4,2,2,0.32,0.18,1,0,0.18,1
2025/11/13 17:56,clusterB,6,4,4,0,0,0,1,0,0,1
2025/11/13 17:56,clusterA,6,4,2,2,0.3,0.18,1,0,0.18,1
2025/11/13 17:56,clusterB,6,4,4,0,0,0,1,0,0,1
2025/11/13 17:56,clusterA,6,4,2,2,0.3,0.18,1,0,0.18,1
2025/11/13 17:56,clusterB,6,4,4,0,0,0,1,0,0,1
2025/11/13 17:56,clusterA,6,4,2,2,0.3,0.18,1,0,0.18,1
2025/11/13 17:56,clusterB,6,4,4,0,0,0,1,0,0,1
2025/11/13 17:56,clusterA,7,4,2,2,0.3,0.18,1,0,0.18,1
2025/11/13 17:56,clusterB,7,4,4,0,0,0,1,0,0,1
2025/11/13 17:56,clusterA,7,4,2,2,0.3,0.18,1,0,0.18,1
2025/11/13 17:56,clusterB,7,4,4,0,0,0,1,0,0,1
2025/11/13 17:57,clusterA,7,4,2,2,0.3,0.18,1,0,0.18,1
2025/11/13 17:57,clusterB,7,4,4,0,0,0,1,0,0,1
2025/11/13 17:57,clusterA,7,4,2,2,0.3,0.18,1,0,0.18,1
2025/11/13 17:57,clusterB,7,4,4,0,0,0,1,0,0,1
2025/11/13 17:57,clusterA,7,4,2,2,0.3,0.18,1,0,0.18,1
2025/11/13 17:57,clusterB,7,4,4,0,0,0,1,0,0,1
2025/11/13 17:57,clusterA,7,4,2,2,0.3,0.18,1,0,0.18,1
2025/11/13 17:57,clusterB,7,4,4,0,0,0,1,0,0,1
2025/11/13 17:57,clusterA,7,4,2,2,0.31,0.18,1,0,0.18,1
2025/11/13 17:57,clusterB,7,4,4,0,0,0,1,0,0,1
2025/11/13 17:57,clusterA,7,4,2,2,0.3,0.18,1,0,0.18,1
2025/11/13 17:57,clusterB,7,4,4,0,0,0,1,0,0,1
2025/11/13 17:57,clusterA,7,4,2,2,0.3,0.18,1,0,0.18,1
2025/11/13 17:57,clusterB,7,4,4,0,0,0,1,0,0,1
2025/11/13 17:57,clusterA,7,4,2,2,0.33,0.18,1,0,0.18,1
2025/11/13 17:57,clusterB,7,4,4,0,0,0,1,0,0,1
2025/11/13 17:57,clusterA,7,4,2,2,0.33,0.18,1,0,0.18,1
2025/11/13 17:57,clusterB,7,4,4,0,0,0,1,0,0,1
2025/11/13 17:57,clusterA,7,4,2,2,0.33,0.18,1,0,0.18,1
2025/11/13 17:57,clusterB,7,4,4,0,0,0,1,0,0,1
2025/11/13 17:57,clusterA,7,4,2,2,0.33,0.18,1,0,0.18,1
2025/11/13 17:57,clusterB,7,4,4,0,0,0,1,0,0,1
2025/11/13 17:57,clusterA,7,4,2,2,0.32,0.18,1,0,0.18,1
2025/11/13 17:57,clusterB,7,4,4,0,0,0,1,0,0,1
2025/11/13 17:58,clusterA,7,4,2,2,0.32,0.18,1,0,0.18,1
2025/11/13 17:58,clusterB,7,4,4,0,0,0,1,0,0,1
2025/11/13 17:58,clusterA,7,4,2,2,0.32,0.18,1,0,0.18,1
2025/11/13 17:58,clusterB,7,4,4,0,0,0,1,0,0,1
2025/11/13 17:58,clusterA,7,4,2,2,0.32,0.18,1,0,0.18,1
2025/11/13 17:58,clusterB,7,4,4,0,0,0,1,0,0,1
2025/11/13 17:58,clusterA,7,4,2,2,0.31,0.18,1,0,0.18,1
2025/11/13 17:58,clusterB,7,4,4,0,0,0,1,0,0,1
2025/11/13 17:58,clusterA,7,4,2,2,0.31,0.18,1,0,0.18,1
2025/11/13 17:58,clusterB,7,4,4,0,0,0,1,0,0,1
2025/11/13 17:58,clusterA,7,4,2,2,0.32,0.18,1,0,0.18,1
2025/11/13 17:58,clusterB,7,4,4,0,0,0,1,0,0,1
2025/11/13 17:58,clusterA,7,4,2,2,0.32,0.18,1,0,0.18,1
2025/11/13 17:58,clusterB,7,4,4,0,0,0,1,0,0,1
2025/11/13 17:58,clusterA,7,4,2,2,0.31,0.18,1,0,0.18,1
2025/11/13 17:58,clusterB,7,4,4,0,0,0,1,0,0,1
2025/11/13 17:58,clusterA,7,4,2,2,0.3,0.18,1,0,0.18,1
2025/11/13 17:58,clusterB,7,4,4,0,0,0,1,0,0,1
2025/11/13 17:58,clusterA,7,4,2,2,0.29,0.18,1,0,0.18,1
2025/11/13 17:58,clusterB,7,4,4,0,0,0,1,0,0,1
2025/11/13 17:58,clusterA,7,4,2,2,0.29,0.18,1,0,0.18,1
2025/11/13 17:58,clusterB,7,4,4,0,0,0,1,0,0,1
2025/11/13 17:58,clusterA,7,4,2,2,0.3,0.18,1,0,0.18,1
2025/11/13 17:58,clusterB,7,4,4,0,0,0,1,0,0,1
2025/11/13 17:59,clusterA,7,4,2,2,0.3,0.18,1,0,0.18,1
2025/11/13 17:59,clusterB,7,4,4,0,0,0,1,0,0,1
2025/11/13 17:59,clusterA,7,4,2,2,0.3,0.18,1,0,0.18,1
2025/11/13 17:59,clusterB,7,4,4,0,0,0,1,0,0,1
2025/11/13 17:59,clusterA,7,4,2,2,0.3,0.18,1,0,0.18,1
2025/11/13 17:59,clusterB,7,4,4,0,0,0,1,0,0,1
2025/11/13 17:59,clusterA,7,4,2,2,0.3,0.18,1,0,0.18,1
2025/11/13 17:59,clusterB,7,4,4,0,0,0,1,0,0,1
2025/11/13 17:59,clusterA,7,4,2,2,0.31,0.18,1,0,0.18,1
2025/11/13 17:59,clusterB,7,4,4,0,0,0,1,0,0,1
2025/11/13 17:59,clusterA,7,4,2,2,0.31,0.19,1,0,0.19,1
2025/11/13 17:59,clusterB,7,4,4,0,0,0,1,0,0,1
2025/11/13 17:59,clusterA,7,4,2,2,0.31,0.19,1,0,0.19,1
2025/11/13 17:59,clusterB,7,4,4,0,0,0,1,0,0,1
2025/11/13 17:59,clusterA,7,4,2,2,0.31,0.19,1,0,0.19,1
2025/11/13 17:59,clusterB,7,4,4,0,0,0,1,0,0,1
2025/11/13 17:59,clusterA,7,4,2,2,0.33,0.19,1,0,0.19,1
2025/11/13 17:59,clusterB,7,4,4,0,0,0,1,0,0,1
2025/11/13 17:59,clusterA,7,4,2,2,0.34,0.19,1,0,0.19,1
2025/11/13 17:59,clusterB,7,4,4,0,0,0,1,0,0,1
2025/11/13 17:59,clusterA,7,4,2,2,0.34,0.19,1,0,0.19,1
2025/11/13 17:59,clusterB,7,4,4,0,0,0,1,0,0,1
2025/11/13 17:59,clusterA,7,4,2,2,0.34,0.19,1,0,0.19,1
2025/11/13 17:59,clusterB,7,4,4,0,0,0,1,0,0,1
2025/11/13 18:00,clusterA,7,4,2,2,0.34,0.19,1,0,0.19,1
2025/11/13 18:00,clusterB,7,4,4,0,0,0,1,0,0,1
2025/11/13 18:00,clusterA,7,4,2,2,0.33,0.19,1,0,0.19,1
2025/11/13 18:00,clusterB,7,4,4,0,0,0,1,0,0,1
2025/11/13 18:00,clusterA,7,4,2,2,0.33,0.19,1,0,0.19,1
2025/11/13 18:00,clusterB,7,4,4,0,0,0,1,0,0,1
2025/11/13 18:00,clusterA,7,4,2,2,0.32,0.19,1,0,0.19,1
2025/11/13 18:00,clusterB,7,4,4,0,0,0,1,0,0,1
2025/11/13 18:00,clusterA,7,4,2,2,0.31,0.18,1,0,0.18,1
2025/11/13 18:00,clusterB,7,4,4,0,0,0,1,0,0,1
2025/11/13 18:00,clusterA,7,4,2,2,0.31,0.18,1,0,0.18,1
2025/11/13 18:00,clusterB,7,4,4,0,0,0,1,0,0,1
2025/11/13 18:00,clusterA,7,4,2,2,0.32,0.18,1,0,0.18,1
2025/11/13 18:00,clusterB,7,4,4,0,0,0,1,0,0,1
2025/11/13 18:00,clusterA,7,4,2,2,0.32,0.18,1,0,0.18,1
2025/11/13 18:00,clusterB,7,4,4,0,0,0,1,0,0,1
2025/11/13 18:00,clusterA,7,4,2,2,0.32,0.18,1,0,0.18,1
2025/11/13 18:00,clusterB,7,4,4,0,0,0,1,0,0,1
2025/11/13 18:00,clusterA,7,4,2,2,0.3,0.18,1,0,0.18,1
2025/11/13 18:00,clusterB,7,4,4,0,0,0,1,0,0,1
2025/11/13 18:00,clusterA,7,4,2,2,0.29,0.18,1,0,0.18,1
2025/11/13 18:00,clusterB,7,4,4,0,0,0,1,0,0,1
2025/11/13 18:00,clusterA,7,4,2,2,0.29,0.18,1,0,0.18,1
2025/11/13 18:00,clusterB,7,4,4,0,0,0,1,0,0,1
2025/11/13 18:01,clusterA,7,4,2,2,0.29,0.18,1,0,0.18,1
2025/11/13 18:01,clusterB,7,4,4,0,0,0,1,0,0,1
2025/11/13 18:01,clusterA,7,4,2,2,0.29,0.18,1,0,0.18,1
2025/11/13 18:01,clusterB,7,4,4,0,0,0,1,0,0,1
2025/11/13 18:01,clusterA,7,4,2,2,0.29,0.18,1,0,0.18,1
2025/11/13 18:01,clusterB,7,4,4,0,0,0,1,0,0,1
2025/11/13 18:01,clusterA,7,4,2,2,0.29,0.18,1,0,0.18,1
2025/11/13 18:01,clusterB,7,4,4,0,0,0,1,0,0,1
2025/11/13 18:01,clusterA,7,4,2,2,0.3,0.18,1,0,0.18,1
2025/11/13 18:01,clusterB,7,4,4,0,0,0,1,0,0,1
2025/11/13 18:01,clusterA,7,4,2,2,0.31,0.18,1,0,0.18,1
2025/11/13 18:01,clusterB,7,4,4,0,0,0,1,0,0,1
2025/11/13 18:01,clusterA,7,4,2,2,0.31,0.18,1,0,0.18,1
2025/11/13 18:01,clusterB,7,4,4,0,0,0,1,0,0,1
2025/11/13 18:01,clusterA,7,4,2,2,0.31,0.19,1,0,0.19,1
2025/11/13 18:01,clusterB,7,4,4,0,0,0,1,0,0,1
2025/11/13 18:01,clusterA,7,4,2,2,0.31,0.19,1,0,0.19,1
2025/11/13 18:01,clusterB,7,4,4,0,0,0,1,0,0,1
2025/11/13 18:01,clusterA,7,4,2,2,0.3,0.19,1,0,0.19,1
2025/11/13 18:01,clusterB,7,4,4,0,0,0,1,0,0,1
2025/11/13 18:01,clusterA,7,4,2,2,0.32,0.19,1,0,0.19,1
2025/11/13 18:01,clusterB,7,4,4,0,0,0,1,0,0,1
2025/11/13 18:01,clusterA,7,4,2,2,0.33,0.19,1,0,0.19,1
2025/11/13 18:01,clusterB,7,4,4,0,0,0,1,0,0,1
2025/11/13 18:02,clusterA,7,4,2,2,0.33,0.19,1,0,0.19,1
2025/11/13 18:02,clusterB,7,4,4,0,0,0,1,0,0,1
2025/11/13 18:02,clusterA,7,4,2,2,0.33,0.19,1,0,0.19,1
2025/11/13 18:02,clusterB,7,4,4,0,0,0,1,0,0,1
2025/11/13 18:02,clusterA,7,4,2,2,0.33,0.19,1,0,0.19,1
2025/11/13 18:02,clusterB,7,4,4,0,0,0,1,0,0,1
2025/11/13 18:02,clusterA,7,4,2,2,0.33,0.19,1,0,0.19,1
2025/11/13 18:02,clusterB,7,4,4,0,0,0,1,0,0,1
2025/11/13 18:02,clusterA,7,4,2,2,0.34,0.18,1,0,0.18,1
2025/11/13 18:02,clusterB,7,4,4,0,0,0,1,0,0,1
2025/11/13 18:02,clusterA,7,4,2,2,0.34,0.18,1,0,0.18,1
2025/11/13 18:02,clusterB,7,4,4,0,0,0,1,0,0,1
2025/11/13 18:02,clusterA,7,4,2,2,0.33,0.18,1,0,0.18,1
2025/11/13 18:02,clusterB,7,4,4,0,0,0,1,0,0,1
2025/11/13 18:02,clusterA,7,4,2,2,0.33,0.18,1,0,0.18,1
2025/11/13 18:02,clusterB,7,4,4,0,0,0,1,0,0,1
2025/11/13 18:02,clusterA,7,4,2,2,0.31,0.18,1,0,0.18,1
2025/11/13 18:02,clusterB,7,4,4,0,0,0,1,0,0,1
2025/11/13 18:02,clusterA,7,4,2,2,0.31,0.18,1,0,0.18,1
2025/11/13 18:02,clusterB,7,4,4,0,0,0,1,0,0,1
2025/11/13 18:02,clusterA,7,4,2,2,0.31,0.18,1,0,0.18,1
2025/11/13 18:02,clusterB,7,4,4,0,0,0,1,0,0,1
2025/11/13 18:02,clusterA,7,4,2,2,0.31,0.18,1,0,0.18,1
2025/11/13 18:02,clusterB,7,4,4,0,0,0,1,0,0,1
2025/11/13 18:03,clusterA,7,4,2,2,0.31,0.17,1,0,0.17,1
2025/11/13 18:03,clusterB,7,4,4,0,0,0,1,0,0,1
2025/11/13 18:03,clusterA,7,4,2,2,0.29,0.17,1,0,0.17,1
2025/11/13 18:03,clusterB,7,4,4,0,0,0,1,0,0,1
2025/11/13 18:03,clusterA,7,4,2,2,0.29,0.17,1,0,0.17,1
2025/11/13 18:03,clusterB,7,4,4,0,0,0,1,0,0,1
2025/11/13 18:03,clusterA,7,4,2,2,0.28,0.17,1,0,0.17,1
2025/11/13 18:03,clusterB,7,4,4,0,0,0,1,0,0,1
2025/11/13 18:03,clusterA,7,4,2,2,0.28,0.17,1,0,0.17,1
2025/11/13 18:03,clusterB,7,4,4,0,0,0,1,0,0,1
2025/11/13 18:03,clusterA,7,4,2,2,0.28,0.18,1,0,0.18,1
2025/11/13 18:03,clusterB,7,4,4,0,0,0,1,0,0,1
2025/11/13 18:03,clusterA,7,4,2,2,0.29,0.17,1,0,0.17,1
2025/11/13 18:03,clusterB,7,4,4,0,0,0,1,0,0,1
2025/11/13 18:03,clusterA,7,4,2,2,0.29,0.18,1,0,0.18,1
2025/11/13 18:03,clusterB,7,4,4,0,0,0,1,0,0,1
2025/11/13 18:03,clusterA,7,4,2,2,0.3,0.18,1,0,0.18,1
2025/11/13 18:03,clusterB,7,4,4,0,0,0,1,0,0,1
2025/11/13 18:03,clusterA,7,4,2,2,0.3,0.18,1,0,0.18,1
2025/11/13 18:03,clusterB,7,4,4,0,0,0,1,0,0,1
2025/11/13 18:03,clusterA,7,4,2,2,0.29,0.18,1,0,0.18,1
2025/11/13 18:03,clusterB,7,4,4,0,0,0,1,0,0,1
2025/11/13 18:03,clusterA,7,4,2,2,0.3,0.18,1,0,0.18,1
2025/11/13 18:03,clusterB,7,4,4,0,0,0,1,0,0,1
2025/11/13 18:04,clusterA,7,4,2,2,0.3,0.19,1,0,0.19,1
2025/11/13 18:04,clusterB,7,4,4,0,0,0,1,0,0,1
2025/11/13 18:04,clusterA,7,4,2,2,0.33,0.19,1,0,0.19,1
2025/11/13 18:04,clusterB,7,4,4,0,0,0,1,0,0,1
2025/11/13 18:04,clusterA,7,4,2,2,0.32,0.19,1,0,0.19,1
2025/11/13 18:04,clusterB,7,4,4,0,0,0,1,0,0,1
2025/11/13 18:04,clusterA,7,4,2,2,0.33,0.19,1,0,0.19,1
2025/11/13 18:04,clusterB,7,4,4,0,0,0,1,0,0,1
2025/11/13 18:04,clusterA,7,4,2,2,0.33,0.18,1,0,0.18,1
2025/11/13 18:04,clusterB,7,4,4,0,0,0,1,0,0,1
2025/11/13 18:04,clusterA,7,4,2,2,0.33,0.18,1,0,0.18,1
2025/11/13 18:04,clusterB,7,4,4,0,0,0,1,0,0,1
2025/11/13 18:04,clusterA,7,4,2,2,0.33,0.18,1,0,0.18,1
2025/11/13 18:04,clusterB,7,4,4,0,0,0,1,0,0,1
2025/11/13 18:04,clusterA,7,4,2,2,0.32,0.18,1,0,0.18,1
2025/11/13 18:04,clusterB,7,4,4,0,0,0,1,0,0,1
2025/11/13 18:04,clusterA,7,4,2,2,0.32,0.18,1,0,0.18,1
2025/11/13 18:04,clusterB,7,4,4,0,0,0,1,0,0,1
2025/11/13 18:04,clusterA,7,4,2,2,0.32,0.18,1,0,0.18,1
2025/11/13 18:04,clusterB,7,4,4,0,0,0,1,0,0,1
2025/11/13 18:04,clusterA,7,4,2,2,0.32,0.18,1,0,0.18,1
2025/11/13 18:04,clusterB,7,4,4,0,0,0,1,0,0,1
2025/11/13 18:04,clusterA,7,4,2,2,0.32,0.18,1,0,0.18,1
2025/11/13 18:04,clusterB,7,4,4,0,0,0,1,0,0,1
2025/11/13 18:05,clusterA,7,4,2,2,0.32,0.18,1,0,0.18,1
2025/11/13 18:05,clusterB,7,4,4,0,0,0,1,0,0,1
2025/11/13 18:05,clusterA,7,4,2,2,0.32,0.18,1,0,0.18,1
2025/11/13 18:05,clusterB,7,4,4,0,0,0,1,0,0,1
2025/11/13 18:05,clusterA,7,4,2,2,0.31,0.18,1,0,0.18,1
2025/11/13 18:05,clusterB,7,4,4,0,0,0,1,0,0,1
2025/11/13 18:05,clusterA,7,4,2,2,0.3,0.18,1,0,0.18,1
2025/11/13 18:05,clusterB,7,4,4,0,0,0,1,0,0,1
2025/11/13 18:05,clusterA,7,4,2,2,0.3,0.18,1,0,0.18,1
2025/11/13 18:05,clusterB,7,4,4,0,0,0,1,0,0,1
2025/11/13 18:05,clusterA,7,4,2,2,0.3,0.18,1,0,0.18,1
2025/11/13 18:05,clusterB,7,4,4,0,0,0,1,0,0,1
2025/11/13 18:05,clusterA,7,4,2,2,0.31,0.18,1,0,0.18,1
2025/11/13 18:05,clusterB,7,4,4,0,0,0,1,0,0,1
2025/11/13 18:05,clusterA,7,4,2,2,0.31,0.18,1,0,0.18,1
2025/11/13 18:05,clusterB,7,4,4,0,0,0,1,0,0,1
2025/11/13 18:05,clusterA,7,4,2,2,0.31,0.18,1,0,0.18,1
2025/11/13 18:05,clusterB,7,4,4,0,0,0,1,0,0,1
2025/11/13 18:05,clusterA,7,4,2,2,0.31,0.18,1,0,0.18,1
2025/11/13 18:05,clusterB,7,4,4,0,0,0,1,0,0,1
2025/11/13 18:05,clusterA,7,4,2,2,0.31,0.18,1,0,0.18,1
2025/11/13 18:05,clusterB,7,4,4,0,0,0,1,0,0,1
2025/11/13 18:05,clusterA,7,4,2,2,0.28,0.18,1,0,0.18,1
2025/11/13 18:05,clusterB,7,4,4,0,0,0,1,0,0,1
2025/11/13 18:06,clusterA,6,4,4,0,0.26,0.16,1,0,0.16,1
2025/11/13 18:06,clusterB,6,4,4,0,0,0,1,0,0,1
2025/11/13 18:06,clusterA,6,4,4,0,0.23,0.15,1,0,0.15,1
2025/11/13 18:06,clusterB,6,4,4,0,0,0,1,0,0,1
2025/11/13 18:06,clusterA,6,4,4,0,0.21,0.14,1,0,0.14,1
2025/11/13 18:06,clusterB,6,4,4,0,0,0,1,0,0,1
2025/11/13 18:06,clusterA,6,4,4,0,0.19,0.14,1,0,0.14,1
2025/11/13 18:06,clusterB,6,4,4,0,0,0,1,0,0,1
2025/11/13 18:06,clusterA,6,4,4,0,0.16,0.13,1,0,0.13,1
2025/11/13 18:06,clusterB,6,4,4,0,0,0,1,0,0,1
2025/11/13 18:06,clusterA,6,4,4,0,0.14,0.12,1,0,0.12,1
2025/11/13 18:06,clusterB,6,4,4,0,0,0,1,0,0,1
2025/11/13 18:06,clusterA,6,4,4,0,0.11,0.1,1,0,0.1,1
2025/11/13 18:06,clusterB,6,4,4,0,0,0,1,0,0,1
2025/11/13 18:06,clusterA,6,4,4,0,0.09,0.09,1,0,0.09,1
2025/11/13 18:06,clusterB,6,4,4,0,0,0,1,0,0,1
2025/11/13 18:06,clusterA,6,4,4,0,0.06,0.07,1,0,0.07,1
2025/11/13 18:06,clusterB,6,4,4,0,0,0,1,0,0,1
2025/11/13 18:06,clusterA,6,4,4,0,0.03,0.06,1,0,0.06,1
2025/11/13 18:06,clusterB,6,4,4,0,0,0,1,0,0,1
2025/11/13 18:06,clusterA,6,4,4,0,0,0.05,1,0,0.05,1
2025/11/13 18:06,clusterB,6,4,4,0,0,0,1,0,0,1
2025/11/13 18:07,clusterA,6,4,4,0,0,0.05,1,0,0.05,1
2025/11/13 18:07,clusterB,6,4,4,0,0,0,1,0,0,1
2025/11/13 18:07,clusterA,6,4,4,0,0,0.05,1,0,0.05,1
2025/11/13 18:07,clusterB,6,4,4,0,0,0,1,0,0,1
2025/11/13 18:07,clusterA,6,4,4,0,0,0.05,1,0,0.05,1
2025/11/13 18:07,clusterB,6,4,4,0,0,0,1,0,0,1
2025/11/13 18:07,clusterA,6,4,4,0,0,0.04,1,0,0.04,1
2025/11/13 18:07,clusterB,6,4,4,0,0,0,1,0,0,1
2025/11/13 18:07,clusterA,6,4,4,0,0,0.04,1,0,0.04,1
2025/11/13 18:07,clusterB,6,4,4,0,0,0,1,0,0,1
2025/11/13 18:07,clusterA,6,4,4,0,0,0.03,1,0,0.03,1
2025/11/13 18:07,clusterB,6,4,4,0,0,0,1,0,0,1
2025/11/13 18:07,clusterA,3,4,4,0,0,0.03,0.75,0.22,0.03,0.75
2025/11/13 18:07,clusterB,3,4,4,0,0,0,0.75,0.25,0,0.75
2025/11/13 18:07,clusterA,3,4,4,0,0,0.03,0.75,0.22,0.03,0.75
2025/11/13 18:07,clusterB,3,4,4,0,0,0,0.75,0.25,0,0.75
2025/11/13 18:07,clusterA,3,4,4,0,0,0.04,0.75,0.21,0.04,0.75
2025/11/13 18:07,clusterB,3,4,4,0,0,0,0.75,0.25,0,0.75
2025/11/13 18:07,clusterA,3,4,4,0,0.06,0.07,0.75,0.18,0.07,0.75
2025/11/13 18:07,clusterB,3,4,4,0,0,0,0.75,0.25,0,0.75
2025/11/13 18:07,clusterA,3,4,4,0,0.11,0.09,0.75,0.16,0.09,0.75
2025/11/13 18:07,clusterB,3,4,4,0,0,0,0.75,0.25,0,0.75
2025/11/13 18:07,clusterA,3,4,4,0,0.17,0.12,0.75,0.13,0.12,0.75
2025/11/13 18:07,clusterB,3,4,4,0,0,0,0.75,0.25,0,0.75
2025/11/13 18:08,clusterA,3,4,4,0,0.23,0.15,0.75,0.1,0.15,0.75
2025/11/13 18:08,clusterB,3,4,4,0,0,0,0.75,0.25,0,0.75
2025/11/13 18:08,clusterA,3,4,4,0,0.3,0.18,0.75,0.07,0.18,0.75
2025/11/13 18:08,clusterB,3,4,4,0,0,0,0.75,0.25,0,0.75
2025/11/13 18:08,clusterA,3,4,4,0,0.35,0.21,0.75,0.04,0.21,0.75
2025/11/13 18:08,clusterB,3,4,4,0,0,0,0.75,0.25,0,0.75
2025/11/13 18:08,clusterA,3,4,4,0,0.41,0.23,0.75,0.02,0.23,0.75
2025/11/13 18:08,clusterB,3,4,4,0,0,0,0.75,0.25,0,0.75
2025/11/13 18:08,clusterA,3,4,4,0,0.46,0.26,0.75,0,0.26,0.75
2025/11/13 18:08,clusterB,3,4,4,0,0,0,0.75,0.25,0,0.75
2025/11/13 18:08,clusterA,3,4,4,0,0.52,0.28,0.75,0,0.28,0.75
2025/11/13 18:08,clusterB,3,4,4,0,0,0,0.75,0.25,0,0.75
2025/11/13 18:08,clusterA,3,4,4,0,0.58,0.31,0.75,0,0.31,0.75
2025/11/13 18:08,clusterB,3,4,4,0,0,0,0.75,0.25,0,0.75
2025/11/13 18:08,clusterA,3,4,4,0,0.65,0.34,0.75,0,0.34,0.75
2025/11/13 18:08,clusterB,3,4,4,0,0,0,0.75,0.25,0,0.75
2025/11/13 18:08,clusterA,3,4,4,0,0.71,0.37,0.75,0,0.37,0.75
2025/11/13 18:08,clusterB,3,4,4,0,0,0,0.75,0.25,0,0.75
2025/11/13 18:08,clusterA,3,4,4,0,0.72,0.37,0.75,0,0.37,0.75
2025/11/13 18:08,clusterB,3,4,4,0,0,0,0.75,0.25,0,0.75
2025/11/13 18:08,clusterA,3,4,4,0,0.74,0.37,0.75,0,0.37,0.75
2025/11/13 18:08,clusterB,3,4,4,0,0,0,0.75,0.25,0,0.75
2025/11/13 18:08,clusterA,3,4,4,0,0.75,0.37,0.75,0,0.37,0.75
2025/11/13 18:08,clusterB,3,4,4,0,0,0,0.75,0.25,0,0.75
2025/11/13 18:09,clusterA,3,4,4,0,0.74,0.37,0.75,0,0.37,0.75
2025/11/13 18:09,clusterB,3,4,4,0,0,0,0.75,0.25,0,0.75
2025/11/13 18:09,clusterA,3,4,4,0,0.73,0.37,0.75,0,0.37,0.75
2025/11/13 18:09,clusterB,3,4,4,0,0,0,0.75,0.25,0,0.75
2025/11/13 18:09,clusterA,3,4,4,0,0.74,0.37,0.75,0,0.37,0.75
2025/11/13 18:09,clusterB,3,4,4,0,0,0,0.75,0.25,0,0.75
2025/11/13 18:09,clusterA,3,4,4,0,0.74,0.37,0.75,0,0.37,0.75
2025/11/13 18:09,clusterB,3,4,4,0,0,0,0.75,0.25,0,0.75
2025/11/13 18:09,clusterA,3,4,4,0,0.76,0.37,0.75,0,0.37,0.75
2025/11/13 18:09,clusterB,3,4,4,0,0,0,0.75,0.25,0,0.75
2025/11/13 18:09,clusterA,3,4,4,0,0.77,0.38,0.75,0,0.38,0.75
2025/11/13 18:09,clusterB,3,4,4,0,0,0,0.75,0.25,0,0.75
2025/11/13 18:09,clusterA,3,4,4,0,0.76,0.38,0.75,0,0.38,0.75
2025/11/13 18:09,clusterB,3,4,4,0,0,0,0.75,0.25,0,0.75
2025/11/13 18:09,clusterA,3,4,4,0,0.74,0.38,0.75,0,0.38,0.75
2025/11/13 18:09,clusterB,3,4,4,0,0,0,0.75,0.25,0,0.75
2025/11/13 18:09,clusterA,3,4,4,0,0.72,0.38,0.75,0,0.38,0.75
2025/11/13 18:09,clusterB,3,4,4,0,0,0,0.75,0.25,0,0.75
2025/11/13 18:09,clusterA,3,4,4,0,0.71,0.37,0.75,0,0.37,0.75
2025/11/13 18:09,clusterB,3,4,4,0,0,0,0.75,0.25,0,0.75
2025/11/13 18:09,clusterA,3,4,4,0,0.7,0.37,0.75,0,0.37,0.75
2025/11/13 18:09,clusterB,3,4,4,0,0,0,0.75,0.25,0,0.75
2025/11/13 18:09,clusterA,3,4,4,0,0.69,0.36,0.75,0,0.36,0.75
2025/11/13 18:09,clusterB,3,4,4,0,0,0,0.75,0.25,0,0.75
2025/11/13 18:10,clusterA,3,4,4,0,0.7,0.37,0.75,0,0.37,0.75
2025/11/13 18:10,clusterB,3,4,4,0,0,0,0.75,0.25,0,0.75
2025/11/13 18:10,clusterA,3,4,4,0,0.69,0.37,0.75,0,0.37,0.75
2025/11/13 18:10,clusterB,3,4,4,0,0,0,0.75,0.25,0,0.75
2025/11/13 18:10,clusterA,3,4,4,0,0.68,0.37,0.75,0,0.37,0.75
2025/11/13 18:10,clusterB,3,4,4,0,0,0,0.75,0.25,0,0.75
2025/11/13 18:10,clusterA,3,4,4,0,0.69,0.37,0.75,0,0.37,0.75
2025/11/13 18:10,clusterB,3,4,4,0,0,0,0.75,0.25,0,0.75
2025/11/13 18:10,clusterA,3,4,4,0,0.7,0.37,0.75,0,0.37,0.75
2025/11/13 18:10,clusterB,3,4,4,0,0,0,0.75,0.25,0,0.75
2025/11/13 18:10,clusterA,3,4,4,0,0.66,0.37,0.75,0,0.37,0.75
2025/11/13 18:10,clusterB,3,4,4,0,0,0,0.75,0.25,0,0.75
2025/11/13 18:10,clusterA,3,4,4,0,0.67,0.37,0.75,0,0.37,0.75
2025/11/13 18:10,clusterB,3,4,4,0,0,0,0.75,0.25,0,0.75
2025/11/13 18:10,clusterA,3,4,4,0,0.68,0.37,0.75,0,0.37,0.75
2025/11/13 18:10,clusterB,3,4,4,0,0,0,0.75,0.25,0,0.75
2025/11/13 18:10,clusterA,3,4,4,0,0.7,0.37,0.75,0,0.37,0.75
2025/11/13 18:10,clusterB,3,4,4,0,0,0,0.75,0.25,0,0.75
2025/11/13 18:10,clusterA,3,4,4,0,0.7,0.37,0.75,0,0.37,0.75
2025/11/13 18:10,clusterB,3,4,4,0,0,0,0.75,0.25,0,0.75
2025/11/13 18:10,clusterA,3,4,4,0,0.7,0.38,0.75,0,0.38,0.75
2025/11/13 18:10,clusterB,3,4,4,0,0,0,0.75,0.25,0,0.75
2025/11/13 18:10,clusterA,3,4,4,0,0.69,0.38,0.75,0,0.38,0.75
2025/11/13 18:10,clusterB,3,4,4,0,0,0,0.75,0.25,0,0.75
2025/11/13 18:11,clusterA,3,4,4,0,0.7,0.38,0.75,0,0.38,0.75
2025/11/13 18:11,clusterB,3,4,4,0,0,0,0.75,0.25,0,0.75
2025/11/13 18:11,clusterA,3,4,4,0,0.72,0.38,0.75,0,0.38,0.75
2025/11/13 18:11,clusterB,3,4,4,0,0,0,0.75,0.25,0,0.75
2025/11/13 18:11,clusterA,4,4,4,0,0.71,0.37,1,0,0.37,1
2025/11/13 18:11,clusterB,4,4,4,0,0,0,1,0,0,1
2025/11/13 18:11,clusterA,4,4,4,0,0.71,0.37,1,0,0.37,1
2025/11/13 18:11,clusterB,4,4,4,0,0,0,1,0,0,1
2025/11/13 18:11,clusterA,4,4,4,0,0.69,0.36,1,0,0.36,1
2025/11/13 18:11,clusterB,4,4,4,0,0,0,1,0,0,1
2025/11/13 18:11,clusterA,4,4,4,0,0.68,0.36,1,0,0.36,1
2025/11/13 18:11,clusterB,4,4,4,0,0,0,1,0,0,1
2025/11/13 18:11,clusterA,4,4,4,0,0.69,0.36,1,0,0.36,1
2025/11/13 18:11,clusterB,4,4,4,0,0,0,1,0,0,1
2025/11/13 18:11,clusterA,4,4,4,0,0.68,0.36,1,0,0.36,1
2025/11/13 18:11,clusterB,4,4,4,0,0,0,1,0,0,1
2025/11/13 18:11,clusterA,4,4,4,0,0.68,0.36,1,0,0.36,1
2025/11/13 18:11,clusterB,4,4,4,0,0,0,1,0,0,1
2025/11/13 18:11,clusterA,4,4,4,0,0.69,0.36,1,0,0.36,1
2025/11/13 18:11,clusterB,4,4,4,0,0,0,1,0,0,1
2025/11/13 18:11,clusterA,4,4,4,0,0.7,0.37,1,0,0.37,1
2025/11/13 18:11,clusterB,4,4,4,0,0,0,1,0,0,1
2025/11/13 18:11,clusterA,4,4,4,0,0.7,0.37,1,0,0.37,1
2025/11/13 18:11,clusterB,4,4,4,0,0,0,1,0,0,1
2025/11/13 18:12,clusterA,4,4,4,0,0.7,0.36,1,0,0.36,1
2025/11/13 18:12,clusterB,4,4,4,0,0,0,1,0,0,1
2025/11/13 18:12,clusterA,4,4,4,0,0.69,0.36,1,0,0.36,1
2025/11/13 18:12,clusterB,4,4,4,0,0,0,1,0,0,1
2025/11/13 18:12,clusterA,4,4,4,0,0.69,0.36,1,0,0.36,1
2025/11/13 18:12,clusterB,4,4,4,0,0,0,1,0,0,1
2025/11/13 18:12,clusterA,4,4,4,0,0.69,0.37,1,0,0.37,1
2025/11/13 18:12,clusterB,4,4,4,0,0,0,1,0,0,1
2025/11/13 18:12,clusterA,3,4,4,0,0.69,0.38,0.75,0,0.38,0.75
2025/11/13 18:12,clusterB,3,4,4,0,0,0,0.75,0.25,0,0.75
2025/11/13 18:12,clusterA,3,4,4,0,0.71,0.38,0.75,0,0.38,0.75
2025/11/13 18:12,clusterB,3,4,4,0,0,0,0.75,0.25,0,0.75
2025/11/13 18:12,clusterA,3,4,4,0,0.73,0.38,0.75,0,0.38,0.75
2025/11/13 18:12,clusterB,3,4,4,0,0,0,0.75,0.25,0,0.75
2025/11/13 18:12,clusterA,3,4,4,0,0.72,0.38,0.75,0,0.38,0.75
2025/11/13 18:12,clusterB,3,4,4,0,0,0,0.75,0.25,0,0.75
2025/11/13 18:12,clusterA,3,4,4,0,0.69,0.37,0.75,0,0.37,0.75
2025/11/13 18:12,clusterB,3,4,4,0,0,0,0.75,0.25,0,0.75
2025/11/13 18:12,clusterA,3,4,4,0,0.68,0.37,0.75,0,0.37,0.75
2025/11/13 18:12,clusterB,3,4,4,0,0,0,0.75,0.25,0,0.75
2025/11/13 18:12,clusterA,3,4,4,0,0.69,0.37,0.75,0,0.37,0.75
2025/11/13 18:12,clusterB,3,4,4,0,0,0,0.75,0.25,0,0.75
2025/11/13 18:13,clusterA,3,4,4,0,0.69,0.38,0.75,0,0.38,0.75
2025/11/13 18:13,clusterB,3,4,4,0,0,0,0.75,0.25,0,0.75
2025/11/13 18:13,clusterA,3,4,4,0,0.69,0.38,0.75,0,0.38,0.75
2025/11/13 18:13,clusterB,3,4,4,0,0,0,0.75,0.25,0,0.75
2025/11/13 18:13,clusterA,3,4,4,0,0.7,0.38,0.75,0,0.38,0.75
2025/11/13 18:13,clusterB,3,4,4,0,0,0,0.75,0.25,0,0.75
2025/11/13 18:13,clusterA,3,4,4,0,0.71,0.37,0.75,0,0.37,0.75
2025/11/13 18:13,clusterB,3,4,4,0,0,0,0.75,0.25,0,0.75
2025/11/13 18:13,clusterA,3,4,4,0,0.7,0.37,0.75,0,0.37,0.75
2025/11/13 18:13,clusterB,3,4,4,0,0,0,0.75,0.25,0,0.75
2025/11/13 18:13,clusterA,3,4,4,0,0.66,0.36,0.75,0,0.36,0.75
2025/11/13 18:13,clusterB,3,4,4,0,0,0,0.75,0.25,0,0.75
2025/11/13 18:13,clusterA,3,4,4,0,0.66,0.36,0.75,0,0.36,0.75
2025/11/13 18:13,clusterB,3,4,4,0,0,0,0.75,0.25,0,0.75
2025/11/13 18:13,clusterA,3,4,4,0,0.65,0.36,0.75,0,0.36,0.75
2025/11/13 18:13,clusterB,3,4,4,0,0,0,0.75,0.25,0,0.75
2025/11/13 18:13,clusterA,3,4,4,0,0.65,0.37,0.75,0,0.37,0.75
2025/11/13 18:13,clusterB,3,4,4,0,0,0,0.75,0.25,0,0.75
2025/11/13 18:13,clusterA,3,4,4,0,0.67,0.37,0.75,0,0.37,0.75
2025/11/13 18:13,clusterB,3,4,4,0,0,0,0.75,0.25,0,0.75
2025/11/13 18:13,clusterA,3,4,4,0,0.68,0.37,0.75,0,0.37,0.75
2025/11/13 18:13,clusterB,3,4,4,0,0,0,0.75,0.25,0,0.75
2025/11/13 18:13,clusterA,3,4,4,0,0.68,0.38,0.75,0,0.38,0.75
2025/11/13 18:13,clusterB,3,4,4,0,0,0,0.75,0.25,0,0.75
2025/11/13 18:14,clusterA,3,4,4,0,0.68,0.38,0.75,0,0.38,0.75
2025/11/13 18:14,clusterB,3,4,4,0,0,0,0.75,0.25,0,0.75
2025/11/13 18:14,clusterA,3,4,4,0,0.68,0.37,0.75,0,0.37,0.75
2025/11/13 18:14,clusterB,3,4,4,0,0,0,0.75,0.25,0,0.75
2025/11/13 18:14,clusterA,3,4,4,0,0.65,0.37,0.75,0,0.37,0.75
2025/11/13 18:14,clusterB,3,4,4,0,0,0,0.75,0.25,0,0.75
2025/11/13 18:14,clusterA,3,4,4,0,0.65,0.37,0.75,0,0.37,0.75
2025/11/13 18:14,clusterB,3,4,4,0,0,0,0.75,0.25,0,0.75
2025/11/13 18:14,clusterA,3,4,4,0,0.65,0.36,0.75,0,0.36,0.75
2025/11/13 18:14,clusterB,3,4,4,0,0,0,0.75,0.25,0,0.75
2025/11/13 18:14,clusterA,3,4,4,0,0.68,0.37,0.75,0,0.37,0.75
2025/11/13 18:14,clusterB,3,4,4,0,0,0,0.75,0.25,0,0.75
2025/11/13 18:14,clusterA,3,4,4,0,0.66,0.37,0.75,0,0.37,0.75
2025/11/13 18:14,clusterB,3,4,4,0,0,0,0.75,0.25,0,0.75
2025/11/13 18:14,clusterA,3,4,4,0,0.67,0.37,0.75,0,0.37,0.75
2025/11/13 18:14,clusterB,3,4,4,0,0,0,0.75,0.25,0,0.75
2025/11/13 18:14,clusterA,3,4,4,0,0.68,0.37,0.75,0,0.37,0.75
2025/11/13 18:14,clusterB,3,4,4,0,0,0,0.75,0.25,0,0.75
2025/11/13 18:14,clusterA,3,4,4,0,0.67,0.37,0.75,0,0.37,0.75
2025/11/13 18:14,clusterB,3,4,4,0,0,0,0.75,0.25,0,0.75
2025/11/13 18:14,clusterA,3,4,4,0,0.65,0.36,0.75,0,0.36,0.75
2025/11/13 18:14,clusterB,3,4,4,0,0,0,0.75,0.25,0,0.75
2025/11/13 18:14,clusterA,3,4,4,0,0.65,0.36,0.75,0,0.36,0.75
2025/11/13 18:14,clusterB,3,4,4,0,0,0,0.75,0.25,0,0.75
2025/11/13 18:15,clusterA,3,4,4,0,0.65,0.36,0.75,0,0.36,0.75
2025/11/13 18:15,clusterB,3,4,4,0,0,0,0.75,0.25,0,0.75
2025/11/13 18:15,clusterA,3,4,4,0,0.66,0.36,0.75,0,0.36,0.75
2025/11/13 18:15,clusterB,3,4,4,0,0,0,0.75,0.25,0,0.75
2025/11/13 18:15,clusterA,3,4,4,0,0.67,0.36,0.75,0,0.36,0.75
2025/11/13 18:15,clusterB,3,4,4,0,0,0,0.75,0.25,0,0.75
2025/11/13 18:15,clusterA,3,4,4,0,0.7,0.37,0.75,0,0.37,0.75
2025/11/13 18:15,clusterB,3,4,4,0,0,0,0.75,0.25,0,0.75
2025/11/13 18:15,clusterA,3,4,4,0,0.69,0.37,0.75,0,0.37,0.75
2025/11/13 18:15,clusterB,3,4,4,0,0,0,0.75,0.25,0,0.75
2025/11/13 18:15,clusterA,3,4,4,0,0.7,0.38,0.75,0,0.38,0.75
2025/11/13 18:15,clusterB,3,4,4,0,0,0,0.75,0.25,0,0.75
2025/11/13 18:15,clusterA,3,4,4,0,0.72,0.38,0.75,0,0.38,0.75
2025/11/13 18:15,clusterB,3,4,4,0,0,0,0.75,0.25,0,0.75
2025/11/13 18:15,clusterA,3,4,4,0,0.71,0.37,0.75,0,0.37,0.75
2025/11/13 18:15,clusterB,3,4,4,0,0,0,0.75,0.25,0,0.75
2025/11/13 18:15,clusterA,3,4,4,0,0.71,0.37,0.75,0,0.37,0.75
2025/11/13 18:15,clusterB,3,4,4,0,0,0,0.75,0.25,0,0.75
2025/11/13 18:15,clusterA,3,4,4,0,0.7,0.36,0.75,0,0.36,0.75
2025/11/13 18:15,clusterB,3,4,4,0,0,0,0.75,0.25,0,0.75
2025/11/13 18:15,clusterA,3,4,4,0,0.71,0.37,0.75,0,0.37,0.75
2025/11/13 18:15,clusterB,3,4,4,0,0,0,0.75,0.25,0,0.75
2025/11/13 18:15,clusterA,3,4,4,0,0.72,0.37,0.75,0,0.37,0.75
2025/11/13 18:15,clusterB,3,4,4,0,0,0,0.75,0.25,0,0.75
2025/11/13 18:16,clusterA,3,4,4,0,0.71,0.37,0.75,0,0.37,0.75
2025/11/13 18:16,clusterB,3,4,4,0,0,0,0.75,0.25,0,0.75
2025/11/13 18:16,clusterA,3,4,4,0,0.71,0.37,0.75,0,0.37,0.75
2025/11/13 18:16,clusterB,3,4,4,0,0,0,0.75,0.25,0,0.75
2025/11/13 18:16,clusterA,3,4,4,0,0.68,0.36,0.75,0,0.36,0.75
2025/11/13 18:16,clusterB,3,4,4,0,0,0,0.75,0.25,0,0.75
2025/11/13 18:16,clusterA,3,4,4,0,0.67,0.36,0.75,0,0.36,0.75
2025/11/13 18:16,clusterB,3,4,4,0,0,0,0.75,0.25,0,0.75
2025/11/13 18:16,clusterA,3,4,4,0,0.67,0.36,0.75,0,0.36,0.75
2025/11/13 18:16,clusterB,3,4,4,0,0,0,0.75,0.25,0,0.75
2025/11/13 18:16,clusterA,3,4,4,0,0.67,0.36,0.75,0,0.36,0.75
2025/11/13 18:16,clusterB,3,4,4,0,0,0,0.75,0.25,0,0.75
2025/11/13 18:16,clusterA,3,4,4,0,0.67,0.36,0.75,0,0.36,0.75
2025/11/13 18:16,clusterB,3,4,4,0,0,0,0.75,0.25,0,0.75
2025/11/13 18:16,clusterA,3,4,4,0,0.69,0.36,0.75,0,0.36,0.75
2025/11/13 18:16,clusterB,3,4,4,0,0,0,0.75,0.25,0,0.75
2025/11/13 18:16,clusterA,3,4,4,0,0.68,0.37,0.75,0,0.37,0.75
2025/11/13 18:16,clusterB,3,4,4,0,0,0,0.75,0.25,0,0.75
2025/11/13 18:16,clusterA,3,4,4,0,0.7,0.37,0.75,0,0.37,0.75
2025/11/13 18:16,clusterB,3,4,4,0,0,0,0.75,0.25,0,0.75
2025/11/13 18:16,clusterA,3,4,4,0,0.69,0.37,0.75,0,0.37,0.75
2025/11/13 18:16,clusterB,3,4,4,0,0,0,0.75,0.25,0,0.75
2025/11/13 18:16,clusterA,3,4,4,0,0.7,0.37,0.75,0,0.37,0.75
2025/11/13 18:16,clusterB,3,4,4,0,0,0,0.75,0.25,0,0.75
2025/11/13 18:17,clusterA,3,4,4,0,0.69,0.36,0.75,0,0.36,0.75
2025/11/13 18:17,clusterB,3,4,4,0,0,0,0.75,0.25,0,0.75
2025/11/13 18:17,clusterA,3,4,4,0,0.68,0.36,0.75,0,0.36,0.75
2025/11/13 18:17,clusterB,3,4,4,0,0,0,0.75,0.25,0,0.75
2025/11/13 18:17,clusterA,3,4,4,0,0.71,0.37,0.75,0,0.37,0.75
2025/11/13 18:17,clusterB,3,4,4,0,0,0,0.75,0.25,0,0.75
2025/11/13 18:17,clusterA,3,4,4,0,0.7,0.37,0.75,0,0.37,0.75
2025/11/13 18:17,clusterB,3,4,4,0,0,0,0.75,0.25,0,0.75
2025/11/13 18:17,clusterA,3,4,4,0,0.72,0.37,0.75,0,0.37,0.75
2025/11/13 18:17,clusterB,3,4,4,0,0,0,0.75,0.25,0,0.75
2025/11/13 18:17,clusterA,3,4,4,0,0.71,0.38,0.75,0,0.38,0.75
2025/11/13 18:17,clusterB,3,4,4,0,0,0,0.75,0.25,0,0.75
2025/11/13 18:17,clusterA,3,4,4,0,0.72,0.37,0.75,0,0.37,0.75
2025/11/13 18:17,clusterB,3,4,4,0,0,0,0.75,0.25,0,0.75
2025/11/13 18:17,clusterA,3,4,4,0,0.71,0.37,0.75,0,0.37,0.75
2025/11/13 18:17,clusterB,3,4,4,0,0,0,0.75,0.25,0,0.75
2025/11/13 18:17,clusterA,3,4,4,0,0.71,0.37,0.75,0,0.37,0.75
2025/11/13 18:17,clusterB,3,4,4,0,0,0,0.75,0.25,0,0.75
2025/11/13 18:17,clusterA,3,4,4,0,0.69,0.36,0.75,0,0.36,0.75
2025/11/13 18:17,clusterB,3,4,4,0,0,0,0.75,0.25,0,0.75
2025/11/13 18:17,clusterA,3,4,4,0,0.69,0.36,0.75,0,0.36,0.75
2025/11/13 18:17,clusterB,3,4,4,0,0,0,0.75,0.25,0,0.75
2025/11/13 18:17,clusterA,3,4,4,0,0.68,0.36,0.75,0,0.36,0.75
2025/11/13 18:17,clusterB,3,4,4,0,0,0,0.75,0.25,0,0.75
2025/11/13 18:18,clusterA,3,4,4,0,0.69,0.36,0.75,0,0.36,0.75
2025/11/13 18:18,clusterB,3,4,4,0,0,0,0.75,0.25,0,0.75
2025/11/13 18:18,clusterA,3,4,4,0,0.7,0.37,0.75,0,0.37,0.75
2025/11/13 18:18,clusterB,3,4,4,0,0,0,0.75,0.25,0,0.75
2025/11/13 18:18,clusterA,3,4,4,0,0.67,0.37,0.75,0,0.37,0.75
2025/11/13 18:18,clusterB,3,4,4,0,0,0,0.75,0.25,0,0.75
2025/11/13 18:18,clusterA,3,4,4,0,0.68,0.37,0.75,0,0.37,0.75
2025/11/13 18:18,clusterB,3,4,4,0,0,0,0.75,0.25,0,0.75
2025/11/13 18:18,clusterA,3,4,4,0,0.67,0.37,0.75,0,0.37,0.75
2025/11/13 18:18,clusterB,3,4,4,0,0,0,0.75,0.25,0,0.75
2025/11/13 18:18,clusterA,3,4,4,0,0.67,0.37,0.75,0,0.37,0.75
2025/11/13 18:18,clusterB,3,4,4,0,0,0,0.75,0.25,0,0.75
2025/11/13 18:18,clusterA,3,4,4,0,0.66,0.37,0.75,0,0.37,0.75
2025/11/13 18:18,clusterB,3,4,4,0,0,0,0.75,0.25,0,0.75
2025/11/13 18:18,clusterA,3,4,4,0,0.67,0.37,0.75,0,0.37,0.75
2025/11/13 18:18,clusterB,3,4,4,0,0,0,0.75,0.25,0,0.75
2025/11/13 18:18,clusterA,3,4,4,0,0.66,0.37,0.75,0,0.37,0.75
2025/11/13 18:18,clusterB,3,4,4,0,0,0,0.75,0.25,0,0.75
2025/11/13 18:18,clusterA,3,4,4,0,0.69,0.38,0.75,0,0.38,0.75
2025/11/13 18:18,clusterB,3,4,4,0,0,0,0.75,0.25,0,0.75
2025/11/13 18:18,clusterA,3,4,4,0,0.69,0.38,0.75,0,0.38,0.75
2025/11/13 18:18,clusterB,3,4,4,0,0,0,0.75,0.25,0,0.75
2025/11/13 18:18,clusterA,3,4,4,0,0.7,0.38,0.75,0,0.38,0.75
2025/11/13 18:18,clusterB,3,4,4,0,0,0,0.75,0.25,0,0.75
2025/11/13 18:19,clusterA,3,4,4,0,0.7,0.38,0.75,0,0.38,0.75
2025/11/13 18:19,clusterB,3,4,4,0,0,0,0.75,0.25,0,0.75
2025/11/13 18:19,clusterA,3,4,4,0,0.69,0.38,0.75,0,0.38,0.75
2025/11/13 18:19,clusterB,3,4,4,0,0,0,0.75,0.25,0,0.75
2025/11/13 18:19,clusterA,3,4,4,0,0.69,0.37,0.75,0,0.37,0.75
2025/11/13 18:19,clusterB,3,4,4,0,0,0,0.75,0.25,0,0.75
2025/11/13 18:19,clusterA,3,4,4,0,0.68,0.36,0.75,0,0.36,0.75
2025/11/13 18:19,clusterB,3,4,4,0,0,0,0.75,0.25,0,0.75
2025/11/13 18:19,clusterA,3,4,4,0,0.68,0.36,0.75,0,0.36,0.75
2025/11/13 18:19,clusterB,3,4,4,0,0,0,0.75,0.25,0,0.75
2025/11/13 18:19,clusterA,3,4,4,0,0.68,0.36,0.75,0,0.36,0.75
2025/11/13 18:19,clusterB,3,4,4,0,0,0,0.75,0.25,0,0.75
2025/11/13 18:19,clusterA,3,4,4,0,0.68,0.37,0.75,0,0.37,0.75
2025/11/13 18:19,clusterB,3,4,4,0,0,0,0.75,0.25,0,0.75
2025/11/13 18:19,clusterA,3,4,4,0,0.68,0.37,0.75,0,0.37,0.75
2025/11/13 18:19,clusterB,3,4,4,0,0,0,0.75,0.25,0,0.75
2025/11/13 18:19,clusterA,3,4,4,0,0.69,0.37,0.75,0,0.37,0.75
2025/11/13 18:19,clusterB,3,4,4,0,0,0,0.75,0.25,0,0.75
2025/11/13 18:19,clusterA,3,4,4,0,0.67,0.37,0.75,0,0.37,0.75
2025/11/13 18:19,clusterB,3,4,4,0,0,0,0.75,0.25,0,0.75
2025/11/13 18:19,clusterA,3,4,4,0,0.65,0.37,0.75,0,0.37,0.75
2025/11/13 18:19,clusterB,3,4,4,0,0,0,0.75,0.25,0,0.75
2025/11/13 18:19,clusterA,4,4,4,0,0.63,0.36,1,0,0.36,1
2025/11/13 18:19,clusterB,4,4,4,0,0,0,1,0,0,1
2025/11/13 18:20,clusterA,4,4,4,0,0.63,0.37,1,0,0.37,1
2025/11/13 18:20,clusterB,4,4,4,0,0,0,1,0,0,1
2025/11/13 18:20,clusterA,4,4,4,0,0.65,0.37,1,0,0.37,1
2025/11/13 18:20,clusterB,4,4,4,0,0,0,1,0,0,1
2025/11/13 18:20,clusterA,4,4,4,0,0.66,0.37,1,0,0.37,1
2025/11/13 18:20,clusterB,4,4,4,0,0,0,1,0,0,1
2025/11/13 18:20,clusterA,4,4,4,0,0.68,0.38,1,0,0.38,1
2025/11/13 18:20,clusterB,4,4,4,0,0,0,1,0,0,1
2025/11/13 18:20,clusterA,4,4,4,0,0.68,0.38,1,0,0.38,1
2025/11/13 18:20,clusterB,4,4,4,0,0,0,1,0,0,1
2025/11/13 18:20,clusterA,4,4,4,0,0.7,0.38,1,0,0.38,1
2025/11/13 18:20,clusterB,4,4,4,0,0,0,1,0,0,1
2025/11/13 18:20,clusterA,4,4,4,0,0.71,0.38,1,0,0.38,1
2025/11/13 18:20,clusterB,4,4,4,0,0,0,1,0,0,1
2025/11/13 18:20,clusterA,2,4,4,0,0.7,0.38,0.5,0.12,0.38,0.5
2025/11/13 18:20,clusterB,2,4,4,0,0,0,0.5,0.5,0,0.5
2025/11/13 18:20,clusterA,2,4,4,0,0.68,0.37,0.5,0.13,0.37,0.5
2025/11/13 18:20,clusterB,2,4,2,2,0,0,0.5,0.5,0,0.5
2025/11/13 18:20,clusterA,1,4,4,0,0.71,0.37,0.25,0.38,0.37,0.25
2025/11/13 18:20,clusterB,1,4,2,2,0,0,0.25,0.75,0,0.25
2025/11/13 18:20,clusterA,1,4,4,0,0.69,0.37,0.25,0.38,0.37,0.25
2025/11/13 18:20,clusterB,1,4,2,2,0,0,0.25,0.75,0,0.25
2025/11/13 18:21,clusterA,1,4,4,0,0.68,0.37,0.25,0.38,0.37,0.25
2025/11/13 18:21,clusterB,1,4,2,2,0,0,0.25,0.75,0,0.25
2025/11/13 18:21,clusterA,1,4,4,0,0.66,0.36,0.25,0.39,0.36,0.25
2025/11/13 18:21,clusterB,1,4,2,2,0,0,0.25,0.75,0,0.25
2025/11/13 18:21,clusterA,1,4,4,0,0.66,0.36,0.25,0.39,0.36,0.25
2025/11/13 18:21,clusterB,1,4,2,2,0,0,0.25,0.75,0,0.25
2025/11/13 18:21,clusterA,1,4,4,0,0.66,0.36,0.25,0.39,0.36,0.25
2025/11/13 18:21,clusterB,1,4,2,2,0,0,0.25,0.75,0,0.25
2025/11/13 18:21,clusterA,1,4,4,0,0.64,0.36,0.25,0.39,0.36,0.25
2025/11/13 18:21,clusterB,1,4,2,2,0,0,0.25,0.75,0,0.25
2025/11/13 18:21,clusterA,1,4,4,0,0.63,0.36,0.25,0.39,0.36,0.25
2025/11/13 18:21,clusterB,1,4,2,2,0,0,0.25,0.75,0,0.25
2025/11/13 18:21,clusterA,1,4,4,0,0.62,0.36,0.25,0.39,0.36,0.25
2025/11/13 18:21,clusterB,1,4,2,2,0,0,0.25,0.75,0,0.25
2025/11/13 18:21,clusterA,1,4,4,0,0.64,0.36,0.25,0.39,0.36,0.25
2025/11/13 18:21,clusterB,1,4,2,2,0,0,0.25,0.75,0,0.25
2025/11/13 18:21,clusterA,1,4,4,0,0.66,0.37,0.25,0.38,0.37,0.25
2025/11/13 18:21,clusterB,1,4,2,2,0,0,0.25,0.75,0,0.25
2025/11/13 18:21,clusterA,1,4,4,0,0.65,0.37,0.25,0.38,0.37,0.25
2025/11/13 18:21,clusterB,1,4,2,2,0,0,0.25,0.75,0,0.25
2025/11/13 18:21,clusterA,1,4,4,0,0.64,0.37,0.25,0.38,0.37,0.25
2025/11/13 18:21,clusterB,1,4,2,2,0,0,0.25,0.75,0,0.25
2025/11/13 18:21,clusterA,1,4,4,0,0.67,0.38,0.25,0.37,0.38,0.25
2025/11/13 18:21,clusterB,1,4,2,2,0,0,0.25,0.75,0,0.25
2025/11/13 18:22,clusterA,1,4,4,0,0.67,0.37,0.25,0.38,0.37,0.25
2025/11/13 18:22,clusterB,1,4,2,2,0,0,0.25,0.75,0,0.25
2025/11/13 18:22,clusterA,1,4,4,0,0.68,0.37,0.25,0.38,0.37,0.25
2025/11/13 18:22,clusterB,1,4,2,2,0,0,0.25,0.75,0,0.25
2025/11/13 18:22,clusterA,1,4,4,0,0.67,0.36,0.25,0.39,0.36,0.25
2025/11/13 18:22,clusterB,1,4,2,2,0,0,0.25,0.75,0,0.25
2025/11/13 18:22,clusterA,1,4,4,0,0.66,0.36,0.25,0.39,0.36,0.25
2025/11/13 18:22,clusterB,1,4,2,2,0,0,0.25,0.75,0,0.25
2025/11/13 18:22,clusterA,1,4,3,1,0.65,0.35,0.25,0.4,0.35,0.25
2025/11/13 18:22,clusterB,1,4,2,2,0,0,0.25,0.75,0,0.25
2025/11/13 18:22,clusterA,1,4,3,1,0.64,0.34,0.25,0.41,0.34,0.25
2025/11/13 18:22,clusterB,1,4,2,2,0,0,0.25,0.75,0,0.25
2025/11/13 18:22,clusterA,1,4,3,1,0.62,0.33,0.25,0.42,0.33,0.25
2025/11/13 18:22,clusterB,1,4,2,2,0,0,0.25,0.75,0,0.25
2025/11/13 18:22,clusterA,1,4,3,1,0.6,0.32,0.25,0.43,0.32,0.25
2025/11/13 18:22,clusterB,1,4,2,2,0,0,0.25,0.75,0,0.25
2025/11/13 18:22,clusterA,1,4,3,1,0.6,0.32,0.25,0.43,0.32,0.25
2025/11/13 18:22,clusterB,1,4,2,2,0,0,0.25,0.75,0,0.25
2025/11/13 18:22,clusterA,1,4,3,1,0.6,0.31,0.25,0.44,0.31,0.25
2025/11/13 18:22,clusterB,1,4,2,2,0,0,0.25,0.75,0,0.25
2025/11/13 18:22,clusterA,1,4,3,1,0.58,0.3,0.25,0.45,0.3,0.25
2025/11/13 18:22,clusterB,1,4,2,2,0,0,0.25,0.75,0,0.25
2025/11/13 18:22,clusterA,1,4,3,1,0.55,0.29,0.25,0.46,0.29,0.25
2025/11/13 18:22,clusterB,1,4,2,2,0,0,0.25,0.75,0,0.25
2025/11/13 18:23,clusterA,1,4,3,1,0.53,0.28,0.25,0.47,0.28,0.25
2025/11/13 18:23,clusterB,1,4,2,2,0,0,0.25,0.75,0,0.25
2025/11/13 18:23,clusterA,1,4,3,1,0.51,0.27,0.25,0.48,0.27,0.25
2025/11/13 18:23,clusterB,1,4,2,2,0,0,0.25,0.75,0,0.25
2025/11/13 18:23,clusterA,1,4,3,1,0.49,0.27,0.25,0.48,0.27,0.25
2025/11/13 18:23,clusterB,1,4,2,2,0,0,0.25,0.75,0,0.25
2025/11/13 18:23,clusterA,1,4,3,1,0.49,0.27,0.25,0.48,0.27,0.25
2025/11/13 18:23,clusterB,1,4,2,2,0,0,0.25,0.75,0,0.25
2025/11/13 18:23,clusterA,1,4,3,1,0.5,0.27,0.25,0.48,0.27,0.25
2025/11/13 18:23,clusterB,1,4,2,2,0,0,0.25,0.75,0,0.25
2025/11/13 18:23,clusterA,1,4,3,1,0.51,0.27,0.25,0.48,0.27,0.25
2025/11/13 18:23,clusterB,1,4,2,2,0,0,0.25,0.75,0,0.25
2025/11/13 18:23,clusterA,1,4,3,1,0.51,0.26,0.25,0.49,0.26,0.25
2025/11/13 18:23,clusterB,1,4,2,2,0,0,0.25,0.75,0,0.25
2025/11/13 18:23,clusterA,1,4,3,1,0.52,0.27,0.25,0.48,0.27,0.25
2025/11/13 18:23,clusterB,1,4,2,2,0,0,0.25,0.75,0,0.25
2025/11/13 18:23,clusterA,1,4,3,1,0.51,0.27,0.25,0.48,0.27,0.25
2025/11/13 18:23,clusterB,1,4,2,2,0,0,0.25,0.75,0,0.25
2025/11/13 18:23,clusterA,1,4,3,1,0.5,0.27,0.25,0.48,0.27,0.25
2025/11/13 18:23,clusterB,1,4,2,2,0,0,0.25,0.75,0,0.25
2025/11/13 18:23,clusterA,2,4,3,1,0.52,0.27,0.5,0.23,0.27,0.5
2025/11/13 18:23,clusterB,2,4,2,2,0,0,0.5,0.5,0,0.5
2025/11/13 18:23,clusterA,2,4,3,1,0.54,0.28,0.5,0.22,0.28,0.5
2025/11/13 18:23,clusterB,2,4,2,2,0,0,0.5,0.5,0,0.5
2025/11/13 18:24,clusterA,2,4,3,1,0.54,0.28,0.5,0.22,0.28,0.5
2025/11/13 18:24,clusterB,2,4,2,2,0,0,0.5,0.5,0,0.5
2025/11/13 18:24,clusterA,2,4,3,1,0.54,0.28,0.5,0.22,0.28,0.5
2025/11/13 18:24,clusterB,2,4,2,2,0,0,0.5,0.5,0,0.5
2025/11/13 18:24,clusterA,2,4,3,1,0.53,0.28,0.5,0.22,0.28,0.5
2025/11/13 18:24,clusterB,2,4,2,2,0,0,0.5,0.5,0,0.5
2025/11/13 18:24,clusterA,2,4,3,1,0.53,0.28,0.5,0.22,0.28,0.5
2025/11/13 18:24,clusterB,2,4,2,2,0,0,0.5,0.5,0,0.5
2025/11/13 18:24,clusterA,2,4,3,1,0.53,0.28,0.5,0.22,0.28,0.5
2025/11/13 18:24,clusterB,2,4,2,2,0,0,0.5,0.5,0,0.5
2025/11/13 18:24,clusterA,2,4,3,1,0.53,0.28,0.5,0.22,0.28,0.5
2025/11/13 18:24,clusterB,2,4,2,2,0,0,0.5,0.5,0,0.5
2025/11/13 18:24,clusterA,2,4,3,1,0.51,0.27,0.5,0.23,0.27,0.5
2025/11/13 18:24,clusterB,2,4,2,2,0,0,0.5,0.5,0,0.5
2025/11/13 18:24,clusterA,2,4,3,1,0.48,0.27,0.5,0.23,0.27,0.5
2025/11/13 18:24,clusterB,2,4,2,2,0,0,0.5,0.5,0,0.5
2025/11/13 18:24,clusterA,2,4,3,1,0.49,0.26,0.5,0.24,0.26,0.5
2025/11/13 18:24,clusterB,2,4,2,2,0,0,0.5,0.5,0,0.5
2025/11/13 18:24,clusterA,2,4,3,1,0.5,0.26,0.5,0.24,0.26,0.5
2025/11/13 18:24,clusterB,2,4,2,2,0,0,0.5,0.5,0,0.5
2025/11/13 18:24,clusterA,3,4,3,1,0.49,0.26,0.75,0,0.26,0.75
2025/11/13 18:24,clusterB,3,4,2,2,0,0,0.75,0.25,0,0.75
2025/11/13 18:24,clusterA,3,4,3,1,0.47,0.26,0.75,0,0.26,0.75
2025/11/13 18:24,clusterB,3,4,2,2,0,0,0.75,0.25,0,0.75
2025/11/13 18:25,clusterA,3,4,3,1,0.47,0.26,0.75,0,0.26,0.75
2025/11/13 18:25,clusterB,3,4,2,2,0,0,0.75,0.25,0,0.75
2025/11/13 18:25,clusterA,3,4,3,1,0.46,0.25,0.75,0,0.25,0.75
2025/11/13 18:25,clusterB,3,4,2,2,0,0,0.75,0.25,0,0.75
2025/11/13 18:25,clusterA,3,4,3,1,0.47,0.25,0.75,0,0.25,0.75
2025/11/13 18:25,clusterB,3,4,2,2,0,0,0.75,0.25,0,0.75
2025/11/13 18:25,clusterA,3,4,3,1,0.47,0.25,0.75,0,0.25,0.75
2025/11/13 18:25,clusterB,3,4,2,2,0,0,0.75,0.25,0,0.75
2025/11/13 18:25,clusterA,3,4,3,1,0.46,0.25,0.75,0,0.25,0.75
2025/11/13 18:25,clusterB,3,4,2,2,0,0,0.75,0.25,0,0.75
2025/11/13 18:25,clusterA,3,4,3,1,0.46,0.25,0.75,0,0.25,0.75
2025/11/13 18:25,clusterB,3,4,2,2,0,0,0.75,0.25,0,0.75
2025/11/13 18:25,clusterA,3,4,3,1,0.47,0.26,0.75,0,0.26,0.75
2025/11/13 18:25,clusterB,3,4,2,2,0,0,0.75,0.25,0,0.75
2025/11/13 18:25,clusterA,3,4,3,1,0.5,0.27,0.75,0,0.27,0.75
2025/11/13 18:25,clusterB,3,4,2,2,0,0,0.75,0.25,0,0.75
2025/11/13 18:25,clusterA,3,4,3,1,0.49,0.27,0.75,0,0.27,0.75
2025/11/13 18:25,clusterB,3,4,2,2,0,0,0.75,0.25,0,0.75
2025/11/13 18:25,clusterA,3,4,3,1,0.49,0.27,0.75,0,0.27,0.75
2025/11/13 18:25,clusterB,3,4,2,2,0,0,0.75,0.25,0,0.75
2025/11/13 18:25,clusterA,3,4,3,1,0.49,0.27,0.75,0,0.27,0.75
2025/11/13 18:25,clusterB,3,4,2,2,0,0,0.75,0.25,0,0.75
2025/11/13 18:25,clusterA,3,4,3,1,0.51,0.27,0.75,0,0.27,0.75
2025/11/13 18:25,clusterB,3,4,2,2,0,0,0.75,0.25,0,0.75
2025/11/13 18:26,clusterA,3,4,3,1,0.51,0.27,0.75,0,0.27,0.75
2025/11/13 18:26,clusterB,3,4,2,2,0,0,0.75,0.25,0,0.75
2025/11/13 18:26,clusterA,3,4,3,1,0.53,0.28,0.75,0,0.28,0.75
2025/11/13 18:26,clusterB,3,4,2,2,0,0,0.75,0.25,0,0.75
2025/11/13 18:26,clusterA,3,4,3,1,0.53,0.28,0.75,0,0.28,0.75
2025/11/13 18:26,clusterB,3,4,2,2,0,0,0.75,0.25,0,0.75
2025/11/13 18:26,clusterA,3,4,3,1,0.53,0.28,0.75,0,0.28,0.75
2025/11/13 18:26,clusterB,3,4,2,2,0,0,0.75,0.25,0,0.75
2025/11/13 18:26,clusterA,3,4,3,1,0.53,0.28,0.75,0,0.28,0.75
2025/11/13 18:26,clusterB,3,4,2,2,0,0,0.75,0.25,0,0.75
2025/11/13 18:26,clusterA,3,4,3,1,0.51,0.28,0.75,0,0.28,0.75
2025/11/13 18:26,clusterB,3,4,2,2,0,0,0.75,0.25,0,0.75
2025/11/13 18:26,clusterA,3,4,3,1,0.53,0.28,0.75,0,0.28,0.75
2025/11/13 18:26,clusterB,3,4,2,2,0,0,0.75,0.25,0,0.75
2025/11/13 18:26,clusterA,3,4,3,1,0.53,0.28,0.75,0,0.28,0.75
2025/11/13 18:26,clusterB,3,4,2,2,0,0,0.75,0.25,0,0.75
2025/11/13 18:26,clusterA,3,4,3,1,0.54,0.28,0.75,0,0.28,0.75
2025/11/13 18:26,clusterB,3,4,2,2,0,0,0.75,0.25,0,0.75
2025/11/13 18:26,clusterA,3,4,3,1,0.52,0.27,0.75,0,0.27,0.75
2025/11/13 18:26,clusterB,3,4,2,2,0,0,0.75,0.25,0,0.75
2025/11/13 18:26,clusterA,3,4,3,1,0.5,0.27,0.75,0,0.27,0.75
2025/11/13 18:26,clusterB,3,4,2,2,0,0,0.75,0.25,0,0.75
2025/11/13 18:26,clusterA,3,4,3,1,0.49,0.27,0.75,0,0.27,0.75
2025/11/13 18:26,clusterB,3,4,2,2,0,0,0.75,0.25,0,0.75
2025/11/13 18:27,clusterA,3,4,3,1,0.49,0.27,0.75,0,0.27,0.75
2025/11/13 18:27,clusterB,3,4,2,2,0,0,0.75,0.25,0,0.75
2025/11/13 18:27,clusterA,3,4,3,1,0.47,0.27,0.75,0,0.27,0.75
2025/11/13 18:27,clusterB,3,4,2,2,0,0,0.75,0.25,0,0.75
2025/11/13 18:27,clusterA,3,4,3,1,0.47,0.27,0.75,0,0.27,0.75
2025/11/13 18:27,clusterB,3,4,2,2,0,0,0.75,0.25,0,0.75
2025/11/13 18:27,clusterA,3,4,3,1,0.47,0.27,0.75,0,0.27,0.75
2025/11/13 18:27,clusterB,3,4,2,2,0,0,0.75,0.25,0,0.75
2025/11/13 18:27,clusterA,3,4,3,1,0.47,0.27,0.75,0,0.27,0.75
2025/11/13 18:27,clusterB,3,4,2,2,0,0,0.75,0.25,0,0.75
2025/11/13 18:27,clusterA,3,4,3,1,0.48,0.27,0.75,0,0.27,0.75
2025/11/13 18:27,clusterB,3,4,2,2,0,0,0.75,0.25,0,0.75
2025/11/13 18:27,clusterA,3,4,3,1,0.48,0.27,0.75,0,0.27,0.75
2025/11/13 18:27,clusterB,3,4,2,2,0,0,0.75,0.25,0,0.75
2025/11/13 18:27,clusterA,3,4,3,1,0.48,0.27,0.75,0,0.27,0.75
2025/11/13 18:27,clusterB,3,4,2,2,0,0,0.75,0.25,0,0.75
2025/11/13 18:27,clusterA,3,4,3,1,0.47,0.27,0.75,0,0.27,0.75
2025/11/13 18:27,clusterB,3,4,2,2,0,0,0.75,0.25,0,0.75
2025/11/13 18:27,clusterA,3,4,3,1,0.49,0.27,0.75,0,0.27,0.75
2025/11/13 18:27,clusterB,3,4,2,2,0,0,0.75,0.25,0,0.75
2025/11/13 18:27,clusterA,3,4,3,1,0.48,0.27,0.75,0,0.27,0.75
2025/11/13 18:27,clusterB,3,4,2,2,0,0,0.75,0.25,0,0.75
2025/11/13 18:27,clusterA,3,4,3,1,0.49,0.27,0.75,0,0.27,0.75
2025/11/13 18:27,clusterB,3,4,2,2,0,0,0.75,0.25,0,0.75
2025/11/13 18:28,clusterA,3,4,3,1,0.5,0.28,0.75,0,0.28,0.75
2025/11/13 18:28,clusterB,3,4,2,2,0,0,0.75,0.25,0,0.75
2025/11/13 18:28,clusterA,3,4,3,1,0.51,0.28,0.75,0,0.28,0.75
2025/11/13 18:28,clusterB,3,4,2,2,0,0,0.75,0.25,0,0.75
2025/11/13 18:28,clusterA,3,4,3,1,0.5,0.27,0.75,0,0.27,0.75
2025/11/13 18:28,clusterB,3,4,2,2,0,0,0.75,0.25,0,0.75
2025/11/13 18:28,clusterA,3,4,3,1,0.51,0.27,0.75,0,0.27,0.75
2025/11/13 18:28,clusterB,3,4,2,2,0,0,0.75,0.25,0,0.75
2025/11/13 18:28,clusterA,3,4,3,1,0.51,0.28,0.75,0,0.28,0.75
2025/11/13 18:28,clusterB,3,4,2,2,0,0,0.75,0.25,0,0.75
2025/11/13 18:28,clusterA,3,4,3,1,0.51,0.28,0.75,0,0.28,0.75
2025/11/13 18:28,clusterB,3,4,2,2,0,0,0.75,0.25,0,0.75
2025/11/13 18:28,clusterA,3,4,3,1,0.51,0.28,0.75,0,0.28,0.75
2025/11/13 18:28,clusterB,3,4,2,2,0,0,0.75,0.25,0,0.75
2025/11/13 18:28,clusterA,3,4,3,1,0.52,0.28,0.75,0,0.28,0.75
2025/11/13 18:28,clusterB,3,4,2,2,0,0,0.75,0.25,0,0.75
2025/11/13 18:28,clusterA,3,4,3,1,0.51,0.28,0.75,0,0.28,0.75
2025/11/13 18:28,clusterB,3,4,2,2,0,0,0.75,0.25,0,0.75
2025/11/13 18:28,clusterA,3,4,3,1,0.51,0.28,0.75,0,0.28,0.75
2025/11/13 18:28,clusterB,3,4,2,2,0,0,0.75,0.25,0,0.75
2025/11/13 18:28,clusterA,3,4,3,1,0.51,0.27,0.75,0,0.27,0.75
2025/11/13 18:28,clusterB,3,4,2,2,0,0,0.75,0.25,0,0.75
2025/11/13 18:28,clusterA,3,4,3,1,0.51,0.27,0.75,0,0.27,0.75
2025/11/13 18:28,clusterB,3,4,2,2,0,0,0.75,0.25,0,0.75
2025/11/13 18:29,clusterA,3,4,3,1,0.52,0.27,0.75,0,0.27,0.75
2025/11/13 18:29,clusterB,3,4,2,2,0,0,0.75,0.25,0,0.75
2025/11/13 18:29,clusterA,3,4,3,1,0.52,0.27,0.75,0,0.27,0.75
2025/11/13 18:29,clusterB,3,4,2,2,0,0,0.75,0.25,0,0.75
2025/11/13 18:29,clusterA,3,4,3,1,0.53,0.27,0.75,0,0.27,0.75
2025/11/13 18:29,clusterB,3,4,2,2,0,0,0.75,0.25,0,0.75
2025/11/13 18:29,clusterA,3,4,3,1,0.52,0.27,0.75,0,0.27,0.75
2025/11/13 18:29,clusterB,3,4,2,2,0,0,0.75,0.25,0,0.75
2025/11/13 18:29,clusterA,3,4,3,1,0.51,0.27,0.75,0,0.27,0.75
2025/11/13 18:29,clusterB,3,4,2,2,0,0,0.75,0.25,0,0.75
2025/11/13 18:29,clusterA,3,4,3,1,0.5,0.27,0.75,0,0.27,0.75
2025/11/13 18:29,clusterB,3,4,2,2,0,0,0.75,0.25,0,0.75
2025/11/13 18:29,clusterA,3,4,3,1,0.51,0.27,0.75,0,0.27,0.75
2025/11/13 18:29,clusterB,3,4,2,2,0,0,0.75,0.25,0,0.75
2025/11/13 18:29,clusterA,3,4,3,1,0.5,0.27,0.75,0,0.27,0.75
2025/11/13 18:29,clusterB,3,4,2,2,0,0,0.75,0.25,0,0.75
2025/11/13 18:29,clusterA,3,4,3,1,0.49,0.27,0.75,0,0.27,0.75
2025/11/13 18:29,clusterB,3,4,2,2,0,0,0.75,0.25,0,0.75
2025/11/13 18:29,clusterA,3,4,3,1,0.5,0.27,0.75,0,0.27,0.75
2025/11/13 18:29,clusterB,3,4,2,2,0,0,0.75,0.25,0,0.75
2025/11/13 18:29,clusterA,3,4,3,1,0.49,0.27,0.75,0,0.27,0.75
2025/11/13 18:29,clusterB,3,4,2,2,0,0,0.75,0.25,0,0.75
2025/11/13 18:30,clusterA,3,4,3,1,0.51,0.27,0.75,0,0.27,0.75
2025/11/13 18:30,clusterB,3,4,2,2,0,0,0.75,0.25,0,0.75
2025/11/13 18:30,clusterA,3,4,3,1,0.51,0.27,0.75,0,0.27,0.75
2025/11/13 18:30,clusterB,3,4,2,2,0,0,0.75,0.25,0,0.75
2025/11/13 18:30,clusterA,3,4,3,1,0.5,0.27,0.75,0,0.27,0.75
2025/11/13 18:30,clusterB,3,4,2,2,0,0,0.75,0.25,0,0.75
2025/11/13 18:30,clusterA,3,4,3,1,0.5,0.28,0.75,0,0.28,0.75
2025/11/13 18:30,clusterB,3,4,2,2,0,0,0.75,0.25,0,0.75
2025/11/13 18:30,clusterA,3,4,3,1,0.52,0.28,0.75,0,0.28,0.75
2025/11/13 18:30,clusterB,3,4,2,2,0,0,0.75,0.25,0,0.75
2025/11/13 18:30,clusterA,3,4,3,1,0.52,0.28,0.75,0,0.28,0.75
2025/11/13 18:30,clusterB,3,4,2,2,0,0,0.75,0.25,0,0.75
2025/11/13 18:30,clusterA,3,4,3,1,0.54,0.28,0.75,0,0.28,0.75
2025/11/13 18:30,clusterB,3,4,2,2,0,0,0.75,0.25,0,0.75
2025/11/13 18:30,clusterA,3,4,3,1,0.54,0.28,0.75,0,0.28,0.75
2025/11/13 18:30,clusterB,3,4,2,2,0,0,0.75,0.25,0,0.75
2025/11/13 18:30,clusterA,3,4,3,1,0.54,0.28,0.75,0,0.28,0.75
2025/11/13 18:30,clusterB,3,4,2,2,0,0,0.75,0.25,0,0.75
2025/11/13 18:30,clusterA,3,4,3,1,0.55,0.28,0.75,0,0.28,0.75
2025/11/13 18:30,clusterB,3,4,2,2,0,0,0.75,0.25,0,0.75
2025/11/13 18:30,clusterA,3,4,3,1,0.55,0.28,0.75,0,0.28,0.75
2025/11/13 18:30,clusterB,3,4,2,2,0,0,0.75,0.25,0,0.75
2025/11/13 18:30,clusterA,3,4,3,1,0.53,0.28,0.75,0,0.28,0.75
2025/11/13 18:30,clusterB,3,4,2,2,0,0,0.75,0.25,0,0.75
2025/11/13 18:31,clusterA,3,4,3,1,0.51,0.28,0.75,0,0.28,0.75
2025/11/13 18:31,clusterB,3,4,2,2,0,0,0.75,0.25,0,0.75
2025/11/13 18:31,clusterA,3,4,3,1,0.51,0.27,0.75,0,0.27,0.75
2025/11/13 18:31,clusterB,3,4,2,2,0,0,0.75,0.25,0,0.75
2025/11/13 18:31,clusterA,3,4,3,1,0.5,0.27,0.75,0,0.27,0.75
2025/11/13 18:31,clusterB,3,4,2,2,0,0,0.75,0.25,0,0.75
2025/11/13 18:31,clusterA,3,4,3,1,0.5,0.27,0.75,0,0.27,0.75
2025/11/13 18:31,clusterB,3,4,2,2,0,0,0.75,0.25,0,0.75
2025/11/13 18:31,clusterA,3,4,3,1,0.46,0.26,0.75,0,0.26,0.75
2025/11/13 18:31,clusterB,3,4,2,2,0,0,0.75,0.25,0,0.75
2025/11/13 18:31,clusterA,3,4,3,1,0.45,0.26,0.75,0,0.26,0.75
2025/11/13 18:31,clusterB,3,4,2,2,0,0,0.75,0.25,0,0.75
2025/11/13 18:31,clusterA,3,4,3,1,0.45,0.26,0.75,0,0.26,0.75
2025/11/13 18:31,clusterB,3,4,2,2,0,0,0.75,0.25,0,0.75
2025/11/13 18:31,clusterA,3,4,3,1,0.44,0.26,0.75,0,0.26,0.75
2025/11/13 18:31,clusterB,3,4,2,2,0,0,0.75,0.25,0,0.75
2025/11/13 18:31,clusterA,3,4,3,1,0.44,0.26,0.75,0,0.26,0.75
2025/11/13 18:31,clusterB,3,4,2,2,0,0,0.75,0.25,0,0.75
2025/11/13 18:31,clusterA,3,4,3,1,0.44,0.26,0.75,0,0.26,0.75
2025/11/13 18:31,clusterB,3,4,2,2,0,0,0.75,0.25,0,0.75
2025/11/13 18:31,clusterA,3,4,3,1,0.44,0.26,0.75,0,0.26,0.75
2025/11/13 18:31,clusterB,3,4,2,2,0,0,0.75,0.25,0,0.75
2025/11/13 18:31,clusterA,3,4,3,1,0.45,0.26,0.75,0,0.26,0.75
2025/11/13 18:31,clusterB,3,4,2,2,0,0,0.75,0.25,0,0.75
2025/11/13 18:32,clusterA,3,4,3,1,0.47,0.27,0.75,0,0.27,0.75
2025/11/13 18:32,clusterB,3,4,2,2,0,0,0.75,0.25,0,0.75
2025/11/13 18:32,clusterA,3,4,3,1,0.47,0.27,0.75,0,0.27,0.75
2025/11/13 18:32,clusterB,3,4,2,2,0,0,0.75,0.25,0,0.75
2025/11/13 18:32,clusterA,3,4,3,1,0.48,0.27,0.75,0,0.27,0.75
2025/11/13 18:32,clusterB,3,4,2,2,0,0,0.75,0.25,0,0.75
2025/11/13 18:32,clusterA,3,4,3,1,0.49,0.28,0.75,0,0.28,0.75
2025/11/13 18:32,clusterB,3,4,2,2,0,0,0.75,0.25,0,0.75
2025/11/13 18:32,clusterA,3,4,3,1,0.52,0.28,0.75,0,0.28,0.75
2025/11/13 18:32,clusterB,3,4,2,2,0,0,0.75,0.25,0,0.75
2025/11/13 18:32,clusterA,3,4,3,1,0.53,0.28,0.75,0,0.28,0.75
2025/11/13 18:32,clusterB,3,4,2,2,0,0,0.75,0.25,0,0.75
2025/11/13 18:32,clusterA,3,4,3,1,0.53,0.28,0.75,0,0.28,0.75
2025/11/13 18:32,clusterB,3,4,2,2,0,0,0.75,0.25,0,0.75
2025/11/13 18:32,clusterA,3,4,3,1,0.53,0.28,0.75,0,0.28,0.75
2025/11/13 18:32,clusterB,3,4,2,2,0,0,0.75,0.25,0,0.75
2025/11/13 18:32,clusterA,3,4,3,1,0.53,0.28,0.75,0,0.28,0.75
2025/11/13 18:32,clusterB,3,4,2,2,0,0,0.75,0.25,0,0.75
2025/11/13 18:32,clusterA,3,4,3,1,0.54,0.28,0.75,0,0.28,0.75
2025/11/13 18:32,clusterB,3,4,2,2,0,0,0.75,0.25,0,0.75
2025/11/13 18:32,clusterA,3,4,3,1,0.52,0.27,0.75,0,0.27,0.75
2025/11/13 18:32,clusterB,3,4,2,2,0,0,0.75,0.25,0,0.75
2025/11/13 18:32,clusterA,3,4,3,1,0.51,0.27,0.75,0,0.27,0.75
2025/11/13 18:32,clusterB,3,4,2,2,0,0,0.75,0.25,0,0.75
2025/11/13 18:33,clusterA,3,4,3,1,0.51,0.27,0.75,0,0.27,0.75
2025/11/13 18:33,clusterB,3,4,2,2,0,0,0.75,0.25,0,0.75
2025/11/13 18:33,clusterA,3,4,3,1,0.5,0.27,0.75,0,0.27,0.75
2025/11/13 18:33,clusterB,3,4,2,2,0,0,0.75,0.25,0,0.75
2025/11/13 18:33,clusterA,3,4,3,1,0.51,0.27,0.75,0,0.27,0.75
2025/11/13 18:33,clusterB,3,4,2,2,0,0,0.75,0.25,0,0.75
2025/11/13 18:33,clusterA,3,4,3,1,0.49,0.27,0.75,0,0.27,0.75
2025/11/13 18:33,clusterB,3,4,2,2,0,0,0.75,0.25,0,0.75
2025/11/13 18:33,clusterA,3,4,3,1,0.47,0.26,0.75,0,0.26,0.75
2025/11/13 18:33,clusterB,3,4,2,2,0,0,0.75,0.25,0,0.75
2025/11/13 18:33,clusterA,3,4,3,1,0.47,0.27,0.75,0,0.27,0.75
2025/11/13 18:33,clusterB,3,4,2,2,0,0,0.75,0.25,0,0.75
2025/11/13 18:33,clusterA,3,4,3,1,0.47,0.27,0.75,0,0.27,0.75
2025/11/13 18:33,clusterB,3,4,2,2,0,0,0.75,0.25,0,0.75
2025/11/13 18:33,clusterA,3,4,3,1,0.47,0.27,0.75,0,0.27,0.75
2025/11/13 18:33,clusterB,3,4,2,2,0,0,0.75,0.25,0,0.75
2025/11/13 18:33,clusterA,3,4,3,1,0.47,0.27,0.75,0,0.27,0.75
2025/11/13 18:33,clusterB,3,4,2,2,0,0,0.75,0.25,0,0.75
2025/11/13 18:33,clusterA,3,4,3,1,0.46,0.27,0.75,0,0.27,0.75
2025/11/13 18:33,clusterB,3,4,2,2,0,0,0.75,0.25,0,0.75
2025/11/13 18:33,clusterA,3,4,3,1,0.48,0.27,0.75,0,0.27,0.75
2025/11/13 18:33,clusterB,3,4,2,2,0,0,0.75,0.25,0,0.75
2025/11/13 18:33,clusterA,3,4,3,1,0.48,0.28,0.75,0,0.28,0.75
2025/11/13 18:33,clusterB,3,4,2,2,0,0,0.75,0.25,0,0.75
2025/11/13 18:34,clusterA,3,4,3,1,0.49,0.28,0.75,0,0.28,0.75
2025/11/13 18:34,clusterB,3,4,2,2,0,0,0.75,0.25,0,0.75
2025/11/13 18:34,clusterA,3,4,3,1,0.49,0.28,0.75,0,0.28,0.75
2025/11/13 18:34,clusterB,3,4,2,2,0,0,0.75,0.25,0,0.75
2025/11/13 18:34,clusterA,3,4,3,1,0.49,0.28,0.75,0,0.28,0.75
2025/11/13 18:34,clusterB,3,4,2,2,0,0,0.75,0.25,0,0.75
2025/11/13 18:34,clusterA,3,4,3,1,0.49,0.28,0.75,0,0.28,0.75
2025/11/13 18:34,clusterB,3,4,2,2,0,0,0.75,0.25,0,0.75
2025/11/13 18:34,clusterA,3,4,3,1,0.5,0.28,0.75,0,0.28,0.75
2025/11/13 18:34,clusterB,3,4,2,2,0,0,0.75,0.25,0,0.75
2025/11/13 18:34,clusterA,3,4,3,1,0.52,0.28,0.75,0,0.28,0.75
2025/11/13 18:34,clusterB,3,4,2,2,0,0,0.75,0.25,0,0.75
2025/11/13 18:34,clusterA,3,4,3,1,0.53,0.28,0.75,0,0.28,0.75
2025/11/13 18:34,clusterB,3,4,2,2,0,0,0.75,0.25,0,0.75
2025/11/13 18:34,clusterA,3,4,3,1,0.51,0.28,0.75,0,0.28,0.75
2025/11/13 18:34,clusterB,3,4,2,2,0,0,0.75,0.25,0,0.75
2025/11/13 18:34,clusterA,3,4,3,1,0.51,0.28,0.75,0,0.28,0.75
2025/11/13 18:34,clusterB,3,4,2,2,0,0,0.75,0.25,0,0.75
2025/11/13 18:34,clusterA,3,4,3,1,0.5,0.28,0.75,0,0.28,0.75
2025/11/13 18:34,clusterB,3,4,2,2,0,0,0.75,0.25,0,0.75
2025/11/13 18:34,clusterA,3,4,3,1,0.51,0.28,0.75,0,0.28,0.75
2025/11/13 18:34,clusterB,3,4,2,2,0,0,0.75,0.25,0,0.75
2025/11/13 18:34,clusterA,3,4,3,1,0.52,0.27,0.75,0,0.27,0.75
2025/11/13 18:34,clusterB,3,4,2,2,0,0,0.75,0.25,0,0.75
2025/11/13 18:35,clusterA,3,4,3,1,0.52,0.27,0.75,0,0.27,0.75
2025/11/13 18:35,clusterB,3,4,2,2,0,0,0.75,0.25,0,0.75
2025/11/13 18:35,clusterA,3,4,3,1,0.51,0.27,0.75,0,0.27,0.75
2025/11/13 18:35,clusterB,3,4,2,2,0,0,0.75,0.25,0,0.75
2025/11/13 18:35,clusterA,3,4,3,1,0.5,0.27,0.75,0,0.27,0.75
2025/11/13 18:35,clusterB,3,4,2,2,0,0,0.75,0.25,0,0.75
2025/11/13 18:35,clusterA,3,4,3,1,0.48,0.27,0.75,0,0.27,0.75
2025/11/13 18:35,clusterB,3,4,2,2,0,0,0.75,0.25,0,0.75
2025/11/13 18:35,clusterA,3,4,3,1,0.47,0.27,0.75,0,0.27,0.75
2025/11/13 18:35,clusterB,3,4,2,2,0,0,0.75,0.25,0,0.75
2025/11/13 18:35,clusterA,3,4,3,1,0.47,0.27,0.75,0,0.27,0.75
2025/11/13 18:35,clusterB,3,4,2,2,0,0,0.75,0.25,0,0.75
2025/11/13 18:35,clusterA,3,4,3,1,0.46,0.27,0.75,0,0.27,0.75
2025/11/13 18:35,clusterB,3,4,2,2,0,0,0.75,0.25,0,0.75
2025/11/13 18:35,clusterA,3,4,3,1,0.48,0.27,0.75,0,0.27,0.75
2025/11/13 18:35,clusterB,3,4,2,2,0,0,0.75,0.25,0,0.75
2025/11/13 18:35,clusterA,3,4,3,1,0.47,0.27,0.75,0,0.27,0.75
2025/11/13 18:35,clusterB,3,4,2,2,0,0,0.75,0.25,0,0.75
2025/11/13 18:35,clusterA,3,4,3,1,0.49,0.27,0.75,0,0.27,0.75
2025/11/13 18:35,clusterB,3,4,2,2,0,0,0.75,0.25,0,0.75
2025/11/13 18:35,clusterA,3,4,3,1,0.48,0.27,0.75,0,0.27,0.75
2025/11/13 18:35,clusterB,3,4,2,2,0,0,0.75,0.25,0,0.75
2025/11/13 18:35,clusterA,3,4,3,1,0.48,0.27,0.75,0,0.27,0.75
2025/11/13 18:35,clusterB,3,4,2,2,0,0,0.75,0.25,0,0.75
2025/11/13 18:36,clusterA,3,4,3,1,0.48,0.28,0.75,0,0.28,0.75
2025/11/13 18:36,clusterB,3,4,2,2,0,0,0.75,0.25,0,0.75
2025/11/13 18:36,clusterA,3,4,3,1,0.5,0.28,0.75,0,0.28,0.75
2025/11/13 18:36,clusterB,3,4,2,2,0,0,0.75,0.25,0,0.75
2025/11/13 18:36,clusterA,3,4,3,1,0.5,0.28,0.75,0,0.28,0.75
2025/11/13 18:36,clusterB,3,4,2,2,0,0,0.75,0.25,0,0.75
2025/11/13 18:36,clusterA,3,4,3,1,0.5,0.27,0.75,0,0.27,0.75
2025/11/13 18:36,clusterB,3,4,2,2,0,0,0.75,0.25,0,0.75
2025/11/13 18:36,clusterA,3,4,3,1,0.48,0.27,0.75,0,0.27,0.75
2025/11/13 18:36,clusterB,3,4,2,2,0,0,0.75,0.25,0,0.75
2025/11/13 18:36,clusterA,3,4,3,1,0.49,0.27,0.75,0,0.27,0.75
2025/11/13 18:36,clusterB,3,4,2,2,0,0,0.75,0.25,0,0.75
2025/11/13 18:36,clusterA,3,4,3,1,0.5,0.27,0.75,0,0.27,0.75
2025/11/13 18:36,clusterB,3,4,2,2,0,0,0.75,0.25,0,0.75
2025/11/13 18:36,clusterA,3,4,3,1,0.5,0.27,0.75,0,0.27,0.75
2025/11/13 18:36,clusterB,3,4,2,2,0,0,0.75,0.25,0,0.75
2025/11/13 18:36,clusterA,3,4,3,1,0.5,0.27,0.75,0,0.27,0.75
2025/11/13 18:36,clusterB,3,4,2,2,0,0,0.75,0.25,0,0.75
2025/11/13 18:36,clusterA,3,4,3,1,0.5,0.27,0.75,0,0.27,0.75
2025/11/13 18:36,clusterB,3,4,2,2,0,0,0.75,0.25,0,0.75
2025/11/13 18:36,clusterA,3,4,3,1,0.51,0.28,0.75,0,0.28,0.75
2025/11/13 18:36,clusterB,3,4,2,2,0,0,0.75,0.25,0,0.75
2025/11/13 18:36,clusterA,3,4,3,1,0.5,0.27,0.75,0,0.27,0.75
2025/11/13 18:36,clusterB,3,4,2,2,0,0,0.75,0.25,0,0.75
2025/11/13 18:37,clusterA,3,4,3,1,0.5,0.27,0.75,0,0.27,0.75
2025/11/13 18:37,clusterB,3,4,2,2,0,0,0.75,0.25,0,0.75
2025/11/13 18:37,clusterA,3,4,3,1,0.5,0.27,0.75,0,0.27,0.75
2025/11/13 18:37,clusterB,3,4,2,2,0,0,0.75,0.25,0,0.75
2025/11/13 18:37,clusterA,3,4,3,1,0.5,0.27,0.75,0,0.27,0.75
2025/11/13 18:37,clusterB,3,4,2,2,0,0,0.75,0.25,0,0.75
2025/11/13 18:37,clusterA,3,4,3,1,0.5,0.27,0.75,0,0.27,0.75
2025/11/13 18:37,clusterB,3,4,2,2,0,0,0.75,0.25,0,0.75
2025/11/13 18:37,clusterA,3,4,3,1,0.53,0.27,0.75,0,0.27,0.75
2025/11/13 18:37,clusterB,3,4,2,2,0,0,0.75,0.25,0,0.75
2025/11/13 18:37,clusterA,3,4,3,1,0.53,0.27,0.75,0,0.27,0.75
2025/11/13 18:37,clusterB,3,4,2,2,0,0,0.75,0.25,0,0.75
2025/11/13 18:37,clusterA,3,4,3,1,0.53,0.27,0.75,0,0.27,0.75
2025/11/13 18:37,clusterB,3,4,2,2,0,0,0.75,0.25,0,0.75
2025/11/13 18:37,clusterA,3,4,3,1,0.53,0.28,0.75,0,0.28,0.75
2025/11/13 18:37,clusterB,3,4,2,2,0,0,0.75,0.25,0,0.75
2025/11/13 18:37,clusterA,3,4,3,1,0.53,0.28,0.75,0,0.28,0.75
2025/11/13 18:37,clusterB,3,4,2,2,0,0,0.75,0.25,0,0.75
2025/11/13 18:37,clusterA,3,4,3,1,0.52,0.28,0.75,0,0.28,0.75
2025/11/13 18:37,clusterB,3,4,2,2,0,0,0.75,0.25,0,0.75
2025/11/13 18:37,clusterA,3,4,3,1,0.52,0.28,0.75,0,0.28,0.75
2025/11/13 18:37,clusterB,3,4,2,2,0,0,0.75,0.25,0,0.75
2025/11/13 18:37,clusterA,3,4,3,1,0.53,0.28,0.75,0,0.28,0.75
2025/11/13 18:37,clusterB,3,4,2,2,0,0,0.75,0.25,0,0.75
2025/11/13 18:38,clusterA,3,4,3,1,0.52,0.28,0.75,0,0.28,0.75
2025/11/13 18:38,clusterB,3,4,2,2,0,0,0.75,0.25,0,0.75
2025/11/13 18:38,clusterA,3,4,3,1,0.52,0.28,0.75,0,0.28,0.75
2025/11/13 18:38,clusterB,3,4,2,2,0,0,0.75,0.25,0,0.75
2025/11/13 18:38,clusterA,3,4,3,1,0.53,0.28,0.75,0,0.28,0.75
2025/11/13 18:38,clusterB,3,4,2,2,0,0,0.75,0.25,0,0.75
2025/11/13 18:38,clusterA,3,4,3,1,0.53,0.28,0.75,0,0.28,0.75
2025/11/13 18:38,clusterB,3,4,2,2,0,0,0.75,0.25,0,0.75
2025/11/13 18:38,clusterA,3,4,3,1,0.53,0.28,0.75,0,0.28,0.75
2025/11/13 18:38,clusterB,3,4,2,2,0,0,0.75,0.25,0,0.75
2025/11/13 18:38,clusterA,3,4,3,1,0.51,0.27,0.75,0,0.27,0.75
2025/11/13 18:38,clusterB,3,4,2,2,0,0,0.75,0.25,0,0.75
2025/11/13 18:38,clusterA,3,4,3,1,0.51,0.27,0.75,0,0.27,0.75
2025/11/13 18:38,clusterB,3,4,2,2,0,0,0.75,0.25,0,0.75
2025/11/13 18:38,clusterA,3,4,3,1,0.5,0.27,0.75,0,0.27,0.75
2025/11/13 18:38,clusterB,3,4,2,2,0,0,0.75,0.25,0,0.75
2025/11/13 18:38,clusterA,3,4,3,1,0.52,0.27,0.75,0,0.27,0.75
2025/11/13 18:38,clusterB,3,4,2,2,0,0,0.75,0.25,0,0.75
2025/11/13 18:38,clusterA,3,4,3,1,0.52,0.27,0.75,0,0.27,0.75
2025/11/13 18:38,clusterB,3,4,2,2,0,0,0.75,0.25,0,0.75
2025/11/13 18:38,clusterA,3,4,3,1,0.5,0.26,0.75,0,0.26,0.75
2025/11/13 18:38,clusterB,3,4,2,2,0,0,0.75,0.25,0,0.75
2025/11/13 18:38,clusterA,3,4,3,1,0.48,0.26,0.75,0,0.26,0.75
2025/11/13 18:38,clusterB,3,4,2,2,0,0,0.75,0.25,0,0.75
2025/11/13 18:39,clusterA,3,4,3,1,0.47,0.26,0.75,0,0.26,0.75
2025/11/13 18:39,clusterB,3,4,2,2,0,0,0.75,0.25,0,0.75
2025/11/13 18:39,clusterA,3,4,3,1,0.46,0.26,0.75,0,0.26,0.75
2025/11/13 18:39,clusterB,3,4,2,2,0,0,0.75,0.25,0,0.75
2025/11/13 18:39,clusterA,3,4,3,1,0.46,0.26,0.75,0,0.26,0.75
2025/11/13 18:39,clusterB,3,4,2,2,0,0,0.75,0.25,0,0.75
2025/11/13 18:39,clusterA,3,4,3,1,0.45,0.26,0.75,0,0.26,0.75
2025/11/13 18:39,clusterB,3,4,2,2,0,0,0.75,0.25,0,0.75
2025/11/13 18:39,clusterA,3,4,3,1,0.46,0.26,0.75,0,0.26,0.75
2025/11/13 18:39,clusterB,3,4,2,2,0,0,0.75,0.25,0,0.75
2025/11/13 18:39,clusterA,3,4,3,1,0.47,0.26,0.75,0,0.26,0.75
2025/11/13 18:39,clusterB,3,4,2,2,0,0,0.75,0.25,0,0.75
2025/11/13 18:39,clusterA,3,4,3,1,0.49,0.26,0.75,0,0.26,0.75
2025/11/13 18:39,clusterB,3,4,2,2,0,0,0.75,0.25,0,0.75
2025/11/13 18:39,clusterA,3,4,3,1,0.48,0.26,0.75,0,0.26,0.75
2025/11/13 18:39,clusterB,3,4,2,2,0,0,0.75,0.25,0,0.75
2025/11/13 18:39,clusterA,3,4,3,1,0.47,0.26,0.75,0,0.26,0.75
2025/11/13 18:39,clusterB,3,4,2,2,0,0,0.75,0.25,0,0.75
2025/11/13 18:39,clusterA,3,4,3,1,0.46,0.26,0.75,0,0.26,0.75
2025/11/13 18:39,clusterB,3,4,2,2,0,0,0.75,0.25,0,0.75
2025/11/13 18:39,clusterA,3,4,3,1,0.48,0.27,0.75,0,0.27,0.75
2025/11/13 18:39,clusterB,3,4,2,2,0,0,0.75,0.25,0,0.75
2025/11/13 18:39,clusterA,3,4,3,1,0.49,0.28,0.75,0,0.28,0.75
2025/11/13 18:39,clusterB,3,4,2,2,0,0,0.75,0.25,0,0.75
2025/11/13 18:40,clusterA,3,4,3,1,0.51,0.28,0.75,0,0.28,0.75
2025/11/13 18:40,clusterB,3,4,2,2,0,0,0.75,0.25,0,0.75
2025/11/13 18:40,clusterA,3,4,3,1,0.51,0.28,0.75,0,0.28,0.75
2025/11/13 18:40,clusterB,3,4,2,2,0,0,0.75,0.25,0,0.75
2025/11/13 18:40,clusterA,3,4,3,1,0.52,0.28,0.75,0,0.28,0.75
2025/11/13 18:40,clusterB,3,4,2,2,0,0,0.75,0.25,0,0.75
2025/11/13 18:40,clusterA,3,4,3,1,0.52,0.28,0.75,0,0.28,0.75
2025/11/13 18:40,clusterB,3,4,2,2,0,0,0.75,0.25,0,0.75
2025/11/13 18:40,clusterA,3,4,3,1,0.53,0.28,0.75,0,0.28,0.75
2025/11/13 18:40,clusterB,3,4,2,2,0,0,0.75,0.25,0,0.75
2025/11/13 18:40,clusterA,3,4,3,1,0.52,0.28,0.75,0,0.28,0.75
2025/11/13 18:40,clusterB,3,4,2,2,0,0,0.75,0.25,0,0.75
2025/11/13 18:40,clusterA,3,4,3,1,0.51,0.27,0.75,0,0.27,0.75
2025/11/13 18:40,clusterB,3,4,2,2,0,0,0.75,0.25,0,0.75
2025/11/13 18:40,clusterA,3,4,3,1,0.49,0.27,0.75,0,0.27,0.75
2025/11/13 18:40,clusterB,3,4,2,2,0,0,0.75,0.25,0,0.75
2025/11/13 18:40,clusterA,3,4,3,1,0.48,0.27,0.75,0,0.27,0.75
2025/11/13 18:40,clusterB,3,4,2,2,0,0,0.75,0.25,0,0.75
2025/11/13 18:40,clusterA,3,4,3,1,0.48,0.27,0.75,0,0.27,0.75
2025/11/13 18:40,clusterB,3,4,2,2,0,0,0.75,0.25,0,0.75
2025/11/13 18:40,clusterA,3,4,3,1,0.48,0.27,0.75,0,0.27,0.75
2025/11/13 18:40,clusterB,3,4,2,2,0,0,0.75,0.25,0,0.75
2025/11/13 18:40,clusterA,3,4,3,1,0.48,0.27,0.75,0,0.27,0.75
2025/11/13 18:40,clusterB,3,4,2,2,0,0,0.75,0.25,0,0.75
2025/11/13 18:41,clusterA,3,4,3,1,0.49,0.27,0.75,0,0.27,0.75
2025/11/13 18:41,clusterB,3,4,2,2,0,0,0.75,0.25,0,0.75
2025/11/13 18:41,clusterA,3,4,3,1,0.48,0.27,0.75,0,0.27,0.75
2025/11/13 18:41,clusterB,3,4,2,2,0,0,0.75,0.25,0,0.75
2025/11/13 18:41,clusterA,3,4,3,1,0.48,0.26,0.75,0,0.26,0.75
2025/11/13 18:41,clusterB,3,4,2,2,0,0,0.75,0.25,0,0.75
2025/11/13 18:41,clusterA,4,4,3,1,0.48,0.26,1,0,0.26,1
2025/11/13 18:41,clusterB,4,4,2,2,0,0,1,0,0,1
2025/11/13 18:41,clusterA,4,4,3,1,0.46,0.27,1,0,0.27,1
2025/11/13 18:41,clusterB,4,4,2,2,0,0,1,0,0,1
2025/11/13 18:41,clusterA,4,4,3,1,0.47,0.27,1,0,0.27,1
2025/11/13 18:41,clusterB,4,4,2,2,0,0,1,0,0,1
2025/11/13 18:41,clusterA,4,4,3,1,0.48,0.27,1,0,0.27,1
2025/11/13 18:41,clusterB,4,4,2,2,0,0,1,0,0,1
2025/11/13 18:41,clusterA,4,4,3,1,0.49,0.27,1,0,0.27,1
2025/11/13 18:41,clusterB,4,4,2,2,0,0,1,0,0,1
2025/11/13 18:41,clusterA,4,4,3,1,0.51,0.27,1,0,0.27,1
2025/11/13 18:41,clusterB,4,4,2,2,0,0,1,0,0,1
2025/11/13 18:41,clusterA,4,4,3,1,0.52,0.27,1,0,0.27,1
2025/11/13 18:41,clusterB,4,4,2,2,0,0,1,0,0,1
2025/11/13 18:41,clusterA,4,4,3,1,0.52,0.27,1,0,0.27,1
2025/11/13 18:41,clusterB,4,4,2,2,0,0,1,0,0,1
2025/11/13 18:41,clusterA,4,4,3,1,0.51,0.28,1,0,0.28,1
2025/11/13 18:41,clusterB,4,4,2,2,0,0,1,0,0,1
2025/11/13 18:42,clusterA,4,4,3,1,0.52,0.28,1,0,0.28,1
2025/11/13 18:42,clusterB,4,4,2,2,0,0,1,0,0,1
2025/11/13 18:42,clusterA,4,4,3,1,0.52,0.28,1,0,0.28,1
2025/11/13 18:42,clusterB,4,4,2,2,0,0,1,0,0,1
2025/11/13 18:42,clusterA,4,4,3,1,0.51,0.28,1,0,0.28,1
2025/11/13 18:42,clusterB,4,4,2,2,0,0,1,0,0,1
2025/11/13 18:42,clusterA,4,4,3,1,0.52,0.28,1,0,0.28,1
2025/11/13 18:42,clusterB,4,4,2,2,0,0,1,0,0,1
2025/11/13 18:42,clusterA,4,4,3,1,0.54,0.28,1,0,0.28,1
2025/11/13 18:42,clusterB,4,4,2,2,0,0,1,0,0,1
2025/11/13 18:42,clusterA,4,4,3,1,0.54,0.28,1,0,0.28,1
2025/11/13 18:42,clusterB,4,4,2,2,0,0,1,0,0,1
2025/11/13 18:42,clusterA,4,4,3,1,0.53,0.28,1,0,0.28,1
2025/11/13 18:42,clusterB,4,4,2,2,0,0,1,0,0,1
2025/11/13 18:42,clusterA,4,4,3,1,0.53,0.27,1,0,0.27,1
2025/11/13 18:42,clusterB,4,4,2,2,0,0,1,0,0,1
2025/11/13 18:42,clusterA,4,4,3,1,0.52,0.27,1,0,0.27,1
2025/11/13 18:42,clusterB,4,4,2,2,0,0,1,0,0,1
2025/11/13 18:42,clusterA,4,4,3,1,0.51,0.27,1,0,0.27,1
2025/11/13 18:42,clusterB,4,4,2,2,0,0,1,0,0,1
2025/11/13 18:42,clusterA,4,4,3,1,0.51,0.27,1,0,0.27,1
2025/11/13 18:42,clusterB,4,4,2,2,0,0,1,0,0,1
2025/11/13 18:42,clusterA,4,4,3,1,0.51,0.27,1,0,0.27,1
2025/11/13 18:42,clusterB,4,4,2,2,0,0,1,0,0,1
2025/11/13 18:43,clusterA,4,4,3,1,0.5,0.27,1,0,0.27,1
2025/11/13 18:43,clusterB,4,4,2,2,0,0,1,0,0,1
2025/11/13 18:43,clusterA,4,4,3,1,0.51,0.26,1,0,0.26,1
2025/11/13 18:43,clusterB,4,4,2,2,0,0,1,0,0,1
2025/11/13 18:43,clusterA,4,4,3,1,0.5,0.26,1,0,0.26,1
2025/11/13 18:43,clusterB,4,4,2,2,0,0,1,0,0,1
2025/11/13 18:43,clusterA,4,4,3,1,0.5,0.26,1,0,0.26,1
2025/11/13 18:43,clusterB,4,4,2,2,0,0,1,0,0,1
2025/11/13 18:43,clusterA,4,4,3,1,0.5,0.26,1,0,0.26,1
2025/11/13 18:43,clusterB,4,4,2,2,0,0,1,0,0,1
2025/11/13 18:43,clusterA,5,4,3,1,0.51,0.27,1,0,0.27,1
2025/11/13 18:43,clusterB,5,4,2,2,0,0,1,0,0,1
2025/11/13 18:43,clusterA,5,4,3,1,0.51,0.27,1,0,0.27,1
2025/11/13 18:43,clusterB,5,4,2,2,0,0,1,0,0,1
2025/11/13 18:43,clusterA,5,4,3,1,0.5,0.27,1,0,0.27,1
2025/11/13 18:43,clusterB,5,4,2,2,0,0,1,0,0,1
2025/11/13 18:43,clusterA,5,4,3,1,0.5,0.27,1,0,0.27,1
2025/11/13 18:43,clusterB,5,4,2,2,0,0,1,0,0,1
2025/11/13 18:43,clusterA,5,4,3,1,0.51,0.27,1,0,0.27,1
2025/11/13 18:43,clusterB,5,4,2,2,0,0,1,0,0,1
2025/11/13 18:43,clusterA,5,4,3,1,0.51,0.27,1,0,0.27,1
2025/11/13 18:43,clusterB,5,4,2,2,0,0,1,0,0,1
2025/11/13 18:43,clusterA,5,4,3,1,0.52,0.27,1,0,0.27,1
2025/11/13 18:43,clusterB,5,4,2,2,0,0,1,0,0,1
2025/11/13 18:44,clusterA,5,4,3,1,0.51,0.27,1,0,0.27,1
2025/11/13 18:44,clusterB,5,4,2,2,0,0,1,0,0,1
2025/11/13 18:44,clusterA,5,4,3,1,0.52,0.28,1,0,0.28,1
2025/11/13 18:44,clusterB,5,4,2,2,0,0,1,0,0,1
2025/11/13 18:44,clusterA,5,4,3,1,0.52,0.28,1,0,0.28,1
2025/11/13 18:44,clusterB,5,4,2,2,0,0,1,0,0,1
2025/11/13 18:44,clusterA,5,4,3,1,0.52,0.28,1,0,0.28,1
2025/11/13 18:44,clusterB,5,4,2,2,0,0,1,0,0,1
2025/11/13 18:44,clusterA,5,4,3,1,0.52,0.28,1,0,0.28,1
2025/11/13 18:44,clusterB,5,4,2,2,0,0,1,0,0,1
2025/11/13 18:44,clusterA,5,4,3,1,0.52,0.28,1,0,0.28,1
2025/11/13 18:44,clusterB,5,4,2,2,0,0,1,0,0,1
2025/11/13 18:44,clusterA,5,4,3,1,0.51,0.27,1,0,0.27,1
2025/11/13 18:44,clusterB,5,4,2,2,0,0,1,0,0,1
2025/11/13 18:44,clusterA,5,4,3,1,0.52,0.27,1,0,0.27,1
2025/11/13 18:44,clusterB,5,4,2,2,0,0,1,0,0,1
2025/11/13 18:44,clusterA,5,4,3,1,0.53,0.27,1,0,0.27,1
2025/11/13 18:44,clusterB,5,4,2,2,0,0,1,0,0,1
2025/11/13 18:44,clusterA,5,4,3,1,0.52,0.27,1,0,0.27,1
2025/11/13 18:44,clusterB,5,4,2,2,0,0,1,0,0,1
2025/11/13 18:44,clusterA,5,4,3,1,0.48,0.27,1,0,0.27,1
2025/11/13 18:44,clusterB,5,4,2,2,0,0,1,0,0,1
2025/11/13 18:44,clusterA,5,4,3,1,0.48,0.27,1,0,0.27,1
2025/11/13 18:44,clusterB,5,4,2,2,0,0,1,0,0,1
2025/11/13 18:45,clusterA,5,4,3,1,0.49,0.27,1,0,0.27,1
2025/11/13 18:45,clusterB,5,4,2,2,0,0,1,0,0,1
2025/11/13 18:45,clusterA,5,4,3,1,0.49,0.27,1,0,0.27,1
2025/11/13 18:45,clusterB,5,4,2,2,0,0,1,0,0,1
2025/11/13 18:45,clusterA,5,4,3,1,0.5,0.27,1,0,0.27,1
2025/11/13 18:45,clusterB,5,4,2,2,0,0,1,0,0,1
2025/11/13 18:45,clusterA,5,4,3,1,0.47,0.27,1,0,0.27,1
2025/11/13 18:45,clusterB,5,4,2,2,0,0,1,0,0,1
2025/11/13 18:45,clusterA,5,4,3,1,0.48,0.27,1,0,0.27,1
2025/11/13 18:45,clusterB,5,4,2,2,0,0,1,0,0,1
2025/11/13 18:45,clusterA,5,4,3,1,0.48,0.27,1,0,0.27,1
2025/11/13 18:45,clusterB,5,4,2,2,0,0,1,0,0,1
2025/11/13 18:45,clusterA,5,4,3,1,0.48,0.27,1,0,0.27,1
2025/11/13 18:45,clusterB,5,4,2,2,0,0,1,0,0,1
2025/11/13 18:45,clusterA,5,4,3,1,0.47,0.28,1,0,0.28,1
2025/11/13 18:45,clusterB,5,4,2,2,0,0,1,0,0,1
2025/11/13 18:45,clusterA,5,4,3,1,0.47,0.28,1,0,0.28,1
2025/11/13 18:45,clusterB,5,4,2,2,0,0,1,0,0,1
2025/11/13 18:45,clusterA,5,4,3,1,0.48,0.28,1,0,0.28,1
2025/11/13 18:45,clusterB,5,4,2,2,0,0,1,0,0,1
2025/11/13 18:45,clusterA,5,4,3,1,0.48,0.28,1,0,0.28,1
2025/11/13 18:45,clusterB,5,4,2,2,0,0,1,0,0,1
2025/11/13 18:45,clusterA,5,4,3,1,0.52,0.28,1,0,0.28,1
2025/11/13 18:45,clusterB,5,4,2,2,0,0,1,0,0,1
2025/11/13 18:46,clusterA,5,4,3,1,0.53,0.28,1,0,0.28,1
2025/11/13 18:46,clusterB,5,4,2,2,0,0,1,0,0,1
2025/11/13 18:46,clusterA,5,4,3,1,0.53,0.28,1,0,0.28,1
2025/11/13 18:46,clusterB,5,4,2,2,0,0,1,0,0,1
2025/11/13 18:46,clusterA,5,4,3,1,0.52,0.28,1,0,0.28,1
2025/11/13 18:46,clusterB,5,4,2,2,0,0,1,0,0,1
2025/11/13 18:46,clusterA,5,4,3,1,0.52,0.28,1,0,0.28,1
2025/11/13 18:46,clusterB,5,4,2,2,0,0,1,0,0,1
2025/11/13 18:46,clusterA,5,4,3,1,0.54,0.29,1,0,0.29,1
2025/11/13 18:46,clusterB,5,4,2,2,0,0,1,0,0,1
2025/11/13 18:46,clusterA,5,4,3,1,0.53,0.28,1,0,0.28,1
2025/11/13 18:46,clusterB,5,4,2,2,0,0,1,0,0,1
2025/11/13 18:46,clusterA,5,4,3,1,0.54,0.29,1,0,0.29,1
2025/11/13 18:46,clusterB,5,4,2,2,0,0,1,0,0,1
2025/11/13 18:46,clusterA,5,4,3,1,0.55,0.28,1,0,0.28,1
2025/11/13 18:46,clusterB,5,4,2,2,0,0,1,0,0,1
2025/11/13 18:46,clusterA,5,4,3,1,0.57,0.28,1,0,0.28,1
2025/11/13 18:46,clusterB,5,4,2,2,0,0,1,0,0,1
2025/11/13 18:46,clusterA,5,4,3,1,0.57,0.28,1,0,0.28,1
2025/11/13 18:46,clusterB,5,4,2,2,0,0,1,0,0,1
2025/11/13 18:46,clusterA,5,4,3,1,0.56,0.28,1,0,0.28,1
2025/11/13 18:46,clusterB,5,4,2,2,0,0,1,0,0,1
2025/11/13 18:46,clusterA,5,4,3,1,0.55,0.28,1,0,0.28,1
2025/11/13 18:46,clusterB,5,4,2,2,0,0,1,0,0,1
2025/11/13 18:47,clusterA,5,4,3,1,0.54,0.27,1,0,0.27,1
2025/11/13 18:47,clusterB,5,4,2,2,0,0,1,0,0,1
2025/11/13 18:47,clusterA,5,4,3,1,0.53,0.27,1,0,0.27,1
2025/11/13 18:47,clusterB,5,4,2,2,0,0,1,0,0,1
2025/11/13 18:47,clusterA,5,4,3,1,0.54,0.27,1,0,0.27,1
2025/11/13 18:47,clusterB,5,4,2,2,0,0,1,0,0,1
2025/11/13 18:47,clusterA,5,4,3,1,0.51,0.27,1,0,0.27,1
2025/11/13 18:47,clusterB,5,4,2,2,0,0,1,0,0,1
2025/11/13 18:47,clusterA,5,4,3,1,0.49,0.27,1,0,0.27,1
2025/11/13 18:47,clusterB,5,4,2,2,0,0,1,0,0,1
2025/11/13 18:47,clusterA,5,4,3,1,0.47,0.27,1,0,0.27,1
2025/11/13 18:47,clusterB,5,4,2,2,0,0,1,0,0,1
2025/11/13 18:47,clusterA,5,4,3,1,0.46,0.27,1,0,0.27,1
2025/11/13 18:47,clusterB,5,4,2,2,0,0,1,0,0,1
2025/11/13 18:47,clusterA,5,4,3,1,0.46,0.27,1,0,0.27,1
2025/11/13 18:47,clusterB,5,4,2,2,0,0,1,0,0,1
2025/11/13 18:47,clusterA,5,4,3,1,0.45,0.27,1,0,0.27,1
2025/11/13 18:47,clusterB,5,4,2,2,0,0,1,0,0,1
2025/11/13 18:47,clusterA,5,4,3,1,0.45,0.27,1,0,0.27,1
2025/11/13 18:47,clusterB,5,4,2,2,0,0,1,0,0,1
2025/11/13 18:47,clusterA,5,4,3,1,0.46,0.27,1,0,0.27,1
2025/11/13 18:47,clusterB,5,4,2,2,0,0,1,0,0,1
2025/11/13 18:47,clusterA,5,4,3,1,0.48,0.27,1,0,0.27,1
2025/11/13 18:47,clusterB,5,4,2,2,0,0,1,0,0,1
2025/11/13 18:48,clusterA,5,4,3,1,0.47,0.28,1,0,0.28,1
2025/11/13 18:48,clusterB,5,4,2,2,0,0,1,0,0,1
2025/11/13 18:48,clusterA,5,4,3,1,0.48,0.28,1,0,0.28,1
2025/11/13 18:48,clusterB,5,4,2,2,0,0,1,0,0,1
2025/11/13 18:48,clusterA,5,4,3,1,0.46,0.28,1,0,0.28,1
2025/11/13 18:48,clusterB,5,4,2,2,0,0,1,0,0,1
2025/11/13 18:48,clusterA,5,4,3,1,0.49,0.28,1,0,0.28,1
2025/11/13 18:48,clusterB,5,4,2,2,0,0,1,0,0,1
2025/11/13 18:48,clusterA,5,4,3,1,0.5,0.28,1,0,0.28,1
2025/11/13 18:48,clusterB,5,4,2,2,0,0,1,0,0,1
2025/11/13 18:48,clusterA,5,4,3,1,0.53,0.28,1,0,0.28,1
2025/11/13 18:48,clusterB,5,4,2,2,0,0,1,0,0,1
2025/11/13 18:48,clusterA,5,4,3,1,0.52,0.28,1,0,0.28,1
2025/11/13 18:48,clusterB,5,4,2,2,0,0,1,0,0,1
2025/11/13 18:48,clusterA,5,4,3,1,0.52,0.28,1,0,0.28,1
2025/11/13 18:48,clusterB,5,4,2,2,0,0,1,0,0,1
2025/11/13 18:48,clusterA,5,4,3,1,0.51,0.28,1,0,0.28,1
2025/11/13 18:48,clusterB,5,4,2,2,0,0,1,0,0,1
2025/11/13 18:48,clusterA,5,4,3,1,0.51,0.28,1,0,0.28,1
2025/11/13 18:48,clusterB,5,4,2,2,0,0,1,0,0,1
2025/11/13 18:48,clusterA,5,4,3,1,0.51,0.28,1,0,0.28,1
2025/11/13 18:48,clusterB,5,4,2,2,0,0,1,0,0,1
2025/11/13 18:48,clusterA,5,4,3,1,0.5,0.28,1,0,0.28,1
2025/11/13 18:48,clusterB,5,4,2,2,0,0,1,0,0,1
2025/11/13 18:49,clusterA,5,4,3,1,0.51,0.28,1,0,0.28,1
2025/11/13 18:49,clusterB,5,4,2,2,0,0,1,0,0,1
2025/11/13 18:49,clusterA,5,4,3,1,0.51,0.28,1,0,0.28,1
2025/11/13 18:49,clusterB,5,4,2,2,0,0,1,0,0,1
2025/11/13 18:49,clusterA,5,4,1,3,0.49,0.28,1,0,0.28,1
2025/11/13 18:49,clusterB,5,4,2,2,0,0,1,0,0,1
2025/11/13 18:49,clusterA,5,4,1,3,0.46,0.27,1,0,0.27,1
2025/11/13 18:49,clusterB,5,4,2,2,0,0,1,0,0,1
2025/11/13 18:49,clusterA,5,4,1,3,0.44,0.25,1,0,0.25,1
2025/11/13 18:49,clusterB,5,4,2,2,0,0,1,0,0,1
2025/11/13 18:49,clusterA,5,4,1,3,0.41,0.24,1,0,0.24,1
2025/11/13 18:49,clusterB,5,4,2,2,0,0,1,0,0,1
2025/11/13 18:49,clusterA,5,4,1,3,0.39,0.23,1,0,0.23,1
2025/11/13 18:49,clusterB,5,4,2,2,0,0,1,0,0,1
2025/11/13 18:49,clusterA,5,4,1,3,0.36,0.22,1,0,0.22,1
2025/11/13 18:49,clusterB,5,4,2,2,0,0,1,0,0,1
2025/11/13 18:49,clusterA,5,4,1,3,0.35,0.2,1,0,0.2,1
2025/11/13 18:49,clusterB,5,4,2,2,0,0,1,0,0,1
2025/11/13 18:49,clusterA,5,4,1,3,0.33,0.19,1,0,0.19,1
2025/11/13 18:49,clusterB,5,4,2,2,0,0,1,0,0,1
2025/11/13 18:49,clusterA,5,4,1,3,0.3,0.18,1,0,0.18,1
2025/11/13 18:49,clusterB,5,4,2,2,0,0,1,0,0,1
2025/11/13 18:49,clusterA,5,4,1,3,0.27,0.16,1,0,0.16,1
2025/11/13 18:49,clusterB,5,4,2,2,0,0,1,0,0,1
2025/11/13 18:50,clusterA,5,4,1,3,0.23,0.15,1,0,0.15,1
2025/11/13 18:50,clusterB,5,4,2,2,0,0,1,0,0,1
2025/11/13 18:50,clusterA,5,4,1,3,0.21,0.14,1,0,0.14,1
2025/11/13 18:50,clusterB,5,4,2,2,0,0,1,0,0,1
2025/11/13 18:50,clusterA,5,4,1,3,0.21,0.12,1,0,0.12,1
2025/11/13 18:50,clusterB,5,4,2,2,0,0,1,0,0,1
2025/11/13 18:50,clusterA,5,4,1,3,0.21,0.12,1,0,0.12,1
2025/11/13 18:50,clusterB,5,4,2,2,0,0,1,0,0,1
2025/11/13 18:50,clusterA,5,4,1,3,0.2,0.12,1,0,0.12,1
2025/11/13 18:50,clusterB,5,4,2,2,0,0,1,0,0,1
2025/11/13 18:50,clusterA,5,4,1,3,0.21,0.12,1,0,0.12,1
2025/11/13 18:50,clusterB,5,4,2,2,0,0,1,0,0,1
2025/11/13 18:50,clusterA,5,4,1,3,0.21,0.12,1,0,0.12,1
2025/11/13 18:50,clusterB,5,4,2,2,0,0,1,0,0,1
2025/11/13 18:50,clusterA,5,4,1,3,0.21,0.12,1,0,0.12,1
2025/11/13 18:50,clusterB,5,4,2,2,0,0,1,0,0,1
2025/11/13 18:50,clusterA,5,4,1,3,0.19,0.12,1,0,0.12,1
2025/11/13 18:50,clusterB,5,4,2,2,0,0,1,0,0,1
2025/11/13 18:50,clusterA,5,4,1,3,0.18,0.12,1,0,0.12,1
2025/11/13 18:50,clusterB,5,4,2,2,0,0,1,0,0,1
2025/11/13 18:50,clusterA,5,4,1,3,0.19,0.12,1,0,0.12,1
2025/11/13 18:50,clusterB,5,4,2,2,0,0,1,0,0,1
2025/11/13 18:50,clusterA,5,4,1,3,0.19,0.12,1,0,0.12,1
2025/11/13 18:50,clusterB,5,4,2,2,0,0,1,0,0,1
2025/11/13 18:51,clusterA,5,4,1,3,0.19,0.12,1,0,0.12,1
2025/11/13 18:51,clusterB,5,4,2,2,0,0,1,0,0,1
2025/11/13 18:51,clusterA,5,4,1,3,0.19,0.12,1,0,0.12,1
2025/11/13 18:51,clusterB,5,4,2,2,0,0,1,0,0,1
2025/11/13 18:51,clusterA,5,4,1,3,0.19,0.12,1,0,0.12,1
2025/11/13 18:51,clusterB,5,4,2,2,0,0,1,0,0,1
2025/11/13 18:51,clusterA,5,4,1,3,0.19,0.12,1,0,0.12,1
2025/11/13 18:51,clusterB,5,4,2,2,0,0,1,0,0,1
2025/11/13 18:51,clusterA,5,4,1,3,0.19,0.12,1,0,0.12,1
2025/11/13 18:51,clusterB,5,4,2,2,0,0,1,0,0,1
2025/11/13 18:51,clusterA,5,4,1,3,0.19,0.12,1,0,0.12,1
2025/11/13 18:51,clusterB,5,4,2,2,0,0,1,0,0,1
2025/11/13 18:51,clusterA,5,4,1,3,0.19,0.12,1,0,0.12,1
2025/11/13 18:51,clusterB,5,4,2,2,0,0,1,0,0,1
2025/11/13 18:51,clusterA,5,4,1,3,0.19,0.12,1,0,0.12,1
2025/11/13 18:51,clusterB,5,4,2,2,0,0,1,0,0,1
2025/11/13 18:51,clusterA,5,4,1,3,0.19,0.12,1,0,0.12,1
2025/11/13 18:51,clusterB,5,4,2,2,0,0,1,0,0,1
2025/11/13 18:51,clusterA,5,4,1,3,0.2,0.12,1,0,0.12,1
2025/11/13 18:51,clusterB,5,4,2,2,0,0,1,0,0,1
2025/11/13 18:51,clusterA,5,4,1,3,0.21,0.12,1,0,0.12,1
2025/11/13 18:51,clusterB,5,4,2,2,0,0,1,0,0,1
2025/11/13 18:51,clusterA,5,4,1,3,0.21,0.12,1,0,0.12,1
2025/11/13 18:51,clusterB,5,4,2,2,0,0,1,0,0,1
2025/11/13 18:52,clusterA,5,4,1,3,0.21,0.12,1,0,0.12,1
2025/11/13 18:52,clusterB,5,4,2,2,0,0,1,0,0,1
2025/11/13 18:52,clusterA,5,4,1,3,0.21,0.12,1,0,0.12,1
2025/11/13 18:52,clusterB,5,4,2,2,0,0,1,0,0,1
2025/11/13 18:52,clusterA,5,4,1,3,0.2,0.12,1,0,0.12,1
2025/11/13 18:52,clusterB,5,4,2,2,0,0,1,0,0,1
2025/11/13 18:52,clusterA,5,4,1,3,0.2,0.12,1,0,0.12,1
2025/11/13 18:52,clusterB,5,4,2,2,0,0,1,0,0,1
2025/11/13 18:52,clusterA,5,4,1,3,0.2,0.12,1,0,0.12,1
2025/11/13 18:52,clusterB,5,4,2,2,0,0,1,0,0,1
2025/11/13 18:52,clusterA,5,4,1,3,0.2,0.12,1,0,0.12,1
2025/11/13 18:52,clusterB,5,4,2,2,0,0,1,0,0,1
2025/11/13 18:52,clusterA,5,4,1,3,0.2,0.12,1,0,0.12,1
2025/11/13 18:52,clusterB,5,4,2,2,0,0,1,0,0,1
2025/11/13 18:52,clusterA,5,4,1,3,0.2,0.12,1,0,0.12,1
2025/11/13 18:52,clusterB,5,4,2,2,0,0,1,0,0,1
2025/11/13 18:52,clusterA,5,4,1,3,0.2,0.12,1,0,0.12,1
2025/11/13 18:52,clusterB,5,4,2,2,0,0,1,0,0,1
2025/11/13 18:52,clusterA,5,4,1,3,0.2,0.12,1,0,0.12,1
2025/11/13 18:52,clusterB,5,4,2,2,0,0,1,0,0,1
2025/11/13 18:52,clusterA,5,4,1,3,0.2,0.12,1,0,0.12,1
2025/11/13 18:52,clusterB,5,4,2,2,0,0,1,0,0,1
2025/11/13 18:52,clusterA,5,4,1,3,0.19,0.11,1,0,0.11,1
2025/11/13 18:52,clusterB,5,4,2,2,0,0,1,0,0,1
2025/11/13 18:53,clusterA,5,4,1,3,0.19,0.11,1,0,0.11,1
2025/11/13 18:53,clusterB,5,4,2,2,0,0,1,0,0,1
2025/11/13 18:53,clusterA,5,4,1,3,0.19,0.11,1,0,0.11,1
2025/11/13 18:53,clusterB,5,4,2,2,0,0,1,0,0,1
2025/11/13 18:53,clusterA,5,4,1,3,0.19,0.11,1,0,0.11,1
2025/11/13 18:53,clusterB,5,4,2,2,0,0,1,0,0,1
2025/11/13 18:53,clusterA,5,4,1,3,0.2,0.11,1,0,0.11,1
2025/11/13 18:53,clusterB,5,4,2,2,0,0,1,0,0,1
2025/11/13 18:53,clusterA,5,4,1,3,0.2,0.11,1,0,0.11,1
2025/11/13 18:53,clusterB,5,4,2,2,0,0,1,0,0,1
2025/11/13 18:53,clusterA,5,4,1,3,0.2,0.11,1,0,0.11,1
2025/11/13 18:53,clusterB,5,4,2,2,0,0,1,0,0,1
2025/11/13 18:53,clusterA,5,4,1,3,0.19,0.11,1,0,0.11,1
2025/11/13 18:53,clusterB,5,4,2,2,0,0,1,0,0,1
2025/11/13 18:53,clusterA,5,4,1,3,0.19,0.12,1,0,0.12,1
2025/11/13 18:53,clusterB,5,4,2,2,0,0,1,0,0,1
2025/11/13 18:53,clusterA,5,4,1,3,0.19,0.12,1,0,0.12,1
2025/11/13 18:53,clusterB,5,4,2,2,0,0,1,0,0,1
2025/11/13 18:53,clusterA,5,4,1,3,0.19,0.12,1,0,0.12,1
2025/11/13 18:53,clusterB,5,4,2,2,0,0,1,0,0,1
2025/11/13 18:53,clusterA,5,4,1,3,0.19,0.12,1,0,0.12,1
2025/11/13 18:53,clusterB,5,4,2,2,0,0,1,0,0,1
2025/11/13 18:53,clusterA,5,4,1,3,0.2,0.12,1,0,0.12,1
2025/11/13 18:53,clusterB,5,4,2,2,0,0,1,0,0,1
2025/11/13 18:54,clusterA,5,4,1,3,0.2,0.12,1,0,0.12,1
2025/11/13 18:54,clusterB,5,4,2,2,0,0,1,0,0,1
2025/11/13 18:54,clusterA,5,4,1,3,0.2,0.12,1,0,0.12,1
2025/11/13 18:54,clusterB,5,4,2,2,0,0,1,0,0,1
2025/11/13 18:54,clusterA,5,4,1,3,0.2,0.12,1,0,0.12,1
2025/11/13 18:54,clusterB,5,4,2,2,0,0,1,0,0,1
2025/11/13 18:54,clusterA,5,4,1,3,0.2,0.12,1,0,0.12,1
2025/11/13 18:54,clusterB,5,4,2,2,0,0,1,0,0,1
2025/11/13 18:54,clusterA,6,4,1,3,0.2,0.12,1,0,0.12,1
2025/11/13 18:54,clusterB,6,4,2,2,0,0,1,0,0,1
2025/11/13 18:54,clusterA,6,4,1,3,0.2,0.12,1,0,0.12,1
2025/11/13 18:54,clusterB,6,4,2,2,0,0,1,0,0,1
2025/11/13 18:54,clusterA,6,4,1,3,0.2,0.12,1,0,0.12,1
2025/11/13 18:54,clusterB,6,4,2,2,0,0,1,0,0,1
2025/11/13 18:54,clusterA,6,4,1,3,0.2,0.12,1,0,0.12,1
2025/11/13 18:54,clusterB,6,4,2,2,0,0,1,0,0,1
2025/11/13 18:54,clusterA,6,4,1,3,0.21,0.12,1,0,0.12,1
2025/11/13 18:54,clusterB,6,4,2,2,0,0,1,0,0,1
2025/11/13 18:54,clusterA,6,4,1,3,0.21,0.12,1,0,0.12,1
2025/11/13 18:54,clusterB,6,4,2,2,0,0,1,0,0,1
2025/11/13 18:54,clusterA,6,4,1,3,0.19,0.11,1,0,0.11,1
2025/11/13 18:54,clusterB,6,4,2,2,0,0,1,0,0,1
2025/11/13 18:54,clusterA,6,4,1,3,0.19,0.11,1,0,0.11,1
2025/11/13 18:54,clusterB,6,4,2,2,0,0,1,0,0,1
2025/11/13 18:55,clusterA,6,4,1,3,0.19,0.11,1,0,0.11,1
2025/11/13 18:55,clusterB,6,4,2,2,0,0,1,0,0,1
2025/11/13 18:55,clusterA,6,4,1,3,0.2,0.11,1,0,0.11,1
2025/11/13 18:55,clusterB,6,4,2,2,0,0,1,0,0,1
2025/11/13 18:55,clusterA,6,4,1,3,0.19,0.11,1,0,0.11,1
2025/11/13 18:55,clusterB,6,4,2,2,0,0,1,0,0,1
2025/11/13 18:55,clusterA,6,4,1,3,0.2,0.11,1,0,0.11,1
2025/11/13 18:55,clusterB,6,4,2,2,0,0,1,0,0,1
2025/11/13 18:55,clusterA,6,4,1,3,0.2,0.11,1,0,0.11,1
2025/11/13 18:55,clusterB,6,4,2,2,0,0,1,0,0,1
2025/11/13 18:55,clusterA,6,4,1,3,0.2,0.11,1,0,0.11,1
2025/11/13 18:55,clusterB,6,4,2,2,0,0,1,0,0,1
2025/11/13 18:55,clusterA,6,4,1,3,0.2,0.11,1,0,0.11,1
2025/11/13 18:55,clusterB,6,4,2,2,0,0,1,0,0,1
2025/11/13 18:55,clusterA,6,4,1,3,0.19,0.11,1,0,0.11,1
2025/11/13 18:55,clusterB,6,4,2,2,0,0,1,0,0,1
2025/11/13 18:55,clusterA,6,4,1,3,0.19,0.11,1,0,0.11,1
2025/11/13 18:55,clusterB,6,4,2,2,0,0,1,0,0,1
2025/11/13 18:55,clusterA,6,4,1,3,0.19,0.12,1,0,0.12,1
2025/11/13 18:55,clusterB,6,4,2,2,0,0,1,0,0,1
2025/11/13 18:55,clusterA,6,4,1,3,0.21,0.12,1,0,0.12,1
2025/11/13 18:55,clusterB,6,4,2,2,0,0,1,0,0,1
2025/11/13 18:55,clusterA,6,4,1,3,0.21,0.12,1,0,0.12,1
2025/11/13 18:55,clusterB,6,4,2,2,0,0,1,0,0,1
2025/11/13 18:56,clusterA,6,4,1,3,0.21,0.12,1,0,0.12,1
2025/11/13 18:56,clusterB,6,4,2,2,0,0,1,0,0,1
2025/11/13 18:56,clusterA,6,4,1,3,0.21,0.12,1,0,0.12,1
2025/11/13 18:56,clusterB,6,4,2,2,0,0,1,0,0,1
2025/11/13 18:56,clusterA,6,4,1,3,0.21,0.12,1,0,0.12,1
2025/11/13 18:56,clusterB,6,4,2,2,0,0,1,0,0,1
2025/11/13 18:56,clusterA,6,4,1,3,0.21,0.12,1,0,0.12,1
2025/11/13 18:56,clusterB,6,4,2,2,0,0,1,0,0,1
2025/11/13 18:56,clusterA,6,4,1,3,0.21,0.12,1,0,0.12,1
2025/11/13 18:56,clusterB,6,4,2,2,0,0,1,0,0,1
2025/11/13 18:56,clusterA,6,4,1,3,0.21,0.12,1,0,0.12,1
2025/11/13 18:56,clusterB,6,4,2,2,0,0,1,0,0,1
2025/11/13 18:56,clusterA,6,4,1,3,0.21,0.12,1,0,0.12,1
2025/11/13 18:56,clusterB,6,4,2,2,0,0,1,0,0,1
2025/11/13 18:56,clusterA,6,4,1,3,0.21,0.12,1,0,0.12,1
2025/11/13 18:56,clusterB,6,4,2,2,0,0,1,0,0,1
2025/11/13 18:56,clusterA,6,4,1,3,0.21,0.12,1,0,0.12,1
2025/11/13 18:56,clusterB,6,4,2,2,0,0,1,0,0,1
2025/11/13 18:56,clusterA,6,4,1,3,0.22,0.12,1,0,0.12,1
2025/11/13 18:56,clusterB,6,4,2,2,0,0,1,0,0,1
2025/11/13 18:56,clusterA,6,4,1,3,0.22,0.12,1,0,0.12,1
2025/11/13 18:56,clusterB,6,4,2,2,0,0,1,0,0,1
2025/11/13 18:56,clusterA,6,4,1,3,0.21,0.12,1,0,0.12,1
2025/11/13 18:56,clusterB,6,4,2,2,0,0,1,0,0,1
2025/11/13 18:57,clusterA,6,4,1,3,0.21,0.12,1,0,0.12,1
2025/11/13 18:57,clusterB,6,4,2,2,0,0,1,0,0,1
2025/11/13 18:57,clusterA,6,4,1,3,0.2,0.11,1,0,0.11,1
2025/11/13 18:57,clusterB,6,4,2,2,0,0,1,0,0,1
2025/11/13 18:57,clusterA,6,4,1,3,0.2,0.11,1,0,0.11,1
2025/11/13 18:57,clusterB,6,4,2,2,0,0,1,0,0,1
2025/11/13 18:57,clusterA,6,4,1,3,0.2,0.11,1,0,0.11,1
2025/11/13 18:57,clusterB,6,4,2,2,0,0,1,0,0,1
2025/11/13 18:57,clusterA,6,4,1,3,0.19,0.11,1,0,0.11,1
2025/11/13 18:57,clusterB,6,4,2,2,0,0,1,0,0,1
2025/11/13 18:57,clusterA,6,4,1,3,0.19,0.11,1,0,0.11,1
2025/11/13 18:57,clusterB,6,4,2,2,0,0,1,0,0,1
2025/11/13 18:57,clusterA,6,4,1,3,0.19,0.11,1,0,0.11,1
2025/11/13 18:57,clusterB,6,4,2,2,0,0,1,0,0,1
2025/11/13 18:57,clusterA,6,4,1,3,0.19,0.11,1,0,0.11,1
2025/11/13 18:57,clusterB,6,4,2,2,0,0,1,0,0,1
2025/11/13 18:57,clusterA,6,4,1,3,0.19,0.11,1,0,0.11,1
2025/11/13 18:57,clusterB,6,4,2,2,0,0,1,0,0,1
2025/11/13 18:57,clusterA,6,4,1,3,0.19,0.11,1,0,0.11,1
2025/11/13 18:57,clusterB,6,4,2,2,0,0,1,0,0,1
2025/11/13 18:57,clusterA,6,4,1,3,0.18,0.11,1,0,0.11,1
2025/11/13 18:57,clusterB,6,4,2,2,0,0,1,0,0,1
2025/11/13 18:57,clusterA,6,4,1,3,0.18,0.12,1,0,0.12,1
2025/11/13 18:57,clusterB,6,4,2,2,0,0,1,0,0,1
2025/11/13 18:58,clusterA,6,4,1,3,0.19,0.12,1,0,0.12,1
2025/11/13 18:58,clusterB,6,4,2,2,0,0,1,0,0,1
2025/11/13 18:58,clusterA,6,4,1,3,0.19,0.12,1,0,0.12,1
2025/11/13 18:58,clusterB,6,4,2,2,0,0,1,0,0,1
2025/11/13 18:58,clusterA,6,4,1,3,0.2,0.12,1,0,0.12,1
2025/11/13 18:58,clusterB,6,4,2,2,0,0,1,0,0,1
2025/11/13 18:58,clusterA,6,4,1,3,0.2,0.12,1,0,0.12,1
2025/11/13 18:58,clusterB,6,4,2,2,0,0,1,0,0,1
2025/11/13 18:58,clusterA,6,4,1,3,0.2,0.12,1,0,0.12,1
2025/11/13 18:58,clusterB,6,4,2,2,0,0,1,0,0,1
2025/11/13 18:58,clusterA,6,4,1,3,0.2,0.12,1,0,0.12,1
2025/11/13 18:58,clusterB,6,4,2,2,0,0,1,0,0,1
2025/11/13 18:58,clusterA,6,4,1,3,0.2,0.12,1,0,0.12,1
2025/11/13 18:58,clusterB,6,4,2,2,0,0,1,0,0,1
2025/11/13 18:58,clusterA,6,4,1,3,0.21,0.12,1,0,0.12,1
2025/11/13 18:58,clusterB,6,4,2,2,0,0,1,0,0,1
2025/11/13 18:58,clusterA,6,4,1,3,0.21,0.12,1,0,0.12,1
2025/11/13 18:58,clusterB,6,4,2,2,0,0,1,0,0,1
2025/11/13 18:58,clusterA,6,4,1,3,0.21,0.12,1,0,0.12,1
2025/11/13 18:58,clusterB,6,4,2,2,0,0,1,0,0,1
2025/11/13 18:58,clusterA,6,4,1,3,0.21,0.12,1,0,0.12,1
2025/11/13 18:58,clusterB,6,4,2,2,0,0,1,0,0,1
2025/11/13 18:58,clusterA,6,4,1,3,0.2,0.12,1,0,0.12,1
2025/11/13 18:58,clusterB,6,4,2,2,0,0,1,0,0,1
2025/11/13 18:59,clusterA,6,4,1,3,0.2,0.12,1,0,0.12,1
2025/11/13 18:59,clusterB,6,4,2,2,0,0,1,0,0,1
2025/11/13 18:59,clusterA,6,4,1,3,0.2,0.12,1,0,0.12,1
2025/11/13 18:59,clusterB,6,4,2,2,0,0,1,0,0,1
2025/11/13 18:59,clusterA,6,4,1,3,0.2,0.12,1,0,0.12,1
2025/11/13 18:59,clusterB,6,4,2,2,0,0,1,0,0,1
2025/11/13 18:59,clusterA,6,4,1,3,0.2,0.12,1,0,0.12,1
2025/11/13 18:59,clusterB,6,4,2,2,0,0,1,0,0,1
2025/11/13 18:59,clusterA,6,4,1,3,0.19,0.11,1,0,0.11,1
2025/11/13 18:59,clusterB,6,4,2,2,0,0,1,0,0,1
2025/11/13 18:59,clusterA,6,4,1,3,0.19,0.11,1,0,0.11,1
2025/11/13 18:59,clusterB,6,4,2,2,0,0,1,0,0,1
2025/11/13 18:59,clusterA,6,4,1,3,0.19,0.11,1,0,0.11,1
2025/11/13 18:59,clusterB,6,4,2,2,0,0,1,0,0,1
2025/11/13 18:59,clusterA,6,4,1,3,0.19,0.11,1,0,0.11,1
2025/11/13 18:59,clusterB,6,4,2,2,0,0,1,0,0,1
2025/11/13 18:59,clusterA,6,4,1,3,0.19,0.11,1,0,0.11,1
2025/11/13 18:59,clusterB,6,4,2,2,0,0,1,0,0,1
2025/11/13 18:59,clusterA,6,4,1,3,0.19,0.11,1,0,0.11,1
2025/11/13 18:59,clusterB,6,4,2,2,0,0,1,0,0,1
2025/11/13 18:59,clusterA,6,4,1,3,0.19,0.11,1,0,0.11,1
2025/11/13 18:59,clusterB,6,4,2,2,0,0,1,0,0,1
2025/11/13 18:59,clusterA,6,4,1,3,0.2,0.11,1,0,0.11,1
2025/11/13 18:59,clusterB,6,4,2,2,0,0,1,0,0,1
2025/11/13 19:00,clusterA,6,4,1,3,0.2,0.12,1,0,0.12,1
2025/11/13 19:00,clusterB,6,4,2,2,0,0,1,0,0,1
2025/11/13 19:00,clusterA,6,4,1,3,0.19,0.12,1,0,0.12,1
2025/11/13 19:00,clusterB,6,4,2,2,0,0,1,0,0,1
2025/11/13 19:00,clusterA,6,4,1,3,0.2,0.12,1,0,0.12,1
2025/11/13 19:00,clusterB,6,4,2,2,0,0,1,0,0,1
2025/11/13 19:00,clusterA,6,4,1,3,0.2,0.12,1,0,0.12,1
2025/11/13 19:00,clusterB,6,4,2,2,0,0,1,0,0,1
2025/11/13 19:00,clusterA,6,4,1,3,0.21,0.12,1,0,0.12,1
2025/11/13 19:00,clusterB,6,4,2,2,0,0,1,0,0,1
2025/11/13 19:00,clusterA,6,4,1,3,0.21,0.12,1,0,0.12,1
2025/11/13 19:00,clusterB,6,4,2,2,0,0,1,0,0,1
2025/11/13 19:00,clusterA,6,4,1,3,0.21,0.12,1,0,0.12,1
2025/11/13 19:00,clusterB,6,4,2,2,0,0,1,0,0,1
2025/11/13 19:00,clusterA,6,4,1,3,0.21,0.12,1,0,0.12,1
2025/11/13 19:00,clusterB,6,4,2,2,0,0,1,0,0,1
2025/11/13 19:00,clusterA,6,4,1,3,0.21,0.12,1,0,0.12,1
2025/11/13 19:00,clusterB,6,4,2,2,0,0,1,0,0,1
2025/11/13 19:00,clusterA,6,4,1,3,0.21,0.12,1,0,0.12,1
2025/11/13 19:00,clusterB,6,4,2,2,0,0,1,0,0,1
2025/11/13 19:00,clusterA,6,4,1,3,0.21,0.12,1,0,0.12,1
2025/11/13 19:00,clusterB,6,4,2,2,0,0,1,0,0,1
2025/11/13 19:00,clusterA,6,4,1,3,0.21,0.12,1,0,0.12,1
2025/11/13 19:00,clusterB,6,4,2,2,0,0,1,0,0,1
2025/11/13 19:01,clusterA,6,4,1,3,0.21,0.12,1,0,0.12,1
2025/11/13 19:01,clusterB,6,4,2,2,0,0,1,0,0,1
2025/11/13 19:01,clusterA,6,4,1,3,0.21,0.12,1,0,0.12,1
2025/11/13 19:01,clusterB,6,4,2,2,0,0,1,0,0,1
2025/11/13 19:01,clusterA,6,4,1,3,0.21,0.12,1,0,0.12,1
2025/11/13 19:01,clusterB,6,4,2,2,0,0,1,0,0,1
2025/11/13 19:01,clusterA,6,4,1,3,0.21,0.12,1,0,0.12,1
2025/11/13 19:01,clusterB,6,4,2,2,0,0,1,0,0,1
2025/11/13 19:01,clusterA,6,4,1,3,0.21,0.12,1,0,0.12,1
2025/11/13 19:01,clusterB,6,4,2,2,0,0,1,0,0,1
2025/11/13 19:01,clusterA,6,4,1,3,0.21,0.12,1,0,0.12,1
2025/11/13 19:01,clusterB,6,4,2,2,0,0,1,0,0,1
2025/11/13 19:01,clusterA,6,4,1,3,0.2,0.11,1,0,0.11,1
2025/11/13 19:01,clusterB,6,4,2,2,0,0,1,0,0,1
2025/11/13 19:01,clusterA,6,4,1,3,0.19,0.11,1,0,0.11,1
2025/11/13 19:01,clusterB,6,4,2,2,0,0,1,0,0,1
2025/11/13 19:01,clusterA,6,4,1,3,0.19,0.11,1,0,0.11,1
2025/11/13 19:01,clusterB,6,4,2,2,0,0,1,0,0,1
2025/11/13 19:01,clusterA,6,4,1,3,0.19,0.11,1,0,0.11,1
2025/11/13 19:01,clusterB,6,4,2,2,0,0,1,0,0,1
2025/11/13 19:01,clusterA,6,4,1,3,0.19,0.11,1,0,0.11,1
2025/11/13 19:01,clusterB,6,4,2,2,0,0,1,0,0,1
2025/11/13 19:01,clusterA,6,4,1,3,0.2,0.11,1,0,0.11,1
2025/11/13 19:01,clusterB,6,4,2,2,0,0,1,0,0,1
2025/11/13 19:02,clusterA,6,4,1,3,0.19,0.11,1,0,0.11,1
2025/11/13 19:02,clusterB,6,4,2,2,0,0,1,0,0,1
2025/11/13 19:02,clusterA,6,4,1,3,0.19,0.11,1,0,0.11,1
2025/11/13 19:02,clusterB,6,4,2,2,0,0,1,0,0,1
2025/11/13 19:02,clusterA,6,4,1,3,0.2,0.12,1,0,0.12,1
2025/11/13 19:02,clusterB,6,4,2,2,0,0,1,0,0,1
2025/11/13 19:02,clusterA,6,4,1,3,0.19,0.12,1,0,0.12,1
2025/11/13 19:02,clusterB,6,4,2,2,0,0,1,0,0,1
2025/11/13 19:02,clusterA,6,4,1,3,0.19,0.12,1,0,0.12,1
2025/11/13 19:02,clusterB,6,4,2,2,0,0,1,0,0,1
2025/11/13 19:02,clusterA,6,4,1,3,0.19,0.12,1,0,0.12,1
2025/11/13 19:02,clusterB,6,4,2,2,0,0,1,0,0,1
2025/11/13 19:02,clusterA,6,4,1,3,0.21,0.12,1,0,0.12,1
2025/11/13 19:02,clusterB,6,4,2,2,0,0,1,0,0,1
2025/11/13 19:02,clusterA,6,4,1,3,0.21,0.12,1,0,0.12,1
2025/11/13 19:02,clusterB,6,4,2,2,0,0,1,0,0,1
2025/11/13 19:02,clusterA,7,4,1,3,0.2,0.12,1,0,0.12,1
2025/11/13 19:02,clusterB,7,4,2,2,0,0,1,0,0,1
2025/11/13 19:02,clusterA,7,4,1,3,0.2,0.12,1,0,0.12,1
2025/11/13 19:02,clusterB,7,4,2,2,0,0,1,0,0,1
2025/11/13 19:02,clusterA,7,4,1,3,0.2,0.12,1,0,0.12,1
2025/11/13 19:02,clusterB,7,4,2,2,0,0,1,0,0,1
2025/11/13 19:02,clusterA,7,4,1,3,0.21,0.12,1,0,0.12,1
2025/11/13 19:02,clusterB,7,4,2,2,0,0,1,0,0,1
2025/11/13 19:03,clusterA,7,4,1,3,0.2,0.12,1,0,0.12,1
2025/11/13 19:03,clusterB,7,4,2,2,0,0,1,0,0,1
2025/11/13 19:03,clusterA,7,4,1,3,0.21,0.12,1,0,0.12,1
2025/11/13 19:03,clusterB,7,4,2,2,0,0,1,0,0,1
2025/11/13 19:03,clusterA,7,4,1,3,0.2,0.12,1,0,0.12,1
2025/11/13 19:03,clusterB,7,4,2,2,0,0,1,0,0,1
2025/11/13 19:03,clusterA,7,4,1,3,0.2,0.12,1,0,0.12,1
2025/11/13 19:03,clusterB,7,4,2,2,0,0,1,0,0,1
2025/11/13 19:03,clusterA,7,4,1,3,0.21,0.12,1,0,0.12,1
2025/11/13 19:03,clusterB,7,4,2,2,0,0,1,0,0,1
2025/11/13 19:03,clusterA,7,4,1,3,0.21,0.12,1,0,0.12,1
2025/11/13 19:03,clusterB,7,4,2,2,0,0,1,0,0,1
2025/11/13 19:03,clusterA,7,4,1,3,0.21,0.12,1,0,0.12,1
2025/11/13 19:03,clusterB,7,4,2,2,0,0,1,0,0,1
2025/11/13 19:03,clusterA,7,4,1,3,0.21,0.12,1,0,0.12,1
2025/11/13 19:03,clusterB,7,4,2,2,0,0,1,0,0,1
2025/11/13 19:03,clusterA,7,4,1,3,0.21,0.12,1,0,0.12,1
2025/11/13 19:03,clusterB,7,4,2,2,0,0,1,0,0,1
2025/11/13 19:03,clusterA,7,4,1,3,0.2,0.12,1,0,0.12,1
2025/11/13 19:03,clusterB,7,4,2,2,0,0,1,0,0,1
2025/11/13 19:03,clusterA,7,4,1,3,0.19,0.11,1,0,0.11,1
2025/11/13 19:03,clusterB,7,4,2,2,0,0,1,0,0,1
2025/11/13 19:03,clusterA,7,4,1,3,0.19,0.11,1,0,0.11,1
2025/11/13 19:03,clusterB,7,4,2,2,0,0,1,0,0,1
2025/11/13 19:04,clusterA,7,4,1,3,0.19,0.11,1,0,0.11,1
2025/11/13 19:04,clusterB,7,4,2,2,0,0,1,0,0,1
2025/11/13 19:04,clusterA,7,4,1,3,0.19,0.11,1,0,0.11,1
2025/11/13 19:04,clusterB,7,4,2,2,0,0,1,0,0,1
2025/11/13 19:04,clusterA,7,4,1,3,0.19,0.11,1,0,0.11,1
2025/11/13 19:04,clusterB,7,4,2,2,0,0,1,0,0,1
2025/11/13 19:04,clusterA,7,4,1,3,0.19,0.11,1,0,0.11,1
2025/11/13 19:04,clusterB,7,4,2,2,0,0,1,0,0,1
2025/11/13 19:04,clusterA,7,4,1,3,0.19,0.11,1,0,0.11,1
2025/11/13 19:04,clusterB,7,4,2,2,0,0,1,0,0,1
2025/11/13 19:04,clusterA,7,4,1,3,0.19,0.12,1,0,0.12,1
2025/11/13 19:04,clusterB,7,4,2,2,0,0,1,0,0,1
2025/11/13 19:04,clusterA,7,4,1,3,0.19,0.12,1,0,0.12,1
2025/11/13 19:04,clusterB,7,4,2,2,0,0,1,0,0,1
2025/11/13 19:04,clusterA,7,4,1,3,0.19,0.12,1,0,0.12,1
2025/11/13 19:04,clusterB,7,4,2,2,0,0,1,0,0,1
2025/11/13 19:04,clusterA,7,4,1,3,0.19,0.12,1,0,0.12,1
2025/11/13 19:04,clusterB,7,4,2,2,0,0,1,0,0,1
2025/11/13 19:04,clusterA,7,4,1,3,0.19,0.12,1,0,0.12,1
2025/11/13 19:04,clusterB,7,4,2,2,0,0,1,0,0,1
2025/11/13 19:04,clusterA,7,4,1,3,0.2,0.12,1,0,0.12,1
2025/11/13 19:04,clusterB,7,4,2,2,0,0,1,0,0,1
2025/11/13 19:04,clusterA,7,4,1,3,0.2,0.12,1,0,0.12,1
2025/11/13 19:04,clusterB,7,4,2,2,0,0,1,0,0,1
2025/11/13 19:05,clusterA,7,4,1,3,0.2,0.12,1,0,0.12,1
2025/11/13 19:05,clusterB,7,4,2,2,0,0,1,0,0,1
2025/11/13 19:05,clusterA,7,4,1,3,0.2,0.12,1,0,0.12,1
2025/11/13 19:05,clusterB,7,4,2,2,0,0,1,0,0,1
2025/11/13 19:05,clusterA,7,4,1,3,0.2,0.12,1,0,0.12,1
2025/11/13 19:05,clusterB,7,4,2,2,0,0,1,0,0,1
2025/11/13 19:05,clusterA,7,4,1,3,0.2,0.12,1,0,0.12,1
2025/11/13 19:05,clusterB,7,4,2,2,0,0,1,0,0,1
2025/11/13 19:05,clusterA,7,4,1,3,0.2,0.12,1,0,0.12,1
2025/11/13 19:05,clusterB,7,4,2,2,0,0,1,0,0,1
2025/11/13 19:05,clusterA,7,4,1,3,0.2,0.12,1,0,0.12,1
2025/11/13 19:05,clusterB,7,4,2,2,0,0,1,0,0,1
2025/11/13 19:05,clusterA,7,4,1,3,0.2,0.12,1,0,0.12,1
2025/11/13 19:05,clusterB,7,4,2,2,0,0,1,0,0,1
2025/11/13 19:05,clusterA,7,4,1,3,0.2,0.12,1,0,0.12,1
2025/11/13 19:05,clusterB,7,4,2,2,0,0,1,0,0,1
2025/11/13 19:05,clusterA,7,4,1,3,0.21,0.12,1,0,0.12,1
2025/11/13 19:05,clusterB,7,4,2,2,0,0,1,0,0,1
2025/11/13 19:05,clusterA,7,4,1,3,0.21,0.12,1,0,0.12,1
2025/11/13 19:05,clusterB,7,4,2,2,0,0,1,0,0,1
2025/11/13 19:05,clusterA,7,4,1,3,0.21,0.11,1,0,0.11,1
2025/11/13 19:05,clusterB,7,4,2,2,0,0,1,0,0,1
2025/11/13 19:05,clusterA,7,4,1,3,0.2,0.11,1,0,0.11,1
2025/11/13 19:05,clusterB,7,4,2,2,0,0,1,0,0,1
2025/11/13 19:06,clusterA,7,4,1,3,0.2,0.11,1,0,0.11,1
2025/11/13 19:06,clusterB,7,4,2,2,0,0,1,0,0,1
2025/11/13 19:06,clusterA,7,4,1,3,0.19,0.11,1,0,0.11,1
2025/11/13 19:06,clusterB,7,4,2,2,0,0,1,0,0,1
2025/11/13 19:06,clusterA,7,4,1,3,0.19,0.11,1,0,0.11,1
2025/11/13 19:06,clusterB,7,4,2,2,0,0,1,0,0,1
2025/11/13 19:06,clusterA,7,4,1,3,0.2,0.11,1,0,0.11,1
2025/11/13 19:06,clusterB,7,4,2,2,0,0,1,0,0,1
2025/11/13 19:06,clusterA,7,4,1,3,0.19,0.11,1,0,0.11,1
2025/11/13 19:06,clusterB,7,4,2,2,0,0,1,0,0,1
2025/11/13 19:06,clusterA,7,4,1,3,0.19,0.11,1,0,0.11,1
2025/11/13 19:06,clusterB,7,4,2,2,0,0,1,0,0,1
2025/11/13 19:06,clusterA,7,4,1,3,0.19,0.11,1,0,0.11,1
2025/11/13 19:06,clusterB,7,4,2,2,0,0,1,0,0,1
2025/11/13 19:06,clusterA,7,4,1,3,0.19,0.11,1,0,0.11,1
2025/11/13 19:06,clusterB,7,4,2,2,0,0,1,0,0,1
2025/11/13 19:06,clusterA,7,4,1,3,0.18,0.11,1,0,0.11,1
2025/11/13 19:06,clusterB,7,4,2,2,0,0,1,0,0,1
2025/11/13 19:06,clusterA,7,4,1,3,0.19,0.12,1,0,0.12,1
2025/11/13 19:06,clusterB,7,4,2,2,0,0,1,0,0,1
2025/11/13 19:06,clusterA,7,4,1,3,0.18,0.12,1,0,0.12,1
2025/11/13 19:06,clusterB,7,4,2,2,0,0,1,0,0,1
2025/11/13 19:06,clusterA,7,4,1,3,0.2,0.12,1,0,0.12,1
2025/11/13 19:06,clusterB,7,4,2,2,0,0,1,0,0,1
2025/11/13 19:07,clusterA,7,4,1,3,0.2,0.12,1,0,0.12,1
2025/11/13 19:07,clusterB,7,4,2,2,0,0,1,0,0,1
2025/11/13 19:07,clusterA,7,4,1,3,0.2,0.12,1,0,0.12,1
2025/11/13 19:07,clusterB,7,4,2,2,0,0,1,0,0,1
2025/11/13 19:07,clusterA,7,4,1,3,0.2,0.12,1,0,0.12,1
2025/11/13 19:07,clusterB,7,4,2,2,0,0,1,0,0,1
2025/11/13 19:07,clusterA,7,4,1,3,0.2,0.12,1,0,0.12,1
2025/11/13 19:07,clusterB,7,4,2,2,0,0,1,0,0,1
2025/11/13 19:07,clusterA,7,4,1,3,0.2,0.12,1,0,0.12,1
2025/11/13 19:07,clusterB,7,4,2,2,0,0,1,0,0,1
2025/11/13 19:07,clusterA,7,4,1,3,0.21,0.12,1,0,0.12,1
2025/11/13 19:07,clusterB,7,4,2,2,0,0,1,0,0,1
2025/11/13 19:07,clusterA,7,4,1,3,0.21,0.12,1,0,0.12,1
2025/11/13 19:07,clusterB,7,4,2,2,0,0,1,0,0,1
2025/11/13 19:07,clusterA,7,4,1,3,0.21,0.12,1,0,0.12,1
2025/11/13 19:07,clusterB,7,4,2,2,0,0,1,0,0,1
2025/11/13 19:07,clusterA,7,4,1,3,0.21,0.12,1,0,0.12,1
2025/11/13 19:07,clusterB,7,4,2,2,0,0,1,0,0,1
2025/11/13 19:07,clusterA,7,4,1,3,0.21,0.12,1,0,0.12,1
2025/11/13 19:07,clusterB,7,4,2,2,0,0,1,0,0,1
2025/11/13 19:07,clusterA,7,4,1,3,0.21,0.12,1,0,0.12,1
2025/11/13 19:07,clusterB,7,4,2,2,0,0,1,0,0,1
2025/11/13 19:07,clusterA,7,4,1,3,0.21,0.12,1,0,0.12,1
2025/11/13 19:07,clusterB,7,4,2,2,0,0,1,0,0,1
2025/11/13 19:08,clusterA,7,4,1,3,0.2,0.12,1,0,0.12,1
2025/11/13 19:08,clusterB,7,4,2,2,0,0,1,0,0,1
2025/11/13 19:08,clusterA,7,4,1,3,0.2,0.11,1,0,0.11,1
2025/11/13 19:08,clusterB,7,4,2,2,0,0,1,0,0,1
2025/11/13 19:08,clusterA,7,4,1,3,0.2,0.11,1,0,0.11,1
2025/11/13 19:08,clusterB,7,4,2,2,0,0,1,0,0,1
2025/11/13 19:08,clusterA,7,4,1,3,0.2,0.11,1,0,0.11,1
2025/11/13 19:08,clusterB,7,4,2,2,0,0,1,0,0,1
2025/11/13 19:08,clusterA,7,4,1,3,0.2,0.11,1,0,0.11,1
2025/11/13 19:08,clusterB,7,4,2,2,0,0,1,0,0,1
2025/11/13 19:08,clusterA,7,4,1,3,0.19,0.11,1,0,0.11,1
2025/11/13 19:08,clusterB,7,4,2,2,0,0,1,0,0,1
2025/11/13 19:08,clusterA,7,4,1,3,0.19,0.11,1,0,0.11,1
2025/11/13 19:08,clusterB,7,4,2,2,0,0,1,0,0,1
2025/11/13 19:08,clusterA,7,4,1,3,0.19,0.11,1,0,0.11,1
2025/11/13 19:08,clusterB,7,4,2,2,0,0,1,0,0,1
2025/11/13 19:08,clusterA,7,4,1,3,0.19,0.11,1,0,0.11,1
2025/11/13 19:08,clusterB,7,4,2,2,0,0,1,0,0,1
2025/11/13 19:08,clusterA,7,4,1,3,0.19,0.11,1,0,0.11,1
2025/11/13 19:08,clusterB,7,4,2,2,0,0,1,0,0,1
2025/11/13 19:08,clusterA,7,4,1,3,0.19,0.11,1,0,0.11,1
2025/11/13 19:08,clusterB,7,4,2,2,0,0,1,0,0,1
2025/11/13 19:08,clusterA,7,4,1,3,0.2,0.11,1,0,0.11,1
2025/11/13 19:08,clusterB,7,4,2,2,0,0,1,0,0,1
2025/11/13 19:09,clusterA,7,4,1,3,0.2,0.11,1,0,0.11,1
2025/11/13 19:09,clusterB,7,4,2,2,0,0,1,0,0,1
2025/11/13 19:09,clusterA,7,4,1,3,0.2,0.11,1,0,0.11,1
2025/11/13 19:09,clusterB,7,4,2,2,0,0,1,0,0,1
2025/11/13 19:09,clusterA,7,4,1,3,0.2,0.12,1,0,0.12,1
2025/11/13 19:09,clusterB,7,4,2,2,0,0,1,0,0,1
2025/11/13 19:09,clusterA,7,4,1,3,0.2,0.12,1,0,0.12,1
2025/11/13 19:09,clusterB,7,4,2,2,0,0,1,0,0,1
2025/11/13 19:09,clusterA,7,4,1,3,0.21,0.12,1,0,0.12,1
2025/11/13 19:09,clusterB,7,4,2,2,0,0,1,0,0,1
2025/11/13 19:09,clusterA,7,4,1,3,0.21,0.12,1,0,0.12,1
2025/11/13 19:09,clusterB,7,4,2,2,0,0,1,0,0,1
2025/11/13 19:09,clusterA,7,4,1,3,0.21,0.12,1,0,0.12,1
2025/11/13 19:09,clusterB,7,4,2,2,0,0,1,0,0,1
2025/11/13 19:09,clusterA,7,4,1,3,0.21,0.12,1,0,0.12,1
2025/11/13 19:09,clusterB,7,4,2,2,0,0,1,0,0,1
2025/11/13 19:09,clusterA,7,4,1,3,0.21,0.12,1,0,0.12,1
2025/11/13 19:09,clusterB,7,4,2,2,0,0,1,0,0,1
2025/11/13 19:09,clusterA,7,4,1,3,0.21,0.12,1,0,0.12,1
2025/11/13 19:09,clusterB,7,4,2,2,0,0,1,0,0,1
2025/11/13 19:09,clusterA,7,4,1,3,0.21,0.12,1,0,0.12,1
2025/11/13 19:09,clusterB,7,4,2,2,0,0,1,0,0,1
2025/11/13 19:09,clusterA,7,4,1,3,0.21,0.12,1,0,0.12,1
2025/11/13 19:09,clusterB,7,4,2,2,0,0,1,0,0,1
2025/11/13 19:10,clusterA,7,4,1,3,0.21,0.12,1,0,0.12,1
2025/11/13 19:10,clusterB,7,4,2,2,0,0,1,0,0,1
2025/11/13 19:10,clusterA,7,4,1,3,0.21,0.12,1,0,0.12,1
2025/11/13 19:10,clusterB,7,4,2,2,0,0,1,0,0,1
2025/11/13 19:10,clusterA,7,4,1,3,0.21,0.12,1,0,0.12,1
2025/11/13 19:10,clusterB,7,4,2,2,0,0,1,0,0,1
2025/11/13 19:10,clusterA,7,4,1,3,0.2,0.12,1,0,0.12,1
2025/11/13 19:10,clusterB,7,4,2,2,0,0,1,0,0,1
2025/11/13 19:10,clusterA,7,4,1,3,0.19,0.11,1,0,0.11,1
2025/11/13 19:10,clusterB,7,4,2,2,0,0,1,0,0,1
2025/11/13 19:10,clusterA,7,4,1,3,0.19,0.11,1,0,0.11,1
2025/11/13 19:10,clusterB,7,4,2,2,0,0,1,0,0,1
2025/11/13 19:10,clusterA,7,4,1,3,0.19,0.11,1,0,0.11,1
2025/11/13 19:10,clusterB,7,4,2,2,0,0,1,0,0,1
2025/11/13 19:10,clusterA,7,4,1,3,0.19,0.11,1,0,0.11,1
2025/11/13 19:10,clusterB,7,4,2,2,0,0,1,0,0,1
2025/11/13 19:10,clusterA,7,4,1,3,0.19,0.11,1,0,0.11,1
2025/11/13 19:10,clusterB,7,4,2,2,0,0,1,0,0,1
2025/11/13 19:10,clusterA,7,4,1,3,0.19,0.11,1,0,0.11,1
2025/11/13 19:10,clusterB,7,4,2,2,0,0,1,0,0,1
2025/11/13 19:10,clusterA,7,4,1,3,0.18,0.11,1,0,0.11,1
2025/11/13 19:10,clusterB,7,4,2,2,0,0,1,0,0,1
2025/11/13 19:10,clusterA,7,4,1,3,0.18,0.12,1,0,0.12,1
2025/11/13 19:10,clusterB,7,4,2,2,0,0,1,0,0,1
2025/11/13 19:11,clusterA,7,4,1,3,0.18,0.12,1,0,0.12,1
2025/11/13 19:11,clusterB,7,4,2,2,0,0,1,0,0,1
2025/11/13 19:11,clusterA,7,4,1,3,0.19,0.12,1,0,0.12,1
2025/11/13 19:11,clusterB,7,4,2,2,0,0,1,0,0,1
2025/11/13 19:11,clusterA,7,4,1,3,0.18,0.12,1,0,0.12,1
2025/11/13 19:11,clusterB,7,4,2,2,0,0,1,0,0,1
2025/11/13 19:11,clusterA,7,4,1,3,0.19,0.12,1,0,0.12,1
2025/11/13 19:11,clusterB,7,4,2,2,0,0,1,0,0,1
2025/11/13 19:11,clusterA,7,4,1,3,0.2,0.12,1,0,0.12,1
2025/11/13 19:11,clusterB,7,4,2,2,0,0,1,0,0,1
2025/11/13 19:11,clusterA,7,4,1,3,0.2,0.12,1,0,0.12,1
2025/11/13 19:11,clusterB,7,4,2,2,0,0,1,0,0,1
2025/11/13 19:11,clusterA,7,4,1,3,0.2,0.12,1,0,0.12,1
2025/11/13 19:11,clusterB,7,4,2,2,0,0,1,0,0,1
2025/11/13 19:11,clusterA,7,4,1,3,0.2,0.11,1,0,0.11,1
2025/11/13 19:11,clusterB,7,4,2,2,0,0,1,0,0,1
2025/11/13 19:11,clusterA,7,4,1,3,0.2,0.11,1,0,0.11,1
2025/11/13 19:11,clusterB,7,4,2,2,0,0,1,0,0,1
2025/11/13 19:11,clusterA,7,4,1,3,0.2,0.11,1,0,0.11,1
2025/11/13 19:11,clusterB,7,4,2,2,0,0,1,0,0,1
2025/11/13 19:11,clusterA,7,4,1,3,0.2,0.11,1,0,0.11,1
2025/11/13 19:11,clusterB,7,4,2,2,0,0,1,0,0,1
2025/11/13 19:11,clusterA,7,4,1,3,0.2,0.11,1,0,0.11,1
2025/11/13 19:11,clusterB,7,4,2,2,0,0,1,0,0,1
2025/11/13 19:12,clusterA,7,4,1,3,0.2,0.11,1,0,0.11,1
2025/11/13 19:12,clusterB,7,4,2,2,0,0,1,0,0,1
2025/11/13 19:12,clusterA,7,4,1,3,0.2,0.11,1,0,0.11,1
2025/11/13 19:12,clusterB,7,4,2,2,0,0,1,0,0,1
2025/11/13 19:12,clusterA,7,4,1,3,0.2,0.11,1,0,0.11,1
2025/11/13 19:12,clusterB,7,4,2,2,0,0,1,0,0,1
2025/11/13 19:12,clusterA,7,4,1,3,0.2,0.11,1,0,0.11,1
2025/11/13 19:12,clusterB,7,4,2,2,0,0,1,0,0,1
2025/11/13 19:12,clusterA,7,4,1,3,0.19,0.11,1,0,0.11,1
2025/11/13 19:12,clusterB,7,4,2,2,0,0,1,0,0,1
2025/11/13 19:12,clusterA,7,4,1,3,0.19,0.11,1,0,0.11,1
2025/11/13 19:12,clusterB,7,4,2,2,0,0,1,0,0,1
2025/11/13 19:12,clusterA,7,4,1,3,0.18,0.11,1,0,0.11,1
2025/11/13 19:12,clusterB,7,4,2,2,0,0,1,0,0,1
2025/11/13 19:12,clusterA,7,4,1,3,0.18,0.11,1,0,0.11,1
2025/11/13 19:12,clusterB,7,4,2,2,0,0,1,0,0,1
2025/11/13 19:12,clusterA,7,4,1,3,0.19,0.11,1,0,0.11,1
2025/11/13 19:12,clusterB,7,4,2,2,0,0,1,0,0,1
2025/11/13 19:12,clusterA,7,4,1,3,0.19,0.11,1,0,0.11,1
2025/11/13 19:12,clusterB,7,4,2,2,0,0,1,0,0,1
2025/11/13 19:12,clusterA,7,4,1,3,0.18,0.11,1,0,0.11,1
2025/11/13 19:12,clusterB,7,4,2,2,0,0,1,0,0,1
2025/11/13 19:12,clusterA,7,4,1,3,0.19,0.11,1,0,0.11,1
2025/11/13 19:12,clusterB,7,4,2,2,0,0,1,0,0,1
2025/11/13 19:13,clusterA,7,4,1,3,0.19,0.12,1,0,0.12,1
2025/11/13 19:13,clusterB,7,4,2,2,0,0,1,0,0,1
2025/11/13 19:13,clusterA,7,4,1,3,0.19,0.12,1,0,0.12,1
2025/11/13 19:13,clusterB,7,4,2,2,0,0,1,0,0,1
2025/11/13 19:13,clusterA,7,4,1,3,0.2,0.12,1,0,0.12,1
2025/11/13 19:13,clusterB,7,4,2,2,0,0,1,0,0,1
2025/11/13 19:13,clusterA,7,4,1,3,0.2,0.12,1,0,0.12,1
2025/11/13 19:13,clusterB,7,4,2,2,0,0,1,0,0,1
2025/11/13 19:13,clusterA,7,4,1,3,0.2,0.12,1,0,0.12,1
2025/11/13 19:13,clusterB,7,4,2,2,0,0,1,0,0,1
2025/11/13 19:13,clusterA,7,4,1,3,0.2,0.12,1,0,0.12,1
2025/11/13 19:13,clusterB,7,4,2,2,0,0,1,0,0,1
2025/11/13 19:13,clusterA,7,4,1,3,0.21,0.12,1,0,0.12,1
2025/11/13 19:13,clusterB,7,4,2,2,0,0,1,0,0,1
2025/11/13 19:13,clusterA,7,4,1,3,0.21,0.12,1,0,0.12,1
2025/11/13 19:13,clusterB,7,4,2,2,0,0,1,0,0,1
2025/11/13 19:13,clusterA,7,4,1,3,0.21,0.12,1,0,0.12,1
2025/11/13 19:13,clusterB,7,4,2,2,0,0,1,0,0,1
2025/11/13 19:13,clusterA,7,4,1,3,0.21,0.12,1,0,0.12,1
2025/11/13 19:13,clusterB,7,4,2,2,0,0,1,0,0,1
2025/11/13 19:13,clusterA,7,4,1,3,0.21,0.12,1,0,0.12,1
2025/11/13 19:13,clusterB,7,4,2,2,0,0,1,0,0,1
2025/11/13 19:13,clusterA,7,4,1,3,0.21,0.12,1,0,0.12,1
2025/11/13 19:13,clusterB,7,4,2,2,0,0,1,0,0,1
2025/11/13 19:14,clusterA,7,4,1,3,0.21,0.12,1,0,0.12,1
2025/11/13 19:14,clusterB,7,4,2,2,0,0,1,0,0,1
2025/11/13 19:14,clusterA,7,4,1,3,0.21,0.12,1,0,0.12,1
2025/11/13 19:14,clusterB,7,4,2,2,0,0,1,0,0,1
2025/11/13 19:14,clusterA,7,4,1,3,0.2,0.12,1,0,0.12,1
2025/11/13 19:14,clusterB,7,4,2,2,0,0,1,0,0,1
2025/11/13 19:14,clusterA,7,4,1,3,0.2,0.12,1,0,0.12,1
2025/11/13 19:14,clusterB,7,4,2,2,0,0,1,0,0,1
2025/11/13 19:14,clusterA,7,4,1,3,0.2,0.12,1,0,0.12,1
2025/11/13 19:14,clusterB,7,4,2,2,0,0,1,0,0,1
2025/11/13 19:14,clusterA,7,4,1,3,0.2,0.12,1,0,0.12,1
2025/11/13 19:14,clusterB,7,4,2,2,0,0,1,0,0,1
2025/11/13 19:14,clusterA,7,4,1,3,0.21,0.12,1,0,0.12,1
2025/11/13 19:14,clusterB,7,4,2,2,0,0,1,0,0,1
2025/11/13 19:14,clusterA,7,4,1,3,0.2,0.11,1,0,0.11,1
2025/11/13 19:14,clusterB,7,4,2,2,0,0,1,0,0,1
2025/11/13 19:14,clusterA,7,4,1,3,0.2,0.11,1,0,0.11,1
2025/11/13 19:14,clusterB,7,4,2,2,0,0,1,0,0,1
2025/11/13 19:14,clusterA,7,4,1,3,0.2,0.11,1,0,0.11,1
2025/11/13 19:14,clusterB,7,4,2,2,0,0,1,0,0,1
2025/11/13 19:14,clusterA,7,4,1,3,0.2,0.11,1,0,0.11,1
2025/11/13 19:14,clusterB,7,4,2,2,0,0,1,0,0,1
2025/11/13 19:14,clusterA,5,4,4,0,0.18,0.11,1,0,0.11,1
2025/11/13 19:14,clusterB,5,4,4,0,0,0,1,0,0,1
2025/11/13 19:15,clusterA,5,4,4,0,0.16,0.1,1,0,0.1,1
2025/11/13 19:15,clusterB,5,4,4,0,0,0,1,0,0,1
2025/11/13 19:15,clusterA,5,4,4,0,0.14,0.1,1,0,0.1,1
2025/11/13 19:15,clusterB,5,4,4,0,0,0,1,0,0,1
2025/11/13 19:15,clusterA,5,4,4,0,0.15,0.1,1,0,0.1,1
2025/11/13 19:15,clusterB,5,4,4,0,0,0,1,0,0,1
2025/11/13 19:15,clusterA,5,4,4,0,0.16,0.11,1,0,0.11,1
2025/11/13 19:15,clusterB,5,4,4,0,0,0,1,0,0,1
2025/11/13 19:15,clusterA,5,4,4,0,0.17,0.11,1,0,0.11,1
2025/11/13 19:15,clusterB,5,4,4,0,0,0,1,0,0,1
2025/11/13 19:15,clusterA,5,4,4,0,0.16,0.12,1,0,0.12,1
2025/11/13 19:15,clusterB,5,4,4,0,0,0,1,0,0,1
2025/11/13 19:15,clusterA,5,4,4,0,0.16,0.12,1,0,0.12,1
2025/11/13 19:15,clusterB,5,4,4,0,0,0,1,0,0,1
2025/11/13 19:15,clusterA,5,4,4,0,0.18,0.13,1,0,0.13,1
2025/11/13 19:15,clusterB,5,4,4,0,0,0,1,0,0,1
2025/11/13 19:15,clusterA,5,4,4,0,0.18,0.13,1,0,0.13,1
2025/11/13 19:15,clusterB,5,4,4,0,0,0,1,0,0,1
2025/11/13 19:15,clusterA,5,4,4,0,0.19,0.13,1,0,0.13,1
2025/11/13 19:15,clusterB,5,4,4,0,0,0,1,0,0,1
2025/11/13 19:15,clusterA,5,4,4,0,0.21,0.14,1,0,0.14,1
2025/11/13 19:15,clusterB,5,4,4,0,0,0,1,0,0,1
2025/11/13 19:15,clusterA,5,4,4,0,0.23,0.15,1,0,0.15,1
2025/11/13 19:15,clusterB,5,4,4,0,0,0,1,0,0,1
2025/11/13 19:16,clusterA,5,4,4,0,0.26,0.17,1,0,0.17,1
2025/11/13 19:16,clusterB,5,4,4,0,0,0,1,0,0,1
2025/11/13 19:16,clusterA,5,4,4,0,0.28,0.17,1,0,0.17,1
2025/11/13 19:16,clusterB,5,4,4,0,0,0,1,0,0,1
2025/11/13 19:16,clusterA,5,4,4,0,0.28,0.17,1,0,0.17,1
2025/11/13 19:16,clusterB,5,4,4,0,0,0,1,0,0,1
2025/11/13 19:16,clusterA,5,4,4,0,0.28,0.17,1,0,0.17,1
2025/11/13 19:16,clusterB,5,4,4,0,0,0,1,0,0,1
2025/11/13 19:16,clusterA,5,4,4,0,0.28,0.18,1,0,0.18,1
2025/11/13 19:16,clusterB,5,4,4,0,0,0,1,0,0,1
2025/11/13 19:16,clusterA,5,4,4,0,0.29,0.18,1,0,0.18,1
2025/11/13 19:16,clusterB,5,4,4,0,0,0,1,0,0,1
2025/11/13 19:16,clusterA,5,4,4,0,0.29,0.18,1,0,0.18,1
2025/11/13 19:16,clusterB,5,4,4,0,0,0,1,0,0,1
2025/11/13 19:16,clusterA,5,4,4,0,0.31,0.17,1,0,0.17,1
2025/11/13 19:16,clusterB,5,4,4,0,0,0,1,0,0,1
2025/11/13 19:16,clusterA,5,4,4,0,0.31,0.17,1,0,0.17,1
2025/11/13 19:16,clusterB,5,4,4,0,0,0,1,0,0,1
2025/11/13 19:16,clusterA,5,4,4,0,0.31,0.17,1,0,0.17,1
2025/11/13 19:16,clusterB,5,4,4,0,0,0,1,0,0,1
2025/11/13 19:16,clusterA,5,4,4,0,0.29,0.17,1,0,0.17,1
2025/11/13 19:16,clusterB,5,4,4,0,0,0,1,0,0,1
2025/11/13 19:17,clusterA,5,4,4,0,0.29,0.17,1,0,0.17,1
2025/11/13 19:17,clusterB,5,4,4,0,0,0,1,0,0,1
2025/11/13 19:17,clusterA,5,4,4,0,0.3,0.17,1,0,0.17,1
2025/11/13 19:17,clusterB,5,4,4,0,0,0,1,0,0,1
2025/11/13 19:17,clusterA,5,4,4,0,0.3,0.17,1,0,0.17,1
2025/11/13 19:17,clusterB,5,4,4,0,0,0,1,0,0,1
2025/11/13 19:17,clusterA,5,4,4,0,0.3,0.17,1,0,0.17,1
2025/11/13 19:17,clusterB,5,4,4,0,0,0,1,0,0,1
2025/11/13 19:17,clusterA,5,4,4,0,0.3,0.16,1,0,0.16,1
2025/11/13 19:17,clusterB,5,4,4,0,0,0,1,0,0,1
2025/11/13 19:17,clusterA,5,4,4,0,0.3,0.16,1,0,0.16,1
2025/11/13 19:17,clusterB,5,4,4,0,0,0,1,0,0,1
2025/11/13 19:17,clusterA,5,4,4,0,0.29,0.16,1,0,0.16,1
2025/11/13 19:17,clusterB,5,4,4,0,0,0,1,0,0,1
2025/11/13 19:17,clusterA,5,4,4,0,0.29,0.16,1,0,0.16,1
2025/11/13 19:17,clusterB,5,4,4,0,0,0,1,0,0,1
2025/11/13 19:17,clusterA,5,4,4,0,0.27,0.16,1,0,0.16,1
2025/11/13 19:17,clusterB,5,4,4,0,0,0,1,0,0,1
2025/11/13 19:17,clusterA,5,4,4,0,0.25,0.16,1,0,0.16,1
2025/11/13 19:17,clusterB,5,4,4,0,0,0,1,0,0,1
2025/11/13 19:17,clusterA,5,4,4,0,0.24,0.16,1,0,0.16,1
2025/11/13 19:17,clusterB,5,4,4,0,0,0,1,0,0,1
2025/11/13 19:17,clusterA,5,4,4,0,0.24,0.16,1,0,0.16,1
2025/11/13 19:17,clusterB,5,4,4,0,0,0,1,0,0,1
2025/11/13 19:18,clusterA,5,4,4,0,0.24,0.16,1,0,0.16,1
2025/11/13 19:18,clusterB,5,4,4,0,0,0,1,0,0,1
2025/11/13 19:18,clusterA,5,4,4,0,0.24,0.16,1,0,0.16,1
2025/11/13 19:18,clusterB,5,4,4,0,0,0,1,0,0,1
2025/11/13 19:18,clusterA,5,4,4,0,0.24,0.16,1,0,0.16,1
2025/11/13 19:18,clusterB,5,4,4,0,0,0,1,0,0,1
2025/11/13 19:18,clusterA,5,4,4,0,0.24,0.16,1,0,0.16,1
2025/11/13 19:18,clusterB,5,4,4,0,0,0,1,0,0,1
2025/11/13 19:18,clusterA,5,4,4,0,0.25,0.16,1,0,0.16,1
2025/11/13 19:18,clusterB,5,4,4,0,0,0,1,0,0,1
2025/11/13 19:18,clusterA,5,4,4,0,0.25,0.16,1,0,0.16,1
2025/11/13 19:18,clusterB,5,4,4,0,0,0,1,0,0,1
2025/11/13 19:18,clusterA,5,4,4,0,0.26,0.17,1,0,0.17,1
2025/11/13 19:18,clusterB,5,4,4,0,0,0,1,0,0,1
2025/11/13 19:18,clusterA,5,4,4,0,0.27,0.17,1,0,0.17,1
2025/11/13 19:18,clusterB,5,4,4,0,0,0,1,0,0,1
2025/11/13 19:18,clusterA,5,4,4,0,0.28,0.17,1,0,0.17,1
2025/11/13 19:18,clusterB,5,4,4,0,0,0,1,0,0,1
2025/11/13 19:18,clusterA,5,4,4,0,0.28,0.17,1,0,0.17,1
2025/11/13 19:18,clusterB,5,4,4,0,0,0,1,0,0,1
2025/11/13 19:18,clusterA,5,4,4,0,0.29,0.17,1,0,0.17,1
2025/11/13 19:18,clusterB,5,4,4,0,0,0,1,0,0,1
2025/11/13 19:18,clusterA,5,4,4,0,0.29,0.17,1,0,0.17,1
2025/11/13 19:18,clusterB,5,4,4,0,0,0,1,0,0,1
2025/11/13 19:19,clusterA,5,4,4,0,0.29,0.17,1,0,0.17,1
2025/11/13 19:19,clusterB,5,4,4,0,0,0,1,0,0,1
2025/11/13 19:19,clusterA,5,4,4,0,0.29,0.17,1,0,0.17,1
2025/11/13 19:19,clusterB,5,4,4,0,0,0,1,0,0,1
2025/11/13 19:19,clusterA,5,4,4,0,0.27,0.17,1,0,0.17,1
2025/11/13 19:19,clusterB,5,4,4,0,0,0,1,0,0,1
2025/11/13 19:19,clusterA,5,4,4,0,0.27,0.17,1,0,0.17,1
2025/11/13 19:19,clusterB,5,4,4,0,0,0,1,0,0,1
2025/11/13 19:19,clusterA,5,4,4,0,0.26,0.17,1,0,0.17,1
2025/11/13 19:19,clusterB,5,4,4,0,0,0,1,0,0,1
2025/11/13 19:19,clusterA,5,4,4,0,0.26,0.17,1,0,0.17,1
2025/11/13 19:19,clusterB,5,4,4,0,0,0,1,0,0,1
2025/11/13 19:19,clusterA,5,4,4,0,0.26,0.17,1,0,0.17,1
2025/11/13 19:19,clusterB,5,4,4,0,0,0,1,0,0,1
2025/11/13 19:19,clusterA,5,4,4,0,0.26,0.16,1,0,0.16,1
2025/11/13 19:19,clusterB,5,4,4,0,0,0,1,0,0,1
2025/11/13 19:19,clusterA,5,4,4,0,0.26,0.16,1,0,0.16,1
2025/11/13 19:19,clusterB,5,4,4,0,0,0,1,0,0,1
2025/11/13 19:19,clusterA,5,4,4,0,0.25,0.16,1,0,0.16,1
2025/11/13 19:19,clusterB,5,4,4,0,0,0,1,0,0,1
2025/11/13 19:19,clusterA,5,4,4,0,0.25,0.16,1,0,0.16,1
2025/11/13 19:19,clusterB,5,4,4,0,0,0,1,0,0,1
2025/11/13 19:19,clusterA,5,4,4,0,0.26,0.16,1,0,0.16,1
2025/11/13 19:19,clusterB,5,4,4,0,0,0,1,0,0,1
2025/11/13 19:20,clusterA,5,4,4,0,0.25,0.16,1,0,0.16,1
2025/11/13 19:20,clusterB,5,4,4,0,0,0,1,0,0,1
2025/11/13 19:20,clusterA,5,4,4,0,0.25,0.16,1,0,0.16,1
2025/11/13 19:20,clusterB,5,4,4,0,0,0,1,0,0,1
2025/11/13 19:20,clusterA,5,4,4,0,0.27,0.17,1,0,0.17,1
2025/11/13 19:20,clusterB,5,4,4,0,0,0,1,0,0,1
2025/11/13 19:20,clusterA,5,4,4,0,0.27,0.17,1,0,0.17,1
2025/11/13 19:20,clusterB,5,4,4,0,0,0,1,0,0,1
2025/11/13 19:20,clusterA,5,4,4,0,0.27,0.17,1,0,0.17,1
2025/11/13 19:20,clusterB,5,4,4,0,0,0,1,0,0,1
2025/11/13 19:20,clusterA,5,4,4,0,0.25,0.17,1,0,0.17,1
2025/11/13 19:20,clusterB,5,4,4,0,0,0,1,0,0,1
2025/11/13 19:20,clusterA,5,4,4,0,0.25,0.17,1,0,0.17,1
2025/11/13 19:20,clusterB,5,4,4,0,0,0,1,0,0,1
2025/11/13 19:20,clusterA,5,4,4,0,0.26,0.17,1,0,0.17,1
2025/11/13 19:20,clusterB,5,4,4,0,0,0,1,0,0,1
2025/11/13 19:20,clusterA,5,4,4,0,0.26,0.17,1,0,0.17,1
2025/11/13 19:20,clusterB,5,4,4,0,0,0,1,0,0,1
2025/11/13 19:20,clusterA,5,4,4,0,0.27,0.18,1,0,0.18,1
2025/11/13 19:20,clusterB,5,4,4,0,0,0,1,0,0,1
2025/11/13 19:20,clusterA,5,4,4,0,0.27,0.18,1,0,0.18,1
2025/11/13 19:20,clusterB,5,4,4,0,0,0,1,0,0,1
2025/11/13 19:20,clusterA,5,4,4,0,0.25,0.17,1,0,0.17,1
2025/11/13 19:20,clusterB,5,4,4,0,0,0,1,0,0,1
2025/11/13 19:21,clusterA,5,4,4,0,0.26,0.17,1,0,0.17,1
2025/11/13 19:21,clusterB,5,4,4,0,0,0,1,0,0,1
2025/11/13 19:21,clusterA,5,4,4,0,0.26,0.17,1,0,0.17,1
2025/11/13 19:21,clusterB,5,4,4,0,0,0,1,0,0,1
2025/11/13 19:21,clusterA,5,4,4,0,0.26,0.17,1,0,0.17,1
2025/11/13 19:21,clusterB,5,4,4,0,0,0,1,0,0,1
2025/11/13 19:21,clusterA,5,4,4,0,0.26,0.17,1,0,0.17,1
2025/11/13 19:21,clusterB,5,4,4,0,0,0,1,0,0,1
2025/11/13 19:21,clusterA,5,4,4,0,0.26,0.18,1,0,0.18,1
2025/11/13 19:21,clusterB,5,4,4,0,0,0,1,0,0,1
2025/11/13 19:21,clusterA,5,4,4,0,0.28,0.18,1,0,0.18,1
2025/11/13 19:21,clusterB,5,4,4,0,0,0,1,0,0,1
2025/11/13 19:21,clusterA,5,4,4,0,0.29,0.18,1,0,0.18,1
2025/11/13 19:21,clusterB,5,4,4,0,0,0,1,0,0,1
2025/11/13 19:21,clusterA,5,4,4,0,0.29,0.17,1,0,0.17,1
2025/11/13 19:21,clusterB,5,4,4,0,0,0,1,0,0,1
2025/11/13 19:21,clusterA,5,4,4,0,0.29,0.17,1,0,0.17,1
2025/11/13 19:21,clusterB,5,4,4,0,0,0,1,0,0,1
2025/11/13 19:21,clusterA,5,4,4,0,0.29,0.17,1,0,0.17,1
2025/11/13 19:21,clusterB,5,4,4,0,0,0,1,0,0,1
2025/11/13 19:21,clusterA,5,4,4,0,0.27,0.17,1,0,0.17,1
2025/11/13 19:21,clusterB,5,4,4,0,0,0,1,0,0,1
2025/11/13 19:21,clusterA,5,4,4,0,0.26,0.16,1,0,0.16,1
2025/11/13 19:21,clusterB,5,4,4,0,0,0,1,0,0,1
2025/11/13 19:22,clusterA,5,4,4,0,0.26,0.16,1,0,0.16,1
2025/11/13 19:22,clusterB,5,4,4,0,0,0,1,0,0,1
2025/11/13 19:22,clusterA,5,4,4,0,0.24,0.16,1,0,0.16,1
2025/11/13 19:22,clusterB,5,4,4,0,0,0,1,0,0,1
2025/11/13 19:22,clusterA,5,4,4,0,0.24,0.16,1,0,0.16,1
2025/11/13 19:22,clusterB,5,4,4,0,0,0,1,0,0,1
2025/11/13 19:22,clusterA,5,4,4,0,0.23,0.16,1,0,0.16,1
2025/11/13 19:22,clusterB,5,4,4,0,0,0,1,0,0,1
2025/11/13 19:22,clusterA,5,4,4,0,0.23,0.16,1,0,0.16,1
2025/11/13 19:22,clusterB,5,4,4,0,0,0,1,0,0,1
2025/11/13 19:22,clusterA,5,4,4,0,0.22,0.16,1,0,0.16,1
2025/11/13 19:22,clusterB,5,4,4,0,0,0,1,0,0,1
2025/11/13 19:22,clusterA,5,4,4,0,0.21,0.16,1,0,0.16,1
2025/11/13 19:22,clusterB,5,4,4,0,0,0,1,0,0,1
2025/11/13 19:22,clusterA,5,4,4,0,0.21,0.16,1,0,0.16,1
2025/11/13 19:22,clusterB,5,4,4,0,0,0,1,0,0,1
2025/11/13 19:22,clusterA,5,4,4,0,0.21,0.16,1,0,0.16,1
2025/11/13 19:22,clusterB,5,4,4,0,0,0,1,0,0,1
2025/11/13 19:22,clusterA,5,4,4,0,0.21,0.16,1,0,0.16,1
2025/11/13 19:22,clusterB,5,4,4,0,0,0,1,0,0,1
2025/11/13 19:22,clusterA,5,4,4,0,0.23,0.17,1,0,0.17,1
2025/11/13 19:22,clusterB,5,4,4,0,0,0,1,0,0,1
2025/11/13 19:22,clusterA,5,4,4,0,0.24,0.17,1,0,0.17,1
2025/11/13 19:22,clusterB,5,4,4,0,0,0,1,0,0,1
2025/11/13 19:23,clusterA,5,4,4,0,0.24,0.17,1,0,0.17,1
2025/11/13 19:23,clusterB,5,4,4,0,0,0,1,0,0,1
2025/11/13 19:23,clusterA,5,4,4,0,0.24,0.17,1,0,0.17,1
2025/11/13 19:23,clusterB,5,4,4,0,0,0,1,0,0,1
2025/11/13 19:23,clusterA,5,4,4,0,0.24,0.17,1,0,0.17,1
2025/11/13 19:23,clusterB,5,4,4,0,0,0,1,0,0,1
2025/11/13 19:23,clusterA,5,4,4,0,0.25,0.17,1,0,0.17,1
2025/11/13 19:23,clusterB,5,4,4,0,0,0,1,0,0,1
2025/11/13 19:23,clusterA,5,4,4,0,0.25,0.17,1,0,0.17,1
2025/11/13 19:23,clusterB,5,4,4,0,0,0,1,0,0,1
2025/11/13 19:23,clusterA,5,4,4,0,0.25,0.17,1,0,0.17,1
2025/11/13 19:23,clusterB,5,4,4,0,0,0,1,0,0,1
2025/11/13 19:23,clusterA,5,4,4,0,0.25,0.17,1,0,0.17,1
2025/11/13 19:23,clusterB,5,4,4,0,0,0,1,0,0,1
2025/11/13 19:23,clusterA,5,4,4,0,0.25,0.17,1,0,0.17,1
2025/11/13 19:23,clusterB,5,4,4,0,0,0,1,0,0,1
2025/11/13 19:23,clusterA,5,4,4,0,0.25,0.17,1,0,0.17,1
2025/11/13 19:23,clusterB,5,4,4,0,0,0,1,0,0,1
2025/11/13 19:23,clusterA,5,4,4,0,0.25,0.17,1,0,0.17,1
2025/11/13 19:23,clusterB,5,4,4,0,0,0,1,0,0,1
2025/11/13 19:23,clusterA,5,4,4,0,0.24,0.17,1,0,0.17,1
2025/11/13 19:23,clusterB,5,4,4,0,0,0,1,0,0,1
2025/11/13 19:23,clusterA,5,4,4,0,0.22,0.16,1,0,0.16,1
2025/11/13 19:23,clusterB,5,4,4,0,0,0,1,0,0,1
2025/11/13 19:24,clusterA,5,4,4,0,0.21,0.16,1,0,0.16,1
2025/11/13 19:24,clusterB,5,4,4,0,0,0,1,0,0,1
2025/11/13 19:24,clusterA,5,4,4,0,0.21,0.16,1,0,0.16,1
2025/11/13 19:24,clusterB,5,4,4,0,0,0,1,0,0,1
2025/11/13 19:24,clusterA,5,4,4,0,0.2,0.16,1,0,0.16,1
2025/11/13 19:24,clusterB,5,4,4,0,0,0,1,0,0,1
2025/11/13 19:24,clusterA,5,4,4,0,0.2,0.16,1,0,0.16,1
2025/11/13 19:24,clusterB,5,4,4,0,0,0,1,0,0,1
2025/11/13 19:24,clusterA,5,4,4,0,0.2,0.16,1,0,0.16,1
2025/11/13 19:24,clusterB,5,4,4,0,0,0,1,0,0,1
2025/11/13 19:24,clusterA,5,4,4,0,0.2,0.16,1,0,0.16,1
2025/11/13 19:24,clusterB,5,4,4,0,0,0,1,0,0,1
2025/11/13 19:24,clusterA,5,4,4,0,0.21,0.16,1,0,0.16,1
2025/11/13 19:24,clusterB,5,4,4,0,0,0,1,0,0,1
2025/11/13 19:24,clusterA,5,4,4,0,0.21,0.16,1,0,0.16,1
2025/11/13 19:24,clusterB,5,4,4,0,0,0,1,0,0,1
2025/11/13 19:24,clusterA,5,4,4,0,0.21,0.16,1,0,0.16,1
2025/11/13 19:24,clusterB,5,4,4,0,0,0,1,0,0,1
2025/11/13 19:24,clusterA,5,4,4,0,0.22,0.16,1,0,0.16,1
2025/11/13 19:24,clusterB,5,4,4,0,0,0,1,0,0,1
2025/11/13 19:24,clusterA,5,4,4,0,0.23,0.16,1,0,0.16,1
2025/11/13 19:24,clusterB,5,4,4,0,0,0,1,0,0,1
2025/11/13 19:24,clusterA,5,4,4,0,0.23,0.17,1,0,0.17,1
2025/11/13 19:24,clusterB,5,4,4,0,0,0,1,0,0,1
2025/11/13 19:25,clusterA,5,4,4,0,0.26,0.17,1,0,0.17,1
2025/11/13 19:25,clusterB,5,4,4,0,0,0,1,0,0,1
2025/11/13 19:25,clusterA,5,4,4,0,0.27,0.17,1,0,0.17,1
2025/11/13 19:25,clusterB,5,4,4,0,0,0,1,0,0,1
2025/11/13 19:25,clusterA,5,4,4,0,0.29,0.17,1,0,0.17,1
2025/11/13 19:25,clusterB,5,4,4,0,0,0,1,0,0,1
2025/11/13 19:25,clusterA,5,4,4,0,0.3,0.18,1,0,0.18,1
2025/11/13 19:25,clusterB,5,4,4,0,0,0,1,0,0,1
2025/11/13 19:25,clusterA,5,4,4,0,0.3,0.18,1,0,0.18,1
2025/11/13 19:25,clusterB,5,4,4,0,0,0,1,0,0,1
2025/11/13 19:25,clusterA,5,4,4,0,0.3,0.18,1,0,0.18,1
2025/11/13 19:25,clusterB,5,4,4,0,0,0,1,0,0,1
2025/11/13 19:25,clusterA,5,4,4,0,0.3,0.18,1,0,0.18,1
2025/11/13 19:25,clusterB,5,4,4,0,0,0,1,0,0,1
2025/11/13 19:25,clusterA,5,4,4,0,0.3,0.17,1,0,0.17,1
2025/11/13 19:25,clusterB,5,4,4,0,0,0,1,0,0,1
2025/11/13 19:25,clusterA,5,4,4,0,0.3,0.17,1,0,0.17,1
2025/11/13 19:25,clusterB,5,4,4,0,0,0,1,0,0,1
2025/11/13 19:25,clusterA,5,4,4,0,0.28,0.17,1,0,0.17,1
2025/11/13 19:25,clusterB,5,4,4,0,0,0,1,0,0,1
2025/11/13 19:25,clusterA,5,4,4,0,0.28,0.17,1,0,0.17,1
2025/11/13 19:25,clusterB,5,4,4,0,0,0,1,0,0,1
2025/11/13 19:25,clusterA,5,4,4,0,0.28,0.17,1,0,0.17,1
2025/11/13 19:25,clusterB,5,4,4,0,0,0,1,0,0,1
2025/11/13 19:26,clusterA,5,4,4,0,0.26,0.17,1,0,0.17,1
2025/11/13 19:26,clusterB,5,4,4,0,0,0,1,0,0,1
2025/11/13 19:26,clusterA,5,4,4,0,0.26,0.16,1,0,0.16,1
2025/11/13 19:26,clusterB,5,4,4,0,0,0,1,0,0,1
2025/11/13 19:26,clusterA,5,4,4,0,0.26,0.16,1,0,0.16,1
2025/11/13 19:26,clusterB,5,4,4,0,0,0,1,0,0,1
2025/11/13 19:26,clusterA,5,4,4,0,0.25,0.16,1,0,0.16,1
2025/11/13 19:26,clusterB,5,4,4,0,0,0,1,0,0,1
2025/11/13 19:26,clusterA,5,4,4,0,0.27,0.16,1,0,0.16,1
2025/11/13 19:26,clusterB,5,4,4,0,0,0,1,0,0,1
2025/11/13 19:26,clusterA,5,4,4,0,0.26,0.16,1,0,0.16,1
2025/11/13 19:26,clusterB,5,4,4,0,0,0,1,0,0,1
2025/11/13 19:26,clusterA,5,4,4,0,0.26,0.16,1,0,0.16,1
2025/11/13 19:26,clusterB,5,4,4,0,0,0,1,0,0,1
2025/11/13 19:26,clusterA,5,4,4,0,0.26,0.17,1,0,0.17,1
2025/11/13 19:26,clusterB,5,4,4,0,0,0,1,0,0,1
2025/11/13 19:26,clusterA,5,4,4,0,0.26,0.17,1,0,0.17,1
2025/11/13 19:26,clusterB,5,4,4,0,0,0,1,0,0,1
2025/11/13 19:26,clusterA,5,4,4,0,0.26,0.17,1,0,0.17,1
2025/11/13 19:26,clusterB,5,4,4,0,0,0,1,0,0,1
2025/11/13 19:26,clusterA,5,4,4,0,0.26,0.17,1,0,0.17,1
2025/11/13 19:26,clusterB,5,4,4,0,0,0,1,0,0,1
2025/11/13 19:26,clusterA,5,4,4,0,0.26,0.17,1,0,0.17,1
2025/11/13 19:26,clusterB,5,4,4,0,0,0,1,0,0,1
2025/11/13 19:27,clusterA,5,4,4,0,0.28,0.18,1,0,0.18,1
2025/11/13 19:27,clusterB,5,4,4,0,0,0,1,0,0,1
2025/11/13 19:27,clusterA,5,4,4,0,0.28,0.18,1,0,0.18,1
2025/11/13 19:27,clusterB,5,4,4,0,0,0,1,0,0,1
2025/11/13 19:27,clusterA,5,4,4,0,0.28,0.18,1,0,0.18,1
2025/11/13 19:27,clusterB,5,4,4,0,0,0,1,0,0,1
2025/11/13 19:27,clusterA,5,4,4,0,0.29,0.18,1,0,0.18,1
2025/11/13 19:27,clusterB,5,4,4,0,0,0,1,0,0,1
2025/11/13 19:27,clusterA,5,4,4,0,0.27,0.18,1,0,0.18,1
2025/11/13 19:27,clusterB,5,4,4,0,0,0,1,0,0,1
2025/11/13 19:27,clusterA,5,4,4,0,0.28,0.18,1,0,0.18,1
2025/11/13 19:27,clusterB,5,4,4,0,0,0,1,0,0,1
2025/11/13 19:27,clusterA,5,4,4,0,0.28,0.18,1,0,0.18,1
2025/11/13 19:27,clusterB,5,4,4,0,0,0,1,0,0,1
2025/11/13 19:27,clusterA,5,4,4,0,0.28,0.18,1,0,0.18,1
2025/11/13 19:27,clusterB,5,4,4,0,0,0,1,0,0,1
2025/11/13 19:27,clusterA,5,4,4,0,0.28,0.18,1,0,0.18,1
2025/11/13 19:27,clusterB,5,4,4,0,0,0,1,0,0,1
2025/11/13 19:27,clusterA,5,4,4,0,0.28,0.18,1,0,0.18,1
2025/11/13 19:27,clusterB,5,4,4,0,0,0,1,0,0,1
2025/11/13 19:27,clusterA,5,4,4,0,0.27,0.17,1,0,0.17,1
2025/11/13 19:27,clusterB,5,4,4,0,0,0,1,0,0,1
2025/11/13 19:27,clusterA,5,4,4,0,0.28,0.18,1,0,0.18,1
2025/11/13 19:27,clusterB,5,4,4,0,0,0,1,0,0,1
2025/11/13 19:28,clusterA,5,4,4,0,0.28,0.17,1,0,0.17,1
2025/11/13 19:28,clusterB,5,4,4,0,0,0,1,0,0,1
2025/11/13 19:28,clusterA,5,4,4,0,0.26,0.17,1,0,0.17,1
2025/11/13 19:28,clusterB,5,4,4,0,0,0,1,0,0,1
2025/11/13 19:28,clusterA,5,4,4,0,0.24,0.17,1,0,0.17,1
2025/11/13 19:28,clusterB,5,4,4,0,0,0,1,0,0,1
2025/11/13 19:28,clusterA,5,4,4,0,0.24,0.17,1,0,0.17,1
2025/11/13 19:28,clusterB,5,4,4,0,0,0,1,0,0,1
2025/11/13 19:28,clusterA,5,4,4,0,0.24,0.17,1,0,0.17,1
2025/11/13 19:28,clusterB,5,4,4,0,0,0,1,0,0,1
2025/11/13 19:28,clusterA,5,4,4,0,0.24,0.17,1,0,0.17,1
2025/11/13 19:28,clusterB,5,4,4,0,0,0,1,0,0,1
2025/11/13 19:28,clusterA,5,4,4,0,0.23,0.17,1,0,0.17,1
2025/11/13 19:28,clusterB,5,4,4,0,0,0,1,0,0,1
2025/11/13 19:28,clusterA,5,4,4,0,0.23,0.17,1,0,0.17,1
2025/11/13 19:28,clusterB,5,4,4,0,0,0,1,0,0,1
2025/11/13 19:28,clusterA,5,4,4,0,0.23,0.17,1,0,0.17,1
2025/11/13 19:28,clusterB,5,4,4,0,0,0,1,0,0,1
2025/11/13 19:28,clusterA,5,4,4,0,0.23,0.17,1,0,0.17,1
2025/11/13 19:28,clusterB,5,4,4,0,0,0,1,0,0,1
2025/11/13 19:28,clusterA,5,4,4,0,0.24,0.17,1,0,0.17,1
2025/11/13 19:28,clusterB,5,4,4,0,0,0,1,0,0,1
2025/11/13 19:28,clusterA,5,4,4,0,0.23,0.17,1,0,0.17,1
2025/11/13 19:28,clusterB,5,4,4,0,0,0,1,0,0,1
2025/11/13 19:29,clusterA,5,4,4,0,0.24,0.17,1,0,0.17,1
2025/11/13 19:29,clusterB,5,4,4,0,0,0,1,0,0,1
2025/11/13 19:29,clusterA,5,4,4,0,0.25,0.17,1,0,0.17,1
2025/11/13 19:29,clusterB,5,4,4,0,0,0,1,0,0,1
2025/11/13 19:29,clusterA,5,4,4,0,0.27,0.17,1,0,0.17,1
2025/11/13 19:29,clusterB,5,4,4,0,0,0,1,0,0,1
2025/11/13 19:29,clusterA,5,4,4,0,0.27,0.17,1,0,0.17,1
2025/11/13 19:29,clusterB,5,4,4,0,0,0,1,0,0,1
2025/11/13 19:29,clusterA,5,4,4,0,0.27,0.17,1,0,0.17,1
2025/11/13 19:29,clusterB,5,4,4,0,0,0,1,0,0,1
2025/11/13 19:29,clusterA,5,4,4,0,0.27,0.17,1,0,0.17,1
2025/11/13 19:29,clusterB,5,4,4,0,0,0,1,0,0,1
2025/11/13 19:29,clusterA,5,4,4,0,0.3,0.17,1,0,0.17,1
2025/11/13 19:29,clusterB,5,4,4,0,0,0,1,0,0,1
2025/11/13 19:29,clusterA,5,4,4,0,0.29,0.17,1,0,0.17,1
2025/11/13 19:29,clusterB,5,4,4,0,0,0,1,0,0,1
2025/11/13 19:29,clusterA,5,4,4,0,0.28,0.17,1,0,0.17,1
2025/11/13 19:29,clusterB,5,4,4,0,0,0,1,0,0,1
2025/11/13 19:29,clusterA,5,4,4,0,0.27,0.17,1,0,0.17,1
2025/11/13 19:29,clusterB,5,4,4,0,0,0,1,0,0,1
2025/11/13 19:29,clusterA,5,4,4,0,0.27,0.17,1,0,0.17,1
2025/11/13 19:29,clusterB,5,4,4,0,0,0,1,0,0,1
2025/11/13 19:29,clusterA,5,4,4,0,0.27,0.17,1,0,0.17,1
2025/11/13 19:29,clusterB,5,4,4,0,0,0,1,0,0,1
2025/11/13 19:30,clusterA,5,4,4,0,0.27,0.17,1,0,0.17,1
2025/11/13 19:30,clusterB,5,4,4,0,0,0,1,0,0,1
2025/11/13 19:30,clusterA,5,4,4,0,0.26,0.17,1,0,0.17,1
2025/11/13 19:30,clusterB,5,4,4,0,0,0,1,0,0,1
2025/11/13 19:30,clusterA,5,4,4,0,0.24,0.17,1,0,0.17,1
2025/11/13 19:30,clusterB,5,4,4,0,0,0,1,0,0,1
2025/11/13 19:30,clusterA,5,4,4,0,0.25,0.17,1,0,0.17,1
2025/11/13 19:30,clusterB,5,4,4,0,0,0,1,0,0,1
2025/11/13 19:30,clusterA,5,4,4,0,0.22,0.16,1,0,0.16,1
2025/11/13 19:30,clusterB,5,4,4,0,0,0,1,0,0,1
2025/11/13 19:30,clusterA,5,4,4,0,0.22,0.16,1,0,0.16,1
2025/11/13 19:30,clusterB,5,4,4,0,0,0,1,0,0,1
2025/11/13 19:30,clusterA,5,4,4,0,0.21,0.17,1,0,0.17,1
2025/11/13 19:30,clusterB,5,4,4,0,0,0,1,0,0,1
2025/11/13 19:30,clusterA,5,4,4,0,0.19,0.17,1,0,0.17,1
2025/11/13 19:30,clusterB,5,4,4,0,0,0,1,0,0,1
2025/11/13 19:30,clusterA,5,4,4,0,0.21,0.17,1,0,0.17,1
2025/11/13 19:30,clusterB,5,4,4,0,0,0,1,0,0,1
2025/11/13 19:30,clusterA,5,4,4,0,0.21,0.17,1,0,0.17,1
2025/11/13 19:30,clusterB,5,4,4,0,0,0,1,0,0,1
2025/11/13 19:30,clusterA,5,4,4,0,0.21,0.17,1,0,0.17,1
2025/11/13 19:30,clusterB,5,4,4,0,0,0,1,0,0,1
2025/11/13 19:30,clusterA,5,4,4,0,0.21,0.17,1,0,0.17,1
2025/11/13 19:30,clusterB,5,4,4,0,0,0,1,0,0,1
2025/11/13 19:31,clusterA,5,4,4,0,0.21,0.17,1,0,0.17,1
2025/11/13 19:31,clusterB,5,4,4,0,0,0,1,0,0,1
2025/11/13 19:31,clusterA,5,4,4,0,0.21,0.17,1,0,0.17,1
2025/11/13 19:31,clusterB,5,4,4,0,0,0,1,0,0,1
2025/11/13 19:31,clusterA,5,4,4,0,0.21,0.17,1,0,0.17,1
2025/11/13 19:31,clusterB,5,4,4,0,0,0,1,0,0,1
2025/11/13 19:31,clusterA,4,4,1,3,0.18,0.15,1,0,0.15,1
2025/11/13 19:31,clusterB,4,4,4,0,0,0,1,0,0,1
2025/11/13 19:31,clusterA,4,4,1,3,0.18,0.15,1,0,0.15,1
2025/11/13 19:31,clusterB,4,4,4,0,0,0,1,0,0,1
2025/11/13 19:31,clusterA,3,4,4,0,0.15,0.14,0.75,0.11,0.14,0.75
2025/11/13 19:31,clusterB,3,4,4,0,0,0,0.75,0.25,0,0.75
2025/11/13 19:31,clusterA,0,4,4,0,0.13,0.11,0,0.89,0.11,0
2025/11/13 19:31,clusterB,0,4,4,0,0,0,0,1,0,0
2025/11/13 19:31,clusterA,0,4,4,0,0.11,0.1,0,0.9,0.1,0
2025/11/13 19:31,clusterB,0,4,4,0,0,0,0,1,0,0
2025/11/13 19:31,clusterA,0,4,4,0,0.14,0.11,0,0.89,0.11,0
2025/11/13 19:31,clusterB,0,4,4,0,0,0,0,1,0,0
2025/11/13 19:31,clusterA,0,4,4,0,0.18,0.13,0,0.87,0.13,0
2025/11/13 19:31,clusterB,0,4,4,0,0,0,0,1,0,0
2025/11/13 19:31,clusterA,0,4,4,0,0.22,0.14,0,0.86,0.14,0
2025/11/13 19:31,clusterB,0,4,4,0,0,0,0,1,0,0
2025/11/13 19:32,clusterA,0,4,4,0,0.22,0.14,0,0.86,0.14,0
2025/11/13 19:32,clusterB,0,4,4,0,0,0,0,1,0,0
2025/11/13 19:32,clusterA,0,4,4,0,0.26,0.16,0,0.84,0.16,0
2025/11/13 19:32,clusterB,0,4,4,0,0,0,0,1,0,0
2025/11/13 19:32,clusterA,0,4,4,0,0.32,0.18,0,0.82,0.18,0
2025/11/13 19:32,clusterB,0,4,4,0,0,0,0,1,0,0
2025/11/13 19:32,clusterA,0,4,4,0,0.38,0.2,0,0.8,0.2,0
2025/11/13 19:32,clusterB,0,4,4,0,0,0,0,1,0,0
2025/11/13 19:32,clusterA,0,4,4,0,0.45,0.23,0,0.77,0.23,0
2025/11/13 19:32,clusterB,0,4,4,0,0,0,0,1,0,0
2025/11/13 19:32,clusterA,0,4,4,0,0.52,0.26,0,0.74,0.26,0
2025/11/13 19:32,clusterB,0,4,4,0,0,0,0,1,0,0
2025/11/13 19:32,clusterA,0,4,4,0,0.59,0.28,0,0.72,0.28,0
2025/11/13 19:32,clusterB,0,4,4,0,0,0,0,1,0,0
2025/11/13 19:32,clusterA,1,4,4,0,0.63,0.31,0.25,0.44,0.31,0.25
2025/11/13 19:32,clusterB,1,4,4,0,0,0,0.25,0.75,0,0.25
2025/11/13 19:32,clusterA,1,4,4,0,0.69,0.34,0.25,0.41,0.34,0.25
2025/11/13 19:32,clusterB,1,4,4,0,0,0,0.25,0.75,0,0.25
2025/11/13 19:32,clusterA,1,4,4,0,0.76,0.37,0.25,0.38,0.37,0.25
2025/11/13 19:32,clusterB,1,4,4,0,0,0,0.25,0.75,0,0.25
2025/11/13 19:32,clusterA,1,4,4,0,0.78,0.38,0.25,0.37,0.38,0.25
2025/11/13 19:32,clusterB,1,4,4,0,0,0,0.25,0.75,0,0.25
2025/11/13 19:32,clusterA,1,4,4,0,0.77,0.38,0.25,0.37,0.38,0.25
2025/11/13 19:32,clusterB,1,4,4,0,0,0,0.25,0.75,0,0.25
2025/11/13 19:33,clusterA,1,4,4,0,0.77,0.38,0.25,0.37,0.38,0.25
2025/11/13 19:33,clusterB,1,4,4,0,0,0,0.25,0.75,0,0.25
2025/11/13 19:33,clusterA,1,4,4,0,0.77,0.38,0.25,0.37,0.38,0.25
2025/11/13 19:33,clusterB,1,4,4,0,0,0,0.25,0.75,0,0.25
2025/11/13 19:33,clusterA,1,4,4,0,0.76,0.38,0.25,0.37,0.38,0.25
2025/11/13 19:33,clusterB,1,4,4,0,0,0,0.25,0.75,0,0.25
2025/11/13 19:33,clusterA,1,4,4,0,0.75,0.38,0.25,0.37,0.38,0.25
2025/11/13 19:33,clusterB,1,4,4,0,0,0,0.25,0.75,0,0.25
2025/11/13 19:33,clusterA,1,4,4,0,0.74,0.38,0.25,0.37,0.38,0.25
2025/11/13 19:33,clusterB,1,4,4,0,0,0,0.25,0.75,0,0.25
2025/11/13 19:33,clusterA,1,4,4,0,0.74,0.38,0.25,0.37,0.38,0.25
2025/11/13 19:33,clusterB,1,4,4,0,0,0,0.25,0.75,0,0.25
2025/11/13 19:33,clusterA,1,4,4,0,0.72,0.38,0.25,0.37,0.38,0.25
2025/11/13 19:33,clusterB,1,4,4,0,0,0,0.25,0.75,0,0.25
2025/11/13 19:33,clusterA,1,4,4,0,0.74,0.38,0.25,0.37,0.38,0.25
2025/11/13 19:33,clusterB,1,4,4,0,0,0,0.25,0.75,0,0.25
2025/11/13 19:33,clusterA,1,4,4,0,0.75,0.38,0.25,0.37,0.38,0.25
2025/11/13 19:33,clusterB,1,4,4,0,0,0,0.25,0.75,0,0.25
2025/11/13 19:33,clusterA,1,4,4,0,0.75,0.38,0.25,0.37,0.38,0.25
2025/11/13 19:33,clusterB,1,4,4,0,0,0,0.25,0.75,0,0.25
2025/11/13 19:33,clusterA,1,4,4,0,0.75,0.39,0.25,0.36,0.39,0.25
2025/11/13 19:33,clusterB,1,4,4,0,0,0,0.25,0.75,0,0.25
2025/11/13 19:33,clusterA,1,4,4,0,0.75,0.39,0.25,0.36,0.39,0.25
2025/11/13 19:33,clusterB,1,4,4,0,0,0,0.25,0.75,0,0.25
2025/11/13 19:34,clusterA,1,4,4,0,0.75,0.39,0.25,0.36,0.39,0.25
2025/11/13 19:34,clusterB,1,4,4,0,0,0,0.25,0.75,0,0.25
2025/11/13 19:34,clusterA,1,4,4,0,0.75,0.39,0.25,0.36,0.39,0.25
2025/11/13 19:34,clusterB,1,4,4,0,0,0,0.25,0.75,0,0.25
2025/11/13 19:34,clusterA,1,4,4,0,0.76,0.39,0.25,0.36,0.39,0.25
2025/11/13 19:34,clusterB,1,4,4,0,0,0,0.25,0.75,0,0.25
2025/11/13 19:34,clusterA,1,4,4,0,0.78,0.39,0.25,0.36,0.39,0.25
2025/11/13 19:34,clusterB,1,4,4,0,0,0,0.25,0.75,0,0.25
2025/11/13 19:34,clusterA,1,4,4,0,0.78,0.39,0.25,0.36,0.39,0.25
2025/11/13 19:34,clusterB,1,4,4,0,0,0,0.25,0.75,0,0.25
2025/11/13 19:34,clusterA,1,4,4,0,0.76,0.38,0.25,0.37,0.38,0.25
2025/11/13 19:34,clusterB,1,4,4,0,0,0,0.25,0.75,0,0.25
2025/11/13 19:34,clusterA,1,4,4,0,0.77,0.39,0.25,0.36,0.39,0.25
2025/11/13 19:34,clusterB,1,4,4,0,0,0,0.25,0.75,0,0.25
2025/11/13 19:34,clusterA,1,4,4,0,0.78,0.39,0.25,0.36,0.39,0.25
2025/11/13 19:34,clusterB,1,4,4,0,0,0,0.25,0.75,0,0.25
2025/11/13 19:34,clusterA,1,4,4,0,0.78,0.39,0.25,0.36,0.39,0.25
2025/11/13 19:34,clusterB,1,4,4,0,0,0,0.25,0.75,0,0.25
2025/11/13 19:34,clusterA,1,4,4,0,0.76,0.38,0.25,0.37,0.38,0.25
2025/11/13 19:34,clusterB,1,4,4,0,0,0,0.25,0.75,0,0.25
2025/11/13 19:34,clusterA,1,4,4,0,0.74,0.38,0.25,0.37,0.38,0.25
2025/11/13 19:34,clusterB,1,4,4,0,0,0,0.25,0.75,0,0.25
2025/11/13 19:34,clusterA,1,4,4,0,0.73,0.38,0.25,0.37,0.38,0.25
2025/11/13 19:34,clusterB,1,4,4,0,0,0,0.25,0.75,0,0.25
2025/11/13 19:35,clusterA,1,4,4,0,0.73,0.37,0.25,0.38,0.37,0.25
2025/11/13 19:35,clusterB,1,4,4,0,0,0,0.25,0.75,0,0.25
2025/11/13 19:35,clusterA,1,4,4,0,0.73,0.37,0.25,0.38,0.37,0.25
2025/11/13 19:35,clusterB,1,4,4,0,0,0,0.25,0.75,0,0.25
2025/11/13 19:35,clusterA,1,4,4,0,0.71,0.36,0.25,0.39,0.36,0.25
2025/11/13 19:35,clusterB,1,4,4,0,0,0,0.25,0.75,0,0.25
2025/11/13 19:35,clusterA,1,4,4,0,0.69,0.36,0.25,0.39,0.36,0.25
2025/11/13 19:35,clusterB,1,4,4,0,0,0,0.25,0.75,0,0.25
2025/11/13 19:35,clusterA,1,4,4,0,0.7,0.36,0.25,0.39,0.36,0.25
2025/11/13 19:35,clusterB,1,4,4,0,0,0,0.25,0.75,0,0.25
2025/11/13 19:35,clusterA,1,4,4,0,0.7,0.37,0.25,0.38,0.37,0.25
2025/11/13 19:35,clusterB,1,4,4,0,0,0,0.25,0.75,0,0.25
2025/11/13 19:35,clusterA,1,4,4,0,0.7,0.36,0.25,0.39,0.36,0.25
2025/11/13 19:35,clusterB,1,4,4,0,0,0,0.25,0.75,0,0.25
2025/11/13 19:35,clusterA,1,4,4,0,0.69,0.36,0.25,0.39,0.36,0.25
2025/11/13 19:35,clusterB,1,4,4,0,0,0,0.25,0.75,0,0.25
2025/11/13 19:35,clusterA,1,4,4,0,0.7,0.37,0.25,0.38,0.37,0.25
2025/11/13 19:35,clusterB,1,4,4,0,0,0,0.25,0.75,0,0.25
2025/11/13 19:35,clusterA,1,4,4,0,0.71,0.37,0.25,0.38,0.37,0.25
2025/11/13 19:35,clusterB,1,4,4,0,0,0,0.25,0.75,0,0.25
2025/11/13 19:35,clusterA,1,4,4,0,0.73,0.38,0.25,0.37,0.38,0.25
2025/11/13 19:35,clusterB,1,4,4,0,0,0,0.25,0.75,0,0.25
2025/11/13 19:35,clusterA,1,4,4,0,0.74,0.38,0.25,0.37,0.38,0.25
2025/11/13 19:35,clusterB,1,4,4,0,0,0,0.25,0.75,0,0.25
2025/11/13 19:36,clusterA,1,4,4,0,0.74,0.38,0.25,0.37,0.38,0.25
2025/11/13 19:36,clusterB,1,4,4,0,0,0,0.25,0.75,0,0.25
2025/11/13 19:36,clusterA,1,4,4,0,0.74,0.38,0.25,0.37,0.38,0.25
2025/11/13 19:36,clusterB,1,4,4,0,0,0,0.25,0.75,0,0.25
2025/11/13 19:36,clusterA,1,4,4,0,0.76,0.39,0.25,0.36,0.39,0.25
2025/11/13 19:36,clusterB,1,4,4,0,0,0,0.25,0.75,0,0.25
2025/11/13 19:36,clusterA,1,4,4,0,0.77,0.39,0.25,0.36,0.39,0.25
2025/11/13 19:36,clusterB,1,4,4,0,0,0,0.25,0.75,0,0.25
2025/11/13 19:36,clusterA,1,4,4,0,0.77,0.39,0.25,0.36,0.39,0.25
2025/11/13 19:36,clusterB,1,4,4,0,0,0,0.25,0.75,0,0.25
2025/11/13 19:36,clusterA,1,4,4,0,0.78,0.39,0.25,0.36,0.39,0.25
2025/11/13 19:36,clusterB,1,4,4,0,0,0,0.25,0.75,0,0.25
2025/11/13 19:36,clusterA,1,4,4,0,0.79,0.39,0.25,0.36,0.39,0.25
2025/11/13 19:36,clusterB,1,4,4,0,0,0,0.25,0.75,0,0.25
2025/11/13 19:36,clusterA,1,4,4,0,0.8,0.39,0.25,0.36,0.39,0.25
2025/11/13 19:36,clusterB,1,4,4,0,0,0,0.25,0.75,0,0.25
2025/11/13 19:36,clusterA,1,4,4,0,0.79,0.39,0.25,0.36,0.39,0.25
2025/11/13 19:36,clusterB,1,4,4,0,0,0,0.25,0.75,0,0.25
2025/11/13 19:36,clusterA,1,4,4,0,0.78,0.39,0.25,0.36,0.39,0.25
2025/11/13 19:36,clusterB,1,4,4,0,0,0,0.25,0.75,0,0.25
2025/11/13 19:36,clusterA,1,4,4,0,0.78,0.39,0.25,0.36,0.39,0.25
2025/11/13 19:36,clusterB,1,4,4,0,0,0,0.25,0.75,0,0.25
2025/11/13 19:36,clusterA,1,4,4,0,0.77,0.39,0.25,0.36,0.39,0.25
2025/11/13 19:36,clusterB,1,4,4,0,0,0,0.25,0.75,0,0.25
2025/11/13 19:37,clusterA,1,4,4,0,0.76,0.38,0.25,0.37,0.38,0.25
2025/11/13 19:37,clusterB,1,4,4,0,0,0,0.25,0.75,0,0.25
2025/11/13 19:37,clusterA,1,4,4,0,0.76,0.38,0.25,0.37,0.38,0.25
2025/11/13 19:37,clusterB,1,4,4,0,0,0,0.25,0.75,0,0.25
2025/11/13 19:37,clusterA,1,4,4,0,0.76,0.38,0.25,0.37,0.38,0.25
2025/11/13 19:37,clusterB,1,4,4,0,0,0,0.25,0.75,0,0.25
2025/11/13 19:37,clusterA,1,4,4,0,0.76,0.38,0.25,0.37,0.38,0.25
2025/11/13 19:37,clusterB,1,4,4,0,0,0,0.25,0.75,0,0.25
2025/11/13 19:37,clusterA,1,4,4,0,0.75,0.38,0.25,0.37,0.38,0.25
2025/11/13 19:37,clusterB,1,4,4,0,0,0,0.25,0.75,0,0.25
2025/11/13 19:37,clusterA,1,4,4,0,0.73,0.37,0.25,0.38,0.37,0.25
2025/11/13 19:37,clusterB,1,4,4,0,0,0,0.25,0.75,0,0.25
2025/11/13 19:37,clusterA,1,4,4,0,0.72,0.37,0.25,0.38,0.37,0.25
2025/11/13 19:37,clusterB,1,4,4,0,0,0,0.25,0.75,0,0.25
2025/11/13 19:37,clusterA,1,4,4,0,0.72,0.37,0.25,0.38,0.37,0.25
2025/11/13 19:37,clusterB,1,4,4,0,0,0,0.25,0.75,0,0.25
2025/11/13 19:37,clusterA,1,4,4,0,0.72,0.37,0.25,0.38,0.37,0.25
2025/11/13 19:37,clusterB,1,4,4,0,0,0,0.25,0.75,0,0.25
2025/11/13 19:37,clusterA,1,4,4,0,0.72,0.37,0.25,0.38,0.37,0.25
2025/11/13 19:37,clusterB,1,4,4,0,0,0,0.25,0.75,0,0.25
2025/11/13 19:37,clusterA,1,4,4,0,0.7,0.37,0.25,0.38,0.37,0.25
2025/11/13 19:37,clusterB,1,4,4,0,0,0,0.25,0.75,0,0.25
2025/11/13 19:37,clusterA,1,4,4,0,0.7,0.37,0.25,0.38,0.37,0.25
2025/11/13 19:37,clusterB,1,4,4,0,0,0,0.25,0.75,0,0.25
2025/11/13 19:38,clusterA,1,4,4,0,0.71,0.37,0.25,0.38,0.37,0.25
2025/11/13 19:38,clusterB,1,4,4,0,0,0,0.25,0.75,0,0.25
2025/11/13 19:38,clusterA,1,4,4,0,0.71,0.38,0.25,0.37,0.38,0.25
2025/11/13 19:38,clusterB,1,4,4,0,0,0,0.25,0.75,0,0.25
2025/11/13 19:38,clusterA,1,4,4,0,0.71,0.38,0.25,0.37,0.38,0.25
2025/11/13 19:38,clusterB,1,4,4,0,0,0,0.25,0.75,0,0.25
2025/11/13 19:38,clusterA,1,4,4,0,0.72,0.38,0.25,0.37,0.38,0.25
2025/11/13 19:38,clusterB,1,4,4,0,0,0,0.25,0.75,0,0.25
2025/11/13 19:38,clusterA,1,4,4,0,0.73,0.38,0.25,0.37,0.38,0.25
2025/11/13 19:38,clusterB,1,4,4,0,0,0,0.25,0.75,0,0.25
2025/11/13 19:38,clusterA,1,4,4,0,0.73,0.39,0.25,0.36,0.39,0.25
2025/11/13 19:38,clusterB,1,4,4,0,0,0,0.25,0.75,0,0.25
2025/11/13 19:38,clusterA,1,4,4,0,0.75,0.39,0.25,0.36,0.39,0.25
2025/11/13 19:38,clusterB,1,4,4,0,0,0,0.25,0.75,0,0.25
2025/11/13 19:38,clusterA,1,4,4,0,0.76,0.39,0.25,0.36,0.39,0.25
2025/11/13 19:38,clusterB,1,4,4,0,0,0,0.25,0.75,0,0.25
2025/11/13 19:38,clusterA,1,4,4,0,0.76,0.39,0.25,0.36,0.39,0.25
2025/11/13 19:38,clusterB,1,4,4,0,0,0,0.25,0.75,0,0.25
2025/11/13 19:38,clusterA,1,4,4,0,0.77,0.39,0.25,0.36,0.39,0.25
2025/11/13 19:38,clusterB,1,4,4,0,0,0,0.25,0.75,0,0.25
2025/11/13 19:38,clusterA,1,4,4,0,0.78,0.39,0.25,0.36,0.39,0.25
2025/11/13 19:38,clusterB,1,4,4,0,0,0,0.25,0.75,0,0.25
2025/11/13 19:38,clusterA,1,4,4,0,0.79,0.39,0.25,0.36,0.39,0.25
2025/11/13 19:38,clusterB,1,4,4,0,0,0,0.25,0.75,0,0.25
2025/11/13 19:39,clusterA,1,4,4,0,0.79,0.39,0.25,0.36,0.39,0.25
2025/11/13 19:39,clusterB,1,4,4,0,0,0,0.25,0.75,0,0.25
2025/11/13 19:39,clusterA,1,4,4,0,0.78,0.39,0.25,0.36,0.39,0.25
2025/11/13 19:39,clusterB,1,4,4,0,0,0,0.25,0.75,0,0.25
2025/11/13 19:39,clusterA,1,4,4,0,0.78,0.39,0.25,0.36,0.39,0.25
2025/11/13 19:39,clusterB,1,4,4,0,0,0,0.25,0.75,0,0.25
2025/11/13 19:39,clusterA,1,4,4,0,0.77,0.39,0.25,0.36,0.39,0.25
2025/11/13 19:39,clusterB,1,4,4,0,0,0,0.25,0.75,0,0.25
2025/11/13 19:39,clusterA,1,4,4,0,0.77,0.38,0.25,0.37,0.38,0.25
2025/11/13 19:39,clusterB,1,4,4,0,0,0,0.25,0.75,0,0.25
2025/11/13 19:39,clusterA,1,4,4,0,0.76,0.38,0.25,0.37,0.38,0.25
2025/11/13 19:39,clusterB,1,4,4,0,0,0,0.25,0.75,0,0.25
2025/11/13 19:39,clusterA,1,4,4,0,0.76,0.38,0.25,0.37,0.38,0.25
2025/11/13 19:39,clusterB,1,4,4,0,0,0,0.25,0.75,0,0.25
2025/11/13 19:39,clusterA,1,4,4,0,0.76,0.38,0.25,0.37,0.38,0.25
2025/11/13 19:39,clusterB,1,4,4,0,0,0,0.25,0.75,0,0.25
2025/11/13 19:39,clusterA,1,4,4,0,0.74,0.38,0.25,0.37,0.38,0.25
2025/11/13 19:39,clusterB,1,4,4,0,0,0,0.25,0.75,0,0.25
2025/11/13 19:39,clusterA,1,4,4,0,0.75,0.38,0.25,0.37,0.38,0.25
2025/11/13 19:39,clusterB,1,4,4,0,0,0,0.25,0.75,0,0.25
2025/11/13 19:39,clusterA,1,4,4,0,0.75,0.38,0.25,0.37,0.38,0.25
2025/11/13 19:39,clusterB,1,4,4,0,0,0,0.25,0.75,0,0.25
2025/11/13 19:39,clusterA,1,4,4,0,0.75,0.39,0.25,0.36,0.39,0.25
2025/11/13 19:39,clusterB,1,4,4,0,0,0,0.25,0.75,0,0.25
2025/11/13 19:40,clusterA,1,4,4,0,0.75,0.39,0.25,0.36,0.39,0.25
2025/11/13 19:40,clusterB,1,4,4,0,0,0,0.25,0.75,0,0.25
2025/11/13 19:40,clusterA,1,4,4,0,0.76,0.39,0.25,0.36,0.39,0.25
2025/11/13 19:40,clusterB,1,4,4,0,0,0,0.25,0.75,0,0.25
2025/11/13 19:40,clusterA,1,4,4,0,0.76,0.39,0.25,0.36,0.39,0.25
2025/11/13 19:40,clusterB,1,4,4,0,0,0,0.25,0.75,0,0.25
2025/11/13 19:40,clusterA,1,4,4,0,0.76,0.39,0.25,0.36,0.39,0.25
2025/11/13 19:40,clusterB,1,4,4,0,0,0,0.25,0.75,0,0.25
2025/11/13 19:40,clusterA,1,4,4,0,0.77,0.39,0.25,0.36,0.39,0.25
2025/11/13 19:40,clusterB,1,4,4,0,0,0,0.25,0.75,0,0.25
2025/11/13 19:40,clusterA,1,4,4,0,0.77,0.39,0.25,0.36,0.39,0.25
2025/11/13 19:40,clusterB,1,4,4,0,0,0,0.25,0.75,0,0.25
2025/11/13 19:40,clusterA,1,4,4,0,0.77,0.39,0.25,0.36,0.39,0.25
2025/11/13 19:40,clusterB,1,4,4,0,0,0,0.25,0.75,0,0.25
2025/11/13 19:40,clusterA,1,4,4,0,0.74,0.38,0.25,0.37,0.38,0.25
2025/11/13 19:40,clusterB,1,4,4,0,0,0,0.25,0.75,0,0.25
2025/11/13 19:40,clusterA,1,4,4,0,0.75,0.39,0.25,0.36,0.39,0.25
2025/11/13 19:40,clusterB,1,4,4,0,0,0,0.25,0.75,0,0.25
2025/11/13 19:40,clusterA,1,4,4,0,0.75,0.39,0.25,0.36,0.39,0.25
2025/11/13 19:40,clusterB,1,4,4,0,0,0,0.25,0.75,0,0.25
2025/11/13 19:40,clusterA,1,4,4,0,0.75,0.38,0.25,0.37,0.38,0.25
2025/11/13 19:40,clusterB,1,4,4,0,0,0,0.25,0.75,0,0.25
2025/11/13 19:40,clusterA,1,4,4,0,0.74,0.38,0.25,0.37,0.38,0.25
2025/11/13 19:40,clusterB,1,4,4,0,0,0,0.25,0.75,0,0.25
2025/11/13 19:41,clusterA,1,4,4,0,0.74,0.38,0.25,0.37,0.38,0.25
2025/11/13 19:41,clusterB,1,4,4,0,0,0,0.25,0.75,0,0.25
2025/11/13 19:41,clusterA,1,4,4,0,0.72,0.38,0.25,0.37,0.38,0.25
2025/11/13 19:41,clusterB,1,4,4,0,0,0,0.25,0.75,0,0.25
2025/11/13 19:41,clusterA,1,4,4,0,0.71,0.38,0.25,0.37,0.38,0.25
2025/11/13 19:41,clusterB,1,4,4,0,0,0,0.25,0.75,0,0.25
2025/11/13 19:41,clusterA,1,4,4,0,0.7,0.37,0.25,0.38,0.37,0.25
2025/11/13 19:41,clusterB,1,4,4,0,0,0,0.25,0.75,0,0.25
2025/11/13 19:41,clusterA,1,4,4,0,0.7,0.37,0.25,0.38,0.37,0.25
2025/11/13 19:41,clusterB,1,4,4,0,0,0,0.25,0.75,0,0.25
2025/11/13 19:41,clusterA,1,4,4,0,0.69,0.37,0.25,0.38,0.37,0.25
2025/11/13 19:41,clusterB,1,4,4,0,0,0,0.25,0.75,0,0.25
2025/11/13 19:41,clusterA,1,4,4,0,0.69,0.37,0.25,0.38,0.37,0.25
2025/11/13 19:41,clusterB,1,4,4,0,0,0,0.25,0.75,0,0.25
2025/11/13 19:41,clusterA,1,4,4,0,0.71,0.38,0.25,0.37,0.38,0.25
2025/11/13 19:41,clusterB,1,4,4,0,0,0,0.25,0.75,0,0.25
2025/11/13 19:41,clusterA,1,4,4,0,0.71,0.38,0.25,0.37,0.38,0.25
2025/11/13 19:41,clusterB,1,4,4,0,0,0,0.25,0.75,0,0.25
2025/11/13 19:41,clusterA,1,4,4,0,0.71,0.38,0.25,0.37,0.38,0.25
2025/11/13 19:41,clusterB,1,4,4,0,0,0,0.25,0.75,0,0.25
2025/11/13 19:41,clusterA,1,4,4,0,0.72,0.38,0.25,0.37,0.38,0.25
2025/11/13 19:41,clusterB,1,4,4,0,0,0,0.25,0.75,0,0.25
2025/11/13 19:41,clusterA,1,4,4,0,0.73,0.38,0.25,0.37,0.38,0.25
2025/11/13 19:41,clusterB,1,4,4,0,0,0,0.25,0.75,0,0.25
2025/11/13 19:42,clusterA,1,4,4,0,0.72,0.38,0.25,0.37,0.38,0.25
2025/11/13 19:42,clusterB,1,4,4,0,0,0,0.25,0.75,0,0.25
2025/11/13 19:42,clusterA,1,4,4,0,0.74,0.38,0.25,0.37,0.38,0.25
2025/11/13 19:42,clusterB,1,4,4,0,0,0,0.25,0.75,0,0.25
2025/11/13 19:42,clusterA,1,4,4,0,0.74,0.38,0.25,0.37,0.38,0.25
2025/11/13 19:42,clusterB,1,4,4,0,0,0,0.25,0.75,0,0.25
2025/11/13 19:42,clusterA,1,4,4,0,0.76,0.39,0.25,0.36,0.39,0.25
2025/11/13 19:42,clusterB,1,4,4,0,0,0,0.25,0.75,0,0.25
2025/11/13 19:42,clusterA,1,4,4,0,0.76,0.39,0.25,0.36,0.39,0.25
2025/11/13 19:42,clusterB,1,4,4,0,0,0,0.25,0.75,0,0.25
2025/11/13 19:42,clusterA,1,4,4,0,0.77,0.39,0.25,0.36,0.39,0.25
2025/11/13 19:42,clusterB,1,4,4,0,0,0,0.25,0.75,0,0.25
2025/11/13 19:42,clusterA,1,4,4,0,0.76,0.39,0.25,0.36,0.39,0.25
2025/11/13 19:42,clusterB,1,4,4,0,0,0,0.25,0.75,0,0.25
2025/11/13 19:42,clusterA,1,4,4,0,0.77,0.39,0.25,0.36,0.39,0.25
2025/11/13 19:42,clusterB,1,4,4,0,0,0,0.25,0.75,0,0.25
2025/11/13 19:42,clusterA,1,4,4,0,0.76,0.39,0.25,0.36,0.39,0.25
2025/11/13 19:42,clusterB,1,4,4,0,0,0,0.25,0.75,0,0.25
2025/11/13 19:42,clusterA,1,4,4,0,0.74,0.39,0.25,0.36,0.39,0.25
2025/11/13 19:42,clusterB,1,4,4,0,0,0,0.25,0.75,0,0.25
2025/11/13 19:42,clusterA,1,4,4,0,0.75,0.39,0.25,0.36,0.39,0.25
2025/11/13 19:42,clusterB,1,4,4,0,0,0,0.25,0.75,0,0.25
2025/11/13 19:42,clusterA,1,4,4,0,0.74,0.39,0.25,0.36,0.39,0.25
2025/11/13 19:42,clusterB,1,4,4,0,0,0,0.25,0.75,0,0.25
2025/11/13 19:43,clusterA,1,4,4,0,0.76,0.39,0.25,0.36,0.39,0.25
2025/11/13 19:43,clusterB,1,4,4,0,0,0,0.25,0.75,0,0.25
2025/11/13 19:43,clusterA,1,4,4,0,0.74,0.38,0.25,0.37,0.38,0.25
2025/11/13 19:43,clusterB,1,4,4,0,0,0,0.25,0.75,0,0.25
2025/11/13 19:43,clusterA,1,4,4,0,0.72,0.38,0.25,0.37,0.38,0.25
2025/11/13 19:43,clusterB,1,4,4,0,0,0,0.25,0.75,0,0.25
2025/11/13 19:43,clusterA,1,4,4,0,0.73,0.38,0.25,0.37,0.38,0.25
2025/11/13 19:43,clusterB,1,4,4,0,0,0,0.25,0.75,0,0.25
2025/11/13 19:43,clusterA,1,4,4,0,0.73,0.38,0.25,0.37,0.38,0.25
2025/11/13 19:43,clusterB,1,4,4,0,0,0,0.25,0.75,0,0.25
2025/11/13 19:43,clusterA,1,4,4,0,0.73,0.38,0.25,0.37,0.38,0.25
2025/11/13 19:43,clusterB,1,4,4,0,0,0,0.25,0.75,0,0.25
2025/11/13 19:43,clusterA,1,4,4,0,0.73,0.38,0.25,0.37,0.38,0.25
2025/11/13 19:43,clusterB,1,4,4,0,0,0,0.25,0.75,0,0.25
2025/11/13 19:43,clusterA,1,4,4,0,0.73,0.38,0.25,0.37,0.38,0.25
2025/11/13 19:43,clusterB,1,4,4,0,0,0,0.25,0.75,0,0.25
2025/11/13 19:43,clusterA,1,4,4,0,0.73,0.39,0.25,0.36,0.39,0.25
2025/11/13 19:43,clusterB,1,4,4,0,0,0,0.25,0.75,0,0.25
2025/11/13 19:43,clusterA,1,4,4,0,0.74,0.39,0.25,0.36,0.39,0.25
2025/11/13 19:43,clusterB,1,4,4,0,0,0,0.25,0.75,0,0.25
2025/11/13 19:43,clusterA,1,4,4,0,0.75,0.39,0.25,0.36,0.39,0.25
2025/11/13 19:43,clusterB,1,4,4,0,0,0,0.25,0.75,0,0.25
2025/11/13 19:43,clusterA,1,4,4,0,0.75,0.39,0.25,0.36,0.39,0.25
2025/11/13 19:43,clusterB,1,4,4,0,0,0,0.25,0.75,0,0.25
2025/11/13 19:44,clusterA,1,4,4,0,0.73,0.38,0.25,0.37,0.38,0.25
2025/11/13 19:44,clusterB,1,4,4,0,0,0,0.25,0.75,0,0.25
2025/11/13 19:44,clusterA,1,4,4,0,0.73,0.38,0.25,0.37,0.38,0.25
2025/11/13 19:44,clusterB,1,4,4,0,0,0,0.25,0.75,0,0.25
2025/11/13 19:44,clusterA,1,4,4,0,0.76,0.39,0.25,0.36,0.39,0.25
2025/11/13 19:44,clusterB,1,4,4,0,0,0,0.25,0.75,0,0.25
2025/11/13 19:44,clusterA,1,4,4,0,0.75,0.39,0.25,0.36,0.39,0.25
2025/11/13 19:44,clusterB,1,4,4,0,0,0,0.25,0.75,0,0.25
2025/11/13 19:44,clusterA,1,4,4,0,0.76,0.39,0.25,0.36,0.39,0.25
2025/11/13 19:44,clusterB,1,4,4,0,0,0,0.25,0.75,0,0.25
2025/11/13 19:44,clusterA,1,4,4,0,0.76,0.39,0.25,0.36,0.39,0.25
2025/11/13 19:44,clusterB,1,4,4,0,0,0,0.25,0.75,0,0.25
2025/11/13 19:44,clusterA,1,4,4,0,0.76,0.39,0.25,0.36,0.39,0.25
2025/11/13 19:44,clusterB,1,4,4,0,0,0,0.25,0.75,0,0.25
2025/11/13 19:44,clusterA,1,4,4,0,0.76,0.39,0.25,0.36,0.39,0.25
2025/11/13 19:44,clusterB,1,4,4,0,0,0,0.25,0.75,0,0.25
2025/11/13 19:44,clusterA,1,4,4,0,0.75,0.39,0.25,0.36,0.39,0.25
2025/11/13 19:44,clusterB,1,4,4,0,0,0,0.25,0.75,0,0.25
2025/11/13 19:44,clusterA,1,4,4,0,0.75,0.39,0.25,0.36,0.39,0.25
2025/11/13 19:44,clusterB,1,4,4,0,0,0,0.25,0.75,0,0.25
2025/11/13 19:44,clusterA,1,4,4,0,0.76,0.39,0.25,0.36,0.39,0.25
2025/11/13 19:44,clusterB,1,4,4,0,0,0,0.25,0.75,0,0.25
2025/11/13 19:44,clusterA,1,4,4,0,0.75,0.39,0.25,0.36,0.39,0.25
2025/11/13 19:44,clusterB,1,4,4,0,0,0,0.25,0.75,0,0.25
2025/11/13 19:45,clusterA,1,4,4,0,0.73,0.38,0.25,0.37,0.38,0.25
2025/11/13 19:45,clusterB,1,4,4,0,0,0,0.25,0.75,0,0.25
2025/11/13 19:45,clusterA,1,4,4,0,0.74,0.38,0.25,0.37,0.38,0.25
2025/11/13 19:45,clusterB,1,4,4,0,0,0,0.25,0.75,0,0.25
2025/11/13 19:45,clusterA,1,4,4,0,0.74,0.38,0.25,0.37,0.38,0.25
2025/11/13 19:45,clusterB,1,4,4,0,0,0,0.25,0.75,0,0.25
2025/11/13 19:45,clusterA,1,4,4,0,0.76,0.38,0.25,0.37,0.38,0.25
2025/11/13 19:45,clusterB,1,4,4,0,0,0,0.25,0.75,0,0.25
2025/11/13 19:45,clusterA,1,4,4,0,0.75,0.38,0.25,0.37,0.38,0.25
2025/11/13 19:45,clusterB,1,4,4,0,0,0,0.25,0.75,0,0.25
2025/11/13 19:45,clusterA,1,4,4,0,0.75,0.38,0.25,0.37,0.38,0.25
2025/11/13 19:45,clusterB,1,4,4,0,0,0,0.25,0.75,0,0.25
2025/11/13 19:45,clusterA,1,4,4,0,0.75,0.38,0.25,0.37,0.38,0.25
2025/11/13 19:45,clusterB,1,4,4,0,0,0,0.25,0.75,0,0.25
2025/11/13 19:45,clusterA,1,4,4,0,0.75,0.38,0.25,0.37,0.38,0.25
2025/11/13 19:45,clusterB,1,4,4,0,0,0,0.25,0.75,0,0.25
2025/11/13 19:45,clusterA,1,4,4,0,0.76,0.38,0.25,0.37,0.38,0.25
2025/11/13 19:45,clusterB,1,4,4,0,0,0,0.25,0.75,0,0.25
2025/11/13 19:45,clusterA,1,4,4,0,0.76,0.38,0.25,0.37,0.38,0.25
2025/11/13 19:45,clusterB,1,4,4,0,0,0,0.25,0.75,0,0.25
2025/11/13 19:45,clusterA,1,4,4,0,0.73,0.38,0.25,0.37,0.38,0.25
2025/11/13 19:45,clusterB,1,4,4,0,0,0,0.25,0.75,0,0.25
2025/11/13 19:45,clusterA,1,4,4,0,0.74,0.38,0.25,0.37,0.38,0.25
2025/11/13 19:45,clusterB,1,4,4,0,0,0,0.25,0.75,0,0.25
2025/11/13 19:46,clusterA,1,4,4,0,0.77,0.38,0.25,0.37,0.38,0.25
2025/11/13 19:46,clusterB,1,4,4,0,0,0,0.25,0.75,0,0.25
2025/11/13 19:46,clusterA,1,4,4,0,0.76,0.39,0.25,0.36,0.39,0.25
2025/11/13 19:46,clusterB,1,4,4,0,0,0,0.25,0.75,0,0.25
2025/11/13 19:46,clusterA,1,4,4,0,0.75,0.39,0.25,0.36,0.39,0.25
2025/11/13 19:46,clusterB,1,4,4,0,0,0,0.25,0.75,0,0.25
2025/11/13 19:46,clusterA,1,4,4,0,0.73,0.38,0.25,0.37,0.38,0.25
2025/11/13 19:46,clusterB,1,4,4,0,0,0,0.25,0.75,0,0.25
2025/11/13 19:46,clusterA,1,4,4,0,0.74,0.38,0.25,0.37,0.38,0.25
2025/11/13 19:46,clusterB,1,4,4,0,0,0,0.25,0.75,0,0.25
2025/11/13 19:46,clusterA,1,4,4,0,0.74,0.38,0.25,0.37,0.38,0.25
2025/11/13 19:46,clusterB,1,4,4,0,0,0,0.25,0.75,0,0.25
2025/11/13 19:46,clusterA,1,4,4,0,0.74,0.38,0.25,0.37,0.38,0.25
2025/11/13 19:46,clusterB,1,4,4,0,0,0,0.25,0.75,0,0.25
2025/11/13 19:46,clusterA,1,4,4,0,0.74,0.38,0.25,0.37,0.38,0.25
2025/11/13 19:46,clusterB,1,4,4,0,0,0,0.25,0.75,0,0.25
2025/11/13 19:46,clusterA,1,4,4,0,0.73,0.38,0.25,0.37,0.38,0.25
2025/11/13 19:46,clusterB,1,4,4,0,0,0,0.25,0.75,0,0.25
2025/11/13 19:46,clusterA,1,4,4,0,0.73,0.38,0.25,0.37,0.38,0.25
2025/11/13 19:46,clusterB,1,4,4,0,0,0,0.25,0.75,0,0.25
2025/11/13 19:46,clusterA,1,4,4,0,0.75,0.38,0.25,0.37,0.38,0.25
2025/11/13 19:46,clusterB,1,4,4,0,0,0,0.25,0.75,0,0.25
2025/11/13 19:46,clusterA,1,4,4,0,0.75,0.39,0.25,0.36,0.39,0.25
2025/11/13 19:46,clusterB,1,4,4,0,0,0,0.25,0.75,0,0.25
2025/11/13 19:47,clusterA,1,4,4,0,0.75,0.39,0.25,0.36,0.39,0.25
2025/11/13 19:47,clusterB,1,4,4,0,0,0,0.25,0.75,0,0.25
2025/11/13 19:47,clusterA,1,4,4,0,0.76,0.39,0.25,0.36,0.39,0.25
2025/11/13 19:47,clusterB,1,4,4,0,0,0,0.25,0.75,0,0.25
2025/11/13 19:47,clusterA,1,4,4,0,0.77,0.39,0.25,0.36,0.39,0.25
2025/11/13 19:47,clusterB,1,4,4,0,0,0,0.25,0.75,0,0.25
2025/11/13 19:47,clusterA,1,4,4,0,0.78,0.39,0.25,0.36,0.39,0.25
2025/11/13 19:47,clusterB,1,4,4,0,0,0,0.25,0.75,0,0.25
2025/11/13 19:47,clusterA,1,4,4,0,0.78,0.39,0.25,0.36,0.39,0.25
2025/11/13 19:47,clusterB,1,4,4,0,0,0,0.25,0.75,0,0.25
2025/11/13 19:47,clusterA,1,4,4,0,0.77,0.39,0.25,0.36,0.39,0.25
2025/11/13 19:47,clusterB,1,4,4,0,0,0,0.25,0.75,0,0.25
2025/11/13 19:47,clusterA,1,4,4,0,0.75,0.39,0.25,0.36,0.39,0.25
2025/11/13 19:47,clusterB,1,4,4,0,0,0,0.25,0.75,0,0.25
2025/11/13 19:47,clusterA,1,4,4,0,0.76,0.39,0.25,0.36,0.39,0.25
2025/11/13 19:47,clusterB,1,4,4,0,0,0,0.25,0.75,0,0.25
2025/11/13 19:47,clusterA,1,4,4,0,0.76,0.39,0.25,0.36,0.39,0.25
2025/11/13 19:47,clusterB,1,4,4,0,0,0,0.25,0.75,0,0.25
2025/11/13 19:47,clusterA,1,4,4,0,0.77,0.39,0.25,0.36,0.39,0.25
2025/11/13 19:47,clusterB,1,4,4,0,0,0,0.25,0.75,0,0.25
2025/11/13 19:47,clusterA,1,4,4,0,0.76,0.39,0.25,0.36,0.39,0.25
2025/11/13 19:47,clusterB,1,4,4,0,0,0,0.25,0.75,0,0.25
2025/11/13 19:47,clusterA,1,4,4,0,0.76,0.39,0.25,0.36,0.39,0.25
2025/11/13 19:47,clusterB,1,4,4,0,0,0,0.25,0.75,0,0.25
2025/11/13 19:48,clusterA,1,4,4,0,0.76,0.39,0.25,0.36,0.39,0.25
2025/11/13 19:48,clusterB,1,4,4,0,0,0,0.25,0.75,0,0.25
2025/11/13 19:48,clusterA,1,4,4,0,0.76,0.39,0.25,0.36,0.39,0.25
2025/11/13 19:48,clusterB,1,4,4,0,0,0,0.25,0.75,0,0.25
2025/11/13 19:48,clusterA,1,4,4,0,0.75,0.39,0.25,0.36,0.39,0.25
2025/11/13 19:48,clusterB,1,4,4,0,0,0,0.25,0.75,0,0.25
2025/11/13 19:48,clusterA,1,4,4,0,0.75,0.39,0.25,0.36,0.39,0.25
2025/11/13 19:48,clusterB,1,4,4,0,0,0,0.25,0.75,0,0.25
2025/11/13 19:48,clusterA,1,4,4,0,0.75,0.39,0.25,0.36,0.39,0.25
2025/11/13 19:48,clusterB,1,4,4,0,0,0,0.25,0.75,0,0.25
2025/11/13 19:48,clusterA,1,4,4,0,0.74,0.39,0.25,0.36,0.39,0.25
2025/11/13 19:48,clusterB,1,4,4,0,0,0,0.25,0.75,0,0.25
2025/11/13 19:48,clusterA,1,4,4,0,0.76,0.39,0.25,0.36,0.39,0.25
2025/11/13 19:48,clusterB,1,4,4,0,0,0,0.25,0.75,0,0.25
2025/11/13 19:48,clusterA,1,4,4,0,0.76,0.39,0.25,0.36,0.39,0.25
2025/11/13 19:48,clusterB,1,4,4,0,0,0,0.25,0.75,0,0.25
2025/11/13 19:48,clusterA,1,4,4,0,0.74,0.39,0.25,0.36,0.39,0.25
2025/11/13 19:48,clusterB,1,4,4,0,0,0,0.25,0.75,0,0.25
2025/11/13 19:48,clusterA,1,4,4,0,0.73,0.39,0.25,0.36,0.39,0.25
2025/11/13 19:48,clusterB,1,4,4,0,0,0,0.25,0.75,0,0.25
2025/11/13 19:48,clusterA,1,4,4,0,0.72,0.38,0.25,0.37,0.38,0.25
2025/11/13 19:48,clusterB,1,4,4,0,0,0,0.25,0.75,0,0.25
2025/11/13 19:48,clusterA,1,4,4,0,0.73,0.39,0.25,0.36,0.39,0.25
2025/11/13 19:48,clusterB,1,4,4,0,0,0,0.25,0.75,0,0.25
2025/11/13 19:49,clusterA,1,4,4,0,0.73,0.39,0.25,0.36,0.39,0.25
2025/11/13 19:49,clusterB,1,4,4,0,0,0,0.25,0.75,0,0.25
2025/11/13 19:49,clusterA,1,4,4,0,0.73,0.39,0.25,0.36,0.39,0.25
2025/11/13 19:49,clusterB,1,4,4,0,0,0,0.25,0.75,0,0.25
2025/11/13 19:49,clusterA,1,4,4,0,0.73,0.39,0.25,0.36,0.39,0.25
2025/11/13 19:49,clusterB,1,4,4,0,0,0,0.25,0.75,0,0.25
2025/11/13 19:49,clusterA,1,4,4,0,0.73,0.39,0.25,0.36,0.39,0.25
2025/11/13 19:49,clusterB,1,4,4,0,0,0,0.25,0.75,0,0.25
2025/11/13 19:49,clusterA,1,4,4,0,0.73,0.39,0.25,0.36,0.39,0.25
2025/11/13 19:49,clusterB,1,4,4,0,0,0,0.25,0.75,0,0.25
2025/11/13 19:49,clusterA,2,4,3,1,0.71,0.38,0.5,0.12,0.38,0.5
2025/11/13 19:49,clusterB,2,4,4,0,0,0,0.5,0.5,0,0.5
2025/11/13 19:49,clusterA,0,4,4,0,0.68,0.36,0,0.64,0.36,0
2025/11/13 19:49,clusterB,0,4,4,0,0,0,0,1,0,0
2025/11/13 19:49,clusterA,0,4,4,0,0.68,0.36,0,0.64,0.36,0
2025/11/13 19:49,clusterB,0,4,4,0,0,0,0,1,0,0
2025/11/13 19:49,clusterA,0,4,4,0,0.67,0.35,0,0.65,0.35,0
2025/11/13 19:49,clusterB,0,4,4,0,0,0,0,1,0,0
2025/11/13 19:49,clusterA,0,4,4,0,0.67,0.35,0,0.65,0.35,0
2025/11/13 19:49,clusterB,0,4,4,0,0,0,0,1,0,0
2025/11/13 19:50,clusterA,0,4,4,0,0.66,0.35,0,0.65,0.35,0
2025/11/13 19:50,clusterB,0,4,4,0,0,0,0,1,0,0
2025/11/13 19:50,clusterA,0,4,4,0,0.66,0.34,0,0.66,0.34,0
2025/11/13 19:50,clusterB,0,4,4,0,0,0,0,1,0,0
2025/11/13 19:50,clusterA,0,4,4,0,0.66,0.34,0,0.66,0.34,0
2025/11/13 19:50,clusterB,0,4,4,0,0,0,0,1,0,0
2025/11/13 19:50,clusterA,0,4,4,0,0.65,0.33,0,0.67,0.33,0
2025/11/13 19:50,clusterB,0,4,4,0,0,0,0,1,0,0
2025/11/13 19:50,clusterA,0,4,4,0,0.64,0.33,0,0.67,0.33,0
2025/11/13 19:50,clusterB,0,4,4,0,0,0,0,1,0,0
2025/11/13 19:50,clusterA,0,4,4,0,0.67,0.33,0,0.67,0.33,0
2025/11/13 19:50,clusterB,0,4,4,0,0,0,0,1,0,0
2025/11/13 19:50,clusterA,0,4,4,0,0.68,0.34,0,0.66,0.34,0
2025/11/13 19:50,clusterB,0,4,4,0,0,0,0,1,0,0
2025/11/13 19:50,clusterA,0,4,4,0,0.7,0.34,0,0.66,0.34,0
2025/11/13 19:50,clusterB,0,4,4,0,0,0,0,1,0,0
2025/11/13 19:50,clusterA,0,4,4,0,0.72,0.35,0,0.65,0.35,0
2025/11/13 19:50,clusterB,0,4,4,0,0,0,0,1,0,0
2025/11/13 19:50,clusterA,0,4,4,0,0.73,0.35,0,0.65,0.35,0
2025/11/13 19:50,clusterB,0,4,4,0,0,0,0,1,0,0
2025/11/13 19:50,clusterA,0,4,4,0,0.75,0.35,0,0.65,0.35,0
2025/11/13 19:50,clusterB,0,4,4,0,0,0,0,1,0,0
2025/11/13 19:50,clusterA,0,4,4,0,0.77,0.36,0,0.64,0.36,0
2025/11/13 19:50,clusterB,0,4,4,0,0,0,0,1,0,0
2025/11/13 19:51,clusterA,1,4,4,0,0.77,0.36,0.25,0.39,0.36,0.25
2025/11/13 19:51,clusterB,1,4,4,0,0,0,0.25,0.75,0,0.25
2025/11/13 19:51,clusterA,1,4,4,0,0.77,0.36,0.25,0.39,0.36,0.25
2025/11/13 19:51,clusterB,1,4,4,0,0,0,0.25,0.75,0,0.25
2025/11/13 19:51,clusterA,1,4,4,0,0.77,0.36,0.25,0.39,0.36,0.25
2025/11/13 19:51,clusterB,1,4,4,0,0,0,0.25,0.75,0,0.25
2025/11/13 19:51,clusterA,1,4,4,0,0.78,0.36,0.25,0.39,0.36,0.25
2025/11/13 19:51,clusterB,1,4,4,0,0,0,0.25,0.75,0,0.25
2025/11/13 19:51,clusterA,1,4,4,0,0.79,0.36,0.25,0.39,0.36,0.25
2025/11/13 19:51,clusterB,1,4,4,0,0,0,0.25,0.75,0,0.25
2025/11/13 19:51,clusterA,1,4,4,0,0.79,0.36,0.25,0.39,0.36,0.25
2025/11/13 19:51,clusterB,1,4,4,0,0,0,0.25,0.75,0,0.25
2025/11/13 19:51,clusterA,1,4,4,0,0.79,0.36,0.25,0.39,0.36,0.25
2025/11/13 19:51,clusterB,1,4,4,0,0,0,0.25,0.75,0,0.25
2025/11/13 19:51,clusterA,1,4,4,0,0.79,0.36,0.25,0.39,0.36,0.25
2025/11/13 19:51,clusterB,1,4,4,0,0,0,0.25,0.75,0,0.25
2025/11/13 19:51,clusterA,1,4,4,0,0.79,0.36,0.25,0.39,0.36,0.25
2025/11/13 19:51,clusterB,1,4,4,0,0,0,0.25,0.75,0,0.25
2025/11/13 19:51,clusterA,1,4,4,0,0.8,0.36,0.25,0.39,0.36,0.25
2025/11/13 19:51,clusterB,1,4,4,0,0,0,0.25,0.75,0,0.25
2025/11/13 19:51,clusterA,1,4,4,0,0.8,0.36,0.25,0.39,0.36,0.25
2025/11/13 19:51,clusterB,1,4,4,0,0,0,0.25,0.75,0,0.25
2025/11/13 19:51,clusterA,1,4,4,0,0.79,0.36,0.25,0.39,0.36,0.25
2025/11/13 19:51,clusterB,1,4,4,0,0,0,0.25,0.75,0,0.25
2025/11/13 19:52,clusterA,1,4,4,0,0.8,0.36,0.25,0.39,0.36,0.25
2025/11/13 19:52,clusterB,1,4,4,0,0,0,0.25,0.75,0,0.25
2025/11/13 19:52,clusterA,1,4,4,0,0.8,0.36,0.25,0.39,0.36,0.25
2025/11/13 19:52,clusterB,1,4,4,0,0,0,0.25,0.75,0,0.25
2025/11/13 19:52,clusterA,1,4,4,0,0.8,0.35,0.25,0.4,0.35,0.25
2025/11/13 19:52,clusterB,1,4,4,0,0,0,0.25,0.75,0,0.25
2025/11/13 19:52,clusterA,1,4,4,0,0.8,0.35,0.25,0.4,0.35,0.25
2025/11/13 19:52,clusterB,1,4,4,0,0,0,0.25,0.75,0,0.25
2025/11/13 19:52,clusterA,1,4,4,0,0.79,0.35,0.25,0.4,0.35,0.25
2025/11/13 19:52,clusterB,1,4,4,0,0,0,0.25,0.75,0,0.25
2025/11/13 19:52,clusterA,1,4,4,0,0.78,0.35,0.25,0.4,0.35,0.25
2025/11/13 19:52,clusterB,1,4,4,0,0,0,0.25,0.75,0,0.25
2025/11/13 19:52,clusterA,1,4,4,0,0.78,0.35,0.25,0.4,0.35,0.25
2025/11/13 19:52,clusterB,1,4,4,0,0,0,0.25,0.75,0,0.25
2025/11/13 19:52,clusterA,1,4,4,0,0.76,0.35,0.25,0.4,0.35,0.25
2025/11/13 19:52,clusterB,1,4,4,0,0,0,0.25,0.75,0,0.25
2025/11/13 19:52,clusterA,1,4,4,0,0.76,0.35,0.25,0.4,0.35,0.25
2025/11/13 19:52,clusterB,1,4,4,0,0,0,0.25,0.75,0,0.25
2025/11/13 19:52,clusterA,1,4,4,0,0.74,0.35,0.25,0.4,0.35,0.25
2025/11/13 19:52,clusterB,1,4,4,0,0,0,0.25,0.75,0,0.25
2025/11/13 19:52,clusterA,1,4,4,0,0.74,0.35,0.25,0.4,0.35,0.25
2025/11/13 19:52,clusterB,1,4,4,0,0,0,0.25,0.75,0,0.25
2025/11/13 19:52,clusterA,1,4,4,0,0.74,0.35,0.25,0.4,0.35,0.25
2025/11/13 19:52,clusterB,1,4,4,0,0,0,0.25,0.75,0,0.25
2025/11/13 19:53,clusterA,1,4,4,0,0.74,0.35,0.25,0.4,0.35,0.25
2025/11/13 19:53,clusterB,1,4,4,0,0,0,0.25,0.75,0,0.25
2025/11/13 19:53,clusterA,1,4,4,0,0.74,0.35,0.25,0.4,0.35,0.25
2025/11/13 19:53,clusterB,1,4,4,0,0,0,0.25,0.75,0,0.25
2025/11/13 19:53,clusterA,1,4,4,0,0.73,0.35,0.25,0.4,0.35,0.25
2025/11/13 19:53,clusterB,1,4,4,0,0,0,0.25,0.75,0,0.25
2025/11/13 19:53,clusterA,1,4,4,0,0.73,0.35,0.25,0.4,0.35,0.25
2025/11/13 19:53,clusterB,1,4,4,0,0,0,0.25,0.75,0,0.25
2025/11/13 19:53,clusterA,1,4,4,0,0.73,0.35,0.25,0.4,0.35,0.25
2025/11/13 19:53,clusterB,1,4,4,0,0,0,0.25,0.75,0,0.25
2025/11/13 19:53,clusterA,1,4,4,0,0.73,0.35,0.25,0.4,0.35,0.25
2025/11/13 19:53,clusterB,1,4,4,0,0,0,0.25,0.75,0,0.25
2025/11/13 19:53,clusterA,1,4,4,0,0.74,0.35,0.25,0.4,0.35,0.25
2025/11/13 19:53,clusterB,1,4,4,0,0,0,0.25,0.75,0,0.25
2025/11/13 19:53,clusterA,1,4,4,0,0.76,0.35,0.25,0.4,0.35,0.25
2025/11/13 19:53,clusterB,1,4,4,0,0,0,0.25,0.75,0,0.25
2025/11/13 19:53,clusterA,1,4,4,0,0.77,0.35,0.25,0.4,0.35,0.25
2025/11/13 19:53,clusterB,1,4,4,0,0,0,0.25,0.75,0,0.25
2025/11/13 19:53,clusterA,1,4,4,0,0.79,0.36,0.25,0.39,0.36,0.25
2025/11/13 19:53,clusterB,1,4,4,0,0,0,0.25,0.75,0,0.25
2025/11/13 19:53,clusterA,1,4,4,0,0.79,0.36,0.25,0.39,0.36,0.25
2025/11/13 19:53,clusterB,1,4,4,0,0,0,0.25,0.75,0,0.25
2025/11/13 19:53,clusterA,1,4,4,0,0.79,0.35,0.25,0.4,0.35,0.25
2025/11/13 19:53,clusterB,1,4,4,0,0,0,0.25,0.75,0,0.25
2025/11/13 19:54,clusterA,1,4,4,0,0.78,0.35,0.25,0.4,0.35,0.25
2025/11/13 19:54,clusterB,1,4,4,0,0,0,0.25,0.75,0,0.25
2025/11/13 19:54,clusterA,1,4,4,0,0.77,0.35,0.25,0.4,0.35,0.25
2025/11/13 19:54,clusterB,1,4,4,0,0,0,0.25,0.75,0,0.25
2025/11/13 19:54,clusterA,1,4,4,0,0.77,0.35,0.25,0.4,0.35,0.25
2025/11/13 19:54,clusterB,1,4,4,0,0,0,0.25,0.75,0,0.25
2025/11/13 19:54,clusterA,1,4,4,0,0.78,0.35,0.25,0.4,0.35,0.25
2025/11/13 19:54,clusterB,1,4,4,0,0,0,0.25,0.75,0,0.25
2025/11/13 19:54,clusterA,1,4,4,0,0.77,0.35,0.25,0.4,0.35,0.25
2025/11/13 19:54,clusterB,1,4,4,0,0,0,0.25,0.75,0,0.25
2025/11/13 19:54,clusterA,1,4,4,0,0.77,0.35,0.25,0.4,0.35,0.25
2025/11/13 19:54,clusterB,1,4,4,0,0,0,0.25,0.75,0,0.25
2025/11/13 19:54,clusterA,1,4,4,0,0.77,0.35,0.25,0.4,0.35,0.25
2025/11/13 19:54,clusterB,1,4,4,0,0,0,0.25,0.75,0,0.25
2025/11/13 19:54,clusterA,1,4,4,0,0.76,0.35,0.25,0.4,0.35,0.25
2025/11/13 19:54,clusterB,1,4,4,0,0,0,0.25,0.75,0,0.25
2025/11/13 19:54,clusterA,1,4,4,0,0.75,0.35,0.25,0.4,0.35,0.25
2025/11/13 19:54,clusterB,1,4,4,0,0,0,0.25,0.75,0,0.25
2025/11/13 19:54,clusterA,1,4,4,0,0.75,0.35,0.25,0.4,0.35,0.25
2025/11/13 19:54,clusterB,1,4,4,0,0,0,0.25,0.75,0,0.25
2025/11/13 19:54,clusterA,2,4,4,0,0.75,0.35,0.5,0.15,0.35,0.5
2025/11/13 19:54,clusterB,2,4,4,0,0,0,0.5,0.5,0,0.5
2025/11/13 19:54,clusterA,2,4,4,0,0.76,0.35,0.5,0.15,0.35,0.5
2025/11/13 19:54,clusterB,2,4,4,0,0,0,0.5,0.5,0,0.5
2025/11/13 19:55,clusterA,2,4,4,0,0.76,0.35,0.5,0.15,0.35,0.5
2025/11/13 19:55,clusterB,2,4,4,0,0,0,0.5,0.5,0,0.5
2025/11/13 19:55,clusterA,2,4,4,0,0.77,0.35,0.5,0.15,0.35,0.5
2025/11/13 19:55,clusterB,2,4,4,0,0,0,0.5,0.5,0,0.5
2025/11/13 19:55,clusterA,2,4,4,0,0.77,0.35,0.5,0.15,0.35,0.5
2025/11/13 19:55,clusterB,2,4,4,0,0,0,0.5,0.5,0,0.5
2025/11/13 19:55,clusterA,2,4,4,0,0.77,0.35,0.5,0.15,0.35,0.5
2025/11/13 19:55,clusterB,2,4,4,0,0,0,0.5,0.5,0,0.5
2025/11/13 19:55,clusterA,2,4,4,0,0.78,0.36,0.5,0.14,0.36,0.5
2025/11/13 19:55,clusterB,2,4,4,0,0,0,0.5,0.5,0,0.5
2025/11/13 19:55,clusterA,2,4,4,0,0.78,0.36,0.5,0.14,0.36,0.5
2025/11/13 19:55,clusterB,2,4,4,0,0,0,0.5,0.5,0,0.5
2025/11/13 19:55,clusterA,2,4,4,0,0.78,0.36,0.5,0.14,0.36,0.5
2025/11/13 19:55,clusterB,2,4,4,0,0,0,0.5,0.5,0,0.5
2025/11/13 19:55,clusterA,2,4,4,0,0.79,0.36,0.5,0.14,0.36,0.5
2025/11/13 19:55,clusterB,2,4,4,0,0,0,0.5,0.5,0,0.5
2025/11/13 19:55,clusterA,2,4,4,0,0.8,0.36,0.5,0.14,0.36,0.5
2025/11/13 19:55,clusterB,2,4,4,0,0,0,0.5,0.5,0,0.5
2025/11/13 19:55,clusterA,2,4,4,0,0.8,0.36,0.5,0.14,0.36,0.5
2025/11/13 19:55,clusterB,2,4,4,0,0,0,0.5,0.5,0,0.5
2025/11/13 19:55,clusterA,2,4,4,0,0.8,0.36,0.5,0.14,0.36,0.5
2025/11/13 19:55,clusterB,2,4,4,0,0,0,0.5,0.5,0,0.5
2025/11/13 19:55,clusterA,2,4,4,0,0.79,0.36,0.5,0.14,0.36,0.5
2025/11/13 19:55,clusterB,2,4,4,0,0,0,0.5,0.5,0,0.5
2025/11/13 19:56,clusterA,2,4,4,0,0.8,0.36,0.5,0.14,0.36,0.5
2025/11/13 19:56,clusterB,2,4,4,0,0,0,0.5,0.5,0,0.5
2025/11/13 19:56,clusterA,2,4,4,0,0.79,0.35,0.5,0.15,0.35,0.5
2025/11/13 19:56,clusterB,2,4,4,0,0,0,0.5,0.5,0,0.5
2025/11/13 19:56,clusterA,2,4,4,0,0.79,0.35,0.5,0.15,0.35,0.5
2025/11/13 19:56,clusterB,2,4,4,0,0,0,0.5,0.5,0,0.5
2025/11/13 19:56,clusterA,2,4,4,0,0.77,0.35,0.5,0.15,0.35,0.5
2025/11/13 19:56,clusterB,2,4,4,0,0,0,0.5,0.5,0,0.5
2025/11/13 19:56,clusterA,2,4,4,0,0.78,0.35,0.5,0.15,0.35,0.5
2025/11/13 19:56,clusterB,2,4,4,0,0,0,0.5,0.5,0,0.5
2025/11/13 19:56,clusterA,2,4,4,0,0.76,0.35,0.5,0.15,0.35,0.5
2025/11/13 19:56,clusterB,2,4,4,0,0,0,0.5,0.5,0,0.5
2025/11/13 19:56,clusterA,2,4,4,0,0.74,0.34,0.5,0.16,0.34,0.5
2025/11/13 19:56,clusterB,2,4,4,0,0,0,0.5,0.5,0,0.5
2025/11/13 19:56,clusterA,2,4,4,0,0.74,0.34,0.5,0.16,0.34,0.5
2025/11/13 19:56,clusterB,2,4,4,0,0,0,0.5,0.5,0,0.5
2025/11/13 19:56,clusterA,2,4,4,0,0.73,0.34,0.5,0.16,0.34,0.5
2025/11/13 19:56,clusterB,2,4,4,0,0,0,0.5,0.5,0,0.5
2025/11/13 19:56,clusterA,2,4,4,0,0.73,0.34,0.5,0.16,0.34,0.5
2025/11/13 19:56,clusterB,2,4,4,0,0,0,0.5,0.5,0,0.5
2025/11/13 19:56,clusterA,2,4,4,0,0.73,0.35,0.5,0.15,0.35,0.5
2025/11/13 19:56,clusterB,2,4,4,0,0,0,0.5,0.5,0,0.5
2025/11/13 19:56,clusterA,2,4,4,0,0.74,0.35,0.5,0.15,0.35,0.5
2025/11/13 19:56,clusterB,2,4,4,0,0,0,0.5,0.5,0,0.5
2025/11/13 19:57,clusterA,2,4,4,0,0.73,0.35,0.5,0.15,0.35,0.5
2025/11/13 19:57,clusterB,2,4,4,0,0,0,0.5,0.5,0,0.5
2025/11/13 19:57,clusterA,2,4,4,0,0.74,0.35,0.5,0.15,0.35,0.5
2025/11/13 19:57,clusterB,2,4,4,0,0,0,0.5,0.5,0,0.5
2025/11/13 19:57,clusterA,2,4,4,0,0.75,0.35,0.5,0.15,0.35,0.5
2025/11/13 19:57,clusterB,2,4,4,0,0,0,0.5,0.5,0,0.5
2025/11/13 19:57,clusterA,2,4,4,0,0.76,0.35,0.5,0.15,0.35,0.5
2025/11/13 19:57,clusterB,2,4,4,0,0,0,0.5,0.5,0,0.5
2025/11/13 19:57,clusterA,2,4,4,0,0.76,0.35,0.5,0.15,0.35,0.5
2025/11/13 19:57,clusterB,2,4,4,0,0,0,0.5,0.5,0,0.5
2025/11/13 19:57,clusterA,2,4,4,0,0.78,0.35,0.5,0.15,0.35,0.5
2025/11/13 19:57,clusterB,2,4,4,0,0,0,0.5,0.5,0,0.5
2025/11/13 19:57,clusterA,2,4,4,0,0.79,0.36,0.5,0.14,0.36,0.5
2025/11/13 19:57,clusterB,2,4,4,0,0,0,0.5,0.5,0,0.5
2025/11/13 19:57,clusterA,2,4,4,0,0.8,0.36,0.5,0.14,0.36,0.5
2025/11/13 19:57,clusterB,2,4,4,0,0,0,0.5,0.5,0,0.5
2025/11/13 19:57,clusterA,2,4,4,0,0.81,0.36,0.5,0.14,0.36,0.5
2025/11/13 19:57,clusterB,2,4,4,0,0,0,0.5,0.5,0,0.5
2025/11/13 19:57,clusterA,2,4,4,0,0.81,0.36,0.5,0.14,0.36,0.5
2025/11/13 19:57,clusterB,2,4,4,0,0,0,0.5,0.5,0,0.5
2025/11/13 19:57,clusterA,2,4,4,0,0.81,0.36,0.5,0.14,0.36,0.5
2025/11/13 19:57,clusterB,2,4,4,0,0,0,0.5,0.5,0,0.5
2025/11/13 19:57,clusterA,2,4,4,0,0.81,0.35,0.5,0.15,0.35,0.5
2025/11/13 19:57,clusterB,2,4,4,0,0,0,0.5,0.5,0,0.5
2025/11/13 19:58,clusterA,2,4,4,0,0.81,0.35,0.5,0.15,0.35,0.5
2025/11/13 19:58,clusterB,2,4,4,0,0,0,0.5,0.5,0,0.5
2025/11/13 19:58,clusterA,2,4,4,0,0.79,0.35,0.5,0.15,0.35,0.5
2025/11/13 19:58,clusterB,2,4,4,0,0,0,0.5,0.5,0,0.5
2025/11/13 19:58,clusterA,2,4,4,0,0.79,0.35,0.5,0.15,0.35,0.5
2025/11/13 19:58,clusterB,2,4,4,0,0,0,0.5,0.5,0,0.5
2025/11/13 19:58,clusterA,2,4,4,0,0.78,0.35,0.5,0.15,0.35,0.5
2025/11/13 19:58,clusterB,2,4,4,0,0,0,0.5,0.5,0,0.5
2025/11/13 19:58,clusterA,2,4,4,0,0.78,0.35,0.5,0.15,0.35,0.5
2025/11/13 19:58,clusterB,2,4,4,0,0,0,0.5,0.5,0,0.5
2025/11/13 19:58,clusterA,2,4,4,0,0.78,0.35,0.5,0.15,0.35,0.5
2025/11/13 19:58,clusterB,2,4,4,0,0,0,0.5,0.5,0,0.5
2025/11/13 19:58,clusterA,2,4,4,0,0.78,0.34,0.5,0.16,0.34,0.5
2025/11/13 19:58,clusterB,2,4,4,0,0,0,0.5,0.5,0,0.5
2025/11/13 19:58,clusterA,2,4,4,0,0.78,0.34,0.5,0.16,0.34,0.5
2025/11/13 19:58,clusterB,2,4,4,0,0,0,0.5,0.5,0,0.5
2025/11/13 19:58,clusterA,2,4,4,0,0.78,0.34,0.5,0.16,0.34,0.5
2025/11/13 19:58,clusterB,2,4,4,0,0,0,0.5,0.5,0,0.5
2025/11/13 19:58,clusterA,2,4,4,0,0.77,0.34,0.5,0.16,0.34,0.5
2025/11/13 19:58,clusterB,2,4,4,0,0,0,0.5,0.5,0,0.5
2025/11/13 19:58,clusterA,2,4,4,0,0.76,0.34,0.5,0.16,0.34,0.5
2025/11/13 19:58,clusterB,2,4,4,0,0,0,0.5,0.5,0,0.5
2025/11/13 19:58,clusterA,2,4,4,0,0.76,0.35,0.5,0.15,0.35,0.5
2025/11/13 19:58,clusterB,2,4,4,0,0,0,0.5,0.5,0,0.5
2025/11/13 19:59,clusterA,2,4,4,0,0.76,0.35,0.5,0.15,0.35,0.5
2025/11/13 19:59,clusterB,2,4,4,0,0,0,0.5,0.5,0,0.5
2025/11/13 19:59,clusterA,2,4,4,0,0.74,0.35,0.5,0.15,0.35,0.5
2025/11/13 19:59,clusterB,2,4,4,0,0,0,0.5,0.5,0,0.5
2025/11/13 19:59,clusterA,2,4,4,0,0.77,0.35,0.5,0.15,0.35,0.5
2025/11/13 19:59,clusterB,2,4,4,0,0,0,0.5,0.5,0,0.5
2025/11/13 19:59,clusterA,2,4,4,0,0.76,0.35,0.5,0.15,0.35,0.5
2025/11/13 19:59,clusterB,2,4,4,0,0,0,0.5,0.5,0,0.5
2025/11/13 19:59,clusterA,2,4,4,0,0.77,0.35,0.5,0.15,0.35,0.5
2025/11/13 19:59,clusterB,2,4,4,0,0,0,0.5,0.5,0,0.5
2025/11/13 19:59,clusterA,2,4,4,0,0.77,0.35,0.5,0.15,0.35,0.5
2025/11/13 19:59,clusterB,2,4,4,0,0,0,0.5,0.5,0,0.5
2025/11/13 19:59,clusterA,2,4,4,0,0.77,0.35,0.5,0.15,0.35,0.5
2025/11/13 19:59,clusterB,2,4,4,0,0,0,0.5,0.5,0,0.5
2025/11/13 19:59,clusterA,2,4,4,0,0.77,0.36,0.5,0.14,0.36,0.5
2025/11/13 19:59,clusterB,2,4,4,0,0,0,0.5,0.5,0,0.5
2025/11/13 19:59,clusterA,2,4,4,0,0.77,0.36,0.5,0.14,0.36,0.5
2025/11/13 19:59,clusterB,2,4,4,0,0,0,0.5,0.5,0,0.5
2025/11/13 19:59,clusterA,2,4,4,0,0.77,0.35,0.5,0.15,0.35,0.5
2025/11/13 19:59,clusterB,2,4,4,0,0,0,0.5,0.5,0,0.5
2025/11/13 19:59,clusterA,2,4,4,0,0.78,0.35,0.5,0.15,0.35,0.5
2025/11/13 19:59,clusterB,2,4,4,0,0,0,0.5,0.5,0,0.5
2025/11/13 19:59,clusterA,2,4,4,0,0.78,0.35,0.5,0.15,0.35,0.5
2025/11/13 19:59,clusterB,2,4,4,0,0,0,0.5,0.5,0,0.5
2025/11/13 20:00,clusterA,2,4,4,0,0.76,0.35,0.5,0.15,0.35,0.5
2025/11/13 20:00,clusterB,2,4,4,0,0,0,0.5,0.5,0,0.5
2025/11/13 20:00,clusterA,2,4,4,0,0.77,0.35,0.5,0.15,0.35,0.5
2025/11/13 20:00,clusterB,2,4,4,0,0,0,0.5,0.5,0,0.5
2025/11/13 20:00,clusterA,2,4,4,0,0.76,0.34,0.5,0.16,0.34,0.5
2025/11/13 20:00,clusterB,2,4,4,0,0,0,0.5,0.5,0,0.5
2025/11/13 20:00,clusterA,2,4,4,0,0.76,0.34,0.5,0.16,0.34,0.5
2025/11/13 20:00,clusterB,2,4,4,0,0,0,0.5,0.5,0,0.5
2025/11/13 20:00,clusterA,2,4,4,0,0.76,0.34,0.5,0.16,0.34,0.5
2025/11/13 20:00,clusterB,2,4,4,0,0,0,0.5,0.5,0,0.5
2025/11/13 20:00,clusterA,2,4,4,0,0.77,0.34,0.5,0.16,0.34,0.5
2025/11/13 20:00,clusterB,2,4,4,0,0,0,0.5,0.5,0,0.5
2025/11/13 20:00,clusterA,2,4,4,0,0.77,0.34,0.5,0.16,0.34,0.5
2025/11/13 20:00,clusterB,2,4,4,0,0,0,0.5,0.5,0,0.5
2025/11/13 20:00,clusterA,2,4,4,0,0.77,0.34,0.5,0.16,0.34,0.5
2025/11/13 20:00,clusterB,2,4,4,0,0,0,0.5,0.5,0,0.5
2025/11/13 20:00,clusterA,2,4,4,0,0.77,0.34,0.5,0.16,0.34,0.5
2025/11/13 20:00,clusterB,2,4,4,0,0,0,0.5,0.5,0,0.5
2025/11/13 20:00,clusterA,2,4,4,0,0.76,0.34,0.5,0.16,0.34,0.5
2025/11/13 20:00,clusterB,2,4,4,0,0,0,0.5,0.5,0,0.5
2025/11/13 20:00,clusterA,2,4,4,0,0.75,0.35,0.5,0.15,0.35,0.5
2025/11/13 20:00,clusterB,2,4,4,0,0,0,0.5,0.5,0,0.5
2025/11/13 20:00,clusterA,2,4,4,0,0.75,0.35,0.5,0.15,0.35,0.5
2025/11/13 20:00,clusterB,2,4,4,0,0,0,0.5,0.5,0,0.5
2025/11/13 20:01,clusterA,2,4,4,0,0.76,0.35,0.5,0.15,0.35,0.5
2025/11/13 20:01,clusterB,2,4,4,0,0,0,0.5,0.5,0,0.5
2025/11/13 20:01,clusterA,2,4,4,0,0.76,0.35,0.5,0.15,0.35,0.5
2025/11/13 20:01,clusterB,2,4,4,0,0,0,0.5,0.5,0,0.5
2025/11/13 20:01,clusterA,2,4,4,0,0.77,0.35,0.5,0.15,0.35,0.5
2025/11/13 20:01,clusterB,2,4,4,0,0,0,0.5,0.5,0,0.5
2025/11/13 20:01,clusterA,2,4,4,0,0.78,0.35,0.5,0.15,0.35,0.5
2025/11/13 20:01,clusterB,2,4,4,0,0,0,0.5,0.5,0,0.5
2025/11/13 20:01,clusterA,3,4,4,0,0.78,0.35,0.75,0,0.35,0.75
2025/11/13 20:01,clusterB,3,4,4,0,0,0,0.75,0.25,0,0.75
2025/11/13 20:01,clusterA,3,4,4,0,0.78,0.35,0.75,0,0.35,0.75
2025/11/13 20:01,clusterB,3,4,4,0,0,0,0.75,0.25,0,0.75
2025/11/13 20:01,clusterA,3,4,4,0,0.78,0.35,0.75,0,0.35,0.75
2025/11/13 20:01,clusterB,3,4,4,0,0,0,0.75,0.25,0,0.75
2025/11/13 20:01,clusterA,3,4,4,0,0.78,0.35,0.75,0,0.35,0.75
2025/11/13 20:01,clusterB,3,4,4,0,0,0,0.75,0.25,0,0.75
2025/11/13 20:01,clusterA,3,4,4,0,0.78,0.35,0.75,0,0.35,0.75
2025/11/13 20:01,clusterB,3,4,4,0,0,0,0.75,0.25,0,0.75
2025/11/13 20:01,clusterA,3,4,4,0,0.78,0.35,0.75,0,0.35,0.75
2025/11/13 20:01,clusterB,3,4,4,0,0,0,0.75,0.25,0,0.75
2025/11/13 20:01,clusterA,3,4,4,0,0.78,0.35,0.75,0,0.35,0.75
2025/11/13 20:01,clusterB,3,4,4,0,0,0,0.75,0.25,0,0.75
2025/11/13 20:01,clusterA,3,4,4,0,0.78,0.35,0.75,0,0.35,0.75
2025/11/13 20:01,clusterB,3,4,4,0,0,0,0.75,0.25,0,0.75
2025/11/13 20:02,clusterA,3,4,4,0,0.79,0.35,0.75,0,0.35,0.75
2025/11/13 20:02,clusterB,3,4,4,0,0,0,0.75,0.25,0,0.75
2025/11/13 20:02,clusterA,3,4,4,0,0.78,0.35,0.75,0,0.35,0.75
2025/11/13 20:02,clusterB,3,4,4,0,0,0,0.75,0.25,0,0.75
2025/11/13 20:02,clusterA,3,4,4,0,0.77,0.35,0.75,0,0.35,0.75
2025/11/13 20:02,clusterB,3,4,4,0,0,0,0.75,0.25,0,0.75
2025/11/13 20:02,clusterA,3,4,4,0,0.76,0.34,0.75,0,0.34,0.75
2025/11/13 20:02,clusterB,3,4,4,0,0,0,0.75,0.25,0,0.75
2025/11/13 20:02,clusterA,3,4,4,0,0.76,0.34,0.75,0,0.34,0.75
2025/11/13 20:02,clusterB,3,4,4,0,0,0,0.75,0.25,0,0.75
2025/11/13 20:02,clusterA,3,4,4,0,0.76,0.34,0.75,0,0.34,0.75
2025/11/13 20:02,clusterB,3,4,4,0,0,0,0.75,0.25,0,0.75
2025/11/13 20:02,clusterA,3,4,4,0,0.75,0.34,0.75,0,0.34,0.75
2025/11/13 20:02,clusterB,3,4,4,0,0,0,0.75,0.25,0,0.75
2025/11/13 20:02,clusterA,3,4,4,0,0.76,0.34,0.75,0,0.34,0.75
2025/11/13 20:02,clusterB,3,4,4,0,0,0,0.75,0.25,0,0.75
2025/11/13 20:02,clusterA,3,4,4,0,0.76,0.34,0.75,0,0.34,0.75
2025/11/13 20:02,clusterB,3,4,4,0,0,0,0.75,0.25,0,0.75
2025/11/13 20:02,clusterA,3,4,4,0,0.76,0.34,0.75,0,0.34,0.75
2025/11/13 20:02,clusterB,3,4,4,0,0,0,0.75,0.25,0,0.75
2025/11/13 20:02,clusterA,3,4,4,0,0.76,0.34,0.75,0,0.34,0.75
2025/11/13 20:02,clusterB,3,4,4,0,0,0,0.75,0.25,0,0.75
2025/11/13 20:02,clusterA,3,4,4,0,0.76,0.35,0.75,0,0.35,0.75
2025/11/13 20:02,clusterB,3,4,4,0,0,0,0.75,0.25,0,0.75
2025/11/13 20:03,clusterA,3,4,4,0,0.75,0.35,0.75,0,0.35,0.75
2025/11/13 20:03,clusterB,3,4,4,0,0,0,0.75,0.25,0,0.75
2025/11/13 20:03,clusterA,3,4,4,0,0.74,0.35,0.75,0,0.35,0.75
2025/11/13 20:03,clusterB,3,4,4,0,0,0,0.75,0.25,0,0.75
2025/11/13 20:03,clusterA,3,4,4,0,0.76,0.35,0.75,0,0.35,0.75
2025/11/13 20:03,clusterB,3,4,4,0,0,0,0.75,0.25,0,0.75
2025/11/13 20:03,clusterA,3,4,4,0,0.76,0.35,0.75,0,0.35,0.75
2025/11/13 20:03,clusterB,3,4,4,0,0,0,0.75,0.25,0,0.75
2025/11/13 20:03,clusterA,3,4,4,0,0.76,0.35,0.75,0,0.35,0.75
2025/11/13 20:03,clusterB,3,4,4,0,0,0,0.75,0.25,0,0.75
2025/11/13 20:03,clusterA,4,4,4,0,0.77,0.35,1,0,0.35,1
2025/11/13 20:03,clusterB,4,4,4,0,0,0,1,0,0,1
2025/11/13 20:03,clusterA,4,4,4,0,0.77,0.35,1,0,0.35,1
2025/11/13 20:03,clusterB,4,4,4,0,0,0,1,0,0,1
2025/11/13 20:03,clusterA,4,4,4,0,0.77,0.35,1,0,0.35,1
2025/11/13 20:03,clusterB,4,4,4,0,0,0,1,0,0,1
2025/11/13 20:03,clusterA,4,4,4,0,0.77,0.35,1,0,0.35,1
2025/11/13 20:03,clusterB,4,4,4,0,0,0,1,0,0,1
2025/11/13 20:03,clusterA,4,4,4,0,0.75,0.35,1,0,0.35,1
2025/11/13 20:03,clusterB,4,4,4,0,0,0,1,0,0,1
2025/11/13 20:03,clusterA,4,4,4,0,0.75,0.35,1,0,0.35,1
2025/11/13 20:03,clusterB,4,4,4,0,0,0,1,0,0,1
2025/11/13 20:03,clusterA,4,4,4,0,0.75,0.35,1,0,0.35,1
2025/11/13 20:03,clusterB,4,4,4,0,0,0,1,0,0,1
2025/11/13 20:04,clusterA,4,4,4,0,0.76,0.35,1,0,0.35,1
2025/11/13 20:04,clusterB,4,4,4,0,0,0,1,0,0,1
2025/11/13 20:04,clusterA,4,4,4,0,0.75,0.35,1,0,0.35,1
2025/11/13 20:04,clusterB,4,4,4,0,0,0,1,0,0,1
2025/11/13 20:04,clusterA,4,4,4,0,0.76,0.35,1,0,0.35,1
2025/11/13 20:04,clusterB,4,4,4,0,0,0,1,0,0,1
2025/11/13 20:04,clusterA,4,4,4,0,0.76,0.35,1,0,0.35,1
2025/11/13 20:04,clusterB,4,4,4,0,0,0,1,0,0,1
2025/11/13 20:04,clusterA,4,4,4,0,0.77,0.35,1,0,0.35,1
2025/11/13 20:04,clusterB,4,4,4,0,0,0,1,0,0,1
2025/11/13 20:04,clusterA,4,4,4,0,0.76,0.35,1,0,0.35,1
2025/11/13 20:04,clusterB,4,4,4,0,0,0,1,0,0,1
2025/11/13 20:04,clusterA,4,4,4,0,0.76,0.35,1,0,0.35,1
2025/11/13 20:04,clusterB,4,4,4,0,0,0,1,0,0,1
2025/11/13 20:04,clusterA,4,4,4,0,0.76,0.35,1,0,0.35,1
2025/11/13 20:04,clusterB,4,4,4,0,0,0,1,0,0,1
2025/11/13 20:04,clusterA,4,4,4,0,0.76,0.35,1,0,0.35,1
2025/11/13 20:04,clusterB,4,4,4,0,0,0,1,0,0,1
2025/11/13 20:04,clusterA,4,4,4,0,0.77,0.35,1,0,0.35,1
2025/11/13 20:04,clusterB,4,4,4,0,0,0,1,0,0,1
2025/11/13 20:04,clusterA,4,4,4,0,0.78,0.35,1,0,0.35,1
2025/11/13 20:04,clusterB,4,4,4,0,0,0,1,0,0,1
2025/11/13 20:04,clusterA,4,4,4,0,0.78,0.35,1,0,0.35,1
2025/11/13 20:04,clusterB,4,4,4,0,0,0,1,0,0,1
2025/11/13 20:05,clusterA,4,4,4,0,0.77,0.35,1,0,0.35,1
2025/11/13 20:05,clusterB,4,4,4,0,0,0,1,0,0,1
2025/11/13 20:05,clusterA,4,4,4,0,0.78,0.35,1,0,0.35,1
2025/11/13 20:05,clusterB,4,4,4,0,0,0,1,0,0,1
2025/11/13 20:05,clusterA,4,4,4,0,0.78,0.36,1,0,0.36,1
2025/11/13 20:05,clusterB,4,4,4,0,0,0,1,0,0,1
2025/11/13 20:05,clusterA,4,4,4,0,0.78,0.36,1,0,0.36,1
2025/11/13 20:05,clusterB,4,4,4,0,0,0,1,0,0,1
2025/11/13 20:05,clusterA,4,4,4,0,0.77,0.36,1,0,0.36,1
2025/11/13 20:05,clusterB,4,4,4,0,0,0,1,0,0,1
2025/11/13 20:05,clusterA,4,4,4,0,0.76,0.35,1,0,0.35,1
2025/11/13 20:05,clusterB,4,4,4,0,0,0,1,0,0,1
2025/11/13 20:05,clusterA,4,4,4,0,0.76,0.35,1,0,0.35,1
2025/11/13 20:05,clusterB,4,4,4,0,0,0,1,0,0,1
2025/11/13 20:05,clusterA,4,4,4,0,0.76,0.35,1,0,0.35,1
2025/11/13 20:05,clusterB,4,4,4,0,0,0,1,0,0,1
2025/11/13 20:05,clusterA,4,4,4,0,0.75,0.35,1,0,0.35,1
2025/11/13 20:05,clusterB,4,4,4,0,0,0,1,0,0,1
2025/11/13 20:05,clusterA,4,4,4,0,0.75,0.35,1,0,0.35,1
2025/11/13 20:05,clusterB,4,4,4,0,0,0,1,0,0,1
2025/11/13 20:05,clusterA,4,4,4,0,0.75,0.35,1,0,0.35,1
2025/11/13 20:05,clusterB,4,4,4,0,0,0,1,0,0,1
2025/11/13 20:05,clusterA,4,4,4,0,0.75,0.35,1,0,0.35,1
2025/11/13 20:05,clusterB,4,4,4,0,0,0,1,0,0,1
2025/11/13 20:06,clusterA,4,4,4,0,0.75,0.35,1,0,0.35,1
2025/11/13 20:06,clusterB,4,4,4,0,0,0,1,0,0,1
2025/11/13 20:06,clusterA,4,4,4,0,0.75,0.34,1,0,0.34,1
2025/11/13 20:06,clusterB,4,4,4,0,0,0,1,0,0,1
2025/11/13 20:06,clusterA,4,4,4,0,0.76,0.34,1,0,0.34,1
2025/11/13 20:06,clusterB,4,4,4,0,0,0,1,0,0,1
2025/11/13 20:06,clusterA,4,4,4,0,0.76,0.34,1,0,0.34,1
2025/11/13 20:06,clusterB,4,4,4,0,0,0,1,0,0,1
2025/11/13 20:06,clusterA,4,4,4,0,0.75,0.34,1,0,0.34,1
2025/11/13 20:06,clusterB,4,4,4,0,0,0,1,0,0,1
2025/11/13 20:06,clusterA,4,4,4,0,0.76,0.34,1,0,0.34,1
2025/11/13 20:06,clusterB,4,4,4,0,0,0,1,0,0,1
2025/11/13 20:06,clusterA,4,4,4,0,0.76,0.34,1,0,0.34,1
2025/11/13 20:06,clusterB,4,4,4,0,0,0,1,0,0,1
2025/11/13 20:06,clusterA,4,4,4,0,0.76,0.35,1,0,0.35,1
2025/11/13 20:06,clusterB,4,4,4,0,0,0,1,0,0,1
2025/11/13 20:06,clusterA,4,4,4,0,0.76,0.35,1,0,0.35,1
2025/11/13 20:06,clusterB,4,4,4,0,0,0,1,0,0,1
2025/11/13 20:06,clusterA,4,4,4,0,0.77,0.35,1,0,0.35,1
2025/11/13 20:06,clusterB,4,4,4,0,0,0,1,0,0,1
2025/11/13 20:06,clusterA,4,4,4,0,0.77,0.35,1,0,0.35,1
2025/11/13 20:06,clusterB,4,4,4,0,0,0,1,0,0,1
2025/11/13 20:06,clusterA,4,4,4,0,0.77,0.35,1,0,0.35,1
2025/11/13 20:06,clusterB,4,4,4,0,0,0,1,0,0,1
2025/11/13 20:07,clusterA,4,4,4,0,0.78,0.35,1,0,0.35,1
2025/11/13 20:07,clusterB,4,4,4,0,0,0,1,0,0,1
2025/11/13 20:07,clusterA,4,4,4,0,0.78,0.36,1,0,0.36,1
2025/11/13 20:07,clusterB,4,4,4,0,0,0,1,0,0,1
2025/11/13 20:07,clusterA,4,4,4,0,0.79,0.36,1,0,0.36,1
2025/11/13 20:07,clusterB,4,4,4,0,0,0,1,0,0,1
2025/11/13 20:07,clusterA,4,4,4,0,0.77,0.35,1,0,0.35,1
2025/11/13 20:07,clusterB,4,4,4,0,0,0,1,0,0,1
2025/11/13 20:07,clusterA,4,4,4,0,0.78,0.35,1,0,0.35,1
2025/11/13 20:07,clusterB,4,4,4,0,0,0,1,0,0,1
2025/11/13 20:07,clusterA,4,4,4,0,0.79,0.35,1,0,0.35,1
2025/11/13 20:07,clusterB,4,4,4,0,0,0,1,0,0,1
2025/11/13 20:07,clusterA,4,4,4,0,0.79,0.35,1,0,0.35,1
2025/11/13 20:07,clusterB,4,4,4,0,0,0,1,0,0,1
2025/11/13 20:07,clusterA,4,4,4,0,0.78,0.35,1,0,0.35,1
2025/11/13 20:07,clusterB,4,4,4,0,0,0,1,0,0,1
2025/11/13 20:07,clusterA,4,4,4,0,0.79,0.35,1,0,0.35,1
2025/11/13 20:07,clusterB,4,4,4,0,0,0,1,0,0,1
2025/11/13 20:07,clusterA,4,4,4,0,0.79,0.35,1,0,0.35,1
2025/11/13 20:07,clusterB,4,4,4,0,0,0,1,0,0,1
2025/11/13 20:07,clusterA,4,4,4,0,0.78,0.35,1,0,0.35,1
2025/11/13 20:07,clusterB,4,4,4,0,0,0,1,0,0,1
2025/11/13 20:07,clusterA,4,4,4,0,0.78,0.35,1,0,0.35,1
2025/11/13 20:07,clusterB,4,4,4,0,0,0,1,0,0,1
2025/11/13 20:08,clusterA,4,4,4,0,0.78,0.35,1,0,0.35,1
2025/11/13 20:08,clusterB,4,4,4,0,0,0,1,0,0,1
2025/11/13 20:08,clusterA,4,4,4,0,0.78,0.35,1,0,0.35,1
2025/11/13 20:08,clusterB,4,4,4,0,0,0,1,0,0,1
2025/11/13 20:08,clusterA,4,4,4,0,0.77,0.35,1,0,0.35,1
2025/11/13 20:08,clusterB,4,4,4,0,0,0,1,0,0,1
2025/11/13 20:08,clusterA,4,4,4,0,0.78,0.35,1,0,0.35,1
2025/11/13 20:08,clusterB,4,4,4,0,0,0,1,0,0,1
2025/11/13 20:08,clusterA,4,4,4,0,0.77,0.35,1,0,0.35,1
2025/11/13 20:08,clusterB,4,4,4,0,0,0,1,0,0,1
2025/11/13 20:08,clusterA,4,4,4,0,0.76,0.34,1,0,0.34,1
2025/11/13 20:08,clusterB,4,4,4,0,0,0,1,0,0,1
2025/11/13 20:08,clusterA,4,4,4,0,0.76,0.34,1,0,0.34,1
2025/11/13 20:08,clusterB,4,4,4,0,0,0,1,0,0,1
2025/11/13 20:08,clusterA,4,4,4,0,0.77,0.34,1,0,0.34,1
2025/11/13 20:08,clusterB,4,4,4,0,0,0,1,0,0,1
2025/11/13 20:08,clusterA,4,4,4,0,0.76,0.34,1,0,0.34,1
2025/11/13 20:08,clusterB,4,4,4,0,0,0,1,0,0,1
2025/11/13 20:08,clusterA,4,4,4,0,0.76,0.34,1,0,0.34,1
2025/11/13 20:08,clusterB,4,4,4,0,0,0,1,0,0,1
2025/11/13 20:08,clusterA,4,4,4,0,0.75,0.34,1,0,0.34,1
2025/11/13 20:08,clusterB,4,4,4,0,0,0,1,0,0,1
2025/11/13 20:08,clusterA,4,4,4,0,0.75,0.34,1,0,0.34,1
2025/11/13 20:08,clusterB,4,4,4,0,0,0,1,0,0,1
2025/11/13 20:09,clusterA,4,4,4,0,0.75,0.34,1,0,0.34,1
2025/11/13 20:09,clusterB,4,4,4,0,0,0,1,0,0,1
2025/11/13 20:09,clusterA,4,4,4,0,0.75,0.34,1,0,0.34,1
2025/11/13 20:09,clusterB,4,4,4,0,0,0,1,0,0,1
2025/11/13 20:09,clusterA,4,4,4,0,0.76,0.34,1,0,0.34,1
2025/11/13 20:09,clusterB,4,4,4,0,0,0,1,0,0,1
2025/11/13 20:09,clusterA,4,4,4,0,0.76,0.35,1,0,0.35,1
2025/11/13 20:09,clusterB,4,4,4,0,0,0,1,0,0,1
2025/11/13 20:09,clusterA,4,4,4,0,0.76,0.35,1,0,0.35,1
2025/11/13 20:09,clusterB,4,4,4,0,0,0,1,0,0,1
2025/11/13 20:09,clusterA,4,4,4,0,0.77,0.35,1,0,0.35,1
2025/11/13 20:09,clusterB,4,4,4,0,0,0,1,0,0,1
2025/11/13 20:09,clusterA,4,4,4,0,0.76,0.35,1,0,0.35,1
2025/11/13 20:09,clusterB,4,4,4,0,0,0,1,0,0,1
2025/11/13 20:09,clusterA,4,4,4,0,0.76,0.35,1,0,0.35,1
2025/11/13 20:09,clusterB,4,4,4,0,0,0,1,0,0,1
2025/11/13 20:09,clusterA,4,4,4,0,0.76,0.35,1,0,0.35,1
2025/11/13 20:09,clusterB,4,4,4,0,0,0,1,0,0,1
2025/11/13 20:09,clusterA,4,4,4,0,0.76,0.35,1,0,0.35,1
2025/11/13 20:09,clusterB,4,4,4,0,0,0,1,0,0,1
2025/11/13 20:09,clusterA,4,4,3,1,0.75,0.35,1,0,0.35,1
2025/11/13 20:09,clusterB,4,4,4,0,0,0,1,0,0,1
2025/11/13 20:09,clusterA,4,4,3,1,0.74,0.34,1,0,0.34,1
2025/11/13 20:09,clusterB,4,4,4,0,0,0,1,0,0,1
2025/11/13 20:10,clusterA,4,4,3,1,0.72,0.33,1,0,0.33,1
2025/11/13 20:10,clusterB,4,4,4,0,0,0,1,0,0,1
2025/11/13 20:10,clusterA,4,4,3,1,0.7,0.32,1,0,0.32,1
2025/11/13 20:10,clusterB,4,4,4,0,0,0,1,0,0,1
2025/11/13 20:10,clusterA,4,4,3,1,0.68,0.31,1,0,0.31,1
2025/11/13 20:10,clusterB,4,4,4,0,0,0,1,0,0,1
2025/11/13 20:10,clusterA,4,4,3,1,0.65,0.31,1,0,0.31,1
2025/11/13 20:10,clusterB,4,4,4,0,0,0,1,0,0,1
2025/11/13 20:10,clusterA,4,4,3,1,0.63,0.3,1,0,0.3,1
2025/11/13 20:10,clusterB,4,4,4,0,0,0,1,0,0,1
2025/11/13 20:10,clusterA,4,4,3,1,0.61,0.29,1,0,0.29,1
2025/11/13 20:10,clusterB,4,4,4,0,0,0,1,0,0,1
2025/11/13 20:10,clusterA,4,4,3,1,0.6,0.28,1,0,0.28,1
2025/11/13 20:10,clusterB,4,4,4,0,0,0,1,0,0,1
2025/11/13 20:10,clusterA,4,4,3,1,0.6,0.27,1,0,0.27,1
2025/11/13 20:10,clusterB,4,4,4,0,0,0,1,0,0,1
2025/11/13 20:10,clusterA,4,4,3,1,0.58,0.26,1,0,0.26,1
2025/11/13 20:10,clusterB,4,4,4,0,0,0,1,0,0,1
2025/11/13 20:10,clusterA,4,4,3,1,0.56,0.26,1,0,0.26,1
2025/11/13 20:10,clusterB,4,4,4,0,0,0,1,0,0,1
2025/11/13 20:10,clusterA,4,4,3,1,0.55,0.25,1,0,0.25,1
2025/11/13 20:10,clusterB,4,4,4,0,0,0,1,0,0,1
2025/11/13 20:10,clusterA,4,4,3,1,0.55,0.25,1,0,0.25,1
2025/11/13 20:10,clusterB,4,4,4,0,0,0,1,0,0,1
2025/11/13 20:11,clusterA,4,4,3,1,0.55,0.25,1,0,0.25,1
2025/11/13 20:11,clusterB,4,4,4,0,0,0,1,0,0,1
2025/11/13 20:11,clusterA,4,4,3,1,0.55,0.24,1,0,0.24,1
2025/11/13 20:11,clusterB,4,4,4,0,0,0,1,0,0,1
2025/11/13 20:11,clusterA,4,4,3,1,0.55,0.24,1,0,0.24,1
2025/11/13 20:11,clusterB,4,4,4,0,0,0,1,0,0,1
2025/11/13 20:11,clusterA,4,4,3,1,0.56,0.24,1,0,0.24,1
2025/11/13 20:11,clusterB,4,4,4,0,0,0,1,0,0,1
2025/11/13 20:11,clusterA,4,4,3,1,0.55,0.24,1,0,0.24,1
2025/11/13 20:11,clusterB,4,4,4,0,0,0,1,0,0,1
2025/11/13 20:11,clusterA,4,4,3,1,0.55,0.24,1,0,0.24,1
2025/11/13 20:11,clusterB,4,4,4,0,0,0,1,0,0,1
2025/11/13 20:11,clusterA,4,4,3,1,0.53,0.23,1,0,0.23,1
2025/11/13 20:11,clusterB,4,4,4,0,0,0,1,0,0,1
2025/11/13 20:11,clusterA,4,4,3,1,0.53,0.23,1,0,0.23,1
2025/11/13 20:11,clusterB,4,4,4,0,0,0,1,0,0,1
2025/11/13 20:11,clusterA,4,4,3,1,0.54,0.23,1,0,0.23,1
2025/11/13 20:11,clusterB,4,4,4,0,0,0,1,0,0,1
2025/11/13 20:11,clusterA,4,4,3,1,0.54,0.23,1,0,0.23,1
2025/11/13 20:11,clusterB,4,4,4,0,0,0,1,0,0,1
2025/11/13 20:11,clusterA,4,4,3,1,0.54,0.23,1,0,0.23,1
2025/11/13 20:11,clusterB,4,4,4,0,0,0,1,0,0,1
2025/11/13 20:11,clusterA,4,4,3,1,0.53,0.23,1,0,0.23,1
2025/11/13 20:11,clusterB,4,4,4,0,0,0,1,0,0,1
2025/11/13 20:12,clusterA,4,4,3,1,0.54,0.23,1,0,0.23,1
2025/11/13 20:12,clusterB,4,4,4,0,0,0,1,0,0,1
2025/11/13 20:12,clusterA,4,4,3,1,0.54,0.24,1,0,0.24,1
2025/11/13 20:12,clusterB,4,4,4,0,0,0,1,0,0,1
2025/11/13 20:12,clusterA,4,4,3,1,0.54,0.24,1,0,0.24,1
2025/11/13 20:12,clusterB,4,4,4,0,0,0,1,0,0,1
2025/11/13 20:12,clusterA,4,4,3,1,0.54,0.24,1,0,0.24,1
2025/11/13 20:12,clusterB,4,4,4,0,0,0,1,0,0,1
2025/11/13 20:12,clusterA,4,4,3,1,0.53,0.24,1,0,0.24,1
2025/11/13 20:12,clusterB,4,4,4,0,0,0,1,0,0,1
2025/11/13 20:12,clusterA,4,4,3,1,0.54,0.24,1,0,0.24,1
2025/11/13 20:12,clusterB,4,4,4,0,0,0,1,0,0,1
2025/11/13 20:12,clusterA,4,4,3,1,0.55,0.25,1,0,0.25,1
2025/11/13 20:12,clusterB,4,4,4,0,0,0,1,0,0,1
2025/11/13 20:12,clusterA,4,4,3,1,0.54,0.25,1,0,0.25,1
2025/11/13 20:12,clusterB,4,4,4,0,0,0,1,0,0,1
2025/11/13 20:12,clusterA,4,4,3,1,0.54,0.25,1,0,0.25,1
2025/11/13 20:12,clusterB,4,4,4,0,0,0,1,0,0,1
2025/11/13 20:12,clusterA,4,4,3,1,0.55,0.25,1,0,0.25,1
2025/11/13 20:12,clusterB,4,4,4,0,0,0,1,0,0,1
2025/11/13 20:12,clusterA,4,4,3,1,0.55,0.25,1,0,0.25,1
2025/11/13 20:12,clusterB,4,4,4,0,0,0,1,0,0,1
2025/11/13 20:12,clusterA,4,4,3,1,0.55,0.24,1,0,0.24,1
2025/11/13 20:12,clusterB,4,4,4,0,0,0,1,0,0,1
2025/11/13 20:13,clusterA,4,4,3,1,0.55,0.24,1,0,0.24,1
2025/11/13 20:13,clusterB,4,4,4,0,0,0,1,0,0,1
2025/11/13 20:13,clusterA,4,4,3,1,0.54,0.24,1,0,0.24,1
2025/11/13 20:13,clusterB,4,4,4,0,0,0,1,0,0,1
2025/11/13 20:13,clusterA,4,4,3,1,0.54,0.24,1,0,0.24,1
2025/11/13 20:13,clusterB,4,4,4,0,0,0,1,0,0,1
2025/11/13 20:13,clusterA,4,4,3,1,0.54,0.24,1,0,0.24,1
2025/11/13 20:13,clusterB,4,4,4,0,0,0,1,0,0,1
2025/11/13 20:13,clusterA,4,4,3,1,0.56,0.24,1,0,0.24,1
2025/11/13 20:13,clusterB,4,4,4,0,0,0,1,0,0,1
2025/11/13 20:13,clusterA,4,4,3,1,0.56,0.24,1,0,0.24,1
2025/11/13 20:13,clusterB,4,4,4,0,0,0,1,0,0,1
2025/11/13 20:13,clusterA,4,4,3,1,0.56,0.24,1,0,0.24,1
2025/11/13 20:13,clusterB,4,4,4,0,0,0,1,0,0,1
2025/11/13 20:13,clusterA,4,4,3,1,0.56,0.24,1,0,0.24,1
2025/11/13 20:13,clusterB,4,4,4,0,0,0,1,0,0,1
2025/11/13 20:13,clusterA,4,4,3,1,0.56,0.24,1,0,0.24,1
2025/11/13 20:13,clusterB,4,4,4,0,0,0,1,0,0,1
2025/11/13 20:13,clusterA,4,4,3,1,0.56,0.24,1,0,0.24,1
2025/11/13 20:13,clusterB,4,4,4,0,0,0,1,0,0,1
2025/11/13 20:13,clusterA,4,4,3,1,0.56,0.24,1,0,0.24,1
2025/11/13 20:13,clusterB,4,4,4,0,0,0,1,0,0,1
2025/11/13 20:13,clusterA,4,4,3,1,0.56,0.25,1,0,0.25,1
2025/11/13 20:13,clusterB,4,4,4,0,0,0,1,0,0,1
2025/11/13 20:14,clusterA,4,4,3,1,0.56,0.25,1,0,0.25,1
2025/11/13 20:14,clusterB,4,4,4,0,0,0,1,0,0,1
2025/11/13 20:14,clusterA,4,4,3,1,0.57,0.25,1,0,0.25,1
2025/11/13 20:14,clusterB,4,4,4,0,0,0,1,0,0,1
2025/11/13 20:14,clusterA,4,4,3,1,0.57,0.25,1,0,0.25,1
2025/11/13 20:14,clusterB,4,4,4,0,0,0,1,0,0,1
2025/11/13 20:14,clusterA,4,4,3,1,0.56,0.25,1,0,0.25,1
2025/11/13 20:14,clusterB,4,4,4,0,0,0,1,0,0,1
2025/11/13 20:14,clusterA,4,4,3,1,0.55,0.25,1,0,0.25,1
2025/11/13 20:14,clusterB,4,4,4,0,0,0,1,0,0,1
2025/11/13 20:14,clusterA,4,4,3,1,0.52,0.24,1,0,0.24,1
2025/11/13 20:14,clusterB,4,4,4,0,0,0,1,0,0,1
2025/11/13 20:14,clusterA,4,4,3,1,0.52,0.24,1,0,0.24,1
2025/11/13 20:14,clusterB,4,4,4,0,0,0,1,0,0,1
2025/11/13 20:14,clusterA,4,4,3,1,0.53,0.24,1,0,0.24,1
2025/11/13 20:14,clusterB,4,4,4,0,0,0,1,0,0,1
2025/11/13 20:14,clusterA,4,4,3,1,0.53,0.24,1,0,0.24,1
2025/11/13 20:14,clusterB,4,4,4,0,0,0,1,0,0,1
2025/11/13 20:14,clusterA,4,4,3,1,0.53,0.24,1,0,0.24,1
2025/11/13 20:14,clusterB,4,4,4,0,0,0,1,0,0,1
2025/11/13 20:14,clusterA,4,4,3,1,0.53,0.24,1,0,0.24,1
2025/11/13 20:14,clusterB,4,4,4,0,0,0,1,0,0,1
2025/11/13 20:14,clusterA,4,4,3,1,0.53,0.24,1,0,0.24,1
2025/11/13 20:14,clusterB,4,4,4,0,0,0,1,0,0,1
2025/11/13 20:15,clusterA,4,4,3,1,0.51,0.24,1,0,0.24,1
2025/11/13 20:15,clusterB,4,4,4,0,0,0,1,0,0,1
2025/11/13 20:15,clusterA,4,4,3,1,0.51,0.23,1,0,0.23,1
2025/11/13 20:15,clusterB,4,4,4,0,0,0,1,0,0,1
2025/11/13 20:15,clusterA,4,4,3,1,0.51,0.23,1,0,0.23,1
2025/11/13 20:15,clusterB,4,4,4,0,0,0,1,0,0,1
2025/11/13 20:15,clusterA,4,4,3,1,0.52,0.24,1,0,0.24,1
2025/11/13 20:15,clusterB,4,4,4,0,0,0,1,0,0,1
2025/11/13 20:15,clusterA,4,4,3,1,0.53,0.24,1,0,0.24,1
2025/11/13 20:15,clusterB,4,4,4,0,0,0,1,0,0,1
2025/11/13 20:15,clusterA,4,4,3,1,0.56,0.24,1,0,0.24,1
2025/11/13 20:15,clusterB,4,4,4,0,0,0,1,0,0,1
2025/11/13 20:15,clusterA,4,4,3,1,0.55,0.24,1,0,0.24,1
2025/11/13 20:15,clusterB,4,4,4,0,0,0,1,0,0,1
2025/11/13 20:15,clusterA,4,4,3,1,0.54,0.24,1,0,0.24,1
2025/11/13 20:15,clusterB,4,4,4,0,0,0,1,0,0,1
2025/11/13 20:15,clusterA,4,4,3,1,0.54,0.24,1,0,0.24,1
2025/11/13 20:15,clusterB,4,4,4,0,0,0,1,0,0,1
2025/11/13 20:15,clusterA,4,4,3,1,0.54,0.24,1,0,0.24,1
2025/11/13 20:15,clusterB,4,4,4,0,0,0,1,0,0,1
2025/11/13 20:15,clusterA,4,4,3,1,0.53,0.24,1,0,0.24,1
2025/11/13 20:15,clusterB,4,4,4,0,0,0,1,0,0,1
2025/11/13 20:15,clusterA,4,4,3,1,0.53,0.24,1,0,0.24,1
2025/11/13 20:15,clusterB,4,4,4,0,0,0,1,0,0,1
2025/11/13 20:16,clusterA,4,4,3,1,0.54,0.24,1,0,0.24,1
2025/11/13 20:16,clusterB,4,4,4,0,0,0,1,0,0,1
2025/11/13 20:16,clusterA,4,4,3,1,0.55,0.24,1,0,0.24,1
2025/11/13 20:16,clusterB,4,4,4,0,0,0,1,0,0,1
2025/11/13 20:16,clusterA,4,4,3,1,0.55,0.25,1,0,0.25,1
2025/11/13 20:16,clusterB,4,4,4,0,0,0,1,0,0,1
2025/11/13 20:16,clusterA,4,4,3,1,0.56,0.25,1,0,0.25,1
2025/11/13 20:16,clusterB,4,4,4,0,0,0,1,0,0,1
2025/11/13 20:16,clusterA,4,4,3,1,0.56,0.25,1,0,0.25,1
2025/11/13 20:16,clusterB,4,4,4,0,0,0,1,0,0,1
2025/11/13 20:16,clusterA,4,4,3,1,0.55,0.25,1,0,0.25,1
2025/11/13 20:16,clusterB,4,4,4,0,0,0,1,0,0,1
2025/11/13 20:16,clusterA,4,4,3,1,0.54,0.25,1,0,0.25,1
2025/11/13 20:16,clusterB,4,4,4,0,0,0,1,0,0,1
2025/11/13 20:16,clusterA,4,4,3,1,0.54,0.25,1,0,0.25,1
2025/11/13 20:16,clusterB,4,4,4,0,0,0,1,0,0,1
2025/11/13 20:16,clusterA,5,4,3,1,0.56,0.25,1,0,0.25,1
2025/11/13 20:16,clusterB,5,4,4,0,0,0,1,0,0,1
2025/11/13 20:16,clusterA,5,4,3,1,0.55,0.24,1,0,0.24,1
2025/11/13 20:16,clusterB,5,4,4,0,0,0,1,0,0,1
2025/11/13 20:16,clusterA,5,4,3,1,0.56,0.24,1,0,0.24,1
2025/11/13 20:16,clusterB,5,4,4,0,0,0,1,0,0,1
2025/11/13 20:16,clusterA,5,4,3,1,0.54,0.24,1,0,0.24,1
2025/11/13 20:16,clusterB,5,4,4,0,0,0,1,0,0,1
2025/11/13 20:17,clusterA,5,4,3,1,0.54,0.24,1,0,0.24,1
2025/11/13 20:17,clusterB,5,4,4,0,0,0,1,0,0,1
2025/11/13 20:17,clusterA,5,4,3,1,0.54,0.24,1,0,0.24,1
2025/11/13 20:17,clusterB,5,4,4,0,0,0,1,0,0,1
2025/11/13 20:17,clusterA,5,4,3,1,0.54,0.24,1,0,0.24,1
2025/11/13 20:17,clusterB,5,4,4,0,0,0,1,0,0,1
2025/11/13 20:17,clusterA,5,4,3,1,0.54,0.24,1,0,0.24,1
2025/11/13 20:17,clusterB,5,4,4,0,0,0,1,0,0,1
2025/11/13 20:17,clusterA,5,4,3,1,0.53,0.24,1,0,0.24,1
2025/11/13 20:17,clusterB,5,4,4,0,0,0,1,0,0,1
2025/11/13 20:17,clusterA,5,4,3,1,0.54,0.24,1,0,0.24,1
2025/11/13 20:17,clusterB,5,4,4,0,0,0,1,0,0,1
2025/11/13 20:17,clusterA,5,4,3,1,0.55,0.24,1,0,0.24,1
2025/11/13 20:17,clusterB,5,4,4,0,0,0,1,0,0,1
2025/11/13 20:17,clusterA,5,4,3,1,0.55,0.24,1,0,0.24,1
2025/11/13 20:17,clusterB,5,4,4,0,0,0,1,0,0,1
2025/11/13 20:17,clusterA,5,4,3,1,0.54,0.24,1,0,0.24,1
2025/11/13 20:17,clusterB,5,4,4,0,0,0,1,0,0,1
2025/11/13 20:17,clusterA,5,4,3,1,0.55,0.24,1,0,0.24,1
2025/11/13 20:17,clusterB,5,4,4,0,0,0,1,0,0,1
2025/11/13 20:17,clusterA,5,4,3,1,0.54,0.24,1,0,0.24,1
2025/11/13 20:17,clusterB,5,4,4,0,0,0,1,0,0,1
2025/11/13 20:17,clusterA,5,4,3,1,0.56,0.24,1,0,0.24,1
2025/11/13 20:17,clusterB,5,4,4,0,0,0,1,0,0,1
2025/11/13 20:18,clusterA,6,4,3,1,0.56,0.24,1,0,0.24,1
2025/11/13 20:18,clusterB,6,4,4,0,0,0,1,0,0,1
2025/11/13 20:18,clusterA,6,4,3,1,0.56,0.24,1,0,0.24,1
2025/11/13 20:18,clusterB,6,4,4,0,0,0,1,0,0,1
2025/11/13 20:18,clusterA,6,4,3,1,0.56,0.24,1,0,0.24,1
2025/11/13 20:18,clusterB,6,4,4,0,0,0,1,0,0,1
2025/11/13 20:18,clusterA,6,4,3,1,0.56,0.24,1,0,0.24,1
2025/11/13 20:18,clusterB,6,4,4,0,0,0,1,0,0,1
2025/11/13 20:18,clusterA,6,4,3,1,0.57,0.24,1,0,0.24,1
2025/11/13 20:18,clusterB,6,4,4,0,0,0,1,0,0,1
2025/11/13 20:18,clusterA,6,4,3,1,0.57,0.24,1,0,0.24,1
2025/11/13 20:18,clusterB,6,4,4,0,0,0,1,0,0,1
2025/11/13 20:18,clusterA,6,4,3,1,0.57,0.24,1,0,0.24,1
2025/11/13 20:18,clusterB,6,4,4,0,0,0,1,0,0,1
2025/11/13 20:18,clusterA,6,4,3,1,0.56,0.24,1,0,0.24,1
2025/11/13 20:18,clusterB,6,4,4,0,0,0,1,0,0,1
2025/11/13 20:18,clusterA,6,4,3,1,0.56,0.24,1,0,0.24,1
2025/11/13 20:18,clusterB,6,4,4,0,0,0,1,0,0,1
2025/11/13 20:18,clusterA,6,4,3,1,0.55,0.24,1,0,0.24,1
2025/11/13 20:18,clusterB,6,4,4,0,0,0,1,0,0,1
2025/11/13 20:18,clusterA,6,4,3,1,0.55,0.24,1,0,0.24,1
2025/11/13 20:18,clusterB,6,4,4,0,0,0,1,0,0,1
2025/11/13 20:18,clusterA,6,4,3,1,0.55,0.24,1,0,0.24,1
2025/11/13 20:18,clusterB,6,4,4,0,0,0,1,0,0,1
2025/11/13 20:19,clusterA,6,4,3,1,0.55,0.24,1,0,0.24,1
2025/11/13 20:19,clusterB,6,4,4,0,0,0,1,0,0,1
2025/11/13 20:19,clusterA,6,4,3,1,0.55,0.24,1,0,0.24,1
2025/11/13 20:19,clusterB,6,4,4,0,0,0,1,0,0,1
2025/11/13 20:19,clusterA,6,4,3,1,0.55,0.24,1,0,0.24,1
2025/11/13 20:19,clusterB,6,4,4,0,0,0,1,0,0,1
2025/11/13 20:19,clusterA,6,4,3,1,0.56,0.24,1,0,0.24,1
2025/11/13 20:19,clusterB,6,4,4,0,0,0,1,0,0,1
2025/11/13 20:19,clusterA,6,4,3,1,0.54,0.24,1,0,0.24,1
2025/11/13 20:19,clusterB,6,4,4,0,0,0,1,0,0,1
2025/11/13 20:19,clusterA,6,4,3,1,0.53,0.25,1,0,0.25,1
2025/11/13 20:19,clusterB,6,4,4,0,0,0,1,0,0,1
2025/11/13 20:19,clusterA,6,4,3,1,0.54,0.25,1,0,0.25,1
2025/11/13 20:19,clusterB,6,4,4,0,0,0,1,0,0,1
2025/11/13 20:19,clusterA,6,4,3,1,0.55,0.25,1,0,0.25,1
2025/11/13 20:19,clusterB,6,4,4,0,0,0,1,0,0,1
2025/11/13 20:19,clusterA,6,4,3,1,0.55,0.25,1,0,0.25,1
2025/11/13 20:19,clusterB,6,4,4,0,0,0,1,0,0,1
2025/11/13 20:19,clusterA,6,4,3,1,0.56,0.25,1,0,0.25,1
2025/11/13 20:19,clusterB,6,4,4,0,0,0,1,0,0,1
2025/11/13 20:19,clusterA,6,4,3,1,0.55,0.25,1,0,0.25,1
2025/11/13 20:19,clusterB,6,4,4,0,0,0,1,0,0,1
2025/11/13 20:19,clusterA,6,4,3,1,0.55,0.25,1,0,0.25,1
2025/11/13 20:19,clusterB,6,4,4,0,0,0,1,0,0,1
2025/11/13 20:20,clusterA,6,4,3,1,0.55,0.25,1,0,0.25,1
2025/11/13 20:20,clusterB,6,4,4,0,0,0,1,0,0,1
2025/11/13 20:20,clusterA,6,4,3,1,0.55,0.25,1,0,0.25,1
2025/11/13 20:20,clusterB,6,4,4,0,0,0,1,0,0,1
2025/11/13 20:20,clusterA,6,4,3,1,0.55,0.25,1,0,0.25,1
2025/11/13 20:20,clusterB,6,4,4,0,0,0,1,0,0,1
2025/11/13 20:20,clusterA,6,4,3,1,0.55,0.25,1,0,0.25,1
2025/11/13 20:20,clusterB,6,4,4,0,0,0,1,0,0,1
2025/11/13 20:20,clusterA,6,4,3,1,0.55,0.24,1,0,0.24,1
2025/11/13 20:20,clusterB,6,4,4,0,0,0,1,0,0,1
2025/11/13 20:20,clusterA,6,4,3,1,0.56,0.24,1,0,0.24,1
2025/11/13 20:20,clusterB,6,4,4,0,0,0,1,0,0,1
2025/11/13 20:20,clusterA,6,4,3,1,0.55,0.24,1,0,0.24,1
2025/11/13 20:20,clusterB,6,4,4,0,0,0,1,0,0,1
2025/11/13 20:20,clusterA,6,4,3,1,0.54,0.24,1,0,0.24,1
2025/11/13 20:20,clusterB,6,4,4,0,0,0,1,0,0,1
2025/11/13 20:20,clusterA,6,4,3,1,0.54,0.24,1,0,0.24,1
2025/11/13 20:20,clusterB,6,4,4,0,0,0,1,0,0,1
2025/11/13 20:20,clusterA,6,4,3,1,0.54,0.24,1,0,0.24,1
2025/11/13 20:20,clusterB,6,4,4,0,0,0,1,0,0,1
2025/11/13 20:20,clusterA,6,4,3,1,0.55,0.25,1,0,0.25,1
2025/11/13 20:20,clusterB,6,4,4,0,0,0,1,0,0,1
2025/11/13 20:20,clusterA,6,4,3,1,0.54,0.25,1,0,0.25,1
2025/11/13 20:20,clusterB,6,4,4,0,0,0,1,0,0,1
2025/11/13 20:21,clusterA,6,4,3,1,0.54,0.25,1,0,0.25,1
2025/11/13 20:21,clusterB,6,4,4,0,0,0,1,0,0,1
2025/11/13 20:21,clusterA,6,4,3,1,0.54,0.24,1,0,0.24,1
2025/11/13 20:21,clusterB,6,4,4,0,0,0,1,0,0,1
2025/11/13 20:21,clusterA,6,4,3,1,0.54,0.25,1,0,0.25,1
2025/11/13 20:21,clusterB,6,4,4,0,0,0,1,0,0,1
2025/11/13 20:21,clusterA,6,4,3,1,0.54,0.25,1,0,0.25,1
2025/11/13 20:21,clusterB,6,4,4,0,0,0,1,0,0,1
2025/11/13 20:21,clusterA,6,4,3,1,0.55,0.25,1,0,0.25,1
2025/11/13 20:21,clusterB,6,4,4,0,0,0,1,0,0,1
2025/11/13 20:21,clusterA,6,4,3,1,0.55,0.25,1,0,0.25,1
2025/11/13 20:21,clusterB,6,4,4,0,0,0,1,0,0,1
2025/11/13 20:21,clusterA,6,4,3,1,0.55,0.25,1,0,0.25,1
2025/11/13 20:21,clusterB,6,4,4,0,0,0,1,0,0,1
2025/11/13 20:21,clusterA,6,4,3,1,0.56,0.25,1,0,0.25,1
2025/11/13 20:21,clusterB,6,4,4,0,0,0,1,0,0,1
2025/11/13 20:21,clusterA,6,4,3,1,0.57,0.25,1,0,0.25,1
2025/11/13 20:21,clusterB,6,4,4,0,0,0,1,0,0,1
2025/11/13 20:21,clusterA,6,4,3,1,0.57,0.25,1,0,0.25,1
2025/11/13 20:21,clusterB,6,4,4,0,0,0,1,0,0,1
2025/11/13 20:21,clusterA,6,4,3,1,0.57,0.25,1,0,0.25,1
2025/11/13 20:21,clusterB,6,4,4,0,0,0,1,0,0,1
2025/11/13 20:21,clusterA,6,4,3,1,0.56,0.24,1,0,0.24,1
2025/11/13 20:21,clusterB,6,4,4,0,0,0,1,0,0,1
2025/11/13 20:22,clusterA,6,4,3,1,0.56,0.24,1,0,0.24,1
2025/11/13 20:22,clusterB,6,4,4,0,0,0,1,0,0,1
2025/11/13 20:22,clusterA,6,4,3,1,0.56,0.25,1,0,0.25,1
2025/11/13 20:22,clusterB,6,4,4,0,0,0,1,0,0,1
2025/11/13 20:22,clusterA,6,4,3,1,0.56,0.24,1,0,0.24,1
2025/11/13 20:22,clusterB,6,4,4,0,0,0,1,0,0,1
2025/11/13 20:22,clusterA,6,4,3,1,0.56,0.24,1,0,0.24,1
2025/11/13 20:22,clusterB,6,4,4,0,0,0,1,0,0,1
2025/11/13 20:22,clusterA,6,4,3,1,0.56,0.24,1,0,0.24,1
2025/11/13 20:22,clusterB,6,4,4,0,0,0,1,0,0,1
2025/11/13 20:22,clusterA,6,4,3,1,0.55,0.24,1,0,0.24,1
2025/11/13 20:22,clusterB,6,4,4,0,0,0,1,0,0,1
2025/11/13 20:22,clusterA,6,4,3,1,0.53,0.24,1,0,0.24,1
2025/11/13 20:22,clusterB,6,4,4,0,0,0,1,0,0,1
2025/11/13 20:22,clusterA,6,4,3,1,0.53,0.24,1,0,0.24,1
2025/11/13 20:22,clusterB,6,4,4,0,0,0,1,0,0,1
2025/11/13 20:22,clusterA,6,4,3,1,0.53,0.24,1,0,0.24,1
2025/11/13 20:22,clusterB,6,4,4,0,0,0,1,0,0,1
2025/11/13 20:22,clusterA,6,4,3,1,0.53,0.24,1,0,0.24,1
2025/11/13 20:22,clusterB,6,4,4,0,0,0,1,0,0,1
2025/11/13 20:22,clusterA,6,4,3,1,0.52,0.24,1,0,0.24,1
2025/11/13 20:22,clusterB,6,4,4,0,0,0,1,0,0,1
2025/11/13 20:22,clusterA,6,4,3,1,0.52,0.25,1,0,0.25,1
2025/11/13 20:22,clusterB,6,4,4,0,0,0,1,0,0,1
2025/11/13 20:23,clusterA,6,4,3,1,0.53,0.25,1,0,0.25,1
2025/11/13 20:23,clusterB,6,4,4,0,0,0,1,0,0,1
2025/11/13 20:23,clusterA,6,4,3,1,0.53,0.25,1,0,0.25,1
2025/11/13 20:23,clusterB,6,4,4,0,0,0,1,0,0,1
2025/11/13 20:23,clusterA,6,4,3,1,0.53,0.25,1,0,0.25,1
2025/11/13 20:23,clusterB,6,4,4,0,0,0,1,0,0,1
2025/11/13 20:23,clusterA,6,4,3,1,0.53,0.25,1,0,0.25,1
2025/11/13 20:23,clusterB,6,4,4,0,0,0,1,0,0,1
2025/11/13 20:23,clusterA,6,4,3,1,0.53,0.25,1,0,0.25,1
2025/11/13 20:23,clusterB,6,4,4,0,0,0,1,0,0,1
2025/11/13 20:23,clusterA,6,4,3,1,0.53,0.25,1,0,0.25,1
2025/11/13 20:23,clusterB,6,4,4,0,0,0,1,0,0,1
2025/11/13 20:23,clusterA,6,4,3,1,0.55,0.24,1,0,0.24,1
2025/11/13 20:23,clusterB,6,4,4,0,0,0,1,0,0,1
2025/11/13 20:23,clusterA,6,4,3,1,0.56,0.24,1,0,0.24,1
2025/11/13 20:23,clusterB,6,4,4,0,0,0,1,0,0,1
2025/11/13 20:23,clusterA,6,4,3,1,0.55,0.24,1,0,0.24,1
2025/11/13 20:23,clusterB,6,4,4,0,0,0,1,0,0,1
2025/11/13 20:23,clusterA,6,4,3,1,0.56,0.24,1,0,0.24,1
2025/11/13 20:23,clusterB,6,4,4,0,0,0,1,0,0,1
2025/11/13 20:23,clusterA,6,4,3,1,0.56,0.24,1,0,0.24,1
2025/11/13 20:23,clusterB,6,4,4,0,0,0,1,0,0,1
2025/11/13 20:23,clusterA,6,4,3,1,0.56,0.24,1,0,0.24,1
2025/11/13 20:23,clusterB,6,4,4,0,0,0,1,0,0,1
2025/11/13 20:24,clusterA,6,4,3,1,0.56,0.24,1,0,0.24,1
2025/11/13 20:24,clusterB,6,4,4,0,0,0,1,0,0,1
2025/11/13 20:24,clusterA,6,4,3,1,0.55,0.24,1,0,0.24,1
2025/11/13 20:24,clusterB,6,4,4,0,0,0,1,0,0,1
2025/11/13 20:24,clusterA,6,4,3,1,0.55,0.23,1,0,0.23,1
2025/11/13 20:24,clusterB,6,4,4,0,0,0,1,0,0,1
2025/11/13 20:24,clusterA,6,4,3,1,0.54,0.23,1,0,0.23,1
2025/11/13 20:24,clusterB,6,4,4,0,0,0,1,0,0,1
2025/11/13 20:24,clusterA,6,4,3,1,0.53,0.23,1,0,0.23,1
2025/11/13 20:24,clusterB,6,4,4,0,0,0,1,0,0,1
2025/11/13 20:24,clusterA,6,4,3,1,0.53,0.24,1,0,0.24,1
2025/11/13 20:24,clusterB,6,4,4,0,0,0,1,0,0,1
2025/11/13 20:24,clusterA,6,4,3,1,0.53,0.24,1,0,0.24,1
2025/11/13 20:24,clusterB,6,4,4,0,0,0,1,0,0,1
2025/11/13 20:24,clusterA,6,4,3,1,0.53,0.24,1,0,0.24,1
2025/11/13 20:24,clusterB,6,4,4,0,0,0,1,0,0,1
2025/11/13 20:24,clusterA,7,4,3,1,0.52,0.23,1,0,0.23,1
2025/11/13 20:24,clusterB,7,4,4,0,0,0,1,0,0,1
2025/11/13 20:24,clusterA,7,4,3,1,0.51,0.23,1,0,0.23,1
2025/11/13 20:24,clusterB,7,4,4,0,0,0,1,0,0,1
2025/11/13 20:24,clusterA,7,4,3,1,0.51,0.24,1,0,0.24,1
2025/11/13 20:24,clusterB,7,4,4,0,0,0,1,0,0,1
2025/11/13 20:24,clusterA,7,4,3,1,0.51,0.24,1,0,0.24,1
2025/11/13 20:24,clusterB,7,4,4,0,0,0,1,0,0,1
2025/11/13 20:25,clusterA,7,4,3,1,0.51,0.24,1,0,0.24,1
2025/11/13 20:25,clusterB,7,4,4,0,0,0,1,0,0,1
2025/11/13 20:25,clusterA,7,4,3,1,0.53,0.24,1,0,0.24,1
2025/11/13 20:25,clusterB,7,4,4,0,0,0,1,0,0,1
2025/11/13 20:25,clusterA,7,4,3,1,0.53,0.24,1,0,0.24,1
2025/11/13 20:25,clusterB,7,4,4,0,0,0,1,0,0,1
2025/11/13 20:25,clusterA,7,4,3,1,0.53,0.24,1,0,0.24,1
2025/11/13 20:25,clusterB,7,4,4,0,0,0,1,0,0,1
2025/11/13 20:25,clusterA,7,4,3,1,0.54,0.24,1,0,0.24,1
2025/11/13 20:25,clusterB,7,4,4,0,0,0,1,0,0,1
2025/11/13 20:25,clusterA,6,4,3,1,0.55,0.24,1,0,0.24,1
2025/11/13 20:25,clusterB,6,4,4,0,0,0,1,0,0,1
2025/11/13 20:25,clusterA,6,4,3,1,0.55,0.24,1,0,0.24,1
2025/11/13 20:25,clusterB,6,4,4,0,0,0,1,0,0,1
2025/11/13 20:25,clusterA,6,4,3,1,0.55,0.24,1,0,0.24,1
2025/11/13 20:25,clusterB,6,4,4,0,0,0,1,0,0,1
2025/11/13 20:25,clusterA,6,4,3,1,0.53,0.24,1,0,0.24,1
2025/11/13 20:25,clusterB,6,4,4,0,0,0,1,0,0,1
2025/11/13 20:25,clusterA,6,4,3,1,0.54,0.24,1,0,0.24,1
2025/11/13 20:25,clusterB,6,4,4,0,0,0,1,0,0,1
2025/11/13 20:25,clusterA,6,4,3,1,0.54,0.24,1,0,0.24,1
2025/11/13 20:25,clusterB,6,4,4,0,0,0,1,0,0,1
2025/11/13 20:25,clusterA,6,4,3,1,0.54,0.24,1,0,0.24,1
2025/11/13 20:25,clusterB,6,4,4,0,0,0,1,0,0,1
2025/11/13 20:26,clusterA,6,4,3,1,0.54,0.24,1,0,0.24,1
2025/11/13 20:26,clusterB,6,4,4,0,0,0,1,0,0,1
2025/11/13 20:26,clusterA,6,4,3,1,0.54,0.24,1,0,0.24,1
2025/11/13 20:26,clusterB,6,4,4,0,0,0,1,0,0,1
2025/11/13 20:26,clusterA,6,4,3,1,0.53,0.23,1,0,0.23,1
2025/11/13 20:26,clusterB,6,4,4,0,0,0,1,0,0,1
2025/11/13 20:26,clusterA,6,4,3,1,0.52,0.24,1,0,0.24,1
2025/11/13 20:26,clusterB,6,4,4,0,0,0,1,0,0,1
2025/11/13 20:26,clusterA,6,4,3,1,0.52,0.24,1,0,0.24,1
2025/11/13 20:26,clusterB,6,4,4,0,0,0,1,0,0,1
2025/11/13 20:26,clusterA,6,4,3,1,0.51,0.24,1,0,0.24,1
2025/11/13 20:26,clusterB,6,4,4,0,0,0,1,0,0,1
2025/11/13 20:26,clusterA,6,4,3,1,0.51,0.23,1,0,0.23,1
2025/11/13 20:26,clusterB,6,4,4,0,0,0,1,0,0,1
2025/11/13 20:26,clusterA,6,4,3,1,0.51,0.23,1,0,0.23,1
2025/11/13 20:26,clusterB,6,4,4,0,0,0,1,0,0,1
2025/11/13 20:26,clusterA,6,4,3,1,0.53,0.24,1,0,0.24,1
2025/11/13 20:26,clusterB,6,4,4,0,0,0,1,0,0,1
2025/11/13 20:26,clusterA,6,4,3,1,0.54,0.24,1,0,0.24,1
2025/11/13 20:26,clusterB,6,4,4,0,0,0,1,0,0,1
2025/11/13 20:26,clusterA,6,4,3,1,0.54,0.24,1,0,0.24,1
2025/11/13 20:26,clusterB,6,4,4,0,0,0,1,0,0,1
2025/11/13 20:26,clusterA,6,4,3,1,0.54,0.24,1,0,0.24,1
2025/11/13 20:26,clusterB,6,4,4,0,0,0,1,0,0,1
2025/11/13 20:27,clusterA,6,4,3,1,0.53,0.24,1,0,0.24,1
2025/11/13 20:27,clusterB,6,4,4,0,0,0,1,0,0,1
2025/11/13 20:27,clusterA,6,4,3,1,0.53,0.24,1,0,0.24,1
2025/11/13 20:27,clusterB,6,4,4,0,0,0,1,0,0,1
2025/11/13 20:27,clusterA,6,4,3,1,0.54,0.24,1,0,0.24,1
2025/11/13 20:27,clusterB,6,4,4,0,0,0,1,0,0,1
2025/11/13 20:27,clusterA,6,4,3,1,0.55,0.24,1,0,0.24,1
2025/11/13 20:27,clusterB,6,4,4,0,0,0,1,0,0,1
2025/11/13 20:27,clusterA,6,4,3,1,0.56,0.24,1,0,0.24,1
2025/11/13 20:27,clusterB,6,4,4,0,0,0,1,0,0,1
2025/11/13 20:27,clusterA,6,4,3,1,0.56,0.25,1,0,0.25,1
2025/11/13 20:27,clusterB,6,4,4,0,0,0,1,0,0,1
2025/11/13 20:27,clusterA,6,4,3,1,0.56,0.25,1,0,0.25,1
2025/11/13 20:27,clusterB,6,4,4,0,0,0,1,0,0,1
2025/11/13 20:27,clusterA,6,4,3,1,0.56,0.25,1,0,0.25,1
2025/11/13 20:27,clusterB,6,4,4,0,0,0,1,0,0,1
2025/11/13 20:27,clusterA,6,4,3,1,0.56,0.25,1,0,0.25,1
2025/11/13 20:27,clusterB,6,4,4,0,0,0,1,0,0,1
2025/11/13 20:27,clusterA,6,4,3,1,0.56,0.25,1,0,0.25,1
2025/11/13 20:27,clusterB,6,4,4,0,0,0,1,0,0,1
2025/11/13 20:27,clusterA,6,4,3,1,0.57,0.25,1,0,0.25,1
2025/11/13 20:27,clusterB,6,4,4,0,0,0,1,0,0,1
2025/11/13 20:27,clusterA,6,4,3,1,0.57,0.24,1,0,0.24,1
2025/11/13 20:27,clusterB,6,4,4,0,0,0,1,0,0,1
2025/11/13 20:28,clusterA,6,4,3,1,0.57,0.24,1,0,0.24,1
2025/11/13 20:28,clusterB,6,4,4,0,0,0,1,0,0,1
2025/11/13 20:28,clusterA,6,4,3,1,0.57,0.24,1,0,0.24,1
2025/11/13 20:28,clusterB,6,4,4,0,0,0,1,0,0,1
2025/11/13 20:28,clusterA,6,4,3,1,0.57,0.24,1,0,0.24,1
2025/11/13 20:28,clusterB,6,4,4,0,0,0,1,0,0,1
2025/11/13 20:28,clusterA,6,4,3,1,0.56,0.24,1,0,0.24,1
2025/11/13 20:28,clusterB,6,4,4,0,0,0,1,0,0,1
2025/11/13 20:28,clusterA,6,4,3,1,0.55,0.24,1,0,0.24,1
2025/11/13 20:28,clusterB,6,4,4,0,0,0,1,0,0,1
2025/11/13 20:28,clusterA,6,4,3,1,0.55,0.24,1,0,0.24,1
2025/11/13 20:28,clusterB,6,4,4,0,0,0,1,0,0,1
2025/11/13 20:28,clusterA,6,4,3,1,0.55,0.24,1,0,0.24,1
2025/11/13 20:28,clusterB,6,4,4,0,0,0,1,0,0,1
2025/11/13 20:28,clusterA,6,4,3,1,0.55,0.24,1,0,0.24,1
2025/11/13 20:28,clusterB,6,4,4,0,0,0,1,0,0,1
2025/11/13 20:28,clusterA,6,4,3,1,0.55,0.24,1,0,0.24,1
2025/11/13 20:28,clusterB,6,4,4,0,0,0,1,0,0,1
2025/11/13 20:28,clusterA,6,4,3,1,0.55,0.24,1,0,0.24,1
2025/11/13 20:28,clusterB,6,4,4,0,0,0,1,0,0,1
2025/11/13 20:28,clusterA,6,4,3,1,0.56,0.24,1,0,0.24,1
2025/11/13 20:28,clusterB,6,4,4,0,0,0,1,0,0,1
2025/11/13 20:28,clusterA,6,4,3,1,0.55,0.24,1,0,0.24,1
2025/11/13 20:28,clusterB,6,4,4,0,0,0,1,0,0,1
2025/11/13 20:29,clusterA,6,4,3,1,0.55,0.24,1,0,0.24,1
2025/11/13 20:29,clusterB,6,4,4,0,0,0,1,0,0,1
2025/11/13 20:29,clusterA,6,4,3,1,0.55,0.25,1,0,0.25,1
2025/11/13 20:29,clusterB,6,4,4,0,0,0,1,0,0,1
2025/11/13 20:29,clusterA,6,4,3,1,0.54,0.25,1,0,0.25,1
2025/11/13 20:29,clusterB,6,4,4,0,0,0,1,0,0,1
2025/11/13 20:29,clusterA,6,4,3,1,0.56,0.25,1,0,0.25,1
2025/11/13 20:29,clusterB,6,4,4,0,0,0,1,0,0,1
2025/11/13 20:29,clusterA,6,4,3,1,0.57,0.25,1,0,0.25,1
2025/11/13 20:29,clusterB,6,4,4,0,0,0,1,0,0,1
2025/11/13 20:29,clusterA,6,4,3,1,0.56,0.25,1,0,0.25,1
2025/11/13 20:29,clusterB,6,4,4,0,0,0,1,0,0,1
2025/11/13 20:29,clusterA,6,4,3,1,0.56,0.24,1,0,0.24,1
2025/11/13 20:29,clusterB,6,4,4,0,0,0,1,0,0,1
2025/11/13 20:29,clusterA,6,4,3,1,0.56,0.24,1,0,0.24,1
2025/11/13 20:29,clusterB,6,4,4,0,0,0,1,0,0,1
2025/11/13 20:29,clusterA,6,4,3,1,0.55,0.24,1,0,0.24,1
2025/11/13 20:29,clusterB,6,4,4,0,0,0,1,0,0,1
2025/11/13 20:29,clusterA,6,4,3,1,0.55,0.24,1,0,0.24,1
2025/11/13 20:29,clusterB,6,4,4,0,0,0,1,0,0,1
2025/11/13 20:29,clusterA,6,4,3,1,0.55,0.24,1,0,0.24,1
2025/11/13 20:29,clusterB,6,4,4,0,0,0,1,0,0,1
2025/11/13 20:30,clusterA,6,4,3,1,0.55,0.23,1,0,0.23,1
2025/11/13 20:30,clusterB,6,4,4,0,0,0,1,0,0,1
2025/11/13 20:30,clusterA,6,4,3,1,0.56,0.23,1,0,0.23,1
2025/11/13 20:30,clusterB,6,4,4,0,0,0,1,0,0,1
2025/11/13 20:30,clusterA,6,4,3,1,0.55,0.23,1,0,0.23,1
2025/11/13 20:30,clusterB,6,4,4,0,0,0,1,0,0,1
2025/11/13 20:30,clusterA,5,4,3,1,0.55,0.23,1,0,0.23,1
2025/11/13 20:30,clusterB,5,4,4,0,0,0,1,0,0,1
2025/11/13 20:30,clusterA,4,4,3,1,0.56,0.23,1,0,0.23,1
2025/11/13 20:30,clusterB,4,4,4,0,0,0,1,0,0,1
2025/11/13 20:30,clusterA,3,4,3,1,0.55,0.23,0.75,0.02,0.23,0.75
2025/11/13 20:30,clusterB,3,4,4,0,0,0,0.75,0.25,0,0.75
2025/11/13 20:30,clusterA,3,4,3,1,0.56,0.24,0.75,0.01,0.24,0.75
2025/11/13 20:30,clusterB,3,4,4,0,0,0,0.75,0.25,0,0.75
2025/11/13 20:30,clusterA,3,4,3,1,0.55,0.24,0.75,0.01,0.24,0.75
2025/11/13 20:30,clusterB,3,4,4,0,0,0,0.75,0.25,0,0.75
2025/11/13 20:30,clusterA,3,4,3,1,0.55,0.24,0.75,0.01,0.24,0.75
2025/11/13 20:30,clusterB,3,4,4,0,0,0,0.75,0.25,0,0.75
2025/11/13 20:30,clusterA,3,4,3,1,0.55,0.24,0.75,0.01,0.24,0.75
2025/11/13 20:30,clusterB,3,4,4,0,0,0,0.75,0.25,0,0.75
2025/11/13 20:30,clusterA,3,4,3,1,0.55,0.24,0.75,0.01,0.24,0.75
2025/11/13 20:30,clusterB,3,4,4,0,0,0,0.75,0.25,0,0.75
2025/11/13 20:31,clusterA,3,4,3,1,0.55,0.24,0.75,0.01,0.24,0.75
2025/11/13 20:31,clusterB,3,4,4,0,0,0,0.75,0.25,0,0.75
2025/11/13 20:31,clusterA,3,4,3,1,0.55,0.25,0.75,0,0.25,0.75
2025/11/13 20:31,clusterB,3,4,4,0,0,0,0.75,0.25,0,0.75
2025/11/13 20:31,clusterA,3,4,3,1,0.56,0.25,0.75,0,0.25,0.75
2025/11/13 20:31,clusterB,3,4,4,0,0,0,0.75,0.25,0,0.75
2025/11/13 20:31,clusterA,3,4,3,1,0.56,0.25,0.75,0,0.25,0.75
2025/11/13 20:31,clusterB,3,4,4,0,0,0,0.75,0.25,0,0.75
2025/11/13 20:31,clusterA,3,4,3,1,0.57,0.25,0.75,0,0.25,0.75
2025/11/13 20:31,clusterB,3,4,4,0,0,0,0.75,0.25,0,0.75
2025/11/13 20:31,clusterA,3,4,3,1,0.57,0.25,0.75,0,0.25,0.75
2025/11/13 20:31,clusterB,3,4,4,0,0,0,0.75,0.25,0,0.75
2025/11/13 20:31,clusterA,3,4,3,1,0.58,0.25,0.75,0,0.25,0.75
2025/11/13 20:31,clusterB,3,4,4,0,0,0,0.75,0.25,0,0.75
2025/11/13 20:31,clusterA,3,4,3,1,0.57,0.25,0.75,0,0.25,0.75
2025/11/13 20:31,clusterB,3,4,4,0,0,0,0.75,0.25,0,0.75
2025/11/13 20:31,clusterA,3,4,3,1,0.58,0.25,0.75,0,0.25,0.75
2025/11/13 20:31,clusterB,3,4,4,0,0,0,0.75,0.25,0,0.75
2025/11/13 20:31,clusterA,3,4,3,1,0.58,0.25,0.75,0,0.25,0.75
2025/11/13 20:31,clusterB,3,4,4,0,0,0,0.75,0.25,0,0.75
2025/11/13 20:31,clusterA,3,4,3,1,0.58,0.25,0.75,0,0.25,0.75
2025/11/13 20:31,clusterB,3,4,4,0,0,0,0.75,0.25,0,0.75
2025/11/13 20:31,clusterA,3,4,3,1,0.57,0.25,0.75,0,0.25,0.75
2025/11/13 20:31,clusterB,3,4,4,0,0,0,0.75,0.25,0,0.75
2025/11/13 20:32,clusterA,3,4,3,1,0.56,0.25,0.75,0,0.25,0.75
2025/11/13 20:32,clusterB,3,4,4,0,0,0,0.75,0.25,0,0.75
2025/11/13 20:32,clusterA,3,4,3,1,0.54,0.24,0.75,0.01,0.24,0.75
2025/11/13 20:32,clusterB,3,4,4,0,0,0,0.75,0.25,0,0.75
2025/11/13 20:32,clusterA,3,4,3,1,0.54,0.24,0.75,0.01,0.24,0.75
2025/11/13 20:32,clusterB,3,4,4,0,0,0,0.75,0.25,0,0.75
2025/11/13 20:32,clusterA,3,4,3,1,0.54,0.24,0.75,0.01,0.24,0.75
2025/11/13 20:32,clusterB,3,4,4,0,0,0,0.75,0.25,0,0.75
2025/11/13 20:32,clusterA,3,4,3,1,0.54,0.24,0.75,0.01,0.24,0.75
2025/11/13 20:32,clusterB,3,4,4,0,0,0,0.75,0.25,0,0.75
2025/11/13 20:32,clusterA,3,4,3,1,0.53,0.24,0.75,0.01,0.24,0.75
2025/11/13 20:32,clusterB,3,4,4,0,0,0,0.75,0.25,0,0.75
2025/11/13 20:32,clusterA,2,4,4,0,0.49,0.23,0.5,0.27,0.23,0.5
2025/11/13 20:32,clusterB,2,4,4,0,0,0,0.5,0.5,0,0.5
2025/11/13 20:32,clusterA,2,4,2,2,0.46,0.22,0.5,0.28,0.22,0.5
2025/11/13 20:32,clusterB,2,4,4,0,0,0,0.5,0.5,0,0.5
2025/11/13 20:32,clusterA,1,4,3,1,0.45,0.21,0.25,0.54,0.21,0.25
2025/11/13 20:32,clusterB,1,4,4,0,0,0,0.25,0.75,0,0.25
2025/11/13 20:32,clusterA,1,4,3,1,0.42,0.21,0.25,0.54,0.21,0.25
2025/11/13 20:32,clusterB,1,4,4,0,0,0,0.25,0.75,0,0.25
2025/11/13 20:32,clusterA,1,4,3,1,0.42,0.2,0.25,0.55,0.2,0.25
2025/11/13 20:32,clusterB,1,4,4,0,0,0,0.25,0.75,0,0.25
2025/11/13 20:33,clusterA,1,4,3,1,0.43,0.2,0.25,0.55,0.2,0.25
2025/11/13 20:33,clusterB,1,4,4,0,0,0,0.25,0.75,0,0.25
2025/11/13 20:33,clusterA,1,4,3,1,0.44,0.2,0.25,0.55,0.2,0.25
2025/11/13 20:33,clusterB,1,4,4,0,0,0,0.25,0.75,0,0.25
2025/11/13 20:33,clusterA,1,4,3,1,0.45,0.2,0.25,0.55,0.2,0.25
2025/11/13 20:33,clusterB,1,4,4,0,0,0,0.25,0.75,0,0.25
2025/11/13 20:33,clusterA,1,4,3,1,0.45,0.2,0.25,0.55,0.2,0.25
2025/11/13 20:33,clusterB,1,4,4,0,0,0,0.25,0.75,0,0.25
2025/11/13 20:33,clusterA,1,4,3,1,0.45,0.2,0.25,0.55,0.2,0.25
2025/11/13 20:33,clusterB,1,4,2,2,0,0,0.25,0.75,0,0.25
2025/11/13 20:33,clusterA,0,4,3,1,0.47,0.2,0,0.8,0.2,0
2025/11/13 20:33,clusterB,0,4,2,2,0,0,0,1,0,0
2025/11/13 20:33,clusterA,0,4,3,1,0.5,0.21,0,0.79,0.21,0
2025/11/13 20:33,clusterB,0,4,2,2,0,0,0,1,0,0
2025/11/13 20:33,clusterA,0,4,3,1,0.52,0.22,0,0.78,0.22,0
2025/11/13 20:33,clusterB,0,4,2,2,0,0,0,1,0,0
2025/11/13 20:33,clusterA,0,4,3,1,0.54,0.23,0,0.77,0.23,0
2025/11/13 20:33,clusterB,0,4,2,2,0,0,0,1,0,0
2025/11/13 20:33,clusterA,0,4,3,1,0.57,0.23,0,0.77,0.23,0
2025/11/13 20:33,clusterB,0,4,2,2,0,0,0,1,0,0
2025/11/13 20:33,clusterA,0,4,3,1,0.58,0.24,0,0.76,0.24,0
2025/11/13 20:33,clusterB,0,4,2,2,0,0,0,1,0,0
2025/11/13 20:34,clusterA,0,4,3,1,0.58,0.24,0,0.76,0.24,0
2025/11/13 20:34,clusterB,0,4,2,2,0,0,0,1,0,0
2025/11/13 20:34,clusterA,0,4,3,1,0.58,0.24,0,0.76,0.24,0
2025/11/13 20:34,clusterB,0,4,2,2,0,0,0,1,0,0
2025/11/13 20:34,clusterA,0,4,3,1,0.58,0.24,0,0.76,0.24,0
2025/11/13 20:34,clusterB,0,4,2,2,0,0,0,1,0,0
2025/11/13 20:34,clusterA,0,4,3,1,0.56,0.23,0,0.77,0.23,0
2025/11/13 20:34,clusterB,0,4,2,2,0,0,0,1,0,0
2025/11/13 20:34,clusterA,0,4,3,1,0.56,0.23,0,0.77,0.23,0
2025/11/13 20:34,clusterB,0,4,2,2,0,0,0,1,0,0
2025/11/13 20:34,clusterA,0,4,3,1,0.56,0.23,0,0.77,0.23,0
2025/11/13 20:34,clusterB,0,4,2,2,0,0,0,1,0,0
2025/11/13 20:34,clusterA,0,4,3,1,0.56,0.23,0,0.77,0.23,0
2025/11/13 20:34,clusterB,0,4,2,2,0,0,0,1,0,0
2025/11/13 20:34,clusterA,0,4,3,1,0.55,0.23,0,0.77,0.23,0
2025/11/13 20:34,clusterB,0,4,2,2,0,0,0,1,0,0
2025/11/13 20:34,clusterA,0,4,3,1,0.54,0.22,0,0.78,0.22,0
2025/11/13 20:34,clusterB,0,4,2,2,0,0,0,1,0,0
2025/11/13 20:34,clusterA,0,4,3,1,0.53,0.23,0,0.77,0.23,0
2025/11/13 20:34,clusterB,0,4,2,2,0,0,0,1,0,0
2025/11/13 20:34,clusterA,0,4,3,1,0.53,0.23,0,0.77,0.23,0
2025/11/13 20:34,clusterB,0,4,2,2,0,0,0,1,0,0
2025/11/13 20:34,clusterA,0,4,3,1,0.52,0.23,0,0.77,0.23,0
2025/11/13 20:34,clusterB,0,4,2,2,0,0,0,1,0,0
2025/11/13 20:35,clusterA,0,4,3,1,0.52,0.23,0,0.77,0.23,0
2025/11/13 20:35,clusterB,0,4,2,2,0,0,0,1,0,0
2025/11/13 20:35,clusterA,0,4,3,1,0.51,0.23,0,0.77,0.23,0
2025/11/13 20:35,clusterB,0,4,2,2,0,0,0,1,0,0
2025/11/13 20:35,clusterA,0,4,3,1,0.51,0.23,0,0.77,0.23,0
2025/11/13 20:35,clusterB,0,4,2,2,0,0,0,1,0,0
2025/11/13 20:35,clusterA,0,4,3,1,0.52,0.23,0,0.77,0.23,0
2025/11/13 20:35,clusterB,0,4,2,2,0,0,0,1,0,0
2025/11/13 20:35,clusterA,0,4,3,1,0.52,0.23,0,0.77,0.23,0
2025/11/13 20:35,clusterB,0,4,2,2,0,0,0,1,0,0
2025/11/13 20:35,clusterA,0,4,3,1,0.52,0.23,0,0.77,0.23,0
2025/11/13 20:35,clusterB,0,4,2,2,0,0,0,1,0,0
2025/11/13 20:35,clusterA,0,4,3,1,0.52,0.23,0,0.77,0.23,0
2025/11/13 20:35,clusterB,0,4,2,2,0,0,0,1,0,0
2025/11/13 20:35,clusterA,0,4,3,1,0.51,0.23,0,0.77,0.23,0
2025/11/13 20:35,clusterB,0,4,2,2,0,0,0,1,0,0
2025/11/13 20:35,clusterA,0,4,3,1,0.52,0.23,0,0.77,0.23,0
2025/11/13 20:35,clusterB,0,4,2,2,0,0,0,1,0,0
2025/11/13 20:35,clusterA,0,4,3,1,0.54,0.23,0,0.77,0.23,0
2025/11/13 20:35,clusterB,0,4,2,2,0,0,0,1,0,0
2025/11/13 20:35,clusterA,0,4,3,1,0.54,0.24,0,0.76,0.24,0
2025/11/13 20:35,clusterB,0,4,2,2,0,0,0,1,0,0
2025/11/13 20:35,clusterA,0,4,3,1,0.55,0.24,0,0.76,0.24,0
2025/11/13 20:35,clusterB,0,4,2,2,0,0,0,1,0,0
2025/11/13 20:36,clusterA,0,4,3,1,0.55,0.24,0,0.76,0.24,0
2025/11/13 20:36,clusterB,0,4,2,2,0,0,0,1,0,0
2025/11/13 20:36,clusterA,0,4,3,1,0.56,0.24,0,0.76,0.24,0
2025/11/13 20:36,clusterB,0,4,2,2,0,0,0,1,0,0
2025/11/13 20:36,clusterA,0,4,3,1,0.56,0.23,0,0.77,0.23,0
2025/11/13 20:36,clusterB,0,4,2,2,0,0,0,1,0,0
2025/11/13 20:36,clusterA,0,4,3,1,0.57,0.24,0,0.76,0.24,0
2025/11/13 20:36,clusterB,0,4,2,2,0,0,0,1,0,0
2025/11/13 20:36,clusterA,0,4,3,1,0.57,0.24,0,0.76,0.24,0
2025/11/13 20:36,clusterB,0,4,2,2,0,0,0,1,0,0
2025/11/13 20:36,clusterA,0,4,3,1,0.57,0.24,0,0.76,0.24,0
2025/11/13 20:36,clusterB,0,4,2,2,0,0,0,1,0,0
2025/11/13 20:36,clusterA,0,4,3,1,0.57,0.24,0,0.76,0.24,0
2025/11/13 20:36,clusterB,0,4,2,2,0,0,0,1,0,0
2025/11/13 20:36,clusterA,0,4,3,1,0.57,0.23,0,0.77,0.23,0
2025/11/13 20:36,clusterB,0,4,2,2,0,0,0,1,0,0
2025/11/13 20:36,clusterA,0,4,3,1,0.57,0.23,0,0.77,0.23,0
2025/11/13 20:36,clusterB,0,4,2,2,0,0,0,1,0,0
2025/11/13 20:36,clusterA,0,4,3,1,0.57,0.23,0,0.77,0.23,0
2025/11/13 20:36,clusterB,0,4,2,2,0,0,0,1,0,0
2025/11/13 20:36,clusterA,0,4,3,1,0.57,0.23,0,0.77,0.23,0
2025/11/13 20:36,clusterB,0,4,2,2,0,0,0,1,0,0
2025/11/13 20:36,clusterA,0,4,3,1,0.54,0.23,0,0.77,0.23,0
2025/11/13 20:36,clusterB,0,4,2,2,0,0,0,1,0,0
2025/11/13 20:37,clusterA,0,4,3,1,0.54,0.23,0,0.77,0.23,0
2025/11/13 20:37,clusterB,0,4,2,2,0,0,0,1,0,0
2025/11/13 20:37,clusterA,0,4,3,1,0.54,0.23,0,0.77,0.23,0
2025/11/13 20:37,clusterB,0,4,2,2,0,0,0,1,0,0
2025/11/13 20:37,clusterA,0,4,3,1,0.54,0.23,0,0.77,0.23,0
2025/11/13 20:37,clusterB,0,4,2,2,0,0,0,1,0,0
2025/11/13 20:37,clusterA,0,4,3,1,0.54,0.23,0,0.77,0.23,0
2025/11/13 20:37,clusterB,0,4,2,2,0,0,0,1,0,0
2025/11/13 20:37,clusterA,0,4,3,1,0.54,0.23,0,0.77,0.23,0
2025/11/13 20:37,clusterB,0,4,2,2,0,0,0,1,0,0
2025/11/13 20:37,clusterA,0,4,3,1,0.54,0.23,0,0.77,0.23,0
2025/11/13 20:37,clusterB,0,4,2,2,0,0,0,1,0,0
2025/11/13 20:37,clusterA,0,4,3,1,0.54,0.23,0,0.77,0.23,0
2025/11/13 20:37,clusterB,0,4,2,2,0,0,0,1,0,0
2025/11/13 20:37,clusterA,0,4,3,1,0.54,0.23,0,0.77,0.23,0
2025/11/13 20:37,clusterB,0,4,2,2,0,0,0,1,0,0
2025/11/13 20:37,clusterA,0,4,3,1,0.54,0.23,0,0.77,0.23,0
2025/11/13 20:37,clusterB,0,4,2,2,0,0,0,1,0,0
2025/11/13 20:37,clusterA,0,4,3,1,0.53,0.23,0,0.77,0.23,0
2025/11/13 20:37,clusterB,0,4,2,2,0,0,0,1,0,0
2025/11/13 20:37,clusterA,0,4,3,1,0.53,0.23,0,0.77,0.23,0
2025/11/13 20:37,clusterB,0,4,2,2,0,0,0,1,0,0
2025/11/13 20:37,clusterA,0,4,3,1,0.54,0.23,0,0.77,0.23,0
2025/11/13 20:37,clusterB,0,4,2,2,0,0,0,1,0,0
2025/11/13 20:38,clusterA,0,4,3,1,0.56,0.24,0,0.76,0.24,0
2025/11/13 20:38,clusterB,0,4,2,2,0,0,0,1,0,0
2025/11/13 20:38,clusterA,0,4,3,1,0.56,0.24,0,0.76,0.24,0
2025/11/13 20:38,clusterB,0,4,2,2,0,0,0,1,0,0
2025/11/13 20:38,clusterA,0,4,3,1,0.56,0.24,0,0.76,0.24,0
2025/11/13 20:38,clusterB,0,4,2,2,0,0,0,1,0,0
2025/11/13 20:38,clusterA,0,4,3,1,0.56,0.23,0,0.77,0.23,0
2025/11/13 20:38,clusterB,0,4,2,2,0,0,0,1,0,0
2025/11/13 20:38,clusterA,0,4,3,1,0.54,0.23,0,0.77,0.23,0
2025/11/13 20:38,clusterB,0,4,2,2,0,0,0,1,0,0
2025/11/13 20:38,clusterA,0,4,3,1,0.54,0.23,0,0.77,0.23,0
2025/11/13 20:38,clusterB,0,4,2,2,0,0,0,1,0,0
2025/11/13 20:38,clusterA,0,4,3,1,0.52,0.23,0,0.77,0.23,0
2025/11/13 20:38,clusterB,0,4,2,2,0,0,0,1,0,0
2025/11/13 20:38,clusterA,0,4,3,1,0.52,0.23,0,0.77,0.23,0
2025/11/13 20:38,clusterB,0,4,2,2,0,0,0,1,0,0
2025/11/13 20:38,clusterA,0,4,3,1,0.53,0.23,0,0.77,0.23,0
2025/11/13 20:38,clusterB,0,4,2,2,0,0,0,1,0,0
2025/11/13 20:38,clusterA,0,4,3,1,0.53,0.23,0,0.77,0.23,0
2025/11/13 20:38,clusterB,0,4,2,2,0,0,0,1,0,0
2025/11/13 20:38,clusterA,0,4,3,1,0.53,0.23,0,0.77,0.23,0
2025/11/13 20:38,clusterB,0,4,2,2,0,0,0,1,0,0
2025/11/13 20:38,clusterA,0,4,3,1,0.52,0.23,0,0.77,0.23,0
2025/11/13 20:38,clusterB,0,4,2,2,0,0,0,1,0,0
2025/11/13 20:39,clusterA,0,4,3,1,0.51,0.23,0,0.77,0.23,0
2025/11/13 20:39,clusterB,0,4,2,2,0,0,0,1,0,0
2025/11/13 20:39,clusterA,0,4,3,1,0.52,0.23,0,0.77,0.23,0
2025/11/13 20:39,clusterB,0,4,2,2,0,0,0,1,0,0
2025/11/13 20:39,clusterA,0,4,3,1,0.52,0.23,0,0.77,0.23,0
2025/11/13 20:39,clusterB,0,4,2,2,0,0,0,1,0,0
2025/11/13 20:39,clusterA,0,4,3,1,0.52,0.23,0,0.77,0.23,0
2025/11/13 20:39,clusterB,0,4,2,2,0,0,0,1,0,0
2025/11/13 20:39,clusterA,0,4,3,1,0.53,0.23,0,0.77,0.23,0
2025/11/13 20:39,clusterB,0,4,2,2,0,0,0,1,0,0
2025/11/13 20:39,clusterA,0,4,3,1,0.52,0.23,0,0.77,0.23,0
2025/11/13 20:39,clusterB,0,4,2,2,0,0,0,1,0,0
2025/11/13 20:39,clusterA,0,4,3,1,0.54,0.23,0,0.77,0.23,0
2025/11/13 20:39,clusterB,0,4,2,2,0,0,0,1,0,0
2025/11/13 20:39,clusterA,0,4,3,1,0.54,0.23,0,0.77,0.23,0
2025/11/13 20:39,clusterB,0,4,2,2,0,0,0,1,0,0
2025/11/13 20:39,clusterA,0,4,3,1,0.53,0.23,0,0.77,0.23,0
2025/11/13 20:39,clusterB,0,4,2,2,0,0,0,1,0,0
2025/11/13 20:39,clusterA,0,4,3,1,0.53,0.23,0,0.77,0.23,0
2025/11/13 20:39,clusterB,0,4,2,2,0,0,0,1,0,0
2025/11/13 20:39,clusterA,0,4,3,1,0.53,0.23,0,0.77,0.23,0
2025/11/13 20:39,clusterB,0,4,2,2,0,0,0,1,0,0
2025/11/13 20:39,clusterA,0,4,3,1,0.54,0.24,0,0.76,0.24,0
2025/11/13 20:39,clusterB,0,4,2,2,0,0,0,1,0,0
2025/11/13 20:40,clusterA,0,4,3,1,0.55,0.24,0,0.76,0.24,0
2025/11/13 20:40,clusterB,0,4,2,2,0,0,0,1,0,0
2025/11/13 20:40,clusterA,0,4,3,1,0.55,0.24,0,0.76,0.24,0
2025/11/13 20:40,clusterB,0,4,2,2,0,0,0,1,0,0
2025/11/13 20:40,clusterA,0,4,3,1,0.55,0.24,0,0.76,0.24,0
2025/11/13 20:40,clusterB,0,4,2,2,0,0,0,1,0,0
2025/11/13 20:40,clusterA,0,4,3,1,0.55,0.24,0,0.76,0.24,0
2025/11/13 20:40,clusterB,0,4,2,2,0,0,0,1,0,0
2025/11/13 20:40,clusterA,0,4,3,1,0.55,0.24,0,0.76,0.24,0
2025/11/13 20:40,clusterB,0,4,2,2,0,0,0,1,0,0
2025/11/13 20:40,clusterA,0,4,3,1,0.56,0.24,0,0.76,0.24,0
2025/11/13 20:40,clusterB,0,4,2,2,0,0,0,1,0,0
2025/11/13 20:40,clusterA,0,4,3,1,0.56,0.24,0,0.76,0.24,0
2025/11/13 20:40,clusterB,0,4,2,2,0,0,0,1,0,0
2025/11/13 20:40,clusterA,0,4,3,1,0.56,0.24,0,0.76,0.24,0
2025/11/13 20:40,clusterB,0,4,2,2,0,0,0,1,0,0
2025/11/13 20:40,clusterA,0,4,3,1,0.57,0.24,0,0.76,0.24,0
2025/11/13 20:40,clusterB,0,4,2,2,0,0,0,1,0,0
2025/11/13 20:40,clusterA,0,4,3,1,0.57,0.24,0,0.76,0.24,0
2025/11/13 20:40,clusterB,0,4,2,2,0,0,0,1,0,0
2025/11/13 20:40,clusterA,0,4,3,1,0.57,0.24,0,0.76,0.24,0
2025/11/13 20:40,clusterB,0,4,2,2,0,0,0,1,0,0
2025/11/13 20:40,clusterA,0,4,3,1,0.57,0.24,0,0.76,0.24,0
2025/11/13 20:40,clusterB,0,4,2,2,0,0,0,1,0,0
2025/11/13 20:41,clusterA,0,4,3,1,0.57,0.24,0,0.76,0.24,0
2025/11/13 20:41,clusterB,0,4,2,2,0,0,0,1,0,0
2025/11/13 20:41,clusterA,0,4,3,1,0.56,0.23,0,0.77,0.23,0
2025/11/13 20:41,clusterB,0,4,2,2,0,0,0,1,0,0
2025/11/13 20:41,clusterA,0,4,3,1,0.56,0.23,0,0.77,0.23,0
2025/11/13 20:41,clusterB,0,4,2,2,0,0,0,1,0,0
2025/11/13 20:41,clusterA,0,4,3,1,0.56,0.23,0,0.77,0.23,0
2025/11/13 20:41,clusterB,0,4,2,2,0,0,0,1,0,0
2025/11/13 20:41,clusterA,0,4,3,1,0.56,0.23,0,0.77,0.23,0
2025/11/13 20:41,clusterB,0,4,2,2,0,0,0,1,0,0
2025/11/13 20:41,clusterA,0,4,3,1,0.56,0.23,0,0.77,0.23,0
2025/11/13 20:41,clusterB,0,4,2,2,0,0,0,1,0,0
2025/11/13 20:41,clusterA,0,4,3,1,0.56,0.23,0,0.77,0.23,0
2025/11/13 20:41,clusterB,0,4,2,2,0,0,0,1,0,0
2025/11/13 20:41,clusterA,0,4,3,1,0.56,0.23,0,0.77,0.23,0
2025/11/13 20:41,clusterB,0,4,2,2,0,0,0,1,0,0
2025/11/13 20:41,clusterA,0,4,3,1,0.55,0.23,0,0.77,0.23,0
2025/11/13 20:41,clusterB,0,4,2,2,0,0,0,1,0,0
2025/11/13 20:41,clusterA,0,4,3,1,0.55,0.23,0,0.77,0.23,0
2025/11/13 20:41,clusterB,0,4,2,2,0,0,0,1,0,0
2025/11/13 20:41,clusterA,0,4,3,1,0.55,0.23,0,0.77,0.23,0
2025/11/13 20:41,clusterB,0,4,2,2,0,0,0,1,0,0
2025/11/13 20:41,clusterA,0,4,3,1,0.55,0.23,0,0.77,0.23,0
2025/11/13 20:41,clusterB,0,4,2,2,0,0,0,1,0,0
2025/11/13 20:42,clusterA,0,4,3,1,0.55,0.23,0,0.77,0.23,0
2025/11/13 20:42,clusterB,0,4,2,2,0,0,0,1,0,0
2025/11/13 20:42,clusterA,0,4,3,1,0.56,0.24,0,0.76,0.24,0
2025/11/13 20:42,clusterB,0,4,2,2,0,0,0,1,0,0
2025/11/13 20:42,clusterA,0,4,3,1,0.56,0.23,0,0.77,0.23,0
2025/11/13 20:42,clusterB,0,4,2,2,0,0,0,1,0,0
2025/11/13 20:42,clusterA,0,4,3,1,0.56,0.23,0,0.77,0.23,0
2025/11/13 20:42,clusterB,0,4,2,2,0,0,0,1,0,0
2025/11/13 20:42,clusterA,0,4,3,1,0.56,0.24,0,0.76,0.24,0
2025/11/13 20:42,clusterB,0,4,2,2,0,0,0,1,0,0
2025/11/13 20:42,clusterA,0,4,3,1,0.55,0.23,0,0.77,0.23,0
2025/11/13 20:42,clusterB,0,4,2,2,0,0,0,1,0,0
2025/11/13 20:42,clusterA,0,4,3,1,0.54,0.23,0,0.77,0.23,0
2025/11/13 20:42,clusterB,0,4,2,2,0,0,0,1,0,0
2025/11/13 20:42,clusterA,0,4,3,1,0.54,0.23,0,0.77,0.23,0
2025/11/13 20:42,clusterB,0,4,2,2,0,0,0,1,0,0
2025/11/13 20:42,clusterA,0,4,3,1,0.54,0.23,0,0.77,0.23,0
2025/11/13 20:42,clusterB,0,4,2,2,0,0,0,1,0,0
2025/11/13 20:42,clusterA,0,4,3,1,0.56,0.24,0,0.76,0.24,0
2025/11/13 20:42,clusterB,0,4,2,2,0,0,0,1,0,0
2025/11/13 20:42,clusterA,0,4,3,1,0.55,0.24,0,0.76,0.24,0
2025/11/13 20:42,clusterB,0,4,2,2,0,0,0,1,0,0
2025/11/13 20:42,clusterA,0,4,3,1,0.55,0.24,0,0.76,0.24,0
2025/11/13 20:42,clusterB,0,4,2,2,0,0,0,1,0,0
2025/11/13 20:43,clusterA,0,4,3,1,0.55,0.23,0,0.77,0.23,0
2025/11/13 20:43,clusterB,0,4,2,2,0,0,0,1,0,0
2025/11/13 20:43,clusterA,0,4,3,1,0.55,0.23,0,0.77,0.23,0
2025/11/13 20:43,clusterB,0,4,2,2,0,0,0,1,0,0
2025/11/13 20:43,clusterA,0,4,3,1,0.55,0.23,0,0.77,0.23,0
2025/11/13 20:43,clusterB,0,4,2,2,0,0,0,1,0,0
2025/11/13 20:43,clusterA,0,4,3,1,0.54,0.23,0,0.77,0.23,0
2025/11/13 20:43,clusterB,0,4,2,2,0,0,0,1,0,0
2025/11/13 20:43,clusterA,0,4,3,1,0.53,0.23,0,0.77,0.23,0
2025/11/13 20:43,clusterB,0,4,2,2,0,0,0,1,0,0
2025/11/13 20:43,clusterA,0,4,3,1,0.54,0.23,0,0.77,0.23,0
2025/11/13 20:43,clusterB,0,4,2,2,0,0,0,1,0,0
2025/11/13 20:43,clusterA,0,4,3,1,0.55,0.23,0,0.77,0.23,0
2025/11/13 20:43,clusterB,0,4,2,2,0,0,0,1,0,0
2025/11/13 20:43,clusterA,0,4,3,1,0.55,0.23,0,0.77,0.23,0
2025/11/13 20:43,clusterB,0,4,2,2,0,0,0,1,0,0
2025/11/13 20:43,clusterA,0,4,3,1,0.56,0.23,0,0.77,0.23,0
2025/11/13 20:43,clusterB,0,4,2,2,0,0,0,1,0,0
2025/11/13 20:43,clusterA,0,4,3,1,0.56,0.23,0,0.77,0.23,0
2025/11/13 20:43,clusterB,0,4,2,2,0,0,0,1,0,0
2025/11/13 20:43,clusterA,0,4,3,1,0.54,0.23,0,0.77,0.23,0
2025/11/13 20:43,clusterB,0,4,2,2,0,0,0,1,0,0
2025/11/13 20:43,clusterA,0,4,3,1,0.54,0.23,0,0.77,0.23,0
2025/11/13 20:43,clusterB,0,4,2,2,0,0,0,1,0,0
2025/11/13 20:44,clusterA,0,4,3,1,0.55,0.23,0,0.77,0.23,0
2025/11/13 20:44,clusterB,0,4,2,2,0,0,0,1,0,0
2025/11/13 20:44,clusterA,0,4,3,1,0.54,0.23,0,0.77,0.23,0
2025/11/13 20:44,clusterB,0,4,2,2,0,0,0,1,0,0
2025/11/13 20:44,clusterA,0,4,3,1,0.55,0.23,0,0.77,0.23,0
2025/11/13 20:44,clusterB,0,4,2,2,0,0,0,1,0,0
2025/11/13 20:44,clusterA,0,4,3,1,0.56,0.23,0,0.77,0.23,0
2025/11/13 20:44,clusterB,0,4,2,2,0,0,0,1,0,0
2025/11/13 20:44,clusterA,0,4,3,1,0.56,0.23,0,0.77,0.23,0
2025/11/13 20:44,clusterB,0,4,2,2,0,0,0,1,0,0
2025/11/13 20:44,clusterA,0,4,3,1,0.56,0.23,0,0.77,0.23,0
2025/11/13 20:44,clusterB,0,4,2,2,0,0,0,1,0,0
2025/11/13 20:44,clusterA,0,4,3,1,0.56,0.23,0,0.77,0.23,0
2025/11/13 20:44,clusterB,0,4,2,2,0,0,0,1,0,0
2025/11/13 20:44,clusterA,0,4,3,1,0.56,0.23,0,0.77,0.23,0
2025/11/13 20:44,clusterB,0,4,2,2,0,0,0,1,0,0
2025/11/13 20:44,clusterA,0,4,3,1,0.56,0.23,0,0.77,0.23,0
2025/11/13 20:44,clusterB,0,4,2,2,0,0,0,1,0,0
2025/11/13 20:44,clusterA,0,4,3,1,0.56,0.23,0,0.77,0.23,0
2025/11/13 20:44,clusterB,0,4,2,2,0,0,0,1,0,0
2025/11/13 20:44,clusterA,0,4,3,1,0.58,0.24,0,0.76,0.24,0
2025/11/13 20:44,clusterB,0,4,2,2,0,0,0,1,0,0
2025/11/13 20:44,clusterA,0,4,3,1,0.58,0.24,0,0.76,0.24,0
2025/11/13 20:44,clusterB,0,4,2,2,0,0,0,1,0,0
2025/11/13 20:45,clusterA,0,4,3,1,0.58,0.23,0,0.77,0.23,0
2025/11/13 20:45,clusterB,0,4,2,2,0,0,0,1,0,0
2025/11/13 20:45,clusterA,0,4,3,1,0.57,0.23,0,0.77,0.23,0
2025/11/13 20:45,clusterB,0,4,2,2,0,0,0,1,0,0
2025/11/13 20:45,clusterA,0,4,3,1,0.57,0.23,0,0.77,0.23,0
2025/11/13 20:45,clusterB,0,4,2,2,0,0,0,1,0,0
2025/11/13 20:45,clusterA,0,4,3,1,0.57,0.23,0,0.77,0.23,0
2025/11/13 20:45,clusterB,0,4,2,2,0,0,0,1,0,0
2025/11/13 20:45,clusterA,0,4,3,1,0.56,0.23,0,0.77,0.23,0
2025/11/13 20:45,clusterB,0,4,2,2,0,0,0,1,0,0
2025/11/13 20:45,clusterA,0,4,3,1,0.56,0.23,0,0.77,0.23,0
2025/11/13 20:45,clusterB,0,4,2,2,0,0,0,1,0,0
2025/11/13 20:45,clusterA,0,4,3,1,0.56,0.23,0,0.77,0.23,0
2025/11/13 20:45,clusterB,0,4,2,2,0,0,0,1,0,0
2025/11/13 20:45,clusterA,0,4,3,1,0.56,0.23,0,0.77,0.23,0
2025/11/13 20:45,clusterB,0,4,2,2,0,0,0,1,0,0
2025/11/13 20:45,clusterA,0,4,3,1,0.55,0.23,0,0.77,0.23,0
2025/11/13 20:45,clusterB,0,4,2,2,0,0,0,1,0,0
2025/11/13 20:45,clusterA,0,4,3,1,0.55,0.23,0,0.77,0.23,0
2025/11/13 20:45,clusterB,0,4,2,2,0,0,0,1,0,0
2025/11/13 20:45,clusterA,0,4,3,1,0.55,0.23,0,0.77,0.23,0
2025/11/13 20:45,clusterB,0,4,2,2,0,0,0,1,0,0
2025/11/13 20:45,clusterA,0,4,3,1,0.55,0.23,0,0.77,0.23,0
2025/11/13 20:45,clusterB,0,4,2,2,0,0,0,1,0,0
2025/11/13 20:46,clusterA,0,4,3,1,0.55,0.23,0,0.77,0.23,0
2025/11/13 20:46,clusterB,0,4,2,2,0,0,0,1,0,0
2025/11/13 20:46,clusterA,0,4,3,1,0.56,0.24,0,0.76,0.24,0
2025/11/13 20:46,clusterB,0,4,2,2,0,0,0,1,0,0
2025/11/13 20:46,clusterA,0,4,3,1,0.55,0.24,0,0.76,0.24,0
2025/11/13 20:46,clusterB,0,4,2,2,0,0,0,1,0,0
2025/11/13 20:46,clusterA,0,4,3,1,0.56,0.24,0,0.76,0.24,0
2025/11/13 20:46,clusterB,0,4,2,2,0,0,0,1,0,0
2025/11/13 20:46,clusterA,0,4,3,1,0.57,0.24,0,0.76,0.24,0
2025/11/13 20:46,clusterB,0,4,2,2,0,0,0,1,0,0
2025/11/13 20:46,clusterA,0,4,3,1,0.57,0.24,0,0.76,0.24,0
2025/11/13 20:46,clusterB,0,4,2,2,0,0,0,1,0,0
2025/11/13 20:46,clusterA,0,4,3,1,0.57,0.24,0,0.76,0.24,0
2025/11/13 20:46,clusterB,0,4,2,2,0,0,0,1,0,0
2025/11/13 20:46,clusterA,0,4,3,1,0.57,0.24,0,0.76,0.24,0
2025/11/13 20:46,clusterB,0,4,2,2,0,0,0,1,0,0
2025/11/13 20:46,clusterA,0,4,3,1,0.57,0.24,0,0.76,0.24,0
2025/11/13 20:46,clusterB,0,4,2,2,0,0,0,1,0,0
2025/11/13 20:46,clusterA,0,4,3,1,0.57,0.24,0,0.76,0.24,0
2025/11/13 20:46,clusterB,0,4,2,2,0,0,0,1,0,0
2025/11/13 20:46,clusterA,0,4,3,1,0.57,0.24,0,0.76,0.24,0
2025/11/13 20:46,clusterB,0,4,2,2,0,0,0,1,0,0
2025/11/13 20:46,clusterA,0,4,3,1,0.57,0.24,0,0.76,0.24,0
2025/11/13 20:46,clusterB,0,4,2,2,0,0,0,1,0,0
2025/11/13 20:47,clusterA,0,4,3,1,0.57,0.24,0,0.76,0.24,0
2025/11/13 20:47,clusterB,0,4,2,2,0,0,0,1,0,0
2025/11/13 20:47,clusterA,0,4,3,1,0.57,0.24,0,0.76,0.24,0
2025/11/13 20:47,clusterB,0,4,2,2,0,0,0,1,0,0
2025/11/13 20:47,clusterA,0,4,3,1,0.57,0.24,0,0.76,0.24,0
2025/11/13 20:47,clusterB,0,4,2,2,0,0,0,1,0,0
2025/11/13 20:47,clusterA,0,4,3,1,0.57,0.24,0,0.76,0.24,0
2025/11/13 20:47,clusterB,0,4,2,2,0,0,0,1,0,0
2025/11/13 20:47,clusterA,0,4,3,1,0.57,0.23,0,0.77,0.23,0
2025/11/13 20:47,clusterB,0,4,2,2,0,0,0,1,0,0
2025/11/13 20:47,clusterA,0,4,3,1,0.58,0.23,0,0.77,0.23,0
2025/11/13 20:47,clusterB,0,4,2,2,0,0,0,1,0,0
2025/11/13 20:47,clusterA,0,4,3,1,0.57,0.23,0,0.77,0.23,0
2025/11/13 20:47,clusterB,0,4,2,2,0,0,0,1,0,0
2025/11/13 20:47,clusterA,0,4,3,1,0.56,0.23,0,0.77,0.23,0
2025/11/13 20:47,clusterB,0,4,2,2,0,0,0,1,0,0
2025/11/13 20:47,clusterA,0,4,3,1,0.56,0.23,0,0.77,0.23,0
2025/11/13 20:47,clusterB,0,4,2,2,0,0,0,1,0,0
2025/11/13 20:47,clusterA,0,4,3,1,0.56,0.23,0,0.77,0.23,0
2025/11/13 20:47,clusterB,0,4,2,2,0,0,0,1,0,0
2025/11/13 20:47,clusterA,0,4,3,1,0.55,0.23,0,0.77,0.23,0
2025/11/13 20:47,clusterB,0,4,2,2,0,0,0,1,0,0
2025/11/13 20:47,clusterA,0,4,3,1,0.55,0.23,0,0.77,0.23,0
2025/11/13 20:47,clusterB,0,4,2,2,0,0,0,1,0,0
2025/11/13 20:48,clusterA,0,4,3,1,0.55,0.23,0,0.77,0.23,0
2025/11/13 20:48,clusterB,0,4,2,2,0,0,0,1,0,0
2025/11/13 20:48,clusterA,0,4,3,1,0.53,0.23,0,0.77,0.23,0
2025/11/13 20:48,clusterB,0,4,2,2,0,0,0,1,0,0
2025/11/13 20:48,clusterA,0,4,3,1,0.53,0.23,0,0.77,0.23,0
2025/11/13 20:48,clusterB,0,4,2,2,0,0,0,1,0,0
2025/11/13 20:48,clusterA,0,4,3,1,0.53,0.23,0,0.77,0.23,0
2025/11/13 20:48,clusterB,0,4,2,2,0,0,0,1,0,0
2025/11/13 20:48,clusterA,0,4,3,1,0.53,0.23,0,0.77,0.23,0
2025/11/13 20:48,clusterB,0,4,2,2,0,0,0,1,0,0
2025/11/13 20:48,clusterA,0,4,3,1,0.51,0.23,0,0.77,0.23,0
2025/11/13 20:48,clusterB,0,4,2,2,0,0,0,1,0,0
2025/11/13 20:48,clusterA,0,4,3,1,0.52,0.23,0,0.77,0.23,0
2025/11/13 20:48,clusterB,0,4,2,2,0,0,0,1,0,0
2025/11/13 20:48,clusterA,0,4,3,1,0.52,0.23,0,0.77,0.23,0
2025/11/13 20:48,clusterB,0,4,2,2,0,0,0,1,0,0
2025/11/13 20:48,clusterA,0,4,3,1,0.52,0.23,0,0.77,0.23,0
2025/11/13 20:48,clusterB,0,4,2,2,0,0,0,1,0,0
2025/11/13 20:48,clusterA,0,4,3,1,0.52,0.23,0,0.77,0.23,0
2025/11/13 20:48,clusterB,0,4,2,2,0,0,0,1,0,0
2025/11/13 20:48,clusterA,0,4,3,1,0.54,0.23,0,0.77,0.23,0
2025/11/13 20:48,clusterB,0,4,2,2,0,0,0,1,0,0
2025/11/13 20:48,clusterA,0,4,3,1,0.54,0.24,0,0.76,0.24,0
2025/11/13 20:48,clusterB,0,4,2,2,0,0,0,1,0,0
2025/11/13 20:49,clusterA,0,4,3,1,0.54,0.24,0,0.76,0.24,0
2025/11/13 20:49,clusterB,0,4,2,2,0,0,0,1,0,0
2025/11/13 20:49,clusterA,0,4,3,1,0.56,0.24,0,0.76,0.24,0
2025/11/13 20:49,clusterB,0,4,2,2,0,0,0,1,0,0
2025/11/13 20:49,clusterA,0,4,3,1,0.54,0.23,0,0.77,0.23,0
2025/11/13 20:49,clusterB,0,4,2,2,0,0,0,1,0,0
2025/11/13 20:49,clusterA,0,4,3,1,0.54,0.24,0,0.76,0.24,0
2025/11/13 20:49,clusterB,0,4,2,2,0,0,0,1,0,0
2025/11/13 20:49,clusterA,0,4,3,1,0.53,0.24,0,0.76,0.24,0
2025/11/13 20:49,clusterB,0,4,2,2,0,0,0,1,0,0
2025/11/13 20:49,clusterA,0,4,3,1,0.55,0.24,0,0.76,0.24,0
2025/11/13 20:49,clusterB,0,4,2,2,0,0,0,1,0,0
2025/11/13 20:49,clusterA,0,4,3,1,0.55,0.24,0,0.76,0.24,0
2025/11/13 20:49,clusterB,0,4,2,2,0,0,0,1,0,0
2025/11/13 20:49,clusterA,0,4,3,1,0.55,0.23,0,0.77,0.23,0
2025/11/13 20:49,clusterB,0,4,2,2,0,0,0,1,0,0
2025/11/13 20:49,clusterA,0,4,3,1,0.55,0.23,0,0.77,0.23,0
2025/11/13 20:49,clusterB,0,4,2,2,0,0,0,1,0,0
2025/11/13 20:49,clusterA,0,4,3,1,0.54,0.23,0,0.77,0.23,0
2025/11/13 20:49,clusterB,0,4,2,2,0,0,0,1,0,0
2025/11/13 20:49,clusterA,0,4,3,1,0.54,0.23,0,0.77,0.23,0
2025/11/13 20:49,clusterB,0,4,2,2,0,0,0,1,0,0
2025/11/13 20:49,clusterA,0,4,3,1,0.54,0.23,0,0.77,0.23,0
2025/11/13 20:49,clusterB,0,4,2,2,0,0,0,1,0,0
2025/11/13 20:50,clusterA,0,4,3,1,0.53,0.23,0,0.77,0.23,0
2025/11/13 20:50,clusterB,0,4,2,2,0,0,0,1,0,0
2025/11/13 20:50,clusterA,0,4,3,1,0.53,0.23,0,0.77,0.23,0
2025/11/13 20:50,clusterB,0,4,2,2,0,0,0,1,0,0
2025/11/13 20:50,clusterA,0,4,3,1,0.55,0.23,0,0.77,0.23,0
2025/11/13 20:50,clusterB,0,4,2,2,0,0,0,1,0,0
2025/11/13 20:50,clusterA,0,4,3,1,0.55,0.23,0,0.77,0.23,0
2025/11/13 20:50,clusterB,0,4,2,2,0,0,0,1,0,0
2025/11/13 20:50,clusterA,0,4,3,1,0.55,0.23,0,0.77,0.23,0
2025/11/13 20:50,clusterB,0,4,2,2,0,0,0,1,0,0
2025/11/13 20:50,clusterA,0,4,3,1,0.55,0.23,0,0.77,0.23,0
2025/11/13 20:50,clusterB,0,4,2,2,0,0,0,1,0,0
2025/11/13 20:50,clusterA,0,4,3,1,0.54,0.23,0,0.77,0.23,0
2025/11/13 20:50,clusterB,0,4,2,2,0,0,0,1,0,0
2025/11/13 20:50,clusterA,0,4,3,1,0.54,0.23,0,0.77,0.23,0
2025/11/13 20:50,clusterB,0,4,2,2,0,0,0,1,0,0
2025/11/13 20:50,clusterA,0,4,3,1,0.54,0.24,0,0.76,0.24,0
2025/11/13 20:50,clusterB,0,4,2,2,0,0,0,1,0,0
2025/11/13 20:50,clusterA,0,4,3,1,0.55,0.24,0,0.76,0.24,0
2025/11/13 20:50,clusterB,0,4,2,2,0,0,0,1,0,0
2025/11/13 20:50,clusterA,0,4,3,1,0.55,0.24,0,0.76,0.24,0
2025/11/13 20:50,clusterB,0,4,2,2,0,0,0,1,0,0
2025/11/13 20:50,clusterA,0,4,3,1,0.55,0.24,0,0.76,0.24,0
2025/11/13 20:50,clusterB,0,4,2,2,0,0,0,1,0,0
2025/11/13 20:51,clusterA,0,4,3,1,0.56,0.24,0,0.76,0.24,0
2025/11/13 20:51,clusterB,0,4,2,2,0,0,0,1,0,0
2025/11/13 20:51,clusterA,0,4,3,1,0.56,0.24,0,0.76,0.24,0
2025/11/13 20:51,clusterB,0,4,2,2,0,0,0,1,0,0
2025/11/13 20:51,clusterA,0,4,3,1,0.56,0.24,0,0.76,0.24,0
2025/11/13 20:51,clusterB,0,4,2,2,0,0,0,1,0,0
2025/11/13 20:51,clusterA,0,4,3,1,0.54,0.24,0,0.76,0.24,0
2025/11/13 20:51,clusterB,0,4,2,2,0,0,0,1,0,0
2025/11/13 20:51,clusterA,0,4,3,1,0.54,0.24,0,0.76,0.24,0
2025/11/13 20:51,clusterB,0,4,2,2,0,0,0,1,0,0
2025/11/13 20:51,clusterA,0,4,3,1,0.55,0.24,0,0.76,0.24,0
2025/11/13 20:51,clusterB,0,4,2,2,0,0,0,1,0,0
2025/11/13 20:51,clusterA,0,4,3,1,0.56,0.24,0,0.76,0.24,0
2025/11/13 20:51,clusterB,0,4,2,2,0,0,0,1,0,0
2025/11/13 20:51,clusterA,0,4,3,1,0.56,0.24,0,0.76,0.24,0
2025/11/13 20:51,clusterB,0,4,2,2,0,0,0,1,0,0
2025/11/13 20:51,clusterA,0,4,3,1,0.56,0.24,0,0.76,0.24,0
2025/11/13 20:51,clusterB,0,4,2,2,0,0,0,1,0,0
2025/11/13 20:51,clusterA,0,4,3,1,0.55,0.24,0,0.76,0.24,0
2025/11/13 20:51,clusterB,0,4,2,2,0,0,0,1,0,0
2025/11/13 20:51,clusterA,0,4,3,1,0.55,0.23,0,0.77,0.23,0
2025/11/13 20:51,clusterB,0,4,2,2,0,0,0,1,0,0
2025/11/13 20:51,clusterA,0,4,3,1,0.53,0.23,0,0.77,0.23,0
2025/11/13 20:51,clusterB,0,4,2,2,0,0,0,1,0,0
2025/11/13 20:52,clusterA,0,4,3,1,0.54,0.23,0,0.77,0.23,0
2025/11/13 20:52,clusterB,0,4,2,2,0,0,0,1,0,0
2025/11/13 20:52,clusterA,0,4,3,1,0.54,0.23,0,0.77,0.23,0
2025/11/13 20:52,clusterB,0,4,2,2,0,0,0,1,0,0
2025/11/13 20:52,clusterA,0,4,3,1,0.54,0.23,0,0.77,0.23,0
2025/11/13 20:52,clusterB,0,4,2,2,0,0,0,1,0,0
2025/11/13 20:52,clusterA,0,4,3,1,0.54,0.23,0,0.77,0.23,0
2025/11/13 20:52,clusterB,0,4,2,2,0,0,0,1,0,0
2025/11/13 20:52,clusterA,0,4,3,1,0.56,0.23,0,0.77,0.23,0
2025/11/13 20:52,clusterB,0,4,2,2,0,0,0,1,0,0
2025/11/13 20:52,clusterA,0,4,3,1,0.56,0.23,0,0.77,0.23,0
2025/11/13 20:52,clusterB,0,4,2,2,0,0,0,1,0,0
2025/11/13 20:52,clusterA,0,4,3,1,0.56,0.23,0,0.77,0.23,0
2025/11/13 20:52,clusterB,0,4,2,2,0,0,0,1,0,0
2025/11/13 20:52,clusterA,0,4,3,1,0.56,0.23,0,0.77,0.23,0
2025/11/13 20:52,clusterB,0,4,2,2,0,0,0,1,0,0
2025/11/13 20:52,clusterA,0,4,3,1,0.56,0.24,0,0.76,0.24,0
2025/11/13 20:52,clusterB,0,4,2,2,0,0,0,1,0,0
2025/11/13 20:52,clusterA,0,4,3,1,0.55,0.23,0,0.77,0.23,0
2025/11/13 20:52,clusterB,0,4,2,2,0,0,0,1,0,0
2025/11/13 20:52,clusterA,0,4,3,1,0.56,0.24,0,0.76,0.24,0
2025/11/13 20:52,clusterB,0,4,2,2,0,0,0,1,0,0
2025/11/13 20:53,clusterA,0,4,3,1,0.56,0.24,0,0.76,0.24,0
2025/11/13 20:53,clusterB,0,4,2,2,0,0,0,1,0,0
2025/11/13 20:53,clusterA,0,4,3,1,0.58,0.24,0,0.76,0.24,0
2025/11/13 20:53,clusterB,0,4,2,2,0,0,0,1,0,0
2025/11/13 20:53,clusterA,0,4,3,1,0.57,0.24,0,0.76,0.24,0
2025/11/13 20:53,clusterB,0,4,2,2,0,0,0,1,0,0
2025/11/13 20:53,clusterA,0,4,3,1,0.57,0.24,0,0.76,0.24,0
2025/11/13 20:53,clusterB,0,4,2,2,0,0,0,1,0,0
2025/11/13 20:53,clusterA,0,4,3,1,0.57,0.24,0,0.76,0.24,0
2025/11/13 20:53,clusterB,0,4,2,2,0,0,0,1,0,0
2025/11/13 20:53,clusterA,0,4,3,1,0.55,0.23,0,0.77,0.23,0
2025/11/13 20:53,clusterB,0,4,2,2,0,0,0,1,0,0
2025/11/13 20:53,clusterA,0,4,3,1,0.55,0.23,0,0.77,0.23,0
2025/11/13 20:53,clusterB,0,4,2,2,0,0,0,1,0,0
2025/11/13 20:53,clusterA,0,4,3,1,0.54,0.23,0,0.77,0.23,0
2025/11/13 20:53,clusterB,0,4,2,2,0,0,0,1,0,0
2025/11/13 20:53,clusterA,0,4,3,1,0.55,0.23,0,0.77,0.23,0
2025/11/13 20:53,clusterB,0,4,2,2,0,0,0,1,0,0
2025/11/13 20:53,clusterA,0,4,3,1,0.55,0.23,0,0.77,0.23,0
2025/11/13 20:53,clusterB,0,4,2,2,0,0,0,1,0,0
2025/11/13 20:53,clusterA,0,4,3,1,0.55,0.23,0,0.77,0.23,0
2025/11/13 20:53,clusterB,0,4,2,2,0,0,0,1,0,0
2025/11/13 20:53,clusterA,0,4,3,1,0.55,0.22,0,0.78,0.22,0
2025/11/13 20:53,clusterB,0,4,2,2,0,0,0,1,0,0
2025/11/13 20:54,clusterA,0,4,3,1,0.55,0.22,0,0.78,0.22,0
2025/11/13 20:54,clusterB,0,4,2,2,0,0,0,1,0,0
2025/11/13 20:54,clusterA,0,4,3,1,0.54,0.22,0,0.78,0.22,0
2025/11/13 20:54,clusterB,0,4,2,2,0,0,0,1,0,0
2025/11/13 20:54,clusterA,0,4,3,1,0.55,0.23,0,0.77,0.23,0
2025/11/13 20:54,clusterB,0,4,2,2,0,0,0,1,0,0
2025/11/13 20:54,clusterA,0,4,3,1,0.55,0.23,0,0.77,0.23,0
2025/11/13 20:54,clusterB,0,4,2,2,0,0,0,1,0,0
2025/11/13 20:54,clusterA,0,4,3,1,0.56,0.23,0,0.77,0.23,0
2025/11/13 20:54,clusterB,0,4,2,2,0,0,0,1,0,0
2025/11/13 20:54,clusterA,0,4,3,1,0.58,0.23,0,0.77,0.23,0
2025/11/13 20:54,clusterB,0,4,2,2,0,0,0,1,0,0
2025/11/13 20:54,clusterA,0,4,2,2,0.56,0.23,0,0.77,0.23,0
2025/11/13 20:54,clusterB,0,4,2,2,0,0,0,1,0,0
2025/11/13 20:54,clusterA,0,4,2,2,0.55,0.23,0,0.77,0.23,0
2025/11/13 20:54,clusterB,0,4,2,2,0,0,0,1,0,0
2025/11/13 20:54,clusterA,0,4,2,2,0.53,0.23,0,0.77,0.23,0
2025/11/13 20:54,clusterB,0,4,2,2,0,0,0,1,0,0
2025/11/13 20:54,clusterA,0,4,2,2,0.5,0.22,0,0.78,0.22,0
2025/11/13 20:54,clusterB,0,4,2,2,0,0,0,1,0,0
2025/11/13 20:54,clusterA,0,4,2,2,0.48,0.22,0,0.78,0.22,0
2025/11/13 20:54,clusterB,0,4,2,2,0,0,0,1,0,0
2025/11/13 20:54,clusterA,0,4,2,2,0.47,0.21,0,0.79,0.21,0
2025/11/13 20:54,clusterB,0,4,2,2,0,0,0,1,0,0
2025/11/13 20:55,clusterA,0,4,2,2,0.45,0.21,0,0.79,0.21,0
2025/11/13 20:55,clusterB,0,4,2,2,0,0,0,1,0,0
2025/11/13 20:55,clusterA,0,4,2,2,0.44,0.21,0,0.79,0.21,0
2025/11/13 20:55,clusterB,0,4,2,2,0,0,0,1,0,0
2025/11/13 20:55,clusterA,0,4,2,2,0.42,0.2,0,0.8,0.2,0
2025/11/13 20:55,clusterB,0,4,2,2,0,0,0,1,0,0
2025/11/13 20:55,clusterA,0,4,2,2,0.4,0.2,0,0.8,0.2,0
2025/11/13 20:55,clusterB,0,4,2,2,0,0,0,1,0,0
2025/11/13 20:55,clusterA,0,4,2,2,0.38,0.19,0,0.81,0.19,0
2025/11/13 20:55,clusterB,0,4,2,2,0,0,0,1,0,0
2025/11/13 20:55,clusterA,0,4,2,2,0.36,0.19,0,0.81,0.19,0
2025/11/13 20:55,clusterB,0,4,2,2,0,0,0,1,0,0
2025/11/13 20:55,clusterA,0,4,2,2,0.36,0.18,0,0.82,0.18,0
2025/11/13 20:55,clusterB,0,4,2,2,0,0,0,1,0,0
2025/11/13 20:55,clusterA,0,4,3,1,0.36,0.18,0,0.82,0.18,0
2025/11/13 20:55,clusterB,0,4,2,2,0,0,0,1,0,0
2025/11/13 20:55,clusterA,0,4,2,2,0.35,0.18,0,0.82,0.18,0
2025/11/13 20:55,clusterB,0,4,2,2,0,0,0,1,0,0
2025/11/13 20:55,clusterA,0,4,4,0,0.37,0.18,0,0.82,0.18,0
2025/11/13 20:55,clusterB,0,4,2,2,0,0,0,1,0,0
2025/11/13 20:55,clusterA,0,4,4,0,0.37,0.18,0,0.82,0.18,0
2025/11/13 20:55,clusterB,0,4,2,2,0,0,0,1,0,0
2025/11/13 20:55,clusterA,0,4,4,0,0.38,0.19,0,0.81,0.19,0
2025/11/13 20:55,clusterB,0,4,2,2,0,0,0,1,0,0
2025/11/13 20:56,clusterA,0,4,4,0,0.39,0.2,0,0.8,0.2,0
2025/11/13 20:56,clusterB,0,4,2,2,0,0,0,1,0,0
2025/11/13 20:56,clusterA,0,4,4,0,0.41,0.2,0,0.8,0.2,0
2025/11/13 20:56,clusterB,0,4,2,2,0,0,0,1,0,0
2025/11/13 20:56,clusterA,0,4,4,0,0.4,0.21,0,0.79,0.21,0
2025/11/13 20:56,clusterB,0,4,2,2,0,0,0,1,0,0
2025/11/13 20:56,clusterA,0,4,4,0,0.41,0.21,0,0.79,0.21,0
2025/11/13 20:56,clusterB,0,4,2,2,0,0,0,1,0,0
2025/11/13 20:56,clusterA,0,4,4,0,0.41,0.22,0,0.78,0.22,0
2025/11/13 20:56,clusterB,0,4,2,2,0,0,0,1,0,0
2025/11/13 20:56,clusterA,0,4,4,0,0.43,0.23,0,0.77,0.23,0
2025/11/13 20:56,clusterB,0,4,2,2,0,0,0,1,0,0
2025/11/13 20:56,clusterA,0,4,4,0,0.44,0.24,0,0.76,0.24,0
2025/11/13 20:56,clusterB,0,4,2,2,0,0,0,1,0,0
2025/11/13 20:56,clusterA,0,4,4,0,0.45,0.25,0,0.75,0.25,0
2025/11/13 20:56,clusterB,0,4,2,2,0,0,0,1,0,0
2025/11/13 20:56,clusterA,0,4,4,0,0.47,0.26,0,0.74,0.26,0
2025/11/13 20:56,clusterB,0,4,2,2,0,0,0,1,0,0
2025/11/13 20:56,clusterA,0,4,4,0,0.49,0.27,0,0.73,0.27,0
2025/11/13 20:56,clusterB,0,4,2,2,0,0,0,1,0,0
2025/11/13 20:56,clusterA,0,4,4,0,0.5,0.28,0,0.72,0.28,0
2025/11/13 20:56,clusterB,0,4,2,2,0,0,0,1,0,0
2025/11/13 20:56,clusterA,0,4,4,0,0.51,0.28,0,0.72,0.28,0
2025/11/13 20:56,clusterB,0,4,2,2,0,0,0,1,0,0
2025/11/13 20:57,clusterA,0,4,4,0,0.51,0.28,0,0.72,0.28,0
2025/11/13 20:57,clusterB,0,4,2,2,0,0,0,1,0,0
2025/11/13 20:57,clusterA,0,4,4,0,0.49,0.28,0,0.72,0.28,0
2025/11/13 20:57,clusterB,0,4,2,2,0,0,0,1,0,0
2025/11/13 20:57,clusterA,0,4,4,0,0.51,0.28,0,0.72,0.28,0
2025/11/13 20:57,clusterB,0,4,2,2,0,0,0,1,0,0
2025/11/13 20:57,clusterA,0,4,4,0,0.51,0.28,0,0.72,0.28,0
2025/11/13 20:57,clusterB,0,4,2,2,0,0,0,1,0,0
2025/11/13 20:57,clusterA,0,4,4,0,0.52,0.28,0,0.72,0.28,0
2025/11/13 20:57,clusterB,0,4,2,2,0,0,0,1,0,0
2025/11/13 20:57,clusterA,0,4,4,0,0.53,0.28,0,0.72,0.28,0
2025/11/13 20:57,clusterB,0,4,2,2,0,0,0,1,0,0
2025/11/13 20:57,clusterA,0,4,4,0,0.53,0.28,0,0.72,0.28,0
2025/11/13 20:57,clusterB,0,4,2,2,0,0,0,1,0,0
2025/11/13 20:57,clusterA,0,4,4,0,0.52,0.28,0,0.72,0.28,0
2025/11/13 20:57,clusterB,0,4,2,2,0,0,0,1,0,0
2025/11/13 20:57,clusterA,0,4,4,0,0.52,0.28,0,0.72,0.28,0
2025/11/13 20:57,clusterB,0,4,2,2,0,0,0,1,0,0
2025/11/13 20:57,clusterA,0,4,4,0,0.52,0.28,0,0.72,0.28,0
2025/11/13 20:57,clusterB,0,4,2,2,0,0,0,1,0,0
2025/11/13 20:57,clusterA,0,4,4,0,0.51,0.28,0,0.72,0.28,0
2025/11/13 20:57,clusterB,0,4,2,2,0,0,0,1,0,0
2025/11/13 20:57,clusterA,0,4,4,0,0.5,0.28,0,0.72,0.28,0
2025/11/13 20:57,clusterB,0,4,2,2,0,0,0,1,0,0
2025/11/13 20:58,clusterA,0,4,4,0,0.5,0.28,0,0.72,0.28,0
2025/11/13 20:58,clusterB,0,4,2,2,0,0,0,1,0,0
2025/11/13 20:58,clusterA,0,4,4,0,0.5,0.28,0,0.72,0.28,0
2025/11/13 20:58,clusterB,0,4,2,2,0,0,0,1,0,0
2025/11/13 20:58,clusterA,0,4,4,0,0.51,0.28,0,0.72,0.28,0
2025/11/13 20:58,clusterB,0,4,2,2,0,0,0,1,0,0
2025/11/13 20:58,clusterA,0,4,4,0,0.51,0.28,0,0.72,0.28,0
2025/11/13 20:58,clusterB,0,4,2,2,0,0,0,1,0,0
2025/11/13 20:58,clusterA,0,4,4,0,0.51,0.28,0,0.72,0.28,0
2025/11/13 20:58,clusterB,0,4,2,2,0,0,0,1,0,0
2025/11/13 20:58,clusterA,0,4,4,0,0.5,0.28,0,0.72,0.28,0
2025/11/13 20:58,clusterB,0,4,2,2,0,0,0,1,0,0
2025/11/13 20:58,clusterA,0,4,4,0,0.5,0.28,0,0.72,0.28,0
2025/11/13 20:58,clusterB,0,4,2,2,0,0,0,1,0,0
2025/11/13 20:58,clusterA,0,4,4,0,0.52,0.28,0,0.72,0.28,0
2025/11/13 20:58,clusterB,0,4,2,2,0,0,0,1,0,0
2025/11/13 20:58,clusterA,0,4,4,0,0.51,0.28,0,0.72,0.28,0
2025/11/13 20:58,clusterB,0,4,2,2,0,0,0,1,0,0
2025/11/13 20:58,clusterA,0,4,4,0,0.52,0.28,0,0.72,0.28,0
2025/11/13 20:58,clusterB,0,4,2,2,0,0,0,1,0,0
2025/11/13 20:58,clusterA,0,4,4,0,0.53,0.29,0,0.71,0.29,0
2025/11/13 20:58,clusterB,0,4,2,2,0,0,0,1,0,0
2025/11/13 20:58,clusterA,0,4,4,0,0.52,0.29,0,0.71,0.29,0
2025/11/13 20:58,clusterB,0,4,2,2,0,0,0,1,0,0
2025/11/13 20:59,clusterA,0,4,4,0,0.53,0.29,0,0.71,0.29,0
2025/11/13 20:59,clusterB,0,4,2,2,0,0,0,1,0,0
2025/11/13 20:59,clusterA,0,4,4,0,0.53,0.29,0,0.71,0.29,0
2025/11/13 20:59,clusterB,0,4,2,2,0,0,0,1,0,0
2025/11/13 20:59,clusterA,0,4,4,0,0.53,0.29,0,0.71,0.29,0
2025/11/13 20:59,clusterB,0,4,2,2,0,0,0,1,0,0
2025/11/13 20:59,clusterA,0,4,4,0,0.54,0.29,0,0.71,0.29,0
2025/11/13 20:59,clusterB,0,4,2,2,0,0,0,1,0,0
2025/11/13 20:59,clusterA,0,4,4,0,0.54,0.29,0,0.71,0.29,0
2025/11/13 20:59,clusterB,0,4,2,2,0,0,0,1,0,0
2025/11/13 20:59,clusterA,0,4,4,0,0.53,0.29,0,0.71,0.29,0
2025/11/13 20:59,clusterB,0,4,2,2,0,0,0,1,0,0
2025/11/13 20:59,clusterA,0,4,4,0,0.53,0.29,0,0.71,0.29,0
2025/11/13 20:59,clusterB,0,4,2,2,0,0,0,1,0,0
2025/11/13 20:59,clusterA,0,4,4,0,0.54,0.29,0,0.71,0.29,0
2025/11/13 20:59,clusterB,0,4,2,2,0,0,0,1,0,0
2025/11/13 20:59,clusterA,0,4,4,0,0.54,0.29,0,0.71,0.29,0
2025/11/13 20:59,clusterB,0,4,2,2,0,0,0,1,0,0
2025/11/13 20:59,clusterA,0,4,4,0,0.54,0.29,0,0.71,0.29,0
2025/11/13 20:59,clusterB,0,4,2,2,0,0,0,1,0,0
2025/11/13 20:59,clusterA,0,4,4,0,0.54,0.29,0,0.71,0.29,0
2025/11/13 20:59,clusterB,0,4,2,2,0,0,0,1,0,0
2025/11/13 20:59,clusterA,0,4,4,0,0.56,0.29,0,0.71,0.29,0
2025/11/13 20:59,clusterB,0,4,2,2,0,0,0,1,0,0
2025/11/13 21:00,clusterA,0,4,4,0,0.56,0.29,0,0.71,0.29,0
2025/11/13 21:00,clusterB,0,4,2,2,0,0,0,1,0,0
2025/11/13 21:00,clusterA,0,4,4,0,0.55,0.29,0,0.71,0.29,0
2025/11/13 21:00,clusterB,0,4,2,2,0,0,0,1,0,0
2025/11/13 21:00,clusterA,0,4,4,0,0.55,0.29,0,0.71,0.29,0
2025/11/13 21:00,clusterB,0,4,2,2,0,0,0,1,0,0
2025/11/13 21:00,clusterA,0,4,4,0,0.53,0.29,0,0.71,0.29,0
2025/11/13 21:00,clusterB,0,4,2,2,0,0,0,1,0,0
2025/11/13 21:00,clusterA,0,4,3,1,0.52,0.28,0,0.72,0.28,0
2025/11/13 21:00,clusterB,0,4,2,2,0,0,0,1,0,0
2025/11/13 21:00,clusterA,0,4,3,1,0.51,0.28,0,0.72,0.28,0
2025/11/13 21:00,clusterB,0,4,2,2,0,0,0,1,0,0
2025/11/13 21:00,clusterA,0,4,3,1,0.48,0.27,0,0.73,0.27,0
2025/11/13 21:00,clusterB,0,4,2,2,0,0,0,1,0,0
2025/11/13 21:00,clusterA,0,4,3,1,0.46,0.26,0,0.74,0.26,0
2025/11/13 21:00,clusterB,0,4,2,2,0,0,0,1,0,0
2025/11/13 21:00,clusterA,0,4,3,1,0.45,0.26,0,0.74,0.26,0
2025/11/13 21:00,clusterB,0,4,2,2,0,0,0,1,0,0
2025/11/13 21:00,clusterA,0,4,3,1,0.44,0.25,0,0.75,0.25,0
2025/11/13 21:00,clusterB,0,4,2,2,0,0,0,1,0,0
2025/11/13 21:00,clusterA,0,4,3,1,0.42,0.25,0,0.75,0.25,0
2025/11/13 21:00,clusterB,0,4,2,2,0,0,0,1,0,0
2025/11/13 21:00,clusterA,0,4,3,1,0.4,0.24,0,0.76,0.24,0
2025/11/13 21:00,clusterB,0,4,2,2,0,0,0,1,0,0
2025/11/13 21:01,clusterA,0,4,3,1,0.38,0.23,0,0.77,0.23,0
2025/11/13 21:01,clusterB,0,4,2,2,0,0,0,1,0,0
2025/11/13 21:01,clusterA,0,4,3,1,0.37,0.23,0,0.77,0.23,0
2025/11/13 21:01,clusterB,0,4,2,2,0,0,0,1,0,0
2025/11/13 21:01,clusterA,0,4,3,1,0.35,0.22,0,0.78,0.22,0
2025/11/13 21:01,clusterB,0,4,2,2,0,0,0,1,0,0
2025/11/13 21:01,clusterA,0,4,3,1,0.35,0.21,0,0.79,0.21,0
2025/11/13 21:01,clusterB,0,4,2,2,0,0,0,1,0,0
2025/11/13 21:01,clusterA,0,4,3,1,0.35,0.21,0,0.79,0.21,0
2025/11/13 21:01,clusterB,0,4,2,2,0,0,0,1,0,0
2025/11/13 21:01,clusterA,0,4,3,1,0.35,0.21,0,0.79,0.21,0
2025/11/13 21:01,clusterB,0,4,2,2,0,0,0,1,0,0
2025/11/13 21:01,clusterA,0,4,3,1,0.36,0.21,0,0.79,0.21,0
2025/11/13 21:01,clusterB,0,4,2,2,0,0,0,1,0,0
2025/11/13 21:01,clusterA,0,4,3,1,0.34,0.21,0,0.79,0.21,0
2025/11/13 21:01,clusterB,0,4,2,2,0,0,0,1,0,0
2025/11/13 21:01,clusterA,0,4,3,1,0.34,0.21,0,0.79,0.21,0
2025/11/13 21:01,clusterB,0,4,2,2,0,0,0,1,0,0
2025/11/13 21:01,clusterA,0,4,3,1,0.33,0.2,0,0.8,0.2,0
2025/11/13 21:01,clusterB,0,4,2,2,0,0,0,1,0,0
2025/11/13 21:01,clusterA,0,4,3,1,0.33,0.2,0,0.8,0.2,0
2025/11/13 21:01,clusterB,0,4,2,2,0,0,0,1,0,0
2025/11/13 21:01,clusterA,0,4,3,1,0.33,0.2,0,0.8,0.2,0
2025/11/13 21:01,clusterB,0,4,2,2,0,0,0,1,0,0
2025/11/13 21:02,clusterA,0,4,3,1,0.33,0.2,0,0.8,0.2,0
2025/11/13 21:02,clusterB,0,4,2,2,0,0,0,1,0,0
2025/11/13 21:02,clusterA,0,4,3,1,0.33,0.2,0,0.8,0.2,0
2025/11/13 21:02,clusterB,0,4,2,2,0,0,0,1,0,0
2025/11/13 21:02,clusterA,0,4,3,1,0.33,0.2,0,0.8,0.2,0
2025/11/13 21:02,clusterB,0,4,2,2,0,0,0,1,0,0
2025/11/13 21:02,clusterA,0,4,3,1,0.32,0.2,0,0.8,0.2,0
2025/11/13 21:02,clusterB,0,4,2,2,0,0,0,1,0,0
2025/11/13 21:02,clusterA,0,4,3,1,0.32,0.21,0,0.79,0.21,0
2025/11/13 21:02,clusterB,0,4,2,2,0,0,0,1,0,0
2025/11/13 21:02,clusterA,0,4,3,1,0.31,0.21,0,0.79,0.21,0
2025/11/13 21:02,clusterB,0,4,2,2,0,0,0,1,0,0
2025/11/13 21:02,clusterA,0,4,3,1,0.32,0.21,0,0.79,0.21,0
2025/11/13 21:02,clusterB,0,4,0,4,0,0,0,1,0,0
2025/11/13 21:02,clusterA,0,4,3,1,0.32,0.21,0,0.79,0.21,0
2025/11/13 21:02,clusterB,0,4,0,4,0,0,0,1,0,0
2025/11/13 21:02,clusterA,0,4,3,1,0.32,0.21,0,0.79,0.21,0
2025/11/13 21:02,clusterB,0,4,0,4,0,0,0,1,0,0
2025/11/13 21:02,clusterA,0,4,3,1,0.32,0.21,0,0.79,0.21,0
2025/11/13 21:02,clusterB,0,4,0,4,0,0,0,1,0,0
2025/11/13 21:02,clusterA,0,4,3,1,0.31,0.21,0,0.79,0.21,0
2025/11/13 21:02,clusterB,0,4,0,4,0,0,0,1,0,0
2025/11/13 21:02,clusterA,0,4,3,1,0.31,0.21,0,0.79,0.21,0
2025/11/13 21:02,clusterB,0,4,0,4,0,0,0,1,0,0
2025/11/13 21:03,clusterA,0,4,3,1,0.31,0.21,0,0.79,0.21,0
2025/11/13 21:03,clusterB,0,4,0,4,0,0,0,1,0,0
2025/11/13 21:03,clusterA,0,4,3,1,0.31,0.21,0,0.79,0.21,0
2025/11/13 21:03,clusterB,0,4,0,4,0,0,0,1,0,0
2025/11/13 21:03,clusterA,0,4,3,1,0.31,0.2,0,0.8,0.2,0
2025/11/13 21:03,clusterB,0,4,0,4,0,0,0,1,0,0
2025/11/13 21:03,clusterA,0,4,3,1,0.32,0.2,0,0.8,0.2,0
2025/11/13 21:03,clusterB,0,4,0,4,0,0,0,1,0,0
2025/11/13 21:03,clusterA,0,4,3,1,0.33,0.2,0,0.8,0.2,0
2025/11/13 21:03,clusterB,0,4,0,4,0,0,0,1,0,0
2025/11/13 21:03,clusterA,0,4,3,1,0.33,0.2,0,0.8,0.2,0
2025/11/13 21:03,clusterB,0,4,0,4,0,0,0,1,0,0
2025/11/13 21:03,clusterA,0,4,3,1,0.33,0.2,0,0.8,0.2,0
2025/11/13 21:03,clusterB,0,4,0,4,0,0,0,1,0,0
2025/11/13 21:03,clusterA,0,4,3,1,0.33,0.2,0,0.8,0.2,0
2025/11/13 21:03,clusterB,0,4,0,4,0,0,0,1,0,0
2025/11/13 21:03,clusterA,0,4,3,1,0.32,0.2,0,0.8,0.2,0
2025/11/13 21:03,clusterB,0,4,0,4,0,0,0,1,0,0
2025/11/13 21:03,clusterA,0,4,3,1,0.32,0.2,0,0.8,0.2,0
2025/11/13 21:03,clusterB,0,4,0,4,0,0,0,1,0,0
2025/11/13 21:03,clusterA,0,4,3,1,0.32,0.2,0,0.8,0.2,0
2025/11/13 21:03,clusterB,0,4,0,4,0,0,0,1,0,0
2025/11/13 21:03,clusterA,0,4,3,1,0.32,0.2,0,0.8,0.2,0
2025/11/13 21:03,clusterB,0,4,0,4,0,0,0,1,0,0
2025/11/13 21:04,clusterA,0,4,3,1,0.33,0.2,0,0.8,0.2,0
2025/11/13 21:04,clusterB,0,4,0,4,0,0,0,1,0,0
2025/11/13 21:04,clusterA,0,4,3,1,0.33,0.2,0,0.8,0.2,0
2025/11/13 21:04,clusterB,0,4,0,4,0,0,0,1,0,0
2025/11/13 21:04,clusterA,0,4,3,1,0.32,0.2,0,0.8,0.2,0
2025/11/13 21:04,clusterB,0,4,0,4,0,0,0,1,0,0
2025/11/13 21:04,clusterA,0,4,3,1,0.33,0.2,0,0.8,0.2,0
2025/11/13 21:04,clusterB,0,4,0,4,0,0,0,1,0,0
2025/11/13 21:04,clusterA,0,4,3,1,0.32,0.2,0,0.8,0.2,0
2025/11/13 21:04,clusterB,0,4,0,4,0,0,0,1,0,0
2025/11/13 21:04,clusterA,0,4,3,1,0.32,0.21,0,0.79,0.21,0
2025/11/13 21:04,clusterB,0,4,0,4,0,0,0,1,0,0
2025/11/13 21:04,clusterA,0,4,3,1,0.32,0.21,0,0.79,0.21,0
2025/11/13 21:04,clusterB,0,4,0,4,0,0,0,1,0,0
2025/11/13 21:04,clusterA,0,4,3,1,0.33,0.21,0,0.79,0.21,0
2025/11/13 21:04,clusterB,0,4,0,4,0,0,0,1,0,0
2025/11/13 21:04,clusterA,0,4,3,1,0.33,0.21,0,0.79,0.21,0
2025/11/13 21:04,clusterB,0,4,0,4,0,0,0,1,0,0
2025/11/13 21:04,clusterA,0,4,3,1,0.33,0.21,0,0.79,0.21,0
2025/11/13 21:04,clusterB,0,4,0,4,0,0,0,1,0,0
2025/11/13 21:04,clusterA,0,4,3,1,0.33,0.21,0,0.79,0.21,0
2025/11/13 21:04,clusterB,0,4,0,4,0,0,0,1,0,0
2025/11/13 21:04,clusterA,0,4,3,1,0.33,0.2,0,0.8,0.2,0
2025/11/13 21:04,clusterB,0,4,0,4,0,0,0,1,0,0
2025/11/13 21:05,clusterA,0,4,3,1,0.33,0.2,0,0.8,0.2,0
2025/11/13 21:05,clusterB,0,4,0,4,0,0,0,1,0,0
2025/11/13 21:05,clusterA,0,4,3,1,0.33,0.2,0,0.8,0.2,0
2025/11/13 21:05,clusterB,0,4,0,4,0,0,0,1,0,0
2025/11/13 21:05,clusterA,0,4,3,1,0.33,0.21,0,0.79,0.21,0
2025/11/13 21:05,clusterB,0,4,0,4,0,0,0,1,0,0
2025/11/13 21:05,clusterA,0,4,3,1,0.33,0.21,0,0.79,0.21,0
2025/11/13 21:05,clusterB,0,4,0,4,0,0,0,1,0,0
2025/11/13 21:05,clusterA,0,4,3,1,0.34,0.21,0,0.79,0.21,0
2025/11/13 21:05,clusterB,0,4,0,4,0,0,0,1,0,0
2025/11/13 21:05,clusterA,0,4,3,1,0.33,0.21,0,0.79,0.21,0
2025/11/13 21:05,clusterB,0,4,0,4,0,0,0,1,0,0
2025/11/13 21:05,clusterA,0,4,3,1,0.33,0.21,0,0.79,0.21,0
2025/11/13 21:05,clusterB,0,4,0,4,0,0,0,1,0,0
2025/11/13 21:05,clusterA,0,4,3,1,0.34,0.2,0,0.8,0.2,0
2025/11/13 21:05,clusterB,0,4,0,4,0,0,0,1,0,0
2025/11/13 21:05,clusterA,0,4,3,1,0.33,0.2,0,0.8,0.2,0
2025/11/13 21:05,clusterB,0,4,0,4,0,0,0,1,0,0
2025/11/13 21:05,clusterA,0,4,3,1,0.32,0.2,0,0.8,0.2,0
2025/11/13 21:05,clusterB,0,4,0,4,0,0,0,1,0,0
2025/11/13 21:05,clusterA,0,4,3,1,0.33,0.2,0,0.8,0.2,0
2025/11/13 21:05,clusterB,0,4,0,4,0,0,0,1,0,0
2025/11/13 21:05,clusterA,0,4,3,1,0.33,0.2,0,0.8,0.2,0
2025/11/13 21:05,clusterB,0,4,0,4,0,0,0,1,0,0
2025/11/13 21:06,clusterA,0,4,3,1,0.33,0.2,0,0.8,0.2,0
2025/11/13 21:06,clusterB,0,4,0,4,0,0,0,1,0,0
2025/11/13 21:06,clusterA,0,4,3,1,0.33,0.2,0,0.8,0.2,0
2025/11/13 21:06,clusterB,0,4,0,4,0,0,0,1,0,0
2025/11/13 21:06,clusterA,0,4,3,1,0.32,0.2,0,0.8,0.2,0
2025/11/13 21:06,clusterB,0,4,0,4,0,0,0,1,0,0
2025/11/13 21:06,clusterA,0,4,3,1,0.33,0.2,0,0.8,0.2,0
2025/11/13 21:06,clusterB,0,4,0,4,0,0,0,1,0,0
2025/11/13 21:06,clusterA,0,4,3,1,0.33,0.2,0,0.8,0.2,0
2025/11/13 21:06,clusterB,0,4,0,4,0,0,0,1,0,0
2025/11/13 21:06,clusterA,0,4,3,1,0.33,0.2,0,0.8,0.2,0
2025/11/13 21:06,clusterB,0,4,0,4,0,0,0,1,0,0
2025/11/13 21:06,clusterA,0,4,3,1,0.33,0.2,0,0.8,0.2,0
2025/11/13 21:06,clusterB,0,4,0,4,0,0,0,1,0,0
2025/11/13 21:06,clusterA,0,4,3,1,0.32,0.21,0,0.79,0.21,0
2025/11/13 21:06,clusterB,0,4,0,4,0,0,0,1,0,0
2025/11/13 21:06,clusterA,0,4,3,1,0.33,0.2,0,0.8,0.2,0
2025/11/13 21:06,clusterB,0,4,4,0,0,0,0,1,0,0
2025/11/13 21:06,clusterA,0,4,3,1,0.33,0.2,0,0.8,0.2,0
2025/11/13 21:06,clusterB,0,4,4,0,0,0,0,1,0,0
2025/11/13 21:06,clusterA,0,4,3,1,0.33,0.2,0,0.8,0.2,0
2025/11/13 21:06,clusterB,0,4,4,0,0,0,0,1,0,0
2025/11/13 21:06,clusterA,0,4,3,1,0.33,0.2,0,0.8,0.2,0
2025/11/13 21:06,clusterB,0,4,4,0,0,0,0,1,0,0
2025/11/13 21:07,clusterA,0,4,3,1,0.32,0.2,0,0.8,0.2,0
2025/11/13 21:07,clusterB,0,4,4,0,0,0,0,1,0,0
2025/11/13 21:07,clusterA,0,4,3,1,0.32,0.2,0,0.8,0.2,0
2025/11/13 21:07,clusterB,0,4,4,0,0,0,0,1,0,0
2025/11/13 21:07,clusterA,0,4,3,1,0.33,0.2,0,0.8,0.2,0
2025/11/13 21:07,clusterB,0,4,4,0,0,0,0,1,0,0
2025/11/13 21:07,clusterA,0,4,3,1,0.33,0.2,0,0.8,0.2,0
2025/11/13 21:07,clusterB,0,4,4,0,0,0,0,1,0,0
2025/11/13 21:07,clusterA,0,4,3,1,0.33,0.2,0,0.8,0.2,0
2025/11/13 21:07,clusterB,0,4,4,0,0,0,0,1,0,0
2025/11/13 21:07,clusterA,0,4,3,1,0.33,0.2,0,0.8,0.2,0
2025/11/13 21:07,clusterB,0,4,4,0,0,0,0,1,0,0
2025/11/13 21:07,clusterA,0,4,3,1,0.33,0.2,0,0.8,0.2,0
2025/11/13 21:07,clusterB,0,4,4,0,0,0,0,1,0,0
2025/11/13 21:07,clusterA,0,4,3,1,0.32,0.2,0,0.8,0.2,0
2025/11/13 21:07,clusterB,0,4,4,0,0,0,0,1,0,0
2025/11/13 21:07,clusterA,0,4,3,1,0.31,0.2,0,0.8,0.2,0
2025/11/13 21:07,clusterB,0,4,4,0,0,0,0,1,0,0
2025/11/13 21:07,clusterA,0,4,3,1,0.3,0.2,0,0.8,0.2,0
2025/11/13 21:07,clusterB,0,4,4,0,0,0,0,1,0,0
2025/11/13 21:07,clusterA,0,4,3,1,0.3,0.2,0,0.8,0.2,0
2025/11/13 21:07,clusterB,0,4,4,0,0,0,0,1,0,0
2025/11/13 21:07,clusterA,0,4,3,1,0.3,0.2,0,0.8,0.2,0
2025/11/13 21:07,clusterB,0,4,4,0,0,0,0,1,0,0
2025/11/13 21:08,clusterA,0,4,3,1,0.31,0.2,0,0.8,0.2,0
2025/11/13 21:08,clusterB,0,4,4,0,0,0,0,1,0,0
2025/11/13 21:08,clusterA,0,4,3,1,0.31,0.2,0,0.8,0.2,0
2025/11/13 21:08,clusterB,0,4,4,0,0,0,0,1,0,0
2025/11/13 21:08,clusterA,0,4,3,1,0.3,0.2,0,0.8,0.2,0
2025/11/13 21:08,clusterB,0,4,4,0,0,0,0,1,0,0
2025/11/13 21:08,clusterA,0,4,3,1,0.3,0.2,0,0.8,0.2,0
2025/11/13 21:08,clusterB,0,4,4,0,0,0,0,1,0,0
2025/11/13 21:08,clusterA,0,4,3,1,0.3,0.2,0,0.8,0.2,0
2025/11/13 21:08,clusterB,0,4,4,0,0,0,0,1,0,0
2025/11/13 21:08,clusterA,0,4,3,1,0.3,0.2,0,0.8,0.2,0
2025/11/13 21:08,clusterB,0,4,4,0,0,0,0,1,0,0
2025/11/13 21:08,clusterA,0,4,3,1,0.3,0.2,0,0.8,0.2,0
2025/11/13 21:08,clusterB,0,4,4,0,0,0,0,1,0,0
2025/11/13 21:08,clusterA,0,4,3,1,0.31,0.2,0,0.8,0.2,0
2025/11/13 21:08,clusterB,0,4,4,0,0,0,0,1,0,0
2025/11/13 21:08,clusterA,0,4,3,1,0.32,0.2,0,0.8,0.2,0
2025/11/13 21:08,clusterB,0,4,4,0,0,0,0,1,0,0
2025/11/13 21:08,clusterA,0,4,3,1,0.33,0.2,0,0.8,0.2,0
2025/11/13 21:08,clusterB,0,4,4,0,0,0,0,1,0,0
2025/11/13 21:08,clusterA,0,4,3,1,0.33,0.2,0,0.8,0.2,0
2025/11/13 21:08,clusterB,0,4,4,0,0,0,0,1,0,0
2025/11/13 21:08,clusterA,0,4,3,1,0.33,0.2,0,0.8,0.2,0
2025/11/13 21:08,clusterB,0,4,4,0,0,0,0,1,0,0
2025/11/13 21:09,clusterA,0,4,3,1,0.33,0.2,0,0.8,0.2,0
2025/11/13 21:09,clusterB,0,4,4,0,0,0,0,1,0,0
2025/11/13 21:09,clusterA,0,4,3,1,0.33,0.2,0,0.8,0.2,0
2025/11/13 21:09,clusterB,0,4,4,0,0,0,0,1,0,0
2025/11/13 21:09,clusterA,0,4,3,1,0.32,0.2,0,0.8,0.2,0
2025/11/13 21:09,clusterB,0,4,4,0,0,0,0,1,0,0
2025/11/13 21:09,clusterA,0,4,3,1,0.32,0.2,0,0.8,0.2,0
2025/11/13 21:09,clusterB,0,4,4,0,0,0,0,1,0,0
2025/11/13 21:09,clusterA,0,4,3,1,0.32,0.2,0,0.8,0.2,0
2025/11/13 21:09,clusterB,0,4,4,0,0,0,0,1,0,0
2025/11/13 21:09,clusterA,0,4,3,1,0.32,0.2,0,0.8,0.2,0
2025/11/13 21:09,clusterB,0,4,4,0,0,0,0,1,0,0
2025/11/13 21:09,clusterA,0,4,3,1,0.32,0.2,0,0.8,0.2,0
2025/11/13 21:09,clusterB,0,4,4,0,0,0,0,1,0,0
2025/11/13 21:09,clusterA,0,4,3,1,0.33,0.2,0,0.8,0.2,0
2025/11/13 21:09,clusterB,0,4,4,0,0,0,0,1,0,0
2025/11/13 21:09,clusterA,0,4,3,1,0.32,0.2,0,0.8,0.2,0
2025/11/13 21:09,clusterB,0,4,4,0,0,0,0,1,0,0
2025/11/13 21:09,clusterA,0,4,3,1,0.32,0.2,0,0.8,0.2,0
2025/11/13 21:09,clusterB,0,4,4,0,0,0,0,1,0,0
2025/11/13 21:09,clusterA,0,4,3,1,0.3,0.19,0,0.81,0.19,0
2025/11/13 21:09,clusterB,0,4,4,0,0,0,0,1,0,0
2025/11/13 21:09,clusterA,0,4,3,1,0.3,0.2,0,0.8,0.2,0
2025/11/13 21:09,clusterB,0,4,0,4,0,0,0,1,0,0
2025/11/13 21:10,clusterA,0,4,3,1,0.3,0.2,0,0.8,0.2,0
2025/11/13 21:10,clusterB,0,4,0,4,0,0,0,1,0,0
2025/11/13 21:10,clusterA,0,4,3,1,0.3,0.2,0,0.8,0.2,0
2025/11/13 21:10,clusterB,0,4,0,4,0,0,0,1,0,0
2025/11/13 21:10,clusterA,0,4,3,1,0.31,0.2,0,0.8,0.2,0
2025/11/13 21:10,clusterB,0,4,0,4,0,0,0,1,0,0
2025/11/13 21:10,clusterA,0,4,3,1,0.32,0.2,0,0.8,0.2,0
2025/11/13 21:10,clusterB,0,4,0,4,0,0,0,1,0,0
2025/11/13 21:10,clusterA,0,4,3,1,0.31,0.2,0,0.8,0.2,0
2025/11/13 21:10,clusterB,0,4,0,4,0,0,0,1,0,0
2025/11/13 21:10,clusterA,0,4,3,1,0.31,0.2,0,0.8,0.2,0
2025/11/13 21:10,clusterB,0,4,0,4,0,0,0,1,0,0
2025/11/13 21:10,clusterA,0,4,3,1,0.31,0.2,0,0.8,0.2,0
2025/11/13 21:10,clusterB,0,4,0,4,0,0,0,1,0,0
2025/11/13 21:10,clusterA,0,4,3,1,0.29,0.2,0,0.8,0.2,0
2025/11/13 21:10,clusterB,0,4,0,4,0,0,0,1,0,0
2025/11/13 21:10,clusterA,0,4,3,1,0.3,0.21,0,0.79,0.21,0
2025/11/13 21:10,clusterB,0,4,0,4,0,0,0,1,0,0
2025/11/13 21:10,clusterA,0,4,3,1,0.3,0.21,0,0.79,0.21,0
2025/11/13 21:10,clusterB,0,4,0,4,0,0,0,1,0,0
2025/11/13 21:10,clusterA,0,4,3,1,0.32,0.21,0,0.79,0.21,0
2025/11/13 21:10,clusterB,0,4,0,4,0,0,0,1,0,0
2025/11/13 21:10,clusterA,0,4,3,1,0.32,0.21,0,0.79,0.21,0
2025/11/13 21:10,clusterB,0,4,0,4,0,0,0,1,0,0
2025/11/13 21:11,clusterA,0,4,3,1,0.32,0.21,0,0.79,0.21,0
2025/11/13 21:11,clusterB,0,4,0,4,0,0,0,1,0,0
2025/11/13 21:11,clusterA,0,4,3,1,0.32,0.21,0,0.79,0.21,0
2025/11/13 21:11,clusterB,0,4,0,4,0,0,0,1,0,0
2025/11/13 21:11,clusterA,0,4,3,1,0.32,0.21,0,0.79,0.21,0
2025/11/13 21:11,clusterB,0,4,0,4,0,0,0,1,0,0
2025/11/13 21:11,clusterA,0,4,3,1,0.31,0.21,0,0.79,0.21,0
2025/11/13 21:11,clusterB,0,4,0,4,0,0,0,1,0,0
2025/11/13 21:11,clusterA,0,4,3,1,0.3,0.2,0,0.8,0.2,0
2025/11/13 21:11,clusterB,0,4,0,4,0,0,0,1,0,0
2025/11/13 21:11,clusterA,0,4,3,1,0.31,0.2,0,0.8,0.2,0
2025/11/13 21:11,clusterB,0,4,0,4,0,0,0,1,0,0
2025/11/13 21:11,clusterA,0,4,3,1,0.31,0.2,0,0.8,0.2,0
2025/11/13 21:11,clusterB,0,4,0,4,0,0,0,1,0,0
2025/11/13 21:11,clusterA,0,4,3,1,0.32,0.2,0,0.8,0.2,0
2025/11/13 21:11,clusterB,0,4,0,4,0,0,0,1,0,0
2025/11/13 21:11,clusterA,0,4,3,1,0.31,0.2,0,0.8,0.2,0
2025/11/13 21:11,clusterB,0,4,0,4,0,0,0,1,0,0
2025/11/13 21:11,clusterA,0,4,3,1,0.31,0.2,0,0.8,0.2,0
2025/11/13 21:11,clusterB,0,4,0,4,0,0,0,1,0,0
2025/11/13 21:11,clusterA,0,4,3,1,0.29,0.2,0,0.8,0.2,0
2025/11/13 21:11,clusterB,0,4,0,4,0,0,0,1,0,0
2025/11/13 21:11,clusterA,0,4,3,1,0.29,0.2,0,0.8,0.2,0
2025/11/13 21:11,clusterB,0,4,0,4,0,0,0,1,0,0
2025/11/13 21:12,clusterA,0,4,3,1,0.29,0.2,0,0.8,0.2,0
2025/11/13 21:12,clusterB,0,4,0,4,0,0,0,1,0,0
2025/11/13 21:12,clusterA,0,4,3,1,0.3,0.2,0,0.8,0.2,0
2025/11/13 21:12,clusterB,0,4,0,4,0,0,0,1,0,0
2025/11/13 21:12,clusterA,0,4,3,1,0.29,0.2,0,0.8,0.2,0
2025/11/13 21:12,clusterB,0,4,0,4,0,0,0,1,0,0
2025/11/13 21:12,clusterA,0,4,3,1,0.3,0.2,0,0.8,0.2,0
2025/11/13 21:12,clusterB,0,4,0,4,0,0,0,1,0,0
2025/11/13 21:12,clusterA,0,4,3,1,0.31,0.2,0,0.8,0.2,0
2025/11/13 21:12,clusterB,0,4,0,4,0,0,0,1,0,0
2025/11/13 21:12,clusterA,0,4,3,1,0.31,0.2,0,0.8,0.2,0
2025/11/13 21:12,clusterB,0,4,0,4,0,0,0,1,0,0
2025/11/13 21:12,clusterA,0,4,3,1,0.31,0.2,0,0.8,0.2,0
2025/11/13 21:12,clusterB,0,4,0,4,0,0,0,1,0,0
2025/11/13 21:12,clusterA,0,4,3,1,0.31,0.2,0,0.8,0.2,0
2025/11/13 21:12,clusterB,0,4,0,4,0,0,0,1,0,0
2025/11/13 21:12,clusterA,0,4,3,1,0.32,0.21,0,0.79,0.21,0
2025/11/13 21:12,clusterB,0,4,0,4,0,0,0,1,0,0
2025/11/13 21:12,clusterA,0,4,3,1,0.32,0.21,0,0.79,0.21,0
2025/11/13 21:12,clusterB,0,4,0,4,0,0,0,1,0,0
2025/11/13 21:12,clusterA,0,4,3,1,0.33,0.21,0,0.79,0.21,0
2025/11/13 21:12,clusterB,0,4,0,4,0,0,0,1,0,0
2025/11/13 21:12,clusterA,0,4,3,1,0.34,0.21,0,0.79,0.21,0
2025/11/13 21:12,clusterB,0,4,0,4,0,0,0,1,0,0
2025/11/13 21:13,clusterA,0,4,3,1,0.34,0.21,0,0.79,0.21,0
2025/11/13 21:13,clusterB,0,4,0,4,0,0,0,1,0,0
2025/11/13 21:13,clusterA,0,4,3,1,0.34,0.21,0,0.79,0.21,0
2025/11/13 21:13,clusterB,0,4,0,4,0,0,0,1,0,0
2025/11/13 21:13,clusterA,0,4,3,1,0.34,0.21,0,0.79,0.21,0
2025/11/13 21:13,clusterB,0,4,0,4,0,0,0,1,0,0
2025/11/13 21:13,clusterA,0,4,3,1,0.35,0.21,0,0.79,0.21,0
2025/11/13 21:13,clusterB,0,4,0,4,0,0,0,1,0,0
2025/11/13 21:13,clusterA,0,4,3,1,0.35,0.2,0,0.8,0.2,0
2025/11/13 21:13,clusterB,0,4,0,4,0,0,0,1,0,0
2025/11/13 21:13,clusterA,0,4,3,1,0.34,0.2,0,0.8,0.2,0
2025/11/13 21:13,clusterB,0,4,0,4,0,0,0,1,0,0
2025/11/13 21:13,clusterA,0,4,3,1,0.34,0.2,0,0.8,0.2,0
2025/11/13 21:13,clusterB,0,4,0,4,0,0,0,1,0,0
2025/11/13 21:13,clusterA,0,4,3,1,0.33,0.2,0,0.8,0.2,0
2025/11/13 21:13,clusterB,0,4,0,4,0,0,0,1,0,0
2025/11/13 21:13,clusterA,0,4,3,1,0.33,0.2,0,0.8,0.2,0
2025/11/13 21:13,clusterB,0,4,0,4,0,0,0,1,0,0
2025/11/13 21:13,clusterA,0,4,3,1,0.33,0.2,0,0.8,0.2,0
2025/11/13 21:13,clusterB,0,4,0,4,0,0,0,1,0,0
2025/11/13 21:13,clusterA,0,4,3,1,0.32,0.2,0,0.8,0.2,0
2025/11/13 21:13,clusterB,0,4,0,4,0,0,0,1,0,0
2025/11/13 21:13,clusterA,0,4,3,1,0.31,0.2,0,0.8,0.2,0
2025/11/13 21:13,clusterB,0,4,0,4,0,0,0,1,0,0
2025/11/13 21:14,clusterA,0,4,3,1,0.31,0.2,0,0.8,0.2,0
2025/11/13 21:14,clusterB,0,4,0,4,0,0,0,1,0,0
2025/11/13 21:14,clusterA,0,4,3,1,0.32,0.2,0,0.8,0.2,0
2025/11/13 21:14,clusterB,0,4,0,4,0,0,0,1,0,0
2025/11/13 21:14,clusterA,0,4,3,1,0.32,0.2,0,0.8,0.2,0
2025/11/13 21:14,clusterB,0,4,0,4,0,0,0,1,0,0
2025/11/13 21:14,clusterA,0,4,3,1,0.31,0.2,0,0.8,0.2,0
2025/11/13 21:14,clusterB,0,4,0,4,0,0,0,1,0,0
2025/11/13 21:14,clusterA,0,4,3,1,0.31,0.2,0,0.8,0.2,0
2025/11/13 21:14,clusterB,0,4,0,4,0,0,0,1,0,0
2025/11/13 21:14,clusterA,0,4,3,1,0.32,0.2,0,0.8,0.2,0
2025/11/13 21:14,clusterB,0,4,0,4,0,0,0,1,0,0
2025/11/13 21:14,clusterA,0,4,3,1,0.32,0.2,0,0.8,0.2,0
2025/11/13 21:14,clusterB,0,4,0,4,0,0,0,1,0,0
2025/11/13 21:14,clusterA,0,4,3,1,0.33,0.21,0,0.79,0.21,0
2025/11/13 21:14,clusterB,0,4,0,4,0,0,0,1,0,0
2025/11/13 21:14,clusterA,0,4,3,1,0.33,0.21,0,0.79,0.21,0
2025/11/13 21:14,clusterB,0,4,0,4,0,0,0,1,0,0
2025/11/13 21:14,clusterA,0,4,3,1,0.33,0.21,0,0.79,0.21,0
2025/11/13 21:14,clusterB,0,4,0,4,0,0,0,1,0,0
2025/11/13 21:14,clusterA,0,4,3,1,0.34,0.21,0,0.79,0.21,0
2025/11/13 21:14,clusterB,0,4,0,4,0,0,0,1,0,0
2025/11/13 21:14,clusterA,0,4,3,1,0.34,0.21,0,0.79,0.21,0
2025/11/13 21:14,clusterB,0,4,0,4,0,0,0,1,0,0
2025/11/13 21:15,clusterA,0,4,3,1,0.35,0.21,0,0.79,0.21,0
2025/11/13 21:15,clusterB,0,4,0,4,0,0,0,1,0,0
2025/11/13 21:15,clusterA,0,4,3,1,0.34,0.21,0,0.79,0.21,0
2025/11/13 21:15,clusterB,0,4,0,4,0,0,0,1,0,0
2025/11/13 21:15,clusterA,0,4,3,1,0.34,0.21,0,0.79,0.21,0
2025/11/13 21:15,clusterB,0,4,0,4,0,0,0,1,0,0
2025/11/13 21:15,clusterA,0,4,3,1,0.34,0.21,0,0.79,0.21,0
2025/11/13 21:15,clusterB,0,4,0,4,0,0,0,1,0,0
2025/11/13 21:15,clusterA,0,4,3,1,0.34,0.21,0,0.79,0.21,0
2025/11/13 21:15,clusterB,0,4,0,4,0,0,0,1,0,0
2025/11/13 21:15,clusterA,0,4,3,1,0.34,0.2,0,0.8,0.2,0
2025/11/13 21:15,clusterB,0,4,0,4,0,0,0,1,0,0
2025/11/13 21:15,clusterA,0,4,3,1,0.35,0.21,0,0.79,0.21,0
2025/11/13 21:15,clusterB,0,4,0,4,0,0,0,1,0,0
2025/11/13 21:15,clusterA,0,4,3,1,0.34,0.2,0,0.8,0.2,0
2025/11/13 21:15,clusterB,0,4,0,4,0,0,0,1,0,0
2025/11/13 21:15,clusterA,0,4,3,1,0.33,0.2,0,0.8,0.2,0
2025/11/13 21:15,clusterB,0,4,0,4,0,0,0,1,0,0
2025/11/13 21:15,clusterA,0,4,3,1,0.33,0.2,0,0.8,0.2,0
2025/11/13 21:15,clusterB,0,4,0,4,0,0,0,1,0,0
2025/11/13 21:15,clusterA,0,4,3,1,0.32,0.2,0,0.8,0.2,0
2025/11/13 21:15,clusterB,0,4,0,4,0,0,0,1,0,0
2025/11/13 21:15,clusterA,0,4,3,1,0.31,0.2,0,0.8,0.2,0
2025/11/13 21:15,clusterB,0,4,0,4,0,0,0,1,0,0
2025/11/13 21:16,clusterA,0,4,3,1,0.3,0.2,0,0.8,0.2,0
2025/11/13 21:16,clusterB,0,4,0,4,0,0,0,1,0,0
2025/11/13 21:16,clusterA,0,4,3,1,0.3,0.2,0,0.8,0.2,0
2025/11/13 21:16,clusterB,0,4,0,4,0,0,0,1,0,0
2025/11/13 21:16,clusterA,0,4,3,1,0.3,0.2,0,0.8,0.2,0
2025/11/13 21:16,clusterB,0,4,0,4,0,0,0,1,0,0
2025/11/13 21:16,clusterA,0,4,3,1,0.3,0.2,0,0.8,0.2,0
2025/11/13 21:16,clusterB,0,4,0,4,0,0,0,1,0,0
2025/11/13 21:16,clusterA,0,4,3,1,0.3,0.2,0,0.8,0.2,0
2025/11/13 21:16,clusterB,0,4,0,4,0,0,0,1,0,0
2025/11/13 21:16,clusterA,0,4,3,1,0.3,0.2,0,0.8,0.2,0
2025/11/13 21:16,clusterB,0,4,0,4,0,0,0,1,0,0
2025/11/13 21:16,clusterA,0,4,3,1,0.3,0.2,0,0.8,0.2,0
2025/11/13 21:16,clusterB,0,4,0,4,0,0,0,1,0,0
2025/11/13 21:16,clusterA,0,4,3,1,0.29,0.2,0,0.8,0.2,0
2025/11/13 21:16,clusterB,0,4,0,4,0,0,0,1,0,0
2025/11/13 21:16,clusterA,0,4,3,1,0.3,0.2,0,0.8,0.2,0
2025/11/13 21:16,clusterB,0,4,0,4,0,0,0,1,0,0
2025/11/13 21:16,clusterA,0,4,3,1,0.31,0.21,0,0.79,0.21,0
2025/11/13 21:16,clusterB,0,4,0,4,0,0,0,1,0,0
2025/11/13 21:16,clusterA,0,4,3,1,0.31,0.21,0,0.79,0.21,0
2025/11/13 21:16,clusterB,0,4,0,4,0,0,0,1,0,0
2025/11/13 21:16,clusterA,0,4,3,1,0.31,0.21,0,0.79,0.21,0
2025/11/13 21:16,clusterB,0,4,0,4,0,0,0,1,0,0
2025/11/13 21:17,clusterA,0,4,3,1,0.33,0.21,0,0.79,0.21,0
2025/11/13 21:17,clusterB,0,4,0,4,0,0,0,1,0,0
2025/11/13 21:17,clusterA,0,4,3,1,0.33,0.21,0,0.79,0.21,0
2025/11/13 21:17,clusterB,0,4,0,4,0,0,0,1,0,0
2025/11/13 21:17,clusterA,0,4,3,1,0.33,0.21,0,0.79,0.21,0
2025/11/13 21:17,clusterB,0,4,0,4,0,0,0,1,0,0
2025/11/13 21:17,clusterA,0,4,3,1,0.34,0.21,0,0.79,0.21,0
2025/11/13 21:17,clusterB,0,4,0,4,0,0,0,1,0,0
2025/11/13 21:17,clusterA,0,4,3,1,0.34,0.21,0,0.79,0.21,0
2025/11/13 21:17,clusterB,0,4,0,4,0,0,0,1,0,0
2025/11/13 21:17,clusterA,0,4,3,1,0.34,0.21,0,0.79,0.21,0
2025/11/13 21:17,clusterB,0,4,0,4,0,0,0,1,0,0
2025/11/13 21:17,clusterA,0,4,3,1,0.33,0.21,0,0.79,0.21,0
2025/11/13 21:17,clusterB,0,4,0,4,0,0,0,1,0,0
2025/11/13 21:17,clusterA,0,4,3,1,0.33,0.2,0,0.8,0.2,0
2025/11/13 21:17,clusterB,0,4,0,4,0,0,0,1,0,0
2025/11/13 21:17,clusterA,0,4,3,1,0.33,0.2,0,0.8,0.2,0
2025/11/13 21:17,clusterB,0,4,0,4,0,0,0,1,0,0
2025/11/13 21:17,clusterA,0,4,3,1,0.32,0.2,0,0.8,0.2,0
2025/11/13 21:17,clusterB,0,4,0,4,0,0,0,1,0,0
2025/11/13 21:17,clusterA,0,4,3,1,0.33,0.2,0,0.8,0.2,0
2025/11/13 21:17,clusterB,0,4,0,4,0,0,0,1,0,0
2025/11/13 21:17,clusterA,0,4,3,1,0.31,0.2,0,0.8,0.2,0
2025/11/13 21:17,clusterB,0,4,0,4,0,0,0,1,0,0
2025/11/13 21:18,clusterA,0,4,3,1,0.3,0.19,0,0.81,0.19,0
2025/11/13 21:18,clusterB,0,4,0,4,0,0,0,1,0,0
2025/11/13 21:18,clusterA,0,4,3,1,0.3,0.19,0,0.81,0.19,0
2025/11/13 21:18,clusterB,0,4,0,4,0,0,0,1,0,0
2025/11/13 21:18,clusterA,0,4,3,1,0.29,0.19,0,0.81,0.19,0
2025/11/13 21:18,clusterB,0,4,0,4,0,0,0,1,0,0
2025/11/13 21:18,clusterA,0,4,3,1,0.29,0.2,0,0.8,0.2,0
2025/11/13 21:18,clusterB,0,4,0,4,0,0,0,1,0,0
2025/11/13 21:18,clusterA,0,4,3,1,0.27,0.19,0,0.81,0.19,0
2025/11/13 21:18,clusterB,0,4,0,4,0,0,0,1,0,0
2025/11/13 21:18,clusterA,0,4,3,1,0.28,0.19,0,0.81,0.19,0
2025/11/13 21:18,clusterB,0,4,0,4,0,0,0,1,0,0
2025/11/13 21:18,clusterA,0,4,3,1,0.28,0.2,0,0.8,0.2,0
2025/11/13 21:18,clusterB,0,4,0,4,0,0,0,1,0,0
2025/11/13 21:18,clusterA,0,4,3,1,0.28,0.2,0,0.8,0.2,0
2025/11/13 21:18,clusterB,0,4,0,4,0,0,0,1,0,0
2025/11/13 21:18,clusterA,0,4,3,1,0.28,0.2,0,0.8,0.2,0
2025/11/13 21:18,clusterB,0,4,0,4,0,0,0,1,0,0
2025/11/13 21:18,clusterA,0,4,3,1,0.29,0.2,0,0.8,0.2,0
2025/11/13 21:18,clusterB,0,4,0,4,0,0,0,1,0,0
2025/11/13 21:18,clusterA,0,4,3,1,0.29,0.2,0,0.8,0.2,0
2025/11/13 21:18,clusterB,0,4,0,4,0,0,0,1,0,0
2025/11/13 21:18,clusterA,0,4,3,1,0.31,0.21,0,0.79,0.21,0
2025/11/13 21:18,clusterB,0,4,0,4,0,0,0,1,0,0
2025/11/13 21:19,clusterA,0,4,3,1,0.31,0.21,0,0.79,0.21,0
2025/11/13 21:19,clusterB,0,4,0,4,0,0,0,1,0,0
2025/11/13 21:19,clusterA,0,4,3,1,0.32,0.21,0,0.79,0.21,0
2025/11/13 21:19,clusterB,0,4,0,4,0,0,0,1,0,0
2025/11/13 21:19,clusterA,0,4,3,1,0.32,0.21,0,0.79,0.21,0
2025/11/13 21:19,clusterB,0,4,0,4,0,0,0,1,0,0
2025/11/13 21:19,clusterA,0,4,3,1,0.32,0.21,0,0.79,0.21,0
2025/11/13 21:19,clusterB,0,4,0,4,0,0,0,1,0,0
2025/11/13 21:19,clusterA,0,4,3,1,0.34,0.21,0,0.79,0.21,0
2025/11/13 21:19,clusterB,0,4,0,4,0,0,0,1,0,0
2025/11/13 21:19,clusterA,0,4,3,1,0.34,0.21,0,0.79,0.21,0
2025/11/13 21:19,clusterB,0,4,0,4,0,0,0,1,0,0
2025/11/13 21:19,clusterA,0,4,3,1,0.34,0.21,0,0.79,0.21,0
2025/11/13 21:19,clusterB,0,4,0,4,0,0,0,1,0,0
2025/11/13 21:19,clusterA,0,4,3,1,0.34,0.21,0,0.79,0.21,0
2025/11/13 21:19,clusterB,0,4,0,4,0,0,0,1,0,0
2025/11/13 21:19,clusterA,0,4,3,1,0.34,0.2,0,0.8,0.2,0
2025/11/13 21:19,clusterB,0,4,0,4,0,0,0,1,0,0
2025/11/13 21:19,clusterA,0,4,3,1,0.34,0.2,0,0.8,0.2,0
2025/11/13 21:19,clusterB,0,4,0,4,0,0,0,1,0,0
2025/11/13 21:19,clusterA,0,4,3,1,0.34,0.2,0,0.8,0.2,0
2025/11/13 21:19,clusterB,0,4,0,4,0,0,0,1,0,0
2025/11/13 21:19,clusterA,0,4,3,1,0.31,0.2,0,0.8,0.2,0
2025/11/13 21:19,clusterB,0,4,0,4,0,0,0,1,0,0
2025/11/13 21:20,clusterA,0,4,3,1,0.3,0.2,0,0.8,0.2,0
2025/11/13 21:20,clusterB,0,4,0,4,0,0,0,1,0,0
2025/11/13 21:20,clusterA,0,4,3,1,0.3,0.2,0,0.8,0.2,0
2025/11/13 21:20,clusterB,0,4,0,4,0,0,0,1,0,0
2025/11/13 21:20,clusterA,0,4,3,1,0.29,0.2,0,0.8,0.2,0
2025/11/13 21:20,clusterB,0,4,0,4,0,0,0,1,0,0
2025/11/13 21:20,clusterA,0,4,3,1,0.29,0.2,0,0.8,0.2,0
2025/11/13 21:20,clusterB,0,4,0,4,0,0,0,1,0,0
2025/11/13 21:20,clusterA,0,4,3,1,0.29,0.2,0,0.8,0.2,0
2025/11/13 21:20,clusterB,0,4,0,4,0,0,0,1,0,0
2025/11/13 21:20,clusterA,0,4,3,1,0.29,0.2,0,0.8,0.2,0
2025/11/13 21:20,clusterB,0,4,0,4,0,0,0,1,0,0
2025/11/13 21:20,clusterA,0,4,3,1,0.29,0.2,0,0.8,0.2,0
2025/11/13 21:20,clusterB,0,4,0,4,0,0,0,1,0,0
2025/11/13 21:20,clusterA,0,4,3,1,0.31,0.2,0,0.8,0.2,0
2025/11/13 21:20,clusterB,0,4,0,4,0,0,0,1,0,0
2025/11/13 21:20,clusterA,0,4,3,1,0.31,0.21,0,0.79,0.21,0
2025/11/13 21:20,clusterB,0,4,0,4,0,0,0,1,0,0
2025/11/13 21:20,clusterA,0,4,3,1,0.31,0.21,0,0.79,0.21,0
2025/11/13 21:20,clusterB,0,4,0,4,0,0,0,1,0,0
2025/11/13 21:20,clusterA,0,4,3,1,0.31,0.21,0,0.79,0.21,0
2025/11/13 21:20,clusterB,0,4,0,4,0,0,0,1,0,0
2025/11/13 21:20,clusterA,0,4,3,1,0.34,0.21,0,0.79,0.21,0
2025/11/13 21:20,clusterB,0,4,0,4,0,0,0,1,0,0
2025/11/13 21:21,clusterA,0,4,3,1,0.35,0.21,0,0.79,0.21,0
2025/11/13 21:21,clusterB,0,4,0,4,0,0,0,1,0,0
2025/11/13 21:21,clusterA,0,4,3,1,0.35,0.21,0,0.79,0.21,0
2025/11/13 21:21,clusterB,0,4,0,4,0,0,0,1,0,0
2025/11/13 21:21,clusterA,0,4,3,1,0.36,0.22,0,0.78,0.22,0
2025/11/13 21:21,clusterB,0,4,0,4,0,0,0,1,0,0
2025/11/13 21:21,clusterA,0,4,3,1,0.36,0.22,0,0.78,0.22,0
2025/11/13 21:21,clusterB,0,4,0,4,0,0,0,1,0,0
2025/11/13 21:21,clusterA,0,4,3,1,0.36,0.21,0,0.79,0.21,0
2025/11/13 21:21,clusterB,0,4,0,4,0,0,0,1,0,0
2025/11/13 21:21,clusterA,0,4,3,1,0.36,0.21,0,0.79,0.21,0
2025/11/13 21:21,clusterB,0,4,0,4,0,0,0,1,0,0
2025/11/13 21:21,clusterA,0,4,3,1,0.36,0.21,0,0.79,0.21,0
2025/11/13 21:21,clusterB,0,4,0,4,0,0,0,1,0,0
2025/11/13 21:21,clusterA,0,4,3,1,0.35,0.21,0,0.79,0.21,0
2025/11/13 21:21,clusterB,0,4,0,4,0,0,0,1,0,0
2025/11/13 21:21,clusterA,0,4,3,1,0.34,0.21,0,0.79,0.21,0
2025/11/13 21:21,clusterB,0,4,0,4,0,0,0,1,0,0
2025/11/13 21:21,clusterA,0,4,3,1,0.34,0.21,0,0.79,0.21,0
2025/11/13 21:21,clusterB,0,4,0,4,0,0,0,1,0,0
2025/11/13 21:21,clusterA,0,4,3,1,0.35,0.2,0,0.8,0.2,0
2025/11/13 21:21,clusterB,0,4,0,4,0,0,0,1,0,0
2025/11/13 21:21,clusterA,0,4,3,1,0.34,0.2,0,0.8,0.2,0
2025/11/13 21:21,clusterB,0,4,0,4,0,0,0,1,0,0
2025/11/13 21:22,clusterA,0,4,3,1,0.33,0.2,0,0.8,0.2,0
2025/11/13 21:22,clusterB,0,4,0,4,0,0,0,1,0,0
2025/11/13 21:22,clusterA,0,4,3,1,0.33,0.2,0,0.8,0.2,0
2025/11/13 21:22,clusterB,0,4,0,4,0,0,0,1,0,0
2025/11/13 21:22,clusterA,0,4,3,1,0.3,0.2,0,0.8,0.2,0
2025/11/13 21:22,clusterB,0,4,0,4,0,0,0,1,0,0
2025/11/13 21:22,clusterA,0,4,3,1,0.31,0.2,0,0.8,0.2,0
2025/11/13 21:22,clusterB,0,4,0,4,0,0,0,1,0,0
2025/11/13 21:22,clusterA,0,4,3,1,0.31,0.2,0,0.8,0.2,0
2025/11/13 21:22,clusterB,0,4,0,4,0,0,0,1,0,0
2025/11/13 21:22,clusterA,0,4,3,1,0.3,0.2,0,0.8,0.2,0
2025/11/13 21:22,clusterB,0,4,0,4,0,0,0,1,0,0
2025/11/13 21:22,clusterA,0,4,3,1,0.3,0.2,0,0.8,0.2,0
2025/11/13 21:22,clusterB,0,4,0,4,0,0,0,1,0,0
2025/11/13 21:22,clusterA,0,4,3,1,0.3,0.2,0,0.8,0.2,0
2025/11/13 21:22,clusterB,0,4,0,4,0,0,0,1,0,0
2025/11/13 21:22,clusterA,0,4,3,1,0.3,0.2,0,0.8,0.2,0
2025/11/13 21:22,clusterB,0,4,0,4,0,0,0,1,0,0
2025/11/13 21:22,clusterA,0,4,3,1,0.3,0.2,0,0.8,0.2,0
2025/11/13 21:22,clusterB,0,4,0,4,0,0,0,1,0,0
2025/11/13 21:22,clusterA,0,4,3,1,0.3,0.2,0,0.8,0.2,0
2025/11/13 21:22,clusterB,0,4,0,4,0,0,0,1,0,0
2025/11/13 21:22,clusterA,0,4,3,1,0.3,0.2,0,0.8,0.2,0
2025/11/13 21:22,clusterB,0,4,0,4,0,0,0,1,0,0
2025/11/13 21:23,clusterA,0,4,3,1,0.31,0.2,0,0.8,0.2,0
2025/11/13 21:23,clusterB,0,4,0,4,0,0,0,1,0,0
2025/11/13 21:23,clusterA,0,4,3,1,0.32,0.21,0,0.79,0.21,0
2025/11/13 21:23,clusterB,0,4,0,4,0,0,0,1,0,0
2025/11/13 21:23,clusterA,0,4,3,1,0.32,0.21,0,0.79,0.21,0
2025/11/13 21:23,clusterB,0,4,0,4,0,0,0,1,0,0
2025/11/13 21:23,clusterA,0,4,3,1,0.34,0.21,0,0.79,0.21,0
2025/11/13 21:23,clusterB,0,4,0,4,0,0,0,1,0,0
2025/11/13 21:23,clusterA,0,4,3,1,0.34,0.21,0,0.79,0.21,0
2025/11/13 21:23,clusterB,0,4,0,4,0,0,0,1,0,0
2025/11/13 21:23,clusterA,0,4,3,1,0.34,0.21,0,0.79,0.21,0
2025/11/13 21:23,clusterB,0,4,0,4,0,0,0,1,0,0
2025/11/13 21:23,clusterA,0,4,3,1,0.34,0.21,0,0.79,0.21,0
2025/11/13 21:23,clusterB,0,4,0,4,0,0,0,1,0,0
2025/11/13 21:23,clusterA,0,4,3,1,0.34,0.2,0,0.8,0.2,0
2025/11/13 21:23,clusterB,0,4,0,4,0,0,0,1,0,0
2025/11/13 21:23,clusterA,0,4,3,1,0.34,0.2,0,0.8,0.2,0
2025/11/13 21:23,clusterB,0,4,0,4,0,0,0,1,0,0
2025/11/13 21:23,clusterA,0,4,3,1,0.33,0.2,0,0.8,0.2,0
2025/11/13 21:23,clusterB,0,4,0,4,0,0,0,1,0,0
2025/11/13 21:23,clusterA,0,4,3,1,0.34,0.2,0,0.8,0.2,0
2025/11/13 21:23,clusterB,0,4,0,4,0,0,0,1,0,0
2025/11/13 21:23,clusterA,0,4,3,1,0.34,0.2,0,0.8,0.2,0
2025/11/13 21:23,clusterB,0,4,0,4,0,0,0,1,0,0
2025/11/13 21:24,clusterA,0,4,3,1,0.33,0.2,0,0.8,0.2,0
2025/11/13 21:24,clusterB,0,4,0,4,0,0,0,1,0,0
2025/11/13 21:24,clusterA,0,4,3,1,0.31,0.2,0,0.8,0.2,0
2025/11/13 21:24,clusterB,0,4,0,4,0,0,0,1,0,0
2025/11/13 21:24,clusterA,0,4,3,1,0.3,0.19,0,0.81,0.19,0
2025/11/13 21:24,clusterB,0,4,0,4,0,0,0,1,0,0
2025/11/13 21:24,clusterA,0,4,3,1,0.28,0.19,0,0.81,0.19,0
2025/11/13 21:24,clusterB,0,4,0,4,0,0,0,1,0,0
2025/11/13 21:24,clusterA,0,4,3,1,0.27,0.19,0,0.81,0.19,0
2025/11/13 21:24,clusterB,0,4,0,4,0,0,0,1,0,0
2025/11/13 21:24,clusterA,0,4,3,1,0.28,0.19,0,0.81,0.19,0
2025/11/13 21:24,clusterB,0,4,0,4,0,0,0,1,0,0
2025/11/13 21:24,clusterA,0,4,3,1,0.27,0.2,0,0.8,0.2,0
2025/11/13 21:24,clusterB,0,4,0,4,0,0,0,1,0,0
2025/11/13 21:24,clusterA,0,4,3,1,0.28,0.19,0,0.81,0.19,0
2025/11/13 21:24,clusterB,0,4,0,4,0,0,0,1,0,0
2025/11/13 21:24,clusterA,0,4,3,1,0.27,0.2,0,0.8,0.2,0
2025/11/13 21:24,clusterB,0,4,0,4,0,0,0,1,0,0
2025/11/13 21:24,clusterA,0,4,3,1,0.28,0.2,0,0.8,0.2,0
2025/11/13 21:24,clusterB,0,4,0,4,0,0,0,1,0,0
2025/11/13 21:24,clusterA,0,4,3,1,0.28,0.2,0,0.8,0.2,0
2025/11/13 21:24,clusterB,0,4,0,4,0,0,0,1,0,0
2025/11/13 21:24,clusterA,0,4,3,1,0.28,0.2,0,0.8,0.2,0
2025/11/13 21:24,clusterB,0,4,0,4,0,0,0,1,0,0
2025/11/13 21:25,clusterA,0,4,3,1,0.29,0.2,0,0.8,0.2,0
2025/11/13 21:25,clusterB,0,4,0,4,0,0,0,1,0,0
2025/11/13 21:25,clusterA,0,4,3,1,0.3,0.2,0,0.8,0.2,0
2025/11/13 21:25,clusterB,0,4,0,4,0,0,0,1,0,0
2025/11/13 21:25,clusterA,0,4,3,1,0.31,0.21,0,0.79,0.21,0
2025/11/13 21:25,clusterB,0,4,0,4,0,0,0,1,0,0
2025/11/13 21:25,clusterA,0,4,3,1,0.34,0.21,0,0.79,0.21,0
2025/11/13 21:25,clusterB,0,4,0,4,0,0,0,1,0,0
2025/11/13 21:25,clusterA,0,4,3,1,0.33,0.21,0,0.79,0.21,0
2025/11/13 21:25,clusterB,0,4,0,4,0,0,0,1,0,0
2025/11/13 21:25,clusterA,0,4,3,1,0.33,0.21,0,0.79,0.21,0
2025/11/13 21:25,clusterB,0,4,0,4,0,0,0,1,0,0
2025/11/13 21:25,clusterA,0,4,3,1,0.33,0.21,0,0.79,0.21,0
2025/11/13 21:25,clusterB,0,4,0,4,0,0,0,1,0,0
2025/11/13 21:25,clusterA,0,4,3,1,0.33,0.21,0,0.79,0.21,0
2025/11/13 21:25,clusterB,0,4,0,4,0,0,0,1,0,0
2025/11/13 21:25,clusterA,0,4,3,1,0.34,0.21,0,0.79,0.21,0
2025/11/13 21:25,clusterB,0,4,0,4,0,0,0,1,0,0
2025/11/13 21:25,clusterA,0,4,3,1,0.34,0.21,0,0.79,0.21,0
2025/11/13 21:25,clusterB,0,4,0,4,0,0,0,1,0,0
2025/11/13 21:25,clusterA,0,4,3,1,0.33,0.21,0,0.79,0.21,0
2025/11/13 21:25,clusterB,0,4,0,4,0,0,0,1,0,0
2025/11/13 21:25,clusterA,0,4,3,1,0.33,0.2,0,0.8,0.2,0
2025/11/13 21:25,clusterB,0,4,0,4,0,0,0,1,0,0
2025/11/13 21:26,clusterA,0,4,3,1,0.32,0.2,0,0.8,0.2,0
2025/11/13 21:26,clusterB,0,4,0,4,0,0,0,1,0,0
2025/11/13 21:26,clusterA,0,4,3,1,0.31,0.2,0,0.8,0.2,0
2025/11/13 21:26,clusterB,0,4,0,4,0,0,0,1,0,0
2025/11/13 21:26,clusterA,0,4,3,1,0.3,0.2,0,0.8,0.2,0
2025/11/13 21:26,clusterB,0,4,0,4,0,0,0,1,0,0
2025/11/13 21:26,clusterA,0,4,3,1,0.29,0.2,0,0.8,0.2,0
2025/11/13 21:26,clusterB,0,4,0,4,0,0,0,1,0,0
2025/11/13 21:26,clusterA,0,4,3,1,0.29,0.2,0,0.8,0.2,0
2025/11/13 21:26,clusterB,0,4,0,4,0,0,0,1,0,0
2025/11/13 21:26,clusterA,0,4,3,1,0.29,0.2,0,0.8,0.2,0
2025/11/13 21:26,clusterB,0,4,0,4,0,0,0,1,0,0
2025/11/13 21:26,clusterA,0,4,3,1,0.29,0.2,0,0.8,0.2,0
2025/11/13 21:26,clusterB,0,4,0,4,0,0,0,1,0,0
2025/11/13 21:26,clusterA,0,4,3,1,0.29,0.2,0,0.8,0.2,0
2025/11/13 21:26,clusterB,0,4,0,4,0,0,0,1,0,0
2025/11/13 21:26,clusterA,0,4,3,1,0.28,0.2,0,0.8,0.2,0
2025/11/13 21:26,clusterB,0,4,0,4,0,0,0,1,0,0
2025/11/13 21:26,clusterA,0,4,3,1,0.28,0.2,0,0.8,0.2,0
2025/11/13 21:26,clusterB,0,4,0,4,0,0,0,1,0,0
2025/11/13 21:26,clusterA,0,4,3,1,0.29,0.2,0,0.8,0.2,0
2025/11/13 21:26,clusterB,0,4,0,4,0,0,0,1,0,0
2025/11/13 21:26,clusterA,0,4,3,1,0.3,0.2,0,0.8,0.2,0
2025/11/13 21:26,clusterB,0,4,0,4,0,0,0,1,0,0
2025/11/13 21:27,clusterA,0,4,3,1,0.31,0.2,0,0.8,0.2,0
2025/11/13 21:27,clusterB,0,4,0,4,0,0,0,1,0,0
2025/11/13 21:27,clusterA,0,4,3,1,0.32,0.21,0,0.79,0.21,0
2025/11/13 21:27,clusterB,0,4,0,4,0,0,0,1,0,0
2025/11/13 21:27,clusterA,0,4,3,1,0.33,0.21,0,0.79,0.21,0
2025/11/13 21:27,clusterB,0,4,0,4,0,0,0,1,0,0
2025/11/13 21:27,clusterA,0,4,3,1,0.34,0.21,0,0.79,0.21,0
2025/11/13 21:27,clusterB,0,4,0,4,0,0,0,1,0,0
2025/11/13 21:27,clusterA,0,4,3,1,0.35,0.21,0,0.79,0.21,0
2025/11/13 21:27,clusterB,0,4,0,4,0,0,0,1,0,0
2025/11/13 21:27,clusterA,0,4,3,1,0.35,0.21,0,0.79,0.21,0
2025/11/13 21:27,clusterB,0,4,0,4,0,0,0,1,0,0
2025/11/13 21:27,clusterA,0,4,3,1,0.35,0.21,0,0.79,0.21,0
2025/11/13 21:27,clusterB,0,4,0,4,0,0,0,1,0,0
2025/11/13 21:27,clusterA,0,4,3,1,0.35,0.21,0,0.79,0.21,0
2025/11/13 21:27,clusterB,0,4,0,4,0,0,0,1,0,0
2025/11/13 21:27,clusterA,0,4,3,1,0.36,0.21,0,0.79,0.21,0
2025/11/13 21:27,clusterB,0,4,0,4,0,0,0,1,0,0
2025/11/13 21:27,clusterA,0,4,3,1,0.35,0.21,0,0.79,0.21,0
2025/11/13 21:27,clusterB,0,4,0,4,0,0,0,1,0,0
2025/11/13 21:27,clusterA,0,4,3,1,0.35,0.2,0,0.8,0.2,0
2025/11/13 21:27,clusterB,0,4,0,4,0,0,0,1,0,0
2025/11/13 21:27,clusterA,0,4,3,1,0.34,0.2,0,0.8,0.2,0
2025/11/13 21:27,clusterB,0,4,0,4,0,0,0,1,0,0
2025/11/13 21:28,clusterA,0,4,3,1,0.33,0.2,0,0.8,0.2,0
2025/11/13 21:28,clusterB,0,4,0,4,0,0,0,1,0,0
2025/11/13 21:28,clusterA,0,4,3,1,0.32,0.2,0,0.8,0.2,0
2025/11/13 21:28,clusterB,0,4,0,4,0,0,0,1,0,0
2025/11/13 21:28,clusterA,0,4,3,1,0.32,0.2,0,0.8,0.2,0
2025/11/13 21:28,clusterB,0,4,0,4,0,0,0,1,0,0
2025/11/13 21:28,clusterA,0,4,3,1,0.31,0.19,0,0.81,0.19,0
2025/11/13 21:28,clusterB,0,4,0,4,0,0,0,1,0,0
2025/11/13 21:28,clusterA,0,4,3,1,0.31,0.19,0,0.81,0.19,0
2025/11/13 21:28,clusterB,0,4,0,4,0,0,0,1,0,0
2025/11/13 21:28,clusterA,0,4,3,1,0.31,0.19,0,0.81,0.19,0
2025/11/13 21:28,clusterB,0,4,0,4,0,0,0,1,0,0
2025/11/13 21:28,clusterA,0,4,3,1,0.3,0.19,0,0.81,0.19,0
2025/11/13 21:28,clusterB,0,4,0,4,0,0,0,1,0,0
2025/11/13 21:28,clusterA,0,4,3,1,0.3,0.19,0,0.81,0.19,0
2025/11/13 21:28,clusterB,0,4,0,4,0,0,0,1,0,0
2025/11/13 21:28,clusterA,0,4,3,1,0.3,0.19,0,0.81,0.19,0
2025/11/13 21:28,clusterB,0,4,0,4,0,0,0,1,0,0
2025/11/13 21:28,clusterA,0,4,3,1,0.29,0.19,0,0.81,0.19,0
2025/11/13 21:28,clusterB,0,4,0,4,0,0,0,1,0,0
2025/11/13 21:28,clusterA,0,4,3,1,0.29,0.19,0,0.81,0.19,0
2025/11/13 21:28,clusterB,0,4,0,4,0,0,0,1,0,0
2025/11/13 21:28,clusterA,0,4,3,1,0.29,0.2,0,0.8,0.2,0
2025/11/13 21:28,clusterB,0,4,0,4,0,0,0,1,0,0
2025/11/13 21:29,clusterA,0,4,3,1,0.3,0.2,0,0.8,0.2,0
2025/11/13 21:29,clusterB,0,4,0,4,0,0,0,1,0,0
2025/11/13 21:29,clusterA,0,4,3,1,0.32,0.2,0,0.8,0.2,0
2025/11/13 21:29,clusterB,0,4,0,4,0,0,0,1,0,0
2025/11/13 21:29,clusterA,0,4,3,1,0.32,0.2,0,0.8,0.2,0
2025/11/13 21:29,clusterB,0,4,0,4,0,0,0,1,0,0
2025/11/13 21:29,clusterA,0,4,3,1,0.33,0.2,0,0.8,0.2,0
2025/11/13 21:29,clusterB,0,4,0,4,0,0,0,1,0,0
2025/11/13 21:29,clusterA,0,4,3,1,0.33,0.21,0,0.79,0.21,0
2025/11/13 21:29,clusterB,0,4,0,4,0,0,0,1,0,0
2025/11/13 21:29,clusterA,0,4,3,1,0.34,0.21,0,0.79,0.21,0
2025/11/13 21:29,clusterB,0,4,0,4,0,0,0,1,0,0
2025/11/13 21:29,clusterA,0,4,3,1,0.33,0.21,0,0.79,0.21,0
2025/11/13 21:29,clusterB,0,4,0,4,0,0,0,1,0,0
2025/11/13 21:29,clusterA,0,4,3,1,0.34,0.21,0,0.79,0.21,0
2025/11/13 21:29,clusterB,0,4,0,4,0,0,0,1,0,0
2025/11/13 21:29,clusterA,0,4,3,1,0.34,0.21,0,0.79,0.21,0
2025/11/13 21:29,clusterB,0,4,0,4,0,0,0,1,0,0
2025/11/13 21:29,clusterA,0,4,3,1,0.34,0.21,0,0.79,0.21,0
2025/11/13 21:29,clusterB,0,4,0,4,0,0,0,1,0,0
2025/11/13 21:29,clusterA,0,4,3,1,0.34,0.21,0,0.79,0.21,0
2025/11/13 21:29,clusterB,0,4,0,4,0,0,0,1,0,0
2025/11/13 21:29,clusterA,0,4,3,1,0.34,0.2,0,0.8,0.2,0
2025/11/13 21:29,clusterB,0,4,0,4,0,0,0,1,0,0
2025/11/13 21:30,clusterA,0,4,3,1,0.33,0.2,0,0.8,0.2,0
2025/11/13 21:30,clusterB,0,4,0,4,0,0,0,1,0,0
2025/11/13 21:30,clusterA,0,4,3,1,0.33,0.2,0,0.8,0.2,0
2025/11/13 21:30,clusterB,0,4,0,4,0,0,0,1,0,0
2025/11/13 21:30,clusterA,0,4,3,1,0.31,0.2,0,0.8,0.2,0
2025/11/13 21:30,clusterB,0,4,2,2,0,0,0,1,0,0
2025/11/13 21:30,clusterA,0,4,3,1,0.31,0.2,0,0.8,0.2,0
2025/11/13 21:30,clusterB,0,4,2,2,0,0,0,1,0,0
2025/11/13 21:30,clusterA,0,4,3,1,0.31,0.2,0,0.8,0.2,0
2025/11/13 21:30,clusterB,0,4,2,2,0,0,0,1,0,0
2025/11/13 21:30,clusterA,0,4,3,1,0.3,0.2,0,0.8,0.2,0
2025/11/13 21:30,clusterB,0,4,2,2,0,0,0,1,0,0
2025/11/13 21:30,clusterA,0,4,3,1,0.31,0.2,0,0.8,0.2,0
2025/11/13 21:30,clusterB,0,4,2,2,0,0,0,1,0,0
2025/11/13 21:30,clusterA,0,4,3,1,0.31,0.2,0,0.8,0.2,0
2025/11/13 21:30,clusterB,0,4,2,2,0,0,0,1,0,0
2025/11/13 21:30,clusterA,0,4,3,1,0.32,0.2,0,0.8,0.2,0
2025/11/13 21:30,clusterB,0,4,2,2,0,0,0,1,0,0
2025/11/13 21:30,clusterA,0,4,3,1,0.33,0.2,0,0.8,0.2,0
2025/11/13 21:30,clusterB,0,4,2,2,0,0,0,1,0,0
2025/11/13 21:30,clusterA,0,4,3,1,0.31,0.2,0,0.8,0.2,0
2025/11/13 21:30,clusterB,0,4,2,2,0,0,0,1,0,0
2025/11/13 21:30,clusterA,0,4,3,1,0.31,0.2,0,0.8,0.2,0
2025/11/13 21:30,clusterB,0,4,2,2,0,0,0,1,0,0
2025/11/13 21:31,clusterA,0,4,3,1,0.32,0.21,0,0.79,0.21,0
2025/11/13 21:31,clusterB,0,4,2,2,0,0,0,1,0,0
2025/11/13 21:31,clusterA,0,4,3,1,0.33,0.21,0,0.79,0.21,0
2025/11/13 21:31,clusterB,0,4,2,2,0,0,0,1,0,0
2025/11/13 21:31,clusterA,0,4,3,1,0.34,0.21,0,0.79,0.21,0
2025/11/13 21:31,clusterB,0,4,2,2,0,0,0,1,0,0
2025/11/13 21:31,clusterA,0,4,3,1,0.35,0.21,0,0.79,0.21,0
2025/11/13 21:31,clusterB,0,4,2,2,0,0,0,1,0,0
2025/11/13 21:31,clusterA,0,4,3,1,0.35,0.21,0,0.79,0.21,0
2025/11/13 21:31,clusterB,0,4,2,2,0,0,0,1,0,0
2025/11/13 21:31,clusterA,0,4,3,1,0.35,0.21,0,0.79,0.21,0
2025/11/13 21:31,clusterB,0,4,2,2,0,0,0,1,0,0
2025/11/13 21:31,clusterA,0,4,3,1,0.35,0.21,0,0.79,0.21,0
2025/11/13 21:31,clusterB,0,4,2,2,0,0,0,1,0,0
2025/11/13 21:31,clusterA,0,4,3,1,0.34,0.21,0,0.79,0.21,0
2025/11/13 21:31,clusterB,0,4,2,2,0,0,0,1,0,0
2025/11/13 21:31,clusterA,0,4,3,1,0.34,0.21,0,0.79,0.21,0
2025/11/13 21:31,clusterB,0,4,2,2,0,0,0,1,0,0
2025/11/13 21:31,clusterA,0,4,3,1,0.33,0.2,0,0.8,0.2,0
2025/11/13 21:31,clusterB,0,4,2,2,0,0,0,1,0,0
2025/11/13 21:31,clusterA,0,4,3,1,0.34,0.2,0,0.8,0.2,0
2025/11/13 21:31,clusterB,0,4,2,2,0,0,0,1,0,0
2025/11/13 21:31,clusterA,0,4,3,1,0.34,0.2,0,0.8,0.2,0
2025/11/13 21:31,clusterB,0,4,2,2,0,0,0,1,0,0
2025/11/13 21:32,clusterA,0,4,3,1,0.33,0.2,0,0.8,0.2,0
2025/11/13 21:32,clusterB,0,4,2,2,0,0,0,1,0,0
2025/11/13 21:32,clusterA,0,4,3,1,0.33,0.2,0,0.8,0.2,0
2025/11/13 21:32,clusterB,0,4,2,2,0,0,0,1,0,0
2025/11/13 21:32,clusterA,0,4,3,1,0.32,0.2,0,0.8,0.2,0
2025/11/13 21:32,clusterB,0,4,2,2,0,0,0,1,0,0
2025/11/13 21:32,clusterA,0,4,3,1,0.3,0.2,0,0.8,0.2,0
2025/11/13 21:32,clusterB,0,4,2,2,0,0,0,1,0,0
2025/11/13 21:32,clusterA,0,4,3,1,0.3,0.19,0,0.81,0.19,0
2025/11/13 21:32,clusterB,0,4,2,2,0,0,0,1,0,0
2025/11/13 21:32,clusterA,0,4,3,1,0.3,0.19,0,0.81,0.19,0
2025/11/13 21:32,clusterB,0,4,2,2,0,0,0,1,0,0
2025/11/13 21:32,clusterA,0,4,3,1,0.3,0.19,0,0.81,0.19,0
2025/11/13 21:32,clusterB,0,4,2,2,0,0,0,1,0,0
2025/11/13 21:32,clusterA,0,4,3,1,0.3,0.19,0,0.81,0.19,0
2025/11/13 21:32,clusterB,0,4,2,2,0,0,0,1,0,0
2025/11/13 21:32,clusterA,0,4,3,1,0.3,0.19,0,0.81,0.19,0
2025/11/13 21:32,clusterB,0,4,2,2,0,0,0,1,0,0
2025/11/13 21:32,clusterA,0,4,3,1,0.3,0.19,0,0.81,0.19,0
2025/11/13 21:32,clusterB,0,4,2,2,0,0,0,1,0,0
2025/11/13 21:32,clusterA,0,4,3,1,0.3,0.19,0,0.81,0.19,0
2025/11/13 21:32,clusterB,0,4,2,2,0,0,0,1,0,0
2025/11/13 21:32,clusterA,0,4,3,1,0.29,0.2,0,0.8,0.2,0
2025/11/13 21:32,clusterB,0,4,2,2,0,0,0,1,0,0
2025/11/13 21:33,clusterA,0,4,3,1,0.29,0.2,0,0.8,0.2,0
2025/11/13 21:33,clusterB,0,4,2,2,0,0,0,1,0,0
2025/11/13 21:33,clusterA,0,4,3,1,0.3,0.2,0,0.8,0.2,0
2025/11/13 21:33,clusterB,0,4,2,2,0,0,0,1,0,0
2025/11/13 21:33,clusterA,0,4,3,1,0.3,0.2,0,0.8,0.2,0
2025/11/13 21:33,clusterB,0,4,2,2,0,0,0,1,0,0
2025/11/13 21:33,clusterA,0,4,3,1,0.32,0.2,0,0.8,0.2,0
2025/11/13 21:33,clusterB,0,4,2,2,0,0,0,1,0,0
2025/11/13 21:33,clusterA,0,4,3,1,0.32,0.2,0,0.8,0.2,0
2025/11/13 21:33,clusterB,0,4,2,2,0,0,0,1,0,0
2025/11/13 21:33,clusterA,0,4,3,1,0.32,0.2,0,0.8,0.2,0
2025/11/13 21:33,clusterB,0,4,2,2,0,0,0,1,0,0
2025/11/13 21:33,clusterA,0,4,3,1,0.32,0.2,0,0.8,0.2,0
2025/11/13 21:33,clusterB,0,4,2,2,0,0,0,1,0,0
2025/11/13 21:33,clusterA,0,4,3,1,0.31,0.21,0,0.79,0.21,0
2025/11/13 21:33,clusterB,0,4,2,2,0,0,0,1,0,0
2025/11/13 21:33,clusterA,0,4,3,1,0.32,0.21,0,0.79,0.21,0
2025/11/13 21:33,clusterB,0,4,2,2,0,0,0,1,0,0
2025/11/13 21:33,clusterA,0,4,3,1,0.32,0.21,0,0.79,0.21,0
2025/11/13 21:33,clusterB,0,4,2,2,0,0,0,1,0,0
2025/11/13 21:33,clusterA,0,4,3,1,0.33,0.21,0,0.79,0.21,0
2025/11/13 21:33,clusterB,0,4,2,2,0,0,0,1,0,0
2025/11/13 21:33,clusterA,0,4,3,1,0.34,0.21,0,0.79,0.21,0
2025/11/13 21:33,clusterB,0,4,2,2,0,0,0,1,0,0
2025/11/13 21:34,clusterA,0,4,3,1,0.32,0.2,0,0.8,0.2,0
2025/11/13 21:34,clusterB,0,4,2,2,0,0,0,1,0,0
2025/11/13 21:34,clusterA,0,4,3,1,0.32,0.2,0,0.8,0.2,0
2025/11/13 21:34,clusterB,0,4,2,2,0,0,0,1,0,0
2025/11/13 21:34,clusterA,0,4,3,1,0.31,0.2,0,0.8,0.2,0
2025/11/13 21:34,clusterB,0,4,2,2,0,0,0,1,0,0
2025/11/13 21:34,clusterA,0,4,3,1,0.29,0.2,0,0.8,0.2,0
2025/11/13 21:34,clusterB,0,4,2,2,0,0,0,1,0,0
2025/11/13 21:34,clusterA,0,4,3,1,0.29,0.2,0,0.8,0.2,0
2025/11/13 21:34,clusterB,0,4,2,2,0,0,0,1,0,0
2025/11/13 21:34,clusterA,0,4,3,1,0.29,0.2,0,0.8,0.2,0
2025/11/13 21:34,clusterB,0,4,2,2,0,0,0,1,0,0
2025/11/13 21:34,clusterA,0,4,3,1,0.29,0.2,0,0.8,0.2,0
2025/11/13 21:34,clusterB,0,4,2,2,0,0,0,1,0,0
2025/11/13 21:34,clusterA,0,4,3,1,0.3,0.2,0,0.8,0.2,0
2025/11/13 21:34,clusterB,0,4,2,2,0,0,0,1,0,0
2025/11/13 21:34,clusterA,0,4,3,1,0.29,0.19,0,0.81,0.19,0
2025/11/13 21:34,clusterB,0,4,2,2,0,0,0,1,0,0
2025/11/13 21:34,clusterA,0,4,3,1,0.28,0.19,0,0.81,0.19,0
2025/11/13 21:34,clusterB,0,4,2,2,0,0,0,1,0,0
2025/11/13 21:34,clusterA,0,4,3,1,0.28,0.19,0,0.81,0.19,0
2025/11/13 21:34,clusterB,0,4,2,2,0,0,0,1,0,0
2025/11/13 21:34,clusterA,0,4,3,1,0.28,0.19,0,0.81,0.19,0
2025/11/13 21:34,clusterB,0,4,2,2,0,0,0,1,0,0
2025/11/13 21:35,clusterA,0,4,3,1,0.29,0.2,0,0.8,0.2,0
2025/11/13 21:35,clusterB,0,4,2,2,0,0,0,1,0,0
2025/11/13 21:35,clusterA,0,4,3,1,0.3,0.2,0,0.8,0.2,0
2025/11/13 21:35,clusterB,0,4,2,2,0,0,0,1,0,0
2025/11/13 21:35,clusterA,0,4,3,1,0.3,0.2,0,0.8,0.2,0
2025/11/13 21:35,clusterB,0,4,2,2,0,0,0,1,0,0
2025/11/13 21:35,clusterA,0,4,3,1,0.3,0.2,0,0.8,0.2,0
2025/11/13 21:35,clusterB,0,4,2,2,0,0,0,1,0,0
2025/11/13 21:35,clusterA,0,4,3,1,0.32,0.2,0,0.8,0.2,0
2025/11/13 21:35,clusterB,0,4,2,2,0,0,0,1,0,0
2025/11/13 21:35,clusterA,0,4,3,1,0.33,0.2,0,0.8,0.2,0
2025/11/13 21:35,clusterB,0,4,2,2,0,0,0,1,0,0
2025/11/13 21:35,clusterA,0,4,3,1,0.33,0.2,0,0.8,0.2,0
2025/11/13 21:35,clusterB,0,4,2,2,0,0,0,1,0,0
2025/11/13 21:35,clusterA,0,4,3,1,0.33,0.2,0,0.8,0.2,0
2025/11/13 21:35,clusterB,0,4,2,2,0,0,0,1,0,0
2025/11/13 21:35,clusterA,0,4,3,1,0.33,0.2,0,0.8,0.2,0
2025/11/13 21:35,clusterB,0,4,2,2,0,0,0,1,0,0
2025/11/13 21:35,clusterA,0,4,3,1,0.34,0.2,0,0.8,0.2,0
2025/11/13 21:35,clusterB,0,4,2,2,0,0,0,1,0,0
2025/11/13 21:35,clusterA,0,4,3,1,0.33,0.2,0,0.8,0.2,0
2025/11/13 21:35,clusterB,0,4,2,2,0,0,0,1,0,0
2025/11/13 21:35,clusterA,0,4,3,1,0.32,0.2,0,0.8,0.2,0
2025/11/13 21:35,clusterB,0,4,2,2,0,0,0,1,0,0
2025/11/13 21:36,clusterA,0,4,3,1,0.32,0.2,0,0.8,0.2,0
2025/11/13 21:36,clusterB,0,4,2,2,0,0,0,1,0,0
2025/11/13 21:36,clusterA,0,4,3,1,0.32,0.2,0,0.8,0.2,0
2025/11/13 21:36,clusterB,0,4,2,2,0,0,0,1,0,0
2025/11/13 21:36,clusterA,0,4,3,1,0.32,0.2,0,0.8,0.2,0
2025/11/13 21:36,clusterB,0,4,2,2,0,0,0,1,0,0
2025/11/13 21:36,clusterA,0,4,3,1,0.32,0.2,0,0.8,0.2,0
2025/11/13 21:36,clusterB,0,4,2,2,0,0,0,1,0,0
2025/11/13 21:36,clusterA,0,4,3,1,0.32,0.2,0,0.8,0.2,0
2025/11/13 21:36,clusterB,0,4,2,2,0,0,0,1,0,0
2025/11/13 21:36,clusterA,0,4,3,1,0.31,0.2,0,0.8,0.2,0
2025/11/13 21:36,clusterB,0,4,2,2,0,0,0,1,0,0
2025/11/13 21:36,clusterA,0,4,3,1,0.32,0.2,0,0.8,0.2,0
2025/11/13 21:36,clusterB,0,4,2,2,0,0,0,1,0,0
2025/11/13 21:36,clusterA,0,4,3,1,0.32,0.2,0,0.8,0.2,0
2025/11/13 21:36,clusterB,0,4,2,2,0,0,0,1,0,0
2025/11/13 21:36,clusterA,0,4,3,1,0.31,0.2,0,0.8,0.2,0
2025/11/13 21:36,clusterB,0,4,2,2,0,0,0,1,0,0
2025/11/13 21:36,clusterA,0,4,3,1,0.3,0.2,0,0.8,0.2,0
2025/11/13 21:36,clusterB,0,4,2,2,0,0,0,1,0,0
2025/11/13 21:36,clusterA,0,4,3,1,0.32,0.2,0,0.8,0.2,0
2025/11/13 21:36,clusterB,0,4,2,2,0,0,0,1,0,0
2025/11/13 21:36,clusterA,0,4,3,1,0.32,0.2,0,0.8,0.2,0
2025/11/13 21:36,clusterB,0,4,2,2,0,0,0,1,0,0
2025/11/13 21:37,clusterA,0,4,3,1,0.33,0.2,0,0.8,0.2,0
2025/11/13 21:37,clusterB,0,4,2,2,0,0,0,1,0,0
2025/11/13 21:37,clusterA,0,4,3,1,0.33,0.2,0,0.8,0.2,0
2025/11/13 21:37,clusterB,0,4,2,2,0,0,0,1,0,0
2025/11/13 21:37,clusterA,0,4,3,1,0.33,0.2,0,0.8,0.2,0
2025/11/13 21:37,clusterB,0,4,2,2,0,0,0,1,0,0
2025/11/13 21:37,clusterA,0,4,3,1,0.33,0.2,0,0.8,0.2,0
2025/11/13 21:37,clusterB,0,4,2,2,0,0,0,1,0,0
2025/11/13 21:37,clusterA,0,4,3,1,0.33,0.2,0,0.8,0.2,0
2025/11/13 21:37,clusterB,0,4,2,2,0,0,0,1,0,0
2025/11/13 21:37,clusterA,0,4,3,1,0.32,0.2,0,0.8,0.2,0
2025/11/13 21:37,clusterB,0,4,2,2,0,0,0,1,0,0
2025/11/13 21:37,clusterA,0,4,3,1,0.32,0.2,0,0.8,0.2,0
2025/11/13 21:37,clusterB,0,4,2,2,0,0,0,1,0,0
2025/11/13 21:37,clusterA,0,4,3,1,0.32,0.2,0,0.8,0.2,0
2025/11/13 21:37,clusterB,0,4,2,2,0,0,0,1,0,0
2025/11/13 21:37,clusterA,0,4,3,1,0.32,0.2,0,0.8,0.2,0
2025/11/13 21:37,clusterB,0,4,2,2,0,0,0,1,0,0
2025/11/13 21:37,clusterA,0,4,3,1,0.32,0.2,0,0.8,0.2,0
2025/11/13 21:37,clusterB,0,4,2,2,0,0,0,1,0,0
2025/11/13 21:37,clusterA,0,4,3,1,0.32,0.2,0,0.8,0.2,0
2025/11/13 21:37,clusterB,0,4,2,2,0,0,0,1,0,0
2025/11/13 21:37,clusterA,0,4,3,1,0.32,0.2,0,0.8,0.2,0
2025/11/13 21:37,clusterB,0,4,2,2,0,0,0,1,0,0
2025/11/13 21:38,clusterA,0,4,3,1,0.32,0.2,0,0.8,0.2,0
2025/11/13 21:38,clusterB,0,4,2,2,0,0,0,1,0,0
2025/11/13 21:38,clusterA,0,4,3,1,0.31,0.2,0,0.8,0.2,0
2025/11/13 21:38,clusterB,0,4,2,2,0,0,0,1,0,0
2025/11/13 21:38,clusterA,0,4,3,1,0.32,0.2,0,0.8,0.2,0
2025/11/13 21:38,clusterB,0,4,2,2,0,0,0,1,0,0
2025/11/13 21:38,clusterA,0,4,3,1,0.31,0.2,0,0.8,0.2,0
2025/11/13 21:38,clusterB,0,4,2,2,0,0,0,1,0,0
2025/11/13 21:38,clusterA,0,4,3,1,0.32,0.2,0,0.8,0.2,0
2025/11/13 21:38,clusterB,0,4,2,2,0,0,0,1,0,0
2025/11/13 21:38,clusterA,0,4,3,1,0.32,0.2,0,0.8,0.2,0
2025/11/13 21:38,clusterB,0,4,2,2,0,0,0,1,0,0
2025/11/13 21:38,clusterA,0,4,3,1,0.32,0.2,0,0.8,0.2,0
2025/11/13 21:38,clusterB,0,4,2,2,0,0,0,1,0,0
2025/11/13 21:38,clusterA,0,4,3,1,0.32,0.2,0,0.8,0.2,0
2025/11/13 21:38,clusterB,0,4,2,2,0,0,0,1,0,0
2025/11/13 21:38,clusterA,0,4,3,1,0.32,0.2,0,0.8,0.2,0
2025/11/13 21:38,clusterB,0,4,2,2,0,0,0,1,0,0
2025/11/13 21:38,clusterA,0,4,3,1,0.32,0.2,0,0.8,0.2,0
2025/11/13 21:38,clusterB,0,4,2,2,0,0,0,1,0,0
2025/11/13 21:38,clusterA,0,4,3,1,0.32,0.2,0,0.8,0.2,0
2025/11/13 21:38,clusterB,0,4,2,2,0,0,0,1,0,0
2025/11/13 21:38,clusterA,0,4,3,1,0.32,0.2,0,0.8,0.2,0
2025/11/13 21:38,clusterB,0,4,2,2,0,0,0,1,0,0
2025/11/13 21:39,clusterA,0,4,3,1,0.32,0.21,0,0.79,0.21,0
2025/11/13 21:39,clusterB,0,4,2,2,0,0,0,1,0,0
2025/11/13 21:39,clusterA,0,4,3,1,0.33,0.21,0,0.79,0.21,0
2025/11/13 21:39,clusterB,0,4,2,2,0,0,0,1,0,0
2025/11/13 21:39,clusterA,0,4,3,1,0.33,0.21,0,0.79,0.21,0
2025/11/13 21:39,clusterB,0,4,2,2,0,0,0,1,0,0
2025/11/13 21:39,clusterA,0,4,3,1,0.34,0.21,0,0.79,0.21,0
2025/11/13 21:39,clusterB,0,4,2,2,0,0,0,1,0,0
2025/11/13 21:39,clusterA,0,4,3,1,0.34,0.21,0,0.79,0.21,0
2025/11/13 21:39,clusterB,0,4,2,2,0,0,0,1,0,0
2025/11/13 21:39,clusterA,0,4,3,1,0.33,0.21,0,0.79,0.21,0
2025/11/13 21:39,clusterB,0,4,2,2,0,0,0,1,0,0
2025/11/13 21:39,clusterA,0,4,3,1,0.32,0.2,0,0.8,0.2,0
2025/11/13 21:39,clusterB,0,4,2,2,0,0,0,1,0,0
2025/11/13 21:39,clusterA,0,4,3,1,0.32,0.2,0,0.8,0.2,0
2025/11/13 21:39,clusterB,0,4,2,2,0,0,0,1,0,0
2025/11/13 21:39,clusterA,0,4,3,1,0.32,0.2,0,0.8,0.2,0
2025/11/13 21:39,clusterB,0,4,2,2,0,0,0,1,0,0
2025/11/13 21:39,clusterA,0,4,3,1,0.33,0.2,0,0.8,0.2,0
2025/11/13 21:39,clusterB,0,4,2,2,0,0,0,1,0,0
2025/11/13 21:39,clusterA,0,4,3,1,0.33,0.21,0,0.79,0.21,0
2025/11/13 21:39,clusterB,0,4,2,2,0,0,0,1,0,0
2025/11/13 21:39,clusterA,0,4,3,1,0.33,0.2,0,0.8,0.2,0
2025/11/13 21:39,clusterB,0,4,2,2,0,0,0,1,0,0
2025/11/13 21:40,clusterA,0,4,3,1,0.33,0.2,0,0.8,0.2,0
2025/11/13 21:40,clusterB,0,4,2,2,0,0,0,1,0,0
2025/11/13 21:40,clusterA,0,4,3,1,0.32,0.2,0,0.8,0.2,0
2025/11/13 21:40,clusterB,0,4,2,2,0,0,0,1,0,0
2025/11/13 21:40,clusterA,0,4,3,1,0.31,0.2,0,0.8,0.2,0
2025/11/13 21:40,clusterB,0,4,2,2,0,0,0,1,0,0
2025/11/13 21:40,clusterA,0,4,3,1,0.3,0.2,0,0.8,0.2,0
2025/11/13 21:40,clusterB,0,4,2,2,0,0,0,1,0,0
2025/11/13 21:40,clusterA,0,4,3,1,0.3,0.2,0,0.8,0.2,0
2025/11/13 21:40,clusterB,0,4,2,2,0,0,0,1,0,0
2025/11/13 21:40,clusterA,0,4,3,1,0.31,0.2,0,0.8,0.2,0
2025/11/13 21:40,clusterB,0,4,2,2,0,0,0,1,0,0
2025/11/13 21:40,clusterA,0,4,3,1,0.32,0.2,0,0.8,0.2,0
2025/11/13 21:40,clusterB,0,4,2,2,0,0,0,1,0,0
2025/11/13 21:40,clusterA,0,4,3,1,0.32,0.2,0,0.8,0.2,0
2025/11/13 21:40,clusterB,0,4,2,2,0,0,0,1,0,0
2025/11/13 21:40,clusterA,0,4,3,1,0.33,0.21,0,0.79,0.21,0
2025/11/13 21:40,clusterB,0,4,2,2,0,0,0,1,0,0
2025/11/13 21:40,clusterA,0,4,3,1,0.32,0.21,0,0.79,0.21,0
2025/11/13 21:40,clusterB,0,4,2,2,0,0,0,1,0,0
2025/11/13 21:40,clusterA,0,4,3,1,0.32,0.21,0,0.79,0.21,0
2025/11/13 21:40,clusterB,0,4,2,2,0,0,0,1,0,0
2025/11/13 21:40,clusterA,0,4,3,1,0.32,0.21,0,0.79,0.21,0
2025/11/13 21:40,clusterB,0,4,2,2,0,0,0,1,0,0
2025/11/13 21:41,clusterA,0,4,3,1,0.33,0.21,0,0.79,0.21,0
2025/11/13 21:41,clusterB,0,4,2,2,0,0,0,1,0,0
2025/11/13 21:41,clusterA,0,4,3,1,0.35,0.21,0,0.79,0.21,0
2025/11/13 21:41,clusterB,0,4,2,2,0,0,0,1,0,0
2025/11/13 21:41,clusterA,0,4,3,1,0.36,0.21,0,0.79,0.21,0
2025/11/13 21:41,clusterB,0,4,2,2,0,0,0,1,0,0
2025/11/13 21:41,clusterA,0,4,3,1,0.36,0.21,0,0.79,0.21,0
2025/11/13 21:41,clusterB,0,4,2,2,0,0,0,1,0,0
2025/11/13 21:41,clusterA,0,4,3,1,0.36,0.21,0,0.79,0.21,0
2025/11/13 21:41,clusterB,0,4,2,2,0,0,0,1,0,0
2025/11/13 21:41,clusterA,0,4,3,1,0.37,0.21,0,0.79,0.21,0
2025/11/13 21:41,clusterB,0,4,2,2,0,0,0,1,0,0
2025/11/13 21:41,clusterA,0,4,3,1,0.36,0.21,0,0.79,0.21,0
2025/11/13 21:41,clusterB,0,4,2,2,0,0,0,1,0,0
2025/11/13 21:41,clusterA,0,4,3,1,0.36,0.21,0,0.79,0.21,0
2025/11/13 21:41,clusterB,0,4,2,2,0,0,0,1,0,0
2025/11/13 21:41,clusterA,0,4,3,1,0.36,0.21,0,0.79,0.21,0
2025/11/13 21:41,clusterB,0,4,2,2,0,0,0,1,0,0
2025/11/13 21:41,clusterA,0,4,3,1,0.34,0.21,0,0.79,0.21,0
2025/11/13 21:41,clusterB,0,4,2,2,0,0,0,1,0,0
2025/11/13 21:41,clusterA,0,4,3,1,0.35,0.21,0,0.79,0.21,0
2025/11/13 21:41,clusterB,0,4,2,2,0,0,0,1,0,0
2025/11/13 21:41,clusterA,0,4,3,1,0.34,0.21,0,0.79,0.21,0
2025/11/13 21:41,clusterB,0,4,2,2,0,0,0,1,0,0
2025/11/13 21:42,clusterA,0,4,3,1,0.34,0.2,0,0.8,0.2,0
2025/11/13 21:42,clusterB,0,4,2,2,0,0,0,1,0,0
2025/11/13 21:42,clusterA,0,4,3,1,0.34,0.2,0,0.8,0.2,0
2025/11/13 21:42,clusterB,0,4,2,2,0,0,0,1,0,0
2025/11/13 21:42,clusterA,0,4,3,1,0.32,0.2,0,0.8,0.2,0
2025/11/13 21:42,clusterB,0,4,2,2,0,0,0,1,0,0
2025/11/13 21:42,clusterA,0,4,3,1,0.31,0.2,0,0.8,0.2,0
2025/11/13 21:42,clusterB,0,4,3,1,0,0,0,1,0,0
2025/11/13 21:42,clusterA,0,4,3,1,0.31,0.2,0,0.8,0.2,0
2025/11/13 21:42,clusterB,0,4,3,1,0,0,0,1,0,0
2025/11/13 21:42,clusterA,0,4,3,1,0.3,0.2,0,0.8,0.2,0
2025/11/13 21:42,clusterB,0,4,3,1,0,0,0,1,0,0
2025/11/13 21:42,clusterA,0,4,3,1,0.3,0.2,0,0.8,0.2,0
2025/11/13 21:42,clusterB,0,4,3,1,0,0,0,1,0,0
2025/11/13 21:42,clusterA,0,4,3,1,0.31,0.2,0,0.8,0.2,0
2025/11/13 21:42,clusterB,0,4,3,1,0,0,0,1,0,0
2025/11/13 21:42,clusterA,0,4,3,1,0.31,0.2,0,0.8,0.2,0
2025/11/13 21:42,clusterB,0,4,3,1,0,0,0,1,0,0
2025/11/13 21:42,clusterA,0,4,3,1,0.31,0.2,0,0.8,0.2,0
2025/11/13 21:42,clusterB,0,4,3,1,0,0,0,1,0,0
2025/11/13 21:42,clusterA,0,4,3,1,0.29,0.2,0,0.8,0.2,0
2025/11/13 21:42,clusterB,0,4,3,1,0,0,0,1,0,0
2025/11/13 21:42,clusterA,0,4,3,1,0.29,0.2,0,0.8,0.2,0
2025/11/13 21:42,clusterB,0,4,3,1,0,0,0,1,0,0
2025/11/13 21:43,clusterA,0,4,3,1,0.29,0.2,0,0.8,0.2,0
2025/11/13 21:43,clusterB,0,4,3,1,0,0,0,1,0,0
2025/11/13 21:43,clusterA,0,4,3,1,0.29,0.21,0,0.79,0.21,0
2025/11/13 21:43,clusterB,0,4,3,1,0,0,0,1,0,0
2025/11/13 21:43,clusterA,0,4,3,1,0.31,0.21,0,0.79,0.21,0
2025/11/13 21:43,clusterB,0,4,3,1,0,0,0,1,0,0
2025/11/13 21:43,clusterA,0,4,3,1,0.31,0.21,0,0.79,0.21,0
2025/11/13 21:43,clusterB,0,4,3,1,0,0,0,1,0,0
2025/11/13 21:43,clusterA,0,4,3,1,0.32,0.21,0,0.79,0.21,0
2025/11/13 21:43,clusterB,0,4,3,1,0,0,0,1,0,0
2025/11/13 21:43,clusterA,0,4,3,1,0.32,0.21,0,0.79,0.21,0
2025/11/13 21:43,clusterB,0,4,3,1,0,0,0,1,0,0
2025/11/13 21:43,clusterA,0,4,3,1,0.32,0.21,0,0.79,0.21,0
2025/11/13 21:43,clusterB,0,4,3,1,0,0,0,1,0,0
2025/11/13 21:43,clusterA,0,4,3,1,0.32,0.21,0,0.79,0.21,0
2025/11/13 21:43,clusterB,0,4,3,1,0,0,0,1,0,0
2025/11/13 21:43,clusterA,0,4,3,1,0.32,0.21,0,0.79,0.21,0
2025/11/13 21:43,clusterB,0,4,3,1,0,0,0,1,0,0
2025/11/13 21:43,clusterA,0,4,3,1,0.32,0.21,0,0.79,0.21,0
2025/11/13 21:43,clusterB,0,4,3,1,0,0,0,1,0,0
2025/11/13 21:43,clusterA,0,4,3,1,0.33,0.21,0,0.79,0.21,0
2025/11/13 21:43,clusterB,0,4,3,1,0,0,0,1,0,0
2025/11/13 21:43,clusterA,0,4,3,1,0.33,0.21,0,0.79,0.21,0
2025/11/13 21:43,clusterB,0,4,3,1,0,0,0,1,0,0
2025/11/13 21:44,clusterA,0,4,3,1,0.34,0.21,0,0.79,0.21,0
2025/11/13 21:44,clusterB,0,4,3,1,0,0,0,1,0,0
2025/11/13 21:44,clusterA,0,4,3,1,0.33,0.2,0,0.8,0.2,0
2025/11/13 21:44,clusterB,0,4,3,1,0,0,0,1,0,0
2025/11/13 21:44,clusterA,0,4,3,1,0.33,0.2,0,0.8,0.2,0
2025/11/13 21:44,clusterB,0,4,3,1,0,0,0,1,0,0
2025/11/13 21:44,clusterA,0,4,3,1,0.33,0.2,0,0.8,0.2,0
2025/11/13 21:44,clusterB,0,4,3,1,0,0,0,1,0,0
2025/11/13 21:44,clusterA,0,4,3,1,0.32,0.2,0,0.8,0.2,0
2025/11/13 21:44,clusterB,0,4,3,1,0,0,0,1,0,0
2025/11/13 21:44,clusterA,0,4,3,1,0.31,0.2,0,0.8,0.2,0
2025/11/13 21:44,clusterB,0,4,3,1,0,0,0,1,0,0
2025/11/13 21:44,clusterA,0,4,3,1,0.32,0.2,0,0.8,0.2,0
2025/11/13 21:44,clusterB,0,4,3,1,0,0,0,1,0,0
2025/11/13 21:44,clusterA,0,4,3,1,0.32,0.2,0,0.8,0.2,0
2025/11/13 21:44,clusterB,0,4,3,1,0,0,0,1,0,0
2025/11/13 21:44,clusterA,0,4,3,1,0.32,0.2,0,0.8,0.2,0
2025/11/13 21:44,clusterB,0,4,3,1,0,0,0,1,0,0
2025/11/13 21:44,clusterA,0,4,3,1,0.32,0.2,0,0.8,0.2,0
2025/11/13 21:44,clusterB,0,4,3,1,0,0,0,1,0,0
2025/11/13 21:44,clusterA,0,4,3,1,0.32,0.2,0,0.8,0.2,0
2025/11/13 21:44,clusterB,0,4,3,1,0,0,0,1,0,0
2025/11/13 21:44,clusterA,0,4,3,1,0.32,0.2,0,0.8,0.2,0
2025/11/13 21:44,clusterB,0,4,3,1,0,0,0,1,0,0
2025/11/13 21:45,clusterA,0,4,3,1,0.32,0.21,0,0.79,0.21,0
2025/11/13 21:45,clusterB,0,4,3,1,0,0,0,1,0,0
2025/11/13 21:45,clusterA,0,4,3,1,0.32,0.21,0,0.79,0.21,0
2025/11/13 21:45,clusterB,0,4,3,1,0,0,0,1,0,0
2025/11/13 21:45,clusterA,0,4,3,1,0.33,0.21,0,0.79,0.21,0
2025/11/13 21:45,clusterB,0,4,3,1,0,0,0,1,0,0
2025/11/13 21:45,clusterA,0,4,3,1,0.33,0.21,0,0.79,0.21,0
2025/11/13 21:45,clusterB,0,4,3,1,0,0,0,1,0,0
2025/11/13 21:45,clusterA,0,4,3,1,0.34,0.21,0,0.79,0.21,0
2025/11/13 21:45,clusterB,0,4,3,1,0,0,0,1,0,0
2025/11/13 21:45,clusterA,0,4,3,1,0.35,0.21,0,0.79,0.21,0
2025/11/13 21:45,clusterB,0,4,3,1,0,0,0,1,0,0
2025/11/13 21:45,clusterA,0,4,3,1,0.35,0.21,0,0.79,0.21,0
2025/11/13 21:45,clusterB,0,4,3,1,0,0,0,1,0,0
2025/11/13 21:45,clusterA,0,4,3,1,0.35,0.21,0,0.79,0.21,0
2025/11/13 21:45,clusterB,0,4,3,1,0,0,0,1,0,0
2025/11/13 21:45,clusterA,0,4,3,1,0.34,0.21,0,0.79,0.21,0
2025/11/13 21:45,clusterB,0,4,3,1,0,0,0,1,0,0
2025/11/13 21:45,clusterA,0,4,3,1,0.36,0.22,0,0.78,0.22,0
2025/11/13 21:45,clusterB,0,4,3,1,0,0,0,1,0,0
2025/11/13 21:45,clusterA,0,4,3,1,0.35,0.21,0,0.79,0.21,0
2025/11/13 21:45,clusterB,0,4,3,1,0,0,0,1,0,0
2025/11/13 21:45,clusterA,0,4,2,2,0.34,0.2,0,0.8,0.2,0
2025/11/13 21:45,clusterB,0,4,3,1,0,0,0,1,0,0
2025/11/13 21:46,clusterA,0,4,2,2,0.33,0.2,0,0.8,0.2,0
2025/11/13 21:46,clusterB,0,4,3,1,0,0,0,1,0,0
2025/11/13 21:46,clusterA,0,4,2,2,0.31,0.19,0,0.81,0.19,0
2025/11/13 21:46,clusterB,0,4,3,1,0,0,0,1,0,0
2025/11/13 21:46,clusterA,0,4,2,2,0.29,0.18,0,0.82,0.18,0
2025/11/13 21:46,clusterB,0,4,3,1,0,0,0,1,0,0
2025/11/13 21:46,clusterA,0,4,2,2,0.27,0.17,0,0.83,0.17,0
2025/11/13 21:46,clusterB,0,4,3,1,0,0,0,1,0,0
2025/11/13 21:46,clusterA,0,4,2,2,0.26,0.17,0,0.83,0.17,0
2025/11/13 21:46,clusterB,0,4,3,1,0,0,0,1,0,0
2025/11/13 21:46,clusterA,0,4,2,2,0.25,0.16,0,0.84,0.16,0
2025/11/13 21:46,clusterB,0,4,3,1,0,0,0,1,0,0
2025/11/13 21:46,clusterA,0,4,2,2,0.22,0.15,0,0.85,0.15,0
2025/11/13 21:46,clusterB,0,4,3,1,0,0,0,1,0,0
2025/11/13 21:46,clusterA,0,4,2,2,0.21,0.15,0,0.85,0.15,0
2025/11/13 21:46,clusterB,0,4,3,1,0,0,0,1,0,0
2025/11/13 21:46,clusterA,0,4,2,2,0.2,0.14,0,0.86,0.14,0
2025/11/13 21:46,clusterB,0,4,3,1,0,0,0,1,0,0
2025/11/13 21:46,clusterA,0,4,2,2,0.17,0.13,0,0.87,0.13,0
2025/11/13 21:46,clusterB,0,4,3,1,0,0,0,1,0,0
2025/11/13 21:46,clusterA,0,4,2,2,0.16,0.13,0,0.87,0.13,0
2025/11/13 21:46,clusterB,0,4,3,1,0,0,0,1,0,0
2025/11/13 21:46,clusterA,0,4,2,2,0.16,0.13,0,0.87,0.13,0
2025/11/13 21:46,clusterB,0,4,3,1,0,0,0,1,0,0
2025/11/13 21:47,clusterA,0,4,2,2,0.16,0.13,0,0.87,0.13,0
2025/11/13 21:47,clusterB,0,4,3,1,0,0,0,1,0,0
2025/11/13 21:47,clusterA,0,4,2,2,0.17,0.13,0,0.87,0.13,0
2025/11/13 21:47,clusterB,0,4,3,1,0,0,0,1,0,0
2025/11/13 21:47,clusterA,0,4,2,2,0.18,0.13,0,0.87,0.13,0
2025/11/13 21:47,clusterB,0,4,3,1,0,0,0,1,0,0
2025/11/13 21:47,clusterA,0,4,2,2,0.18,0.13,0,0.87,0.13,0
2025/11/13 21:47,clusterB,0,4,3,1,0,0,0,1,0,0
2025/11/13 21:47,clusterA,0,4,2,2,0.18,0.13,0,0.87,0.13,0
2025/11/13 21:47,clusterB,0,4,3,1,0,0,0,1,0,0
2025/11/13 21:47,clusterA,0,4,2,2,0.18,0.13,0,0.87,0.13,0
2025/11/13 21:47,clusterB,0,4,3,1,0,0,0,1,0,0
2025/11/13 21:47,clusterA,0,4,2,2,0.18,0.13,0,0.87,0.13,0
2025/11/13 21:47,clusterB,0,4,3,1,0,0,0,1,0,0
2025/11/13 21:47,clusterA,0,4,2,2,0.19,0.13,0,0.87,0.13,0
2025/11/13 21:47,clusterB,0,4,3,1,0,0,0,1,0,0
2025/11/13 21:47,clusterA,0,4,2,2,0.19,0.13,0,0.87,0.13,0
2025/11/13 21:47,clusterB,0,4,3,1,0,0,0,1,0,0
2025/11/13 21:47,clusterA,0,4,2,2,0.19,0.13,0,0.87,0.13,0
2025/11/13 21:47,clusterB,0,4,3,1,0,0,0,1,0,0
2025/11/13 21:47,clusterA,0,4,2,2,0.19,0.13,0,0.87,0.13,0
2025/11/13 21:47,clusterB,0,4,3,1,0,0,0,1,0,0
2025/11/13 21:47,clusterA,0,4,2,2,0.2,0.13,0,0.87,0.13,0
2025/11/13 21:47,clusterB,0,4,3,1,0,0,0,1,0,0
2025/11/13 21:48,clusterA,0,4,2,2,0.2,0.13,0,0.87,0.13,0
2025/11/13 21:48,clusterB,0,4,3,1,0,0,0,1,0,0
2025/11/13 21:48,clusterA,0,4,2,2,0.2,0.13,0,0.87,0.13,0
2025/11/13 21:48,clusterB,0,4,3,1,0,0,0,1,0,0
2025/11/13 21:48,clusterA,0,4,2,2,0.19,0.13,0,0.87,0.13,0
2025/11/13 21:48,clusterB,0,4,3,1,0,0,0,1,0,0
2025/11/13 21:48,clusterA,0,4,2,2,0.19,0.13,0,0.87,0.13,0
2025/11/13 21:48,clusterB,0,4,3,1,0,0,0,1,0,0
2025/11/13 21:48,clusterA,0,4,2,2,0.19,0.13,0,0.87,0.13,0
2025/11/13 21:48,clusterB,0,4,3,1,0,0,0,1,0,0
2025/11/13 21:48,clusterA,0,4,2,2,0.19,0.13,0,0.87,0.13,0
2025/11/13 21:48,clusterB,0,4,3,1,0,0,0,1,0,0
2025/11/13 21:48,clusterA,0,4,2,2,0.18,0.13,0,0.87,0.13,0
2025/11/13 21:48,clusterB,0,4,3,1,0,0,0,1,0,0
2025/11/13 21:48,clusterA,0,4,2,2,0.18,0.13,0,0.87,0.13,0
2025/11/13 21:48,clusterB,0,4,3,1,0,0,0,1,0,0
2025/11/13 21:48,clusterA,0,4,2,2,0.18,0.13,0,0.87,0.13,0
2025/11/13 21:48,clusterB,0,4,3,1,0,0,0,1,0,0
2025/11/13 21:48,clusterA,0,4,2,2,0.17,0.12,0,0.88,0.12,0
2025/11/13 21:48,clusterB,0,4,3,1,0,0,0,1,0,0
2025/11/13 21:48,clusterA,0,4,2,2,0.17,0.12,0,0.88,0.12,0
2025/11/13 21:48,clusterB,0,4,3,1,0,0,0,1,0,0
2025/11/13 21:48,clusterA,0,4,2,2,0.17,0.12,0,0.88,0.12,0
2025/11/13 21:48,clusterB,0,4,3,1,0,0,0,1,0,0
2025/11/13 21:49,clusterA,0,4,2,2,0.17,0.12,0,0.88,0.12,0
2025/11/13 21:49,clusterB,0,4,3,1,0,0,0,1,0,0
2025/11/13 21:49,clusterA,0,4,2,2,0.17,0.12,0,0.88,0.12,0
2025/11/13 21:49,clusterB,0,4,3,1,0,0,0,1,0,0
2025/11/13 21:49,clusterA,0,4,2,2,0.17,0.13,0,0.87,0.13,0
2025/11/13 21:49,clusterB,0,4,3,1,0,0,0,1,0,0
2025/11/13 21:49,clusterA,0,4,2,2,0.17,0.13,0,0.87,0.13,0
2025/11/13 21:49,clusterB,0,4,3,1,0,0,0,1,0,0
2025/11/13 21:49,clusterA,0,4,2,2,0.17,0.13,0,0.87,0.13,0
2025/11/13 21:49,clusterB,0,4,3,1,0,0,0,1,0,0
2025/11/13 21:49,clusterA,0,4,2,2,0.17,0.13,0,0.87,0.13,0
2025/11/13 21:49,clusterB,0,4,3,1,0,0,0,1,0,0
2025/11/13 21:49,clusterA,0,4,2,2,0.18,0.13,0,0.87,0.13,0
2025/11/13 21:49,clusterB,0,4,3,1,0,0,0,1,0,0
2025/11/13 21:49,clusterA,0,4,2,2,0.18,0.13,0,0.87,0.13,0
2025/11/13 21:49,clusterB,0,4,3,1,0,0,0,1,0,0
2025/11/13 21:49,clusterA,0,4,2,2,0.18,0.13,0,0.87,0.13,0
2025/11/13 21:49,clusterB,0,4,3,1,0,0,0,1,0,0
2025/11/13 21:49,clusterA,0,4,2,2,0.19,0.13,0,0.87,0.13,0
2025/11/13 21:49,clusterB,0,4,3,1,0,0,0,1,0,0
2025/11/13 21:49,clusterA,0,4,2,2,0.19,0.13,0,0.87,0.13,0
2025/11/13 21:49,clusterB,0,4,3,1,0,0,0,1,0,0
2025/11/13 21:49,clusterA,0,4,2,2,0.19,0.13,0,0.87,0.13,0
2025/11/13 21:49,clusterB,0,4,3,1,0,0,0,1,0,0
2025/11/13 21:50,clusterA,0,4,2,2,0.2,0.13,0,0.87,0.13,0
2025/11/13 21:50,clusterB,0,4,3,1,0,0,0,1,0,0
2025/11/13 21:50,clusterA,0,4,2,2,0.19,0.13,0,0.87,0.13,0
2025/11/13 21:50,clusterB,0,4,3,1,0,0,0,1,0,0
2025/11/13 21:50,clusterA,0,4,2,2,0.19,0.13,0,0.87,0.13,0
2025/11/13 21:50,clusterB,0,4,3,1,0,0,0,1,0,0
2025/11/13 21:50,clusterA,0,4,2,2,0.19,0.13,0,0.87,0.13,0
2025/11/13 21:50,clusterB,0,4,3,1,0,0,0,1,0,0
2025/11/13 21:50,clusterA,0,4,2,2,0.19,0.13,0,0.87,0.13,0
2025/11/13 21:50,clusterB,0,4,3,1,0,0,0,1,0,0
2025/11/13 21:50,clusterA,0,4,2,2,0.2,0.13,0,0.87,0.13,0
2025/11/13 21:50,clusterB,0,4,3,1,0,0,0,1,0,0
2025/11/13 21:50,clusterA,0,4,2,2,0.2,0.13,0,0.87,0.13,0
2025/11/13 21:50,clusterB,0,4,3,1,0,0,0,1,0,0
2025/11/13 21:50,clusterA,0,4,2,2,0.19,0.13,0,0.87,0.13,0
2025/11/13 21:50,clusterB,0,4,3,1,0,0,0,1,0,0
2025/11/13 21:50,clusterA,0,4,2,2,0.18,0.13,0,0.87,0.13,0
2025/11/13 21:50,clusterB,0,4,3,1,0,0,0,1,0,0
2025/11/13 21:50,clusterA,0,4,2,2,0.17,0.12,0,0.88,0.12,0
2025/11/13 21:50,clusterB,0,4,3,1,0,0,0,1,0,0
2025/11/13 21:50,clusterA,0,4,2,2,0.18,0.13,0,0.87,0.13,0
2025/11/13 21:50,clusterB,0,4,3,1,0,0,0,1,0,0
2025/11/13 21:50,clusterA,0,4,2,2,0.18,0.13,0,0.87,0.13,0
2025/11/13 21:50,clusterB,0,4,3,1,0,0,0,1,0,0
2025/11/13 21:51,clusterA,0,4,2,2,0.17,0.13,0,0.87,0.13,0
2025/11/13 21:51,clusterB,0,4,3,1,0,0,0,1,0,0
2025/11/13 21:51,clusterA,0,4,2,2,0.18,0.13,0,0.87,0.13,0
2025/11/13 21:51,clusterB,0,4,3,1,0,0,0,1,0,0
2025/11/13 21:51,clusterA,0,4,2,2,0.18,0.13,0,0.87,0.13,0
2025/11/13 21:51,clusterB,0,4,3,1,0,0,0,1,0,0
2025/11/13 21:51,clusterA,0,4,2,2,0.18,0.13,0,0.87,0.13,0
2025/11/13 21:51,clusterB,0,4,3,1,0,0,0,1,0,0
2025/11/13 21:51,clusterA,0,4,3,1,0.17,0.13,0,0.87,0.13,0
2025/11/13 21:51,clusterB,0,4,3,1,0,0,0,1,0,0
2025/11/13 21:51,clusterA,0,4,3,1,0.18,0.13,0,0.87,0.13,0
2025/11/13 21:51,clusterB,0,4,3,1,0,0,0,1,0,0
2025/11/13 21:51,clusterA,0,4,3,1,0.16,0.13,0,0.87,0.13,0
2025/11/13 21:51,clusterB,0,4,3,1,0,0,0,1,0,0
2025/11/13 21:51,clusterA,0,4,3,1,0.19,0.14,0,0.86,0.14,0
2025/11/13 21:51,clusterB,0,4,3,1,0,0,0,1,0,0
2025/11/13 21:51,clusterA,0,4,3,1,0.21,0.15,0,0.85,0.15,0
2025/11/13 21:51,clusterB,0,4,3,1,0,0,0,1,0,0
2025/11/13 21:51,clusterA,0,4,3,1,0.23,0.15,0,0.85,0.15,0
2025/11/13 21:51,clusterB,0,4,3,1,0,0,0,1,0,0
2025/11/13 21:51,clusterA,0,4,3,1,0.25,0.15,0,0.85,0.15,0
2025/11/13 21:51,clusterB,0,4,3,1,0,0,0,1,0,0
2025/11/13 21:51,clusterA,0,4,3,1,0.27,0.16,0,0.84,0.16,0
2025/11/13 21:51,clusterB,0,4,3,1,0,0,0,1,0,0
2025/11/13 21:52,clusterA,0,4,3,1,0.29,0.16,0,0.84,0.16,0
2025/11/13 21:52,clusterB,0,4,3,1,0,0,0,1,0,0
2025/11/13 21:52,clusterA,0,4,3,1,0.3,0.17,0,0.83,0.17,0
2025/11/13 21:52,clusterB,0,4,3,1,0,0,0,1,0,0
2025/11/13 21:52,clusterA,0,4,3,1,0.32,0.17,0,0.83,0.17,0
2025/11/13 21:52,clusterB,0,4,3,1,0,0,0,1,0,0
2025/11/13 21:52,clusterA,0,4,3,1,0.34,0.18,0,0.82,0.18,0
2025/11/13 21:52,clusterB,0,4,3,1,0,0,0,1,0,0
2025/11/13 21:52,clusterA,0,4,3,1,0.36,0.18,0,0.82,0.18,0
2025/11/13 21:52,clusterB,0,4,3,1,0,0,0,1,0,0
2025/11/13 21:52,clusterA,0,4,3,1,0.38,0.19,0,0.81,0.19,0
2025/11/13 21:52,clusterB,0,4,3,1,0,0,0,1,0,0
2025/11/13 21:52,clusterA,0,4,3,1,0.41,0.19,0,0.81,0.19,0
2025/11/13 21:52,clusterB,0,4,3,1,0,0,0,1,0,0
2025/11/13 21:52,clusterA,0,4,3,1,0.41,0.19,0,0.81,0.19,0
2025/11/13 21:52,clusterB,0,4,3,1,0,0,0,1,0,0
2025/11/13 21:52,clusterA,0,4,3,1,0.41,0.19,0,0.81,0.19,0
2025/11/13 21:52,clusterB,0,4,3,1,0,0,0,1,0,0
2025/11/13 21:52,clusterA,0,4,3,1,0.41,0.19,0,0.81,0.19,0
2025/11/13 21:52,clusterB,0,4,3,1,0,0,0,1,0,0
2025/11/13 21:52,clusterA,0,4,3,1,0.41,0.19,0,0.81,0.19,0
2025/11/13 21:52,clusterB,0,4,3,1,0,0,0,1,0,0
2025/11/13 21:52,clusterA,0,4,3,1,0.4,0.19,0,0.81,0.19,0
2025/11/13 21:52,clusterB,0,4,3,1,0,0,0,1,0,0
2025/11/13 21:53,clusterA,0,4,3,1,0.39,0.19,0,0.81,0.19,0
2025/11/13 21:53,clusterB,0,4,3,1,0,0,0,1,0,0
2025/11/13 21:53,clusterA,0,4,3,1,0.39,0.18,0,0.82,0.18,0
2025/11/13 21:53,clusterB,0,4,3,1,0,0,0,1,0,0
2025/11/13 21:53,clusterA,0,4,3,1,0.39,0.18,0,0.82,0.18,0
2025/11/13 21:53,clusterB,0,4,3,1,0,0,0,1,0,0
2025/11/13 21:53,clusterA,0,4,3,1,0.39,0.19,0,0.81,0.19,0
2025/11/13 21:53,clusterB,0,4,3,1,0,0,0,1,0,0
2025/11/13 21:53,clusterA,0,4,3,1,0.39,0.18,0,0.82,0.18,0
2025/11/13 21:53,clusterB,0,4,3,1,0,0,0,1,0,0
2025/11/13 21:53,clusterA,0,4,3,1,0.38,0.18,0,0.82,0.18,0
2025/11/13 21:53,clusterB,0,4,3,1,0,0,0,1,0,0
2025/11/13 21:53,clusterA,0,4,3,1,0.38,0.18,0,0.82,0.18,0
2025/11/13 21:53,clusterB,0,4,3,1,0,0,0,1,0,0
2025/11/13 21:53,clusterA,0,4,3,1,0.38,0.19,0,0.81,0.19,0
2025/11/13 21:53,clusterB,0,4,3,1,0,0,0,1,0,0
2025/11/13 21:53,clusterA,0,4,3,1,0.39,0.19,0,0.81,0.19,0
2025/11/13 21:53,clusterB,0,4,3,1,0,0,0,1,0,0
2025/11/13 21:53,clusterA,0,4,3,1,0.39,0.19,0,0.81,0.19,0
2025/11/13 21:53,clusterB,0,4,3,1,0,0,0,1,0,0
2025/11/13 21:53,clusterA,0,4,3,1,0.39,0.19,0,0.81,0.19,0
2025/11/13 21:53,clusterB,0,4,3,1,0,0,0,1,0,0
2025/11/13 21:53,clusterA,0,4,3,1,0.39,0.19,0,0.81,0.19,0
2025/11/13 21:53,clusterB,0,4,3,1,0,0,0,1,0,0
2025/11/13 21:54,clusterA,0,4,3,1,0.4,0.19,0,0.81,0.19,0
2025/11/13 21:54,clusterB,0,4,3,1,0,0,0,1,0,0
2025/11/13 21:54,clusterA,0,4,3,1,0.4,0.19,0,0.81,0.19,0
2025/11/13 21:54,clusterB,0,4,3,1,0,0,0,1,0,0
2025/11/13 21:54,clusterA,0,4,3,1,0.4,0.19,0,0.81,0.19,0
2025/11/13 21:54,clusterB,0,4,3,1,0,0,0,1,0,0
2025/11/13 21:54,clusterA,0,4,3,1,0.39,0.19,0,0.81,0.19,0
2025/11/13 21:54,clusterB,0,4,3,1,0,0,0,1,0,0
2025/11/13 21:54,clusterA,0,4,3,1,0.39,0.19,0,0.81,0.19,0
2025/11/13 21:54,clusterB,0,4,3,1,0,0,0,1,0,0
2025/11/13 21:54,clusterA,0,4,3,1,0.4,0.19,0,0.81,0.19,0
2025/11/13 21:54,clusterB,0,4,3,1,0,0,0,1,0,0
2025/11/13 21:54,clusterA,0,4,3,1,0.4,0.19,0,0.81,0.19,0
2025/11/13 21:54,clusterB,0,4,3,1,0,0,0,1,0,0
2025/11/13 21:54,clusterA,0,4,3,1,0.4,0.19,0,0.81,0.19,0
2025/11/13 21:54,clusterB,0,4,3,1,0,0,0,1,0,0
2025/11/13 21:54,clusterA,0,4,3,1,0.39,0.19,0,0.81,0.19,0
2025/11/13 21:54,clusterB,0,4,3,1,0,0,0,1,0,0
2025/11/13 21:54,clusterA,0,4,3,1,0.4,0.19,0,0.81,0.19,0
2025/11/13 21:54,clusterB,0,4,3,1,0,0,0,1,0,0
2025/11/13 21:54,clusterA,0,4,3,1,0.39,0.19,0,0.81,0.19,0
2025/11/13 21:54,clusterB,0,4,3,1,0,0,0,1,0,0
2025/11/13 21:54,clusterA,0,4,3,1,0.39,0.19,0,0.81,0.19,0
2025/11/13 21:54,clusterB,0,4,3,1,0,0,0,1,0,0
2025/11/13 21:55,clusterA,0,4,3,1,0.39,0.19,0,0.81,0.19,0
2025/11/13 21:55,clusterB,0,4,3,1,0,0,0,1,0,0
2025/11/13 21:55,clusterA,0,4,3,1,0.38,0.19,0,0.81,0.19,0
2025/11/13 21:55,clusterB,0,4,3,1,0,0,0,1,0,0
2025/11/13 21:55,clusterA,0,4,3,1,0.38,0.19,0,0.81,0.19,0
2025/11/13 21:55,clusterB,0,4,3,1,0,0,0,1,0,0
2025/11/13 21:55,clusterA,0,4,3,1,0.37,0.19,0,0.81,0.19,0
2025/11/13 21:55,clusterB,0,4,3,1,0,0,0,1,0,0
2025/11/13 21:55,clusterA,0,4,3,1,0.38,0.19,0,0.81,0.19,0
2025/11/13 21:55,clusterB,0,4,3,1,0,0,0,1,0,0
2025/11/13 21:55,clusterA,0,4,3,1,0.37,0.19,0,0.81,0.19,0
2025/11/13 21:55,clusterB,0,4,3,1,0,0,0,1,0,0
2025/11/13 21:55,clusterA,0,4,3,1,0.38,0.19,0,0.81,0.19,0
2025/11/13 21:55,clusterB,0,4,3,1,0,0,0,1,0,0
2025/11/13 21:55,clusterA,0,4,3,1,0.38,0.19,0,0.81,0.19,0
2025/11/13 21:55,clusterB,0,4,3,1,0,0,0,1,0,0
2025/11/13 21:55,clusterA,0,4,3,1,0.38,0.19,0,0.81,0.19,0
2025/11/13 21:55,clusterB,0,4,3,1,0,0,0,1,0,0
2025/11/13 21:55,clusterA,0,4,3,1,0.37,0.19,0,0.81,0.19,0
2025/11/13 21:55,clusterB,0,4,3,1,0,0,0,1,0,0
2025/11/13 21:55,clusterA,0,4,3,1,0.36,0.19,0,0.81,0.19,0
2025/11/13 21:55,clusterB,0,4,3,1,0,0,0,1,0,0
2025/11/13 21:55,clusterA,0,4,3,1,0.37,0.19,0,0.81,0.19,0
2025/11/13 21:55,clusterB,0,4,3,1,0,0,0,1,0,0
2025/11/13 21:56,clusterA,0,4,3,1,0.37,0.19,0,0.81,0.19,0
2025/11/13 21:56,clusterB,0,4,3,1,0,0,0,1,0,0
2025/11/13 21:56,clusterA,0,4,3,1,0.38,0.19,0,0.81,0.19,0
2025/11/13 21:56,clusterB,0,4,3,1,0,0,0,1,0,0
2025/11/13 21:56,clusterA,0,4,3,1,0.38,0.19,0,0.81,0.19,0
2025/11/13 21:56,clusterB,0,4,3,1,0,0,0,1,0,0
2025/11/13 21:56,clusterA,0,4,3,1,0.39,0.19,0,0.81,0.19,0
2025/11/13 21:56,clusterB,0,4,3,1,0,0,0,1,0,0
2025/11/13 21:56,clusterA,0,4,3,1,0.38,0.19,0,0.81,0.19,0
2025/11/13 21:56,clusterB,0,4,3,1,0,0,0,1,0,0
2025/11/13 21:56,clusterA,0,4,3,1,0.38,0.19,0,0.81,0.19,0
2025/11/13 21:56,clusterB,0,4,3,1,0,0,0,1,0,0
2025/11/13 21:56,clusterA,0,4,3,1,0.37,0.19,0,0.81,0.19,0
2025/11/13 21:56,clusterB,0,4,3,1,0,0,0,1,0,0
2025/11/13 21:56,clusterA,0,4,3,1,0.37,0.19,0,0.81,0.19,0
2025/11/13 21:56,clusterB,0,4,3,1,0,0,0,1,0,0
2025/11/13 21:56,clusterA,0,4,3,1,0.35,0.19,0,0.81,0.19,0
2025/11/13 21:56,clusterB,0,4,3,1,0,0,0,1,0,0
2025/11/13 21:56,clusterA,0,4,3,1,0.36,0.19,0,0.81,0.19,0
2025/11/13 21:56,clusterB,0,4,3,1,0,0,0,1,0,0
2025/11/13 21:56,clusterA,0,4,3,1,0.37,0.19,0,0.81,0.19,0
2025/11/13 21:56,clusterB,0,4,3,1,0,0,0,1,0,0
2025/11/13 21:56,clusterA,0,4,3,1,0.36,0.19,0,0.81,0.19,0
2025/11/13 21:56,clusterB,0,4,3,1,0,0,0,1,0,0
2025/11/13 21:57,clusterA,0,4,3,1,0.35,0.19,0,0.81,0.19,0
2025/11/13 21:57,clusterB,0,4,3,1,0,0,0,1,0,0
2025/11/13 21:57,clusterA,0,4,3,1,0.36,0.19,0,0.81,0.19,0
2025/11/13 21:57,clusterB,0,4,3,1,0,0,0,1,0,0
2025/11/13 21:57,clusterA,0,4,3,1,0.36,0.19,0,0.81,0.19,0
2025/11/13 21:57,clusterB,0,4,3,1,0,0,0,1,0,0
2025/11/13 21:57,clusterA,0,4,3,1,0.36,0.19,0,0.81,0.19,0
2025/11/13 21:57,clusterB,0,4,3,1,0,0,0,1,0,0
2025/11/13 21:57,clusterA,0,4,3,1,0.36,0.19,0,0.81,0.19,0
2025/11/13 21:57,clusterB,0,4,3,1,0,0,0,1,0,0
2025/11/13 21:57,clusterA,0,4,3,1,0.36,0.19,0,0.81,0.19,0
2025/11/13 21:57,clusterB,0,4,3,1,0,0,0,1,0,0
2025/11/13 21:57,clusterA,0,4,3,1,0.37,0.19,0,0.81,0.19,0
2025/11/13 21:57,clusterB,0,4,3,1,0,0,0,1,0,0
2025/11/13 21:57,clusterA,0,4,3,1,0.37,0.18,0,0.82,0.18,0
2025/11/13 21:57,clusterB,0,4,3,1,0,0,0,1,0,0
2025/11/13 21:57,clusterA,0,4,3,1,0.38,0.19,0,0.81,0.19,0
2025/11/13 21:57,clusterB,0,4,3,1,0,0,0,1,0,0
2025/11/13 21:57,clusterA,0,4,3,1,0.36,0.19,0,0.81,0.19,0
2025/11/13 21:57,clusterB,0,4,3,1,0,0,0,1,0,0
2025/11/13 21:57,clusterA,0,4,3,1,0.36,0.19,0,0.81,0.19,0
2025/11/13 21:57,clusterB,0,4,3,1,0,0,0,1,0,0
2025/11/13 21:57,clusterA,0,4,3,1,0.37,0.19,0,0.81,0.19,0
2025/11/13 21:57,clusterB,0,4,3,1,0,0,0,1,0,0
2025/11/13 21:58,clusterA,0,4,3,1,0.37,0.19,0,0.81,0.19,0
2025/11/13 21:58,clusterB,0,4,3,1,0,0,0,1,0,0
2025/11/13 21:58,clusterA,0,4,4,0,0.37,0.19,0,0.81,0.19,0
2025/11/13 21:58,clusterB,0,4,3,1,0,0,0,1,0,0
2025/11/13 21:58,clusterA,0,4,3,1,0.37,0.19,0,0.81,0.19,0
2025/11/13 21:58,clusterB,0,4,3,1,0,0,0,1,0,0
2025/11/13 21:58,clusterA,0,4,3,1,0.37,0.19,0,0.81,0.19,0
2025/11/13 21:58,clusterB,0,4,3,1,0,0,0,1,0,0
2025/11/13 21:58,clusterA,0,4,3,1,0.38,0.19,0,0.81,0.19,0
2025/11/13 21:58,clusterB,0,4,3,1,0,0,0,1,0,0
2025/11/13 21:58,clusterA,0,4,3,1,0.38,0.19,0,0.81,0.19,0
2025/11/13 21:58,clusterB,0,4,3,1,0,0,0,1,0,0
2025/11/13 21:58,clusterA,0,4,3,1,0.38,0.19,0,0.81,0.19,0
2025/11/13 21:58,clusterB,0,4,3,1,0,0,0,1,0,0
2025/11/13 21:58,clusterA,0,4,3,1,0.38,0.19,0,0.81,0.19,0
2025/11/13 21:58,clusterB,0,4,3,1,0,0,0,1,0,0
2025/11/13 21:58,clusterA,0,4,3,1,0.38,0.2,0,0.8,0.2,0
2025/11/13 21:58,clusterB,0,4,3,1,0,0,0,1,0,0
2025/11/13 21:58,clusterA,0,4,3,1,0.39,0.2,0,0.8,0.2,0
2025/11/13 21:58,clusterB,0,4,3,1,0,0,0,1,0,0
2025/11/13 21:58,clusterA,0,4,3,1,0.4,0.2,0,0.8,0.2,0
2025/11/13 21:58,clusterB,0,4,3,1,0,0,0,1,0,0
2025/11/13 21:58,clusterA,0,4,3,1,0.4,0.2,0,0.8,0.2,0
2025/11/13 21:58,clusterB,0,4,3,1,0,0,0,1,0,0
2025/11/13 21:59,clusterA,1,4,3,1,0.39,0.19,0.25,0.56,0.19,0.25
2025/11/13 21:59,clusterB,1,4,3,1,0,0,0.25,0.75,0,0.25
2025/11/13 21:59,clusterA,1,4,3,1,0.4,0.19,0.25,0.56,0.19,0.25
2025/11/13 21:59,clusterB,1,4,3,1,0,0,0.25,0.75,0,0.25
2025/11/13 21:59,clusterA,1,4,3,1,0.4,0.19,0.25,0.56,0.19,0.25
2025/11/13 21:59,clusterB,1,4,3,1,0,0,0.25,0.75,0,0.25
2025/11/13 21:59,clusterA,1,4,3,1,0.4,0.19,0.25,0.56,0.19,0.25
2025/11/13 21:59,clusterB,1,4,3,1,0,0,0.25,0.75,0,0.25
2025/11/13 21:59,clusterA,1,4,3,1,0.37,0.19,0.25,0.56,0.19,0.25
2025/11/13 21:59,clusterB,1,4,3,1,0,0,0.25,0.75,0,0.25
2025/11/13 21:59,clusterA,1,4,3,1,0.36,0.19,0.25,0.56,0.19,0.25
2025/11/13 21:59,clusterB,1,4,3,1,0,0,0.25,0.75,0,0.25
2025/11/13 21:59,clusterA,1,4,3,1,0.36,0.19,0.25,0.56,0.19,0.25
2025/11/13 21:59,clusterB,1,4,3,1,0,0,0.25,0.75,0,0.25
2025/11/13 21:59,clusterA,1,4,3,1,0.36,0.19,0.25,0.56,0.19,0.25
2025/11/13 21:59,clusterB,1,4,3,1,0,0,0.25,0.75,0,0.25
2025/11/13 21:59,clusterA,1,4,3,1,0.37,0.19,0.25,0.56,0.19,0.25
2025/11/13 21:59,clusterB,1,4,3,1,0,0,0.25,0.75,0,0.25
2025/11/13 21:59,clusterA,1,4,3,1,0.35,0.18,0.25,0.57,0.18,0.25
2025/11/13 21:59,clusterB,1,4,3,1,0,0,0.25,0.75,0,0.25
2025/11/13 21:59,clusterA,1,4,3,1,0.36,0.19,0.25,0.56,0.19,0.25
2025/11/13 21:59,clusterB,1,4,3,1,0,0,0.25,0.75,0,0.25
2025/11/13 21:59,clusterA,1,4,3,1,0.36,0.19,0.25,0.56,0.19,0.25
2025/11/13 21:59,clusterB,1,4,3,1,0,0,0.25,0.75,0,0.25
2025/11/13 22:00,clusterA,1,4,3,1,0.37,0.19,0.25,0.56,0.19,0.25
2025/11/13 22:00,clusterB,1,4,3,1,0,0,0.25,0.75,0,0.25
2025/11/13 22:00,clusterA,1,4,3,1,0.37,0.19,0.25,0.56,0.19,0.25
2025/11/13 22:00,clusterB,1,4,3,1,0,0,0.25,0.75,0,0.25
2025/11/13 22:00,clusterA,1,4,3,1,0.36,0.19,0.25,0.56,0.19,0.25
2025/11/13 22:00,clusterB,1,4,3,1,0,0,0.25,0.75,0,0.25
2025/11/13 22:00,clusterA,2,4,3,1,0.36,0.19,0.5,0.31,0.19,0.5
2025/11/13 22:00,clusterB,2,4,3,1,0,0,0.5,0.5,0,0.5
2025/11/13 22:00,clusterA,2,4,3,1,0.39,0.19,0.5,0.31,0.19,0.5
2025/11/13 22:00,clusterB,2,4,3,1,0,0,0.5,0.5,0,0.5
2025/11/13 22:00,clusterA,2,4,3,1,0.39,0.2,0.5,0.3,0.2,0.5
2025/11/13 22:00,clusterB,2,4,3,1,0,0,0.5,0.5,0,0.5
2025/11/13 22:00,clusterA,2,4,3,1,0.39,0.2,0.5,0.3,0.2,0.5
2025/11/13 22:00,clusterB,2,4,3,1,0,0,0.5,0.5,0,0.5
2025/11/13 22:00,clusterA,2,4,3,1,0.38,0.2,0.5,0.3,0.2,0.5
2025/11/13 22:00,clusterB,2,4,3,1,0,0,0.5,0.5,0,0.5
2025/11/13 22:00,clusterA,2,4,3,1,0.38,0.2,0.5,0.3,0.2,0.5
2025/11/13 22:00,clusterB,2,4,3,1,0,0,0.5,0.5,0,0.5
2025/11/13 22:00,clusterA,2,4,3,1,0.39,0.2,0.5,0.3,0.2,0.5
2025/11/13 22:00,clusterB,2,4,3,1,0,0,0.5,0.5,0,0.5
2025/11/13 22:00,clusterA,2,4,3,1,0.39,0.2,0.5,0.3,0.2,0.5
2025/11/13 22:00,clusterB,2,4,3,1,0,0,0.5,0.5,0,0.5
2025/11/13 22:00,clusterA,3,4,3,1,0.39,0.2,0.75,0.05,0.2,0.75
2025/11/13 22:00,clusterB,3,4,3,1,0,0,0.75,0.25,0,0.75
2025/11/13 22:01,clusterA,3,4,3,1,0.39,0.2,0.75,0.05,0.2,0.75
2025/11/13 22:01,clusterB,3,4,3,1,0,0,0.75,0.25,0,0.75
2025/11/13 22:01,clusterA,3,4,3,1,0.39,0.2,0.75,0.05,0.2,0.75
2025/11/13 22:01,clusterB,3,4,3,1,0,0,0.75,0.25,0,0.75
2025/11/13 22:01,clusterA,3,4,3,1,0.4,0.2,0.75,0.05,0.2,0.75
2025/11/13 22:01,clusterB,3,4,3,1,0,0,0.75,0.25,0,0.75
2025/11/13 22:01,clusterA,3,4,3,1,0.4,0.2,0.75,0.05,0.2,0.75
2025/11/13 22:01,clusterB,3,4,3,1,0,0,0.75,0.25,0,0.75
2025/11/13 22:01,clusterA,3,4,3,1,0.4,0.2,0.75,0.05,0.2,0.75
2025/11/13 22:01,clusterB,3,4,3,1,0,0,0.75,0.25,0,0.75
2025/11/13 22:01,clusterA,3,4,3,1,0.39,0.19,0.75,0.06,0.19,0.75
2025/11/13 22:01,clusterB,3,4,3,1,0,0,0.75,0.25,0,0.75
2025/11/13 22:01,clusterA,3,4,3,1,0.39,0.19,0.75,0.06,0.19,0.75
2025/11/13 22:01,clusterB,3,4,3,1,0,0,0.75,0.25,0,0.75
2025/11/13 22:01,clusterA,3,4,3,1,0.39,0.19,0.75,0.06,0.19,0.75
2025/11/13 22:01,clusterB,3,4,3,1,0,0,0.75,0.25,0,0.75
2025/11/13 22:01,clusterA,3,4,3,1,0.39,0.19,0.75,0.06,0.19,0.75
2025/11/13 22:01,clusterB,3,4,3,1,0,0,0.75,0.25,0,0.75
2025/11/13 22:01,clusterA,3,4,3,1,0.39,0.19,0.75,0.06,0.19,0.75
2025/11/13 22:01,clusterB,3,4,3,1,0,0,0.75,0.25,0,0.75
2025/11/13 22:01,clusterA,3,4,3,1,0.39,0.19,0.75,0.06,0.19,0.75
2025/11/13 22:01,clusterB,3,4,3,1,0,0,0.75,0.25,0,0.75
2025/11/13 22:01,clusterA,3,4,3,1,0.37,0.19,0.75,0.06,0.19,0.75
2025/11/13 22:01,clusterB,3,4,3,1,0,0,0.75,0.25,0,0.75
2025/11/13 22:02,clusterA,3,4,3,1,0.36,0.19,0.75,0.06,0.19,0.75
2025/11/13 22:02,clusterB,3,4,3,1,0,0,0.75,0.25,0,0.75
2025/11/13 22:02,clusterA,3,4,3,1,0.36,0.19,0.75,0.06,0.19,0.75
2025/11/13 22:02,clusterB,3,4,3,1,0,0,0.75,0.25,0,0.75
2025/11/13 22:02,clusterA,3,4,3,1,0.36,0.19,0.75,0.06,0.19,0.75
2025/11/13 22:02,clusterB,3,4,3,1,0,0,0.75,0.25,0,0.75
2025/11/13 22:02,clusterA,3,4,3,1,0.36,0.19,0.75,0.06,0.19,0.75
2025/11/13 22:02,clusterB,3,4,3,1,0,0,0.75,0.25,0,0.75
2025/11/13 22:02,clusterA,3,4,3,1,0.36,0.19,0.75,0.06,0.19,0.75
2025/11/13 22:02,clusterB,3,4,3,1,0,0,0.75,0.25,0,0.75
2025/11/13 22:02,clusterA,3,4,3,1,0.37,0.19,0.75,0.06,0.19,0.75
2025/11/13 22:02,clusterB,3,4,3,1,0,0,0.75,0.25,0,0.75
2025/11/13 22:02,clusterA,3,4,3,1,0.37,0.19,0.75,0.06,0.19,0.75
2025/11/13 22:02,clusterB,3,4,3,1,0,0,0.75,0.25,0,0.75
2025/11/13 22:02,clusterA,3,4,3,1,0.37,0.19,0.75,0.06,0.19,0.75
2025/11/13 22:02,clusterB,3,4,3,1,0,0,0.75,0.25,0,0.75
2025/11/13 22:02,clusterA,3,4,3,1,0.38,0.19,0.75,0.06,0.19,0.75
2025/11/13 22:02,clusterB,3,4,3,1,0,0,0.75,0.25,0,0.75
2025/11/13 22:02,clusterA,3,4,3,1,0.38,0.19,0.75,0.06,0.19,0.75
2025/11/13 22:02,clusterB,3,4,3,1,0,0,0.75,0.25,0,0.75
2025/11/13 22:02,clusterA,3,4,3,1,0.37,0.19,0.75,0.06,0.19,0.75
2025/11/13 22:02,clusterB,3,4,3,1,0,0,0.75,0.25,0,0.75
2025/11/13 22:02,clusterA,3,4,3,1,0.39,0.19,0.75,0.06,0.19,0.75
2025/11/13 22:02,clusterB,3,4,3,1,0,0,0.75,0.25,0,0.75
2025/11/13 22:03,clusterA,3,4,3,1,0.39,0.19,0.75,0.06,0.19,0.75
2025/11/13 22:03,clusterB,3,4,3,1,0,0,0.75,0.25,0,0.75
2025/11/13 22:03,clusterA,3,4,3,1,0.39,0.19,0.75,0.06,0.19,0.75
2025/11/13 22:03,clusterB,3,4,3,1,0,0,0.75,0.25,0,0.75
2025/11/13 22:03,clusterA,3,4,3,1,0.39,0.19,0.75,0.06,0.19,0.75
2025/11/13 22:03,clusterB,3,4,3,1,0,0,0.75,0.25,0,0.75
2025/11/13 22:03,clusterA,3,4,3,1,0.39,0.19,0.75,0.06,0.19,0.75
2025/11/13 22:03,clusterB,3,4,3,1,0,0,0.75,0.25,0,0.75
2025/11/13 22:03,clusterA,3,4,3,1,0.39,0.19,0.75,0.06,0.19,0.75
2025/11/13 22:03,clusterB,3,4,3,1,0,0,0.75,0.25,0,0.75
2025/11/13 22:03,clusterA,3,4,3,1,0.38,0.19,0.75,0.06,0.19,0.75
2025/11/13 22:03,clusterB,3,4,3,1,0,0,0.75,0.25,0,0.75
2025/11/13 22:03,clusterA,3,4,3,1,0.37,0.19,0.75,0.06,0.19,0.75
2025/11/13 22:03,clusterB,3,4,3,1,0,0,0.75,0.25,0,0.75
2025/11/13 22:03,clusterA,3,4,3,1,0.37,0.19,0.75,0.06,0.19,0.75
2025/11/13 22:03,clusterB,3,4,3,1,0,0,0.75,0.25,0,0.75
2025/11/13 22:03,clusterA,3,4,3,1,0.37,0.19,0.75,0.06,0.19,0.75
2025/11/13 22:03,clusterB,3,4,3,1,0,0,0.75,0.25,0,0.75
2025/11/13 22:03,clusterA,3,4,3,1,0.37,0.19,0.75,0.06,0.19,0.75
2025/11/13 22:03,clusterB,3,4,3,1,0,0,0.75,0.25,0,0.75
2025/11/13 22:03,clusterA,3,4,3,1,0.37,0.19,0.75,0.06,0.19,0.75
2025/11/13 22:03,clusterB,3,4,3,1,0,0,0.75,0.25,0,0.75
2025/11/13 22:03,clusterA,3,4,3,1,0.37,0.19,0.75,0.06,0.19,0.75
2025/11/13 22:03,clusterB,3,4,3,1,0,0,0.75,0.25,0,0.75
2025/11/13 22:04,clusterA,3,4,3,1,0.37,0.19,0.75,0.06,0.19,0.75
2025/11/13 22:04,clusterB,3,4,3,1,0,0,0.75,0.25,0,0.75
2025/11/13 22:04,clusterA,3,4,3,1,0.36,0.19,0.75,0.06,0.19,0.75
2025/11/13 22:04,clusterB,3,4,3,1,0,0,0.75,0.25,0,0.75
2025/11/13 22:04,clusterA,3,4,3,1,0.37,0.19,0.75,0.06,0.19,0.75
2025/11/13 22:04,clusterB,3,4,3,1,0,0,0.75,0.25,0,0.75
2025/11/13 22:04,clusterA,3,4,3,1,0.36,0.19,0.75,0.06,0.19,0.75
2025/11/13 22:04,clusterB,3,4,3,1,0,0,0.75,0.25,0,0.75
2025/11/13 22:04,clusterA,3,4,3,1,0.36,0.2,0.75,0.05,0.2,0.75
2025/11/13 22:04,clusterB,3,4,3,1,0,0,0.75,0.25,0,0.75
2025/11/13 22:04,clusterA,3,4,3,1,0.37,0.2,0.75,0.05,0.2,0.75
2025/11/13 22:04,clusterB,3,4,3,1,0,0,0.75,0.25,0,0.75
2025/11/13 22:04,clusterA,3,4,3,1,0.39,0.2,0.75,0.05,0.2,0.75
2025/11/13 22:04,clusterB,3,4,3,1,0,0,0.75,0.25,0,0.75
2025/11/13 22:04,clusterA,3,4,3,1,0.39,0.2,0.75,0.05,0.2,0.75
2025/11/13 22:04,clusterB,3,4,3,1,0,0,0.75,0.25,0,0.75
2025/11/13 22:04,clusterA,3,4,3,1,0.39,0.2,0.75,0.05,0.2,0.75
2025/11/13 22:04,clusterB,3,4,3,1,0,0,0.75,0.25,0,0.75
2025/11/13 22:04,clusterA,3,4,3,1,0.39,0.2,0.75,0.05,0.2,0.75
2025/11/13 22:04,clusterB,3,4,3,1,0,0,0.75,0.25,0,0.75
2025/11/13 22:04,clusterA,3,4,3,1,0.39,0.2,0.75,0.05,0.2,0.75
2025/11/13 22:04,clusterB,3,4,3,1,0,0,0.75,0.25,0,0.75
2025/11/13 22:04,clusterA,3,4,3,1,0.4,0.2,0.75,0.05,0.2,0.75
2025/11/13 22:04,clusterB,3,4,3,1,0,0,0.75,0.25,0,0.75
2025/11/13 22:05,clusterA,3,4,3,1,0.4,0.2,0.75,0.05,0.2,0.75
2025/11/13 22:05,clusterB,3,4,3,1,0,0,0.75,0.25,0,0.75
2025/11/13 22:05,clusterA,3,4,3,1,0.4,0.2,0.75,0.05,0.2,0.75
2025/11/13 22:05,clusterB,3,4,3,1,0,0,0.75,0.25,0,0.75
2025/11/13 22:05,clusterA,3,4,3,1,0.4,0.2,0.75,0.05,0.2,0.75
2025/11/13 22:05,clusterB,3,4,3,1,0,0,0.75,0.25,0,0.75
2025/11/13 22:05,clusterA,3,4,3,1,0.4,0.19,0.75,0.06,0.19,0.75
2025/11/13 22:05,clusterB,3,4,3,1,0,0,0.75,0.25,0,0.75
2025/11/13 22:05,clusterA,3,4,3,1,0.39,0.19,0.75,0.06,0.19,0.75
2025/11/13 22:05,clusterB,3,4,3,1,0,0,0.75,0.25,0,0.75
2025/11/13 22:05,clusterA,3,4,3,1,0.38,0.19,0.75,0.06,0.19,0.75
2025/11/13 22:05,clusterB,3,4,3,1,0,0,0.75,0.25,0,0.75
2025/11/13 22:05,clusterA,3,4,3,1,0.38,0.19,0.75,0.06,0.19,0.75
2025/11/13 22:05,clusterB,3,4,3,1,0,0,0.75,0.25,0,0.75
2025/11/13 22:05,clusterA,3,4,3,1,0.38,0.19,0.75,0.06,0.19,0.75
2025/11/13 22:05,clusterB,3,4,3,1,0,0,0.75,0.25,0,0.75
2025/11/13 22:05,clusterA,3,4,3,1,0.38,0.19,0.75,0.06,0.19,0.75
2025/11/13 22:05,clusterB,3,4,3,1,0,0,0.75,0.25,0,0.75
2025/11/13 22:05,clusterA,3,4,3,1,0.38,0.19,0.75,0.06,0.19,0.75
2025/11/13 22:05,clusterB,3,4,3,1,0,0,0.75,0.25,0,0.75
2025/11/13 22:05,clusterA,3,4,3,1,0.38,0.19,0.75,0.06,0.19,0.75
2025/11/13 22:05,clusterB,3,4,3,1,0,0,0.75,0.25,0,0.75
2025/11/13 22:05,clusterA,3,4,3,1,0.39,0.2,0.75,0.05,0.2,0.75
2025/11/13 22:05,clusterB,3,4,3,1,0,0,0.75,0.25,0,0.75
2025/11/13 22:06,clusterA,3,4,3,1,0.37,0.19,0.75,0.06,0.19,0.75
2025/11/13 22:06,clusterB,3,4,3,1,0,0,0.75,0.25,0,0.75
2025/11/13 22:06,clusterA,3,4,3,1,0.37,0.19,0.75,0.06,0.19,0.75
2025/11/13 22:06,clusterB,3,4,3,1,0,0,0.75,0.25,0,0.75
2025/11/13 22:06,clusterA,3,4,3,1,0.37,0.19,0.75,0.06,0.19,0.75
2025/11/13 22:06,clusterB,3,4,3,1,0,0,0.75,0.25,0,0.75
2025/11/13 22:06,clusterA,3,4,3,1,0.37,0.2,0.75,0.05,0.2,0.75
2025/11/13 22:06,clusterB,3,4,3,1,0,0,0.75,0.25,0,0.75
2025/11/13 22:06,clusterA,3,4,3,1,0.37,0.2,0.75,0.05,0.2,0.75
2025/11/13 22:06,clusterB,3,4,3,1,0,0,0.75,0.25,0,0.75
2025/11/13 22:06,clusterA,3,4,3,1,0.38,0.2,0.75,0.05,0.2,0.75
2025/11/13 22:06,clusterB,3,4,3,1,0,0,0.75,0.25,0,0.75
2025/11/13 22:06,clusterA,3,4,3,1,0.38,0.2,0.75,0.05,0.2,0.75
2025/11/13 22:06,clusterB,3,4,3,1,0,0,0.75,0.25,0,0.75
2025/11/13 22:06,clusterA,3,4,3,1,0.38,0.2,0.75,0.05,0.2,0.75
2025/11/13 22:06,clusterB,3,4,3,1,0,0,0.75,0.25,0,0.75
2025/11/13 22:06,clusterA,3,4,3,1,0.38,0.2,0.75,0.05,0.2,0.75
2025/11/13 22:06,clusterB,3,4,3,1,0,0,0.75,0.25,0,0.75
2025/11/13 22:06,clusterA,3,4,3,1,0.37,0.2,0.75,0.05,0.2,0.75
2025/11/13 22:06,clusterB,3,4,3,1,0,0,0.75,0.25,0,0.75
2025/11/13 22:06,clusterA,3,4,3,1,0.38,0.2,0.75,0.05,0.2,0.75
2025/11/13 22:06,clusterB,3,4,3,1,0,0,0.75,0.25,0,0.75
2025/11/13 22:06,clusterA,3,4,3,1,0.36,0.19,0.75,0.06,0.19,0.75
2025/11/13 22:06,clusterB,3,4,3,1,0,0,0.75,0.25,0,0.75
2025/11/13 22:07,clusterA,3,4,3,1,0.36,0.2,0.75,0.05,0.2,0.75
2025/11/13 22:07,clusterB,3,4,3,1,0,0,0.75,0.25,0,0.75
2025/11/13 22:07,clusterA,3,4,3,1,0.36,0.19,0.75,0.06,0.19,0.75
2025/11/13 22:07,clusterB,3,4,3,1,0,0,0.75,0.25,0,0.75
2025/11/13 22:07,clusterA,3,4,3,1,0.35,0.19,0.75,0.06,0.19,0.75
2025/11/13 22:07,clusterB,3,4,3,1,0,0,0.75,0.25,0,0.75
2025/11/13 22:07,clusterA,3,4,3,1,0.36,0.19,0.75,0.06,0.19,0.75
2025/11/13 22:07,clusterB,3,4,3,1,0,0,0.75,0.25,0,0.75
2025/11/13 22:07,clusterA,3,4,3,1,0.36,0.19,0.75,0.06,0.19,0.75
2025/11/13 22:07,clusterB,3,4,3,1,0,0,0.75,0.25,0,0.75
2025/11/13 22:07,clusterA,3,4,3,1,0.36,0.19,0.75,0.06,0.19,0.75
2025/11/13 22:07,clusterB,3,4,3,1,0,0,0.75,0.25,0,0.75
2025/11/13 22:07,clusterA,3,4,3,1,0.35,0.19,0.75,0.06,0.19,0.75
2025/11/13 22:07,clusterB,3,4,3,1,0,0,0.75,0.25,0,0.75
2025/11/13 22:07,clusterA,3,4,3,1,0.35,0.19,0.75,0.06,0.19,0.75
2025/11/13 22:07,clusterB,3,4,3,1,0,0,0.75,0.25,0,0.75
2025/11/13 22:07,clusterA,3,4,3,1,0.36,0.19,0.75,0.06,0.19,0.75
2025/11/13 22:07,clusterB,3,4,3,1,0,0,0.75,0.25,0,0.75
2025/11/13 22:07,clusterA,3,4,3,1,0.36,0.19,0.75,0.06,0.19,0.75
2025/11/13 22:07,clusterB,3,4,3,1,0,0,0.75,0.25,0,0.75
2025/11/13 22:07,clusterA,3,4,3,1,0.35,0.19,0.75,0.06,0.19,0.75
2025/11/13 22:07,clusterB,3,4,3,1,0,0,0.75,0.25,0,0.75
2025/11/13 22:08,clusterA,3,4,3,1,0.36,0.19,0.75,0.06,0.19,0.75
2025/11/13 22:08,clusterB,3,4,3,1,0,0,0.75,0.25,0,0.75
2025/11/13 22:08,clusterA,3,4,3,1,0.36,0.19,0.75,0.06,0.19,0.75
2025/11/13 22:08,clusterB,3,4,3,1,0,0,0.75,0.25,0,0.75
2025/11/13 22:08,clusterA,3,4,3,1,0.37,0.19,0.75,0.06,0.19,0.75
2025/11/13 22:08,clusterB,3,4,3,1,0,0,0.75,0.25,0,0.75
2025/11/13 22:08,clusterA,3,4,3,1,0.37,0.19,0.75,0.06,0.19,0.75
2025/11/13 22:08,clusterB,3,4,3,1,0,0,0.75,0.25,0,0.75
2025/11/13 22:08,clusterA,3,4,3,1,0.39,0.2,0.75,0.05,0.2,0.75
2025/11/13 22:08,clusterB,3,4,3,1,0,0,0.75,0.25,0,0.75
2025/11/13 22:08,clusterA,3,4,3,1,0.38,0.2,0.75,0.05,0.2,0.75
2025/11/13 22:08,clusterB,3,4,3,1,0,0,0.75,0.25,0,0.75
2025/11/13 22:08,clusterA,3,4,3,1,0.38,0.2,0.75,0.05,0.2,0.75
2025/11/13 22:08,clusterB,3,4,3,1,0,0,0.75,0.25,0,0.75
2025/11/13 22:08,clusterA,3,4,3,1,0.39,0.2,0.75,0.05,0.2,0.75
2025/11/13 22:08,clusterB,3,4,3,1,0,0,0.75,0.25,0,0.75
2025/11/13 22:08,clusterA,3,4,3,1,0.39,0.2,0.75,0.05,0.2,0.75
2025/11/13 22:08,clusterB,3,4,3,1,0,0,0.75,0.25,0,0.75
2025/11/13 22:08,clusterA,3,4,3,1,0.39,0.2,0.75,0.05,0.2,0.75
2025/11/13 22:08,clusterB,3,4,3,1,0,0,0.75,0.25,0,0.75
2025/11/13 22:08,clusterA,3,4,3,1,0.38,0.2,0.75,0.05,0.2,0.75
2025/11/13 22:08,clusterB,3,4,3,1,0,0,0.75,0.25,0,0.75
2025/11/13 22:08,clusterA,3,4,3,1,0.38,0.2,0.75,0.05,0.2,0.75
2025/11/13 22:08,clusterB,3,4,3,1,0,0,0.75,0.25,0,0.75
2025/11/13 22:09,clusterA,3,4,3,1,0.38,0.2,0.75,0.05,0.2,0.75
2025/11/13 22:09,clusterB,3,4,3,1,0,0,0.75,0.25,0,0.75
2025/11/13 22:09,clusterA,3,4,3,1,0.38,0.19,0.75,0.06,0.19,0.75
2025/11/13 22:09,clusterB,3,4,3,1,0,0,0.75,0.25,0,0.75
2025/11/13 22:09,clusterA,3,4,3,1,0.38,0.19,0.75,0.06,0.19,0.75
2025/11/13 22:09,clusterB,3,4,3,1,0,0,0.75,0.25,0,0.75
2025/11/13 22:09,clusterA,3,4,3,1,0.37,0.19,0.75,0.06,0.19,0.75
2025/11/13 22:09,clusterB,3,4,3,1,0,0,0.75,0.25,0,0.75
2025/11/13 22:09,clusterA,3,4,3,1,0.37,0.19,0.75,0.06,0.19,0.75
2025/11/13 22:09,clusterB,3,4,3,1,0,0,0.75,0.25,0,0.75
2025/11/13 22:09,clusterA,3,4,3,1,0.37,0.19,0.75,0.06,0.19,0.75
2025/11/13 22:09,clusterB,3,4,3,1,0,0,0.75,0.25,0,0.75
2025/11/13 22:09,clusterA,3,4,3,1,0.37,0.19,0.75,0.06,0.19,0.75
2025/11/13 22:09,clusterB,3,4,3,1,0,0,0.75,0.25,0,0.75
2025/11/13 22:09,clusterA,3,4,3,1,0.37,0.19,0.75,0.06,0.19,0.75
2025/11/13 22:09,clusterB,3,4,3,1,0,0,0.75,0.25,0,0.75
2025/11/13 22:09,clusterA,3,4,3,1,0.37,0.19,0.75,0.06,0.19,0.75
2025/11/13 22:09,clusterB,3,4,3,1,0,0,0.75,0.25,0,0.75
2025/11/13 22:09,clusterA,3,4,3,1,0.35,0.19,0.75,0.06,0.19,0.75
2025/11/13 22:09,clusterB,3,4,3,1,0,0,0.75,0.25,0,0.75
2025/11/13 22:09,clusterA,3,4,3,1,0.35,0.19,0.75,0.06,0.19,0.75
2025/11/13 22:09,clusterB,3,4,3,1,0,0,0.75,0.25,0,0.75
2025/11/13 22:09,clusterA,3,4,3,1,0.35,0.19,0.75,0.06,0.19,0.75
2025/11/13 22:09,clusterB,3,4,3,1,0,0,0.75,0.25,0,0.75
2025/11/13 22:10,clusterA,3,4,3,1,0.35,0.19,0.75,0.06,0.19,0.75
2025/11/13 22:10,clusterB,3,4,3,1,0,0,0.75,0.25,0,0.75
2025/11/13 22:10,clusterA,3,4,3,1,0.35,0.19,0.75,0.06,0.19,0.75
2025/11/13 22:10,clusterB,3,4,3,1,0,0,0.75,0.25,0,0.75
2025/11/13 22:10,clusterA,3,4,3,1,0.35,0.19,0.75,0.06,0.19,0.75
2025/11/13 22:10,clusterB,3,4,3,1,0,0,0.75,0.25,0,0.75
2025/11/13 22:10,clusterA,3,4,3,1,0.36,0.19,0.75,0.06,0.19,0.75
2025/11/13 22:10,clusterB,3,4,3,1,0,0,0.75,0.25,0,0.75
2025/11/13 22:10,clusterA,3,4,3,1,0.36,0.19,0.75,0.06,0.19,0.75
2025/11/13 22:10,clusterB,3,4,3,1,0,0,0.75,0.25,0,0.75
2025/11/13 22:10,clusterA,3,4,3,1,0.37,0.19,0.75,0.06,0.19,0.75
2025/11/13 22:10,clusterB,3,4,3,1,0,0,0.75,0.25,0,0.75
2025/11/13 22:10,clusterA,3,4,3,1,0.37,0.19,0.75,0.06,0.19,0.75
2025/11/13 22:10,clusterB,3,4,3,1,0,0,0.75,0.25,0,0.75
2025/11/13 22:10,clusterA,3,4,3,1,0.37,0.19,0.75,0.06,0.19,0.75
2025/11/13 22:10,clusterB,3,4,3,1,0,0,0.75,0.25,0,0.75
2025/11/13 22:10,clusterA,3,4,3,1,0.37,0.19,0.75,0.06,0.19,0.75
2025/11/13 22:10,clusterB,3,4,3,1,0,0,0.75,0.25,0,0.75
2025/11/13 22:10,clusterA,3,4,3,1,0.39,0.2,0.75,0.05,0.2,0.75
2025/11/13 22:10,clusterB,3,4,3,1,0,0,0.75,0.25,0,0.75
2025/11/13 22:10,clusterA,3,4,3,1,0.39,0.2,0.75,0.05,0.2,0.75
2025/11/13 22:10,clusterB,3,4,3,1,0,0,0.75,0.25,0,0.75
2025/11/13 22:10,clusterA,3,4,3,1,0.39,0.2,0.75,0.05,0.2,0.75
2025/11/13 22:10,clusterB,3,4,3,1,0,0,0.75,0.25,0,0.75
2025/11/13 22:11,clusterA,3,4,3,1,0.41,0.2,0.75,0.05,0.2,0.75
2025/11/13 22:11,clusterB,3,4,3,1,0,0,0.75,0.25,0,0.75
2025/11/13 22:11,clusterA,3,4,3,1,0.41,0.2,0.75,0.05,0.2,0.75
2025/11/13 22:11,clusterB,3,4,3,1,0,0,0.75,0.25,0,0.75
2025/11/13 22:11,clusterA,3,4,3,1,0.41,0.2,0.75,0.05,0.2,0.75
2025/11/13 22:11,clusterB,3,4,3,1,0,0,0.75,0.25,0,0.75
2025/11/13 22:11,clusterA,3,4,3,1,0.41,0.2,0.75,0.05,0.2,0.75
2025/11/13 22:11,clusterB,3,4,3,1,0,0,0.75,0.25,0,0.75
2025/11/13 22:11,clusterA,3,4,3,1,0.41,0.2,0.75,0.05,0.2,0.75
2025/11/13 22:11,clusterB,3,4,3,1,0,0,0.75,0.25,0,0.75
2025/11/13 22:11,clusterA,3,4,3,1,0.41,0.2,0.75,0.05,0.2,0.75
2025/11/13 22:11,clusterB,3,4,3,1,0,0,0.75,0.25,0,0.75
2025/11/13 22:11,clusterA,3,4,3,1,0.41,0.2,0.75,0.05,0.2,0.75
2025/11/13 22:11,clusterB,3,4,3,1,0,0,0.75,0.25,0,0.75
2025/11/13 22:11,clusterA,3,4,3,1,0.41,0.2,0.75,0.05,0.2,0.75
2025/11/13 22:11,clusterB,3,4,3,1,0,0,0.75,0.25,0,0.75
2025/11/13 22:11,clusterA,3,4,3,1,0.41,0.2,0.75,0.05,0.2,0.75
2025/11/13 22:11,clusterB,3,4,3,1,0,0,0.75,0.25,0,0.75
2025/11/13 22:11,clusterA,3,4,3,1,0.4,0.2,0.75,0.05,0.2,0.75
2025/11/13 22:11,clusterB,3,4,3,1,0,0,0.75,0.25,0,0.75
2025/11/13 22:11,clusterA,3,4,3,1,0.4,0.2,0.75,0.05,0.2,0.75
2025/11/13 22:11,clusterB,3,4,3,1,0,0,0.75,0.25,0,0.75
2025/11/13 22:11,clusterA,4,4,3,1,0.41,0.2,1,0,0.2,1
2025/11/13 22:11,clusterB,4,4,3,1,0,0,1,0,0,1
2025/11/13 22:12,clusterA,4,4,3,1,0.39,0.19,1,0,0.19,1
2025/11/13 22:12,clusterB,4,4,3,1,0,0,1,0,0,1
2025/11/13 22:12,clusterA,4,4,3,1,0.39,0.19,1,0,0.19,1
2025/11/13 22:12,clusterB,4,4,3,1,0,0,1,0,0,1
2025/11/13 22:12,clusterA,5,4,3,1,0.39,0.19,1,0,0.19,1
2025/11/13 22:12,clusterB,5,4,3,1,0,0,1,0,0,1
2025/11/13 22:12,clusterA,5,4,3,1,0.38,0.19,1,0,0.19,1
2025/11/13 22:12,clusterB,5,4,3,1,0,0,1,0,0,1
2025/11/13 22:12,clusterA,5,4,3,1,0.38,0.19,1,0,0.19,1
2025/11/13 22:12,clusterB,5,4,3,1,0,0,1,0,0,1
2025/11/13 22:12,clusterA,5,4,3,1,0.38,0.19,1,0,0.19,1
2025/11/13 22:12,clusterB,5,4,3,1,0,0,1,0,0,1
2025/11/13 22:12,clusterA,5,4,3,1,0.38,0.19,1,0,0.19,1
2025/11/13 22:12,clusterB,5,4,3,1,0,0,1,0,0,1
2025/11/13 22:12,clusterA,5,4,3,1,0.39,0.2,1,0,0.2,1
2025/11/13 22:12,clusterB,5,4,3,1,0,0,1,0,0,1
2025/11/13 22:12,clusterA,5,4,3,1,0.39,0.2,1,0,0.2,1
2025/11/13 22:12,clusterB,5,4,3,1,0,0,1,0,0,1
2025/11/13 22:12,clusterA,5,4,3,1,0.4,0.2,1,0,0.2,1
2025/11/13 22:12,clusterB,5,4,3,1,0,0,1,0,0,1
2025/11/13 22:12,clusterA,5,4,3,1,0.39,0.2,1,0,0.2,1
2025/11/13 22:12,clusterB,5,4,3,1,0,0,1,0,0,1
2025/11/13 22:12,clusterA,5,4,3,1,0.39,0.2,1,0,0.2,1
2025/11/13 22:12,clusterB,5,4,3,1,0,0,1,0,0,1
2025/11/13 22:13,clusterA,5,4,3,1,0.39,0.2,1,0,0.2,1
2025/11/13 22:13,clusterB,5,4,3,1,0,0,1,0,0,1
2025/11/13 22:13,clusterA,5,4,3,1,0.4,0.2,1,0,0.2,1
2025/11/13 22:13,clusterB,5,4,3,1,0,0,1,0,0,1
2025/11/13 22:13,clusterA,5,4,3,1,0.4,0.2,1,0,0.2,1
2025/11/13 22:13,clusterB,5,4,3,1,0,0,1,0,0,1
2025/11/13 22:13,clusterA,5,4,3,1,0.4,0.2,1,0,0.2,1
2025/11/13 22:13,clusterB,5,4,3,1,0,0,1,0,0,1
2025/11/13 22:13,clusterA,5,4,3,1,0.42,0.2,1,0,0.2,1
2025/11/13 22:13,clusterB,5,4,3,1,0,0,1,0,0,1
2025/11/13 22:13,clusterA,5,4,3,1,0.42,0.2,1,0,0.2,1
2025/11/13 22:13,clusterB,5,4,3,1,0,0,1,0,0,1
2025/11/13 22:13,clusterA,5,4,3,1,0.41,0.19,1,0,0.19,1
2025/11/13 22:13,clusterB,5,4,3,1,0,0,1,0,0,1
2025/11/13 22:13,clusterA,5,4,3,1,0.41,0.19,1,0,0.19,1
2025/11/13 22:13,clusterB,5,4,3,1,0,0,1,0,0,1
2025/11/13 22:13,clusterA,5,4,3,1,0.39,0.19,1,0,0.19,1
2025/11/13 22:13,clusterB,5,4,3,1,0,0,1,0,0,1
2025/11/13 22:13,clusterA,5,4,3,1,0.39,0.19,1,0,0.19,1
2025/11/13 22:13,clusterB,5,4,3,1,0,0,1,0,0,1
2025/11/13 22:13,clusterA,5,4,3,1,0.38,0.19,1,0,0.19,1
2025/11/13 22:13,clusterB,5,4,3,1,0,0,1,0,0,1
2025/11/13 22:13,clusterA,5,4,3,1,0.38,0.19,1,0,0.19,1
2025/11/13 22:13,clusterB,5,4,3,1,0,0,1,0,0,1
2025/11/13 22:14,clusterA,5,4,3,1,0.38,0.19,1,0,0.19,1
2025/11/13 22:14,clusterB,5,4,3,1,0,0,1,0,0,1
2025/11/13 22:14,clusterA,5,4,3,1,0.38,0.19,1,0,0.19,1
2025/11/13 22:14,clusterB,5,4,3,1,0,0,1,0,0,1
2025/11/13 22:14,clusterA,5,4,3,1,0.37,0.19,1,0,0.19,1
2025/11/13 22:14,clusterB,5,4,3,1,0,0,1,0,0,1
2025/11/13 22:14,clusterA,5,4,3,1,0.36,0.19,1,0,0.19,1
2025/11/13 22:14,clusterB,5,4,3,1,0,0,1,0,0,1
2025/11/13 22:14,clusterA,5,4,3,1,0.36,0.19,1,0,0.19,1
2025/11/13 22:14,clusterB,5,4,3,1,0,0,1,0,0,1
2025/11/13 22:14,clusterA,5,4,3,1,0.35,0.19,1,0,0.19,1
2025/11/13 22:14,clusterB,5,4,3,1,0,0,1,0,0,1
2025/11/13 22:14,clusterA,5,4,3,1,0.35,0.19,1,0,0.19,1
2025/11/13 22:14,clusterB,5,4,3,1,0,0,1,0,0,1
2025/11/13 22:14,clusterA,5,4,3,1,0.36,0.2,1,0,0.2,1
2025/11/13 22:14,clusterB,5,4,3,1,0,0,1,0,0,1
2025/11/13 22:14,clusterA,5,4,3,1,0.38,0.2,1,0,0.2,1
2025/11/13 22:14,clusterB,5,4,3,1,0,0,1,0,0,1
2025/11/13 22:14,clusterA,5,4,3,1,0.38,0.2,1,0,0.2,1
2025/11/13 22:14,clusterB,5,4,3,1,0,0,1,0,0,1
2025/11/13 22:14,clusterA,5,4,3,1,0.38,0.2,1,0,0.2,1
2025/11/13 22:14,clusterB,5,4,3,1,0,0,1,0,0,1
2025/11/13 22:14,clusterA,5,4,3,1,0.38,0.2,1,0,0.2,1
2025/11/13 22:14,clusterB,5,4,3,1,0,0,1,0,0,1
2025/11/13 22:15,clusterA,5,4,3,1,0.38,0.2,1,0,0.2,1
2025/11/13 22:15,clusterB,5,4,3,1,0,0,1,0,0,1
2025/11/13 22:15,clusterA,5,4,3,1,0.38,0.2,1,0,0.2,1
2025/11/13 22:15,clusterB,5,4,3,1,0,0,1,0,0,1
2025/11/13 22:15,clusterA,5,4,3,1,0.38,0.2,1,0,0.2,1
2025/11/13 22:15,clusterB,5,4,3,1,0,0,1,0,0,1
2025/11/13 22:15,clusterA,5,4,3,1,0.38,0.2,1,0,0.2,1
2025/11/13 22:15,clusterB,5,4,3,1,0,0,1,0,0,1
2025/11/13 22:15,clusterA,5,4,3,1,0.38,0.2,1,0,0.2,1
2025/11/13 22:15,clusterB,5,4,3,1,0,0,1,0,0,1
2025/11/13 22:15,clusterA,5,4,3,1,0.39,0.2,1,0,0.2,1
2025/11/13 22:15,clusterB,5,4,3,1,0,0,1,0,0,1
2025/11/13 22:15,clusterA,5,4,3,1,0.39,0.19,1,0,0.19,1
2025/11/13 22:15,clusterB,5,4,3,1,0,0,1,0,0,1
2025/11/13 22:15,clusterA,5,4,3,1,0.38,0.19,1,0,0.19,1
2025/11/13 22:15,clusterB,5,4,3,1,0,0,1,0,0,1
2025/11/13 22:15,clusterA,5,4,3,1,0.38,0.19,1,0,0.19,1
2025/11/13 22:15,clusterB,5,4,3,1,0,0,1,0,0,1
2025/11/13 22:15,clusterA,5,4,3,1,0.36,0.19,1,0,0.19,1
2025/11/13 22:15,clusterB,5,4,3,1,0,0,1,0,0,1
2025/11/13 22:15,clusterA,5,4,3,1,0.35,0.19,1,0,0.19,1
2025/11/13 22:15,clusterB,5,4,3,1,0,0,1,0,0,1
2025/11/13 22:15,clusterA,5,4,3,1,0.37,0.19,1,0,0.19,1
2025/11/13 22:15,clusterB,5,4,3,1,0,0,1,0,0,1
2025/11/13 22:16,clusterA,5,4,3,1,0.37,0.19,1,0,0.19,1
2025/11/13 22:16,clusterB,5,4,3,1,0,0,1,0,0,1
2025/11/13 22:16,clusterA,5,4,3,1,0.37,0.19,1,0,0.19,1
2025/11/13 22:16,clusterB,5,4,3,1,0,0,1,0,0,1
2025/11/13 22:16,clusterA,5,4,3,1,0.37,0.19,1,0,0.19,1
2025/11/13 22:16,clusterB,5,4,3,1,0,0,1,0,0,1
2025/11/13 22:16,clusterA,5,4,3,1,0.37,0.19,1,0,0.19,1
2025/11/13 22:16,clusterB,5,4,3,1,0,0,1,0,0,1
2025/11/13 22:16,clusterA,5,4,3,1,0.37,0.19,1,0,0.19,1
2025/11/13 22:16,clusterB,5,4,3,1,0,0,1,0,0,1
2025/11/13 22:16,clusterA,5,4,3,1,0.37,0.19,1,0,0.19,1
2025/11/13 22:16,clusterB,5,4,3,1,0,0,1,0,0,1
2025/11/13 22:16,clusterA,5,4,3,1,0.36,0.19,1,0,0.19,1
2025/11/13 22:16,clusterB,5,4,3,1,0,0,1,0,0,1
2025/11/13 22:16,clusterA,5,4,3,1,0.37,0.19,1,0,0.19,1
2025/11/13 22:16,clusterB,5,4,3,1,0,0,1,0,0,1
2025/11/13 22:16,clusterA,5,4,3,1,0.38,0.19,1,0,0.19,1
2025/11/13 22:16,clusterB,5,4,3,1,0,0,1,0,0,1
2025/11/13 22:16,clusterA,5,4,3,1,0.4,0.2,1,0,0.2,1
2025/11/13 22:16,clusterB,5,4,3,1,0,0,1,0,0,1
2025/11/13 22:16,clusterA,5,4,3,1,0.41,0.2,1,0,0.2,1
2025/11/13 22:16,clusterB,5,4,3,1,0,0,1,0,0,1
2025/11/13 22:16,clusterA,5,4,3,1,0.4,0.19,1,0,0.19,1
2025/11/13 22:16,clusterB,5,4,3,1,0,0,1,0,0,1
2025/11/13 22:17,clusterA,5,4,3,1,0.4,0.2,1,0,0.2,1
2025/11/13 22:17,clusterB,5,4,3,1,0,0,1,0,0,1
2025/11/13 22:17,clusterA,5,4,3,1,0.4,0.19,1,0,0.19,1
2025/11/13 22:17,clusterB,5,4,3,1,0,0,1,0,0,1
2025/11/13 22:17,clusterA,5,4,3,1,0.4,0.19,1,0,0.19,1
2025/11/13 22:17,clusterB,5,4,3,1,0,0,1,0,0,1
2025/11/13 22:17,clusterA,5,4,3,1,0.39,0.19,1,0,0.19,1
2025/11/13 22:17,clusterB,5,4,3,1,0,0,1,0,0,1
2025/11/13 22:17,clusterA,5,4,3,1,0.39,0.19,1,0,0.19,1
2025/11/13 22:17,clusterB,5,4,3,1,0,0,1,0,0,1
2025/11/13 22:17,clusterA,5,4,3,1,0.38,0.19,1,0,0.19,1
2025/11/13 22:17,clusterB,5,4,3,1,0,0,1,0,0,1
2025/11/13 22:17,clusterA,5,4,3,1,0.38,0.19,1,0,0.19,1
2025/11/13 22:17,clusterB,5,4,3,1,0,0,1,0,0,1
2025/11/13 22:17,clusterA,5,4,3,1,0.38,0.19,1,0,0.19,1
2025/11/13 22:17,clusterB,5,4,3,1,0,0,1,0,0,1
2025/11/13 22:17,clusterA,5,4,3,1,0.38,0.19,1,0,0.19,1
2025/11/13 22:17,clusterB,5,4,3,1,0,0,1,0,0,1
2025/11/13 22:17,clusterA,5,4,3,1,0.37,0.18,1,0,0.18,1
2025/11/13 22:17,clusterB,5,4,3,1,0,0,1,0,0,1
2025/11/13 22:17,clusterA,5,4,3,1,0.36,0.18,1,0,0.18,1
2025/11/13 22:17,clusterB,5,4,3,1,0,0,1,0,0,1
2025/11/13 22:17,clusterA,5,4,3,1,0.36,0.18,1,0,0.18,1
2025/11/13 22:17,clusterB,5,4,3,1,0,0,1,0,0,1
2025/11/13 22:18,clusterA,5,4,3,1,0.36,0.18,1,0,0.18,1
2025/11/13 22:18,clusterB,5,4,3,1,0,0,1,0,0,1
2025/11/13 22:18,clusterA,5,4,3,1,0.36,0.19,1,0,0.19,1
2025/11/13 22:18,clusterB,5,4,3,1,0,0,1,0,0,1
2025/11/13 22:18,clusterA,5,4,3,1,0.36,0.19,1,0,0.19,1
2025/11/13 22:18,clusterB,5,4,3,1,0,0,1,0,0,1
2025/11/13 22:18,clusterA,5,4,3,1,0.36,0.19,1,0,0.19,1
2025/11/13 22:18,clusterB,5,4,3,1,0,0,1,0,0,1
2025/11/13 22:18,clusterA,6,4,3,1,0.36,0.19,1,0,0.19,1
2025/11/13 22:18,clusterB,6,4,3,1,0,0,1,0,0,1
2025/11/13 22:18,clusterA,7,4,3,1,0.36,0.19,1,0,0.19,1
2025/11/13 22:18,clusterB,7,4,3,1,0,0,1,0,0,1
2025/11/13 22:18,clusterA,7,4,3,1,0.37,0.19,1,0,0.19,1
2025/11/13 22:18,clusterB,7,4,3,1,0,0,1,0,0,1
2025/11/13 22:18,clusterA,8,4,3,1,0.37,0.19,1,0,0.19,1
2025/11/13 22:18,clusterB,8,4,3,1,0,0,1,0,0,1
2025/11/13 22:18,clusterA,8,4,3,1,0.37,0.19,1,0,0.19,1
2025/11/13 22:18,clusterB,8,4,3,1,0,0,1,0,0,1
2025/11/13 22:18,clusterA,8,4,3,1,0.36,0.2,1,0,0.2,1
2025/11/13 22:18,clusterB,8,4,3,1,0,0,1,0,0,1
2025/11/13 22:18,clusterA,8,4,3,1,0.37,0.2,1,0,0.2,1
2025/11/13 22:18,clusterB,8,4,3,1,0,0,1,0,0,1
2025/11/13 22:18,clusterA,8,4,3,1,0.38,0.2,1,0,0.2,1
2025/11/13 22:18,clusterB,8,4,3,1,0,0,1,0,0,1
2025/11/13 22:19,clusterA,8,4,3,1,0.38,0.2,1,0,0.2,1
2025/11/13 22:19,clusterB,8,4,3,1,0,0,1,0,0,1
2025/11/13 22:19,clusterA,8,4,3,1,0.38,0.2,1,0,0.2,1
2025/11/13 22:19,clusterB,8,4,3,1,0,0,1,0,0,1
2025/11/13 22:19,clusterA,8,4,3,1,0.38,0.2,1,0,0.2,1
2025/11/13 22:19,clusterB,8,4,3,1,0,0,1,0,0,1
2025/11/13 22:19,clusterA,8,4,3,1,0.38,0.2,1,0,0.2,1
2025/11/13 22:19,clusterB,8,4,3,1,0,0,1,0,0,1
2025/11/13 22:19,clusterA,8,4,3,1,0.39,0.2,1,0,0.2,1
2025/11/13 22:19,clusterB,8,4,3,1,0,0,1,0,0,1
2025/11/13 22:19,clusterA,8,4,3,1,0.39,0.2,1,0,0.2,1
2025/11/13 22:19,clusterB,8,4,3,1,0,0,1,0,0,1
2025/11/13 22:19,clusterA,8,4,3,1,0.39,0.2,1,0,0.2,1
2025/11/13 22:19,clusterB,8,4,3,1,0,0,1,0,0,1
2025/11/13 22:19,clusterA,8,4,3,1,0.39,0.2,1,0,0.2,1
2025/11/13 22:19,clusterB,8,4,3,1,0,0,1,0,0,1
2025/11/13 22:19,clusterA,8,4,3,1,0.39,0.2,1,0,0.2,1
2025/11/13 22:19,clusterB,8,4,3,1,0,0,1,0,0,1
2025/11/13 22:19,clusterA,8,4,3,1,0.4,0.19,1,0,0.19,1
2025/11/13 22:19,clusterB,8,4,3,1,0,0,1,0,0,1
2025/11/13 22:19,clusterA,8,4,3,1,0.4,0.19,1,0,0.19,1
2025/11/13 22:19,clusterB,8,4,3,1,0,0,1,0,0,1
2025/11/13 22:19,clusterA,8,4,3,1,0.38,0.19,1,0,0.19,1
2025/11/13 22:19,clusterB,8,4,3,1,0,0,1,0,0,1
2025/11/13 22:20,clusterA,8,4,3,1,0.35,0.19,1,0,0.19,1
2025/11/13 22:20,clusterB,8,4,3,1,0,0,1,0,0,1
2025/11/13 22:20,clusterA,8,4,3,1,0.36,0.19,1,0,0.19,1
2025/11/13 22:20,clusterB,8,4,3,1,0,0,1,0,0,1
2025/11/13 22:20,clusterA,8,4,3,1,0.36,0.19,1,0,0.19,1
2025/11/13 22:20,clusterB,8,4,3,1,0,0,1,0,0,1
2025/11/13 22:20,clusterA,8,4,3,1,0.36,0.19,1,0,0.19,1
2025/11/13 22:20,clusterB,8,4,3,1,0,0,1,0,0,1
2025/11/13 22:20,clusterA,8,4,3,1,0.35,0.19,1,0,0.19,1
2025/11/13 22:20,clusterB,8,4,3,1,0,0,1,0,0,1
2025/11/13 22:20,clusterA,8,4,3,1,0.35,0.19,1,0,0.19,1
2025/11/13 22:20,clusterB,8,4,3,1,0,0,1,0,0,1
2025/11/13 22:20,clusterA,8,4,3,1,0.35,0.19,1,0,0.19,1
2025/11/13 22:20,clusterB,8,4,3,1,0,0,1,0,0,1
2025/11/13 22:20,clusterA,8,4,3,1,0.35,0.19,1,0,0.19,1
2025/11/13 22:20,clusterB,8,4,3,1,0,0,1,0,0,1
2025/11/13 22:20,clusterA,8,4,3,1,0.35,0.19,1,0,0.19,1
2025/11/13 22:20,clusterB,8,4,3,1,0,0,1,0,0,1
2025/11/13 22:20,clusterA,8,4,3,1,0.35,0.19,1,0,0.19,1
2025/11/13 22:20,clusterB,8,4,3,1,0,0,1,0,0,1
2025/11/13 22:20,clusterA,8,4,3,1,0.36,0.19,1,0,0.19,1
2025/11/13 22:20,clusterB,8,4,3,1,0,0,1,0,0,1
2025/11/13 22:20,clusterA,8,4,3,1,0.36,0.2,1,0,0.2,1
2025/11/13 22:20,clusterB,8,4,3,1,0,0,1,0,0,1
2025/11/13 22:21,clusterA,8,4,3,1,0.39,0.2,1,0,0.2,1
2025/11/13 22:21,clusterB,8,4,3,1,0,0,1,0,0,1
2025/11/13 22:21,clusterA,8,4,3,1,0.4,0.2,1,0,0.2,1
2025/11/13 22:21,clusterB,8,4,3,1,0,0,1,0,0,1
2025/11/13 22:21,clusterA,8,4,3,1,0.39,0.2,1,0,0.2,1
2025/11/13 22:21,clusterB,8,4,3,1,0,0,1,0,0,1
2025/11/13 22:21,clusterA,8,4,3,1,0.4,0.2,1,0,0.2,1
2025/11/13 22:21,clusterB,8,4,3,1,0,0,1,0,0,1
2025/11/13 22:21,clusterA,8,4,3,1,0.4,0.2,1,0,0.2,1
2025/11/13 22:21,clusterB,8,4,3,1,0,0,1,0,0,1
2025/11/13 22:21,clusterA,8,4,3,1,0.4,0.2,1,0,0.2,1
2025/11/13 22:21,clusterB,8,4,3,1,0,0,1,0,0,1
2025/11/13 22:21,clusterA,8,4,3,1,0.4,0.2,1,0,0.2,1
2025/11/13 22:21,clusterB,8,4,3,1,0,0,1,0,0,1
2025/11/13 22:21,clusterA,8,4,3,1,0.4,0.2,1,0,0.2,1
2025/11/13 22:21,clusterB,8,4,3,1,0,0,1,0,0,1
2025/11/13 22:21,clusterA,8,4,3,1,0.4,0.2,1,0,0.2,1
2025/11/13 22:21,clusterB,8,4,3,1,0,0,1,0,0,1
2025/11/13 22:21,clusterA,8,4,3,1,0.4,0.19,1,0,0.19,1
2025/11/13 22:21,clusterB,8,4,3,1,0,0,1,0,0,1
2025/11/13 22:21,clusterA,8,4,3,1,0.38,0.19,1,0,0.19,1
2025/11/13 22:21,clusterB,8,4,3,1,0,0,1,0,0,1
2025/11/13 22:21,clusterA,8,4,3,1,0.4,0.19,1,0,0.19,1
2025/11/13 22:21,clusterB,8,4,3,1,0,0,1,0,0,1
2025/11/13 22:22,clusterA,8,4,3,1,0.38,0.19,1,0,0.19,1
2025/11/13 22:22,clusterB,8,4,3,1,0,0,1,0,0,1
2025/11/13 22:22,clusterA,8,4,3,1,0.37,0.19,1,0,0.19,1
2025/11/13 22:22,clusterB,8,4,3,1,0,0,1,0,0,1
2025/11/13 22:22,clusterA,8,4,3,1,0.36,0.19,1,0,0.19,1
2025/11/13 22:22,clusterB,8,4,3,1,0,0,1,0,0,1
2025/11/13 22:22,clusterA,8,4,3,1,0.36,0.19,1,0,0.19,1
2025/11/13 22:22,clusterB,8,4,3,1,0,0,1,0,0,1
2025/11/13 22:22,clusterA,8,4,3,1,0.36,0.19,1,0,0.19,1
2025/11/13 22:22,clusterB,8,4,3,1,0,0,1,0,0,1
2025/11/13 22:22,clusterA,8,4,3,1,0.36,0.19,1,0,0.19,1
2025/11/13 22:22,clusterB,8,4,3,1,0,0,1,0,0,1
2025/11/13 22:22,clusterA,8,4,3,1,0.36,0.19,1,0,0.19,1
2025/11/13 22:22,clusterB,8,4,3,1,0,0,1,0,0,1
2025/11/13 22:22,clusterA,8,4,3,1,0.34,0.18,1,0,0.18,1
2025/11/13 22:22,clusterB,8,4,3,1,0,0,1,0,0,1
2025/11/13 22:22,clusterA,8,4,3,1,0.35,0.19,1,0,0.19,1
2025/11/13 22:22,clusterB,8,4,3,1,0,0,1,0,0,1
2025/11/13 22:22,clusterA,8,4,3,1,0.34,0.19,1,0,0.19,1
2025/11/13 22:22,clusterB,8,4,3,1,0,0,1,0,0,1
2025/11/13 22:22,clusterA,8,4,3,1,0.34,0.19,1,0,0.19,1
2025/11/13 22:22,clusterB,8,4,3,1,0,0,1,0,0,1
2025/11/13 22:22,clusterA,8,4,3,1,0.35,0.19,1,0,0.19,1
2025/11/13 22:22,clusterB,8,4,3,1,0,0,1,0,0,1
2025/11/13 22:23,clusterA,8,4,3,1,0.36,0.19,1,0,0.19,1
2025/11/13 22:23,clusterB,8,4,3,1,0,0,1,0,0,1
2025/11/13 22:23,clusterA,8,4,3,1,0.37,0.19,1,0,0.19,1
2025/11/13 22:23,clusterB,8,4,3,1,0,0,1,0,0,1
2025/11/13 22:23,clusterA,8,4,3,1,0.38,0.19,1,0,0.19,1
2025/11/13 22:23,clusterB,8,4,3,1,0,0,1,0,0,1
2025/11/13 22:23,clusterA,8,4,3,1,0.39,0.19,1,0,0.19,1
2025/11/13 22:23,clusterB,8,4,3,1,0,0,1,0,0,1
2025/11/13 22:23,clusterA,8,4,3,1,0.39,0.19,1,0,0.19,1
2025/11/13 22:23,clusterB,8,4,3,1,0,0,1,0,0,1
2025/11/13 22:23,clusterA,8,4,3,1,0.39,0.19,1,0,0.19,1
2025/11/13 22:23,clusterB,8,4,3,1,0,0,1,0,0,1
2025/11/13 22:23,clusterA,8,4,3,1,0.39,0.19,1,0,0.19,1
2025/11/13 22:23,clusterB,8,4,3,1,0,0,1,0,0,1
2025/11/13 22:23,clusterA,8,4,3,1,0.39,0.19,1,0,0.19,1
2025/11/13 22:23,clusterB,8,4,3,1,0,0,1,0,0,1
2025/11/13 22:23,clusterA,8,4,3,1,0.41,0.19,1,0,0.19,1
2025/11/13 22:23,clusterB,8,4,3,1,0,0,1,0,0,1
2025/11/13 22:23,clusterA,8,4,3,1,0.4,0.19,1,0,0.19,1
2025/11/13 22:23,clusterB,8,4,3,1,0,0,1,0,0,1
2025/11/13 22:23,clusterA,8,4,3,1,0.4,0.19,1,0,0.19,1
2025/11/13 22:23,clusterB,8,4,3,1,0,0,1,0,0,1
2025/11/13 22:23,clusterA,8,4,3,1,0.41,0.19,1,0,0.19,1
2025/11/13 22:23,clusterB,8,4,3,1,0,0,1,0,0,1
2025/11/13 22:24,clusterA,8,4,3,1,0.4,0.19,1,0,0.19,1
2025/11/13 22:24,clusterB,8,4,3,1,0,0,1,0,0,1
2025/11/13 22:24,clusterA,8,4,3,1,0.39,0.19,1,0,0.19,1
2025/11/13 22:24,clusterB,8,4,3,1,0,0,1,0,0,1
2025/11/13 22:24,clusterA,8,4,3,1,0.39,0.19,1,0,0.19,1
2025/11/13 22:24,clusterB,8,4,3,1,0,0,1,0,0,1
2025/11/13 22:24,clusterA,8,4,3,1,0.38,0.19,1,0,0.19,1
2025/11/13 22:24,clusterB,8,4,3,1,0,0,1,0,0,1
2025/11/13 22:24,clusterA,8,4,3,1,0.37,0.19,1,0,0.19,1
2025/11/13 22:24,clusterB,8,4,3,1,0,0,1,0,0,1
2025/11/13 22:24,clusterA,8,4,3,1,0.37,0.19,1,0,0.19,1
2025/11/13 22:24,clusterB,8,4,3,1,0,0,1,0,0,1
2025/11/13 22:24,clusterA,8,4,3,1,0.37,0.19,1,0,0.19,1
2025/11/13 22:24,clusterB,8,4,3,1,0,0,1,0,0,1
2025/11/13 22:24,clusterA,8,4,3,1,0.37,0.19,1,0,0.19,1
2025/11/13 22:24,clusterB,8,4,3,1,0,0,1,0,0,1
2025/11/13 22:24,clusterA,8,4,3,1,0.37,0.19,1,0,0.19,1
2025/11/13 22:24,clusterB,8,4,3,1,0,0,1,0,0,1
2025/11/13 22:24,clusterA,8,4,3,1,0.37,0.19,1,0,0.19,1
2025/11/13 22:24,clusterB,8,4,3,1,0,0,1,0,0,1
2025/11/13 22:24,clusterA,8,4,3,1,0.38,0.19,1,0,0.19,1
2025/11/13 22:24,clusterB,8,4,3,1,0,0,1,0,0,1
2025/11/13 22:24,clusterA,8,4,3,1,0.37,0.19,1,0,0.19,1
2025/11/13 22:24,clusterB,8,4,3,1,0,0,1,0,0,1
2025/11/13 22:25,clusterA,8,4,3,1,0.37,0.19,1,0,0.19,1
2025/11/13 22:25,clusterB,8,4,3,1,0,0,1,0,0,1
2025/11/13 22:25,clusterA,8,4,3,1,0.39,0.19,1,0,0.19,1
2025/11/13 22:25,clusterB,8,4,3,1,0,0,1,0,0,1
2025/11/13 22:25,clusterA,8,4,3,1,0.39,0.2,1,0,0.2,1
2025/11/13 22:25,clusterB,8,4,3,1,0,0,1,0,0,1
2025/11/13 22:25,clusterA,8,4,3,1,0.39,0.19,1,0,0.19,1
2025/11/13 22:25,clusterB,8,4,3,1,0,0,1,0,0,1
2025/11/13 22:25,clusterA,8,4,3,1,0.41,0.19,1,0,0.19,1
2025/11/13 22:25,clusterB,8,4,3,1,0,0,1,0,0,1
2025/11/13 22:25,clusterA,8,4,3,1,0.41,0.19,1,0,0.19,1
2025/11/13 22:25,clusterB,8,4,3,1,0,0,1,0,0,1
2025/11/13 22:25,clusterA,8,4,3,1,0.41,0.2,1,0,0.2,1
2025/11/13 22:25,clusterB,8,4,3,1,0,0,1,0,0,1
2025/11/13 22:25,clusterA,8,4,3,1,0.41,0.2,1,0,0.2,1
2025/11/13 22:25,clusterB,8,4,3,1,0,0,1,0,0,1
2025/11/13 22:25,clusterA,8,4,3,1,0.41,0.2,1,0,0.2,1
2025/11/13 22:25,clusterB,8,4,3,1,0,0,1,0,0,1
2025/11/13 22:25,clusterA,8,4,3,1,0.4,0.19,1,0,0.19,1
2025/11/13 22:25,clusterB,8,4,3,1,0,0,1,0,0,1
2025/11/13 22:25,clusterA,8,4,3,1,0.38,0.19,1,0,0.19,1
2025/11/13 22:25,clusterB,8,4,3,1,0,0,1,0,0,1
2025/11/13 22:25,clusterA,8,4,3,1,0.39,0.2,1,0,0.2,1
2025/11/13 22:25,clusterB,8,4,3,1,0,0,1,0,0,1
2025/11/13 22:26,clusterA,8,4,3,1,0.39,0.2,1,0,0.2,1
2025/11/13 22:26,clusterB,8,4,3,1,0,0,1,0,0,1
2025/11/13 22:26,clusterA,8,4,3,1,0.39,0.19,1,0,0.19,1
2025/11/13 22:26,clusterB,8,4,3,1,0,0,1,0,0,1
2025/11/13 22:26,clusterA,8,4,3,1,0.39,0.19,1,0,0.19,1
2025/11/13 22:26,clusterB,8,4,3,1,0,0,1,0,0,1
2025/11/13 22:26,clusterA,8,4,3,1,0.38,0.19,1,0,0.19,1
2025/11/13 22:26,clusterB,8,4,3,1,0,0,1,0,0,1
2025/11/13 22:26,clusterA,8,4,3,1,0.37,0.19,1,0,0.19,1
2025/11/13 22:26,clusterB,8,4,3,1,0,0,1,0,0,1
2025/11/13 22:26,clusterA,8,4,3,1,0.36,0.19,1,0,0.19,1
2025/11/13 22:26,clusterB,8,4,3,1,0,0,1,0,0,1
2025/11/13 22:26,clusterA,8,4,3,1,0.36,0.19,1,0,0.19,1
2025/11/13 22:26,clusterB,8,4,3,1,0,0,1,0,0,1
2025/11/13 22:26,clusterA,8,4,3,1,0.36,0.19,1,0,0.19,1
2025/11/13 22:26,clusterB,8,4,3,1,0,0,1,0,0,1
2025/11/13 22:26,clusterA,8,4,3,1,0.37,0.19,1,0,0.19,1
2025/11/13 22:26,clusterB,8,4,3,1,0,0,1,0,0,1
2025/11/13 22:26,clusterA,8,4,3,1,0.37,0.19,1,0,0.19,1
2025/11/13 22:26,clusterB,8,4,3,1,0,0,1,0,0,1
2025/11/13 22:26,clusterA,8,4,3,1,0.38,0.19,1,0,0.19,1
2025/11/13 22:26,clusterB,8,4,3,1,0,0,1,0,0,1
2025/11/13 22:26,clusterA,8,4,3,1,0.37,0.19,1,0,0.19,1
2025/11/13 22:26,clusterB,8,4,3,1,0,0,1,0,0,1
2025/11/13 22:27,clusterA,8,4,3,1,0.36,0.19,1,0,0.19,1
2025/11/13 22:27,clusterB,8,4,3,1,0,0,1,0,0,1
2025/11/13 22:27,clusterA,8,4,3,1,0.37,0.19,1,0,0.19,1
2025/11/13 22:27,clusterB,8,4,3,1,0,0,1,0,0,1
2025/11/13 22:27,clusterA,8,4,3,1,0.37,0.19,1,0,0.19,1
2025/11/13 22:27,clusterB,8,4,3,1,0,0,1,0,0,1
2025/11/13 22:27,clusterA,8,4,3,1,0.38,0.19,1,0,0.19,1
2025/11/13 22:27,clusterB,8,4,3,1,0,0,1,0,0,1
2025/11/13 22:27,clusterA,8,4,3,1,0.39,0.19,1,0,0.19,1
2025/11/13 22:27,clusterB,8,4,3,1,0,0,1,0,0,1
2025/11/13 22:27,clusterA,8,4,3,1,0.39,0.19,1,0,0.19,1
2025/11/13 22:27,clusterB,8,4,3,1,0,0,1,0,0,1
2025/11/13 22:27,clusterA,8,4,3,1,0.39,0.19,1,0,0.19,1
2025/11/13 22:27,clusterB,8,4,3,1,0,0,1,0,0,1
2025/11/13 22:27,clusterA,8,4,3,1,0.38,0.19,1,0,0.19,1
2025/11/13 22:27,clusterB,8,4,3,1,0,0,1,0,0,1
2025/11/13 22:27,clusterA,8,4,3,1,0.38,0.2,1,0,0.2,1
2025/11/13 22:27,clusterB,8,4,3,1,0,0,1,0,0,1
2025/11/13 22:27,clusterA,8,4,3,1,0.38,0.2,1,0,0.2,1
2025/11/13 22:27,clusterB,8,4,3,1,0,0,1,0,0,1
2025/11/13 22:27,clusterA,8,4,3,1,0.38,0.2,1,0,0.2,1
2025/11/13 22:27,clusterB,8,4,3,1,0,0,1,0,0,1
2025/11/13 22:27,clusterA,8,4,3,1,0.38,0.2,1,0,0.2,1
2025/11/13 22:27,clusterB,8,4,3,1,0,0,1,0,0,1
2025/11/13 22:28,clusterA,8,4,3,1,0.38,0.2,1,0,0.2,1
2025/11/13 22:28,clusterB,8,4,3,1,0,0,1,0,0,1
2025/11/13 22:28,clusterA,8,4,3,1,0.39,0.2,1,0,0.2,1
2025/11/13 22:28,clusterB,8,4,3,1,0,0,1,0,0,1
2025/11/13 22:28,clusterA,8,4,3,1,0.39,0.19,1,0,0.19,1
2025/11/13 22:28,clusterB,8,4,3,1,0,0,1,0,0,1
2025/11/13 22:28,clusterA,8,4,3,1,0.39,0.19,1,0,0.19,1
2025/11/13 22:28,clusterB,8,4,3,1,0,0,1,0,0,1
2025/11/13 22:28,clusterA,8,4,3,1,0.39,0.19,1,0,0.19,1
2025/11/13 22:28,clusterB,8,4,3,1,0,0,1,0,0,1
2025/11/13 22:28,clusterA,9,4,3,1,0.38,0.19,1,0,0.19,1
2025/11/13 22:28,clusterB,9,4,3,1,0,0,1,0,0,1
2025/11/13 22:28,clusterA,9,4,3,1,0.37,0.19,1,0,0.19,1
2025/11/13 22:28,clusterB,9,4,3,1,0,0,1,0,0,1
2025/11/13 22:28,clusterA,9,4,3,1,0.37,0.19,1,0,0.19,1
2025/11/13 22:28,clusterB,9,4,3,1,0,0,1,0,0,1
2025/11/13 22:28,clusterA,9,4,3,1,0.37,0.19,1,0,0.19,1
2025/11/13 22:28,clusterB,9,4,3,1,0,0,1,0,0,1
2025/11/13 22:28,clusterA,9,4,3,1,0.37,0.19,1,0,0.19,1
2025/11/13 22:28,clusterB,9,4,3,1,0,0,1,0,0,1
2025/11/13 22:28,clusterA,9,4,3,1,0.37,0.19,1,0,0.19,1
2025/11/13 22:28,clusterB,9,4,3,1,0,0,1,0,0,1
2025/11/13 22:28,clusterA,9,4,3,1,0.36,0.19,1,0,0.19,1
2025/11/13 22:28,clusterB,9,4,3,1,0,0,1,0,0,1
2025/11/13 22:29,clusterA,9,4,3,1,0.37,0.19,1,0,0.19,1
2025/11/13 22:29,clusterB,9,4,3,1,0,0,1,0,0,1
2025/11/13 22:29,clusterA,9,4,3,1,0.37,0.19,1,0,0.19,1
2025/11/13 22:29,clusterB,9,4,3,1,0,0,1,0,0,1
2025/11/13 22:29,clusterA,9,4,3,1,0.36,0.19,1,0,0.19,1
2025/11/13 22:29,clusterB,9,4,3,1,0,0,1,0,0,1
2025/11/13 22:29,clusterA,9,4,3,1,0.37,0.19,1,0,0.19,1
2025/11/13 22:29,clusterB,9,4,3,1,0,0,1,0,0,1
2025/11/13 22:29,clusterA,9,4,3,1,0.37,0.2,1,0,0.2,1
2025/11/13 22:29,clusterB,9,4,3,1,0,0,1,0,0,1
2025/11/13 22:29,clusterA,9,4,3,1,0.37,0.2,1,0,0.2,1
2025/11/13 22:29,clusterB,9,4,3,1,0,0,1,0,0,1
2025/11/13 22:29,clusterA,9,4,3,1,0.39,0.2,1,0,0.2,1
2025/11/13 22:29,clusterB,9,4,3,1,0,0,1,0,0,1
2025/11/13 22:29,clusterA,9,4,3,1,0.39,0.2,1,0,0.2,1
2025/11/13 22:29,clusterB,9,4,3,1,0,0,1,0,0,1
2025/11/13 22:29,clusterA,9,4,3,1,0.38,0.2,1,0,0.2,1
2025/11/13 22:29,clusterB,9,4,3,1,0,0,1,0,0,1
2025/11/13 22:29,clusterA,9,4,3,1,0.38,0.2,1,0,0.2,1
2025/11/13 22:29,clusterB,9,4,3,1,0,0,1,0,0,1
2025/11/13 22:29,clusterA,9,4,3,1,0.38,0.2,1,0,0.2,1
2025/11/13 22:29,clusterB,9,4,3,1,0,0,1,0,0,1
2025/11/13 22:29,clusterA,9,4,3,1,0.38,0.2,1,0,0.2,1
2025/11/13 22:29,clusterB,9,4,3,1,0,0,1,0,0,1
2025/11/13 22:30,clusterA,9,4,3,1,0.38,0.2,1,0,0.2,1
2025/11/13 22:30,clusterB,9,4,3,1,0,0,1,0,0,1
2025/11/13 22:30,clusterA,9,4,3,1,0.38,0.19,1,0,0.19,1
2025/11/13 22:30,clusterB,9,4,3,1,0,0,1,0,0,1
2025/11/13 22:30,clusterA,9,4,3,1,0.38,0.19,1,0,0.19,1
2025/11/13 22:30,clusterB,9,4,3,1,0,0,1,0,0,1
2025/11/13 22:30,clusterA,9,4,3,1,0.38,0.19,1,0,0.19,1
2025/11/13 22:30,clusterB,9,4,3,1,0,0,1,0,0,1
2025/11/13 22:30,clusterA,9,4,3,1,0.37,0.19,1,0,0.19,1
2025/11/13 22:30,clusterB,9,4,3,1,0,0,1,0,0,1
2025/11/13 22:30,clusterA,9,4,3,1,0.36,0.19,1,0,0.19,1
2025/11/13 22:30,clusterB,9,4,3,1,0,0,1,0,0,1
2025/11/13 22:30,clusterA,9,4,3,1,0.35,0.19,1,0,0.19,1
2025/11/13 22:30,clusterB,9,4,3,1,0,0,1,0,0,1
2025/11/13 22:30,clusterA,9,4,3,1,0.35,0.19,1,0,0.19,1
2025/11/13 22:30,clusterB,9,4,3,1,0,0,1,0,0,1
2025/11/13 22:30,clusterA,9,4,3,1,0.36,0.19,1,0,0.19,1
2025/11/13 22:30,clusterB,9,4,3,1,0,0,1,0,0,1
2025/11/13 22:30,clusterA,9,4,3,1,0.36,0.19,1,0,0.19,1
2025/11/13 22:30,clusterB,9,4,3,1,0,0,1,0,0,1
2025/11/13 22:30,clusterA,9,4,3,1,0.35,0.19,1,0,0.19,1
2025/11/13 22:30,clusterB,9,4,3,1,0,0,1,0,0,1
2025/11/13 22:30,clusterA,9,4,3,1,0.36,0.19,1,0,0.19,1
2025/11/13 22:30,clusterB,9,4,3,1,0,0,1,0,0,1
2025/11/13 22:31,clusterA,9,4,3,1,0.36,0.19,1,0,0.19,1
2025/11/13 22:31,clusterB,9,4,3,1,0,0,1,0,0,1
2025/11/13 22:31,clusterA,9,4,3,1,0.36,0.19,1,0,0.19,1
2025/11/13 22:31,clusterB,9,4,3,1,0,0,1,0,0,1
2025/11/13 22:31,clusterA,9,4,3,1,0.36,0.2,1,0,0.2,1
2025/11/13 22:31,clusterB,9,4,3,1,0,0,1,0,0,1
2025/11/13 22:31,clusterA,9,4,3,1,0.36,0.2,1,0,0.2,1
2025/11/13 22:31,clusterB,9,4,3,1,0,0,1,0,0,1
2025/11/13 22:31,clusterA,9,4,3,1,0.38,0.2,1,0,0.2,1
2025/11/13 22:31,clusterB,9,4,3,1,0,0,1,0,0,1
2025/11/13 22:31,clusterA,9,4,3,1,0.39,0.2,1,0,0.2,1
2025/11/13 22:31,clusterB,9,4,3,1,0,0,1,0,0,1
2025/11/13 22:31,clusterA,9,4,3,1,0.4,0.2,1,0,0.2,1
2025/11/13 22:31,clusterB,9,4,3,1,0,0,1,0,0,1
2025/11/13 22:31,clusterA,9,4,3,1,0.4,0.2,1,0,0.2,1
2025/11/13 22:31,clusterB,9,4,3,1,0,0,1,0,0,1
2025/11/13 22:31,clusterA,9,4,3,1,0.4,0.2,1,0,0.2,1
2025/11/13 22:31,clusterB,9,4,3,1,0,0,1,0,0,1
2025/11/13 22:31,clusterA,9,4,3,1,0.4,0.2,1,0,0.2,1
2025/11/13 22:31,clusterB,9,4,3,1,0,0,1,0,0,1
2025/11/13 22:31,clusterA,9,4,3,1,0.41,0.2,1,0,0.2,1
2025/11/13 22:31,clusterB,9,4,3,1,0,0,1,0,0,1
2025/11/13 22:31,clusterA,9,4,3,1,0.4,0.2,1,0,0.2,1
2025/11/13 22:31,clusterB,9,4,3,1,0,0,1,0,0,1
2025/11/13 22:32,clusterA,9,4,3,1,0.4,0.2,1,0,0.2,1
2025/11/13 22:32,clusterB,9,4,3,1,0,0,1,0,0,1
2025/11/13 22:32,clusterA,9,4,3,1,0.39,0.2,1,0,0.2,1
2025/11/13 22:32,clusterB,9,4,3,1,0,0,1,0,0,1
2025/11/13 22:32,clusterA,9,4,3,1,0.39,0.2,1,0,0.2,1
2025/11/13 22:32,clusterB,9,4,3,1,0,0,1,0,0,1
2025/11/13 22:32,clusterA,9,4,3,1,0.39,0.19,1,0,0.19,1
2025/11/13 22:32,clusterB,9,4,3,1,0,0,1,0,0,1
2025/11/13 22:32,clusterA,9,4,3,1,0.39,0.19,1,0,0.19,1
2025/11/13 22:32,clusterB,9,4,3,1,0,0,1,0,0,1
2025/11/13 22:32,clusterA,9,4,3,1,0.38,0.19,1,0,0.19,1
2025/11/13 22:32,clusterB,9,4,3,1,0,0,1,0,0,1
2025/11/13 22:32,clusterA,9,4,3,1,0.37,0.19,1,0,0.19,1
2025/11/13 22:32,clusterB,9,4,3,1,0,0,1,0,0,1
2025/11/13 22:32,clusterA,9,4,3,1,0.36,0.19,1,0,0.19,1
2025/11/13 22:32,clusterB,9,4,3,1,0,0,1,0,0,1
2025/11/13 22:32,clusterA,9,4,3,1,0.36,0.19,1,0,0.19,1
2025/11/13 22:32,clusterB,9,4,3,1,0,0,1,0,0,1
2025/11/13 22:32,clusterA,9,4,3,1,0.36,0.19,1,0,0.19,1
2025/11/13 22:32,clusterB,9,4,3,1,0,0,1,0,0,1
2025/11/13 22:32,clusterA,9,4,3,1,0.37,0.19,1,0,0.19,1
2025/11/13 22:32,clusterB,9,4,3,1,0,0,1,0,0,1
2025/11/13 22:32,clusterA,9,4,3,1,0.35,0.19,1,0,0.19,1
2025/11/13 22:32,clusterB,9,4,3,1,0,0,1,0,0,1
2025/11/13 22:33,clusterA,9,4,3,1,0.35,0.19,1,0,0.19,1
2025/11/13 22:33,clusterB,9,4,3,1,0,0,1,0,0,1
2025/11/13 22:33,clusterA,9,4,3,1,0.35,0.19,1,0,0.19,1
2025/11/13 22:33,clusterB,9,4,3,1,0,0,1,0,0,1
2025/11/13 22:33,clusterA,9,4,3,1,0.35,0.19,1,0,0.19,1
2025/11/13 22:33,clusterB,9,4,3,1,0,0,1,0,0,1
2025/11/13 22:33,clusterA,9,4,3,1,0.36,0.19,1,0,0.19,1
2025/11/13 22:33,clusterB,9,4,3,1,0,0,1,0,0,1
2025/11/13 22:33,clusterA,9,4,3,1,0.36,0.19,1,0,0.19,1
2025/11/13 22:33,clusterB,9,4,3,1,0,0,1,0,0,1
2025/11/13 22:33,clusterA,9,4,3,1,0.37,0.19,1,0,0.19,1
2025/11/13 22:33,clusterB,9,4,3,1,0,0,1,0,0,1
2025/11/13 22:33,clusterA,9,4,3,1,0.37,0.2,1,0,0.2,1
2025/11/13 22:33,clusterB,9,4,3,1,0,0,1,0,0,1
2025/11/13 22:33,clusterA,9,4,3,1,0.38,0.19,1,0,0.19,1
2025/11/13 22:33,clusterB,9,4,3,1,0,0,1,0,0,1
2025/11/13 22:33,clusterA,9,4,3,1,0.4,0.19,1,0,0.19,1
2025/11/13 22:33,clusterB,9,4,3,1,0,0,1,0,0,1
2025/11/13 22:33,clusterA,9,4,3,1,0.4,0.19,1,0,0.19,1
2025/11/13 22:33,clusterB,9,4,3,1,0,0,1,0,0,1
2025/11/13 22:33,clusterA,9,4,3,1,0.39,0.19,1,0,0.19,1
2025/11/13 22:33,clusterB,9,4,3,1,0,0,1,0,0,1
2025/11/13 22:33,clusterA,9,4,3,1,0.4,0.2,1,0,0.2,1
2025/11/13 22:33,clusterB,9,4,3,1,0,0,1,0,0,1
2025/11/13 22:34,clusterA,9,4,3,1,0.39,0.2,1,0,0.2,1
2025/11/13 22:34,clusterB,9,4,3,1,0,0,1,0,0,1
2025/11/13 22:34,clusterA,9,4,3,1,0.39,0.2,1,0,0.2,1
2025/11/13 22:34,clusterB,9,4,3,1,0,0,1,0,0,1
2025/11/13 22:34,clusterA,9,4,3,1,0.39,0.2,1,0,0.2,1
2025/11/13 22:34,clusterB,9,4,3,1,0,0,1,0,0,1
2025/11/13 22:34,clusterA,9,4,3,1,0.39,0.2,1,0,0.2,1
2025/11/13 22:34,clusterB,9,4,3,1,0,0,1,0,0,1
2025/11/13 22:34,clusterA,9,4,3,1,0.39,0.19,1,0,0.19,1
2025/11/13 22:34,clusterB,9,4,3,1,0,0,1,0,0,1
2025/11/13 22:34,clusterA,9,4,3,1,0.39,0.19,1,0,0.19,1
2025/11/13 22:34,clusterB,9,4,3,1,0,0,1,0,0,1
2025/11/13 22:34,clusterA,9,4,3,1,0.39,0.19,1,0,0.19,1
2025/11/13 22:34,clusterB,9,4,3,1,0,0,1,0,0,1
2025/11/13 22:34,clusterA,9,4,3,1,0.38,0.19,1,0,0.19,1
2025/11/13 22:34,clusterB,9,4,3,1,0,0,1,0,0,1
2025/11/13 22:34,clusterA,9,4,3,1,0.37,0.19,1,0,0.19,1
2025/11/13 22:34,clusterB,9,4,3,1,0,0,1,0,0,1
2025/11/13 22:34,clusterA,9,4,3,1,0.36,0.19,1,0,0.19,1
2025/11/13 22:34,clusterB,9,4,3,1,0,0,1,0,0,1
2025/11/13 22:34,clusterA,9,4,3,1,0.36,0.19,1,0,0.19,1
2025/11/13 22:34,clusterB,9,4,3,1,0,0,1,0,0,1
2025/11/13 22:34,clusterA,9,4,3,1,0.37,0.19,1,0,0.19,1
2025/11/13 22:34,clusterB,9,4,3,1,0,0,1,0,0,1
2025/11/13 22:35,clusterA,9,4,3,1,0.38,0.19,1,0,0.19,1
2025/11/13 22:35,clusterB,9,4,3,1,0,0,1,0,0,1
2025/11/13 22:35,clusterA,9,4,3,1,0.38,0.19,1,0,0.19,1
2025/11/13 22:35,clusterB,9,4,3,1,0,0,1,0,0,1
2025/11/13 22:35,clusterA,9,4,3,1,0.38,0.19,1,0,0.19,1
2025/11/13 22:35,clusterB,9,4,3,1,0,0,1,0,0,1
2025/11/13 22:35,clusterA,9,4,3,1,0.37,0.19,1,0,0.19,1
2025/11/13 22:35,clusterB,9,4,3,1,0,0,1,0,0,1
2025/11/13 22:35,clusterA,9,4,3,1,0.37,0.19,1,0,0.19,1
2025/11/13 22:35,clusterB,9,4,3,1,0,0,1,0,0,1
2025/11/13 22:35,clusterA,9,4,3,1,0.35,0.19,1,0,0.19,1
2025/11/13 22:35,clusterB,9,4,3,1,0,0,1,0,0,1
2025/11/13 22:35,clusterA,9,4,3,1,0.35,0.19,1,0,0.19,1
2025/11/13 22:35,clusterB,9,4,3,1,0,0,1,0,0,1
2025/11/13 22:35,clusterA,9,4,3,1,0.36,0.19,1,0,0.19,1
2025/11/13 22:35,clusterB,9,4,3,1,0,0,1,0,0,1
2025/11/13 22:35,clusterA,9,4,3,1,0.36,0.2,1,0,0.2,1
2025/11/13 22:35,clusterB,9,4,3,1,0,0,1,0,0,1
2025/11/13 22:35,clusterA,9,4,3,1,0.37,0.2,1,0,0.2,1
2025/11/13 22:35,clusterB,9,4,3,1,0,0,1,0,0,1
2025/11/13 22:35,clusterA,9,4,3,1,0.38,0.2,1,0,0.2,1
2025/11/13 22:35,clusterB,9,4,3,1,0,0,1,0,0,1
2025/11/13 22:35,clusterA,9,4,3,1,0.35,0.19,1,0,0.19,1
2025/11/13 22:35,clusterB,9,4,3,1,0,0,1,0,0,1
2025/11/13 22:36,clusterA,9,4,3,1,0.34,0.19,1,0,0.19,1
2025/11/13 22:36,clusterB,9,4,3,1,0,0,1,0,0,1
2025/11/13 22:36,clusterA,7,4,4,0,0.32,0.18,1,0,0.18,1
2025/11/13 22:36,clusterB,7,4,3,1,0,0,1,0,0,1
2025/11/13 22:36,clusterA,7,4,4,0,0.31,0.17,1,0,0.17,1
2025/11/13 22:36,clusterB,7,4,3,1,0,0,1,0,0,1
2025/11/13 22:36,clusterA,7,4,4,0,0.29,0.17,1,0,0.17,1
2025/11/13 22:36,clusterB,7,4,3,1,0,0,1,0,0,1
2025/11/13 22:36,clusterA,7,4,4,0,0.3,0.17,1,0,0.17,1
2025/11/13 22:36,clusterB,7,4,3,1,0,0,1,0,0,1
2025/11/13 22:36,clusterA,7,4,4,0,0.33,0.17,1,0,0.17,1
2025/11/13 22:36,clusterB,7,4,3,1,0,0,1,0,0,1
2025/11/13 22:36,clusterA,7,4,4,0,0.34,0.17,1,0,0.17,1
2025/11/13 22:36,clusterB,7,4,3,1,0,0,1,0,0,1
2025/11/13 22:36,clusterA,7,4,4,0,0.34,0.18,1,0,0.18,1
2025/11/13 22:36,clusterB,7,4,3,1,0,0,1,0,0,1
2025/11/13 22:36,clusterA,7,4,4,0,0.35,0.18,1,0,0.18,1
2025/11/13 22:36,clusterB,7,4,3,1,0,0,1,0,0,1
2025/11/13 22:36,clusterA,7,4,4,0,0.36,0.18,1,0,0.18,1
2025/11/13 22:36,clusterB,7,4,3,1,0,0,1,0,0,1
2025/11/13 22:36,clusterA,7,4,4,0,0.35,0.19,1,0,0.19,1
2025/11/13 22:36,clusterB,7,4,3,1,0,0,1,0,0,1
2025/11/13 22:36,clusterA,7,4,4,0,0.38,0.19,1,0,0.19,1
2025/11/13 22:36,clusterB,7,4,3,1,0,0,1,0,0,1
2025/11/13 22:37,clusterA,7,4,4,0,0.41,0.2,1,0,0.2,1
2025/11/13 22:37,clusterB,7,4,3,1,0,0,1,0,0,1
2025/11/13 22:37,clusterA,7,4,4,0,0.43,0.21,1,0,0.21,1
2025/11/13 22:37,clusterB,7,4,3,1,0,0,1,0,0,1
2025/11/13 22:37,clusterA,7,4,4,0,0.46,0.22,1,0,0.22,1
2025/11/13 22:37,clusterB,7,4,3,1,0,0,1,0,0,1
2025/11/13 22:37,clusterA,7,4,4,0,0.48,0.23,1,0,0.23,1
2025/11/13 22:37,clusterB,7,4,3,1,0,0,1,0,0,1
2025/11/13 22:37,clusterA,7,4,4,0,0.46,0.23,1,0,0.23,1
2025/11/13 22:37,clusterB,7,4,3,1,0,0,1,0,0,1
2025/11/13 22:37,clusterA,7,4,4,0,0.46,0.23,1,0,0.23,1
2025/11/13 22:37,clusterB,7,4,3,1,0,0,1,0,0,1
2025/11/13 22:37,clusterA,7,4,4,0,0.46,0.23,1,0,0.23,1
2025/11/13 22:37,clusterB,7,4,3,1,0,0,1,0,0,1
2025/11/13 22:37,clusterA,7,4,4,0,0.46,0.23,1,0,0.23,1
2025/11/13 22:37,clusterB,7,4,3,1,0,0,1,0,0,1
2025/11/13 22:37,clusterA,7,4,4,0,0.45,0.23,1,0,0.23,1
2025/11/13 22:37,clusterB,7,4,3,1,0,0,1,0,0,1
2025/11/13 22:37,clusterA,7,4,4,0,0.45,0.23,1,0,0.23,1
2025/11/13 22:37,clusterB,7,4,3,1,0,0,1,0,0,1
2025/11/13 22:37,clusterA,7,4,4,0,0.45,0.23,1,0,0.23,1
2025/11/13 22:37,clusterB,7,4,3,1,0,0,1,0,0,1
2025/11/13 22:37,clusterA,7,4,4,0,0.44,0.23,1,0,0.23,1
2025/11/13 22:37,clusterB,7,4,3,1,0,0,1,0,0,1
2025/11/13 22:38,clusterA,7,4,4,0,0.45,0.23,1,0,0.23,1
2025/11/13 22:38,clusterB,7,4,3,1,0,0,1,0,0,1
2025/11/13 22:38,clusterA,7,4,4,0,0.44,0.23,1,0,0.23,1
2025/11/13 22:38,clusterB,7,4,3,1,0,0,1,0,0,1
2025/11/13 22:38,clusterA,7,4,4,0,0.44,0.23,1,0,0.23,1
2025/11/13 22:38,clusterB,7,4,3,1,0,0,1,0,0,1
2025/11/13 22:38,clusterA,7,4,4,0,0.44,0.23,1,0,0.23,1
2025/11/13 22:38,clusterB,7,4,3,1,0,0,1,0,0,1
2025/11/13 22:38,clusterA,7,4,4,0,0.45,0.23,1,0,0.23,1
2025/11/13 22:38,clusterB,7,4,3,1,0,0,1,0,0,1
2025/11/13 22:38,clusterA,7,4,4,0,0.44,0.23,1,0,0.23,1
2025/11/13 22:38,clusterB,7,4,3,1,0,0,1,0,0,1
2025/11/13 22:38,clusterA,7,4,4,0,0.44,0.23,1,0,0.23,1
2025/11/13 22:38,clusterB,7,4,3,1,0,0,1,0,0,1
2025/11/13 22:38,clusterA,7,4,4,0,0.43,0.23,1,0,0.23,1
2025/11/13 22:38,clusterB,7,4,3,1,0,0,1,0,0,1
2025/11/13 22:38,clusterA,7,4,4,0,0.45,0.23,1,0,0.23,1
2025/11/13 22:38,clusterB,7,4,3,1,0,0,1,0,0,1
2025/11/13 22:38,clusterA,7,4,4,0,0.45,0.23,1,0,0.23,1
2025/11/13 22:38,clusterB,7,4,3,1,0,0,1,0,0,1
2025/11/13 22:38,clusterA,7,4,4,0,0.44,0.23,1,0,0.23,1
2025/11/13 22:38,clusterB,7,4,3,1,0,0,1,0,0,1
2025/11/13 22:38,clusterA,7,4,4,0,0.45,0.22,1,0,0.22,1
2025/11/13 22:38,clusterB,7,4,3,1,0,0,1,0,0,1
2025/11/13 22:39,clusterA,7,4,4,0,0.45,0.22,1,0,0.22,1
2025/11/13 22:39,clusterB,7,4,3,1,0,0,1,0,0,1
2025/11/13 22:39,clusterA,7,4,4,0,0.45,0.23,1,0,0.23,1
2025/11/13 22:39,clusterB,7,4,3,1,0,0,1,0,0,1
2025/11/13 22:39,clusterA,7,4,4,0,0.45,0.23,1,0,0.23,1
2025/11/13 22:39,clusterB,7,4,3,1,0,0,1,0,0,1
2025/11/13 22:39,clusterA,7,4,4,0,0.45,0.23,1,0,0.23,1
2025/11/13 22:39,clusterB,7,4,3,1,0,0,1,0,0,1
2025/11/13 22:39,clusterA,7,4,4,0,0.45,0.23,1,0,0.23,1
2025/11/13 22:39,clusterB,7,4,3,1,0,0,1,0,0,1
2025/11/13 22:39,clusterA,7,4,4,0,0.47,0.23,1,0,0.23,1
2025/11/13 22:39,clusterB,7,4,3,1,0,0,1,0,0,1
2025/11/13 22:39,clusterA,7,4,4,0,0.45,0.23,1,0,0.23,1
2025/11/13 22:39,clusterB,7,4,3,1,0,0,1,0,0,1
2025/11/13 22:39,clusterA,7,4,4,0,0.46,0.23,1,0,0.23,1
2025/11/13 22:39,clusterB,7,4,3,1,0,0,1,0,0,1
2025/11/13 22:39,clusterA,7,4,4,0,0.46,0.23,1,0,0.23,1
2025/11/13 22:39,clusterB,7,4,3,1,0,0,1,0,0,1
2025/11/13 22:39,clusterA,7,4,4,0,0.45,0.23,1,0,0.23,1
2025/11/13 22:39,clusterB,7,4,3,1,0,0,1,0,0,1
2025/11/13 22:39,clusterA,7,4,4,0,0.45,0.23,1,0,0.23,1
2025/11/13 22:39,clusterB,7,4,3,1,0,0,1,0,0,1
2025/11/13 22:39,clusterA,7,4,4,0,0.45,0.23,1,0,0.23,1
2025/11/13 22:39,clusterB,7,4,3,1,0,0,1,0,0,1
2025/11/13 22:40,clusterA,7,4,4,0,0.45,0.23,1,0,0.23,1
2025/11/13 22:40,clusterB,7,4,3,1,0,0,1,0,0,1
2025/11/13 22:40,clusterA,7,4,4,0,0.45,0.23,1,0,0.23,1
2025/11/13 22:40,clusterB,7,4,3,1,0,0,1,0,0,1
2025/11/13 22:40,clusterA,7,4,4,0,0.45,0.23,1,0,0.23,1
2025/11/13 22:40,clusterB,7,4,3,1,0,0,1,0,0,1
2025/11/13 22:40,clusterA,7,4,4,0,0.45,0.23,1,0,0.23,1
2025/11/13 22:40,clusterB,7,4,3,1,0,0,1,0,0,1
2025/11/13 22:40,clusterA,7,4,4,0,0.46,0.23,1,0,0.23,1
2025/11/13 22:40,clusterB,7,4,3,1,0,0,1,0,0,1
2025/11/13 22:40,clusterA,7,4,4,0,0.46,0.23,1,0,0.23,1
2025/11/13 22:40,clusterB,7,4,3,1,0,0,1,0,0,1
2025/11/13 22:40,clusterA,7,4,4,0,0.46,0.23,1,0,0.23,1
2025/11/13 22:40,clusterB,7,4,3,1,0,0,1,0,0,1
2025/11/13 22:40,clusterA,7,4,4,0,0.46,0.23,1,0,0.23,1
2025/11/13 22:40,clusterB,7,4,3,1,0,0,1,0,0,1
2025/11/13 22:40,clusterA,7,4,4,0,0.46,0.23,1,0,0.23,1
2025/11/13 22:40,clusterB,7,4,3,1,0,0,1,0,0,1
2025/11/13 22:40,clusterA,7,4,4,0,0.46,0.23,1,0,0.23,1
2025/11/13 22:40,clusterB,7,4,3,1,0,0,1,0,0,1
2025/11/13 22:40,clusterA,7,4,4,0,0.46,0.23,1,0,0.23,1
2025/11/13 22:40,clusterB,7,4,3,1,0,0,1,0,0,1
2025/11/13 22:40,clusterA,7,4,4,0,0.45,0.23,1,0,0.23,1
2025/11/13 22:40,clusterB,7,4,3,1,0,0,1,0,0,1
2025/11/13 22:41,clusterA,7,4,4,0,0.45,0.23,1,0,0.23,1
2025/11/13 22:41,clusterB,7,4,3,1,0,0,1,0,0,1
2025/11/13 22:41,clusterA,7,4,4,0,0.45,0.23,1,0,0.23,1
2025/11/13 22:41,clusterB,7,4,3,1,0,0,1,0,0,1
2025/11/13 22:41,clusterA,7,4,4,0,0.45,0.23,1,0,0.23,1
2025/11/13 22:41,clusterB,7,4,3,1,0,0,1,0,0,1
2025/11/13 22:41,clusterA,7,4,4,0,0.45,0.22,1,0,0.22,1
2025/11/13 22:41,clusterB,7,4,3,1,0,0,1,0,0,1
2025/11/13 22:41,clusterA,7,4,4,0,0.45,0.23,1,0,0.23,1
2025/11/13 22:41,clusterB,7,4,3,1,0,0,1,0,0,1
2025/11/13 22:41,clusterA,7,4,4,0,0.44,0.22,1,0,0.22,1
2025/11/13 22:41,clusterB,7,4,3,1,0,0,1,0,0,1
2025/11/13 22:41,clusterA,7,4,4,0,0.45,0.22,1,0,0.22,1
2025/11/13 22:41,clusterB,7,4,3,1,0,0,1,0,0,1
2025/11/13 22:41,clusterA,7,4,4,0,0.45,0.23,1,0,0.23,1
2025/11/13 22:41,clusterB,7,4,3,1,0,0,1,0,0,1
2025/11/13 22:41,clusterA,7,4,4,0,0.45,0.22,1,0,0.22,1
2025/11/13 22:41,clusterB,7,4,3,1,0,0,1,0,0,1
2025/11/13 22:41,clusterA,7,4,4,0,0.46,0.23,1,0,0.23,1
2025/11/13 22:41,clusterB,7,4,3,1,0,0,1,0,0,1
2025/11/13 22:41,clusterA,7,4,4,0,0.46,0.23,1,0,0.23,1
2025/11/13 22:41,clusterB,7,4,3,1,0,0,1,0,0,1
2025/11/13 22:41,clusterA,7,4,4,0,0.47,0.23,1,0,0.23,1
2025/11/13 22:41,clusterB,7,4,3,1,0,0,1,0,0,1
2025/11/13 22:42,clusterA,7,4,4,0,0.48,0.23,1,0,0.23,1
2025/11/13 22:42,clusterB,7,4,3,1,0,0,1,0,0,1
2025/11/13 22:42,clusterA,7,4,4,0,0.48,0.23,1,0,0.23,1
2025/11/13 22:42,clusterB,7,4,3,1,0,0,1,0,0,1
2025/11/13 22:42,clusterA,7,4,4,0,0.48,0.23,1,0,0.23,1
2025/11/13 22:42,clusterB,7,4,3,1,0,0,1,0,0,1
2025/11/13 22:42,clusterA,7,4,4,0,0.48,0.23,1,0,0.23,1
2025/11/13 22:42,clusterB,7,4,3,1,0,0,1,0,0,1
2025/11/13 22:42,clusterA,7,4,4,0,0.48,0.23,1,0,0.23,1
2025/11/13 22:42,clusterB,7,4,3,1,0,0,1,0,0,1
2025/11/13 22:42,clusterA,7,4,4,0,0.48,0.23,1,0,0.23,1
2025/11/13 22:42,clusterB,7,4,3,1,0,0,1,0,0,1
2025/11/13 22:42,clusterA,7,4,4,0,0.48,0.23,1,0,0.23,1
2025/11/13 22:42,clusterB,7,4,3,1,0,0,1,0,0,1
2025/11/13 22:42,clusterA,7,4,4,0,0.48,0.23,1,0,0.23,1
2025/11/13 22:42,clusterB,7,4,3,1,0,0,1,0,0,1
2025/11/13 22:42,clusterA,7,4,4,0,0.49,0.23,1,0,0.23,1
2025/11/13 22:42,clusterB,7,4,3,1,0,0,1,0,0,1
2025/11/13 22:42,clusterA,7,4,4,0,0.48,0.23,1,0,0.23,1
2025/11/13 22:42,clusterB,7,4,3,1,0,0,1,0,0,1
2025/11/13 22:42,clusterA,7,4,4,0,0.49,0.23,1,0,0.23,1
2025/11/13 22:42,clusterB,7,4,3,1,0,0,1,0,0,1
2025/11/13 22:42,clusterA,7,4,4,0,0.49,0.23,1,0,0.23,1
2025/11/13 22:42,clusterB,7,4,3,1,0,0,1,0,0,1
2025/11/13 22:43,clusterA,7,4,4,0,0.48,0.23,1,0,0.23,1
2025/11/13 22:43,clusterB,7,4,3,1,0,0,1,0,0,1
2025/11/13 22:43,clusterA,7,4,4,0,0.47,0.23,1,0,0.23,1
2025/11/13 22:43,clusterB,7,4,3,1,0,0,1,0,0,1
2025/11/13 22:43,clusterA,7,4,4,0,0.46,0.23,1,0,0.23,1
2025/11/13 22:43,clusterB,7,4,3,1,0,0,1,0,0,1
2025/11/13 22:43,clusterA,7,4,4,0,0.47,0.23,1,0,0.23,1
2025/11/13 22:43,clusterB,7,4,3,1,0,0,1,0,0,1
2025/11/13 22:43,clusterA,7,4,4,0,0.47,0.23,1,0,0.23,1
2025/11/13 22:43,clusterB,7,4,3,1,0,0,1,0,0,1
2025/11/13 22:43,clusterA,7,4,3,1,0.45,0.23,1,0,0.23,1
2025/11/13 22:43,clusterB,7,4,3,1,0,0,1,0,0,1
2025/11/13 22:43,clusterA,7,4,3,1,0.43,0.22,1,0,0.22,1
2025/11/13 22:43,clusterB,7,4,3,1,0,0,1,0,0,1
2025/11/13 22:43,clusterA,7,4,3,1,0.41,0.22,1,0,0.22,1
2025/11/13 22:43,clusterB,7,4,3,1,0,0,1,0,0,1
2025/11/13 22:43,clusterA,7,4,3,1,0.38,0.21,1,0,0.21,1
2025/11/13 22:43,clusterB,7,4,3,1,0,0,1,0,0,1
2025/11/13 22:43,clusterA,7,4,3,1,0.37,0.21,1,0,0.21,1
2025/11/13 22:43,clusterB,7,4,3,1,0,0,1,0,0,1
2025/11/13 22:43,clusterA,7,4,3,1,0.36,0.2,1,0,0.2,1
2025/11/13 22:43,clusterB,7,4,3,1,0,0,1,0,0,1
2025/11/13 22:43,clusterA,7,4,3,1,0.33,0.2,1,0,0.2,1
2025/11/13 22:43,clusterB,7,4,3,1,0,0,1,0,0,1
2025/11/13 22:44,clusterA,7,4,3,1,0.32,0.19,1,0,0.19,1
2025/11/13 22:44,clusterB,7,4,3,1,0,0,1,0,0,1
2025/11/13 22:44,clusterA,7,4,3,1,0.32,0.19,1,0,0.19,1
2025/11/13 22:44,clusterB,7,4,3,1,0,0,1,0,0,1
2025/11/13 22:44,clusterA,7,4,3,1,0.3,0.18,1,0,0.18,1
2025/11/13 22:44,clusterB,7,4,3,1,0,0,1,0,0,1
2025/11/13 22:44,clusterA,7,4,3,1,0.29,0.18,1,0,0.18,1
2025/11/13 22:44,clusterB,7,4,3,1,0,0,1,0,0,1
2025/11/13 22:44,clusterA,7,4,3,1,0.27,0.17,1,0,0.17,1
2025/11/13 22:44,clusterB,7,4,3,1,0,0,1,0,0,1
2025/11/13 22:44,clusterA,7,4,3,1,0.27,0.17,1,0,0.17,1
2025/11/13 22:44,clusterB,7,4,3,1,0,0,1,0,0,1
2025/11/13 22:44,clusterA,7,4,3,1,0.27,0.17,1,0,0.17,1
2025/11/13 22:44,clusterB,7,4,3,1,0,0,1,0,0,1
2025/11/13 22:44,clusterA,7,4,3,1,0.27,0.17,1,0,0.17,1
2025/11/13 22:44,clusterB,7,4,3,1,0,0,1,0,0,1
2025/11/13 22:44,clusterA,7,4,3,1,0.28,0.17,1,0,0.17,1
2025/11/13 22:44,clusterB,7,4,3,1,0,0,1,0,0,1
2025/11/13 22:44,clusterA,7,4,3,1,0.27,0.17,1,0,0.17,1
2025/11/13 22:44,clusterB,7,4,3,1,0,0,1,0,0,1
2025/11/13 22:44,clusterA,7,4,3,1,0.27,0.17,1,0,0.17,1
2025/11/13 22:44,clusterB,7,4,3,1,0,0,1,0,0,1
2025/11/13 22:44,clusterA,7,4,3,1,0.27,0.17,1,0,0.17,1
2025/11/13 22:44,clusterB,7,4,3,1,0,0,1,0,0,1
2025/11/13 22:45,clusterA,7,4,3,1,0.28,0.17,1,0,0.17,1
2025/11/13 22:45,clusterB,7,4,3,1,0,0,1,0,0,1
2025/11/13 22:45,clusterA,7,4,3,1,0.26,0.17,1,0,0.17,1
2025/11/13 22:45,clusterB,7,4,3,1,0,0,1,0,0,1
2025/11/13 22:45,clusterA,7,4,3,1,0.26,0.17,1,0,0.17,1
2025/11/13 22:45,clusterB,7,4,3,1,0,0,1,0,0,1
2025/11/13 22:45,clusterA,7,4,3,1,0.26,0.17,1,0,0.17,1
2025/11/13 22:45,clusterB,7,4,3,1,0,0,1,0,0,1
2025/11/13 22:45,clusterA,7,4,3,1,0.26,0.17,1,0,0.17,1
2025/11/13 22:45,clusterB,7,4,3,1,0,0,1,0,0,1
2025/11/13 22:45,clusterA,7,4,3,1,0.26,0.17,1,0,0.17,1
2025/11/13 22:45,clusterB,7,4,3,1,0,0,1,0,0,1
2025/11/13 22:45,clusterA,7,4,3,1,0.26,0.17,1,0,0.17,1
2025/11/13 22:45,clusterB,7,4,3,1,0,0,1,0,0,1
2025/11/13 22:45,clusterA,7,4,3,1,0.26,0.17,1,0,0.17,1
2025/11/13 22:45,clusterB,7,4,3,1,0,0,1,0,0,1
2025/11/13 22:45,clusterA,7,4,3,1,0.26,0.16,1,0,0.16,1
2025/11/13 22:45,clusterB,7,4,3,1,0,0,1,0,0,1
2025/11/13 22:45,clusterA,7,4,3,1,0.26,0.16,1,0,0.16,1
2025/11/13 22:45,clusterB,7,4,3,1,0,0,1,0,0,1
2025/11/13 22:45,clusterA,7,4,3,1,0.26,0.17,1,0,0.17,1
2025/11/13 22:45,clusterB,7,4,3,1,0,0,1,0,0,1
2025/11/13 22:46,clusterA,7,4,3,1,0.26,0.17,1,0,0.17,1
2025/11/13 22:46,clusterB,7,4,3,1,0,0,1,0,0,1
2025/11/13 22:46,clusterA,7,4,3,1,0.26,0.17,1,0,0.17,1
2025/11/13 22:46,clusterB,7,4,3,1,0,0,1,0,0,1
2025/11/13 22:46,clusterA,7,4,3,1,0.28,0.17,1,0,0.17,1
2025/11/13 22:46,clusterB,7,4,3,1,0,0,1,0,0,1
2025/11/13 22:46,clusterA,7,4,3,1,0.28,0.16,1,0,0.16,1
2025/11/13 22:46,clusterB,7,4,3,1,0,0,1,0,0,1
2025/11/13 22:46,clusterA,7,4,3,1,0.28,0.16,1,0,0.16,1
2025/11/13 22:46,clusterB,7,4,3,1,0,0,1,0,0,1
2025/11/13 22:46,clusterA,7,4,3,1,0.28,0.16,1,0,0.16,1
2025/11/13 22:46,clusterB,7,4,3,1,0,0,1,0,0,1
2025/11/13 22:46,clusterA,7,4,3,1,0.28,0.17,1,0,0.17,1
2025/11/13 22:46,clusterB,7,4,3,1,0,0,1,0,0,1
2025/11/13 22:46,clusterA,7,4,3,1,0.27,0.17,1,0,0.17,1
2025/11/13 22:46,clusterB,7,4,3,1,0,0,1,0,0,1
2025/11/13 22:46,clusterA,7,4,3,1,0.27,0.17,1,0,0.17,1
2025/11/13 22:46,clusterB,7,4,3,1,0,0,1,0,0,1
2025/11/13 22:46,clusterA,7,4,3,1,0.27,0.17,1,0,0.17,1
2025/11/13 22:46,clusterB,7,4,3,1,0,0,1,0,0,1
2025/11/13 22:46,clusterA,7,4,3,1,0.28,0.17,1,0,0.17,1
2025/11/13 22:46,clusterB,7,4,3,1,0,0,1,0,0,1
2025/11/13 22:46,clusterA,7,4,3,1,0.27,0.17,1,0,0.17,1
2025/11/13 22:46,clusterB,7,4,3,1,0,0,1,0,0,1
2025/11/13 22:47,clusterA,7,4,3,1,0.27,0.17,1,0,0.17,1
2025/11/13 22:47,clusterB,7,4,3,1,0,0,1,0,0,1
2025/11/13 22:47,clusterA,7,4,3,1,0.27,0.17,1,0,0.17,1
2025/11/13 22:47,clusterB,7,4,3,1,0,0,1,0,0,1
2025/11/13 22:47,clusterA,7,4,3,1,0.27,0.16,1,0,0.16,1
2025/11/13 22:47,clusterB,7,4,3,1,0,0,1,0,0,1
2025/11/13 22:47,clusterA,7,4,3,1,0.26,0.17,1,0,0.17,1
2025/11/13 22:47,clusterB,7,4,3,1,0,0,1,0,0,1
2025/11/13 22:47,clusterA,7,4,3,1,0.27,0.17,1,0,0.17,1
2025/11/13 22:47,clusterB,7,4,3,1,0,0,1,0,0,1
2025/11/13 22:47,clusterA,7,4,3,1,0.27,0.17,1,0,0.17,1
2025/11/13 22:47,clusterB,7,4,3,1,0,0,1,0,0,1
2025/11/13 22:47,clusterA,7,4,3,1,0.25,0.17,1,0,0.17,1
2025/11/13 22:47,clusterB,7,4,3,1,0,0,1,0,0,1
2025/11/13 22:47,clusterA,7,4,3,1,0.26,0.17,1,0,0.17,1
2025/11/13 22:47,clusterB,7,4,3,1,0,0,1,0,0,1
2025/11/13 22:47,clusterA,7,4,3,1,0.26,0.17,1,0,0.17,1
2025/11/13 22:47,clusterB,7,4,3,1,0,0,1,0,0,1
2025/11/13 22:47,clusterA,7,4,3,1,0.27,0.17,1,0,0.17,1
2025/11/13 22:47,clusterB,7,4,3,1,0,0,1,0,0,1
2025/11/13 22:47,clusterA,7,4,3,1,0.27,0.17,1,0,0.17,1
2025/11/13 22:47,clusterB,7,4,3,1,0,0,1,0,0,1
2025/11/13 22:47,clusterA,7,4,3,1,0.27,0.17,1,0,0.17,1
2025/11/13 22:47,clusterB,7,4,3,1,0,0,1,0,0,1
2025/11/13 22:48,clusterA,7,4,3,1,0.27,0.17,1,0,0.17,1
2025/11/13 22:48,clusterB,7,4,3,1,0,0,1,0,0,1
2025/11/13 22:48,clusterA,7,4,3,1,0.26,0.17,1,0,0.17,1
2025/11/13 22:48,clusterB,7,4,3,1,0,0,1,0,0,1
2025/11/13 22:48,clusterA,7,4,3,1,0.26,0.17,1,0,0.17,1
2025/11/13 22:48,clusterB,7,4,3,1,0,0,1,0,0,1
2025/11/13 22:48,clusterA,7,4,3,1,0.26,0.17,1,0,0.17,1
2025/11/13 22:48,clusterB,7,4,3,1,0,0,1,0,0,1
2025/11/13 22:48,clusterA,7,4,3,1,0.26,0.17,1,0,0.17,1
2025/11/13 22:48,clusterB,7,4,3,1,0,0,1,0,0,1
2025/11/13 22:48,clusterA,7,4,3,1,0.26,0.17,1,0,0.17,1
2025/11/13 22:48,clusterB,7,4,3,1,0,0,1,0,0,1
2025/11/13 22:48,clusterA,7,4,3,1,0.27,0.17,1,0,0.17,1
2025/11/13 22:48,clusterB,7,4,3,1,0,0,1,0,0,1
2025/11/13 22:48,clusterA,7,4,3,1,0.27,0.17,1,0,0.17,1
2025/11/13 22:48,clusterB,7,4,3,1,0,0,1,0,0,1
2025/11/13 22:48,clusterA,7,4,3,1,0.27,0.17,1,0,0.17,1
2025/11/13 22:48,clusterB,7,4,3,1,0,0,1,0,0,1
2025/11/13 22:48,clusterA,7,4,3,1,0.26,0.17,1,0,0.17,1
2025/11/13 22:48,clusterB,7,4,3,1,0,0,1,0,0,1
2025/11/13 22:48,clusterA,7,4,3,1,0.26,0.17,1,0,0.17,1
2025/11/13 22:48,clusterB,7,4,3,1,0,0,1,0,0,1
2025/11/13 22:48,clusterA,7,4,3,1,0.26,0.17,1,0,0.17,1
2025/11/13 22:48,clusterB,7,4,3,1,0,0,1,0,0,1
2025/11/13 22:49,clusterA,7,4,3,1,0.26,0.17,1,0,0.17,1
2025/11/13 22:49,clusterB,7,4,3,1,0,0,1,0,0,1
2025/11/13 22:49,clusterA,7,4,3,1,0.26,0.17,1,0,0.17,1
2025/11/13 22:49,clusterB,7,4,3,1,0,0,1,0,0,1
2025/11/13 22:49,clusterA,7,4,3,1,0.26,0.17,1,0,0.17,1
2025/11/13 22:49,clusterB,7,4,3,1,0,0,1,0,0,1
2025/11/13 22:49,clusterA,7,4,3,1,0.26,0.17,1,0,0.17,1
2025/11/13 22:49,clusterB,7,4,3,1,0,0,1,0,0,1
2025/11/13 22:49,clusterA,7,4,3,1,0.26,0.17,1,0,0.17,1
2025/11/13 22:49,clusterB,7,4,3,1,0,0,1,0,0,1
2025/11/13 22:49,clusterA,7,4,3,1,0.26,0.17,1,0,0.17,1
2025/11/13 22:49,clusterB,7,4,3,1,0,0,1,0,0,1
2025/11/13 22:49,clusterA,7,4,3,1,0.26,0.17,1,0,0.17,1
2025/11/13 22:49,clusterB,7,4,3,1,0,0,1,0,0,1
2025/11/13 22:49,clusterA,7,4,3,1,0.26,0.17,1,0,0.17,1
2025/11/13 22:49,clusterB,7,4,3,1,0,0,1,0,0,1
2025/11/13 22:49,clusterA,7,4,3,1,0.26,0.17,1,0,0.17,1
2025/11/13 22:49,clusterB,7,4,3,1,0,0,1,0,0,1
2025/11/13 22:49,clusterA,7,4,3,1,0.24,0.16,1,0,0.16,1
2025/11/13 22:49,clusterB,7,4,3,1,0,0,1,0,0,1
2025/11/13 22:49,clusterA,8,4,3,1,0.24,0.16,1,0,0.16,1
2025/11/13 22:49,clusterB,8,4,3,1,0,0,1,0,0,1
2025/11/13 22:49,clusterA,8,4,3,1,0.24,0.16,1,0,0.16,1
2025/11/13 22:49,clusterB,8,4,3,1,0,0,1,0,0,1
2025/11/13 22:50,clusterA,8,4,3,1,0.24,0.16,1,0,0.16,1
2025/11/13 22:50,clusterB,8,4,3,1,0,0,1,0,0,1
2025/11/13 22:50,clusterA,8,4,3,1,0.23,0.16,1,0,0.16,1
2025/11/13 22:50,clusterB,8,4,3,1,0,0,1,0,0,1
2025/11/13 22:50,clusterA,8,4,3,1,0.23,0.16,1,0,0.16,1
2025/11/13 22:50,clusterB,8,4,3,1,0,0,1,0,0,1
2025/11/13 22:50,clusterA,8,4,3,1,0.23,0.16,1,0,0.16,1
2025/11/13 22:50,clusterB,8,4,3,1,0,0,1,0,0,1
2025/11/13 22:50,clusterA,8,4,3,1,0.24,0.16,1,0,0.16,1
2025/11/13 22:50,clusterB,8,4,3,1,0,0,1,0,0,1
2025/11/13 22:50,clusterA,8,4,3,1,0.24,0.16,1,0,0.16,1
2025/11/13 22:50,clusterB,8,4,3,1,0,0,1,0,0,1
2025/11/13 22:50,clusterA,8,4,3,1,0.24,0.16,1,0,0.16,1
2025/11/13 22:50,clusterB,8,4,3,1,0,0,1,0,0,1
2025/11/13 22:50,clusterA,8,4,3,1,0.24,0.16,1,0,0.16,1
2025/11/13 22:50,clusterB,8,4,3,1,0,0,1,0,0,1
2025/11/13 22:50,clusterA,8,4,3,1,0.23,0.16,1,0,0.16,1
2025/11/13 22:50,clusterB,8,4,3,1,0,0,1,0,0,1
2025/11/13 22:50,clusterA,8,4,3,1,0.25,0.16,1,0,0.16,1
2025/11/13 22:50,clusterB,8,4,3,1,0,0,1,0,0,1
2025/11/13 22:50,clusterA,8,4,3,1,0.24,0.16,1,0,0.16,1
2025/11/13 22:50,clusterB,8,4,3,1,0,0,1,0,0,1
2025/11/13 22:50,clusterA,8,4,3,1,0.24,0.16,1,0,0.16,1
2025/11/13 22:50,clusterB,8,4,3,1,0,0,1,0,0,1
2025/11/13 22:51,clusterA,8,4,3,1,0.24,0.17,1,0,0.17,1
2025/11/13 22:51,clusterB,8,4,3,1,0,0,1,0,0,1
2025/11/13 22:51,clusterA,8,4,3,1,0.26,0.17,1,0,0.17,1
2025/11/13 22:51,clusterB,8,4,3,1,0,0,1,0,0,1
2025/11/13 22:51,clusterA,8,4,3,1,0.25,0.17,1,0,0.17,1
2025/11/13 22:51,clusterB,8,4,3,1,0,0,1,0,0,1
2025/11/13 22:51,clusterA,8,4,3,1,0.26,0.17,1,0,0.17,1
2025/11/13 22:51,clusterB,8,4,3,1,0,0,1,0,0,1
2025/11/13 22:51,clusterA,8,4,3,1,0.25,0.16,1,0,0.16,1
2025/11/13 22:51,clusterB,8,4,3,1,0,0,1,0,0,1
2025/11/13 22:51,clusterA,8,4,3,1,0.24,0.16,1,0,0.16,1
2025/11/13 22:51,clusterB,8,4,3,1,0,0,1,0,0,1
2025/11/13 22:51,clusterA,8,4,3,1,0.24,0.16,1,0,0.16,1
2025/11/13 22:51,clusterB,8,4,3,1,0,0,1,0,0,1
2025/11/13 22:51,clusterA,8,4,3,1,0.24,0.16,1,0,0.16,1
2025/11/13 22:51,clusterB,8,4,3,1,0,0,1,0,0,1
2025/11/13 22:51,clusterA,8,4,3,1,0.24,0.16,1,0,0.16,1
2025/11/13 22:51,clusterB,8,4,3,1,0,0,1,0,0,1
2025/11/13 22:51,clusterA,8,4,3,1,0.23,0.16,1,0,0.16,1
2025/11/13 22:51,clusterB,8,4,3,1,0,0,1,0,0,1
2025/11/13 22:51,clusterA,8,4,3,1,0.25,0.16,1,0,0.16,1
2025/11/13 22:51,clusterB,8,4,3,1,0,0,1,0,0,1
2025/11/13 22:51,clusterA,8,4,3,1,0.25,0.16,1,0,0.16,1
2025/11/13 22:51,clusterB,8,4,3,1,0,0,1,0,0,1
2025/11/13 22:52,clusterA,8,4,3,1,0.25,0.16,1,0,0.16,1
2025/11/13 22:52,clusterB,8,4,3,1,0,0,1,0,0,1
2025/11/13 22:52,clusterA,8,4,3,1,0.24,0.16,1,0,0.16,1
2025/11/13 22:52,clusterB,8,4,3,1,0,0,1,0,0,1
2025/11/13 22:52,clusterA,8,4,3,1,0.23,0.16,1,0,0.16,1
2025/11/13 22:52,clusterB,8,4,3,1,0,0,1,0,0,1
2025/11/13 22:52,clusterA,9,4,3,1,0.23,0.16,1,0,0.16,1
2025/11/13 22:52,clusterB,9,4,3,1,0,0,1,0,0,1
2025/11/13 22:52,clusterA,9,4,3,1,0.24,0.16,1,0,0.16,1
2025/11/13 22:52,clusterB,9,4,3,1,0,0,1,0,0,1
2025/11/13 22:52,clusterA,9,4,3,1,0.25,0.16,1,0,0.16,1
2025/11/13 22:52,clusterB,9,4,3,1,0,0,1,0,0,1
2025/11/13 22:52,clusterA,9,4,3,1,0.25,0.16,1,0,0.16,1
2025/11/13 22:52,clusterB,9,4,3,1,0,0,1,0,0,1
2025/11/13 22:52,clusterA,9,4,3,1,0.25,0.16,1,0,0.16,1
2025/11/13 22:52,clusterB,9,4,3,1,0,0,1,0,0,1
2025/11/13 22:52,clusterA,9,4,3,1,0.25,0.16,1,0,0.16,1
2025/11/13 22:52,clusterB,9,4,3,1,0,0,1,0,0,1
2025/11/13 22:52,clusterA,9,4,3,1,0.26,0.17,1,0,0.17,1
2025/11/13 22:52,clusterB,9,4,3,1,0,0,1,0,0,1
2025/11/13 22:52,clusterA,9,4,3,1,0.26,0.17,1,0,0.17,1
2025/11/13 22:52,clusterB,9,4,3,1,0,0,1,0,0,1
2025/11/13 22:52,clusterA,9,4,3,1,0.25,0.17,1,0,0.17,1
2025/11/13 22:52,clusterB,9,4,3,1,0,0,1,0,0,1
2025/11/13 22:53,clusterA,9,4,3,1,0.25,0.17,1,0,0.17,1
2025/11/13 22:53,clusterB,9,4,3,1,0,0,1,0,0,1
2025/11/13 22:53,clusterA,9,4,3,1,0.26,0.17,1,0,0.17,1
2025/11/13 22:53,clusterB,9,4,3,1,0,0,1,0,0,1
2025/11/13 22:53,clusterA,9,4,3,1,0.27,0.17,1,0,0.17,1
2025/11/13 22:53,clusterB,9,4,3,1,0,0,1,0,0,1
2025/11/13 22:53,clusterA,9,4,3,1,0.28,0.17,1,0,0.17,1
2025/11/13 22:53,clusterB,9,4,3,1,0,0,1,0,0,1
2025/11/13 22:53,clusterA,9,4,3,1,0.28,0.17,1,0,0.17,1
2025/11/13 22:53,clusterB,9,4,3,1,0,0,1,0,0,1
2025/11/13 22:53,clusterA,9,4,3,1,0.26,0.17,1,0,0.17,1
2025/11/13 22:53,clusterB,9,4,3,1,0,0,1,0,0,1
2025/11/13 22:53,clusterA,9,4,3,1,0.26,0.17,1,0,0.17,1
2025/11/13 22:53,clusterB,9,4,3,1,0,0,1,0,0,1
2025/11/13 22:53,clusterA,9,4,3,1,0.27,0.17,1,0,0.17,1
2025/11/13 22:53,clusterB,9,4,3,1,0,0,1,0,0,1
2025/11/13 22:53,clusterA,9,4,3,1,0.26,0.17,1,0,0.17,1
2025/11/13 22:53,clusterB,9,4,3,1,0,0,1,0,0,1
2025/11/13 22:53,clusterA,9,4,3,1,0.26,0.17,1,0,0.17,1
2025/11/13 22:53,clusterB,9,4,3,1,0,0,1,0,0,1
2025/11/13 22:53,clusterA,9,4,3,1,0.27,0.17,1,0,0.17,1
2025/11/13 22:53,clusterB,9,4,3,1,0,0,1,0,0,1
2025/11/13 22:53,clusterA,9,4,3,1,0.26,0.17,1,0,0.17,1
2025/11/13 22:53,clusterB,9,4,3,1,0,0,1,0,0,1
2025/11/13 22:54,clusterA,9,4,3,1,0.26,0.17,1,0,0.17,1
2025/11/13 22:54,clusterB,9,4,3,1,0,0,1,0,0,1
2025/11/13 22:54,clusterA,9,4,3,1,0.26,0.17,1,0,0.17,1
2025/11/13 22:54,clusterB,9,4,3,1,0,0,1,0,0,1
2025/11/13 22:54,clusterA,9,4,3,1,0.26,0.17,1,0,0.17,1
2025/11/13 22:54,clusterB,9,4,3,1,0,0,1,0,0,1
2025/11/13 22:54,clusterA,9,4,3,1,0.26,0.17,1,0,0.17,1
2025/11/13 22:54,clusterB,9,4,3,1,0,0,1,0,0,1
2025/11/13 22:54,clusterA,9,4,3,1,0.26,0.17,1,0,0.17,1
2025/11/13 22:54,clusterB,9,4,3,1,0,0,1,0,0,1
2025/11/13 22:54,clusterA,9,4,3,1,0.25,0.17,1,0,0.17,1
2025/11/13 22:54,clusterB,9,4,3,1,0,0,1,0,0,1
2025/11/13 22:54,clusterA,9,4,3,1,0.26,0.17,1,0,0.17,1
2025/11/13 22:54,clusterB,9,4,3,1,0,0,1,0,0,1
2025/11/13 22:54,clusterA,9,4,3,1,0.26,0.17,1,0,0.17,1
2025/11/13 22:54,clusterB,9,4,3,1,0,0,1,0,0,1
2025/11/13 22:54,clusterA,9,4,3,1,0.27,0.17,1,0,0.17,1
2025/11/13 22:54,clusterB,9,4,3,1,0,0,1,0,0,1
2025/11/13 22:54,clusterA,9,4,3,1,0.27,0.17,1,0,0.17,1
2025/11/13 22:54,clusterB,9,4,3,1,0,0,1,0,0,1
2025/11/13 22:54,clusterA,9,4,3,1,0.27,0.17,1,0,0.17,1
2025/11/13 22:54,clusterB,9,4,3,1,0,0,1,0,0,1
2025/11/13 22:54,clusterA,9,4,3,1,0.27,0.17,1,0,0.17,1
2025/11/13 22:54,clusterB,9,4,3,1,0,0,1,0,0,1
2025/11/13 22:55,clusterA,9,4,3,1,0.27,0.17,1,0,0.17,1
2025/11/13 22:55,clusterB,9,4,3,1,0,0,1,0,0,1
2025/11/13 22:55,clusterA,9,4,3,1,0.27,0.17,1,0,0.17,1
2025/11/13 22:55,clusterB,9,4,3,1,0,0,1,0,0,1
2025/11/13 22:55,clusterA,9,4,3,1,0.27,0.17,1,0,0.17,1
2025/11/13 22:55,clusterB,9,4,3,1,0,0,1,0,0,1
2025/11/13 22:55,clusterA,9,4,3,1,0.27,0.17,1,0,0.17,1
2025/11/13 22:55,clusterB,9,4,3,1,0,0,1,0,0,1
2025/11/13 22:55,clusterA,9,4,3,1,0.28,0.17,1,0,0.17,1
2025/11/13 22:55,clusterB,9,4,3,1,0,0,1,0,0,1
2025/11/13 22:55,clusterA,9,4,3,1,0.28,0.17,1,0,0.17,1
2025/11/13 22:55,clusterB,9,4,3,1,0,0,1,0,0,1
2025/11/13 22:55,clusterA,9,4,3,1,0.28,0.17,1,0,0.17,1
2025/11/13 22:55,clusterB,9,4,3,1,0,0,1,0,0,1
2025/11/13 22:55,clusterA,9,4,3,1,0.27,0.17,1,0,0.17,1
2025/11/13 22:55,clusterB,9,4,3,1,0,0,1,0,0,1
2025/11/13 22:55,clusterA,9,4,3,1,0.27,0.17,1,0,0.17,1
2025/11/13 22:55,clusterB,9,4,3,1,0,0,1,0,0,1
2025/11/13 22:55,clusterA,9,4,3,1,0.27,0.17,1,0,0.17,1
2025/11/13 22:55,clusterB,9,4,3,1,0,0,1,0,0,1
2025/11/13 22:55,clusterA,9,4,3,1,0.27,0.17,1,0,0.17,1
2025/11/13 22:55,clusterB,9,4,3,1,0,0,1,0,0,1
2025/11/13 22:55,clusterA,9,4,3,1,0.27,0.16,1,0,0.16,1
2025/11/13 22:55,clusterB,9,4,3,1,0,0,1,0,0,1
2025/11/13 22:56,clusterA,9,4,3,1,0.27,0.16,1,0,0.16,1
2025/11/13 22:56,clusterB,9,4,3,1,0,0,1,0,0,1
2025/11/13 22:56,clusterA,9,4,3,1,0.27,0.16,1,0,0.16,1
2025/11/13 22:56,clusterB,9,4,3,1,0,0,1,0,0,1
2025/11/13 22:56,clusterA,9,4,3,1,0.27,0.16,1,0,0.16,1
2025/11/13 22:56,clusterB,9,4,3,1,0,0,1,0,0,1
2025/11/13 22:56,clusterA,9,4,3,1,0.27,0.16,1,0,0.16,1
2025/11/13 22:56,clusterB,9,4,3,1,0,0,1,0,0,1
2025/11/13 22:56,clusterA,9,4,3,1,0.27,0.16,1,0,0.16,1
2025/11/13 22:56,clusterB,9,4,3,1,0,0,1,0,0,1
2025/11/13 22:56,clusterA,9,4,3,1,0.25,0.17,1,0,0.17,1
2025/11/13 22:56,clusterB,9,4,3,1,0,0,1,0,0,1
2025/11/13 22:56,clusterA,9,4,3,1,0.25,0.17,1,0,0.17,1
2025/11/13 22:56,clusterB,9,4,3,1,0,0,1,0,0,1
2025/11/13 22:56,clusterA,9,4,3,1,0.25,0.17,1,0,0.17,1
2025/11/13 22:56,clusterB,9,4,3,1,0,0,1,0,0,1
2025/11/13 22:56,clusterA,9,4,3,1,0.25,0.17,1,0,0.17,1
2025/11/13 22:56,clusterB,9,4,3,1,0,0,1,0,0,1
2025/11/13 22:56,clusterA,9,4,3,1,0.25,0.17,1,0,0.17,1
2025/11/13 22:56,clusterB,9,4,3,1,0,0,1,0,0,1
2025/11/13 22:56,clusterA,9,4,3,1,0.25,0.17,1,0,0.17,1
2025/11/13 22:56,clusterB,9,4,3,1,0,0,1,0,0,1
2025/11/13 22:56,clusterA,9,4,3,1,0.26,0.17,1,0,0.17,1
2025/11/13 22:56,clusterB,9,4,3,1,0,0,1,0,0,1
2025/11/13 22:57,clusterA,9,4,3,1,0.25,0.17,1,0,0.17,1
2025/11/13 22:57,clusterB,9,4,3,1,0,0,1,0,0,1
2025/11/13 22:57,clusterA,9,4,3,1,0.26,0.17,1,0,0.17,1
2025/11/13 22:57,clusterB,9,4,3,1,0,0,1,0,0,1
2025/11/13 22:57,clusterA,9,4,3,1,0.26,0.17,1,0,0.17,1
2025/11/13 22:57,clusterB,9,4,3,1,0,0,1,0,0,1
2025/11/13 22:57,clusterA,9,4,3,1,0.26,0.17,1,0,0.17,1
2025/11/13 22:57,clusterB,9,4,3,1,0,0,1,0,0,1
2025/11/13 22:57,clusterA,9,4,3,1,0.26,0.17,1,0,0.17,1
2025/11/13 22:57,clusterB,9,4,3,1,0,0,1,0,0,1
2025/11/13 22:57,clusterA,9,4,3,1,0.27,0.17,1,0,0.17,1
2025/11/13 22:57,clusterB,9,4,3,1,0,0,1,0,0,1
2025/11/13 22:57,clusterA,9,4,3,1,0.28,0.17,1,0,0.17,1
2025/11/13 22:57,clusterB,9,4,3,1,0,0,1,0,0,1
2025/11/13 22:57,clusterA,9,4,3,1,0.27,0.17,1,0,0.17,1
2025/11/13 22:57,clusterB,9,4,3,1,0,0,1,0,0,1
2025/11/13 22:57,clusterA,9,4,3,1,0.27,0.17,1,0,0.17,1
2025/11/13 22:57,clusterB,9,4,3,1,0,0,1,0,0,1
2025/11/13 22:57,clusterA,9,4,3,1,0.28,0.17,1,0,0.17,1
2025/11/13 22:57,clusterB,9,4,3,1,0,0,1,0,0,1
2025/11/13 22:57,clusterA,9,4,3,1,0.27,0.17,1,0,0.17,1
2025/11/13 22:57,clusterB,9,4,3,1,0,0,1,0,0,1
2025/11/13 22:57,clusterA,9,4,3,1,0.26,0.17,1,0,0.17,1
2025/11/13 22:57,clusterB,9,4,3,1,0,0,1,0,0,1
2025/11/13 22:58,clusterA,9,4,3,1,0.26,0.17,1,0,0.17,1
2025/11/13 22:58,clusterB,9,4,3,1,0,0,1,0,0,1
2025/11/13 22:58,clusterA,9,4,3,1,0.26,0.17,1,0,0.17,1
2025/11/13 22:58,clusterB,9,4,3,1,0,0,1,0,0,1
2025/11/13 22:58,clusterA,9,4,3,1,0.26,0.17,1,0,0.17,1
2025/11/13 22:58,clusterB,9,4,3,1,0,0,1,0,0,1
2025/11/13 22:58,clusterA,9,4,3,1,0.26,0.17,1,0,0.17,1
2025/11/13 22:58,clusterB,9,4,3,1,0,0,1,0,0,1
2025/11/13 22:58,clusterA,9,4,3,1,0.26,0.17,1,0,0.17,1
2025/11/13 22:58,clusterB,9,4,3,1,0,0,1,0,0,1
2025/11/13 22:58,clusterA,9,4,3,1,0.25,0.17,1,0,0.17,1
2025/11/13 22:58,clusterB,9,4,3,1,0,0,1,0,0,1
2025/11/13 22:58,clusterA,9,4,3,1,0.26,0.17,1,0,0.17,1
2025/11/13 22:58,clusterB,9,4,3,1,0,0,1,0,0,1
2025/11/13 22:58,clusterA,9,4,3,1,0.27,0.17,1,0,0.17,1
2025/11/13 22:58,clusterB,9,4,3,1,0,0,1,0,0,1
2025/11/13 22:58,clusterA,9,4,3,1,0.25,0.17,1,0,0.17,1
2025/11/13 22:58,clusterB,9,4,3,1,0,0,1,0,0,1
2025/11/13 22:58,clusterA,9,4,3,1,0.23,0.16,1,0,0.16,1
2025/11/13 22:58,clusterB,9,4,3,1,0,0,1,0,0,1
2025/11/13 22:58,clusterA,9,4,1,3,0.21,0.15,1,0,0.15,1
2025/11/13 22:58,clusterB,9,4,3,1,0,0,1,0,0,1
2025/11/13 22:59,clusterA,8,4,3,1,0.19,0.15,1,0,0.15,1
2025/11/13 22:59,clusterB,8,4,3,1,0,0,1,0,0,1
2025/11/13 22:59,clusterA,8,4,3,1,0.21,0.15,1,0,0.15,1
2025/11/13 22:59,clusterB,8,4,3,1,0,0,1,0,0,1
2025/11/13 22:59,clusterA,8,4,3,1,0.22,0.16,1,0,0.16,1
2025/11/13 22:59,clusterB,8,4,3,1,0,0,1,0,0,1
2025/11/13 22:59,clusterA,8,4,3,1,0.25,0.16,1,0,0.16,1
2025/11/13 22:59,clusterB,8,4,3,1,0,0,1,0,0,1
2025/11/13 22:59,clusterA,8,4,3,1,0.25,0.16,1,0,0.16,1
2025/11/13 22:59,clusterB,8,4,3,1,0,0,1,0,0,1
2025/11/13 22:59,clusterA,8,4,3,1,0.27,0.17,1,0,0.17,1
2025/11/13 22:59,clusterB,8,4,3,1,0,0,1,0,0,1
2025/11/13 22:59,clusterA,8,4,3,1,0.28,0.17,1,0,0.17,1
2025/11/13 22:59,clusterB,8,4,3,1,0,0,1,0,0,1
2025/11/13 22:59,clusterA,8,4,3,1,0.28,0.18,1,0,0.18,1
2025/11/13 22:59,clusterB,8,4,3,1,0,0,1,0,0,1
2025/11/13 22:59,clusterA,8,4,3,1,0.29,0.19,1,0,0.19,1
2025/11/13 22:59,clusterB,8,4,3,1,0,0,1,0,0,1
2025/11/13 22:59,clusterA,8,4,3,1,0.33,0.19,1,0,0.19,1
2025/11/13 22:59,clusterB,8,4,3,1,0,0,1,0,0,1
2025/11/13 22:59,clusterA,8,4,3,1,0.36,0.2,1,0,0.2,1
2025/11/13 22:59,clusterB,8,4,3,1,0,0,1,0,0,1
2025/11/13 22:59,clusterA,8,4,3,1,0.38,0.22,1,0,0.22,1
2025/11/13 22:59,clusterB,8,4,3,1,0,0,1,0,0,1
2025/11/13 23:00,clusterA,8,4,3,1,0.41,0.23,1,0,0.23,1
2025/11/13 23:00,clusterB,8,4,3,1,0,0,1,0,0,1
2025/11/13 23:00,clusterA,8,4,3,1,0.44,0.25,1,0,0.25,1
2025/11/13 23:00,clusterB,8,4,3,1,0,0,1,0,0,1
2025/11/13 23:00,clusterA,8,4,3,1,0.43,0.25,1,0,0.25,1
2025/11/13 23:00,clusterB,8,4,3,1,0,0,1,0,0,1
2025/11/13 23:00,clusterA,8,4,3,1,0.44,0.25,1,0,0.25,1
2025/11/13 23:00,clusterB,8,4,3,1,0,0,1,0,0,1
2025/11/13 23:00,clusterA,8,4,3,1,0.43,0.25,1,0,0.25,1
2025/11/13 23:00,clusterB,8,4,3,1,0,0,1,0,0,1
2025/11/13 23:00,clusterA,8,4,3,1,0.43,0.25,1,0,0.25,1
2025/11/13 23:00,clusterB,8,4,3,1,0,0,1,0,0,1
2025/11/13 23:00,clusterA,8,4,3,1,0.44,0.25,1,0,0.25,1
2025/11/13 23:00,clusterB,8,4,3,1,0,0,1,0,0,1
2025/11/13 23:00,clusterA,8,4,3,1,0.45,0.25,1,0,0.25,1
2025/11/13 23:00,clusterB,8,4,3,1,0,0,1,0,0,1
2025/11/13 23:00,clusterA,8,4,3,1,0.45,0.25,1,0,0.25,1
2025/11/13 23:00,clusterB,8,4,3,1,0,0,1,0,0,1
2025/11/13 23:00,clusterA,8,4,3,1,0.45,0.26,1,0,0.26,1
2025/11/13 23:00,clusterB,8,4,3,1,0,0,1,0,0,1
2025/11/13 23:00,clusterA,8,4,3,1,0.45,0.26,1,0,0.26,1
2025/11/13 23:00,clusterB,8,4,3,1,0,0,1,0,0,1
2025/11/13 23:00,clusterA,8,4,3,1,0.45,0.26,1,0,0.26,1
2025/11/13 23:00,clusterB,8,4,3,1,0,0,1,0,0,1
2025/11/13 23:01,clusterA,9,4,3,1,0.45,0.26,1,0,0.26,1
2025/11/13 23:01,clusterB,9,4,3,1,0,0,1,0,0,1
2025/11/13 23:01,clusterA,9,4,3,1,0.45,0.26,1,0,0.26,1
2025/11/13 23:01,clusterB,9,4,3,1,0,0,1,0,0,1
2025/11/13 23:01,clusterA,9,4,3,1,0.46,0.26,1,0,0.26,1
2025/11/13 23:01,clusterB,9,4,3,1,0,0,1,0,0,1
2025/11/13 23:01,clusterA,9,4,3,1,0.47,0.26,1,0,0.26,1
2025/11/13 23:01,clusterB,9,4,3,1,0,0,1,0,0,1
2025/11/13 23:01,clusterA,9,4,3,1,0.45,0.25,1,0,0.25,1
2025/11/13 23:01,clusterB,9,4,3,1,0,0,1,0,0,1
2025/11/13 23:01,clusterA,9,4,3,1,0.45,0.25,1,0,0.25,1
2025/11/13 23:01,clusterB,9,4,3,1,0,0,1,0,0,1
2025/11/13 23:01,clusterA,9,4,3,1,0.45,0.25,1,0,0.25,1
2025/11/13 23:01,clusterB,9,4,3,1,0,0,1,0,0,1
2025/11/13 23:01,clusterA,9,4,3,1,0.41,0.24,1,0,0.24,1
2025/11/13 23:01,clusterB,9,4,3,1,0,0,1,0,0,1
2025/11/13 23:01,clusterA,9,4,3,1,0.41,0.24,1,0,0.24,1
2025/11/13 23:01,clusterB,9,4,3,1,0,0,1,0,0,1
2025/11/13 23:01,clusterA,9,4,3,1,0.41,0.24,1,0,0.24,1
2025/11/13 23:01,clusterB,9,4,3,1,0,0,1,0,0,1
2025/11/13 23:01,clusterA,9,4,3,1,0.41,0.24,1,0,0.24,1
2025/11/13 23:01,clusterB,9,4,3,1,0,0,1,0,0,1
2025/11/13 23:01,clusterA,9,4,3,1,0.42,0.24,1,0,0.24,1
2025/11/13 23:01,clusterB,9,4,3,1,0,0,1,0,0,1
2025/11/13 23:02,clusterA,10,4,3,1,0.43,0.23,1,0,0.23,1
2025/11/13 23:02,clusterB,10,4,3,1,0,0,1,0,0,1
2025/11/13 23:02,clusterA,10,4,3,1,0.4,0.23,1,0,0.23,1
2025/11/13 23:02,clusterB,10,4,3,1,0,0,1,0,0,1
2025/11/13 23:02,clusterA,10,4,3,1,0.4,0.23,1,0,0.23,1
2025/11/13 23:02,clusterB,10,4,3,1,0,0,1,0,0,1
2025/11/13 23:02,clusterA,10,4,3,1,0.4,0.23,1,0,0.23,1
2025/11/13 23:02,clusterB,10,4,3,1,0,0,1,0,0,1
2025/11/13 23:02,clusterA,10,4,3,1,0.41,0.24,1,0,0.24,1
2025/11/13 23:02,clusterB,10,4,3,1,0,0,1,0,0,1
2025/11/13 23:02,clusterA,10,4,3,1,0.4,0.24,1,0,0.24,1
2025/11/13 23:02,clusterB,10,4,3,1,0,0,1,0,0,1
2025/11/13 23:02,clusterA,10,4,3,1,0.39,0.24,1,0,0.24,1
2025/11/13 23:02,clusterB,10,4,3,1,0,0,1,0,0,1
2025/11/13 23:02,clusterA,10,4,3,1,0.42,0.25,1,0,0.25,1
2025/11/13 23:02,clusterB,10,4,3,1,0,0,1,0,0,1
2025/11/13 23:02,clusterA,10,4,3,1,0.43,0.25,1,0,0.25,1
2025/11/13 23:02,clusterB,10,4,3,1,0,0,1,0,0,1
2025/11/13 23:02,clusterA,10,4,3,1,0.44,0.25,1,0,0.25,1
2025/11/13 23:02,clusterB,10,4,3,1,0,0,1,0,0,1
2025/11/13 23:02,clusterA,10,4,3,1,0.43,0.25,1,0,0.25,1
2025/11/13 23:02,clusterB,10,4,3,1,0,0,1,0,0,1
2025/11/13 23:02,clusterA,10,4,3,1,0.42,0.26,1,0,0.26,1
2025/11/13 23:02,clusterB,10,4,3,1,0,0,1,0,0,1
2025/11/13 23:03,clusterA,10,4,3,1,0.42,0.26,1,0,0.26,1
2025/11/13 23:03,clusterB,10,4,3,1,0,0,1,0,0,1
2025/11/13 23:03,clusterA,10,4,3,1,0.45,0.26,1,0,0.26,1
2025/11/13 23:03,clusterB,10,4,3,1,0,0,1,0,0,1
2025/11/13 23:03,clusterA,10,4,3,1,0.45,0.26,1,0,0.26,1
2025/11/13 23:03,clusterB,10,4,3,1,0,0,1,0,0,1
2025/11/13 23:03,clusterA,10,4,3,1,0.45,0.26,1,0,0.26,1
2025/11/13 23:03,clusterB,10,4,3,1,0,0,1,0,0,1
2025/11/13 23:03,clusterA,10,4,3,1,0.45,0.26,1,0,0.26,1
2025/11/13 23:03,clusterB,10,4,3,1,0,0,1,0,0,1
2025/11/13 23:03,clusterA,10,4,3,1,0.46,0.26,1,0,0.26,1
2025/11/13 23:03,clusterB,10,4,3,1,0,0,1,0,0,1
2025/11/13 23:03,clusterA,10,4,3,1,0.47,0.26,1,0,0.26,1
2025/11/13 23:03,clusterB,10,4,3,1,0,0,1,0,0,1
2025/11/13 23:03,clusterA,10,4,3,1,0.47,0.26,1,0,0.26,1
2025/11/13 23:03,clusterB,10,4,3,1,0,0,1,0,0,1
2025/11/13 23:03,clusterA,10,4,3,1,0.46,0.26,1,0,0.26,1
2025/11/13 23:03,clusterB,10,4,3,1,0,0,1,0,0,1
2025/11/13 23:03,clusterA,10,4,3,1,0.46,0.26,1,0,0.26,1
2025/11/13 23:03,clusterB,10,4,3,1,0,0,1,0,0,1
2025/11/13 23:03,clusterA,10,4,3,1,0.46,0.26,1,0,0.26,1
2025/11/13 23:03,clusterB,10,4,3,1,0,0,1,0,0,1
2025/11/13 23:03,clusterA,10,4,3,1,0.46,0.26,1,0,0.26,1
2025/11/13 23:03,clusterB,10,4,3,1,0,0,1,0,0,1
2025/11/13 23:04,clusterA,10,4,3,1,0.46,0.26,1,0,0.26,1
2025/11/13 23:04,clusterB,10,4,3,1,0,0,1,0,0,1
2025/11/13 23:04,clusterA,10,4,3,1,0.46,0.26,1,0,0.26,1
2025/11/13 23:04,clusterB,10,4,3,1,0,0,1,0,0,1
2025/11/13 23:04,clusterA,10,4,3,1,0.45,0.25,1,0,0.25,1
2025/11/13 23:04,clusterB,10,4,3,1,0,0,1,0,0,1
2025/11/13 23:04,clusterA,10,4,3,1,0.45,0.25,1,0,0.25,1
2025/11/13 23:04,clusterB,10,4,3,1,0,0,1,0,0,1
2025/11/13 23:04,clusterA,10,4,3,1,0.43,0.25,1,0,0.25,1
2025/11/13 23:04,clusterB,10,4,3,1,0,0,1,0,0,1
2025/11/13 23:04,clusterA,10,4,3,1,0.42,0.25,1,0,0.25,1
2025/11/13 23:04,clusterB,10,4,3,1,0,0,1,0,0,1
2025/11/13 23:04,clusterA,10,4,3,1,0.42,0.25,1,0,0.25,1
2025/11/13 23:04,clusterB,10,4,3,1,0,0,1,0,0,1
2025/11/13 23:04,clusterA,10,4,3,1,0.42,0.25,1,0,0.25,1
2025/11/13 23:04,clusterB,10,4,3,1,0,0,1,0,0,1
2025/11/13 23:04,clusterA,10,4,3,1,0.42,0.25,1,0,0.25,1
2025/11/13 23:04,clusterB,10,4,3,1,0,0,1,0,0,1
2025/11/13 23:04,clusterA,10,4,3,1,0.43,0.25,1,0,0.25,1
2025/11/13 23:04,clusterB,10,4,3,1,0,0,1,0,0,1
2025/11/13 23:04,clusterA,10,4,3,1,0.43,0.25,1,0,0.25,1
2025/11/13 23:04,clusterB,10,4,3,1,0,0,1,0,0,1
2025/11/13 23:04,clusterA,10,4,3,1,0.44,0.26,1,0,0.26,1
2025/11/13 23:04,clusterB,10,4,3,1,0,0,1,0,0,1
2025/11/13 23:05,clusterA,10,4,3,1,0.44,0.26,1,0,0.26,1
2025/11/13 23:05,clusterB,10,4,3,1,0,0,1,0,0,1
2025/11/13 23:05,clusterA,10,4,3,1,0.44,0.26,1,0,0.26,1
2025/11/13 23:05,clusterB,10,4,3,1,0,0,1,0,0,1
2025/11/13 23:05,clusterA,10,4,3,1,0.41,0.26,1,0,0.26,1
2025/11/13 23:05,clusterB,10,4,3,1,0,0,1,0,0,1
2025/11/13 23:05,clusterA,10,4,3,1,0.38,0.26,1,0,0.26,1
2025/11/13 23:05,clusterB,10,4,3,1,0,0,1,0,0,1
2025/11/13 23:05,clusterA,10,4,3,1,0.41,0.26,1,0,0.26,1
2025/11/13 23:05,clusterB,10,4,3,1,0,0,1,0,0,1
2025/11/13 23:05,clusterA,10,4,3,1,0.42,0.26,1,0,0.26,1
2025/11/13 23:05,clusterB,10,4,3,1,0,0,1,0,0,1
2025/11/13 23:05,clusterA,10,4,3,1,0.42,0.26,1,0,0.26,1
2025/11/13 23:05,clusterB,10,4,3,1,0,0,1,0,0,1
2025/11/13 23:05,clusterA,10,4,3,1,0.42,0.26,1,0,0.26,1
2025/11/13 23:05,clusterB,10,4,3,1,0,0,1,0,0,1
2025/11/13 23:05,clusterA,10,4,3,1,0.41,0.26,1,0,0.26,1
2025/11/13 23:05,clusterB,10,4,3,1,0,0,1,0,0,1
2025/11/13 23:05,clusterA,10,4,3,1,0.42,0.26,1,0,0.26,1
2025/11/13 23:05,clusterB,10,4,3,1,0,0,1,0,0,1
2025/11/13 23:05,clusterA,10,4,3,1,0.42,0.26,1,0,0.26,1
2025/11/13 23:05,clusterB,10,4,3,1,0,0,1,0,0,1
2025/11/13 23:05,clusterA,10,4,3,1,0.41,0.26,1,0,0.26,1
2025/11/13 23:05,clusterB,10,4,3,1,0,0,1,0,0,1
2025/11/13 23:06,clusterA,10,4,3,1,0.41,0.25,1,0,0.25,1
2025/11/13 23:06,clusterB,10,4,3,1,0,0,1,0,0,1
2025/11/13 23:06,clusterA,10,4,3,1,0.39,0.25,1,0,0.25,1
2025/11/13 23:06,clusterB,10,4,3,1,0,0,1,0,0,1
2025/11/13 23:06,clusterA,10,4,3,1,0.42,0.25,1,0,0.25,1
2025/11/13 23:06,clusterB,10,4,3,1,0,0,1,0,0,1
2025/11/13 23:06,clusterA,10,4,3,1,0.46,0.25,1,0,0.25,1
2025/11/13 23:06,clusterB,10,4,3,1,0,0,1,0,0,1
2025/11/13 23:06,clusterA,10,4,3,1,0.45,0.25,1,0,0.25,1
2025/11/13 23:06,clusterB,10,4,3,1,0,0,1,0,0,1
2025/11/13 23:06,clusterA,10,4,3,1,0.45,0.25,1,0,0.25,1
2025/11/13 23:06,clusterB,10,4,3,1,0,0,1,0,0,1
2025/11/13 23:06,clusterA,10,4,3,1,0.44,0.25,1,0,0.25,1
2025/11/13 23:06,clusterB,10,4,3,1,0,0,1,0,0,1
2025/11/13 23:06,clusterA,10,4,3,1,0.44,0.25,1,0,0.25,1
2025/11/13 23:06,clusterB,10,4,3,1,0,0,1,0,0,1
2025/11/13 23:06,clusterA,10,4,3,1,0.44,0.25,1,0,0.25,1
2025/11/13 23:06,clusterB,10,4,3,1,0,0,1,0,0,1
2025/11/13 23:06,clusterA,10,4,3,1,0.43,0.25,1,0,0.25,1
2025/11/13 23:06,clusterB,10,4,3,1,0,0,1,0,0,1
2025/11/13 23:06,clusterA,10,4,3,1,0.44,0.25,1,0,0.25,1
2025/11/13 23:06,clusterB,10,4,3,1,0,0,1,0,0,1
2025/11/13 23:06,clusterA,10,4,3,1,0.44,0.26,1,0,0.26,1
2025/11/13 23:06,clusterB,10,4,3,1,0,0,1,0,0,1
2025/11/13 23:07,clusterA,10,4,3,1,0.44,0.26,1,0,0.26,1
2025/11/13 23:07,clusterB,10,4,3,1,0,0,1,0,0,1
2025/11/13 23:07,clusterA,10,4,3,1,0.45,0.26,1,0,0.26,1
2025/11/13 23:07,clusterB,10,4,3,1,0,0,1,0,0,1
2025/11/13 23:07,clusterA,10,4,3,1,0.45,0.26,1,0,0.26,1
2025/11/13 23:07,clusterB,10,4,3,1,0,0,1,0,0,1
2025/11/13 23:07,clusterA,10,4,3,1,0.45,0.26,1,0,0.26,1
2025/11/13 23:07,clusterB,10,4,3,1,0,0,1,0,0,1
2025/11/13 23:07,clusterA,10,4,3,1,0.44,0.26,1,0,0.26,1
2025/11/13 23:07,clusterB,10,4,3,1,0,0,1,0,0,1
2025/11/13 23:07,clusterA,10,4,3,1,0.44,0.26,1,0,0.26,1
2025/11/13 23:07,clusterB,10,4,3,1,0,0,1,0,0,1
2025/11/13 23:07,clusterA,10,4,3,1,0.43,0.26,1,0,0.26,1
2025/11/13 23:07,clusterB,10,4,3,1,0,0,1,0,0,1
2025/11/13 23:07,clusterA,10,4,3,1,0.43,0.26,1,0,0.26,1
2025/11/13 23:07,clusterB,10,4,3,1,0,0,1,0,0,1
2025/11/13 23:07,clusterA,10,4,3,1,0.42,0.26,1,0,0.26,1
2025/11/13 23:07,clusterB,10,4,3,1,0,0,1,0,0,1
2025/11/13 23:07,clusterA,10,4,3,1,0.42,0.26,1,0,0.26,1
2025/11/13 23:07,clusterB,10,4,3,1,0,0,1,0,0,1
2025/11/13 23:07,clusterA,10,4,3,1,0.42,0.26,1,0,0.26,1
2025/11/13 23:07,clusterB,10,4,3,1,0,0,1,0,0,1
2025/11/13 23:07,clusterA,10,4,3,1,0.41,0.26,1,0,0.26,1
2025/11/13 23:07,clusterB,10,4,3,1,0,0,1,0,0,1
2025/11/13 23:08,clusterA,10,4,3,1,0.4,0.25,1,0,0.25,1
2025/11/13 23:08,clusterB,10,4,3,1,0,0,1,0,0,1
2025/11/13 23:08,clusterA,10,4,3,1,0.41,0.25,1,0,0.25,1
2025/11/13 23:08,clusterB,10,4,3,1,0,0,1,0,0,1
2025/11/13 23:08,clusterA,10,4,3,1,0.41,0.25,1,0,0.25,1
2025/11/13 23:08,clusterB,10,4,3,1,0,0,1,0,0,1
2025/11/13 23:08,clusterA,10,4,3,1,0.42,0.25,1,0,0.25,1
2025/11/13 23:08,clusterB,10,4,3,1,0,0,1,0,0,1
2025/11/13 23:08,clusterA,10,4,3,1,0.4,0.25,1,0,0.25,1
2025/11/13 23:08,clusterB,10,4,3,1,0,0,1,0,0,1
2025/11/13 23:08,clusterA,10,4,3,1,0.4,0.25,1,0,0.25,1
2025/11/13 23:08,clusterB,10,4,3,1,0,0,1,0,0,1
2025/11/13 23:08,clusterA,10,4,3,1,0.41,0.25,1,0,0.25,1
2025/11/13 23:08,clusterB,10,4,3,1,0,0,1,0,0,1
2025/11/13 23:08,clusterA,10,4,3,1,0.41,0.25,1,0,0.25,1
2025/11/13 23:08,clusterB,10,4,3,1,0,0,1,0,0,1
2025/11/13 23:08,clusterA,10,4,3,1,0.42,0.25,1,0,0.25,1
2025/11/13 23:08,clusterB,10,4,3,1,0,0,1,0,0,1
2025/11/13 23:08,clusterA,10,4,3,1,0.42,0.25,1,0,0.25,1
2025/11/13 23:08,clusterB,10,4,3,1,0,0,1,0,0,1
2025/11/13 23:08,clusterA,10,4,3,1,0.42,0.25,1,0,0.25,1
2025/11/13 23:08,clusterB,10,4,3,1,0,0,1,0,0,1
2025/11/13 23:08,clusterA,10,4,3,1,0.42,0.25,1,0,0.25,1
2025/11/13 23:08,clusterB,10,4,3,1,0,0,1,0,0,1
2025/11/13 23:09,clusterA,10,4,3,1,0.4,0.24,1,0,0.24,1
2025/11/13 23:09,clusterB,10,4,3,1,0,0,1,0,0,1
2025/11/13 23:09,clusterA,10,4,3,1,0.41,0.24,1,0,0.24,1
2025/11/13 23:09,clusterB,10,4,3,1,0,0,1,0,0,1
2025/11/13 23:09,clusterA,10,4,3,1,0.4,0.24,1,0,0.24,1
2025/11/13 23:09,clusterB,10,4,3,1,0,0,1,0,0,1
2025/11/13 23:09,clusterA,10,4,3,1,0.41,0.24,1,0,0.24,1
2025/11/13 23:09,clusterB,10,4,3,1,0,0,1,0,0,1
2025/11/13 23:09,clusterA,10,4,3,1,0.41,0.24,1,0,0.24,1
2025/11/13 23:09,clusterB,10,4,3,1,0,0,1,0,0,1
2025/11/13 23:09,clusterA,10,4,3,1,0.44,0.24,1,0,0.24,1
2025/11/13 23:09,clusterB,10,4,3,1,0,0,1,0,0,1
2025/11/13 23:09,clusterA,10,4,3,1,0.44,0.24,1,0,0.24,1
2025/11/13 23:09,clusterB,10,4,3,1,0,0,1,0,0,1
2025/11/13 23:09,clusterA,10,4,3,1,0.44,0.24,1,0,0.24,1
2025/11/13 23:09,clusterB,10,4,3,1,0,0,1,0,0,1
2025/11/13 23:09,clusterA,10,4,3,1,0.44,0.24,1,0,0.24,1
2025/11/13 23:09,clusterB,10,4,3,1,0,0,1,0,0,1
2025/11/13 23:09,clusterA,10,4,3,1,0.44,0.24,1,0,0.24,1
2025/11/13 23:09,clusterB,10,4,3,1,0,0,1,0,0,1
2025/11/13 23:09,clusterA,10,4,3,1,0.43,0.23,1,0,0.23,1
2025/11/13 23:09,clusterB,10,4,3,1,0,0,1,0,0,1
2025/11/13 23:09,clusterA,10,4,3,1,0.43,0.24,1,0,0.24,1
2025/11/13 23:09,clusterB,10,4,3,1,0,0,1,0,0,1
2025/11/13 23:10,clusterA,10,4,3,1,0.45,0.25,1,0,0.25,1
2025/11/13 23:10,clusterB,10,4,3,1,0,0,1,0,0,1
2025/11/13 23:10,clusterA,10,4,3,1,0.45,0.25,1,0,0.25,1
2025/11/13 23:10,clusterB,10,4,3,1,0,0,1,0,0,1
2025/11/13 23:10,clusterA,10,4,3,1,0.46,0.25,1,0,0.25,1
2025/11/13 23:10,clusterB,10,4,3,1,0,0,1,0,0,1
2025/11/13 23:10,clusterA,10,4,3,1,0.45,0.25,1,0,0.25,1
2025/11/13 23:10,clusterB,10,4,3,1,0,0,1,0,0,1
2025/11/13 23:10,clusterA,10,4,3,1,0.43,0.24,1,0,0.24,1
2025/11/13 23:10,clusterB,10,4,3,1,0,0,1,0,0,1
2025/11/13 23:10,clusterA,10,4,3,1,0.41,0.24,1,0,0.24,1
2025/11/13 23:10,clusterB,10,4,3,1,0,0,1,0,0,1
2025/11/13 23:10,clusterA,10,4,3,1,0.42,0.25,1,0,0.25,1
2025/11/13 23:10,clusterB,10,4,3,1,0,0,1,0,0,1
2025/11/13 23:10,clusterA,10,4,3,1,0.41,0.25,1,0,0.25,1
2025/11/13 23:10,clusterB,10,4,3,1,0,0,1,0,0,1
2025/11/13 23:10,clusterA,10,4,3,1,0.4,0.25,1,0,0.25,1
2025/11/13 23:10,clusterB,10,4,3,1,0,0,1,0,0,1
2025/11/13 23:10,clusterA,10,4,3,1,0.41,0.25,1,0,0.25,1
2025/11/13 23:10,clusterB,10,4,3,1,0,0,1,0,0,1
2025/11/13 23:10,clusterA,10,4,3,1,0.41,0.25,1,0,0.25,1
2025/11/13 23:10,clusterB,10,4,3,1,0,0,1,0,0,1
2025/11/13 23:10,clusterA,10,4,3,1,0.42,0.26,1,0,0.26,1
2025/11/13 23:10,clusterB,10,4,3,1,0,0,1,0,0,1
2025/11/13 23:11,clusterA,10,4,3,1,0.43,0.26,1,0,0.26,1
2025/11/13 23:11,clusterB,10,4,3,1,0,0,1,0,0,1
2025/11/13 23:11,clusterA,10,4,3,1,0.43,0.26,1,0,0.26,1
2025/11/13 23:11,clusterB,10,4,3,1,0,0,1,0,0,1
2025/11/13 23:11,clusterA,10,4,3,1,0.42,0.26,1,0,0.26,1
2025/11/13 23:11,clusterB,10,4,3,1,0,0,1,0,0,1
2025/11/13 23:11,clusterA,10,4,3,1,0.42,0.27,1,0,0.27,1
2025/11/13 23:11,clusterB,10,4,3,1,0,0,1,0,0,1
2025/11/13 23:11,clusterA,10,4,3,1,0.43,0.27,1,0,0.27,1
2025/11/13 23:11,clusterB,10,4,3,1,0,0,1,0,0,1
2025/11/13 23:11,clusterA,10,4,3,1,0.45,0.27,1,0,0.27,1
2025/11/13 23:11,clusterB,10,4,3,1,0,0,1,0,0,1
2025/11/13 23:11,clusterA,10,4,3,1,0.45,0.26,1,0,0.26,1
2025/11/13 23:11,clusterB,10,4,3,1,0,0,1,0,0,1
2025/11/13 23:11,clusterA,10,4,3,1,0.46,0.26,1,0,0.26,1
2025/11/13 23:11,clusterB,10,4,3,1,0,0,1,0,0,1
2025/11/13 23:11,clusterA,10,4,3,1,0.44,0.26,1,0,0.26,1
2025/11/13 23:11,clusterB,10,4,3,1,0,0,1,0,0,1
2025/11/13 23:11,clusterA,10,4,3,1,0.44,0.26,1,0,0.26,1
2025/11/13 23:11,clusterB,10,4,3,1,0,0,1,0,0,1
2025/11/13 23:11,clusterA,10,4,3,1,0.44,0.26,1,0,0.26,1
2025/11/13 23:11,clusterB,10,4,3,1,0,0,1,0,0,1
2025/11/13 23:11,clusterA,10,4,3,1,0.43,0.26,1,0,0.26,1
2025/11/13 23:11,clusterB,10,4,3,1,0,0,1,0,0,1
2025/11/13 23:12,clusterA,10,4,3,1,0.43,0.26,1,0,0.26,1
2025/11/13 23:12,clusterB,10,4,3,1,0,0,1,0,0,1
2025/11/13 23:12,clusterA,10,4,3,1,0.43,0.26,1,0,0.26,1
2025/11/13 23:12,clusterB,10,4,3,1,0,0,1,0,0,1
2025/11/13 23:12,clusterA,10,4,3,1,0.44,0.26,1,0,0.26,1
2025/11/13 23:12,clusterB,10,4,3,1,0,0,1,0,0,1
2025/11/13 23:12,clusterA,10,4,3,1,0.44,0.25,1,0,0.25,1
2025/11/13 23:12,clusterB,10,4,3,1,0,0,1,0,0,1
2025/11/13 23:12,clusterA,10,4,3,1,0.44,0.25,1,0,0.25,1
2025/11/13 23:12,clusterB,10,4,3,1,0,0,1,0,0,1
2025/11/13 23:12,clusterA,10,4,3,1,0.44,0.25,1,0,0.25,1
2025/11/13 23:12,clusterB,10,4,3,1,0,0,1,0,0,1
2025/11/13 23:12,clusterA,10,4,3,1,0.43,0.25,1,0,0.25,1
2025/11/13 23:12,clusterB,10,4,3,1,0,0,1,0,0,1
2025/11/13 23:12,clusterA,10,4,3,1,0.42,0.26,1,0,0.26,1
2025/11/13 23:12,clusterB,10,4,3,1,0,0,1,0,0,1
2025/11/13 23:12,clusterA,10,4,3,1,0.44,0.26,1,0,0.26,1
2025/11/13 23:12,clusterB,10,4,3,1,0,0,1,0,0,1
2025/11/13 23:12,clusterA,10,4,3,1,0.43,0.25,1,0,0.25,1
2025/11/13 23:12,clusterB,10,4,3,1,0,0,1,0,0,1
2025/11/13 23:12,clusterA,10,4,3,1,0.42,0.25,1,0,0.25,1
2025/11/13 23:12,clusterB,10,4,3,1,0,0,1,0,0,1
2025/11/13 23:12,clusterA,10,4,3,1,0.42,0.25,1,0,0.25,1
2025/11/13 23:12,clusterB,10,4,3,1,0,0,1,0,0,1
2025/11/13 23:13,clusterA,10,4,3,1,0.43,0.25,1,0,0.25,1
2025/11/13 23:13,clusterB,10,4,3,1,0,0,1,0,0,1
2025/11/13 23:13,clusterA,10,4,3,1,0.43,0.25,1,0,0.25,1
2025/11/13 23:13,clusterB,10,4,3,1,0,0,1,0,0,1
2025/11/13 23:13,clusterA,10,4,3,1,0.42,0.25,1,0,0.25,1
2025/11/13 23:13,clusterB,10,4,3,1,0,0,1,0,0,1
2025/11/13 23:13,clusterA,10,4,3,1,0.42,0.26,1,0,0.26,1
2025/11/13 23:13,clusterB,10,4,3,1,0,0,1,0,0,1
2025/11/13 23:13,clusterA,10,4,3,1,0.43,0.26,1,0,0.26,1
2025/11/13 23:13,clusterB,10,4,3,1,0,0,1,0,0,1
2025/11/13 23:13,clusterA,10,4,3,1,0.44,0.26,1,0,0.26,1
2025/11/13 23:13,clusterB,10,4,3,1,0,0,1,0,0,1
2025/11/13 23:13,clusterA,10,4,3,1,0.44,0.26,1,0,0.26,1
2025/11/13 23:13,clusterB,10,4,3,1,0,0,1,0,0,1
2025/11/13 23:13,clusterA,10,4,3,1,0.44,0.26,1,0,0.26,1
2025/11/13 23:13,clusterB,10,4,3,1,0,0,1,0,0,1
2025/11/13 23:13,clusterA,10,4,3,1,0.42,0.25,1,0,0.25,1
2025/11/13 23:13,clusterB,10,4,3,1,0,0,1,0,0,1
2025/11/13 23:13,clusterA,10,4,3,1,0.42,0.25,1,0,0.25,1
2025/11/13 23:13,clusterB,10,4,3,1,0,0,1,0,0,1
2025/11/13 23:13,clusterA,10,4,3,1,0.43,0.26,1,0,0.26,1
2025/11/13 23:13,clusterB,10,4,3,1,0,0,1,0,0,1
2025/11/13 23:13,clusterA,10,4,3,1,0.43,0.26,1,0,0.26,1
2025/11/13 23:13,clusterB,10,4,3,1,0,0,1,0,0,1
2025/11/13 23:14,clusterA,10,4,3,1,0.44,0.26,1,0,0.26,1
2025/11/13 23:14,clusterB,10,4,3,1,0,0,1,0,0,1
2025/11/13 23:14,clusterA,10,4,3,1,0.43,0.26,1,0,0.26,1
2025/11/13 23:14,clusterB,10,4,3,1,0,0,1,0,0,1
2025/11/13 23:14,clusterA,10,4,3,1,0.43,0.26,1,0,0.26,1
2025/11/13 23:14,clusterB,10,4,3,1,0,0,1,0,0,1
2025/11/13 23:14,clusterA,10,4,3,1,0.44,0.26,1,0,0.26,1
2025/11/13 23:14,clusterB,10,4,3,1,0,0,1,0,0,1
2025/11/13 23:14,clusterA,10,4,3,1,0.44,0.26,1,0,0.26,1
2025/11/13 23:14,clusterB,10,4,3,1,0,0,1,0,0,1
2025/11/13 23:14,clusterA,10,4,3,1,0.43,0.26,1,0,0.26,1
2025/11/13 23:14,clusterB,10,4,3,1,0,0,1,0,0,1
2025/11/13 23:14,clusterA,10,4,3,1,0.43,0.26,1,0,0.26,1
2025/11/13 23:14,clusterB,10,4,3,1,0,0,1,0,0,1
2025/11/13 23:14,clusterA,10,4,3,1,0.42,0.26,1,0,0.26,1
2025/11/13 23:14,clusterB,10,4,3,1,0,0,1,0,0,1
2025/11/13 23:14,clusterA,10,4,3,1,0.43,0.26,1,0,0.26,1
2025/11/13 23:14,clusterB,10,4,3,1,0,0,1,0,0,1
2025/11/13 23:14,clusterA,10,4,3,1,0.42,0.26,1,0,0.26,1
2025/11/13 23:14,clusterB,10,4,3,1,0,0,1,0,0,1
2025/11/13 23:14,clusterA,10,4,3,1,0.42,0.25,1,0,0.25,1
2025/11/13 23:14,clusterB,10,4,3,1,0,0,1,0,0,1
2025/11/13 23:14,clusterA,10,4,3,1,0.42,0.25,1,0,0.25,1
2025/11/13 23:14,clusterB,10,4,3,1,0,0,1,0,0,1
2025/11/13 23:15,clusterA,10,4,3,1,0.41,0.25,1,0,0.25,1
2025/11/13 23:15,clusterB,10,4,3,1,0,0,1,0,0,1
2025/11/13 23:15,clusterA,10,4,3,1,0.41,0.25,1,0,0.25,1
2025/11/13 23:15,clusterB,10,4,3,1,0,0,1,0,0,1
2025/11/13 23:15,clusterA,10,4,3,1,0.37,0.24,1,0,0.24,1
2025/11/13 23:15,clusterB,10,4,3,1,0,0,1,0,0,1
2025/11/13 23:15,clusterA,10,4,3,1,0.37,0.24,1,0,0.24,1
2025/11/13 23:15,clusterB,10,4,3,1,0,0,1,0,0,1
2025/11/13 23:15,clusterA,10,4,3,1,0.36,0.24,1,0,0.24,1
2025/11/13 23:15,clusterB,10,4,3,1,0,0,1,0,0,1
2025/11/13 23:15,clusterA,10,4,3,1,0.36,0.24,1,0,0.24,1
2025/11/13 23:15,clusterB,10,4,3,1,0,0,1,0,0,1
2025/11/13 23:15,clusterA,10,4,3,1,0.37,0.24,1,0,0.24,1
2025/11/13 23:15,clusterB,10,4,3,1,0,0,1,0,0,1
2025/11/13 23:15,clusterA,10,4,3,1,0.35,0.24,1,0,0.24,1
2025/11/13 23:15,clusterB,10,4,3,1,0,0,1,0,0,1
2025/11/13 23:15,clusterA,10,4,3,1,0.37,0.24,1,0,0.24,1
2025/11/13 23:15,clusterB,10,4,3,1,0,0,1,0,0,1
2025/11/13 23:15,clusterA,10,4,3,1,0.38,0.24,1,0,0.24,1
2025/11/13 23:15,clusterB,10,4,3,1,0,0,1,0,0,1
2025/11/13 23:15,clusterA,10,4,3,1,0.38,0.24,1,0,0.24,1
2025/11/13 23:15,clusterB,10,4,3,1,0,0,1,0,0,1
2025/11/13 23:15,clusterA,10,4,3,1,0.38,0.24,1,0,0.24,1
2025/11/13 23:15,clusterB,10,4,3,1,0,0,1,0,0,1
2025/11/13 23:16,clusterA,10,4,3,1,0.38,0.24,1,0,0.24,1
2025/11/13 23:16,clusterB,10,4,3,1,0,0,1,0,0,1
2025/11/13 23:16,clusterA,10,4,3,1,0.39,0.25,1,0,0.25,1
2025/11/13 23:16,clusterB,10,4,3,1,0,0,1,0,0,1
2025/11/13 23:16,clusterA,10,4,3,1,0.42,0.26,1,0,0.26,1
2025/11/13 23:16,clusterB,10,4,3,1,0,0,1,0,0,1
2025/11/13 23:16,clusterA,10,4,3,1,0.42,0.26,1,0,0.26,1
2025/11/13 23:16,clusterB,10,4,3,1,0,0,1,0,0,1
2025/11/13 23:16,clusterA,10,4,3,1,0.43,0.26,1,0,0.26,1
2025/11/13 23:16,clusterB,10,4,3,1,0,0,1,0,0,1
2025/11/13 23:16,clusterA,10,4,3,1,0.43,0.25,1,0,0.25,1
2025/11/13 23:16,clusterB,10,4,3,1,0,0,1,0,0,1
2025/11/13 23:16,clusterA,10,4,3,1,0.43,0.25,1,0,0.25,1
2025/11/13 23:16,clusterB,10,4,3,1,0,0,1,0,0,1
2025/11/13 23:16,clusterA,10,4,3,1,0.45,0.25,1,0,0.25,1
2025/11/13 23:16,clusterB,10,4,3,1,0,0,1,0,0,1
2025/11/13 23:16,clusterA,10,4,3,1,0.43,0.25,1,0,0.25,1
2025/11/13 23:16,clusterB,10,4,3,1,0,0,1,0,0,1
2025/11/13 23:16,clusterA,10,4,3,1,0.43,0.25,1,0,0.25,1
2025/11/13 23:16,clusterB,10,4,3,1,0,0,1,0,0,1
2025/11/13 23:16,clusterA,10,4,3,1,0.42,0.25,1,0,0.25,1
2025/11/13 23:16,clusterB,10,4,3,1,0,0,1,0,0,1
2025/11/13 23:16,clusterA,10,4,3,1,0.42,0.25,1,0,0.25,1
2025/11/13 23:16,clusterB,10,4,3,1,0,0,1,0,0,1
2025/11/13 23:17,clusterA,10,4,3,1,0.41,0.25,1,0,0.25,1
2025/11/13 23:17,clusterB,10,4,3,1,0,0,1,0,0,1
2025/11/13 23:17,clusterA,10,4,3,1,0.42,0.25,1,0,0.25,1
2025/11/13 23:17,clusterB,10,4,3,1,0,0,1,0,0,1
2025/11/13 23:17,clusterA,10,4,3,1,0.43,0.25,1,0,0.25,1
2025/11/13 23:17,clusterB,10,4,3,1,0,0,1,0,0,1
2025/11/13 23:17,clusterA,10,4,3,1,0.42,0.24,1,0,0.24,1
2025/11/13 23:17,clusterB,10,4,3,1,0,0,1,0,0,1
2025/11/13 23:17,clusterA,10,4,3,1,0.42,0.24,1,0,0.24,1
2025/11/13 23:17,clusterB,10,4,3,1,0,0,1,0,0,1
2025/11/13 23:17,clusterA,10,4,3,1,0.41,0.24,1,0,0.24,1
2025/11/13 23:17,clusterB,10,4,3,1,0,0,1,0,0,1
2025/11/13 23:17,clusterA,10,4,3,1,0.38,0.24,1,0,0.24,1
2025/11/13 23:17,clusterB,10,4,3,1,0,0,1,0,0,1
2025/11/13 23:17,clusterA,10,4,3,1,0.38,0.25,1,0,0.25,1
2025/11/13 23:17,clusterB,10,4,3,1,0,0,1,0,0,1
2025/11/13 23:17,clusterA,10,4,3,1,0.39,0.24,1,0,0.24,1
2025/11/13 23:17,clusterB,10,4,3,1,0,0,1,0,0,1
2025/11/13 23:17,clusterA,10,4,3,1,0.39,0.24,1,0,0.24,1
2025/11/13 23:17,clusterB,10,4,3,1,0,0,1,0,0,1
2025/11/13 23:17,clusterA,10,4,3,1,0.4,0.24,1,0,0.24,1
2025/11/13 23:17,clusterB,10,4,3,1,0,0,1,0,0,1
2025/11/13 23:17,clusterA,10,4,3,1,0.4,0.24,1,0,0.24,1
2025/11/13 23:17,clusterB,10,4,3,1,0,0,1,0,0,1
2025/11/13 23:18,clusterA,10,4,3,1,0.39,0.24,1,0,0.24,1
2025/11/13 23:18,clusterB,10,4,3,1,0,0,1,0,0,1
2025/11/13 23:18,clusterA,10,4,3,1,0.39,0.24,1,0,0.24,1
2025/11/13 23:18,clusterB,10,4,3,1,0,0,1,0,0,1
2025/11/13 23:18,clusterA,10,4,3,1,0.38,0.24,1,0,0.24,1
2025/11/13 23:18,clusterB,10,4,3,1,0,0,1,0,0,1
2025/11/13 23:18,clusterA,10,4,3,1,0.37,0.25,1,0,0.25,1
2025/11/13 23:18,clusterB,10,4,3,1,0,0,1,0,0,1
2025/11/13 23:18,clusterA,10,4,3,1,0.37,0.25,1,0,0.25,1
2025/11/13 23:18,clusterB,10,4,3,1,0,0,1,0,0,1
2025/11/13 23:18,clusterA,10,4,3,1,0.38,0.25,1,0,0.25,1
2025/11/13 23:18,clusterB,10,4,3,1,0,0,1,0,0,1
2025/11/13 23:18,clusterA,10,4,3,1,0.39,0.24,1,0,0.24,1
2025/11/13 23:18,clusterB,10,4,3,1,0,0,1,0,0,1
2025/11/13 23:18,clusterA,10,4,3,1,0.42,0.25,1,0,0.25,1
2025/11/13 23:18,clusterB,10,4,3,1,0,0,1,0,0,1
2025/11/13 23:18,clusterA,10,4,3,1,0.41,0.24,1,0,0.24,1
2025/11/13 23:18,clusterB,10,4,3,1,0,0,1,0,0,1
2025/11/13 23:18,clusterA,10,4,3,1,0.41,0.24,1,0,0.24,1
2025/11/13 23:18,clusterB,10,4,3,1,0,0,1,0,0,1
2025/11/13 23:18,clusterA,10,4,3,1,0.41,0.25,1,0,0.25,1
2025/11/13 23:18,clusterB,10,4,3,1,0,0,1,0,0,1
2025/11/13 23:18,clusterA,10,4,3,1,0.41,0.25,1,0,0.25,1
2025/11/13 23:18,clusterB,10,4,3,1,0,0,1,0,0,1
2025/11/13 23:19,clusterA,10,4,3,1,0.41,0.24,1,0,0.24,1
2025/11/13 23:19,clusterB,10,4,3,1,0,0,1,0,0,1
2025/11/13 23:19,clusterA,10,4,3,1,0.42,0.24,1,0,0.24,1
2025/11/13 23:19,clusterB,10,4,3,1,0,0,1,0,0,1
2025/11/13 23:19,clusterA,10,4,3,1,0.43,0.24,1,0,0.24,1
2025/11/13 23:19,clusterB,10,4,3,1,0,0,1,0,0,1
2025/11/13 23:19,clusterA,10,4,3,1,0.43,0.24,1,0,0.24,1
2025/11/13 23:19,clusterB,10,4,3,1,0,0,1,0,0,1
2025/11/13 23:19,clusterA,10,4,3,1,0.44,0.24,1,0,0.24,1
2025/11/13 23:19,clusterB,10,4,3,1,0,0,1,0,0,1
2025/11/13 23:19,clusterA,10,4,3,1,0.44,0.24,1,0,0.24,1
2025/11/13 23:19,clusterB,10,4,3,1,0,0,1,0,0,1
2025/11/13 23:19,clusterA,10,4,3,1,0.44,0.25,1,0,0.25,1
2025/11/13 23:19,clusterB,10,4,3,1,0,0,1,0,0,1
2025/11/13 23:19,clusterA,10,4,3,1,0.42,0.25,1,0,0.25,1
2025/11/13 23:19,clusterB,10,4,3,1,0,0,1,0,0,1
2025/11/13 23:19,clusterA,10,4,3,1,0.44,0.25,1,0,0.25,1
2025/11/13 23:19,clusterB,10,4,3,1,0,0,1,0,0,1
2025/11/13 23:19,clusterA,10,4,3,1,0.45,0.25,1,0,0.25,1
2025/11/13 23:19,clusterB,10,4,3,1,0,0,1,0,0,1
2025/11/13 23:19,clusterA,10,4,3,1,0.46,0.25,1,0,0.25,1
2025/11/13 23:19,clusterB,10,4,3,1,0,0,1,0,0,1
2025/11/13 23:19,clusterA,10,4,3,1,0.44,0.25,1,0,0.25,1
2025/11/13 23:19,clusterB,10,4,3,1,0,0,1,0,0,1
2025/11/13 23:20,clusterA,10,4,3,1,0.44,0.25,1,0,0.25,1
2025/11/13 23:20,clusterB,10,4,3,1,0,0,1,0,0,1
2025/11/13 23:20,clusterA,10,4,3,1,0.45,0.25,1,0,0.25,1
2025/11/13 23:20,clusterB,10,4,3,1,0,0,1,0,0,1
2025/11/13 23:20,clusterA,10,4,3,1,0.44,0.25,1,0,0.25,1
2025/11/13 23:20,clusterB,10,4,3,1,0,0,1,0,0,1
2025/11/13 23:20,clusterA,10,4,3,1,0.45,0.25,1,0,0.25,1
2025/11/13 23:20,clusterB,10,4,3,1,0,0,1,0,0,1
2025/11/13 23:20,clusterA,10,4,3,1,0.44,0.25,1,0,0.25,1
2025/11/13 23:20,clusterB,10,4,3,1,0,0,1,0,0,1
2025/11/13 23:20,clusterA,10,4,3,1,0.44,0.25,1,0,0.25,1
2025/11/13 23:20,clusterB,10,4,3,1,0,0,1,0,0,1
2025/11/13 23:20,clusterA,10,4,3,1,0.44,0.25,1,0,0.25,1
2025/11/13 23:20,clusterB,10,4,3,1,0,0,1,0,0,1
2025/11/13 23:20,clusterA,10,4,3,1,0.45,0.25,1,0,0.25,1
2025/11/13 23:20,clusterB,10,4,3,1,0,0,1,0,0,1
2025/11/13 23:20,clusterA,10,4,3,1,0.46,0.25,1,0,0.25,1
2025/11/13 23:20,clusterB,10,4,3,1,0,0,1,0,0,1
2025/11/13 23:20,clusterA,10,4,3,1,0.44,0.25,1,0,0.25,1
2025/11/13 23:20,clusterB,10,4,3,1,0,0,1,0,0,1
2025/11/13 23:20,clusterA,10,4,3,1,0.42,0.25,1,0,0.25,1
2025/11/13 23:20,clusterB,10,4,3,1,0,0,1,0,0,1
2025/11/13 23:20,clusterA,10,4,3,1,0.43,0.25,1,0,0.25,1
2025/11/13 23:20,clusterB,10,4,3,1,0,0,1,0,0,1
2025/11/13 23:21,clusterA,10,4,3,1,0.44,0.24,1,0,0.24,1
2025/11/13 23:21,clusterB,10,4,3,1,0,0,1,0,0,1
2025/11/13 23:21,clusterA,10,4,3,1,0.44,0.24,1,0,0.24,1
2025/11/13 23:21,clusterB,10,4,3,1,0,0,1,0,0,1
2025/11/13 23:21,clusterA,10,4,3,1,0.43,0.24,1,0,0.24,1
2025/11/13 23:21,clusterB,10,4,3,1,0,0,1,0,0,1
2025/11/13 23:21,clusterA,10,4,3,1,0.41,0.24,1,0,0.24,1
2025/11/13 23:21,clusterB,10,4,3,1,0,0,1,0,0,1
2025/11/13 23:21,clusterA,10,4,3,1,0.41,0.24,1,0,0.24,1
2025/11/13 23:21,clusterB,10,4,3,1,0,0,1,0,0,1
2025/11/13 23:21,clusterA,10,4,3,1,0.41,0.24,1,0,0.24,1
2025/11/13 23:21,clusterB,10,4,3,1,0,0,1,0,0,1
2025/11/13 23:21,clusterA,10,4,3,1,0.4,0.24,1,0,0.24,1
2025/11/13 23:21,clusterB,10,4,3,1,0,0,1,0,0,1
2025/11/13 23:21,clusterA,10,4,3,1,0.39,0.24,1,0,0.24,1
2025/11/13 23:21,clusterB,10,4,3,1,0,0,1,0,0,1
2025/11/13 23:21,clusterA,10,4,3,1,0.39,0.24,1,0,0.24,1
2025/11/13 23:21,clusterB,10,4,3,1,0,0,1,0,0,1
2025/11/13 23:21,clusterA,10,4,3,1,0.4,0.24,1,0,0.24,1
2025/11/13 23:21,clusterB,10,4,3,1,0,0,1,0,0,1
2025/11/13 23:21,clusterA,10,4,3,1,0.43,0.24,1,0,0.24,1
2025/11/13 23:21,clusterB,10,4,3,1,0,0,1,0,0,1
2025/11/13 23:21,clusterA,10,4,3,1,0.41,0.24,1,0,0.24,1
2025/11/13 23:21,clusterB,10,4,3,1,0,0,1,0,0,1
2025/11/13 23:22,clusterA,10,4,3,1,0.4,0.24,1,0,0.24,1
2025/11/13 23:22,clusterB,10,4,3,1,0,0,1,0,0,1
2025/11/13 23:22,clusterA,10,4,3,1,0.38,0.25,1,0,0.25,1
2025/11/13 23:22,clusterB,10,4,3,1,0,0,1,0,0,1
2025/11/13 23:22,clusterA,10,4,3,1,0.39,0.25,1,0,0.25,1
2025/11/13 23:22,clusterB,10,4,3,1,0,0,1,0,0,1
2025/11/13 23:22,clusterA,10,4,3,1,0.4,0.25,1,0,0.25,1
2025/11/13 23:22,clusterB,10,4,3,1,0,0,1,0,0,1
2025/11/13 23:22,clusterA,10,4,3,1,0.43,0.25,1,0,0.25,1
2025/11/13 23:22,clusterB,10,4,3,1,0,0,1,0,0,1
2025/11/13 23:22,clusterA,10,4,3,1,0.42,0.25,1,0,0.25,1
2025/11/13 23:22,clusterB,10,4,3,1,0,0,1,0,0,1
2025/11/13 23:22,clusterA,10,4,3,1,0.44,0.25,1,0,0.25,1
2025/11/13 23:22,clusterB,10,4,3,1,0,0,1,0,0,1
2025/11/13 23:22,clusterA,10,4,3,1,0.43,0.25,1,0,0.25,1
2025/11/13 23:22,clusterB,10,4,3,1,0,0,1,0,0,1
2025/11/13 23:22,clusterA,10,4,3,1,0.4,0.24,1,0,0.24,1
2025/11/13 23:22,clusterB,10,4,3,1,0,0,1,0,0,1
2025/11/13 23:22,clusterA,10,4,3,1,0.37,0.23,1,0,0.23,1
2025/11/13 23:22,clusterB,10,4,3,1,0,0,1,0,0,1
2025/11/13 23:22,clusterA,10,4,3,1,0.35,0.23,1,0,0.23,1
2025/11/13 23:22,clusterB,10,4,3,1,0,0,1,0,0,1
2025/11/13 23:22,clusterA,10,4,3,1,0.37,0.23,1,0,0.23,1
2025/11/13 23:22,clusterB,10,4,3,1,0,0,1,0,0,1
2025/11/13 23:23,clusterA,10,4,3,1,0.37,0.23,1,0,0.23,1
2025/11/13 23:23,clusterB,10,4,3,1,0,0,1,0,0,1
2025/11/13 23:23,clusterA,10,4,3,1,0.38,0.23,1,0,0.23,1
2025/11/13 23:23,clusterB,10,4,3,1,0,0,1,0,0,1
2025/11/13 23:23,clusterA,10,4,3,1,0.38,0.23,1,0,0.23,1
2025/11/13 23:23,clusterB,10,4,3,1,0,0,1,0,0,1
2025/11/13 23:23,clusterA,10,4,3,1,0.38,0.23,1,0,0.23,1
2025/11/13 23:23,clusterB,10,4,3,1,0,0,1,0,0,1
2025/11/13 23:23,clusterA,10,4,3,1,0.37,0.23,1,0,0.23,1
2025/11/13 23:23,clusterB,10,4,3,1,0,0,1,0,0,1
2025/11/13 23:23,clusterA,10,4,3,1,0.35,0.23,1,0,0.23,1
2025/11/13 23:23,clusterB,10,4,3,1,0,0,1,0,0,1
2025/11/13 23:23,clusterA,10,4,3,1,0.35,0.23,1,0,0.23,1
2025/11/13 23:23,clusterB,10,4,3,1,0,0,1,0,0,1
2025/11/13 23:23,clusterA,10,4,3,1,0.36,0.24,1,0,0.24,1
2025/11/13 23:23,clusterB,10,4,3,1,0,0,1,0,0,1
2025/11/13 23:23,clusterA,10,4,3,1,0.37,0.24,1,0,0.24,1
2025/11/13 23:23,clusterB,10,4,3,1,0,0,1,0,0,1
2025/11/13 23:23,clusterA,10,4,3,1,0.39,0.24,1,0,0.24,1
2025/11/13 23:23,clusterB,10,4,3,1,0,0,1,0,0,1
2025/11/13 23:23,clusterA,10,4,3,1,0.41,0.25,1,0,0.25,1
2025/11/13 23:23,clusterB,10,4,3,1,0,0,1,0,0,1
2025/11/13 23:23,clusterA,10,4,3,1,0.43,0.25,1,0,0.25,1
2025/11/13 23:23,clusterB,10,4,3,1,0,0,1,0,0,1
2025/11/13 23:24,clusterA,10,4,3,1,0.42,0.25,1,0,0.25,1
2025/11/13 23:24,clusterB,10,4,3,1,0,0,1,0,0,1
2025/11/13 23:24,clusterA,8,4,4,0,0.37,0.24,1,0,0.24,1
2025/11/13 23:24,clusterB,8,4,3,1,0,0,1,0,0,1
2025/11/13 23:24,clusterA,8,4,4,0,0.34,0.23,1,0,0.23,1
2025/11/13 23:24,clusterB,8,4,3,1,0,0,1,0,0,1
2025/11/13 23:24,clusterA,8,4,2,2,0.32,0.22,1,0,0.22,1
2025/11/13 23:24,clusterB,8,4,3,1,0,0,1,0,0,1
2025/11/13 23:24,clusterA,8,4,1,3,0.3,0.21,1,0,0.21,1
2025/11/13 23:24,clusterB,8,4,3,1,0,0,1,0,0,1
2025/11/13 23:24,clusterA,8,4,1,3,0.27,0.19,1,0,0.19,1
2025/11/13 23:24,clusterB,8,4,3,1,0,0,1,0,0,1
2025/11/13 23:24,clusterA,8,4,1,3,0.23,0.18,1,0,0.18,1
2025/11/13 23:24,clusterB,8,4,3,1,0,0,1,0,0,1
2025/11/13 23:24,clusterA,8,4,1,3,0.2,0.16,1,0,0.16,1
2025/11/13 23:24,clusterB,8,4,3,1,0,0,1,0,0,1
2025/11/13 23:24,clusterA,8,4,1,3,0.18,0.15,1,0,0.15,1
2025/11/13 23:24,clusterB,8,4,3,1,0,0,1,0,0,1
2025/11/13 23:24,clusterA,8,4,1,3,0.16,0.14,1,0,0.14,1
2025/11/13 23:24,clusterB,8,4,3,1,0,0,1,0,0,1
2025/11/13 23:24,clusterA,8,4,1,3,0.12,0.12,1,0,0.12,1
2025/11/13 23:24,clusterB,8,4,3,1,0,0,1,0,0,1
2025/11/13 23:24,clusterA,8,4,1,3,0.09,0.11,1,0,0.11,1
2025/11/13 23:24,clusterB,8,4,3,1,0,0,1,0,0,1
2025/11/13 23:25,clusterA,8,4,1,3,0.09,0.09,1,0,0.09,1
2025/11/13 23:25,clusterB,8,4,3,1,0,0,1,0,0,1
2025/11/13 23:25,clusterA,8,4,1,3,0.09,0.09,1,0,0.09,1
2025/11/13 23:25,clusterB,8,4,3,1,0,0,1,0,0,1
2025/11/13 23:25,clusterA,8,4,1,3,0.09,0.09,1,0,0.09,1
2025/11/13 23:25,clusterB,8,4,3,1,0,0,1,0,0,1
2025/11/13 23:25,clusterA,8,4,1,3,0.09,0.08,1,0,0.08,1
2025/11/13 23:25,clusterB,8,4,3,1,0,0,1,0,0,1
2025/11/13 23:25,clusterA,8,4,1,3,0.09,0.08,1,0,0.08,1
2025/11/13 23:25,clusterB,8,4,3,1,0,0,1,0,0,1
2025/11/13 23:25,clusterA,8,4,1,3,0.09,0.08,1,0,0.08,1
2025/11/13 23:25,clusterB,8,4,3,1,0,0,1,0,0,1
2025/11/13 23:25,clusterA,8,4,1,3,0.09,0.08,1,0,0.08,1
2025/11/13 23:25,clusterB,8,4,3,1,0,0,1,0,0,1
2025/11/13 23:25,clusterA,8,4,1,3,0.09,0.08,1,0,0.08,1
2025/11/13 23:25,clusterB,8,4,3,1,0,0,1,0,0,1
2025/11/13 23:25,clusterA,8,4,1,3,0.08,0.08,1,0,0.08,1
2025/11/13 23:25,clusterB,8,4,3,1,0,0,1,0,0,1
2025/11/13 23:25,clusterA,8,4,1,3,0.08,0.08,1,0,0.08,1
2025/11/13 23:25,clusterB,8,4,3,1,0,0,1,0,0,1
2025/11/13 23:25,clusterA,8,4,1,3,0.08,0.08,1,0,0.08,1
2025/11/13 23:25,clusterB,8,4,3,1,0,0,1,0,0,1
2025/11/13 23:25,clusterA,8,4,1,3,0.08,0.08,1,0,0.08,1
2025/11/13 23:25,clusterB,8,4,3,1,0,0,1,0,0,1
2025/11/13 23:26,clusterA,8,4,1,3,0.07,0.08,1,0,0.08,1
2025/11/13 23:26,clusterB,8,4,3,1,0,0,1,0,0,1
2025/11/13 23:26,clusterA,8,4,1,3,0.07,0.08,1,0,0.08,1
2025/11/13 23:26,clusterB,8,4,3,1,0,0,1,0,0,1
2025/11/13 23:26,clusterA,8,4,1,3,0.07,0.08,1,0,0.08,1
2025/11/13 23:26,clusterB,8,4,3,1,0,0,1,0,0,1
2025/11/13 23:26,clusterA,8,4,1,3,0.08,0.08,1,0,0.08,1
2025/11/13 23:26,clusterB,8,4,3,1,0,0,1,0,0,1
2025/11/13 23:26,clusterA,8,4,1,3,0.08,0.08,1,0,0.08,1
2025/11/13 23:26,clusterB,8,4,3,1,0,0,1,0,0,1
2025/11/13 23:26,clusterA,8,4,1,3,0.08,0.08,1,0,0.08,1
2025/11/13 23:26,clusterB,8,4,3,1,0,0,1,0,0,1
2025/11/13 23:26,clusterA,8,4,1,3,0.08,0.08,1,0,0.08,1
2025/11/13 23:26,clusterB,8,4,3,1,0,0,1,0,0,1
2025/11/13 23:26,clusterA,8,4,1,3,0.08,0.08,1,0,0.08,1
2025/11/13 23:26,clusterB,8,4,3,1,0,0,1,0,0,1
2025/11/13 23:26,clusterA,8,4,1,3,0.08,0.08,1,0,0.08,1
2025/11/13 23:26,clusterB,8,4,3,1,0,0,1,0,0,1
2025/11/13 23:26,clusterA,8,4,1,3,0.08,0.08,1,0,0.08,1
2025/11/13 23:26,clusterB,8,4,3,1,0,0,1,0,0,1
2025/11/13 23:26,clusterA,8,4,1,3,0.08,0.08,1,0,0.08,1
2025/11/13 23:26,clusterB,8,4,3,1,0,0,1,0,0,1
2025/11/13 23:26,clusterA,8,4,1,3,0.09,0.08,1,0,0.08,1
2025/11/13 23:26,clusterB,8,4,3,1,0,0,1,0,0,1
2025/11/13 23:27,clusterA,8,4,1,3,0.09,0.08,1,0,0.08,1
2025/11/13 23:27,clusterB,8,4,3,1,0,0,1,0,0,1
2025/11/13 23:27,clusterA,8,4,1,3,0.09,0.08,1,0,0.08,1
2025/11/13 23:27,clusterB,8,4,3,1,0,0,1,0,0,1
2025/11/13 23:27,clusterA,8,4,1,3,0.09,0.08,1,0,0.08,1
2025/11/13 23:27,clusterB,8,4,3,1,0,0,1,0,0,1
2025/11/13 23:27,clusterA,8,4,1,3,0.09,0.08,1,0,0.08,1
2025/11/13 23:27,clusterB,8,4,3,1,0,0,1,0,0,1
2025/11/13 23:27,clusterA,8,4,1,3,0.09,0.08,1,0,0.08,1
2025/11/13 23:27,clusterB,8,4,3,1,0,0,1,0,0,1
2025/11/13 23:27,clusterA,8,4,1,3,0.09,0.08,1,0,0.08,1
2025/11/13 23:27,clusterB,8,4,3,1,0,0,1,0,0,1
2025/11/13 23:27,clusterA,8,4,1,3,0.09,0.08,1,0,0.08,1
2025/11/13 23:27,clusterB,8,4,3,1,0,0,1,0,0,1
2025/11/13 23:27,clusterA,8,4,1,3,0.09,0.08,1,0,0.08,1
2025/11/13 23:27,clusterB,8,4,3,1,0,0,1,0,0,1
2025/11/13 23:27,clusterA,8,4,1,3,0.09,0.08,1,0,0.08,1
2025/11/13 23:27,clusterB,8,4,3,1,0,0,1,0,0,1
2025/11/13 23:27,clusterA,8,4,1,3,0.09,0.08,1,0,0.08,1
2025/11/13 23:27,clusterB,8,4,3,1,0,0,1,0,0,1
2025/11/13 23:27,clusterA,8,4,1,3,0.08,0.08,1,0,0.08,1
2025/11/13 23:27,clusterB,8,4,3,1,0,0,1,0,0,1
2025/11/13 23:27,clusterA,8,4,1,3,0.08,0.08,1,0,0.08,1
2025/11/13 23:27,clusterB,8,4,3,1,0,0,1,0,0,1
2025/11/13 23:28,clusterA,8,4,1,3,0.08,0.08,1,0,0.08,1
2025/11/13 23:28,clusterB,8,4,3,1,0,0,1,0,0,1
2025/11/13 23:28,clusterA,8,4,1,3,0.08,0.08,1,0,0.08,1
2025/11/13 23:28,clusterB,8,4,3,1,0,0,1,0,0,1
2025/11/13 23:28,clusterA,8,4,1,3,0.08,0.08,1,0,0.08,1
2025/11/13 23:28,clusterB,8,4,3,1,0,0,1,0,0,1
2025/11/13 23:28,clusterA,8,4,1,3,0.08,0.08,1,0,0.08,1
2025/11/13 23:28,clusterB,8,4,3,1,0,0,1,0,0,1
2025/11/13 23:28,clusterA,8,4,1,3,0.08,0.08,1,0,0.08,1
2025/11/13 23:28,clusterB,8,4,3,1,0,0,1,0,0,1
2025/11/13 23:28,clusterA,8,4,1,3,0.08,0.08,1,0,0.08,1
2025/11/13 23:28,clusterB,8,4,3,1,0,0,1,0,0,1
2025/11/13 23:28,clusterA,8,4,1,3,0.08,0.08,1,0,0.08,1
2025/11/13 23:28,clusterB,8,4,3,1,0,0,1,0,0,1
2025/11/13 23:28,clusterA,8,4,1,3,0.08,0.08,1,0,0.08,1
2025/11/13 23:28,clusterB,8,4,3,1,0,0,1,0,0,1
2025/11/13 23:28,clusterA,8,4,1,3,0.08,0.08,1,0,0.08,1
2025/11/13 23:28,clusterB,8,4,3,1,0,0,1,0,0,1
2025/11/13 23:28,clusterA,8,4,1,3,0.09,0.08,1,0,0.08,1
2025/11/13 23:28,clusterB,8,4,3,1,0,0,1,0,0,1
2025/11/13 23:28,clusterA,8,4,1,3,0.09,0.08,1,0,0.08,1
2025/11/13 23:28,clusterB,8,4,3,1,0,0,1,0,0,1
2025/11/13 23:28,clusterA,8,4,1,3,0.09,0.08,1,0,0.08,1
2025/11/13 23:28,clusterB,8,4,3,1,0,0,1,0,0,1
2025/11/13 23:29,clusterA,8,4,1,3,0.09,0.08,1,0,0.08,1
2025/11/13 23:29,clusterB,8,4,3,1,0,0,1,0,0,1
2025/11/13 23:29,clusterA,8,4,1,3,0.09,0.08,1,0,0.08,1
2025/11/13 23:29,clusterB,8,4,3,1,0,0,1,0,0,1
2025/11/13 23:29,clusterA,8,4,1,3,0.09,0.08,1,0,0.08,1
2025/11/13 23:29,clusterB,8,4,3,1,0,0,1,0,0,1
2025/11/13 23:29,clusterA,8,4,1,3,0.09,0.08,1,0,0.08,1
2025/11/13 23:29,clusterB,8,4,3,1,0,0,1,0,0,1
2025/11/13 23:29,clusterA,8,4,1,3,0.09,0.08,1,0,0.08,1
2025/11/13 23:29,clusterB,8,4,3,1,0,0,1,0,0,1
2025/11/13 23:29,clusterA,8,4,1,3,0.08,0.08,1,0,0.08,1
2025/11/13 23:29,clusterB,8,4,3,1,0,0,1,0,0,1
2025/11/13 23:29,clusterA,8,4,1,3,0.08,0.08,1,0,0.08,1
2025/11/13 23:29,clusterB,8,4,3,1,0,0,1,0,0,1
2025/11/13 23:29,clusterA,8,4,1,3,0.08,0.08,1,0,0.08,1
2025/11/13 23:29,clusterB,8,4,3,1,0,0,1,0,0,1
2025/11/13 23:29,clusterA,8,4,1,3,0.08,0.07,1,0,0.07,1
2025/11/13 23:29,clusterB,8,4,3,1,0,0,1,0,0,1
2025/11/13 23:29,clusterA,8,4,1,3,0.08,0.07,1,0,0.07,1
2025/11/13 23:29,clusterB,8,4,3,1,0,0,1,0,0,1
2025/11/13 23:29,clusterA,8,4,1,3,0.08,0.07,1,0,0.07,1
2025/11/13 23:29,clusterB,8,4,3,1,0,0,1,0,0,1
2025/11/13 23:29,clusterA,8,4,1,3,0.08,0.07,1,0,0.07,1
2025/11/13 23:29,clusterB,8,4,3,1,0,0,1,0,0,1
2025/11/13 23:30,clusterA,8,4,1,3,0.08,0.07,1,0,0.07,1
2025/11/13 23:30,clusterB,8,4,3,1,0,0,1,0,0,1
2025/11/13 23:30,clusterA,8,4,1,3,0.08,0.07,1,0,0.07,1
2025/11/13 23:30,clusterB,8,4,3,1,0,0,1,0,0,1
2025/11/13 23:30,clusterA,8,4,1,3,0.08,0.07,1,0,0.07,1
2025/11/13 23:30,clusterB,8,4,3,1,0,0,1,0,0,1
2025/11/13 23:30,clusterA,8,4,1,3,0.08,0.07,1,0,0.07,1
2025/11/13 23:30,clusterB,8,4,3,1,0,0,1,0,0,1
2025/11/13 23:30,clusterA,8,4,1,3,0.08,0.07,1,0,0.07,1
2025/11/13 23:30,clusterB,8,4,3,1,0,0,1,0,0,1
2025/11/13 23:30,clusterA,8,4,1,3,0.09,0.08,1,0,0.08,1
2025/11/13 23:30,clusterB,8,4,3,1,0,0,1,0,0,1
2025/11/13 23:30,clusterA,8,4,1,3,0.09,0.08,1,0,0.08,1
2025/11/13 23:30,clusterB,8,4,3,1,0,0,1,0,0,1
2025/11/13 23:30,clusterA,8,4,1,3,0.09,0.08,1,0,0.08,1
2025/11/13 23:30,clusterB,8,4,3,1,0,0,1,0,0,1
2025/11/13 23:30,clusterA,8,4,1,3,0.09,0.08,1,0,0.08,1
2025/11/13 23:30,clusterB,8,4,3,1,0,0,1,0,0,1
2025/11/13 23:30,clusterA,8,4,1,3,0.09,0.08,1,0,0.08,1
2025/11/13 23:30,clusterB,8,4,3,1,0,0,1,0,0,1
2025/11/13 23:30,clusterA,8,4,1,3,0.09,0.08,1,0,0.08,1
2025/11/13 23:30,clusterB,8,4,3,1,0,0,1,0,0,1
2025/11/13 23:30,clusterA,8,4,1,3,0.09,0.08,1,0,0.08,1
2025/11/13 23:30,clusterB,8,4,3,1,0,0,1,0,0,1
2025/11/13 23:31,clusterA,8,4,1,3,0.09,0.08,1,0,0.08,1
2025/11/13 23:31,clusterB,8,4,3,1,0,0,1,0,0,1
2025/11/13 23:31,clusterA,8,4,1,3,0.09,0.08,1,0,0.08,1
2025/11/13 23:31,clusterB,8,4,3,1,0,0,1,0,0,1
2025/11/13 23:31,clusterA,8,4,1,3,0.09,0.08,1,0,0.08,1
2025/11/13 23:31,clusterB,8,4,3,1,0,0,1,0,0,1
2025/11/13 23:31,clusterA,8,4,1,3,0.09,0.08,1,0,0.08,1
2025/11/13 23:31,clusterB,8,4,3,1,0,0,1,0,0,1
2025/11/13 23:31,clusterA,8,4,1,3,0.09,0.08,1,0,0.08,1
2025/11/13 23:31,clusterB,8,4,3,1,0,0,1,0,0,1
2025/11/13 23:31,clusterA,8,4,1,3,0.09,0.08,1,0,0.08,1
2025/11/13 23:31,clusterB,8,4,3,1,0,0,1,0,0,1
2025/11/13 23:31,clusterA,8,4,1,3,0.09,0.08,1,0,0.08,1
2025/11/13 23:31,clusterB,8,4,3,1,0,0,1,0,0,1
2025/11/13 23:31,clusterA,8,4,1,3,0.09,0.08,1,0,0.08,1
2025/11/13 23:31,clusterB,8,4,3,1,0,0,1,0,0,1
2025/11/13 23:31,clusterA,8,4,1,3,0.09,0.08,1,0,0.08,1
2025/11/13 23:31,clusterB,8,4,3,1,0,0,1,0,0,1
2025/11/13 23:31,clusterA,8,4,1,3,0.09,0.08,1,0,0.08,1
2025/11/13 23:31,clusterB,8,4,3,1,0,0,1,0,0,1
2025/11/13 23:31,clusterA,8,4,1,3,0.09,0.08,1,0,0.08,1
2025/11/13 23:31,clusterB,8,4,3,1,0,0,1,0,0,1
2025/11/13 23:31,clusterA,8,4,1,3,0.08,0.08,1,0,0.08,1
2025/11/13 23:31,clusterB,8,4,3,1,0,0,1,0,0,1
2025/11/13 23:32,clusterA,8,4,1,3,0.08,0.08,1,0,0.08,1
2025/11/13 23:32,clusterB,8,4,3,1,0,0,1,0,0,1
2025/11/13 23:32,clusterA,8,4,1,3,0.08,0.08,1,0,0.08,1
2025/11/13 23:32,clusterB,8,4,3,1,0,0,1,0,0,1
2025/11/13 23:32,clusterA,8,4,1,3,0.08,0.08,1,0,0.08,1
2025/11/13 23:32,clusterB,8,4,3,1,0,0,1,0,0,1
2025/11/13 23:32,clusterA,8,4,1,3,0.08,0.07,1,0,0.07,1
2025/11/13 23:32,clusterB,8,4,3,1,0,0,1,0,0,1
2025/11/13 23:32,clusterA,8,4,1,3,0.08,0.07,1,0,0.07,1
2025/11/13 23:32,clusterB,8,4,3,1,0,0,1,0,0,1
2025/11/13 23:32,clusterA,8,4,1,3,0.08,0.07,1,0,0.07,1
2025/11/13 23:32,clusterB,8,4,3,1,0,0,1,0,0,1
2025/11/13 23:32,clusterA,8,4,1,3,0.08,0.07,1,0,0.07,1
2025/11/13 23:32,clusterB,8,4,3,1,0,0,1,0,0,1
2025/11/13 23:32,clusterA,8,4,1,3,0.08,0.08,1,0,0.08,1
2025/11/13 23:32,clusterB,8,4,3,1,0,0,1,0,0,1
2025/11/13 23:32,clusterA,8,4,1,3,0.08,0.08,1,0,0.08,1
2025/11/13 23:32,clusterB,8,4,3,1,0,0,1,0,0,1
2025/11/13 23:32,clusterA,8,4,1,3,0.08,0.08,1,0,0.08,1
2025/11/13 23:32,clusterB,8,4,3,1,0,0,1,0,0,1
2025/11/13 23:32,clusterA,8,4,1,3,0.08,0.08,1,0,0.08,1
2025/11/13 23:32,clusterB,8,4,3,1,0,0,1,0,0,1
2025/11/13 23:32,clusterA,8,4,1,3,0.08,0.08,1,0,0.08,1
2025/11/13 23:32,clusterB,8,4,3,1,0,0,1,0,0,1
2025/11/13 23:33,clusterA,8,4,1,3,0.09,0.08,1,0,0.08,1
2025/11/13 23:33,clusterB,8,4,3,1,0,0,1,0,0,1
2025/11/13 23:33,clusterA,8,4,1,3,0.09,0.08,1,0,0.08,1
2025/11/13 23:33,clusterB,8,4,3,1,0,0,1,0,0,1
2025/11/13 23:33,clusterA,8,4,1,3,0.09,0.08,1,0,0.08,1
2025/11/13 23:33,clusterB,8,4,3,1,0,0,1,0,0,1
2025/11/13 23:33,clusterA,8,4,1,3,0.09,0.08,1,0,0.08,1
2025/11/13 23:33,clusterB,8,4,3,1,0,0,1,0,0,1
2025/11/13 23:33,clusterA,8,4,1,3,0.09,0.08,1,0,0.08,1
2025/11/13 23:33,clusterB,8,4,3,1,0,0,1,0,0,1
2025/11/13 23:33,clusterA,8,4,1,3,0.09,0.08,1,0,0.08,1
2025/11/13 23:33,clusterB,8,4,3,1,0,0,1,0,0,1
2025/11/13 23:33,clusterA,8,4,1,3,0.09,0.08,1,0,0.08,1
2025/11/13 23:33,clusterB,8,4,3,1,0,0,1,0,0,1
2025/11/13 23:33,clusterA,8,4,1,3,0.09,0.08,1,0,0.08,1
2025/11/13 23:33,clusterB,8,4,3,1,0,0,1,0,0,1
2025/11/13 23:33,clusterA,8,4,1,3,0.09,0.08,1,0,0.08,1
2025/11/13 23:33,clusterB,8,4,3,1,0,0,1,0,0,1
2025/11/13 23:33,clusterA,8,4,1,3,0.09,0.08,1,0,0.08,1
2025/11/13 23:33,clusterB,8,4,3,1,0,0,1,0,0,1
2025/11/13 23:33,clusterA,8,4,1,3,0.09,0.08,1,0,0.08,1
2025/11/13 23:33,clusterB,8,4,3,1,0,0,1,0,0,1
2025/11/13 23:33,clusterA,8,4,1,3,0.09,0.08,1,0,0.08,1
2025/11/13 23:33,clusterB,8,4,3,1,0,0,1,0,0,1
2025/11/13 23:34,clusterA,8,4,1,3,0.08,0.08,1,0,0.08,1
2025/11/13 23:34,clusterB,8,4,3,1,0,0,1,0,0,1
2025/11/13 23:34,clusterA,8,4,1,3,0.08,0.08,1,0,0.08,1
2025/11/13 23:34,clusterB,8,4,3,1,0,0,1,0,0,1
2025/11/13 23:34,clusterA,8,4,1,3,0.08,0.08,1,0,0.08,1
2025/11/13 23:34,clusterB,8,4,3,1,0,0,1,0,0,1
2025/11/13 23:34,clusterA,8,4,1,3,0.08,0.08,1,0,0.08,1
2025/11/13 23:34,clusterB,8,4,3,1,0,0,1,0,0,1
2025/11/13 23:34,clusterA,8,4,1,3,0.08,0.08,1,0,0.08,1
2025/11/13 23:34,clusterB,8,4,3,1,0,0,1,0,0,1
2025/11/13 23:34,clusterA,8,4,1,3,0.08,0.08,1,0,0.08,1
2025/11/13 23:34,clusterB,8,4,3,1,0,0,1,0,0,1
2025/11/13 23:34,clusterA,8,4,1,3,0.08,0.08,1,0,0.08,1
2025/11/13 23:34,clusterB,8,4,3,1,0,0,1,0,0,1
2025/11/13 23:34,clusterA,8,4,1,3,0.08,0.08,1,0,0.08,1
2025/11/13 23:34,clusterB,8,4,3,1,0,0,1,0,0,1
2025/11/13 23:34,clusterA,8,4,1,3,0.09,0.08,1,0,0.08,1
2025/11/13 23:34,clusterB,8,4,3,1,0,0,1,0,0,1
2025/11/13 23:34,clusterA,8,4,1,3,0.09,0.08,1,0,0.08,1
2025/11/13 23:34,clusterB,8,4,3,1,0,0,1,0,0,1
2025/11/13 23:34,clusterA,8,4,1,3,0.09,0.09,1,0,0.09,1
2025/11/13 23:34,clusterB,8,4,3,1,0,0,1,0,0,1
2025/11/13 23:34,clusterA,8,4,1,3,0.09,0.09,1,0,0.09,1
2025/11/13 23:34,clusterB,8,4,3,1,0,0,1,0,0,1
2025/11/13 23:35,clusterA,8,4,1,3,0.1,0.09,1,0,0.09,1
2025/11/13 23:35,clusterB,8,4,3,1,0,0,1,0,0,1
2025/11/13 23:35,clusterA,8,4,1,3,0.1,0.09,1,0,0.09,1
2025/11/13 23:35,clusterB,8,4,3,1,0,0,1,0,0,1
2025/11/13 23:35,clusterA,8,4,1,3,0.09,0.09,1,0,0.09,1
2025/11/13 23:35,clusterB,8,4,3,1,0,0,1,0,0,1
2025/11/13 23:35,clusterA,8,4,1,3,0.1,0.09,1,0,0.09,1
2025/11/13 23:35,clusterB,8,4,3,1,0,0,1,0,0,1
2025/11/13 23:35,clusterA,8,4,1,3,0.1,0.09,1,0,0.09,1
2025/11/13 23:35,clusterB,8,4,3,1,0,0,1,0,0,1
2025/11/13 23:35,clusterA,8,4,1,3,0.1,0.09,1,0,0.09,1
2025/11/13 23:35,clusterB,8,4,3,1,0,0,1,0,0,1
2025/11/13 23:35,clusterA,8,4,1,3,0.1,0.09,1,0,0.09,1
2025/11/13 23:35,clusterB,8,4,3,1,0,0,1,0,0,1
2025/11/13 23:35,clusterA,8,4,1,3,0.09,0.09,1,0,0.09,1
2025/11/13 23:35,clusterB,8,4,3,1,0,0,1,0,0,1
2025/11/13 23:35,clusterA,8,4,1,3,0.09,0.08,1,0,0.08,1
2025/11/13 23:35,clusterB,8,4,3,1,0,0,1,0,0,1
2025/11/13 23:35,clusterA,8,4,1,3,0.09,0.08,1,0,0.08,1
2025/11/13 23:35,clusterB,8,4,3,1,0,0,1,0,0,1
2025/11/13 23:35,clusterA,8,4,1,3,0.08,0.08,1,0,0.08,1
2025/11/13 23:35,clusterB,8,4,3,1,0,0,1,0,0,1
2025/11/13 23:36,clusterA,8,4,1,3,0.08,0.08,1,0,0.08,1
2025/11/13 23:36,clusterB,8,4,3,1,0,0,1,0,0,1
2025/11/13 23:36,clusterA,8,4,1,3,0.07,0.07,1,0,0.07,1
2025/11/13 23:36,clusterB,8,4,3,1,0,0,1,0,0,1
2025/11/13 23:36,clusterA,8,4,1,3,0.07,0.07,1,0,0.07,1
2025/11/13 23:36,clusterB,8,4,3,1,0,0,1,0,0,1
2025/11/13 23:36,clusterA,8,4,1,3,0.07,0.07,1,0,0.07,1
2025/11/13 23:36,clusterB,8,4,3,1,0,0,1,0,0,1
2025/11/13 23:36,clusterA,8,4,1,3,0.07,0.07,1,0,0.07,1
2025/11/13 23:36,clusterB,8,4,3,1,0,0,1,0,0,1
2025/11/13 23:36,clusterA,8,4,1,3,0.07,0.07,1,0,0.07,1
2025/11/13 23:36,clusterB,8,4,3,1,0,0,1,0,0,1
2025/11/13 23:36,clusterA,8,4,1,3,0.08,0.07,1,0,0.07,1
2025/11/13 23:36,clusterB,8,4,3,1,0,0,1,0,0,1
2025/11/13 23:36,clusterA,8,4,1,3,0.08,0.07,1,0,0.07,1
2025/11/13 23:36,clusterB,8,4,3,1,0,0,1,0,0,1
2025/11/13 23:36,clusterA,8,4,1,3,0.08,0.08,1,0,0.08,1
2025/11/13 23:36,clusterB,8,4,3,1,0,0,1,0,0,1
2025/11/13 23:36,clusterA,8,4,1,3,0.08,0.08,1,0,0.08,1
2025/11/13 23:36,clusterB,8,4,3,1,0,0,1,0,0,1
2025/11/13 23:36,clusterA,8,4,1,3,0.08,0.08,1,0,0.08,1
2025/11/13 23:36,clusterB,8,4,3,1,0,0,1,0,0,1
2025/11/13 23:36,clusterA,8,4,1,3,0.09,0.08,1,0,0.08,1
2025/11/13 23:36,clusterB,8,4,3,1,0,0,1,0,0,1
2025/11/13 23:37,clusterA,8,4,1,3,0.09,0.08,1,0,0.08,1
2025/11/13 23:37,clusterB,8,4,3,1,0,0,1,0,0,1
2025/11/13 23:37,clusterA,8,4,1,3,0.09,0.08,1,0,0.08,1
2025/11/13 23:37,clusterB,8,4,3,1,0,0,1,0,0,1
2025/11/13 23:37,clusterA,8,4,1,3,0.09,0.08,1,0,0.08,1
2025/11/13 23:37,clusterB,8,4,3,1,0,0,1,0,0,1
2025/11/13 23:37,clusterA,8,4,1,3,0.09,0.08,1,0,0.08,1
2025/11/13 23:37,clusterB,8,4,3,1,0,0,1,0,0,1
2025/11/13 23:37,clusterA,8,4,1,3,0.09,0.08,1,0,0.08,1
2025/11/13 23:37,clusterB,8,4,3,1,0,0,1,0,0,1
2025/11/13 23:37,clusterA,8,4,1,3,0.09,0.08,1,0,0.08,1
2025/11/13 23:37,clusterB,8,4,3,1,0,0,1,0,0,1
2025/11/13 23:37,clusterA,8,4,1,3,0.09,0.08,1,0,0.08,1
2025/11/13 23:37,clusterB,8,4,3,1,0,0,1,0,0,1
2025/11/13 23:37,clusterA,8,4,1,3,0.09,0.08,1,0,0.08,1
2025/11/13 23:37,clusterB,8,4,3,1,0,0,1,0,0,1
2025/11/13 23:37,clusterA,8,4,1,3,0.09,0.08,1,0,0.08,1
2025/11/13 23:37,clusterB,8,4,3,1,0,0,1,0,0,1
2025/11/13 23:37,clusterA,8,4,1,3,0.09,0.08,1,0,0.08,1
2025/11/13 23:37,clusterB,8,4,3,1,0,0,1,0,0,1
2025/11/13 23:37,clusterA,8,4,1,3,0.08,0.08,1,0,0.08,1
2025/11/13 23:37,clusterB,8,4,3,1,0,0,1,0,0,1
2025/11/13 23:37,clusterA,8,4,1,3,0.08,0.08,1,0,0.08,1
2025/11/13 23:37,clusterB,8,4,3,1,0,0,1,0,0,1
2025/11/13 23:38,clusterA,8,4,1,3,0.08,0.07,1,0,0.07,1
2025/11/13 23:38,clusterB,8,4,3,1,0,0,1,0,0,1
2025/11/13 23:38,clusterA,8,4,1,3,0.08,0.07,1,0,0.07,1
2025/11/13 23:38,clusterB,8,4,3,1,0,0,1,0,0,1
2025/11/13 23:38,clusterA,8,4,1,3,0.07,0.07,1,0,0.07,1
2025/11/13 23:38,clusterB,8,4,3,1,0,0,1,0,0,1
2025/11/13 23:38,clusterA,8,4,1,3,0.07,0.07,1,0,0.07,1
2025/11/13 23:38,clusterB,8,4,3,1,0,0,1,0,0,1
2025/11/13 23:38,clusterA,8,4,1,3,0.07,0.07,1,0,0.07,1
2025/11/13 23:38,clusterB,8,4,3,1,0,0,1,0,0,1
2025/11/13 23:38,clusterA,8,4,1,3,0.08,0.07,1,0,0.07,1
2025/11/13 23:38,clusterB,8,4,3,1,0,0,1,0,0,1
2025/11/13 23:38,clusterA,8,4,1,3,0.08,0.07,1,0,0.07,1
2025/11/13 23:38,clusterB,8,4,3,1,0,0,1,0,0,1
2025/11/13 23:38,clusterA,8,4,1,3,0.08,0.07,1,0,0.07,1
2025/11/13 23:38,clusterB,8,4,3,1,0,0,1,0,0,1
2025/11/13 23:38,clusterA,8,4,1,3,0.08,0.07,1,0,0.07,1
2025/11/13 23:38,clusterB,8,4,3,1,0,0,1,0,0,1
2025/11/13 23:38,clusterA,8,4,1,3,0.08,0.08,1,0,0.08,1
2025/11/13 23:38,clusterB,8,4,3,1,0,0,1,0,0,1
2025/11/13 23:38,clusterA,8,4,1,3,0.08,0.08,1,0,0.08,1
2025/11/13 23:38,clusterB,8,4,3,1,0,0,1,0,0,1
2025/11/13 23:38,clusterA,8,4,1,3,0.08,0.08,1,0,0.08,1
2025/11/13 23:38,clusterB,8,4,3,1,0,0,1,0,0,1
2025/11/13 23:39,clusterA,8,4,1,3,0.08,0.08,1,0,0.08,1
2025/11/13 23:39,clusterB,8,4,3,1,0,0,1,0,0,1
2025/11/13 23:39,clusterA,8,4,1,3,0.09,0.08,1,0,0.08,1
2025/11/13 23:39,clusterB,8,4,3,1,0,0,1,0,0,1
2025/11/13 23:39,clusterA,8,4,1,3,0.09,0.08,1,0,0.08,1
2025/11/13 23:39,clusterB,8,4,3,1,0,0,1,0,0,1
2025/11/13 23:39,clusterA,8,4,1,3,0.09,0.08,1,0,0.08,1
2025/11/13 23:39,clusterB,8,4,3,1,0,0,1,0,0,1
2025/11/13 23:39,clusterA,8,4,1,3,0.09,0.08,1,0,0.08,1
2025/11/13 23:39,clusterB,8,4,3,1,0,0,1,0,0,1
2025/11/13 23:39,clusterA,8,4,1,3,0.09,0.08,1,0,0.08,1
2025/11/13 23:39,clusterB,8,4,3,1,0,0,1,0,0,1
2025/11/13 23:39,clusterA,8,4,1,3,0.09,0.08,1,0,0.08,1
2025/11/13 23:39,clusterB,8,4,3,1,0,0,1,0,0,1
2025/11/13 23:39,clusterA,8,4,1,3,0.09,0.08,1,0,0.08,1
2025/11/13 23:39,clusterB,8,4,3,1,0,0,1,0,0,1
2025/11/13 23:39,clusterA,8,4,1,3,0.09,0.08,1,0,0.08,1
2025/11/13 23:39,clusterB,8,4,3,1,0,0,1,0,0,1
2025/11/13 23:39,clusterA,8,4,1,3,0.09,0.08,1,0,0.08,1
2025/11/13 23:39,clusterB,8,4,3,1,0,0,1,0,0,1
2025/11/13 23:39,clusterA,8,4,1,3,0.09,0.08,1,0,0.08,1
2025/11/13 23:39,clusterB,8,4,3,1,0,0,1,0,0,1
2025/11/13 23:39,clusterA,8,4,1,3,0.08,0.08,1,0,0.08,1
2025/11/13 23:39,clusterB,8,4,3,1,0,0,1,0,0,1
2025/11/13 23:40,clusterA,8,4,1,3,0.08,0.08,1,0,0.08,1
2025/11/13 23:40,clusterB,8,4,3,1,0,0,1,0,0,1
2025/11/13 23:40,clusterA,8,4,1,3,0.08,0.08,1,0,0.08,1
2025/11/13 23:40,clusterB,8,4,3,1,0,0,1,0,0,1
2025/11/13 23:40,clusterA,8,4,1,3,0.08,0.08,1,0,0.08,1
2025/11/13 23:40,clusterB,8,4,3,1,0,0,1,0,0,1
2025/11/13 23:40,clusterA,8,4,1,3,0.07,0.08,1,0,0.08,1
2025/11/13 23:40,clusterB,8,4,3,1,0,0,1,0,0,1
2025/11/13 23:40,clusterA,8,4,1,3,0.07,0.08,1,0,0.08,1
2025/11/13 23:40,clusterB,8,4,3,1,0,0,1,0,0,1
2025/11/13 23:40,clusterA,8,4,1,3,0.07,0.08,1,0,0.08,1
2025/11/13 23:40,clusterB,8,4,3,1,0,0,1,0,0,1
2025/11/13 23:40,clusterA,8,4,1,3,0.07,0.07,1,0,0.07,1
2025/11/13 23:40,clusterB,8,4,3,1,0,0,1,0,0,1
2025/11/13 23:40,clusterA,8,4,1,3,0.07,0.07,1,0,0.07,1
2025/11/13 23:40,clusterB,8,4,3,1,0,0,1,0,0,1
2025/11/13 23:40,clusterA,8,4,1,3,0.07,0.07,1,0,0.07,1
2025/11/13 23:40,clusterB,8,4,3,1,0,0,1,0,0,1
2025/11/13 23:40,clusterA,8,4,1,3,0.07,0.07,1,0,0.07,1
2025/11/13 23:40,clusterB,8,4,3,1,0,0,1,0,0,1
2025/11/13 23:40,clusterA,8,4,1,3,0.07,0.08,1,0,0.08,1
2025/11/13 23:40,clusterB,8,4,3,1,0,0,1,0,0,1
2025/11/13 23:40,clusterA,8,4,1,3,0.08,0.08,1,0,0.08,1
2025/11/13 23:40,clusterB,8,4,3,1,0,0,1,0,0,1
2025/11/13 23:41,clusterA,8,4,1,3,0.08,0.08,1,0,0.08,1
2025/11/13 23:41,clusterB,8,4,3,1,0,0,1,0,0,1
2025/11/13 23:41,clusterA,8,4,1,3,0.08,0.08,1,0,0.08,1
2025/11/13 23:41,clusterB,8,4,3,1,0,0,1,0,0,1
2025/11/13 23:41,clusterA,8,4,1,3,0.09,0.08,1,0,0.08,1
2025/11/13 23:41,clusterB,8,4,3,1,0,0,1,0,0,1
2025/11/13 23:41,clusterA,8,4,1,3,0.09,0.08,1,0,0.08,1
2025/11/13 23:41,clusterB,8,4,3,1,0,0,1,0,0,1
2025/11/13 23:41,clusterA,8,4,1,3,0.09,0.08,1,0,0.08,1
2025/11/13 23:41,clusterB,8,4,3,1,0,0,1,0,0,1
2025/11/13 23:41,clusterA,8,4,1,3,0.09,0.08,1,0,0.08,1
2025/11/13 23:41,clusterB,8,4,3,1,0,0,1,0,0,1
2025/11/13 23:41,clusterA,8,4,1,3,0.09,0.08,1,0,0.08,1
2025/11/13 23:41,clusterB,8,4,3,1,0,0,1,0,0,1
2025/11/13 23:41,clusterA,8,4,1,3,0.09,0.08,1,0,0.08,1
2025/11/13 23:41,clusterB,8,4,3,1,0,0,1,0,0,1
2025/11/13 23:41,clusterA,8,4,1,3,0.09,0.08,1,0,0.08,1
2025/11/13 23:41,clusterB,8,4,3,1,0,0,1,0,0,1
2025/11/13 23:41,clusterA,8,4,1,3,0.09,0.08,1,0,0.08,1
2025/11/13 23:41,clusterB,8,4,3,1,0,0,1,0,0,1
2025/11/13 23:41,clusterA,8,4,1,3,0.09,0.08,1,0,0.08,1
2025/11/13 23:41,clusterB,8,4,3,1,0,0,1,0,0,1
2025/11/13 23:41,clusterA,8,4,1,3,0.09,0.08,1,0,0.08,1
2025/11/13 23:41,clusterB,8,4,3,1,0,0,1,0,0,1
2025/11/13 23:42,clusterA,8,4,1,3,0.08,0.08,1,0,0.08,1
2025/11/13 23:42,clusterB,8,4,3,1,0,0,1,0,0,1
2025/11/13 23:42,clusterA,8,4,1,3,0.08,0.08,1,0,0.08,1
2025/11/13 23:42,clusterB,8,4,3,1,0,0,1,0,0,1
2025/11/13 23:42,clusterA,8,4,1,3,0.08,0.08,1,0,0.08,1
2025/11/13 23:42,clusterB,8,4,3,1,0,0,1,0,0,1
2025/11/13 23:42,clusterA,8,4,1,3,0.08,0.08,1,0,0.08,1
2025/11/13 23:42,clusterB,8,4,3,1,0,0,1,0,0,1
2025/11/13 23:42,clusterA,8,4,1,3,0.08,0.08,1,0,0.08,1
2025/11/13 23:42,clusterB,8,4,3,1,0,0,1,0,0,1
2025/11/13 23:42,clusterA,8,4,1,3,0.08,0.08,1,0,0.08,1
2025/11/13 23:42,clusterB,8,4,3,1,0,0,1,0,0,1
2025/11/13 23:42,clusterA,8,4,1,3,0.08,0.08,1,0,0.08,1
2025/11/13 23:42,clusterB,8,4,3,1,0,0,1,0,0,1
2025/11/13 23:42,clusterA,8,4,1,3,0.08,0.08,1,0,0.08,1
2025/11/13 23:42,clusterB,8,4,3,1,0,0,1,0,0,1
2025/11/13 23:42,clusterA,8,4,1,3,0.08,0.08,1,0,0.08,1
2025/11/13 23:42,clusterB,8,4,3,1,0,0,1,0,0,1
2025/11/13 23:42,clusterA,8,4,1,3,0.08,0.08,1,0,0.08,1
2025/11/13 23:42,clusterB,8,4,3,1,0,0,1,0,0,1
2025/11/13 23:42,clusterA,8,4,1,3,0.08,0.08,1,0,0.08,1
2025/11/13 23:42,clusterB,8,4,3,1,0,0,1,0,0,1
2025/11/13 23:42,clusterA,8,4,1,3,0.08,0.08,1,0,0.08,1
2025/11/13 23:42,clusterB,8,4,3,1,0,0,1,0,0,1
2025/11/13 23:43,clusterA,8,4,1,3,0.08,0.08,1,0,0.08,1
2025/11/13 23:43,clusterB,8,4,3,1,0,0,1,0,0,1
2025/11/13 23:43,clusterA,8,4,1,3,0.09,0.08,1,0,0.08,1
2025/11/13 23:43,clusterB,8,4,3,1,0,0,1,0,0,1
2025/11/13 23:43,clusterA,8,4,1,3,0.09,0.08,1,0,0.08,1
2025/11/13 23:43,clusterB,8,4,3,1,0,0,1,0,0,1
2025/11/13 23:43,clusterA,8,4,1,3,0.09,0.08,1,0,0.08,1
2025/11/13 23:43,clusterB,8,4,3,1,0,0,1,0,0,1
2025/11/13 23:43,clusterA,8,4,1,3,0.09,0.08,1,0,0.08,1
2025/11/13 23:43,clusterB,8,4,3,1,0,0,1,0,0,1
2025/11/13 23:43,clusterA,8,4,1,3,0.09,0.08,1,0,0.08,1
2025/11/13 23:43,clusterB,8,4,3,1,0,0,1,0,0,1
2025/11/13 23:43,clusterA,8,4,1,3,0.09,0.08,1,0,0.08,1
2025/11/13 23:43,clusterB,8,4,3,1,0,0,1,0,0,1
2025/11/13 23:43,clusterA,8,4,1,3,0.09,0.08,1,0,0.08,1
2025/11/13 23:43,clusterB,8,4,3,1,0,0,1,0,0,1
2025/11/13 23:43,clusterA,8,4,1,3,0.09,0.08,1,0,0.08,1
2025/11/13 23:43,clusterB,8,4,3,1,0,0,1,0,0,1
2025/11/13 23:43,clusterA,8,4,1,3,0.09,0.08,1,0,0.08,1
2025/11/13 23:43,clusterB,8,4,3,1,0,0,1,0,0,1
2025/11/13 23:43,clusterA,8,4,1,3,0.09,0.08,1,0,0.08,1
2025/11/13 23:43,clusterB,8,4,3,1,0,0,1,0,0,1
2025/11/13 23:43,clusterA,8,4,1,3,0.09,0.08,1,0,0.08,1
2025/11/13 23:43,clusterB,8,4,3,1,0,0,1,0,0,1
2025/11/13 23:44,clusterA,8,4,1,3,0.09,0.08,1,0,0.08,1
2025/11/13 23:44,clusterB,8,4,3,1,0,0,1,0,0,1
2025/11/13 23:44,clusterA,8,4,1,3,0.09,0.08,1,0,0.08,1
2025/11/13 23:44,clusterB,8,4,3,1,0,0,1,0,0,1
2025/11/13 23:44,clusterA,8,4,1,3,0.08,0.08,1,0,0.08,1
2025/11/13 23:44,clusterB,8,4,3,1,0,0,1,0,0,1
2025/11/13 23:44,clusterA,8,4,1,3,0.08,0.08,1,0,0.08,1
2025/11/13 23:44,clusterB,8,4,3,1,0,0,1,0,0,1
2025/11/13 23:44,clusterA,8,4,1,3,0.07,0.08,1,0,0.08,1
2025/11/13 23:44,clusterB,8,4,3,1,0,0,1,0,0,1
2025/11/13 23:44,clusterA,8,4,1,3,0.07,0.08,1,0,0.08,1
2025/11/13 23:44,clusterB,8,4,3,1,0,0,1,0,0,1
2025/11/13 23:44,clusterA,8,4,1,3,0.07,0.08,1,0,0.08,1
2025/11/13 23:44,clusterB,8,4,3,1,0,0,1,0,0,1
2025/11/13 23:44,clusterA,8,4,1,3,0.08,0.08,1,0,0.08,1
2025/11/13 23:44,clusterB,8,4,3,1,0,0,1,0,0,1
2025/11/13 23:44,clusterA,8,4,1,3,0.08,0.08,1,0,0.08,1
2025/11/13 23:44,clusterB,8,4,3,1,0,0,1,0,0,1
2025/11/13 23:44,clusterA,8,4,1,3,0.08,0.08,1,0,0.08,1
2025/11/13 23:44,clusterB,8,4,3,1,0,0,1,0,0,1
2025/11/13 23:44,clusterA,8,4,1,3,0.08,0.08,1,0,0.08,1
2025/11/13 23:44,clusterB,8,4,3,1,0,0,1,0,0,1
2025/11/13 23:44,clusterA,8,4,1,3,0.08,0.08,1,0,0.08,1
2025/11/13 23:44,clusterB,8,4,3,1,0,0,1,0,0,1
2025/11/13 23:45,clusterA,8,4,1,3,0.08,0.08,1,0,0.08,1
2025/11/13 23:45,clusterB,8,4,3,1,0,0,1,0,0,1
2025/11/13 23:45,clusterA,8,4,1,3,0.08,0.08,1,0,0.08,1
2025/11/13 23:45,clusterB,8,4,3,1,0,0,1,0,0,1
2025/11/13 23:45,clusterA,8,4,1,3,0.08,0.08,1,0,0.08,1
2025/11/13 23:45,clusterB,8,4,3,1,0,0,1,0,0,1
2025/11/13 23:45,clusterA,8,4,1,3,0.09,0.08,1,0,0.08,1
2025/11/13 23:45,clusterB,8,4,3,1,0,0,1,0,0,1
2025/11/13 23:45,clusterA,8,4,1,3,0.09,0.08,1,0,0.08,1
2025/11/13 23:45,clusterB,8,4,3,1,0,0,1,0,0,1
2025/11/13 23:45,clusterA,8,4,1,3,0.09,0.08,1,0,0.08,1
2025/11/13 23:45,clusterB,8,4,3,1,0,0,1,0,0,1
2025/11/13 23:45,clusterA,8,4,1,3,0.09,0.08,1,0,0.08,1
2025/11/13 23:45,clusterB,8,4,3,1,0,0,1,0,0,1
2025/11/13 23:45,clusterA,8,4,1,3,0.09,0.08,1,0,0.08,1
2025/11/13 23:45,clusterB,8,4,3,1,0,0,1,0,0,1
2025/11/13 23:45,clusterA,8,4,1,3,0.09,0.08,1,0,0.08,1
2025/11/13 23:45,clusterB,8,4,3,1,0,0,1,0,0,1
2025/11/13 23:45,clusterA,8,4,1,3,0.09,0.08,1,0,0.08,1
2025/11/13 23:45,clusterB,8,4,3,1,0,0,1,0,0,1
2025/11/13 23:45,clusterA,8,4,1,3,0.09,0.08,1,0,0.08,1
2025/11/13 23:45,clusterB,8,4,3,1,0,0,1,0,0,1
2025/11/13 23:45,clusterA,8,4,1,3,0.09,0.08,1,0,0.08,1
2025/11/13 23:45,clusterB,8,4,3,1,0,0,1,0,0,1
2025/11/13 23:46,clusterA,8,4,1,3,0.1,0.08,1,0,0.08,1
2025/11/13 23:46,clusterB,8,4,3,1,0,0,1,0,0,1
2025/11/13 23:46,clusterA,8,4,1,3,0.09,0.08,1,0,0.08,1
2025/11/13 23:46,clusterB,8,4,3,1,0,0,1,0,0,1
2025/11/13 23:46,clusterA,8,4,1,3,0.09,0.08,1,0,0.08,1
2025/11/13 23:46,clusterB,8,4,3,1,0,0,1,0,0,1
2025/11/13 23:46,clusterA,8,4,1,3,0.09,0.08,1,0,0.08,1
2025/11/13 23:46,clusterB,8,4,3,1,0,0,1,0,0,1
2025/11/13 23:46,clusterA,8,4,1,3,0.09,0.08,1,0,0.08,1
2025/11/13 23:46,clusterB,8,4,3,1,0,0,1,0,0,1
2025/11/13 23:46,clusterA,8,4,1,3,0.08,0.08,1,0,0.08,1
2025/11/13 23:46,clusterB,8,4,3,1,0,0,1,0,0,1
2025/11/13 23:46,clusterA,8,4,1,3,0.08,0.08,1,0,0.08,1
2025/11/13 23:46,clusterB,8,4,3,1,0,0,1,0,0,1
2025/11/13 23:46,clusterA,8,4,1,3,0.08,0.08,1,0,0.08,1
2025/11/13 23:46,clusterB,8,4,3,1,0,0,1,0,0,1
2025/11/13 23:46,clusterA,8,4,1,3,0.09,0.08,1,0,0.08,1
2025/11/13 23:46,clusterB,8,4,3,1,0,0,1,0,0,1
2025/11/13 23:46,clusterA,8,4,1,3,0.09,0.08,1,0,0.08,1
2025/11/13 23:46,clusterB,8,4,3,1,0,0,1,0,0,1
2025/11/13 23:46,clusterA,8,4,1,3,0.09,0.08,1,0,0.08,1
2025/11/13 23:46,clusterB,8,4,3,1,0,0,1,0,0,1
2025/11/13 23:46,clusterA,8,4,1,3,0.09,0.08,1,0,0.08,1
2025/11/13 23:46,clusterB,8,4,3,1,0,0,1,0,0,1
2025/11/13 23:47,clusterA,8,4,1,3,0.08,0.08,1,0,0.08,1
2025/11/13 23:47,clusterB,8,4,3,1,0,0,1,0,0,1
2025/11/13 23:47,clusterA,8,4,1,3,0.08,0.08,1,0,0.08,1
2025/11/13 23:47,clusterB,8,4,3,1,0,0,1,0,0,1
2025/11/13 23:47,clusterA,8,4,1,3,0.08,0.08,1,0,0.08,1
2025/11/13 23:47,clusterB,8,4,3,1,0,0,1,0,0,1
2025/11/13 23:47,clusterA,8,4,1,3,0.08,0.08,1,0,0.08,1
2025/11/13 23:47,clusterB,8,4,3,1,0,0,1,0,0,1
2025/11/13 23:47,clusterA,8,4,1,3,0.08,0.08,1,0,0.08,1
2025/11/13 23:47,clusterB,8,4,3,1,0,0,1,0,0,1
2025/11/13 23:47,clusterA,8,4,1,3,0.09,0.08,1,0,0.08,1
2025/11/13 23:47,clusterB,8,4,3,1,0,0,1,0,0,1
2025/11/13 23:47,clusterA,8,4,1,3,0.09,0.08,1,0,0.08,1
2025/11/13 23:47,clusterB,8,4,3,1,0,0,1,0,0,1
2025/11/13 23:47,clusterA,8,4,1,3,0.09,0.08,1,0,0.08,1
2025/11/13 23:47,clusterB,8,4,3,1,0,0,1,0,0,1
2025/11/13 23:47,clusterA,8,4,1,3,0.09,0.08,1,0,0.08,1
2025/11/13 23:47,clusterB,8,4,3,1,0,0,1,0,0,1
2025/11/13 23:47,clusterA,8,4,1,3,0.09,0.08,1,0,0.08,1
2025/11/13 23:47,clusterB,8,4,3,1,0,0,1,0,0,1
2025/11/13 23:47,clusterA,8,4,1,3,0.09,0.08,1,0,0.08,1
2025/11/13 23:47,clusterB,8,4,3,1,0,0,1,0,0,1
2025/11/13 23:47,clusterA,8,4,1,3,0.08,0.08,1,0,0.08,1
2025/11/13 23:47,clusterB,8,4,3,1,0,0,1,0,0,1
2025/11/13 23:48,clusterA,8,4,1,3,0.08,0.08,1,0,0.08,1
2025/11/13 23:48,clusterB,8,4,3,1,0,0,1,0,0,1
2025/11/13 23:48,clusterA,8,4,1,3,0.08,0.08,1,0,0.08,1
2025/11/13 23:48,clusterB,8,4,3,1,0,0,1,0,0,1
2025/11/13 23:48,clusterA,8,4,1,3,0.08,0.08,1,0,0.08,1
2025/11/13 23:48,clusterB,8,4,3,1,0,0,1,0,0,1
2025/11/13 23:48,clusterA,8,4,1,3,0.08,0.08,1,0,0.08,1
2025/11/13 23:48,clusterB,8,4,3,1,0,0,1,0,0,1
2025/11/13 23:48,clusterA,8,4,1,3,0.08,0.08,1,0,0.08,1
2025/11/13 23:48,clusterB,8,4,3,1,0,0,1,0,0,1
2025/11/13 23:48,clusterA,8,4,1,3,0.08,0.08,1,0,0.08,1
2025/11/13 23:48,clusterB,8,4,3,1,0,0,1,0,0,1
2025/11/13 23:48,clusterA,8,4,1,3,0.08,0.08,1,0,0.08,1
2025/11/13 23:48,clusterB,8,4,3,1,0,0,1,0,0,1
2025/11/13 23:48,clusterA,8,4,1,3,0.08,0.08,1,0,0.08,1
2025/11/13 23:48,clusterB,8,4,3,1,0,0,1,0,0,1
2025/11/13 23:48,clusterA,8,4,1,3,0.08,0.08,1,0,0.08,1
2025/11/13 23:48,clusterB,8,4,3,1,0,0,1,0,0,1
2025/11/13 23:48,clusterA,8,4,1,3,0.08,0.08,1,0,0.08,1
2025/11/13 23:48,clusterB,8,4,3,1,0,0,1,0,0,1
2025/11/13 23:48,clusterA,8,4,1,3,0.08,0.08,1,0,0.08,1
2025/11/13 23:48,clusterB,8,4,3,1,0,0,1,0,0,1
2025/11/13 23:48,clusterA,8,4,1,3,0.08,0.07,1,0,0.07,1
2025/11/13 23:48,clusterB,8,4,3,1,0,0,1,0,0,1
2025/11/13 23:49,clusterA,8,4,1,3,0.08,0.08,1,0,0.08,1
2025/11/13 23:49,clusterB,8,4,3,1,0,0,1,0,0,1
2025/11/13 23:49,clusterA,8,4,1,3,0.08,0.08,1,0,0.08,1
2025/11/13 23:49,clusterB,8,4,3,1,0,0,1,0,0,1
2025/11/13 23:49,clusterA,8,4,1,3,0.08,0.08,1,0,0.08,1
2025/11/13 23:49,clusterB,8,4,3,1,0,0,1,0,0,1
2025/11/13 23:49,clusterA,8,4,1,3,0.08,0.08,1,0,0.08,1
2025/11/13 23:49,clusterB,8,4,3,1,0,0,1,0,0,1
2025/11/13 23:49,clusterA,8,4,1,3,0.08,0.08,1,0,0.08,1
2025/11/13 23:49,clusterB,8,4,3,1,0,0,1,0,0,1
2025/11/13 23:49,clusterA,8,4,1,3,0.08,0.08,1,0,0.08,1
2025/11/13 23:49,clusterB,8,4,3,1,0,0,1,0,0,1
2025/11/13 23:49,clusterA,8,4,1,3,0.09,0.08,1,0,0.08,1
2025/11/13 23:49,clusterB,8,4,3,1,0,0,1,0,0,1
2025/11/13 23:49,clusterA,8,4,1,3,0.09,0.08,1,0,0.08,1
2025/11/13 23:49,clusterB,8,4,3,1,0,0,1,0,0,1
2025/11/13 23:49,clusterA,8,4,1,3,0.09,0.08,1,0,0.08,1
2025/11/13 23:49,clusterB,8,4,3,1,0,0,1,0,0,1
2025/11/13 23:49,clusterA,8,4,1,3,0.09,0.08,1,0,0.08,1
2025/11/13 23:49,clusterB,8,4,3,1,0,0,1,0,0,1
2025/11/13 23:49,clusterA,8,4,1,3,0.09,0.08,1,0,0.08,1
2025/11/13 23:49,clusterB,8,4,3,1,0,0,1,0,0,1
2025/11/13 23:49,clusterA,8,4,1,3,0.09,0.08,1,0,0.08,1
2025/11/13 23:49,clusterB,8,4,3,1,0,0,1,0,0,1
2025/11/13 23:50,clusterA,8,4,1,3,0.09,0.08,1,0,0.08,1
2025/11/13 23:50,clusterB,8,4,3,1,0,0,1,0,0,1
2025/11/13 23:50,clusterA,8,4,1,3,0.09,0.08,1,0,0.08,1
2025/11/13 23:50,clusterB,8,4,3,1,0,0,1,0,0,1
2025/11/13 23:50,clusterA,8,4,1,3,0.09,0.08,1,0,0.08,1
2025/11/13 23:50,clusterB,8,4,3,1,0,0,1,0,0,1
2025/11/13 23:50,clusterA,8,4,1,3,0.09,0.08,1,0,0.08,1
2025/11/13 23:50,clusterB,8,4,3,1,0,0,1,0,0,1
2025/11/13 23:50,clusterA,8,4,1,3,0.09,0.08,1,0,0.08,1
2025/11/13 23:50,clusterB,8,4,3,1,0,0,1,0,0,1
2025/11/13 23:50,clusterA,8,4,1,3,0.09,0.07,1,0,0.07,1
2025/11/13 23:50,clusterB,8,4,3,1,0,0,1,0,0,1
2025/11/13 23:50,clusterA,8,4,1,3,0.09,0.08,1,0,0.08,1
2025/11/13 23:50,clusterB,8,4,3,1,0,0,1,0,0,1
2025/11/13 23:50,clusterA,8,4,1,3,0.09,0.08,1,0,0.08,1
2025/11/13 23:50,clusterB,8,4,3,1,0,0,1,0,0,1
2025/11/13 23:50,clusterA,8,4,1,3,0.08,0.08,1,0,0.08,1
2025/11/13 23:50,clusterB,8,4,3,1,0,0,1,0,0,1
2025/11/13 23:50,clusterA,8,4,1,3,0.08,0.08,1,0,0.08,1
2025/11/13 23:50,clusterB,8,4,3,1,0,0,1,0,0,1
2025/11/13 23:50,clusterA,8,4,1,3,0.08,0.07,1,0,0.07,1
2025/11/13 23:50,clusterB,8,4,3,1,0,0,1,0,0,1
2025/11/13 23:50,clusterA,8,4,1,3,0.08,0.08,1,0,0.08,1
2025/11/13 23:50,clusterB,8,4,3,1,0,0,1,0,0,1
2025/11/13 23:51,clusterA,8,4,1,3,0.08,0.08,1,0,0.08,1
2025/11/13 23:51,clusterB,8,4,3,1,0,0,1,0,0,1
2025/11/13 23:51,clusterA,8,4,1,3,0.08,0.08,1,0,0.08,1
2025/11/13 23:51,clusterB,8,4,3,1,0,0,1,0,0,1
2025/11/13 23:51,clusterA,8,4,1,3,0.08,0.08,1,0,0.08,1
2025/11/13 23:51,clusterB,8,4,3,1,0,0,1,0,0,1
2025/11/13 23:51,clusterA,8,4,1,3,0.08,0.08,1,0,0.08,1
2025/11/13 23:51,clusterB,8,4,3,1,0,0,1,0,0,1
2025/11/13 23:51,clusterA,8,4,1,3,0.08,0.08,1,0,0.08,1
2025/11/13 23:51,clusterB,8,4,3,1,0,0,1,0,0,1
2025/11/13 23:51,clusterA,8,4,1,3,0.08,0.08,1,0,0.08,1
2025/11/13 23:51,clusterB,8,4,3,1,0,0,1,0,0,1
2025/11/13 23:51,clusterA,8,4,1,3,0.08,0.08,1,0,0.08,1
2025/11/13 23:51,clusterB,8,4,3,1,0,0,1,0,0,1
2025/11/13 23:51,clusterA,8,4,1,3,0.09,0.08,1,0,0.08,1
2025/11/13 23:51,clusterB,8,4,3,1,0,0,1,0,0,1
2025/11/13 23:51,clusterA,8,4,1,3,0.1,0.08,1,0,0.08,1
2025/11/13 23:51,clusterB,8,4,3,1,0,0,1,0,0,1
2025/11/13 23:51,clusterA,8,4,1,3,0.1,0.08,1,0,0.08,1
2025/11/13 23:51,clusterB,8,4,3,1,0,0,1,0,0,1
2025/11/13 23:51,clusterA,8,4,1,3,0.1,0.08,1,0,0.08,1
2025/11/13 23:51,clusterB,8,4,3,1,0,0,1,0,0,1
2025/11/13 23:51,clusterA,8,4,1,3,0.1,0.08,1,0,0.08,1
2025/11/13 23:51,clusterB,8,4,3,1,0,0,1,0,0,1
2025/11/13 23:52,clusterA,8,4,1,3,0.1,0.08,1,0,0.08,1
2025/11/13 23:52,clusterB,8,4,3,1,0,0,1,0,0,1
2025/11/13 23:52,clusterA,8,4,1,3,0.1,0.08,1,0,0.08,1
2025/11/13 23:52,clusterB,8,4,3,1,0,0,1,0,0,1
2025/11/13 23:52,clusterA,8,4,1,3,0.1,0.08,1,0,0.08,1
2025/11/13 23:52,clusterB,8,4,3,1,0,0,1,0,0,1
2025/11/13 23:52,clusterA,8,4,1,3,0.1,0.08,1,0,0.08,1
2025/11/13 23:52,clusterB,8,4,3,1,0,0,1,0,0,1
2025/11/13 23:52,clusterA,8,4,1,3,0.1,0.08,1,0,0.08,1
2025/11/13 23:52,clusterB,8,4,3,1,0,0,1,0,0,1
2025/11/13 23:52,clusterA,8,4,1,3,0.1,0.08,1,0,0.08,1
2025/11/13 23:52,clusterB,8,4,3,1,0,0,1,0,0,1
2025/11/13 23:52,clusterA,8,4,1,3,0.1,0.08,1,0,0.08,1
2025/11/13 23:52,clusterB,8,4,3,1,0,0,1,0,0,1
2025/11/13 23:52,clusterA,8,4,1,3,0.09,0.08,1,0,0.08,1
2025/11/13 23:52,clusterB,8,4,3,1,0,0,1,0,0,1
2025/11/13 23:52,clusterA,8,4,1,3,0.09,0.08,1,0,0.08,1
2025/11/13 23:52,clusterB,8,4,3,1,0,0,1,0,0,1
2025/11/13 23:52,clusterA,8,4,1,3,0.08,0.08,1,0,0.08,1
2025/11/13 23:52,clusterB,8,4,3,1,0,0,1,0,0,1
2025/11/13 23:52,clusterA,8,4,1,3,0.08,0.08,1,0,0.08,1
2025/11/13 23:52,clusterB,8,4,3,1,0,0,1,0,0,1
2025/11/13 23:52,clusterA,8,4,1,3,0.08,0.08,1,0,0.08,1
2025/11/13 23:52,clusterB,8,4,3,1,0,0,1,0,0,1
2025/11/13 23:53,clusterA,8,4,1,3,0.08,0.08,1,0,0.08,1
2025/11/13 23:53,clusterB,8,4,3,1,0,0,1,0,0,1
2025/11/13 23:53,clusterA,8,4,1,3,0.09,0.08,1,0,0.08,1
2025/11/13 23:53,clusterB,8,4,3,1,0,0,1,0,0,1
2025/11/13 23:53,clusterA,8,4,1,3,0.09,0.08,1,0,0.08,1
2025/11/13 23:53,clusterB,8,4,3,1,0,0,1,0,0,1
2025/11/13 23:53,clusterA,8,4,1,3,0.09,0.08,1,0,0.08,1
2025/11/13 23:53,clusterB,8,4,3,1,0,0,1,0,0,1
2025/11/13 23:53,clusterA,8,4,1,3,0.09,0.08,1,0,0.08,1
2025/11/13 23:53,clusterB,8,4,3,1,0,0,1,0,0,1
2025/11/13 23:53,clusterA,8,4,1,3,0.09,0.08,1,0,0.08,1
2025/11/13 23:53,clusterB,8,4,3,1,0,0,1,0,0,1
2025/11/13 23:53,clusterA,8,4,1,3,0.09,0.08,1,0,0.08,1
2025/11/13 23:53,clusterB,8,4,3,1,0,0,1,0,0,1
2025/11/13 23:53,clusterA,8,4,1,3,0.09,0.08,1,0,0.08,1
2025/11/13 23:53,clusterB,8,4,3,1,0,0,1,0,0,1
2025/11/13 23:53,clusterA,8,4,1,3,0.09,0.08,1,0,0.08,1
2025/11/13 23:53,clusterB,8,4,3,1,0,0,1,0,0,1
2025/11/13 23:53,clusterA,8,4,1,3,0.1,0.08,1,0,0.08,1
2025/11/13 23:53,clusterB,8,4,3,1,0,0,1,0,0,1
2025/11/13 23:53,clusterA,8,4,1,3,0.1,0.08,1,0,0.08,1
2025/11/13 23:53,clusterB,8,4,3,1,0,0,1,0,0,1
2025/11/13 23:53,clusterA,8,4,1,3,0.1,0.08,1,0,0.08,1
2025/11/13 23:53,clusterB,8,4,3,1,0,0,1,0,0,1
2025/11/13 23:54,clusterA,8,4,1,3,0.1,0.08,1,0,0.08,1
2025/11/13 23:54,clusterB,8,4,3,1,0,0,1,0,0,1
2025/11/13 23:54,clusterA,8,4,1,3,0.09,0.08,1,0,0.08,1
2025/11/13 23:54,clusterB,8,4,3,1,0,0,1,0,0,1
2025/11/13 23:54,clusterA,8,4,1,3,0.1,0.08,1,0,0.08,1
2025/11/13 23:54,clusterB,8,4,3,1,0,0,1,0,0,1
2025/11/13 23:54,clusterA,8,4,1,3,0.09,0.08,1,0,0.08,1
2025/11/13 23:54,clusterB,8,4,3,1,0,0,1,0,0,1
2025/11/13 23:54,clusterA,8,4,1,3,0.09,0.08,1,0,0.08,1
2025/11/13 23:54,clusterB,8,4,3,1,0,0,1,0,0,1
2025/11/13 23:54,clusterA,8,4,1,3,0.09,0.08,1,0,0.08,1
2025/11/13 23:54,clusterB,8,4,3,1,0,0,1,0,0,1
2025/11/13 23:54,clusterA,8,4,1,3,0.09,0.08,1,0,0.08,1
2025/11/13 23:54,clusterB,8,4,3,1,0,0,1,0,0,1
2025/11/13 23:54,clusterA,8,4,1,3,0.09,0.08,1,0,0.08,1
2025/11/13 23:54,clusterB,8,4,3,1,0,0,1,0,0,1
2025/11/13 23:54,clusterA,8,4,1,3,0.09,0.08,1,0,0.08,1
2025/11/13 23:54,clusterB,8,4,3,1,0,0,1,0,0,1
2025/11/13 23:54,clusterA,8,4,1,3,0.09,0.08,1,0,0.08,1
2025/11/13 23:54,clusterB,8,4,3,1,0,0,1,0,0,1
2025/11/13 23:54,clusterA,8,4,1,3,0.08,0.08,1,0,0.08,1
2025/11/13 23:54,clusterB,8,4,3,1,0,0,1,0,0,1
2025/11/13 23:54,clusterA,8,4,1,3,0.08,0.08,1,0,0.08,1
2025/11/13 23:54,clusterB,8,4,3,1,0,0,1,0,0,1
2025/11/13 23:55,clusterA,8,4,1,3,0.07,0.08,1,0,0.08,1
2025/11/13 23:55,clusterB,8,4,3,1,0,0,1,0,0,1
2025/11/13 23:55,clusterA,8,4,1,3,0.07,0.08,1,0,0.08,1
2025/11/13 23:55,clusterB,8,4,3,1,0,0,1,0,0,1
2025/11/13 23:55,clusterA,8,4,1,3,0.07,0.08,1,0,0.08,1
2025/11/13 23:55,clusterB,8,4,3,1,0,0,1,0,0,1
2025/11/13 23:55,clusterA,8,4,1,3,0.07,0.08,1,0,0.08,1
2025/11/13 23:55,clusterB,8,4,3,1,0,0,1,0,0,1
2025/11/13 23:55,clusterA,8,4,1,3,0.07,0.08,1,0,0.08,1
2025/11/13 23:55,clusterB,8,4,3,1,0,0,1,0,0,1
2025/11/13 23:55,clusterA,8,4,1,3,0.07,0.08,1,0,0.08,1
2025/11/13 23:55,clusterB,8,4,3,1,0,0,1,0,0,1
2025/11/13 23:55,clusterA,8,4,1,3,0.07,0.08,1,0,0.08,1
2025/11/13 23:55,clusterB,8,4,3,1,0,0,1,0,0,1
2025/11/13 23:55,clusterA,8,4,1,3,0.07,0.08,1,0,0.08,1
2025/11/13 23:55,clusterB,8,4,3,1,0,0,1,0,0,1
2025/11/13 23:55,clusterA,8,4,1,3,0.07,0.08,1,0,0.08,1
2025/11/13 23:55,clusterB,8,4,3,1,0,0,1,0,0,1
2025/11/13 23:55,clusterA,8,4,1,3,0.07,0.08,1,0,0.08,1
2025/11/13 23:55,clusterB,8,4,3,1,0,0,1,0,0,1
2025/11/13 23:55,clusterA,8,4,1,3,0.08,0.08,1,0,0.08,1
2025/11/13 23:55,clusterB,8,4,3,1,0,0,1,0,0,1
2025/11/13 23:55,clusterA,8,4,1,3,0.08,0.08,1,0,0.08,1
2025/11/13 23:55,clusterB,8,4,3,1,0,0,1,0,0,1
2025/11/13 23:56,clusterA,8,4,1,3,0.09,0.08,1,0,0.08,1
2025/11/13 23:56,clusterB,8,4,3,1,0,0,1,0,0,1
2025/11/13 23:56,clusterA,8,4,1,3,0.09,0.08,1,0,0.08,1
2025/11/13 23:56,clusterB,8,4,3,1,0,0,1,0,0,1
2025/11/13 23:56,clusterA,8,4,1,3,0.09,0.08,1,0,0.08,1
2025/11/13 23:56,clusterB,8,4,3,1,0,0,1,0,0,1
2025/11/13 23:56,clusterA,8,4,1,3,0.09,0.08,1,0,0.08,1
2025/11/13 23:56,clusterB,8,4,3,1,0,0,1,0,0,1
2025/11/13 23:56,clusterA,8,4,1,3,0.09,0.08,1,0,0.08,1
2025/11/13 23:56,clusterB,8,4,3,1,0,0,1,0,0,1
2025/11/13 23:56,clusterA,8,4,1,3,0.09,0.08,1,0,0.08,1
2025/11/13 23:56,clusterB,8,4,3,1,0,0,1,0,0,1
2025/11/13 23:56,clusterA,8,4,1,3,0.09,0.08,1,0,0.08,1
2025/11/13 23:56,clusterB,8,4,3,1,0,0,1,0,0,1
2025/11/13 23:56,clusterA,8,4,1,3,0.09,0.08,1,0,0.08,1
2025/11/13 23:56,clusterB,8,4,3,1,0,0,1,0,0,1
2025/11/13 23:56,clusterA,8,4,1,3,0.09,0.08,1,0,0.08,1
2025/11/13 23:56,clusterB,8,4,3,1,0,0,1,0,0,1
2025/11/13 23:56,clusterA,8,4,1,3,0.1,0.08,1,0,0.08,1
2025/11/13 23:56,clusterB,8,4,3,1,0,0,1,0,0,1
2025/11/13 23:56,clusterA,8,4,1,3,0.1,0.08,1,0,0.08,1
2025/11/13 23:56,clusterB,8,4,3,1,0,0,1,0,0,1
2025/11/13 23:56,clusterA,8,4,1,3,0.1,0.08,1,0,0.08,1
2025/11/13 23:56,clusterB,8,4,3,1,0,0,1,0,0,1
2025/11/13 23:57,clusterA,8,4,1,3,0.1,0.08,1,0,0.08,1
2025/11/13 23:57,clusterB,8,4,3,1,0,0,1,0,0,1
2025/11/13 23:57,clusterA,8,4,1,3,0.1,0.08,1,0,0.08,1
2025/11/13 23:57,clusterB,8,4,3,1,0,0,1,0,0,1
2025/11/13 23:57,clusterA,8,4,1,3,0.1,0.08,1,0,0.08,1
2025/11/13 23:57,clusterB,8,4,3,1,0,0,1,0,0,1
2025/11/13 23:57,clusterA,8,4,1,3,0.1,0.08,1,0,0.08,1
2025/11/13 23:57,clusterB,8,4,3,1,0,0,1,0,0,1
2025/11/13 23:57,clusterA,8,4,1,3,0.1,0.08,1,0,0.08,1
2025/11/13 23:57,clusterB,8,4,3,1,0,0,1,0,0,1
2025/11/13 23:57,clusterA,8,4,1,3,0.1,0.08,1,0,0.08,1
2025/11/13 23:57,clusterB,8,4,3,1,0,0,1,0,0,1
2025/11/13 23:57,clusterA,8,4,1,3,0.1,0.08,1,0,0.08,1
2025/11/13 23:57,clusterB,8,4,3,1,0,0,1,0,0,1
2025/11/13 23:57,clusterA,8,4,1,3,0.1,0.08,1,0,0.08,1
2025/11/13 23:57,clusterB,8,4,3,1,0,0,1,0,0,1
2025/11/13 23:57,clusterA,8,4,1,3,0.09,0.08,1,0,0.08,1
2025/11/13 23:57,clusterB,8,4,3,1,0,0,1,0,0,1
2025/11/13 23:57,clusterA,8,4,1,3,0.09,0.08,1,0,0.08,1
2025/11/13 23:57,clusterB,8,4,3,1,0,0,1,0,0,1
2025/11/13 23:57,clusterA,8,4,1,3,0.08,0.08,1,0,0.08,1
2025/11/13 23:57,clusterB,8,4,3,1,0,0,1,0,0,1
2025/11/13 23:57,clusterA,8,4,1,3,0.08,0.08,1,0,0.08,1
2025/11/13 23:57,clusterB,8,4,3,1,0,0,1,0,0,1
2025/11/13 23:58,clusterA,8,4,1,3,0.09,0.08,1,0,0.08,1
2025/11/13 23:58,clusterB,8,4,3,1,0,0,1,0,0,1
2025/11/13 23:58,clusterA,8,4,1,3,0.09,0.08,1,0,0.08,1
2025/11/13 23:58,clusterB,8,4,3,1,0,0,1,0,0,1
2025/11/13 23:58,clusterA,8,4,1,3,0.09,0.08,1,0,0.08,1
2025/11/13 23:58,clusterB,8,4,3,1,0,0,1,0,0,1
2025/11/13 23:58,clusterA,8,4,1,3,0.09,0.08,1,0,0.08,1
2025/11/13 23:58,clusterB,8,4,3,1,0,0,1,0,0,1
2025/11/13 23:58,clusterA,8,4,1,3,0.09,0.08,1,0,0.08,1
2025/11/13 23:58,clusterB,8,4,3,1,0,0,1,0,0,1
2025/11/13 23:58,clusterA,8,4,1,3,0.09,0.08,1,0,0.08,1
2025/11/13 23:58,clusterB,8,4,3,1,0,0,1,0,0,1
2025/11/13 23:58,clusterA,8,4,1,3,0.09,0.08,1,0,0.08,1
2025/11/13 23:58,clusterB,8,4,3,1,0,0,1,0,0,1
2025/11/13 23:58,clusterA,8,4,1,3,0.09,0.08,1,0,0.08,1
2025/11/13 23:58,clusterB,8,4,3,1,0,0,1,0,0,1
2025/11/13 23:58,clusterA,8,4,1,3,0.09,0.08,1,0,0.08,1
2025/11/13 23:58,clusterB,8,4,3,1,0,0,1,0,0,1
2025/11/13 23:58,clusterA,8,4,1,3,0.09,0.08,1,0,0.08,1
2025/11/13 23:58,clusterB,8,4,3,1,0,0,1,0,0,1
2025/11/13 23:58,clusterA,8,4,1,3,0.09,0.08,1,0,0.08,1
2025/11/13 23:58,clusterB,8,4,3,1,0,0,1,0,0,1
2025/11/13 23:58,clusterA,8,4,1,3,0.08,0.08,1,0,0.08,1
2025/11/13 23:58,clusterB,8,4,3,1,0,0,1,0,0,1
2025/11/13 23:59,clusterA,8,4,1,3,0.09,0.08,1,0,0.08,1
2025/11/13 23:59,clusterB,8,4,3,1,0,0,1,0,0,1
2025/11/13 23:59,clusterA,8,4,1,3,0.08,0.08,1,0,0.08,1
2025/11/13 23:59,clusterB,8,4,3,1,0,0,1,0,0,1
2025/11/13 23:59,clusterA,8,4,1,3,0.08,0.07,1,0,0.07,1
2025/11/13 23:59,clusterB,8,4,3,1,0,0,1,0,0,1
2025/11/13 23:59,clusterA,8,4,1,3,0.08,0.07,1,0,0.07,1
2025/11/13 23:59,clusterB,8,4,3,1,0,0,1,0,0,1
2025/11/13 23:59,clusterA,8,4,1,3,0.08,0.07,1,0,0.07,1
2025/11/13 23:59,clusterB,8,4,3,1,0,0,1,0,0,1
2025/11/13 23:59,clusterA,8,4,1,3,0.08,0.07,1,0,0.07,1
2025/11/13 23:59,clusterB,8,4,3,1,0,0,1,0,0,1
2025/11/13 23:59,clusterA,8,4,1,3,0.08,0.07,1,0,0.07,1
2025/11/13 23:59,clusterB,8,4,3,1,0,0,1,0,0,1
2025/11/13 23:59,clusterA,8,4,1,3,0.08,0.07,1,0,0.07,1
2025/11/13 23:59,clusterB,8,4,3,1,0,0,1,0,0,1
2025/11/13 23:59,clusterA,8,4,1,3,0.08,0.07,1,0,0.07,1
2025/11/13 23:59,clusterB,8,4,3,1,0,0,1,0,0,1
2025/11/13 23:59,clusterA,8,4,1,3,0.08,0.07,1,0,0.07,1
2025/11/13 23:59,clusterB,8,4,3,1,0,0,1,0,0,1
2025/11/13 23:59,clusterA,8,4,1,3,0.08,0.08,1,0,0.08,1
2025/11/13 23:59,clusterB,8,4,3,1,0,0,1,0,0,1
2025/11/13 23:59,clusterA,8,4,1,3,0.09,0.08,1,0,0.08,1
2025/11/13 23:59,clusterB,8,4,3,1,0,0,1,0,0,1
2025/11/14 0:00,clusterA,8,4,1,3,0.08,0.08,1,0,0.08,1
2025/11/14 0:00,clusterB,8,4,3,1,0,0,1,0,0,1
2025/11/14 0:00,clusterA,8,4,1,3,0.08,0.08,1,0,0.08,1
2025/11/14 0:00,clusterB,8,4,3,1,0,0,1,0,0,1
2025/11/14 0:00,clusterA,8,4,1,3,0.08,0.08,1,0,0.08,1
2025/11/14 0:00,clusterB,8,4,3,1,0,0,1,0,0,1
2025/11/14 0:00,clusterA,8,4,1,3,0.08,0.08,1,0,0.08,1
2025/11/14 0:00,clusterB,8,4,3,1,0,0,1,0,0,1
2025/11/14 0:00,clusterA,8,4,1,3,0.09,0.08,1,0,0.08,1
2025/11/14 0:00,clusterB,8,4,3,1,0,0,1,0,0,1
2025/11/14 0:00,clusterA,8,4,1,3,0.09,0.08,1,0,0.08,1
2025/11/14 0:00,clusterB,8,4,3,1,0,0,1,0,0,1
2025/11/14 0:00,clusterA,8,4,1,3,0.09,0.08,1,0,0.08,1
2025/11/14 0:00,clusterB,8,4,3,1,0,0,1,0,0,1
2025/11/14 0:00,clusterA,8,4,1,3,0.09,0.08,1,0,0.08,1
2025/11/14 0:00,clusterB,8,4,3,1,0,0,1,0,0,1
2025/11/14 0:00,clusterA,8,4,1,3,0.09,0.08,1,0,0.08,1
2025/11/14 0:00,clusterB,8,4,3,1,0,0,1,0,0,1
2025/11/14 0:00,clusterA,8,4,1,3,0.09,0.08,1,0,0.08,1
2025/11/14 0:00,clusterB,8,4,3,1,0,0,1,0,0,1
2025/11/14 0:00,clusterA,8,4,1,3,0.09,0.08,1,0,0.08,1
2025/11/14 0:00,clusterB,8,4,3,1,0,0,1,0,0,1
2025/11/14 0:00,clusterA,8,4,1,3,0.09,0.08,1,0,0.08,1
2025/11/14 0:00,clusterB,8,4,3,1,0,0,1,0,0,1
2025/11/14 0:01,clusterA,8,4,1,3,0.09,0.08,1,0,0.08,1
2025/11/14 0:01,clusterB,8,4,3,1,0,0,1,0,0,1
2025/11/14 0:01,clusterA,8,4,1,3,0.09,0.08,1,0,0.08,1
2025/11/14 0:01,clusterB,8,4,3,1,0,0,1,0,0,1
2025/11/14 0:01,clusterA,8,4,1,3,0.09,0.08,1,0,0.08,1
2025/11/14 0:01,clusterB,8,4,3,1,0,0,1,0,0,1
2025/11/14 0:01,clusterA,8,4,1,3,0.09,0.08,1,0,0.08,1
2025/11/14 0:01,clusterB,8,4,3,1,0,0,1,0,0,1
2025/11/14 0:01,clusterA,8,4,1,3,0.09,0.08,1,0,0.08,1
2025/11/14 0:01,clusterB,8,4,3,1,0,0,1,0,0,1
2025/11/14 0:01,clusterA,8,4,1,3,0.08,0.07,1,0,0.07,1
2025/11/14 0:01,clusterB,8,4,3,1,0,0,1,0,0,1
2025/11/14 0:01,clusterA,8,4,1,3,0.08,0.08,1,0,0.08,1
2025/11/14 0:01,clusterB,8,4,3,1,0,0,1,0,0,1
2025/11/14 0:01,clusterA,8,4,1,3,0.08,0.08,1,0,0.08,1
2025/11/14 0:01,clusterB,8,4,3,1,0,0,1,0,0,1
2025/11/14 0:01,clusterA,8,4,1,3,0.08,0.08,1,0,0.08,1
2025/11/14 0:01,clusterB,8,4,3,1,0,0,1,0,0,1
2025/11/14 0:01,clusterA,8,4,1,3,0.08,0.07,1,0,0.07,1
2025/11/14 0:01,clusterB,8,4,3,1,0,0,1,0,0,1
2025/11/14 0:01,clusterA,8,4,1,3,0.07,0.07,1,0,0.07,1
2025/11/14 0:01,clusterB,8,4,3,1,0,0,1,0,0,1
2025/11/14 0:01,clusterA,8,4,1,3,0.07,0.07,1,0,0.07,1
2025/11/14 0:01,clusterB,8,4,3,1,0,0,1,0,0,1
2025/11/14 0:02,clusterA,8,4,1,3,0.08,0.08,1,0,0.08,1
2025/11/14 0:02,clusterB,8,4,3,1,0,0,1,0,0,1
2025/11/14 0:02,clusterA,8,4,1,3,0.08,0.08,1,0,0.08,1
2025/11/14 0:02,clusterB,8,4,3,1,0,0,1,0,0,1
2025/11/14 0:02,clusterA,8,4,1,3,0.08,0.08,1,0,0.08,1
2025/11/14 0:02,clusterB,8,4,3,1,0,0,1,0,0,1
2025/11/14 0:02,clusterA,8,4,1,3,0.08,0.08,1,0,0.08,1
2025/11/14 0:02,clusterB,8,4,3,1,0,0,1,0,0,1
2025/11/14 0:02,clusterA,8,4,1,3,0.08,0.08,1,0,0.08,1
2025/11/14 0:02,clusterB,8,4,3,1,0,0,1,0,0,1
2025/11/14 0:02,clusterA,8,4,1,3,0.08,0.08,1,0,0.08,1
2025/11/14 0:02,clusterB,8,4,3,1,0,0,1,0,0,1
2025/11/14 0:02,clusterA,8,4,1,3,0.09,0.08,1,0,0.08,1
2025/11/14 0:02,clusterB,8,4,3,1,0,0,1,0,0,1
2025/11/14 0:02,clusterA,8,4,1,3,0.09,0.08,1,0,0.08,1
2025/11/14 0:02,clusterB,8,4,3,1,0,0,1,0,0,1
2025/11/14 0:02,clusterA,8,4,1,3,0.09,0.08,1,0,0.08,1
2025/11/14 0:02,clusterB,8,4,3,1,0,0,1,0,0,1
2025/11/14 0:02,clusterA,8,4,1,3,0.09,0.08,1,0,0.08,1
2025/11/14 0:02,clusterB,8,4,3,1,0,0,1,0,0,1
2025/11/14 0:02,clusterA,8,4,1,3,0.1,0.08,1,0,0.08,1
2025/11/14 0:02,clusterB,8,4,3,1,0,0,1,0,0,1
2025/11/14 0:02,clusterA,8,4,1,3,0.09,0.08,1,0,0.08,1
2025/11/14 0:02,clusterB,8,4,3,1,0,0,1,0,0,1
2025/11/14 0:03,clusterA,8,4,1,3,0.09,0.08,1,0,0.08,1
2025/11/14 0:03,clusterB,8,4,3,1,0,0,1,0,0,1
2025/11/14 0:03,clusterA,8,4,1,3,0.09,0.08,1,0,0.08,1
2025/11/14 0:03,clusterB,8,4,3,1,0,0,1,0,0,1
2025/11/14 0:03,clusterA,8,4,1,3,0.1,0.08,1,0,0.08,1
2025/11/14 0:03,clusterB,8,4,3,1,0,0,1,0,0,1
2025/11/14 0:03,clusterA,8,4,1,3,0.09,0.08,1,0,0.08,1
2025/11/14 0:03,clusterB,8,4,3,1,0,0,1,0,0,1
2025/11/14 0:03,clusterA,8,4,1,3,0.09,0.08,1,0,0.08,1
2025/11/14 0:03,clusterB,8,4,3,1,0,0,1,0,0,1
2025/11/14 0:03,clusterA,8,4,1,3,0.09,0.08,1,0,0.08,1
2025/11/14 0:03,clusterB,8,4,3,1,0,0,1,0,0,1
2025/11/14 0:03,clusterA,8,4,1,3,0.09,0.08,1,0,0.08,1
2025/11/14 0:03,clusterB,8,4,3,1,0,0,1,0,0,1
2025/11/14 0:03,clusterA,8,4,1,3,0.09,0.08,1,0,0.08,1
2025/11/14 0:03,clusterB,8,4,3,1,0,0,1,0,0,1
2025/11/14 0:03,clusterA,8,4,1,3,0.08,0.08,1,0,0.08,1
2025/11/14 0:03,clusterB,8,4,3,1,0,0,1,0,0,1
2025/11/14 0:03,clusterA,8,4,1,3,0.08,0.08,1,0,0.08,1
2025/11/14 0:03,clusterB,8,4,3,1,0,0,1,0,0,1
2025/11/14 0:03,clusterA,8,4,1,3,0.08,0.08,1,0,0.08,1
2025/11/14 0:03,clusterB,8,4,3,1,0,0,1,0,0,1
2025/11/14 0:03,clusterA,8,4,1,3,0.08,0.08,1,0,0.08,1
2025/11/14 0:03,clusterB,8,4,3,1,0,0,1,0,0,1
2025/11/14 0:04,clusterA,8,4,1,3,0.08,0.08,1,0,0.08,1
2025/11/14 0:04,clusterB,8,4,3,1,0,0,1,0,0,1
2025/11/14 0:04,clusterA,8,4,1,3,0.08,0.08,1,0,0.08,1
2025/11/14 0:04,clusterB,8,4,3,1,0,0,1,0,0,1
2025/11/14 0:04,clusterA,8,4,1,3,0.08,0.08,1,0,0.08,1
2025/11/14 0:04,clusterB,8,4,3,1,0,0,1,0,0,1
2025/11/14 0:04,clusterA,8,4,1,3,0.08,0.08,1,0,0.08,1
2025/11/14 0:04,clusterB,8,4,3,1,0,0,1,0,0,1
2025/11/14 0:04,clusterA,8,4,1,3,0.08,0.08,1,0,0.08,1
2025/11/14 0:04,clusterB,8,4,3,1,0,0,1,0,0,1
2025/11/14 0:04,clusterA,8,4,1,3,0.08,0.08,1,0,0.08,1
2025/11/14 0:04,clusterB,8,4,3,1,0,0,1,0,0,1
2025/11/14 0:04,clusterA,8,4,1,3,0.08,0.08,1,0,0.08,1
2025/11/14 0:04,clusterB,8,4,3,1,0,0,1,0,0,1
2025/11/14 0:04,clusterA,8,4,1,3,0.08,0.08,1,0,0.08,1
2025/11/14 0:04,clusterB,8,4,3,1,0,0,1,0,0,1
2025/11/14 0:04,clusterA,8,4,1,3,0.09,0.08,1,0,0.08,1
2025/11/14 0:04,clusterB,8,4,3,1,0,0,1,0,0,1
2025/11/14 0:04,clusterA,8,4,1,3,0.1,0.08,1,0,0.08,1
2025/11/14 0:04,clusterB,8,4,3,1,0,0,1,0,0,1
2025/11/14 0:04,clusterA,8,4,1,3,0.09,0.08,1,0,0.08,1
2025/11/14 0:04,clusterB,8,4,3,1,0,0,1,0,0,1
2025/11/14 0:04,clusterA,8,4,1,3,0.09,0.08,1,0,0.08,1
2025/11/14 0:04,clusterB,8,4,3,1,0,0,1,0,0,1
2025/11/14 0:05,clusterA,8,4,1,3,0.09,0.08,1,0,0.08,1
2025/11/14 0:05,clusterB,8,4,3,1,0,0,1,0,0,1
2025/11/14 0:05,clusterA,8,4,1,3,0.09,0.08,1,0,0.08,1
2025/11/14 0:05,clusterB,8,4,3,1,0,0,1,0,0,1
2025/11/14 0:05,clusterA,8,4,1,3,0.09,0.08,1,0,0.08,1
2025/11/14 0:05,clusterB,8,4,3,1,0,0,1,0,0,1
2025/11/14 0:05,clusterA,8,4,1,3,0.1,0.08,1,0,0.08,1
2025/11/14 0:05,clusterB,8,4,3,1,0,0,1,0,0,1
2025/11/14 0:05,clusterA,8,4,1,3,0.09,0.08,1,0,0.08,1
2025/11/14 0:05,clusterB,8,4,3,1,0,0,1,0,0,1
2025/11/14 0:05,clusterA,8,4,1,3,0.09,0.08,1,0,0.08,1
2025/11/14 0:05,clusterB,8,4,3,1,0,0,1,0,0,1
2025/11/14 0:05,clusterA,8,4,1,3,0.09,0.08,1,0,0.08,1
2025/11/14 0:05,clusterB,8,4,3,1,0,0,1,0,0,1
2025/11/14 0:05,clusterA,8,4,1,3,0.09,0.08,1,0,0.08,1
2025/11/14 0:05,clusterB,8,4,3,1,0,0,1,0,0,1
2025/11/14 0:05,clusterA,8,4,1,3,0.09,0.08,1,0,0.08,1
2025/11/14 0:05,clusterB,8,4,3,1,0,0,1,0,0,1
2025/11/14 0:05,clusterA,8,4,1,3,0.09,0.08,1,0,0.08,1
2025/11/14 0:05,clusterB,8,4,3,1,0,0,1,0,0,1
2025/11/14 0:05,clusterA,8,4,1,3,0.08,0.08,1,0,0.08,1
2025/11/14 0:05,clusterB,8,4,3,1,0,0,1,0,0,1
2025/11/14 0:05,clusterA,8,4,1,3,0.08,0.08,1,0,0.08,1
2025/11/14 0:05,clusterB,8,4,3,1,0,0,1,0,0,1
2025/11/14 0:06,clusterA,8,4,1,3,0.08,0.08,1,0,0.08,1
2025/11/14 0:06,clusterB,8,4,3,1,0,0,1,0,0,1
2025/11/14 0:06,clusterA,8,4,1,3,0.08,0.08,1,0,0.08,1
2025/11/14 0:06,clusterB,8,4,3,1,0,0,1,0,0,1
2025/11/14 0:06,clusterA,8,4,1,3,0.08,0.08,1,0,0.08,1
2025/11/14 0:06,clusterB,8,4,3,1,0,0,1,0,0,1
2025/11/14 0:06,clusterA,8,4,1,3,0.08,0.08,1,0,0.08,1
2025/11/14 0:06,clusterB,8,4,3,1,0,0,1,0,0,1
2025/11/14 0:06,clusterA,8,4,1,3,0.08,0.08,1,0,0.08,1
2025/11/14 0:06,clusterB,8,4,3,1,0,0,1,0,0,1
2025/11/14 0:06,clusterA,8,4,1,3,0.08,0.08,1,0,0.08,1
2025/11/14 0:06,clusterB,8,4,3,1,0,0,1,0,0,1
2025/11/14 0:06,clusterA,8,4,1,3,0.08,0.08,1,0,0.08,1
2025/11/14 0:06,clusterB,8,4,3,1,0,0,1,0,0,1
2025/11/14 0:06,clusterA,8,4,1,3,0.08,0.08,1,0,0.08,1
2025/11/14 0:06,clusterB,8,4,3,1,0,0,1,0,0,1
2025/11/14 0:06,clusterA,8,4,1,3,0.08,0.08,1,0,0.08,1
2025/11/14 0:06,clusterB,8,4,3,1,0,0,1,0,0,1
2025/11/14 0:06,clusterA,8,4,1,3,0.09,0.08,1,0,0.08,1
2025/11/14 0:06,clusterB,8,4,3,1,0,0,1,0,0,1
2025/11/14 0:06,clusterA,8,4,1,3,0.09,0.08,1,0,0.08,1
2025/11/14 0:06,clusterB,8,4,3,1,0,0,1,0,0,1
2025/11/14 0:06,clusterA,8,4,1,3,0.1,0.08,1,0,0.08,1
2025/11/14 0:06,clusterB,8,4,3,1,0,0,1,0,0,1
2025/11/14 0:07,clusterA,8,4,1,3,0.1,0.08,1,0,0.08,1
2025/11/14 0:07,clusterB,8,4,3,1,0,0,1,0,0,1
2025/11/14 0:07,clusterA,8,4,1,3,0.1,0.08,1,0,0.08,1
2025/11/14 0:07,clusterB,8,4,3,1,0,0,1,0,0,1
2025/11/14 0:07,clusterA,8,4,1,3,0.1,0.08,1,0,0.08,1
2025/11/14 0:07,clusterB,8,4,3,1,0,0,1,0,0,1
2025/11/14 0:07,clusterA,8,4,1,3,0.1,0.08,1,0,0.08,1
2025/11/14 0:07,clusterB,8,4,3,1,0,0,1,0,0,1
2025/11/14 0:07,clusterA,8,4,1,3,0.1,0.08,1,0,0.08,1
2025/11/14 0:07,clusterB,8,4,3,1,0,0,1,0,0,1
2025/11/14 0:07,clusterA,8,4,1,3,0.09,0.08,1,0,0.08,1
2025/11/14 0:07,clusterB,8,4,3,1,0,0,1,0,0,1
2025/11/14 0:07,clusterA,8,4,1,3,0.09,0.08,1,0,0.08,1
2025/11/14 0:07,clusterB,8,4,3,1,0,0,1,0,0,1
2025/11/14 0:07,clusterA,8,4,1,3,0.09,0.08,1,0,0.08,1
2025/11/14 0:07,clusterB,8,4,3,1,0,0,1,0,0,1
2025/11/14 0:07,clusterA,8,4,1,3,0.08,0.08,1,0,0.08,1
2025/11/14 0:07,clusterB,8,4,3,1,0,0,1,0,0,1
2025/11/14 0:07,clusterA,8,4,1,3,0.08,0.08,1,0,0.08,1
2025/11/14 0:07,clusterB,8,4,3,1,0,0,1,0,0,1
2025/11/14 0:07,clusterA,8,4,1,3,0.08,0.08,1,0,0.08,1
2025/11/14 0:07,clusterB,8,4,3,1,0,0,1,0,0,1
2025/11/14 0:07,clusterA,8,4,1,3,0.08,0.08,1,0,0.08,1
2025/11/14 0:07,clusterB,8,4,3,1,0,0,1,0,0,1
2025/11/14 0:08,clusterA,8,4,1,3,0.08,0.08,1,0,0.08,1
2025/11/14 0:08,clusterB,8,4,3,1,0,0,1,0,0,1
2025/11/14 0:08,clusterA,8,4,1,3,0.07,0.08,1,0,0.08,1
2025/11/14 0:08,clusterB,8,4,3,1,0,0,1,0,0,1
2025/11/14 0:08,clusterA,8,4,1,3,0.07,0.08,1,0,0.08,1
2025/11/14 0:08,clusterB,8,4,3,1,0,0,1,0,0,1
2025/11/14 0:08,clusterA,8,4,1,3,0.07,0.08,1,0,0.08,1
2025/11/14 0:08,clusterB,8,4,3,1,0,0,1,0,0,1
2025/11/14 0:08,clusterA,8,4,1,3,0.07,0.08,1,0,0.08,1
2025/11/14 0:08,clusterB,8,4,3,1,0,0,1,0,0,1
2025/11/14 0:08,clusterA,8,4,1,3,0.07,0.08,1,0,0.08,1
2025/11/14 0:08,clusterB,8,4,3,1,0,0,1,0,0,1
2025/11/14 0:08,clusterA,8,4,1,3,0.08,0.08,1,0,0.08,1
2025/11/14 0:08,clusterB,8,4,3,1,0,0,1,0,0,1
2025/11/14 0:08,clusterA,8,4,1,3,0.07,0.08,1,0,0.08,1
2025/11/14 0:08,clusterB,8,4,3,1,0,0,1,0,0,1
2025/11/14 0:08,clusterA,8,4,1,3,0.08,0.08,1,0,0.08,1
2025/11/14 0:08,clusterB,8,4,3,1,0,0,1,0,0,1
2025/11/14 0:08,clusterA,8,4,1,3,0.09,0.08,1,0,0.08,1
2025/11/14 0:08,clusterB,8,4,3,1,0,0,1,0,0,1
2025/11/14 0:08,clusterA,8,4,1,3,0.09,0.08,1,0,0.08,1
2025/11/14 0:08,clusterB,8,4,3,1,0,0,1,0,0,1
2025/11/14 0:08,clusterA,8,4,1,3,0.09,0.08,1,0,0.08,1
2025/11/14 0:08,clusterB,8,4,3,1,0,0,1,0,0,1
2025/11/14 0:09,clusterA,8,4,1,3,0.09,0.08,1,0,0.08,1
2025/11/14 0:09,clusterB,8,4,3,1,0,0,1,0,0,1
2025/11/14 0:09,clusterA,8,4,1,3,0.1,0.08,1,0,0.08,1
2025/11/14 0:09,clusterB,8,4,3,1,0,0,1,0,0,1
2025/11/14 0:09,clusterA,8,4,1,3,0.1,0.08,1,0,0.08,1
2025/11/14 0:09,clusterB,8,4,3,1,0,0,1,0,0,1
2025/11/14 0:09,clusterA,8,4,1,3,0.1,0.08,1,0,0.08,1
2025/11/14 0:09,clusterB,8,4,3,1,0,0,1,0,0,1
2025/11/14 0:09,clusterA,8,4,1,3,0.1,0.08,1,0,0.08,1
2025/11/14 0:09,clusterB,8,4,3,1,0,0,1,0,0,1
2025/11/14 0:09,clusterA,8,4,1,3,0.1,0.08,1,0,0.08,1
2025/11/14 0:09,clusterB,8,4,3,1,0,0,1,0,0,1
2025/11/14 0:09,clusterA,8,4,1,3,0.1,0.08,1,0,0.08,1
2025/11/14 0:09,clusterB,8,4,3,1,0,0,1,0,0,1
2025/11/14 0:09,clusterA,8,4,1,3,0.1,0.08,1,0,0.08,1
2025/11/14 0:09,clusterB,8,4,3,1,0,0,1,0,0,1
2025/11/14 0:09,clusterA,8,4,1,3,0.1,0.08,1,0,0.08,1
2025/11/14 0:09,clusterB,8,4,3,1,0,0,1,0,0,1
2025/11/14 0:09,clusterA,8,4,1,3,0.1,0.08,1,0,0.08,1
2025/11/14 0:09,clusterB,8,4,3,1,0,0,1,0,0,1
2025/11/14 0:09,clusterA,8,4,1,3,0.1,0.08,1,0,0.08,1
2025/11/14 0:09,clusterB,8,4,3,1,0,0,1,0,0,1
2025/11/14 0:09,clusterA,8,4,1,3,0.1,0.08,1,0,0.08,1
2025/11/14 0:09,clusterB,8,4,3,1,0,0,1,0,0,1
2025/11/14 0:10,clusterA,8,4,1,3,0.09,0.08,1,0,0.08,1
2025/11/14 0:10,clusterB,8,4,3,1,0,0,1,0,0,1
2025/11/14 0:10,clusterA,8,4,1,3,0.09,0.08,1,0,0.08,1
2025/11/14 0:10,clusterB,8,4,3,1,0,0,1,0,0,1
2025/11/14 0:10,clusterA,8,4,1,3,0.09,0.08,1,0,0.08,1
2025/11/14 0:10,clusterB,8,4,3,1,0,0,1,0,0,1
2025/11/14 0:10,clusterA,8,4,1,3,0.08,0.08,1,0,0.08,1
2025/11/14 0:10,clusterB,8,4,3,1,0,0,1,0,0,1
2025/11/14 0:10,clusterA,8,4,1,3,0.08,0.08,1,0,0.08,1
2025/11/14 0:10,clusterB,8,4,3,1,0,0,1,0,0,1
2025/11/14 0:10,clusterA,8,4,1,3,0.08,0.08,1,0,0.08,1
2025/11/14 0:10,clusterB,8,4,3,1,0,0,1,0,0,1
2025/11/14 0:10,clusterA,8,4,1,3,0.08,0.08,1,0,0.08,1
2025/11/14 0:10,clusterB,8,4,3,1,0,0,1,0,0,1
2025/11/14 0:10,clusterA,8,4,1,3,0.08,0.08,1,0,0.08,1
2025/11/14 0:10,clusterB,8,4,3,1,0,0,1,0,0,1
2025/11/14 0:10,clusterA,8,4,1,3,0.09,0.08,1,0,0.08,1
2025/11/14 0:10,clusterB,8,4,3,1,0,0,1,0,0,1
2025/11/14 0:10,clusterA,8,4,1,3,0.09,0.08,1,0,0.08,1
2025/11/14 0:10,clusterB,8,4,3,1,0,0,1,0,0,1
2025/11/14 0:10,clusterA,8,4,1,3,0.09,0.08,1,0,0.08,1
2025/11/14 0:10,clusterB,8,4,3,1,0,0,1,0,0,1
2025/11/14 0:10,clusterA,8,4,1,3,0.09,0.08,1,0,0.08,1
2025/11/14 0:10,clusterB,8,4,3,1,0,0,1,0,0,1
2025/11/14 0:11,clusterA,8,4,1,3,0.09,0.08,1,0,0.08,1
2025/11/14 0:11,clusterB,8,4,3,1,0,0,1,0,0,1
2025/11/14 0:11,clusterA,8,4,1,3,0.09,0.08,1,0,0.08,1
2025/11/14 0:11,clusterB,8,4,3,1,0,0,1,0,0,1
2025/11/14 0:11,clusterA,8,4,1,3,0.09,0.08,1,0,0.08,1
2025/11/14 0:11,clusterB,8,4,3,1,0,0,1,0,0,1
2025/11/14 0:11,clusterA,8,4,1,3,0.1,0.08,1,0,0.08,1
2025/11/14 0:11,clusterB,8,4,3,1,0,0,1,0,0,1
2025/11/14 0:11,clusterA,8,4,1,3,0.1,0.08,1,0,0.08,1
2025/11/14 0:11,clusterB,8,4,3,1,0,0,1,0,0,1
2025/11/14 0:11,clusterA,8,4,1,3,0.09,0.08,1,0,0.08,1
2025/11/14 0:11,clusterB,8,4,3,1,0,0,1,0,0,1
2025/11/14 0:11,clusterA,8,4,1,3,0.09,0.08,1,0,0.08,1
2025/11/14 0:11,clusterB,8,4,3,1,0,0,1,0,0,1
2025/11/14 0:11,clusterA,8,4,1,3,0.1,0.08,1,0,0.08,1
2025/11/14 0:11,clusterB,8,4,3,1,0,0,1,0,0,1
2025/11/14 0:11,clusterA,8,4,1,3,0.09,0.08,1,0,0.08,1
2025/11/14 0:11,clusterB,8,4,3,1,0,0,1,0,0,1
2025/11/14 0:11,clusterA,8,4,1,3,0.09,0.08,1,0,0.08,1
2025/11/14 0:11,clusterB,8,4,3,1,0,0,1,0,0,1
2025/11/14 0:11,clusterA,8,4,1,3,0.09,0.08,1,0,0.08,1
2025/11/14 0:11,clusterB,8,4,3,1,0,0,1,0,0,1
2025/11/14 0:11,clusterA,8,4,1,3,0.09,0.08,1,0,0.08,1
2025/11/14 0:11,clusterB,8,4,3,1,0,0,1,0,0,1
2025/11/14 0:12,clusterA,8,4,1,3,0.09,0.08,1,0,0.08,1
2025/11/14 0:12,clusterB,8,4,3,1,0,0,1,0,0,1
2025/11/14 0:12,clusterA,8,4,1,3,0.09,0.08,1,0,0.08,1
2025/11/14 0:12,clusterB,8,4,3,1,0,0,1,0,0,1
2025/11/14 0:12,clusterA,8,4,1,3,0.09,0.08,1,0,0.08,1
2025/11/14 0:12,clusterB,8,4,3,1,0,0,1,0,0,1
2025/11/14 0:12,clusterA,8,4,1,3,0.08,0.07,1,0,0.07,1
2025/11/14 0:12,clusterB,8,4,3,1,0,0,1,0,0,1
2025/11/14 0:12,clusterA,8,4,1,3,0.08,0.07,1,0,0.07,1
2025/11/14 0:12,clusterB,8,4,3,1,0,0,1,0,0,1
2025/11/14 0:12,clusterA,8,4,1,3,0.08,0.07,1,0,0.07,1
2025/11/14 0:12,clusterB,8,4,3,1,0,0,1,0,0,1
2025/11/14 0:12,clusterA,8,4,1,3,0.08,0.07,1,0,0.07,1
2025/11/14 0:12,clusterB,8,4,3,1,0,0,1,0,0,1
2025/11/14 0:12,clusterA,8,4,1,3,0.08,0.07,1,0,0.07,1
2025/11/14 0:12,clusterB,8,4,3,1,0,0,1,0,0,1
2025/11/14 0:12,clusterA,8,4,1,3,0.08,0.07,1,0,0.07,1
2025/11/14 0:12,clusterB,8,4,3,1,0,0,1,0,0,1
2025/11/14 0:12,clusterA,8,4,1,3,0.08,0.07,1,0,0.07,1
2025/11/14 0:12,clusterB,8,4,3,1,0,0,1,0,0,1
2025/11/14 0:12,clusterA,8,4,1,3,0.08,0.08,1,0,0.08,1
2025/11/14 0:12,clusterB,8,4,3,1,0,0,1,0,0,1
2025/11/14 0:12,clusterA,8,4,1,3,0.09,0.08,1,0,0.08,1
2025/11/14 0:12,clusterB,8,4,3,1,0,0,1,0,0,1
2025/11/14 0:13,clusterA,8,4,1,3,0.09,0.08,1,0,0.08,1
2025/11/14 0:13,clusterB,8,4,3,1,0,0,1,0,0,1
2025/11/14 0:13,clusterA,8,4,1,3,0.09,0.08,1,0,0.08,1
2025/11/14 0:13,clusterB,8,4,3,1,0,0,1,0,0,1
2025/11/14 0:13,clusterA,8,4,1,3,0.09,0.08,1,0,0.08,1
2025/11/14 0:13,clusterB,8,4,3,1,0,0,1,0,0,1
2025/11/14 0:13,clusterA,8,4,1,3,0.09,0.08,1,0,0.08,1
2025/11/14 0:13,clusterB,8,4,3,1,0,0,1,0,0,1
2025/11/14 0:13,clusterA,8,4,1,3,0.1,0.08,1,0,0.08,1
2025/11/14 0:13,clusterB,8,4,3,1,0,0,1,0,0,1
2025/11/14 0:13,clusterA,8,4,1,3,0.1,0.08,1,0,0.08,1
2025/11/14 0:13,clusterB,8,4,3,1,0,0,1,0,0,1
2025/11/14 0:13,clusterA,8,4,1,3,0.1,0.08,1,0,0.08,1
2025/11/14 0:13,clusterB,8,4,3,1,0,0,1,0,0,1
2025/11/14 0:13,clusterA,8,4,1,3,0.1,0.08,1,0,0.08,1
2025/11/14 0:13,clusterB,8,4,3,1,0,0,1,0,0,1
2025/11/14 0:13,clusterA,8,4,1,3,0.1,0.08,1,0,0.08,1
2025/11/14 0:13,clusterB,8,4,3,1,0,0,1,0,0,1
2025/11/14 0:13,clusterA,8,4,1,3,0.1,0.08,1,0,0.08,1
2025/11/14 0:13,clusterB,8,4,3,1,0,0,1,0,0,1
2025/11/14 0:13,clusterA,8,4,1,3,0.1,0.08,1,0,0.08,1
2025/11/14 0:13,clusterB,8,4,3,1,0,0,1,0,0,1
2025/11/14 0:13,clusterA,8,4,1,3,0.1,0.08,1,0,0.08,1
2025/11/14 0:13,clusterB,8,4,3,1,0,0,1,0,0,1
2025/11/14 0:14,clusterA,8,4,1,3,0.1,0.08,1,0,0.08,1
2025/11/14 0:14,clusterB,8,4,3,1,0,0,1,0,0,1
2025/11/14 0:14,clusterA,8,4,1,3,0.09,0.08,1,0,0.08,1
2025/11/14 0:14,clusterB,8,4,3,1,0,0,1,0,0,1
2025/11/14 0:14,clusterA,8,4,1,3,0.09,0.08,1,0,0.08,1
2025/11/14 0:14,clusterB,8,4,3,1,0,0,1,0,0,1
2025/11/14 0:14,clusterA,8,4,1,3,0.09,0.08,1,0,0.08,1
2025/11/14 0:14,clusterB,8,4,3,1,0,0,1,0,0,1
2025/11/14 0:14,clusterA,8,4,1,3,0.09,0.08,1,0,0.08,1
2025/11/14 0:14,clusterB,8,4,3,1,0,0,1,0,0,1
2025/11/14 0:14,clusterA,8,4,1,3,0.09,0.08,1,0,0.08,1
2025/11/14 0:14,clusterB,8,4,3,1,0,0,1,0,0,1
2025/11/14 0:14,clusterA,8,4,1,3,0.09,0.08,1,0,0.08,1
2025/11/14 0:14,clusterB,8,4,3,1,0,0,1,0,0,1
2025/11/14 0:14,clusterA,8,4,1,3,0.09,0.08,1,0,0.08,1
2025/11/14 0:14,clusterB,8,4,3,1,0,0,1,0,0,1
2025/11/14 0:14,clusterA,8,4,1,3,0.08,0.08,1,0,0.08,1
2025/11/14 0:14,clusterB,8,4,3,1,0,0,1,0,0,1
2025/11/14 0:14,clusterA,8,4,1,3,0.08,0.08,1,0,0.08,1
2025/11/14 0:14,clusterB,8,4,3,1,0,0,1,0,0,1
2025/11/14 0:14,clusterA,8,4,1,3,0.08,0.08,1,0,0.08,1
2025/11/14 0:14,clusterB,8,4,3,1,0,0,1,0,0,1
2025/11/14 0:14,clusterA,8,4,1,3,0.08,0.08,1,0,0.08,1
2025/11/14 0:14,clusterB,8,4,3,1,0,0,1,0,0,1
2025/11/14 0:15,clusterA,8,4,1,3,0.08,0.08,1,0,0.08,1
2025/11/14 0:15,clusterB,8,4,3,1,0,0,1,0,0,1
2025/11/14 0:15,clusterA,8,4,1,3,0.08,0.08,1,0,0.08,1
2025/11/14 0:15,clusterB,8,4,3,1,0,0,1,0,0,1
2025/11/14 0:15,clusterA,8,4,1,3,0.08,0.08,1,0,0.08,1
2025/11/14 0:15,clusterB,8,4,3,1,0,0,1,0,0,1
2025/11/14 0:15,clusterA,8,4,1,3,0.08,0.08,1,0,0.08,1
2025/11/14 0:15,clusterB,8,4,3,1,0,0,1,0,0,1
2025/11/14 0:15,clusterA,8,4,1,3,0.08,0.08,1,0,0.08,1
2025/11/14 0:15,clusterB,8,4,3,1,0,0,1,0,0,1
2025/11/14 0:15,clusterA,8,4,1,3,0.08,0.08,1,0,0.08,1
2025/11/14 0:15,clusterB,8,4,3,1,0,0,1,0,0,1
2025/11/14 0:15,clusterA,8,4,1,3,0.08,0.08,1,0,0.08,1
2025/11/14 0:15,clusterB,8,4,3,1,0,0,1,0,0,1
2025/11/14 0:15,clusterA,8,4,1,3,0.08,0.08,1,0,0.08,1
2025/11/14 0:15,clusterB,8,4,3,1,0,0,1,0,0,1
2025/11/14 0:15,clusterA,8,4,1,3,0.09,0.08,1,0,0.08,1
2025/11/14 0:15,clusterB,8,4,3,1,0,0,1,0,0,1
2025/11/14 0:15,clusterA,8,4,1,3,0.09,0.08,1,0,0.08,1
2025/11/14 0:15,clusterB,8,4,3,1,0,0,1,0,0,1
2025/11/14 0:15,clusterA,8,4,1,3,0.09,0.08,1,0,0.08,1
2025/11/14 0:15,clusterB,8,4,3,1,0,0,1,0,0,1
2025/11/14 0:15,clusterA,8,4,1,3,0.09,0.08,1,0,0.08,1
2025/11/14 0:15,clusterB,8,4,3,1,0,0,1,0,0,1
2025/11/14 0:16,clusterA,8,4,1,3,0.09,0.08,1,0,0.08,1
2025/11/14 0:16,clusterB,8,4,3,1,0,0,1,0,0,1
2025/11/14 0:16,clusterA,8,4,1,3,0.09,0.08,1,0,0.08,1
2025/11/14 0:16,clusterB,8,4,3,1,0,0,1,0,0,1
2025/11/14 0:16,clusterA,8,4,1,3,0.1,0.08,1,0,0.08,1
2025/11/14 0:16,clusterB,8,4,3,1,0,0,1,0,0,1
2025/11/14 0:16,clusterA,8,4,1,3,0.09,0.08,1,0,0.08,1
2025/11/14 0:16,clusterB,8,4,3,1,0,0,1,0,0,1
2025/11/14 0:16,clusterA,8,4,1,3,0.09,0.08,1,0,0.08,1
2025/11/14 0:16,clusterB,8,4,3,1,0,0,1,0,0,1
2025/11/14 0:16,clusterA,8,4,1,3,0.09,0.08,1,0,0.08,1
2025/11/14 0:16,clusterB,8,4,3,1,0,0,1,0,0,1
2025/11/14 0:16,clusterA,8,4,1,3,0.09,0.08,1,0,0.08,1
2025/11/14 0:16,clusterB,8,4,3,1,0,0,1,0,0,1
2025/11/14 0:16,clusterA,8,4,1,3,0.09,0.08,1,0,0.08,1
2025/11/14 0:16,clusterB,8,4,3,1,0,0,1,0,0,1
2025/11/14 0:16,clusterA,8,4,1,3,0.09,0.08,1,0,0.08,1
2025/11/14 0:16,clusterB,8,4,3,1,0,0,1,0,0,1
2025/11/14 0:16,clusterA,8,4,1,3,0.09,0.08,1,0,0.08,1
2025/11/14 0:16,clusterB,8,4,3,1,0,0,1,0,0,1
2025/11/14 0:16,clusterA,8,4,1,3,0.09,0.07,1,0,0.07,1
2025/11/14 0:16,clusterB,8,4,3,1,0,0,1,0,0,1
2025/11/14 0:16,clusterA,8,4,1,3,0.08,0.07,1,0,0.07,1
2025/11/14 0:16,clusterB,8,4,3,1,0,0,1,0,0,1
2025/11/14 0:17,clusterA,8,4,1,3,0.08,0.07,1,0,0.07,1
2025/11/14 0:17,clusterB,8,4,3,1,0,0,1,0,0,1
2025/11/14 0:17,clusterA,8,4,1,3,0.08,0.07,1,0,0.07,1
2025/11/14 0:17,clusterB,8,4,1,3,0,0,1,0,0,1
2025/11/14 0:17,clusterA,8,4,1,3,0.08,0.07,1,0,0.07,1
2025/11/14 0:17,clusterB,8,4,1,3,0,0,1,0,0,1
2025/11/14 0:17,clusterA,8,4,1,3,0.09,0.08,1,0,0.08,1
2025/11/14 0:17,clusterB,8,4,1,3,0,0,1,0,0,1
2025/11/14 0:17,clusterA,8,4,1,3,0.09,0.08,1,0,0.08,1
2025/11/14 0:17,clusterB,8,4,1,3,0,0,1,0,0,1
2025/11/14 0:17,clusterA,8,4,1,3,0.09,0.08,1,0,0.08,1
2025/11/14 0:17,clusterB,8,4,1,3,0,0,1,0,0,1
2025/11/14 0:17,clusterA,8,4,1,3,0.09,0.08,1,0,0.08,1
2025/11/14 0:17,clusterB,8,4,1,3,0,0,1,0,0,1
2025/11/14 0:17,clusterA,8,4,1,3,0.09,0.08,1,0,0.08,1
2025/11/14 0:17,clusterB,8,4,1,3,0,0,1,0,0,1
2025/11/14 0:17,clusterA,8,4,1,3,0.09,0.08,1,0,0.08,1
2025/11/14 0:17,clusterB,8,4,1,3,0,0,1,0,0,1
2025/11/14 0:17,clusterA,8,4,1,3,0.09,0.08,1,0,0.08,1
2025/11/14 0:17,clusterB,8,4,1,3,0,0,1,0,0,1
2025/11/14 0:17,clusterA,8,4,1,3,0.1,0.08,1,0,0.08,1
2025/11/14 0:17,clusterB,8,4,1,3,0,0,1,0,0,1
2025/11/14 0:17,clusterA,8,4,1,3,0.1,0.08,1,0,0.08,1
2025/11/14 0:17,clusterB,8,4,1,3,0,0,1,0,0,1
2025/11/14 0:18,clusterA,8,4,1,3,0.1,0.08,1,0,0.08,1
2025/11/14 0:18,clusterB,8,4,1,3,0,0,1,0,0,1
2025/11/14 0:18,clusterA,8,4,1,3,0.1,0.08,1,0,0.08,1
2025/11/14 0:18,clusterB,8,4,1,3,0,0,1,0,0,1
2025/11/14 0:18,clusterA,8,4,1,3,0.1,0.08,1,0,0.08,1
2025/11/14 0:18,clusterB,8,4,1,3,0,0,1,0,0,1
2025/11/14 0:18,clusterA,8,4,1,3,0.11,0.08,1,0,0.08,1
2025/11/14 0:18,clusterB,8,4,1,3,0,0,1,0,0,1
2025/11/14 0:18,clusterA,8,4,1,3,0.11,0.08,1,0,0.08,1
2025/11/14 0:18,clusterB,8,4,1,3,0,0,1,0,0,1
2025/11/14 0:18,clusterA,8,4,1,3,0.11,0.08,1,0,0.08,1
2025/11/14 0:18,clusterB,8,4,1,3,0,0,1,0,0,1
2025/11/14 0:18,clusterA,8,4,1,3,0.11,0.08,1,0,0.08,1
2025/11/14 0:18,clusterB,8,4,1,3,0,0,1,0,0,1
2025/11/14 0:18,clusterA,8,4,1,3,0.11,0.08,1,0,0.08,1
2025/11/14 0:18,clusterB,8,4,1,3,0,0,1,0,0,1
2025/11/14 0:18,clusterA,8,4,1,3,0.1,0.08,1,0,0.08,1
2025/11/14 0:18,clusterB,8,4,1,3,0,0,1,0,0,1
2025/11/14 0:18,clusterA,8,4,1,3,0.1,0.08,1,0,0.08,1
2025/11/14 0:18,clusterB,8,4,1,3,0,0,1,0,0,1
2025/11/14 0:18,clusterA,8,4,1,3,0.1,0.08,1,0,0.08,1
2025/11/14 0:18,clusterB,8,4,1,3,0,0,1,0,0,1
2025/11/14 0:18,clusterA,8,4,1,3,0.1,0.08,1,0,0.08,1
2025/11/14 0:18,clusterB,8,4,1,3,0,0,1,0,0,1
2025/11/14 0:19,clusterA,8,4,1,3,0.1,0.08,1,0,0.08,1
2025/11/14 0:19,clusterB,8,4,1,3,0,0,1,0,0,1
2025/11/14 0:19,clusterA,8,4,1,3,0.1,0.08,1,0,0.08,1
2025/11/14 0:19,clusterB,8,4,1,3,0,0,1,0,0,1
2025/11/14 0:19,clusterA,8,4,1,3,0.09,0.08,1,0,0.08,1
2025/11/14 0:19,clusterB,8,4,1,3,0,0,1,0,0,1
2025/11/14 0:19,clusterA,8,4,1,3,0.09,0.08,1,0,0.08,1
2025/11/14 0:19,clusterB,8,4,1,3,0,0,1,0,0,1
2025/11/14 0:19,clusterA,8,4,1,3,0.09,0.08,1,0,0.08,1
2025/11/14 0:19,clusterB,8,4,1,3,0,0,1,0,0,1
2025/11/14 0:19,clusterA,8,4,1,3,0.09,0.08,1,0,0.08,1
2025/11/14 0:19,clusterB,8,4,1,3,0,0,1,0,0,1
2025/11/14 0:19,clusterA,8,4,1,3,0.09,0.08,1,0,0.08,1
2025/11/14 0:19,clusterB,8,4,1,3,0,0,1,0,0,1
2025/11/14 0:19,clusterA,8,4,1,3,0.09,0.08,1,0,0.08,1
2025/11/14 0:19,clusterB,8,4,1,3,0,0,1,0,0,1
2025/11/14 0:19,clusterA,8,4,1,3,0.09,0.08,1,0,0.08,1
2025/11/14 0:19,clusterB,8,4,1,3,0,0,1,0,0,1
2025/11/14 0:19,clusterA,8,4,1,3,0.09,0.08,1,0,0.08,1
2025/11/14 0:19,clusterB,8,4,1,3,0,0,1,0,0,1
2025/11/14 0:19,clusterA,8,4,1,3,0.09,0.08,1,0,0.08,1
2025/11/14 0:19,clusterB,8,4,1,3,0,0,1,0,0,1
2025/11/14 0:19,clusterA,8,4,1,3,0.09,0.08,1,0,0.08,1
2025/11/14 0:19,clusterB,8,4,1,3,0,0,1,0,0,1
2025/11/14 0:20,clusterA,8,4,1,3,0.09,0.08,1,0,0.08,1
2025/11/14 0:20,clusterB,8,4,1,3,0,0,1,0,0,1
2025/11/14 0:20,clusterA,8,4,1,3,0.09,0.08,1,0,0.08,1
2025/11/14 0:20,clusterB,8,4,1,3,0,0,1,0,0,1
2025/11/14 0:20,clusterA,8,4,1,3,0.09,0.08,1,0,0.08,1
2025/11/14 0:20,clusterB,8,4,1,3,0,0,1,0,0,1
2025/11/14 0:20,clusterA,8,4,1,3,0.09,0.08,1,0,0.08,1
2025/11/14 0:20,clusterB,8,4,1,3,0,0,1,0,0,1
2025/11/14 0:20,clusterA,8,4,1,3,0.09,0.08,1,0,0.08,1
2025/11/14 0:20,clusterB,8,4,1,3,0,0,1,0,0,1
2025/11/14 0:20,clusterA,8,4,1,3,0.09,0.08,1,0,0.08,1
2025/11/14 0:20,clusterB,8,4,1,3,0,0,1,0,0,1
2025/11/14 0:20,clusterA,8,4,1,3,0.09,0.08,1,0,0.08,1
2025/11/14 0:20,clusterB,8,4,1,3,0,0,1,0,0,1
2025/11/14 0:20,clusterA,8,4,1,3,0.09,0.08,1,0,0.08,1
2025/11/14 0:20,clusterB,8,4,1,3,0,0,1,0,0,1
2025/11/14 0:20,clusterA,8,4,1,3,0.09,0.08,1,0,0.08,1
2025/11/14 0:20,clusterB,8,4,1,3,0,0,1,0,0,1
2025/11/14 0:20,clusterA,8,4,1,3,0.09,0.08,1,0,0.08,1
2025/11/14 0:20,clusterB,8,4,1,3,0,0,1,0,0,1
2025/11/14 0:20,clusterA,8,4,1,3,0.09,0.08,1,0,0.08,1
2025/11/14 0:20,clusterB,8,4,1,3,0,0,1,0,0,1
2025/11/14 0:20,clusterA,8,4,1,3,0.09,0.08,1,0,0.08,1
2025/11/14 0:20,clusterB,8,4,1,3,0,0,1,0,0,1
2025/11/14 0:21,clusterA,8,4,1,3,0.09,0.08,1,0,0.08,1
2025/11/14 0:21,clusterB,8,4,1,3,0,0,1,0,0,1
2025/11/14 0:21,clusterA,8,4,1,3,0.09,0.08,1,0,0.08,1
2025/11/14 0:21,clusterB,8,4,1,3,0,0,1,0,0,1
2025/11/14 0:21,clusterA,8,4,1,3,0.08,0.08,1,0,0.08,1
2025/11/14 0:21,clusterB,8,4,1,3,0,0,1,0,0,1
2025/11/14 0:21,clusterA,8,4,1,3,0.08,0.08,1,0,0.08,1
2025/11/14 0:21,clusterB,8,4,1,3,0,0,1,0,0,1
2025/11/14 0:21,clusterA,8,4,1,3,0.08,0.08,1,0,0.08,1
2025/11/14 0:21,clusterB,8,4,1,3,0,0,1,0,0,1
2025/11/14 0:21,clusterA,8,4,1,3,0.08,0.08,1,0,0.08,1
2025/11/14 0:21,clusterB,8,4,1,3,0,0,1,0,0,1
2025/11/14 0:21,clusterA,8,4,1,3,0.08,0.08,1,0,0.08,1
2025/11/14 0:21,clusterB,8,4,1,3,0,0,1,0,0,1
2025/11/14 0:21,clusterA,8,4,1,3,0.08,0.07,1,0,0.07,1
2025/11/14 0:21,clusterB,8,4,1,3,0,0,1,0,0,1
2025/11/14 0:21,clusterA,8,4,1,3,0.08,0.07,1,0,0.07,1
2025/11/14 0:21,clusterB,8,4,1,3,0,0,1,0,0,1
2025/11/14 0:21,clusterA,8,4,1,3,0.08,0.08,1,0,0.08,1
2025/11/14 0:21,clusterB,8,4,1,3,0,0,1,0,0,1
2025/11/14 0:21,clusterA,8,4,1,3,0.08,0.08,1,0,0.08,1
2025/11/14 0:21,clusterB,8,4,1,3,0,0,1,0,0,1
2025/11/14 0:21,clusterA,8,4,1,3,0.08,0.08,1,0,0.08,1
2025/11/14 0:21,clusterB,8,4,1,3,0,0,1,0,0,1
2025/11/14 0:22,clusterA,8,4,1,3,0.08,0.08,1,0,0.08,1
2025/11/14 0:22,clusterB,8,4,1,3,0,0,1,0,0,1
2025/11/14 0:22,clusterA,8,4,1,3,0.09,0.08,1,0,0.08,1
2025/11/14 0:22,clusterB,8,4,1,3,0,0,1,0,0,1
2025/11/14 0:22,clusterA,8,4,1,3,0.09,0.08,1,0,0.08,1
2025/11/14 0:22,clusterB,8,4,1,3,0,0,1,0,0,1
2025/11/14 0:22,clusterA,8,4,1,3,0.09,0.08,1,0,0.08,1
2025/11/14 0:22,clusterB,8,4,1,3,0,0,1,0,0,1
2025/11/14 0:22,clusterA,8,4,1,3,0.09,0.08,1,0,0.08,1
2025/11/14 0:22,clusterB,8,4,1,3,0,0,1,0,0,1
2025/11/14 0:22,clusterA,8,4,1,3,0.09,0.08,1,0,0.08,1
2025/11/14 0:22,clusterB,8,4,1,3,0,0,1,0,0,1
2025/11/14 0:22,clusterA,8,4,1,3,0.09,0.08,1,0,0.08,1
2025/11/14 0:22,clusterB,8,4,1,3,0,0,1,0,0,1
2025/11/14 0:22,clusterA,8,4,1,3,0.09,0.08,1,0,0.08,1
2025/11/14 0:22,clusterB,8,4,1,3,0,0,1,0,0,1
2025/11/14 0:22,clusterA,8,4,1,3,0.09,0.08,1,0,0.08,1
2025/11/14 0:22,clusterB,8,4,1,3,0,0,1,0,0,1
2025/11/14 0:22,clusterA,8,4,1,3,0.09,0.08,1,0,0.08,1
2025/11/14 0:22,clusterB,8,4,1,3,0,0,1,0,0,1
2025/11/14 0:22,clusterA,8,4,1,3,0.09,0.08,1,0,0.08,1
2025/11/14 0:22,clusterB,8,4,1,3,0,0,1,0,0,1
2025/11/14 0:22,clusterA,8,4,1,3,0.09,0.08,1,0,0.08,1
2025/11/14 0:22,clusterB,8,4,1,3,0,0,1,0,0,1
2025/11/14 0:23,clusterA,8,4,1,3,0.09,0.08,1,0,0.08,1
2025/11/14 0:23,clusterB,8,4,1,3,0,0,1,0,0,1
2025/11/14 0:23,clusterA,8,4,1,3,0.09,0.08,1,0,0.08,1
2025/11/14 0:23,clusterB,8,4,1,3,0,0,1,0,0,1
2025/11/14 0:23,clusterA,8,4,1,3,0.09,0.08,1,0,0.08,1
2025/11/14 0:23,clusterB,8,4,1,3,0,0,1,0,0,1
2025/11/14 0:23,clusterA,8,4,1,3,0.09,0.08,1,0,0.08,1
2025/11/14 0:23,clusterB,8,4,1,3,0,0,1,0,0,1
2025/11/14 0:23,clusterA,8,4,1,3,0.08,0.08,1,0,0.08,1
2025/11/14 0:23,clusterB,8,4,1,3,0,0,1,0,0,1
2025/11/14 0:23,clusterA,8,4,1,3,0.08,0.08,1,0,0.08,1
2025/11/14 0:23,clusterB,8,4,1,3,0,0,1,0,0,1
2025/11/14 0:23,clusterA,8,4,1,3,0.08,0.08,1,0,0.08,1
2025/11/14 0:23,clusterB,8,4,1,3,0,0,1,0,0,1
2025/11/14 0:23,clusterA,8,4,1,3,0.08,0.08,1,0,0.08,1
2025/11/14 0:23,clusterB,8,4,1,3,0,0,1,0,0,1
2025/11/14 0:23,clusterA,8,4,1,3,0.08,0.08,1,0,0.08,1
2025/11/14 0:23,clusterB,8,4,1,3,0,0,1,0,0,1
2025/11/14 0:23,clusterA,8,4,1,3,0.08,0.08,1,0,0.08,1
2025/11/14 0:23,clusterB,8,4,1,3,0,0,1,0,0,1
2025/11/14 0:23,clusterA,8,4,1,3,0.08,0.08,1,0,0.08,1
2025/11/14 0:23,clusterB,8,4,1,3,0,0,1,0,0,1
2025/11/14 0:23,clusterA,8,4,1,3,0.08,0.08,1,0,0.08,1
2025/11/14 0:23,clusterB,8,4,1,3,0,0,1,0,0,1
2025/11/14 0:24,clusterA,8,4,1,3,0.08,0.08,1,0,0.08,1
2025/11/14 0:24,clusterB,8,4,1,3,0,0,1,0,0,1
2025/11/14 0:24,clusterA,8,4,1,3,0.08,0.08,1,0,0.08,1
2025/11/14 0:24,clusterB,8,4,1,3,0,0,1,0,0,1
2025/11/14 0:24,clusterA,8,4,1,3,0.08,0.08,1,0,0.08,1
2025/11/14 0:24,clusterB,8,4,1,3,0,0,1,0,0,1
2025/11/14 0:24,clusterA,8,4,1,3,0.09,0.08,1,0,0.08,1
2025/11/14 0:24,clusterB,8,4,1,3,0,0,1,0,0,1
2025/11/14 0:24,clusterA,8,4,1,3,0.09,0.08,1,0,0.08,1
2025/11/14 0:24,clusterB,8,4,1,3,0,0,1,0,0,1
2025/11/14 0:24,clusterA,8,4,1,3,0.09,0.08,1,0,0.08,1
2025/11/14 0:24,clusterB,8,4,1,3,0,0,1,0,0,1
2025/11/14 0:24,clusterA,8,4,1,3,0.09,0.08,1,0,0.08,1
2025/11/14 0:24,clusterB,8,4,1,3,0,0,1,0,0,1
2025/11/14 0:24,clusterA,8,4,1,3,0.09,0.08,1,0,0.08,1
2025/11/14 0:24,clusterB,8,4,1,3,0,0,1,0,0,1
2025/11/14 0:24,clusterA,8,4,1,3,0.1,0.08,1,0,0.08,1
2025/11/14 0:24,clusterB,8,4,1,3,0,0,1,0,0,1
2025/11/14 0:24,clusterA,8,4,1,3,0.09,0.08,1,0,0.08,1
2025/11/14 0:24,clusterB,8,4,1,3,0,0,1,0,0,1
2025/11/14 0:24,clusterA,8,4,1,3,0.09,0.08,1,0,0.08,1
2025/11/14 0:24,clusterB,8,4,1,3,0,0,1,0,0,1
2025/11/14 0:24,clusterA,8,4,1,3,0.1,0.08,1,0,0.08,1
2025/11/14 0:24,clusterB,8,4,1,3,0,0,1,0,0,1
2025/11/14 0:25,clusterA,8,4,1,3,0.09,0.08,1,0,0.08,1
2025/11/14 0:25,clusterB,8,4,1,3,0,0,1,0,0,1
2025/11/14 0:25,clusterA,8,4,1,3,0.09,0.08,1,0,0.08,1
2025/11/14 0:25,clusterB,8,4,1,3,0,0,1,0,0,1
2025/11/14 0:25,clusterA,8,4,1,3,0.09,0.08,1,0,0.08,1
2025/11/14 0:25,clusterB,8,4,1,3,0,0,1,0,0,1
2025/11/14 0:25,clusterA,8,4,1,3,0.09,0.08,1,0,0.08,1
2025/11/14 0:25,clusterB,8,4,1,3,0,0,1,0,0,1
2025/11/14 0:25,clusterA,8,4,1,3,0.09,0.08,1,0,0.08,1
2025/11/14 0:25,clusterB,8,4,1,3,0,0,1,0,0,1
2025/11/14 0:25,clusterA,8,4,1,3,0.09,0.08,1,0,0.08,1
2025/11/14 0:25,clusterB,8,4,1,3,0,0,1,0,0,1
2025/11/14 0:25,clusterA,8,4,1,3,0.09,0.08,1,0,0.08,1
2025/11/14 0:25,clusterB,8,4,1,3,0,0,1,0,0,1
2025/11/14 0:25,clusterA,8,4,1,3,0.09,0.08,1,0,0.08,1
2025/11/14 0:25,clusterB,8,4,1,3,0,0,1,0,0,1
2025/11/14 0:25,clusterA,8,4,1,3,0.09,0.08,1,0,0.08,1
2025/11/14 0:25,clusterB,8,4,1,3,0,0,1,0,0,1
2025/11/14 0:25,clusterA,8,4,1,3,0.09,0.08,1,0,0.08,1
2025/11/14 0:25,clusterB,8,4,1,3,0,0,1,0,0,1
2025/11/14 0:25,clusterA,8,4,1,3,0.09,0.08,1,0,0.08,1
2025/11/14 0:25,clusterB,8,4,1,3,0,0,1,0,0,1
2025/11/14 0:25,clusterA,8,4,1,3,0.08,0.08,1,0,0.08,1
2025/11/14 0:25,clusterB,8,4,1,3,0,0,1,0,0,1
2025/11/14 0:26,clusterA,8,4,1,3,0.08,0.08,1,0,0.08,1
2025/11/14 0:26,clusterB,8,4,1,3,0,0,1,0,0,1
2025/11/14 0:26,clusterA,8,4,1,3,0.09,0.08,1,0,0.08,1
2025/11/14 0:26,clusterB,8,4,1,3,0,0,1,0,0,1
2025/11/14 0:26,clusterA,8,4,1,3,0.09,0.08,1,0,0.08,1
2025/11/14 0:26,clusterB,8,4,1,3,0,0,1,0,0,1
2025/11/14 0:26,clusterA,8,4,1,3,0.09,0.08,1,0,0.08,1
2025/11/14 0:26,clusterB,8,4,1,3,0,0,1,0,0,1
2025/11/14 0:26,clusterA,8,4,1,3,0.09,0.08,1,0,0.08,1
2025/11/14 0:26,clusterB,8,4,1,3,0,0,1,0,0,1
2025/11/14 0:26,clusterA,8,4,1,3,0.09,0.08,1,0,0.08,1
2025/11/14 0:26,clusterB,8,4,1,3,0,0,1,0,0,1
2025/11/14 0:26,clusterA,8,4,1,3,0.1,0.08,1,0,0.08,1
2025/11/14 0:26,clusterB,8,4,1,3,0,0,1,0,0,1
2025/11/14 0:26,clusterA,8,4,1,3,0.09,0.08,1,0,0.08,1
2025/11/14 0:26,clusterB,8,4,1,3,0,0,1,0,0,1
2025/11/14 0:26,clusterA,8,4,1,3,0.09,0.08,1,0,0.08,1
2025/11/14 0:26,clusterB,8,4,1,3,0,0,1,0,0,1
2025/11/14 0:26,clusterA,8,4,1,3,0.09,0.08,1,0,0.08,1
2025/11/14 0:26,clusterB,8,4,1,3,0,0,1,0,0,1
2025/11/14 0:26,clusterA,8,4,1,3,0.09,0.08,1,0,0.08,1
2025/11/14 0:26,clusterB,8,4,1,3,0,0,1,0,0,1
2025/11/14 0:26,clusterA,8,4,1,3,0.1,0.08,1,0,0.08,1
2025/11/14 0:26,clusterB,8,4,1,3,0,0,1,0,0,1
2025/11/14 0:27,clusterA,8,4,1,3,0.1,0.08,1,0,0.08,1
2025/11/14 0:27,clusterB,8,4,1,3,0,0,1,0,0,1
2025/11/14 0:27,clusterA,8,4,1,3,0.1,0.08,1,0,0.08,1
2025/11/14 0:27,clusterB,8,4,1,3,0,0,1,0,0,1
2025/11/14 0:27,clusterA,8,4,1,3,0.09,0.08,1,0,0.08,1
2025/11/14 0:27,clusterB,8,4,1,3,0,0,1,0,0,1
2025/11/14 0:27,clusterA,8,4,1,3,0.09,0.08,1,0,0.08,1
2025/11/14 0:27,clusterB,8,4,1,3,0,0,1,0,0,1
2025/11/14 0:27,clusterA,8,4,1,3,0.09,0.08,1,0,0.08,1
2025/11/14 0:27,clusterB,8,4,1,3,0,0,1,0,0,1
2025/11/14 0:27,clusterA,8,4,1,3,0.08,0.08,1,0,0.08,1
2025/11/14 0:27,clusterB,8,4,1,3,0,0,1,0,0,1
2025/11/14 0:27,clusterA,8,4,1,3,0.08,0.08,1,0,0.08,1
2025/11/14 0:27,clusterB,8,4,1,3,0,0,1,0,0,1
2025/11/14 0:27,clusterA,8,4,1,3,0.08,0.08,1,0,0.08,1
2025/11/14 0:27,clusterB,8,4,1,3,0,0,1,0,0,1
2025/11/14 0:27,clusterA,8,4,1,3,0.08,0.08,1,0,0.08,1
2025/11/14 0:27,clusterB,8,4,1,3,0,0,1,0,0,1
2025/11/14 0:27,clusterA,8,4,1,3,0.08,0.08,1,0,0.08,1
2025/11/14 0:27,clusterB,8,4,1,3,0,0,1,0,0,1
2025/11/14 0:27,clusterA,8,4,1,3,0.08,0.08,1,0,0.08,1
2025/11/14 0:27,clusterB,8,4,1,3,0,0,1,0,0,1
2025/11/14 0:27,clusterA,8,4,1,3,0.08,0.08,1,0,0.08,1
2025/11/14 0:27,clusterB,8,4,1,3,0,0,1,0,0,1
2025/11/14 0:28,clusterA,8,4,1,3,0.08,0.08,1,0,0.08,1
2025/11/14 0:28,clusterB,8,4,1,3,0,0,1,0,0,1
2025/11/14 0:28,clusterA,8,4,1,3,0.08,0.08,1,0,0.08,1
2025/11/14 0:28,clusterB,8,4,1,3,0,0,1,0,0,1
2025/11/14 0:28,clusterA,8,4,1,3,0.08,0.08,1,0,0.08,1
2025/11/14 0:28,clusterB,8,4,1,3,0,0,1,0,0,1
2025/11/14 0:28,clusterA,8,4,1,3,0.09,0.08,1,0,0.08,1
2025/11/14 0:28,clusterB,8,4,1,3,0,0,1,0,0,1
2025/11/14 0:28,clusterA,8,4,1,3,0.09,0.08,1,0,0.08,1
2025/11/14 0:28,clusterB,8,4,1,3,0,0,1,0,0,1
2025/11/14 0:28,clusterA,8,4,1,3,0.09,0.08,1,0,0.08,1
2025/11/14 0:28,clusterB,8,4,1,3,0,0,1,0,0,1
2025/11/14 0:28,clusterA,8,4,1,3,0.1,0.08,1,0,0.08,1
2025/11/14 0:28,clusterB,8,4,1,3,0,0,1,0,0,1
2025/11/14 0:28,clusterA,8,4,1,3,0.1,0.08,1,0,0.08,1
2025/11/14 0:28,clusterB,8,4,1,3,0,0,1,0,0,1
2025/11/14 0:28,clusterA,8,4,1,3,0.1,0.08,1,0,0.08,1
2025/11/14 0:28,clusterB,8,4,1,3,0,0,1,0,0,1
2025/11/14 0:28,clusterA,8,4,1,3,0.1,0.08,1,0,0.08,1
2025/11/14 0:28,clusterB,8,4,1,3,0,0,1,0,0,1
2025/11/14 0:28,clusterA,8,4,1,3,0.1,0.08,1,0,0.08,1
2025/11/14 0:28,clusterB,8,4,1,3,0,0,1,0,0,1
2025/11/14 0:28,clusterA,8,4,1,3,0.11,0.09,1,0,0.09,1
2025/11/14 0:28,clusterB,8,4,1,3,0,0,1,0,0,1
2025/11/14 0:29,clusterA,8,4,1,3,0.11,0.09,1,0,0.09,1
2025/11/14 0:29,clusterB,8,4,1,3,0,0,1,0,0,1
2025/11/14 0:29,clusterA,8,4,1,3,0.1,0.08,1,0,0.08,1
2025/11/14 0:29,clusterB,8,4,1,3,0,0,1,0,0,1
2025/11/14 0:29,clusterA,8,4,1,3,0.1,0.08,1,0,0.08,1
2025/11/14 0:29,clusterB,8,4,1,3,0,0,1,0,0,1
2025/11/14 0:29,clusterA,8,4,1,3,0.1,0.08,1,0,0.08,1
2025/11/14 0:29,clusterB,8,4,1,3,0,0,1,0,0,1
2025/11/14 0:29,clusterA,8,4,1,3,0.1,0.08,1,0,0.08,1
2025/11/14 0:29,clusterB,8,4,1,3,0,0,1,0,0,1
2025/11/14 0:29,clusterA,8,4,1,3,0.1,0.08,1,0,0.08,1
2025/11/14 0:29,clusterB,8,4,1,3,0,0,1,0,0,1
2025/11/14 0:29,clusterA,8,4,1,3,0.1,0.08,1,0,0.08,1
2025/11/14 0:29,clusterB,8,4,1,3,0,0,1,0,0,1
2025/11/14 0:29,clusterA,8,4,1,3,0.09,0.08,1,0,0.08,1
2025/11/14 0:29,clusterB,8,4,1,3,0,0,1,0,0,1
2025/11/14 0:29,clusterA,8,4,1,3,0.09,0.08,1,0,0.08,1
2025/11/14 0:29,clusterB,8,4,1,3,0,0,1,0,0,1
2025/11/14 0:29,clusterA,8,4,1,3,0.09,0.08,1,0,0.08,1
2025/11/14 0:29,clusterB,8,4,1,3,0,0,1,0,0,1
2025/11/14 0:29,clusterA,8,4,1,3,0.08,0.08,1,0,0.08,1
2025/11/14 0:29,clusterB,8,4,1,3,0,0,1,0,0,1
2025/11/14 0:29,clusterA,8,4,1,3,0.07,0.08,1,0,0.08,1
2025/11/14 0:29,clusterB,8,4,1,3,0,0,1,0,0,1
2025/11/14 0:30,clusterA,8,4,1,3,0.08,0.08,1,0,0.08,1
2025/11/14 0:30,clusterB,8,4,1,3,0,0,1,0,0,1
2025/11/14 0:30,clusterA,8,4,1,3,0.08,0.08,1,0,0.08,1
2025/11/14 0:30,clusterB,8,4,1,3,0,0,1,0,0,1
2025/11/14 0:30,clusterA,8,4,1,3,0.08,0.08,1,0,0.08,1
2025/11/14 0:30,clusterB,8,4,1,3,0,0,1,0,0,1
2025/11/14 0:30,clusterA,8,4,1,3,0.08,0.08,1,0,0.08,1
2025/11/14 0:30,clusterB,8,4,1,3,0,0,1,0,0,1
2025/11/14 0:30,clusterA,8,4,1,3,0.08,0.08,1,0,0.08,1
2025/11/14 0:30,clusterB,8,4,1,3,0,0,1,0,0,1
2025/11/14 0:30,clusterA,8,4,1,3,0.08,0.08,1,0,0.08,1
2025/11/14 0:30,clusterB,8,4,1,3,0,0,1,0,0,1
2025/11/14 0:30,clusterA,8,4,1,3,0.08,0.08,1,0,0.08,1
2025/11/14 0:30,clusterB,8,4,1,3,0,0,1,0,0,1
2025/11/14 0:30,clusterA,8,4,1,3,0.09,0.08,1,0,0.08,1
2025/11/14 0:30,clusterB,8,4,1,3,0,0,1,0,0,1
2025/11/14 0:30,clusterA,8,4,1,3,0.09,0.08,1,0,0.08,1
2025/11/14 0:30,clusterB,8,4,1,3,0,0,1,0,0,1
2025/11/14 0:30,clusterA,8,4,1,3,0.09,0.08,1,0,0.08,1
2025/11/14 0:30,clusterB,8,4,1,3,0,0,1,0,0,1
2025/11/14 0:30,clusterA,8,4,1,3,0.09,0.08,1,0,0.08,1
2025/11/14 0:30,clusterB,8,4,1,3,0,0,1,0,0,1
2025/11/14 0:30,clusterA,8,4,1,3,0.09,0.08,1,0,0.08,1
2025/11/14 0:30,clusterB,8,4,1,3,0,0,1,0,0,1
2025/11/14 0:31,clusterA,8,4,1,3,0.09,0.08,1,0,0.08,1
2025/11/14 0:31,clusterB,8,4,1,3,0,0,1,0,0,1
2025/11/14 0:31,clusterA,8,4,1,3,0.09,0.08,1,0,0.08,1
2025/11/14 0:31,clusterB,8,4,1,3,0,0,1,0,0,1
2025/11/14 0:31,clusterA,8,4,1,3,0.09,0.08,1,0,0.08,1
2025/11/14 0:31,clusterB,8,4,1,3,0,0,1,0,0,1
2025/11/14 0:31,clusterA,8,4,1,3,0.09,0.08,1,0,0.08,1
2025/11/14 0:31,clusterB,8,4,1,3,0,0,1,0,0,1
2025/11/14 0:31,clusterA,8,4,1,3,0.09,0.08,1,0,0.08,1
2025/11/14 0:31,clusterB,8,4,1,3,0,0,1,0,0,1
2025/11/14 0:31,clusterA,8,4,1,3,0.08,0.08,1,0,0.08,1
2025/11/14 0:31,clusterB,8,4,1,3,0,0,1,0,0,1
2025/11/14 0:31,clusterA,8,4,1,3,0.08,0.08,1,0,0.08,1
2025/11/14 0:31,clusterB,8,4,1,3,0,0,1,0,0,1
2025/11/14 0:31,clusterA,8,4,1,3,0.07,0.08,1,0,0.08,1
2025/11/14 0:31,clusterB,8,4,1,3,0,0,1,0,0,1
2025/11/14 0:31,clusterA,8,4,1,3,0.07,0.08,1,0,0.08,1
2025/11/14 0:31,clusterB,8,4,1,3,0,0,1,0,0,1
2025/11/14 0:31,clusterA,8,4,1,3,0.07,0.08,1,0,0.08,1
2025/11/14 0:31,clusterB,8,4,1,3,0,0,1,0,0,1
2025/11/14 0:31,clusterA,8,4,1,3,0.07,0.08,1,0,0.08,1
2025/11/14 0:31,clusterB,8,4,1,3,0,0,1,0,0,1
2025/11/14 0:31,clusterA,8,4,1,3,0.07,0.08,1,0,0.08,1
2025/11/14 0:31,clusterB,8,4,1,3,0,0,1,0,0,1
2025/11/14 0:32,clusterA,8,4,1,3,0.07,0.08,1,0,0.08,1
2025/11/14 0:32,clusterB,8,4,1,3,0,0,1,0,0,1
2025/11/14 0:32,clusterA,8,4,1,3,0.07,0.08,1,0,0.08,1
2025/11/14 0:32,clusterB,8,4,1,3,0,0,1,0,0,1
2025/11/14 0:32,clusterA,8,4,1,3,0.07,0.08,1,0,0.08,1
2025/11/14 0:32,clusterB,8,4,1,3,0,0,1,0,0,1
2025/11/14 0:32,clusterA,8,4,1,3,0.07,0.08,1,0,0.08,1
2025/11/14 0:32,clusterB,8,4,1,3,0,0,1,0,0,1
2025/11/14 0:32,clusterA,8,4,1,3,0.07,0.08,1,0,0.08,1
2025/11/14 0:32,clusterB,8,4,1,3,0,0,1,0,0,1
2025/11/14 0:32,clusterA,8,4,1,3,0.07,0.08,1,0,0.08,1
2025/11/14 0:32,clusterB,8,4,1,3,0,0,1,0,0,1
2025/11/14 0:32,clusterA,8,4,1,3,0.07,0.08,1,0,0.08,1
2025/11/14 0:32,clusterB,8,4,1,3,0,0,1,0,0,1
2025/11/14 0:32,clusterA,8,4,1,3,0.08,0.08,1,0,0.08,1
2025/11/14 0:32,clusterB,8,4,1,3,0,0,1,0,0,1
2025/11/14 0:32,clusterA,8,4,1,3,0.09,0.08,1,0,0.08,1
2025/11/14 0:32,clusterB,8,4,1,3,0,0,1,0,0,1
2025/11/14 0:32,clusterA,8,4,1,3,0.09,0.08,1,0,0.08,1
2025/11/14 0:32,clusterB,8,4,1,3,0,0,1,0,0,1
2025/11/14 0:32,clusterA,8,4,1,3,0.09,0.08,1,0,0.08,1
2025/11/14 0:32,clusterB,8,4,1,3,0,0,1,0,0,1
2025/11/14 0:32,clusterA,8,4,1,3,0.09,0.08,1,0,0.08,1
2025/11/14 0:32,clusterB,8,4,1,3,0,0,1,0,0,1
2025/11/14 0:33,clusterA,8,4,1,3,0.09,0.08,1,0,0.08,1
2025/11/14 0:33,clusterB,8,4,1,3,0,0,1,0,0,1
2025/11/14 0:33,clusterA,8,4,1,3,0.09,0.08,1,0,0.08,1
2025/11/14 0:33,clusterB,8,4,1,3,0,0,1,0,0,1
2025/11/14 0:33,clusterA,8,4,1,3,0.09,0.08,1,0,0.08,1
2025/11/14 0:33,clusterB,8,4,1,3,0,0,1,0,0,1
2025/11/14 0:33,clusterA,8,4,1,3,0.09,0.08,1,0,0.08,1
2025/11/14 0:33,clusterB,8,4,1,3,0,0,1,0,0,1
2025/11/14 0:33,clusterA,8,4,1,3,0.09,0.08,1,0,0.08,1
2025/11/14 0:33,clusterB,8,4,1,3,0,0,1,0,0,1
2025/11/14 0:33,clusterA,8,4,1,3,0.09,0.08,1,0,0.08,1
2025/11/14 0:33,clusterB,8,4,1,3,0,0,1,0,0,1
2025/11/14 0:33,clusterA,8,4,1,3,0.09,0.08,1,0,0.08,1
2025/11/14 0:33,clusterB,8,4,1,3,0,0,1,0,0,1
2025/11/14 0:33,clusterA,8,4,1,3,0.08,0.08,1,0,0.08,1
2025/11/14 0:33,clusterB,8,4,1,3,0,0,1,0,0,1
2025/11/14 0:33,clusterA,8,4,1,3,0.08,0.07,1,0,0.07,1
2025/11/14 0:33,clusterB,8,4,1,3,0,0,1,0,0,1
2025/11/14 0:33,clusterA,8,4,1,3,0.07,0.07,1,0,0.07,1
2025/11/14 0:33,clusterB,8,4,1,3,0,0,1,0,0,1
2025/11/14 0:33,clusterA,8,4,1,3,0.07,0.07,1,0,0.07,1
2025/11/14 0:33,clusterB,8,4,1,3,0,0,1,0,0,1
2025/11/14 0:33,clusterA,8,4,1,3,0.07,0.07,1,0,0.07,1
2025/11/14 0:33,clusterB,8,4,1,3,0,0,1,0,0,1
2025/11/14 0:34,clusterA,8,4,1,3,0.08,0.08,1,0,0.08,1
2025/11/14 0:34,clusterB,8,4,1,3,0,0,1,0,0,1
2025/11/14 0:34,clusterA,8,4,1,3,0.08,0.08,1,0,0.08,1
2025/11/14 0:34,clusterB,8,4,1,3,0,0,1,0,0,1
2025/11/14 0:34,clusterA,8,4,1,3,0.08,0.08,1,0,0.08,1
2025/11/14 0:34,clusterB,8,4,1,3,0,0,1,0,0,1
2025/11/14 0:34,clusterA,8,4,1,3,0.08,0.08,1,0,0.08,1
2025/11/14 0:34,clusterB,8,4,1,3,0,0,1,0,0,1
2025/11/14 0:34,clusterA,8,4,1,3,0.08,0.08,1,0,0.08,1
2025/11/14 0:34,clusterB,8,4,1,3,0,0,1,0,0,1
2025/11/14 0:34,clusterA,8,4,1,3,0.08,0.08,1,0,0.08,1
2025/11/14 0:34,clusterB,8,4,1,3,0,0,1,0,0,1
2025/11/14 0:34,clusterA,8,4,1,3,0.08,0.08,1,0,0.08,1
2025/11/14 0:34,clusterB,8,4,1,3,0,0,1,0,0,1
2025/11/14 0:34,clusterA,8,4,1,3,0.08,0.08,1,0,0.08,1
2025/11/14 0:34,clusterB,8,4,1,3,0,0,1,0,0,1
2025/11/14 0:34,clusterA,8,4,1,3,0.09,0.08,1,0,0.08,1
2025/11/14 0:34,clusterB,8,4,1,3,0,0,1,0,0,1
2025/11/14 0:34,clusterA,8,4,1,3,0.09,0.08,1,0,0.08,1
2025/11/14 0:34,clusterB,8,4,1,3,0,0,1,0,0,1
2025/11/14 0:34,clusterA,8,4,1,3,0.09,0.08,1,0,0.08,1
2025/11/14 0:34,clusterB,8,4,1,3,0,0,1,0,0,1
2025/11/14 0:34,clusterA,8,4,1,3,0.09,0.08,1,0,0.08,1
2025/11/14 0:34,clusterB,8,4,1,3,0,0,1,0,0,1
2025/11/14 0:35,clusterA,8,4,1,3,0.09,0.08,1,0,0.08,1
2025/11/14 0:35,clusterB,8,4,1,3,0,0,1,0,0,1
2025/11/14 0:35,clusterA,8,4,1,3,0.09,0.08,1,0,0.08,1
2025/11/14 0:35,clusterB,8,4,1,3,0,0,1,0,0,1
2025/11/14 0:35,clusterA,8,4,1,3,0.09,0.08,1,0,0.08,1
2025/11/14 0:35,clusterB,8,4,1,3,0,0,1,0,0,1
2025/11/14 0:35,clusterA,8,4,1,3,0.09,0.08,1,0,0.08,1
2025/11/14 0:35,clusterB,8,4,1,3,0,0,1,0,0,1
2025/11/14 0:35,clusterA,8,4,1,3,0.09,0.08,1,0,0.08,1
2025/11/14 0:35,clusterB,8,4,1,3,0,0,1,0,0,1
2025/11/14 0:35,clusterA,8,4,1,3,0.09,0.08,1,0,0.08,1
2025/11/14 0:35,clusterB,8,4,1,3,0,0,1,0,0,1
2025/11/14 0:35,clusterA,8,4,1,3,0.09,0.08,1,0,0.08,1
2025/11/14 0:35,clusterB,8,4,1,3,0,0,1,0,0,1
2025/11/14 0:35,clusterA,8,4,1,3,0.09,0.08,1,0,0.08,1
2025/11/14 0:35,clusterB,8,4,1,3,0,0,1,0,0,1
2025/11/14 0:35,clusterA,8,4,1,3,0.08,0.08,1,0,0.08,1
2025/11/14 0:35,clusterB,8,4,1,3,0,0,1,0,0,1
2025/11/14 0:35,clusterA,8,4,1,3,0.08,0.08,1,0,0.08,1
2025/11/14 0:35,clusterB,8,4,1,3,0,0,1,0,0,1
2025/11/14 0:35,clusterA,8,4,1,3,0.08,0.08,1,0,0.08,1
2025/11/14 0:35,clusterB,8,4,1,3,0,0,1,0,0,1
2025/11/14 0:35,clusterA,8,4,1,3,0.08,0.08,1,0,0.08,1
2025/11/14 0:35,clusterB,8,4,1,3,0,0,1,0,0,1
2025/11/14 0:36,clusterA,8,4,1,3,0.08,0.08,1,0,0.08,1
2025/11/14 0:36,clusterB,8,4,1,3,0,0,1,0,0,1
2025/11/14 0:36,clusterA,8,4,1,3,0.08,0.08,1,0,0.08,1
2025/11/14 0:36,clusterB,8,4,1,3,0,0,1,0,0,1
2025/11/14 0:36,clusterA,8,4,1,3,0.08,0.08,1,0,0.08,1
2025/11/14 0:36,clusterB,8,4,1,3,0,0,1,0,0,1
2025/11/14 0:36,clusterA,8,4,1,3,0.08,0.08,1,0,0.08,1
2025/11/14 0:36,clusterB,8,4,1,3,0,0,1,0,0,1
2025/11/14 0:36,clusterA,8,4,1,3,0.08,0.08,1,0,0.08,1
2025/11/14 0:36,clusterB,8,4,1,3,0,0,1,0,0,1
2025/11/14 0:36,clusterA,8,4,1,3,0.08,0.08,1,0,0.08,1
2025/11/14 0:36,clusterB,8,4,1,3,0,0,1,0,0,1
2025/11/14 0:36,clusterA,8,4,1,3,0.08,0.08,1,0,0.08,1
2025/11/14 0:36,clusterB,8,4,1,3,0,0,1,0,0,1
2025/11/14 0:36,clusterA,8,4,1,3,0.08,0.08,1,0,0.08,1
2025/11/14 0:36,clusterB,8,4,1,3,0,0,1,0,0,1
2025/11/14 0:36,clusterA,8,4,1,3,0.08,0.08,1,0,0.08,1
2025/11/14 0:36,clusterB,8,4,1,3,0,0,1,0,0,1
2025/11/14 0:36,clusterA,8,4,1,3,0.09,0.08,1,0,0.08,1
2025/11/14 0:36,clusterB,8,4,1,3,0,0,1,0,0,1
2025/11/14 0:36,clusterA,8,4,1,3,0.09,0.08,1,0,0.08,1
2025/11/14 0:36,clusterB,8,4,1,3,0,0,1,0,0,1
2025/11/14 0:36,clusterA,8,4,1,3,0.09,0.08,1,0,0.08,1
2025/11/14 0:36,clusterB,8,4,1,3,0,0,1,0,0,1
2025/11/14 0:37,clusterA,8,4,1,3,0.09,0.08,1,0,0.08,1
2025/11/14 0:37,clusterB,8,4,1,3,0,0,1,0,0,1
2025/11/14 0:37,clusterA,8,4,1,3,0.09,0.08,1,0,0.08,1
2025/11/14 0:37,clusterB,8,4,1,3,0,0,1,0,0,1
2025/11/14 0:37,clusterA,8,4,1,3,0.09,0.08,1,0,0.08,1
2025/11/14 0:37,clusterB,8,4,1,3,0,0,1,0,0,1
2025/11/14 0:37,clusterA,8,4,1,3,0.09,0.08,1,0,0.08,1
2025/11/14 0:37,clusterB,8,4,1,3,0,0,1,0,0,1
2025/11/14 0:37,clusterA,8,4,1,3,0.09,0.08,1,0,0.08,1
2025/11/14 0:37,clusterB,8,4,1,3,0,0,1,0,0,1
2025/11/14 0:37,clusterA,8,4,1,3,0.09,0.08,1,0,0.08,1
2025/11/14 0:37,clusterB,8,4,1,3,0,0,1,0,0,1
2025/11/14 0:37,clusterA,8,4,1,3,0.09,0.08,1,0,0.08,1
2025/11/14 0:37,clusterB,8,4,1,3,0,0,1,0,0,1
2025/11/14 0:37,clusterA,8,4,1,3,0.09,0.08,1,0,0.08,1
2025/11/14 0:37,clusterB,8,4,1,3,0,0,1,0,0,1
2025/11/14 0:37,clusterA,8,4,1,3,0.09,0.08,1,0,0.08,1
2025/11/14 0:37,clusterB,8,4,1,3,0,0,1,0,0,1
2025/11/14 0:37,clusterA,8,4,1,3,0.09,0.08,1,0,0.08,1
2025/11/14 0:37,clusterB,8,4,1,3,0,0,1,0,0,1
2025/11/14 0:37,clusterA,8,4,1,3,0.09,0.08,1,0,0.08,1
2025/11/14 0:37,clusterB,8,4,1,3,0,0,1,0,0,1
2025/11/14 0:37,clusterA,8,4,1,3,0.08,0.08,1,0,0.08,1
2025/11/14 0:37,clusterB,8,4,1,3,0,0,1,0,0,1
2025/11/14 0:38,clusterA,8,4,1,3,0.08,0.07,1,0,0.07,1
2025/11/14 0:38,clusterB,8,4,1,3,0,0,1,0,0,1
2025/11/14 0:38,clusterA,8,4,1,3,0.08,0.08,1,0,0.08,1
2025/11/14 0:38,clusterB,8,4,1,3,0,0,1,0,0,1
2025/11/14 0:38,clusterA,8,4,1,3,0.08,0.07,1,0,0.07,1
2025/11/14 0:38,clusterB,8,4,1,3,0,0,1,0,0,1
2025/11/14 0:38,clusterA,8,4,1,3,0.08,0.07,1,0,0.07,1
2025/11/14 0:38,clusterB,8,4,1,3,0,0,1,0,0,1
2025/11/14 0:38,clusterA,8,4,1,3,0.08,0.08,1,0,0.08,1
2025/11/14 0:38,clusterB,8,4,1,3,0,0,1,0,0,1
2025/11/14 0:38,clusterA,8,4,1,3,0.08,0.08,1,0,0.08,1
2025/11/14 0:38,clusterB,8,4,1,3,0,0,1,0,0,1
2025/11/14 0:38,clusterA,8,4,1,3,0.08,0.08,1,0,0.08,1
2025/11/14 0:38,clusterB,8,4,1,3,0,0,1,0,0,1
2025/11/14 0:38,clusterA,8,4,1,3,0.08,0.08,1,0,0.08,1
2025/11/14 0:38,clusterB,8,4,1,3,0,0,1,0,0,1
2025/11/14 0:38,clusterA,8,4,1,3,0.08,0.08,1,0,0.08,1
2025/11/14 0:38,clusterB,8,4,1,3,0,0,1,0,0,1
2025/11/14 0:38,clusterA,8,4,1,3,0.09,0.08,1,0,0.08,1
2025/11/14 0:38,clusterB,8,4,1,3,0,0,1,0,0,1
2025/11/14 0:38,clusterA,8,4,1,3,0.09,0.08,1,0,0.08,1
2025/11/14 0:38,clusterB,8,4,1,3,0,0,1,0,0,1
2025/11/14 0:38,clusterA,8,4,1,3,0.09,0.08,1,0,0.08,1
2025/11/14 0:38,clusterB,8,4,1,3,0,0,1,0,0,1
2025/11/14 0:39,clusterA,8,4,1,3,0.09,0.08,1,0,0.08,1
2025/11/14 0:39,clusterB,8,4,1,3,0,0,1,0,0,1
2025/11/14 0:39,clusterA,8,4,1,3,0.09,0.08,1,0,0.08,1
2025/11/14 0:39,clusterB,8,4,1,3,0,0,1,0,0,1
2025/11/14 0:39,clusterA,8,4,1,3,0.09,0.08,1,0,0.08,1
2025/11/14 0:39,clusterB,8,4,1,3,0,0,1,0,0,1
2025/11/14 0:39,clusterA,8,4,1,3,0.09,0.08,1,0,0.08,1
2025/11/14 0:39,clusterB,8,4,1,3,0,0,1,0,0,1
2025/11/14 0:39,clusterA,8,4,1,3,0.09,0.08,1,0,0.08,1
2025/11/14 0:39,clusterB,8,4,1,3,0,0,1,0,0,1
2025/11/14 0:39,clusterA,8,4,1,3,0.09,0.08,1,0,0.08,1
2025/11/14 0:39,clusterB,8,4,1,3,0,0,1,0,0,1
2025/11/14 0:39,clusterA,8,4,1,3,0.09,0.08,1,0,0.08,1
2025/11/14 0:39,clusterB,8,4,1,3,0,0,1,0,0,1
2025/11/14 0:39,clusterA,8,4,1,3,0.09,0.08,1,0,0.08,1
2025/11/14 0:39,clusterB,8,4,1,3,0,0,1,0,0,1
2025/11/14 0:39,clusterA,8,4,1,3,0.09,0.08,1,0,0.08,1
2025/11/14 0:39,clusterB,8,4,1,3,0,0,1,0,0,1
2025/11/14 0:39,clusterA,8,4,1,3,0.09,0.08,1,0,0.08,1
2025/11/14 0:39,clusterB,8,4,1,3,0,0,1,0,0,1
2025/11/14 0:39,clusterA,8,4,1,3,0.09,0.08,1,0,0.08,1
2025/11/14 0:39,clusterB,8,4,1,3,0,0,1,0,0,1
2025/11/14 0:39,clusterA,8,4,1,3,0.09,0.08,1,0,0.08,1
2025/11/14 0:39,clusterB,8,4,1,3,0,0,1,0,0,1
2025/11/14 0:40,clusterA,8,4,1,3,0.09,0.08,1,0,0.08,1
2025/11/14 0:40,clusterB,8,4,1,3,0,0,1,0,0,1
2025/11/14 0:40,clusterA,8,4,1,3,0.09,0.08,1,0,0.08,1
2025/11/14 0:40,clusterB,8,4,1,3,0,0,1,0,0,1
2025/11/14 0:40,clusterA,8,4,1,3,0.09,0.08,1,0,0.08,1
2025/11/14 0:40,clusterB,8,4,1,3,0,0,1,0,0,1
2025/11/14 0:40,clusterA,8,4,1,3,0.09,0.08,1,0,0.08,1
2025/11/14 0:40,clusterB,8,4,1,3,0,0,1,0,0,1
2025/11/14 0:40,clusterA,8,4,1,3,0.09,0.08,1,0,0.08,1
2025/11/14 0:40,clusterB,8,4,1,3,0,0,1,0,0,1
2025/11/14 0:40,clusterA,8,4,1,3,0.09,0.08,1,0,0.08,1
2025/11/14 0:40,clusterB,8,4,1,3,0,0,1,0,0,1
2025/11/14 0:40,clusterA,8,4,1,3,0.09,0.08,1,0,0.08,1
2025/11/14 0:40,clusterB,8,4,1,3,0,0,1,0,0,1
2025/11/14 0:40,clusterA,8,4,1,3,0.09,0.08,1,0,0.08,1
2025/11/14 0:40,clusterB,8,4,1,3,0,0,1,0,0,1
2025/11/14 0:40,clusterA,8,4,1,3,0.09,0.08,1,0,0.08,1
2025/11/14 0:40,clusterB,8,4,1,3,0,0,1,0,0,1
2025/11/14 0:40,clusterA,8,4,1,3,0.09,0.08,1,0,0.08,1
2025/11/14 0:40,clusterB,8,4,1,3,0,0,1,0,0,1
2025/11/14 0:40,clusterA,8,4,1,3,0.09,0.08,1,0,0.08,1
2025/11/14 0:40,clusterB,8,4,1,3,0,0,1,0,0,1
2025/11/14 0:40,clusterA,8,4,1,3,0.09,0.08,1,0,0.08,1
2025/11/14 0:40,clusterB,8,4,1,3,0,0,1,0,0,1
2025/11/14 0:41,clusterA,8,4,1,3,0.09,0.08,1,0,0.08,1
2025/11/14 0:41,clusterB,8,4,1,3,0,0,1,0,0,1
2025/11/14 0:41,clusterA,8,4,1,3,0.09,0.08,1,0,0.08,1
2025/11/14 0:41,clusterB,8,4,1,3,0,0,1,0,0,1
2025/11/14 0:41,clusterA,8,4,1,3,0.09,0.08,1,0,0.08,1
2025/11/14 0:41,clusterB,8,4,1,3,0,0,1,0,0,1
2025/11/14 0:41,clusterA,8,4,1,3,0.09,0.08,1,0,0.08,1
2025/11/14 0:41,clusterB,8,4,1,3,0,0,1,0,0,1
2025/11/14 0:41,clusterA,8,4,1,3,0.1,0.08,1,0,0.08,1
2025/11/14 0:41,clusterB,8,4,1,3,0,0,1,0,0,1
2025/11/14 0:41,clusterA,8,4,1,3,0.1,0.08,1,0,0.08,1
2025/11/14 0:41,clusterB,8,4,1,3,0,0,1,0,0,1
2025/11/14 0:41,clusterA,8,4,1,3,0.09,0.08,1,0,0.08,1
2025/11/14 0:41,clusterB,8,4,1,3,0,0,1,0,0,1
2025/11/14 0:41,clusterA,8,4,1,3,0.09,0.08,1,0,0.08,1
2025/11/14 0:41,clusterB,8,4,1,3,0,0,1,0,0,1
2025/11/14 0:41,clusterA,8,4,1,3,0.09,0.08,1,0,0.08,1
2025/11/14 0:41,clusterB,8,4,1,3,0,0,1,0,0,1
2025/11/14 0:41,clusterA,8,4,1,3,0.09,0.08,1,0,0.08,1
2025/11/14 0:41,clusterB,8,4,1,3,0,0,1,0,0,1
2025/11/14 0:41,clusterA,8,4,1,3,0.09,0.08,1,0,0.08,1
2025/11/14 0:41,clusterB,8,4,1,3,0,0,1,0,0,1
2025/11/14 0:41,clusterA,8,4,1,3,0.09,0.08,1,0,0.08,1
2025/11/14 0:41,clusterB,8,4,1,3,0,0,1,0,0,1
2025/11/14 0:42,clusterA,8,4,1,3,0.09,0.08,1,0,0.08,1
2025/11/14 0:42,clusterB,8,4,1,3,0,0,1,0,0,1
2025/11/14 0:42,clusterA,8,4,1,3,0.08,0.08,1,0,0.08,1
2025/11/14 0:42,clusterB,8,4,1,3,0,0,1,0,0,1
2025/11/14 0:42,clusterA,8,4,1,3,0.08,0.08,1,0,0.08,1
2025/11/14 0:42,clusterB,8,4,1,3,0,0,1,0,0,1
2025/11/14 0:42,clusterA,8,4,1,3,0.08,0.08,1,0,0.08,1
2025/11/14 0:42,clusterB,8,4,1,3,0,0,1,0,0,1
2025/11/14 0:42,clusterA,8,4,1,3,0.08,0.08,1,0,0.08,1
2025/11/14 0:42,clusterB,8,4,1,3,0,0,1,0,0,1
2025/11/14 0:42,clusterA,8,4,1,3,0.08,0.08,1,0,0.08,1
2025/11/14 0:42,clusterB,8,4,1,3,0,0,1,0,0,1
2025/11/14 0:42,clusterA,8,4,1,3,0.08,0.08,1,0,0.08,1
2025/11/14 0:42,clusterB,8,4,1,3,0,0,1,0,0,1
2025/11/14 0:42,clusterA,8,4,1,3,0.08,0.08,1,0,0.08,1
2025/11/14 0:42,clusterB,8,4,1,3,0,0,1,0,0,1
2025/11/14 0:42,clusterA,8,4,1,3,0.08,0.08,1,0,0.08,1
2025/11/14 0:42,clusterB,8,4,1,3,0,0,1,0,0,1
2025/11/14 0:42,clusterA,8,4,1,3,0.08,0.08,1,0,0.08,1
2025/11/14 0:42,clusterB,8,4,1,3,0,0,1,0,0,1
2025/11/14 0:42,clusterA,8,4,1,3,0.08,0.08,1,0,0.08,1
2025/11/14 0:42,clusterB,8,4,1,3,0,0,1,0,0,1
2025/11/14 0:42,clusterA,8,4,1,3,0.08,0.08,1,0,0.08,1
2025/11/14 0:42,clusterB,8,4,1,3,0,0,1,0,0,1
2025/11/14 0:43,clusterA,8,4,1,3,0.08,0.08,1,0,0.08,1
2025/11/14 0:43,clusterB,8,4,1,3,0,0,1,0,0,1
2025/11/14 0:43,clusterA,8,4,1,3,0.08,0.08,1,0,0.08,1
2025/11/14 0:43,clusterB,8,4,1,3,0,0,1,0,0,1
2025/11/14 0:43,clusterA,8,4,1,3,0.09,0.08,1,0,0.08,1
2025/11/14 0:43,clusterB,8,4,1,3,0,0,1,0,0,1
2025/11/14 0:43,clusterA,8,4,1,3,0.09,0.08,1,0,0.08,1
2025/11/14 0:43,clusterB,8,4,1,3,0,0,1,0,0,1
2025/11/14 0:43,clusterA,8,4,1,3,0.09,0.08,1,0,0.08,1
2025/11/14 0:43,clusterB,8,4,1,3,0,0,1,0,0,1
2025/11/14 0:43,clusterA,8,4,1,3,0.09,0.08,1,0,0.08,1
2025/11/14 0:43,clusterB,8,4,1,3,0,0,1,0,0,1
2025/11/14 0:43,clusterA,8,4,1,3,0.09,0.08,1,0,0.08,1
2025/11/14 0:43,clusterB,8,4,1,3,0,0,1,0,0,1
2025/11/14 0:43,clusterA,8,4,1,3,0.09,0.08,1,0,0.08,1
2025/11/14 0:43,clusterB,8,4,1,3,0,0,1,0,0,1
2025/11/14 0:43,clusterA,8,4,1,3,0.09,0.08,1,0,0.08,1
2025/11/14 0:43,clusterB,8,4,1,3,0,0,1,0,0,1
2025/11/14 0:43,clusterA,8,4,1,3,0.09,0.08,1,0,0.08,1
2025/11/14 0:43,clusterB,8,4,1,3,0,0,1,0,0,1
2025/11/14 0:43,clusterA,8,4,1,3,0.09,0.08,1,0,0.08,1
2025/11/14 0:43,clusterB,8,4,1,3,0,0,1,0,0,1
2025/11/14 0:43,clusterA,8,4,1,3,0.09,0.08,1,0,0.08,1
2025/11/14 0:43,clusterB,8,4,1,3,0,0,1,0,0,1
2025/11/14 0:44,clusterA,8,4,1,3,0.09,0.08,1,0,0.08,1
2025/11/14 0:44,clusterB,8,4,1,3,0,0,1,0,0,1
2025/11/14 0:44,clusterA,8,4,1,3,0.09,0.08,1,0,0.08,1
2025/11/14 0:44,clusterB,8,4,1,3,0,0,1,0,0,1
2025/11/14 0:44,clusterA,8,4,1,3,0.09,0.08,1,0,0.08,1
2025/11/14 0:44,clusterB,8,4,1,3,0,0,1,0,0,1
2025/11/14 0:44,clusterA,8,4,1,3,0.08,0.08,1,0,0.08,1
2025/11/14 0:44,clusterB,8,4,1,3,0,0,1,0,0,1
2025/11/14 0:44,clusterA,8,4,1,3,0.08,0.08,1,0,0.08,1
2025/11/14 0:44,clusterB,8,4,1,3,0,0,1,0,0,1
2025/11/14 0:44,clusterA,8,4,1,3,0.08,0.08,1,0,0.08,1
2025/11/14 0:44,clusterB,8,4,1,3,0,0,1,0,0,1
2025/11/14 0:44,clusterA,8,4,1,3,0.08,0.08,1,0,0.08,1
2025/11/14 0:44,clusterB,8,4,1,3,0,0,1,0,0,1
2025/11/14 0:44,clusterA,8,4,1,3,0.08,0.07,1,0,0.07,1
2025/11/14 0:44,clusterB,8,4,1,3,0,0,1,0,0,1
2025/11/14 0:44,clusterA,8,4,1,3,0.08,0.08,1,0,0.08,1
2025/11/14 0:44,clusterB,8,4,1,3,0,0,1,0,0,1
2025/11/14 0:44,clusterA,8,4,1,3,0.08,0.08,1,0,0.08,1
2025/11/14 0:44,clusterB,8,4,1,3,0,0,1,0,0,1
2025/11/14 0:44,clusterA,8,4,1,3,0.08,0.08,1,0,0.08,1
2025/11/14 0:44,clusterB,8,4,1,3,0,0,1,0,0,1
2025/11/14 0:44,clusterA,8,4,1,3,0.08,0.08,1,0,0.08,1
2025/11/14 0:44,clusterB,8,4,1,3,0,0,1,0,0,1
2025/11/14 0:45,clusterA,8,4,1,3,0.08,0.08,1,0,0.08,1
2025/11/14 0:45,clusterB,8,4,1,3,0,0,1,0,0,1
2025/11/14 0:45,clusterA,8,4,1,3,0.08,0.08,1,0,0.08,1
2025/11/14 0:45,clusterB,8,4,1,3,0,0,1,0,0,1
2025/11/14 0:45,clusterA,8,4,1,3,0.09,0.08,1,0,0.08,1
2025/11/14 0:45,clusterB,8,4,1,3,0,0,1,0,0,1
2025/11/14 0:45,clusterA,8,4,1,3,0.09,0.08,1,0,0.08,1
2025/11/14 0:45,clusterB,8,4,1,3,0,0,1,0,0,1
2025/11/14 0:45,clusterA,8,4,1,3,0.09,0.08,1,0,0.08,1
2025/11/14 0:45,clusterB,8,4,1,3,0,0,1,0,0,1
2025/11/14 0:45,clusterA,8,4,1,3,0.09,0.08,1,0,0.08,1
2025/11/14 0:45,clusterB,8,4,1,3,0,0,1,0,0,1
2025/11/14 0:45,clusterA,8,4,1,3,0.09,0.08,1,0,0.08,1
2025/11/14 0:45,clusterB,8,4,1,3,0,0,1,0,0,1
2025/11/14 0:45,clusterA,8,4,1,3,0.09,0.08,1,0,0.08,1
2025/11/14 0:45,clusterB,8,4,1,3,0,0,1,0,0,1
2025/11/14 0:45,clusterA,8,4,1,3,0.09,0.08,1,0,0.08,1
2025/11/14 0:45,clusterB,8,4,1,3,0,0,1,0,0,1
2025/11/14 0:45,clusterA,8,4,1,3,0.09,0.08,1,0,0.08,1
2025/11/14 0:45,clusterB,8,4,1,3,0,0,1,0,0,1
2025/11/14 0:45,clusterA,8,4,1,3,0.09,0.08,1,0,0.08,1
2025/11/14 0:45,clusterB,8,4,1,3,0,0,1,0,0,1
2025/11/14 0:45,clusterA,8,4,1,3,0.09,0.08,1,0,0.08,1
2025/11/14 0:45,clusterB,8,4,1,3,0,0,1,0,0,1
2025/11/14 0:46,clusterA,8,4,1,3,0.09,0.08,1,0,0.08,1
2025/11/14 0:46,clusterB,8,4,1,3,0,0,1,0,0,1
2025/11/14 0:46,clusterA,8,4,1,3,0.09,0.08,1,0,0.08,1
2025/11/14 0:46,clusterB,8,4,1,3,0,0,1,0,0,1
2025/11/14 0:46,clusterA,8,4,1,3,0.09,0.08,1,0,0.08,1
2025/11/14 0:46,clusterB,8,4,1,3,0,0,1,0,0,1
2025/11/14 0:46,clusterA,8,4,1,3,0.09,0.08,1,0,0.08,1
2025/11/14 0:46,clusterB,8,4,1,3,0,0,1,0,0,1
2025/11/14 0:46,clusterA,8,4,1,3,0.09,0.08,1,0,0.08,1
2025/11/14 0:46,clusterB,8,4,1,3,0,0,1,0,0,1
2025/11/14 0:46,clusterA,8,4,1,3,0.08,0.08,1,0,0.08,1
2025/11/14 0:46,clusterB,8,4,1,3,0,0,1,0,0,1
2025/11/14 0:46,clusterA,8,4,1,3,0.08,0.08,1,0,0.08,1
2025/11/14 0:46,clusterB,8,4,1,3,0,0,1,0,0,1
2025/11/14 0:46,clusterA,8,4,1,3,0.08,0.08,1,0,0.08,1
2025/11/14 0:46,clusterB,8,4,1,3,0,0,1,0,0,1
2025/11/14 0:46,clusterA,8,4,1,3,0.08,0.08,1,0,0.08,1
2025/11/14 0:46,clusterB,8,4,1,3,0,0,1,0,0,1
2025/11/14 0:46,clusterA,8,4,1,3,0.08,0.08,1,0,0.08,1
2025/11/14 0:46,clusterB,8,4,1,3,0,0,1,0,0,1
2025/11/14 0:46,clusterA,8,4,1,3,0.08,0.08,1,0,0.08,1
2025/11/14 0:46,clusterB,8,4,1,3,0,0,1,0,0,1
2025/11/14 0:46,clusterA,8,4,1,3,0.08,0.08,1,0,0.08,1
2025/11/14 0:46,clusterB,8,4,1,3,0,0,1,0,0,1
2025/11/14 0:47,clusterA,8,4,1,3,0.08,0.08,1,0,0.08,1
2025/11/14 0:47,clusterB,8,4,1,3,0,0,1,0,0,1
2025/11/14 0:47,clusterA,8,4,1,3,0.08,0.08,1,0,0.08,1
2025/11/14 0:47,clusterB,8,4,1,3,0,0,1,0,0,1
2025/11/14 0:47,clusterA,8,4,1,3,0.08,0.08,1,0,0.08,1
2025/11/14 0:47,clusterB,8,4,1,3,0,0,1,0,0,1
2025/11/14 0:47,clusterA,8,4,1,3,0.08,0.08,1,0,0.08,1
2025/11/14 0:47,clusterB,8,4,1,3,0,0,1,0,0,1
2025/11/14 0:47,clusterA,8,4,1,3,0.08,0.08,1,0,0.08,1
2025/11/14 0:47,clusterB,8,4,1,3,0,0,1,0,0,1
2025/11/14 0:47,clusterA,8,4,1,3,0.08,0.08,1,0,0.08,1
2025/11/14 0:47,clusterB,8,4,1,3,0,0,1,0,0,1
2025/11/14 0:47,clusterA,8,4,1,3,0.09,0.08,1,0,0.08,1
2025/11/14 0:47,clusterB,8,4,1,3,0,0,1,0,0,1
2025/11/14 0:47,clusterA,8,4,1,3,0.09,0.08,1,0,0.08,1
2025/11/14 0:47,clusterB,8,4,1,3,0,0,1,0,0,1
2025/11/14 0:47,clusterA,8,4,1,3,0.09,0.08,1,0,0.08,1
2025/11/14 0:47,clusterB,8,4,1,3,0,0,1,0,0,1
2025/11/14 0:47,clusterA,8,4,1,3,0.09,0.08,1,0,0.08,1
2025/11/14 0:47,clusterB,8,4,1,3,0,0,1,0,0,1
2025/11/14 0:47,clusterA,8,4,1,3,0.09,0.08,1,0,0.08,1
2025/11/14 0:47,clusterB,8,4,1,3,0,0,1,0,0,1
2025/11/14 0:47,clusterA,8,4,1,3,0.08,0.08,1,0,0.08,1
2025/11/14 0:47,clusterB,8,4,1,3,0,0,1,0,0,1
2025/11/14 0:48,clusterA,8,4,1,3,0.09,0.08,1,0,0.08,1
2025/11/14 0:48,clusterB,8,4,1,3,0,0,1,0,0,1
2025/11/14 0:48,clusterA,8,4,1,3,0.09,0.08,1,0,0.08,1
2025/11/14 0:48,clusterB,8,4,1,3,0,0,1,0,0,1
2025/11/14 0:48,clusterA,8,4,1,3,0.09,0.08,1,0,0.08,1
2025/11/14 0:48,clusterB,8,4,1,3,0,0,1,0,0,1
2025/11/14 0:48,clusterA,8,4,1,3,0.08,0.08,1,0,0.08,1
2025/11/14 0:48,clusterB,8,4,1,3,0,0,1,0,0,1
2025/11/14 0:48,clusterA,8,4,1,3,0.08,0.08,1,0,0.08,1
2025/11/14 0:48,clusterB,8,4,1,3,0,0,1,0,0,1
2025/11/14 0:48,clusterA,8,4,1,3,0.08,0.08,1,0,0.08,1
2025/11/14 0:48,clusterB,8,4,1,3,0,0,1,0,0,1
2025/11/14 0:48,clusterA,8,4,1,3,0.08,0.08,1,0,0.08,1
2025/11/14 0:48,clusterB,8,4,1,3,0,0,1,0,0,1
2025/11/14 0:48,clusterA,8,4,1,3,0.08,0.08,1,0,0.08,1
2025/11/14 0:48,clusterB,8,4,1,3,0,0,1,0,0,1
2025/11/14 0:48,clusterA,8,4,1,3,0.08,0.08,1,0,0.08,1
2025/11/14 0:48,clusterB,8,4,1,3,0,0,1,0,0,1
2025/11/14 0:48,clusterA,8,4,1,3,0.08,0.08,1,0,0.08,1
2025/11/14 0:48,clusterB,8,4,1,3,0,0,1,0,0,1
2025/11/14 0:48,clusterA,8,4,1,3,0.08,0.08,1,0,0.08,1
2025/11/14 0:48,clusterB,8,4,1,3,0,0,1,0,0,1
2025/11/14 0:48,clusterA,8,4,1,3,0.08,0.08,1,0,0.08,1
2025/11/14 0:48,clusterB,8,4,1,3,0,0,1,0,0,1
2025/11/14 0:49,clusterA,8,4,1,3,0.08,0.08,1,0,0.08,1
2025/11/14 0:49,clusterB,8,4,1,3,0,0,1,0,0,1
2025/11/14 0:49,clusterA,8,4,1,3,0.08,0.08,1,0,0.08,1
2025/11/14 0:49,clusterB,8,4,1,3,0,0,1,0,0,1
2025/11/14 0:49,clusterA,8,4,1,3,0.08,0.08,1,0,0.08,1
2025/11/14 0:49,clusterB,8,4,1,3,0,0,1,0,0,1
2025/11/14 0:49,clusterA,8,4,1,3,0.09,0.08,1,0,0.08,1
2025/11/14 0:49,clusterB,8,4,1,3,0,0,1,0,0,1
2025/11/14 0:49,clusterA,8,4,1,3,0.09,0.08,1,0,0.08,1
2025/11/14 0:49,clusterB,8,4,1,3,0,0,1,0,0,1
2025/11/14 0:49,clusterA,8,4,1,3,0.09,0.08,1,0,0.08,1
2025/11/14 0:49,clusterB,8,4,1,3,0,0,1,0,0,1
2025/11/14 0:49,clusterA,8,4,1,3,0.09,0.08,1,0,0.08,1
2025/11/14 0:49,clusterB,8,4,1,3,0,0,1,0,0,1
2025/11/14 0:49,clusterA,8,4,1,3,0.09,0.08,1,0,0.08,1
2025/11/14 0:49,clusterB,8,4,1,3,0,0,1,0,0,1
2025/11/14 0:49,clusterA,8,4,1,3,0.09,0.08,1,0,0.08,1
2025/11/14 0:49,clusterB,8,4,1,3,0,0,1,0,0,1
2025/11/14 0:49,clusterA,8,4,1,3,0.09,0.08,1,0,0.08,1
2025/11/14 0:49,clusterB,8,4,1,3,0,0,1,0,0,1
2025/11/14 0:49,clusterA,8,4,1,3,0.09,0.08,1,0,0.08,1
2025/11/14 0:49,clusterB,8,4,1,3,0,0,1,0,0,1
2025/11/14 0:49,clusterA,8,4,1,3,0.09,0.08,1,0,0.08,1
2025/11/14 0:49,clusterB,8,4,1,3,0,0,1,0,0,1
2025/11/14 0:50,clusterA,8,4,1,3,0.08,0.08,1,0,0.08,1
2025/11/14 0:50,clusterB,8,4,1,3,0,0,1,0,0,1
2025/11/14 0:50,clusterA,8,4,1,3,0.08,0.08,1,0,0.08,1
2025/11/14 0:50,clusterB,8,4,1,3,0,0,1,0,0,1
2025/11/14 0:50,clusterA,8,4,1,3,0.08,0.08,1,0,0.08,1
2025/11/14 0:50,clusterB,8,4,1,3,0,0,1,0,0,1
2025/11/14 0:50,clusterA,8,4,1,3,0.08,0.08,1,0,0.08,1
2025/11/14 0:50,clusterB,8,4,1,3,0,0,1,0,0,1
2025/11/14 0:50,clusterA,8,4,1,3,0.08,0.08,1,0,0.08,1
2025/11/14 0:50,clusterB,8,4,1,3,0,0,1,0,0,1
2025/11/14 0:50,clusterA,8,4,1,3,0.08,0.08,1,0,0.08,1
2025/11/14 0:50,clusterB,8,4,1,3,0,0,1,0,0,1
2025/11/14 0:50,clusterA,8,4,1,3,0.08,0.08,1,0,0.08,1
2025/11/14 0:50,clusterB,8,4,1,3,0,0,1,0,0,1
2025/11/14 0:50,clusterA,8,4,1,3,0.08,0.07,1,0,0.07,1
2025/11/14 0:50,clusterB,8,4,1,3,0,0,1,0,0,1
2025/11/14 0:50,clusterA,8,4,1,3,0.07,0.07,1,0,0.07,1
2025/11/14 0:50,clusterB,8,4,1,3,0,0,1,0,0,1
2025/11/14 0:50,clusterA,8,4,1,3,0.07,0.07,1,0,0.07,1
2025/11/14 0:50,clusterB,8,4,1,3,0,0,1,0,0,1
2025/11/14 0:50,clusterA,8,4,1,3,0.07,0.07,1,0,0.07,1
2025/11/14 0:50,clusterB,8,4,1,3,0,0,1,0,0,1
2025/11/14 0:50,clusterA,8,4,1,3,0.08,0.08,1,0,0.08,1
2025/11/14 0:50,clusterB,8,4,1,3,0,0,1,0,0,1
2025/11/14 0:51,clusterA,8,4,1,3,0.07,0.08,1,0,0.08,1
2025/11/14 0:51,clusterB,8,4,1,3,0,0,1,0,0,1
2025/11/14 0:51,clusterA,8,4,1,3,0.07,0.08,1,0,0.08,1
2025/11/14 0:51,clusterB,8,4,1,3,0,0,1,0,0,1
2025/11/14 0:51,clusterA,8,4,1,3,0.07,0.08,1,0,0.08,1
2025/11/14 0:51,clusterB,8,4,1,3,0,0,1,0,0,1
2025/11/14 0:51,clusterA,8,4,1,3,0.07,0.08,1,0,0.08,1
2025/11/14 0:51,clusterB,8,4,1,3,0,0,1,0,0,1
2025/11/14 0:51,clusterA,8,4,1,3,0.07,0.08,1,0,0.08,1
2025/11/14 0:51,clusterB,8,4,1,3,0,0,1,0,0,1
2025/11/14 0:51,clusterA,8,4,1,3,0.08,0.08,1,0,0.08,1
2025/11/14 0:51,clusterB,8,4,1,3,0,0,1,0,0,1
2025/11/14 0:51,clusterA,8,4,1,3,0.08,0.08,1,0,0.08,1
2025/11/14 0:51,clusterB,8,4,1,3,0,0,1,0,0,1
2025/11/14 0:51,clusterA,8,4,1,3,0.08,0.08,1,0,0.08,1
2025/11/14 0:51,clusterB,8,4,1,3,0,0,1,0,0,1
2025/11/14 0:51,clusterA,8,4,1,3,0.09,0.08,1,0,0.08,1
2025/11/14 0:51,clusterB,8,4,1,3,0,0,1,0,0,1
2025/11/14 0:51,clusterA,8,4,1,3,0.09,0.08,1,0,0.08,1
2025/11/14 0:51,clusterB,8,4,1,3,0,0,1,0,0,1
2025/11/14 0:51,clusterA,8,4,1,3,0.09,0.08,1,0,0.08,1
2025/11/14 0:51,clusterB,8,4,1,3,0,0,1,0,0,1
2025/11/14 0:52,clusterA,8,4,1,3,0.09,0.08,1,0,0.08,1
2025/11/14 0:52,clusterB,8,4,1,3,0,0,1,0,0,1
2025/11/14 0:52,clusterA,8,4,1,3,0.09,0.08,1,0,0.08,1
2025/11/14 0:52,clusterB,8,4,1,3,0,0,1,0,0,1
2025/11/14 0:52,clusterA,8,4,1,3,0.09,0.08,1,0,0.08,1
2025/11/14 0:52,clusterB,8,4,1,3,0,0,1,0,0,1
2025/11/14 0:52,clusterA,8,4,1,3,0.09,0.08,1,0,0.08,1
2025/11/14 0:52,clusterB,8,4,1,3,0,0,1,0,0,1
2025/11/14 0:52,clusterA,8,4,1,3,0.09,0.08,1,0,0.08,1
2025/11/14 0:52,clusterB,8,4,1,3,0,0,1,0,0,1
2025/11/14 0:52,clusterA,8,4,1,3,0.09,0.08,1,0,0.08,1
2025/11/14 0:52,clusterB,8,4,1,3,0,0,1,0,0,1
2025/11/14 0:52,clusterA,8,4,1,3,0.09,0.08,1,0,0.08,1
2025/11/14 0:52,clusterB,8,4,1,3,0,0,1,0,0,1
2025/11/14 0:52,clusterA,8,4,1,3,0.09,0.08,1,0,0.08,1
2025/11/14 0:52,clusterB,8,4,1,3,0,0,1,0,0,1
2025/11/14 0:52,clusterA,8,4,1,3,0.09,0.08,1,0,0.08,1
2025/11/14 0:52,clusterB,8,4,1,3,0,0,1,0,0,1
2025/11/14 0:52,clusterA,8,4,1,3,0.09,0.08,1,0,0.08,1
2025/11/14 0:52,clusterB,8,4,1,3,0,0,1,0,0,1
2025/11/14 0:52,clusterA,8,4,1,3,0.08,0.08,1,0,0.08,1
2025/11/14 0:52,clusterB,8,4,1,3,0,0,1,0,0,1
2025/11/14 0:52,clusterA,8,4,1,3,0.08,0.08,1,0,0.08,1
2025/11/14 0:52,clusterB,8,4,1,3,0,0,1,0,0,1
2025/11/14 0:53,clusterA,8,4,1,3,0.08,0.08,1,0,0.08,1
2025/11/14 0:53,clusterB,8,4,1,3,0,0,1,0,0,1
2025/11/14 0:53,clusterA,8,4,1,3,0.08,0.08,1,0,0.08,1
2025/11/14 0:53,clusterB,8,4,1,3,0,0,1,0,0,1
2025/11/14 0:53,clusterA,8,4,1,3,0.08,0.08,1,0,0.08,1
2025/11/14 0:53,clusterB,8,4,1,3,0,0,1,0,0,1
2025/11/14 0:53,clusterA,8,4,1,3,0.08,0.08,1,0,0.08,1
2025/11/14 0:53,clusterB,8,4,1,3,0,0,1,0,0,1
2025/11/14 0:53,clusterA,8,4,1,3,0.08,0.08,1,0,0.08,1
2025/11/14 0:53,clusterB,8,4,1,3,0,0,1,0,0,1
2025/11/14 0:53,clusterA,8,4,1,3,0.08,0.08,1,0,0.08,1
2025/11/14 0:53,clusterB,8,4,1,3,0,0,1,0,0,1
2025/11/14 0:53,clusterA,8,4,1,3,0.08,0.08,1,0,0.08,1
2025/11/14 0:53,clusterB,8,4,1,3,0,0,1,0,0,1
2025/11/14 0:53,clusterA,8,4,1,3,0.08,0.08,1,0,0.08,1
2025/11/14 0:53,clusterB,8,4,1,3,0,0,1,0,0,1
2025/11/14 0:53,clusterA,8,4,1,3,0.08,0.08,1,0,0.08,1
2025/11/14 0:53,clusterB,8,4,1,3,0,0,1,0,0,1
2025/11/14 0:53,clusterA,8,4,1,3,0.08,0.08,1,0,0.08,1
2025/11/14 0:53,clusterB,8,4,1,3,0,0,1,0,0,1
2025/11/14 0:53,clusterA,8,4,1,3,0.09,0.08,1,0,0.08,1
2025/11/14 0:53,clusterB,8,4,1,3,0,0,1,0,0,1
2025/11/14 0:53,clusterA,8,4,1,3,0.09,0.08,1,0,0.08,1
2025/11/14 0:53,clusterB,8,4,1,3,0,0,1,0,0,1
2025/11/14 0:54,clusterA,8,4,1,3,0.09,0.08,1,0,0.08,1
2025/11/14 0:54,clusterB,8,4,1,3,0,0,1,0,0,1
2025/11/14 0:54,clusterA,8,4,1,3,0.09,0.08,1,0,0.08,1
2025/11/14 0:54,clusterB,8,4,1,3,0,0,1,0,0,1
2025/11/14 0:54,clusterA,8,4,1,3,0.09,0.08,1,0,0.08,1
2025/11/14 0:54,clusterB,8,4,1,3,0,0,1,0,0,1
2025/11/14 0:54,clusterA,8,4,1,3,0.09,0.08,1,0,0.08,1
2025/11/14 0:54,clusterB,8,4,1,3,0,0,1,0,0,1
2025/11/14 0:54,clusterA,8,4,1,3,0.09,0.08,1,0,0.08,1
2025/11/14 0:54,clusterB,8,4,1,3,0,0,1,0,0,1
2025/11/14 0:54,clusterA,8,4,1,3,0.09,0.08,1,0,0.08,1
2025/11/14 0:54,clusterB,8,4,1,3,0,0,1,0,0,1
2025/11/14 0:54,clusterA,8,4,1,3,0.09,0.08,1,0,0.08,1
2025/11/14 0:54,clusterB,8,4,1,3,0,0,1,0,0,1
2025/11/14 0:54,clusterA,8,4,1,3,0.09,0.08,1,0,0.08,1
2025/11/14 0:54,clusterB,8,4,1,3,0,0,1,0,0,1
2025/11/14 0:54,clusterA,8,4,1,3,0.09,0.08,1,0,0.08,1
2025/11/14 0:54,clusterB,8,4,1,3,0,0,1,0,0,1
2025/11/14 0:54,clusterA,8,4,1,3,0.09,0.08,1,0,0.08,1
2025/11/14 0:54,clusterB,8,4,1,3,0,0,1,0,0,1
2025/11/14 0:54,clusterA,8,4,1,3,0.08,0.08,1,0,0.08,1
2025/11/14 0:54,clusterB,8,4,1,3,0,0,1,0,0,1
2025/11/14 0:54,clusterA,8,4,1,3,0.08,0.08,1,0,0.08,1
2025/11/14 0:54,clusterB,8,4,1,3,0,0,1,0,0,1
2025/11/14 0:55,clusterA,8,4,1,3,0.08,0.08,1,0,0.08,1
2025/11/14 0:55,clusterB,8,4,1,3,0,0,1,0,0,1
2025/11/14 0:55,clusterA,8,4,1,3,0.08,0.08,1,0,0.08,1
2025/11/14 0:55,clusterB,8,4,1,3,0,0,1,0,0,1
2025/11/14 0:55,clusterA,8,4,1,3,0.08,0.08,1,0,0.08,1
2025/11/14 0:55,clusterB,8,4,1,3,0,0,1,0,0,1
2025/11/14 0:55,clusterA,8,4,1,3,0.08,0.08,1,0,0.08,1
2025/11/14 0:55,clusterB,8,4,1,3,0,0,1,0,0,1
2025/11/14 0:55,clusterA,8,4,1,3,0.08,0.08,1,0,0.08,1
2025/11/14 0:55,clusterB,8,4,1,3,0,0,1,0,0,1
2025/11/14 0:55,clusterA,8,4,1,3,0.08,0.08,1,0,0.08,1
2025/11/14 0:55,clusterB,8,4,1,3,0,0,1,0,0,1
2025/11/14 0:55,clusterA,8,4,1,3,0.08,0.08,1,0,0.08,1
2025/11/14 0:55,clusterB,8,4,1,3,0,0,1,0,0,1
2025/11/14 0:55,clusterA,8,4,1,3,0.08,0.08,1,0,0.08,1
2025/11/14 0:55,clusterB,8,4,1,3,0,0,1,0,0,1
2025/11/14 0:55,clusterA,8,4,1,3,0.08,0.08,1,0,0.08,1
2025/11/14 0:55,clusterB,8,4,1,3,0,0,1,0,0,1
2025/11/14 0:55,clusterA,8,4,1,3,0.08,0.08,1,0,0.08,1
2025/11/14 0:55,clusterB,8,4,1,3,0,0,1,0,0,1
2025/11/14 0:55,clusterA,8,4,1,3,0.09,0.08,1,0,0.08,1
2025/11/14 0:55,clusterB,8,4,1,3,0,0,1,0,0,1
2025/11/14 0:55,clusterA,8,4,1,3,0.09,0.08,1,0,0.08,1
2025/11/14 0:55,clusterB,8,4,1,3,0,0,1,0,0,1
2025/11/14 0:56,clusterA,8,4,1,3,0.09,0.08,1,0,0.08,1
2025/11/14 0:56,clusterB,8,4,1,3,0,0,1,0,0,1
2025/11/14 0:56,clusterA,8,4,1,3,0.09,0.08,1,0,0.08,1
2025/11/14 0:56,clusterB,8,4,1,3,0,0,1,0,0,1
2025/11/14 0:56,clusterA,8,4,1,3,0.09,0.08,1,0,0.08,1
2025/11/14 0:56,clusterB,8,4,1,3,0,0,1,0,0,1
2025/11/14 0:56,clusterA,8,4,1,3,0.09,0.08,1,0,0.08,1
2025/11/14 0:56,clusterB,8,4,1,3,0,0,1,0,0,1
2025/11/14 0:56,clusterA,8,4,1,3,0.09,0.08,1,0,0.08,1
2025/11/14 0:56,clusterB,8,4,1,3,0,0,1,0,0,1
2025/11/14 0:56,clusterA,8,4,1,3,0.09,0.08,1,0,0.08,1
2025/11/14 0:56,clusterB,8,4,1,3,0,0,1,0,0,1
2025/11/14 0:56,clusterA,8,4,1,3,0.09,0.08,1,0,0.08,1
2025/11/14 0:56,clusterB,8,4,1,3,0,0,1,0,0,1
2025/11/14 0:56,clusterA,8,4,1,3,0.09,0.08,1,0,0.08,1
2025/11/14 0:56,clusterB,8,4,1,3,0,0,1,0,0,1
2025/11/14 0:56,clusterA,8,4,1,3,0.09,0.08,1,0,0.08,1
2025/11/14 0:56,clusterB,8,4,1,3,0,0,1,0,0,1
2025/11/14 0:56,clusterA,8,4,1,3,0.09,0.08,1,0,0.08,1
2025/11/14 0:56,clusterB,8,4,1,3,0,0,1,0,0,1
2025/11/14 0:56,clusterA,8,4,1,3,0.09,0.08,1,0,0.08,1
2025/11/14 0:56,clusterB,8,4,1,3,0,0,1,0,0,1
2025/11/14 0:56,clusterA,8,4,1,3,0.09,0.08,1,0,0.08,1
2025/11/14 0:56,clusterB,8,4,1,3,0,0,1,0,0,1
2025/11/14 0:57,clusterA,8,4,1,3,0.08,0.08,1,0,0.08,1
2025/11/14 0:57,clusterB,8,4,1,3,0,0,1,0,0,1
2025/11/14 0:57,clusterA,8,4,1,3,0.08,0.08,1,0,0.08,1
2025/11/14 0:57,clusterB,8,4,1,3,0,0,1,0,0,1
2025/11/14 0:57,clusterA,8,4,1,3,0.08,0.08,1,0,0.08,1
2025/11/14 0:57,clusterB,8,4,1,3,0,0,1,0,0,1
2025/11/14 0:57,clusterA,8,4,1,3,0.08,0.08,1,0,0.08,1
2025/11/14 0:57,clusterB,8,4,1,3,0,0,1,0,0,1
2025/11/14 0:57,clusterA,8,4,1,3,0.08,0.08,1,0,0.08,1
2025/11/14 0:57,clusterB,8,4,1,3,0,0,1,0,0,1
2025/11/14 0:57,clusterA,5,4,4,0,0.09,0.08,1,0,0.08,1
2025/11/14 0:57,clusterB,5,4,4,0,0,0,1,0,0,1
2025/11/14 0:57,clusterA,5,4,4,0,0.09,0.08,1,0,0.08,1
2025/11/14 0:57,clusterB,5,4,4,0,0,0,1,0,0,1
2025/11/14 0:57,clusterA,5,4,3,1,0.09,0.08,1,0,0.08,1
2025/11/14 0:57,clusterB,5,4,4,0,0,0,1,0,0,1
2025/11/14 0:57,clusterA,5,4,3,1,0.09,0.08,1,0,0.08,1
2025/11/14 0:57,clusterB,5,4,4,0,0,0,1,0,0,1
2025/11/14 0:57,clusterA,5,4,3,1,0.09,0.09,1,0,0.09,1
2025/11/14 0:57,clusterB,5,4,4,0,0,0,1,0,0,1
2025/11/14 0:57,clusterA,5,4,3,1,0.09,0.09,1,0,0.09,1
2025/11/14 0:57,clusterB,5,4,4,0,0,0,1,0,0,1
2025/11/14 0:57,clusterA,5,4,3,1,0.09,0.1,1,0,0.1,1
2025/11/14 0:57,clusterB,5,4,4,0,0,0,1,0,0,1
2025/11/14 0:58,clusterA,5,4,3,1,0.1,0.1,1,0,0.1,1
2025/11/14 0:58,clusterB,5,4,4,0,0,0,1,0,0,1
2025/11/14 0:58,clusterA,5,4,3,1,0.12,0.11,1,0,0.11,1
2025/11/14 0:58,clusterB,5,4,4,0,0,0,1,0,0,1
2025/11/14 0:58,clusterA,5,4,3,1,0.13,0.11,1,0,0.11,1
2025/11/14 0:58,clusterB,5,4,4,0,0,0,1,0,0,1
2025/11/14 0:58,clusterA,5,4,3,1,0.13,0.12,1,0,0.12,1
2025/11/14 0:58,clusterB,5,4,4,0,0,0,1,0,0,1
2025/11/14 0:58,clusterA,5,4,3,1,0.13,0.12,1,0,0.12,1
2025/11/14 0:58,clusterB,5,4,4,0,0,0,1,0,0,1
2025/11/14 0:58,clusterA,5,4,3,1,0.15,0.12,1,0,0.12,1
2025/11/14 0:58,clusterB,5,4,4,0,0,0,1,0,0,1
2025/11/14 0:58,clusterA,5,4,3,1,0.16,0.13,1,0,0.13,1
2025/11/14 0:58,clusterB,5,4,4,0,0,0,1,0,0,1
2025/11/14 0:58,clusterA,5,4,3,1,0.17,0.13,1,0,0.13,1
2025/11/14 0:58,clusterB,5,4,4,0,0,0,1,0,0,1
2025/11/14 0:58,clusterA,5,4,3,1,0.18,0.13,1,0,0.13,1
2025/11/14 0:58,clusterB,5,4,4,0,0,0,1,0,0,1
2025/11/14 0:58,clusterA,5,4,3,1,0.18,0.14,1,0,0.14,1
2025/11/14 0:58,clusterB,5,4,4,0,0,0,1,0,0,1
2025/11/14 0:58,clusterA,5,4,3,1,0.19,0.14,1,0,0.14,1
2025/11/14 0:58,clusterB,5,4,4,0,0,0,1,0,0,1
2025/11/14 0:58,clusterA,5,4,3,1,0.18,0.14,1,0,0.14,1
2025/11/14 0:58,clusterB,5,4,4,0,0,0,1,0,0,1
2025/11/14 0:59,clusterA,5,4,3,1,0.2,0.14,1,0,0.14,1
2025/11/14 0:59,clusterB,5,4,4,0,0,0,1,0,0,1
2025/11/14 0:59,clusterA,5,4,3,1,0.21,0.14,1,0,0.14,1
2025/11/14 0:59,clusterB,5,4,4,0,0,0,1,0,0,1
2025/11/14 0:59,clusterA,5,4,3,1,0.22,0.14,1,0,0.14,1
2025/11/14 0:59,clusterB,5,4,4,0,0,0,1,0,0,1
2025/11/14 0:59,clusterA,5,4,3,1,0.23,0.14,1,0,0.14,1
2025/11/14 0:59,clusterB,5,4,4,0,0,0,1,0,0,1
2025/11/14 0:59,clusterA,5,4,3,1,0.25,0.14,1,0,0.14,1
2025/11/14 0:59,clusterB,5,4,4,0,0,0,1,0,0,1
2025/11/14 0:59,clusterA,5,4,3,1,0.23,0.14,1,0,0.14,1
2025/11/14 0:59,clusterB,5,4,4,0,0,0,1,0,0,1
2025/11/14 0:59,clusterA,5,4,3,1,0.25,0.14,1,0,0.14,1
2025/11/14 0:59,clusterB,5,4,4,0,0,0,1,0,0,1
2025/11/14 0:59,clusterA,5,4,3,1,0.24,0.14,1,0,0.14,1
2025/11/14 0:59,clusterB,5,4,4,0,0,0,1,0,0,1
2025/11/14 0:59,clusterA,5,4,3,1,0.26,0.14,1,0,0.14,1
2025/11/14 0:59,clusterB,5,4,4,0,0,0,1,0,0,1
2025/11/14 0:59,clusterA,5,4,3,1,0.27,0.14,1,0,0.14,1
2025/11/14 0:59,clusterB,5,4,4,0,0,0,1,0,0,1
2025/11/14 0:59,clusterA,5,4,3,1,0.27,0.14,1,0,0.14,1
2025/11/14 0:59,clusterB,5,4,4,0,0,0,1,0,0,1
2025/11/14 0:59,clusterA,5,4,3,1,0.29,0.14,1,0,0.14,1
2025/11/14 0:59,clusterB,5,4,4,0,0,0,1,0,0,1
2025/11/14 1:00,clusterA,5,4,3,1,0.27,0.14,1,0,0.14,1
2025/11/14 1:00,clusterB,5,4,4,0,0,0,1,0,0,1
2025/11/14 1:00,clusterA,5,4,3,1,0.25,0.14,1,0,0.14,1
2025/11/14 1:00,clusterB,5,4,4,0,0,0,1,0,0,1
2025/11/14 1:00,clusterA,5,4,3,1,0.24,0.14,1,0,0.14,1
2025/11/14 1:00,clusterB,5,4,4,0,0,0,1,0,0,1
2025/11/14 1:00,clusterA,5,4,3,1,0.24,0.15,1,0,0.15,1
2025/11/14 1:00,clusterB,5,4,4,0,0,0,1,0,0,1
2025/11/14 1:00,clusterA,5,4,3,1,0.22,0.15,1,0,0.15,1
2025/11/14 1:00,clusterB,5,4,4,0,0,0,1,0,0,1
2025/11/14 1:00,clusterA,5,4,3,1,0.21,0.14,1,0,0.14,1
2025/11/14 1:00,clusterB,5,4,4,0,0,0,1,0,0,1
2025/11/14 1:00,clusterA,5,4,3,1,0.19,0.14,1,0,0.14,1
2025/11/14 1:00,clusterB,5,4,4,0,0,0,1,0,0,1
2025/11/14 1:00,clusterA,5,4,3,1,0.21,0.14,1,0,0.14,1
2025/11/14 1:00,clusterB,5,4,4,0,0,0,1,0,0,1
2025/11/14 1:00,clusterA,5,4,3,1,0.21,0.14,1,0,0.14,1
2025/11/14 1:00,clusterB,5,4,4,0,0,0,1,0,0,1
2025/11/14 1:00,clusterA,5,4,3,1,0.19,0.14,1,0,0.14,1
2025/11/14 1:00,clusterB,5,4,4,0,0,0,1,0,0,1
2025/11/14 1:00,clusterA,5,4,3,1,0.18,0.14,1,0,0.14,1
2025/11/14 1:00,clusterB,5,4,4,0,0,0,1,0,0,1
2025/11/14 1:00,clusterA,5,4,3,1,0.17,0.14,1,0,0.14,1
2025/11/14 1:00,clusterB,5,4,4,0,0,0,1,0,0,1
2025/11/14 1:01,clusterA,5,4,3,1,0.16,0.14,1,0,0.14,1
2025/11/14 1:01,clusterB,5,4,4,0,0,0,1,0,0,1
2025/11/14 1:01,clusterA,5,4,3,1,0.16,0.14,1,0,0.14,1
2025/11/14 1:01,clusterB,5,4,4,0,0,0,1,0,0,1
2025/11/14 1:01,clusterA,5,4,3,1,0.16,0.14,1,0,0.14,1
2025/11/14 1:01,clusterB,5,4,4,0,0,0,1,0,0,1
2025/11/14 1:01,clusterA,5,4,3,1,0.15,0.14,1,0,0.14,1
2025/11/14 1:01,clusterB,5,4,4,0,0,0,1,0,0,1
2025/11/14 1:01,clusterA,5,4,3,1,0.18,0.14,1,0,0.14,1
2025/11/14 1:01,clusterB,5,4,4,0,0,0,1,0,0,1
2025/11/14 1:01,clusterA,5,4,3,1,0.17,0.14,1,0,0.14,1
2025/11/14 1:01,clusterB,5,4,4,0,0,0,1,0,0,1
2025/11/14 1:01,clusterA,5,4,3,1,0.17,0.14,1,0,0.14,1
2025/11/14 1:01,clusterB,5,4,4,0,0,0,1,0,0,1
2025/11/14 1:01,clusterA,5,4,3,1,0.18,0.14,1,0,0.14,1
2025/11/14 1:01,clusterB,5,4,4,0,0,0,1,0,0,1
2025/11/14 1:01,clusterA,5,4,3,1,0.15,0.14,1,0,0.14,1
2025/11/14 1:01,clusterB,5,4,4,0,0,0,1,0,0,1
2025/11/14 1:01,clusterA,5,4,3,1,0.16,0.14,1,0,0.14,1
2025/11/14 1:01,clusterB,5,4,4,0,0,0,1,0,0,1
2025/11/14 1:01,clusterA,5,4,3,1,0.16,0.14,1,0,0.14,1
2025/11/14 1:01,clusterB,5,4,4,0,0,0,1,0,0,1
2025/11/14 1:01,clusterA,5,4,3,1,0.18,0.15,1,0,0.15,1
2025/11/14 1:01,clusterB,5,4,4,0,0,0,1,0,0,1
2025/11/14 1:02,clusterA,5,4,3,1,0.16,0.15,1,0,0.15,1
2025/11/14 1:02,clusterB,5,4,4,0,0,0,1,0,0,1
2025/11/14 1:02,clusterA,5,4,3,1,0.17,0.15,1,0,0.15,1
2025/11/14 1:02,clusterB,5,4,4,0,0,0,1,0,0,1
2025/11/14 1:02,clusterA,5,4,3,1,0.19,0.14,1,0,0.14,1
2025/11/14 1:02,clusterB,5,4,4,0,0,0,1,0,0,1
2025/11/14 1:02,clusterA,5,4,3,1,0.19,0.15,1,0,0.15,1
2025/11/14 1:02,clusterB,5,4,4,0,0,0,1,0,0,1
2025/11/14 1:02,clusterA,5,4,3,1,0.19,0.14,1,0,0.14,1
2025/11/14 1:02,clusterB,5,4,4,0,0,0,1,0,0,1
2025/11/14 1:02,clusterA,5,4,3,1,0.19,0.15,1,0,0.15,1
2025/11/14 1:02,clusterB,5,4,4,0,0,0,1,0,0,1
2025/11/14 1:02,clusterA,5,4,3,1,0.2,0.15,1,0,0.15,1
2025/11/14 1:02,clusterB,5,4,4,0,0,0,1,0,0,1
2025/11/14 1:02,clusterA,5,4,3,1,0.19,0.14,1,0,0.14,1
2025/11/14 1:02,clusterB,5,4,4,0,0,0,1,0,0,1
2025/11/14 1:02,clusterA,2,4,4,0,0.19,0.14,0.5,0.36,0.14,0.5
2025/11/14 1:02,clusterB,2,4,4,0,0,0,0.5,0.5,0,0.5
2025/11/14 1:02,clusterA,2,4,4,0,0.2,0.14,0.5,0.36,0.14,0.5
2025/11/14 1:02,clusterB,2,4,2,2,0,0,0.5,0.5,0,0.5
2025/11/14 1:03,clusterA,2,4,4,0,0.21,0.14,0.5,0.36,0.14,0.5
2025/11/14 1:03,clusterB,2,4,2,2,0,0,0.5,0.5,0,0.5
2025/11/14 1:03,clusterA,0,4,4,0,0.21,0.15,0,0.85,0.15,0
2025/11/14 1:03,clusterB,0,4,3,1,0,0,0,1,0,0
2025/11/14 1:03,clusterA,0,4,4,0,0.22,0.16,0,0.84,0.16,0
2025/11/14 1:03,clusterB,0,4,3,1,0,0,0,1,0,0
2025/11/14 1:03,clusterA,0,4,4,0,0.24,0.16,0,0.84,0.16,0
2025/11/14 1:03,clusterB,0,4,3,1,0,0,0,1,0,0
2025/11/14 1:03,clusterA,0,4,4,0,0.23,0.17,0,0.83,0.17,0
2025/11/14 1:03,clusterB,0,4,3,1,0,0,0,1,0,0
2025/11/14 1:03,clusterA,0,4,4,0,0.25,0.17,0,0.83,0.17,0
2025/11/14 1:03,clusterB,0,4,3,1,0,0,0,1,0,0
2025/11/14 1:03,clusterA,0,4,4,0,0.27,0.18,0,0.82,0.18,0
2025/11/14 1:03,clusterB,0,4,3,1,0,0,0,1,0,0
2025/11/14 1:03,clusterA,0,4,4,0,0.29,0.19,0,0.81,0.19,0
2025/11/14 1:03,clusterB,0,4,3,1,0,0,0,1,0,0
2025/11/14 1:03,clusterA,0,4,4,0,0.29,0.19,0,0.81,0.19,0
2025/11/14 1:03,clusterB,0,4,3,1,0,0,0,1,0,0
2025/11/14 1:03,clusterA,0,4,4,0,0.31,0.19,0,0.81,0.19,0
2025/11/14 1:03,clusterB,0,4,3,1,0,0,0,1,0,0
2025/11/14 1:03,clusterA,0,4,4,0,0.33,0.2,0,0.8,0.2,0
2025/11/14 1:03,clusterB,0,4,3,1,0,0,0,1,0,0
2025/11/14 1:03,clusterA,0,4,4,0,0.36,0.2,0,0.8,0.2,0
2025/11/14 1:03,clusterB,0,4,3,1,0,0,0,1,0,0
2025/11/14 1:04,clusterA,0,4,4,0,0.36,0.21,0,0.79,0.21,0
2025/11/14 1:04,clusterB,0,4,3,1,0,0,0,1,0,0
2025/11/14 1:04,clusterA,0,4,4,0,0.4,0.21,0,0.79,0.21,0
2025/11/14 1:04,clusterB,0,4,3,1,0,0,0,1,0,0
2025/11/14 1:04,clusterA,0,4,4,0,0.41,0.21,0,0.79,0.21,0
2025/11/14 1:04,clusterB,0,4,3,1,0,0,0,1,0,0
2025/11/14 1:04,clusterA,0,4,4,0,0.4,0.21,0,0.79,0.21,0
2025/11/14 1:04,clusterB,0,4,3,1,0,0,0,1,0,0
2025/11/14 1:04,clusterA,0,4,4,0,0.4,0.21,0,0.79,0.21,0
2025/11/14 1:04,clusterB,0,4,3,1,0,0,0,1,0,0
2025/11/14 1:04,clusterA,0,4,4,0,0.4,0.21,0,0.79,0.21,0
2025/11/14 1:04,clusterB,0,4,3,1,0,0,0,1,0,0
2025/11/14 1:04,clusterA,0,4,4,0,0.4,0.21,0,0.79,0.21,0
2025/11/14 1:04,clusterB,0,4,3,1,0,0,0,1,0,0
2025/11/14 1:04,clusterA,0,4,4,0,0.42,0.21,0,0.79,0.21,0
2025/11/14 1:04,clusterB,0,4,3,1,0,0,0,1,0,0
2025/11/14 1:04,clusterA,0,4,4,0,0.44,0.21,0,0.79,0.21,0
2025/11/14 1:04,clusterB,0,4,3,1,0,0,0,1,0,0
2025/11/14 1:04,clusterA,0,4,4,0,0.41,0.21,0,0.79,0.21,0
2025/11/14 1:04,clusterB,0,4,3,1,0,0,0,1,0,0
2025/11/14 1:04,clusterA,0,4,4,0,0.41,0.21,0,0.79,0.21,0
2025/11/14 1:04,clusterB,0,4,3,1,0,0,0,1,0,0
2025/11/14 1:04,clusterA,0,4,4,0,0.43,0.21,0,0.79,0.21,0
2025/11/14 1:04,clusterB,0,4,3,1,0,0,0,1,0,0
2025/11/14 1:05,clusterA,0,4,4,0,0.43,0.21,0,0.79,0.21,0
2025/11/14 1:05,clusterB,0,4,3,1,0,0,0,1,0,0
2025/11/14 1:05,clusterA,0,4,4,0,0.4,0.21,0,0.79,0.21,0
2025/11/14 1:05,clusterB,0,4,3,1,0,0,0,1,0,0
2025/11/14 1:05,clusterA,0,4,4,0,0.4,0.21,0,0.79,0.21,0
2025/11/14 1:05,clusterB,0,4,3,1,0,0,0,1,0,0
2025/11/14 1:05,clusterA,0,4,4,0,0.42,0.21,0,0.79,0.21,0
2025/11/14 1:05,clusterB,0,4,3,1,0,0,0,1,0,0
2025/11/14 1:05,clusterA,0,4,4,0,0.43,0.21,0,0.79,0.21,0
2025/11/14 1:05,clusterB,0,4,3,1,0,0,0,1,0,0
2025/11/14 1:05,clusterA,0,4,4,0,0.44,0.21,0,0.79,0.21,0
2025/11/14 1:05,clusterB,0,4,3,1,0,0,0,1,0,0
2025/11/14 1:05,clusterA,0,4,4,0,0.44,0.21,0,0.79,0.21,0
2025/11/14 1:05,clusterB,0,4,3,1,0,0,0,1,0,0
2025/11/14 1:05,clusterA,0,4,4,0,0.42,0.21,0,0.79,0.21,0
2025/11/14 1:05,clusterB,0,4,3,1,0,0,0,1,0,0
2025/11/14 1:05,clusterA,0,4,4,0,0.4,0.21,0,0.79,0.21,0
2025/11/14 1:05,clusterB,0,4,3,1,0,0,0,1,0,0
2025/11/14 1:05,clusterA,0,4,4,0,0.42,0.22,0,0.78,0.22,0
2025/11/14 1:05,clusterB,0,4,3,1,0,0,0,1,0,0
2025/11/14 1:05,clusterA,0,4,4,0,0.45,0.22,0,0.78,0.22,0
2025/11/14 1:05,clusterB,0,4,3,1,0,0,0,1,0,0
2025/11/14 1:05,clusterA,0,4,4,0,0.42,0.22,0,0.78,0.22,0
2025/11/14 1:05,clusterB,0,4,3,1,0,0,0,1,0,0
2025/11/14 1:06,clusterA,0,4,4,0,0.42,0.22,0,0.78,0.22,0
2025/11/14 1:06,clusterB,0,4,3,1,0,0,0,1,0,0
2025/11/14 1:06,clusterA,0,4,4,0,0.44,0.22,0,0.78,0.22,0
2025/11/14 1:06,clusterB,0,4,3,1,0,0,0,1,0,0
2025/11/14 1:06,clusterA,0,4,4,0,0.44,0.22,0,0.78,0.22,0
2025/11/14 1:06,clusterB,0,4,3,1,0,0,0,1,0,0
2025/11/14 1:06,clusterA,0,4,4,0,0.43,0.22,0,0.78,0.22,0
2025/11/14 1:06,clusterB,0,4,3,1,0,0,0,1,0,0
2025/11/14 1:06,clusterA,0,4,4,0,0.43,0.22,0,0.78,0.22,0
2025/11/14 1:06,clusterB,0,4,3,1,0,0,0,1,0,0
2025/11/14 1:06,clusterA,0,4,4,0,0.43,0.22,0,0.78,0.22,0
2025/11/14 1:06,clusterB,0,4,3,1,0,0,0,1,0,0
2025/11/14 1:06,clusterA,0,4,4,0,0.44,0.22,0,0.78,0.22,0
2025/11/14 1:06,clusterB,0,4,3,1,0,0,0,1,0,0
2025/11/14 1:06,clusterA,0,4,4,0,0.45,0.22,0,0.78,0.22,0
2025/11/14 1:06,clusterB,0,4,3,1,0,0,0,1,0,0
2025/11/14 1:06,clusterA,0,4,4,0,0.45,0.22,0,0.78,0.22,0
2025/11/14 1:06,clusterB,0,4,3,1,0,0,0,1,0,0
2025/11/14 1:06,clusterA,0,4,4,0,0.46,0.22,0,0.78,0.22,0
2025/11/14 1:06,clusterB,0,4,3,1,0,0,0,1,0,0
2025/11/14 1:06,clusterA,0,4,4,0,0.45,0.22,0,0.78,0.22,0
2025/11/14 1:06,clusterB,0,4,3,1,0,0,0,1,0,0
2025/11/14 1:06,clusterA,0,4,4,0,0.47,0.22,0,0.78,0.22,0
2025/11/14 1:06,clusterB,0,4,3,1,0,0,0,1,0,0
2025/11/14 1:07,clusterA,0,4,4,0,0.48,0.22,0,0.78,0.22,0
2025/11/14 1:07,clusterB,0,4,3,1,0,0,0,1,0,0
2025/11/14 1:07,clusterA,0,4,4,0,0.47,0.22,0,0.78,0.22,0
2025/11/14 1:07,clusterB,0,4,3,1,0,0,0,1,0,0
2025/11/14 1:07,clusterA,0,4,4,0,0.46,0.22,0,0.78,0.22,0
2025/11/14 1:07,clusterB,0,4,3,1,0,0,0,1,0,0
2025/11/14 1:07,clusterA,0,4,4,0,0.48,0.22,0,0.78,0.22,0
2025/11/14 1:07,clusterB,0,4,3,1,0,0,0,1,0,0
2025/11/14 1:07,clusterA,0,4,4,0,0.48,0.22,0,0.78,0.22,0
2025/11/14 1:07,clusterB,0,4,3,1,0,0,0,1,0,0
2025/11/14 1:07,clusterA,0,4,4,0,0.5,0.22,0,0.78,0.22,0
2025/11/14 1:07,clusterB,0,4,3,1,0,0,0,1,0,0
2025/11/14 1:07,clusterA,0,4,4,0,0.48,0.22,0,0.78,0.22,0
2025/11/14 1:07,clusterB,0,4,3,1,0,0,0,1,0,0
2025/11/14 1:07,clusterA,0,4,4,0,0.48,0.22,0,0.78,0.22,0
2025/11/14 1:07,clusterB,0,4,3,1,0,0,0,1,0,0
2025/11/14 1:07,clusterA,0,4,4,0,0.49,0.22,0,0.78,0.22,0
2025/11/14 1:07,clusterB,0,4,3,1,0,0,0,1,0,0
2025/11/14 1:07,clusterA,0,4,4,0,0.47,0.22,0,0.78,0.22,0
2025/11/14 1:07,clusterB,0,4,3,1,0,0,0,1,0,0
2025/11/14 1:07,clusterA,0,4,4,0,0.48,0.22,0,0.78,0.22,0
2025/11/14 1:07,clusterB,0,4,3,1,0,0,0,1,0,0
2025/11/14 1:07,clusterA,0,4,4,0,0.46,0.22,0,0.78,0.22,0
2025/11/14 1:07,clusterB,0,4,3,1,0,0,0,1,0,0
2025/11/14 1:08,clusterA,0,4,4,0,0.44,0.22,0,0.78,0.22,0
2025/11/14 1:08,clusterB,0,4,3,1,0,0,0,1,0,0
2025/11/14 1:08,clusterA,0,4,4,0,0.42,0.22,0,0.78,0.22,0
2025/11/14 1:08,clusterB,0,4,3,1,0,0,0,1,0,0
2025/11/14 1:08,clusterA,0,4,4,0,0.43,0.22,0,0.78,0.22,0
2025/11/14 1:08,clusterB,0,4,3,1,0,0,0,1,0,0
2025/11/14 1:08,clusterA,0,4,4,0,0.41,0.22,0,0.78,0.22,0
2025/11/14 1:08,clusterB,0,4,3,1,0,0,0,1,0,0
2025/11/14 1:08,clusterA,0,4,4,0,0.41,0.22,0,0.78,0.22,0
2025/11/14 1:08,clusterB,0,4,3,1,0,0,0,1,0,0
2025/11/14 1:08,clusterA,0,4,4,0,0.38,0.22,0,0.78,0.22,0
2025/11/14 1:08,clusterB,0,4,3,1,0,0,0,1,0,0
2025/11/14 1:08,clusterA,0,4,4,0,0.39,0.21,0,0.79,0.21,0
2025/11/14 1:08,clusterB,0,4,3,1,0,0,0,1,0,0
2025/11/14 1:08,clusterA,0,4,4,0,0.39,0.21,0,0.79,0.21,0
2025/11/14 1:08,clusterB,0,4,3,1,0,0,0,1,0,0
2025/11/14 1:08,clusterA,0,4,4,0,0.37,0.21,0,0.79,0.21,0
2025/11/14 1:08,clusterB,0,4,3,1,0,0,0,1,0,0
2025/11/14 1:08,clusterA,0,4,4,0,0.39,0.21,0,0.79,0.21,0
2025/11/14 1:08,clusterB,0,4,3,1,0,0,0,1,0,0
2025/11/14 1:08,clusterA,0,4,4,0,0.37,0.21,0,0.79,0.21,0
2025/11/14 1:08,clusterB,0,4,3,1,0,0,0,1,0,0
2025/11/14 1:08,clusterA,0,4,4,0,0.37,0.21,0,0.79,0.21,0
2025/11/14 1:08,clusterB,0,4,3,1,0,0,0,1,0,0
2025/11/14 1:09,clusterA,0,4,4,0,0.37,0.21,0,0.79,0.21,0
2025/11/14 1:09,clusterB,0,4,3,1,0,0,0,1,0,0
2025/11/14 1:09,clusterA,0,4,4,0,0.41,0.21,0,0.79,0.21,0
2025/11/14 1:09,clusterB,0,4,3,1,0,0,0,1,0,0
2025/11/14 1:09,clusterA,0,4,4,0,0.42,0.22,0,0.78,0.22,0
2025/11/14 1:09,clusterB,0,4,3,1,0,0,0,1,0,0
2025/11/14 1:09,clusterA,0,4,4,0,0.42,0.22,0,0.78,0.22,0
2025/11/14 1:09,clusterB,0,4,3,1,0,0,0,1,0,0
2025/11/14 1:09,clusterA,0,4,4,0,0.41,0.22,0,0.78,0.22,0
2025/11/14 1:09,clusterB,0,4,3,1,0,0,0,1,0,0
2025/11/14 1:09,clusterA,0,4,4,0,0.41,0.22,0,0.78,0.22,0
2025/11/14 1:09,clusterB,0,4,3,1,0,0,0,1,0,0
2025/11/14 1:09,clusterA,0,4,4,0,0.42,0.22,0,0.78,0.22,0
2025/11/14 1:09,clusterB,0,4,3,1,0,0,0,1,0,0
2025/11/14 1:09,clusterA,0,4,4,0,0.42,0.22,0,0.78,0.22,0
2025/11/14 1:09,clusterB,0,4,3,1,0,0,0,1,0,0
2025/11/14 1:09,clusterA,0,4,4,0,0.42,0.22,0,0.78,0.22,0
2025/11/14 1:09,clusterB,0,4,3,1,0,0,0,1,0,0
2025/11/14 1:09,clusterA,0,4,4,0,0.39,0.22,0,0.78,0.22,0
2025/11/14 1:09,clusterB,0,4,3,1,0,0,0,1,0,0
2025/11/14 1:09,clusterA,0,4,4,0,0.4,0.22,0,0.78,0.22,0
2025/11/14 1:09,clusterB,0,4,3,1,0,0,0,1,0,0
2025/11/14 1:09,clusterA,0,4,4,0,0.4,0.22,0,0.78,0.22,0
2025/11/14 1:09,clusterB,0,4,3,1,0,0,0,1,0,0
2025/11/14 1:10,clusterA,0,4,4,0,0.42,0.22,0,0.78,0.22,0
2025/11/14 1:10,clusterB,0,4,3,1,0,0,0,1,0,0
2025/11/14 1:10,clusterA,0,4,4,0,0.42,0.22,0,0.78,0.22,0
2025/11/14 1:10,clusterB,0,4,3,1,0,0,0,1,0,0
2025/11/14 1:10,clusterA,0,4,4,0,0.4,0.22,0,0.78,0.22,0
2025/11/14 1:10,clusterB,0,4,3,1,0,0,0,1,0,0
2025/11/14 1:10,clusterA,0,4,4,0,0.38,0.21,0,0.79,0.21,0
2025/11/14 1:10,clusterB,0,4,3,1,0,0,0,1,0,0
2025/11/14 1:10,clusterA,0,4,4,0,0.38,0.21,0,0.79,0.21,0
2025/11/14 1:10,clusterB,0,4,3,1,0,0,0,1,0,0
2025/11/14 1:10,clusterA,0,4,4,0,0.4,0.21,0,0.79,0.21,0
2025/11/14 1:10,clusterB,0,4,3,1,0,0,0,1,0,0
2025/11/14 1:10,clusterA,0,4,4,0,0.4,0.21,0,0.79,0.21,0
2025/11/14 1:10,clusterB,0,4,3,1,0,0,0,1,0,0
2025/11/14 1:10,clusterA,0,4,4,0,0.4,0.21,0,0.79,0.21,0
2025/11/14 1:10,clusterB,0,4,3,1,0,0,0,1,0,0
2025/11/14 1:10,clusterA,0,4,4,0,0.39,0.21,0,0.79,0.21,0
2025/11/14 1:10,clusterB,0,4,3,1,0,0,0,1,0,0
2025/11/14 1:10,clusterA,0,4,4,0,0.41,0.21,0,0.79,0.21,0
2025/11/14 1:10,clusterB,0,4,3,1,0,0,0,1,0,0
2025/11/14 1:10,clusterA,0,4,4,0,0.43,0.22,0,0.78,0.22,0
2025/11/14 1:10,clusterB,0,4,3,1,0,0,0,1,0,0
2025/11/14 1:10,clusterA,0,4,4,0,0.42,0.22,0,0.78,0.22,0
2025/11/14 1:10,clusterB,0,4,3,1,0,0,0,1,0,0
2025/11/14 1:11,clusterA,0,4,4,0,0.43,0.22,0,0.78,0.22,0
2025/11/14 1:11,clusterB,0,4,3,1,0,0,0,1,0,0
2025/11/14 1:11,clusterA,0,4,4,0,0.42,0.22,0,0.78,0.22,0
2025/11/14 1:11,clusterB,0,4,3,1,0,0,0,1,0,0
2025/11/14 1:11,clusterA,0,4,4,0,0.44,0.22,0,0.78,0.22,0
2025/11/14 1:11,clusterB,0,4,3,1,0,0,0,1,0,0
2025/11/14 1:11,clusterA,0,4,4,0,0.44,0.22,0,0.78,0.22,0
2025/11/14 1:11,clusterB,0,4,3,1,0,0,0,1,0,0
2025/11/14 1:11,clusterA,0,4,4,0,0.46,0.22,0,0.78,0.22,0
2025/11/14 1:11,clusterB,0,4,3,1,0,0,0,1,0,0
2025/11/14 1:11,clusterA,0,4,4,0,0.44,0.22,0,0.78,0.22,0
2025/11/14 1:11,clusterB,0,4,3,1,0,0,0,1,0,0
2025/11/14 1:11,clusterA,0,4,4,0,0.43,0.22,0,0.78,0.22,0
2025/11/14 1:11,clusterB,0,4,3,1,0,0,0,1,0,0
2025/11/14 1:11,clusterA,0,4,4,0,0.43,0.22,0,0.78,0.22,0
2025/11/14 1:11,clusterB,0,4,3,1,0,0,0,1,0,0
2025/11/14 1:11,clusterA,0,4,4,0,0.44,0.22,0,0.78,0.22,0
2025/11/14 1:11,clusterB,0,4,3,1,0,0,0,1,0,0
2025/11/14 1:11,clusterA,0,4,4,0,0.44,0.22,0,0.78,0.22,0
2025/11/14 1:11,clusterB,0,4,3,1,0,0,0,1,0,0
2025/11/14 1:11,clusterA,0,4,4,0,0.45,0.22,0,0.78,0.22,0
2025/11/14 1:11,clusterB,0,4,3,1,0,0,0,1,0,0
2025/11/14 1:11,clusterA,0,4,4,0,0.45,0.22,0,0.78,0.22,0
2025/11/14 1:11,clusterB,0,4,3,1,0,0,0,1,0,0
2025/11/14 1:12,clusterA,0,4,4,0,0.44,0.22,0,0.78,0.22,0
2025/11/14 1:12,clusterB,0,4,3,1,0,0,0,1,0,0
2025/11/14 1:12,clusterA,0,4,4,0,0.45,0.22,0,0.78,0.22,0
2025/11/14 1:12,clusterB,0,4,3,1,0,0,0,1,0,0
2025/11/14 1:12,clusterA,0,4,4,0,0.43,0.22,0,0.78,0.22,0
2025/11/14 1:12,clusterB,0,4,3,1,0,0,0,1,0,0
2025/11/14 1:12,clusterA,0,4,4,0,0.43,0.22,0,0.78,0.22,0
2025/11/14 1:12,clusterB,0,4,3,1,0,0,0,1,0,0
2025/11/14 1:12,clusterA,0,4,4,0,0.41,0.22,0,0.78,0.22,0
2025/11/14 1:12,clusterB,0,4,3,1,0,0,0,1,0,0
2025/11/14 1:12,clusterA,0,4,4,0,0.4,0.22,0,0.78,0.22,0
2025/11/14 1:12,clusterB,0,4,3,1,0,0,0,1,0,0
2025/11/14 1:12,clusterA,0,4,4,0,0.41,0.22,0,0.78,0.22,0
2025/11/14 1:12,clusterB,0,4,3,1,0,0,0,1,0,0
2025/11/14 1:12,clusterA,0,4,4,0,0.4,0.22,0,0.78,0.22,0
2025/11/14 1:12,clusterB,0,4,3,1,0,0,0,1,0,0
2025/11/14 1:12,clusterA,0,4,4,0,0.4,0.22,0,0.78,0.22,0
2025/11/14 1:12,clusterB,0,4,3,1,0,0,0,1,0,0
2025/11/14 1:12,clusterA,0,4,4,0,0.38,0.22,0,0.78,0.22,0
2025/11/14 1:12,clusterB,0,4,3,1,0,0,0,1,0,0
2025/11/14 1:12,clusterA,0,4,4,0,0.39,0.22,0,0.78,0.22,0
2025/11/14 1:12,clusterB,0,4,3,1,0,0,0,1,0,0
2025/11/14 1:12,clusterA,0,4,4,0,0.38,0.22,0,0.78,0.22,0
2025/11/14 1:12,clusterB,0,4,3,1,0,0,0,1,0,0
2025/11/14 1:13,clusterA,0,4,4,0,0.39,0.22,0,0.78,0.22,0
2025/11/14 1:13,clusterB,0,4,3,1,0,0,0,1,0,0
2025/11/14 1:13,clusterA,0,4,4,0,0.38,0.22,0,0.78,0.22,0
2025/11/14 1:13,clusterB,0,4,3,1,0,0,0,1,0,0
2025/11/14 1:13,clusterA,0,4,4,0,0.37,0.21,0,0.79,0.21,0
2025/11/14 1:13,clusterB,0,4,3,1,0,0,0,1,0,0
2025/11/14 1:13,clusterA,0,4,4,0,0.37,0.21,0,0.79,0.21,0
2025/11/14 1:13,clusterB,0,4,3,1,0,0,0,1,0,0
2025/11/14 1:13,clusterA,0,4,4,0,0.37,0.21,0,0.79,0.21,0
2025/11/14 1:13,clusterB,0,4,3,1,0,0,0,1,0,0
2025/11/14 1:13,clusterA,0,4,4,0,0.4,0.21,0,0.79,0.21,0
2025/11/14 1:13,clusterB,0,4,3,1,0,0,0,1,0,0
2025/11/14 1:13,clusterA,0,4,4,0,0.41,0.22,0,0.78,0.22,0
2025/11/14 1:13,clusterB,0,4,3,1,0,0,0,1,0,0
2025/11/14 1:13,clusterA,0,4,4,0,0.42,0.22,0,0.78,0.22,0
2025/11/14 1:13,clusterB,0,4,3,1,0,0,0,1,0,0
2025/11/14 1:13,clusterA,0,4,4,0,0.41,0.22,0,0.78,0.22,0
2025/11/14 1:13,clusterB,0,4,3,1,0,0,0,1,0,0
2025/11/14 1:13,clusterA,0,4,4,0,0.41,0.22,0,0.78,0.22,0
2025/11/14 1:13,clusterB,0,4,3,1,0,0,0,1,0,0
2025/11/14 1:13,clusterA,0,4,4,0,0.4,0.22,0,0.78,0.22,0
2025/11/14 1:13,clusterB,0,4,3,1,0,0,0,1,0,0
2025/11/14 1:13,clusterA,0,4,4,0,0.39,0.22,0,0.78,0.22,0
2025/11/14 1:13,clusterB,0,4,3,1,0,0,0,1,0,0
2025/11/14 1:14,clusterA,0,4,4,0,0.4,0.22,0,0.78,0.22,0
2025/11/14 1:14,clusterB,0,4,3,1,0,0,0,1,0,0
2025/11/14 1:14,clusterA,0,4,4,0,0.39,0.22,0,0.78,0.22,0
2025/11/14 1:14,clusterB,0,4,3,1,0,0,0,1,0,0
2025/11/14 1:14,clusterA,0,4,4,0,0.41,0.22,0,0.78,0.22,0
2025/11/14 1:14,clusterB,0,4,3,1,0,0,0,1,0,0
2025/11/14 1:14,clusterA,0,4,4,0,0.41,0.22,0,0.78,0.22,0
2025/11/14 1:14,clusterB,0,4,3,1,0,0,0,1,0,0
2025/11/14 1:14,clusterA,0,4,4,0,0.42,0.23,0,0.77,0.23,0
2025/11/14 1:14,clusterB,0,4,3,1,0,0,0,1,0,0
2025/11/14 1:14,clusterA,0,4,4,0,0.4,0.22,0,0.78,0.22,0
2025/11/14 1:14,clusterB,0,4,3,1,0,0,0,1,0,0
2025/11/14 1:14,clusterA,0,4,4,0,0.39,0.22,0,0.78,0.22,0
2025/11/14 1:14,clusterB,0,4,3,1,0,0,0,1,0,0
2025/11/14 1:14,clusterA,0,4,4,0,0.38,0.22,0,0.78,0.22,0
2025/11/14 1:14,clusterB,0,4,3,1,0,0,0,1,0,0
2025/11/14 1:14,clusterA,0,4,4,0,0.38,0.22,0,0.78,0.22,0
2025/11/14 1:14,clusterB,0,4,3,1,0,0,0,1,0,0
2025/11/14 1:14,clusterA,0,4,4,0,0.4,0.22,0,0.78,0.22,0
2025/11/14 1:14,clusterB,0,4,3,1,0,0,0,1,0,0
2025/11/14 1:14,clusterA,0,4,4,0,0.38,0.21,0,0.79,0.21,0
2025/11/14 1:14,clusterB,0,4,3,1,0,0,0,1,0,0
2025/11/14 1:14,clusterA,0,4,4,0,0.38,0.21,0,0.79,0.21,0
2025/11/14 1:14,clusterB,0,4,3,1,0,0,0,1,0,0
2025/11/14 1:15,clusterA,0,4,4,0,0.39,0.21,0,0.79,0.21,0
2025/11/14 1:15,clusterB,0,4,3,1,0,0,0,1,0,0
2025/11/14 1:15,clusterA,0,4,4,0,0.39,0.22,0,0.78,0.22,0
2025/11/14 1:15,clusterB,0,4,3,1,0,0,0,1,0,0
2025/11/14 1:15,clusterA,0,4,4,0,0.38,0.22,0,0.78,0.22,0
2025/11/14 1:15,clusterB,0,4,3,1,0,0,0,1,0,0
2025/11/14 1:15,clusterA,0,4,4,0,0.39,0.22,0,0.78,0.22,0
2025/11/14 1:15,clusterB,0,4,3,1,0,0,0,1,0,0
2025/11/14 1:15,clusterA,0,4,4,0,0.4,0.22,0,0.78,0.22,0
2025/11/14 1:15,clusterB,0,4,3,1,0,0,0,1,0,0
2025/11/14 1:15,clusterA,0,4,4,0,0.4,0.22,0,0.78,0.22,0
2025/11/14 1:15,clusterB,0,4,3,1,0,0,0,1,0,0
2025/11/14 1:15,clusterA,0,4,4,0,0.42,0.22,0,0.78,0.22,0
2025/11/14 1:15,clusterB,0,4,3,1,0,0,0,1,0,0
2025/11/14 1:15,clusterA,0,4,4,0,0.44,0.22,0,0.78,0.22,0
2025/11/14 1:15,clusterB,0,4,3,1,0,0,0,1,0,0
2025/11/14 1:15,clusterA,0,4,4,0,0.46,0.22,0,0.78,0.22,0
2025/11/14 1:15,clusterB,0,4,3,1,0,0,0,1,0,0
2025/11/14 1:15,clusterA,0,4,4,0,0.43,0.22,0,0.78,0.22,0
2025/11/14 1:15,clusterB,0,4,3,1,0,0,0,1,0,0
2025/11/14 1:15,clusterA,0,4,4,0,0.47,0.22,0,0.78,0.22,0
2025/11/14 1:15,clusterB,0,4,3,1,0,0,0,1,0,0
2025/11/14 1:15,clusterA,0,4,4,0,0.47,0.22,0,0.78,0.22,0
2025/11/14 1:15,clusterB,0,4,3,1,0,0,0,1,0,0
2025/11/14 1:16,clusterA,0,4,4,0,0.46,0.22,0,0.78,0.22,0
2025/11/14 1:16,clusterB,0,4,3,1,0,0,0,1,0,0
2025/11/14 1:16,clusterA,0,4,4,0,0.46,0.22,0,0.78,0.22,0
2025/11/14 1:16,clusterB,0,4,3,1,0,0,0,1,0,0
2025/11/14 1:16,clusterA,0,4,4,0,0.47,0.22,0,0.78,0.22,0
2025/11/14 1:16,clusterB,0,4,3,1,0,0,0,1,0,0
2025/11/14 1:16,clusterA,0,4,4,0,0.47,0.22,0,0.78,0.22,0
2025/11/14 1:16,clusterB,0,4,3,1,0,0,0,1,0,0
2025/11/14 1:16,clusterA,0,4,4,0,0.44,0.22,0,0.78,0.22,0
2025/11/14 1:16,clusterB,0,4,3,1,0,0,0,1,0,0
2025/11/14 1:16,clusterA,0,4,4,0,0.44,0.22,0,0.78,0.22,0
2025/11/14 1:16,clusterB,0,4,3,1,0,0,0,1,0,0
2025/11/14 1:16,clusterA,0,4,4,0,0.45,0.22,0,0.78,0.22,0
2025/11/14 1:16,clusterB,0,4,3,1,0,0,0,1,0,0
2025/11/14 1:16,clusterA,0,4,4,0,0.42,0.22,0,0.78,0.22,0
2025/11/14 1:16,clusterB,0,4,3,1,0,0,0,1,0,0
2025/11/14 1:16,clusterA,0,4,4,0,0.42,0.22,0,0.78,0.22,0
2025/11/14 1:16,clusterB,0,4,3,1,0,0,0,1,0,0
2025/11/14 1:16,clusterA,0,4,4,0,0.4,0.22,0,0.78,0.22,0
2025/11/14 1:16,clusterB,0,4,3,1,0,0,0,1,0,0
2025/11/14 1:16,clusterA,0,4,4,0,0.43,0.22,0,0.78,0.22,0
2025/11/14 1:16,clusterB,0,4,3,1,0,0,0,1,0,0
2025/11/14 1:16,clusterA,0,4,4,0,0.41,0.22,0,0.78,0.22,0
2025/11/14 1:16,clusterB,0,4,3,1,0,0,0,1,0,0
2025/11/14 1:17,clusterA,0,4,4,0,0.4,0.21,0,0.79,0.21,0
2025/11/14 1:17,clusterB,0,4,3,1,0,0,0,1,0,0
2025/11/14 1:17,clusterA,0,4,4,0,0.4,0.21,0,0.79,0.21,0
2025/11/14 1:17,clusterB,0,4,3,1,0,0,0,1,0,0
2025/11/14 1:17,clusterA,0,4,4,0,0.42,0.21,0,0.79,0.21,0
2025/11/14 1:17,clusterB,0,4,3,1,0,0,0,1,0,0
2025/11/14 1:17,clusterA,0,4,4,0,0.43,0.21,0,0.79,0.21,0
2025/11/14 1:17,clusterB,0,4,3,1,0,0,0,1,0,0
2025/11/14 1:17,clusterA,0,4,4,0,0.43,0.21,0,0.79,0.21,0
2025/11/14 1:17,clusterB,0,4,3,1,0,0,0,1,0,0
2025/11/14 1:17,clusterA,0,4,4,0,0.43,0.21,0,0.79,0.21,0
2025/11/14 1:17,clusterB,0,4,3,1,0,0,0,1,0,0
2025/11/14 1:17,clusterA,0,4,4,0,0.44,0.21,0,0.79,0.21,0
2025/11/14 1:17,clusterB,0,4,3,1,0,0,0,1,0,0
2025/11/14 1:17,clusterA,0,4,4,0,0.46,0.22,0,0.78,0.22,0
2025/11/14 1:17,clusterB,0,4,3,1,0,0,0,1,0,0
2025/11/14 1:17,clusterA,0,4,4,0,0.46,0.22,0,0.78,0.22,0
2025/11/14 1:17,clusterB,0,4,3,1,0,0,0,1,0,0
2025/11/14 1:17,clusterA,0,4,4,0,0.46,0.22,0,0.78,0.22,0
2025/11/14 1:17,clusterB,0,4,3,1,0,0,0,1,0,0
2025/11/14 1:17,clusterA,0,4,4,0,0.43,0.22,0,0.78,0.22,0
2025/11/14 1:17,clusterB,0,4,3,1,0,0,0,1,0,0
2025/11/14 1:17,clusterA,0,4,4,0,0.44,0.22,0,0.78,0.22,0
2025/11/14 1:17,clusterB,0,4,3,1,0,0,0,1,0,0
2025/11/14 1:18,clusterA,0,4,4,0,0.44,0.22,0,0.78,0.22,0
2025/11/14 1:18,clusterB,0,4,3,1,0,0,0,1,0,0
2025/11/14 1:18,clusterA,0,4,4,0,0.45,0.22,0,0.78,0.22,0
2025/11/14 1:18,clusterB,0,4,3,1,0,0,0,1,0,0
2025/11/14 1:18,clusterA,0,4,4,0,0.45,0.22,0,0.78,0.22,0
2025/11/14 1:18,clusterB,0,4,3,1,0,0,0,1,0,0
2025/11/14 1:18,clusterA,0,4,4,0,0.41,0.22,0,0.78,0.22,0
2025/11/14 1:18,clusterB,0,4,3,1,0,0,0,1,0,0
2025/11/14 1:18,clusterA,0,4,4,0,0.43,0.22,0,0.78,0.22,0
2025/11/14 1:18,clusterB,0,4,3,1,0,0,0,1,0,0
2025/11/14 1:18,clusterA,0,4,4,0,0.45,0.22,0,0.78,0.22,0
2025/11/14 1:18,clusterB,0,4,3,1,0,0,0,1,0,0
2025/11/14 1:18,clusterA,0,4,4,0,0.42,0.22,0,0.78,0.22,0
2025/11/14 1:18,clusterB,0,4,3,1,0,0,0,1,0,0
2025/11/14 1:18,clusterA,0,4,4,0,0.44,0.22,0,0.78,0.22,0
2025/11/14 1:18,clusterB,0,4,3,1,0,0,0,1,0,0
2025/11/14 1:18,clusterA,0,4,4,0,0.42,0.22,0,0.78,0.22,0
2025/11/14 1:18,clusterB,0,4,3,1,0,0,0,1,0,0
2025/11/14 1:18,clusterA,0,4,4,0,0.45,0.22,0,0.78,0.22,0
2025/11/14 1:18,clusterB,0,4,3,1,0,0,0,1,0,0
2025/11/14 1:18,clusterA,0,4,4,0,0.45,0.22,0,0.78,0.22,0
2025/11/14 1:18,clusterB,0,4,3,1,0,0,0,1,0,0
2025/11/14 1:18,clusterA,0,4,4,0,0.47,0.22,0,0.78,0.22,0
2025/11/14 1:18,clusterB,0,4,3,1,0,0,0,1,0,0
2025/11/14 1:19,clusterA,0,4,4,0,0.47,0.22,0,0.78,0.22,0
2025/11/14 1:19,clusterB,0,4,3,1,0,0,0,1,0,0
2025/11/14 1:19,clusterA,0,4,4,0,0.46,0.21,0,0.79,0.21,0
2025/11/14 1:19,clusterB,0,4,3,1,0,0,0,1,0,0
2025/11/14 1:19,clusterA,0,4,4,0,0.43,0.21,0,0.79,0.21,0
2025/11/14 1:19,clusterB,0,4,3,1,0,0,0,1,0,0
2025/11/14 1:19,clusterA,0,4,4,0,0.45,0.22,0,0.78,0.22,0
2025/11/14 1:19,clusterB,0,4,3,1,0,0,0,1,0,0
2025/11/14 1:19,clusterA,0,4,4,0,0.43,0.22,0,0.78,0.22,0
2025/11/14 1:19,clusterB,0,4,3,1,0,0,0,1,0,0
2025/11/14 1:19,clusterA,0,4,4,0,0.44,0.22,0,0.78,0.22,0
2025/11/14 1:19,clusterB,0,4,3,1,0,0,0,1,0,0
2025/11/14 1:19,clusterA,0,4,4,0,0.44,0.22,0,0.78,0.22,0
2025/11/14 1:19,clusterB,0,4,3,1,0,0,0,1,0,0
2025/11/14 1:19,clusterA,0,4,4,0,0.44,0.22,0,0.78,0.22,0
2025/11/14 1:19,clusterB,0,4,3,1,0,0,0,1,0,0
2025/11/14 1:19,clusterA,0,4,4,0,0.44,0.22,0,0.78,0.22,0
2025/11/14 1:19,clusterB,0,4,3,1,0,0,0,1,0,0
2025/11/14 1:19,clusterA,0,4,4,0,0.42,0.22,0,0.78,0.22,0
2025/11/14 1:19,clusterB,0,4,3,1,0,0,0,1,0,0
2025/11/14 1:19,clusterA,0,4,4,0,0.44,0.22,0,0.78,0.22,0
2025/11/14 1:19,clusterB,0,4,3,1,0,0,0,1,0,0
2025/11/14 1:19,clusterA,0,4,4,0,0.4,0.21,0,0.79,0.21,0
2025/11/14 1:19,clusterB,0,4,3,1,0,0,0,1,0,0
2025/11/14 1:20,clusterA,0,4,4,0,0.41,0.21,0,0.79,0.21,0
2025/11/14 1:20,clusterB,0,4,3,1,0,0,0,1,0,0
2025/11/14 1:20,clusterA,0,4,4,0,0.42,0.22,0,0.78,0.22,0
2025/11/14 1:20,clusterB,0,4,3,1,0,0,0,1,0,0
2025/11/14 1:20,clusterA,0,4,4,0,0.42,0.22,0,0.78,0.22,0
2025/11/14 1:20,clusterB,0,4,3,1,0,0,0,1,0,0
2025/11/14 1:20,clusterA,0,4,4,0,0.42,0.22,0,0.78,0.22,0
2025/11/14 1:20,clusterB,0,4,3,1,0,0,0,1,0,0
2025/11/14 1:20,clusterA,0,4,4,0,0.42,0.22,0,0.78,0.22,0
2025/11/14 1:20,clusterB,0,4,3,1,0,0,0,1,0,0
2025/11/14 1:20,clusterA,0,4,4,0,0.4,0.22,0,0.78,0.22,0
2025/11/14 1:20,clusterB,0,4,2,2,0,0,0,1,0,0
2025/11/14 1:20,clusterA,0,4,4,0,0.42,0.22,0,0.78,0.22,0
2025/11/14 1:20,clusterB,0,4,2,2,0,0,0,1,0,0
2025/11/14 1:20,clusterA,0,4,4,0,0.4,0.22,0,0.78,0.22,0
2025/11/14 1:20,clusterB,0,4,2,2,0,0,0,1,0,0
2025/11/14 1:20,clusterA,0,4,4,0,0.41,0.22,0,0.78,0.22,0
2025/11/14 1:20,clusterB,0,4,2,2,0,0,0,1,0,0
2025/11/14 1:20,clusterA,0,4,4,0,0.4,0.22,0,0.78,0.22,0
2025/11/14 1:20,clusterB,0,4,2,2,0,0,0,1,0,0
2025/11/14 1:20,clusterA,0,4,4,0,0.39,0.22,0,0.78,0.22,0
2025/11/14 1:20,clusterB,0,4,2,2,0,0,0,1,0,0
2025/11/14 1:20,clusterA,0,4,4,0,0.43,0.23,0,0.77,0.23,0
2025/11/14 1:20,clusterB,0,4,2,2,0,0,0,1,0,0
2025/11/14 1:21,clusterA,0,4,4,0,0.41,0.22,0,0.78,0.22,0
2025/11/14 1:21,clusterB,0,4,2,2,0,0,0,1,0,0
2025/11/14 1:21,clusterA,0,4,4,0,0.42,0.22,0,0.78,0.22,0
2025/11/14 1:21,clusterB,0,4,2,2,0,0,0,1,0,0
2025/11/14 1:21,clusterA,0,4,4,0,0.42,0.22,0,0.78,0.22,0
2025/11/14 1:21,clusterB,0,4,2,2,0,0,0,1,0,0
2025/11/14 1:21,clusterA,0,4,4,0,0.42,0.22,0,0.78,0.22,0
2025/11/14 1:21,clusterB,0,4,2,2,0,0,0,1,0,0
2025/11/14 1:21,clusterA,0,4,4,0,0.41,0.22,0,0.78,0.22,0
2025/11/14 1:21,clusterB,0,4,2,2,0,0,0,1,0,0
2025/11/14 1:21,clusterA,0,4,4,0,0.41,0.22,0,0.78,0.22,0
2025/11/14 1:21,clusterB,0,4,2,2,0,0,0,1,0,0
2025/11/14 1:21,clusterA,0,4,4,0,0.4,0.22,0,0.78,0.22,0
2025/11/14 1:21,clusterB,0,4,2,2,0,0,0,1,0,0
2025/11/14 1:21,clusterA,0,4,4,0,0.38,0.21,0,0.79,0.21,0
2025/11/14 1:21,clusterB,0,4,2,2,0,0,0,1,0,0
2025/11/14 1:21,clusterA,0,4,4,0,0.38,0.21,0,0.79,0.21,0
2025/11/14 1:21,clusterB,0,4,2,2,0,0,0,1,0,0
2025/11/14 1:21,clusterA,0,4,4,0,0.38,0.21,0,0.79,0.21,0
2025/11/14 1:21,clusterB,0,4,2,2,0,0,0,1,0,0
2025/11/14 1:21,clusterA,0,4,4,0,0.37,0.21,0,0.79,0.21,0
2025/11/14 1:21,clusterB,0,4,2,2,0,0,0,1,0,0
2025/11/14 1:21,clusterA,0,4,4,0,0.36,0.21,0,0.79,0.21,0
2025/11/14 1:21,clusterB,0,4,2,2,0,0,0,1,0,0
2025/11/14 1:22,clusterA,0,4,4,0,0.36,0.21,0,0.79,0.21,0
2025/11/14 1:22,clusterB,0,4,2,2,0,0,0,1,0,0
2025/11/14 1:22,clusterA,0,4,4,0,0.35,0.21,0,0.79,0.21,0
2025/11/14 1:22,clusterB,0,4,2,2,0,0,0,1,0,0
2025/11/14 1:22,clusterA,0,4,4,0,0.37,0.21,0,0.79,0.21,0
2025/11/14 1:22,clusterB,0,4,2,2,0,0,0,1,0,0
2025/11/14 1:22,clusterA,0,4,4,0,0.39,0.21,0,0.79,0.21,0
2025/11/14 1:22,clusterB,0,4,2,2,0,0,0,1,0,0
2025/11/14 1:22,clusterA,0,4,4,0,0.39,0.21,0,0.79,0.21,0
2025/11/14 1:22,clusterB,0,4,2,2,0,0,0,1,0,0
2025/11/14 1:22,clusterA,0,4,4,0,0.41,0.21,0,0.79,0.21,0
2025/11/14 1:22,clusterB,0,4,2,2,0,0,0,1,0,0
2025/11/14 1:22,clusterA,0,4,4,0,0.39,0.21,0,0.79,0.21,0
2025/11/14 1:22,clusterB,0,4,2,2,0,0,0,1,0,0
2025/11/14 1:22,clusterA,0,4,4,0,0.41,0.22,0,0.78,0.22,0
2025/11/14 1:22,clusterB,0,4,2,2,0,0,0,1,0,0
2025/11/14 1:22,clusterA,0,4,4,0,0.41,0.22,0,0.78,0.22,0
2025/11/14 1:22,clusterB,0,4,2,2,0,0,0,1,0,0
2025/11/14 1:22,clusterA,0,4,4,0,0.41,0.22,0,0.78,0.22,0
2025/11/14 1:22,clusterB,0,4,2,2,0,0,0,1,0,0
2025/11/14 1:22,clusterA,0,4,4,0,0.41,0.22,0,0.78,0.22,0
2025/11/14 1:22,clusterB,0,4,2,2,0,0,0,1,0,0
2025/11/14 1:22,clusterA,0,4,4,0,0.44,0.22,0,0.78,0.22,0
2025/11/14 1:22,clusterB,0,4,2,2,0,0,0,1,0,0
2025/11/14 1:23,clusterA,0,4,4,0,0.43,0.22,0,0.78,0.22,0
2025/11/14 1:23,clusterB,0,4,2,2,0,0,0,1,0,0
2025/11/14 1:23,clusterA,0,4,4,0,0.45,0.22,0,0.78,0.22,0
2025/11/14 1:23,clusterB,0,4,2,2,0,0,0,1,0,0
2025/11/14 1:23,clusterA,0,4,4,0,0.45,0.22,0,0.78,0.22,0
2025/11/14 1:23,clusterB,0,4,2,2,0,0,0,1,0,0
2025/11/14 1:23,clusterA,0,4,4,0,0.43,0.22,0,0.78,0.22,0
2025/11/14 1:23,clusterB,0,4,2,2,0,0,0,1,0,0
2025/11/14 1:23,clusterA,0,4,4,0,0.4,0.21,0,0.79,0.21,0
2025/11/14 1:23,clusterB,0,4,2,2,0,0,0,1,0,0
2025/11/14 1:23,clusterA,0,4,4,0,0.41,0.21,0,0.79,0.21,0
2025/11/14 1:23,clusterB,0,4,2,2,0,0,0,1,0,0
2025/11/14 1:23,clusterA,0,4,4,0,0.39,0.21,0,0.79,0.21,0
2025/11/14 1:23,clusterB,0,4,2,2,0,0,0,1,0,0
2025/11/14 1:23,clusterA,0,4,4,0,0.41,0.21,0,0.79,0.21,0
2025/11/14 1:23,clusterB,0,4,2,2,0,0,0,1,0,0
2025/11/14 1:23,clusterA,0,4,4,0,0.41,0.21,0,0.79,0.21,0
2025/11/14 1:23,clusterB,0,4,2,2,0,0,0,1,0,0
2025/11/14 1:23,clusterA,0,4,4,0,0.41,0.21,0,0.79,0.21,0
2025/11/14 1:23,clusterB,0,4,2,2,0,0,0,1,0,0
2025/11/14 1:23,clusterA,0,4,4,0,0.42,0.21,0,0.79,0.21,0
2025/11/14 1:23,clusterB,0,4,2,2,0,0,0,1,0,0
2025/11/14 1:23,clusterA,0,4,4,0,0.41,0.21,0,0.79,0.21,0
2025/11/14 1:23,clusterB,0,4,2,2,0,0,0,1,0,0
2025/11/14 1:24,clusterA,0,4,4,0,0.41,0.22,0,0.78,0.22,0
2025/11/14 1:24,clusterB,0,4,2,2,0,0,0,1,0,0
2025/11/14 1:24,clusterA,0,4,4,0,0.41,0.22,0,0.78,0.22,0
2025/11/14 1:24,clusterB,0,4,2,2,0,0,0,1,0,0
2025/11/14 1:24,clusterA,0,4,4,0,0.41,0.22,0,0.78,0.22,0
2025/11/14 1:24,clusterB,0,4,2,2,0,0,0,1,0,0
2025/11/14 1:24,clusterA,0,4,4,0,0.42,0.22,0,0.78,0.22,0
2025/11/14 1:24,clusterB,0,4,2,2,0,0,0,1,0,0
2025/11/14 1:24,clusterA,0,4,4,0,0.44,0.22,0,0.78,0.22,0
2025/11/14 1:24,clusterB,0,4,2,2,0,0,0,1,0,0
2025/11/14 1:24,clusterA,0,4,4,0,0.44,0.22,0,0.78,0.22,0
2025/11/14 1:24,clusterB,0,4,2,2,0,0,0,1,0,0
2025/11/14 1:24,clusterA,0,4,4,0,0.45,0.22,0,0.78,0.22,0
2025/11/14 1:24,clusterB,0,4,2,2,0,0,0,1,0,0
2025/11/14 1:24,clusterA,0,4,4,0,0.43,0.22,0,0.78,0.22,0
2025/11/14 1:24,clusterB,0,4,2,2,0,0,0,1,0,0
2025/11/14 1:24,clusterA,0,4,4,0,0.44,0.22,0,0.78,0.22,0
2025/11/14 1:24,clusterB,0,4,2,2,0,0,0,1,0,0
2025/11/14 1:24,clusterA,0,4,4,0,0.45,0.22,0,0.78,0.22,0
2025/11/14 1:24,clusterB,0,4,2,2,0,0,0,1,0,0
2025/11/14 1:24,clusterA,0,4,4,0,0.44,0.22,0,0.78,0.22,0
2025/11/14 1:24,clusterB,0,4,2,2,0,0,0,1,0,0
2025/11/14 1:24,clusterA,0,4,4,0,0.43,0.22,0,0.78,0.22,0
2025/11/14 1:24,clusterB,0,4,2,2,0,0,0,1,0,0
2025/11/14 1:25,clusterA,0,4,4,0,0.42,0.21,0,0.79,0.21,0
2025/11/14 1:25,clusterB,0,4,2,2,0,0,0,1,0,0
2025/11/14 1:25,clusterA,0,4,4,0,0.4,0.21,0,0.79,0.21,0
2025/11/14 1:25,clusterB,0,4,2,2,0,0,0,1,0,0
2025/11/14 1:25,clusterA,0,4,4,0,0.4,0.21,0,0.79,0.21,0
2025/11/14 1:25,clusterB,0,4,2,2,0,0,0,1,0,0
2025/11/14 1:25,clusterA,0,4,4,0,0.39,0.21,0,0.79,0.21,0
2025/11/14 1:25,clusterB,0,4,2,2,0,0,0,1,0,0
2025/11/14 1:25,clusterA,0,4,4,0,0.41,0.21,0,0.79,0.21,0
2025/11/14 1:25,clusterB,0,4,2,2,0,0,0,1,0,0
2025/11/14 1:25,clusterA,0,4,4,0,0.41,0.21,0,0.79,0.21,0
2025/11/14 1:25,clusterB,0,4,2,2,0,0,0,1,0,0
2025/11/14 1:25,clusterA,0,4,4,0,0.43,0.21,0,0.79,0.21,0
2025/11/14 1:25,clusterB,0,4,2,2,0,0,0,1,0,0
2025/11/14 1:25,clusterA,0,4,4,0,0.44,0.22,0,0.78,0.22,0
2025/11/14 1:25,clusterB,0,4,2,2,0,0,0,1,0,0
2025/11/14 1:25,clusterA,0,4,4,0,0.42,0.21,0,0.79,0.21,0
2025/11/14 1:25,clusterB,0,4,2,2,0,0,0,1,0,0
2025/11/14 1:25,clusterA,0,4,4,0,0.41,0.21,0,0.79,0.21,0
2025/11/14 1:25,clusterB,0,4,2,2,0,0,0,1,0,0
2025/11/14 1:25,clusterA,0,4,4,0,0.4,0.21,0,0.79,0.21,0
2025/11/14 1:25,clusterB,0,4,2,2,0,0,0,1,0,0
2025/11/14 1:25,clusterA,0,4,4,0,0.4,0.21,0,0.79,0.21,0
2025/11/14 1:25,clusterB,0,4,2,2,0,0,0,1,0,0
2025/11/14 1:26,clusterA,0,4,4,0,0.42,0.22,0,0.78,0.22,0
2025/11/14 1:26,clusterB,0,4,2,2,0,0,0,1,0,0
2025/11/14 1:26,clusterA,0,4,4,0,0.43,0.22,0,0.78,0.22,0
2025/11/14 1:26,clusterB,0,4,2,2,0,0,0,1,0,0
2025/11/14 1:26,clusterA,0,4,4,0,0.44,0.22,0,0.78,0.22,0
2025/11/14 1:26,clusterB,0,4,2,2,0,0,0,1,0,0
2025/11/14 1:26,clusterA,0,4,4,0,0.46,0.22,0,0.78,0.22,0
2025/11/14 1:26,clusterB,0,4,2,2,0,0,0,1,0,0
2025/11/14 1:26,clusterA,0,4,4,0,0.44,0.22,0,0.78,0.22,0
2025/11/14 1:26,clusterB,0,4,2,2,0,0,0,1,0,0
2025/11/14 1:26,clusterA,0,4,4,0,0.44,0.22,0,0.78,0.22,0
2025/11/14 1:26,clusterB,0,4,2,2,0,0,0,1,0,0
2025/11/14 1:26,clusterA,0,4,4,0,0.42,0.22,0,0.78,0.22,0
2025/11/14 1:26,clusterB,0,4,2,2,0,0,0,1,0,0
2025/11/14 1:26,clusterA,0,4,4,0,0.43,0.22,0,0.78,0.22,0
2025/11/14 1:26,clusterB,0,4,2,2,0,0,0,1,0,0
2025/11/14 1:26,clusterA,0,4,4,0,0.44,0.22,0,0.78,0.22,0
2025/11/14 1:26,clusterB,0,4,2,2,0,0,0,1,0,0
2025/11/14 1:26,clusterA,0,4,4,0,0.44,0.22,0,0.78,0.22,0
2025/11/14 1:26,clusterB,0,4,2,2,0,0,0,1,0,0
2025/11/14 1:26,clusterA,0,4,4,0,0.46,0.22,0,0.78,0.22,0
2025/11/14 1:26,clusterB,0,4,2,2,0,0,0,1,0,0
2025/11/14 1:26,clusterA,0,4,4,0,0.46,0.22,0,0.78,0.22,0
2025/11/14 1:26,clusterB,0,4,2,2,0,0,0,1,0,0
2025/11/14 1:27,clusterA,0,4,4,0,0.45,0.22,0,0.78,0.22,0
2025/11/14 1:27,clusterB,0,4,2,2,0,0,0,1,0,0
2025/11/14 1:27,clusterA,0,4,4,0,0.45,0.22,0,0.78,0.22,0
2025/11/14 1:27,clusterB,0,4,2,2,0,0,0,1,0,0
2025/11/14 1:27,clusterA,0,4,4,0,0.45,0.22,0,0.78,0.22,0
2025/11/14 1:27,clusterB,0,4,2,2,0,0,0,1,0,0
2025/11/14 1:27,clusterA,0,4,4,0,0.43,0.21,0,0.79,0.21,0
2025/11/14 1:27,clusterB,0,4,2,2,0,0,0,1,0,0
2025/11/14 1:27,clusterA,0,4,4,0,0.43,0.21,0,0.79,0.21,0
2025/11/14 1:27,clusterB,0,4,2,2,0,0,0,1,0,0
2025/11/14 1:27,clusterA,0,4,4,0,0.43,0.21,0,0.79,0.21,0
2025/11/14 1:27,clusterB,0,4,2,2,0,0,0,1,0,0
2025/11/14 1:27,clusterA,0,4,4,0,0.44,0.21,0,0.79,0.21,0
2025/11/14 1:27,clusterB,0,4,2,2,0,0,0,1,0,0
2025/11/14 1:27,clusterA,0,4,4,0,0.42,0.21,0,0.79,0.21,0
2025/11/14 1:27,clusterB,0,4,2,2,0,0,0,1,0,0
2025/11/14 1:27,clusterA,0,4,4,0,0.42,0.22,0,0.78,0.22,0
2025/11/14 1:27,clusterB,0,4,2,2,0,0,0,1,0,0
2025/11/14 1:27,clusterA,0,4,4,0,0.42,0.22,0,0.78,0.22,0
2025/11/14 1:27,clusterB,0,4,2,2,0,0,0,1,0,0
2025/11/14 1:27,clusterA,0,4,4,0,0.41,0.22,0,0.78,0.22,0
2025/11/14 1:27,clusterB,0,4,2,2,0,0,0,1,0,0
2025/11/14 1:27,clusterA,0,4,4,0,0.41,0.22,0,0.78,0.22,0
2025/11/14 1:27,clusterB,0,4,2,2,0,0,0,1,0,0
2025/11/14 1:28,clusterA,0,4,4,0,0.41,0.22,0,0.78,0.22,0
2025/11/14 1:28,clusterB,0,4,2,2,0,0,0,1,0,0
2025/11/14 1:28,clusterA,0,4,4,0,0.43,0.22,0,0.78,0.22,0
2025/11/14 1:28,clusterB,0,4,2,2,0,0,0,1,0,0
2025/11/14 1:28,clusterA,0,4,4,0,0.42,0.22,0,0.78,0.22,0
2025/11/14 1:28,clusterB,0,4,2,2,0,0,0,1,0,0
2025/11/14 1:28,clusterA,0,4,4,0,0.42,0.22,0,0.78,0.22,0
2025/11/14 1:28,clusterB,0,4,2,2,0,0,0,1,0,0
2025/11/14 1:28,clusterA,0,4,4,0,0.43,0.22,0,0.78,0.22,0
2025/11/14 1:28,clusterB,0,4,2,2,0,0,0,1,0,0
2025/11/14 1:28,clusterA,0,4,4,0,0.42,0.22,0,0.78,0.22,0
2025/11/14 1:28,clusterB,0,4,2,2,0,0,0,1,0,0
2025/11/14 1:28,clusterA,0,4,4,0,0.4,0.21,0,0.79,0.21,0
2025/11/14 1:28,clusterB,0,4,2,2,0,0,0,1,0,0
2025/11/14 1:28,clusterA,0,4,4,0,0.41,0.21,0,0.79,0.21,0
2025/11/14 1:28,clusterB,0,4,2,2,0,0,0,1,0,0
2025/11/14 1:28,clusterA,0,4,4,0,0.41,0.21,0,0.79,0.21,0
2025/11/14 1:28,clusterB,0,4,2,2,0,0,0,1,0,0
2025/11/14 1:28,clusterA,0,4,4,0,0.43,0.21,0,0.79,0.21,0
2025/11/14 1:28,clusterB,0,4,2,2,0,0,0,1,0,0
2025/11/14 1:28,clusterA,0,4,4,0,0.42,0.21,0,0.79,0.21,0
2025/11/14 1:28,clusterB,0,4,2,2,0,0,0,1,0,0
2025/11/14 1:28,clusterA,0,4,4,0,0.42,0.21,0,0.79,0.21,0
2025/11/14 1:28,clusterB,0,4,2,2,0,0,0,1,0,0
2025/11/14 1:29,clusterA,0,4,4,0,0.45,0.22,0,0.78,0.22,0
2025/11/14 1:29,clusterB,0,4,2,2,0,0,0,1,0,0
2025/11/14 1:29,clusterA,0,4,4,0,0.44,0.21,0,0.79,0.21,0
2025/11/14 1:29,clusterB,0,4,2,2,0,0,0,1,0,0
2025/11/14 1:29,clusterA,0,4,4,0,0.43,0.22,0,0.78,0.22,0
2025/11/14 1:29,clusterB,0,4,2,2,0,0,0,1,0,0
2025/11/14 1:29,clusterA,0,4,4,0,0.43,0.22,0,0.78,0.22,0
2025/11/14 1:29,clusterB,0,4,2,2,0,0,0,1,0,0
2025/11/14 1:29,clusterA,0,4,4,0,0.44,0.22,0,0.78,0.22,0
2025/11/14 1:29,clusterB,0,4,2,2,0,0,0,1,0,0
2025/11/14 1:29,clusterA,0,4,4,0,0.43,0.22,0,0.78,0.22,0
2025/11/14 1:29,clusterB,0,4,2,2,0,0,0,1,0,0
2025/11/14 1:29,clusterA,0,4,4,0,0.43,0.22,0,0.78,0.22,0
2025/11/14 1:29,clusterB,0,4,2,2,0,0,0,1,0,0
2025/11/14 1:29,clusterA,0,4,4,0,0.44,0.22,0,0.78,0.22,0
2025/11/14 1:29,clusterB,0,4,2,2,0,0,0,1,0,0
2025/11/14 1:29,clusterA,0,4,4,0,0.43,0.22,0,0.78,0.22,0
2025/11/14 1:29,clusterB,0,4,2,2,0,0,0,1,0,0
2025/11/14 1:29,clusterA,0,4,4,0,0.43,0.22,0,0.78,0.22,0
2025/11/14 1:29,clusterB,0,4,2,2,0,0,0,1,0,0
2025/11/14 1:29,clusterA,0,4,4,0,0.41,0.22,0,0.78,0.22,0
2025/11/14 1:29,clusterB,0,4,2,2,0,0,0,1,0,0
2025/11/14 1:29,clusterA,0,4,4,0,0.43,0.22,0,0.78,0.22,0
2025/11/14 1:29,clusterB,0,4,2,2,0,0,0,1,0,0
2025/11/14 1:30,clusterA,0,4,4,0,0.43,0.22,0,0.78,0.22,0
2025/11/14 1:30,clusterB,0,4,2,2,0,0,0,1,0,0
2025/11/14 1:30,clusterA,0,4,4,0,0.4,0.22,0,0.78,0.22,0
2025/11/14 1:30,clusterB,0,4,2,2,0,0,0,1,0,0
2025/11/14 1:30,clusterA,0,4,4,0,0.38,0.22,0,0.78,0.22,0
2025/11/14 1:30,clusterB,0,4,2,2,0,0,0,1,0,0
2025/11/14 1:30,clusterA,0,4,4,0,0.38,0.22,0,0.78,0.22,0
2025/11/14 1:30,clusterB,0,4,2,2,0,0,0,1,0,0
2025/11/14 1:30,clusterA,0,4,4,0,0.39,0.22,0,0.78,0.22,0
2025/11/14 1:30,clusterB,0,4,2,2,0,0,0,1,0,0
2025/11/14 1:30,clusterA,0,4,4,0,0.39,0.22,0,0.78,0.22,0
2025/11/14 1:30,clusterB,0,4,2,2,0,0,0,1,0,0
2025/11/14 1:30,clusterA,0,4,4,0,0.41,0.22,0,0.78,0.22,0
2025/11/14 1:30,clusterB,0,4,2,2,0,0,0,1,0,0
2025/11/14 1:30,clusterA,0,4,4,0,0.4,0.21,0,0.79,0.21,0
2025/11/14 1:30,clusterB,0,4,2,2,0,0,0,1,0,0
2025/11/14 1:30,clusterA,0,4,4,0,0.41,0.22,0,0.78,0.22,0
2025/11/14 1:30,clusterB,0,4,2,2,0,0,0,1,0,0
2025/11/14 1:30,clusterA,0,4,4,0,0.43,0.22,0,0.78,0.22,0
2025/11/14 1:30,clusterB,0,4,2,2,0,0,0,1,0,0
2025/11/14 1:30,clusterA,0,4,4,0,0.43,0.22,0,0.78,0.22,0
2025/11/14 1:30,clusterB,0,4,2,2,0,0,0,1,0,0
2025/11/14 1:30,clusterA,0,4,4,0,0.43,0.22,0,0.78,0.22,0
2025/11/14 1:30,clusterB,0,4,2,2,0,0,0,1,0,0
2025/11/14 1:31,clusterA,0,4,4,0,0.44,0.22,0,0.78,0.22,0
2025/11/14 1:31,clusterB,0,4,2,2,0,0,0,1,0,0
2025/11/14 1:31,clusterA,0,4,4,0,0.44,0.22,0,0.78,0.22,0
2025/11/14 1:31,clusterB,0,4,2,2,0,0,0,1,0,0
2025/11/14 1:31,clusterA,0,4,4,0,0.44,0.22,0,0.78,0.22,0
2025/11/14 1:31,clusterB,0,4,2,2,0,0,0,1,0,0
2025/11/14 1:31,clusterA,0,4,4,0,0.45,0.22,0,0.78,0.22,0
2025/11/14 1:31,clusterB,0,4,2,2,0,0,0,1,0,0
2025/11/14 1:31,clusterA,0,4,4,0,0.44,0.22,0,0.78,0.22,0
2025/11/14 1:31,clusterB,0,4,2,2,0,0,0,1,0,0
2025/11/14 1:31,clusterA,0,4,4,0,0.46,0.23,0,0.77,0.23,0
2025/11/14 1:31,clusterB,0,4,2,2,0,0,0,1,0,0
2025/11/14 1:31,clusterA,0,4,4,0,0.44,0.22,0,0.78,0.22,0
2025/11/14 1:31,clusterB,0,4,2,2,0,0,0,1,0,0
2025/11/14 1:31,clusterA,0,4,4,0,0.45,0.23,0,0.77,0.23,0
2025/11/14 1:31,clusterB,0,4,2,2,0,0,0,1,0,0
2025/11/14 1:31,clusterA,0,4,4,0,0.42,0.22,0,0.78,0.22,0
2025/11/14 1:31,clusterB,0,4,2,2,0,0,0,1,0,0
2025/11/14 1:31,clusterA,0,4,4,0,0.4,0.22,0,0.78,0.22,0
2025/11/14 1:31,clusterB,0,4,2,2,0,0,0,1,0,0
2025/11/14 1:31,clusterA,0,4,4,0,0.42,0.22,0,0.78,0.22,0
2025/11/14 1:31,clusterB,0,4,2,2,0,0,0,1,0,0
2025/11/14 1:31,clusterA,0,4,4,0,0.4,0.22,0,0.78,0.22,0
2025/11/14 1:31,clusterB,0,4,2,2,0,0,0,1,0,0
2025/11/14 1:32,clusterA,0,4,4,0,0.39,0.22,0,0.78,0.22,0
2025/11/14 1:32,clusterB,0,4,2,2,0,0,0,1,0,0
2025/11/14 1:32,clusterA,0,4,4,0,0.39,0.22,0,0.78,0.22,0
2025/11/14 1:32,clusterB,0,4,2,2,0,0,0,1,0,0
2025/11/14 1:32,clusterA,0,4,4,0,0.41,0.21,0,0.79,0.21,0
2025/11/14 1:32,clusterB,0,4,2,2,0,0,0,1,0,0
2025/11/14 1:32,clusterA,0,4,4,0,0.39,0.21,0,0.79,0.21,0
2025/11/14 1:32,clusterB,0,4,2,2,0,0,0,1,0,0
2025/11/14 1:32,clusterA,0,4,4,0,0.41,0.21,0,0.79,0.21,0
2025/11/14 1:32,clusterB,0,4,2,2,0,0,0,1,0,0
2025/11/14 1:32,clusterA,0,4,4,0,0.38,0.21,0,0.79,0.21,0
2025/11/14 1:32,clusterB,0,4,2,2,0,0,0,1,0,0
2025/11/14 1:32,clusterA,0,4,4,0,0.4,0.21,0,0.79,0.21,0
2025/11/14 1:32,clusterB,0,4,2,2,0,0,0,1,0,0
2025/11/14 1:32,clusterA,0,4,4,0,0.39,0.21,0,0.79,0.21,0
2025/11/14 1:32,clusterB,0,4,2,2,0,0,0,1,0,0
2025/11/14 1:32,clusterA,0,4,4,0,0.41,0.22,0,0.78,0.22,0
2025/11/14 1:32,clusterB,0,4,2,2,0,0,0,1,0,0
2025/11/14 1:32,clusterA,0,4,4,0,0.44,0.22,0,0.78,0.22,0
2025/11/14 1:32,clusterB,0,4,2,2,0,0,0,1,0,0
2025/11/14 1:32,clusterA,0,4,4,0,0.42,0.22,0,0.78,0.22,0
2025/11/14 1:32,clusterB,0,4,2,2,0,0,0,1,0,0
2025/11/14 1:32,clusterA,0,4,4,0,0.42,0.22,0,0.78,0.22,0
2025/11/14 1:32,clusterB,0,4,2,2,0,0,0,1,0,0
2025/11/14 1:33,clusterA,0,4,4,0,0.42,0.22,0,0.78,0.22,0
2025/11/14 1:33,clusterB,0,4,2,2,0,0,0,1,0,0
2025/11/14 1:33,clusterA,0,4,4,0,0.42,0.22,0,0.78,0.22,0
2025/11/14 1:33,clusterB,0,4,2,2,0,0,0,1,0,0
2025/11/14 1:33,clusterA,0,4,4,0,0.42,0.22,0,0.78,0.22,0
2025/11/14 1:33,clusterB,0,4,2,2,0,0,0,1,0,0
2025/11/14 1:33,clusterA,0,4,4,0,0.42,0.22,0,0.78,0.22,0
2025/11/14 1:33,clusterB,0,4,2,2,0,0,0,1,0,0
2025/11/14 1:33,clusterA,0,4,4,0,0.39,0.22,0,0.78,0.22,0
2025/11/14 1:33,clusterB,0,4,2,2,0,0,0,1,0,0
2025/11/14 1:33,clusterA,0,4,4,0,0.39,0.22,0,0.78,0.22,0
2025/11/14 1:33,clusterB,0,4,2,2,0,0,0,1,0,0
2025/11/14 1:33,clusterA,0,4,4,0,0.38,0.22,0,0.78,0.22,0
2025/11/14 1:33,clusterB,0,4,2,2,0,0,0,1,0,0
2025/11/14 1:33,clusterA,0,4,4,0,0.39,0.22,0,0.78,0.22,0
2025/11/14 1:33,clusterB,0,4,2,2,0,0,0,1,0,0
2025/11/14 1:33,clusterA,0,4,4,0,0.39,0.22,0,0.78,0.22,0
2025/11/14 1:33,clusterB,0,4,2,2,0,0,0,1,0,0
2025/11/14 1:33,clusterA,0,4,4,0,0.36,0.22,0,0.78,0.22,0
2025/11/14 1:33,clusterB,0,4,2,2,0,0,0,1,0,0
2025/11/14 1:33,clusterA,0,4,4,0,0.36,0.22,0,0.78,0.22,0
2025/11/14 1:33,clusterB,0,4,2,2,0,0,0,1,0,0
2025/11/14 1:33,clusterA,0,4,4,0,0.36,0.21,0,0.79,0.21,0
2025/11/14 1:33,clusterB,0,4,2,2,0,0,0,1,0,0
2025/11/14 1:34,clusterA,0,4,4,0,0.37,0.21,0,0.79,0.21,0
2025/11/14 1:34,clusterB,0,4,2,2,0,0,0,1,0,0
2025/11/14 1:34,clusterA,0,4,4,0,0.37,0.21,0,0.79,0.21,0
2025/11/14 1:34,clusterB,0,4,2,2,0,0,0,1,0,0
2025/11/14 1:34,clusterA,0,4,4,0,0.36,0.21,0,0.79,0.21,0
2025/11/14 1:34,clusterB,0,4,2,2,0,0,0,1,0,0
2025/11/14 1:34,clusterA,0,4,4,0,0.38,0.21,0,0.79,0.21,0
2025/11/14 1:34,clusterB,0,4,2,2,0,0,0,1,0,0
2025/11/14 1:34,clusterA,0,4,4,0,0.4,0.22,0,0.78,0.22,0
2025/11/14 1:34,clusterB,0,4,2,2,0,0,0,1,0,0
2025/11/14 1:34,clusterA,0,4,4,0,0.4,0.22,0,0.78,0.22,0
2025/11/14 1:34,clusterB,0,4,2,2,0,0,0,1,0,0
2025/11/14 1:34,clusterA,0,4,4,0,0.4,0.22,0,0.78,0.22,0
2025/11/14 1:34,clusterB,0,4,2,2,0,0,0,1,0,0
2025/11/14 1:34,clusterA,0,4,4,0,0.4,0.22,0,0.78,0.22,0
2025/11/14 1:34,clusterB,0,4,2,2,0,0,0,1,0,0
2025/11/14 1:34,clusterA,0,4,4,0,0.41,0.22,0,0.78,0.22,0
2025/11/14 1:34,clusterB,0,4,2,2,0,0,0,1,0,0
2025/11/14 1:34,clusterA,0,4,4,0,0.4,0.22,0,0.78,0.22,0
2025/11/14 1:34,clusterB,0,4,2,2,0,0,0,1,0,0
2025/11/14 1:34,clusterA,0,4,4,0,0.42,0.22,0,0.78,0.22,0
2025/11/14 1:34,clusterB,0,4,2,2,0,0,0,1,0,0
2025/11/14 1:34,clusterA,0,4,4,0,0.42,0.22,0,0.78,0.22,0
2025/11/14 1:34,clusterB,0,4,2,2,0,0,0,1,0,0
2025/11/14 1:35,clusterA,0,4,4,0,0.41,0.22,0,0.78,0.22,0
2025/11/14 1:35,clusterB,0,4,2,2,0,0,0,1,0,0
2025/11/14 1:35,clusterA,0,4,4,0,0.41,0.22,0,0.78,0.22,0
2025/11/14 1:35,clusterB,0,4,2,2,0,0,0,1,0,0
2025/11/14 1:35,clusterA,0,4,4,0,0.43,0.22,0,0.78,0.22,0
2025/11/14 1:35,clusterB,0,4,2,2,0,0,0,1,0,0
2025/11/14 1:35,clusterA,0,4,4,0,0.41,0.22,0,0.78,0.22,0
2025/11/14 1:35,clusterB,0,4,2,2,0,0,0,1,0,0
2025/11/14 1:35,clusterA,0,4,4,0,0.42,0.22,0,0.78,0.22,0
2025/11/14 1:35,clusterB,0,4,2,2,0,0,0,1,0,0
2025/11/14 1:35,clusterA,0,4,4,0,0.42,0.22,0,0.78,0.22,0
2025/11/14 1:35,clusterB,0,4,2,2,0,0,0,1,0,0
2025/11/14 1:35,clusterA,0,4,4,0,0.44,0.22,0,0.78,0.22,0
2025/11/14 1:35,clusterB,0,4,2,2,0,0,0,1,0,0
2025/11/14 1:35,clusterA,0,4,4,0,0.44,0.22,0,0.78,0.22,0
2025/11/14 1:35,clusterB,0,4,2,2,0,0,0,1,0,0
2025/11/14 1:35,clusterA,0,4,4,0,0.44,0.22,0,0.78,0.22,0
2025/11/14 1:35,clusterB,0,4,2,2,0,0,0,1,0,0
2025/11/14 1:35,clusterA,0,4,4,0,0.43,0.22,0,0.78,0.22,0
2025/11/14 1:35,clusterB,0,4,2,2,0,0,0,1,0,0
2025/11/14 1:35,clusterA,0,4,4,0,0.43,0.22,0,0.78,0.22,0
2025/11/14 1:35,clusterB,0,4,2,2,0,0,0,1,0,0
2025/11/14 1:35,clusterA,0,4,4,0,0.42,0.22,0,0.78,0.22,0
2025/11/14 1:35,clusterB,0,4,2,2,0,0,0,1,0,0
2025/11/14 1:36,clusterA,0,4,4,0,0.41,0.22,0,0.78,0.22,0
2025/11/14 1:36,clusterB,0,4,2,2,0,0,0,1,0,0
2025/11/14 1:36,clusterA,0,4,4,0,0.41,0.22,0,0.78,0.22,0
2025/11/14 1:36,clusterB,0,4,2,2,0,0,0,1,0,0
2025/11/14 1:36,clusterA,0,4,4,0,0.41,0.22,0,0.78,0.22,0
2025/11/14 1:36,clusterB,0,4,2,2,0,0,0,1,0,0
2025/11/14 1:36,clusterA,0,4,4,0,0.4,0.22,0,0.78,0.22,0
2025/11/14 1:36,clusterB,0,4,2,2,0,0,0,1,0,0
2025/11/14 1:36,clusterA,0,4,4,0,0.4,0.22,0,0.78,0.22,0
2025/11/14 1:36,clusterB,0,4,2,2,0,0,0,1,0,0
2025/11/14 1:36,clusterA,0,4,4,0,0.4,0.22,0,0.78,0.22,0
2025/11/14 1:36,clusterB,0,4,2,2,0,0,0,1,0,0
2025/11/14 1:36,clusterA,0,4,4,0,0.4,0.22,0,0.78,0.22,0
2025/11/14 1:36,clusterB,0,4,2,2,0,0,0,1,0,0
2025/11/14 1:36,clusterA,0,4,4,0,0.38,0.22,0,0.78,0.22,0
2025/11/14 1:36,clusterB,0,4,2,2,0,0,0,1,0,0
2025/11/14 1:36,clusterA,0,4,4,0,0.39,0.22,0,0.78,0.22,0
2025/11/14 1:36,clusterB,0,4,2,2,0,0,0,1,0,0
2025/11/14 1:36,clusterA,0,4,3,1,0.37,0.21,0,0.79,0.21,0
2025/11/14 1:36,clusterB,0,4,2,2,0,0,0,1,0,0
2025/11/14 1:36,clusterA,0,4,3,1,0.36,0.21,0,0.79,0.21,0
2025/11/14 1:36,clusterB,0,4,2,2,0,0,0,1,0,0
2025/11/14 1:36,clusterA,0,4,3,1,0.34,0.2,0,0.8,0.2,0
2025/11/14 1:36,clusterB,0,4,2,2,0,0,0,1,0,0
2025/11/14 1:37,clusterA,0,4,3,1,0.33,0.19,0,0.81,0.19,0
2025/11/14 1:37,clusterB,0,4,2,2,0,0,0,1,0,0
2025/11/14 1:37,clusterA,0,4,3,1,0.33,0.19,0,0.81,0.19,0
2025/11/14 1:37,clusterB,0,4,2,2,0,0,0,1,0,0
2025/11/14 1:37,clusterA,0,4,3,1,0.31,0.18,0,0.82,0.18,0
2025/11/14 1:37,clusterB,0,4,2,2,0,0,0,1,0,0
2025/11/14 1:37,clusterA,0,4,3,1,0.27,0.18,0,0.82,0.18,0
2025/11/14 1:37,clusterB,0,4,2,2,0,0,0,1,0,0
2025/11/14 1:37,clusterA,0,4,3,1,0.26,0.17,0,0.83,0.17,0
2025/11/14 1:37,clusterB,0,4,2,2,0,0,0,1,0,0
2025/11/14 1:37,clusterA,0,4,3,1,0.23,0.16,0,0.84,0.16,0
2025/11/14 1:37,clusterB,0,4,2,2,0,0,0,1,0,0
2025/11/14 1:37,clusterA,0,4,3,1,0.24,0.16,0,0.84,0.16,0
2025/11/14 1:37,clusterB,0,4,2,2,0,0,0,1,0,0
2025/11/14 1:37,clusterA,0,4,3,1,0.23,0.15,0,0.85,0.15,0
2025/11/14 1:37,clusterB,0,4,2,2,0,0,0,1,0,0
2025/11/14 1:37,clusterA,0,4,3,1,0.22,0.15,0,0.85,0.15,0
2025/11/14 1:37,clusterB,0,4,2,2,0,0,0,1,0,0
2025/11/14 1:37,clusterA,0,4,3,1,0.22,0.15,0,0.85,0.15,0
2025/11/14 1:37,clusterB,0,4,2,2,0,0,0,1,0,0
2025/11/14 1:37,clusterA,0,4,3,1,0.24,0.15,0,0.85,0.15,0
2025/11/14 1:37,clusterB,0,4,2,2,0,0,0,1,0,0
2025/11/14 1:37,clusterA,0,4,3,1,0.23,0.15,0,0.85,0.15,0
2025/11/14 1:37,clusterB,0,4,2,2,0,0,0,1,0,0
2025/11/14 1:38,clusterA,0,4,3,1,0.23,0.15,0,0.85,0.15,0
2025/11/14 1:38,clusterB,0,4,2,2,0,0,0,1,0,0
2025/11/14 1:38,clusterA,0,4,3,1,0.21,0.15,0,0.85,0.15,0
2025/11/14 1:38,clusterB,0,4,2,2,0,0,0,1,0,0
2025/11/14 1:38,clusterA,0,4,3,1,0.21,0.15,0,0.85,0.15,0
2025/11/14 1:38,clusterB,0,4,2,2,0,0,0,1,0,0
2025/11/14 1:38,clusterA,0,4,3,1,0.23,0.15,0,0.85,0.15,0
2025/11/14 1:38,clusterB,0,4,2,2,0,0,0,1,0,0
2025/11/14 1:38,clusterA,0,4,3,1,0.22,0.15,0,0.85,0.15,0
2025/11/14 1:38,clusterB,0,4,2,2,0,0,0,1,0,0
2025/11/14 1:38,clusterA,0,4,3,1,0.22,0.15,0,0.85,0.15,0
2025/11/14 1:38,clusterB,0,4,2,2,0,0,0,1,0,0
2025/11/14 1:38,clusterA,0,4,3,1,0.19,0.15,0,0.85,0.15,0
2025/11/14 1:38,clusterB,0,4,2,2,0,0,0,1,0,0
2025/11/14 1:38,clusterA,0,4,3,1,0.21,0.15,0,0.85,0.15,0
2025/11/14 1:38,clusterB,0,4,2,2,0,0,0,1,0,0
2025/11/14 1:38,clusterA,0,4,3,1,0.18,0.15,0,0.85,0.15,0
2025/11/14 1:38,clusterB,0,4,2,2,0,0,0,1,0,0
2025/11/14 1:38,clusterA,0,4,3,1,0.21,0.15,0,0.85,0.15,0
2025/11/14 1:38,clusterB,0,4,2,2,0,0,0,1,0,0
2025/11/14 1:38,clusterA,0,4,3,1,0.18,0.14,0,0.86,0.14,0
2025/11/14 1:38,clusterB,0,4,2,2,0,0,0,1,0,0
2025/11/14 1:38,clusterA,0,4,3,1,0.19,0.15,0,0.85,0.15,0
2025/11/14 1:38,clusterB,0,4,2,2,0,0,0,1,0,0
2025/11/14 1:39,clusterA,0,4,3,1,0.18,0.15,0,0.85,0.15,0
2025/11/14 1:39,clusterB,0,4,2,2,0,0,0,1,0,0
2025/11/14 1:39,clusterA,0,4,3,1,0.19,0.15,0,0.85,0.15,0
2025/11/14 1:39,clusterB,0,4,2,2,0,0,0,1,0,0
2025/11/14 1:39,clusterA,0,4,3,1,0.19,0.15,0,0.85,0.15,0
2025/11/14 1:39,clusterB,0,4,2,2,0,0,0,1,0,0
2025/11/14 1:39,clusterA,0,4,3,1,0.18,0.15,0,0.85,0.15,0
2025/11/14 1:39,clusterB,0,4,2,2,0,0,0,1,0,0
2025/11/14 1:39,clusterA,0,4,3,1,0.17,0.15,0,0.85,0.15,0
2025/11/14 1:39,clusterB,0,4,2,2,0,0,0,1,0,0
2025/11/14 1:39,clusterA,0,4,3,1,0.18,0.15,0,0.85,0.15,0
2025/11/14 1:39,clusterB,0,4,2,2,0,0,0,1,0,0
2025/11/14 1:39,clusterA,0,4,3,1,0.18,0.15,0,0.85,0.15,0
2025/11/14 1:39,clusterB,0,4,2,2,0,0,0,1,0,0
2025/11/14 1:39,clusterA,0,4,3,1,0.17,0.15,0,0.85,0.15,0
2025/11/14 1:39,clusterB,0,4,2,2,0,0,0,1,0,0
2025/11/14 1:39,clusterA,0,4,3,1,0.19,0.15,0,0.85,0.15,0
2025/11/14 1:39,clusterB,0,4,2,2,0,0,0,1,0,0
2025/11/14 1:39,clusterA,0,4,3,1,0.17,0.15,0,0.85,0.15,0
2025/11/14 1:39,clusterB,0,4,2,2,0,0,0,1,0,0
2025/11/14 1:39,clusterA,0,4,3,1,0.17,0.15,0,0.85,0.15,0
2025/11/14 1:39,clusterB,0,4,2,2,0,0,0,1,0,0
2025/11/14 1:39,clusterA,0,4,3,1,0.17,0.15,0,0.85,0.15,0
2025/11/14 1:39,clusterB,0,4,2,2,0,0,0,1,0,0
2025/11/14 1:40,clusterA,0,4,3,1,0.19,0.15,0,0.85,0.15,0
2025/11/14 1:40,clusterB,0,4,2,2,0,0,0,1,0,0
2025/11/14 1:40,clusterA,0,4,3,1,0.19,0.15,0,0.85,0.15,0
2025/11/14 1:40,clusterB,0,4,2,2,0,0,0,1,0,0
2025/11/14 1:40,clusterA,0,4,3,1,0.19,0.15,0,0.85,0.15,0
2025/11/14 1:40,clusterB,0,4,2,2,0,0,0,1,0,0
2025/11/14 1:40,clusterA,0,4,3,1,0.2,0.15,0,0.85,0.15,0
2025/11/14 1:40,clusterB,0,4,2,2,0,0,0,1,0,0
2025/11/14 1:40,clusterA,0,4,3,1,0.21,0.15,0,0.85,0.15,0
2025/11/14 1:40,clusterB,0,4,2,2,0,0,0,1,0,0
2025/11/14 1:40,clusterA,0,4,3,1,0.22,0.15,0,0.85,0.15,0
2025/11/14 1:40,clusterB,0,4,2,2,0,0,0,1,0,0
2025/11/14 1:40,clusterA,0,4,3,1,0.25,0.15,0,0.85,0.15,0
2025/11/14 1:40,clusterB,0,4,2,2,0,0,0,1,0,0
2025/11/14 1:40,clusterA,0,4,3,1,0.25,0.15,0,0.85,0.15,0
2025/11/14 1:40,clusterB,0,4,2,2,0,0,0,1,0,0
2025/11/14 1:40,clusterA,0,4,3,1,0.24,0.15,0,0.85,0.15,0
2025/11/14 1:40,clusterB,0,4,2,2,0,0,0,1,0,0
2025/11/14 1:40,clusterA,0,4,3,1,0.23,0.15,0,0.85,0.15,0
2025/11/14 1:40,clusterB,0,4,2,2,0,0,0,1,0,0
2025/11/14 1:40,clusterA,0,4,3,1,0.23,0.15,0,0.85,0.15,0
2025/11/14 1:40,clusterB,0,4,2,2,0,0,0,1,0,0
2025/11/14 1:41,clusterA,0,4,3,1,0.23,0.15,0,0.85,0.15,0
2025/11/14 1:41,clusterB,0,4,2,2,0,0,0,1,0,0
2025/11/14 1:41,clusterA,0,4,3,1,0.24,0.15,0,0.85,0.15,0
2025/11/14 1:41,clusterB,0,4,2,2,0,0,0,1,0,0
2025/11/14 1:41,clusterA,0,4,3,1,0.24,0.15,0,0.85,0.15,0
2025/11/14 1:41,clusterB,0,4,2,2,0,0,0,1,0,0
2025/11/14 1:41,clusterA,0,4,3,1,0.25,0.15,0,0.85,0.15,0
2025/11/14 1:41,clusterB,0,4,2,2,0,0,0,1,0,0
2025/11/14 1:41,clusterA,0,4,3,1,0.25,0.15,0,0.85,0.15,0
2025/11/14 1:41,clusterB,0,4,2,2,0,0,0,1,0,0
2025/11/14 1:41,clusterA,0,4,3,1,0.26,0.15,0,0.85,0.15,0
2025/11/14 1:41,clusterB,0,4,2,2,0,0,0,1,0,0
2025/11/14 1:41,clusterA,0,4,3,1,0.27,0.15,0,0.85,0.15,0
2025/11/14 1:41,clusterB,0,4,2,2,0,0,0,1,0,0
2025/11/14 1:41,clusterA,0,4,3,1,0.26,0.15,0,0.85,0.15,0
2025/11/14 1:41,clusterB,0,4,2,2,0,0,0,1,0,0
2025/11/14 1:41,clusterA,0,4,3,1,0.26,0.15,0,0.85,0.15,0
2025/11/14 1:41,clusterB,0,4,2,2,0,0,0,1,0,0
2025/11/14 1:41,clusterA,0,4,3,1,0.28,0.15,0,0.85,0.15,0
2025/11/14 1:41,clusterB,0,4,2,2,0,0,0,1,0,0
2025/11/14 1:41,clusterA,0,4,3,1,0.3,0.15,0,0.85,0.15,0
2025/11/14 1:41,clusterB,0,4,2,2,0,0,0,1,0,0
2025/11/14 1:41,clusterA,0,4,3,1,0.3,0.15,0,0.85,0.15,0
2025/11/14 1:41,clusterB,0,4,2,2,0,0,0,1,0,0
2025/11/14 1:42,clusterA,0,4,3,1,0.3,0.15,0,0.85,0.15,0
2025/11/14 1:42,clusterB,0,4,2,2,0,0,0,1,0,0
2025/11/14 1:42,clusterA,0,4,3,1,0.3,0.15,0,0.85,0.15,0
2025/11/14 1:42,clusterB,0,4,2,2,0,0,0,1,0,0
2025/11/14 1:42,clusterA,0,4,3,1,0.3,0.15,0,0.85,0.15,0
2025/11/14 1:42,clusterB,0,4,2,2,0,0,0,1,0,0
2025/11/14 1:42,clusterA,0,4,3,1,0.32,0.15,0,0.85,0.15,0
2025/11/14 1:42,clusterB,0,4,2,2,0,0,0,1,0,0
2025/11/14 1:42,clusterA,0,4,3,1,0.31,0.15,0,0.85,0.15,0
2025/11/14 1:42,clusterB,0,4,2,2,0,0,0,1,0,0
2025/11/14 1:42,clusterA,0,4,3,1,0.31,0.15,0,0.85,0.15,0
2025/11/14 1:42,clusterB,0,4,2,2,0,0,0,1,0,0
2025/11/14 1:42,clusterA,0,4,3,1,0.3,0.15,0,0.85,0.15,0
2025/11/14 1:42,clusterB,0,4,2,2,0,0,0,1,0,0
2025/11/14 1:42,clusterA,0,4,3,1,0.3,0.15,0,0.85,0.15,0
2025/11/14 1:42,clusterB,0,4,2,2,0,0,0,1,0,0
2025/11/14 1:42,clusterA,0,4,3,1,0.29,0.14,0,0.86,0.14,0
2025/11/14 1:42,clusterB,0,4,2,2,0,0,0,1,0,0
2025/11/14 1:42,clusterA,0,4,3,1,0.27,0.14,0,0.86,0.14,0
2025/11/14 1:42,clusterB,0,4,2,2,0,0,0,1,0,0
2025/11/14 1:42,clusterA,0,4,3,1,0.27,0.14,0,0.86,0.14,0
2025/11/14 1:42,clusterB,0,4,2,2,0,0,0,1,0,0
2025/11/14 1:42,clusterA,0,4,3,1,0.24,0.14,0,0.86,0.14,0
2025/11/14 1:42,clusterB,0,4,2,2,0,0,0,1,0,0
2025/11/14 1:43,clusterA,0,4,3,1,0.25,0.14,0,0.86,0.14,0
2025/11/14 1:43,clusterB,0,4,2,2,0,0,0,1,0,0
2025/11/14 1:43,clusterA,0,4,3,1,0.26,0.14,0,0.86,0.14,0
2025/11/14 1:43,clusterB,0,4,2,2,0,0,0,1,0,0
2025/11/14 1:43,clusterA,0,4,3,1,0.24,0.14,0,0.86,0.14,0
2025/11/14 1:43,clusterB,0,4,2,2,0,0,0,1,0,0
2025/11/14 1:43,clusterA,0,4,3,1,0.22,0.14,0,0.86,0.14,0
2025/11/14 1:43,clusterB,0,4,2,2,0,0,0,1,0,0
2025/11/14 1:43,clusterA,0,4,3,1,0.23,0.14,0,0.86,0.14,0
2025/11/14 1:43,clusterB,0,4,2,2,0,0,0,1,0,0
2025/11/14 1:43,clusterA,0,4,3,1,0.2,0.14,0,0.86,0.14,0
2025/11/14 1:43,clusterB,0,4,2,2,0,0,0,1,0,0
2025/11/14 1:43,clusterA,0,4,3,1,0.22,0.14,0,0.86,0.14,0
2025/11/14 1:43,clusterB,0,4,2,2,0,0,0,1,0,0
2025/11/14 1:43,clusterA,0,4,3,1,0.2,0.14,0,0.86,0.14,0
2025/11/14 1:43,clusterB,0,4,2,2,0,0,0,1,0,0
2025/11/14 1:43,clusterA,0,4,3,1,0.2,0.15,0,0.85,0.15,0
2025/11/14 1:43,clusterB,0,4,2,2,0,0,0,1,0,0
2025/11/14 1:43,clusterA,0,4,3,1,0.23,0.15,0,0.85,0.15,0
2025/11/14 1:43,clusterB,0,4,2,2,0,0,0,1,0,0
2025/11/14 1:43,clusterA,0,4,3,1,0.22,0.15,0,0.85,0.15,0
2025/11/14 1:43,clusterB,0,4,2,2,0,0,0,1,0,0
2025/11/14 1:43,clusterA,0,4,3,1,0.22,0.15,0,0.85,0.15,0
2025/11/14 1:43,clusterB,0,4,2,2,0,0,0,1,0,0
2025/11/14 1:44,clusterA,0,4,3,1,0.24,0.15,0,0.85,0.15,0
2025/11/14 1:44,clusterB,0,4,2,2,0,0,0,1,0,0
2025/11/14 1:44,clusterA,0,4,3,1,0.22,0.15,0,0.85,0.15,0
2025/11/14 1:44,clusterB,0,4,2,2,0,0,0,1,0,0
2025/11/14 1:44,clusterA,0,4,3,1,0.22,0.15,0,0.85,0.15,0
2025/11/14 1:44,clusterB,0,4,2,2,0,0,0,1,0,0
2025/11/14 1:44,clusterA,0,4,3,1,0.23,0.15,0,0.85,0.15,0
2025/11/14 1:44,clusterB,0,4,2,2,0,0,0,1,0,0
2025/11/14 1:44,clusterA,0,4,3,1,0.22,0.15,0,0.85,0.15,0
2025/11/14 1:44,clusterB,0,4,2,2,0,0,0,1,0,0
2025/11/14 1:44,clusterA,0,4,3,1,0.22,0.15,0,0.85,0.15,0
2025/11/14 1:44,clusterB,0,4,2,2,0,0,0,1,0,0
2025/11/14 1:44,clusterA,0,4,3,1,0.22,0.15,0,0.85,0.15,0
2025/11/14 1:44,clusterB,0,4,2,2,0,0,0,1,0,0
2025/11/14 1:44,clusterA,0,4,3,1,0.22,0.15,0,0.85,0.15,0
2025/11/14 1:44,clusterB,0,4,2,2,0,0,0,1,0,0
2025/11/14 1:44,clusterA,0,4,3,1,0.24,0.15,0,0.85,0.15,0
2025/11/14 1:44,clusterB,0,4,2,2,0,0,0,1,0,0
2025/11/14 1:44,clusterA,0,4,3,1,0.21,0.15,0,0.85,0.15,0
2025/11/14 1:44,clusterB,0,4,2,2,0,0,0,1,0,0
2025/11/14 1:44,clusterA,0,4,3,1,0.19,0.15,0,0.85,0.15,0
2025/11/14 1:44,clusterB,0,4,2,2,0,0,0,1,0,0
2025/11/14 1:44,clusterA,0,4,3,1,0.19,0.14,0,0.86,0.14,0
2025/11/14 1:44,clusterB,0,4,2,2,0,0,0,1,0,0
2025/11/14 1:45,clusterA,0,4,3,1,0.17,0.14,0,0.86,0.14,0
2025/11/14 1:45,clusterB,0,4,2,2,0,0,0,1,0,0
2025/11/14 1:45,clusterA,0,4,3,1,0.19,0.14,0,0.86,0.14,0
2025/11/14 1:45,clusterB,0,4,2,2,0,0,0,1,0,0
2025/11/14 1:45,clusterA,0,4,3,1,0.19,0.14,0,0.86,0.14,0
2025/11/14 1:45,clusterB,0,4,2,2,0,0,0,1,0,0
2025/11/14 1:45,clusterA,0,4,3,1,0.2,0.14,0,0.86,0.14,0
2025/11/14 1:45,clusterB,0,4,2,2,0,0,0,1,0,0
2025/11/14 1:45,clusterA,0,4,3,1,0.2,0.14,0,0.86,0.14,0
2025/11/14 1:45,clusterB,0,4,2,2,0,0,0,1,0,0
2025/11/14 1:45,clusterA,0,4,3,1,0.21,0.14,0,0.86,0.14,0
2025/11/14 1:45,clusterB,0,4,2,2,0,0,0,1,0,0
2025/11/14 1:45,clusterA,0,4,3,1,0.2,0.14,0,0.86,0.14,0
2025/11/14 1:45,clusterB,0,4,2,2,0,0,0,1,0,0
2025/11/14 1:45,clusterA,0,4,3,1,0.2,0.15,0,0.85,0.15,0
2025/11/14 1:45,clusterB,0,4,2,2,0,0,0,1,0,0
2025/11/14 1:45,clusterA,0,4,3,1,0.18,0.15,0,0.85,0.15,0
2025/11/14 1:45,clusterB,0,4,2,2,0,0,0,1,0,0
2025/11/14 1:45,clusterA,0,4,3,1,0.18,0.15,0,0.85,0.15,0
2025/11/14 1:45,clusterB,0,4,2,2,0,0,0,1,0,0
2025/11/14 1:45,clusterA,0,4,3,1,0.19,0.15,0,0.85,0.15,0
2025/11/14 1:45,clusterB,0,4,2,2,0,0,0,1,0,0
2025/11/14 1:45,clusterA,0,4,3,1,0.2,0.15,0,0.85,0.15,0
2025/11/14 1:45,clusterB,0,4,2,2,0,0,0,1,0,0
2025/11/14 1:46,clusterA,0,4,3,1,0.2,0.15,0,0.85,0.15,0
2025/11/14 1:46,clusterB,0,4,2,2,0,0,0,1,0,0
2025/11/14 1:46,clusterA,0,4,3,1,0.18,0.15,0,0.85,0.15,0
2025/11/14 1:46,clusterB,0,4,2,2,0,0,0,1,0,0
2025/11/14 1:46,clusterA,0,4,3,1,0.18,0.15,0,0.85,0.15,0
2025/11/14 1:46,clusterB,0,4,2,2,0,0,0,1,0,0
2025/11/14 1:46,clusterA,0,4,3,1,0.18,0.15,0,0.85,0.15,0
2025/11/14 1:46,clusterB,0,4,2,2,0,0,0,1,0,0
2025/11/14 1:46,clusterA,0,4,3,1,0.18,0.15,0,0.85,0.15,0
2025/11/14 1:46,clusterB,0,4,2,2,0,0,0,1,0,0
2025/11/14 1:46,clusterA,0,4,3,1,0.19,0.15,0,0.85,0.15,0
2025/11/14 1:46,clusterB,0,4,2,2,0,0,0,1,0,0
2025/11/14 1:46,clusterA,0,4,3,1,0.17,0.15,0,0.85,0.15,0
2025/11/14 1:46,clusterB,0,4,2,2,0,0,0,1,0,0
2025/11/14 1:46,clusterA,0,4,3,1,0.17,0.15,0,0.85,0.15,0
2025/11/14 1:46,clusterB,0,4,2,2,0,0,0,1,0,0
2025/11/14 1:46,clusterA,0,4,3,1,0.18,0.15,0,0.85,0.15,0
2025/11/14 1:46,clusterB,0,4,2,2,0,0,0,1,0,0
2025/11/14 1:46,clusterA,0,4,3,1,0.18,0.15,0,0.85,0.15,0
2025/11/14 1:46,clusterB,0,4,2,2,0,0,0,1,0,0
2025/11/14 1:46,clusterA,0,4,3,1,0.17,0.15,0,0.85,0.15,0
2025/11/14 1:46,clusterB,0,4,2,2,0,0,0,1,0,0
2025/11/14 1:46,clusterA,0,4,3,1,0.17,0.15,0,0.85,0.15,0
2025/11/14 1:46,clusterB,0,4,2,2,0,0,0,1,0,0
2025/11/14 1:47,clusterA,0,4,3,1,0.17,0.15,0,0.85,0.15,0
2025/11/14 1:47,clusterB,0,4,2,2,0,0,0,1,0,0
2025/11/14 1:47,clusterA,0,4,3,1,0.17,0.15,0,0.85,0.15,0
2025/11/14 1:47,clusterB,0,4,2,2,0,0,0,1,0,0
2025/11/14 1:47,clusterA,0,4,3,1,0.17,0.15,0,0.85,0.15,0
2025/11/14 1:47,clusterB,0,4,2,2,0,0,0,1,0,0
2025/11/14 1:47,clusterA,0,4,3,1,0.18,0.15,0,0.85,0.15,0
2025/11/14 1:47,clusterB,0,4,2,2,0,0,0,1,0,0
2025/11/14 1:47,clusterA,0,4,3,1,0.18,0.15,0,0.85,0.15,0
2025/11/14 1:47,clusterB,0,4,2,2,0,0,0,1,0,0
2025/11/14 1:47,clusterA,0,4,3,1,0.17,0.15,0,0.85,0.15,0
2025/11/14 1:47,clusterB,0,4,2,2,0,0,0,1,0,0
2025/11/14 1:47,clusterA,0,4,3,1,0.17,0.15,0,0.85,0.15,0
2025/11/14 1:47,clusterB,0,4,2,2,0,0,0,1,0,0
2025/11/14 1:47,clusterA,0,4,3,1,0.19,0.15,0,0.85,0.15,0
2025/11/14 1:47,clusterB,0,4,2,2,0,0,0,1,0,0
2025/11/14 1:47,clusterA,0,4,3,1,0.19,0.15,0,0.85,0.15,0
2025/11/14 1:47,clusterB,0,4,2,2,0,0,0,1,0,0
2025/11/14 1:47,clusterA,0,4,3,1,0.19,0.15,0,0.85,0.15,0
2025/11/14 1:47,clusterB,0,4,2,2,0,0,0,1,0,0
2025/11/14 1:47,clusterA,0,4,3,1,0.2,0.15,0,0.85,0.15,0
2025/11/14 1:47,clusterB,0,4,2,2,0,0,0,1,0,0
2025/11/14 1:47,clusterA,0,4,3,1,0.2,0.15,0,0.85,0.15,0
2025/11/14 1:47,clusterB,0,4,2,2,0,0,0,1,0,0
2025/11/14 1:48,clusterA,0,4,3,1,0.21,0.15,0,0.85,0.15,0
2025/11/14 1:48,clusterB,0,4,2,2,0,0,0,1,0,0
2025/11/14 1:48,clusterA,0,4,3,1,0.21,0.15,0,0.85,0.15,0
2025/11/14 1:48,clusterB,0,4,2,2,0,0,0,1,0,0
2025/11/14 1:48,clusterA,0,4,3,1,0.21,0.15,0,0.85,0.15,0
2025/11/14 1:48,clusterB,0,4,2,2,0,0,0,1,0,0
2025/11/14 1:48,clusterA,0,4,3,1,0.18,0.15,0,0.85,0.15,0
2025/11/14 1:48,clusterB,0,4,2,2,0,0,0,1,0,0
2025/11/14 1:48,clusterA,0,4,3,1,0.19,0.15,0,0.85,0.15,0
2025/11/14 1:48,clusterB,0,4,2,2,0,0,0,1,0,0
2025/11/14 1:48,clusterA,0,4,3,1,0.19,0.15,0,0.85,0.15,0
2025/11/14 1:48,clusterB,0,4,2,2,0,0,0,1,0,0
2025/11/14 1:48,clusterA,0,4,3,1,0.19,0.15,0,0.85,0.15,0
2025/11/14 1:48,clusterB,0,4,2,2,0,0,0,1,0,0
2025/11/14 1:48,clusterA,0,4,3,1,0.19,0.15,0,0.85,0.15,0
2025/11/14 1:48,clusterB,0,4,2,2,0,0,0,1,0,0
2025/11/14 1:48,clusterA,0,4,3,1,0.18,0.15,0,0.85,0.15,0
2025/11/14 1:48,clusterB,0,4,2,2,0,0,0,1,0,0
2025/11/14 1:48,clusterA,0,4,3,1,0.18,0.14,0,0.86,0.14,0
2025/11/14 1:48,clusterB,0,4,2,2,0,0,0,1,0,0
2025/11/14 1:48,clusterA,0,4,3,1,0.19,0.15,0,0.85,0.15,0
2025/11/14 1:48,clusterB,0,4,2,2,0,0,0,1,0,0
2025/11/14 1:48,clusterA,0,4,3,1,0.18,0.15,0,0.85,0.15,0
2025/11/14 1:48,clusterB,0,4,2,2,0,0,0,1,0,0
2025/11/14 1:49,clusterA,0,4,3,1,0.19,0.14,0,0.86,0.14,0
2025/11/14 1:49,clusterB,0,4,2,2,0,0,0,1,0,0
2025/11/14 1:49,clusterA,0,4,3,1,0.18,0.14,0,0.86,0.14,0
2025/11/14 1:49,clusterB,0,4,2,2,0,0,0,1,0,0
2025/11/14 1:49,clusterA,0,4,3,1,0.17,0.14,0,0.86,0.14,0
2025/11/14 1:49,clusterB,0,4,2,2,0,0,0,1,0,0
2025/11/14 1:49,clusterA,0,4,3,1,0.18,0.15,0,0.85,0.15,0
2025/11/14 1:49,clusterB,0,4,2,2,0,0,0,1,0,0
2025/11/14 1:49,clusterA,0,4,3,1,0.18,0.15,0,0.85,0.15,0
2025/11/14 1:49,clusterB,0,4,2,2,0,0,0,1,0,0
2025/11/14 1:49,clusterA,0,4,3,1,0.19,0.15,0,0.85,0.15,0
2025/11/14 1:49,clusterB,0,4,2,2,0,0,0,1,0,0
2025/11/14 1:49,clusterA,0,4,3,1,0.21,0.15,0,0.85,0.15,0
2025/11/14 1:49,clusterB,0,4,2,2,0,0,0,1,0,0
2025/11/14 1:49,clusterA,0,4,3,1,0.22,0.15,0,0.85,0.15,0
2025/11/14 1:49,clusterB,0,4,2,2,0,0,0,1,0,0
2025/11/14 1:49,clusterA,0,4,3,1,0.2,0.15,0,0.85,0.15,0
2025/11/14 1:49,clusterB,0,4,2,2,0,0,0,1,0,0
2025/11/14 1:49,clusterA,0,4,3,1,0.23,0.15,0,0.85,0.15,0
2025/11/14 1:49,clusterB,0,4,2,2,0,0,0,1,0,0
2025/11/14 1:49,clusterA,0,4,3,1,0.22,0.15,0,0.85,0.15,0
2025/11/14 1:49,clusterB,0,4,2,2,0,0,0,1,0,0
2025/11/14 1:49,clusterA,0,4,3,1,0.23,0.15,0,0.85,0.15,0
2025/11/14 1:49,clusterB,0,4,2,2,0,0,0,1,0,0
2025/11/14 1:50,clusterA,0,4,3,1,0.22,0.15,0,0.85,0.15,0
2025/11/14 1:50,clusterB,0,4,2,2,0,0,0,1,0,0
2025/11/14 1:50,clusterA,0,4,3,1,0.23,0.15,0,0.85,0.15,0
2025/11/14 1:50,clusterB,0,4,2,2,0,0,0,1,0,0
2025/11/14 1:50,clusterA,0,4,3,1,0.23,0.15,0,0.85,0.15,0
2025/11/14 1:50,clusterB,0,4,2,2,0,0,0,1,0,0
2025/11/14 1:50,clusterA,0,4,3,1,0.23,0.15,0,0.85,0.15,0
2025/11/14 1:50,clusterB,0,4,2,2,0,0,0,1,0,0
2025/11/14 1:50,clusterA,0,4,3,1,0.24,0.15,0,0.85,0.15,0
2025/11/14 1:50,clusterB,0,4,2,2,0,0,0,1,0,0
2025/11/14 1:50,clusterA,0,4,3,1,0.22,0.15,0,0.85,0.15,0
2025/11/14 1:50,clusterB,0,4,2,2,0,0,0,1,0,0
2025/11/14 1:50,clusterA,0,4,3,1,0.22,0.15,0,0.85,0.15,0
2025/11/14 1:50,clusterB,0,4,2,2,0,0,0,1,0,0
2025/11/14 1:50,clusterA,0,4,3,1,0.22,0.14,0,0.86,0.14,0
2025/11/14 1:50,clusterB,0,4,2,2,0,0,0,1,0,0
2025/11/14 1:50,clusterA,0,4,3,1,0.23,0.14,0,0.86,0.14,0
2025/11/14 1:50,clusterB,0,4,2,2,0,0,0,1,0,0
2025/11/14 1:50,clusterA,0,4,3,1,0.2,0.14,0,0.86,0.14,0
2025/11/14 1:50,clusterB,0,4,2,2,0,0,0,1,0,0
2025/11/14 1:50,clusterA,0,4,3,1,0.21,0.14,0,0.86,0.14,0
2025/11/14 1:50,clusterB,0,4,2,2,0,0,0,1,0,0
2025/11/14 1:50,clusterA,0,4,3,1,0.19,0.14,0,0.86,0.14,0
2025/11/14 1:50,clusterB,0,4,2,2,0,0,0,1,0,0
2025/11/14 1:51,clusterA,0,4,3,1,0.2,0.14,0,0.86,0.14,0
2025/11/14 1:51,clusterB,0,4,2,2,0,0,0,1,0,0
2025/11/14 1:51,clusterA,0,4,3,1,0.22,0.14,0,0.86,0.14,0
2025/11/14 1:51,clusterB,0,4,2,2,0,0,0,1,0,0
2025/11/14 1:51,clusterA,0,4,3,1,0.23,0.14,0,0.86,0.14,0
2025/11/14 1:51,clusterB,0,4,2,2,0,0,0,1,0,0
2025/11/14 1:51,clusterA,0,4,3,1,0.23,0.14,0,0.86,0.14,0
2025/11/14 1:51,clusterB,0,4,2,2,0,0,0,1,0,0
2025/11/14 1:51,clusterA,0,4,3,1,0.23,0.14,0,0.86,0.14,0
2025/11/14 1:51,clusterB,0,4,2,2,0,0,0,1,0,0
2025/11/14 1:51,clusterA,0,4,3,1,0.22,0.14,0,0.86,0.14,0
2025/11/14 1:51,clusterB,0,4,2,2,0,0,0,1,0,0
2025/11/14 1:51,clusterA,0,4,3,1,0.21,0.14,0,0.86,0.14,0
2025/11/14 1:51,clusterB,0,4,2,2,0,0,0,1,0,0
2025/11/14 1:51,clusterA,0,4,3,1,0.22,0.14,0,0.86,0.14,0
2025/11/14 1:51,clusterB,0,4,2,2,0,0,0,1,0,0
2025/11/14 1:51,clusterA,0,4,3,1,0.22,0.14,0,0.86,0.14,0
2025/11/14 1:51,clusterB,0,4,2,2,0,0,0,1,0,0
2025/11/14 1:51,clusterA,0,4,3,1,0.23,0.14,0,0.86,0.14,0
2025/11/14 1:51,clusterB,0,4,2,2,0,0,0,1,0,0
2025/11/14 1:51,clusterA,0,4,3,1,0.25,0.15,0,0.85,0.15,0
2025/11/14 1:51,clusterB,0,4,2,2,0,0,0,1,0,0
2025/11/14 1:51,clusterA,0,4,3,1,0.25,0.15,0,0.85,0.15,0
2025/11/14 1:51,clusterB,0,4,2,2,0,0,0,1,0,0
2025/11/14 1:52,clusterA,0,4,3,1,0.23,0.15,0,0.85,0.15,0
2025/11/14 1:52,clusterB,0,4,2,2,0,0,0,1,0,0
2025/11/14 1:52,clusterA,0,4,3,1,0.21,0.15,0,0.85,0.15,0
2025/11/14 1:52,clusterB,0,4,2,2,0,0,0,1,0,0
2025/11/14 1:52,clusterA,0,4,3,1,0.22,0.15,0,0.85,0.15,0
2025/11/14 1:52,clusterB,0,4,2,2,0,0,0,1,0,0
2025/11/14 1:52,clusterA,0,4,3,1,0.23,0.15,0,0.85,0.15,0
2025/11/14 1:52,clusterB,0,4,2,2,0,0,0,1,0,0
2025/11/14 1:52,clusterA,0,4,3,1,0.23,0.15,0,0.85,0.15,0
2025/11/14 1:52,clusterB,0,4,2,2,0,0,0,1,0,0
2025/11/14 1:52,clusterA,0,4,3,1,0.24,0.15,0,0.85,0.15,0
2025/11/14 1:52,clusterB,0,4,2,2,0,0,0,1,0,0
2025/11/14 1:52,clusterA,0,4,3,1,0.24,0.15,0,0.85,0.15,0
2025/11/14 1:52,clusterB,0,4,2,2,0,0,0,1,0,0
2025/11/14 1:52,clusterA,0,4,3,1,0.23,0.15,0,0.85,0.15,0
2025/11/14 1:52,clusterB,0,4,2,2,0,0,0,1,0,0
2025/11/14 1:52,clusterA,0,4,3,1,0.23,0.15,0,0.85,0.15,0
2025/11/14 1:52,clusterB,0,4,2,2,0,0,0,1,0,0
2025/11/14 1:52,clusterA,0,4,3,1,0.23,0.15,0,0.85,0.15,0
2025/11/14 1:52,clusterB,0,4,2,2,0,0,0,1,0,0
2025/11/14 1:52,clusterA,0,4,3,1,0.21,0.15,0,0.85,0.15,0
2025/11/14 1:52,clusterB,0,4,2,2,0,0,0,1,0,0
2025/11/14 1:52,clusterA,0,4,3,1,0.2,0.15,0,0.85,0.15,0
2025/11/14 1:52,clusterB,0,4,2,2,0,0,0,1,0,0
2025/11/14 1:53,clusterA,0,4,3,1,0.23,0.15,0,0.85,0.15,0
2025/11/14 1:53,clusterB,0,4,2,2,0,0,0,1,0,0
2025/11/14 1:53,clusterA,0,4,3,1,0.22,0.15,0,0.85,0.15,0
2025/11/14 1:53,clusterB,0,4,2,2,0,0,0,1,0,0
2025/11/14 1:53,clusterA,0,4,3,1,0.2,0.15,0,0.85,0.15,0
2025/11/14 1:53,clusterB,0,4,2,2,0,0,0,1,0,0
2025/11/14 1:53,clusterA,0,4,3,1,0.2,0.15,0,0.85,0.15,0
2025/11/14 1:53,clusterB,0,4,2,2,0,0,0,1,0,0
2025/11/14 1:53,clusterA,0,4,3,1,0.19,0.15,0,0.85,0.15,0
2025/11/14 1:53,clusterB,0,4,2,2,0,0,0,1,0,0
2025/11/14 1:53,clusterA,0,4,3,1,0.19,0.15,0,0.85,0.15,0
2025/11/14 1:53,clusterB,0,4,2,2,0,0,0,1,0,0
2025/11/14 1:53,clusterA,0,4,3,1,0.21,0.15,0,0.85,0.15,0
2025/11/14 1:53,clusterB,0,4,2,2,0,0,0,1,0,0
2025/11/14 1:53,clusterA,0,4,3,1,0.21,0.15,0,0.85,0.15,0
2025/11/14 1:53,clusterB,0,4,2,2,0,0,0,1,0,0
2025/11/14 1:53,clusterA,0,4,3,1,0.19,0.15,0,0.85,0.15,0
2025/11/14 1:53,clusterB,0,4,2,2,0,0,0,1,0,0
2025/11/14 1:53,clusterA,0,4,3,1,0.2,0.15,0,0.85,0.15,0
2025/11/14 1:53,clusterB,0,4,2,2,0,0,0,1,0,0
2025/11/14 1:53,clusterA,0,4,3,1,0.22,0.15,0,0.85,0.15,0
2025/11/14 1:53,clusterB,0,4,2,2,0,0,0,1,0,0
2025/11/14 1:53,clusterA,0,4,3,1,0.22,0.15,0,0.85,0.15,0
2025/11/14 1:53,clusterB,0,4,2,2,0,0,0,1,0,0
2025/11/14 1:54,clusterA,0,4,3,1,0.2,0.15,0,0.85,0.15,0
2025/11/14 1:54,clusterB,0,4,2,2,0,0,0,1,0,0
2025/11/14 1:54,clusterA,0,4,3,1,0.21,0.14,0,0.86,0.14,0
2025/11/14 1:54,clusterB,0,4,2,2,0,0,0,1,0,0
2025/11/14 1:54,clusterA,0,4,3,1,0.22,0.14,0,0.86,0.14,0
2025/11/14 1:54,clusterB,0,4,2,2,0,0,0,1,0,0
2025/11/14 1:54,clusterA,0,4,3,1,0.22,0.14,0,0.86,0.14,0
2025/11/14 1:54,clusterB,0,4,2,2,0,0,0,1,0,0
2025/11/14 1:54,clusterA,0,4,3,1,0.21,0.14,0,0.86,0.14,0
2025/11/14 1:54,clusterB,0,4,2,2,0,0,0,1,0,0
2025/11/14 1:54,clusterA,0,4,3,1,0.21,0.14,0,0.86,0.14,0
2025/11/14 1:54,clusterB,0,4,2,2,0,0,0,1,0,0
2025/11/14 1:54,clusterA,0,4,3,1,0.19,0.14,0,0.86,0.14,0
2025/11/14 1:54,clusterB,0,4,2,2,0,0,0,1,0,0
2025/11/14 1:54,clusterA,0,4,3,1,0.18,0.14,0,0.86,0.14,0
2025/11/14 1:54,clusterB,0,4,2,2,0,0,0,1,0,0
2025/11/14 1:54,clusterA,0,4,3,1,0.18,0.14,0,0.86,0.14,0
2025/11/14 1:54,clusterB,0,4,2,2,0,0,0,1,0,0
2025/11/14 1:54,clusterA,0,4,3,1,0.2,0.15,0,0.85,0.15,0
2025/11/14 1:54,clusterB,0,4,2,2,0,0,0,1,0,0
2025/11/14 1:54,clusterA,0,4,3,1,0.19,0.15,0,0.85,0.15,0
2025/11/14 1:54,clusterB,0,4,2,2,0,0,0,1,0,0
2025/11/14 1:54,clusterA,0,4,3,1,0.17,0.15,0,0.85,0.15,0
2025/11/14 1:54,clusterB,0,4,2,2,0,0,0,1,0,0
2025/11/14 1:55,clusterA,0,4,3,1,0.19,0.15,0,0.85,0.15,0
2025/11/14 1:55,clusterB,0,4,2,2,0,0,0,1,0,0
2025/11/14 1:55,clusterA,0,4,3,1,0.2,0.15,0,0.85,0.15,0
2025/11/14 1:55,clusterB,0,4,2,2,0,0,0,1,0,0
2025/11/14 1:55,clusterA,0,4,3,1,0.19,0.15,0,0.85,0.15,0
2025/11/14 1:55,clusterB,0,4,2,2,0,0,0,1,0,0
2025/11/14 1:55,clusterA,0,4,3,1,0.19,0.15,0,0.85,0.15,0
2025/11/14 1:55,clusterB,0,4,2,2,0,0,0,1,0,0
2025/11/14 1:55,clusterA,0,4,3,1,0.19,0.15,0,0.85,0.15,0
2025/11/14 1:55,clusterB,0,4,2,2,0,0,0,1,0,0
2025/11/14 1:55,clusterA,0,4,3,1,0.21,0.15,0,0.85,0.15,0
2025/11/14 1:55,clusterB,0,4,2,2,0,0,0,1,0,0
2025/11/14 1:55,clusterA,0,4,3,1,0.21,0.15,0,0.85,0.15,0
2025/11/14 1:55,clusterB,0,4,2,2,0,0,0,1,0,0
2025/11/14 1:55,clusterA,0,4,3,1,0.2,0.15,0,0.85,0.15,0
2025/11/14 1:55,clusterB,0,4,2,2,0,0,0,1,0,0
2025/11/14 1:55,clusterA,0,4,3,1,0.22,0.14,0,0.86,0.14,0
2025/11/14 1:55,clusterB,0,4,2,2,0,0,0,1,0,0
2025/11/14 1:55,clusterA,0,4,3,1,0.2,0.14,0,0.86,0.14,0
2025/11/14 1:55,clusterB,0,4,2,2,0,0,0,1,0,0
2025/11/14 1:55,clusterA,0,4,3,1,0.22,0.15,0,0.85,0.15,0
2025/11/14 1:55,clusterB,0,4,2,2,0,0,0,1,0,0
2025/11/14 1:55,clusterA,0,4,3,1,0.23,0.14,0,0.86,0.14,0
2025/11/14 1:55,clusterB,0,4,2,2,0,0,0,1,0,0
2025/11/14 1:56,clusterA,0,4,3,1,0.22,0.14,0,0.86,0.14,0
2025/11/14 1:56,clusterB,0,4,2,2,0,0,0,1,0,0
2025/11/14 1:56,clusterA,0,4,3,1,0.22,0.15,0,0.85,0.15,0
2025/11/14 1:56,clusterB,0,4,2,2,0,0,0,1,0,0
2025/11/14 1:56,clusterA,0,4,3,1,0.22,0.15,0,0.85,0.15,0
2025/11/14 1:56,clusterB,0,4,2,2,0,0,0,1,0,0
2025/11/14 1:56,clusterA,0,4,3,1,0.22,0.15,0,0.85,0.15,0
2025/11/14 1:56,clusterB,0,4,2,2,0,0,0,1,0,0
2025/11/14 1:56,clusterA,0,4,3,1,0.22,0.15,0,0.85,0.15,0
2025/11/14 1:56,clusterB,0,4,2,2,0,0,0,1,0,0
2025/11/14 1:56,clusterA,0,4,3,1,0.2,0.15,0,0.85,0.15,0
2025/11/14 1:56,clusterB,0,4,2,2,0,0,0,1,0,0
2025/11/14 1:56,clusterA,0,4,3,1,0.2,0.15,0,0.85,0.15,0
2025/11/14 1:56,clusterB,0,4,2,2,0,0,0,1,0,0
2025/11/14 1:56,clusterA,0,4,3,1,0.21,0.15,0,0.85,0.15,0
2025/11/14 1:56,clusterB,0,4,2,2,0,0,0,1,0,0
2025/11/14 1:56,clusterA,0,4,1,3,0.19,0.14,0,0.86,0.14,0
2025/11/14 1:56,clusterB,0,4,2,2,0,0,0,1,0,0
2025/11/14 1:56,clusterA,0,4,1,3,0.19,0.14,0,0.86,0.14,0
2025/11/14 1:56,clusterB,0,4,2,2,0,0,0,1,0,0
2025/11/14 1:56,clusterA,0,4,1,3,0.17,0.13,0,0.87,0.13,0
2025/11/14 1:56,clusterB,0,4,2,2,0,0,0,1,0,0
2025/11/14 1:56,clusterA,0,4,1,3,0.16,0.13,0,0.87,0.13,0
2025/11/14 1:56,clusterB,0,4,2,2,0,0,0,1,0,0
2025/11/14 1:57,clusterA,0,4,1,3,0.15,0.12,0,0.88,0.12,0
2025/11/14 1:57,clusterB,0,4,2,2,0,0,0,1,0,0
2025/11/14 1:57,clusterA,0,4,1,3,0.13,0.12,0,0.88,0.12,0
2025/11/14 1:57,clusterB,0,4,2,2,0,0,0,1,0,0
2025/11/14 1:57,clusterA,0,4,1,3,0.13,0.11,0,0.89,0.11,0
2025/11/14 1:57,clusterB,0,4,2,2,0,0,0,1,0,0
2025/11/14 1:57,clusterA,0,4,1,3,0.11,0.11,0,0.89,0.11,0
2025/11/14 1:57,clusterB,0,4,2,2,0,0,0,1,0,0
2025/11/14 1:57,clusterA,0,4,1,3,0.11,0.1,0,0.9,0.1,0
2025/11/14 1:57,clusterB,0,4,2,2,0,0,0,1,0,0
2025/11/14 1:57,clusterA,0,4,1,3,0.11,0.1,0,0.9,0.1,0
2025/11/14 1:57,clusterB,0,4,2,2,0,0,0,1,0,0
2025/11/14 1:57,clusterA,0,4,1,3,0.1,0.09,0,0.91,0.09,0
2025/11/14 1:57,clusterB,0,4,2,2,0,0,0,1,0,0
2025/11/14 1:57,clusterA,0,4,1,3,0.09,0.08,0,0.92,0.08,0
2025/11/14 1:57,clusterB,0,4,2,2,0,0,0,1,0,0
2025/11/14 1:57,clusterA,0,4,1,3,0.09,0.08,0,0.92,0.08,0
2025/11/14 1:57,clusterB,0,4,2,2,0,0,0,1,0,0
2025/11/14 1:57,clusterA,0,4,1,3,0.09,0.08,0,0.92,0.08,0
2025/11/14 1:57,clusterB,0,4,2,2,0,0,0,1,0,0
2025/11/14 1:57,clusterA,0,4,1,3,0.09,0.08,0,0.92,0.08,0
2025/11/14 1:57,clusterB,0,4,2,2,0,0,0,1,0,0
2025/11/14 1:57,clusterA,0,4,1,3,0.09,0.08,0,0.92,0.08,0
2025/11/14 1:57,clusterB,0,4,2,2,0,0,0,1,0,0
2025/11/14 1:58,clusterA,0,4,1,3,0.09,0.08,0,0.92,0.08,0
2025/11/14 1:58,clusterB,0,4,2,2,0,0,0,1,0,0
2025/11/14 1:58,clusterA,0,4,1,3,0.09,0.08,0,0.92,0.08,0
2025/11/14 1:58,clusterB,0,4,2,2,0,0,0,1,0,0
2025/11/14 1:58,clusterA,0,4,1,3,0.1,0.08,0,0.92,0.08,0
2025/11/14 1:58,clusterB,0,4,2,2,0,0,0,1,0,0
2025/11/14 1:58,clusterA,0,4,1,3,0.11,0.08,0,0.92,0.08,0
2025/11/14 1:58,clusterB,0,4,2,2,0,0,0,1,0,0
2025/11/14 1:58,clusterA,0,4,1,3,0.11,0.08,0,0.92,0.08,0
2025/11/14 1:58,clusterB,0,4,2,2,0,0,0,1,0,0
2025/11/14 1:58,clusterA,0,4,1,3,0.11,0.08,0,0.92,0.08,0
2025/11/14 1:58,clusterB,0,4,2,2,0,0,0,1,0,0
2025/11/14 1:58,clusterA,0,4,1,3,0.1,0.08,0,0.92,0.08,0
2025/11/14 1:58,clusterB,0,4,2,2,0,0,0,1,0,0
2025/11/14 1:58,clusterA,0,4,1,3,0.1,0.08,0,0.92,0.08,0
2025/11/14 1:58,clusterB,0,4,2,2,0,0,0,1,0,0
2025/11/14 1:58,clusterA,0,4,1,3,0.1,0.08,0,0.92,0.08,0
2025/11/14 1:58,clusterB,0,4,2,2,0,0,0,1,0,0
2025/11/14 1:58,clusterA,0,4,1,3,0.1,0.08,0,0.92,0.08,0
2025/11/14 1:58,clusterB,0,4,2,2,0,0,0,1,0,0
2025/11/14 1:58,clusterA,0,4,1,3,0.1,0.08,0,0.92,0.08,0
2025/11/14 1:58,clusterB,0,4,2,2,0,0,0,1,0,0
2025/11/14 1:58,clusterA,0,4,1,3,0.1,0.08,0,0.92,0.08,0
2025/11/14 1:58,clusterB,0,4,2,2,0,0,0,1,0,0
2025/11/14 1:59,clusterA,0,4,1,3,0.1,0.08,0,0.92,0.08,0
2025/11/14 1:59,clusterB,0,4,2,2,0,0,0,1,0,0
2025/11/14 1:59,clusterA,0,4,1,3,0.1,0.08,0,0.92,0.08,0
2025/11/14 1:59,clusterB,0,4,2,2,0,0,0,1,0,0
2025/11/14 1:59,clusterA,0,4,1,3,0.09,0.08,0,0.92,0.08,0
2025/11/14 1:59,clusterB,0,4,2,2,0,0,0,1,0,0
2025/11/14 1:59,clusterA,0,4,1,3,0.08,0.08,0,0.92,0.08,0
2025/11/14 1:59,clusterB,0,4,2,2,0,0,0,1,0,0
2025/11/14 1:59,clusterA,0,4,1,3,0.08,0.08,0,0.92,0.08,0
2025/11/14 1:59,clusterB,0,4,2,2,0,0,0,1,0,0
2025/11/14 1:59,clusterA,0,4,1,3,0.08,0.08,0,0.92,0.08,0
2025/11/14 1:59,clusterB,0,4,2,2,0,0,0,1,0,0
2025/11/14 1:59,clusterA,0,4,1,3,0.09,0.08,0,0.92,0.08,0
2025/11/14 1:59,clusterB,0,4,2,2,0,0,0,1,0,0
2025/11/14 1:59,clusterA,0,4,1,3,0.09,0.08,0,0.92,0.08,0
2025/11/14 1:59,clusterB,0,4,2,2,0,0,0,1,0,0
2025/11/14 1:59,clusterA,0,4,1,3,0.09,0.08,0,0.92,0.08,0
2025/11/14 1:59,clusterB,0,4,2,2,0,0,0,1,0,0
2025/11/14 1:59,clusterA,0,4,1,3,0.09,0.08,0,0.92,0.08,0
2025/11/14 1:59,clusterB,0,4,2,2,0,0,0,1,0,0
2025/11/14 1:59,clusterA,0,4,1,3,0.09,0.08,0,0.92,0.08,0
2025/11/14 1:59,clusterB,0,4,2,2,0,0,0,1,0,0
2025/11/14 1:59,clusterA,0,4,1,3,0.09,0.08,0,0.92,0.08,0
2025/11/14 1:59,clusterB,0,4,2,2,0,0,0,1,0,0
2025/11/14 2:00,clusterA,0,4,1,3,0.09,0.08,0,0.92,0.08,0
2025/11/14 2:00,clusterB,0,4,2,2,0,0,0,1,0,0
2025/11/14 2:00,clusterA,0,4,1,3,0.09,0.08,0,0.92,0.08,0
2025/11/14 2:00,clusterB,0,4,2,2,0,0,0,1,0,0
2025/11/14 2:00,clusterA,0,4,1,3,0.09,0.08,0,0.92,0.08,0
2025/11/14 2:00,clusterB,0,4,2,2,0,0,0,1,0,0
2025/11/14 2:00,clusterA,0,4,1,3,0.09,0.08,0,0.92,0.08,0
2025/11/14 2:00,clusterB,0,4,2,2,0,0,0,1,0,0
2025/11/14 2:00,clusterA,0,4,1,3,0.09,0.08,0,0.92,0.08,0
2025/11/14 2:00,clusterB,0,4,2,2,0,0,0,1,0,0
2025/11/14 2:00,clusterA,0,4,1,3,0.09,0.08,0,0.92,0.08,0
2025/11/14 2:00,clusterB,0,4,2,2,0,0,0,1,0,0
2025/11/14 2:00,clusterA,0,4,1,3,0.09,0.08,0,0.92,0.08,0
2025/11/14 2:00,clusterB,0,4,2,2,0,0,0,1,0,0
2025/11/14 2:00,clusterA,0,4,1,3,0.09,0.08,0,0.92,0.08,0
2025/11/14 2:00,clusterB,0,4,2,2,0,0,0,1,0,0
2025/11/14 2:00,clusterA,0,4,1,3,0.08,0.08,0,0.92,0.08,0
2025/11/14 2:00,clusterB,0,4,2,2,0,0,0,1,0,0
2025/11/14 2:00,clusterA,0,4,1,3,0.08,0.08,0,0.92,0.08,0
2025/11/14 2:00,clusterB,0,4,2,2,0,0,0,1,0,0
2025/11/14 2:00,clusterA,0,4,1,3,0.08,0.08,0,0.92,0.08,0
2025/11/14 2:00,clusterB,0,4,2,2,0,0,0,1,0,0
2025/11/14 2:00,clusterA,0,4,1,3,0.08,0.08,0,0.92,0.08,0
2025/11/14 2:00,clusterB,0,4,2,2,0,0,0,1,0,0
2025/11/14 2:01,clusterA,0,4,1,3,0.08,0.08,0,0.92,0.08,0
2025/11/14 2:01,clusterB,0,4,2,2,0,0,0,1,0,0
2025/11/14 2:01,clusterA,0,4,1,3,0.08,0.08,0,0.92,0.08,0
2025/11/14 2:01,clusterB,0,4,2,2,0,0,0,1,0,0
2025/11/14 2:01,clusterA,0,4,1,3,0.08,0.08,0,0.92,0.08,0
2025/11/14 2:01,clusterB,0,4,2,2,0,0,0,1,0,0
2025/11/14 2:01,clusterA,0,4,1,3,0.08,0.08,0,0.92,0.08,0
2025/11/14 2:01,clusterB,0,4,2,2,0,0,0,1,0,0
2025/11/14 2:01,clusterA,0,4,1,3,0.08,0.08,0,0.92,0.08,0
2025/11/14 2:01,clusterB,0,4,2,2,0,0,0,1,0,0
2025/11/14 2:01,clusterA,0,4,1,3,0.08,0.08,0,0.92,0.08,0
2025/11/14 2:01,clusterB,0,4,2,2,0,0,0,1,0,0
2025/11/14 2:01,clusterA,0,4,1,3,0.08,0.08,0,0.92,0.08,0
2025/11/14 2:01,clusterB,0,4,2,2,0,0,0,1,0,0
2025/11/14 2:01,clusterA,0,4,1,3,0.08,0.08,0,0.92,0.08,0
2025/11/14 2:01,clusterB,0,4,2,2,0,0,0,1,0,0
2025/11/14 2:01,clusterA,0,4,1,3,0.08,0.08,0,0.92,0.08,0
2025/11/14 2:01,clusterB,0,4,2,2,0,0,0,1,0,0
2025/11/14 2:01,clusterA,0,4,1,3,0.09,0.08,0,0.92,0.08,0
2025/11/14 2:01,clusterB,0,4,2,2,0,0,0,1,0,0
2025/11/14 2:01,clusterA,0,4,1,3,0.09,0.08,0,0.92,0.08,0
2025/11/14 2:01,clusterB,0,4,2,2,0,0,0,1,0,0
2025/11/14 2:01,clusterA,0,4,1,3,0.09,0.08,0,0.92,0.08,0
2025/11/14 2:01,clusterB,0,4,2,2,0,0,0,1,0,0
2025/11/14 2:02,clusterA,0,4,1,3,0.09,0.08,0,0.92,0.08,0
2025/11/14 2:02,clusterB,0,4,2,2,0,0,0,1,0,0
2025/11/14 2:02,clusterA,0,4,1,3,0.09,0.08,0,0.92,0.08,0
2025/11/14 2:02,clusterB,0,4,2,2,0,0,0,1,0,0
2025/11/14 2:02,clusterA,0,4,1,3,0.09,0.08,0,0.92,0.08,0
2025/11/14 2:02,clusterB,0,4,2,2,0,0,0,1,0,0
2025/11/14 2:02,clusterA,0,4,1,3,0.09,0.08,0,0.92,0.08,0
2025/11/14 2:02,clusterB,0,4,2,2,0,0,0,1,0,0
2025/11/14 2:02,clusterA,0,4,1,3,0.09,0.08,0,0.92,0.08,0
2025/11/14 2:02,clusterB,0,4,2,2,0,0,0,1,0,0
2025/11/14 2:02,clusterA,0,4,1,3,0.09,0.08,0,0.92,0.08,0
2025/11/14 2:02,clusterB,0,4,2,2,0,0,0,1,0,0
2025/11/14 2:02,clusterA,0,4,1,3,0.09,0.08,0,0.92,0.08,0
2025/11/14 2:02,clusterB,0,4,2,2,0,0,0,1,0,0
2025/11/14 2:02,clusterA,0,4,1,3,0.09,0.08,0,0.92,0.08,0
2025/11/14 2:02,clusterB,0,4,2,2,0,0,0,1,0,0
2025/11/14 2:02,clusterA,0,4,1,3,0.09,0.08,0,0.92,0.08,0
2025/11/14 2:02,clusterB,0,4,2,2,0,0,0,1,0,0
2025/11/14 2:02,clusterA,0,4,1,3,0.09,0.08,0,0.92,0.08,0
2025/11/14 2:02,clusterB,0,4,2,2,0,0,0,1,0,0
2025/11/14 2:02,clusterA,0,4,1,3,0.09,0.08,0,0.92,0.08,0
2025/11/14 2:02,clusterB,0,4,2,2,0,0,0,1,0,0
2025/11/14 2:02,clusterA,0,4,1,3,0.08,0.08,0,0.92,0.08,0
2025/11/14 2:02,clusterB,0,4,2,2,0,0,0,1,0,0
2025/11/14 2:03,clusterA,0,4,1,3,0.08,0.08,0,0.92,0.08,0
2025/11/14 2:03,clusterB,0,4,2,2,0,0,0,1,0,0
2025/11/14 2:03,clusterA,0,4,1,3,0.08,0.08,0,0.92,0.08,0
2025/11/14 2:03,clusterB,0,4,2,2,0,0,0,1,0,0
2025/11/14 2:03,clusterA,0,4,1,3,0.08,0.08,0,0.92,0.08,0
2025/11/14 2:03,clusterB,0,4,2,2,0,0,0,1,0,0
2025/11/14 2:03,clusterA,0,4,1,3,0.09,0.08,0,0.92,0.08,0
2025/11/14 2:03,clusterB,0,4,2,2,0,0,0,1,0,0
2025/11/14 2:03,clusterA,0,4,1,3,0.09,0.08,0,0.92,0.08,0
2025/11/14 2:03,clusterB,0,4,2,2,0,0,0,1,0,0
2025/11/14 2:03,clusterA,0,4,1,3,0.09,0.08,0,0.92,0.08,0
2025/11/14 2:03,clusterB,0,4,2,2,0,0,0,1,0,0
2025/11/14 2:03,clusterA,0,4,1,3,0.09,0.08,0,0.92,0.08,0
2025/11/14 2:03,clusterB,0,4,2,2,0,0,0,1,0,0
2025/11/14 2:03,clusterA,0,4,1,3,0.08,0.08,0,0.92,0.08,0
2025/11/14 2:03,clusterB,0,4,2,2,0,0,0,1,0,0
2025/11/14 2:03,clusterA,0,4,1,3,0.09,0.08,0,0.92,0.08,0
2025/11/14 2:03,clusterB,0,4,2,2,0,0,0,1,0,0
2025/11/14 2:03,clusterA,0,4,1,3,0.09,0.08,0,0.92,0.08,0
2025/11/14 2:03,clusterB,0,4,2,2,0,0,0,1,0,0
2025/11/14 2:03,clusterA,0,4,1,3,0.09,0.08,0,0.92,0.08,0
2025/11/14 2:03,clusterB,0,4,2,2,0,0,0,1,0,0
2025/11/14 2:03,clusterA,0,4,1,3,0.09,0.08,0,0.92,0.08,0
2025/11/14 2:03,clusterB,0,4,2,2,0,0,0,1,0,0
2025/11/14 2:04,clusterA,0,4,1,3,0.09,0.08,0,0.92,0.08,0
2025/11/14 2:04,clusterB,0,4,2,2,0,0,0,1,0,0
2025/11/14 2:04,clusterA,0,4,1,3,0.09,0.08,0,0.92,0.08,0
2025/11/14 2:04,clusterB,0,4,2,2,0,0,0,1,0,0
2025/11/14 2:04,clusterA,0,4,1,3,0.09,0.08,0,0.92,0.08,0
2025/11/14 2:04,clusterB,0,4,2,2,0,0,0,1,0,0
2025/11/14 2:04,clusterA,0,4,1,3,0.09,0.08,0,0.92,0.08,0
2025/11/14 2:04,clusterB,0,4,2,2,0,0,0,1,0,0
2025/11/14 2:04,clusterA,0,4,1,3,0.09,0.08,0,0.92,0.08,0
2025/11/14 2:04,clusterB,0,4,2,2,0,0,0,1,0,0
2025/11/14 2:04,clusterA,0,4,1,3,0.09,0.08,0,0.92,0.08,0
2025/11/14 2:04,clusterB,0,4,2,2,0,0,0,1,0,0
2025/11/14 2:04,clusterA,0,4,1,3,0.09,0.08,0,0.92,0.08,0
2025/11/14 2:04,clusterB,0,4,2,2,0,0,0,1,0,0
2025/11/14 2:04,clusterA,0,4,1,3,0.09,0.08,0,0.92,0.08,0
2025/11/14 2:04,clusterB,0,4,2,2,0,0,0,1,0,0
2025/11/14 2:04,clusterA,0,4,1,3,0.09,0.08,0,0.92,0.08,0
2025/11/14 2:04,clusterB,0,4,2,2,0,0,0,1,0,0
2025/11/14 2:04,clusterA,0,4,1,3,0.08,0.08,0,0.92,0.08,0
2025/11/14 2:04,clusterB,0,4,2,2,0,0,0,1,0,0
2025/11/14 2:04,clusterA,0,4,1,3,0.09,0.08,0,0.92,0.08,0
2025/11/14 2:04,clusterB,0,4,2,2,0,0,0,1,0,0
2025/11/14 2:04,clusterA,0,4,1,3,0.09,0.08,0,0.92,0.08,0
2025/11/14 2:04,clusterB,0,4,2,2,0,0,0,1,0,0
2025/11/14 2:05,clusterA,0,4,1,3,0.09,0.08,0,0.92,0.08,0
2025/11/14 2:05,clusterB,0,4,2,2,0,0,0,1,0,0
2025/11/14 2:05,clusterA,0,4,1,3,0.08,0.08,0,0.92,0.08,0
2025/11/14 2:05,clusterB,0,4,2,2,0,0,0,1,0,0
2025/11/14 2:05,clusterA,0,4,1,3,0.08,0.08,0,0.92,0.08,0
2025/11/14 2:05,clusterB,0,4,2,2,0,0,0,1,0,0
2025/11/14 2:05,clusterA,0,4,1,3,0.08,0.08,0,0.92,0.08,0
2025/11/14 2:05,clusterB,0,4,2,2,0,0,0,1,0,0
2025/11/14 2:05,clusterA,0,4,1,3,0.08,0.08,0,0.92,0.08,0
2025/11/14 2:05,clusterB,0,4,2,2,0,0,0,1,0,0
2025/11/14 2:05,clusterA,0,4,1,3,0.08,0.08,0,0.92,0.08,0
2025/11/14 2:05,clusterB,0,4,2,2,0,0,0,1,0,0
2025/11/14 2:05,clusterA,0,4,1,3,0.08,0.08,0,0.92,0.08,0
2025/11/14 2:05,clusterB,0,4,2,2,0,0,0,1,0,0
2025/11/14 2:05,clusterA,0,4,1,3,0.08,0.08,0,0.92,0.08,0
2025/11/14 2:05,clusterB,0,4,2,2,0,0,0,1,0,0
2025/11/14 2:05,clusterA,0,4,1,3,0.09,0.08,0,0.92,0.08,0
2025/11/14 2:05,clusterB,0,4,2,2,0,0,0,1,0,0
2025/11/14 2:05,clusterA,0,4,1,3,0.09,0.08,0,0.92,0.08,0
2025/11/14 2:05,clusterB,0,4,2,2,0,0,0,1,0,0
2025/11/14 2:05,clusterA,0,4,1,3,0.09,0.08,0,0.92,0.08,0
2025/11/14 2:05,clusterB,0,4,2,2,0,0,0,1,0,0
2025/11/14 2:05,clusterA,0,4,1,3,0.09,0.08,0,0.92,0.08,0
2025/11/14 2:05,clusterB,0,4,2,2,0,0,0,1,0,0
2025/11/14 2:06,clusterA,0,4,1,3,0.09,0.08,0,0.92,0.08,0
2025/11/14 2:06,clusterB,0,4,2,2,0,0,0,1,0,0
2025/11/14 2:06,clusterA,0,4,1,3,0.09,0.08,0,0.92,0.08,0
2025/11/14 2:06,clusterB,0,4,2,2,0,0,0,1,0,0
2025/11/14 2:06,clusterA,0,4,1,3,0.1,0.08,0,0.92,0.08,0
2025/11/14 2:06,clusterB,0,4,2,2,0,0,0,1,0,0
2025/11/14 2:06,clusterA,0,4,1,3,0.1,0.08,0,0.92,0.08,0
2025/11/14 2:06,clusterB,0,4,2,2,0,0,0,1,0,0
2025/11/14 2:06,clusterA,0,4,1,3,0.1,0.08,0,0.92,0.08,0
2025/11/14 2:06,clusterB,0,4,2,2,0,0,0,1,0,0
2025/11/14 2:06,clusterA,0,4,1,3,0.09,0.08,0,0.92,0.08,0
2025/11/14 2:06,clusterB,0,4,2,2,0,0,0,1,0,0
2025/11/14 2:06,clusterA,0,4,1,3,0.09,0.08,0,0.92,0.08,0
2025/11/14 2:06,clusterB,0,4,2,2,0,0,0,1,0,0
2025/11/14 2:06,clusterA,0,4,1,3,0.09,0.08,0,0.92,0.08,0
2025/11/14 2:06,clusterB,0,4,2,2,0,0,0,1,0,0
2025/11/14 2:06,clusterA,0,4,1,3,0.09,0.08,0,0.92,0.08,0
2025/11/14 2:06,clusterB,0,4,2,2,0,0,0,1,0,0
2025/11/14 2:06,clusterA,0,4,1,3,0.09,0.08,0,0.92,0.08,0
2025/11/14 2:06,clusterB,0,4,2,2,0,0,0,1,0,0
2025/11/14 2:06,clusterA,0,4,1,3,0.09,0.08,0,0.92,0.08,0
2025/11/14 2:06,clusterB,0,4,2,2,0,0,0,1,0,0
2025/11/14 2:06,clusterA,0,4,1,3,0.09,0.08,0,0.92,0.08,0
2025/11/14 2:06,clusterB,0,4,2,2,0,0,0,1,0,0
2025/11/14 2:07,clusterA,0,4,1,3,0.09,0.08,0,0.92,0.08,0
2025/11/14 2:07,clusterB,0,4,2,2,0,0,0,1,0,0
2025/11/14 2:07,clusterA,0,4,1,3,0.09,0.08,0,0.92,0.08,0
2025/11/14 2:07,clusterB,0,4,2,2,0,0,0,1,0,0
2025/11/14 2:07,clusterA,0,4,1,3,0.09,0.08,0,0.92,0.08,0
2025/11/14 2:07,clusterB,0,4,2,2,0,0,0,1,0,0
2025/11/14 2:07,clusterA,0,4,1,3,0.08,0.08,0,0.92,0.08,0
2025/11/14 2:07,clusterB,0,4,2,2,0,0,0,1,0,0
2025/11/14 2:07,clusterA,0,4,1,3,0.08,0.08,0,0.92,0.08,0
2025/11/14 2:07,clusterB,0,4,2,2,0,0,0,1,0,0
2025/11/14 2:07,clusterA,0,4,1,3,0.08,0.07,0,0.93,0.07,0
2025/11/14 2:07,clusterB,0,4,2,2,0,0,0,1,0,0
2025/11/14 2:07,clusterA,0,4,1,3,0.08,0.07,0,0.93,0.07,0
2025/11/14 2:07,clusterB,0,4,2,2,0,0,0,1,0,0
2025/11/14 2:07,clusterA,0,4,1,3,0.08,0.08,0,0.92,0.08,0
2025/11/14 2:07,clusterB,0,4,2,2,0,0,0,1,0,0
2025/11/14 2:07,clusterA,0,4,1,3,0.08,0.08,0,0.92,0.08,0
2025/11/14 2:07,clusterB,0,4,2,2,0,0,0,1,0,0
2025/11/14 2:07,clusterA,0,4,1,3,0.08,0.08,0,0.92,0.08,0
2025/11/14 2:07,clusterB,0,4,2,2,0,0,0,1,0,0
2025/11/14 2:07,clusterA,0,4,1,3,0.08,0.08,0,0.92,0.08,0
2025/11/14 2:07,clusterB,0,4,2,2,0,0,0,1,0,0
2025/11/14 2:07,clusterA,0,4,1,3,0.08,0.08,0,0.92,0.08,0
2025/11/14 2:07,clusterB,0,4,2,2,0,0,0,1,0,0
2025/11/14 2:08,clusterA,0,4,1,3,0.08,0.08,0,0.92,0.08,0
2025/11/14 2:08,clusterB,0,4,2,2,0,0,0,1,0,0
2025/11/14 2:08,clusterA,0,4,1,3,0.09,0.08,0,0.92,0.08,0
2025/11/14 2:08,clusterB,0,4,2,2,0,0,0,1,0,0
2025/11/14 2:08,clusterA,0,4,1,3,0.09,0.08,0,0.92,0.08,0
2025/11/14 2:08,clusterB,0,4,2,2,0,0,0,1,0,0
2025/11/14 2:08,clusterA,0,4,1,3,0.09,0.08,0,0.92,0.08,0
2025/11/14 2:08,clusterB,0,4,2,2,0,0,0,1,0,0
2025/11/14 2:08,clusterA,0,4,1,3,0.09,0.08,0,0.92,0.08,0
2025/11/14 2:08,clusterB,0,4,2,2,0,0,0,1,0,0
2025/11/14 2:08,clusterA,0,4,1,3,0.09,0.08,0,0.92,0.08,0
2025/11/14 2:08,clusterB,0,4,2,2,0,0,0,1,0,0
2025/11/14 2:08,clusterA,0,4,1,3,0.09,0.08,0,0.92,0.08,0
2025/11/14 2:08,clusterB,0,4,2,2,0,0,0,1,0,0
2025/11/14 2:08,clusterA,0,4,1,3,0.09,0.08,0,0.92,0.08,0
2025/11/14 2:08,clusterB,0,4,2,2,0,0,0,1,0,0
2025/11/14 2:08,clusterA,0,4,1,3,0.09,0.08,0,0.92,0.08,0
2025/11/14 2:08,clusterB,0,4,2,2,0,0,0,1,0,0
2025/11/14 2:08,clusterA,0,4,1,3,0.09,0.08,0,0.92,0.08,0
2025/11/14 2:08,clusterB,0,4,2,2,0,0,0,1,0,0
2025/11/14 2:08,clusterA,0,4,1,3,0.09,0.08,0,0.92,0.08,0
2025/11/14 2:08,clusterB,0,4,2,2,0,0,0,1,0,0
2025/11/14 2:08,clusterA,0,4,1,3,0.09,0.08,0,0.92,0.08,0
2025/11/14 2:08,clusterB,0,4,2,2,0,0,0,1,0,0
2025/11/14 2:09,clusterA,0,4,1,3,0.1,0.08,0,0.92,0.08,0
2025/11/14 2:09,clusterB,0,4,2,2,0,0,0,1,0,0
2025/11/14 2:09,clusterA,0,4,1,3,0.11,0.08,0,0.92,0.08,0
2025/11/14 2:09,clusterB,0,4,2,2,0,0,0,1,0,0
2025/11/14 2:09,clusterA,0,4,1,3,0.11,0.08,0,0.92,0.08,0
2025/11/14 2:09,clusterB,0,4,2,2,0,0,0,1,0,0
2025/11/14 2:09,clusterA,0,4,1,3,0.1,0.08,0,0.92,0.08,0
2025/11/14 2:09,clusterB,0,4,2,2,0,0,0,1,0,0
2025/11/14 2:09,clusterA,0,4,1,3,0.1,0.08,0,0.92,0.08,0
2025/11/14 2:09,clusterB,0,4,2,2,0,0,0,1,0,0
2025/11/14 2:09,clusterA,0,4,1,3,0.1,0.08,0,0.92,0.08,0
2025/11/14 2:09,clusterB,0,4,2,2,0,0,0,1,0,0
2025/11/14 2:09,clusterA,0,4,1,3,0.1,0.08,0,0.92,0.08,0
2025/11/14 2:09,clusterB,0,4,2,2,0,0,0,1,0,0
2025/11/14 2:09,clusterA,0,4,1,3,0.1,0.08,0,0.92,0.08,0
2025/11/14 2:09,clusterB,0,4,2,2,0,0,0,1,0,0
2025/11/14 2:09,clusterA,0,4,1,3,0.1,0.08,0,0.92,0.08,0
2025/11/14 2:09,clusterB,0,4,2,2,0,0,0,1,0,0
2025/11/14 2:09,clusterA,0,4,1,3,0.11,0.08,0,0.92,0.08,0
2025/11/14 2:09,clusterB,0,4,2,2,0,0,0,1,0,0
2025/11/14 2:09,clusterA,0,4,1,3,0.11,0.08,0,0.92,0.08,0
2025/11/14 2:09,clusterB,0,4,2,2,0,0,0,1,0,0
2025/11/14 2:09,clusterA,0,4,1,3,0.11,0.08,0,0.92,0.08,0
2025/11/14 2:09,clusterB,0,4,2,2,0,0,0,1,0,0
2025/11/14 2:10,clusterA,0,4,1,3,0.1,0.08,0,0.92,0.08,0
2025/11/14 2:10,clusterB,0,4,2,2,0,0,0,1,0,0
2025/11/14 2:10,clusterA,0,4,1,3,0.09,0.08,0,0.92,0.08,0
2025/11/14 2:10,clusterB,0,4,2,2,0,0,0,1,0,0
2025/11/14 2:10,clusterA,0,4,1,3,0.09,0.08,0,0.92,0.08,0
2025/11/14 2:10,clusterB,0,4,2,2,0,0,0,1,0,0
2025/11/14 2:10,clusterA,0,4,1,3,0.09,0.08,0,0.92,0.08,0
2025/11/14 2:10,clusterB,0,4,2,2,0,0,0,1,0,0
2025/11/14 2:10,clusterA,0,4,1,3,0.1,0.08,0,0.92,0.08,0
2025/11/14 2:10,clusterB,0,4,2,2,0,0,0,1,0,0
2025/11/14 2:10,clusterA,0,4,1,3,0.1,0.08,0,0.92,0.08,0
2025/11/14 2:10,clusterB,0,4,2,2,0,0,0,1,0,0
2025/11/14 2:10,clusterA,0,4,1,3,0.1,0.08,0,0.92,0.08,0
2025/11/14 2:10,clusterB,0,4,2,2,0,0,0,1,0,0
2025/11/14 2:10,clusterA,0,4,1,3,0.1,0.08,0,0.92,0.08,0
2025/11/14 2:10,clusterB,0,4,2,2,0,0,0,1,0,0
2025/11/14 2:10,clusterA,0,4,1,3,0.1,0.08,0,0.92,0.08,0
2025/11/14 2:10,clusterB,0,4,2,2,0,0,0,1,0,0
2025/11/14 2:10,clusterA,0,4,1,3,0.1,0.08,0,0.92,0.08,0
2025/11/14 2:10,clusterB,0,4,2,2,0,0,0,1,0,0
2025/11/14 2:10,clusterA,0,4,1,3,0.09,0.08,0,0.92,0.08,0
2025/11/14 2:10,clusterB,0,4,2,2,0,0,0,1,0,0
2025/11/14 2:10,clusterA,0,4,1,3,0.09,0.08,0,0.92,0.08,0
2025/11/14 2:10,clusterB,0,4,2,2,0,0,0,1,0,0
2025/11/14 2:11,clusterA,0,4,1,3,0.09,0.08,0,0.92,0.08,0
2025/11/14 2:11,clusterB,0,4,2,2,0,0,0,1,0,0
2025/11/14 2:11,clusterA,0,4,1,3,0.09,0.08,0,0.92,0.08,0
2025/11/14 2:11,clusterB,0,4,2,2,0,0,0,1,0,0
2025/11/14 2:11,clusterA,0,4,1,3,0.09,0.08,0,0.92,0.08,0
2025/11/14 2:11,clusterB,0,4,2,2,0,0,0,1,0,0
2025/11/14 2:11,clusterA,0,4,1,3,0.09,0.08,0,0.92,0.08,0
2025/11/14 2:11,clusterB,0,4,2,2,0,0,0,1,0,0
2025/11/14 2:11,clusterA,0,4,1,3,0.08,0.08,0,0.92,0.08,0
2025/11/14 2:11,clusterB,0,4,2,2,0,0,0,1,0,0
2025/11/14 2:11,clusterA,0,4,1,3,0.08,0.08,0,0.92,0.08,0
2025/11/14 2:11,clusterB,0,4,2,2,0,0,0,1,0,0
2025/11/14 2:11,clusterA,0,4,1,3,0.08,0.08,0,0.92,0.08,0
2025/11/14 2:11,clusterB,0,4,2,2,0,0,0,1,0,0
2025/11/14 2:11,clusterA,0,4,1,3,0.08,0.08,0,0.92,0.08,0
2025/11/14 2:11,clusterB,0,4,2,2,0,0,0,1,0,0
2025/11/14 2:11,clusterA,0,4,1,3,0.08,0.08,0,0.92,0.08,0
2025/11/14 2:11,clusterB,0,4,2,2,0,0,0,1,0,0
2025/11/14 2:11,clusterA,0,4,1,3,0.08,0.08,0,0.92,0.08,0
2025/11/14 2:11,clusterB,0,4,2,2,0,0,0,1,0,0
2025/11/14 2:11,clusterA,0,4,1,3,0.08,0.08,0,0.92,0.08,0
2025/11/14 2:11,clusterB,0,4,2,2,0,0,0,1,0,0
2025/11/14 2:11,clusterA,0,4,1,3,0.08,0.08,0,0.92,0.08,0
2025/11/14 2:11,clusterB,0,4,2,2,0,0,0,1,0,0
2025/11/14 2:12,clusterA,0,4,1,3,0.08,0.08,0,0.92,0.08,0
2025/11/14 2:12,clusterB,0,4,2,2,0,0,0,1,0,0
2025/11/14 2:12,clusterA,0,4,1,3,0.08,0.08,0,0.92,0.08,0
2025/11/14 2:12,clusterB,0,4,2,2,0,0,0,1,0,0
2025/11/14 2:12,clusterA,0,4,1,3,0.08,0.08,0,0.92,0.08,0
2025/11/14 2:12,clusterB,0,4,2,2,0,0,0,1,0,0
2025/11/14 2:12,clusterA,0,4,1,3,0.09,0.08,0,0.92,0.08,0
2025/11/14 2:12,clusterB,0,4,2,2,0,0,0,1,0,0
2025/11/14 2:12,clusterA,0,4,1,3,0.09,0.08,0,0.92,0.08,0
2025/11/14 2:12,clusterB,0,4,2,2,0,0,0,1,0,0
2025/11/14 2:12,clusterA,0,4,1,3,0.09,0.08,0,0.92,0.08,0
2025/11/14 2:12,clusterB,0,4,2,2,0,0,0,1,0,0
2025/11/14 2:12,clusterA,0,4,1,3,0.09,0.08,0,0.92,0.08,0
2025/11/14 2:12,clusterB,0,4,2,2,0,0,0,1,0,0
2025/11/14 2:12,clusterA,0,4,1,3,0.09,0.08,0,0.92,0.08,0
2025/11/14 2:12,clusterB,0,4,2,2,0,0,0,1,0,0
2025/11/14 2:12,clusterA,0,4,1,3,0.09,0.08,0,0.92,0.08,0
2025/11/14 2:12,clusterB,0,4,2,2,0,0,0,1,0,0
2025/11/14 2:12,clusterA,0,4,1,3,0.09,0.08,0,0.92,0.08,0
2025/11/14 2:12,clusterB,0,4,2,2,0,0,0,1,0,0
2025/11/14 2:12,clusterA,0,4,1,3,0.09,0.08,0,0.92,0.08,0
2025/11/14 2:12,clusterB,0,4,2,2,0,0,0,1,0,0
2025/11/14 2:12,clusterA,0,4,1,3,0.09,0.08,0,0.92,0.08,0
2025/11/14 2:12,clusterB,0,4,2,2,0,0,0,1,0,0
2025/11/14 2:13,clusterA,0,4,1,3,0.09,0.08,0,0.92,0.08,0
2025/11/14 2:13,clusterB,0,4,2,2,0,0,0,1,0,0
2025/11/14 2:13,clusterA,0,4,1,3,0.09,0.08,0,0.92,0.08,0
2025/11/14 2:13,clusterB,0,4,2,2,0,0,0,1,0,0
2025/11/14 2:13,clusterA,0,4,1,3,0.09,0.08,0,0.92,0.08,0
2025/11/14 2:13,clusterB,0,4,2,2,0,0,0,1,0,0
2025/11/14 2:13,clusterA,0,4,1,3,0.09,0.08,0,0.92,0.08,0
2025/11/14 2:13,clusterB,0,4,2,2,0,0,0,1,0,0
2025/11/14 2:13,clusterA,0,4,1,3,0.09,0.08,0,0.92,0.08,0
2025/11/14 2:13,clusterB,0,4,2,2,0,0,0,1,0,0
2025/11/14 2:13,clusterA,0,4,1,3,0.09,0.08,0,0.92,0.08,0
2025/11/14 2:13,clusterB,0,4,2,2,0,0,0,1,0,0
2025/11/14 2:13,clusterA,0,4,1,3,0.08,0.08,0,0.92,0.08,0
2025/11/14 2:13,clusterB,0,4,2,2,0,0,0,1,0,0
2025/11/14 2:13,clusterA,0,4,1,3,0.08,0.08,0,0.92,0.08,0
2025/11/14 2:13,clusterB,0,4,2,2,0,0,0,1,0,0
2025/11/14 2:13,clusterA,0,4,1,3,0.08,0.08,0,0.92,0.08,0
2025/11/14 2:13,clusterB,0,4,2,2,0,0,0,1,0,0
2025/11/14 2:13,clusterA,0,4,1,3,0.08,0.08,0,0.92,0.08,0
2025/11/14 2:13,clusterB,0,4,2,2,0,0,0,1,0,0
2025/11/14 2:13,clusterA,0,4,1,3,0.08,0.08,0,0.92,0.08,0
2025/11/14 2:13,clusterB,0,4,2,2,0,0,0,1,0,0
2025/11/14 2:13,clusterA,0,4,1,3,0.08,0.08,0,0.92,0.08,0
2025/11/14 2:13,clusterB,0,4,2,2,0,0,0,1,0,0
2025/11/14 2:14,clusterA,0,4,1,3,0.08,0.08,0,0.92,0.08,0
2025/11/14 2:14,clusterB,0,4,2,2,0,0,0,1,0,0
2025/11/14 2:14,clusterA,0,4,1,3,0.08,0.08,0,0.92,0.08,0
2025/11/14 2:14,clusterB,0,4,2,2,0,0,0,1,0,0
2025/11/14 2:14,clusterA,0,4,1,3,0.08,0.08,0,0.92,0.08,0
2025/11/14 2:14,clusterB,0,4,2,2,0,0,0,1,0,0
2025/11/14 2:14,clusterA,0,4,1,3,0.08,0.08,0,0.92,0.08,0
2025/11/14 2:14,clusterB,0,4,2,2,0,0,0,1,0,0
2025/11/14 2:14,clusterA,0,4,1,3,0.08,0.08,0,0.92,0.08,0
2025/11/14 2:14,clusterB,0,4,2,2,0,0,0,1,0,0
2025/11/14 2:14,clusterA,0,4,1,3,0.09,0.08,0,0.92,0.08,0
2025/11/14 2:14,clusterB,0,4,2,2,0,0,0,1,0,0
2025/11/14 2:14,clusterA,0,4,1,3,0.09,0.08,0,0.92,0.08,0
2025/11/14 2:14,clusterB,0,4,2,2,0,0,0,1,0,0
2025/11/14 2:14,clusterA,0,4,1,3,0.09,0.08,0,0.92,0.08,0
2025/11/14 2:14,clusterB,0,4,2,2,0,0,0,1,0,0
2025/11/14 2:14,clusterA,0,4,1,3,0.09,0.08,0,0.92,0.08,0
2025/11/14 2:14,clusterB,0,4,2,2,0,0,0,1,0,0
2025/11/14 2:14,clusterA,0,4,1,3,0.09,0.08,0,0.92,0.08,0
2025/11/14 2:14,clusterB,0,4,2,2,0,0,0,1,0,0
2025/11/14 2:14,clusterA,0,4,1,3,0.09,0.08,0,0.92,0.08,0
2025/11/14 2:14,clusterB,0,4,2,2,0,0,0,1,0,0
2025/11/14 2:14,clusterA,0,4,1,3,0.09,0.08,0,0.92,0.08,0
2025/11/14 2:14,clusterB,0,4,2,2,0,0,0,1,0,0
2025/11/14 2:15,clusterA,0,4,1,3,0.09,0.08,0,0.92,0.08,0
2025/11/14 2:15,clusterB,0,4,2,2,0,0,0,1,0,0
2025/11/14 2:15,clusterA,0,4,1,3,0.1,0.08,0,0.92,0.08,0
2025/11/14 2:15,clusterB,0,4,2,2,0,0,0,1,0,0
2025/11/14 2:15,clusterA,0,4,1,3,0.09,0.08,0,0.92,0.08,0
2025/11/14 2:15,clusterB,0,4,2,2,0,0,0,1,0,0
2025/11/14 2:15,clusterA,0,4,1,3,0.09,0.08,0,0.92,0.08,0
2025/11/14 2:15,clusterB,0,4,2,2,0,0,0,1,0,0
2025/11/14 2:15,clusterA,0,4,1,3,0.09,0.08,0,0.92,0.08,0
2025/11/14 2:15,clusterB,0,4,2,2,0,0,0,1,0,0
2025/11/14 2:15,clusterA,0,4,1,3,0.09,0.08,0,0.92,0.08,0
2025/11/14 2:15,clusterB,0,4,2,2,0,0,0,1,0,0
2025/11/14 2:15,clusterA,0,4,1,3,0.09,0.08,0,0.92,0.08,0
2025/11/14 2:15,clusterB,0,4,2,2,0,0,0,1,0,0
2025/11/14 2:15,clusterA,0,4,1,3,0.08,0.08,0,0.92,0.08,0
2025/11/14 2:15,clusterB,0,4,2,2,0,0,0,1,0,0
2025/11/14 2:15,clusterA,0,4,1,3,0.08,0.08,0,0.92,0.08,0
2025/11/14 2:15,clusterB,0,4,2,2,0,0,0,1,0,0
2025/11/14 2:15,clusterA,0,4,1,3,0.08,0.08,0,0.92,0.08,0
2025/11/14 2:15,clusterB,0,4,2,2,0,0,0,1,0,0
2025/11/14 2:15,clusterA,0,4,1,3,0.08,0.08,0,0.92,0.08,0
2025/11/14 2:15,clusterB,0,4,2,2,0,0,0,1,0,0
2025/11/14 2:15,clusterA,0,4,1,3,0.08,0.08,0,0.92,0.08,0
2025/11/14 2:15,clusterB,0,4,2,2,0,0,0,1,0,0
2025/11/14 2:16,clusterA,0,4,1,3,0.08,0.08,0,0.92,0.08,0
2025/11/14 2:16,clusterB,0,4,2,2,0,0,0,1,0,0
2025/11/14 2:16,clusterA,0,4,1,3,0.08,0.08,0,0.92,0.08,0
2025/11/14 2:16,clusterB,0,4,2,2,0,0,0,1,0,0
2025/11/14 2:16,clusterA,0,4,1,3,0.08,0.08,0,0.92,0.08,0
2025/11/14 2:16,clusterB,0,4,2,2,0,0,0,1,0,0
2025/11/14 2:16,clusterA,0,4,1,3,0.08,0.08,0,0.92,0.08,0
2025/11/14 2:16,clusterB,0,4,2,2,0,0,0,1,0,0
2025/11/14 2:16,clusterA,0,4,1,3,0.08,0.08,0,0.92,0.08,0
2025/11/14 2:16,clusterB,0,4,2,2,0,0,0,1,0,0
2025/11/14 2:16,clusterA,0,4,1,3,0.08,0.08,0,0.92,0.08,0
2025/11/14 2:16,clusterB,0,4,2,2,0,0,0,1,0,0
2025/11/14 2:16,clusterA,0,4,1,3,0.09,0.08,0,0.92,0.08,0
2025/11/14 2:16,clusterB,0,4,2,2,0,0,0,1,0,0
2025/11/14 2:16,clusterA,0,4,1,3,0.1,0.08,0,0.92,0.08,0
2025/11/14 2:16,clusterB,0,4,2,2,0,0,0,1,0,0
2025/11/14 2:16,clusterA,0,4,1,3,0.1,0.08,0,0.92,0.08,0
2025/11/14 2:16,clusterB,0,4,2,2,0,0,0,1,0,0
2025/11/14 2:16,clusterA,0,4,1,3,0.1,0.08,0,0.92,0.08,0
2025/11/14 2:16,clusterB,0,4,2,2,0,0,0,1,0,0
2025/11/14 2:16,clusterA,0,4,1,3,0.1,0.08,0,0.92,0.08,0
2025/11/14 2:16,clusterB,0,4,2,2,0,0,0,1,0,0
2025/11/14 2:16,clusterA,0,4,1,3,0.1,0.08,0,0.92,0.08,0
2025/11/14 2:16,clusterB,0,4,2,2,0,0,0,1,0,0
2025/11/14 2:17,clusterA,0,4,1,3,0.1,0.08,0,0.92,0.08,0
2025/11/14 2:17,clusterB,0,4,2,2,0,0,0,1,0,0
2025/11/14 2:17,clusterA,0,4,1,3,0.1,0.08,0,0.92,0.08,0
2025/11/14 2:17,clusterB,0,4,2,2,0,0,0,1,0,0
2025/11/14 2:17,clusterA,0,4,1,3,0.09,0.08,0,0.92,0.08,0
2025/11/14 2:17,clusterB,0,4,2,2,0,0,0,1,0,0
2025/11/14 2:17,clusterA,0,4,1,3,0.09,0.08,0,0.92,0.08,0
2025/11/14 2:17,clusterB,0,4,2,2,0,0,0,1,0,0
2025/11/14 2:17,clusterA,0,4,1,3,0.09,0.08,0,0.92,0.08,0
2025/11/14 2:17,clusterB,0,4,2,2,0,0,0,1,0,0
2025/11/14 2:17,clusterA,0,4,1,3,0.09,0.08,0,0.92,0.08,0
2025/11/14 2:17,clusterB,0,4,2,2,0,0,0,1,0,0
2025/11/14 2:17,clusterA,0,4,1,3,0.09,0.08,0,0.92,0.08,0
2025/11/14 2:17,clusterB,0,4,2,2,0,0,0,1,0,0
2025/11/14 2:17,clusterA,0,4,1,3,0.09,0.08,0,0.92,0.08,0
2025/11/14 2:17,clusterB,0,4,2,2,0,0,0,1,0,0
2025/11/14 2:17,clusterA,0,4,1,3,0.08,0.08,0,0.92,0.08,0
2025/11/14 2:17,clusterB,0,4,2,2,0,0,0,1,0,0
2025/11/14 2:17,clusterA,0,4,1,3,0.09,0.08,0,0.92,0.08,0
2025/11/14 2:17,clusterB,0,4,2,2,0,0,0,1,0,0
2025/11/14 2:17,clusterA,0,4,1,3,0.09,0.08,0,0.92,0.08,0
2025/11/14 2:17,clusterB,0,4,2,2,0,0,0,1,0,0
2025/11/14 2:17,clusterA,0,4,1,3,0.09,0.08,0,0.92,0.08,0
2025/11/14 2:17,clusterB,0,4,2,2,0,0,0,1,0,0
2025/11/14 2:18,clusterA,0,4,1,3,0.09,0.08,0,0.92,0.08,0
2025/11/14 2:18,clusterB,0,4,2,2,0,0,0,1,0,0
2025/11/14 2:18,clusterA,0,4,1,3,0.09,0.08,0,0.92,0.08,0
2025/11/14 2:18,clusterB,0,4,2,2,0,0,0,1,0,0
2025/11/14 2:18,clusterA,0,4,1,3,0.09,0.08,0,0.92,0.08,0
2025/11/14 2:18,clusterB,0,4,2,2,0,0,0,1,0,0
2025/11/14 2:18,clusterA,0,4,1,3,0.09,0.08,0,0.92,0.08,0
2025/11/14 2:18,clusterB,0,4,2,2,0,0,0,1,0,0
2025/11/14 2:18,clusterA,0,4,1,3,0.09,0.08,0,0.92,0.08,0
2025/11/14 2:18,clusterB,0,4,2,2,0,0,0,1,0,0
2025/11/14 2:18,clusterA,0,4,1,3,0.09,0.08,0,0.92,0.08,0
2025/11/14 2:18,clusterB,0,4,2,2,0,0,0,1,0,0
2025/11/14 2:18,clusterA,0,4,1,3,0.09,0.08,0,0.92,0.08,0
2025/11/14 2:18,clusterB,0,4,2,2,0,0,0,1,0,0
2025/11/14 2:18,clusterA,0,4,1,3,0.09,0.08,0,0.92,0.08,0
2025/11/14 2:18,clusterB,0,4,2,2,0,0,0,1,0,0
2025/11/14 2:18,clusterA,0,4,1,3,0.1,0.08,0,0.92,0.08,0
2025/11/14 2:18,clusterB,0,4,2,2,0,0,0,1,0,0
2025/11/14 2:18,clusterA,0,4,1,3,0.09,0.08,0,0.92,0.08,0
2025/11/14 2:18,clusterB,0,4,2,2,0,0,0,1,0,0
2025/11/14 2:18,clusterA,0,4,1,3,0.09,0.08,0,0.92,0.08,0
2025/11/14 2:18,clusterB,0,4,2,2,0,0,0,1,0,0
2025/11/14 2:18,clusterA,0,4,1,3,0.09,0.08,0,0.92,0.08,0
2025/11/14 2:18,clusterB,0,4,2,2,0,0,0,1,0,0
2025/11/14 2:19,clusterA,0,4,1,3,0.09,0.08,0,0.92,0.08,0
2025/11/14 2:19,clusterB,0,4,2,2,0,0,0,1,0,0
2025/11/14 2:19,clusterA,0,4,1,3,0.09,0.08,0,0.92,0.08,0
2025/11/14 2:19,clusterB,0,4,2,2,0,0,0,1,0,0
2025/11/14 2:19,clusterA,0,4,1,3,0.09,0.08,0,0.92,0.08,0
2025/11/14 2:19,clusterB,0,4,2,2,0,0,0,1,0,0
2025/11/14 2:19,clusterA,0,4,1,3,0.09,0.08,0,0.92,0.08,0
2025/11/14 2:19,clusterB,0,4,2,2,0,0,0,1,0,0
2025/11/14 2:19,clusterA,0,4,1,3,0.09,0.08,0,0.92,0.08,0
2025/11/14 2:19,clusterB,0,4,2,2,0,0,0,1,0,0
2025/11/14 2:19,clusterA,0,4,1,3,0.09,0.08,0,0.92,0.08,0
2025/11/14 2:19,clusterB,0,4,2,2,0,0,0,1,0,0
2025/11/14 2:19,clusterA,0,4,1,3,0.09,0.08,0,0.92,0.08,0
2025/11/14 2:19,clusterB,0,4,2,2,0,0,0,1,0,0
2025/11/14 2:19,clusterA,0,4,1,3,0.09,0.08,0,0.92,0.08,0
2025/11/14 2:19,clusterB,0,4,2,2,0,0,0,1,0,0
2025/11/14 2:19,clusterA,0,4,1,3,0.09,0.08,0,0.92,0.08,0
2025/11/14 2:19,clusterB,0,4,2,2,0,0,0,1,0,0
2025/11/14 2:19,clusterA,0,4,1,3,0.08,0.08,0,0.92,0.08,0
2025/11/14 2:19,clusterB,0,4,2,2,0,0,0,1,0,0
2025/11/14 2:19,clusterA,0,4,1,3,0.08,0.08,0,0.92,0.08,0
2025/11/14 2:19,clusterB,0,4,2,2,0,0,0,1,0,0
2025/11/14 2:19,clusterA,0,4,0,4,0.07,0.07,0,0.93,0.07,0
2025/11/14 2:19,clusterB,0,4,2,2,0,0,0,1,0,0
2025/11/14 2:20,clusterA,0,4,0,4,0.06,0.07,0,0.93,0.07,0
2025/11/14 2:20,clusterB,0,4,2,2,0,0,0,1,0,0
2025/11/14 2:20,clusterA,0,4,0,4,0.05,0.07,0,0.93,0.07,0
2025/11/14 2:20,clusterB,0,4,2,2,0,0,0,1,0,0
2025/11/14 2:20,clusterA,0,4,0,4,0.05,0.06,0,0.94,0.06,0
2025/11/14 2:20,clusterB,0,4,2,2,0,0,0,1,0,0
2025/11/14 2:20,clusterA,0,4,0,4,0.04,0.06,0,0.94,0.06,0
2025/11/14 2:20,clusterB,0,4,2,2,0,0,0,1,0,0
2025/11/14 2:20,clusterA,0,4,0,4,0.03,0.05,0,0.95,0.05,0
2025/11/14 2:20,clusterB,0,4,2,2,0,0,0,1,0,0
2025/11/14 2:20,clusterA,0,4,0,4,0.03,0.05,0,0.95,0.05,0
2025/11/14 2:20,clusterB,0,4,2,2,0,0,0,1,0,0
2025/11/14 2:20,clusterA,0,4,0,4,0.02,0.05,0,0.95,0.05,0
2025/11/14 2:20,clusterB,0,4,2,2,0,0,0,1,0,0
2025/11/14 2:20,clusterA,0,4,0,4,0.01,0.04,0,0.96,0.04,0
2025/11/14 2:20,clusterB,0,4,2,2,0,0,0,1,0,0
2025/11/14 2:20,clusterA,0,4,0,4,0.01,0.04,0,0.96,0.04,0
2025/11/14 2:20,clusterB,0,4,2,2,0,0,0,1,0,0
2025/11/14 2:20,clusterA,0,4,0,4,0,0.03,0,0.97,0.03,0
2025/11/14 2:20,clusterB,0,4,2,2,0,0,0,1,0,0
2025/11/14 2:20,clusterA,0,4,0,4,0,0.03,0,0.97,0.03,0
2025/11/14 2:20,clusterB,0,4,2,2,0,0,0,1,0,0
2025/11/14 2:20,clusterA,0,4,0,4,0,0.03,0,0.97,0.03,0
2025/11/14 2:20,clusterB,0,4,2,2,0,0,0,1,0,0
2025/11/14 2:21,clusterA,0,4,0,4,0,0.03,0,0.97,0.03,0
2025/11/14 2:21,clusterB,0,4,2,2,0,0,0,1,0,0
2025/11/14 2:21,clusterA,0,4,0,4,0,0.03,0,0.97,0.03,0
2025/11/14 2:21,clusterB,0,4,2,2,0,0,0,1,0,0
2025/11/14 2:21,clusterA,0,4,0,4,0,0.03,0,0.97,0.03,0
2025/11/14 2:21,clusterB,0,4,2,2,0,0,0,1,0,0
2025/11/14 2:21,clusterA,0,4,0,4,0,0.03,0,0.97,0.03,0
2025/11/14 2:21,clusterB,0,4,2,2,0,0,0,1,0,0
2025/11/14 2:21,clusterA,0,4,0,4,0,0.03,0,0.97,0.03,0
2025/11/14 2:21,clusterB,0,4,2,2,0,0,0,1,0,0
2025/11/14 2:21,clusterA,0,4,0,4,0,0.03,0,0.97,0.03,0
2025/11/14 2:21,clusterB,0,4,2,2,0,0,0,1,0,0
2025/11/14 2:21,clusterA,0,4,0,4,0,0.02,0,0.98,0.02,0
2025/11/14 2:21,clusterB,0,4,2,2,0,0,0,1,0,0
2025/11/14 2:21,clusterA,0,4,0,4,0,0.02,0,0.98,0.02,0
2025/11/14 2:21,clusterB,0,4,2,2,0,0,0,1,0,0
2025/11/14 2:21,clusterA,0,4,0,4,0,0.02,0,0.98,0.02,0
2025/11/14 2:21,clusterB,0,4,2,2,0,0,0,1,0,0
2025/11/14 2:21,clusterA,0,4,0,4,0,0.02,0,0.98,0.02,0
2025/11/14 2:21,clusterB,0,4,2,2,0,0,0,1,0,0
2025/11/14 2:21,clusterA,0,4,0,4,0,0.02,0,0.98,0.02,0
2025/11/14 2:21,clusterB,0,4,2,2,0,0,0,1,0,0
2025/11/14 2:21,clusterA,0,4,0,4,0,0.02,0,0.98,0.02,0
2025/11/14 2:21,clusterB,0,4,2,2,0,0,0,1,0,0
2025/11/14 2:22,clusterA,0,4,0,4,0,0.02,0,0.98,0.02,0
2025/11/14 2:22,clusterB,0,4,2,2,0,0,0,1,0,0
2025/11/14 2:22,clusterA,0,4,0,4,0,0.02,0,0.98,0.02,0
2025/11/14 2:22,clusterB,0,4,2,2,0,0,0,1,0,0
2025/11/14 2:22,clusterA,0,4,0,4,0,0.02,0,0.98,0.02,0
2025/11/14 2:22,clusterB,0,4,2,2,0,0,0,1,0,0
2025/11/14 2:22,clusterA,0,4,0,4,0,0.02,0,0.98,0.02,0
2025/11/14 2:22,clusterB,0,4,2,2,0,0,0,1,0,0
2025/11/14 2:22,clusterA,0,4,0,4,0,0.02,0,0.98,0.02,0
2025/11/14 2:22,clusterB,0,4,2,2,0,0,0,1,0,0
2025/11/14 2:22,clusterA,0,4,0,4,0,0.02,0,0.98,0.02,0
2025/11/14 2:22,clusterB,0,4,2,2,0,0,0,1,0,0
2025/11/14 2:22,clusterA,0,4,0,4,0,0.02,0,0.98,0.02,0
2025/11/14 2:22,clusterB,0,4,2,2,0,0,0,1,0,0
2025/11/14 2:22,clusterA,0,4,0,4,0,0.02,0,0.98,0.02,0
2025/11/14 2:22,clusterB,0,4,2,2,0,0,0,1,0,0
2025/11/14 2:22,clusterA,0,4,0,4,0,0.02,0,0.98,0.02,0
2025/11/14 2:22,clusterB,0,4,2,2,0,0,0,1,0,0
2025/11/14 2:22,clusterA,0,4,0,4,0,0.02,0,0.98,0.02,0
2025/11/14 2:22,clusterB,0,4,2,2,0,0,0,1,0,0
2025/11/14 2:22,clusterA,0,4,0,4,0,0.02,0,0.98,0.02,0
2025/11/14 2:22,clusterB,0,4,2,2,0,0,0,1,0,0
2025/11/14 2:22,clusterA,0,4,0,4,0,0.02,0,0.98,0.02,0
2025/11/14 2:22,clusterB,0,4,2,2,0,0,0,1,0,0
2025/11/14 2:23,clusterA,0,4,0,4,0,0.02,0,0.98,0.02,0
2025/11/14 2:23,clusterB,0,4,2,2,0,0,0,1,0,0
2025/11/14 2:23,clusterA,0,4,0,4,0,0.02,0,0.98,0.02,0
2025/11/14 2:23,clusterB,0,4,2,2,0,0,0,1,0,0
2025/11/14 2:23,clusterA,0,4,0,4,0,0.02,0,0.98,0.02,0
2025/11/14 2:23,clusterB,0,4,2,2,0,0,0,1,0,0
2025/11/14 2:23,clusterA,0,4,0,4,0,0.02,0,0.98,0.02,0
2025/11/14 2:23,clusterB,0,4,2,2,0,0,0,1,0,0
2025/11/14 2:23,clusterA,0,4,0,4,0,0.02,0,0.98,0.02,0
2025/11/14 2:23,clusterB,0,4,2,2,0,0,0,1,0,0
2025/11/14 2:23,clusterA,0,4,0,4,0,0.02,0,0.98,0.02,0
2025/11/14 2:23,clusterB,0,4,2,2,0,0,0,1,0,0
2025/11/14 2:23,clusterA,0,4,0,4,0,0.02,0,0.98,0.02,0
2025/11/14 2:23,clusterB,0,4,2,2,0,0,0,1,0,0
2025/11/14 2:23,clusterA,0,4,0,4,0,0.02,0,0.98,0.02,0
2025/11/14 2:23,clusterB,0,4,2,2,0,0,0,1,0,0
2025/11/14 2:23,clusterA,0,4,0,4,0,0.02,0,0.98,0.02,0
2025/11/14 2:23,clusterB,0,4,2,2,0,0,0,1,0,0
2025/11/14 2:23,clusterA,0,4,0,4,0,0.02,0,0.98,0.02,0
2025/11/14 2:23,clusterB,0,4,2,2,0,0,0,1,0,0
2025/11/14 2:23,clusterA,0,4,0,4,0,0.02,0,0.98,0.02,0
2025/11/14 2:23,clusterB,0,4,2,2,0,0,0,1,0,0
2025/11/14 2:23,clusterA,0,4,0,4,0,0.02,0,0.98,0.02,0
2025/11/14 2:23,clusterB,0,4,2,2,0,0,0,1,0,0
2025/11/14 2:24,clusterA,0,4,0,4,0,0.02,0,0.98,0.02,0
2025/11/14 2:24,clusterB,0,4,2,2,0,0,0,1,0,0
2025/11/14 2:24,clusterA,0,4,0,4,0,0.02,0,0.98,0.02,0
2025/11/14 2:24,clusterB,0,4,2,2,0,0,0,1,0,0
2025/11/14 2:24,clusterA,0,4,0,4,0,0.02,0,0.98,0.02,0
2025/11/14 2:24,clusterB,0,4,2,2,0,0,0,1,0,0
2025/11/14 2:24,clusterA,0,4,0,4,0,0.02,0,0.98,0.02,0
2025/11/14 2:24,clusterB,0,4,2,2,0,0,0,1,0,0
2025/11/14 2:24,clusterA,0,4,0,4,0,0.02,0,0.98,0.02,0
2025/11/14 2:24,clusterB,0,4,2,2,0,0,0,1,0,0
2025/11/14 2:24,clusterA,0,4,0,4,0,0.02,0,0.98,0.02,0
2025/11/14 2:24,clusterB,0,4,2,2,0,0,0,1,0,0
2025/11/14 2:24,clusterA,0,4,0,4,0,0.02,0,0.98,0.02,0
2025/11/14 2:24,clusterB,0,4,2,2,0,0,0,1,0,0
2025/11/14 2:24,clusterA,0,4,0,4,0,0.02,0,0.98,0.02,0
2025/11/14 2:24,clusterB,0,4,2,2,0,0,0,1,0,0
2025/11/14 2:24,clusterA,0,4,0,4,0,0.02,0,0.98,0.02,0
2025/11/14 2:24,clusterB,0,4,2,2,0,0,0,1,0,0
2025/11/14 2:24,clusterA,0,4,0,4,0,0.02,0,0.98,0.02,0
2025/11/14 2:24,clusterB,0,4,2,2,0,0,0,1,0,0
2025/11/14 2:24,clusterA,0,4,0,4,0,0.02,0,0.98,0.02,0
2025/11/14 2:24,clusterB,0,4,2,2,0,0,0,1,0,0
2025/11/14 2:24,clusterA,0,4,0,4,0,0.02,0,0.98,0.02,0
2025/11/14 2:24,clusterB,0,4,2,2,0,0,0,1,0,0
2025/11/14 2:25,clusterA,0,4,0,4,0,0.02,0,0.98,0.02,0
2025/11/14 2:25,clusterB,0,4,2,2,0,0,0,1,0,0
2025/11/14 2:25,clusterA,0,4,0,4,0,0.02,0,0.98,0.02,0
2025/11/14 2:25,clusterB,0,4,2,2,0,0,0,1,0,0
2025/11/14 2:25,clusterA,0,4,0,4,0,0.02,0,0.98,0.02,0
2025/11/14 2:25,clusterB,0,4,2,2,0,0,0,1,0,0
2025/11/14 2:25,clusterA,0,4,0,4,0,0.02,0,0.98,0.02,0
2025/11/14 2:25,clusterB,0,4,2,2,0,0,0,1,0,0
2025/11/14 2:25,clusterA,0,4,0,4,0,0.02,0,0.98,0.02,0
2025/11/14 2:25,clusterB,0,4,2,2,0,0,0,1,0,0
2025/11/14 2:25,clusterA,0,4,0,4,0,0.02,0,0.98,0.02,0
2025/11/14 2:25,clusterB,0,4,2,2,0,0,0,1,0,0
2025/11/14 2:25,clusterA,0,4,0,4,0,0.02,0,0.98,0.02,0
2025/11/14 2:25,clusterB,0,4,2,2,0,0,0,1,0,0
2025/11/14 2:25,clusterA,0,4,0,4,0,0.02,0,0.98,0.02,0
2025/11/14 2:25,clusterB,0,4,2,2,0,0,0,1,0,0
2025/11/14 2:25,clusterA,0,4,0,4,0,0.02,0,0.98,0.02,0
2025/11/14 2:25,clusterB,0,4,2,2,0,0,0,1,0,0
2025/11/14 2:25,clusterA,0,4,0,4,0,0.02,0,0.98,0.02,0
2025/11/14 2:25,clusterB,0,4,2,2,0,0,0,1,0,0
2025/11/14 2:25,clusterA,0,4,0,4,0,0.02,0,0.98,0.02,0
2025/11/14 2:25,clusterB,0,4,2,2,0,0,0,1,0,0
2025/11/14 2:25,clusterA,0,4,0,4,0,0.02,0,0.98,0.02,0
2025/11/14 2:25,clusterB,0,4,2,2,0,0,0,1,0,0
2025/11/14 2:26,clusterA,0,4,0,4,0,0.02,0,0.98,0.02,0
2025/11/14 2:26,clusterB,0,4,2,2,0,0,0,1,0,0
2025/11/14 2:26,clusterA,0,4,0,4,0,0.02,0,0.98,0.02,0
2025/11/14 2:26,clusterB,0,4,2,2,0,0,0,1,0,0
2025/11/14 2:26,clusterA,0,4,0,4,0,0.02,0,0.98,0.02,0
2025/11/14 2:26,clusterB,0,4,2,2,0,0,0,1,0,0
2025/11/14 2:26,clusterA,0,4,0,4,0,0.02,0,0.98,0.02,0
2025/11/14 2:26,clusterB,0,4,2,2,0,0,0,1,0,0
2025/11/14 2:26,clusterA,0,4,0,4,0,0.02,0,0.98,0.02,0
2025/11/14 2:26,clusterB,0,4,2,2,0,0,0,1,0,0
2025/11/14 2:26,clusterA,0,4,0,4,0,0.02,0,0.98,0.02,0
2025/11/14 2:26,clusterB,0,4,2,2,0,0,0,1,0,0
2025/11/14 2:26,clusterA,0,4,0,4,0,0.02,0,0.98,0.02,0
2025/11/14 2:26,clusterB,0,4,2,2,0,0,0,1,0,0
2025/11/14 2:26,clusterA,0,4,0,4,0,0.02,0,0.98,0.02,0
2025/11/14 2:26,clusterB,0,4,2,2,0,0,0,1,0,0
2025/11/14 2:26,clusterA,0,4,0,4,0,0.02,0,0.98,0.02,0
2025/11/14 2:26,clusterB,0,4,2,2,0,0,0,1,0,0
2025/11/14 2:26,clusterA,0,4,0,4,0,0.02,0,0.98,0.02,0
2025/11/14 2:26,clusterB,0,4,2,2,0,0,0,1,0,0
2025/11/14 2:26,clusterA,0,4,0,4,0,0.02,0,0.98,0.02,0
2025/11/14 2:26,clusterB,0,4,2,2,0,0,0,1,0,0
2025/11/14 2:26,clusterA,0,4,0,4,0,0.02,0,0.98,0.02,0
2025/11/14 2:26,clusterB,0,4,2,2,0,0,0,1,0,0
2025/11/14 2:27,clusterA,0,4,0,4,0,0.02,0,0.98,0.02,0
2025/11/14 2:27,clusterB,0,4,2,2,0,0,0,1,0,0
2025/11/14 2:27,clusterA,0,4,0,4,0,0.02,0,0.98,0.02,0
2025/11/14 2:27,clusterB,0,4,2,2,0,0,0,1,0,0
2025/11/14 2:27,clusterA,0,4,0,4,0,0.02,0,0.98,0.02,0
2025/11/14 2:27,clusterB,0,4,2,2,0,0,0,1,0,0
2025/11/14 2:27,clusterA,0,4,0,4,0,0.02,0,0.98,0.02,0
2025/11/14 2:27,clusterB,0,4,2,2,0,0,0,1,0,0
2025/11/14 2:27,clusterA,0,4,0,4,0,0.02,0,0.98,0.02,0
2025/11/14 2:27,clusterB,0,4,2,2,0,0,0,1,0,0
2025/11/14 2:27,clusterA,0,4,0,4,0,0.02,0,0.98,0.02,0
2025/11/14 2:27,clusterB,0,4,2,2,0,0,0,1,0,0
2025/11/14 2:27,clusterA,0,4,0,4,0,0.02,0,0.98,0.02,0
2025/11/14 2:27,clusterB,0,4,2,2,0,0,0,1,0,0
2025/11/14 2:27,clusterA,0,4,0,4,0,0.02,0,0.98,0.02,0
2025/11/14 2:27,clusterB,0,4,2,2,0,0,0,1,0,0
2025/11/14 2:27,clusterA,0,4,0,4,0,0.02,0,0.98,0.02,0
2025/11/14 2:27,clusterB,0,4,2,2,0,0,0,1,0,0
2025/11/14 2:27,clusterA,0,4,0,4,0,0.02,0,0.98,0.02,0
2025/11/14 2:27,clusterB,0,4,2,2,0,0,0,1,0,0
2025/11/14 2:27,clusterA,0,4,0,4,0,0.02,0,0.98,0.02,0
2025/11/14 2:27,clusterB,0,4,2,2,0,0,0,1,0,0
2025/11/14 2:27,clusterA,0,4,0,4,0,0.02,0,0.98,0.02,0
2025/11/14 2:27,clusterB,0,4,2,2,0,0,0,1,0,0
2025/11/14 2:28,clusterA,0,4,0,4,0,0.02,0,0.98,0.02,0
2025/11/14 2:28,clusterB,0,4,2,2,0,0,0,1,0,0
2025/11/14 2:28,clusterA,0,4,0,4,0,0.02,0,0.98,0.02,0
2025/11/14 2:28,clusterB,0,4,2,2,0,0,0,1,0,0
2025/11/14 2:28,clusterA,0,4,0,4,0,0.02,0,0.98,0.02,0
2025/11/14 2:28,clusterB,0,4,2,2,0,0,0,1,0,0
2025/11/14 2:28,clusterA,0,4,0,4,0,0.02,0,0.98,0.02,0
2025/11/14 2:28,clusterB,0,4,2,2,0,0,0,1,0,0
2025/11/14 2:28,clusterA,0,4,0,4,0,0.02,0,0.98,0.02,0
2025/11/14 2:28,clusterB,0,4,2,2,0,0,0,1,0,0
2025/11/14 2:28,clusterA,0,4,0,4,0,0.02,0,0.98,0.02,0
2025/11/14 2:28,clusterB,0,4,2,2,0,0,0,1,0,0
2025/11/14 2:28,clusterA,0,4,0,4,0,0.02,0,0.98,0.02,0
2025/11/14 2:28,clusterB,0,4,2,2,0,0,0,1,0,0
2025/11/14 2:28,clusterA,0,4,0,4,0,0.02,0,0.98,0.02,0
2025/11/14 2:28,clusterB,0,4,2,2,0,0,0,1,0,0
2025/11/14 2:28,clusterA,0,4,0,4,0,0.02,0,0.98,0.02,0
2025/11/14 2:28,clusterB,0,4,2,2,0,0,0,1,0,0
2025/11/14 2:28,clusterA,0,4,0,4,0,0.02,0,0.98,0.02,0
2025/11/14 2:28,clusterB,0,4,2,2,0,0,0,1,0,0
2025/11/14 2:28,clusterA,0,4,0,4,0,0.02,0,0.98,0.02,0
2025/11/14 2:28,clusterB,0,4,2,2,0,0,0,1,0,0
2025/11/14 2:28,clusterA,0,4,0,4,0,0.02,0,0.98,0.02,0
2025/11/14 2:28,clusterB,0,4,2,2,0,0,0,1,0,0
2025/11/14 2:29,clusterA,0,4,0,4,0,0.02,0,0.98,0.02,0
2025/11/14 2:29,clusterB,0,4,2,2,0,0,0,1,0,0
2025/11/14 2:29,clusterA,0,4,0,4,0,0.02,0,0.98,0.02,0
2025/11/14 2:29,clusterB,0,4,2,2,0,0,0,1,0,0
2025/11/14 2:29,clusterA,0,4,0,4,0,0.02,0,0.98,0.02,0
2025/11/14 2:29,clusterB,0,4,2,2,0,0,0,1,0,0
2025/11/14 2:29,clusterA,0,4,0,4,0,0.02,0,0.98,0.02,0
2025/11/14 2:29,clusterB,0,4,2,2,0,0,0,1,0,0
2025/11/14 2:29,clusterA,0,4,0,4,0,0.02,0,0.98,0.02,0
2025/11/14 2:29,clusterB,0,4,2,2,0,0,0,1,0,0
2025/11/14 2:29,clusterA,0,4,0,4,0,0.02,0,0.98,0.02,0
2025/11/14 2:29,clusterB,0,4,2,2,0,0,0,1,0,0
2025/11/14 2:29,clusterA,0,4,0,4,0,0.02,0,0.98,0.02,0
2025/11/14 2:29,clusterB,0,4,2,2,0,0,0,1,0,0
2025/11/14 2:29,clusterA,0,4,0,4,0,0.02,0,0.98,0.02,0
2025/11/14 2:29,clusterB,0,4,2,2,0,0,0,1,0,0
2025/11/14 2:29,clusterA,0,4,0,4,0,0.02,0,0.98,0.02,0
2025/11/14 2:29,clusterB,0,4,2,2,0,0,0,1,0,0
2025/11/14 2:29,clusterA,0,4,0,4,0,0.02,0,0.98,0.02,0
2025/11/14 2:29,clusterB,0,4,2,2,0,0,0,1,0,0
2025/11/14 2:29,clusterA,0,4,0,4,0,0.02,0,0.98,0.02,0
2025/11/14 2:29,clusterB,0,4,2,2,0,0,0,1,0,0
2025/11/14 2:29,clusterA,0,4,0,4,0,0.02,0,0.98,0.02,0
2025/11/14 2:29,clusterB,0,4,2,2,0,0,0,1,0,0
2025/11/14 2:30,clusterA,0,4,0,4,0,0.02,0,0.98,0.02,0
2025/11/14 2:30,clusterB,0,4,2,2,0,0,0,1,0,0
2025/11/14 2:30,clusterA,0,4,0,4,0,0.02,0,0.98,0.02,0
2025/11/14 2:30,clusterB,0,4,2,2,0,0,0,1,0,0
2025/11/14 2:30,clusterA,0,4,0,4,0,0.02,0,0.98,0.02,0
2025/11/14 2:30,clusterB,0,4,2,2,0,0,0,1,0,0
2025/11/14 2:30,clusterA,0,4,0,4,0,0.02,0,0.98,0.02,0
2025/11/14 2:30,clusterB,0,4,2,2,0,0,0,1,0,0
2025/11/14 2:30,clusterA,0,4,0,4,0,0.02,0,0.98,0.02,0
2025/11/14 2:30,clusterB,0,4,2,2,0,0,0,1,0,0
2025/11/14 2:30,clusterA,0,4,0,4,0,0.02,0,0.98,0.02,0
2025/11/14 2:30,clusterB,0,4,2,2,0,0,0,1,0,0
2025/11/14 2:30,clusterA,0,4,0,4,0,0.02,0,0.98,0.02,0
2025/11/14 2:30,clusterB,0,4,2,2,0,0,0,1,0,0
2025/11/14 2:30,clusterA,0,4,0,4,0,0.02,0,0.98,0.02,0
2025/11/14 2:30,clusterB,0,4,2,2,0,0,0,1,0,0
2025/11/14 2:30,clusterA,0,4,0,4,0,0.02,0,0.98,0.02,0
2025/11/14 2:30,clusterB,0,4,2,2,0,0,0,1,0,0
2025/11/14 2:30,clusterA,0,4,0,4,0,0.02,0,0.98,0.02,0
2025/11/14 2:30,clusterB,0,4,2,2,0,0,0,1,0,0
2025/11/14 2:30,clusterA,0,4,0,4,0,0.02,0,0.98,0.02,0
2025/11/14 2:30,clusterB,0,4,2,2,0,0,0,1,0,0
2025/11/14 2:30,clusterA,0,4,0,4,0,0.02,0,0.98,0.02,0
2025/11/14 2:30,clusterB,0,4,2,2,0,0,0,1,0,0
2025/11/14 2:31,clusterA,0,4,0,4,0,0.02,0,0.98,0.02,0
2025/11/14 2:31,clusterB,0,4,2,2,0,0,0,1,0,0
2025/11/14 2:31,clusterA,0,4,0,4,0,0.02,0,0.98,0.02,0
2025/11/14 2:31,clusterB,0,4,2,2,0,0,0,1,0,0
2025/11/14 2:31,clusterA,0,4,0,4,0,0.02,0,0.98,0.02,0
2025/11/14 2:31,clusterB,0,4,2,2,0,0,0,1,0,0
2025/11/14 2:31,clusterA,0,4,0,4,0,0.02,0,0.98,0.02,0
2025/11/14 2:31,clusterB,0,4,2,2,0,0,0,1,0,0
2025/11/14 2:31,clusterA,0,4,0,4,0,0.02,0,0.98,0.02,0
2025/11/14 2:31,clusterB,0,4,2,2,0,0,0,1,0,0
2025/11/14 2:31,clusterA,0,4,0,4,0,0.02,0,0.98,0.02,0
2025/11/14 2:31,clusterB,0,4,2,2,0,0,0,1,0,0
2025/11/14 2:31,clusterA,0,4,0,4,0,0.02,0,0.98,0.02,0
2025/11/14 2:31,clusterB,0,4,2,2,0,0,0,1,0,0
2025/11/14 2:31,clusterA,0,4,0,4,0,0.02,0,0.98,0.02,0
2025/11/14 2:31,clusterB,0,4,2,2,0,0,0,1,0,0
2025/11/14 2:31,clusterA,0,4,0,4,0,0.02,0,0.98,0.02,0
2025/11/14 2:31,clusterB,0,4,2,2,0,0,0,1,0,0
2025/11/14 2:31,clusterA,0,4,0,4,0,0.02,0,0.98,0.02,0
2025/11/14 2:31,clusterB,0,4,2,2,0,0,0,1,0,0
2025/11/14 2:31,clusterA,0,4,0,4,0,0.02,0,0.98,0.02,0
2025/11/14 2:31,clusterB,0,4,2,2,0,0,0,1,0,0
2025/11/14 2:31,clusterA,0,4,0,4,0,0.02,0,0.98,0.02,0
2025/11/14 2:31,clusterB,0,4,2,2,0,0,0,1,0,0
2025/11/14 2:32,clusterA,0,4,0,4,0,0.02,0,0.98,0.02,0
2025/11/14 2:32,clusterB,0,4,2,2,0,0,0,1,0,0
2025/11/14 2:32,clusterA,0,4,0,4,0,0.02,0,0.98,0.02,0
2025/11/14 2:32,clusterB,0,4,2,2,0,0,0,1,0,0
2025/11/14 2:32,clusterA,0,4,0,4,0,0.02,0,0.98,0.02,0
2025/11/14 2:32,clusterB,0,4,2,2,0,0,0,1,0,0
2025/11/14 2:32,clusterA,0,4,0,4,0,0.02,0,0.98,0.02,0
2025/11/14 2:32,clusterB,0,4,2,2,0,0,0,1,0,0
2025/11/14 2:32,clusterA,0,4,0,4,0,0.02,0,0.98,0.02,0
2025/11/14 2:32,clusterB,0,4,2,2,0,0,0,1,0,0
2025/11/14 2:32,clusterA,0,4,0,4,0,0.02,0,0.98,0.02,0
2025/11/14 2:32,clusterB,0,4,2,2,0,0,0,1,0,0
2025/11/14 2:32,clusterA,0,4,0,4,0,0.02,0,0.98,0.02,0
2025/11/14 2:32,clusterB,0,4,2,2,0,0,0,1,0,0
2025/11/14 2:32,clusterA,0,4,0,4,0,0.02,0,0.98,0.02,0
2025/11/14 2:32,clusterB,0,4,2,2,0,0,0,1,0,0
2025/11/14 2:32,clusterA,0,4,0,4,0,0.02,0,0.98,0.02,0
2025/11/14 2:32,clusterB,0,4,2,2,0,0,0,1,0,0
2025/11/14 2:32,clusterA,0,4,0,4,0,0.02,0,0.98,0.02,0
2025/11/14 2:32,clusterB,0,4,2,2,0,0,0,1,0,0
2025/11/14 2:32,clusterA,0,4,0,4,0,0.02,0,0.98,0.02,0
2025/11/14 2:32,clusterB,0,4,2,2,0,0,0,1,0,0
2025/11/14 2:32,clusterA,0,4,0,4,0,0.02,0,0.98,0.02,0
2025/11/14 2:32,clusterB,0,4,0,4,0,0,0,1,0,0
2025/11/14 2:33,clusterA,0,4,0,4,0,0.02,0,0.98,0.02,0
2025/11/14 2:33,clusterB,0,4,0,4,0,0,0,1,0,0
2025/11/14 2:33,clusterA,0,4,0,4,0,0.02,0,0.98,0.02,0
2025/11/14 2:33,clusterB,0,4,0,4,0,0,0,1,0,0
2025/11/14 2:33,clusterA,0,4,0,4,0,0.02,0,0.98,0.02,0
2025/11/14 2:33,clusterB,0,4,0,4,0,0,0,1,0,0
2025/11/14 2:33,clusterA,0,4,0,4,0,0.02,0,0.98,0.02,0
2025/11/14 2:33,clusterB,0,4,0,4,0,0,0,1,0,0
2025/11/14 2:33,clusterA,0,4,0,4,0,0.02,0,0.98,0.02,0
2025/11/14 2:33,clusterB,0,4,0,4,0,0,0,1,0,0
2025/11/14 2:33,clusterA,0,4,0,4,0,0.02,0,0.98,0.02,0
2025/11/14 2:33,clusterB,0,4,0,4,0,0,0,1,0,0
2025/11/14 2:33,clusterA,0,4,0,4,0,0.02,0,0.98,0.02,0
2025/11/14 2:33,clusterB,0,4,0,4,0,0,0,1,0,0
2025/11/14 2:33,clusterA,0,4,0,4,0,0.02,0,0.98,0.02,0
2025/11/14 2:33,clusterB,0,4,0,4,0,0,0,1,0,0
2025/11/14 2:33,clusterA,0,4,0,4,0,0.02,0,0.98,0.02,0
2025/11/14 2:33,clusterB,0,4,0,4,0,0,0,1,0,0
2025/11/14 2:33,clusterA,0,4,0,4,0,0.02,0,0.98,0.02,0
2025/11/14 2:33,clusterB,0,4,0,4,0,0,0,1,0,0
2025/11/14 2:33,clusterA,0,4,0,4,0,0.02,0,0.98,0.02,0
2025/11/14 2:33,clusterB,0,4,0,4,0,0,0,1,0,0
