ts,cluster,queue_len,slots_total,slots_used,free,U_t,E_t,p_fair,lam_time,lam_cost,lam_fair
2025-11-23 23:32:05,clusterA,0,3,0,3,0.00,0.5,0.5,0.0,0.0,0.0
2025-11-23 23:32:05,cluster_A,0,1,0,1,0.00,0.5,0.5,0.0,0.0,0.0
2025-11-23 23:32:05,clusterB,0,4,0,4,0.00,0.5,0.5,0.0,0.0,0.0
2025-11-23 23:32:10,clusterA,0,3,0,3,0.00,0.5,0.5,0.0,0.0,0.0
2025-11-23 23:32:10,cluster_A,0,1,0,1,0.00,0.5,0.5,0.0,0.0,0.0
2025-11-23 23:32:10,clusterB,0,4,0,4,0.00,0.5,0.5,0.0,0.0,0.0
2025-11-23 23:32:15,clusterA,0,3,0,3,0.00,0.5,0.5,0.0,0.0,0.0
2025-11-23 23:32:15,cluster_A,0,1,0,1,0.00,0.5,0.5,0.0,0.0,0.0
2025-11-23 23:32:15,clusterB,0,4,0,4,0.00,0.5,0.5,0.0,0.0,0.0
2025-11-23 23:32:20,clusterA,0,3,0,3,0.00,0.5,0.5,0.0,0.0,0.0
2025-11-23 23:32:20,cluster_A,0,1,0,1,0.00,0.5,0.5,0.0,0.0,0.0
2025-11-23 23:32:20,clusterB,0,4,0,4,0.00,0.5,0.5,0.0,0.0,0.0
2025-11-23 23:32:25,clusterA,0,3,0,3,0.00,0.5,0.5,0.0,0.0,0.0
2025-11-23 23:32:25,cluster_A,0,1,0,1,0.00,0.5,0.5,0.0,0.0,0.0
2025-11-23 23:32:25,clusterB,0,4,0,4,0.00,0.5,0.5,0.0,0.0,0.0
2025-11-23 23:32:30,clusterA,0,3,0,3,0.00,0.5,0.5,0.0,0.0,0.0
2025-11-23 23:32:30,cluster_A,0,1,0,1,0.00,0.5,0.5,0.0,0.0,0.0
2025-11-23 23:32:30,clusterB,0,4,0,4,0.00,0.5,0.5,0.0,0.0,0.0
2025-11-23 23:32:35,clusterA,0,3,0,3,0.00,0.5,0.5,0.0,0.0,0.0
2025-11-23 23:32:35,cluster_A,0,1,0,1,0.00,0.5,0.5,0.0,0.0,0.0
2025-11-23 23:32:35,clusterB,0,4,0,4,0.00,0.5,0.5,0.0,0.0,0.0
2025-11-23 23:32:40,clusterA,0,3,0,3,0.00,0.5,0.5,0.0,0.0,0.0
2025-11-23 23:32:40,cluster_A,0,1,0,1,0.00,0.5,0.5,0.0,0.0,0.0
2025-11-23 23:32:40,clusterB,0,4,0,4,0.00,0.5,0.5,0.0,0.0,0.0
2025-11-23 23:32:45,clusterA,0,3,0,3,0.00,0.5,0.5,0.0,0.0,0.0
2025-11-23 23:32:45,cluster_A,0,1,0,1,0.00,0.5,0.5,0.0,0.0,0.0
2025-11-23 23:32:45,clusterB,0,4,0,4,0.00,0.5,0.5,0.0,0.0,0.0
2025-11-23 23:32:50,clusterA,0,3,0,3,0.00,0.5,0.5,0.0,0.0,0.0
2025-11-23 23:32:50,cluster_A,0,1,0,1,0.00,0.5,0.5,0.0,0.0,0.0
2025-11-23 23:32:50,clusterB,0,4,0,4,0.00,0.5,0.5,0.0,0.0,0.0
2025-11-23 23:32:55,clusterA,0,3,0,3,0.00,0.5,0.5,0.0,0.0,0.0
2025-11-23 23:32:55,cluster_A,0,1,0,1,0.00,0.5,0.5,0.0,0.0,0.0
2025-11-23 23:32:55,clusterB,0,4,0,4,0.00,0.5,0.5,0.0,0.0,0.0
2025-11-23 23:33:00,clusterA,0,3,0,3,0.00,0.5,0.5,0.0,0.0,0.0
2025-11-23 23:33:00,cluster_A,0,1,0,1,0.00,0.5,0.5,0.0,0.0,0.0
2025-11-23 23:33:00,clusterB,0,4,0,4,0.00,0.5,0.5,0.0,0.0,0.0
2025-11-23 23:33:05,clusterA,0,3,0,3,0.00,0.5,0.5,0.0,0.0,0.0
2025-11-23 23:33:05,cluster_A,0,1,0,1,0.00,0.5,0.5,0.0,0.0,0.0
2025-11-23 23:33:05,clusterB,0,4,0,4,0.00,0.5,0.5,0.0,0.0,0.0
2025-11-23 23:33:10,clusterA,0,3,0,3,0.00,0.5,0.5,0.0,0.0,0.0
2025-11-23 23:33:10,cluster_A,0,1,0,1,0.00,0.5,0.5,0.0,0.0,0.0
2025-11-23 23:33:10,clusterB,0,4,0,4,0.00,0.5,0.5,0.0,0.0,0.0
2025-11-23 23:33:15,clusterA,0,3,0,3,0.00,0.5,0.5,0.0,0.0,0.0
2025-11-23 23:33:15,cluster_A,0,1,0,1,0.00,0.5,0.5,0.0,0.0,0.0
2025-11-23 23:33:15,clusterB,0,4,0,4,0.00,0.5,0.5,0.0,0.0,0.0
2025-11-23 23:33:20,clusterA,0,3,0,3,0.00,0.5,0.5,0.0,0.0,0.0
2025-11-23 23:33:20,cluster_A,0,1,0,1,0.00,0.5,0.5,0.0,0.0,0.0
2025-11-23 23:33:20,clusterB,0,4,0,4,0.00,0.5,0.5,0.0,0.0,0.0
2025-11-23 23:33:25,clusterA,0,3,0,3,0.00,0.5,0.5,0.0,0.0,0.0
2025-11-23 23:33:25,cluster_A,0,1,0,1,0.00,0.5,0.5,0.0,0.0,0.0
2025-11-23 23:33:25,clusterB,0,4,0,4,0.00,0.5,0.5,0.0,0.0,0.0
2025-11-23 23:33:30,clusterA,0,3,0,3,0.00,0.5,0.5,0.0,0.0,0.0
2025-11-23 23:33:30,cluster_A,0,1,0,1,0.00,0.5,0.5,0.0,0.0,0.0
2025-11-23 23:33:30,clusterB,0,4,0,4,0.00,0.5,0.5,0.0,0.0,0.0
2025-11-23 23:33:35,clusterA,0,3,0,3,0.00,0.5,0.5,0.0,0.0,0.0
2025-11-23 23:33:35,cluster_A,0,1,0,1,0.00,0.5,0.5,0.0,0.0,0.0
2025-11-23 23:33:35,clusterB,0,4,0,4,0.00,0.5,0.5,0.0,0.0,0.0
2025-11-23 23:33:40,clusterA,0,3,0,3,0.00,0.5,0.5,0.0,0.0,0.0
2025-11-23 23:33:40,cluster_A,0,1,0,1,0.00,0.5,0.5,0.0,0.0,0.0
2025-11-23 23:33:40,clusterB,0,4,0,4,0.00,0.5,0.5,0.0,0.0,0.0
2025-11-23 23:33:45,clusterA,0,3,0,3,0.00,0.5,0.5,0.0,0.0,0.0
2025-11-23 23:33:45,cluster_A,0,1,0,1,0.00,0.5,0.5,0.0,0.0,0.0
2025-11-23 23:33:45,clusterB,0,4,0,4,0.00,0.5,0.5,0.0,0.0,0.0
2025-11-23 23:33:50,clusterA,0,3,0,3,0.00,0.5,0.5,0.0,0.0,0.0
2025-11-23 23:33:50,cluster_A,0,1,0,1,0.00,0.5,0.5,0.0,0.0,0.0
2025-11-23 23:33:50,clusterB,0,4,0,4,0.00,0.5,0.5,0.0,0.0,0.0
2025-11-23 23:33:55,clusterA,0,3,0,3,0.00,0.5,0.5,0.0,0.0,0.0
2025-11-23 23:33:55,cluster_A,0,1,0,1,0.00,0.5,0.5,0.0,0.0,0.0
2025-11-23 23:33:55,clusterB,0,4,0,4,0.00,0.5,0.5,0.0,0.0,0.0
2025-11-23 23:34:00,clusterA,0,3,0,3,0.00,0.5,0.5,0.0,0.0,0.0
2025-11-23 23:34:00,cluster_A,0,1,0,1,0.00,0.5,0.5,0.0,0.0,0.0
2025-11-23 23:34:00,clusterB,0,4,0,4,0.00,0.5,0.5,0.0,0.0,0.0
2025-11-23 23:34:05,clusterA,0,3,0,3,0.00,0.5,0.5,0.0,0.0,0.0
2025-11-23 23:34:05,cluster_A,0,1,0,1,0.00,0.5,0.5,0.0,0.0,0.0
2025-11-23 23:34:05,clusterB,0,4,0,4,0.00,0.5,0.5,0.0,0.0,0.0
2025-11-23 23:34:10,clusterA,0,3,0,3,0.00,0.5,0.5,0.0,0.0,0.0
2025-11-23 23:34:10,cluster_A,0,1,0,1,0.00,0.5,0.5,0.0,0.0,0.0
2025-11-23 23:34:10,clusterB,0,4,0,4,0.00,0.5,0.5,0.0,0.0,0.0
2025-11-23 23:34:15,clusterA,0,3,0,3,0.00,0.5,0.5,0.0,0.0,0.0
2025-11-23 23:34:15,cluster_A,0,1,0,1,0.00,0.5,0.5,0.0,0.0,0.0
2025-11-23 23:34:15,clusterB,0,4,0,4,0.00,0.5,0.5,0.0,0.0,0.0
2025-11-23 23:34:20,clusterA,0,3,0,3,0.00,0.5,0.5,0.0,0.0,0.0
2025-11-23 23:34:20,cluster_A,0,1,0,1,0.00,0.5,0.5,0.0,0.0,0.0
2025-11-23 23:34:20,clusterB,0,4,0,4,0.00,0.5,0.5,0.0,0.0,0.0
2025-11-23 23:34:25,clusterA,0,3,0,3,0.00,0.5,0.5,0.0,0.0,0.0
2025-11-23 23:34:25,cluster_A,0,1,0,1,0.00,0.5,0.5,0.0,0.0,0.0
2025-11-23 23:34:25,clusterB,0,4,0,4,0.00,0.5,0.5,0.0,0.0,0.0
2025-11-23 23:34:30,clusterA,0,3,0,3,0.00,0.5,0.5,0.0,0.0,0.0
2025-11-23 23:34:30,cluster_A,0,1,0,1,0.00,0.5,0.5,0.0,0.0,0.0
2025-11-23 23:34:30,clusterB,0,4,0,4,0.00,0.5,0.5,0.0,0.0,0.0
2025-11-23 23:34:35,clusterA,0,3,0,3,0.00,0.5,0.5,0.0,0.0,0.0
2025-11-23 23:34:35,cluster_A,0,1,0,1,0.00,0.5,0.5,0.0,0.0,0.0
2025-11-23 23:34:35,clusterB,0,4,0,4,0.00,0.5,0.5,0.0,0.0,0.0
2025-11-23 23:34:40,clusterA,0,3,0,3,0.00,0.5,0.5,0.0,0.0,0.0
2025-11-23 23:34:40,cluster_A,0,1,0,1,0.00,0.5,0.5,0.0,0.0,0.0
2025-11-23 23:34:40,clusterB,0,4,0,4,0.00,0.5,0.5,0.0,0.0,0.0
2025-11-23 23:34:45,clusterA,0,3,0,3,0.00,0.5,0.5,0.0,0.0,0.0
2025-11-23 23:34:45,cluster_A,0,1,0,1,0.00,0.5,0.5,0.0,0.0,0.0
2025-11-23 23:34:45,clusterB,0,4,0,4,0.00,0.5,0.5,0.0,0.0,0.0
2025-11-23 23:34:50,clusterA,0,3,0,3,0.00,0.5,0.5,0.0,0.0,0.0
2025-11-23 23:34:50,cluster_A,0,1,0,1,0.00,0.5,0.5,0.0,0.0,0.0
2025-11-23 23:34:50,clusterB,0,4,0,4,0.00,0.5,0.5,0.0,0.0,0.0
2025-11-23 23:34:55,clusterA,0,3,0,3,0.00,0.5,0.5,0.0,0.0,0.0
2025-11-23 23:34:55,cluster_A,0,1,0,1,0.00,0.5,0.5,0.0,0.0,0.0
2025-11-23 23:34:55,clusterB,0,4,0,4,0.00,0.5,0.5,0.0,0.0,0.0
2025-11-23 23:35:00,clusterA,0,3,0,3,0.00,0.5,0.5,0.0,0.0,0.0
2025-11-23 23:35:00,cluster_A,0,1,0,1,0.00,0.5,0.5,0.0,0.0,0.0
2025-11-23 23:35:00,clusterB,0,4,0,4,0.00,0.5,0.5,0.0,0.0,0.0
2025-11-23 23:35:05,clusterA,0,3,0,3,0.00,0.5,0.5,0.0,0.0,0.0
2025-11-23 23:35:05,cluster_A,0,1,0,1,0.00,0.5,0.5,0.0,0.0,0.0
2025-11-23 23:35:05,clusterB,0,4,0,4,0.00,0.5,0.5,0.0,0.0,0.0
2025-11-23 23:35:10,clusterA,0,3,0,3,0.00,0.5,0.5,0.0,0.0,0.0
2025-11-23 23:35:10,cluster_A,0,1,0,1,0.00,0.5,0.5,0.0,0.0,0.0
2025-11-23 23:35:10,clusterB,0,4,0,4,0.00,0.5,0.5,0.0,0.0,0.0
2025-11-23 23:35:15,clusterA,0,3,0,3,0.00,0.5,0.5,0.0,0.0,0.0
2025-11-23 23:35:15,cluster_A,0,1,0,1,0.00,0.5,0.5,0.0,0.0,0.0
2025-11-23 23:35:15,clusterB,0,4,0,4,0.00,0.5,0.5,0.0,0.0,0.0
2025-11-23 23:35:20,clusterA,0,3,0,3,0.00,0.5,0.5,0.0,0.0,0.0
2025-11-23 23:35:20,cluster_A,0,1,0,1,0.00,0.5,0.5,0.0,0.0,0.0
2025-11-23 23:35:20,clusterB,0,4,0,4,0.00,0.5,0.5,0.0,0.0,0.0
2025-11-23 23:35:25,clusterA,0,3,0,3,0.00,0.5,0.5,0.0,0.0,0.0
2025-11-23 23:35:25,cluster_A,0,1,0,1,0.00,0.5,0.5,0.0,0.0,0.0
2025-11-23 23:35:25,clusterB,0,4,0,4,0.00,0.5,0.5,0.0,0.0,0.0
2025-11-23 23:35:30,clusterA,0,3,0,3,0.00,0.5,0.5,0.0,0.0,0.0
2025-11-23 23:35:30,cluster_A,0,1,0,1,0.00,0.5,0.5,0.0,0.0,0.0
2025-11-23 23:35:30,clusterB,0,4,0,4,0.00,0.5,0.5,0.0,0.0,0.0
2025-11-23 23:35:35,clusterA,0,3,0,3,0.00,0.5,0.5,0.0,0.0,0.0
2025-11-23 23:35:35,cluster_A,0,1,0,1,0.00,0.5,0.5,0.0,0.0,0.0
2025-11-23 23:35:35,clusterB,0,4,0,4,0.00,0.5,0.5,0.0,0.0,0.0
2025-11-23 23:35:40,clusterA,0,3,0,3,0.00,0.5,0.5,0.0,0.0,0.0
2025-11-23 23:35:40,cluster_A,0,1,0,1,0.00,0.5,0.5,0.0,0.0,0.0
2025-11-23 23:35:40,clusterB,0,4,0,4,0.00,0.5,0.5,0.0,0.0,0.0
2025-11-23 23:35:45,clusterA,0,3,0,3,0.00,0.5,0.5,0.0,0.0,0.0
2025-11-23 23:35:45,cluster_A,0,1,0,1,0.00,0.5,0.5,0.0,0.0,0.0
2025-11-23 23:35:45,clusterB,0,4,0,4,0.00,0.5,0.5,0.0,0.0,0.0
2025-11-23 23:35:50,clusterA,0,3,0,3,0.00,0.5,0.5,0.0,0.0,0.0
2025-11-23 23:35:50,cluster_A,0,1,0,1,0.00,0.5,0.5,0.0,0.0,0.0
2025-11-23 23:35:50,clusterB,0,4,0,4,0.00,0.5,0.5,0.0,0.0,0.0
2025-11-23 23:35:55,clusterA,0,3,0,3,0.00,0.5,0.5,0.0,0.0,0.0
2025-11-23 23:35:55,cluster_A,0,1,0,1,0.00,0.5,0.5,0.0,0.0,0.0
2025-11-23 23:35:55,clusterB,0,4,0,4,0.00,0.5,0.5,0.0,0.0,0.0
2025-11-23 23:36:00,clusterA,0,3,0,3,0.00,0.5,0.5,0.0,0.0,0.0
2025-11-23 23:36:00,cluster_A,0,1,0,1,0.00,0.5,0.5,0.0,0.0,0.0
2025-11-23 23:36:00,clusterB,0,4,0,4,0.00,0.5,0.5,0.0,0.0,0.0
2025-11-23 23:36:05,clusterA,0,3,0,3,0.00,0.5,0.5,0.0,0.0,0.0
2025-11-23 23:36:05,cluster_A,0,1,0,1,0.00,0.5,0.5,0.0,0.0,0.0
2025-11-23 23:36:05,clusterB,0,4,0,4,0.00,0.5,0.5,0.0,0.0,0.0
2025-11-23 23:36:10,clusterA,0,3,0,3,0.00,0.5,0.5,0.0,0.0,0.0
2025-11-23 23:36:10,cluster_A,0,1,0,1,0.00,0.5,0.5,0.0,0.0,0.0
2025-11-23 23:36:10,clusterB,0,4,0,4,0.00,0.5,0.5,0.0,0.0,0.0
2025-11-23 23:36:15,clusterA,0,3,0,3,0.00,0.5,0.5,0.0,0.0,0.0
2025-11-23 23:36:15,cluster_A,0,1,0,1,0.00,0.5,0.5,0.0,0.0,0.0
2025-11-23 23:36:15,clusterB,0,4,0,4,0.00,0.5,0.5,0.0,0.0,0.0
2025-11-23 23:36:20,clusterA,0,3,0,3,0.00,0.5,0.5,0.0,0.0,0.0
2025-11-23 23:36:20,cluster_A,0,1,0,1,0.00,0.5,0.5,0.0,0.0,0.0
2025-11-23 23:36:20,clusterB,0,4,0,4,0.00,0.5,0.5,0.0,0.0,0.0
2025-11-23 23:36:25,clusterA,0,3,0,3,0.00,0.5,0.5,0.0,0.0,0.0
2025-11-23 23:36:25,cluster_A,0,1,0,1,0.00,0.5,0.5,0.0,0.0,0.0
2025-11-23 23:36:25,clusterB,0,4,0,4,0.00,0.5,0.5,0.0,0.0,0.0
2025-11-23 23:36:30,clusterA,0,3,0,3,0.00,0.5,0.5,0.0,0.0,0.0
2025-11-23 23:36:30,cluster_A,0,1,0,1,0.00,0.5,0.5,0.0,0.0,0.0
2025-11-23 23:36:30,clusterB,0,4,0,4,0.00,0.5,0.5,0.0,0.0,0.0
2025-11-23 23:36:35,clusterA,0,3,0,3,0.00,0.5,0.5,0.0,0.0,0.0
2025-11-23 23:36:35,cluster_A,0,1,0,1,0.00,0.5,0.5,0.0,0.0,0.0
2025-11-23 23:36:35,clusterB,0,4,0,4,0.00,0.5,0.5,0.0,0.0,0.0
2025-11-23 23:36:40,clusterA,0,3,0,3,0.00,0.5,0.5,0.0,0.0,0.0
2025-11-23 23:36:40,cluster_A,0,1,0,1,0.00,0.5,0.5,0.0,0.0,0.0
2025-11-23 23:36:40,clusterB,0,4,0,4,0.00,0.5,0.5,0.0,0.0,0.0
2025-11-23 23:36:45,clusterA,0,3,0,3,0.00,0.5,0.5,0.0,0.0,0.0
2025-11-23 23:36:45,cluster_A,0,1,0,1,0.00,0.5,0.5,0.0,0.0,0.0
2025-11-23 23:36:45,clusterB,0,4,0,4,0.00,0.5,0.5,0.0,0.0,0.0
2025-11-23 23:36:50,clusterA,0,3,0,3,0.00,0.5,0.5,0.0,0.0,0.0
2025-11-23 23:36:50,cluster_A,0,1,0,1,0.00,0.5,0.5,0.0,0.0,0.0
2025-11-23 23:36:50,clusterB,0,4,0,4,0.00,0.5,0.5,0.0,0.0,0.0
2025-11-23 23:36:55,clusterA,0,3,0,3,0.00,0.5,0.5,0.0,0.0,0.0
2025-11-23 23:36:55,cluster_A,0,1,0,1,0.00,0.5,0.5,0.0,0.0,0.0
2025-11-23 23:36:55,clusterB,0,4,0,4,0.00,0.5,0.5,0.0,0.0,0.0
2025-11-23 23:37:00,clusterA,0,3,0,3,0.00,0.5,0.5,0.0,0.0,0.0
2025-11-23 23:37:00,cluster_A,0,1,0,1,0.00,0.5,0.5,0.0,0.0,0.0
2025-11-23 23:37:00,clusterB,0,4,0,4,0.00,0.5,0.5,0.0,0.0,0.0
2025-11-23 23:37:05,clusterA,0,3,0,3,0.00,0.5,0.5,0.0,0.0,0.0
2025-11-23 23:37:05,cluster_A,0,1,0,1,0.00,0.5,0.5,0.0,0.0,0.0
2025-11-23 23:37:05,clusterB,0,4,0,4,0.00,0.5,0.5,0.0,0.0,0.0
2025-11-23 23:37:10,clusterA,0,3,0,3,0.00,0.5,0.5,0.0,0.0,0.0
2025-11-23 23:37:10,cluster_A,0,1,0,1,0.00,0.5,0.5,0.0,0.0,0.0
2025-11-23 23:37:10,clusterB,0,4,0,4,0.00,0.5,0.5,0.0,0.0,0.0
2025-11-23 23:37:15,clusterA,0,3,0,3,0.00,0.5,0.5,0.0,0.0,0.0
2025-11-23 23:37:15,cluster_A,0,1,0,1,0.00,0.5,0.5,0.0,0.0,0.0
2025-11-23 23:37:15,clusterB,0,4,0,4,0.00,0.5,0.5,0.0,0.0,0.0
2025-11-23 23:37:20,clusterA,0,3,0,3,0.00,0.5,0.5,0.0,0.0,0.0
2025-11-23 23:37:20,cluster_A,0,1,0,1,0.00,0.5,0.5,0.0,0.0,0.0
2025-11-23 23:37:20,clusterB,0,4,0,4,0.00,0.5,0.5,0.0,0.0,0.0
2025-11-23 23:37:25,clusterA,0,3,0,3,0.00,0.5,0.5,0.0,0.0,0.0
2025-11-23 23:37:25,cluster_A,0,1,0,1,0.00,0.5,0.5,0.0,0.0,0.0
2025-11-23 23:37:25,clusterB,0,4,0,4,0.00,0.5,0.5,0.0,0.0,0.0
2025-11-23 23:37:30,clusterA,0,3,0,3,0.00,0.5,0.5,0.0,0.0,0.0
2025-11-23 23:37:30,cluster_A,0,1,0,1,0.00,0.5,0.5,0.0,0.0,0.0
2025-11-23 23:37:30,clusterB,0,4,0,4,0.00,0.5,0.5,0.0,0.0,0.0
2025-11-23 23:37:35,clusterA,0,3,0,3,0.00,0.5,0.5,0.0,0.0,0.0
2025-11-23 23:37:35,cluster_A,0,1,0,1,0.00,0.5,0.5,0.0,0.0,0.0
2025-11-23 23:37:35,clusterB,0,4,0,4,0.00,0.5,0.5,0.0,0.0,0.0
2025-11-23 23:37:40,clusterA,0,3,0,3,0.00,0.5,0.5,0.0,0.0,0.0
2025-11-23 23:37:40,cluster_A,0,1,0,1,0.00,0.5,0.5,0.0,0.0,0.0
2025-11-23 23:37:40,clusterB,0,4,0,4,0.00,0.5,0.5,0.0,0.0,0.0
2025-11-23 23:37:45,clusterA,0,3,0,3,0.00,0.5,0.5,0.0,0.0,0.0
2025-11-23 23:37:45,cluster_A,0,1,0,1,0.00,0.5,0.5,0.0,0.0,0.0
2025-11-23 23:37:45,clusterB,0,4,0,4,0.00,0.5,0.5,0.0,0.0,0.0
2025-11-23 23:37:50,clusterA,0,3,0,3,0.00,0.5,0.5,0.0,0.0,0.0
2025-11-23 23:37:50,cluster_A,0,1,0,1,0.00,0.5,0.5,0.0,0.0,0.0
2025-11-23 23:37:50,clusterB,0,4,0,4,0.00,0.5,0.5,0.0,0.0,0.0
2025-11-23 23:37:55,clusterA,0,3,0,3,0.00,0.5,0.5,0.0,0.0,0.0
2025-11-23 23:37:55,cluster_A,0,1,0,1,0.00,0.5,0.5,0.0,0.0,0.0
2025-11-23 23:37:55,clusterB,0,4,0,4,0.00,0.5,0.5,0.0,0.0,0.0
2025-11-23 23:38:00,clusterA,0,3,0,3,0.00,0.5,0.5,0.0,0.0,0.0
2025-11-23 23:38:00,cluster_A,0,1,0,1,0.00,0.5,0.5,0.0,0.0,0.0
2025-11-23 23:38:00,clusterB,0,4,0,4,0.00,0.5,0.5,0.0,0.0,0.0
2025-11-23 23:38:05,clusterA,0,3,0,3,0.00,0.5,0.5,0.0,0.0,0.0
2025-11-23 23:38:05,cluster_A,0,1,0,1,0.00,0.5,0.5,0.0,0.0,0.0
2025-11-23 23:38:05,clusterB,0,4,0,4,0.00,0.5,0.5,0.0,0.0,0.0
2025-11-23 23:38:10,clusterA,0,3,0,3,0.00,0.5,0.5,0.0,0.0,0.0
2025-11-23 23:38:10,cluster_A,0,1,0,1,0.00,0.5,0.5,0.0,0.0,0.0
2025-11-23 23:38:10,clusterB,0,4,0,4,0.00,0.5,0.5,0.0,0.0,0.0
2025-11-23 23:38:15,clusterA,0,3,0,3,0.00,0.5,0.5,0.0,0.0,0.0
2025-11-23 23:38:15,cluster_A,0,1,0,1,0.00,0.5,0.5,0.0,0.0,0.0
2025-11-23 23:38:15,clusterB,0,4,0,4,0.00,0.5,0.5,0.0,0.0,0.0
2025-11-23 23:38:20,clusterA,0,3,0,3,0.00,0.5,0.5,0.0,0.0,0.0
2025-11-23 23:38:20,cluster_A,0,1,0,1,0.00,0.5,0.5,0.0,0.0,0.0
2025-11-23 23:38:20,clusterB,0,4,0,4,0.00,0.5,0.5,0.0,0.0,0.0
2025-11-23 23:38:25,clusterA,0,3,0,3,0.00,0.5,0.5,0.0,0.0,0.0
2025-11-23 23:38:25,cluster_A,0,1,0,1,0.00,0.5,0.5,0.0,0.0,0.0
2025-11-23 23:38:25,clusterB,0,4,0,4,0.00,0.5,0.5,0.0,0.0,0.0
2025-11-23 23:38:30,clusterA,0,3,0,3,0.00,0.5,0.5,0.0,0.0,0.0
2025-11-23 23:38:30,cluster_A,0,1,0,1,0.00,0.5,0.5,0.0,0.0,0.0
2025-11-23 23:38:30,clusterB,0,4,0,4,0.00,0.5,0.5,0.0,0.0,0.0
2025-11-23 23:38:35,clusterA,0,3,0,3,0.00,0.5,0.5,0.0,0.0,0.0
2025-11-23 23:38:35,cluster_A,0,1,0,1,0.00,0.5,0.5,0.0,0.0,0.0
2025-11-23 23:38:35,clusterB,0,4,0,4,0.00,0.5,0.5,0.0,0.0,0.0
2025-11-23 23:38:40,clusterA,0,3,0,3,0.00,0.5,0.5,0.0,0.0,0.0
2025-11-23 23:38:40,cluster_A,0,1,0,1,0.00,0.5,0.5,0.0,0.0,0.0
2025-11-23 23:38:40,clusterB,0,4,0,4,0.00,0.5,0.5,0.0,0.0,0.0
2025-11-23 23:38:45,clusterA,0,3,0,3,0.00,0.5,0.5,0.0,0.0,0.0
2025-11-23 23:38:45,cluster_A,0,1,0,1,0.00,0.5,0.5,0.0,0.0,0.0
2025-11-23 23:38:45,clusterB,0,4,0,4,0.00,0.5,0.5,0.0,0.0,0.0
2025-11-23 23:38:50,clusterA,0,3,0,3,0.00,0.5,0.5,0.0,0.0,0.0
2025-11-23 23:38:50,cluster_A,0,1,0,1,0.00,0.5,0.5,0.0,0.0,0.0
2025-11-23 23:38:50,clusterB,0,4,0,4,0.00,0.5,0.5,0.0,0.0,0.0
2025-11-23 23:38:55,clusterA,0,3,0,3,0.00,0.5,0.5,0.0,0.0,0.0
2025-11-23 23:38:55,cluster_A,0,1,0,1,0.00,0.5,0.5,0.0,0.0,0.0
2025-11-23 23:38:55,clusterB,0,4,0,4,0.00,0.5,0.5,0.0,0.0,0.0
2025-11-23 23:39:00,clusterA,0,3,0,3,0.00,0.5,0.5,0.0,0.0,0.0
2025-11-23 23:39:00,cluster_A,0,1,0,1,0.00,0.5,0.5,0.0,0.0,0.0
2025-11-23 23:39:00,clusterB,0,4,0,4,0.00,0.5,0.5,0.0,0.0,0.0
2025-11-23 23:39:05,clusterA,0,3,0,3,0.00,0.5,0.5,0.0,0.0,0.0
2025-11-23 23:39:05,cluster_A,0,1,0,1,0.00,0.5,0.5,0.0,0.0,0.0
2025-11-23 23:39:05,clusterB,0,4,0,4,0.00,0.5,0.5,0.0,0.0,0.0
2025-11-23 23:39:10,clusterA,0,3,0,3,0.00,0.5,0.5,0.0,0.0,0.0
2025-11-23 23:39:10,cluster_A,0,1,0,1,0.00,0.5,0.5,0.0,0.0,0.0
2025-11-23 23:39:10,clusterB,0,4,0,4,0.00,0.5,0.5,0.0,0.0,0.0
2025-11-23 23:39:15,clusterA,1,3,0,3,0.00,0.5,0.5,0.0,0.0,0.0
2025-11-23 23:39:15,cluster_A,1,1,0,1,0.00,0.5,0.5,0.0,0.0,0.0
2025-11-23 23:39:15,clusterB,1,4,0,4,0.00,0.5,0.5,0.0,0.0,0.0
2025-11-23 23:39:20,clusterA,0,3,1,2,0.33,0.5,0.5,0.0,0.0,0.0
2025-11-23 23:39:20,cluster_A,0,1,0,1,0.00,0.5,0.5,0.0,0.0,0.0
2025-11-23 23:39:20,clusterB,0,4,0,4,0.00,0.5,0.5,0.0,0.0,0.0
2025-11-23 23:39:25,clusterA,0,3,1,2,0.33,0.5,0.5,0.0,0.0,0.0
2025-11-23 23:39:25,cluster_A,0,1,0,1,0.00,0.5,0.5,0.0,0.0,0.0
2025-11-23 23:39:25,clusterB,0,4,0,4,0.00,0.5,0.5,0.0,0.0,0.0
2025-11-23 23:39:30,clusterA,0,3,1,2,0.33,0.5,0.5,0.0,0.0,0.0
2025-11-23 23:39:30,cluster_A,0,1,0,1,0.00,0.5,0.5,0.0,0.0,0.0
2025-11-23 23:39:30,clusterB,0,4,0,4,0.00,0.5,0.5,0.0,0.0,0.0
2025-11-23 23:39:35,clusterA,0,3,1,2,0.33,0.5,0.5,0.0,0.0,0.0
2025-11-23 23:39:35,cluster_A,0,1,0,1,0.00,0.5,0.5,0.0,0.0,0.0
2025-11-23 23:39:35,clusterB,0,4,0,4,0.00,0.5,0.5,0.0,0.0,0.0
2025-11-23 23:39:41,clusterA,0,3,1,2,0.33,0.5,0.5,0.0,0.0,0.0
2025-11-23 23:39:41,cluster_A,0,1,0,1,0.00,0.5,0.5,0.0,0.0,0.0
2025-11-23 23:39:41,clusterB,0,4,0,4,0.00,0.5,0.5,0.0,0.0,0.0
2025-11-23 23:39:46,clusterA,0,3,1,2,0.33,0.5,0.5,0.0,0.0,0.0
2025-11-23 23:39:46,cluster_A,0,1,0,1,0.00,0.5,0.5,0.0,0.0,0.0
2025-11-23 23:39:46,clusterB,0,4,0,4,0.00,0.5,0.5,0.0,0.0,0.0
2025-11-23 23:39:51,clusterA,0,3,1,2,0.33,0.5,0.5,0.0,0.0,0.0
2025-11-23 23:39:51,cluster_A,0,1,0,1,0.00,0.5,0.5,0.0,0.0,0.0
2025-11-23 23:39:51,clusterB,0,4,0,4,0.00,0.5,0.5,0.0,0.0,0.0
2025-11-23 23:39:56,clusterA,0,3,1,2,0.33,0.5,0.5,0.0,0.0,0.0
2025-11-23 23:39:56,cluster_A,0,1,0,1,0.00,0.5,0.5,0.0,0.0,0.0
2025-11-23 23:39:56,clusterB,0,4,0,4,0.00,0.5,0.5,0.0,0.0,0.0
2025-11-23 23:40:02,clusterA,0,3,1,2,0.33,0.5,0.5,0.0,0.0,0.0
2025-11-23 23:40:02,cluster_A,0,1,0,1,0.00,0.5,0.5,0.0,0.0,0.0
2025-11-23 23:40:02,clusterB,0,4,0,4,0.00,0.5,0.5,0.0,0.0,0.0
2025-11-23 23:40:07,clusterA,0,3,1,2,0.33,0.5,0.5,0.0,0.0,0.0
2025-11-23 23:40:07,cluster_A,0,1,0,1,0.00,0.5,0.5,0.0,0.0,0.0
2025-11-23 23:40:07,clusterB,0,4,0,4,0.00,0.5,0.5,0.0,0.0,0.0
2025-11-23 23:40:12,clusterA,0,3,1,2,0.33,0.5,0.5,0.0,0.0,0.0
2025-11-23 23:40:12,cluster_A,0,1,0,1,0.00,0.5,0.5,0.0,0.0,0.0
2025-11-23 23:40:12,clusterB,0,4,0,4,0.00,0.5,0.5,0.0,0.0,0.0
2025-11-23 23:40:17,clusterA,0,3,1,2,0.33,0.5,0.5,0.0,0.0,0.0
2025-11-23 23:40:17,cluster_A,0,1,0,1,0.00,0.5,0.5,0.0,0.0,0.0
2025-11-23 23:40:17,clusterB,0,4,0,4,0.00,0.5,0.5,0.0,0.0,0.0
2025-11-23 23:40:22,clusterA,0,3,1,2,0.33,0.5,0.5,0.0,0.0,0.0
2025-11-23 23:40:22,cluster_A,0,1,0,1,0.00,0.5,0.5,0.0,0.0,0.0
2025-11-23 23:40:22,clusterB,0,4,0,4,0.00,0.5,0.5,0.0,0.0,0.0
2025-11-23 23:40:28,clusterA,0,3,1,2,0.33,0.5,0.5,0.0,0.0,0.0
2025-11-23 23:40:28,cluster_A,0,1,0,1,0.00,0.5,0.5,0.0,0.0,0.0
2025-11-23 23:40:28,clusterB,0,4,0,4,0.00,0.5,0.5,0.0,0.0,0.0
2025-11-23 23:40:33,clusterA,0,3,1,2,0.33,0.5,0.5,0.0,0.0,0.0
2025-11-23 23:40:33,cluster_A,0,1,0,1,0.00,0.5,0.5,0.0,0.0,0.0
2025-11-23 23:40:33,clusterB,0,4,0,4,0.00,0.5,0.5,0.0,0.0,0.0
2025-11-23 23:40:38,clusterA,0,3,1,2,0.33,0.5,0.5,0.0,0.0,0.0
2025-11-23 23:40:38,cluster_A,0,1,0,1,0.00,0.5,0.5,0.0,0.0,0.0
2025-11-23 23:40:38,clusterB,0,4,0,4,0.00,0.5,0.5,0.0,0.0,0.0
2025-11-23 23:40:43,clusterA,0,3,1,2,0.33,0.5,0.5,0.0,0.0,0.0
2025-11-23 23:40:43,cluster_A,0,1,0,1,0.00,0.5,0.5,0.0,0.0,0.0
2025-11-23 23:40:43,clusterB,0,4,0,4,0.00,0.5,0.5,0.0,0.0,0.0
2025-11-23 23:40:48,clusterA,0,3,1,2,0.33,0.5,0.5,0.0,0.0,0.0
2025-11-23 23:40:48,cluster_A,0,1,0,1,0.00,0.5,0.5,0.0,0.0,0.0
2025-11-23 23:40:48,clusterB,0,4,0,4,0.00,0.5,0.5,0.0,0.0,0.0
2025-11-23 23:40:54,clusterA,0,3,1,2,0.33,0.5,0.5,0.0,0.0,0.0
2025-11-23 23:40:54,cluster_A,0,1,0,1,0.00,0.5,0.5,0.0,0.0,0.0
2025-11-23 23:40:54,clusterB,0,4,0,4,0.00,0.5,0.5,0.0,0.0,0.0
2025-11-23 23:40:59,clusterA,0,3,1,2,0.33,0.5,0.5,0.0,0.0,0.0
2025-11-23 23:40:59,cluster_A,0,1,0,1,0.00,0.5,0.5,0.0,0.0,0.0
2025-11-23 23:40:59,clusterB,0,4,0,4,0.00,0.5,0.5,0.0,0.0,0.0
2025-11-23 23:41:04,clusterA,0,3,1,2,0.33,0.5,0.5,0.0,0.0,0.0
2025-11-23 23:41:04,cluster_A,0,1,0,1,0.00,0.5,0.5,0.0,0.0,0.0
2025-11-23 23:41:04,clusterB,0,4,0,4,0.00,0.5,0.5,0.0,0.0,0.0
2025-11-23 23:41:09,clusterA,0,3,1,2,0.33,0.5,0.5,0.0,0.0,0.0
2025-11-23 23:41:09,cluster_A,0,1,0,1,0.00,0.5,0.5,0.0,0.0,0.0
2025-11-23 23:41:09,clusterB,0,4,0,4,0.00,0.5,0.5,0.0,0.0,0.0
2025-11-23 23:41:15,clusterA,0,3,1,2,0.33,0.5,0.5,0.0,0.0,0.0
2025-11-23 23:41:15,cluster_A,0,1,0,1,0.00,0.5,0.5,0.0,0.0,0.0
2025-11-23 23:41:15,clusterB,0,4,0,4,0.00,0.5,0.5,0.0,0.0,0.0
2025-11-23 23:41:20,clusterA,0,3,1,2,0.33,0.5,0.5,0.0,0.0,0.0
2025-11-23 23:41:20,cluster_A,0,1,0,1,0.00,0.5,0.5,0.0,0.0,0.0
2025-11-23 23:41:20,clusterB,0,4,0,4,0.00,0.5,0.5,0.0,0.0,0.0
2025-11-23 23:41:25,clusterA,0,3,1,2,0.33,0.5,0.5,0.0,0.0,0.0
2025-11-23 23:41:25,cluster_A,0,1,0,1,0.00,0.5,0.5,0.0,0.0,0.0
2025-11-23 23:41:25,clusterB,0,4,0,4,0.00,0.5,0.5,0.0,0.0,0.0
2025-11-23 23:41:30,clusterA,0,3,1,2,0.33,0.5,0.5,0.0,0.0,0.0
2025-11-23 23:41:30,cluster_A,0,1,0,1,0.00,0.5,0.5,0.0,0.0,0.0
2025-11-23 23:41:30,clusterB,0,4,0,4,0.00,0.5,0.5,0.0,0.0,0.0
2025-11-23 23:41:35,clusterA,0,3,1,2,0.33,0.5,0.5,0.0,0.0,0.0
2025-11-23 23:41:35,cluster_A,0,1,0,1,0.00,0.5,0.5,0.0,0.0,0.0
2025-11-23 23:41:35,clusterB,0,4,0,4,0.00,0.5,0.5,0.0,0.0,0.0
2025-11-23 23:41:41,clusterA,0,3,1,2,0.33,0.5,0.5,0.0,0.0,0.0
2025-11-23 23:41:41,cluster_A,0,1,0,1,0.00,0.5,0.5,0.0,0.0,0.0
2025-11-23 23:41:41,clusterB,0,4,0,4,0.00,0.5,0.5,0.0,0.0,0.0
2025-11-23 23:41:46,clusterA,0,3,1,2,0.33,0.5,0.5,0.0,0.0,0.0
2025-11-23 23:41:46,cluster_A,0,1,0,1,0.00,0.5,0.5,0.0,0.0,0.0
2025-11-23 23:41:46,clusterB,0,4,0,4,0.00,0.5,0.5,0.0,0.0,0.0
2025-11-23 23:41:51,clusterA,0,3,1,2,0.33,0.5,0.5,0.0,0.0,0.0
2025-11-23 23:41:51,cluster_A,0,1,0,1,0.00,0.5,0.5,0.0,0.0,0.0
2025-11-23 23:41:51,clusterB,0,4,0,4,0.00,0.5,0.5,0.0,0.0,0.0
2025-11-23 23:41:56,clusterA,0,3,1,2,0.33,0.5,0.5,0.0,0.0,0.0
2025-11-23 23:41:56,cluster_A,0,1,0,1,0.00,0.5,0.5,0.0,0.0,0.0
2025-11-23 23:41:56,clusterB,0,4,0,4,0.00,0.5,0.5,0.0,0.0,0.0
2025-11-23 23:42:01,clusterA,0,3,1,2,0.33,0.5,0.5,0.0,0.0,0.0
2025-11-23 23:42:01,cluster_A,0,1,0,1,0.00,0.5,0.5,0.0,0.0,0.0
2025-11-23 23:42:01,clusterB,0,4,0,4,0.00,0.5,0.5,0.0,0.0,0.0
2025-11-23 23:42:07,clusterA,0,3,1,2,0.33,0.5,0.5,0.0,0.0,0.0
2025-11-23 23:42:07,cluster_A,0,1,0,1,0.00,0.5,0.5,0.0,0.0,0.0
2025-11-23 23:42:07,clusterB,0,4,0,4,0.00,0.5,0.5,0.0,0.0,0.0
2025-11-23 23:42:12,clusterA,0,3,1,2,0.33,0.5,0.5,0.0,0.0,0.0
2025-11-23 23:42:12,cluster_A,0,1,0,1,0.00,0.5,0.5,0.0,0.0,0.0
2025-11-23 23:42:12,clusterB,0,4,0,4,0.00,0.5,0.5,0.0,0.0,0.0
2025-11-23 23:42:17,clusterA,0,3,1,2,0.33,0.5,0.5,0.0,0.0,0.0
2025-11-23 23:42:17,cluster_A,0,1,0,1,0.00,0.5,0.5,0.0,0.0,0.0
2025-11-23 23:42:17,clusterB,0,4,0,4,0.00,0.5,0.5,0.0,0.0,0.0
2025-11-23 23:42:22,clusterA,0,3,1,2,0.33,0.5,0.5,0.0,0.0,0.0
2025-11-23 23:42:22,cluster_A,0,1,0,1,0.00,0.5,0.5,0.0,0.0,0.0
2025-11-23 23:42:22,clusterB,0,4,0,4,0.00,0.5,0.5,0.0,0.0,0.0
2025-11-23 23:42:28,clusterA,0,3,1,2,0.33,0.5,0.5,0.0,0.0,0.0
2025-11-23 23:42:28,cluster_A,0,1,0,1,0.00,0.5,0.5,0.0,0.0,0.0
2025-11-23 23:42:28,clusterB,0,4,0,4,0.00,0.5,0.5,0.0,0.0,0.0
2025-11-23 23:42:33,clusterA,1,3,1,2,0.33,0.5,0.5,0.0,0.0,0.0
2025-11-23 23:42:33,cluster_A,1,1,0,1,0.00,0.5,0.5,0.0,0.0,0.0
2025-11-23 23:42:33,clusterB,1,4,0,4,0.00,0.5,0.5,0.0,0.0,0.0
2025-11-23 23:42:38,clusterA,0,3,1,2,0.33,0.5,0.5,0.0,0.0,0.0
2025-11-23 23:42:38,cluster_A,0,1,1,0,1.00,0.5,0.5,0.0,0.0,0.0
2025-11-23 23:42:38,clusterB,0,4,0,4,0.00,0.5,0.5,0.0,0.0,0.0
2025-11-23 23:42:43,clusterA,0,3,1,2,0.33,0.5,0.5,0.0,0.0,0.0
2025-11-23 23:42:43,cluster_A,0,1,1,0,1.00,0.5,0.5,0.0,0.0,0.0
2025-11-23 23:42:43,clusterB,0,4,0,4,0.00,0.5,0.5,0.0,0.0,0.0
2025-11-23 23:42:48,clusterA,0,3,1,2,0.33,0.5,0.5,0.0,0.0,0.0
2025-11-23 23:42:48,cluster_A,0,1,1,0,1.00,0.5,0.5,0.0,0.0,0.0
2025-11-23 23:42:48,clusterB,0,4,0,4,0.00,0.5,0.5,0.0,0.0,0.0
2025-11-23 23:42:54,clusterA,0,3,1,2,0.33,0.5,0.5,0.0,0.0,0.0
2025-11-23 23:42:54,cluster_A,0,1,1,0,1.00,0.5,0.5,0.0,0.0,0.0
2025-11-23 23:42:54,clusterB,0,4,0,4,0.00,0.5,0.5,0.0,0.0,0.0
2025-11-23 23:42:59,clusterA,0,3,1,2,0.33,0.5,0.5,0.0,0.0,0.0
2025-11-23 23:42:59,cluster_A,0,1,1,0,1.00,0.5,0.5,0.0,0.0,0.0
2025-11-23 23:42:59,clusterB,0,4,0,4,0.00,0.5,0.5,0.0,0.0,0.0
2025-11-23 23:43:04,clusterA,0,3,1,2,0.33,0.5,0.5,0.0,0.0,0.0
2025-11-23 23:43:04,cluster_A,0,1,1,0,1.00,0.5,0.5,0.0,0.0,0.0
2025-11-23 23:43:04,clusterB,0,4,0,4,0.00,0.5,0.5,0.0,0.0,0.0
2025-11-23 23:43:09,clusterA,0,3,1,2,0.33,0.5,0.5,0.0,0.0,0.0
2025-11-23 23:43:09,cluster_A,0,1,1,0,1.00,0.5,0.5,0.0,0.0,0.0
2025-11-23 23:43:09,clusterB,0,4,0,4,0.00,0.5,0.5,0.0,0.0,0.0
2025-11-23 23:43:15,clusterA,0,3,1,2,0.33,0.5,0.5,0.0,0.0,0.0
2025-11-23 23:43:15,cluster_A,0,1,1,0,1.00,0.5,0.5,0.0,0.0,0.0
2025-11-23 23:43:15,clusterB,0,4,0,4,0.00,0.5,0.5,0.0,0.0,0.0
2025-11-23 23:43:20,clusterA,0,3,1,2,0.33,0.5,0.5,0.0,0.0,0.0
2025-11-23 23:43:20,cluster_A,0,1,1,0,1.00,0.5,0.5,0.0,0.0,0.0
2025-11-23 23:43:20,clusterB,0,4,0,4,0.00,0.5,0.5,0.0,0.0,0.0
2025-11-23 23:43:25,clusterA,0,3,1,2,0.33,0.5,0.5,0.0,0.0,0.0
2025-11-23 23:43:25,cluster_A,0,1,1,0,1.00,0.5,0.5,0.0,0.0,0.0
2025-11-23 23:43:25,clusterB,0,4,0,4,0.00,0.5,0.5,0.0,0.0,0.0
2025-11-23 23:43:30,clusterA,0,3,1,2,0.33,0.5,0.5,0.0,0.0,0.0
2025-11-23 23:43:30,cluster_A,0,1,1,0,1.00,0.5,0.5,0.0,0.0,0.0
2025-11-23 23:43:30,clusterB,0,4,0,4,0.00,0.5,0.5,0.0,0.0,0.0
2025-11-23 23:43:35,clusterA,0,3,1,2,0.33,0.5,0.5,0.0,0.0,0.0
2025-11-23 23:43:35,cluster_A,0,1,1,0,1.00,0.5,0.5,0.0,0.0,0.0
2025-11-23 23:43:35,clusterB,0,4,0,4,0.00,0.5,0.5,0.0,0.0,0.0
2025-11-23 23:43:41,clusterA,0,3,1,2,0.33,0.5,0.5,0.0,0.0,0.0
2025-11-23 23:43:41,cluster_A,0,1,1,0,1.00,0.5,0.5,0.0,0.0,0.0
2025-11-23 23:43:41,clusterB,0,4,0,4,0.00,0.5,0.5,0.0,0.0,0.0
2025-11-23 23:43:46,clusterA,0,3,1,2,0.33,0.5,0.5,0.0,0.0,0.0
2025-11-23 23:43:46,cluster_A,0,1,1,0,1.00,0.5,0.5,0.0,0.0,0.0
2025-11-23 23:43:46,clusterB,0,4,0,4,0.00,0.5,0.5,0.0,0.0,0.0
2025-11-23 23:43:51,clusterA,0,3,1,2,0.33,0.5,0.5,0.0,0.0,0.0
2025-11-23 23:43:51,cluster_A,0,1,1,0,1.00,0.5,0.5,0.0,0.0,0.0
2025-11-23 23:43:51,clusterB,0,4,0,4,0.00,0.5,0.5,0.0,0.0,0.0
2025-11-23 23:43:56,clusterA,0,3,1,2,0.33,0.5,0.5,0.0,0.0,0.0
2025-11-23 23:43:56,cluster_A,0,1,1,0,1.00,0.5,0.5,0.0,0.0,0.0
2025-11-23 23:43:56,clusterB,0,4,0,4,0.00,0.5,0.5,0.0,0.0,0.0
2025-11-23 23:44:02,clusterA,0,3,1,2,0.33,0.5,0.5,0.0,0.0,0.0
2025-11-23 23:44:02,cluster_A,0,1,1,0,1.00,0.5,0.5,0.0,0.0,0.0
2025-11-23 23:44:02,clusterB,0,4,0,4,0.00,0.5,0.5,0.0,0.0,0.0
2025-11-23 23:44:07,clusterA,0,3,1,2,0.33,0.5,0.5,0.0,0.0,0.0
2025-11-23 23:44:07,cluster_A,0,1,1,0,1.00,0.5,0.5,0.0,0.0,0.0
2025-11-23 23:44:07,clusterB,0,4,0,4,0.00,0.5,0.5,0.0,0.0,0.0
2025-11-23 23:44:12,clusterA,0,3,1,2,0.33,0.5,0.5,0.0,0.0,0.0
2025-11-23 23:44:12,cluster_A,0,1,1,0,1.00,0.5,0.5,0.0,0.0,0.0
2025-11-23 23:44:12,clusterB,0,4,0,4,0.00,0.5,0.5,0.0,0.0,0.0
2025-11-23 23:44:17,clusterA,0,3,1,2,0.33,0.5,0.5,0.0,0.0,0.0
2025-11-23 23:44:17,cluster_A,0,1,1,0,1.00,0.5,0.5,0.0,0.0,0.0
2025-11-23 23:44:17,clusterB,0,4,0,4,0.00,0.5,0.5,0.0,0.0,0.0
2025-11-23 23:44:22,clusterA,0,3,1,2,0.33,0.5,0.5,0.0,0.0,0.0
2025-11-23 23:44:22,cluster_A,0,1,1,0,1.00,0.5,0.5,0.0,0.0,0.0
2025-11-23 23:44:22,clusterB,0,4,0,4,0.00,0.5,0.5,0.0,0.0,0.0
2025-11-23 23:44:28,clusterA,0,3,1,2,0.33,0.5,0.5,0.0,0.0,0.0
2025-11-23 23:44:28,cluster_A,0,1,1,0,1.00,0.5,0.5,0.0,0.0,0.0
2025-11-23 23:44:28,clusterB,0,4,0,4,0.00,0.5,0.5,0.0,0.0,0.0
2025-11-23 23:44:33,clusterA,0,3,1,2,0.33,0.5,0.5,0.0,0.0,0.0
2025-11-23 23:44:33,cluster_A,0,1,1,0,1.00,0.5,0.5,0.0,0.0,0.0
2025-11-23 23:44:33,clusterB,0,4,0,4,0.00,0.5,0.5,0.0,0.0,0.0
2025-11-23 23:44:38,clusterA,0,3,1,2,0.33,0.5,0.5,0.0,0.0,0.0
2025-11-23 23:44:38,cluster_A,0,1,1,0,1.00,0.5,0.5,0.0,0.0,0.0
2025-11-23 23:44:38,clusterB,0,4,0,4,0.00,0.5,0.5,0.0,0.0,0.0
2025-11-23 23:44:43,clusterA,0,3,1,2,0.33,0.5,0.5,0.0,0.0,0.0
2025-11-23 23:44:43,cluster_A,0,1,1,0,1.00,0.5,0.5,0.0,0.0,0.0
2025-11-23 23:44:43,clusterB,0,4,0,4,0.00,0.5,0.5,0.0,0.0,0.0
2025-11-23 23:44:48,clusterA,0,3,1,2,0.33,0.5,0.5,0.0,0.0,0.0
2025-11-23 23:44:48,cluster_A,0,1,1,0,1.00,0.5,0.5,0.0,0.0,0.0
2025-11-23 23:44:48,clusterB,0,4,0,4,0.00,0.5,0.5,0.0,0.0,0.0
2025-11-23 23:44:54,clusterA,0,3,1,2,0.33,0.5,0.5,0.0,0.0,0.0
2025-11-23 23:44:54,cluster_A,0,1,1,0,1.00,0.5,0.5,0.0,0.0,0.0
2025-11-23 23:44:54,clusterB,0,4,0,4,0.00,0.5,0.5,0.0,0.0,0.0
2025-11-23 23:44:59,clusterA,0,3,1,2,0.33,0.5,0.5,0.0,0.0,0.0
2025-11-23 23:44:59,cluster_A,0,1,1,0,1.00,0.5,0.5,0.0,0.0,0.0
2025-11-23 23:44:59,clusterB,0,4,0,4,0.00,0.5,0.5,0.0,0.0,0.0
2025-11-23 23:45:04,clusterA,0,3,1,2,0.33,0.5,0.5,0.0,0.0,0.0
2025-11-23 23:45:04,cluster_A,0,1,1,0,1.00,0.5,0.5,0.0,0.0,0.0
2025-11-23 23:45:04,clusterB,0,4,0,4,0.00,0.5,0.5,0.0,0.0,0.0
2025-11-23 23:45:09,clusterA,0,3,1,2,0.33,0.5,0.5,0.0,0.0,0.0
2025-11-23 23:45:09,cluster_A,0,1,1,0,1.00,0.5,0.5,0.0,0.0,0.0
2025-11-23 23:45:09,clusterB,0,4,0,4,0.00,0.5,0.5,0.0,0.0,0.0
2025-11-23 23:45:15,clusterA,0,3,1,2,0.33,0.5,0.5,0.0,0.0,0.0
2025-11-23 23:45:15,cluster_A,0,1,1,0,1.00,0.5,0.5,0.0,0.0,0.0
2025-11-23 23:45:15,clusterB,0,4,0,4,0.00,0.5,0.5,0.0,0.0,0.0
2025-11-23 23:45:20,clusterA,0,3,1,2,0.33,0.5,0.5,0.0,0.0,0.0
2025-11-23 23:45:20,cluster_A,0,1,1,0,1.00,0.5,0.5,0.0,0.0,0.0
2025-11-23 23:45:20,clusterB,0,4,0,4,0.00,0.5,0.5,0.0,0.0,0.0
2025-11-23 23:45:25,clusterA,0,3,1,2,0.33,0.5,0.5,0.0,0.0,0.0
2025-11-23 23:45:25,cluster_A,0,1,1,0,1.00,0.5,0.5,0.0,0.0,0.0
2025-11-23 23:45:25,clusterB,0,4,0,4,0.00,0.5,0.5,0.0,0.0,0.0
2025-11-23 23:45:30,clusterA,0,3,1,2,0.33,0.5,0.5,0.0,0.0,0.0
2025-11-23 23:45:30,cluster_A,0,1,1,0,1.00,0.5,0.5,0.0,0.0,0.0
2025-11-23 23:45:30,clusterB,0,4,0,4,0.00,0.5,0.5,0.0,0.0,0.0
2025-11-23 23:45:35,clusterA,0,3,1,2,0.33,0.5,0.5,0.0,0.0,0.0
2025-11-23 23:45:35,cluster_A,0,1,1,0,1.00,0.5,0.5,0.0,0.0,0.0
2025-11-23 23:45:35,clusterB,0,4,0,4,0.00,0.5,0.5,0.0,0.0,0.0
2025-11-23 23:45:41,clusterA,0,3,1,2,0.33,0.5,0.5,0.0,0.0,0.0
2025-11-23 23:45:41,cluster_A,0,1,1,0,1.00,0.5,0.5,0.0,0.0,0.0
2025-11-23 23:45:41,clusterB,0,4,0,4,0.00,0.5,0.5,0.0,0.0,0.0
2025-11-23 23:45:46,clusterA,0,3,1,2,0.33,0.5,0.5,0.0,0.0,0.0
2025-11-23 23:45:46,cluster_A,0,1,1,0,1.00,0.5,0.5,0.0,0.0,0.0
2025-11-23 23:45:46,clusterB,0,4,0,4,0.00,0.5,0.5,0.0,0.0,0.0
2025-11-23 23:45:51,clusterA,0,3,1,2,0.33,0.5,0.5,0.0,0.0,0.0
2025-11-23 23:45:51,cluster_A,0,1,1,0,1.00,0.5,0.5,0.0,0.0,0.0
2025-11-23 23:45:51,clusterB,0,4,0,4,0.00,0.5,0.5,0.0,0.0,0.0
2025-11-23 23:45:56,clusterA,0,3,1,2,0.33,0.5,0.5,0.0,0.0,0.0
2025-11-23 23:45:56,cluster_A,0,1,1,0,1.00,0.5,0.5,0.0,0.0,0.0
2025-11-23 23:45:56,clusterB,0,4,0,4,0.00,0.5,0.5,0.0,0.0,0.0
2025-11-23 23:46:01,clusterA,0,3,1,2,0.33,0.5,0.5,0.0,0.0,0.0
2025-11-23 23:46:01,cluster_A,0,1,1,0,1.00,0.5,0.5,0.0,0.0,0.0
2025-11-23 23:46:01,clusterB,0,4,0,4,0.00,0.5,0.5,0.0,0.0,0.0
2025-11-23 23:46:07,clusterA,0,3,1,2,0.33,0.5,0.5,0.0,0.0,0.0
2025-11-23 23:46:07,cluster_A,0,1,1,0,1.00,0.5,0.5,0.0,0.0,0.0
2025-11-23 23:46:07,clusterB,0,4,0,4,0.00,0.5,0.5,0.0,0.0,0.0
2025-11-23 23:46:12,clusterA,0,3,1,2,0.33,0.5,0.5,0.0,0.0,0.0
2025-11-23 23:46:12,cluster_A,0,1,1,0,1.00,0.5,0.5,0.0,0.0,0.0
2025-11-23 23:46:12,clusterB,0,4,0,4,0.00,0.5,0.5,0.0,0.0,0.0
2025-11-23 23:46:17,clusterA,0,3,1,2,0.33,0.5,0.5,0.0,0.0,0.0
2025-11-23 23:46:17,cluster_A,0,1,1,0,1.00,0.5,0.5,0.0,0.0,0.0
2025-11-23 23:46:17,clusterB,0,4,0,4,0.00,0.5,0.5,0.0,0.0,0.0
2025-11-23 23:46:22,clusterA,0,3,1,2,0.33,0.5,0.5,0.0,0.0,0.0
2025-11-23 23:46:22,cluster_A,0,1,1,0,1.00,0.5,0.5,0.0,0.0,0.0
2025-11-23 23:46:22,clusterB,0,4,0,4,0.00,0.5,0.5,0.0,0.0,0.0
2025-11-23 23:46:28,clusterA,0,3,1,2,0.33,0.5,0.5,0.0,0.0,0.0
2025-11-23 23:46:28,cluster_A,0,1,1,0,1.00,0.5,0.5,0.0,0.0,0.0
2025-11-23 23:46:28,clusterB,0,4,0,4,0.00,0.5,0.5,0.0,0.0,0.0
2025-11-23 23:46:33,clusterA,0,3,1,2,0.33,0.5,0.5,0.0,0.0,0.0
2025-11-23 23:46:33,cluster_A,0,1,1,0,1.00,0.5,0.5,0.0,0.0,0.0
2025-11-23 23:46:33,clusterB,0,4,0,4,0.00,0.5,0.5,0.0,0.0,0.0
2025-11-23 23:46:38,clusterA,0,3,1,2,0.33,0.5,0.5,0.0,0.0,0.0
2025-11-23 23:46:38,cluster_A,0,1,1,0,1.00,0.5,0.5,0.0,0.0,0.0
2025-11-23 23:46:38,clusterB,0,4,0,4,0.00,0.5,0.5,0.0,0.0,0.0
2025-11-23 23:46:43,clusterA,0,3,1,2,0.33,0.5,0.5,0.0,0.0,0.0
2025-11-23 23:46:43,cluster_A,0,1,1,0,1.00,0.5,0.5,0.0,0.0,0.0
2025-11-23 23:46:43,clusterB,0,4,0,4,0.00,0.5,0.5,0.0,0.0,0.0
2025-11-23 23:46:48,clusterA,0,3,1,2,0.33,0.5,0.5,0.0,0.0,0.0
2025-11-23 23:46:48,cluster_A,0,1,1,0,1.00,0.5,0.5,0.0,0.0,0.0
2025-11-23 23:46:48,clusterB,0,4,0,4,0.00,0.5,0.5,0.0,0.0,0.0
2025-11-23 23:46:54,clusterA,0,3,1,2,0.33,0.5,0.5,0.0,0.0,0.0
2025-11-23 23:46:54,cluster_A,0,1,1,0,1.00,0.5,0.5,0.0,0.0,0.0
2025-11-23 23:46:54,clusterB,0,4,0,4,0.00,0.5,0.5,0.0,0.0,0.0
2025-11-23 23:46:59,clusterA,0,3,1,2,0.33,0.5,0.5,0.0,0.0,0.0
2025-11-23 23:46:59,cluster_A,0,1,1,0,1.00,0.5,0.5,0.0,0.0,0.0
2025-11-23 23:46:59,clusterB,0,4,0,4,0.00,0.5,0.5,0.0,0.0,0.0
2025-11-23 23:47:04,clusterA,0,3,1,2,0.33,0.5,0.5,0.0,0.0,0.0
2025-11-23 23:47:04,cluster_A,0,1,1,0,1.00,0.5,0.5,0.0,0.0,0.0
2025-11-23 23:47:04,clusterB,0,4,0,4,0.00,0.5,0.5,0.0,0.0,0.0
2025-11-23 23:47:09,clusterA,0,3,1,2,0.33,0.5,0.5,0.0,0.0,0.0
2025-11-23 23:47:09,cluster_A,0,1,1,0,1.00,0.5,0.5,0.0,0.0,0.0
2025-11-23 23:47:09,clusterB,0,4,0,4,0.00,0.5,0.5,0.0,0.0,0.0
2025-11-23 23:47:14,clusterA,0,3,1,2,0.33,0.5,0.5,0.0,0.0,0.0
2025-11-23 23:47:14,cluster_A,0,1,1,0,1.00,0.5,0.5,0.0,0.0,0.0
2025-11-23 23:47:14,clusterB,0,4,0,4,0.00,0.5,0.5,0.0,0.0,0.0
2025-11-23 23:47:20,clusterA,0,3,1,2,0.33,0.5,0.5,0.0,0.0,0.0
2025-11-23 23:47:20,cluster_A,0,1,1,0,1.00,0.5,0.5,0.0,0.0,0.0
2025-11-23 23:47:20,clusterB,0,4,0,4,0.00,0.5,0.5,0.0,0.0,0.0
2025-11-23 23:47:25,clusterA,0,3,1,2,0.33,0.5,0.5,0.0,0.0,0.0
2025-11-23 23:47:25,cluster_A,0,1,1,0,1.00,0.5,0.5,0.0,0.0,0.0
2025-11-23 23:47:25,clusterB,0,4,0,4,0.00,0.5,0.5,0.0,0.0,0.0
2025-11-23 23:47:30,clusterA,1,3,1,2,0.33,0.5,0.5,0.0,0.0,0.0
2025-11-23 23:47:30,cluster_A,1,1,1,0,1.00,0.5,0.5,0.0,0.0,0.0
2025-11-23 23:47:30,clusterB,1,4,0,4,0.00,0.5,0.5,0.0,0.0,0.0
2025-11-23 23:47:35,clusterA,0,3,2,1,0.67,0.5,0.5,0.0,0.0,0.0
2025-11-23 23:47:35,cluster_A,0,1,1,0,1.00,0.5,0.5,0.0,0.0,0.0
2025-11-23 23:47:35,clusterB,0,4,0,4,0.00,0.5,0.5,0.0,0.0,0.0
2025-11-23 23:47:41,clusterA,0,3,2,1,0.67,0.5,0.5,0.0,0.0,0.0
2025-11-23 23:47:41,cluster_A,0,1,1,0,1.00,0.5,0.5,0.0,0.0,0.0
2025-11-23 23:47:41,clusterB,0,4,0,4,0.00,0.5,0.5,0.0,0.0,0.0
2025-11-23 23:47:46,clusterA,0,3,2,1,0.67,0.5,0.5,0.0,0.0,0.0
2025-11-23 23:47:46,cluster_A,0,1,1,0,1.00,0.5,0.5,0.0,0.0,0.0
2025-11-23 23:47:46,clusterB,0,4,0,4,0.00,0.5,0.5,0.0,0.0,0.0
2025-11-23 23:47:52,clusterA,0,3,2,1,0.67,0.5,0.5,0.0,0.0,0.0
2025-11-23 23:47:52,cluster_A,0,1,1,0,1.00,0.5,0.5,0.0,0.0,0.0
2025-11-23 23:47:52,clusterB,0,4,0,4,0.00,0.5,0.5,0.0,0.0,0.0
2025-11-23 23:47:57,clusterA,0,3,2,1,0.67,0.5,0.5,0.0,0.0,0.0
2025-11-23 23:47:57,cluster_A,0,1,1,0,1.00,0.5,0.5,0.0,0.0,0.0
2025-11-23 23:47:57,clusterB,0,4,0,4,0.00,0.5,0.5,0.0,0.0,0.0
2025-11-23 23:48:02,clusterA,0,3,2,1,0.67,0.5,0.5,0.0,0.0,0.0
2025-11-23 23:48:02,cluster_A,0,1,1,0,1.00,0.5,0.5,0.0,0.0,0.0
2025-11-23 23:48:02,clusterB,0,4,0,4,0.00,0.5,0.5,0.0,0.0,0.0
2025-11-23 23:48:08,clusterA,0,3,2,1,0.67,0.5,0.5,0.0,0.0,0.0
2025-11-23 23:48:08,cluster_A,0,1,1,0,1.00,0.5,0.5,0.0,0.0,0.0
2025-11-23 23:48:08,clusterB,0,4,0,4,0.00,0.5,0.5,0.0,0.0,0.0
2025-11-23 23:48:13,clusterA,0,3,2,1,0.67,0.5,0.5,0.0,0.0,0.0
2025-11-23 23:48:13,cluster_A,0,1,1,0,1.00,0.5,0.5,0.0,0.0,0.0
2025-11-23 23:48:13,clusterB,0,4,0,4,0.00,0.5,0.5,0.0,0.0,0.0
2025-11-23 23:48:19,clusterA,0,3,2,1,0.67,0.5,0.5,0.0,0.0,0.0
2025-11-23 23:48:19,cluster_A,0,1,1,0,1.00,0.5,0.5,0.0,0.0,0.0
2025-11-23 23:48:19,clusterB,0,4,0,4,0.00,0.5,0.5,0.0,0.0,0.0
2025-11-23 23:48:24,clusterA,0,3,2,1,0.67,0.5,0.5,0.0,0.0,0.0
2025-11-23 23:48:24,cluster_A,0,1,1,0,1.00,0.5,0.5,0.0,0.0,0.0
2025-11-23 23:48:24,clusterB,0,4,0,4,0.00,0.5,0.5,0.0,0.0,0.0
2025-11-23 23:48:30,clusterA,0,3,2,1,0.67,0.5,0.5,0.0,0.0,0.0
2025-11-23 23:48:30,cluster_A,0,1,1,0,1.00,0.5,0.5,0.0,0.0,0.0
2025-11-23 23:48:30,clusterB,0,4,0,4,0.00,0.5,0.5,0.0,0.0,0.0
2025-11-23 23:48:35,clusterA,0,3,2,1,0.67,0.5,0.5,0.0,0.0,0.0
2025-11-23 23:48:35,cluster_A,0,1,1,0,1.00,0.5,0.5,0.0,0.0,0.0
2025-11-23 23:48:35,clusterB,0,4,0,4,0.00,0.5,0.5,0.0,0.0,0.0
2025-11-23 23:48:40,clusterA,0,3,2,1,0.67,0.5,0.5,0.0,0.0,0.0
2025-11-23 23:48:40,cluster_A,0,1,1,0,1.00,0.5,0.5,0.0,0.0,0.0
2025-11-23 23:48:40,clusterB,0,4,0,4,0.00,0.5,0.5,0.0,0.0,0.0
2025-11-23 23:48:46,clusterA,0,3,2,1,0.67,0.5,0.5,0.0,0.0,0.0
2025-11-23 23:48:46,cluster_A,0,1,1,0,1.00,0.5,0.5,0.0,0.0,0.0
2025-11-23 23:48:46,clusterB,0,4,0,4,0.00,0.5,0.5,0.0,0.0,0.0
2025-11-23 23:48:51,clusterA,0,3,2,1,0.67,0.5,0.5,0.0,0.0,0.0
2025-11-23 23:48:51,cluster_A,0,1,1,0,1.00,0.5,0.5,0.0,0.0,0.0
2025-11-23 23:48:51,clusterB,0,4,0,4,0.00,0.5,0.5,0.0,0.0,0.0
2025-11-23 23:48:57,clusterA,0,3,2,1,0.67,0.5,0.5,0.0,0.0,0.0
2025-11-23 23:48:57,cluster_A,0,1,1,0,1.00,0.5,0.5,0.0,0.0,0.0
2025-11-23 23:48:57,clusterB,0,4,0,4,0.00,0.5,0.5,0.0,0.0,0.0
2025-11-23 23:49:02,clusterA,0,3,2,1,0.67,0.5,0.5,0.0,0.0,0.0
2025-11-23 23:49:02,cluster_A,0,1,1,0,1.00,0.5,0.5,0.0,0.0,0.0
2025-11-23 23:49:02,clusterB,0,4,0,4,0.00,0.5,0.5,0.0,0.0,0.0
2025-11-23 23:49:08,clusterA,0,3,2,1,0.67,0.5,0.5,0.0,0.0,0.0
2025-11-23 23:49:08,cluster_A,0,1,1,0,1.00,0.5,0.5,0.0,0.0,0.0
2025-11-23 23:49:08,clusterB,0,4,0,4,0.00,0.5,0.5,0.0,0.0,0.0
2025-11-23 23:49:13,clusterA,0,3,2,1,0.67,0.5,0.5,0.0,0.0,0.0
2025-11-23 23:49:13,cluster_A,0,1,1,0,1.00,0.5,0.5,0.0,0.0,0.0
2025-11-23 23:49:13,clusterB,0,4,0,4,0.00,0.5,0.5,0.0,0.0,0.0
2025-11-23 23:49:19,clusterA,0,3,2,1,0.67,0.5,0.5,0.0,0.0,0.0
2025-11-23 23:49:19,cluster_A,0,1,1,0,1.00,0.5,0.5,0.0,0.0,0.0
2025-11-23 23:49:19,clusterB,0,4,0,4,0.00,0.5,0.5,0.0,0.0,0.0
2025-11-23 23:49:24,clusterA,0,3,2,1,0.67,0.5,0.5,0.0,0.0,0.0
2025-11-23 23:49:24,cluster_A,0,1,1,0,1.00,0.5,0.5,0.0,0.0,0.0
2025-11-23 23:49:24,clusterB,0,4,0,4,0.00,0.5,0.5,0.0,0.0,0.0
2025-11-23 23:49:29,clusterA,0,3,2,1,0.67,0.5,0.5,0.0,0.0,0.0
2025-11-23 23:49:29,cluster_A,0,1,1,0,1.00,0.5,0.5,0.0,0.0,0.0
2025-11-23 23:49:29,clusterB,0,4,0,4,0.00,0.5,0.5,0.0,0.0,0.0
2025-11-23 23:49:35,clusterA,0,3,2,1,0.67,0.5,0.5,0.0,0.0,0.0
2025-11-23 23:49:35,cluster_A,0,1,1,0,1.00,0.5,0.5,0.0,0.0,0.0
2025-11-23 23:49:35,clusterB,0,4,0,4,0.00,0.5,0.5,0.0,0.0,0.0
2025-11-23 23:49:40,clusterA,0,3,2,1,0.67,0.5,0.5,0.0,0.0,0.0
2025-11-23 23:49:40,cluster_A,0,1,1,0,1.00,0.5,0.5,0.0,0.0,0.0
2025-11-23 23:49:40,clusterB,0,4,0,4,0.00,0.5,0.5,0.0,0.0,0.0
2025-11-23 23:49:46,clusterA,0,3,2,1,0.67,0.5,0.5,0.0,0.0,0.0
2025-11-23 23:49:46,cluster_A,0,1,1,0,1.00,0.5,0.5,0.0,0.0,0.0
2025-11-23 23:49:46,clusterB,0,4,0,4,0.00,0.5,0.5,0.0,0.0,0.0
2025-11-23 23:49:51,clusterA,0,3,2,1,0.67,0.5,0.5,0.0,0.0,0.0
2025-11-23 23:49:51,cluster_A,0,1,1,0,1.00,0.5,0.5,0.0,0.0,0.0
2025-11-23 23:49:51,clusterB,0,4,0,4,0.00,0.5,0.5,0.0,0.0,0.0
2025-11-23 23:49:57,clusterA,0,3,2,1,0.67,0.5,0.5,0.0,0.0,0.0
2025-11-23 23:49:57,cluster_A,0,1,1,0,1.00,0.5,0.5,0.0,0.0,0.0
2025-11-23 23:49:57,clusterB,0,4,0,4,0.00,0.5,0.5,0.0,0.0,0.0
2025-11-23 23:50:02,clusterA,0,3,2,1,0.67,0.5,0.5,0.0,0.0,0.0
2025-11-23 23:50:02,cluster_A,0,1,1,0,1.00,0.5,0.5,0.0,0.0,0.0
2025-11-23 23:50:02,clusterB,0,4,0,4,0.00,0.5,0.5,0.0,0.0,0.0
2025-11-23 23:50:07,clusterA,0,3,2,1,0.67,0.5,0.5,0.0,0.0,0.0
2025-11-23 23:50:07,cluster_A,0,1,1,0,1.00,0.5,0.5,0.0,0.0,0.0
2025-11-23 23:50:07,clusterB,0,4,0,4,0.00,0.5,0.5,0.0,0.0,0.0
2025-11-23 23:50:13,clusterA,0,3,2,1,0.67,0.5,0.5,0.0,0.0,0.0
2025-11-23 23:50:13,cluster_A,0,1,1,0,1.00,0.5,0.5,0.0,0.0,0.0
2025-11-23 23:50:13,clusterB,0,4,0,4,0.00,0.5,0.5,0.0,0.0,0.0
2025-11-23 23:50:19,clusterA,0,3,2,1,0.67,0.5,0.5,0.0,0.0,0.0
2025-11-23 23:50:19,cluster_A,0,1,1,0,1.00,0.5,0.5,0.0,0.0,0.0
2025-11-23 23:50:19,clusterB,0,4,0,4,0.00,0.5,0.5,0.0,0.0,0.0
2025-11-23 23:50:24,clusterA,0,3,2,1,0.67,0.5,0.5,0.0,0.0,0.0
2025-11-23 23:50:24,cluster_A,0,1,1,0,1.00,0.5,0.5,0.0,0.0,0.0
2025-11-23 23:50:24,clusterB,0,4,0,4,0.00,0.5,0.5,0.0,0.0,0.0
2025-11-23 23:50:30,clusterA,0,3,2,1,0.67,0.5,0.5,0.0,0.0,0.0
2025-11-23 23:50:30,cluster_A,0,1,1,0,1.00,0.5,0.5,0.0,0.0,0.0
2025-11-23 23:50:30,clusterB,0,4,0,4,0.00,0.5,0.5,0.0,0.0,0.0
2025-11-23 23:50:35,clusterA,0,3,2,1,0.67,0.5,0.5,0.0,0.0,0.0
2025-11-23 23:50:35,cluster_A,0,1,1,0,1.00,0.5,0.5,0.0,0.0,0.0
2025-11-23 23:50:35,clusterB,0,4,0,4,0.00,0.5,0.5,0.0,0.0,0.0
2025-11-23 23:50:40,clusterA,0,3,2,1,0.67,0.5,0.5,0.0,0.0,0.0
2025-11-23 23:50:40,cluster_A,0,1,1,0,1.00,0.5,0.5,0.0,0.0,0.0
2025-11-23 23:50:40,clusterB,0,4,0,4,0.00,0.5,0.5,0.0,0.0,0.0
2025-11-23 23:50:46,clusterA,0,3,2,1,0.67,0.5,0.5,0.0,0.0,0.0
2025-11-23 23:50:46,cluster_A,0,1,1,0,1.00,0.5,0.5,0.0,0.0,0.0
2025-11-23 23:50:46,clusterB,0,4,0,4,0.00,0.5,0.5,0.0,0.0,0.0
2025-11-23 23:50:51,clusterA,0,3,2,1,0.67,0.5,0.5,0.0,0.0,0.0
2025-11-23 23:50:51,cluster_A,0,1,1,0,1.00,0.5,0.5,0.0,0.0,0.0
2025-11-23 23:50:51,clusterB,0,4,0,4,0.00,0.5,0.5,0.0,0.0,0.0
2025-11-23 23:50:57,clusterA,0,3,2,1,0.67,0.5,0.5,0.0,0.0,0.0
2025-11-23 23:50:57,cluster_A,0,1,1,0,1.00,0.5,0.5,0.0,0.0,0.0
2025-11-23 23:50:57,clusterB,0,4,0,4,0.00,0.5,0.5,0.0,0.0,0.0
2025-11-23 23:51:02,clusterA,0,3,2,1,0.67,0.5,0.5,0.0,0.0,0.0
2025-11-23 23:51:02,cluster_A,0,1,1,0,1.00,0.5,0.5,0.0,0.0,0.0
2025-11-23 23:51:02,clusterB,0,4,0,4,0.00,0.5,0.5,0.0,0.0,0.0
2025-11-23 23:51:08,clusterA,0,3,2,1,0.67,0.5,0.5,0.0,0.0,0.0
2025-11-23 23:51:08,cluster_A,0,1,1,0,1.00,0.5,0.5,0.0,0.0,0.0
2025-11-23 23:51:08,clusterB,0,4,0,4,0.00,0.5,0.5,0.0,0.0,0.0
2025-11-23 23:51:13,clusterA,0,3,2,1,0.67,0.5,0.5,0.0,0.0,0.0
2025-11-23 23:51:13,cluster_A,0,1,1,0,1.00,0.5,0.5,0.0,0.0,0.0
2025-11-23 23:51:13,clusterB,0,4,0,4,0.00,0.5,0.5,0.0,0.0,0.0
2025-11-23 23:51:19,clusterA,0,3,2,1,0.67,0.5,0.5,0.0,0.0,0.0
2025-11-23 23:51:19,cluster_A,0,1,1,0,1.00,0.5,0.5,0.0,0.0,0.0
2025-11-23 23:51:19,clusterB,0,4,0,4,0.00,0.5,0.5,0.0,0.0,0.0
2025-11-23 23:51:24,clusterA,2,3,2,1,0.67,0.5,0.5,0.0,0.0,0.0
2025-11-23 23:51:24,cluster_A,2,1,1,0,1.00,0.5,0.5,0.0,0.0,0.0
2025-11-23 23:51:24,clusterB,2,4,0,4,0.00,0.5,0.5,0.0,0.0,0.0
2025-11-23 23:51:29,clusterA,0,3,3,0,1.00,0.5,0.5,0.0,0.0,0.0
2025-11-23 23:51:29,cluster_A,0,1,1,0,1.00,0.5,0.5,0.0,0.0,0.0
2025-11-23 23:51:29,clusterB,0,4,1,3,0.25,0.5,0.5,0.0,0.0,0.0
2025-11-23 23:51:44,clusterA,0,3,2,1,0.67,0.5,0.5,0.0,0.0,0.0
2025-11-23 23:51:44,cluster_A,0,1,1,0,1.00,0.5,0.5,0.0,0.0,0.0
2025-11-23 23:51:44,clusterB,0,4,1,3,0.25,0.5,0.5,0.0,0.0,0.0
2025-11-23 23:51:50,clusterA,0,3,2,1,0.67,0.5,0.5,0.0,0.0,0.0
2025-11-23 23:51:50,cluster_A,0,1,1,0,1.00,0.5,0.5,0.0,0.0,0.0
2025-11-23 23:51:50,clusterB,0,4,1,3,0.25,0.5,0.5,0.0,0.0,0.0
2025-11-23 23:51:56,clusterA,0,3,2,1,0.67,0.5,0.5,0.0,0.0,0.0
2025-11-23 23:51:56,cluster_A,0,1,1,0,1.00,0.5,0.5,0.0,0.0,0.0
2025-11-23 23:51:56,clusterB,0,4,1,3,0.25,0.5,0.5,0.0,0.0,0.0
2025-11-23 23:52:01,clusterA,0,3,2,1,0.67,0.5,0.5,0.0,0.0,0.0
2025-11-23 23:52:01,cluster_A,0,1,1,0,1.00,0.5,0.5,0.0,0.0,0.0
2025-11-23 23:52:01,clusterB,0,4,1,3,0.25,0.5,0.5,0.0,0.0,0.0
2025-11-23 23:52:07,clusterA,0,3,2,1,0.67,0.5,0.5,0.0,0.0,0.0
2025-11-23 23:52:07,cluster_A,0,1,1,0,1.00,0.5,0.5,0.0,0.0,0.0
2025-11-23 23:52:07,clusterB,0,4,1,3,0.25,0.5,0.5,0.0,0.0,0.0
2025-11-23 23:52:13,clusterA,0,3,2,1,0.67,0.5,0.5,0.0,0.0,0.0
2025-11-23 23:52:13,cluster_A,0,1,1,0,1.00,0.5,0.5,0.0,0.0,0.0
2025-11-23 23:52:13,clusterB,0,4,1,3,0.25,0.5,0.5,0.0,0.0,0.0
2025-11-23 23:52:18,clusterA,0,3,2,1,0.67,0.5,0.5,0.0,0.0,0.0
2025-11-23 23:52:18,cluster_A,0,1,1,0,1.00,0.5,0.5,0.0,0.0,0.0
2025-11-23 23:52:18,clusterB,0,4,1,3,0.25,0.5,0.5,0.0,0.0,0.0
2025-11-23 23:52:24,clusterA,0,3,2,1,0.67,0.5,0.5,0.0,0.0,0.0
2025-11-23 23:52:24,cluster_A,0,1,1,0,1.00,0.5,0.5,0.0,0.0,0.0
2025-11-23 23:52:24,clusterB,0,4,1,3,0.25,0.5,0.5,0.0,0.0,0.0
2025-11-23 23:52:29,clusterA,0,3,2,1,0.67,0.5,0.5,0.0,0.0,0.0
2025-11-23 23:52:29,cluster_A,0,1,1,0,1.00,0.5,0.5,0.0,0.0,0.0
2025-11-23 23:52:29,clusterB,0,4,1,3,0.25,0.5,0.5,0.0,0.0,0.0
2025-11-23 23:52:35,clusterA,0,3,2,1,0.67,0.5,0.5,0.0,0.0,0.0
2025-11-23 23:52:35,cluster_A,0,1,1,0,1.00,0.5,0.5,0.0,0.0,0.0
2025-11-23 23:52:35,clusterB,0,4,1,3,0.25,0.5,0.5,0.0,0.0,0.0
2025-11-23 23:52:41,clusterA,0,3,2,1,0.67,0.5,0.5,0.0,0.0,0.0
2025-11-23 23:52:41,cluster_A,0,1,1,0,1.00,0.5,0.5,0.0,0.0,0.0
2025-11-23 23:52:41,clusterB,0,4,1,3,0.25,0.5,0.5,0.0,0.0,0.0
2025-11-23 23:52:47,clusterA,0,3,2,1,0.67,0.5,0.5,0.0,0.0,0.0
2025-11-23 23:52:47,cluster_A,0,1,1,0,1.00,0.5,0.5,0.0,0.0,0.0
2025-11-23 23:52:47,clusterB,0,4,1,3,0.25,0.5,0.5,0.0,0.0,0.0
2025-11-23 23:52:52,clusterA,0,3,2,1,0.67,0.5,0.5,0.0,0.0,0.0
2025-11-23 23:52:52,cluster_A,0,1,1,0,1.00,0.5,0.5,0.0,0.0,0.0
2025-11-23 23:52:52,clusterB,0,4,1,3,0.25,0.5,0.5,0.0,0.0,0.0
2025-11-23 23:52:58,clusterA,0,3,2,1,0.67,0.5,0.5,0.0,0.0,0.0
2025-11-23 23:52:58,cluster_A,0,1,1,0,1.00,0.5,0.5,0.0,0.0,0.0
2025-11-23 23:52:58,clusterB,0,4,1,3,0.25,0.5,0.5,0.0,0.0,0.0
2025-11-23 23:53:04,clusterA,0,3,2,1,0.67,0.5,0.5,0.0,0.0,0.0
2025-11-23 23:53:04,cluster_A,0,1,1,0,1.00,0.5,0.5,0.0,0.0,0.0
2025-11-23 23:53:04,clusterB,0,4,1,3,0.25,0.5,0.5,0.0,0.0,0.0
2025-11-23 23:53:09,clusterA,0,3,2,1,0.67,0.5,0.5,0.0,0.0,0.0
2025-11-23 23:53:09,cluster_A,0,1,1,0,1.00,0.5,0.5,0.0,0.0,0.0
2025-11-23 23:53:09,clusterB,0,4,1,3,0.25,0.5,0.5,0.0,0.0,0.0
2025-11-23 23:53:15,clusterA,0,3,2,1,0.67,0.5,0.5,0.0,0.0,0.0
2025-11-23 23:53:15,cluster_A,0,1,1,0,1.00,0.5,0.5,0.0,0.0,0.0
2025-11-23 23:53:15,clusterB,0,4,1,3,0.25,0.5,0.5,0.0,0.0,0.0
2025-11-23 23:53:20,clusterA,0,3,2,1,0.67,0.5,0.5,0.0,0.0,0.0
2025-11-23 23:53:20,cluster_A,0,1,1,0,1.00,0.5,0.5,0.0,0.0,0.0
2025-11-23 23:53:20,clusterB,0,4,1,3,0.25,0.5,0.5,0.0,0.0,0.0
2025-11-23 23:53:26,clusterA,0,3,2,1,0.67,0.5,0.5,0.0,0.0,0.0
2025-11-23 23:53:26,cluster_A,0,1,1,0,1.00,0.5,0.5,0.0,0.0,0.0
2025-11-23 23:53:26,clusterB,0,4,1,3,0.25,0.5,0.5,0.0,0.0,0.0
2025-11-23 23:53:31,clusterA,0,3,2,1,0.67,0.5,0.5,0.0,0.0,0.0
2025-11-23 23:53:31,cluster_A,0,1,1,0,1.00,0.5,0.5,0.0,0.0,0.0
2025-11-23 23:53:31,clusterB,0,4,1,3,0.25,0.5,0.5,0.0,0.0,0.0
2025-11-23 23:53:37,clusterA,0,3,2,1,0.67,0.5,0.5,0.0,0.0,0.0
2025-11-23 23:53:37,cluster_A,0,1,1,0,1.00,0.5,0.5,0.0,0.0,0.0
2025-11-23 23:53:37,clusterB,0,4,1,3,0.25,0.5,0.5,0.0,0.0,0.0
2025-11-23 23:53:43,clusterA,0,3,2,1,0.67,0.5,0.5,0.0,0.0,0.0
2025-11-23 23:53:43,cluster_A,0,1,1,0,1.00,0.5,0.5,0.0,0.0,0.0
2025-11-23 23:53:43,clusterB,0,4,1,3,0.25,0.5,0.5,0.0,0.0,0.0
2025-11-23 23:53:48,clusterA,0,3,2,1,0.67,0.5,0.5,0.0,0.0,0.0
2025-11-23 23:53:48,cluster_A,0,1,1,0,1.00,0.5,0.5,0.0,0.0,0.0
2025-11-23 23:53:48,clusterB,0,4,1,3,0.25,0.5,0.5,0.0,0.0,0.0
2025-11-23 23:53:54,clusterA,0,3,2,1,0.67,0.5,0.5,0.0,0.0,0.0
2025-11-23 23:53:54,cluster_A,0,1,1,0,1.00,0.5,0.5,0.0,0.0,0.0
2025-11-23 23:53:54,clusterB,0,4,1,3,0.25,0.5,0.5,0.0,0.0,0.0
2025-11-23 23:53:59,clusterA,0,3,2,1,0.67,0.5,0.5,0.0,0.0,0.0
2025-11-23 23:53:59,cluster_A,0,1,1,0,1.00,0.5,0.5,0.0,0.0,0.0
2025-11-23 23:53:59,clusterB,0,4,1,3,0.25,0.5,0.5,0.0,0.0,0.0
2025-11-23 23:54:05,clusterA,0,3,2,1,0.67,0.5,0.5,0.0,0.0,0.0
2025-11-23 23:54:05,cluster_A,0,1,1,0,1.00,0.5,0.5,0.0,0.0,0.0
2025-11-23 23:54:05,clusterB,0,4,1,3,0.25,0.5,0.5,0.0,0.0,0.0
2025-11-23 23:54:11,clusterA,0,3,2,1,0.67,0.5,0.5,0.0,0.0,0.0
2025-11-23 23:54:11,cluster_A,0,1,1,0,1.00,0.5,0.5,0.0,0.0,0.0
2025-11-23 23:54:11,clusterB,0,4,1,3,0.25,0.5,0.5,0.0,0.0,0.0
2025-11-23 23:54:16,clusterA,0,3,2,1,0.67,0.5,0.5,0.0,0.0,0.0
2025-11-23 23:54:16,cluster_A,0,1,1,0,1.00,0.5,0.5,0.0,0.0,0.0
2025-11-23 23:54:16,clusterB,0,4,1,3,0.25,0.5,0.5,0.0,0.0,0.0
2025-11-23 23:54:22,clusterA,0,3,2,1,0.67,0.5,0.5,0.0,0.0,0.0
2025-11-23 23:54:22,cluster_A,0,1,1,0,1.00,0.5,0.5,0.0,0.0,0.0
2025-11-23 23:54:22,clusterB,0,4,1,3,0.25,0.5,0.5,0.0,0.0,0.0
2025-11-23 23:54:28,clusterA,0,3,2,1,0.67,0.5,0.5,0.0,0.0,0.0
2025-11-23 23:54:28,cluster_A,0,1,1,0,1.00,0.5,0.5,0.0,0.0,0.0
2025-11-23 23:54:28,clusterB,0,4,1,3,0.25,0.5,0.5,0.0,0.0,0.0
2025-11-23 23:54:33,clusterA,1,3,2,1,0.67,0.5,0.5,0.0,0.0,0.0
2025-11-23 23:54:33,cluster_A,1,1,1,0,1.00,0.5,0.5,0.0,0.0,0.0
2025-11-23 23:54:33,clusterB,1,4,1,3,0.25,0.5,0.5,0.0,0.0,0.0
2025-11-23 23:54:39,clusterA,1,3,3,0,1.00,0.5,0.5,0.0,0.0,0.0
2025-11-23 23:54:39,cluster_A,1,1,1,0,1.00,0.5,0.5,0.0,0.0,0.0
2025-11-23 23:54:39,clusterB,1,4,2,2,0.50,0.5,0.5,0.0,0.0,0.0
2025-11-23 23:54:54,clusterA,0,3,3,0,1.00,0.5,0.5,0.0,0.0,0.0
2025-11-23 23:54:54,cluster_A,0,1,1,0,1.00,0.5,0.5,0.0,0.0,0.0
2025-11-23 23:54:54,clusterB,0,4,4,0,1.00,0.5,0.5,0.0,0.0,0.0
2025-11-23 23:55:00,clusterA,0,3,3,0,1.00,0.5,0.5,0.0,0.0,0.0
2025-11-23 23:55:00,cluster_A,0,1,1,0,1.00,0.5,0.5,0.0,0.0,0.0
2025-11-23 23:55:00,clusterB,0,4,4,0,1.00,0.5,0.5,0.0,0.0,0.0
2025-11-23 23:55:06,clusterA,0,3,3,0,1.00,0.5,0.5,0.0,0.0,0.0
2025-11-23 23:55:06,cluster_A,0,1,1,0,1.00,0.5,0.5,0.0,0.0,0.0
2025-11-23 23:55:06,clusterB,0,4,4,0,1.00,0.5,0.5,0.0,0.0,0.0
2025-11-23 23:55:11,clusterA,0,3,3,0,1.00,0.5,0.5,0.0,0.0,0.0
2025-11-23 23:55:11,cluster_A,0,1,1,0,1.00,0.5,0.5,0.0,0.0,0.0
2025-11-23 23:55:11,clusterB,0,4,4,0,1.00,0.5,0.5,0.0,0.0,0.0
2025-11-23 23:55:17,clusterA,0,3,3,0,1.00,0.5,0.5,0.0,0.0,0.0
2025-11-23 23:55:17,cluster_A,0,1,1,0,1.00,0.5,0.5,0.0,0.0,0.0
2025-11-23 23:55:17,clusterB,0,4,4,0,1.00,0.5,0.5,0.0,0.0,0.0
2025-11-23 23:55:22,clusterA,0,3,3,0,1.00,0.5,0.5,0.0,0.0,0.0
2025-11-23 23:55:22,cluster_A,0,1,1,0,1.00,0.5,0.5,0.0,0.0,0.0
2025-11-23 23:55:22,clusterB,0,4,4,0,1.00,0.5,0.5,0.0,0.0,0.0
2025-11-23 23:55:28,clusterA,0,3,3,0,1.00,0.5,0.5,0.0,0.0,0.0
2025-11-23 23:55:28,cluster_A,0,1,1,0,1.00,0.5,0.5,0.0,0.0,0.0
2025-11-23 23:55:28,clusterB,0,4,4,0,1.00,0.5,0.5,0.0,0.0,0.0
2025-11-23 23:55:34,clusterA,0,3,3,0,1.00,0.5,0.5,0.0,0.0,0.0
2025-11-23 23:55:34,cluster_A,0,1,1,0,1.00,0.5,0.5,0.0,0.0,0.0
2025-11-23 23:55:34,clusterB,0,4,3,1,0.75,0.5,0.5,0.0,0.0,0.0
2025-11-23 23:55:39,clusterA,0,3,3,0,1.00,0.5,0.5,0.0,0.0,0.0
2025-11-23 23:55:39,cluster_A,0,1,1,0,1.00,0.5,0.5,0.0,0.0,0.0
2025-11-23 23:55:39,clusterB,0,4,3,1,0.75,0.5,0.5,0.0,0.0,0.0
2025-11-23 23:55:45,clusterA,0,3,3,0,1.00,0.5,0.5,0.0,0.0,0.0
2025-11-23 23:55:45,cluster_A,0,1,1,0,1.00,0.5,0.5,0.0,0.0,0.0
2025-11-23 23:55:45,clusterB,0,4,3,1,0.75,0.5,0.5,0.0,0.0,0.0
2025-11-23 23:55:50,clusterA,0,3,2,1,0.67,0.5,0.5,0.0,0.0,0.0
2025-11-23 23:55:50,cluster_A,0,1,1,0,1.00,0.5,0.5,0.0,0.0,0.0
2025-11-23 23:55:50,clusterB,0,4,0,4,0.00,0.5,0.5,0.0,0.0,0.0
2025-11-23 23:55:55,clusterA,0,3,2,1,0.67,0.5,0.5,0.0,0.0,0.0
2025-11-23 23:55:55,cluster_A,0,1,1,0,1.00,0.5,0.5,0.0,0.0,0.0
2025-11-23 23:55:55,clusterB,0,4,0,4,0.00,0.5,0.5,0.0,0.0,0.0
2025-11-23 23:56:01,clusterA,0,3,2,1,0.67,0.5,0.5,0.0,0.0,0.0
2025-11-23 23:56:01,cluster_A,0,1,1,0,1.00,0.5,0.5,0.0,0.0,0.0
2025-11-23 23:56:01,clusterB,0,4,0,4,0.00,0.5,0.5,0.0,0.0,0.0
2025-11-23 23:56:06,clusterA,0,3,2,1,0.67,0.5,0.5,0.0,0.0,0.0
2025-11-23 23:56:06,cluster_A,0,1,1,0,1.00,0.5,0.5,0.0,0.0,0.0
2025-11-23 23:56:06,clusterB,0,4,0,4,0.00,0.5,0.5,0.0,0.0,0.0
2025-11-23 23:56:12,clusterA,0,3,2,1,0.67,0.5,0.5,0.0,0.0,0.0
2025-11-23 23:56:12,cluster_A,0,1,1,0,1.00,0.5,0.5,0.0,0.0,0.0
2025-11-23 23:56:12,clusterB,0,4,0,4,0.00,0.5,0.5,0.0,0.0,0.0
2025-11-23 23:56:17,clusterA,0,3,2,1,0.67,0.5,0.5,0.0,0.0,0.0
2025-11-23 23:56:17,cluster_A,0,1,1,0,1.00,0.5,0.5,0.0,0.0,0.0
2025-11-23 23:56:17,clusterB,0,4,0,4,0.00,0.5,0.5,0.0,0.0,0.0
2025-11-23 23:56:22,clusterA,0,3,2,1,0.67,0.5,0.5,0.0,0.0,0.0
2025-11-23 23:56:22,cluster_A,0,1,1,0,1.00,0.5,0.5,0.0,0.0,0.0
2025-11-23 23:56:22,clusterB,0,4,0,4,0.00,0.5,0.5,0.0,0.0,0.0
2025-11-23 23:56:28,clusterA,0,3,2,1,0.67,0.5,0.5,0.0,0.0,0.0
2025-11-23 23:56:28,cluster_A,0,1,1,0,1.00,0.5,0.5,0.0,0.0,0.0
2025-11-23 23:56:28,clusterB,0,4,0,4,0.00,0.5,0.5,0.0,0.0,0.0
2025-11-23 23:56:33,clusterA,0,3,2,1,0.67,0.5,0.5,0.0,0.0,0.0
2025-11-23 23:56:33,cluster_A,0,1,1,0,1.00,0.5,0.5,0.0,0.0,0.0
2025-11-23 23:56:33,clusterB,0,4,0,4,0.00,0.5,0.5,0.0,0.0,0.0
2025-11-23 23:56:39,clusterA,0,3,2,1,0.67,0.5,0.5,0.0,0.0,0.0
2025-11-23 23:56:39,cluster_A,0,1,1,0,1.00,0.5,0.5,0.0,0.0,0.0
2025-11-23 23:56:39,clusterB,0,4,0,4,0.00,0.5,0.5,0.0,0.0,0.0
2025-11-23 23:56:44,clusterA,0,3,2,1,0.67,0.5,0.5,0.0,0.0,0.0
2025-11-23 23:56:44,cluster_A,0,1,1,0,1.00,0.5,0.5,0.0,0.0,0.0
2025-11-23 23:56:44,clusterB,0,4,0,4,0.00,0.5,0.5,0.0,0.0,0.0
2025-11-23 23:56:50,clusterA,0,3,2,1,0.67,0.5,0.5,0.0,0.0,0.0
2025-11-23 23:56:50,cluster_A,0,1,1,0,1.00,0.5,0.5,0.0,0.0,0.0
2025-11-23 23:56:50,clusterB,0,4,0,4,0.00,0.5,0.5,0.0,0.0,0.0
2025-11-23 23:56:55,clusterA,0,3,2,1,0.67,0.5,0.5,0.0,0.0,0.0
2025-11-23 23:56:55,cluster_A,0,1,1,0,1.00,0.5,0.5,0.0,0.0,0.0
2025-11-23 23:56:55,clusterB,0,4,0,4,0.00,0.5,0.5,0.0,0.0,0.0
2025-11-23 23:57:01,clusterA,0,3,2,1,0.67,0.5,0.5,0.0,0.0,0.0
2025-11-23 23:57:01,cluster_A,0,1,1,0,1.00,0.5,0.5,0.0,0.0,0.0
2025-11-23 23:57:01,clusterB,0,4,0,4,0.00,0.5,0.5,0.0,0.0,0.0
2025-11-23 23:57:06,clusterA,1,3,2,1,0.67,0.5,0.5,0.0,0.0,0.0
2025-11-23 23:57:06,cluster_A,1,1,1,0,1.00,0.5,0.5,0.0,0.0,0.0
2025-11-23 23:57:06,clusterB,1,4,0,4,0.00,0.5,0.5,0.0,0.0,0.0
2025-11-23 23:57:12,clusterA,0,3,3,0,1.00,0.5,0.5,0.0,0.0,0.0
2025-11-23 23:57:12,cluster_A,0,1,1,0,1.00,0.5,0.5,0.0,0.0,0.0
2025-11-23 23:57:12,clusterB,0,4,0,4,0.00,0.5,0.5,0.0,0.0,0.0
2025-11-23 23:57:27,clusterA,0,3,3,0,1.00,0.5,0.5,0.0,0.0,0.0
2025-11-23 23:57:27,cluster_A,0,1,1,0,1.00,0.5,0.5,0.0,0.0,0.0
2025-11-23 23:57:27,clusterB,0,4,0,4,0.00,0.5,0.5,0.0,0.0,0.0
2025-11-23 23:57:42,clusterA,0,3,3,0,1.00,0.5,0.5,0.0,0.0,0.0
2025-11-23 23:57:42,cluster_A,0,1,1,0,1.00,0.5,0.5,0.0,0.0,0.0
2025-11-23 23:57:42,clusterB,0,4,0,4,0.00,0.5,0.5,0.0,0.0,0.0
2025-11-23 23:57:57,clusterA,0,3,3,0,1.00,0.5,0.5,0.0,0.0,0.0
2025-11-23 23:57:57,cluster_A,0,1,1,0,1.00,0.5,0.5,0.0,0.0,0.0
2025-11-23 23:57:57,clusterB,0,4,0,4,0.00,0.5,0.5,0.0,0.0,0.0
2025-11-23 23:58:12,clusterA,0,3,3,0,1.00,0.5,0.5,0.0,0.0,0.0
2025-11-23 23:58:12,cluster_A,0,1,1,0,1.00,0.5,0.5,0.0,0.0,0.0
2025-11-23 23:58:12,clusterB,0,4,0,4,0.00,0.5,0.5,0.0,0.0,0.0
2025-11-23 23:58:27,clusterA,0,3,3,0,1.00,0.5,0.5,0.0,0.0,0.0
2025-11-23 23:58:27,cluster_A,0,1,1,0,1.00,0.5,0.5,0.0,0.0,0.0
2025-11-23 23:58:27,clusterB,0,4,0,4,0.00,0.5,0.5,0.0,0.0,0.0
2025-11-23 23:58:42,clusterA,0,3,3,0,1.00,0.5,0.5,0.0,0.0,0.0
2025-11-23 23:58:42,cluster_A,0,1,1,0,1.00,0.5,0.5,0.0,0.0,0.0
2025-11-23 23:58:42,clusterB,0,4,0,4,0.00,0.5,0.5,0.0,0.0,0.0
2025-11-23 23:58:57,clusterA,0,3,3,0,1.00,0.5,0.5,0.0,0.0,0.0
2025-11-23 23:58:57,cluster_A,0,1,1,0,1.00,0.5,0.5,0.0,0.0,0.0
2025-11-23 23:58:57,clusterB,0,4,0,4,0.00,0.5,0.5,0.0,0.0,0.0
2025-11-23 23:59:13,clusterA,0,3,3,0,1.00,0.5,0.5,0.0,0.0,0.0
2025-11-23 23:59:13,cluster_A,0,1,1,0,1.00,0.5,0.5,0.0,0.0,0.0
2025-11-23 23:59:13,clusterB,0,4,0,4,0.00,0.5,0.5,0.0,0.0,0.0
2025-11-23 23:59:27,clusterA,0,3,3,0,1.00,0.5,0.5,0.0,0.0,0.0
2025-11-23 23:59:27,cluster_A,0,1,1,0,1.00,0.5,0.5,0.0,0.0,0.0
2025-11-23 23:59:27,clusterB,0,4,0,4,0.00,0.5,0.5,0.0,0.0,0.0
2025-11-23 23:59:42,clusterA,0,3,3,0,1.00,0.5,0.5,0.0,0.0,0.0
2025-11-23 23:59:42,cluster_A,0,1,1,0,1.00,0.5,0.5,0.0,0.0,0.0
2025-11-23 23:59:42,clusterB,0,4,0,4,0.00,0.5,0.5,0.0,0.0,0.0
2025-11-23 23:59:57,clusterA,0,3,3,0,1.00,0.5,0.5,0.0,0.0,0.0
2025-11-23 23:59:57,cluster_A,0,1,1,0,1.00,0.5,0.5,0.0,0.0,0.0
2025-11-23 23:59:57,clusterB,0,4,0,4,0.00,0.5,0.5,0.0,0.0,0.0
2025-11-24 00:00:12,clusterA,0,3,3,0,1.00,0.5,0.5,0.0,0.0,0.0
2025-11-24 00:00:12,cluster_A,0,1,1,0,1.00,0.5,0.5,0.0,0.0,0.0
2025-11-24 00:00:12,clusterB,0,4,0,4,0.00,0.5,0.5,0.0,0.0,0.0
2025-11-24 00:00:27,clusterA,0,3,3,0,1.00,0.5,0.5,0.0,0.0,0.0
2025-11-24 00:00:27,cluster_A,0,1,1,0,1.00,0.5,0.5,0.0,0.0,0.0
2025-11-24 00:00:27,clusterB,0,4,0,4,0.00,0.5,0.5,0.0,0.0,0.0
2025-11-24 00:00:42,clusterA,1,3,3,0,1.00,0.5,0.5,0.0,0.0,0.0
2025-11-24 00:00:42,cluster_A,1,1,1,0,1.00,0.5,0.5,0.0,0.0,0.0
2025-11-24 00:00:42,clusterB,1,4,0,4,0.00,0.5,0.5,0.0,0.0,0.0
2025-11-24 00:00:56,clusterA,0,3,3,0,1.00,0.5,0.5,0.0,0.0,0.0
2025-11-24 00:00:56,cluster_A,0,1,1,0,1.00,0.5,0.5,0.0,0.0,0.0
2025-11-24 00:00:56,clusterB,0,4,1,3,0.25,0.5,0.5,0.0,0.0,0.0
2025-11-24 00:01:12,clusterA,0,3,3,0,1.00,0.5,0.5,0.0,0.0,0.0
2025-11-24 00:01:12,cluster_A,0,1,1,0,1.00,0.5,0.5,0.0,0.0,0.0
2025-11-24 00:01:12,clusterB,0,4,1,3,0.25,0.5,0.5,0.0,0.0,0.0
2025-11-24 00:01:27,clusterA,0,3,3,0,1.00,0.5,0.5,0.0,0.0,0.0
2025-11-24 00:01:27,cluster_A,0,1,1,0,1.00,0.5,0.5,0.0,0.0,0.0
2025-11-24 00:01:27,clusterB,0,4,1,3,0.25,0.5,0.5,0.0,0.0,0.0
2025-11-24 00:01:42,clusterA,0,3,3,0,1.00,0.5,0.5,0.0,0.0,0.0
2025-11-24 00:01:42,cluster_A,0,1,1,0,1.00,0.5,0.5,0.0,0.0,0.0
2025-11-24 00:01:42,clusterB,0,4,1,3,0.25,0.5,0.5,0.0,0.0,0.0
2025-11-24 00:01:57,clusterA,0,3,3,0,1.00,0.5,0.5,0.0,0.0,0.0
2025-11-24 00:01:57,cluster_A,0,1,1,0,1.00,0.5,0.5,0.0,0.0,0.0
2025-11-24 00:01:57,clusterB,0,4,1,3,0.25,0.5,0.5,0.0,0.0,0.0
2025-11-24 00:02:12,clusterA,1,3,3,0,1.00,0.5,0.5,0.0,0.0,0.0
2025-11-24 00:02:12,cluster_A,1,1,1,0,1.00,0.5,0.5,0.0,0.0,0.0
2025-11-24 00:02:12,clusterB,1,4,0,4,0.00,0.5,0.5,0.0,0.0,0.0
2025-11-24 00:02:27,clusterA,0,3,3,0,1.00,0.5,0.5,0.0,0.0,0.0
2025-11-24 00:02:27,cluster_A,0,1,1,0,1.00,0.5,0.5,0.0,0.0,0.0
2025-11-24 00:02:27,clusterB,0,4,1,3,0.25,0.5,0.5,0.0,0.0,0.0
2025-11-24 00:02:42,clusterA,0,3,3,0,1.00,0.5,0.5,0.0,0.0,0.0
2025-11-24 00:02:42,cluster_A,0,1,1,0,1.00,0.5,0.5,0.0,0.0,0.0
2025-11-24 00:02:42,clusterB,0,4,1,3,0.25,0.5,0.5,0.0,0.0,0.0
2025-11-24 00:02:57,clusterA,0,3,3,0,1.00,0.5,0.5,0.0,0.0,0.0
2025-11-24 00:02:57,cluster_A,0,1,1,0,1.00,0.5,0.5,0.0,0.0,0.0
2025-11-24 00:02:57,clusterB,0,4,1,3,0.25,0.5,0.5,0.0,0.0,0.0
2025-11-24 00:03:12,clusterA,0,3,3,0,1.00,0.5,0.5,0.0,0.0,0.0
2025-11-24 00:03:12,cluster_A,0,1,1,0,1.00,0.5,0.5,0.0,0.0,0.0
2025-11-24 00:03:12,clusterB,0,4,0,4,0.00,0.5,0.5,0.0,0.0,0.0
2025-11-24 00:03:28,clusterA,0,3,2,1,0.67,0.5,0.5,0.0,0.0,0.0
2025-11-24 00:03:28,cluster_A,0,1,1,0,1.00,0.5,0.5,0.0,0.0,0.0
2025-11-24 00:03:28,clusterB,0,4,0,4,0.00,0.5,0.5,0.0,0.0,0.0
2025-11-24 00:03:33,clusterA,1,3,2,1,0.67,0.5,0.5,0.0,0.0,0.0
2025-11-24 00:03:33,cluster_A,1,1,1,0,1.00,0.5,0.5,0.0,0.0,0.0
2025-11-24 00:03:33,clusterB,1,4,0,4,0.00,0.5,0.5,0.0,0.0,0.0
2025-11-24 00:03:39,clusterA,1,3,3,0,1.00,0.5,0.5,0.0,0.0,0.0
2025-11-24 00:03:39,cluster_A,1,1,1,0,1.00,0.5,0.5,0.0,0.0,0.0
2025-11-24 00:03:39,clusterB,1,4,1,3,0.25,0.5,0.5,0.0,0.0,0.0
2025-11-24 00:03:45,clusterA,1,3,3,0,1.00,0.5,0.5,0.0,0.0,0.0
2025-11-24 00:03:45,cluster_A,1,1,1,0,1.00,0.5,0.5,0.0,0.0,0.0
2025-11-24 00:03:45,clusterB,1,4,3,1,0.75,0.5,0.5,0.0,0.0,0.0
2025-11-24 00:03:50,clusterA,0,3,3,0,1.00,0.5,0.5,0.0,0.0,0.0
2025-11-24 00:03:50,cluster_A,0,1,1,0,1.00,0.5,0.5,0.0,0.0,0.0
2025-11-24 00:03:50,clusterB,0,4,4,0,1.00,0.5,0.5,0.0,0.0,0.0
2025-11-24 00:03:56,clusterA,0,3,3,0,1.00,0.5,0.5,0.0,0.0,0.0
2025-11-24 00:03:56,cluster_A,0,1,1,0,1.00,0.5,0.5,0.0,0.0,0.0
2025-11-24 00:03:56,clusterB,0,4,4,0,1.00,0.5,0.5,0.0,0.0,0.0
2025-11-24 00:04:02,clusterA,0,3,3,0,1.00,0.5,0.5,0.0,0.0,0.0
2025-11-24 00:04:02,cluster_A,0,1,1,0,1.00,0.5,0.5,0.0,0.0,0.0
2025-11-24 00:04:02,clusterB,0,4,4,0,1.00,0.5,0.5,0.0,0.0,0.0
2025-11-24 00:04:07,clusterA,0,3,3,0,1.00,0.5,0.5,0.0,0.0,0.0
2025-11-24 00:04:07,cluster_A,0,1,1,0,1.00,0.5,0.5,0.0,0.0,0.0
2025-11-24 00:04:07,clusterB,0,4,4,0,1.00,0.5,0.5,0.0,0.0,0.0
2025-11-24 00:04:13,clusterA,0,3,3,0,1.00,0.5,0.5,0.0,0.0,0.0
2025-11-24 00:04:13,cluster_A,0,1,1,0,1.00,0.5,0.5,0.0,0.0,0.0
2025-11-24 00:04:13,clusterB,0,4,4,0,1.00,0.5,0.5,0.0,0.0,0.0
2025-11-24 00:04:18,clusterA,0,3,3,0,1.00,0.5,0.5,0.0,0.0,0.0
2025-11-24 00:04:18,cluster_A,0,1,1,0,1.00,0.5,0.5,0.0,0.0,0.0
2025-11-24 00:04:18,clusterB,0,4,4,0,1.00,0.5,0.5,0.0,0.0,0.0
2025-11-24 00:04:24,clusterA,0,3,1,2,0.33,0.5,0.5,0.0,0.0,0.0
2025-11-24 00:04:24,cluster_A,0,1,1,0,1.00,0.5,0.5,0.0,0.0,0.0
2025-11-24 00:04:24,clusterB,0,4,1,3,0.25,0.5,0.5,0.0,0.0,0.0
2025-11-24 00:04:29,clusterA,0,3,1,2,0.33,0.5,0.5,0.0,0.0,0.0
2025-11-24 00:04:29,cluster_A,0,1,1,0,1.00,0.5,0.5,0.0,0.0,0.0
2025-11-24 00:04:29,clusterB,0,4,1,3,0.25,0.5,0.5,0.0,0.0,0.0
2025-11-24 00:04:35,clusterA,0,3,1,2,0.33,0.5,0.5,0.0,0.0,0.0
2025-11-24 00:04:35,cluster_A,0,1,1,0,1.00,0.5,0.5,0.0,0.0,0.0
2025-11-24 00:04:35,clusterB,0,4,1,3,0.25,0.5,0.5,0.0,0.0,0.0
2025-11-24 00:04:40,clusterA,0,3,1,2,0.33,0.5,0.5,0.0,0.0,0.0
2025-11-24 00:04:40,cluster_A,0,1,1,0,1.00,0.5,0.5,0.0,0.0,0.0
2025-11-24 00:04:40,clusterB,0,4,1,3,0.25,0.5,0.5,0.0,0.0,0.0
2025-11-24 00:04:46,clusterA,0,3,1,2,0.33,0.5,0.5,0.0,0.0,0.0
2025-11-24 00:04:46,cluster_A,0,1,1,0,1.00,0.5,0.5,0.0,0.0,0.0
2025-11-24 00:04:46,clusterB,0,4,1,3,0.25,0.5,0.5,0.0,0.0,0.0
2025-11-24 00:04:51,clusterA,0,3,1,2,0.33,0.5,0.5,0.0,0.0,0.0
2025-11-24 00:04:51,cluster_A,0,1,1,0,1.00,0.5,0.5,0.0,0.0,0.0
2025-11-24 00:04:51,clusterB,0,4,1,3,0.25,0.5,0.5,0.0,0.0,0.0
2025-11-24 00:04:56,clusterA,0,3,1,2,0.33,0.5,0.5,0.0,0.0,0.0
2025-11-24 00:04:56,cluster_A,0,1,1,0,1.00,0.5,0.5,0.0,0.0,0.0
2025-11-24 00:04:56,clusterB,0,4,1,3,0.25,0.5,0.5,0.0,0.0,0.0
2025-11-24 00:05:02,clusterA,0,3,1,2,0.33,0.5,0.5,0.0,0.0,0.0
2025-11-24 00:05:02,cluster_A,0,1,1,0,1.00,0.5,0.5,0.0,0.0,0.0
2025-11-24 00:05:02,clusterB,0,4,1,3,0.25,0.5,0.5,0.0,0.0,0.0
2025-11-24 00:05:07,clusterA,0,3,1,2,0.33,0.5,0.5,0.0,0.0,0.0
2025-11-24 00:05:07,cluster_A,0,1,1,0,1.00,0.5,0.5,0.0,0.0,0.0
2025-11-24 00:05:07,clusterB,0,4,1,3,0.25,0.5,0.5,0.0,0.0,0.0
2025-11-24 00:05:13,clusterA,0,3,1,2,0.33,0.5,0.5,0.0,0.0,0.0
2025-11-24 00:05:13,cluster_A,0,1,1,0,1.00,0.5,0.5,0.0,0.0,0.0
2025-11-24 00:05:13,clusterB,0,4,1,3,0.25,0.5,0.5,0.0,0.0,0.0
2025-11-24 00:05:18,clusterA,0,3,1,2,0.33,0.5,0.5,0.0,0.0,0.0
2025-11-24 00:05:18,cluster_A,0,1,1,0,1.00,0.5,0.5,0.0,0.0,0.0
2025-11-24 00:05:18,clusterB,0,4,1,3,0.25,0.5,0.5,0.0,0.0,0.0
2025-11-24 00:05:23,clusterA,0,3,1,2,0.33,0.5,0.5,0.0,0.0,0.0
2025-11-24 00:05:23,cluster_A,0,1,1,0,1.00,0.5,0.5,0.0,0.0,0.0
2025-11-24 00:05:23,clusterB,0,4,1,3,0.25,0.5,0.5,0.0,0.0,0.0
2025-11-24 00:05:29,clusterA,0,3,1,2,0.33,0.5,0.5,0.0,0.0,0.0
2025-11-24 00:05:29,cluster_A,0,1,1,0,1.00,0.5,0.5,0.0,0.0,0.0
2025-11-24 00:05:29,clusterB,0,4,1,3,0.25,0.5,0.5,0.0,0.0,0.0
2025-11-24 00:05:34,clusterA,0,3,1,2,0.33,0.5,0.5,0.0,0.0,0.0
2025-11-24 00:05:34,cluster_A,0,1,1,0,1.00,0.5,0.5,0.0,0.0,0.0
2025-11-24 00:05:34,clusterB,0,4,1,3,0.25,0.5,0.5,0.0,0.0,0.0
2025-11-24 00:05:40,clusterA,0,3,1,2,0.33,0.5,0.5,0.0,0.0,0.0
2025-11-24 00:05:40,cluster_A,0,1,1,0,1.00,0.5,0.5,0.0,0.0,0.0
2025-11-24 00:05:40,clusterB,0,4,1,3,0.25,0.5,0.5,0.0,0.0,0.0
2025-11-24 00:05:45,clusterA,0,3,1,2,0.33,0.5,0.5,0.0,0.0,0.0
2025-11-24 00:05:45,cluster_A,0,1,1,0,1.00,0.5,0.5,0.0,0.0,0.0
2025-11-24 00:05:45,clusterB,0,4,1,3,0.25,0.5,0.5,0.0,0.0,0.0
2025-11-24 00:05:51,clusterA,0,3,1,2,0.33,0.5,0.5,0.0,0.0,0.0
2025-11-24 00:05:51,cluster_A,0,1,1,0,1.00,0.5,0.5,0.0,0.0,0.0
2025-11-24 00:05:51,clusterB,0,4,1,3,0.25,0.5,0.5,0.0,0.0,0.0
2025-11-24 00:05:56,clusterA,0,3,1,2,0.33,0.5,0.5,0.0,0.0,0.0
2025-11-24 00:05:56,cluster_A,0,1,1,0,1.00,0.5,0.5,0.0,0.0,0.0
2025-11-24 00:05:56,clusterB,0,4,1,3,0.25,0.5,0.5,0.0,0.0,0.0
2025-11-24 00:06:01,clusterA,0,3,1,2,0.33,0.5,0.5,0.0,0.0,0.0
2025-11-24 00:06:01,cluster_A,0,1,1,0,1.00,0.5,0.5,0.0,0.0,0.0
2025-11-24 00:06:01,clusterB,0,4,1,3,0.25,0.5,0.5,0.0,0.0,0.0
2025-11-24 00:06:07,clusterA,0,3,1,2,0.33,0.5,0.5,0.0,0.0,0.0
2025-11-24 00:06:07,cluster_A,0,1,1,0,1.00,0.5,0.5,0.0,0.0,0.0
2025-11-24 00:06:07,clusterB,0,4,1,3,0.25,0.5,0.5,0.0,0.0,0.0
2025-11-24 00:06:12,clusterA,0,3,1,2,0.33,0.5,0.5,0.0,0.0,0.0
2025-11-24 00:06:12,cluster_A,0,1,1,0,1.00,0.5,0.5,0.0,0.0,0.0
2025-11-24 00:06:12,clusterB,0,4,1,3,0.25,0.5,0.5,0.0,0.0,0.0
2025-11-24 00:06:18,clusterA,0,3,1,2,0.33,0.5,0.5,0.0,0.0,0.0
2025-11-24 00:06:18,cluster_A,0,1,1,0,1.00,0.5,0.5,0.0,0.0,0.0
2025-11-24 00:06:18,clusterB,0,4,1,3,0.25,0.5,0.5,0.0,0.0,0.0
2025-11-24 00:06:23,clusterA,0,3,1,2,0.33,0.5,0.5,0.0,0.0,0.0
2025-11-24 00:06:23,cluster_A,0,1,1,0,1.00,0.5,0.5,0.0,0.0,0.0
2025-11-24 00:06:23,clusterB,0,4,1,3,0.25,0.5,0.5,0.0,0.0,0.0
2025-11-24 00:06:28,clusterA,0,3,1,2,0.33,0.5,0.5,0.0,0.0,0.0
2025-11-24 00:06:28,cluster_A,0,1,1,0,1.00,0.5,0.5,0.0,0.0,0.0
2025-11-24 00:06:28,clusterB,0,4,1,3,0.25,0.5,0.5,0.0,0.0,0.0
2025-11-24 00:06:34,clusterA,0,3,1,2,0.33,0.5,0.5,0.0,0.0,0.0
2025-11-24 00:06:34,cluster_A,0,1,1,0,1.00,0.5,0.5,0.0,0.0,0.0
2025-11-24 00:06:34,clusterB,0,4,1,3,0.25,0.5,0.5,0.0,0.0,0.0
2025-11-24 00:06:39,clusterA,0,3,1,2,0.33,0.5,0.5,0.0,0.0,0.0
2025-11-24 00:06:39,cluster_A,0,1,1,0,1.00,0.5,0.5,0.0,0.0,0.0
2025-11-24 00:06:39,clusterB,0,4,1,3,0.25,0.5,0.5,0.0,0.0,0.0
2025-11-24 00:06:45,clusterA,0,3,1,2,0.33,0.5,0.5,0.0,0.0,0.0
2025-11-24 00:06:45,cluster_A,0,1,1,0,1.00,0.5,0.5,0.0,0.0,0.0
2025-11-24 00:06:45,clusterB,0,4,1,3,0.25,0.5,0.5,0.0,0.0,0.0
2025-11-24 00:06:50,clusterA,0,3,1,2,0.33,0.5,0.5,0.0,0.0,0.0
2025-11-24 00:06:50,cluster_A,0,1,1,0,1.00,0.5,0.5,0.0,0.0,0.0
2025-11-24 00:06:50,clusterB,0,4,1,3,0.25,0.5,0.5,0.0,0.0,0.0
2025-11-24 00:06:56,clusterA,1,3,1,2,0.33,0.5,0.5,0.0,0.0,0.0
2025-11-24 00:06:56,cluster_A,1,1,1,0,1.00,0.5,0.5,0.0,0.0,0.0
2025-11-24 00:06:56,clusterB,1,4,1,3,0.25,0.5,0.5,0.0,0.0,0.0
2025-11-24 00:07:01,clusterA,1,3,3,0,1.00,0.5,0.5,0.0,0.0,0.0
2025-11-24 00:07:01,cluster_A,1,1,1,0,1.00,0.5,0.5,0.0,0.0,0.0
2025-11-24 00:07:01,clusterB,1,4,1,3,0.25,0.5,0.5,0.0,0.0,0.0
2025-11-24 00:07:07,clusterA,0,3,3,0,1.00,0.5,0.5,0.0,0.0,0.0
2025-11-24 00:07:07,cluster_A,0,1,1,0,1.00,0.5,0.5,0.0,0.0,0.0
2025-11-24 00:07:07,clusterB,0,4,3,1,0.75,0.5,0.5,0.0,0.0,0.0
2025-11-24 00:07:12,clusterA,0,3,3,0,1.00,0.5,0.5,0.0,0.0,0.0
2025-11-24 00:07:12,cluster_A,0,1,1,0,1.00,0.5,0.5,0.0,0.0,0.0
2025-11-24 00:07:12,clusterB,0,4,3,1,0.75,0.5,0.5,0.0,0.0,0.0
2025-11-24 00:07:18,clusterA,0,3,3,0,1.00,0.5,0.5,0.0,0.0,0.0
2025-11-24 00:07:18,cluster_A,0,1,1,0,1.00,0.5,0.5,0.0,0.0,0.0
2025-11-24 00:07:18,clusterB,0,4,3,1,0.75,0.5,0.5,0.0,0.0,0.0
2025-11-24 00:07:23,clusterA,0,3,3,0,1.00,0.5,0.5,0.0,0.0,0.0
2025-11-24 00:07:23,cluster_A,0,1,1,0,1.00,0.5,0.5,0.0,0.0,0.0
2025-11-24 00:07:23,clusterB,0,4,3,1,0.75,0.5,0.5,0.0,0.0,0.0
2025-11-24 00:07:28,clusterA,0,3,3,0,1.00,0.5,0.5,0.0,0.0,0.0
2025-11-24 00:07:28,cluster_A,0,1,1,0,1.00,0.5,0.5,0.0,0.0,0.0
2025-11-24 00:07:28,clusterB,0,4,3,1,0.75,0.5,0.5,0.0,0.0,0.0
2025-11-24 00:07:34,clusterA,0,3,3,0,1.00,0.5,0.5,0.0,0.0,0.0
2025-11-24 00:07:34,cluster_A,0,1,1,0,1.00,0.5,0.5,0.0,0.0,0.0
2025-11-24 00:07:34,clusterB,0,4,3,1,0.75,0.5,0.5,0.0,0.0,0.0
2025-11-24 00:07:39,clusterA,0,3,3,0,1.00,0.5,0.5,0.0,0.0,0.0
2025-11-24 00:07:39,cluster_A,0,1,1,0,1.00,0.5,0.5,0.0,0.0,0.0
2025-11-24 00:07:39,clusterB,0,4,3,1,0.75,0.5,0.5,0.0,0.0,0.0
2025-11-24 00:07:45,clusterA,0,3,3,0,1.00,0.5,0.5,0.0,0.0,0.0
2025-11-24 00:07:45,cluster_A,0,1,1,0,1.00,0.5,0.5,0.0,0.0,0.0
2025-11-24 00:07:45,clusterB,0,4,3,1,0.75,0.5,0.5,0.0,0.0,0.0
2025-11-24 00:07:50,clusterA,0,3,3,0,1.00,0.5,0.5,0.0,0.0,0.0
2025-11-24 00:07:50,cluster_A,0,1,1,0,1.00,0.5,0.5,0.0,0.0,0.0
2025-11-24 00:07:50,clusterB,0,4,3,1,0.75,0.5,0.5,0.0,0.0,0.0
2025-11-24 00:07:56,clusterA,0,3,3,0,1.00,0.5,0.5,0.0,0.0,0.0
2025-11-24 00:07:56,cluster_A,0,1,1,0,1.00,0.5,0.5,0.0,0.0,0.0
2025-11-24 00:07:56,clusterB,0,4,2,2,0.50,0.5,0.5,0.0,0.0,0.0
2025-11-24 00:08:01,clusterA,0,3,3,0,1.00,0.5,0.5,0.0,0.0,0.0
2025-11-24 00:08:01,cluster_A,0,1,1,0,1.00,0.5,0.5,0.0,0.0,0.0
2025-11-24 00:08:01,clusterB,0,4,2,2,0.50,0.5,0.5,0.0,0.0,0.0
2025-11-24 00:08:06,clusterA,0,3,3,0,1.00,0.5,0.5,0.0,0.0,0.0
2025-11-24 00:08:06,cluster_A,0,1,1,0,1.00,0.5,0.5,0.0,0.0,0.0
2025-11-24 00:08:06,clusterB,0,4,2,2,0.50,0.5,0.5,0.0,0.0,0.0
2025-11-24 00:08:11,clusterA,0,3,3,0,1.00,0.5,0.5,0.0,0.0,0.0
2025-11-24 00:08:11,cluster_A,0,1,1,0,1.00,0.5,0.5,0.0,0.0,0.0
2025-11-24 00:08:11,clusterB,0,4,2,2,0.50,0.5,0.5,0.0,0.0,0.0
2025-11-24 00:08:16,clusterA,0,3,3,0,1.00,0.5,0.5,0.0,0.0,0.0
2025-11-24 00:08:16,cluster_A,0,1,1,0,1.00,0.5,0.5,0.0,0.0,0.0
2025-11-24 00:08:16,clusterB,0,4,2,2,0.50,0.5,0.5,0.0,0.0,0.0
2025-11-24 00:08:22,clusterA,0,3,3,0,1.00,0.5,0.5,0.0,0.0,0.0
2025-11-24 00:08:22,cluster_A,0,1,1,0,1.00,0.5,0.5,0.0,0.0,0.0
2025-11-24 00:08:22,clusterB,0,4,2,2,0.50,0.5,0.5,0.0,0.0,0.0
2025-11-24 00:08:27,clusterA,0,3,3,0,1.00,0.5,0.5,0.0,0.0,0.0
2025-11-24 00:08:27,cluster_A,0,1,1,0,1.00,0.5,0.5,0.0,0.0,0.0
2025-11-24 00:08:27,clusterB,0,4,2,2,0.50,0.5,0.5,0.0,0.0,0.0
2025-11-24 00:08:32,clusterA,0,3,1,2,0.33,0.5,0.5,0.0,0.0,0.0
2025-11-24 00:08:32,cluster_A,0,1,1,0,1.00,0.5,0.5,0.0,0.0,0.0
2025-11-24 00:08:32,clusterB,0,4,0,4,0.00,0.5,0.5,0.0,0.0,0.0
2025-11-24 00:08:37,clusterA,0,3,1,2,0.33,0.5,0.5,0.0,0.0,0.0
2025-11-24 00:08:37,cluster_A,0,1,1,0,1.00,0.5,0.5,0.0,0.0,0.0
2025-11-24 00:08:37,clusterB,0,4,0,4,0.00,0.5,0.5,0.0,0.0,0.0
2025-11-24 00:08:43,clusterA,0,3,1,2,0.33,0.5,0.5,0.0,0.0,0.0
2025-11-24 00:08:43,cluster_A,0,1,1,0,1.00,0.5,0.5,0.0,0.0,0.0
2025-11-24 00:08:43,clusterB,0,4,0,4,0.00,0.5,0.5,0.0,0.0,0.0
2025-11-24 00:08:48,clusterA,0,3,1,2,0.33,0.5,0.5,0.0,0.0,0.0
2025-11-24 00:08:48,cluster_A,0,1,1,0,1.00,0.5,0.5,0.0,0.0,0.0
2025-11-24 00:08:48,clusterB,0,4,0,4,0.00,0.5,0.5,0.0,0.0,0.0
2025-11-24 00:08:53,clusterA,0,3,1,2,0.33,0.5,0.5,0.0,0.0,0.0
2025-11-24 00:08:53,cluster_A,0,1,1,0,1.00,0.5,0.5,0.0,0.0,0.0
2025-11-24 00:08:53,clusterB,0,4,0,4,0.00,0.5,0.5,0.0,0.0,0.0
2025-11-24 00:08:58,clusterA,0,3,1,2,0.33,0.5,0.5,0.0,0.0,0.0
2025-11-24 00:08:58,cluster_A,0,1,1,0,1.00,0.5,0.5,0.0,0.0,0.0
2025-11-24 00:08:58,clusterB,0,4,0,4,0.00,0.5,0.5,0.0,0.0,0.0
2025-11-24 00:09:03,clusterA,0,3,1,2,0.33,0.5,0.5,0.0,0.0,0.0
2025-11-24 00:09:03,cluster_A,0,1,1,0,1.00,0.5,0.5,0.0,0.0,0.0
2025-11-24 00:09:03,clusterB,0,4,0,4,0.00,0.5,0.5,0.0,0.0,0.0
2025-11-24 00:09:09,clusterA,0,3,1,2,0.33,0.5,0.5,0.0,0.0,0.0
2025-11-24 00:09:09,cluster_A,0,1,1,0,1.00,0.5,0.5,0.0,0.0,0.0
2025-11-24 00:09:09,clusterB,0,4,0,4,0.00,0.5,0.5,0.0,0.0,0.0
2025-11-24 00:09:14,clusterA,0,3,1,2,0.33,0.5,0.5,0.0,0.0,0.0
2025-11-24 00:09:14,cluster_A,0,1,1,0,1.00,0.5,0.5,0.0,0.0,0.0
2025-11-24 00:09:14,clusterB,0,4,0,4,0.00,0.5,0.5,0.0,0.0,0.0
2025-11-24 00:09:19,clusterA,0,3,1,2,0.33,0.5,0.5,0.0,0.0,0.0
2025-11-24 00:09:19,cluster_A,0,1,1,0,1.00,0.5,0.5,0.0,0.0,0.0
2025-11-24 00:09:19,clusterB,0,4,0,4,0.00,0.5,0.5,0.0,0.0,0.0
2025-11-24 00:09:24,clusterA,0,3,1,2,0.33,0.5,0.5,0.0,0.0,0.0
2025-11-24 00:09:24,cluster_A,0,1,1,0,1.00,0.5,0.5,0.0,0.0,0.0
2025-11-24 00:09:24,clusterB,0,4,0,4,0.00,0.5,0.5,0.0,0.0,0.0
2025-11-24 00:09:30,clusterA,0,3,1,2,0.33,0.5,0.5,0.0,0.0,0.0
2025-11-24 00:09:30,cluster_A,0,1,1,0,1.00,0.5,0.5,0.0,0.0,0.0
2025-11-24 00:09:30,clusterB,0,4,0,4,0.00,0.5,0.5,0.0,0.0,0.0
2025-11-24 00:09:35,clusterA,0,3,1,2,0.33,0.5,0.5,0.0,0.0,0.0
2025-11-24 00:09:35,cluster_A,0,1,1,0,1.00,0.5,0.5,0.0,0.0,0.0
2025-11-24 00:09:35,clusterB,0,4,0,4,0.00,0.5,0.5,0.0,0.0,0.0
2025-11-24 00:09:40,clusterA,0,3,1,2,0.33,0.5,0.5,0.0,0.0,0.0
2025-11-24 00:09:40,cluster_A,0,1,1,0,1.00,0.5,0.5,0.0,0.0,0.0
2025-11-24 00:09:40,clusterB,0,4,0,4,0.00,0.5,0.5,0.0,0.0,0.0
2025-11-24 00:09:45,clusterA,0,3,1,2,0.33,0.5,0.5,0.0,0.0,0.0
2025-11-24 00:09:45,cluster_A,0,1,1,0,1.00,0.5,0.5,0.0,0.0,0.0
2025-11-24 00:09:45,clusterB,0,4,0,4,0.00,0.5,0.5,0.0,0.0,0.0
2025-11-24 00:09:50,clusterA,0,3,1,2,0.33,0.5,0.5,0.0,0.0,0.0
2025-11-24 00:09:50,cluster_A,0,1,1,0,1.00,0.5,0.5,0.0,0.0,0.0
2025-11-24 00:09:50,clusterB,0,4,0,4,0.00,0.5,0.5,0.0,0.0,0.0
2025-11-24 00:09:56,clusterA,0,3,1,2,0.33,0.5,0.5,0.0,0.0,0.0
2025-11-24 00:09:56,cluster_A,0,1,1,0,1.00,0.5,0.5,0.0,0.0,0.0
2025-11-24 00:09:56,clusterB,0,4,0,4,0.00,0.5,0.5,0.0,0.0,0.0
2025-11-24 00:10:01,clusterA,0,3,1,2,0.33,0.5,0.5,0.0,0.0,0.0
2025-11-24 00:10:01,cluster_A,0,1,1,0,1.00,0.5,0.5,0.0,0.0,0.0
2025-11-24 00:10:01,clusterB,0,4,0,4,0.00,0.5,0.5,0.0,0.0,0.0
2025-11-24 00:10:06,clusterA,0,3,1,2,0.33,0.5,0.5,0.0,0.0,0.0
2025-11-24 00:10:06,cluster_A,0,1,1,0,1.00,0.5,0.5,0.0,0.0,0.0
2025-11-24 00:10:06,clusterB,0,4,0,4,0.00,0.5,0.5,0.0,0.0,0.0
2025-11-24 00:10:11,clusterA,0,3,1,2,0.33,0.5,0.5,0.0,0.0,0.0
2025-11-24 00:10:11,cluster_A,0,1,1,0,1.00,0.5,0.5,0.0,0.0,0.0
2025-11-24 00:10:11,clusterB,0,4,0,4,0.00,0.5,0.5,0.0,0.0,0.0
2025-11-24 00:10:17,clusterA,0,3,1,2,0.33,0.5,0.5,0.0,0.0,0.0
2025-11-24 00:10:17,cluster_A,0,1,1,0,1.00,0.5,0.5,0.0,0.0,0.0
2025-11-24 00:10:17,clusterB,0,4,0,4,0.00,0.5,0.5,0.0,0.0,0.0
2025-11-24 00:10:22,clusterA,0,3,1,2,0.33,0.5,0.5,0.0,0.0,0.0
2025-11-24 00:10:22,cluster_A,0,1,1,0,1.00,0.5,0.5,0.0,0.0,0.0
2025-11-24 00:10:22,clusterB,0,4,0,4,0.00,0.5,0.5,0.0,0.0,0.0
2025-11-24 00:10:27,clusterA,0,3,1,2,0.33,0.5,0.5,0.0,0.0,0.0
2025-11-24 00:10:27,cluster_A,0,1,1,0,1.00,0.5,0.5,0.0,0.0,0.0
2025-11-24 00:10:27,clusterB,0,4,0,4,0.00,0.5,0.5,0.0,0.0,0.0
2025-11-24 00:10:32,clusterA,0,3,1,2,0.33,0.5,0.5,0.0,0.0,0.0
2025-11-24 00:10:32,cluster_A,0,1,1,0,1.00,0.5,0.5,0.0,0.0,0.0
2025-11-24 00:10:32,clusterB,0,4,0,4,0.00,0.5,0.5,0.0,0.0,0.0
2025-11-24 00:10:38,clusterA,0,3,1,2,0.33,0.5,0.5,0.0,0.0,0.0
2025-11-24 00:10:38,cluster_A,0,1,1,0,1.00,0.5,0.5,0.0,0.0,0.0
2025-11-24 00:10:38,clusterB,0,4,0,4,0.00,0.5,0.5,0.0,0.0,0.0
2025-11-24 00:10:43,clusterA,0,3,1,2,0.33,0.5,0.5,0.0,0.0,0.0
2025-11-24 00:10:43,cluster_A,0,1,1,0,1.00,0.5,0.5,0.0,0.0,0.0
2025-11-24 00:10:43,clusterB,0,4,0,4,0.00,0.5,0.5,0.0,0.0,0.0
2025-11-24 00:10:48,clusterA,0,3,1,2,0.33,0.5,0.5,0.0,0.0,0.0
2025-11-24 00:10:48,cluster_A,0,1,1,0,1.00,0.5,0.5,0.0,0.0,0.0
2025-11-24 00:10:48,clusterB,0,4,0,4,0.00,0.5,0.5,0.0,0.0,0.0
2025-11-24 00:10:53,clusterA,0,3,1,2,0.33,0.5,0.5,0.0,0.0,0.0
2025-11-24 00:10:53,cluster_A,0,1,1,0,1.00,0.5,0.5,0.0,0.0,0.0
2025-11-24 00:10:53,clusterB,0,4,0,4,0.00,0.5,0.5,0.0,0.0,0.0
2025-11-24 00:10:59,clusterA,0,3,1,2,0.33,0.5,0.5,0.0,0.0,0.0
2025-11-24 00:10:59,cluster_A,0,1,1,0,1.00,0.5,0.5,0.0,0.0,0.0
2025-11-24 00:10:59,clusterB,0,4,0,4,0.00,0.5,0.5,0.0,0.0,0.0
2025-11-24 00:11:04,clusterA,0,3,1,2,0.33,0.5,0.5,0.0,0.0,0.0
2025-11-24 00:11:04,cluster_A,0,1,1,0,1.00,0.5,0.5,0.0,0.0,0.0
2025-11-24 00:11:04,clusterB,0,4,0,4,0.00,0.5,0.5,0.0,0.0,0.0
2025-11-24 00:11:09,clusterA,0,3,1,2,0.33,0.5,0.5,0.0,0.0,0.0
2025-11-24 00:11:09,cluster_A,0,1,1,0,1.00,0.5,0.5,0.0,0.0,0.0
2025-11-24 00:11:09,clusterB,0,4,0,4,0.00,0.5,0.5,0.0,0.0,0.0
2025-11-24 00:11:14,clusterA,0,3,1,2,0.33,0.5,0.5,0.0,0.0,0.0
2025-11-24 00:11:14,cluster_A,0,1,1,0,1.00,0.5,0.5,0.0,0.0,0.0
2025-11-24 00:11:14,clusterB,0,4,0,4,0.00,0.5,0.5,0.0,0.0,0.0
2025-11-24 00:11:19,clusterA,0,3,1,2,0.33,0.5,0.5,0.0,0.0,0.0
2025-11-24 00:11:19,cluster_A,0,1,1,0,1.00,0.5,0.5,0.0,0.0,0.0
2025-11-24 00:11:19,clusterB,0,4,0,4,0.00,0.5,0.5,0.0,0.0,0.0
2025-11-24 00:11:25,clusterA,0,3,1,2,0.33,0.5,0.5,0.0,0.0,0.0
2025-11-24 00:11:25,cluster_A,0,1,1,0,1.00,0.5,0.5,0.0,0.0,0.0
2025-11-24 00:11:25,clusterB,0,4,0,4,0.00,0.5,0.5,0.0,0.0,0.0
2025-11-24 00:11:30,clusterA,0,3,1,2,0.33,0.5,0.5,0.0,0.0,0.0
2025-11-24 00:11:30,cluster_A,0,1,1,0,1.00,0.5,0.5,0.0,0.0,0.0
2025-11-24 00:11:30,clusterB,0,4,0,4,0.00,0.5,0.5,0.0,0.0,0.0
2025-11-24 00:11:35,clusterA,0,3,1,2,0.33,0.5,0.5,0.0,0.0,0.0
2025-11-24 00:11:35,cluster_A,0,1,1,0,1.00,0.5,0.5,0.0,0.0,0.0
2025-11-24 00:11:35,clusterB,0,4,0,4,0.00,0.5,0.5,0.0,0.0,0.0
2025-11-24 00:11:40,clusterA,0,3,1,2,0.33,0.5,0.5,0.0,0.0,0.0
2025-11-24 00:11:40,cluster_A,0,1,1,0,1.00,0.5,0.5,0.0,0.0,0.0
2025-11-24 00:11:40,clusterB,0,4,0,4,0.00,0.5,0.5,0.0,0.0,0.0
2025-11-24 00:11:46,clusterA,0,3,1,2,0.33,0.5,0.5,0.0,0.0,0.0
2025-11-24 00:11:46,cluster_A,0,1,1,0,1.00,0.5,0.5,0.0,0.0,0.0
2025-11-24 00:11:46,clusterB,0,4,0,4,0.00,0.5,0.5,0.0,0.0,0.0
2025-11-24 00:11:51,clusterA,0,3,1,2,0.33,0.5,0.5,0.0,0.0,0.0
2025-11-24 00:11:51,cluster_A,0,1,1,0,1.00,0.5,0.5,0.0,0.0,0.0
2025-11-24 00:11:51,clusterB,0,4,0,4,0.00,0.5,0.5,0.0,0.0,0.0
2025-11-24 00:11:56,clusterA,0,3,1,2,0.33,0.5,0.5,0.0,0.0,0.0
2025-11-24 00:11:56,cluster_A,0,1,1,0,1.00,0.5,0.5,0.0,0.0,0.0
2025-11-24 00:11:56,clusterB,0,4,0,4,0.00,0.5,0.5,0.0,0.0,0.0
2025-11-24 00:12:01,clusterA,0,3,1,2,0.33,0.5,0.5,0.0,0.0,0.0
2025-11-24 00:12:01,cluster_A,0,1,1,0,1.00,0.5,0.5,0.0,0.0,0.0
2025-11-24 00:12:01,clusterB,0,4,0,4,0.00,0.5,0.5,0.0,0.0,0.0
2025-11-24 00:12:07,clusterA,0,3,1,2,0.33,0.5,0.5,0.0,0.0,0.0
2025-11-24 00:12:07,cluster_A,0,1,1,0,1.00,0.5,0.5,0.0,0.0,0.0
2025-11-24 00:12:07,clusterB,0,4,0,4,0.00,0.5,0.5,0.0,0.0,0.0
2025-11-24 00:12:12,clusterA,0,3,1,2,0.33,0.5,0.5,0.0,0.0,0.0
2025-11-24 00:12:12,cluster_A,0,1,1,0,1.00,0.5,0.5,0.0,0.0,0.0
2025-11-24 00:12:12,clusterB,0,4,0,4,0.00,0.5,0.5,0.0,0.0,0.0
2025-11-24 00:12:17,clusterA,0,3,1,2,0.33,0.5,0.5,0.0,0.0,0.0
2025-11-24 00:12:17,cluster_A,0,1,1,0,1.00,0.5,0.5,0.0,0.0,0.0
2025-11-24 00:12:17,clusterB,0,4,0,4,0.00,0.5,0.5,0.0,0.0,0.0
2025-11-24 00:12:22,clusterA,0,3,1,2,0.33,0.5,0.5,0.0,0.0,0.0
2025-11-24 00:12:22,cluster_A,0,1,1,0,1.00,0.5,0.5,0.0,0.0,0.0
2025-11-24 00:12:22,clusterB,0,4,0,4,0.00,0.5,0.5,0.0,0.0,0.0
2025-11-24 00:12:28,clusterA,0,3,1,2,0.33,0.5,0.5,0.0,0.0,0.0
2025-11-24 00:12:28,cluster_A,0,1,1,0,1.00,0.5,0.5,0.0,0.0,0.0
2025-11-24 00:12:28,clusterB,0,4,0,4,0.00,0.5,0.5,0.0,0.0,0.0
2025-11-24 00:12:33,clusterA,0,3,1,2,0.33,0.5,0.5,0.0,0.0,0.0
2025-11-24 00:12:33,cluster_A,0,1,1,0,1.00,0.5,0.5,0.0,0.0,0.0
2025-11-24 00:12:33,clusterB,0,4,0,4,0.00,0.5,0.5,0.0,0.0,0.0
2025-11-24 00:12:38,clusterA,0,3,1,2,0.33,0.5,0.5,0.0,0.0,0.0
2025-11-24 00:12:38,cluster_A,0,1,1,0,1.00,0.5,0.5,0.0,0.0,0.0
2025-11-24 00:12:38,clusterB,0,4,0,4,0.00,0.5,0.5,0.0,0.0,0.0
2025-11-24 00:12:43,clusterA,0,3,1,2,0.33,0.5,0.5,0.0,0.0,0.0
2025-11-24 00:12:43,cluster_A,0,1,1,0,1.00,0.5,0.5,0.0,0.0,0.0
2025-11-24 00:12:43,clusterB,0,4,0,4,0.00,0.5,0.5,0.0,0.0,0.0
2025-11-24 00:12:48,clusterA,0,3,1,2,0.33,0.5,0.5,0.0,0.0,0.0
2025-11-24 00:12:48,cluster_A,0,1,1,0,1.00,0.5,0.5,0.0,0.0,0.0
2025-11-24 00:12:48,clusterB,0,4,0,4,0.00,0.5,0.5,0.0,0.0,0.0
2025-11-24 00:12:54,clusterA,0,3,1,2,0.33,0.5,0.5,0.0,0.0,0.0
2025-11-24 00:12:54,cluster_A,0,1,1,0,1.00,0.5,0.5,0.0,0.0,0.0
2025-11-24 00:12:54,clusterB,0,4,0,4,0.00,0.5,0.5,0.0,0.0,0.0
2025-11-24 00:12:59,clusterA,0,3,1,2,0.33,0.5,0.5,0.0,0.0,0.0
2025-11-24 00:12:59,cluster_A,0,1,1,0,1.00,0.5,0.5,0.0,0.0,0.0
2025-11-24 00:12:59,clusterB,0,4,0,4,0.00,0.5,0.5,0.0,0.0,0.0
2025-11-24 00:13:04,clusterA,0,3,1,2,0.33,0.5,0.5,0.0,0.0,0.0
2025-11-24 00:13:04,cluster_A,0,1,1,0,1.00,0.5,0.5,0.0,0.0,0.0
2025-11-24 00:13:04,clusterB,0,4,0,4,0.00,0.5,0.5,0.0,0.0,0.0
2025-11-24 00:13:09,clusterA,0,3,1,2,0.33,0.5,0.5,0.0,0.0,0.0
2025-11-24 00:13:09,cluster_A,0,1,1,0,1.00,0.5,0.5,0.0,0.0,0.0
2025-11-24 00:13:09,clusterB,0,4,0,4,0.00,0.5,0.5,0.0,0.0,0.0
2025-11-24 00:13:15,clusterA,1,3,1,2,0.33,0.5,0.5,0.0,0.0,0.0
2025-11-24 00:13:15,cluster_A,1,1,1,0,1.00,0.5,0.5,0.0,0.0,0.0
2025-11-24 00:13:15,clusterB,1,4,0,4,0.00,0.5,0.5,0.0,0.0,0.0
2025-11-24 00:13:20,clusterA,0,3,2,1,0.67,0.5,0.5,0.0,0.0,0.0
2025-11-24 00:13:20,cluster_A,0,1,1,0,1.00,0.5,0.5,0.0,0.0,0.0
2025-11-24 00:13:20,clusterB,0,4,0,4,0.00,0.5,0.5,0.0,0.0,0.0
2025-11-24 00:13:25,clusterA,0,3,2,1,0.67,0.5,0.5,0.0,0.0,0.0
2025-11-24 00:13:25,cluster_A,0,1,1,0,1.00,0.5,0.5,0.0,0.0,0.0
2025-11-24 00:13:25,clusterB,0,4,0,4,0.00,0.5,0.5,0.0,0.0,0.0
2025-11-24 00:13:31,clusterA,0,3,2,1,0.67,0.5,0.5,0.0,0.0,0.0
2025-11-24 00:13:31,cluster_A,0,1,1,0,1.00,0.5,0.5,0.0,0.0,0.0
2025-11-24 00:13:31,clusterB,0,4,0,4,0.00,0.5,0.5,0.0,0.0,0.0
2025-11-24 00:13:36,clusterA,0,3,2,1,0.67,0.5,0.5,0.0,0.0,0.0
2025-11-24 00:13:36,cluster_A,0,1,1,0,1.00,0.5,0.5,0.0,0.0,0.0
2025-11-24 00:13:36,clusterB,0,4,0,4,0.00,0.5,0.5,0.0,0.0,0.0
2025-11-24 00:13:42,clusterA,0,3,2,1,0.67,0.5,0.5,0.0,0.0,0.0
2025-11-24 00:13:42,cluster_A,0,1,1,0,1.00,0.5,0.5,0.0,0.0,0.0
2025-11-24 00:13:42,clusterB,0,4,0,4,0.00,0.5,0.5,0.0,0.0,0.0
2025-11-24 00:13:47,clusterA,0,3,2,1,0.67,0.5,0.5,0.0,0.0,0.0
2025-11-24 00:13:47,cluster_A,0,1,1,0,1.00,0.5,0.5,0.0,0.0,0.0
2025-11-24 00:13:47,clusterB,0,4,0,4,0.00,0.5,0.5,0.0,0.0,0.0
2025-11-24 00:13:52,clusterA,0,3,2,1,0.67,0.5,0.5,0.0,0.0,0.0
2025-11-24 00:13:52,cluster_A,0,1,1,0,1.00,0.5,0.5,0.0,0.0,0.0
2025-11-24 00:13:52,clusterB,0,4,0,4,0.00,0.5,0.5,0.0,0.0,0.0
2025-11-24 00:13:58,clusterA,0,3,2,1,0.67,0.5,0.5,0.0,0.0,0.0
2025-11-24 00:13:58,cluster_A,0,1,1,0,1.00,0.5,0.5,0.0,0.0,0.0
2025-11-24 00:13:58,clusterB,0,4,0,4,0.00,0.5,0.5,0.0,0.0,0.0
2025-11-24 00:14:03,clusterA,0,3,2,1,0.67,0.5,0.5,0.0,0.0,0.0
2025-11-24 00:14:03,cluster_A,0,1,1,0,1.00,0.5,0.5,0.0,0.0,0.0
2025-11-24 00:14:03,clusterB,0,4,0,4,0.00,0.5,0.5,0.0,0.0,0.0
2025-11-24 00:14:09,clusterA,0,3,2,1,0.67,0.5,0.5,0.0,0.0,0.0
2025-11-24 00:14:09,cluster_A,0,1,1,0,1.00,0.5,0.5,0.0,0.0,0.0
2025-11-24 00:14:09,clusterB,0,4,0,4,0.00,0.5,0.5,0.0,0.0,0.0
2025-11-24 00:14:14,clusterA,0,3,2,1,0.67,0.5,0.5,0.0,0.0,0.0
2025-11-24 00:14:14,cluster_A,0,1,1,0,1.00,0.5,0.5,0.0,0.0,0.0
2025-11-24 00:14:14,clusterB,0,4,0,4,0.00,0.5,0.5,0.0,0.0,0.0
2025-11-24 00:14:20,clusterA,0,3,2,1,0.67,0.5,0.5,0.0,0.0,0.0
2025-11-24 00:14:20,cluster_A,0,1,1,0,1.00,0.5,0.5,0.0,0.0,0.0
2025-11-24 00:14:20,clusterB,0,4,0,4,0.00,0.5,0.5,0.0,0.0,0.0
2025-11-24 00:14:25,clusterA,0,3,2,1,0.67,0.5,0.5,0.0,0.0,0.0
2025-11-24 00:14:25,cluster_A,0,1,1,0,1.00,0.5,0.5,0.0,0.0,0.0
2025-11-24 00:14:25,clusterB,0,4,0,4,0.00,0.5,0.5,0.0,0.0,0.0
2025-11-24 00:14:31,clusterA,0,3,2,1,0.67,0.5,0.5,0.0,0.0,0.0
2025-11-24 00:14:31,cluster_A,0,1,1,0,1.00,0.5,0.5,0.0,0.0,0.0
2025-11-24 00:14:31,clusterB,0,4,0,4,0.00,0.5,0.5,0.0,0.0,0.0
2025-11-24 00:14:36,clusterA,0,3,2,1,0.67,0.5,0.5,0.0,0.0,0.0
2025-11-24 00:14:36,cluster_A,0,1,1,0,1.00,0.5,0.5,0.0,0.0,0.0
2025-11-24 00:14:36,clusterB,0,4,0,4,0.00,0.5,0.5,0.0,0.0,0.0
2025-11-24 00:14:42,clusterA,0,3,2,1,0.67,0.5,0.5,0.0,0.0,0.0
2025-11-24 00:14:42,cluster_A,0,1,1,0,1.00,0.5,0.5,0.0,0.0,0.0
2025-11-24 00:14:42,clusterB,0,4,0,4,0.00,0.5,0.5,0.0,0.0,0.0
2025-11-24 00:14:47,clusterA,1,3,2,1,0.67,0.5,0.5,0.0,0.0,0.0
2025-11-24 00:14:47,cluster_A,1,1,1,0,1.00,0.5,0.5,0.0,0.0,0.0
2025-11-24 00:14:47,clusterB,1,4,0,4,0.00,0.5,0.5,0.0,0.0,0.0
2025-11-24 00:14:53,clusterA,0,3,3,0,1.00,0.5,0.5,0.0,0.0,0.0
2025-11-24 00:14:53,cluster_A,0,1,1,0,1.00,0.5,0.5,0.0,0.0,0.0
2025-11-24 00:14:53,clusterB,0,4,0,4,0.00,0.5,0.5,0.0,0.0,0.0
2025-11-24 00:15:09,clusterA,0,3,3,0,1.00,0.5,0.5,0.0,0.0,0.0
2025-11-24 00:15:09,cluster_A,0,1,1,0,1.00,0.5,0.5,0.0,0.0,0.0
2025-11-24 00:15:09,clusterB,0,4,0,4,0.00,0.5,0.5,0.0,0.0,0.0
2025-11-24 00:15:26,clusterA,0,3,3,0,1.00,0.5,0.5,0.0,0.0,0.0
2025-11-24 00:15:26,cluster_A,0,1,1,0,1.00,0.5,0.5,0.0,0.0,0.0
2025-11-24 00:15:26,clusterB,0,4,0,4,0.00,0.5,0.5,0.0,0.0,0.0
2025-11-24 00:15:41,clusterA,1,3,3,0,1.00,0.5,0.5,0.0,0.0,0.0
2025-11-24 00:15:41,cluster_A,1,1,1,0,1.00,0.5,0.5,0.0,0.0,0.0
2025-11-24 00:15:41,clusterB,1,4,0,4,0.00,0.5,0.5,0.0,0.0,0.0
2025-11-24 00:15:57,clusterA,0,3,3,0,1.00,0.5,0.5,0.0,0.0,0.0
2025-11-24 00:15:57,cluster_A,0,1,1,0,1.00,0.5,0.5,0.0,0.0,0.0
2025-11-24 00:15:57,clusterB,0,4,1,3,0.25,0.5,0.5,0.0,0.0,0.0
2025-11-24 00:16:13,clusterA,0,3,3,0,1.00,0.5,0.5,0.0,0.0,0.0
2025-11-24 00:16:13,cluster_A,0,1,1,0,1.00,0.5,0.5,0.0,0.0,0.0
2025-11-24 00:16:13,clusterB,0,4,1,3,0.25,0.5,0.5,0.0,0.0,0.0
2025-11-24 00:16:29,clusterA,0,3,3,0,1.00,0.5,0.5,0.0,0.0,0.0
2025-11-24 00:16:29,cluster_A,0,1,1,0,1.00,0.5,0.5,0.0,0.0,0.0
2025-11-24 00:16:29,clusterB,0,4,1,3,0.25,0.5,0.5,0.0,0.0,0.0
2025-11-24 00:16:45,clusterA,0,3,3,0,1.00,0.5,0.5,0.0,0.0,0.0
2025-11-24 00:16:45,cluster_A,0,1,1,0,1.00,0.5,0.5,0.0,0.0,0.0
2025-11-24 00:16:45,clusterB,0,4,1,3,0.25,0.5,0.5,0.0,0.0,0.0
2025-11-24 00:17:01,clusterA,0,3,3,0,1.00,0.5,0.5,0.0,0.0,0.0
2025-11-24 00:17:01,cluster_A,0,1,1,0,1.00,0.5,0.5,0.0,0.0,0.0
2025-11-24 00:17:01,clusterB,0,4,1,3,0.25,0.5,0.5,0.0,0.0,0.0
2025-11-24 00:17:17,clusterA,0,3,3,0,1.00,0.5,0.5,0.0,0.0,0.0
2025-11-24 00:17:17,cluster_A,0,1,1,0,1.00,0.5,0.5,0.0,0.0,0.0
2025-11-24 00:17:17,clusterB,0,4,1,3,0.25,0.5,0.5,0.0,0.0,0.0
2025-11-24 00:17:32,clusterA,0,3,3,0,1.00,0.5,0.5,0.0,0.0,0.0
2025-11-24 00:17:32,cluster_A,0,1,1,0,1.00,0.5,0.5,0.0,0.0,0.0
2025-11-24 00:17:32,clusterB,0,4,1,3,0.25,0.5,0.5,0.0,0.0,0.0
2025-11-24 00:17:48,clusterA,0,3,3,0,1.00,0.5,0.5,0.0,0.0,0.0
2025-11-24 00:17:48,cluster_A,0,1,1,0,1.00,0.5,0.5,0.0,0.0,0.0
2025-11-24 00:17:48,clusterB,0,4,1,3,0.25,0.5,0.5,0.0,0.0,0.0
2025-11-24 00:18:04,clusterA,0,3,3,0,1.00,0.5,0.5,0.0,0.0,0.0
2025-11-24 00:18:04,cluster_A,0,1,1,0,1.00,0.5,0.5,0.0,0.0,0.0
2025-11-24 00:18:04,clusterB,0,4,1,3,0.25,0.5,0.5,0.0,0.0,0.0
2025-11-24 00:18:20,clusterA,0,3,3,0,1.00,0.5,0.5,0.0,0.0,0.0
2025-11-24 00:18:20,cluster_A,0,1,1,0,1.00,0.5,0.5,0.0,0.0,0.0
2025-11-24 00:18:20,clusterB,0,4,1,3,0.25,0.5,0.5,0.0,0.0,0.0
2025-11-24 00:18:35,clusterA,0,3,3,0,1.00,0.5,0.5,0.0,0.0,0.0
2025-11-24 00:18:35,cluster_A,0,1,1,0,1.00,0.5,0.5,0.0,0.0,0.0
2025-11-24 00:18:35,clusterB,0,4,1,3,0.25,0.5,0.5,0.0,0.0,0.0
2025-11-24 00:18:50,clusterA,0,3,3,0,1.00,0.5,0.5,0.0,0.0,0.0
2025-11-24 00:18:50,cluster_A,0,1,1,0,1.00,0.5,0.5,0.0,0.0,0.0
2025-11-24 00:18:50,clusterB,0,4,1,3,0.25,0.5,0.5,0.0,0.0,0.0
2025-11-24 00:19:06,clusterA,0,3,3,0,1.00,0.5,0.5,0.0,0.0,0.0
2025-11-24 00:19:06,cluster_A,0,1,1,0,1.00,0.5,0.5,0.0,0.0,0.0
2025-11-24 00:19:06,clusterB,0,4,1,3,0.25,0.5,0.5,0.0,0.0,0.0
2025-11-24 00:19:22,clusterA,0,3,3,0,1.00,0.5,0.5,0.0,0.0,0.0
2025-11-24 00:19:22,cluster_A,0,1,1,0,1.00,0.5,0.5,0.0,0.0,0.0
2025-11-24 00:19:22,clusterB,0,4,1,3,0.25,0.5,0.5,0.0,0.0,0.0
2025-11-24 00:19:38,clusterA,0,3,3,0,1.00,0.5,0.5,0.0,0.0,0.0
2025-11-24 00:19:38,cluster_A,0,1,1,0,1.00,0.5,0.5,0.0,0.0,0.0
2025-11-24 00:19:38,clusterB,0,4,1,3,0.25,0.5,0.5,0.0,0.0,0.0
2025-11-24 00:19:54,clusterA,0,3,3,0,1.00,0.5,0.5,0.0,0.0,0.0
2025-11-24 00:19:54,cluster_A,0,1,1,0,1.00,0.5,0.5,0.0,0.0,0.0
2025-11-24 00:19:54,clusterB,0,4,1,3,0.25,0.5,0.5,0.0,0.0,0.0
2025-11-24 00:20:10,clusterA,0,3,3,0,1.00,0.5,0.5,0.0,0.0,0.0
2025-11-24 00:20:10,cluster_A,0,1,1,0,1.00,0.5,0.5,0.0,0.0,0.0
2025-11-24 00:20:10,clusterB,0,4,1,3,0.25,0.5,0.5,0.0,0.0,0.0
2025-11-24 00:20:26,clusterA,0,3,3,0,1.00,0.5,0.5,0.0,0.0,0.0
2025-11-24 00:20:26,cluster_A,0,1,1,0,1.00,0.5,0.5,0.0,0.0,0.0
2025-11-24 00:20:26,clusterB,0,4,1,3,0.25,0.5,0.5,0.0,0.0,0.0
2025-11-24 00:20:41,clusterA,0,3,3,0,1.00,0.5,0.5,0.0,0.0,0.0
2025-11-24 00:20:41,cluster_A,0,1,1,0,1.00,0.5,0.5,0.0,0.0,0.0
2025-11-24 00:20:41,clusterB,0,4,1,3,0.25,0.5,0.5,0.0,0.0,0.0
2025-11-24 00:20:57,clusterA,0,3,3,0,1.00,0.5,0.5,0.0,0.0,0.0
2025-11-24 00:20:57,cluster_A,0,1,1,0,1.00,0.5,0.5,0.0,0.0,0.0
2025-11-24 00:20:57,clusterB,0,4,1,3,0.25,0.5,0.5,0.0,0.0,0.0
2025-11-24 00:21:13,clusterA,0,3,3,0,1.00,0.5,0.5,0.0,0.0,0.0
2025-11-24 00:21:13,cluster_A,0,1,1,0,1.00,0.5,0.5,0.0,0.0,0.0
2025-11-24 00:21:13,clusterB,0,4,1,3,0.25,0.5,0.5,0.0,0.0,0.0
2025-11-24 00:21:29,clusterA,0,3,3,0,1.00,0.5,0.5,0.0,0.0,0.0
2025-11-24 00:21:29,cluster_A,0,1,1,0,1.00,0.5,0.5,0.0,0.0,0.0
2025-11-24 00:21:29,clusterB,0,4,1,3,0.25,0.5,0.5,0.0,0.0,0.0
2025-11-24 00:21:44,clusterA,0,3,3,0,1.00,0.5,0.5,0.0,0.0,0.0
2025-11-24 00:21:44,cluster_A,0,1,1,0,1.00,0.5,0.5,0.0,0.0,0.0
2025-11-24 00:21:44,clusterB,0,4,1,3,0.25,0.5,0.5,0.0,0.0,0.0
2025-11-24 00:22:00,clusterA,0,3,3,0,1.00,0.5,0.5,0.0,0.0,0.0
2025-11-24 00:22:00,cluster_A,0,1,1,0,1.00,0.5,0.5,0.0,0.0,0.0
2025-11-24 00:22:00,clusterB,0,4,1,3,0.25,0.5,0.5,0.0,0.0,0.0
2025-11-24 00:22:15,clusterA,0,3,3,0,1.00,0.5,0.5,0.0,0.0,0.0
2025-11-24 00:22:15,cluster_A,0,1,1,0,1.00,0.5,0.5,0.0,0.0,0.0
2025-11-24 00:22:15,clusterB,0,4,1,3,0.25,0.5,0.5,0.0,0.0,0.0
2025-11-24 00:22:32,clusterA,0,3,3,0,1.00,0.5,0.5,0.0,0.0,0.0
2025-11-24 00:22:32,cluster_A,0,1,1,0,1.00,0.5,0.5,0.0,0.0,0.0
2025-11-24 00:22:32,clusterB,0,4,1,3,0.25,0.5,0.5,0.0,0.0,0.0
2025-11-24 00:22:47,clusterA,0,3,3,0,1.00,0.5,0.5,0.0,0.0,0.0
2025-11-24 00:22:47,cluster_A,0,1,1,0,1.00,0.5,0.5,0.0,0.0,0.0
2025-11-24 00:22:47,clusterB,0,4,1,3,0.25,0.5,0.5,0.0,0.0,0.0
2025-11-24 00:23:03,clusterA,0,3,3,0,1.00,0.5,0.5,0.0,0.0,0.0
2025-11-24 00:23:03,cluster_A,0,1,1,0,1.00,0.5,0.5,0.0,0.0,0.0
2025-11-24 00:23:03,clusterB,0,4,1,3,0.25,0.5,0.5,0.0,0.0,0.0
2025-11-24 00:23:19,clusterA,0,3,3,0,1.00,0.5,0.5,0.0,0.0,0.0
2025-11-24 00:23:19,cluster_A,0,1,1,0,1.00,0.5,0.5,0.0,0.0,0.0
2025-11-24 00:23:19,clusterB,0,4,1,3,0.25,0.5,0.5,0.0,0.0,0.0
2025-11-24 00:23:34,clusterA,0,3,3,0,1.00,0.5,0.5,0.0,0.0,0.0
2025-11-24 00:23:34,cluster_A,0,1,1,0,1.00,0.5,0.5,0.0,0.0,0.0
2025-11-24 00:23:34,clusterB,0,4,1,3,0.25,0.5,0.5,0.0,0.0,0.0
2025-11-24 00:23:50,clusterA,0,3,3,0,1.00,0.5,0.5,0.0,0.0,0.0
2025-11-24 00:23:50,cluster_A,0,1,1,0,1.00,0.5,0.5,0.0,0.0,0.0
2025-11-24 00:23:50,clusterB,0,4,1,3,0.25,0.5,0.5,0.0,0.0,0.0
2025-11-24 00:24:06,clusterA,0,3,3,0,1.00,0.5,0.5,0.0,0.0,0.0
2025-11-24 00:24:06,cluster_A,0,1,1,0,1.00,0.5,0.5,0.0,0.0,0.0
2025-11-24 00:24:06,clusterB,0,4,1,3,0.25,0.5,0.5,0.0,0.0,0.0
2025-11-24 00:24:22,clusterA,0,3,3,0,1.00,0.5,0.5,0.0,0.0,0.0
2025-11-24 00:24:22,cluster_A,0,1,1,0,1.00,0.5,0.5,0.0,0.0,0.0
2025-11-24 00:24:22,clusterB,0,4,1,3,0.25,0.5,0.5,0.0,0.0,0.0
2025-11-24 00:24:37,clusterA,0,3,3,0,1.00,0.5,0.5,0.0,0.0,0.0
2025-11-24 00:24:37,cluster_A,0,1,1,0,1.00,0.5,0.5,0.0,0.0,0.0
2025-11-24 00:24:37,clusterB,0,4,1,3,0.25,0.5,0.5,0.0,0.0,0.0
2025-11-24 00:24:53,clusterA,0,3,3,0,1.00,0.5,0.5,0.0,0.0,0.0
2025-11-24 00:24:53,cluster_A,0,1,1,0,1.00,0.5,0.5,0.0,0.0,0.0
2025-11-24 00:24:53,clusterB,0,4,1,3,0.25,0.5,0.5,0.0,0.0,0.0
2025-11-24 00:25:09,clusterA,0,3,3,0,1.00,0.5,0.5,0.0,0.0,0.0
2025-11-24 00:25:09,cluster_A,0,1,1,0,1.00,0.5,0.5,0.0,0.0,0.0
2025-11-24 00:25:09,clusterB,0,4,1,3,0.25,0.5,0.5,0.0,0.0,0.0
2025-11-24 00:25:24,clusterA,0,3,3,0,1.00,0.5,0.5,0.0,0.0,0.0
2025-11-24 00:25:24,cluster_A,0,1,1,0,1.00,0.5,0.5,0.0,0.0,0.0
2025-11-24 00:25:24,clusterB,0,4,1,3,0.25,0.5,0.5,0.0,0.0,0.0
2025-11-24 00:25:40,clusterA,0,3,3,0,1.00,0.5,0.5,0.0,0.0,0.0
2025-11-24 00:25:40,cluster_A,0,1,1,0,1.00,0.5,0.5,0.0,0.0,0.0
2025-11-24 00:25:40,clusterB,0,4,1,3,0.25,0.5,0.5,0.0,0.0,0.0
2025-11-24 00:25:55,clusterA,0,3,3,0,1.00,0.5,0.5,0.0,0.0,0.0
2025-11-24 00:25:55,cluster_A,0,1,1,0,1.00,0.5,0.5,0.0,0.0,0.0
2025-11-24 00:25:55,clusterB,0,4,1,3,0.25,0.5,0.5,0.0,0.0,0.0
2025-11-24 00:26:11,clusterA,0,3,3,0,1.00,0.5,0.5,0.0,0.0,0.0
2025-11-24 00:26:11,cluster_A,0,1,1,0,1.00,0.5,0.5,0.0,0.0,0.0
2025-11-24 00:26:11,clusterB,0,4,1,3,0.25,0.5,0.5,0.0,0.0,0.0
2025-11-24 00:26:26,clusterA,1,3,3,0,1.00,0.5,0.5,0.0,0.0,0.0
2025-11-24 00:26:26,cluster_A,1,1,1,0,1.00,0.5,0.5,0.0,0.0,0.0
2025-11-24 00:26:26,clusterB,1,4,1,3,0.25,0.5,0.5,0.0,0.0,0.0
2025-11-24 00:26:42,clusterA,0,3,3,0,1.00,0.5,0.5,0.0,0.0,0.0
2025-11-24 00:26:42,cluster_A,0,1,1,0,1.00,0.5,0.5,0.0,0.0,0.0
2025-11-24 00:26:42,clusterB,0,4,2,2,0.50,0.5,0.5,0.0,0.0,0.0
2025-11-24 00:26:58,clusterA,0,3,3,0,1.00,0.5,0.5,0.0,0.0,0.0
2025-11-24 00:26:58,cluster_A,0,1,1,0,1.00,0.5,0.5,0.0,0.0,0.0
2025-11-24 00:26:58,clusterB,0,4,2,2,0.50,0.5,0.5,0.0,0.0,0.0
2025-11-24 00:27:13,clusterA,0,3,3,0,1.00,0.5,0.5,0.0,0.0,0.0
2025-11-24 00:27:13,cluster_A,0,1,1,0,1.00,0.5,0.5,0.0,0.0,0.0
2025-11-24 00:27:13,clusterB,0,4,2,2,0.50,0.5,0.5,0.0,0.0,0.0
2025-11-24 00:27:29,clusterA,0,3,3,0,1.00,0.5,0.5,0.0,0.0,0.0
2025-11-24 00:27:29,cluster_A,0,1,1,0,1.00,0.5,0.5,0.0,0.0,0.0
2025-11-24 00:27:29,clusterB,0,4,2,2,0.50,0.5,0.5,0.0,0.0,0.0
2025-11-24 00:27:45,clusterA,0,3,3,0,1.00,0.5,0.5,0.0,0.0,0.0
2025-11-24 00:27:45,cluster_A,0,1,1,0,1.00,0.5,0.5,0.0,0.0,0.0
2025-11-24 00:27:45,clusterB,0,4,2,2,0.50,0.5,0.5,0.0,0.0,0.0
2025-11-24 00:28:01,clusterA,0,3,3,0,1.00,0.5,0.5,0.0,0.0,0.0
2025-11-24 00:28:01,cluster_A,0,1,1,0,1.00,0.5,0.5,0.0,0.0,0.0
2025-11-24 00:28:01,clusterB,0,4,2,2,0.50,0.5,0.5,0.0,0.0,0.0
2025-11-24 00:28:17,clusterA,0,3,3,0,1.00,0.5,0.5,0.0,0.0,0.0
2025-11-24 00:28:17,cluster_A,0,1,1,0,1.00,0.5,0.5,0.0,0.0,0.0
2025-11-24 00:28:17,clusterB,0,4,2,2,0.50,0.5,0.5,0.0,0.0,0.0
2025-11-24 00:28:33,clusterA,0,3,3,0,1.00,0.5,0.5,0.0,0.0,0.0
2025-11-24 00:28:33,cluster_A,0,1,1,0,1.00,0.5,0.5,0.0,0.0,0.0
2025-11-24 00:28:33,clusterB,0,4,2,2,0.50,0.5,0.5,0.0,0.0,0.0
2025-11-24 00:28:49,clusterA,0,3,3,0,1.00,0.5,0.5,0.0,0.0,0.0
2025-11-24 00:28:49,cluster_A,0,1,1,0,1.00,0.5,0.5,0.0,0.0,0.0
2025-11-24 00:28:49,clusterB,0,4,2,2,0.50,0.5,0.5,0.0,0.0,0.0
2025-11-24 00:29:05,clusterA,0,3,3,0,1.00,0.5,0.5,0.0,0.0,0.0
2025-11-24 00:29:05,cluster_A,0,1,1,0,1.00,0.5,0.5,0.0,0.0,0.0
2025-11-24 00:29:05,clusterB,0,4,2,2,0.50,0.5,0.5,0.0,0.0,0.0
2025-11-24 00:29:21,clusterA,0,3,3,0,1.00,0.5,0.5,0.0,0.0,0.0
2025-11-24 00:29:21,cluster_A,0,1,1,0,1.00,0.5,0.5,0.0,0.0,0.0
2025-11-24 00:29:21,clusterB,0,4,2,2,0.50,0.5,0.5,0.0,0.0,0.0
2025-11-24 00:29:37,clusterA,0,3,3,0,1.00,0.5,0.5,0.0,0.0,0.0
2025-11-24 00:29:37,cluster_A,0,1,1,0,1.00,0.5,0.5,0.0,0.0,0.0
2025-11-24 00:29:37,clusterB,0,4,2,2,0.50,0.5,0.5,0.0,0.0,0.0
2025-11-24 00:29:52,clusterA,0,3,3,0,1.00,0.5,0.5,0.0,0.0,0.0
2025-11-24 00:29:52,cluster_A,0,1,1,0,1.00,0.5,0.5,0.0,0.0,0.0
2025-11-24 00:29:52,clusterB,0,4,2,2,0.50,0.5,0.5,0.0,0.0,0.0
2025-11-24 00:30:08,clusterA,0,3,3,0,1.00,0.5,0.5,0.0,0.0,0.0
2025-11-24 00:30:08,cluster_A,0,1,1,0,1.00,0.5,0.5,0.0,0.0,0.0
2025-11-24 00:30:08,clusterB,0,4,2,2,0.50,0.5,0.5,0.0,0.0,0.0
2025-11-24 00:30:24,clusterA,0,3,3,0,1.00,0.5,0.5,0.0,0.0,0.0
2025-11-24 00:30:24,cluster_A,0,1,1,0,1.00,0.5,0.5,0.0,0.0,0.0
2025-11-24 00:30:24,clusterB,0,4,2,2,0.50,0.5,0.5,0.0,0.0,0.0
2025-11-24 00:30:39,clusterA,0,3,3,0,1.00,0.5,0.5,0.0,0.0,0.0
2025-11-24 00:30:39,cluster_A,0,1,1,0,1.00,0.5,0.5,0.0,0.0,0.0
2025-11-24 00:30:39,clusterB,0,4,2,2,0.50,0.5,0.5,0.0,0.0,0.0
2025-11-24 00:30:56,clusterA,0,3,3,0,1.00,0.5,0.5,0.0,0.0,0.0
2025-11-24 00:30:56,cluster_A,0,1,1,0,1.00,0.5,0.5,0.0,0.0,0.0
2025-11-24 00:30:56,clusterB,0,4,2,2,0.50,0.5,0.5,0.0,0.0,0.0
2025-11-24 00:31:11,clusterA,0,3,3,0,1.00,0.5,0.5,0.0,0.0,0.0
2025-11-24 00:31:11,cluster_A,0,1,0,1,0.00,0.5,0.5,0.0,0.0,0.0
2025-11-24 00:31:11,clusterB,0,4,2,2,0.50,0.5,0.5,0.0,0.0,0.0
2025-11-24 00:31:27,clusterA,0,3,3,0,1.00,0.5,0.5,0.0,0.0,0.0
2025-11-24 00:31:27,cluster_A,0,1,0,1,0.00,0.5,0.5,0.0,0.0,0.0
2025-11-24 00:31:27,clusterB,0,4,2,2,0.50,0.5,0.5,0.0,0.0,0.0
2025-11-24 00:31:42,clusterA,0,3,3,0,1.00,0.5,0.5,0.0,0.0,0.0
2025-11-24 00:31:42,cluster_A,0,1,0,1,0.00,0.5,0.5,0.0,0.0,0.0
2025-11-24 00:31:42,clusterB,0,4,2,2,0.50,0.5,0.5,0.0,0.0,0.0
2025-11-24 00:31:57,clusterA,0,3,3,0,1.00,0.5,0.5,0.0,0.0,0.0
2025-11-24 00:31:57,cluster_A,0,1,0,1,0.00,0.5,0.5,0.0,0.0,0.0
2025-11-24 00:31:57,clusterB,0,4,2,2,0.50,0.5,0.5,0.0,0.0,0.0
2025-11-24 00:32:12,clusterA,0,3,3,0,1.00,0.5,0.5,0.0,0.0,0.0
2025-11-24 00:32:12,cluster_A,0,1,0,1,0.00,0.5,0.5,0.0,0.0,0.0
2025-11-24 00:32:12,clusterB,0,4,2,2,0.50,0.5,0.5,0.0,0.0,0.0
2025-11-24 00:32:27,clusterA,0,3,3,0,1.00,0.5,0.5,0.0,0.0,0.0
2025-11-24 00:32:27,cluster_A,0,1,0,1,0.00,0.5,0.5,0.0,0.0,0.0
2025-11-24 00:32:27,clusterB,0,4,2,2,0.50,0.5,0.5,0.0,0.0,0.0
2025-11-24 00:32:43,clusterA,0,3,3,0,1.00,0.5,0.5,0.0,0.0,0.0
2025-11-24 00:32:43,cluster_A,0,1,0,1,0.00,0.5,0.5,0.0,0.0,0.0
2025-11-24 00:32:43,clusterB,0,4,2,2,0.50,0.5,0.5,0.0,0.0,0.0
2025-11-24 00:32:59,clusterA,1,3,3,0,1.00,0.5,0.5,0.0,0.0,0.0
2025-11-24 00:32:59,cluster_A,1,1,0,1,0.00,0.5,0.5,0.0,0.0,0.0
2025-11-24 00:32:59,clusterB,1,4,2,2,0.50,0.5,0.5,0.0,0.0,0.0
2025-11-24 00:33:15,clusterA,0,3,3,0,1.00,0.5,0.5,0.0,0.0,0.0
2025-11-24 00:33:15,cluster_A,0,1,1,0,1.00,0.5,0.5,0.0,0.0,0.0
2025-11-24 00:33:15,clusterB,0,4,2,2,0.50,0.5,0.5,0.0,0.0,0.0
2025-11-24 00:33:31,clusterA,0,3,3,0,1.00,0.5,0.5,0.0,0.0,0.0
2025-11-24 00:33:31,cluster_A,0,1,1,0,1.00,0.5,0.5,0.0,0.0,0.0
2025-11-24 00:33:31,clusterB,0,4,2,2,0.50,0.5,0.5,0.0,0.0,0.0
2025-11-24 00:33:47,clusterA,0,3,3,0,1.00,0.5,0.5,0.0,0.0,0.0
2025-11-24 00:33:47,cluster_A,0,1,1,0,1.00,0.5,0.5,0.0,0.0,0.0
2025-11-24 00:33:47,clusterB,0,4,2,2,0.50,0.5,0.5,0.0,0.0,0.0
2025-11-24 00:34:03,clusterA,0,3,3,0,1.00,0.5,0.5,0.0,0.0,0.0
2025-11-24 00:34:03,cluster_A,0,1,1,0,1.00,0.5,0.5,0.0,0.0,0.0
2025-11-24 00:34:03,clusterB,0,4,2,2,0.50,0.5,0.5,0.0,0.0,0.0
2025-11-24 00:34:19,clusterA,0,3,3,0,1.00,0.5,0.5,0.0,0.0,0.0
2025-11-24 00:34:19,cluster_A,0,1,1,0,1.00,0.5,0.5,0.0,0.0,0.0
2025-11-24 00:34:19,clusterB,0,4,2,2,0.50,0.5,0.5,0.0,0.0,0.0
2025-11-24 00:34:35,clusterA,0,3,3,0,1.00,0.5,0.5,0.0,0.0,0.0
2025-11-24 00:34:35,cluster_A,0,1,1,0,1.00,0.5,0.5,0.0,0.0,0.0
2025-11-24 00:34:35,clusterB,0,4,2,2,0.50,0.5,0.5,0.0,0.0,0.0
2025-11-24 00:34:52,clusterA,0,3,3,0,1.00,0.5,0.5,0.0,0.0,0.0
2025-11-24 00:34:52,cluster_A,0,1,1,0,1.00,0.5,0.5,0.0,0.0,0.0
2025-11-24 00:34:52,clusterB,0,4,2,2,0.50,0.5,0.5,0.0,0.0,0.0
2025-11-24 00:35:08,clusterA,0,3,3,0,1.00,0.5,0.5,0.0,0.0,0.0
2025-11-24 00:35:08,cluster_A,0,1,1,0,1.00,0.5,0.5,0.0,0.0,0.0
2025-11-24 00:35:08,clusterB,0,4,2,2,0.50,0.5,0.5,0.0,0.0,0.0
2025-11-24 00:35:26,clusterA,0,3,3,0,1.00,0.5,0.5,0.0,0.0,0.0
2025-11-24 00:35:26,cluster_A,0,1,1,0,1.00,0.5,0.5,0.0,0.0,0.0
2025-11-24 00:35:26,clusterB,0,4,2,2,0.50,0.5,0.5,0.0,0.0,0.0
2025-11-24 00:35:42,clusterA,0,3,3,0,1.00,0.5,0.5,0.0,0.0,0.0
2025-11-24 00:35:42,cluster_A,0,1,1,0,1.00,0.5,0.5,0.0,0.0,0.0
2025-11-24 00:35:42,clusterB,0,4,2,2,0.50,0.5,0.5,0.0,0.0,0.0
2025-11-24 00:35:57,clusterA,1,3,3,0,1.00,0.5,0.5,0.0,0.0,0.0
2025-11-24 00:35:57,cluster_A,1,1,1,0,1.00,0.5,0.5,0.0,0.0,0.0
2025-11-24 00:35:57,clusterB,1,4,2,2,0.50,0.5,0.5,0.0,0.0,0.0
2025-11-24 00:36:14,clusterA,0,3,3,0,1.00,0.5,0.5,0.0,0.0,0.0
2025-11-24 00:36:14,cluster_A,0,1,1,0,1.00,0.5,0.5,0.0,0.0,0.0
2025-11-24 00:36:14,clusterB,0,4,3,1,0.75,0.5,0.5,0.0,0.0,0.0
2025-11-24 00:36:40,clusterA,1,3,3,0,1.00,0.5,0.5,0.0,0.0,0.0
2025-11-24 00:36:40,cluster_A,1,1,1,0,1.00,0.5,0.5,0.0,0.0,0.0
2025-11-24 00:36:40,clusterB,1,4,3,1,0.75,0.5,0.5,0.0,0.0,0.0
2025-11-24 00:37:06,clusterA,0,3,3,0,1.00,0.5,0.5,0.0,0.0,0.0
2025-11-24 00:37:06,cluster_A,0,1,1,0,1.00,0.5,0.5,0.0,0.0,0.0
2025-11-24 00:37:06,clusterB,0,4,4,0,1.00,0.5,0.5,0.0,0.0,0.0
2025-11-24 00:37:32,clusterA,0,3,3,0,1.00,0.5,0.5,0.0,0.0,0.0
2025-11-24 00:37:32,cluster_A,0,1,1,0,1.00,0.5,0.5,0.0,0.0,0.0
2025-11-24 00:37:32,clusterB,0,4,4,0,1.00,0.5,0.5,0.0,0.0,0.0
2025-11-24 00:37:58,clusterA,0,3,3,0,1.00,0.5,0.5,0.0,0.0,0.0
2025-11-24 00:37:58,cluster_A,0,1,1,0,1.00,0.5,0.5,0.0,0.0,0.0
2025-11-24 00:37:58,clusterB,0,4,4,0,1.00,0.5,0.5,0.0,0.0,0.0
2025-11-24 00:38:24,clusterA,0,3,3,0,1.00,0.5,0.5,0.0,0.0,0.0
2025-11-24 00:38:24,cluster_A,0,1,1,0,1.00,0.5,0.5,0.0,0.0,0.0
2025-11-24 00:38:24,clusterB,0,4,4,0,1.00,0.5,0.5,0.0,0.0,0.0
2025-11-24 00:38:50,clusterA,0,3,3,0,1.00,0.5,0.5,0.0,0.0,0.0
2025-11-24 00:38:50,cluster_A,0,1,1,0,1.00,0.5,0.5,0.0,0.0,0.0
2025-11-24 00:38:50,clusterB,0,4,4,0,1.00,0.5,0.5,0.0,0.0,0.0
2025-11-24 00:39:16,clusterA,0,3,3,0,1.00,0.5,0.5,0.0,0.0,0.0
2025-11-24 00:39:16,cluster_A,0,1,1,0,1.00,0.5,0.5,0.0,0.0,0.0
2025-11-24 00:39:16,clusterB,0,4,4,0,1.00,0.5,0.5,0.0,0.0,0.0
2025-11-24 00:39:41,clusterA,0,3,3,0,1.00,0.5,0.5,0.0,0.0,0.0
2025-11-24 00:39:41,cluster_A,0,1,1,0,1.00,0.5,0.5,0.0,0.0,0.0
2025-11-24 00:39:41,clusterB,0,4,4,0,1.00,0.5,0.5,0.0,0.0,0.0
2025-11-24 00:40:08,clusterA,0,3,3,0,1.00,0.5,0.5,0.0,0.0,0.0
2025-11-24 00:40:08,cluster_A,0,1,1,0,1.00,0.5,0.5,0.0,0.0,0.0
2025-11-24 00:40:08,clusterB,0,4,4,0,1.00,0.5,0.5,0.0,0.0,0.0
2025-11-24 00:40:35,clusterA,0,3,3,0,1.00,0.5,0.5,0.0,0.0,0.0
2025-11-24 00:40:35,cluster_A,0,1,1,0,1.00,0.5,0.5,0.0,0.0,0.0
2025-11-24 00:40:35,clusterB,0,4,4,0,1.00,0.5,0.5,0.0,0.0,0.0
2025-11-24 00:41:02,clusterA,0,3,3,0,1.00,0.5,0.5,0.0,0.0,0.0
2025-11-24 00:41:02,cluster_A,0,1,1,0,1.00,0.5,0.5,0.0,0.0,0.0
2025-11-24 00:41:02,clusterB,0,4,4,0,1.00,0.5,0.5,0.0,0.0,0.0
2025-11-24 00:41:27,clusterA,0,3,3,0,1.00,0.5,0.5,0.0,0.0,0.0
2025-11-24 00:41:27,cluster_A,0,1,1,0,1.00,0.5,0.5,0.0,0.0,0.0
2025-11-24 00:41:27,clusterB,0,4,4,0,1.00,0.5,0.5,0.0,0.0,0.0
2025-11-24 00:41:54,clusterA,0,3,3,0,1.00,0.5,0.5,0.0,0.0,0.0
2025-11-24 00:41:54,cluster_A,0,1,1,0,1.00,0.5,0.5,0.0,0.0,0.0
2025-11-24 00:41:54,clusterB,0,4,4,0,1.00,0.5,0.5,0.0,0.0,0.0
2025-11-24 00:42:20,clusterA,0,3,3,0,1.00,0.5,0.5,0.0,0.0,0.0
2025-11-24 00:42:20,cluster_A,0,1,1,0,1.00,0.5,0.5,0.0,0.0,0.0
2025-11-24 00:42:20,clusterB,0,4,4,0,1.00,0.5,0.5,0.0,0.0,0.0
2025-11-24 00:42:46,clusterA,0,3,3,0,1.00,0.5,0.5,0.0,0.0,0.0
2025-11-24 00:42:46,cluster_A,0,1,1,0,1.00,0.5,0.5,0.0,0.0,0.0
2025-11-24 00:42:46,clusterB,0,4,4,0,1.00,0.5,0.5,0.0,0.0,0.0
2025-11-24 00:43:14,clusterA,0,3,3,0,1.00,0.5,0.5,0.0,0.0,0.0
2025-11-24 00:43:14,cluster_A,0,1,1,0,1.00,0.5,0.5,0.0,0.0,0.0
2025-11-24 00:43:14,clusterB,0,4,4,0,1.00,0.5,0.5,0.0,0.0,0.0
2025-11-24 00:43:40,clusterA,0,3,3,0,1.00,0.5,0.5,0.0,0.0,0.0
2025-11-24 00:43:40,cluster_A,0,1,1,0,1.00,0.5,0.5,0.0,0.0,0.0
2025-11-24 00:43:40,clusterB,0,4,4,0,1.00,0.5,0.5,0.0,0.0,0.0
2025-11-24 00:44:07,clusterA,0,3,3,0,1.00,0.5,0.5,0.0,0.0,0.0
2025-11-24 00:44:07,cluster_A,0,1,1,0,1.00,0.5,0.5,0.0,0.0,0.0
2025-11-24 00:44:07,clusterB,0,4,4,0,1.00,0.5,0.5,0.0,0.0,0.0
2025-11-24 00:44:33,clusterA,0,3,3,0,1.00,0.5,0.5,0.0,0.0,0.0
2025-11-24 00:44:33,cluster_A,0,1,1,0,1.00,0.5,0.5,0.0,0.0,0.0
2025-11-24 00:44:33,clusterB,0,4,4,0,1.00,0.5,0.5,0.0,0.0,0.0
2025-11-24 00:45:00,clusterA,0,3,3,0,1.00,0.5,0.5,0.0,0.0,0.0
2025-11-24 00:45:00,cluster_A,0,1,1,0,1.00,0.5,0.5,0.0,0.0,0.0
2025-11-24 00:45:00,clusterB,0,4,4,0,1.00,0.5,0.5,0.0,0.0,0.0
2025-11-24 00:45:27,clusterA,0,3,3,0,1.00,0.5,0.5,0.0,0.0,0.0
2025-11-24 00:45:27,cluster_A,0,1,1,0,1.00,0.5,0.5,0.0,0.0,0.0
2025-11-24 00:45:27,clusterB,0,4,4,0,1.00,0.5,0.5,0.0,0.0,0.0
2025-11-24 00:45:54,clusterA,0,3,3,0,1.00,0.5,0.5,0.0,0.0,0.0
2025-11-24 00:45:54,cluster_A,0,1,1,0,1.00,0.5,0.5,0.0,0.0,0.0
2025-11-24 00:45:54,clusterB,0,4,4,0,1.00,0.5,0.5,0.0,0.0,0.0
2025-11-24 00:46:19,clusterA,0,3,3,0,1.00,0.5,0.5,0.0,0.0,0.0
2025-11-24 00:46:19,cluster_A,0,1,1,0,1.00,0.5,0.5,0.0,0.0,0.0
2025-11-24 00:46:19,clusterB,0,4,4,0,1.00,0.5,0.5,0.0,0.0,0.0
2025-11-24 00:46:45,clusterA,0,3,3,0,1.00,0.5,0.5,0.0,0.0,0.0
2025-11-24 00:46:45,cluster_A,0,1,1,0,1.00,0.5,0.5,0.0,0.0,0.0
2025-11-24 00:46:45,clusterB,0,4,4,0,1.00,0.5,0.5,0.0,0.0,0.0
2025-11-24 00:47:12,clusterA,0,3,3,0,1.00,0.5,0.5,0.0,0.0,0.0
2025-11-24 00:47:12,cluster_A,0,1,1,0,1.00,0.5,0.5,0.0,0.0,0.0
2025-11-24 00:47:12,clusterB,0,4,4,0,1.00,0.5,0.5,0.0,0.0,0.0
2025-11-24 00:47:39,clusterA,0,3,3,0,1.00,0.5,0.5,0.0,0.0,0.0
2025-11-24 00:47:39,cluster_A,0,1,1,0,1.00,0.5,0.5,0.0,0.0,0.0
2025-11-24 00:47:39,clusterB,0,4,4,0,1.00,0.5,0.5,0.0,0.0,0.0
2025-11-24 00:48:04,clusterA,0,3,3,0,1.00,0.5,0.5,0.0,0.0,0.0
2025-11-24 00:48:04,cluster_A,0,1,1,0,1.00,0.5,0.5,0.0,0.0,0.0
2025-11-24 00:48:04,clusterB,0,4,4,0,1.00,0.5,0.5,0.0,0.0,0.0
2025-11-24 00:48:31,clusterA,0,3,3,0,1.00,0.5,0.5,0.0,0.0,0.0
2025-11-24 00:48:31,cluster_A,0,1,1,0,1.00,0.5,0.5,0.0,0.0,0.0
2025-11-24 00:48:31,clusterB,0,4,4,0,1.00,0.5,0.5,0.0,0.0,0.0
2025-11-24 00:48:57,clusterA,1,3,3,0,1.00,0.5,0.5,0.0,0.0,0.0
2025-11-24 00:48:57,cluster_A,1,1,1,0,1.00,0.5,0.5,0.0,0.0,0.0
2025-11-24 00:48:57,clusterB,1,4,4,0,1.00,0.5,0.5,0.0,0.0,0.0
2025-11-24 00:49:23,clusterA,1,3,3,0,1.00,0.5,0.5,0.0,0.0,0.0
2025-11-24 00:49:23,cluster_A,1,1,1,0,1.00,0.5,0.5,0.0,0.0,0.0
2025-11-24 00:49:23,clusterB,1,4,4,0,1.00,0.5,0.5,0.0,0.0,0.0
2025-11-24 00:49:50,clusterA,1,3,3,0,1.00,0.5,0.5,0.0,0.0,0.0
2025-11-24 00:49:50,cluster_A,1,1,1,0,1.00,0.5,0.5,0.0,0.0,0.0
2025-11-24 00:49:50,clusterB,1,4,4,0,1.00,0.5,0.5,0.0,0.0,0.0
2025-11-24 00:50:16,clusterA,1,3,3,0,1.00,0.5,0.5,0.0,0.0,0.0
2025-11-24 00:50:16,cluster_A,1,1,1,0,1.00,0.5,0.5,0.0,0.0,0.0
2025-11-24 00:50:16,clusterB,1,4,4,0,1.00,0.5,0.5,0.0,0.0,0.0
2025-11-24 00:50:42,clusterA,2,3,3,0,1.00,0.5,0.5,0.0,0.0,0.0
2025-11-24 00:50:42,cluster_A,2,1,1,0,1.00,0.5,0.5,0.0,0.0,0.0
2025-11-24 00:50:42,clusterB,2,4,4,0,1.00,0.5,0.5,0.0,0.0,0.0
2025-11-24 00:51:08,clusterA,2,3,3,0,1.00,0.5,0.5,0.0,0.0,0.0
2025-11-24 00:51:08,cluster_A,2,1,1,0,1.00,0.5,0.5,0.0,0.0,0.0
2025-11-24 00:51:08,clusterB,2,4,4,0,1.00,0.5,0.5,0.0,0.0,0.0
2025-11-24 00:51:36,clusterA,2,3,3,0,1.00,0.5,0.5,0.0,0.0,0.0
2025-11-24 00:51:36,cluster_A,2,1,1,0,1.00,0.5,0.5,0.0,0.0,0.0
2025-11-24 00:51:36,clusterB,2,4,4,0,1.00,0.5,0.5,0.0,0.0,0.0
2025-11-24 00:52:02,clusterA,2,3,3,0,1.00,0.5,0.5,0.0,0.0,0.0
2025-11-24 00:52:02,cluster_A,2,1,1,0,1.00,0.5,0.5,0.0,0.0,0.0
2025-11-24 00:52:02,clusterB,2,4,4,0,1.00,0.5,0.5,0.0,0.0,0.0
2025-11-24 00:52:28,clusterA,2,3,3,0,1.00,0.5,0.5,0.0,0.0,0.0
2025-11-24 00:52:28,cluster_A,2,1,1,0,1.00,0.5,0.5,0.0,0.0,0.0
2025-11-24 00:52:28,clusterB,2,4,4,0,1.00,0.5,0.5,0.0,0.0,0.0
2025-11-24 00:52:54,clusterA,2,3,3,0,1.00,0.5,0.5,0.0,0.0,0.0
2025-11-24 00:52:54,cluster_A,2,1,1,0,1.00,0.5,0.5,0.0,0.0,0.0
2025-11-24 00:52:54,clusterB,2,4,4,0,1.00,0.5,0.5,0.0,0.0,0.0
2025-11-24 00:53:20,clusterA,2,3,3,0,1.00,0.5,0.5,0.0,0.0,0.0
2025-11-24 00:53:20,cluster_A,2,1,1,0,1.00,0.5,0.5,0.0,0.0,0.0
2025-11-24 00:53:20,clusterB,2,4,4,0,1.00,0.5,0.5,0.0,0.0,0.0
2025-11-24 00:53:46,clusterA,2,3,3,0,1.00,0.5,0.5,0.0,0.0,0.0
2025-11-24 00:53:46,cluster_A,2,1,1,0,1.00,0.5,0.5,0.0,0.0,0.0
2025-11-24 00:53:46,clusterB,2,4,4,0,1.00,0.5,0.5,0.0,0.0,0.0
2025-11-24 00:54:12,clusterA,2,3,3,0,1.00,0.5,0.5,0.0,0.0,0.0
2025-11-24 00:54:12,cluster_A,2,1,1,0,1.00,0.5,0.5,0.0,0.0,0.0
2025-11-24 00:54:12,clusterB,2,4,4,0,1.00,0.5,0.5,0.0,0.0,0.0
2025-11-24 00:54:38,clusterA,2,3,3,0,1.00,0.5,0.5,0.0,0.0,0.0
2025-11-24 00:54:38,cluster_A,2,1,1,0,1.00,0.5,0.5,0.0,0.0,0.0
2025-11-24 00:54:38,clusterB,2,4,4,0,1.00,0.5,0.5,0.0,0.0,0.0
2025-11-24 00:55:03,clusterA,2,3,3,0,1.00,0.5,0.5,0.0,0.0,0.0
2025-11-24 00:55:03,cluster_A,2,1,1,0,1.00,0.5,0.5,0.0,0.0,0.0
2025-11-24 00:55:03,clusterB,2,4,4,0,1.00,0.5,0.5,0.0,0.0,0.0
2025-11-24 00:55:30,clusterA,2,3,3,0,1.00,0.5,0.5,0.0,0.0,0.0
2025-11-24 00:55:30,cluster_A,2,1,1,0,1.00,0.5,0.5,0.0,0.0,0.0
2025-11-24 00:55:30,clusterB,2,4,4,0,1.00,0.5,0.5,0.0,0.0,0.0
2025-11-24 00:55:55,clusterA,2,3,3,0,1.00,0.5,0.5,0.0,0.0,0.0
2025-11-24 00:55:55,cluster_A,2,1,1,0,1.00,0.5,0.5,0.0,0.0,0.0
2025-11-24 00:55:55,clusterB,2,4,4,0,1.00,0.5,0.5,0.0,0.0,0.0
2025-11-24 00:56:22,clusterA,2,3,3,0,1.00,0.5,0.5,0.0,0.0,0.0
2025-11-24 00:56:22,cluster_A,2,1,1,0,1.00,0.5,0.5,0.0,0.0,0.0
2025-11-24 00:56:22,clusterB,2,4,4,0,1.00,0.5,0.5,0.0,0.0,0.0
2025-11-24 00:56:48,clusterA,2,3,2,1,0.67,0.5,0.5,0.0,0.0,0.0
2025-11-24 00:56:48,cluster_A,2,1,1,0,1.00,0.5,0.5,0.0,0.0,0.0
2025-11-24 00:56:48,clusterB,2,4,4,0,1.00,0.5,0.5,0.0,0.0,0.0
2025-11-24 00:57:04,clusterA,1,3,3,0,1.00,0.5,0.5,0.0,0.0,0.0
2025-11-24 00:57:04,cluster_A,1,1,1,0,1.00,0.5,0.5,0.0,0.0,0.0
2025-11-24 00:57:04,clusterB,1,4,4,0,1.00,0.5,0.5,0.0,0.0,0.0
2025-11-24 00:57:30,clusterA,1,3,3,0,1.00,0.5,0.5,0.0,0.0,0.0
2025-11-24 00:57:30,cluster_A,1,1,1,0,1.00,0.5,0.5,0.0,0.0,0.0
2025-11-24 00:57:30,clusterB,1,4,4,0,1.00,0.5,0.5,0.0,0.0,0.0
2025-11-24 00:57:56,clusterA,1,3,3,0,1.00,0.5,0.5,0.0,0.0,0.0
2025-11-24 00:57:56,cluster_A,1,1,1,0,1.00,0.5,0.5,0.0,0.0,0.0
2025-11-24 00:57:56,clusterB,1,4,4,0,1.00,0.5,0.5,0.0,0.0,0.0
2025-11-24 00:58:22,clusterA,1,3,3,0,1.00,0.5,0.5,0.0,0.0,0.0
2025-11-24 00:58:22,cluster_A,1,1,1,0,1.00,0.5,0.5,0.0,0.0,0.0
2025-11-24 00:58:22,clusterB,1,4,4,0,1.00,0.5,0.5,0.0,0.0,0.0
2025-11-24 00:58:48,clusterA,1,3,3,0,1.00,0.5,0.5,0.0,0.0,0.0
2025-11-24 00:58:48,cluster_A,1,1,1,0,1.00,0.5,0.5,0.0,0.0,0.0
2025-11-24 00:58:48,clusterB,1,4,4,0,1.00,0.5,0.5,0.0,0.0,0.0
2025-11-24 00:59:14,clusterA,2,3,3,0,1.00,0.5,0.5,0.0,0.0,0.0
2025-11-24 00:59:14,cluster_A,2,1,0,1,0.00,0.5,0.5,0.0,0.0,0.0
2025-11-24 00:59:14,clusterB,2,4,4,0,1.00,0.5,0.5,0.0,0.0,0.0
2025-11-24 00:59:39,clusterA,1,3,3,0,1.00,0.5,0.5,0.0,0.0,0.0
2025-11-24 00:59:39,cluster_A,1,1,1,0,1.00,0.5,0.5,0.0,0.0,0.0
2025-11-24 00:59:39,clusterB,1,4,4,0,1.00,0.5,0.5,0.0,0.0,0.0
2025-11-24 01:00:05,clusterA,1,3,3,0,1.00,0.5,0.5,0.0,0.0,0.0
2025-11-24 01:00:05,cluster_A,1,1,1,0,1.00,0.5,0.5,0.0,0.0,0.0
2025-11-24 01:00:05,clusterB,1,4,4,0,1.00,0.5,0.5,0.0,0.0,0.0
2025-11-24 01:00:31,clusterA,1,3,3,0,1.00,0.5,0.5,0.0,0.0,0.0
2025-11-24 01:00:31,cluster_A,1,1,1,0,1.00,0.5,0.5,0.0,0.0,0.0
2025-11-24 01:00:31,clusterB,1,4,4,0,1.00,0.5,0.5,0.0,0.0,0.0
2025-11-24 01:00:56,clusterA,1,3,3,0,1.00,0.5,0.5,0.0,0.0,0.0
2025-11-24 01:00:56,cluster_A,1,1,1,0,1.00,0.5,0.5,0.0,0.0,0.0
2025-11-24 01:00:56,clusterB,1,4,4,0,1.00,0.5,0.5,0.0,0.0,0.0
2025-11-24 01:01:22,clusterA,1,3,3,0,1.00,0.5,0.5,0.0,0.0,0.0
2025-11-24 01:01:22,cluster_A,1,1,1,0,1.00,0.5,0.5,0.0,0.0,0.0
2025-11-24 01:01:22,clusterB,1,4,4,0,1.00,0.5,0.5,0.0,0.0,0.0
2025-11-24 01:01:48,clusterA,1,3,3,0,1.00,0.5,0.5,0.0,0.0,0.0
2025-11-24 01:01:48,cluster_A,1,1,1,0,1.00,0.5,0.5,0.0,0.0,0.0
2025-11-24 01:01:48,clusterB,1,4,4,0,1.00,0.5,0.5,0.0,0.0,0.0
2025-11-24 01:02:14,clusterA,1,3,3,0,1.00,0.5,0.5,0.0,0.0,0.0
2025-11-24 01:02:14,cluster_A,1,1,1,0,1.00,0.5,0.5,0.0,0.0,0.0
2025-11-24 01:02:14,clusterB,1,4,4,0,1.00,0.5,0.5,0.0,0.0,0.0
2025-11-24 01:02:40,clusterA,1,3,3,0,1.00,0.5,0.5,0.0,0.0,0.0
2025-11-24 01:02:40,cluster_A,1,1,1,0,1.00,0.5,0.5,0.0,0.0,0.0
2025-11-24 01:02:40,clusterB,1,4,4,0,1.00,0.5,0.5,0.0,0.0,0.0
2025-11-24 01:03:05,clusterA,1,3,3,0,1.00,0.5,0.5,0.0,0.0,0.0
2025-11-24 01:03:05,cluster_A,1,1,1,0,1.00,0.5,0.5,0.0,0.0,0.0
2025-11-24 01:03:05,clusterB,1,4,4,0,1.00,0.5,0.5,0.0,0.0,0.0
2025-11-24 01:03:31,clusterA,1,3,3,0,1.00,0.5,0.5,0.0,0.0,0.0
2025-11-24 01:03:31,cluster_A,1,1,1,0,1.00,0.5,0.5,0.0,0.0,0.0
2025-11-24 01:03:31,clusterB,1,4,4,0,1.00,0.5,0.5,0.0,0.0,0.0
2025-11-24 01:03:57,clusterA,1,3,3,0,1.00,0.5,0.5,0.0,0.0,0.0
2025-11-24 01:03:57,cluster_A,1,1,1,0,1.00,0.5,0.5,0.0,0.0,0.0
2025-11-24 01:03:57,clusterB,1,4,4,0,1.00,0.5,0.5,0.0,0.0,0.0
2025-11-24 01:04:23,clusterA,1,3,3,0,1.00,0.5,0.5,0.0,0.0,0.0
2025-11-24 01:04:23,cluster_A,1,1,1,0,1.00,0.5,0.5,0.0,0.0,0.0
2025-11-24 01:04:23,clusterB,1,4,4,0,1.00,0.5,0.5,0.0,0.0,0.0
2025-11-24 01:04:49,clusterA,1,3,3,0,1.00,0.5,0.5,0.0,0.0,0.0
2025-11-24 01:04:49,cluster_A,1,1,1,0,1.00,0.5,0.5,0.0,0.0,0.0
2025-11-24 01:04:49,clusterB,1,4,4,0,1.00,0.5,0.5,0.0,0.0,0.0
2025-11-24 01:05:15,clusterA,2,3,3,0,1.00,0.5,0.5,0.0,0.0,0.0
2025-11-24 01:05:15,cluster_A,2,1,1,0,1.00,0.5,0.5,0.0,0.0,0.0
2025-11-24 01:05:15,clusterB,2,4,4,0,1.00,0.5,0.5,0.0,0.0,0.0
2025-11-24 01:05:40,clusterA,2,3,3,0,1.00,0.5,0.5,0.0,0.0,0.0
2025-11-24 01:05:40,cluster_A,2,1,1,0,1.00,0.5,0.5,0.0,0.0,0.0
2025-11-24 01:05:40,clusterB,2,4,4,0,1.00,0.5,0.5,0.0,0.0,0.0
2025-11-24 01:06:04,clusterA,2,3,3,0,1.00,0.5,0.5,0.0,0.0,0.0
2025-11-24 01:06:04,cluster_A,2,1,1,0,1.00,0.5,0.5,0.0,0.0,0.0
2025-11-24 01:06:04,clusterB,2,4,4,0,1.00,0.5,0.5,0.0,0.0,0.0
2025-11-24 01:06:31,clusterA,2,3,3,0,1.00,0.5,0.5,0.0,0.0,0.0
2025-11-24 01:06:31,cluster_A,2,1,1,0,1.00,0.5,0.5,0.0,0.0,0.0
2025-11-24 01:06:31,clusterB,2,4,4,0,1.00,0.5,0.5,0.0,0.0,0.0
2025-11-24 01:06:56,clusterA,2,3,3,0,1.00,0.5,0.5,0.0,0.0,0.0
2025-11-24 01:06:56,cluster_A,2,1,1,0,1.00,0.5,0.5,0.0,0.0,0.0
2025-11-24 01:06:56,clusterB,2,4,4,0,1.00,0.5,0.5,0.0,0.0,0.0
2025-11-24 01:07:21,clusterA,2,3,3,0,1.00,0.5,0.5,0.0,0.0,0.0
2025-11-24 01:07:21,cluster_A,2,1,1,0,1.00,0.5,0.5,0.0,0.0,0.0
2025-11-24 01:07:21,clusterB,2,4,4,0,1.00,0.5,0.5,0.0,0.0,0.0
2025-11-24 01:07:47,clusterA,2,3,3,0,1.00,0.5,0.5,0.0,0.0,0.0
2025-11-24 01:07:47,cluster_A,2,1,1,0,1.00,0.5,0.5,0.0,0.0,0.0
2025-11-24 01:07:47,clusterB,2,4,4,0,1.00,0.5,0.5,0.0,0.0,0.0
2025-11-24 01:08:12,clusterA,2,3,3,0,1.00,0.5,0.5,0.0,0.0,0.0
2025-11-24 01:08:12,cluster_A,2,1,1,0,1.00,0.5,0.5,0.0,0.0,0.0
2025-11-24 01:08:12,clusterB,2,4,4,0,1.00,0.5,0.5,0.0,0.0,0.0
2025-11-24 01:08:37,clusterA,2,3,3,0,1.00,0.5,0.5,0.0,0.0,0.0
2025-11-24 01:08:37,cluster_A,2,1,1,0,1.00,0.5,0.5,0.0,0.0,0.0
2025-11-24 01:08:37,clusterB,2,4,4,0,1.00,0.5,0.5,0.0,0.0,0.0
2025-11-24 01:09:03,clusterA,2,3,3,0,1.00,0.5,0.5,0.0,0.0,0.0
2025-11-24 01:09:03,cluster_A,2,1,1,0,1.00,0.5,0.5,0.0,0.0,0.0
2025-11-24 01:09:03,clusterB,2,4,4,0,1.00,0.5,0.5,0.0,0.0,0.0
2025-11-24 01:09:29,clusterA,2,3,3,0,1.00,0.5,0.5,0.0,0.0,0.0
2025-11-24 01:09:29,cluster_A,2,1,1,0,1.00,0.5,0.5,0.0,0.0,0.0
2025-11-24 01:09:29,clusterB,2,4,4,0,1.00,0.5,0.5,0.0,0.0,0.0
2025-11-24 01:09:55,clusterA,2,3,3,0,1.00,0.5,0.5,0.0,0.0,0.0
2025-11-24 01:09:55,cluster_A,2,1,1,0,1.00,0.5,0.5,0.0,0.0,0.0
2025-11-24 01:09:55,clusterB,2,4,4,0,1.00,0.5,0.5,0.0,0.0,0.0
2025-11-24 01:10:20,clusterA,2,3,3,0,1.00,0.5,0.5,0.0,0.0,0.0
2025-11-24 01:10:20,cluster_A,2,1,1,0,1.00,0.5,0.5,0.0,0.0,0.0
2025-11-24 01:10:20,clusterB,2,4,4,0,1.00,0.5,0.5,0.0,0.0,0.0
2025-11-24 01:10:47,clusterA,2,3,3,0,1.00,0.5,0.5,0.0,0.0,0.0
2025-11-24 01:10:47,cluster_A,2,1,1,0,1.00,0.5,0.5,0.0,0.0,0.0
2025-11-24 01:10:47,clusterB,2,4,4,0,1.00,0.5,0.5,0.0,0.0,0.0
2025-11-24 01:11:12,clusterA,2,3,3,0,1.00,0.5,0.5,0.0,0.0,0.0
2025-11-24 01:11:12,cluster_A,2,1,1,0,1.00,0.5,0.5,0.0,0.0,0.0
2025-11-24 01:11:12,clusterB,2,4,4,0,1.00,0.5,0.5,0.0,0.0,0.0
2025-11-24 01:11:38,clusterA,2,3,3,0,1.00,0.5,0.5,0.0,0.0,0.0
2025-11-24 01:11:38,cluster_A,2,1,1,0,1.00,0.5,0.5,0.0,0.0,0.0
2025-11-24 01:11:38,clusterB,2,4,4,0,1.00,0.5,0.5,0.0,0.0,0.0
2025-11-24 01:12:03,clusterA,2,3,3,0,1.00,0.5,0.5,0.0,0.0,0.0
2025-11-24 01:12:03,cluster_A,2,1,1,0,1.00,0.5,0.5,0.0,0.0,0.0
2025-11-24 01:12:03,clusterB,2,4,4,0,1.00,0.5,0.5,0.0,0.0,0.0
2025-11-24 01:12:29,clusterA,2,3,3,0,1.00,0.5,0.5,0.0,0.0,0.0
2025-11-24 01:12:29,cluster_A,2,1,1,0,1.00,0.5,0.5,0.0,0.0,0.0
2025-11-24 01:12:29,clusterB,2,4,4,0,1.00,0.5,0.5,0.0,0.0,0.0
2025-11-24 01:12:55,clusterA,2,3,3,0,1.00,0.5,0.5,0.0,0.0,0.0
2025-11-24 01:12:55,cluster_A,2,1,1,0,1.00,0.5,0.5,0.0,0.0,0.0
2025-11-24 01:12:55,clusterB,2,4,4,0,1.00,0.5,0.5,0.0,0.0,0.0
2025-11-24 01:13:21,clusterA,2,3,3,0,1.00,0.5,0.5,0.0,0.0,0.0
2025-11-24 01:13:21,cluster_A,2,1,1,0,1.00,0.5,0.5,0.0,0.0,0.0
2025-11-24 01:13:21,clusterB,2,4,4,0,1.00,0.5,0.5,0.0,0.0,0.0
2025-11-24 01:13:46,clusterA,2,3,3,0,1.00,0.5,0.5,0.0,0.0,0.0
2025-11-24 01:13:46,cluster_A,2,1,1,0,1.00,0.5,0.5,0.0,0.0,0.0
2025-11-24 01:13:46,clusterB,2,4,4,0,1.00,0.5,0.5,0.0,0.0,0.0
2025-11-24 01:14:11,clusterA,2,3,3,0,1.00,0.5,0.5,0.0,0.0,0.0
2025-11-24 01:14:11,cluster_A,2,1,1,0,1.00,0.5,0.5,0.0,0.0,0.0
2025-11-24 01:14:11,clusterB,2,4,4,0,1.00,0.5,0.5,0.0,0.0,0.0
2025-11-24 01:14:37,clusterA,2,3,3,0,1.00,0.5,0.5,0.0,0.0,0.0
2025-11-24 01:14:37,cluster_A,2,1,1,0,1.00,0.5,0.5,0.0,0.0,0.0
2025-11-24 01:14:37,clusterB,2,4,4,0,1.00,0.5,0.5,0.0,0.0,0.0
2025-11-24 01:15:02,clusterA,2,3,2,1,0.67,0.5,0.5,0.0,0.0,0.0
2025-11-24 01:15:02,cluster_A,2,1,1,0,1.00,0.5,0.5,0.0,0.0,0.0
2025-11-24 01:15:02,clusterB,2,4,4,0,1.00,0.5,0.5,0.0,0.0,0.0
2025-11-24 01:15:17,clusterA,1,3,3,0,1.00,0.5,0.5,0.0,0.0,0.0
2025-11-24 01:15:17,cluster_A,1,1,1,0,1.00,0.5,0.5,0.0,0.0,0.0
2025-11-24 01:15:17,clusterB,1,4,4,0,1.00,0.5,0.5,0.0,0.0,0.0
2025-11-24 01:15:42,clusterA,1,3,3,0,1.00,0.5,0.5,0.0,0.0,0.0
2025-11-24 01:15:42,cluster_A,1,1,1,0,1.00,0.5,0.5,0.0,0.0,0.0
2025-11-24 01:15:42,clusterB,1,4,4,0,1.00,0.5,0.5,0.0,0.0,0.0
2025-11-24 01:16:08,clusterA,1,3,3,0,1.00,0.5,0.5,0.0,0.0,0.0
2025-11-24 01:16:08,cluster_A,1,1,1,0,1.00,0.5,0.5,0.0,0.0,0.0
2025-11-24 01:16:08,clusterB,1,4,4,0,1.00,0.5,0.5,0.0,0.0,0.0
2025-11-24 01:16:33,clusterA,1,3,3,0,1.00,0.5,0.5,0.0,0.0,0.0
2025-11-24 01:16:33,cluster_A,1,1,1,0,1.00,0.5,0.5,0.0,0.0,0.0
2025-11-24 01:16:33,clusterB,1,4,4,0,1.00,0.5,0.5,0.0,0.0,0.0
2025-11-24 01:16:57,clusterA,1,3,3,0,1.00,0.5,0.5,0.0,0.0,0.0
2025-11-24 01:16:57,cluster_A,1,1,1,0,1.00,0.5,0.5,0.0,0.0,0.0
2025-11-24 01:16:57,clusterB,1,4,4,0,1.00,0.5,0.5,0.0,0.0,0.0
2025-11-24 01:17:22,clusterA,1,3,3,0,1.00,0.5,0.5,0.0,0.0,0.0
2025-11-24 01:17:22,cluster_A,1,1,1,0,1.00,0.5,0.5,0.0,0.0,0.0
2025-11-24 01:17:22,clusterB,1,4,4,0,1.00,0.5,0.5,0.0,0.0,0.0
2025-11-24 01:17:48,clusterA,1,3,3,0,1.00,0.5,0.5,0.0,0.0,0.0
2025-11-24 01:17:48,cluster_A,1,1,1,0,1.00,0.5,0.5,0.0,0.0,0.0
2025-11-24 01:17:48,clusterB,1,4,4,0,1.00,0.5,0.5,0.0,0.0,0.0
2025-11-24 01:18:13,clusterA,1,3,3,0,1.00,0.5,0.5,0.0,0.0,0.0
2025-11-24 01:18:13,cluster_A,1,1,1,0,1.00,0.5,0.5,0.0,0.0,0.0
2025-11-24 01:18:13,clusterB,1,4,4,0,1.00,0.5,0.5,0.0,0.0,0.0
2025-11-24 01:18:38,clusterA,1,3,3,0,1.00,0.5,0.5,0.0,0.0,0.0
2025-11-24 01:18:38,cluster_A,1,1,1,0,1.00,0.5,0.5,0.0,0.0,0.0
2025-11-24 01:18:38,clusterB,1,4,4,0,1.00,0.5,0.5,0.0,0.0,0.0
2025-11-24 01:19:03,clusterA,1,3,3,0,1.00,0.5,0.5,0.0,0.0,0.0
2025-11-24 01:19:03,cluster_A,1,1,1,0,1.00,0.5,0.5,0.0,0.0,0.0
2025-11-24 01:19:03,clusterB,1,4,4,0,1.00,0.5,0.5,0.0,0.0,0.0
2025-11-24 01:19:29,clusterA,1,3,3,0,1.00,0.5,0.5,0.0,0.0,0.0
2025-11-24 01:19:29,cluster_A,1,1,1,0,1.00,0.5,0.5,0.0,0.0,0.0
2025-11-24 01:19:29,clusterB,1,4,4,0,1.00,0.5,0.5,0.0,0.0,0.0
2025-11-24 01:19:54,clusterA,1,3,3,0,1.00,0.5,0.5,0.0,0.0,0.0
2025-11-24 01:19:54,cluster_A,1,1,1,0,1.00,0.5,0.5,0.0,0.0,0.0
2025-11-24 01:19:54,clusterB,1,4,4,0,1.00,0.5,0.5,0.0,0.0,0.0
2025-11-24 01:20:19,clusterA,1,3,3,0,1.00,0.5,0.5,0.0,0.0,0.0
2025-11-24 01:20:19,cluster_A,1,1,1,0,1.00,0.5,0.5,0.0,0.0,0.0
2025-11-24 01:20:19,clusterB,1,4,4,0,1.00,0.5,0.5,0.0,0.0,0.0
2025-11-24 01:20:46,clusterA,1,3,3,0,1.00,0.5,0.5,0.0,0.0,0.0
2025-11-24 01:20:46,cluster_A,1,1,1,0,1.00,0.5,0.5,0.0,0.0,0.0
2025-11-24 01:20:46,clusterB,1,4,4,0,1.00,0.5,0.5,0.0,0.0,0.0
2025-11-24 01:21:12,clusterA,1,3,3,0,1.00,0.5,0.5,0.0,0.0,0.0
2025-11-24 01:21:12,cluster_A,1,1,1,0,1.00,0.5,0.5,0.0,0.0,0.0
2025-11-24 01:21:12,clusterB,1,4,4,0,1.00,0.5,0.5,0.0,0.0,0.0
2025-11-24 01:21:39,clusterA,1,3,3,0,1.00,0.5,0.5,0.0,0.0,0.0
2025-11-24 01:21:39,cluster_A,1,1,1,0,1.00,0.5,0.5,0.0,0.0,0.0
2025-11-24 01:21:39,clusterB,1,4,4,0,1.00,0.5,0.5,0.0,0.0,0.0
2025-11-24 01:22:04,clusterA,1,3,3,0,1.00,0.5,0.5,0.0,0.0,0.0
2025-11-24 01:22:04,cluster_A,1,1,1,0,1.00,0.5,0.5,0.0,0.0,0.0
2025-11-24 01:22:04,clusterB,1,4,4,0,1.00,0.5,0.5,0.0,0.0,0.0
2025-11-24 01:22:30,clusterA,1,3,3,0,1.00,0.5,0.5,0.0,0.0,0.0
2025-11-24 01:22:30,cluster_A,1,1,1,0,1.00,0.5,0.5,0.0,0.0,0.0
2025-11-24 01:22:30,clusterB,1,4,4,0,1.00,0.5,0.5,0.0,0.0,0.0
2025-11-24 01:22:55,clusterA,1,3,3,0,1.00,0.5,0.5,0.0,0.0,0.0
2025-11-24 01:22:55,cluster_A,1,1,1,0,1.00,0.5,0.5,0.0,0.0,0.0
2025-11-24 01:22:55,clusterB,1,4,4,0,1.00,0.5,0.5,0.0,0.0,0.0
2025-11-24 01:23:20,clusterA,1,3,3,0,1.00,0.5,0.5,0.0,0.0,0.0
2025-11-24 01:23:20,cluster_A,1,1,1,0,1.00,0.5,0.5,0.0,0.0,0.0
2025-11-24 01:23:20,clusterB,1,4,4,0,1.00,0.5,0.5,0.0,0.0,0.0
2025-11-24 01:23:45,clusterA,1,3,3,0,1.00,0.5,0.5,0.0,0.0,0.0
2025-11-24 01:23:45,cluster_A,1,1,1,0,1.00,0.5,0.5,0.0,0.0,0.0
2025-11-24 01:23:45,clusterB,1,4,4,0,1.00,0.5,0.5,0.0,0.0,0.0
2025-11-24 01:24:10,clusterA,1,3,3,0,1.00,0.5,0.5,0.0,0.0,0.0
2025-11-24 01:24:10,cluster_A,1,1,1,0,1.00,0.5,0.5,0.0,0.0,0.0
2025-11-24 01:24:10,clusterB,1,4,4,0,1.00,0.5,0.5,0.0,0.0,0.0
2025-11-24 01:24:35,clusterA,1,3,3,0,1.00,0.5,0.5,0.0,0.0,0.0
2025-11-24 01:24:35,cluster_A,1,1,1,0,1.00,0.5,0.5,0.0,0.0,0.0
2025-11-24 01:24:35,clusterB,1,4,4,0,1.00,0.5,0.5,0.0,0.0,0.0
2025-11-24 01:25:00,clusterA,1,3,3,0,1.00,0.5,0.5,0.0,0.0,0.0
2025-11-24 01:25:00,cluster_A,1,1,1,0,1.00,0.5,0.5,0.0,0.0,0.0
2025-11-24 01:25:00,clusterB,1,4,4,0,1.00,0.5,0.5,0.0,0.0,0.0
2025-11-24 01:25:25,clusterA,1,3,3,0,1.00,0.5,0.5,0.0,0.0,0.0
2025-11-24 01:25:25,cluster_A,1,1,1,0,1.00,0.5,0.5,0.0,0.0,0.0
2025-11-24 01:25:25,clusterB,1,4,4,0,1.00,0.5,0.5,0.0,0.0,0.0
2025-11-24 01:25:50,clusterA,1,3,3,0,1.00,0.5,0.5,0.0,0.0,0.0
2025-11-24 01:25:50,cluster_A,1,1,1,0,1.00,0.5,0.5,0.0,0.0,0.0
2025-11-24 01:25:50,clusterB,1,4,4,0,1.00,0.5,0.5,0.0,0.0,0.0
2025-11-24 01:26:15,clusterA,1,3,3,0,1.00,0.5,0.5,0.0,0.0,0.0
2025-11-24 01:26:15,cluster_A,1,1,1,0,1.00,0.5,0.5,0.0,0.0,0.0
2025-11-24 01:26:15,clusterB,1,4,4,0,1.00,0.5,0.5,0.0,0.0,0.0
2025-11-24 01:26:40,clusterA,1,3,3,0,1.00,0.5,0.5,0.0,0.0,0.0
2025-11-24 01:26:40,cluster_A,1,1,1,0,1.00,0.5,0.5,0.0,0.0,0.0
2025-11-24 01:26:40,clusterB,1,4,4,0,1.00,0.5,0.5,0.0,0.0,0.0
2025-11-24 01:27:05,clusterA,2,3,3,0,1.00,0.5,0.5,0.0,0.0,0.0
2025-11-24 01:27:05,cluster_A,2,1,1,0,1.00,0.5,0.5,0.0,0.0,0.0
2025-11-24 01:27:05,clusterB,2,4,4,0,1.00,0.5,0.5,0.0,0.0,0.0
2025-11-24 01:27:30,clusterA,2,3,3,0,1.00,0.5,0.5,0.0,0.0,0.0
2025-11-24 01:27:30,cluster_A,2,1,1,0,1.00,0.5,0.5,0.0,0.0,0.0
2025-11-24 01:27:30,clusterB,2,4,4,0,1.00,0.5,0.5,0.0,0.0,0.0
2025-11-24 01:27:55,clusterA,3,3,3,0,1.00,0.5,0.5,0.0,0.0,0.0
2025-11-24 01:27:55,cluster_A,3,1,1,0,1.00,0.5,0.5,0.0,0.0,0.0
2025-11-24 01:27:55,clusterB,3,4,4,0,1.00,0.5,0.5,0.0,0.0,0.0
2025-11-24 01:28:20,clusterA,3,3,3,0,1.00,0.5,0.5,0.0,0.0,0.0
2025-11-24 01:28:20,cluster_A,3,1,1,0,1.00,0.5,0.5,0.0,0.0,0.0
2025-11-24 01:28:20,clusterB,3,4,4,0,1.00,0.5,0.5,0.0,0.0,0.0
2025-11-24 01:28:45,clusterA,3,3,3,0,1.00,0.5,0.5,0.0,0.0,0.0
2025-11-24 01:28:45,cluster_A,3,1,1,0,1.00,0.5,0.5,0.0,0.0,0.0
2025-11-24 01:28:45,clusterB,3,4,4,0,1.00,0.5,0.5,0.0,0.0,0.0
2025-11-24 01:29:11,clusterA,3,3,3,0,1.00,0.5,0.5,0.0,0.0,0.0
2025-11-24 01:29:11,cluster_A,3,1,1,0,1.00,0.5,0.5,0.0,0.0,0.0
2025-11-24 01:29:11,clusterB,3,4,4,0,1.00,0.5,0.5,0.0,0.0,0.0
2025-11-24 01:29:36,clusterA,3,3,3,0,1.00,0.5,0.5,0.0,0.0,0.0
2025-11-24 01:29:36,cluster_A,3,1,1,0,1.00,0.5,0.5,0.0,0.0,0.0
2025-11-24 01:29:36,clusterB,3,4,4,0,1.00,0.5,0.5,0.0,0.0,0.0
2025-11-24 01:30:02,clusterA,3,3,3,0,1.00,0.5,0.5,0.0,0.0,0.0
2025-11-24 01:30:02,cluster_A,3,1,1,0,1.00,0.5,0.5,0.0,0.0,0.0
2025-11-24 01:30:02,clusterB,3,4,4,0,1.00,0.5,0.5,0.0,0.0,0.0
2025-11-24 01:30:27,clusterA,3,3,3,0,1.00,0.5,0.5,0.0,0.0,0.0
2025-11-24 01:30:27,cluster_A,3,1,1,0,1.00,0.5,0.5,0.0,0.0,0.0
2025-11-24 01:30:27,clusterB,3,4,4,0,1.00,0.5,0.5,0.0,0.0,0.0
2025-11-24 01:30:52,clusterA,3,3,3,0,1.00,0.5,0.5,0.0,0.0,0.0
2025-11-24 01:30:52,cluster_A,3,1,1,0,1.00,0.5,0.5,0.0,0.0,0.0
2025-11-24 01:30:52,clusterB,3,4,4,0,1.00,0.5,0.5,0.0,0.0,0.0
2025-11-24 01:31:17,clusterA,3,3,3,0,1.00,0.5,0.5,0.0,0.0,0.0
2025-11-24 01:31:17,cluster_A,3,1,1,0,1.00,0.5,0.5,0.0,0.0,0.0
2025-11-24 01:31:17,clusterB,3,4,4,0,1.00,0.5,0.5,0.0,0.0,0.0
2025-11-24 01:31:42,clusterA,3,3,3,0,1.00,0.5,0.5,0.0,0.0,0.0
2025-11-24 01:31:42,cluster_A,3,1,1,0,1.00,0.5,0.5,0.0,0.0,0.0
2025-11-24 01:31:42,clusterB,3,4,4,0,1.00,0.5,0.5,0.0,0.0,0.0
2025-11-24 01:32:06,clusterA,3,3,3,0,1.00,0.5,0.5,0.0,0.0,0.0
2025-11-24 01:32:06,cluster_A,3,1,1,0,1.00,0.5,0.5,0.0,0.0,0.0
2025-11-24 01:32:06,clusterB,3,4,4,0,1.00,0.5,0.5,0.0,0.0,0.0
2025-11-24 01:32:31,clusterA,3,3,3,0,1.00,0.5,0.5,0.0,0.0,0.0
2025-11-24 01:32:31,cluster_A,3,1,1,0,1.00,0.5,0.5,0.0,0.0,0.0
2025-11-24 01:32:31,clusterB,3,4,4,0,1.00,0.5,0.5,0.0,0.0,0.0
2025-11-24 01:32:56,clusterA,3,3,3,0,1.00,0.5,0.5,0.0,0.0,0.0
2025-11-24 01:32:56,cluster_A,3,1,1,0,1.00,0.5,0.5,0.0,0.0,0.0
2025-11-24 01:32:56,clusterB,3,4,4,0,1.00,0.5,0.5,0.0,0.0,0.0
2025-11-24 01:33:21,clusterA,3,3,3,0,1.00,0.5,0.5,0.0,0.0,0.0
2025-11-24 01:33:21,cluster_A,3,1,1,0,1.00,0.5,0.5,0.0,0.0,0.0
2025-11-24 01:33:21,clusterB,3,4,4,0,1.00,0.5,0.5,0.0,0.0,0.0
2025-11-24 01:33:45,clusterA,3,3,2,1,0.67,0.5,0.5,0.0,0.0,0.0
2025-11-24 01:33:45,cluster_A,3,1,1,0,1.00,0.5,0.5,0.0,0.0,0.0
2025-11-24 01:33:45,clusterB,3,4,4,0,1.00,0.5,0.5,0.0,0.0,0.0
2025-11-24 01:34:00,clusterA,3,3,3,0,1.00,0.5,0.5,0.0,0.0,0.0
2025-11-24 01:34:00,cluster_A,3,1,1,0,1.00,0.5,0.5,0.0,0.0,0.0
2025-11-24 01:34:00,clusterB,3,4,4,0,1.00,0.5,0.5,0.0,0.0,0.0
2025-11-24 01:34:25,clusterA,3,3,3,0,1.00,0.5,0.5,0.0,0.0,0.0
2025-11-24 01:34:25,cluster_A,3,1,1,0,1.00,0.5,0.5,0.0,0.0,0.0
2025-11-24 01:34:25,clusterB,3,4,4,0,1.00,0.5,0.5,0.0,0.0,0.0
2025-11-24 01:34:52,clusterA,3,3,3,0,1.00,0.5,0.5,0.0,0.0,0.0
2025-11-24 01:34:52,cluster_A,3,1,1,0,1.00,0.5,0.5,0.0,0.0,0.0
2025-11-24 01:34:52,clusterB,3,4,4,0,1.00,0.5,0.5,0.0,0.0,0.0
2025-11-24 01:35:17,clusterA,3,3,2,1,0.67,0.5,0.5,0.0,0.0,0.0
2025-11-24 01:35:17,cluster_A,3,1,1,0,1.00,0.5,0.5,0.0,0.0,0.0
2025-11-24 01:35:17,clusterB,3,4,4,0,1.00,0.5,0.5,0.0,0.0,0.0
2025-11-24 01:35:32,clusterA,2,3,3,0,1.00,0.5,0.5,0.0,0.0,0.0
2025-11-24 01:35:32,cluster_A,2,1,1,0,1.00,0.5,0.5,0.0,0.0,0.0
2025-11-24 01:35:32,clusterB,2,4,4,0,1.00,0.5,0.5,0.0,0.0,0.0
2025-11-24 01:35:58,clusterA,2,3,3,0,1.00,0.5,0.5,0.0,0.0,0.0
2025-11-24 01:35:58,cluster_A,2,1,1,0,1.00,0.5,0.5,0.0,0.0,0.0
2025-11-24 01:35:58,clusterB,2,4,4,0,1.00,0.5,0.5,0.0,0.0,0.0
2025-11-24 01:36:23,clusterA,2,3,3,0,1.00,0.5,0.5,0.0,0.0,0.0
2025-11-24 01:36:23,cluster_A,2,1,1,0,1.00,0.5,0.5,0.0,0.0,0.0
2025-11-24 01:36:23,clusterB,2,4,4,0,1.00,0.5,0.5,0.0,0.0,0.0
2025-11-24 01:36:49,clusterA,2,3,3,0,1.00,0.5,0.5,0.0,0.0,0.0
2025-11-24 01:36:49,cluster_A,2,1,1,0,1.00,0.5,0.5,0.0,0.0,0.0
2025-11-24 01:36:49,clusterB,2,4,4,0,1.00,0.5,0.5,0.0,0.0,0.0
2025-11-24 01:37:14,clusterA,2,3,3,0,1.00,0.5,0.5,0.0,0.0,0.0
2025-11-24 01:37:14,cluster_A,2,1,1,0,1.00,0.5,0.5,0.0,0.0,0.0
2025-11-24 01:37:14,clusterB,2,4,4,0,1.00,0.5,0.5,0.0,0.0,0.0
2025-11-24 01:37:41,clusterA,2,3,3,0,1.00,0.5,0.5,0.0,0.0,0.0
2025-11-24 01:37:41,cluster_A,2,1,1,0,1.00,0.5,0.5,0.0,0.0,0.0
2025-11-24 01:37:41,clusterB,2,4,4,0,1.00,0.5,0.5,0.0,0.0,0.0
2025-11-24 01:38:06,clusterA,2,3,3,0,1.00,0.5,0.5,0.0,0.0,0.0
2025-11-24 01:38:06,cluster_A,2,1,1,0,1.00,0.5,0.5,0.0,0.0,0.0
2025-11-24 01:38:06,clusterB,2,4,4,0,1.00,0.5,0.5,0.0,0.0,0.0
2025-11-24 01:38:31,clusterA,2,3,3,0,1.00,0.5,0.5,0.0,0.0,0.0
2025-11-24 01:38:31,cluster_A,2,1,1,0,1.00,0.5,0.5,0.0,0.0,0.0
2025-11-24 01:38:31,clusterB,2,4,4,0,1.00,0.5,0.5,0.0,0.0,0.0
2025-11-24 01:38:57,clusterA,2,3,3,0,1.00,0.5,0.5,0.0,0.0,0.0
2025-11-24 01:38:57,cluster_A,2,1,1,0,1.00,0.5,0.5,0.0,0.0,0.0
2025-11-24 01:38:57,clusterB,2,4,4,0,1.00,0.5,0.5,0.0,0.0,0.0
2025-11-24 01:39:23,clusterA,2,3,3,0,1.00,0.5,0.5,0.0,0.0,0.0
2025-11-24 01:39:23,cluster_A,2,1,1,0,1.00,0.5,0.5,0.0,0.0,0.0
2025-11-24 01:39:23,clusterB,2,4,4,0,1.00,0.5,0.5,0.0,0.0,0.0
2025-11-24 01:39:49,clusterA,2,3,3,0,1.00,0.5,0.5,0.0,0.0,0.0
2025-11-24 01:39:49,cluster_A,2,1,1,0,1.00,0.5,0.5,0.0,0.0,0.0
2025-11-24 01:39:49,clusterB,2,4,4,0,1.00,0.5,0.5,0.0,0.0,0.0
2025-11-24 01:40:15,clusterA,2,3,3,0,1.00,0.5,0.5,0.0,0.0,0.0
2025-11-24 01:40:15,cluster_A,2,1,1,0,1.00,0.5,0.5,0.0,0.0,0.0
2025-11-24 01:40:15,clusterB,2,4,4,0,1.00,0.5,0.5,0.0,0.0,0.0
2025-11-24 01:40:41,clusterA,3,3,3,0,1.00,0.5,0.5,0.0,0.0,0.0
2025-11-24 01:40:41,cluster_A,3,1,1,0,1.00,0.5,0.5,0.0,0.0,0.0
2025-11-24 01:40:41,clusterB,3,4,4,0,1.00,0.5,0.5,0.0,0.0,0.0
2025-11-24 01:41:07,clusterA,3,3,3,0,1.00,0.5,0.5,0.0,0.0,0.0
2025-11-24 01:41:07,cluster_A,3,1,1,0,1.00,0.5,0.5,0.0,0.0,0.0
2025-11-24 01:41:07,clusterB,3,4,4,0,1.00,0.5,0.5,0.0,0.0,0.0
2025-11-24 01:41:32,clusterA,3,3,3,0,1.00,0.5,0.5,0.0,0.0,0.0
2025-11-24 01:41:32,cluster_A,3,1,1,0,1.00,0.5,0.5,0.0,0.0,0.0
2025-11-24 01:41:32,clusterB,3,4,4,0,1.00,0.5,0.5,0.0,0.0,0.0
2025-11-24 01:41:58,clusterA,4,3,3,0,1.00,0.5,0.5,0.0,0.0,0.0
2025-11-24 01:41:58,cluster_A,4,1,1,0,1.00,0.5,0.5,0.0,0.0,0.0
2025-11-24 01:41:58,clusterB,4,4,4,0,1.00,0.5,0.5,0.0,0.0,0.0
2025-11-24 01:42:23,clusterA,4,3,3,0,1.00,0.5,0.5,0.0,0.0,0.0
2025-11-24 01:42:23,cluster_A,4,1,1,0,1.00,0.5,0.5,0.0,0.0,0.0
2025-11-24 01:42:23,clusterB,4,4,4,0,1.00,0.5,0.5,0.0,0.0,0.0
2025-11-24 01:42:49,clusterA,4,3,3,0,1.00,0.5,0.5,0.0,0.0,0.0
2025-11-24 01:42:49,cluster_A,4,1,1,0,1.00,0.5,0.5,0.0,0.0,0.0
2025-11-24 01:42:49,clusterB,4,4,4,0,1.00,0.5,0.5,0.0,0.0,0.0
2025-11-24 01:43:14,clusterA,4,3,3,0,1.00,0.5,0.5,0.0,0.0,0.0
2025-11-24 01:43:14,cluster_A,4,1,1,0,1.00,0.5,0.5,0.0,0.0,0.0
2025-11-24 01:43:14,clusterB,4,4,4,0,1.00,0.5,0.5,0.0,0.0,0.0
2025-11-24 01:43:39,clusterA,4,3,3,0,1.00,0.5,0.5,0.0,0.0,0.0
2025-11-24 01:43:39,cluster_A,4,1,1,0,1.00,0.5,0.5,0.0,0.0,0.0
2025-11-24 01:43:39,clusterB,4,4,4,0,1.00,0.5,0.5,0.0,0.0,0.0
2025-11-24 01:44:05,clusterA,4,3,3,0,1.00,0.5,0.5,0.0,0.0,0.0
2025-11-24 01:44:05,cluster_A,4,1,1,0,1.00,0.5,0.5,0.0,0.0,0.0
2025-11-24 01:44:05,clusterB,4,4,4,0,1.00,0.5,0.5,0.0,0.0,0.0
2025-11-24 01:44:30,clusterA,4,3,3,0,1.00,0.5,0.5,0.0,0.0,0.0
2025-11-24 01:44:30,cluster_A,4,1,1,0,1.00,0.5,0.5,0.0,0.0,0.0
2025-11-24 01:44:30,clusterB,4,4,4,0,1.00,0.5,0.5,0.0,0.0,0.0
2025-11-24 01:44:55,clusterA,5,3,3,0,1.00,0.5,0.5,0.0,0.0,0.0
2025-11-24 01:44:55,cluster_A,5,1,1,0,1.00,0.5,0.5,0.0,0.0,0.0
2025-11-24 01:44:55,clusterB,5,4,4,0,1.00,0.5,0.5,0.0,0.0,0.0
2025-11-24 01:45:21,clusterA,5,3,3,0,1.00,0.5,0.5,0.0,0.0,0.0
2025-11-24 01:45:21,cluster_A,5,1,1,0,1.00,0.5,0.5,0.0,0.0,0.0
2025-11-24 01:45:21,clusterB,5,4,4,0,1.00,0.5,0.5,0.0,0.0,0.0
2025-11-24 01:45:46,clusterA,5,3,3,0,1.00,0.5,0.5,0.0,0.0,0.0
2025-11-24 01:45:46,cluster_A,5,1,1,0,1.00,0.5,0.5,0.0,0.0,0.0
2025-11-24 01:45:46,clusterB,5,4,4,0,1.00,0.5,0.5,0.0,0.0,0.0
2025-11-24 01:46:12,clusterA,5,3,3,0,1.00,0.5,0.5,0.0,0.0,0.0
2025-11-24 01:46:12,cluster_A,5,1,1,0,1.00,0.5,0.5,0.0,0.0,0.0
2025-11-24 01:46:12,clusterB,5,4,4,0,1.00,0.5,0.5,0.0,0.0,0.0
2025-11-24 01:46:38,clusterA,5,3,3,0,1.00,0.5,0.5,0.0,0.0,0.0
2025-11-24 01:46:38,cluster_A,5,1,1,0,1.00,0.5,0.5,0.0,0.0,0.0
2025-11-24 01:46:38,clusterB,5,4,4,0,1.00,0.5,0.5,0.0,0.0,0.0
2025-11-24 01:47:03,clusterA,5,3,3,0,1.00,0.5,0.5,0.0,0.0,0.0
2025-11-24 01:47:03,cluster_A,5,1,1,0,1.00,0.5,0.5,0.0,0.0,0.0
2025-11-24 01:47:03,clusterB,5,4,4,0,1.00,0.5,0.5,0.0,0.0,0.0
2025-11-24 01:47:29,clusterA,5,3,3,0,1.00,0.5,0.5,0.0,0.0,0.0
2025-11-24 01:47:29,cluster_A,5,1,1,0,1.00,0.5,0.5,0.0,0.0,0.0
2025-11-24 01:47:29,clusterB,5,4,4,0,1.00,0.5,0.5,0.0,0.0,0.0
2025-11-24 01:47:55,clusterA,5,3,3,0,1.00,0.5,0.5,0.0,0.0,0.0
2025-11-24 01:47:55,cluster_A,5,1,1,0,1.00,0.5,0.5,0.0,0.0,0.0
2025-11-24 01:47:55,clusterB,5,4,4,0,1.00,0.5,0.5,0.0,0.0,0.0
2025-11-24 01:48:20,clusterA,5,3,3,0,1.00,0.5,0.5,0.0,0.0,0.0
2025-11-24 01:48:20,cluster_A,5,1,1,0,1.00,0.5,0.5,0.0,0.0,0.0
2025-11-24 01:48:20,clusterB,5,4,4,0,1.00,0.5,0.5,0.0,0.0,0.0
2025-11-24 01:48:47,clusterA,5,3,3,0,1.00,0.5,0.5,0.0,0.0,0.0
2025-11-24 01:48:47,cluster_A,5,1,1,0,1.00,0.5,0.5,0.0,0.0,0.0
2025-11-24 01:48:47,clusterB,5,4,4,0,1.00,0.5,0.5,0.0,0.0,0.0
2025-11-24 01:49:12,clusterA,5,3,3,0,1.00,0.5,0.5,0.0,0.0,0.0
2025-11-24 01:49:12,cluster_A,5,1,1,0,1.00,0.5,0.5,0.0,0.0,0.0
2025-11-24 01:49:12,clusterB,5,4,4,0,1.00,0.5,0.5,0.0,0.0,0.0
2025-11-24 01:49:38,clusterA,5,3,3,0,1.00,0.5,0.5,0.0,0.0,0.0
2025-11-24 01:49:38,cluster_A,5,1,1,0,1.00,0.5,0.5,0.0,0.0,0.0
2025-11-24 01:49:38,clusterB,5,4,4,0,1.00,0.5,0.5,0.0,0.0,0.0
2025-11-24 01:50:02,clusterA,6,3,3,0,1.00,0.5,0.5,0.0,0.0,0.0
2025-11-24 01:50:02,cluster_A,6,1,1,0,1.00,0.5,0.5,0.0,0.0,0.0
2025-11-24 01:50:02,clusterB,6,4,4,0,1.00,0.5,0.5,0.0,0.0,0.0
2025-11-24 01:50:28,clusterA,6,3,3,0,1.00,0.5,0.5,0.0,0.0,0.0
2025-11-24 01:50:28,cluster_A,6,1,1,0,1.00,0.5,0.5,0.0,0.0,0.0
2025-11-24 01:50:28,clusterB,6,4,4,0,1.00,0.5,0.5,0.0,0.0,0.0
2025-11-24 01:50:53,clusterA,6,3,3,0,1.00,0.5,0.5,0.0,0.0,0.0
2025-11-24 01:50:53,cluster_A,6,1,1,0,1.00,0.5,0.5,0.0,0.0,0.0
2025-11-24 01:50:53,clusterB,6,4,4,0,1.00,0.5,0.5,0.0,0.0,0.0
2025-11-24 01:51:18,clusterA,6,3,3,0,1.00,0.5,0.5,0.0,0.0,0.0
2025-11-24 01:51:18,cluster_A,6,1,1,0,1.00,0.5,0.5,0.0,0.0,0.0
2025-11-24 01:51:18,clusterB,6,4,4,0,1.00,0.5,0.5,0.0,0.0,0.0
2025-11-24 01:51:44,clusterA,7,3,3,0,1.00,0.5,0.5,0.0,0.0,0.0
2025-11-24 01:51:44,cluster_A,7,1,1,0,1.00,0.5,0.5,0.0,0.0,0.0
2025-11-24 01:51:44,clusterB,7,4,4,0,1.00,0.5,0.5,0.0,0.0,0.0
2025-11-24 01:52:09,clusterA,7,3,3,0,1.00,0.5,0.5,0.0,0.0,0.0
2025-11-24 01:52:09,cluster_A,7,1,1,0,1.00,0.5,0.5,0.0,0.0,0.0
2025-11-24 01:52:09,clusterB,7,4,4,0,1.00,0.5,0.5,0.0,0.0,0.0
2025-11-24 01:52:35,clusterA,7,3,3,0,1.00,0.5,0.5,0.0,0.0,0.0
2025-11-24 01:52:35,cluster_A,7,1,1,0,1.00,0.5,0.5,0.0,0.0,0.0
2025-11-24 01:52:35,clusterB,7,4,4,0,1.00,0.5,0.5,0.0,0.0,0.0
2025-11-24 01:52:59,clusterA,7,3,3,0,1.00,0.5,0.5,0.0,0.0,0.0
2025-11-24 01:52:59,cluster_A,7,1,1,0,1.00,0.5,0.5,0.0,0.0,0.0
2025-11-24 01:52:59,clusterB,7,4,4,0,1.00,0.5,0.5,0.0,0.0,0.0
2025-11-24 01:53:25,clusterA,7,3,3,0,1.00,0.5,0.5,0.0,0.0,0.0
2025-11-24 01:53:25,cluster_A,7,1,1,0,1.00,0.5,0.5,0.0,0.0,0.0
2025-11-24 01:53:25,clusterB,7,4,4,0,1.00,0.5,0.5,0.0,0.0,0.0
2025-11-24 01:53:50,clusterA,7,3,3,0,1.00,0.5,0.5,0.0,0.0,0.0
2025-11-24 01:53:50,cluster_A,7,1,1,0,1.00,0.5,0.5,0.0,0.0,0.0
2025-11-24 01:53:50,clusterB,7,4,4,0,1.00,0.5,0.5,0.0,0.0,0.0
2025-11-24 01:54:16,clusterA,7,3,3,0,1.00,0.5,0.5,0.0,0.0,0.0
2025-11-24 01:54:16,cluster_A,7,1,1,0,1.00,0.5,0.5,0.0,0.0,0.0
2025-11-24 01:54:16,clusterB,7,4,4,0,1.00,0.5,0.5,0.0,0.0,0.0
2025-11-24 01:54:42,clusterA,7,3,3,0,1.00,0.5,0.5,0.0,0.0,0.0
2025-11-24 01:54:42,cluster_A,7,1,1,0,1.00,0.5,0.5,0.0,0.0,0.0
2025-11-24 01:54:42,clusterB,7,4,4,0,1.00,0.5,0.5,0.0,0.0,0.0
2025-11-24 01:55:08,clusterA,7,3,3,0,1.00,0.5,0.5,0.0,0.0,0.0
2025-11-24 01:55:08,cluster_A,7,1,1,0,1.00,0.5,0.5,0.0,0.0,0.0
2025-11-24 01:55:08,clusterB,7,4,4,0,1.00,0.5,0.5,0.0,0.0,0.0
2025-11-24 01:55:34,clusterA,7,3,3,0,1.00,0.5,0.5,0.0,0.0,0.0
2025-11-24 01:55:34,cluster_A,7,1,1,0,1.00,0.5,0.5,0.0,0.0,0.0
2025-11-24 01:55:34,clusterB,7,4,4,0,1.00,0.5,0.5,0.0,0.0,0.0
2025-11-24 01:55:59,clusterA,7,3,3,0,1.00,0.5,0.5,0.0,0.0,0.0
2025-11-24 01:55:59,cluster_A,7,1,1,0,1.00,0.5,0.5,0.0,0.0,0.0
2025-11-24 01:55:59,clusterB,7,4,4,0,1.00,0.5,0.5,0.0,0.0,0.0
2025-11-24 01:56:25,clusterA,7,3,3,0,1.00,0.5,0.5,0.0,0.0,0.0
2025-11-24 01:56:25,cluster_A,7,1,1,0,1.00,0.5,0.5,0.0,0.0,0.0
2025-11-24 01:56:25,clusterB,7,4,4,0,1.00,0.5,0.5,0.0,0.0,0.0
2025-11-24 01:56:51,clusterA,7,3,3,0,1.00,0.5,0.5,0.0,0.0,0.0
2025-11-24 01:56:51,cluster_A,7,1,1,0,1.00,0.5,0.5,0.0,0.0,0.0
2025-11-24 01:56:51,clusterB,7,4,4,0,1.00,0.5,0.5,0.0,0.0,0.0
2025-11-24 01:57:16,clusterA,7,3,3,0,1.00,0.5,0.5,0.0,0.0,0.0
2025-11-24 01:57:16,cluster_A,7,1,1,0,1.00,0.5,0.5,0.0,0.0,0.0
2025-11-24 01:57:16,clusterB,7,4,4,0,1.00,0.5,0.5,0.0,0.0,0.0
2025-11-24 01:57:42,clusterA,7,3,3,0,1.00,0.5,0.5,0.0,0.0,0.0
2025-11-24 01:57:42,cluster_A,7,1,1,0,1.00,0.5,0.5,0.0,0.0,0.0
2025-11-24 01:57:42,clusterB,7,4,4,0,1.00,0.5,0.5,0.0,0.0,0.0
2025-11-24 01:58:07,clusterA,7,3,3,0,1.00,0.5,0.5,0.0,0.0,0.0
2025-11-24 01:58:07,cluster_A,7,1,1,0,1.00,0.5,0.5,0.0,0.0,0.0
2025-11-24 01:58:07,clusterB,7,4,4,0,1.00,0.5,0.5,0.0,0.0,0.0
2025-11-24 01:58:32,clusterA,7,3,3,0,1.00,0.5,0.5,0.0,0.0,0.0
2025-11-24 01:58:32,cluster_A,7,1,1,0,1.00,0.5,0.5,0.0,0.0,0.0
2025-11-24 01:58:32,clusterB,7,4,4,0,1.00,0.5,0.5,0.0,0.0,0.0
2025-11-24 01:58:58,clusterA,7,3,3,0,1.00,0.5,0.5,0.0,0.0,0.0
2025-11-24 01:58:58,cluster_A,7,1,1,0,1.00,0.5,0.5,0.0,0.0,0.0
2025-11-24 01:58:58,clusterB,7,4,4,0,1.00,0.5,0.5,0.0,0.0,0.0
2025-11-24 01:59:24,clusterA,7,3,3,0,1.00,0.5,0.5,0.0,0.0,0.0
2025-11-24 01:59:24,cluster_A,7,1,1,0,1.00,0.5,0.5,0.0,0.0,0.0
2025-11-24 01:59:24,clusterB,7,4,4,0,1.00,0.5,0.5,0.0,0.0,0.0
2025-11-24 01:59:50,clusterA,7,3,3,0,1.00,0.5,0.5,0.0,0.0,0.0
2025-11-24 01:59:50,cluster_A,7,1,1,0,1.00,0.5,0.5,0.0,0.0,0.0
2025-11-24 01:59:50,clusterB,7,4,4,0,1.00,0.5,0.5,0.0,0.0,0.0
2025-11-24 02:00:15,clusterA,7,3,3,0,1.00,0.5,0.5,0.0,0.0,0.0
2025-11-24 02:00:15,cluster_A,7,1,1,0,1.00,0.5,0.5,0.0,0.0,0.0
2025-11-24 02:00:15,clusterB,7,4,4,0,1.00,0.5,0.5,0.0,0.0,0.0
2025-11-24 02:00:41,clusterA,7,3,3,0,1.00,0.5,0.5,0.0,0.0,0.0
2025-11-24 02:00:41,cluster_A,7,1,1,0,1.00,0.5,0.5,0.0,0.0,0.0
2025-11-24 02:00:41,clusterB,7,4,4,0,1.00,0.5,0.5,0.0,0.0,0.0
2025-11-24 02:01:07,clusterA,7,3,3,0,1.00,0.5,0.5,0.0,0.0,0.0
2025-11-24 02:01:07,cluster_A,7,1,1,0,1.00,0.5,0.5,0.0,0.0,0.0
2025-11-24 02:01:07,clusterB,7,4,4,0,1.00,0.5,0.5,0.0,0.0,0.0
2025-11-24 02:01:33,clusterA,8,3,3,0,1.00,0.5,0.5,0.0,0.0,0.0
2025-11-24 02:01:33,cluster_A,8,1,1,0,1.00,0.5,0.5,0.0,0.0,0.0
2025-11-24 02:01:33,clusterB,8,4,4,0,1.00,0.5,0.5,0.0,0.0,0.0
2025-11-24 02:01:58,clusterA,8,3,3,0,1.00,0.5,0.5,0.0,0.0,0.0
2025-11-24 02:01:58,cluster_A,8,1,1,0,1.00,0.5,0.5,0.0,0.0,0.0
2025-11-24 02:01:58,clusterB,8,4,4,0,1.00,0.5,0.5,0.0,0.0,0.0
2025-11-24 02:02:24,clusterA,8,3,3,0,1.00,0.5,0.5,0.0,0.0,0.0
2025-11-24 02:02:24,cluster_A,8,1,1,0,1.00,0.5,0.5,0.0,0.0,0.0
2025-11-24 02:02:24,clusterB,8,4,4,0,1.00,0.5,0.5,0.0,0.0,0.0
2025-11-24 02:02:49,clusterA,9,3,3,0,1.00,0.5,0.5,0.0,0.0,0.0
2025-11-24 02:02:49,cluster_A,9,1,1,0,1.00,0.5,0.5,0.0,0.0,0.0
2025-11-24 02:02:49,clusterB,9,4,4,0,1.00,0.5,0.5,0.0,0.0,0.0
2025-11-24 02:03:13,clusterA,9,3,2,1,0.67,0.5,0.5,0.0,0.0,0.0
2025-11-24 02:03:13,cluster_A,9,1,1,0,1.00,0.5,0.5,0.0,0.0,0.0
2025-11-24 02:03:13,clusterB,9,4,4,0,1.00,0.5,0.5,0.0,0.0,0.0
2025-11-24 02:03:28,clusterA,9,3,3,0,1.00,0.5,0.5,0.0,0.0,0.0
2025-11-24 02:03:28,cluster_A,9,1,1,0,1.00,0.5,0.5,0.0,0.0,0.0
2025-11-24 02:03:28,clusterB,9,4,4,0,1.00,0.5,0.5,0.0,0.0,0.0
2025-11-24 02:03:53,clusterA,9,3,3,0,1.00,0.5,0.5,0.0,0.0,0.0
2025-11-24 02:03:53,cluster_A,9,1,1,0,1.00,0.5,0.5,0.0,0.0,0.0
2025-11-24 02:03:53,clusterB,9,4,4,0,1.00,0.5,0.5,0.0,0.0,0.0
2025-11-24 02:04:18,clusterA,9,3,3,0,1.00,0.5,0.5,0.0,0.0,0.0
2025-11-24 02:04:18,cluster_A,9,1,1,0,1.00,0.5,0.5,0.0,0.0,0.0
2025-11-24 02:04:18,clusterB,9,4,4,0,1.00,0.5,0.5,0.0,0.0,0.0
2025-11-24 02:04:43,clusterA,9,3,2,1,0.67,0.5,0.5,0.0,0.0,0.0
2025-11-24 02:04:43,cluster_A,9,1,1,0,1.00,0.5,0.5,0.0,0.0,0.0
2025-11-24 02:04:43,clusterB,9,4,3,1,0.75,0.5,0.5,0.0,0.0,0.0
2025-11-24 02:04:58,clusterA,9,3,3,0,1.00,0.5,0.5,0.0,0.0,0.0
2025-11-24 02:04:58,cluster_A,9,1,1,0,1.00,0.5,0.5,0.0,0.0,0.0
2025-11-24 02:04:58,clusterB,9,4,4,0,1.00,0.5,0.5,0.0,0.0,0.0
2025-11-24 02:05:23,clusterA,9,3,3,0,1.00,0.5,0.5,0.0,0.0,0.0
2025-11-24 02:05:23,cluster_A,9,1,1,0,1.00,0.5,0.5,0.0,0.0,0.0
2025-11-24 02:05:23,clusterB,9,4,4,0,1.00,0.5,0.5,0.0,0.0,0.0
2025-11-24 02:05:48,clusterA,9,3,3,0,1.00,0.5,0.5,0.0,0.0,0.0
2025-11-24 02:05:48,cluster_A,9,1,1,0,1.00,0.5,0.5,0.0,0.0,0.0
2025-11-24 02:05:48,clusterB,9,4,4,0,1.00,0.5,0.5,0.0,0.0,0.0
2025-11-24 02:06:13,clusterA,9,3,3,0,1.00,0.5,0.5,0.0,0.0,0.0
2025-11-24 02:06:13,cluster_A,9,1,1,0,1.00,0.5,0.5,0.0,0.0,0.0
2025-11-24 02:06:13,clusterB,9,4,3,1,0.75,0.5,0.5,0.0,0.0,0.0
2025-11-24 02:06:29,clusterA,8,3,3,0,1.00,0.5,0.5,0.0,0.0,0.0
2025-11-24 02:06:29,cluster_A,8,1,1,0,1.00,0.5,0.5,0.0,0.0,0.0
2025-11-24 02:06:29,clusterB,8,4,4,0,1.00,0.5,0.5,0.0,0.0,0.0
2025-11-24 02:06:53,clusterA,8,3,3,0,1.00,0.5,0.5,0.0,0.0,0.0
2025-11-24 02:06:53,cluster_A,8,1,1,0,1.00,0.5,0.5,0.0,0.0,0.0
2025-11-24 02:06:53,clusterB,8,4,3,1,0.75,0.5,0.5,0.0,0.0,0.0
2025-11-24 02:07:09,clusterA,7,3,3,0,1.00,0.5,0.5,0.0,0.0,0.0
2025-11-24 02:07:09,cluster_A,7,1,1,0,1.00,0.5,0.5,0.0,0.0,0.0
2025-11-24 02:07:09,clusterB,7,4,3,1,0.75,0.5,0.5,0.0,0.0,0.0
2025-11-24 02:07:34,clusterA,6,3,3,0,1.00,0.5,0.5,0.0,0.0,0.0
2025-11-24 02:07:34,cluster_A,6,1,1,0,1.00,0.5,0.5,0.0,0.0,0.0
2025-11-24 02:07:34,clusterB,6,4,4,0,1.00,0.5,0.5,0.0,0.0,0.0
2025-11-24 02:07:59,clusterA,7,3,3,0,1.00,0.5,0.5,0.0,0.0,0.0
2025-11-24 02:07:59,cluster_A,7,1,1,0,1.00,0.5,0.5,0.0,0.0,0.0
2025-11-24 02:07:59,clusterB,7,4,4,0,1.00,0.5,0.5,0.0,0.0,0.0
2025-11-24 02:08:24,clusterA,8,3,3,0,1.00,0.5,0.5,0.0,0.0,0.0
2025-11-24 02:08:24,cluster_A,8,1,1,0,1.00,0.5,0.5,0.0,0.0,0.0
2025-11-24 02:08:24,clusterB,8,4,4,0,1.00,0.5,0.5,0.0,0.0,0.0
2025-11-24 02:08:49,clusterA,8,3,3,0,1.00,0.5,0.5,0.0,0.0,0.0
2025-11-24 02:08:49,cluster_A,8,1,1,0,1.00,0.5,0.5,0.0,0.0,0.0
2025-11-24 02:08:49,clusterB,8,4,4,0,1.00,0.5,0.5,0.0,0.0,0.0
2025-11-24 02:09:14,clusterA,8,3,3,0,1.00,0.5,0.5,0.0,0.0,0.0
2025-11-24 02:09:14,cluster_A,8,1,1,0,1.00,0.5,0.5,0.0,0.0,0.0
2025-11-24 02:09:14,clusterB,8,4,4,0,1.00,0.5,0.5,0.0,0.0,0.0
2025-11-24 02:09:39,clusterA,8,3,2,1,0.67,0.5,0.5,0.0,0.0,0.0
2025-11-24 02:09:39,cluster_A,8,1,1,0,1.00,0.5,0.5,0.0,0.0,0.0
2025-11-24 02:09:39,clusterB,8,4,3,1,0.75,0.5,0.5,0.0,0.0,0.0
2025-11-24 02:09:55,clusterA,7,3,3,0,1.00,0.5,0.5,0.0,0.0,0.0
2025-11-24 02:09:55,cluster_A,7,1,1,0,1.00,0.5,0.5,0.0,0.0,0.0
2025-11-24 02:09:55,clusterB,7,4,4,0,1.00,0.5,0.5,0.0,0.0,0.0
2025-11-24 02:10:20,clusterA,7,3,2,1,0.67,0.5,0.5,0.0,0.0,0.0
2025-11-24 02:10:20,cluster_A,7,1,1,0,1.00,0.5,0.5,0.0,0.0,0.0
2025-11-24 02:10:20,clusterB,7,4,3,1,0.75,0.5,0.5,0.0,0.0,0.0
2025-11-24 02:10:36,clusterA,7,3,2,1,0.67,0.5,0.5,0.0,0.0,0.0
2025-11-24 02:10:36,cluster_A,7,1,1,0,1.00,0.5,0.5,0.0,0.0,0.0
2025-11-24 02:10:36,clusterB,7,4,3,1,0.75,0.5,0.5,0.0,0.0,0.0
2025-11-24 02:10:52,clusterA,6,3,2,1,0.67,0.5,0.5,0.0,0.0,0.0
2025-11-24 02:10:52,cluster_A,6,1,1,0,1.00,0.5,0.5,0.0,0.0,0.0
2025-11-24 02:10:52,clusterB,6,4,4,0,1.00,0.5,0.5,0.0,0.0,0.0
2025-11-24 02:11:07,clusterA,5,3,2,1,0.67,0.5,0.5,0.0,0.0,0.0
2025-11-24 02:11:07,cluster_A,5,1,1,0,1.00,0.5,0.5,0.0,0.0,0.0
2025-11-24 02:11:07,clusterB,5,4,3,1,0.75,0.5,0.5,0.0,0.0,0.0
2025-11-24 02:11:23,clusterA,3,3,3,0,1.00,0.5,0.5,0.0,0.0,0.0
2025-11-24 02:11:23,cluster_A,3,1,1,0,1.00,0.5,0.5,0.0,0.0,0.0
2025-11-24 02:11:23,clusterB,3,4,4,0,1.00,0.5,0.5,0.0,0.0,0.0
2025-11-24 02:11:48,clusterA,3,3,2,1,0.67,0.5,0.5,0.0,0.0,0.0
2025-11-24 02:11:48,cluster_A,3,1,1,0,1.00,0.5,0.5,0.0,0.0,0.0
2025-11-24 02:11:48,clusterB,3,4,4,0,1.00,0.5,0.5,0.0,0.0,0.0
2025-11-24 02:12:14,clusterA,2,3,3,0,1.00,0.5,0.5,0.0,0.0,0.0
2025-11-24 02:12:14,cluster_A,2,1,1,0,1.00,0.5,0.5,0.0,0.0,0.0
2025-11-24 02:12:14,clusterB,2,4,4,0,1.00,0.5,0.5,0.0,0.0,0.0
2025-11-24 02:12:41,clusterA,2,3,3,0,1.00,0.5,0.5,0.0,0.0,0.0
2025-11-24 02:12:41,cluster_A,2,1,1,0,1.00,0.5,0.5,0.0,0.0,0.0
2025-11-24 02:12:41,clusterB,2,4,4,0,1.00,0.5,0.5,0.0,0.0,0.0
2025-11-24 02:13:07,clusterA,2,3,3,0,1.00,0.5,0.5,0.0,0.0,0.0
2025-11-24 02:13:07,cluster_A,2,1,1,0,1.00,0.5,0.5,0.0,0.0,0.0
2025-11-24 02:13:07,clusterB,2,4,4,0,1.00,0.5,0.5,0.0,0.0,0.0
2025-11-24 02:13:33,clusterA,2,3,3,0,1.00,0.5,0.5,0.0,0.0,0.0
2025-11-24 02:13:33,cluster_A,2,1,1,0,1.00,0.5,0.5,0.0,0.0,0.0
2025-11-24 02:13:33,clusterB,2,4,4,0,1.00,0.5,0.5,0.0,0.0,0.0
2025-11-24 02:13:58,clusterA,2,3,3,0,1.00,0.5,0.5,0.0,0.0,0.0
2025-11-24 02:13:58,cluster_A,2,1,1,0,1.00,0.5,0.5,0.0,0.0,0.0
2025-11-24 02:13:58,clusterB,2,4,4,0,1.00,0.5,0.5,0.0,0.0,0.0
2025-11-24 02:14:22,clusterA,2,3,3,0,1.00,0.5,0.5,0.0,0.0,0.0
2025-11-24 02:14:22,cluster_A,2,1,1,0,1.00,0.5,0.5,0.0,0.0,0.0
2025-11-24 02:14:22,clusterB,2,4,4,0,1.00,0.5,0.5,0.0,0.0,0.0
2025-11-24 02:14:48,clusterA,2,3,3,0,1.00,0.5,0.5,0.0,0.0,0.0
2025-11-24 02:14:48,cluster_A,2,1,1,0,1.00,0.5,0.5,0.0,0.0,0.0
2025-11-24 02:14:48,clusterB,2,4,4,0,1.00,0.5,0.5,0.0,0.0,0.0
2025-11-24 02:15:12,clusterA,2,3,3,0,1.00,0.5,0.5,0.0,0.0,0.0
2025-11-24 02:15:12,cluster_A,2,1,1,0,1.00,0.5,0.5,0.0,0.0,0.0
2025-11-24 02:15:12,clusterB,2,4,4,0,1.00,0.5,0.5,0.0,0.0,0.0
2025-11-24 02:15:36,clusterA,2,3,3,0,1.00,0.5,0.5,0.0,0.0,0.0
2025-11-24 02:15:36,cluster_A,2,1,1,0,1.00,0.5,0.5,0.0,0.0,0.0
2025-11-24 02:15:36,clusterB,2,4,4,0,1.00,0.5,0.5,0.0,0.0,0.0
2025-11-24 02:16:01,clusterA,2,3,3,0,1.00,0.5,0.5,0.0,0.0,0.0
2025-11-24 02:16:01,cluster_A,2,1,1,0,1.00,0.5,0.5,0.0,0.0,0.0
2025-11-24 02:16:01,clusterB,2,4,4,0,1.00,0.5,0.5,0.0,0.0,0.0
2025-11-24 02:16:26,clusterA,2,3,3,0,1.00,0.5,0.5,0.0,0.0,0.0
2025-11-24 02:16:26,cluster_A,2,1,1,0,1.00,0.5,0.5,0.0,0.0,0.0
2025-11-24 02:16:26,clusterB,2,4,4,0,1.00,0.5,0.5,0.0,0.0,0.0
2025-11-24 02:16:51,clusterA,2,3,3,0,1.00,0.5,0.5,0.0,0.0,0.0
2025-11-24 02:16:51,cluster_A,2,1,1,0,1.00,0.5,0.5,0.0,0.0,0.0
2025-11-24 02:16:51,clusterB,2,4,4,0,1.00,0.5,0.5,0.0,0.0,0.0
2025-11-24 02:17:16,clusterA,2,3,3,0,1.00,0.5,0.5,0.0,0.0,0.0
2025-11-24 02:17:16,cluster_A,2,1,1,0,1.00,0.5,0.5,0.0,0.0,0.0
2025-11-24 02:17:16,clusterB,2,4,4,0,1.00,0.5,0.5,0.0,0.0,0.0
2025-11-24 02:17:41,clusterA,2,3,3,0,1.00,0.5,0.5,0.0,0.0,0.0
2025-11-24 02:17:41,cluster_A,2,1,1,0,1.00,0.5,0.5,0.0,0.0,0.0
2025-11-24 02:17:41,clusterB,2,4,4,0,1.00,0.5,0.5,0.0,0.0,0.0
2025-11-24 02:18:07,clusterA,2,3,3,0,1.00,0.5,0.5,0.0,0.0,0.0
2025-11-24 02:18:07,cluster_A,2,1,1,0,1.00,0.5,0.5,0.0,0.0,0.0
2025-11-24 02:18:07,clusterB,2,4,4,0,1.00,0.5,0.5,0.0,0.0,0.0
2025-11-24 02:18:33,clusterA,2,3,3,0,1.00,0.5,0.5,0.0,0.0,0.0
2025-11-24 02:18:33,cluster_A,2,1,1,0,1.00,0.5,0.5,0.0,0.0,0.0
2025-11-24 02:18:33,clusterB,2,4,4,0,1.00,0.5,0.5,0.0,0.0,0.0
2025-11-24 02:18:58,clusterA,2,3,3,0,1.00,0.5,0.5,0.0,0.0,0.0
2025-11-24 02:18:58,cluster_A,2,1,1,0,1.00,0.5,0.5,0.0,0.0,0.0
2025-11-24 02:18:58,clusterB,2,4,4,0,1.00,0.5,0.5,0.0,0.0,0.0
2025-11-24 02:19:23,clusterA,2,3,3,0,1.00,0.5,0.5,0.0,0.0,0.0
2025-11-24 02:19:23,cluster_A,2,1,1,0,1.00,0.5,0.5,0.0,0.0,0.0
2025-11-24 02:19:23,clusterB,2,4,4,0,1.00,0.5,0.5,0.0,0.0,0.0
2025-11-24 02:19:48,clusterA,2,3,3,0,1.00,0.5,0.5,0.0,0.0,0.0
2025-11-24 02:19:48,cluster_A,2,1,1,0,1.00,0.5,0.5,0.0,0.0,0.0
2025-11-24 02:19:48,clusterB,2,4,4,0,1.00,0.5,0.5,0.0,0.0,0.0
2025-11-24 02:20:13,clusterA,2,3,3,0,1.00,0.5,0.5,0.0,0.0,0.0
2025-11-24 02:20:13,cluster_A,2,1,1,0,1.00,0.5,0.5,0.0,0.0,0.0
2025-11-24 02:20:13,clusterB,2,4,4,0,1.00,0.5,0.5,0.0,0.0,0.0
2025-11-24 02:20:38,clusterA,2,3,3,0,1.00,0.5,0.5,0.0,0.0,0.0
2025-11-24 02:20:38,cluster_A,2,1,1,0,1.00,0.5,0.5,0.0,0.0,0.0
2025-11-24 02:20:38,clusterB,2,4,4,0,1.00,0.5,0.5,0.0,0.0,0.0
2025-11-24 02:21:03,clusterA,2,3,3,0,1.00,0.5,0.5,0.0,0.0,0.0
2025-11-24 02:21:03,cluster_A,2,1,1,0,1.00,0.5,0.5,0.0,0.0,0.0
2025-11-24 02:21:03,clusterB,2,4,4,0,1.00,0.5,0.5,0.0,0.0,0.0
2025-11-24 02:21:27,clusterA,2,3,3,0,1.00,0.5,0.5,0.0,0.0,0.0
2025-11-24 02:21:27,cluster_A,2,1,1,0,1.00,0.5,0.5,0.0,0.0,0.0
2025-11-24 02:21:27,clusterB,2,4,4,0,1.00,0.5,0.5,0.0,0.0,0.0
2025-11-24 02:21:52,clusterA,2,3,3,0,1.00,0.5,0.5,0.0,0.0,0.0
2025-11-24 02:21:52,cluster_A,2,1,1,0,1.00,0.5,0.5,0.0,0.0,0.0
2025-11-24 02:21:52,clusterB,2,4,4,0,1.00,0.5,0.5,0.0,0.0,0.0
2025-11-24 02:22:17,clusterA,2,3,3,0,1.00,0.5,0.5,0.0,0.0,0.0
2025-11-24 02:22:17,cluster_A,2,1,1,0,1.00,0.5,0.5,0.0,0.0,0.0
2025-11-24 02:22:17,clusterB,2,4,4,0,1.00,0.5,0.5,0.0,0.0,0.0
2025-11-24 02:22:42,clusterA,2,3,3,0,1.00,0.5,0.5,0.0,0.0,0.0
2025-11-24 02:22:42,cluster_A,2,1,1,0,1.00,0.5,0.5,0.0,0.0,0.0
2025-11-24 02:22:42,clusterB,2,4,4,0,1.00,0.5,0.5,0.0,0.0,0.0
2025-11-24 02:23:07,clusterA,2,3,3,0,1.00,0.5,0.5,0.0,0.0,0.0
2025-11-24 02:23:07,cluster_A,2,1,1,0,1.00,0.5,0.5,0.0,0.0,0.0
2025-11-24 02:23:07,clusterB,2,4,4,0,1.00,0.5,0.5,0.0,0.0,0.0
2025-11-24 02:23:32,clusterA,2,3,3,0,1.00,0.5,0.5,0.0,0.0,0.0
2025-11-24 02:23:32,cluster_A,2,1,1,0,1.00,0.5,0.5,0.0,0.0,0.0
2025-11-24 02:23:32,clusterB,2,4,4,0,1.00,0.5,0.5,0.0,0.0,0.0
2025-11-24 02:23:57,clusterA,2,3,3,0,1.00,0.5,0.5,0.0,0.0,0.0
2025-11-24 02:23:57,cluster_A,2,1,1,0,1.00,0.5,0.5,0.0,0.0,0.0
2025-11-24 02:23:57,clusterB,2,4,4,0,1.00,0.5,0.5,0.0,0.0,0.0
2025-11-24 02:24:23,clusterA,2,3,3,0,1.00,0.5,0.5,0.0,0.0,0.0
2025-11-24 02:24:23,cluster_A,2,1,1,0,1.00,0.5,0.5,0.0,0.0,0.0
2025-11-24 02:24:23,clusterB,2,4,4,0,1.00,0.5,0.5,0.0,0.0,0.0
2025-11-24 02:24:48,clusterA,2,3,3,0,1.00,0.5,0.5,0.0,0.0,0.0
2025-11-24 02:24:48,cluster_A,2,1,1,0,1.00,0.5,0.5,0.0,0.0,0.0
2025-11-24 02:24:48,clusterB,2,4,4,0,1.00,0.5,0.5,0.0,0.0,0.0
2025-11-24 02:25:14,clusterA,2,3,3,0,1.00,0.5,0.5,0.0,0.0,0.0
2025-11-24 02:25:14,cluster_A,2,1,1,0,1.00,0.5,0.5,0.0,0.0,0.0
2025-11-24 02:25:14,clusterB,2,4,4,0,1.00,0.5,0.5,0.0,0.0,0.0
2025-11-24 02:25:39,clusterA,2,3,3,0,1.00,0.5,0.5,0.0,0.0,0.0
2025-11-24 02:25:39,cluster_A,2,1,1,0,1.00,0.5,0.5,0.0,0.0,0.0
2025-11-24 02:25:39,clusterB,2,4,4,0,1.00,0.5,0.5,0.0,0.0,0.0
2025-11-24 02:26:04,clusterA,2,3,3,0,1.00,0.5,0.5,0.0,0.0,0.0
2025-11-24 02:26:04,cluster_A,2,1,1,0,1.00,0.5,0.5,0.0,0.0,0.0
2025-11-24 02:26:04,clusterB,2,4,4,0,1.00,0.5,0.5,0.0,0.0,0.0
2025-11-24 02:26:29,clusterA,2,3,3,0,1.00,0.5,0.5,0.0,0.0,0.0
2025-11-24 02:26:29,cluster_A,2,1,1,0,1.00,0.5,0.5,0.0,0.0,0.0
2025-11-24 02:26:29,clusterB,2,4,4,0,1.00,0.5,0.5,0.0,0.0,0.0
2025-11-24 02:26:55,clusterA,2,3,3,0,1.00,0.5,0.5,0.0,0.0,0.0
2025-11-24 02:26:55,cluster_A,2,1,1,0,1.00,0.5,0.5,0.0,0.0,0.0
2025-11-24 02:26:55,clusterB,2,4,4,0,1.00,0.5,0.5,0.0,0.0,0.0
2025-11-24 02:27:20,clusterA,2,3,3,0,1.00,0.5,0.5,0.0,0.0,0.0
2025-11-24 02:27:20,cluster_A,2,1,1,0,1.00,0.5,0.5,0.0,0.0,0.0
2025-11-24 02:27:20,clusterB,2,4,4,0,1.00,0.5,0.5,0.0,0.0,0.0
2025-11-24 02:27:45,clusterA,2,3,3,0,1.00,0.5,0.5,0.0,0.0,0.0
2025-11-24 02:27:45,cluster_A,2,1,1,0,1.00,0.5,0.5,0.0,0.0,0.0
2025-11-24 02:27:45,clusterB,2,4,4,0,1.00,0.5,0.5,0.0,0.0,0.0
2025-11-24 02:28:10,clusterA,2,3,3,0,1.00,0.5,0.5,0.0,0.0,0.0
2025-11-24 02:28:10,cluster_A,2,1,1,0,1.00,0.5,0.5,0.0,0.0,0.0
2025-11-24 02:28:10,clusterB,2,4,4,0,1.00,0.5,0.5,0.0,0.0,0.0
2025-11-24 02:28:35,clusterA,2,3,3,0,1.00,0.5,0.5,0.0,0.0,0.0
2025-11-24 02:28:35,cluster_A,2,1,1,0,1.00,0.5,0.5,0.0,0.0,0.0
2025-11-24 02:28:35,clusterB,2,4,3,1,0.75,0.5,0.5,0.0,0.0,0.0
2025-11-24 02:29:01,clusterA,1,3,3,0,1.00,0.5,0.5,0.0,0.0,0.0
2025-11-24 02:29:01,cluster_A,1,1,1,0,1.00,0.5,0.5,0.0,0.0,0.0
2025-11-24 02:29:01,clusterB,1,4,4,0,1.00,0.5,0.5,0.0,0.0,0.0
2025-11-24 02:29:26,clusterA,1,3,3,0,1.00,0.5,0.5,0.0,0.0,0.0
2025-11-24 02:29:26,cluster_A,1,1,1,0,1.00,0.5,0.5,0.0,0.0,0.0
2025-11-24 02:29:26,clusterB,1,4,4,0,1.00,0.5,0.5,0.0,0.0,0.0
2025-11-24 02:29:51,clusterA,1,3,3,0,1.00,0.5,0.5,0.0,0.0,0.0
2025-11-24 02:29:51,cluster_A,1,1,1,0,1.00,0.5,0.5,0.0,0.0,0.0
2025-11-24 02:29:51,clusterB,1,4,4,0,1.00,0.5,0.5,0.0,0.0,0.0
2025-11-24 02:30:16,clusterA,1,3,3,0,1.00,0.5,0.5,0.0,0.0,0.0
2025-11-24 02:30:16,cluster_A,1,1,1,0,1.00,0.5,0.5,0.0,0.0,0.0
2025-11-24 02:30:16,clusterB,1,4,4,0,1.00,0.5,0.5,0.0,0.0,0.0
2025-11-24 02:30:40,clusterA,1,3,3,0,1.00,0.5,0.5,0.0,0.0,0.0
2025-11-24 02:30:40,cluster_A,1,1,1,0,1.00,0.5,0.5,0.0,0.0,0.0
2025-11-24 02:30:40,clusterB,1,4,4,0,1.00,0.5,0.5,0.0,0.0,0.0
2025-11-24 02:31:05,clusterA,2,3,3,0,1.00,0.5,0.5,0.0,0.0,0.0
2025-11-24 02:31:05,cluster_A,2,1,1,0,1.00,0.5,0.5,0.0,0.0,0.0
2025-11-24 02:31:05,clusterB,2,4,4,0,1.00,0.5,0.5,0.0,0.0,0.0
2025-11-24 02:31:30,clusterA,3,3,3,0,1.00,0.5,0.5,0.0,0.0,0.0
2025-11-24 02:31:30,cluster_A,3,1,1,0,1.00,0.5,0.5,0.0,0.0,0.0
2025-11-24 02:31:30,clusterB,3,4,4,0,1.00,0.5,0.5,0.0,0.0,0.0
2025-11-24 02:31:55,clusterA,3,3,3,0,1.00,0.5,0.5,0.0,0.0,0.0
2025-11-24 02:31:55,cluster_A,3,1,1,0,1.00,0.5,0.5,0.0,0.0,0.0
2025-11-24 02:31:55,clusterB,3,4,4,0,1.00,0.5,0.5,0.0,0.0,0.0
2025-11-24 02:32:19,clusterA,3,3,3,0,1.00,0.5,0.5,0.0,0.0,0.0
2025-11-24 02:32:19,cluster_A,3,1,1,0,1.00,0.5,0.5,0.0,0.0,0.0
2025-11-24 02:32:19,clusterB,3,4,4,0,1.00,0.5,0.5,0.0,0.0,0.0
2025-11-24 02:32:44,clusterA,3,3,3,0,1.00,0.5,0.5,0.0,0.0,0.0
2025-11-24 02:32:44,cluster_A,3,1,1,0,1.00,0.5,0.5,0.0,0.0,0.0
2025-11-24 02:32:44,clusterB,3,4,4,0,1.00,0.5,0.5,0.0,0.0,0.0
2025-11-24 02:33:10,clusterA,3,3,3,0,1.00,0.5,0.5,0.0,0.0,0.0
2025-11-24 02:33:10,cluster_A,3,1,1,0,1.00,0.5,0.5,0.0,0.0,0.0
2025-11-24 02:33:10,clusterB,3,4,4,0,1.00,0.5,0.5,0.0,0.0,0.0
2025-11-24 02:33:36,clusterA,3,3,3,0,1.00,0.5,0.5,0.0,0.0,0.0
2025-11-24 02:33:36,cluster_A,3,1,1,0,1.00,0.5,0.5,0.0,0.0,0.0
2025-11-24 02:33:36,clusterB,3,4,4,0,1.00,0.5,0.5,0.0,0.0,0.0
2025-11-24 02:34:01,clusterA,3,3,3,0,1.00,0.5,0.5,0.0,0.0,0.0
2025-11-24 02:34:01,cluster_A,3,1,1,0,1.00,0.5,0.5,0.0,0.0,0.0
2025-11-24 02:34:01,clusterB,3,4,4,0,1.00,0.5,0.5,0.0,0.0,0.0
2025-11-24 02:34:26,clusterA,3,3,3,0,1.00,0.5,0.5,0.0,0.0,0.0
2025-11-24 02:34:26,cluster_A,3,1,1,0,1.00,0.5,0.5,0.0,0.0,0.0
2025-11-24 02:34:26,clusterB,3,4,4,0,1.00,0.5,0.5,0.0,0.0,0.0
2025-11-24 02:34:52,clusterA,3,3,3,0,1.00,0.5,0.5,0.0,0.0,0.0
2025-11-24 02:34:52,cluster_A,3,1,1,0,1.00,0.5,0.5,0.0,0.0,0.0
2025-11-24 02:34:52,clusterB,3,4,4,0,1.00,0.5,0.5,0.0,0.0,0.0
2025-11-24 02:35:18,clusterA,3,3,3,0,1.00,0.5,0.5,0.0,0.0,0.0
2025-11-24 02:35:18,cluster_A,3,1,1,0,1.00,0.5,0.5,0.0,0.0,0.0
2025-11-24 02:35:18,clusterB,3,4,4,0,1.00,0.5,0.5,0.0,0.0,0.0
2025-11-24 02:35:43,clusterA,3,3,3,0,1.00,0.5,0.5,0.0,0.0,0.0
2025-11-24 02:35:43,cluster_A,3,1,1,0,1.00,0.5,0.5,0.0,0.0,0.0
2025-11-24 02:35:43,clusterB,3,4,4,0,1.00,0.5,0.5,0.0,0.0,0.0
2025-11-24 02:36:07,clusterA,3,3,3,0,1.00,0.5,0.5,0.0,0.0,0.0
2025-11-24 02:36:07,cluster_A,3,1,1,0,1.00,0.5,0.5,0.0,0.0,0.0
2025-11-24 02:36:07,clusterB,3,4,4,0,1.00,0.5,0.5,0.0,0.0,0.0
2025-11-24 02:36:32,clusterA,3,3,3,0,1.00,0.5,0.5,0.0,0.0,0.0
2025-11-24 02:36:32,cluster_A,3,1,1,0,1.00,0.5,0.5,0.0,0.0,0.0
2025-11-24 02:36:32,clusterB,3,4,4,0,1.00,0.5,0.5,0.0,0.0,0.0
2025-11-24 02:36:56,clusterA,3,3,3,0,1.00,0.5,0.5,0.0,0.0,0.0
2025-11-24 02:36:56,cluster_A,3,1,1,0,1.00,0.5,0.5,0.0,0.0,0.0
2025-11-24 02:36:56,clusterB,3,4,4,0,1.00,0.5,0.5,0.0,0.0,0.0
2025-11-24 02:37:20,clusterA,3,3,3,0,1.00,0.5,0.5,0.0,0.0,0.0
2025-11-24 02:37:20,cluster_A,3,1,1,0,1.00,0.5,0.5,0.0,0.0,0.0
2025-11-24 02:37:20,clusterB,3,4,4,0,1.00,0.5,0.5,0.0,0.0,0.0
2025-11-24 02:37:45,clusterA,3,3,3,0,1.00,0.5,0.5,0.0,0.0,0.0
2025-11-24 02:37:45,cluster_A,3,1,1,0,1.00,0.5,0.5,0.0,0.0,0.0
2025-11-24 02:37:45,clusterB,3,4,4,0,1.00,0.5,0.5,0.0,0.0,0.0
2025-11-24 02:38:10,clusterA,3,3,3,0,1.00,0.5,0.5,0.0,0.0,0.0
2025-11-24 02:38:10,cluster_A,3,1,1,0,1.00,0.5,0.5,0.0,0.0,0.0
2025-11-24 02:38:10,clusterB,3,4,4,0,1.00,0.5,0.5,0.0,0.0,0.0
2025-11-24 02:38:34,clusterA,3,3,3,0,1.00,0.5,0.5,0.0,0.0,0.0
2025-11-24 02:38:34,cluster_A,3,1,1,0,1.00,0.5,0.5,0.0,0.0,0.0
2025-11-24 02:38:34,clusterB,3,4,4,0,1.00,0.5,0.5,0.0,0.0,0.0
2025-11-24 02:39:00,clusterA,3,3,3,0,1.00,0.5,0.5,0.0,0.0,0.0
2025-11-24 02:39:00,cluster_A,3,1,1,0,1.00,0.5,0.5,0.0,0.0,0.0
2025-11-24 02:39:00,clusterB,3,4,4,0,1.00,0.5,0.5,0.0,0.0,0.0
2025-11-24 02:39:24,clusterA,3,3,3,0,1.00,0.5,0.5,0.0,0.0,0.0
2025-11-24 02:39:24,cluster_A,3,1,1,0,1.00,0.5,0.5,0.0,0.0,0.0
2025-11-24 02:39:24,clusterB,3,4,4,0,1.00,0.5,0.5,0.0,0.0,0.0
2025-11-24 02:39:49,clusterA,4,3,3,0,1.00,0.5,0.5,0.0,0.0,0.0
2025-11-24 02:39:49,cluster_A,4,1,1,0,1.00,0.5,0.5,0.0,0.0,0.0
2025-11-24 02:39:49,clusterB,4,4,4,0,1.00,0.5,0.5,0.0,0.0,0.0
2025-11-24 02:40:14,clusterA,4,3,3,0,1.00,0.5,0.5,0.0,0.0,0.0
2025-11-24 02:40:14,cluster_A,4,1,1,0,1.00,0.5,0.5,0.0,0.0,0.0
2025-11-24 02:40:14,clusterB,4,4,4,0,1.00,0.5,0.5,0.0,0.0,0.0
2025-11-24 02:40:39,clusterA,4,3,3,0,1.00,0.5,0.5,0.0,0.0,0.0
2025-11-24 02:40:39,cluster_A,4,1,1,0,1.00,0.5,0.5,0.0,0.0,0.0
2025-11-24 02:40:39,clusterB,4,4,4,0,1.00,0.5,0.5,0.0,0.0,0.0
2025-11-24 02:41:04,clusterA,4,3,3,0,1.00,0.5,0.5,0.0,0.0,0.0
2025-11-24 02:41:04,cluster_A,4,1,1,0,1.00,0.5,0.5,0.0,0.0,0.0
2025-11-24 02:41:04,clusterB,4,4,4,0,1.00,0.5,0.5,0.0,0.0,0.0
2025-11-24 02:41:30,clusterA,4,3,3,0,1.00,0.5,0.5,0.0,0.0,0.0
2025-11-24 02:41:30,cluster_A,4,1,1,0,1.00,0.5,0.5,0.0,0.0,0.0
2025-11-24 02:41:30,clusterB,4,4,4,0,1.00,0.5,0.5,0.0,0.0,0.0
2025-11-24 02:41:55,clusterA,4,3,3,0,1.00,0.5,0.5,0.0,0.0,0.0
2025-11-24 02:41:55,cluster_A,4,1,1,0,1.00,0.5,0.5,0.0,0.0,0.0
2025-11-24 02:41:55,clusterB,4,4,4,0,1.00,0.5,0.5,0.0,0.0,0.0
2025-11-24 02:42:20,clusterA,4,3,3,0,1.00,0.5,0.5,0.0,0.0,0.0
2025-11-24 02:42:20,cluster_A,4,1,1,0,1.00,0.5,0.5,0.0,0.0,0.0
2025-11-24 02:42:20,clusterB,4,4,4,0,1.00,0.5,0.5,0.0,0.0,0.0
2025-11-24 02:42:46,clusterA,4,3,3,0,1.00,0.5,0.5,0.0,0.0,0.0
2025-11-24 02:42:46,cluster_A,4,1,1,0,1.00,0.5,0.5,0.0,0.0,0.0
2025-11-24 02:42:46,clusterB,4,4,4,0,1.00,0.5,0.5,0.0,0.0,0.0
2025-11-24 02:43:10,clusterA,4,3,3,0,1.00,0.5,0.5,0.0,0.0,0.0
2025-11-24 02:43:10,cluster_A,4,1,1,0,1.00,0.5,0.5,0.0,0.0,0.0
2025-11-24 02:43:10,clusterB,4,4,4,0,1.00,0.5,0.5,0.0,0.0,0.0
2025-11-24 02:43:35,clusterA,4,3,3,0,1.00,0.5,0.5,0.0,0.0,0.0
2025-11-24 02:43:35,cluster_A,4,1,1,0,1.00,0.5,0.5,0.0,0.0,0.0
2025-11-24 02:43:35,clusterB,4,4,4,0,1.00,0.5,0.5,0.0,0.0,0.0
2025-11-24 02:44:00,clusterA,4,3,3,0,1.00,0.5,0.5,0.0,0.0,0.0
2025-11-24 02:44:00,cluster_A,4,1,1,0,1.00,0.5,0.5,0.0,0.0,0.0
2025-11-24 02:44:00,clusterB,4,4,4,0,1.00,0.5,0.5,0.0,0.0,0.0
2025-11-24 02:44:25,clusterA,4,3,3,0,1.00,0.5,0.5,0.0,0.0,0.0
2025-11-24 02:44:25,cluster_A,4,1,1,0,1.00,0.5,0.5,0.0,0.0,0.0
2025-11-24 02:44:25,clusterB,4,4,4,0,1.00,0.5,0.5,0.0,0.0,0.0
2025-11-24 02:44:49,clusterA,4,3,3,0,1.00,0.5,0.5,0.0,0.0,0.0
2025-11-24 02:44:49,cluster_A,4,1,1,0,1.00,0.5,0.5,0.0,0.0,0.0
2025-11-24 02:44:49,clusterB,4,4,4,0,1.00,0.5,0.5,0.0,0.0,0.0
2025-11-24 02:45:14,clusterA,4,3,3,0,1.00,0.5,0.5,0.0,0.0,0.0
2025-11-24 02:45:14,cluster_A,4,1,1,0,1.00,0.5,0.5,0.0,0.0,0.0
2025-11-24 02:45:14,clusterB,4,4,4,0,1.00,0.5,0.5,0.0,0.0,0.0
2025-11-24 02:45:38,clusterA,4,3,3,0,1.00,0.5,0.5,0.0,0.0,0.0
2025-11-24 02:45:38,cluster_A,4,1,1,0,1.00,0.5,0.5,0.0,0.0,0.0
2025-11-24 02:45:38,clusterB,4,4,4,0,1.00,0.5,0.5,0.0,0.0,0.0
2025-11-24 02:46:03,clusterA,4,3,3,0,1.00,0.5,0.5,0.0,0.0,0.0
2025-11-24 02:46:03,cluster_A,4,1,1,0,1.00,0.5,0.5,0.0,0.0,0.0
2025-11-24 02:46:03,clusterB,4,4,4,0,1.00,0.5,0.5,0.0,0.0,0.0
2025-11-24 02:46:27,clusterA,4,3,3,0,1.00,0.5,0.5,0.0,0.0,0.0
2025-11-24 02:46:27,cluster_A,4,1,1,0,1.00,0.5,0.5,0.0,0.0,0.0
2025-11-24 02:46:27,clusterB,4,4,4,0,1.00,0.5,0.5,0.0,0.0,0.0
2025-11-24 02:46:52,clusterA,4,3,3,0,1.00,0.5,0.5,0.0,0.0,0.0
2025-11-24 02:46:52,cluster_A,4,1,1,0,1.00,0.5,0.5,0.0,0.0,0.0
2025-11-24 02:46:52,clusterB,4,4,4,0,1.00,0.5,0.5,0.0,0.0,0.0
2025-11-24 02:47:17,clusterA,4,3,3,0,1.00,0.5,0.5,0.0,0.0,0.0
2025-11-24 02:47:17,cluster_A,4,1,1,0,1.00,0.5,0.5,0.0,0.0,0.0
2025-11-24 02:47:17,clusterB,4,4,4,0,1.00,0.5,0.5,0.0,0.0,0.0
2025-11-24 02:47:41,clusterA,4,3,3,0,1.00,0.5,0.5,0.0,0.0,0.0
2025-11-24 02:47:41,cluster_A,4,1,1,0,1.00,0.5,0.5,0.0,0.0,0.0
2025-11-24 02:47:41,clusterB,4,4,4,0,1.00,0.5,0.5,0.0,0.0,0.0
2025-11-24 02:48:05,clusterA,4,3,3,0,1.00,0.5,0.5,0.0,0.0,0.0
2025-11-24 02:48:05,cluster_A,4,1,1,0,1.00,0.5,0.5,0.0,0.0,0.0
2025-11-24 02:48:05,clusterB,4,4,4,0,1.00,0.5,0.5,0.0,0.0,0.0
2025-11-24 02:48:30,clusterA,4,3,3,0,1.00,0.5,0.5,0.0,0.0,0.0
2025-11-24 02:48:30,cluster_A,4,1,1,0,1.00,0.5,0.5,0.0,0.0,0.0
2025-11-24 02:48:30,clusterB,4,4,4,0,1.00,0.5,0.5,0.0,0.0,0.0
2025-11-24 02:48:55,clusterA,4,3,3,0,1.00,0.5,0.5,0.0,0.0,0.0
2025-11-24 02:48:55,cluster_A,4,1,1,0,1.00,0.5,0.5,0.0,0.0,0.0
2025-11-24 02:48:55,clusterB,4,4,4,0,1.00,0.5,0.5,0.0,0.0,0.0
2025-11-24 02:49:20,clusterA,4,3,3,0,1.00,0.5,0.5,0.0,0.0,0.0
2025-11-24 02:49:20,cluster_A,4,1,1,0,1.00,0.5,0.5,0.0,0.0,0.0
2025-11-24 02:49:20,clusterB,4,4,4,0,1.00,0.5,0.5,0.0,0.0,0.0
2025-11-24 02:49:45,clusterA,4,3,3,0,1.00,0.5,0.5,0.0,0.0,0.0
2025-11-24 02:49:45,cluster_A,4,1,1,0,1.00,0.5,0.5,0.0,0.0,0.0
2025-11-24 02:49:45,clusterB,4,4,4,0,1.00,0.5,0.5,0.0,0.0,0.0
2025-11-24 02:50:10,clusterA,4,3,3,0,1.00,0.5,0.5,0.0,0.0,0.0
2025-11-24 02:50:10,cluster_A,4,1,1,0,1.00,0.5,0.5,0.0,0.0,0.0
2025-11-24 02:50:10,clusterB,4,4,4,0,1.00,0.5,0.5,0.0,0.0,0.0
2025-11-24 02:50:34,clusterA,4,3,3,0,1.00,0.5,0.5,0.0,0.0,0.0
2025-11-24 02:50:34,cluster_A,4,1,1,0,1.00,0.5,0.5,0.0,0.0,0.0
2025-11-24 02:50:34,clusterB,4,4,4,0,1.00,0.5,0.5,0.0,0.0,0.0
2025-11-24 02:50:59,clusterA,4,3,3,0,1.00,0.5,0.5,0.0,0.0,0.0
2025-11-24 02:50:59,cluster_A,4,1,1,0,1.00,0.5,0.5,0.0,0.0,0.0
2025-11-24 02:50:59,clusterB,4,4,4,0,1.00,0.5,0.5,0.0,0.0,0.0
2025-11-24 02:51:24,clusterA,4,3,3,0,1.00,0.5,0.5,0.0,0.0,0.0
2025-11-24 02:51:24,cluster_A,4,1,1,0,1.00,0.5,0.5,0.0,0.0,0.0
2025-11-24 02:51:24,clusterB,4,4,4,0,1.00,0.5,0.5,0.0,0.0,0.0
2025-11-24 02:51:48,clusterA,4,3,3,0,1.00,0.5,0.5,0.0,0.0,0.0
2025-11-24 02:51:48,cluster_A,4,1,1,0,1.00,0.5,0.5,0.0,0.0,0.0
2025-11-24 02:51:48,clusterB,4,4,4,0,1.00,0.5,0.5,0.0,0.0,0.0
2025-11-24 02:52:15,clusterA,4,3,3,0,1.00,0.5,0.5,0.0,0.0,0.0
2025-11-24 02:52:15,cluster_A,4,1,1,0,1.00,0.5,0.5,0.0,0.0,0.0
2025-11-24 02:52:15,clusterB,4,4,4,0,1.00,0.5,0.5,0.0,0.0,0.0
2025-11-24 02:52:39,clusterA,4,3,3,0,1.00,0.5,0.5,0.0,0.0,0.0
2025-11-24 02:52:39,cluster_A,4,1,1,0,1.00,0.5,0.5,0.0,0.0,0.0
2025-11-24 02:52:39,clusterB,4,4,4,0,1.00,0.5,0.5,0.0,0.0,0.0
2025-11-24 02:53:05,clusterA,4,3,3,0,1.00,0.5,0.5,0.0,0.0,0.0
2025-11-24 02:53:05,cluster_A,4,1,1,0,1.00,0.5,0.5,0.0,0.0,0.0
2025-11-24 02:53:05,clusterB,4,4,4,0,1.00,0.5,0.5,0.0,0.0,0.0
2025-11-24 02:53:31,clusterA,4,3,3,0,1.00,0.5,0.5,0.0,0.0,0.0
2025-11-24 02:53:31,cluster_A,4,1,1,0,1.00,0.5,0.5,0.0,0.0,0.0
2025-11-24 02:53:31,clusterB,4,4,4,0,1.00,0.5,0.5,0.0,0.0,0.0
2025-11-24 02:53:56,clusterA,4,3,3,0,1.00,0.5,0.5,0.0,0.0,0.0
2025-11-24 02:53:56,cluster_A,4,1,1,0,1.00,0.5,0.5,0.0,0.0,0.0
2025-11-24 02:53:56,clusterB,4,4,4,0,1.00,0.5,0.5,0.0,0.0,0.0
2025-11-24 02:54:21,clusterA,4,3,3,0,1.00,0.5,0.5,0.0,0.0,0.0
2025-11-24 02:54:21,cluster_A,4,1,1,0,1.00,0.5,0.5,0.0,0.0,0.0
2025-11-24 02:54:21,clusterB,4,4,4,0,1.00,0.5,0.5,0.0,0.0,0.0
2025-11-24 02:54:46,clusterA,4,3,3,0,1.00,0.5,0.5,0.0,0.0,0.0
2025-11-24 02:54:46,cluster_A,4,1,1,0,1.00,0.5,0.5,0.0,0.0,0.0
2025-11-24 02:54:46,clusterB,4,4,4,0,1.00,0.5,0.5,0.0,0.0,0.0
2025-11-24 02:55:12,clusterA,4,3,3,0,1.00,0.5,0.5,0.0,0.0,0.0
2025-11-24 02:55:12,cluster_A,4,1,1,0,1.00,0.5,0.5,0.0,0.0,0.0
2025-11-24 02:55:12,clusterB,4,4,4,0,1.00,0.5,0.5,0.0,0.0,0.0
2025-11-24 02:55:37,clusterA,4,3,3,0,1.00,0.5,0.5,0.0,0.0,0.0
2025-11-24 02:55:37,cluster_A,4,1,1,0,1.00,0.5,0.5,0.0,0.0,0.0
2025-11-24 02:55:37,clusterB,4,4,4,0,1.00,0.5,0.5,0.0,0.0,0.0
2025-11-24 02:56:03,clusterA,4,3,3,0,1.00,0.5,0.5,0.0,0.0,0.0
2025-11-24 02:56:03,cluster_A,4,1,1,0,1.00,0.5,0.5,0.0,0.0,0.0
2025-11-24 02:56:03,clusterB,4,4,4,0,1.00,0.5,0.5,0.0,0.0,0.0
2025-11-24 02:56:28,clusterA,4,3,3,0,1.00,0.5,0.5,0.0,0.0,0.0
2025-11-24 02:56:28,cluster_A,4,1,1,0,1.00,0.5,0.5,0.0,0.0,0.0
2025-11-24 02:56:28,clusterB,4,4,4,0,1.00,0.5,0.5,0.0,0.0,0.0
2025-11-24 02:56:54,clusterA,4,3,3,0,1.00,0.5,0.5,0.0,0.0,0.0
2025-11-24 02:56:54,cluster_A,4,1,1,0,1.00,0.5,0.5,0.0,0.0,0.0
2025-11-24 02:56:54,clusterB,4,4,4,0,1.00,0.5,0.5,0.0,0.0,0.0
2025-11-24 02:57:19,clusterA,5,3,3,0,1.00,0.5,0.5,0.0,0.0,0.0
2025-11-24 02:57:19,cluster_A,5,1,1,0,1.00,0.5,0.5,0.0,0.0,0.0
2025-11-24 02:57:19,clusterB,5,4,4,0,1.00,0.5,0.5,0.0,0.0,0.0
2025-11-24 02:57:44,clusterA,5,3,3,0,1.00,0.5,0.5,0.0,0.0,0.0
2025-11-24 02:57:44,cluster_A,5,1,1,0,1.00,0.5,0.5,0.0,0.0,0.0
2025-11-24 02:57:44,clusterB,5,4,4,0,1.00,0.5,0.5,0.0,0.0,0.0
2025-11-24 02:58:08,clusterA,5,3,3,0,1.00,0.5,0.5,0.0,0.0,0.0
2025-11-24 02:58:08,cluster_A,5,1,1,0,1.00,0.5,0.5,0.0,0.0,0.0
2025-11-24 02:58:08,clusterB,5,4,4,0,1.00,0.5,0.5,0.0,0.0,0.0
2025-11-24 02:58:33,clusterA,5,3,3,0,1.00,0.5,0.5,0.0,0.0,0.0
2025-11-24 02:58:33,cluster_A,5,1,1,0,1.00,0.5,0.5,0.0,0.0,0.0
2025-11-24 02:58:33,clusterB,5,4,4,0,1.00,0.5,0.5,0.0,0.0,0.0
2025-11-24 02:58:58,clusterA,5,3,3,0,1.00,0.5,0.5,0.0,0.0,0.0
2025-11-24 02:58:58,cluster_A,5,1,1,0,1.00,0.5,0.5,0.0,0.0,0.0
2025-11-24 02:58:58,clusterB,5,4,4,0,1.00,0.5,0.5,0.0,0.0,0.0
2025-11-24 02:59:24,clusterA,5,3,3,0,1.00,0.5,0.5,0.0,0.0,0.0
2025-11-24 02:59:24,cluster_A,5,1,1,0,1.00,0.5,0.5,0.0,0.0,0.0
2025-11-24 02:59:24,clusterB,5,4,4,0,1.00,0.5,0.5,0.0,0.0,0.0
2025-11-24 02:59:49,clusterA,5,3,3,0,1.00,0.5,0.5,0.0,0.0,0.0
2025-11-24 02:59:49,cluster_A,5,1,1,0,1.00,0.5,0.5,0.0,0.0,0.0
2025-11-24 02:59:49,clusterB,5,4,4,0,1.00,0.5,0.5,0.0,0.0,0.0
2025-11-24 03:00:14,clusterA,5,3,3,0,1.00,0.5,0.5,0.0,0.0,0.0
2025-11-24 03:00:14,cluster_A,5,1,1,0,1.00,0.5,0.5,0.0,0.0,0.0
2025-11-24 03:00:14,clusterB,5,4,4,0,1.00,0.5,0.5,0.0,0.0,0.0
2025-11-24 03:00:39,clusterA,5,3,3,0,1.00,0.5,0.5,0.0,0.0,0.0
2025-11-24 03:00:39,cluster_A,5,1,1,0,1.00,0.5,0.5,0.0,0.0,0.0
2025-11-24 03:00:39,clusterB,5,4,4,0,1.00,0.5,0.5,0.0,0.0,0.0
2025-11-24 03:01:05,clusterA,5,3,3,0,1.00,0.5,0.5,0.0,0.0,0.0
2025-11-24 03:01:05,cluster_A,5,1,1,0,1.00,0.5,0.5,0.0,0.0,0.0
2025-11-24 03:01:05,clusterB,5,4,4,0,1.00,0.5,0.5,0.0,0.0,0.0
2025-11-24 03:01:31,clusterA,5,3,3,0,1.00,0.5,0.5,0.0,0.0,0.0
2025-11-24 03:01:31,cluster_A,5,1,1,0,1.00,0.5,0.5,0.0,0.0,0.0
2025-11-24 03:01:31,clusterB,5,4,4,0,1.00,0.5,0.5,0.0,0.0,0.0
2025-11-24 03:01:55,clusterA,5,3,3,0,1.00,0.5,0.5,0.0,0.0,0.0
2025-11-24 03:01:55,cluster_A,5,1,1,0,1.00,0.5,0.5,0.0,0.0,0.0
2025-11-24 03:01:55,clusterB,5,4,4,0,1.00,0.5,0.5,0.0,0.0,0.0
2025-11-24 03:02:20,clusterA,5,3,3,0,1.00,0.5,0.5,0.0,0.0,0.0
2025-11-24 03:02:20,cluster_A,5,1,1,0,1.00,0.5,0.5,0.0,0.0,0.0
2025-11-24 03:02:20,clusterB,5,4,4,0,1.00,0.5,0.5,0.0,0.0,0.0
2025-11-24 03:02:45,clusterA,5,3,3,0,1.00,0.5,0.5,0.0,0.0,0.0
2025-11-24 03:02:45,cluster_A,5,1,1,0,1.00,0.5,0.5,0.0,0.0,0.0
2025-11-24 03:02:45,clusterB,5,4,4,0,1.00,0.5,0.5,0.0,0.0,0.0
2025-11-24 03:03:09,clusterA,5,3,3,0,1.00,0.5,0.5,0.0,0.0,0.0
2025-11-24 03:03:09,cluster_A,5,1,1,0,1.00,0.5,0.5,0.0,0.0,0.0
2025-11-24 03:03:09,clusterB,5,4,4,0,1.00,0.5,0.5,0.0,0.0,0.0
2025-11-24 03:03:35,clusterA,5,3,3,0,1.00,0.5,0.5,0.0,0.0,0.0
2025-11-24 03:03:35,cluster_A,5,1,1,0,1.00,0.5,0.5,0.0,0.0,0.0
2025-11-24 03:03:35,clusterB,5,4,4,0,1.00,0.5,0.5,0.0,0.0,0.0
2025-11-24 03:04:00,clusterA,5,3,3,0,1.00,0.5,0.5,0.0,0.0,0.0
2025-11-24 03:04:00,cluster_A,5,1,1,0,1.00,0.5,0.5,0.0,0.0,0.0
2025-11-24 03:04:00,clusterB,5,4,4,0,1.00,0.5,0.5,0.0,0.0,0.0
2025-11-24 03:04:25,clusterA,5,3,3,0,1.00,0.5,0.5,0.0,0.0,0.0
2025-11-24 03:04:25,cluster_A,5,1,1,0,1.00,0.5,0.5,0.0,0.0,0.0
2025-11-24 03:04:25,clusterB,5,4,4,0,1.00,0.5,0.5,0.0,0.0,0.0
2025-11-24 03:04:50,clusterA,5,3,3,0,1.00,0.5,0.5,0.0,0.0,0.0
2025-11-24 03:04:50,cluster_A,5,1,1,0,1.00,0.5,0.5,0.0,0.0,0.0
2025-11-24 03:04:50,clusterB,5,4,4,0,1.00,0.5,0.5,0.0,0.0,0.0
2025-11-24 03:05:15,clusterA,5,3,3,0,1.00,0.5,0.5,0.0,0.0,0.0
2025-11-24 03:05:15,cluster_A,5,1,1,0,1.00,0.5,0.5,0.0,0.0,0.0
2025-11-24 03:05:15,clusterB,5,4,4,0,1.00,0.5,0.5,0.0,0.0,0.0
2025-11-24 03:05:40,clusterA,5,3,3,0,1.00,0.5,0.5,0.0,0.0,0.0
2025-11-24 03:05:40,cluster_A,5,1,1,0,1.00,0.5,0.5,0.0,0.0,0.0
2025-11-24 03:05:40,clusterB,5,4,4,0,1.00,0.5,0.5,0.0,0.0,0.0
2025-11-24 03:06:05,clusterA,5,3,3,0,1.00,0.5,0.5,0.0,0.0,0.0
2025-11-24 03:06:05,cluster_A,5,1,1,0,1.00,0.5,0.5,0.0,0.0,0.0
2025-11-24 03:06:05,clusterB,5,4,4,0,1.00,0.5,0.5,0.0,0.0,0.0
2025-11-24 03:06:29,clusterA,6,3,3,0,1.00,0.5,0.5,0.0,0.0,0.0
2025-11-24 03:06:29,cluster_A,6,1,1,0,1.00,0.5,0.5,0.0,0.0,0.0
2025-11-24 03:06:29,clusterB,6,4,4,0,1.00,0.5,0.5,0.0,0.0,0.0
2025-11-24 03:06:54,clusterA,6,3,3,0,1.00,0.5,0.5,0.0,0.0,0.0
2025-11-24 03:06:54,cluster_A,6,1,1,0,1.00,0.5,0.5,0.0,0.0,0.0
2025-11-24 03:06:54,clusterB,6,4,4,0,1.00,0.5,0.5,0.0,0.0,0.0
2025-11-24 03:07:18,clusterA,6,3,3,0,1.00,0.5,0.5,0.0,0.0,0.0
2025-11-24 03:07:18,cluster_A,6,1,1,0,1.00,0.5,0.5,0.0,0.0,0.0
2025-11-24 03:07:18,clusterB,6,4,4,0,1.00,0.5,0.5,0.0,0.0,0.0
2025-11-24 03:07:43,clusterA,6,3,3,0,1.00,0.5,0.5,0.0,0.0,0.0
2025-11-24 03:07:43,cluster_A,6,1,1,0,1.00,0.5,0.5,0.0,0.0,0.0
2025-11-24 03:07:43,clusterB,6,4,4,0,1.00,0.5,0.5,0.0,0.0,0.0
2025-11-24 03:08:08,clusterA,6,3,3,0,1.00,0.5,0.5,0.0,0.0,0.0
2025-11-24 03:08:08,cluster_A,6,1,1,0,1.00,0.5,0.5,0.0,0.0,0.0
2025-11-24 03:08:08,clusterB,6,4,4,0,1.00,0.5,0.5,0.0,0.0,0.0
2025-11-24 03:08:34,clusterA,6,3,3,0,1.00,0.5,0.5,0.0,0.0,0.0
2025-11-24 03:08:34,cluster_A,6,1,1,0,1.00,0.5,0.5,0.0,0.0,0.0
2025-11-24 03:08:34,clusterB,6,4,4,0,1.00,0.5,0.5,0.0,0.0,0.0
2025-11-24 03:08:58,clusterA,6,3,3,0,1.00,0.5,0.5,0.0,0.0,0.0
2025-11-24 03:08:58,cluster_A,6,1,1,0,1.00,0.5,0.5,0.0,0.0,0.0
2025-11-24 03:08:58,clusterB,6,4,4,0,1.00,0.5,0.5,0.0,0.0,0.0
2025-11-24 03:09:24,clusterA,6,3,3,0,1.00,0.5,0.5,0.0,0.0,0.0
2025-11-24 03:09:24,cluster_A,6,1,1,0,1.00,0.5,0.5,0.0,0.0,0.0
2025-11-24 03:09:24,clusterB,6,4,4,0,1.00,0.5,0.5,0.0,0.0,0.0
2025-11-24 03:09:49,clusterA,6,3,3,0,1.00,0.5,0.5,0.0,0.0,0.0
2025-11-24 03:09:49,cluster_A,6,1,1,0,1.00,0.5,0.5,0.0,0.0,0.0
2025-11-24 03:09:49,clusterB,6,4,4,0,1.00,0.5,0.5,0.0,0.0,0.0
2025-11-24 03:10:14,clusterA,6,3,3,0,1.00,0.5,0.5,0.0,0.0,0.0
2025-11-24 03:10:14,cluster_A,6,1,1,0,1.00,0.5,0.5,0.0,0.0,0.0
2025-11-24 03:10:14,clusterB,6,4,4,0,1.00,0.5,0.5,0.0,0.0,0.0
2025-11-24 03:10:39,clusterA,6,3,3,0,1.00,0.5,0.5,0.0,0.0,0.0
2025-11-24 03:10:39,cluster_A,6,1,1,0,1.00,0.5,0.5,0.0,0.0,0.0
2025-11-24 03:10:39,clusterB,6,4,4,0,1.00,0.5,0.5,0.0,0.0,0.0
2025-11-24 03:11:04,clusterA,6,3,3,0,1.00,0.5,0.5,0.0,0.0,0.0
2025-11-24 03:11:04,cluster_A,6,1,1,0,1.00,0.5,0.5,0.0,0.0,0.0
2025-11-24 03:11:04,clusterB,6,4,4,0,1.00,0.5,0.5,0.0,0.0,0.0
2025-11-24 03:11:28,clusterA,6,3,3,0,1.00,0.5,0.5,0.0,0.0,0.0
2025-11-24 03:11:28,cluster_A,6,1,1,0,1.00,0.5,0.5,0.0,0.0,0.0
2025-11-24 03:11:28,clusterB,6,4,4,0,1.00,0.5,0.5,0.0,0.0,0.0
2025-11-24 03:11:53,clusterA,6,3,3,0,1.00,0.5,0.5,0.0,0.0,0.0
2025-11-24 03:11:53,cluster_A,6,1,1,0,1.00,0.5,0.5,0.0,0.0,0.0
2025-11-24 03:11:53,clusterB,6,4,4,0,1.00,0.5,0.5,0.0,0.0,0.0
2025-11-24 03:12:18,clusterA,6,3,3,0,1.00,0.5,0.5,0.0,0.0,0.0
2025-11-24 03:12:18,cluster_A,6,1,1,0,1.00,0.5,0.5,0.0,0.0,0.0
2025-11-24 03:12:18,clusterB,6,4,4,0,1.00,0.5,0.5,0.0,0.0,0.0
2025-11-24 03:12:43,clusterA,6,3,3,0,1.00,0.5,0.5,0.0,0.0,0.0
2025-11-24 03:12:43,cluster_A,6,1,1,0,1.00,0.5,0.5,0.0,0.0,0.0
2025-11-24 03:12:43,clusterB,6,4,4,0,1.00,0.5,0.5,0.0,0.0,0.0
2025-11-24 03:13:06,clusterA,6,3,3,0,1.00,0.5,0.5,0.0,0.0,0.0
2025-11-24 03:13:06,cluster_A,6,1,1,0,1.00,0.5,0.5,0.0,0.0,0.0
2025-11-24 03:13:06,clusterB,6,4,4,0,1.00,0.5,0.5,0.0,0.0,0.0
2025-11-24 03:13:30,clusterA,7,3,3,0,1.00,0.5,0.5,0.0,0.0,0.0
2025-11-24 03:13:30,cluster_A,7,1,1,0,1.00,0.5,0.5,0.0,0.0,0.0
2025-11-24 03:13:30,clusterB,7,4,4,0,1.00,0.5,0.5,0.0,0.0,0.0
2025-11-24 03:13:55,clusterA,7,3,3,0,1.00,0.5,0.5,0.0,0.0,0.0
2025-11-24 03:13:55,cluster_A,7,1,1,0,1.00,0.5,0.5,0.0,0.0,0.0
2025-11-24 03:13:55,clusterB,7,4,4,0,1.00,0.5,0.5,0.0,0.0,0.0
2025-11-24 03:14:19,clusterA,7,3,3,0,1.00,0.5,0.5,0.0,0.0,0.0
2025-11-24 03:14:19,cluster_A,7,1,1,0,1.00,0.5,0.5,0.0,0.0,0.0
2025-11-24 03:14:19,clusterB,7,4,4,0,1.00,0.5,0.5,0.0,0.0,0.0
2025-11-24 03:14:43,clusterA,7,3,2,1,0.67,0.5,0.5,0.0,0.0,0.0
2025-11-24 03:14:43,cluster_A,7,1,1,0,1.00,0.5,0.5,0.0,0.0,0.0
2025-11-24 03:14:43,clusterB,7,4,4,0,1.00,0.5,0.5,0.0,0.0,0.0
2025-11-24 03:15:05,clusterA,6,3,3,0,1.00,0.5,0.5,0.0,0.0,0.0
2025-11-24 03:15:05,cluster_A,6,1,1,0,1.00,0.5,0.5,0.0,0.0,0.0
2025-11-24 03:15:05,clusterB,6,4,4,0,1.00,0.5,0.5,0.0,0.0,0.0
2025-11-24 03:15:30,clusterA,6,3,3,0,1.00,0.5,0.5,0.0,0.0,0.0
2025-11-24 03:15:30,cluster_A,6,1,1,0,1.00,0.5,0.5,0.0,0.0,0.0
2025-11-24 03:15:30,clusterB,6,4,4,0,1.00,0.5,0.5,0.0,0.0,0.0
2025-11-24 03:15:55,clusterA,6,3,3,0,1.00,0.5,0.5,0.0,0.0,0.0
2025-11-24 03:15:55,cluster_A,6,1,1,0,1.00,0.5,0.5,0.0,0.0,0.0
2025-11-24 03:15:55,clusterB,6,4,4,0,1.00,0.5,0.5,0.0,0.0,0.0
2025-11-24 03:16:20,clusterA,6,3,3,0,1.00,0.5,0.5,0.0,0.0,0.0
2025-11-24 03:16:20,cluster_A,6,1,1,0,1.00,0.5,0.5,0.0,0.0,0.0
2025-11-24 03:16:20,clusterB,6,4,4,0,1.00,0.5,0.5,0.0,0.0,0.0
2025-11-24 03:16:45,clusterA,6,3,3,0,1.00,0.5,0.5,0.0,0.0,0.0
2025-11-24 03:16:45,cluster_A,6,1,1,0,1.00,0.5,0.5,0.0,0.0,0.0
2025-11-24 03:16:45,clusterB,6,4,4,0,1.00,0.5,0.5,0.0,0.0,0.0
2025-11-24 03:17:09,clusterA,6,3,3,0,1.00,0.5,0.5,0.0,0.0,0.0
2025-11-24 03:17:09,cluster_A,6,1,1,0,1.00,0.5,0.5,0.0,0.0,0.0
2025-11-24 03:17:09,clusterB,6,4,4,0,1.00,0.5,0.5,0.0,0.0,0.0
2025-11-24 03:17:34,clusterA,6,3,3,0,1.00,0.5,0.5,0.0,0.0,0.0
2025-11-24 03:17:34,cluster_A,6,1,1,0,1.00,0.5,0.5,0.0,0.0,0.0
2025-11-24 03:17:34,clusterB,6,4,4,0,1.00,0.5,0.5,0.0,0.0,0.0
2025-11-24 03:17:57,clusterA,6,3,3,0,1.00,0.5,0.5,0.0,0.0,0.0
2025-11-24 03:17:57,cluster_A,6,1,1,0,1.00,0.5,0.5,0.0,0.0,0.0
2025-11-24 03:17:57,clusterB,6,4,4,0,1.00,0.5,0.5,0.0,0.0,0.0
2025-11-24 03:18:20,clusterA,6,3,3,0,1.00,0.5,0.5,0.0,0.0,0.0
2025-11-24 03:18:20,cluster_A,6,1,1,0,1.00,0.5,0.5,0.0,0.0,0.0
2025-11-24 03:18:20,clusterB,6,4,4,0,1.00,0.5,0.5,0.0,0.0,0.0
2025-11-24 03:18:43,clusterA,7,3,3,0,1.00,0.5,0.5,0.0,0.0,0.0
2025-11-24 03:18:43,cluster_A,7,1,1,0,1.00,0.5,0.5,0.0,0.0,0.0
2025-11-24 03:18:43,clusterB,7,4,4,0,1.00,0.5,0.5,0.0,0.0,0.0
2025-11-24 03:19:06,clusterA,7,3,3,0,1.00,0.5,0.5,0.0,0.0,0.0
2025-11-24 03:19:06,cluster_A,7,1,1,0,1.00,0.5,0.5,0.0,0.0,0.0
2025-11-24 03:19:06,clusterB,7,4,4,0,1.00,0.5,0.5,0.0,0.0,0.0
2025-11-24 03:19:29,clusterA,8,3,3,0,1.00,0.5,0.5,0.0,0.0,0.0
2025-11-24 03:19:29,cluster_A,8,1,1,0,1.00,0.5,0.5,0.0,0.0,0.0
2025-11-24 03:19:29,clusterB,8,4,4,0,1.00,0.5,0.5,0.0,0.0,0.0
2025-11-24 03:19:52,clusterA,8,3,3,0,1.00,0.5,0.5,0.0,0.0,0.0
2025-11-24 03:19:52,cluster_A,8,1,1,0,1.00,0.5,0.5,0.0,0.0,0.0
2025-11-24 03:19:52,clusterB,8,4,4,0,1.00,0.5,0.5,0.0,0.0,0.0
2025-11-24 03:20:15,clusterA,8,3,3,0,1.00,0.5,0.5,0.0,0.0,0.0
2025-11-24 03:20:15,cluster_A,8,1,1,0,1.00,0.5,0.5,0.0,0.0,0.0
2025-11-24 03:20:15,clusterB,8,4,4,0,1.00,0.5,0.5,0.0,0.0,0.0
2025-11-24 03:20:39,clusterA,9,3,3,0,1.00,0.5,0.5,0.0,0.0,0.0
2025-11-24 03:20:39,cluster_A,9,1,1,0,1.00,0.5,0.5,0.0,0.0,0.0
2025-11-24 03:20:39,clusterB,9,4,4,0,1.00,0.5,0.5,0.0,0.0,0.0
2025-11-24 03:21:01,clusterA,10,3,3,0,1.00,0.5,0.5,0.0,0.0,0.0
2025-11-24 03:21:01,cluster_A,10,1,1,0,1.00,0.5,0.5,0.0,0.0,0.0
2025-11-24 03:21:01,clusterB,10,4,4,0,1.00,0.5,0.5,0.0,0.0,0.0
2025-11-24 03:21:24,clusterA,10,3,3,0,1.00,0.5,0.5,0.0,0.0,0.0
2025-11-24 03:21:24,cluster_A,10,1,1,0,1.00,0.5,0.5,0.0,0.0,0.0
2025-11-24 03:21:24,clusterB,10,4,4,0,1.00,0.5,0.5,0.0,0.0,0.0
2025-11-24 03:21:47,clusterA,10,3,3,0,1.00,0.5,0.5,0.0,0.0,0.0
2025-11-24 03:21:47,cluster_A,10,1,1,0,1.00,0.5,0.5,0.0,0.0,0.0
2025-11-24 03:21:47,clusterB,10,4,4,0,1.00,0.5,0.5,0.0,0.0,0.0
2025-11-24 03:22:10,clusterA,10,3,3,0,1.00,0.5,0.5,0.0,0.0,0.0
2025-11-24 03:22:10,cluster_A,10,1,0,1,0.00,0.5,0.5,0.0,0.0,0.0
2025-11-24 03:22:10,clusterB,10,4,4,0,1.00,0.5,0.5,0.0,0.0,0.0
2025-11-24 03:22:33,clusterA,9,3,3,0,1.00,0.5,0.5,0.0,0.0,0.0
2025-11-24 03:22:33,cluster_A,9,1,1,0,1.00,0.5,0.5,0.0,0.0,0.0
2025-11-24 03:22:33,clusterB,9,4,4,0,1.00,0.5,0.5,0.0,0.0,0.0
2025-11-24 03:22:56,clusterA,9,3,3,0,1.00,0.5,0.5,0.0,0.0,0.0
2025-11-24 03:22:56,cluster_A,9,1,1,0,1.00,0.5,0.5,0.0,0.0,0.0
2025-11-24 03:22:56,clusterB,9,4,4,0,1.00,0.5,0.5,0.0,0.0,0.0
2025-11-24 03:23:21,clusterA,9,3,3,0,1.00,0.5,0.5,0.0,0.0,0.0
2025-11-24 03:23:21,cluster_A,9,1,1,0,1.00,0.5,0.5,0.0,0.0,0.0
2025-11-24 03:23:21,clusterB,9,4,4,0,1.00,0.5,0.5,0.0,0.0,0.0
2025-11-24 03:23:44,clusterA,9,3,3,0,1.00,0.5,0.5,0.0,0.0,0.0
2025-11-24 03:23:44,cluster_A,9,1,1,0,1.00,0.5,0.5,0.0,0.0,0.0
2025-11-24 03:23:44,clusterB,9,4,4,0,1.00,0.5,0.5,0.0,0.0,0.0
2025-11-24 03:24:07,clusterA,9,3,3,0,1.00,0.5,0.5,0.0,0.0,0.0
2025-11-24 03:24:07,cluster_A,9,1,1,0,1.00,0.5,0.5,0.0,0.0,0.0
2025-11-24 03:24:07,clusterB,9,4,4,0,1.00,0.5,0.5,0.0,0.0,0.0
2025-11-24 03:24:30,clusterA,9,3,3,0,1.00,0.5,0.5,0.0,0.0,0.0
2025-11-24 03:24:30,cluster_A,9,1,1,0,1.00,0.5,0.5,0.0,0.0,0.0
2025-11-24 03:24:30,clusterB,9,4,4,0,1.00,0.5,0.5,0.0,0.0,0.0
2025-11-24 03:24:53,clusterA,9,3,3,0,1.00,0.5,0.5,0.0,0.0,0.0
2025-11-24 03:24:53,cluster_A,9,1,1,0,1.00,0.5,0.5,0.0,0.0,0.0
2025-11-24 03:24:53,clusterB,9,4,4,0,1.00,0.5,0.5,0.0,0.0,0.0
2025-11-24 03:25:16,clusterA,9,3,3,0,1.00,0.5,0.5,0.0,0.0,0.0
2025-11-24 03:25:16,cluster_A,9,1,1,0,1.00,0.5,0.5,0.0,0.0,0.0
2025-11-24 03:25:16,clusterB,9,4,4,0,1.00,0.5,0.5,0.0,0.0,0.0
2025-11-24 03:25:39,clusterA,9,3,3,0,1.00,0.5,0.5,0.0,0.0,0.0
2025-11-24 03:25:39,cluster_A,9,1,1,0,1.00,0.5,0.5,0.0,0.0,0.0
2025-11-24 03:25:39,clusterB,9,4,4,0,1.00,0.5,0.5,0.0,0.0,0.0
2025-11-24 03:26:02,clusterA,9,3,3,0,1.00,0.5,0.5,0.0,0.0,0.0
2025-11-24 03:26:02,cluster_A,9,1,1,0,1.00,0.5,0.5,0.0,0.0,0.0
2025-11-24 03:26:02,clusterB,9,4,3,1,0.75,0.5,0.5,0.0,0.0,0.0
2025-11-24 03:26:25,clusterA,8,3,3,0,1.00,0.5,0.5,0.0,0.0,0.0
2025-11-24 03:26:25,cluster_A,8,1,1,0,1.00,0.5,0.5,0.0,0.0,0.0
2025-11-24 03:26:25,clusterB,8,4,4,0,1.00,0.5,0.5,0.0,0.0,0.0
2025-11-24 03:26:48,clusterA,8,3,3,0,1.00,0.5,0.5,0.0,0.0,0.0
2025-11-24 03:26:48,cluster_A,8,1,1,0,1.00,0.5,0.5,0.0,0.0,0.0
2025-11-24 03:26:48,clusterB,8,4,4,0,1.00,0.5,0.5,0.0,0.0,0.0
2025-11-24 03:27:10,clusterA,8,3,3,0,1.00,0.5,0.5,0.0,0.0,0.0
2025-11-24 03:27:10,cluster_A,8,1,1,0,1.00,0.5,0.5,0.0,0.0,0.0
2025-11-24 03:27:10,clusterB,8,4,4,0,1.00,0.5,0.5,0.0,0.0,0.0
2025-11-24 03:27:33,clusterA,8,3,3,0,1.00,0.5,0.5,0.0,0.0,0.0
2025-11-24 03:27:33,cluster_A,8,1,1,0,1.00,0.5,0.5,0.0,0.0,0.0
2025-11-24 03:27:33,clusterB,8,4,4,0,1.00,0.5,0.5,0.0,0.0,0.0
2025-11-24 03:27:55,clusterA,8,3,3,0,1.00,0.5,0.5,0.0,0.0,0.0
2025-11-24 03:27:55,cluster_A,8,1,1,0,1.00,0.5,0.5,0.0,0.0,0.0
2025-11-24 03:27:55,clusterB,8,4,4,0,1.00,0.5,0.5,0.0,0.0,0.0
2025-11-24 03:28:17,clusterA,8,3,3,0,1.00,0.5,0.5,0.0,0.0,0.0
2025-11-24 03:28:17,cluster_A,8,1,1,0,1.00,0.5,0.5,0.0,0.0,0.0
2025-11-24 03:28:17,clusterB,8,4,4,0,1.00,0.5,0.5,0.0,0.0,0.0
2025-11-24 03:28:40,clusterA,8,3,3,0,1.00,0.5,0.5,0.0,0.0,0.0
2025-11-24 03:28:40,cluster_A,8,1,1,0,1.00,0.5,0.5,0.0,0.0,0.0
2025-11-24 03:28:40,clusterB,8,4,4,0,1.00,0.5,0.5,0.0,0.0,0.0
2025-11-24 03:29:03,clusterA,8,3,3,0,1.00,0.5,0.5,0.0,0.0,0.0
2025-11-24 03:29:03,cluster_A,8,1,1,0,1.00,0.5,0.5,0.0,0.0,0.0
2025-11-24 03:29:03,clusterB,8,4,4,0,1.00,0.5,0.5,0.0,0.0,0.0
2025-11-24 03:29:26,clusterA,9,3,3,0,1.00,0.5,0.5,0.0,0.0,0.0
2025-11-24 03:29:26,cluster_A,9,1,1,0,1.00,0.5,0.5,0.0,0.0,0.0
2025-11-24 03:29:26,clusterB,9,4,4,0,1.00,0.5,0.5,0.0,0.0,0.0
2025-11-24 03:29:48,clusterA,10,3,3,0,1.00,0.5,0.5,0.0,0.0,0.0
2025-11-24 03:29:48,cluster_A,10,1,1,0,1.00,0.5,0.5,0.0,0.0,0.0
2025-11-24 03:29:48,clusterB,10,4,4,0,1.00,0.5,0.5,0.0,0.0,0.0
2025-11-24 03:30:09,clusterA,10,3,3,0,1.00,0.5,0.5,0.0,0.0,0.0
2025-11-24 03:30:09,cluster_A,10,1,1,0,1.00,0.5,0.5,0.0,0.0,0.0
2025-11-24 03:30:09,clusterB,10,4,4,0,1.00,0.5,0.5,0.0,0.0,0.0
2025-11-24 03:30:31,clusterA,10,3,3,0,1.00,0.5,0.5,0.0,0.0,0.0
2025-11-24 03:30:31,cluster_A,10,1,1,0,1.00,0.5,0.5,0.0,0.0,0.0
2025-11-24 03:30:31,clusterB,10,4,4,0,1.00,0.5,0.5,0.0,0.0,0.0
2025-11-24 03:30:52,clusterA,10,3,3,0,1.00,0.5,0.5,0.0,0.0,0.0
2025-11-24 03:30:52,cluster_A,10,1,1,0,1.00,0.5,0.5,0.0,0.0,0.0
2025-11-24 03:30:52,clusterB,10,4,4,0,1.00,0.5,0.5,0.0,0.0,0.0
2025-11-24 03:31:14,clusterA,10,3,3,0,1.00,0.5,0.5,0.0,0.0,0.0
2025-11-24 03:31:14,cluster_A,10,1,1,0,1.00,0.5,0.5,0.0,0.0,0.0
2025-11-24 03:31:14,clusterB,10,4,4,0,1.00,0.5,0.5,0.0,0.0,0.0
2025-11-24 03:31:36,clusterA,10,3,3,0,1.00,0.5,0.5,0.0,0.0,0.0
2025-11-24 03:31:36,cluster_A,10,1,1,0,1.00,0.5,0.5,0.0,0.0,0.0
2025-11-24 03:31:36,clusterB,10,4,4,0,1.00,0.5,0.5,0.0,0.0,0.0
2025-11-24 03:31:57,clusterA,10,3,3,0,1.00,0.5,0.5,0.0,0.0,0.0
2025-11-24 03:31:57,cluster_A,10,1,1,0,1.00,0.5,0.5,0.0,0.0,0.0
2025-11-24 03:31:57,clusterB,10,4,4,0,1.00,0.5,0.5,0.0,0.0,0.0
2025-11-24 03:32:19,clusterA,10,3,3,0,1.00,0.5,0.5,0.0,0.0,0.0
2025-11-24 03:32:19,cluster_A,10,1,1,0,1.00,0.5,0.5,0.0,0.0,0.0
2025-11-24 03:32:19,clusterB,10,4,4,0,1.00,0.5,0.5,0.0,0.0,0.0
2025-11-24 03:32:40,clusterA,10,3,3,0,1.00,0.5,0.5,0.0,0.0,0.0
2025-11-24 03:32:40,cluster_A,10,1,1,0,1.00,0.5,0.5,0.0,0.0,0.0
2025-11-24 03:32:40,clusterB,10,4,4,0,1.00,0.5,0.5,0.0,0.0,0.0
2025-11-24 03:33:01,clusterA,10,3,3,0,1.00,0.5,0.5,0.0,0.0,0.0
2025-11-24 03:33:01,cluster_A,10,1,1,0,1.00,0.5,0.5,0.0,0.0,0.0
2025-11-24 03:33:01,clusterB,10,4,4,0,1.00,0.5,0.5,0.0,0.0,0.0
2025-11-24 03:33:22,clusterA,10,3,3,0,1.00,0.5,0.5,0.0,0.0,0.0
2025-11-24 03:33:22,cluster_A,10,1,1,0,1.00,0.5,0.5,0.0,0.0,0.0
2025-11-24 03:33:22,clusterB,10,4,4,0,1.00,0.5,0.5,0.0,0.0,0.0
2025-11-24 03:33:44,clusterA,10,3,3,0,1.00,0.5,0.5,0.0,0.0,0.0
2025-11-24 03:33:44,cluster_A,10,1,1,0,1.00,0.5,0.5,0.0,0.0,0.0
2025-11-24 03:33:44,clusterB,10,4,4,0,1.00,0.5,0.5,0.0,0.0,0.0
2025-11-24 03:34:06,clusterA,10,3,3,0,1.00,0.5,0.5,0.0,0.0,0.0
2025-11-24 03:34:06,cluster_A,10,1,1,0,1.00,0.5,0.5,0.0,0.0,0.0
2025-11-24 03:34:06,clusterB,10,4,4,0,1.00,0.5,0.5,0.0,0.0,0.0
2025-11-24 03:34:28,clusterA,12,3,3,0,1.00,0.5,0.5,0.0,0.0,0.0
2025-11-24 03:34:28,cluster_A,12,1,1,0,1.00,0.5,0.5,0.0,0.0,0.0
2025-11-24 03:34:28,clusterB,12,4,4,0,1.00,0.5,0.5,0.0,0.0,0.0
2025-11-24 03:34:50,clusterA,13,3,3,0,1.00,0.5,0.5,0.0,0.0,0.0
2025-11-24 03:34:50,cluster_A,13,1,1,0,1.00,0.5,0.5,0.0,0.0,0.0
2025-11-24 03:34:50,clusterB,13,4,4,0,1.00,0.5,0.5,0.0,0.0,0.0
2025-11-24 03:35:13,clusterA,13,3,3,0,1.00,0.5,0.5,0.0,0.0,0.0
2025-11-24 03:35:13,cluster_A,13,1,1,0,1.00,0.5,0.5,0.0,0.0,0.0
2025-11-24 03:35:13,clusterB,13,4,4,0,1.00,0.5,0.5,0.0,0.0,0.0
2025-11-24 03:35:35,clusterA,13,3,3,0,1.00,0.5,0.5,0.0,0.0,0.0
2025-11-24 03:35:35,cluster_A,13,1,1,0,1.00,0.5,0.5,0.0,0.0,0.0
2025-11-24 03:35:35,clusterB,13,4,4,0,1.00,0.5,0.5,0.0,0.0,0.0
2025-11-24 03:35:57,clusterA,13,3,3,0,1.00,0.5,0.5,0.0,0.0,0.0
2025-11-24 03:35:57,cluster_A,13,1,1,0,1.00,0.5,0.5,0.0,0.0,0.0
2025-11-24 03:35:57,clusterB,13,4,4,0,1.00,0.5,0.5,0.0,0.0,0.0
2025-11-24 03:36:19,clusterA,13,3,3,0,1.00,0.5,0.5,0.0,0.0,0.0
2025-11-24 03:36:19,cluster_A,13,1,1,0,1.00,0.5,0.5,0.0,0.0,0.0
2025-11-24 03:36:19,clusterB,13,4,4,0,1.00,0.5,0.5,0.0,0.0,0.0
2025-11-24 03:36:41,clusterA,13,3,3,0,1.00,0.5,0.5,0.0,0.0,0.0
2025-11-24 03:36:41,cluster_A,13,1,1,0,1.00,0.5,0.5,0.0,0.0,0.0
2025-11-24 03:36:41,clusterB,13,4,4,0,1.00,0.5,0.5,0.0,0.0,0.0
2025-11-24 03:37:04,clusterA,13,3,3,0,1.00,0.5,0.5,0.0,0.0,0.0
2025-11-24 03:37:04,cluster_A,13,1,1,0,1.00,0.5,0.5,0.0,0.0,0.0
2025-11-24 03:37:04,clusterB,13,4,4,0,1.00,0.5,0.5,0.0,0.0,0.0
2025-11-24 03:37:26,clusterA,13,3,3,0,1.00,0.5,0.5,0.0,0.0,0.0
2025-11-24 03:37:26,cluster_A,13,1,1,0,1.00,0.5,0.5,0.0,0.0,0.0
2025-11-24 03:37:26,clusterB,13,4,4,0,1.00,0.5,0.5,0.0,0.0,0.0
2025-11-24 03:37:48,clusterA,13,3,3,0,1.00,0.5,0.5,0.0,0.0,0.0
2025-11-24 03:37:48,cluster_A,13,1,1,0,1.00,0.5,0.5,0.0,0.0,0.0
2025-11-24 03:37:48,clusterB,13,4,4,0,1.00,0.5,0.5,0.0,0.0,0.0
2025-11-24 03:38:11,clusterA,13,3,3,0,1.00,0.5,0.5,0.0,0.0,0.0
2025-11-24 03:38:11,cluster_A,13,1,1,0,1.00,0.5,0.5,0.0,0.0,0.0
2025-11-24 03:38:11,clusterB,13,4,4,0,1.00,0.5,0.5,0.0,0.0,0.0
2025-11-24 03:38:34,clusterA,13,3,3,0,1.00,0.5,0.5,0.0,0.0,0.0
2025-11-24 03:38:34,cluster_A,13,1,1,0,1.00,0.5,0.5,0.0,0.0,0.0
2025-11-24 03:38:34,clusterB,13,4,4,0,1.00,0.5,0.5,0.0,0.0,0.0
2025-11-24 03:38:56,clusterA,13,3,3,0,1.00,0.5,0.5,0.0,0.0,0.0
2025-11-24 03:38:56,cluster_A,13,1,1,0,1.00,0.5,0.5,0.0,0.0,0.0
2025-11-24 03:38:56,clusterB,13,4,4,0,1.00,0.5,0.5,0.0,0.0,0.0
2025-11-24 03:39:18,clusterA,13,3,3,0,1.00,0.5,0.5,0.0,0.0,0.0
2025-11-24 03:39:18,cluster_A,13,1,1,0,1.00,0.5,0.5,0.0,0.0,0.0
2025-11-24 03:39:18,clusterB,13,4,4,0,1.00,0.5,0.5,0.0,0.0,0.0
2025-11-24 03:39:41,clusterA,13,3,3,0,1.00,0.5,0.5,0.0,0.0,0.0
2025-11-24 03:39:41,cluster_A,13,1,1,0,1.00,0.5,0.5,0.0,0.0,0.0
2025-11-24 03:39:41,clusterB,13,4,4,0,1.00,0.5,0.5,0.0,0.0,0.0
2025-11-24 03:40:03,clusterA,13,3,3,0,1.00,0.5,0.5,0.0,0.0,0.0
2025-11-24 03:40:03,cluster_A,13,1,1,0,1.00,0.5,0.5,0.0,0.0,0.0
2025-11-24 03:40:03,clusterB,13,4,4,0,1.00,0.5,0.5,0.0,0.0,0.0
2025-11-24 03:40:25,clusterA,13,3,3,0,1.00,0.5,0.5,0.0,0.0,0.0
2025-11-24 03:40:25,cluster_A,13,1,1,0,1.00,0.5,0.5,0.0,0.0,0.0
2025-11-24 03:40:25,clusterB,13,4,4,0,1.00,0.5,0.5,0.0,0.0,0.0
2025-11-24 03:40:47,clusterA,13,3,3,0,1.00,0.5,0.5,0.0,0.0,0.0
2025-11-24 03:40:47,cluster_A,13,1,1,0,1.00,0.5,0.5,0.0,0.0,0.0
2025-11-24 03:40:47,clusterB,13,4,4,0,1.00,0.5,0.5,0.0,0.0,0.0
2025-11-24 03:41:09,clusterA,13,3,3,0,1.00,0.5,0.5,0.0,0.0,0.0
2025-11-24 03:41:09,cluster_A,13,1,1,0,1.00,0.5,0.5,0.0,0.0,0.0
2025-11-24 03:41:09,clusterB,13,4,4,0,1.00,0.5,0.5,0.0,0.0,0.0
2025-11-24 03:41:31,clusterA,13,3,3,0,1.00,0.5,0.5,0.0,0.0,0.0
2025-11-24 03:41:31,cluster_A,13,1,1,0,1.00,0.5,0.5,0.0,0.0,0.0
2025-11-24 03:41:31,clusterB,13,4,4,0,1.00,0.5,0.5,0.0,0.0,0.0
2025-11-24 03:41:54,clusterA,13,3,3,0,1.00,0.5,0.5,0.0,0.0,0.0
2025-11-24 03:41:54,cluster_A,13,1,1,0,1.00,0.5,0.5,0.0,0.0,0.0
2025-11-24 03:41:54,clusterB,13,4,4,0,1.00,0.5,0.5,0.0,0.0,0.0
2025-11-24 03:42:16,clusterA,14,3,3,0,1.00,0.5,0.5,0.0,0.0,0.0
2025-11-24 03:42:16,cluster_A,14,1,1,0,1.00,0.5,0.5,0.0,0.0,0.0
2025-11-24 03:42:16,clusterB,14,4,4,0,1.00,0.5,0.5,0.0,0.0,0.0
2025-11-24 03:42:38,clusterA,14,3,3,0,1.00,0.5,0.5,0.0,0.0,0.0
2025-11-24 03:42:38,cluster_A,14,1,1,0,1.00,0.5,0.5,0.0,0.0,0.0
2025-11-24 03:42:38,clusterB,14,4,4,0,1.00,0.5,0.5,0.0,0.0,0.0
2025-11-24 03:42:59,clusterA,14,3,3,0,1.00,0.5,0.5,0.0,0.0,0.0
2025-11-24 03:42:59,cluster_A,14,1,1,0,1.00,0.5,0.5,0.0,0.0,0.0
2025-11-24 03:42:59,clusterB,14,4,4,0,1.00,0.5,0.5,0.0,0.0,0.0
2025-11-24 03:43:20,clusterA,14,3,3,0,1.00,0.5,0.5,0.0,0.0,0.0
2025-11-24 03:43:20,cluster_A,14,1,1,0,1.00,0.5,0.5,0.0,0.0,0.0
2025-11-24 03:43:20,clusterB,14,4,4,0,1.00,0.5,0.5,0.0,0.0,0.0
2025-11-24 03:43:42,clusterA,14,3,3,0,1.00,0.5,0.5,0.0,0.0,0.0
2025-11-24 03:43:42,cluster_A,14,1,1,0,1.00,0.5,0.5,0.0,0.0,0.0
2025-11-24 03:43:42,clusterB,14,4,4,0,1.00,0.5,0.5,0.0,0.0,0.0
2025-11-24 03:44:03,clusterA,14,3,3,0,1.00,0.5,0.5,0.0,0.0,0.0
2025-11-24 03:44:03,cluster_A,14,1,1,0,1.00,0.5,0.5,0.0,0.0,0.0
2025-11-24 03:44:03,clusterB,14,4,4,0,1.00,0.5,0.5,0.0,0.0,0.0
2025-11-24 03:44:25,clusterA,14,3,3,0,1.00,0.5,0.5,0.0,0.0,0.0
2025-11-24 03:44:25,cluster_A,14,1,1,0,1.00,0.5,0.5,0.0,0.0,0.0
2025-11-24 03:44:25,clusterB,14,4,4,0,1.00,0.5,0.5,0.0,0.0,0.0
2025-11-24 03:44:48,clusterA,14,3,3,0,1.00,0.5,0.5,0.0,0.0,0.0
2025-11-24 03:44:48,cluster_A,14,1,1,0,1.00,0.5,0.5,0.0,0.0,0.0
2025-11-24 03:44:48,clusterB,14,4,4,0,1.00,0.5,0.5,0.0,0.0,0.0
2025-11-24 03:45:10,clusterA,14,3,3,0,1.00,0.5,0.5,0.0,0.0,0.0
2025-11-24 03:45:10,cluster_A,14,1,1,0,1.00,0.5,0.5,0.0,0.0,0.0
2025-11-24 03:45:10,clusterB,14,4,4,0,1.00,0.5,0.5,0.0,0.0,0.0
2025-11-24 03:45:31,clusterA,14,3,3,0,1.00,0.5,0.5,0.0,0.0,0.0
2025-11-24 03:45:31,cluster_A,14,1,1,0,1.00,0.5,0.5,0.0,0.0,0.0
2025-11-24 03:45:31,clusterB,14,4,4,0,1.00,0.5,0.5,0.0,0.0,0.0
2025-11-24 03:45:54,clusterA,14,3,3,0,1.00,0.5,0.5,0.0,0.0,0.0
2025-11-24 03:45:54,cluster_A,14,1,1,0,1.00,0.5,0.5,0.0,0.0,0.0
2025-11-24 03:45:54,clusterB,14,4,4,0,1.00,0.5,0.5,0.0,0.0,0.0
2025-11-24 03:46:16,clusterA,14,3,3,0,1.00,0.5,0.5,0.0,0.0,0.0
2025-11-24 03:46:16,cluster_A,14,1,1,0,1.00,0.5,0.5,0.0,0.0,0.0
2025-11-24 03:46:16,clusterB,14,4,4,0,1.00,0.5,0.5,0.0,0.0,0.0
2025-11-24 03:46:39,clusterA,14,3,3,0,1.00,0.5,0.5,0.0,0.0,0.0
2025-11-24 03:46:39,cluster_A,14,1,1,0,1.00,0.5,0.5,0.0,0.0,0.0
2025-11-24 03:46:39,clusterB,14,4,4,0,1.00,0.5,0.5,0.0,0.0,0.0
2025-11-24 03:47:01,clusterA,14,3,3,0,1.00,0.5,0.5,0.0,0.0,0.0
2025-11-24 03:47:01,cluster_A,14,1,1,0,1.00,0.5,0.5,0.0,0.0,0.0
2025-11-24 03:47:01,clusterB,14,4,4,0,1.00,0.5,0.5,0.0,0.0,0.0
2025-11-24 03:47:24,clusterA,14,3,3,0,1.00,0.5,0.5,0.0,0.0,0.0
2025-11-24 03:47:24,cluster_A,14,1,1,0,1.00,0.5,0.5,0.0,0.0,0.0
2025-11-24 03:47:24,clusterB,14,4,4,0,1.00,0.5,0.5,0.0,0.0,0.0
2025-11-24 03:47:46,clusterA,14,3,3,0,1.00,0.5,0.5,0.0,0.0,0.0
2025-11-24 03:47:46,cluster_A,14,1,1,0,1.00,0.5,0.5,0.0,0.0,0.0
2025-11-24 03:47:46,clusterB,14,4,4,0,1.00,0.5,0.5,0.0,0.0,0.0
2025-11-24 03:48:09,clusterA,14,3,3,0,1.00,0.5,0.5,0.0,0.0,0.0
2025-11-24 03:48:09,cluster_A,14,1,1,0,1.00,0.5,0.5,0.0,0.0,0.0
2025-11-24 03:48:09,clusterB,14,4,4,0,1.00,0.5,0.5,0.0,0.0,0.0
2025-11-24 03:48:31,clusterA,14,3,3,0,1.00,0.5,0.5,0.0,0.0,0.0
2025-11-24 03:48:31,cluster_A,14,1,1,0,1.00,0.5,0.5,0.0,0.0,0.0
2025-11-24 03:48:31,clusterB,14,4,4,0,1.00,0.5,0.5,0.0,0.0,0.0
2025-11-24 03:48:53,clusterA,14,3,3,0,1.00,0.5,0.5,0.0,0.0,0.0
2025-11-24 03:48:53,cluster_A,14,1,1,0,1.00,0.5,0.5,0.0,0.0,0.0
2025-11-24 03:48:53,clusterB,14,4,4,0,1.00,0.5,0.5,0.0,0.0,0.0
2025-11-24 03:49:15,clusterA,14,3,3,0,1.00,0.5,0.5,0.0,0.0,0.0
2025-11-24 03:49:15,cluster_A,14,1,1,0,1.00,0.5,0.5,0.0,0.0,0.0
2025-11-24 03:49:15,clusterB,14,4,4,0,1.00,0.5,0.5,0.0,0.0,0.0
2025-11-24 03:49:37,clusterA,14,3,3,0,1.00,0.5,0.5,0.0,0.0,0.0
2025-11-24 03:49:37,cluster_A,14,1,1,0,1.00,0.5,0.5,0.0,0.0,0.0
2025-11-24 03:49:37,clusterB,14,4,3,1,0.75,0.5,0.5,0.0,0.0,0.0
2025-11-24 03:49:59,clusterA,13,3,3,0,1.00,0.5,0.5,0.0,0.0,0.0
2025-11-24 03:49:59,cluster_A,13,1,1,0,1.00,0.5,0.5,0.0,0.0,0.0
2025-11-24 03:49:59,clusterB,13,4,4,0,1.00,0.5,0.5,0.0,0.0,0.0
2025-11-24 03:50:20,clusterA,13,3,3,0,1.00,0.5,0.5,0.0,0.0,0.0
2025-11-24 03:50:20,cluster_A,13,1,1,0,1.00,0.5,0.5,0.0,0.0,0.0
2025-11-24 03:50:20,clusterB,13,4,4,0,1.00,0.5,0.5,0.0,0.0,0.0
2025-11-24 03:50:42,clusterA,13,3,3,0,1.00,0.5,0.5,0.0,0.0,0.0
2025-11-24 03:50:42,cluster_A,13,1,1,0,1.00,0.5,0.5,0.0,0.0,0.0
2025-11-24 03:50:42,clusterB,13,4,4,0,1.00,0.5,0.5,0.0,0.0,0.0
2025-11-24 03:51:05,clusterA,13,3,3,0,1.00,0.5,0.5,0.0,0.0,0.0
2025-11-24 03:51:05,cluster_A,13,1,1,0,1.00,0.5,0.5,0.0,0.0,0.0
2025-11-24 03:51:05,clusterB,13,4,4,0,1.00,0.5,0.5,0.0,0.0,0.0
2025-11-24 03:51:26,clusterA,13,3,3,0,1.00,0.5,0.5,0.0,0.0,0.0
2025-11-24 03:51:26,cluster_A,13,1,1,0,1.00,0.5,0.5,0.0,0.0,0.0
2025-11-24 03:51:26,clusterB,13,4,4,0,1.00,0.5,0.5,0.0,0.0,0.0
2025-11-24 03:51:48,clusterA,13,3,3,0,1.00,0.5,0.5,0.0,0.0,0.0
2025-11-24 03:51:48,cluster_A,13,1,1,0,1.00,0.5,0.5,0.0,0.0,0.0
2025-11-24 03:51:48,clusterB,13,4,4,0,1.00,0.5,0.5,0.0,0.0,0.0
2025-11-24 03:52:11,clusterA,13,3,3,0,1.00,0.5,0.5,0.0,0.0,0.0
2025-11-24 03:52:11,cluster_A,13,1,1,0,1.00,0.5,0.5,0.0,0.0,0.0
2025-11-24 03:52:11,clusterB,13,4,4,0,1.00,0.5,0.5,0.0,0.0,0.0
2025-11-24 03:52:33,clusterA,13,3,3,0,1.00,0.5,0.5,0.0,0.0,0.0
2025-11-24 03:52:33,cluster_A,13,1,1,0,1.00,0.5,0.5,0.0,0.0,0.0
2025-11-24 03:52:33,clusterB,13,4,4,0,1.00,0.5,0.5,0.0,0.0,0.0
2025-11-24 03:52:56,clusterA,13,3,3,0,1.00,0.5,0.5,0.0,0.0,0.0
2025-11-24 03:52:56,cluster_A,13,1,1,0,1.00,0.5,0.5,0.0,0.0,0.0
2025-11-24 03:52:56,clusterB,13,4,4,0,1.00,0.5,0.5,0.0,0.0,0.0
2025-11-24 03:53:17,clusterA,13,3,3,0,1.00,0.5,0.5,0.0,0.0,0.0
2025-11-24 03:53:17,cluster_A,13,1,1,0,1.00,0.5,0.5,0.0,0.0,0.0
2025-11-24 03:53:17,clusterB,13,4,4,0,1.00,0.5,0.5,0.0,0.0,0.0
2025-11-24 03:53:39,clusterA,13,3,3,0,1.00,0.5,0.5,0.0,0.0,0.0
2025-11-24 03:53:39,cluster_A,13,1,1,0,1.00,0.5,0.5,0.0,0.0,0.0
2025-11-24 03:53:39,clusterB,13,4,4,0,1.00,0.5,0.5,0.0,0.0,0.0
2025-11-24 03:54:00,clusterA,13,3,3,0,1.00,0.5,0.5,0.0,0.0,0.0
2025-11-24 03:54:00,cluster_A,13,1,1,0,1.00,0.5,0.5,0.0,0.0,0.0
2025-11-24 03:54:00,clusterB,13,4,4,0,1.00,0.5,0.5,0.0,0.0,0.0
2025-11-24 03:54:21,clusterA,13,3,3,0,1.00,0.5,0.5,0.0,0.0,0.0
2025-11-24 03:54:21,cluster_A,13,1,1,0,1.00,0.5,0.5,0.0,0.0,0.0
2025-11-24 03:54:21,clusterB,13,4,4,0,1.00,0.5,0.5,0.0,0.0,0.0
2025-11-24 03:54:43,clusterA,13,3,3,0,1.00,0.5,0.5,0.0,0.0,0.0
2025-11-24 03:54:43,cluster_A,13,1,1,0,1.00,0.5,0.5,0.0,0.0,0.0
2025-11-24 03:54:43,clusterB,13,4,4,0,1.00,0.5,0.5,0.0,0.0,0.0
2025-11-24 03:55:05,clusterA,13,3,3,0,1.00,0.5,0.5,0.0,0.0,0.0
2025-11-24 03:55:05,cluster_A,13,1,1,0,1.00,0.5,0.5,0.0,0.0,0.0
2025-11-24 03:55:05,clusterB,13,4,4,0,1.00,0.5,0.5,0.0,0.0,0.0
2025-11-24 03:55:28,clusterA,13,3,3,0,1.00,0.5,0.5,0.0,0.0,0.0
2025-11-24 03:55:28,cluster_A,13,1,1,0,1.00,0.5,0.5,0.0,0.0,0.0
2025-11-24 03:55:28,clusterB,13,4,4,0,1.00,0.5,0.5,0.0,0.0,0.0
2025-11-24 03:55:50,clusterA,13,3,3,0,1.00,0.5,0.5,0.0,0.0,0.0
2025-11-24 03:55:50,cluster_A,13,1,1,0,1.00,0.5,0.5,0.0,0.0,0.0
2025-11-24 03:55:50,clusterB,13,4,3,1,0.75,0.5,0.5,0.0,0.0,0.0
2025-11-24 03:56:13,clusterA,12,3,3,0,1.00,0.5,0.5,0.0,0.0,0.0
2025-11-24 03:56:13,cluster_A,12,1,1,0,1.00,0.5,0.5,0.0,0.0,0.0
2025-11-24 03:56:13,clusterB,12,4,4,0,1.00,0.5,0.5,0.0,0.0,0.0
2025-11-24 03:56:35,clusterA,12,3,3,0,1.00,0.5,0.5,0.0,0.0,0.0
2025-11-24 03:56:35,cluster_A,12,1,1,0,1.00,0.5,0.5,0.0,0.0,0.0
2025-11-24 03:56:35,clusterB,12,4,4,0,1.00,0.5,0.5,0.0,0.0,0.0
2025-11-24 03:56:57,clusterA,12,3,3,0,1.00,0.5,0.5,0.0,0.0,0.0
2025-11-24 03:56:57,cluster_A,12,1,1,0,1.00,0.5,0.5,0.0,0.0,0.0
2025-11-24 03:56:57,clusterB,12,4,4,0,1.00,0.5,0.5,0.0,0.0,0.0
2025-11-24 03:57:18,clusterA,12,3,3,0,1.00,0.5,0.5,0.0,0.0,0.0
2025-11-24 03:57:18,cluster_A,12,1,1,0,1.00,0.5,0.5,0.0,0.0,0.0
2025-11-24 03:57:18,clusterB,12,4,4,0,1.00,0.5,0.5,0.0,0.0,0.0
2025-11-24 03:57:40,clusterA,12,3,3,0,1.00,0.5,0.5,0.0,0.0,0.0
2025-11-24 03:57:40,cluster_A,12,1,1,0,1.00,0.5,0.5,0.0,0.0,0.0
2025-11-24 03:57:40,clusterB,12,4,4,0,1.00,0.5,0.5,0.0,0.0,0.0
2025-11-24 03:58:01,clusterA,12,3,3,0,1.00,0.5,0.5,0.0,0.0,0.0
2025-11-24 03:58:01,cluster_A,12,1,1,0,1.00,0.5,0.5,0.0,0.0,0.0
2025-11-24 03:58:01,clusterB,12,4,4,0,1.00,0.5,0.5,0.0,0.0,0.0
2025-11-24 03:58:22,clusterA,13,3,3,0,1.00,0.5,0.5,0.0,0.0,0.0
2025-11-24 03:58:22,cluster_A,13,1,1,0,1.00,0.5,0.5,0.0,0.0,0.0
2025-11-24 03:58:22,clusterB,13,4,4,0,1.00,0.5,0.5,0.0,0.0,0.0
2025-11-24 03:58:43,clusterA,13,3,3,0,1.00,0.5,0.5,0.0,0.0,0.0
2025-11-24 03:58:43,cluster_A,13,1,1,0,1.00,0.5,0.5,0.0,0.0,0.0
2025-11-24 03:58:43,clusterB,13,4,4,0,1.00,0.5,0.5,0.0,0.0,0.0
2025-11-24 03:59:05,clusterA,13,3,3,0,1.00,0.5,0.5,0.0,0.0,0.0
2025-11-24 03:59:05,cluster_A,13,1,1,0,1.00,0.5,0.5,0.0,0.0,0.0
2025-11-24 03:59:05,clusterB,13,4,4,0,1.00,0.5,0.5,0.0,0.0,0.0
2025-11-24 03:59:26,clusterA,13,3,3,0,1.00,0.5,0.5,0.0,0.0,0.0
2025-11-24 03:59:26,cluster_A,13,1,1,0,1.00,0.5,0.5,0.0,0.0,0.0
2025-11-24 03:59:26,clusterB,13,4,4,0,1.00,0.5,0.5,0.0,0.0,0.0
2025-11-24 03:59:49,clusterA,13,3,3,0,1.00,0.5,0.5,0.0,0.0,0.0
2025-11-24 03:59:49,cluster_A,13,1,1,0,1.00,0.5,0.5,0.0,0.0,0.0
2025-11-24 03:59:49,clusterB,13,4,4,0,1.00,0.5,0.5,0.0,0.0,0.0
2025-11-24 04:00:10,clusterA,14,3,3,0,1.00,0.5,0.5,0.0,0.0,0.0
2025-11-24 04:00:10,cluster_A,14,1,1,0,1.00,0.5,0.5,0.0,0.0,0.0
2025-11-24 04:00:10,clusterB,14,4,4,0,1.00,0.5,0.5,0.0,0.0,0.0
2025-11-24 04:00:33,clusterA,14,3,3,0,1.00,0.5,0.5,0.0,0.0,0.0
2025-11-24 04:00:33,cluster_A,14,1,1,0,1.00,0.5,0.5,0.0,0.0,0.0
2025-11-24 04:00:33,clusterB,14,4,4,0,1.00,0.5,0.5,0.0,0.0,0.0
2025-11-24 04:00:55,clusterA,14,3,3,0,1.00,0.5,0.5,0.0,0.0,0.0
2025-11-24 04:00:55,cluster_A,14,1,1,0,1.00,0.5,0.5,0.0,0.0,0.0
2025-11-24 04:00:55,clusterB,14,4,4,0,1.00,0.5,0.5,0.0,0.0,0.0
2025-11-24 04:01:16,clusterA,14,3,3,0,1.00,0.5,0.5,0.0,0.0,0.0
2025-11-24 04:01:16,cluster_A,14,1,1,0,1.00,0.5,0.5,0.0,0.0,0.0
2025-11-24 04:01:16,clusterB,14,4,4,0,1.00,0.5,0.5,0.0,0.0,0.0
2025-11-24 04:01:39,clusterA,14,3,3,0,1.00,0.5,0.5,0.0,0.0,0.0
2025-11-24 04:01:39,cluster_A,14,1,1,0,1.00,0.5,0.5,0.0,0.0,0.0
2025-11-24 04:01:39,clusterB,14,4,4,0,1.00,0.5,0.5,0.0,0.0,0.0
2025-11-24 04:02:01,clusterA,14,3,3,0,1.00,0.5,0.5,0.0,0.0,0.0
2025-11-24 04:02:01,cluster_A,14,1,1,0,1.00,0.5,0.5,0.0,0.0,0.0
2025-11-24 04:02:01,clusterB,14,4,4,0,1.00,0.5,0.5,0.0,0.0,0.0
2025-11-24 04:02:22,clusterA,14,3,3,0,1.00,0.5,0.5,0.0,0.0,0.0
2025-11-24 04:02:22,cluster_A,14,1,1,0,1.00,0.5,0.5,0.0,0.0,0.0
2025-11-24 04:02:22,clusterB,14,4,4,0,1.00,0.5,0.5,0.0,0.0,0.0
2025-11-24 04:02:44,clusterA,14,3,3,0,1.00,0.5,0.5,0.0,0.0,0.0
2025-11-24 04:02:44,cluster_A,14,1,1,0,1.00,0.5,0.5,0.0,0.0,0.0
2025-11-24 04:02:44,clusterB,14,4,4,0,1.00,0.5,0.5,0.0,0.0,0.0
2025-11-24 04:03:06,clusterA,14,3,3,0,1.00,0.5,0.5,0.0,0.0,0.0
2025-11-24 04:03:06,cluster_A,14,1,1,0,1.00,0.5,0.5,0.0,0.0,0.0
2025-11-24 04:03:06,clusterB,14,4,4,0,1.00,0.5,0.5,0.0,0.0,0.0
2025-11-24 04:03:27,clusterA,14,3,3,0,1.00,0.5,0.5,0.0,0.0,0.0
2025-11-24 04:03:27,cluster_A,14,1,1,0,1.00,0.5,0.5,0.0,0.0,0.0
2025-11-24 04:03:27,clusterB,14,4,4,0,1.00,0.5,0.5,0.0,0.0,0.0
2025-11-24 04:03:48,clusterA,14,3,3,0,1.00,0.5,0.5,0.0,0.0,0.0
2025-11-24 04:03:48,cluster_A,14,1,1,0,1.00,0.5,0.5,0.0,0.0,0.0
2025-11-24 04:03:48,clusterB,14,4,4,0,1.00,0.5,0.5,0.0,0.0,0.0
2025-11-24 04:04:09,clusterA,14,3,3,0,1.00,0.5,0.5,0.0,0.0,0.0
2025-11-24 04:04:09,cluster_A,14,1,1,0,1.00,0.5,0.5,0.0,0.0,0.0
2025-11-24 04:04:09,clusterB,14,4,4,0,1.00,0.5,0.5,0.0,0.0,0.0
2025-11-24 04:04:30,clusterA,14,3,3,0,1.00,0.5,0.5,0.0,0.0,0.0
2025-11-24 04:04:30,cluster_A,14,1,1,0,1.00,0.5,0.5,0.0,0.0,0.0
2025-11-24 04:04:30,clusterB,14,4,4,0,1.00,0.5,0.5,0.0,0.0,0.0
2025-11-24 04:04:51,clusterA,14,3,3,0,1.00,0.5,0.5,0.0,0.0,0.0
2025-11-24 04:04:51,cluster_A,14,1,1,0,1.00,0.5,0.5,0.0,0.0,0.0
2025-11-24 04:04:51,clusterB,14,4,4,0,1.00,0.5,0.5,0.0,0.0,0.0
2025-11-24 04:05:12,clusterA,14,3,3,0,1.00,0.5,0.5,0.0,0.0,0.0
2025-11-24 04:05:12,cluster_A,14,1,1,0,1.00,0.5,0.5,0.0,0.0,0.0
2025-11-24 04:05:12,clusterB,14,4,4,0,1.00,0.5,0.5,0.0,0.0,0.0
2025-11-24 04:05:33,clusterA,14,3,3,0,1.00,0.5,0.5,0.0,0.0,0.0
2025-11-24 04:05:33,cluster_A,14,1,1,0,1.00,0.5,0.5,0.0,0.0,0.0
2025-11-24 04:05:33,clusterB,14,4,4,0,1.00,0.5,0.5,0.0,0.0,0.0
2025-11-24 04:05:55,clusterA,14,3,3,0,1.00,0.5,0.5,0.0,0.0,0.0
2025-11-24 04:05:55,cluster_A,14,1,1,0,1.00,0.5,0.5,0.0,0.0,0.0
2025-11-24 04:05:55,clusterB,14,4,4,0,1.00,0.5,0.5,0.0,0.0,0.0
2025-11-24 04:06:17,clusterA,14,3,3,0,1.00,0.5,0.5,0.0,0.0,0.0
2025-11-24 04:06:17,cluster_A,14,1,1,0,1.00,0.5,0.5,0.0,0.0,0.0
2025-11-24 04:06:17,clusterB,14,4,4,0,1.00,0.5,0.5,0.0,0.0,0.0
2025-11-24 04:06:39,clusterA,15,3,3,0,1.00,0.5,0.5,0.0,0.0,0.0
2025-11-24 04:06:39,cluster_A,15,1,1,0,1.00,0.5,0.5,0.0,0.0,0.0
2025-11-24 04:06:39,clusterB,15,4,4,0,1.00,0.5,0.5,0.0,0.0,0.0
2025-11-24 04:07:00,clusterA,15,3,3,0,1.00,0.5,0.5,0.0,0.0,0.0
2025-11-24 04:07:00,cluster_A,15,1,1,0,1.00,0.5,0.5,0.0,0.0,0.0
2025-11-24 04:07:00,clusterB,15,4,4,0,1.00,0.5,0.5,0.0,0.0,0.0
2025-11-24 04:07:22,clusterA,15,3,2,1,0.67,0.5,0.5,0.0,0.0,0.0
2025-11-24 04:07:22,cluster_A,15,1,1,0,1.00,0.5,0.5,0.0,0.0,0.0
2025-11-24 04:07:22,clusterB,15,4,4,0,1.00,0.5,0.5,0.0,0.0,0.0
2025-11-24 04:07:35,clusterA,15,3,3,0,1.00,0.5,0.5,0.0,0.0,0.0
2025-11-24 04:07:35,cluster_A,15,1,1,0,1.00,0.5,0.5,0.0,0.0,0.0
2025-11-24 04:07:35,clusterB,15,4,4,0,1.00,0.5,0.5,0.0,0.0,0.0
2025-11-24 04:07:58,clusterA,15,3,3,0,1.00,0.5,0.5,0.0,0.0,0.0
2025-11-24 04:07:58,cluster_A,15,1,1,0,1.00,0.5,0.5,0.0,0.0,0.0
2025-11-24 04:07:58,clusterB,15,4,4,0,1.00,0.5,0.5,0.0,0.0,0.0
2025-11-24 04:08:20,clusterA,15,3,3,0,1.00,0.5,0.5,0.0,0.0,0.0
2025-11-24 04:08:20,cluster_A,15,1,1,0,1.00,0.5,0.5,0.0,0.0,0.0
2025-11-24 04:08:20,clusterB,15,4,4,0,1.00,0.5,0.5,0.0,0.0,0.0
2025-11-24 04:08:43,clusterA,15,3,3,0,1.00,0.5,0.5,0.0,0.0,0.0
2025-11-24 04:08:43,cluster_A,15,1,1,0,1.00,0.5,0.5,0.0,0.0,0.0
2025-11-24 04:08:43,clusterB,15,4,4,0,1.00,0.5,0.5,0.0,0.0,0.0
2025-11-24 04:09:05,clusterA,15,3,3,0,1.00,0.5,0.5,0.0,0.0,0.0
2025-11-24 04:09:05,cluster_A,15,1,1,0,1.00,0.5,0.5,0.0,0.0,0.0
2025-11-24 04:09:05,clusterB,15,4,4,0,1.00,0.5,0.5,0.0,0.0,0.0
2025-11-24 04:09:28,clusterA,15,3,3,0,1.00,0.5,0.5,0.0,0.0,0.0
2025-11-24 04:09:28,cluster_A,15,1,1,0,1.00,0.5,0.5,0.0,0.0,0.0
2025-11-24 04:09:28,clusterB,15,4,4,0,1.00,0.5,0.5,0.0,0.0,0.0
2025-11-24 04:09:51,clusterA,15,3,3,0,1.00,0.5,0.5,0.0,0.0,0.0
2025-11-24 04:09:51,cluster_A,15,1,1,0,1.00,0.5,0.5,0.0,0.0,0.0
2025-11-24 04:09:51,clusterB,15,4,4,0,1.00,0.5,0.5,0.0,0.0,0.0
2025-11-24 04:10:12,clusterA,15,3,3,0,1.00,0.5,0.5,0.0,0.0,0.0
2025-11-24 04:10:12,cluster_A,15,1,1,0,1.00,0.5,0.5,0.0,0.0,0.0
2025-11-24 04:10:12,clusterB,15,4,4,0,1.00,0.5,0.5,0.0,0.0,0.0
2025-11-24 04:10:34,clusterA,15,3,3,0,1.00,0.5,0.5,0.0,0.0,0.0
2025-11-24 04:10:34,cluster_A,15,1,1,0,1.00,0.5,0.5,0.0,0.0,0.0
2025-11-24 04:10:34,clusterB,15,4,4,0,1.00,0.5,0.5,0.0,0.0,0.0
2025-11-24 04:10:56,clusterA,15,3,3,0,1.00,0.5,0.5,0.0,0.0,0.0
2025-11-24 04:10:56,cluster_A,15,1,1,0,1.00,0.5,0.5,0.0,0.0,0.0
2025-11-24 04:10:56,clusterB,15,4,4,0,1.00,0.5,0.5,0.0,0.0,0.0
2025-11-24 04:11:18,clusterA,15,3,3,0,1.00,0.5,0.5,0.0,0.0,0.0
2025-11-24 04:11:18,cluster_A,15,1,1,0,1.00,0.5,0.5,0.0,0.0,0.0
2025-11-24 04:11:18,clusterB,15,4,4,0,1.00,0.5,0.5,0.0,0.0,0.0
2025-11-24 04:11:40,clusterA,15,3,3,0,1.00,0.5,0.5,0.0,0.0,0.0
2025-11-24 04:11:40,cluster_A,15,1,1,0,1.00,0.5,0.5,0.0,0.0,0.0
2025-11-24 04:11:40,clusterB,15,4,4,0,1.00,0.5,0.5,0.0,0.0,0.0
2025-11-24 04:12:01,clusterA,15,3,3,0,1.00,0.5,0.5,0.0,0.0,0.0
2025-11-24 04:12:01,cluster_A,15,1,1,0,1.00,0.5,0.5,0.0,0.0,0.0
2025-11-24 04:12:01,clusterB,15,4,4,0,1.00,0.5,0.5,0.0,0.0,0.0
2025-11-24 04:12:23,clusterA,15,3,3,0,1.00,0.5,0.5,0.0,0.0,0.0
2025-11-24 04:12:23,cluster_A,15,1,1,0,1.00,0.5,0.5,0.0,0.0,0.0
2025-11-24 04:12:23,clusterB,15,4,4,0,1.00,0.5,0.5,0.0,0.0,0.0
2025-11-24 04:12:45,clusterA,15,3,3,0,1.00,0.5,0.5,0.0,0.0,0.0
2025-11-24 04:12:45,cluster_A,15,1,1,0,1.00,0.5,0.5,0.0,0.0,0.0
2025-11-24 04:12:45,clusterB,15,4,4,0,1.00,0.5,0.5,0.0,0.0,0.0
2025-11-24 04:13:06,clusterA,15,3,3,0,1.00,0.5,0.5,0.0,0.0,0.0
2025-11-24 04:13:06,cluster_A,15,1,1,0,1.00,0.5,0.5,0.0,0.0,0.0
2025-11-24 04:13:06,clusterB,15,4,4,0,1.00,0.5,0.5,0.0,0.0,0.0
2025-11-24 04:13:28,clusterA,15,3,3,0,1.00,0.5,0.5,0.0,0.0,0.0
2025-11-24 04:13:28,cluster_A,15,1,1,0,1.00,0.5,0.5,0.0,0.0,0.0
2025-11-24 04:13:28,clusterB,15,4,4,0,1.00,0.5,0.5,0.0,0.0,0.0
2025-11-24 04:13:50,clusterA,15,3,3,0,1.00,0.5,0.5,0.0,0.0,0.0
2025-11-24 04:13:50,cluster_A,15,1,1,0,1.00,0.5,0.5,0.0,0.0,0.0
2025-11-24 04:13:50,clusterB,15,4,4,0,1.00,0.5,0.5,0.0,0.0,0.0
2025-11-24 04:14:12,clusterA,15,3,3,0,1.00,0.5,0.5,0.0,0.0,0.0
2025-11-24 04:14:12,cluster_A,15,1,1,0,1.00,0.5,0.5,0.0,0.0,0.0
2025-11-24 04:14:12,clusterB,15,4,4,0,1.00,0.5,0.5,0.0,0.0,0.0
2025-11-24 04:14:34,clusterA,15,3,3,0,1.00,0.5,0.5,0.0,0.0,0.0
2025-11-24 04:14:34,cluster_A,15,1,1,0,1.00,0.5,0.5,0.0,0.0,0.0
2025-11-24 04:14:34,clusterB,15,4,4,0,1.00,0.5,0.5,0.0,0.0,0.0
2025-11-24 04:14:56,clusterA,15,3,3,0,1.00,0.5,0.5,0.0,0.0,0.0
2025-11-24 04:14:56,cluster_A,15,1,1,0,1.00,0.5,0.5,0.0,0.0,0.0
2025-11-24 04:14:56,clusterB,15,4,4,0,1.00,0.5,0.5,0.0,0.0,0.0
2025-11-24 04:15:18,clusterA,15,3,3,0,1.00,0.5,0.5,0.0,0.0,0.0
2025-11-24 04:15:18,cluster_A,15,1,1,0,1.00,0.5,0.5,0.0,0.0,0.0
2025-11-24 04:15:18,clusterB,15,4,4,0,1.00,0.5,0.5,0.0,0.0,0.0
2025-11-24 04:15:39,clusterA,15,3,3,0,1.00,0.5,0.5,0.0,0.0,0.0
2025-11-24 04:15:39,cluster_A,15,1,1,0,1.00,0.5,0.5,0.0,0.0,0.0
2025-11-24 04:15:39,clusterB,15,4,4,0,1.00,0.5,0.5,0.0,0.0,0.0
2025-11-24 04:16:01,clusterA,15,3,3,0,1.00,0.5,0.5,0.0,0.0,0.0
2025-11-24 04:16:01,cluster_A,15,1,1,0,1.00,0.5,0.5,0.0,0.0,0.0
2025-11-24 04:16:01,clusterB,15,4,4,0,1.00,0.5,0.5,0.0,0.0,0.0
2025-11-24 04:16:22,clusterA,15,3,3,0,1.00,0.5,0.5,0.0,0.0,0.0
2025-11-24 04:16:22,cluster_A,15,1,1,0,1.00,0.5,0.5,0.0,0.0,0.0
2025-11-24 04:16:22,clusterB,15,4,4,0,1.00,0.5,0.5,0.0,0.0,0.0
2025-11-24 04:16:43,clusterA,15,3,3,0,1.00,0.5,0.5,0.0,0.0,0.0
2025-11-24 04:16:43,cluster_A,15,1,1,0,1.00,0.5,0.5,0.0,0.0,0.0
2025-11-24 04:16:43,clusterB,15,4,4,0,1.00,0.5,0.5,0.0,0.0,0.0
2025-11-24 04:17:05,clusterA,15,3,3,0,1.00,0.5,0.5,0.0,0.0,0.0
2025-11-24 04:17:05,cluster_A,15,1,1,0,1.00,0.5,0.5,0.0,0.0,0.0
2025-11-24 04:17:05,clusterB,15,4,4,0,1.00,0.5,0.5,0.0,0.0,0.0
2025-11-24 04:17:27,clusterA,15,3,3,0,1.00,0.5,0.5,0.0,0.0,0.0
2025-11-24 04:17:27,cluster_A,15,1,1,0,1.00,0.5,0.5,0.0,0.0,0.0
2025-11-24 04:17:27,clusterB,15,4,4,0,1.00,0.5,0.5,0.0,0.0,0.0
2025-11-24 04:17:49,clusterA,15,3,3,0,1.00,0.5,0.5,0.0,0.0,0.0
2025-11-24 04:17:49,cluster_A,15,1,1,0,1.00,0.5,0.5,0.0,0.0,0.0
2025-11-24 04:17:49,clusterB,15,4,4,0,1.00,0.5,0.5,0.0,0.0,0.0
2025-11-24 04:18:11,clusterA,15,3,3,0,1.00,0.5,0.5,0.0,0.0,0.0
2025-11-24 04:18:11,cluster_A,15,1,1,0,1.00,0.5,0.5,0.0,0.0,0.0
2025-11-24 04:18:11,clusterB,15,4,4,0,1.00,0.5,0.5,0.0,0.0,0.0
2025-11-24 04:18:32,clusterA,15,3,3,0,1.00,0.5,0.5,0.0,0.0,0.0
2025-11-24 04:18:32,cluster_A,15,1,1,0,1.00,0.5,0.5,0.0,0.0,0.0
2025-11-24 04:18:32,clusterB,15,4,4,0,1.00,0.5,0.5,0.0,0.0,0.0
2025-11-24 04:18:54,clusterA,15,3,3,0,1.00,0.5,0.5,0.0,0.0,0.0
2025-11-24 04:18:54,cluster_A,15,1,1,0,1.00,0.5,0.5,0.0,0.0,0.0
2025-11-24 04:18:54,clusterB,15,4,4,0,1.00,0.5,0.5,0.0,0.0,0.0
2025-11-24 04:19:16,clusterA,15,3,3,0,1.00,0.5,0.5,0.0,0.0,0.0
2025-11-24 04:19:16,cluster_A,15,1,1,0,1.00,0.5,0.5,0.0,0.0,0.0
2025-11-24 04:19:16,clusterB,15,4,4,0,1.00,0.5,0.5,0.0,0.0,0.0
2025-11-24 04:19:38,clusterA,15,3,3,0,1.00,0.5,0.5,0.0,0.0,0.0
2025-11-24 04:19:38,cluster_A,15,1,1,0,1.00,0.5,0.5,0.0,0.0,0.0
2025-11-24 04:19:38,clusterB,15,4,4,0,1.00,0.5,0.5,0.0,0.0,0.0
2025-11-24 04:20:01,clusterA,15,3,3,0,1.00,0.5,0.5,0.0,0.0,0.0
2025-11-24 04:20:01,cluster_A,15,1,1,0,1.00,0.5,0.5,0.0,0.0,0.0
2025-11-24 04:20:01,clusterB,15,4,4,0,1.00,0.5,0.5,0.0,0.0,0.0
2025-11-24 04:20:23,clusterA,15,3,3,0,1.00,0.5,0.5,0.0,0.0,0.0
2025-11-24 04:20:23,cluster_A,15,1,1,0,1.00,0.5,0.5,0.0,0.0,0.0
2025-11-24 04:20:23,clusterB,15,4,4,0,1.00,0.5,0.5,0.0,0.0,0.0
2025-11-24 04:20:45,clusterA,15,3,3,0,1.00,0.5,0.5,0.0,0.0,0.0
2025-11-24 04:20:45,cluster_A,15,1,1,0,1.00,0.5,0.5,0.0,0.0,0.0
2025-11-24 04:20:45,clusterB,15,4,4,0,1.00,0.5,0.5,0.0,0.0,0.0
2025-11-24 04:21:07,clusterA,15,3,3,0,1.00,0.5,0.5,0.0,0.0,0.0
2025-11-24 04:21:07,cluster_A,15,1,1,0,1.00,0.5,0.5,0.0,0.0,0.0
2025-11-24 04:21:07,clusterB,15,4,4,0,1.00,0.5,0.5,0.0,0.0,0.0
2025-11-24 04:21:28,clusterA,15,3,3,0,1.00,0.5,0.5,0.0,0.0,0.0
2025-11-24 04:21:28,cluster_A,15,1,1,0,1.00,0.5,0.5,0.0,0.0,0.0
2025-11-24 04:21:28,clusterB,15,4,4,0,1.00,0.5,0.5,0.0,0.0,0.0
2025-11-24 04:21:50,clusterA,15,3,3,0,1.00,0.5,0.5,0.0,0.0,0.0
2025-11-24 04:21:50,cluster_A,15,1,1,0,1.00,0.5,0.5,0.0,0.0,0.0
2025-11-24 04:21:50,clusterB,15,4,4,0,1.00,0.5,0.5,0.0,0.0,0.0
2025-11-24 04:22:11,clusterA,15,3,3,0,1.00,0.5,0.5,0.0,0.0,0.0
2025-11-24 04:22:11,cluster_A,15,1,1,0,1.00,0.5,0.5,0.0,0.0,0.0
2025-11-24 04:22:11,clusterB,15,4,4,0,1.00,0.5,0.5,0.0,0.0,0.0
2025-11-24 04:22:33,clusterA,15,3,3,0,1.00,0.5,0.5,0.0,0.0,0.0
2025-11-24 04:22:33,cluster_A,15,1,1,0,1.00,0.5,0.5,0.0,0.0,0.0
2025-11-24 04:22:33,clusterB,15,4,4,0,1.00,0.5,0.5,0.0,0.0,0.0
2025-11-24 04:22:55,clusterA,15,3,3,0,1.00,0.5,0.5,0.0,0.0,0.0
2025-11-24 04:22:55,cluster_A,15,1,1,0,1.00,0.5,0.5,0.0,0.0,0.0
2025-11-24 04:22:55,clusterB,15,4,4,0,1.00,0.5,0.5,0.0,0.0,0.0
2025-11-24 04:23:17,clusterA,15,3,3,0,1.00,0.5,0.5,0.0,0.0,0.0
2025-11-24 04:23:17,cluster_A,15,1,1,0,1.00,0.5,0.5,0.0,0.0,0.0
2025-11-24 04:23:17,clusterB,15,4,4,0,1.00,0.5,0.5,0.0,0.0,0.0
2025-11-24 04:23:39,clusterA,15,3,3,0,1.00,0.5,0.5,0.0,0.0,0.0
2025-11-24 04:23:39,cluster_A,15,1,1,0,1.00,0.5,0.5,0.0,0.0,0.0
2025-11-24 04:23:39,clusterB,15,4,4,0,1.00,0.5,0.5,0.0,0.0,0.0
2025-11-24 04:24:00,clusterA,15,3,3,0,1.00,0.5,0.5,0.0,0.0,0.0
2025-11-24 04:24:00,cluster_A,15,1,1,0,1.00,0.5,0.5,0.0,0.0,0.0
2025-11-24 04:24:00,clusterB,15,4,4,0,1.00,0.5,0.5,0.0,0.0,0.0
2025-11-24 04:24:22,clusterA,15,3,3,0,1.00,0.5,0.5,0.0,0.0,0.0
2025-11-24 04:24:22,cluster_A,15,1,1,0,1.00,0.5,0.5,0.0,0.0,0.0
2025-11-24 04:24:22,clusterB,15,4,4,0,1.00,0.5,0.5,0.0,0.0,0.0
2025-11-24 04:24:44,clusterA,15,3,3,0,1.00,0.5,0.5,0.0,0.0,0.0
2025-11-24 04:24:44,cluster_A,15,1,1,0,1.00,0.5,0.5,0.0,0.0,0.0
2025-11-24 04:24:44,clusterB,15,4,4,0,1.00,0.5,0.5,0.0,0.0,0.0
2025-11-24 04:25:05,clusterA,15,3,3,0,1.00,0.5,0.5,0.0,0.0,0.0
2025-11-24 04:25:05,cluster_A,15,1,1,0,1.00,0.5,0.5,0.0,0.0,0.0
2025-11-24 04:25:05,clusterB,15,4,4,0,1.00,0.5,0.5,0.0,0.0,0.0
2025-11-24 04:25:27,clusterA,15,3,3,0,1.00,0.5,0.5,0.0,0.0,0.0
2025-11-24 04:25:27,cluster_A,15,1,1,0,1.00,0.5,0.5,0.0,0.0,0.0
2025-11-24 04:25:27,clusterB,15,4,4,0,1.00,0.5,0.5,0.0,0.0,0.0
2025-11-24 04:25:50,clusterA,15,3,3,0,1.00,0.5,0.5,0.0,0.0,0.0
2025-11-24 04:25:50,cluster_A,15,1,1,0,1.00,0.5,0.5,0.0,0.0,0.0
2025-11-24 04:25:50,clusterB,15,4,4,0,1.00,0.5,0.5,0.0,0.0,0.0
2025-11-24 04:26:11,clusterA,15,3,3,0,1.00,0.5,0.5,0.0,0.0,0.0
2025-11-24 04:26:11,cluster_A,15,1,1,0,1.00,0.5,0.5,0.0,0.0,0.0
2025-11-24 04:26:11,clusterB,15,4,4,0,1.00,0.5,0.5,0.0,0.0,0.0
2025-11-24 04:26:34,clusterA,15,3,3,0,1.00,0.5,0.5,0.0,0.0,0.0
2025-11-24 04:26:34,cluster_A,15,1,1,0,1.00,0.5,0.5,0.0,0.0,0.0
2025-11-24 04:26:34,clusterB,15,4,4,0,1.00,0.5,0.5,0.0,0.0,0.0
2025-11-24 04:26:55,clusterA,15,3,3,0,1.00,0.5,0.5,0.0,0.0,0.0
2025-11-24 04:26:55,cluster_A,15,1,1,0,1.00,0.5,0.5,0.0,0.0,0.0
2025-11-24 04:26:55,clusterB,15,4,4,0,1.00,0.5,0.5,0.0,0.0,0.0
2025-11-24 04:27:17,clusterA,15,3,3,0,1.00,0.5,0.5,0.0,0.0,0.0
2025-11-24 04:27:17,cluster_A,15,1,1,0,1.00,0.5,0.5,0.0,0.0,0.0
2025-11-24 04:27:17,clusterB,15,4,4,0,1.00,0.5,0.5,0.0,0.0,0.0
2025-11-24 04:27:39,clusterA,15,3,3,0,1.00,0.5,0.5,0.0,0.0,0.0
2025-11-24 04:27:39,cluster_A,15,1,1,0,1.00,0.5,0.5,0.0,0.0,0.0
2025-11-24 04:27:39,clusterB,15,4,4,0,1.00,0.5,0.5,0.0,0.0,0.0
2025-11-24 04:28:01,clusterA,15,3,3,0,1.00,0.5,0.5,0.0,0.0,0.0
2025-11-24 04:28:01,cluster_A,15,1,1,0,1.00,0.5,0.5,0.0,0.0,0.0
2025-11-24 04:28:01,clusterB,15,4,4,0,1.00,0.5,0.5,0.0,0.0,0.0
2025-11-24 04:28:23,clusterA,15,3,3,0,1.00,0.5,0.5,0.0,0.0,0.0
2025-11-24 04:28:23,cluster_A,15,1,1,0,1.00,0.5,0.5,0.0,0.0,0.0
2025-11-24 04:28:23,clusterB,15,4,4,0,1.00,0.5,0.5,0.0,0.0,0.0
2025-11-24 04:28:44,clusterA,15,3,3,0,1.00,0.5,0.5,0.0,0.0,0.0
2025-11-24 04:28:44,cluster_A,15,1,1,0,1.00,0.5,0.5,0.0,0.0,0.0
2025-11-24 04:28:44,clusterB,15,4,4,0,1.00,0.5,0.5,0.0,0.0,0.0
2025-11-24 04:29:06,clusterA,15,3,3,0,1.00,0.5,0.5,0.0,0.0,0.0
2025-11-24 04:29:06,cluster_A,15,1,1,0,1.00,0.5,0.5,0.0,0.0,0.0
2025-11-24 04:29:06,clusterB,15,4,4,0,1.00,0.5,0.5,0.0,0.0,0.0
2025-11-24 04:29:28,clusterA,15,3,3,0,1.00,0.5,0.5,0.0,0.0,0.0
2025-11-24 04:29:28,cluster_A,15,1,1,0,1.00,0.5,0.5,0.0,0.0,0.0
2025-11-24 04:29:28,clusterB,15,4,4,0,1.00,0.5,0.5,0.0,0.0,0.0
2025-11-24 04:29:50,clusterA,15,3,3,0,1.00,0.5,0.5,0.0,0.0,0.0
2025-11-24 04:29:50,cluster_A,15,1,1,0,1.00,0.5,0.5,0.0,0.0,0.0
2025-11-24 04:29:50,clusterB,15,4,4,0,1.00,0.5,0.5,0.0,0.0,0.0
2025-11-24 04:30:12,clusterA,15,3,3,0,1.00,0.5,0.5,0.0,0.0,0.0
2025-11-24 04:30:12,cluster_A,15,1,1,0,1.00,0.5,0.5,0.0,0.0,0.0
2025-11-24 04:30:12,clusterB,15,4,4,0,1.00,0.5,0.5,0.0,0.0,0.0
2025-11-24 04:30:34,clusterA,15,3,3,0,1.00,0.5,0.5,0.0,0.0,0.0
2025-11-24 04:30:34,cluster_A,15,1,1,0,1.00,0.5,0.5,0.0,0.0,0.0
2025-11-24 04:30:34,clusterB,15,4,4,0,1.00,0.5,0.5,0.0,0.0,0.0
2025-11-24 04:30:56,clusterA,15,3,3,0,1.00,0.5,0.5,0.0,0.0,0.0
2025-11-24 04:30:56,cluster_A,15,1,1,0,1.00,0.5,0.5,0.0,0.0,0.0
2025-11-24 04:30:56,clusterB,15,4,4,0,1.00,0.5,0.5,0.0,0.0,0.0
2025-11-24 04:31:18,clusterA,15,3,3,0,1.00,0.5,0.5,0.0,0.0,0.0
2025-11-24 04:31:18,cluster_A,15,1,1,0,1.00,0.5,0.5,0.0,0.0,0.0
2025-11-24 04:31:18,clusterB,15,4,4,0,1.00,0.5,0.5,0.0,0.0,0.0
2025-11-24 04:31:40,clusterA,15,3,3,0,1.00,0.5,0.5,0.0,0.0,0.0
2025-11-24 04:31:40,cluster_A,15,1,1,0,1.00,0.5,0.5,0.0,0.0,0.0
2025-11-24 04:31:40,clusterB,15,4,4,0,1.00,0.5,0.5,0.0,0.0,0.0
2025-11-24 04:32:02,clusterA,15,3,3,0,1.00,0.5,0.5,0.0,0.0,0.0
2025-11-24 04:32:02,cluster_A,15,1,1,0,1.00,0.5,0.5,0.0,0.0,0.0
2025-11-24 04:32:02,clusterB,15,4,4,0,1.00,0.5,0.5,0.0,0.0,0.0
2025-11-24 04:32:24,clusterA,15,3,3,0,1.00,0.5,0.5,0.0,0.0,0.0
2025-11-24 04:32:24,cluster_A,15,1,1,0,1.00,0.5,0.5,0.0,0.0,0.0
2025-11-24 04:32:24,clusterB,15,4,4,0,1.00,0.5,0.5,0.0,0.0,0.0
2025-11-24 04:32:45,clusterA,15,3,3,0,1.00,0.5,0.5,0.0,0.0,0.0
2025-11-24 04:32:45,cluster_A,15,1,1,0,1.00,0.5,0.5,0.0,0.0,0.0
2025-11-24 04:32:45,clusterB,15,4,4,0,1.00,0.5,0.5,0.0,0.0,0.0
2025-11-24 04:33:07,clusterA,15,3,3,0,1.00,0.5,0.5,0.0,0.0,0.0
2025-11-24 04:33:07,cluster_A,15,1,1,0,1.00,0.5,0.5,0.0,0.0,0.0
2025-11-24 04:33:07,clusterB,15,4,4,0,1.00,0.5,0.5,0.0,0.0,0.0
2025-11-24 04:33:29,clusterA,15,3,3,0,1.00,0.5,0.5,0.0,0.0,0.0
2025-11-24 04:33:29,cluster_A,15,1,1,0,1.00,0.5,0.5,0.0,0.0,0.0
2025-11-24 04:33:29,clusterB,15,4,4,0,1.00,0.5,0.5,0.0,0.0,0.0
2025-11-24 04:33:51,clusterA,15,3,3,0,1.00,0.5,0.5,0.0,0.0,0.0
2025-11-24 04:33:51,cluster_A,15,1,1,0,1.00,0.5,0.5,0.0,0.0,0.0
2025-11-24 04:33:51,clusterB,15,4,4,0,1.00,0.5,0.5,0.0,0.0,0.0
2025-11-24 04:34:13,clusterA,15,3,3,0,1.00,0.5,0.5,0.0,0.0,0.0
2025-11-24 04:34:13,cluster_A,15,1,1,0,1.00,0.5,0.5,0.0,0.0,0.0
2025-11-24 04:34:13,clusterB,15,4,4,0,1.00,0.5,0.5,0.0,0.0,0.0
2025-11-24 04:34:35,clusterA,15,3,3,0,1.00,0.5,0.5,0.0,0.0,0.0
2025-11-24 04:34:35,cluster_A,15,1,1,0,1.00,0.5,0.5,0.0,0.0,0.0
2025-11-24 04:34:35,clusterB,15,4,4,0,1.00,0.5,0.5,0.0,0.0,0.0
2025-11-24 04:34:56,clusterA,15,3,3,0,1.00,0.5,0.5,0.0,0.0,0.0
2025-11-24 04:34:56,cluster_A,15,1,1,0,1.00,0.5,0.5,0.0,0.0,0.0
2025-11-24 04:34:56,clusterB,15,4,4,0,1.00,0.5,0.5,0.0,0.0,0.0
2025-11-24 04:35:18,clusterA,15,3,3,0,1.00,0.5,0.5,0.0,0.0,0.0
2025-11-24 04:35:18,cluster_A,15,1,1,0,1.00,0.5,0.5,0.0,0.0,0.0
2025-11-24 04:35:18,clusterB,15,4,4,0,1.00,0.5,0.5,0.0,0.0,0.0
2025-11-24 04:35:40,clusterA,15,3,3,0,1.00,0.5,0.5,0.0,0.0,0.0
2025-11-24 04:35:40,cluster_A,15,1,1,0,1.00,0.5,0.5,0.0,0.0,0.0
2025-11-24 04:35:40,clusterB,15,4,4,0,1.00,0.5,0.5,0.0,0.0,0.0
2025-11-24 04:36:01,clusterA,15,3,3,0,1.00,0.5,0.5,0.0,0.0,0.0
2025-11-24 04:36:01,cluster_A,15,1,1,0,1.00,0.5,0.5,0.0,0.0,0.0
2025-11-24 04:36:01,clusterB,15,4,4,0,1.00,0.5,0.5,0.0,0.0,0.0
2025-11-24 04:36:23,clusterA,15,3,3,0,1.00,0.5,0.5,0.0,0.0,0.0
2025-11-24 04:36:23,cluster_A,15,1,1,0,1.00,0.5,0.5,0.0,0.0,0.0
2025-11-24 04:36:23,clusterB,15,4,4,0,1.00,0.5,0.5,0.0,0.0,0.0
2025-11-24 04:36:45,clusterA,15,3,3,0,1.00,0.5,0.5,0.0,0.0,0.0
2025-11-24 04:36:45,cluster_A,15,1,1,0,1.00,0.5,0.5,0.0,0.0,0.0
2025-11-24 04:36:45,clusterB,15,4,4,0,1.00,0.5,0.5,0.0,0.0,0.0
2025-11-24 04:37:07,clusterA,15,3,3,0,1.00,0.5,0.5,0.0,0.0,0.0
2025-11-24 04:37:07,cluster_A,15,1,1,0,1.00,0.5,0.5,0.0,0.0,0.0
2025-11-24 04:37:07,clusterB,15,4,4,0,1.00,0.5,0.5,0.0,0.0,0.0
2025-11-24 04:37:29,clusterA,15,3,3,0,1.00,0.5,0.5,0.0,0.0,0.0
2025-11-24 04:37:29,cluster_A,15,1,1,0,1.00,0.5,0.5,0.0,0.0,0.0
2025-11-24 04:37:29,clusterB,15,4,4,0,1.00,0.5,0.5,0.0,0.0,0.0
2025-11-24 04:37:51,clusterA,15,3,3,0,1.00,0.5,0.5,0.0,0.0,0.0
2025-11-24 04:37:51,cluster_A,15,1,1,0,1.00,0.5,0.5,0.0,0.0,0.0
2025-11-24 04:37:51,clusterB,15,4,4,0,1.00,0.5,0.5,0.0,0.0,0.0
2025-11-24 04:38:12,clusterA,15,3,3,0,1.00,0.5,0.5,0.0,0.0,0.0
2025-11-24 04:38:12,cluster_A,15,1,1,0,1.00,0.5,0.5,0.0,0.0,0.0
2025-11-24 04:38:12,clusterB,15,4,4,0,1.00,0.5,0.5,0.0,0.0,0.0
2025-11-24 04:38:34,clusterA,15,3,3,0,1.00,0.5,0.5,0.0,0.0,0.0
2025-11-24 04:38:34,cluster_A,15,1,1,0,1.00,0.5,0.5,0.0,0.0,0.0
2025-11-24 04:38:34,clusterB,15,4,4,0,1.00,0.5,0.5,0.0,0.0,0.0
2025-11-24 04:38:56,clusterA,15,3,3,0,1.00,0.5,0.5,0.0,0.0,0.0
2025-11-24 04:38:56,cluster_A,15,1,1,0,1.00,0.5,0.5,0.0,0.0,0.0
2025-11-24 04:38:56,clusterB,15,4,4,0,1.00,0.5,0.5,0.0,0.0,0.0
2025-11-24 04:39:18,clusterA,15,3,3,0,1.00,0.5,0.5,0.0,0.0,0.0
2025-11-24 04:39:18,cluster_A,15,1,1,0,1.00,0.5,0.5,0.0,0.0,0.0
2025-11-24 04:39:18,clusterB,15,4,4,0,1.00,0.5,0.5,0.0,0.0,0.0
2025-11-24 04:39:40,clusterA,15,3,3,0,1.00,0.5,0.5,0.0,0.0,0.0
2025-11-24 04:39:40,cluster_A,15,1,1,0,1.00,0.5,0.5,0.0,0.0,0.0
2025-11-24 04:39:40,clusterB,15,4,4,0,1.00,0.5,0.5,0.0,0.0,0.0
2025-11-24 04:40:02,clusterA,15,3,3,0,1.00,0.5,0.5,0.0,0.0,0.0
2025-11-24 04:40:02,cluster_A,15,1,1,0,1.00,0.5,0.5,0.0,0.0,0.0
2025-11-24 04:40:02,clusterB,15,4,4,0,1.00,0.5,0.5,0.0,0.0,0.0
2025-11-24 04:40:24,clusterA,15,3,3,0,1.00,0.5,0.5,0.0,0.0,0.0
2025-11-24 04:40:24,cluster_A,15,1,1,0,1.00,0.5,0.5,0.0,0.0,0.0
2025-11-24 04:40:24,clusterB,15,4,4,0,1.00,0.5,0.5,0.0,0.0,0.0
2025-11-24 04:40:46,clusterA,15,3,3,0,1.00,0.5,0.5,0.0,0.0,0.0
2025-11-24 04:40:46,cluster_A,15,1,1,0,1.00,0.5,0.5,0.0,0.0,0.0
2025-11-24 04:40:46,clusterB,15,4,4,0,1.00,0.5,0.5,0.0,0.0,0.0
2025-11-24 04:41:08,clusterA,15,3,3,0,1.00,0.5,0.5,0.0,0.0,0.0
2025-11-24 04:41:08,cluster_A,15,1,1,0,1.00,0.5,0.5,0.0,0.0,0.0
2025-11-24 04:41:08,clusterB,15,4,4,0,1.00,0.5,0.5,0.0,0.0,0.0
2025-11-24 04:41:30,clusterA,15,3,3,0,1.00,0.5,0.5,0.0,0.0,0.0
2025-11-24 04:41:30,cluster_A,15,1,1,0,1.00,0.5,0.5,0.0,0.0,0.0
2025-11-24 04:41:30,clusterB,15,4,4,0,1.00,0.5,0.5,0.0,0.0,0.0
2025-11-24 04:41:52,clusterA,15,3,3,0,1.00,0.5,0.5,0.0,0.0,0.0
2025-11-24 04:41:52,cluster_A,15,1,1,0,1.00,0.5,0.5,0.0,0.0,0.0
2025-11-24 04:41:52,clusterB,15,4,4,0,1.00,0.5,0.5,0.0,0.0,0.0
2025-11-24 04:42:14,clusterA,15,3,3,0,1.00,0.5,0.5,0.0,0.0,0.0
2025-11-24 04:42:14,cluster_A,15,1,1,0,1.00,0.5,0.5,0.0,0.0,0.0
2025-11-24 04:42:14,clusterB,15,4,4,0,1.00,0.5,0.5,0.0,0.0,0.0
2025-11-24 04:42:35,clusterA,15,3,3,0,1.00,0.5,0.5,0.0,0.0,0.0
2025-11-24 04:42:35,cluster_A,15,1,1,0,1.00,0.5,0.5,0.0,0.0,0.0
2025-11-24 04:42:35,clusterB,15,4,4,0,1.00,0.5,0.5,0.0,0.0,0.0
2025-11-24 04:42:57,clusterA,15,3,3,0,1.00,0.5,0.5,0.0,0.0,0.0
2025-11-24 04:42:57,cluster_A,15,1,1,0,1.00,0.5,0.5,0.0,0.0,0.0
2025-11-24 04:42:57,clusterB,15,4,4,0,1.00,0.5,0.5,0.0,0.0,0.0
2025-11-24 04:43:19,clusterA,15,3,3,0,1.00,0.5,0.5,0.0,0.0,0.0
2025-11-24 04:43:19,cluster_A,15,1,1,0,1.00,0.5,0.5,0.0,0.0,0.0
2025-11-24 04:43:19,clusterB,15,4,4,0,1.00,0.5,0.5,0.0,0.0,0.0
2025-11-24 04:43:41,clusterA,15,3,3,0,1.00,0.5,0.5,0.0,0.0,0.0
2025-11-24 04:43:41,cluster_A,15,1,1,0,1.00,0.5,0.5,0.0,0.0,0.0
2025-11-24 04:43:41,clusterB,15,4,4,0,1.00,0.5,0.5,0.0,0.0,0.0
2025-11-24 04:44:02,clusterA,15,3,3,0,1.00,0.5,0.5,0.0,0.0,0.0
2025-11-24 04:44:02,cluster_A,15,1,1,0,1.00,0.5,0.5,0.0,0.0,0.0
2025-11-24 04:44:02,clusterB,15,4,4,0,1.00,0.5,0.5,0.0,0.0,0.0
2025-11-24 04:44:24,clusterA,15,3,3,0,1.00,0.5,0.5,0.0,0.0,0.0
2025-11-24 04:44:24,cluster_A,15,1,1,0,1.00,0.5,0.5,0.0,0.0,0.0
2025-11-24 04:44:24,clusterB,15,4,4,0,1.00,0.5,0.5,0.0,0.0,0.0
2025-11-24 04:44:46,clusterA,15,3,3,0,1.00,0.5,0.5,0.0,0.0,0.0
2025-11-24 04:44:46,cluster_A,15,1,1,0,1.00,0.5,0.5,0.0,0.0,0.0
2025-11-24 04:44:46,clusterB,15,4,4,0,1.00,0.5,0.5,0.0,0.0,0.0
2025-11-24 04:45:07,clusterA,15,3,3,0,1.00,0.5,0.5,0.0,0.0,0.0
2025-11-24 04:45:07,cluster_A,15,1,1,0,1.00,0.5,0.5,0.0,0.0,0.0
2025-11-24 04:45:07,clusterB,15,4,4,0,1.00,0.5,0.5,0.0,0.0,0.0
2025-11-24 04:45:29,clusterA,15,3,3,0,1.00,0.5,0.5,0.0,0.0,0.0
2025-11-24 04:45:29,cluster_A,15,1,1,0,1.00,0.5,0.5,0.0,0.0,0.0
2025-11-24 04:45:29,clusterB,15,4,4,0,1.00,0.5,0.5,0.0,0.0,0.0
2025-11-24 04:45:50,clusterA,15,3,3,0,1.00,0.5,0.5,0.0,0.0,0.0
2025-11-24 04:45:50,cluster_A,15,1,1,0,1.00,0.5,0.5,0.0,0.0,0.0
2025-11-24 04:45:50,clusterB,15,4,4,0,1.00,0.5,0.5,0.0,0.0,0.0
2025-11-24 04:46:12,clusterA,15,3,3,0,1.00,0.5,0.5,0.0,0.0,0.0
2025-11-24 04:46:12,cluster_A,15,1,1,0,1.00,0.5,0.5,0.0,0.0,0.0
2025-11-24 04:46:12,clusterB,15,4,4,0,1.00,0.5,0.5,0.0,0.0,0.0
2025-11-24 04:46:34,clusterA,15,3,3,0,1.00,0.5,0.5,0.0,0.0,0.0
2025-11-24 04:46:34,cluster_A,15,1,1,0,1.00,0.5,0.5,0.0,0.0,0.0
2025-11-24 04:46:34,clusterB,15,4,4,0,1.00,0.5,0.5,0.0,0.0,0.0
2025-11-24 04:46:55,clusterA,15,3,3,0,1.00,0.5,0.5,0.0,0.0,0.0
2025-11-24 04:46:55,cluster_A,15,1,1,0,1.00,0.5,0.5,0.0,0.0,0.0
2025-11-24 04:46:55,clusterB,15,4,4,0,1.00,0.5,0.5,0.0,0.0,0.0
2025-11-24 04:47:17,clusterA,15,3,3,0,1.00,0.5,0.5,0.0,0.0,0.0
2025-11-24 04:47:17,cluster_A,15,1,1,0,1.00,0.5,0.5,0.0,0.0,0.0
2025-11-24 04:47:17,clusterB,15,4,4,0,1.00,0.5,0.5,0.0,0.0,0.0
2025-11-24 04:47:38,clusterA,15,3,3,0,1.00,0.5,0.5,0.0,0.0,0.0
2025-11-24 04:47:38,cluster_A,15,1,1,0,1.00,0.5,0.5,0.0,0.0,0.0
2025-11-24 04:47:38,clusterB,15,4,4,0,1.00,0.5,0.5,0.0,0.0,0.0
2025-11-24 04:48:00,clusterA,15,3,3,0,1.00,0.5,0.5,0.0,0.0,0.0
2025-11-24 04:48:00,cluster_A,15,1,1,0,1.00,0.5,0.5,0.0,0.0,0.0
2025-11-24 04:48:00,clusterB,15,4,4,0,1.00,0.5,0.5,0.0,0.0,0.0
2025-11-24 04:48:22,clusterA,15,3,3,0,1.00,0.5,0.5,0.0,0.0,0.0
2025-11-24 04:48:22,cluster_A,15,1,1,0,1.00,0.5,0.5,0.0,0.0,0.0
2025-11-24 04:48:22,clusterB,15,4,4,0,1.00,0.5,0.5,0.0,0.0,0.0
2025-11-24 04:48:44,clusterA,15,3,3,0,1.00,0.5,0.5,0.0,0.0,0.0
2025-11-24 04:48:44,cluster_A,15,1,1,0,1.00,0.5,0.5,0.0,0.0,0.0
2025-11-24 04:48:44,clusterB,15,4,4,0,1.00,0.5,0.5,0.0,0.0,0.0
2025-11-24 04:49:06,clusterA,15,3,3,0,1.00,0.5,0.5,0.0,0.0,0.0
2025-11-24 04:49:06,cluster_A,15,1,1,0,1.00,0.5,0.5,0.0,0.0,0.0
2025-11-24 04:49:06,clusterB,15,4,4,0,1.00,0.5,0.5,0.0,0.0,0.0
2025-11-24 04:49:28,clusterA,15,3,3,0,1.00,0.5,0.5,0.0,0.0,0.0
2025-11-24 04:49:28,cluster_A,15,1,1,0,1.00,0.5,0.5,0.0,0.0,0.0
2025-11-24 04:49:28,clusterB,15,4,4,0,1.00,0.5,0.5,0.0,0.0,0.0
2025-11-24 04:49:50,clusterA,15,3,3,0,1.00,0.5,0.5,0.0,0.0,0.0
2025-11-24 04:49:50,cluster_A,15,1,1,0,1.00,0.5,0.5,0.0,0.0,0.0
2025-11-24 04:49:50,clusterB,15,4,4,0,1.00,0.5,0.5,0.0,0.0,0.0
2025-11-24 04:50:12,clusterA,15,3,3,0,1.00,0.5,0.5,0.0,0.0,0.0
2025-11-24 04:50:12,cluster_A,15,1,1,0,1.00,0.5,0.5,0.0,0.0,0.0
2025-11-24 04:50:12,clusterB,15,4,4,0,1.00,0.5,0.5,0.0,0.0,0.0
2025-11-24 04:50:35,clusterA,15,3,3,0,1.00,0.5,0.5,0.0,0.0,0.0
2025-11-24 04:50:35,cluster_A,15,1,1,0,1.00,0.5,0.5,0.0,0.0,0.0
2025-11-24 04:50:35,clusterB,15,4,4,0,1.00,0.5,0.5,0.0,0.0,0.0
2025-11-24 04:50:57,clusterA,15,3,3,0,1.00,0.5,0.5,0.0,0.0,0.0
2025-11-24 04:50:57,cluster_A,15,1,1,0,1.00,0.5,0.5,0.0,0.0,0.0
2025-11-24 04:50:57,clusterB,15,4,4,0,1.00,0.5,0.5,0.0,0.0,0.0
2025-11-24 04:51:19,clusterA,15,3,3,0,1.00,0.5,0.5,0.0,0.0,0.0
2025-11-24 04:51:19,cluster_A,15,1,1,0,1.00,0.5,0.5,0.0,0.0,0.0
2025-11-24 04:51:19,clusterB,15,4,4,0,1.00,0.5,0.5,0.0,0.0,0.0
2025-11-24 04:51:41,clusterA,15,3,3,0,1.00,0.5,0.5,0.0,0.0,0.0
2025-11-24 04:51:41,cluster_A,15,1,1,0,1.00,0.5,0.5,0.0,0.0,0.0
2025-11-24 04:51:41,clusterB,15,4,4,0,1.00,0.5,0.5,0.0,0.0,0.0
2025-11-24 04:52:03,clusterA,15,3,3,0,1.00,0.5,0.5,0.0,0.0,0.0
2025-11-24 04:52:03,cluster_A,15,1,1,0,1.00,0.5,0.5,0.0,0.0,0.0
2025-11-24 04:52:03,clusterB,15,4,4,0,1.00,0.5,0.5,0.0,0.0,0.0
2025-11-24 04:52:25,clusterA,15,3,3,0,1.00,0.5,0.5,0.0,0.0,0.0
2025-11-24 04:52:25,cluster_A,15,1,1,0,1.00,0.5,0.5,0.0,0.0,0.0
2025-11-24 04:52:25,clusterB,15,4,4,0,1.00,0.5,0.5,0.0,0.0,0.0
2025-11-24 04:52:47,clusterA,15,3,3,0,1.00,0.5,0.5,0.0,0.0,0.0
2025-11-24 04:52:47,cluster_A,15,1,1,0,1.00,0.5,0.5,0.0,0.0,0.0
2025-11-24 04:52:47,clusterB,15,4,4,0,1.00,0.5,0.5,0.0,0.0,0.0
2025-11-24 04:53:10,clusterA,15,3,3,0,1.00,0.5,0.5,0.0,0.0,0.0
2025-11-24 04:53:10,cluster_A,15,1,1,0,1.00,0.5,0.5,0.0,0.0,0.0
2025-11-24 04:53:10,clusterB,15,4,4,0,1.00,0.5,0.5,0.0,0.0,0.0
2025-11-24 04:53:32,clusterA,15,3,3,0,1.00,0.5,0.5,0.0,0.0,0.0
2025-11-24 04:53:32,cluster_A,15,1,1,0,1.00,0.5,0.5,0.0,0.0,0.0
2025-11-24 04:53:32,clusterB,15,4,4,0,1.00,0.5,0.5,0.0,0.0,0.0
2025-11-24 04:53:54,clusterA,15,3,3,0,1.00,0.5,0.5,0.0,0.0,0.0
2025-11-24 04:53:54,cluster_A,15,1,1,0,1.00,0.5,0.5,0.0,0.0,0.0
2025-11-24 04:53:54,clusterB,15,4,4,0,1.00,0.5,0.5,0.0,0.0,0.0
2025-11-24 04:54:16,clusterA,15,3,3,0,1.00,0.5,0.5,0.0,0.0,0.0
2025-11-24 04:54:16,cluster_A,15,1,1,0,1.00,0.5,0.5,0.0,0.0,0.0
2025-11-24 04:54:16,clusterB,15,4,4,0,1.00,0.5,0.5,0.0,0.0,0.0
2025-11-24 04:54:38,clusterA,15,3,3,0,1.00,0.5,0.5,0.0,0.0,0.0
2025-11-24 04:54:38,cluster_A,15,1,1,0,1.00,0.5,0.5,0.0,0.0,0.0
2025-11-24 04:54:38,clusterB,15,4,4,0,1.00,0.5,0.5,0.0,0.0,0.0
2025-11-24 04:55:01,clusterA,15,3,3,0,1.00,0.5,0.5,0.0,0.0,0.0
2025-11-24 04:55:01,cluster_A,15,1,1,0,1.00,0.5,0.5,0.0,0.0,0.0
2025-11-24 04:55:01,clusterB,15,4,4,0,1.00,0.5,0.5,0.0,0.0,0.0
2025-11-24 04:55:22,clusterA,15,3,3,0,1.00,0.5,0.5,0.0,0.0,0.0
2025-11-24 04:55:22,cluster_A,15,1,1,0,1.00,0.5,0.5,0.0,0.0,0.0
2025-11-24 04:55:22,clusterB,15,4,4,0,1.00,0.5,0.5,0.0,0.0,0.0
2025-11-24 04:55:44,clusterA,15,3,3,0,1.00,0.5,0.5,0.0,0.0,0.0
2025-11-24 04:55:44,cluster_A,15,1,1,0,1.00,0.5,0.5,0.0,0.0,0.0
2025-11-24 04:55:44,clusterB,15,4,4,0,1.00,0.5,0.5,0.0,0.0,0.0
2025-11-24 04:56:06,clusterA,15,3,3,0,1.00,0.5,0.5,0.0,0.0,0.0
2025-11-24 04:56:06,cluster_A,15,1,1,0,1.00,0.5,0.5,0.0,0.0,0.0
2025-11-24 04:56:06,clusterB,15,4,4,0,1.00,0.5,0.5,0.0,0.0,0.0
2025-11-24 04:56:27,clusterA,15,3,3,0,1.00,0.5,0.5,0.0,0.0,0.0
2025-11-24 04:56:27,cluster_A,15,1,1,0,1.00,0.5,0.5,0.0,0.0,0.0
2025-11-24 04:56:27,clusterB,15,4,4,0,1.00,0.5,0.5,0.0,0.0,0.0
2025-11-24 04:56:49,clusterA,15,3,3,0,1.00,0.5,0.5,0.0,0.0,0.0
2025-11-24 04:56:49,cluster_A,15,1,1,0,1.00,0.5,0.5,0.0,0.0,0.0
2025-11-24 04:56:49,clusterB,15,4,4,0,1.00,0.5,0.5,0.0,0.0,0.0
2025-11-24 04:57:10,clusterA,15,3,3,0,1.00,0.5,0.5,0.0,0.0,0.0
2025-11-24 04:57:10,cluster_A,15,1,1,0,1.00,0.5,0.5,0.0,0.0,0.0
2025-11-24 04:57:10,clusterB,15,4,4,0,1.00,0.5,0.5,0.0,0.0,0.0
2025-11-24 04:57:32,clusterA,15,3,3,0,1.00,0.5,0.5,0.0,0.0,0.0
2025-11-24 04:57:32,cluster_A,15,1,1,0,1.00,0.5,0.5,0.0,0.0,0.0
2025-11-24 04:57:32,clusterB,15,4,4,0,1.00,0.5,0.5,0.0,0.0,0.0
2025-11-24 04:57:54,clusterA,15,3,3,0,1.00,0.5,0.5,0.0,0.0,0.0
2025-11-24 04:57:54,cluster_A,15,1,1,0,1.00,0.5,0.5,0.0,0.0,0.0
2025-11-24 04:57:54,clusterB,15,4,4,0,1.00,0.5,0.5,0.0,0.0,0.0
2025-11-24 04:58:15,clusterA,15,3,3,0,1.00,0.5,0.5,0.0,0.0,0.0
2025-11-24 04:58:15,cluster_A,15,1,1,0,1.00,0.5,0.5,0.0,0.0,0.0
2025-11-24 04:58:15,clusterB,15,4,4,0,1.00,0.5,0.5,0.0,0.0,0.0
2025-11-24 04:58:37,clusterA,15,3,3,0,1.00,0.5,0.5,0.0,0.0,0.0
2025-11-24 04:58:37,cluster_A,15,1,1,0,1.00,0.5,0.5,0.0,0.0,0.0
2025-11-24 04:58:37,clusterB,15,4,4,0,1.00,0.5,0.5,0.0,0.0,0.0
2025-11-24 04:58:59,clusterA,15,3,3,0,1.00,0.5,0.5,0.0,0.0,0.0
2025-11-24 04:58:59,cluster_A,15,1,1,0,1.00,0.5,0.5,0.0,0.0,0.0
2025-11-24 04:58:59,clusterB,15,4,4,0,1.00,0.5,0.5,0.0,0.0,0.0
2025-11-24 04:59:21,clusterA,15,3,3,0,1.00,0.5,0.5,0.0,0.0,0.0
2025-11-24 04:59:21,cluster_A,15,1,1,0,1.00,0.5,0.5,0.0,0.0,0.0
2025-11-24 04:59:21,clusterB,15,4,4,0,1.00,0.5,0.5,0.0,0.0,0.0
2025-11-24 04:59:43,clusterA,15,3,3,0,1.00,0.5,0.5,0.0,0.0,0.0
2025-11-24 04:59:43,cluster_A,15,1,1,0,1.00,0.5,0.5,0.0,0.0,0.0
2025-11-24 04:59:43,clusterB,15,4,4,0,1.00,0.5,0.5,0.0,0.0,0.0
2025-11-24 05:00:04,clusterA,15,3,3,0,1.00,0.5,0.5,0.0,0.0,0.0
2025-11-24 05:00:04,cluster_A,15,1,1,0,1.00,0.5,0.5,0.0,0.0,0.0
2025-11-24 05:00:04,clusterB,15,4,4,0,1.00,0.5,0.5,0.0,0.0,0.0
2025-11-24 05:00:26,clusterA,15,3,3,0,1.00,0.5,0.5,0.0,0.0,0.0
2025-11-24 05:00:26,cluster_A,15,1,1,0,1.00,0.5,0.5,0.0,0.0,0.0
2025-11-24 05:00:26,clusterB,15,4,4,0,1.00,0.5,0.5,0.0,0.0,0.0
2025-11-24 05:00:48,clusterA,15,3,3,0,1.00,0.5,0.5,0.0,0.0,0.0
2025-11-24 05:00:48,cluster_A,15,1,1,0,1.00,0.5,0.5,0.0,0.0,0.0
2025-11-24 05:00:48,clusterB,15,4,4,0,1.00,0.5,0.5,0.0,0.0,0.0
2025-11-24 05:01:10,clusterA,15,3,3,0,1.00,0.5,0.5,0.0,0.0,0.0
2025-11-24 05:01:10,cluster_A,15,1,1,0,1.00,0.5,0.5,0.0,0.0,0.0
2025-11-24 05:01:10,clusterB,15,4,4,0,1.00,0.5,0.5,0.0,0.0,0.0
2025-11-24 05:01:32,clusterA,15,3,3,0,1.00,0.5,0.5,0.0,0.0,0.0
2025-11-24 05:01:32,cluster_A,15,1,1,0,1.00,0.5,0.5,0.0,0.0,0.0
2025-11-24 05:01:32,clusterB,15,4,4,0,1.00,0.5,0.5,0.0,0.0,0.0
2025-11-24 05:01:53,clusterA,15,3,3,0,1.00,0.5,0.5,0.0,0.0,0.0
2025-11-24 05:01:53,cluster_A,15,1,1,0,1.00,0.5,0.5,0.0,0.0,0.0
2025-11-24 05:01:53,clusterB,15,4,4,0,1.00,0.5,0.5,0.0,0.0,0.0
2025-11-24 05:02:16,clusterA,15,3,3,0,1.00,0.5,0.5,0.0,0.0,0.0
2025-11-24 05:02:16,cluster_A,15,1,1,0,1.00,0.5,0.5,0.0,0.0,0.0
2025-11-24 05:02:16,clusterB,15,4,4,0,1.00,0.5,0.5,0.0,0.0,0.0
2025-11-24 05:02:37,clusterA,15,3,3,0,1.00,0.5,0.5,0.0,0.0,0.0
2025-11-24 05:02:37,cluster_A,15,1,1,0,1.00,0.5,0.5,0.0,0.0,0.0
2025-11-24 05:02:37,clusterB,15,4,4,0,1.00,0.5,0.5,0.0,0.0,0.0
2025-11-24 05:02:59,clusterA,15,3,3,0,1.00,0.5,0.5,0.0,0.0,0.0
2025-11-24 05:02:59,cluster_A,15,1,1,0,1.00,0.5,0.5,0.0,0.0,0.0
2025-11-24 05:02:59,clusterB,15,4,4,0,1.00,0.5,0.5,0.0,0.0,0.0
2025-11-24 05:03:21,clusterA,15,3,3,0,1.00,0.5,0.5,0.0,0.0,0.0
2025-11-24 05:03:21,cluster_A,15,1,1,0,1.00,0.5,0.5,0.0,0.0,0.0
2025-11-24 05:03:21,clusterB,15,4,4,0,1.00,0.5,0.5,0.0,0.0,0.0
2025-11-24 05:03:43,clusterA,15,3,3,0,1.00,0.5,0.5,0.0,0.0,0.0
2025-11-24 05:03:43,cluster_A,15,1,1,0,1.00,0.5,0.5,0.0,0.0,0.0
2025-11-24 05:03:43,clusterB,15,4,4,0,1.00,0.5,0.5,0.0,0.0,0.0
2025-11-24 05:04:05,clusterA,15,3,3,0,1.00,0.5,0.5,0.0,0.0,0.0
2025-11-24 05:04:05,cluster_A,15,1,1,0,1.00,0.5,0.5,0.0,0.0,0.0
2025-11-24 05:04:05,clusterB,15,4,4,0,1.00,0.5,0.5,0.0,0.0,0.0
2025-11-24 05:04:27,clusterA,15,3,3,0,1.00,0.5,0.5,0.0,0.0,0.0
2025-11-24 05:04:27,cluster_A,15,1,1,0,1.00,0.5,0.5,0.0,0.0,0.0
2025-11-24 05:04:27,clusterB,15,4,4,0,1.00,0.5,0.5,0.0,0.0,0.0
2025-11-24 05:04:48,clusterA,15,3,3,0,1.00,0.5,0.5,0.0,0.0,0.0
2025-11-24 05:04:48,cluster_A,15,1,1,0,1.00,0.5,0.5,0.0,0.0,0.0
2025-11-24 05:04:48,clusterB,15,4,4,0,1.00,0.5,0.5,0.0,0.0,0.0
2025-11-24 05:05:10,clusterA,15,3,3,0,1.00,0.5,0.5,0.0,0.0,0.0
2025-11-24 05:05:10,cluster_A,15,1,1,0,1.00,0.5,0.5,0.0,0.0,0.0
2025-11-24 05:05:10,clusterB,15,4,4,0,1.00,0.5,0.5,0.0,0.0,0.0
2025-11-24 05:05:32,clusterA,15,3,3,0,1.00,0.5,0.5,0.0,0.0,0.0
2025-11-24 05:05:32,cluster_A,15,1,1,0,1.00,0.5,0.5,0.0,0.0,0.0
2025-11-24 05:05:32,clusterB,15,4,4,0,1.00,0.5,0.5,0.0,0.0,0.0
2025-11-24 05:05:54,clusterA,15,3,3,0,1.00,0.5,0.5,0.0,0.0,0.0
2025-11-24 05:05:54,cluster_A,15,1,1,0,1.00,0.5,0.5,0.0,0.0,0.0
2025-11-24 05:05:54,clusterB,15,4,4,0,1.00,0.5,0.5,0.0,0.0,0.0
2025-11-24 05:06:17,clusterA,15,3,3,0,1.00,0.5,0.5,0.0,0.0,0.0
2025-11-24 05:06:17,cluster_A,15,1,1,0,1.00,0.5,0.5,0.0,0.0,0.0
2025-11-24 05:06:17,clusterB,15,4,4,0,1.00,0.5,0.5,0.0,0.0,0.0
2025-11-24 05:06:39,clusterA,15,3,3,0,1.00,0.5,0.5,0.0,0.0,0.0
2025-11-24 05:06:39,cluster_A,15,1,1,0,1.00,0.5,0.5,0.0,0.0,0.0
2025-11-24 05:06:39,clusterB,15,4,4,0,1.00,0.5,0.5,0.0,0.0,0.0
2025-11-24 05:07:00,clusterA,15,3,3,0,1.00,0.5,0.5,0.0,0.0,0.0
2025-11-24 05:07:00,cluster_A,15,1,1,0,1.00,0.5,0.5,0.0,0.0,0.0
2025-11-24 05:07:00,clusterB,15,4,4,0,1.00,0.5,0.5,0.0,0.0,0.0
2025-11-24 05:07:22,clusterA,15,3,3,0,1.00,0.5,0.5,0.0,0.0,0.0
2025-11-24 05:07:22,cluster_A,15,1,1,0,1.00,0.5,0.5,0.0,0.0,0.0
2025-11-24 05:07:22,clusterB,15,4,4,0,1.00,0.5,0.5,0.0,0.0,0.0
2025-11-24 05:07:44,clusterA,15,3,3,0,1.00,0.5,0.5,0.0,0.0,0.0
2025-11-24 05:07:44,cluster_A,15,1,1,0,1.00,0.5,0.5,0.0,0.0,0.0
2025-11-24 05:07:44,clusterB,15,4,4,0,1.00,0.5,0.5,0.0,0.0,0.0
2025-11-24 05:08:06,clusterA,15,3,3,0,1.00,0.5,0.5,0.0,0.0,0.0
2025-11-24 05:08:06,cluster_A,15,1,1,0,1.00,0.5,0.5,0.0,0.0,0.0
2025-11-24 05:08:06,clusterB,15,4,4,0,1.00,0.5,0.5,0.0,0.0,0.0
2025-11-24 05:08:27,clusterA,15,3,3,0,1.00,0.5,0.5,0.0,0.0,0.0
2025-11-24 05:08:27,cluster_A,15,1,1,0,1.00,0.5,0.5,0.0,0.0,0.0
2025-11-24 05:08:27,clusterB,15,4,4,0,1.00,0.5,0.5,0.0,0.0,0.0
2025-11-24 05:08:49,clusterA,15,3,3,0,1.00,0.5,0.5,0.0,0.0,0.0
2025-11-24 05:08:49,cluster_A,15,1,1,0,1.00,0.5,0.5,0.0,0.0,0.0
2025-11-24 05:08:49,clusterB,15,4,4,0,1.00,0.5,0.5,0.0,0.0,0.0
2025-11-24 05:09:11,clusterA,15,3,3,0,1.00,0.5,0.5,0.0,0.0,0.0
2025-11-24 05:09:11,cluster_A,15,1,1,0,1.00,0.5,0.5,0.0,0.0,0.0
2025-11-24 05:09:11,clusterB,15,4,4,0,1.00,0.5,0.5,0.0,0.0,0.0
2025-11-24 05:09:33,clusterA,15,3,3,0,1.00,0.5,0.5,0.0,0.0,0.0
2025-11-24 05:09:33,cluster_A,15,1,1,0,1.00,0.5,0.5,0.0,0.0,0.0
2025-11-24 05:09:33,clusterB,15,4,4,0,1.00,0.5,0.5,0.0,0.0,0.0
2025-11-24 05:09:56,clusterA,15,3,3,0,1.00,0.5,0.5,0.0,0.0,0.0
2025-11-24 05:09:56,cluster_A,15,1,1,0,1.00,0.5,0.5,0.0,0.0,0.0
2025-11-24 05:09:56,clusterB,15,4,4,0,1.00,0.5,0.5,0.0,0.0,0.0
2025-11-24 05:10:17,clusterA,15,3,3,0,1.00,0.5,0.5,0.0,0.0,0.0
2025-11-24 05:10:17,cluster_A,15,1,1,0,1.00,0.5,0.5,0.0,0.0,0.0
2025-11-24 05:10:17,clusterB,15,4,4,0,1.00,0.5,0.5,0.0,0.0,0.0
2025-11-24 05:10:39,clusterA,15,3,3,0,1.00,0.5,0.5,0.0,0.0,0.0
2025-11-24 05:10:39,cluster_A,15,1,1,0,1.00,0.5,0.5,0.0,0.0,0.0
2025-11-24 05:10:39,clusterB,15,4,4,0,1.00,0.5,0.5,0.0,0.0,0.0
2025-11-24 05:11:01,clusterA,15,3,3,0,1.00,0.5,0.5,0.0,0.0,0.0
2025-11-24 05:11:01,cluster_A,15,1,1,0,1.00,0.5,0.5,0.0,0.0,0.0
2025-11-24 05:11:01,clusterB,15,4,4,0,1.00,0.5,0.5,0.0,0.0,0.0
2025-11-24 05:11:22,clusterA,15,3,3,0,1.00,0.5,0.5,0.0,0.0,0.0
2025-11-24 05:11:22,cluster_A,15,1,1,0,1.00,0.5,0.5,0.0,0.0,0.0
2025-11-24 05:11:22,clusterB,15,4,4,0,1.00,0.5,0.5,0.0,0.0,0.0
2025-11-24 05:11:45,clusterA,15,3,3,0,1.00,0.5,0.5,0.0,0.0,0.0
2025-11-24 05:11:45,cluster_A,15,1,1,0,1.00,0.5,0.5,0.0,0.0,0.0
2025-11-24 05:11:45,clusterB,15,4,4,0,1.00,0.5,0.5,0.0,0.0,0.0
2025-11-24 05:12:07,clusterA,15,3,3,0,1.00,0.5,0.5,0.0,0.0,0.0
2025-11-24 05:12:07,cluster_A,15,1,1,0,1.00,0.5,0.5,0.0,0.0,0.0
2025-11-24 05:12:07,clusterB,15,4,4,0,1.00,0.5,0.5,0.0,0.0,0.0
2025-11-24 05:12:29,clusterA,15,3,3,0,1.00,0.5,0.5,0.0,0.0,0.0
2025-11-24 05:12:29,cluster_A,15,1,1,0,1.00,0.5,0.5,0.0,0.0,0.0
2025-11-24 05:12:29,clusterB,15,4,4,0,1.00,0.5,0.5,0.0,0.0,0.0
2025-11-24 05:12:51,clusterA,15,3,3,0,1.00,0.5,0.5,0.0,0.0,0.0
2025-11-24 05:12:51,cluster_A,15,1,1,0,1.00,0.5,0.5,0.0,0.0,0.0
2025-11-24 05:12:51,clusterB,15,4,4,0,1.00,0.5,0.5,0.0,0.0,0.0
2025-11-24 05:13:13,clusterA,15,3,3,0,1.00,0.5,0.5,0.0,0.0,0.0
2025-11-24 05:13:13,cluster_A,15,1,1,0,1.00,0.5,0.5,0.0,0.0,0.0
2025-11-24 05:13:13,clusterB,15,4,4,0,1.00,0.5,0.5,0.0,0.0,0.0
2025-11-24 05:13:35,clusterA,15,3,3,0,1.00,0.5,0.5,0.0,0.0,0.0
2025-11-24 05:13:35,cluster_A,15,1,1,0,1.00,0.5,0.5,0.0,0.0,0.0
2025-11-24 05:13:35,clusterB,15,4,4,0,1.00,0.5,0.5,0.0,0.0,0.0
2025-11-24 05:13:57,clusterA,15,3,3,0,1.00,0.5,0.5,0.0,0.0,0.0
2025-11-24 05:13:57,cluster_A,15,1,1,0,1.00,0.5,0.5,0.0,0.0,0.0
2025-11-24 05:13:57,clusterB,15,4,4,0,1.00,0.5,0.5,0.0,0.0,0.0
2025-11-24 05:14:18,clusterA,15,3,3,0,1.00,0.5,0.5,0.0,0.0,0.0
2025-11-24 05:14:18,cluster_A,15,1,1,0,1.00,0.5,0.5,0.0,0.0,0.0
2025-11-24 05:14:18,clusterB,15,4,4,0,1.00,0.5,0.5,0.0,0.0,0.0
2025-11-24 05:14:40,clusterA,15,3,3,0,1.00,0.5,0.5,0.0,0.0,0.0
2025-11-24 05:14:40,cluster_A,15,1,1,0,1.00,0.5,0.5,0.0,0.0,0.0
2025-11-24 05:14:40,clusterB,15,4,4,0,1.00,0.5,0.5,0.0,0.0,0.0
2025-11-24 05:15:01,clusterA,15,3,3,0,1.00,0.5,0.5,0.0,0.0,0.0
2025-11-24 05:15:01,cluster_A,15,1,1,0,1.00,0.5,0.5,0.0,0.0,0.0
2025-11-24 05:15:01,clusterB,15,4,4,0,1.00,0.5,0.5,0.0,0.0,0.0
2025-11-24 05:15:23,clusterA,15,3,3,0,1.00,0.5,0.5,0.0,0.0,0.0
2025-11-24 05:15:23,cluster_A,15,1,1,0,1.00,0.5,0.5,0.0,0.0,0.0
2025-11-24 05:15:23,clusterB,15,4,4,0,1.00,0.5,0.5,0.0,0.0,0.0
2025-11-24 05:15:44,clusterA,15,3,3,0,1.00,0.5,0.5,0.0,0.0,0.0
2025-11-24 05:15:44,cluster_A,15,1,1,0,1.00,0.5,0.5,0.0,0.0,0.0
2025-11-24 05:15:44,clusterB,15,4,4,0,1.00,0.5,0.5,0.0,0.0,0.0
2025-11-24 05:16:06,clusterA,15,3,3,0,1.00,0.5,0.5,0.0,0.0,0.0
2025-11-24 05:16:06,cluster_A,15,1,1,0,1.00,0.5,0.5,0.0,0.0,0.0
2025-11-24 05:16:06,clusterB,15,4,4,0,1.00,0.5,0.5,0.0,0.0,0.0
2025-11-24 05:16:29,clusterA,15,3,3,0,1.00,0.5,0.5,0.0,0.0,0.0
2025-11-24 05:16:29,cluster_A,15,1,1,0,1.00,0.5,0.5,0.0,0.0,0.0
2025-11-24 05:16:29,clusterB,15,4,4,0,1.00,0.5,0.5,0.0,0.0,0.0
2025-11-24 05:16:51,clusterA,15,3,3,0,1.00,0.5,0.5,0.0,0.0,0.0
2025-11-24 05:16:51,cluster_A,15,1,1,0,1.00,0.5,0.5,0.0,0.0,0.0
2025-11-24 05:16:51,clusterB,15,4,4,0,1.00,0.5,0.5,0.0,0.0,0.0
2025-11-24 05:17:13,clusterA,15,3,3,0,1.00,0.5,0.5,0.0,0.0,0.0
2025-11-24 05:17:13,cluster_A,15,1,1,0,1.00,0.5,0.5,0.0,0.0,0.0
2025-11-24 05:17:13,clusterB,15,4,4,0,1.00,0.5,0.5,0.0,0.0,0.0
2025-11-24 05:17:35,clusterA,15,3,3,0,1.00,0.5,0.5,0.0,0.0,0.0
2025-11-24 05:17:35,cluster_A,15,1,1,0,1.00,0.5,0.5,0.0,0.0,0.0
2025-11-24 05:17:35,clusterB,15,4,4,0,1.00,0.5,0.5,0.0,0.0,0.0
2025-11-24 05:17:56,clusterA,15,3,3,0,1.00,0.5,0.5,0.0,0.0,0.0
2025-11-24 05:17:56,cluster_A,15,1,1,0,1.00,0.5,0.5,0.0,0.0,0.0
2025-11-24 05:17:56,clusterB,15,4,4,0,1.00,0.5,0.5,0.0,0.0,0.0
2025-11-24 05:18:18,clusterA,15,3,3,0,1.00,0.5,0.5,0.0,0.0,0.0
2025-11-24 05:18:18,cluster_A,15,1,1,0,1.00,0.5,0.5,0.0,0.0,0.0
2025-11-24 05:18:18,clusterB,15,4,4,0,1.00,0.5,0.5,0.0,0.0,0.0
2025-11-24 05:18:41,clusterA,15,3,3,0,1.00,0.5,0.5,0.0,0.0,0.0
2025-11-24 05:18:41,cluster_A,15,1,1,0,1.00,0.5,0.5,0.0,0.0,0.0
2025-11-24 05:18:41,clusterB,15,4,4,0,1.00,0.5,0.5,0.0,0.0,0.0
2025-11-24 05:19:02,clusterA,15,3,3,0,1.00,0.5,0.5,0.0,0.0,0.0
2025-11-24 05:19:02,cluster_A,15,1,1,0,1.00,0.5,0.5,0.0,0.0,0.0
2025-11-24 05:19:02,clusterB,15,4,4,0,1.00,0.5,0.5,0.0,0.0,0.0
2025-11-24 05:19:24,clusterA,15,3,3,0,1.00,0.5,0.5,0.0,0.0,0.0
2025-11-24 05:19:24,cluster_A,15,1,1,0,1.00,0.5,0.5,0.0,0.0,0.0
2025-11-24 05:19:24,clusterB,15,4,4,0,1.00,0.5,0.5,0.0,0.0,0.0
2025-11-24 05:19:46,clusterA,15,3,3,0,1.00,0.5,0.5,0.0,0.0,0.0
2025-11-24 05:19:46,cluster_A,15,1,1,0,1.00,0.5,0.5,0.0,0.0,0.0
2025-11-24 05:19:46,clusterB,15,4,3,1,0.75,0.5,0.5,0.0,0.0,0.0
2025-11-24 05:20:08,clusterA,14,3,3,0,1.00,0.5,0.5,0.0,0.0,0.0
2025-11-24 05:20:08,cluster_A,14,1,1,0,1.00,0.5,0.5,0.0,0.0,0.0
2025-11-24 05:20:08,clusterB,14,4,4,0,1.00,0.5,0.5,0.0,0.0,0.0
2025-11-24 05:20:29,clusterA,14,3,3,0,1.00,0.5,0.5,0.0,0.0,0.0
2025-11-24 05:20:29,cluster_A,14,1,1,0,1.00,0.5,0.5,0.0,0.0,0.0
2025-11-24 05:20:29,clusterB,14,4,4,0,1.00,0.5,0.5,0.0,0.0,0.0
2025-11-24 05:20:51,clusterA,14,3,3,0,1.00,0.5,0.5,0.0,0.0,0.0
2025-11-24 05:20:51,cluster_A,14,1,1,0,1.00,0.5,0.5,0.0,0.0,0.0
2025-11-24 05:20:51,clusterB,14,4,4,0,1.00,0.5,0.5,0.0,0.0,0.0
2025-11-24 05:21:12,clusterA,14,3,3,0,1.00,0.5,0.5,0.0,0.0,0.0
2025-11-24 05:21:12,cluster_A,14,1,1,0,1.00,0.5,0.5,0.0,0.0,0.0
2025-11-24 05:21:12,clusterB,14,4,4,0,1.00,0.5,0.5,0.0,0.0,0.0
2025-11-24 05:21:34,clusterA,14,3,3,0,1.00,0.5,0.5,0.0,0.0,0.0
2025-11-24 05:21:34,cluster_A,14,1,1,0,1.00,0.5,0.5,0.0,0.0,0.0
2025-11-24 05:21:34,clusterB,14,4,4,0,1.00,0.5,0.5,0.0,0.0,0.0
2025-11-24 05:21:56,clusterA,14,3,3,0,1.00,0.5,0.5,0.0,0.0,0.0
2025-11-24 05:21:56,cluster_A,14,1,1,0,1.00,0.5,0.5,0.0,0.0,0.0
2025-11-24 05:21:56,clusterB,14,4,4,0,1.00,0.5,0.5,0.0,0.0,0.0
2025-11-24 05:22:18,clusterA,14,3,3,0,1.00,0.5,0.5,0.0,0.0,0.0
2025-11-24 05:22:18,cluster_A,14,1,1,0,1.00,0.5,0.5,0.0,0.0,0.0
2025-11-24 05:22:18,clusterB,14,4,4,0,1.00,0.5,0.5,0.0,0.0,0.0
2025-11-24 05:22:40,clusterA,14,3,3,0,1.00,0.5,0.5,0.0,0.0,0.0
2025-11-24 05:22:40,cluster_A,14,1,1,0,1.00,0.5,0.5,0.0,0.0,0.0
2025-11-24 05:22:40,clusterB,14,4,4,0,1.00,0.5,0.5,0.0,0.0,0.0
2025-11-24 05:23:02,clusterA,14,3,3,0,1.00,0.5,0.5,0.0,0.0,0.0
2025-11-24 05:23:02,cluster_A,14,1,1,0,1.00,0.5,0.5,0.0,0.0,0.0
2025-11-24 05:23:02,clusterB,14,4,4,0,1.00,0.5,0.5,0.0,0.0,0.0
2025-11-24 05:23:24,clusterA,14,3,3,0,1.00,0.5,0.5,0.0,0.0,0.0
2025-11-24 05:23:24,cluster_A,14,1,1,0,1.00,0.5,0.5,0.0,0.0,0.0
2025-11-24 05:23:24,clusterB,14,4,4,0,1.00,0.5,0.5,0.0,0.0,0.0
2025-11-24 05:23:46,clusterA,14,3,3,0,1.00,0.5,0.5,0.0,0.0,0.0
2025-11-24 05:23:46,cluster_A,14,1,1,0,1.00,0.5,0.5,0.0,0.0,0.0
2025-11-24 05:23:46,clusterB,14,4,4,0,1.00,0.5,0.5,0.0,0.0,0.0
2025-11-24 05:24:07,clusterA,14,3,3,0,1.00,0.5,0.5,0.0,0.0,0.0
2025-11-24 05:24:07,cluster_A,14,1,1,0,1.00,0.5,0.5,0.0,0.0,0.0
2025-11-24 05:24:07,clusterB,14,4,4,0,1.00,0.5,0.5,0.0,0.0,0.0
2025-11-24 05:24:29,clusterA,14,3,3,0,1.00,0.5,0.5,0.0,0.0,0.0
2025-11-24 05:24:29,cluster_A,14,1,1,0,1.00,0.5,0.5,0.0,0.0,0.0
2025-11-24 05:24:29,clusterB,14,4,4,0,1.00,0.5,0.5,0.0,0.0,0.0
2025-11-24 05:24:51,clusterA,14,3,3,0,1.00,0.5,0.5,0.0,0.0,0.0
2025-11-24 05:24:51,cluster_A,14,1,1,0,1.00,0.5,0.5,0.0,0.0,0.0
2025-11-24 05:24:51,clusterB,14,4,4,0,1.00,0.5,0.5,0.0,0.0,0.0
2025-11-24 05:25:13,clusterA,14,3,3,0,1.00,0.5,0.5,0.0,0.0,0.0
2025-11-24 05:25:13,cluster_A,14,1,1,0,1.00,0.5,0.5,0.0,0.0,0.0
2025-11-24 05:25:13,clusterB,14,4,4,0,1.00,0.5,0.5,0.0,0.0,0.0
2025-11-24 05:25:35,clusterA,14,3,3,0,1.00,0.5,0.5,0.0,0.0,0.0
2025-11-24 05:25:35,cluster_A,14,1,1,0,1.00,0.5,0.5,0.0,0.0,0.0
2025-11-24 05:25:35,clusterB,14,4,4,0,1.00,0.5,0.5,0.0,0.0,0.0
2025-11-24 05:25:57,clusterA,14,3,3,0,1.00,0.5,0.5,0.0,0.0,0.0
2025-11-24 05:25:57,cluster_A,14,1,1,0,1.00,0.5,0.5,0.0,0.0,0.0
2025-11-24 05:25:57,clusterB,14,4,4,0,1.00,0.5,0.5,0.0,0.0,0.0
2025-11-24 05:26:18,clusterA,14,3,3,0,1.00,0.5,0.5,0.0,0.0,0.0
2025-11-24 05:26:18,cluster_A,14,1,1,0,1.00,0.5,0.5,0.0,0.0,0.0
2025-11-24 05:26:18,clusterB,14,4,4,0,1.00,0.5,0.5,0.0,0.0,0.0
2025-11-24 05:26:41,clusterA,14,3,3,0,1.00,0.5,0.5,0.0,0.0,0.0
2025-11-24 05:26:41,cluster_A,14,1,1,0,1.00,0.5,0.5,0.0,0.0,0.0
2025-11-24 05:26:41,clusterB,14,4,4,0,1.00,0.5,0.5,0.0,0.0,0.0
2025-11-24 05:27:02,clusterA,14,3,3,0,1.00,0.5,0.5,0.0,0.0,0.0
2025-11-24 05:27:02,cluster_A,14,1,1,0,1.00,0.5,0.5,0.0,0.0,0.0
2025-11-24 05:27:02,clusterB,14,4,4,0,1.00,0.5,0.5,0.0,0.0,0.0
2025-11-24 05:27:24,clusterA,14,3,3,0,1.00,0.5,0.5,0.0,0.0,0.0
2025-11-24 05:27:24,cluster_A,14,1,1,0,1.00,0.5,0.5,0.0,0.0,0.0
2025-11-24 05:27:24,clusterB,14,4,4,0,1.00,0.5,0.5,0.0,0.0,0.0
2025-11-24 05:27:46,clusterA,14,3,3,0,1.00,0.5,0.5,0.0,0.0,0.0
2025-11-24 05:27:46,cluster_A,14,1,1,0,1.00,0.5,0.5,0.0,0.0,0.0
2025-11-24 05:27:46,clusterB,14,4,4,0,1.00,0.5,0.5,0.0,0.0,0.0
2025-11-24 05:28:08,clusterA,14,3,3,0,1.00,0.5,0.5,0.0,0.0,0.0
2025-11-24 05:28:08,cluster_A,14,1,1,0,1.00,0.5,0.5,0.0,0.0,0.0
2025-11-24 05:28:08,clusterB,14,4,4,0,1.00,0.5,0.5,0.0,0.0,0.0
2025-11-24 05:28:29,clusterA,14,3,3,0,1.00,0.5,0.5,0.0,0.0,0.0
2025-11-24 05:28:29,cluster_A,14,1,1,0,1.00,0.5,0.5,0.0,0.0,0.0
2025-11-24 05:28:29,clusterB,14,4,4,0,1.00,0.5,0.5,0.0,0.0,0.0
2025-11-24 05:28:51,clusterA,14,3,3,0,1.00,0.5,0.5,0.0,0.0,0.0
2025-11-24 05:28:51,cluster_A,14,1,1,0,1.00,0.5,0.5,0.0,0.0,0.0
2025-11-24 05:28:51,clusterB,14,4,4,0,1.00,0.5,0.5,0.0,0.0,0.0
2025-11-24 05:29:12,clusterA,14,3,3,0,1.00,0.5,0.5,0.0,0.0,0.0
2025-11-24 05:29:12,cluster_A,14,1,1,0,1.00,0.5,0.5,0.0,0.0,0.0
2025-11-24 05:29:12,clusterB,14,4,4,0,1.00,0.5,0.5,0.0,0.0,0.0
2025-11-24 05:29:34,clusterA,14,3,3,0,1.00,0.5,0.5,0.0,0.0,0.0
2025-11-24 05:29:34,cluster_A,14,1,1,0,1.00,0.5,0.5,0.0,0.0,0.0
2025-11-24 05:29:34,clusterB,14,4,4,0,1.00,0.5,0.5,0.0,0.0,0.0
2025-11-24 05:29:56,clusterA,14,3,3,0,1.00,0.5,0.5,0.0,0.0,0.0
2025-11-24 05:29:56,cluster_A,14,1,1,0,1.00,0.5,0.5,0.0,0.0,0.0
2025-11-24 05:29:56,clusterB,14,4,4,0,1.00,0.5,0.5,0.0,0.0,0.0
2025-11-24 05:30:18,clusterA,14,3,3,0,1.00,0.5,0.5,0.0,0.0,0.0
2025-11-24 05:30:18,cluster_A,14,1,1,0,1.00,0.5,0.5,0.0,0.0,0.0
2025-11-24 05:30:18,clusterB,14,4,4,0,1.00,0.5,0.5,0.0,0.0,0.0
2025-11-24 05:30:39,clusterA,14,3,3,0,1.00,0.5,0.5,0.0,0.0,0.0
2025-11-24 05:30:39,cluster_A,14,1,1,0,1.00,0.5,0.5,0.0,0.0,0.0
2025-11-24 05:30:39,clusterB,14,4,4,0,1.00,0.5,0.5,0.0,0.0,0.0
2025-11-24 05:31:01,clusterA,14,3,3,0,1.00,0.5,0.5,0.0,0.0,0.0
2025-11-24 05:31:01,cluster_A,14,1,1,0,1.00,0.5,0.5,0.0,0.0,0.0
2025-11-24 05:31:01,clusterB,14,4,4,0,1.00,0.5,0.5,0.0,0.0,0.0
2025-11-24 05:31:23,clusterA,14,3,3,0,1.00,0.5,0.5,0.0,0.0,0.0
2025-11-24 05:31:23,cluster_A,14,1,1,0,1.00,0.5,0.5,0.0,0.0,0.0
2025-11-24 05:31:23,clusterB,14,4,4,0,1.00,0.5,0.5,0.0,0.0,0.0
2025-11-24 05:31:45,clusterA,14,3,3,0,1.00,0.5,0.5,0.0,0.0,0.0
2025-11-24 05:31:45,cluster_A,14,1,1,0,1.00,0.5,0.5,0.0,0.0,0.0
2025-11-24 05:31:45,clusterB,14,4,4,0,1.00,0.5,0.5,0.0,0.0,0.0
2025-11-24 05:32:07,clusterA,14,3,3,0,1.00,0.5,0.5,0.0,0.0,0.0
2025-11-24 05:32:07,cluster_A,14,1,1,0,1.00,0.5,0.5,0.0,0.0,0.0
2025-11-24 05:32:07,clusterB,14,4,4,0,1.00,0.5,0.5,0.0,0.0,0.0
2025-11-24 05:32:29,clusterA,14,3,3,0,1.00,0.5,0.5,0.0,0.0,0.0
2025-11-24 05:32:29,cluster_A,14,1,1,0,1.00,0.5,0.5,0.0,0.0,0.0
2025-11-24 05:32:29,clusterB,14,4,4,0,1.00,0.5,0.5,0.0,0.0,0.0
2025-11-24 05:32:51,clusterA,14,3,3,0,1.00,0.5,0.5,0.0,0.0,0.0
2025-11-24 05:32:51,cluster_A,14,1,1,0,1.00,0.5,0.5,0.0,0.0,0.0
2025-11-24 05:32:51,clusterB,14,4,4,0,1.00,0.5,0.5,0.0,0.0,0.0
2025-11-24 05:33:12,clusterA,14,3,3,0,1.00,0.5,0.5,0.0,0.0,0.0
2025-11-24 05:33:12,cluster_A,14,1,1,0,1.00,0.5,0.5,0.0,0.0,0.0
2025-11-24 05:33:12,clusterB,14,4,4,0,1.00,0.5,0.5,0.0,0.0,0.0
2025-11-24 05:33:34,clusterA,14,3,3,0,1.00,0.5,0.5,0.0,0.0,0.0
2025-11-24 05:33:34,cluster_A,14,1,1,0,1.00,0.5,0.5,0.0,0.0,0.0
2025-11-24 05:33:34,clusterB,14,4,4,0,1.00,0.5,0.5,0.0,0.0,0.0
2025-11-24 05:33:56,clusterA,14,3,3,0,1.00,0.5,0.5,0.0,0.0,0.0
2025-11-24 05:33:56,cluster_A,14,1,1,0,1.00,0.5,0.5,0.0,0.0,0.0
2025-11-24 05:33:56,clusterB,14,4,4,0,1.00,0.5,0.5,0.0,0.0,0.0
2025-11-24 05:34:18,clusterA,14,3,3,0,1.00,0.5,0.5,0.0,0.0,0.0
2025-11-24 05:34:18,cluster_A,14,1,1,0,1.00,0.5,0.5,0.0,0.0,0.0
2025-11-24 05:34:18,clusterB,14,4,4,0,1.00,0.5,0.5,0.0,0.0,0.0
2025-11-24 05:34:39,clusterA,14,3,3,0,1.00,0.5,0.5,0.0,0.0,0.0
2025-11-24 05:34:39,cluster_A,14,1,1,0,1.00,0.5,0.5,0.0,0.0,0.0
2025-11-24 05:34:39,clusterB,14,4,4,0,1.00,0.5,0.5,0.0,0.0,0.0
2025-11-24 05:35:01,clusterA,14,3,3,0,1.00,0.5,0.5,0.0,0.0,0.0
2025-11-24 05:35:01,cluster_A,14,1,1,0,1.00,0.5,0.5,0.0,0.0,0.0
2025-11-24 05:35:01,clusterB,14,4,4,0,1.00,0.5,0.5,0.0,0.0,0.0
2025-11-24 05:35:22,clusterA,14,3,3,0,1.00,0.5,0.5,0.0,0.0,0.0
2025-11-24 05:35:22,cluster_A,14,1,1,0,1.00,0.5,0.5,0.0,0.0,0.0
2025-11-24 05:35:22,clusterB,14,4,4,0,1.00,0.5,0.5,0.0,0.0,0.0
2025-11-24 05:35:44,clusterA,14,3,3,0,1.00,0.5,0.5,0.0,0.0,0.0
2025-11-24 05:35:44,cluster_A,14,1,1,0,1.00,0.5,0.5,0.0,0.0,0.0
2025-11-24 05:35:44,clusterB,14,4,4,0,1.00,0.5,0.5,0.0,0.0,0.0
2025-11-24 05:36:06,clusterA,14,3,3,0,1.00,0.5,0.5,0.0,0.0,0.0
2025-11-24 05:36:06,cluster_A,14,1,1,0,1.00,0.5,0.5,0.0,0.0,0.0
2025-11-24 05:36:06,clusterB,14,4,4,0,1.00,0.5,0.5,0.0,0.0,0.0
2025-11-24 05:36:28,clusterA,14,3,3,0,1.00,0.5,0.5,0.0,0.0,0.0
2025-11-24 05:36:28,cluster_A,14,1,1,0,1.00,0.5,0.5,0.0,0.0,0.0
2025-11-24 05:36:28,clusterB,14,4,4,0,1.00,0.5,0.5,0.0,0.0,0.0
2025-11-24 05:36:50,clusterA,14,3,3,0,1.00,0.5,0.5,0.0,0.0,0.0
2025-11-24 05:36:50,cluster_A,14,1,1,0,1.00,0.5,0.5,0.0,0.0,0.0
2025-11-24 05:36:50,clusterB,14,4,4,0,1.00,0.5,0.5,0.0,0.0,0.0
2025-11-24 05:37:12,clusterA,14,3,3,0,1.00,0.5,0.5,0.0,0.0,0.0
2025-11-24 05:37:12,cluster_A,14,1,1,0,1.00,0.5,0.5,0.0,0.0,0.0
2025-11-24 05:37:12,clusterB,14,4,4,0,1.00,0.5,0.5,0.0,0.0,0.0
2025-11-24 05:37:33,clusterA,14,3,3,0,1.00,0.5,0.5,0.0,0.0,0.0
2025-11-24 05:37:33,cluster_A,14,1,1,0,1.00,0.5,0.5,0.0,0.0,0.0
2025-11-24 05:37:33,clusterB,14,4,4,0,1.00,0.5,0.5,0.0,0.0,0.0
2025-11-24 05:37:55,clusterA,14,3,3,0,1.00,0.5,0.5,0.0,0.0,0.0
2025-11-24 05:37:55,cluster_A,14,1,1,0,1.00,0.5,0.5,0.0,0.0,0.0
2025-11-24 05:37:55,clusterB,14,4,4,0,1.00,0.5,0.5,0.0,0.0,0.0
2025-11-24 05:38:17,clusterA,14,3,3,0,1.00,0.5,0.5,0.0,0.0,0.0
2025-11-24 05:38:17,cluster_A,14,1,1,0,1.00,0.5,0.5,0.0,0.0,0.0
2025-11-24 05:38:17,clusterB,14,4,4,0,1.00,0.5,0.5,0.0,0.0,0.0
2025-11-24 05:38:38,clusterA,14,3,3,0,1.00,0.5,0.5,0.0,0.0,0.0
2025-11-24 05:38:38,cluster_A,14,1,1,0,1.00,0.5,0.5,0.0,0.0,0.0
2025-11-24 05:38:38,clusterB,14,4,4,0,1.00,0.5,0.5,0.0,0.0,0.0
2025-11-24 05:39:00,clusterA,14,3,3,0,1.00,0.5,0.5,0.0,0.0,0.0
2025-11-24 05:39:00,cluster_A,14,1,1,0,1.00,0.5,0.5,0.0,0.0,0.0
2025-11-24 05:39:00,clusterB,14,4,4,0,1.00,0.5,0.5,0.0,0.0,0.0
2025-11-24 05:39:22,clusterA,14,3,3,0,1.00,0.5,0.5,0.0,0.0,0.0
2025-11-24 05:39:22,cluster_A,14,1,1,0,1.00,0.5,0.5,0.0,0.0,0.0
2025-11-24 05:39:22,clusterB,14,4,4,0,1.00,0.5,0.5,0.0,0.0,0.0
2025-11-24 05:39:44,clusterA,14,3,3,0,1.00,0.5,0.5,0.0,0.0,0.0
2025-11-24 05:39:44,cluster_A,14,1,1,0,1.00,0.5,0.5,0.0,0.0,0.0
2025-11-24 05:39:44,clusterB,14,4,4,0,1.00,0.5,0.5,0.0,0.0,0.0
2025-11-24 05:40:05,clusterA,14,3,3,0,1.00,0.5,0.5,0.0,0.0,0.0
2025-11-24 05:40:05,cluster_A,14,1,1,0,1.00,0.5,0.5,0.0,0.0,0.0
2025-11-24 05:40:05,clusterB,14,4,4,0,1.00,0.5,0.5,0.0,0.0,0.0
2025-11-24 05:40:27,clusterA,14,3,3,0,1.00,0.5,0.5,0.0,0.0,0.0
2025-11-24 05:40:27,cluster_A,14,1,1,0,1.00,0.5,0.5,0.0,0.0,0.0
2025-11-24 05:40:27,clusterB,14,4,4,0,1.00,0.5,0.5,0.0,0.0,0.0
2025-11-24 05:40:49,clusterA,14,3,3,0,1.00,0.5,0.5,0.0,0.0,0.0
2025-11-24 05:40:49,cluster_A,14,1,1,0,1.00,0.5,0.5,0.0,0.0,0.0
2025-11-24 05:40:49,clusterB,14,4,4,0,1.00,0.5,0.5,0.0,0.0,0.0
2025-11-24 05:41:10,clusterA,14,3,3,0,1.00,0.5,0.5,0.0,0.0,0.0
2025-11-24 05:41:10,cluster_A,14,1,1,0,1.00,0.5,0.5,0.0,0.0,0.0
2025-11-24 05:41:10,clusterB,14,4,4,0,1.00,0.5,0.5,0.0,0.0,0.0
2025-11-24 05:41:33,clusterA,14,3,3,0,1.00,0.5,0.5,0.0,0.0,0.0
2025-11-24 05:41:33,cluster_A,14,1,1,0,1.00,0.5,0.5,0.0,0.0,0.0
2025-11-24 05:41:33,clusterB,14,4,4,0,1.00,0.5,0.5,0.0,0.0,0.0
2025-11-24 05:41:54,clusterA,14,3,3,0,1.00,0.5,0.5,0.0,0.0,0.0
2025-11-24 05:41:54,cluster_A,14,1,1,0,1.00,0.5,0.5,0.0,0.0,0.0
2025-11-24 05:41:54,clusterB,14,4,4,0,1.00,0.5,0.5,0.0,0.0,0.0
2025-11-24 05:42:16,clusterA,14,3,3,0,1.00,0.5,0.5,0.0,0.0,0.0
2025-11-24 05:42:16,cluster_A,14,1,1,0,1.00,0.5,0.5,0.0,0.0,0.0
2025-11-24 05:42:16,clusterB,14,4,4,0,1.00,0.5,0.5,0.0,0.0,0.0
2025-11-24 05:42:38,clusterA,14,3,3,0,1.00,0.5,0.5,0.0,0.0,0.0
2025-11-24 05:42:38,cluster_A,14,1,1,0,1.00,0.5,0.5,0.0,0.0,0.0
2025-11-24 05:42:38,clusterB,14,4,4,0,1.00,0.5,0.5,0.0,0.0,0.0
2025-11-24 05:43:00,clusterA,14,3,3,0,1.00,0.5,0.5,0.0,0.0,0.0
2025-11-24 05:43:00,cluster_A,14,1,1,0,1.00,0.5,0.5,0.0,0.0,0.0
2025-11-24 05:43:00,clusterB,14,4,4,0,1.00,0.5,0.5,0.0,0.0,0.0
2025-11-24 05:43:22,clusterA,14,3,3,0,1.00,0.5,0.5,0.0,0.0,0.0
2025-11-24 05:43:22,cluster_A,14,1,1,0,1.00,0.5,0.5,0.0,0.0,0.0
2025-11-24 05:43:22,clusterB,14,4,4,0,1.00,0.5,0.5,0.0,0.0,0.0
2025-11-24 05:43:43,clusterA,14,3,3,0,1.00,0.5,0.5,0.0,0.0,0.0
2025-11-24 05:43:43,cluster_A,14,1,1,0,1.00,0.5,0.5,0.0,0.0,0.0
2025-11-24 05:43:43,clusterB,14,4,4,0,1.00,0.5,0.5,0.0,0.0,0.0
2025-11-24 05:44:05,clusterA,14,3,3,0,1.00,0.5,0.5,0.0,0.0,0.0
2025-11-24 05:44:05,cluster_A,14,1,1,0,1.00,0.5,0.5,0.0,0.0,0.0
2025-11-24 05:44:05,clusterB,14,4,4,0,1.00,0.5,0.5,0.0,0.0,0.0
2025-11-24 05:44:27,clusterA,14,3,3,0,1.00,0.5,0.5,0.0,0.0,0.0
2025-11-24 05:44:27,cluster_A,14,1,1,0,1.00,0.5,0.5,0.0,0.0,0.0
2025-11-24 05:44:27,clusterB,14,4,4,0,1.00,0.5,0.5,0.0,0.0,0.0
2025-11-24 05:44:49,clusterA,14,3,3,0,1.00,0.5,0.5,0.0,0.0,0.0
2025-11-24 05:44:49,cluster_A,14,1,1,0,1.00,0.5,0.5,0.0,0.0,0.0
2025-11-24 05:44:49,clusterB,14,4,4,0,1.00,0.5,0.5,0.0,0.0,0.0
2025-11-24 05:45:11,clusterA,14,3,3,0,1.00,0.5,0.5,0.0,0.0,0.0
2025-11-24 05:45:11,cluster_A,14,1,1,0,1.00,0.5,0.5,0.0,0.0,0.0
2025-11-24 05:45:11,clusterB,14,4,4,0,1.00,0.5,0.5,0.0,0.0,0.0
2025-11-24 05:45:34,clusterA,14,3,3,0,1.00,0.5,0.5,0.0,0.0,0.0
2025-11-24 05:45:34,cluster_A,14,1,1,0,1.00,0.5,0.5,0.0,0.0,0.0
2025-11-24 05:45:34,clusterB,14,4,4,0,1.00,0.5,0.5,0.0,0.0,0.0
2025-11-24 05:45:56,clusterA,14,3,3,0,1.00,0.5,0.5,0.0,0.0,0.0
2025-11-24 05:45:56,cluster_A,14,1,1,0,1.00,0.5,0.5,0.0,0.0,0.0
2025-11-24 05:45:56,clusterB,14,4,4,0,1.00,0.5,0.5,0.0,0.0,0.0
2025-11-24 05:46:19,clusterA,14,3,3,0,1.00,0.5,0.5,0.0,0.0,0.0
2025-11-24 05:46:19,cluster_A,14,1,1,0,1.00,0.5,0.5,0.0,0.0,0.0
2025-11-24 05:46:19,clusterB,14,4,4,0,1.00,0.5,0.5,0.0,0.0,0.0
2025-11-24 05:46:41,clusterA,14,3,3,0,1.00,0.5,0.5,0.0,0.0,0.0
2025-11-24 05:46:41,cluster_A,14,1,1,0,1.00,0.5,0.5,0.0,0.0,0.0
2025-11-24 05:46:41,clusterB,14,4,4,0,1.00,0.5,0.5,0.0,0.0,0.0
2025-11-24 05:47:03,clusterA,14,3,3,0,1.00,0.5,0.5,0.0,0.0,0.0
2025-11-24 05:47:03,cluster_A,14,1,1,0,1.00,0.5,0.5,0.0,0.0,0.0
2025-11-24 05:47:03,clusterB,14,4,4,0,1.00,0.5,0.5,0.0,0.0,0.0
2025-11-24 05:47:25,clusterA,14,3,3,0,1.00,0.5,0.5,0.0,0.0,0.0
2025-11-24 05:47:25,cluster_A,14,1,1,0,1.00,0.5,0.5,0.0,0.0,0.0
2025-11-24 05:47:25,clusterB,14,4,4,0,1.00,0.5,0.5,0.0,0.0,0.0
2025-11-24 05:47:47,clusterA,14,3,3,0,1.00,0.5,0.5,0.0,0.0,0.0
2025-11-24 05:47:47,cluster_A,14,1,1,0,1.00,0.5,0.5,0.0,0.0,0.0
2025-11-24 05:47:47,clusterB,14,4,4,0,1.00,0.5,0.5,0.0,0.0,0.0
2025-11-24 05:48:10,clusterA,14,3,3,0,1.00,0.5,0.5,0.0,0.0,0.0
2025-11-24 05:48:10,cluster_A,14,1,1,0,1.00,0.5,0.5,0.0,0.0,0.0
2025-11-24 05:48:10,clusterB,14,4,4,0,1.00,0.5,0.5,0.0,0.0,0.0
2025-11-24 05:48:32,clusterA,14,3,3,0,1.00,0.5,0.5,0.0,0.0,0.0
2025-11-24 05:48:32,cluster_A,14,1,1,0,1.00,0.5,0.5,0.0,0.0,0.0
2025-11-24 05:48:32,clusterB,14,4,4,0,1.00,0.5,0.5,0.0,0.0,0.0
2025-11-24 05:48:55,clusterA,14,3,3,0,1.00,0.5,0.5,0.0,0.0,0.0
2025-11-24 05:48:55,cluster_A,14,1,1,0,1.00,0.5,0.5,0.0,0.0,0.0
2025-11-24 05:48:55,clusterB,14,4,4,0,1.00,0.5,0.5,0.0,0.0,0.0
2025-11-24 05:49:17,clusterA,14,3,3,0,1.00,0.5,0.5,0.0,0.0,0.0
2025-11-24 05:49:17,cluster_A,14,1,1,0,1.00,0.5,0.5,0.0,0.0,0.0
2025-11-24 05:49:17,clusterB,14,4,4,0,1.00,0.5,0.5,0.0,0.0,0.0
2025-11-24 05:49:39,clusterA,14,3,3,0,1.00,0.5,0.5,0.0,0.0,0.0
2025-11-24 05:49:39,cluster_A,14,1,1,0,1.00,0.5,0.5,0.0,0.0,0.0
2025-11-24 05:49:39,clusterB,14,4,4,0,1.00,0.5,0.5,0.0,0.0,0.0
2025-11-24 05:50:01,clusterA,14,3,3,0,1.00,0.5,0.5,0.0,0.0,0.0
2025-11-24 05:50:01,cluster_A,14,1,1,0,1.00,0.5,0.5,0.0,0.0,0.0
2025-11-24 05:50:01,clusterB,14,4,4,0,1.00,0.5,0.5,0.0,0.0,0.0
2025-11-24 05:50:23,clusterA,14,3,3,0,1.00,0.5,0.5,0.0,0.0,0.0
2025-11-24 05:50:23,cluster_A,14,1,1,0,1.00,0.5,0.5,0.0,0.0,0.0
2025-11-24 05:50:23,clusterB,14,4,4,0,1.00,0.5,0.5,0.0,0.0,0.0
2025-11-24 05:50:45,clusterA,14,3,3,0,1.00,0.5,0.5,0.0,0.0,0.0
2025-11-24 05:50:45,cluster_A,14,1,1,0,1.00,0.5,0.5,0.0,0.0,0.0
2025-11-24 05:50:45,clusterB,14,4,4,0,1.00,0.5,0.5,0.0,0.0,0.0
2025-11-24 05:51:07,clusterA,14,3,3,0,1.00,0.5,0.5,0.0,0.0,0.0
2025-11-24 05:51:07,cluster_A,14,1,1,0,1.00,0.5,0.5,0.0,0.0,0.0
2025-11-24 05:51:07,clusterB,14,4,4,0,1.00,0.5,0.5,0.0,0.0,0.0
2025-11-24 05:51:30,clusterA,14,3,3,0,1.00,0.5,0.5,0.0,0.0,0.0
2025-11-24 05:51:30,cluster_A,14,1,1,0,1.00,0.5,0.5,0.0,0.0,0.0
2025-11-24 05:51:30,clusterB,14,4,4,0,1.00,0.5,0.5,0.0,0.0,0.0
2025-11-24 05:51:53,clusterA,14,3,3,0,1.00,0.5,0.5,0.0,0.0,0.0
2025-11-24 05:51:53,cluster_A,14,1,1,0,1.00,0.5,0.5,0.0,0.0,0.0
2025-11-24 05:51:53,clusterB,14,4,4,0,1.00,0.5,0.5,0.0,0.0,0.0
2025-11-24 05:52:14,clusterA,14,3,3,0,1.00,0.5,0.5,0.0,0.0,0.0
2025-11-24 05:52:14,cluster_A,14,1,1,0,1.00,0.5,0.5,0.0,0.0,0.0
2025-11-24 05:52:14,clusterB,14,4,4,0,1.00,0.5,0.5,0.0,0.0,0.0
2025-11-24 05:52:37,clusterA,14,3,3,0,1.00,0.5,0.5,0.0,0.0,0.0
2025-11-24 05:52:37,cluster_A,14,1,1,0,1.00,0.5,0.5,0.0,0.0,0.0
2025-11-24 05:52:37,clusterB,14,4,4,0,1.00,0.5,0.5,0.0,0.0,0.0
2025-11-24 05:52:59,clusterA,14,3,3,0,1.00,0.5,0.5,0.0,0.0,0.0
2025-11-24 05:52:59,cluster_A,14,1,1,0,1.00,0.5,0.5,0.0,0.0,0.0
2025-11-24 05:52:59,clusterB,14,4,4,0,1.00,0.5,0.5,0.0,0.0,0.0
2025-11-24 05:53:20,clusterA,14,3,3,0,1.00,0.5,0.5,0.0,0.0,0.0
2025-11-24 05:53:20,cluster_A,14,1,1,0,1.00,0.5,0.5,0.0,0.0,0.0
2025-11-24 05:53:20,clusterB,14,4,4,0,1.00,0.5,0.5,0.0,0.0,0.0
2025-11-24 05:53:42,clusterA,14,3,3,0,1.00,0.5,0.5,0.0,0.0,0.0
2025-11-24 05:53:42,cluster_A,14,1,1,0,1.00,0.5,0.5,0.0,0.0,0.0
2025-11-24 05:53:42,clusterB,14,4,4,0,1.00,0.5,0.5,0.0,0.0,0.0
2025-11-24 05:54:04,clusterA,14,3,3,0,1.00,0.5,0.5,0.0,0.0,0.0
2025-11-24 05:54:04,cluster_A,14,1,1,0,1.00,0.5,0.5,0.0,0.0,0.0
2025-11-24 05:54:04,clusterB,14,4,4,0,1.00,0.5,0.5,0.0,0.0,0.0
2025-11-24 05:54:26,clusterA,14,3,3,0,1.00,0.5,0.5,0.0,0.0,0.0
2025-11-24 05:54:26,cluster_A,14,1,1,0,1.00,0.5,0.5,0.0,0.0,0.0
2025-11-24 05:54:26,clusterB,14,4,4,0,1.00,0.5,0.5,0.0,0.0,0.0
2025-11-24 05:54:48,clusterA,14,3,3,0,1.00,0.5,0.5,0.0,0.0,0.0
2025-11-24 05:54:48,cluster_A,14,1,1,0,1.00,0.5,0.5,0.0,0.0,0.0
2025-11-24 05:54:48,clusterB,14,4,4,0,1.00,0.5,0.5,0.0,0.0,0.0
2025-11-24 05:55:09,clusterA,14,3,3,0,1.00,0.5,0.5,0.0,0.0,0.0
2025-11-24 05:55:09,cluster_A,14,1,1,0,1.00,0.5,0.5,0.0,0.0,0.0
2025-11-24 05:55:09,clusterB,14,4,4,0,1.00,0.5,0.5,0.0,0.0,0.0
2025-11-24 05:55:30,clusterA,14,3,3,0,1.00,0.5,0.5,0.0,0.0,0.0
2025-11-24 05:55:30,cluster_A,14,1,1,0,1.00,0.5,0.5,0.0,0.0,0.0
2025-11-24 05:55:30,clusterB,14,4,4,0,1.00,0.5,0.5,0.0,0.0,0.0
2025-11-24 05:55:53,clusterA,14,3,3,0,1.00,0.5,0.5,0.0,0.0,0.0
2025-11-24 05:55:53,cluster_A,14,1,1,0,1.00,0.5,0.5,0.0,0.0,0.0
2025-11-24 05:55:53,clusterB,14,4,4,0,1.00,0.5,0.5,0.0,0.0,0.0
2025-11-24 05:56:15,clusterA,14,3,3,0,1.00,0.5,0.5,0.0,0.0,0.0
2025-11-24 05:56:15,cluster_A,14,1,1,0,1.00,0.5,0.5,0.0,0.0,0.0
2025-11-24 05:56:15,clusterB,14,4,4,0,1.00,0.5,0.5,0.0,0.0,0.0
2025-11-24 05:56:37,clusterA,14,3,3,0,1.00,0.5,0.5,0.0,0.0,0.0
2025-11-24 05:56:37,cluster_A,14,1,1,0,1.00,0.5,0.5,0.0,0.0,0.0
2025-11-24 05:56:37,clusterB,14,4,4,0,1.00,0.5,0.5,0.0,0.0,0.0
2025-11-24 05:57:00,clusterA,14,3,3,0,1.00,0.5,0.5,0.0,0.0,0.0
2025-11-24 05:57:00,cluster_A,14,1,1,0,1.00,0.5,0.5,0.0,0.0,0.0
2025-11-24 05:57:00,clusterB,14,4,4,0,1.00,0.5,0.5,0.0,0.0,0.0
2025-11-24 05:57:22,clusterA,14,3,3,0,1.00,0.5,0.5,0.0,0.0,0.0
2025-11-24 05:57:22,cluster_A,14,1,1,0,1.00,0.5,0.5,0.0,0.0,0.0
2025-11-24 05:57:22,clusterB,14,4,4,0,1.00,0.5,0.5,0.0,0.0,0.0
2025-11-24 05:57:43,clusterA,14,3,3,0,1.00,0.5,0.5,0.0,0.0,0.0
2025-11-24 05:57:43,cluster_A,14,1,1,0,1.00,0.5,0.5,0.0,0.0,0.0
2025-11-24 05:57:43,clusterB,14,4,4,0,1.00,0.5,0.5,0.0,0.0,0.0
2025-11-24 05:58:05,clusterA,14,3,3,0,1.00,0.5,0.5,0.0,0.0,0.0
2025-11-24 05:58:05,cluster_A,14,1,1,0,1.00,0.5,0.5,0.0,0.0,0.0
2025-11-24 05:58:05,clusterB,14,4,4,0,1.00,0.5,0.5,0.0,0.0,0.0
2025-11-24 05:58:28,clusterA,14,3,3,0,1.00,0.5,0.5,0.0,0.0,0.0
2025-11-24 05:58:28,cluster_A,14,1,1,0,1.00,0.5,0.5,0.0,0.0,0.0
2025-11-24 05:58:28,clusterB,14,4,4,0,1.00,0.5,0.5,0.0,0.0,0.0
2025-11-24 05:58:50,clusterA,14,3,3,0,1.00,0.5,0.5,0.0,0.0,0.0
2025-11-24 05:58:50,cluster_A,14,1,1,0,1.00,0.5,0.5,0.0,0.0,0.0
2025-11-24 05:58:50,clusterB,14,4,4,0,1.00,0.5,0.5,0.0,0.0,0.0
2025-11-24 05:59:13,clusterA,14,3,3,0,1.00,0.5,0.5,0.0,0.0,0.0
2025-11-24 05:59:13,cluster_A,14,1,1,0,1.00,0.5,0.5,0.0,0.0,0.0
2025-11-24 05:59:13,clusterB,14,4,4,0,1.00,0.5,0.5,0.0,0.0,0.0
2025-11-24 05:59:34,clusterA,14,3,3,0,1.00,0.5,0.5,0.0,0.0,0.0
2025-11-24 05:59:34,cluster_A,14,1,1,0,1.00,0.5,0.5,0.0,0.0,0.0
2025-11-24 05:59:34,clusterB,14,4,4,0,1.00,0.5,0.5,0.0,0.0,0.0
2025-11-24 05:59:56,clusterA,14,3,3,0,1.00,0.5,0.5,0.0,0.0,0.0
2025-11-24 05:59:56,cluster_A,14,1,1,0,1.00,0.5,0.5,0.0,0.0,0.0
2025-11-24 05:59:56,clusterB,14,4,4,0,1.00,0.5,0.5,0.0,0.0,0.0
2025-11-24 06:00:19,clusterA,14,3,3,0,1.00,0.5,0.5,0.0,0.0,0.0
2025-11-24 06:00:19,cluster_A,14,1,1,0,1.00,0.5,0.5,0.0,0.0,0.0
2025-11-24 06:00:19,clusterB,14,4,4,0,1.00,0.5,0.5,0.0,0.0,0.0
2025-11-24 06:00:42,clusterA,14,3,3,0,1.00,0.5,0.5,0.0,0.0,0.0
2025-11-24 06:00:42,cluster_A,14,1,1,0,1.00,0.5,0.5,0.0,0.0,0.0
2025-11-24 06:00:42,clusterB,14,4,4,0,1.00,0.5,0.5,0.0,0.0,0.0
2025-11-24 06:01:04,clusterA,14,3,3,0,1.00,0.5,0.5,0.0,0.0,0.0
2025-11-24 06:01:04,cluster_A,14,1,1,0,1.00,0.5,0.5,0.0,0.0,0.0
2025-11-24 06:01:04,clusterB,14,4,4,0,1.00,0.5,0.5,0.0,0.0,0.0
2025-11-24 06:01:25,clusterA,14,3,3,0,1.00,0.5,0.5,0.0,0.0,0.0
2025-11-24 06:01:25,cluster_A,14,1,1,0,1.00,0.5,0.5,0.0,0.0,0.0
2025-11-24 06:01:25,clusterB,14,4,4,0,1.00,0.5,0.5,0.0,0.0,0.0
2025-11-24 06:01:47,clusterA,14,3,3,0,1.00,0.5,0.5,0.0,0.0,0.0
2025-11-24 06:01:47,cluster_A,14,1,1,0,1.00,0.5,0.5,0.0,0.0,0.0
2025-11-24 06:01:47,clusterB,14,4,4,0,1.00,0.5,0.5,0.0,0.0,0.0
2025-11-24 06:02:08,clusterA,14,3,3,0,1.00,0.5,0.5,0.0,0.0,0.0
2025-11-24 06:02:08,cluster_A,14,1,1,0,1.00,0.5,0.5,0.0,0.0,0.0
2025-11-24 06:02:08,clusterB,14,4,4,0,1.00,0.5,0.5,0.0,0.0,0.0
2025-11-24 06:02:31,clusterA,14,3,3,0,1.00,0.5,0.5,0.0,0.0,0.0
2025-11-24 06:02:31,cluster_A,14,1,1,0,1.00,0.5,0.5,0.0,0.0,0.0
2025-11-24 06:02:31,clusterB,14,4,4,0,1.00,0.5,0.5,0.0,0.0,0.0
2025-11-24 06:02:52,clusterA,14,3,3,0,1.00,0.5,0.5,0.0,0.0,0.0
2025-11-24 06:02:52,cluster_A,14,1,1,0,1.00,0.5,0.5,0.0,0.0,0.0
2025-11-24 06:02:52,clusterB,14,4,4,0,1.00,0.5,0.5,0.0,0.0,0.0
2025-11-24 06:03:14,clusterA,14,3,3,0,1.00,0.5,0.5,0.0,0.0,0.0
2025-11-24 06:03:14,cluster_A,14,1,1,0,1.00,0.5,0.5,0.0,0.0,0.0
2025-11-24 06:03:14,clusterB,14,4,4,0,1.00,0.5,0.5,0.0,0.0,0.0
2025-11-24 06:03:37,clusterA,14,3,3,0,1.00,0.5,0.5,0.0,0.0,0.0
2025-11-24 06:03:37,cluster_A,14,1,1,0,1.00,0.5,0.5,0.0,0.0,0.0
2025-11-24 06:03:37,clusterB,14,4,4,0,1.00,0.5,0.5,0.0,0.0,0.0
2025-11-24 06:04:00,clusterA,14,3,3,0,1.00,0.5,0.5,0.0,0.0,0.0
2025-11-24 06:04:00,cluster_A,14,1,1,0,1.00,0.5,0.5,0.0,0.0,0.0
2025-11-24 06:04:00,clusterB,14,4,4,0,1.00,0.5,0.5,0.0,0.0,0.0
2025-11-24 06:04:22,clusterA,14,3,3,0,1.00,0.5,0.5,0.0,0.0,0.0
2025-11-24 06:04:22,cluster_A,14,1,1,0,1.00,0.5,0.5,0.0,0.0,0.0
2025-11-24 06:04:22,clusterB,14,4,4,0,1.00,0.5,0.5,0.0,0.0,0.0
2025-11-24 06:04:44,clusterA,14,3,3,0,1.00,0.5,0.5,0.0,0.0,0.0
2025-11-24 06:04:44,cluster_A,14,1,1,0,1.00,0.5,0.5,0.0,0.0,0.0
2025-11-24 06:04:44,clusterB,14,4,4,0,1.00,0.5,0.5,0.0,0.0,0.0
2025-11-24 06:05:06,clusterA,14,3,3,0,1.00,0.5,0.5,0.0,0.0,0.0
2025-11-24 06:05:06,cluster_A,14,1,1,0,1.00,0.5,0.5,0.0,0.0,0.0
2025-11-24 06:05:06,clusterB,14,4,4,0,1.00,0.5,0.5,0.0,0.0,0.0
2025-11-24 06:05:29,clusterA,14,3,3,0,1.00,0.5,0.5,0.0,0.0,0.0
2025-11-24 06:05:29,cluster_A,14,1,1,0,1.00,0.5,0.5,0.0,0.0,0.0
2025-11-24 06:05:29,clusterB,14,4,4,0,1.00,0.5,0.5,0.0,0.0,0.0
2025-11-24 06:05:51,clusterA,14,3,3,0,1.00,0.5,0.5,0.0,0.0,0.0
2025-11-24 06:05:51,cluster_A,14,1,1,0,1.00,0.5,0.5,0.0,0.0,0.0
2025-11-24 06:05:51,clusterB,14,4,4,0,1.00,0.5,0.5,0.0,0.0,0.0
2025-11-24 06:06:13,clusterA,14,3,3,0,1.00,0.5,0.5,0.0,0.0,0.0
2025-11-24 06:06:13,cluster_A,14,1,1,0,1.00,0.5,0.5,0.0,0.0,0.0
2025-11-24 06:06:13,clusterB,14,4,4,0,1.00,0.5,0.5,0.0,0.0,0.0
2025-11-24 06:06:35,clusterA,14,3,3,0,1.00,0.5,0.5,0.0,0.0,0.0
2025-11-24 06:06:35,cluster_A,14,1,1,0,1.00,0.5,0.5,0.0,0.0,0.0
2025-11-24 06:06:35,clusterB,14,4,4,0,1.00,0.5,0.5,0.0,0.0,0.0
2025-11-24 06:06:58,clusterA,14,3,3,0,1.00,0.5,0.5,0.0,0.0,0.0
2025-11-24 06:06:58,cluster_A,14,1,1,0,1.00,0.5,0.5,0.0,0.0,0.0
2025-11-24 06:06:58,clusterB,14,4,4,0,1.00,0.5,0.5,0.0,0.0,0.0
2025-11-24 06:07:19,clusterA,14,3,3,0,1.00,0.5,0.5,0.0,0.0,0.0
2025-11-24 06:07:19,cluster_A,14,1,1,0,1.00,0.5,0.5,0.0,0.0,0.0
2025-11-24 06:07:19,clusterB,14,4,4,0,1.00,0.5,0.5,0.0,0.0,0.0
2025-11-24 06:07:41,clusterA,14,3,3,0,1.00,0.5,0.5,0.0,0.0,0.0
2025-11-24 06:07:41,cluster_A,14,1,1,0,1.00,0.5,0.5,0.0,0.0,0.0
2025-11-24 06:07:41,clusterB,14,4,4,0,1.00,0.5,0.5,0.0,0.0,0.0
2025-11-24 06:08:02,clusterA,14,3,3,0,1.00,0.5,0.5,0.0,0.0,0.0
2025-11-24 06:08:02,cluster_A,14,1,1,0,1.00,0.5,0.5,0.0,0.0,0.0
2025-11-24 06:08:02,clusterB,14,4,4,0,1.00,0.5,0.5,0.0,0.0,0.0
2025-11-24 06:08:24,clusterA,14,3,3,0,1.00,0.5,0.5,0.0,0.0,0.0
2025-11-24 06:08:24,cluster_A,14,1,1,0,1.00,0.5,0.5,0.0,0.0,0.0
2025-11-24 06:08:24,clusterB,14,4,4,0,1.00,0.5,0.5,0.0,0.0,0.0
2025-11-24 06:08:45,clusterA,14,3,3,0,1.00,0.5,0.5,0.0,0.0,0.0
2025-11-24 06:08:45,cluster_A,14,1,1,0,1.00,0.5,0.5,0.0,0.0,0.0
2025-11-24 06:08:45,clusterB,14,4,4,0,1.00,0.5,0.5,0.0,0.0,0.0
2025-11-24 06:09:07,clusterA,14,3,3,0,1.00,0.5,0.5,0.0,0.0,0.0
2025-11-24 06:09:07,cluster_A,14,1,1,0,1.00,0.5,0.5,0.0,0.0,0.0
2025-11-24 06:09:07,clusterB,14,4,4,0,1.00,0.5,0.5,0.0,0.0,0.0
2025-11-24 06:09:29,clusterA,14,3,3,0,1.00,0.5,0.5,0.0,0.0,0.0
2025-11-24 06:09:29,cluster_A,14,1,1,0,1.00,0.5,0.5,0.0,0.0,0.0
2025-11-24 06:09:29,clusterB,14,4,4,0,1.00,0.5,0.5,0.0,0.0,0.0
2025-11-24 06:09:51,clusterA,14,3,3,0,1.00,0.5,0.5,0.0,0.0,0.0
2025-11-24 06:09:51,cluster_A,14,1,1,0,1.00,0.5,0.5,0.0,0.0,0.0
2025-11-24 06:09:51,clusterB,14,4,4,0,1.00,0.5,0.5,0.0,0.0,0.0
2025-11-24 06:10:13,clusterA,14,3,3,0,1.00,0.5,0.5,0.0,0.0,0.0
2025-11-24 06:10:13,cluster_A,14,1,1,0,1.00,0.5,0.5,0.0,0.0,0.0
2025-11-24 06:10:13,clusterB,14,4,4,0,1.00,0.5,0.5,0.0,0.0,0.0
2025-11-24 06:10:35,clusterA,14,3,3,0,1.00,0.5,0.5,0.0,0.0,0.0
2025-11-24 06:10:35,cluster_A,14,1,1,0,1.00,0.5,0.5,0.0,0.0,0.0
2025-11-24 06:10:35,clusterB,14,4,4,0,1.00,0.5,0.5,0.0,0.0,0.0
2025-11-24 06:10:58,clusterA,14,3,3,0,1.00,0.5,0.5,0.0,0.0,0.0
2025-11-24 06:10:58,cluster_A,14,1,1,0,1.00,0.5,0.5,0.0,0.0,0.0
2025-11-24 06:10:58,clusterB,14,4,4,0,1.00,0.5,0.5,0.0,0.0,0.0
2025-11-24 06:11:21,clusterA,14,3,3,0,1.00,0.5,0.5,0.0,0.0,0.0
2025-11-24 06:11:21,cluster_A,14,1,1,0,1.00,0.5,0.5,0.0,0.0,0.0
2025-11-24 06:11:21,clusterB,14,4,4,0,1.00,0.5,0.5,0.0,0.0,0.0
2025-11-24 06:11:43,clusterA,14,3,3,0,1.00,0.5,0.5,0.0,0.0,0.0
2025-11-24 06:11:43,cluster_A,14,1,1,0,1.00,0.5,0.5,0.0,0.0,0.0
2025-11-24 06:11:43,clusterB,14,4,4,0,1.00,0.5,0.5,0.0,0.0,0.0
2025-11-24 06:12:06,clusterA,14,3,3,0,1.00,0.5,0.5,0.0,0.0,0.0
2025-11-24 06:12:06,cluster_A,14,1,1,0,1.00,0.5,0.5,0.0,0.0,0.0
2025-11-24 06:12:06,clusterB,14,4,4,0,1.00,0.5,0.5,0.0,0.0,0.0
2025-11-24 06:12:27,clusterA,14,3,3,0,1.00,0.5,0.5,0.0,0.0,0.0
2025-11-24 06:12:27,cluster_A,14,1,1,0,1.00,0.5,0.5,0.0,0.0,0.0
2025-11-24 06:12:27,clusterB,14,4,3,1,0.75,0.5,0.5,0.0,0.0,0.0
2025-11-24 06:12:50,clusterA,13,3,3,0,1.00,0.5,0.5,0.0,0.0,0.0
2025-11-24 06:12:50,cluster_A,13,1,1,0,1.00,0.5,0.5,0.0,0.0,0.0
2025-11-24 06:12:50,clusterB,13,4,4,0,1.00,0.5,0.5,0.0,0.0,0.0
2025-11-24 06:13:13,clusterA,13,3,3,0,1.00,0.5,0.5,0.0,0.0,0.0
2025-11-24 06:13:13,cluster_A,13,1,1,0,1.00,0.5,0.5,0.0,0.0,0.0
2025-11-24 06:13:13,clusterB,13,4,4,0,1.00,0.5,0.5,0.0,0.0,0.0
2025-11-24 06:13:34,clusterA,13,3,3,0,1.00,0.5,0.5,0.0,0.0,0.0
2025-11-24 06:13:34,cluster_A,13,1,1,0,1.00,0.5,0.5,0.0,0.0,0.0
2025-11-24 06:13:34,clusterB,13,4,4,0,1.00,0.5,0.5,0.0,0.0,0.0
2025-11-24 06:13:56,clusterA,13,3,3,0,1.00,0.5,0.5,0.0,0.0,0.0
2025-11-24 06:13:56,cluster_A,13,1,1,0,1.00,0.5,0.5,0.0,0.0,0.0
2025-11-24 06:13:56,clusterB,13,4,4,0,1.00,0.5,0.5,0.0,0.0,0.0
2025-11-24 06:14:17,clusterA,13,3,3,0,1.00,0.5,0.5,0.0,0.0,0.0
2025-11-24 06:14:17,cluster_A,13,1,1,0,1.00,0.5,0.5,0.0,0.0,0.0
2025-11-24 06:14:17,clusterB,13,4,4,0,1.00,0.5,0.5,0.0,0.0,0.0
2025-11-24 06:14:40,clusterA,13,3,3,0,1.00,0.5,0.5,0.0,0.0,0.0
2025-11-24 06:14:40,cluster_A,13,1,1,0,1.00,0.5,0.5,0.0,0.0,0.0
2025-11-24 06:14:40,clusterB,13,4,4,0,1.00,0.5,0.5,0.0,0.0,0.0
2025-11-24 06:15:03,clusterA,13,3,3,0,1.00,0.5,0.5,0.0,0.0,0.0
2025-11-24 06:15:03,cluster_A,13,1,1,0,1.00,0.5,0.5,0.0,0.0,0.0
2025-11-24 06:15:03,clusterB,13,4,4,0,1.00,0.5,0.5,0.0,0.0,0.0
2025-11-24 06:15:24,clusterA,13,3,3,0,1.00,0.5,0.5,0.0,0.0,0.0
2025-11-24 06:15:24,cluster_A,13,1,1,0,1.00,0.5,0.5,0.0,0.0,0.0
2025-11-24 06:15:24,clusterB,13,4,4,0,1.00,0.5,0.5,0.0,0.0,0.0
2025-11-24 06:15:46,clusterA,13,3,3,0,1.00,0.5,0.5,0.0,0.0,0.0
2025-11-24 06:15:46,cluster_A,13,1,1,0,1.00,0.5,0.5,0.0,0.0,0.0
2025-11-24 06:15:46,clusterB,13,4,4,0,1.00,0.5,0.5,0.0,0.0,0.0
2025-11-24 06:16:07,clusterA,13,3,3,0,1.00,0.5,0.5,0.0,0.0,0.0
2025-11-24 06:16:07,cluster_A,13,1,1,0,1.00,0.5,0.5,0.0,0.0,0.0
2025-11-24 06:16:07,clusterB,13,4,4,0,1.00,0.5,0.5,0.0,0.0,0.0
2025-11-24 06:16:28,clusterA,13,3,3,0,1.00,0.5,0.5,0.0,0.0,0.0
2025-11-24 06:16:28,cluster_A,13,1,1,0,1.00,0.5,0.5,0.0,0.0,0.0
2025-11-24 06:16:28,clusterB,13,4,4,0,1.00,0.5,0.5,0.0,0.0,0.0
2025-11-24 06:16:51,clusterA,13,3,2,1,0.67,0.5,0.5,0.0,0.0,0.0
2025-11-24 06:16:51,cluster_A,13,1,1,0,1.00,0.5,0.5,0.0,0.0,0.0
2025-11-24 06:16:51,clusterB,13,4,4,0,1.00,0.5,0.5,0.0,0.0,0.0
2025-11-24 06:17:04,clusterA,12,3,3,0,1.00,0.5,0.5,0.0,0.0,0.0
2025-11-24 06:17:04,cluster_A,12,1,1,0,1.00,0.5,0.5,0.0,0.0,0.0
2025-11-24 06:17:04,clusterB,12,4,4,0,1.00,0.5,0.5,0.0,0.0,0.0
2025-11-24 06:17:26,clusterA,12,3,3,0,1.00,0.5,0.5,0.0,0.0,0.0
2025-11-24 06:17:26,cluster_A,12,1,1,0,1.00,0.5,0.5,0.0,0.0,0.0
2025-11-24 06:17:26,clusterB,12,4,4,0,1.00,0.5,0.5,0.0,0.0,0.0
2025-11-24 06:17:48,clusterA,12,3,3,0,1.00,0.5,0.5,0.0,0.0,0.0
2025-11-24 06:17:48,cluster_A,12,1,1,0,1.00,0.5,0.5,0.0,0.0,0.0
2025-11-24 06:17:48,clusterB,12,4,4,0,1.00,0.5,0.5,0.0,0.0,0.0
2025-11-24 06:18:10,clusterA,12,3,3,0,1.00,0.5,0.5,0.0,0.0,0.0
2025-11-24 06:18:10,cluster_A,12,1,1,0,1.00,0.5,0.5,0.0,0.0,0.0
2025-11-24 06:18:10,clusterB,12,4,4,0,1.00,0.5,0.5,0.0,0.0,0.0
2025-11-24 06:18:33,clusterA,12,3,3,0,1.00,0.5,0.5,0.0,0.0,0.0
2025-11-24 06:18:33,cluster_A,12,1,1,0,1.00,0.5,0.5,0.0,0.0,0.0
2025-11-24 06:18:33,clusterB,12,4,4,0,1.00,0.5,0.5,0.0,0.0,0.0
2025-11-24 06:18:55,clusterA,12,3,3,0,1.00,0.5,0.5,0.0,0.0,0.0
2025-11-24 06:18:55,cluster_A,12,1,1,0,1.00,0.5,0.5,0.0,0.0,0.0
2025-11-24 06:18:55,clusterB,12,4,4,0,1.00,0.5,0.5,0.0,0.0,0.0
2025-11-24 06:19:18,clusterA,12,3,3,0,1.00,0.5,0.5,0.0,0.0,0.0
2025-11-24 06:19:18,cluster_A,12,1,1,0,1.00,0.5,0.5,0.0,0.0,0.0
2025-11-24 06:19:18,clusterB,12,4,4,0,1.00,0.5,0.5,0.0,0.0,0.0
2025-11-24 06:19:41,clusterA,12,3,3,0,1.00,0.5,0.5,0.0,0.0,0.0
2025-11-24 06:19:41,cluster_A,12,1,1,0,1.00,0.5,0.5,0.0,0.0,0.0
2025-11-24 06:19:41,clusterB,12,4,4,0,1.00,0.5,0.5,0.0,0.0,0.0
2025-11-24 06:20:04,clusterA,12,3,3,0,1.00,0.5,0.5,0.0,0.0,0.0
2025-11-24 06:20:04,cluster_A,12,1,1,0,1.00,0.5,0.5,0.0,0.0,0.0
2025-11-24 06:20:04,clusterB,12,4,4,0,1.00,0.5,0.5,0.0,0.0,0.0
2025-11-24 06:20:26,clusterA,12,3,3,0,1.00,0.5,0.5,0.0,0.0,0.0
2025-11-24 06:20:26,cluster_A,12,1,1,0,1.00,0.5,0.5,0.0,0.0,0.0
2025-11-24 06:20:26,clusterB,12,4,4,0,1.00,0.5,0.5,0.0,0.0,0.0
2025-11-24 06:20:48,clusterA,12,3,3,0,1.00,0.5,0.5,0.0,0.0,0.0
2025-11-24 06:20:48,cluster_A,12,1,1,0,1.00,0.5,0.5,0.0,0.0,0.0
2025-11-24 06:20:48,clusterB,12,4,4,0,1.00,0.5,0.5,0.0,0.0,0.0
2025-11-24 06:21:10,clusterA,12,3,3,0,1.00,0.5,0.5,0.0,0.0,0.0
2025-11-24 06:21:10,cluster_A,12,1,1,0,1.00,0.5,0.5,0.0,0.0,0.0
2025-11-24 06:21:10,clusterB,12,4,4,0,1.00,0.5,0.5,0.0,0.0,0.0
2025-11-24 06:21:32,clusterA,12,3,3,0,1.00,0.5,0.5,0.0,0.0,0.0
2025-11-24 06:21:32,cluster_A,12,1,1,0,1.00,0.5,0.5,0.0,0.0,0.0
2025-11-24 06:21:32,clusterB,12,4,4,0,1.00,0.5,0.5,0.0,0.0,0.0
2025-11-24 06:21:54,clusterA,12,3,3,0,1.00,0.5,0.5,0.0,0.0,0.0
2025-11-24 06:21:54,cluster_A,12,1,1,0,1.00,0.5,0.5,0.0,0.0,0.0
2025-11-24 06:21:54,clusterB,12,4,4,0,1.00,0.5,0.5,0.0,0.0,0.0
2025-11-24 06:22:16,clusterA,12,3,3,0,1.00,0.5,0.5,0.0,0.0,0.0
2025-11-24 06:22:16,cluster_A,12,1,1,0,1.00,0.5,0.5,0.0,0.0,0.0
2025-11-24 06:22:16,clusterB,12,4,4,0,1.00,0.5,0.5,0.0,0.0,0.0
2025-11-24 06:22:39,clusterA,12,3,3,0,1.00,0.5,0.5,0.0,0.0,0.0
2025-11-24 06:22:39,cluster_A,12,1,1,0,1.00,0.5,0.5,0.0,0.0,0.0
2025-11-24 06:22:39,clusterB,12,4,4,0,1.00,0.5,0.5,0.0,0.0,0.0
2025-11-24 06:23:01,clusterA,12,3,3,0,1.00,0.5,0.5,0.0,0.0,0.0
2025-11-24 06:23:01,cluster_A,12,1,1,0,1.00,0.5,0.5,0.0,0.0,0.0
2025-11-24 06:23:01,clusterB,12,4,4,0,1.00,0.5,0.5,0.0,0.0,0.0
2025-11-24 06:23:23,clusterA,12,3,3,0,1.00,0.5,0.5,0.0,0.0,0.0
2025-11-24 06:23:23,cluster_A,12,1,1,0,1.00,0.5,0.5,0.0,0.0,0.0
2025-11-24 06:23:23,clusterB,12,4,4,0,1.00,0.5,0.5,0.0,0.0,0.0
2025-11-24 06:23:45,clusterA,12,3,3,0,1.00,0.5,0.5,0.0,0.0,0.0
2025-11-24 06:23:45,cluster_A,12,1,1,0,1.00,0.5,0.5,0.0,0.0,0.0
2025-11-24 06:23:45,clusterB,12,4,4,0,1.00,0.5,0.5,0.0,0.0,0.0
2025-11-24 06:24:06,clusterA,12,3,3,0,1.00,0.5,0.5,0.0,0.0,0.0
2025-11-24 06:24:06,cluster_A,12,1,1,0,1.00,0.5,0.5,0.0,0.0,0.0
2025-11-24 06:24:06,clusterB,12,4,4,0,1.00,0.5,0.5,0.0,0.0,0.0
2025-11-24 06:24:28,clusterA,12,3,3,0,1.00,0.5,0.5,0.0,0.0,0.0
2025-11-24 06:24:28,cluster_A,12,1,1,0,1.00,0.5,0.5,0.0,0.0,0.0
2025-11-24 06:24:28,clusterB,12,4,4,0,1.00,0.5,0.5,0.0,0.0,0.0
2025-11-24 06:24:49,clusterA,12,3,3,0,1.00,0.5,0.5,0.0,0.0,0.0
2025-11-24 06:24:49,cluster_A,12,1,1,0,1.00,0.5,0.5,0.0,0.0,0.0
2025-11-24 06:24:49,clusterB,12,4,4,0,1.00,0.5,0.5,0.0,0.0,0.0
2025-11-24 06:25:11,clusterA,12,3,3,0,1.00,0.5,0.5,0.0,0.0,0.0
2025-11-24 06:25:11,cluster_A,12,1,1,0,1.00,0.5,0.5,0.0,0.0,0.0
2025-11-24 06:25:11,clusterB,12,4,4,0,1.00,0.5,0.5,0.0,0.0,0.0
2025-11-24 06:25:33,clusterA,12,3,3,0,1.00,0.5,0.5,0.0,0.0,0.0
2025-11-24 06:25:33,cluster_A,12,1,1,0,1.00,0.5,0.5,0.0,0.0,0.0
2025-11-24 06:25:33,clusterB,12,4,4,0,1.00,0.5,0.5,0.0,0.0,0.0
2025-11-24 06:25:55,clusterA,12,3,3,0,1.00,0.5,0.5,0.0,0.0,0.0
2025-11-24 06:25:55,cluster_A,12,1,1,0,1.00,0.5,0.5,0.0,0.0,0.0
2025-11-24 06:25:55,clusterB,12,4,4,0,1.00,0.5,0.5,0.0,0.0,0.0
2025-11-24 06:26:16,clusterA,12,3,3,0,1.00,0.5,0.5,0.0,0.0,0.0
2025-11-24 06:26:16,cluster_A,12,1,1,0,1.00,0.5,0.5,0.0,0.0,0.0
2025-11-24 06:26:16,clusterB,12,4,4,0,1.00,0.5,0.5,0.0,0.0,0.0
2025-11-24 06:26:38,clusterA,12,3,3,0,1.00,0.5,0.5,0.0,0.0,0.0
2025-11-24 06:26:38,cluster_A,12,1,1,0,1.00,0.5,0.5,0.0,0.0,0.0
2025-11-24 06:26:38,clusterB,12,4,4,0,1.00,0.5,0.5,0.0,0.0,0.0
2025-11-24 06:27:00,clusterA,12,3,3,0,1.00,0.5,0.5,0.0,0.0,0.0
2025-11-24 06:27:00,cluster_A,12,1,1,0,1.00,0.5,0.5,0.0,0.0,0.0
2025-11-24 06:27:00,clusterB,12,4,4,0,1.00,0.5,0.5,0.0,0.0,0.0
2025-11-24 06:27:22,clusterA,12,3,3,0,1.00,0.5,0.5,0.0,0.0,0.0
2025-11-24 06:27:22,cluster_A,12,1,1,0,1.00,0.5,0.5,0.0,0.0,0.0
2025-11-24 06:27:22,clusterB,12,4,4,0,1.00,0.5,0.5,0.0,0.0,0.0
2025-11-24 06:27:45,clusterA,12,3,3,0,1.00,0.5,0.5,0.0,0.0,0.0
2025-11-24 06:27:45,cluster_A,12,1,1,0,1.00,0.5,0.5,0.0,0.0,0.0
2025-11-24 06:27:45,clusterB,12,4,4,0,1.00,0.5,0.5,0.0,0.0,0.0
2025-11-24 06:28:07,clusterA,12,3,3,0,1.00,0.5,0.5,0.0,0.0,0.0
2025-11-24 06:28:07,cluster_A,12,1,1,0,1.00,0.5,0.5,0.0,0.0,0.0
2025-11-24 06:28:07,clusterB,12,4,4,0,1.00,0.5,0.5,0.0,0.0,0.0
2025-11-24 06:28:29,clusterA,12,3,3,0,1.00,0.5,0.5,0.0,0.0,0.0
2025-11-24 06:28:29,cluster_A,12,1,1,0,1.00,0.5,0.5,0.0,0.0,0.0
2025-11-24 06:28:29,clusterB,12,4,4,0,1.00,0.5,0.5,0.0,0.0,0.0
2025-11-24 06:28:53,clusterA,12,3,3,0,1.00,0.5,0.5,0.0,0.0,0.0
2025-11-24 06:28:53,cluster_A,12,1,1,0,1.00,0.5,0.5,0.0,0.0,0.0
2025-11-24 06:28:53,clusterB,12,4,4,0,1.00,0.5,0.5,0.0,0.0,0.0
2025-11-24 06:29:16,clusterA,12,3,3,0,1.00,0.5,0.5,0.0,0.0,0.0
2025-11-24 06:29:16,cluster_A,12,1,1,0,1.00,0.5,0.5,0.0,0.0,0.0
2025-11-24 06:29:16,clusterB,12,4,4,0,1.00,0.5,0.5,0.0,0.0,0.0
2025-11-24 06:29:38,clusterA,12,3,3,0,1.00,0.5,0.5,0.0,0.0,0.0
2025-11-24 06:29:38,cluster_A,12,1,1,0,1.00,0.5,0.5,0.0,0.0,0.0
2025-11-24 06:29:38,clusterB,12,4,4,0,1.00,0.5,0.5,0.0,0.0,0.0
2025-11-24 06:30:00,clusterA,12,3,3,0,1.00,0.5,0.5,0.0,0.0,0.0
2025-11-24 06:30:00,cluster_A,12,1,1,0,1.00,0.5,0.5,0.0,0.0,0.0
2025-11-24 06:30:00,clusterB,12,4,4,0,1.00,0.5,0.5,0.0,0.0,0.0
2025-11-24 06:30:23,clusterA,12,3,3,0,1.00,0.5,0.5,0.0,0.0,0.0
2025-11-24 06:30:23,cluster_A,12,1,1,0,1.00,0.5,0.5,0.0,0.0,0.0
2025-11-24 06:30:23,clusterB,12,4,4,0,1.00,0.5,0.5,0.0,0.0,0.0
2025-11-24 06:30:45,clusterA,12,3,3,0,1.00,0.5,0.5,0.0,0.0,0.0
2025-11-24 06:30:45,cluster_A,12,1,1,0,1.00,0.5,0.5,0.0,0.0,0.0
2025-11-24 06:30:45,clusterB,12,4,4,0,1.00,0.5,0.5,0.0,0.0,0.0
2025-11-24 06:31:07,clusterA,12,3,3,0,1.00,0.5,0.5,0.0,0.0,0.0
2025-11-24 06:31:07,cluster_A,12,1,1,0,1.00,0.5,0.5,0.0,0.0,0.0
2025-11-24 06:31:07,clusterB,12,4,4,0,1.00,0.5,0.5,0.0,0.0,0.0
2025-11-24 06:31:30,clusterA,12,3,3,0,1.00,0.5,0.5,0.0,0.0,0.0
2025-11-24 06:31:30,cluster_A,12,1,1,0,1.00,0.5,0.5,0.0,0.0,0.0
2025-11-24 06:31:30,clusterB,12,4,4,0,1.00,0.5,0.5,0.0,0.0,0.0
2025-11-24 06:31:52,clusterA,12,3,3,0,1.00,0.5,0.5,0.0,0.0,0.0
2025-11-24 06:31:52,cluster_A,12,1,1,0,1.00,0.5,0.5,0.0,0.0,0.0
2025-11-24 06:31:52,clusterB,12,4,4,0,1.00,0.5,0.5,0.0,0.0,0.0
2025-11-24 06:32:13,clusterA,12,3,3,0,1.00,0.5,0.5,0.0,0.0,0.0
2025-11-24 06:32:13,cluster_A,12,1,1,0,1.00,0.5,0.5,0.0,0.0,0.0
2025-11-24 06:32:13,clusterB,12,4,4,0,1.00,0.5,0.5,0.0,0.0,0.0
2025-11-24 06:32:36,clusterA,12,3,3,0,1.00,0.5,0.5,0.0,0.0,0.0
2025-11-24 06:32:36,cluster_A,12,1,1,0,1.00,0.5,0.5,0.0,0.0,0.0
2025-11-24 06:32:36,clusterB,12,4,4,0,1.00,0.5,0.5,0.0,0.0,0.0
2025-11-24 06:32:58,clusterA,12,3,3,0,1.00,0.5,0.5,0.0,0.0,0.0
2025-11-24 06:32:58,cluster_A,12,1,1,0,1.00,0.5,0.5,0.0,0.0,0.0
2025-11-24 06:32:58,clusterB,12,4,4,0,1.00,0.5,0.5,0.0,0.0,0.0
2025-11-24 06:33:19,clusterA,12,3,3,0,1.00,0.5,0.5,0.0,0.0,0.0
2025-11-24 06:33:19,cluster_A,12,1,1,0,1.00,0.5,0.5,0.0,0.0,0.0
2025-11-24 06:33:19,clusterB,12,4,4,0,1.00,0.5,0.5,0.0,0.0,0.0
2025-11-24 06:33:41,clusterA,12,3,3,0,1.00,0.5,0.5,0.0,0.0,0.0
2025-11-24 06:33:41,cluster_A,12,1,1,0,1.00,0.5,0.5,0.0,0.0,0.0
2025-11-24 06:33:41,clusterB,12,4,4,0,1.00,0.5,0.5,0.0,0.0,0.0
2025-11-24 06:34:03,clusterA,12,3,3,0,1.00,0.5,0.5,0.0,0.0,0.0
2025-11-24 06:34:03,cluster_A,12,1,1,0,1.00,0.5,0.5,0.0,0.0,0.0
2025-11-24 06:34:03,clusterB,12,4,4,0,1.00,0.5,0.5,0.0,0.0,0.0
2025-11-24 06:34:25,clusterA,12,3,3,0,1.00,0.5,0.5,0.0,0.0,0.0
2025-11-24 06:34:25,cluster_A,12,1,1,0,1.00,0.5,0.5,0.0,0.0,0.0
2025-11-24 06:34:25,clusterB,12,4,4,0,1.00,0.5,0.5,0.0,0.0,0.0
2025-11-24 06:34:46,clusterA,12,3,3,0,1.00,0.5,0.5,0.0,0.0,0.0
2025-11-24 06:34:46,cluster_A,12,1,1,0,1.00,0.5,0.5,0.0,0.0,0.0
2025-11-24 06:34:46,clusterB,12,4,4,0,1.00,0.5,0.5,0.0,0.0,0.0
2025-11-24 06:35:08,clusterA,12,3,3,0,1.00,0.5,0.5,0.0,0.0,0.0
2025-11-24 06:35:08,cluster_A,12,1,1,0,1.00,0.5,0.5,0.0,0.0,0.0
2025-11-24 06:35:08,clusterB,12,4,4,0,1.00,0.5,0.5,0.0,0.0,0.0
2025-11-24 06:35:30,clusterA,12,3,3,0,1.00,0.5,0.5,0.0,0.0,0.0
2025-11-24 06:35:30,cluster_A,12,1,1,0,1.00,0.5,0.5,0.0,0.0,0.0
2025-11-24 06:35:30,clusterB,12,4,4,0,1.00,0.5,0.5,0.0,0.0,0.0
2025-11-24 06:35:51,clusterA,12,3,3,0,1.00,0.5,0.5,0.0,0.0,0.0
2025-11-24 06:35:51,cluster_A,12,1,1,0,1.00,0.5,0.5,0.0,0.0,0.0
2025-11-24 06:35:51,clusterB,12,4,4,0,1.00,0.5,0.5,0.0,0.0,0.0
2025-11-24 06:36:14,clusterA,12,3,3,0,1.00,0.5,0.5,0.0,0.0,0.0
2025-11-24 06:36:14,cluster_A,12,1,1,0,1.00,0.5,0.5,0.0,0.0,0.0
2025-11-24 06:36:14,clusterB,12,4,4,0,1.00,0.5,0.5,0.0,0.0,0.0
2025-11-24 06:36:36,clusterA,12,3,3,0,1.00,0.5,0.5,0.0,0.0,0.0
2025-11-24 06:36:36,cluster_A,12,1,1,0,1.00,0.5,0.5,0.0,0.0,0.0
2025-11-24 06:36:36,clusterB,12,4,4,0,1.00,0.5,0.5,0.0,0.0,0.0
2025-11-24 06:36:58,clusterA,12,3,3,0,1.00,0.5,0.5,0.0,0.0,0.0
2025-11-24 06:36:58,cluster_A,12,1,1,0,1.00,0.5,0.5,0.0,0.0,0.0
2025-11-24 06:36:58,clusterB,12,4,4,0,1.00,0.5,0.5,0.0,0.0,0.0
2025-11-24 06:37:19,clusterA,12,3,3,0,1.00,0.5,0.5,0.0,0.0,0.0
2025-11-24 06:37:19,cluster_A,12,1,1,0,1.00,0.5,0.5,0.0,0.0,0.0
2025-11-24 06:37:19,clusterB,12,4,4,0,1.00,0.5,0.5,0.0,0.0,0.0
2025-11-24 06:37:41,clusterA,12,3,3,0,1.00,0.5,0.5,0.0,0.0,0.0
2025-11-24 06:37:41,cluster_A,12,1,1,0,1.00,0.5,0.5,0.0,0.0,0.0
2025-11-24 06:37:41,clusterB,12,4,4,0,1.00,0.5,0.5,0.0,0.0,0.0
2025-11-24 06:38:02,clusterA,12,3,3,0,1.00,0.5,0.5,0.0,0.0,0.0
2025-11-24 06:38:02,cluster_A,12,1,1,0,1.00,0.5,0.5,0.0,0.0,0.0
2025-11-24 06:38:02,clusterB,12,4,4,0,1.00,0.5,0.5,0.0,0.0,0.0
2025-11-24 06:38:24,clusterA,12,3,3,0,1.00,0.5,0.5,0.0,0.0,0.0
2025-11-24 06:38:24,cluster_A,12,1,1,0,1.00,0.5,0.5,0.0,0.0,0.0
2025-11-24 06:38:24,clusterB,12,4,4,0,1.00,0.5,0.5,0.0,0.0,0.0
2025-11-24 06:38:47,clusterA,12,3,3,0,1.00,0.5,0.5,0.0,0.0,0.0
2025-11-24 06:38:47,cluster_A,12,1,1,0,1.00,0.5,0.5,0.0,0.0,0.0
2025-11-24 06:38:47,clusterB,12,4,4,0,1.00,0.5,0.5,0.0,0.0,0.0
2025-11-24 06:39:09,clusterA,12,3,3,0,1.00,0.5,0.5,0.0,0.0,0.0
2025-11-24 06:39:09,cluster_A,12,1,1,0,1.00,0.5,0.5,0.0,0.0,0.0
2025-11-24 06:39:09,clusterB,12,4,4,0,1.00,0.5,0.5,0.0,0.0,0.0
2025-11-24 06:39:31,clusterA,12,3,3,0,1.00,0.5,0.5,0.0,0.0,0.0
2025-11-24 06:39:31,cluster_A,12,1,1,0,1.00,0.5,0.5,0.0,0.0,0.0
2025-11-24 06:39:31,clusterB,12,4,4,0,1.00,0.5,0.5,0.0,0.0,0.0
2025-11-24 06:39:54,clusterA,12,3,3,0,1.00,0.5,0.5,0.0,0.0,0.0
2025-11-24 06:39:54,cluster_A,12,1,1,0,1.00,0.5,0.5,0.0,0.0,0.0
2025-11-24 06:39:54,clusterB,12,4,4,0,1.00,0.5,0.5,0.0,0.0,0.0
2025-11-24 06:40:16,clusterA,12,3,3,0,1.00,0.5,0.5,0.0,0.0,0.0
2025-11-24 06:40:16,cluster_A,12,1,1,0,1.00,0.5,0.5,0.0,0.0,0.0
2025-11-24 06:40:16,clusterB,12,4,4,0,1.00,0.5,0.5,0.0,0.0,0.0
2025-11-24 06:40:38,clusterA,12,3,3,0,1.00,0.5,0.5,0.0,0.0,0.0
2025-11-24 06:40:38,cluster_A,12,1,1,0,1.00,0.5,0.5,0.0,0.0,0.0
2025-11-24 06:40:38,clusterB,12,4,4,0,1.00,0.5,0.5,0.0,0.0,0.0
2025-11-24 06:41:00,clusterA,12,3,3,0,1.00,0.5,0.5,0.0,0.0,0.0
2025-11-24 06:41:00,cluster_A,12,1,1,0,1.00,0.5,0.5,0.0,0.0,0.0
2025-11-24 06:41:00,clusterB,12,4,4,0,1.00,0.5,0.5,0.0,0.0,0.0
2025-11-24 06:41:22,clusterA,12,3,3,0,1.00,0.5,0.5,0.0,0.0,0.0
2025-11-24 06:41:22,cluster_A,12,1,1,0,1.00,0.5,0.5,0.0,0.0,0.0
2025-11-24 06:41:22,clusterB,12,4,4,0,1.00,0.5,0.5,0.0,0.0,0.0
2025-11-24 06:41:44,clusterA,12,3,3,0,1.00,0.5,0.5,0.0,0.0,0.0
2025-11-24 06:41:44,cluster_A,12,1,1,0,1.00,0.5,0.5,0.0,0.0,0.0
2025-11-24 06:41:44,clusterB,12,4,4,0,1.00,0.5,0.5,0.0,0.0,0.0
2025-11-24 06:42:06,clusterA,12,3,3,0,1.00,0.5,0.5,0.0,0.0,0.0
2025-11-24 06:42:06,cluster_A,12,1,1,0,1.00,0.5,0.5,0.0,0.0,0.0
2025-11-24 06:42:06,clusterB,12,4,4,0,1.00,0.5,0.5,0.0,0.0,0.0
2025-11-24 06:42:28,clusterA,12,3,3,0,1.00,0.5,0.5,0.0,0.0,0.0
2025-11-24 06:42:28,cluster_A,12,1,1,0,1.00,0.5,0.5,0.0,0.0,0.0
2025-11-24 06:42:28,clusterB,12,4,4,0,1.00,0.5,0.5,0.0,0.0,0.0
2025-11-24 06:42:49,clusterA,12,3,3,0,1.00,0.5,0.5,0.0,0.0,0.0
2025-11-24 06:42:49,cluster_A,12,1,1,0,1.00,0.5,0.5,0.0,0.0,0.0
2025-11-24 06:42:49,clusterB,12,4,4,0,1.00,0.5,0.5,0.0,0.0,0.0
2025-11-24 06:43:12,clusterA,12,3,3,0,1.00,0.5,0.5,0.0,0.0,0.0
2025-11-24 06:43:12,cluster_A,12,1,1,0,1.00,0.5,0.5,0.0,0.0,0.0
2025-11-24 06:43:12,clusterB,12,4,4,0,1.00,0.5,0.5,0.0,0.0,0.0
2025-11-24 06:43:34,clusterA,12,3,3,0,1.00,0.5,0.5,0.0,0.0,0.0
2025-11-24 06:43:34,cluster_A,12,1,1,0,1.00,0.5,0.5,0.0,0.0,0.0
2025-11-24 06:43:34,clusterB,12,4,4,0,1.00,0.5,0.5,0.0,0.0,0.0
2025-11-24 06:43:56,clusterA,12,3,3,0,1.00,0.5,0.5,0.0,0.0,0.0
2025-11-24 06:43:56,cluster_A,12,1,1,0,1.00,0.5,0.5,0.0,0.0,0.0
2025-11-24 06:43:56,clusterB,12,4,4,0,1.00,0.5,0.5,0.0,0.0,0.0
2025-11-24 06:44:18,clusterA,12,3,3,0,1.00,0.5,0.5,0.0,0.0,0.0
2025-11-24 06:44:18,cluster_A,12,1,1,0,1.00,0.5,0.5,0.0,0.0,0.0
2025-11-24 06:44:18,clusterB,12,4,4,0,1.00,0.5,0.5,0.0,0.0,0.0
2025-11-24 06:44:40,clusterA,12,3,3,0,1.00,0.5,0.5,0.0,0.0,0.0
2025-11-24 06:44:40,cluster_A,12,1,1,0,1.00,0.5,0.5,0.0,0.0,0.0
2025-11-24 06:44:40,clusterB,12,4,4,0,1.00,0.5,0.5,0.0,0.0,0.0
2025-11-24 06:45:01,clusterA,12,3,3,0,1.00,0.5,0.5,0.0,0.0,0.0
2025-11-24 06:45:01,cluster_A,12,1,1,0,1.00,0.5,0.5,0.0,0.0,0.0
2025-11-24 06:45:01,clusterB,12,4,4,0,1.00,0.5,0.5,0.0,0.0,0.0
2025-11-24 06:45:23,clusterA,12,3,3,0,1.00,0.5,0.5,0.0,0.0,0.0
2025-11-24 06:45:23,cluster_A,12,1,1,0,1.00,0.5,0.5,0.0,0.0,0.0
2025-11-24 06:45:23,clusterB,12,4,4,0,1.00,0.5,0.5,0.0,0.0,0.0
2025-11-24 06:45:45,clusterA,12,3,3,0,1.00,0.5,0.5,0.0,0.0,0.0
2025-11-24 06:45:45,cluster_A,12,1,1,0,1.00,0.5,0.5,0.0,0.0,0.0
2025-11-24 06:45:45,clusterB,12,4,4,0,1.00,0.5,0.5,0.0,0.0,0.0
2025-11-24 06:46:06,clusterA,12,3,3,0,1.00,0.5,0.5,0.0,0.0,0.0
2025-11-24 06:46:06,cluster_A,12,1,1,0,1.00,0.5,0.5,0.0,0.0,0.0
2025-11-24 06:46:06,clusterB,12,4,4,0,1.00,0.5,0.5,0.0,0.0,0.0
2025-11-24 06:46:29,clusterA,12,3,3,0,1.00,0.5,0.5,0.0,0.0,0.0
2025-11-24 06:46:29,cluster_A,12,1,1,0,1.00,0.5,0.5,0.0,0.0,0.0
2025-11-24 06:46:29,clusterB,12,4,4,0,1.00,0.5,0.5,0.0,0.0,0.0
2025-11-24 06:46:51,clusterA,12,3,3,0,1.00,0.5,0.5,0.0,0.0,0.0
2025-11-24 06:46:51,cluster_A,12,1,1,0,1.00,0.5,0.5,0.0,0.0,0.0
2025-11-24 06:46:51,clusterB,12,4,4,0,1.00,0.5,0.5,0.0,0.0,0.0
2025-11-24 06:47:13,clusterA,12,3,3,0,1.00,0.5,0.5,0.0,0.0,0.0
2025-11-24 06:47:13,cluster_A,12,1,1,0,1.00,0.5,0.5,0.0,0.0,0.0
2025-11-24 06:47:13,clusterB,12,4,4,0,1.00,0.5,0.5,0.0,0.0,0.0
2025-11-24 06:47:36,clusterA,12,3,3,0,1.00,0.5,0.5,0.0,0.0,0.0
2025-11-24 06:47:36,cluster_A,12,1,1,0,1.00,0.5,0.5,0.0,0.0,0.0
2025-11-24 06:47:36,clusterB,12,4,4,0,1.00,0.5,0.5,0.0,0.0,0.0
2025-11-24 06:47:57,clusterA,12,3,3,0,1.00,0.5,0.5,0.0,0.0,0.0
2025-11-24 06:47:57,cluster_A,12,1,1,0,1.00,0.5,0.5,0.0,0.0,0.0
2025-11-24 06:47:57,clusterB,12,4,4,0,1.00,0.5,0.5,0.0,0.0,0.0
2025-11-24 06:48:19,clusterA,12,3,3,0,1.00,0.5,0.5,0.0,0.0,0.0
2025-11-24 06:48:19,cluster_A,12,1,1,0,1.00,0.5,0.5,0.0,0.0,0.0
2025-11-24 06:48:19,clusterB,12,4,4,0,1.00,0.5,0.5,0.0,0.0,0.0
2025-11-24 06:48:41,clusterA,12,3,3,0,1.00,0.5,0.5,0.0,0.0,0.0
2025-11-24 06:48:41,cluster_A,12,1,1,0,1.00,0.5,0.5,0.0,0.0,0.0
2025-11-24 06:48:41,clusterB,12,4,4,0,1.00,0.5,0.5,0.0,0.0,0.0
2025-11-24 06:49:02,clusterA,12,3,3,0,1.00,0.5,0.5,0.0,0.0,0.0
2025-11-24 06:49:02,cluster_A,12,1,1,0,1.00,0.5,0.5,0.0,0.0,0.0
2025-11-24 06:49:02,clusterB,12,4,4,0,1.00,0.5,0.5,0.0,0.0,0.0
2025-11-24 06:49:25,clusterA,12,3,3,0,1.00,0.5,0.5,0.0,0.0,0.0
2025-11-24 06:49:25,cluster_A,12,1,1,0,1.00,0.5,0.5,0.0,0.0,0.0
2025-11-24 06:49:25,clusterB,12,4,4,0,1.00,0.5,0.5,0.0,0.0,0.0
2025-11-24 06:49:47,clusterA,12,3,3,0,1.00,0.5,0.5,0.0,0.0,0.0
2025-11-24 06:49:47,cluster_A,12,1,1,0,1.00,0.5,0.5,0.0,0.0,0.0
2025-11-24 06:49:47,clusterB,12,4,4,0,1.00,0.5,0.5,0.0,0.0,0.0
2025-11-24 06:50:09,clusterA,12,3,3,0,1.00,0.5,0.5,0.0,0.0,0.0
2025-11-24 06:50:09,cluster_A,12,1,1,0,1.00,0.5,0.5,0.0,0.0,0.0
2025-11-24 06:50:09,clusterB,12,4,4,0,1.00,0.5,0.5,0.0,0.0,0.0
2025-11-24 06:50:32,clusterA,12,3,3,0,1.00,0.5,0.5,0.0,0.0,0.0
2025-11-24 06:50:32,cluster_A,12,1,1,0,1.00,0.5,0.5,0.0,0.0,0.0
2025-11-24 06:50:32,clusterB,12,4,4,0,1.00,0.5,0.5,0.0,0.0,0.0
2025-11-24 06:50:55,clusterA,12,3,3,0,1.00,0.5,0.5,0.0,0.0,0.0
2025-11-24 06:50:55,cluster_A,12,1,1,0,1.00,0.5,0.5,0.0,0.0,0.0
2025-11-24 06:50:55,clusterB,12,4,4,0,1.00,0.5,0.5,0.0,0.0,0.0
2025-11-24 06:51:17,clusterA,12,3,3,0,1.00,0.5,0.5,0.0,0.0,0.0
2025-11-24 06:51:17,cluster_A,12,1,1,0,1.00,0.5,0.5,0.0,0.0,0.0
2025-11-24 06:51:17,clusterB,12,4,4,0,1.00,0.5,0.5,0.0,0.0,0.0
2025-11-24 06:51:39,clusterA,12,3,3,0,1.00,0.5,0.5,0.0,0.0,0.0
2025-11-24 06:51:39,cluster_A,12,1,1,0,1.00,0.5,0.5,0.0,0.0,0.0
2025-11-24 06:51:39,clusterB,12,4,4,0,1.00,0.5,0.5,0.0,0.0,0.0
2025-11-24 06:52:02,clusterA,12,3,3,0,1.00,0.5,0.5,0.0,0.0,0.0
2025-11-24 06:52:02,cluster_A,12,1,1,0,1.00,0.5,0.5,0.0,0.0,0.0
2025-11-24 06:52:02,clusterB,12,4,4,0,1.00,0.5,0.5,0.0,0.0,0.0
2025-11-24 06:52:24,clusterA,12,3,3,0,1.00,0.5,0.5,0.0,0.0,0.0
2025-11-24 06:52:24,cluster_A,12,1,1,0,1.00,0.5,0.5,0.0,0.0,0.0
2025-11-24 06:52:24,clusterB,12,4,4,0,1.00,0.5,0.5,0.0,0.0,0.0
2025-11-24 06:52:46,clusterA,12,3,3,0,1.00,0.5,0.5,0.0,0.0,0.0
2025-11-24 06:52:46,cluster_A,12,1,1,0,1.00,0.5,0.5,0.0,0.0,0.0
2025-11-24 06:52:46,clusterB,12,4,4,0,1.00,0.5,0.5,0.0,0.0,0.0
2025-11-24 06:53:09,clusterA,12,3,3,0,1.00,0.5,0.5,0.0,0.0,0.0
2025-11-24 06:53:09,cluster_A,12,1,1,0,1.00,0.5,0.5,0.0,0.0,0.0
2025-11-24 06:53:09,clusterB,12,4,4,0,1.00,0.5,0.5,0.0,0.0,0.0
2025-11-24 06:53:32,clusterA,12,3,3,0,1.00,0.5,0.5,0.0,0.0,0.0
2025-11-24 06:53:32,cluster_A,12,1,1,0,1.00,0.5,0.5,0.0,0.0,0.0
2025-11-24 06:53:32,clusterB,12,4,4,0,1.00,0.5,0.5,0.0,0.0,0.0
2025-11-24 06:53:53,clusterA,12,3,3,0,1.00,0.5,0.5,0.0,0.0,0.0
2025-11-24 06:53:53,cluster_A,12,1,1,0,1.00,0.5,0.5,0.0,0.0,0.0
2025-11-24 06:53:53,clusterB,12,4,4,0,1.00,0.5,0.5,0.0,0.0,0.0
2025-11-24 06:54:15,clusterA,12,3,3,0,1.00,0.5,0.5,0.0,0.0,0.0
2025-11-24 06:54:15,cluster_A,12,1,1,0,1.00,0.5,0.5,0.0,0.0,0.0
2025-11-24 06:54:15,clusterB,12,4,4,0,1.00,0.5,0.5,0.0,0.0,0.0
2025-11-24 06:54:36,clusterA,12,3,3,0,1.00,0.5,0.5,0.0,0.0,0.0
2025-11-24 06:54:36,cluster_A,12,1,1,0,1.00,0.5,0.5,0.0,0.0,0.0
2025-11-24 06:54:36,clusterB,12,4,4,0,1.00,0.5,0.5,0.0,0.0,0.0
2025-11-24 06:54:57,clusterA,12,3,3,0,1.00,0.5,0.5,0.0,0.0,0.0
2025-11-24 06:54:57,cluster_A,12,1,1,0,1.00,0.5,0.5,0.0,0.0,0.0
2025-11-24 06:54:57,clusterB,12,4,4,0,1.00,0.5,0.5,0.0,0.0,0.0
2025-11-24 06:55:18,clusterA,12,3,3,0,1.00,0.5,0.5,0.0,0.0,0.0
2025-11-24 06:55:18,cluster_A,12,1,1,0,1.00,0.5,0.5,0.0,0.0,0.0
2025-11-24 06:55:18,clusterB,12,4,4,0,1.00,0.5,0.5,0.0,0.0,0.0
2025-11-24 06:55:40,clusterA,12,3,3,0,1.00,0.5,0.5,0.0,0.0,0.0
2025-11-24 06:55:40,cluster_A,12,1,1,0,1.00,0.5,0.5,0.0,0.0,0.0
2025-11-24 06:55:40,clusterB,12,4,4,0,1.00,0.5,0.5,0.0,0.0,0.0
2025-11-24 06:56:01,clusterA,12,3,3,0,1.00,0.5,0.5,0.0,0.0,0.0
2025-11-24 06:56:01,cluster_A,12,1,1,0,1.00,0.5,0.5,0.0,0.0,0.0
2025-11-24 06:56:01,clusterB,12,4,4,0,1.00,0.5,0.5,0.0,0.0,0.0
2025-11-24 06:56:23,clusterA,12,3,3,0,1.00,0.5,0.5,0.0,0.0,0.0
2025-11-24 06:56:23,cluster_A,12,1,1,0,1.00,0.5,0.5,0.0,0.0,0.0
2025-11-24 06:56:23,clusterB,12,4,4,0,1.00,0.5,0.5,0.0,0.0,0.0
2025-11-24 06:56:44,clusterA,12,3,3,0,1.00,0.5,0.5,0.0,0.0,0.0
2025-11-24 06:56:44,cluster_A,12,1,1,0,1.00,0.5,0.5,0.0,0.0,0.0
2025-11-24 06:56:44,clusterB,12,4,4,0,1.00,0.5,0.5,0.0,0.0,0.0
2025-11-24 06:57:06,clusterA,12,3,3,0,1.00,0.5,0.5,0.0,0.0,0.0
2025-11-24 06:57:06,cluster_A,12,1,1,0,1.00,0.5,0.5,0.0,0.0,0.0
2025-11-24 06:57:06,clusterB,12,4,4,0,1.00,0.5,0.5,0.0,0.0,0.0
2025-11-24 06:57:27,clusterA,12,3,3,0,1.00,0.5,0.5,0.0,0.0,0.0
2025-11-24 06:57:27,cluster_A,12,1,1,0,1.00,0.5,0.5,0.0,0.0,0.0
2025-11-24 06:57:27,clusterB,12,4,4,0,1.00,0.5,0.5,0.0,0.0,0.0
2025-11-24 06:57:48,clusterA,12,3,3,0,1.00,0.5,0.5,0.0,0.0,0.0
2025-11-24 06:57:48,cluster_A,12,1,1,0,1.00,0.5,0.5,0.0,0.0,0.0
2025-11-24 06:57:48,clusterB,12,4,4,0,1.00,0.5,0.5,0.0,0.0,0.0
2025-11-24 06:58:10,clusterA,12,3,3,0,1.00,0.5,0.5,0.0,0.0,0.0
2025-11-24 06:58:10,cluster_A,12,1,1,0,1.00,0.5,0.5,0.0,0.0,0.0
2025-11-24 06:58:10,clusterB,12,4,4,0,1.00,0.5,0.5,0.0,0.0,0.0
2025-11-24 06:58:32,clusterA,12,3,3,0,1.00,0.5,0.5,0.0,0.0,0.0
2025-11-24 06:58:32,cluster_A,12,1,1,0,1.00,0.5,0.5,0.0,0.0,0.0
2025-11-24 06:58:32,clusterB,12,4,4,0,1.00,0.5,0.5,0.0,0.0,0.0
2025-11-24 06:58:53,clusterA,12,3,3,0,1.00,0.5,0.5,0.0,0.0,0.0
2025-11-24 06:58:53,cluster_A,12,1,1,0,1.00,0.5,0.5,0.0,0.0,0.0
2025-11-24 06:58:53,clusterB,12,4,4,0,1.00,0.5,0.5,0.0,0.0,0.0
2025-11-24 06:59:16,clusterA,12,3,3,0,1.00,0.5,0.5,0.0,0.0,0.0
2025-11-24 06:59:16,cluster_A,12,1,1,0,1.00,0.5,0.5,0.0,0.0,0.0
2025-11-24 06:59:16,clusterB,12,4,4,0,1.00,0.5,0.5,0.0,0.0,0.0
2025-11-24 06:59:37,clusterA,12,3,3,0,1.00,0.5,0.5,0.0,0.0,0.0
2025-11-24 06:59:37,cluster_A,12,1,1,0,1.00,0.5,0.5,0.0,0.0,0.0
2025-11-24 06:59:37,clusterB,12,4,4,0,1.00,0.5,0.5,0.0,0.0,0.0
2025-11-24 06:59:59,clusterA,12,3,3,0,1.00,0.5,0.5,0.0,0.0,0.0
2025-11-24 06:59:59,cluster_A,12,1,1,0,1.00,0.5,0.5,0.0,0.0,0.0
2025-11-24 06:59:59,clusterB,12,4,4,0,1.00,0.5,0.5,0.0,0.0,0.0
2025-11-24 07:00:22,clusterA,12,3,3,0,1.00,0.5,0.5,0.0,0.0,0.0
2025-11-24 07:00:22,cluster_A,12,1,1,0,1.00,0.5,0.5,0.0,0.0,0.0
2025-11-24 07:00:22,clusterB,12,4,4,0,1.00,0.5,0.5,0.0,0.0,0.0
2025-11-24 07:00:43,clusterA,12,3,3,0,1.00,0.5,0.5,0.0,0.0,0.0
2025-11-24 07:00:43,cluster_A,12,1,1,0,1.00,0.5,0.5,0.0,0.0,0.0
2025-11-24 07:00:43,clusterB,12,4,4,0,1.00,0.5,0.5,0.0,0.0,0.0
2025-11-24 07:01:04,clusterA,12,3,3,0,1.00,0.5,0.5,0.0,0.0,0.0
2025-11-24 07:01:04,cluster_A,12,1,1,0,1.00,0.5,0.5,0.0,0.0,0.0
2025-11-24 07:01:04,clusterB,12,4,4,0,1.00,0.5,0.5,0.0,0.0,0.0
2025-11-24 07:01:26,clusterA,12,3,3,0,1.00,0.5,0.5,0.0,0.0,0.0
2025-11-24 07:01:26,cluster_A,12,1,1,0,1.00,0.5,0.5,0.0,0.0,0.0
2025-11-24 07:01:26,clusterB,12,4,4,0,1.00,0.5,0.5,0.0,0.0,0.0
2025-11-24 07:01:47,clusterA,12,3,3,0,1.00,0.5,0.5,0.0,0.0,0.0
2025-11-24 07:01:47,cluster_A,12,1,1,0,1.00,0.5,0.5,0.0,0.0,0.0
2025-11-24 07:01:47,clusterB,12,4,4,0,1.00,0.5,0.5,0.0,0.0,0.0
2025-11-24 07:02:10,clusterA,12,3,3,0,1.00,0.5,0.5,0.0,0.0,0.0
2025-11-24 07:02:10,cluster_A,12,1,1,0,1.00,0.5,0.5,0.0,0.0,0.0
2025-11-24 07:02:10,clusterB,12,4,4,0,1.00,0.5,0.5,0.0,0.0,0.0
2025-11-24 07:02:32,clusterA,12,3,3,0,1.00,0.5,0.5,0.0,0.0,0.0
2025-11-24 07:02:32,cluster_A,12,1,1,0,1.00,0.5,0.5,0.0,0.0,0.0
2025-11-24 07:02:32,clusterB,12,4,4,0,1.00,0.5,0.5,0.0,0.0,0.0
2025-11-24 07:02:54,clusterA,12,3,3,0,1.00,0.5,0.5,0.0,0.0,0.0
2025-11-24 07:02:54,cluster_A,12,1,1,0,1.00,0.5,0.5,0.0,0.0,0.0
2025-11-24 07:02:54,clusterB,12,4,4,0,1.00,0.5,0.5,0.0,0.0,0.0
2025-11-24 07:03:16,clusterA,12,3,3,0,1.00,0.5,0.5,0.0,0.0,0.0
2025-11-24 07:03:16,cluster_A,12,1,1,0,1.00,0.5,0.5,0.0,0.0,0.0
2025-11-24 07:03:16,clusterB,12,4,4,0,1.00,0.5,0.5,0.0,0.0,0.0
2025-11-24 07:03:38,clusterA,12,3,3,0,1.00,0.5,0.5,0.0,0.0,0.0
2025-11-24 07:03:38,cluster_A,12,1,1,0,1.00,0.5,0.5,0.0,0.0,0.0
2025-11-24 07:03:38,clusterB,12,4,4,0,1.00,0.5,0.5,0.0,0.0,0.0
2025-11-24 07:03:59,clusterA,12,3,3,0,1.00,0.5,0.5,0.0,0.0,0.0
2025-11-24 07:03:59,cluster_A,12,1,1,0,1.00,0.5,0.5,0.0,0.0,0.0
2025-11-24 07:03:59,clusterB,12,4,4,0,1.00,0.5,0.5,0.0,0.0,0.0
2025-11-24 07:04:21,clusterA,12,3,3,0,1.00,0.5,0.5,0.0,0.0,0.0
2025-11-24 07:04:21,cluster_A,12,1,1,0,1.00,0.5,0.5,0.0,0.0,0.0
2025-11-24 07:04:21,clusterB,12,4,4,0,1.00,0.5,0.5,0.0,0.0,0.0
2025-11-24 07:04:42,clusterA,12,3,3,0,1.00,0.5,0.5,0.0,0.0,0.0
2025-11-24 07:04:42,cluster_A,12,1,1,0,1.00,0.5,0.5,0.0,0.0,0.0
2025-11-24 07:04:42,clusterB,12,4,4,0,1.00,0.5,0.5,0.0,0.0,0.0
2025-11-24 07:05:04,clusterA,12,3,3,0,1.00,0.5,0.5,0.0,0.0,0.0
2025-11-24 07:05:04,cluster_A,12,1,1,0,1.00,0.5,0.5,0.0,0.0,0.0
2025-11-24 07:05:04,clusterB,12,4,4,0,1.00,0.5,0.5,0.0,0.0,0.0
2025-11-24 07:05:25,clusterA,12,3,3,0,1.00,0.5,0.5,0.0,0.0,0.0
2025-11-24 07:05:25,cluster_A,12,1,1,0,1.00,0.5,0.5,0.0,0.0,0.0
2025-11-24 07:05:25,clusterB,12,4,4,0,1.00,0.5,0.5,0.0,0.0,0.0
2025-11-24 07:05:48,clusterA,12,3,3,0,1.00,0.5,0.5,0.0,0.0,0.0
2025-11-24 07:05:48,cluster_A,12,1,1,0,1.00,0.5,0.5,0.0,0.0,0.0
2025-11-24 07:05:48,clusterB,12,4,4,0,1.00,0.5,0.5,0.0,0.0,0.0
2025-11-24 07:06:10,clusterA,12,3,3,0,1.00,0.5,0.5,0.0,0.0,0.0
2025-11-24 07:06:10,cluster_A,12,1,1,0,1.00,0.5,0.5,0.0,0.0,0.0
2025-11-24 07:06:10,clusterB,12,4,4,0,1.00,0.5,0.5,0.0,0.0,0.0
2025-11-24 07:06:33,clusterA,12,3,3,0,1.00,0.5,0.5,0.0,0.0,0.0
2025-11-24 07:06:33,cluster_A,12,1,1,0,1.00,0.5,0.5,0.0,0.0,0.0
2025-11-24 07:06:33,clusterB,12,4,4,0,1.00,0.5,0.5,0.0,0.0,0.0
2025-11-24 07:06:55,clusterA,12,3,3,0,1.00,0.5,0.5,0.0,0.0,0.0
2025-11-24 07:06:55,cluster_A,12,1,1,0,1.00,0.5,0.5,0.0,0.0,0.0
2025-11-24 07:06:55,clusterB,12,4,4,0,1.00,0.5,0.5,0.0,0.0,0.0
2025-11-24 07:07:18,clusterA,12,3,3,0,1.00,0.5,0.5,0.0,0.0,0.0
2025-11-24 07:07:18,cluster_A,12,1,1,0,1.00,0.5,0.5,0.0,0.0,0.0
2025-11-24 07:07:18,clusterB,12,4,4,0,1.00,0.5,0.5,0.0,0.0,0.0
2025-11-24 07:07:39,clusterA,12,3,3,0,1.00,0.5,0.5,0.0,0.0,0.0
2025-11-24 07:07:39,cluster_A,12,1,1,0,1.00,0.5,0.5,0.0,0.0,0.0
2025-11-24 07:07:39,clusterB,12,4,4,0,1.00,0.5,0.5,0.0,0.0,0.0
2025-11-24 07:08:01,clusterA,12,3,3,0,1.00,0.5,0.5,0.0,0.0,0.0
2025-11-24 07:08:01,cluster_A,12,1,1,0,1.00,0.5,0.5,0.0,0.0,0.0
2025-11-24 07:08:01,clusterB,12,4,4,0,1.00,0.5,0.5,0.0,0.0,0.0
2025-11-24 07:08:23,clusterA,12,3,3,0,1.00,0.5,0.5,0.0,0.0,0.0
2025-11-24 07:08:23,cluster_A,12,1,1,0,1.00,0.5,0.5,0.0,0.0,0.0
2025-11-24 07:08:23,clusterB,12,4,4,0,1.00,0.5,0.5,0.0,0.0,0.0
2025-11-24 07:08:44,clusterA,12,3,3,0,1.00,0.5,0.5,0.0,0.0,0.0
2025-11-24 07:08:44,cluster_A,12,1,1,0,1.00,0.5,0.5,0.0,0.0,0.0
2025-11-24 07:08:44,clusterB,12,4,4,0,1.00,0.5,0.5,0.0,0.0,0.0
2025-11-24 07:09:06,clusterA,12,3,3,0,1.00,0.5,0.5,0.0,0.0,0.0
2025-11-24 07:09:06,cluster_A,12,1,1,0,1.00,0.5,0.5,0.0,0.0,0.0
2025-11-24 07:09:06,clusterB,12,4,4,0,1.00,0.5,0.5,0.0,0.0,0.0
2025-11-24 07:09:28,clusterA,12,3,3,0,1.00,0.5,0.5,0.0,0.0,0.0
2025-11-24 07:09:28,cluster_A,12,1,1,0,1.00,0.5,0.5,0.0,0.0,0.0
2025-11-24 07:09:28,clusterB,12,4,4,0,1.00,0.5,0.5,0.0,0.0,0.0
2025-11-24 07:09:50,clusterA,12,3,3,0,1.00,0.5,0.5,0.0,0.0,0.0
2025-11-24 07:09:50,cluster_A,12,1,1,0,1.00,0.5,0.5,0.0,0.0,0.0
2025-11-24 07:09:50,clusterB,12,4,4,0,1.00,0.5,0.5,0.0,0.0,0.0
2025-11-24 07:10:12,clusterA,12,3,3,0,1.00,0.5,0.5,0.0,0.0,0.0
2025-11-24 07:10:12,cluster_A,12,1,1,0,1.00,0.5,0.5,0.0,0.0,0.0
2025-11-24 07:10:12,clusterB,12,4,4,0,1.00,0.5,0.5,0.0,0.0,0.0
2025-11-24 07:10:34,clusterA,12,3,3,0,1.00,0.5,0.5,0.0,0.0,0.0
2025-11-24 07:10:34,cluster_A,12,1,1,0,1.00,0.5,0.5,0.0,0.0,0.0
2025-11-24 07:10:34,clusterB,12,4,4,0,1.00,0.5,0.5,0.0,0.0,0.0
2025-11-24 07:10:56,clusterA,12,3,3,0,1.00,0.5,0.5,0.0,0.0,0.0
2025-11-24 07:10:56,cluster_A,12,1,1,0,1.00,0.5,0.5,0.0,0.0,0.0
2025-11-24 07:10:56,clusterB,12,4,4,0,1.00,0.5,0.5,0.0,0.0,0.0
2025-11-24 07:11:18,clusterA,12,3,3,0,1.00,0.5,0.5,0.0,0.0,0.0
2025-11-24 07:11:18,cluster_A,12,1,1,0,1.00,0.5,0.5,0.0,0.0,0.0
2025-11-24 07:11:18,clusterB,12,4,4,0,1.00,0.5,0.5,0.0,0.0,0.0
2025-11-24 07:11:40,clusterA,12,3,3,0,1.00,0.5,0.5,0.0,0.0,0.0
2025-11-24 07:11:40,cluster_A,12,1,1,0,1.00,0.5,0.5,0.0,0.0,0.0
2025-11-24 07:11:40,clusterB,12,4,4,0,1.00,0.5,0.5,0.0,0.0,0.0
2025-11-24 07:12:01,clusterA,12,3,3,0,1.00,0.5,0.5,0.0,0.0,0.0
2025-11-24 07:12:01,cluster_A,12,1,1,0,1.00,0.5,0.5,0.0,0.0,0.0
2025-11-24 07:12:01,clusterB,12,4,4,0,1.00,0.5,0.5,0.0,0.0,0.0
2025-11-24 07:12:22,clusterA,12,3,3,0,1.00,0.5,0.5,0.0,0.0,0.0
2025-11-24 07:12:22,cluster_A,12,1,1,0,1.00,0.5,0.5,0.0,0.0,0.0
2025-11-24 07:12:22,clusterB,12,4,4,0,1.00,0.5,0.5,0.0,0.0,0.0
2025-11-24 07:12:43,clusterA,12,3,3,0,1.00,0.5,0.5,0.0,0.0,0.0
2025-11-24 07:12:43,cluster_A,12,1,1,0,1.00,0.5,0.5,0.0,0.0,0.0
2025-11-24 07:12:43,clusterB,12,4,4,0,1.00,0.5,0.5,0.0,0.0,0.0
2025-11-24 07:13:05,clusterA,12,3,3,0,1.00,0.5,0.5,0.0,0.0,0.0
2025-11-24 07:13:05,cluster_A,12,1,1,0,1.00,0.5,0.5,0.0,0.0,0.0
2025-11-24 07:13:05,clusterB,12,4,4,0,1.00,0.5,0.5,0.0,0.0,0.0
2025-11-24 07:13:27,clusterA,12,3,3,0,1.00,0.5,0.5,0.0,0.0,0.0
2025-11-24 07:13:27,cluster_A,12,1,1,0,1.00,0.5,0.5,0.0,0.0,0.0
2025-11-24 07:13:27,clusterB,12,4,4,0,1.00,0.5,0.5,0.0,0.0,0.0
2025-11-24 07:13:48,clusterA,12,3,3,0,1.00,0.5,0.5,0.0,0.0,0.0
2025-11-24 07:13:48,cluster_A,12,1,1,0,1.00,0.5,0.5,0.0,0.0,0.0
2025-11-24 07:13:48,clusterB,12,4,4,0,1.00,0.5,0.5,0.0,0.0,0.0
2025-11-24 07:14:09,clusterA,12,3,3,0,1.00,0.5,0.5,0.0,0.0,0.0
2025-11-24 07:14:09,cluster_A,12,1,1,0,1.00,0.5,0.5,0.0,0.0,0.0
2025-11-24 07:14:09,clusterB,12,4,4,0,1.00,0.5,0.5,0.0,0.0,0.0
2025-11-24 07:14:31,clusterA,12,3,3,0,1.00,0.5,0.5,0.0,0.0,0.0
2025-11-24 07:14:31,cluster_A,12,1,1,0,1.00,0.5,0.5,0.0,0.0,0.0
2025-11-24 07:14:31,clusterB,12,4,4,0,1.00,0.5,0.5,0.0,0.0,0.0
2025-11-24 07:14:52,clusterA,12,3,3,0,1.00,0.5,0.5,0.0,0.0,0.0
2025-11-24 07:14:52,cluster_A,12,1,1,0,1.00,0.5,0.5,0.0,0.0,0.0
2025-11-24 07:14:52,clusterB,12,4,4,0,1.00,0.5,0.5,0.0,0.0,0.0
2025-11-24 07:15:14,clusterA,12,3,3,0,1.00,0.5,0.5,0.0,0.0,0.0
2025-11-24 07:15:14,cluster_A,12,1,1,0,1.00,0.5,0.5,0.0,0.0,0.0
2025-11-24 07:15:14,clusterB,12,4,4,0,1.00,0.5,0.5,0.0,0.0,0.0
2025-11-24 07:15:35,clusterA,12,3,3,0,1.00,0.5,0.5,0.0,0.0,0.0
2025-11-24 07:15:35,cluster_A,12,1,1,0,1.00,0.5,0.5,0.0,0.0,0.0
2025-11-24 07:15:35,clusterB,12,4,4,0,1.00,0.5,0.5,0.0,0.0,0.0
2025-11-24 07:15:57,clusterA,12,3,3,0,1.00,0.5,0.5,0.0,0.0,0.0
2025-11-24 07:15:57,cluster_A,12,1,1,0,1.00,0.5,0.5,0.0,0.0,0.0
2025-11-24 07:15:57,clusterB,12,4,4,0,1.00,0.5,0.5,0.0,0.0,0.0
2025-11-24 07:16:18,clusterA,12,3,3,0,1.00,0.5,0.5,0.0,0.0,0.0
2025-11-24 07:16:18,cluster_A,12,1,1,0,1.00,0.5,0.5,0.0,0.0,0.0
2025-11-24 07:16:18,clusterB,12,4,4,0,1.00,0.5,0.5,0.0,0.0,0.0
2025-11-24 07:16:40,clusterA,12,3,3,0,1.00,0.5,0.5,0.0,0.0,0.0
2025-11-24 07:16:40,cluster_A,12,1,1,0,1.00,0.5,0.5,0.0,0.0,0.0
2025-11-24 07:16:40,clusterB,12,4,4,0,1.00,0.5,0.5,0.0,0.0,0.0
2025-11-24 07:17:02,clusterA,12,3,3,0,1.00,0.5,0.5,0.0,0.0,0.0
2025-11-24 07:17:02,cluster_A,12,1,1,0,1.00,0.5,0.5,0.0,0.0,0.0
2025-11-24 07:17:02,clusterB,12,4,4,0,1.00,0.5,0.5,0.0,0.0,0.0
2025-11-24 07:17:24,clusterA,12,3,3,0,1.00,0.5,0.5,0.0,0.0,0.0
2025-11-24 07:17:24,cluster_A,12,1,1,0,1.00,0.5,0.5,0.0,0.0,0.0
2025-11-24 07:17:24,clusterB,12,4,4,0,1.00,0.5,0.5,0.0,0.0,0.0
2025-11-24 07:17:45,clusterA,12,3,3,0,1.00,0.5,0.5,0.0,0.0,0.0
2025-11-24 07:17:45,cluster_A,12,1,1,0,1.00,0.5,0.5,0.0,0.0,0.0
2025-11-24 07:17:45,clusterB,12,4,4,0,1.00,0.5,0.5,0.0,0.0,0.0
2025-11-24 07:18:07,clusterA,12,3,3,0,1.00,0.5,0.5,0.0,0.0,0.0
2025-11-24 07:18:07,cluster_A,12,1,1,0,1.00,0.5,0.5,0.0,0.0,0.0
2025-11-24 07:18:07,clusterB,12,4,4,0,1.00,0.5,0.5,0.0,0.0,0.0
2025-11-24 07:18:28,clusterA,12,3,3,0,1.00,0.5,0.5,0.0,0.0,0.0
2025-11-24 07:18:28,cluster_A,12,1,1,0,1.00,0.5,0.5,0.0,0.0,0.0
2025-11-24 07:18:28,clusterB,12,4,4,0,1.00,0.5,0.5,0.0,0.0,0.0
2025-11-24 07:18:50,clusterA,12,3,3,0,1.00,0.5,0.5,0.0,0.0,0.0
2025-11-24 07:18:50,cluster_A,12,1,1,0,1.00,0.5,0.5,0.0,0.0,0.0
2025-11-24 07:18:50,clusterB,12,4,4,0,1.00,0.5,0.5,0.0,0.0,0.0
2025-11-24 07:19:12,clusterA,12,3,3,0,1.00,0.5,0.5,0.0,0.0,0.0
2025-11-24 07:19:12,cluster_A,12,1,1,0,1.00,0.5,0.5,0.0,0.0,0.0
2025-11-24 07:19:12,clusterB,12,4,4,0,1.00,0.5,0.5,0.0,0.0,0.0
2025-11-24 07:19:33,clusterA,12,3,3,0,1.00,0.5,0.5,0.0,0.0,0.0
2025-11-24 07:19:33,cluster_A,12,1,1,0,1.00,0.5,0.5,0.0,0.0,0.0
2025-11-24 07:19:33,clusterB,12,4,4,0,1.00,0.5,0.5,0.0,0.0,0.0
2025-11-24 07:19:55,clusterA,12,3,3,0,1.00,0.5,0.5,0.0,0.0,0.0
2025-11-24 07:19:55,cluster_A,12,1,1,0,1.00,0.5,0.5,0.0,0.0,0.0
2025-11-24 07:19:55,clusterB,12,4,4,0,1.00,0.5,0.5,0.0,0.0,0.0
2025-11-24 07:20:17,clusterA,12,3,3,0,1.00,0.5,0.5,0.0,0.0,0.0
2025-11-24 07:20:17,cluster_A,12,1,1,0,1.00,0.5,0.5,0.0,0.0,0.0
2025-11-24 07:20:17,clusterB,12,4,4,0,1.00,0.5,0.5,0.0,0.0,0.0
2025-11-24 07:20:40,clusterA,12,3,3,0,1.00,0.5,0.5,0.0,0.0,0.0
2025-11-24 07:20:40,cluster_A,12,1,1,0,1.00,0.5,0.5,0.0,0.0,0.0
2025-11-24 07:20:40,clusterB,12,4,4,0,1.00,0.5,0.5,0.0,0.0,0.0
2025-11-24 07:21:02,clusterA,12,3,3,0,1.00,0.5,0.5,0.0,0.0,0.0
2025-11-24 07:21:02,cluster_A,12,1,1,0,1.00,0.5,0.5,0.0,0.0,0.0
2025-11-24 07:21:02,clusterB,12,4,4,0,1.00,0.5,0.5,0.0,0.0,0.0
2025-11-24 07:21:24,clusterA,12,3,3,0,1.00,0.5,0.5,0.0,0.0,0.0
2025-11-24 07:21:24,cluster_A,12,1,1,0,1.00,0.5,0.5,0.0,0.0,0.0
2025-11-24 07:21:24,clusterB,12,4,4,0,1.00,0.5,0.5,0.0,0.0,0.0
2025-11-24 07:21:47,clusterA,12,3,3,0,1.00,0.5,0.5,0.0,0.0,0.0
2025-11-24 07:21:47,cluster_A,12,1,1,0,1.00,0.5,0.5,0.0,0.0,0.0
2025-11-24 07:21:47,clusterB,12,4,4,0,1.00,0.5,0.5,0.0,0.0,0.0
2025-11-24 07:22:08,clusterA,12,3,3,0,1.00,0.5,0.5,0.0,0.0,0.0
2025-11-24 07:22:08,cluster_A,12,1,1,0,1.00,0.5,0.5,0.0,0.0,0.0
2025-11-24 07:22:08,clusterB,12,4,4,0,1.00,0.5,0.5,0.0,0.0,0.0
2025-11-24 07:22:29,clusterA,12,3,3,0,1.00,0.5,0.5,0.0,0.0,0.0
2025-11-24 07:22:29,cluster_A,12,1,1,0,1.00,0.5,0.5,0.0,0.0,0.0
2025-11-24 07:22:29,clusterB,12,4,4,0,1.00,0.5,0.5,0.0,0.0,0.0
2025-11-24 07:22:51,clusterA,12,3,3,0,1.00,0.5,0.5,0.0,0.0,0.0
2025-11-24 07:22:51,cluster_A,12,1,1,0,1.00,0.5,0.5,0.0,0.0,0.0
2025-11-24 07:22:51,clusterB,12,4,4,0,1.00,0.5,0.5,0.0,0.0,0.0
2025-11-24 07:23:12,clusterA,12,3,3,0,1.00,0.5,0.5,0.0,0.0,0.0
2025-11-24 07:23:12,cluster_A,12,1,1,0,1.00,0.5,0.5,0.0,0.0,0.0
2025-11-24 07:23:12,clusterB,12,4,4,0,1.00,0.5,0.5,0.0,0.0,0.0
2025-11-24 07:23:35,clusterA,12,3,3,0,1.00,0.5,0.5,0.0,0.0,0.0
2025-11-24 07:23:35,cluster_A,12,1,1,0,1.00,0.5,0.5,0.0,0.0,0.0
2025-11-24 07:23:35,clusterB,12,4,4,0,1.00,0.5,0.5,0.0,0.0,0.0
2025-11-24 07:23:57,clusterA,12,3,3,0,1.00,0.5,0.5,0.0,0.0,0.0
2025-11-24 07:23:57,cluster_A,12,1,1,0,1.00,0.5,0.5,0.0,0.0,0.0
2025-11-24 07:23:57,clusterB,12,4,4,0,1.00,0.5,0.5,0.0,0.0,0.0
2025-11-24 07:24:18,clusterA,12,3,3,0,1.00,0.5,0.5,0.0,0.0,0.0
2025-11-24 07:24:18,cluster_A,12,1,1,0,1.00,0.5,0.5,0.0,0.0,0.0
2025-11-24 07:24:18,clusterB,12,4,4,0,1.00,0.5,0.5,0.0,0.0,0.0
2025-11-24 07:24:40,clusterA,12,3,3,0,1.00,0.5,0.5,0.0,0.0,0.0
2025-11-24 07:24:40,cluster_A,12,1,1,0,1.00,0.5,0.5,0.0,0.0,0.0
2025-11-24 07:24:40,clusterB,12,4,4,0,1.00,0.5,0.5,0.0,0.0,0.0
2025-11-24 07:25:02,clusterA,12,3,3,0,1.00,0.5,0.5,0.0,0.0,0.0
2025-11-24 07:25:02,cluster_A,12,1,1,0,1.00,0.5,0.5,0.0,0.0,0.0
2025-11-24 07:25:02,clusterB,12,4,4,0,1.00,0.5,0.5,0.0,0.0,0.0
2025-11-24 07:25:25,clusterA,12,3,3,0,1.00,0.5,0.5,0.0,0.0,0.0
2025-11-24 07:25:25,cluster_A,12,1,1,0,1.00,0.5,0.5,0.0,0.0,0.0
2025-11-24 07:25:25,clusterB,12,4,4,0,1.00,0.5,0.5,0.0,0.0,0.0
2025-11-24 07:25:47,clusterA,12,3,3,0,1.00,0.5,0.5,0.0,0.0,0.0
2025-11-24 07:25:47,cluster_A,12,1,1,0,1.00,0.5,0.5,0.0,0.0,0.0
2025-11-24 07:25:47,clusterB,12,4,4,0,1.00,0.5,0.5,0.0,0.0,0.0
2025-11-24 07:26:10,clusterA,12,3,3,0,1.00,0.5,0.5,0.0,0.0,0.0
2025-11-24 07:26:10,cluster_A,12,1,1,0,1.00,0.5,0.5,0.0,0.0,0.0
2025-11-24 07:26:10,clusterB,12,4,4,0,1.00,0.5,0.5,0.0,0.0,0.0
2025-11-24 07:26:32,clusterA,12,3,3,0,1.00,0.5,0.5,0.0,0.0,0.0
2025-11-24 07:26:32,cluster_A,12,1,1,0,1.00,0.5,0.5,0.0,0.0,0.0
2025-11-24 07:26:32,clusterB,12,4,4,0,1.00,0.5,0.5,0.0,0.0,0.0
2025-11-24 07:26:54,clusterA,12,3,3,0,1.00,0.5,0.5,0.0,0.0,0.0
2025-11-24 07:26:54,cluster_A,12,1,1,0,1.00,0.5,0.5,0.0,0.0,0.0
2025-11-24 07:26:54,clusterB,12,4,4,0,1.00,0.5,0.5,0.0,0.0,0.0
2025-11-24 07:27:17,clusterA,12,3,3,0,1.00,0.5,0.5,0.0,0.0,0.0
2025-11-24 07:27:17,cluster_A,12,1,1,0,1.00,0.5,0.5,0.0,0.0,0.0
2025-11-24 07:27:17,clusterB,12,4,4,0,1.00,0.5,0.5,0.0,0.0,0.0
2025-11-24 07:27:39,clusterA,12,3,3,0,1.00,0.5,0.5,0.0,0.0,0.0
2025-11-24 07:27:39,cluster_A,12,1,1,0,1.00,0.5,0.5,0.0,0.0,0.0
2025-11-24 07:27:39,clusterB,12,4,4,0,1.00,0.5,0.5,0.0,0.0,0.0
2025-11-24 07:28:01,clusterA,12,3,3,0,1.00,0.5,0.5,0.0,0.0,0.0
2025-11-24 07:28:01,cluster_A,12,1,1,0,1.00,0.5,0.5,0.0,0.0,0.0
2025-11-24 07:28:01,clusterB,12,4,4,0,1.00,0.5,0.5,0.0,0.0,0.0
2025-11-24 07:28:23,clusterA,12,3,3,0,1.00,0.5,0.5,0.0,0.0,0.0
2025-11-24 07:28:23,cluster_A,12,1,1,0,1.00,0.5,0.5,0.0,0.0,0.0
2025-11-24 07:28:23,clusterB,12,4,4,0,1.00,0.5,0.5,0.0,0.0,0.0
2025-11-24 07:28:45,clusterA,12,3,3,0,1.00,0.5,0.5,0.0,0.0,0.0
2025-11-24 07:28:45,cluster_A,12,1,1,0,1.00,0.5,0.5,0.0,0.0,0.0
2025-11-24 07:28:45,clusterB,12,4,4,0,1.00,0.5,0.5,0.0,0.0,0.0
2025-11-24 07:29:07,clusterA,12,3,3,0,1.00,0.5,0.5,0.0,0.0,0.0
2025-11-24 07:29:07,cluster_A,12,1,1,0,1.00,0.5,0.5,0.0,0.0,0.0
2025-11-24 07:29:07,clusterB,12,4,4,0,1.00,0.5,0.5,0.0,0.0,0.0
2025-11-24 07:29:29,clusterA,12,3,3,0,1.00,0.5,0.5,0.0,0.0,0.0
2025-11-24 07:29:29,cluster_A,12,1,1,0,1.00,0.5,0.5,0.0,0.0,0.0
2025-11-24 07:29:29,clusterB,12,4,4,0,1.00,0.5,0.5,0.0,0.0,0.0
2025-11-24 07:29:50,clusterA,12,3,3,0,1.00,0.5,0.5,0.0,0.0,0.0
2025-11-24 07:29:50,cluster_A,12,1,1,0,1.00,0.5,0.5,0.0,0.0,0.0
2025-11-24 07:29:50,clusterB,12,4,4,0,1.00,0.5,0.5,0.0,0.0,0.0
2025-11-24 07:30:11,clusterA,12,3,3,0,1.00,0.5,0.5,0.0,0.0,0.0
2025-11-24 07:30:11,cluster_A,12,1,1,0,1.00,0.5,0.5,0.0,0.0,0.0
2025-11-24 07:30:11,clusterB,12,4,4,0,1.00,0.5,0.5,0.0,0.0,0.0
2025-11-24 07:30:33,clusterA,12,3,3,0,1.00,0.5,0.5,0.0,0.0,0.0
2025-11-24 07:30:33,cluster_A,12,1,1,0,1.00,0.5,0.5,0.0,0.0,0.0
2025-11-24 07:30:33,clusterB,12,4,4,0,1.00,0.5,0.5,0.0,0.0,0.0
2025-11-24 07:30:54,clusterA,12,3,3,0,1.00,0.5,0.5,0.0,0.0,0.0
2025-11-24 07:30:54,cluster_A,12,1,1,0,1.00,0.5,0.5,0.0,0.0,0.0
2025-11-24 07:30:54,clusterB,12,4,4,0,1.00,0.5,0.5,0.0,0.0,0.0
2025-11-24 07:31:16,clusterA,12,3,3,0,1.00,0.5,0.5,0.0,0.0,0.0
2025-11-24 07:31:16,cluster_A,12,1,1,0,1.00,0.5,0.5,0.0,0.0,0.0
2025-11-24 07:31:16,clusterB,12,4,4,0,1.00,0.5,0.5,0.0,0.0,0.0
2025-11-24 07:31:38,clusterA,12,3,3,0,1.00,0.5,0.5,0.0,0.0,0.0
2025-11-24 07:31:38,cluster_A,12,1,1,0,1.00,0.5,0.5,0.0,0.0,0.0
2025-11-24 07:31:38,clusterB,12,4,4,0,1.00,0.5,0.5,0.0,0.0,0.0
2025-11-24 07:32:00,clusterA,12,3,3,0,1.00,0.5,0.5,0.0,0.0,0.0
2025-11-24 07:32:00,cluster_A,12,1,1,0,1.00,0.5,0.5,0.0,0.0,0.0
2025-11-24 07:32:00,clusterB,12,4,4,0,1.00,0.5,0.5,0.0,0.0,0.0
2025-11-24 07:32:22,clusterA,12,3,3,0,1.00,0.5,0.5,0.0,0.0,0.0
2025-11-24 07:32:22,cluster_A,12,1,1,0,1.00,0.5,0.5,0.0,0.0,0.0
2025-11-24 07:32:22,clusterB,12,4,4,0,1.00,0.5,0.5,0.0,0.0,0.0
2025-11-24 07:32:44,clusterA,12,3,3,0,1.00,0.5,0.5,0.0,0.0,0.0
2025-11-24 07:32:44,cluster_A,12,1,1,0,1.00,0.5,0.5,0.0,0.0,0.0
2025-11-24 07:32:44,clusterB,12,4,4,0,1.00,0.5,0.5,0.0,0.0,0.0
2025-11-24 07:33:06,clusterA,12,3,3,0,1.00,0.5,0.5,0.0,0.0,0.0
2025-11-24 07:33:06,cluster_A,12,1,1,0,1.00,0.5,0.5,0.0,0.0,0.0
2025-11-24 07:33:06,clusterB,12,4,4,0,1.00,0.5,0.5,0.0,0.0,0.0
2025-11-24 07:33:28,clusterA,12,3,3,0,1.00,0.5,0.5,0.0,0.0,0.0
2025-11-24 07:33:28,cluster_A,12,1,1,0,1.00,0.5,0.5,0.0,0.0,0.0
2025-11-24 07:33:28,clusterB,12,4,4,0,1.00,0.5,0.5,0.0,0.0,0.0
2025-11-24 07:33:50,clusterA,12,3,3,0,1.00,0.5,0.5,0.0,0.0,0.0
2025-11-24 07:33:50,cluster_A,12,1,1,0,1.00,0.5,0.5,0.0,0.0,0.0
2025-11-24 07:33:50,clusterB,12,4,4,0,1.00,0.5,0.5,0.0,0.0,0.0
2025-11-24 07:34:12,clusterA,12,3,3,0,1.00,0.5,0.5,0.0,0.0,0.0
2025-11-24 07:34:12,cluster_A,12,1,1,0,1.00,0.5,0.5,0.0,0.0,0.0
2025-11-24 07:34:12,clusterB,12,4,4,0,1.00,0.5,0.5,0.0,0.0,0.0
2025-11-24 07:34:33,clusterA,12,3,3,0,1.00,0.5,0.5,0.0,0.0,0.0
2025-11-24 07:34:33,cluster_A,12,1,1,0,1.00,0.5,0.5,0.0,0.0,0.0
2025-11-24 07:34:33,clusterB,12,4,4,0,1.00,0.5,0.5,0.0,0.0,0.0
2025-11-24 07:34:55,clusterA,12,3,3,0,1.00,0.5,0.5,0.0,0.0,0.0
2025-11-24 07:34:55,cluster_A,12,1,1,0,1.00,0.5,0.5,0.0,0.0,0.0
2025-11-24 07:34:55,clusterB,12,4,4,0,1.00,0.5,0.5,0.0,0.0,0.0
2025-11-24 07:35:17,clusterA,12,3,3,0,1.00,0.5,0.5,0.0,0.0,0.0
2025-11-24 07:35:17,cluster_A,12,1,1,0,1.00,0.5,0.5,0.0,0.0,0.0
2025-11-24 07:35:17,clusterB,12,4,4,0,1.00,0.5,0.5,0.0,0.0,0.0
2025-11-24 07:35:39,clusterA,12,3,3,0,1.00,0.5,0.5,0.0,0.0,0.0
2025-11-24 07:35:39,cluster_A,12,1,1,0,1.00,0.5,0.5,0.0,0.0,0.0
2025-11-24 07:35:39,clusterB,12,4,4,0,1.00,0.5,0.5,0.0,0.0,0.0
2025-11-24 07:36:01,clusterA,12,3,3,0,1.00,0.5,0.5,0.0,0.0,0.0
2025-11-24 07:36:01,cluster_A,12,1,1,0,1.00,0.5,0.5,0.0,0.0,0.0
2025-11-24 07:36:01,clusterB,12,4,4,0,1.00,0.5,0.5,0.0,0.0,0.0
2025-11-24 07:36:22,clusterA,12,3,3,0,1.00,0.5,0.5,0.0,0.0,0.0
2025-11-24 07:36:22,cluster_A,12,1,1,0,1.00,0.5,0.5,0.0,0.0,0.0
2025-11-24 07:36:22,clusterB,12,4,4,0,1.00,0.5,0.5,0.0,0.0,0.0
2025-11-24 07:36:44,clusterA,12,3,3,0,1.00,0.5,0.5,0.0,0.0,0.0
2025-11-24 07:36:44,cluster_A,12,1,1,0,1.00,0.5,0.5,0.0,0.0,0.0
2025-11-24 07:36:44,clusterB,12,4,4,0,1.00,0.5,0.5,0.0,0.0,0.0
2025-11-24 07:37:06,clusterA,12,3,3,0,1.00,0.5,0.5,0.0,0.0,0.0
2025-11-24 07:37:06,cluster_A,12,1,1,0,1.00,0.5,0.5,0.0,0.0,0.0
2025-11-24 07:37:06,clusterB,12,4,4,0,1.00,0.5,0.5,0.0,0.0,0.0
2025-11-24 07:37:28,clusterA,12,3,3,0,1.00,0.5,0.5,0.0,0.0,0.0
2025-11-24 07:37:28,cluster_A,12,1,1,0,1.00,0.5,0.5,0.0,0.0,0.0
2025-11-24 07:37:28,clusterB,12,4,4,0,1.00,0.5,0.5,0.0,0.0,0.0
2025-11-24 07:37:50,clusterA,12,3,3,0,1.00,0.5,0.5,0.0,0.0,0.0
2025-11-24 07:37:50,cluster_A,12,1,1,0,1.00,0.5,0.5,0.0,0.0,0.0
2025-11-24 07:37:50,clusterB,12,4,4,0,1.00,0.5,0.5,0.0,0.0,0.0
2025-11-24 07:38:12,clusterA,12,3,3,0,1.00,0.5,0.5,0.0,0.0,0.0
2025-11-24 07:38:12,cluster_A,12,1,1,0,1.00,0.5,0.5,0.0,0.0,0.0
2025-11-24 07:38:12,clusterB,12,4,4,0,1.00,0.5,0.5,0.0,0.0,0.0
2025-11-24 07:38:34,clusterA,12,3,3,0,1.00,0.5,0.5,0.0,0.0,0.0
2025-11-24 07:38:34,cluster_A,12,1,1,0,1.00,0.5,0.5,0.0,0.0,0.0
2025-11-24 07:38:34,clusterB,12,4,4,0,1.00,0.5,0.5,0.0,0.0,0.0
2025-11-24 07:38:57,clusterA,12,3,3,0,1.00,0.5,0.5,0.0,0.0,0.0
2025-11-24 07:38:57,cluster_A,12,1,1,0,1.00,0.5,0.5,0.0,0.0,0.0
2025-11-24 07:38:57,clusterB,12,4,4,0,1.00,0.5,0.5,0.0,0.0,0.0
2025-11-24 07:39:18,clusterA,12,3,3,0,1.00,0.5,0.5,0.0,0.0,0.0
2025-11-24 07:39:18,cluster_A,12,1,1,0,1.00,0.5,0.5,0.0,0.0,0.0
2025-11-24 07:39:18,clusterB,12,4,4,0,1.00,0.5,0.5,0.0,0.0,0.0
2025-11-24 07:39:40,clusterA,12,3,3,0,1.00,0.5,0.5,0.0,0.0,0.0
2025-11-24 07:39:40,cluster_A,12,1,1,0,1.00,0.5,0.5,0.0,0.0,0.0
2025-11-24 07:39:40,clusterB,12,4,4,0,1.00,0.5,0.5,0.0,0.0,0.0
2025-11-24 07:40:02,clusterA,12,3,3,0,1.00,0.5,0.5,0.0,0.0,0.0
2025-11-24 07:40:02,cluster_A,12,1,1,0,1.00,0.5,0.5,0.0,0.0,0.0
2025-11-24 07:40:02,clusterB,12,4,4,0,1.00,0.5,0.5,0.0,0.0,0.0
2025-11-24 07:40:24,clusterA,12,3,3,0,1.00,0.5,0.5,0.0,0.0,0.0
2025-11-24 07:40:24,cluster_A,12,1,1,0,1.00,0.5,0.5,0.0,0.0,0.0
2025-11-24 07:40:24,clusterB,12,4,4,0,1.00,0.5,0.5,0.0,0.0,0.0
2025-11-24 07:40:46,clusterA,12,3,3,0,1.00,0.5,0.5,0.0,0.0,0.0
2025-11-24 07:40:46,cluster_A,12,1,1,0,1.00,0.5,0.5,0.0,0.0,0.0
2025-11-24 07:40:46,clusterB,12,4,4,0,1.00,0.5,0.5,0.0,0.0,0.0
2025-11-24 07:41:07,clusterA,12,3,3,0,1.00,0.5,0.5,0.0,0.0,0.0
2025-11-24 07:41:07,cluster_A,12,1,1,0,1.00,0.5,0.5,0.0,0.0,0.0
2025-11-24 07:41:07,clusterB,12,4,4,0,1.00,0.5,0.5,0.0,0.0,0.0
2025-11-24 07:41:29,clusterA,12,3,3,0,1.00,0.5,0.5,0.0,0.0,0.0
2025-11-24 07:41:29,cluster_A,12,1,1,0,1.00,0.5,0.5,0.0,0.0,0.0
2025-11-24 07:41:29,clusterB,12,4,4,0,1.00,0.5,0.5,0.0,0.0,0.0
2025-11-24 07:41:51,clusterA,12,3,3,0,1.00,0.5,0.5,0.0,0.0,0.0
2025-11-24 07:41:51,cluster_A,12,1,1,0,1.00,0.5,0.5,0.0,0.0,0.0
2025-11-24 07:41:51,clusterB,12,4,4,0,1.00,0.5,0.5,0.0,0.0,0.0
2025-11-24 07:42:13,clusterA,12,3,3,0,1.00,0.5,0.5,0.0,0.0,0.0
2025-11-24 07:42:13,cluster_A,12,1,1,0,1.00,0.5,0.5,0.0,0.0,0.0
2025-11-24 07:42:13,clusterB,12,4,4,0,1.00,0.5,0.5,0.0,0.0,0.0
2025-11-24 07:42:35,clusterA,12,3,3,0,1.00,0.5,0.5,0.0,0.0,0.0
2025-11-24 07:42:35,cluster_A,12,1,1,0,1.00,0.5,0.5,0.0,0.0,0.0
2025-11-24 07:42:35,clusterB,12,4,4,0,1.00,0.5,0.5,0.0,0.0,0.0
2025-11-24 07:42:58,clusterA,12,3,3,0,1.00,0.5,0.5,0.0,0.0,0.0
2025-11-24 07:42:58,cluster_A,12,1,1,0,1.00,0.5,0.5,0.0,0.0,0.0
2025-11-24 07:42:58,clusterB,12,4,4,0,1.00,0.5,0.5,0.0,0.0,0.0
2025-11-24 07:43:20,clusterA,12,3,3,0,1.00,0.5,0.5,0.0,0.0,0.0
2025-11-24 07:43:20,cluster_A,12,1,1,0,1.00,0.5,0.5,0.0,0.0,0.0
2025-11-24 07:43:20,clusterB,12,4,4,0,1.00,0.5,0.5,0.0,0.0,0.0
2025-11-24 07:43:42,clusterA,12,3,3,0,1.00,0.5,0.5,0.0,0.0,0.0
2025-11-24 07:43:42,cluster_A,12,1,1,0,1.00,0.5,0.5,0.0,0.0,0.0
2025-11-24 07:43:42,clusterB,12,4,4,0,1.00,0.5,0.5,0.0,0.0,0.0
2025-11-24 07:44:04,clusterA,12,3,3,0,1.00,0.5,0.5,0.0,0.0,0.0
2025-11-24 07:44:04,cluster_A,12,1,1,0,1.00,0.5,0.5,0.0,0.0,0.0
2025-11-24 07:44:04,clusterB,12,4,4,0,1.00,0.5,0.5,0.0,0.0,0.0
2025-11-24 07:44:25,clusterA,12,3,3,0,1.00,0.5,0.5,0.0,0.0,0.0
2025-11-24 07:44:25,cluster_A,12,1,1,0,1.00,0.5,0.5,0.0,0.0,0.0
2025-11-24 07:44:25,clusterB,12,4,4,0,1.00,0.5,0.5,0.0,0.0,0.0
2025-11-24 07:44:47,clusterA,12,3,3,0,1.00,0.5,0.5,0.0,0.0,0.0
2025-11-24 07:44:47,cluster_A,12,1,1,0,1.00,0.5,0.5,0.0,0.0,0.0
2025-11-24 07:44:47,clusterB,12,4,4,0,1.00,0.5,0.5,0.0,0.0,0.0
2025-11-24 07:45:09,clusterA,12,3,3,0,1.00,0.5,0.5,0.0,0.0,0.0
2025-11-24 07:45:09,cluster_A,12,1,1,0,1.00,0.5,0.5,0.0,0.0,0.0
2025-11-24 07:45:09,clusterB,12,4,4,0,1.00,0.5,0.5,0.0,0.0,0.0
2025-11-24 07:45:31,clusterA,12,3,3,0,1.00,0.5,0.5,0.0,0.0,0.0
2025-11-24 07:45:31,cluster_A,12,1,1,0,1.00,0.5,0.5,0.0,0.0,0.0
2025-11-24 07:45:31,clusterB,12,4,4,0,1.00,0.5,0.5,0.0,0.0,0.0
2025-11-24 07:45:53,clusterA,12,3,3,0,1.00,0.5,0.5,0.0,0.0,0.0
2025-11-24 07:45:53,cluster_A,12,1,1,0,1.00,0.5,0.5,0.0,0.0,0.0
2025-11-24 07:45:53,clusterB,12,4,4,0,1.00,0.5,0.5,0.0,0.0,0.0
2025-11-24 07:46:15,clusterA,12,3,3,0,1.00,0.5,0.5,0.0,0.0,0.0
2025-11-24 07:46:15,cluster_A,12,1,1,0,1.00,0.5,0.5,0.0,0.0,0.0
2025-11-24 07:46:15,clusterB,12,4,4,0,1.00,0.5,0.5,0.0,0.0,0.0
2025-11-24 07:46:37,clusterA,12,3,3,0,1.00,0.5,0.5,0.0,0.0,0.0
2025-11-24 07:46:37,cluster_A,12,1,1,0,1.00,0.5,0.5,0.0,0.0,0.0
2025-11-24 07:46:37,clusterB,12,4,4,0,1.00,0.5,0.5,0.0,0.0,0.0
2025-11-24 07:46:59,clusterA,12,3,3,0,1.00,0.5,0.5,0.0,0.0,0.0
2025-11-24 07:46:59,cluster_A,12,1,1,0,1.00,0.5,0.5,0.0,0.0,0.0
2025-11-24 07:46:59,clusterB,12,4,4,0,1.00,0.5,0.5,0.0,0.0,0.0
2025-11-24 07:47:21,clusterA,12,3,3,0,1.00,0.5,0.5,0.0,0.0,0.0
2025-11-24 07:47:21,cluster_A,12,1,1,0,1.00,0.5,0.5,0.0,0.0,0.0
2025-11-24 07:47:21,clusterB,12,4,4,0,1.00,0.5,0.5,0.0,0.0,0.0
2025-11-24 07:47:43,clusterA,12,3,3,0,1.00,0.5,0.5,0.0,0.0,0.0
2025-11-24 07:47:43,cluster_A,12,1,1,0,1.00,0.5,0.5,0.0,0.0,0.0
2025-11-24 07:47:43,clusterB,12,4,4,0,1.00,0.5,0.5,0.0,0.0,0.0
2025-11-24 07:48:06,clusterA,12,3,3,0,1.00,0.5,0.5,0.0,0.0,0.0
2025-11-24 07:48:06,cluster_A,12,1,1,0,1.00,0.5,0.5,0.0,0.0,0.0
2025-11-24 07:48:06,clusterB,12,4,4,0,1.00,0.5,0.5,0.0,0.0,0.0
2025-11-24 07:48:28,clusterA,12,3,3,0,1.00,0.5,0.5,0.0,0.0,0.0
2025-11-24 07:48:28,cluster_A,12,1,1,0,1.00,0.5,0.5,0.0,0.0,0.0
2025-11-24 07:48:28,clusterB,12,4,4,0,1.00,0.5,0.5,0.0,0.0,0.0
2025-11-24 07:48:50,clusterA,12,3,3,0,1.00,0.5,0.5,0.0,0.0,0.0
2025-11-24 07:48:50,cluster_A,12,1,1,0,1.00,0.5,0.5,0.0,0.0,0.0
2025-11-24 07:48:50,clusterB,12,4,4,0,1.00,0.5,0.5,0.0,0.0,0.0
2025-11-24 07:49:12,clusterA,12,3,3,0,1.00,0.5,0.5,0.0,0.0,0.0
2025-11-24 07:49:12,cluster_A,12,1,1,0,1.00,0.5,0.5,0.0,0.0,0.0
2025-11-24 07:49:12,clusterB,12,4,4,0,1.00,0.5,0.5,0.0,0.0,0.0
2025-11-24 07:49:33,clusterA,12,3,3,0,1.00,0.5,0.5,0.0,0.0,0.0
2025-11-24 07:49:33,cluster_A,12,1,1,0,1.00,0.5,0.5,0.0,0.0,0.0
2025-11-24 07:49:33,clusterB,12,4,4,0,1.00,0.5,0.5,0.0,0.0,0.0
2025-11-24 07:49:55,clusterA,12,3,3,0,1.00,0.5,0.5,0.0,0.0,0.0
2025-11-24 07:49:55,cluster_A,12,1,1,0,1.00,0.5,0.5,0.0,0.0,0.0
2025-11-24 07:49:55,clusterB,12,4,4,0,1.00,0.5,0.5,0.0,0.0,0.0
2025-11-24 07:50:17,clusterA,12,3,3,0,1.00,0.5,0.5,0.0,0.0,0.0
2025-11-24 07:50:17,cluster_A,12,1,1,0,1.00,0.5,0.5,0.0,0.0,0.0
2025-11-24 07:50:17,clusterB,12,4,4,0,1.00,0.5,0.5,0.0,0.0,0.0
2025-11-24 07:50:38,clusterA,12,3,2,1,0.67,0.5,0.5,0.0,0.0,0.0
2025-11-24 07:50:38,cluster_A,12,1,1,0,1.00,0.5,0.5,0.0,0.0,0.0
2025-11-24 07:50:38,clusterB,12,4,4,0,1.00,0.5,0.5,0.0,0.0,0.0
2025-11-24 07:50:51,clusterA,11,3,3,0,1.00,0.5,0.5,0.0,0.0,0.0
2025-11-24 07:50:51,cluster_A,11,1,1,0,1.00,0.5,0.5,0.0,0.0,0.0
2025-11-24 07:50:51,clusterB,11,4,4,0,1.00,0.5,0.5,0.0,0.0,0.0
2025-11-24 07:51:13,clusterA,11,3,3,0,1.00,0.5,0.5,0.0,0.0,0.0
2025-11-24 07:51:13,cluster_A,11,1,1,0,1.00,0.5,0.5,0.0,0.0,0.0
2025-11-24 07:51:13,clusterB,11,4,4,0,1.00,0.5,0.5,0.0,0.0,0.0
2025-11-24 07:51:35,clusterA,11,3,3,0,1.00,0.5,0.5,0.0,0.0,0.0
2025-11-24 07:51:35,cluster_A,11,1,1,0,1.00,0.5,0.5,0.0,0.0,0.0
2025-11-24 07:51:35,clusterB,11,4,4,0,1.00,0.5,0.5,0.0,0.0,0.0
2025-11-24 07:51:58,clusterA,11,3,3,0,1.00,0.5,0.5,0.0,0.0,0.0
2025-11-24 07:51:58,cluster_A,11,1,1,0,1.00,0.5,0.5,0.0,0.0,0.0
2025-11-24 07:51:58,clusterB,11,4,4,0,1.00,0.5,0.5,0.0,0.0,0.0
2025-11-24 07:52:20,clusterA,11,3,3,0,1.00,0.5,0.5,0.0,0.0,0.0
2025-11-24 07:52:20,cluster_A,11,1,1,0,1.00,0.5,0.5,0.0,0.0,0.0
2025-11-24 07:52:20,clusterB,11,4,4,0,1.00,0.5,0.5,0.0,0.0,0.0
2025-11-24 07:52:43,clusterA,11,3,3,0,1.00,0.5,0.5,0.0,0.0,0.0
2025-11-24 07:52:43,cluster_A,11,1,1,0,1.00,0.5,0.5,0.0,0.0,0.0
2025-11-24 07:52:43,clusterB,11,4,4,0,1.00,0.5,0.5,0.0,0.0,0.0
2025-11-24 07:53:05,clusterA,11,3,3,0,1.00,0.5,0.5,0.0,0.0,0.0
2025-11-24 07:53:05,cluster_A,11,1,1,0,1.00,0.5,0.5,0.0,0.0,0.0
2025-11-24 07:53:05,clusterB,11,4,4,0,1.00,0.5,0.5,0.0,0.0,0.0
2025-11-24 07:53:27,clusterA,11,3,3,0,1.00,0.5,0.5,0.0,0.0,0.0
2025-11-24 07:53:27,cluster_A,11,1,1,0,1.00,0.5,0.5,0.0,0.0,0.0
2025-11-24 07:53:27,clusterB,11,4,4,0,1.00,0.5,0.5,0.0,0.0,0.0
2025-11-24 07:53:50,clusterA,11,3,3,0,1.00,0.5,0.5,0.0,0.0,0.0
2025-11-24 07:53:50,cluster_A,11,1,1,0,1.00,0.5,0.5,0.0,0.0,0.0
2025-11-24 07:53:50,clusterB,11,4,4,0,1.00,0.5,0.5,0.0,0.0,0.0
2025-11-24 07:54:11,clusterA,11,3,3,0,1.00,0.5,0.5,0.0,0.0,0.0
2025-11-24 07:54:11,cluster_A,11,1,1,0,1.00,0.5,0.5,0.0,0.0,0.0
2025-11-24 07:54:11,clusterB,11,4,4,0,1.00,0.5,0.5,0.0,0.0,0.0
2025-11-24 07:54:34,clusterA,11,3,3,0,1.00,0.5,0.5,0.0,0.0,0.0
2025-11-24 07:54:34,cluster_A,11,1,1,0,1.00,0.5,0.5,0.0,0.0,0.0
2025-11-24 07:54:34,clusterB,11,4,4,0,1.00,0.5,0.5,0.0,0.0,0.0
2025-11-24 07:54:56,clusterA,11,3,3,0,1.00,0.5,0.5,0.0,0.0,0.0
2025-11-24 07:54:56,cluster_A,11,1,1,0,1.00,0.5,0.5,0.0,0.0,0.0
2025-11-24 07:54:56,clusterB,11,4,4,0,1.00,0.5,0.5,0.0,0.0,0.0
2025-11-24 07:55:18,clusterA,11,3,3,0,1.00,0.5,0.5,0.0,0.0,0.0
2025-11-24 07:55:18,cluster_A,11,1,1,0,1.00,0.5,0.5,0.0,0.0,0.0
2025-11-24 07:55:18,clusterB,11,4,4,0,1.00,0.5,0.5,0.0,0.0,0.0
2025-11-24 07:55:41,clusterA,11,3,3,0,1.00,0.5,0.5,0.0,0.0,0.0
2025-11-24 07:55:41,cluster_A,11,1,1,0,1.00,0.5,0.5,0.0,0.0,0.0
2025-11-24 07:55:41,clusterB,11,4,4,0,1.00,0.5,0.5,0.0,0.0,0.0
2025-11-24 07:56:03,clusterA,11,3,3,0,1.00,0.5,0.5,0.0,0.0,0.0
2025-11-24 07:56:03,cluster_A,11,1,1,0,1.00,0.5,0.5,0.0,0.0,0.0
2025-11-24 07:56:03,clusterB,11,4,4,0,1.00,0.5,0.5,0.0,0.0,0.0
2025-11-24 07:56:26,clusterA,11,3,3,0,1.00,0.5,0.5,0.0,0.0,0.0
2025-11-24 07:56:26,cluster_A,11,1,1,0,1.00,0.5,0.5,0.0,0.0,0.0
2025-11-24 07:56:26,clusterB,11,4,4,0,1.00,0.5,0.5,0.0,0.0,0.0
2025-11-24 07:56:49,clusterA,11,3,3,0,1.00,0.5,0.5,0.0,0.0,0.0
2025-11-24 07:56:49,cluster_A,11,1,1,0,1.00,0.5,0.5,0.0,0.0,0.0
2025-11-24 07:56:49,clusterB,11,4,4,0,1.00,0.5,0.5,0.0,0.0,0.0
2025-11-24 07:57:10,clusterA,11,3,3,0,1.00,0.5,0.5,0.0,0.0,0.0
2025-11-24 07:57:10,cluster_A,11,1,1,0,1.00,0.5,0.5,0.0,0.0,0.0
2025-11-24 07:57:10,clusterB,11,4,4,0,1.00,0.5,0.5,0.0,0.0,0.0
2025-11-24 07:57:32,clusterA,11,3,3,0,1.00,0.5,0.5,0.0,0.0,0.0
2025-11-24 07:57:32,cluster_A,11,1,1,0,1.00,0.5,0.5,0.0,0.0,0.0
2025-11-24 07:57:32,clusterB,11,4,4,0,1.00,0.5,0.5,0.0,0.0,0.0
2025-11-24 07:57:55,clusterA,11,3,3,0,1.00,0.5,0.5,0.0,0.0,0.0
2025-11-24 07:57:55,cluster_A,11,1,1,0,1.00,0.5,0.5,0.0,0.0,0.0
2025-11-24 07:57:55,clusterB,11,4,4,0,1.00,0.5,0.5,0.0,0.0,0.0
2025-11-24 07:58:17,clusterA,11,3,3,0,1.00,0.5,0.5,0.0,0.0,0.0
2025-11-24 07:58:17,cluster_A,11,1,1,0,1.00,0.5,0.5,0.0,0.0,0.0
2025-11-24 07:58:17,clusterB,11,4,4,0,1.00,0.5,0.5,0.0,0.0,0.0
2025-11-24 07:58:40,clusterA,11,3,3,0,1.00,0.5,0.5,0.0,0.0,0.0
2025-11-24 07:58:40,cluster_A,11,1,1,0,1.00,0.5,0.5,0.0,0.0,0.0
2025-11-24 07:58:40,clusterB,11,4,4,0,1.00,0.5,0.5,0.0,0.0,0.0
2025-11-24 07:59:02,clusterA,11,3,3,0,1.00,0.5,0.5,0.0,0.0,0.0
2025-11-24 07:59:02,cluster_A,11,1,1,0,1.00,0.5,0.5,0.0,0.0,0.0
2025-11-24 07:59:02,clusterB,11,4,4,0,1.00,0.5,0.5,0.0,0.0,0.0
2025-11-24 07:59:24,clusterA,11,3,3,0,1.00,0.5,0.5,0.0,0.0,0.0
2025-11-24 07:59:24,cluster_A,11,1,1,0,1.00,0.5,0.5,0.0,0.0,0.0
2025-11-24 07:59:24,clusterB,11,4,4,0,1.00,0.5,0.5,0.0,0.0,0.0
2025-11-24 07:59:47,clusterA,11,3,3,0,1.00,0.5,0.5,0.0,0.0,0.0
2025-11-24 07:59:47,cluster_A,11,1,1,0,1.00,0.5,0.5,0.0,0.0,0.0
2025-11-24 07:59:47,clusterB,11,4,4,0,1.00,0.5,0.5,0.0,0.0,0.0
2025-11-24 08:00:09,clusterA,11,3,3,0,1.00,0.5,0.5,0.0,0.0,0.0
2025-11-24 08:00:09,cluster_A,11,1,1,0,1.00,0.5,0.5,0.0,0.0,0.0
2025-11-24 08:00:09,clusterB,11,4,4,0,1.00,0.5,0.5,0.0,0.0,0.0
2025-11-24 08:00:31,clusterA,11,3,3,0,1.00,0.5,0.5,0.0,0.0,0.0
2025-11-24 08:00:31,cluster_A,11,1,1,0,1.00,0.5,0.5,0.0,0.0,0.0
2025-11-24 08:00:31,clusterB,11,4,4,0,1.00,0.5,0.5,0.0,0.0,0.0
2025-11-24 08:00:53,clusterA,11,3,3,0,1.00,0.5,0.5,0.0,0.0,0.0
2025-11-24 08:00:53,cluster_A,11,1,1,0,1.00,0.5,0.5,0.0,0.0,0.0
2025-11-24 08:00:53,clusterB,11,4,4,0,1.00,0.5,0.5,0.0,0.0,0.0
2025-11-24 08:01:16,clusterA,11,3,3,0,1.00,0.5,0.5,0.0,0.0,0.0
2025-11-24 08:01:16,cluster_A,11,1,1,0,1.00,0.5,0.5,0.0,0.0,0.0
2025-11-24 08:01:16,clusterB,11,4,4,0,1.00,0.5,0.5,0.0,0.0,0.0
2025-11-24 08:01:38,clusterA,11,3,3,0,1.00,0.5,0.5,0.0,0.0,0.0
2025-11-24 08:01:38,cluster_A,11,1,1,0,1.00,0.5,0.5,0.0,0.0,0.0
2025-11-24 08:01:38,clusterB,11,4,4,0,1.00,0.5,0.5,0.0,0.0,0.0
2025-11-24 08:02:00,clusterA,11,3,3,0,1.00,0.5,0.5,0.0,0.0,0.0
2025-11-24 08:02:00,cluster_A,11,1,1,0,1.00,0.5,0.5,0.0,0.0,0.0
2025-11-24 08:02:00,clusterB,11,4,4,0,1.00,0.5,0.5,0.0,0.0,0.0
2025-11-24 08:02:22,clusterA,11,3,3,0,1.00,0.5,0.5,0.0,0.0,0.0
2025-11-24 08:02:22,cluster_A,11,1,1,0,1.00,0.5,0.5,0.0,0.0,0.0
2025-11-24 08:02:22,clusterB,11,4,4,0,1.00,0.5,0.5,0.0,0.0,0.0
2025-11-24 08:02:44,clusterA,11,3,3,0,1.00,0.5,0.5,0.0,0.0,0.0
2025-11-24 08:02:44,cluster_A,11,1,1,0,1.00,0.5,0.5,0.0,0.0,0.0
2025-11-24 08:02:44,clusterB,11,4,4,0,1.00,0.5,0.5,0.0,0.0,0.0
2025-11-24 08:03:06,clusterA,11,3,3,0,1.00,0.5,0.5,0.0,0.0,0.0
2025-11-24 08:03:06,cluster_A,11,1,1,0,1.00,0.5,0.5,0.0,0.0,0.0
2025-11-24 08:03:06,clusterB,11,4,4,0,1.00,0.5,0.5,0.0,0.0,0.0
2025-11-24 08:03:28,clusterA,11,3,3,0,1.00,0.5,0.5,0.0,0.0,0.0
2025-11-24 08:03:28,cluster_A,11,1,1,0,1.00,0.5,0.5,0.0,0.0,0.0
2025-11-24 08:03:28,clusterB,11,4,4,0,1.00,0.5,0.5,0.0,0.0,0.0
2025-11-24 08:03:49,clusterA,11,3,3,0,1.00,0.5,0.5,0.0,0.0,0.0
2025-11-24 08:03:49,cluster_A,11,1,1,0,1.00,0.5,0.5,0.0,0.0,0.0
2025-11-24 08:03:49,clusterB,11,4,4,0,1.00,0.5,0.5,0.0,0.0,0.0
2025-11-24 08:04:10,clusterA,11,3,3,0,1.00,0.5,0.5,0.0,0.0,0.0
2025-11-24 08:04:10,cluster_A,11,1,1,0,1.00,0.5,0.5,0.0,0.0,0.0
2025-11-24 08:04:10,clusterB,11,4,4,0,1.00,0.5,0.5,0.0,0.0,0.0
2025-11-24 08:04:33,clusterA,11,3,3,0,1.00,0.5,0.5,0.0,0.0,0.0
2025-11-24 08:04:33,cluster_A,11,1,1,0,1.00,0.5,0.5,0.0,0.0,0.0
2025-11-24 08:04:33,clusterB,11,4,4,0,1.00,0.5,0.5,0.0,0.0,0.0
2025-11-24 08:04:54,clusterA,11,3,3,0,1.00,0.5,0.5,0.0,0.0,0.0
2025-11-24 08:04:54,cluster_A,11,1,1,0,1.00,0.5,0.5,0.0,0.0,0.0
2025-11-24 08:04:54,clusterB,11,4,4,0,1.00,0.5,0.5,0.0,0.0,0.0
2025-11-24 08:05:16,clusterA,11,3,3,0,1.00,0.5,0.5,0.0,0.0,0.0
2025-11-24 08:05:16,cluster_A,11,1,1,0,1.00,0.5,0.5,0.0,0.0,0.0
2025-11-24 08:05:16,clusterB,11,4,4,0,1.00,0.5,0.5,0.0,0.0,0.0
2025-11-24 08:05:37,clusterA,11,3,3,0,1.00,0.5,0.5,0.0,0.0,0.0
2025-11-24 08:05:37,cluster_A,11,1,1,0,1.00,0.5,0.5,0.0,0.0,0.0
2025-11-24 08:05:37,clusterB,11,4,4,0,1.00,0.5,0.5,0.0,0.0,0.0
2025-11-24 08:06:00,clusterA,11,3,3,0,1.00,0.5,0.5,0.0,0.0,0.0
2025-11-24 08:06:00,cluster_A,11,1,1,0,1.00,0.5,0.5,0.0,0.0,0.0
2025-11-24 08:06:00,clusterB,11,4,4,0,1.00,0.5,0.5,0.0,0.0,0.0
2025-11-24 08:06:22,clusterA,11,3,3,0,1.00,0.5,0.5,0.0,0.0,0.0
2025-11-24 08:06:22,cluster_A,11,1,1,0,1.00,0.5,0.5,0.0,0.0,0.0
2025-11-24 08:06:22,clusterB,11,4,4,0,1.00,0.5,0.5,0.0,0.0,0.0
2025-11-24 08:06:44,clusterA,11,3,3,0,1.00,0.5,0.5,0.0,0.0,0.0
2025-11-24 08:06:44,cluster_A,11,1,1,0,1.00,0.5,0.5,0.0,0.0,0.0
2025-11-24 08:06:44,clusterB,11,4,4,0,1.00,0.5,0.5,0.0,0.0,0.0
2025-11-24 08:07:06,clusterA,11,3,3,0,1.00,0.5,0.5,0.0,0.0,0.0
2025-11-24 08:07:06,cluster_A,11,1,1,0,1.00,0.5,0.5,0.0,0.0,0.0
2025-11-24 08:07:06,clusterB,11,4,4,0,1.00,0.5,0.5,0.0,0.0,0.0
2025-11-24 08:07:28,clusterA,11,3,3,0,1.00,0.5,0.5,0.0,0.0,0.0
2025-11-24 08:07:28,cluster_A,11,1,1,0,1.00,0.5,0.5,0.0,0.0,0.0
2025-11-24 08:07:28,clusterB,11,4,4,0,1.00,0.5,0.5,0.0,0.0,0.0
2025-11-24 08:07:50,clusterA,11,3,3,0,1.00,0.5,0.5,0.0,0.0,0.0
2025-11-24 08:07:50,cluster_A,11,1,1,0,1.00,0.5,0.5,0.0,0.0,0.0
2025-11-24 08:07:50,clusterB,11,4,4,0,1.00,0.5,0.5,0.0,0.0,0.0
2025-11-24 08:08:11,clusterA,11,3,3,0,1.00,0.5,0.5,0.0,0.0,0.0
2025-11-24 08:08:11,cluster_A,11,1,1,0,1.00,0.5,0.5,0.0,0.0,0.0
2025-11-24 08:08:11,clusterB,11,4,4,0,1.00,0.5,0.5,0.0,0.0,0.0
2025-11-24 08:08:33,clusterA,11,3,3,0,1.00,0.5,0.5,0.0,0.0,0.0
2025-11-24 08:08:33,cluster_A,11,1,1,0,1.00,0.5,0.5,0.0,0.0,0.0
2025-11-24 08:08:33,clusterB,11,4,4,0,1.00,0.5,0.5,0.0,0.0,0.0
2025-11-24 08:08:55,clusterA,11,3,3,0,1.00,0.5,0.5,0.0,0.0,0.0
2025-11-24 08:08:55,cluster_A,11,1,1,0,1.00,0.5,0.5,0.0,0.0,0.0
2025-11-24 08:08:55,clusterB,11,4,4,0,1.00,0.5,0.5,0.0,0.0,0.0
2025-11-24 08:09:17,clusterA,11,3,3,0,1.00,0.5,0.5,0.0,0.0,0.0
2025-11-24 08:09:17,cluster_A,11,1,1,0,1.00,0.5,0.5,0.0,0.0,0.0
2025-11-24 08:09:17,clusterB,11,4,4,0,1.00,0.5,0.5,0.0,0.0,0.0
2025-11-24 08:09:39,clusterA,11,3,3,0,1.00,0.5,0.5,0.0,0.0,0.0
2025-11-24 08:09:39,cluster_A,11,1,1,0,1.00,0.5,0.5,0.0,0.0,0.0
2025-11-24 08:09:39,clusterB,11,4,4,0,1.00,0.5,0.5,0.0,0.0,0.0
2025-11-24 08:10:01,clusterA,11,3,3,0,1.00,0.5,0.5,0.0,0.0,0.0
2025-11-24 08:10:01,cluster_A,11,1,1,0,1.00,0.5,0.5,0.0,0.0,0.0
2025-11-24 08:10:01,clusterB,11,4,4,0,1.00,0.5,0.5,0.0,0.0,0.0
2025-11-24 08:10:22,clusterA,11,3,3,0,1.00,0.5,0.5,0.0,0.0,0.0
2025-11-24 08:10:22,cluster_A,11,1,1,0,1.00,0.5,0.5,0.0,0.0,0.0
2025-11-24 08:10:22,clusterB,11,4,4,0,1.00,0.5,0.5,0.0,0.0,0.0
2025-11-24 08:10:43,clusterA,11,3,3,0,1.00,0.5,0.5,0.0,0.0,0.0
2025-11-24 08:10:43,cluster_A,11,1,1,0,1.00,0.5,0.5,0.0,0.0,0.0
2025-11-24 08:10:43,clusterB,11,4,4,0,1.00,0.5,0.5,0.0,0.0,0.0
2025-11-24 08:11:05,clusterA,11,3,3,0,1.00,0.5,0.5,0.0,0.0,0.0
2025-11-24 08:11:05,cluster_A,11,1,1,0,1.00,0.5,0.5,0.0,0.0,0.0
2025-11-24 08:11:05,clusterB,11,4,4,0,1.00,0.5,0.5,0.0,0.0,0.0
2025-11-24 08:11:26,clusterA,11,3,3,0,1.00,0.5,0.5,0.0,0.0,0.0
2025-11-24 08:11:26,cluster_A,11,1,1,0,1.00,0.5,0.5,0.0,0.0,0.0
2025-11-24 08:11:26,clusterB,11,4,4,0,1.00,0.5,0.5,0.0,0.0,0.0
2025-11-24 08:11:48,clusterA,11,3,3,0,1.00,0.5,0.5,0.0,0.0,0.0
2025-11-24 08:11:48,cluster_A,11,1,1,0,1.00,0.5,0.5,0.0,0.0,0.0
2025-11-24 08:11:48,clusterB,11,4,4,0,1.00,0.5,0.5,0.0,0.0,0.0
2025-11-24 08:12:10,clusterA,11,3,3,0,1.00,0.5,0.5,0.0,0.0,0.0
2025-11-24 08:12:10,cluster_A,11,1,1,0,1.00,0.5,0.5,0.0,0.0,0.0
2025-11-24 08:12:10,clusterB,11,4,4,0,1.00,0.5,0.5,0.0,0.0,0.0
2025-11-24 08:12:32,clusterA,11,3,3,0,1.00,0.5,0.5,0.0,0.0,0.0
2025-11-24 08:12:32,cluster_A,11,1,1,0,1.00,0.5,0.5,0.0,0.0,0.0
2025-11-24 08:12:32,clusterB,11,4,4,0,1.00,0.5,0.5,0.0,0.0,0.0
2025-11-24 08:12:53,clusterA,11,3,3,0,1.00,0.5,0.5,0.0,0.0,0.0
2025-11-24 08:12:53,cluster_A,11,1,1,0,1.00,0.5,0.5,0.0,0.0,0.0
2025-11-24 08:12:53,clusterB,11,4,4,0,1.00,0.5,0.5,0.0,0.0,0.0
2025-11-24 08:13:15,clusterA,11,3,3,0,1.00,0.5,0.5,0.0,0.0,0.0
2025-11-24 08:13:15,cluster_A,11,1,1,0,1.00,0.5,0.5,0.0,0.0,0.0
2025-11-24 08:13:15,clusterB,11,4,4,0,1.00,0.5,0.5,0.0,0.0,0.0
2025-11-24 08:13:37,clusterA,11,3,3,0,1.00,0.5,0.5,0.0,0.0,0.0
2025-11-24 08:13:37,cluster_A,11,1,1,0,1.00,0.5,0.5,0.0,0.0,0.0
2025-11-24 08:13:37,clusterB,11,4,4,0,1.00,0.5,0.5,0.0,0.0,0.0
2025-11-24 08:13:59,clusterA,11,3,3,0,1.00,0.5,0.5,0.0,0.0,0.0
2025-11-24 08:13:59,cluster_A,11,1,1,0,1.00,0.5,0.5,0.0,0.0,0.0
2025-11-24 08:13:59,clusterB,11,4,4,0,1.00,0.5,0.5,0.0,0.0,0.0
2025-11-24 08:14:21,clusterA,11,3,3,0,1.00,0.5,0.5,0.0,0.0,0.0
2025-11-24 08:14:21,cluster_A,11,1,1,0,1.00,0.5,0.5,0.0,0.0,0.0
2025-11-24 08:14:21,clusterB,11,4,4,0,1.00,0.5,0.5,0.0,0.0,0.0
2025-11-24 08:14:43,clusterA,11,3,3,0,1.00,0.5,0.5,0.0,0.0,0.0
2025-11-24 08:14:43,cluster_A,11,1,1,0,1.00,0.5,0.5,0.0,0.0,0.0
2025-11-24 08:14:43,clusterB,11,4,4,0,1.00,0.5,0.5,0.0,0.0,0.0
2025-11-24 08:15:05,clusterA,11,3,3,0,1.00,0.5,0.5,0.0,0.0,0.0
2025-11-24 08:15:05,cluster_A,11,1,1,0,1.00,0.5,0.5,0.0,0.0,0.0
2025-11-24 08:15:05,clusterB,11,4,4,0,1.00,0.5,0.5,0.0,0.0,0.0
2025-11-24 08:15:28,clusterA,11,3,3,0,1.00,0.5,0.5,0.0,0.0,0.0
2025-11-24 08:15:28,cluster_A,11,1,1,0,1.00,0.5,0.5,0.0,0.0,0.0
2025-11-24 08:15:28,clusterB,11,4,4,0,1.00,0.5,0.5,0.0,0.0,0.0
2025-11-24 08:15:49,clusterA,11,3,3,0,1.00,0.5,0.5,0.0,0.0,0.0
2025-11-24 08:15:49,cluster_A,11,1,1,0,1.00,0.5,0.5,0.0,0.0,0.0
2025-11-24 08:15:49,clusterB,11,4,4,0,1.00,0.5,0.5,0.0,0.0,0.0
2025-11-24 08:16:11,clusterA,11,3,3,0,1.00,0.5,0.5,0.0,0.0,0.0
2025-11-24 08:16:11,cluster_A,11,1,1,0,1.00,0.5,0.5,0.0,0.0,0.0
2025-11-24 08:16:11,clusterB,11,4,4,0,1.00,0.5,0.5,0.0,0.0,0.0
2025-11-24 08:16:33,clusterA,11,3,3,0,1.00,0.5,0.5,0.0,0.0,0.0
2025-11-24 08:16:33,cluster_A,11,1,1,0,1.00,0.5,0.5,0.0,0.0,0.0
2025-11-24 08:16:33,clusterB,11,4,4,0,1.00,0.5,0.5,0.0,0.0,0.0
2025-11-24 08:16:55,clusterA,11,3,3,0,1.00,0.5,0.5,0.0,0.0,0.0
2025-11-24 08:16:55,cluster_A,11,1,1,0,1.00,0.5,0.5,0.0,0.0,0.0
2025-11-24 08:16:55,clusterB,11,4,4,0,1.00,0.5,0.5,0.0,0.0,0.0
2025-11-24 08:17:17,clusterA,11,3,3,0,1.00,0.5,0.5,0.0,0.0,0.0
2025-11-24 08:17:17,cluster_A,11,1,1,0,1.00,0.5,0.5,0.0,0.0,0.0
2025-11-24 08:17:17,clusterB,11,4,4,0,1.00,0.5,0.5,0.0,0.0,0.0
2025-11-24 08:17:40,clusterA,11,3,3,0,1.00,0.5,0.5,0.0,0.0,0.0
2025-11-24 08:17:40,cluster_A,11,1,1,0,1.00,0.5,0.5,0.0,0.0,0.0
2025-11-24 08:17:40,clusterB,11,4,4,0,1.00,0.5,0.5,0.0,0.0,0.0
2025-11-24 08:18:02,clusterA,11,3,3,0,1.00,0.5,0.5,0.0,0.0,0.0
2025-11-24 08:18:02,cluster_A,11,1,1,0,1.00,0.5,0.5,0.0,0.0,0.0
2025-11-24 08:18:02,clusterB,11,4,4,0,1.00,0.5,0.5,0.0,0.0,0.0
2025-11-24 08:18:25,clusterA,11,3,3,0,1.00,0.5,0.5,0.0,0.0,0.0
2025-11-24 08:18:25,cluster_A,11,1,1,0,1.00,0.5,0.5,0.0,0.0,0.0
2025-11-24 08:18:25,clusterB,11,4,4,0,1.00,0.5,0.5,0.0,0.0,0.0
2025-11-24 08:18:47,clusterA,11,3,3,0,1.00,0.5,0.5,0.0,0.0,0.0
2025-11-24 08:18:47,cluster_A,11,1,1,0,1.00,0.5,0.5,0.0,0.0,0.0
2025-11-24 08:18:47,clusterB,11,4,4,0,1.00,0.5,0.5,0.0,0.0,0.0
2025-11-24 08:19:10,clusterA,11,3,3,0,1.00,0.5,0.5,0.0,0.0,0.0
2025-11-24 08:19:10,cluster_A,11,1,1,0,1.00,0.5,0.5,0.0,0.0,0.0
2025-11-24 08:19:10,clusterB,11,4,4,0,1.00,0.5,0.5,0.0,0.0,0.0
2025-11-24 08:19:33,clusterA,11,3,3,0,1.00,0.5,0.5,0.0,0.0,0.0
2025-11-24 08:19:33,cluster_A,11,1,1,0,1.00,0.5,0.5,0.0,0.0,0.0
2025-11-24 08:19:33,clusterB,11,4,4,0,1.00,0.5,0.5,0.0,0.0,0.0
2025-11-24 08:19:55,clusterA,11,3,3,0,1.00,0.5,0.5,0.0,0.0,0.0
2025-11-24 08:19:55,cluster_A,11,1,1,0,1.00,0.5,0.5,0.0,0.0,0.0
2025-11-24 08:19:55,clusterB,11,4,4,0,1.00,0.5,0.5,0.0,0.0,0.0
2025-11-24 08:20:17,clusterA,11,3,3,0,1.00,0.5,0.5,0.0,0.0,0.0
2025-11-24 08:20:17,cluster_A,11,1,1,0,1.00,0.5,0.5,0.0,0.0,0.0
2025-11-24 08:20:17,clusterB,11,4,4,0,1.00,0.5,0.5,0.0,0.0,0.0
2025-11-24 08:20:39,clusterA,11,3,3,0,1.00,0.5,0.5,0.0,0.0,0.0
2025-11-24 08:20:39,cluster_A,11,1,1,0,1.00,0.5,0.5,0.0,0.0,0.0
2025-11-24 08:20:39,clusterB,11,4,4,0,1.00,0.5,0.5,0.0,0.0,0.0
2025-11-24 08:21:02,clusterA,11,3,3,0,1.00,0.5,0.5,0.0,0.0,0.0
2025-11-24 08:21:02,cluster_A,11,1,1,0,1.00,0.5,0.5,0.0,0.0,0.0
2025-11-24 08:21:02,clusterB,11,4,4,0,1.00,0.5,0.5,0.0,0.0,0.0
2025-11-24 08:21:23,clusterA,11,3,3,0,1.00,0.5,0.5,0.0,0.0,0.0
2025-11-24 08:21:23,cluster_A,11,1,1,0,1.00,0.5,0.5,0.0,0.0,0.0
2025-11-24 08:21:23,clusterB,11,4,4,0,1.00,0.5,0.5,0.0,0.0,0.0
2025-11-24 08:21:45,clusterA,11,3,3,0,1.00,0.5,0.5,0.0,0.0,0.0
2025-11-24 08:21:45,cluster_A,11,1,1,0,1.00,0.5,0.5,0.0,0.0,0.0
2025-11-24 08:21:45,clusterB,11,4,4,0,1.00,0.5,0.5,0.0,0.0,0.0
2025-11-24 08:22:06,clusterA,11,3,3,0,1.00,0.5,0.5,0.0,0.0,0.0
2025-11-24 08:22:06,cluster_A,11,1,1,0,1.00,0.5,0.5,0.0,0.0,0.0
2025-11-24 08:22:06,clusterB,11,4,4,0,1.00,0.5,0.5,0.0,0.0,0.0
2025-11-24 08:22:27,clusterA,11,3,3,0,1.00,0.5,0.5,0.0,0.0,0.0
2025-11-24 08:22:27,cluster_A,11,1,1,0,1.00,0.5,0.5,0.0,0.0,0.0
2025-11-24 08:22:27,clusterB,11,4,4,0,1.00,0.5,0.5,0.0,0.0,0.0
2025-11-24 08:22:49,clusterA,11,3,3,0,1.00,0.5,0.5,0.0,0.0,0.0
2025-11-24 08:22:49,cluster_A,11,1,1,0,1.00,0.5,0.5,0.0,0.0,0.0
2025-11-24 08:22:49,clusterB,11,4,4,0,1.00,0.5,0.5,0.0,0.0,0.0
2025-11-24 08:23:10,clusterA,11,3,3,0,1.00,0.5,0.5,0.0,0.0,0.0
2025-11-24 08:23:10,cluster_A,11,1,1,0,1.00,0.5,0.5,0.0,0.0,0.0
2025-11-24 08:23:10,clusterB,11,4,4,0,1.00,0.5,0.5,0.0,0.0,0.0
2025-11-24 08:23:33,clusterA,11,3,3,0,1.00,0.5,0.5,0.0,0.0,0.0
2025-11-24 08:23:33,cluster_A,11,1,1,0,1.00,0.5,0.5,0.0,0.0,0.0
2025-11-24 08:23:33,clusterB,11,4,4,0,1.00,0.5,0.5,0.0,0.0,0.0
2025-11-24 08:23:55,clusterA,11,3,3,0,1.00,0.5,0.5,0.0,0.0,0.0
2025-11-24 08:23:55,cluster_A,11,1,1,0,1.00,0.5,0.5,0.0,0.0,0.0
2025-11-24 08:23:55,clusterB,11,4,4,0,1.00,0.5,0.5,0.0,0.0,0.0
2025-11-24 08:24:17,clusterA,11,3,3,0,1.00,0.5,0.5,0.0,0.0,0.0
2025-11-24 08:24:17,cluster_A,11,1,1,0,1.00,0.5,0.5,0.0,0.0,0.0
2025-11-24 08:24:17,clusterB,11,4,4,0,1.00,0.5,0.5,0.0,0.0,0.0
2025-11-24 08:24:40,clusterA,11,3,3,0,1.00,0.5,0.5,0.0,0.0,0.0
2025-11-24 08:24:40,cluster_A,11,1,1,0,1.00,0.5,0.5,0.0,0.0,0.0
2025-11-24 08:24:40,clusterB,11,4,4,0,1.00,0.5,0.5,0.0,0.0,0.0
2025-11-24 08:25:01,clusterA,11,3,3,0,1.00,0.5,0.5,0.0,0.0,0.0
2025-11-24 08:25:01,cluster_A,11,1,1,0,1.00,0.5,0.5,0.0,0.0,0.0
2025-11-24 08:25:01,clusterB,11,4,4,0,1.00,0.5,0.5,0.0,0.0,0.0
2025-11-24 08:25:23,clusterA,11,3,3,0,1.00,0.5,0.5,0.0,0.0,0.0
2025-11-24 08:25:23,cluster_A,11,1,1,0,1.00,0.5,0.5,0.0,0.0,0.0
2025-11-24 08:25:23,clusterB,11,4,4,0,1.00,0.5,0.5,0.0,0.0,0.0
2025-11-24 08:25:45,clusterA,11,3,3,0,1.00,0.5,0.5,0.0,0.0,0.0
2025-11-24 08:25:45,cluster_A,11,1,1,0,1.00,0.5,0.5,0.0,0.0,0.0
2025-11-24 08:25:45,clusterB,11,4,4,0,1.00,0.5,0.5,0.0,0.0,0.0
2025-11-24 08:26:06,clusterA,11,3,3,0,1.00,0.5,0.5,0.0,0.0,0.0
2025-11-24 08:26:06,cluster_A,11,1,1,0,1.00,0.5,0.5,0.0,0.0,0.0
2025-11-24 08:26:06,clusterB,11,4,4,0,1.00,0.5,0.5,0.0,0.0,0.0
2025-11-24 08:26:29,clusterA,11,3,3,0,1.00,0.5,0.5,0.0,0.0,0.0
2025-11-24 08:26:29,cluster_A,11,1,1,0,1.00,0.5,0.5,0.0,0.0,0.0
2025-11-24 08:26:29,clusterB,11,4,4,0,1.00,0.5,0.5,0.0,0.0,0.0
2025-11-24 08:26:51,clusterA,11,3,3,0,1.00,0.5,0.5,0.0,0.0,0.0
2025-11-24 08:26:51,cluster_A,11,1,1,0,1.00,0.5,0.5,0.0,0.0,0.0
2025-11-24 08:26:51,clusterB,11,4,4,0,1.00,0.5,0.5,0.0,0.0,0.0
2025-11-24 08:27:13,clusterA,11,3,3,0,1.00,0.5,0.5,0.0,0.0,0.0
2025-11-24 08:27:13,cluster_A,11,1,1,0,1.00,0.5,0.5,0.0,0.0,0.0
2025-11-24 08:27:13,clusterB,11,4,4,0,1.00,0.5,0.5,0.0,0.0,0.0
2025-11-24 08:27:35,clusterA,11,3,3,0,1.00,0.5,0.5,0.0,0.0,0.0
2025-11-24 08:27:35,cluster_A,11,1,1,0,1.00,0.5,0.5,0.0,0.0,0.0
2025-11-24 08:27:35,clusterB,11,4,4,0,1.00,0.5,0.5,0.0,0.0,0.0
2025-11-24 08:27:57,clusterA,11,3,3,0,1.00,0.5,0.5,0.0,0.0,0.0
2025-11-24 08:27:57,cluster_A,11,1,1,0,1.00,0.5,0.5,0.0,0.0,0.0
2025-11-24 08:27:57,clusterB,11,4,4,0,1.00,0.5,0.5,0.0,0.0,0.0
2025-11-24 08:28:18,clusterA,11,3,3,0,1.00,0.5,0.5,0.0,0.0,0.0
2025-11-24 08:28:18,cluster_A,11,1,1,0,1.00,0.5,0.5,0.0,0.0,0.0
2025-11-24 08:28:18,clusterB,11,4,4,0,1.00,0.5,0.5,0.0,0.0,0.0
2025-11-24 08:28:40,clusterA,11,3,3,0,1.00,0.5,0.5,0.0,0.0,0.0
2025-11-24 08:28:40,cluster_A,11,1,1,0,1.00,0.5,0.5,0.0,0.0,0.0
2025-11-24 08:28:40,clusterB,11,4,4,0,1.00,0.5,0.5,0.0,0.0,0.0
2025-11-24 08:29:01,clusterA,11,3,3,0,1.00,0.5,0.5,0.0,0.0,0.0
2025-11-24 08:29:01,cluster_A,11,1,1,0,1.00,0.5,0.5,0.0,0.0,0.0
2025-11-24 08:29:01,clusterB,11,4,4,0,1.00,0.5,0.5,0.0,0.0,0.0
2025-11-24 08:29:22,clusterA,11,3,3,0,1.00,0.5,0.5,0.0,0.0,0.0
2025-11-24 08:29:22,cluster_A,11,1,1,0,1.00,0.5,0.5,0.0,0.0,0.0
2025-11-24 08:29:22,clusterB,11,4,4,0,1.00,0.5,0.5,0.0,0.0,0.0
2025-11-24 08:29:43,clusterA,11,3,3,0,1.00,0.5,0.5,0.0,0.0,0.0
2025-11-24 08:29:43,cluster_A,11,1,1,0,1.00,0.5,0.5,0.0,0.0,0.0
2025-11-24 08:29:43,clusterB,11,4,4,0,1.00,0.5,0.5,0.0,0.0,0.0
2025-11-24 08:30:05,clusterA,11,3,3,0,1.00,0.5,0.5,0.0,0.0,0.0
2025-11-24 08:30:05,cluster_A,11,1,1,0,1.00,0.5,0.5,0.0,0.0,0.0
2025-11-24 08:30:05,clusterB,11,4,4,0,1.00,0.5,0.5,0.0,0.0,0.0
2025-11-24 08:30:27,clusterA,11,3,3,0,1.00,0.5,0.5,0.0,0.0,0.0
2025-11-24 08:30:27,cluster_A,11,1,1,0,1.00,0.5,0.5,0.0,0.0,0.0
2025-11-24 08:30:27,clusterB,11,4,4,0,1.00,0.5,0.5,0.0,0.0,0.0
2025-11-24 08:30:48,clusterA,11,3,3,0,1.00,0.5,0.5,0.0,0.0,0.0
2025-11-24 08:30:48,cluster_A,11,1,1,0,1.00,0.5,0.5,0.0,0.0,0.0
2025-11-24 08:30:48,clusterB,11,4,4,0,1.00,0.5,0.5,0.0,0.0,0.0
2025-11-24 08:31:10,clusterA,11,3,3,0,1.00,0.5,0.5,0.0,0.0,0.0
2025-11-24 08:31:10,cluster_A,11,1,1,0,1.00,0.5,0.5,0.0,0.0,0.0
2025-11-24 08:31:10,clusterB,11,4,4,0,1.00,0.5,0.5,0.0,0.0,0.0
2025-11-24 08:31:33,clusterA,11,3,3,0,1.00,0.5,0.5,0.0,0.0,0.0
2025-11-24 08:31:33,cluster_A,11,1,1,0,1.00,0.5,0.5,0.0,0.0,0.0
2025-11-24 08:31:33,clusterB,11,4,4,0,1.00,0.5,0.5,0.0,0.0,0.0
2025-11-24 08:31:54,clusterA,11,3,3,0,1.00,0.5,0.5,0.0,0.0,0.0
2025-11-24 08:31:54,cluster_A,11,1,1,0,1.00,0.5,0.5,0.0,0.0,0.0
2025-11-24 08:31:54,clusterB,11,4,4,0,1.00,0.5,0.5,0.0,0.0,0.0
2025-11-24 08:32:17,clusterA,11,3,3,0,1.00,0.5,0.5,0.0,0.0,0.0
2025-11-24 08:32:17,cluster_A,11,1,1,0,1.00,0.5,0.5,0.0,0.0,0.0
2025-11-24 08:32:17,clusterB,11,4,4,0,1.00,0.5,0.5,0.0,0.0,0.0
2025-11-24 08:32:39,clusterA,11,3,3,0,1.00,0.5,0.5,0.0,0.0,0.0
2025-11-24 08:32:39,cluster_A,11,1,1,0,1.00,0.5,0.5,0.0,0.0,0.0
2025-11-24 08:32:39,clusterB,11,4,4,0,1.00,0.5,0.5,0.0,0.0,0.0
2025-11-24 08:33:02,clusterA,11,3,3,0,1.00,0.5,0.5,0.0,0.0,0.0
2025-11-24 08:33:02,cluster_A,11,1,1,0,1.00,0.5,0.5,0.0,0.0,0.0
2025-11-24 08:33:02,clusterB,11,4,4,0,1.00,0.5,0.5,0.0,0.0,0.0
2025-11-24 08:33:25,clusterA,11,3,3,0,1.00,0.5,0.5,0.0,0.0,0.0
2025-11-24 08:33:25,cluster_A,11,1,1,0,1.00,0.5,0.5,0.0,0.0,0.0
2025-11-24 08:33:25,clusterB,11,4,4,0,1.00,0.5,0.5,0.0,0.0,0.0
2025-11-24 08:33:47,clusterA,11,3,3,0,1.00,0.5,0.5,0.0,0.0,0.0
2025-11-24 08:33:47,cluster_A,11,1,1,0,1.00,0.5,0.5,0.0,0.0,0.0
2025-11-24 08:33:47,clusterB,11,4,4,0,1.00,0.5,0.5,0.0,0.0,0.0
2025-11-24 08:34:09,clusterA,11,3,3,0,1.00,0.5,0.5,0.0,0.0,0.0
2025-11-24 08:34:09,cluster_A,11,1,1,0,1.00,0.5,0.5,0.0,0.0,0.0
2025-11-24 08:34:09,clusterB,11,4,4,0,1.00,0.5,0.5,0.0,0.0,0.0
2025-11-24 08:34:32,clusterA,11,3,3,0,1.00,0.5,0.5,0.0,0.0,0.0
2025-11-24 08:34:32,cluster_A,11,1,1,0,1.00,0.5,0.5,0.0,0.0,0.0
2025-11-24 08:34:32,clusterB,11,4,4,0,1.00,0.5,0.5,0.0,0.0,0.0
2025-11-24 08:34:55,clusterA,11,3,3,0,1.00,0.5,0.5,0.0,0.0,0.0
2025-11-24 08:34:55,cluster_A,11,1,1,0,1.00,0.5,0.5,0.0,0.0,0.0
2025-11-24 08:34:55,clusterB,11,4,4,0,1.00,0.5,0.5,0.0,0.0,0.0
2025-11-24 08:35:18,clusterA,11,3,3,0,1.00,0.5,0.5,0.0,0.0,0.0
2025-11-24 08:35:18,cluster_A,11,1,1,0,1.00,0.5,0.5,0.0,0.0,0.0
2025-11-24 08:35:18,clusterB,11,4,4,0,1.00,0.5,0.5,0.0,0.0,0.0
2025-11-24 08:35:40,clusterA,11,3,3,0,1.00,0.5,0.5,0.0,0.0,0.0
2025-11-24 08:35:40,cluster_A,11,1,1,0,1.00,0.5,0.5,0.0,0.0,0.0
2025-11-24 08:35:40,clusterB,11,4,4,0,1.00,0.5,0.5,0.0,0.0,0.0
2025-11-24 08:36:02,clusterA,11,3,3,0,1.00,0.5,0.5,0.0,0.0,0.0
2025-11-24 08:36:02,cluster_A,11,1,1,0,1.00,0.5,0.5,0.0,0.0,0.0
2025-11-24 08:36:02,clusterB,11,4,4,0,1.00,0.5,0.5,0.0,0.0,0.0
2025-11-24 08:36:25,clusterA,11,3,3,0,1.00,0.5,0.5,0.0,0.0,0.0
2025-11-24 08:36:25,cluster_A,11,1,1,0,1.00,0.5,0.5,0.0,0.0,0.0
2025-11-24 08:36:25,clusterB,11,4,4,0,1.00,0.5,0.5,0.0,0.0,0.0
2025-11-24 08:36:47,clusterA,11,3,3,0,1.00,0.5,0.5,0.0,0.0,0.0
2025-11-24 08:36:47,cluster_A,11,1,1,0,1.00,0.5,0.5,0.0,0.0,0.0
2025-11-24 08:36:47,clusterB,11,4,4,0,1.00,0.5,0.5,0.0,0.0,0.0
2025-11-24 08:37:10,clusterA,11,3,3,0,1.00,0.5,0.5,0.0,0.0,0.0
2025-11-24 08:37:10,cluster_A,11,1,1,0,1.00,0.5,0.5,0.0,0.0,0.0
2025-11-24 08:37:10,clusterB,11,4,4,0,1.00,0.5,0.5,0.0,0.0,0.0
2025-11-24 08:37:32,clusterA,11,3,3,0,1.00,0.5,0.5,0.0,0.0,0.0
2025-11-24 08:37:32,cluster_A,11,1,1,0,1.00,0.5,0.5,0.0,0.0,0.0
2025-11-24 08:37:32,clusterB,11,4,4,0,1.00,0.5,0.5,0.0,0.0,0.0
2025-11-24 08:37:55,clusterA,11,3,3,0,1.00,0.5,0.5,0.0,0.0,0.0
2025-11-24 08:37:55,cluster_A,11,1,1,0,1.00,0.5,0.5,0.0,0.0,0.0
2025-11-24 08:37:55,clusterB,11,4,4,0,1.00,0.5,0.5,0.0,0.0,0.0
2025-11-24 08:38:17,clusterA,11,3,3,0,1.00,0.5,0.5,0.0,0.0,0.0
2025-11-24 08:38:17,cluster_A,11,1,1,0,1.00,0.5,0.5,0.0,0.0,0.0
2025-11-24 08:38:17,clusterB,11,4,4,0,1.00,0.5,0.5,0.0,0.0,0.0
2025-11-24 08:38:39,clusterA,11,3,3,0,1.00,0.5,0.5,0.0,0.0,0.0
2025-11-24 08:38:39,cluster_A,11,1,1,0,1.00,0.5,0.5,0.0,0.0,0.0
2025-11-24 08:38:39,clusterB,11,4,4,0,1.00,0.5,0.5,0.0,0.0,0.0
2025-11-24 08:39:02,clusterA,11,3,3,0,1.00,0.5,0.5,0.0,0.0,0.0
2025-11-24 08:39:02,cluster_A,11,1,1,0,1.00,0.5,0.5,0.0,0.0,0.0
2025-11-24 08:39:02,clusterB,11,4,4,0,1.00,0.5,0.5,0.0,0.0,0.0
2025-11-24 08:39:24,clusterA,11,3,3,0,1.00,0.5,0.5,0.0,0.0,0.0
2025-11-24 08:39:24,cluster_A,11,1,1,0,1.00,0.5,0.5,0.0,0.0,0.0
2025-11-24 08:39:24,clusterB,11,4,4,0,1.00,0.5,0.5,0.0,0.0,0.0
2025-11-24 08:39:47,clusterA,11,3,3,0,1.00,0.5,0.5,0.0,0.0,0.0
2025-11-24 08:39:47,cluster_A,11,1,1,0,1.00,0.5,0.5,0.0,0.0,0.0
2025-11-24 08:39:47,clusterB,11,4,4,0,1.00,0.5,0.5,0.0,0.0,0.0
2025-11-24 08:40:09,clusterA,11,3,3,0,1.00,0.5,0.5,0.0,0.0,0.0
2025-11-24 08:40:09,cluster_A,11,1,1,0,1.00,0.5,0.5,0.0,0.0,0.0
2025-11-24 08:40:09,clusterB,11,4,4,0,1.00,0.5,0.5,0.0,0.0,0.0
2025-11-24 08:40:31,clusterA,11,3,3,0,1.00,0.5,0.5,0.0,0.0,0.0
2025-11-24 08:40:31,cluster_A,11,1,1,0,1.00,0.5,0.5,0.0,0.0,0.0
2025-11-24 08:40:31,clusterB,11,4,4,0,1.00,0.5,0.5,0.0,0.0,0.0
2025-11-24 08:40:52,clusterA,11,3,3,0,1.00,0.5,0.5,0.0,0.0,0.0
2025-11-24 08:40:52,cluster_A,11,1,1,0,1.00,0.5,0.5,0.0,0.0,0.0
2025-11-24 08:40:52,clusterB,11,4,4,0,1.00,0.5,0.5,0.0,0.0,0.0
2025-11-24 08:41:15,clusterA,11,3,3,0,1.00,0.5,0.5,0.0,0.0,0.0
2025-11-24 08:41:15,cluster_A,11,1,1,0,1.00,0.5,0.5,0.0,0.0,0.0
2025-11-24 08:41:15,clusterB,11,4,4,0,1.00,0.5,0.5,0.0,0.0,0.0
2025-11-24 08:41:37,clusterA,11,3,3,0,1.00,0.5,0.5,0.0,0.0,0.0
2025-11-24 08:41:37,cluster_A,11,1,1,0,1.00,0.5,0.5,0.0,0.0,0.0
2025-11-24 08:41:37,clusterB,11,4,4,0,1.00,0.5,0.5,0.0,0.0,0.0
2025-11-24 08:42:00,clusterA,11,3,3,0,1.00,0.5,0.5,0.0,0.0,0.0
2025-11-24 08:42:00,cluster_A,11,1,1,0,1.00,0.5,0.5,0.0,0.0,0.0
2025-11-24 08:42:00,clusterB,11,4,4,0,1.00,0.5,0.5,0.0,0.0,0.0
2025-11-24 08:42:22,clusterA,11,3,3,0,1.00,0.5,0.5,0.0,0.0,0.0
2025-11-24 08:42:22,cluster_A,11,1,1,0,1.00,0.5,0.5,0.0,0.0,0.0
2025-11-24 08:42:22,clusterB,11,4,4,0,1.00,0.5,0.5,0.0,0.0,0.0
2025-11-24 08:42:44,clusterA,11,3,3,0,1.00,0.5,0.5,0.0,0.0,0.0
2025-11-24 08:42:44,cluster_A,11,1,1,0,1.00,0.5,0.5,0.0,0.0,0.0
2025-11-24 08:42:44,clusterB,11,4,4,0,1.00,0.5,0.5,0.0,0.0,0.0
2025-11-24 08:43:06,clusterA,11,3,3,0,1.00,0.5,0.5,0.0,0.0,0.0
2025-11-24 08:43:06,cluster_A,11,1,1,0,1.00,0.5,0.5,0.0,0.0,0.0
2025-11-24 08:43:06,clusterB,11,4,4,0,1.00,0.5,0.5,0.0,0.0,0.0
2025-11-24 08:43:28,clusterA,11,3,3,0,1.00,0.5,0.5,0.0,0.0,0.0
2025-11-24 08:43:28,cluster_A,11,1,1,0,1.00,0.5,0.5,0.0,0.0,0.0
2025-11-24 08:43:28,clusterB,11,4,4,0,1.00,0.5,0.5,0.0,0.0,0.0
2025-11-24 08:43:50,clusterA,11,3,3,0,1.00,0.5,0.5,0.0,0.0,0.0
2025-11-24 08:43:50,cluster_A,11,1,1,0,1.00,0.5,0.5,0.0,0.0,0.0
2025-11-24 08:43:50,clusterB,11,4,4,0,1.00,0.5,0.5,0.0,0.0,0.0
2025-11-24 08:44:12,clusterA,11,3,3,0,1.00,0.5,0.5,0.0,0.0,0.0
2025-11-24 08:44:12,cluster_A,11,1,1,0,1.00,0.5,0.5,0.0,0.0,0.0
2025-11-24 08:44:12,clusterB,11,4,4,0,1.00,0.5,0.5,0.0,0.0,0.0
2025-11-24 08:44:35,clusterA,11,3,3,0,1.00,0.5,0.5,0.0,0.0,0.0
2025-11-24 08:44:35,cluster_A,11,1,1,0,1.00,0.5,0.5,0.0,0.0,0.0
2025-11-24 08:44:35,clusterB,11,4,4,0,1.00,0.5,0.5,0.0,0.0,0.0
2025-11-24 08:44:57,clusterA,11,3,3,0,1.00,0.5,0.5,0.0,0.0,0.0
2025-11-24 08:44:57,cluster_A,11,1,1,0,1.00,0.5,0.5,0.0,0.0,0.0
2025-11-24 08:44:57,clusterB,11,4,4,0,1.00,0.5,0.5,0.0,0.0,0.0
2025-11-24 08:45:19,clusterA,11,3,3,0,1.00,0.5,0.5,0.0,0.0,0.0
2025-11-24 08:45:19,cluster_A,11,1,1,0,1.00,0.5,0.5,0.0,0.0,0.0
2025-11-24 08:45:19,clusterB,11,4,4,0,1.00,0.5,0.5,0.0,0.0,0.0
2025-11-24 08:45:41,clusterA,11,3,3,0,1.00,0.5,0.5,0.0,0.0,0.0
2025-11-24 08:45:41,cluster_A,11,1,1,0,1.00,0.5,0.5,0.0,0.0,0.0
2025-11-24 08:45:41,clusterB,11,4,4,0,1.00,0.5,0.5,0.0,0.0,0.0
2025-11-24 08:46:04,clusterA,11,3,3,0,1.00,0.5,0.5,0.0,0.0,0.0
2025-11-24 08:46:04,cluster_A,11,1,1,0,1.00,0.5,0.5,0.0,0.0,0.0
2025-11-24 08:46:04,clusterB,11,4,4,0,1.00,0.5,0.5,0.0,0.0,0.0
2025-11-24 08:46:26,clusterA,11,3,3,0,1.00,0.5,0.5,0.0,0.0,0.0
2025-11-24 08:46:26,cluster_A,11,1,1,0,1.00,0.5,0.5,0.0,0.0,0.0
2025-11-24 08:46:26,clusterB,11,4,4,0,1.00,0.5,0.5,0.0,0.0,0.0
2025-11-24 08:46:48,clusterA,11,3,3,0,1.00,0.5,0.5,0.0,0.0,0.0
2025-11-24 08:46:48,cluster_A,11,1,1,0,1.00,0.5,0.5,0.0,0.0,0.0
2025-11-24 08:46:48,clusterB,11,4,4,0,1.00,0.5,0.5,0.0,0.0,0.0
2025-11-24 08:47:10,clusterA,11,3,3,0,1.00,0.5,0.5,0.0,0.0,0.0
2025-11-24 08:47:10,cluster_A,11,1,1,0,1.00,0.5,0.5,0.0,0.0,0.0
2025-11-24 08:47:10,clusterB,11,4,4,0,1.00,0.5,0.5,0.0,0.0,0.0
2025-11-24 08:47:33,clusterA,11,3,3,0,1.00,0.5,0.5,0.0,0.0,0.0
2025-11-24 08:47:33,cluster_A,11,1,1,0,1.00,0.5,0.5,0.0,0.0,0.0
2025-11-24 08:47:33,clusterB,11,4,4,0,1.00,0.5,0.5,0.0,0.0,0.0
2025-11-24 08:47:55,clusterA,11,3,3,0,1.00,0.5,0.5,0.0,0.0,0.0
2025-11-24 08:47:55,cluster_A,11,1,1,0,1.00,0.5,0.5,0.0,0.0,0.0
2025-11-24 08:47:55,clusterB,11,4,4,0,1.00,0.5,0.5,0.0,0.0,0.0
2025-11-24 08:48:17,clusterA,11,3,3,0,1.00,0.5,0.5,0.0,0.0,0.0
2025-11-24 08:48:17,cluster_A,11,1,1,0,1.00,0.5,0.5,0.0,0.0,0.0
2025-11-24 08:48:17,clusterB,11,4,4,0,1.00,0.5,0.5,0.0,0.0,0.0
2025-11-24 08:48:39,clusterA,11,3,3,0,1.00,0.5,0.5,0.0,0.0,0.0
2025-11-24 08:48:39,cluster_A,11,1,1,0,1.00,0.5,0.5,0.0,0.0,0.0
2025-11-24 08:48:39,clusterB,11,4,4,0,1.00,0.5,0.5,0.0,0.0,0.0
2025-11-24 08:49:01,clusterA,11,3,3,0,1.00,0.5,0.5,0.0,0.0,0.0
2025-11-24 08:49:01,cluster_A,11,1,1,0,1.00,0.5,0.5,0.0,0.0,0.0
2025-11-24 08:49:01,clusterB,11,4,4,0,1.00,0.5,0.5,0.0,0.0,0.0
2025-11-24 08:49:23,clusterA,11,3,3,0,1.00,0.5,0.5,0.0,0.0,0.0
2025-11-24 08:49:23,cluster_A,11,1,1,0,1.00,0.5,0.5,0.0,0.0,0.0
2025-11-24 08:49:23,clusterB,11,4,4,0,1.00,0.5,0.5,0.0,0.0,0.0
2025-11-24 08:49:44,clusterA,11,3,3,0,1.00,0.5,0.5,0.0,0.0,0.0
2025-11-24 08:49:44,cluster_A,11,1,1,0,1.00,0.5,0.5,0.0,0.0,0.0
2025-11-24 08:49:44,clusterB,11,4,4,0,1.00,0.5,0.5,0.0,0.0,0.0
2025-11-24 08:50:06,clusterA,11,3,3,0,1.00,0.5,0.5,0.0,0.0,0.0
2025-11-24 08:50:06,cluster_A,11,1,1,0,1.00,0.5,0.5,0.0,0.0,0.0
2025-11-24 08:50:06,clusterB,11,4,4,0,1.00,0.5,0.5,0.0,0.0,0.0
2025-11-24 08:50:28,clusterA,11,3,3,0,1.00,0.5,0.5,0.0,0.0,0.0
2025-11-24 08:50:28,cluster_A,11,1,1,0,1.00,0.5,0.5,0.0,0.0,0.0
2025-11-24 08:50:28,clusterB,11,4,4,0,1.00,0.5,0.5,0.0,0.0,0.0
2025-11-24 08:50:50,clusterA,11,3,3,0,1.00,0.5,0.5,0.0,0.0,0.0
2025-11-24 08:50:50,cluster_A,11,1,1,0,1.00,0.5,0.5,0.0,0.0,0.0
2025-11-24 08:50:50,clusterB,11,4,4,0,1.00,0.5,0.5,0.0,0.0,0.0
2025-11-24 08:51:11,clusterA,11,3,3,0,1.00,0.5,0.5,0.0,0.0,0.0
2025-11-24 08:51:11,cluster_A,11,1,1,0,1.00,0.5,0.5,0.0,0.0,0.0
2025-11-24 08:51:11,clusterB,11,4,4,0,1.00,0.5,0.5,0.0,0.0,0.0
2025-11-24 08:51:32,clusterA,11,3,3,0,1.00,0.5,0.5,0.0,0.0,0.0
2025-11-24 08:51:32,cluster_A,11,1,1,0,1.00,0.5,0.5,0.0,0.0,0.0
2025-11-24 08:51:32,clusterB,11,4,4,0,1.00,0.5,0.5,0.0,0.0,0.0
2025-11-24 08:51:54,clusterA,11,3,3,0,1.00,0.5,0.5,0.0,0.0,0.0
2025-11-24 08:51:54,cluster_A,11,1,1,0,1.00,0.5,0.5,0.0,0.0,0.0
2025-11-24 08:51:54,clusterB,11,4,4,0,1.00,0.5,0.5,0.0,0.0,0.0
2025-11-24 08:52:16,clusterA,11,3,3,0,1.00,0.5,0.5,0.0,0.0,0.0
2025-11-24 08:52:16,cluster_A,11,1,1,0,1.00,0.5,0.5,0.0,0.0,0.0
2025-11-24 08:52:16,clusterB,11,4,4,0,1.00,0.5,0.5,0.0,0.0,0.0
2025-11-24 08:52:39,clusterA,11,3,3,0,1.00,0.5,0.5,0.0,0.0,0.0
2025-11-24 08:52:39,cluster_A,11,1,1,0,1.00,0.5,0.5,0.0,0.0,0.0
2025-11-24 08:52:39,clusterB,11,4,4,0,1.00,0.5,0.5,0.0,0.0,0.0
2025-11-24 08:53:01,clusterA,11,3,3,0,1.00,0.5,0.5,0.0,0.0,0.0
2025-11-24 08:53:01,cluster_A,11,1,1,0,1.00,0.5,0.5,0.0,0.0,0.0
2025-11-24 08:53:01,clusterB,11,4,4,0,1.00,0.5,0.5,0.0,0.0,0.0
2025-11-24 08:53:23,clusterA,11,3,3,0,1.00,0.5,0.5,0.0,0.0,0.0
2025-11-24 08:53:23,cluster_A,11,1,1,0,1.00,0.5,0.5,0.0,0.0,0.0
2025-11-24 08:53:23,clusterB,11,4,4,0,1.00,0.5,0.5,0.0,0.0,0.0
2025-11-24 08:53:45,clusterA,11,3,3,0,1.00,0.5,0.5,0.0,0.0,0.0
2025-11-24 08:53:45,cluster_A,11,1,1,0,1.00,0.5,0.5,0.0,0.0,0.0
2025-11-24 08:53:45,clusterB,11,4,4,0,1.00,0.5,0.5,0.0,0.0,0.0
2025-11-24 08:54:07,clusterA,11,3,3,0,1.00,0.5,0.5,0.0,0.0,0.0
2025-11-24 08:54:07,cluster_A,11,1,1,0,1.00,0.5,0.5,0.0,0.0,0.0
2025-11-24 08:54:07,clusterB,11,4,4,0,1.00,0.5,0.5,0.0,0.0,0.0
2025-11-24 08:54:29,clusterA,11,3,3,0,1.00,0.5,0.5,0.0,0.0,0.0
2025-11-24 08:54:29,cluster_A,11,1,1,0,1.00,0.5,0.5,0.0,0.0,0.0
2025-11-24 08:54:29,clusterB,11,4,4,0,1.00,0.5,0.5,0.0,0.0,0.0
2025-11-24 08:54:51,clusterA,11,3,3,0,1.00,0.5,0.5,0.0,0.0,0.0
2025-11-24 08:54:51,cluster_A,11,1,1,0,1.00,0.5,0.5,0.0,0.0,0.0
2025-11-24 08:54:51,clusterB,11,4,4,0,1.00,0.5,0.5,0.0,0.0,0.0
2025-11-24 08:55:12,clusterA,11,3,3,0,1.00,0.5,0.5,0.0,0.0,0.0
2025-11-24 08:55:12,cluster_A,11,1,1,0,1.00,0.5,0.5,0.0,0.0,0.0
2025-11-24 08:55:12,clusterB,11,4,4,0,1.00,0.5,0.5,0.0,0.0,0.0
2025-11-24 08:55:34,clusterA,11,3,3,0,1.00,0.5,0.5,0.0,0.0,0.0
2025-11-24 08:55:34,cluster_A,11,1,1,0,1.00,0.5,0.5,0.0,0.0,0.0
2025-11-24 08:55:34,clusterB,11,4,4,0,1.00,0.5,0.5,0.0,0.0,0.0
2025-11-24 08:55:57,clusterA,11,3,3,0,1.00,0.5,0.5,0.0,0.0,0.0
2025-11-24 08:55:57,cluster_A,11,1,1,0,1.00,0.5,0.5,0.0,0.0,0.0
2025-11-24 08:55:57,clusterB,11,4,4,0,1.00,0.5,0.5,0.0,0.0,0.0
2025-11-24 08:56:18,clusterA,11,3,3,0,1.00,0.5,0.5,0.0,0.0,0.0
2025-11-24 08:56:18,cluster_A,11,1,1,0,1.00,0.5,0.5,0.0,0.0,0.0
2025-11-24 08:56:18,clusterB,11,4,4,0,1.00,0.5,0.5,0.0,0.0,0.0
2025-11-24 08:56:41,clusterA,11,3,3,0,1.00,0.5,0.5,0.0,0.0,0.0
2025-11-24 08:56:41,cluster_A,11,1,1,0,1.00,0.5,0.5,0.0,0.0,0.0
2025-11-24 08:56:41,clusterB,11,4,4,0,1.00,0.5,0.5,0.0,0.0,0.0
2025-11-24 08:57:03,clusterA,11,3,3,0,1.00,0.5,0.5,0.0,0.0,0.0
2025-11-24 08:57:03,cluster_A,11,1,1,0,1.00,0.5,0.5,0.0,0.0,0.0
2025-11-24 08:57:03,clusterB,11,4,4,0,1.00,0.5,0.5,0.0,0.0,0.0
2025-11-24 08:57:25,clusterA,11,3,3,0,1.00,0.5,0.5,0.0,0.0,0.0
2025-11-24 08:57:25,cluster_A,11,1,1,0,1.00,0.5,0.5,0.0,0.0,0.0
2025-11-24 08:57:25,clusterB,11,4,4,0,1.00,0.5,0.5,0.0,0.0,0.0
2025-11-24 08:57:47,clusterA,11,3,3,0,1.00,0.5,0.5,0.0,0.0,0.0
2025-11-24 08:57:47,cluster_A,11,1,1,0,1.00,0.5,0.5,0.0,0.0,0.0
2025-11-24 08:57:47,clusterB,11,4,4,0,1.00,0.5,0.5,0.0,0.0,0.0
2025-11-24 08:58:10,clusterA,11,3,3,0,1.00,0.5,0.5,0.0,0.0,0.0
2025-11-24 08:58:10,cluster_A,11,1,1,0,1.00,0.5,0.5,0.0,0.0,0.0
2025-11-24 08:58:10,clusterB,11,4,4,0,1.00,0.5,0.5,0.0,0.0,0.0
2025-11-24 08:58:31,clusterA,11,3,3,0,1.00,0.5,0.5,0.0,0.0,0.0
2025-11-24 08:58:31,cluster_A,11,1,1,0,1.00,0.5,0.5,0.0,0.0,0.0
2025-11-24 08:58:31,clusterB,11,4,4,0,1.00,0.5,0.5,0.0,0.0,0.0
2025-11-24 08:58:53,clusterA,11,3,3,0,1.00,0.5,0.5,0.0,0.0,0.0
2025-11-24 08:58:53,cluster_A,11,1,1,0,1.00,0.5,0.5,0.0,0.0,0.0
2025-11-24 08:58:53,clusterB,11,4,4,0,1.00,0.5,0.5,0.0,0.0,0.0
2025-11-24 08:59:16,clusterA,11,3,3,0,1.00,0.5,0.5,0.0,0.0,0.0
2025-11-24 08:59:16,cluster_A,11,1,1,0,1.00,0.5,0.5,0.0,0.0,0.0
2025-11-24 08:59:16,clusterB,11,4,4,0,1.00,0.5,0.5,0.0,0.0,0.0
2025-11-24 08:59:37,clusterA,11,3,3,0,1.00,0.5,0.5,0.0,0.0,0.0
2025-11-24 08:59:37,cluster_A,11,1,1,0,1.00,0.5,0.5,0.0,0.0,0.0
2025-11-24 08:59:37,clusterB,11,4,4,0,1.00,0.5,0.5,0.0,0.0,0.0
2025-11-24 08:59:59,clusterA,11,3,3,0,1.00,0.5,0.5,0.0,0.0,0.0
2025-11-24 08:59:59,cluster_A,11,1,1,0,1.00,0.5,0.5,0.0,0.0,0.0
2025-11-24 08:59:59,clusterB,11,4,4,0,1.00,0.5,0.5,0.0,0.0,0.0
2025-11-24 09:00:21,clusterA,11,3,3,0,1.00,0.5,0.5,0.0,0.0,0.0
2025-11-24 09:00:21,cluster_A,11,1,1,0,1.00,0.5,0.5,0.0,0.0,0.0
2025-11-24 09:00:21,clusterB,11,4,4,0,1.00,0.5,0.5,0.0,0.0,0.0
2025-11-24 09:00:43,clusterA,11,3,3,0,1.00,0.5,0.5,0.0,0.0,0.0
2025-11-24 09:00:43,cluster_A,11,1,1,0,1.00,0.5,0.5,0.0,0.0,0.0
2025-11-24 09:00:43,clusterB,11,4,4,0,1.00,0.5,0.5,0.0,0.0,0.0
2025-11-24 09:01:05,clusterA,11,3,3,0,1.00,0.5,0.5,0.0,0.0,0.0
2025-11-24 09:01:05,cluster_A,11,1,1,0,1.00,0.5,0.5,0.0,0.0,0.0
2025-11-24 09:01:05,clusterB,11,4,4,0,1.00,0.5,0.5,0.0,0.0,0.0
2025-11-24 09:01:27,clusterA,11,3,3,0,1.00,0.5,0.5,0.0,0.0,0.0
2025-11-24 09:01:27,cluster_A,11,1,1,0,1.00,0.5,0.5,0.0,0.0,0.0
2025-11-24 09:01:27,clusterB,11,4,4,0,1.00,0.5,0.5,0.0,0.0,0.0
2025-11-24 09:01:48,clusterA,11,3,3,0,1.00,0.5,0.5,0.0,0.0,0.0
2025-11-24 09:01:48,cluster_A,11,1,1,0,1.00,0.5,0.5,0.0,0.0,0.0
2025-11-24 09:01:48,clusterB,11,4,4,0,1.00,0.5,0.5,0.0,0.0,0.0
2025-11-24 09:02:09,clusterA,11,3,3,0,1.00,0.5,0.5,0.0,0.0,0.0
2025-11-24 09:02:09,cluster_A,11,1,1,0,1.00,0.5,0.5,0.0,0.0,0.0
2025-11-24 09:02:09,clusterB,11,4,4,0,1.00,0.5,0.5,0.0,0.0,0.0
2025-11-24 09:02:31,clusterA,11,3,3,0,1.00,0.5,0.5,0.0,0.0,0.0
2025-11-24 09:02:31,cluster_A,11,1,1,0,1.00,0.5,0.5,0.0,0.0,0.0
2025-11-24 09:02:31,clusterB,11,4,4,0,1.00,0.5,0.5,0.0,0.0,0.0
2025-11-24 09:02:53,clusterA,11,3,3,0,1.00,0.5,0.5,0.0,0.0,0.0
2025-11-24 09:02:53,cluster_A,11,1,1,0,1.00,0.5,0.5,0.0,0.0,0.0
2025-11-24 09:02:53,clusterB,11,4,4,0,1.00,0.5,0.5,0.0,0.0,0.0
2025-11-24 09:03:14,clusterA,11,3,3,0,1.00,0.5,0.5,0.0,0.0,0.0
2025-11-24 09:03:14,cluster_A,11,1,1,0,1.00,0.5,0.5,0.0,0.0,0.0
2025-11-24 09:03:14,clusterB,11,4,4,0,1.00,0.5,0.5,0.0,0.0,0.0
2025-11-24 09:03:36,clusterA,11,3,3,0,1.00,0.5,0.5,0.0,0.0,0.0
2025-11-24 09:03:36,cluster_A,11,1,1,0,1.00,0.5,0.5,0.0,0.0,0.0
2025-11-24 09:03:36,clusterB,11,4,4,0,1.00,0.5,0.5,0.0,0.0,0.0
2025-11-24 09:03:57,clusterA,11,3,3,0,1.00,0.5,0.5,0.0,0.0,0.0
2025-11-24 09:03:57,cluster_A,11,1,1,0,1.00,0.5,0.5,0.0,0.0,0.0
2025-11-24 09:03:57,clusterB,11,4,4,0,1.00,0.5,0.5,0.0,0.0,0.0
2025-11-24 09:04:19,clusterA,11,3,3,0,1.00,0.5,0.5,0.0,0.0,0.0
2025-11-24 09:04:19,cluster_A,11,1,1,0,1.00,0.5,0.5,0.0,0.0,0.0
2025-11-24 09:04:19,clusterB,11,4,4,0,1.00,0.5,0.5,0.0,0.0,0.0
2025-11-24 09:04:40,clusterA,11,3,3,0,1.00,0.5,0.5,0.0,0.0,0.0
2025-11-24 09:04:40,cluster_A,11,1,1,0,1.00,0.5,0.5,0.0,0.0,0.0
2025-11-24 09:04:40,clusterB,11,4,4,0,1.00,0.5,0.5,0.0,0.0,0.0
2025-11-24 09:05:01,clusterA,11,3,3,0,1.00,0.5,0.5,0.0,0.0,0.0
2025-11-24 09:05:01,cluster_A,11,1,1,0,1.00,0.5,0.5,0.0,0.0,0.0
2025-11-24 09:05:01,clusterB,11,4,4,0,1.00,0.5,0.5,0.0,0.0,0.0
2025-11-24 09:05:23,clusterA,11,3,3,0,1.00,0.5,0.5,0.0,0.0,0.0
2025-11-24 09:05:23,cluster_A,11,1,1,0,1.00,0.5,0.5,0.0,0.0,0.0
2025-11-24 09:05:23,clusterB,11,4,4,0,1.00,0.5,0.5,0.0,0.0,0.0
2025-11-24 09:05:45,clusterA,11,3,3,0,1.00,0.5,0.5,0.0,0.0,0.0
2025-11-24 09:05:45,cluster_A,11,1,1,0,1.00,0.5,0.5,0.0,0.0,0.0
2025-11-24 09:05:45,clusterB,11,4,4,0,1.00,0.5,0.5,0.0,0.0,0.0
2025-11-24 09:06:07,clusterA,11,3,3,0,1.00,0.5,0.5,0.0,0.0,0.0
2025-11-24 09:06:07,cluster_A,11,1,1,0,1.00,0.5,0.5,0.0,0.0,0.0
2025-11-24 09:06:07,clusterB,11,4,4,0,1.00,0.5,0.5,0.0,0.0,0.0
2025-11-24 09:06:29,clusterA,11,3,3,0,1.00,0.5,0.5,0.0,0.0,0.0
2025-11-24 09:06:29,cluster_A,11,1,1,0,1.00,0.5,0.5,0.0,0.0,0.0
2025-11-24 09:06:29,clusterB,11,4,4,0,1.00,0.5,0.5,0.0,0.0,0.0
2025-11-24 09:06:50,clusterA,11,3,3,0,1.00,0.5,0.5,0.0,0.0,0.0
2025-11-24 09:06:50,cluster_A,11,1,1,0,1.00,0.5,0.5,0.0,0.0,0.0
2025-11-24 09:06:50,clusterB,11,4,4,0,1.00,0.5,0.5,0.0,0.0,0.0
2025-11-24 09:07:12,clusterA,11,3,3,0,1.00,0.5,0.5,0.0,0.0,0.0
2025-11-24 09:07:12,cluster_A,11,1,1,0,1.00,0.5,0.5,0.0,0.0,0.0
2025-11-24 09:07:12,clusterB,11,4,4,0,1.00,0.5,0.5,0.0,0.0,0.0
2025-11-24 09:07:34,clusterA,11,3,3,0,1.00,0.5,0.5,0.0,0.0,0.0
2025-11-24 09:07:34,cluster_A,11,1,1,0,1.00,0.5,0.5,0.0,0.0,0.0
2025-11-24 09:07:34,clusterB,11,4,4,0,1.00,0.5,0.5,0.0,0.0,0.0
2025-11-24 09:07:56,clusterA,11,3,3,0,1.00,0.5,0.5,0.0,0.0,0.0
2025-11-24 09:07:56,cluster_A,11,1,1,0,1.00,0.5,0.5,0.0,0.0,0.0
2025-11-24 09:07:56,clusterB,11,4,4,0,1.00,0.5,0.5,0.0,0.0,0.0
2025-11-24 09:08:18,clusterA,11,3,3,0,1.00,0.5,0.5,0.0,0.0,0.0
2025-11-24 09:08:18,cluster_A,11,1,1,0,1.00,0.5,0.5,0.0,0.0,0.0
2025-11-24 09:08:18,clusterB,11,4,4,0,1.00,0.5,0.5,0.0,0.0,0.0
2025-11-24 09:08:40,clusterA,11,3,3,0,1.00,0.5,0.5,0.0,0.0,0.0
2025-11-24 09:08:40,cluster_A,11,1,1,0,1.00,0.5,0.5,0.0,0.0,0.0
2025-11-24 09:08:40,clusterB,11,4,4,0,1.00,0.5,0.5,0.0,0.0,0.0
2025-11-24 09:09:02,clusterA,11,3,3,0,1.00,0.5,0.5,0.0,0.0,0.0
2025-11-24 09:09:02,cluster_A,11,1,1,0,1.00,0.5,0.5,0.0,0.0,0.0
2025-11-24 09:09:02,clusterB,11,4,4,0,1.00,0.5,0.5,0.0,0.0,0.0
2025-11-24 09:09:24,clusterA,11,3,3,0,1.00,0.5,0.5,0.0,0.0,0.0
2025-11-24 09:09:24,cluster_A,11,1,1,0,1.00,0.5,0.5,0.0,0.0,0.0
2025-11-24 09:09:24,clusterB,11,4,4,0,1.00,0.5,0.5,0.0,0.0,0.0
2025-11-24 09:09:45,clusterA,11,3,3,0,1.00,0.5,0.5,0.0,0.0,0.0
2025-11-24 09:09:45,cluster_A,11,1,1,0,1.00,0.5,0.5,0.0,0.0,0.0
2025-11-24 09:09:45,clusterB,11,4,4,0,1.00,0.5,0.5,0.0,0.0,0.0
2025-11-24 09:10:07,clusterA,11,3,3,0,1.00,0.5,0.5,0.0,0.0,0.0
2025-11-24 09:10:07,cluster_A,11,1,1,0,1.00,0.5,0.5,0.0,0.0,0.0
2025-11-24 09:10:07,clusterB,11,4,4,0,1.00,0.5,0.5,0.0,0.0,0.0
2025-11-24 09:10:29,clusterA,11,3,3,0,1.00,0.5,0.5,0.0,0.0,0.0
2025-11-24 09:10:29,cluster_A,11,1,1,0,1.00,0.5,0.5,0.0,0.0,0.0
2025-11-24 09:10:29,clusterB,11,4,4,0,1.00,0.5,0.5,0.0,0.0,0.0
2025-11-24 09:10:51,clusterA,11,3,3,0,1.00,0.5,0.5,0.0,0.0,0.0
2025-11-24 09:10:51,cluster_A,11,1,1,0,1.00,0.5,0.5,0.0,0.0,0.0
2025-11-24 09:10:51,clusterB,11,4,4,0,1.00,0.5,0.5,0.0,0.0,0.0
2025-11-24 09:11:13,clusterA,11,3,3,0,1.00,0.5,0.5,0.0,0.0,0.0
2025-11-24 09:11:13,cluster_A,11,1,1,0,1.00,0.5,0.5,0.0,0.0,0.0
2025-11-24 09:11:13,clusterB,11,4,4,0,1.00,0.5,0.5,0.0,0.0,0.0
2025-11-24 09:11:34,clusterA,11,3,3,0,1.00,0.5,0.5,0.0,0.0,0.0
2025-11-24 09:11:34,cluster_A,11,1,1,0,1.00,0.5,0.5,0.0,0.0,0.0
2025-11-24 09:11:34,clusterB,11,4,4,0,1.00,0.5,0.5,0.0,0.0,0.0
2025-11-24 09:11:56,clusterA,11,3,3,0,1.00,0.5,0.5,0.0,0.0,0.0
2025-11-24 09:11:56,cluster_A,11,1,1,0,1.00,0.5,0.5,0.0,0.0,0.0
2025-11-24 09:11:56,clusterB,11,4,4,0,1.00,0.5,0.5,0.0,0.0,0.0
2025-11-24 09:12:18,clusterA,11,3,3,0,1.00,0.5,0.5,0.0,0.0,0.0
2025-11-24 09:12:18,cluster_A,11,1,1,0,1.00,0.5,0.5,0.0,0.0,0.0
2025-11-24 09:12:18,clusterB,11,4,4,0,1.00,0.5,0.5,0.0,0.0,0.0
2025-11-24 09:12:39,clusterA,11,3,3,0,1.00,0.5,0.5,0.0,0.0,0.0
2025-11-24 09:12:39,cluster_A,11,1,1,0,1.00,0.5,0.5,0.0,0.0,0.0
2025-11-24 09:12:39,clusterB,11,4,4,0,1.00,0.5,0.5,0.0,0.0,0.0
2025-11-24 09:13:01,clusterA,11,3,3,0,1.00,0.5,0.5,0.0,0.0,0.0
2025-11-24 09:13:01,cluster_A,11,1,1,0,1.00,0.5,0.5,0.0,0.0,0.0
2025-11-24 09:13:01,clusterB,11,4,4,0,1.00,0.5,0.5,0.0,0.0,0.0
2025-11-24 09:13:23,clusterA,11,3,3,0,1.00,0.5,0.5,0.0,0.0,0.0
2025-11-24 09:13:23,cluster_A,11,1,1,0,1.00,0.5,0.5,0.0,0.0,0.0
2025-11-24 09:13:23,clusterB,11,4,4,0,1.00,0.5,0.5,0.0,0.0,0.0
2025-11-24 09:13:44,clusterA,11,3,3,0,1.00,0.5,0.5,0.0,0.0,0.0
2025-11-24 09:13:44,cluster_A,11,1,1,0,1.00,0.5,0.5,0.0,0.0,0.0
2025-11-24 09:13:44,clusterB,11,4,4,0,1.00,0.5,0.5,0.0,0.0,0.0
2025-11-24 09:14:06,clusterA,11,3,3,0,1.00,0.5,0.5,0.0,0.0,0.0
2025-11-24 09:14:06,cluster_A,11,1,1,0,1.00,0.5,0.5,0.0,0.0,0.0
2025-11-24 09:14:06,clusterB,11,4,4,0,1.00,0.5,0.5,0.0,0.0,0.0
2025-11-24 09:14:28,clusterA,11,3,3,0,1.00,0.5,0.5,0.0,0.0,0.0
2025-11-24 09:14:28,cluster_A,11,1,1,0,1.00,0.5,0.5,0.0,0.0,0.0
2025-11-24 09:14:28,clusterB,11,4,4,0,1.00,0.5,0.5,0.0,0.0,0.0
2025-11-24 09:14:50,clusterA,11,3,3,0,1.00,0.5,0.5,0.0,0.0,0.0
2025-11-24 09:14:50,cluster_A,11,1,1,0,1.00,0.5,0.5,0.0,0.0,0.0
2025-11-24 09:14:50,clusterB,11,4,4,0,1.00,0.5,0.5,0.0,0.0,0.0
2025-11-24 09:15:11,clusterA,11,3,3,0,1.00,0.5,0.5,0.0,0.0,0.0
2025-11-24 09:15:11,cluster_A,11,1,1,0,1.00,0.5,0.5,0.0,0.0,0.0
2025-11-24 09:15:11,clusterB,11,4,4,0,1.00,0.5,0.5,0.0,0.0,0.0
2025-11-24 09:15:33,clusterA,11,3,3,0,1.00,0.5,0.5,0.0,0.0,0.0
2025-11-24 09:15:33,cluster_A,11,1,1,0,1.00,0.5,0.5,0.0,0.0,0.0
2025-11-24 09:15:33,clusterB,11,4,4,0,1.00,0.5,0.5,0.0,0.0,0.0
2025-11-24 09:15:55,clusterA,11,3,3,0,1.00,0.5,0.5,0.0,0.0,0.0
2025-11-24 09:15:55,cluster_A,11,1,1,0,1.00,0.5,0.5,0.0,0.0,0.0
2025-11-24 09:15:55,clusterB,11,4,4,0,1.00,0.5,0.5,0.0,0.0,0.0
2025-11-24 09:16:17,clusterA,11,3,3,0,1.00,0.5,0.5,0.0,0.0,0.0
2025-11-24 09:16:17,cluster_A,11,1,1,0,1.00,0.5,0.5,0.0,0.0,0.0
2025-11-24 09:16:17,clusterB,11,4,4,0,1.00,0.5,0.5,0.0,0.0,0.0
2025-11-24 09:16:39,clusterA,11,3,3,0,1.00,0.5,0.5,0.0,0.0,0.0
2025-11-24 09:16:39,cluster_A,11,1,1,0,1.00,0.5,0.5,0.0,0.0,0.0
2025-11-24 09:16:39,clusterB,11,4,4,0,1.00,0.5,0.5,0.0,0.0,0.0
2025-11-24 09:17:01,clusterA,11,3,3,0,1.00,0.5,0.5,0.0,0.0,0.0
2025-11-24 09:17:01,cluster_A,11,1,1,0,1.00,0.5,0.5,0.0,0.0,0.0
2025-11-24 09:17:01,clusterB,11,4,4,0,1.00,0.5,0.5,0.0,0.0,0.0
2025-11-24 09:17:23,clusterA,11,3,3,0,1.00,0.5,0.5,0.0,0.0,0.0
2025-11-24 09:17:23,cluster_A,11,1,1,0,1.00,0.5,0.5,0.0,0.0,0.0
2025-11-24 09:17:23,clusterB,11,4,4,0,1.00,0.5,0.5,0.0,0.0,0.0
2025-11-24 09:17:46,clusterA,11,3,3,0,1.00,0.5,0.5,0.0,0.0,0.0
2025-11-24 09:17:46,cluster_A,11,1,1,0,1.00,0.5,0.5,0.0,0.0,0.0
2025-11-24 09:17:46,clusterB,11,4,4,0,1.00,0.5,0.5,0.0,0.0,0.0
2025-11-24 09:18:08,clusterA,11,3,3,0,1.00,0.5,0.5,0.0,0.0,0.0
2025-11-24 09:18:08,cluster_A,11,1,1,0,1.00,0.5,0.5,0.0,0.0,0.0
2025-11-24 09:18:08,clusterB,11,4,4,0,1.00,0.5,0.5,0.0,0.0,0.0
2025-11-24 09:18:30,clusterA,11,3,3,0,1.00,0.5,0.5,0.0,0.0,0.0
2025-11-24 09:18:30,cluster_A,11,1,1,0,1.00,0.5,0.5,0.0,0.0,0.0
2025-11-24 09:18:30,clusterB,11,4,4,0,1.00,0.5,0.5,0.0,0.0,0.0
2025-11-24 09:18:52,clusterA,11,3,3,0,1.00,0.5,0.5,0.0,0.0,0.0
2025-11-24 09:18:52,cluster_A,11,1,1,0,1.00,0.5,0.5,0.0,0.0,0.0
2025-11-24 09:18:52,clusterB,11,4,4,0,1.00,0.5,0.5,0.0,0.0,0.0
2025-11-24 09:19:14,clusterA,11,3,3,0,1.00,0.5,0.5,0.0,0.0,0.0
2025-11-24 09:19:14,cluster_A,11,1,1,0,1.00,0.5,0.5,0.0,0.0,0.0
2025-11-24 09:19:14,clusterB,11,4,4,0,1.00,0.5,0.5,0.0,0.0,0.0
2025-11-24 09:19:37,clusterA,11,3,3,0,1.00,0.5,0.5,0.0,0.0,0.0
2025-11-24 09:19:37,cluster_A,11,1,1,0,1.00,0.5,0.5,0.0,0.0,0.0
2025-11-24 09:19:37,clusterB,11,4,4,0,1.00,0.5,0.5,0.0,0.0,0.0
2025-11-24 09:19:59,clusterA,11,3,3,0,1.00,0.5,0.5,0.0,0.0,0.0
2025-11-24 09:19:59,cluster_A,11,1,1,0,1.00,0.5,0.5,0.0,0.0,0.0
2025-11-24 09:19:59,clusterB,11,4,4,0,1.00,0.5,0.5,0.0,0.0,0.0
2025-11-24 09:20:22,clusterA,11,3,3,0,1.00,0.5,0.5,0.0,0.0,0.0
2025-11-24 09:20:22,cluster_A,11,1,1,0,1.00,0.5,0.5,0.0,0.0,0.0
2025-11-24 09:20:22,clusterB,11,4,4,0,1.00,0.5,0.5,0.0,0.0,0.0
2025-11-24 09:20:44,clusterA,11,3,3,0,1.00,0.5,0.5,0.0,0.0,0.0
2025-11-24 09:20:44,cluster_A,11,1,1,0,1.00,0.5,0.5,0.0,0.0,0.0
2025-11-24 09:20:44,clusterB,11,4,4,0,1.00,0.5,0.5,0.0,0.0,0.0
2025-11-24 09:21:06,clusterA,11,3,3,0,1.00,0.5,0.5,0.0,0.0,0.0
2025-11-24 09:21:06,cluster_A,11,1,1,0,1.00,0.5,0.5,0.0,0.0,0.0
2025-11-24 09:21:06,clusterB,11,4,4,0,1.00,0.5,0.5,0.0,0.0,0.0
2025-11-24 09:21:29,clusterA,11,3,3,0,1.00,0.5,0.5,0.0,0.0,0.0
2025-11-24 09:21:29,cluster_A,11,1,1,0,1.00,0.5,0.5,0.0,0.0,0.0
2025-11-24 09:21:29,clusterB,11,4,4,0,1.00,0.5,0.5,0.0,0.0,0.0
2025-11-24 09:21:51,clusterA,11,3,3,0,1.00,0.5,0.5,0.0,0.0,0.0
2025-11-24 09:21:51,cluster_A,11,1,1,0,1.00,0.5,0.5,0.0,0.0,0.0
2025-11-24 09:21:51,clusterB,11,4,4,0,1.00,0.5,0.5,0.0,0.0,0.0
2025-11-24 09:22:15,clusterA,11,3,3,0,1.00,0.5,0.5,0.0,0.0,0.0
2025-11-24 09:22:15,cluster_A,11,1,1,0,1.00,0.5,0.5,0.0,0.0,0.0
2025-11-24 09:22:15,clusterB,11,4,4,0,1.00,0.5,0.5,0.0,0.0,0.0
2025-11-24 09:22:37,clusterA,11,3,3,0,1.00,0.5,0.5,0.0,0.0,0.0
2025-11-24 09:22:37,cluster_A,11,1,1,0,1.00,0.5,0.5,0.0,0.0,0.0
2025-11-24 09:22:37,clusterB,11,4,4,0,1.00,0.5,0.5,0.0,0.0,0.0
2025-11-24 09:22:59,clusterA,11,3,3,0,1.00,0.5,0.5,0.0,0.0,0.0
2025-11-24 09:22:59,cluster_A,11,1,1,0,1.00,0.5,0.5,0.0,0.0,0.0
2025-11-24 09:22:59,clusterB,11,4,4,0,1.00,0.5,0.5,0.0,0.0,0.0
2025-11-24 09:23:21,clusterA,11,3,3,0,1.00,0.5,0.5,0.0,0.0,0.0
2025-11-24 09:23:21,cluster_A,11,1,1,0,1.00,0.5,0.5,0.0,0.0,0.0
2025-11-24 09:23:21,clusterB,11,4,4,0,1.00,0.5,0.5,0.0,0.0,0.0
2025-11-24 09:23:43,clusterA,11,3,3,0,1.00,0.5,0.5,0.0,0.0,0.0
2025-11-24 09:23:43,cluster_A,11,1,1,0,1.00,0.5,0.5,0.0,0.0,0.0
2025-11-24 09:23:43,clusterB,11,4,4,0,1.00,0.5,0.5,0.0,0.0,0.0
2025-11-24 09:24:05,clusterA,11,3,3,0,1.00,0.5,0.5,0.0,0.0,0.0
2025-11-24 09:24:05,cluster_A,11,1,1,0,1.00,0.5,0.5,0.0,0.0,0.0
2025-11-24 09:24:05,clusterB,11,4,4,0,1.00,0.5,0.5,0.0,0.0,0.0
2025-11-24 09:24:28,clusterA,11,3,3,0,1.00,0.5,0.5,0.0,0.0,0.0
2025-11-24 09:24:28,cluster_A,11,1,1,0,1.00,0.5,0.5,0.0,0.0,0.0
2025-11-24 09:24:28,clusterB,11,4,4,0,1.00,0.5,0.5,0.0,0.0,0.0
2025-11-24 09:24:50,clusterA,11,3,3,0,1.00,0.5,0.5,0.0,0.0,0.0
2025-11-24 09:24:50,cluster_A,11,1,1,0,1.00,0.5,0.5,0.0,0.0,0.0
2025-11-24 09:24:50,clusterB,11,4,4,0,1.00,0.5,0.5,0.0,0.0,0.0
2025-11-24 09:25:12,clusterA,11,3,3,0,1.00,0.5,0.5,0.0,0.0,0.0
2025-11-24 09:25:12,cluster_A,11,1,1,0,1.00,0.5,0.5,0.0,0.0,0.0
2025-11-24 09:25:12,clusterB,11,4,4,0,1.00,0.5,0.5,0.0,0.0,0.0
2025-11-24 09:25:34,clusterA,11,3,3,0,1.00,0.5,0.5,0.0,0.0,0.0
2025-11-24 09:25:34,cluster_A,11,1,1,0,1.00,0.5,0.5,0.0,0.0,0.0
2025-11-24 09:25:34,clusterB,11,4,4,0,1.00,0.5,0.5,0.0,0.0,0.0
2025-11-24 09:25:57,clusterA,11,3,3,0,1.00,0.5,0.5,0.0,0.0,0.0
2025-11-24 09:25:57,cluster_A,11,1,1,0,1.00,0.5,0.5,0.0,0.0,0.0
2025-11-24 09:25:57,clusterB,11,4,4,0,1.00,0.5,0.5,0.0,0.0,0.0
2025-11-24 09:26:19,clusterA,11,3,3,0,1.00,0.5,0.5,0.0,0.0,0.0
2025-11-24 09:26:19,cluster_A,11,1,1,0,1.00,0.5,0.5,0.0,0.0,0.0
2025-11-24 09:26:19,clusterB,11,4,4,0,1.00,0.5,0.5,0.0,0.0,0.0
2025-11-24 09:26:41,clusterA,11,3,3,0,1.00,0.5,0.5,0.0,0.0,0.0
2025-11-24 09:26:41,cluster_A,11,1,1,0,1.00,0.5,0.5,0.0,0.0,0.0
2025-11-24 09:26:41,clusterB,11,4,4,0,1.00,0.5,0.5,0.0,0.0,0.0
2025-11-24 09:27:03,clusterA,11,3,3,0,1.00,0.5,0.5,0.0,0.0,0.0
2025-11-24 09:27:03,cluster_A,11,1,1,0,1.00,0.5,0.5,0.0,0.0,0.0
2025-11-24 09:27:03,clusterB,11,4,4,0,1.00,0.5,0.5,0.0,0.0,0.0
2025-11-24 09:27:26,clusterA,11,3,3,0,1.00,0.5,0.5,0.0,0.0,0.0
2025-11-24 09:27:26,cluster_A,11,1,1,0,1.00,0.5,0.5,0.0,0.0,0.0
2025-11-24 09:27:26,clusterB,11,4,4,0,1.00,0.5,0.5,0.0,0.0,0.0
2025-11-24 09:27:48,clusterA,11,3,3,0,1.00,0.5,0.5,0.0,0.0,0.0
2025-11-24 09:27:48,cluster_A,11,1,1,0,1.00,0.5,0.5,0.0,0.0,0.0
2025-11-24 09:27:48,clusterB,11,4,4,0,1.00,0.5,0.5,0.0,0.0,0.0
2025-11-24 09:28:10,clusterA,11,3,3,0,1.00,0.5,0.5,0.0,0.0,0.0
2025-11-24 09:28:10,cluster_A,11,1,1,0,1.00,0.5,0.5,0.0,0.0,0.0
2025-11-24 09:28:10,clusterB,11,4,4,0,1.00,0.5,0.5,0.0,0.0,0.0
2025-11-24 09:28:31,clusterA,11,3,3,0,1.00,0.5,0.5,0.0,0.0,0.0
2025-11-24 09:28:31,cluster_A,11,1,1,0,1.00,0.5,0.5,0.0,0.0,0.0
2025-11-24 09:28:31,clusterB,11,4,4,0,1.00,0.5,0.5,0.0,0.0,0.0
2025-11-24 09:28:53,clusterA,11,3,3,0,1.00,0.5,0.5,0.0,0.0,0.0
2025-11-24 09:28:53,cluster_A,11,1,1,0,1.00,0.5,0.5,0.0,0.0,0.0
2025-11-24 09:28:53,clusterB,11,4,4,0,1.00,0.5,0.5,0.0,0.0,0.0
2025-11-24 09:29:14,clusterA,11,3,3,0,1.00,0.5,0.5,0.0,0.0,0.0
2025-11-24 09:29:14,cluster_A,11,1,1,0,1.00,0.5,0.5,0.0,0.0,0.0
2025-11-24 09:29:14,clusterB,11,4,4,0,1.00,0.5,0.5,0.0,0.0,0.0
2025-11-24 09:29:37,clusterA,11,3,3,0,1.00,0.5,0.5,0.0,0.0,0.0
2025-11-24 09:29:37,cluster_A,11,1,1,0,1.00,0.5,0.5,0.0,0.0,0.0
2025-11-24 09:29:37,clusterB,11,4,4,0,1.00,0.5,0.5,0.0,0.0,0.0
2025-11-24 09:29:58,clusterA,11,3,3,0,1.00,0.5,0.5,0.0,0.0,0.0
2025-11-24 09:29:58,cluster_A,11,1,1,0,1.00,0.5,0.5,0.0,0.0,0.0
2025-11-24 09:29:58,clusterB,11,4,4,0,1.00,0.5,0.5,0.0,0.0,0.0
2025-11-24 09:30:20,clusterA,11,3,3,0,1.00,0.5,0.5,0.0,0.0,0.0
2025-11-24 09:30:20,cluster_A,11,1,1,0,1.00,0.5,0.5,0.0,0.0,0.0
2025-11-24 09:30:20,clusterB,11,4,4,0,1.00,0.5,0.5,0.0,0.0,0.0
2025-11-24 09:30:42,clusterA,11,3,3,0,1.00,0.5,0.5,0.0,0.0,0.0
2025-11-24 09:30:42,cluster_A,11,1,1,0,1.00,0.5,0.5,0.0,0.0,0.0
2025-11-24 09:30:42,clusterB,11,4,4,0,1.00,0.5,0.5,0.0,0.0,0.0
2025-11-24 09:31:04,clusterA,11,3,3,0,1.00,0.5,0.5,0.0,0.0,0.0
2025-11-24 09:31:04,cluster_A,11,1,1,0,1.00,0.5,0.5,0.0,0.0,0.0
2025-11-24 09:31:04,clusterB,11,4,4,0,1.00,0.5,0.5,0.0,0.0,0.0
2025-11-24 09:31:25,clusterA,11,3,3,0,1.00,0.5,0.5,0.0,0.0,0.0
2025-11-24 09:31:25,cluster_A,11,1,1,0,1.00,0.5,0.5,0.0,0.0,0.0
2025-11-24 09:31:25,clusterB,11,4,4,0,1.00,0.5,0.5,0.0,0.0,0.0
2025-11-24 09:31:47,clusterA,11,3,3,0,1.00,0.5,0.5,0.0,0.0,0.0
2025-11-24 09:31:47,cluster_A,11,1,1,0,1.00,0.5,0.5,0.0,0.0,0.0
2025-11-24 09:31:47,clusterB,11,4,4,0,1.00,0.5,0.5,0.0,0.0,0.0
2025-11-24 09:32:10,clusterA,11,3,3,0,1.00,0.5,0.5,0.0,0.0,0.0
2025-11-24 09:32:10,cluster_A,11,1,1,0,1.00,0.5,0.5,0.0,0.0,0.0
2025-11-24 09:32:10,clusterB,11,4,4,0,1.00,0.5,0.5,0.0,0.0,0.0
2025-11-24 09:32:32,clusterA,11,3,3,0,1.00,0.5,0.5,0.0,0.0,0.0
2025-11-24 09:32:32,cluster_A,11,1,1,0,1.00,0.5,0.5,0.0,0.0,0.0
2025-11-24 09:32:32,clusterB,11,4,4,0,1.00,0.5,0.5,0.0,0.0,0.0
2025-11-24 09:32:55,clusterA,11,3,3,0,1.00,0.5,0.5,0.0,0.0,0.0
2025-11-24 09:32:55,cluster_A,11,1,1,0,1.00,0.5,0.5,0.0,0.0,0.0
2025-11-24 09:32:55,clusterB,11,4,4,0,1.00,0.5,0.5,0.0,0.0,0.0
2025-11-24 09:33:17,clusterA,11,3,3,0,1.00,0.5,0.5,0.0,0.0,0.0
2025-11-24 09:33:17,cluster_A,11,1,1,0,1.00,0.5,0.5,0.0,0.0,0.0
2025-11-24 09:33:17,clusterB,11,4,4,0,1.00,0.5,0.5,0.0,0.0,0.0
2025-11-24 09:33:39,clusterA,11,3,3,0,1.00,0.5,0.5,0.0,0.0,0.0
2025-11-24 09:33:39,cluster_A,11,1,1,0,1.00,0.5,0.5,0.0,0.0,0.0
2025-11-24 09:33:39,clusterB,11,4,4,0,1.00,0.5,0.5,0.0,0.0,0.0
2025-11-24 09:34:02,clusterA,11,3,3,0,1.00,0.5,0.5,0.0,0.0,0.0
2025-11-24 09:34:02,cluster_A,11,1,1,0,1.00,0.5,0.5,0.0,0.0,0.0
2025-11-24 09:34:02,clusterB,11,4,4,0,1.00,0.5,0.5,0.0,0.0,0.0
2025-11-24 09:34:25,clusterA,11,3,3,0,1.00,0.5,0.5,0.0,0.0,0.0
2025-11-24 09:34:25,cluster_A,11,1,1,0,1.00,0.5,0.5,0.0,0.0,0.0
2025-11-24 09:34:25,clusterB,11,4,4,0,1.00,0.5,0.5,0.0,0.0,0.0
2025-11-24 09:34:47,clusterA,11,3,3,0,1.00,0.5,0.5,0.0,0.0,0.0
2025-11-24 09:34:47,cluster_A,11,1,1,0,1.00,0.5,0.5,0.0,0.0,0.0
2025-11-24 09:34:47,clusterB,11,4,4,0,1.00,0.5,0.5,0.0,0.0,0.0
2025-11-24 09:35:08,clusterA,11,3,3,0,1.00,0.5,0.5,0.0,0.0,0.0
2025-11-24 09:35:08,cluster_A,11,1,1,0,1.00,0.5,0.5,0.0,0.0,0.0
2025-11-24 09:35:08,clusterB,11,4,4,0,1.00,0.5,0.5,0.0,0.0,0.0
2025-11-24 09:35:31,clusterA,11,3,3,0,1.00,0.5,0.5,0.0,0.0,0.0
2025-11-24 09:35:31,cluster_A,11,1,1,0,1.00,0.5,0.5,0.0,0.0,0.0
2025-11-24 09:35:31,clusterB,11,4,4,0,1.00,0.5,0.5,0.0,0.0,0.0
2025-11-24 09:35:53,clusterA,11,3,3,0,1.00,0.5,0.5,0.0,0.0,0.0
2025-11-24 09:35:53,cluster_A,11,1,1,0,1.00,0.5,0.5,0.0,0.0,0.0
2025-11-24 09:35:53,clusterB,11,4,4,0,1.00,0.5,0.5,0.0,0.0,0.0
2025-11-24 09:36:15,clusterA,11,3,3,0,1.00,0.5,0.5,0.0,0.0,0.0
2025-11-24 09:36:15,cluster_A,11,1,1,0,1.00,0.5,0.5,0.0,0.0,0.0
2025-11-24 09:36:15,clusterB,11,4,4,0,1.00,0.5,0.5,0.0,0.0,0.0
2025-11-24 09:36:38,clusterA,11,3,3,0,1.00,0.5,0.5,0.0,0.0,0.0
2025-11-24 09:36:38,cluster_A,11,1,1,0,1.00,0.5,0.5,0.0,0.0,0.0
2025-11-24 09:36:38,clusterB,11,4,4,0,1.00,0.5,0.5,0.0,0.0,0.0
2025-11-24 09:37:00,clusterA,11,3,3,0,1.00,0.5,0.5,0.0,0.0,0.0
2025-11-24 09:37:00,cluster_A,11,1,1,0,1.00,0.5,0.5,0.0,0.0,0.0
2025-11-24 09:37:00,clusterB,11,4,4,0,1.00,0.5,0.5,0.0,0.0,0.0
2025-11-24 09:37:21,clusterA,11,3,3,0,1.00,0.5,0.5,0.0,0.0,0.0
2025-11-24 09:37:21,cluster_A,11,1,1,0,1.00,0.5,0.5,0.0,0.0,0.0
2025-11-24 09:37:21,clusterB,11,4,4,0,1.00,0.5,0.5,0.0,0.0,0.0
2025-11-24 09:37:43,clusterA,11,3,3,0,1.00,0.5,0.5,0.0,0.0,0.0
2025-11-24 09:37:43,cluster_A,11,1,1,0,1.00,0.5,0.5,0.0,0.0,0.0
2025-11-24 09:37:43,clusterB,11,4,4,0,1.00,0.5,0.5,0.0,0.0,0.0
2025-11-24 09:38:05,clusterA,11,3,3,0,1.00,0.5,0.5,0.0,0.0,0.0
2025-11-24 09:38:05,cluster_A,11,1,1,0,1.00,0.5,0.5,0.0,0.0,0.0
2025-11-24 09:38:05,clusterB,11,4,4,0,1.00,0.5,0.5,0.0,0.0,0.0
2025-11-24 09:38:26,clusterA,11,3,3,0,1.00,0.5,0.5,0.0,0.0,0.0
2025-11-24 09:38:26,cluster_A,11,1,1,0,1.00,0.5,0.5,0.0,0.0,0.0
2025-11-24 09:38:26,clusterB,11,4,4,0,1.00,0.5,0.5,0.0,0.0,0.0
2025-11-24 09:38:47,clusterA,11,3,3,0,1.00,0.5,0.5,0.0,0.0,0.0
2025-11-24 09:38:47,cluster_A,11,1,1,0,1.00,0.5,0.5,0.0,0.0,0.0
2025-11-24 09:38:47,clusterB,11,4,4,0,1.00,0.5,0.5,0.0,0.0,0.0
2025-11-24 09:39:09,clusterA,11,3,3,0,1.00,0.5,0.5,0.0,0.0,0.0
2025-11-24 09:39:09,cluster_A,11,1,1,0,1.00,0.5,0.5,0.0,0.0,0.0
2025-11-24 09:39:09,clusterB,11,4,4,0,1.00,0.5,0.5,0.0,0.0,0.0
2025-11-24 09:39:31,clusterA,11,3,3,0,1.00,0.5,0.5,0.0,0.0,0.0
2025-11-24 09:39:31,cluster_A,11,1,1,0,1.00,0.5,0.5,0.0,0.0,0.0
2025-11-24 09:39:31,clusterB,11,4,4,0,1.00,0.5,0.5,0.0,0.0,0.0
2025-11-24 09:39:54,clusterA,11,3,3,0,1.00,0.5,0.5,0.0,0.0,0.0
2025-11-24 09:39:54,cluster_A,11,1,1,0,1.00,0.5,0.5,0.0,0.0,0.0
2025-11-24 09:39:54,clusterB,11,4,4,0,1.00,0.5,0.5,0.0,0.0,0.0
2025-11-24 09:40:16,clusterA,11,3,3,0,1.00,0.5,0.5,0.0,0.0,0.0
2025-11-24 09:40:16,cluster_A,11,1,1,0,1.00,0.5,0.5,0.0,0.0,0.0
2025-11-24 09:40:16,clusterB,11,4,4,0,1.00,0.5,0.5,0.0,0.0,0.0
2025-11-24 09:40:38,clusterA,11,3,3,0,1.00,0.5,0.5,0.0,0.0,0.0
2025-11-24 09:40:38,cluster_A,11,1,1,0,1.00,0.5,0.5,0.0,0.0,0.0
2025-11-24 09:40:38,clusterB,11,4,4,0,1.00,0.5,0.5,0.0,0.0,0.0
2025-11-24 09:41:00,clusterA,11,3,3,0,1.00,0.5,0.5,0.0,0.0,0.0
2025-11-24 09:41:00,cluster_A,11,1,1,0,1.00,0.5,0.5,0.0,0.0,0.0
2025-11-24 09:41:00,clusterB,11,4,4,0,1.00,0.5,0.5,0.0,0.0,0.0
2025-11-24 09:41:23,clusterA,11,3,3,0,1.00,0.5,0.5,0.0,0.0,0.0
2025-11-24 09:41:23,cluster_A,11,1,1,0,1.00,0.5,0.5,0.0,0.0,0.0
2025-11-24 09:41:23,clusterB,11,4,4,0,1.00,0.5,0.5,0.0,0.0,0.0
2025-11-24 09:41:46,clusterA,11,3,3,0,1.00,0.5,0.5,0.0,0.0,0.0
2025-11-24 09:41:46,cluster_A,11,1,1,0,1.00,0.5,0.5,0.0,0.0,0.0
2025-11-24 09:41:46,clusterB,11,4,4,0,1.00,0.5,0.5,0.0,0.0,0.0
2025-11-24 09:42:08,clusterA,11,3,3,0,1.00,0.5,0.5,0.0,0.0,0.0
2025-11-24 09:42:08,cluster_A,11,1,1,0,1.00,0.5,0.5,0.0,0.0,0.0
2025-11-24 09:42:08,clusterB,11,4,4,0,1.00,0.5,0.5,0.0,0.0,0.0
2025-11-24 09:42:31,clusterA,11,3,3,0,1.00,0.5,0.5,0.0,0.0,0.0
2025-11-24 09:42:31,cluster_A,11,1,1,0,1.00,0.5,0.5,0.0,0.0,0.0
2025-11-24 09:42:31,clusterB,11,4,4,0,1.00,0.5,0.5,0.0,0.0,0.0
2025-11-24 09:42:54,clusterA,11,3,3,0,1.00,0.5,0.5,0.0,0.0,0.0
2025-11-24 09:42:54,cluster_A,11,1,1,0,1.00,0.5,0.5,0.0,0.0,0.0
2025-11-24 09:42:54,clusterB,11,4,4,0,1.00,0.5,0.5,0.0,0.0,0.0
2025-11-24 09:43:16,clusterA,11,3,3,0,1.00,0.5,0.5,0.0,0.0,0.0
2025-11-24 09:43:16,cluster_A,11,1,1,0,1.00,0.5,0.5,0.0,0.0,0.0
2025-11-24 09:43:16,clusterB,11,4,4,0,1.00,0.5,0.5,0.0,0.0,0.0
2025-11-24 09:43:38,clusterA,11,3,3,0,1.00,0.5,0.5,0.0,0.0,0.0
2025-11-24 09:43:38,cluster_A,11,1,1,0,1.00,0.5,0.5,0.0,0.0,0.0
2025-11-24 09:43:38,clusterB,11,4,4,0,1.00,0.5,0.5,0.0,0.0,0.0
2025-11-24 09:44:00,clusterA,11,3,3,0,1.00,0.5,0.5,0.0,0.0,0.0
2025-11-24 09:44:00,cluster_A,11,1,1,0,1.00,0.5,0.5,0.0,0.0,0.0
2025-11-24 09:44:00,clusterB,11,4,4,0,1.00,0.5,0.5,0.0,0.0,0.0
2025-11-24 09:44:22,clusterA,11,3,3,0,1.00,0.5,0.5,0.0,0.0,0.0
2025-11-24 09:44:22,cluster_A,11,1,1,0,1.00,0.5,0.5,0.0,0.0,0.0
2025-11-24 09:44:22,clusterB,11,4,4,0,1.00,0.5,0.5,0.0,0.0,0.0
2025-11-24 09:44:44,clusterA,11,3,3,0,1.00,0.5,0.5,0.0,0.0,0.0
2025-11-24 09:44:44,cluster_A,11,1,1,0,1.00,0.5,0.5,0.0,0.0,0.0
2025-11-24 09:44:44,clusterB,11,4,4,0,1.00,0.5,0.5,0.0,0.0,0.0
2025-11-24 09:45:05,clusterA,11,3,3,0,1.00,0.5,0.5,0.0,0.0,0.0
2025-11-24 09:45:05,cluster_A,11,1,1,0,1.00,0.5,0.5,0.0,0.0,0.0
2025-11-24 09:45:05,clusterB,11,4,4,0,1.00,0.5,0.5,0.0,0.0,0.0
2025-11-24 09:45:27,clusterA,11,3,3,0,1.00,0.5,0.5,0.0,0.0,0.0
2025-11-24 09:45:27,cluster_A,11,1,1,0,1.00,0.5,0.5,0.0,0.0,0.0
2025-11-24 09:45:27,clusterB,11,4,4,0,1.00,0.5,0.5,0.0,0.0,0.0
2025-11-24 09:45:48,clusterA,11,3,3,0,1.00,0.5,0.5,0.0,0.0,0.0
2025-11-24 09:45:48,cluster_A,11,1,1,0,1.00,0.5,0.5,0.0,0.0,0.0
2025-11-24 09:45:48,clusterB,11,4,4,0,1.00,0.5,0.5,0.0,0.0,0.0
2025-11-24 09:46:09,clusterA,11,3,3,0,1.00,0.5,0.5,0.0,0.0,0.0
2025-11-24 09:46:09,cluster_A,11,1,1,0,1.00,0.5,0.5,0.0,0.0,0.0
2025-11-24 09:46:09,clusterB,11,4,4,0,1.00,0.5,0.5,0.0,0.0,0.0
2025-11-24 09:46:31,clusterA,11,3,3,0,1.00,0.5,0.5,0.0,0.0,0.0
2025-11-24 09:46:31,cluster_A,11,1,1,0,1.00,0.5,0.5,0.0,0.0,0.0
2025-11-24 09:46:31,clusterB,11,4,4,0,1.00,0.5,0.5,0.0,0.0,0.0
2025-11-24 09:46:54,clusterA,11,3,3,0,1.00,0.5,0.5,0.0,0.0,0.0
2025-11-24 09:46:54,cluster_A,11,1,1,0,1.00,0.5,0.5,0.0,0.0,0.0
2025-11-24 09:46:54,clusterB,11,4,4,0,1.00,0.5,0.5,0.0,0.0,0.0
2025-11-24 09:47:16,clusterA,11,3,3,0,1.00,0.5,0.5,0.0,0.0,0.0
2025-11-24 09:47:16,cluster_A,11,1,1,0,1.00,0.5,0.5,0.0,0.0,0.0
2025-11-24 09:47:16,clusterB,11,4,4,0,1.00,0.5,0.5,0.0,0.0,0.0
2025-11-24 09:47:38,clusterA,11,3,3,0,1.00,0.5,0.5,0.0,0.0,0.0
2025-11-24 09:47:38,cluster_A,11,1,1,0,1.00,0.5,0.5,0.0,0.0,0.0
2025-11-24 09:47:38,clusterB,11,4,4,0,1.00,0.5,0.5,0.0,0.0,0.0
2025-11-24 09:48:00,clusterA,11,3,3,0,1.00,0.5,0.5,0.0,0.0,0.0
2025-11-24 09:48:00,cluster_A,11,1,1,0,1.00,0.5,0.5,0.0,0.0,0.0
2025-11-24 09:48:00,clusterB,11,4,4,0,1.00,0.5,0.5,0.0,0.0,0.0
2025-11-24 09:48:22,clusterA,11,3,3,0,1.00,0.5,0.5,0.0,0.0,0.0
2025-11-24 09:48:22,cluster_A,11,1,1,0,1.00,0.5,0.5,0.0,0.0,0.0
2025-11-24 09:48:22,clusterB,11,4,4,0,1.00,0.5,0.5,0.0,0.0,0.0
2025-11-24 09:48:44,clusterA,11,3,3,0,1.00,0.5,0.5,0.0,0.0,0.0
2025-11-24 09:48:44,cluster_A,11,1,1,0,1.00,0.5,0.5,0.0,0.0,0.0
2025-11-24 09:48:44,clusterB,11,4,4,0,1.00,0.5,0.5,0.0,0.0,0.0
2025-11-24 09:49:05,clusterA,11,3,3,0,1.00,0.5,0.5,0.0,0.0,0.0
2025-11-24 09:49:05,cluster_A,11,1,1,0,1.00,0.5,0.5,0.0,0.0,0.0
2025-11-24 09:49:05,clusterB,11,4,4,0,1.00,0.5,0.5,0.0,0.0,0.0
2025-11-24 09:49:27,clusterA,11,3,3,0,1.00,0.5,0.5,0.0,0.0,0.0
2025-11-24 09:49:27,cluster_A,11,1,1,0,1.00,0.5,0.5,0.0,0.0,0.0
2025-11-24 09:49:27,clusterB,11,4,4,0,1.00,0.5,0.5,0.0,0.0,0.0
2025-11-24 09:49:50,clusterA,11,3,3,0,1.00,0.5,0.5,0.0,0.0,0.0
2025-11-24 09:49:50,cluster_A,11,1,1,0,1.00,0.5,0.5,0.0,0.0,0.0
2025-11-24 09:49:50,clusterB,11,4,4,0,1.00,0.5,0.5,0.0,0.0,0.0
2025-11-24 09:50:11,clusterA,11,3,3,0,1.00,0.5,0.5,0.0,0.0,0.0
2025-11-24 09:50:11,cluster_A,11,1,1,0,1.00,0.5,0.5,0.0,0.0,0.0
2025-11-24 09:50:11,clusterB,11,4,4,0,1.00,0.5,0.5,0.0,0.0,0.0
2025-11-24 09:50:34,clusterA,11,3,3,0,1.00,0.5,0.5,0.0,0.0,0.0
2025-11-24 09:50:34,cluster_A,11,1,1,0,1.00,0.5,0.5,0.0,0.0,0.0
2025-11-24 09:50:34,clusterB,11,4,4,0,1.00,0.5,0.5,0.0,0.0,0.0
2025-11-24 09:50:56,clusterA,11,3,3,0,1.00,0.5,0.5,0.0,0.0,0.0
2025-11-24 09:50:56,cluster_A,11,1,1,0,1.00,0.5,0.5,0.0,0.0,0.0
2025-11-24 09:50:56,clusterB,11,4,4,0,1.00,0.5,0.5,0.0,0.0,0.0
2025-11-24 09:51:18,clusterA,11,3,3,0,1.00,0.5,0.5,0.0,0.0,0.0
2025-11-24 09:51:18,cluster_A,11,1,1,0,1.00,0.5,0.5,0.0,0.0,0.0
2025-11-24 09:51:18,clusterB,11,4,4,0,1.00,0.5,0.5,0.0,0.0,0.0
2025-11-24 09:51:39,clusterA,11,3,3,0,1.00,0.5,0.5,0.0,0.0,0.0
2025-11-24 09:51:39,cluster_A,11,1,1,0,1.00,0.5,0.5,0.0,0.0,0.0
2025-11-24 09:51:39,clusterB,11,4,4,0,1.00,0.5,0.5,0.0,0.0,0.0
2025-11-24 09:52:01,clusterA,11,3,3,0,1.00,0.5,0.5,0.0,0.0,0.0
2025-11-24 09:52:01,cluster_A,11,1,1,0,1.00,0.5,0.5,0.0,0.0,0.0
2025-11-24 09:52:01,clusterB,11,4,4,0,1.00,0.5,0.5,0.0,0.0,0.0
2025-11-24 09:52:23,clusterA,11,3,3,0,1.00,0.5,0.5,0.0,0.0,0.0
2025-11-24 09:52:23,cluster_A,11,1,1,0,1.00,0.5,0.5,0.0,0.0,0.0
2025-11-24 09:52:23,clusterB,11,4,4,0,1.00,0.5,0.5,0.0,0.0,0.0
2025-11-24 09:52:44,clusterA,11,3,3,0,1.00,0.5,0.5,0.0,0.0,0.0
2025-11-24 09:52:44,cluster_A,11,1,1,0,1.00,0.5,0.5,0.0,0.0,0.0
2025-11-24 09:52:44,clusterB,11,4,4,0,1.00,0.5,0.5,0.0,0.0,0.0
2025-11-24 09:53:06,clusterA,11,3,3,0,1.00,0.5,0.5,0.0,0.0,0.0
2025-11-24 09:53:06,cluster_A,11,1,1,0,1.00,0.5,0.5,0.0,0.0,0.0
2025-11-24 09:53:06,clusterB,11,4,4,0,1.00,0.5,0.5,0.0,0.0,0.0
2025-11-24 09:53:28,clusterA,11,3,3,0,1.00,0.5,0.5,0.0,0.0,0.0
2025-11-24 09:53:28,cluster_A,11,1,1,0,1.00,0.5,0.5,0.0,0.0,0.0
2025-11-24 09:53:28,clusterB,11,4,4,0,1.00,0.5,0.5,0.0,0.0,0.0
2025-11-24 09:53:50,clusterA,11,3,3,0,1.00,0.5,0.5,0.0,0.0,0.0
2025-11-24 09:53:50,cluster_A,11,1,1,0,1.00,0.5,0.5,0.0,0.0,0.0
2025-11-24 09:53:50,clusterB,11,4,4,0,1.00,0.5,0.5,0.0,0.0,0.0
2025-11-24 09:54:12,clusterA,11,3,3,0,1.00,0.5,0.5,0.0,0.0,0.0
2025-11-24 09:54:12,cluster_A,11,1,1,0,1.00,0.5,0.5,0.0,0.0,0.0
2025-11-24 09:54:12,clusterB,11,4,4,0,1.00,0.5,0.5,0.0,0.0,0.0
2025-11-24 09:54:33,clusterA,11,3,3,0,1.00,0.5,0.5,0.0,0.0,0.0
2025-11-24 09:54:33,cluster_A,11,1,1,0,1.00,0.5,0.5,0.0,0.0,0.0
2025-11-24 09:54:33,clusterB,11,4,4,0,1.00,0.5,0.5,0.0,0.0,0.0
2025-11-24 09:54:54,clusterA,11,3,3,0,1.00,0.5,0.5,0.0,0.0,0.0
2025-11-24 09:54:54,cluster_A,11,1,1,0,1.00,0.5,0.5,0.0,0.0,0.0
2025-11-24 09:54:54,clusterB,11,4,4,0,1.00,0.5,0.5,0.0,0.0,0.0
2025-11-24 09:55:15,clusterA,11,3,3,0,1.00,0.5,0.5,0.0,0.0,0.0
2025-11-24 09:55:15,cluster_A,11,1,1,0,1.00,0.5,0.5,0.0,0.0,0.0
2025-11-24 09:55:15,clusterB,11,4,4,0,1.00,0.5,0.5,0.0,0.0,0.0
2025-11-24 09:55:38,clusterA,11,3,3,0,1.00,0.5,0.5,0.0,0.0,0.0
2025-11-24 09:55:38,cluster_A,11,1,1,0,1.00,0.5,0.5,0.0,0.0,0.0
2025-11-24 09:55:38,clusterB,11,4,4,0,1.00,0.5,0.5,0.0,0.0,0.0
2025-11-24 09:56:01,clusterA,11,3,2,1,0.67,0.5,0.5,0.0,0.0,0.0
2025-11-24 09:56:01,cluster_A,11,1,1,0,1.00,0.5,0.5,0.0,0.0,0.0
2025-11-24 09:56:01,clusterB,11,4,4,0,1.00,0.5,0.5,0.0,0.0,0.0
2025-11-24 09:56:15,clusterA,10,3,3,0,1.00,0.5,0.5,0.0,0.0,0.0
2025-11-24 09:56:15,cluster_A,10,1,1,0,1.00,0.5,0.5,0.0,0.0,0.0
2025-11-24 09:56:15,clusterB,10,4,4,0,1.00,0.5,0.5,0.0,0.0,0.0
2025-11-24 09:56:37,clusterA,10,3,3,0,1.00,0.5,0.5,0.0,0.0,0.0
2025-11-24 09:56:37,cluster_A,10,1,1,0,1.00,0.5,0.5,0.0,0.0,0.0
2025-11-24 09:56:37,clusterB,10,4,4,0,1.00,0.5,0.5,0.0,0.0,0.0
2025-11-24 09:56:59,clusterA,10,3,3,0,1.00,0.5,0.5,0.0,0.0,0.0
2025-11-24 09:56:59,cluster_A,10,1,1,0,1.00,0.5,0.5,0.0,0.0,0.0
2025-11-24 09:56:59,clusterB,10,4,4,0,1.00,0.5,0.5,0.0,0.0,0.0
2025-11-24 09:57:22,clusterA,10,3,3,0,1.00,0.5,0.5,0.0,0.0,0.0
2025-11-24 09:57:22,cluster_A,10,1,1,0,1.00,0.5,0.5,0.0,0.0,0.0
2025-11-24 09:57:22,clusterB,10,4,4,0,1.00,0.5,0.5,0.0,0.0,0.0
2025-11-24 09:57:45,clusterA,10,3,3,0,1.00,0.5,0.5,0.0,0.0,0.0
2025-11-24 09:57:45,cluster_A,10,1,1,0,1.00,0.5,0.5,0.0,0.0,0.0
2025-11-24 09:57:45,clusterB,10,4,4,0,1.00,0.5,0.5,0.0,0.0,0.0
2025-11-24 09:58:08,clusterA,10,3,3,0,1.00,0.5,0.5,0.0,0.0,0.0
2025-11-24 09:58:08,cluster_A,10,1,1,0,1.00,0.5,0.5,0.0,0.0,0.0
2025-11-24 09:58:08,clusterB,10,4,4,0,1.00,0.5,0.5,0.0,0.0,0.0
2025-11-24 09:58:31,clusterA,10,3,3,0,1.00,0.5,0.5,0.0,0.0,0.0
2025-11-24 09:58:31,cluster_A,10,1,1,0,1.00,0.5,0.5,0.0,0.0,0.0
2025-11-24 09:58:31,clusterB,10,4,4,0,1.00,0.5,0.5,0.0,0.0,0.0
2025-11-24 09:58:54,clusterA,10,3,3,0,1.00,0.5,0.5,0.0,0.0,0.0
2025-11-24 09:58:54,cluster_A,10,1,1,0,1.00,0.5,0.5,0.0,0.0,0.0
2025-11-24 09:58:54,clusterB,10,4,4,0,1.00,0.5,0.5,0.0,0.0,0.0
2025-11-24 09:59:15,clusterA,10,3,3,0,1.00,0.5,0.5,0.0,0.0,0.0
2025-11-24 09:59:15,cluster_A,10,1,1,0,1.00,0.5,0.5,0.0,0.0,0.0
2025-11-24 09:59:15,clusterB,10,4,4,0,1.00,0.5,0.5,0.0,0.0,0.0
2025-11-24 09:59:38,clusterA,10,3,3,0,1.00,0.5,0.5,0.0,0.0,0.0
2025-11-24 09:59:38,cluster_A,10,1,1,0,1.00,0.5,0.5,0.0,0.0,0.0
2025-11-24 09:59:38,clusterB,10,4,4,0,1.00,0.5,0.5,0.0,0.0,0.0
2025-11-24 10:00:01,clusterA,10,3,3,0,1.00,0.5,0.5,0.0,0.0,0.0
2025-11-24 10:00:01,cluster_A,10,1,1,0,1.00,0.5,0.5,0.0,0.0,0.0
2025-11-24 10:00:01,clusterB,10,4,4,0,1.00,0.5,0.5,0.0,0.0,0.0
2025-11-24 10:00:24,clusterA,10,3,3,0,1.00,0.5,0.5,0.0,0.0,0.0
2025-11-24 10:00:24,cluster_A,10,1,1,0,1.00,0.5,0.5,0.0,0.0,0.0
2025-11-24 10:00:24,clusterB,10,4,4,0,1.00,0.5,0.5,0.0,0.0,0.0
2025-11-24 10:00:45,clusterA,10,3,3,0,1.00,0.5,0.5,0.0,0.0,0.0
2025-11-24 10:00:45,cluster_A,10,1,1,0,1.00,0.5,0.5,0.0,0.0,0.0
2025-11-24 10:00:45,clusterB,10,4,4,0,1.00,0.5,0.5,0.0,0.0,0.0
2025-11-24 10:01:07,clusterA,10,3,3,0,1.00,0.5,0.5,0.0,0.0,0.0
2025-11-24 10:01:07,cluster_A,10,1,1,0,1.00,0.5,0.5,0.0,0.0,0.0
2025-11-24 10:01:07,clusterB,10,4,4,0,1.00,0.5,0.5,0.0,0.0,0.0
2025-11-24 10:01:28,clusterA,10,3,3,0,1.00,0.5,0.5,0.0,0.0,0.0
2025-11-24 10:01:28,cluster_A,10,1,1,0,1.00,0.5,0.5,0.0,0.0,0.0
2025-11-24 10:01:28,clusterB,10,4,4,0,1.00,0.5,0.5,0.0,0.0,0.0
2025-11-24 10:01:50,clusterA,10,3,3,0,1.00,0.5,0.5,0.0,0.0,0.0
2025-11-24 10:01:50,cluster_A,10,1,1,0,1.00,0.5,0.5,0.0,0.0,0.0
2025-11-24 10:01:50,clusterB,10,4,4,0,1.00,0.5,0.5,0.0,0.0,0.0
2025-11-24 10:02:12,clusterA,10,3,3,0,1.00,0.5,0.5,0.0,0.0,0.0
2025-11-24 10:02:12,cluster_A,10,1,1,0,1.00,0.5,0.5,0.0,0.0,0.0
2025-11-24 10:02:12,clusterB,10,4,4,0,1.00,0.5,0.5,0.0,0.0,0.0
2025-11-24 10:02:33,clusterA,10,3,3,0,1.00,0.5,0.5,0.0,0.0,0.0
2025-11-24 10:02:33,cluster_A,10,1,1,0,1.00,0.5,0.5,0.0,0.0,0.0
2025-11-24 10:02:33,clusterB,10,4,4,0,1.00,0.5,0.5,0.0,0.0,0.0
2025-11-24 10:02:55,clusterA,10,3,3,0,1.00,0.5,0.5,0.0,0.0,0.0
2025-11-24 10:02:55,cluster_A,10,1,1,0,1.00,0.5,0.5,0.0,0.0,0.0
2025-11-24 10:02:55,clusterB,10,4,4,0,1.00,0.5,0.5,0.0,0.0,0.0
2025-11-24 10:03:16,clusterA,10,3,3,0,1.00,0.5,0.5,0.0,0.0,0.0
2025-11-24 10:03:16,cluster_A,10,1,1,0,1.00,0.5,0.5,0.0,0.0,0.0
2025-11-24 10:03:16,clusterB,10,4,4,0,1.00,0.5,0.5,0.0,0.0,0.0
2025-11-24 10:03:39,clusterA,10,3,3,0,1.00,0.5,0.5,0.0,0.0,0.0
2025-11-24 10:03:39,cluster_A,10,1,1,0,1.00,0.5,0.5,0.0,0.0,0.0
2025-11-24 10:03:39,clusterB,10,4,4,0,1.00,0.5,0.5,0.0,0.0,0.0
2025-11-24 10:04:01,clusterA,10,3,3,0,1.00,0.5,0.5,0.0,0.0,0.0
2025-11-24 10:04:01,cluster_A,10,1,1,0,1.00,0.5,0.5,0.0,0.0,0.0
2025-11-24 10:04:01,clusterB,10,4,4,0,1.00,0.5,0.5,0.0,0.0,0.0
2025-11-24 10:04:23,clusterA,10,3,3,0,1.00,0.5,0.5,0.0,0.0,0.0
2025-11-24 10:04:23,cluster_A,10,1,1,0,1.00,0.5,0.5,0.0,0.0,0.0
2025-11-24 10:04:23,clusterB,10,4,4,0,1.00,0.5,0.5,0.0,0.0,0.0
2025-11-24 10:04:44,clusterA,10,3,3,0,1.00,0.5,0.5,0.0,0.0,0.0
2025-11-24 10:04:44,cluster_A,10,1,1,0,1.00,0.5,0.5,0.0,0.0,0.0
2025-11-24 10:04:44,clusterB,10,4,4,0,1.00,0.5,0.5,0.0,0.0,0.0
2025-11-24 10:05:06,clusterA,10,3,3,0,1.00,0.5,0.5,0.0,0.0,0.0
2025-11-24 10:05:06,cluster_A,10,1,1,0,1.00,0.5,0.5,0.0,0.0,0.0
2025-11-24 10:05:06,clusterB,10,4,4,0,1.00,0.5,0.5,0.0,0.0,0.0
2025-11-24 10:05:28,clusterA,10,3,3,0,1.00,0.5,0.5,0.0,0.0,0.0
2025-11-24 10:05:28,cluster_A,10,1,1,0,1.00,0.5,0.5,0.0,0.0,0.0
2025-11-24 10:05:28,clusterB,10,4,4,0,1.00,0.5,0.5,0.0,0.0,0.0
2025-11-24 10:05:50,clusterA,10,3,3,0,1.00,0.5,0.5,0.0,0.0,0.0
2025-11-24 10:05:50,cluster_A,10,1,1,0,1.00,0.5,0.5,0.0,0.0,0.0
2025-11-24 10:05:50,clusterB,10,4,4,0,1.00,0.5,0.5,0.0,0.0,0.0
2025-11-24 10:06:12,clusterA,10,3,3,0,1.00,0.5,0.5,0.0,0.0,0.0
2025-11-24 10:06:12,cluster_A,10,1,1,0,1.00,0.5,0.5,0.0,0.0,0.0
2025-11-24 10:06:12,clusterB,10,4,4,0,1.00,0.5,0.5,0.0,0.0,0.0
2025-11-24 10:06:34,clusterA,10,3,3,0,1.00,0.5,0.5,0.0,0.0,0.0
2025-11-24 10:06:34,cluster_A,10,1,1,0,1.00,0.5,0.5,0.0,0.0,0.0
2025-11-24 10:06:34,clusterB,10,4,4,0,1.00,0.5,0.5,0.0,0.0,0.0
2025-11-24 10:06:55,clusterA,10,3,3,0,1.00,0.5,0.5,0.0,0.0,0.0
2025-11-24 10:06:55,cluster_A,10,1,1,0,1.00,0.5,0.5,0.0,0.0,0.0
2025-11-24 10:06:55,clusterB,10,4,4,0,1.00,0.5,0.5,0.0,0.0,0.0
2025-11-24 10:07:17,clusterA,10,3,3,0,1.00,0.5,0.5,0.0,0.0,0.0
2025-11-24 10:07:17,cluster_A,10,1,1,0,1.00,0.5,0.5,0.0,0.0,0.0
2025-11-24 10:07:17,clusterB,10,4,4,0,1.00,0.5,0.5,0.0,0.0,0.0
2025-11-24 10:07:39,clusterA,10,3,3,0,1.00,0.5,0.5,0.0,0.0,0.0
2025-11-24 10:07:39,cluster_A,10,1,1,0,1.00,0.5,0.5,0.0,0.0,0.0
2025-11-24 10:07:39,clusterB,10,4,4,0,1.00,0.5,0.5,0.0,0.0,0.0
2025-11-24 10:08:01,clusterA,10,3,3,0,1.00,0.5,0.5,0.0,0.0,0.0
2025-11-24 10:08:01,cluster_A,10,1,1,0,1.00,0.5,0.5,0.0,0.0,0.0
2025-11-24 10:08:01,clusterB,10,4,4,0,1.00,0.5,0.5,0.0,0.0,0.0
2025-11-24 10:08:23,clusterA,10,3,3,0,1.00,0.5,0.5,0.0,0.0,0.0
2025-11-24 10:08:23,cluster_A,10,1,1,0,1.00,0.5,0.5,0.0,0.0,0.0
2025-11-24 10:08:23,clusterB,10,4,4,0,1.00,0.5,0.5,0.0,0.0,0.0
2025-11-24 10:08:46,clusterA,10,3,3,0,1.00,0.5,0.5,0.0,0.0,0.0
2025-11-24 10:08:46,cluster_A,10,1,1,0,1.00,0.5,0.5,0.0,0.0,0.0
2025-11-24 10:08:46,clusterB,10,4,4,0,1.00,0.5,0.5,0.0,0.0,0.0
2025-11-24 10:09:07,clusterA,10,3,3,0,1.00,0.5,0.5,0.0,0.0,0.0
2025-11-24 10:09:07,cluster_A,10,1,1,0,1.00,0.5,0.5,0.0,0.0,0.0
2025-11-24 10:09:07,clusterB,10,4,4,0,1.00,0.5,0.5,0.0,0.0,0.0
2025-11-24 10:09:29,clusterA,10,3,3,0,1.00,0.5,0.5,0.0,0.0,0.0
2025-11-24 10:09:29,cluster_A,10,1,1,0,1.00,0.5,0.5,0.0,0.0,0.0
2025-11-24 10:09:29,clusterB,10,4,4,0,1.00,0.5,0.5,0.0,0.0,0.0
2025-11-24 10:09:51,clusterA,10,3,3,0,1.00,0.5,0.5,0.0,0.0,0.0
2025-11-24 10:09:51,cluster_A,10,1,1,0,1.00,0.5,0.5,0.0,0.0,0.0
2025-11-24 10:09:51,clusterB,10,4,4,0,1.00,0.5,0.5,0.0,0.0,0.0
2025-11-24 10:10:13,clusterA,10,3,3,0,1.00,0.5,0.5,0.0,0.0,0.0
2025-11-24 10:10:13,cluster_A,10,1,1,0,1.00,0.5,0.5,0.0,0.0,0.0
2025-11-24 10:10:13,clusterB,10,4,4,0,1.00,0.5,0.5,0.0,0.0,0.0
2025-11-24 10:10:35,clusterA,10,3,3,0,1.00,0.5,0.5,0.0,0.0,0.0
2025-11-24 10:10:35,cluster_A,10,1,1,0,1.00,0.5,0.5,0.0,0.0,0.0
2025-11-24 10:10:35,clusterB,10,4,4,0,1.00,0.5,0.5,0.0,0.0,0.0
2025-11-24 10:10:58,clusterA,10,3,3,0,1.00,0.5,0.5,0.0,0.0,0.0
2025-11-24 10:10:58,cluster_A,10,1,1,0,1.00,0.5,0.5,0.0,0.0,0.0
2025-11-24 10:10:58,clusterB,10,4,4,0,1.00,0.5,0.5,0.0,0.0,0.0
2025-11-24 10:11:19,clusterA,10,3,3,0,1.00,0.5,0.5,0.0,0.0,0.0
2025-11-24 10:11:19,cluster_A,10,1,1,0,1.00,0.5,0.5,0.0,0.0,0.0
2025-11-24 10:11:19,clusterB,10,4,4,0,1.00,0.5,0.5,0.0,0.0,0.0
2025-11-24 10:11:41,clusterA,10,3,3,0,1.00,0.5,0.5,0.0,0.0,0.0
2025-11-24 10:11:41,cluster_A,10,1,1,0,1.00,0.5,0.5,0.0,0.0,0.0
2025-11-24 10:11:41,clusterB,10,4,4,0,1.00,0.5,0.5,0.0,0.0,0.0
2025-11-24 10:12:03,clusterA,10,3,3,0,1.00,0.5,0.5,0.0,0.0,0.0
2025-11-24 10:12:03,cluster_A,10,1,1,0,1.00,0.5,0.5,0.0,0.0,0.0
2025-11-24 10:12:03,clusterB,10,4,4,0,1.00,0.5,0.5,0.0,0.0,0.0
2025-11-24 10:12:24,clusterA,10,3,3,0,1.00,0.5,0.5,0.0,0.0,0.0
2025-11-24 10:12:24,cluster_A,10,1,1,0,1.00,0.5,0.5,0.0,0.0,0.0
2025-11-24 10:12:24,clusterB,10,4,4,0,1.00,0.5,0.5,0.0,0.0,0.0
2025-11-24 10:12:46,clusterA,10,3,3,0,1.00,0.5,0.5,0.0,0.0,0.0
2025-11-24 10:12:46,cluster_A,10,1,1,0,1.00,0.5,0.5,0.0,0.0,0.0
2025-11-24 10:12:46,clusterB,10,4,4,0,1.00,0.5,0.5,0.0,0.0,0.0
2025-11-24 10:13:08,clusterA,10,3,3,0,1.00,0.5,0.5,0.0,0.0,0.0
2025-11-24 10:13:08,cluster_A,10,1,1,0,1.00,0.5,0.5,0.0,0.0,0.0
2025-11-24 10:13:08,clusterB,10,4,4,0,1.00,0.5,0.5,0.0,0.0,0.0
2025-11-24 10:13:29,clusterA,10,3,3,0,1.00,0.5,0.5,0.0,0.0,0.0
2025-11-24 10:13:29,cluster_A,10,1,1,0,1.00,0.5,0.5,0.0,0.0,0.0
2025-11-24 10:13:29,clusterB,10,4,4,0,1.00,0.5,0.5,0.0,0.0,0.0
2025-11-24 10:13:51,clusterA,10,3,3,0,1.00,0.5,0.5,0.0,0.0,0.0
2025-11-24 10:13:51,cluster_A,10,1,1,0,1.00,0.5,0.5,0.0,0.0,0.0
2025-11-24 10:13:51,clusterB,10,4,4,0,1.00,0.5,0.5,0.0,0.0,0.0
2025-11-24 10:14:13,clusterA,10,3,3,0,1.00,0.5,0.5,0.0,0.0,0.0
2025-11-24 10:14:13,cluster_A,10,1,1,0,1.00,0.5,0.5,0.0,0.0,0.0
2025-11-24 10:14:13,clusterB,10,4,4,0,1.00,0.5,0.5,0.0,0.0,0.0
2025-11-24 10:14:35,clusterA,10,3,3,0,1.00,0.5,0.5,0.0,0.0,0.0
2025-11-24 10:14:35,cluster_A,10,1,1,0,1.00,0.5,0.5,0.0,0.0,0.0
2025-11-24 10:14:35,clusterB,10,4,4,0,1.00,0.5,0.5,0.0,0.0,0.0
2025-11-24 10:14:57,clusterA,10,3,3,0,1.00,0.5,0.5,0.0,0.0,0.0
2025-11-24 10:14:57,cluster_A,10,1,1,0,1.00,0.5,0.5,0.0,0.0,0.0
2025-11-24 10:14:57,clusterB,10,4,4,0,1.00,0.5,0.5,0.0,0.0,0.0
2025-11-24 10:15:19,clusterA,10,3,3,0,1.00,0.5,0.5,0.0,0.0,0.0
2025-11-24 10:15:19,cluster_A,10,1,1,0,1.00,0.5,0.5,0.0,0.0,0.0
2025-11-24 10:15:19,clusterB,10,4,4,0,1.00,0.5,0.5,0.0,0.0,0.0
2025-11-24 10:15:41,clusterA,10,3,3,0,1.00,0.5,0.5,0.0,0.0,0.0
2025-11-24 10:15:41,cluster_A,10,1,1,0,1.00,0.5,0.5,0.0,0.0,0.0
2025-11-24 10:15:41,clusterB,10,4,4,0,1.00,0.5,0.5,0.0,0.0,0.0
2025-11-24 10:16:02,clusterA,10,3,3,0,1.00,0.5,0.5,0.0,0.0,0.0
2025-11-24 10:16:02,cluster_A,10,1,1,0,1.00,0.5,0.5,0.0,0.0,0.0
2025-11-24 10:16:02,clusterB,10,4,4,0,1.00,0.5,0.5,0.0,0.0,0.0
2025-11-24 10:16:24,clusterA,10,3,3,0,1.00,0.5,0.5,0.0,0.0,0.0
2025-11-24 10:16:24,cluster_A,10,1,1,0,1.00,0.5,0.5,0.0,0.0,0.0
2025-11-24 10:16:24,clusterB,10,4,4,0,1.00,0.5,0.5,0.0,0.0,0.0
2025-11-24 10:16:47,clusterA,10,3,3,0,1.00,0.5,0.5,0.0,0.0,0.0
2025-11-24 10:16:47,cluster_A,10,1,1,0,1.00,0.5,0.5,0.0,0.0,0.0
2025-11-24 10:16:47,clusterB,10,4,4,0,1.00,0.5,0.5,0.0,0.0,0.0
2025-11-24 10:17:08,clusterA,10,3,3,0,1.00,0.5,0.5,0.0,0.0,0.0
2025-11-24 10:17:08,cluster_A,10,1,1,0,1.00,0.5,0.5,0.0,0.0,0.0
2025-11-24 10:17:08,clusterB,10,4,4,0,1.00,0.5,0.5,0.0,0.0,0.0
2025-11-24 10:17:30,clusterA,10,3,3,0,1.00,0.5,0.5,0.0,0.0,0.0
2025-11-24 10:17:30,cluster_A,10,1,1,0,1.00,0.5,0.5,0.0,0.0,0.0
2025-11-24 10:17:30,clusterB,10,4,4,0,1.00,0.5,0.5,0.0,0.0,0.0
2025-11-24 10:17:52,clusterA,10,3,3,0,1.00,0.5,0.5,0.0,0.0,0.0
2025-11-24 10:17:52,cluster_A,10,1,1,0,1.00,0.5,0.5,0.0,0.0,0.0
2025-11-24 10:17:52,clusterB,10,4,4,0,1.00,0.5,0.5,0.0,0.0,0.0
2025-11-24 10:18:13,clusterA,10,3,3,0,1.00,0.5,0.5,0.0,0.0,0.0
2025-11-24 10:18:13,cluster_A,10,1,1,0,1.00,0.5,0.5,0.0,0.0,0.0
2025-11-24 10:18:13,clusterB,10,4,4,0,1.00,0.5,0.5,0.0,0.0,0.0
2025-11-24 10:18:35,clusterA,10,3,3,0,1.00,0.5,0.5,0.0,0.0,0.0
2025-11-24 10:18:35,cluster_A,10,1,1,0,1.00,0.5,0.5,0.0,0.0,0.0
2025-11-24 10:18:35,clusterB,10,4,4,0,1.00,0.5,0.5,0.0,0.0,0.0
2025-11-24 10:18:56,clusterA,10,3,3,0,1.00,0.5,0.5,0.0,0.0,0.0
2025-11-24 10:18:56,cluster_A,10,1,1,0,1.00,0.5,0.5,0.0,0.0,0.0
2025-11-24 10:18:56,clusterB,10,4,4,0,1.00,0.5,0.5,0.0,0.0,0.0
2025-11-24 10:19:19,clusterA,10,3,3,0,1.00,0.5,0.5,0.0,0.0,0.0
2025-11-24 10:19:19,cluster_A,10,1,1,0,1.00,0.5,0.5,0.0,0.0,0.0
2025-11-24 10:19:19,clusterB,10,4,4,0,1.00,0.5,0.5,0.0,0.0,0.0
2025-11-24 10:19:40,clusterA,10,3,3,0,1.00,0.5,0.5,0.0,0.0,0.0
2025-11-24 10:19:40,cluster_A,10,1,1,0,1.00,0.5,0.5,0.0,0.0,0.0
2025-11-24 10:19:40,clusterB,10,4,4,0,1.00,0.5,0.5,0.0,0.0,0.0
2025-11-24 10:20:02,clusterA,10,3,3,0,1.00,0.5,0.5,0.0,0.0,0.0
2025-11-24 10:20:02,cluster_A,10,1,1,0,1.00,0.5,0.5,0.0,0.0,0.0
2025-11-24 10:20:02,clusterB,10,4,4,0,1.00,0.5,0.5,0.0,0.0,0.0
2025-11-24 10:20:23,clusterA,10,3,3,0,1.00,0.5,0.5,0.0,0.0,0.0
2025-11-24 10:20:23,cluster_A,10,1,1,0,1.00,0.5,0.5,0.0,0.0,0.0
2025-11-24 10:20:23,clusterB,10,4,4,0,1.00,0.5,0.5,0.0,0.0,0.0
2025-11-24 10:20:44,clusterA,10,3,3,0,1.00,0.5,0.5,0.0,0.0,0.0
2025-11-24 10:20:44,cluster_A,10,1,1,0,1.00,0.5,0.5,0.0,0.0,0.0
2025-11-24 10:20:44,clusterB,10,4,4,0,1.00,0.5,0.5,0.0,0.0,0.0
2025-11-24 10:21:06,clusterA,10,3,3,0,1.00,0.5,0.5,0.0,0.0,0.0
2025-11-24 10:21:06,cluster_A,10,1,1,0,1.00,0.5,0.5,0.0,0.0,0.0
2025-11-24 10:21:06,clusterB,10,4,4,0,1.00,0.5,0.5,0.0,0.0,0.0
2025-11-24 10:21:27,clusterA,10,3,3,0,1.00,0.5,0.5,0.0,0.0,0.0
2025-11-24 10:21:27,cluster_A,10,1,1,0,1.00,0.5,0.5,0.0,0.0,0.0
2025-11-24 10:21:27,clusterB,10,4,4,0,1.00,0.5,0.5,0.0,0.0,0.0
2025-11-24 10:21:50,clusterA,10,3,3,0,1.00,0.5,0.5,0.0,0.0,0.0
2025-11-24 10:21:50,cluster_A,10,1,1,0,1.00,0.5,0.5,0.0,0.0,0.0
2025-11-24 10:21:50,clusterB,10,4,4,0,1.00,0.5,0.5,0.0,0.0,0.0
2025-11-24 10:22:12,clusterA,10,3,3,0,1.00,0.5,0.5,0.0,0.0,0.0
2025-11-24 10:22:12,cluster_A,10,1,1,0,1.00,0.5,0.5,0.0,0.0,0.0
2025-11-24 10:22:12,clusterB,10,4,4,0,1.00,0.5,0.5,0.0,0.0,0.0
2025-11-24 10:22:33,clusterA,10,3,3,0,1.00,0.5,0.5,0.0,0.0,0.0
2025-11-24 10:22:33,cluster_A,10,1,1,0,1.00,0.5,0.5,0.0,0.0,0.0
2025-11-24 10:22:33,clusterB,10,4,4,0,1.00,0.5,0.5,0.0,0.0,0.0
2025-11-24 10:22:55,clusterA,10,3,3,0,1.00,0.5,0.5,0.0,0.0,0.0
2025-11-24 10:22:55,cluster_A,10,1,1,0,1.00,0.5,0.5,0.0,0.0,0.0
2025-11-24 10:22:55,clusterB,10,4,4,0,1.00,0.5,0.5,0.0,0.0,0.0
2025-11-24 10:23:16,clusterA,10,3,3,0,1.00,0.5,0.5,0.0,0.0,0.0
2025-11-24 10:23:16,cluster_A,10,1,1,0,1.00,0.5,0.5,0.0,0.0,0.0
2025-11-24 10:23:16,clusterB,10,4,4,0,1.00,0.5,0.5,0.0,0.0,0.0
2025-11-24 10:23:38,clusterA,10,3,3,0,1.00,0.5,0.5,0.0,0.0,0.0
2025-11-24 10:23:38,cluster_A,10,1,1,0,1.00,0.5,0.5,0.0,0.0,0.0
2025-11-24 10:23:38,clusterB,10,4,4,0,1.00,0.5,0.5,0.0,0.0,0.0
2025-11-24 10:24:00,clusterA,10,3,3,0,1.00,0.5,0.5,0.0,0.0,0.0
2025-11-24 10:24:00,cluster_A,10,1,1,0,1.00,0.5,0.5,0.0,0.0,0.0
2025-11-24 10:24:00,clusterB,10,4,4,0,1.00,0.5,0.5,0.0,0.0,0.0
2025-11-24 10:24:21,clusterA,10,3,3,0,1.00,0.5,0.5,0.0,0.0,0.0
2025-11-24 10:24:21,cluster_A,10,1,1,0,1.00,0.5,0.5,0.0,0.0,0.0
2025-11-24 10:24:21,clusterB,10,4,4,0,1.00,0.5,0.5,0.0,0.0,0.0
2025-11-24 10:24:43,clusterA,10,3,3,0,1.00,0.5,0.5,0.0,0.0,0.0
2025-11-24 10:24:43,cluster_A,10,1,1,0,1.00,0.5,0.5,0.0,0.0,0.0
2025-11-24 10:24:43,clusterB,10,4,4,0,1.00,0.5,0.5,0.0,0.0,0.0
2025-11-24 10:25:05,clusterA,10,3,3,0,1.00,0.5,0.5,0.0,0.0,0.0
2025-11-24 10:25:05,cluster_A,10,1,1,0,1.00,0.5,0.5,0.0,0.0,0.0
2025-11-24 10:25:05,clusterB,10,4,4,0,1.00,0.5,0.5,0.0,0.0,0.0
2025-11-24 10:25:27,clusterA,10,3,3,0,1.00,0.5,0.5,0.0,0.0,0.0
2025-11-24 10:25:27,cluster_A,10,1,1,0,1.00,0.5,0.5,0.0,0.0,0.0
2025-11-24 10:25:27,clusterB,10,4,4,0,1.00,0.5,0.5,0.0,0.0,0.0
2025-11-24 10:25:49,clusterA,10,3,3,0,1.00,0.5,0.5,0.0,0.0,0.0
2025-11-24 10:25:49,cluster_A,10,1,1,0,1.00,0.5,0.5,0.0,0.0,0.0
2025-11-24 10:25:49,clusterB,10,4,4,0,1.00,0.5,0.5,0.0,0.0,0.0
2025-11-24 10:26:10,clusterA,10,3,3,0,1.00,0.5,0.5,0.0,0.0,0.0
2025-11-24 10:26:10,cluster_A,10,1,1,0,1.00,0.5,0.5,0.0,0.0,0.0
2025-11-24 10:26:10,clusterB,10,4,4,0,1.00,0.5,0.5,0.0,0.0,0.0
2025-11-24 10:26:32,clusterA,10,3,3,0,1.00,0.5,0.5,0.0,0.0,0.0
2025-11-24 10:26:32,cluster_A,10,1,1,0,1.00,0.5,0.5,0.0,0.0,0.0
2025-11-24 10:26:32,clusterB,10,4,4,0,1.00,0.5,0.5,0.0,0.0,0.0
2025-11-24 10:26:54,clusterA,10,3,3,0,1.00,0.5,0.5,0.0,0.0,0.0
2025-11-24 10:26:54,cluster_A,10,1,1,0,1.00,0.5,0.5,0.0,0.0,0.0
2025-11-24 10:26:54,clusterB,10,4,4,0,1.00,0.5,0.5,0.0,0.0,0.0
2025-11-24 10:27:16,clusterA,10,3,3,0,1.00,0.5,0.5,0.0,0.0,0.0
2025-11-24 10:27:16,cluster_A,10,1,1,0,1.00,0.5,0.5,0.0,0.0,0.0
2025-11-24 10:27:16,clusterB,10,4,4,0,1.00,0.5,0.5,0.0,0.0,0.0
2025-11-24 10:27:38,clusterA,10,3,3,0,1.00,0.5,0.5,0.0,0.0,0.0
2025-11-24 10:27:38,cluster_A,10,1,1,0,1.00,0.5,0.5,0.0,0.0,0.0
2025-11-24 10:27:38,clusterB,10,4,4,0,1.00,0.5,0.5,0.0,0.0,0.0
2025-11-24 10:28:00,clusterA,10,3,3,0,1.00,0.5,0.5,0.0,0.0,0.0
2025-11-24 10:28:00,cluster_A,10,1,1,0,1.00,0.5,0.5,0.0,0.0,0.0
2025-11-24 10:28:00,clusterB,10,4,4,0,1.00,0.5,0.5,0.0,0.0,0.0
2025-11-24 10:28:22,clusterA,10,3,3,0,1.00,0.5,0.5,0.0,0.0,0.0
2025-11-24 10:28:22,cluster_A,10,1,1,0,1.00,0.5,0.5,0.0,0.0,0.0
2025-11-24 10:28:22,clusterB,10,4,4,0,1.00,0.5,0.5,0.0,0.0,0.0
2025-11-24 10:28:44,clusterA,10,3,3,0,1.00,0.5,0.5,0.0,0.0,0.0
2025-11-24 10:28:44,cluster_A,10,1,1,0,1.00,0.5,0.5,0.0,0.0,0.0
2025-11-24 10:28:44,clusterB,10,4,4,0,1.00,0.5,0.5,0.0,0.0,0.0
2025-11-24 10:29:06,clusterA,10,3,3,0,1.00,0.5,0.5,0.0,0.0,0.0
2025-11-24 10:29:06,cluster_A,10,1,1,0,1.00,0.5,0.5,0.0,0.0,0.0
2025-11-24 10:29:06,clusterB,10,4,4,0,1.00,0.5,0.5,0.0,0.0,0.0
2025-11-24 10:29:27,clusterA,10,3,3,0,1.00,0.5,0.5,0.0,0.0,0.0
2025-11-24 10:29:27,cluster_A,10,1,1,0,1.00,0.5,0.5,0.0,0.0,0.0
2025-11-24 10:29:27,clusterB,10,4,4,0,1.00,0.5,0.5,0.0,0.0,0.0
2025-11-24 10:29:49,clusterA,10,3,3,0,1.00,0.5,0.5,0.0,0.0,0.0
2025-11-24 10:29:49,cluster_A,10,1,1,0,1.00,0.5,0.5,0.0,0.0,0.0
2025-11-24 10:29:49,clusterB,10,4,4,0,1.00,0.5,0.5,0.0,0.0,0.0
2025-11-24 10:30:11,clusterA,10,3,3,0,1.00,0.5,0.5,0.0,0.0,0.0
2025-11-24 10:30:11,cluster_A,10,1,1,0,1.00,0.5,0.5,0.0,0.0,0.0
2025-11-24 10:30:11,clusterB,10,4,4,0,1.00,0.5,0.5,0.0,0.0,0.0
2025-11-24 10:30:32,clusterA,10,3,3,0,1.00,0.5,0.5,0.0,0.0,0.0
2025-11-24 10:30:32,cluster_A,10,1,1,0,1.00,0.5,0.5,0.0,0.0,0.0
2025-11-24 10:30:32,clusterB,10,4,4,0,1.00,0.5,0.5,0.0,0.0,0.0
2025-11-24 10:30:54,clusterA,10,3,3,0,1.00,0.5,0.5,0.0,0.0,0.0
2025-11-24 10:30:54,cluster_A,10,1,1,0,1.00,0.5,0.5,0.0,0.0,0.0
2025-11-24 10:30:54,clusterB,10,4,4,0,1.00,0.5,0.5,0.0,0.0,0.0
2025-11-24 10:31:15,clusterA,10,3,3,0,1.00,0.5,0.5,0.0,0.0,0.0
2025-11-24 10:31:15,cluster_A,10,1,1,0,1.00,0.5,0.5,0.0,0.0,0.0
2025-11-24 10:31:15,clusterB,10,4,4,0,1.00,0.5,0.5,0.0,0.0,0.0
2025-11-24 10:31:37,clusterA,10,3,3,0,1.00,0.5,0.5,0.0,0.0,0.0
2025-11-24 10:31:37,cluster_A,10,1,1,0,1.00,0.5,0.5,0.0,0.0,0.0
2025-11-24 10:31:37,clusterB,10,4,4,0,1.00,0.5,0.5,0.0,0.0,0.0
2025-11-24 10:32:00,clusterA,10,3,3,0,1.00,0.5,0.5,0.0,0.0,0.0
2025-11-24 10:32:00,cluster_A,10,1,1,0,1.00,0.5,0.5,0.0,0.0,0.0
2025-11-24 10:32:00,clusterB,10,4,4,0,1.00,0.5,0.5,0.0,0.0,0.0
2025-11-24 10:32:22,clusterA,10,3,3,0,1.00,0.5,0.5,0.0,0.0,0.0
2025-11-24 10:32:22,cluster_A,10,1,1,0,1.00,0.5,0.5,0.0,0.0,0.0
2025-11-24 10:32:22,clusterB,10,4,4,0,1.00,0.5,0.5,0.0,0.0,0.0
2025-11-24 10:32:43,clusterA,10,3,3,0,1.00,0.5,0.5,0.0,0.0,0.0
2025-11-24 10:32:43,cluster_A,10,1,1,0,1.00,0.5,0.5,0.0,0.0,0.0
2025-11-24 10:32:43,clusterB,10,4,4,0,1.00,0.5,0.5,0.0,0.0,0.0
2025-11-24 10:33:05,clusterA,10,3,3,0,1.00,0.5,0.5,0.0,0.0,0.0
2025-11-24 10:33:05,cluster_A,10,1,1,0,1.00,0.5,0.5,0.0,0.0,0.0
2025-11-24 10:33:05,clusterB,10,4,4,0,1.00,0.5,0.5,0.0,0.0,0.0
2025-11-24 10:33:26,clusterA,10,3,3,0,1.00,0.5,0.5,0.0,0.0,0.0
2025-11-24 10:33:26,cluster_A,10,1,1,0,1.00,0.5,0.5,0.0,0.0,0.0
2025-11-24 10:33:26,clusterB,10,4,4,0,1.00,0.5,0.5,0.0,0.0,0.0
2025-11-24 10:33:49,clusterA,10,3,3,0,1.00,0.5,0.5,0.0,0.0,0.0
2025-11-24 10:33:49,cluster_A,10,1,1,0,1.00,0.5,0.5,0.0,0.0,0.0
2025-11-24 10:33:49,clusterB,10,4,4,0,1.00,0.5,0.5,0.0,0.0,0.0
2025-11-24 10:34:10,clusterA,10,3,3,0,1.00,0.5,0.5,0.0,0.0,0.0
2025-11-24 10:34:10,cluster_A,10,1,1,0,1.00,0.5,0.5,0.0,0.0,0.0
2025-11-24 10:34:10,clusterB,10,4,4,0,1.00,0.5,0.5,0.0,0.0,0.0
2025-11-24 10:34:32,clusterA,10,3,3,0,1.00,0.5,0.5,0.0,0.0,0.0
2025-11-24 10:34:32,cluster_A,10,1,1,0,1.00,0.5,0.5,0.0,0.0,0.0
2025-11-24 10:34:32,clusterB,10,4,4,0,1.00,0.5,0.5,0.0,0.0,0.0
2025-11-24 10:34:53,clusterA,10,3,3,0,1.00,0.5,0.5,0.0,0.0,0.0
2025-11-24 10:34:53,cluster_A,10,1,1,0,1.00,0.5,0.5,0.0,0.0,0.0
2025-11-24 10:34:53,clusterB,10,4,4,0,1.00,0.5,0.5,0.0,0.0,0.0
2025-11-24 10:35:15,clusterA,10,3,3,0,1.00,0.5,0.5,0.0,0.0,0.0
2025-11-24 10:35:15,cluster_A,10,1,1,0,1.00,0.5,0.5,0.0,0.0,0.0
2025-11-24 10:35:15,clusterB,10,4,4,0,1.00,0.5,0.5,0.0,0.0,0.0
2025-11-24 10:35:37,clusterA,10,3,3,0,1.00,0.5,0.5,0.0,0.0,0.0
2025-11-24 10:35:37,cluster_A,10,1,1,0,1.00,0.5,0.5,0.0,0.0,0.0
2025-11-24 10:35:37,clusterB,10,4,4,0,1.00,0.5,0.5,0.0,0.0,0.0
2025-11-24 10:35:58,clusterA,10,3,3,0,1.00,0.5,0.5,0.0,0.0,0.0
2025-11-24 10:35:58,cluster_A,10,1,1,0,1.00,0.5,0.5,0.0,0.0,0.0
2025-11-24 10:35:58,clusterB,10,4,4,0,1.00,0.5,0.5,0.0,0.0,0.0
2025-11-24 10:36:21,clusterA,10,3,3,0,1.00,0.5,0.5,0.0,0.0,0.0
2025-11-24 10:36:21,cluster_A,10,1,1,0,1.00,0.5,0.5,0.0,0.0,0.0
2025-11-24 10:36:21,clusterB,10,4,4,0,1.00,0.5,0.5,0.0,0.0,0.0
2025-11-24 10:36:43,clusterA,10,3,3,0,1.00,0.5,0.5,0.0,0.0,0.0
2025-11-24 10:36:43,cluster_A,10,1,1,0,1.00,0.5,0.5,0.0,0.0,0.0
2025-11-24 10:36:43,clusterB,10,4,4,0,1.00,0.5,0.5,0.0,0.0,0.0
2025-11-24 10:37:04,clusterA,10,3,3,0,1.00,0.5,0.5,0.0,0.0,0.0
2025-11-24 10:37:04,cluster_A,10,1,1,0,1.00,0.5,0.5,0.0,0.0,0.0
2025-11-24 10:37:04,clusterB,10,4,4,0,1.00,0.5,0.5,0.0,0.0,0.0
2025-11-24 10:37:26,clusterA,10,3,3,0,1.00,0.5,0.5,0.0,0.0,0.0
2025-11-24 10:37:26,cluster_A,10,1,1,0,1.00,0.5,0.5,0.0,0.0,0.0
2025-11-24 10:37:26,clusterB,10,4,4,0,1.00,0.5,0.5,0.0,0.0,0.0
2025-11-24 10:37:48,clusterA,10,3,3,0,1.00,0.5,0.5,0.0,0.0,0.0
2025-11-24 10:37:48,cluster_A,10,1,1,0,1.00,0.5,0.5,0.0,0.0,0.0
2025-11-24 10:37:48,clusterB,10,4,4,0,1.00,0.5,0.5,0.0,0.0,0.0
2025-11-24 10:38:10,clusterA,10,3,3,0,1.00,0.5,0.5,0.0,0.0,0.0
2025-11-24 10:38:10,cluster_A,10,1,1,0,1.00,0.5,0.5,0.0,0.0,0.0
2025-11-24 10:38:10,clusterB,10,4,4,0,1.00,0.5,0.5,0.0,0.0,0.0
2025-11-24 10:38:32,clusterA,10,3,3,0,1.00,0.5,0.5,0.0,0.0,0.0
2025-11-24 10:38:32,cluster_A,10,1,1,0,1.00,0.5,0.5,0.0,0.0,0.0
2025-11-24 10:38:32,clusterB,10,4,4,0,1.00,0.5,0.5,0.0,0.0,0.0
2025-11-24 10:38:55,clusterA,10,3,3,0,1.00,0.5,0.5,0.0,0.0,0.0
2025-11-24 10:38:55,cluster_A,10,1,1,0,1.00,0.5,0.5,0.0,0.0,0.0
2025-11-24 10:38:55,clusterB,10,4,4,0,1.00,0.5,0.5,0.0,0.0,0.0
2025-11-24 10:39:17,clusterA,10,3,3,0,1.00,0.5,0.5,0.0,0.0,0.0
2025-11-24 10:39:17,cluster_A,10,1,1,0,1.00,0.5,0.5,0.0,0.0,0.0
2025-11-24 10:39:17,clusterB,10,4,4,0,1.00,0.5,0.5,0.0,0.0,0.0
2025-11-24 10:39:38,clusterA,10,3,3,0,1.00,0.5,0.5,0.0,0.0,0.0
2025-11-24 10:39:38,cluster_A,10,1,1,0,1.00,0.5,0.5,0.0,0.0,0.0
2025-11-24 10:39:38,clusterB,10,4,4,0,1.00,0.5,0.5,0.0,0.0,0.0
2025-11-24 10:40:00,clusterA,10,3,3,0,1.00,0.5,0.5,0.0,0.0,0.0
2025-11-24 10:40:00,cluster_A,10,1,1,0,1.00,0.5,0.5,0.0,0.0,0.0
2025-11-24 10:40:00,clusterB,10,4,4,0,1.00,0.5,0.5,0.0,0.0,0.0
2025-11-24 10:40:22,clusterA,10,3,3,0,1.00,0.5,0.5,0.0,0.0,0.0
2025-11-24 10:40:22,cluster_A,10,1,1,0,1.00,0.5,0.5,0.0,0.0,0.0
2025-11-24 10:40:22,clusterB,10,4,4,0,1.00,0.5,0.5,0.0,0.0,0.0
2025-11-24 10:40:44,clusterA,10,3,3,0,1.00,0.5,0.5,0.0,0.0,0.0
2025-11-24 10:40:44,cluster_A,10,1,1,0,1.00,0.5,0.5,0.0,0.0,0.0
2025-11-24 10:40:44,clusterB,10,4,4,0,1.00,0.5,0.5,0.0,0.0,0.0
2025-11-24 10:41:06,clusterA,10,3,3,0,1.00,0.5,0.5,0.0,0.0,0.0
2025-11-24 10:41:06,cluster_A,10,1,1,0,1.00,0.5,0.5,0.0,0.0,0.0
2025-11-24 10:41:06,clusterB,10,4,4,0,1.00,0.5,0.5,0.0,0.0,0.0
2025-11-24 10:41:29,clusterA,10,3,3,0,1.00,0.5,0.5,0.0,0.0,0.0
2025-11-24 10:41:29,cluster_A,10,1,1,0,1.00,0.5,0.5,0.0,0.0,0.0
2025-11-24 10:41:29,clusterB,10,4,4,0,1.00,0.5,0.5,0.0,0.0,0.0
2025-11-24 10:41:51,clusterA,10,3,3,0,1.00,0.5,0.5,0.0,0.0,0.0
2025-11-24 10:41:51,cluster_A,10,1,1,0,1.00,0.5,0.5,0.0,0.0,0.0
2025-11-24 10:41:51,clusterB,10,4,4,0,1.00,0.5,0.5,0.0,0.0,0.0
2025-11-24 10:42:13,clusterA,10,3,3,0,1.00,0.5,0.5,0.0,0.0,0.0
2025-11-24 10:42:13,cluster_A,10,1,1,0,1.00,0.5,0.5,0.0,0.0,0.0
2025-11-24 10:42:13,clusterB,10,4,4,0,1.00,0.5,0.5,0.0,0.0,0.0
2025-11-24 10:42:35,clusterA,10,3,3,0,1.00,0.5,0.5,0.0,0.0,0.0
2025-11-24 10:42:35,cluster_A,10,1,1,0,1.00,0.5,0.5,0.0,0.0,0.0
2025-11-24 10:42:35,clusterB,10,4,4,0,1.00,0.5,0.5,0.0,0.0,0.0
2025-11-24 10:42:57,clusterA,10,3,3,0,1.00,0.5,0.5,0.0,0.0,0.0
2025-11-24 10:42:57,cluster_A,10,1,1,0,1.00,0.5,0.5,0.0,0.0,0.0
2025-11-24 10:42:57,clusterB,10,4,4,0,1.00,0.5,0.5,0.0,0.0,0.0
2025-11-24 10:43:18,clusterA,10,3,3,0,1.00,0.5,0.5,0.0,0.0,0.0
2025-11-24 10:43:18,cluster_A,10,1,1,0,1.00,0.5,0.5,0.0,0.0,0.0
2025-11-24 10:43:18,clusterB,10,4,4,0,1.00,0.5,0.5,0.0,0.0,0.0
2025-11-24 10:43:41,clusterA,10,3,3,0,1.00,0.5,0.5,0.0,0.0,0.0
2025-11-24 10:43:41,cluster_A,10,1,1,0,1.00,0.5,0.5,0.0,0.0,0.0
2025-11-24 10:43:41,clusterB,10,4,4,0,1.00,0.5,0.5,0.0,0.0,0.0
2025-11-24 10:44:03,clusterA,10,3,3,0,1.00,0.5,0.5,0.0,0.0,0.0
2025-11-24 10:44:03,cluster_A,10,1,1,0,1.00,0.5,0.5,0.0,0.0,0.0
2025-11-24 10:44:03,clusterB,10,4,4,0,1.00,0.5,0.5,0.0,0.0,0.0
2025-11-24 10:44:25,clusterA,10,3,3,0,1.00,0.5,0.5,0.0,0.0,0.0
2025-11-24 10:44:25,cluster_A,10,1,1,0,1.00,0.5,0.5,0.0,0.0,0.0
2025-11-24 10:44:25,clusterB,10,4,4,0,1.00,0.5,0.5,0.0,0.0,0.0
2025-11-24 10:44:47,clusterA,10,3,3,0,1.00,0.5,0.5,0.0,0.0,0.0
2025-11-24 10:44:47,cluster_A,10,1,1,0,1.00,0.5,0.5,0.0,0.0,0.0
2025-11-24 10:44:47,clusterB,10,4,4,0,1.00,0.5,0.5,0.0,0.0,0.0
2025-11-24 10:45:09,clusterA,10,3,3,0,1.00,0.5,0.5,0.0,0.0,0.0
2025-11-24 10:45:09,cluster_A,10,1,1,0,1.00,0.5,0.5,0.0,0.0,0.0
2025-11-24 10:45:09,clusterB,10,4,4,0,1.00,0.5,0.5,0.0,0.0,0.0
2025-11-24 10:45:31,clusterA,10,3,3,0,1.00,0.5,0.5,0.0,0.0,0.0
2025-11-24 10:45:31,cluster_A,10,1,1,0,1.00,0.5,0.5,0.0,0.0,0.0
2025-11-24 10:45:31,clusterB,10,4,4,0,1.00,0.5,0.5,0.0,0.0,0.0
2025-11-24 10:45:53,clusterA,10,3,3,0,1.00,0.5,0.5,0.0,0.0,0.0
2025-11-24 10:45:53,cluster_A,10,1,1,0,1.00,0.5,0.5,0.0,0.0,0.0
2025-11-24 10:45:53,clusterB,10,4,4,0,1.00,0.5,0.5,0.0,0.0,0.0
2025-11-24 10:46:15,clusterA,10,3,3,0,1.00,0.5,0.5,0.0,0.0,0.0
2025-11-24 10:46:15,cluster_A,10,1,1,0,1.00,0.5,0.5,0.0,0.0,0.0
2025-11-24 10:46:15,clusterB,10,4,4,0,1.00,0.5,0.5,0.0,0.0,0.0
2025-11-24 10:46:36,clusterA,10,3,3,0,1.00,0.5,0.5,0.0,0.0,0.0
2025-11-24 10:46:36,cluster_A,10,1,1,0,1.00,0.5,0.5,0.0,0.0,0.0
2025-11-24 10:46:36,clusterB,10,4,4,0,1.00,0.5,0.5,0.0,0.0,0.0
2025-11-24 10:46:58,clusterA,10,3,3,0,1.00,0.5,0.5,0.0,0.0,0.0
2025-11-24 10:46:58,cluster_A,10,1,1,0,1.00,0.5,0.5,0.0,0.0,0.0
2025-11-24 10:46:58,clusterB,10,4,4,0,1.00,0.5,0.5,0.0,0.0,0.0
2025-11-24 10:47:20,clusterA,10,3,3,0,1.00,0.5,0.5,0.0,0.0,0.0
2025-11-24 10:47:20,cluster_A,10,1,1,0,1.00,0.5,0.5,0.0,0.0,0.0
2025-11-24 10:47:20,clusterB,10,4,4,0,1.00,0.5,0.5,0.0,0.0,0.0
2025-11-24 10:47:41,clusterA,10,3,3,0,1.00,0.5,0.5,0.0,0.0,0.0
2025-11-24 10:47:41,cluster_A,10,1,1,0,1.00,0.5,0.5,0.0,0.0,0.0
2025-11-24 10:47:41,clusterB,10,4,4,0,1.00,0.5,0.5,0.0,0.0,0.0
2025-11-24 10:48:03,clusterA,10,3,3,0,1.00,0.5,0.5,0.0,0.0,0.0
2025-11-24 10:48:03,cluster_A,10,1,1,0,1.00,0.5,0.5,0.0,0.0,0.0
2025-11-24 10:48:03,clusterB,10,4,4,0,1.00,0.5,0.5,0.0,0.0,0.0
2025-11-24 10:48:25,clusterA,10,3,3,0,1.00,0.5,0.5,0.0,0.0,0.0
2025-11-24 10:48:25,cluster_A,10,1,1,0,1.00,0.5,0.5,0.0,0.0,0.0
2025-11-24 10:48:25,clusterB,10,4,4,0,1.00,0.5,0.5,0.0,0.0,0.0
2025-11-24 10:48:46,clusterA,10,3,3,0,1.00,0.5,0.5,0.0,0.0,0.0
2025-11-24 10:48:46,cluster_A,10,1,1,0,1.00,0.5,0.5,0.0,0.0,0.0
2025-11-24 10:48:46,clusterB,10,4,4,0,1.00,0.5,0.5,0.0,0.0,0.0
2025-11-24 10:49:08,clusterA,10,3,3,0,1.00,0.5,0.5,0.0,0.0,0.0
2025-11-24 10:49:08,cluster_A,10,1,1,0,1.00,0.5,0.5,0.0,0.0,0.0
2025-11-24 10:49:08,clusterB,10,4,4,0,1.00,0.5,0.5,0.0,0.0,0.0
2025-11-24 10:49:30,clusterA,10,3,3,0,1.00,0.5,0.5,0.0,0.0,0.0
2025-11-24 10:49:30,cluster_A,10,1,1,0,1.00,0.5,0.5,0.0,0.0,0.0
2025-11-24 10:49:30,clusterB,10,4,4,0,1.00,0.5,0.5,0.0,0.0,0.0
2025-11-24 10:49:51,clusterA,10,3,3,0,1.00,0.5,0.5,0.0,0.0,0.0
2025-11-24 10:49:51,cluster_A,10,1,1,0,1.00,0.5,0.5,0.0,0.0,0.0
2025-11-24 10:49:51,clusterB,10,4,4,0,1.00,0.5,0.5,0.0,0.0,0.0
2025-11-24 10:50:13,clusterA,10,3,3,0,1.00,0.5,0.5,0.0,0.0,0.0
2025-11-24 10:50:13,cluster_A,10,1,1,0,1.00,0.5,0.5,0.0,0.0,0.0
2025-11-24 10:50:13,clusterB,10,4,4,0,1.00,0.5,0.5,0.0,0.0,0.0
2025-11-24 10:50:35,clusterA,10,3,3,0,1.00,0.5,0.5,0.0,0.0,0.0
2025-11-24 10:50:35,cluster_A,10,1,1,0,1.00,0.5,0.5,0.0,0.0,0.0
2025-11-24 10:50:35,clusterB,10,4,4,0,1.00,0.5,0.5,0.0,0.0,0.0
2025-11-24 10:50:56,clusterA,10,3,3,0,1.00,0.5,0.5,0.0,0.0,0.0
2025-11-24 10:50:56,cluster_A,10,1,1,0,1.00,0.5,0.5,0.0,0.0,0.0
2025-11-24 10:50:56,clusterB,10,4,4,0,1.00,0.5,0.5,0.0,0.0,0.0
2025-11-24 10:51:18,clusterA,10,3,3,0,1.00,0.5,0.5,0.0,0.0,0.0
2025-11-24 10:51:18,cluster_A,10,1,1,0,1.00,0.5,0.5,0.0,0.0,0.0
2025-11-24 10:51:18,clusterB,10,4,4,0,1.00,0.5,0.5,0.0,0.0,0.0
2025-11-24 10:51:40,clusterA,10,3,3,0,1.00,0.5,0.5,0.0,0.0,0.0
2025-11-24 10:51:40,cluster_A,10,1,1,0,1.00,0.5,0.5,0.0,0.0,0.0
2025-11-24 10:51:40,clusterB,10,4,4,0,1.00,0.5,0.5,0.0,0.0,0.0
2025-11-24 10:52:01,clusterA,10,3,3,0,1.00,0.5,0.5,0.0,0.0,0.0
2025-11-24 10:52:01,cluster_A,10,1,1,0,1.00,0.5,0.5,0.0,0.0,0.0
2025-11-24 10:52:01,clusterB,10,4,4,0,1.00,0.5,0.5,0.0,0.0,0.0
2025-11-24 10:52:23,clusterA,10,3,3,0,1.00,0.5,0.5,0.0,0.0,0.0
2025-11-24 10:52:23,cluster_A,10,1,1,0,1.00,0.5,0.5,0.0,0.0,0.0
2025-11-24 10:52:23,clusterB,10,4,4,0,1.00,0.5,0.5,0.0,0.0,0.0
2025-11-24 10:52:45,clusterA,10,3,3,0,1.00,0.5,0.5,0.0,0.0,0.0
2025-11-24 10:52:45,cluster_A,10,1,1,0,1.00,0.5,0.5,0.0,0.0,0.0
2025-11-24 10:52:45,clusterB,10,4,4,0,1.00,0.5,0.5,0.0,0.0,0.0
2025-11-24 10:53:07,clusterA,10,3,3,0,1.00,0.5,0.5,0.0,0.0,0.0
2025-11-24 10:53:07,cluster_A,10,1,1,0,1.00,0.5,0.5,0.0,0.0,0.0
2025-11-24 10:53:07,clusterB,10,4,4,0,1.00,0.5,0.5,0.0,0.0,0.0
2025-11-24 10:53:28,clusterA,10,3,3,0,1.00,0.5,0.5,0.0,0.0,0.0
2025-11-24 10:53:28,cluster_A,10,1,1,0,1.00,0.5,0.5,0.0,0.0,0.0
2025-11-24 10:53:28,clusterB,10,4,4,0,1.00,0.5,0.5,0.0,0.0,0.0
2025-11-24 10:53:50,clusterA,10,3,3,0,1.00,0.5,0.5,0.0,0.0,0.0
2025-11-24 10:53:50,cluster_A,10,1,1,0,1.00,0.5,0.5,0.0,0.0,0.0
2025-11-24 10:53:50,clusterB,10,4,4,0,1.00,0.5,0.5,0.0,0.0,0.0
2025-11-24 10:54:12,clusterA,10,3,3,0,1.00,0.5,0.5,0.0,0.0,0.0
2025-11-24 10:54:12,cluster_A,10,1,1,0,1.00,0.5,0.5,0.0,0.0,0.0
2025-11-24 10:54:12,clusterB,10,4,4,0,1.00,0.5,0.5,0.0,0.0,0.0
2025-11-24 10:54:34,clusterA,10,3,3,0,1.00,0.5,0.5,0.0,0.0,0.0
2025-11-24 10:54:34,cluster_A,10,1,1,0,1.00,0.5,0.5,0.0,0.0,0.0
2025-11-24 10:54:34,clusterB,10,4,4,0,1.00,0.5,0.5,0.0,0.0,0.0
2025-11-24 10:54:56,clusterA,10,3,3,0,1.00,0.5,0.5,0.0,0.0,0.0
2025-11-24 10:54:56,cluster_A,10,1,1,0,1.00,0.5,0.5,0.0,0.0,0.0
2025-11-24 10:54:56,clusterB,10,4,4,0,1.00,0.5,0.5,0.0,0.0,0.0
2025-11-24 10:55:18,clusterA,10,3,3,0,1.00,0.5,0.5,0.0,0.0,0.0
2025-11-24 10:55:18,cluster_A,10,1,1,0,1.00,0.5,0.5,0.0,0.0,0.0
2025-11-24 10:55:18,clusterB,10,4,4,0,1.00,0.5,0.5,0.0,0.0,0.0
2025-11-24 10:55:40,clusterA,10,3,3,0,1.00,0.5,0.5,0.0,0.0,0.0
2025-11-24 10:55:40,cluster_A,10,1,1,0,1.00,0.5,0.5,0.0,0.0,0.0
2025-11-24 10:55:40,clusterB,10,4,4,0,1.00,0.5,0.5,0.0,0.0,0.0
2025-11-24 10:56:01,clusterA,10,3,3,0,1.00,0.5,0.5,0.0,0.0,0.0
2025-11-24 10:56:01,cluster_A,10,1,1,0,1.00,0.5,0.5,0.0,0.0,0.0
2025-11-24 10:56:01,clusterB,10,4,4,0,1.00,0.5,0.5,0.0,0.0,0.0
2025-11-24 10:56:23,clusterA,10,3,3,0,1.00,0.5,0.5,0.0,0.0,0.0
2025-11-24 10:56:23,cluster_A,10,1,1,0,1.00,0.5,0.5,0.0,0.0,0.0
2025-11-24 10:56:23,clusterB,10,4,4,0,1.00,0.5,0.5,0.0,0.0,0.0
2025-11-24 10:56:45,clusterA,10,3,3,0,1.00,0.5,0.5,0.0,0.0,0.0
2025-11-24 10:56:45,cluster_A,10,1,1,0,1.00,0.5,0.5,0.0,0.0,0.0
2025-11-24 10:56:45,clusterB,10,4,4,0,1.00,0.5,0.5,0.0,0.0,0.0
2025-11-24 10:57:07,clusterA,10,3,3,0,1.00,0.5,0.5,0.0,0.0,0.0
2025-11-24 10:57:07,cluster_A,10,1,1,0,1.00,0.5,0.5,0.0,0.0,0.0
2025-11-24 10:57:07,clusterB,10,4,4,0,1.00,0.5,0.5,0.0,0.0,0.0
2025-11-24 10:57:28,clusterA,10,3,3,0,1.00,0.5,0.5,0.0,0.0,0.0
2025-11-24 10:57:28,cluster_A,10,1,1,0,1.00,0.5,0.5,0.0,0.0,0.0
2025-11-24 10:57:28,clusterB,10,4,4,0,1.00,0.5,0.5,0.0,0.0,0.0
2025-11-24 10:57:50,clusterA,10,3,3,0,1.00,0.5,0.5,0.0,0.0,0.0
2025-11-24 10:57:50,cluster_A,10,1,1,0,1.00,0.5,0.5,0.0,0.0,0.0
2025-11-24 10:57:50,clusterB,10,4,4,0,1.00,0.5,0.5,0.0,0.0,0.0
2025-11-24 10:58:11,clusterA,10,3,3,0,1.00,0.5,0.5,0.0,0.0,0.0
2025-11-24 10:58:11,cluster_A,10,1,1,0,1.00,0.5,0.5,0.0,0.0,0.0
2025-11-24 10:58:11,clusterB,10,4,4,0,1.00,0.5,0.5,0.0,0.0,0.0
2025-11-24 10:58:33,clusterA,10,3,3,0,1.00,0.5,0.5,0.0,0.0,0.0
2025-11-24 10:58:33,cluster_A,10,1,1,0,1.00,0.5,0.5,0.0,0.0,0.0
2025-11-24 10:58:33,clusterB,10,4,4,0,1.00,0.5,0.5,0.0,0.0,0.0
2025-11-24 10:58:54,clusterA,10,3,3,0,1.00,0.5,0.5,0.0,0.0,0.0
2025-11-24 10:58:54,cluster_A,10,1,1,0,1.00,0.5,0.5,0.0,0.0,0.0
2025-11-24 10:58:54,clusterB,10,4,4,0,1.00,0.5,0.5,0.0,0.0,0.0
2025-11-24 10:59:16,clusterA,10,3,3,0,1.00,0.5,0.5,0.0,0.0,0.0
2025-11-24 10:59:16,cluster_A,10,1,1,0,1.00,0.5,0.5,0.0,0.0,0.0
2025-11-24 10:59:16,clusterB,10,4,4,0,1.00,0.5,0.5,0.0,0.0,0.0
2025-11-24 10:59:38,clusterA,10,3,3,0,1.00,0.5,0.5,0.0,0.0,0.0
2025-11-24 10:59:38,cluster_A,10,1,1,0,1.00,0.5,0.5,0.0,0.0,0.0
2025-11-24 10:59:38,clusterB,10,4,4,0,1.00,0.5,0.5,0.0,0.0,0.0
2025-11-24 11:00:00,clusterA,10,3,3,0,1.00,0.5,0.5,0.0,0.0,0.0
2025-11-24 11:00:00,cluster_A,10,1,1,0,1.00,0.5,0.5,0.0,0.0,0.0
2025-11-24 11:00:00,clusterB,10,4,4,0,1.00,0.5,0.5,0.0,0.0,0.0
2025-11-24 11:00:22,clusterA,10,3,3,0,1.00,0.5,0.5,0.0,0.0,0.0
2025-11-24 11:00:22,cluster_A,10,1,1,0,1.00,0.5,0.5,0.0,0.0,0.0
2025-11-24 11:00:22,clusterB,10,4,4,0,1.00,0.5,0.5,0.0,0.0,0.0
2025-11-24 11:00:44,clusterA,10,3,3,0,1.00,0.5,0.5,0.0,0.0,0.0
2025-11-24 11:00:44,cluster_A,10,1,1,0,1.00,0.5,0.5,0.0,0.0,0.0
2025-11-24 11:00:44,clusterB,10,4,4,0,1.00,0.5,0.5,0.0,0.0,0.0
2025-11-24 11:01:06,clusterA,10,3,3,0,1.00,0.5,0.5,0.0,0.0,0.0
2025-11-24 11:01:06,cluster_A,10,1,1,0,1.00,0.5,0.5,0.0,0.0,0.0
2025-11-24 11:01:06,clusterB,10,4,4,0,1.00,0.5,0.5,0.0,0.0,0.0
2025-11-24 11:01:28,clusterA,10,3,3,0,1.00,0.5,0.5,0.0,0.0,0.0
2025-11-24 11:01:28,cluster_A,10,1,1,0,1.00,0.5,0.5,0.0,0.0,0.0
2025-11-24 11:01:28,clusterB,10,4,4,0,1.00,0.5,0.5,0.0,0.0,0.0
2025-11-24 11:01:50,clusterA,10,3,3,0,1.00,0.5,0.5,0.0,0.0,0.0
2025-11-24 11:01:50,cluster_A,10,1,1,0,1.00,0.5,0.5,0.0,0.0,0.0
2025-11-24 11:01:50,clusterB,10,4,4,0,1.00,0.5,0.5,0.0,0.0,0.0
2025-11-24 11:02:12,clusterA,10,3,3,0,1.00,0.5,0.5,0.0,0.0,0.0
2025-11-24 11:02:12,cluster_A,10,1,1,0,1.00,0.5,0.5,0.0,0.0,0.0
2025-11-24 11:02:12,clusterB,10,4,4,0,1.00,0.5,0.5,0.0,0.0,0.0
2025-11-24 11:02:33,clusterA,10,3,3,0,1.00,0.5,0.5,0.0,0.0,0.0
2025-11-24 11:02:33,cluster_A,10,1,1,0,1.00,0.5,0.5,0.0,0.0,0.0
2025-11-24 11:02:33,clusterB,10,4,4,0,1.00,0.5,0.5,0.0,0.0,0.0
2025-11-24 11:02:55,clusterA,10,3,3,0,1.00,0.5,0.5,0.0,0.0,0.0
2025-11-24 11:02:55,cluster_A,10,1,1,0,1.00,0.5,0.5,0.0,0.0,0.0
2025-11-24 11:02:55,clusterB,10,4,4,0,1.00,0.5,0.5,0.0,0.0,0.0
2025-11-24 11:03:17,clusterA,10,3,3,0,1.00,0.5,0.5,0.0,0.0,0.0
2025-11-24 11:03:17,cluster_A,10,1,1,0,1.00,0.5,0.5,0.0,0.0,0.0
2025-11-24 11:03:17,clusterB,10,4,4,0,1.00,0.5,0.5,0.0,0.0,0.0
2025-11-24 11:03:39,clusterA,10,3,3,0,1.00,0.5,0.5,0.0,0.0,0.0
2025-11-24 11:03:39,cluster_A,10,1,1,0,1.00,0.5,0.5,0.0,0.0,0.0
2025-11-24 11:03:39,clusterB,10,4,4,0,1.00,0.5,0.5,0.0,0.0,0.0
2025-11-24 11:04:00,clusterA,10,3,3,0,1.00,0.5,0.5,0.0,0.0,0.0
2025-11-24 11:04:00,cluster_A,10,1,1,0,1.00,0.5,0.5,0.0,0.0,0.0
2025-11-24 11:04:00,clusterB,10,4,4,0,1.00,0.5,0.5,0.0,0.0,0.0
2025-11-24 11:04:22,clusterA,10,3,3,0,1.00,0.5,0.5,0.0,0.0,0.0
2025-11-24 11:04:22,cluster_A,10,1,1,0,1.00,0.5,0.5,0.0,0.0,0.0
2025-11-24 11:04:22,clusterB,10,4,4,0,1.00,0.5,0.5,0.0,0.0,0.0
2025-11-24 11:04:44,clusterA,10,3,3,0,1.00,0.5,0.5,0.0,0.0,0.0
2025-11-24 11:04:44,cluster_A,10,1,1,0,1.00,0.5,0.5,0.0,0.0,0.0
2025-11-24 11:04:44,clusterB,10,4,4,0,1.00,0.5,0.5,0.0,0.0,0.0
2025-11-24 11:05:05,clusterA,10,3,3,0,1.00,0.5,0.5,0.0,0.0,0.0
2025-11-24 11:05:05,cluster_A,10,1,1,0,1.00,0.5,0.5,0.0,0.0,0.0
2025-11-24 11:05:05,clusterB,10,4,4,0,1.00,0.5,0.5,0.0,0.0,0.0
2025-11-24 11:05:27,clusterA,10,3,3,0,1.00,0.5,0.5,0.0,0.0,0.0
2025-11-24 11:05:27,cluster_A,10,1,1,0,1.00,0.5,0.5,0.0,0.0,0.0
2025-11-24 11:05:27,clusterB,10,4,4,0,1.00,0.5,0.5,0.0,0.0,0.0
2025-11-24 11:05:49,clusterA,10,3,3,0,1.00,0.5,0.5,0.0,0.0,0.0
2025-11-24 11:05:49,cluster_A,10,1,1,0,1.00,0.5,0.5,0.0,0.0,0.0
2025-11-24 11:05:49,clusterB,10,4,4,0,1.00,0.5,0.5,0.0,0.0,0.0
2025-11-24 11:06:11,clusterA,10,3,3,0,1.00,0.5,0.5,0.0,0.0,0.0
2025-11-24 11:06:11,cluster_A,10,1,1,0,1.00,0.5,0.5,0.0,0.0,0.0
2025-11-24 11:06:11,clusterB,10,4,4,0,1.00,0.5,0.5,0.0,0.0,0.0
2025-11-24 11:06:33,clusterA,10,3,3,0,1.00,0.5,0.5,0.0,0.0,0.0
2025-11-24 11:06:33,cluster_A,10,1,1,0,1.00,0.5,0.5,0.0,0.0,0.0
2025-11-24 11:06:33,clusterB,10,4,4,0,1.00,0.5,0.5,0.0,0.0,0.0
2025-11-24 11:06:55,clusterA,10,3,3,0,1.00,0.5,0.5,0.0,0.0,0.0
2025-11-24 11:06:55,cluster_A,10,1,1,0,1.00,0.5,0.5,0.0,0.0,0.0
2025-11-24 11:06:55,clusterB,10,4,4,0,1.00,0.5,0.5,0.0,0.0,0.0
2025-11-24 11:07:16,clusterA,10,3,3,0,1.00,0.5,0.5,0.0,0.0,0.0
2025-11-24 11:07:16,cluster_A,10,1,1,0,1.00,0.5,0.5,0.0,0.0,0.0
2025-11-24 11:07:16,clusterB,10,4,4,0,1.00,0.5,0.5,0.0,0.0,0.0
2025-11-24 11:07:38,clusterA,10,3,3,0,1.00,0.5,0.5,0.0,0.0,0.0
2025-11-24 11:07:38,cluster_A,10,1,1,0,1.00,0.5,0.5,0.0,0.0,0.0
2025-11-24 11:07:38,clusterB,10,4,4,0,1.00,0.5,0.5,0.0,0.0,0.0
2025-11-24 11:08:00,clusterA,10,3,3,0,1.00,0.5,0.5,0.0,0.0,0.0
2025-11-24 11:08:00,cluster_A,10,1,1,0,1.00,0.5,0.5,0.0,0.0,0.0
2025-11-24 11:08:00,clusterB,10,4,4,0,1.00,0.5,0.5,0.0,0.0,0.0
2025-11-24 11:08:22,clusterA,10,3,3,0,1.00,0.5,0.5,0.0,0.0,0.0
2025-11-24 11:08:22,cluster_A,10,1,1,0,1.00,0.5,0.5,0.0,0.0,0.0
2025-11-24 11:08:22,clusterB,10,4,4,0,1.00,0.5,0.5,0.0,0.0,0.0
2025-11-24 11:08:43,clusterA,10,3,3,0,1.00,0.5,0.5,0.0,0.0,0.0
2025-11-24 11:08:43,cluster_A,10,1,1,0,1.00,0.5,0.5,0.0,0.0,0.0
2025-11-24 11:08:43,clusterB,10,4,4,0,1.00,0.5,0.5,0.0,0.0,0.0
2025-11-24 11:09:05,clusterA,10,3,3,0,1.00,0.5,0.5,0.0,0.0,0.0
2025-11-24 11:09:05,cluster_A,10,1,1,0,1.00,0.5,0.5,0.0,0.0,0.0
2025-11-24 11:09:05,clusterB,10,4,4,0,1.00,0.5,0.5,0.0,0.0,0.0
2025-11-24 11:09:27,clusterA,10,3,3,0,1.00,0.5,0.5,0.0,0.0,0.0
2025-11-24 11:09:27,cluster_A,10,1,1,0,1.00,0.5,0.5,0.0,0.0,0.0
2025-11-24 11:09:27,clusterB,10,4,4,0,1.00,0.5,0.5,0.0,0.0,0.0
2025-11-24 11:09:49,clusterA,10,3,3,0,1.00,0.5,0.5,0.0,0.0,0.0
2025-11-24 11:09:49,cluster_A,10,1,1,0,1.00,0.5,0.5,0.0,0.0,0.0
2025-11-24 11:09:49,clusterB,10,4,4,0,1.00,0.5,0.5,0.0,0.0,0.0
2025-11-24 11:10:11,clusterA,10,3,3,0,1.00,0.5,0.5,0.0,0.0,0.0
2025-11-24 11:10:11,cluster_A,10,1,1,0,1.00,0.5,0.5,0.0,0.0,0.0
2025-11-24 11:10:11,clusterB,10,4,4,0,1.00,0.5,0.5,0.0,0.0,0.0
2025-11-24 11:10:32,clusterA,10,3,3,0,1.00,0.5,0.5,0.0,0.0,0.0
2025-11-24 11:10:32,cluster_A,10,1,1,0,1.00,0.5,0.5,0.0,0.0,0.0
2025-11-24 11:10:32,clusterB,10,4,4,0,1.00,0.5,0.5,0.0,0.0,0.0
2025-11-24 11:10:54,clusterA,10,3,3,0,1.00,0.5,0.5,0.0,0.0,0.0
2025-11-24 11:10:54,cluster_A,10,1,1,0,1.00,0.5,0.5,0.0,0.0,0.0
2025-11-24 11:10:54,clusterB,10,4,4,0,1.00,0.5,0.5,0.0,0.0,0.0
2025-11-24 11:11:16,clusterA,10,3,3,0,1.00,0.5,0.5,0.0,0.0,0.0
2025-11-24 11:11:16,cluster_A,10,1,1,0,1.00,0.5,0.5,0.0,0.0,0.0
2025-11-24 11:11:16,clusterB,10,4,4,0,1.00,0.5,0.5,0.0,0.0,0.0
2025-11-24 11:11:38,clusterA,10,3,3,0,1.00,0.5,0.5,0.0,0.0,0.0
2025-11-24 11:11:38,cluster_A,10,1,1,0,1.00,0.5,0.5,0.0,0.0,0.0
2025-11-24 11:11:38,clusterB,10,4,4,0,1.00,0.5,0.5,0.0,0.0,0.0
2025-11-24 11:12:00,clusterA,10,3,3,0,1.00,0.5,0.5,0.0,0.0,0.0
2025-11-24 11:12:00,cluster_A,10,1,1,0,1.00,0.5,0.5,0.0,0.0,0.0
2025-11-24 11:12:00,clusterB,10,4,4,0,1.00,0.5,0.5,0.0,0.0,0.0
2025-11-24 11:12:21,clusterA,10,3,3,0,1.00,0.5,0.5,0.0,0.0,0.0
2025-11-24 11:12:21,cluster_A,10,1,1,0,1.00,0.5,0.5,0.0,0.0,0.0
2025-11-24 11:12:21,clusterB,10,4,4,0,1.00,0.5,0.5,0.0,0.0,0.0
2025-11-24 11:12:43,clusterA,10,3,3,0,1.00,0.5,0.5,0.0,0.0,0.0
2025-11-24 11:12:43,cluster_A,10,1,1,0,1.00,0.5,0.5,0.0,0.0,0.0
2025-11-24 11:12:43,clusterB,10,4,4,0,1.00,0.5,0.5,0.0,0.0,0.0
2025-11-24 11:13:04,clusterA,10,3,3,0,1.00,0.5,0.5,0.0,0.0,0.0
2025-11-24 11:13:04,cluster_A,10,1,1,0,1.00,0.5,0.5,0.0,0.0,0.0
2025-11-24 11:13:04,clusterB,10,4,4,0,1.00,0.5,0.5,0.0,0.0,0.0
2025-11-24 11:13:26,clusterA,10,3,3,0,1.00,0.5,0.5,0.0,0.0,0.0
2025-11-24 11:13:26,cluster_A,10,1,1,0,1.00,0.5,0.5,0.0,0.0,0.0
2025-11-24 11:13:26,clusterB,10,4,4,0,1.00,0.5,0.5,0.0,0.0,0.0
2025-11-24 11:13:48,clusterA,10,3,3,0,1.00,0.5,0.5,0.0,0.0,0.0
2025-11-24 11:13:48,cluster_A,10,1,1,0,1.00,0.5,0.5,0.0,0.0,0.0
2025-11-24 11:13:48,clusterB,10,4,4,0,1.00,0.5,0.5,0.0,0.0,0.0
2025-11-24 11:14:10,clusterA,10,3,3,0,1.00,0.5,0.5,0.0,0.0,0.0
2025-11-24 11:14:10,cluster_A,10,1,1,0,1.00,0.5,0.5,0.0,0.0,0.0
2025-11-24 11:14:10,clusterB,10,4,4,0,1.00,0.5,0.5,0.0,0.0,0.0
2025-11-24 11:14:32,clusterA,10,3,3,0,1.00,0.5,0.5,0.0,0.0,0.0
2025-11-24 11:14:32,cluster_A,10,1,1,0,1.00,0.5,0.5,0.0,0.0,0.0
2025-11-24 11:14:32,clusterB,10,4,4,0,1.00,0.5,0.5,0.0,0.0,0.0
2025-11-24 11:14:54,clusterA,10,3,3,0,1.00,0.5,0.5,0.0,0.0,0.0
2025-11-24 11:14:54,cluster_A,10,1,1,0,1.00,0.5,0.5,0.0,0.0,0.0
2025-11-24 11:14:54,clusterB,10,4,4,0,1.00,0.5,0.5,0.0,0.0,0.0
2025-11-24 11:15:15,clusterA,10,3,3,0,1.00,0.5,0.5,0.0,0.0,0.0
2025-11-24 11:15:15,cluster_A,10,1,1,0,1.00,0.5,0.5,0.0,0.0,0.0
2025-11-24 11:15:15,clusterB,10,4,4,0,1.00,0.5,0.5,0.0,0.0,0.0
2025-11-24 11:15:37,clusterA,10,3,3,0,1.00,0.5,0.5,0.0,0.0,0.0
2025-11-24 11:15:37,cluster_A,10,1,1,0,1.00,0.5,0.5,0.0,0.0,0.0
2025-11-24 11:15:37,clusterB,10,4,4,0,1.00,0.5,0.5,0.0,0.0,0.0
2025-11-24 11:15:59,clusterA,10,3,3,0,1.00,0.5,0.5,0.0,0.0,0.0
2025-11-24 11:15:59,cluster_A,10,1,1,0,1.00,0.5,0.5,0.0,0.0,0.0
2025-11-24 11:15:59,clusterB,10,4,4,0,1.00,0.5,0.5,0.0,0.0,0.0
2025-11-24 11:16:20,clusterA,10,3,3,0,1.00,0.5,0.5,0.0,0.0,0.0
2025-11-24 11:16:20,cluster_A,10,1,1,0,1.00,0.5,0.5,0.0,0.0,0.0
2025-11-24 11:16:20,clusterB,10,4,4,0,1.00,0.5,0.5,0.0,0.0,0.0
2025-11-24 11:16:42,clusterA,10,3,3,0,1.00,0.5,0.5,0.0,0.0,0.0
2025-11-24 11:16:42,cluster_A,10,1,1,0,1.00,0.5,0.5,0.0,0.0,0.0
2025-11-24 11:16:42,clusterB,10,4,4,0,1.00,0.5,0.5,0.0,0.0,0.0
2025-11-24 11:17:04,clusterA,10,3,3,0,1.00,0.5,0.5,0.0,0.0,0.0
2025-11-24 11:17:04,cluster_A,10,1,1,0,1.00,0.5,0.5,0.0,0.0,0.0
2025-11-24 11:17:04,clusterB,10,4,4,0,1.00,0.5,0.5,0.0,0.0,0.0
2025-11-24 11:17:26,clusterA,10,3,3,0,1.00,0.5,0.5,0.0,0.0,0.0
2025-11-24 11:17:26,cluster_A,10,1,1,0,1.00,0.5,0.5,0.0,0.0,0.0
2025-11-24 11:17:26,clusterB,10,4,4,0,1.00,0.5,0.5,0.0,0.0,0.0
2025-11-24 11:17:47,clusterA,10,3,3,0,1.00,0.5,0.5,0.0,0.0,0.0
2025-11-24 11:17:47,cluster_A,10,1,1,0,1.00,0.5,0.5,0.0,0.0,0.0
2025-11-24 11:17:47,clusterB,10,4,4,0,1.00,0.5,0.5,0.0,0.0,0.0
2025-11-24 11:18:08,clusterA,10,3,3,0,1.00,0.5,0.5,0.0,0.0,0.0
2025-11-24 11:18:08,cluster_A,10,1,1,0,1.00,0.5,0.5,0.0,0.0,0.0
2025-11-24 11:18:08,clusterB,10,4,4,0,1.00,0.5,0.5,0.0,0.0,0.0
2025-11-24 11:18:30,clusterA,10,3,3,0,1.00,0.5,0.5,0.0,0.0,0.0
2025-11-24 11:18:30,cluster_A,10,1,1,0,1.00,0.5,0.5,0.0,0.0,0.0
2025-11-24 11:18:30,clusterB,10,4,4,0,1.00,0.5,0.5,0.0,0.0,0.0
2025-11-24 11:18:52,clusterA,10,3,3,0,1.00,0.5,0.5,0.0,0.0,0.0
2025-11-24 11:18:52,cluster_A,10,1,1,0,1.00,0.5,0.5,0.0,0.0,0.0
2025-11-24 11:18:52,clusterB,10,4,4,0,1.00,0.5,0.5,0.0,0.0,0.0
2025-11-24 11:19:14,clusterA,10,3,3,0,1.00,0.5,0.5,0.0,0.0,0.0
2025-11-24 11:19:14,cluster_A,10,1,1,0,1.00,0.5,0.5,0.0,0.0,0.0
2025-11-24 11:19:14,clusterB,10,4,4,0,1.00,0.5,0.5,0.0,0.0,0.0
2025-11-24 11:19:36,clusterA,10,3,3,0,1.00,0.5,0.5,0.0,0.0,0.0
2025-11-24 11:19:36,cluster_A,10,1,1,0,1.00,0.5,0.5,0.0,0.0,0.0
2025-11-24 11:19:36,clusterB,10,4,4,0,1.00,0.5,0.5,0.0,0.0,0.0
2025-11-24 11:19:57,clusterA,10,3,3,0,1.00,0.5,0.5,0.0,0.0,0.0
2025-11-24 11:19:57,cluster_A,10,1,1,0,1.00,0.5,0.5,0.0,0.0,0.0
2025-11-24 11:19:57,clusterB,10,4,4,0,1.00,0.5,0.5,0.0,0.0,0.0
2025-11-24 11:20:19,clusterA,10,3,3,0,1.00,0.5,0.5,0.0,0.0,0.0
2025-11-24 11:20:19,cluster_A,10,1,1,0,1.00,0.5,0.5,0.0,0.0,0.0
2025-11-24 11:20:19,clusterB,10,4,4,0,1.00,0.5,0.5,0.0,0.0,0.0
2025-11-24 11:20:41,clusterA,10,3,3,0,1.00,0.5,0.5,0.0,0.0,0.0
2025-11-24 11:20:41,cluster_A,10,1,1,0,1.00,0.5,0.5,0.0,0.0,0.0
2025-11-24 11:20:41,clusterB,10,4,4,0,1.00,0.5,0.5,0.0,0.0,0.0
2025-11-24 11:21:02,clusterA,10,3,3,0,1.00,0.5,0.5,0.0,0.0,0.0
2025-11-24 11:21:02,cluster_A,10,1,1,0,1.00,0.5,0.5,0.0,0.0,0.0
2025-11-24 11:21:02,clusterB,10,4,4,0,1.00,0.5,0.5,0.0,0.0,0.0
2025-11-24 11:21:24,clusterA,10,3,3,0,1.00,0.5,0.5,0.0,0.0,0.0
2025-11-24 11:21:24,cluster_A,10,1,1,0,1.00,0.5,0.5,0.0,0.0,0.0
2025-11-24 11:21:24,clusterB,10,4,4,0,1.00,0.5,0.5,0.0,0.0,0.0
2025-11-24 11:21:46,clusterA,10,3,3,0,1.00,0.5,0.5,0.0,0.0,0.0
2025-11-24 11:21:46,cluster_A,10,1,1,0,1.00,0.5,0.5,0.0,0.0,0.0
2025-11-24 11:21:46,clusterB,10,4,4,0,1.00,0.5,0.5,0.0,0.0,0.0
2025-11-24 11:22:08,clusterA,10,3,3,0,1.00,0.5,0.5,0.0,0.0,0.0
2025-11-24 11:22:08,cluster_A,10,1,1,0,1.00,0.5,0.5,0.0,0.0,0.0
2025-11-24 11:22:08,clusterB,10,4,4,0,1.00,0.5,0.5,0.0,0.0,0.0
2025-11-24 11:22:29,clusterA,10,3,3,0,1.00,0.5,0.5,0.0,0.0,0.0
2025-11-24 11:22:29,cluster_A,10,1,1,0,1.00,0.5,0.5,0.0,0.0,0.0
2025-11-24 11:22:29,clusterB,10,4,4,0,1.00,0.5,0.5,0.0,0.0,0.0
2025-11-24 11:22:51,clusterA,10,3,3,0,1.00,0.5,0.5,0.0,0.0,0.0
2025-11-24 11:22:51,cluster_A,10,1,1,0,1.00,0.5,0.5,0.0,0.0,0.0
2025-11-24 11:22:51,clusterB,10,4,4,0,1.00,0.5,0.5,0.0,0.0,0.0
2025-11-24 11:23:13,clusterA,10,3,3,0,1.00,0.5,0.5,0.0,0.0,0.0
2025-11-24 11:23:13,cluster_A,10,1,1,0,1.00,0.5,0.5,0.0,0.0,0.0
2025-11-24 11:23:13,clusterB,10,4,4,0,1.00,0.5,0.5,0.0,0.0,0.0
2025-11-24 11:23:35,clusterA,10,3,3,0,1.00,0.5,0.5,0.0,0.0,0.0
2025-11-24 11:23:35,cluster_A,10,1,1,0,1.00,0.5,0.5,0.0,0.0,0.0
2025-11-24 11:23:35,clusterB,10,4,4,0,1.00,0.5,0.5,0.0,0.0,0.0
2025-11-24 11:23:57,clusterA,10,3,3,0,1.00,0.5,0.5,0.0,0.0,0.0
2025-11-24 11:23:57,cluster_A,10,1,1,0,1.00,0.5,0.5,0.0,0.0,0.0
2025-11-24 11:23:57,clusterB,10,4,4,0,1.00,0.5,0.5,0.0,0.0,0.0
2025-11-24 11:24:19,clusterA,10,3,3,0,1.00,0.5,0.5,0.0,0.0,0.0
2025-11-24 11:24:19,cluster_A,10,1,1,0,1.00,0.5,0.5,0.0,0.0,0.0
2025-11-24 11:24:19,clusterB,10,4,4,0,1.00,0.5,0.5,0.0,0.0,0.0
2025-11-24 11:24:41,clusterA,10,3,3,0,1.00,0.5,0.5,0.0,0.0,0.0
2025-11-24 11:24:41,cluster_A,10,1,1,0,1.00,0.5,0.5,0.0,0.0,0.0
2025-11-24 11:24:41,clusterB,10,4,4,0,1.00,0.5,0.5,0.0,0.0,0.0
2025-11-24 11:25:03,clusterA,10,3,3,0,1.00,0.5,0.5,0.0,0.0,0.0
2025-11-24 11:25:03,cluster_A,10,1,1,0,1.00,0.5,0.5,0.0,0.0,0.0
2025-11-24 11:25:03,clusterB,10,4,4,0,1.00,0.5,0.5,0.0,0.0,0.0
2025-11-24 11:25:25,clusterA,10,3,3,0,1.00,0.5,0.5,0.0,0.0,0.0
2025-11-24 11:25:25,cluster_A,10,1,1,0,1.00,0.5,0.5,0.0,0.0,0.0
2025-11-24 11:25:25,clusterB,10,4,4,0,1.00,0.5,0.5,0.0,0.0,0.0
2025-11-24 11:25:47,clusterA,10,3,3,0,1.00,0.5,0.5,0.0,0.0,0.0
2025-11-24 11:25:47,cluster_A,10,1,1,0,1.00,0.5,0.5,0.0,0.0,0.0
2025-11-24 11:25:47,clusterB,10,4,4,0,1.00,0.5,0.5,0.0,0.0,0.0
2025-11-24 11:26:09,clusterA,10,3,3,0,1.00,0.5,0.5,0.0,0.0,0.0
2025-11-24 11:26:09,cluster_A,10,1,1,0,1.00,0.5,0.5,0.0,0.0,0.0
2025-11-24 11:26:09,clusterB,10,4,4,0,1.00,0.5,0.5,0.0,0.0,0.0
2025-11-24 11:26:31,clusterA,10,3,3,0,1.00,0.5,0.5,0.0,0.0,0.0
2025-11-24 11:26:31,cluster_A,10,1,1,0,1.00,0.5,0.5,0.0,0.0,0.0
2025-11-24 11:26:31,clusterB,10,4,4,0,1.00,0.5,0.5,0.0,0.0,0.0
2025-11-24 11:26:53,clusterA,10,3,3,0,1.00,0.5,0.5,0.0,0.0,0.0
2025-11-24 11:26:53,cluster_A,10,1,1,0,1.00,0.5,0.5,0.0,0.0,0.0
2025-11-24 11:26:53,clusterB,10,4,4,0,1.00,0.5,0.5,0.0,0.0,0.0
2025-11-24 11:27:15,clusterA,10,3,3,0,1.00,0.5,0.5,0.0,0.0,0.0
2025-11-24 11:27:15,cluster_A,10,1,1,0,1.00,0.5,0.5,0.0,0.0,0.0
2025-11-24 11:27:15,clusterB,10,4,4,0,1.00,0.5,0.5,0.0,0.0,0.0
2025-11-24 11:27:37,clusterA,10,3,3,0,1.00,0.5,0.5,0.0,0.0,0.0
2025-11-24 11:27:37,cluster_A,10,1,1,0,1.00,0.5,0.5,0.0,0.0,0.0
2025-11-24 11:27:37,clusterB,10,4,4,0,1.00,0.5,0.5,0.0,0.0,0.0
2025-11-24 11:27:59,clusterA,10,3,3,0,1.00,0.5,0.5,0.0,0.0,0.0
2025-11-24 11:27:59,cluster_A,10,1,1,0,1.00,0.5,0.5,0.0,0.0,0.0
2025-11-24 11:27:59,clusterB,10,4,4,0,1.00,0.5,0.5,0.0,0.0,0.0
2025-11-24 11:28:20,clusterA,10,3,3,0,1.00,0.5,0.5,0.0,0.0,0.0
2025-11-24 11:28:20,cluster_A,10,1,1,0,1.00,0.5,0.5,0.0,0.0,0.0
2025-11-24 11:28:20,clusterB,10,4,4,0,1.00,0.5,0.5,0.0,0.0,0.0
2025-11-24 11:28:42,clusterA,10,3,3,0,1.00,0.5,0.5,0.0,0.0,0.0
2025-11-24 11:28:42,cluster_A,10,1,1,0,1.00,0.5,0.5,0.0,0.0,0.0
2025-11-24 11:28:42,clusterB,10,4,4,0,1.00,0.5,0.5,0.0,0.0,0.0
2025-11-24 11:29:04,clusterA,10,3,3,0,1.00,0.5,0.5,0.0,0.0,0.0
2025-11-24 11:29:04,cluster_A,10,1,1,0,1.00,0.5,0.5,0.0,0.0,0.0
2025-11-24 11:29:04,clusterB,10,4,4,0,1.00,0.5,0.5,0.0,0.0,0.0
2025-11-24 11:29:26,clusterA,10,3,3,0,1.00,0.5,0.5,0.0,0.0,0.0
2025-11-24 11:29:26,cluster_A,10,1,1,0,1.00,0.5,0.5,0.0,0.0,0.0
2025-11-24 11:29:26,clusterB,10,4,4,0,1.00,0.5,0.5,0.0,0.0,0.0
2025-11-24 11:29:48,clusterA,10,3,3,0,1.00,0.5,0.5,0.0,0.0,0.0
2025-11-24 11:29:48,cluster_A,10,1,1,0,1.00,0.5,0.5,0.0,0.0,0.0
2025-11-24 11:29:48,clusterB,10,4,4,0,1.00,0.5,0.5,0.0,0.0,0.0
2025-11-24 11:30:09,clusterA,10,3,3,0,1.00,0.5,0.5,0.0,0.0,0.0
2025-11-24 11:30:09,cluster_A,10,1,1,0,1.00,0.5,0.5,0.0,0.0,0.0
2025-11-24 11:30:09,clusterB,10,4,4,0,1.00,0.5,0.5,0.0,0.0,0.0
2025-11-24 11:30:31,clusterA,10,3,3,0,1.00,0.5,0.5,0.0,0.0,0.0
2025-11-24 11:30:31,cluster_A,10,1,1,0,1.00,0.5,0.5,0.0,0.0,0.0
2025-11-24 11:30:31,clusterB,10,4,4,0,1.00,0.5,0.5,0.0,0.0,0.0
2025-11-24 11:30:52,clusterA,10,3,3,0,1.00,0.5,0.5,0.0,0.0,0.0
2025-11-24 11:30:52,cluster_A,10,1,1,0,1.00,0.5,0.5,0.0,0.0,0.0
2025-11-24 11:30:52,clusterB,10,4,4,0,1.00,0.5,0.5,0.0,0.0,0.0
2025-11-24 11:31:13,clusterA,10,3,3,0,1.00,0.5,0.5,0.0,0.0,0.0
2025-11-24 11:31:13,cluster_A,10,1,1,0,1.00,0.5,0.5,0.0,0.0,0.0
2025-11-24 11:31:13,clusterB,10,4,4,0,1.00,0.5,0.5,0.0,0.0,0.0
2025-11-24 11:31:35,clusterA,10,3,3,0,1.00,0.5,0.5,0.0,0.0,0.0
2025-11-24 11:31:35,cluster_A,10,1,1,0,1.00,0.5,0.5,0.0,0.0,0.0
2025-11-24 11:31:35,clusterB,10,4,4,0,1.00,0.5,0.5,0.0,0.0,0.0
2025-11-24 11:31:56,clusterA,10,3,3,0,1.00,0.5,0.5,0.0,0.0,0.0
2025-11-24 11:31:56,cluster_A,10,1,1,0,1.00,0.5,0.5,0.0,0.0,0.0
2025-11-24 11:31:56,clusterB,10,4,4,0,1.00,0.5,0.5,0.0,0.0,0.0
2025-11-24 11:32:17,clusterA,10,3,3,0,1.00,0.5,0.5,0.0,0.0,0.0
2025-11-24 11:32:17,cluster_A,10,1,1,0,1.00,0.5,0.5,0.0,0.0,0.0
2025-11-24 11:32:17,clusterB,10,4,4,0,1.00,0.5,0.5,0.0,0.0,0.0
2025-11-24 11:32:39,clusterA,10,3,3,0,1.00,0.5,0.5,0.0,0.0,0.0
2025-11-24 11:32:39,cluster_A,10,1,1,0,1.00,0.5,0.5,0.0,0.0,0.0
2025-11-24 11:32:39,clusterB,10,4,4,0,1.00,0.5,0.5,0.0,0.0,0.0
2025-11-24 11:33:01,clusterA,10,3,3,0,1.00,0.5,0.5,0.0,0.0,0.0
2025-11-24 11:33:01,cluster_A,10,1,1,0,1.00,0.5,0.5,0.0,0.0,0.0
2025-11-24 11:33:01,clusterB,10,4,4,0,1.00,0.5,0.5,0.0,0.0,0.0
2025-11-24 11:33:23,clusterA,10,3,3,0,1.00,0.5,0.5,0.0,0.0,0.0
2025-11-24 11:33:23,cluster_A,10,1,1,0,1.00,0.5,0.5,0.0,0.0,0.0
2025-11-24 11:33:23,clusterB,10,4,4,0,1.00,0.5,0.5,0.0,0.0,0.0
2025-11-24 11:33:45,clusterA,10,3,3,0,1.00,0.5,0.5,0.0,0.0,0.0
2025-11-24 11:33:45,cluster_A,10,1,1,0,1.00,0.5,0.5,0.0,0.0,0.0
2025-11-24 11:33:45,clusterB,10,4,4,0,1.00,0.5,0.5,0.0,0.0,0.0
2025-11-24 11:34:07,clusterA,10,3,3,0,1.00,0.5,0.5,0.0,0.0,0.0
2025-11-24 11:34:07,cluster_A,10,1,1,0,1.00,0.5,0.5,0.0,0.0,0.0
2025-11-24 11:34:07,clusterB,10,4,4,0,1.00,0.5,0.5,0.0,0.0,0.0
2025-11-24 11:34:29,clusterA,10,3,3,0,1.00,0.5,0.5,0.0,0.0,0.0
2025-11-24 11:34:29,cluster_A,10,1,1,0,1.00,0.5,0.5,0.0,0.0,0.0
2025-11-24 11:34:29,clusterB,10,4,4,0,1.00,0.5,0.5,0.0,0.0,0.0
2025-11-24 11:34:51,clusterA,10,3,3,0,1.00,0.5,0.5,0.0,0.0,0.0
2025-11-24 11:34:51,cluster_A,10,1,1,0,1.00,0.5,0.5,0.0,0.0,0.0
2025-11-24 11:34:51,clusterB,10,4,4,0,1.00,0.5,0.5,0.0,0.0,0.0
2025-11-24 11:35:13,clusterA,10,3,3,0,1.00,0.5,0.5,0.0,0.0,0.0
2025-11-24 11:35:13,cluster_A,10,1,1,0,1.00,0.5,0.5,0.0,0.0,0.0
2025-11-24 11:35:13,clusterB,10,4,4,0,1.00,0.5,0.5,0.0,0.0,0.0
2025-11-24 11:35:35,clusterA,10,3,3,0,1.00,0.5,0.5,0.0,0.0,0.0
2025-11-24 11:35:35,cluster_A,10,1,1,0,1.00,0.5,0.5,0.0,0.0,0.0
2025-11-24 11:35:35,clusterB,10,4,4,0,1.00,0.5,0.5,0.0,0.0,0.0
2025-11-24 11:35:56,clusterA,10,3,3,0,1.00,0.5,0.5,0.0,0.0,0.0
2025-11-24 11:35:56,cluster_A,10,1,1,0,1.00,0.5,0.5,0.0,0.0,0.0
2025-11-24 11:35:56,clusterB,10,4,4,0,1.00,0.5,0.5,0.0,0.0,0.0
2025-11-24 11:36:18,clusterA,10,3,3,0,1.00,0.5,0.5,0.0,0.0,0.0
2025-11-24 11:36:18,cluster_A,10,1,1,0,1.00,0.5,0.5,0.0,0.0,0.0
2025-11-24 11:36:18,clusterB,10,4,4,0,1.00,0.5,0.5,0.0,0.0,0.0
2025-11-24 11:36:40,clusterA,10,3,3,0,1.00,0.5,0.5,0.0,0.0,0.0
2025-11-24 11:36:40,cluster_A,10,1,1,0,1.00,0.5,0.5,0.0,0.0,0.0
2025-11-24 11:36:40,clusterB,10,4,4,0,1.00,0.5,0.5,0.0,0.0,0.0
2025-11-24 11:37:02,clusterA,10,3,3,0,1.00,0.5,0.5,0.0,0.0,0.0
2025-11-24 11:37:02,cluster_A,10,1,1,0,1.00,0.5,0.5,0.0,0.0,0.0
2025-11-24 11:37:02,clusterB,10,4,4,0,1.00,0.5,0.5,0.0,0.0,0.0
2025-11-24 11:37:24,clusterA,10,3,3,0,1.00,0.5,0.5,0.0,0.0,0.0
2025-11-24 11:37:24,cluster_A,10,1,1,0,1.00,0.5,0.5,0.0,0.0,0.0
2025-11-24 11:37:24,clusterB,10,4,4,0,1.00,0.5,0.5,0.0,0.0,0.0
2025-11-24 11:37:45,clusterA,10,3,3,0,1.00,0.5,0.5,0.0,0.0,0.0
2025-11-24 11:37:45,cluster_A,10,1,1,0,1.00,0.5,0.5,0.0,0.0,0.0
2025-11-24 11:37:45,clusterB,10,4,4,0,1.00,0.5,0.5,0.0,0.0,0.0
2025-11-24 11:38:07,clusterA,10,3,3,0,1.00,0.5,0.5,0.0,0.0,0.0
2025-11-24 11:38:07,cluster_A,10,1,1,0,1.00,0.5,0.5,0.0,0.0,0.0
2025-11-24 11:38:07,clusterB,10,4,4,0,1.00,0.5,0.5,0.0,0.0,0.0
2025-11-24 11:38:29,clusterA,10,3,3,0,1.00,0.5,0.5,0.0,0.0,0.0
2025-11-24 11:38:29,cluster_A,10,1,1,0,1.00,0.5,0.5,0.0,0.0,0.0
2025-11-24 11:38:29,clusterB,10,4,4,0,1.00,0.5,0.5,0.0,0.0,0.0
2025-11-24 11:38:51,clusterA,10,3,3,0,1.00,0.5,0.5,0.0,0.0,0.0
2025-11-24 11:38:51,cluster_A,10,1,1,0,1.00,0.5,0.5,0.0,0.0,0.0
2025-11-24 11:38:51,clusterB,10,4,4,0,1.00,0.5,0.5,0.0,0.0,0.0
2025-11-24 11:39:13,clusterA,10,3,3,0,1.00,0.5,0.5,0.0,0.0,0.0
2025-11-24 11:39:13,cluster_A,10,1,1,0,1.00,0.5,0.5,0.0,0.0,0.0
2025-11-24 11:39:13,clusterB,10,4,4,0,1.00,0.5,0.5,0.0,0.0,0.0
2025-11-24 11:39:35,clusterA,10,3,3,0,1.00,0.5,0.5,0.0,0.0,0.0
2025-11-24 11:39:35,cluster_A,10,1,1,0,1.00,0.5,0.5,0.0,0.0,0.0
2025-11-24 11:39:35,clusterB,10,4,4,0,1.00,0.5,0.5,0.0,0.0,0.0
2025-11-24 11:39:57,clusterA,10,3,3,0,1.00,0.5,0.5,0.0,0.0,0.0
2025-11-24 11:39:57,cluster_A,10,1,1,0,1.00,0.5,0.5,0.0,0.0,0.0
2025-11-24 11:39:57,clusterB,10,4,4,0,1.00,0.5,0.5,0.0,0.0,0.0
2025-11-24 11:40:19,clusterA,10,3,3,0,1.00,0.5,0.5,0.0,0.0,0.0
2025-11-24 11:40:19,cluster_A,10,1,1,0,1.00,0.5,0.5,0.0,0.0,0.0
2025-11-24 11:40:19,clusterB,10,4,4,0,1.00,0.5,0.5,0.0,0.0,0.0
2025-11-24 11:40:41,clusterA,10,3,3,0,1.00,0.5,0.5,0.0,0.0,0.0
2025-11-24 11:40:41,cluster_A,10,1,1,0,1.00,0.5,0.5,0.0,0.0,0.0
2025-11-24 11:40:41,clusterB,10,4,4,0,1.00,0.5,0.5,0.0,0.0,0.0
2025-11-24 11:41:03,clusterA,10,3,3,0,1.00,0.5,0.5,0.0,0.0,0.0
2025-11-24 11:41:03,cluster_A,10,1,1,0,1.00,0.5,0.5,0.0,0.0,0.0
2025-11-24 11:41:03,clusterB,10,4,4,0,1.00,0.5,0.5,0.0,0.0,0.0
2025-11-24 11:41:25,clusterA,10,3,3,0,1.00,0.5,0.5,0.0,0.0,0.0
2025-11-24 11:41:25,cluster_A,10,1,1,0,1.00,0.5,0.5,0.0,0.0,0.0
2025-11-24 11:41:25,clusterB,10,4,4,0,1.00,0.5,0.5,0.0,0.0,0.0
2025-11-24 11:41:47,clusterA,10,3,3,0,1.00,0.5,0.5,0.0,0.0,0.0
2025-11-24 11:41:47,cluster_A,10,1,1,0,1.00,0.5,0.5,0.0,0.0,0.0
2025-11-24 11:41:47,clusterB,10,4,4,0,1.00,0.5,0.5,0.0,0.0,0.0
2025-11-24 11:42:08,clusterA,10,3,3,0,1.00,0.5,0.5,0.0,0.0,0.0
2025-11-24 11:42:08,cluster_A,10,1,1,0,1.00,0.5,0.5,0.0,0.0,0.0
2025-11-24 11:42:08,clusterB,10,4,4,0,1.00,0.5,0.5,0.0,0.0,0.0
2025-11-24 11:42:31,clusterA,10,3,3,0,1.00,0.5,0.5,0.0,0.0,0.0
2025-11-24 11:42:31,cluster_A,10,1,1,0,1.00,0.5,0.5,0.0,0.0,0.0
2025-11-24 11:42:31,clusterB,10,4,4,0,1.00,0.5,0.5,0.0,0.0,0.0
2025-11-24 11:42:53,clusterA,10,3,3,0,1.00,0.5,0.5,0.0,0.0,0.0
2025-11-24 11:42:53,cluster_A,10,1,1,0,1.00,0.5,0.5,0.0,0.0,0.0
2025-11-24 11:42:53,clusterB,10,4,4,0,1.00,0.5,0.5,0.0,0.0,0.0
2025-11-24 11:43:15,clusterA,10,3,3,0,1.00,0.5,0.5,0.0,0.0,0.0
2025-11-24 11:43:15,cluster_A,10,1,1,0,1.00,0.5,0.5,0.0,0.0,0.0
2025-11-24 11:43:15,clusterB,10,4,4,0,1.00,0.5,0.5,0.0,0.0,0.0
2025-11-24 11:43:36,clusterA,10,3,3,0,1.00,0.5,0.5,0.0,0.0,0.0
2025-11-24 11:43:36,cluster_A,10,1,1,0,1.00,0.5,0.5,0.0,0.0,0.0
2025-11-24 11:43:36,clusterB,10,4,4,0,1.00,0.5,0.5,0.0,0.0,0.0
2025-11-24 11:43:58,clusterA,10,3,3,0,1.00,0.5,0.5,0.0,0.0,0.0
2025-11-24 11:43:58,cluster_A,10,1,1,0,1.00,0.5,0.5,0.0,0.0,0.0
2025-11-24 11:43:58,clusterB,10,4,4,0,1.00,0.5,0.5,0.0,0.0,0.0
2025-11-24 11:44:20,clusterA,10,3,3,0,1.00,0.5,0.5,0.0,0.0,0.0
2025-11-24 11:44:20,cluster_A,10,1,1,0,1.00,0.5,0.5,0.0,0.0,0.0
2025-11-24 11:44:20,clusterB,10,4,4,0,1.00,0.5,0.5,0.0,0.0,0.0
2025-11-24 11:44:42,clusterA,10,3,3,0,1.00,0.5,0.5,0.0,0.0,0.0
2025-11-24 11:44:42,cluster_A,10,1,1,0,1.00,0.5,0.5,0.0,0.0,0.0
2025-11-24 11:44:42,clusterB,10,4,4,0,1.00,0.5,0.5,0.0,0.0,0.0
2025-11-24 11:45:04,clusterA,10,3,3,0,1.00,0.5,0.5,0.0,0.0,0.0
2025-11-24 11:45:04,cluster_A,10,1,1,0,1.00,0.5,0.5,0.0,0.0,0.0
2025-11-24 11:45:04,clusterB,10,4,4,0,1.00,0.5,0.5,0.0,0.0,0.0
2025-11-24 11:45:26,clusterA,10,3,3,0,1.00,0.5,0.5,0.0,0.0,0.0
2025-11-24 11:45:26,cluster_A,10,1,1,0,1.00,0.5,0.5,0.0,0.0,0.0
2025-11-24 11:45:26,clusterB,10,4,4,0,1.00,0.5,0.5,0.0,0.0,0.0
2025-11-24 11:45:48,clusterA,10,3,3,0,1.00,0.5,0.5,0.0,0.0,0.0
2025-11-24 11:45:48,cluster_A,10,1,1,0,1.00,0.5,0.5,0.0,0.0,0.0
2025-11-24 11:45:48,clusterB,10,4,4,0,1.00,0.5,0.5,0.0,0.0,0.0
2025-11-24 11:46:09,clusterA,10,3,3,0,1.00,0.5,0.5,0.0,0.0,0.0
2025-11-24 11:46:09,cluster_A,10,1,1,0,1.00,0.5,0.5,0.0,0.0,0.0
2025-11-24 11:46:09,clusterB,10,4,4,0,1.00,0.5,0.5,0.0,0.0,0.0
2025-11-24 11:46:32,clusterA,10,3,3,0,1.00,0.5,0.5,0.0,0.0,0.0
2025-11-24 11:46:32,cluster_A,10,1,1,0,1.00,0.5,0.5,0.0,0.0,0.0
2025-11-24 11:46:32,clusterB,10,4,4,0,1.00,0.5,0.5,0.0,0.0,0.0
2025-11-24 11:46:54,clusterA,10,3,3,0,1.00,0.5,0.5,0.0,0.0,0.0
2025-11-24 11:46:54,cluster_A,10,1,1,0,1.00,0.5,0.5,0.0,0.0,0.0
2025-11-24 11:46:54,clusterB,10,4,4,0,1.00,0.5,0.5,0.0,0.0,0.0
2025-11-24 11:47:16,clusterA,10,3,3,0,1.00,0.5,0.5,0.0,0.0,0.0
2025-11-24 11:47:16,cluster_A,10,1,1,0,1.00,0.5,0.5,0.0,0.0,0.0
2025-11-24 11:47:16,clusterB,10,4,4,0,1.00,0.5,0.5,0.0,0.0,0.0
2025-11-24 11:47:37,clusterA,10,3,3,0,1.00,0.5,0.5,0.0,0.0,0.0
2025-11-24 11:47:37,cluster_A,10,1,1,0,1.00,0.5,0.5,0.0,0.0,0.0
2025-11-24 11:47:37,clusterB,10,4,4,0,1.00,0.5,0.5,0.0,0.0,0.0
2025-11-24 11:47:59,clusterA,10,3,3,0,1.00,0.5,0.5,0.0,0.0,0.0
2025-11-24 11:47:59,cluster_A,10,1,1,0,1.00,0.5,0.5,0.0,0.0,0.0
2025-11-24 11:47:59,clusterB,10,4,4,0,1.00,0.5,0.5,0.0,0.0,0.0
2025-11-24 11:48:21,clusterA,10,3,3,0,1.00,0.5,0.5,0.0,0.0,0.0
2025-11-24 11:48:21,cluster_A,10,1,1,0,1.00,0.5,0.5,0.0,0.0,0.0
2025-11-24 11:48:21,clusterB,10,4,4,0,1.00,0.5,0.5,0.0,0.0,0.0
2025-11-24 11:48:43,clusterA,10,3,3,0,1.00,0.5,0.5,0.0,0.0,0.0
2025-11-24 11:48:43,cluster_A,10,1,1,0,1.00,0.5,0.5,0.0,0.0,0.0
2025-11-24 11:48:43,clusterB,10,4,4,0,1.00,0.5,0.5,0.0,0.0,0.0
2025-11-24 11:49:04,clusterA,10,3,3,0,1.00,0.5,0.5,0.0,0.0,0.0
2025-11-24 11:49:04,cluster_A,10,1,1,0,1.00,0.5,0.5,0.0,0.0,0.0
2025-11-24 11:49:04,clusterB,10,4,4,0,1.00,0.5,0.5,0.0,0.0,0.0
2025-11-24 11:49:26,clusterA,10,3,3,0,1.00,0.5,0.5,0.0,0.0,0.0
2025-11-24 11:49:26,cluster_A,10,1,1,0,1.00,0.5,0.5,0.0,0.0,0.0
2025-11-24 11:49:26,clusterB,10,4,4,0,1.00,0.5,0.5,0.0,0.0,0.0
2025-11-24 11:49:48,clusterA,10,3,3,0,1.00,0.5,0.5,0.0,0.0,0.0
2025-11-24 11:49:48,cluster_A,10,1,1,0,1.00,0.5,0.5,0.0,0.0,0.0
2025-11-24 11:49:48,clusterB,10,4,4,0,1.00,0.5,0.5,0.0,0.0,0.0
2025-11-24 11:50:09,clusterA,10,3,3,0,1.00,0.5,0.5,0.0,0.0,0.0
2025-11-24 11:50:09,cluster_A,10,1,1,0,1.00,0.5,0.5,0.0,0.0,0.0
2025-11-24 11:50:09,clusterB,10,4,4,0,1.00,0.5,0.5,0.0,0.0,0.0
2025-11-24 11:50:31,clusterA,10,3,3,0,1.00,0.5,0.5,0.0,0.0,0.0
2025-11-24 11:50:31,cluster_A,10,1,1,0,1.00,0.5,0.5,0.0,0.0,0.0
2025-11-24 11:50:31,clusterB,10,4,4,0,1.00,0.5,0.5,0.0,0.0,0.0
2025-11-24 11:50:52,clusterA,10,3,3,0,1.00,0.5,0.5,0.0,0.0,0.0
2025-11-24 11:50:52,cluster_A,10,1,1,0,1.00,0.5,0.5,0.0,0.0,0.0
2025-11-24 11:50:52,clusterB,10,4,4,0,1.00,0.5,0.5,0.0,0.0,0.0
2025-11-24 11:51:14,clusterA,10,3,3,0,1.00,0.5,0.5,0.0,0.0,0.0
2025-11-24 11:51:14,cluster_A,10,1,1,0,1.00,0.5,0.5,0.0,0.0,0.0
2025-11-24 11:51:14,clusterB,10,4,4,0,1.00,0.5,0.5,0.0,0.0,0.0
2025-11-24 11:51:35,clusterA,10,3,3,0,1.00,0.5,0.5,0.0,0.0,0.0
2025-11-24 11:51:35,cluster_A,10,1,1,0,1.00,0.5,0.5,0.0,0.0,0.0
2025-11-24 11:51:35,clusterB,10,4,4,0,1.00,0.5,0.5,0.0,0.0,0.0
2025-11-24 11:51:57,clusterA,10,3,3,0,1.00,0.5,0.5,0.0,0.0,0.0
2025-11-24 11:51:57,cluster_A,10,1,1,0,1.00,0.5,0.5,0.0,0.0,0.0
2025-11-24 11:51:57,clusterB,10,4,4,0,1.00,0.5,0.5,0.0,0.0,0.0
2025-11-24 11:52:19,clusterA,10,3,3,0,1.00,0.5,0.5,0.0,0.0,0.0
2025-11-24 11:52:19,cluster_A,10,1,1,0,1.00,0.5,0.5,0.0,0.0,0.0
2025-11-24 11:52:19,clusterB,10,4,4,0,1.00,0.5,0.5,0.0,0.0,0.0
2025-11-24 11:52:40,clusterA,10,3,3,0,1.00,0.5,0.5,0.0,0.0,0.0
2025-11-24 11:52:40,cluster_A,10,1,1,0,1.00,0.5,0.5,0.0,0.0,0.0
2025-11-24 11:52:40,clusterB,10,4,4,0,1.00,0.5,0.5,0.0,0.0,0.0
2025-11-24 11:53:02,clusterA,10,3,3,0,1.00,0.5,0.5,0.0,0.0,0.0
2025-11-24 11:53:02,cluster_A,10,1,1,0,1.00,0.5,0.5,0.0,0.0,0.0
2025-11-24 11:53:02,clusterB,10,4,4,0,1.00,0.5,0.5,0.0,0.0,0.0
2025-11-24 11:53:24,clusterA,10,3,3,0,1.00,0.5,0.5,0.0,0.0,0.0
2025-11-24 11:53:24,cluster_A,10,1,1,0,1.00,0.5,0.5,0.0,0.0,0.0
2025-11-24 11:53:24,clusterB,10,4,4,0,1.00,0.5,0.5,0.0,0.0,0.0
2025-11-24 11:53:47,clusterA,10,3,3,0,1.00,0.5,0.5,0.0,0.0,0.0
2025-11-24 11:53:47,cluster_A,10,1,1,0,1.00,0.5,0.5,0.0,0.0,0.0
2025-11-24 11:53:47,clusterB,10,4,4,0,1.00,0.5,0.5,0.0,0.0,0.0
2025-11-24 11:54:09,clusterA,10,3,3,0,1.00,0.5,0.5,0.0,0.0,0.0
2025-11-24 11:54:09,cluster_A,10,1,1,0,1.00,0.5,0.5,0.0,0.0,0.0
2025-11-24 11:54:09,clusterB,10,4,4,0,1.00,0.5,0.5,0.0,0.0,0.0
2025-11-24 11:54:31,clusterA,10,3,3,0,1.00,0.5,0.5,0.0,0.0,0.0
2025-11-24 11:54:31,cluster_A,10,1,1,0,1.00,0.5,0.5,0.0,0.0,0.0
2025-11-24 11:54:31,clusterB,10,4,4,0,1.00,0.5,0.5,0.0,0.0,0.0
2025-11-24 11:54:53,clusterA,10,3,3,0,1.00,0.5,0.5,0.0,0.0,0.0
2025-11-24 11:54:53,cluster_A,10,1,1,0,1.00,0.5,0.5,0.0,0.0,0.0
2025-11-24 11:54:53,clusterB,10,4,4,0,1.00,0.5,0.5,0.0,0.0,0.0
2025-11-24 11:55:15,clusterA,10,3,3,0,1.00,0.5,0.5,0.0,0.0,0.0
2025-11-24 11:55:15,cluster_A,10,1,1,0,1.00,0.5,0.5,0.0,0.0,0.0
2025-11-24 11:55:15,clusterB,10,4,4,0,1.00,0.5,0.5,0.0,0.0,0.0
2025-11-24 11:55:38,clusterA,10,3,3,0,1.00,0.5,0.5,0.0,0.0,0.0
2025-11-24 11:55:38,cluster_A,10,1,1,0,1.00,0.5,0.5,0.0,0.0,0.0
2025-11-24 11:55:38,clusterB,10,4,4,0,1.00,0.5,0.5,0.0,0.0,0.0
2025-11-24 11:56:00,clusterA,10,3,3,0,1.00,0.5,0.5,0.0,0.0,0.0
2025-11-24 11:56:00,cluster_A,10,1,1,0,1.00,0.5,0.5,0.0,0.0,0.0
2025-11-24 11:56:00,clusterB,10,4,4,0,1.00,0.5,0.5,0.0,0.0,0.0
2025-11-24 11:56:23,clusterA,10,3,3,0,1.00,0.5,0.5,0.0,0.0,0.0
2025-11-24 11:56:23,cluster_A,10,1,1,0,1.00,0.5,0.5,0.0,0.0,0.0
2025-11-24 11:56:23,clusterB,10,4,4,0,1.00,0.5,0.5,0.0,0.0,0.0
2025-11-24 11:56:44,clusterA,10,3,3,0,1.00,0.5,0.5,0.0,0.0,0.0
2025-11-24 11:56:44,cluster_A,10,1,1,0,1.00,0.5,0.5,0.0,0.0,0.0
2025-11-24 11:56:44,clusterB,10,4,4,0,1.00,0.5,0.5,0.0,0.0,0.0
2025-11-24 11:57:06,clusterA,10,3,3,0,1.00,0.5,0.5,0.0,0.0,0.0
2025-11-24 11:57:06,cluster_A,10,1,1,0,1.00,0.5,0.5,0.0,0.0,0.0
2025-11-24 11:57:06,clusterB,10,4,4,0,1.00,0.5,0.5,0.0,0.0,0.0
2025-11-24 11:57:28,clusterA,10,3,3,0,1.00,0.5,0.5,0.0,0.0,0.0
2025-11-24 11:57:28,cluster_A,10,1,1,0,1.00,0.5,0.5,0.0,0.0,0.0
2025-11-24 11:57:28,clusterB,10,4,4,0,1.00,0.5,0.5,0.0,0.0,0.0
2025-11-24 11:57:50,clusterA,10,3,3,0,1.00,0.5,0.5,0.0,0.0,0.0
2025-11-24 11:57:50,cluster_A,10,1,1,0,1.00,0.5,0.5,0.0,0.0,0.0
2025-11-24 11:57:50,clusterB,10,4,4,0,1.00,0.5,0.5,0.0,0.0,0.0
2025-11-24 11:58:11,clusterA,10,3,3,0,1.00,0.5,0.5,0.0,0.0,0.0
2025-11-24 11:58:11,cluster_A,10,1,1,0,1.00,0.5,0.5,0.0,0.0,0.0
2025-11-24 11:58:11,clusterB,10,4,4,0,1.00,0.5,0.5,0.0,0.0,0.0
2025-11-24 11:58:33,clusterA,10,3,3,0,1.00,0.5,0.5,0.0,0.0,0.0
2025-11-24 11:58:33,cluster_A,10,1,1,0,1.00,0.5,0.5,0.0,0.0,0.0
2025-11-24 11:58:33,clusterB,10,4,4,0,1.00,0.5,0.5,0.0,0.0,0.0
2025-11-24 11:58:55,clusterA,10,3,3,0,1.00,0.5,0.5,0.0,0.0,0.0
2025-11-24 11:58:55,cluster_A,10,1,1,0,1.00,0.5,0.5,0.0,0.0,0.0
2025-11-24 11:58:55,clusterB,10,4,4,0,1.00,0.5,0.5,0.0,0.0,0.0
2025-11-24 11:59:17,clusterA,10,3,3,0,1.00,0.5,0.5,0.0,0.0,0.0
2025-11-24 11:59:17,cluster_A,10,1,1,0,1.00,0.5,0.5,0.0,0.0,0.0
2025-11-24 11:59:17,clusterB,10,4,4,0,1.00,0.5,0.5,0.0,0.0,0.0
2025-11-24 11:59:38,clusterA,10,3,3,0,1.00,0.5,0.5,0.0,0.0,0.0
2025-11-24 11:59:38,cluster_A,10,1,1,0,1.00,0.5,0.5,0.0,0.0,0.0
2025-11-24 11:59:38,clusterB,10,4,4,0,1.00,0.5,0.5,0.0,0.0,0.0
2025-11-24 12:00:00,clusterA,10,3,3,0,1.00,0.5,0.5,0.0,0.0,0.0
2025-11-24 12:00:00,cluster_A,10,1,1,0,1.00,0.5,0.5,0.0,0.0,0.0
2025-11-24 12:00:00,clusterB,10,4,4,0,1.00,0.5,0.5,0.0,0.0,0.0
2025-11-24 12:00:22,clusterA,10,3,3,0,1.00,0.5,0.5,0.0,0.0,0.0
2025-11-24 12:00:22,cluster_A,10,1,1,0,1.00,0.5,0.5,0.0,0.0,0.0
2025-11-24 12:00:22,clusterB,10,4,4,0,1.00,0.5,0.5,0.0,0.0,0.0
2025-11-24 12:00:44,clusterA,10,3,3,0,1.00,0.5,0.5,0.0,0.0,0.0
2025-11-24 12:00:44,cluster_A,10,1,1,0,1.00,0.5,0.5,0.0,0.0,0.0
2025-11-24 12:00:44,clusterB,10,4,4,0,1.00,0.5,0.5,0.0,0.0,0.0
2025-11-24 12:01:06,clusterA,10,3,3,0,1.00,0.5,0.5,0.0,0.0,0.0
2025-11-24 12:01:06,cluster_A,10,1,1,0,1.00,0.5,0.5,0.0,0.0,0.0
2025-11-24 12:01:06,clusterB,10,4,4,0,1.00,0.5,0.5,0.0,0.0,0.0
2025-11-24 12:01:28,clusterA,10,3,3,0,1.00,0.5,0.5,0.0,0.0,0.0
2025-11-24 12:01:28,cluster_A,10,1,1,0,1.00,0.5,0.5,0.0,0.0,0.0
2025-11-24 12:01:28,clusterB,10,4,4,0,1.00,0.5,0.5,0.0,0.0,0.0
2025-11-24 12:01:50,clusterA,10,3,3,0,1.00,0.5,0.5,0.0,0.0,0.0
2025-11-24 12:01:50,cluster_A,10,1,1,0,1.00,0.5,0.5,0.0,0.0,0.0
2025-11-24 12:01:50,clusterB,10,4,4,0,1.00,0.5,0.5,0.0,0.0,0.0
2025-11-24 12:02:12,clusterA,10,3,3,0,1.00,0.5,0.5,0.0,0.0,0.0
2025-11-24 12:02:12,cluster_A,10,1,1,0,1.00,0.5,0.5,0.0,0.0,0.0
2025-11-24 12:02:12,clusterB,10,4,4,0,1.00,0.5,0.5,0.0,0.0,0.0
2025-11-24 12:02:34,clusterA,10,3,3,0,1.00,0.5,0.5,0.0,0.0,0.0
2025-11-24 12:02:34,cluster_A,10,1,1,0,1.00,0.5,0.5,0.0,0.0,0.0
2025-11-24 12:02:34,clusterB,10,4,4,0,1.00,0.5,0.5,0.0,0.0,0.0
2025-11-24 12:02:56,clusterA,10,3,3,0,1.00,0.5,0.5,0.0,0.0,0.0
2025-11-24 12:02:56,cluster_A,10,1,1,0,1.00,0.5,0.5,0.0,0.0,0.0
2025-11-24 12:02:56,clusterB,10,4,4,0,1.00,0.5,0.5,0.0,0.0,0.0
2025-11-24 12:03:18,clusterA,10,3,3,0,1.00,0.5,0.5,0.0,0.0,0.0
2025-11-24 12:03:18,cluster_A,10,1,1,0,1.00,0.5,0.5,0.0,0.0,0.0
2025-11-24 12:03:18,clusterB,10,4,4,0,1.00,0.5,0.5,0.0,0.0,0.0
2025-11-24 12:03:40,clusterA,10,3,3,0,1.00,0.5,0.5,0.0,0.0,0.0
2025-11-24 12:03:40,cluster_A,10,1,1,0,1.00,0.5,0.5,0.0,0.0,0.0
2025-11-24 12:03:40,clusterB,10,4,4,0,1.00,0.5,0.5,0.0,0.0,0.0
2025-11-24 12:04:02,clusterA,10,3,3,0,1.00,0.5,0.5,0.0,0.0,0.0
2025-11-24 12:04:02,cluster_A,10,1,1,0,1.00,0.5,0.5,0.0,0.0,0.0
2025-11-24 12:04:02,clusterB,10,4,4,0,1.00,0.5,0.5,0.0,0.0,0.0
2025-11-24 12:04:24,clusterA,10,3,3,0,1.00,0.5,0.5,0.0,0.0,0.0
2025-11-24 12:04:24,cluster_A,10,1,1,0,1.00,0.5,0.5,0.0,0.0,0.0
2025-11-24 12:04:24,clusterB,10,4,4,0,1.00,0.5,0.5,0.0,0.0,0.0
2025-11-24 12:04:45,clusterA,10,3,3,0,1.00,0.5,0.5,0.0,0.0,0.0
2025-11-24 12:04:45,cluster_A,10,1,1,0,1.00,0.5,0.5,0.0,0.0,0.0
2025-11-24 12:04:45,clusterB,10,4,4,0,1.00,0.5,0.5,0.0,0.0,0.0
2025-11-24 12:05:07,clusterA,10,3,3,0,1.00,0.5,0.5,0.0,0.0,0.0
2025-11-24 12:05:07,cluster_A,10,1,1,0,1.00,0.5,0.5,0.0,0.0,0.0
2025-11-24 12:05:07,clusterB,10,4,4,0,1.00,0.5,0.5,0.0,0.0,0.0
2025-11-24 12:05:29,clusterA,10,3,3,0,1.00,0.5,0.5,0.0,0.0,0.0
2025-11-24 12:05:29,cluster_A,10,1,1,0,1.00,0.5,0.5,0.0,0.0,0.0
2025-11-24 12:05:29,clusterB,10,4,4,0,1.00,0.5,0.5,0.0,0.0,0.0
2025-11-24 12:05:51,clusterA,10,3,3,0,1.00,0.5,0.5,0.0,0.0,0.0
2025-11-24 12:05:51,cluster_A,10,1,1,0,1.00,0.5,0.5,0.0,0.0,0.0
2025-11-24 12:05:51,clusterB,10,4,4,0,1.00,0.5,0.5,0.0,0.0,0.0
2025-11-24 12:06:13,clusterA,10,3,2,1,0.67,0.5,0.5,0.0,0.0,0.0
2025-11-24 12:06:13,cluster_A,10,1,1,0,1.00,0.5,0.5,0.0,0.0,0.0
2025-11-24 12:06:13,clusterB,10,4,4,0,1.00,0.5,0.5,0.0,0.0,0.0
2025-11-24 12:06:26,clusterA,9,3,3,0,1.00,0.5,0.5,0.0,0.0,0.0
2025-11-24 12:06:26,cluster_A,9,1,1,0,1.00,0.5,0.5,0.0,0.0,0.0
2025-11-24 12:06:26,clusterB,9,4,4,0,1.00,0.5,0.5,0.0,0.0,0.0
2025-11-24 12:06:50,clusterA,9,3,3,0,1.00,0.5,0.5,0.0,0.0,0.0
2025-11-24 12:06:50,cluster_A,9,1,1,0,1.00,0.5,0.5,0.0,0.0,0.0
2025-11-24 12:06:50,clusterB,9,4,4,0,1.00,0.5,0.5,0.0,0.0,0.0
2025-11-24 12:07:14,clusterA,9,3,3,0,1.00,0.5,0.5,0.0,0.0,0.0
2025-11-24 12:07:14,cluster_A,9,1,1,0,1.00,0.5,0.5,0.0,0.0,0.0
2025-11-24 12:07:14,clusterB,9,4,4,0,1.00,0.5,0.5,0.0,0.0,0.0
2025-11-24 12:07:37,clusterA,9,3,3,0,1.00,0.5,0.5,0.0,0.0,0.0
2025-11-24 12:07:37,cluster_A,9,1,1,0,1.00,0.5,0.5,0.0,0.0,0.0
2025-11-24 12:07:37,clusterB,9,4,4,0,1.00,0.5,0.5,0.0,0.0,0.0
2025-11-24 12:08:00,clusterA,9,3,3,0,1.00,0.5,0.5,0.0,0.0,0.0
2025-11-24 12:08:00,cluster_A,9,1,1,0,1.00,0.5,0.5,0.0,0.0,0.0
2025-11-24 12:08:00,clusterB,9,4,4,0,1.00,0.5,0.5,0.0,0.0,0.0
2025-11-24 12:08:23,clusterA,9,3,3,0,1.00,0.5,0.5,0.0,0.0,0.0
2025-11-24 12:08:23,cluster_A,9,1,1,0,1.00,0.5,0.5,0.0,0.0,0.0
2025-11-24 12:08:23,clusterB,9,4,4,0,1.00,0.5,0.5,0.0,0.0,0.0
2025-11-24 12:08:46,clusterA,9,3,3,0,1.00,0.5,0.5,0.0,0.0,0.0
2025-11-24 12:08:46,cluster_A,9,1,1,0,1.00,0.5,0.5,0.0,0.0,0.0
2025-11-24 12:08:46,clusterB,9,4,4,0,1.00,0.5,0.5,0.0,0.0,0.0
2025-11-24 12:09:08,clusterA,9,3,3,0,1.00,0.5,0.5,0.0,0.0,0.0
2025-11-24 12:09:08,cluster_A,9,1,1,0,1.00,0.5,0.5,0.0,0.0,0.0
2025-11-24 12:09:08,clusterB,9,4,4,0,1.00,0.5,0.5,0.0,0.0,0.0
2025-11-24 12:09:30,clusterA,9,3,3,0,1.00,0.5,0.5,0.0,0.0,0.0
2025-11-24 12:09:30,cluster_A,9,1,1,0,1.00,0.5,0.5,0.0,0.0,0.0
2025-11-24 12:09:30,clusterB,9,4,4,0,1.00,0.5,0.5,0.0,0.0,0.0
2025-11-24 12:09:52,clusterA,9,3,3,0,1.00,0.5,0.5,0.0,0.0,0.0
2025-11-24 12:09:52,cluster_A,9,1,1,0,1.00,0.5,0.5,0.0,0.0,0.0
2025-11-24 12:09:52,clusterB,9,4,4,0,1.00,0.5,0.5,0.0,0.0,0.0
2025-11-24 12:10:14,clusterA,9,3,3,0,1.00,0.5,0.5,0.0,0.0,0.0
2025-11-24 12:10:14,cluster_A,9,1,1,0,1.00,0.5,0.5,0.0,0.0,0.0
2025-11-24 12:10:14,clusterB,9,4,4,0,1.00,0.5,0.5,0.0,0.0,0.0
2025-11-24 12:10:36,clusterA,9,3,3,0,1.00,0.5,0.5,0.0,0.0,0.0
2025-11-24 12:10:36,cluster_A,9,1,1,0,1.00,0.5,0.5,0.0,0.0,0.0
2025-11-24 12:10:36,clusterB,9,4,4,0,1.00,0.5,0.5,0.0,0.0,0.0
2025-11-24 12:10:58,clusterA,9,3,3,0,1.00,0.5,0.5,0.0,0.0,0.0
2025-11-24 12:10:58,cluster_A,9,1,1,0,1.00,0.5,0.5,0.0,0.0,0.0
2025-11-24 12:10:58,clusterB,9,4,4,0,1.00,0.5,0.5,0.0,0.0,0.0
2025-11-24 12:11:20,clusterA,9,3,3,0,1.00,0.5,0.5,0.0,0.0,0.0
2025-11-24 12:11:20,cluster_A,9,1,1,0,1.00,0.5,0.5,0.0,0.0,0.0
2025-11-24 12:11:20,clusterB,9,4,4,0,1.00,0.5,0.5,0.0,0.0,0.0
2025-11-24 12:11:43,clusterA,9,3,3,0,1.00,0.5,0.5,0.0,0.0,0.0
2025-11-24 12:11:43,cluster_A,9,1,1,0,1.00,0.5,0.5,0.0,0.0,0.0
2025-11-24 12:11:43,clusterB,9,4,4,0,1.00,0.5,0.5,0.0,0.0,0.0
2025-11-24 12:12:06,clusterA,9,3,3,0,1.00,0.5,0.5,0.0,0.0,0.0
2025-11-24 12:12:06,cluster_A,9,1,1,0,1.00,0.5,0.5,0.0,0.0,0.0
2025-11-24 12:12:06,clusterB,9,4,4,0,1.00,0.5,0.5,0.0,0.0,0.0
2025-11-24 12:12:30,clusterA,9,3,3,0,1.00,0.5,0.5,0.0,0.0,0.0
2025-11-24 12:12:30,cluster_A,9,1,1,0,1.00,0.5,0.5,0.0,0.0,0.0
2025-11-24 12:12:30,clusterB,9,4,4,0,1.00,0.5,0.5,0.0,0.0,0.0
2025-11-24 12:12:52,clusterA,9,3,3,0,1.00,0.5,0.5,0.0,0.0,0.0
2025-11-24 12:12:52,cluster_A,9,1,1,0,1.00,0.5,0.5,0.0,0.0,0.0
2025-11-24 12:12:52,clusterB,9,4,4,0,1.00,0.5,0.5,0.0,0.0,0.0
2025-11-24 12:13:15,clusterA,9,3,3,0,1.00,0.5,0.5,0.0,0.0,0.0
2025-11-24 12:13:15,cluster_A,9,1,1,0,1.00,0.5,0.5,0.0,0.0,0.0
2025-11-24 12:13:15,clusterB,9,4,4,0,1.00,0.5,0.5,0.0,0.0,0.0
2025-11-24 12:13:37,clusterA,9,3,3,0,1.00,0.5,0.5,0.0,0.0,0.0
2025-11-24 12:13:37,cluster_A,9,1,1,0,1.00,0.5,0.5,0.0,0.0,0.0
2025-11-24 12:13:37,clusterB,9,4,4,0,1.00,0.5,0.5,0.0,0.0,0.0
2025-11-24 12:14:01,clusterA,9,3,3,0,1.00,0.5,0.5,0.0,0.0,0.0
2025-11-24 12:14:01,cluster_A,9,1,1,0,1.00,0.5,0.5,0.0,0.0,0.0
2025-11-24 12:14:01,clusterB,9,4,4,0,1.00,0.5,0.5,0.0,0.0,0.0
2025-11-24 12:14:23,clusterA,9,3,3,0,1.00,0.5,0.5,0.0,0.0,0.0
2025-11-24 12:14:23,cluster_A,9,1,1,0,1.00,0.5,0.5,0.0,0.0,0.0
2025-11-24 12:14:23,clusterB,9,4,4,0,1.00,0.5,0.5,0.0,0.0,0.0
2025-11-24 12:14:45,clusterA,9,3,3,0,1.00,0.5,0.5,0.0,0.0,0.0
2025-11-24 12:14:45,cluster_A,9,1,1,0,1.00,0.5,0.5,0.0,0.0,0.0
2025-11-24 12:14:45,clusterB,9,4,4,0,1.00,0.5,0.5,0.0,0.0,0.0
2025-11-24 12:15:07,clusterA,9,3,3,0,1.00,0.5,0.5,0.0,0.0,0.0
2025-11-24 12:15:07,cluster_A,9,1,1,0,1.00,0.5,0.5,0.0,0.0,0.0
2025-11-24 12:15:07,clusterB,9,4,4,0,1.00,0.5,0.5,0.0,0.0,0.0
2025-11-24 12:15:29,clusterA,9,3,3,0,1.00,0.5,0.5,0.0,0.0,0.0
2025-11-24 12:15:29,cluster_A,9,1,1,0,1.00,0.5,0.5,0.0,0.0,0.0
2025-11-24 12:15:29,clusterB,9,4,4,0,1.00,0.5,0.5,0.0,0.0,0.0
2025-11-24 12:15:50,clusterA,9,3,3,0,1.00,0.5,0.5,0.0,0.0,0.0
2025-11-24 12:15:50,cluster_A,9,1,1,0,1.00,0.5,0.5,0.0,0.0,0.0
2025-11-24 12:15:50,clusterB,9,4,4,0,1.00,0.5,0.5,0.0,0.0,0.0
2025-11-24 12:16:12,clusterA,9,3,3,0,1.00,0.5,0.5,0.0,0.0,0.0
2025-11-24 12:16:12,cluster_A,9,1,1,0,1.00,0.5,0.5,0.0,0.0,0.0
2025-11-24 12:16:12,clusterB,9,4,4,0,1.00,0.5,0.5,0.0,0.0,0.0
2025-11-24 12:16:35,clusterA,9,3,3,0,1.00,0.5,0.5,0.0,0.0,0.0
2025-11-24 12:16:35,cluster_A,9,1,1,0,1.00,0.5,0.5,0.0,0.0,0.0
2025-11-24 12:16:35,clusterB,9,4,4,0,1.00,0.5,0.5,0.0,0.0,0.0
2025-11-24 12:16:56,clusterA,9,3,3,0,1.00,0.5,0.5,0.0,0.0,0.0
2025-11-24 12:16:56,cluster_A,9,1,1,0,1.00,0.5,0.5,0.0,0.0,0.0
2025-11-24 12:16:56,clusterB,9,4,4,0,1.00,0.5,0.5,0.0,0.0,0.0
2025-11-24 12:17:18,clusterA,9,3,3,0,1.00,0.5,0.5,0.0,0.0,0.0
2025-11-24 12:17:18,cluster_A,9,1,1,0,1.00,0.5,0.5,0.0,0.0,0.0
2025-11-24 12:17:18,clusterB,9,4,4,0,1.00,0.5,0.5,0.0,0.0,0.0
2025-11-24 12:17:40,clusterA,9,3,3,0,1.00,0.5,0.5,0.0,0.0,0.0
2025-11-24 12:17:40,cluster_A,9,1,1,0,1.00,0.5,0.5,0.0,0.0,0.0
2025-11-24 12:17:40,clusterB,9,4,4,0,1.00,0.5,0.5,0.0,0.0,0.0
2025-11-24 12:18:03,clusterA,9,3,3,0,1.00,0.5,0.5,0.0,0.0,0.0
2025-11-24 12:18:03,cluster_A,9,1,1,0,1.00,0.5,0.5,0.0,0.0,0.0
2025-11-24 12:18:03,clusterB,9,4,4,0,1.00,0.5,0.5,0.0,0.0,0.0
2025-11-24 12:18:25,clusterA,9,3,3,0,1.00,0.5,0.5,0.0,0.0,0.0
2025-11-24 12:18:25,cluster_A,9,1,1,0,1.00,0.5,0.5,0.0,0.0,0.0
2025-11-24 12:18:25,clusterB,9,4,4,0,1.00,0.5,0.5,0.0,0.0,0.0
2025-11-24 12:18:47,clusterA,9,3,3,0,1.00,0.5,0.5,0.0,0.0,0.0
2025-11-24 12:18:47,cluster_A,9,1,1,0,1.00,0.5,0.5,0.0,0.0,0.0
2025-11-24 12:18:47,clusterB,9,4,4,0,1.00,0.5,0.5,0.0,0.0,0.0
2025-11-24 12:19:10,clusterA,9,3,3,0,1.00,0.5,0.5,0.0,0.0,0.0
2025-11-24 12:19:10,cluster_A,9,1,1,0,1.00,0.5,0.5,0.0,0.0,0.0
2025-11-24 12:19:10,clusterB,9,4,4,0,1.00,0.5,0.5,0.0,0.0,0.0
2025-11-24 12:19:32,clusterA,9,3,3,0,1.00,0.5,0.5,0.0,0.0,0.0
2025-11-24 12:19:32,cluster_A,9,1,1,0,1.00,0.5,0.5,0.0,0.0,0.0
2025-11-24 12:19:32,clusterB,9,4,4,0,1.00,0.5,0.5,0.0,0.0,0.0
2025-11-24 12:19:55,clusterA,9,3,3,0,1.00,0.5,0.5,0.0,0.0,0.0
2025-11-24 12:19:55,cluster_A,9,1,1,0,1.00,0.5,0.5,0.0,0.0,0.0
2025-11-24 12:19:55,clusterB,9,4,4,0,1.00,0.5,0.5,0.0,0.0,0.0
2025-11-24 12:20:18,clusterA,9,3,3,0,1.00,0.5,0.5,0.0,0.0,0.0
2025-11-24 12:20:18,cluster_A,9,1,1,0,1.00,0.5,0.5,0.0,0.0,0.0
2025-11-24 12:20:18,clusterB,9,4,4,0,1.00,0.5,0.5,0.0,0.0,0.0
2025-11-24 12:20:40,clusterA,9,3,3,0,1.00,0.5,0.5,0.0,0.0,0.0
2025-11-24 12:20:40,cluster_A,9,1,1,0,1.00,0.5,0.5,0.0,0.0,0.0
2025-11-24 12:20:40,clusterB,9,4,4,0,1.00,0.5,0.5,0.0,0.0,0.0
2025-11-24 12:21:04,clusterA,9,3,3,0,1.00,0.5,0.5,0.0,0.0,0.0
2025-11-24 12:21:04,cluster_A,9,1,1,0,1.00,0.5,0.5,0.0,0.0,0.0
2025-11-24 12:21:04,clusterB,9,4,4,0,1.00,0.5,0.5,0.0,0.0,0.0
2025-11-24 12:21:27,clusterA,9,3,3,0,1.00,0.5,0.5,0.0,0.0,0.0
2025-11-24 12:21:27,cluster_A,9,1,1,0,1.00,0.5,0.5,0.0,0.0,0.0
2025-11-24 12:21:27,clusterB,9,4,4,0,1.00,0.5,0.5,0.0,0.0,0.0
2025-11-24 12:21:50,clusterA,9,3,3,0,1.00,0.5,0.5,0.0,0.0,0.0
2025-11-24 12:21:50,cluster_A,9,1,1,0,1.00,0.5,0.5,0.0,0.0,0.0
2025-11-24 12:21:50,clusterB,9,4,4,0,1.00,0.5,0.5,0.0,0.0,0.0
2025-11-24 12:22:12,clusterA,9,3,3,0,1.00,0.5,0.5,0.0,0.0,0.0
2025-11-24 12:22:12,cluster_A,9,1,1,0,1.00,0.5,0.5,0.0,0.0,0.0
2025-11-24 12:22:12,clusterB,9,4,4,0,1.00,0.5,0.5,0.0,0.0,0.0
2025-11-24 12:22:35,clusterA,9,3,3,0,1.00,0.5,0.5,0.0,0.0,0.0
2025-11-24 12:22:35,cluster_A,9,1,1,0,1.00,0.5,0.5,0.0,0.0,0.0
2025-11-24 12:22:35,clusterB,9,4,4,0,1.00,0.5,0.5,0.0,0.0,0.0
2025-11-24 12:22:58,clusterA,9,3,3,0,1.00,0.5,0.5,0.0,0.0,0.0
2025-11-24 12:22:58,cluster_A,9,1,1,0,1.00,0.5,0.5,0.0,0.0,0.0
2025-11-24 12:22:58,clusterB,9,4,4,0,1.00,0.5,0.5,0.0,0.0,0.0
2025-11-24 12:23:20,clusterA,9,3,3,0,1.00,0.5,0.5,0.0,0.0,0.0
2025-11-24 12:23:20,cluster_A,9,1,1,0,1.00,0.5,0.5,0.0,0.0,0.0
2025-11-24 12:23:20,clusterB,9,4,4,0,1.00,0.5,0.5,0.0,0.0,0.0
2025-11-24 12:23:43,clusterA,9,3,3,0,1.00,0.5,0.5,0.0,0.0,0.0
2025-11-24 12:23:43,cluster_A,9,1,1,0,1.00,0.5,0.5,0.0,0.0,0.0
2025-11-24 12:23:43,clusterB,9,4,4,0,1.00,0.5,0.5,0.0,0.0,0.0
2025-11-24 12:24:06,clusterA,9,3,3,0,1.00,0.5,0.5,0.0,0.0,0.0
2025-11-24 12:24:06,cluster_A,9,1,1,0,1.00,0.5,0.5,0.0,0.0,0.0
2025-11-24 12:24:06,clusterB,9,4,4,0,1.00,0.5,0.5,0.0,0.0,0.0
2025-11-24 12:24:28,clusterA,9,3,3,0,1.00,0.5,0.5,0.0,0.0,0.0
2025-11-24 12:24:28,cluster_A,9,1,1,0,1.00,0.5,0.5,0.0,0.0,0.0
2025-11-24 12:24:28,clusterB,9,4,4,0,1.00,0.5,0.5,0.0,0.0,0.0
2025-11-24 12:24:51,clusterA,9,3,3,0,1.00,0.5,0.5,0.0,0.0,0.0
2025-11-24 12:24:51,cluster_A,9,1,1,0,1.00,0.5,0.5,0.0,0.0,0.0
2025-11-24 12:24:51,clusterB,9,4,4,0,1.00,0.5,0.5,0.0,0.0,0.0
2025-11-24 12:25:13,clusterA,9,3,3,0,1.00,0.5,0.5,0.0,0.0,0.0
2025-11-24 12:25:13,cluster_A,9,1,1,0,1.00,0.5,0.5,0.0,0.0,0.0
2025-11-24 12:25:13,clusterB,9,4,4,0,1.00,0.5,0.5,0.0,0.0,0.0
2025-11-24 12:25:35,clusterA,9,3,3,0,1.00,0.5,0.5,0.0,0.0,0.0
2025-11-24 12:25:35,cluster_A,9,1,1,0,1.00,0.5,0.5,0.0,0.0,0.0
2025-11-24 12:25:35,clusterB,9,4,4,0,1.00,0.5,0.5,0.0,0.0,0.0
2025-11-24 12:25:58,clusterA,9,3,3,0,1.00,0.5,0.5,0.0,0.0,0.0
2025-11-24 12:25:58,cluster_A,9,1,1,0,1.00,0.5,0.5,0.0,0.0,0.0
2025-11-24 12:25:58,clusterB,9,4,4,0,1.00,0.5,0.5,0.0,0.0,0.0
2025-11-24 12:26:21,clusterA,9,3,3,0,1.00,0.5,0.5,0.0,0.0,0.0
2025-11-24 12:26:21,cluster_A,9,1,1,0,1.00,0.5,0.5,0.0,0.0,0.0
2025-11-24 12:26:21,clusterB,9,4,4,0,1.00,0.5,0.5,0.0,0.0,0.0
2025-11-24 12:26:44,clusterA,9,3,3,0,1.00,0.5,0.5,0.0,0.0,0.0
2025-11-24 12:26:44,cluster_A,9,1,1,0,1.00,0.5,0.5,0.0,0.0,0.0
2025-11-24 12:26:44,clusterB,9,4,4,0,1.00,0.5,0.5,0.0,0.0,0.0
2025-11-24 12:27:07,clusterA,9,3,3,0,1.00,0.5,0.5,0.0,0.0,0.0
2025-11-24 12:27:07,cluster_A,9,1,1,0,1.00,0.5,0.5,0.0,0.0,0.0
2025-11-24 12:27:07,clusterB,9,4,4,0,1.00,0.5,0.5,0.0,0.0,0.0
2025-11-24 12:27:29,clusterA,9,3,3,0,1.00,0.5,0.5,0.0,0.0,0.0
2025-11-24 12:27:29,cluster_A,9,1,1,0,1.00,0.5,0.5,0.0,0.0,0.0
2025-11-24 12:27:29,clusterB,9,4,4,0,1.00,0.5,0.5,0.0,0.0,0.0
2025-11-24 12:27:51,clusterA,9,3,3,0,1.00,0.5,0.5,0.0,0.0,0.0
2025-11-24 12:27:51,cluster_A,9,1,1,0,1.00,0.5,0.5,0.0,0.0,0.0
2025-11-24 12:27:51,clusterB,9,4,4,0,1.00,0.5,0.5,0.0,0.0,0.0
2025-11-24 12:28:13,clusterA,9,3,3,0,1.00,0.5,0.5,0.0,0.0,0.0
2025-11-24 12:28:13,cluster_A,9,1,1,0,1.00,0.5,0.5,0.0,0.0,0.0
2025-11-24 12:28:13,clusterB,9,4,4,0,1.00,0.5,0.5,0.0,0.0,0.0
2025-11-24 12:28:34,clusterA,9,3,3,0,1.00,0.5,0.5,0.0,0.0,0.0
2025-11-24 12:28:34,cluster_A,9,1,1,0,1.00,0.5,0.5,0.0,0.0,0.0
2025-11-24 12:28:34,clusterB,9,4,4,0,1.00,0.5,0.5,0.0,0.0,0.0
2025-11-24 12:28:56,clusterA,9,3,3,0,1.00,0.5,0.5,0.0,0.0,0.0
2025-11-24 12:28:56,cluster_A,9,1,1,0,1.00,0.5,0.5,0.0,0.0,0.0
2025-11-24 12:28:56,clusterB,9,4,4,0,1.00,0.5,0.5,0.0,0.0,0.0
2025-11-24 12:29:17,clusterA,9,3,3,0,1.00,0.5,0.5,0.0,0.0,0.0
2025-11-24 12:29:17,cluster_A,9,1,1,0,1.00,0.5,0.5,0.0,0.0,0.0
2025-11-24 12:29:17,clusterB,9,4,4,0,1.00,0.5,0.5,0.0,0.0,0.0
2025-11-24 12:29:40,clusterA,9,3,3,0,1.00,0.5,0.5,0.0,0.0,0.0
2025-11-24 12:29:40,cluster_A,9,1,1,0,1.00,0.5,0.5,0.0,0.0,0.0
2025-11-24 12:29:40,clusterB,9,4,4,0,1.00,0.5,0.5,0.0,0.0,0.0
2025-11-24 12:30:02,clusterA,9,3,3,0,1.00,0.5,0.5,0.0,0.0,0.0
2025-11-24 12:30:02,cluster_A,9,1,1,0,1.00,0.5,0.5,0.0,0.0,0.0
2025-11-24 12:30:02,clusterB,9,4,4,0,1.00,0.5,0.5,0.0,0.0,0.0
2025-11-24 12:30:23,clusterA,9,3,2,1,0.67,0.5,0.5,0.0,0.0,0.0
2025-11-24 12:30:23,cluster_A,9,1,1,0,1.00,0.5,0.5,0.0,0.0,0.0
2025-11-24 12:30:23,clusterB,9,4,4,0,1.00,0.5,0.5,0.0,0.0,0.0
2025-11-24 12:30:37,clusterA,8,3,3,0,1.00,0.5,0.5,0.0,0.0,0.0
2025-11-24 12:30:37,cluster_A,8,1,1,0,1.00,0.5,0.5,0.0,0.0,0.0
2025-11-24 12:30:37,clusterB,8,4,4,0,1.00,0.5,0.5,0.0,0.0,0.0
2025-11-24 12:30:59,clusterA,8,3,3,0,1.00,0.5,0.5,0.0,0.0,0.0
2025-11-24 12:30:59,cluster_A,8,1,1,0,1.00,0.5,0.5,0.0,0.0,0.0
2025-11-24 12:30:59,clusterB,8,4,4,0,1.00,0.5,0.5,0.0,0.0,0.0
2025-11-24 12:31:21,clusterA,8,3,3,0,1.00,0.5,0.5,0.0,0.0,0.0
2025-11-24 12:31:21,cluster_A,8,1,1,0,1.00,0.5,0.5,0.0,0.0,0.0
2025-11-24 12:31:21,clusterB,8,4,4,0,1.00,0.5,0.5,0.0,0.0,0.0
2025-11-24 12:31:43,clusterA,8,3,3,0,1.00,0.5,0.5,0.0,0.0,0.0
2025-11-24 12:31:43,cluster_A,8,1,1,0,1.00,0.5,0.5,0.0,0.0,0.0
2025-11-24 12:31:43,clusterB,8,4,4,0,1.00,0.5,0.5,0.0,0.0,0.0
2025-11-24 12:32:05,clusterA,8,3,3,0,1.00,0.5,0.5,0.0,0.0,0.0
2025-11-24 12:32:05,cluster_A,8,1,1,0,1.00,0.5,0.5,0.0,0.0,0.0
2025-11-24 12:32:05,clusterB,8,4,4,0,1.00,0.5,0.5,0.0,0.0,0.0
2025-11-24 12:32:27,clusterA,8,3,3,0,1.00,0.5,0.5,0.0,0.0,0.0
2025-11-24 12:32:27,cluster_A,8,1,1,0,1.00,0.5,0.5,0.0,0.0,0.0
2025-11-24 12:32:27,clusterB,8,4,4,0,1.00,0.5,0.5,0.0,0.0,0.0
2025-11-24 12:32:48,clusterA,8,3,3,0,1.00,0.5,0.5,0.0,0.0,0.0
2025-11-24 12:32:48,cluster_A,8,1,1,0,1.00,0.5,0.5,0.0,0.0,0.0
2025-11-24 12:32:48,clusterB,8,4,4,0,1.00,0.5,0.5,0.0,0.0,0.0
2025-11-24 12:33:09,clusterA,8,3,3,0,1.00,0.5,0.5,0.0,0.0,0.0
2025-11-24 12:33:09,cluster_A,8,1,1,0,1.00,0.5,0.5,0.0,0.0,0.0
2025-11-24 12:33:09,clusterB,8,4,4,0,1.00,0.5,0.5,0.0,0.0,0.0
2025-11-24 12:33:31,clusterA,8,3,3,0,1.00,0.5,0.5,0.0,0.0,0.0
2025-11-24 12:33:31,cluster_A,8,1,1,0,1.00,0.5,0.5,0.0,0.0,0.0
2025-11-24 12:33:31,clusterB,8,4,4,0,1.00,0.5,0.5,0.0,0.0,0.0
2025-11-24 12:33:53,clusterA,8,3,3,0,1.00,0.5,0.5,0.0,0.0,0.0
2025-11-24 12:33:53,cluster_A,8,1,1,0,1.00,0.5,0.5,0.0,0.0,0.0
2025-11-24 12:33:53,clusterB,8,4,4,0,1.00,0.5,0.5,0.0,0.0,0.0
2025-11-24 12:34:15,clusterA,8,3,3,0,1.00,0.5,0.5,0.0,0.0,0.0
2025-11-24 12:34:15,cluster_A,8,1,1,0,1.00,0.5,0.5,0.0,0.0,0.0
2025-11-24 12:34:15,clusterB,8,4,4,0,1.00,0.5,0.5,0.0,0.0,0.0
2025-11-24 12:34:37,clusterA,8,3,3,0,1.00,0.5,0.5,0.0,0.0,0.0
2025-11-24 12:34:37,cluster_A,8,1,1,0,1.00,0.5,0.5,0.0,0.0,0.0
2025-11-24 12:34:37,clusterB,8,4,4,0,1.00,0.5,0.5,0.0,0.0,0.0
2025-11-24 12:35:00,clusterA,8,3,3,0,1.00,0.5,0.5,0.0,0.0,0.0
2025-11-24 12:35:00,cluster_A,8,1,1,0,1.00,0.5,0.5,0.0,0.0,0.0
2025-11-24 12:35:00,clusterB,8,4,4,0,1.00,0.5,0.5,0.0,0.0,0.0
2025-11-24 12:35:22,clusterA,8,3,3,0,1.00,0.5,0.5,0.0,0.0,0.0
2025-11-24 12:35:22,cluster_A,8,1,1,0,1.00,0.5,0.5,0.0,0.0,0.0
2025-11-24 12:35:22,clusterB,8,4,4,0,1.00,0.5,0.5,0.0,0.0,0.0
2025-11-24 12:35:43,clusterA,8,3,3,0,1.00,0.5,0.5,0.0,0.0,0.0
2025-11-24 12:35:43,cluster_A,8,1,1,0,1.00,0.5,0.5,0.0,0.0,0.0
2025-11-24 12:35:43,clusterB,8,4,4,0,1.00,0.5,0.5,0.0,0.0,0.0
2025-11-24 12:36:05,clusterA,8,3,3,0,1.00,0.5,0.5,0.0,0.0,0.0
2025-11-24 12:36:05,cluster_A,8,1,1,0,1.00,0.5,0.5,0.0,0.0,0.0
2025-11-24 12:36:05,clusterB,8,4,4,0,1.00,0.5,0.5,0.0,0.0,0.0
2025-11-24 12:36:27,clusterA,8,3,3,0,1.00,0.5,0.5,0.0,0.0,0.0
2025-11-24 12:36:27,cluster_A,8,1,1,0,1.00,0.5,0.5,0.0,0.0,0.0
2025-11-24 12:36:27,clusterB,8,4,4,0,1.00,0.5,0.5,0.0,0.0,0.0
2025-11-24 12:36:49,clusterA,8,3,3,0,1.00,0.5,0.5,0.0,0.0,0.0
2025-11-24 12:36:49,cluster_A,8,1,1,0,1.00,0.5,0.5,0.0,0.0,0.0
2025-11-24 12:36:49,clusterB,8,4,4,0,1.00,0.5,0.5,0.0,0.0,0.0
2025-11-24 12:37:10,clusterA,8,3,3,0,1.00,0.5,0.5,0.0,0.0,0.0
2025-11-24 12:37:10,cluster_A,8,1,1,0,1.00,0.5,0.5,0.0,0.0,0.0
2025-11-24 12:37:10,clusterB,8,4,4,0,1.00,0.5,0.5,0.0,0.0,0.0
2025-11-24 12:37:32,clusterA,8,3,3,0,1.00,0.5,0.5,0.0,0.0,0.0
2025-11-24 12:37:32,cluster_A,8,1,1,0,1.00,0.5,0.5,0.0,0.0,0.0
2025-11-24 12:37:32,clusterB,8,4,4,0,1.00,0.5,0.5,0.0,0.0,0.0
2025-11-24 12:37:53,clusterA,8,3,3,0,1.00,0.5,0.5,0.0,0.0,0.0
2025-11-24 12:37:53,cluster_A,8,1,1,0,1.00,0.5,0.5,0.0,0.0,0.0
2025-11-24 12:37:53,clusterB,8,4,4,0,1.00,0.5,0.5,0.0,0.0,0.0
2025-11-24 12:38:16,clusterA,8,3,3,0,1.00,0.5,0.5,0.0,0.0,0.0
2025-11-24 12:38:16,cluster_A,8,1,1,0,1.00,0.5,0.5,0.0,0.0,0.0
2025-11-24 12:38:16,clusterB,8,4,4,0,1.00,0.5,0.5,0.0,0.0,0.0
2025-11-24 12:38:38,clusterA,8,3,3,0,1.00,0.5,0.5,0.0,0.0,0.0
2025-11-24 12:38:38,cluster_A,8,1,1,0,1.00,0.5,0.5,0.0,0.0,0.0
2025-11-24 12:38:38,clusterB,8,4,4,0,1.00,0.5,0.5,0.0,0.0,0.0
2025-11-24 12:39:01,clusterA,8,3,3,0,1.00,0.5,0.5,0.0,0.0,0.0
2025-11-24 12:39:01,cluster_A,8,1,1,0,1.00,0.5,0.5,0.0,0.0,0.0
2025-11-24 12:39:01,clusterB,8,4,4,0,1.00,0.5,0.5,0.0,0.0,0.0
2025-11-24 12:39:23,clusterA,8,3,3,0,1.00,0.5,0.5,0.0,0.0,0.0
2025-11-24 12:39:23,cluster_A,8,1,1,0,1.00,0.5,0.5,0.0,0.0,0.0
2025-11-24 12:39:23,clusterB,8,4,4,0,1.00,0.5,0.5,0.0,0.0,0.0
2025-11-24 12:39:45,clusterA,8,3,3,0,1.00,0.5,0.5,0.0,0.0,0.0
2025-11-24 12:39:45,cluster_A,8,1,1,0,1.00,0.5,0.5,0.0,0.0,0.0
2025-11-24 12:39:45,clusterB,8,4,4,0,1.00,0.5,0.5,0.0,0.0,0.0
2025-11-24 12:40:06,clusterA,8,3,3,0,1.00,0.5,0.5,0.0,0.0,0.0
2025-11-24 12:40:06,cluster_A,8,1,1,0,1.00,0.5,0.5,0.0,0.0,0.0
2025-11-24 12:40:06,clusterB,8,4,4,0,1.00,0.5,0.5,0.0,0.0,0.0
2025-11-24 12:40:30,clusterA,8,3,3,0,1.00,0.5,0.5,0.0,0.0,0.0
2025-11-24 12:40:30,cluster_A,8,1,1,0,1.00,0.5,0.5,0.0,0.0,0.0
2025-11-24 12:40:30,clusterB,8,4,4,0,1.00,0.5,0.5,0.0,0.0,0.0
2025-11-24 12:40:52,clusterA,8,3,3,0,1.00,0.5,0.5,0.0,0.0,0.0
2025-11-24 12:40:52,cluster_A,8,1,1,0,1.00,0.5,0.5,0.0,0.0,0.0
2025-11-24 12:40:52,clusterB,8,4,4,0,1.00,0.5,0.5,0.0,0.0,0.0
2025-11-24 12:41:14,clusterA,8,3,3,0,1.00,0.5,0.5,0.0,0.0,0.0
2025-11-24 12:41:14,cluster_A,8,1,1,0,1.00,0.5,0.5,0.0,0.0,0.0
2025-11-24 12:41:14,clusterB,8,4,4,0,1.00,0.5,0.5,0.0,0.0,0.0
2025-11-24 12:41:36,clusterA,8,3,3,0,1.00,0.5,0.5,0.0,0.0,0.0
2025-11-24 12:41:36,cluster_A,8,1,1,0,1.00,0.5,0.5,0.0,0.0,0.0
2025-11-24 12:41:36,clusterB,8,4,4,0,1.00,0.5,0.5,0.0,0.0,0.0
2025-11-24 12:41:59,clusterA,8,3,3,0,1.00,0.5,0.5,0.0,0.0,0.0
2025-11-24 12:41:59,cluster_A,8,1,1,0,1.00,0.5,0.5,0.0,0.0,0.0
2025-11-24 12:41:59,clusterB,8,4,4,0,1.00,0.5,0.5,0.0,0.0,0.0
2025-11-24 12:42:21,clusterA,8,3,3,0,1.00,0.5,0.5,0.0,0.0,0.0
2025-11-24 12:42:21,cluster_A,8,1,1,0,1.00,0.5,0.5,0.0,0.0,0.0
2025-11-24 12:42:21,clusterB,8,4,4,0,1.00,0.5,0.5,0.0,0.0,0.0
2025-11-24 12:42:43,clusterA,8,3,3,0,1.00,0.5,0.5,0.0,0.0,0.0
2025-11-24 12:42:43,cluster_A,8,1,1,0,1.00,0.5,0.5,0.0,0.0,0.0
2025-11-24 12:42:43,clusterB,8,4,4,0,1.00,0.5,0.5,0.0,0.0,0.0
2025-11-24 12:43:06,clusterA,8,3,3,0,1.00,0.5,0.5,0.0,0.0,0.0
2025-11-24 12:43:06,cluster_A,8,1,1,0,1.00,0.5,0.5,0.0,0.0,0.0
2025-11-24 12:43:06,clusterB,8,4,4,0,1.00,0.5,0.5,0.0,0.0,0.0
2025-11-24 12:43:28,clusterA,8,3,3,0,1.00,0.5,0.5,0.0,0.0,0.0
2025-11-24 12:43:28,cluster_A,8,1,1,0,1.00,0.5,0.5,0.0,0.0,0.0
2025-11-24 12:43:28,clusterB,8,4,4,0,1.00,0.5,0.5,0.0,0.0,0.0
2025-11-24 12:43:50,clusterA,8,3,3,0,1.00,0.5,0.5,0.0,0.0,0.0
2025-11-24 12:43:50,cluster_A,8,1,1,0,1.00,0.5,0.5,0.0,0.0,0.0
2025-11-24 12:43:50,clusterB,8,4,4,0,1.00,0.5,0.5,0.0,0.0,0.0
2025-11-24 12:44:11,clusterA,8,3,3,0,1.00,0.5,0.5,0.0,0.0,0.0
2025-11-24 12:44:11,cluster_A,8,1,1,0,1.00,0.5,0.5,0.0,0.0,0.0
2025-11-24 12:44:11,clusterB,8,4,4,0,1.00,0.5,0.5,0.0,0.0,0.0
2025-11-24 12:44:33,clusterA,8,3,3,0,1.00,0.5,0.5,0.0,0.0,0.0
2025-11-24 12:44:33,cluster_A,8,1,1,0,1.00,0.5,0.5,0.0,0.0,0.0
2025-11-24 12:44:33,clusterB,8,4,4,0,1.00,0.5,0.5,0.0,0.0,0.0
2025-11-24 12:44:55,clusterA,8,3,3,0,1.00,0.5,0.5,0.0,0.0,0.0
2025-11-24 12:44:55,cluster_A,8,1,1,0,1.00,0.5,0.5,0.0,0.0,0.0
2025-11-24 12:44:55,clusterB,8,4,4,0,1.00,0.5,0.5,0.0,0.0,0.0
2025-11-24 12:45:16,clusterA,8,3,3,0,1.00,0.5,0.5,0.0,0.0,0.0
2025-11-24 12:45:16,cluster_A,8,1,1,0,1.00,0.5,0.5,0.0,0.0,0.0
2025-11-24 12:45:16,clusterB,8,4,4,0,1.00,0.5,0.5,0.0,0.0,0.0
2025-11-24 12:45:38,clusterA,8,3,3,0,1.00,0.5,0.5,0.0,0.0,0.0
2025-11-24 12:45:38,cluster_A,8,1,1,0,1.00,0.5,0.5,0.0,0.0,0.0
2025-11-24 12:45:38,clusterB,8,4,4,0,1.00,0.5,0.5,0.0,0.0,0.0
2025-11-24 12:46:00,clusterA,8,3,3,0,1.00,0.5,0.5,0.0,0.0,0.0
2025-11-24 12:46:00,cluster_A,8,1,1,0,1.00,0.5,0.5,0.0,0.0,0.0
2025-11-24 12:46:00,clusterB,8,4,4,0,1.00,0.5,0.5,0.0,0.0,0.0
2025-11-24 12:46:23,clusterA,8,3,3,0,1.00,0.5,0.5,0.0,0.0,0.0
2025-11-24 12:46:23,cluster_A,8,1,1,0,1.00,0.5,0.5,0.0,0.0,0.0
2025-11-24 12:46:23,clusterB,8,4,4,0,1.00,0.5,0.5,0.0,0.0,0.0
2025-11-24 12:46:44,clusterA,8,3,3,0,1.00,0.5,0.5,0.0,0.0,0.0
2025-11-24 12:46:44,cluster_A,8,1,1,0,1.00,0.5,0.5,0.0,0.0,0.0
2025-11-24 12:46:44,clusterB,8,4,4,0,1.00,0.5,0.5,0.0,0.0,0.0
2025-11-24 12:47:06,clusterA,8,3,3,0,1.00,0.5,0.5,0.0,0.0,0.0
2025-11-24 12:47:06,cluster_A,8,1,1,0,1.00,0.5,0.5,0.0,0.0,0.0
2025-11-24 12:47:06,clusterB,8,4,4,0,1.00,0.5,0.5,0.0,0.0,0.0
2025-11-24 12:47:28,clusterA,8,3,3,0,1.00,0.5,0.5,0.0,0.0,0.0
2025-11-24 12:47:28,cluster_A,8,1,1,0,1.00,0.5,0.5,0.0,0.0,0.0
2025-11-24 12:47:28,clusterB,8,4,4,0,1.00,0.5,0.5,0.0,0.0,0.0
2025-11-24 12:47:49,clusterA,8,3,3,0,1.00,0.5,0.5,0.0,0.0,0.0
2025-11-24 12:47:49,cluster_A,8,1,1,0,1.00,0.5,0.5,0.0,0.0,0.0
2025-11-24 12:47:49,clusterB,8,4,4,0,1.00,0.5,0.5,0.0,0.0,0.0
2025-11-24 12:48:11,clusterA,8,3,3,0,1.00,0.5,0.5,0.0,0.0,0.0
2025-11-24 12:48:11,cluster_A,8,1,1,0,1.00,0.5,0.5,0.0,0.0,0.0
2025-11-24 12:48:11,clusterB,8,4,4,0,1.00,0.5,0.5,0.0,0.0,0.0
2025-11-24 12:48:33,clusterA,8,3,3,0,1.00,0.5,0.5,0.0,0.0,0.0
2025-11-24 12:48:33,cluster_A,8,1,1,0,1.00,0.5,0.5,0.0,0.0,0.0
2025-11-24 12:48:33,clusterB,8,4,4,0,1.00,0.5,0.5,0.0,0.0,0.0
2025-11-24 12:48:54,clusterA,8,3,3,0,1.00,0.5,0.5,0.0,0.0,0.0
2025-11-24 12:48:54,cluster_A,8,1,1,0,1.00,0.5,0.5,0.0,0.0,0.0
2025-11-24 12:48:54,clusterB,8,4,4,0,1.00,0.5,0.5,0.0,0.0,0.0
2025-11-24 12:49:16,clusterA,8,3,3,0,1.00,0.5,0.5,0.0,0.0,0.0
2025-11-24 12:49:16,cluster_A,8,1,1,0,1.00,0.5,0.5,0.0,0.0,0.0
2025-11-24 12:49:16,clusterB,8,4,4,0,1.00,0.5,0.5,0.0,0.0,0.0
2025-11-24 12:49:37,clusterA,8,3,3,0,1.00,0.5,0.5,0.0,0.0,0.0
2025-11-24 12:49:37,cluster_A,8,1,1,0,1.00,0.5,0.5,0.0,0.0,0.0
2025-11-24 12:49:37,clusterB,8,4,4,0,1.00,0.5,0.5,0.0,0.0,0.0
2025-11-24 12:49:59,clusterA,8,3,3,0,1.00,0.5,0.5,0.0,0.0,0.0
2025-11-24 12:49:59,cluster_A,8,1,1,0,1.00,0.5,0.5,0.0,0.0,0.0
2025-11-24 12:49:59,clusterB,8,4,4,0,1.00,0.5,0.5,0.0,0.0,0.0
2025-11-24 12:50:21,clusterA,8,3,3,0,1.00,0.5,0.5,0.0,0.0,0.0
2025-11-24 12:50:21,cluster_A,8,1,1,0,1.00,0.5,0.5,0.0,0.0,0.0
2025-11-24 12:50:21,clusterB,8,4,4,0,1.00,0.5,0.5,0.0,0.0,0.0
2025-11-24 12:50:43,clusterA,8,3,3,0,1.00,0.5,0.5,0.0,0.0,0.0
2025-11-24 12:50:43,cluster_A,8,1,1,0,1.00,0.5,0.5,0.0,0.0,0.0
2025-11-24 12:50:43,clusterB,8,4,4,0,1.00,0.5,0.5,0.0,0.0,0.0
2025-11-24 12:51:05,clusterA,8,3,3,0,1.00,0.5,0.5,0.0,0.0,0.0
2025-11-24 12:51:05,cluster_A,8,1,1,0,1.00,0.5,0.5,0.0,0.0,0.0
2025-11-24 12:51:05,clusterB,8,4,4,0,1.00,0.5,0.5,0.0,0.0,0.0
2025-11-24 12:51:27,clusterA,8,3,3,0,1.00,0.5,0.5,0.0,0.0,0.0
2025-11-24 12:51:27,cluster_A,8,1,1,0,1.00,0.5,0.5,0.0,0.0,0.0
2025-11-24 12:51:27,clusterB,8,4,4,0,1.00,0.5,0.5,0.0,0.0,0.0
2025-11-24 12:51:49,clusterA,8,3,3,0,1.00,0.5,0.5,0.0,0.0,0.0
2025-11-24 12:51:49,cluster_A,8,1,1,0,1.00,0.5,0.5,0.0,0.0,0.0
2025-11-24 12:51:49,clusterB,8,4,4,0,1.00,0.5,0.5,0.0,0.0,0.0
2025-11-24 12:52:11,clusterA,8,3,3,0,1.00,0.5,0.5,0.0,0.0,0.0
2025-11-24 12:52:11,cluster_A,8,1,1,0,1.00,0.5,0.5,0.0,0.0,0.0
2025-11-24 12:52:11,clusterB,8,4,4,0,1.00,0.5,0.5,0.0,0.0,0.0
2025-11-24 12:52:33,clusterA,8,3,3,0,1.00,0.5,0.5,0.0,0.0,0.0
2025-11-24 12:52:33,cluster_A,8,1,1,0,1.00,0.5,0.5,0.0,0.0,0.0
2025-11-24 12:52:33,clusterB,8,4,4,0,1.00,0.5,0.5,0.0,0.0,0.0
2025-11-24 12:52:55,clusterA,8,3,3,0,1.00,0.5,0.5,0.0,0.0,0.0
2025-11-24 12:52:55,cluster_A,8,1,1,0,1.00,0.5,0.5,0.0,0.0,0.0
2025-11-24 12:52:55,clusterB,8,4,4,0,1.00,0.5,0.5,0.0,0.0,0.0
2025-11-24 12:53:17,clusterA,8,3,3,0,1.00,0.5,0.5,0.0,0.0,0.0
2025-11-24 12:53:17,cluster_A,8,1,1,0,1.00,0.5,0.5,0.0,0.0,0.0
2025-11-24 12:53:17,clusterB,8,4,4,0,1.00,0.5,0.5,0.0,0.0,0.0
2025-11-24 12:53:39,clusterA,8,3,3,0,1.00,0.5,0.5,0.0,0.0,0.0
2025-11-24 12:53:39,cluster_A,8,1,1,0,1.00,0.5,0.5,0.0,0.0,0.0
2025-11-24 12:53:39,clusterB,8,4,4,0,1.00,0.5,0.5,0.0,0.0,0.0
2025-11-24 12:54:01,clusterA,8,3,3,0,1.00,0.5,0.5,0.0,0.0,0.0
2025-11-24 12:54:01,cluster_A,8,1,1,0,1.00,0.5,0.5,0.0,0.0,0.0
2025-11-24 12:54:01,clusterB,8,4,4,0,1.00,0.5,0.5,0.0,0.0,0.0
2025-11-24 12:54:23,clusterA,8,3,3,0,1.00,0.5,0.5,0.0,0.0,0.0
2025-11-24 12:54:23,cluster_A,8,1,1,0,1.00,0.5,0.5,0.0,0.0,0.0
2025-11-24 12:54:23,clusterB,8,4,4,0,1.00,0.5,0.5,0.0,0.0,0.0
2025-11-24 12:54:44,clusterA,8,3,3,0,1.00,0.5,0.5,0.0,0.0,0.0
2025-11-24 12:54:44,cluster_A,8,1,1,0,1.00,0.5,0.5,0.0,0.0,0.0
2025-11-24 12:54:44,clusterB,8,4,4,0,1.00,0.5,0.5,0.0,0.0,0.0
2025-11-24 12:55:06,clusterA,8,3,3,0,1.00,0.5,0.5,0.0,0.0,0.0
2025-11-24 12:55:06,cluster_A,8,1,1,0,1.00,0.5,0.5,0.0,0.0,0.0
2025-11-24 12:55:06,clusterB,8,4,4,0,1.00,0.5,0.5,0.0,0.0,0.0
2025-11-24 12:55:28,clusterA,8,3,3,0,1.00,0.5,0.5,0.0,0.0,0.0
2025-11-24 12:55:28,cluster_A,8,1,1,0,1.00,0.5,0.5,0.0,0.0,0.0
2025-11-24 12:55:28,clusterB,8,4,4,0,1.00,0.5,0.5,0.0,0.0,0.0
2025-11-24 12:55:50,clusterA,8,3,3,0,1.00,0.5,0.5,0.0,0.0,0.0
2025-11-24 12:55:50,cluster_A,8,1,1,0,1.00,0.5,0.5,0.0,0.0,0.0
2025-11-24 12:55:50,clusterB,8,4,4,0,1.00,0.5,0.5,0.0,0.0,0.0
2025-11-24 12:56:13,clusterA,8,3,3,0,1.00,0.5,0.5,0.0,0.0,0.0
2025-11-24 12:56:13,cluster_A,8,1,1,0,1.00,0.5,0.5,0.0,0.0,0.0
2025-11-24 12:56:13,clusterB,8,4,4,0,1.00,0.5,0.5,0.0,0.0,0.0
2025-11-24 12:56:35,clusterA,8,3,3,0,1.00,0.5,0.5,0.0,0.0,0.0
2025-11-24 12:56:35,cluster_A,8,1,1,0,1.00,0.5,0.5,0.0,0.0,0.0
2025-11-24 12:56:35,clusterB,8,4,4,0,1.00,0.5,0.5,0.0,0.0,0.0
2025-11-24 12:56:57,clusterA,8,3,3,0,1.00,0.5,0.5,0.0,0.0,0.0
2025-11-24 12:56:57,cluster_A,8,1,1,0,1.00,0.5,0.5,0.0,0.0,0.0
2025-11-24 12:56:57,clusterB,8,4,4,0,1.00,0.5,0.5,0.0,0.0,0.0
2025-11-24 12:57:18,clusterA,8,3,3,0,1.00,0.5,0.5,0.0,0.0,0.0
2025-11-24 12:57:18,cluster_A,8,1,1,0,1.00,0.5,0.5,0.0,0.0,0.0
2025-11-24 12:57:18,clusterB,8,4,4,0,1.00,0.5,0.5,0.0,0.0,0.0
2025-11-24 12:57:40,clusterA,8,3,3,0,1.00,0.5,0.5,0.0,0.0,0.0
2025-11-24 12:57:40,cluster_A,8,1,1,0,1.00,0.5,0.5,0.0,0.0,0.0
2025-11-24 12:57:40,clusterB,8,4,4,0,1.00,0.5,0.5,0.0,0.0,0.0
2025-11-24 12:58:01,clusterA,8,3,3,0,1.00,0.5,0.5,0.0,0.0,0.0
2025-11-24 12:58:01,cluster_A,8,1,1,0,1.00,0.5,0.5,0.0,0.0,0.0
2025-11-24 12:58:01,clusterB,8,4,4,0,1.00,0.5,0.5,0.0,0.0,0.0
2025-11-24 12:58:23,clusterA,8,3,3,0,1.00,0.5,0.5,0.0,0.0,0.0
2025-11-24 12:58:23,cluster_A,8,1,1,0,1.00,0.5,0.5,0.0,0.0,0.0
2025-11-24 12:58:23,clusterB,8,4,4,0,1.00,0.5,0.5,0.0,0.0,0.0
2025-11-24 12:58:45,clusterA,8,3,3,0,1.00,0.5,0.5,0.0,0.0,0.0
2025-11-24 12:58:45,cluster_A,8,1,1,0,1.00,0.5,0.5,0.0,0.0,0.0
2025-11-24 12:58:45,clusterB,8,4,4,0,1.00,0.5,0.5,0.0,0.0,0.0
2025-11-24 12:59:07,clusterA,8,3,3,0,1.00,0.5,0.5,0.0,0.0,0.0
2025-11-24 12:59:07,cluster_A,8,1,1,0,1.00,0.5,0.5,0.0,0.0,0.0
2025-11-24 12:59:07,clusterB,8,4,4,0,1.00,0.5,0.5,0.0,0.0,0.0
2025-11-24 12:59:30,clusterA,8,3,3,0,1.00,0.5,0.5,0.0,0.0,0.0
2025-11-24 12:59:30,cluster_A,8,1,1,0,1.00,0.5,0.5,0.0,0.0,0.0
2025-11-24 12:59:30,clusterB,8,4,4,0,1.00,0.5,0.5,0.0,0.0,0.0
2025-11-24 12:59:52,clusterA,8,3,3,0,1.00,0.5,0.5,0.0,0.0,0.0
2025-11-24 12:59:52,cluster_A,8,1,1,0,1.00,0.5,0.5,0.0,0.0,0.0
2025-11-24 12:59:52,clusterB,8,4,4,0,1.00,0.5,0.5,0.0,0.0,0.0
2025-11-24 13:00:14,clusterA,8,3,3,0,1.00,0.5,0.5,0.0,0.0,0.0
2025-11-24 13:00:14,cluster_A,8,1,1,0,1.00,0.5,0.5,0.0,0.0,0.0
2025-11-24 13:00:14,clusterB,8,4,4,0,1.00,0.5,0.5,0.0,0.0,0.0
2025-11-24 13:00:37,clusterA,8,3,3,0,1.00,0.5,0.5,0.0,0.0,0.0
2025-11-24 13:00:37,cluster_A,8,1,1,0,1.00,0.5,0.5,0.0,0.0,0.0
2025-11-24 13:00:37,clusterB,8,4,4,0,1.00,0.5,0.5,0.0,0.0,0.0
2025-11-24 13:00:59,clusterA,8,3,3,0,1.00,0.5,0.5,0.0,0.0,0.0
2025-11-24 13:00:59,cluster_A,8,1,1,0,1.00,0.5,0.5,0.0,0.0,0.0
2025-11-24 13:00:59,clusterB,8,4,4,0,1.00,0.5,0.5,0.0,0.0,0.0
2025-11-24 13:01:22,clusterA,8,3,3,0,1.00,0.5,0.5,0.0,0.0,0.0
2025-11-24 13:01:22,cluster_A,8,1,1,0,1.00,0.5,0.5,0.0,0.0,0.0
2025-11-24 13:01:22,clusterB,8,4,4,0,1.00,0.5,0.5,0.0,0.0,0.0
2025-11-24 13:01:44,clusterA,8,3,3,0,1.00,0.5,0.5,0.0,0.0,0.0
2025-11-24 13:01:44,cluster_A,8,1,1,0,1.00,0.5,0.5,0.0,0.0,0.0
2025-11-24 13:01:44,clusterB,8,4,4,0,1.00,0.5,0.5,0.0,0.0,0.0
2025-11-24 13:02:06,clusterA,8,3,3,0,1.00,0.5,0.5,0.0,0.0,0.0
2025-11-24 13:02:06,cluster_A,8,1,1,0,1.00,0.5,0.5,0.0,0.0,0.0
2025-11-24 13:02:06,clusterB,8,4,4,0,1.00,0.5,0.5,0.0,0.0,0.0
2025-11-24 13:02:29,clusterA,8,3,3,0,1.00,0.5,0.5,0.0,0.0,0.0
2025-11-24 13:02:29,cluster_A,8,1,1,0,1.00,0.5,0.5,0.0,0.0,0.0
2025-11-24 13:02:29,clusterB,8,4,4,0,1.00,0.5,0.5,0.0,0.0,0.0
2025-11-24 13:02:51,clusterA,8,3,3,0,1.00,0.5,0.5,0.0,0.0,0.0
2025-11-24 13:02:51,cluster_A,8,1,1,0,1.00,0.5,0.5,0.0,0.0,0.0
2025-11-24 13:02:51,clusterB,8,4,4,0,1.00,0.5,0.5,0.0,0.0,0.0
2025-11-24 13:03:14,clusterA,8,3,3,0,1.00,0.5,0.5,0.0,0.0,0.0
2025-11-24 13:03:14,cluster_A,8,1,1,0,1.00,0.5,0.5,0.0,0.0,0.0
2025-11-24 13:03:14,clusterB,8,4,4,0,1.00,0.5,0.5,0.0,0.0,0.0
2025-11-24 13:03:36,clusterA,8,3,3,0,1.00,0.5,0.5,0.0,0.0,0.0
2025-11-24 13:03:36,cluster_A,8,1,1,0,1.00,0.5,0.5,0.0,0.0,0.0
2025-11-24 13:03:36,clusterB,8,4,4,0,1.00,0.5,0.5,0.0,0.0,0.0
2025-11-24 13:03:57,clusterA,8,3,3,0,1.00,0.5,0.5,0.0,0.0,0.0
2025-11-24 13:03:57,cluster_A,8,1,1,0,1.00,0.5,0.5,0.0,0.0,0.0
2025-11-24 13:03:57,clusterB,8,4,4,0,1.00,0.5,0.5,0.0,0.0,0.0
2025-11-24 13:04:19,clusterA,8,3,3,0,1.00,0.5,0.5,0.0,0.0,0.0
2025-11-24 13:04:19,cluster_A,8,1,1,0,1.00,0.5,0.5,0.0,0.0,0.0
2025-11-24 13:04:19,clusterB,8,4,4,0,1.00,0.5,0.5,0.0,0.0,0.0
2025-11-24 13:04:40,clusterA,8,3,3,0,1.00,0.5,0.5,0.0,0.0,0.0
2025-11-24 13:04:40,cluster_A,8,1,1,0,1.00,0.5,0.5,0.0,0.0,0.0
2025-11-24 13:04:40,clusterB,8,4,4,0,1.00,0.5,0.5,0.0,0.0,0.0
2025-11-24 13:05:01,clusterA,8,3,3,0,1.00,0.5,0.5,0.0,0.0,0.0
2025-11-24 13:05:01,cluster_A,8,1,1,0,1.00,0.5,0.5,0.0,0.0,0.0
2025-11-24 13:05:01,clusterB,8,4,4,0,1.00,0.5,0.5,0.0,0.0,0.0
2025-11-24 13:05:23,clusterA,8,3,3,0,1.00,0.5,0.5,0.0,0.0,0.0
2025-11-24 13:05:23,cluster_A,8,1,1,0,1.00,0.5,0.5,0.0,0.0,0.0
2025-11-24 13:05:23,clusterB,8,4,4,0,1.00,0.5,0.5,0.0,0.0,0.0
2025-11-24 13:05:44,clusterA,8,3,3,0,1.00,0.5,0.5,0.0,0.0,0.0
2025-11-24 13:05:44,cluster_A,8,1,1,0,1.00,0.5,0.5,0.0,0.0,0.0
2025-11-24 13:05:44,clusterB,8,4,4,0,1.00,0.5,0.5,0.0,0.0,0.0
2025-11-24 13:06:06,clusterA,8,3,3,0,1.00,0.5,0.5,0.0,0.0,0.0
2025-11-24 13:06:06,cluster_A,8,1,1,0,1.00,0.5,0.5,0.0,0.0,0.0
2025-11-24 13:06:06,clusterB,8,4,4,0,1.00,0.5,0.5,0.0,0.0,0.0
2025-11-24 13:06:27,clusterA,8,3,3,0,1.00,0.5,0.5,0.0,0.0,0.0
2025-11-24 13:06:27,cluster_A,8,1,1,0,1.00,0.5,0.5,0.0,0.0,0.0
2025-11-24 13:06:27,clusterB,8,4,4,0,1.00,0.5,0.5,0.0,0.0,0.0
2025-11-24 13:06:50,clusterA,8,3,3,0,1.00,0.5,0.5,0.0,0.0,0.0
2025-11-24 13:06:50,cluster_A,8,1,1,0,1.00,0.5,0.5,0.0,0.0,0.0
2025-11-24 13:06:50,clusterB,8,4,4,0,1.00,0.5,0.5,0.0,0.0,0.0
2025-11-24 13:07:12,clusterA,8,3,3,0,1.00,0.5,0.5,0.0,0.0,0.0
2025-11-24 13:07:12,cluster_A,8,1,1,0,1.00,0.5,0.5,0.0,0.0,0.0
2025-11-24 13:07:12,clusterB,8,4,4,0,1.00,0.5,0.5,0.0,0.0,0.0
2025-11-24 13:07:33,clusterA,8,3,3,0,1.00,0.5,0.5,0.0,0.0,0.0
2025-11-24 13:07:33,cluster_A,8,1,1,0,1.00,0.5,0.5,0.0,0.0,0.0
2025-11-24 13:07:33,clusterB,8,4,4,0,1.00,0.5,0.5,0.0,0.0,0.0
2025-11-24 13:07:55,clusterA,8,3,3,0,1.00,0.5,0.5,0.0,0.0,0.0
2025-11-24 13:07:55,cluster_A,8,1,1,0,1.00,0.5,0.5,0.0,0.0,0.0
2025-11-24 13:07:55,clusterB,8,4,4,0,1.00,0.5,0.5,0.0,0.0,0.0
2025-11-24 13:08:17,clusterA,8,3,3,0,1.00,0.5,0.5,0.0,0.0,0.0
2025-11-24 13:08:17,cluster_A,8,1,1,0,1.00,0.5,0.5,0.0,0.0,0.0
2025-11-24 13:08:17,clusterB,8,4,4,0,1.00,0.5,0.5,0.0,0.0,0.0
2025-11-24 13:08:38,clusterA,8,3,3,0,1.00,0.5,0.5,0.0,0.0,0.0
2025-11-24 13:08:38,cluster_A,8,1,1,0,1.00,0.5,0.5,0.0,0.0,0.0
2025-11-24 13:08:38,clusterB,8,4,4,0,1.00,0.5,0.5,0.0,0.0,0.0
2025-11-24 13:09:00,clusterA,8,3,3,0,1.00,0.5,0.5,0.0,0.0,0.0
2025-11-24 13:09:00,cluster_A,8,1,1,0,1.00,0.5,0.5,0.0,0.0,0.0
2025-11-24 13:09:00,clusterB,8,4,4,0,1.00,0.5,0.5,0.0,0.0,0.0
2025-11-24 13:09:22,clusterA,8,3,3,0,1.00,0.5,0.5,0.0,0.0,0.0
2025-11-24 13:09:22,cluster_A,8,1,1,0,1.00,0.5,0.5,0.0,0.0,0.0
2025-11-24 13:09:22,clusterB,8,4,4,0,1.00,0.5,0.5,0.0,0.0,0.0
2025-11-24 13:09:44,clusterA,8,3,3,0,1.00,0.5,0.5,0.0,0.0,0.0
2025-11-24 13:09:44,cluster_A,8,1,1,0,1.00,0.5,0.5,0.0,0.0,0.0
2025-11-24 13:09:44,clusterB,8,4,4,0,1.00,0.5,0.5,0.0,0.0,0.0
2025-11-24 13:10:07,clusterA,8,3,3,0,1.00,0.5,0.5,0.0,0.0,0.0
2025-11-24 13:10:07,cluster_A,8,1,1,0,1.00,0.5,0.5,0.0,0.0,0.0
2025-11-24 13:10:07,clusterB,8,4,4,0,1.00,0.5,0.5,0.0,0.0,0.0
2025-11-24 13:10:29,clusterA,8,3,3,0,1.00,0.5,0.5,0.0,0.0,0.0
2025-11-24 13:10:29,cluster_A,8,1,1,0,1.00,0.5,0.5,0.0,0.0,0.0
2025-11-24 13:10:29,clusterB,8,4,4,0,1.00,0.5,0.5,0.0,0.0,0.0
2025-11-24 13:10:51,clusterA,8,3,3,0,1.00,0.5,0.5,0.0,0.0,0.0
2025-11-24 13:10:51,cluster_A,8,1,1,0,1.00,0.5,0.5,0.0,0.0,0.0
2025-11-24 13:10:51,clusterB,8,4,4,0,1.00,0.5,0.5,0.0,0.0,0.0
2025-11-24 13:11:13,clusterA,8,3,3,0,1.00,0.5,0.5,0.0,0.0,0.0
2025-11-24 13:11:13,cluster_A,8,1,1,0,1.00,0.5,0.5,0.0,0.0,0.0
2025-11-24 13:11:13,clusterB,8,4,4,0,1.00,0.5,0.5,0.0,0.0,0.0
2025-11-24 13:11:34,clusterA,8,3,3,0,1.00,0.5,0.5,0.0,0.0,0.0
2025-11-24 13:11:34,cluster_A,8,1,1,0,1.00,0.5,0.5,0.0,0.0,0.0
2025-11-24 13:11:34,clusterB,8,4,4,0,1.00,0.5,0.5,0.0,0.0,0.0
2025-11-24 13:11:57,clusterA,8,3,3,0,1.00,0.5,0.5,0.0,0.0,0.0
2025-11-24 13:11:57,cluster_A,8,1,1,0,1.00,0.5,0.5,0.0,0.0,0.0
2025-11-24 13:11:57,clusterB,8,4,4,0,1.00,0.5,0.5,0.0,0.0,0.0
2025-11-24 13:12:19,clusterA,8,3,3,0,1.00,0.5,0.5,0.0,0.0,0.0
2025-11-24 13:12:19,cluster_A,8,1,1,0,1.00,0.5,0.5,0.0,0.0,0.0
2025-11-24 13:12:19,clusterB,8,4,4,0,1.00,0.5,0.5,0.0,0.0,0.0
2025-11-24 13:12:41,clusterA,8,3,3,0,1.00,0.5,0.5,0.0,0.0,0.0
2025-11-24 13:12:41,cluster_A,8,1,1,0,1.00,0.5,0.5,0.0,0.0,0.0
2025-11-24 13:12:41,clusterB,8,4,4,0,1.00,0.5,0.5,0.0,0.0,0.0
2025-11-24 13:13:03,clusterA,8,3,3,0,1.00,0.5,0.5,0.0,0.0,0.0
2025-11-24 13:13:03,cluster_A,8,1,1,0,1.00,0.5,0.5,0.0,0.0,0.0
2025-11-24 13:13:03,clusterB,8,4,4,0,1.00,0.5,0.5,0.0,0.0,0.0
2025-11-24 13:13:24,clusterA,8,3,3,0,1.00,0.5,0.5,0.0,0.0,0.0
2025-11-24 13:13:24,cluster_A,8,1,1,0,1.00,0.5,0.5,0.0,0.0,0.0
2025-11-24 13:13:24,clusterB,8,4,4,0,1.00,0.5,0.5,0.0,0.0,0.0
2025-11-24 13:13:46,clusterA,8,3,3,0,1.00,0.5,0.5,0.0,0.0,0.0
2025-11-24 13:13:46,cluster_A,8,1,1,0,1.00,0.5,0.5,0.0,0.0,0.0
2025-11-24 13:13:46,clusterB,8,4,4,0,1.00,0.5,0.5,0.0,0.0,0.0
2025-11-24 13:14:09,clusterA,8,3,3,0,1.00,0.5,0.5,0.0,0.0,0.0
2025-11-24 13:14:09,cluster_A,8,1,1,0,1.00,0.5,0.5,0.0,0.0,0.0
2025-11-24 13:14:09,clusterB,8,4,4,0,1.00,0.5,0.5,0.0,0.0,0.0
2025-11-24 13:14:31,clusterA,8,3,3,0,1.00,0.5,0.5,0.0,0.0,0.0
2025-11-24 13:14:31,cluster_A,8,1,1,0,1.00,0.5,0.5,0.0,0.0,0.0
2025-11-24 13:14:31,clusterB,8,4,4,0,1.00,0.5,0.5,0.0,0.0,0.0
2025-11-24 13:14:54,clusterA,8,3,3,0,1.00,0.5,0.5,0.0,0.0,0.0
2025-11-24 13:14:54,cluster_A,8,1,1,0,1.00,0.5,0.5,0.0,0.0,0.0
2025-11-24 13:14:54,clusterB,8,4,4,0,1.00,0.5,0.5,0.0,0.0,0.0
2025-11-24 13:15:16,clusterA,8,3,3,0,1.00,0.5,0.5,0.0,0.0,0.0
2025-11-24 13:15:16,cluster_A,8,1,1,0,1.00,0.5,0.5,0.0,0.0,0.0
2025-11-24 13:15:16,clusterB,8,4,4,0,1.00,0.5,0.5,0.0,0.0,0.0
2025-11-24 13:15:38,clusterA,8,3,3,0,1.00,0.5,0.5,0.0,0.0,0.0
2025-11-24 13:15:38,cluster_A,8,1,1,0,1.00,0.5,0.5,0.0,0.0,0.0
2025-11-24 13:15:38,clusterB,8,4,4,0,1.00,0.5,0.5,0.0,0.0,0.0
2025-11-24 13:16:00,clusterA,8,3,3,0,1.00,0.5,0.5,0.0,0.0,0.0
2025-11-24 13:16:00,cluster_A,8,1,1,0,1.00,0.5,0.5,0.0,0.0,0.0
2025-11-24 13:16:00,clusterB,8,4,4,0,1.00,0.5,0.5,0.0,0.0,0.0
2025-11-24 13:16:21,clusterA,8,3,3,0,1.00,0.5,0.5,0.0,0.0,0.0
2025-11-24 13:16:21,cluster_A,8,1,1,0,1.00,0.5,0.5,0.0,0.0,0.0
2025-11-24 13:16:21,clusterB,8,4,4,0,1.00,0.5,0.5,0.0,0.0,0.0
2025-11-24 13:16:43,clusterA,8,3,3,0,1.00,0.5,0.5,0.0,0.0,0.0
2025-11-24 13:16:43,cluster_A,8,1,1,0,1.00,0.5,0.5,0.0,0.0,0.0
2025-11-24 13:16:43,clusterB,8,4,4,0,1.00,0.5,0.5,0.0,0.0,0.0
2025-11-24 13:17:06,clusterA,8,3,3,0,1.00,0.5,0.5,0.0,0.0,0.0
2025-11-24 13:17:06,cluster_A,8,1,1,0,1.00,0.5,0.5,0.0,0.0,0.0
2025-11-24 13:17:06,clusterB,8,4,4,0,1.00,0.5,0.5,0.0,0.0,0.0
2025-11-24 13:17:27,clusterA,8,3,3,0,1.00,0.5,0.5,0.0,0.0,0.0
2025-11-24 13:17:27,cluster_A,8,1,1,0,1.00,0.5,0.5,0.0,0.0,0.0
2025-11-24 13:17:27,clusterB,8,4,4,0,1.00,0.5,0.5,0.0,0.0,0.0
2025-11-24 13:17:49,clusterA,8,3,3,0,1.00,0.5,0.5,0.0,0.0,0.0
2025-11-24 13:17:49,cluster_A,8,1,1,0,1.00,0.5,0.5,0.0,0.0,0.0
2025-11-24 13:17:49,clusterB,8,4,4,0,1.00,0.5,0.5,0.0,0.0,0.0
2025-11-24 13:18:11,clusterA,8,3,3,0,1.00,0.5,0.5,0.0,0.0,0.0
2025-11-24 13:18:11,cluster_A,8,1,1,0,1.00,0.5,0.5,0.0,0.0,0.0
2025-11-24 13:18:11,clusterB,8,4,4,0,1.00,0.5,0.5,0.0,0.0,0.0
2025-11-24 13:18:33,clusterA,8,3,3,0,1.00,0.5,0.5,0.0,0.0,0.0
2025-11-24 13:18:33,cluster_A,8,1,1,0,1.00,0.5,0.5,0.0,0.0,0.0
2025-11-24 13:18:33,clusterB,8,4,4,0,1.00,0.5,0.5,0.0,0.0,0.0
2025-11-24 13:18:55,clusterA,8,3,3,0,1.00,0.5,0.5,0.0,0.0,0.0
2025-11-24 13:18:55,cluster_A,8,1,1,0,1.00,0.5,0.5,0.0,0.0,0.0
2025-11-24 13:18:55,clusterB,8,4,4,0,1.00,0.5,0.5,0.0,0.0,0.0
2025-11-24 13:19:17,clusterA,8,3,3,0,1.00,0.5,0.5,0.0,0.0,0.0
2025-11-24 13:19:17,cluster_A,8,1,1,0,1.00,0.5,0.5,0.0,0.0,0.0
2025-11-24 13:19:17,clusterB,8,4,4,0,1.00,0.5,0.5,0.0,0.0,0.0
2025-11-24 13:19:40,clusterA,8,3,3,0,1.00,0.5,0.5,0.0,0.0,0.0
2025-11-24 13:19:40,cluster_A,8,1,1,0,1.00,0.5,0.5,0.0,0.0,0.0
2025-11-24 13:19:40,clusterB,8,4,4,0,1.00,0.5,0.5,0.0,0.0,0.0
2025-11-24 13:20:02,clusterA,8,3,3,0,1.00,0.5,0.5,0.0,0.0,0.0
2025-11-24 13:20:02,cluster_A,8,1,1,0,1.00,0.5,0.5,0.0,0.0,0.0
2025-11-24 13:20:02,clusterB,8,4,4,0,1.00,0.5,0.5,0.0,0.0,0.0
2025-11-24 13:20:25,clusterA,8,3,3,0,1.00,0.5,0.5,0.0,0.0,0.0
2025-11-24 13:20:25,cluster_A,8,1,1,0,1.00,0.5,0.5,0.0,0.0,0.0
2025-11-24 13:20:25,clusterB,8,4,4,0,1.00,0.5,0.5,0.0,0.0,0.0
2025-11-24 13:20:47,clusterA,8,3,3,0,1.00,0.5,0.5,0.0,0.0,0.0
2025-11-24 13:20:47,cluster_A,8,1,1,0,1.00,0.5,0.5,0.0,0.0,0.0
2025-11-24 13:20:47,clusterB,8,4,4,0,1.00,0.5,0.5,0.0,0.0,0.0
2025-11-24 13:21:09,clusterA,8,3,3,0,1.00,0.5,0.5,0.0,0.0,0.0
2025-11-24 13:21:09,cluster_A,8,1,1,0,1.00,0.5,0.5,0.0,0.0,0.0
2025-11-24 13:21:09,clusterB,8,4,4,0,1.00,0.5,0.5,0.0,0.0,0.0
2025-11-24 13:21:30,clusterA,8,3,3,0,1.00,0.5,0.5,0.0,0.0,0.0
2025-11-24 13:21:30,cluster_A,8,1,1,0,1.00,0.5,0.5,0.0,0.0,0.0
2025-11-24 13:21:30,clusterB,8,4,4,0,1.00,0.5,0.5,0.0,0.0,0.0
2025-11-24 13:21:52,clusterA,8,3,3,0,1.00,0.5,0.5,0.0,0.0,0.0
2025-11-24 13:21:52,cluster_A,8,1,1,0,1.00,0.5,0.5,0.0,0.0,0.0
2025-11-24 13:21:52,clusterB,8,4,4,0,1.00,0.5,0.5,0.0,0.0,0.0
2025-11-24 13:22:13,clusterA,8,3,3,0,1.00,0.5,0.5,0.0,0.0,0.0
2025-11-24 13:22:13,cluster_A,8,1,1,0,1.00,0.5,0.5,0.0,0.0,0.0
2025-11-24 13:22:13,clusterB,8,4,4,0,1.00,0.5,0.5,0.0,0.0,0.0
2025-11-24 13:22:35,clusterA,8,3,3,0,1.00,0.5,0.5,0.0,0.0,0.0
2025-11-24 13:22:35,cluster_A,8,1,1,0,1.00,0.5,0.5,0.0,0.0,0.0
2025-11-24 13:22:35,clusterB,8,4,4,0,1.00,0.5,0.5,0.0,0.0,0.0
2025-11-24 13:22:57,clusterA,8,3,3,0,1.00,0.5,0.5,0.0,0.0,0.0
2025-11-24 13:22:57,cluster_A,8,1,1,0,1.00,0.5,0.5,0.0,0.0,0.0
2025-11-24 13:22:57,clusterB,8,4,4,0,1.00,0.5,0.5,0.0,0.0,0.0
2025-11-24 13:23:20,clusterA,8,3,3,0,1.00,0.5,0.5,0.0,0.0,0.0
2025-11-24 13:23:20,cluster_A,8,1,1,0,1.00,0.5,0.5,0.0,0.0,0.0
2025-11-24 13:23:20,clusterB,8,4,4,0,1.00,0.5,0.5,0.0,0.0,0.0
2025-11-24 13:23:43,clusterA,8,3,3,0,1.00,0.5,0.5,0.0,0.0,0.0
2025-11-24 13:23:43,cluster_A,8,1,1,0,1.00,0.5,0.5,0.0,0.0,0.0
2025-11-24 13:23:43,clusterB,8,4,4,0,1.00,0.5,0.5,0.0,0.0,0.0
2025-11-24 13:24:04,clusterA,8,3,3,0,1.00,0.5,0.5,0.0,0.0,0.0
2025-11-24 13:24:04,cluster_A,8,1,1,0,1.00,0.5,0.5,0.0,0.0,0.0
2025-11-24 13:24:04,clusterB,8,4,4,0,1.00,0.5,0.5,0.0,0.0,0.0
2025-11-24 13:24:26,clusterA,8,3,3,0,1.00,0.5,0.5,0.0,0.0,0.0
2025-11-24 13:24:26,cluster_A,8,1,1,0,1.00,0.5,0.5,0.0,0.0,0.0
2025-11-24 13:24:26,clusterB,8,4,4,0,1.00,0.5,0.5,0.0,0.0,0.0
2025-11-24 13:24:49,clusterA,8,3,3,0,1.00,0.5,0.5,0.0,0.0,0.0
2025-11-24 13:24:49,cluster_A,8,1,1,0,1.00,0.5,0.5,0.0,0.0,0.0
2025-11-24 13:24:49,clusterB,8,4,4,0,1.00,0.5,0.5,0.0,0.0,0.0
2025-11-24 13:25:11,clusterA,8,3,3,0,1.00,0.5,0.5,0.0,0.0,0.0
2025-11-24 13:25:11,cluster_A,8,1,1,0,1.00,0.5,0.5,0.0,0.0,0.0
2025-11-24 13:25:11,clusterB,8,4,4,0,1.00,0.5,0.5,0.0,0.0,0.0
2025-11-24 13:25:33,clusterA,8,3,3,0,1.00,0.5,0.5,0.0,0.0,0.0
2025-11-24 13:25:33,cluster_A,8,1,1,0,1.00,0.5,0.5,0.0,0.0,0.0
2025-11-24 13:25:33,clusterB,8,4,4,0,1.00,0.5,0.5,0.0,0.0,0.0
2025-11-24 13:25:54,clusterA,8,3,3,0,1.00,0.5,0.5,0.0,0.0,0.0
2025-11-24 13:25:54,cluster_A,8,1,1,0,1.00,0.5,0.5,0.0,0.0,0.0
2025-11-24 13:25:54,clusterB,8,4,4,0,1.00,0.5,0.5,0.0,0.0,0.0
2025-11-24 13:26:15,clusterA,8,3,3,0,1.00,0.5,0.5,0.0,0.0,0.0
2025-11-24 13:26:15,cluster_A,8,1,1,0,1.00,0.5,0.5,0.0,0.0,0.0
2025-11-24 13:26:15,clusterB,8,4,4,0,1.00,0.5,0.5,0.0,0.0,0.0
2025-11-24 13:26:37,clusterA,8,3,3,0,1.00,0.5,0.5,0.0,0.0,0.0
2025-11-24 13:26:37,cluster_A,8,1,1,0,1.00,0.5,0.5,0.0,0.0,0.0
2025-11-24 13:26:37,clusterB,8,4,4,0,1.00,0.5,0.5,0.0,0.0,0.0
2025-11-24 13:26:59,clusterA,8,3,3,0,1.00,0.5,0.5,0.0,0.0,0.0
2025-11-24 13:26:59,cluster_A,8,1,1,0,1.00,0.5,0.5,0.0,0.0,0.0
2025-11-24 13:26:59,clusterB,8,4,4,0,1.00,0.5,0.5,0.0,0.0,0.0
2025-11-24 13:27:21,clusterA,8,3,3,0,1.00,0.5,0.5,0.0,0.0,0.0
2025-11-24 13:27:21,cluster_A,8,1,1,0,1.00,0.5,0.5,0.0,0.0,0.0
2025-11-24 13:27:21,clusterB,8,4,4,0,1.00,0.5,0.5,0.0,0.0,0.0
2025-11-24 13:27:43,clusterA,8,3,3,0,1.00,0.5,0.5,0.0,0.0,0.0
2025-11-24 13:27:43,cluster_A,8,1,1,0,1.00,0.5,0.5,0.0,0.0,0.0
2025-11-24 13:27:43,clusterB,8,4,4,0,1.00,0.5,0.5,0.0,0.0,0.0
2025-11-24 13:28:04,clusterA,8,3,3,0,1.00,0.5,0.5,0.0,0.0,0.0
2025-11-24 13:28:04,cluster_A,8,1,1,0,1.00,0.5,0.5,0.0,0.0,0.0
2025-11-24 13:28:04,clusterB,8,4,4,0,1.00,0.5,0.5,0.0,0.0,0.0
2025-11-24 13:28:26,clusterA,8,3,3,0,1.00,0.5,0.5,0.0,0.0,0.0
2025-11-24 13:28:26,cluster_A,8,1,1,0,1.00,0.5,0.5,0.0,0.0,0.0
2025-11-24 13:28:26,clusterB,8,4,4,0,1.00,0.5,0.5,0.0,0.0,0.0
2025-11-24 13:28:47,clusterA,8,3,3,0,1.00,0.5,0.5,0.0,0.0,0.0
2025-11-24 13:28:47,cluster_A,8,1,1,0,1.00,0.5,0.5,0.0,0.0,0.0
2025-11-24 13:28:47,clusterB,8,4,4,0,1.00,0.5,0.5,0.0,0.0,0.0
2025-11-24 13:29:09,clusterA,8,3,3,0,1.00,0.5,0.5,0.0,0.0,0.0
2025-11-24 13:29:09,cluster_A,8,1,1,0,1.00,0.5,0.5,0.0,0.0,0.0
2025-11-24 13:29:09,clusterB,8,4,4,0,1.00,0.5,0.5,0.0,0.0,0.0
2025-11-24 13:29:31,clusterA,8,3,3,0,1.00,0.5,0.5,0.0,0.0,0.0
2025-11-24 13:29:31,cluster_A,8,1,1,0,1.00,0.5,0.5,0.0,0.0,0.0
2025-11-24 13:29:31,clusterB,8,4,4,0,1.00,0.5,0.5,0.0,0.0,0.0
2025-11-24 13:29:52,clusterA,8,3,3,0,1.00,0.5,0.5,0.0,0.0,0.0
2025-11-24 13:29:52,cluster_A,8,1,1,0,1.00,0.5,0.5,0.0,0.0,0.0
2025-11-24 13:29:52,clusterB,8,4,4,0,1.00,0.5,0.5,0.0,0.0,0.0
2025-11-24 13:30:14,clusterA,8,3,3,0,1.00,0.5,0.5,0.0,0.0,0.0
2025-11-24 13:30:14,cluster_A,8,1,1,0,1.00,0.5,0.5,0.0,0.0,0.0
2025-11-24 13:30:14,clusterB,8,4,4,0,1.00,0.5,0.5,0.0,0.0,0.0
2025-11-24 13:30:36,clusterA,8,3,3,0,1.00,0.5,0.5,0.0,0.0,0.0
2025-11-24 13:30:36,cluster_A,8,1,1,0,1.00,0.5,0.5,0.0,0.0,0.0
2025-11-24 13:30:36,clusterB,8,4,4,0,1.00,0.5,0.5,0.0,0.0,0.0
2025-11-24 13:30:57,clusterA,8,3,3,0,1.00,0.5,0.5,0.0,0.0,0.0
2025-11-24 13:30:57,cluster_A,8,1,1,0,1.00,0.5,0.5,0.0,0.0,0.0
2025-11-24 13:30:57,clusterB,8,4,4,0,1.00,0.5,0.5,0.0,0.0,0.0
2025-11-24 13:31:20,clusterA,8,3,3,0,1.00,0.5,0.5,0.0,0.0,0.0
2025-11-24 13:31:20,cluster_A,8,1,1,0,1.00,0.5,0.5,0.0,0.0,0.0
2025-11-24 13:31:20,clusterB,8,4,4,0,1.00,0.5,0.5,0.0,0.0,0.0
2025-11-24 13:31:41,clusterA,8,3,3,0,1.00,0.5,0.5,0.0,0.0,0.0
2025-11-24 13:31:41,cluster_A,8,1,1,0,1.00,0.5,0.5,0.0,0.0,0.0
2025-11-24 13:31:41,clusterB,8,4,4,0,1.00,0.5,0.5,0.0,0.0,0.0
2025-11-24 13:32:04,clusterA,8,3,3,0,1.00,0.5,0.5,0.0,0.0,0.0
2025-11-24 13:32:04,cluster_A,8,1,1,0,1.00,0.5,0.5,0.0,0.0,0.0
2025-11-24 13:32:04,clusterB,8,4,4,0,1.00,0.5,0.5,0.0,0.0,0.0
2025-11-24 13:32:26,clusterA,8,3,3,0,1.00,0.5,0.5,0.0,0.0,0.0
2025-11-24 13:32:26,cluster_A,8,1,1,0,1.00,0.5,0.5,0.0,0.0,0.0
2025-11-24 13:32:26,clusterB,8,4,4,0,1.00,0.5,0.5,0.0,0.0,0.0
2025-11-24 13:32:47,clusterA,8,3,3,0,1.00,0.5,0.5,0.0,0.0,0.0
2025-11-24 13:32:47,cluster_A,8,1,1,0,1.00,0.5,0.5,0.0,0.0,0.0
2025-11-24 13:32:47,clusterB,8,4,4,0,1.00,0.5,0.5,0.0,0.0,0.0
2025-11-24 13:33:09,clusterA,8,3,3,0,1.00,0.5,0.5,0.0,0.0,0.0
2025-11-24 13:33:09,cluster_A,8,1,1,0,1.00,0.5,0.5,0.0,0.0,0.0
2025-11-24 13:33:09,clusterB,8,4,4,0,1.00,0.5,0.5,0.0,0.0,0.0
2025-11-24 13:33:32,clusterA,8,3,3,0,1.00,0.5,0.5,0.0,0.0,0.0
2025-11-24 13:33:32,cluster_A,8,1,1,0,1.00,0.5,0.5,0.0,0.0,0.0
2025-11-24 13:33:32,clusterB,8,4,4,0,1.00,0.5,0.5,0.0,0.0,0.0
2025-11-24 13:33:53,clusterA,8,3,3,0,1.00,0.5,0.5,0.0,0.0,0.0
2025-11-24 13:33:53,cluster_A,8,1,1,0,1.00,0.5,0.5,0.0,0.0,0.0
2025-11-24 13:33:53,clusterB,8,4,4,0,1.00,0.5,0.5,0.0,0.0,0.0
2025-11-24 13:34:15,clusterA,8,3,3,0,1.00,0.5,0.5,0.0,0.0,0.0
2025-11-24 13:34:15,cluster_A,8,1,1,0,1.00,0.5,0.5,0.0,0.0,0.0
2025-11-24 13:34:15,clusterB,8,4,4,0,1.00,0.5,0.5,0.0,0.0,0.0
2025-11-24 13:34:37,clusterA,8,3,3,0,1.00,0.5,0.5,0.0,0.0,0.0
2025-11-24 13:34:37,cluster_A,8,1,1,0,1.00,0.5,0.5,0.0,0.0,0.0
2025-11-24 13:34:37,clusterB,8,4,4,0,1.00,0.5,0.5,0.0,0.0,0.0
2025-11-24 13:34:59,clusterA,8,3,3,0,1.00,0.5,0.5,0.0,0.0,0.0
2025-11-24 13:34:59,cluster_A,8,1,1,0,1.00,0.5,0.5,0.0,0.0,0.0
2025-11-24 13:34:59,clusterB,8,4,4,0,1.00,0.5,0.5,0.0,0.0,0.0
2025-11-24 13:35:22,clusterA,8,3,3,0,1.00,0.5,0.5,0.0,0.0,0.0
2025-11-24 13:35:22,cluster_A,8,1,1,0,1.00,0.5,0.5,0.0,0.0,0.0
2025-11-24 13:35:22,clusterB,8,4,4,0,1.00,0.5,0.5,0.0,0.0,0.0
2025-11-24 13:35:44,clusterA,8,3,3,0,1.00,0.5,0.5,0.0,0.0,0.0
2025-11-24 13:35:44,cluster_A,8,1,1,0,1.00,0.5,0.5,0.0,0.0,0.0
2025-11-24 13:35:44,clusterB,8,4,4,0,1.00,0.5,0.5,0.0,0.0,0.0
2025-11-24 13:36:07,clusterA,8,3,3,0,1.00,0.5,0.5,0.0,0.0,0.0
2025-11-24 13:36:07,cluster_A,8,1,1,0,1.00,0.5,0.5,0.0,0.0,0.0
2025-11-24 13:36:07,clusterB,8,4,4,0,1.00,0.5,0.5,0.0,0.0,0.0
2025-11-24 13:36:29,clusterA,8,3,3,0,1.00,0.5,0.5,0.0,0.0,0.0
2025-11-24 13:36:29,cluster_A,8,1,1,0,1.00,0.5,0.5,0.0,0.0,0.0
2025-11-24 13:36:29,clusterB,8,4,4,0,1.00,0.5,0.5,0.0,0.0,0.0
2025-11-24 13:36:51,clusterA,8,3,3,0,1.00,0.5,0.5,0.0,0.0,0.0
2025-11-24 13:36:51,cluster_A,8,1,1,0,1.00,0.5,0.5,0.0,0.0,0.0
2025-11-24 13:36:51,clusterB,8,4,4,0,1.00,0.5,0.5,0.0,0.0,0.0
2025-11-24 13:37:13,clusterA,8,3,3,0,1.00,0.5,0.5,0.0,0.0,0.0
2025-11-24 13:37:13,cluster_A,8,1,1,0,1.00,0.5,0.5,0.0,0.0,0.0
2025-11-24 13:37:13,clusterB,8,4,4,0,1.00,0.5,0.5,0.0,0.0,0.0
2025-11-24 13:37:36,clusterA,8,3,3,0,1.00,0.5,0.5,0.0,0.0,0.0
2025-11-24 13:37:36,cluster_A,8,1,1,0,1.00,0.5,0.5,0.0,0.0,0.0
2025-11-24 13:37:36,clusterB,8,4,4,0,1.00,0.5,0.5,0.0,0.0,0.0
2025-11-24 13:37:58,clusterA,8,3,3,0,1.00,0.5,0.5,0.0,0.0,0.0
2025-11-24 13:37:58,cluster_A,8,1,1,0,1.00,0.5,0.5,0.0,0.0,0.0
2025-11-24 13:37:58,clusterB,8,4,4,0,1.00,0.5,0.5,0.0,0.0,0.0
2025-11-24 13:38:21,clusterA,8,3,3,0,1.00,0.5,0.5,0.0,0.0,0.0
2025-11-24 13:38:21,cluster_A,8,1,1,0,1.00,0.5,0.5,0.0,0.0,0.0
2025-11-24 13:38:21,clusterB,8,4,4,0,1.00,0.5,0.5,0.0,0.0,0.0
2025-11-24 13:38:43,clusterA,8,3,3,0,1.00,0.5,0.5,0.0,0.0,0.0
2025-11-24 13:38:43,cluster_A,8,1,1,0,1.00,0.5,0.5,0.0,0.0,0.0
2025-11-24 13:38:43,clusterB,8,4,4,0,1.00,0.5,0.5,0.0,0.0,0.0
2025-11-24 13:39:04,clusterA,8,3,3,0,1.00,0.5,0.5,0.0,0.0,0.0
2025-11-24 13:39:04,cluster_A,8,1,1,0,1.00,0.5,0.5,0.0,0.0,0.0
2025-11-24 13:39:04,clusterB,8,4,4,0,1.00,0.5,0.5,0.0,0.0,0.0
2025-11-24 13:39:26,clusterA,8,3,3,0,1.00,0.5,0.5,0.0,0.0,0.0
2025-11-24 13:39:26,cluster_A,8,1,1,0,1.00,0.5,0.5,0.0,0.0,0.0
2025-11-24 13:39:26,clusterB,8,4,4,0,1.00,0.5,0.5,0.0,0.0,0.0
2025-11-24 13:39:48,clusterA,8,3,3,0,1.00,0.5,0.5,0.0,0.0,0.0
2025-11-24 13:39:48,cluster_A,8,1,1,0,1.00,0.5,0.5,0.0,0.0,0.0
2025-11-24 13:39:48,clusterB,8,4,4,0,1.00,0.5,0.5,0.0,0.0,0.0
2025-11-24 13:40:09,clusterA,8,3,3,0,1.00,0.5,0.5,0.0,0.0,0.0
2025-11-24 13:40:09,cluster_A,8,1,1,0,1.00,0.5,0.5,0.0,0.0,0.0
2025-11-24 13:40:09,clusterB,8,4,4,0,1.00,0.5,0.5,0.0,0.0,0.0
2025-11-24 13:40:31,clusterA,8,3,3,0,1.00,0.5,0.5,0.0,0.0,0.0
2025-11-24 13:40:31,cluster_A,8,1,1,0,1.00,0.5,0.5,0.0,0.0,0.0
2025-11-24 13:40:31,clusterB,8,4,4,0,1.00,0.5,0.5,0.0,0.0,0.0
2025-11-24 13:40:54,clusterA,8,3,3,0,1.00,0.5,0.5,0.0,0.0,0.0
2025-11-24 13:40:54,cluster_A,8,1,1,0,1.00,0.5,0.5,0.0,0.0,0.0
2025-11-24 13:40:54,clusterB,8,4,4,0,1.00,0.5,0.5,0.0,0.0,0.0
2025-11-24 13:41:16,clusterA,8,3,3,0,1.00,0.5,0.5,0.0,0.0,0.0
2025-11-24 13:41:16,cluster_A,8,1,1,0,1.00,0.5,0.5,0.0,0.0,0.0
2025-11-24 13:41:16,clusterB,8,4,4,0,1.00,0.5,0.5,0.0,0.0,0.0
2025-11-24 13:41:38,clusterA,8,3,3,0,1.00,0.5,0.5,0.0,0.0,0.0
2025-11-24 13:41:38,cluster_A,8,1,1,0,1.00,0.5,0.5,0.0,0.0,0.0
2025-11-24 13:41:38,clusterB,8,4,4,0,1.00,0.5,0.5,0.0,0.0,0.0
2025-11-24 13:42:00,clusterA,8,3,3,0,1.00,0.5,0.5,0.0,0.0,0.0
2025-11-24 13:42:00,cluster_A,8,1,1,0,1.00,0.5,0.5,0.0,0.0,0.0
2025-11-24 13:42:00,clusterB,8,4,4,0,1.00,0.5,0.5,0.0,0.0,0.0
2025-11-24 13:42:21,clusterA,8,3,3,0,1.00,0.5,0.5,0.0,0.0,0.0
2025-11-24 13:42:21,cluster_A,8,1,1,0,1.00,0.5,0.5,0.0,0.0,0.0
2025-11-24 13:42:21,clusterB,8,4,4,0,1.00,0.5,0.5,0.0,0.0,0.0
2025-11-24 13:42:44,clusterA,8,3,3,0,1.00,0.5,0.5,0.0,0.0,0.0
2025-11-24 13:42:44,cluster_A,8,1,1,0,1.00,0.5,0.5,0.0,0.0,0.0
2025-11-24 13:42:44,clusterB,8,4,4,0,1.00,0.5,0.5,0.0,0.0,0.0
2025-11-24 13:43:05,clusterA,8,3,3,0,1.00,0.5,0.5,0.0,0.0,0.0
2025-11-24 13:43:05,cluster_A,8,1,1,0,1.00,0.5,0.5,0.0,0.0,0.0
2025-11-24 13:43:05,clusterB,8,4,4,0,1.00,0.5,0.5,0.0,0.0,0.0
2025-11-24 13:43:27,clusterA,8,3,3,0,1.00,0.5,0.5,0.0,0.0,0.0
2025-11-24 13:43:27,cluster_A,8,1,1,0,1.00,0.5,0.5,0.0,0.0,0.0
2025-11-24 13:43:27,clusterB,8,4,4,0,1.00,0.5,0.5,0.0,0.0,0.0
2025-11-24 13:43:49,clusterA,8,3,3,0,1.00,0.5,0.5,0.0,0.0,0.0
2025-11-24 13:43:49,cluster_A,8,1,1,0,1.00,0.5,0.5,0.0,0.0,0.0
2025-11-24 13:43:49,clusterB,8,4,4,0,1.00,0.5,0.5,0.0,0.0,0.0
2025-11-24 13:44:11,clusterA,8,3,3,0,1.00,0.5,0.5,0.0,0.0,0.0
2025-11-24 13:44:11,cluster_A,8,1,1,0,1.00,0.5,0.5,0.0,0.0,0.0
2025-11-24 13:44:11,clusterB,8,4,4,0,1.00,0.5,0.5,0.0,0.0,0.0
2025-11-24 13:44:32,clusterA,8,3,3,0,1.00,0.5,0.5,0.0,0.0,0.0
2025-11-24 13:44:32,cluster_A,8,1,1,0,1.00,0.5,0.5,0.0,0.0,0.0
2025-11-24 13:44:32,clusterB,8,4,4,0,1.00,0.5,0.5,0.0,0.0,0.0
2025-11-24 13:44:54,clusterA,8,3,3,0,1.00,0.5,0.5,0.0,0.0,0.0
2025-11-24 13:44:54,cluster_A,8,1,1,0,1.00,0.5,0.5,0.0,0.0,0.0
2025-11-24 13:44:54,clusterB,8,4,4,0,1.00,0.5,0.5,0.0,0.0,0.0
2025-11-24 13:45:15,clusterA,8,3,3,0,1.00,0.5,0.5,0.0,0.0,0.0
2025-11-24 13:45:15,cluster_A,8,1,1,0,1.00,0.5,0.5,0.0,0.0,0.0
2025-11-24 13:45:15,clusterB,8,4,4,0,1.00,0.5,0.5,0.0,0.0,0.0
2025-11-24 13:45:37,clusterA,8,3,3,0,1.00,0.5,0.5,0.0,0.0,0.0
2025-11-24 13:45:37,cluster_A,8,1,1,0,1.00,0.5,0.5,0.0,0.0,0.0
2025-11-24 13:45:37,clusterB,8,4,4,0,1.00,0.5,0.5,0.0,0.0,0.0
2025-11-24 13:45:59,clusterA,8,3,3,0,1.00,0.5,0.5,0.0,0.0,0.0
2025-11-24 13:45:59,cluster_A,8,1,1,0,1.00,0.5,0.5,0.0,0.0,0.0
2025-11-24 13:45:59,clusterB,8,4,4,0,1.00,0.5,0.5,0.0,0.0,0.0
2025-11-24 13:46:21,clusterA,8,3,3,0,1.00,0.5,0.5,0.0,0.0,0.0
2025-11-24 13:46:21,cluster_A,8,1,1,0,1.00,0.5,0.5,0.0,0.0,0.0
2025-11-24 13:46:21,clusterB,8,4,4,0,1.00,0.5,0.5,0.0,0.0,0.0
2025-11-24 13:46:44,clusterA,8,3,3,0,1.00,0.5,0.5,0.0,0.0,0.0
2025-11-24 13:46:44,cluster_A,8,1,1,0,1.00,0.5,0.5,0.0,0.0,0.0
2025-11-24 13:46:44,clusterB,8,4,4,0,1.00,0.5,0.5,0.0,0.0,0.0
2025-11-24 13:47:06,clusterA,8,3,3,0,1.00,0.5,0.5,0.0,0.0,0.0
2025-11-24 13:47:06,cluster_A,8,1,1,0,1.00,0.5,0.5,0.0,0.0,0.0
2025-11-24 13:47:06,clusterB,8,4,4,0,1.00,0.5,0.5,0.0,0.0,0.0
2025-11-24 13:47:28,clusterA,8,3,3,0,1.00,0.5,0.5,0.0,0.0,0.0
2025-11-24 13:47:28,cluster_A,8,1,1,0,1.00,0.5,0.5,0.0,0.0,0.0
2025-11-24 13:47:28,clusterB,8,4,4,0,1.00,0.5,0.5,0.0,0.0,0.0
2025-11-24 13:47:49,clusterA,8,3,3,0,1.00,0.5,0.5,0.0,0.0,0.0
2025-11-24 13:47:49,cluster_A,8,1,1,0,1.00,0.5,0.5,0.0,0.0,0.0
2025-11-24 13:47:49,clusterB,8,4,4,0,1.00,0.5,0.5,0.0,0.0,0.0
2025-11-24 13:48:11,clusterA,8,3,3,0,1.00,0.5,0.5,0.0,0.0,0.0
2025-11-24 13:48:11,cluster_A,8,1,1,0,1.00,0.5,0.5,0.0,0.0,0.0
2025-11-24 13:48:11,clusterB,8,4,4,0,1.00,0.5,0.5,0.0,0.0,0.0
2025-11-24 13:48:32,clusterA,8,3,3,0,1.00,0.5,0.5,0.0,0.0,0.0
2025-11-24 13:48:32,cluster_A,8,1,1,0,1.00,0.5,0.5,0.0,0.0,0.0
2025-11-24 13:48:32,clusterB,8,4,4,0,1.00,0.5,0.5,0.0,0.0,0.0
2025-11-24 13:48:54,clusterA,8,3,3,0,1.00,0.5,0.5,0.0,0.0,0.0
2025-11-24 13:48:54,cluster_A,8,1,1,0,1.00,0.5,0.5,0.0,0.0,0.0
2025-11-24 13:48:54,clusterB,8,4,4,0,1.00,0.5,0.5,0.0,0.0,0.0
2025-11-24 13:49:15,clusterA,8,3,3,0,1.00,0.5,0.5,0.0,0.0,0.0
2025-11-24 13:49:15,cluster_A,8,1,1,0,1.00,0.5,0.5,0.0,0.0,0.0
2025-11-24 13:49:15,clusterB,8,4,4,0,1.00,0.5,0.5,0.0,0.0,0.0
2025-11-24 13:49:36,clusterA,8,3,3,0,1.00,0.5,0.5,0.0,0.0,0.0
2025-11-24 13:49:36,cluster_A,8,1,1,0,1.00,0.5,0.5,0.0,0.0,0.0
2025-11-24 13:49:36,clusterB,8,4,4,0,1.00,0.5,0.5,0.0,0.0,0.0
2025-11-24 13:49:58,clusterA,8,3,3,0,1.00,0.5,0.5,0.0,0.0,0.0
2025-11-24 13:49:58,cluster_A,8,1,1,0,1.00,0.5,0.5,0.0,0.0,0.0
2025-11-24 13:49:58,clusterB,8,4,4,0,1.00,0.5,0.5,0.0,0.0,0.0
2025-11-24 13:50:19,clusterA,8,3,3,0,1.00,0.5,0.5,0.0,0.0,0.0
2025-11-24 13:50:19,cluster_A,8,1,1,0,1.00,0.5,0.5,0.0,0.0,0.0
2025-11-24 13:50:19,clusterB,8,4,4,0,1.00,0.5,0.5,0.0,0.0,0.0
2025-11-24 13:50:39,clusterA,8,3,3,0,1.00,0.5,0.5,0.0,0.0,0.0
2025-11-24 13:50:39,cluster_A,8,1,1,0,1.00,0.5,0.5,0.0,0.0,0.0
2025-11-24 13:50:39,clusterB,8,4,4,0,1.00,0.5,0.5,0.0,0.0,0.0
2025-11-24 13:51:01,clusterA,8,3,3,0,1.00,0.5,0.5,0.0,0.0,0.0
2025-11-24 13:51:01,cluster_A,8,1,1,0,1.00,0.5,0.5,0.0,0.0,0.0
2025-11-24 13:51:01,clusterB,8,4,4,0,1.00,0.5,0.5,0.0,0.0,0.0
2025-11-24 13:51:23,clusterA,8,3,3,0,1.00,0.5,0.5,0.0,0.0,0.0
2025-11-24 13:51:23,cluster_A,8,1,1,0,1.00,0.5,0.5,0.0,0.0,0.0
2025-11-24 13:51:23,clusterB,8,4,4,0,1.00,0.5,0.5,0.0,0.0,0.0
2025-11-24 13:51:45,clusterA,8,3,3,0,1.00,0.5,0.5,0.0,0.0,0.0
2025-11-24 13:51:45,cluster_A,8,1,1,0,1.00,0.5,0.5,0.0,0.0,0.0
2025-11-24 13:51:45,clusterB,8,4,4,0,1.00,0.5,0.5,0.0,0.0,0.0
2025-11-24 13:52:06,clusterA,8,3,3,0,1.00,0.5,0.5,0.0,0.0,0.0
2025-11-24 13:52:06,cluster_A,8,1,1,0,1.00,0.5,0.5,0.0,0.0,0.0
2025-11-24 13:52:06,clusterB,8,4,4,0,1.00,0.5,0.5,0.0,0.0,0.0
2025-11-24 13:52:28,clusterA,8,3,3,0,1.00,0.5,0.5,0.0,0.0,0.0
2025-11-24 13:52:28,cluster_A,8,1,1,0,1.00,0.5,0.5,0.0,0.0,0.0
2025-11-24 13:52:28,clusterB,8,4,4,0,1.00,0.5,0.5,0.0,0.0,0.0
2025-11-24 13:52:51,clusterA,8,3,3,0,1.00,0.5,0.5,0.0,0.0,0.0
2025-11-24 13:52:51,cluster_A,8,1,1,0,1.00,0.5,0.5,0.0,0.0,0.0
2025-11-24 13:52:51,clusterB,8,4,4,0,1.00,0.5,0.5,0.0,0.0,0.0
2025-11-24 13:53:12,clusterA,8,3,3,0,1.00,0.5,0.5,0.0,0.0,0.0
2025-11-24 13:53:12,cluster_A,8,1,1,0,1.00,0.5,0.5,0.0,0.0,0.0
2025-11-24 13:53:12,clusterB,8,4,4,0,1.00,0.5,0.5,0.0,0.0,0.0
2025-11-24 13:53:32,clusterA,8,3,3,0,1.00,0.5,0.5,0.0,0.0,0.0
2025-11-24 13:53:32,cluster_A,8,1,1,0,1.00,0.5,0.5,0.0,0.0,0.0
2025-11-24 13:53:32,clusterB,8,4,4,0,1.00,0.5,0.5,0.0,0.0,0.0
2025-11-24 13:53:54,clusterA,8,3,3,0,1.00,0.5,0.5,0.0,0.0,0.0
2025-11-24 13:53:54,cluster_A,8,1,1,0,1.00,0.5,0.5,0.0,0.0,0.0
2025-11-24 13:53:54,clusterB,8,4,4,0,1.00,0.5,0.5,0.0,0.0,0.0
2025-11-24 13:54:16,clusterA,8,3,3,0,1.00,0.5,0.5,0.0,0.0,0.0
2025-11-24 13:54:16,cluster_A,8,1,1,0,1.00,0.5,0.5,0.0,0.0,0.0
2025-11-24 13:54:16,clusterB,8,4,4,0,1.00,0.5,0.5,0.0,0.0,0.0
2025-11-24 13:54:38,clusterA,8,3,3,0,1.00,0.5,0.5,0.0,0.0,0.0
2025-11-24 13:54:38,cluster_A,8,1,1,0,1.00,0.5,0.5,0.0,0.0,0.0
2025-11-24 13:54:38,clusterB,8,4,4,0,1.00,0.5,0.5,0.0,0.0,0.0
2025-11-24 13:54:59,clusterA,8,3,3,0,1.00,0.5,0.5,0.0,0.0,0.0
2025-11-24 13:54:59,cluster_A,8,1,1,0,1.00,0.5,0.5,0.0,0.0,0.0
2025-11-24 13:54:59,clusterB,8,4,4,0,1.00,0.5,0.5,0.0,0.0,0.0
2025-11-24 13:55:20,clusterA,8,3,3,0,1.00,0.5,0.5,0.0,0.0,0.0
2025-11-24 13:55:20,cluster_A,8,1,1,0,1.00,0.5,0.5,0.0,0.0,0.0
2025-11-24 13:55:20,clusterB,8,4,4,0,1.00,0.5,0.5,0.0,0.0,0.0
2025-11-24 13:55:42,clusterA,8,3,3,0,1.00,0.5,0.5,0.0,0.0,0.0
2025-11-24 13:55:42,cluster_A,8,1,1,0,1.00,0.5,0.5,0.0,0.0,0.0
2025-11-24 13:55:42,clusterB,8,4,4,0,1.00,0.5,0.5,0.0,0.0,0.0
2025-11-24 13:56:03,clusterA,8,3,3,0,1.00,0.5,0.5,0.0,0.0,0.0
2025-11-24 13:56:03,cluster_A,8,1,1,0,1.00,0.5,0.5,0.0,0.0,0.0
2025-11-24 13:56:03,clusterB,8,4,4,0,1.00,0.5,0.5,0.0,0.0,0.0
2025-11-24 13:56:26,clusterA,8,3,3,0,1.00,0.5,0.5,0.0,0.0,0.0
2025-11-24 13:56:26,cluster_A,8,1,1,0,1.00,0.5,0.5,0.0,0.0,0.0
2025-11-24 13:56:26,clusterB,8,4,4,0,1.00,0.5,0.5,0.0,0.0,0.0
2025-11-24 13:56:48,clusterA,8,3,3,0,1.00,0.5,0.5,0.0,0.0,0.0
2025-11-24 13:56:48,cluster_A,8,1,1,0,1.00,0.5,0.5,0.0,0.0,0.0
2025-11-24 13:56:48,clusterB,8,4,4,0,1.00,0.5,0.5,0.0,0.0,0.0
2025-11-24 13:57:10,clusterA,8,3,3,0,1.00,0.5,0.5,0.0,0.0,0.0
2025-11-24 13:57:10,cluster_A,8,1,1,0,1.00,0.5,0.5,0.0,0.0,0.0
2025-11-24 13:57:10,clusterB,8,4,4,0,1.00,0.5,0.5,0.0,0.0,0.0
2025-11-24 13:57:32,clusterA,8,3,3,0,1.00,0.5,0.5,0.0,0.0,0.0
2025-11-24 13:57:32,cluster_A,8,1,1,0,1.00,0.5,0.5,0.0,0.0,0.0
2025-11-24 13:57:32,clusterB,8,4,4,0,1.00,0.5,0.5,0.0,0.0,0.0
2025-11-24 13:57:54,clusterA,8,3,3,0,1.00,0.5,0.5,0.0,0.0,0.0
2025-11-24 13:57:54,cluster_A,8,1,1,0,1.00,0.5,0.5,0.0,0.0,0.0
2025-11-24 13:57:54,clusterB,8,4,4,0,1.00,0.5,0.5,0.0,0.0,0.0
2025-11-24 13:58:17,clusterA,8,3,3,0,1.00,0.5,0.5,0.0,0.0,0.0
2025-11-24 13:58:17,cluster_A,8,1,1,0,1.00,0.5,0.5,0.0,0.0,0.0
2025-11-24 13:58:17,clusterB,8,4,4,0,1.00,0.5,0.5,0.0,0.0,0.0
2025-11-24 13:58:39,clusterA,8,3,3,0,1.00,0.5,0.5,0.0,0.0,0.0
2025-11-24 13:58:39,cluster_A,8,1,1,0,1.00,0.5,0.5,0.0,0.0,0.0
2025-11-24 13:58:39,clusterB,8,4,4,0,1.00,0.5,0.5,0.0,0.0,0.0
2025-11-24 13:59:01,clusterA,8,3,3,0,1.00,0.5,0.5,0.0,0.0,0.0
2025-11-24 13:59:01,cluster_A,8,1,1,0,1.00,0.5,0.5,0.0,0.0,0.0
2025-11-24 13:59:01,clusterB,8,4,4,0,1.00,0.5,0.5,0.0,0.0,0.0
2025-11-24 13:59:23,clusterA,8,3,3,0,1.00,0.5,0.5,0.0,0.0,0.0
2025-11-24 13:59:23,cluster_A,8,1,1,0,1.00,0.5,0.5,0.0,0.0,0.0
2025-11-24 13:59:23,clusterB,8,4,4,0,1.00,0.5,0.5,0.0,0.0,0.0
2025-11-24 13:59:45,clusterA,8,3,3,0,1.00,0.5,0.5,0.0,0.0,0.0
2025-11-24 13:59:45,cluster_A,8,1,1,0,1.00,0.5,0.5,0.0,0.0,0.0
2025-11-24 13:59:45,clusterB,8,4,4,0,1.00,0.5,0.5,0.0,0.0,0.0
2025-11-24 14:00:07,clusterA,8,3,3,0,1.00,0.5,0.5,0.0,0.0,0.0
2025-11-24 14:00:07,cluster_A,8,1,1,0,1.00,0.5,0.5,0.0,0.0,0.0
2025-11-24 14:00:07,clusterB,8,4,4,0,1.00,0.5,0.5,0.0,0.0,0.0
2025-11-24 14:00:29,clusterA,8,3,3,0,1.00,0.5,0.5,0.0,0.0,0.0
2025-11-24 14:00:29,cluster_A,8,1,1,0,1.00,0.5,0.5,0.0,0.0,0.0
2025-11-24 14:00:29,clusterB,8,4,4,0,1.00,0.5,0.5,0.0,0.0,0.0
2025-11-24 14:00:52,clusterA,8,3,3,0,1.00,0.5,0.5,0.0,0.0,0.0
2025-11-24 14:00:52,cluster_A,8,1,1,0,1.00,0.5,0.5,0.0,0.0,0.0
2025-11-24 14:00:52,clusterB,8,4,4,0,1.00,0.5,0.5,0.0,0.0,0.0
2025-11-24 14:01:14,clusterA,8,3,3,0,1.00,0.5,0.5,0.0,0.0,0.0
2025-11-24 14:01:14,cluster_A,8,1,1,0,1.00,0.5,0.5,0.0,0.0,0.0
2025-11-24 14:01:14,clusterB,8,4,4,0,1.00,0.5,0.5,0.0,0.0,0.0
2025-11-24 14:01:35,clusterA,8,3,3,0,1.00,0.5,0.5,0.0,0.0,0.0
2025-11-24 14:01:35,cluster_A,8,1,1,0,1.00,0.5,0.5,0.0,0.0,0.0
2025-11-24 14:01:35,clusterB,8,4,4,0,1.00,0.5,0.5,0.0,0.0,0.0
2025-11-24 14:01:56,clusterA,8,3,3,0,1.00,0.5,0.5,0.0,0.0,0.0
2025-11-24 14:01:56,cluster_A,8,1,1,0,1.00,0.5,0.5,0.0,0.0,0.0
2025-11-24 14:01:56,clusterB,8,4,4,0,1.00,0.5,0.5,0.0,0.0,0.0
2025-11-24 14:02:17,clusterA,8,3,3,0,1.00,0.5,0.5,0.0,0.0,0.0
2025-11-24 14:02:17,cluster_A,8,1,1,0,1.00,0.5,0.5,0.0,0.0,0.0
2025-11-24 14:02:17,clusterB,8,4,4,0,1.00,0.5,0.5,0.0,0.0,0.0
2025-11-24 14:02:39,clusterA,8,3,3,0,1.00,0.5,0.5,0.0,0.0,0.0
2025-11-24 14:02:39,cluster_A,8,1,1,0,1.00,0.5,0.5,0.0,0.0,0.0
2025-11-24 14:02:39,clusterB,8,4,4,0,1.00,0.5,0.5,0.0,0.0,0.0
2025-11-24 14:03:01,clusterA,8,3,2,1,0.67,0.5,0.5,0.0,0.0,0.0
2025-11-24 14:03:01,cluster_A,8,1,1,0,1.00,0.5,0.5,0.0,0.0,0.0
2025-11-24 14:03:01,clusterB,8,4,4,0,1.00,0.5,0.5,0.0,0.0,0.0
2025-11-24 14:03:15,clusterA,7,3,3,0,1.00,0.5,0.5,0.0,0.0,0.0
2025-11-24 14:03:15,cluster_A,7,1,1,0,1.00,0.5,0.5,0.0,0.0,0.0
2025-11-24 14:03:15,clusterB,7,4,4,0,1.00,0.5,0.5,0.0,0.0,0.0
2025-11-24 14:03:37,clusterA,7,3,3,0,1.00,0.5,0.5,0.0,0.0,0.0
2025-11-24 14:03:37,cluster_A,7,1,1,0,1.00,0.5,0.5,0.0,0.0,0.0
2025-11-24 14:03:37,clusterB,7,4,4,0,1.00,0.5,0.5,0.0,0.0,0.0
2025-11-24 14:03:59,clusterA,7,3,3,0,1.00,0.5,0.5,0.0,0.0,0.0
2025-11-24 14:03:59,cluster_A,7,1,1,0,1.00,0.5,0.5,0.0,0.0,0.0
2025-11-24 14:03:59,clusterB,7,4,4,0,1.00,0.5,0.5,0.0,0.0,0.0
2025-11-24 14:04:21,clusterA,7,3,3,0,1.00,0.5,0.5,0.0,0.0,0.0
2025-11-24 14:04:21,cluster_A,7,1,1,0,1.00,0.5,0.5,0.0,0.0,0.0
2025-11-24 14:04:21,clusterB,7,4,4,0,1.00,0.5,0.5,0.0,0.0,0.0
2025-11-24 14:04:44,clusterA,7,3,3,0,1.00,0.5,0.5,0.0,0.0,0.0
2025-11-24 14:04:44,cluster_A,7,1,1,0,1.00,0.5,0.5,0.0,0.0,0.0
2025-11-24 14:04:44,clusterB,7,4,4,0,1.00,0.5,0.5,0.0,0.0,0.0
2025-11-24 14:05:06,clusterA,7,3,3,0,1.00,0.5,0.5,0.0,0.0,0.0
2025-11-24 14:05:06,cluster_A,7,1,1,0,1.00,0.5,0.5,0.0,0.0,0.0
2025-11-24 14:05:06,clusterB,7,4,4,0,1.00,0.5,0.5,0.0,0.0,0.0
2025-11-24 14:05:28,clusterA,7,3,3,0,1.00,0.5,0.5,0.0,0.0,0.0
2025-11-24 14:05:28,cluster_A,7,1,1,0,1.00,0.5,0.5,0.0,0.0,0.0
2025-11-24 14:05:28,clusterB,7,4,4,0,1.00,0.5,0.5,0.0,0.0,0.0
2025-11-24 14:05:50,clusterA,7,3,3,0,1.00,0.5,0.5,0.0,0.0,0.0
2025-11-24 14:05:50,cluster_A,7,1,1,0,1.00,0.5,0.5,0.0,0.0,0.0
2025-11-24 14:05:50,clusterB,7,4,4,0,1.00,0.5,0.5,0.0,0.0,0.0
2025-11-24 14:06:12,clusterA,7,3,3,0,1.00,0.5,0.5,0.0,0.0,0.0
2025-11-24 14:06:12,cluster_A,7,1,1,0,1.00,0.5,0.5,0.0,0.0,0.0
2025-11-24 14:06:12,clusterB,7,4,4,0,1.00,0.5,0.5,0.0,0.0,0.0
2025-11-24 14:06:33,clusterA,7,3,3,0,1.00,0.5,0.5,0.0,0.0,0.0
2025-11-24 14:06:33,cluster_A,7,1,1,0,1.00,0.5,0.5,0.0,0.0,0.0
2025-11-24 14:06:33,clusterB,7,4,4,0,1.00,0.5,0.5,0.0,0.0,0.0
2025-11-24 14:06:55,clusterA,7,3,3,0,1.00,0.5,0.5,0.0,0.0,0.0
2025-11-24 14:06:55,cluster_A,7,1,1,0,1.00,0.5,0.5,0.0,0.0,0.0
2025-11-24 14:06:55,clusterB,7,4,4,0,1.00,0.5,0.5,0.0,0.0,0.0
2025-11-24 14:07:17,clusterA,7,3,3,0,1.00,0.5,0.5,0.0,0.0,0.0
2025-11-24 14:07:17,cluster_A,7,1,1,0,1.00,0.5,0.5,0.0,0.0,0.0
2025-11-24 14:07:17,clusterB,7,4,4,0,1.00,0.5,0.5,0.0,0.0,0.0
2025-11-24 14:07:39,clusterA,7,3,3,0,1.00,0.5,0.5,0.0,0.0,0.0
2025-11-24 14:07:39,cluster_A,7,1,1,0,1.00,0.5,0.5,0.0,0.0,0.0
2025-11-24 14:07:39,clusterB,7,4,4,0,1.00,0.5,0.5,0.0,0.0,0.0
2025-11-24 14:08:00,clusterA,7,3,3,0,1.00,0.5,0.5,0.0,0.0,0.0
2025-11-24 14:08:00,cluster_A,7,1,1,0,1.00,0.5,0.5,0.0,0.0,0.0
2025-11-24 14:08:00,clusterB,7,4,4,0,1.00,0.5,0.5,0.0,0.0,0.0
2025-11-24 14:08:21,clusterA,7,3,3,0,1.00,0.5,0.5,0.0,0.0,0.0
2025-11-24 14:08:21,cluster_A,7,1,1,0,1.00,0.5,0.5,0.0,0.0,0.0
2025-11-24 14:08:21,clusterB,7,4,4,0,1.00,0.5,0.5,0.0,0.0,0.0
2025-11-24 14:08:43,clusterA,7,3,3,0,1.00,0.5,0.5,0.0,0.0,0.0
2025-11-24 14:08:43,cluster_A,7,1,1,0,1.00,0.5,0.5,0.0,0.0,0.0
2025-11-24 14:08:43,clusterB,7,4,4,0,1.00,0.5,0.5,0.0,0.0,0.0
2025-11-24 14:09:04,clusterA,7,3,3,0,1.00,0.5,0.5,0.0,0.0,0.0
2025-11-24 14:09:04,cluster_A,7,1,1,0,1.00,0.5,0.5,0.0,0.0,0.0
2025-11-24 14:09:04,clusterB,7,4,4,0,1.00,0.5,0.5,0.0,0.0,0.0
2025-11-24 14:09:25,clusterA,7,3,3,0,1.00,0.5,0.5,0.0,0.0,0.0
2025-11-24 14:09:25,cluster_A,7,1,1,0,1.00,0.5,0.5,0.0,0.0,0.0
2025-11-24 14:09:25,clusterB,7,4,4,0,1.00,0.5,0.5,0.0,0.0,0.0
2025-11-24 14:09:46,clusterA,7,3,3,0,1.00,0.5,0.5,0.0,0.0,0.0
2025-11-24 14:09:46,cluster_A,7,1,1,0,1.00,0.5,0.5,0.0,0.0,0.0
2025-11-24 14:09:46,clusterB,7,4,4,0,1.00,0.5,0.5,0.0,0.0,0.0
2025-11-24 14:10:07,clusterA,7,3,3,0,1.00,0.5,0.5,0.0,0.0,0.0
2025-11-24 14:10:07,cluster_A,7,1,1,0,1.00,0.5,0.5,0.0,0.0,0.0
2025-11-24 14:10:07,clusterB,7,4,4,0,1.00,0.5,0.5,0.0,0.0,0.0
2025-11-24 14:10:29,clusterA,7,3,3,0,1.00,0.5,0.5,0.0,0.0,0.0
2025-11-24 14:10:29,cluster_A,7,1,1,0,1.00,0.5,0.5,0.0,0.0,0.0
2025-11-24 14:10:29,clusterB,7,4,4,0,1.00,0.5,0.5,0.0,0.0,0.0
2025-11-24 14:10:50,clusterA,7,3,3,0,1.00,0.5,0.5,0.0,0.0,0.0
2025-11-24 14:10:50,cluster_A,7,1,1,0,1.00,0.5,0.5,0.0,0.0,0.0
2025-11-24 14:10:50,clusterB,7,4,4,0,1.00,0.5,0.5,0.0,0.0,0.0
2025-11-24 14:11:11,clusterA,7,3,3,0,1.00,0.5,0.5,0.0,0.0,0.0
2025-11-24 14:11:11,cluster_A,7,1,1,0,1.00,0.5,0.5,0.0,0.0,0.0
2025-11-24 14:11:11,clusterB,7,4,4,0,1.00,0.5,0.5,0.0,0.0,0.0
2025-11-24 14:11:32,clusterA,7,3,3,0,1.00,0.5,0.5,0.0,0.0,0.0
2025-11-24 14:11:32,cluster_A,7,1,1,0,1.00,0.5,0.5,0.0,0.0,0.0
2025-11-24 14:11:32,clusterB,7,4,4,0,1.00,0.5,0.5,0.0,0.0,0.0
2025-11-24 14:11:55,clusterA,7,3,3,0,1.00,0.5,0.5,0.0,0.0,0.0
2025-11-24 14:11:55,cluster_A,7,1,1,0,1.00,0.5,0.5,0.0,0.0,0.0
2025-11-24 14:11:55,clusterB,7,4,4,0,1.00,0.5,0.5,0.0,0.0,0.0
2025-11-24 14:12:16,clusterA,7,3,3,0,1.00,0.5,0.5,0.0,0.0,0.0
2025-11-24 14:12:16,cluster_A,7,1,1,0,1.00,0.5,0.5,0.0,0.0,0.0
2025-11-24 14:12:16,clusterB,7,4,4,0,1.00,0.5,0.5,0.0,0.0,0.0
2025-11-24 14:12:38,clusterA,7,3,3,0,1.00,0.5,0.5,0.0,0.0,0.0
2025-11-24 14:12:38,cluster_A,7,1,1,0,1.00,0.5,0.5,0.0,0.0,0.0
2025-11-24 14:12:38,clusterB,7,4,4,0,1.00,0.5,0.5,0.0,0.0,0.0
2025-11-24 14:12:59,clusterA,7,3,3,0,1.00,0.5,0.5,0.0,0.0,0.0
2025-11-24 14:12:59,cluster_A,7,1,1,0,1.00,0.5,0.5,0.0,0.0,0.0
2025-11-24 14:12:59,clusterB,7,4,4,0,1.00,0.5,0.5,0.0,0.0,0.0
2025-11-24 14:13:20,clusterA,7,3,3,0,1.00,0.5,0.5,0.0,0.0,0.0
2025-11-24 14:13:20,cluster_A,7,1,1,0,1.00,0.5,0.5,0.0,0.0,0.0
2025-11-24 14:13:20,clusterB,7,4,4,0,1.00,0.5,0.5,0.0,0.0,0.0
2025-11-24 14:13:41,clusterA,7,3,3,0,1.00,0.5,0.5,0.0,0.0,0.0
2025-11-24 14:13:41,cluster_A,7,1,1,0,1.00,0.5,0.5,0.0,0.0,0.0
2025-11-24 14:13:41,clusterB,7,4,4,0,1.00,0.5,0.5,0.0,0.0,0.0
2025-11-24 14:14:02,clusterA,7,3,3,0,1.00,0.5,0.5,0.0,0.0,0.0
2025-11-24 14:14:02,cluster_A,7,1,1,0,1.00,0.5,0.5,0.0,0.0,0.0
2025-11-24 14:14:02,clusterB,7,4,4,0,1.00,0.5,0.5,0.0,0.0,0.0
2025-11-24 14:14:24,clusterA,7,3,3,0,1.00,0.5,0.5,0.0,0.0,0.0
2025-11-24 14:14:24,cluster_A,7,1,1,0,1.00,0.5,0.5,0.0,0.0,0.0
2025-11-24 14:14:24,clusterB,7,4,4,0,1.00,0.5,0.5,0.0,0.0,0.0
2025-11-24 14:14:46,clusterA,7,3,3,0,1.00,0.5,0.5,0.0,0.0,0.0
2025-11-24 14:14:46,cluster_A,7,1,1,0,1.00,0.5,0.5,0.0,0.0,0.0
2025-11-24 14:14:46,clusterB,7,4,4,0,1.00,0.5,0.5,0.0,0.0,0.0
2025-11-24 14:15:07,clusterA,7,3,3,0,1.00,0.5,0.5,0.0,0.0,0.0
2025-11-24 14:15:07,cluster_A,7,1,1,0,1.00,0.5,0.5,0.0,0.0,0.0
2025-11-24 14:15:07,clusterB,7,4,4,0,1.00,0.5,0.5,0.0,0.0,0.0
2025-11-24 14:15:29,clusterA,7,3,3,0,1.00,0.5,0.5,0.0,0.0,0.0
2025-11-24 14:15:29,cluster_A,7,1,1,0,1.00,0.5,0.5,0.0,0.0,0.0
2025-11-24 14:15:29,clusterB,7,4,4,0,1.00,0.5,0.5,0.0,0.0,0.0
2025-11-24 14:15:50,clusterA,7,3,3,0,1.00,0.5,0.5,0.0,0.0,0.0
2025-11-24 14:15:50,cluster_A,7,1,1,0,1.00,0.5,0.5,0.0,0.0,0.0
2025-11-24 14:15:50,clusterB,7,4,4,0,1.00,0.5,0.5,0.0,0.0,0.0
2025-11-24 14:16:11,clusterA,7,3,3,0,1.00,0.5,0.5,0.0,0.0,0.0
2025-11-24 14:16:11,cluster_A,7,1,1,0,1.00,0.5,0.5,0.0,0.0,0.0
2025-11-24 14:16:11,clusterB,7,4,4,0,1.00,0.5,0.5,0.0,0.0,0.0
2025-11-24 14:16:33,clusterA,7,3,3,0,1.00,0.5,0.5,0.0,0.0,0.0
2025-11-24 14:16:33,cluster_A,7,1,1,0,1.00,0.5,0.5,0.0,0.0,0.0
2025-11-24 14:16:33,clusterB,7,4,4,0,1.00,0.5,0.5,0.0,0.0,0.0
2025-11-24 14:16:54,clusterA,7,3,3,0,1.00,0.5,0.5,0.0,0.0,0.0
2025-11-24 14:16:54,cluster_A,7,1,1,0,1.00,0.5,0.5,0.0,0.0,0.0
2025-11-24 14:16:54,clusterB,7,4,4,0,1.00,0.5,0.5,0.0,0.0,0.0
2025-11-24 14:17:16,clusterA,7,3,3,0,1.00,0.5,0.5,0.0,0.0,0.0
2025-11-24 14:17:16,cluster_A,7,1,1,0,1.00,0.5,0.5,0.0,0.0,0.0
2025-11-24 14:17:16,clusterB,7,4,4,0,1.00,0.5,0.5,0.0,0.0,0.0
2025-11-24 14:17:37,clusterA,7,3,3,0,1.00,0.5,0.5,0.0,0.0,0.0
2025-11-24 14:17:37,cluster_A,7,1,1,0,1.00,0.5,0.5,0.0,0.0,0.0
2025-11-24 14:17:37,clusterB,7,4,4,0,1.00,0.5,0.5,0.0,0.0,0.0
2025-11-24 14:17:58,clusterA,7,3,3,0,1.00,0.5,0.5,0.0,0.0,0.0
2025-11-24 14:17:58,cluster_A,7,1,1,0,1.00,0.5,0.5,0.0,0.0,0.0
2025-11-24 14:17:58,clusterB,7,4,4,0,1.00,0.5,0.5,0.0,0.0,0.0
2025-11-24 14:18:19,clusterA,7,3,3,0,1.00,0.5,0.5,0.0,0.0,0.0
2025-11-24 14:18:19,cluster_A,7,1,1,0,1.00,0.5,0.5,0.0,0.0,0.0
2025-11-24 14:18:19,clusterB,7,4,4,0,1.00,0.5,0.5,0.0,0.0,0.0
2025-11-24 14:18:41,clusterA,7,3,3,0,1.00,0.5,0.5,0.0,0.0,0.0
2025-11-24 14:18:41,cluster_A,7,1,1,0,1.00,0.5,0.5,0.0,0.0,0.0
2025-11-24 14:18:41,clusterB,7,4,4,0,1.00,0.5,0.5,0.0,0.0,0.0
2025-11-24 14:19:02,clusterA,7,3,3,0,1.00,0.5,0.5,0.0,0.0,0.0
2025-11-24 14:19:02,cluster_A,7,1,1,0,1.00,0.5,0.5,0.0,0.0,0.0
2025-11-24 14:19:02,clusterB,7,4,4,0,1.00,0.5,0.5,0.0,0.0,0.0
2025-11-24 14:19:23,clusterA,7,3,3,0,1.00,0.5,0.5,0.0,0.0,0.0
2025-11-24 14:19:23,cluster_A,7,1,1,0,1.00,0.5,0.5,0.0,0.0,0.0
2025-11-24 14:19:23,clusterB,7,4,4,0,1.00,0.5,0.5,0.0,0.0,0.0
2025-11-24 14:19:44,clusterA,7,3,3,0,1.00,0.5,0.5,0.0,0.0,0.0
2025-11-24 14:19:44,cluster_A,7,1,1,0,1.00,0.5,0.5,0.0,0.0,0.0
2025-11-24 14:19:44,clusterB,7,4,4,0,1.00,0.5,0.5,0.0,0.0,0.0
2025-11-24 14:20:06,clusterA,7,3,3,0,1.00,0.5,0.5,0.0,0.0,0.0
2025-11-24 14:20:06,cluster_A,7,1,1,0,1.00,0.5,0.5,0.0,0.0,0.0
2025-11-24 14:20:06,clusterB,7,4,4,0,1.00,0.5,0.5,0.0,0.0,0.0
2025-11-24 14:20:28,clusterA,7,3,3,0,1.00,0.5,0.5,0.0,0.0,0.0
2025-11-24 14:20:28,cluster_A,7,1,1,0,1.00,0.5,0.5,0.0,0.0,0.0
2025-11-24 14:20:28,clusterB,7,4,4,0,1.00,0.5,0.5,0.0,0.0,0.0
2025-11-24 14:20:49,clusterA,7,3,3,0,1.00,0.5,0.5,0.0,0.0,0.0
2025-11-24 14:20:49,cluster_A,7,1,1,0,1.00,0.5,0.5,0.0,0.0,0.0
2025-11-24 14:20:49,clusterB,7,4,4,0,1.00,0.5,0.5,0.0,0.0,0.0
2025-11-24 14:21:10,clusterA,7,3,3,0,1.00,0.5,0.5,0.0,0.0,0.0
2025-11-24 14:21:10,cluster_A,7,1,1,0,1.00,0.5,0.5,0.0,0.0,0.0
2025-11-24 14:21:10,clusterB,7,4,4,0,1.00,0.5,0.5,0.0,0.0,0.0
2025-11-24 14:21:32,clusterA,7,3,3,0,1.00,0.5,0.5,0.0,0.0,0.0
2025-11-24 14:21:32,cluster_A,7,1,1,0,1.00,0.5,0.5,0.0,0.0,0.0
2025-11-24 14:21:32,clusterB,7,4,4,0,1.00,0.5,0.5,0.0,0.0,0.0
2025-11-24 14:21:53,clusterA,7,3,3,0,1.00,0.5,0.5,0.0,0.0,0.0
2025-11-24 14:21:53,cluster_A,7,1,1,0,1.00,0.5,0.5,0.0,0.0,0.0
2025-11-24 14:21:53,clusterB,7,4,4,0,1.00,0.5,0.5,0.0,0.0,0.0
2025-11-24 14:22:15,clusterA,7,3,3,0,1.00,0.5,0.5,0.0,0.0,0.0
2025-11-24 14:22:15,cluster_A,7,1,1,0,1.00,0.5,0.5,0.0,0.0,0.0
2025-11-24 14:22:15,clusterB,7,4,4,0,1.00,0.5,0.5,0.0,0.0,0.0
2025-11-24 14:22:36,clusterA,7,3,3,0,1.00,0.5,0.5,0.0,0.0,0.0
2025-11-24 14:22:36,cluster_A,7,1,1,0,1.00,0.5,0.5,0.0,0.0,0.0
2025-11-24 14:22:36,clusterB,7,4,4,0,1.00,0.5,0.5,0.0,0.0,0.0
2025-11-24 14:22:58,clusterA,7,3,3,0,1.00,0.5,0.5,0.0,0.0,0.0
2025-11-24 14:22:58,cluster_A,7,1,1,0,1.00,0.5,0.5,0.0,0.0,0.0
2025-11-24 14:22:58,clusterB,7,4,4,0,1.00,0.5,0.5,0.0,0.0,0.0
2025-11-24 14:23:19,clusterA,7,3,3,0,1.00,0.5,0.5,0.0,0.0,0.0
2025-11-24 14:23:19,cluster_A,7,1,1,0,1.00,0.5,0.5,0.0,0.0,0.0
2025-11-24 14:23:19,clusterB,7,4,4,0,1.00,0.5,0.5,0.0,0.0,0.0
2025-11-24 14:23:40,clusterA,7,3,3,0,1.00,0.5,0.5,0.0,0.0,0.0
2025-11-24 14:23:40,cluster_A,7,1,1,0,1.00,0.5,0.5,0.0,0.0,0.0
2025-11-24 14:23:40,clusterB,7,4,4,0,1.00,0.5,0.5,0.0,0.0,0.0
2025-11-24 14:24:01,clusterA,7,3,3,0,1.00,0.5,0.5,0.0,0.0,0.0
2025-11-24 14:24:01,cluster_A,7,1,1,0,1.00,0.5,0.5,0.0,0.0,0.0
2025-11-24 14:24:01,clusterB,7,4,4,0,1.00,0.5,0.5,0.0,0.0,0.0
2025-11-24 14:24:23,clusterA,7,3,3,0,1.00,0.5,0.5,0.0,0.0,0.0
2025-11-24 14:24:23,cluster_A,7,1,1,0,1.00,0.5,0.5,0.0,0.0,0.0
2025-11-24 14:24:23,clusterB,7,4,4,0,1.00,0.5,0.5,0.0,0.0,0.0
2025-11-24 14:24:44,clusterA,7,3,3,0,1.00,0.5,0.5,0.0,0.0,0.0
2025-11-24 14:24:44,cluster_A,7,1,1,0,1.00,0.5,0.5,0.0,0.0,0.0
2025-11-24 14:24:44,clusterB,7,4,4,0,1.00,0.5,0.5,0.0,0.0,0.0
2025-11-24 14:25:05,clusterA,7,3,3,0,1.00,0.5,0.5,0.0,0.0,0.0
2025-11-24 14:25:05,cluster_A,7,1,1,0,1.00,0.5,0.5,0.0,0.0,0.0
2025-11-24 14:25:05,clusterB,7,4,4,0,1.00,0.5,0.5,0.0,0.0,0.0
2025-11-24 14:25:26,clusterA,7,3,3,0,1.00,0.5,0.5,0.0,0.0,0.0
2025-11-24 14:25:26,cluster_A,7,1,1,0,1.00,0.5,0.5,0.0,0.0,0.0
2025-11-24 14:25:26,clusterB,7,4,4,0,1.00,0.5,0.5,0.0,0.0,0.0
2025-11-24 14:25:47,clusterA,7,3,3,0,1.00,0.5,0.5,0.0,0.0,0.0
2025-11-24 14:25:47,cluster_A,7,1,1,0,1.00,0.5,0.5,0.0,0.0,0.0
2025-11-24 14:25:47,clusterB,7,4,4,0,1.00,0.5,0.5,0.0,0.0,0.0
2025-11-24 14:26:08,clusterA,7,3,3,0,1.00,0.5,0.5,0.0,0.0,0.0
2025-11-24 14:26:08,cluster_A,7,1,1,0,1.00,0.5,0.5,0.0,0.0,0.0
2025-11-24 14:26:08,clusterB,7,4,4,0,1.00,0.5,0.5,0.0,0.0,0.0
2025-11-24 14:26:29,clusterA,7,3,3,0,1.00,0.5,0.5,0.0,0.0,0.0
2025-11-24 14:26:29,cluster_A,7,1,1,0,1.00,0.5,0.5,0.0,0.0,0.0
2025-11-24 14:26:29,clusterB,7,4,4,0,1.00,0.5,0.5,0.0,0.0,0.0
2025-11-24 14:26:50,clusterA,7,3,3,0,1.00,0.5,0.5,0.0,0.0,0.0
2025-11-24 14:26:50,cluster_A,7,1,1,0,1.00,0.5,0.5,0.0,0.0,0.0
2025-11-24 14:26:50,clusterB,7,4,4,0,1.00,0.5,0.5,0.0,0.0,0.0
2025-11-24 14:27:11,clusterA,7,3,3,0,1.00,0.5,0.5,0.0,0.0,0.0
2025-11-24 14:27:11,cluster_A,7,1,1,0,1.00,0.5,0.5,0.0,0.0,0.0
2025-11-24 14:27:11,clusterB,7,4,4,0,1.00,0.5,0.5,0.0,0.0,0.0
2025-11-24 14:27:33,clusterA,7,3,3,0,1.00,0.5,0.5,0.0,0.0,0.0
2025-11-24 14:27:33,cluster_A,7,1,1,0,1.00,0.5,0.5,0.0,0.0,0.0
2025-11-24 14:27:33,clusterB,7,4,4,0,1.00,0.5,0.5,0.0,0.0,0.0
2025-11-24 14:27:54,clusterA,7,3,3,0,1.00,0.5,0.5,0.0,0.0,0.0
2025-11-24 14:27:54,cluster_A,7,1,1,0,1.00,0.5,0.5,0.0,0.0,0.0
2025-11-24 14:27:54,clusterB,7,4,4,0,1.00,0.5,0.5,0.0,0.0,0.0
2025-11-24 14:28:15,clusterA,7,3,3,0,1.00,0.5,0.5,0.0,0.0,0.0
2025-11-24 14:28:15,cluster_A,7,1,1,0,1.00,0.5,0.5,0.0,0.0,0.0
2025-11-24 14:28:15,clusterB,7,4,4,0,1.00,0.5,0.5,0.0,0.0,0.0
2025-11-24 14:28:37,clusterA,7,3,3,0,1.00,0.5,0.5,0.0,0.0,0.0
2025-11-24 14:28:37,cluster_A,7,1,1,0,1.00,0.5,0.5,0.0,0.0,0.0
2025-11-24 14:28:37,clusterB,7,4,4,0,1.00,0.5,0.5,0.0,0.0,0.0
2025-11-24 14:28:58,clusterA,7,3,3,0,1.00,0.5,0.5,0.0,0.0,0.0
2025-11-24 14:28:58,cluster_A,7,1,1,0,1.00,0.5,0.5,0.0,0.0,0.0
2025-11-24 14:28:58,clusterB,7,4,4,0,1.00,0.5,0.5,0.0,0.0,0.0
2025-11-24 14:29:20,clusterA,7,3,3,0,1.00,0.5,0.5,0.0,0.0,0.0
2025-11-24 14:29:20,cluster_A,7,1,1,0,1.00,0.5,0.5,0.0,0.0,0.0
2025-11-24 14:29:20,clusterB,7,4,4,0,1.00,0.5,0.5,0.0,0.0,0.0
2025-11-24 14:29:42,clusterA,7,3,3,0,1.00,0.5,0.5,0.0,0.0,0.0
2025-11-24 14:29:42,cluster_A,7,1,1,0,1.00,0.5,0.5,0.0,0.0,0.0
2025-11-24 14:29:42,clusterB,7,4,4,0,1.00,0.5,0.5,0.0,0.0,0.0
2025-11-24 14:30:03,clusterA,7,3,3,0,1.00,0.5,0.5,0.0,0.0,0.0
2025-11-24 14:30:03,cluster_A,7,1,1,0,1.00,0.5,0.5,0.0,0.0,0.0
2025-11-24 14:30:03,clusterB,7,4,4,0,1.00,0.5,0.5,0.0,0.0,0.0
2025-11-24 14:30:25,clusterA,7,3,3,0,1.00,0.5,0.5,0.0,0.0,0.0
2025-11-24 14:30:25,cluster_A,7,1,1,0,1.00,0.5,0.5,0.0,0.0,0.0
2025-11-24 14:30:25,clusterB,7,4,4,0,1.00,0.5,0.5,0.0,0.0,0.0
2025-11-24 14:30:46,clusterA,7,3,3,0,1.00,0.5,0.5,0.0,0.0,0.0
2025-11-24 14:30:46,cluster_A,7,1,1,0,1.00,0.5,0.5,0.0,0.0,0.0
2025-11-24 14:30:46,clusterB,7,4,4,0,1.00,0.5,0.5,0.0,0.0,0.0
2025-11-24 14:31:07,clusterA,7,3,3,0,1.00,0.5,0.5,0.0,0.0,0.0
2025-11-24 14:31:07,cluster_A,7,1,1,0,1.00,0.5,0.5,0.0,0.0,0.0
2025-11-24 14:31:07,clusterB,7,4,4,0,1.00,0.5,0.5,0.0,0.0,0.0
2025-11-24 14:31:28,clusterA,7,3,3,0,1.00,0.5,0.5,0.0,0.0,0.0
2025-11-24 14:31:28,cluster_A,7,1,1,0,1.00,0.5,0.5,0.0,0.0,0.0
2025-11-24 14:31:28,clusterB,7,4,4,0,1.00,0.5,0.5,0.0,0.0,0.0
2025-11-24 14:31:50,clusterA,7,3,3,0,1.00,0.5,0.5,0.0,0.0,0.0
2025-11-24 14:31:50,cluster_A,7,1,1,0,1.00,0.5,0.5,0.0,0.0,0.0
2025-11-24 14:31:50,clusterB,7,4,4,0,1.00,0.5,0.5,0.0,0.0,0.0
2025-11-24 14:32:11,clusterA,7,3,3,0,1.00,0.5,0.5,0.0,0.0,0.0
2025-11-24 14:32:11,cluster_A,7,1,1,0,1.00,0.5,0.5,0.0,0.0,0.0
2025-11-24 14:32:11,clusterB,7,4,4,0,1.00,0.5,0.5,0.0,0.0,0.0
2025-11-24 14:32:32,clusterA,7,3,3,0,1.00,0.5,0.5,0.0,0.0,0.0
2025-11-24 14:32:32,cluster_A,7,1,1,0,1.00,0.5,0.5,0.0,0.0,0.0
2025-11-24 14:32:32,clusterB,7,4,4,0,1.00,0.5,0.5,0.0,0.0,0.0
2025-11-24 14:32:54,clusterA,7,3,3,0,1.00,0.5,0.5,0.0,0.0,0.0
2025-11-24 14:32:54,cluster_A,7,1,1,0,1.00,0.5,0.5,0.0,0.0,0.0
2025-11-24 14:32:54,clusterB,7,4,4,0,1.00,0.5,0.5,0.0,0.0,0.0
2025-11-24 14:33:16,clusterA,7,3,3,0,1.00,0.5,0.5,0.0,0.0,0.0
2025-11-24 14:33:16,cluster_A,7,1,1,0,1.00,0.5,0.5,0.0,0.0,0.0
2025-11-24 14:33:16,clusterB,7,4,4,0,1.00,0.5,0.5,0.0,0.0,0.0
2025-11-24 14:33:37,clusterA,7,3,3,0,1.00,0.5,0.5,0.0,0.0,0.0
2025-11-24 14:33:37,cluster_A,7,1,1,0,1.00,0.5,0.5,0.0,0.0,0.0
2025-11-24 14:33:37,clusterB,7,4,4,0,1.00,0.5,0.5,0.0,0.0,0.0
2025-11-24 14:33:58,clusterA,7,3,3,0,1.00,0.5,0.5,0.0,0.0,0.0
2025-11-24 14:33:58,cluster_A,7,1,1,0,1.00,0.5,0.5,0.0,0.0,0.0
2025-11-24 14:33:58,clusterB,7,4,4,0,1.00,0.5,0.5,0.0,0.0,0.0
2025-11-24 14:34:19,clusterA,7,3,3,0,1.00,0.5,0.5,0.0,0.0,0.0
2025-11-24 14:34:19,cluster_A,7,1,1,0,1.00,0.5,0.5,0.0,0.0,0.0
2025-11-24 14:34:19,clusterB,7,4,4,0,1.00,0.5,0.5,0.0,0.0,0.0
2025-11-24 14:34:40,clusterA,7,3,3,0,1.00,0.5,0.5,0.0,0.0,0.0
2025-11-24 14:34:40,cluster_A,7,1,1,0,1.00,0.5,0.5,0.0,0.0,0.0
2025-11-24 14:34:40,clusterB,7,4,4,0,1.00,0.5,0.5,0.0,0.0,0.0
2025-11-24 14:35:01,clusterA,7,3,3,0,1.00,0.5,0.5,0.0,0.0,0.0
2025-11-24 14:35:01,cluster_A,7,1,1,0,1.00,0.5,0.5,0.0,0.0,0.0
2025-11-24 14:35:01,clusterB,7,4,4,0,1.00,0.5,0.5,0.0,0.0,0.0
2025-11-24 14:35:22,clusterA,7,3,3,0,1.00,0.5,0.5,0.0,0.0,0.0
2025-11-24 14:35:22,cluster_A,7,1,1,0,1.00,0.5,0.5,0.0,0.0,0.0
2025-11-24 14:35:22,clusterB,7,4,4,0,1.00,0.5,0.5,0.0,0.0,0.0
2025-11-24 14:35:44,clusterA,7,3,3,0,1.00,0.5,0.5,0.0,0.0,0.0
2025-11-24 14:35:44,cluster_A,7,1,1,0,1.00,0.5,0.5,0.0,0.0,0.0
2025-11-24 14:35:44,clusterB,7,4,4,0,1.00,0.5,0.5,0.0,0.0,0.0
2025-11-24 14:36:05,clusterA,7,3,3,0,1.00,0.5,0.5,0.0,0.0,0.0
2025-11-24 14:36:05,cluster_A,7,1,1,0,1.00,0.5,0.5,0.0,0.0,0.0
2025-11-24 14:36:05,clusterB,7,4,4,0,1.00,0.5,0.5,0.0,0.0,0.0
2025-11-24 14:36:26,clusterA,7,3,3,0,1.00,0.5,0.5,0.0,0.0,0.0
2025-11-24 14:36:26,cluster_A,7,1,1,0,1.00,0.5,0.5,0.0,0.0,0.0
2025-11-24 14:36:26,clusterB,7,4,4,0,1.00,0.5,0.5,0.0,0.0,0.0
2025-11-24 14:36:47,clusterA,7,3,3,0,1.00,0.5,0.5,0.0,0.0,0.0
2025-11-24 14:36:47,cluster_A,7,1,1,0,1.00,0.5,0.5,0.0,0.0,0.0
2025-11-24 14:36:47,clusterB,7,4,4,0,1.00,0.5,0.5,0.0,0.0,0.0
2025-11-24 14:37:09,clusterA,7,3,3,0,1.00,0.5,0.5,0.0,0.0,0.0
2025-11-24 14:37:09,cluster_A,7,1,1,0,1.00,0.5,0.5,0.0,0.0,0.0
2025-11-24 14:37:09,clusterB,7,4,4,0,1.00,0.5,0.5,0.0,0.0,0.0
2025-11-24 14:37:30,clusterA,7,3,3,0,1.00,0.5,0.5,0.0,0.0,0.0
2025-11-24 14:37:30,cluster_A,7,1,1,0,1.00,0.5,0.5,0.0,0.0,0.0
2025-11-24 14:37:30,clusterB,7,4,4,0,1.00,0.5,0.5,0.0,0.0,0.0
2025-11-24 14:37:51,clusterA,7,3,3,0,1.00,0.5,0.5,0.0,0.0,0.0
2025-11-24 14:37:51,cluster_A,7,1,1,0,1.00,0.5,0.5,0.0,0.0,0.0
2025-11-24 14:37:51,clusterB,7,4,4,0,1.00,0.5,0.5,0.0,0.0,0.0
2025-11-24 14:38:12,clusterA,7,3,3,0,1.00,0.5,0.5,0.0,0.0,0.0
2025-11-24 14:38:12,cluster_A,7,1,1,0,1.00,0.5,0.5,0.0,0.0,0.0
2025-11-24 14:38:12,clusterB,7,4,4,0,1.00,0.5,0.5,0.0,0.0,0.0
2025-11-24 14:38:33,clusterA,7,3,3,0,1.00,0.5,0.5,0.0,0.0,0.0
2025-11-24 14:38:33,cluster_A,7,1,1,0,1.00,0.5,0.5,0.0,0.0,0.0
2025-11-24 14:38:33,clusterB,7,4,4,0,1.00,0.5,0.5,0.0,0.0,0.0
2025-11-24 14:38:53,clusterA,7,3,3,0,1.00,0.5,0.5,0.0,0.0,0.0
2025-11-24 14:38:53,cluster_A,7,1,1,0,1.00,0.5,0.5,0.0,0.0,0.0
2025-11-24 14:38:53,clusterB,7,4,4,0,1.00,0.5,0.5,0.0,0.0,0.0
2025-11-24 14:39:14,clusterA,7,3,3,0,1.00,0.5,0.5,0.0,0.0,0.0
2025-11-24 14:39:14,cluster_A,7,1,1,0,1.00,0.5,0.5,0.0,0.0,0.0
2025-11-24 14:39:14,clusterB,7,4,4,0,1.00,0.5,0.5,0.0,0.0,0.0
2025-11-24 14:39:35,clusterA,7,3,3,0,1.00,0.5,0.5,0.0,0.0,0.0
2025-11-24 14:39:35,cluster_A,7,1,1,0,1.00,0.5,0.5,0.0,0.0,0.0
2025-11-24 14:39:35,clusterB,7,4,4,0,1.00,0.5,0.5,0.0,0.0,0.0
2025-11-24 14:39:57,clusterA,7,3,3,0,1.00,0.5,0.5,0.0,0.0,0.0
2025-11-24 14:39:57,cluster_A,7,1,1,0,1.00,0.5,0.5,0.0,0.0,0.0
2025-11-24 14:39:57,clusterB,7,4,4,0,1.00,0.5,0.5,0.0,0.0,0.0
2025-11-24 14:40:18,clusterA,7,3,3,0,1.00,0.5,0.5,0.0,0.0,0.0
2025-11-24 14:40:18,cluster_A,7,1,1,0,1.00,0.5,0.5,0.0,0.0,0.0
2025-11-24 14:40:18,clusterB,7,4,4,0,1.00,0.5,0.5,0.0,0.0,0.0
2025-11-24 14:40:40,clusterA,7,3,3,0,1.00,0.5,0.5,0.0,0.0,0.0
2025-11-24 14:40:40,cluster_A,7,1,1,0,1.00,0.5,0.5,0.0,0.0,0.0
2025-11-24 14:40:40,clusterB,7,4,4,0,1.00,0.5,0.5,0.0,0.0,0.0
2025-11-24 14:41:02,clusterA,7,3,3,0,1.00,0.5,0.5,0.0,0.0,0.0
2025-11-24 14:41:02,cluster_A,7,1,1,0,1.00,0.5,0.5,0.0,0.0,0.0
2025-11-24 14:41:02,clusterB,7,4,4,0,1.00,0.5,0.5,0.0,0.0,0.0
2025-11-24 14:41:24,clusterA,7,3,3,0,1.00,0.5,0.5,0.0,0.0,0.0
2025-11-24 14:41:24,cluster_A,7,1,1,0,1.00,0.5,0.5,0.0,0.0,0.0
2025-11-24 14:41:24,clusterB,7,4,4,0,1.00,0.5,0.5,0.0,0.0,0.0
2025-11-24 14:41:45,clusterA,7,3,3,0,1.00,0.5,0.5,0.0,0.0,0.0
2025-11-24 14:41:45,cluster_A,7,1,1,0,1.00,0.5,0.5,0.0,0.0,0.0
2025-11-24 14:41:45,clusterB,7,4,4,0,1.00,0.5,0.5,0.0,0.0,0.0
2025-11-24 14:42:07,clusterA,7,3,3,0,1.00,0.5,0.5,0.0,0.0,0.0
2025-11-24 14:42:07,cluster_A,7,1,1,0,1.00,0.5,0.5,0.0,0.0,0.0
2025-11-24 14:42:07,clusterB,7,4,4,0,1.00,0.5,0.5,0.0,0.0,0.0
2025-11-24 14:42:29,clusterA,7,3,3,0,1.00,0.5,0.5,0.0,0.0,0.0
2025-11-24 14:42:29,cluster_A,7,1,1,0,1.00,0.5,0.5,0.0,0.0,0.0
2025-11-24 14:42:29,clusterB,7,4,4,0,1.00,0.5,0.5,0.0,0.0,0.0
2025-11-24 14:42:50,clusterA,7,3,3,0,1.00,0.5,0.5,0.0,0.0,0.0
2025-11-24 14:42:50,cluster_A,7,1,1,0,1.00,0.5,0.5,0.0,0.0,0.0
2025-11-24 14:42:50,clusterB,7,4,4,0,1.00,0.5,0.5,0.0,0.0,0.0
2025-11-24 14:43:12,clusterA,7,3,3,0,1.00,0.5,0.5,0.0,0.0,0.0
2025-11-24 14:43:12,cluster_A,7,1,1,0,1.00,0.5,0.5,0.0,0.0,0.0
2025-11-24 14:43:12,clusterB,7,4,4,0,1.00,0.5,0.5,0.0,0.0,0.0
2025-11-24 14:43:34,clusterA,7,3,3,0,1.00,0.5,0.5,0.0,0.0,0.0
2025-11-24 14:43:34,cluster_A,7,1,1,0,1.00,0.5,0.5,0.0,0.0,0.0
2025-11-24 14:43:34,clusterB,7,4,4,0,1.00,0.5,0.5,0.0,0.0,0.0
2025-11-24 14:43:55,clusterA,7,3,3,0,1.00,0.5,0.5,0.0,0.0,0.0
2025-11-24 14:43:55,cluster_A,7,1,1,0,1.00,0.5,0.5,0.0,0.0,0.0
2025-11-24 14:43:55,clusterB,7,4,4,0,1.00,0.5,0.5,0.0,0.0,0.0
2025-11-24 14:44:16,clusterA,7,3,3,0,1.00,0.5,0.5,0.0,0.0,0.0
2025-11-24 14:44:16,cluster_A,7,1,1,0,1.00,0.5,0.5,0.0,0.0,0.0
2025-11-24 14:44:16,clusterB,7,4,4,0,1.00,0.5,0.5,0.0,0.0,0.0
2025-11-24 14:44:37,clusterA,7,3,3,0,1.00,0.5,0.5,0.0,0.0,0.0
2025-11-24 14:44:37,cluster_A,7,1,1,0,1.00,0.5,0.5,0.0,0.0,0.0
2025-11-24 14:44:37,clusterB,7,4,4,0,1.00,0.5,0.5,0.0,0.0,0.0
2025-11-24 14:44:58,clusterA,7,3,3,0,1.00,0.5,0.5,0.0,0.0,0.0
2025-11-24 14:44:58,cluster_A,7,1,1,0,1.00,0.5,0.5,0.0,0.0,0.0
2025-11-24 14:44:58,clusterB,7,4,4,0,1.00,0.5,0.5,0.0,0.0,0.0
2025-11-24 14:45:19,clusterA,7,3,3,0,1.00,0.5,0.5,0.0,0.0,0.0
2025-11-24 14:45:19,cluster_A,7,1,1,0,1.00,0.5,0.5,0.0,0.0,0.0
2025-11-24 14:45:19,clusterB,7,4,4,0,1.00,0.5,0.5,0.0,0.0,0.0
2025-11-24 14:45:40,clusterA,7,3,3,0,1.00,0.5,0.5,0.0,0.0,0.0
2025-11-24 14:45:40,cluster_A,7,1,1,0,1.00,0.5,0.5,0.0,0.0,0.0
2025-11-24 14:45:40,clusterB,7,4,4,0,1.00,0.5,0.5,0.0,0.0,0.0
2025-11-24 14:46:01,clusterA,7,3,3,0,1.00,0.5,0.5,0.0,0.0,0.0
2025-11-24 14:46:01,cluster_A,7,1,1,0,1.00,0.5,0.5,0.0,0.0,0.0
2025-11-24 14:46:01,clusterB,7,4,4,0,1.00,0.5,0.5,0.0,0.0,0.0
2025-11-24 14:46:22,clusterA,7,3,3,0,1.00,0.5,0.5,0.0,0.0,0.0
2025-11-24 14:46:22,cluster_A,7,1,1,0,1.00,0.5,0.5,0.0,0.0,0.0
2025-11-24 14:46:22,clusterB,7,4,4,0,1.00,0.5,0.5,0.0,0.0,0.0
2025-11-24 14:46:44,clusterA,7,3,3,0,1.00,0.5,0.5,0.0,0.0,0.0
2025-11-24 14:46:44,cluster_A,7,1,1,0,1.00,0.5,0.5,0.0,0.0,0.0
2025-11-24 14:46:44,clusterB,7,4,4,0,1.00,0.5,0.5,0.0,0.0,0.0
2025-11-24 14:47:05,clusterA,7,3,3,0,1.00,0.5,0.5,0.0,0.0,0.0
2025-11-24 14:47:05,cluster_A,7,1,1,0,1.00,0.5,0.5,0.0,0.0,0.0
2025-11-24 14:47:05,clusterB,7,4,4,0,1.00,0.5,0.5,0.0,0.0,0.0
2025-11-24 14:47:27,clusterA,7,3,3,0,1.00,0.5,0.5,0.0,0.0,0.0
2025-11-24 14:47:27,cluster_A,7,1,1,0,1.00,0.5,0.5,0.0,0.0,0.0
2025-11-24 14:47:27,clusterB,7,4,4,0,1.00,0.5,0.5,0.0,0.0,0.0
2025-11-24 14:47:48,clusterA,7,3,3,0,1.00,0.5,0.5,0.0,0.0,0.0
2025-11-24 14:47:48,cluster_A,7,1,1,0,1.00,0.5,0.5,0.0,0.0,0.0
2025-11-24 14:47:48,clusterB,7,4,4,0,1.00,0.5,0.5,0.0,0.0,0.0
2025-11-24 14:48:10,clusterA,7,3,3,0,1.00,0.5,0.5,0.0,0.0,0.0
2025-11-24 14:48:10,cluster_A,7,1,1,0,1.00,0.5,0.5,0.0,0.0,0.0
2025-11-24 14:48:10,clusterB,7,4,4,0,1.00,0.5,0.5,0.0,0.0,0.0
2025-11-24 14:48:32,clusterA,7,3,3,0,1.00,0.5,0.5,0.0,0.0,0.0
2025-11-24 14:48:32,cluster_A,7,1,1,0,1.00,0.5,0.5,0.0,0.0,0.0
2025-11-24 14:48:32,clusterB,7,4,4,0,1.00,0.5,0.5,0.0,0.0,0.0
2025-11-24 14:48:53,clusterA,7,3,3,0,1.00,0.5,0.5,0.0,0.0,0.0
2025-11-24 14:48:53,cluster_A,7,1,1,0,1.00,0.5,0.5,0.0,0.0,0.0
2025-11-24 14:48:53,clusterB,7,4,4,0,1.00,0.5,0.5,0.0,0.0,0.0
2025-11-24 14:49:15,clusterA,7,3,3,0,1.00,0.5,0.5,0.0,0.0,0.0
2025-11-24 14:49:15,cluster_A,7,1,1,0,1.00,0.5,0.5,0.0,0.0,0.0
2025-11-24 14:49:15,clusterB,7,4,4,0,1.00,0.5,0.5,0.0,0.0,0.0
2025-11-24 14:49:36,clusterA,7,3,3,0,1.00,0.5,0.5,0.0,0.0,0.0
2025-11-24 14:49:36,cluster_A,7,1,1,0,1.00,0.5,0.5,0.0,0.0,0.0
2025-11-24 14:49:36,clusterB,7,4,4,0,1.00,0.5,0.5,0.0,0.0,0.0
2025-11-24 14:49:58,clusterA,7,3,3,0,1.00,0.5,0.5,0.0,0.0,0.0
2025-11-24 14:49:58,cluster_A,7,1,1,0,1.00,0.5,0.5,0.0,0.0,0.0
2025-11-24 14:49:58,clusterB,7,4,4,0,1.00,0.5,0.5,0.0,0.0,0.0
2025-11-24 14:50:20,clusterA,7,3,3,0,1.00,0.5,0.5,0.0,0.0,0.0
2025-11-24 14:50:20,cluster_A,7,1,1,0,1.00,0.5,0.5,0.0,0.0,0.0
2025-11-24 14:50:20,clusterB,7,4,4,0,1.00,0.5,0.5,0.0,0.0,0.0
2025-11-24 14:50:42,clusterA,7,3,3,0,1.00,0.5,0.5,0.0,0.0,0.0
2025-11-24 14:50:42,cluster_A,7,1,1,0,1.00,0.5,0.5,0.0,0.0,0.0
2025-11-24 14:50:42,clusterB,7,4,4,0,1.00,0.5,0.5,0.0,0.0,0.0
2025-11-24 14:51:04,clusterA,7,3,3,0,1.00,0.5,0.5,0.0,0.0,0.0
2025-11-24 14:51:04,cluster_A,7,1,1,0,1.00,0.5,0.5,0.0,0.0,0.0
2025-11-24 14:51:04,clusterB,7,4,4,0,1.00,0.5,0.5,0.0,0.0,0.0
2025-11-24 14:51:26,clusterA,7,3,3,0,1.00,0.5,0.5,0.0,0.0,0.0
2025-11-24 14:51:26,cluster_A,7,1,1,0,1.00,0.5,0.5,0.0,0.0,0.0
2025-11-24 14:51:26,clusterB,7,4,4,0,1.00,0.5,0.5,0.0,0.0,0.0
2025-11-24 14:51:47,clusterA,7,3,3,0,1.00,0.5,0.5,0.0,0.0,0.0
2025-11-24 14:51:47,cluster_A,7,1,1,0,1.00,0.5,0.5,0.0,0.0,0.0
2025-11-24 14:51:47,clusterB,7,4,4,0,1.00,0.5,0.5,0.0,0.0,0.0
2025-11-24 14:52:09,clusterA,7,3,3,0,1.00,0.5,0.5,0.0,0.0,0.0
2025-11-24 14:52:09,cluster_A,7,1,1,0,1.00,0.5,0.5,0.0,0.0,0.0
2025-11-24 14:52:09,clusterB,7,4,4,0,1.00,0.5,0.5,0.0,0.0,0.0
2025-11-24 14:52:31,clusterA,7,3,3,0,1.00,0.5,0.5,0.0,0.0,0.0
2025-11-24 14:52:31,cluster_A,7,1,1,0,1.00,0.5,0.5,0.0,0.0,0.0
2025-11-24 14:52:31,clusterB,7,4,4,0,1.00,0.5,0.5,0.0,0.0,0.0
2025-11-24 14:52:53,clusterA,7,3,3,0,1.00,0.5,0.5,0.0,0.0,0.0
2025-11-24 14:52:53,cluster_A,7,1,1,0,1.00,0.5,0.5,0.0,0.0,0.0
2025-11-24 14:52:53,clusterB,7,4,4,0,1.00,0.5,0.5,0.0,0.0,0.0
2025-11-24 14:53:14,clusterA,7,3,3,0,1.00,0.5,0.5,0.0,0.0,0.0
2025-11-24 14:53:14,cluster_A,7,1,1,0,1.00,0.5,0.5,0.0,0.0,0.0
2025-11-24 14:53:14,clusterB,7,4,4,0,1.00,0.5,0.5,0.0,0.0,0.0
2025-11-24 14:53:35,clusterA,7,3,3,0,1.00,0.5,0.5,0.0,0.0,0.0
2025-11-24 14:53:35,cluster_A,7,1,1,0,1.00,0.5,0.5,0.0,0.0,0.0
2025-11-24 14:53:35,clusterB,7,4,4,0,1.00,0.5,0.5,0.0,0.0,0.0
2025-11-24 14:53:57,clusterA,7,3,3,0,1.00,0.5,0.5,0.0,0.0,0.0
2025-11-24 14:53:57,cluster_A,7,1,1,0,1.00,0.5,0.5,0.0,0.0,0.0
2025-11-24 14:53:57,clusterB,7,4,4,0,1.00,0.5,0.5,0.0,0.0,0.0
2025-11-24 14:54:19,clusterA,7,3,3,0,1.00,0.5,0.5,0.0,0.0,0.0
2025-11-24 14:54:19,cluster_A,7,1,1,0,1.00,0.5,0.5,0.0,0.0,0.0
2025-11-24 14:54:19,clusterB,7,4,4,0,1.00,0.5,0.5,0.0,0.0,0.0
2025-11-24 14:54:40,clusterA,7,3,3,0,1.00,0.5,0.5,0.0,0.0,0.0
2025-11-24 14:54:40,cluster_A,7,1,1,0,1.00,0.5,0.5,0.0,0.0,0.0
2025-11-24 14:54:40,clusterB,7,4,4,0,1.00,0.5,0.5,0.0,0.0,0.0
2025-11-24 14:55:02,clusterA,7,3,3,0,1.00,0.5,0.5,0.0,0.0,0.0
2025-11-24 14:55:02,cluster_A,7,1,1,0,1.00,0.5,0.5,0.0,0.0,0.0
2025-11-24 14:55:02,clusterB,7,4,4,0,1.00,0.5,0.5,0.0,0.0,0.0
2025-11-24 14:55:23,clusterA,7,3,3,0,1.00,0.5,0.5,0.0,0.0,0.0
2025-11-24 14:55:23,cluster_A,7,1,1,0,1.00,0.5,0.5,0.0,0.0,0.0
2025-11-24 14:55:23,clusterB,7,4,4,0,1.00,0.5,0.5,0.0,0.0,0.0
2025-11-24 14:55:45,clusterA,7,3,3,0,1.00,0.5,0.5,0.0,0.0,0.0
2025-11-24 14:55:45,cluster_A,7,1,1,0,1.00,0.5,0.5,0.0,0.0,0.0
2025-11-24 14:55:45,clusterB,7,4,4,0,1.00,0.5,0.5,0.0,0.0,0.0
2025-11-24 14:56:06,clusterA,7,3,3,0,1.00,0.5,0.5,0.0,0.0,0.0
2025-11-24 14:56:06,cluster_A,7,1,1,0,1.00,0.5,0.5,0.0,0.0,0.0
2025-11-24 14:56:06,clusterB,7,4,4,0,1.00,0.5,0.5,0.0,0.0,0.0
2025-11-24 14:56:27,clusterA,7,3,3,0,1.00,0.5,0.5,0.0,0.0,0.0
2025-11-24 14:56:27,cluster_A,7,1,1,0,1.00,0.5,0.5,0.0,0.0,0.0
2025-11-24 14:56:27,clusterB,7,4,4,0,1.00,0.5,0.5,0.0,0.0,0.0
2025-11-24 14:56:48,clusterA,7,3,3,0,1.00,0.5,0.5,0.0,0.0,0.0
2025-11-24 14:56:48,cluster_A,7,1,1,0,1.00,0.5,0.5,0.0,0.0,0.0
2025-11-24 14:56:48,clusterB,7,4,4,0,1.00,0.5,0.5,0.0,0.0,0.0
2025-11-24 14:57:10,clusterA,7,3,3,0,1.00,0.5,0.5,0.0,0.0,0.0
2025-11-24 14:57:10,cluster_A,7,1,1,0,1.00,0.5,0.5,0.0,0.0,0.0
2025-11-24 14:57:10,clusterB,7,4,4,0,1.00,0.5,0.5,0.0,0.0,0.0
2025-11-24 14:57:32,clusterA,7,3,3,0,1.00,0.5,0.5,0.0,0.0,0.0
2025-11-24 14:57:32,cluster_A,7,1,1,0,1.00,0.5,0.5,0.0,0.0,0.0
2025-11-24 14:57:32,clusterB,7,4,4,0,1.00,0.5,0.5,0.0,0.0,0.0
2025-11-24 14:57:53,clusterA,7,3,3,0,1.00,0.5,0.5,0.0,0.0,0.0
2025-11-24 14:57:53,cluster_A,7,1,1,0,1.00,0.5,0.5,0.0,0.0,0.0
2025-11-24 14:57:53,clusterB,7,4,4,0,1.00,0.5,0.5,0.0,0.0,0.0
2025-11-24 14:58:15,clusterA,7,3,3,0,1.00,0.5,0.5,0.0,0.0,0.0
2025-11-24 14:58:15,cluster_A,7,1,1,0,1.00,0.5,0.5,0.0,0.0,0.0
2025-11-24 14:58:15,clusterB,7,4,4,0,1.00,0.5,0.5,0.0,0.0,0.0
2025-11-24 14:58:37,clusterA,7,3,3,0,1.00,0.5,0.5,0.0,0.0,0.0
2025-11-24 14:58:37,cluster_A,7,1,1,0,1.00,0.5,0.5,0.0,0.0,0.0
2025-11-24 14:58:37,clusterB,7,4,4,0,1.00,0.5,0.5,0.0,0.0,0.0
2025-11-24 14:58:58,clusterA,7,3,3,0,1.00,0.5,0.5,0.0,0.0,0.0
2025-11-24 14:58:58,cluster_A,7,1,1,0,1.00,0.5,0.5,0.0,0.0,0.0
2025-11-24 14:58:58,clusterB,7,4,4,0,1.00,0.5,0.5,0.0,0.0,0.0
2025-11-24 14:59:19,clusterA,7,3,3,0,1.00,0.5,0.5,0.0,0.0,0.0
2025-11-24 14:59:19,cluster_A,7,1,1,0,1.00,0.5,0.5,0.0,0.0,0.0
2025-11-24 14:59:19,clusterB,7,4,4,0,1.00,0.5,0.5,0.0,0.0,0.0
2025-11-24 14:59:41,clusterA,7,3,3,0,1.00,0.5,0.5,0.0,0.0,0.0
2025-11-24 14:59:41,cluster_A,7,1,1,0,1.00,0.5,0.5,0.0,0.0,0.0
2025-11-24 14:59:41,clusterB,7,4,4,0,1.00,0.5,0.5,0.0,0.0,0.0
2025-11-24 15:00:03,clusterA,7,3,3,0,1.00,0.5,0.5,0.0,0.0,0.0
2025-11-24 15:00:03,cluster_A,7,1,1,0,1.00,0.5,0.5,0.0,0.0,0.0
2025-11-24 15:00:03,clusterB,7,4,4,0,1.00,0.5,0.5,0.0,0.0,0.0
2025-11-24 15:00:24,clusterA,7,3,3,0,1.00,0.5,0.5,0.0,0.0,0.0
2025-11-24 15:00:24,cluster_A,7,1,1,0,1.00,0.5,0.5,0.0,0.0,0.0
2025-11-24 15:00:24,clusterB,7,4,4,0,1.00,0.5,0.5,0.0,0.0,0.0
2025-11-24 15:00:45,clusterA,7,3,3,0,1.00,0.5,0.5,0.0,0.0,0.0
2025-11-24 15:00:45,cluster_A,7,1,1,0,1.00,0.5,0.5,0.0,0.0,0.0
2025-11-24 15:00:45,clusterB,7,4,4,0,1.00,0.5,0.5,0.0,0.0,0.0
2025-11-24 15:01:06,clusterA,7,3,3,0,1.00,0.5,0.5,0.0,0.0,0.0
2025-11-24 15:01:06,cluster_A,7,1,1,0,1.00,0.5,0.5,0.0,0.0,0.0
2025-11-24 15:01:06,clusterB,7,4,4,0,1.00,0.5,0.5,0.0,0.0,0.0
2025-11-24 15:01:28,clusterA,7,3,3,0,1.00,0.5,0.5,0.0,0.0,0.0
2025-11-24 15:01:28,cluster_A,7,1,1,0,1.00,0.5,0.5,0.0,0.0,0.0
2025-11-24 15:01:28,clusterB,7,4,4,0,1.00,0.5,0.5,0.0,0.0,0.0
2025-11-24 15:01:49,clusterA,7,3,3,0,1.00,0.5,0.5,0.0,0.0,0.0
2025-11-24 15:01:49,cluster_A,7,1,1,0,1.00,0.5,0.5,0.0,0.0,0.0
2025-11-24 15:01:49,clusterB,7,4,4,0,1.00,0.5,0.5,0.0,0.0,0.0
2025-11-24 15:02:10,clusterA,7,3,3,0,1.00,0.5,0.5,0.0,0.0,0.0
2025-11-24 15:02:10,cluster_A,7,1,1,0,1.00,0.5,0.5,0.0,0.0,0.0
2025-11-24 15:02:10,clusterB,7,4,4,0,1.00,0.5,0.5,0.0,0.0,0.0
2025-11-24 15:02:31,clusterA,7,3,3,0,1.00,0.5,0.5,0.0,0.0,0.0
2025-11-24 15:02:31,cluster_A,7,1,1,0,1.00,0.5,0.5,0.0,0.0,0.0
2025-11-24 15:02:31,clusterB,7,4,4,0,1.00,0.5,0.5,0.0,0.0,0.0
2025-11-24 15:02:53,clusterA,7,3,3,0,1.00,0.5,0.5,0.0,0.0,0.0
2025-11-24 15:02:53,cluster_A,7,1,1,0,1.00,0.5,0.5,0.0,0.0,0.0
2025-11-24 15:02:53,clusterB,7,4,4,0,1.00,0.5,0.5,0.0,0.0,0.0
2025-11-24 15:03:14,clusterA,7,3,3,0,1.00,0.5,0.5,0.0,0.0,0.0
2025-11-24 15:03:14,cluster_A,7,1,1,0,1.00,0.5,0.5,0.0,0.0,0.0
2025-11-24 15:03:14,clusterB,7,4,4,0,1.00,0.5,0.5,0.0,0.0,0.0
2025-11-24 15:03:36,clusterA,7,3,3,0,1.00,0.5,0.5,0.0,0.0,0.0
2025-11-24 15:03:36,cluster_A,7,1,1,0,1.00,0.5,0.5,0.0,0.0,0.0
2025-11-24 15:03:36,clusterB,7,4,4,0,1.00,0.5,0.5,0.0,0.0,0.0
2025-11-24 15:03:57,clusterA,7,3,3,0,1.00,0.5,0.5,0.0,0.0,0.0
2025-11-24 15:03:57,cluster_A,7,1,1,0,1.00,0.5,0.5,0.0,0.0,0.0
2025-11-24 15:03:57,clusterB,7,4,4,0,1.00,0.5,0.5,0.0,0.0,0.0
2025-11-24 15:04:18,clusterA,7,3,3,0,1.00,0.5,0.5,0.0,0.0,0.0
2025-11-24 15:04:18,cluster_A,7,1,1,0,1.00,0.5,0.5,0.0,0.0,0.0
2025-11-24 15:04:18,clusterB,7,4,4,0,1.00,0.5,0.5,0.0,0.0,0.0
2025-11-24 15:04:39,clusterA,7,3,3,0,1.00,0.5,0.5,0.0,0.0,0.0
2025-11-24 15:04:39,cluster_A,7,1,1,0,1.00,0.5,0.5,0.0,0.0,0.0
2025-11-24 15:04:39,clusterB,7,4,4,0,1.00,0.5,0.5,0.0,0.0,0.0
2025-11-24 15:05:00,clusterA,7,3,3,0,1.00,0.5,0.5,0.0,0.0,0.0
2025-11-24 15:05:00,cluster_A,7,1,1,0,1.00,0.5,0.5,0.0,0.0,0.0
2025-11-24 15:05:00,clusterB,7,4,4,0,1.00,0.5,0.5,0.0,0.0,0.0
2025-11-24 15:05:22,clusterA,7,3,3,0,1.00,0.5,0.5,0.0,0.0,0.0
2025-11-24 15:05:22,cluster_A,7,1,1,0,1.00,0.5,0.5,0.0,0.0,0.0
2025-11-24 15:05:22,clusterB,7,4,4,0,1.00,0.5,0.5,0.0,0.0,0.0
2025-11-24 15:05:43,clusterA,7,3,3,0,1.00,0.5,0.5,0.0,0.0,0.0
2025-11-24 15:05:43,cluster_A,7,1,1,0,1.00,0.5,0.5,0.0,0.0,0.0
2025-11-24 15:05:43,clusterB,7,4,4,0,1.00,0.5,0.5,0.0,0.0,0.0
2025-11-24 15:06:05,clusterA,7,3,3,0,1.00,0.5,0.5,0.0,0.0,0.0
2025-11-24 15:06:05,cluster_A,7,1,1,0,1.00,0.5,0.5,0.0,0.0,0.0
2025-11-24 15:06:05,clusterB,7,4,4,0,1.00,0.5,0.5,0.0,0.0,0.0
2025-11-24 15:06:26,clusterA,7,3,3,0,1.00,0.5,0.5,0.0,0.0,0.0
2025-11-24 15:06:26,cluster_A,7,1,1,0,1.00,0.5,0.5,0.0,0.0,0.0
2025-11-24 15:06:26,clusterB,7,4,4,0,1.00,0.5,0.5,0.0,0.0,0.0
2025-11-24 15:06:47,clusterA,7,3,3,0,1.00,0.5,0.5,0.0,0.0,0.0
2025-11-24 15:06:47,cluster_A,7,1,1,0,1.00,0.5,0.5,0.0,0.0,0.0
2025-11-24 15:06:47,clusterB,7,4,4,0,1.00,0.5,0.5,0.0,0.0,0.0
2025-11-24 15:07:08,clusterA,7,3,3,0,1.00,0.5,0.5,0.0,0.0,0.0
2025-11-24 15:07:08,cluster_A,7,1,1,0,1.00,0.5,0.5,0.0,0.0,0.0
2025-11-24 15:07:08,clusterB,7,4,4,0,1.00,0.5,0.5,0.0,0.0,0.0
2025-11-24 15:07:29,clusterA,7,3,3,0,1.00,0.5,0.5,0.0,0.0,0.0
2025-11-24 15:07:29,cluster_A,7,1,1,0,1.00,0.5,0.5,0.0,0.0,0.0
2025-11-24 15:07:29,clusterB,7,4,4,0,1.00,0.5,0.5,0.0,0.0,0.0
2025-11-24 15:07:51,clusterA,7,3,3,0,1.00,0.5,0.5,0.0,0.0,0.0
2025-11-24 15:07:51,cluster_A,7,1,1,0,1.00,0.5,0.5,0.0,0.0,0.0
2025-11-24 15:07:51,clusterB,7,4,4,0,1.00,0.5,0.5,0.0,0.0,0.0
2025-11-24 15:08:12,clusterA,7,3,3,0,1.00,0.5,0.5,0.0,0.0,0.0
2025-11-24 15:08:12,cluster_A,7,1,1,0,1.00,0.5,0.5,0.0,0.0,0.0
2025-11-24 15:08:12,clusterB,7,4,4,0,1.00,0.5,0.5,0.0,0.0,0.0
2025-11-24 15:08:33,clusterA,7,3,3,0,1.00,0.5,0.5,0.0,0.0,0.0
2025-11-24 15:08:33,cluster_A,7,1,1,0,1.00,0.5,0.5,0.0,0.0,0.0
2025-11-24 15:08:33,clusterB,7,4,4,0,1.00,0.5,0.5,0.0,0.0,0.0
2025-11-24 15:08:55,clusterA,7,3,3,0,1.00,0.5,0.5,0.0,0.0,0.0
2025-11-24 15:08:55,cluster_A,7,1,1,0,1.00,0.5,0.5,0.0,0.0,0.0
2025-11-24 15:08:55,clusterB,7,4,4,0,1.00,0.5,0.5,0.0,0.0,0.0
2025-11-24 15:09:17,clusterA,7,3,3,0,1.00,0.5,0.5,0.0,0.0,0.0
2025-11-24 15:09:17,cluster_A,7,1,1,0,1.00,0.5,0.5,0.0,0.0,0.0
2025-11-24 15:09:17,clusterB,7,4,4,0,1.00,0.5,0.5,0.0,0.0,0.0
2025-11-24 15:09:38,clusterA,7,3,3,0,1.00,0.5,0.5,0.0,0.0,0.0
2025-11-24 15:09:38,cluster_A,7,1,1,0,1.00,0.5,0.5,0.0,0.0,0.0
2025-11-24 15:09:38,clusterB,7,4,4,0,1.00,0.5,0.5,0.0,0.0,0.0
2025-11-24 15:09:59,clusterA,7,3,3,0,1.00,0.5,0.5,0.0,0.0,0.0
2025-11-24 15:09:59,cluster_A,7,1,1,0,1.00,0.5,0.5,0.0,0.0,0.0
2025-11-24 15:09:59,clusterB,7,4,4,0,1.00,0.5,0.5,0.0,0.0,0.0
2025-11-24 15:10:21,clusterA,7,3,3,0,1.00,0.5,0.5,0.0,0.0,0.0
2025-11-24 15:10:21,cluster_A,7,1,1,0,1.00,0.5,0.5,0.0,0.0,0.0
2025-11-24 15:10:21,clusterB,7,4,4,0,1.00,0.5,0.5,0.0,0.0,0.0
2025-11-24 15:10:42,clusterA,7,3,3,0,1.00,0.5,0.5,0.0,0.0,0.0
2025-11-24 15:10:42,cluster_A,7,1,1,0,1.00,0.5,0.5,0.0,0.0,0.0
2025-11-24 15:10:42,clusterB,7,4,4,0,1.00,0.5,0.5,0.0,0.0,0.0
2025-11-24 15:11:04,clusterA,7,3,3,0,1.00,0.5,0.5,0.0,0.0,0.0
2025-11-24 15:11:04,cluster_A,7,1,1,0,1.00,0.5,0.5,0.0,0.0,0.0
2025-11-24 15:11:04,clusterB,7,4,4,0,1.00,0.5,0.5,0.0,0.0,0.0
2025-11-24 15:11:25,clusterA,7,3,3,0,1.00,0.5,0.5,0.0,0.0,0.0
2025-11-24 15:11:25,cluster_A,7,1,1,0,1.00,0.5,0.5,0.0,0.0,0.0
2025-11-24 15:11:25,clusterB,7,4,4,0,1.00,0.5,0.5,0.0,0.0,0.0
2025-11-24 15:11:47,clusterA,7,3,3,0,1.00,0.5,0.5,0.0,0.0,0.0
2025-11-24 15:11:47,cluster_A,7,1,1,0,1.00,0.5,0.5,0.0,0.0,0.0
2025-11-24 15:11:47,clusterB,7,4,4,0,1.00,0.5,0.5,0.0,0.0,0.0
2025-11-24 15:12:09,clusterA,7,3,3,0,1.00,0.5,0.5,0.0,0.0,0.0
2025-11-24 15:12:09,cluster_A,7,1,1,0,1.00,0.5,0.5,0.0,0.0,0.0
2025-11-24 15:12:09,clusterB,7,4,4,0,1.00,0.5,0.5,0.0,0.0,0.0
2025-11-24 15:12:31,clusterA,7,3,3,0,1.00,0.5,0.5,0.0,0.0,0.0
2025-11-24 15:12:31,cluster_A,7,1,1,0,1.00,0.5,0.5,0.0,0.0,0.0
2025-11-24 15:12:31,clusterB,7,4,4,0,1.00,0.5,0.5,0.0,0.0,0.0
2025-11-24 15:12:53,clusterA,7,3,3,0,1.00,0.5,0.5,0.0,0.0,0.0
2025-11-24 15:12:53,cluster_A,7,1,1,0,1.00,0.5,0.5,0.0,0.0,0.0
2025-11-24 15:12:53,clusterB,7,4,4,0,1.00,0.5,0.5,0.0,0.0,0.0
2025-11-24 15:13:15,clusterA,7,3,3,0,1.00,0.5,0.5,0.0,0.0,0.0
2025-11-24 15:13:15,cluster_A,7,1,1,0,1.00,0.5,0.5,0.0,0.0,0.0
2025-11-24 15:13:15,clusterB,7,4,4,0,1.00,0.5,0.5,0.0,0.0,0.0
2025-11-24 15:13:36,clusterA,7,3,3,0,1.00,0.5,0.5,0.0,0.0,0.0
2025-11-24 15:13:36,cluster_A,7,1,1,0,1.00,0.5,0.5,0.0,0.0,0.0
2025-11-24 15:13:36,clusterB,7,4,4,0,1.00,0.5,0.5,0.0,0.0,0.0
2025-11-24 15:13:58,clusterA,7,3,3,0,1.00,0.5,0.5,0.0,0.0,0.0
2025-11-24 15:13:58,cluster_A,7,1,1,0,1.00,0.5,0.5,0.0,0.0,0.0
2025-11-24 15:13:58,clusterB,7,4,4,0,1.00,0.5,0.5,0.0,0.0,0.0
2025-11-24 15:14:19,clusterA,7,3,3,0,1.00,0.5,0.5,0.0,0.0,0.0
2025-11-24 15:14:19,cluster_A,7,1,1,0,1.00,0.5,0.5,0.0,0.0,0.0
2025-11-24 15:14:19,clusterB,7,4,4,0,1.00,0.5,0.5,0.0,0.0,0.0
2025-11-24 15:14:41,clusterA,7,3,3,0,1.00,0.5,0.5,0.0,0.0,0.0
2025-11-24 15:14:41,cluster_A,7,1,1,0,1.00,0.5,0.5,0.0,0.0,0.0
2025-11-24 15:14:41,clusterB,7,4,4,0,1.00,0.5,0.5,0.0,0.0,0.0
2025-11-24 15:15:02,clusterA,7,3,3,0,1.00,0.5,0.5,0.0,0.0,0.0
2025-11-24 15:15:02,cluster_A,7,1,1,0,1.00,0.5,0.5,0.0,0.0,0.0
2025-11-24 15:15:02,clusterB,7,4,4,0,1.00,0.5,0.5,0.0,0.0,0.0
2025-11-24 15:15:24,clusterA,7,3,3,0,1.00,0.5,0.5,0.0,0.0,0.0
2025-11-24 15:15:24,cluster_A,7,1,1,0,1.00,0.5,0.5,0.0,0.0,0.0
2025-11-24 15:15:24,clusterB,7,4,4,0,1.00,0.5,0.5,0.0,0.0,0.0
2025-11-24 15:15:46,clusterA,7,3,3,0,1.00,0.5,0.5,0.0,0.0,0.0
2025-11-24 15:15:46,cluster_A,7,1,1,0,1.00,0.5,0.5,0.0,0.0,0.0
2025-11-24 15:15:46,clusterB,7,4,4,0,1.00,0.5,0.5,0.0,0.0,0.0
2025-11-24 15:16:07,clusterA,7,3,3,0,1.00,0.5,0.5,0.0,0.0,0.0
2025-11-24 15:16:07,cluster_A,7,1,1,0,1.00,0.5,0.5,0.0,0.0,0.0
2025-11-24 15:16:07,clusterB,7,4,4,0,1.00,0.5,0.5,0.0,0.0,0.0
2025-11-24 15:16:28,clusterA,7,3,3,0,1.00,0.5,0.5,0.0,0.0,0.0
2025-11-24 15:16:28,cluster_A,7,1,1,0,1.00,0.5,0.5,0.0,0.0,0.0
2025-11-24 15:16:28,clusterB,7,4,4,0,1.00,0.5,0.5,0.0,0.0,0.0
2025-11-24 15:16:50,clusterA,7,3,3,0,1.00,0.5,0.5,0.0,0.0,0.0
2025-11-24 15:16:50,cluster_A,7,1,1,0,1.00,0.5,0.5,0.0,0.0,0.0
2025-11-24 15:16:50,clusterB,7,4,4,0,1.00,0.5,0.5,0.0,0.0,0.0
2025-11-24 15:17:11,clusterA,7,3,3,0,1.00,0.5,0.5,0.0,0.0,0.0
2025-11-24 15:17:11,cluster_A,7,1,1,0,1.00,0.5,0.5,0.0,0.0,0.0
2025-11-24 15:17:11,clusterB,7,4,4,0,1.00,0.5,0.5,0.0,0.0,0.0
2025-11-24 15:17:32,clusterA,7,3,3,0,1.00,0.5,0.5,0.0,0.0,0.0
2025-11-24 15:17:32,cluster_A,7,1,1,0,1.00,0.5,0.5,0.0,0.0,0.0
2025-11-24 15:17:32,clusterB,7,4,4,0,1.00,0.5,0.5,0.0,0.0,0.0
2025-11-24 15:17:53,clusterA,7,3,3,0,1.00,0.5,0.5,0.0,0.0,0.0
2025-11-24 15:17:53,cluster_A,7,1,1,0,1.00,0.5,0.5,0.0,0.0,0.0
2025-11-24 15:17:53,clusterB,7,4,4,0,1.00,0.5,0.5,0.0,0.0,0.0
2025-11-24 15:18:15,clusterA,7,3,3,0,1.00,0.5,0.5,0.0,0.0,0.0
2025-11-24 15:18:15,cluster_A,7,1,1,0,1.00,0.5,0.5,0.0,0.0,0.0
2025-11-24 15:18:15,clusterB,7,4,4,0,1.00,0.5,0.5,0.0,0.0,0.0
2025-11-24 15:18:36,clusterA,7,3,3,0,1.00,0.5,0.5,0.0,0.0,0.0
2025-11-24 15:18:36,cluster_A,7,1,1,0,1.00,0.5,0.5,0.0,0.0,0.0
2025-11-24 15:18:36,clusterB,7,4,4,0,1.00,0.5,0.5,0.0,0.0,0.0
2025-11-24 15:18:58,clusterA,7,3,3,0,1.00,0.5,0.5,0.0,0.0,0.0
2025-11-24 15:18:58,cluster_A,7,1,1,0,1.00,0.5,0.5,0.0,0.0,0.0
2025-11-24 15:18:58,clusterB,7,4,4,0,1.00,0.5,0.5,0.0,0.0,0.0
2025-11-24 15:19:19,clusterA,7,3,3,0,1.00,0.5,0.5,0.0,0.0,0.0
2025-11-24 15:19:19,cluster_A,7,1,1,0,1.00,0.5,0.5,0.0,0.0,0.0
2025-11-24 15:19:19,clusterB,7,4,4,0,1.00,0.5,0.5,0.0,0.0,0.0
2025-11-24 15:19:41,clusterA,7,3,3,0,1.00,0.5,0.5,0.0,0.0,0.0
2025-11-24 15:19:41,cluster_A,7,1,1,0,1.00,0.5,0.5,0.0,0.0,0.0
2025-11-24 15:19:41,clusterB,7,4,4,0,1.00,0.5,0.5,0.0,0.0,0.0
2025-11-24 15:20:02,clusterA,7,3,3,0,1.00,0.5,0.5,0.0,0.0,0.0
2025-11-24 15:20:02,cluster_A,7,1,1,0,1.00,0.5,0.5,0.0,0.0,0.0
2025-11-24 15:20:02,clusterB,7,4,4,0,1.00,0.5,0.5,0.0,0.0,0.0
2025-11-24 15:20:23,clusterA,7,3,3,0,1.00,0.5,0.5,0.0,0.0,0.0
2025-11-24 15:20:23,cluster_A,7,1,1,0,1.00,0.5,0.5,0.0,0.0,0.0
2025-11-24 15:20:23,clusterB,7,4,4,0,1.00,0.5,0.5,0.0,0.0,0.0
2025-11-24 15:20:44,clusterA,7,3,3,0,1.00,0.5,0.5,0.0,0.0,0.0
2025-11-24 15:20:44,cluster_A,7,1,1,0,1.00,0.5,0.5,0.0,0.0,0.0
2025-11-24 15:20:44,clusterB,7,4,4,0,1.00,0.5,0.5,0.0,0.0,0.0
2025-11-24 15:21:05,clusterA,7,3,3,0,1.00,0.5,0.5,0.0,0.0,0.0
2025-11-24 15:21:05,cluster_A,7,1,1,0,1.00,0.5,0.5,0.0,0.0,0.0
2025-11-24 15:21:05,clusterB,7,4,4,0,1.00,0.5,0.5,0.0,0.0,0.0
2025-11-24 15:21:27,clusterA,7,3,3,0,1.00,0.5,0.5,0.0,0.0,0.0
2025-11-24 15:21:27,cluster_A,7,1,1,0,1.00,0.5,0.5,0.0,0.0,0.0
2025-11-24 15:21:27,clusterB,7,4,4,0,1.00,0.5,0.5,0.0,0.0,0.0
2025-11-24 15:21:48,clusterA,7,3,3,0,1.00,0.5,0.5,0.0,0.0,0.0
2025-11-24 15:21:48,cluster_A,7,1,1,0,1.00,0.5,0.5,0.0,0.0,0.0
2025-11-24 15:21:48,clusterB,7,4,4,0,1.00,0.5,0.5,0.0,0.0,0.0
2025-11-24 15:22:09,clusterA,7,3,3,0,1.00,0.5,0.5,0.0,0.0,0.0
2025-11-24 15:22:09,cluster_A,7,1,1,0,1.00,0.5,0.5,0.0,0.0,0.0
2025-11-24 15:22:09,clusterB,7,4,4,0,1.00,0.5,0.5,0.0,0.0,0.0
2025-11-24 15:22:30,clusterA,7,3,3,0,1.00,0.5,0.5,0.0,0.0,0.0
2025-11-24 15:22:30,cluster_A,7,1,1,0,1.00,0.5,0.5,0.0,0.0,0.0
2025-11-24 15:22:30,clusterB,7,4,4,0,1.00,0.5,0.5,0.0,0.0,0.0
2025-11-24 15:22:52,clusterA,7,3,3,0,1.00,0.5,0.5,0.0,0.0,0.0
2025-11-24 15:22:52,cluster_A,7,1,1,0,1.00,0.5,0.5,0.0,0.0,0.0
2025-11-24 15:22:52,clusterB,7,4,4,0,1.00,0.5,0.5,0.0,0.0,0.0
2025-11-24 15:23:13,clusterA,7,3,3,0,1.00,0.5,0.5,0.0,0.0,0.0
2025-11-24 15:23:13,cluster_A,7,1,1,0,1.00,0.5,0.5,0.0,0.0,0.0
2025-11-24 15:23:13,clusterB,7,4,4,0,1.00,0.5,0.5,0.0,0.0,0.0
2025-11-24 15:23:34,clusterA,7,3,3,0,1.00,0.5,0.5,0.0,0.0,0.0
2025-11-24 15:23:34,cluster_A,7,1,1,0,1.00,0.5,0.5,0.0,0.0,0.0
2025-11-24 15:23:34,clusterB,7,4,4,0,1.00,0.5,0.5,0.0,0.0,0.0
2025-11-24 15:23:55,clusterA,7,3,3,0,1.00,0.5,0.5,0.0,0.0,0.0
2025-11-24 15:23:55,cluster_A,7,1,1,0,1.00,0.5,0.5,0.0,0.0,0.0
2025-11-24 15:23:55,clusterB,7,4,4,0,1.00,0.5,0.5,0.0,0.0,0.0
2025-11-24 15:24:16,clusterA,7,3,3,0,1.00,0.5,0.5,0.0,0.0,0.0
2025-11-24 15:24:16,cluster_A,7,1,1,0,1.00,0.5,0.5,0.0,0.0,0.0
2025-11-24 15:24:16,clusterB,7,4,4,0,1.00,0.5,0.5,0.0,0.0,0.0
2025-11-24 15:24:37,clusterA,7,3,3,0,1.00,0.5,0.5,0.0,0.0,0.0
2025-11-24 15:24:37,cluster_A,7,1,1,0,1.00,0.5,0.5,0.0,0.0,0.0
2025-11-24 15:24:37,clusterB,7,4,4,0,1.00,0.5,0.5,0.0,0.0,0.0
2025-11-24 15:24:58,clusterA,7,3,3,0,1.00,0.5,0.5,0.0,0.0,0.0
2025-11-24 15:24:58,cluster_A,7,1,1,0,1.00,0.5,0.5,0.0,0.0,0.0
2025-11-24 15:24:58,clusterB,7,4,4,0,1.00,0.5,0.5,0.0,0.0,0.0
2025-11-24 15:25:19,clusterA,7,3,3,0,1.00,0.5,0.5,0.0,0.0,0.0
2025-11-24 15:25:19,cluster_A,7,1,1,0,1.00,0.5,0.5,0.0,0.0,0.0
2025-11-24 15:25:19,clusterB,7,4,4,0,1.00,0.5,0.5,0.0,0.0,0.0
2025-11-24 15:25:41,clusterA,7,3,3,0,1.00,0.5,0.5,0.0,0.0,0.0
2025-11-24 15:25:41,cluster_A,7,1,1,0,1.00,0.5,0.5,0.0,0.0,0.0
2025-11-24 15:25:41,clusterB,7,4,4,0,1.00,0.5,0.5,0.0,0.0,0.0
2025-11-24 15:26:02,clusterA,7,3,3,0,1.00,0.5,0.5,0.0,0.0,0.0
2025-11-24 15:26:02,cluster_A,7,1,1,0,1.00,0.5,0.5,0.0,0.0,0.0
2025-11-24 15:26:02,clusterB,7,4,4,0,1.00,0.5,0.5,0.0,0.0,0.0
2025-11-24 15:26:24,clusterA,7,3,3,0,1.00,0.5,0.5,0.0,0.0,0.0
2025-11-24 15:26:24,cluster_A,7,1,1,0,1.00,0.5,0.5,0.0,0.0,0.0
2025-11-24 15:26:24,clusterB,7,4,4,0,1.00,0.5,0.5,0.0,0.0,0.0
2025-11-24 15:26:45,clusterA,7,3,3,0,1.00,0.5,0.5,0.0,0.0,0.0
2025-11-24 15:26:45,cluster_A,7,1,1,0,1.00,0.5,0.5,0.0,0.0,0.0
2025-11-24 15:26:45,clusterB,7,4,4,0,1.00,0.5,0.5,0.0,0.0,0.0
2025-11-24 15:27:06,clusterA,7,3,3,0,1.00,0.5,0.5,0.0,0.0,0.0
2025-11-24 15:27:06,cluster_A,7,1,1,0,1.00,0.5,0.5,0.0,0.0,0.0
2025-11-24 15:27:06,clusterB,7,4,4,0,1.00,0.5,0.5,0.0,0.0,0.0
2025-11-24 15:27:28,clusterA,7,3,3,0,1.00,0.5,0.5,0.0,0.0,0.0
2025-11-24 15:27:28,cluster_A,7,1,1,0,1.00,0.5,0.5,0.0,0.0,0.0
2025-11-24 15:27:28,clusterB,7,4,4,0,1.00,0.5,0.5,0.0,0.0,0.0
2025-11-24 15:27:49,clusterA,7,3,3,0,1.00,0.5,0.5,0.0,0.0,0.0
2025-11-24 15:27:49,cluster_A,7,1,1,0,1.00,0.5,0.5,0.0,0.0,0.0
2025-11-24 15:27:49,clusterB,7,4,4,0,1.00,0.5,0.5,0.0,0.0,0.0
2025-11-24 15:28:10,clusterA,7,3,3,0,1.00,0.5,0.5,0.0,0.0,0.0
2025-11-24 15:28:10,cluster_A,7,1,1,0,1.00,0.5,0.5,0.0,0.0,0.0
2025-11-24 15:28:10,clusterB,7,4,4,0,1.00,0.5,0.5,0.0,0.0,0.0
2025-11-24 15:28:31,clusterA,7,3,3,0,1.00,0.5,0.5,0.0,0.0,0.0
2025-11-24 15:28:31,cluster_A,7,1,1,0,1.00,0.5,0.5,0.0,0.0,0.0
2025-11-24 15:28:31,clusterB,7,4,4,0,1.00,0.5,0.5,0.0,0.0,0.0
2025-11-24 15:28:52,clusterA,7,3,3,0,1.00,0.5,0.5,0.0,0.0,0.0
2025-11-24 15:28:52,cluster_A,7,1,1,0,1.00,0.5,0.5,0.0,0.0,0.0
2025-11-24 15:28:52,clusterB,7,4,4,0,1.00,0.5,0.5,0.0,0.0,0.0
2025-11-24 15:29:14,clusterA,7,3,3,0,1.00,0.5,0.5,0.0,0.0,0.0
2025-11-24 15:29:14,cluster_A,7,1,1,0,1.00,0.5,0.5,0.0,0.0,0.0
2025-11-24 15:29:14,clusterB,7,4,4,0,1.00,0.5,0.5,0.0,0.0,0.0
2025-11-24 15:29:35,clusterA,7,3,3,0,1.00,0.5,0.5,0.0,0.0,0.0
2025-11-24 15:29:35,cluster_A,7,1,1,0,1.00,0.5,0.5,0.0,0.0,0.0
2025-11-24 15:29:35,clusterB,7,4,4,0,1.00,0.5,0.5,0.0,0.0,0.0
2025-11-24 15:29:56,clusterA,7,3,3,0,1.00,0.5,0.5,0.0,0.0,0.0
2025-11-24 15:29:56,cluster_A,7,1,1,0,1.00,0.5,0.5,0.0,0.0,0.0
2025-11-24 15:29:56,clusterB,7,4,4,0,1.00,0.5,0.5,0.0,0.0,0.0
2025-11-24 15:30:17,clusterA,7,3,3,0,1.00,0.5,0.5,0.0,0.0,0.0
2025-11-24 15:30:17,cluster_A,7,1,1,0,1.00,0.5,0.5,0.0,0.0,0.0
2025-11-24 15:30:17,clusterB,7,4,4,0,1.00,0.5,0.5,0.0,0.0,0.0
2025-11-24 15:30:38,clusterA,7,3,3,0,1.00,0.5,0.5,0.0,0.0,0.0
2025-11-24 15:30:38,cluster_A,7,1,1,0,1.00,0.5,0.5,0.0,0.0,0.0
2025-11-24 15:30:38,clusterB,7,4,4,0,1.00,0.5,0.5,0.0,0.0,0.0
2025-11-24 15:30:59,clusterA,7,3,3,0,1.00,0.5,0.5,0.0,0.0,0.0
2025-11-24 15:30:59,cluster_A,7,1,1,0,1.00,0.5,0.5,0.0,0.0,0.0
2025-11-24 15:30:59,clusterB,7,4,4,0,1.00,0.5,0.5,0.0,0.0,0.0
2025-11-24 15:31:20,clusterA,7,3,3,0,1.00,0.5,0.5,0.0,0.0,0.0
2025-11-24 15:31:20,cluster_A,7,1,1,0,1.00,0.5,0.5,0.0,0.0,0.0
2025-11-24 15:31:20,clusterB,7,4,4,0,1.00,0.5,0.5,0.0,0.0,0.0
2025-11-24 15:31:41,clusterA,7,3,3,0,1.00,0.5,0.5,0.0,0.0,0.0
2025-11-24 15:31:41,cluster_A,7,1,1,0,1.00,0.5,0.5,0.0,0.0,0.0
2025-11-24 15:31:41,clusterB,7,4,4,0,1.00,0.5,0.5,0.0,0.0,0.0
2025-11-24 15:32:02,clusterA,7,3,3,0,1.00,0.5,0.5,0.0,0.0,0.0
2025-11-24 15:32:02,cluster_A,7,1,1,0,1.00,0.5,0.5,0.0,0.0,0.0
2025-11-24 15:32:02,clusterB,7,4,4,0,1.00,0.5,0.5,0.0,0.0,0.0
2025-11-24 15:32:23,clusterA,7,3,3,0,1.00,0.5,0.5,0.0,0.0,0.0
2025-11-24 15:32:23,cluster_A,7,1,1,0,1.00,0.5,0.5,0.0,0.0,0.0
2025-11-24 15:32:23,clusterB,7,4,4,0,1.00,0.5,0.5,0.0,0.0,0.0
2025-11-24 15:32:44,clusterA,7,3,3,0,1.00,0.5,0.5,0.0,0.0,0.0
2025-11-24 15:32:44,cluster_A,7,1,1,0,1.00,0.5,0.5,0.0,0.0,0.0
2025-11-24 15:32:44,clusterB,7,4,4,0,1.00,0.5,0.5,0.0,0.0,0.0
2025-11-24 15:33:05,clusterA,7,3,3,0,1.00,0.5,0.5,0.0,0.0,0.0
2025-11-24 15:33:05,cluster_A,7,1,1,0,1.00,0.5,0.5,0.0,0.0,0.0
2025-11-24 15:33:05,clusterB,7,4,4,0,1.00,0.5,0.5,0.0,0.0,0.0
2025-11-24 15:33:26,clusterA,7,3,3,0,1.00,0.5,0.5,0.0,0.0,0.0
2025-11-24 15:33:26,cluster_A,7,1,1,0,1.00,0.5,0.5,0.0,0.0,0.0
2025-11-24 15:33:26,clusterB,7,4,4,0,1.00,0.5,0.5,0.0,0.0,0.0
2025-11-24 15:33:48,clusterA,7,3,3,0,1.00,0.5,0.5,0.0,0.0,0.0
2025-11-24 15:33:48,cluster_A,7,1,1,0,1.00,0.5,0.5,0.0,0.0,0.0
2025-11-24 15:33:48,clusterB,7,4,4,0,1.00,0.5,0.5,0.0,0.0,0.0
2025-11-24 15:34:09,clusterA,7,3,3,0,1.00,0.5,0.5,0.0,0.0,0.0
2025-11-24 15:34:09,cluster_A,7,1,1,0,1.00,0.5,0.5,0.0,0.0,0.0
2025-11-24 15:34:09,clusterB,7,4,4,0,1.00,0.5,0.5,0.0,0.0,0.0
2025-11-24 15:34:30,clusterA,7,3,3,0,1.00,0.5,0.5,0.0,0.0,0.0
2025-11-24 15:34:30,cluster_A,7,1,1,0,1.00,0.5,0.5,0.0,0.0,0.0
2025-11-24 15:34:30,clusterB,7,4,4,0,1.00,0.5,0.5,0.0,0.0,0.0
2025-11-24 15:34:51,clusterA,7,3,3,0,1.00,0.5,0.5,0.0,0.0,0.0
2025-11-24 15:34:51,cluster_A,7,1,1,0,1.00,0.5,0.5,0.0,0.0,0.0
2025-11-24 15:34:51,clusterB,7,4,4,0,1.00,0.5,0.5,0.0,0.0,0.0
2025-11-24 15:35:12,clusterA,7,3,3,0,1.00,0.5,0.5,0.0,0.0,0.0
2025-11-24 15:35:12,cluster_A,7,1,1,0,1.00,0.5,0.5,0.0,0.0,0.0
2025-11-24 15:35:12,clusterB,7,4,4,0,1.00,0.5,0.5,0.0,0.0,0.0
2025-11-24 15:35:34,clusterA,7,3,3,0,1.00,0.5,0.5,0.0,0.0,0.0
2025-11-24 15:35:34,cluster_A,7,1,1,0,1.00,0.5,0.5,0.0,0.0,0.0
2025-11-24 15:35:34,clusterB,7,4,4,0,1.00,0.5,0.5,0.0,0.0,0.0
2025-11-24 15:35:55,clusterA,7,3,3,0,1.00,0.5,0.5,0.0,0.0,0.0
2025-11-24 15:35:55,cluster_A,7,1,1,0,1.00,0.5,0.5,0.0,0.0,0.0
2025-11-24 15:35:55,clusterB,7,4,4,0,1.00,0.5,0.5,0.0,0.0,0.0
2025-11-24 15:36:17,clusterA,7,3,3,0,1.00,0.5,0.5,0.0,0.0,0.0
2025-11-24 15:36:17,cluster_A,7,1,1,0,1.00,0.5,0.5,0.0,0.0,0.0
2025-11-24 15:36:17,clusterB,7,4,4,0,1.00,0.5,0.5,0.0,0.0,0.0
2025-11-24 15:36:38,clusterA,7,3,3,0,1.00,0.5,0.5,0.0,0.0,0.0
2025-11-24 15:36:38,cluster_A,7,1,1,0,1.00,0.5,0.5,0.0,0.0,0.0
2025-11-24 15:36:38,clusterB,7,4,4,0,1.00,0.5,0.5,0.0,0.0,0.0
2025-11-24 15:36:59,clusterA,7,3,3,0,1.00,0.5,0.5,0.0,0.0,0.0
2025-11-24 15:36:59,cluster_A,7,1,1,0,1.00,0.5,0.5,0.0,0.0,0.0
2025-11-24 15:36:59,clusterB,7,4,4,0,1.00,0.5,0.5,0.0,0.0,0.0
2025-11-24 15:37:20,clusterA,7,3,3,0,1.00,0.5,0.5,0.0,0.0,0.0
2025-11-24 15:37:20,cluster_A,7,1,1,0,1.00,0.5,0.5,0.0,0.0,0.0
2025-11-24 15:37:20,clusterB,7,4,4,0,1.00,0.5,0.5,0.0,0.0,0.0
2025-11-24 15:37:42,clusterA,7,3,3,0,1.00,0.5,0.5,0.0,0.0,0.0
2025-11-24 15:37:42,cluster_A,7,1,1,0,1.00,0.5,0.5,0.0,0.0,0.0
2025-11-24 15:37:42,clusterB,7,4,4,0,1.00,0.5,0.5,0.0,0.0,0.0
2025-11-24 15:38:03,clusterA,7,3,3,0,1.00,0.5,0.5,0.0,0.0,0.0
2025-11-24 15:38:03,cluster_A,7,1,1,0,1.00,0.5,0.5,0.0,0.0,0.0
2025-11-24 15:38:03,clusterB,7,4,4,0,1.00,0.5,0.5,0.0,0.0,0.0
2025-11-24 15:38:24,clusterA,7,3,3,0,1.00,0.5,0.5,0.0,0.0,0.0
2025-11-24 15:38:24,cluster_A,7,1,1,0,1.00,0.5,0.5,0.0,0.0,0.0
2025-11-24 15:38:24,clusterB,7,4,4,0,1.00,0.5,0.5,0.0,0.0,0.0
2025-11-24 15:38:45,clusterA,7,3,3,0,1.00,0.5,0.5,0.0,0.0,0.0
2025-11-24 15:38:45,cluster_A,7,1,1,0,1.00,0.5,0.5,0.0,0.0,0.0
2025-11-24 15:38:45,clusterB,7,4,4,0,1.00,0.5,0.5,0.0,0.0,0.0
2025-11-24 15:39:07,clusterA,7,3,3,0,1.00,0.5,0.5,0.0,0.0,0.0
2025-11-24 15:39:07,cluster_A,7,1,1,0,1.00,0.5,0.5,0.0,0.0,0.0
2025-11-24 15:39:07,clusterB,7,4,4,0,1.00,0.5,0.5,0.0,0.0,0.0
2025-11-24 15:39:28,clusterA,7,3,3,0,1.00,0.5,0.5,0.0,0.0,0.0
2025-11-24 15:39:28,cluster_A,7,1,1,0,1.00,0.5,0.5,0.0,0.0,0.0
2025-11-24 15:39:28,clusterB,7,4,4,0,1.00,0.5,0.5,0.0,0.0,0.0
2025-11-24 15:39:49,clusterA,7,3,3,0,1.00,0.5,0.5,0.0,0.0,0.0
2025-11-24 15:39:49,cluster_A,7,1,1,0,1.00,0.5,0.5,0.0,0.0,0.0
2025-11-24 15:39:49,clusterB,7,4,4,0,1.00,0.5,0.5,0.0,0.0,0.0
2025-11-24 15:40:10,clusterA,7,3,3,0,1.00,0.5,0.5,0.0,0.0,0.0
2025-11-24 15:40:10,cluster_A,7,1,1,0,1.00,0.5,0.5,0.0,0.0,0.0
2025-11-24 15:40:10,clusterB,7,4,4,0,1.00,0.5,0.5,0.0,0.0,0.0
2025-11-24 15:40:32,clusterA,7,3,3,0,1.00,0.5,0.5,0.0,0.0,0.0
2025-11-24 15:40:32,cluster_A,7,1,1,0,1.00,0.5,0.5,0.0,0.0,0.0
2025-11-24 15:40:32,clusterB,7,4,4,0,1.00,0.5,0.5,0.0,0.0,0.0
2025-11-24 15:40:53,clusterA,7,3,3,0,1.00,0.5,0.5,0.0,0.0,0.0
2025-11-24 15:40:53,cluster_A,7,1,1,0,1.00,0.5,0.5,0.0,0.0,0.0
2025-11-24 15:40:53,clusterB,7,4,4,0,1.00,0.5,0.5,0.0,0.0,0.0
2025-11-24 15:41:15,clusterA,7,3,3,0,1.00,0.5,0.5,0.0,0.0,0.0
2025-11-24 15:41:15,cluster_A,7,1,1,0,1.00,0.5,0.5,0.0,0.0,0.0
2025-11-24 15:41:15,clusterB,7,4,4,0,1.00,0.5,0.5,0.0,0.0,0.0
2025-11-24 15:41:36,clusterA,7,3,3,0,1.00,0.5,0.5,0.0,0.0,0.0
2025-11-24 15:41:36,cluster_A,7,1,1,0,1.00,0.5,0.5,0.0,0.0,0.0
2025-11-24 15:41:36,clusterB,7,4,4,0,1.00,0.5,0.5,0.0,0.0,0.0
2025-11-24 15:41:58,clusterA,7,3,3,0,1.00,0.5,0.5,0.0,0.0,0.0
2025-11-24 15:41:58,cluster_A,7,1,1,0,1.00,0.5,0.5,0.0,0.0,0.0
2025-11-24 15:41:58,clusterB,7,4,4,0,1.00,0.5,0.5,0.0,0.0,0.0
2025-11-24 15:42:19,clusterA,7,3,3,0,1.00,0.5,0.5,0.0,0.0,0.0
2025-11-24 15:42:19,cluster_A,7,1,1,0,1.00,0.5,0.5,0.0,0.0,0.0
2025-11-24 15:42:19,clusterB,7,4,4,0,1.00,0.5,0.5,0.0,0.0,0.0
2025-11-24 15:42:40,clusterA,7,3,3,0,1.00,0.5,0.5,0.0,0.0,0.0
2025-11-24 15:42:40,cluster_A,7,1,1,0,1.00,0.5,0.5,0.0,0.0,0.0
2025-11-24 15:42:40,clusterB,7,4,4,0,1.00,0.5,0.5,0.0,0.0,0.0
2025-11-24 15:43:01,clusterA,7,3,3,0,1.00,0.5,0.5,0.0,0.0,0.0
2025-11-24 15:43:01,cluster_A,7,1,1,0,1.00,0.5,0.5,0.0,0.0,0.0
2025-11-24 15:43:01,clusterB,7,4,4,0,1.00,0.5,0.5,0.0,0.0,0.0
2025-11-24 15:43:22,clusterA,7,3,3,0,1.00,0.5,0.5,0.0,0.0,0.0
2025-11-24 15:43:22,cluster_A,7,1,1,0,1.00,0.5,0.5,0.0,0.0,0.0
2025-11-24 15:43:22,clusterB,7,4,4,0,1.00,0.5,0.5,0.0,0.0,0.0
2025-11-24 15:43:43,clusterA,7,3,3,0,1.00,0.5,0.5,0.0,0.0,0.0
2025-11-24 15:43:43,cluster_A,7,1,1,0,1.00,0.5,0.5,0.0,0.0,0.0
2025-11-24 15:43:43,clusterB,7,4,4,0,1.00,0.5,0.5,0.0,0.0,0.0
2025-11-24 15:44:05,clusterA,7,3,3,0,1.00,0.5,0.5,0.0,0.0,0.0
2025-11-24 15:44:05,cluster_A,7,1,1,0,1.00,0.5,0.5,0.0,0.0,0.0
2025-11-24 15:44:05,clusterB,7,4,4,0,1.00,0.5,0.5,0.0,0.0,0.0
2025-11-24 15:44:26,clusterA,7,3,3,0,1.00,0.5,0.5,0.0,0.0,0.0
2025-11-24 15:44:26,cluster_A,7,1,1,0,1.00,0.5,0.5,0.0,0.0,0.0
2025-11-24 15:44:26,clusterB,7,4,4,0,1.00,0.5,0.5,0.0,0.0,0.0
2025-11-24 15:44:48,clusterA,7,3,3,0,1.00,0.5,0.5,0.0,0.0,0.0
2025-11-24 15:44:48,cluster_A,7,1,1,0,1.00,0.5,0.5,0.0,0.0,0.0
2025-11-24 15:44:48,clusterB,7,4,4,0,1.00,0.5,0.5,0.0,0.0,0.0
2025-11-24 15:45:09,clusterA,7,3,3,0,1.00,0.5,0.5,0.0,0.0,0.0
2025-11-24 15:45:09,cluster_A,7,1,1,0,1.00,0.5,0.5,0.0,0.0,0.0
2025-11-24 15:45:09,clusterB,7,4,4,0,1.00,0.5,0.5,0.0,0.0,0.0
2025-11-24 15:45:31,clusterA,7,3,3,0,1.00,0.5,0.5,0.0,0.0,0.0
2025-11-24 15:45:31,cluster_A,7,1,1,0,1.00,0.5,0.5,0.0,0.0,0.0
2025-11-24 15:45:31,clusterB,7,4,4,0,1.00,0.5,0.5,0.0,0.0,0.0
2025-11-24 15:45:52,clusterA,7,3,3,0,1.00,0.5,0.5,0.0,0.0,0.0
2025-11-24 15:45:52,cluster_A,7,1,1,0,1.00,0.5,0.5,0.0,0.0,0.0
2025-11-24 15:45:52,clusterB,7,4,4,0,1.00,0.5,0.5,0.0,0.0,0.0
2025-11-24 15:46:13,clusterA,7,3,3,0,1.00,0.5,0.5,0.0,0.0,0.0
2025-11-24 15:46:13,cluster_A,7,1,1,0,1.00,0.5,0.5,0.0,0.0,0.0
2025-11-24 15:46:13,clusterB,7,4,4,0,1.00,0.5,0.5,0.0,0.0,0.0
2025-11-24 15:46:34,clusterA,7,3,3,0,1.00,0.5,0.5,0.0,0.0,0.0
2025-11-24 15:46:34,cluster_A,7,1,1,0,1.00,0.5,0.5,0.0,0.0,0.0
2025-11-24 15:46:34,clusterB,7,4,4,0,1.00,0.5,0.5,0.0,0.0,0.0
2025-11-24 15:46:55,clusterA,7,3,3,0,1.00,0.5,0.5,0.0,0.0,0.0
2025-11-24 15:46:55,cluster_A,7,1,1,0,1.00,0.5,0.5,0.0,0.0,0.0
2025-11-24 15:46:55,clusterB,7,4,4,0,1.00,0.5,0.5,0.0,0.0,0.0
2025-11-24 15:47:17,clusterA,7,3,3,0,1.00,0.5,0.5,0.0,0.0,0.0
2025-11-24 15:47:17,cluster_A,7,1,1,0,1.00,0.5,0.5,0.0,0.0,0.0
2025-11-24 15:47:17,clusterB,7,4,4,0,1.00,0.5,0.5,0.0,0.0,0.0
2025-11-24 15:47:38,clusterA,7,3,3,0,1.00,0.5,0.5,0.0,0.0,0.0
2025-11-24 15:47:38,cluster_A,7,1,1,0,1.00,0.5,0.5,0.0,0.0,0.0
2025-11-24 15:47:38,clusterB,7,4,4,0,1.00,0.5,0.5,0.0,0.0,0.0
2025-11-24 15:47:59,clusterA,7,3,3,0,1.00,0.5,0.5,0.0,0.0,0.0
2025-11-24 15:47:59,cluster_A,7,1,1,0,1.00,0.5,0.5,0.0,0.0,0.0
2025-11-24 15:47:59,clusterB,7,4,4,0,1.00,0.5,0.5,0.0,0.0,0.0
2025-11-24 15:48:21,clusterA,7,3,3,0,1.00,0.5,0.5,0.0,0.0,0.0
2025-11-24 15:48:21,cluster_A,7,1,1,0,1.00,0.5,0.5,0.0,0.0,0.0
2025-11-24 15:48:21,clusterB,7,4,4,0,1.00,0.5,0.5,0.0,0.0,0.0
2025-11-24 15:48:42,clusterA,7,3,3,0,1.00,0.5,0.5,0.0,0.0,0.0
2025-11-24 15:48:42,cluster_A,7,1,1,0,1.00,0.5,0.5,0.0,0.0,0.0
2025-11-24 15:48:42,clusterB,7,4,4,0,1.00,0.5,0.5,0.0,0.0,0.0
2025-11-24 15:49:03,clusterA,7,3,3,0,1.00,0.5,0.5,0.0,0.0,0.0
2025-11-24 15:49:03,cluster_A,7,1,1,0,1.00,0.5,0.5,0.0,0.0,0.0
2025-11-24 15:49:03,clusterB,7,4,4,0,1.00,0.5,0.5,0.0,0.0,0.0
2025-11-24 15:49:24,clusterA,7,3,3,0,1.00,0.5,0.5,0.0,0.0,0.0
2025-11-24 15:49:24,cluster_A,7,1,1,0,1.00,0.5,0.5,0.0,0.0,0.0
2025-11-24 15:49:24,clusterB,7,4,4,0,1.00,0.5,0.5,0.0,0.0,0.0
2025-11-24 15:49:45,clusterA,7,3,3,0,1.00,0.5,0.5,0.0,0.0,0.0
2025-11-24 15:49:45,cluster_A,7,1,1,0,1.00,0.5,0.5,0.0,0.0,0.0
2025-11-24 15:49:45,clusterB,7,4,4,0,1.00,0.5,0.5,0.0,0.0,0.0
2025-11-24 15:50:06,clusterA,7,3,3,0,1.00,0.5,0.5,0.0,0.0,0.0
2025-11-24 15:50:06,cluster_A,7,1,1,0,1.00,0.5,0.5,0.0,0.0,0.0
2025-11-24 15:50:06,clusterB,7,4,4,0,1.00,0.5,0.5,0.0,0.0,0.0
2025-11-24 15:50:28,clusterA,7,3,3,0,1.00,0.5,0.5,0.0,0.0,0.0
2025-11-24 15:50:28,cluster_A,7,1,1,0,1.00,0.5,0.5,0.0,0.0,0.0
2025-11-24 15:50:28,clusterB,7,4,4,0,1.00,0.5,0.5,0.0,0.0,0.0
2025-11-24 15:50:50,clusterA,7,3,3,0,1.00,0.5,0.5,0.0,0.0,0.0
2025-11-24 15:50:50,cluster_A,7,1,1,0,1.00,0.5,0.5,0.0,0.0,0.0
2025-11-24 15:50:50,clusterB,7,4,4,0,1.00,0.5,0.5,0.0,0.0,0.0
2025-11-24 15:51:12,clusterA,7,3,3,0,1.00,0.5,0.5,0.0,0.0,0.0
2025-11-24 15:51:12,cluster_A,7,1,1,0,1.00,0.5,0.5,0.0,0.0,0.0
2025-11-24 15:51:12,clusterB,7,4,4,0,1.00,0.5,0.5,0.0,0.0,0.0
2025-11-24 15:51:32,clusterA,7,3,3,0,1.00,0.5,0.5,0.0,0.0,0.0
2025-11-24 15:51:32,cluster_A,7,1,1,0,1.00,0.5,0.5,0.0,0.0,0.0
2025-11-24 15:51:32,clusterB,7,4,4,0,1.00,0.5,0.5,0.0,0.0,0.0
2025-11-24 15:51:53,clusterA,7,3,3,0,1.00,0.5,0.5,0.0,0.0,0.0
2025-11-24 15:51:53,cluster_A,7,1,1,0,1.00,0.5,0.5,0.0,0.0,0.0
2025-11-24 15:51:53,clusterB,7,4,4,0,1.00,0.5,0.5,0.0,0.0,0.0
2025-11-24 15:52:15,clusterA,7,3,3,0,1.00,0.5,0.5,0.0,0.0,0.0
2025-11-24 15:52:15,cluster_A,7,1,1,0,1.00,0.5,0.5,0.0,0.0,0.0
2025-11-24 15:52:15,clusterB,7,4,4,0,1.00,0.5,0.5,0.0,0.0,0.0
2025-11-24 15:52:36,clusterA,7,3,3,0,1.00,0.5,0.5,0.0,0.0,0.0
2025-11-24 15:52:36,cluster_A,7,1,1,0,1.00,0.5,0.5,0.0,0.0,0.0
2025-11-24 15:52:36,clusterB,7,4,4,0,1.00,0.5,0.5,0.0,0.0,0.0
2025-11-24 15:52:57,clusterA,7,3,3,0,1.00,0.5,0.5,0.0,0.0,0.0
2025-11-24 15:52:57,cluster_A,7,1,1,0,1.00,0.5,0.5,0.0,0.0,0.0
2025-11-24 15:52:57,clusterB,7,4,4,0,1.00,0.5,0.5,0.0,0.0,0.0
2025-11-24 15:53:19,clusterA,7,3,3,0,1.00,0.5,0.5,0.0,0.0,0.0
2025-11-24 15:53:19,cluster_A,7,1,1,0,1.00,0.5,0.5,0.0,0.0,0.0
2025-11-24 15:53:19,clusterB,7,4,4,0,1.00,0.5,0.5,0.0,0.0,0.0
2025-11-24 15:53:40,clusterA,7,3,3,0,1.00,0.5,0.5,0.0,0.0,0.0
2025-11-24 15:53:40,cluster_A,7,1,1,0,1.00,0.5,0.5,0.0,0.0,0.0
2025-11-24 15:53:40,clusterB,7,4,4,0,1.00,0.5,0.5,0.0,0.0,0.0
2025-11-24 15:54:01,clusterA,7,3,3,0,1.00,0.5,0.5,0.0,0.0,0.0
2025-11-24 15:54:01,cluster_A,7,1,1,0,1.00,0.5,0.5,0.0,0.0,0.0
2025-11-24 15:54:01,clusterB,7,4,4,0,1.00,0.5,0.5,0.0,0.0,0.0
2025-11-24 15:54:22,clusterA,7,3,3,0,1.00,0.5,0.5,0.0,0.0,0.0
2025-11-24 15:54:22,cluster_A,7,1,1,0,1.00,0.5,0.5,0.0,0.0,0.0
2025-11-24 15:54:22,clusterB,7,4,4,0,1.00,0.5,0.5,0.0,0.0,0.0
2025-11-24 15:54:44,clusterA,7,3,3,0,1.00,0.5,0.5,0.0,0.0,0.0
2025-11-24 15:54:44,cluster_A,7,1,1,0,1.00,0.5,0.5,0.0,0.0,0.0
2025-11-24 15:54:44,clusterB,7,4,4,0,1.00,0.5,0.5,0.0,0.0,0.0
2025-11-24 15:55:05,clusterA,7,3,3,0,1.00,0.5,0.5,0.0,0.0,0.0
2025-11-24 15:55:05,cluster_A,7,1,1,0,1.00,0.5,0.5,0.0,0.0,0.0
2025-11-24 15:55:05,clusterB,7,4,4,0,1.00,0.5,0.5,0.0,0.0,0.0
2025-11-24 15:55:26,clusterA,7,3,3,0,1.00,0.5,0.5,0.0,0.0,0.0
2025-11-24 15:55:26,cluster_A,7,1,1,0,1.00,0.5,0.5,0.0,0.0,0.0
2025-11-24 15:55:26,clusterB,7,4,4,0,1.00,0.5,0.5,0.0,0.0,0.0
2025-11-24 15:55:47,clusterA,7,3,3,0,1.00,0.5,0.5,0.0,0.0,0.0
2025-11-24 15:55:47,cluster_A,7,1,1,0,1.00,0.5,0.5,0.0,0.0,0.0
2025-11-24 15:55:47,clusterB,7,4,4,0,1.00,0.5,0.5,0.0,0.0,0.0
2025-11-24 15:56:08,clusterA,7,3,3,0,1.00,0.5,0.5,0.0,0.0,0.0
2025-11-24 15:56:08,cluster_A,7,1,1,0,1.00,0.5,0.5,0.0,0.0,0.0
2025-11-24 15:56:08,clusterB,7,4,4,0,1.00,0.5,0.5,0.0,0.0,0.0
2025-11-24 15:56:30,clusterA,7,3,3,0,1.00,0.5,0.5,0.0,0.0,0.0
2025-11-24 15:56:30,cluster_A,7,1,1,0,1.00,0.5,0.5,0.0,0.0,0.0
2025-11-24 15:56:30,clusterB,7,4,4,0,1.00,0.5,0.5,0.0,0.0,0.0
2025-11-24 15:56:52,clusterA,7,3,3,0,1.00,0.5,0.5,0.0,0.0,0.0
2025-11-24 15:56:52,cluster_A,7,1,1,0,1.00,0.5,0.5,0.0,0.0,0.0
2025-11-24 15:56:52,clusterB,7,4,4,0,1.00,0.5,0.5,0.0,0.0,0.0
2025-11-24 15:57:13,clusterA,7,3,3,0,1.00,0.5,0.5,0.0,0.0,0.0
2025-11-24 15:57:13,cluster_A,7,1,1,0,1.00,0.5,0.5,0.0,0.0,0.0
2025-11-24 15:57:13,clusterB,7,4,4,0,1.00,0.5,0.5,0.0,0.0,0.0
2025-11-24 15:57:34,clusterA,7,3,3,0,1.00,0.5,0.5,0.0,0.0,0.0
2025-11-24 15:57:34,cluster_A,7,1,1,0,1.00,0.5,0.5,0.0,0.0,0.0
2025-11-24 15:57:34,clusterB,7,4,4,0,1.00,0.5,0.5,0.0,0.0,0.0
2025-11-24 15:57:56,clusterA,7,3,3,0,1.00,0.5,0.5,0.0,0.0,0.0
2025-11-24 15:57:56,cluster_A,7,1,1,0,1.00,0.5,0.5,0.0,0.0,0.0
2025-11-24 15:57:56,clusterB,7,4,4,0,1.00,0.5,0.5,0.0,0.0,0.0
2025-11-24 15:58:17,clusterA,7,3,3,0,1.00,0.5,0.5,0.0,0.0,0.0
2025-11-24 15:58:17,cluster_A,7,1,1,0,1.00,0.5,0.5,0.0,0.0,0.0
2025-11-24 15:58:17,clusterB,7,4,4,0,1.00,0.5,0.5,0.0,0.0,0.0
2025-11-24 15:58:38,clusterA,7,3,3,0,1.00,0.5,0.5,0.0,0.0,0.0
2025-11-24 15:58:38,cluster_A,7,1,1,0,1.00,0.5,0.5,0.0,0.0,0.0
2025-11-24 15:58:38,clusterB,7,4,4,0,1.00,0.5,0.5,0.0,0.0,0.0
2025-11-24 15:59:00,clusterA,7,3,3,0,1.00,0.5,0.5,0.0,0.0,0.0
2025-11-24 15:59:00,cluster_A,7,1,1,0,1.00,0.5,0.5,0.0,0.0,0.0
2025-11-24 15:59:00,clusterB,7,4,4,0,1.00,0.5,0.5,0.0,0.0,0.0
2025-11-24 15:59:21,clusterA,7,3,3,0,1.00,0.5,0.5,0.0,0.0,0.0
2025-11-24 15:59:21,cluster_A,7,1,1,0,1.00,0.5,0.5,0.0,0.0,0.0
2025-11-24 15:59:21,clusterB,7,4,4,0,1.00,0.5,0.5,0.0,0.0,0.0
2025-11-24 15:59:42,clusterA,7,3,3,0,1.00,0.5,0.5,0.0,0.0,0.0
2025-11-24 15:59:42,cluster_A,7,1,1,0,1.00,0.5,0.5,0.0,0.0,0.0
2025-11-24 15:59:42,clusterB,7,4,4,0,1.00,0.5,0.5,0.0,0.0,0.0
2025-11-24 16:00:03,clusterA,7,3,3,0,1.00,0.5,0.5,0.0,0.0,0.0
2025-11-24 16:00:03,cluster_A,7,1,1,0,1.00,0.5,0.5,0.0,0.0,0.0
2025-11-24 16:00:03,clusterB,7,4,4,0,1.00,0.5,0.5,0.0,0.0,0.0
2025-11-24 16:00:24,clusterA,7,3,3,0,1.00,0.5,0.5,0.0,0.0,0.0
2025-11-24 16:00:24,cluster_A,7,1,1,0,1.00,0.5,0.5,0.0,0.0,0.0
2025-11-24 16:00:24,clusterB,7,4,4,0,1.00,0.5,0.5,0.0,0.0,0.0
2025-11-24 16:00:45,clusterA,7,3,3,0,1.00,0.5,0.5,0.0,0.0,0.0
2025-11-24 16:00:45,cluster_A,7,1,1,0,1.00,0.5,0.5,0.0,0.0,0.0
2025-11-24 16:00:45,clusterB,7,4,4,0,1.00,0.5,0.5,0.0,0.0,0.0
2025-11-24 16:01:06,clusterA,7,3,3,0,1.00,0.5,0.5,0.0,0.0,0.0
2025-11-24 16:01:06,cluster_A,7,1,1,0,1.00,0.5,0.5,0.0,0.0,0.0
2025-11-24 16:01:06,clusterB,7,4,4,0,1.00,0.5,0.5,0.0,0.0,0.0
2025-11-24 16:01:28,clusterA,7,3,3,0,1.00,0.5,0.5,0.0,0.0,0.0
2025-11-24 16:01:28,cluster_A,7,1,1,0,1.00,0.5,0.5,0.0,0.0,0.0
2025-11-24 16:01:28,clusterB,7,4,4,0,1.00,0.5,0.5,0.0,0.0,0.0
2025-11-24 16:01:49,clusterA,7,3,3,0,1.00,0.5,0.5,0.0,0.0,0.0
2025-11-24 16:01:49,cluster_A,7,1,1,0,1.00,0.5,0.5,0.0,0.0,0.0
2025-11-24 16:01:49,clusterB,7,4,4,0,1.00,0.5,0.5,0.0,0.0,0.0
2025-11-24 16:02:10,clusterA,7,3,3,0,1.00,0.5,0.5,0.0,0.0,0.0
2025-11-24 16:02:10,cluster_A,7,1,1,0,1.00,0.5,0.5,0.0,0.0,0.0
2025-11-24 16:02:10,clusterB,7,4,4,0,1.00,0.5,0.5,0.0,0.0,0.0
2025-11-24 16:02:32,clusterA,7,3,3,0,1.00,0.5,0.5,0.0,0.0,0.0
2025-11-24 16:02:32,cluster_A,7,1,1,0,1.00,0.5,0.5,0.0,0.0,0.0
2025-11-24 16:02:32,clusterB,7,4,4,0,1.00,0.5,0.5,0.0,0.0,0.0
2025-11-24 16:02:53,clusterA,7,3,3,0,1.00,0.5,0.5,0.0,0.0,0.0
2025-11-24 16:02:53,cluster_A,7,1,1,0,1.00,0.5,0.5,0.0,0.0,0.0
2025-11-24 16:02:53,clusterB,7,4,4,0,1.00,0.5,0.5,0.0,0.0,0.0
2025-11-24 16:03:14,clusterA,7,3,3,0,1.00,0.5,0.5,0.0,0.0,0.0
2025-11-24 16:03:14,cluster_A,7,1,1,0,1.00,0.5,0.5,0.0,0.0,0.0
2025-11-24 16:03:14,clusterB,7,4,4,0,1.00,0.5,0.5,0.0,0.0,0.0
2025-11-24 16:03:36,clusterA,7,3,3,0,1.00,0.5,0.5,0.0,0.0,0.0
2025-11-24 16:03:36,cluster_A,7,1,1,0,1.00,0.5,0.5,0.0,0.0,0.0
2025-11-24 16:03:36,clusterB,7,4,4,0,1.00,0.5,0.5,0.0,0.0,0.0
2025-11-24 16:03:57,clusterA,7,3,3,0,1.00,0.5,0.5,0.0,0.0,0.0
2025-11-24 16:03:57,cluster_A,7,1,1,0,1.00,0.5,0.5,0.0,0.0,0.0
2025-11-24 16:03:57,clusterB,7,4,4,0,1.00,0.5,0.5,0.0,0.0,0.0
2025-11-24 16:04:18,clusterA,7,3,3,0,1.00,0.5,0.5,0.0,0.0,0.0
2025-11-24 16:04:18,cluster_A,7,1,1,0,1.00,0.5,0.5,0.0,0.0,0.0
2025-11-24 16:04:18,clusterB,7,4,4,0,1.00,0.5,0.5,0.0,0.0,0.0
2025-11-24 16:04:39,clusterA,7,3,3,0,1.00,0.5,0.5,0.0,0.0,0.0
2025-11-24 16:04:39,cluster_A,7,1,1,0,1.00,0.5,0.5,0.0,0.0,0.0
2025-11-24 16:04:39,clusterB,7,4,4,0,1.00,0.5,0.5,0.0,0.0,0.0
2025-11-24 16:05:00,clusterA,7,3,3,0,1.00,0.5,0.5,0.0,0.0,0.0
2025-11-24 16:05:00,cluster_A,7,1,1,0,1.00,0.5,0.5,0.0,0.0,0.0
2025-11-24 16:05:00,clusterB,7,4,4,0,1.00,0.5,0.5,0.0,0.0,0.0
2025-11-24 16:05:21,clusterA,7,3,3,0,1.00,0.5,0.5,0.0,0.0,0.0
2025-11-24 16:05:21,cluster_A,7,1,1,0,1.00,0.5,0.5,0.0,0.0,0.0
2025-11-24 16:05:21,clusterB,7,4,4,0,1.00,0.5,0.5,0.0,0.0,0.0
2025-11-24 16:05:43,clusterA,7,3,3,0,1.00,0.5,0.5,0.0,0.0,0.0
2025-11-24 16:05:43,cluster_A,7,1,1,0,1.00,0.5,0.5,0.0,0.0,0.0
2025-11-24 16:05:43,clusterB,7,4,4,0,1.00,0.5,0.5,0.0,0.0,0.0
2025-11-24 16:06:05,clusterA,7,3,3,0,1.00,0.5,0.5,0.0,0.0,0.0
2025-11-24 16:06:05,cluster_A,7,1,1,0,1.00,0.5,0.5,0.0,0.0,0.0
2025-11-24 16:06:05,clusterB,7,4,4,0,1.00,0.5,0.5,0.0,0.0,0.0
2025-11-24 16:06:26,clusterA,7,3,3,0,1.00,0.5,0.5,0.0,0.0,0.0
2025-11-24 16:06:26,cluster_A,7,1,1,0,1.00,0.5,0.5,0.0,0.0,0.0
2025-11-24 16:06:26,clusterB,7,4,4,0,1.00,0.5,0.5,0.0,0.0,0.0
2025-11-24 16:06:47,clusterA,7,3,3,0,1.00,0.5,0.5,0.0,0.0,0.0
2025-11-24 16:06:47,cluster_A,7,1,1,0,1.00,0.5,0.5,0.0,0.0,0.0
2025-11-24 16:06:47,clusterB,7,4,4,0,1.00,0.5,0.5,0.0,0.0,0.0
2025-11-24 16:07:09,clusterA,7,3,3,0,1.00,0.5,0.5,0.0,0.0,0.0
2025-11-24 16:07:09,cluster_A,7,1,1,0,1.00,0.5,0.5,0.0,0.0,0.0
2025-11-24 16:07:09,clusterB,7,4,4,0,1.00,0.5,0.5,0.0,0.0,0.0
2025-11-24 16:07:30,clusterA,7,3,3,0,1.00,0.5,0.5,0.0,0.0,0.0
2025-11-24 16:07:30,cluster_A,7,1,1,0,1.00,0.5,0.5,0.0,0.0,0.0
2025-11-24 16:07:30,clusterB,7,4,4,0,1.00,0.5,0.5,0.0,0.0,0.0
2025-11-24 16:07:52,clusterA,7,3,3,0,1.00,0.5,0.5,0.0,0.0,0.0
2025-11-24 16:07:52,cluster_A,7,1,1,0,1.00,0.5,0.5,0.0,0.0,0.0
2025-11-24 16:07:52,clusterB,7,4,4,0,1.00,0.5,0.5,0.0,0.0,0.0
2025-11-24 16:08:13,clusterA,7,3,3,0,1.00,0.5,0.5,0.0,0.0,0.0
2025-11-24 16:08:13,cluster_A,7,1,1,0,1.00,0.5,0.5,0.0,0.0,0.0
2025-11-24 16:08:13,clusterB,7,4,4,0,1.00,0.5,0.5,0.0,0.0,0.0
2025-11-24 16:08:34,clusterA,7,3,3,0,1.00,0.5,0.5,0.0,0.0,0.0
2025-11-24 16:08:34,cluster_A,7,1,1,0,1.00,0.5,0.5,0.0,0.0,0.0
2025-11-24 16:08:34,clusterB,7,4,4,0,1.00,0.5,0.5,0.0,0.0,0.0
2025-11-24 16:08:56,clusterA,7,3,3,0,1.00,0.5,0.5,0.0,0.0,0.0
2025-11-24 16:08:56,cluster_A,7,1,1,0,1.00,0.5,0.5,0.0,0.0,0.0
2025-11-24 16:08:56,clusterB,7,4,4,0,1.00,0.5,0.5,0.0,0.0,0.0
2025-11-24 16:09:17,clusterA,7,3,3,0,1.00,0.5,0.5,0.0,0.0,0.0
2025-11-24 16:09:17,cluster_A,7,1,1,0,1.00,0.5,0.5,0.0,0.0,0.0
2025-11-24 16:09:17,clusterB,7,4,4,0,1.00,0.5,0.5,0.0,0.0,0.0
2025-11-24 16:09:38,clusterA,7,3,3,0,1.00,0.5,0.5,0.0,0.0,0.0
2025-11-24 16:09:38,cluster_A,7,1,1,0,1.00,0.5,0.5,0.0,0.0,0.0
2025-11-24 16:09:38,clusterB,7,4,4,0,1.00,0.5,0.5,0.0,0.0,0.0
2025-11-24 16:10:00,clusterA,7,3,3,0,1.00,0.5,0.5,0.0,0.0,0.0
2025-11-24 16:10:00,cluster_A,7,1,1,0,1.00,0.5,0.5,0.0,0.0,0.0
2025-11-24 16:10:00,clusterB,7,4,4,0,1.00,0.5,0.5,0.0,0.0,0.0
2025-11-24 16:10:20,clusterA,7,3,3,0,1.00,0.5,0.5,0.0,0.0,0.0
2025-11-24 16:10:20,cluster_A,7,1,1,0,1.00,0.5,0.5,0.0,0.0,0.0
2025-11-24 16:10:20,clusterB,7,4,4,0,1.00,0.5,0.5,0.0,0.0,0.0
2025-11-24 16:10:42,clusterA,7,3,3,0,1.00,0.5,0.5,0.0,0.0,0.0
2025-11-24 16:10:42,cluster_A,7,1,1,0,1.00,0.5,0.5,0.0,0.0,0.0
2025-11-24 16:10:42,clusterB,7,4,4,0,1.00,0.5,0.5,0.0,0.0,0.0
2025-11-24 16:11:03,clusterA,7,3,3,0,1.00,0.5,0.5,0.0,0.0,0.0
2025-11-24 16:11:03,cluster_A,7,1,1,0,1.00,0.5,0.5,0.0,0.0,0.0
2025-11-24 16:11:03,clusterB,7,4,4,0,1.00,0.5,0.5,0.0,0.0,0.0
2025-11-24 16:11:25,clusterA,7,3,3,0,1.00,0.5,0.5,0.0,0.0,0.0
2025-11-24 16:11:25,cluster_A,7,1,1,0,1.00,0.5,0.5,0.0,0.0,0.0
2025-11-24 16:11:25,clusterB,7,4,4,0,1.00,0.5,0.5,0.0,0.0,0.0
2025-11-24 16:11:46,clusterA,7,3,3,0,1.00,0.5,0.5,0.0,0.0,0.0
2025-11-24 16:11:46,cluster_A,7,1,1,0,1.00,0.5,0.5,0.0,0.0,0.0
2025-11-24 16:11:46,clusterB,7,4,4,0,1.00,0.5,0.5,0.0,0.0,0.0
2025-11-24 16:12:07,clusterA,7,3,3,0,1.00,0.5,0.5,0.0,0.0,0.0
2025-11-24 16:12:07,cluster_A,7,1,1,0,1.00,0.5,0.5,0.0,0.0,0.0
2025-11-24 16:12:07,clusterB,7,4,4,0,1.00,0.5,0.5,0.0,0.0,0.0
2025-11-24 16:12:28,clusterA,7,3,3,0,1.00,0.5,0.5,0.0,0.0,0.0
2025-11-24 16:12:28,cluster_A,7,1,1,0,1.00,0.5,0.5,0.0,0.0,0.0
2025-11-24 16:12:28,clusterB,7,4,4,0,1.00,0.5,0.5,0.0,0.0,0.0
2025-11-24 16:12:49,clusterA,7,3,3,0,1.00,0.5,0.5,0.0,0.0,0.0
2025-11-24 16:12:49,cluster_A,7,1,1,0,1.00,0.5,0.5,0.0,0.0,0.0
2025-11-24 16:12:49,clusterB,7,4,4,0,1.00,0.5,0.5,0.0,0.0,0.0
2025-11-24 16:13:11,clusterA,7,3,3,0,1.00,0.5,0.5,0.0,0.0,0.0
2025-11-24 16:13:11,cluster_A,7,1,1,0,1.00,0.5,0.5,0.0,0.0,0.0
2025-11-24 16:13:11,clusterB,7,4,4,0,1.00,0.5,0.5,0.0,0.0,0.0
2025-11-24 16:13:32,clusterA,7,3,3,0,1.00,0.5,0.5,0.0,0.0,0.0
2025-11-24 16:13:32,cluster_A,7,1,1,0,1.00,0.5,0.5,0.0,0.0,0.0
2025-11-24 16:13:32,clusterB,7,4,4,0,1.00,0.5,0.5,0.0,0.0,0.0
2025-11-24 16:13:53,clusterA,7,3,3,0,1.00,0.5,0.5,0.0,0.0,0.0
2025-11-24 16:13:53,cluster_A,7,1,1,0,1.00,0.5,0.5,0.0,0.0,0.0
2025-11-24 16:13:53,clusterB,7,4,4,0,1.00,0.5,0.5,0.0,0.0,0.0
2025-11-24 16:14:14,clusterA,7,3,3,0,1.00,0.5,0.5,0.0,0.0,0.0
2025-11-24 16:14:14,cluster_A,7,1,1,0,1.00,0.5,0.5,0.0,0.0,0.0
2025-11-24 16:14:14,clusterB,7,4,4,0,1.00,0.5,0.5,0.0,0.0,0.0
2025-11-24 16:14:35,clusterA,7,3,3,0,1.00,0.5,0.5,0.0,0.0,0.0
2025-11-24 16:14:35,cluster_A,7,1,1,0,1.00,0.5,0.5,0.0,0.0,0.0
2025-11-24 16:14:35,clusterB,7,4,4,0,1.00,0.5,0.5,0.0,0.0,0.0
2025-11-24 16:14:57,clusterA,7,3,3,0,1.00,0.5,0.5,0.0,0.0,0.0
2025-11-24 16:14:57,cluster_A,7,1,1,0,1.00,0.5,0.5,0.0,0.0,0.0
2025-11-24 16:14:57,clusterB,7,4,4,0,1.00,0.5,0.5,0.0,0.0,0.0
2025-11-24 16:15:18,clusterA,7,3,3,0,1.00,0.5,0.5,0.0,0.0,0.0
2025-11-24 16:15:18,cluster_A,7,1,1,0,1.00,0.5,0.5,0.0,0.0,0.0
2025-11-24 16:15:18,clusterB,7,4,4,0,1.00,0.5,0.5,0.0,0.0,0.0
2025-11-24 16:15:39,clusterA,7,3,3,0,1.00,0.5,0.5,0.0,0.0,0.0
2025-11-24 16:15:39,cluster_A,7,1,1,0,1.00,0.5,0.5,0.0,0.0,0.0
2025-11-24 16:15:39,clusterB,7,4,4,0,1.00,0.5,0.5,0.0,0.0,0.0
2025-11-24 16:16:00,clusterA,7,3,3,0,1.00,0.5,0.5,0.0,0.0,0.0
2025-11-24 16:16:00,cluster_A,7,1,1,0,1.00,0.5,0.5,0.0,0.0,0.0
2025-11-24 16:16:00,clusterB,7,4,4,0,1.00,0.5,0.5,0.0,0.0,0.0
2025-11-24 16:16:22,clusterA,7,3,3,0,1.00,0.5,0.5,0.0,0.0,0.0
2025-11-24 16:16:22,cluster_A,7,1,1,0,1.00,0.5,0.5,0.0,0.0,0.0
2025-11-24 16:16:22,clusterB,7,4,4,0,1.00,0.5,0.5,0.0,0.0,0.0
2025-11-24 16:16:44,clusterA,7,3,3,0,1.00,0.5,0.5,0.0,0.0,0.0
2025-11-24 16:16:44,cluster_A,7,1,1,0,1.00,0.5,0.5,0.0,0.0,0.0
2025-11-24 16:16:44,clusterB,7,4,4,0,1.00,0.5,0.5,0.0,0.0,0.0
2025-11-24 16:17:05,clusterA,7,3,3,0,1.00,0.5,0.5,0.0,0.0,0.0
2025-11-24 16:17:05,cluster_A,7,1,1,0,1.00,0.5,0.5,0.0,0.0,0.0
2025-11-24 16:17:05,clusterB,7,4,4,0,1.00,0.5,0.5,0.0,0.0,0.0
2025-11-24 16:17:26,clusterA,7,3,3,0,1.00,0.5,0.5,0.0,0.0,0.0
2025-11-24 16:17:26,cluster_A,7,1,1,0,1.00,0.5,0.5,0.0,0.0,0.0
2025-11-24 16:17:26,clusterB,7,4,4,0,1.00,0.5,0.5,0.0,0.0,0.0
2025-11-24 16:17:47,clusterA,7,3,3,0,1.00,0.5,0.5,0.0,0.0,0.0
2025-11-24 16:17:47,cluster_A,7,1,1,0,1.00,0.5,0.5,0.0,0.0,0.0
2025-11-24 16:17:47,clusterB,7,4,4,0,1.00,0.5,0.5,0.0,0.0,0.0
2025-11-24 16:18:08,clusterA,7,3,3,0,1.00,0.5,0.5,0.0,0.0,0.0
2025-11-24 16:18:08,cluster_A,7,1,1,0,1.00,0.5,0.5,0.0,0.0,0.0
2025-11-24 16:18:08,clusterB,7,4,4,0,1.00,0.5,0.5,0.0,0.0,0.0
2025-11-24 16:18:29,clusterA,7,3,3,0,1.00,0.5,0.5,0.0,0.0,0.0
2025-11-24 16:18:29,cluster_A,7,1,1,0,1.00,0.5,0.5,0.0,0.0,0.0
2025-11-24 16:18:29,clusterB,7,4,4,0,1.00,0.5,0.5,0.0,0.0,0.0
2025-11-24 16:18:51,clusterA,7,3,3,0,1.00,0.5,0.5,0.0,0.0,0.0
2025-11-24 16:18:51,cluster_A,7,1,1,0,1.00,0.5,0.5,0.0,0.0,0.0
2025-11-24 16:18:51,clusterB,7,4,4,0,1.00,0.5,0.5,0.0,0.0,0.0
2025-11-24 16:19:12,clusterA,7,3,3,0,1.00,0.5,0.5,0.0,0.0,0.0
2025-11-24 16:19:12,cluster_A,7,1,1,0,1.00,0.5,0.5,0.0,0.0,0.0
2025-11-24 16:19:12,clusterB,7,4,4,0,1.00,0.5,0.5,0.0,0.0,0.0
2025-11-24 16:19:33,clusterA,7,3,3,0,1.00,0.5,0.5,0.0,0.0,0.0
2025-11-24 16:19:33,cluster_A,7,1,1,0,1.00,0.5,0.5,0.0,0.0,0.0
2025-11-24 16:19:33,clusterB,7,4,4,0,1.00,0.5,0.5,0.0,0.0,0.0
2025-11-24 16:19:55,clusterA,7,3,3,0,1.00,0.5,0.5,0.0,0.0,0.0
2025-11-24 16:19:55,cluster_A,7,1,1,0,1.00,0.5,0.5,0.0,0.0,0.0
2025-11-24 16:19:55,clusterB,7,4,4,0,1.00,0.5,0.5,0.0,0.0,0.0
2025-11-24 16:20:16,clusterA,7,3,3,0,1.00,0.5,0.5,0.0,0.0,0.0
2025-11-24 16:20:16,cluster_A,7,1,1,0,1.00,0.5,0.5,0.0,0.0,0.0
2025-11-24 16:20:16,clusterB,7,4,4,0,1.00,0.5,0.5,0.0,0.0,0.0
2025-11-24 16:20:38,clusterA,7,3,3,0,1.00,0.5,0.5,0.0,0.0,0.0
2025-11-24 16:20:38,cluster_A,7,1,1,0,1.00,0.5,0.5,0.0,0.0,0.0
2025-11-24 16:20:38,clusterB,7,4,4,0,1.00,0.5,0.5,0.0,0.0,0.0
2025-11-24 16:20:59,clusterA,7,3,3,0,1.00,0.5,0.5,0.0,0.0,0.0
2025-11-24 16:20:59,cluster_A,7,1,1,0,1.00,0.5,0.5,0.0,0.0,0.0
2025-11-24 16:20:59,clusterB,7,4,4,0,1.00,0.5,0.5,0.0,0.0,0.0
2025-11-24 16:21:21,clusterA,7,3,3,0,1.00,0.5,0.5,0.0,0.0,0.0
2025-11-24 16:21:21,cluster_A,7,1,1,0,1.00,0.5,0.5,0.0,0.0,0.0
2025-11-24 16:21:21,clusterB,7,4,4,0,1.00,0.5,0.5,0.0,0.0,0.0
2025-11-24 16:21:43,clusterA,7,3,3,0,1.00,0.5,0.5,0.0,0.0,0.0
2025-11-24 16:21:43,cluster_A,7,1,1,0,1.00,0.5,0.5,0.0,0.0,0.0
2025-11-24 16:21:43,clusterB,7,4,4,0,1.00,0.5,0.5,0.0,0.0,0.0
2025-11-24 16:22:04,clusterA,7,3,3,0,1.00,0.5,0.5,0.0,0.0,0.0
2025-11-24 16:22:04,cluster_A,7,1,1,0,1.00,0.5,0.5,0.0,0.0,0.0
2025-11-24 16:22:04,clusterB,7,4,4,0,1.00,0.5,0.5,0.0,0.0,0.0
2025-11-24 16:22:25,clusterA,7,3,3,0,1.00,0.5,0.5,0.0,0.0,0.0
2025-11-24 16:22:25,cluster_A,7,1,1,0,1.00,0.5,0.5,0.0,0.0,0.0
2025-11-24 16:22:25,clusterB,7,4,4,0,1.00,0.5,0.5,0.0,0.0,0.0
2025-11-24 16:22:46,clusterA,7,3,3,0,1.00,0.5,0.5,0.0,0.0,0.0
2025-11-24 16:22:46,cluster_A,7,1,1,0,1.00,0.5,0.5,0.0,0.0,0.0
2025-11-24 16:22:46,clusterB,7,4,4,0,1.00,0.5,0.5,0.0,0.0,0.0
2025-11-24 16:23:07,clusterA,7,3,3,0,1.00,0.5,0.5,0.0,0.0,0.0
2025-11-24 16:23:07,cluster_A,7,1,1,0,1.00,0.5,0.5,0.0,0.0,0.0
2025-11-24 16:23:07,clusterB,7,4,4,0,1.00,0.5,0.5,0.0,0.0,0.0
2025-11-24 16:23:29,clusterA,7,3,3,0,1.00,0.5,0.5,0.0,0.0,0.0
2025-11-24 16:23:29,cluster_A,7,1,1,0,1.00,0.5,0.5,0.0,0.0,0.0
2025-11-24 16:23:29,clusterB,7,4,4,0,1.00,0.5,0.5,0.0,0.0,0.0
2025-11-24 16:23:50,clusterA,7,3,3,0,1.00,0.5,0.5,0.0,0.0,0.0
2025-11-24 16:23:50,cluster_A,7,1,1,0,1.00,0.5,0.5,0.0,0.0,0.0
2025-11-24 16:23:50,clusterB,7,4,4,0,1.00,0.5,0.5,0.0,0.0,0.0
2025-11-24 16:24:11,clusterA,7,3,3,0,1.00,0.5,0.5,0.0,0.0,0.0
2025-11-24 16:24:11,cluster_A,7,1,1,0,1.00,0.5,0.5,0.0,0.0,0.0
2025-11-24 16:24:11,clusterB,7,4,4,0,1.00,0.5,0.5,0.0,0.0,0.0
2025-11-24 16:24:32,clusterA,7,3,3,0,1.00,0.5,0.5,0.0,0.0,0.0
2025-11-24 16:24:32,cluster_A,7,1,1,0,1.00,0.5,0.5,0.0,0.0,0.0
2025-11-24 16:24:32,clusterB,7,4,4,0,1.00,0.5,0.5,0.0,0.0,0.0
2025-11-24 16:24:54,clusterA,7,3,3,0,1.00,0.5,0.5,0.0,0.0,0.0
2025-11-24 16:24:54,cluster_A,7,1,1,0,1.00,0.5,0.5,0.0,0.0,0.0
2025-11-24 16:24:54,clusterB,7,4,4,0,1.00,0.5,0.5,0.0,0.0,0.0
2025-11-24 16:25:16,clusterA,7,3,3,0,1.00,0.5,0.5,0.0,0.0,0.0
2025-11-24 16:25:16,cluster_A,7,1,1,0,1.00,0.5,0.5,0.0,0.0,0.0
2025-11-24 16:25:16,clusterB,7,4,4,0,1.00,0.5,0.5,0.0,0.0,0.0
2025-11-24 16:25:37,clusterA,7,3,3,0,1.00,0.5,0.5,0.0,0.0,0.0
2025-11-24 16:25:37,cluster_A,7,1,1,0,1.00,0.5,0.5,0.0,0.0,0.0
2025-11-24 16:25:37,clusterB,7,4,4,0,1.00,0.5,0.5,0.0,0.0,0.0
2025-11-24 16:25:58,clusterA,7,3,3,0,1.00,0.5,0.5,0.0,0.0,0.0
2025-11-24 16:25:58,cluster_A,7,1,1,0,1.00,0.5,0.5,0.0,0.0,0.0
2025-11-24 16:25:58,clusterB,7,4,4,0,1.00,0.5,0.5,0.0,0.0,0.0
2025-11-24 16:26:19,clusterA,7,3,3,0,1.00,0.5,0.5,0.0,0.0,0.0
2025-11-24 16:26:19,cluster_A,7,1,1,0,1.00,0.5,0.5,0.0,0.0,0.0
2025-11-24 16:26:19,clusterB,7,4,4,0,1.00,0.5,0.5,0.0,0.0,0.0
2025-11-24 16:26:40,clusterA,7,3,3,0,1.00,0.5,0.5,0.0,0.0,0.0
2025-11-24 16:26:40,cluster_A,7,1,1,0,1.00,0.5,0.5,0.0,0.0,0.0
2025-11-24 16:26:40,clusterB,7,4,4,0,1.00,0.5,0.5,0.0,0.0,0.0
2025-11-24 16:27:02,clusterA,7,3,3,0,1.00,0.5,0.5,0.0,0.0,0.0
2025-11-24 16:27:02,cluster_A,7,1,1,0,1.00,0.5,0.5,0.0,0.0,0.0
2025-11-24 16:27:02,clusterB,7,4,4,0,1.00,0.5,0.5,0.0,0.0,0.0
2025-11-24 16:27:23,clusterA,7,3,3,0,1.00,0.5,0.5,0.0,0.0,0.0
2025-11-24 16:27:23,cluster_A,7,1,1,0,1.00,0.5,0.5,0.0,0.0,0.0
2025-11-24 16:27:23,clusterB,7,4,4,0,1.00,0.5,0.5,0.0,0.0,0.0
2025-11-24 16:27:45,clusterA,7,3,3,0,1.00,0.5,0.5,0.0,0.0,0.0
2025-11-24 16:27:45,cluster_A,7,1,1,0,1.00,0.5,0.5,0.0,0.0,0.0
2025-11-24 16:27:45,clusterB,7,4,4,0,1.00,0.5,0.5,0.0,0.0,0.0
2025-11-24 16:28:06,clusterA,7,3,3,0,1.00,0.5,0.5,0.0,0.0,0.0
2025-11-24 16:28:06,cluster_A,7,1,1,0,1.00,0.5,0.5,0.0,0.0,0.0
2025-11-24 16:28:06,clusterB,7,4,4,0,1.00,0.5,0.5,0.0,0.0,0.0
2025-11-24 16:28:27,clusterA,7,3,3,0,1.00,0.5,0.5,0.0,0.0,0.0
2025-11-24 16:28:27,cluster_A,7,1,1,0,1.00,0.5,0.5,0.0,0.0,0.0
2025-11-24 16:28:27,clusterB,7,4,4,0,1.00,0.5,0.5,0.0,0.0,0.0
2025-11-24 16:28:48,clusterA,7,3,3,0,1.00,0.5,0.5,0.0,0.0,0.0
2025-11-24 16:28:48,cluster_A,7,1,1,0,1.00,0.5,0.5,0.0,0.0,0.0
2025-11-24 16:28:48,clusterB,7,4,4,0,1.00,0.5,0.5,0.0,0.0,0.0
2025-11-24 16:29:10,clusterA,7,3,3,0,1.00,0.5,0.5,0.0,0.0,0.0
2025-11-24 16:29:10,cluster_A,7,1,1,0,1.00,0.5,0.5,0.0,0.0,0.0
2025-11-24 16:29:10,clusterB,7,4,4,0,1.00,0.5,0.5,0.0,0.0,0.0
2025-11-24 16:29:31,clusterA,7,3,3,0,1.00,0.5,0.5,0.0,0.0,0.0
2025-11-24 16:29:31,cluster_A,7,1,1,0,1.00,0.5,0.5,0.0,0.0,0.0
2025-11-24 16:29:31,clusterB,7,4,4,0,1.00,0.5,0.5,0.0,0.0,0.0
2025-11-24 16:29:53,clusterA,7,3,3,0,1.00,0.5,0.5,0.0,0.0,0.0
2025-11-24 16:29:53,cluster_A,7,1,1,0,1.00,0.5,0.5,0.0,0.0,0.0
2025-11-24 16:29:53,clusterB,7,4,4,0,1.00,0.5,0.5,0.0,0.0,0.0
2025-11-24 16:30:14,clusterA,7,3,3,0,1.00,0.5,0.5,0.0,0.0,0.0
2025-11-24 16:30:14,cluster_A,7,1,1,0,1.00,0.5,0.5,0.0,0.0,0.0
2025-11-24 16:30:14,clusterB,7,4,4,0,1.00,0.5,0.5,0.0,0.0,0.0
2025-11-24 16:30:35,clusterA,7,3,3,0,1.00,0.5,0.5,0.0,0.0,0.0
2025-11-24 16:30:35,cluster_A,7,1,1,0,1.00,0.5,0.5,0.0,0.0,0.0
2025-11-24 16:30:35,clusterB,7,4,4,0,1.00,0.5,0.5,0.0,0.0,0.0
2025-11-24 16:30:56,clusterA,7,3,3,0,1.00,0.5,0.5,0.0,0.0,0.0
2025-11-24 16:30:56,cluster_A,7,1,1,0,1.00,0.5,0.5,0.0,0.0,0.0
2025-11-24 16:30:56,clusterB,7,4,4,0,1.00,0.5,0.5,0.0,0.0,0.0
2025-11-24 16:31:18,clusterA,7,3,3,0,1.00,0.5,0.5,0.0,0.0,0.0
2025-11-24 16:31:18,cluster_A,7,1,1,0,1.00,0.5,0.5,0.0,0.0,0.0
2025-11-24 16:31:18,clusterB,7,4,4,0,1.00,0.5,0.5,0.0,0.0,0.0
2025-11-24 16:31:40,clusterA,7,3,3,0,1.00,0.5,0.5,0.0,0.0,0.0
2025-11-24 16:31:40,cluster_A,7,1,1,0,1.00,0.5,0.5,0.0,0.0,0.0
2025-11-24 16:31:40,clusterB,7,4,4,0,1.00,0.5,0.5,0.0,0.0,0.0
2025-11-24 16:32:01,clusterA,7,3,3,0,1.00,0.5,0.5,0.0,0.0,0.0
2025-11-24 16:32:01,cluster_A,7,1,1,0,1.00,0.5,0.5,0.0,0.0,0.0
2025-11-24 16:32:01,clusterB,7,4,4,0,1.00,0.5,0.5,0.0,0.0,0.0
2025-11-24 16:32:22,clusterA,7,3,3,0,1.00,0.5,0.5,0.0,0.0,0.0
2025-11-24 16:32:22,cluster_A,7,1,1,0,1.00,0.5,0.5,0.0,0.0,0.0
2025-11-24 16:32:22,clusterB,7,4,4,0,1.00,0.5,0.5,0.0,0.0,0.0
2025-11-24 16:32:43,clusterA,7,3,3,0,1.00,0.5,0.5,0.0,0.0,0.0
2025-11-24 16:32:43,cluster_A,7,1,1,0,1.00,0.5,0.5,0.0,0.0,0.0
2025-11-24 16:32:43,clusterB,7,4,4,0,1.00,0.5,0.5,0.0,0.0,0.0
2025-11-24 16:33:05,clusterA,7,3,3,0,1.00,0.5,0.5,0.0,0.0,0.0
2025-11-24 16:33:05,cluster_A,7,1,1,0,1.00,0.5,0.5,0.0,0.0,0.0
2025-11-24 16:33:05,clusterB,7,4,4,0,1.00,0.5,0.5,0.0,0.0,0.0
