Current CUDA device index: 0
Current CUDA device name: NVIDIA RTX A5000
Master address: 163.180.160.60, port: 29573
2025-11-15 07:13:36,408 DDP_Script [Rank 0] [INFO] Node rank: 0, world size: 1
[Gloo] Rank 0 is connected to 0 peer ranks. Expected number of connected peer ranks is : 0
2025-11-15 07:13:36,414 DDP_Script [Rank 0] [INFO] Process group initialized: 163.180.160.60:29573
2025-11-15 07:13:36,415 DDP_Script [Rank 0] [INFO] Rank 0/1 initialized
/nas2/data/dlwmznzl1/anaconda3/envs/Dist2/lib/python3.9/site-packages/torchaudio/functional/functional.py:585: UserWarning: At least one mel filterbank has all zero values. The value for `n_mels` (128) may be set too high. Or, the value for `n_freqs` (201) may be set too low.
  warnings.warn(
2025-11-15 07:13:41,347 DDP_Script [Rank 0] [INFO] Model, DDP, criterion, optimizer initialized
2025-11-15 07:13:41,511 DDP_Script [Rank 0] [INFO] Checkpoint directory created: ./checkpoints/job-029f4e204992
2025-11-15 07:13:41,511 DDP_Script [Rank 0] [INFO] Starting training from scratch (epoch 1).
2025-11-15 07:13:41,512 DDP_Script [Rank 0] [INFO] epoch 1 시작
2025-11-15 07:13:41,515 DDP_Script [Rank 0] [INFO] 모든 노드 중 max_steps = 64
2025-11-15 07:13:41,515 DDP_Script [Rank 0] [INFO] local_steps=64, global_steps=64
/nas2/data/dlwmznzl1/anaconda3/envs/Dist2/lib/python3.9/site-packages/torchaudio/_backend/utils.py:213: UserWarning: In 2.9, this function's implementation will be changed to use torchaudio.load_with_torchcodec` under the hood. Some parameters like ``normalize``, ``format``, ``buffer_size``, and ``backend`` will be ignored. We recommend that you port your code to rely directly on TorchCodec's decoder instead: https://docs.pytorch.org/torchcodec/stable/generated/torchcodec.decoders.AudioDecoder.html#torchcodec.decoders.AudioDecoder.
  warnings.warn(
/nas2/data/dlwmznzl1/anaconda3/envs/Dist2/lib/python3.9/site-packages/torchaudio/_backend/utils.py:213: UserWarning: In 2.9, this function's implementation will be changed to use torchaudio.load_with_torchcodec` under the hood. Some parameters like ``normalize``, ``format``, ``buffer_size``, and ``backend`` will be ignored. We recommend that you port your code to rely directly on TorchCodec's decoder instead: https://docs.pytorch.org/torchcodec/stable/generated/torchcodec.decoders.AudioDecoder.html#torchcodec.decoders.AudioDecoder.
  warnings.warn(
/nas2/data/dlwmznzl1/anaconda3/envs/Dist2/lib/python3.9/site-packages/torchaudio/_backend/utils.py:213: UserWarning: In 2.9, this function's implementation will be changed to use torchaudio.load_with_torchcodec` under the hood. Some parameters like ``normalize``, ``format``, ``buffer_size``, and ``backend`` will be ignored. We recommend that you port your code to rely directly on TorchCodec's decoder instead: https://docs.pytorch.org/torchcodec/stable/generated/torchcodec.decoders.AudioDecoder.html#torchcodec.decoders.AudioDecoder.
  warnings.warn(
/nas2/data/dlwmznzl1/anaconda3/envs/Dist2/lib/python3.9/site-packages/torchaudio/_backend/utils.py:213: UserWarning: In 2.9, this function's implementation will be changed to use torchaudio.load_with_torchcodec` under the hood. Some parameters like ``normalize``, ``format``, ``buffer_size``, and ``backend`` will be ignored. We recommend that you port your code to rely directly on TorchCodec's decoder instead: https://docs.pytorch.org/torchcodec/stable/generated/torchcodec.decoders.AudioDecoder.html#torchcodec.decoders.AudioDecoder.
  warnings.warn(
Traceback (most recent call last):
  File "/nas2/data/dlwmznzl1/anaconda3/envs/Dist2/lib/python3.9/multiprocessing/util.py", line 300, in _run_finalizers
    finalizer()
  File "/nas2/data/dlwmznzl1/anaconda3/envs/Dist2/lib/python3.9/multiprocessing/util.py", line 224, in __call__
    res = self._callback(*self._args, **self._kwargs)
  File "/nas2/data/dlwmznzl1/anaconda3/envs/Dist2/lib/python3.9/multiprocessing/util.py", line 133, in _remove_temp_dir
    rmtree(tempdir)
  File "/nas2/data/dlwmznzl1/anaconda3/envs/Dist2/lib/python3.9/shutil.py", line 734, in rmtree
    _rmtree_safe_fd(fd, path, onerror)
  File "/nas2/data/dlwmznzl1/anaconda3/envs/Dist2/lib/python3.9/shutil.py", line 690, in _rmtree_safe_fd
    onerror(os.unlink, fullname, sys.exc_info())
  File "/nas2/data/dlwmznzl1/anaconda3/envs/Dist2/lib/python3.9/shutil.py", line 688, in _rmtree_safe_fd
    os.unlink(entry.name, dir_fd=topfd)
OSError: [Errno 16] Device or resource busy: '.nfs0000000001cc049500000b24'
Traceback (most recent call last):
  File "/nas2/data/dlwmznzl1/anaconda3/envs/Dist2/lib/python3.9/multiprocessing/util.py", line 300, in _run_finalizers
    finalizer()
  File "/nas2/data/dlwmznzl1/anaconda3/envs/Dist2/lib/python3.9/multiprocessing/util.py", line 224, in __call__
    res = self._callback(*self._args, **self._kwargs)
  File "/nas2/data/dlwmznzl1/anaconda3/envs/Dist2/lib/python3.9/multiprocessing/util.py", line 133, in _remove_temp_dir
    rmtree(tempdir)
  File "/nas2/data/dlwmznzl1/anaconda3/envs/Dist2/lib/python3.9/shutil.py", line 734, in rmtree
    _rmtree_safe_fd(fd, path, onerror)
  File "/nas2/data/dlwmznzl1/anaconda3/envs/Dist2/lib/python3.9/shutil.py", line 690, in _rmtree_safe_fd
    onerror(os.unlink, fullname, sys.exc_info())
  File "/nas2/data/dlwmznzl1/anaconda3/envs/Dist2/lib/python3.9/shutil.py", line 688, in _rmtree_safe_fd
    os.unlink(entry.name, dir_fd=topfd)
OSError: [Errno 16] Device or resource busy: '.nfs0000000001cc049700000b25'
Traceback (most recent call last):
  File "/nas2/data/dlwmznzl1/anaconda3/envs/Dist2/lib/python3.9/multiprocessing/util.py", line 300, in _run_finalizers
    finalizer()
  File "/nas2/data/dlwmznzl1/anaconda3/envs/Dist2/lib/python3.9/multiprocessing/util.py", line 224, in __call__
    res = self._callback(*self._args, **self._kwargs)
  File "/nas2/data/dlwmznzl1/anaconda3/envs/Dist2/lib/python3.9/multiprocessing/util.py", line 133, in _remove_temp_dir
    rmtree(tempdir)
  File "/nas2/data/dlwmznzl1/anaconda3/envs/Dist2/lib/python3.9/shutil.py", line 734, in rmtree
    _rmtree_safe_fd(fd, path, onerror)
  File "/nas2/data/dlwmznzl1/anaconda3/envs/Dist2/lib/python3.9/shutil.py", line 690, in _rmtree_safe_fd
    onerror(os.unlink, fullname, sys.exc_info())
  File "/nas2/data/dlwmznzl1/anaconda3/envs/Dist2/lib/python3.9/shutil.py", line 688, in _rmtree_safe_fd
    os.unlink(entry.name, dir_fd=topfd)
OSError: [Errno 16] Device or resource busy: '.nfs0000000001cc049100000b27'
Traceback (most recent call last):
  File "/nas2/data/dlwmznzl1/anaconda3/envs/Dist2/lib/python3.9/multiprocessing/util.py", line 300, in _run_finalizers
    finalizer()
  File "/nas2/data/dlwmznzl1/anaconda3/envs/Dist2/lib/python3.9/multiprocessing/util.py", line 224, in __call__
    res = self._callback(*self._args, **self._kwargs)
  File "/nas2/data/dlwmznzl1/anaconda3/envs/Dist2/lib/python3.9/multiprocessing/util.py", line 133, in _remove_temp_dir
    rmtree(tempdir)
  File "/nas2/data/dlwmznzl1/anaconda3/envs/Dist2/lib/python3.9/shutil.py", line 734, in rmtree
    _rmtree_safe_fd(fd, path, onerror)
  File "/nas2/data/dlwmznzl1/anaconda3/envs/Dist2/lib/python3.9/shutil.py", line 690, in _rmtree_safe_fd
    onerror(os.unlink, fullname, sys.exc_info())
  File "/nas2/data/dlwmznzl1/anaconda3/envs/Dist2/lib/python3.9/shutil.py", line 688, in _rmtree_safe_fd
    os.unlink(entry.name, dir_fd=topfd)
OSError: [Errno 16] Device or resource busy: '.nfs0000000001cc049600000b26'
/nas2/data/dlwmznzl1/anaconda3/envs/Dist2/lib/python3.9/site-packages/torchaudio/_backend/utils.py:213: UserWarning: In 2.9, this function's implementation will be changed to use torchaudio.load_with_torchcodec` under the hood. Some parameters like ``normalize``, ``format``, ``buffer_size``, and ``backend`` will be ignored. We recommend that you port your code to rely directly on TorchCodec's decoder instead: https://docs.pytorch.org/torchcodec/stable/generated/torchcodec.decoders.AudioDecoder.html#torchcodec.decoders.AudioDecoder.
  warnings.warn(
/nas2/data/dlwmznzl1/anaconda3/envs/Dist2/lib/python3.9/site-packages/torchaudio/_backend/utils.py:213: UserWarning: In 2.9, this function's implementation will be changed to use torchaudio.load_with_torchcodec` under the hood. Some parameters like ``normalize``, ``format``, ``buffer_size``, and ``backend`` will be ignored. We recommend that you port your code to rely directly on TorchCodec's decoder instead: https://docs.pytorch.org/torchcodec/stable/generated/torchcodec.decoders.AudioDecoder.html#torchcodec.decoders.AudioDecoder.
  warnings.warn(
/nas2/data/dlwmznzl1/anaconda3/envs/Dist2/lib/python3.9/site-packages/torchaudio/_backend/utils.py:213: UserWarning: In 2.9, this function's implementation will be changed to use torchaudio.load_with_torchcodec` under the hood. Some parameters like ``normalize``, ``format``, ``buffer_size``, and ``backend`` will be ignored. We recommend that you port your code to rely directly on TorchCodec's decoder instead: https://docs.pytorch.org/torchcodec/stable/generated/torchcodec.decoders.AudioDecoder.html#torchcodec.decoders.AudioDecoder.
  warnings.warn(
/nas2/data/dlwmznzl1/anaconda3/envs/Dist2/lib/python3.9/site-packages/torchaudio/_backend/utils.py:213: UserWarning: In 2.9, this function's implementation will be changed to use torchaudio.load_with_torchcodec` under the hood. Some parameters like ``normalize``, ``format``, ``buffer_size``, and ``backend`` will be ignored. We recommend that you port your code to rely directly on TorchCodec's decoder instead: https://docs.pytorch.org/torchcodec/stable/generated/torchcodec.decoders.AudioDecoder.html#torchcodec.decoders.AudioDecoder.
  warnings.warn(
Traceback (most recent call last):
  File "/nas2/data/dlwmznzl1/anaconda3/envs/Dist2/lib/python3.9/multiprocessing/util.py", line 300, in _run_finalizers
    finalizer()
  File "/nas2/data/dlwmznzl1/anaconda3/envs/Dist2/lib/python3.9/multiprocessing/util.py", line 224, in __call__
    res = self._callback(*self._args, **self._kwargs)
  File "/nas2/data/dlwmznzl1/anaconda3/envs/Dist2/lib/python3.9/multiprocessing/util.py", line 133, in _remove_temp_dir
    rmtree(tempdir)
  File "/nas2/data/dlwmznzl1/anaconda3/envs/Dist2/lib/python3.9/shutil.py", line 734, in rmtree
    _rmtree_safe_fd(fd, path, onerror)
  File "/nas2/data/dlwmznzl1/anaconda3/envs/Dist2/lib/python3.9/shutil.py", line 690, in _rmtree_safe_fd
    onerror(os.unlink, fullname, sys.exc_info())
  File "/nas2/data/dlwmznzl1/anaconda3/envs/Dist2/lib/python3.9/shutil.py", line 688, in _rmtree_safe_fd
    os.unlink(entry.name, dir_fd=topfd)
OSError: [Errno 16] Device or resource busy: '.nfs0000000007e6a16900000b29'
Traceback (most recent call last):
  File "/nas2/data/dlwmznzl1/anaconda3/envs/Dist2/lib/python3.9/multiprocessing/util.py", line 300, in _run_finalizers
    finalizer()
  File "/nas2/data/dlwmznzl1/anaconda3/envs/Dist2/lib/python3.9/multiprocessing/util.py", line 224, in __call__
    res = self._callback(*self._args, **self._kwargs)
  File "/nas2/data/dlwmznzl1/anaconda3/envs/Dist2/lib/python3.9/multiprocessing/util.py", line 133, in _remove_temp_dir
    rmtree(tempdir)
  File "/nas2/data/dlwmznzl1/anaconda3/envs/Dist2/lib/python3.9/shutil.py", line 734, in rmtree
    _rmtree_safe_fd(fd, path, onerror)
  File "/nas2/data/dlwmznzl1/anaconda3/envs/Dist2/lib/python3.9/shutil.py", line 690, in _rmtree_safe_fd
    onerror(os.unlink, fullname, sys.exc_info())
  File "/nas2/data/dlwmznzl1/anaconda3/envs/Dist2/lib/python3.9/shutil.py", line 688, in _rmtree_safe_fd
    os.unlink(entry.name, dir_fd=topfd)
OSError: [Errno 16] Device or resource busy: '.nfs0000000007e6a16a00000b28'
Traceback (most recent call last):
  File "/nas2/data/dlwmznzl1/anaconda3/envs/Dist2/lib/python3.9/multiprocessing/util.py", line 300, in _run_finalizers
    finalizer()
  File "/nas2/data/dlwmznzl1/anaconda3/envs/Dist2/lib/python3.9/multiprocessing/util.py", line 224, in __call__
    res = self._callback(*self._args, **self._kwargs)
  File "/nas2/data/dlwmznzl1/anaconda3/envs/Dist2/lib/python3.9/multiprocessing/util.py", line 133, in _remove_temp_dir
    rmtree(tempdir)
  File "/nas2/data/dlwmznzl1/anaconda3/envs/Dist2/lib/python3.9/shutil.py", line 734, in rmtree
    _rmtree_safe_fd(fd, path, onerror)
  File "/nas2/data/dlwmznzl1/anaconda3/envs/Dist2/lib/python3.9/shutil.py", line 690, in _rmtree_safe_fd
    onerror(os.unlink, fullname, sys.exc_info())
  File "/nas2/data/dlwmznzl1/anaconda3/envs/Dist2/lib/python3.9/shutil.py", line 688, in _rmtree_safe_fd
    os.unlink(entry.name, dir_fd=topfd)
OSError: [Errno 16] Device or resource busy: '.nfs000000000202216900000b2a'
Traceback (most recent call last):
  File "/nas2/data/dlwmznzl1/anaconda3/envs/Dist2/lib/python3.9/multiprocessing/util.py", line 300, in _run_finalizers
    finalizer()
  File "/nas2/data/dlwmznzl1/anaconda3/envs/Dist2/lib/python3.9/multiprocessing/util.py", line 224, in __call__
    res = self._callback(*self._args, **self._kwargs)
  File "/nas2/data/dlwmznzl1/anaconda3/envs/Dist2/lib/python3.9/multiprocessing/util.py", line 133, in _remove_temp_dir
    rmtree(tempdir)
  File "/nas2/data/dlwmznzl1/anaconda3/envs/Dist2/lib/python3.9/shutil.py", line 734, in rmtree
    _rmtree_safe_fd(fd, path, onerror)
  File "/nas2/data/dlwmznzl1/anaconda3/envs/Dist2/lib/python3.9/shutil.py", line 690, in _rmtree_safe_fd
    onerror(os.unlink, fullname, sys.exc_info())
  File "/nas2/data/dlwmznzl1/anaconda3/envs/Dist2/lib/python3.9/shutil.py", line 688, in _rmtree_safe_fd
    os.unlink(entry.name, dir_fd=topfd)
OSError: [Errno 16] Device or resource busy: '.nfs000000001323a16800000b2b'
2025-11-15 07:13:49,090 DDP_Script [Rank 0] [INFO] val WER 1.000, CER 0.991, pseudo-acc 0.00%
2025-11-15 07:13:49,111 DDP_Script [Rank 0] [INFO] Saving checkpoint to ./checkpoints/job-029f4e204992/latest_checkpoint.pth ...
2025-11-15 07:13:55,158 DDP_Script [Rank 0] [INFO] Successfully reported epoch 1/20 (Acc: 0.00%) to global server.
2025-11-15 07:13:55,160 DDP_Script [Rank 0] [INFO] epoch 2 시작
2025-11-15 07:13:55,161 DDP_Script [Rank 0] [INFO] 모든 노드 중 max_steps = 64
2025-11-15 07:13:55,161 DDP_Script [Rank 0] [INFO] local_steps=64, global_steps=64
/nas2/data/dlwmznzl1/anaconda3/envs/Dist2/lib/python3.9/site-packages/torchaudio/_backend/utils.py:213: UserWarning: In 2.9, this function's implementation will be changed to use torchaudio.load_with_torchcodec` under the hood. Some parameters like ``normalize``, ``format``, ``buffer_size``, and ``backend`` will be ignored. We recommend that you port your code to rely directly on TorchCodec's decoder instead: https://docs.pytorch.org/torchcodec/stable/generated/torchcodec.decoders.AudioDecoder.html#torchcodec.decoders.AudioDecoder.
  warnings.warn(
/nas2/data/dlwmznzl1/anaconda3/envs/Dist2/lib/python3.9/site-packages/torchaudio/_backend/utils.py:213: UserWarning: In 2.9, this function's implementation will be changed to use torchaudio.load_with_torchcodec` under the hood. Some parameters like ``normalize``, ``format``, ``buffer_size``, and ``backend`` will be ignored. We recommend that you port your code to rely directly on TorchCodec's decoder instead: https://docs.pytorch.org/torchcodec/stable/generated/torchcodec.decoders.AudioDecoder.html#torchcodec.decoders.AudioDecoder.
  warnings.warn(
/nas2/data/dlwmznzl1/anaconda3/envs/Dist2/lib/python3.9/site-packages/torchaudio/_backend/utils.py:213: UserWarning: In 2.9, this function's implementation will be changed to use torchaudio.load_with_torchcodec` under the hood. Some parameters like ``normalize``, ``format``, ``buffer_size``, and ``backend`` will be ignored. We recommend that you port your code to rely directly on TorchCodec's decoder instead: https://docs.pytorch.org/torchcodec/stable/generated/torchcodec.decoders.AudioDecoder.html#torchcodec.decoders.AudioDecoder.
  warnings.warn(
/nas2/data/dlwmznzl1/anaconda3/envs/Dist2/lib/python3.9/site-packages/torchaudio/_backend/utils.py:213: UserWarning: In 2.9, this function's implementation will be changed to use torchaudio.load_with_torchcodec` under the hood. Some parameters like ``normalize``, ``format``, ``buffer_size``, and ``backend`` will be ignored. We recommend that you port your code to rely directly on TorchCodec's decoder instead: https://docs.pytorch.org/torchcodec/stable/generated/torchcodec.decoders.AudioDecoder.html#torchcodec.decoders.AudioDecoder.
  warnings.warn(
Traceback (most recent call last):
Traceback (most recent call last):
  File "/nas2/data/dlwmznzl1/anaconda3/envs/Dist2/lib/python3.9/multiprocessing/util.py", line 300, in _run_finalizers
    finalizer()
  File "/nas2/data/dlwmznzl1/anaconda3/envs/Dist2/lib/python3.9/multiprocessing/util.py", line 224, in __call__
    res = self._callback(*self._args, **self._kwargs)
  File "/nas2/data/dlwmznzl1/anaconda3/envs/Dist2/lib/python3.9/multiprocessing/util.py", line 133, in _remove_temp_dir
    rmtree(tempdir)
  File "/nas2/data/dlwmznzl1/anaconda3/envs/Dist2/lib/python3.9/shutil.py", line 734, in rmtree
    _rmtree_safe_fd(fd, path, onerror)
  File "/nas2/data/dlwmznzl1/anaconda3/envs/Dist2/lib/python3.9/shutil.py", line 690, in _rmtree_safe_fd
    onerror(os.unlink, fullname, sys.exc_info())
  File "/nas2/data/dlwmznzl1/anaconda3/envs/Dist2/lib/python3.9/shutil.py", line 688, in _rmtree_safe_fd
    os.unlink(entry.name, dir_fd=topfd)
OSError: [Errno 16] Device or resource busy: '.nfs000000001323a16900000b2e'
  File "/nas2/data/dlwmznzl1/anaconda3/envs/Dist2/lib/python3.9/multiprocessing/util.py", line 300, in _run_finalizers
    finalizer()
  File "/nas2/data/dlwmznzl1/anaconda3/envs/Dist2/lib/python3.9/multiprocessing/util.py", line 224, in __call__
    res = self._callback(*self._args, **self._kwargs)
  File "/nas2/data/dlwmznzl1/anaconda3/envs/Dist2/lib/python3.9/multiprocessing/util.py", line 133, in _remove_temp_dir
    rmtree(tempdir)
  File "/nas2/data/dlwmznzl1/anaconda3/envs/Dist2/lib/python3.9/shutil.py", line 734, in rmtree
    _rmtree_safe_fd(fd, path, onerror)
  File "/nas2/data/dlwmznzl1/anaconda3/envs/Dist2/lib/python3.9/shutil.py", line 690, in _rmtree_safe_fd
    onerror(os.unlink, fullname, sys.exc_info())
  File "/nas2/data/dlwmznzl1/anaconda3/envs/Dist2/lib/python3.9/shutil.py", line 688, in _rmtree_safe_fd
    os.unlink(entry.name, dir_fd=topfd)
OSError: [Errno 16] Device or resource busy: '.nfs000000002c128e6300000b2c'
Traceback (most recent call last):
Traceback (most recent call last):
  File "/nas2/data/dlwmznzl1/anaconda3/envs/Dist2/lib/python3.9/multiprocessing/util.py", line 300, in _run_finalizers
    finalizer()
  File "/nas2/data/dlwmznzl1/anaconda3/envs/Dist2/lib/python3.9/multiprocessing/util.py", line 300, in _run_finalizers
    finalizer()
  File "/nas2/data/dlwmznzl1/anaconda3/envs/Dist2/lib/python3.9/multiprocessing/util.py", line 224, in __call__
    res = self._callback(*self._args, **self._kwargs)
  File "/nas2/data/dlwmznzl1/anaconda3/envs/Dist2/lib/python3.9/multiprocessing/util.py", line 224, in __call__
    res = self._callback(*self._args, **self._kwargs)
  File "/nas2/data/dlwmznzl1/anaconda3/envs/Dist2/lib/python3.9/multiprocessing/util.py", line 133, in _remove_temp_dir
    rmtree(tempdir)
  File "/nas2/data/dlwmznzl1/anaconda3/envs/Dist2/lib/python3.9/multiprocessing/util.py", line 133, in _remove_temp_dir
    rmtree(tempdir)
  File "/nas2/data/dlwmznzl1/anaconda3/envs/Dist2/lib/python3.9/shutil.py", line 734, in rmtree
    _rmtree_safe_fd(fd, path, onerror)
  File "/nas2/data/dlwmznzl1/anaconda3/envs/Dist2/lib/python3.9/shutil.py", line 734, in rmtree
    _rmtree_safe_fd(fd, path, onerror)
  File "/nas2/data/dlwmznzl1/anaconda3/envs/Dist2/lib/python3.9/shutil.py", line 690, in _rmtree_safe_fd
    onerror(os.unlink, fullname, sys.exc_info())
  File "/nas2/data/dlwmznzl1/anaconda3/envs/Dist2/lib/python3.9/shutil.py", line 690, in _rmtree_safe_fd
    onerror(os.unlink, fullname, sys.exc_info())
  File "/nas2/data/dlwmznzl1/anaconda3/envs/Dist2/lib/python3.9/shutil.py", line 688, in _rmtree_safe_fd
    os.unlink(entry.name, dir_fd=topfd)
  File "/nas2/data/dlwmznzl1/anaconda3/envs/Dist2/lib/python3.9/shutil.py", line 688, in _rmtree_safe_fd
    os.unlink(entry.name, dir_fd=topfd)
OSError: [Errno 16] Device or resource busy: '.nfs000000002c128e6600000b2f'
OSError: [Errno 16] Device or resource busy: '.nfs000000002c128e6700000b2d'
/nas2/data/dlwmznzl1/anaconda3/envs/Dist2/lib/python3.9/site-packages/torchaudio/_backend/utils.py:213: UserWarning: In 2.9, this function's implementation will be changed to use torchaudio.load_with_torchcodec` under the hood. Some parameters like ``normalize``, ``format``, ``buffer_size``, and ``backend`` will be ignored. We recommend that you port your code to rely directly on TorchCodec's decoder instead: https://docs.pytorch.org/torchcodec/stable/generated/torchcodec.decoders.AudioDecoder.html#torchcodec.decoders.AudioDecoder.
  warnings.warn(
/nas2/data/dlwmznzl1/anaconda3/envs/Dist2/lib/python3.9/site-packages/torchaudio/_backend/utils.py:213: UserWarning: In 2.9, this function's implementation will be changed to use torchaudio.load_with_torchcodec` under the hood. Some parameters like ``normalize``, ``format``, ``buffer_size``, and ``backend`` will be ignored. We recommend that you port your code to rely directly on TorchCodec's decoder instead: https://docs.pytorch.org/torchcodec/stable/generated/torchcodec.decoders.AudioDecoder.html#torchcodec.decoders.AudioDecoder.
  warnings.warn(
/nas2/data/dlwmznzl1/anaconda3/envs/Dist2/lib/python3.9/site-packages/torchaudio/_backend/utils.py:213: UserWarning: In 2.9, this function's implementation will be changed to use torchaudio.load_with_torchcodec` under the hood. Some parameters like ``normalize``, ``format``, ``buffer_size``, and ``backend`` will be ignored. We recommend that you port your code to rely directly on TorchCodec's decoder instead: https://docs.pytorch.org/torchcodec/stable/generated/torchcodec.decoders.AudioDecoder.html#torchcodec.decoders.AudioDecoder.
  warnings.warn(
/nas2/data/dlwmznzl1/anaconda3/envs/Dist2/lib/python3.9/site-packages/torchaudio/_backend/utils.py:213: UserWarning: In 2.9, this function's implementation will be changed to use torchaudio.load_with_torchcodec` under the hood. Some parameters like ``normalize``, ``format``, ``buffer_size``, and ``backend`` will be ignored. We recommend that you port your code to rely directly on TorchCodec's decoder instead: https://docs.pytorch.org/torchcodec/stable/generated/torchcodec.decoders.AudioDecoder.html#torchcodec.decoders.AudioDecoder.
  warnings.warn(
Traceback (most recent call last):
Traceback (most recent call last):
  File "/nas2/data/dlwmznzl1/anaconda3/envs/Dist2/lib/python3.9/multiprocessing/util.py", line 300, in _run_finalizers
    finalizer()
  File "/nas2/data/dlwmznzl1/anaconda3/envs/Dist2/lib/python3.9/multiprocessing/util.py", line 224, in __call__
    res = self._callback(*self._args, **self._kwargs)
  File "/nas2/data/dlwmznzl1/anaconda3/envs/Dist2/lib/python3.9/multiprocessing/util.py", line 300, in _run_finalizers
    finalizer()
  File "/nas2/data/dlwmznzl1/anaconda3/envs/Dist2/lib/python3.9/multiprocessing/util.py", line 133, in _remove_temp_dir
    rmtree(tempdir)
  File "/nas2/data/dlwmznzl1/anaconda3/envs/Dist2/lib/python3.9/multiprocessing/util.py", line 224, in __call__
    res = self._callback(*self._args, **self._kwargs)
  File "/nas2/data/dlwmznzl1/anaconda3/envs/Dist2/lib/python3.9/shutil.py", line 734, in rmtree
    _rmtree_safe_fd(fd, path, onerror)
  File "/nas2/data/dlwmznzl1/anaconda3/envs/Dist2/lib/python3.9/multiprocessing/util.py", line 133, in _remove_temp_dir
    rmtree(tempdir)
  File "/nas2/data/dlwmznzl1/anaconda3/envs/Dist2/lib/python3.9/shutil.py", line 690, in _rmtree_safe_fd
    onerror(os.unlink, fullname, sys.exc_info())
  File "/nas2/data/dlwmznzl1/anaconda3/envs/Dist2/lib/python3.9/shutil.py", line 734, in rmtree
    _rmtree_safe_fd(fd, path, onerror)
  File "/nas2/data/dlwmznzl1/anaconda3/envs/Dist2/lib/python3.9/shutil.py", line 688, in _rmtree_safe_fd
    os.unlink(entry.name, dir_fd=topfd)
  File "/nas2/data/dlwmznzl1/anaconda3/envs/Dist2/lib/python3.9/shutil.py", line 690, in _rmtree_safe_fd
    onerror(os.unlink, fullname, sys.exc_info())
  File "/nas2/data/dlwmznzl1/anaconda3/envs/Dist2/lib/python3.9/shutil.py", line 688, in _rmtree_safe_fd
    os.unlink(entry.name, dir_fd=topfd)
OSError: [Errno 16] Device or resource busy: '.nfs000000002c128e7800000b30'
OSError: [Errno 16] Device or resource busy: '.nfs000000002c128e7900000b31'
Traceback (most recent call last):
Traceback (most recent call last):
  File "/nas2/data/dlwmznzl1/anaconda3/envs/Dist2/lib/python3.9/multiprocessing/util.py", line 300, in _run_finalizers
    finalizer()
  File "/nas2/data/dlwmznzl1/anaconda3/envs/Dist2/lib/python3.9/multiprocessing/util.py", line 224, in __call__
    res = self._callback(*self._args, **self._kwargs)
  File "/nas2/data/dlwmznzl1/anaconda3/envs/Dist2/lib/python3.9/multiprocessing/util.py", line 300, in _run_finalizers
    finalizer()
  File "/nas2/data/dlwmznzl1/anaconda3/envs/Dist2/lib/python3.9/multiprocessing/util.py", line 133, in _remove_temp_dir
    rmtree(tempdir)
  File "/nas2/data/dlwmznzl1/anaconda3/envs/Dist2/lib/python3.9/multiprocessing/util.py", line 224, in __call__
    res = self._callback(*self._args, **self._kwargs)
  File "/nas2/data/dlwmznzl1/anaconda3/envs/Dist2/lib/python3.9/shutil.py", line 734, in rmtree
    _rmtree_safe_fd(fd, path, onerror)
  File "/nas2/data/dlwmznzl1/anaconda3/envs/Dist2/lib/python3.9/multiprocessing/util.py", line 133, in _remove_temp_dir
    rmtree(tempdir)
  File "/nas2/data/dlwmznzl1/anaconda3/envs/Dist2/lib/python3.9/shutil.py", line 690, in _rmtree_safe_fd
    onerror(os.unlink, fullname, sys.exc_info())
  File "/nas2/data/dlwmznzl1/anaconda3/envs/Dist2/lib/python3.9/shutil.py", line 734, in rmtree
    _rmtree_safe_fd(fd, path, onerror)
  File "/nas2/data/dlwmznzl1/anaconda3/envs/Dist2/lib/python3.9/shutil.py", line 688, in _rmtree_safe_fd
    os.unlink(entry.name, dir_fd=topfd)
  File "/nas2/data/dlwmznzl1/anaconda3/envs/Dist2/lib/python3.9/shutil.py", line 690, in _rmtree_safe_fd
    onerror(os.unlink, fullname, sys.exc_info())
  File "/nas2/data/dlwmznzl1/anaconda3/envs/Dist2/lib/python3.9/shutil.py", line 688, in _rmtree_safe_fd
    os.unlink(entry.name, dir_fd=topfd)
OSError: [Errno 16] Device or resource busy: '.nfs000000002c128e6600000b32'
OSError: [Errno 16] Device or resource busy: '.nfs000000002c128e7b00000b33'
2025-11-15 07:14:01,457 DDP_Script [Rank 0] [INFO] val WER 1.000, CER 1.000, pseudo-acc 0.00%
2025-11-15 07:14:01,470 DDP_Script [Rank 0] [INFO] Saving checkpoint to ./checkpoints/job-029f4e204992/latest_checkpoint.pth ...
2025-11-15 07:14:07,184 DDP_Script [Rank 0] [INFO] Successfully reported epoch 2/20 (Acc: 0.00%) to global server.
2025-11-15 07:14:07,186 DDP_Script [Rank 0] [INFO] epoch 3 시작
2025-11-15 07:14:07,188 DDP_Script [Rank 0] [INFO] 모든 노드 중 max_steps = 64
2025-11-15 07:14:07,188 DDP_Script [Rank 0] [INFO] local_steps=64, global_steps=64
/nas2/data/dlwmznzl1/anaconda3/envs/Dist2/lib/python3.9/site-packages/torchaudio/_backend/utils.py:213: UserWarning: In 2.9, this function's implementation will be changed to use torchaudio.load_with_torchcodec` under the hood. Some parameters like ``normalize``, ``format``, ``buffer_size``, and ``backend`` will be ignored. We recommend that you port your code to rely directly on TorchCodec's decoder instead: https://docs.pytorch.org/torchcodec/stable/generated/torchcodec.decoders.AudioDecoder.html#torchcodec.decoders.AudioDecoder.
  warnings.warn(
/nas2/data/dlwmznzl1/anaconda3/envs/Dist2/lib/python3.9/site-packages/torchaudio/_backend/utils.py:213: UserWarning: In 2.9, this function's implementation will be changed to use torchaudio.load_with_torchcodec` under the hood. Some parameters like ``normalize``, ``format``, ``buffer_size``, and ``backend`` will be ignored. We recommend that you port your code to rely directly on TorchCodec's decoder instead: https://docs.pytorch.org/torchcodec/stable/generated/torchcodec.decoders.AudioDecoder.html#torchcodec.decoders.AudioDecoder.
  warnings.warn(
/nas2/data/dlwmznzl1/anaconda3/envs/Dist2/lib/python3.9/site-packages/torchaudio/_backend/utils.py:213: UserWarning: In 2.9, this function's implementation will be changed to use torchaudio.load_with_torchcodec` under the hood. Some parameters like ``normalize``, ``format``, ``buffer_size``, and ``backend`` will be ignored. We recommend that you port your code to rely directly on TorchCodec's decoder instead: https://docs.pytorch.org/torchcodec/stable/generated/torchcodec.decoders.AudioDecoder.html#torchcodec.decoders.AudioDecoder.
  warnings.warn(
/nas2/data/dlwmznzl1/anaconda3/envs/Dist2/lib/python3.9/site-packages/torchaudio/_backend/utils.py:213: UserWarning: In 2.9, this function's implementation will be changed to use torchaudio.load_with_torchcodec` under the hood. Some parameters like ``normalize``, ``format``, ``buffer_size``, and ``backend`` will be ignored. We recommend that you port your code to rely directly on TorchCodec's decoder instead: https://docs.pytorch.org/torchcodec/stable/generated/torchcodec.decoders.AudioDecoder.html#torchcodec.decoders.AudioDecoder.
  warnings.warn(
Traceback (most recent call last):
  File "/nas2/data/dlwmznzl1/anaconda3/envs/Dist2/lib/python3.9/multiprocessing/util.py", line 300, in _run_finalizers
    finalizer()
  File "/nas2/data/dlwmznzl1/anaconda3/envs/Dist2/lib/python3.9/multiprocessing/util.py", line 224, in __call__
    res = self._callback(*self._args, **self._kwargs)
  File "/nas2/data/dlwmznzl1/anaconda3/envs/Dist2/lib/python3.9/multiprocessing/util.py", line 133, in _remove_temp_dir
    rmtree(tempdir)
  File "/nas2/data/dlwmznzl1/anaconda3/envs/Dist2/lib/python3.9/shutil.py", line 734, in rmtree
    _rmtree_safe_fd(fd, path, onerror)
  File "/nas2/data/dlwmznzl1/anaconda3/envs/Dist2/lib/python3.9/shutil.py", line 690, in _rmtree_safe_fd
    onerror(os.unlink, fullname, sys.exc_info())
  File "/nas2/data/dlwmznzl1/anaconda3/envs/Dist2/lib/python3.9/shutil.py", line 688, in _rmtree_safe_fd
    os.unlink(entry.name, dir_fd=topfd)
OSError: [Errno 16] Device or resource busy: '.nfs000000002c128eaf00000b34'
Traceback (most recent call last):
  File "/nas2/data/dlwmznzl1/anaconda3/envs/Dist2/lib/python3.9/multiprocessing/util.py", line 300, in _run_finalizers
    finalizer()
  File "/nas2/data/dlwmznzl1/anaconda3/envs/Dist2/lib/python3.9/multiprocessing/util.py", line 224, in __call__
    res = self._callback(*self._args, **self._kwargs)
  File "/nas2/data/dlwmznzl1/anaconda3/envs/Dist2/lib/python3.9/multiprocessing/util.py", line 133, in _remove_temp_dir
    rmtree(tempdir)
  File "/nas2/data/dlwmznzl1/anaconda3/envs/Dist2/lib/python3.9/shutil.py", line 734, in rmtree
    _rmtree_safe_fd(fd, path, onerror)
  File "/nas2/data/dlwmznzl1/anaconda3/envs/Dist2/lib/python3.9/shutil.py", line 690, in _rmtree_safe_fd
    onerror(os.unlink, fullname, sys.exc_info())
  File "/nas2/data/dlwmznzl1/anaconda3/envs/Dist2/lib/python3.9/shutil.py", line 688, in _rmtree_safe_fd
    os.unlink(entry.name, dir_fd=topfd)
OSError: [Errno 16] Device or resource busy: '.nfs000000002c128eb700000b35'
Traceback (most recent call last):
  File "/nas2/data/dlwmznzl1/anaconda3/envs/Dist2/lib/python3.9/multiprocessing/util.py", line 300, in _run_finalizers
    finalizer()
  File "/nas2/data/dlwmznzl1/anaconda3/envs/Dist2/lib/python3.9/multiprocessing/util.py", line 224, in __call__
    res = self._callback(*self._args, **self._kwargs)
  File "/nas2/data/dlwmznzl1/anaconda3/envs/Dist2/lib/python3.9/multiprocessing/util.py", line 133, in _remove_temp_dir
    rmtree(tempdir)
  File "/nas2/data/dlwmznzl1/anaconda3/envs/Dist2/lib/python3.9/shutil.py", line 734, in rmtree
    _rmtree_safe_fd(fd, path, onerror)
  File "/nas2/data/dlwmznzl1/anaconda3/envs/Dist2/lib/python3.9/shutil.py", line 690, in _rmtree_safe_fd
    onerror(os.unlink, fullname, sys.exc_info())
  File "/nas2/data/dlwmznzl1/anaconda3/envs/Dist2/lib/python3.9/shutil.py", line 688, in _rmtree_safe_fd
    os.unlink(entry.name, dir_fd=topfd)
OSError: [Errno 16] Device or resource busy: '.nfs000000002c128eb400000b36'
Traceback (most recent call last):
  File "/nas2/data/dlwmznzl1/anaconda3/envs/Dist2/lib/python3.9/multiprocessing/util.py", line 300, in _run_finalizers
    finalizer()
  File "/nas2/data/dlwmznzl1/anaconda3/envs/Dist2/lib/python3.9/multiprocessing/util.py", line 224, in __call__
    res = self._callback(*self._args, **self._kwargs)
  File "/nas2/data/dlwmznzl1/anaconda3/envs/Dist2/lib/python3.9/multiprocessing/util.py", line 133, in _remove_temp_dir
    rmtree(tempdir)
  File "/nas2/data/dlwmznzl1/anaconda3/envs/Dist2/lib/python3.9/shutil.py", line 734, in rmtree
    _rmtree_safe_fd(fd, path, onerror)
  File "/nas2/data/dlwmznzl1/anaconda3/envs/Dist2/lib/python3.9/shutil.py", line 690, in _rmtree_safe_fd
    onerror(os.unlink, fullname, sys.exc_info())
  File "/nas2/data/dlwmznzl1/anaconda3/envs/Dist2/lib/python3.9/shutil.py", line 688, in _rmtree_safe_fd
    os.unlink(entry.name, dir_fd=topfd)
OSError: [Errno 16] Device or resource busy: '.nfs000000002c128eb300000b37'
/nas2/data/dlwmznzl1/anaconda3/envs/Dist2/lib/python3.9/site-packages/torchaudio/_backend/utils.py:213: UserWarning: In 2.9, this function's implementation will be changed to use torchaudio.load_with_torchcodec` under the hood. Some parameters like ``normalize``, ``format``, ``buffer_size``, and ``backend`` will be ignored. We recommend that you port your code to rely directly on TorchCodec's decoder instead: https://docs.pytorch.org/torchcodec/stable/generated/torchcodec.decoders.AudioDecoder.html#torchcodec.decoders.AudioDecoder.
  warnings.warn(
/nas2/data/dlwmznzl1/anaconda3/envs/Dist2/lib/python3.9/site-packages/torchaudio/_backend/utils.py:213: UserWarning: In 2.9, this function's implementation will be changed to use torchaudio.load_with_torchcodec` under the hood. Some parameters like ``normalize``, ``format``, ``buffer_size``, and ``backend`` will be ignored. We recommend that you port your code to rely directly on TorchCodec's decoder instead: https://docs.pytorch.org/torchcodec/stable/generated/torchcodec.decoders.AudioDecoder.html#torchcodec.decoders.AudioDecoder.
  warnings.warn(
/nas2/data/dlwmznzl1/anaconda3/envs/Dist2/lib/python3.9/site-packages/torchaudio/_backend/utils.py:213: UserWarning: In 2.9, this function's implementation will be changed to use torchaudio.load_with_torchcodec` under the hood. Some parameters like ``normalize``, ``format``, ``buffer_size``, and ``backend`` will be ignored. We recommend that you port your code to rely directly on TorchCodec's decoder instead: https://docs.pytorch.org/torchcodec/stable/generated/torchcodec.decoders.AudioDecoder.html#torchcodec.decoders.AudioDecoder.
  warnings.warn(
/nas2/data/dlwmznzl1/anaconda3/envs/Dist2/lib/python3.9/site-packages/torchaudio/_backend/utils.py:213: UserWarning: In 2.9, this function's implementation will be changed to use torchaudio.load_with_torchcodec` under the hood. Some parameters like ``normalize``, ``format``, ``buffer_size``, and ``backend`` will be ignored. We recommend that you port your code to rely directly on TorchCodec's decoder instead: https://docs.pytorch.org/torchcodec/stable/generated/torchcodec.decoders.AudioDecoder.html#torchcodec.decoders.AudioDecoder.
  warnings.warn(
Traceback (most recent call last):
  File "/nas2/data/dlwmznzl1/anaconda3/envs/Dist2/lib/python3.9/multiprocessing/util.py", line 300, in _run_finalizers
    finalizer()
  File "/nas2/data/dlwmznzl1/anaconda3/envs/Dist2/lib/python3.9/multiprocessing/util.py", line 224, in __call__
    res = self._callback(*self._args, **self._kwargs)
  File "/nas2/data/dlwmznzl1/anaconda3/envs/Dist2/lib/python3.9/multiprocessing/util.py", line 133, in _remove_temp_dir
    rmtree(tempdir)
  File "/nas2/data/dlwmznzl1/anaconda3/envs/Dist2/lib/python3.9/shutil.py", line 734, in rmtree
    _rmtree_safe_fd(fd, path, onerror)
  File "/nas2/data/dlwmznzl1/anaconda3/envs/Dist2/lib/python3.9/shutil.py", line 690, in _rmtree_safe_fd
    onerror(os.unlink, fullname, sys.exc_info())
  File "/nas2/data/dlwmznzl1/anaconda3/envs/Dist2/lib/python3.9/shutil.py", line 688, in _rmtree_safe_fd
    os.unlink(entry.name, dir_fd=topfd)
OSError: [Errno 16] Device or resource busy: '.nfs000000002c128f6a00000b3a'
Traceback (most recent call last):
  File "/nas2/data/dlwmznzl1/anaconda3/envs/Dist2/lib/python3.9/multiprocessing/util.py", line 300, in _run_finalizers
    finalizer()
  File "/nas2/data/dlwmznzl1/anaconda3/envs/Dist2/lib/python3.9/multiprocessing/util.py", line 224, in __call__
    res = self._callback(*self._args, **self._kwargs)
  File "/nas2/data/dlwmznzl1/anaconda3/envs/Dist2/lib/python3.9/multiprocessing/util.py", line 133, in _remove_temp_dir
    rmtree(tempdir)
  File "/nas2/data/dlwmznzl1/anaconda3/envs/Dist2/lib/python3.9/shutil.py", line 734, in rmtree
    _rmtree_safe_fd(fd, path, onerror)
  File "/nas2/data/dlwmznzl1/anaconda3/envs/Dist2/lib/python3.9/shutil.py", line 690, in _rmtree_safe_fd
    onerror(os.unlink, fullname, sys.exc_info())
  File "/nas2/data/dlwmznzl1/anaconda3/envs/Dist2/lib/python3.9/shutil.py", line 688, in _rmtree_safe_fd
    os.unlink(entry.name, dir_fd=topfd)
OSError: [Errno 16] Device or resource busy: '.nfs000000002c128f6d00000b39'
Traceback (most recent call last):
  File "/nas2/data/dlwmznzl1/anaconda3/envs/Dist2/lib/python3.9/multiprocessing/util.py", line 300, in _run_finalizers
    finalizer()
  File "/nas2/data/dlwmznzl1/anaconda3/envs/Dist2/lib/python3.9/multiprocessing/util.py", line 224, in __call__
    res = self._callback(*self._args, **self._kwargs)
  File "/nas2/data/dlwmznzl1/anaconda3/envs/Dist2/lib/python3.9/multiprocessing/util.py", line 133, in _remove_temp_dir
    rmtree(tempdir)
  File "/nas2/data/dlwmznzl1/anaconda3/envs/Dist2/lib/python3.9/shutil.py", line 734, in rmtree
    _rmtree_safe_fd(fd, path, onerror)
  File "/nas2/data/dlwmznzl1/anaconda3/envs/Dist2/lib/python3.9/shutil.py", line 690, in _rmtree_safe_fd
    onerror(os.unlink, fullname, sys.exc_info())
  File "/nas2/data/dlwmznzl1/anaconda3/envs/Dist2/lib/python3.9/shutil.py", line 688, in _rmtree_safe_fd
    os.unlink(entry.name, dir_fd=topfd)
OSError: [Errno 16] Device or resource busy: '.nfs000000002c128eb300000b38'
Traceback (most recent call last):
  File "/nas2/data/dlwmznzl1/anaconda3/envs/Dist2/lib/python3.9/multiprocessing/util.py", line 300, in _run_finalizers
    finalizer()
  File "/nas2/data/dlwmznzl1/anaconda3/envs/Dist2/lib/python3.9/multiprocessing/util.py", line 224, in __call__
    res = self._callback(*self._args, **self._kwargs)
  File "/nas2/data/dlwmznzl1/anaconda3/envs/Dist2/lib/python3.9/multiprocessing/util.py", line 133, in _remove_temp_dir
    rmtree(tempdir)
  File "/nas2/data/dlwmznzl1/anaconda3/envs/Dist2/lib/python3.9/shutil.py", line 734, in rmtree
    _rmtree_safe_fd(fd, path, onerror)
  File "/nas2/data/dlwmznzl1/anaconda3/envs/Dist2/lib/python3.9/shutil.py", line 690, in _rmtree_safe_fd
    onerror(os.unlink, fullname, sys.exc_info())
  File "/nas2/data/dlwmznzl1/anaconda3/envs/Dist2/lib/python3.9/shutil.py", line 688, in _rmtree_safe_fd
    os.unlink(entry.name, dir_fd=topfd)
OSError: [Errno 16] Device or resource busy: '.nfs000000002c128f6b00000b3b'
2025-11-15 07:14:13,337 DDP_Script [Rank 0] [INFO] val WER 1.000, CER 1.000, pseudo-acc 0.00%
2025-11-15 07:14:13,342 DDP_Script [Rank 0] [INFO] Saving checkpoint to ./checkpoints/job-029f4e204992/latest_checkpoint.pth ...
2025-11-15 07:14:19,086 DDP_Script [Rank 0] [INFO] Successfully reported epoch 3/20 (Acc: 0.00%) to global server.
2025-11-15 07:14:19,088 DDP_Script [Rank 0] [INFO] epoch 4 시작
2025-11-15 07:14:19,090 DDP_Script [Rank 0] [INFO] 모든 노드 중 max_steps = 64
2025-11-15 07:14:19,090 DDP_Script [Rank 0] [INFO] local_steps=64, global_steps=64
/nas2/data/dlwmznzl1/anaconda3/envs/Dist2/lib/python3.9/site-packages/torchaudio/_backend/utils.py:213: UserWarning: In 2.9, this function's implementation will be changed to use torchaudio.load_with_torchcodec` under the hood. Some parameters like ``normalize``, ``format``, ``buffer_size``, and ``backend`` will be ignored. We recommend that you port your code to rely directly on TorchCodec's decoder instead: https://docs.pytorch.org/torchcodec/stable/generated/torchcodec.decoders.AudioDecoder.html#torchcodec.decoders.AudioDecoder.
  warnings.warn(
/nas2/data/dlwmznzl1/anaconda3/envs/Dist2/lib/python3.9/site-packages/torchaudio/_backend/utils.py:213: UserWarning: In 2.9, this function's implementation will be changed to use torchaudio.load_with_torchcodec` under the hood. Some parameters like ``normalize``, ``format``, ``buffer_size``, and ``backend`` will be ignored. We recommend that you port your code to rely directly on TorchCodec's decoder instead: https://docs.pytorch.org/torchcodec/stable/generated/torchcodec.decoders.AudioDecoder.html#torchcodec.decoders.AudioDecoder.
  warnings.warn(
/nas2/data/dlwmznzl1/anaconda3/envs/Dist2/lib/python3.9/site-packages/torchaudio/_backend/utils.py:213: UserWarning: In 2.9, this function's implementation will be changed to use torchaudio.load_with_torchcodec` under the hood. Some parameters like ``normalize``, ``format``, ``buffer_size``, and ``backend`` will be ignored. We recommend that you port your code to rely directly on TorchCodec's decoder instead: https://docs.pytorch.org/torchcodec/stable/generated/torchcodec.decoders.AudioDecoder.html#torchcodec.decoders.AudioDecoder.
  warnings.warn(
/nas2/data/dlwmznzl1/anaconda3/envs/Dist2/lib/python3.9/site-packages/torchaudio/_backend/utils.py:213: UserWarning: In 2.9, this function's implementation will be changed to use torchaudio.load_with_torchcodec` under the hood. Some parameters like ``normalize``, ``format``, ``buffer_size``, and ``backend`` will be ignored. We recommend that you port your code to rely directly on TorchCodec's decoder instead: https://docs.pytorch.org/torchcodec/stable/generated/torchcodec.decoders.AudioDecoder.html#torchcodec.decoders.AudioDecoder.
  warnings.warn(
Traceback (most recent call last):
  File "/nas2/data/dlwmznzl1/anaconda3/envs/Dist2/lib/python3.9/multiprocessing/util.py", line 300, in _run_finalizers
    finalizer()
  File "/nas2/data/dlwmznzl1/anaconda3/envs/Dist2/lib/python3.9/multiprocessing/util.py", line 224, in __call__
    res = self._callback(*self._args, **self._kwargs)
  File "/nas2/data/dlwmznzl1/anaconda3/envs/Dist2/lib/python3.9/multiprocessing/util.py", line 133, in _remove_temp_dir
    rmtree(tempdir)
  File "/nas2/data/dlwmznzl1/anaconda3/envs/Dist2/lib/python3.9/shutil.py", line 734, in rmtree
    _rmtree_safe_fd(fd, path, onerror)
  File "/nas2/data/dlwmznzl1/anaconda3/envs/Dist2/lib/python3.9/shutil.py", line 690, in _rmtree_safe_fd
    onerror(os.unlink, fullname, sys.exc_info())
  File "/nas2/data/dlwmznzl1/anaconda3/envs/Dist2/lib/python3.9/shutil.py", line 688, in _rmtree_safe_fd
    os.unlink(entry.name, dir_fd=topfd)
OSError: [Errno 16] Device or resource busy: '.nfs000000002c128f7100000b3c'
Traceback (most recent call last):
Traceback (most recent call last):
  File "/nas2/data/dlwmznzl1/anaconda3/envs/Dist2/lib/python3.9/multiprocessing/util.py", line 300, in _run_finalizers
    finalizer()
  File "/nas2/data/dlwmznzl1/anaconda3/envs/Dist2/lib/python3.9/multiprocessing/util.py", line 300, in _run_finalizers
    finalizer()
  File "/nas2/data/dlwmznzl1/anaconda3/envs/Dist2/lib/python3.9/multiprocessing/util.py", line 224, in __call__
    res = self._callback(*self._args, **self._kwargs)
  File "/nas2/data/dlwmznzl1/anaconda3/envs/Dist2/lib/python3.9/multiprocessing/util.py", line 224, in __call__
    res = self._callback(*self._args, **self._kwargs)
  File "/nas2/data/dlwmznzl1/anaconda3/envs/Dist2/lib/python3.9/multiprocessing/util.py", line 133, in _remove_temp_dir
    rmtree(tempdir)
  File "/nas2/data/dlwmznzl1/anaconda3/envs/Dist2/lib/python3.9/multiprocessing/util.py", line 133, in _remove_temp_dir
    rmtree(tempdir)
  File "/nas2/data/dlwmznzl1/anaconda3/envs/Dist2/lib/python3.9/shutil.py", line 734, in rmtree
    _rmtree_safe_fd(fd, path, onerror)
  File "/nas2/data/dlwmznzl1/anaconda3/envs/Dist2/lib/python3.9/shutil.py", line 734, in rmtree
    _rmtree_safe_fd(fd, path, onerror)
  File "/nas2/data/dlwmznzl1/anaconda3/envs/Dist2/lib/python3.9/shutil.py", line 690, in _rmtree_safe_fd
    onerror(os.unlink, fullname, sys.exc_info())
  File "/nas2/data/dlwmznzl1/anaconda3/envs/Dist2/lib/python3.9/shutil.py", line 690, in _rmtree_safe_fd
    onerror(os.unlink, fullname, sys.exc_info())
  File "/nas2/data/dlwmznzl1/anaconda3/envs/Dist2/lib/python3.9/shutil.py", line 688, in _rmtree_safe_fd
    os.unlink(entry.name, dir_fd=topfd)
  File "/nas2/data/dlwmznzl1/anaconda3/envs/Dist2/lib/python3.9/shutil.py", line 688, in _rmtree_safe_fd
    os.unlink(entry.name, dir_fd=topfd)
OSError: [Errno 16] Device or resource busy: '.nfs000000002c128f6b00000b3e'
OSError: [Errno 16] Device or resource busy: '.nfs000000002c128f6d00000b3d'
Traceback (most recent call last):
  File "/nas2/data/dlwmznzl1/anaconda3/envs/Dist2/lib/python3.9/multiprocessing/util.py", line 300, in _run_finalizers
    finalizer()
  File "/nas2/data/dlwmznzl1/anaconda3/envs/Dist2/lib/python3.9/multiprocessing/util.py", line 224, in __call__
    res = self._callback(*self._args, **self._kwargs)
  File "/nas2/data/dlwmznzl1/anaconda3/envs/Dist2/lib/python3.9/multiprocessing/util.py", line 133, in _remove_temp_dir
    rmtree(tempdir)
  File "/nas2/data/dlwmznzl1/anaconda3/envs/Dist2/lib/python3.9/shutil.py", line 734, in rmtree
    _rmtree_safe_fd(fd, path, onerror)
  File "/nas2/data/dlwmznzl1/anaconda3/envs/Dist2/lib/python3.9/shutil.py", line 690, in _rmtree_safe_fd
    onerror(os.unlink, fullname, sys.exc_info())
  File "/nas2/data/dlwmznzl1/anaconda3/envs/Dist2/lib/python3.9/shutil.py", line 688, in _rmtree_safe_fd
    os.unlink(entry.name, dir_fd=topfd)
OSError: [Errno 16] Device or resource busy: '.nfs000000002c128f6f00000b3f'
/nas2/data/dlwmznzl1/anaconda3/envs/Dist2/lib/python3.9/site-packages/torchaudio/_backend/utils.py:213: UserWarning: In 2.9, this function's implementation will be changed to use torchaudio.load_with_torchcodec` under the hood. Some parameters like ``normalize``, ``format``, ``buffer_size``, and ``backend`` will be ignored. We recommend that you port your code to rely directly on TorchCodec's decoder instead: https://docs.pytorch.org/torchcodec/stable/generated/torchcodec.decoders.AudioDecoder.html#torchcodec.decoders.AudioDecoder.
  warnings.warn(
/nas2/data/dlwmznzl1/anaconda3/envs/Dist2/lib/python3.9/site-packages/torchaudio/_backend/utils.py:213: UserWarning: In 2.9, this function's implementation will be changed to use torchaudio.load_with_torchcodec` under the hood. Some parameters like ``normalize``, ``format``, ``buffer_size``, and ``backend`` will be ignored. We recommend that you port your code to rely directly on TorchCodec's decoder instead: https://docs.pytorch.org/torchcodec/stable/generated/torchcodec.decoders.AudioDecoder.html#torchcodec.decoders.AudioDecoder.
  warnings.warn(
/nas2/data/dlwmznzl1/anaconda3/envs/Dist2/lib/python3.9/site-packages/torchaudio/_backend/utils.py:213: UserWarning: In 2.9, this function's implementation will be changed to use torchaudio.load_with_torchcodec` under the hood. Some parameters like ``normalize``, ``format``, ``buffer_size``, and ``backend`` will be ignored. We recommend that you port your code to rely directly on TorchCodec's decoder instead: https://docs.pytorch.org/torchcodec/stable/generated/torchcodec.decoders.AudioDecoder.html#torchcodec.decoders.AudioDecoder.
  warnings.warn(
/nas2/data/dlwmznzl1/anaconda3/envs/Dist2/lib/python3.9/site-packages/torchaudio/_backend/utils.py:213: UserWarning: In 2.9, this function's implementation will be changed to use torchaudio.load_with_torchcodec` under the hood. Some parameters like ``normalize``, ``format``, ``buffer_size``, and ``backend`` will be ignored. We recommend that you port your code to rely directly on TorchCodec's decoder instead: https://docs.pytorch.org/torchcodec/stable/generated/torchcodec.decoders.AudioDecoder.html#torchcodec.decoders.AudioDecoder.
  warnings.warn(
Traceback (most recent call last):
  File "/nas2/data/dlwmznzl1/anaconda3/envs/Dist2/lib/python3.9/multiprocessing/util.py", line 300, in _run_finalizers
    finalizer()
  File "/nas2/data/dlwmznzl1/anaconda3/envs/Dist2/lib/python3.9/multiprocessing/util.py", line 224, in __call__
    res = self._callback(*self._args, **self._kwargs)
  File "/nas2/data/dlwmznzl1/anaconda3/envs/Dist2/lib/python3.9/multiprocessing/util.py", line 133, in _remove_temp_dir
    rmtree(tempdir)
  File "/nas2/data/dlwmznzl1/anaconda3/envs/Dist2/lib/python3.9/shutil.py", line 734, in rmtree
    _rmtree_safe_fd(fd, path, onerror)
  File "/nas2/data/dlwmznzl1/anaconda3/envs/Dist2/lib/python3.9/shutil.py", line 690, in _rmtree_safe_fd
    onerror(os.unlink, fullname, sys.exc_info())
  File "/nas2/data/dlwmznzl1/anaconda3/envs/Dist2/lib/python3.9/shutil.py", line 688, in _rmtree_safe_fd
    os.unlink(entry.name, dir_fd=topfd)
OSError: [Errno 16] Device or resource busy: '.nfs000000002c128f7500000b40'
Traceback (most recent call last):
Traceback (most recent call last):
  File "/nas2/data/dlwmznzl1/anaconda3/envs/Dist2/lib/python3.9/multiprocessing/util.py", line 300, in _run_finalizers
    finalizer()
  File "/nas2/data/dlwmznzl1/anaconda3/envs/Dist2/lib/python3.9/multiprocessing/util.py", line 224, in __call__
    res = self._callback(*self._args, **self._kwargs)
  File "/nas2/data/dlwmznzl1/anaconda3/envs/Dist2/lib/python3.9/multiprocessing/util.py", line 300, in _run_finalizers
    finalizer()
  File "/nas2/data/dlwmznzl1/anaconda3/envs/Dist2/lib/python3.9/multiprocessing/util.py", line 133, in _remove_temp_dir
    rmtree(tempdir)
  File "/nas2/data/dlwmznzl1/anaconda3/envs/Dist2/lib/python3.9/multiprocessing/util.py", line 224, in __call__
    res = self._callback(*self._args, **self._kwargs)
  File "/nas2/data/dlwmznzl1/anaconda3/envs/Dist2/lib/python3.9/shutil.py", line 734, in rmtree
    _rmtree_safe_fd(fd, path, onerror)
  File "/nas2/data/dlwmznzl1/anaconda3/envs/Dist2/lib/python3.9/multiprocessing/util.py", line 133, in _remove_temp_dir
    rmtree(tempdir)
  File "/nas2/data/dlwmznzl1/anaconda3/envs/Dist2/lib/python3.9/shutil.py", line 690, in _rmtree_safe_fd
    onerror(os.unlink, fullname, sys.exc_info())
  File "/nas2/data/dlwmznzl1/anaconda3/envs/Dist2/lib/python3.9/shutil.py", line 734, in rmtree
    _rmtree_safe_fd(fd, path, onerror)
  File "/nas2/data/dlwmznzl1/anaconda3/envs/Dist2/lib/python3.9/shutil.py", line 688, in _rmtree_safe_fd
    os.unlink(entry.name, dir_fd=topfd)
  File "/nas2/data/dlwmznzl1/anaconda3/envs/Dist2/lib/python3.9/shutil.py", line 690, in _rmtree_safe_fd
    onerror(os.unlink, fullname, sys.exc_info())
  File "/nas2/data/dlwmznzl1/anaconda3/envs/Dist2/lib/python3.9/shutil.py", line 688, in _rmtree_safe_fd
    os.unlink(entry.name, dir_fd=topfd)
OSError: [Errno 16] Device or resource busy: '.nfs000000002c128f7300000b41'
OSError: [Errno 16] Device or resource busy: '.nfs000000002c128f7400000b42'
Traceback (most recent call last):
  File "/nas2/data/dlwmznzl1/anaconda3/envs/Dist2/lib/python3.9/multiprocessing/util.py", line 300, in _run_finalizers
    finalizer()
  File "/nas2/data/dlwmznzl1/anaconda3/envs/Dist2/lib/python3.9/multiprocessing/util.py", line 224, in __call__
    res = self._callback(*self._args, **self._kwargs)
  File "/nas2/data/dlwmznzl1/anaconda3/envs/Dist2/lib/python3.9/multiprocessing/util.py", line 133, in _remove_temp_dir
    rmtree(tempdir)
  File "/nas2/data/dlwmznzl1/anaconda3/envs/Dist2/lib/python3.9/shutil.py", line 734, in rmtree
    _rmtree_safe_fd(fd, path, onerror)
  File "/nas2/data/dlwmznzl1/anaconda3/envs/Dist2/lib/python3.9/shutil.py", line 690, in _rmtree_safe_fd
    onerror(os.unlink, fullname, sys.exc_info())
  File "/nas2/data/dlwmznzl1/anaconda3/envs/Dist2/lib/python3.9/shutil.py", line 688, in _rmtree_safe_fd
    os.unlink(entry.name, dir_fd=topfd)
OSError: [Errno 16] Device or resource busy: '.nfs000000002c128f6d00000b43'
2025-11-15 07:14:25,380 DDP_Script [Rank 0] [INFO] val WER 1.000, CER 0.969, pseudo-acc 0.00%
2025-11-15 07:14:25,386 DDP_Script [Rank 0] [INFO] Saving checkpoint to ./checkpoints/job-029f4e204992/latest_checkpoint.pth ...
2025-11-15 07:14:31,799 DDP_Script [Rank 0] [INFO] Successfully reported epoch 4/20 (Acc: 0.00%) to global server.
2025-11-15 07:14:31,801 DDP_Script [Rank 0] [INFO] epoch 5 시작
2025-11-15 07:14:31,802 DDP_Script [Rank 0] [INFO] 모든 노드 중 max_steps = 64
2025-11-15 07:14:31,802 DDP_Script [Rank 0] [INFO] local_steps=64, global_steps=64
/nas2/data/dlwmznzl1/anaconda3/envs/Dist2/lib/python3.9/site-packages/torchaudio/_backend/utils.py:213: UserWarning: In 2.9, this function's implementation will be changed to use torchaudio.load_with_torchcodec` under the hood. Some parameters like ``normalize``, ``format``, ``buffer_size``, and ``backend`` will be ignored. We recommend that you port your code to rely directly on TorchCodec's decoder instead: https://docs.pytorch.org/torchcodec/stable/generated/torchcodec.decoders.AudioDecoder.html#torchcodec.decoders.AudioDecoder.
  warnings.warn(
/nas2/data/dlwmznzl1/anaconda3/envs/Dist2/lib/python3.9/site-packages/torchaudio/_backend/utils.py:213: UserWarning: In 2.9, this function's implementation will be changed to use torchaudio.load_with_torchcodec` under the hood. Some parameters like ``normalize``, ``format``, ``buffer_size``, and ``backend`` will be ignored. We recommend that you port your code to rely directly on TorchCodec's decoder instead: https://docs.pytorch.org/torchcodec/stable/generated/torchcodec.decoders.AudioDecoder.html#torchcodec.decoders.AudioDecoder.
  warnings.warn(
/nas2/data/dlwmznzl1/anaconda3/envs/Dist2/lib/python3.9/site-packages/torchaudio/_backend/utils.py:213: UserWarning: In 2.9, this function's implementation will be changed to use torchaudio.load_with_torchcodec` under the hood. Some parameters like ``normalize``, ``format``, ``buffer_size``, and ``backend`` will be ignored. We recommend that you port your code to rely directly on TorchCodec's decoder instead: https://docs.pytorch.org/torchcodec/stable/generated/torchcodec.decoders.AudioDecoder.html#torchcodec.decoders.AudioDecoder.
  warnings.warn(
/nas2/data/dlwmznzl1/anaconda3/envs/Dist2/lib/python3.9/site-packages/torchaudio/_backend/utils.py:213: UserWarning: In 2.9, this function's implementation will be changed to use torchaudio.load_with_torchcodec` under the hood. Some parameters like ``normalize``, ``format``, ``buffer_size``, and ``backend`` will be ignored. We recommend that you port your code to rely directly on TorchCodec's decoder instead: https://docs.pytorch.org/torchcodec/stable/generated/torchcodec.decoders.AudioDecoder.html#torchcodec.decoders.AudioDecoder.
  warnings.warn(
Traceback (most recent call last):
  File "/nas2/data/dlwmznzl1/anaconda3/envs/Dist2/lib/python3.9/multiprocessing/util.py", line 300, in _run_finalizers
    finalizer()
  File "/nas2/data/dlwmznzl1/anaconda3/envs/Dist2/lib/python3.9/multiprocessing/util.py", line 224, in __call__
    res = self._callback(*self._args, **self._kwargs)
  File "/nas2/data/dlwmznzl1/anaconda3/envs/Dist2/lib/python3.9/multiprocessing/util.py", line 133, in _remove_temp_dir
    rmtree(tempdir)
  File "/nas2/data/dlwmznzl1/anaconda3/envs/Dist2/lib/python3.9/shutil.py", line 734, in rmtree
    _rmtree_safe_fd(fd, path, onerror)
  File "/nas2/data/dlwmznzl1/anaconda3/envs/Dist2/lib/python3.9/shutil.py", line 690, in _rmtree_safe_fd
    onerror(os.unlink, fullname, sys.exc_info())
  File "/nas2/data/dlwmznzl1/anaconda3/envs/Dist2/lib/python3.9/shutil.py", line 688, in _rmtree_safe_fd
    os.unlink(entry.name, dir_fd=topfd)
OSError: [Errno 16] Device or resource busy: '.nfs000000002c128f9c00000b44'
Traceback (most recent call last):
  File "/nas2/data/dlwmznzl1/anaconda3/envs/Dist2/lib/python3.9/multiprocessing/util.py", line 300, in _run_finalizers
    finalizer()
  File "/nas2/data/dlwmznzl1/anaconda3/envs/Dist2/lib/python3.9/multiprocessing/util.py", line 224, in __call__
    res = self._callback(*self._args, **self._kwargs)
  File "/nas2/data/dlwmznzl1/anaconda3/envs/Dist2/lib/python3.9/multiprocessing/util.py", line 133, in _remove_temp_dir
    rmtree(tempdir)
  File "/nas2/data/dlwmznzl1/anaconda3/envs/Dist2/lib/python3.9/shutil.py", line 734, in rmtree
    _rmtree_safe_fd(fd, path, onerror)
  File "/nas2/data/dlwmznzl1/anaconda3/envs/Dist2/lib/python3.9/shutil.py", line 690, in _rmtree_safe_fd
    onerror(os.unlink, fullname, sys.exc_info())
  File "/nas2/data/dlwmznzl1/anaconda3/envs/Dist2/lib/python3.9/shutil.py", line 688, in _rmtree_safe_fd
    os.unlink(entry.name, dir_fd=topfd)
OSError: [Errno 16] Device or resource busy: '.nfs000000002c128f9d00000b45'
Traceback (most recent call last):
  File "/nas2/data/dlwmznzl1/anaconda3/envs/Dist2/lib/python3.9/multiprocessing/util.py", line 300, in _run_finalizers
    finalizer()
  File "/nas2/data/dlwmznzl1/anaconda3/envs/Dist2/lib/python3.9/multiprocessing/util.py", line 224, in __call__
    res = self._callback(*self._args, **self._kwargs)
  File "/nas2/data/dlwmznzl1/anaconda3/envs/Dist2/lib/python3.9/multiprocessing/util.py", line 133, in _remove_temp_dir
    rmtree(tempdir)
  File "/nas2/data/dlwmznzl1/anaconda3/envs/Dist2/lib/python3.9/shutil.py", line 734, in rmtree
    _rmtree_safe_fd(fd, path, onerror)
  File "/nas2/data/dlwmznzl1/anaconda3/envs/Dist2/lib/python3.9/shutil.py", line 690, in _rmtree_safe_fd
    onerror(os.unlink, fullname, sys.exc_info())
  File "/nas2/data/dlwmznzl1/anaconda3/envs/Dist2/lib/python3.9/shutil.py", line 688, in _rmtree_safe_fd
    os.unlink(entry.name, dir_fd=topfd)
OSError: [Errno 16] Device or resource busy: '.nfs000000002c128fa100000b46'
Traceback (most recent call last):
  File "/nas2/data/dlwmznzl1/anaconda3/envs/Dist2/lib/python3.9/multiprocessing/util.py", line 300, in _run_finalizers
    finalizer()
  File "/nas2/data/dlwmznzl1/anaconda3/envs/Dist2/lib/python3.9/multiprocessing/util.py", line 224, in __call__
    res = self._callback(*self._args, **self._kwargs)
  File "/nas2/data/dlwmznzl1/anaconda3/envs/Dist2/lib/python3.9/multiprocessing/util.py", line 133, in _remove_temp_dir
    rmtree(tempdir)
  File "/nas2/data/dlwmznzl1/anaconda3/envs/Dist2/lib/python3.9/shutil.py", line 734, in rmtree
    _rmtree_safe_fd(fd, path, onerror)
  File "/nas2/data/dlwmznzl1/anaconda3/envs/Dist2/lib/python3.9/shutil.py", line 690, in _rmtree_safe_fd
    onerror(os.unlink, fullname, sys.exc_info())
  File "/nas2/data/dlwmznzl1/anaconda3/envs/Dist2/lib/python3.9/shutil.py", line 688, in _rmtree_safe_fd
    os.unlink(entry.name, dir_fd=topfd)
OSError: [Errno 16] Device or resource busy: '.nfs000000002c128fa000000b47'
/nas2/data/dlwmznzl1/anaconda3/envs/Dist2/lib/python3.9/site-packages/torchaudio/_backend/utils.py:213: UserWarning: In 2.9, this function's implementation will be changed to use torchaudio.load_with_torchcodec` under the hood. Some parameters like ``normalize``, ``format``, ``buffer_size``, and ``backend`` will be ignored. We recommend that you port your code to rely directly on TorchCodec's decoder instead: https://docs.pytorch.org/torchcodec/stable/generated/torchcodec.decoders.AudioDecoder.html#torchcodec.decoders.AudioDecoder.
  warnings.warn(
/nas2/data/dlwmznzl1/anaconda3/envs/Dist2/lib/python3.9/site-packages/torchaudio/_backend/utils.py:213: UserWarning: In 2.9, this function's implementation will be changed to use torchaudio.load_with_torchcodec` under the hood. Some parameters like ``normalize``, ``format``, ``buffer_size``, and ``backend`` will be ignored. We recommend that you port your code to rely directly on TorchCodec's decoder instead: https://docs.pytorch.org/torchcodec/stable/generated/torchcodec.decoders.AudioDecoder.html#torchcodec.decoders.AudioDecoder.
  warnings.warn(
/nas2/data/dlwmznzl1/anaconda3/envs/Dist2/lib/python3.9/site-packages/torchaudio/_backend/utils.py:213: UserWarning: In 2.9, this function's implementation will be changed to use torchaudio.load_with_torchcodec` under the hood. Some parameters like ``normalize``, ``format``, ``buffer_size``, and ``backend`` will be ignored. We recommend that you port your code to rely directly on TorchCodec's decoder instead: https://docs.pytorch.org/torchcodec/stable/generated/torchcodec.decoders.AudioDecoder.html#torchcodec.decoders.AudioDecoder.
  warnings.warn(
/nas2/data/dlwmznzl1/anaconda3/envs/Dist2/lib/python3.9/site-packages/torchaudio/_backend/utils.py:213: UserWarning: In 2.9, this function's implementation will be changed to use torchaudio.load_with_torchcodec` under the hood. Some parameters like ``normalize``, ``format``, ``buffer_size``, and ``backend`` will be ignored. We recommend that you port your code to rely directly on TorchCodec's decoder instead: https://docs.pytorch.org/torchcodec/stable/generated/torchcodec.decoders.AudioDecoder.html#torchcodec.decoders.AudioDecoder.
  warnings.warn(
Traceback (most recent call last):
  File "/nas2/data/dlwmznzl1/anaconda3/envs/Dist2/lib/python3.9/multiprocessing/util.py", line 300, in _run_finalizers
    finalizer()
  File "/nas2/data/dlwmznzl1/anaconda3/envs/Dist2/lib/python3.9/multiprocessing/util.py", line 224, in __call__
    res = self._callback(*self._args, **self._kwargs)
Traceback (most recent call last):
  File "/nas2/data/dlwmznzl1/anaconda3/envs/Dist2/lib/python3.9/multiprocessing/util.py", line 133, in _remove_temp_dir
    rmtree(tempdir)
  File "/nas2/data/dlwmznzl1/anaconda3/envs/Dist2/lib/python3.9/shutil.py", line 734, in rmtree
    _rmtree_safe_fd(fd, path, onerror)
  File "/nas2/data/dlwmznzl1/anaconda3/envs/Dist2/lib/python3.9/shutil.py", line 690, in _rmtree_safe_fd
    onerror(os.unlink, fullname, sys.exc_info())
  File "/nas2/data/dlwmznzl1/anaconda3/envs/Dist2/lib/python3.9/shutil.py", line 688, in _rmtree_safe_fd
    os.unlink(entry.name, dir_fd=topfd)
OSError: [Errno 16] Device or resource busy: '.nfs000000002c12901100000b4a'
  File "/nas2/data/dlwmznzl1/anaconda3/envs/Dist2/lib/python3.9/multiprocessing/util.py", line 300, in _run_finalizers
    finalizer()
  File "/nas2/data/dlwmznzl1/anaconda3/envs/Dist2/lib/python3.9/multiprocessing/util.py", line 224, in __call__
    res = self._callback(*self._args, **self._kwargs)
  File "/nas2/data/dlwmznzl1/anaconda3/envs/Dist2/lib/python3.9/multiprocessing/util.py", line 133, in _remove_temp_dir
    rmtree(tempdir)
  File "/nas2/data/dlwmznzl1/anaconda3/envs/Dist2/lib/python3.9/shutil.py", line 734, in rmtree
    _rmtree_safe_fd(fd, path, onerror)
  File "/nas2/data/dlwmznzl1/anaconda3/envs/Dist2/lib/python3.9/shutil.py", line 690, in _rmtree_safe_fd
    onerror(os.unlink, fullname, sys.exc_info())
  File "/nas2/data/dlwmznzl1/anaconda3/envs/Dist2/lib/python3.9/shutil.py", line 688, in _rmtree_safe_fd
    os.unlink(entry.name, dir_fd=topfd)
OSError: [Errno 16] Device or resource busy: '.nfs000000002c128f9d00000b48'
Traceback (most recent call last):
  File "/nas2/data/dlwmznzl1/anaconda3/envs/Dist2/lib/python3.9/multiprocessing/util.py", line 300, in _run_finalizers
    finalizer()
  File "/nas2/data/dlwmznzl1/anaconda3/envs/Dist2/lib/python3.9/multiprocessing/util.py", line 224, in __call__
    res = self._callback(*self._args, **self._kwargs)
  File "/nas2/data/dlwmznzl1/anaconda3/envs/Dist2/lib/python3.9/multiprocessing/util.py", line 133, in _remove_temp_dir
    rmtree(tempdir)
  File "/nas2/data/dlwmznzl1/anaconda3/envs/Dist2/lib/python3.9/shutil.py", line 734, in rmtree
    _rmtree_safe_fd(fd, path, onerror)
  File "/nas2/data/dlwmznzl1/anaconda3/envs/Dist2/lib/python3.9/shutil.py", line 690, in _rmtree_safe_fd
    onerror(os.unlink, fullname, sys.exc_info())
  File "/nas2/data/dlwmznzl1/anaconda3/envs/Dist2/lib/python3.9/shutil.py", line 688, in _rmtree_safe_fd
    os.unlink(entry.name, dir_fd=topfd)
OSError: [Errno 16] Device or resource busy: '.nfs000000002c12901300000b49'
Traceback (most recent call last):
  File "/nas2/data/dlwmznzl1/anaconda3/envs/Dist2/lib/python3.9/multiprocessing/util.py", line 300, in _run_finalizers
    finalizer()
  File "/nas2/data/dlwmznzl1/anaconda3/envs/Dist2/lib/python3.9/multiprocessing/util.py", line 224, in __call__
    res = self._callback(*self._args, **self._kwargs)
  File "/nas2/data/dlwmznzl1/anaconda3/envs/Dist2/lib/python3.9/multiprocessing/util.py", line 133, in _remove_temp_dir
    rmtree(tempdir)
  File "/nas2/data/dlwmznzl1/anaconda3/envs/Dist2/lib/python3.9/shutil.py", line 734, in rmtree
    _rmtree_safe_fd(fd, path, onerror)
  File "/nas2/data/dlwmznzl1/anaconda3/envs/Dist2/lib/python3.9/shutil.py", line 690, in _rmtree_safe_fd
    onerror(os.unlink, fullname, sys.exc_info())
  File "/nas2/data/dlwmznzl1/anaconda3/envs/Dist2/lib/python3.9/shutil.py", line 688, in _rmtree_safe_fd
    os.unlink(entry.name, dir_fd=topfd)
OSError: [Errno 16] Device or resource busy: '.nfs000000002c12901000000b4b'
2025-11-15 07:14:37,936 DDP_Script [Rank 0] [INFO] val WER 0.986, CER 0.979, pseudo-acc 1.40%
2025-11-15 07:14:37,955 DDP_Script [Rank 0] [INFO] Saving checkpoint to ./checkpoints/job-029f4e204992/latest_checkpoint.pth ...
2025-11-15 07:14:46,336 DDP_Script [Rank 0] [INFO] Successfully reported epoch 5/20 (Acc: 1.40%) to global server.
2025-11-15 07:14:46,338 DDP_Script [Rank 0] [INFO] epoch 6 시작
2025-11-15 07:14:46,339 DDP_Script [Rank 0] [INFO] 모든 노드 중 max_steps = 64
2025-11-15 07:14:46,340 DDP_Script [Rank 0] [INFO] local_steps=64, global_steps=64
/nas2/data/dlwmznzl1/anaconda3/envs/Dist2/lib/python3.9/site-packages/torchaudio/_backend/utils.py:213: UserWarning: In 2.9, this function's implementation will be changed to use torchaudio.load_with_torchcodec` under the hood. Some parameters like ``normalize``, ``format``, ``buffer_size``, and ``backend`` will be ignored. We recommend that you port your code to rely directly on TorchCodec's decoder instead: https://docs.pytorch.org/torchcodec/stable/generated/torchcodec.decoders.AudioDecoder.html#torchcodec.decoders.AudioDecoder.
  warnings.warn(
/nas2/data/dlwmznzl1/anaconda3/envs/Dist2/lib/python3.9/site-packages/torchaudio/_backend/utils.py:213: UserWarning: In 2.9, this function's implementation will be changed to use torchaudio.load_with_torchcodec` under the hood. Some parameters like ``normalize``, ``format``, ``buffer_size``, and ``backend`` will be ignored. We recommend that you port your code to rely directly on TorchCodec's decoder instead: https://docs.pytorch.org/torchcodec/stable/generated/torchcodec.decoders.AudioDecoder.html#torchcodec.decoders.AudioDecoder.
  warnings.warn(
/nas2/data/dlwmznzl1/anaconda3/envs/Dist2/lib/python3.9/site-packages/torchaudio/_backend/utils.py:213: UserWarning: In 2.9, this function's implementation will be changed to use torchaudio.load_with_torchcodec` under the hood. Some parameters like ``normalize``, ``format``, ``buffer_size``, and ``backend`` will be ignored. We recommend that you port your code to rely directly on TorchCodec's decoder instead: https://docs.pytorch.org/torchcodec/stable/generated/torchcodec.decoders.AudioDecoder.html#torchcodec.decoders.AudioDecoder.
  warnings.warn(
/nas2/data/dlwmznzl1/anaconda3/envs/Dist2/lib/python3.9/site-packages/torchaudio/_backend/utils.py:213: UserWarning: In 2.9, this function's implementation will be changed to use torchaudio.load_with_torchcodec` under the hood. Some parameters like ``normalize``, ``format``, ``buffer_size``, and ``backend`` will be ignored. We recommend that you port your code to rely directly on TorchCodec's decoder instead: https://docs.pytorch.org/torchcodec/stable/generated/torchcodec.decoders.AudioDecoder.html#torchcodec.decoders.AudioDecoder.
  warnings.warn(
Traceback (most recent call last):
Traceback (most recent call last):
  File "/nas2/data/dlwmznzl1/anaconda3/envs/Dist2/lib/python3.9/multiprocessing/util.py", line 300, in _run_finalizers
    finalizer()
  File "/nas2/data/dlwmznzl1/anaconda3/envs/Dist2/lib/python3.9/multiprocessing/util.py", line 300, in _run_finalizers
    finalizer()
  File "/nas2/data/dlwmznzl1/anaconda3/envs/Dist2/lib/python3.9/multiprocessing/util.py", line 224, in __call__
    res = self._callback(*self._args, **self._kwargs)
  File "/nas2/data/dlwmznzl1/anaconda3/envs/Dist2/lib/python3.9/multiprocessing/util.py", line 224, in __call__
    res = self._callback(*self._args, **self._kwargs)
  File "/nas2/data/dlwmznzl1/anaconda3/envs/Dist2/lib/python3.9/multiprocessing/util.py", line 133, in _remove_temp_dir
    rmtree(tempdir)
  File "/nas2/data/dlwmznzl1/anaconda3/envs/Dist2/lib/python3.9/multiprocessing/util.py", line 133, in _remove_temp_dir
    rmtree(tempdir)
  File "/nas2/data/dlwmznzl1/anaconda3/envs/Dist2/lib/python3.9/shutil.py", line 734, in rmtree
    _rmtree_safe_fd(fd, path, onerror)
  File "/nas2/data/dlwmznzl1/anaconda3/envs/Dist2/lib/python3.9/shutil.py", line 734, in rmtree
    _rmtree_safe_fd(fd, path, onerror)
  File "/nas2/data/dlwmznzl1/anaconda3/envs/Dist2/lib/python3.9/shutil.py", line 690, in _rmtree_safe_fd
    onerror(os.unlink, fullname, sys.exc_info())
  File "/nas2/data/dlwmznzl1/anaconda3/envs/Dist2/lib/python3.9/shutil.py", line 690, in _rmtree_safe_fd
    onerror(os.unlink, fullname, sys.exc_info())
  File "/nas2/data/dlwmznzl1/anaconda3/envs/Dist2/lib/python3.9/shutil.py", line 688, in _rmtree_safe_fd
    os.unlink(entry.name, dir_fd=topfd)
  File "/nas2/data/dlwmznzl1/anaconda3/envs/Dist2/lib/python3.9/shutil.py", line 688, in _rmtree_safe_fd
    os.unlink(entry.name, dir_fd=topfd)
OSError: [Errno 16] Device or resource busy: '.nfs000000002c12901700000b4c'
OSError: [Errno 16] Device or resource busy: '.nfs000000002c12901500000b4d'
Traceback (most recent call last):
  File "/nas2/data/dlwmznzl1/anaconda3/envs/Dist2/lib/python3.9/multiprocessing/util.py", line 300, in _run_finalizers
    finalizer()
  File "/nas2/data/dlwmznzl1/anaconda3/envs/Dist2/lib/python3.9/multiprocessing/util.py", line 224, in __call__
    res = self._callback(*self._args, **self._kwargs)
Traceback (most recent call last):
  File "/nas2/data/dlwmznzl1/anaconda3/envs/Dist2/lib/python3.9/multiprocessing/util.py", line 133, in _remove_temp_dir
    rmtree(tempdir)
  File "/nas2/data/dlwmznzl1/anaconda3/envs/Dist2/lib/python3.9/shutil.py", line 734, in rmtree
    _rmtree_safe_fd(fd, path, onerror)
  File "/nas2/data/dlwmznzl1/anaconda3/envs/Dist2/lib/python3.9/shutil.py", line 690, in _rmtree_safe_fd
    onerror(os.unlink, fullname, sys.exc_info())
  File "/nas2/data/dlwmznzl1/anaconda3/envs/Dist2/lib/python3.9/shutil.py", line 688, in _rmtree_safe_fd
    os.unlink(entry.name, dir_fd=topfd)
OSError: [Errno 16] Device or resource busy: '.nfs000000002c12901000000b4f'
  File "/nas2/data/dlwmznzl1/anaconda3/envs/Dist2/lib/python3.9/multiprocessing/util.py", line 300, in _run_finalizers
    finalizer()
  File "/nas2/data/dlwmznzl1/anaconda3/envs/Dist2/lib/python3.9/multiprocessing/util.py", line 224, in __call__
    res = self._callback(*self._args, **self._kwargs)
  File "/nas2/data/dlwmznzl1/anaconda3/envs/Dist2/lib/python3.9/multiprocessing/util.py", line 133, in _remove_temp_dir
    rmtree(tempdir)
  File "/nas2/data/dlwmznzl1/anaconda3/envs/Dist2/lib/python3.9/shutil.py", line 734, in rmtree
    _rmtree_safe_fd(fd, path, onerror)
  File "/nas2/data/dlwmznzl1/anaconda3/envs/Dist2/lib/python3.9/shutil.py", line 690, in _rmtree_safe_fd
    onerror(os.unlink, fullname, sys.exc_info())
  File "/nas2/data/dlwmznzl1/anaconda3/envs/Dist2/lib/python3.9/shutil.py", line 688, in _rmtree_safe_fd
    os.unlink(entry.name, dir_fd=topfd)
OSError: [Errno 16] Device or resource busy: '.nfs000000002c12901300000b4e'
/nas2/data/dlwmznzl1/anaconda3/envs/Dist2/lib/python3.9/site-packages/torchaudio/_backend/utils.py:213: UserWarning: In 2.9, this function's implementation will be changed to use torchaudio.load_with_torchcodec` under the hood. Some parameters like ``normalize``, ``format``, ``buffer_size``, and ``backend`` will be ignored. We recommend that you port your code to rely directly on TorchCodec's decoder instead: https://docs.pytorch.org/torchcodec/stable/generated/torchcodec.decoders.AudioDecoder.html#torchcodec.decoders.AudioDecoder.
  warnings.warn(
/nas2/data/dlwmznzl1/anaconda3/envs/Dist2/lib/python3.9/site-packages/torchaudio/_backend/utils.py:213: UserWarning: In 2.9, this function's implementation will be changed to use torchaudio.load_with_torchcodec` under the hood. Some parameters like ``normalize``, ``format``, ``buffer_size``, and ``backend`` will be ignored. We recommend that you port your code to rely directly on TorchCodec's decoder instead: https://docs.pytorch.org/torchcodec/stable/generated/torchcodec.decoders.AudioDecoder.html#torchcodec.decoders.AudioDecoder.
  warnings.warn(
/nas2/data/dlwmznzl1/anaconda3/envs/Dist2/lib/python3.9/site-packages/torchaudio/_backend/utils.py:213: UserWarning: In 2.9, this function's implementation will be changed to use torchaudio.load_with_torchcodec` under the hood. Some parameters like ``normalize``, ``format``, ``buffer_size``, and ``backend`` will be ignored. We recommend that you port your code to rely directly on TorchCodec's decoder instead: https://docs.pytorch.org/torchcodec/stable/generated/torchcodec.decoders.AudioDecoder.html#torchcodec.decoders.AudioDecoder.
  warnings.warn(
/nas2/data/dlwmznzl1/anaconda3/envs/Dist2/lib/python3.9/site-packages/torchaudio/_backend/utils.py:213: UserWarning: In 2.9, this function's implementation will be changed to use torchaudio.load_with_torchcodec` under the hood. Some parameters like ``normalize``, ``format``, ``buffer_size``, and ``backend`` will be ignored. We recommend that you port your code to rely directly on TorchCodec's decoder instead: https://docs.pytorch.org/torchcodec/stable/generated/torchcodec.decoders.AudioDecoder.html#torchcodec.decoders.AudioDecoder.
  warnings.warn(
Traceback (most recent call last):
  File "/nas2/data/dlwmznzl1/anaconda3/envs/Dist2/lib/python3.9/multiprocessing/util.py", line 300, in _run_finalizers
    finalizer()
  File "/nas2/data/dlwmznzl1/anaconda3/envs/Dist2/lib/python3.9/multiprocessing/util.py", line 224, in __call__
    res = self._callback(*self._args, **self._kwargs)
  File "/nas2/data/dlwmznzl1/anaconda3/envs/Dist2/lib/python3.9/multiprocessing/util.py", line 133, in _remove_temp_dir
    rmtree(tempdir)
  File "/nas2/data/dlwmznzl1/anaconda3/envs/Dist2/lib/python3.9/shutil.py", line 734, in rmtree
    _rmtree_safe_fd(fd, path, onerror)
  File "/nas2/data/dlwmznzl1/anaconda3/envs/Dist2/lib/python3.9/shutil.py", line 690, in _rmtree_safe_fd
    onerror(os.unlink, fullname, sys.exc_info())
  File "/nas2/data/dlwmznzl1/anaconda3/envs/Dist2/lib/python3.9/shutil.py", line 688, in _rmtree_safe_fd
    os.unlink(entry.name, dir_fd=topfd)
OSError: [Errno 16] Device or resource busy: '.nfs000000002c12901900000b52'
Traceback (most recent call last):
  File "/nas2/data/dlwmznzl1/anaconda3/envs/Dist2/lib/python3.9/multiprocessing/util.py", line 300, in _run_finalizers
    finalizer()
  File "/nas2/data/dlwmznzl1/anaconda3/envs/Dist2/lib/python3.9/multiprocessing/util.py", line 224, in __call__
    res = self._callback(*self._args, **self._kwargs)
  File "/nas2/data/dlwmznzl1/anaconda3/envs/Dist2/lib/python3.9/multiprocessing/util.py", line 133, in _remove_temp_dir
    rmtree(tempdir)
  File "/nas2/data/dlwmznzl1/anaconda3/envs/Dist2/lib/python3.9/shutil.py", line 734, in rmtree
    _rmtree_safe_fd(fd, path, onerror)
  File "/nas2/data/dlwmznzl1/anaconda3/envs/Dist2/lib/python3.9/shutil.py", line 690, in _rmtree_safe_fd
    onerror(os.unlink, fullname, sys.exc_info())
  File "/nas2/data/dlwmznzl1/anaconda3/envs/Dist2/lib/python3.9/shutil.py", line 688, in _rmtree_safe_fd
    os.unlink(entry.name, dir_fd=topfd)
OSError: [Errno 16] Device or resource busy: '.nfs000000002c12901b00000b51'
Traceback (most recent call last):
Traceback (most recent call last):
  File "/nas2/data/dlwmznzl1/anaconda3/envs/Dist2/lib/python3.9/multiprocessing/util.py", line 300, in _run_finalizers
    finalizer()
  File "/nas2/data/dlwmznzl1/anaconda3/envs/Dist2/lib/python3.9/multiprocessing/util.py", line 300, in _run_finalizers
    finalizer()
  File "/nas2/data/dlwmznzl1/anaconda3/envs/Dist2/lib/python3.9/multiprocessing/util.py", line 224, in __call__
    res = self._callback(*self._args, **self._kwargs)
  File "/nas2/data/dlwmznzl1/anaconda3/envs/Dist2/lib/python3.9/multiprocessing/util.py", line 224, in __call__
    res = self._callback(*self._args, **self._kwargs)
  File "/nas2/data/dlwmznzl1/anaconda3/envs/Dist2/lib/python3.9/multiprocessing/util.py", line 133, in _remove_temp_dir
    rmtree(tempdir)
  File "/nas2/data/dlwmznzl1/anaconda3/envs/Dist2/lib/python3.9/multiprocessing/util.py", line 133, in _remove_temp_dir
    rmtree(tempdir)
  File "/nas2/data/dlwmznzl1/anaconda3/envs/Dist2/lib/python3.9/shutil.py", line 734, in rmtree
    _rmtree_safe_fd(fd, path, onerror)
  File "/nas2/data/dlwmznzl1/anaconda3/envs/Dist2/lib/python3.9/shutil.py", line 734, in rmtree
    _rmtree_safe_fd(fd, path, onerror)
  File "/nas2/data/dlwmznzl1/anaconda3/envs/Dist2/lib/python3.9/shutil.py", line 690, in _rmtree_safe_fd
    onerror(os.unlink, fullname, sys.exc_info())
  File "/nas2/data/dlwmznzl1/anaconda3/envs/Dist2/lib/python3.9/shutil.py", line 690, in _rmtree_safe_fd
    onerror(os.unlink, fullname, sys.exc_info())
  File "/nas2/data/dlwmznzl1/anaconda3/envs/Dist2/lib/python3.9/shutil.py", line 688, in _rmtree_safe_fd
    os.unlink(entry.name, dir_fd=topfd)
  File "/nas2/data/dlwmznzl1/anaconda3/envs/Dist2/lib/python3.9/shutil.py", line 688, in _rmtree_safe_fd
    os.unlink(entry.name, dir_fd=topfd)
OSError: [Errno 16] Device or resource busy: '.nfs000000002c12901300000b50'
OSError: [Errno 16] Device or resource busy: '.nfs000000002c12901800000b53'
2025-11-15 07:14:52,506 DDP_Script [Rank 0] [INFO] val WER 0.979, CER 0.958, pseudo-acc 2.15%
2025-11-15 07:14:52,679 DDP_Script [Rank 0] [INFO] Saving checkpoint to ./checkpoints/job-029f4e204992/latest_checkpoint.pth ...
2025-11-15 07:14:59,805 DDP_Script [Rank 0] [INFO] Successfully reported epoch 6/20 (Acc: 2.15%) to global server.
2025-11-15 07:14:59,807 DDP_Script [Rank 0] [INFO] epoch 7 시작
2025-11-15 07:14:59,809 DDP_Script [Rank 0] [INFO] 모든 노드 중 max_steps = 64
2025-11-15 07:14:59,809 DDP_Script [Rank 0] [INFO] local_steps=64, global_steps=64
/nas2/data/dlwmznzl1/anaconda3/envs/Dist2/lib/python3.9/site-packages/torchaudio/_backend/utils.py:213: UserWarning: In 2.9, this function's implementation will be changed to use torchaudio.load_with_torchcodec` under the hood. Some parameters like ``normalize``, ``format``, ``buffer_size``, and ``backend`` will be ignored. We recommend that you port your code to rely directly on TorchCodec's decoder instead: https://docs.pytorch.org/torchcodec/stable/generated/torchcodec.decoders.AudioDecoder.html#torchcodec.decoders.AudioDecoder.
  warnings.warn(
/nas2/data/dlwmznzl1/anaconda3/envs/Dist2/lib/python3.9/site-packages/torchaudio/_backend/utils.py:213: UserWarning: In 2.9, this function's implementation will be changed to use torchaudio.load_with_torchcodec` under the hood. Some parameters like ``normalize``, ``format``, ``buffer_size``, and ``backend`` will be ignored. We recommend that you port your code to rely directly on TorchCodec's decoder instead: https://docs.pytorch.org/torchcodec/stable/generated/torchcodec.decoders.AudioDecoder.html#torchcodec.decoders.AudioDecoder.
  warnings.warn(
/nas2/data/dlwmznzl1/anaconda3/envs/Dist2/lib/python3.9/site-packages/torchaudio/_backend/utils.py:213: UserWarning: In 2.9, this function's implementation will be changed to use torchaudio.load_with_torchcodec` under the hood. Some parameters like ``normalize``, ``format``, ``buffer_size``, and ``backend`` will be ignored. We recommend that you port your code to rely directly on TorchCodec's decoder instead: https://docs.pytorch.org/torchcodec/stable/generated/torchcodec.decoders.AudioDecoder.html#torchcodec.decoders.AudioDecoder.
  warnings.warn(
/nas2/data/dlwmznzl1/anaconda3/envs/Dist2/lib/python3.9/site-packages/torchaudio/_backend/utils.py:213: UserWarning: In 2.9, this function's implementation will be changed to use torchaudio.load_with_torchcodec` under the hood. Some parameters like ``normalize``, ``format``, ``buffer_size``, and ``backend`` will be ignored. We recommend that you port your code to rely directly on TorchCodec's decoder instead: https://docs.pytorch.org/torchcodec/stable/generated/torchcodec.decoders.AudioDecoder.html#torchcodec.decoders.AudioDecoder.
  warnings.warn(
Traceback (most recent call last):
  File "/nas2/data/dlwmznzl1/anaconda3/envs/Dist2/lib/python3.9/multiprocessing/util.py", line 300, in _run_finalizers
    finalizer()
  File "/nas2/data/dlwmznzl1/anaconda3/envs/Dist2/lib/python3.9/multiprocessing/util.py", line 224, in __call__
    res = self._callback(*self._args, **self._kwargs)
  File "/nas2/data/dlwmznzl1/anaconda3/envs/Dist2/lib/python3.9/multiprocessing/util.py", line 133, in _remove_temp_dir
    rmtree(tempdir)
  File "/nas2/data/dlwmznzl1/anaconda3/envs/Dist2/lib/python3.9/shutil.py", line 734, in rmtree
    _rmtree_safe_fd(fd, path, onerror)
  File "/nas2/data/dlwmznzl1/anaconda3/envs/Dist2/lib/python3.9/shutil.py", line 690, in _rmtree_safe_fd
    onerror(os.unlink, fullname, sys.exc_info())
  File "/nas2/data/dlwmznzl1/anaconda3/envs/Dist2/lib/python3.9/shutil.py", line 688, in _rmtree_safe_fd
    os.unlink(entry.name, dir_fd=topfd)
OSError: [Errno 16] Device or resource busy: '.nfs000000002c12901800000b54'
Traceback (most recent call last):
Traceback (most recent call last):
  File "/nas2/data/dlwmznzl1/anaconda3/envs/Dist2/lib/python3.9/multiprocessing/util.py", line 300, in _run_finalizers
    finalizer()
  File "/nas2/data/dlwmznzl1/anaconda3/envs/Dist2/lib/python3.9/multiprocessing/util.py", line 300, in _run_finalizers
    finalizer()
  File "/nas2/data/dlwmznzl1/anaconda3/envs/Dist2/lib/python3.9/multiprocessing/util.py", line 224, in __call__
    res = self._callback(*self._args, **self._kwargs)
  File "/nas2/data/dlwmznzl1/anaconda3/envs/Dist2/lib/python3.9/multiprocessing/util.py", line 224, in __call__
    res = self._callback(*self._args, **self._kwargs)
  File "/nas2/data/dlwmznzl1/anaconda3/envs/Dist2/lib/python3.9/multiprocessing/util.py", line 133, in _remove_temp_dir
    rmtree(tempdir)
  File "/nas2/data/dlwmznzl1/anaconda3/envs/Dist2/lib/python3.9/multiprocessing/util.py", line 133, in _remove_temp_dir
    rmtree(tempdir)
  File "/nas2/data/dlwmznzl1/anaconda3/envs/Dist2/lib/python3.9/shutil.py", line 734, in rmtree
    _rmtree_safe_fd(fd, path, onerror)
  File "/nas2/data/dlwmznzl1/anaconda3/envs/Dist2/lib/python3.9/shutil.py", line 734, in rmtree
    _rmtree_safe_fd(fd, path, onerror)
  File "/nas2/data/dlwmznzl1/anaconda3/envs/Dist2/lib/python3.9/shutil.py", line 690, in _rmtree_safe_fd
    onerror(os.unlink, fullname, sys.exc_info())
  File "/nas2/data/dlwmznzl1/anaconda3/envs/Dist2/lib/python3.9/shutil.py", line 690, in _rmtree_safe_fd
    onerror(os.unlink, fullname, sys.exc_info())
  File "/nas2/data/dlwmznzl1/anaconda3/envs/Dist2/lib/python3.9/shutil.py", line 688, in _rmtree_safe_fd
    os.unlink(entry.name, dir_fd=topfd)
  File "/nas2/data/dlwmznzl1/anaconda3/envs/Dist2/lib/python3.9/shutil.py", line 688, in _rmtree_safe_fd
    os.unlink(entry.name, dir_fd=topfd)
OSError: [Errno 16] Device or resource busy: '.nfs000000002c12901c00000b57'
OSError: [Errno 16] Device or resource busy: '.nfs000000002c12901d00000b55'
Traceback (most recent call last):
  File "/nas2/data/dlwmznzl1/anaconda3/envs/Dist2/lib/python3.9/multiprocessing/util.py", line 300, in _run_finalizers
    finalizer()
  File "/nas2/data/dlwmznzl1/anaconda3/envs/Dist2/lib/python3.9/multiprocessing/util.py", line 224, in __call__
    res = self._callback(*self._args, **self._kwargs)
  File "/nas2/data/dlwmznzl1/anaconda3/envs/Dist2/lib/python3.9/multiprocessing/util.py", line 133, in _remove_temp_dir
    rmtree(tempdir)
  File "/nas2/data/dlwmznzl1/anaconda3/envs/Dist2/lib/python3.9/shutil.py", line 734, in rmtree
    _rmtree_safe_fd(fd, path, onerror)
  File "/nas2/data/dlwmznzl1/anaconda3/envs/Dist2/lib/python3.9/shutil.py", line 690, in _rmtree_safe_fd
    onerror(os.unlink, fullname, sys.exc_info())
  File "/nas2/data/dlwmznzl1/anaconda3/envs/Dist2/lib/python3.9/shutil.py", line 688, in _rmtree_safe_fd
    os.unlink(entry.name, dir_fd=topfd)
OSError: [Errno 16] Device or resource busy: '.nfs000000002c12901f00000b56'
/nas2/data/dlwmznzl1/anaconda3/envs/Dist2/lib/python3.9/site-packages/torchaudio/_backend/utils.py:213: UserWarning: In 2.9, this function's implementation will be changed to use torchaudio.load_with_torchcodec` under the hood. Some parameters like ``normalize``, ``format``, ``buffer_size``, and ``backend`` will be ignored. We recommend that you port your code to rely directly on TorchCodec's decoder instead: https://docs.pytorch.org/torchcodec/stable/generated/torchcodec.decoders.AudioDecoder.html#torchcodec.decoders.AudioDecoder.
  warnings.warn(
/nas2/data/dlwmznzl1/anaconda3/envs/Dist2/lib/python3.9/site-packages/torchaudio/_backend/utils.py:213: UserWarning: In 2.9, this function's implementation will be changed to use torchaudio.load_with_torchcodec` under the hood. Some parameters like ``normalize``, ``format``, ``buffer_size``, and ``backend`` will be ignored. We recommend that you port your code to rely directly on TorchCodec's decoder instead: https://docs.pytorch.org/torchcodec/stable/generated/torchcodec.decoders.AudioDecoder.html#torchcodec.decoders.AudioDecoder.
  warnings.warn(
/nas2/data/dlwmznzl1/anaconda3/envs/Dist2/lib/python3.9/site-packages/torchaudio/_backend/utils.py:213: UserWarning: In 2.9, this function's implementation will be changed to use torchaudio.load_with_torchcodec` under the hood. Some parameters like ``normalize``, ``format``, ``buffer_size``, and ``backend`` will be ignored. We recommend that you port your code to rely directly on TorchCodec's decoder instead: https://docs.pytorch.org/torchcodec/stable/generated/torchcodec.decoders.AudioDecoder.html#torchcodec.decoders.AudioDecoder.
  warnings.warn(
/nas2/data/dlwmznzl1/anaconda3/envs/Dist2/lib/python3.9/site-packages/torchaudio/_backend/utils.py:213: UserWarning: In 2.9, this function's implementation will be changed to use torchaudio.load_with_torchcodec` under the hood. Some parameters like ``normalize``, ``format``, ``buffer_size``, and ``backend`` will be ignored. We recommend that you port your code to rely directly on TorchCodec's decoder instead: https://docs.pytorch.org/torchcodec/stable/generated/torchcodec.decoders.AudioDecoder.html#torchcodec.decoders.AudioDecoder.
  warnings.warn(
Traceback (most recent call last):
  File "/nas2/data/dlwmznzl1/anaconda3/envs/Dist2/lib/python3.9/multiprocessing/util.py", line 300, in _run_finalizers
    finalizer()
  File "/nas2/data/dlwmznzl1/anaconda3/envs/Dist2/lib/python3.9/multiprocessing/util.py", line 224, in __call__
    res = self._callback(*self._args, **self._kwargs)
  File "/nas2/data/dlwmznzl1/anaconda3/envs/Dist2/lib/python3.9/multiprocessing/util.py", line 133, in _remove_temp_dir
    rmtree(tempdir)
  File "/nas2/data/dlwmznzl1/anaconda3/envs/Dist2/lib/python3.9/shutil.py", line 734, in rmtree
    _rmtree_safe_fd(fd, path, onerror)
  File "/nas2/data/dlwmznzl1/anaconda3/envs/Dist2/lib/python3.9/shutil.py", line 690, in _rmtree_safe_fd
    onerror(os.unlink, fullname, sys.exc_info())
  File "/nas2/data/dlwmznzl1/anaconda3/envs/Dist2/lib/python3.9/shutil.py", line 688, in _rmtree_safe_fd
    os.unlink(entry.name, dir_fd=topfd)
OSError: [Errno 16] Device or resource busy: '.nfs000000002c12901c00000b5a'
Traceback (most recent call last):
  File "/nas2/data/dlwmznzl1/anaconda3/envs/Dist2/lib/python3.9/multiprocessing/util.py", line 300, in _run_finalizers
    finalizer()
  File "/nas2/data/dlwmznzl1/anaconda3/envs/Dist2/lib/python3.9/multiprocessing/util.py", line 224, in __call__
    res = self._callback(*self._args, **self._kwargs)
  File "/nas2/data/dlwmznzl1/anaconda3/envs/Dist2/lib/python3.9/multiprocessing/util.py", line 133, in _remove_temp_dir
    rmtree(tempdir)
  File "/nas2/data/dlwmznzl1/anaconda3/envs/Dist2/lib/python3.9/shutil.py", line 734, in rmtree
    _rmtree_safe_fd(fd, path, onerror)
  File "/nas2/data/dlwmznzl1/anaconda3/envs/Dist2/lib/python3.9/shutil.py", line 690, in _rmtree_safe_fd
    onerror(os.unlink, fullname, sys.exc_info())
  File "/nas2/data/dlwmznzl1/anaconda3/envs/Dist2/lib/python3.9/shutil.py", line 688, in _rmtree_safe_fd
    os.unlink(entry.name, dir_fd=topfd)
OSError: [Errno 16] Device or resource busy: '.nfs000000002c12902300000b58'
Traceback (most recent call last):
  File "/nas2/data/dlwmznzl1/anaconda3/envs/Dist2/lib/python3.9/multiprocessing/util.py", line 300, in _run_finalizers
    finalizer()
  File "/nas2/data/dlwmznzl1/anaconda3/envs/Dist2/lib/python3.9/multiprocessing/util.py", line 224, in __call__
    res = self._callback(*self._args, **self._kwargs)
  File "/nas2/data/dlwmznzl1/anaconda3/envs/Dist2/lib/python3.9/multiprocessing/util.py", line 133, in _remove_temp_dir
    rmtree(tempdir)
  File "/nas2/data/dlwmznzl1/anaconda3/envs/Dist2/lib/python3.9/shutil.py", line 734, in rmtree
    _rmtree_safe_fd(fd, path, onerror)
  File "/nas2/data/dlwmznzl1/anaconda3/envs/Dist2/lib/python3.9/shutil.py", line 690, in _rmtree_safe_fd
    onerror(os.unlink, fullname, sys.exc_info())
Traceback (most recent call last):
  File "/nas2/data/dlwmznzl1/anaconda3/envs/Dist2/lib/python3.9/shutil.py", line 688, in _rmtree_safe_fd
    os.unlink(entry.name, dir_fd=topfd)
OSError: [Errno 16] Device or resource busy: '.nfs000000002c12902100000b59'
  File "/nas2/data/dlwmznzl1/anaconda3/envs/Dist2/lib/python3.9/multiprocessing/util.py", line 300, in _run_finalizers
    finalizer()
  File "/nas2/data/dlwmznzl1/anaconda3/envs/Dist2/lib/python3.9/multiprocessing/util.py", line 224, in __call__
    res = self._callback(*self._args, **self._kwargs)
  File "/nas2/data/dlwmznzl1/anaconda3/envs/Dist2/lib/python3.9/multiprocessing/util.py", line 133, in _remove_temp_dir
    rmtree(tempdir)
  File "/nas2/data/dlwmznzl1/anaconda3/envs/Dist2/lib/python3.9/shutil.py", line 734, in rmtree
    _rmtree_safe_fd(fd, path, onerror)
  File "/nas2/data/dlwmznzl1/anaconda3/envs/Dist2/lib/python3.9/shutil.py", line 690, in _rmtree_safe_fd
    onerror(os.unlink, fullname, sys.exc_info())
  File "/nas2/data/dlwmznzl1/anaconda3/envs/Dist2/lib/python3.9/shutil.py", line 688, in _rmtree_safe_fd
    os.unlink(entry.name, dir_fd=topfd)
OSError: [Errno 16] Device or resource busy: '.nfs000000002c12902000000b5b'
2025-11-15 07:15:06,183 DDP_Script [Rank 0] [INFO] val WER 0.987, CER 0.789, pseudo-acc 1.30%
2025-11-15 07:15:06,262 DDP_Script [Rank 0] [INFO] Saving checkpoint to ./checkpoints/job-029f4e204992/latest_checkpoint.pth ...
2025-11-15 07:15:13,245 DDP_Script [Rank 0] [INFO] Successfully reported epoch 7/20 (Acc: 1.30%) to global server.
2025-11-15 07:15:13,247 DDP_Script [Rank 0] [INFO] epoch 8 시작
2025-11-15 07:15:13,248 DDP_Script [Rank 0] [INFO] 모든 노드 중 max_steps = 64
2025-11-15 07:15:13,248 DDP_Script [Rank 0] [INFO] local_steps=64, global_steps=64
/nas2/data/dlwmznzl1/anaconda3/envs/Dist2/lib/python3.9/site-packages/torchaudio/_backend/utils.py:213: UserWarning: In 2.9, this function's implementation will be changed to use torchaudio.load_with_torchcodec` under the hood. Some parameters like ``normalize``, ``format``, ``buffer_size``, and ``backend`` will be ignored. We recommend that you port your code to rely directly on TorchCodec's decoder instead: https://docs.pytorch.org/torchcodec/stable/generated/torchcodec.decoders.AudioDecoder.html#torchcodec.decoders.AudioDecoder.
  warnings.warn(
/nas2/data/dlwmznzl1/anaconda3/envs/Dist2/lib/python3.9/site-packages/torchaudio/_backend/utils.py:213: UserWarning: In 2.9, this function's implementation will be changed to use torchaudio.load_with_torchcodec` under the hood. Some parameters like ``normalize``, ``format``, ``buffer_size``, and ``backend`` will be ignored. We recommend that you port your code to rely directly on TorchCodec's decoder instead: https://docs.pytorch.org/torchcodec/stable/generated/torchcodec.decoders.AudioDecoder.html#torchcodec.decoders.AudioDecoder.
  warnings.warn(
/nas2/data/dlwmznzl1/anaconda3/envs/Dist2/lib/python3.9/site-packages/torchaudio/_backend/utils.py:213: UserWarning: In 2.9, this function's implementation will be changed to use torchaudio.load_with_torchcodec` under the hood. Some parameters like ``normalize``, ``format``, ``buffer_size``, and ``backend`` will be ignored. We recommend that you port your code to rely directly on TorchCodec's decoder instead: https://docs.pytorch.org/torchcodec/stable/generated/torchcodec.decoders.AudioDecoder.html#torchcodec.decoders.AudioDecoder.
  warnings.warn(
/nas2/data/dlwmznzl1/anaconda3/envs/Dist2/lib/python3.9/site-packages/torchaudio/_backend/utils.py:213: UserWarning: In 2.9, this function's implementation will be changed to use torchaudio.load_with_torchcodec` under the hood. Some parameters like ``normalize``, ``format``, ``buffer_size``, and ``backend`` will be ignored. We recommend that you port your code to rely directly on TorchCodec's decoder instead: https://docs.pytorch.org/torchcodec/stable/generated/torchcodec.decoders.AudioDecoder.html#torchcodec.decoders.AudioDecoder.
  warnings.warn(
Traceback (most recent call last):
Traceback (most recent call last):
  File "/nas2/data/dlwmznzl1/anaconda3/envs/Dist2/lib/python3.9/multiprocessing/util.py", line 300, in _run_finalizers
    finalizer()
  File "/nas2/data/dlwmznzl1/anaconda3/envs/Dist2/lib/python3.9/multiprocessing/util.py", line 224, in __call__
    res = self._callback(*self._args, **self._kwargs)
  File "/nas2/data/dlwmznzl1/anaconda3/envs/Dist2/lib/python3.9/multiprocessing/util.py", line 133, in _remove_temp_dir
    rmtree(tempdir)
  File "/nas2/data/dlwmznzl1/anaconda3/envs/Dist2/lib/python3.9/shutil.py", line 734, in rmtree
    _rmtree_safe_fd(fd, path, onerror)
  File "/nas2/data/dlwmznzl1/anaconda3/envs/Dist2/lib/python3.9/multiprocessing/util.py", line 300, in _run_finalizers
    finalizer()
  File "/nas2/data/dlwmznzl1/anaconda3/envs/Dist2/lib/python3.9/shutil.py", line 690, in _rmtree_safe_fd
    onerror(os.unlink, fullname, sys.exc_info())
  File "/nas2/data/dlwmznzl1/anaconda3/envs/Dist2/lib/python3.9/shutil.py", line 688, in _rmtree_safe_fd
    os.unlink(entry.name, dir_fd=topfd)
  File "/nas2/data/dlwmznzl1/anaconda3/envs/Dist2/lib/python3.9/multiprocessing/util.py", line 224, in __call__
    res = self._callback(*self._args, **self._kwargs)
  File "/nas2/data/dlwmznzl1/anaconda3/envs/Dist2/lib/python3.9/multiprocessing/util.py", line 133, in _remove_temp_dir
    rmtree(tempdir)
  File "/nas2/data/dlwmznzl1/anaconda3/envs/Dist2/lib/python3.9/shutil.py", line 734, in rmtree
    _rmtree_safe_fd(fd, path, onerror)
  File "/nas2/data/dlwmznzl1/anaconda3/envs/Dist2/lib/python3.9/shutil.py", line 690, in _rmtree_safe_fd
    onerror(os.unlink, fullname, sys.exc_info())
OSError: [Errno 16] Device or resource busy: '.nfs000000002c12902300000b5d'
  File "/nas2/data/dlwmznzl1/anaconda3/envs/Dist2/lib/python3.9/shutil.py", line 688, in _rmtree_safe_fd
    os.unlink(entry.name, dir_fd=topfd)
OSError: [Errno 16] Device or resource busy: '.nfs000000002c12902700000b5e'
Traceback (most recent call last):
Traceback (most recent call last):
  File "/nas2/data/dlwmznzl1/anaconda3/envs/Dist2/lib/python3.9/multiprocessing/util.py", line 300, in _run_finalizers
    finalizer()
  File "/nas2/data/dlwmznzl1/anaconda3/envs/Dist2/lib/python3.9/multiprocessing/util.py", line 300, in _run_finalizers
    finalizer()
  File "/nas2/data/dlwmznzl1/anaconda3/envs/Dist2/lib/python3.9/multiprocessing/util.py", line 224, in __call__
    res = self._callback(*self._args, **self._kwargs)
  File "/nas2/data/dlwmznzl1/anaconda3/envs/Dist2/lib/python3.9/multiprocessing/util.py", line 224, in __call__
    res = self._callback(*self._args, **self._kwargs)
  File "/nas2/data/dlwmznzl1/anaconda3/envs/Dist2/lib/python3.9/multiprocessing/util.py", line 133, in _remove_temp_dir
    rmtree(tempdir)
  File "/nas2/data/dlwmznzl1/anaconda3/envs/Dist2/lib/python3.9/multiprocessing/util.py", line 133, in _remove_temp_dir
    rmtree(tempdir)
  File "/nas2/data/dlwmznzl1/anaconda3/envs/Dist2/lib/python3.9/shutil.py", line 734, in rmtree
    _rmtree_safe_fd(fd, path, onerror)
  File "/nas2/data/dlwmznzl1/anaconda3/envs/Dist2/lib/python3.9/shutil.py", line 734, in rmtree
    _rmtree_safe_fd(fd, path, onerror)
  File "/nas2/data/dlwmznzl1/anaconda3/envs/Dist2/lib/python3.9/shutil.py", line 690, in _rmtree_safe_fd
    onerror(os.unlink, fullname, sys.exc_info())
  File "/nas2/data/dlwmznzl1/anaconda3/envs/Dist2/lib/python3.9/shutil.py", line 690, in _rmtree_safe_fd
    onerror(os.unlink, fullname, sys.exc_info())
  File "/nas2/data/dlwmznzl1/anaconda3/envs/Dist2/lib/python3.9/shutil.py", line 688, in _rmtree_safe_fd
    os.unlink(entry.name, dir_fd=topfd)
  File "/nas2/data/dlwmznzl1/anaconda3/envs/Dist2/lib/python3.9/shutil.py", line 688, in _rmtree_safe_fd
    os.unlink(entry.name, dir_fd=topfd)
OSError: [Errno 16] Device or resource busy: '.nfs000000002c12902100000b5f'
OSError: [Errno 16] Device or resource busy: '.nfs000000002c12902600000b5c'
/nas2/data/dlwmznzl1/anaconda3/envs/Dist2/lib/python3.9/site-packages/torchaudio/_backend/utils.py:213: UserWarning: In 2.9, this function's implementation will be changed to use torchaudio.load_with_torchcodec` under the hood. Some parameters like ``normalize``, ``format``, ``buffer_size``, and ``backend`` will be ignored. We recommend that you port your code to rely directly on TorchCodec's decoder instead: https://docs.pytorch.org/torchcodec/stable/generated/torchcodec.decoders.AudioDecoder.html#torchcodec.decoders.AudioDecoder.
  warnings.warn(
/nas2/data/dlwmznzl1/anaconda3/envs/Dist2/lib/python3.9/site-packages/torchaudio/_backend/utils.py:213: UserWarning: In 2.9, this function's implementation will be changed to use torchaudio.load_with_torchcodec` under the hood. Some parameters like ``normalize``, ``format``, ``buffer_size``, and ``backend`` will be ignored. We recommend that you port your code to rely directly on TorchCodec's decoder instead: https://docs.pytorch.org/torchcodec/stable/generated/torchcodec.decoders.AudioDecoder.html#torchcodec.decoders.AudioDecoder.
  warnings.warn(
/nas2/data/dlwmznzl1/anaconda3/envs/Dist2/lib/python3.9/site-packages/torchaudio/_backend/utils.py:213: UserWarning: In 2.9, this function's implementation will be changed to use torchaudio.load_with_torchcodec` under the hood. Some parameters like ``normalize``, ``format``, ``buffer_size``, and ``backend`` will be ignored. We recommend that you port your code to rely directly on TorchCodec's decoder instead: https://docs.pytorch.org/torchcodec/stable/generated/torchcodec.decoders.AudioDecoder.html#torchcodec.decoders.AudioDecoder.
  warnings.warn(
/nas2/data/dlwmznzl1/anaconda3/envs/Dist2/lib/python3.9/site-packages/torchaudio/_backend/utils.py:213: UserWarning: In 2.9, this function's implementation will be changed to use torchaudio.load_with_torchcodec` under the hood. Some parameters like ``normalize``, ``format``, ``buffer_size``, and ``backend`` will be ignored. We recommend that you port your code to rely directly on TorchCodec's decoder instead: https://docs.pytorch.org/torchcodec/stable/generated/torchcodec.decoders.AudioDecoder.html#torchcodec.decoders.AudioDecoder.
  warnings.warn(
Traceback (most recent call last):
  File "/nas2/data/dlwmznzl1/anaconda3/envs/Dist2/lib/python3.9/multiprocessing/util.py", line 300, in _run_finalizers
    finalizer()
  File "/nas2/data/dlwmznzl1/anaconda3/envs/Dist2/lib/python3.9/multiprocessing/util.py", line 224, in __call__
    res = self._callback(*self._args, **self._kwargs)
  File "/nas2/data/dlwmznzl1/anaconda3/envs/Dist2/lib/python3.9/multiprocessing/util.py", line 133, in _remove_temp_dir
    rmtree(tempdir)
  File "/nas2/data/dlwmznzl1/anaconda3/envs/Dist2/lib/python3.9/shutil.py", line 734, in rmtree
    _rmtree_safe_fd(fd, path, onerror)
  File "/nas2/data/dlwmznzl1/anaconda3/envs/Dist2/lib/python3.9/shutil.py", line 690, in _rmtree_safe_fd
    onerror(os.unlink, fullname, sys.exc_info())
  File "/nas2/data/dlwmznzl1/anaconda3/envs/Dist2/lib/python3.9/shutil.py", line 688, in _rmtree_safe_fd
    os.unlink(entry.name, dir_fd=topfd)
OSError: [Errno 16] Device or resource busy: '.nfs000000002c12902b00000b62'
Traceback (most recent call last):
  File "/nas2/data/dlwmznzl1/anaconda3/envs/Dist2/lib/python3.9/multiprocessing/util.py", line 300, in _run_finalizers
    finalizer()
  File "/nas2/data/dlwmznzl1/anaconda3/envs/Dist2/lib/python3.9/multiprocessing/util.py", line 224, in __call__
    res = self._callback(*self._args, **self._kwargs)
  File "/nas2/data/dlwmznzl1/anaconda3/envs/Dist2/lib/python3.9/multiprocessing/util.py", line 133, in _remove_temp_dir
    rmtree(tempdir)
  File "/nas2/data/dlwmznzl1/anaconda3/envs/Dist2/lib/python3.9/shutil.py", line 734, in rmtree
    _rmtree_safe_fd(fd, path, onerror)
  File "/nas2/data/dlwmznzl1/anaconda3/envs/Dist2/lib/python3.9/shutil.py", line 690, in _rmtree_safe_fd
    onerror(os.unlink, fullname, sys.exc_info())
  File "/nas2/data/dlwmznzl1/anaconda3/envs/Dist2/lib/python3.9/shutil.py", line 688, in _rmtree_safe_fd
    os.unlink(entry.name, dir_fd=topfd)
OSError: [Errno 16] Device or resource busy: '.nfs000000002c12902300000b60'
Traceback (most recent call last):
  File "/nas2/data/dlwmznzl1/anaconda3/envs/Dist2/lib/python3.9/multiprocessing/util.py", line 300, in _run_finalizers
    finalizer()
  File "/nas2/data/dlwmznzl1/anaconda3/envs/Dist2/lib/python3.9/multiprocessing/util.py", line 224, in __call__
    res = self._callback(*self._args, **self._kwargs)
  File "/nas2/data/dlwmznzl1/anaconda3/envs/Dist2/lib/python3.9/multiprocessing/util.py", line 133, in _remove_temp_dir
    rmtree(tempdir)
  File "/nas2/data/dlwmznzl1/anaconda3/envs/Dist2/lib/python3.9/shutil.py", line 734, in rmtree
    _rmtree_safe_fd(fd, path, onerror)
  File "/nas2/data/dlwmznzl1/anaconda3/envs/Dist2/lib/python3.9/shutil.py", line 690, in _rmtree_safe_fd
    onerror(os.unlink, fullname, sys.exc_info())
  File "/nas2/data/dlwmznzl1/anaconda3/envs/Dist2/lib/python3.9/shutil.py", line 688, in _rmtree_safe_fd
    os.unlink(entry.name, dir_fd=topfd)
OSError: [Errno 16] Device or resource busy: '.nfs000000002c12902800000b61'
Traceback (most recent call last):
  File "/nas2/data/dlwmznzl1/anaconda3/envs/Dist2/lib/python3.9/multiprocessing/util.py", line 300, in _run_finalizers
    finalizer()
  File "/nas2/data/dlwmznzl1/anaconda3/envs/Dist2/lib/python3.9/multiprocessing/util.py", line 224, in __call__
    res = self._callback(*self._args, **self._kwargs)
  File "/nas2/data/dlwmznzl1/anaconda3/envs/Dist2/lib/python3.9/multiprocessing/util.py", line 133, in _remove_temp_dir
    rmtree(tempdir)
  File "/nas2/data/dlwmznzl1/anaconda3/envs/Dist2/lib/python3.9/shutil.py", line 734, in rmtree
    _rmtree_safe_fd(fd, path, onerror)
  File "/nas2/data/dlwmznzl1/anaconda3/envs/Dist2/lib/python3.9/shutil.py", line 690, in _rmtree_safe_fd
    onerror(os.unlink, fullname, sys.exc_info())
  File "/nas2/data/dlwmznzl1/anaconda3/envs/Dist2/lib/python3.9/shutil.py", line 688, in _rmtree_safe_fd
    os.unlink(entry.name, dir_fd=topfd)
OSError: [Errno 16] Device or resource busy: '.nfs000000002c12902900000b63'
2025-11-15 07:15:19,712 DDP_Script [Rank 0] [INFO] val WER 1.068, CER 0.640, pseudo-acc 0.00%
2025-11-15 07:15:19,807 DDP_Script [Rank 0] [INFO] Saving checkpoint to ./checkpoints/job-029f4e204992/latest_checkpoint.pth ...
2025-11-15 07:15:26,544 DDP_Script [Rank 0] [INFO] Successfully reported epoch 8/20 (Acc: 0.00%) to global server.
2025-11-15 07:15:26,546 DDP_Script [Rank 0] [INFO] epoch 9 시작
2025-11-15 07:15:26,547 DDP_Script [Rank 0] [INFO] 모든 노드 중 max_steps = 64
2025-11-15 07:15:26,547 DDP_Script [Rank 0] [INFO] local_steps=64, global_steps=64
/nas2/data/dlwmznzl1/anaconda3/envs/Dist2/lib/python3.9/site-packages/torchaudio/_backend/utils.py:213: UserWarning: In 2.9, this function's implementation will be changed to use torchaudio.load_with_torchcodec` under the hood. Some parameters like ``normalize``, ``format``, ``buffer_size``, and ``backend`` will be ignored. We recommend that you port your code to rely directly on TorchCodec's decoder instead: https://docs.pytorch.org/torchcodec/stable/generated/torchcodec.decoders.AudioDecoder.html#torchcodec.decoders.AudioDecoder.
  warnings.warn(
/nas2/data/dlwmznzl1/anaconda3/envs/Dist2/lib/python3.9/site-packages/torchaudio/_backend/utils.py:213: UserWarning: In 2.9, this function's implementation will be changed to use torchaudio.load_with_torchcodec` under the hood. Some parameters like ``normalize``, ``format``, ``buffer_size``, and ``backend`` will be ignored. We recommend that you port your code to rely directly on TorchCodec's decoder instead: https://docs.pytorch.org/torchcodec/stable/generated/torchcodec.decoders.AudioDecoder.html#torchcodec.decoders.AudioDecoder.
  warnings.warn(
/nas2/data/dlwmznzl1/anaconda3/envs/Dist2/lib/python3.9/site-packages/torchaudio/_backend/utils.py:213: UserWarning: In 2.9, this function's implementation will be changed to use torchaudio.load_with_torchcodec` under the hood. Some parameters like ``normalize``, ``format``, ``buffer_size``, and ``backend`` will be ignored. We recommend that you port your code to rely directly on TorchCodec's decoder instead: https://docs.pytorch.org/torchcodec/stable/generated/torchcodec.decoders.AudioDecoder.html#torchcodec.decoders.AudioDecoder.
  warnings.warn(
/nas2/data/dlwmznzl1/anaconda3/envs/Dist2/lib/python3.9/site-packages/torchaudio/_backend/utils.py:213: UserWarning: In 2.9, this function's implementation will be changed to use torchaudio.load_with_torchcodec` under the hood. Some parameters like ``normalize``, ``format``, ``buffer_size``, and ``backend`` will be ignored. We recommend that you port your code to rely directly on TorchCodec's decoder instead: https://docs.pytorch.org/torchcodec/stable/generated/torchcodec.decoders.AudioDecoder.html#torchcodec.decoders.AudioDecoder.
  warnings.warn(
Traceback (most recent call last):
  File "/nas2/data/dlwmznzl1/anaconda3/envs/Dist2/lib/python3.9/multiprocessing/util.py", line 300, in _run_finalizers
    finalizer()
  File "/nas2/data/dlwmznzl1/anaconda3/envs/Dist2/lib/python3.9/multiprocessing/util.py", line 224, in __call__
    res = self._callback(*self._args, **self._kwargs)
  File "/nas2/data/dlwmznzl1/anaconda3/envs/Dist2/lib/python3.9/multiprocessing/util.py", line 133, in _remove_temp_dir
    rmtree(tempdir)
  File "/nas2/data/dlwmznzl1/anaconda3/envs/Dist2/lib/python3.9/shutil.py", line 734, in rmtree
    _rmtree_safe_fd(fd, path, onerror)
  File "/nas2/data/dlwmznzl1/anaconda3/envs/Dist2/lib/python3.9/shutil.py", line 690, in _rmtree_safe_fd
    onerror(os.unlink, fullname, sys.exc_info())
  File "/nas2/data/dlwmznzl1/anaconda3/envs/Dist2/lib/python3.9/shutil.py", line 688, in _rmtree_safe_fd
    os.unlink(entry.name, dir_fd=topfd)
OSError: [Errno 16] Device or resource busy: '.nfs000000002c12906500000b64'
Traceback (most recent call last):
  File "/nas2/data/dlwmznzl1/anaconda3/envs/Dist2/lib/python3.9/multiprocessing/util.py", line 300, in _run_finalizers
    finalizer()
  File "/nas2/data/dlwmznzl1/anaconda3/envs/Dist2/lib/python3.9/multiprocessing/util.py", line 224, in __call__
    res = self._callback(*self._args, **self._kwargs)
  File "/nas2/data/dlwmznzl1/anaconda3/envs/Dist2/lib/python3.9/multiprocessing/util.py", line 133, in _remove_temp_dir
    rmtree(tempdir)
  File "/nas2/data/dlwmznzl1/anaconda3/envs/Dist2/lib/python3.9/shutil.py", line 734, in rmtree
    _rmtree_safe_fd(fd, path, onerror)
  File "/nas2/data/dlwmznzl1/anaconda3/envs/Dist2/lib/python3.9/shutil.py", line 690, in _rmtree_safe_fd
    onerror(os.unlink, fullname, sys.exc_info())
  File "/nas2/data/dlwmznzl1/anaconda3/envs/Dist2/lib/python3.9/shutil.py", line 688, in _rmtree_safe_fd
    os.unlink(entry.name, dir_fd=topfd)
OSError: [Errno 16] Device or resource busy: '.nfs000000002c12905600000b65'
Traceback (most recent call last):
  File "/nas2/data/dlwmznzl1/anaconda3/envs/Dist2/lib/python3.9/multiprocessing/util.py", line 300, in _run_finalizers
    finalizer()
  File "/nas2/data/dlwmznzl1/anaconda3/envs/Dist2/lib/python3.9/multiprocessing/util.py", line 224, in __call__
    res = self._callback(*self._args, **self._kwargs)
  File "/nas2/data/dlwmznzl1/anaconda3/envs/Dist2/lib/python3.9/multiprocessing/util.py", line 133, in _remove_temp_dir
    rmtree(tempdir)
  File "/nas2/data/dlwmznzl1/anaconda3/envs/Dist2/lib/python3.9/shutil.py", line 734, in rmtree
    _rmtree_safe_fd(fd, path, onerror)
  File "/nas2/data/dlwmznzl1/anaconda3/envs/Dist2/lib/python3.9/shutil.py", line 690, in _rmtree_safe_fd
    onerror(os.unlink, fullname, sys.exc_info())
  File "/nas2/data/dlwmznzl1/anaconda3/envs/Dist2/lib/python3.9/shutil.py", line 688, in _rmtree_safe_fd
    os.unlink(entry.name, dir_fd=topfd)
OSError: [Errno 16] Device or resource busy: '.nfs000000002c12906600000b67'
Traceback (most recent call last):
  File "/nas2/data/dlwmznzl1/anaconda3/envs/Dist2/lib/python3.9/multiprocessing/util.py", line 300, in _run_finalizers
    finalizer()
  File "/nas2/data/dlwmznzl1/anaconda3/envs/Dist2/lib/python3.9/multiprocessing/util.py", line 224, in __call__
    res = self._callback(*self._args, **self._kwargs)
  File "/nas2/data/dlwmznzl1/anaconda3/envs/Dist2/lib/python3.9/multiprocessing/util.py", line 133, in _remove_temp_dir
    rmtree(tempdir)
  File "/nas2/data/dlwmznzl1/anaconda3/envs/Dist2/lib/python3.9/shutil.py", line 734, in rmtree
    _rmtree_safe_fd(fd, path, onerror)
  File "/nas2/data/dlwmznzl1/anaconda3/envs/Dist2/lib/python3.9/shutil.py", line 690, in _rmtree_safe_fd
    onerror(os.unlink, fullname, sys.exc_info())
  File "/nas2/data/dlwmznzl1/anaconda3/envs/Dist2/lib/python3.9/shutil.py", line 688, in _rmtree_safe_fd
    os.unlink(entry.name, dir_fd=topfd)
OSError: [Errno 16] Device or resource busy: '.nfs000000002c12905300000b66'
/nas2/data/dlwmznzl1/anaconda3/envs/Dist2/lib/python3.9/site-packages/torchaudio/_backend/utils.py:213: UserWarning: In 2.9, this function's implementation will be changed to use torchaudio.load_with_torchcodec` under the hood. Some parameters like ``normalize``, ``format``, ``buffer_size``, and ``backend`` will be ignored. We recommend that you port your code to rely directly on TorchCodec's decoder instead: https://docs.pytorch.org/torchcodec/stable/generated/torchcodec.decoders.AudioDecoder.html#torchcodec.decoders.AudioDecoder.
  warnings.warn(
/nas2/data/dlwmznzl1/anaconda3/envs/Dist2/lib/python3.9/site-packages/torchaudio/_backend/utils.py:213: UserWarning: In 2.9, this function's implementation will be changed to use torchaudio.load_with_torchcodec` under the hood. Some parameters like ``normalize``, ``format``, ``buffer_size``, and ``backend`` will be ignored. We recommend that you port your code to rely directly on TorchCodec's decoder instead: https://docs.pytorch.org/torchcodec/stable/generated/torchcodec.decoders.AudioDecoder.html#torchcodec.decoders.AudioDecoder.
  warnings.warn(
/nas2/data/dlwmznzl1/anaconda3/envs/Dist2/lib/python3.9/site-packages/torchaudio/_backend/utils.py:213: UserWarning: In 2.9, this function's implementation will be changed to use torchaudio.load_with_torchcodec` under the hood. Some parameters like ``normalize``, ``format``, ``buffer_size``, and ``backend`` will be ignored. We recommend that you port your code to rely directly on TorchCodec's decoder instead: https://docs.pytorch.org/torchcodec/stable/generated/torchcodec.decoders.AudioDecoder.html#torchcodec.decoders.AudioDecoder.
  warnings.warn(
/nas2/data/dlwmznzl1/anaconda3/envs/Dist2/lib/python3.9/site-packages/torchaudio/_backend/utils.py:213: UserWarning: In 2.9, this function's implementation will be changed to use torchaudio.load_with_torchcodec` under the hood. Some parameters like ``normalize``, ``format``, ``buffer_size``, and ``backend`` will be ignored. We recommend that you port your code to rely directly on TorchCodec's decoder instead: https://docs.pytorch.org/torchcodec/stable/generated/torchcodec.decoders.AudioDecoder.html#torchcodec.decoders.AudioDecoder.
  warnings.warn(
Traceback (most recent call last):
Traceback (most recent call last):
  File "/nas2/data/dlwmznzl1/anaconda3/envs/Dist2/lib/python3.9/multiprocessing/util.py", line 300, in _run_finalizers
    finalizer()
  File "/nas2/data/dlwmznzl1/anaconda3/envs/Dist2/lib/python3.9/multiprocessing/util.py", line 224, in __call__
    res = self._callback(*self._args, **self._kwargs)
  File "/nas2/data/dlwmznzl1/anaconda3/envs/Dist2/lib/python3.9/multiprocessing/util.py", line 300, in _run_finalizers
    finalizer()
  File "/nas2/data/dlwmznzl1/anaconda3/envs/Dist2/lib/python3.9/multiprocessing/util.py", line 133, in _remove_temp_dir
    rmtree(tempdir)
  File "/nas2/data/dlwmznzl1/anaconda3/envs/Dist2/lib/python3.9/multiprocessing/util.py", line 224, in __call__
    res = self._callback(*self._args, **self._kwargs)
  File "/nas2/data/dlwmznzl1/anaconda3/envs/Dist2/lib/python3.9/shutil.py", line 734, in rmtree
    _rmtree_safe_fd(fd, path, onerror)
  File "/nas2/data/dlwmznzl1/anaconda3/envs/Dist2/lib/python3.9/multiprocessing/util.py", line 133, in _remove_temp_dir
    rmtree(tempdir)
  File "/nas2/data/dlwmznzl1/anaconda3/envs/Dist2/lib/python3.9/shutil.py", line 690, in _rmtree_safe_fd
    onerror(os.unlink, fullname, sys.exc_info())
  File "/nas2/data/dlwmznzl1/anaconda3/envs/Dist2/lib/python3.9/shutil.py", line 734, in rmtree
    _rmtree_safe_fd(fd, path, onerror)
  File "/nas2/data/dlwmznzl1/anaconda3/envs/Dist2/lib/python3.9/shutil.py", line 688, in _rmtree_safe_fd
    os.unlink(entry.name, dir_fd=topfd)
  File "/nas2/data/dlwmznzl1/anaconda3/envs/Dist2/lib/python3.9/shutil.py", line 690, in _rmtree_safe_fd
    onerror(os.unlink, fullname, sys.exc_info())
  File "/nas2/data/dlwmznzl1/anaconda3/envs/Dist2/lib/python3.9/shutil.py", line 688, in _rmtree_safe_fd
    os.unlink(entry.name, dir_fd=topfd)
OSError: [Errno 16] Device or resource busy: '.nfs000000002c12913100000b69'
OSError: [Errno 16] Device or resource busy: '.nfs000000002c12913700000b6b'
Traceback (most recent call last):
  File "/nas2/data/dlwmznzl1/anaconda3/envs/Dist2/lib/python3.9/multiprocessing/util.py", line 300, in _run_finalizers
    finalizer()
  File "/nas2/data/dlwmznzl1/anaconda3/envs/Dist2/lib/python3.9/multiprocessing/util.py", line 224, in __call__
    res = self._callback(*self._args, **self._kwargs)
  File "/nas2/data/dlwmznzl1/anaconda3/envs/Dist2/lib/python3.9/multiprocessing/util.py", line 133, in _remove_temp_dir
    rmtree(tempdir)
  File "/nas2/data/dlwmznzl1/anaconda3/envs/Dist2/lib/python3.9/shutil.py", line 734, in rmtree
    _rmtree_safe_fd(fd, path, onerror)
  File "/nas2/data/dlwmznzl1/anaconda3/envs/Dist2/lib/python3.9/shutil.py", line 690, in _rmtree_safe_fd
    onerror(os.unlink, fullname, sys.exc_info())
Traceback (most recent call last):
  File "/nas2/data/dlwmznzl1/anaconda3/envs/Dist2/lib/python3.9/shutil.py", line 688, in _rmtree_safe_fd
    os.unlink(entry.name, dir_fd=topfd)
OSError: [Errno 16] Device or resource busy: '.nfs000000002c12913300000b6a'
  File "/nas2/data/dlwmznzl1/anaconda3/envs/Dist2/lib/python3.9/multiprocessing/util.py", line 300, in _run_finalizers
    finalizer()
  File "/nas2/data/dlwmznzl1/anaconda3/envs/Dist2/lib/python3.9/multiprocessing/util.py", line 224, in __call__
    res = self._callback(*self._args, **self._kwargs)
  File "/nas2/data/dlwmznzl1/anaconda3/envs/Dist2/lib/python3.9/multiprocessing/util.py", line 133, in _remove_temp_dir
    rmtree(tempdir)
  File "/nas2/data/dlwmznzl1/anaconda3/envs/Dist2/lib/python3.9/shutil.py", line 734, in rmtree
    _rmtree_safe_fd(fd, path, onerror)
  File "/nas2/data/dlwmznzl1/anaconda3/envs/Dist2/lib/python3.9/shutil.py", line 690, in _rmtree_safe_fd
    onerror(os.unlink, fullname, sys.exc_info())
  File "/nas2/data/dlwmznzl1/anaconda3/envs/Dist2/lib/python3.9/shutil.py", line 688, in _rmtree_safe_fd
    os.unlink(entry.name, dir_fd=topfd)
OSError: [Errno 16] Device or resource busy: '.nfs000000002c12912f00000b68'
2025-11-15 07:15:36,514 DDP_Script [Rank 0] [INFO] val WER 0.960, CER 0.595, pseudo-acc 3.97%
2025-11-15 07:15:36,518 DDP_Script [Rank 0] [INFO] Saving checkpoint to ./checkpoints/job-029f4e204992/latest_checkpoint.pth ...
2025-11-15 07:15:43,345 DDP_Script [Rank 0] [INFO] Successfully reported epoch 9/20 (Acc: 3.97%) to global server.
2025-11-15 07:15:43,347 DDP_Script [Rank 0] [INFO] epoch 10 시작
2025-11-15 07:15:43,348 DDP_Script [Rank 0] [INFO] 모든 노드 중 max_steps = 64
2025-11-15 07:15:43,348 DDP_Script [Rank 0] [INFO] local_steps=64, global_steps=64
/nas2/data/dlwmznzl1/anaconda3/envs/Dist2/lib/python3.9/site-packages/torchaudio/_backend/utils.py:213: UserWarning: In 2.9, this function's implementation will be changed to use torchaudio.load_with_torchcodec` under the hood. Some parameters like ``normalize``, ``format``, ``buffer_size``, and ``backend`` will be ignored. We recommend that you port your code to rely directly on TorchCodec's decoder instead: https://docs.pytorch.org/torchcodec/stable/generated/torchcodec.decoders.AudioDecoder.html#torchcodec.decoders.AudioDecoder.
  warnings.warn(
/nas2/data/dlwmznzl1/anaconda3/envs/Dist2/lib/python3.9/site-packages/torchaudio/_backend/utils.py:213: UserWarning: In 2.9, this function's implementation will be changed to use torchaudio.load_with_torchcodec` under the hood. Some parameters like ``normalize``, ``format``, ``buffer_size``, and ``backend`` will be ignored. We recommend that you port your code to rely directly on TorchCodec's decoder instead: https://docs.pytorch.org/torchcodec/stable/generated/torchcodec.decoders.AudioDecoder.html#torchcodec.decoders.AudioDecoder.
  warnings.warn(
/nas2/data/dlwmznzl1/anaconda3/envs/Dist2/lib/python3.9/site-packages/torchaudio/_backend/utils.py:213: UserWarning: In 2.9, this function's implementation will be changed to use torchaudio.load_with_torchcodec` under the hood. Some parameters like ``normalize``, ``format``, ``buffer_size``, and ``backend`` will be ignored. We recommend that you port your code to rely directly on TorchCodec's decoder instead: https://docs.pytorch.org/torchcodec/stable/generated/torchcodec.decoders.AudioDecoder.html#torchcodec.decoders.AudioDecoder.
  warnings.warn(
/nas2/data/dlwmznzl1/anaconda3/envs/Dist2/lib/python3.9/site-packages/torchaudio/_backend/utils.py:213: UserWarning: In 2.9, this function's implementation will be changed to use torchaudio.load_with_torchcodec` under the hood. Some parameters like ``normalize``, ``format``, ``buffer_size``, and ``backend`` will be ignored. We recommend that you port your code to rely directly on TorchCodec's decoder instead: https://docs.pytorch.org/torchcodec/stable/generated/torchcodec.decoders.AudioDecoder.html#torchcodec.decoders.AudioDecoder.
  warnings.warn(
Traceback (most recent call last):
  File "/nas2/data/dlwmznzl1/anaconda3/envs/Dist2/lib/python3.9/multiprocessing/util.py", line 300, in _run_finalizers
    finalizer()
  File "/nas2/data/dlwmznzl1/anaconda3/envs/Dist2/lib/python3.9/multiprocessing/util.py", line 224, in __call__
    res = self._callback(*self._args, **self._kwargs)
  File "/nas2/data/dlwmznzl1/anaconda3/envs/Dist2/lib/python3.9/multiprocessing/util.py", line 133, in _remove_temp_dir
    rmtree(tempdir)
  File "/nas2/data/dlwmznzl1/anaconda3/envs/Dist2/lib/python3.9/shutil.py", line 734, in rmtree
    _rmtree_safe_fd(fd, path, onerror)
  File "/nas2/data/dlwmznzl1/anaconda3/envs/Dist2/lib/python3.9/shutil.py", line 690, in _rmtree_safe_fd
    onerror(os.unlink, fullname, sys.exc_info())
  File "/nas2/data/dlwmznzl1/anaconda3/envs/Dist2/lib/python3.9/shutil.py", line 688, in _rmtree_safe_fd
    os.unlink(entry.name, dir_fd=topfd)
OSError: [Errno 16] Device or resource busy: '.nfs000000002c1291af00000b6c'
Traceback (most recent call last):
  File "/nas2/data/dlwmznzl1/anaconda3/envs/Dist2/lib/python3.9/multiprocessing/util.py", line 300, in _run_finalizers
    finalizer()
  File "/nas2/data/dlwmznzl1/anaconda3/envs/Dist2/lib/python3.9/multiprocessing/util.py", line 224, in __call__
    res = self._callback(*self._args, **self._kwargs)
  File "/nas2/data/dlwmznzl1/anaconda3/envs/Dist2/lib/python3.9/multiprocessing/util.py", line 133, in _remove_temp_dir
    rmtree(tempdir)
  File "/nas2/data/dlwmznzl1/anaconda3/envs/Dist2/lib/python3.9/shutil.py", line 734, in rmtree
    _rmtree_safe_fd(fd, path, onerror)
  File "/nas2/data/dlwmznzl1/anaconda3/envs/Dist2/lib/python3.9/shutil.py", line 690, in _rmtree_safe_fd
    onerror(os.unlink, fullname, sys.exc_info())
  File "/nas2/data/dlwmznzl1/anaconda3/envs/Dist2/lib/python3.9/shutil.py", line 688, in _rmtree_safe_fd
    os.unlink(entry.name, dir_fd=topfd)
OSError: [Errno 16] Device or resource busy: '.nfs000000002c1291a900000b6d'
Traceback (most recent call last):
  File "/nas2/data/dlwmznzl1/anaconda3/envs/Dist2/lib/python3.9/multiprocessing/util.py", line 300, in _run_finalizers
    finalizer()
  File "/nas2/data/dlwmznzl1/anaconda3/envs/Dist2/lib/python3.9/multiprocessing/util.py", line 224, in __call__
    res = self._callback(*self._args, **self._kwargs)
  File "/nas2/data/dlwmznzl1/anaconda3/envs/Dist2/lib/python3.9/multiprocessing/util.py", line 133, in _remove_temp_dir
    rmtree(tempdir)
  File "/nas2/data/dlwmznzl1/anaconda3/envs/Dist2/lib/python3.9/shutil.py", line 734, in rmtree
    _rmtree_safe_fd(fd, path, onerror)
  File "/nas2/data/dlwmznzl1/anaconda3/envs/Dist2/lib/python3.9/shutil.py", line 690, in _rmtree_safe_fd
    onerror(os.unlink, fullname, sys.exc_info())
  File "/nas2/data/dlwmznzl1/anaconda3/envs/Dist2/lib/python3.9/shutil.py", line 688, in _rmtree_safe_fd
    os.unlink(entry.name, dir_fd=topfd)
OSError: [Errno 16] Device or resource busy: '.nfs000000002c1291ab00000b6e'
Traceback (most recent call last):
  File "/nas2/data/dlwmznzl1/anaconda3/envs/Dist2/lib/python3.9/multiprocessing/util.py", line 300, in _run_finalizers
    finalizer()
  File "/nas2/data/dlwmznzl1/anaconda3/envs/Dist2/lib/python3.9/multiprocessing/util.py", line 224, in __call__
    res = self._callback(*self._args, **self._kwargs)
  File "/nas2/data/dlwmznzl1/anaconda3/envs/Dist2/lib/python3.9/multiprocessing/util.py", line 133, in _remove_temp_dir
    rmtree(tempdir)
  File "/nas2/data/dlwmznzl1/anaconda3/envs/Dist2/lib/python3.9/shutil.py", line 734, in rmtree
    _rmtree_safe_fd(fd, path, onerror)
  File "/nas2/data/dlwmznzl1/anaconda3/envs/Dist2/lib/python3.9/shutil.py", line 690, in _rmtree_safe_fd
    onerror(os.unlink, fullname, sys.exc_info())
  File "/nas2/data/dlwmznzl1/anaconda3/envs/Dist2/lib/python3.9/shutil.py", line 688, in _rmtree_safe_fd
    os.unlink(entry.name, dir_fd=topfd)
OSError: [Errno 16] Device or resource busy: '.nfs000000002c1291ad00000b6f'
/nas2/data/dlwmznzl1/anaconda3/envs/Dist2/lib/python3.9/site-packages/torchaudio/_backend/utils.py:213: UserWarning: In 2.9, this function's implementation will be changed to use torchaudio.load_with_torchcodec` under the hood. Some parameters like ``normalize``, ``format``, ``buffer_size``, and ``backend`` will be ignored. We recommend that you port your code to rely directly on TorchCodec's decoder instead: https://docs.pytorch.org/torchcodec/stable/generated/torchcodec.decoders.AudioDecoder.html#torchcodec.decoders.AudioDecoder.
  warnings.warn(
/nas2/data/dlwmznzl1/anaconda3/envs/Dist2/lib/python3.9/site-packages/torchaudio/_backend/utils.py:213: UserWarning: In 2.9, this function's implementation will be changed to use torchaudio.load_with_torchcodec` under the hood. Some parameters like ``normalize``, ``format``, ``buffer_size``, and ``backend`` will be ignored. We recommend that you port your code to rely directly on TorchCodec's decoder instead: https://docs.pytorch.org/torchcodec/stable/generated/torchcodec.decoders.AudioDecoder.html#torchcodec.decoders.AudioDecoder.
  warnings.warn(
/nas2/data/dlwmznzl1/anaconda3/envs/Dist2/lib/python3.9/site-packages/torchaudio/_backend/utils.py:213: UserWarning: In 2.9, this function's implementation will be changed to use torchaudio.load_with_torchcodec` under the hood. Some parameters like ``normalize``, ``format``, ``buffer_size``, and ``backend`` will be ignored. We recommend that you port your code to rely directly on TorchCodec's decoder instead: https://docs.pytorch.org/torchcodec/stable/generated/torchcodec.decoders.AudioDecoder.html#torchcodec.decoders.AudioDecoder.
  warnings.warn(
/nas2/data/dlwmznzl1/anaconda3/envs/Dist2/lib/python3.9/site-packages/torchaudio/_backend/utils.py:213: UserWarning: In 2.9, this function's implementation will be changed to use torchaudio.load_with_torchcodec` under the hood. Some parameters like ``normalize``, ``format``, ``buffer_size``, and ``backend`` will be ignored. We recommend that you port your code to rely directly on TorchCodec's decoder instead: https://docs.pytorch.org/torchcodec/stable/generated/torchcodec.decoders.AudioDecoder.html#torchcodec.decoders.AudioDecoder.
  warnings.warn(
Traceback (most recent call last):
  File "/nas2/data/dlwmznzl1/anaconda3/envs/Dist2/lib/python3.9/multiprocessing/util.py", line 300, in _run_finalizers
    finalizer()
  File "/nas2/data/dlwmznzl1/anaconda3/envs/Dist2/lib/python3.9/multiprocessing/util.py", line 224, in __call__
    res = self._callback(*self._args, **self._kwargs)
  File "/nas2/data/dlwmznzl1/anaconda3/envs/Dist2/lib/python3.9/multiprocessing/util.py", line 133, in _remove_temp_dir
    rmtree(tempdir)
  File "/nas2/data/dlwmznzl1/anaconda3/envs/Dist2/lib/python3.9/shutil.py", line 734, in rmtree
    _rmtree_safe_fd(fd, path, onerror)
  File "/nas2/data/dlwmznzl1/anaconda3/envs/Dist2/lib/python3.9/shutil.py", line 690, in _rmtree_safe_fd
    onerror(os.unlink, fullname, sys.exc_info())
  File "/nas2/data/dlwmznzl1/anaconda3/envs/Dist2/lib/python3.9/shutil.py", line 688, in _rmtree_safe_fd
    os.unlink(entry.name, dir_fd=topfd)
OSError: [Errno 16] Device or resource busy: '.nfs000000002c1291b300000b72'
Traceback (most recent call last):
  File "/nas2/data/dlwmznzl1/anaconda3/envs/Dist2/lib/python3.9/multiprocessing/util.py", line 300, in _run_finalizers
    finalizer()
  File "/nas2/data/dlwmznzl1/anaconda3/envs/Dist2/lib/python3.9/multiprocessing/util.py", line 224, in __call__
    res = self._callback(*self._args, **self._kwargs)
  File "/nas2/data/dlwmznzl1/anaconda3/envs/Dist2/lib/python3.9/multiprocessing/util.py", line 133, in _remove_temp_dir
    rmtree(tempdir)
  File "/nas2/data/dlwmznzl1/anaconda3/envs/Dist2/lib/python3.9/shutil.py", line 734, in rmtree
    _rmtree_safe_fd(fd, path, onerror)
  File "/nas2/data/dlwmznzl1/anaconda3/envs/Dist2/lib/python3.9/shutil.py", line 690, in _rmtree_safe_fd
    onerror(os.unlink, fullname, sys.exc_info())
  File "/nas2/data/dlwmznzl1/anaconda3/envs/Dist2/lib/python3.9/shutil.py", line 688, in _rmtree_safe_fd
    os.unlink(entry.name, dir_fd=topfd)
OSError: [Errno 16] Device or resource busy: '.nfs000000002c1291b000000b70'
Traceback (most recent call last):
  File "/nas2/data/dlwmznzl1/anaconda3/envs/Dist2/lib/python3.9/multiprocessing/util.py", line 300, in _run_finalizers
    finalizer()
  File "/nas2/data/dlwmznzl1/anaconda3/envs/Dist2/lib/python3.9/multiprocessing/util.py", line 224, in __call__
    res = self._callback(*self._args, **self._kwargs)
  File "/nas2/data/dlwmznzl1/anaconda3/envs/Dist2/lib/python3.9/multiprocessing/util.py", line 133, in _remove_temp_dir
    rmtree(tempdir)
  File "/nas2/data/dlwmznzl1/anaconda3/envs/Dist2/lib/python3.9/shutil.py", line 734, in rmtree
    _rmtree_safe_fd(fd, path, onerror)
  File "/nas2/data/dlwmznzl1/anaconda3/envs/Dist2/lib/python3.9/shutil.py", line 690, in _rmtree_safe_fd
    onerror(os.unlink, fullname, sys.exc_info())
  File "/nas2/data/dlwmznzl1/anaconda3/envs/Dist2/lib/python3.9/shutil.py", line 688, in _rmtree_safe_fd
    os.unlink(entry.name, dir_fd=topfd)
OSError: [Errno 16] Device or resource busy: '.nfs000000002c1291ad00000b71'
Traceback (most recent call last):
  File "/nas2/data/dlwmznzl1/anaconda3/envs/Dist2/lib/python3.9/multiprocessing/util.py", line 300, in _run_finalizers
    finalizer()
  File "/nas2/data/dlwmznzl1/anaconda3/envs/Dist2/lib/python3.9/multiprocessing/util.py", line 224, in __call__
    res = self._callback(*self._args, **self._kwargs)
  File "/nas2/data/dlwmznzl1/anaconda3/envs/Dist2/lib/python3.9/multiprocessing/util.py", line 133, in _remove_temp_dir
    rmtree(tempdir)
  File "/nas2/data/dlwmznzl1/anaconda3/envs/Dist2/lib/python3.9/shutil.py", line 734, in rmtree
    _rmtree_safe_fd(fd, path, onerror)
  File "/nas2/data/dlwmznzl1/anaconda3/envs/Dist2/lib/python3.9/shutil.py", line 690, in _rmtree_safe_fd
    onerror(os.unlink, fullname, sys.exc_info())
  File "/nas2/data/dlwmznzl1/anaconda3/envs/Dist2/lib/python3.9/shutil.py", line 688, in _rmtree_safe_fd
    os.unlink(entry.name, dir_fd=topfd)
OSError: [Errno 16] Device or resource busy: '.nfs000000002c1291b100000b73'
2025-11-15 07:15:49,744 DDP_Script [Rank 0] [INFO] val WER 1.050, CER 0.516, pseudo-acc 0.00%
2025-11-15 07:15:49,748 DDP_Script [Rank 0] [INFO] Saving checkpoint to ./checkpoints/job-029f4e204992/latest_checkpoint.pth ...
2025-11-15 07:15:56,654 DDP_Script [Rank 0] [INFO] Successfully reported epoch 10/20 (Acc: 0.00%) to global server.
2025-11-15 07:15:56,655 DDP_Script [Rank 0] [INFO] epoch 11 시작
2025-11-15 07:15:56,657 DDP_Script [Rank 0] [INFO] 모든 노드 중 max_steps = 64
2025-11-15 07:15:56,657 DDP_Script [Rank 0] [INFO] local_steps=64, global_steps=64
/nas2/data/dlwmznzl1/anaconda3/envs/Dist2/lib/python3.9/site-packages/torchaudio/_backend/utils.py:213: UserWarning: In 2.9, this function's implementation will be changed to use torchaudio.load_with_torchcodec` under the hood. Some parameters like ``normalize``, ``format``, ``buffer_size``, and ``backend`` will be ignored. We recommend that you port your code to rely directly on TorchCodec's decoder instead: https://docs.pytorch.org/torchcodec/stable/generated/torchcodec.decoders.AudioDecoder.html#torchcodec.decoders.AudioDecoder.
  warnings.warn(
/nas2/data/dlwmznzl1/anaconda3/envs/Dist2/lib/python3.9/site-packages/torchaudio/_backend/utils.py:213: UserWarning: In 2.9, this function's implementation will be changed to use torchaudio.load_with_torchcodec` under the hood. Some parameters like ``normalize``, ``format``, ``buffer_size``, and ``backend`` will be ignored. We recommend that you port your code to rely directly on TorchCodec's decoder instead: https://docs.pytorch.org/torchcodec/stable/generated/torchcodec.decoders.AudioDecoder.html#torchcodec.decoders.AudioDecoder.
  warnings.warn(
/nas2/data/dlwmznzl1/anaconda3/envs/Dist2/lib/python3.9/site-packages/torchaudio/_backend/utils.py:213: UserWarning: In 2.9, this function's implementation will be changed to use torchaudio.load_with_torchcodec` under the hood. Some parameters like ``normalize``, ``format``, ``buffer_size``, and ``backend`` will be ignored. We recommend that you port your code to rely directly on TorchCodec's decoder instead: https://docs.pytorch.org/torchcodec/stable/generated/torchcodec.decoders.AudioDecoder.html#torchcodec.decoders.AudioDecoder.
  warnings.warn(
/nas2/data/dlwmznzl1/anaconda3/envs/Dist2/lib/python3.9/site-packages/torchaudio/_backend/utils.py:213: UserWarning: In 2.9, this function's implementation will be changed to use torchaudio.load_with_torchcodec` under the hood. Some parameters like ``normalize``, ``format``, ``buffer_size``, and ``backend`` will be ignored. We recommend that you port your code to rely directly on TorchCodec's decoder instead: https://docs.pytorch.org/torchcodec/stable/generated/torchcodec.decoders.AudioDecoder.html#torchcodec.decoders.AudioDecoder.
  warnings.warn(
Traceback (most recent call last):
  File "/nas2/data/dlwmznzl1/anaconda3/envs/Dist2/lib/python3.9/multiprocessing/util.py", line 300, in _run_finalizers
    finalizer()
  File "/nas2/data/dlwmznzl1/anaconda3/envs/Dist2/lib/python3.9/multiprocessing/util.py", line 224, in __call__
    res = self._callback(*self._args, **self._kwargs)
  File "/nas2/data/dlwmznzl1/anaconda3/envs/Dist2/lib/python3.9/multiprocessing/util.py", line 133, in _remove_temp_dir
    rmtree(tempdir)
  File "/nas2/data/dlwmznzl1/anaconda3/envs/Dist2/lib/python3.9/shutil.py", line 734, in rmtree
    _rmtree_safe_fd(fd, path, onerror)
  File "/nas2/data/dlwmznzl1/anaconda3/envs/Dist2/lib/python3.9/shutil.py", line 690, in _rmtree_safe_fd
    onerror(os.unlink, fullname, sys.exc_info())
  File "/nas2/data/dlwmznzl1/anaconda3/envs/Dist2/lib/python3.9/shutil.py", line 688, in _rmtree_safe_fd
    os.unlink(entry.name, dir_fd=topfd)
OSError: [Errno 16] Device or resource busy: '.nfs000000002c1291b000000b77'
Traceback (most recent call last):
  File "/nas2/data/dlwmznzl1/anaconda3/envs/Dist2/lib/python3.9/multiprocessing/util.py", line 300, in _run_finalizers
    finalizer()
  File "/nas2/data/dlwmznzl1/anaconda3/envs/Dist2/lib/python3.9/multiprocessing/util.py", line 224, in __call__
    res = self._callback(*self._args, **self._kwargs)
  File "/nas2/data/dlwmznzl1/anaconda3/envs/Dist2/lib/python3.9/multiprocessing/util.py", line 133, in _remove_temp_dir
    rmtree(tempdir)
  File "/nas2/data/dlwmznzl1/anaconda3/envs/Dist2/lib/python3.9/shutil.py", line 734, in rmtree
    _rmtree_safe_fd(fd, path, onerror)
  File "/nas2/data/dlwmznzl1/anaconda3/envs/Dist2/lib/python3.9/shutil.py", line 690, in _rmtree_safe_fd
    onerror(os.unlink, fullname, sys.exc_info())
  File "/nas2/data/dlwmznzl1/anaconda3/envs/Dist2/lib/python3.9/shutil.py", line 688, in _rmtree_safe_fd
    os.unlink(entry.name, dir_fd=topfd)
OSError: [Errno 16] Device or resource busy: '.nfs000000002c1291b500000b74'
Traceback (most recent call last):
  File "/nas2/data/dlwmznzl1/anaconda3/envs/Dist2/lib/python3.9/multiprocessing/util.py", line 300, in _run_finalizers
    finalizer()
  File "/nas2/data/dlwmznzl1/anaconda3/envs/Dist2/lib/python3.9/multiprocessing/util.py", line 224, in __call__
    res = self._callback(*self._args, **self._kwargs)
  File "/nas2/data/dlwmznzl1/anaconda3/envs/Dist2/lib/python3.9/multiprocessing/util.py", line 133, in _remove_temp_dir
    rmtree(tempdir)
  File "/nas2/data/dlwmznzl1/anaconda3/envs/Dist2/lib/python3.9/shutil.py", line 734, in rmtree
    _rmtree_safe_fd(fd, path, onerror)
  File "/nas2/data/dlwmznzl1/anaconda3/envs/Dist2/lib/python3.9/shutil.py", line 690, in _rmtree_safe_fd
    onerror(os.unlink, fullname, sys.exc_info())
  File "/nas2/data/dlwmznzl1/anaconda3/envs/Dist2/lib/python3.9/shutil.py", line 688, in _rmtree_safe_fd
    os.unlink(entry.name, dir_fd=topfd)
OSError: [Errno 16] Device or resource busy: '.nfs000000002c1291b300000b76'
Traceback (most recent call last):
  File "/nas2/data/dlwmznzl1/anaconda3/envs/Dist2/lib/python3.9/multiprocessing/util.py", line 300, in _run_finalizers
    finalizer()
  File "/nas2/data/dlwmznzl1/anaconda3/envs/Dist2/lib/python3.9/multiprocessing/util.py", line 224, in __call__
    res = self._callback(*self._args, **self._kwargs)
  File "/nas2/data/dlwmznzl1/anaconda3/envs/Dist2/lib/python3.9/multiprocessing/util.py", line 133, in _remove_temp_dir
    rmtree(tempdir)
  File "/nas2/data/dlwmznzl1/anaconda3/envs/Dist2/lib/python3.9/shutil.py", line 734, in rmtree
    _rmtree_safe_fd(fd, path, onerror)
  File "/nas2/data/dlwmznzl1/anaconda3/envs/Dist2/lib/python3.9/shutil.py", line 690, in _rmtree_safe_fd
    onerror(os.unlink, fullname, sys.exc_info())
  File "/nas2/data/dlwmznzl1/anaconda3/envs/Dist2/lib/python3.9/shutil.py", line 688, in _rmtree_safe_fd
    os.unlink(entry.name, dir_fd=topfd)
OSError: [Errno 16] Device or resource busy: '.nfs000000002c1291b700000b75'
/nas2/data/dlwmznzl1/anaconda3/envs/Dist2/lib/python3.9/site-packages/torchaudio/_backend/utils.py:213: UserWarning: In 2.9, this function's implementation will be changed to use torchaudio.load_with_torchcodec` under the hood. Some parameters like ``normalize``, ``format``, ``buffer_size``, and ``backend`` will be ignored. We recommend that you port your code to rely directly on TorchCodec's decoder instead: https://docs.pytorch.org/torchcodec/stable/generated/torchcodec.decoders.AudioDecoder.html#torchcodec.decoders.AudioDecoder.
  warnings.warn(
/nas2/data/dlwmznzl1/anaconda3/envs/Dist2/lib/python3.9/site-packages/torchaudio/_backend/utils.py:213: UserWarning: In 2.9, this function's implementation will be changed to use torchaudio.load_with_torchcodec` under the hood. Some parameters like ``normalize``, ``format``, ``buffer_size``, and ``backend`` will be ignored. We recommend that you port your code to rely directly on TorchCodec's decoder instead: https://docs.pytorch.org/torchcodec/stable/generated/torchcodec.decoders.AudioDecoder.html#torchcodec.decoders.AudioDecoder.
  warnings.warn(
/nas2/data/dlwmznzl1/anaconda3/envs/Dist2/lib/python3.9/site-packages/torchaudio/_backend/utils.py:213: UserWarning: In 2.9, this function's implementation will be changed to use torchaudio.load_with_torchcodec` under the hood. Some parameters like ``normalize``, ``format``, ``buffer_size``, and ``backend`` will be ignored. We recommend that you port your code to rely directly on TorchCodec's decoder instead: https://docs.pytorch.org/torchcodec/stable/generated/torchcodec.decoders.AudioDecoder.html#torchcodec.decoders.AudioDecoder.
  warnings.warn(
/nas2/data/dlwmznzl1/anaconda3/envs/Dist2/lib/python3.9/site-packages/torchaudio/_backend/utils.py:213: UserWarning: In 2.9, this function's implementation will be changed to use torchaudio.load_with_torchcodec` under the hood. Some parameters like ``normalize``, ``format``, ``buffer_size``, and ``backend`` will be ignored. We recommend that you port your code to rely directly on TorchCodec's decoder instead: https://docs.pytorch.org/torchcodec/stable/generated/torchcodec.decoders.AudioDecoder.html#torchcodec.decoders.AudioDecoder.
  warnings.warn(
Traceback (most recent call last):
  File "/nas2/data/dlwmznzl1/anaconda3/envs/Dist2/lib/python3.9/multiprocessing/util.py", line 300, in _run_finalizers
    finalizer()
  File "/nas2/data/dlwmznzl1/anaconda3/envs/Dist2/lib/python3.9/multiprocessing/util.py", line 224, in __call__
    res = self._callback(*self._args, **self._kwargs)
  File "/nas2/data/dlwmznzl1/anaconda3/envs/Dist2/lib/python3.9/multiprocessing/util.py", line 133, in _remove_temp_dir
    rmtree(tempdir)
  File "/nas2/data/dlwmznzl1/anaconda3/envs/Dist2/lib/python3.9/shutil.py", line 734, in rmtree
    _rmtree_safe_fd(fd, path, onerror)
  File "/nas2/data/dlwmznzl1/anaconda3/envs/Dist2/lib/python3.9/shutil.py", line 690, in _rmtree_safe_fd
    onerror(os.unlink, fullname, sys.exc_info())
  File "/nas2/data/dlwmznzl1/anaconda3/envs/Dist2/lib/python3.9/shutil.py", line 688, in _rmtree_safe_fd
    os.unlink(entry.name, dir_fd=topfd)
OSError: [Errno 16] Device or resource busy: '.nfs000000002c1291b300000b7a'
Traceback (most recent call last):
  File "/nas2/data/dlwmznzl1/anaconda3/envs/Dist2/lib/python3.9/multiprocessing/util.py", line 300, in _run_finalizers
    finalizer()
  File "/nas2/data/dlwmznzl1/anaconda3/envs/Dist2/lib/python3.9/multiprocessing/util.py", line 224, in __call__
    res = self._callback(*self._args, **self._kwargs)
  File "/nas2/data/dlwmznzl1/anaconda3/envs/Dist2/lib/python3.9/multiprocessing/util.py", line 133, in _remove_temp_dir
    rmtree(tempdir)
  File "/nas2/data/dlwmznzl1/anaconda3/envs/Dist2/lib/python3.9/shutil.py", line 734, in rmtree
    _rmtree_safe_fd(fd, path, onerror)
  File "/nas2/data/dlwmznzl1/anaconda3/envs/Dist2/lib/python3.9/shutil.py", line 690, in _rmtree_safe_fd
    onerror(os.unlink, fullname, sys.exc_info())
  File "/nas2/data/dlwmznzl1/anaconda3/envs/Dist2/lib/python3.9/shutil.py", line 688, in _rmtree_safe_fd
    os.unlink(entry.name, dir_fd=topfd)
OSError: [Errno 16] Device or resource busy: '.nfs000000002c1291b900000b79'
Traceback (most recent call last):
  File "/nas2/data/dlwmznzl1/anaconda3/envs/Dist2/lib/python3.9/multiprocessing/util.py", line 300, in _run_finalizers
    finalizer()
  File "/nas2/data/dlwmznzl1/anaconda3/envs/Dist2/lib/python3.9/multiprocessing/util.py", line 224, in __call__
    res = self._callback(*self._args, **self._kwargs)
  File "/nas2/data/dlwmznzl1/anaconda3/envs/Dist2/lib/python3.9/multiprocessing/util.py", line 133, in _remove_temp_dir
    rmtree(tempdir)
  File "/nas2/data/dlwmznzl1/anaconda3/envs/Dist2/lib/python3.9/shutil.py", line 734, in rmtree
    _rmtree_safe_fd(fd, path, onerror)
  File "/nas2/data/dlwmznzl1/anaconda3/envs/Dist2/lib/python3.9/shutil.py", line 690, in _rmtree_safe_fd
    onerror(os.unlink, fullname, sys.exc_info())
  File "/nas2/data/dlwmznzl1/anaconda3/envs/Dist2/lib/python3.9/shutil.py", line 688, in _rmtree_safe_fd
    os.unlink(entry.name, dir_fd=topfd)
Traceback (most recent call last):
OSError: [Errno 16] Device or resource busy: '.nfs000000002c1291bb00000b78'
  File "/nas2/data/dlwmznzl1/anaconda3/envs/Dist2/lib/python3.9/multiprocessing/util.py", line 300, in _run_finalizers
    finalizer()
  File "/nas2/data/dlwmznzl1/anaconda3/envs/Dist2/lib/python3.9/multiprocessing/util.py", line 224, in __call__
    res = self._callback(*self._args, **self._kwargs)
  File "/nas2/data/dlwmznzl1/anaconda3/envs/Dist2/lib/python3.9/multiprocessing/util.py", line 133, in _remove_temp_dir
    rmtree(tempdir)
  File "/nas2/data/dlwmznzl1/anaconda3/envs/Dist2/lib/python3.9/shutil.py", line 734, in rmtree
    _rmtree_safe_fd(fd, path, onerror)
  File "/nas2/data/dlwmznzl1/anaconda3/envs/Dist2/lib/python3.9/shutil.py", line 690, in _rmtree_safe_fd
    onerror(os.unlink, fullname, sys.exc_info())
  File "/nas2/data/dlwmznzl1/anaconda3/envs/Dist2/lib/python3.9/shutil.py", line 688, in _rmtree_safe_fd
    os.unlink(entry.name, dir_fd=topfd)
OSError: [Errno 16] Device or resource busy: '.nfs000000002c1291b700000b7b'
2025-11-15 07:16:03,276 DDP_Script [Rank 0] [INFO] val WER 0.956, CER 0.462, pseudo-acc 4.37%
2025-11-15 07:16:03,281 DDP_Script [Rank 0] [INFO] Saving checkpoint to ./checkpoints/job-029f4e204992/latest_checkpoint.pth ...
2025-11-15 07:16:10,934 DDP_Script [Rank 0] [INFO] Successfully reported epoch 11/20 (Acc: 4.37%) to global server.
2025-11-15 07:16:10,937 DDP_Script [Rank 0] [INFO] epoch 12 시작
2025-11-15 07:16:10,938 DDP_Script [Rank 0] [INFO] 모든 노드 중 max_steps = 64
2025-11-15 07:16:10,938 DDP_Script [Rank 0] [INFO] local_steps=64, global_steps=64
/nas2/data/dlwmznzl1/anaconda3/envs/Dist2/lib/python3.9/site-packages/torchaudio/_backend/utils.py:213: UserWarning: In 2.9, this function's implementation will be changed to use torchaudio.load_with_torchcodec` under the hood. Some parameters like ``normalize``, ``format``, ``buffer_size``, and ``backend`` will be ignored. We recommend that you port your code to rely directly on TorchCodec's decoder instead: https://docs.pytorch.org/torchcodec/stable/generated/torchcodec.decoders.AudioDecoder.html#torchcodec.decoders.AudioDecoder.
  warnings.warn(
/nas2/data/dlwmznzl1/anaconda3/envs/Dist2/lib/python3.9/site-packages/torchaudio/_backend/utils.py:213: UserWarning: In 2.9, this function's implementation will be changed to use torchaudio.load_with_torchcodec` under the hood. Some parameters like ``normalize``, ``format``, ``buffer_size``, and ``backend`` will be ignored. We recommend that you port your code to rely directly on TorchCodec's decoder instead: https://docs.pytorch.org/torchcodec/stable/generated/torchcodec.decoders.AudioDecoder.html#torchcodec.decoders.AudioDecoder.
  warnings.warn(
/nas2/data/dlwmznzl1/anaconda3/envs/Dist2/lib/python3.9/site-packages/torchaudio/_backend/utils.py:213: UserWarning: In 2.9, this function's implementation will be changed to use torchaudio.load_with_torchcodec` under the hood. Some parameters like ``normalize``, ``format``, ``buffer_size``, and ``backend`` will be ignored. We recommend that you port your code to rely directly on TorchCodec's decoder instead: https://docs.pytorch.org/torchcodec/stable/generated/torchcodec.decoders.AudioDecoder.html#torchcodec.decoders.AudioDecoder.
  warnings.warn(
/nas2/data/dlwmznzl1/anaconda3/envs/Dist2/lib/python3.9/site-packages/torchaudio/_backend/utils.py:213: UserWarning: In 2.9, this function's implementation will be changed to use torchaudio.load_with_torchcodec` under the hood. Some parameters like ``normalize``, ``format``, ``buffer_size``, and ``backend`` will be ignored. We recommend that you port your code to rely directly on TorchCodec's decoder instead: https://docs.pytorch.org/torchcodec/stable/generated/torchcodec.decoders.AudioDecoder.html#torchcodec.decoders.AudioDecoder.
  warnings.warn(
Traceback (most recent call last):
  File "/nas2/data/dlwmznzl1/anaconda3/envs/Dist2/lib/python3.9/multiprocessing/util.py", line 300, in _run_finalizers
    finalizer()
  File "/nas2/data/dlwmznzl1/anaconda3/envs/Dist2/lib/python3.9/multiprocessing/util.py", line 224, in __call__
    res = self._callback(*self._args, **self._kwargs)
  File "/nas2/data/dlwmznzl1/anaconda3/envs/Dist2/lib/python3.9/multiprocessing/util.py", line 133, in _remove_temp_dir
    rmtree(tempdir)
  File "/nas2/data/dlwmznzl1/anaconda3/envs/Dist2/lib/python3.9/shutil.py", line 734, in rmtree
    _rmtree_safe_fd(fd, path, onerror)
  File "/nas2/data/dlwmznzl1/anaconda3/envs/Dist2/lib/python3.9/shutil.py", line 690, in _rmtree_safe_fd
    onerror(os.unlink, fullname, sys.exc_info())
  File "/nas2/data/dlwmznzl1/anaconda3/envs/Dist2/lib/python3.9/shutil.py", line 688, in _rmtree_safe_fd
    os.unlink(entry.name, dir_fd=topfd)
OSError: [Errno 16] Device or resource busy: '.nfs000000002c1291b900000b7e'
Traceback (most recent call last):
  File "/nas2/data/dlwmznzl1/anaconda3/envs/Dist2/lib/python3.9/multiprocessing/util.py", line 300, in _run_finalizers
    finalizer()
  File "/nas2/data/dlwmznzl1/anaconda3/envs/Dist2/lib/python3.9/multiprocessing/util.py", line 224, in __call__
    res = self._callback(*self._args, **self._kwargs)
  File "/nas2/data/dlwmznzl1/anaconda3/envs/Dist2/lib/python3.9/multiprocessing/util.py", line 133, in _remove_temp_dir
    rmtree(tempdir)
  File "/nas2/data/dlwmznzl1/anaconda3/envs/Dist2/lib/python3.9/shutil.py", line 734, in rmtree
    _rmtree_safe_fd(fd, path, onerror)
Traceback (most recent call last):
  File "/nas2/data/dlwmznzl1/anaconda3/envs/Dist2/lib/python3.9/shutil.py", line 690, in _rmtree_safe_fd
    onerror(os.unlink, fullname, sys.exc_info())
  File "/nas2/data/dlwmznzl1/anaconda3/envs/Dist2/lib/python3.9/shutil.py", line 688, in _rmtree_safe_fd
    os.unlink(entry.name, dir_fd=topfd)
OSError: [Errno 16] Device or resource busy: '.nfs000000002c1291bc00000b7f'
  File "/nas2/data/dlwmznzl1/anaconda3/envs/Dist2/lib/python3.9/multiprocessing/util.py", line 300, in _run_finalizers
    finalizer()
  File "/nas2/data/dlwmznzl1/anaconda3/envs/Dist2/lib/python3.9/multiprocessing/util.py", line 224, in __call__
    res = self._callback(*self._args, **self._kwargs)
  File "/nas2/data/dlwmznzl1/anaconda3/envs/Dist2/lib/python3.9/multiprocessing/util.py", line 133, in _remove_temp_dir
    rmtree(tempdir)
  File "/nas2/data/dlwmznzl1/anaconda3/envs/Dist2/lib/python3.9/shutil.py", line 734, in rmtree
    _rmtree_safe_fd(fd, path, onerror)
  File "/nas2/data/dlwmznzl1/anaconda3/envs/Dist2/lib/python3.9/shutil.py", line 690, in _rmtree_safe_fd
    onerror(os.unlink, fullname, sys.exc_info())
  File "/nas2/data/dlwmznzl1/anaconda3/envs/Dist2/lib/python3.9/shutil.py", line 688, in _rmtree_safe_fd
    os.unlink(entry.name, dir_fd=topfd)
OSError: [Errno 16] Device or resource busy: '.nfs000000002c1291be00000b7c'
Traceback (most recent call last):
  File "/nas2/data/dlwmznzl1/anaconda3/envs/Dist2/lib/python3.9/multiprocessing/util.py", line 300, in _run_finalizers
    finalizer()
  File "/nas2/data/dlwmznzl1/anaconda3/envs/Dist2/lib/python3.9/multiprocessing/util.py", line 224, in __call__
    res = self._callback(*self._args, **self._kwargs)
  File "/nas2/data/dlwmznzl1/anaconda3/envs/Dist2/lib/python3.9/multiprocessing/util.py", line 133, in _remove_temp_dir
    rmtree(tempdir)
  File "/nas2/data/dlwmznzl1/anaconda3/envs/Dist2/lib/python3.9/shutil.py", line 734, in rmtree
    _rmtree_safe_fd(fd, path, onerror)
  File "/nas2/data/dlwmznzl1/anaconda3/envs/Dist2/lib/python3.9/shutil.py", line 690, in _rmtree_safe_fd
    onerror(os.unlink, fullname, sys.exc_info())
  File "/nas2/data/dlwmznzl1/anaconda3/envs/Dist2/lib/python3.9/shutil.py", line 688, in _rmtree_safe_fd
    os.unlink(entry.name, dir_fd=topfd)
OSError: [Errno 16] Device or resource busy: '.nfs000000002c1291bf00000b7d'
/nas2/data/dlwmznzl1/anaconda3/envs/Dist2/lib/python3.9/site-packages/torchaudio/_backend/utils.py:213: UserWarning: In 2.9, this function's implementation will be changed to use torchaudio.load_with_torchcodec` under the hood. Some parameters like ``normalize``, ``format``, ``buffer_size``, and ``backend`` will be ignored. We recommend that you port your code to rely directly on TorchCodec's decoder instead: https://docs.pytorch.org/torchcodec/stable/generated/torchcodec.decoders.AudioDecoder.html#torchcodec.decoders.AudioDecoder.
  warnings.warn(
/nas2/data/dlwmznzl1/anaconda3/envs/Dist2/lib/python3.9/site-packages/torchaudio/_backend/utils.py:213: UserWarning: In 2.9, this function's implementation will be changed to use torchaudio.load_with_torchcodec` under the hood. Some parameters like ``normalize``, ``format``, ``buffer_size``, and ``backend`` will be ignored. We recommend that you port your code to rely directly on TorchCodec's decoder instead: https://docs.pytorch.org/torchcodec/stable/generated/torchcodec.decoders.AudioDecoder.html#torchcodec.decoders.AudioDecoder.
  warnings.warn(
/nas2/data/dlwmznzl1/anaconda3/envs/Dist2/lib/python3.9/site-packages/torchaudio/_backend/utils.py:213: UserWarning: In 2.9, this function's implementation will be changed to use torchaudio.load_with_torchcodec` under the hood. Some parameters like ``normalize``, ``format``, ``buffer_size``, and ``backend`` will be ignored. We recommend that you port your code to rely directly on TorchCodec's decoder instead: https://docs.pytorch.org/torchcodec/stable/generated/torchcodec.decoders.AudioDecoder.html#torchcodec.decoders.AudioDecoder.
  warnings.warn(
/nas2/data/dlwmznzl1/anaconda3/envs/Dist2/lib/python3.9/site-packages/torchaudio/_backend/utils.py:213: UserWarning: In 2.9, this function's implementation will be changed to use torchaudio.load_with_torchcodec` under the hood. Some parameters like ``normalize``, ``format``, ``buffer_size``, and ``backend`` will be ignored. We recommend that you port your code to rely directly on TorchCodec's decoder instead: https://docs.pytorch.org/torchcodec/stable/generated/torchcodec.decoders.AudioDecoder.html#torchcodec.decoders.AudioDecoder.
  warnings.warn(
Traceback (most recent call last):
  File "/nas2/data/dlwmznzl1/anaconda3/envs/Dist2/lib/python3.9/multiprocessing/util.py", line 300, in _run_finalizers
    finalizer()
  File "/nas2/data/dlwmznzl1/anaconda3/envs/Dist2/lib/python3.9/multiprocessing/util.py", line 224, in __call__
    res = self._callback(*self._args, **self._kwargs)
  File "/nas2/data/dlwmznzl1/anaconda3/envs/Dist2/lib/python3.9/multiprocessing/util.py", line 133, in _remove_temp_dir
    rmtree(tempdir)
  File "/nas2/data/dlwmznzl1/anaconda3/envs/Dist2/lib/python3.9/shutil.py", line 734, in rmtree
    _rmtree_safe_fd(fd, path, onerror)
  File "/nas2/data/dlwmznzl1/anaconda3/envs/Dist2/lib/python3.9/shutil.py", line 690, in _rmtree_safe_fd
    onerror(os.unlink, fullname, sys.exc_info())
  File "/nas2/data/dlwmznzl1/anaconda3/envs/Dist2/lib/python3.9/shutil.py", line 688, in _rmtree_safe_fd
    os.unlink(entry.name, dir_fd=topfd)
OSError: [Errno 16] Device or resource busy: '.nfs000000002c1291c100000b81'
Traceback (most recent call last):
  File "/nas2/data/dlwmznzl1/anaconda3/envs/Dist2/lib/python3.9/multiprocessing/util.py", line 300, in _run_finalizers
    finalizer()
  File "/nas2/data/dlwmznzl1/anaconda3/envs/Dist2/lib/python3.9/multiprocessing/util.py", line 224, in __call__
    res = self._callback(*self._args, **self._kwargs)
  File "/nas2/data/dlwmznzl1/anaconda3/envs/Dist2/lib/python3.9/multiprocessing/util.py", line 133, in _remove_temp_dir
    rmtree(tempdir)
  File "/nas2/data/dlwmznzl1/anaconda3/envs/Dist2/lib/python3.9/shutil.py", line 734, in rmtree
    _rmtree_safe_fd(fd, path, onerror)
  File "/nas2/data/dlwmznzl1/anaconda3/envs/Dist2/lib/python3.9/shutil.py", line 690, in _rmtree_safe_fd
    onerror(os.unlink, fullname, sys.exc_info())
  File "/nas2/data/dlwmznzl1/anaconda3/envs/Dist2/lib/python3.9/shutil.py", line 688, in _rmtree_safe_fd
    os.unlink(entry.name, dir_fd=topfd)
OSError: [Errno 16] Device or resource busy: '.nfs000000002c1291c000000b80'
Traceback (most recent call last):
  File "/nas2/data/dlwmznzl1/anaconda3/envs/Dist2/lib/python3.9/multiprocessing/util.py", line 300, in _run_finalizers
    finalizer()
  File "/nas2/data/dlwmznzl1/anaconda3/envs/Dist2/lib/python3.9/multiprocessing/util.py", line 224, in __call__
    res = self._callback(*self._args, **self._kwargs)
  File "/nas2/data/dlwmznzl1/anaconda3/envs/Dist2/lib/python3.9/multiprocessing/util.py", line 133, in _remove_temp_dir
    rmtree(tempdir)
  File "/nas2/data/dlwmznzl1/anaconda3/envs/Dist2/lib/python3.9/shutil.py", line 734, in rmtree
    _rmtree_safe_fd(fd, path, onerror)
  File "/nas2/data/dlwmznzl1/anaconda3/envs/Dist2/lib/python3.9/shutil.py", line 690, in _rmtree_safe_fd
    onerror(os.unlink, fullname, sys.exc_info())
  File "/nas2/data/dlwmznzl1/anaconda3/envs/Dist2/lib/python3.9/shutil.py", line 688, in _rmtree_safe_fd
    os.unlink(entry.name, dir_fd=topfd)
OSError: [Errno 16] Device or resource busy: '.nfs000000002c1291bf00000b82'
Traceback (most recent call last):
  File "/nas2/data/dlwmznzl1/anaconda3/envs/Dist2/lib/python3.9/multiprocessing/util.py", line 300, in _run_finalizers
    finalizer()
  File "/nas2/data/dlwmznzl1/anaconda3/envs/Dist2/lib/python3.9/multiprocessing/util.py", line 224, in __call__
    res = self._callback(*self._args, **self._kwargs)
  File "/nas2/data/dlwmznzl1/anaconda3/envs/Dist2/lib/python3.9/multiprocessing/util.py", line 133, in _remove_temp_dir
    rmtree(tempdir)
  File "/nas2/data/dlwmznzl1/anaconda3/envs/Dist2/lib/python3.9/shutil.py", line 734, in rmtree
    _rmtree_safe_fd(fd, path, onerror)
  File "/nas2/data/dlwmznzl1/anaconda3/envs/Dist2/lib/python3.9/shutil.py", line 690, in _rmtree_safe_fd
    onerror(os.unlink, fullname, sys.exc_info())
  File "/nas2/data/dlwmznzl1/anaconda3/envs/Dist2/lib/python3.9/shutil.py", line 688, in _rmtree_safe_fd
    os.unlink(entry.name, dir_fd=topfd)
OSError: [Errno 16] Device or resource busy: '.nfs000000002c1291c300000b83'
2025-11-15 07:16:17,061 DDP_Script [Rank 0] [INFO] val WER 0.920, CER 0.432, pseudo-acc 7.99%
2025-11-15 07:16:17,066 DDP_Script [Rank 0] [INFO] Saving checkpoint to ./checkpoints/job-029f4e204992/latest_checkpoint.pth ...
2025-11-15 07:16:24,287 DDP_Script [Rank 0] [INFO] Successfully reported epoch 12/20 (Acc: 7.99%) to global server.
2025-11-15 07:16:24,289 DDP_Script [Rank 0] [INFO] epoch 13 시작
2025-11-15 07:16:24,290 DDP_Script [Rank 0] [INFO] 모든 노드 중 max_steps = 64
2025-11-15 07:16:24,291 DDP_Script [Rank 0] [INFO] local_steps=64, global_steps=64
/nas2/data/dlwmznzl1/anaconda3/envs/Dist2/lib/python3.9/site-packages/torchaudio/_backend/utils.py:213: UserWarning: In 2.9, this function's implementation will be changed to use torchaudio.load_with_torchcodec` under the hood. Some parameters like ``normalize``, ``format``, ``buffer_size``, and ``backend`` will be ignored. We recommend that you port your code to rely directly on TorchCodec's decoder instead: https://docs.pytorch.org/torchcodec/stable/generated/torchcodec.decoders.AudioDecoder.html#torchcodec.decoders.AudioDecoder.
  warnings.warn(
/nas2/data/dlwmznzl1/anaconda3/envs/Dist2/lib/python3.9/site-packages/torchaudio/_backend/utils.py:213: UserWarning: In 2.9, this function's implementation will be changed to use torchaudio.load_with_torchcodec` under the hood. Some parameters like ``normalize``, ``format``, ``buffer_size``, and ``backend`` will be ignored. We recommend that you port your code to rely directly on TorchCodec's decoder instead: https://docs.pytorch.org/torchcodec/stable/generated/torchcodec.decoders.AudioDecoder.html#torchcodec.decoders.AudioDecoder.
  warnings.warn(
/nas2/data/dlwmznzl1/anaconda3/envs/Dist2/lib/python3.9/site-packages/torchaudio/_backend/utils.py:213: UserWarning: In 2.9, this function's implementation will be changed to use torchaudio.load_with_torchcodec` under the hood. Some parameters like ``normalize``, ``format``, ``buffer_size``, and ``backend`` will be ignored. We recommend that you port your code to rely directly on TorchCodec's decoder instead: https://docs.pytorch.org/torchcodec/stable/generated/torchcodec.decoders.AudioDecoder.html#torchcodec.decoders.AudioDecoder.
  warnings.warn(
/nas2/data/dlwmznzl1/anaconda3/envs/Dist2/lib/python3.9/site-packages/torchaudio/_backend/utils.py:213: UserWarning: In 2.9, this function's implementation will be changed to use torchaudio.load_with_torchcodec` under the hood. Some parameters like ``normalize``, ``format``, ``buffer_size``, and ``backend`` will be ignored. We recommend that you port your code to rely directly on TorchCodec's decoder instead: https://docs.pytorch.org/torchcodec/stable/generated/torchcodec.decoders.AudioDecoder.html#torchcodec.decoders.AudioDecoder.
  warnings.warn(
Traceback (most recent call last):
  File "/nas2/data/dlwmznzl1/anaconda3/envs/Dist2/lib/python3.9/multiprocessing/util.py", line 300, in _run_finalizers
    finalizer()
  File "/nas2/data/dlwmznzl1/anaconda3/envs/Dist2/lib/python3.9/multiprocessing/util.py", line 224, in __call__
    res = self._callback(*self._args, **self._kwargs)
  File "/nas2/data/dlwmznzl1/anaconda3/envs/Dist2/lib/python3.9/multiprocessing/util.py", line 133, in _remove_temp_dir
    rmtree(tempdir)
  File "/nas2/data/dlwmznzl1/anaconda3/envs/Dist2/lib/python3.9/shutil.py", line 734, in rmtree
    _rmtree_safe_fd(fd, path, onerror)
  File "/nas2/data/dlwmznzl1/anaconda3/envs/Dist2/lib/python3.9/shutil.py", line 690, in _rmtree_safe_fd
    onerror(os.unlink, fullname, sys.exc_info())
  File "/nas2/data/dlwmznzl1/anaconda3/envs/Dist2/lib/python3.9/shutil.py", line 688, in _rmtree_safe_fd
    os.unlink(entry.name, dir_fd=topfd)
OSError: [Errno 16] Device or resource busy: '.nfs000000002c1291c300000b84'
Traceback (most recent call last):
  File "/nas2/data/dlwmznzl1/anaconda3/envs/Dist2/lib/python3.9/multiprocessing/util.py", line 300, in _run_finalizers
    finalizer()
  File "/nas2/data/dlwmznzl1/anaconda3/envs/Dist2/lib/python3.9/multiprocessing/util.py", line 224, in __call__
    res = self._callback(*self._args, **self._kwargs)
  File "/nas2/data/dlwmznzl1/anaconda3/envs/Dist2/lib/python3.9/multiprocessing/util.py", line 133, in _remove_temp_dir
    rmtree(tempdir)
  File "/nas2/data/dlwmznzl1/anaconda3/envs/Dist2/lib/python3.9/shutil.py", line 734, in rmtree
    _rmtree_safe_fd(fd, path, onerror)
  File "/nas2/data/dlwmznzl1/anaconda3/envs/Dist2/lib/python3.9/shutil.py", line 690, in _rmtree_safe_fd
    onerror(os.unlink, fullname, sys.exc_info())
  File "/nas2/data/dlwmznzl1/anaconda3/envs/Dist2/lib/python3.9/shutil.py", line 688, in _rmtree_safe_fd
    os.unlink(entry.name, dir_fd=topfd)
OSError: [Errno 16] Device or resource busy: '.nfs000000002c1291c800000b87'
Traceback (most recent call last):
Traceback (most recent call last):
  File "/nas2/data/dlwmznzl1/anaconda3/envs/Dist2/lib/python3.9/multiprocessing/util.py", line 300, in _run_finalizers
    finalizer()
  File "/nas2/data/dlwmznzl1/anaconda3/envs/Dist2/lib/python3.9/multiprocessing/util.py", line 300, in _run_finalizers
    finalizer()
  File "/nas2/data/dlwmznzl1/anaconda3/envs/Dist2/lib/python3.9/multiprocessing/util.py", line 224, in __call__
    res = self._callback(*self._args, **self._kwargs)
  File "/nas2/data/dlwmznzl1/anaconda3/envs/Dist2/lib/python3.9/multiprocessing/util.py", line 224, in __call__
    res = self._callback(*self._args, **self._kwargs)
  File "/nas2/data/dlwmznzl1/anaconda3/envs/Dist2/lib/python3.9/multiprocessing/util.py", line 133, in _remove_temp_dir
    rmtree(tempdir)
  File "/nas2/data/dlwmznzl1/anaconda3/envs/Dist2/lib/python3.9/multiprocessing/util.py", line 133, in _remove_temp_dir
    rmtree(tempdir)
  File "/nas2/data/dlwmznzl1/anaconda3/envs/Dist2/lib/python3.9/shutil.py", line 734, in rmtree
    _rmtree_safe_fd(fd, path, onerror)
  File "/nas2/data/dlwmznzl1/anaconda3/envs/Dist2/lib/python3.9/shutil.py", line 734, in rmtree
    _rmtree_safe_fd(fd, path, onerror)
  File "/nas2/data/dlwmznzl1/anaconda3/envs/Dist2/lib/python3.9/shutil.py", line 690, in _rmtree_safe_fd
    onerror(os.unlink, fullname, sys.exc_info())
  File "/nas2/data/dlwmznzl1/anaconda3/envs/Dist2/lib/python3.9/shutil.py", line 690, in _rmtree_safe_fd
    onerror(os.unlink, fullname, sys.exc_info())
  File "/nas2/data/dlwmznzl1/anaconda3/envs/Dist2/lib/python3.9/shutil.py", line 688, in _rmtree_safe_fd
    os.unlink(entry.name, dir_fd=topfd)
  File "/nas2/data/dlwmznzl1/anaconda3/envs/Dist2/lib/python3.9/shutil.py", line 688, in _rmtree_safe_fd
    os.unlink(entry.name, dir_fd=topfd)
OSError: [Errno 16] Device or resource busy: '.nfs000000002c1291c500000b85'
OSError: [Errno 16] Device or resource busy: '.nfs000000002c1291c600000b86'
/nas2/data/dlwmznzl1/anaconda3/envs/Dist2/lib/python3.9/site-packages/torchaudio/_backend/utils.py:213: UserWarning: In 2.9, this function's implementation will be changed to use torchaudio.load_with_torchcodec` under the hood. Some parameters like ``normalize``, ``format``, ``buffer_size``, and ``backend`` will be ignored. We recommend that you port your code to rely directly on TorchCodec's decoder instead: https://docs.pytorch.org/torchcodec/stable/generated/torchcodec.decoders.AudioDecoder.html#torchcodec.decoders.AudioDecoder.
  warnings.warn(
/nas2/data/dlwmznzl1/anaconda3/envs/Dist2/lib/python3.9/site-packages/torchaudio/_backend/utils.py:213: UserWarning: In 2.9, this function's implementation will be changed to use torchaudio.load_with_torchcodec` under the hood. Some parameters like ``normalize``, ``format``, ``buffer_size``, and ``backend`` will be ignored. We recommend that you port your code to rely directly on TorchCodec's decoder instead: https://docs.pytorch.org/torchcodec/stable/generated/torchcodec.decoders.AudioDecoder.html#torchcodec.decoders.AudioDecoder.
  warnings.warn(
/nas2/data/dlwmznzl1/anaconda3/envs/Dist2/lib/python3.9/site-packages/torchaudio/_backend/utils.py:213: UserWarning: In 2.9, this function's implementation will be changed to use torchaudio.load_with_torchcodec` under the hood. Some parameters like ``normalize``, ``format``, ``buffer_size``, and ``backend`` will be ignored. We recommend that you port your code to rely directly on TorchCodec's decoder instead: https://docs.pytorch.org/torchcodec/stable/generated/torchcodec.decoders.AudioDecoder.html#torchcodec.decoders.AudioDecoder.
  warnings.warn(
/nas2/data/dlwmznzl1/anaconda3/envs/Dist2/lib/python3.9/site-packages/torchaudio/_backend/utils.py:213: UserWarning: In 2.9, this function's implementation will be changed to use torchaudio.load_with_torchcodec` under the hood. Some parameters like ``normalize``, ``format``, ``buffer_size``, and ``backend`` will be ignored. We recommend that you port your code to rely directly on TorchCodec's decoder instead: https://docs.pytorch.org/torchcodec/stable/generated/torchcodec.decoders.AudioDecoder.html#torchcodec.decoders.AudioDecoder.
  warnings.warn(
Traceback (most recent call last):
  File "/nas2/data/dlwmznzl1/anaconda3/envs/Dist2/lib/python3.9/multiprocessing/util.py", line 300, in _run_finalizers
    finalizer()
  File "/nas2/data/dlwmznzl1/anaconda3/envs/Dist2/lib/python3.9/multiprocessing/util.py", line 224, in __call__
    res = self._callback(*self._args, **self._kwargs)
  File "/nas2/data/dlwmznzl1/anaconda3/envs/Dist2/lib/python3.9/multiprocessing/util.py", line 133, in _remove_temp_dir
    rmtree(tempdir)
  File "/nas2/data/dlwmznzl1/anaconda3/envs/Dist2/lib/python3.9/shutil.py", line 734, in rmtree
    _rmtree_safe_fd(fd, path, onerror)
  File "/nas2/data/dlwmznzl1/anaconda3/envs/Dist2/lib/python3.9/shutil.py", line 690, in _rmtree_safe_fd
    onerror(os.unlink, fullname, sys.exc_info())
  File "/nas2/data/dlwmznzl1/anaconda3/envs/Dist2/lib/python3.9/shutil.py", line 688, in _rmtree_safe_fd
    os.unlink(entry.name, dir_fd=topfd)
OSError: [Errno 16] Device or resource busy: '.nfs000000002c12924700000b88'
Traceback (most recent call last):
Traceback (most recent call last):
  File "/nas2/data/dlwmznzl1/anaconda3/envs/Dist2/lib/python3.9/multiprocessing/util.py", line 300, in _run_finalizers
    finalizer()
  File "/nas2/data/dlwmznzl1/anaconda3/envs/Dist2/lib/python3.9/multiprocessing/util.py", line 224, in __call__
    res = self._callback(*self._args, **self._kwargs)
  File "/nas2/data/dlwmznzl1/anaconda3/envs/Dist2/lib/python3.9/multiprocessing/util.py", line 133, in _remove_temp_dir
    rmtree(tempdir)
  File "/nas2/data/dlwmznzl1/anaconda3/envs/Dist2/lib/python3.9/shutil.py", line 734, in rmtree
    _rmtree_safe_fd(fd, path, onerror)
  File "/nas2/data/dlwmznzl1/anaconda3/envs/Dist2/lib/python3.9/shutil.py", line 690, in _rmtree_safe_fd
    onerror(os.unlink, fullname, sys.exc_info())
  File "/nas2/data/dlwmznzl1/anaconda3/envs/Dist2/lib/python3.9/shutil.py", line 688, in _rmtree_safe_fd
    os.unlink(entry.name, dir_fd=topfd)
  File "/nas2/data/dlwmznzl1/anaconda3/envs/Dist2/lib/python3.9/multiprocessing/util.py", line 300, in _run_finalizers
    finalizer()
  File "/nas2/data/dlwmznzl1/anaconda3/envs/Dist2/lib/python3.9/multiprocessing/util.py", line 224, in __call__
    res = self._callback(*self._args, **self._kwargs)
  File "/nas2/data/dlwmznzl1/anaconda3/envs/Dist2/lib/python3.9/multiprocessing/util.py", line 133, in _remove_temp_dir
    rmtree(tempdir)
OSError: [Errno 16] Device or resource busy: '.nfs000000002c12924b00000b89'
  File "/nas2/data/dlwmznzl1/anaconda3/envs/Dist2/lib/python3.9/shutil.py", line 734, in rmtree
    _rmtree_safe_fd(fd, path, onerror)
  File "/nas2/data/dlwmznzl1/anaconda3/envs/Dist2/lib/python3.9/shutil.py", line 690, in _rmtree_safe_fd
    onerror(os.unlink, fullname, sys.exc_info())
  File "/nas2/data/dlwmznzl1/anaconda3/envs/Dist2/lib/python3.9/shutil.py", line 688, in _rmtree_safe_fd
    os.unlink(entry.name, dir_fd=topfd)
OSError: [Errno 16] Device or resource busy: '.nfs000000002c12924900000b8a'
Traceback (most recent call last):
  File "/nas2/data/dlwmznzl1/anaconda3/envs/Dist2/lib/python3.9/multiprocessing/util.py", line 300, in _run_finalizers
    finalizer()
  File "/nas2/data/dlwmznzl1/anaconda3/envs/Dist2/lib/python3.9/multiprocessing/util.py", line 224, in __call__
    res = self._callback(*self._args, **self._kwargs)
  File "/nas2/data/dlwmznzl1/anaconda3/envs/Dist2/lib/python3.9/multiprocessing/util.py", line 133, in _remove_temp_dir
    rmtree(tempdir)
  File "/nas2/data/dlwmznzl1/anaconda3/envs/Dist2/lib/python3.9/shutil.py", line 734, in rmtree
    _rmtree_safe_fd(fd, path, onerror)
  File "/nas2/data/dlwmznzl1/anaconda3/envs/Dist2/lib/python3.9/shutil.py", line 690, in _rmtree_safe_fd
    onerror(os.unlink, fullname, sys.exc_info())
  File "/nas2/data/dlwmznzl1/anaconda3/envs/Dist2/lib/python3.9/shutil.py", line 688, in _rmtree_safe_fd
    os.unlink(entry.name, dir_fd=topfd)
OSError: [Errno 16] Device or resource busy: '.nfs000000002c12924d00000b8b'
2025-11-15 07:16:30,443 DDP_Script [Rank 0] [INFO] val WER 0.873, CER 0.398, pseudo-acc 12.74%
2025-11-15 07:16:30,447 DDP_Script [Rank 0] [INFO] Saving checkpoint to ./checkpoints/job-029f4e204992/latest_checkpoint.pth ...
2025-11-15 07:16:37,798 DDP_Script [Rank 0] [INFO] Successfully reported epoch 13/20 (Acc: 12.74%) to global server.
2025-11-15 07:16:37,800 DDP_Script [Rank 0] [INFO] epoch 14 시작
2025-11-15 07:16:37,802 DDP_Script [Rank 0] [INFO] 모든 노드 중 max_steps = 64
2025-11-15 07:16:37,802 DDP_Script [Rank 0] [INFO] local_steps=64, global_steps=64
/nas2/data/dlwmznzl1/anaconda3/envs/Dist2/lib/python3.9/site-packages/torchaudio/_backend/utils.py:213: UserWarning: In 2.9, this function's implementation will be changed to use torchaudio.load_with_torchcodec` under the hood. Some parameters like ``normalize``, ``format``, ``buffer_size``, and ``backend`` will be ignored. We recommend that you port your code to rely directly on TorchCodec's decoder instead: https://docs.pytorch.org/torchcodec/stable/generated/torchcodec.decoders.AudioDecoder.html#torchcodec.decoders.AudioDecoder.
  warnings.warn(
/nas2/data/dlwmznzl1/anaconda3/envs/Dist2/lib/python3.9/site-packages/torchaudio/_backend/utils.py:213: UserWarning: In 2.9, this function's implementation will be changed to use torchaudio.load_with_torchcodec` under the hood. Some parameters like ``normalize``, ``format``, ``buffer_size``, and ``backend`` will be ignored. We recommend that you port your code to rely directly on TorchCodec's decoder instead: https://docs.pytorch.org/torchcodec/stable/generated/torchcodec.decoders.AudioDecoder.html#torchcodec.decoders.AudioDecoder.
  warnings.warn(
/nas2/data/dlwmznzl1/anaconda3/envs/Dist2/lib/python3.9/site-packages/torchaudio/_backend/utils.py:213: UserWarning: In 2.9, this function's implementation will be changed to use torchaudio.load_with_torchcodec` under the hood. Some parameters like ``normalize``, ``format``, ``buffer_size``, and ``backend`` will be ignored. We recommend that you port your code to rely directly on TorchCodec's decoder instead: https://docs.pytorch.org/torchcodec/stable/generated/torchcodec.decoders.AudioDecoder.html#torchcodec.decoders.AudioDecoder.
  warnings.warn(
/nas2/data/dlwmznzl1/anaconda3/envs/Dist2/lib/python3.9/site-packages/torchaudio/_backend/utils.py:213: UserWarning: In 2.9, this function's implementation will be changed to use torchaudio.load_with_torchcodec` under the hood. Some parameters like ``normalize``, ``format``, ``buffer_size``, and ``backend`` will be ignored. We recommend that you port your code to rely directly on TorchCodec's decoder instead: https://docs.pytorch.org/torchcodec/stable/generated/torchcodec.decoders.AudioDecoder.html#torchcodec.decoders.AudioDecoder.
  warnings.warn(
Traceback (most recent call last):
  File "/nas2/data/dlwmznzl1/anaconda3/envs/Dist2/lib/python3.9/multiprocessing/util.py", line 300, in _run_finalizers
    finalizer()
  File "/nas2/data/dlwmznzl1/anaconda3/envs/Dist2/lib/python3.9/multiprocessing/util.py", line 224, in __call__
    res = self._callback(*self._args, **self._kwargs)
  File "/nas2/data/dlwmznzl1/anaconda3/envs/Dist2/lib/python3.9/multiprocessing/util.py", line 133, in _remove_temp_dir
    rmtree(tempdir)
  File "/nas2/data/dlwmznzl1/anaconda3/envs/Dist2/lib/python3.9/shutil.py", line 734, in rmtree
    _rmtree_safe_fd(fd, path, onerror)
  File "/nas2/data/dlwmznzl1/anaconda3/envs/Dist2/lib/python3.9/shutil.py", line 690, in _rmtree_safe_fd
    onerror(os.unlink, fullname, sys.exc_info())
  File "/nas2/data/dlwmznzl1/anaconda3/envs/Dist2/lib/python3.9/shutil.py", line 688, in _rmtree_safe_fd
    os.unlink(entry.name, dir_fd=topfd)
OSError: [Errno 16] Device or resource busy: '.nfs000000002c12931b00000b8d'
Traceback (most recent call last):
  File "/nas2/data/dlwmznzl1/anaconda3/envs/Dist2/lib/python3.9/multiprocessing/util.py", line 300, in _run_finalizers
    finalizer()
  File "/nas2/data/dlwmznzl1/anaconda3/envs/Dist2/lib/python3.9/multiprocessing/util.py", line 224, in __call__
    res = self._callback(*self._args, **self._kwargs)
  File "/nas2/data/dlwmznzl1/anaconda3/envs/Dist2/lib/python3.9/multiprocessing/util.py", line 133, in _remove_temp_dir
    rmtree(tempdir)
  File "/nas2/data/dlwmznzl1/anaconda3/envs/Dist2/lib/python3.9/shutil.py", line 734, in rmtree
    _rmtree_safe_fd(fd, path, onerror)
  File "/nas2/data/dlwmznzl1/anaconda3/envs/Dist2/lib/python3.9/shutil.py", line 690, in _rmtree_safe_fd
    onerror(os.unlink, fullname, sys.exc_info())
  File "/nas2/data/dlwmznzl1/anaconda3/envs/Dist2/lib/python3.9/shutil.py", line 688, in _rmtree_safe_fd
    os.unlink(entry.name, dir_fd=topfd)
OSError: [Errno 16] Device or resource busy: '.nfs000000002c12931f00000b8f'
Traceback (most recent call last):
  File "/nas2/data/dlwmznzl1/anaconda3/envs/Dist2/lib/python3.9/multiprocessing/util.py", line 300, in _run_finalizers
    finalizer()
  File "/nas2/data/dlwmznzl1/anaconda3/envs/Dist2/lib/python3.9/multiprocessing/util.py", line 224, in __call__
    res = self._callback(*self._args, **self._kwargs)
  File "/nas2/data/dlwmznzl1/anaconda3/envs/Dist2/lib/python3.9/multiprocessing/util.py", line 133, in _remove_temp_dir
    rmtree(tempdir)
  File "/nas2/data/dlwmznzl1/anaconda3/envs/Dist2/lib/python3.9/shutil.py", line 734, in rmtree
    _rmtree_safe_fd(fd, path, onerror)
  File "/nas2/data/dlwmznzl1/anaconda3/envs/Dist2/lib/python3.9/shutil.py", line 690, in _rmtree_safe_fd
    onerror(os.unlink, fullname, sys.exc_info())
  File "/nas2/data/dlwmznzl1/anaconda3/envs/Dist2/lib/python3.9/shutil.py", line 688, in _rmtree_safe_fd
    os.unlink(entry.name, dir_fd=topfd)
OSError: [Errno 16] Device or resource busy: '.nfs000000002c12931d00000b8c'
Traceback (most recent call last):
  File "/nas2/data/dlwmznzl1/anaconda3/envs/Dist2/lib/python3.9/multiprocessing/util.py", line 300, in _run_finalizers
    finalizer()
  File "/nas2/data/dlwmznzl1/anaconda3/envs/Dist2/lib/python3.9/multiprocessing/util.py", line 224, in __call__
    res = self._callback(*self._args, **self._kwargs)
  File "/nas2/data/dlwmznzl1/anaconda3/envs/Dist2/lib/python3.9/multiprocessing/util.py", line 133, in _remove_temp_dir
    rmtree(tempdir)
  File "/nas2/data/dlwmznzl1/anaconda3/envs/Dist2/lib/python3.9/shutil.py", line 734, in rmtree
    _rmtree_safe_fd(fd, path, onerror)
  File "/nas2/data/dlwmznzl1/anaconda3/envs/Dist2/lib/python3.9/shutil.py", line 690, in _rmtree_safe_fd
    onerror(os.unlink, fullname, sys.exc_info())
  File "/nas2/data/dlwmznzl1/anaconda3/envs/Dist2/lib/python3.9/shutil.py", line 688, in _rmtree_safe_fd
    os.unlink(entry.name, dir_fd=topfd)
OSError: [Errno 16] Device or resource busy: '.nfs000000002c12932100000b8e'
/nas2/data/dlwmznzl1/anaconda3/envs/Dist2/lib/python3.9/site-packages/torchaudio/_backend/utils.py:213: UserWarning: In 2.9, this function's implementation will be changed to use torchaudio.load_with_torchcodec` under the hood. Some parameters like ``normalize``, ``format``, ``buffer_size``, and ``backend`` will be ignored. We recommend that you port your code to rely directly on TorchCodec's decoder instead: https://docs.pytorch.org/torchcodec/stable/generated/torchcodec.decoders.AudioDecoder.html#torchcodec.decoders.AudioDecoder.
  warnings.warn(
/nas2/data/dlwmznzl1/anaconda3/envs/Dist2/lib/python3.9/site-packages/torchaudio/_backend/utils.py:213: UserWarning: In 2.9, this function's implementation will be changed to use torchaudio.load_with_torchcodec` under the hood. Some parameters like ``normalize``, ``format``, ``buffer_size``, and ``backend`` will be ignored. We recommend that you port your code to rely directly on TorchCodec's decoder instead: https://docs.pytorch.org/torchcodec/stable/generated/torchcodec.decoders.AudioDecoder.html#torchcodec.decoders.AudioDecoder.
  warnings.warn(
/nas2/data/dlwmznzl1/anaconda3/envs/Dist2/lib/python3.9/site-packages/torchaudio/_backend/utils.py:213: UserWarning: In 2.9, this function's implementation will be changed to use torchaudio.load_with_torchcodec` under the hood. Some parameters like ``normalize``, ``format``, ``buffer_size``, and ``backend`` will be ignored. We recommend that you port your code to rely directly on TorchCodec's decoder instead: https://docs.pytorch.org/torchcodec/stable/generated/torchcodec.decoders.AudioDecoder.html#torchcodec.decoders.AudioDecoder.
  warnings.warn(
/nas2/data/dlwmznzl1/anaconda3/envs/Dist2/lib/python3.9/site-packages/torchaudio/_backend/utils.py:213: UserWarning: In 2.9, this function's implementation will be changed to use torchaudio.load_with_torchcodec` under the hood. Some parameters like ``normalize``, ``format``, ``buffer_size``, and ``backend`` will be ignored. We recommend that you port your code to rely directly on TorchCodec's decoder instead: https://docs.pytorch.org/torchcodec/stable/generated/torchcodec.decoders.AudioDecoder.html#torchcodec.decoders.AudioDecoder.
  warnings.warn(
Traceback (most recent call last):
  File "/nas2/data/dlwmznzl1/anaconda3/envs/Dist2/lib/python3.9/multiprocessing/util.py", line 300, in _run_finalizers
    finalizer()
  File "/nas2/data/dlwmznzl1/anaconda3/envs/Dist2/lib/python3.9/multiprocessing/util.py", line 224, in __call__
    res = self._callback(*self._args, **self._kwargs)
  File "/nas2/data/dlwmznzl1/anaconda3/envs/Dist2/lib/python3.9/multiprocessing/util.py", line 133, in _remove_temp_dir
    rmtree(tempdir)
  File "/nas2/data/dlwmznzl1/anaconda3/envs/Dist2/lib/python3.9/shutil.py", line 734, in rmtree
    _rmtree_safe_fd(fd, path, onerror)
  File "/nas2/data/dlwmznzl1/anaconda3/envs/Dist2/lib/python3.9/shutil.py", line 690, in _rmtree_safe_fd
    onerror(os.unlink, fullname, sys.exc_info())
  File "/nas2/data/dlwmznzl1/anaconda3/envs/Dist2/lib/python3.9/shutil.py", line 688, in _rmtree_safe_fd
    os.unlink(entry.name, dir_fd=topfd)
OSError: [Errno 16] Device or resource busy: '.nfs000000002c12932300000b92'
Traceback (most recent call last):
  File "/nas2/data/dlwmznzl1/anaconda3/envs/Dist2/lib/python3.9/multiprocessing/util.py", line 300, in _run_finalizers
    finalizer()
  File "/nas2/data/dlwmznzl1/anaconda3/envs/Dist2/lib/python3.9/multiprocessing/util.py", line 224, in __call__
    res = self._callback(*self._args, **self._kwargs)
  File "/nas2/data/dlwmznzl1/anaconda3/envs/Dist2/lib/python3.9/multiprocessing/util.py", line 133, in _remove_temp_dir
    rmtree(tempdir)
  File "/nas2/data/dlwmznzl1/anaconda3/envs/Dist2/lib/python3.9/shutil.py", line 734, in rmtree
    _rmtree_safe_fd(fd, path, onerror)
  File "/nas2/data/dlwmznzl1/anaconda3/envs/Dist2/lib/python3.9/shutil.py", line 690, in _rmtree_safe_fd
    onerror(os.unlink, fullname, sys.exc_info())
  File "/nas2/data/dlwmznzl1/anaconda3/envs/Dist2/lib/python3.9/shutil.py", line 688, in _rmtree_safe_fd
    os.unlink(entry.name, dir_fd=topfd)
OSError: [Errno 16] Device or resource busy: '.nfs000000002c12931d00000b91'
Traceback (most recent call last):
  File "/nas2/data/dlwmznzl1/anaconda3/envs/Dist2/lib/python3.9/multiprocessing/util.py", line 300, in _run_finalizers
    finalizer()
Traceback (most recent call last):
  File "/nas2/data/dlwmznzl1/anaconda3/envs/Dist2/lib/python3.9/multiprocessing/util.py", line 224, in __call__
    res = self._callback(*self._args, **self._kwargs)
  File "/nas2/data/dlwmznzl1/anaconda3/envs/Dist2/lib/python3.9/multiprocessing/util.py", line 133, in _remove_temp_dir
    rmtree(tempdir)
  File "/nas2/data/dlwmznzl1/anaconda3/envs/Dist2/lib/python3.9/shutil.py", line 734, in rmtree
    _rmtree_safe_fd(fd, path, onerror)
  File "/nas2/data/dlwmznzl1/anaconda3/envs/Dist2/lib/python3.9/shutil.py", line 690, in _rmtree_safe_fd
    onerror(os.unlink, fullname, sys.exc_info())
  File "/nas2/data/dlwmznzl1/anaconda3/envs/Dist2/lib/python3.9/shutil.py", line 688, in _rmtree_safe_fd
    os.unlink(entry.name, dir_fd=topfd)
  File "/nas2/data/dlwmznzl1/anaconda3/envs/Dist2/lib/python3.9/multiprocessing/util.py", line 300, in _run_finalizers
    finalizer()
  File "/nas2/data/dlwmznzl1/anaconda3/envs/Dist2/lib/python3.9/multiprocessing/util.py", line 224, in __call__
    res = self._callback(*self._args, **self._kwargs)
  File "/nas2/data/dlwmznzl1/anaconda3/envs/Dist2/lib/python3.9/multiprocessing/util.py", line 133, in _remove_temp_dir
    rmtree(tempdir)
OSError: [Errno 16] Device or resource busy: '.nfs000000002c12932500000b90'
  File "/nas2/data/dlwmznzl1/anaconda3/envs/Dist2/lib/python3.9/shutil.py", line 734, in rmtree
    _rmtree_safe_fd(fd, path, onerror)
  File "/nas2/data/dlwmznzl1/anaconda3/envs/Dist2/lib/python3.9/shutil.py", line 690, in _rmtree_safe_fd
    onerror(os.unlink, fullname, sys.exc_info())
  File "/nas2/data/dlwmznzl1/anaconda3/envs/Dist2/lib/python3.9/shutil.py", line 688, in _rmtree_safe_fd
    os.unlink(entry.name, dir_fd=topfd)
OSError: [Errno 16] Device or resource busy: '.nfs000000002c12932200000b93'
2025-11-15 07:16:44,180 DDP_Script [Rank 0] [INFO] val WER 0.860, CER 0.386, pseudo-acc 14.02%
2025-11-15 07:16:44,186 DDP_Script [Rank 0] [INFO] Saving checkpoint to ./checkpoints/job-029f4e204992/latest_checkpoint.pth ...
2025-11-15 07:16:51,851 DDP_Script [Rank 0] [INFO] Successfully reported epoch 14/20 (Acc: 14.02%) to global server.
2025-11-15 07:16:51,853 DDP_Script [Rank 0] [INFO] epoch 15 시작
2025-11-15 07:16:51,854 DDP_Script [Rank 0] [INFO] 모든 노드 중 max_steps = 64
2025-11-15 07:16:51,854 DDP_Script [Rank 0] [INFO] local_steps=64, global_steps=64
/nas2/data/dlwmznzl1/anaconda3/envs/Dist2/lib/python3.9/site-packages/torchaudio/_backend/utils.py:213: UserWarning: In 2.9, this function's implementation will be changed to use torchaudio.load_with_torchcodec` under the hood. Some parameters like ``normalize``, ``format``, ``buffer_size``, and ``backend`` will be ignored. We recommend that you port your code to rely directly on TorchCodec's decoder instead: https://docs.pytorch.org/torchcodec/stable/generated/torchcodec.decoders.AudioDecoder.html#torchcodec.decoders.AudioDecoder.
  warnings.warn(
/nas2/data/dlwmznzl1/anaconda3/envs/Dist2/lib/python3.9/site-packages/torchaudio/_backend/utils.py:213: UserWarning: In 2.9, this function's implementation will be changed to use torchaudio.load_with_torchcodec` under the hood. Some parameters like ``normalize``, ``format``, ``buffer_size``, and ``backend`` will be ignored. We recommend that you port your code to rely directly on TorchCodec's decoder instead: https://docs.pytorch.org/torchcodec/stable/generated/torchcodec.decoders.AudioDecoder.html#torchcodec.decoders.AudioDecoder.
  warnings.warn(
/nas2/data/dlwmznzl1/anaconda3/envs/Dist2/lib/python3.9/site-packages/torchaudio/_backend/utils.py:213: UserWarning: In 2.9, this function's implementation will be changed to use torchaudio.load_with_torchcodec` under the hood. Some parameters like ``normalize``, ``format``, ``buffer_size``, and ``backend`` will be ignored. We recommend that you port your code to rely directly on TorchCodec's decoder instead: https://docs.pytorch.org/torchcodec/stable/generated/torchcodec.decoders.AudioDecoder.html#torchcodec.decoders.AudioDecoder.
  warnings.warn(
/nas2/data/dlwmznzl1/anaconda3/envs/Dist2/lib/python3.9/site-packages/torchaudio/_backend/utils.py:213: UserWarning: In 2.9, this function's implementation will be changed to use torchaudio.load_with_torchcodec` under the hood. Some parameters like ``normalize``, ``format``, ``buffer_size``, and ``backend`` will be ignored. We recommend that you port your code to rely directly on TorchCodec's decoder instead: https://docs.pytorch.org/torchcodec/stable/generated/torchcodec.decoders.AudioDecoder.html#torchcodec.decoders.AudioDecoder.
  warnings.warn(
Traceback (most recent call last):
  File "/nas2/data/dlwmznzl1/anaconda3/envs/Dist2/lib/python3.9/multiprocessing/util.py", line 300, in _run_finalizers
    finalizer()
  File "/nas2/data/dlwmznzl1/anaconda3/envs/Dist2/lib/python3.9/multiprocessing/util.py", line 224, in __call__
    res = self._callback(*self._args, **self._kwargs)
  File "/nas2/data/dlwmznzl1/anaconda3/envs/Dist2/lib/python3.9/multiprocessing/util.py", line 133, in _remove_temp_dir
    rmtree(tempdir)
  File "/nas2/data/dlwmznzl1/anaconda3/envs/Dist2/lib/python3.9/shutil.py", line 734, in rmtree
    _rmtree_safe_fd(fd, path, onerror)
  File "/nas2/data/dlwmznzl1/anaconda3/envs/Dist2/lib/python3.9/shutil.py", line 690, in _rmtree_safe_fd
    onerror(os.unlink, fullname, sys.exc_info())
  File "/nas2/data/dlwmznzl1/anaconda3/envs/Dist2/lib/python3.9/shutil.py", line 688, in _rmtree_safe_fd
    os.unlink(entry.name, dir_fd=topfd)
OSError: [Errno 16] Device or resource busy: '.nfs000000002c12934500000b94'
Traceback (most recent call last):
  File "/nas2/data/dlwmznzl1/anaconda3/envs/Dist2/lib/python3.9/multiprocessing/util.py", line 300, in _run_finalizers
    finalizer()
  File "/nas2/data/dlwmznzl1/anaconda3/envs/Dist2/lib/python3.9/multiprocessing/util.py", line 224, in __call__
    res = self._callback(*self._args, **self._kwargs)
  File "/nas2/data/dlwmznzl1/anaconda3/envs/Dist2/lib/python3.9/multiprocessing/util.py", line 133, in _remove_temp_dir
    rmtree(tempdir)
  File "/nas2/data/dlwmznzl1/anaconda3/envs/Dist2/lib/python3.9/shutil.py", line 734, in rmtree
    _rmtree_safe_fd(fd, path, onerror)
  File "/nas2/data/dlwmznzl1/anaconda3/envs/Dist2/lib/python3.9/shutil.py", line 690, in _rmtree_safe_fd
    onerror(os.unlink, fullname, sys.exc_info())
  File "/nas2/data/dlwmznzl1/anaconda3/envs/Dist2/lib/python3.9/shutil.py", line 688, in _rmtree_safe_fd
    os.unlink(entry.name, dir_fd=topfd)
OSError: [Errno 16] Device or resource busy: '.nfs000000002c12934700000b97'
Traceback (most recent call last):
Traceback (most recent call last):
  File "/nas2/data/dlwmznzl1/anaconda3/envs/Dist2/lib/python3.9/multiprocessing/util.py", line 300, in _run_finalizers
    finalizer()
  File "/nas2/data/dlwmznzl1/anaconda3/envs/Dist2/lib/python3.9/multiprocessing/util.py", line 300, in _run_finalizers
    finalizer()
  File "/nas2/data/dlwmznzl1/anaconda3/envs/Dist2/lib/python3.9/multiprocessing/util.py", line 224, in __call__
    res = self._callback(*self._args, **self._kwargs)
  File "/nas2/data/dlwmznzl1/anaconda3/envs/Dist2/lib/python3.9/multiprocessing/util.py", line 224, in __call__
    res = self._callback(*self._args, **self._kwargs)
  File "/nas2/data/dlwmznzl1/anaconda3/envs/Dist2/lib/python3.9/multiprocessing/util.py", line 133, in _remove_temp_dir
    rmtree(tempdir)
  File "/nas2/data/dlwmznzl1/anaconda3/envs/Dist2/lib/python3.9/multiprocessing/util.py", line 133, in _remove_temp_dir
    rmtree(tempdir)
  File "/nas2/data/dlwmznzl1/anaconda3/envs/Dist2/lib/python3.9/shutil.py", line 734, in rmtree
    _rmtree_safe_fd(fd, path, onerror)
  File "/nas2/data/dlwmznzl1/anaconda3/envs/Dist2/lib/python3.9/shutil.py", line 734, in rmtree
    _rmtree_safe_fd(fd, path, onerror)
  File "/nas2/data/dlwmznzl1/anaconda3/envs/Dist2/lib/python3.9/shutil.py", line 690, in _rmtree_safe_fd
    onerror(os.unlink, fullname, sys.exc_info())
  File "/nas2/data/dlwmznzl1/anaconda3/envs/Dist2/lib/python3.9/shutil.py", line 690, in _rmtree_safe_fd
    onerror(os.unlink, fullname, sys.exc_info())
  File "/nas2/data/dlwmznzl1/anaconda3/envs/Dist2/lib/python3.9/shutil.py", line 688, in _rmtree_safe_fd
    os.unlink(entry.name, dir_fd=topfd)
  File "/nas2/data/dlwmznzl1/anaconda3/envs/Dist2/lib/python3.9/shutil.py", line 688, in _rmtree_safe_fd
    os.unlink(entry.name, dir_fd=topfd)
OSError: [Errno 16] Device or resource busy: '.nfs000000002c12934900000b96'
OSError: [Errno 16] Device or resource busy: '.nfs000000002c12934b00000b95'
/nas2/data/dlwmznzl1/anaconda3/envs/Dist2/lib/python3.9/site-packages/torchaudio/_backend/utils.py:213: UserWarning: In 2.9, this function's implementation will be changed to use torchaudio.load_with_torchcodec` under the hood. Some parameters like ``normalize``, ``format``, ``buffer_size``, and ``backend`` will be ignored. We recommend that you port your code to rely directly on TorchCodec's decoder instead: https://docs.pytorch.org/torchcodec/stable/generated/torchcodec.decoders.AudioDecoder.html#torchcodec.decoders.AudioDecoder.
  warnings.warn(
/nas2/data/dlwmznzl1/anaconda3/envs/Dist2/lib/python3.9/site-packages/torchaudio/_backend/utils.py:213: UserWarning: In 2.9, this function's implementation will be changed to use torchaudio.load_with_torchcodec` under the hood. Some parameters like ``normalize``, ``format``, ``buffer_size``, and ``backend`` will be ignored. We recommend that you port your code to rely directly on TorchCodec's decoder instead: https://docs.pytorch.org/torchcodec/stable/generated/torchcodec.decoders.AudioDecoder.html#torchcodec.decoders.AudioDecoder.
  warnings.warn(
/nas2/data/dlwmznzl1/anaconda3/envs/Dist2/lib/python3.9/site-packages/torchaudio/_backend/utils.py:213: UserWarning: In 2.9, this function's implementation will be changed to use torchaudio.load_with_torchcodec` under the hood. Some parameters like ``normalize``, ``format``, ``buffer_size``, and ``backend`` will be ignored. We recommend that you port your code to rely directly on TorchCodec's decoder instead: https://docs.pytorch.org/torchcodec/stable/generated/torchcodec.decoders.AudioDecoder.html#torchcodec.decoders.AudioDecoder.
  warnings.warn(
/nas2/data/dlwmznzl1/anaconda3/envs/Dist2/lib/python3.9/site-packages/torchaudio/_backend/utils.py:213: UserWarning: In 2.9, this function's implementation will be changed to use torchaudio.load_with_torchcodec` under the hood. Some parameters like ``normalize``, ``format``, ``buffer_size``, and ``backend`` will be ignored. We recommend that you port your code to rely directly on TorchCodec's decoder instead: https://docs.pytorch.org/torchcodec/stable/generated/torchcodec.decoders.AudioDecoder.html#torchcodec.decoders.AudioDecoder.
  warnings.warn(
Traceback (most recent call last):
  File "/nas2/data/dlwmznzl1/anaconda3/envs/Dist2/lib/python3.9/multiprocessing/util.py", line 300, in _run_finalizers
    finalizer()
  File "/nas2/data/dlwmznzl1/anaconda3/envs/Dist2/lib/python3.9/multiprocessing/util.py", line 224, in __call__
    res = self._callback(*self._args, **self._kwargs)
  File "/nas2/data/dlwmznzl1/anaconda3/envs/Dist2/lib/python3.9/multiprocessing/util.py", line 133, in _remove_temp_dir
    rmtree(tempdir)
  File "/nas2/data/dlwmznzl1/anaconda3/envs/Dist2/lib/python3.9/shutil.py", line 734, in rmtree
    _rmtree_safe_fd(fd, path, onerror)
  File "/nas2/data/dlwmznzl1/anaconda3/envs/Dist2/lib/python3.9/shutil.py", line 690, in _rmtree_safe_fd
    onerror(os.unlink, fullname, sys.exc_info())
  File "/nas2/data/dlwmznzl1/anaconda3/envs/Dist2/lib/python3.9/shutil.py", line 688, in _rmtree_safe_fd
    os.unlink(entry.name, dir_fd=topfd)
OSError: [Errno 16] Device or resource busy: '.nfs000000002c12938700000b99'
Traceback (most recent call last):
  File "/nas2/data/dlwmznzl1/anaconda3/envs/Dist2/lib/python3.9/multiprocessing/util.py", line 300, in _run_finalizers
    finalizer()
  File "/nas2/data/dlwmznzl1/anaconda3/envs/Dist2/lib/python3.9/multiprocessing/util.py", line 224, in __call__
    res = self._callback(*self._args, **self._kwargs)
Traceback (most recent call last):
  File "/nas2/data/dlwmznzl1/anaconda3/envs/Dist2/lib/python3.9/multiprocessing/util.py", line 133, in _remove_temp_dir
    rmtree(tempdir)
  File "/nas2/data/dlwmznzl1/anaconda3/envs/Dist2/lib/python3.9/shutil.py", line 734, in rmtree
    _rmtree_safe_fd(fd, path, onerror)
  File "/nas2/data/dlwmznzl1/anaconda3/envs/Dist2/lib/python3.9/shutil.py", line 690, in _rmtree_safe_fd
    onerror(os.unlink, fullname, sys.exc_info())
  File "/nas2/data/dlwmznzl1/anaconda3/envs/Dist2/lib/python3.9/shutil.py", line 688, in _rmtree_safe_fd
    os.unlink(entry.name, dir_fd=topfd)
  File "/nas2/data/dlwmznzl1/anaconda3/envs/Dist2/lib/python3.9/multiprocessing/util.py", line 300, in _run_finalizers
    finalizer()
OSError: [Errno 16] Device or resource busy: '.nfs000000002c12934700000b98'
  File "/nas2/data/dlwmznzl1/anaconda3/envs/Dist2/lib/python3.9/multiprocessing/util.py", line 224, in __call__
    res = self._callback(*self._args, **self._kwargs)
  File "/nas2/data/dlwmznzl1/anaconda3/envs/Dist2/lib/python3.9/multiprocessing/util.py", line 133, in _remove_temp_dir
    rmtree(tempdir)
  File "/nas2/data/dlwmznzl1/anaconda3/envs/Dist2/lib/python3.9/shutil.py", line 734, in rmtree
    _rmtree_safe_fd(fd, path, onerror)
  File "/nas2/data/dlwmznzl1/anaconda3/envs/Dist2/lib/python3.9/shutil.py", line 690, in _rmtree_safe_fd
    onerror(os.unlink, fullname, sys.exc_info())
  File "/nas2/data/dlwmznzl1/anaconda3/envs/Dist2/lib/python3.9/shutil.py", line 688, in _rmtree_safe_fd
    os.unlink(entry.name, dir_fd=topfd)
OSError: [Errno 16] Device or resource busy: '.nfs000000002c12938900000b9b'
Traceback (most recent call last):
  File "/nas2/data/dlwmznzl1/anaconda3/envs/Dist2/lib/python3.9/multiprocessing/util.py", line 300, in _run_finalizers
    finalizer()
  File "/nas2/data/dlwmznzl1/anaconda3/envs/Dist2/lib/python3.9/multiprocessing/util.py", line 224, in __call__
    res = self._callback(*self._args, **self._kwargs)
  File "/nas2/data/dlwmznzl1/anaconda3/envs/Dist2/lib/python3.9/multiprocessing/util.py", line 133, in _remove_temp_dir
    rmtree(tempdir)
  File "/nas2/data/dlwmznzl1/anaconda3/envs/Dist2/lib/python3.9/shutil.py", line 734, in rmtree
    _rmtree_safe_fd(fd, path, onerror)
  File "/nas2/data/dlwmznzl1/anaconda3/envs/Dist2/lib/python3.9/shutil.py", line 690, in _rmtree_safe_fd
    onerror(os.unlink, fullname, sys.exc_info())
  File "/nas2/data/dlwmznzl1/anaconda3/envs/Dist2/lib/python3.9/shutil.py", line 688, in _rmtree_safe_fd
    os.unlink(entry.name, dir_fd=topfd)
OSError: [Errno 16] Device or resource busy: '.nfs000000002c12938600000b9a'
2025-11-15 07:16:58,095 DDP_Script [Rank 0] [INFO] val WER 0.834, CER 0.359, pseudo-acc 16.65%
2025-11-15 07:16:58,099 DDP_Script [Rank 0] [INFO] Saving checkpoint to ./checkpoints/job-029f4e204992/latest_checkpoint.pth ...
2025-11-15 07:17:03,021 DDP_Script [Rank 0] [INFO] Successfully reported epoch 15/20 (Acc: 16.65%) to global server.
2025-11-15 07:17:03,023 DDP_Script [Rank 0] [INFO] epoch 16 시작
2025-11-15 07:17:03,024 DDP_Script [Rank 0] [INFO] 모든 노드 중 max_steps = 64
2025-11-15 07:17:03,024 DDP_Script [Rank 0] [INFO] local_steps=64, global_steps=64
/nas2/data/dlwmznzl1/anaconda3/envs/Dist2/lib/python3.9/site-packages/torchaudio/_backend/utils.py:213: UserWarning: In 2.9, this function's implementation will be changed to use torchaudio.load_with_torchcodec` under the hood. Some parameters like ``normalize``, ``format``, ``buffer_size``, and ``backend`` will be ignored. We recommend that you port your code to rely directly on TorchCodec's decoder instead: https://docs.pytorch.org/torchcodec/stable/generated/torchcodec.decoders.AudioDecoder.html#torchcodec.decoders.AudioDecoder.
  warnings.warn(
/nas2/data/dlwmznzl1/anaconda3/envs/Dist2/lib/python3.9/site-packages/torchaudio/_backend/utils.py:213: UserWarning: In 2.9, this function's implementation will be changed to use torchaudio.load_with_torchcodec` under the hood. Some parameters like ``normalize``, ``format``, ``buffer_size``, and ``backend`` will be ignored. We recommend that you port your code to rely directly on TorchCodec's decoder instead: https://docs.pytorch.org/torchcodec/stable/generated/torchcodec.decoders.AudioDecoder.html#torchcodec.decoders.AudioDecoder.
  warnings.warn(
/nas2/data/dlwmznzl1/anaconda3/envs/Dist2/lib/python3.9/site-packages/torchaudio/_backend/utils.py:213: UserWarning: In 2.9, this function's implementation will be changed to use torchaudio.load_with_torchcodec` under the hood. Some parameters like ``normalize``, ``format``, ``buffer_size``, and ``backend`` will be ignored. We recommend that you port your code to rely directly on TorchCodec's decoder instead: https://docs.pytorch.org/torchcodec/stable/generated/torchcodec.decoders.AudioDecoder.html#torchcodec.decoders.AudioDecoder.
  warnings.warn(
/nas2/data/dlwmznzl1/anaconda3/envs/Dist2/lib/python3.9/site-packages/torchaudio/_backend/utils.py:213: UserWarning: In 2.9, this function's implementation will be changed to use torchaudio.load_with_torchcodec` under the hood. Some parameters like ``normalize``, ``format``, ``buffer_size``, and ``backend`` will be ignored. We recommend that you port your code to rely directly on TorchCodec's decoder instead: https://docs.pytorch.org/torchcodec/stable/generated/torchcodec.decoders.AudioDecoder.html#torchcodec.decoders.AudioDecoder.
  warnings.warn(
Traceback (most recent call last):
  File "/nas2/data/dlwmznzl1/anaconda3/envs/Dist2/lib/python3.9/multiprocessing/util.py", line 300, in _run_finalizers
    finalizer()
  File "/nas2/data/dlwmznzl1/anaconda3/envs/Dist2/lib/python3.9/multiprocessing/util.py", line 224, in __call__
    res = self._callback(*self._args, **self._kwargs)
  File "/nas2/data/dlwmznzl1/anaconda3/envs/Dist2/lib/python3.9/multiprocessing/util.py", line 133, in _remove_temp_dir
    rmtree(tempdir)
  File "/nas2/data/dlwmznzl1/anaconda3/envs/Dist2/lib/python3.9/shutil.py", line 734, in rmtree
    _rmtree_safe_fd(fd, path, onerror)
  File "/nas2/data/dlwmznzl1/anaconda3/envs/Dist2/lib/python3.9/shutil.py", line 690, in _rmtree_safe_fd
    onerror(os.unlink, fullname, sys.exc_info())
  File "/nas2/data/dlwmznzl1/anaconda3/envs/Dist2/lib/python3.9/shutil.py", line 688, in _rmtree_safe_fd
    os.unlink(entry.name, dir_fd=topfd)
OSError: [Errno 16] Device or resource busy: '.nfs000000002c12938b00000b9e'
Traceback (most recent call last):
  File "/nas2/data/dlwmznzl1/anaconda3/envs/Dist2/lib/python3.9/multiprocessing/util.py", line 300, in _run_finalizers
    finalizer()
  File "/nas2/data/dlwmznzl1/anaconda3/envs/Dist2/lib/python3.9/multiprocessing/util.py", line 224, in __call__
    res = self._callback(*self._args, **self._kwargs)
  File "/nas2/data/dlwmznzl1/anaconda3/envs/Dist2/lib/python3.9/multiprocessing/util.py", line 133, in _remove_temp_dir
    rmtree(tempdir)
  File "/nas2/data/dlwmznzl1/anaconda3/envs/Dist2/lib/python3.9/shutil.py", line 734, in rmtree
    _rmtree_safe_fd(fd, path, onerror)
  File "/nas2/data/dlwmznzl1/anaconda3/envs/Dist2/lib/python3.9/shutil.py", line 690, in _rmtree_safe_fd
    onerror(os.unlink, fullname, sys.exc_info())
  File "/nas2/data/dlwmznzl1/anaconda3/envs/Dist2/lib/python3.9/shutil.py", line 688, in _rmtree_safe_fd
    os.unlink(entry.name, dir_fd=topfd)
OSError: [Errno 16] Device or resource busy: '.nfs000000002c12938600000b9c'
Traceback (most recent call last):
  File "/nas2/data/dlwmznzl1/anaconda3/envs/Dist2/lib/python3.9/multiprocessing/util.py", line 300, in _run_finalizers
    finalizer()
  File "/nas2/data/dlwmznzl1/anaconda3/envs/Dist2/lib/python3.9/multiprocessing/util.py", line 224, in __call__
    res = self._callback(*self._args, **self._kwargs)
  File "/nas2/data/dlwmznzl1/anaconda3/envs/Dist2/lib/python3.9/multiprocessing/util.py", line 133, in _remove_temp_dir
    rmtree(tempdir)
  File "/nas2/data/dlwmznzl1/anaconda3/envs/Dist2/lib/python3.9/shutil.py", line 734, in rmtree
    _rmtree_safe_fd(fd, path, onerror)
  File "/nas2/data/dlwmznzl1/anaconda3/envs/Dist2/lib/python3.9/shutil.py", line 690, in _rmtree_safe_fd
    onerror(os.unlink, fullname, sys.exc_info())
  File "/nas2/data/dlwmznzl1/anaconda3/envs/Dist2/lib/python3.9/shutil.py", line 688, in _rmtree_safe_fd
    os.unlink(entry.name, dir_fd=topfd)
OSError: [Errno 16] Device or resource busy: '.nfs000000002c12938900000b9f'
Traceback (most recent call last):
  File "/nas2/data/dlwmznzl1/anaconda3/envs/Dist2/lib/python3.9/multiprocessing/util.py", line 300, in _run_finalizers
    finalizer()
  File "/nas2/data/dlwmznzl1/anaconda3/envs/Dist2/lib/python3.9/multiprocessing/util.py", line 224, in __call__
    res = self._callback(*self._args, **self._kwargs)
  File "/nas2/data/dlwmznzl1/anaconda3/envs/Dist2/lib/python3.9/multiprocessing/util.py", line 133, in _remove_temp_dir
    rmtree(tempdir)
  File "/nas2/data/dlwmznzl1/anaconda3/envs/Dist2/lib/python3.9/shutil.py", line 734, in rmtree
    _rmtree_safe_fd(fd, path, onerror)
  File "/nas2/data/dlwmznzl1/anaconda3/envs/Dist2/lib/python3.9/shutil.py", line 690, in _rmtree_safe_fd
    onerror(os.unlink, fullname, sys.exc_info())
  File "/nas2/data/dlwmznzl1/anaconda3/envs/Dist2/lib/python3.9/shutil.py", line 688, in _rmtree_safe_fd
    os.unlink(entry.name, dir_fd=topfd)
OSError: [Errno 16] Device or resource busy: '.nfs000000002c12938d00000b9d'
/nas2/data/dlwmznzl1/anaconda3/envs/Dist2/lib/python3.9/site-packages/torchaudio/_backend/utils.py:213: UserWarning: In 2.9, this function's implementation will be changed to use torchaudio.load_with_torchcodec` under the hood. Some parameters like ``normalize``, ``format``, ``buffer_size``, and ``backend`` will be ignored. We recommend that you port your code to rely directly on TorchCodec's decoder instead: https://docs.pytorch.org/torchcodec/stable/generated/torchcodec.decoders.AudioDecoder.html#torchcodec.decoders.AudioDecoder.
  warnings.warn(
/nas2/data/dlwmznzl1/anaconda3/envs/Dist2/lib/python3.9/site-packages/torchaudio/_backend/utils.py:213: UserWarning: In 2.9, this function's implementation will be changed to use torchaudio.load_with_torchcodec` under the hood. Some parameters like ``normalize``, ``format``, ``buffer_size``, and ``backend`` will be ignored. We recommend that you port your code to rely directly on TorchCodec's decoder instead: https://docs.pytorch.org/torchcodec/stable/generated/torchcodec.decoders.AudioDecoder.html#torchcodec.decoders.AudioDecoder.
  warnings.warn(
/nas2/data/dlwmznzl1/anaconda3/envs/Dist2/lib/python3.9/site-packages/torchaudio/_backend/utils.py:213: UserWarning: In 2.9, this function's implementation will be changed to use torchaudio.load_with_torchcodec` under the hood. Some parameters like ``normalize``, ``format``, ``buffer_size``, and ``backend`` will be ignored. We recommend that you port your code to rely directly on TorchCodec's decoder instead: https://docs.pytorch.org/torchcodec/stable/generated/torchcodec.decoders.AudioDecoder.html#torchcodec.decoders.AudioDecoder.
  warnings.warn(
/nas2/data/dlwmznzl1/anaconda3/envs/Dist2/lib/python3.9/site-packages/torchaudio/_backend/utils.py:213: UserWarning: In 2.9, this function's implementation will be changed to use torchaudio.load_with_torchcodec` under the hood. Some parameters like ``normalize``, ``format``, ``buffer_size``, and ``backend`` will be ignored. We recommend that you port your code to rely directly on TorchCodec's decoder instead: https://docs.pytorch.org/torchcodec/stable/generated/torchcodec.decoders.AudioDecoder.html#torchcodec.decoders.AudioDecoder.
  warnings.warn(
Traceback (most recent call last):
  File "/nas2/data/dlwmznzl1/anaconda3/envs/Dist2/lib/python3.9/multiprocessing/util.py", line 300, in _run_finalizers
    finalizer()
  File "/nas2/data/dlwmznzl1/anaconda3/envs/Dist2/lib/python3.9/multiprocessing/util.py", line 224, in __call__
    res = self._callback(*self._args, **self._kwargs)
  File "/nas2/data/dlwmznzl1/anaconda3/envs/Dist2/lib/python3.9/multiprocessing/util.py", line 133, in _remove_temp_dir
    rmtree(tempdir)
  File "/nas2/data/dlwmznzl1/anaconda3/envs/Dist2/lib/python3.9/shutil.py", line 734, in rmtree
    _rmtree_safe_fd(fd, path, onerror)
  File "/nas2/data/dlwmznzl1/anaconda3/envs/Dist2/lib/python3.9/shutil.py", line 690, in _rmtree_safe_fd
    onerror(os.unlink, fullname, sys.exc_info())
  File "/nas2/data/dlwmznzl1/anaconda3/envs/Dist2/lib/python3.9/shutil.py", line 688, in _rmtree_safe_fd
    os.unlink(entry.name, dir_fd=topfd)
OSError: [Errno 16] Device or resource busy: '.nfs000000002c12939000000ba2'
Traceback (most recent call last):
  File "/nas2/data/dlwmznzl1/anaconda3/envs/Dist2/lib/python3.9/multiprocessing/util.py", line 300, in _run_finalizers
    finalizer()
  File "/nas2/data/dlwmznzl1/anaconda3/envs/Dist2/lib/python3.9/multiprocessing/util.py", line 224, in __call__
    res = self._callback(*self._args, **self._kwargs)
  File "/nas2/data/dlwmznzl1/anaconda3/envs/Dist2/lib/python3.9/multiprocessing/util.py", line 133, in _remove_temp_dir
    rmtree(tempdir)
  File "/nas2/data/dlwmznzl1/anaconda3/envs/Dist2/lib/python3.9/shutil.py", line 734, in rmtree
    _rmtree_safe_fd(fd, path, onerror)
  File "/nas2/data/dlwmznzl1/anaconda3/envs/Dist2/lib/python3.9/shutil.py", line 690, in _rmtree_safe_fd
    onerror(os.unlink, fullname, sys.exc_info())
  File "/nas2/data/dlwmznzl1/anaconda3/envs/Dist2/lib/python3.9/shutil.py", line 688, in _rmtree_safe_fd
    os.unlink(entry.name, dir_fd=topfd)
OSError: [Errno 16] Device or resource busy: '.nfs000000002c12938d00000ba0'
Traceback (most recent call last):
  File "/nas2/data/dlwmznzl1/anaconda3/envs/Dist2/lib/python3.9/multiprocessing/util.py", line 300, in _run_finalizers
    finalizer()
  File "/nas2/data/dlwmznzl1/anaconda3/envs/Dist2/lib/python3.9/multiprocessing/util.py", line 224, in __call__
    res = self._callback(*self._args, **self._kwargs)
  File "/nas2/data/dlwmznzl1/anaconda3/envs/Dist2/lib/python3.9/multiprocessing/util.py", line 133, in _remove_temp_dir
    rmtree(tempdir)
  File "/nas2/data/dlwmznzl1/anaconda3/envs/Dist2/lib/python3.9/shutil.py", line 734, in rmtree
    _rmtree_safe_fd(fd, path, onerror)
  File "/nas2/data/dlwmznzl1/anaconda3/envs/Dist2/lib/python3.9/shutil.py", line 690, in _rmtree_safe_fd
    onerror(os.unlink, fullname, sys.exc_info())
  File "/nas2/data/dlwmznzl1/anaconda3/envs/Dist2/lib/python3.9/shutil.py", line 688, in _rmtree_safe_fd
    os.unlink(entry.name, dir_fd=topfd)
OSError: [Errno 16] Device or resource busy: '.nfs000000002c12939200000ba3'
Traceback (most recent call last):
  File "/nas2/data/dlwmznzl1/anaconda3/envs/Dist2/lib/python3.9/multiprocessing/util.py", line 300, in _run_finalizers
    finalizer()
  File "/nas2/data/dlwmznzl1/anaconda3/envs/Dist2/lib/python3.9/multiprocessing/util.py", line 224, in __call__
    res = self._callback(*self._args, **self._kwargs)
  File "/nas2/data/dlwmznzl1/anaconda3/envs/Dist2/lib/python3.9/multiprocessing/util.py", line 133, in _remove_temp_dir
    rmtree(tempdir)
  File "/nas2/data/dlwmznzl1/anaconda3/envs/Dist2/lib/python3.9/shutil.py", line 734, in rmtree
    _rmtree_safe_fd(fd, path, onerror)
  File "/nas2/data/dlwmznzl1/anaconda3/envs/Dist2/lib/python3.9/shutil.py", line 690, in _rmtree_safe_fd
    onerror(os.unlink, fullname, sys.exc_info())
  File "/nas2/data/dlwmznzl1/anaconda3/envs/Dist2/lib/python3.9/shutil.py", line 688, in _rmtree_safe_fd
    os.unlink(entry.name, dir_fd=topfd)
OSError: [Errno 16] Device or resource busy: '.nfs000000002c12938e00000ba1'
2025-11-15 07:17:09,472 DDP_Script [Rank 0] [INFO] val WER 0.803, CER 0.338, pseudo-acc 19.72%
2025-11-15 07:17:09,477 DDP_Script [Rank 0] [INFO] Saving checkpoint to ./checkpoints/job-029f4e204992/latest_checkpoint.pth ...
2025-11-15 07:17:18,328 DDP_Script [Rank 0] [INFO] Successfully reported epoch 16/20 (Acc: 19.72%) to global server.
2025-11-15 07:17:18,330 DDP_Script [Rank 0] [INFO] epoch 17 시작
2025-11-15 07:17:18,332 DDP_Script [Rank 0] [INFO] 모든 노드 중 max_steps = 64
2025-11-15 07:17:18,332 DDP_Script [Rank 0] [INFO] local_steps=64, global_steps=64
/nas2/data/dlwmznzl1/anaconda3/envs/Dist2/lib/python3.9/site-packages/torchaudio/_backend/utils.py:213: UserWarning: In 2.9, this function's implementation will be changed to use torchaudio.load_with_torchcodec` under the hood. Some parameters like ``normalize``, ``format``, ``buffer_size``, and ``backend`` will be ignored. We recommend that you port your code to rely directly on TorchCodec's decoder instead: https://docs.pytorch.org/torchcodec/stable/generated/torchcodec.decoders.AudioDecoder.html#torchcodec.decoders.AudioDecoder.
  warnings.warn(
/nas2/data/dlwmznzl1/anaconda3/envs/Dist2/lib/python3.9/site-packages/torchaudio/_backend/utils.py:213: UserWarning: In 2.9, this function's implementation will be changed to use torchaudio.load_with_torchcodec` under the hood. Some parameters like ``normalize``, ``format``, ``buffer_size``, and ``backend`` will be ignored. We recommend that you port your code to rely directly on TorchCodec's decoder instead: https://docs.pytorch.org/torchcodec/stable/generated/torchcodec.decoders.AudioDecoder.html#torchcodec.decoders.AudioDecoder.
  warnings.warn(
/nas2/data/dlwmznzl1/anaconda3/envs/Dist2/lib/python3.9/site-packages/torchaudio/_backend/utils.py:213: UserWarning: In 2.9, this function's implementation will be changed to use torchaudio.load_with_torchcodec` under the hood. Some parameters like ``normalize``, ``format``, ``buffer_size``, and ``backend`` will be ignored. We recommend that you port your code to rely directly on TorchCodec's decoder instead: https://docs.pytorch.org/torchcodec/stable/generated/torchcodec.decoders.AudioDecoder.html#torchcodec.decoders.AudioDecoder.
  warnings.warn(
/nas2/data/dlwmznzl1/anaconda3/envs/Dist2/lib/python3.9/site-packages/torchaudio/_backend/utils.py:213: UserWarning: In 2.9, this function's implementation will be changed to use torchaudio.load_with_torchcodec` under the hood. Some parameters like ``normalize``, ``format``, ``buffer_size``, and ``backend`` will be ignored. We recommend that you port your code to rely directly on TorchCodec's decoder instead: https://docs.pytorch.org/torchcodec/stable/generated/torchcodec.decoders.AudioDecoder.html#torchcodec.decoders.AudioDecoder.
  warnings.warn(
Traceback (most recent call last):
  File "/nas2/data/dlwmznzl1/anaconda3/envs/Dist2/lib/python3.9/multiprocessing/util.py", line 300, in _run_finalizers
    finalizer()
  File "/nas2/data/dlwmznzl1/anaconda3/envs/Dist2/lib/python3.9/multiprocessing/util.py", line 224, in __call__
    res = self._callback(*self._args, **self._kwargs)
  File "/nas2/data/dlwmznzl1/anaconda3/envs/Dist2/lib/python3.9/multiprocessing/util.py", line 133, in _remove_temp_dir
    rmtree(tempdir)
  File "/nas2/data/dlwmznzl1/anaconda3/envs/Dist2/lib/python3.9/shutil.py", line 734, in rmtree
    _rmtree_safe_fd(fd, path, onerror)
  File "/nas2/data/dlwmznzl1/anaconda3/envs/Dist2/lib/python3.9/shutil.py", line 690, in _rmtree_safe_fd
    onerror(os.unlink, fullname, sys.exc_info())
  File "/nas2/data/dlwmznzl1/anaconda3/envs/Dist2/lib/python3.9/shutil.py", line 688, in _rmtree_safe_fd
    os.unlink(entry.name, dir_fd=topfd)
OSError: [Errno 16] Device or resource busy: '.nfs000000002c12947b00000ba6'
Traceback (most recent call last):
  File "/nas2/data/dlwmznzl1/anaconda3/envs/Dist2/lib/python3.9/multiprocessing/util.py", line 300, in _run_finalizers
    finalizer()
  File "/nas2/data/dlwmznzl1/anaconda3/envs/Dist2/lib/python3.9/multiprocessing/util.py", line 224, in __call__
    res = self._callback(*self._args, **self._kwargs)
  File "/nas2/data/dlwmznzl1/anaconda3/envs/Dist2/lib/python3.9/multiprocessing/util.py", line 133, in _remove_temp_dir
    rmtree(tempdir)
  File "/nas2/data/dlwmznzl1/anaconda3/envs/Dist2/lib/python3.9/shutil.py", line 734, in rmtree
    _rmtree_safe_fd(fd, path, onerror)
  File "/nas2/data/dlwmznzl1/anaconda3/envs/Dist2/lib/python3.9/shutil.py", line 690, in _rmtree_safe_fd
    onerror(os.unlink, fullname, sys.exc_info())
  File "/nas2/data/dlwmznzl1/anaconda3/envs/Dist2/lib/python3.9/shutil.py", line 688, in _rmtree_safe_fd
    os.unlink(entry.name, dir_fd=topfd)
OSError: [Errno 16] Device or resource busy: '.nfs000000002c12947a00000ba5'
Traceback (most recent call last):
Traceback (most recent call last):
  File "/nas2/data/dlwmznzl1/anaconda3/envs/Dist2/lib/python3.9/multiprocessing/util.py", line 300, in _run_finalizers
    finalizer()
  File "/nas2/data/dlwmznzl1/anaconda3/envs/Dist2/lib/python3.9/multiprocessing/util.py", line 224, in __call__
    res = self._callback(*self._args, **self._kwargs)
  File "/nas2/data/dlwmznzl1/anaconda3/envs/Dist2/lib/python3.9/multiprocessing/util.py", line 300, in _run_finalizers
    finalizer()
  File "/nas2/data/dlwmznzl1/anaconda3/envs/Dist2/lib/python3.9/multiprocessing/util.py", line 133, in _remove_temp_dir
    rmtree(tempdir)
  File "/nas2/data/dlwmznzl1/anaconda3/envs/Dist2/lib/python3.9/multiprocessing/util.py", line 224, in __call__
    res = self._callback(*self._args, **self._kwargs)
  File "/nas2/data/dlwmznzl1/anaconda3/envs/Dist2/lib/python3.9/shutil.py", line 734, in rmtree
    _rmtree_safe_fd(fd, path, onerror)
  File "/nas2/data/dlwmznzl1/anaconda3/envs/Dist2/lib/python3.9/multiprocessing/util.py", line 133, in _remove_temp_dir
    rmtree(tempdir)
  File "/nas2/data/dlwmznzl1/anaconda3/envs/Dist2/lib/python3.9/shutil.py", line 734, in rmtree
    _rmtree_safe_fd(fd, path, onerror)
  File "/nas2/data/dlwmznzl1/anaconda3/envs/Dist2/lib/python3.9/shutil.py", line 690, in _rmtree_safe_fd
    onerror(os.unlink, fullname, sys.exc_info())
  File "/nas2/data/dlwmznzl1/anaconda3/envs/Dist2/lib/python3.9/shutil.py", line 690, in _rmtree_safe_fd
    onerror(os.unlink, fullname, sys.exc_info())
  File "/nas2/data/dlwmznzl1/anaconda3/envs/Dist2/lib/python3.9/shutil.py", line 688, in _rmtree_safe_fd
    os.unlink(entry.name, dir_fd=topfd)
  File "/nas2/data/dlwmznzl1/anaconda3/envs/Dist2/lib/python3.9/shutil.py", line 688, in _rmtree_safe_fd
    os.unlink(entry.name, dir_fd=topfd)
OSError: [Errno 16] Device or resource busy: '.nfs000000002c12947700000ba7'
OSError: [Errno 16] Device or resource busy: '.nfs000000002c12947800000ba4'
/nas2/data/dlwmznzl1/anaconda3/envs/Dist2/lib/python3.9/site-packages/torchaudio/_backend/utils.py:213: UserWarning: In 2.9, this function's implementation will be changed to use torchaudio.load_with_torchcodec` under the hood. Some parameters like ``normalize``, ``format``, ``buffer_size``, and ``backend`` will be ignored. We recommend that you port your code to rely directly on TorchCodec's decoder instead: https://docs.pytorch.org/torchcodec/stable/generated/torchcodec.decoders.AudioDecoder.html#torchcodec.decoders.AudioDecoder.
  warnings.warn(
/nas2/data/dlwmznzl1/anaconda3/envs/Dist2/lib/python3.9/site-packages/torchaudio/_backend/utils.py:213: UserWarning: In 2.9, this function's implementation will be changed to use torchaudio.load_with_torchcodec` under the hood. Some parameters like ``normalize``, ``format``, ``buffer_size``, and ``backend`` will be ignored. We recommend that you port your code to rely directly on TorchCodec's decoder instead: https://docs.pytorch.org/torchcodec/stable/generated/torchcodec.decoders.AudioDecoder.html#torchcodec.decoders.AudioDecoder.
  warnings.warn(
/nas2/data/dlwmznzl1/anaconda3/envs/Dist2/lib/python3.9/site-packages/torchaudio/_backend/utils.py:213: UserWarning: In 2.9, this function's implementation will be changed to use torchaudio.load_with_torchcodec` under the hood. Some parameters like ``normalize``, ``format``, ``buffer_size``, and ``backend`` will be ignored. We recommend that you port your code to rely directly on TorchCodec's decoder instead: https://docs.pytorch.org/torchcodec/stable/generated/torchcodec.decoders.AudioDecoder.html#torchcodec.decoders.AudioDecoder.
  warnings.warn(
/nas2/data/dlwmznzl1/anaconda3/envs/Dist2/lib/python3.9/site-packages/torchaudio/_backend/utils.py:213: UserWarning: In 2.9, this function's implementation will be changed to use torchaudio.load_with_torchcodec` under the hood. Some parameters like ``normalize``, ``format``, ``buffer_size``, and ``backend`` will be ignored. We recommend that you port your code to rely directly on TorchCodec's decoder instead: https://docs.pytorch.org/torchcodec/stable/generated/torchcodec.decoders.AudioDecoder.html#torchcodec.decoders.AudioDecoder.
  warnings.warn(
Traceback (most recent call last):
  File "/nas2/data/dlwmznzl1/anaconda3/envs/Dist2/lib/python3.9/multiprocessing/util.py", line 300, in _run_finalizers
    finalizer()
  File "/nas2/data/dlwmznzl1/anaconda3/envs/Dist2/lib/python3.9/multiprocessing/util.py", line 224, in __call__
    res = self._callback(*self._args, **self._kwargs)
  File "/nas2/data/dlwmznzl1/anaconda3/envs/Dist2/lib/python3.9/multiprocessing/util.py", line 133, in _remove_temp_dir
    rmtree(tempdir)
  File "/nas2/data/dlwmznzl1/anaconda3/envs/Dist2/lib/python3.9/shutil.py", line 734, in rmtree
    _rmtree_safe_fd(fd, path, onerror)
  File "/nas2/data/dlwmznzl1/anaconda3/envs/Dist2/lib/python3.9/shutil.py", line 690, in _rmtree_safe_fd
    onerror(os.unlink, fullname, sys.exc_info())
  File "/nas2/data/dlwmznzl1/anaconda3/envs/Dist2/lib/python3.9/shutil.py", line 688, in _rmtree_safe_fd
    os.unlink(entry.name, dir_fd=topfd)
OSError: [Errno 16] Device or resource busy: '.nfs000000002c12950500000ba8'
Traceback (most recent call last):
  File "/nas2/data/dlwmznzl1/anaconda3/envs/Dist2/lib/python3.9/multiprocessing/util.py", line 300, in _run_finalizers
    finalizer()
  File "/nas2/data/dlwmznzl1/anaconda3/envs/Dist2/lib/python3.9/multiprocessing/util.py", line 224, in __call__
    res = self._callback(*self._args, **self._kwargs)
  File "/nas2/data/dlwmznzl1/anaconda3/envs/Dist2/lib/python3.9/multiprocessing/util.py", line 133, in _remove_temp_dir
    rmtree(tempdir)
  File "/nas2/data/dlwmznzl1/anaconda3/envs/Dist2/lib/python3.9/shutil.py", line 734, in rmtree
    _rmtree_safe_fd(fd, path, onerror)
  File "/nas2/data/dlwmznzl1/anaconda3/envs/Dist2/lib/python3.9/shutil.py", line 690, in _rmtree_safe_fd
    onerror(os.unlink, fullname, sys.exc_info())
  File "/nas2/data/dlwmznzl1/anaconda3/envs/Dist2/lib/python3.9/shutil.py", line 688, in _rmtree_safe_fd
    os.unlink(entry.name, dir_fd=topfd)
OSError: [Errno 16] Device or resource busy: '.nfs000000002c12950400000bab'
Traceback (most recent call last):
  File "/nas2/data/dlwmznzl1/anaconda3/envs/Dist2/lib/python3.9/multiprocessing/util.py", line 300, in _run_finalizers
    finalizer()
  File "/nas2/data/dlwmznzl1/anaconda3/envs/Dist2/lib/python3.9/multiprocessing/util.py", line 224, in __call__
    res = self._callback(*self._args, **self._kwargs)
  File "/nas2/data/dlwmznzl1/anaconda3/envs/Dist2/lib/python3.9/multiprocessing/util.py", line 133, in _remove_temp_dir
    rmtree(tempdir)
  File "/nas2/data/dlwmznzl1/anaconda3/envs/Dist2/lib/python3.9/shutil.py", line 734, in rmtree
    _rmtree_safe_fd(fd, path, onerror)
  File "/nas2/data/dlwmznzl1/anaconda3/envs/Dist2/lib/python3.9/shutil.py", line 690, in _rmtree_safe_fd
    onerror(os.unlink, fullname, sys.exc_info())
  File "/nas2/data/dlwmznzl1/anaconda3/envs/Dist2/lib/python3.9/shutil.py", line 688, in _rmtree_safe_fd
    os.unlink(entry.name, dir_fd=topfd)
Traceback (most recent call last):
OSError: [Errno 16] Device or resource busy: '.nfs000000002c12947800000ba9'
  File "/nas2/data/dlwmznzl1/anaconda3/envs/Dist2/lib/python3.9/multiprocessing/util.py", line 300, in _run_finalizers
    finalizer()
  File "/nas2/data/dlwmznzl1/anaconda3/envs/Dist2/lib/python3.9/multiprocessing/util.py", line 224, in __call__
    res = self._callback(*self._args, **self._kwargs)
  File "/nas2/data/dlwmznzl1/anaconda3/envs/Dist2/lib/python3.9/multiprocessing/util.py", line 133, in _remove_temp_dir
    rmtree(tempdir)
  File "/nas2/data/dlwmznzl1/anaconda3/envs/Dist2/lib/python3.9/shutil.py", line 734, in rmtree
    _rmtree_safe_fd(fd, path, onerror)
  File "/nas2/data/dlwmznzl1/anaconda3/envs/Dist2/lib/python3.9/shutil.py", line 690, in _rmtree_safe_fd
    onerror(os.unlink, fullname, sys.exc_info())
  File "/nas2/data/dlwmznzl1/anaconda3/envs/Dist2/lib/python3.9/shutil.py", line 688, in _rmtree_safe_fd
    os.unlink(entry.name, dir_fd=topfd)
OSError: [Errno 16] Device or resource busy: '.nfs000000002c12950700000baa'
2025-11-15 07:17:24,690 DDP_Script [Rank 0] [INFO] val WER 0.784, CER 0.333, pseudo-acc 21.60%
2025-11-15 07:17:24,830 DDP_Script [Rank 0] [INFO] Saving checkpoint to ./checkpoints/job-029f4e204992/latest_checkpoint.pth ...
2025-11-15 07:17:30,531 DDP_Script [Rank 0] [INFO] Successfully reported epoch 17/20 (Acc: 21.60%) to global server.
2025-11-15 07:17:30,533 DDP_Script [Rank 0] [INFO] epoch 18 시작
2025-11-15 07:17:30,535 DDP_Script [Rank 0] [INFO] 모든 노드 중 max_steps = 64
2025-11-15 07:17:30,535 DDP_Script [Rank 0] [INFO] local_steps=64, global_steps=64
/nas2/data/dlwmznzl1/anaconda3/envs/Dist2/lib/python3.9/site-packages/torchaudio/_backend/utils.py:213: UserWarning: In 2.9, this function's implementation will be changed to use torchaudio.load_with_torchcodec` under the hood. Some parameters like ``normalize``, ``format``, ``buffer_size``, and ``backend`` will be ignored. We recommend that you port your code to rely directly on TorchCodec's decoder instead: https://docs.pytorch.org/torchcodec/stable/generated/torchcodec.decoders.AudioDecoder.html#torchcodec.decoders.AudioDecoder.
  warnings.warn(
/nas2/data/dlwmznzl1/anaconda3/envs/Dist2/lib/python3.9/site-packages/torchaudio/_backend/utils.py:213: UserWarning: In 2.9, this function's implementation will be changed to use torchaudio.load_with_torchcodec` under the hood. Some parameters like ``normalize``, ``format``, ``buffer_size``, and ``backend`` will be ignored. We recommend that you port your code to rely directly on TorchCodec's decoder instead: https://docs.pytorch.org/torchcodec/stable/generated/torchcodec.decoders.AudioDecoder.html#torchcodec.decoders.AudioDecoder.
  warnings.warn(
/nas2/data/dlwmznzl1/anaconda3/envs/Dist2/lib/python3.9/site-packages/torchaudio/_backend/utils.py:213: UserWarning: In 2.9, this function's implementation will be changed to use torchaudio.load_with_torchcodec` under the hood. Some parameters like ``normalize``, ``format``, ``buffer_size``, and ``backend`` will be ignored. We recommend that you port your code to rely directly on TorchCodec's decoder instead: https://docs.pytorch.org/torchcodec/stable/generated/torchcodec.decoders.AudioDecoder.html#torchcodec.decoders.AudioDecoder.
  warnings.warn(
/nas2/data/dlwmznzl1/anaconda3/envs/Dist2/lib/python3.9/site-packages/torchaudio/_backend/utils.py:213: UserWarning: In 2.9, this function's implementation will be changed to use torchaudio.load_with_torchcodec` under the hood. Some parameters like ``normalize``, ``format``, ``buffer_size``, and ``backend`` will be ignored. We recommend that you port your code to rely directly on TorchCodec's decoder instead: https://docs.pytorch.org/torchcodec/stable/generated/torchcodec.decoders.AudioDecoder.html#torchcodec.decoders.AudioDecoder.
  warnings.warn(
Traceback (most recent call last):
  File "/nas2/data/dlwmznzl1/anaconda3/envs/Dist2/lib/python3.9/multiprocessing/util.py", line 300, in _run_finalizers
    finalizer()
  File "/nas2/data/dlwmznzl1/anaconda3/envs/Dist2/lib/python3.9/multiprocessing/util.py", line 224, in __call__
    res = self._callback(*self._args, **self._kwargs)
  File "/nas2/data/dlwmznzl1/anaconda3/envs/Dist2/lib/python3.9/multiprocessing/util.py", line 133, in _remove_temp_dir
    rmtree(tempdir)
  File "/nas2/data/dlwmznzl1/anaconda3/envs/Dist2/lib/python3.9/shutil.py", line 734, in rmtree
    _rmtree_safe_fd(fd, path, onerror)
  File "/nas2/data/dlwmznzl1/anaconda3/envs/Dist2/lib/python3.9/shutil.py", line 690, in _rmtree_safe_fd
    onerror(os.unlink, fullname, sys.exc_info())
  File "/nas2/data/dlwmznzl1/anaconda3/envs/Dist2/lib/python3.9/shutil.py", line 688, in _rmtree_safe_fd
    os.unlink(entry.name, dir_fd=topfd)
OSError: [Errno 16] Device or resource busy: '.nfs000000002c12950900000bad'
Traceback (most recent call last):
  File "/nas2/data/dlwmznzl1/anaconda3/envs/Dist2/lib/python3.9/multiprocessing/util.py", line 300, in _run_finalizers
    finalizer()
  File "/nas2/data/dlwmznzl1/anaconda3/envs/Dist2/lib/python3.9/multiprocessing/util.py", line 224, in __call__
    res = self._callback(*self._args, **self._kwargs)
  File "/nas2/data/dlwmznzl1/anaconda3/envs/Dist2/lib/python3.9/multiprocessing/util.py", line 133, in _remove_temp_dir
    rmtree(tempdir)
  File "/nas2/data/dlwmznzl1/anaconda3/envs/Dist2/lib/python3.9/shutil.py", line 734, in rmtree
    _rmtree_safe_fd(fd, path, onerror)
  File "/nas2/data/dlwmznzl1/anaconda3/envs/Dist2/lib/python3.9/shutil.py", line 690, in _rmtree_safe_fd
    onerror(os.unlink, fullname, sys.exc_info())
  File "/nas2/data/dlwmznzl1/anaconda3/envs/Dist2/lib/python3.9/shutil.py", line 688, in _rmtree_safe_fd
    os.unlink(entry.name, dir_fd=topfd)
OSError: [Errno 16] Device or resource busy: '.nfs000000002c12950b00000baf'
Traceback (most recent call last):
  File "/nas2/data/dlwmznzl1/anaconda3/envs/Dist2/lib/python3.9/multiprocessing/util.py", line 300, in _run_finalizers
    finalizer()
  File "/nas2/data/dlwmznzl1/anaconda3/envs/Dist2/lib/python3.9/multiprocessing/util.py", line 224, in __call__
    res = self._callback(*self._args, **self._kwargs)
  File "/nas2/data/dlwmznzl1/anaconda3/envs/Dist2/lib/python3.9/multiprocessing/util.py", line 133, in _remove_temp_dir
    rmtree(tempdir)
  File "/nas2/data/dlwmznzl1/anaconda3/envs/Dist2/lib/python3.9/shutil.py", line 734, in rmtree
    _rmtree_safe_fd(fd, path, onerror)
  File "/nas2/data/dlwmznzl1/anaconda3/envs/Dist2/lib/python3.9/shutil.py", line 690, in _rmtree_safe_fd
    onerror(os.unlink, fullname, sys.exc_info())
  File "/nas2/data/dlwmznzl1/anaconda3/envs/Dist2/lib/python3.9/shutil.py", line 688, in _rmtree_safe_fd
    os.unlink(entry.name, dir_fd=topfd)
OSError: [Errno 16] Device or resource busy: '.nfs000000002c12950500000bac'
Traceback (most recent call last):
  File "/nas2/data/dlwmznzl1/anaconda3/envs/Dist2/lib/python3.9/multiprocessing/util.py", line 300, in _run_finalizers
    finalizer()
  File "/nas2/data/dlwmznzl1/anaconda3/envs/Dist2/lib/python3.9/multiprocessing/util.py", line 224, in __call__
    res = self._callback(*self._args, **self._kwargs)
  File "/nas2/data/dlwmznzl1/anaconda3/envs/Dist2/lib/python3.9/multiprocessing/util.py", line 133, in _remove_temp_dir
    rmtree(tempdir)
  File "/nas2/data/dlwmznzl1/anaconda3/envs/Dist2/lib/python3.9/shutil.py", line 734, in rmtree
    _rmtree_safe_fd(fd, path, onerror)
  File "/nas2/data/dlwmznzl1/anaconda3/envs/Dist2/lib/python3.9/shutil.py", line 690, in _rmtree_safe_fd
    onerror(os.unlink, fullname, sys.exc_info())
  File "/nas2/data/dlwmznzl1/anaconda3/envs/Dist2/lib/python3.9/shutil.py", line 688, in _rmtree_safe_fd
    os.unlink(entry.name, dir_fd=topfd)
OSError: [Errno 16] Device or resource busy: '.nfs000000002c12950700000bae'
/nas2/data/dlwmznzl1/anaconda3/envs/Dist2/lib/python3.9/site-packages/torchaudio/_backend/utils.py:213: UserWarning: In 2.9, this function's implementation will be changed to use torchaudio.load_with_torchcodec` under the hood. Some parameters like ``normalize``, ``format``, ``buffer_size``, and ``backend`` will be ignored. We recommend that you port your code to rely directly on TorchCodec's decoder instead: https://docs.pytorch.org/torchcodec/stable/generated/torchcodec.decoders.AudioDecoder.html#torchcodec.decoders.AudioDecoder.
  warnings.warn(
/nas2/data/dlwmznzl1/anaconda3/envs/Dist2/lib/python3.9/site-packages/torchaudio/_backend/utils.py:213: UserWarning: In 2.9, this function's implementation will be changed to use torchaudio.load_with_torchcodec` under the hood. Some parameters like ``normalize``, ``format``, ``buffer_size``, and ``backend`` will be ignored. We recommend that you port your code to rely directly on TorchCodec's decoder instead: https://docs.pytorch.org/torchcodec/stable/generated/torchcodec.decoders.AudioDecoder.html#torchcodec.decoders.AudioDecoder.
  warnings.warn(
/nas2/data/dlwmznzl1/anaconda3/envs/Dist2/lib/python3.9/site-packages/torchaudio/_backend/utils.py:213: UserWarning: In 2.9, this function's implementation will be changed to use torchaudio.load_with_torchcodec` under the hood. Some parameters like ``normalize``, ``format``, ``buffer_size``, and ``backend`` will be ignored. We recommend that you port your code to rely directly on TorchCodec's decoder instead: https://docs.pytorch.org/torchcodec/stable/generated/torchcodec.decoders.AudioDecoder.html#torchcodec.decoders.AudioDecoder.
  warnings.warn(
/nas2/data/dlwmznzl1/anaconda3/envs/Dist2/lib/python3.9/site-packages/torchaudio/_backend/utils.py:213: UserWarning: In 2.9, this function's implementation will be changed to use torchaudio.load_with_torchcodec` under the hood. Some parameters like ``normalize``, ``format``, ``buffer_size``, and ``backend`` will be ignored. We recommend that you port your code to rely directly on TorchCodec's decoder instead: https://docs.pytorch.org/torchcodec/stable/generated/torchcodec.decoders.AudioDecoder.html#torchcodec.decoders.AudioDecoder.
  warnings.warn(
Traceback (most recent call last):
  File "/nas2/data/dlwmznzl1/anaconda3/envs/Dist2/lib/python3.9/multiprocessing/util.py", line 300, in _run_finalizers
    finalizer()
  File "/nas2/data/dlwmznzl1/anaconda3/envs/Dist2/lib/python3.9/multiprocessing/util.py", line 224, in __call__
    res = self._callback(*self._args, **self._kwargs)
  File "/nas2/data/dlwmznzl1/anaconda3/envs/Dist2/lib/python3.9/multiprocessing/util.py", line 133, in _remove_temp_dir
    rmtree(tempdir)
  File "/nas2/data/dlwmznzl1/anaconda3/envs/Dist2/lib/python3.9/shutil.py", line 734, in rmtree
    _rmtree_safe_fd(fd, path, onerror)
  File "/nas2/data/dlwmznzl1/anaconda3/envs/Dist2/lib/python3.9/shutil.py", line 690, in _rmtree_safe_fd
    onerror(os.unlink, fullname, sys.exc_info())
  File "/nas2/data/dlwmznzl1/anaconda3/envs/Dist2/lib/python3.9/shutil.py", line 688, in _rmtree_safe_fd
    os.unlink(entry.name, dir_fd=topfd)
OSError: [Errno 16] Device or resource busy: '.nfs000000002c12950700000bb1'
Traceback (most recent call last):
  File "/nas2/data/dlwmznzl1/anaconda3/envs/Dist2/lib/python3.9/multiprocessing/util.py", line 300, in _run_finalizers
    finalizer()
  File "/nas2/data/dlwmznzl1/anaconda3/envs/Dist2/lib/python3.9/multiprocessing/util.py", line 224, in __call__
    res = self._callback(*self._args, **self._kwargs)
Traceback (most recent call last):
  File "/nas2/data/dlwmznzl1/anaconda3/envs/Dist2/lib/python3.9/multiprocessing/util.py", line 133, in _remove_temp_dir
    rmtree(tempdir)
  File "/nas2/data/dlwmznzl1/anaconda3/envs/Dist2/lib/python3.9/shutil.py", line 734, in rmtree
    _rmtree_safe_fd(fd, path, onerror)
  File "/nas2/data/dlwmznzl1/anaconda3/envs/Dist2/lib/python3.9/shutil.py", line 690, in _rmtree_safe_fd
    onerror(os.unlink, fullname, sys.exc_info())
  File "/nas2/data/dlwmznzl1/anaconda3/envs/Dist2/lib/python3.9/shutil.py", line 688, in _rmtree_safe_fd
    os.unlink(entry.name, dir_fd=topfd)
OSError: [Errno 16] Device or resource busy: '.nfs000000002c12950f00000bb0'
  File "/nas2/data/dlwmznzl1/anaconda3/envs/Dist2/lib/python3.9/multiprocessing/util.py", line 300, in _run_finalizers
    finalizer()
  File "/nas2/data/dlwmznzl1/anaconda3/envs/Dist2/lib/python3.9/multiprocessing/util.py", line 224, in __call__
    res = self._callback(*self._args, **self._kwargs)
  File "/nas2/data/dlwmznzl1/anaconda3/envs/Dist2/lib/python3.9/multiprocessing/util.py", line 133, in _remove_temp_dir
    rmtree(tempdir)
  File "/nas2/data/dlwmznzl1/anaconda3/envs/Dist2/lib/python3.9/shutil.py", line 734, in rmtree
    _rmtree_safe_fd(fd, path, onerror)
  File "/nas2/data/dlwmznzl1/anaconda3/envs/Dist2/lib/python3.9/shutil.py", line 690, in _rmtree_safe_fd
    onerror(os.unlink, fullname, sys.exc_info())
  File "/nas2/data/dlwmznzl1/anaconda3/envs/Dist2/lib/python3.9/shutil.py", line 688, in _rmtree_safe_fd
    os.unlink(entry.name, dir_fd=topfd)
OSError: [Errno 16] Device or resource busy: '.nfs000000002c12950d00000bb2'
Traceback (most recent call last):
  File "/nas2/data/dlwmznzl1/anaconda3/envs/Dist2/lib/python3.9/multiprocessing/util.py", line 300, in _run_finalizers
    finalizer()
  File "/nas2/data/dlwmznzl1/anaconda3/envs/Dist2/lib/python3.9/multiprocessing/util.py", line 224, in __call__
    res = self._callback(*self._args, **self._kwargs)
  File "/nas2/data/dlwmznzl1/anaconda3/envs/Dist2/lib/python3.9/multiprocessing/util.py", line 133, in _remove_temp_dir
    rmtree(tempdir)
  File "/nas2/data/dlwmznzl1/anaconda3/envs/Dist2/lib/python3.9/shutil.py", line 734, in rmtree
    _rmtree_safe_fd(fd, path, onerror)
  File "/nas2/data/dlwmznzl1/anaconda3/envs/Dist2/lib/python3.9/shutil.py", line 690, in _rmtree_safe_fd
    onerror(os.unlink, fullname, sys.exc_info())
  File "/nas2/data/dlwmznzl1/anaconda3/envs/Dist2/lib/python3.9/shutil.py", line 688, in _rmtree_safe_fd
    os.unlink(entry.name, dir_fd=topfd)
OSError: [Errno 16] Device or resource busy: '.nfs000000002c12950c00000bb3'
2025-11-15 07:17:36,878 DDP_Script [Rank 0] [INFO] val WER 0.772, CER 0.326, pseudo-acc 22.85%
2025-11-15 07:17:36,970 DDP_Script [Rank 0] [INFO] Saving checkpoint to ./checkpoints/job-029f4e204992/latest_checkpoint.pth ...
2025-11-15 07:17:44,699 DDP_Script [Rank 0] [INFO] Successfully reported epoch 18/20 (Acc: 22.85%) to global server.
2025-11-15 07:17:44,701 DDP_Script [Rank 0] [INFO] epoch 19 시작
2025-11-15 07:17:44,703 DDP_Script [Rank 0] [INFO] 모든 노드 중 max_steps = 64
2025-11-15 07:17:44,703 DDP_Script [Rank 0] [INFO] local_steps=64, global_steps=64
/nas2/data/dlwmznzl1/anaconda3/envs/Dist2/lib/python3.9/site-packages/torchaudio/_backend/utils.py:213: UserWarning: In 2.9, this function's implementation will be changed to use torchaudio.load_with_torchcodec` under the hood. Some parameters like ``normalize``, ``format``, ``buffer_size``, and ``backend`` will be ignored. We recommend that you port your code to rely directly on TorchCodec's decoder instead: https://docs.pytorch.org/torchcodec/stable/generated/torchcodec.decoders.AudioDecoder.html#torchcodec.decoders.AudioDecoder.
  warnings.warn(
/nas2/data/dlwmznzl1/anaconda3/envs/Dist2/lib/python3.9/site-packages/torchaudio/_backend/utils.py:213: UserWarning: In 2.9, this function's implementation will be changed to use torchaudio.load_with_torchcodec` under the hood. Some parameters like ``normalize``, ``format``, ``buffer_size``, and ``backend`` will be ignored. We recommend that you port your code to rely directly on TorchCodec's decoder instead: https://docs.pytorch.org/torchcodec/stable/generated/torchcodec.decoders.AudioDecoder.html#torchcodec.decoders.AudioDecoder.
  warnings.warn(
/nas2/data/dlwmznzl1/anaconda3/envs/Dist2/lib/python3.9/site-packages/torchaudio/_backend/utils.py:213: UserWarning: In 2.9, this function's implementation will be changed to use torchaudio.load_with_torchcodec` under the hood. Some parameters like ``normalize``, ``format``, ``buffer_size``, and ``backend`` will be ignored. We recommend that you port your code to rely directly on TorchCodec's decoder instead: https://docs.pytorch.org/torchcodec/stable/generated/torchcodec.decoders.AudioDecoder.html#torchcodec.decoders.AudioDecoder.
  warnings.warn(
/nas2/data/dlwmznzl1/anaconda3/envs/Dist2/lib/python3.9/site-packages/torchaudio/_backend/utils.py:213: UserWarning: In 2.9, this function's implementation will be changed to use torchaudio.load_with_torchcodec` under the hood. Some parameters like ``normalize``, ``format``, ``buffer_size``, and ``backend`` will be ignored. We recommend that you port your code to rely directly on TorchCodec's decoder instead: https://docs.pytorch.org/torchcodec/stable/generated/torchcodec.decoders.AudioDecoder.html#torchcodec.decoders.AudioDecoder.
  warnings.warn(
Traceback (most recent call last):
  File "/nas2/data/dlwmznzl1/anaconda3/envs/Dist2/lib/python3.9/multiprocessing/util.py", line 300, in _run_finalizers
    finalizer()
  File "/nas2/data/dlwmznzl1/anaconda3/envs/Dist2/lib/python3.9/multiprocessing/util.py", line 224, in __call__
    res = self._callback(*self._args, **self._kwargs)
  File "/nas2/data/dlwmznzl1/anaconda3/envs/Dist2/lib/python3.9/multiprocessing/util.py", line 133, in _remove_temp_dir
    rmtree(tempdir)
  File "/nas2/data/dlwmznzl1/anaconda3/envs/Dist2/lib/python3.9/shutil.py", line 734, in rmtree
    _rmtree_safe_fd(fd, path, onerror)
  File "/nas2/data/dlwmznzl1/anaconda3/envs/Dist2/lib/python3.9/shutil.py", line 690, in _rmtree_safe_fd
    onerror(os.unlink, fullname, sys.exc_info())
  File "/nas2/data/dlwmznzl1/anaconda3/envs/Dist2/lib/python3.9/shutil.py", line 688, in _rmtree_safe_fd
    os.unlink(entry.name, dir_fd=topfd)
OSError: [Errno 16] Device or resource busy: '.nfs000000002c12957b00000bb7'
Traceback (most recent call last):
  File "/nas2/data/dlwmznzl1/anaconda3/envs/Dist2/lib/python3.9/multiprocessing/util.py", line 300, in _run_finalizers
    finalizer()
  File "/nas2/data/dlwmznzl1/anaconda3/envs/Dist2/lib/python3.9/multiprocessing/util.py", line 224, in __call__
    res = self._callback(*self._args, **self._kwargs)
  File "/nas2/data/dlwmznzl1/anaconda3/envs/Dist2/lib/python3.9/multiprocessing/util.py", line 133, in _remove_temp_dir
    rmtree(tempdir)
  File "/nas2/data/dlwmznzl1/anaconda3/envs/Dist2/lib/python3.9/shutil.py", line 734, in rmtree
    _rmtree_safe_fd(fd, path, onerror)
  File "/nas2/data/dlwmznzl1/anaconda3/envs/Dist2/lib/python3.9/shutil.py", line 690, in _rmtree_safe_fd
    onerror(os.unlink, fullname, sys.exc_info())
  File "/nas2/data/dlwmznzl1/anaconda3/envs/Dist2/lib/python3.9/shutil.py", line 688, in _rmtree_safe_fd
    os.unlink(entry.name, dir_fd=topfd)
OSError: [Errno 16] Device or resource busy: '.nfs000000002c12957f00000bb5'
Traceback (most recent call last):
  File "/nas2/data/dlwmznzl1/anaconda3/envs/Dist2/lib/python3.9/multiprocessing/util.py", line 300, in _run_finalizers
    finalizer()
  File "/nas2/data/dlwmznzl1/anaconda3/envs/Dist2/lib/python3.9/multiprocessing/util.py", line 224, in __call__
    res = self._callback(*self._args, **self._kwargs)
  File "/nas2/data/dlwmznzl1/anaconda3/envs/Dist2/lib/python3.9/multiprocessing/util.py", line 133, in _remove_temp_dir
    rmtree(tempdir)
  File "/nas2/data/dlwmznzl1/anaconda3/envs/Dist2/lib/python3.9/shutil.py", line 734, in rmtree
    _rmtree_safe_fd(fd, path, onerror)
  File "/nas2/data/dlwmznzl1/anaconda3/envs/Dist2/lib/python3.9/shutil.py", line 690, in _rmtree_safe_fd
    onerror(os.unlink, fullname, sys.exc_info())
  File "/nas2/data/dlwmznzl1/anaconda3/envs/Dist2/lib/python3.9/shutil.py", line 688, in _rmtree_safe_fd
    os.unlink(entry.name, dir_fd=topfd)
OSError: [Errno 16] Device or resource busy: '.nfs000000002c12957d00000bb4'
Traceback (most recent call last):
  File "/nas2/data/dlwmznzl1/anaconda3/envs/Dist2/lib/python3.9/multiprocessing/util.py", line 300, in _run_finalizers
    finalizer()
  File "/nas2/data/dlwmznzl1/anaconda3/envs/Dist2/lib/python3.9/multiprocessing/util.py", line 224, in __call__
    res = self._callback(*self._args, **self._kwargs)
  File "/nas2/data/dlwmznzl1/anaconda3/envs/Dist2/lib/python3.9/multiprocessing/util.py", line 133, in _remove_temp_dir
    rmtree(tempdir)
  File "/nas2/data/dlwmznzl1/anaconda3/envs/Dist2/lib/python3.9/shutil.py", line 734, in rmtree
    _rmtree_safe_fd(fd, path, onerror)
  File "/nas2/data/dlwmznzl1/anaconda3/envs/Dist2/lib/python3.9/shutil.py", line 690, in _rmtree_safe_fd
    onerror(os.unlink, fullname, sys.exc_info())
  File "/nas2/data/dlwmznzl1/anaconda3/envs/Dist2/lib/python3.9/shutil.py", line 688, in _rmtree_safe_fd
    os.unlink(entry.name, dir_fd=topfd)
OSError: [Errno 16] Device or resource busy: '.nfs000000002c12957800000bb6'
/nas2/data/dlwmznzl1/anaconda3/envs/Dist2/lib/python3.9/site-packages/torchaudio/_backend/utils.py:213: UserWarning: In 2.9, this function's implementation will be changed to use torchaudio.load_with_torchcodec` under the hood. Some parameters like ``normalize``, ``format``, ``buffer_size``, and ``backend`` will be ignored. We recommend that you port your code to rely directly on TorchCodec's decoder instead: https://docs.pytorch.org/torchcodec/stable/generated/torchcodec.decoders.AudioDecoder.html#torchcodec.decoders.AudioDecoder.
  warnings.warn(
/nas2/data/dlwmznzl1/anaconda3/envs/Dist2/lib/python3.9/site-packages/torchaudio/_backend/utils.py:213: UserWarning: In 2.9, this function's implementation will be changed to use torchaudio.load_with_torchcodec` under the hood. Some parameters like ``normalize``, ``format``, ``buffer_size``, and ``backend`` will be ignored. We recommend that you port your code to rely directly on TorchCodec's decoder instead: https://docs.pytorch.org/torchcodec/stable/generated/torchcodec.decoders.AudioDecoder.html#torchcodec.decoders.AudioDecoder.
  warnings.warn(
/nas2/data/dlwmznzl1/anaconda3/envs/Dist2/lib/python3.9/site-packages/torchaudio/_backend/utils.py:213: UserWarning: In 2.9, this function's implementation will be changed to use torchaudio.load_with_torchcodec` under the hood. Some parameters like ``normalize``, ``format``, ``buffer_size``, and ``backend`` will be ignored. We recommend that you port your code to rely directly on TorchCodec's decoder instead: https://docs.pytorch.org/torchcodec/stable/generated/torchcodec.decoders.AudioDecoder.html#torchcodec.decoders.AudioDecoder.
  warnings.warn(
/nas2/data/dlwmznzl1/anaconda3/envs/Dist2/lib/python3.9/site-packages/torchaudio/_backend/utils.py:213: UserWarning: In 2.9, this function's implementation will be changed to use torchaudio.load_with_torchcodec` under the hood. Some parameters like ``normalize``, ``format``, ``buffer_size``, and ``backend`` will be ignored. We recommend that you port your code to rely directly on TorchCodec's decoder instead: https://docs.pytorch.org/torchcodec/stable/generated/torchcodec.decoders.AudioDecoder.html#torchcodec.decoders.AudioDecoder.
  warnings.warn(
Traceback (most recent call last):
  File "/nas2/data/dlwmznzl1/anaconda3/envs/Dist2/lib/python3.9/multiprocessing/util.py", line 300, in _run_finalizers
    finalizer()
  File "/nas2/data/dlwmznzl1/anaconda3/envs/Dist2/lib/python3.9/multiprocessing/util.py", line 224, in __call__
    res = self._callback(*self._args, **self._kwargs)
  File "/nas2/data/dlwmznzl1/anaconda3/envs/Dist2/lib/python3.9/multiprocessing/util.py", line 133, in _remove_temp_dir
    rmtree(tempdir)
  File "/nas2/data/dlwmznzl1/anaconda3/envs/Dist2/lib/python3.9/shutil.py", line 734, in rmtree
    _rmtree_safe_fd(fd, path, onerror)
  File "/nas2/data/dlwmznzl1/anaconda3/envs/Dist2/lib/python3.9/shutil.py", line 690, in _rmtree_safe_fd
    onerror(os.unlink, fullname, sys.exc_info())
  File "/nas2/data/dlwmznzl1/anaconda3/envs/Dist2/lib/python3.9/shutil.py", line 688, in _rmtree_safe_fd
    os.unlink(entry.name, dir_fd=topfd)
OSError: [Errno 16] Device or resource busy: '.nfs000000002c13000500000bb9'
Traceback (most recent call last):
  File "/nas2/data/dlwmznzl1/anaconda3/envs/Dist2/lib/python3.9/multiprocessing/util.py", line 300, in _run_finalizers
    finalizer()
  File "/nas2/data/dlwmznzl1/anaconda3/envs/Dist2/lib/python3.9/multiprocessing/util.py", line 224, in __call__
    res = self._callback(*self._args, **self._kwargs)
  File "/nas2/data/dlwmznzl1/anaconda3/envs/Dist2/lib/python3.9/multiprocessing/util.py", line 133, in _remove_temp_dir
    rmtree(tempdir)
  File "/nas2/data/dlwmznzl1/anaconda3/envs/Dist2/lib/python3.9/shutil.py", line 734, in rmtree
    _rmtree_safe_fd(fd, path, onerror)
  File "/nas2/data/dlwmznzl1/anaconda3/envs/Dist2/lib/python3.9/shutil.py", line 690, in _rmtree_safe_fd
    onerror(os.unlink, fullname, sys.exc_info())
  File "/nas2/data/dlwmznzl1/anaconda3/envs/Dist2/lib/python3.9/shutil.py", line 688, in _rmtree_safe_fd
    os.unlink(entry.name, dir_fd=topfd)
OSError: [Errno 16] Device or resource busy: '.nfs000000002c13000600000bba'
Traceback (most recent call last):
  File "/nas2/data/dlwmznzl1/anaconda3/envs/Dist2/lib/python3.9/multiprocessing/util.py", line 300, in _run_finalizers
    finalizer()
  File "/nas2/data/dlwmznzl1/anaconda3/envs/Dist2/lib/python3.9/multiprocessing/util.py", line 224, in __call__
    res = self._callback(*self._args, **self._kwargs)
  File "/nas2/data/dlwmznzl1/anaconda3/envs/Dist2/lib/python3.9/multiprocessing/util.py", line 133, in _remove_temp_dir
    rmtree(tempdir)
  File "/nas2/data/dlwmznzl1/anaconda3/envs/Dist2/lib/python3.9/shutil.py", line 734, in rmtree
    _rmtree_safe_fd(fd, path, onerror)
  File "/nas2/data/dlwmznzl1/anaconda3/envs/Dist2/lib/python3.9/shutil.py", line 690, in _rmtree_safe_fd
    onerror(os.unlink, fullname, sys.exc_info())
  File "/nas2/data/dlwmznzl1/anaconda3/envs/Dist2/lib/python3.9/shutil.py", line 688, in _rmtree_safe_fd
    os.unlink(entry.name, dir_fd=topfd)
OSError: [Errno 16] Device or resource busy: '.nfs000000002c13000800000bbb'
Traceback (most recent call last):
  File "/nas2/data/dlwmznzl1/anaconda3/envs/Dist2/lib/python3.9/multiprocessing/util.py", line 300, in _run_finalizers
    finalizer()
  File "/nas2/data/dlwmznzl1/anaconda3/envs/Dist2/lib/python3.9/multiprocessing/util.py", line 224, in __call__
    res = self._callback(*self._args, **self._kwargs)
  File "/nas2/data/dlwmznzl1/anaconda3/envs/Dist2/lib/python3.9/multiprocessing/util.py", line 133, in _remove_temp_dir
    rmtree(tempdir)
  File "/nas2/data/dlwmznzl1/anaconda3/envs/Dist2/lib/python3.9/shutil.py", line 734, in rmtree
    _rmtree_safe_fd(fd, path, onerror)
  File "/nas2/data/dlwmznzl1/anaconda3/envs/Dist2/lib/python3.9/shutil.py", line 690, in _rmtree_safe_fd
    onerror(os.unlink, fullname, sys.exc_info())
  File "/nas2/data/dlwmznzl1/anaconda3/envs/Dist2/lib/python3.9/shutil.py", line 688, in _rmtree_safe_fd
    os.unlink(entry.name, dir_fd=topfd)
OSError: [Errno 16] Device or resource busy: '.nfs000000002c13000700000bb8'
2025-11-15 07:17:51,207 DDP_Script [Rank 0] [INFO] val WER 0.771, CER 0.313, pseudo-acc 22.92%
2025-11-15 07:17:51,211 DDP_Script [Rank 0] [INFO] Saving checkpoint to ./checkpoints/job-029f4e204992/latest_checkpoint.pth ...
2025-11-15 07:17:58,760 DDP_Script [Rank 0] [INFO] Successfully reported epoch 19/20 (Acc: 22.92%) to global server.
2025-11-15 07:17:58,762 DDP_Script [Rank 0] [INFO] epoch 20 시작
2025-11-15 07:17:58,764 DDP_Script [Rank 0] [INFO] 모든 노드 중 max_steps = 64
2025-11-15 07:17:58,764 DDP_Script [Rank 0] [INFO] local_steps=64, global_steps=64
/nas2/data/dlwmznzl1/anaconda3/envs/Dist2/lib/python3.9/site-packages/torchaudio/_backend/utils.py:213: UserWarning: In 2.9, this function's implementation will be changed to use torchaudio.load_with_torchcodec` under the hood. Some parameters like ``normalize``, ``format``, ``buffer_size``, and ``backend`` will be ignored. We recommend that you port your code to rely directly on TorchCodec's decoder instead: https://docs.pytorch.org/torchcodec/stable/generated/torchcodec.decoders.AudioDecoder.html#torchcodec.decoders.AudioDecoder.
  warnings.warn(
/nas2/data/dlwmznzl1/anaconda3/envs/Dist2/lib/python3.9/site-packages/torchaudio/_backend/utils.py:213: UserWarning: In 2.9, this function's implementation will be changed to use torchaudio.load_with_torchcodec` under the hood. Some parameters like ``normalize``, ``format``, ``buffer_size``, and ``backend`` will be ignored. We recommend that you port your code to rely directly on TorchCodec's decoder instead: https://docs.pytorch.org/torchcodec/stable/generated/torchcodec.decoders.AudioDecoder.html#torchcodec.decoders.AudioDecoder.
  warnings.warn(
/nas2/data/dlwmznzl1/anaconda3/envs/Dist2/lib/python3.9/site-packages/torchaudio/_backend/utils.py:213: UserWarning: In 2.9, this function's implementation will be changed to use torchaudio.load_with_torchcodec` under the hood. Some parameters like ``normalize``, ``format``, ``buffer_size``, and ``backend`` will be ignored. We recommend that you port your code to rely directly on TorchCodec's decoder instead: https://docs.pytorch.org/torchcodec/stable/generated/torchcodec.decoders.AudioDecoder.html#torchcodec.decoders.AudioDecoder.
  warnings.warn(
/nas2/data/dlwmznzl1/anaconda3/envs/Dist2/lib/python3.9/site-packages/torchaudio/_backend/utils.py:213: UserWarning: In 2.9, this function's implementation will be changed to use torchaudio.load_with_torchcodec` under the hood. Some parameters like ``normalize``, ``format``, ``buffer_size``, and ``backend`` will be ignored. We recommend that you port your code to rely directly on TorchCodec's decoder instead: https://docs.pytorch.org/torchcodec/stable/generated/torchcodec.decoders.AudioDecoder.html#torchcodec.decoders.AudioDecoder.
  warnings.warn(
Traceback (most recent call last):
  File "/nas2/data/dlwmznzl1/anaconda3/envs/Dist2/lib/python3.9/multiprocessing/util.py", line 300, in _run_finalizers
    finalizer()
  File "/nas2/data/dlwmznzl1/anaconda3/envs/Dist2/lib/python3.9/multiprocessing/util.py", line 224, in __call__
    res = self._callback(*self._args, **self._kwargs)
  File "/nas2/data/dlwmznzl1/anaconda3/envs/Dist2/lib/python3.9/multiprocessing/util.py", line 133, in _remove_temp_dir
    rmtree(tempdir)
  File "/nas2/data/dlwmznzl1/anaconda3/envs/Dist2/lib/python3.9/shutil.py", line 734, in rmtree
    _rmtree_safe_fd(fd, path, onerror)
  File "/nas2/data/dlwmznzl1/anaconda3/envs/Dist2/lib/python3.9/shutil.py", line 690, in _rmtree_safe_fd
    onerror(os.unlink, fullname, sys.exc_info())
  File "/nas2/data/dlwmznzl1/anaconda3/envs/Dist2/lib/python3.9/shutil.py", line 688, in _rmtree_safe_fd
    os.unlink(entry.name, dir_fd=topfd)
OSError: [Errno 16] Device or resource busy: '.nfs000000002c13004000000bbe'
Traceback (most recent call last):
  File "/nas2/data/dlwmznzl1/anaconda3/envs/Dist2/lib/python3.9/multiprocessing/util.py", line 300, in _run_finalizers
    finalizer()
  File "/nas2/data/dlwmznzl1/anaconda3/envs/Dist2/lib/python3.9/multiprocessing/util.py", line 224, in __call__
    res = self._callback(*self._args, **self._kwargs)
  File "/nas2/data/dlwmznzl1/anaconda3/envs/Dist2/lib/python3.9/multiprocessing/util.py", line 133, in _remove_temp_dir
    rmtree(tempdir)
  File "/nas2/data/dlwmznzl1/anaconda3/envs/Dist2/lib/python3.9/shutil.py", line 734, in rmtree
    _rmtree_safe_fd(fd, path, onerror)
  File "/nas2/data/dlwmznzl1/anaconda3/envs/Dist2/lib/python3.9/shutil.py", line 690, in _rmtree_safe_fd
    onerror(os.unlink, fullname, sys.exc_info())
  File "/nas2/data/dlwmznzl1/anaconda3/envs/Dist2/lib/python3.9/shutil.py", line 688, in _rmtree_safe_fd
    os.unlink(entry.name, dir_fd=topfd)
OSError: [Errno 16] Device or resource busy: '.nfs000000002c13003f00000bbc'
Traceback (most recent call last):
Traceback (most recent call last):
  File "/nas2/data/dlwmznzl1/anaconda3/envs/Dist2/lib/python3.9/multiprocessing/util.py", line 300, in _run_finalizers
    finalizer()
  File "/nas2/data/dlwmznzl1/anaconda3/envs/Dist2/lib/python3.9/multiprocessing/util.py", line 300, in _run_finalizers
    finalizer()
  File "/nas2/data/dlwmznzl1/anaconda3/envs/Dist2/lib/python3.9/multiprocessing/util.py", line 224, in __call__
    res = self._callback(*self._args, **self._kwargs)
  File "/nas2/data/dlwmznzl1/anaconda3/envs/Dist2/lib/python3.9/multiprocessing/util.py", line 224, in __call__
    res = self._callback(*self._args, **self._kwargs)
  File "/nas2/data/dlwmznzl1/anaconda3/envs/Dist2/lib/python3.9/multiprocessing/util.py", line 133, in _remove_temp_dir
    rmtree(tempdir)
  File "/nas2/data/dlwmznzl1/anaconda3/envs/Dist2/lib/python3.9/multiprocessing/util.py", line 133, in _remove_temp_dir
    rmtree(tempdir)
  File "/nas2/data/dlwmznzl1/anaconda3/envs/Dist2/lib/python3.9/shutil.py", line 734, in rmtree
    _rmtree_safe_fd(fd, path, onerror)
  File "/nas2/data/dlwmznzl1/anaconda3/envs/Dist2/lib/python3.9/shutil.py", line 734, in rmtree
    _rmtree_safe_fd(fd, path, onerror)
  File "/nas2/data/dlwmznzl1/anaconda3/envs/Dist2/lib/python3.9/shutil.py", line 690, in _rmtree_safe_fd
    onerror(os.unlink, fullname, sys.exc_info())
  File "/nas2/data/dlwmznzl1/anaconda3/envs/Dist2/lib/python3.9/shutil.py", line 690, in _rmtree_safe_fd
    onerror(os.unlink, fullname, sys.exc_info())
  File "/nas2/data/dlwmznzl1/anaconda3/envs/Dist2/lib/python3.9/shutil.py", line 688, in _rmtree_safe_fd
    os.unlink(entry.name, dir_fd=topfd)
  File "/nas2/data/dlwmznzl1/anaconda3/envs/Dist2/lib/python3.9/shutil.py", line 688, in _rmtree_safe_fd
    os.unlink(entry.name, dir_fd=topfd)
OSError: [Errno 16] Device or resource busy: '.nfs000000002c13003d00000bbd'
OSError: [Errno 16] Device or resource busy: '.nfs000000002c13003e00000bbf'
/nas2/data/dlwmznzl1/anaconda3/envs/Dist2/lib/python3.9/site-packages/torchaudio/_backend/utils.py:213: UserWarning: In 2.9, this function's implementation will be changed to use torchaudio.load_with_torchcodec` under the hood. Some parameters like ``normalize``, ``format``, ``buffer_size``, and ``backend`` will be ignored. We recommend that you port your code to rely directly on TorchCodec's decoder instead: https://docs.pytorch.org/torchcodec/stable/generated/torchcodec.decoders.AudioDecoder.html#torchcodec.decoders.AudioDecoder.
  warnings.warn(
/nas2/data/dlwmznzl1/anaconda3/envs/Dist2/lib/python3.9/site-packages/torchaudio/_backend/utils.py:213: UserWarning: In 2.9, this function's implementation will be changed to use torchaudio.load_with_torchcodec` under the hood. Some parameters like ``normalize``, ``format``, ``buffer_size``, and ``backend`` will be ignored. We recommend that you port your code to rely directly on TorchCodec's decoder instead: https://docs.pytorch.org/torchcodec/stable/generated/torchcodec.decoders.AudioDecoder.html#torchcodec.decoders.AudioDecoder.
  warnings.warn(
/nas2/data/dlwmznzl1/anaconda3/envs/Dist2/lib/python3.9/site-packages/torchaudio/_backend/utils.py:213: UserWarning: In 2.9, this function's implementation will be changed to use torchaudio.load_with_torchcodec` under the hood. Some parameters like ``normalize``, ``format``, ``buffer_size``, and ``backend`` will be ignored. We recommend that you port your code to rely directly on TorchCodec's decoder instead: https://docs.pytorch.org/torchcodec/stable/generated/torchcodec.decoders.AudioDecoder.html#torchcodec.decoders.AudioDecoder.
  warnings.warn(
/nas2/data/dlwmznzl1/anaconda3/envs/Dist2/lib/python3.9/site-packages/torchaudio/_backend/utils.py:213: UserWarning: In 2.9, this function's implementation will be changed to use torchaudio.load_with_torchcodec` under the hood. Some parameters like ``normalize``, ``format``, ``buffer_size``, and ``backend`` will be ignored. We recommend that you port your code to rely directly on TorchCodec's decoder instead: https://docs.pytorch.org/torchcodec/stable/generated/torchcodec.decoders.AudioDecoder.html#torchcodec.decoders.AudioDecoder.
  warnings.warn(
Traceback (most recent call last):
  File "/nas2/data/dlwmznzl1/anaconda3/envs/Dist2/lib/python3.9/multiprocessing/util.py", line 300, in _run_finalizers
    finalizer()
  File "/nas2/data/dlwmznzl1/anaconda3/envs/Dist2/lib/python3.9/multiprocessing/util.py", line 224, in __call__
    res = self._callback(*self._args, **self._kwargs)
  File "/nas2/data/dlwmznzl1/anaconda3/envs/Dist2/lib/python3.9/multiprocessing/util.py", line 133, in _remove_temp_dir
    rmtree(tempdir)
  File "/nas2/data/dlwmznzl1/anaconda3/envs/Dist2/lib/python3.9/shutil.py", line 734, in rmtree
    _rmtree_safe_fd(fd, path, onerror)
  File "/nas2/data/dlwmznzl1/anaconda3/envs/Dist2/lib/python3.9/shutil.py", line 690, in _rmtree_safe_fd
    onerror(os.unlink, fullname, sys.exc_info())
  File "/nas2/data/dlwmznzl1/anaconda3/envs/Dist2/lib/python3.9/shutil.py", line 688, in _rmtree_safe_fd
    os.unlink(entry.name, dir_fd=topfd)
OSError: [Errno 16] Device or resource busy: '.nfs000000002c13003e00000bc1'
Traceback (most recent call last):
  File "/nas2/data/dlwmznzl1/anaconda3/envs/Dist2/lib/python3.9/multiprocessing/util.py", line 300, in _run_finalizers
    finalizer()
  File "/nas2/data/dlwmznzl1/anaconda3/envs/Dist2/lib/python3.9/multiprocessing/util.py", line 224, in __call__
    res = self._callback(*self._args, **self._kwargs)
  File "/nas2/data/dlwmznzl1/anaconda3/envs/Dist2/lib/python3.9/multiprocessing/util.py", line 133, in _remove_temp_dir
    rmtree(tempdir)
  File "/nas2/data/dlwmznzl1/anaconda3/envs/Dist2/lib/python3.9/shutil.py", line 734, in rmtree
    _rmtree_safe_fd(fd, path, onerror)
  File "/nas2/data/dlwmznzl1/anaconda3/envs/Dist2/lib/python3.9/shutil.py", line 690, in _rmtree_safe_fd
    onerror(os.unlink, fullname, sys.exc_info())
  File "/nas2/data/dlwmznzl1/anaconda3/envs/Dist2/lib/python3.9/shutil.py", line 688, in _rmtree_safe_fd
    os.unlink(entry.name, dir_fd=topfd)
OSError: [Errno 16] Device or resource busy: '.nfs000000002c1300a100000bc3'
Traceback (most recent call last):
  File "/nas2/data/dlwmznzl1/anaconda3/envs/Dist2/lib/python3.9/multiprocessing/util.py", line 300, in _run_finalizers
    finalizer()
  File "/nas2/data/dlwmznzl1/anaconda3/envs/Dist2/lib/python3.9/multiprocessing/util.py", line 224, in __call__
    res = self._callback(*self._args, **self._kwargs)
  File "/nas2/data/dlwmznzl1/anaconda3/envs/Dist2/lib/python3.9/multiprocessing/util.py", line 133, in _remove_temp_dir
    rmtree(tempdir)
  File "/nas2/data/dlwmznzl1/anaconda3/envs/Dist2/lib/python3.9/shutil.py", line 734, in rmtree
    _rmtree_safe_fd(fd, path, onerror)
  File "/nas2/data/dlwmznzl1/anaconda3/envs/Dist2/lib/python3.9/shutil.py", line 690, in _rmtree_safe_fd
    onerror(os.unlink, fullname, sys.exc_info())
  File "/nas2/data/dlwmznzl1/anaconda3/envs/Dist2/lib/python3.9/shutil.py", line 688, in _rmtree_safe_fd
    os.unlink(entry.name, dir_fd=topfd)
OSError: [Errno 16] Device or resource busy: '.nfs000000002c1300a400000bc0'
Traceback (most recent call last):
  File "/nas2/data/dlwmznzl1/anaconda3/envs/Dist2/lib/python3.9/multiprocessing/util.py", line 300, in _run_finalizers
    finalizer()
  File "/nas2/data/dlwmznzl1/anaconda3/envs/Dist2/lib/python3.9/multiprocessing/util.py", line 224, in __call__
    res = self._callback(*self._args, **self._kwargs)
  File "/nas2/data/dlwmznzl1/anaconda3/envs/Dist2/lib/python3.9/multiprocessing/util.py", line 133, in _remove_temp_dir
    rmtree(tempdir)
  File "/nas2/data/dlwmznzl1/anaconda3/envs/Dist2/lib/python3.9/shutil.py", line 734, in rmtree
    _rmtree_safe_fd(fd, path, onerror)
  File "/nas2/data/dlwmznzl1/anaconda3/envs/Dist2/lib/python3.9/shutil.py", line 690, in _rmtree_safe_fd
    onerror(os.unlink, fullname, sys.exc_info())
  File "/nas2/data/dlwmznzl1/anaconda3/envs/Dist2/lib/python3.9/shutil.py", line 688, in _rmtree_safe_fd
    os.unlink(entry.name, dir_fd=topfd)
OSError: [Errno 16] Device or resource busy: '.nfs000000002c1300a200000bc2'
2025-11-15 07:18:05,503 DDP_Script [Rank 0] [INFO] val WER 0.753, CER 0.310, pseudo-acc 24.67%
2025-11-15 07:18:05,509 DDP_Script [Rank 0] [INFO] Saving checkpoint to ./checkpoints/job-029f4e204992/latest_checkpoint.pth ...
2025-11-15 07:18:11,591 DDP_Script [Rank 0] [INFO] Successfully reported epoch 20/20 (Acc: 24.67%) to global server.
2025-11-15 07:18:11,593 DDP_Script [Rank 0] [INFO] Training completed successfully.
2025-11-15 07:18:11,607 DDP_Script [Rank 0] [INFO] Reported job completion to global server.
2025-11-15 07:18:11,607 DDP_Script [Rank 0] [INFO] Training loop finished.
