/data/breath12/anaconda3/envs/Dist1/lib/python3.9/site-packages/torch/cuda/__init__.py:63: FutureWarning: The pynvml package is deprecated. Please install nvidia-ml-py instead. If you did not install pynvml directly, please report this to the maintainers of the package that installed pynvml for you.
  import pynvml  # type: ignore[import]
Current CUDA device index: 0
Current CUDA device name: NVIDIA RTX A5000
Master address: 163.180.160.62, port: 29543
2025-11-19 03:28:26,702 DDP_Script [Rank 0] [INFO] Node rank: 0, world size: 1
[Gloo] Rank 0 is connected to 0 peer ranks. Expected number of connected peer ranks is : 0
2025-11-19 03:28:26,708 DDP_Script [Rank 0] [INFO] Process group initialized: 163.180.160.62:29543
2025-11-19 03:28:26,708 DDP_Script [Rank 0] [INFO] Rank 0/1 initialized
/data/breath12/anaconda3/envs/Dist1/lib/python3.9/site-packages/torchaudio/functional/functional.py:585: UserWarning: At least one mel filterbank has all zero values. The value for `n_mels` (128) may be set too high. Or, the value for `n_freqs` (201) may be set too low.
  warnings.warn(
2025-11-19 03:28:29,238 DDP_Script [Rank 0] [INFO] Model, DDP, criterion, optimizer initialized
2025-11-19 03:28:29,269 DDP_Script [Rank 0] [INFO] Checkpoint directory created: ./checkpoints/job-2064572d9166
2025-11-19 03:28:29,269 DDP_Script [Rank 0] [INFO] Starting training from scratch (epoch 1).
2025-11-19 03:28:29,270 DDP_Script [Rank 0] [INFO] epoch 1 시작
2025-11-19 03:28:29,273 DDP_Script [Rank 0] [INFO] 모든 노드 중 max_steps = 128
2025-11-19 03:28:29,273 DDP_Script [Rank 0] [INFO] local_steps=128, global_steps=128
/data/breath12/anaconda3/envs/Dist1/lib/python3.9/site-packages/torchaudio/_backend/utils.py:213: UserWarning: In 2.9, this function's implementation will be changed to use torchaudio.load_with_torchcodec` under the hood. Some parameters like ``normalize``, ``format``, ``buffer_size``, and ``backend`` will be ignored. We recommend that you port your code to rely directly on TorchCodec's decoder instead: https://docs.pytorch.org/torchcodec/stable/generated/torchcodec.decoders.AudioDecoder.html#torchcodec.decoders.AudioDecoder.
  warnings.warn(
/data/breath12/anaconda3/envs/Dist1/lib/python3.9/site-packages/torchaudio/_backend/utils.py:213: UserWarning: In 2.9, this function's implementation will be changed to use torchaudio.load_with_torchcodec` under the hood. Some parameters like ``normalize``, ``format``, ``buffer_size``, and ``backend`` will be ignored. We recommend that you port your code to rely directly on TorchCodec's decoder instead: https://docs.pytorch.org/torchcodec/stable/generated/torchcodec.decoders.AudioDecoder.html#torchcodec.decoders.AudioDecoder.
  warnings.warn(
/data/breath12/anaconda3/envs/Dist1/lib/python3.9/site-packages/torchaudio/_backend/utils.py:213: UserWarning: In 2.9, this function's implementation will be changed to use torchaudio.load_with_torchcodec` under the hood. Some parameters like ``normalize``, ``format``, ``buffer_size``, and ``backend`` will be ignored. We recommend that you port your code to rely directly on TorchCodec's decoder instead: https://docs.pytorch.org/torchcodec/stable/generated/torchcodec.decoders.AudioDecoder.html#torchcodec.decoders.AudioDecoder.
  warnings.warn(
/data/breath12/anaconda3/envs/Dist1/lib/python3.9/site-packages/torchaudio/_backend/utils.py:213: UserWarning: In 2.9, this function's implementation will be changed to use torchaudio.load_with_torchcodec` under the hood. Some parameters like ``normalize``, ``format``, ``buffer_size``, and ``backend`` will be ignored. We recommend that you port your code to rely directly on TorchCodec's decoder instead: https://docs.pytorch.org/torchcodec/stable/generated/torchcodec.decoders.AudioDecoder.html#torchcodec.decoders.AudioDecoder.
  warnings.warn(
/data/breath12/anaconda3/envs/Dist1/lib/python3.9/site-packages/torchaudio/_backend/utils.py:213: UserWarning: In 2.9, this function's implementation will be changed to use torchaudio.load_with_torchcodec` under the hood. Some parameters like ``normalize``, ``format``, ``buffer_size``, and ``backend`` will be ignored. We recommend that you port your code to rely directly on TorchCodec's decoder instead: https://docs.pytorch.org/torchcodec/stable/generated/torchcodec.decoders.AudioDecoder.html#torchcodec.decoders.AudioDecoder.
  warnings.warn(
/data/breath12/anaconda3/envs/Dist1/lib/python3.9/site-packages/torchaudio/_backend/utils.py:213: UserWarning: In 2.9, this function's implementation will be changed to use torchaudio.load_with_torchcodec` under the hood. Some parameters like ``normalize``, ``format``, ``buffer_size``, and ``backend`` will be ignored. We recommend that you port your code to rely directly on TorchCodec's decoder instead: https://docs.pytorch.org/torchcodec/stable/generated/torchcodec.decoders.AudioDecoder.html#torchcodec.decoders.AudioDecoder.
  warnings.warn(
/data/breath12/anaconda3/envs/Dist1/lib/python3.9/site-packages/torchaudio/_backend/utils.py:213: UserWarning: In 2.9, this function's implementation will be changed to use torchaudio.load_with_torchcodec` under the hood. Some parameters like ``normalize``, ``format``, ``buffer_size``, and ``backend`` will be ignored. We recommend that you port your code to rely directly on TorchCodec's decoder instead: https://docs.pytorch.org/torchcodec/stable/generated/torchcodec.decoders.AudioDecoder.html#torchcodec.decoders.AudioDecoder.
  warnings.warn(
/data/breath12/anaconda3/envs/Dist1/lib/python3.9/site-packages/torchaudio/_backend/utils.py:213: UserWarning: In 2.9, this function's implementation will be changed to use torchaudio.load_with_torchcodec` under the hood. Some parameters like ``normalize``, ``format``, ``buffer_size``, and ``backend`` will be ignored. We recommend that you port your code to rely directly on TorchCodec's decoder instead: https://docs.pytorch.org/torchcodec/stable/generated/torchcodec.decoders.AudioDecoder.html#torchcodec.decoders.AudioDecoder.
  warnings.warn(
2025-11-19 03:28:41,455 DDP_Script [Rank 0] [INFO] val WER 1.000, CER 1.000, pseudo-acc 0.00%
2025-11-19 03:28:41,457 DDP_Script [Rank 0] [INFO] Saving checkpoint to ./checkpoints/job-2064572d9166/latest_checkpoint.pth ...
2025-11-19 03:28:43,029 DDP_Script [Rank 0] [INFO] Successfully reported epoch 1/20 (Acc: 0.00%) to global server.
2025-11-19 03:28:43,030 DDP_Script [Rank 0] [INFO] epoch 2 시작
2025-11-19 03:28:43,032 DDP_Script [Rank 0] [INFO] 모든 노드 중 max_steps = 128
2025-11-19 03:28:43,032 DDP_Script [Rank 0] [INFO] local_steps=128, global_steps=128
/data/breath12/anaconda3/envs/Dist1/lib/python3.9/site-packages/torchaudio/_backend/utils.py:213: UserWarning: In 2.9, this function's implementation will be changed to use torchaudio.load_with_torchcodec` under the hood. Some parameters like ``normalize``, ``format``, ``buffer_size``, and ``backend`` will be ignored. We recommend that you port your code to rely directly on TorchCodec's decoder instead: https://docs.pytorch.org/torchcodec/stable/generated/torchcodec.decoders.AudioDecoder.html#torchcodec.decoders.AudioDecoder.
  warnings.warn(
/data/breath12/anaconda3/envs/Dist1/lib/python3.9/site-packages/torchaudio/_backend/utils.py:213: UserWarning: In 2.9, this function's implementation will be changed to use torchaudio.load_with_torchcodec` under the hood. Some parameters like ``normalize``, ``format``, ``buffer_size``, and ``backend`` will be ignored. We recommend that you port your code to rely directly on TorchCodec's decoder instead: https://docs.pytorch.org/torchcodec/stable/generated/torchcodec.decoders.AudioDecoder.html#torchcodec.decoders.AudioDecoder.
  warnings.warn(
/data/breath12/anaconda3/envs/Dist1/lib/python3.9/site-packages/torchaudio/_backend/utils.py:213: UserWarning: In 2.9, this function's implementation will be changed to use torchaudio.load_with_torchcodec` under the hood. Some parameters like ``normalize``, ``format``, ``buffer_size``, and ``backend`` will be ignored. We recommend that you port your code to rely directly on TorchCodec's decoder instead: https://docs.pytorch.org/torchcodec/stable/generated/torchcodec.decoders.AudioDecoder.html#torchcodec.decoders.AudioDecoder.
  warnings.warn(
/data/breath12/anaconda3/envs/Dist1/lib/python3.9/site-packages/torchaudio/_backend/utils.py:213: UserWarning: In 2.9, this function's implementation will be changed to use torchaudio.load_with_torchcodec` under the hood. Some parameters like ``normalize``, ``format``, ``buffer_size``, and ``backend`` will be ignored. We recommend that you port your code to rely directly on TorchCodec's decoder instead: https://docs.pytorch.org/torchcodec/stable/generated/torchcodec.decoders.AudioDecoder.html#torchcodec.decoders.AudioDecoder.
  warnings.warn(
/data/breath12/anaconda3/envs/Dist1/lib/python3.9/site-packages/torchaudio/_backend/utils.py:213: UserWarning: In 2.9, this function's implementation will be changed to use torchaudio.load_with_torchcodec` under the hood. Some parameters like ``normalize``, ``format``, ``buffer_size``, and ``backend`` will be ignored. We recommend that you port your code to rely directly on TorchCodec's decoder instead: https://docs.pytorch.org/torchcodec/stable/generated/torchcodec.decoders.AudioDecoder.html#torchcodec.decoders.AudioDecoder.
  warnings.warn(
/data/breath12/anaconda3/envs/Dist1/lib/python3.9/site-packages/torchaudio/_backend/utils.py:213: UserWarning: In 2.9, this function's implementation will be changed to use torchaudio.load_with_torchcodec` under the hood. Some parameters like ``normalize``, ``format``, ``buffer_size``, and ``backend`` will be ignored. We recommend that you port your code to rely directly on TorchCodec's decoder instead: https://docs.pytorch.org/torchcodec/stable/generated/torchcodec.decoders.AudioDecoder.html#torchcodec.decoders.AudioDecoder.
  warnings.warn(
/data/breath12/anaconda3/envs/Dist1/lib/python3.9/site-packages/torchaudio/_backend/utils.py:213: UserWarning: In 2.9, this function's implementation will be changed to use torchaudio.load_with_torchcodec` under the hood. Some parameters like ``normalize``, ``format``, ``buffer_size``, and ``backend`` will be ignored. We recommend that you port your code to rely directly on TorchCodec's decoder instead: https://docs.pytorch.org/torchcodec/stable/generated/torchcodec.decoders.AudioDecoder.html#torchcodec.decoders.AudioDecoder.
  warnings.warn(
/data/breath12/anaconda3/envs/Dist1/lib/python3.9/site-packages/torchaudio/_backend/utils.py:213: UserWarning: In 2.9, this function's implementation will be changed to use torchaudio.load_with_torchcodec` under the hood. Some parameters like ``normalize``, ``format``, ``buffer_size``, and ``backend`` will be ignored. We recommend that you port your code to rely directly on TorchCodec's decoder instead: https://docs.pytorch.org/torchcodec/stable/generated/torchcodec.decoders.AudioDecoder.html#torchcodec.decoders.AudioDecoder.
  warnings.warn(
2025-11-19 03:28:54,728 DDP_Script [Rank 0] [INFO] val WER 1.000, CER 0.978, pseudo-acc 0.00%
2025-11-19 03:28:54,753 DDP_Script [Rank 0] [INFO] Saving checkpoint to ./checkpoints/job-2064572d9166/latest_checkpoint.pth ...
2025-11-19 03:28:55,516 DDP_Script [Rank 0] [INFO] Successfully reported epoch 2/20 (Acc: 0.00%) to global server.
2025-11-19 03:28:55,518 DDP_Script [Rank 0] [INFO] epoch 3 시작
2025-11-19 03:28:55,519 DDP_Script [Rank 0] [INFO] 모든 노드 중 max_steps = 128
2025-11-19 03:28:55,519 DDP_Script [Rank 0] [INFO] local_steps=128, global_steps=128
/data/breath12/anaconda3/envs/Dist1/lib/python3.9/site-packages/torchaudio/_backend/utils.py:213: UserWarning: In 2.9, this function's implementation will be changed to use torchaudio.load_with_torchcodec` under the hood. Some parameters like ``normalize``, ``format``, ``buffer_size``, and ``backend`` will be ignored. We recommend that you port your code to rely directly on TorchCodec's decoder instead: https://docs.pytorch.org/torchcodec/stable/generated/torchcodec.decoders.AudioDecoder.html#torchcodec.decoders.AudioDecoder.
  warnings.warn(
/data/breath12/anaconda3/envs/Dist1/lib/python3.9/site-packages/torchaudio/_backend/utils.py:213: UserWarning: In 2.9, this function's implementation will be changed to use torchaudio.load_with_torchcodec` under the hood. Some parameters like ``normalize``, ``format``, ``buffer_size``, and ``backend`` will be ignored. We recommend that you port your code to rely directly on TorchCodec's decoder instead: https://docs.pytorch.org/torchcodec/stable/generated/torchcodec.decoders.AudioDecoder.html#torchcodec.decoders.AudioDecoder.
  warnings.warn(
/data/breath12/anaconda3/envs/Dist1/lib/python3.9/site-packages/torchaudio/_backend/utils.py:213: UserWarning: In 2.9, this function's implementation will be changed to use torchaudio.load_with_torchcodec` under the hood. Some parameters like ``normalize``, ``format``, ``buffer_size``, and ``backend`` will be ignored. We recommend that you port your code to rely directly on TorchCodec's decoder instead: https://docs.pytorch.org/torchcodec/stable/generated/torchcodec.decoders.AudioDecoder.html#torchcodec.decoders.AudioDecoder.
  warnings.warn(
/data/breath12/anaconda3/envs/Dist1/lib/python3.9/site-packages/torchaudio/_backend/utils.py:213: UserWarning: In 2.9, this function's implementation will be changed to use torchaudio.load_with_torchcodec` under the hood. Some parameters like ``normalize``, ``format``, ``buffer_size``, and ``backend`` will be ignored. We recommend that you port your code to rely directly on TorchCodec's decoder instead: https://docs.pytorch.org/torchcodec/stable/generated/torchcodec.decoders.AudioDecoder.html#torchcodec.decoders.AudioDecoder.
  warnings.warn(
/data/breath12/anaconda3/envs/Dist1/lib/python3.9/site-packages/torchaudio/_backend/utils.py:213: UserWarning: In 2.9, this function's implementation will be changed to use torchaudio.load_with_torchcodec` under the hood. Some parameters like ``normalize``, ``format``, ``buffer_size``, and ``backend`` will be ignored. We recommend that you port your code to rely directly on TorchCodec's decoder instead: https://docs.pytorch.org/torchcodec/stable/generated/torchcodec.decoders.AudioDecoder.html#torchcodec.decoders.AudioDecoder.
  warnings.warn(
/data/breath12/anaconda3/envs/Dist1/lib/python3.9/site-packages/torchaudio/_backend/utils.py:213: UserWarning: In 2.9, this function's implementation will be changed to use torchaudio.load_with_torchcodec` under the hood. Some parameters like ``normalize``, ``format``, ``buffer_size``, and ``backend`` will be ignored. We recommend that you port your code to rely directly on TorchCodec's decoder instead: https://docs.pytorch.org/torchcodec/stable/generated/torchcodec.decoders.AudioDecoder.html#torchcodec.decoders.AudioDecoder.
  warnings.warn(
/data/breath12/anaconda3/envs/Dist1/lib/python3.9/site-packages/torchaudio/_backend/utils.py:213: UserWarning: In 2.9, this function's implementation will be changed to use torchaudio.load_with_torchcodec` under the hood. Some parameters like ``normalize``, ``format``, ``buffer_size``, and ``backend`` will be ignored. We recommend that you port your code to rely directly on TorchCodec's decoder instead: https://docs.pytorch.org/torchcodec/stable/generated/torchcodec.decoders.AudioDecoder.html#torchcodec.decoders.AudioDecoder.
  warnings.warn(
/data/breath12/anaconda3/envs/Dist1/lib/python3.9/site-packages/torchaudio/_backend/utils.py:213: UserWarning: In 2.9, this function's implementation will be changed to use torchaudio.load_with_torchcodec` under the hood. Some parameters like ``normalize``, ``format``, ``buffer_size``, and ``backend`` will be ignored. We recommend that you port your code to rely directly on TorchCodec's decoder instead: https://docs.pytorch.org/torchcodec/stable/generated/torchcodec.decoders.AudioDecoder.html#torchcodec.decoders.AudioDecoder.
  warnings.warn(
2025-11-19 03:29:07,859 DDP_Script [Rank 0] [INFO] val WER 1.000, CER 0.978, pseudo-acc 0.00%
2025-11-19 03:29:07,863 DDP_Script [Rank 0] [INFO] Saving checkpoint to ./checkpoints/job-2064572d9166/latest_checkpoint.pth ...
2025-11-19 03:29:09,089 DDP_Script [Rank 0] [INFO] Successfully reported epoch 3/20 (Acc: 0.00%) to global server.
2025-11-19 03:29:09,090 DDP_Script [Rank 0] [INFO] epoch 4 시작
2025-11-19 03:29:09,092 DDP_Script [Rank 0] [INFO] 모든 노드 중 max_steps = 128
2025-11-19 03:29:09,092 DDP_Script [Rank 0] [INFO] local_steps=128, global_steps=128
/data/breath12/anaconda3/envs/Dist1/lib/python3.9/site-packages/torchaudio/_backend/utils.py:213: UserWarning: In 2.9, this function's implementation will be changed to use torchaudio.load_with_torchcodec` under the hood. Some parameters like ``normalize``, ``format``, ``buffer_size``, and ``backend`` will be ignored. We recommend that you port your code to rely directly on TorchCodec's decoder instead: https://docs.pytorch.org/torchcodec/stable/generated/torchcodec.decoders.AudioDecoder.html#torchcodec.decoders.AudioDecoder.
  warnings.warn(
/data/breath12/anaconda3/envs/Dist1/lib/python3.9/site-packages/torchaudio/_backend/utils.py:213: UserWarning: In 2.9, this function's implementation will be changed to use torchaudio.load_with_torchcodec` under the hood. Some parameters like ``normalize``, ``format``, ``buffer_size``, and ``backend`` will be ignored. We recommend that you port your code to rely directly on TorchCodec's decoder instead: https://docs.pytorch.org/torchcodec/stable/generated/torchcodec.decoders.AudioDecoder.html#torchcodec.decoders.AudioDecoder.
  warnings.warn(
/data/breath12/anaconda3/envs/Dist1/lib/python3.9/site-packages/torchaudio/_backend/utils.py:213: UserWarning: In 2.9, this function's implementation will be changed to use torchaudio.load_with_torchcodec` under the hood. Some parameters like ``normalize``, ``format``, ``buffer_size``, and ``backend`` will be ignored. We recommend that you port your code to rely directly on TorchCodec's decoder instead: https://docs.pytorch.org/torchcodec/stable/generated/torchcodec.decoders.AudioDecoder.html#torchcodec.decoders.AudioDecoder.
  warnings.warn(
/data/breath12/anaconda3/envs/Dist1/lib/python3.9/site-packages/torchaudio/_backend/utils.py:213: UserWarning: In 2.9, this function's implementation will be changed to use torchaudio.load_with_torchcodec` under the hood. Some parameters like ``normalize``, ``format``, ``buffer_size``, and ``backend`` will be ignored. We recommend that you port your code to rely directly on TorchCodec's decoder instead: https://docs.pytorch.org/torchcodec/stable/generated/torchcodec.decoders.AudioDecoder.html#torchcodec.decoders.AudioDecoder.
  warnings.warn(
/data/breath12/anaconda3/envs/Dist1/lib/python3.9/site-packages/torchaudio/_backend/utils.py:213: UserWarning: In 2.9, this function's implementation will be changed to use torchaudio.load_with_torchcodec` under the hood. Some parameters like ``normalize``, ``format``, ``buffer_size``, and ``backend`` will be ignored. We recommend that you port your code to rely directly on TorchCodec's decoder instead: https://docs.pytorch.org/torchcodec/stable/generated/torchcodec.decoders.AudioDecoder.html#torchcodec.decoders.AudioDecoder.
  warnings.warn(
/data/breath12/anaconda3/envs/Dist1/lib/python3.9/site-packages/torchaudio/_backend/utils.py:213: UserWarning: In 2.9, this function's implementation will be changed to use torchaudio.load_with_torchcodec` under the hood. Some parameters like ``normalize``, ``format``, ``buffer_size``, and ``backend`` will be ignored. We recommend that you port your code to rely directly on TorchCodec's decoder instead: https://docs.pytorch.org/torchcodec/stable/generated/torchcodec.decoders.AudioDecoder.html#torchcodec.decoders.AudioDecoder.
  warnings.warn(
/data/breath12/anaconda3/envs/Dist1/lib/python3.9/site-packages/torchaudio/_backend/utils.py:213: UserWarning: In 2.9, this function's implementation will be changed to use torchaudio.load_with_torchcodec` under the hood. Some parameters like ``normalize``, ``format``, ``buffer_size``, and ``backend`` will be ignored. We recommend that you port your code to rely directly on TorchCodec's decoder instead: https://docs.pytorch.org/torchcodec/stable/generated/torchcodec.decoders.AudioDecoder.html#torchcodec.decoders.AudioDecoder.
  warnings.warn(
/data/breath12/anaconda3/envs/Dist1/lib/python3.9/site-packages/torchaudio/_backend/utils.py:213: UserWarning: In 2.9, this function's implementation will be changed to use torchaudio.load_with_torchcodec` under the hood. Some parameters like ``normalize``, ``format``, ``buffer_size``, and ``backend`` will be ignored. We recommend that you port your code to rely directly on TorchCodec's decoder instead: https://docs.pytorch.org/torchcodec/stable/generated/torchcodec.decoders.AudioDecoder.html#torchcodec.decoders.AudioDecoder.
  warnings.warn(
2025-11-19 03:29:22,089 DDP_Script [Rank 0] [INFO] val WER 0.986, CER 0.979, pseudo-acc 1.40%
2025-11-19 03:29:22,106 DDP_Script [Rank 0] [INFO] Saving checkpoint to ./checkpoints/job-2064572d9166/latest_checkpoint.pth ...
2025-11-19 03:29:23,215 DDP_Script [Rank 0] [INFO] Successfully reported epoch 4/20 (Acc: 1.40%) to global server.
2025-11-19 03:29:23,215 DDP_Script [Rank 0] [INFO] epoch 5 시작
2025-11-19 03:29:23,217 DDP_Script [Rank 0] [INFO] 모든 노드 중 max_steps = 128
2025-11-19 03:29:23,217 DDP_Script [Rank 0] [INFO] local_steps=128, global_steps=128
/data/breath12/anaconda3/envs/Dist1/lib/python3.9/site-packages/torchaudio/_backend/utils.py:213: UserWarning: In 2.9, this function's implementation will be changed to use torchaudio.load_with_torchcodec` under the hood. Some parameters like ``normalize``, ``format``, ``buffer_size``, and ``backend`` will be ignored. We recommend that you port your code to rely directly on TorchCodec's decoder instead: https://docs.pytorch.org/torchcodec/stable/generated/torchcodec.decoders.AudioDecoder.html#torchcodec.decoders.AudioDecoder.
  warnings.warn(
/data/breath12/anaconda3/envs/Dist1/lib/python3.9/site-packages/torchaudio/_backend/utils.py:213: UserWarning: In 2.9, this function's implementation will be changed to use torchaudio.load_with_torchcodec` under the hood. Some parameters like ``normalize``, ``format``, ``buffer_size``, and ``backend`` will be ignored. We recommend that you port your code to rely directly on TorchCodec's decoder instead: https://docs.pytorch.org/torchcodec/stable/generated/torchcodec.decoders.AudioDecoder.html#torchcodec.decoders.AudioDecoder.
  warnings.warn(
/data/breath12/anaconda3/envs/Dist1/lib/python3.9/site-packages/torchaudio/_backend/utils.py:213: UserWarning: In 2.9, this function's implementation will be changed to use torchaudio.load_with_torchcodec` under the hood. Some parameters like ``normalize``, ``format``, ``buffer_size``, and ``backend`` will be ignored. We recommend that you port your code to rely directly on TorchCodec's decoder instead: https://docs.pytorch.org/torchcodec/stable/generated/torchcodec.decoders.AudioDecoder.html#torchcodec.decoders.AudioDecoder.
  warnings.warn(
/data/breath12/anaconda3/envs/Dist1/lib/python3.9/site-packages/torchaudio/_backend/utils.py:213: UserWarning: In 2.9, this function's implementation will be changed to use torchaudio.load_with_torchcodec` under the hood. Some parameters like ``normalize``, ``format``, ``buffer_size``, and ``backend`` will be ignored. We recommend that you port your code to rely directly on TorchCodec's decoder instead: https://docs.pytorch.org/torchcodec/stable/generated/torchcodec.decoders.AudioDecoder.html#torchcodec.decoders.AudioDecoder.
  warnings.warn(
/data/breath12/anaconda3/envs/Dist1/lib/python3.9/site-packages/torchaudio/_backend/utils.py:213: UserWarning: In 2.9, this function's implementation will be changed to use torchaudio.load_with_torchcodec` under the hood. Some parameters like ``normalize``, ``format``, ``buffer_size``, and ``backend`` will be ignored. We recommend that you port your code to rely directly on TorchCodec's decoder instead: https://docs.pytorch.org/torchcodec/stable/generated/torchcodec.decoders.AudioDecoder.html#torchcodec.decoders.AudioDecoder.
  warnings.warn(
/data/breath12/anaconda3/envs/Dist1/lib/python3.9/site-packages/torchaudio/_backend/utils.py:213: UserWarning: In 2.9, this function's implementation will be changed to use torchaudio.load_with_torchcodec` under the hood. Some parameters like ``normalize``, ``format``, ``buffer_size``, and ``backend`` will be ignored. We recommend that you port your code to rely directly on TorchCodec's decoder instead: https://docs.pytorch.org/torchcodec/stable/generated/torchcodec.decoders.AudioDecoder.html#torchcodec.decoders.AudioDecoder.
  warnings.warn(
/data/breath12/anaconda3/envs/Dist1/lib/python3.9/site-packages/torchaudio/_backend/utils.py:213: UserWarning: In 2.9, this function's implementation will be changed to use torchaudio.load_with_torchcodec` under the hood. Some parameters like ``normalize``, ``format``, ``buffer_size``, and ``backend`` will be ignored. We recommend that you port your code to rely directly on TorchCodec's decoder instead: https://docs.pytorch.org/torchcodec/stable/generated/torchcodec.decoders.AudioDecoder.html#torchcodec.decoders.AudioDecoder.
  warnings.warn(
/data/breath12/anaconda3/envs/Dist1/lib/python3.9/site-packages/torchaudio/_backend/utils.py:213: UserWarning: In 2.9, this function's implementation will be changed to use torchaudio.load_with_torchcodec` under the hood. Some parameters like ``normalize``, ``format``, ``buffer_size``, and ``backend`` will be ignored. We recommend that you port your code to rely directly on TorchCodec's decoder instead: https://docs.pytorch.org/torchcodec/stable/generated/torchcodec.decoders.AudioDecoder.html#torchcodec.decoders.AudioDecoder.
  warnings.warn(
2025-11-19 03:29:36,533 DDP_Script [Rank 0] [INFO] val WER 1.000, CER 0.977, pseudo-acc 0.00%
2025-11-19 03:29:36,537 DDP_Script [Rank 0] [INFO] Saving checkpoint to ./checkpoints/job-2064572d9166/latest_checkpoint.pth ...
2025-11-19 03:29:37,611 DDP_Script [Rank 0] [INFO] Successfully reported epoch 5/20 (Acc: 0.00%) to global server.
2025-11-19 03:29:37,612 DDP_Script [Rank 0] [INFO] epoch 6 시작
2025-11-19 03:29:37,614 DDP_Script [Rank 0] [INFO] 모든 노드 중 max_steps = 128
2025-11-19 03:29:37,614 DDP_Script [Rank 0] [INFO] local_steps=128, global_steps=128
/data/breath12/anaconda3/envs/Dist1/lib/python3.9/site-packages/torchaudio/_backend/utils.py:213: UserWarning: In 2.9, this function's implementation will be changed to use torchaudio.load_with_torchcodec` under the hood. Some parameters like ``normalize``, ``format``, ``buffer_size``, and ``backend`` will be ignored. We recommend that you port your code to rely directly on TorchCodec's decoder instead: https://docs.pytorch.org/torchcodec/stable/generated/torchcodec.decoders.AudioDecoder.html#torchcodec.decoders.AudioDecoder.
  warnings.warn(
/data/breath12/anaconda3/envs/Dist1/lib/python3.9/site-packages/torchaudio/_backend/utils.py:213: UserWarning: In 2.9, this function's implementation will be changed to use torchaudio.load_with_torchcodec` under the hood. Some parameters like ``normalize``, ``format``, ``buffer_size``, and ``backend`` will be ignored. We recommend that you port your code to rely directly on TorchCodec's decoder instead: https://docs.pytorch.org/torchcodec/stable/generated/torchcodec.decoders.AudioDecoder.html#torchcodec.decoders.AudioDecoder.
  warnings.warn(
/data/breath12/anaconda3/envs/Dist1/lib/python3.9/site-packages/torchaudio/_backend/utils.py:213: UserWarning: In 2.9, this function's implementation will be changed to use torchaudio.load_with_torchcodec` under the hood. Some parameters like ``normalize``, ``format``, ``buffer_size``, and ``backend`` will be ignored. We recommend that you port your code to rely directly on TorchCodec's decoder instead: https://docs.pytorch.org/torchcodec/stable/generated/torchcodec.decoders.AudioDecoder.html#torchcodec.decoders.AudioDecoder.
  warnings.warn(
/data/breath12/anaconda3/envs/Dist1/lib/python3.9/site-packages/torchaudio/_backend/utils.py:213: UserWarning: In 2.9, this function's implementation will be changed to use torchaudio.load_with_torchcodec` under the hood. Some parameters like ``normalize``, ``format``, ``buffer_size``, and ``backend`` will be ignored. We recommend that you port your code to rely directly on TorchCodec's decoder instead: https://docs.pytorch.org/torchcodec/stable/generated/torchcodec.decoders.AudioDecoder.html#torchcodec.decoders.AudioDecoder.
  warnings.warn(
/data/breath12/anaconda3/envs/Dist1/lib/python3.9/site-packages/torchaudio/_backend/utils.py:213: UserWarning: In 2.9, this function's implementation will be changed to use torchaudio.load_with_torchcodec` under the hood. Some parameters like ``normalize``, ``format``, ``buffer_size``, and ``backend`` will be ignored. We recommend that you port your code to rely directly on TorchCodec's decoder instead: https://docs.pytorch.org/torchcodec/stable/generated/torchcodec.decoders.AudioDecoder.html#torchcodec.decoders.AudioDecoder.
  warnings.warn(
/data/breath12/anaconda3/envs/Dist1/lib/python3.9/site-packages/torchaudio/_backend/utils.py:213: UserWarning: In 2.9, this function's implementation will be changed to use torchaudio.load_with_torchcodec` under the hood. Some parameters like ``normalize``, ``format``, ``buffer_size``, and ``backend`` will be ignored. We recommend that you port your code to rely directly on TorchCodec's decoder instead: https://docs.pytorch.org/torchcodec/stable/generated/torchcodec.decoders.AudioDecoder.html#torchcodec.decoders.AudioDecoder.
  warnings.warn(
/data/breath12/anaconda3/envs/Dist1/lib/python3.9/site-packages/torchaudio/_backend/utils.py:213: UserWarning: In 2.9, this function's implementation will be changed to use torchaudio.load_with_torchcodec` under the hood. Some parameters like ``normalize``, ``format``, ``buffer_size``, and ``backend`` will be ignored. We recommend that you port your code to rely directly on TorchCodec's decoder instead: https://docs.pytorch.org/torchcodec/stable/generated/torchcodec.decoders.AudioDecoder.html#torchcodec.decoders.AudioDecoder.
  warnings.warn(
/data/breath12/anaconda3/envs/Dist1/lib/python3.9/site-packages/torchaudio/_backend/utils.py:213: UserWarning: In 2.9, this function's implementation will be changed to use torchaudio.load_with_torchcodec` under the hood. Some parameters like ``normalize``, ``format``, ``buffer_size``, and ``backend`` will be ignored. We recommend that you port your code to rely directly on TorchCodec's decoder instead: https://docs.pytorch.org/torchcodec/stable/generated/torchcodec.decoders.AudioDecoder.html#torchcodec.decoders.AudioDecoder.
  warnings.warn(
2025-11-19 03:29:50,773 DDP_Script [Rank 0] [INFO] val WER 0.988, CER 0.900, pseudo-acc 1.18%
2025-11-19 03:29:50,775 DDP_Script [Rank 0] [INFO] Saving checkpoint to ./checkpoints/job-2064572d9166/latest_checkpoint.pth ...
2025-11-19 03:29:51,787 DDP_Script [Rank 0] [INFO] Successfully reported epoch 6/20 (Acc: 1.18%) to global server.
2025-11-19 03:29:51,789 DDP_Script [Rank 0] [INFO] epoch 7 시작
2025-11-19 03:29:51,790 DDP_Script [Rank 0] [INFO] 모든 노드 중 max_steps = 128
2025-11-19 03:29:51,790 DDP_Script [Rank 0] [INFO] local_steps=128, global_steps=128
/data/breath12/anaconda3/envs/Dist1/lib/python3.9/site-packages/torchaudio/_backend/utils.py:213: UserWarning: In 2.9, this function's implementation will be changed to use torchaudio.load_with_torchcodec` under the hood. Some parameters like ``normalize``, ``format``, ``buffer_size``, and ``backend`` will be ignored. We recommend that you port your code to rely directly on TorchCodec's decoder instead: https://docs.pytorch.org/torchcodec/stable/generated/torchcodec.decoders.AudioDecoder.html#torchcodec.decoders.AudioDecoder.
  warnings.warn(
/data/breath12/anaconda3/envs/Dist1/lib/python3.9/site-packages/torchaudio/_backend/utils.py:213: UserWarning: In 2.9, this function's implementation will be changed to use torchaudio.load_with_torchcodec` under the hood. Some parameters like ``normalize``, ``format``, ``buffer_size``, and ``backend`` will be ignored. We recommend that you port your code to rely directly on TorchCodec's decoder instead: https://docs.pytorch.org/torchcodec/stable/generated/torchcodec.decoders.AudioDecoder.html#torchcodec.decoders.AudioDecoder.
  warnings.warn(
/data/breath12/anaconda3/envs/Dist1/lib/python3.9/site-packages/torchaudio/_backend/utils.py:213: UserWarning: In 2.9, this function's implementation will be changed to use torchaudio.load_with_torchcodec` under the hood. Some parameters like ``normalize``, ``format``, ``buffer_size``, and ``backend`` will be ignored. We recommend that you port your code to rely directly on TorchCodec's decoder instead: https://docs.pytorch.org/torchcodec/stable/generated/torchcodec.decoders.AudioDecoder.html#torchcodec.decoders.AudioDecoder.
  warnings.warn(
/data/breath12/anaconda3/envs/Dist1/lib/python3.9/site-packages/torchaudio/_backend/utils.py:213: UserWarning: In 2.9, this function's implementation will be changed to use torchaudio.load_with_torchcodec` under the hood. Some parameters like ``normalize``, ``format``, ``buffer_size``, and ``backend`` will be ignored. We recommend that you port your code to rely directly on TorchCodec's decoder instead: https://docs.pytorch.org/torchcodec/stable/generated/torchcodec.decoders.AudioDecoder.html#torchcodec.decoders.AudioDecoder.
  warnings.warn(
/data/breath12/anaconda3/envs/Dist1/lib/python3.9/site-packages/torchaudio/_backend/utils.py:213: UserWarning: In 2.9, this function's implementation will be changed to use torchaudio.load_with_torchcodec` under the hood. Some parameters like ``normalize``, ``format``, ``buffer_size``, and ``backend`` will be ignored. We recommend that you port your code to rely directly on TorchCodec's decoder instead: https://docs.pytorch.org/torchcodec/stable/generated/torchcodec.decoders.AudioDecoder.html#torchcodec.decoders.AudioDecoder.
  warnings.warn(
/data/breath12/anaconda3/envs/Dist1/lib/python3.9/site-packages/torchaudio/_backend/utils.py:213: UserWarning: In 2.9, this function's implementation will be changed to use torchaudio.load_with_torchcodec` under the hood. Some parameters like ``normalize``, ``format``, ``buffer_size``, and ``backend`` will be ignored. We recommend that you port your code to rely directly on TorchCodec's decoder instead: https://docs.pytorch.org/torchcodec/stable/generated/torchcodec.decoders.AudioDecoder.html#torchcodec.decoders.AudioDecoder.
  warnings.warn(
/data/breath12/anaconda3/envs/Dist1/lib/python3.9/site-packages/torchaudio/_backend/utils.py:213: UserWarning: In 2.9, this function's implementation will be changed to use torchaudio.load_with_torchcodec` under the hood. Some parameters like ``normalize``, ``format``, ``buffer_size``, and ``backend`` will be ignored. We recommend that you port your code to rely directly on TorchCodec's decoder instead: https://docs.pytorch.org/torchcodec/stable/generated/torchcodec.decoders.AudioDecoder.html#torchcodec.decoders.AudioDecoder.
  warnings.warn(
/data/breath12/anaconda3/envs/Dist1/lib/python3.9/site-packages/torchaudio/_backend/utils.py:213: UserWarning: In 2.9, this function's implementation will be changed to use torchaudio.load_with_torchcodec` under the hood. Some parameters like ``normalize``, ``format``, ``buffer_size``, and ``backend`` will be ignored. We recommend that you port your code to rely directly on TorchCodec's decoder instead: https://docs.pytorch.org/torchcodec/stable/generated/torchcodec.decoders.AudioDecoder.html#torchcodec.decoders.AudioDecoder.
  warnings.warn(
2025-11-19 03:30:04,895 DDP_Script [Rank 0] [INFO] val WER 1.000, CER 0.976, pseudo-acc 0.00%
2025-11-19 03:30:04,900 DDP_Script [Rank 0] [INFO] Saving checkpoint to ./checkpoints/job-2064572d9166/latest_checkpoint.pth ...
2025-11-19 03:30:06,471 DDP_Script [Rank 0] [INFO] Successfully reported epoch 7/20 (Acc: 0.00%) to global server.
2025-11-19 03:30:06,472 DDP_Script [Rank 0] [INFO] epoch 8 시작
2025-11-19 03:30:06,474 DDP_Script [Rank 0] [INFO] 모든 노드 중 max_steps = 128
2025-11-19 03:30:06,474 DDP_Script [Rank 0] [INFO] local_steps=128, global_steps=128
/data/breath12/anaconda3/envs/Dist1/lib/python3.9/site-packages/torchaudio/_backend/utils.py:213: UserWarning: In 2.9, this function's implementation will be changed to use torchaudio.load_with_torchcodec` under the hood. Some parameters like ``normalize``, ``format``, ``buffer_size``, and ``backend`` will be ignored. We recommend that you port your code to rely directly on TorchCodec's decoder instead: https://docs.pytorch.org/torchcodec/stable/generated/torchcodec.decoders.AudioDecoder.html#torchcodec.decoders.AudioDecoder.
  warnings.warn(
/data/breath12/anaconda3/envs/Dist1/lib/python3.9/site-packages/torchaudio/_backend/utils.py:213: UserWarning: In 2.9, this function's implementation will be changed to use torchaudio.load_with_torchcodec` under the hood. Some parameters like ``normalize``, ``format``, ``buffer_size``, and ``backend`` will be ignored. We recommend that you port your code to rely directly on TorchCodec's decoder instead: https://docs.pytorch.org/torchcodec/stable/generated/torchcodec.decoders.AudioDecoder.html#torchcodec.decoders.AudioDecoder.
  warnings.warn(
/data/breath12/anaconda3/envs/Dist1/lib/python3.9/site-packages/torchaudio/_backend/utils.py:213: UserWarning: In 2.9, this function's implementation will be changed to use torchaudio.load_with_torchcodec` under the hood. Some parameters like ``normalize``, ``format``, ``buffer_size``, and ``backend`` will be ignored. We recommend that you port your code to rely directly on TorchCodec's decoder instead: https://docs.pytorch.org/torchcodec/stable/generated/torchcodec.decoders.AudioDecoder.html#torchcodec.decoders.AudioDecoder.
  warnings.warn(
/data/breath12/anaconda3/envs/Dist1/lib/python3.9/site-packages/torchaudio/_backend/utils.py:213: UserWarning: In 2.9, this function's implementation will be changed to use torchaudio.load_with_torchcodec` under the hood. Some parameters like ``normalize``, ``format``, ``buffer_size``, and ``backend`` will be ignored. We recommend that you port your code to rely directly on TorchCodec's decoder instead: https://docs.pytorch.org/torchcodec/stable/generated/torchcodec.decoders.AudioDecoder.html#torchcodec.decoders.AudioDecoder.
  warnings.warn(
/data/breath12/anaconda3/envs/Dist1/lib/python3.9/site-packages/torchaudio/_backend/utils.py:213: UserWarning: In 2.9, this function's implementation will be changed to use torchaudio.load_with_torchcodec` under the hood. Some parameters like ``normalize``, ``format``, ``buffer_size``, and ``backend`` will be ignored. We recommend that you port your code to rely directly on TorchCodec's decoder instead: https://docs.pytorch.org/torchcodec/stable/generated/torchcodec.decoders.AudioDecoder.html#torchcodec.decoders.AudioDecoder.
  warnings.warn(
/data/breath12/anaconda3/envs/Dist1/lib/python3.9/site-packages/torchaudio/_backend/utils.py:213: UserWarning: In 2.9, this function's implementation will be changed to use torchaudio.load_with_torchcodec` under the hood. Some parameters like ``normalize``, ``format``, ``buffer_size``, and ``backend`` will be ignored. We recommend that you port your code to rely directly on TorchCodec's decoder instead: https://docs.pytorch.org/torchcodec/stable/generated/torchcodec.decoders.AudioDecoder.html#torchcodec.decoders.AudioDecoder.
  warnings.warn(
/data/breath12/anaconda3/envs/Dist1/lib/python3.9/site-packages/torchaudio/_backend/utils.py:213: UserWarning: In 2.9, this function's implementation will be changed to use torchaudio.load_with_torchcodec` under the hood. Some parameters like ``normalize``, ``format``, ``buffer_size``, and ``backend`` will be ignored. We recommend that you port your code to rely directly on TorchCodec's decoder instead: https://docs.pytorch.org/torchcodec/stable/generated/torchcodec.decoders.AudioDecoder.html#torchcodec.decoders.AudioDecoder.
  warnings.warn(
/data/breath12/anaconda3/envs/Dist1/lib/python3.9/site-packages/torchaudio/_backend/utils.py:213: UserWarning: In 2.9, this function's implementation will be changed to use torchaudio.load_with_torchcodec` under the hood. Some parameters like ``normalize``, ``format``, ``buffer_size``, and ``backend`` will be ignored. We recommend that you port your code to rely directly on TorchCodec's decoder instead: https://docs.pytorch.org/torchcodec/stable/generated/torchcodec.decoders.AudioDecoder.html#torchcodec.decoders.AudioDecoder.
  warnings.warn(
2025-11-19 03:30:18,982 DDP_Script [Rank 0] [INFO] val WER 1.000, CER 0.977, pseudo-acc 0.00%
2025-11-19 03:30:18,984 DDP_Script [Rank 0] [INFO] Saving checkpoint to ./checkpoints/job-2064572d9166/latest_checkpoint.pth ...
2025-11-19 03:30:20,081 DDP_Script [Rank 0] [INFO] Successfully reported epoch 8/20 (Acc: 0.00%) to global server.
2025-11-19 03:30:20,082 DDP_Script [Rank 0] [INFO] epoch 9 시작
2025-11-19 03:30:20,084 DDP_Script [Rank 0] [INFO] 모든 노드 중 max_steps = 128
2025-11-19 03:30:20,084 DDP_Script [Rank 0] [INFO] local_steps=128, global_steps=128
/data/breath12/anaconda3/envs/Dist1/lib/python3.9/site-packages/torchaudio/_backend/utils.py:213: UserWarning: In 2.9, this function's implementation will be changed to use torchaudio.load_with_torchcodec` under the hood. Some parameters like ``normalize``, ``format``, ``buffer_size``, and ``backend`` will be ignored. We recommend that you port your code to rely directly on TorchCodec's decoder instead: https://docs.pytorch.org/torchcodec/stable/generated/torchcodec.decoders.AudioDecoder.html#torchcodec.decoders.AudioDecoder.
  warnings.warn(
/data/breath12/anaconda3/envs/Dist1/lib/python3.9/site-packages/torchaudio/_backend/utils.py:213: UserWarning: In 2.9, this function's implementation will be changed to use torchaudio.load_with_torchcodec` under the hood. Some parameters like ``normalize``, ``format``, ``buffer_size``, and ``backend`` will be ignored. We recommend that you port your code to rely directly on TorchCodec's decoder instead: https://docs.pytorch.org/torchcodec/stable/generated/torchcodec.decoders.AudioDecoder.html#torchcodec.decoders.AudioDecoder.
  warnings.warn(
/data/breath12/anaconda3/envs/Dist1/lib/python3.9/site-packages/torchaudio/_backend/utils.py:213: UserWarning: In 2.9, this function's implementation will be changed to use torchaudio.load_with_torchcodec` under the hood. Some parameters like ``normalize``, ``format``, ``buffer_size``, and ``backend`` will be ignored. We recommend that you port your code to rely directly on TorchCodec's decoder instead: https://docs.pytorch.org/torchcodec/stable/generated/torchcodec.decoders.AudioDecoder.html#torchcodec.decoders.AudioDecoder.
  warnings.warn(
/data/breath12/anaconda3/envs/Dist1/lib/python3.9/site-packages/torchaudio/_backend/utils.py:213: UserWarning: In 2.9, this function's implementation will be changed to use torchaudio.load_with_torchcodec` under the hood. Some parameters like ``normalize``, ``format``, ``buffer_size``, and ``backend`` will be ignored. We recommend that you port your code to rely directly on TorchCodec's decoder instead: https://docs.pytorch.org/torchcodec/stable/generated/torchcodec.decoders.AudioDecoder.html#torchcodec.decoders.AudioDecoder.
  warnings.warn(
/data/breath12/anaconda3/envs/Dist1/lib/python3.9/site-packages/torchaudio/_backend/utils.py:213: UserWarning: In 2.9, this function's implementation will be changed to use torchaudio.load_with_torchcodec` under the hood. Some parameters like ``normalize``, ``format``, ``buffer_size``, and ``backend`` will be ignored. We recommend that you port your code to rely directly on TorchCodec's decoder instead: https://docs.pytorch.org/torchcodec/stable/generated/torchcodec.decoders.AudioDecoder.html#torchcodec.decoders.AudioDecoder.
  warnings.warn(
/data/breath12/anaconda3/envs/Dist1/lib/python3.9/site-packages/torchaudio/_backend/utils.py:213: UserWarning: In 2.9, this function's implementation will be changed to use torchaudio.load_with_torchcodec` under the hood. Some parameters like ``normalize``, ``format``, ``buffer_size``, and ``backend`` will be ignored. We recommend that you port your code to rely directly on TorchCodec's decoder instead: https://docs.pytorch.org/torchcodec/stable/generated/torchcodec.decoders.AudioDecoder.html#torchcodec.decoders.AudioDecoder.
  warnings.warn(
/data/breath12/anaconda3/envs/Dist1/lib/python3.9/site-packages/torchaudio/_backend/utils.py:213: UserWarning: In 2.9, this function's implementation will be changed to use torchaudio.load_with_torchcodec` under the hood. Some parameters like ``normalize``, ``format``, ``buffer_size``, and ``backend`` will be ignored. We recommend that you port your code to rely directly on TorchCodec's decoder instead: https://docs.pytorch.org/torchcodec/stable/generated/torchcodec.decoders.AudioDecoder.html#torchcodec.decoders.AudioDecoder.
  warnings.warn(
/data/breath12/anaconda3/envs/Dist1/lib/python3.9/site-packages/torchaudio/_backend/utils.py:213: UserWarning: In 2.9, this function's implementation will be changed to use torchaudio.load_with_torchcodec` under the hood. Some parameters like ``normalize``, ``format``, ``buffer_size``, and ``backend`` will be ignored. We recommend that you port your code to rely directly on TorchCodec's decoder instead: https://docs.pytorch.org/torchcodec/stable/generated/torchcodec.decoders.AudioDecoder.html#torchcodec.decoders.AudioDecoder.
  warnings.warn(
2025-11-19 03:30:32,808 DDP_Script [Rank 0] [INFO] val WER 1.000, CER 0.977, pseudo-acc 0.00%
2025-11-19 03:30:32,832 DDP_Script [Rank 0] [INFO] Saving checkpoint to ./checkpoints/job-2064572d9166/latest_checkpoint.pth ...
2025-11-19 03:30:33,989 DDP_Script [Rank 0] [INFO] Successfully reported epoch 9/20 (Acc: 0.00%) to global server.
2025-11-19 03:30:33,991 DDP_Script [Rank 0] [INFO] epoch 10 시작
2025-11-19 03:30:33,992 DDP_Script [Rank 0] [INFO] 모든 노드 중 max_steps = 128
2025-11-19 03:30:33,992 DDP_Script [Rank 0] [INFO] local_steps=128, global_steps=128
/data/breath12/anaconda3/envs/Dist1/lib/python3.9/site-packages/torchaudio/_backend/utils.py:213: UserWarning: In 2.9, this function's implementation will be changed to use torchaudio.load_with_torchcodec` under the hood. Some parameters like ``normalize``, ``format``, ``buffer_size``, and ``backend`` will be ignored. We recommend that you port your code to rely directly on TorchCodec's decoder instead: https://docs.pytorch.org/torchcodec/stable/generated/torchcodec.decoders.AudioDecoder.html#torchcodec.decoders.AudioDecoder.
  warnings.warn(
/data/breath12/anaconda3/envs/Dist1/lib/python3.9/site-packages/torchaudio/_backend/utils.py:213: UserWarning: In 2.9, this function's implementation will be changed to use torchaudio.load_with_torchcodec` under the hood. Some parameters like ``normalize``, ``format``, ``buffer_size``, and ``backend`` will be ignored. We recommend that you port your code to rely directly on TorchCodec's decoder instead: https://docs.pytorch.org/torchcodec/stable/generated/torchcodec.decoders.AudioDecoder.html#torchcodec.decoders.AudioDecoder.
  warnings.warn(
/data/breath12/anaconda3/envs/Dist1/lib/python3.9/site-packages/torchaudio/_backend/utils.py:213: UserWarning: In 2.9, this function's implementation will be changed to use torchaudio.load_with_torchcodec` under the hood. Some parameters like ``normalize``, ``format``, ``buffer_size``, and ``backend`` will be ignored. We recommend that you port your code to rely directly on TorchCodec's decoder instead: https://docs.pytorch.org/torchcodec/stable/generated/torchcodec.decoders.AudioDecoder.html#torchcodec.decoders.AudioDecoder.
  warnings.warn(
/data/breath12/anaconda3/envs/Dist1/lib/python3.9/site-packages/torchaudio/_backend/utils.py:213: UserWarning: In 2.9, this function's implementation will be changed to use torchaudio.load_with_torchcodec` under the hood. Some parameters like ``normalize``, ``format``, ``buffer_size``, and ``backend`` will be ignored. We recommend that you port your code to rely directly on TorchCodec's decoder instead: https://docs.pytorch.org/torchcodec/stable/generated/torchcodec.decoders.AudioDecoder.html#torchcodec.decoders.AudioDecoder.
  warnings.warn(
/data/breath12/anaconda3/envs/Dist1/lib/python3.9/site-packages/torchaudio/_backend/utils.py:213: UserWarning: In 2.9, this function's implementation will be changed to use torchaudio.load_with_torchcodec` under the hood. Some parameters like ``normalize``, ``format``, ``buffer_size``, and ``backend`` will be ignored. We recommend that you port your code to rely directly on TorchCodec's decoder instead: https://docs.pytorch.org/torchcodec/stable/generated/torchcodec.decoders.AudioDecoder.html#torchcodec.decoders.AudioDecoder.
  warnings.warn(
/data/breath12/anaconda3/envs/Dist1/lib/python3.9/site-packages/torchaudio/_backend/utils.py:213: UserWarning: In 2.9, this function's implementation will be changed to use torchaudio.load_with_torchcodec` under the hood. Some parameters like ``normalize``, ``format``, ``buffer_size``, and ``backend`` will be ignored. We recommend that you port your code to rely directly on TorchCodec's decoder instead: https://docs.pytorch.org/torchcodec/stable/generated/torchcodec.decoders.AudioDecoder.html#torchcodec.decoders.AudioDecoder.
  warnings.warn(
/data/breath12/anaconda3/envs/Dist1/lib/python3.9/site-packages/torchaudio/_backend/utils.py:213: UserWarning: In 2.9, this function's implementation will be changed to use torchaudio.load_with_torchcodec` under the hood. Some parameters like ``normalize``, ``format``, ``buffer_size``, and ``backend`` will be ignored. We recommend that you port your code to rely directly on TorchCodec's decoder instead: https://docs.pytorch.org/torchcodec/stable/generated/torchcodec.decoders.AudioDecoder.html#torchcodec.decoders.AudioDecoder.
  warnings.warn(
/data/breath12/anaconda3/envs/Dist1/lib/python3.9/site-packages/torchaudio/_backend/utils.py:213: UserWarning: In 2.9, this function's implementation will be changed to use torchaudio.load_with_torchcodec` under the hood. Some parameters like ``normalize``, ``format``, ``buffer_size``, and ``backend`` will be ignored. We recommend that you port your code to rely directly on TorchCodec's decoder instead: https://docs.pytorch.org/torchcodec/stable/generated/torchcodec.decoders.AudioDecoder.html#torchcodec.decoders.AudioDecoder.
  warnings.warn(
2025-11-19 03:30:46,353 DDP_Script [Rank 0] [INFO] val WER 1.296, CER 0.753, pseudo-acc 0.00%
2025-11-19 03:30:46,377 DDP_Script [Rank 0] [INFO] Saving checkpoint to ./checkpoints/job-2064572d9166/latest_checkpoint.pth ...
2025-11-19 03:30:47,620 DDP_Script [Rank 0] [INFO] Successfully reported epoch 10/20 (Acc: 0.00%) to global server.
2025-11-19 03:30:47,622 DDP_Script [Rank 0] [INFO] epoch 11 시작
2025-11-19 03:30:47,623 DDP_Script [Rank 0] [INFO] 모든 노드 중 max_steps = 128
2025-11-19 03:30:47,623 DDP_Script [Rank 0] [INFO] local_steps=128, global_steps=128
/data/breath12/anaconda3/envs/Dist1/lib/python3.9/site-packages/torchaudio/_backend/utils.py:213: UserWarning: In 2.9, this function's implementation will be changed to use torchaudio.load_with_torchcodec` under the hood. Some parameters like ``normalize``, ``format``, ``buffer_size``, and ``backend`` will be ignored. We recommend that you port your code to rely directly on TorchCodec's decoder instead: https://docs.pytorch.org/torchcodec/stable/generated/torchcodec.decoders.AudioDecoder.html#torchcodec.decoders.AudioDecoder.
  warnings.warn(
/data/breath12/anaconda3/envs/Dist1/lib/python3.9/site-packages/torchaudio/_backend/utils.py:213: UserWarning: In 2.9, this function's implementation will be changed to use torchaudio.load_with_torchcodec` under the hood. Some parameters like ``normalize``, ``format``, ``buffer_size``, and ``backend`` will be ignored. We recommend that you port your code to rely directly on TorchCodec's decoder instead: https://docs.pytorch.org/torchcodec/stable/generated/torchcodec.decoders.AudioDecoder.html#torchcodec.decoders.AudioDecoder.
  warnings.warn(
/data/breath12/anaconda3/envs/Dist1/lib/python3.9/site-packages/torchaudio/_backend/utils.py:213: UserWarning: In 2.9, this function's implementation will be changed to use torchaudio.load_with_torchcodec` under the hood. Some parameters like ``normalize``, ``format``, ``buffer_size``, and ``backend`` will be ignored. We recommend that you port your code to rely directly on TorchCodec's decoder instead: https://docs.pytorch.org/torchcodec/stable/generated/torchcodec.decoders.AudioDecoder.html#torchcodec.decoders.AudioDecoder.
  warnings.warn(
/data/breath12/anaconda3/envs/Dist1/lib/python3.9/site-packages/torchaudio/_backend/utils.py:213: UserWarning: In 2.9, this function's implementation will be changed to use torchaudio.load_with_torchcodec` under the hood. Some parameters like ``normalize``, ``format``, ``buffer_size``, and ``backend`` will be ignored. We recommend that you port your code to rely directly on TorchCodec's decoder instead: https://docs.pytorch.org/torchcodec/stable/generated/torchcodec.decoders.AudioDecoder.html#torchcodec.decoders.AudioDecoder.
  warnings.warn(
/data/breath12/anaconda3/envs/Dist1/lib/python3.9/site-packages/torchaudio/_backend/utils.py:213: UserWarning: In 2.9, this function's implementation will be changed to use torchaudio.load_with_torchcodec` under the hood. Some parameters like ``normalize``, ``format``, ``buffer_size``, and ``backend`` will be ignored. We recommend that you port your code to rely directly on TorchCodec's decoder instead: https://docs.pytorch.org/torchcodec/stable/generated/torchcodec.decoders.AudioDecoder.html#torchcodec.decoders.AudioDecoder.
  warnings.warn(
/data/breath12/anaconda3/envs/Dist1/lib/python3.9/site-packages/torchaudio/_backend/utils.py:213: UserWarning: In 2.9, this function's implementation will be changed to use torchaudio.load_with_torchcodec` under the hood. Some parameters like ``normalize``, ``format``, ``buffer_size``, and ``backend`` will be ignored. We recommend that you port your code to rely directly on TorchCodec's decoder instead: https://docs.pytorch.org/torchcodec/stable/generated/torchcodec.decoders.AudioDecoder.html#torchcodec.decoders.AudioDecoder.
  warnings.warn(
/data/breath12/anaconda3/envs/Dist1/lib/python3.9/site-packages/torchaudio/_backend/utils.py:213: UserWarning: In 2.9, this function's implementation will be changed to use torchaudio.load_with_torchcodec` under the hood. Some parameters like ``normalize``, ``format``, ``buffer_size``, and ``backend`` will be ignored. We recommend that you port your code to rely directly on TorchCodec's decoder instead: https://docs.pytorch.org/torchcodec/stable/generated/torchcodec.decoders.AudioDecoder.html#torchcodec.decoders.AudioDecoder.
  warnings.warn(
/data/breath12/anaconda3/envs/Dist1/lib/python3.9/site-packages/torchaudio/_backend/utils.py:213: UserWarning: In 2.9, this function's implementation will be changed to use torchaudio.load_with_torchcodec` under the hood. Some parameters like ``normalize``, ``format``, ``buffer_size``, and ``backend`` will be ignored. We recommend that you port your code to rely directly on TorchCodec's decoder instead: https://docs.pytorch.org/torchcodec/stable/generated/torchcodec.decoders.AudioDecoder.html#torchcodec.decoders.AudioDecoder.
  warnings.warn(
2025-11-19 03:31:00,330 DDP_Script [Rank 0] [INFO] val WER 1.266, CER 0.732, pseudo-acc 0.00%
2025-11-19 03:31:00,348 DDP_Script [Rank 0] [INFO] Saving checkpoint to ./checkpoints/job-2064572d9166/latest_checkpoint.pth ...
2025-11-19 03:31:01,277 DDP_Script [Rank 0] [INFO] Successfully reported epoch 11/20 (Acc: 0.00%) to global server.
2025-11-19 03:31:01,279 DDP_Script [Rank 0] [INFO] epoch 12 시작
2025-11-19 03:31:01,280 DDP_Script [Rank 0] [INFO] 모든 노드 중 max_steps = 128
2025-11-19 03:31:01,280 DDP_Script [Rank 0] [INFO] local_steps=128, global_steps=128
/data/breath12/anaconda3/envs/Dist1/lib/python3.9/site-packages/torchaudio/_backend/utils.py:213: UserWarning: In 2.9, this function's implementation will be changed to use torchaudio.load_with_torchcodec` under the hood. Some parameters like ``normalize``, ``format``, ``buffer_size``, and ``backend`` will be ignored. We recommend that you port your code to rely directly on TorchCodec's decoder instead: https://docs.pytorch.org/torchcodec/stable/generated/torchcodec.decoders.AudioDecoder.html#torchcodec.decoders.AudioDecoder.
  warnings.warn(
/data/breath12/anaconda3/envs/Dist1/lib/python3.9/site-packages/torchaudio/_backend/utils.py:213: UserWarning: In 2.9, this function's implementation will be changed to use torchaudio.load_with_torchcodec` under the hood. Some parameters like ``normalize``, ``format``, ``buffer_size``, and ``backend`` will be ignored. We recommend that you port your code to rely directly on TorchCodec's decoder instead: https://docs.pytorch.org/torchcodec/stable/generated/torchcodec.decoders.AudioDecoder.html#torchcodec.decoders.AudioDecoder.
  warnings.warn(
/data/breath12/anaconda3/envs/Dist1/lib/python3.9/site-packages/torchaudio/_backend/utils.py:213: UserWarning: In 2.9, this function's implementation will be changed to use torchaudio.load_with_torchcodec` under the hood. Some parameters like ``normalize``, ``format``, ``buffer_size``, and ``backend`` will be ignored. We recommend that you port your code to rely directly on TorchCodec's decoder instead: https://docs.pytorch.org/torchcodec/stable/generated/torchcodec.decoders.AudioDecoder.html#torchcodec.decoders.AudioDecoder.
  warnings.warn(
/data/breath12/anaconda3/envs/Dist1/lib/python3.9/site-packages/torchaudio/_backend/utils.py:213: UserWarning: In 2.9, this function's implementation will be changed to use torchaudio.load_with_torchcodec` under the hood. Some parameters like ``normalize``, ``format``, ``buffer_size``, and ``backend`` will be ignored. We recommend that you port your code to rely directly on TorchCodec's decoder instead: https://docs.pytorch.org/torchcodec/stable/generated/torchcodec.decoders.AudioDecoder.html#torchcodec.decoders.AudioDecoder.
  warnings.warn(
/data/breath12/anaconda3/envs/Dist1/lib/python3.9/site-packages/torchaudio/_backend/utils.py:213: UserWarning: In 2.9, this function's implementation will be changed to use torchaudio.load_with_torchcodec` under the hood. Some parameters like ``normalize``, ``format``, ``buffer_size``, and ``backend`` will be ignored. We recommend that you port your code to rely directly on TorchCodec's decoder instead: https://docs.pytorch.org/torchcodec/stable/generated/torchcodec.decoders.AudioDecoder.html#torchcodec.decoders.AudioDecoder.
  warnings.warn(
/data/breath12/anaconda3/envs/Dist1/lib/python3.9/site-packages/torchaudio/_backend/utils.py:213: UserWarning: In 2.9, this function's implementation will be changed to use torchaudio.load_with_torchcodec` under the hood. Some parameters like ``normalize``, ``format``, ``buffer_size``, and ``backend`` will be ignored. We recommend that you port your code to rely directly on TorchCodec's decoder instead: https://docs.pytorch.org/torchcodec/stable/generated/torchcodec.decoders.AudioDecoder.html#torchcodec.decoders.AudioDecoder.
  warnings.warn(
/data/breath12/anaconda3/envs/Dist1/lib/python3.9/site-packages/torchaudio/_backend/utils.py:213: UserWarning: In 2.9, this function's implementation will be changed to use torchaudio.load_with_torchcodec` under the hood. Some parameters like ``normalize``, ``format``, ``buffer_size``, and ``backend`` will be ignored. We recommend that you port your code to rely directly on TorchCodec's decoder instead: https://docs.pytorch.org/torchcodec/stable/generated/torchcodec.decoders.AudioDecoder.html#torchcodec.decoders.AudioDecoder.
  warnings.warn(
/data/breath12/anaconda3/envs/Dist1/lib/python3.9/site-packages/torchaudio/_backend/utils.py:213: UserWarning: In 2.9, this function's implementation will be changed to use torchaudio.load_with_torchcodec` under the hood. Some parameters like ``normalize``, ``format``, ``buffer_size``, and ``backend`` will be ignored. We recommend that you port your code to rely directly on TorchCodec's decoder instead: https://docs.pytorch.org/torchcodec/stable/generated/torchcodec.decoders.AudioDecoder.html#torchcodec.decoders.AudioDecoder.
  warnings.warn(
2025-11-19 03:31:13,632 DDP_Script [Rank 0] [INFO] val WER 1.294, CER 0.754, pseudo-acc 0.00%
2025-11-19 03:31:13,634 DDP_Script [Rank 0] [INFO] Saving checkpoint to ./checkpoints/job-2064572d9166/latest_checkpoint.pth ...
2025-11-19 03:31:14,759 DDP_Script [Rank 0] [INFO] Successfully reported epoch 12/20 (Acc: 0.00%) to global server.
2025-11-19 03:31:14,760 DDP_Script [Rank 0] [INFO] epoch 13 시작
2025-11-19 03:31:14,761 DDP_Script [Rank 0] [INFO] 모든 노드 중 max_steps = 128
2025-11-19 03:31:14,761 DDP_Script [Rank 0] [INFO] local_steps=128, global_steps=128
/data/breath12/anaconda3/envs/Dist1/lib/python3.9/site-packages/torchaudio/_backend/utils.py:213: UserWarning: In 2.9, this function's implementation will be changed to use torchaudio.load_with_torchcodec` under the hood. Some parameters like ``normalize``, ``format``, ``buffer_size``, and ``backend`` will be ignored. We recommend that you port your code to rely directly on TorchCodec's decoder instead: https://docs.pytorch.org/torchcodec/stable/generated/torchcodec.decoders.AudioDecoder.html#torchcodec.decoders.AudioDecoder.
  warnings.warn(
/data/breath12/anaconda3/envs/Dist1/lib/python3.9/site-packages/torchaudio/_backend/utils.py:213: UserWarning: In 2.9, this function's implementation will be changed to use torchaudio.load_with_torchcodec` under the hood. Some parameters like ``normalize``, ``format``, ``buffer_size``, and ``backend`` will be ignored. We recommend that you port your code to rely directly on TorchCodec's decoder instead: https://docs.pytorch.org/torchcodec/stable/generated/torchcodec.decoders.AudioDecoder.html#torchcodec.decoders.AudioDecoder.
  warnings.warn(
/data/breath12/anaconda3/envs/Dist1/lib/python3.9/site-packages/torchaudio/_backend/utils.py:213: UserWarning: In 2.9, this function's implementation will be changed to use torchaudio.load_with_torchcodec` under the hood. Some parameters like ``normalize``, ``format``, ``buffer_size``, and ``backend`` will be ignored. We recommend that you port your code to rely directly on TorchCodec's decoder instead: https://docs.pytorch.org/torchcodec/stable/generated/torchcodec.decoders.AudioDecoder.html#torchcodec.decoders.AudioDecoder.
  warnings.warn(
/data/breath12/anaconda3/envs/Dist1/lib/python3.9/site-packages/torchaudio/_backend/utils.py:213: UserWarning: In 2.9, this function's implementation will be changed to use torchaudio.load_with_torchcodec` under the hood. Some parameters like ``normalize``, ``format``, ``buffer_size``, and ``backend`` will be ignored. We recommend that you port your code to rely directly on TorchCodec's decoder instead: https://docs.pytorch.org/torchcodec/stable/generated/torchcodec.decoders.AudioDecoder.html#torchcodec.decoders.AudioDecoder.
  warnings.warn(
/data/breath12/anaconda3/envs/Dist1/lib/python3.9/site-packages/torchaudio/_backend/utils.py:213: UserWarning: In 2.9, this function's implementation will be changed to use torchaudio.load_with_torchcodec` under the hood. Some parameters like ``normalize``, ``format``, ``buffer_size``, and ``backend`` will be ignored. We recommend that you port your code to rely directly on TorchCodec's decoder instead: https://docs.pytorch.org/torchcodec/stable/generated/torchcodec.decoders.AudioDecoder.html#torchcodec.decoders.AudioDecoder.
  warnings.warn(
/data/breath12/anaconda3/envs/Dist1/lib/python3.9/site-packages/torchaudio/_backend/utils.py:213: UserWarning: In 2.9, this function's implementation will be changed to use torchaudio.load_with_torchcodec` under the hood. Some parameters like ``normalize``, ``format``, ``buffer_size``, and ``backend`` will be ignored. We recommend that you port your code to rely directly on TorchCodec's decoder instead: https://docs.pytorch.org/torchcodec/stable/generated/torchcodec.decoders.AudioDecoder.html#torchcodec.decoders.AudioDecoder.
  warnings.warn(
/data/breath12/anaconda3/envs/Dist1/lib/python3.9/site-packages/torchaudio/_backend/utils.py:213: UserWarning: In 2.9, this function's implementation will be changed to use torchaudio.load_with_torchcodec` under the hood. Some parameters like ``normalize``, ``format``, ``buffer_size``, and ``backend`` will be ignored. We recommend that you port your code to rely directly on TorchCodec's decoder instead: https://docs.pytorch.org/torchcodec/stable/generated/torchcodec.decoders.AudioDecoder.html#torchcodec.decoders.AudioDecoder.
  warnings.warn(
/data/breath12/anaconda3/envs/Dist1/lib/python3.9/site-packages/torchaudio/_backend/utils.py:213: UserWarning: In 2.9, this function's implementation will be changed to use torchaudio.load_with_torchcodec` under the hood. Some parameters like ``normalize``, ``format``, ``buffer_size``, and ``backend`` will be ignored. We recommend that you port your code to rely directly on TorchCodec's decoder instead: https://docs.pytorch.org/torchcodec/stable/generated/torchcodec.decoders.AudioDecoder.html#torchcodec.decoders.AudioDecoder.
  warnings.warn(
2025-11-19 03:31:28,039 DDP_Script [Rank 0] [INFO] val WER 1.285, CER 0.758, pseudo-acc 0.00%
2025-11-19 03:31:28,070 DDP_Script [Rank 0] [INFO] Saving checkpoint to ./checkpoints/job-2064572d9166/latest_checkpoint.pth ...
2025-11-19 03:31:29,653 DDP_Script [Rank 0] [INFO] Successfully reported epoch 13/20 (Acc: 0.00%) to global server.
2025-11-19 03:31:29,654 DDP_Script [Rank 0] [INFO] epoch 14 시작
2025-11-19 03:31:29,655 DDP_Script [Rank 0] [INFO] 모든 노드 중 max_steps = 128
2025-11-19 03:31:29,655 DDP_Script [Rank 0] [INFO] local_steps=128, global_steps=128
/data/breath12/anaconda3/envs/Dist1/lib/python3.9/site-packages/torchaudio/_backend/utils.py:213: UserWarning: In 2.9, this function's implementation will be changed to use torchaudio.load_with_torchcodec` under the hood. Some parameters like ``normalize``, ``format``, ``buffer_size``, and ``backend`` will be ignored. We recommend that you port your code to rely directly on TorchCodec's decoder instead: https://docs.pytorch.org/torchcodec/stable/generated/torchcodec.decoders.AudioDecoder.html#torchcodec.decoders.AudioDecoder.
  warnings.warn(
/data/breath12/anaconda3/envs/Dist1/lib/python3.9/site-packages/torchaudio/_backend/utils.py:213: UserWarning: In 2.9, this function's implementation will be changed to use torchaudio.load_with_torchcodec` under the hood. Some parameters like ``normalize``, ``format``, ``buffer_size``, and ``backend`` will be ignored. We recommend that you port your code to rely directly on TorchCodec's decoder instead: https://docs.pytorch.org/torchcodec/stable/generated/torchcodec.decoders.AudioDecoder.html#torchcodec.decoders.AudioDecoder.
  warnings.warn(
/data/breath12/anaconda3/envs/Dist1/lib/python3.9/site-packages/torchaudio/_backend/utils.py:213: UserWarning: In 2.9, this function's implementation will be changed to use torchaudio.load_with_torchcodec` under the hood. Some parameters like ``normalize``, ``format``, ``buffer_size``, and ``backend`` will be ignored. We recommend that you port your code to rely directly on TorchCodec's decoder instead: https://docs.pytorch.org/torchcodec/stable/generated/torchcodec.decoders.AudioDecoder.html#torchcodec.decoders.AudioDecoder.
  warnings.warn(
/data/breath12/anaconda3/envs/Dist1/lib/python3.9/site-packages/torchaudio/_backend/utils.py:213: UserWarning: In 2.9, this function's implementation will be changed to use torchaudio.load_with_torchcodec` under the hood. Some parameters like ``normalize``, ``format``, ``buffer_size``, and ``backend`` will be ignored. We recommend that you port your code to rely directly on TorchCodec's decoder instead: https://docs.pytorch.org/torchcodec/stable/generated/torchcodec.decoders.AudioDecoder.html#torchcodec.decoders.AudioDecoder.
  warnings.warn(
/data/breath12/anaconda3/envs/Dist1/lib/python3.9/site-packages/torchaudio/_backend/utils.py:213: UserWarning: In 2.9, this function's implementation will be changed to use torchaudio.load_with_torchcodec` under the hood. Some parameters like ``normalize``, ``format``, ``buffer_size``, and ``backend`` will be ignored. We recommend that you port your code to rely directly on TorchCodec's decoder instead: https://docs.pytorch.org/torchcodec/stable/generated/torchcodec.decoders.AudioDecoder.html#torchcodec.decoders.AudioDecoder.
  warnings.warn(
/data/breath12/anaconda3/envs/Dist1/lib/python3.9/site-packages/torchaudio/_backend/utils.py:213: UserWarning: In 2.9, this function's implementation will be changed to use torchaudio.load_with_torchcodec` under the hood. Some parameters like ``normalize``, ``format``, ``buffer_size``, and ``backend`` will be ignored. We recommend that you port your code to rely directly on TorchCodec's decoder instead: https://docs.pytorch.org/torchcodec/stable/generated/torchcodec.decoders.AudioDecoder.html#torchcodec.decoders.AudioDecoder.
  warnings.warn(
/data/breath12/anaconda3/envs/Dist1/lib/python3.9/site-packages/torchaudio/_backend/utils.py:213: UserWarning: In 2.9, this function's implementation will be changed to use torchaudio.load_with_torchcodec` under the hood. Some parameters like ``normalize``, ``format``, ``buffer_size``, and ``backend`` will be ignored. We recommend that you port your code to rely directly on TorchCodec's decoder instead: https://docs.pytorch.org/torchcodec/stable/generated/torchcodec.decoders.AudioDecoder.html#torchcodec.decoders.AudioDecoder.
  warnings.warn(
/data/breath12/anaconda3/envs/Dist1/lib/python3.9/site-packages/torchaudio/_backend/utils.py:213: UserWarning: In 2.9, this function's implementation will be changed to use torchaudio.load_with_torchcodec` under the hood. Some parameters like ``normalize``, ``format``, ``buffer_size``, and ``backend`` will be ignored. We recommend that you port your code to rely directly on TorchCodec's decoder instead: https://docs.pytorch.org/torchcodec/stable/generated/torchcodec.decoders.AudioDecoder.html#torchcodec.decoders.AudioDecoder.
  warnings.warn(
2025-11-19 03:31:41,908 DDP_Script [Rank 0] [INFO] val WER 1.302, CER 0.772, pseudo-acc 0.00%
2025-11-19 03:31:41,931 DDP_Script [Rank 0] [INFO] Saving checkpoint to ./checkpoints/job-2064572d9166/latest_checkpoint.pth ...
2025-11-19 03:31:43,054 DDP_Script [Rank 0] [INFO] Successfully reported epoch 14/20 (Acc: 0.00%) to global server.
2025-11-19 03:31:43,056 DDP_Script [Rank 0] [INFO] epoch 15 시작
2025-11-19 03:31:43,058 DDP_Script [Rank 0] [INFO] 모든 노드 중 max_steps = 128
2025-11-19 03:31:43,058 DDP_Script [Rank 0] [INFO] local_steps=128, global_steps=128
/data/breath12/anaconda3/envs/Dist1/lib/python3.9/site-packages/torchaudio/_backend/utils.py:213: UserWarning: In 2.9, this function's implementation will be changed to use torchaudio.load_with_torchcodec` under the hood. Some parameters like ``normalize``, ``format``, ``buffer_size``, and ``backend`` will be ignored. We recommend that you port your code to rely directly on TorchCodec's decoder instead: https://docs.pytorch.org/torchcodec/stable/generated/torchcodec.decoders.AudioDecoder.html#torchcodec.decoders.AudioDecoder.
  warnings.warn(
/data/breath12/anaconda3/envs/Dist1/lib/python3.9/site-packages/torchaudio/_backend/utils.py:213: UserWarning: In 2.9, this function's implementation will be changed to use torchaudio.load_with_torchcodec` under the hood. Some parameters like ``normalize``, ``format``, ``buffer_size``, and ``backend`` will be ignored. We recommend that you port your code to rely directly on TorchCodec's decoder instead: https://docs.pytorch.org/torchcodec/stable/generated/torchcodec.decoders.AudioDecoder.html#torchcodec.decoders.AudioDecoder.
  warnings.warn(
/data/breath12/anaconda3/envs/Dist1/lib/python3.9/site-packages/torchaudio/_backend/utils.py:213: UserWarning: In 2.9, this function's implementation will be changed to use torchaudio.load_with_torchcodec` under the hood. Some parameters like ``normalize``, ``format``, ``buffer_size``, and ``backend`` will be ignored. We recommend that you port your code to rely directly on TorchCodec's decoder instead: https://docs.pytorch.org/torchcodec/stable/generated/torchcodec.decoders.AudioDecoder.html#torchcodec.decoders.AudioDecoder.
  warnings.warn(
/data/breath12/anaconda3/envs/Dist1/lib/python3.9/site-packages/torchaudio/_backend/utils.py:213: UserWarning: In 2.9, this function's implementation will be changed to use torchaudio.load_with_torchcodec` under the hood. Some parameters like ``normalize``, ``format``, ``buffer_size``, and ``backend`` will be ignored. We recommend that you port your code to rely directly on TorchCodec's decoder instead: https://docs.pytorch.org/torchcodec/stable/generated/torchcodec.decoders.AudioDecoder.html#torchcodec.decoders.AudioDecoder.
  warnings.warn(
/data/breath12/anaconda3/envs/Dist1/lib/python3.9/site-packages/torchaudio/_backend/utils.py:213: UserWarning: In 2.9, this function's implementation will be changed to use torchaudio.load_with_torchcodec` under the hood. Some parameters like ``normalize``, ``format``, ``buffer_size``, and ``backend`` will be ignored. We recommend that you port your code to rely directly on TorchCodec's decoder instead: https://docs.pytorch.org/torchcodec/stable/generated/torchcodec.decoders.AudioDecoder.html#torchcodec.decoders.AudioDecoder.
  warnings.warn(
/data/breath12/anaconda3/envs/Dist1/lib/python3.9/site-packages/torchaudio/_backend/utils.py:213: UserWarning: In 2.9, this function's implementation will be changed to use torchaudio.load_with_torchcodec` under the hood. Some parameters like ``normalize``, ``format``, ``buffer_size``, and ``backend`` will be ignored. We recommend that you port your code to rely directly on TorchCodec's decoder instead: https://docs.pytorch.org/torchcodec/stable/generated/torchcodec.decoders.AudioDecoder.html#torchcodec.decoders.AudioDecoder.
  warnings.warn(
/data/breath12/anaconda3/envs/Dist1/lib/python3.9/site-packages/torchaudio/_backend/utils.py:213: UserWarning: In 2.9, this function's implementation will be changed to use torchaudio.load_with_torchcodec` under the hood. Some parameters like ``normalize``, ``format``, ``buffer_size``, and ``backend`` will be ignored. We recommend that you port your code to rely directly on TorchCodec's decoder instead: https://docs.pytorch.org/torchcodec/stable/generated/torchcodec.decoders.AudioDecoder.html#torchcodec.decoders.AudioDecoder.
  warnings.warn(
/data/breath12/anaconda3/envs/Dist1/lib/python3.9/site-packages/torchaudio/_backend/utils.py:213: UserWarning: In 2.9, this function's implementation will be changed to use torchaudio.load_with_torchcodec` under the hood. Some parameters like ``normalize``, ``format``, ``buffer_size``, and ``backend`` will be ignored. We recommend that you port your code to rely directly on TorchCodec's decoder instead: https://docs.pytorch.org/torchcodec/stable/generated/torchcodec.decoders.AudioDecoder.html#torchcodec.decoders.AudioDecoder.
  warnings.warn(
2025-11-19 03:31:55,774 DDP_Script [Rank 0] [INFO] val WER 1.270, CER 0.752, pseudo-acc 0.00%
2025-11-19 03:31:55,797 DDP_Script [Rank 0] [INFO] Saving checkpoint to ./checkpoints/job-2064572d9166/latest_checkpoint.pth ...
2025-11-19 03:31:56,931 DDP_Script [Rank 0] [INFO] Successfully reported epoch 15/20 (Acc: 0.00%) to global server.
2025-11-19 03:31:56,933 DDP_Script [Rank 0] [INFO] epoch 16 시작
2025-11-19 03:31:56,934 DDP_Script [Rank 0] [INFO] 모든 노드 중 max_steps = 128
2025-11-19 03:31:56,934 DDP_Script [Rank 0] [INFO] local_steps=128, global_steps=128
/data/breath12/anaconda3/envs/Dist1/lib/python3.9/site-packages/torchaudio/_backend/utils.py:213: UserWarning: In 2.9, this function's implementation will be changed to use torchaudio.load_with_torchcodec` under the hood. Some parameters like ``normalize``, ``format``, ``buffer_size``, and ``backend`` will be ignored. We recommend that you port your code to rely directly on TorchCodec's decoder instead: https://docs.pytorch.org/torchcodec/stable/generated/torchcodec.decoders.AudioDecoder.html#torchcodec.decoders.AudioDecoder.
  warnings.warn(
/data/breath12/anaconda3/envs/Dist1/lib/python3.9/site-packages/torchaudio/_backend/utils.py:213: UserWarning: In 2.9, this function's implementation will be changed to use torchaudio.load_with_torchcodec` under the hood. Some parameters like ``normalize``, ``format``, ``buffer_size``, and ``backend`` will be ignored. We recommend that you port your code to rely directly on TorchCodec's decoder instead: https://docs.pytorch.org/torchcodec/stable/generated/torchcodec.decoders.AudioDecoder.html#torchcodec.decoders.AudioDecoder.
  warnings.warn(
/data/breath12/anaconda3/envs/Dist1/lib/python3.9/site-packages/torchaudio/_backend/utils.py:213: UserWarning: In 2.9, this function's implementation will be changed to use torchaudio.load_with_torchcodec` under the hood. Some parameters like ``normalize``, ``format``, ``buffer_size``, and ``backend`` will be ignored. We recommend that you port your code to rely directly on TorchCodec's decoder instead: https://docs.pytorch.org/torchcodec/stable/generated/torchcodec.decoders.AudioDecoder.html#torchcodec.decoders.AudioDecoder.
  warnings.warn(
/data/breath12/anaconda3/envs/Dist1/lib/python3.9/site-packages/torchaudio/_backend/utils.py:213: UserWarning: In 2.9, this function's implementation will be changed to use torchaudio.load_with_torchcodec` under the hood. Some parameters like ``normalize``, ``format``, ``buffer_size``, and ``backend`` will be ignored. We recommend that you port your code to rely directly on TorchCodec's decoder instead: https://docs.pytorch.org/torchcodec/stable/generated/torchcodec.decoders.AudioDecoder.html#torchcodec.decoders.AudioDecoder.
  warnings.warn(
/data/breath12/anaconda3/envs/Dist1/lib/python3.9/site-packages/torchaudio/_backend/utils.py:213: UserWarning: In 2.9, this function's implementation will be changed to use torchaudio.load_with_torchcodec` under the hood. Some parameters like ``normalize``, ``format``, ``buffer_size``, and ``backend`` will be ignored. We recommend that you port your code to rely directly on TorchCodec's decoder instead: https://docs.pytorch.org/torchcodec/stable/generated/torchcodec.decoders.AudioDecoder.html#torchcodec.decoders.AudioDecoder.
  warnings.warn(
/data/breath12/anaconda3/envs/Dist1/lib/python3.9/site-packages/torchaudio/_backend/utils.py:213: UserWarning: In 2.9, this function's implementation will be changed to use torchaudio.load_with_torchcodec` under the hood. Some parameters like ``normalize``, ``format``, ``buffer_size``, and ``backend`` will be ignored. We recommend that you port your code to rely directly on TorchCodec's decoder instead: https://docs.pytorch.org/torchcodec/stable/generated/torchcodec.decoders.AudioDecoder.html#torchcodec.decoders.AudioDecoder.
  warnings.warn(
/data/breath12/anaconda3/envs/Dist1/lib/python3.9/site-packages/torchaudio/_backend/utils.py:213: UserWarning: In 2.9, this function's implementation will be changed to use torchaudio.load_with_torchcodec` under the hood. Some parameters like ``normalize``, ``format``, ``buffer_size``, and ``backend`` will be ignored. We recommend that you port your code to rely directly on TorchCodec's decoder instead: https://docs.pytorch.org/torchcodec/stable/generated/torchcodec.decoders.AudioDecoder.html#torchcodec.decoders.AudioDecoder.
  warnings.warn(
/data/breath12/anaconda3/envs/Dist1/lib/python3.9/site-packages/torchaudio/_backend/utils.py:213: UserWarning: In 2.9, this function's implementation will be changed to use torchaudio.load_with_torchcodec` under the hood. Some parameters like ``normalize``, ``format``, ``buffer_size``, and ``backend`` will be ignored. We recommend that you port your code to rely directly on TorchCodec's decoder instead: https://docs.pytorch.org/torchcodec/stable/generated/torchcodec.decoders.AudioDecoder.html#torchcodec.decoders.AudioDecoder.
  warnings.warn(
2025-11-19 03:32:09,891 DDP_Script [Rank 0] [INFO] val WER 1.292, CER 0.756, pseudo-acc 0.00%
2025-11-19 03:32:09,894 DDP_Script [Rank 0] [INFO] Saving checkpoint to ./checkpoints/job-2064572d9166/latest_checkpoint.pth ...
2025-11-19 03:32:10,989 DDP_Script [Rank 0] [INFO] Successfully reported epoch 16/20 (Acc: 0.00%) to global server.
2025-11-19 03:32:10,991 DDP_Script [Rank 0] [INFO] epoch 17 시작
2025-11-19 03:32:10,992 DDP_Script [Rank 0] [INFO] 모든 노드 중 max_steps = 128
2025-11-19 03:32:10,992 DDP_Script [Rank 0] [INFO] local_steps=128, global_steps=128
/data/breath12/anaconda3/envs/Dist1/lib/python3.9/site-packages/torchaudio/_backend/utils.py:213: UserWarning: In 2.9, this function's implementation will be changed to use torchaudio.load_with_torchcodec` under the hood. Some parameters like ``normalize``, ``format``, ``buffer_size``, and ``backend`` will be ignored. We recommend that you port your code to rely directly on TorchCodec's decoder instead: https://docs.pytorch.org/torchcodec/stable/generated/torchcodec.decoders.AudioDecoder.html#torchcodec.decoders.AudioDecoder.
  warnings.warn(
/data/breath12/anaconda3/envs/Dist1/lib/python3.9/site-packages/torchaudio/_backend/utils.py:213: UserWarning: In 2.9, this function's implementation will be changed to use torchaudio.load_with_torchcodec` under the hood. Some parameters like ``normalize``, ``format``, ``buffer_size``, and ``backend`` will be ignored. We recommend that you port your code to rely directly on TorchCodec's decoder instead: https://docs.pytorch.org/torchcodec/stable/generated/torchcodec.decoders.AudioDecoder.html#torchcodec.decoders.AudioDecoder.
  warnings.warn(
/data/breath12/anaconda3/envs/Dist1/lib/python3.9/site-packages/torchaudio/_backend/utils.py:213: UserWarning: In 2.9, this function's implementation will be changed to use torchaudio.load_with_torchcodec` under the hood. Some parameters like ``normalize``, ``format``, ``buffer_size``, and ``backend`` will be ignored. We recommend that you port your code to rely directly on TorchCodec's decoder instead: https://docs.pytorch.org/torchcodec/stable/generated/torchcodec.decoders.AudioDecoder.html#torchcodec.decoders.AudioDecoder.
  warnings.warn(
/data/breath12/anaconda3/envs/Dist1/lib/python3.9/site-packages/torchaudio/_backend/utils.py:213: UserWarning: In 2.9, this function's implementation will be changed to use torchaudio.load_with_torchcodec` under the hood. Some parameters like ``normalize``, ``format``, ``buffer_size``, and ``backend`` will be ignored. We recommend that you port your code to rely directly on TorchCodec's decoder instead: https://docs.pytorch.org/torchcodec/stable/generated/torchcodec.decoders.AudioDecoder.html#torchcodec.decoders.AudioDecoder.
  warnings.warn(
/data/breath12/anaconda3/envs/Dist1/lib/python3.9/site-packages/torchaudio/_backend/utils.py:213: UserWarning: In 2.9, this function's implementation will be changed to use torchaudio.load_with_torchcodec` under the hood. Some parameters like ``normalize``, ``format``, ``buffer_size``, and ``backend`` will be ignored. We recommend that you port your code to rely directly on TorchCodec's decoder instead: https://docs.pytorch.org/torchcodec/stable/generated/torchcodec.decoders.AudioDecoder.html#torchcodec.decoders.AudioDecoder.
  warnings.warn(
/data/breath12/anaconda3/envs/Dist1/lib/python3.9/site-packages/torchaudio/_backend/utils.py:213: UserWarning: In 2.9, this function's implementation will be changed to use torchaudio.load_with_torchcodec` under the hood. Some parameters like ``normalize``, ``format``, ``buffer_size``, and ``backend`` will be ignored. We recommend that you port your code to rely directly on TorchCodec's decoder instead: https://docs.pytorch.org/torchcodec/stable/generated/torchcodec.decoders.AudioDecoder.html#torchcodec.decoders.AudioDecoder.
  warnings.warn(
/data/breath12/anaconda3/envs/Dist1/lib/python3.9/site-packages/torchaudio/_backend/utils.py:213: UserWarning: In 2.9, this function's implementation will be changed to use torchaudio.load_with_torchcodec` under the hood. Some parameters like ``normalize``, ``format``, ``buffer_size``, and ``backend`` will be ignored. We recommend that you port your code to rely directly on TorchCodec's decoder instead: https://docs.pytorch.org/torchcodec/stable/generated/torchcodec.decoders.AudioDecoder.html#torchcodec.decoders.AudioDecoder.
  warnings.warn(
/data/breath12/anaconda3/envs/Dist1/lib/python3.9/site-packages/torchaudio/_backend/utils.py:213: UserWarning: In 2.9, this function's implementation will be changed to use torchaudio.load_with_torchcodec` under the hood. Some parameters like ``normalize``, ``format``, ``buffer_size``, and ``backend`` will be ignored. We recommend that you port your code to rely directly on TorchCodec's decoder instead: https://docs.pytorch.org/torchcodec/stable/generated/torchcodec.decoders.AudioDecoder.html#torchcodec.decoders.AudioDecoder.
  warnings.warn(
2025-11-19 03:32:23,492 DDP_Script [Rank 0] [INFO] val WER 1.300, CER 0.724, pseudo-acc 0.00%
2025-11-19 03:32:23,494 DDP_Script [Rank 0] [INFO] Saving checkpoint to ./checkpoints/job-2064572d9166/latest_checkpoint.pth ...
2025-11-19 03:32:24,650 DDP_Script [Rank 0] [INFO] Successfully reported epoch 17/20 (Acc: 0.00%) to global server.
2025-11-19 03:32:24,652 DDP_Script [Rank 0] [INFO] epoch 18 시작
2025-11-19 03:32:24,653 DDP_Script [Rank 0] [INFO] 모든 노드 중 max_steps = 128
2025-11-19 03:32:24,653 DDP_Script [Rank 0] [INFO] local_steps=128, global_steps=128
/data/breath12/anaconda3/envs/Dist1/lib/python3.9/site-packages/torchaudio/_backend/utils.py:213: UserWarning: In 2.9, this function's implementation will be changed to use torchaudio.load_with_torchcodec` under the hood. Some parameters like ``normalize``, ``format``, ``buffer_size``, and ``backend`` will be ignored. We recommend that you port your code to rely directly on TorchCodec's decoder instead: https://docs.pytorch.org/torchcodec/stable/generated/torchcodec.decoders.AudioDecoder.html#torchcodec.decoders.AudioDecoder.
  warnings.warn(
/data/breath12/anaconda3/envs/Dist1/lib/python3.9/site-packages/torchaudio/_backend/utils.py:213: UserWarning: In 2.9, this function's implementation will be changed to use torchaudio.load_with_torchcodec` under the hood. Some parameters like ``normalize``, ``format``, ``buffer_size``, and ``backend`` will be ignored. We recommend that you port your code to rely directly on TorchCodec's decoder instead: https://docs.pytorch.org/torchcodec/stable/generated/torchcodec.decoders.AudioDecoder.html#torchcodec.decoders.AudioDecoder.
  warnings.warn(
/data/breath12/anaconda3/envs/Dist1/lib/python3.9/site-packages/torchaudio/_backend/utils.py:213: UserWarning: In 2.9, this function's implementation will be changed to use torchaudio.load_with_torchcodec` under the hood. Some parameters like ``normalize``, ``format``, ``buffer_size``, and ``backend`` will be ignored. We recommend that you port your code to rely directly on TorchCodec's decoder instead: https://docs.pytorch.org/torchcodec/stable/generated/torchcodec.decoders.AudioDecoder.html#torchcodec.decoders.AudioDecoder.
  warnings.warn(
/data/breath12/anaconda3/envs/Dist1/lib/python3.9/site-packages/torchaudio/_backend/utils.py:213: UserWarning: In 2.9, this function's implementation will be changed to use torchaudio.load_with_torchcodec` under the hood. Some parameters like ``normalize``, ``format``, ``buffer_size``, and ``backend`` will be ignored. We recommend that you port your code to rely directly on TorchCodec's decoder instead: https://docs.pytorch.org/torchcodec/stable/generated/torchcodec.decoders.AudioDecoder.html#torchcodec.decoders.AudioDecoder.
  warnings.warn(
/data/breath12/anaconda3/envs/Dist1/lib/python3.9/site-packages/torchaudio/_backend/utils.py:213: UserWarning: In 2.9, this function's implementation will be changed to use torchaudio.load_with_torchcodec` under the hood. Some parameters like ``normalize``, ``format``, ``buffer_size``, and ``backend`` will be ignored. We recommend that you port your code to rely directly on TorchCodec's decoder instead: https://docs.pytorch.org/torchcodec/stable/generated/torchcodec.decoders.AudioDecoder.html#torchcodec.decoders.AudioDecoder.
  warnings.warn(
/data/breath12/anaconda3/envs/Dist1/lib/python3.9/site-packages/torchaudio/_backend/utils.py:213: UserWarning: In 2.9, this function's implementation will be changed to use torchaudio.load_with_torchcodec` under the hood. Some parameters like ``normalize``, ``format``, ``buffer_size``, and ``backend`` will be ignored. We recommend that you port your code to rely directly on TorchCodec's decoder instead: https://docs.pytorch.org/torchcodec/stable/generated/torchcodec.decoders.AudioDecoder.html#torchcodec.decoders.AudioDecoder.
  warnings.warn(
/data/breath12/anaconda3/envs/Dist1/lib/python3.9/site-packages/torchaudio/_backend/utils.py:213: UserWarning: In 2.9, this function's implementation will be changed to use torchaudio.load_with_torchcodec` under the hood. Some parameters like ``normalize``, ``format``, ``buffer_size``, and ``backend`` will be ignored. We recommend that you port your code to rely directly on TorchCodec's decoder instead: https://docs.pytorch.org/torchcodec/stable/generated/torchcodec.decoders.AudioDecoder.html#torchcodec.decoders.AudioDecoder.
  warnings.warn(
/data/breath12/anaconda3/envs/Dist1/lib/python3.9/site-packages/torchaudio/_backend/utils.py:213: UserWarning: In 2.9, this function's implementation will be changed to use torchaudio.load_with_torchcodec` under the hood. Some parameters like ``normalize``, ``format``, ``buffer_size``, and ``backend`` will be ignored. We recommend that you port your code to rely directly on TorchCodec's decoder instead: https://docs.pytorch.org/torchcodec/stable/generated/torchcodec.decoders.AudioDecoder.html#torchcodec.decoders.AudioDecoder.
  warnings.warn(
2025-11-19 03:32:37,202 DDP_Script [Rank 0] [INFO] val WER 1.250, CER 0.721, pseudo-acc 0.00%
2025-11-19 03:32:37,205 DDP_Script [Rank 0] [INFO] Saving checkpoint to ./checkpoints/job-2064572d9166/latest_checkpoint.pth ...
2025-11-19 03:32:38,288 DDP_Script [Rank 0] [INFO] Successfully reported epoch 18/20 (Acc: 0.00%) to global server.
2025-11-19 03:32:38,289 DDP_Script [Rank 0] [INFO] epoch 19 시작
2025-11-19 03:32:38,291 DDP_Script [Rank 0] [INFO] 모든 노드 중 max_steps = 128
2025-11-19 03:32:38,291 DDP_Script [Rank 0] [INFO] local_steps=128, global_steps=128
/data/breath12/anaconda3/envs/Dist1/lib/python3.9/site-packages/torchaudio/_backend/utils.py:213: UserWarning: In 2.9, this function's implementation will be changed to use torchaudio.load_with_torchcodec` under the hood. Some parameters like ``normalize``, ``format``, ``buffer_size``, and ``backend`` will be ignored. We recommend that you port your code to rely directly on TorchCodec's decoder instead: https://docs.pytorch.org/torchcodec/stable/generated/torchcodec.decoders.AudioDecoder.html#torchcodec.decoders.AudioDecoder.
  warnings.warn(
/data/breath12/anaconda3/envs/Dist1/lib/python3.9/site-packages/torchaudio/_backend/utils.py:213: UserWarning: In 2.9, this function's implementation will be changed to use torchaudio.load_with_torchcodec` under the hood. Some parameters like ``normalize``, ``format``, ``buffer_size``, and ``backend`` will be ignored. We recommend that you port your code to rely directly on TorchCodec's decoder instead: https://docs.pytorch.org/torchcodec/stable/generated/torchcodec.decoders.AudioDecoder.html#torchcodec.decoders.AudioDecoder.
  warnings.warn(
/data/breath12/anaconda3/envs/Dist1/lib/python3.9/site-packages/torchaudio/_backend/utils.py:213: UserWarning: In 2.9, this function's implementation will be changed to use torchaudio.load_with_torchcodec` under the hood. Some parameters like ``normalize``, ``format``, ``buffer_size``, and ``backend`` will be ignored. We recommend that you port your code to rely directly on TorchCodec's decoder instead: https://docs.pytorch.org/torchcodec/stable/generated/torchcodec.decoders.AudioDecoder.html#torchcodec.decoders.AudioDecoder.
  warnings.warn(
/data/breath12/anaconda3/envs/Dist1/lib/python3.9/site-packages/torchaudio/_backend/utils.py:213: UserWarning: In 2.9, this function's implementation will be changed to use torchaudio.load_with_torchcodec` under the hood. Some parameters like ``normalize``, ``format``, ``buffer_size``, and ``backend`` will be ignored. We recommend that you port your code to rely directly on TorchCodec's decoder instead: https://docs.pytorch.org/torchcodec/stable/generated/torchcodec.decoders.AudioDecoder.html#torchcodec.decoders.AudioDecoder.
  warnings.warn(
/data/breath12/anaconda3/envs/Dist1/lib/python3.9/site-packages/torchaudio/_backend/utils.py:213: UserWarning: In 2.9, this function's implementation will be changed to use torchaudio.load_with_torchcodec` under the hood. Some parameters like ``normalize``, ``format``, ``buffer_size``, and ``backend`` will be ignored. We recommend that you port your code to rely directly on TorchCodec's decoder instead: https://docs.pytorch.org/torchcodec/stable/generated/torchcodec.decoders.AudioDecoder.html#torchcodec.decoders.AudioDecoder.
  warnings.warn(
/data/breath12/anaconda3/envs/Dist1/lib/python3.9/site-packages/torchaudio/_backend/utils.py:213: UserWarning: In 2.9, this function's implementation will be changed to use torchaudio.load_with_torchcodec` under the hood. Some parameters like ``normalize``, ``format``, ``buffer_size``, and ``backend`` will be ignored. We recommend that you port your code to rely directly on TorchCodec's decoder instead: https://docs.pytorch.org/torchcodec/stable/generated/torchcodec.decoders.AudioDecoder.html#torchcodec.decoders.AudioDecoder.
  warnings.warn(
/data/breath12/anaconda3/envs/Dist1/lib/python3.9/site-packages/torchaudio/_backend/utils.py:213: UserWarning: In 2.9, this function's implementation will be changed to use torchaudio.load_with_torchcodec` under the hood. Some parameters like ``normalize``, ``format``, ``buffer_size``, and ``backend`` will be ignored. We recommend that you port your code to rely directly on TorchCodec's decoder instead: https://docs.pytorch.org/torchcodec/stable/generated/torchcodec.decoders.AudioDecoder.html#torchcodec.decoders.AudioDecoder.
  warnings.warn(
/data/breath12/anaconda3/envs/Dist1/lib/python3.9/site-packages/torchaudio/_backend/utils.py:213: UserWarning: In 2.9, this function's implementation will be changed to use torchaudio.load_with_torchcodec` under the hood. Some parameters like ``normalize``, ``format``, ``buffer_size``, and ``backend`` will be ignored. We recommend that you port your code to rely directly on TorchCodec's decoder instead: https://docs.pytorch.org/torchcodec/stable/generated/torchcodec.decoders.AudioDecoder.html#torchcodec.decoders.AudioDecoder.
  warnings.warn(
2025-11-19 03:32:50,832 DDP_Script [Rank 0] [INFO] val WER 1.169, CER 0.713, pseudo-acc 0.00%
2025-11-19 03:32:50,842 DDP_Script [Rank 0] [INFO] Saving checkpoint to ./checkpoints/job-2064572d9166/latest_checkpoint.pth ...
2025-11-19 03:32:52,069 DDP_Script [Rank 0] [INFO] Successfully reported epoch 19/20 (Acc: 0.00%) to global server.
2025-11-19 03:32:52,070 DDP_Script [Rank 0] [INFO] epoch 20 시작
2025-11-19 03:32:52,072 DDP_Script [Rank 0] [INFO] 모든 노드 중 max_steps = 128
2025-11-19 03:32:52,072 DDP_Script [Rank 0] [INFO] local_steps=128, global_steps=128
/data/breath12/anaconda3/envs/Dist1/lib/python3.9/site-packages/torchaudio/_backend/utils.py:213: UserWarning: In 2.9, this function's implementation will be changed to use torchaudio.load_with_torchcodec` under the hood. Some parameters like ``normalize``, ``format``, ``buffer_size``, and ``backend`` will be ignored. We recommend that you port your code to rely directly on TorchCodec's decoder instead: https://docs.pytorch.org/torchcodec/stable/generated/torchcodec.decoders.AudioDecoder.html#torchcodec.decoders.AudioDecoder.
  warnings.warn(
/data/breath12/anaconda3/envs/Dist1/lib/python3.9/site-packages/torchaudio/_backend/utils.py:213: UserWarning: In 2.9, this function's implementation will be changed to use torchaudio.load_with_torchcodec` under the hood. Some parameters like ``normalize``, ``format``, ``buffer_size``, and ``backend`` will be ignored. We recommend that you port your code to rely directly on TorchCodec's decoder instead: https://docs.pytorch.org/torchcodec/stable/generated/torchcodec.decoders.AudioDecoder.html#torchcodec.decoders.AudioDecoder.
  warnings.warn(
/data/breath12/anaconda3/envs/Dist1/lib/python3.9/site-packages/torchaudio/_backend/utils.py:213: UserWarning: In 2.9, this function's implementation will be changed to use torchaudio.load_with_torchcodec` under the hood. Some parameters like ``normalize``, ``format``, ``buffer_size``, and ``backend`` will be ignored. We recommend that you port your code to rely directly on TorchCodec's decoder instead: https://docs.pytorch.org/torchcodec/stable/generated/torchcodec.decoders.AudioDecoder.html#torchcodec.decoders.AudioDecoder.
  warnings.warn(
/data/breath12/anaconda3/envs/Dist1/lib/python3.9/site-packages/torchaudio/_backend/utils.py:213: UserWarning: In 2.9, this function's implementation will be changed to use torchaudio.load_with_torchcodec` under the hood. Some parameters like ``normalize``, ``format``, ``buffer_size``, and ``backend`` will be ignored. We recommend that you port your code to rely directly on TorchCodec's decoder instead: https://docs.pytorch.org/torchcodec/stable/generated/torchcodec.decoders.AudioDecoder.html#torchcodec.decoders.AudioDecoder.
  warnings.warn(
/data/breath12/anaconda3/envs/Dist1/lib/python3.9/site-packages/torchaudio/_backend/utils.py:213: UserWarning: In 2.9, this function's implementation will be changed to use torchaudio.load_with_torchcodec` under the hood. Some parameters like ``normalize``, ``format``, ``buffer_size``, and ``backend`` will be ignored. We recommend that you port your code to rely directly on TorchCodec's decoder instead: https://docs.pytorch.org/torchcodec/stable/generated/torchcodec.decoders.AudioDecoder.html#torchcodec.decoders.AudioDecoder.
  warnings.warn(
/data/breath12/anaconda3/envs/Dist1/lib/python3.9/site-packages/torchaudio/_backend/utils.py:213: UserWarning: In 2.9, this function's implementation will be changed to use torchaudio.load_with_torchcodec` under the hood. Some parameters like ``normalize``, ``format``, ``buffer_size``, and ``backend`` will be ignored. We recommend that you port your code to rely directly on TorchCodec's decoder instead: https://docs.pytorch.org/torchcodec/stable/generated/torchcodec.decoders.AudioDecoder.html#torchcodec.decoders.AudioDecoder.
  warnings.warn(
/data/breath12/anaconda3/envs/Dist1/lib/python3.9/site-packages/torchaudio/_backend/utils.py:213: UserWarning: In 2.9, this function's implementation will be changed to use torchaudio.load_with_torchcodec` under the hood. Some parameters like ``normalize``, ``format``, ``buffer_size``, and ``backend`` will be ignored. We recommend that you port your code to rely directly on TorchCodec's decoder instead: https://docs.pytorch.org/torchcodec/stable/generated/torchcodec.decoders.AudioDecoder.html#torchcodec.decoders.AudioDecoder.
  warnings.warn(
/data/breath12/anaconda3/envs/Dist1/lib/python3.9/site-packages/torchaudio/_backend/utils.py:213: UserWarning: In 2.9, this function's implementation will be changed to use torchaudio.load_with_torchcodec` under the hood. Some parameters like ``normalize``, ``format``, ``buffer_size``, and ``backend`` will be ignored. We recommend that you port your code to rely directly on TorchCodec's decoder instead: https://docs.pytorch.org/torchcodec/stable/generated/torchcodec.decoders.AudioDecoder.html#torchcodec.decoders.AudioDecoder.
  warnings.warn(
2025-11-19 03:33:04,906 DDP_Script [Rank 0] [INFO] val WER 1.180, CER 0.746, pseudo-acc 0.00%
2025-11-19 03:33:04,937 DDP_Script [Rank 0] [INFO] Saving checkpoint to ./checkpoints/job-2064572d9166/latest_checkpoint.pth ...
2025-11-19 03:33:06,006 DDP_Script [Rank 0] [INFO] Successfully reported epoch 20/20 (Acc: 0.00%) to global server.
2025-11-19 03:33:06,008 DDP_Script [Rank 0] [INFO] Training completed successfully.
2025-11-19 03:33:06,023 DDP_Script [Rank 0] [INFO] Reported job completion to global server.
2025-11-19 03:33:06,023 DDP_Script [Rank 0] [INFO] Training loop finished.
