ts,cluster,queue_len,slots_total,slots_used,free,U_t,E_t,p_fair,lam_time,lam_cost,lam_fair
2026-01-14 17:27:33,clusterA,0,4,0,4,0.0,0.0,0.0,1.0,0.0,0.0
2026-01-14 17:27:33,clusterB,0,4,0,4,0.0,0.0,0.0,1.0,0.0,0.0
2026-01-14 17:27:38,clusterA,0,4,0,4,0.0,0.02,0.0,0.98,0.02,0.0
2026-01-14 17:27:38,clusterB,0,4,0,4,0.0,0.02,0.0,0.98,0.02,0.0
2026-01-14 17:27:43,clusterA,0,4,0,4,0.0,0.02,0.0,0.98,0.02,0.0
2026-01-14 17:27:43,clusterB,0,4,0,4,0.0,0.04,0.0,0.96,0.04,0.0
2026-01-14 17:27:48,clusterA,0,4,0,4,0.0,0.02,0.0,0.98,0.02,0.0
2026-01-14 17:27:48,clusterB,0,4,0,4,0.0,0.07,0.0,0.9299999999999999,0.07,0.0
2026-01-14 17:27:53,clusterA,0,4,0,4,0.0,0.02,0.0,0.98,0.02,0.0
2026-01-14 17:27:53,clusterB,0,4,0,4,0.0,0.11,0.0,0.89,0.11,0.0
2026-01-14 17:27:58,clusterA,0,4,0,4,0.0,0.02,0.0,0.98,0.02,0.0
2026-01-14 17:27:58,clusterB,0,4,0,4,0.0,0.14,0.0,0.86,0.14,0.0
2026-01-14 17:28:03,clusterA,0,4,0,4,0.0,0.02,0.0,0.98,0.02,0.0
2026-01-14 17:28:03,clusterB,0,4,0,4,0.0,0.18,0.0,0.8200000000000001,0.18,0.0
2026-01-14 17:28:08,clusterA,0,4,0,4,0.0,0.02,0.0,0.98,0.02,0.0
2026-01-14 17:28:08,clusterB,0,4,0,4,0.0,0.22,0.0,0.78,0.22,0.0
2026-01-14 17:28:13,clusterA,0,4,0,4,0.0,0.02,0.0,0.98,0.02,0.0
2026-01-14 17:28:13,clusterB,0,4,0,4,0.0,0.26,0.0,0.74,0.26,0.0
2026-01-14 17:28:18,clusterA,0,4,0,4,0.0,0.02,0.0,0.98,0.02,0.0
2026-01-14 17:28:18,clusterB,0,4,0,4,0.0,0.3,0.0,0.7,0.3,0.0
2026-01-14 17:28:23,clusterA,0,4,0,4,0.0,0.02,0.0,0.98,0.02,0.0
2026-01-14 17:28:23,clusterB,0,4,0,4,0.0,0.33,0.0,0.6699999999999999,0.33,0.0
2026-01-14 17:28:28,clusterA,0,4,0,4,0.0,0.02,0.0,0.98,0.02,0.0
2026-01-14 17:28:28,clusterB,0,4,0,4,0.0,0.37,0.0,0.63,0.37,0.0
2026-01-14 17:28:33,clusterA,0,4,0,4,0.0,0.02,0.0,0.98,0.02,0.0
2026-01-14 17:28:33,clusterB,0,4,0,4,0.0,0.41,0.0,0.5900000000000001,0.41,0.0
2026-01-14 17:28:38,clusterA,0,4,0,4,0.0,0.02,0.0,0.98,0.02,0.0
2026-01-14 17:28:38,clusterB,0,4,0,4,0.0,0.45,0.0,0.55,0.45,0.0
2026-01-14 17:28:43,clusterA,0,4,0,4,0.0,0.02,0.0,0.98,0.02,0.0
2026-01-14 17:28:43,clusterB,0,4,0,4,0.0,0.49,0.0,0.51,0.49,0.0
2026-01-14 17:28:48,clusterA,0,4,0,4,0.0,0.02,0.0,0.98,0.02,0.0
2026-01-14 17:28:48,clusterB,0,4,0,4,0.0,0.52,0.0,0.48,0.52,0.0
2026-01-14 17:28:53,clusterA,0,4,0,4,0.0,0.02,0.0,0.98,0.02,0.0
2026-01-14 17:28:53,clusterB,0,4,0,4,0.0,0.56,0.0,0.43999999999999995,0.56,0.0
2026-01-14 17:28:58,clusterA,0,4,0,4,0.0,0.02,0.0,0.98,0.02,0.0
2026-01-14 17:28:58,clusterB,0,4,0,4,0.0,0.6,0.0,0.4,0.6,0.0
2026-01-14 17:29:03,clusterA,0,4,0,4,0.0,0.02,0.0,0.98,0.02,0.0
2026-01-14 17:29:03,clusterB,0,4,0,4,0.0,0.64,0.0,0.36,0.64,0.0
2026-01-14 17:29:08,clusterA,0,4,0,4,0.0,0.02,0.0,0.98,0.02,0.0
2026-01-14 17:29:08,clusterB,0,4,0,4,0.0,0.68,0.0,0.31999999999999995,0.68,0.0
2026-01-14 17:29:13,clusterA,0,4,0,4,0.0,0.02,0.0,0.98,0.02,0.0
2026-01-14 17:29:13,clusterB,0,4,0,4,0.0,0.71,0.0,0.29000000000000004,0.71,0.0
2026-01-14 17:29:18,clusterA,0,4,0,4,0.0,0.02,0.0,0.98,0.02,0.0
2026-01-14 17:29:18,clusterB,0,4,0,4,0.0,0.75,0.0,0.25,0.75,0.0
2026-01-14 17:29:23,clusterA,0,4,0,4,0.0,0.02,0.0,0.98,0.02,0.0
2026-01-14 17:29:23,clusterB,0,4,0,4,0.0,0.79,0.0,0.20999999999999996,0.79,0.0
2026-01-14 17:29:28,clusterA,0,4,0,4,0.0,0.02,0.0,0.98,0.02,0.0
2026-01-14 17:29:28,clusterB,0,4,0,4,0.0,0.83,0.0,0.17000000000000004,0.83,0.0
2026-01-14 17:29:33,clusterA,0,4,1,3,0.0,0.02,0.0,0.98,0.02,0.0
2026-01-14 17:29:33,clusterB,0,4,0,4,0.0,0.87,0.0,0.13,0.87,0.0
2026-01-14 17:29:38,clusterA,0,4,1,3,0.0,0.02,0.0,0.98,0.02,0.0
2026-01-14 17:29:38,clusterB,0,4,0,4,0.0,0.88,0.0,0.12,0.88,0.0
2026-01-14 17:29:43,clusterA,0,4,1,3,0.01,0.03,0.0,0.97,0.03,0.0
2026-01-14 17:29:43,clusterB,0,4,1,3,0.0,0.9,0.0,0.09999999999999998,0.9,0.0
2026-01-14 17:29:48,clusterA,0,4,1,3,0.02,0.03,0.0,0.97,0.03,0.0
2026-01-14 17:29:48,clusterB,0,4,1,3,0.0,0.91,0.0,0.08999999999999997,0.91,0.0
2026-01-14 17:29:53,clusterA,0,4,1,3,0.03,0.03,0.0,0.97,0.03,0.0
2026-01-14 17:29:53,clusterB,0,4,1,3,0.0,0.91,0.0,0.08999999999999997,0.91,0.0
2026-01-14 17:29:58,clusterA,0,4,1,3,0.04,0.04,0.0,0.96,0.04,0.0
2026-01-14 17:29:58,clusterB,0,4,1,3,0.0,0.91,0.0,0.08999999999999997,0.91,0.0
2026-01-14 17:30:03,clusterA,0,4,1,3,0.05,0.04,0.0,0.96,0.04,0.0
2026-01-14 17:30:03,clusterB,0,4,1,3,0.0,0.91,0.0,0.08999999999999997,0.91,0.0
2026-01-14 17:30:08,clusterA,0,4,1,3,0.06,0.05,0.0,0.95,0.05,0.0
2026-01-14 17:30:08,clusterB,0,4,1,3,0.0,0.91,0.0,0.08999999999999997,0.91,0.0
2026-01-14 17:30:13,clusterA,0,4,1,3,0.06,0.05,0.0,0.95,0.05,0.0
2026-01-14 17:30:13,clusterB,0,4,1,3,0.0,0.91,0.0,0.08999999999999997,0.91,0.0
2026-01-14 17:30:18,clusterA,0,4,1,3,0.07,0.05,0.0,0.95,0.05,0.0
2026-01-14 17:30:18,clusterB,0,4,1,3,0.0,0.91,0.0,0.08999999999999997,0.91,0.0
2026-01-14 17:30:23,clusterA,0,4,1,3,0.08,0.06,0.0,0.94,0.06,0.0
2026-01-14 17:30:23,clusterB,0,4,1,3,0.0,0.95,0.0,0.050000000000000044,0.95,0.0
2026-01-14 17:30:28,clusterA,0,4,1,3,0.09,0.06,0.0,0.94,0.06,0.0
2026-01-14 17:30:28,clusterB,0,4,1,3,0.0,0.99,0.0,0.010000000000000009,0.99,0.0
2026-01-14 17:30:33,clusterA,0,4,1,3,0.1,0.07,0.0,0.9299999999999999,0.07,0.0
2026-01-14 17:30:33,clusterB,0,4,1,3,0.01,1.0,0.0,0.0,1.0,0.0
2026-01-14 17:30:38,clusterA,0,4,1,3,0.11,0.07,0.0,0.9299999999999999,0.07,0.0
2026-01-14 17:30:38,clusterB,0,4,1,3,0.02,1.0,0.0,0.0,1.0,0.0
2026-01-14 17:30:43,clusterA,0,4,1,3,0.1,0.07,0.0,0.9299999999999999,0.07,0.0
2026-01-14 17:30:43,clusterB,0,4,1,3,0.02,1.0,0.0,0.0,1.0,0.0
2026-01-14 17:30:48,clusterA,0,4,1,3,0.1,0.07,0.0,0.9299999999999999,0.07,0.0
2026-01-14 17:30:48,clusterB,0,4,1,3,0.03,1.0,0.0,0.0,1.0,0.0
2026-01-14 17:30:53,clusterA,0,4,1,3,0.1,0.07,0.0,0.9299999999999999,0.07,0.0
2026-01-14 17:30:53,clusterB,0,4,1,3,0.03,1.0,0.0,0.0,1.0,0.0
2026-01-14 17:30:58,clusterA,0,4,1,3,0.1,0.07,0.0,0.9299999999999999,0.07,0.0
2026-01-14 17:30:58,clusterB,0,4,1,3,0.03,1.0,0.0,0.0,1.0,0.0
2026-01-14 17:31:03,clusterA,0,4,1,3,0.11,0.07,0.0,0.9299999999999999,0.07,0.0
2026-01-14 17:31:03,clusterB,0,4,1,3,0.04,1.0,0.0,0.0,1.0,0.0
2026-01-14 17:31:08,clusterA,0,4,1,3,0.11,0.07,0.0,0.9299999999999999,0.07,0.0
2026-01-14 17:31:08,clusterB,0,4,1,3,0.04,1.0,0.0,0.0,1.0,0.0
2026-01-14 17:31:13,clusterA,0,4,1,3,0.1,0.07,0.0,0.9299999999999999,0.07,0.0
2026-01-14 17:31:13,clusterB,0,4,1,3,0.05,1.0,0.0,0.0,1.0,0.0
2026-01-14 17:31:18,clusterA,0,4,1,3,0.11,0.07,0.0,0.9299999999999999,0.07,0.0
2026-01-14 17:31:18,clusterB,0,4,1,3,0.06,1.0,0.0,0.0,1.0,0.0
2026-01-14 17:31:23,clusterA,0,4,1,3,0.11,0.07,0.0,0.9299999999999999,0.07,0.0
2026-01-14 17:31:23,clusterB,0,4,1,3,0.07,1.0,0.0,0.0,1.0,0.0
2026-01-14 17:31:28,clusterA,0,4,1,3,0.1,0.07,0.0,0.9299999999999999,0.07,0.0
2026-01-14 17:31:28,clusterB,0,4,1,3,0.08,1.0,0.0,0.0,1.0,0.0
2026-01-14 17:31:33,clusterA,0,4,1,3,0.1,0.07,0.0,0.9299999999999999,0.07,0.0
2026-01-14 17:31:33,clusterB,0,4,1,3,0.08,1.0,0.0,0.0,1.0,0.0
2026-01-14 17:31:38,clusterA,0,4,1,3,0.1,0.07,0.0,0.9299999999999999,0.07,0.0
2026-01-14 17:31:38,clusterB,0,4,1,3,0.09,1.0,0.0,0.0,1.0,0.0
2026-01-14 17:31:43,clusterA,0,4,1,3,0.1,0.07,0.0,0.9299999999999999,0.07,0.0
2026-01-14 17:31:43,clusterB,0,4,1,3,0.09,1.0,0.0,0.0,1.0,0.0
2026-01-14 17:31:48,clusterA,0,4,1,3,0.11,0.07,0.0,0.9299999999999999,0.07,0.0
2026-01-14 17:31:48,clusterB,0,4,1,3,0.09,1.0,0.0,0.0,1.0,0.0
2026-01-14 17:31:53,clusterA,0,4,1,3,0.11,0.07,0.0,0.9299999999999999,0.07,0.0
2026-01-14 17:31:53,clusterB,0,4,1,3,0.1,1.0,0.0,0.0,1.0,0.0
2026-01-14 17:31:58,clusterA,0,4,1,3,0.1,0.07,0.0,0.9299999999999999,0.07,0.0
2026-01-14 17:31:58,clusterB,0,4,1,3,0.1,1.0,0.0,0.0,1.0,0.0
2026-01-14 17:32:03,clusterA,0,4,1,3,0.1,0.07,0.0,0.9299999999999999,0.07,0.0
2026-01-14 17:32:03,clusterB,0,4,1,3,0.11,1.0,0.0,0.0,1.0,0.0
2026-01-14 17:32:08,clusterA,0,4,1,3,0.1,0.07,0.0,0.9299999999999999,0.07,0.0
2026-01-14 17:32:08,clusterB,0,4,1,3,0.12,1.0,0.0,0.0,1.0,0.0
2026-01-14 17:32:13,clusterA,0,4,1,3,0.1,0.07,0.0,0.9299999999999999,0.07,0.0
2026-01-14 17:32:13,clusterB,0,4,1,3,0.12,1.0,0.0,0.0,1.0,0.0
2026-01-14 17:32:18,clusterA,0,4,1,3,0.1,0.07,0.0,0.9299999999999999,0.07,0.0
2026-01-14 17:32:18,clusterB,0,4,1,3,0.13,1.0,0.0,0.0,1.0,0.0
2026-01-14 17:32:23,clusterA,0,4,1,3,0.1,0.07,0.0,0.9299999999999999,0.07,0.0
2026-01-14 17:32:23,clusterB,0,4,1,3,0.14,1.0,0.0,0.0,1.0,0.0
2026-01-14 17:32:28,clusterA,0,4,1,3,0.11,0.07,0.0,0.9299999999999999,0.07,0.0
2026-01-14 17:32:28,clusterB,0,4,1,3,0.14,1.0,0.0,0.0,1.0,0.0
2026-01-14 17:32:33,clusterA,0,4,1,3,0.11,0.07,0.0,0.9299999999999999,0.07,0.0
2026-01-14 17:32:33,clusterB,0,4,1,3,0.14,1.0,0.0,0.0,1.0,0.0
2026-01-14 17:32:38,clusterA,0,4,1,3,0.11,0.07,0.0,0.9299999999999999,0.07,0.0
2026-01-14 17:32:38,clusterB,0,4,1,3,0.13,1.0,0.0,0.0,1.0,0.0
2026-01-14 17:32:43,clusterA,0,4,1,3,0.11,0.07,0.0,0.9299999999999999,0.07,0.0
2026-01-14 17:32:43,clusterB,0,4,1,3,0.13,1.0,0.0,0.0,1.0,0.0
2026-01-14 17:32:48,clusterA,0,4,1,3,0.11,0.07,0.0,0.9299999999999999,0.07,0.0
2026-01-14 17:32:48,clusterB,0,4,1,3,0.13,1.0,0.0,0.0,1.0,0.0
2026-01-14 17:32:53,clusterA,0,4,3,1,0.11,0.07,0.0,0.9299999999999999,0.07,0.0
2026-01-14 17:32:53,clusterB,0,4,1,3,0.13,1.0,0.0,0.0,1.0,0.0
2026-01-14 17:32:58,clusterA,0,4,3,1,0.11,0.07,0.0,0.9299999999999999,0.07,0.0
2026-01-14 17:32:58,clusterB,0,4,1,3,0.13,1.0,0.0,0.0,1.0,0.0
2026-01-14 17:33:03,clusterA,0,4,3,1,0.13,0.08,0.0,0.92,0.08,0.0
2026-01-14 17:33:03,clusterB,0,4,1,3,0.13,1.0,0.0,0.0,1.0,0.0
2026-01-14 17:33:08,clusterA,0,4,3,1,0.17,0.1,0.0,0.9,0.1,0.0
2026-01-14 17:33:08,clusterB,0,4,1,3,0.14,1.0,0.0,0.0,1.0,0.0
2026-01-14 17:33:13,clusterA,0,4,3,1,0.2,0.11,0.0,0.89,0.11,0.0
2026-01-14 17:33:13,clusterB,0,4,1,3,0.13,1.0,0.0,0.0,1.0,0.0
2026-01-14 17:33:18,clusterA,0,4,3,1,0.23,0.12,0.0,0.88,0.12,0.0
2026-01-14 17:33:18,clusterB,0,4,1,3,0.13,1.0,0.0,0.0,1.0,0.0
2026-01-14 17:33:24,clusterA,0,4,3,1,0.25,0.13,0.0,0.87,0.13,0.0
2026-01-14 17:33:24,clusterB,0,4,3,1,0.12,1.0,0.0,0.0,1.0,0.0
2026-01-14 17:33:29,clusterA,0,4,3,1,0.28,0.14,0.0,0.86,0.14,0.0
2026-01-14 17:33:29,clusterB,0,4,3,1,0.11,1.0,0.0,0.0,1.0,0.0
2026-01-14 17:33:34,clusterA,0,4,3,1,0.31,0.15,0.0,0.85,0.15,0.0
2026-01-14 17:33:34,clusterB,0,4,3,1,0.12,1.0,0.0,0.0,1.0,0.0
2026-01-14 17:33:39,clusterA,0,4,3,1,0.34,0.17,0.0,0.83,0.17,0.0
2026-01-14 17:33:39,clusterB,0,4,3,1,0.12,1.0,0.0,0.0,1.0,0.0
2026-01-14 17:33:44,clusterA,0,4,3,1,0.37,0.18,0.0,0.8200000000000001,0.18,0.0
2026-01-14 17:33:44,clusterB,0,4,3,1,0.12,1.0,0.0,0.0,1.0,0.0
2026-01-14 17:33:49,clusterA,0,4,3,1,0.4,0.19,0.0,0.81,0.19,0.0
2026-01-14 17:33:49,clusterB,0,4,3,1,0.13,1.0,0.0,0.0,1.0,0.0
2026-01-14 17:33:54,clusterA,0,4,3,1,0.42,0.2,0.0,0.8,0.2,0.0
2026-01-14 17:33:54,clusterB,0,4,3,1,0.13,1.0,0.0,0.0,1.0,0.0
2026-01-14 17:33:59,clusterA,0,4,3,1,0.45,0.22,0.0,0.78,0.22,0.0
2026-01-14 17:33:59,clusterB,0,4,3,1,0.13,1.0,0.0,0.0,1.0,0.0
2026-01-14 17:34:04,clusterA,0,4,3,1,0.45,0.22,0.0,0.78,0.22,0.0
2026-01-14 17:34:04,clusterB,0,4,3,1,0.13,1.0,0.0,0.0,1.0,0.0
2026-01-14 17:34:09,clusterA,0,4,3,1,0.44,0.22,0.0,0.78,0.22,0.0
2026-01-14 17:34:09,clusterB,0,4,3,1,0.12,1.0,0.0,0.0,1.0,0.0
2026-01-14 17:34:14,clusterA,0,4,3,1,0.45,0.22,0.0,0.78,0.22,0.0
2026-01-14 17:34:14,clusterB,0,4,3,1,0.12,1.0,0.0,0.0,1.0,0.0
2026-01-14 17:34:19,clusterA,1,4,3,1,0.45,0.22,0.25,0.53,0.22,0.25
2026-01-14 17:34:19,clusterB,1,4,3,1,0.12,1.0,0.25,0.0,1.0,0.25
2026-01-14 17:34:24,clusterA,1,4,3,1,0.46,0.22,0.25,0.53,0.22,0.25
2026-01-14 17:34:24,clusterB,1,4,3,1,0.11,1.0,0.25,0.0,1.0,0.25
2026-01-14 17:34:29,clusterA,1,4,3,1,0.45,0.22,0.25,0.53,0.22,0.25
2026-01-14 17:34:29,clusterB,1,4,3,1,0.12,1.0,0.25,0.0,1.0,0.25
2026-01-14 17:34:34,clusterA,1,4,3,1,0.45,0.22,0.25,0.53,0.22,0.25
2026-01-14 17:34:34,clusterB,1,4,3,1,0.11,1.0,0.25,0.0,1.0,0.25
2026-01-14 17:34:39,clusterA,1,4,3,1,0.44,0.22,0.25,0.53,0.22,0.25
2026-01-14 17:34:39,clusterB,1,4,3,1,0.11,1.0,0.25,0.0,1.0,0.25
2026-01-14 17:34:44,clusterA,2,4,3,1,0.44,0.22,0.5,0.28,0.22,0.5
2026-01-14 17:34:44,clusterB,2,4,3,1,0.12,1.0,0.5,0.0,1.0,0.5
2026-01-14 17:34:49,clusterA,2,4,3,1,0.45,0.23,0.5,0.27,0.23,0.5
2026-01-14 17:34:49,clusterB,2,4,3,1,0.12,1.0,0.5,0.0,1.0,0.5
2026-01-14 17:34:54,clusterA,2,4,3,1,0.47,0.23,0.5,0.27,0.23,0.5
2026-01-14 17:34:54,clusterB,2,4,3,1,0.13,1.0,0.5,0.0,1.0,0.5
2026-01-14 17:34:59,clusterA,2,4,3,1,0.47,0.23,0.5,0.27,0.23,0.5
2026-01-14 17:34:59,clusterB,2,4,3,1,0.13,1.0,0.5,0.0,1.0,0.5
2026-01-14 17:35:04,clusterA,2,4,3,1,0.45,0.23,0.5,0.27,0.23,0.5
2026-01-14 17:35:04,clusterB,2,4,3,1,0.12,1.0,0.5,0.0,1.0,0.5
2026-01-14 17:35:09,clusterA,2,4,3,1,0.47,0.22,0.5,0.28,0.22,0.5
2026-01-14 17:35:09,clusterB,2,4,2,2,0.11,1.0,0.5,0.0,1.0,0.5
2026-01-14 17:35:14,clusterA,2,4,3,1,0.47,0.22,0.5,0.28,0.22,0.5
2026-01-14 17:35:14,clusterB,2,4,2,2,0.11,1.0,0.5,0.0,1.0,0.5
2026-01-14 17:35:19,clusterA,2,4,3,1,0.46,0.22,0.5,0.28,0.22,0.5
2026-01-14 17:35:19,clusterB,2,4,2,2,0.1,1.0,0.5,0.0,1.0,0.5
2026-01-14 17:35:24,clusterA,2,4,3,1,0.46,0.22,0.5,0.28,0.22,0.5
2026-01-14 17:35:24,clusterB,2,4,2,2,0.1,1.0,0.5,0.0,1.0,0.5
2026-01-14 17:35:29,clusterA,2,4,3,1,0.46,0.22,0.5,0.28,0.22,0.5
2026-01-14 17:35:29,clusterB,2,4,2,2,0.1,1.0,0.5,0.0,1.0,0.5
2026-01-14 17:35:34,clusterA,3,4,3,1,0.46,0.23,0.75,0.01999999999999999,0.23,0.75
2026-01-14 17:35:34,clusterB,3,4,2,2,0.09,1.0,0.75,0.0,1.0,0.75
2026-01-14 17:35:39,clusterA,3,4,3,1,0.47,0.22,0.75,0.03,0.22,0.75
2026-01-14 17:35:39,clusterB,3,4,2,2,0.09,1.0,0.75,0.0,1.0,0.75
2026-01-14 17:35:44,clusterA,3,4,2,2,0.46,0.22,0.75,0.03,0.22,0.75
2026-01-14 17:35:44,clusterB,3,4,2,2,0.09,1.0,0.75,0.0,1.0,0.75
2026-01-14 17:35:49,clusterA,3,4,2,2,0.45,0.22,0.75,0.03,0.22,0.75
2026-01-14 17:35:49,clusterB,3,4,2,2,0.08,1.0,0.75,0.0,1.0,0.75
2026-01-14 17:35:54,clusterA,3,4,2,2,0.43,0.21,0.75,0.04000000000000001,0.21,0.75
2026-01-14 17:35:54,clusterB,3,4,2,2,0.07,1.0,0.75,0.0,1.0,0.75
2026-01-14 17:35:59,clusterA,3,4,2,2,0.42,0.21,0.75,0.04000000000000001,0.21,0.75
2026-01-14 17:35:59,clusterB,3,4,2,2,0.07,1.0,0.75,0.0,1.0,0.75
2026-01-14 17:36:04,clusterA,3,4,2,2,0.41,0.2,0.75,0.04999999999999999,0.2,0.75
2026-01-14 17:36:04,clusterB,3,4,2,2,0.06,1.0,0.75,0.0,1.0,0.75
2026-01-14 17:36:09,clusterA,3,4,2,2,0.41,0.2,0.75,0.04999999999999999,0.2,0.75
2026-01-14 17:36:09,clusterB,3,4,2,2,0.06,1.0,0.75,0.0,1.0,0.75
2026-01-14 17:36:14,clusterA,3,4,2,2,0.4,0.2,0.75,0.04999999999999999,0.2,0.75
2026-01-14 17:36:14,clusterB,3,4,2,2,0.06,1.0,0.75,0.0,1.0,0.75
2026-01-14 17:36:19,clusterA,3,4,2,2,0.38,0.2,0.75,0.04999999999999999,0.2,0.75
2026-01-14 17:36:19,clusterB,3,4,2,2,0.05,1.0,0.75,0.0,1.0,0.75
2026-01-14 17:36:24,clusterA,3,4,2,2,0.38,0.19,0.75,0.06,0.19,0.75
2026-01-14 17:36:24,clusterB,3,4,2,2,0.05,1.0,0.75,0.0,1.0,0.75
2026-01-14 17:36:29,clusterA,3,4,2,2,0.36,0.19,0.75,0.06,0.19,0.75
2026-01-14 17:36:29,clusterB,3,4,2,2,0.04,1.0,0.75,0.0,1.0,0.75
2026-01-14 17:36:34,clusterA,3,4,2,2,0.35,0.19,0.75,0.06,0.19,0.75
2026-01-14 17:36:34,clusterB,3,4,2,2,0.04,1.0,0.75,0.0,1.0,0.75
2026-01-14 17:36:39,clusterA,3,4,2,2,0.33,0.18,0.75,0.07,0.18,0.75
2026-01-14 17:36:39,clusterB,3,4,2,2,0.03,1.0,0.75,0.0,1.0,0.75
2026-01-14 17:36:44,clusterA,3,4,2,2,0.34,0.19,0.75,0.06,0.19,0.75
2026-01-14 17:36:44,clusterB,3,4,2,2,0.02,1.0,0.75,0.0,1.0,0.75
2026-01-14 17:36:49,clusterA,4,4,2,2,0.34,0.19,1.0,0.0,0.19,1.0
2026-01-14 17:36:49,clusterB,4,4,2,2,0.01,1.0,1.0,0.0,1.0,1.0
2026-01-14 17:36:54,clusterA,4,4,2,2,0.35,0.19,1.0,0.0,0.19,1.0
2026-01-14 17:36:54,clusterB,4,4,2,2,0.0,1.0,1.0,0.0,1.0,1.0
2026-01-14 17:36:59,clusterA,4,4,2,2,0.35,0.19,1.0,0.0,0.19,1.0
2026-01-14 17:36:59,clusterB,4,4,2,2,0.0,0.96,1.0,0.0,0.96,1.0
2026-01-14 17:37:04,clusterA,4,4,2,2,0.35,0.19,1.0,0.0,0.19,1.0
2026-01-14 17:37:04,clusterB,4,4,2,2,0.0,0.91,1.0,0.0,0.91,1.0
2026-01-14 17:37:09,clusterA,4,4,2,2,0.35,0.19,1.0,0.0,0.19,1.0
2026-01-14 17:37:09,clusterB,4,4,2,2,0.0,0.91,1.0,0.0,0.91,1.0
2026-01-14 17:37:14,clusterA,4,4,2,2,0.35,0.19,1.0,0.0,0.19,1.0
2026-01-14 17:37:14,clusterB,4,4,2,2,0.0,0.91,1.0,0.0,0.91,1.0
2026-01-14 17:37:19,clusterA,4,4,2,2,0.36,0.19,1.0,0.0,0.19,1.0
2026-01-14 17:37:19,clusterB,4,4,2,2,0.0,0.91,1.0,0.0,0.91,1.0
2026-01-14 17:37:24,clusterA,4,4,2,2,0.36,0.19,1.0,0.0,0.19,1.0
2026-01-14 17:37:24,clusterB,4,4,2,2,0.0,0.91,1.0,0.0,0.91,1.0
2026-01-14 17:37:29,clusterA,4,4,2,2,0.36,0.19,1.0,0.0,0.19,1.0
2026-01-14 17:37:29,clusterB,4,4,2,2,0.0,0.9,1.0,0.0,0.9,1.0
2026-01-14 17:37:34,clusterA,4,4,2,2,0.36,0.19,1.0,0.0,0.19,1.0
2026-01-14 17:37:34,clusterB,4,4,2,2,0.0,0.9,1.0,0.0,0.9,1.0
2026-01-14 17:37:39,clusterA,4,4,2,2,0.36,0.19,1.0,0.0,0.19,1.0
2026-01-14 17:37:39,clusterB,4,4,2,2,0.0,0.9,1.0,0.0,0.9,1.0
2026-01-14 17:37:44,clusterA,4,4,2,2,0.36,0.19,1.0,0.0,0.19,1.0
2026-01-14 17:37:44,clusterB,4,4,2,2,0.0,0.9,1.0,0.0,0.9,1.0
2026-01-14 17:37:49,clusterA,4,4,2,2,0.34,0.19,1.0,0.0,0.19,1.0
2026-01-14 17:37:49,clusterB,4,4,2,2,0.0,0.9,1.0,0.0,0.9,1.0
2026-01-14 17:37:54,clusterA,4,4,2,2,0.34,0.19,1.0,0.0,0.19,1.0
2026-01-14 17:37:54,clusterB,4,4,2,2,0.0,0.9,1.0,0.0,0.9,1.0
2026-01-14 17:37:59,clusterA,4,4,2,2,0.33,0.19,1.0,0.0,0.19,1.0
2026-01-14 17:37:59,clusterB,4,4,2,2,0.0,0.9,1.0,0.0,0.9,1.0
2026-01-14 17:38:04,clusterA,4,4,2,2,0.33,0.19,1.0,0.0,0.19,1.0
2026-01-14 17:38:04,clusterB,4,4,2,2,0.0,0.9,1.0,0.0,0.9,1.0
2026-01-14 17:38:09,clusterA,4,4,2,2,0.33,0.19,1.0,0.0,0.19,1.0
2026-01-14 17:38:09,clusterB,4,4,2,2,0.0,0.9,1.0,0.0,0.9,1.0
2026-01-14 17:38:14,clusterA,4,4,2,2,0.32,0.19,1.0,0.0,0.19,1.0
2026-01-14 17:38:14,clusterB,4,4,2,2,0.0,0.9,1.0,0.0,0.9,1.0
2026-01-14 17:38:19,clusterA,4,4,2,2,0.32,0.19,1.0,0.0,0.19,1.0
2026-01-14 17:38:19,clusterB,4,4,2,2,0.0,0.9,1.0,0.0,0.9,1.0
2026-01-14 17:38:24,clusterA,4,4,2,2,0.32,0.18,1.0,0.0,0.18,1.0
2026-01-14 17:38:24,clusterB,4,4,2,2,0.0,0.9,1.0,0.0,0.9,1.0
2026-01-14 17:38:29,clusterA,4,4,2,2,0.32,0.18,1.0,0.0,0.18,1.0
2026-01-14 17:38:29,clusterB,4,4,2,2,0.0,0.9,1.0,0.0,0.9,1.0
2026-01-14 17:38:34,clusterA,4,4,2,2,0.31,0.19,1.0,0.0,0.19,1.0
2026-01-14 17:38:34,clusterB,4,4,2,2,0.0,0.9,1.0,0.0,0.9,1.0
2026-01-14 17:38:39,clusterA,4,4,2,2,0.32,0.19,1.0,0.0,0.19,1.0
2026-01-14 17:38:39,clusterB,4,4,2,2,0.0,0.9,1.0,0.0,0.9,1.0
2026-01-14 17:38:44,clusterA,4,4,2,2,0.32,0.19,1.0,0.0,0.19,1.0
2026-01-14 17:38:44,clusterB,4,4,2,2,0.0,0.9,1.0,0.0,0.9,1.0
2026-01-14 17:38:49,clusterA,4,4,2,2,0.32,0.19,1.0,0.0,0.19,1.0
2026-01-14 17:38:49,clusterB,4,4,2,2,0.0,0.9,1.0,0.0,0.9,1.0
2026-01-14 17:38:54,clusterA,4,4,2,2,0.33,0.19,1.0,0.0,0.19,1.0
2026-01-14 17:38:54,clusterB,4,4,2,2,0.0,0.89,1.0,0.0,0.89,1.0
2026-01-14 17:38:59,clusterA,4,4,2,2,0.33,0.19,1.0,0.0,0.19,1.0
2026-01-14 17:38:59,clusterB,4,4,2,2,0.0,0.9,1.0,0.0,0.9,1.0
2026-01-14 17:39:04,clusterA,4,4,2,2,0.33,0.19,1.0,0.0,0.19,1.0
2026-01-14 17:39:04,clusterB,4,4,2,2,0.0,0.9,1.0,0.0,0.9,1.0
2026-01-14 17:39:09,clusterA,4,4,2,2,0.33,0.19,1.0,0.0,0.19,1.0
2026-01-14 17:39:09,clusterB,4,4,2,2,0.0,0.9,1.0,0.0,0.9,1.0
2026-01-14 17:39:14,clusterA,4,4,2,2,0.32,0.19,1.0,0.0,0.19,1.0
2026-01-14 17:39:14,clusterB,4,4,2,2,0.0,0.9,1.0,0.0,0.9,1.0
2026-01-14 17:39:19,clusterA,4,4,2,2,0.32,0.19,1.0,0.0,0.19,1.0
2026-01-14 17:39:19,clusterB,4,4,2,2,0.0,0.9,1.0,0.0,0.9,1.0
2026-01-14 17:39:24,clusterA,4,4,2,2,0.33,0.19,1.0,0.0,0.19,1.0
2026-01-14 17:39:24,clusterB,4,4,2,2,0.0,0.9,1.0,0.0,0.9,1.0
2026-01-14 17:39:29,clusterA,4,4,2,2,0.33,0.19,1.0,0.0,0.19,1.0
2026-01-14 17:39:29,clusterB,4,4,2,2,0.0,0.9,1.0,0.0,0.9,1.0
2026-01-14 17:39:34,clusterA,4,4,2,2,0.32,0.19,1.0,0.0,0.19,1.0
2026-01-14 17:39:34,clusterB,4,4,2,2,0.0,0.9,1.0,0.0,0.9,1.0
2026-01-14 17:39:39,clusterA,4,4,2,2,0.34,0.19,1.0,0.0,0.19,1.0
2026-01-14 17:39:39,clusterB,4,4,2,2,0.0,0.9,1.0,0.0,0.9,1.0
2026-01-14 17:39:44,clusterA,4,4,2,2,0.32,0.18,1.0,0.0,0.18,1.0
2026-01-14 17:39:44,clusterB,4,4,2,2,0.0,0.9,1.0,0.0,0.9,1.0
2026-01-14 17:39:49,clusterA,4,4,2,2,0.33,0.18,1.0,0.0,0.18,1.0
2026-01-14 17:39:49,clusterB,4,4,2,2,0.0,0.9,1.0,0.0,0.9,1.0
2026-01-14 17:39:54,clusterA,4,4,2,2,0.33,0.18,1.0,0.0,0.18,1.0
2026-01-14 17:39:54,clusterB,4,4,2,2,0.0,0.9,1.0,0.0,0.9,1.0
2026-01-14 17:39:59,clusterA,4,4,2,2,0.32,0.19,1.0,0.0,0.19,1.0
2026-01-14 17:39:59,clusterB,4,4,2,2,0.0,0.9,1.0,0.0,0.9,1.0
2026-01-14 17:40:04,clusterA,4,4,2,2,0.33,0.19,1.0,0.0,0.19,1.0
2026-01-14 17:40:04,clusterB,4,4,2,2,0.0,0.9,1.0,0.0,0.9,1.0
2026-01-14 17:40:09,clusterA,4,4,2,2,0.33,0.19,1.0,0.0,0.19,1.0
2026-01-14 17:40:09,clusterB,4,4,2,2,0.0,0.9,1.0,0.0,0.9,1.0
2026-01-14 17:40:14,clusterA,4,4,2,2,0.34,0.19,1.0,0.0,0.19,1.0
2026-01-14 17:40:14,clusterB,4,4,2,2,0.0,0.9,1.0,0.0,0.9,1.0
2026-01-14 17:40:19,clusterA,4,4,2,2,0.34,0.18,1.0,0.0,0.18,1.0
2026-01-14 17:40:19,clusterB,4,4,2,2,0.0,0.9,1.0,0.0,0.9,1.0
2026-01-14 17:40:24,clusterA,4,4,2,2,0.34,0.18,1.0,0.0,0.18,1.0
2026-01-14 17:40:24,clusterB,4,4,2,2,0.0,0.9,1.0,0.0,0.9,1.0
2026-01-14 17:40:29,clusterA,4,4,2,2,0.33,0.19,1.0,0.0,0.19,1.0
2026-01-14 17:40:29,clusterB,4,4,2,2,0.0,0.9,1.0,0.0,0.9,1.0
2026-01-14 17:40:34,clusterA,4,4,2,2,0.35,0.19,1.0,0.0,0.19,1.0
2026-01-14 17:40:34,clusterB,4,4,2,2,0.0,0.9,1.0,0.0,0.9,1.0
2026-01-14 17:40:39,clusterA,4,4,2,2,0.34,0.19,1.0,0.0,0.19,1.0
2026-01-14 17:40:39,clusterB,4,4,2,2,0.0,0.9,1.0,0.0,0.9,1.0
2026-01-14 17:40:44,clusterA,4,4,2,2,0.34,0.19,1.0,0.0,0.19,1.0
2026-01-14 17:40:44,clusterB,4,4,2,2,0.0,0.9,1.0,0.0,0.9,1.0
2026-01-14 17:40:49,clusterA,4,4,2,2,0.34,0.19,1.0,0.0,0.19,1.0
2026-01-14 17:40:49,clusterB,4,4,2,2,0.0,0.9,1.0,0.0,0.9,1.0
2026-01-14 17:40:54,clusterA,4,4,2,2,0.33,0.19,1.0,0.0,0.19,1.0
2026-01-14 17:40:54,clusterB,4,4,2,2,0.0,0.9,1.0,0.0,0.9,1.0
2026-01-14 17:40:59,clusterA,4,4,2,2,0.33,0.19,1.0,0.0,0.19,1.0
2026-01-14 17:40:59,clusterB,4,4,2,2,0.0,0.91,1.0,0.0,0.91,1.0
2026-01-14 17:41:04,clusterA,5,4,2,2,0.33,0.19,1.0,0.0,0.19,1.0
2026-01-14 17:41:04,clusterB,5,4,2,2,0.0,0.91,1.0,0.0,0.91,1.0
2026-01-14 17:41:09,clusterA,5,4,2,2,0.32,0.19,1.0,0.0,0.19,1.0
2026-01-14 17:41:09,clusterB,5,4,2,2,0.0,0.91,1.0,0.0,0.91,1.0
2026-01-14 17:41:14,clusterA,5,4,2,2,0.33,0.19,1.0,0.0,0.19,1.0
2026-01-14 17:41:14,clusterB,5,4,2,2,0.0,0.91,1.0,0.0,0.91,1.0
2026-01-14 17:41:19,clusterA,5,4,2,2,0.32,0.19,1.0,0.0,0.19,1.0
2026-01-14 17:41:19,clusterB,5,4,2,2,0.0,0.91,1.0,0.0,0.91,1.0
2026-01-14 17:41:24,clusterA,5,4,2,2,0.32,0.19,1.0,0.0,0.19,1.0
2026-01-14 17:41:24,clusterB,5,4,2,2,0.0,0.91,1.0,0.0,0.91,1.0
2026-01-14 17:41:29,clusterA,5,4,2,2,0.32,0.19,1.0,0.0,0.19,1.0
2026-01-14 17:41:29,clusterB,5,4,2,2,0.0,0.91,1.0,0.0,0.91,1.0
2026-01-14 17:41:34,clusterA,5,4,2,2,0.31,0.18,1.0,0.0,0.18,1.0
2026-01-14 17:41:34,clusterB,5,4,2,2,0.0,0.91,1.0,0.0,0.91,1.0
2026-01-14 17:41:40,clusterA,5,4,2,2,0.31,0.18,1.0,0.0,0.18,1.0
2026-01-14 17:41:40,clusterB,5,4,2,2,0.0,0.91,1.0,0.0,0.91,1.0
2026-01-14 17:41:45,clusterA,5,4,2,2,0.32,0.18,1.0,0.0,0.18,1.0
2026-01-14 17:41:45,clusterB,5,4,2,2,0.0,0.9,1.0,0.0,0.9,1.0
2026-01-14 17:41:50,clusterA,5,4,2,2,0.31,0.18,1.0,0.0,0.18,1.0
2026-01-14 17:41:50,clusterB,5,4,2,2,0.0,0.9,1.0,0.0,0.9,1.0
2026-01-14 17:41:55,clusterA,5,4,2,2,0.31,0.18,1.0,0.0,0.18,1.0
2026-01-14 17:41:55,clusterB,5,4,2,2,0.0,0.9,1.0,0.0,0.9,1.0
2026-01-14 17:42:00,clusterA,5,4,2,2,0.32,0.18,1.0,0.0,0.18,1.0
2026-01-14 17:42:00,clusterB,5,4,2,2,0.0,0.9,1.0,0.0,0.9,1.0
2026-01-14 17:42:05,clusterA,5,4,2,2,0.32,0.18,1.0,0.0,0.18,1.0
2026-01-14 17:42:05,clusterB,5,4,2,2,0.0,0.9,1.0,0.0,0.9,1.0
2026-01-14 17:42:10,clusterA,5,4,2,2,0.33,0.18,1.0,0.0,0.18,1.0
2026-01-14 17:42:10,clusterB,5,4,2,2,0.0,0.9,1.0,0.0,0.9,1.0
2026-01-14 17:42:15,clusterA,5,4,2,2,0.34,0.18,1.0,0.0,0.18,1.0
2026-01-14 17:42:15,clusterB,5,4,2,2,0.0,0.9,1.0,0.0,0.9,1.0
2026-01-14 17:42:20,clusterA,5,4,2,2,0.34,0.18,1.0,0.0,0.18,1.0
2026-01-14 17:42:20,clusterB,5,4,2,2,0.0,0.9,1.0,0.0,0.9,1.0
2026-01-14 17:42:25,clusterA,5,4,2,2,0.35,0.18,1.0,0.0,0.18,1.0
2026-01-14 17:42:25,clusterB,5,4,2,2,0.0,0.9,1.0,0.0,0.9,1.0
2026-01-14 17:42:30,clusterA,5,4,2,2,0.36,0.19,1.0,0.0,0.19,1.0
2026-01-14 17:42:30,clusterB,5,4,2,2,0.0,0.9,1.0,0.0,0.9,1.0
2026-01-14 17:42:35,clusterA,5,4,2,2,0.37,0.19,1.0,0.0,0.19,1.0
2026-01-14 17:42:35,clusterB,5,4,2,2,0.0,0.9,1.0,0.0,0.9,1.0
2026-01-14 17:42:40,clusterA,5,4,2,2,0.36,0.19,1.0,0.0,0.19,1.0
2026-01-14 17:42:40,clusterB,5,4,2,2,0.0,0.9,1.0,0.0,0.9,1.0
2026-01-14 17:42:45,clusterA,5,4,2,2,0.36,0.19,1.0,0.0,0.19,1.0
2026-01-14 17:42:45,clusterB,5,4,2,2,0.0,0.9,1.0,0.0,0.9,1.0
2026-01-14 17:42:50,clusterA,5,4,2,2,0.37,0.19,1.0,0.0,0.19,1.0
2026-01-14 17:42:50,clusterB,5,4,2,2,0.0,0.9,1.0,0.0,0.9,1.0
2026-01-14 17:42:55,clusterA,5,4,2,2,0.37,0.19,1.0,0.0,0.19,1.0
2026-01-14 17:42:55,clusterB,5,4,2,2,0.0,0.9,1.0,0.0,0.9,1.0
2026-01-14 17:43:00,clusterA,5,4,2,2,0.36,0.19,1.0,0.0,0.19,1.0
2026-01-14 17:43:00,clusterB,5,4,2,2,0.0,0.9,1.0,0.0,0.9,1.0
2026-01-14 17:43:05,clusterA,5,4,2,2,0.37,0.19,1.0,0.0,0.19,1.0
2026-01-14 17:43:05,clusterB,5,4,2,2,0.0,0.9,1.0,0.0,0.9,1.0
2026-01-14 17:43:10,clusterA,5,4,2,2,0.36,0.19,1.0,0.0,0.19,1.0
2026-01-14 17:43:10,clusterB,5,4,2,2,0.0,0.9,1.0,0.0,0.9,1.0
2026-01-14 17:43:15,clusterA,5,4,2,2,0.36,0.19,1.0,0.0,0.19,1.0
2026-01-14 17:43:15,clusterB,5,4,2,2,0.0,0.9,1.0,0.0,0.9,1.0
2026-01-14 17:43:20,clusterA,5,4,2,2,0.35,0.19,1.0,0.0,0.19,1.0
2026-01-14 17:43:20,clusterB,5,4,2,2,0.0,0.9,1.0,0.0,0.9,1.0
2026-01-14 17:43:25,clusterA,5,4,2,2,0.35,0.19,1.0,0.0,0.19,1.0
2026-01-14 17:43:25,clusterB,5,4,2,2,0.0,0.9,1.0,0.0,0.9,1.0
2026-01-14 17:43:30,clusterA,5,4,2,2,0.34,0.18,1.0,0.0,0.18,1.0
2026-01-14 17:43:30,clusterB,5,4,2,2,0.0,0.9,1.0,0.0,0.9,1.0
2026-01-14 17:43:35,clusterA,5,4,2,2,0.33,0.18,1.0,0.0,0.18,1.0
2026-01-14 17:43:35,clusterB,5,4,2,2,0.0,0.9,1.0,0.0,0.9,1.0
2026-01-14 17:43:40,clusterA,5,4,2,2,0.33,0.18,1.0,0.0,0.18,1.0
2026-01-14 17:43:40,clusterB,5,4,2,2,0.0,0.9,1.0,0.0,0.9,1.0
2026-01-14 17:43:45,clusterA,5,4,2,2,0.33,0.18,1.0,0.0,0.18,1.0
2026-01-14 17:43:45,clusterB,5,4,2,2,0.0,0.9,1.0,0.0,0.9,1.0
2026-01-14 17:43:50,clusterA,5,4,2,2,0.33,0.18,1.0,0.0,0.18,1.0
2026-01-14 17:43:50,clusterB,5,4,2,2,0.0,0.91,1.0,0.0,0.91,1.0
2026-01-14 17:43:55,clusterA,5,4,2,2,0.32,0.18,1.0,0.0,0.18,1.0
2026-01-14 17:43:55,clusterB,5,4,2,2,0.0,0.91,1.0,0.0,0.91,1.0
2026-01-14 17:44:00,clusterA,5,4,2,2,0.32,0.18,1.0,0.0,0.18,1.0
2026-01-14 17:44:00,clusterB,5,4,2,2,0.0,0.91,1.0,0.0,0.91,1.0
2026-01-14 17:44:05,clusterA,5,4,2,2,0.32,0.18,1.0,0.0,0.18,1.0
2026-01-14 17:44:05,clusterB,5,4,2,2,0.0,0.91,1.0,0.0,0.91,1.0
2026-01-14 17:44:10,clusterA,5,4,2,2,0.32,0.18,1.0,0.0,0.18,1.0
2026-01-14 17:44:10,clusterB,5,4,2,2,0.0,0.91,1.0,0.0,0.91,1.0
2026-01-14 17:44:15,clusterA,5,4,2,2,0.32,0.18,1.0,0.0,0.18,1.0
2026-01-14 17:44:15,clusterB,5,4,2,2,0.0,0.91,1.0,0.0,0.91,1.0
2026-01-14 17:44:20,clusterA,5,4,2,2,0.32,0.18,1.0,0.0,0.18,1.0
2026-01-14 17:44:20,clusterB,5,4,2,2,0.0,0.91,1.0,0.0,0.91,1.0
2026-01-14 17:44:25,clusterA,5,4,2,2,0.34,0.18,1.0,0.0,0.18,1.0
2026-01-14 17:44:25,clusterB,5,4,2,2,0.0,0.91,1.0,0.0,0.91,1.0
2026-01-14 17:44:30,clusterA,5,4,2,2,0.33,0.18,1.0,0.0,0.18,1.0
2026-01-14 17:44:30,clusterB,5,4,2,2,0.0,0.91,1.0,0.0,0.91,1.0
2026-01-14 17:44:35,clusterA,5,4,2,2,0.33,0.18,1.0,0.0,0.18,1.0
2026-01-14 17:44:35,clusterB,5,4,2,2,0.0,0.91,1.0,0.0,0.91,1.0
2026-01-14 17:44:40,clusterA,5,4,2,2,0.33,0.18,1.0,0.0,0.18,1.0
2026-01-14 17:44:40,clusterB,5,4,2,2,0.0,0.91,1.0,0.0,0.91,1.0
2026-01-14 17:44:45,clusterA,5,4,2,2,0.33,0.18,1.0,0.0,0.18,1.0
2026-01-14 17:44:45,clusterB,5,4,2,2,0.0,0.91,1.0,0.0,0.91,1.0
2026-01-14 17:44:50,clusterA,5,4,2,2,0.34,0.18,1.0,0.0,0.18,1.0
2026-01-14 17:44:50,clusterB,5,4,2,2,0.0,0.91,1.0,0.0,0.91,1.0
2026-01-14 17:44:55,clusterA,5,4,2,2,0.34,0.18,1.0,0.0,0.18,1.0
2026-01-14 17:44:55,clusterB,5,4,2,2,0.0,0.91,1.0,0.0,0.91,1.0
2026-01-14 17:45:00,clusterA,5,4,2,2,0.34,0.18,1.0,0.0,0.18,1.0
2026-01-14 17:45:00,clusterB,5,4,2,2,0.0,0.91,1.0,0.0,0.91,1.0
2026-01-14 17:45:05,clusterA,6,4,2,2,0.34,0.18,1.0,0.0,0.18,1.0
2026-01-14 17:45:05,clusterB,6,4,2,2,0.0,0.91,1.0,0.0,0.91,1.0
2026-01-14 17:45:10,clusterA,6,4,2,2,0.34,0.18,1.0,0.0,0.18,1.0
2026-01-14 17:45:10,clusterB,6,4,2,2,0.0,0.91,1.0,0.0,0.91,1.0
2026-01-14 17:45:15,clusterA,6,4,2,2,0.34,0.18,1.0,0.0,0.18,1.0
2026-01-14 17:45:15,clusterB,6,4,2,2,0.0,0.91,1.0,0.0,0.91,1.0
2026-01-14 17:45:20,clusterA,6,4,2,2,0.34,0.18,1.0,0.0,0.18,1.0
2026-01-14 17:45:20,clusterB,6,4,2,2,0.0,0.91,1.0,0.0,0.91,1.0
2026-01-14 17:45:25,clusterA,6,4,2,2,0.32,0.18,1.0,0.0,0.18,1.0
2026-01-14 17:45:25,clusterB,6,4,2,2,0.0,0.91,1.0,0.0,0.91,1.0
2026-01-14 17:45:30,clusterA,6,4,2,2,0.31,0.19,1.0,0.0,0.19,1.0
2026-01-14 17:45:30,clusterB,6,4,2,2,0.0,0.91,1.0,0.0,0.91,1.0
2026-01-14 17:45:35,clusterA,6,4,2,2,0.31,0.19,1.0,0.0,0.19,1.0
2026-01-14 17:45:35,clusterB,6,4,2,2,0.0,0.91,1.0,0.0,0.91,1.0
2026-01-14 17:45:40,clusterA,6,4,2,2,0.31,0.19,1.0,0.0,0.19,1.0
2026-01-14 17:45:40,clusterB,6,4,2,2,0.0,0.91,1.0,0.0,0.91,1.0
2026-01-14 17:45:45,clusterA,6,4,2,2,0.31,0.19,1.0,0.0,0.19,1.0
2026-01-14 17:45:45,clusterB,6,4,2,2,0.0,0.91,1.0,0.0,0.91,1.0
2026-01-14 17:45:50,clusterA,6,4,2,2,0.32,0.19,1.0,0.0,0.19,1.0
2026-01-14 17:45:50,clusterB,6,4,2,2,0.0,0.91,1.0,0.0,0.91,1.0
2026-01-14 17:45:55,clusterA,6,4,2,2,0.32,0.19,1.0,0.0,0.19,1.0
2026-01-14 17:45:55,clusterB,6,4,2,2,0.0,0.91,1.0,0.0,0.91,1.0
2026-01-14 17:46:00,clusterA,6,4,2,2,0.33,0.19,1.0,0.0,0.19,1.0
2026-01-14 17:46:00,clusterB,6,4,2,2,0.0,0.9,1.0,0.0,0.9,1.0
2026-01-14 17:46:05,clusterA,7,4,2,2,0.33,0.19,1.0,0.0,0.19,1.0
2026-01-14 17:46:05,clusterB,7,4,2,2,0.0,0.9,1.0,0.0,0.9,1.0
2026-01-14 17:46:10,clusterA,7,4,2,2,0.33,0.19,1.0,0.0,0.19,1.0
2026-01-14 17:46:10,clusterB,7,4,2,2,0.0,0.9,1.0,0.0,0.9,1.0
2026-01-14 17:46:15,clusterA,7,4,2,2,0.32,0.19,1.0,0.0,0.19,1.0
2026-01-14 17:46:15,clusterB,7,4,2,2,0.0,0.9,1.0,0.0,0.9,1.0
2026-01-14 17:46:20,clusterA,7,4,2,2,0.34,0.18,1.0,0.0,0.18,1.0
2026-01-14 17:46:20,clusterB,7,4,2,2,0.0,0.9,1.0,0.0,0.9,1.0
2026-01-14 17:46:25,clusterA,7,4,2,2,0.33,0.18,1.0,0.0,0.18,1.0
2026-01-14 17:46:25,clusterB,7,4,2,2,0.0,0.9,1.0,0.0,0.9,1.0
2026-01-14 17:46:30,clusterA,7,4,2,2,0.34,0.18,1.0,0.0,0.18,1.0
2026-01-14 17:46:30,clusterB,7,4,2,2,0.0,0.89,1.0,0.0,0.89,1.0
2026-01-14 17:46:35,clusterA,7,4,2,2,0.35,0.18,1.0,0.0,0.18,1.0
2026-01-14 17:46:35,clusterB,7,4,2,2,0.0,0.89,1.0,0.0,0.89,1.0
2026-01-14 17:46:40,clusterA,7,4,2,2,0.35,0.18,1.0,0.0,0.18,1.0
2026-01-14 17:46:40,clusterB,7,4,2,2,0.0,0.89,1.0,0.0,0.89,1.0
2026-01-14 17:46:45,clusterA,7,4,2,2,0.34,0.18,1.0,0.0,0.18,1.0
2026-01-14 17:46:45,clusterB,7,4,2,2,0.0,0.89,1.0,0.0,0.89,1.0
2026-01-14 17:46:50,clusterA,7,4,2,2,0.34,0.18,1.0,0.0,0.18,1.0
2026-01-14 17:46:50,clusterB,7,4,2,2,0.0,0.89,1.0,0.0,0.89,1.0
2026-01-14 17:46:55,clusterA,7,4,2,2,0.34,0.18,1.0,0.0,0.18,1.0
2026-01-14 17:46:55,clusterB,7,4,2,2,0.0,0.89,1.0,0.0,0.89,1.0
2026-01-14 17:47:00,clusterA,7,4,2,2,0.33,0.18,1.0,0.0,0.18,1.0
2026-01-14 17:47:00,clusterB,7,4,2,2,0.0,0.89,1.0,0.0,0.89,1.0
2026-01-14 17:47:05,clusterA,7,4,2,2,0.33,0.18,1.0,0.0,0.18,1.0
2026-01-14 17:47:05,clusterB,7,4,2,2,0.0,0.89,1.0,0.0,0.89,1.0
2026-01-14 17:47:10,clusterA,8,4,2,2,0.33,0.18,1.0,0.0,0.18,1.0
2026-01-14 17:47:10,clusterB,8,4,2,2,0.0,0.89,1.0,0.0,0.89,1.0
2026-01-14 17:47:15,clusterA,8,4,2,2,0.33,0.18,1.0,0.0,0.18,1.0
2026-01-14 17:47:15,clusterB,8,4,2,2,0.0,0.89,1.0,0.0,0.89,1.0
2026-01-14 17:47:20,clusterA,8,4,2,2,0.32,0.18,1.0,0.0,0.18,1.0
2026-01-14 17:47:20,clusterB,8,4,2,2,0.0,0.89,1.0,0.0,0.89,1.0
2026-01-14 17:47:25,clusterA,8,4,2,2,0.33,0.18,1.0,0.0,0.18,1.0
2026-01-14 17:47:25,clusterB,8,4,2,2,0.0,0.89,1.0,0.0,0.89,1.0
2026-01-14 17:47:30,clusterA,8,4,2,2,0.32,0.18,1.0,0.0,0.18,1.0
2026-01-14 17:47:30,clusterB,8,4,2,2,0.0,0.89,1.0,0.0,0.89,1.0
2026-01-14 17:47:35,clusterA,8,4,2,2,0.32,0.18,1.0,0.0,0.18,1.0
2026-01-14 17:47:35,clusterB,8,4,2,2,0.0,0.89,1.0,0.0,0.89,1.0
2026-01-14 17:47:40,clusterA,8,4,2,2,0.32,0.18,1.0,0.0,0.18,1.0
2026-01-14 17:47:40,clusterB,8,4,2,2,0.0,0.89,1.0,0.0,0.89,1.0
2026-01-14 17:47:45,clusterA,8,4,2,2,0.32,0.18,1.0,0.0,0.18,1.0
2026-01-14 17:47:45,clusterB,8,4,2,2,0.0,0.89,1.0,0.0,0.89,1.0
2026-01-14 17:47:50,clusterA,8,4,2,2,0.32,0.18,1.0,0.0,0.18,1.0
2026-01-14 17:47:50,clusterB,8,4,2,2,0.0,0.89,1.0,0.0,0.89,1.0
2026-01-14 17:47:55,clusterA,8,4,2,2,0.33,0.18,1.0,0.0,0.18,1.0
2026-01-14 17:47:55,clusterB,8,4,2,2,0.0,0.89,1.0,0.0,0.89,1.0
2026-01-14 17:48:00,clusterA,8,4,2,2,0.33,0.18,1.0,0.0,0.18,1.0
2026-01-14 17:48:00,clusterB,8,4,2,2,0.0,0.89,1.0,0.0,0.89,1.0
2026-01-14 17:48:05,clusterA,8,4,2,2,0.33,0.18,1.0,0.0,0.18,1.0
2026-01-14 17:48:05,clusterB,8,4,2,2,0.0,0.89,1.0,0.0,0.89,1.0
2026-01-14 17:48:10,clusterA,8,4,2,2,0.32,0.18,1.0,0.0,0.18,1.0
2026-01-14 17:48:10,clusterB,8,4,2,2,0.0,0.89,1.0,0.0,0.89,1.0
2026-01-14 17:48:15,clusterA,8,4,2,2,0.32,0.18,1.0,0.0,0.18,1.0
2026-01-14 17:48:15,clusterB,8,4,2,2,0.0,0.89,1.0,0.0,0.89,1.0
2026-01-14 17:48:20,clusterA,8,4,2,2,0.3,0.17,1.0,0.0,0.17,1.0
2026-01-14 17:48:20,clusterB,8,4,2,2,0.0,0.89,1.0,0.0,0.89,1.0
2026-01-14 17:48:25,clusterA,8,4,2,2,0.29,0.17,1.0,0.0,0.17,1.0
2026-01-14 17:48:25,clusterB,8,4,2,2,0.0,0.89,1.0,0.0,0.89,1.0
2026-01-14 17:48:30,clusterA,8,4,2,2,0.28,0.17,1.0,0.0,0.17,1.0
2026-01-14 17:48:30,clusterB,8,4,2,2,0.0,0.9,1.0,0.0,0.9,1.0
2026-01-14 17:48:35,clusterA,8,4,2,2,0.29,0.17,1.0,0.0,0.17,1.0
2026-01-14 17:48:35,clusterB,8,4,2,2,0.0,0.9,1.0,0.0,0.9,1.0
2026-01-14 17:48:40,clusterA,8,4,2,2,0.29,0.17,1.0,0.0,0.17,1.0
2026-01-14 17:48:40,clusterB,8,4,2,2,0.0,0.9,1.0,0.0,0.9,1.0
2026-01-14 17:48:45,clusterA,9,4,2,2,0.3,0.17,1.0,0.0,0.17,1.0
2026-01-14 17:48:45,clusterB,9,4,2,2,0.0,0.9,1.0,0.0,0.9,1.0
2026-01-14 17:48:50,clusterA,9,4,2,2,0.3,0.17,1.0,0.0,0.17,1.0
2026-01-14 17:48:50,clusterB,9,4,2,2,0.0,0.9,1.0,0.0,0.9,1.0
2026-01-14 17:48:55,clusterA,9,4,2,2,0.3,0.17,1.0,0.0,0.17,1.0
2026-01-14 17:48:55,clusterB,9,4,2,2,0.0,0.9,1.0,0.0,0.9,1.0
2026-01-14 17:49:00,clusterA,9,4,2,2,0.29,0.17,1.0,0.0,0.17,1.0
2026-01-14 17:49:00,clusterB,9,4,2,2,0.0,0.9,1.0,0.0,0.9,1.0
2026-01-14 17:49:05,clusterA,9,4,2,2,0.3,0.17,1.0,0.0,0.17,1.0
2026-01-14 17:49:05,clusterB,9,4,2,2,0.0,0.9,1.0,0.0,0.9,1.0
2026-01-14 17:49:10,clusterA,9,4,2,2,0.3,0.17,1.0,0.0,0.17,1.0
2026-01-14 17:49:10,clusterB,9,4,2,2,0.0,0.9,1.0,0.0,0.9,1.0
2026-01-14 17:49:15,clusterA,9,4,2,2,0.32,0.17,1.0,0.0,0.17,1.0
2026-01-14 17:49:15,clusterB,9,4,2,2,0.0,0.9,1.0,0.0,0.9,1.0
2026-01-14 17:49:20,clusterA,9,4,2,2,0.35,0.18,1.0,0.0,0.18,1.0
2026-01-14 17:49:20,clusterB,9,4,2,2,0.0,0.9,1.0,0.0,0.9,1.0
2026-01-14 17:49:25,clusterA,9,4,2,2,0.35,0.18,1.0,0.0,0.18,1.0
2026-01-14 17:49:25,clusterB,9,4,2,2,0.0,0.9,1.0,0.0,0.9,1.0
2026-01-14 17:49:30,clusterA,9,4,2,2,0.35,0.18,1.0,0.0,0.18,1.0
2026-01-14 17:49:30,clusterB,9,4,2,2,0.0,0.9,1.0,0.0,0.9,1.0
2026-01-14 17:49:35,clusterA,9,4,2,2,0.36,0.18,1.0,0.0,0.18,1.0
2026-01-14 17:49:35,clusterB,9,4,2,2,0.0,0.9,1.0,0.0,0.9,1.0
2026-01-14 17:49:40,clusterA,9,4,2,2,0.36,0.18,1.0,0.0,0.18,1.0
2026-01-14 17:49:40,clusterB,9,4,2,2,0.0,0.9,1.0,0.0,0.9,1.0
2026-01-14 17:49:45,clusterA,9,4,2,2,0.35,0.18,1.0,0.0,0.18,1.0
2026-01-14 17:49:45,clusterB,9,4,2,2,0.0,0.9,1.0,0.0,0.9,1.0
2026-01-14 17:49:50,clusterA,9,4,2,2,0.34,0.18,1.0,0.0,0.18,1.0
2026-01-14 17:49:50,clusterB,9,4,2,2,0.0,0.9,1.0,0.0,0.9,1.0
2026-01-14 17:49:55,clusterA,9,4,2,2,0.34,0.18,1.0,0.0,0.18,1.0
2026-01-14 17:49:55,clusterB,9,4,2,2,0.0,0.9,1.0,0.0,0.9,1.0
2026-01-14 17:50:00,clusterA,9,4,2,2,0.35,0.18,1.0,0.0,0.18,1.0
2026-01-14 17:50:00,clusterB,9,4,2,2,0.0,0.9,1.0,0.0,0.9,1.0
2026-01-14 17:50:05,clusterA,9,4,2,2,0.36,0.18,1.0,0.0,0.18,1.0
2026-01-14 17:50:05,clusterB,9,4,2,2,0.0,0.9,1.0,0.0,0.9,1.0
2026-01-14 17:50:10,clusterA,9,4,2,2,0.33,0.18,1.0,0.0,0.18,1.0
2026-01-14 17:50:10,clusterB,9,4,2,2,0.0,0.9,1.0,0.0,0.9,1.0
2026-01-14 17:50:15,clusterA,9,4,2,2,0.33,0.18,1.0,0.0,0.18,1.0
2026-01-14 17:50:15,clusterB,9,4,2,2,0.0,0.9,1.0,0.0,0.9,1.0
2026-01-14 17:50:20,clusterA,9,4,2,2,0.33,0.19,1.0,0.0,0.19,1.0
2026-01-14 17:50:20,clusterB,9,4,2,2,0.0,0.9,1.0,0.0,0.9,1.0
2026-01-14 17:50:25,clusterA,9,4,2,2,0.33,0.19,1.0,0.0,0.19,1.0
2026-01-14 17:50:25,clusterB,9,4,2,2,0.0,0.9,1.0,0.0,0.9,1.0
2026-01-14 17:50:30,clusterA,9,4,2,2,0.32,0.19,1.0,0.0,0.19,1.0
2026-01-14 17:50:30,clusterB,9,4,2,2,0.0,0.9,1.0,0.0,0.9,1.0
2026-01-14 17:50:35,clusterA,9,4,2,2,0.32,0.18,1.0,0.0,0.18,1.0
2026-01-14 17:50:35,clusterB,9,4,2,2,0.0,0.9,1.0,0.0,0.9,1.0
2026-01-14 17:50:40,clusterA,9,4,2,2,0.31,0.18,1.0,0.0,0.18,1.0
2026-01-14 17:50:40,clusterB,9,4,2,2,0.0,0.89,1.0,0.0,0.89,1.0
2026-01-14 17:50:45,clusterA,9,4,2,2,0.31,0.18,1.0,0.0,0.18,1.0
2026-01-14 17:50:45,clusterB,9,4,2,2,0.0,0.89,1.0,0.0,0.89,1.0
2026-01-14 17:50:50,clusterA,9,4,2,2,0.31,0.19,1.0,0.0,0.19,1.0
2026-01-14 17:50:50,clusterB,9,4,2,2,0.0,0.89,1.0,0.0,0.89,1.0
2026-01-14 17:50:55,clusterA,9,4,2,2,0.32,0.19,1.0,0.0,0.19,1.0
2026-01-14 17:50:55,clusterB,9,4,2,2,0.0,0.89,1.0,0.0,0.89,1.0
2026-01-14 17:51:00,clusterA,9,4,2,2,0.32,0.19,1.0,0.0,0.19,1.0
2026-01-14 17:51:00,clusterB,9,4,2,2,0.0,0.89,1.0,0.0,0.89,1.0
2026-01-14 17:51:05,clusterA,9,4,2,2,0.32,0.19,1.0,0.0,0.19,1.0
2026-01-14 17:51:05,clusterB,9,4,2,2,0.0,0.89,1.0,0.0,0.89,1.0
2026-01-14 17:51:10,clusterA,9,4,2,2,0.3,0.19,1.0,0.0,0.19,1.0
2026-01-14 17:51:10,clusterB,9,4,2,2,0.0,0.89,1.0,0.0,0.89,1.0
2026-01-14 17:51:15,clusterA,9,4,2,2,0.34,0.19,1.0,0.0,0.19,1.0
2026-01-14 17:51:15,clusterB,9,4,2,2,0.0,0.89,1.0,0.0,0.89,1.0
2026-01-14 17:51:20,clusterA,9,4,2,2,0.33,0.19,1.0,0.0,0.19,1.0
2026-01-14 17:51:20,clusterB,9,4,2,2,0.0,0.89,1.0,0.0,0.89,1.0
2026-01-14 17:51:25,clusterA,9,4,2,2,0.34,0.19,1.0,0.0,0.19,1.0
2026-01-14 17:51:25,clusterB,9,4,2,2,0.0,0.89,1.0,0.0,0.89,1.0
2026-01-14 17:51:30,clusterA,9,4,2,2,0.34,0.19,1.0,0.0,0.19,1.0
2026-01-14 17:51:30,clusterB,9,4,2,2,0.0,0.89,1.0,0.0,0.89,1.0
2026-01-14 17:51:35,clusterA,9,4,2,2,0.34,0.19,1.0,0.0,0.19,1.0
2026-01-14 17:51:35,clusterB,9,4,2,2,0.0,0.89,1.0,0.0,0.89,1.0
2026-01-14 17:51:40,clusterA,9,4,2,2,0.34,0.19,1.0,0.0,0.19,1.0
2026-01-14 17:51:40,clusterB,9,4,2,2,0.0,0.89,1.0,0.0,0.89,1.0
2026-01-14 17:51:45,clusterA,9,4,2,2,0.34,0.19,1.0,0.0,0.19,1.0
2026-01-14 17:51:45,clusterB,9,4,2,2,0.0,0.89,1.0,0.0,0.89,1.0
2026-01-14 17:51:50,clusterA,9,4,2,2,0.34,0.19,1.0,0.0,0.19,1.0
2026-01-14 17:51:50,clusterB,9,4,2,2,0.0,0.89,1.0,0.0,0.89,1.0
2026-01-14 17:51:55,clusterA,9,4,2,2,0.33,0.19,1.0,0.0,0.19,1.0
2026-01-14 17:51:55,clusterB,9,4,2,2,0.0,0.89,1.0,0.0,0.89,1.0
2026-01-14 17:52:00,clusterA,9,4,2,2,0.35,0.19,1.0,0.0,0.19,1.0
2026-01-14 17:52:00,clusterB,9,4,2,2,0.0,0.89,1.0,0.0,0.89,1.0
2026-01-14 17:52:05,clusterA,9,4,2,2,0.32,0.18,1.0,0.0,0.18,1.0
2026-01-14 17:52:05,clusterB,9,4,2,2,0.0,0.89,1.0,0.0,0.89,1.0
2026-01-14 17:52:10,clusterA,9,4,2,2,0.33,0.18,1.0,0.0,0.18,1.0
2026-01-14 17:52:10,clusterB,9,4,2,2,0.0,0.89,1.0,0.0,0.89,1.0
2026-01-14 17:52:15,clusterA,9,4,2,2,0.33,0.18,1.0,0.0,0.18,1.0
2026-01-14 17:52:15,clusterB,9,4,2,2,0.0,0.89,1.0,0.0,0.89,1.0
2026-01-14 17:52:20,clusterA,9,4,2,2,0.33,0.18,1.0,0.0,0.18,1.0
2026-01-14 17:52:20,clusterB,9,4,2,2,0.0,0.89,1.0,0.0,0.89,1.0
2026-01-14 17:52:25,clusterA,9,4,2,2,0.32,0.18,1.0,0.0,0.18,1.0
2026-01-14 17:52:25,clusterB,9,4,2,2,0.0,0.89,1.0,0.0,0.89,1.0
2026-01-14 17:52:30,clusterA,9,4,2,2,0.32,0.18,1.0,0.0,0.18,1.0
2026-01-14 17:52:30,clusterB,9,4,2,2,0.0,0.89,1.0,0.0,0.89,1.0
2026-01-14 17:52:35,clusterA,9,4,2,2,0.32,0.18,1.0,0.0,0.18,1.0
2026-01-14 17:52:35,clusterB,9,4,2,2,0.0,0.89,1.0,0.0,0.89,1.0
2026-01-14 17:52:40,clusterA,9,4,2,2,0.31,0.18,1.0,0.0,0.18,1.0
2026-01-14 17:52:40,clusterB,9,4,2,2,0.0,0.89,1.0,0.0,0.89,1.0
2026-01-14 17:52:45,clusterA,9,4,2,2,0.31,0.18,1.0,0.0,0.18,1.0
2026-01-14 17:52:45,clusterB,9,4,2,2,0.0,0.89,1.0,0.0,0.89,1.0
2026-01-14 17:52:50,clusterA,9,4,2,2,0.31,0.18,1.0,0.0,0.18,1.0
2026-01-14 17:52:50,clusterB,9,4,2,2,0.0,0.89,1.0,0.0,0.89,1.0
2026-01-14 17:52:55,clusterA,9,4,2,2,0.3,0.18,1.0,0.0,0.18,1.0
2026-01-14 17:52:55,clusterB,9,4,2,2,0.0,0.9,1.0,0.0,0.9,1.0
2026-01-14 17:53:00,clusterA,9,4,2,2,0.31,0.18,1.0,0.0,0.18,1.0
2026-01-14 17:53:00,clusterB,9,4,2,2,0.0,0.9,1.0,0.0,0.9,1.0
2026-01-14 17:53:05,clusterA,9,4,2,2,0.3,0.18,1.0,0.0,0.18,1.0
2026-01-14 17:53:05,clusterB,9,4,2,2,0.0,0.9,1.0,0.0,0.9,1.0
2026-01-14 17:53:10,clusterA,9,4,2,2,0.33,0.19,1.0,0.0,0.19,1.0
2026-01-14 17:53:10,clusterB,9,4,2,2,0.0,0.9,1.0,0.0,0.9,1.0
2026-01-14 17:53:15,clusterA,9,4,2,2,0.33,0.19,1.0,0.0,0.19,1.0
2026-01-14 17:53:15,clusterB,9,4,2,2,0.0,0.9,1.0,0.0,0.9,1.0
2026-01-14 17:53:20,clusterA,9,4,2,2,0.32,0.19,1.0,0.0,0.19,1.0
2026-01-14 17:53:20,clusterB,9,4,2,2,0.0,0.9,1.0,0.0,0.9,1.0
2026-01-14 17:53:25,clusterA,9,4,2,2,0.33,0.19,1.0,0.0,0.19,1.0
2026-01-14 17:53:25,clusterB,9,4,2,2,0.0,0.9,1.0,0.0,0.9,1.0
2026-01-14 17:53:30,clusterA,9,4,2,2,0.33,0.19,1.0,0.0,0.19,1.0
2026-01-14 17:53:30,clusterB,9,4,2,2,0.0,0.9,1.0,0.0,0.9,1.0
2026-01-14 17:53:35,clusterA,9,4,2,2,0.33,0.19,1.0,0.0,0.19,1.0
2026-01-14 17:53:35,clusterB,9,4,2,2,0.0,0.9,1.0,0.0,0.9,1.0
2026-01-14 17:53:40,clusterA,9,4,2,2,0.33,0.19,1.0,0.0,0.19,1.0
2026-01-14 17:53:40,clusterB,9,4,2,2,0.0,0.9,1.0,0.0,0.9,1.0
2026-01-14 17:53:45,clusterA,9,4,2,2,0.34,0.19,1.0,0.0,0.19,1.0
2026-01-14 17:53:45,clusterB,9,4,2,2,0.0,0.9,1.0,0.0,0.9,1.0
2026-01-14 17:53:50,clusterA,9,4,2,2,0.33,0.19,1.0,0.0,0.19,1.0
2026-01-14 17:53:50,clusterB,9,4,2,2,0.0,0.9,1.0,0.0,0.9,1.0
2026-01-14 17:53:55,clusterA,9,4,2,2,0.33,0.19,1.0,0.0,0.19,1.0
2026-01-14 17:53:55,clusterB,9,4,2,2,0.0,0.9,1.0,0.0,0.9,1.0
2026-01-14 17:54:00,clusterA,9,4,2,2,0.3,0.18,1.0,0.0,0.18,1.0
2026-01-14 17:54:00,clusterB,9,4,2,2,0.0,0.9,1.0,0.0,0.9,1.0
2026-01-14 17:54:05,clusterA,9,4,2,2,0.31,0.18,1.0,0.0,0.18,1.0
2026-01-14 17:54:05,clusterB,9,4,2,2,0.0,0.9,1.0,0.0,0.9,1.0
2026-01-14 17:54:10,clusterA,9,4,2,2,0.31,0.18,1.0,0.0,0.18,1.0
2026-01-14 17:54:10,clusterB,9,4,2,2,0.0,0.9,1.0,0.0,0.9,1.0
2026-01-14 17:54:15,clusterA,9,4,2,2,0.3,0.18,1.0,0.0,0.18,1.0
2026-01-14 17:54:15,clusterB,9,4,2,2,0.0,0.9,1.0,0.0,0.9,1.0
2026-01-14 17:54:20,clusterA,9,4,2,2,0.31,0.18,1.0,0.0,0.18,1.0
2026-01-14 17:54:20,clusterB,9,4,2,2,0.0,0.9,1.0,0.0,0.9,1.0
2026-01-14 17:54:25,clusterA,9,4,2,2,0.3,0.18,1.0,0.0,0.18,1.0
2026-01-14 17:54:25,clusterB,9,4,2,2,0.0,0.9,1.0,0.0,0.9,1.0
2026-01-14 17:54:30,clusterA,9,4,2,2,0.31,0.18,1.0,0.0,0.18,1.0
2026-01-14 17:54:30,clusterB,9,4,2,2,0.0,0.9,1.0,0.0,0.9,1.0
2026-01-14 17:54:35,clusterA,9,4,2,2,0.31,0.18,1.0,0.0,0.18,1.0
2026-01-14 17:54:35,clusterB,9,4,2,2,0.0,0.9,1.0,0.0,0.9,1.0
2026-01-14 17:54:40,clusterA,9,4,2,2,0.31,0.18,1.0,0.0,0.18,1.0
2026-01-14 17:54:40,clusterB,9,4,2,2,0.0,0.9,1.0,0.0,0.9,1.0
2026-01-14 17:54:45,clusterA,9,4,2,2,0.31,0.18,1.0,0.0,0.18,1.0
2026-01-14 17:54:45,clusterB,9,4,2,2,0.0,0.9,1.0,0.0,0.9,1.0
2026-01-14 17:54:50,clusterA,9,4,2,2,0.31,0.18,1.0,0.0,0.18,1.0
2026-01-14 17:54:50,clusterB,9,4,2,2,0.0,0.9,1.0,0.0,0.9,1.0
2026-01-14 17:54:55,clusterA,9,4,2,2,0.32,0.18,1.0,0.0,0.18,1.0
2026-01-14 17:54:55,clusterB,9,4,2,2,0.0,0.9,1.0,0.0,0.9,1.0
2026-01-14 17:55:00,clusterA,9,4,2,2,0.33,0.18,1.0,0.0,0.18,1.0
2026-01-14 17:55:00,clusterB,9,4,2,2,0.0,0.9,1.0,0.0,0.9,1.0
2026-01-14 17:55:05,clusterA,9,4,2,2,0.35,0.19,1.0,0.0,0.19,1.0
2026-01-14 17:55:05,clusterB,9,4,2,2,0.0,0.9,1.0,0.0,0.9,1.0
2026-01-14 17:55:10,clusterA,9,4,2,2,0.35,0.19,1.0,0.0,0.19,1.0
2026-01-14 17:55:10,clusterB,9,4,2,2,0.0,0.9,1.0,0.0,0.9,1.0
2026-01-14 17:55:15,clusterA,9,4,2,2,0.35,0.19,1.0,0.0,0.19,1.0
2026-01-14 17:55:15,clusterB,9,4,2,2,0.0,0.9,1.0,0.0,0.9,1.0
2026-01-14 17:55:20,clusterA,9,4,2,2,0.35,0.19,1.0,0.0,0.19,1.0
2026-01-14 17:55:20,clusterB,9,4,2,2,0.0,0.9,1.0,0.0,0.9,1.0
2026-01-14 17:55:25,clusterA,9,4,2,2,0.34,0.19,1.0,0.0,0.19,1.0
2026-01-14 17:55:26,clusterB,9,4,2,2,0.0,0.9,1.0,0.0,0.9,1.0
2026-01-14 17:55:31,clusterA,9,4,2,2,0.35,0.19,1.0,0.0,0.19,1.0
2026-01-14 17:55:31,clusterB,9,4,2,2,0.0,0.9,1.0,0.0,0.9,1.0
2026-01-14 17:55:36,clusterA,9,4,2,2,0.36,0.19,1.0,0.0,0.19,1.0
2026-01-14 17:55:36,clusterB,9,4,2,2,0.0,0.9,1.0,0.0,0.9,1.0
2026-01-14 17:55:41,clusterA,9,4,2,2,0.35,0.19,1.0,0.0,0.19,1.0
2026-01-14 17:55:41,clusterB,9,4,2,2,0.0,0.9,1.0,0.0,0.9,1.0
2026-01-14 17:55:46,clusterA,9,4,2,2,0.36,0.19,1.0,0.0,0.19,1.0
2026-01-14 17:55:46,clusterB,9,4,2,2,0.0,0.9,1.0,0.0,0.9,1.0
2026-01-14 17:55:51,clusterA,9,4,2,2,0.32,0.18,1.0,0.0,0.18,1.0
2026-01-14 17:55:51,clusterB,9,4,2,2,0.0,0.9,1.0,0.0,0.9,1.0
2026-01-14 17:55:56,clusterA,9,4,2,2,0.29,0.17,1.0,0.0,0.17,1.0
2026-01-14 17:55:56,clusterB,9,4,2,2,0.0,0.9,1.0,0.0,0.9,1.0
2026-01-14 17:56:01,clusterA,9,4,2,2,0.28,0.17,1.0,0.0,0.17,1.0
2026-01-14 17:56:01,clusterB,9,4,2,2,0.0,0.9,1.0,0.0,0.9,1.0
2026-01-14 17:56:06,clusterA,9,4,2,2,0.29,0.17,1.0,0.0,0.17,1.0
2026-01-14 17:56:06,clusterB,9,4,2,2,0.0,0.9,1.0,0.0,0.9,1.0
2026-01-14 17:56:11,clusterA,9,4,2,2,0.29,0.17,1.0,0.0,0.17,1.0
2026-01-14 17:56:11,clusterB,9,4,2,2,0.0,0.9,1.0,0.0,0.9,1.0
2026-01-14 17:56:16,clusterA,9,4,2,2,0.29,0.17,1.0,0.0,0.17,1.0
2026-01-14 17:56:16,clusterB,9,4,2,2,0.0,0.9,1.0,0.0,0.9,1.0
2026-01-14 17:56:21,clusterA,9,4,2,2,0.29,0.17,1.0,0.0,0.17,1.0
2026-01-14 17:56:21,clusterB,9,4,2,2,0.0,0.9,1.0,0.0,0.9,1.0
2026-01-14 17:56:26,clusterA,9,4,2,2,0.29,0.17,1.0,0.0,0.17,1.0
2026-01-14 17:56:26,clusterB,9,4,2,2,0.0,0.9,1.0,0.0,0.9,1.0
2026-01-14 17:56:31,clusterA,9,4,2,2,0.28,0.17,1.0,0.0,0.17,1.0
2026-01-14 17:56:31,clusterB,9,4,2,2,0.0,0.9,1.0,0.0,0.9,1.0
2026-01-14 17:56:36,clusterA,9,4,2,2,0.27,0.17,1.0,0.0,0.17,1.0
2026-01-14 17:56:36,clusterB,9,4,2,2,0.0,0.9,1.0,0.0,0.9,1.0
2026-01-14 17:56:41,clusterA,9,4,2,2,0.28,0.17,1.0,0.0,0.17,1.0
2026-01-14 17:56:41,clusterB,9,4,2,2,0.0,0.9,1.0,0.0,0.9,1.0
2026-01-14 17:56:46,clusterA,9,4,2,2,0.29,0.17,1.0,0.0,0.17,1.0
2026-01-14 17:56:46,clusterB,9,4,2,2,0.0,0.9,1.0,0.0,0.9,1.0
2026-01-14 17:56:51,clusterA,9,4,2,2,0.31,0.18,1.0,0.0,0.18,1.0
2026-01-14 17:56:51,clusterB,9,4,2,2,0.0,0.9,1.0,0.0,0.9,1.0
2026-01-14 17:56:56,clusterA,9,4,2,2,0.31,0.18,1.0,0.0,0.18,1.0
2026-01-14 17:56:56,clusterB,9,4,2,2,0.0,0.9,1.0,0.0,0.9,1.0
2026-01-14 17:57:01,clusterA,9,4,2,2,0.34,0.19,1.0,0.0,0.19,1.0
2026-01-14 17:57:01,clusterB,9,4,2,2,0.0,0.9,1.0,0.0,0.9,1.0
2026-01-14 17:57:06,clusterA,9,4,2,2,0.33,0.19,1.0,0.0,0.19,1.0
2026-01-14 17:57:06,clusterB,9,4,2,2,0.0,0.9,1.0,0.0,0.9,1.0
2026-01-14 17:57:11,clusterA,9,4,2,2,0.34,0.19,1.0,0.0,0.19,1.0
2026-01-14 17:57:11,clusterB,9,4,2,2,0.0,0.9,1.0,0.0,0.9,1.0
2026-01-14 17:57:16,clusterA,9,4,2,2,0.33,0.19,1.0,0.0,0.19,1.0
2026-01-14 17:57:16,clusterB,9,4,2,2,0.0,0.9,1.0,0.0,0.9,1.0
2026-01-14 17:57:21,clusterA,9,4,2,2,0.33,0.19,1.0,0.0,0.19,1.0
2026-01-14 17:57:21,clusterB,9,4,2,2,0.0,0.9,1.0,0.0,0.9,1.0
2026-01-14 17:57:26,clusterA,9,4,2,2,0.33,0.19,1.0,0.0,0.19,1.0
2026-01-14 17:57:26,clusterB,9,4,2,2,0.0,0.9,1.0,0.0,0.9,1.0
2026-01-14 17:57:31,clusterA,9,4,2,2,0.33,0.19,1.0,0.0,0.19,1.0
2026-01-14 17:57:31,clusterB,9,4,2,2,0.0,0.9,1.0,0.0,0.9,1.0
2026-01-14 17:57:36,clusterA,10,4,2,2,0.32,0.19,1.0,0.0,0.19,1.0
2026-01-14 17:57:36,clusterB,10,4,2,2,0.0,0.9,1.0,0.0,0.9,1.0
2026-01-14 17:57:41,clusterA,10,4,2,2,0.33,0.19,1.0,0.0,0.19,1.0
2026-01-14 17:57:41,clusterB,10,4,2,2,0.0,0.9,1.0,0.0,0.9,1.0
2026-01-14 17:57:46,clusterA,10,4,2,2,0.3,0.18,1.0,0.0,0.18,1.0
2026-01-14 17:57:46,clusterB,10,4,2,2,0.0,0.88,1.0,0.0,0.88,1.0
2026-01-14 17:57:51,clusterA,10,4,2,2,0.28,0.17,1.0,0.0,0.17,1.0
2026-01-14 17:57:51,clusterB,10,4,2,2,0.0,0.88,1.0,0.0,0.88,1.0
2026-01-14 17:57:56,clusterA,10,4,2,2,0.27,0.17,1.0,0.0,0.17,1.0
2026-01-14 17:57:56,clusterB,10,4,2,2,0.0,0.86,1.0,0.0,0.86,1.0
2026-01-14 17:58:01,clusterA,10,4,2,2,0.27,0.17,1.0,0.0,0.17,1.0
2026-01-14 17:58:01,clusterB,10,4,2,2,0.0,0.86,1.0,0.0,0.86,1.0
2026-01-14 17:58:06,clusterA,10,4,2,2,0.28,0.17,1.0,0.0,0.17,1.0
2026-01-14 17:58:06,clusterB,10,4,2,2,0.0,0.86,1.0,0.0,0.86,1.0
2026-01-14 17:58:11,clusterA,10,4,2,2,0.29,0.17,1.0,0.0,0.17,1.0
2026-01-14 17:58:11,clusterB,10,4,2,2,0.0,0.86,1.0,0.0,0.86,1.0
2026-01-14 17:58:16,clusterA,10,4,2,2,0.29,0.17,1.0,0.0,0.17,1.0
2026-01-14 17:58:16,clusterB,10,4,2,2,0.0,0.86,1.0,0.0,0.86,1.0
2026-01-14 17:58:21,clusterA,10,4,2,2,0.29,0.17,1.0,0.0,0.17,1.0
2026-01-14 17:58:21,clusterB,10,4,2,2,0.0,0.86,1.0,0.0,0.86,1.0
2026-01-14 17:58:26,clusterA,10,4,2,2,0.29,0.17,1.0,0.0,0.17,1.0
2026-01-14 17:58:26,clusterB,10,4,2,2,0.0,0.86,1.0,0.0,0.86,1.0
2026-01-14 17:58:31,clusterA,10,4,2,2,0.29,0.17,1.0,0.0,0.17,1.0
2026-01-14 17:58:31,clusterB,10,4,2,2,0.0,0.86,1.0,0.0,0.86,1.0
2026-01-14 17:58:36,clusterA,10,4,2,2,0.29,0.17,1.0,0.0,0.17,1.0
2026-01-14 17:58:36,clusterB,10,4,2,2,0.0,0.86,1.0,0.0,0.86,1.0
2026-01-14 17:58:41,clusterA,10,4,2,2,0.28,0.17,1.0,0.0,0.17,1.0
2026-01-14 17:58:41,clusterB,10,4,2,2,0.0,0.86,1.0,0.0,0.86,1.0
2026-01-14 17:58:46,clusterA,10,4,2,2,0.31,0.18,1.0,0.0,0.18,1.0
2026-01-14 17:58:46,clusterB,10,4,2,2,0.0,0.86,1.0,0.0,0.86,1.0
2026-01-14 17:58:51,clusterA,10,4,2,2,0.32,0.19,1.0,0.0,0.19,1.0
2026-01-14 17:58:51,clusterB,10,4,2,2,0.0,0.86,1.0,0.0,0.86,1.0
2026-01-14 17:58:56,clusterA,10,4,2,2,0.33,0.19,1.0,0.0,0.19,1.0
2026-01-14 17:58:56,clusterB,10,4,2,2,0.0,0.86,1.0,0.0,0.86,1.0
2026-01-14 17:59:01,clusterA,10,4,2,2,0.33,0.19,1.0,0.0,0.19,1.0
2026-01-14 17:59:01,clusterB,10,4,2,2,0.0,0.86,1.0,0.0,0.86,1.0
2026-01-14 17:59:06,clusterA,10,4,2,2,0.33,0.19,1.0,0.0,0.19,1.0
2026-01-14 17:59:06,clusterB,10,4,2,2,0.0,0.86,1.0,0.0,0.86,1.0
2026-01-14 17:59:11,clusterA,10,4,2,2,0.32,0.19,1.0,0.0,0.19,1.0
2026-01-14 17:59:11,clusterB,10,4,2,2,0.0,0.86,1.0,0.0,0.86,1.0
2026-01-14 17:59:16,clusterA,10,4,2,2,0.31,0.19,1.0,0.0,0.19,1.0
2026-01-14 17:59:16,clusterB,10,4,2,2,0.0,0.85,1.0,0.0,0.85,1.0
2026-01-14 17:59:21,clusterA,10,4,2,2,0.32,0.19,1.0,0.0,0.19,1.0
2026-01-14 17:59:21,clusterB,10,4,2,2,0.0,0.84,1.0,0.0,0.84,1.0
2026-01-14 17:59:26,clusterA,10,4,2,2,0.31,0.19,1.0,0.0,0.19,1.0
2026-01-14 17:59:26,clusterB,10,4,2,2,0.0,0.84,1.0,0.0,0.84,1.0
2026-01-14 17:59:31,clusterA,10,4,2,2,0.32,0.19,1.0,0.0,0.19,1.0
2026-01-14 17:59:31,clusterB,10,4,2,2,0.0,0.84,1.0,0.0,0.84,1.0
2026-01-14 17:59:36,clusterA,10,4,2,2,0.31,0.19,1.0,0.0,0.19,1.0
2026-01-14 17:59:36,clusterB,10,4,2,2,0.0,0.84,1.0,0.0,0.84,1.0
2026-01-14 17:59:41,clusterA,10,4,2,2,0.33,0.18,1.0,0.0,0.18,1.0
2026-01-14 17:59:41,clusterB,10,4,2,2,0.0,0.84,1.0,0.0,0.84,1.0
2026-01-14 17:59:46,clusterA,10,4,2,2,0.33,0.18,1.0,0.0,0.18,1.0
2026-01-14 17:59:46,clusterB,10,4,2,2,0.0,0.84,1.0,0.0,0.84,1.0
2026-01-14 17:59:51,clusterA,10,4,2,2,0.33,0.18,1.0,0.0,0.18,1.0
2026-01-14 17:59:51,clusterB,10,4,2,2,0.0,0.85,1.0,0.0,0.85,1.0
2026-01-14 17:59:56,clusterA,10,4,2,2,0.33,0.18,1.0,0.0,0.18,1.0
2026-01-14 17:59:56,clusterB,10,4,2,2,0.0,0.87,1.0,0.0,0.87,1.0
2026-01-14 18:00:01,clusterA,10,4,2,2,0.32,0.18,1.0,0.0,0.18,1.0
2026-01-14 18:00:01,clusterB,10,4,2,2,0.0,0.87,1.0,0.0,0.87,1.0
2026-01-14 18:00:06,clusterA,10,4,2,2,0.33,0.18,1.0,0.0,0.18,1.0
2026-01-14 18:00:06,clusterB,10,4,2,2,0.0,0.87,1.0,0.0,0.87,1.0
2026-01-14 18:00:11,clusterA,10,4,2,2,0.33,0.18,1.0,0.0,0.18,1.0
2026-01-14 18:00:11,clusterB,10,4,2,2,0.0,0.87,1.0,0.0,0.87,1.0
2026-01-14 18:00:16,clusterA,10,4,2,2,0.33,0.18,1.0,0.0,0.18,1.0
2026-01-14 18:00:16,clusterB,10,4,2,2,0.0,0.87,1.0,0.0,0.87,1.0
2026-01-14 18:00:21,clusterA,10,4,2,2,0.32,0.18,1.0,0.0,0.18,1.0
2026-01-14 18:00:21,clusterB,10,4,2,2,0.0,0.87,1.0,0.0,0.87,1.0
2026-01-14 18:00:26,clusterA,10,4,2,2,0.34,0.18,1.0,0.0,0.18,1.0
2026-01-14 18:00:26,clusterB,10,4,2,2,0.0,0.87,1.0,0.0,0.87,1.0
2026-01-14 18:00:31,clusterA,10,4,2,2,0.33,0.18,1.0,0.0,0.18,1.0
2026-01-14 18:00:31,clusterB,10,4,2,2,0.0,0.87,1.0,0.0,0.87,1.0
2026-01-14 18:00:36,clusterA,10,4,2,2,0.33,0.18,1.0,0.0,0.18,1.0
2026-01-14 18:00:36,clusterB,10,4,2,2,0.0,0.87,1.0,0.0,0.87,1.0
2026-01-14 18:00:41,clusterA,10,4,2,2,0.33,0.18,1.0,0.0,0.18,1.0
2026-01-14 18:00:41,clusterB,10,4,2,2,0.0,0.87,1.0,0.0,0.87,1.0
2026-01-14 18:00:46,clusterA,10,4,2,2,0.33,0.19,1.0,0.0,0.19,1.0
2026-01-14 18:00:46,clusterB,10,4,2,2,0.0,0.87,1.0,0.0,0.87,1.0
2026-01-14 18:00:51,clusterA,10,4,2,2,0.33,0.19,1.0,0.0,0.19,1.0
2026-01-14 18:00:51,clusterB,10,4,2,2,0.0,0.87,1.0,0.0,0.87,1.0
2026-01-14 18:00:56,clusterA,10,4,2,2,0.34,0.19,1.0,0.0,0.19,1.0
2026-01-14 18:00:56,clusterB,10,4,2,2,0.0,0.87,1.0,0.0,0.87,1.0
2026-01-14 18:01:01,clusterA,10,4,2,2,0.34,0.19,1.0,0.0,0.19,1.0
2026-01-14 18:01:01,clusterB,10,4,2,2,0.0,0.88,1.0,0.0,0.88,1.0
2026-01-14 18:01:06,clusterA,10,4,2,2,0.34,0.19,1.0,0.0,0.19,1.0
2026-01-14 18:01:06,clusterB,10,4,2,2,0.0,0.88,1.0,0.0,0.88,1.0
2026-01-14 18:01:11,clusterA,10,4,2,2,0.35,0.19,1.0,0.0,0.19,1.0
2026-01-14 18:01:11,clusterB,10,4,2,2,0.0,0.88,1.0,0.0,0.88,1.0
2026-01-14 18:01:16,clusterA,10,4,2,2,0.35,0.19,1.0,0.0,0.19,1.0
2026-01-14 18:01:16,clusterB,10,4,2,2,0.0,0.89,1.0,0.0,0.89,1.0
2026-01-14 18:01:21,clusterA,10,4,2,2,0.35,0.19,1.0,0.0,0.19,1.0
2026-01-14 18:01:21,clusterB,10,4,2,2,0.0,0.9,1.0,0.0,0.9,1.0
2026-01-14 18:01:26,clusterA,10,4,2,2,0.35,0.19,1.0,0.0,0.19,1.0
2026-01-14 18:01:26,clusterB,10,4,2,2,0.0,0.9,1.0,0.0,0.9,1.0
2026-01-14 18:01:31,clusterA,10,4,2,2,0.34,0.18,1.0,0.0,0.18,1.0
2026-01-14 18:01:31,clusterB,10,4,2,2,0.0,0.9,1.0,0.0,0.9,1.0
2026-01-14 18:01:36,clusterA,10,4,2,2,0.31,0.18,1.0,0.0,0.18,1.0
2026-01-14 18:01:36,clusterB,10,4,2,2,0.0,0.9,1.0,0.0,0.9,1.0
2026-01-14 18:01:41,clusterA,10,4,2,2,0.29,0.17,1.0,0.0,0.17,1.0
2026-01-14 18:01:41,clusterB,10,4,2,2,0.0,0.9,1.0,0.0,0.9,1.0
2026-01-14 18:01:46,clusterA,10,4,2,2,0.29,0.17,1.0,0.0,0.17,1.0
2026-01-14 18:01:46,clusterB,10,4,2,2,0.0,0.9,1.0,0.0,0.9,1.0
2026-01-14 18:01:51,clusterA,10,4,2,2,0.3,0.17,1.0,0.0,0.17,1.0
2026-01-14 18:01:51,clusterB,10,4,2,2,0.0,0.9,1.0,0.0,0.9,1.0
2026-01-14 18:01:56,clusterA,10,4,2,2,0.3,0.17,1.0,0.0,0.17,1.0
2026-01-14 18:01:56,clusterB,10,4,2,2,0.0,0.9,1.0,0.0,0.9,1.0
2026-01-14 18:02:01,clusterA,10,4,2,2,0.29,0.17,1.0,0.0,0.17,1.0
2026-01-14 18:02:01,clusterB,10,4,2,2,0.0,0.9,1.0,0.0,0.9,1.0
2026-01-14 18:02:06,clusterA,10,4,2,2,0.3,0.17,1.0,0.0,0.17,1.0
2026-01-14 18:02:06,clusterB,10,4,2,2,0.0,0.9,1.0,0.0,0.9,1.0
2026-01-14 18:02:11,clusterA,10,4,2,2,0.29,0.17,1.0,0.0,0.17,1.0
2026-01-14 18:02:11,clusterB,10,4,2,2,0.0,0.9,1.0,0.0,0.9,1.0
2026-01-14 18:02:16,clusterA,10,4,2,2,0.29,0.17,1.0,0.0,0.17,1.0
2026-01-14 18:02:16,clusterB,10,4,2,2,0.0,0.9,1.0,0.0,0.9,1.0
2026-01-14 18:02:21,clusterA,10,4,2,2,0.29,0.17,1.0,0.0,0.17,1.0
2026-01-14 18:02:21,clusterB,10,4,2,2,0.0,0.9,1.0,0.0,0.9,1.0
2026-01-14 18:02:26,clusterA,10,4,2,2,0.29,0.17,1.0,0.0,0.17,1.0
2026-01-14 18:02:26,clusterB,10,4,2,2,0.0,0.9,1.0,0.0,0.9,1.0
2026-01-14 18:02:31,clusterA,10,4,2,2,0.3,0.17,1.0,0.0,0.17,1.0
2026-01-14 18:02:31,clusterB,10,4,2,2,0.0,0.9,1.0,0.0,0.9,1.0
2026-01-14 18:02:36,clusterA,10,4,2,2,0.33,0.18,1.0,0.0,0.18,1.0
2026-01-14 18:02:36,clusterB,10,4,2,2,0.0,0.9,1.0,0.0,0.9,1.0
2026-01-14 18:02:41,clusterA,10,4,2,2,0.35,0.19,1.0,0.0,0.19,1.0
2026-01-14 18:02:41,clusterB,10,4,2,2,0.0,0.9,1.0,0.0,0.9,1.0
2026-01-14 18:02:46,clusterA,10,4,2,2,0.34,0.19,1.0,0.0,0.19,1.0
2026-01-14 18:02:46,clusterB,10,4,2,2,0.0,0.9,1.0,0.0,0.9,1.0
2026-01-14 18:02:51,clusterA,10,4,2,2,0.34,0.19,1.0,0.0,0.19,1.0
2026-01-14 18:02:51,clusterB,10,4,2,2,0.0,0.9,1.0,0.0,0.9,1.0
2026-01-14 18:02:56,clusterA,10,4,2,2,0.34,0.19,1.0,0.0,0.19,1.0
2026-01-14 18:02:56,clusterB,10,4,2,2,0.0,0.9,1.0,0.0,0.9,1.0
2026-01-14 18:03:01,clusterA,10,4,2,2,0.35,0.19,1.0,0.0,0.19,1.0
2026-01-14 18:03:01,clusterB,10,4,2,2,0.0,0.9,1.0,0.0,0.9,1.0
2026-01-14 18:03:06,clusterA,10,4,2,2,0.35,0.19,1.0,0.0,0.19,1.0
2026-01-14 18:03:06,clusterB,10,4,2,2,0.0,0.9,1.0,0.0,0.9,1.0
2026-01-14 18:03:11,clusterA,10,4,2,2,0.35,0.19,1.0,0.0,0.19,1.0
2026-01-14 18:03:11,clusterB,10,4,2,2,0.0,0.9,1.0,0.0,0.9,1.0
2026-01-14 18:03:16,clusterA,10,4,2,2,0.35,0.19,1.0,0.0,0.19,1.0
2026-01-14 18:03:16,clusterB,10,4,2,2,0.0,0.9,1.0,0.0,0.9,1.0
2026-01-14 18:03:21,clusterA,10,4,2,2,0.35,0.19,1.0,0.0,0.19,1.0
2026-01-14 18:03:21,clusterB,10,4,2,2,0.0,0.9,1.0,0.0,0.9,1.0
2026-01-14 18:03:26,clusterA,10,4,2,2,0.36,0.18,1.0,0.0,0.18,1.0
2026-01-14 18:03:26,clusterB,10,4,2,2,0.0,0.9,1.0,0.0,0.9,1.0
2026-01-14 18:03:31,clusterA,10,4,2,2,0.36,0.18,1.0,0.0,0.18,1.0
2026-01-14 18:03:31,clusterB,10,4,2,2,0.0,0.9,1.0,0.0,0.9,1.0
2026-01-14 18:03:36,clusterA,11,4,2,2,0.35,0.17,1.0,0.0,0.17,1.0
2026-01-14 18:03:36,clusterB,11,4,2,2,0.0,0.9,1.0,0.0,0.9,1.0
2026-01-14 18:03:41,clusterA,11,4,2,2,0.35,0.17,1.0,0.0,0.17,1.0
2026-01-14 18:03:41,clusterB,11,4,2,2,0.0,0.9,1.0,0.0,0.9,1.0
2026-01-14 18:03:46,clusterA,11,4,2,2,0.36,0.17,1.0,0.0,0.17,1.0
2026-01-14 18:03:46,clusterB,11,4,2,2,0.0,0.9,1.0,0.0,0.9,1.0
2026-01-14 18:03:51,clusterA,11,4,2,2,0.36,0.17,1.0,0.0,0.17,1.0
2026-01-14 18:03:51,clusterB,11,4,2,2,0.0,0.9,1.0,0.0,0.9,1.0
2026-01-14 18:03:56,clusterA,11,4,2,2,0.35,0.17,1.0,0.0,0.17,1.0
2026-01-14 18:03:56,clusterB,11,4,2,2,0.0,0.9,1.0,0.0,0.9,1.0
2026-01-14 18:04:01,clusterA,11,4,2,2,0.35,0.17,1.0,0.0,0.17,1.0
2026-01-14 18:04:01,clusterB,11,4,2,2,0.0,0.9,1.0,0.0,0.9,1.0
2026-01-14 18:04:06,clusterA,11,4,2,2,0.34,0.18,1.0,0.0,0.18,1.0
2026-01-14 18:04:06,clusterB,11,4,2,2,0.0,0.9,1.0,0.0,0.9,1.0
2026-01-14 18:04:11,clusterA,11,4,2,2,0.34,0.18,1.0,0.0,0.18,1.0
2026-01-14 18:04:11,clusterB,11,4,2,2,0.0,0.9,1.0,0.0,0.9,1.0
2026-01-14 18:04:16,clusterA,11,4,2,2,0.33,0.18,1.0,0.0,0.18,1.0
2026-01-14 18:04:16,clusterB,11,4,2,2,0.0,0.9,1.0,0.0,0.9,1.0
2026-01-14 18:04:21,clusterA,11,4,2,2,0.34,0.18,1.0,0.0,0.18,1.0
2026-01-14 18:04:21,clusterB,11,4,2,2,0.0,0.9,1.0,0.0,0.9,1.0
2026-01-14 18:04:26,clusterA,8,4,4,0,0.33,0.18,1.0,0.0,0.18,1.0
2026-01-14 18:04:26,clusterB,8,4,4,0,0.0,0.9,1.0,0.0,0.9,1.0
2026-01-14 18:04:31,clusterA,8,4,4,0,0.32,0.18,1.0,0.0,0.18,1.0
2026-01-14 18:04:31,clusterB,8,4,4,0,0.0,0.9,1.0,0.0,0.9,1.0
2026-01-14 18:04:36,clusterA,8,4,4,0,0.35,0.2,1.0,0.0,0.2,1.0
2026-01-14 18:04:36,clusterB,8,4,4,0,0.0,0.9,1.0,0.0,0.9,1.0
2026-01-14 18:04:41,clusterA,8,4,4,0,0.37,0.21,1.0,0.0,0.21,1.0
2026-01-14 18:04:41,clusterB,8,4,4,0,0.0,0.9,1.0,0.0,0.9,1.0
2026-01-14 18:04:46,clusterA,8,4,4,0,0.38,0.22,1.0,0.0,0.22,1.0
2026-01-14 18:04:46,clusterB,8,4,4,0,0.0,0.9,1.0,0.0,0.9,1.0
2026-01-14 18:04:51,clusterA,8,4,4,0,0.4,0.23,1.0,0.0,0.23,1.0
2026-01-14 18:04:51,clusterB,8,4,4,0,0.0,0.9,1.0,0.0,0.9,1.0
2026-01-14 18:04:56,clusterA,8,4,4,0,0.43,0.24,1.0,0.0,0.24,1.0
2026-01-14 18:04:56,clusterB,8,4,4,0,0.0,0.9,1.0,0.0,0.9,1.0
2026-01-14 18:05:01,clusterA,8,4,4,0,0.45,0.25,1.0,0.0,0.25,1.0
2026-01-14 18:05:01,clusterB,8,4,4,0,0.0,0.9,1.0,0.0,0.9,1.0
2026-01-14 18:05:06,clusterA,8,4,4,0,0.47,0.26,1.0,0.0,0.26,1.0
2026-01-14 18:05:06,clusterB,8,4,4,0,0.0,0.9,1.0,0.0,0.9,1.0
2026-01-14 18:05:11,clusterA,8,4,4,0,0.51,0.27,1.0,0.0,0.27,1.0
2026-01-14 18:05:11,clusterB,8,4,4,0,0.0,0.93,1.0,0.0,0.93,1.0
2026-01-14 18:05:16,clusterA,8,4,4,0,0.54,0.28,1.0,0.0,0.28,1.0
2026-01-14 18:05:16,clusterB,8,4,4,0,0.0,1.0,1.0,0.0,1.0,1.0
2026-01-14 18:05:21,clusterA,8,4,4,0,0.55,0.29,1.0,0.0,0.29,1.0
2026-01-14 18:05:21,clusterB,8,4,4,0,0.0,1.0,1.0,0.0,1.0,1.0
2026-01-14 18:05:26,clusterA,8,4,4,0,0.54,0.3,1.0,0.0,0.3,1.0
2026-01-14 18:05:26,clusterB,8,4,4,0,0.0,1.0,1.0,0.0,1.0,1.0
2026-01-14 18:05:31,clusterA,8,4,4,0,0.55,0.31,1.0,0.0,0.31,1.0
2026-01-14 18:05:31,clusterB,8,4,4,0,0.0,1.0,1.0,0.0,1.0,1.0
2026-01-14 18:05:36,clusterA,7,4,4,0,0.53,0.3,1.0,0.0,0.3,1.0
2026-01-14 18:05:36,clusterB,7,4,4,0,0.0,1.0,1.0,0.0,1.0,1.0
2026-01-14 18:05:41,clusterA,7,4,4,0,0.52,0.3,1.0,0.0,0.3,1.0
2026-01-14 18:05:41,clusterB,7,4,4,0,0.0,1.0,1.0,0.0,1.0,1.0
2026-01-14 18:05:46,clusterA,7,4,4,0,0.5,0.29,1.0,0.0,0.29,1.0
2026-01-14 18:05:46,clusterB,7,4,4,0,0.0,1.0,1.0,0.0,1.0,1.0
2026-01-14 18:05:51,clusterA,7,4,3,1,0.5,0.29,1.0,0.0,0.29,1.0
2026-01-14 18:05:51,clusterB,7,4,4,0,0.0,1.0,1.0,0.0,1.0,1.0
2026-01-14 18:05:56,clusterA,7,4,3,1,0.5,0.28,1.0,0.0,0.28,1.0
2026-01-14 18:05:56,clusterB,7,4,4,0,0.0,1.0,1.0,0.0,1.0,1.0
2026-01-14 18:06:01,clusterA,7,4,3,1,0.48,0.27,1.0,0.0,0.27,1.0
2026-01-14 18:06:01,clusterB,7,4,4,0,0.0,1.0,1.0,0.0,1.0,1.0
2026-01-14 18:06:06,clusterA,7,4,3,1,0.47,0.27,1.0,0.0,0.27,1.0
2026-01-14 18:06:06,clusterB,7,4,4,0,0.0,1.0,1.0,0.0,1.0,1.0
2026-01-14 18:06:11,clusterA,7,4,3,1,0.45,0.26,1.0,0.0,0.26,1.0
2026-01-14 18:06:11,clusterB,7,4,4,0,0.0,1.0,1.0,0.0,1.0,1.0
2026-01-14 18:06:16,clusterA,7,4,3,1,0.44,0.25,1.0,0.0,0.25,1.0
2026-01-14 18:06:16,clusterB,7,4,4,0,0.0,1.0,1.0,0.0,1.0,1.0
2026-01-14 18:06:21,clusterA,7,4,3,1,0.41,0.24,1.0,0.0,0.24,1.0
2026-01-14 18:06:21,clusterB,7,4,4,0,0.0,1.0,1.0,0.0,1.0,1.0
2026-01-14 18:06:26,clusterA,7,4,3,1,0.41,0.24,1.0,0.0,0.24,1.0
2026-01-14 18:06:26,clusterB,7,4,4,0,0.0,1.0,1.0,0.0,1.0,1.0
2026-01-14 18:06:31,clusterA,7,4,3,1,0.42,0.23,1.0,0.0,0.23,1.0
2026-01-14 18:06:31,clusterB,7,4,4,0,0.0,1.0,1.0,0.0,1.0,1.0
2026-01-14 18:06:36,clusterA,7,4,3,1,0.42,0.23,1.0,0.0,0.23,1.0
2026-01-14 18:06:36,clusterB,7,4,4,0,0.0,1.0,1.0,0.0,1.0,1.0
2026-01-14 18:06:41,clusterA,7,4,3,1,0.42,0.23,1.0,0.0,0.23,1.0
2026-01-14 18:06:41,clusterB,7,4,4,0,0.0,1.0,1.0,0.0,1.0,1.0
2026-01-14 18:06:46,clusterA,7,4,3,1,0.42,0.23,1.0,0.0,0.23,1.0
2026-01-14 18:06:46,clusterB,7,4,4,0,0.0,1.0,1.0,0.0,1.0,1.0
2026-01-14 18:06:51,clusterA,7,4,3,1,0.42,0.23,1.0,0.0,0.23,1.0
2026-01-14 18:06:51,clusterB,7,4,4,0,0.0,1.0,1.0,0.0,1.0,1.0
2026-01-14 18:06:56,clusterA,7,4,3,1,0.42,0.23,1.0,0.0,0.23,1.0
2026-01-14 18:06:56,clusterB,7,4,4,0,0.0,1.0,1.0,0.0,1.0,1.0
2026-01-14 18:07:01,clusterA,7,4,3,1,0.44,0.23,1.0,0.0,0.23,1.0
2026-01-14 18:07:01,clusterB,7,4,4,0,0.0,1.0,1.0,0.0,1.0,1.0
2026-01-14 18:07:06,clusterA,7,4,3,1,0.44,0.23,1.0,0.0,0.23,1.0
2026-01-14 18:07:06,clusterB,7,4,4,0,0.0,1.0,1.0,0.0,1.0,1.0
2026-01-14 18:07:11,clusterA,7,4,3,1,0.45,0.23,1.0,0.0,0.23,1.0
2026-01-14 18:07:11,clusterB,7,4,4,0,0.0,1.0,1.0,0.0,1.0,1.0
2026-01-14 18:07:16,clusterA,7,4,3,1,0.45,0.24,1.0,0.0,0.24,1.0
2026-01-14 18:07:16,clusterB,7,4,4,0,0.0,1.0,1.0,0.0,1.0,1.0
2026-01-14 18:07:21,clusterA,7,4,3,1,0.45,0.24,1.0,0.0,0.24,1.0
2026-01-14 18:07:21,clusterB,7,4,4,0,0.0,0.94,1.0,0.0,0.94,1.0
2026-01-14 18:07:26,clusterA,7,4,3,1,0.45,0.24,1.0,0.0,0.24,1.0
2026-01-14 18:07:26,clusterB,7,4,4,0,0.0,0.87,1.0,0.0,0.87,1.0
2026-01-14 18:07:31,clusterA,7,4,3,1,0.46,0.24,1.0,0.0,0.24,1.0
2026-01-14 18:07:31,clusterB,7,4,4,0,0.0,0.87,1.0,0.0,0.87,1.0
2026-01-14 18:07:36,clusterA,7,4,3,1,0.45,0.24,1.0,0.0,0.24,1.0
2026-01-14 18:07:36,clusterB,7,4,4,0,0.0,0.87,1.0,0.0,0.87,1.0
2026-01-14 18:07:41,clusterA,7,4,3,1,0.45,0.24,1.0,0.0,0.24,1.0
2026-01-14 18:07:41,clusterB,7,4,4,0,0.0,0.87,1.0,0.0,0.87,1.0
2026-01-14 18:07:46,clusterA,7,4,3,1,0.44,0.24,1.0,0.0,0.24,1.0
2026-01-14 18:07:46,clusterB,7,4,4,0,0.0,0.87,1.0,0.0,0.87,1.0
2026-01-14 18:07:51,clusterA,7,4,3,1,0.45,0.24,1.0,0.0,0.24,1.0
2026-01-14 18:07:51,clusterB,7,4,4,0,0.0,0.87,1.0,0.0,0.87,1.0
2026-01-14 18:07:56,clusterA,7,4,3,1,0.44,0.24,1.0,0.0,0.24,1.0
2026-01-14 18:07:56,clusterB,7,4,4,0,0.0,0.87,1.0,0.0,0.87,1.0
2026-01-14 18:08:01,clusterA,7,4,3,1,0.44,0.24,1.0,0.0,0.24,1.0
2026-01-14 18:08:01,clusterB,7,4,4,0,0.0,0.87,1.0,0.0,0.87,1.0
2026-01-14 18:08:06,clusterA,7,4,3,1,0.43,0.23,1.0,0.0,0.23,1.0
2026-01-14 18:08:06,clusterB,7,4,4,0,0.0,0.87,1.0,0.0,0.87,1.0
2026-01-14 18:08:11,clusterA,7,4,2,2,0.41,0.23,1.0,0.0,0.23,1.0
2026-01-14 18:08:11,clusterB,7,4,4,0,0.0,0.87,1.0,0.0,0.87,1.0
2026-01-14 18:08:16,clusterA,7,4,2,2,0.39,0.22,1.0,0.0,0.22,1.0
2026-01-14 18:08:16,clusterB,7,4,4,0,0.0,0.87,1.0,0.0,0.87,1.0
2026-01-14 18:08:21,clusterA,7,4,2,2,0.4,0.22,1.0,0.0,0.22,1.0
2026-01-14 18:08:21,clusterB,7,4,4,0,0.0,0.87,1.0,0.0,0.87,1.0
2026-01-14 18:08:26,clusterA,7,4,2,2,0.38,0.21,1.0,0.0,0.21,1.0
2026-01-14 18:08:26,clusterB,7,4,4,0,0.0,0.87,1.0,0.0,0.87,1.0
2026-01-14 18:08:31,clusterA,7,4,2,2,0.35,0.21,1.0,0.0,0.21,1.0
2026-01-14 18:08:31,clusterB,7,4,4,0,0.0,0.87,1.0,0.0,0.87,1.0
2026-01-14 18:08:36,clusterA,7,4,2,2,0.35,0.21,1.0,0.0,0.21,1.0
2026-01-14 18:08:36,clusterB,7,4,4,0,0.0,0.87,1.0,0.0,0.87,1.0
2026-01-14 18:08:41,clusterA,7,4,2,2,0.36,0.21,1.0,0.0,0.21,1.0
2026-01-14 18:08:41,clusterB,7,4,4,0,0.0,0.87,1.0,0.0,0.87,1.0
2026-01-14 18:08:46,clusterA,7,4,2,2,0.36,0.2,1.0,0.0,0.2,1.0
2026-01-14 18:08:46,clusterB,7,4,4,0,0.0,0.87,1.0,0.0,0.87,1.0
2026-01-14 18:08:51,clusterA,7,4,2,2,0.36,0.2,1.0,0.0,0.2,1.0
2026-01-14 18:08:51,clusterB,7,4,4,0,0.0,0.87,1.0,0.0,0.87,1.0
2026-01-14 18:08:56,clusterA,7,4,2,2,0.35,0.2,1.0,0.0,0.2,1.0
2026-01-14 18:08:56,clusterB,7,4,4,0,0.0,0.87,1.0,0.0,0.87,1.0
2026-01-14 18:09:01,clusterA,7,4,2,2,0.35,0.2,1.0,0.0,0.2,1.0
2026-01-14 18:09:01,clusterB,7,4,4,0,0.0,0.87,1.0,0.0,0.87,1.0
2026-01-14 18:09:06,clusterA,8,4,2,2,0.33,0.19,1.0,0.0,0.19,1.0
2026-01-14 18:09:06,clusterB,8,4,4,0,0.0,0.87,1.0,0.0,0.87,1.0
2026-01-14 18:09:11,clusterA,8,4,2,2,0.32,0.19,1.0,0.0,0.19,1.0
2026-01-14 18:09:11,clusterB,8,4,4,0,0.0,0.88,1.0,0.0,0.88,1.0
2026-01-14 18:09:16,clusterA,8,4,2,2,0.34,0.19,1.0,0.0,0.19,1.0
2026-01-14 18:09:16,clusterB,8,4,4,0,0.0,0.88,1.0,0.0,0.88,1.0
2026-01-14 18:09:21,clusterA,8,4,2,2,0.35,0.19,1.0,0.0,0.19,1.0
2026-01-14 18:09:21,clusterB,8,4,4,0,0.0,0.88,1.0,0.0,0.88,1.0
2026-01-14 18:09:27,clusterA,8,4,2,2,0.34,0.19,1.0,0.0,0.19,1.0
2026-01-14 18:09:27,clusterB,8,4,4,0,0.0,0.88,1.0,0.0,0.88,1.0
2026-01-14 18:09:32,clusterA,8,4,2,2,0.35,0.19,1.0,0.0,0.19,1.0
2026-01-14 18:09:32,clusterB,8,4,4,0,0.0,0.88,1.0,0.0,0.88,1.0
2026-01-14 18:09:37,clusterA,8,4,2,2,0.35,0.19,1.0,0.0,0.19,1.0
2026-01-14 18:09:37,clusterB,8,4,4,0,0.0,0.88,1.0,0.0,0.88,1.0
2026-01-14 18:09:42,clusterA,8,4,2,2,0.35,0.19,1.0,0.0,0.19,1.0
2026-01-14 18:09:42,clusterB,8,4,4,0,0.0,0.88,1.0,0.0,0.88,1.0
2026-01-14 18:09:47,clusterA,8,4,2,2,0.35,0.19,1.0,0.0,0.19,1.0
2026-01-14 18:09:47,clusterB,8,4,4,0,0.0,0.88,1.0,0.0,0.88,1.0
2026-01-14 18:09:52,clusterA,8,4,2,2,0.34,0.19,1.0,0.0,0.19,1.0
2026-01-14 18:09:52,clusterB,8,4,4,0,0.0,0.88,1.0,0.0,0.88,1.0
2026-01-14 18:09:57,clusterA,8,4,2,2,0.35,0.19,1.0,0.0,0.19,1.0
2026-01-14 18:09:57,clusterB,8,4,4,0,0.0,0.88,1.0,0.0,0.88,1.0
2026-01-14 18:10:02,clusterA,8,4,2,2,0.35,0.19,1.0,0.0,0.19,1.0
2026-01-14 18:10:02,clusterB,8,4,4,0,0.0,0.88,1.0,0.0,0.88,1.0
2026-01-14 18:10:07,clusterA,8,4,2,2,0.36,0.19,1.0,0.0,0.19,1.0
2026-01-14 18:10:07,clusterB,8,4,4,0,0.0,0.88,1.0,0.0,0.88,1.0
2026-01-14 18:10:12,clusterA,8,4,2,2,0.37,0.19,1.0,0.0,0.19,1.0
2026-01-14 18:10:12,clusterB,8,4,4,0,0.0,0.88,1.0,0.0,0.88,1.0
2026-01-14 18:10:17,clusterA,8,4,2,2,0.35,0.19,1.0,0.0,0.19,1.0
2026-01-14 18:10:17,clusterB,8,4,4,0,0.0,0.88,1.0,0.0,0.88,1.0
2026-01-14 18:10:22,clusterA,8,4,2,2,0.35,0.19,1.0,0.0,0.19,1.0
2026-01-14 18:10:22,clusterB,8,4,4,0,0.0,0.9,1.0,0.0,0.9,1.0
2026-01-14 18:10:27,clusterA,8,4,2,2,0.35,0.19,1.0,0.0,0.19,1.0
2026-01-14 18:10:27,clusterB,8,4,4,0,0.0,0.9,1.0,0.0,0.9,1.0
2026-01-14 18:10:32,clusterA,9,4,2,2,0.35,0.19,1.0,0.0,0.19,1.0
2026-01-14 18:10:32,clusterB,9,4,4,0,0.0,0.9,1.0,0.0,0.9,1.0
2026-01-14 18:10:37,clusterA,9,4,2,2,0.36,0.19,1.0,0.0,0.19,1.0
2026-01-14 18:10:37,clusterB,9,4,4,0,0.0,0.9,1.0,0.0,0.9,1.0
2026-01-14 18:10:42,clusterA,10,4,2,2,0.36,0.19,1.0,0.0,0.19,1.0
2026-01-14 18:10:42,clusterB,10,4,4,0,0.0,0.9,1.0,0.0,0.9,1.0
2026-01-14 18:10:47,clusterA,10,4,2,2,0.36,0.19,1.0,0.0,0.19,1.0
2026-01-14 18:10:47,clusterB,10,4,4,0,0.0,0.9,1.0,0.0,0.9,1.0
2026-01-14 18:10:52,clusterA,10,4,2,2,0.36,0.19,1.0,0.0,0.19,1.0
2026-01-14 18:10:52,clusterB,10,4,4,0,0.0,0.9,1.0,0.0,0.9,1.0
2026-01-14 18:10:57,clusterA,11,4,2,2,0.35,0.19,1.0,0.0,0.19,1.0
2026-01-14 18:10:57,clusterB,11,4,4,0,0.0,0.9,1.0,0.0,0.9,1.0
2026-01-14 18:11:02,clusterA,11,4,2,2,0.36,0.19,1.0,0.0,0.19,1.0
2026-01-14 18:11:02,clusterB,11,4,4,0,0.0,0.9,1.0,0.0,0.9,1.0
2026-01-14 18:11:07,clusterA,11,4,2,2,0.36,0.19,1.0,0.0,0.19,1.0
2026-01-14 18:11:07,clusterB,11,4,4,0,0.0,0.9,1.0,0.0,0.9,1.0
2026-01-14 18:11:12,clusterA,12,4,2,2,0.36,0.19,1.0,0.0,0.19,1.0
2026-01-14 18:11:12,clusterB,12,4,4,0,0.0,0.9,1.0,0.0,0.9,1.0
2026-01-14 18:11:17,clusterA,11,4,4,0,0.33,0.18,1.0,0.0,0.18,1.0
2026-01-14 18:11:17,clusterB,11,4,4,0,0.0,0.9,1.0,0.0,0.9,1.0
2026-01-14 18:11:22,clusterA,11,4,4,0,0.31,0.17,1.0,0.0,0.17,1.0
2026-01-14 18:11:22,clusterB,11,4,4,0,0.0,0.9,1.0,0.0,0.9,1.0
2026-01-14 18:11:27,clusterA,11,4,4,0,0.28,0.16,1.0,0.0,0.16,1.0
2026-01-14 18:11:27,clusterB,11,4,4,0,0.0,0.89,1.0,0.0,0.89,1.0
2026-01-14 18:11:32,clusterA,11,4,4,0,0.25,0.16,1.0,0.0,0.16,1.0
2026-01-14 18:11:32,clusterB,11,4,4,0,0.0,0.89,1.0,0.0,0.89,1.0
2026-01-14 18:11:37,clusterA,11,4,4,0,0.23,0.15,1.0,0.0,0.15,1.0
2026-01-14 18:11:37,clusterB,11,4,4,0,0.0,0.89,1.0,0.0,0.89,1.0
2026-01-14 18:11:42,clusterA,11,4,4,0,0.19,0.14,1.0,0.0,0.14,1.0
2026-01-14 18:11:42,clusterB,11,4,4,0,0.0,0.89,1.0,0.0,0.89,1.0
2026-01-14 18:11:47,clusterA,11,4,4,0,0.16,0.14,1.0,0.0,0.14,1.0
2026-01-14 18:11:47,clusterB,11,4,4,0,0.0,0.89,1.0,0.0,0.89,1.0
2026-01-14 18:11:52,clusterA,11,4,4,0,0.13,0.13,1.0,0.0,0.13,1.0
2026-01-14 18:11:52,clusterB,11,4,4,0,0.0,0.89,1.0,0.0,0.89,1.0
2026-01-14 18:11:57,clusterA,11,4,4,0,0.1,0.12,1.0,0.0,0.12,1.0
2026-01-14 18:11:57,clusterB,11,4,4,0,0.0,0.89,1.0,0.0,0.89,1.0
2026-01-14 18:12:02,clusterA,11,4,4,0,0.08,0.12,1.0,0.0,0.12,1.0
2026-01-14 18:12:02,clusterB,11,4,4,0,0.0,0.89,1.0,0.0,0.89,1.0
2026-01-14 18:12:07,clusterA,11,4,4,0,0.05,0.12,1.0,0.0,0.12,1.0
2026-01-14 18:12:07,clusterB,11,4,4,0,0.0,0.89,1.0,0.0,0.89,1.0
2026-01-14 18:12:12,clusterA,11,4,4,0,0.01,0.11,1.0,0.0,0.11,1.0
2026-01-14 18:12:12,clusterB,11,4,4,0,0.0,0.89,1.0,0.0,0.89,1.0
2026-01-14 18:12:17,clusterA,11,4,4,0,0.02,0.12,1.0,0.0,0.12,1.0
2026-01-14 18:12:17,clusterB,11,4,4,0,0.0,0.89,1.0,0.0,0.89,1.0
2026-01-14 18:12:22,clusterA,11,4,4,0,0.03,0.13,1.0,0.0,0.13,1.0
2026-01-14 18:12:22,clusterB,11,4,4,0,0.0,0.89,1.0,0.0,0.89,1.0
2026-01-14 18:12:27,clusterA,11,4,4,0,0.08,0.14,1.0,0.0,0.14,1.0
2026-01-14 18:12:27,clusterB,11,4,4,0,0.0,0.89,1.0,0.0,0.89,1.0
2026-01-14 18:12:32,clusterA,11,4,4,0,0.1,0.15,1.0,0.0,0.15,1.0
2026-01-14 18:12:32,clusterB,11,4,4,0,0.0,0.89,1.0,0.0,0.89,1.0
2026-01-14 18:12:37,clusterA,11,4,4,0,0.12,0.16,1.0,0.0,0.16,1.0
2026-01-14 18:12:37,clusterB,11,4,4,0,0.0,0.89,1.0,0.0,0.89,1.0
2026-01-14 18:12:42,clusterA,11,4,4,0,0.16,0.16,1.0,0.0,0.16,1.0
2026-01-14 18:12:42,clusterB,11,4,4,0,0.0,0.89,1.0,0.0,0.89,1.0
2026-01-14 18:12:47,clusterA,11,4,4,0,0.2,0.17,1.0,0.0,0.17,1.0
2026-01-14 18:12:47,clusterB,11,4,4,0,0.0,0.89,1.0,0.0,0.89,1.0
2026-01-14 18:12:52,clusterA,11,4,4,0,0.22,0.18,1.0,0.0,0.18,1.0
2026-01-14 18:12:52,clusterB,11,4,4,0,0.0,0.89,1.0,0.0,0.89,1.0
2026-01-14 18:12:57,clusterA,11,4,4,0,0.23,0.18,1.0,0.0,0.18,1.0
2026-01-14 18:12:57,clusterB,11,4,4,0,0.0,0.89,1.0,0.0,0.89,1.0
2026-01-14 18:13:02,clusterA,11,4,4,0,0.25,0.19,1.0,0.0,0.19,1.0
2026-01-14 18:13:02,clusterB,11,4,4,0,0.0,0.89,1.0,0.0,0.89,1.0
2026-01-14 18:13:07,clusterA,11,4,4,0,0.25,0.19,1.0,0.0,0.19,1.0
2026-01-14 18:13:07,clusterB,11,4,4,0,0.0,0.89,1.0,0.0,0.89,1.0
2026-01-14 18:13:12,clusterA,11,4,4,0,0.25,0.18,1.0,0.0,0.18,1.0
2026-01-14 18:13:12,clusterB,11,4,4,0,0.0,0.89,1.0,0.0,0.89,1.0
2026-01-14 18:13:17,clusterA,9,4,3,1,0.24,0.17,1.0,0.0,0.17,1.0
2026-01-14 18:13:17,clusterB,9,4,4,0,0.0,0.89,1.0,0.0,0.89,1.0
2026-01-14 18:13:22,clusterA,9,4,3,1,0.23,0.16,1.0,0.0,0.16,1.0
2026-01-14 18:13:22,clusterB,9,4,4,0,0.0,0.89,1.0,0.0,0.89,1.0
2026-01-14 18:13:27,clusterA,9,4,3,1,0.19,0.15,1.0,0.0,0.15,1.0
2026-01-14 18:13:27,clusterB,9,4,4,0,0.0,0.9,1.0,0.0,0.9,1.0
2026-01-14 18:13:32,clusterA,8,4,2,2,0.16,0.14,1.0,0.0,0.14,1.0
2026-01-14 18:13:32,clusterB,8,4,4,0,0.0,0.9,1.0,0.0,0.9,1.0
2026-01-14 18:13:37,clusterA,8,4,2,2,0.14,0.12,1.0,0.0,0.12,1.0
2026-01-14 18:13:37,clusterB,8,4,4,0,0.0,0.9,1.0,0.0,0.9,1.0
2026-01-14 18:13:42,clusterA,8,4,2,2,0.1,0.11,1.0,0.0,0.11,1.0
2026-01-14 18:13:42,clusterB,8,4,4,0,0.0,0.9,1.0,0.0,0.9,1.0
2026-01-14 18:13:47,clusterA,7,4,4,0,0.06,0.1,1.0,0.0,0.1,1.0
2026-01-14 18:13:47,clusterB,7,4,4,0,0.0,0.9,1.0,0.0,0.9,1.0
2026-01-14 18:13:52,clusterA,7,4,4,0,0.04,0.09,1.0,0.0,0.09,1.0
2026-01-14 18:13:52,clusterB,7,4,4,0,0.0,0.89,1.0,0.0,0.89,1.0
2026-01-14 18:13:57,clusterA,7,4,4,0,0.04,0.09,1.0,0.0,0.09,1.0
2026-01-14 18:13:57,clusterB,7,4,4,0,0.0,0.89,1.0,0.0,0.89,1.0
2026-01-14 18:14:02,clusterA,7,4,4,0,0.06,0.09,1.0,0.0,0.09,1.0
2026-01-14 18:14:02,clusterB,7,4,4,0,0.0,0.89,1.0,0.0,0.89,1.0
2026-01-14 18:14:07,clusterA,7,4,4,0,0.07,0.09,1.0,0.0,0.09,1.0
2026-01-14 18:14:07,clusterB,7,4,4,0,0.0,0.89,1.0,0.0,0.89,1.0
2026-01-14 18:14:12,clusterA,7,4,4,0,0.08,0.09,1.0,0.0,0.09,1.0
2026-01-14 18:14:12,clusterB,7,4,4,0,0.0,0.89,1.0,0.0,0.89,1.0
2026-01-14 18:14:17,clusterA,7,4,4,0,0.11,0.11,1.0,0.0,0.11,1.0
2026-01-14 18:14:17,clusterB,7,4,4,0,0.0,0.89,1.0,0.0,0.89,1.0
2026-01-14 18:14:22,clusterA,7,4,4,0,0.13,0.12,1.0,0.0,0.12,1.0
2026-01-14 18:14:22,clusterB,7,4,4,0,0.0,0.89,1.0,0.0,0.89,1.0
2026-01-14 18:14:27,clusterA,7,4,4,0,0.16,0.14,1.0,0.0,0.14,1.0
2026-01-14 18:14:27,clusterB,7,4,4,0,0.0,0.89,1.0,0.0,0.89,1.0
2026-01-14 18:14:32,clusterA,7,4,4,0,0.19,0.15,1.0,0.0,0.15,1.0
2026-01-14 18:14:32,clusterB,7,4,4,0,0.0,0.89,1.0,0.0,0.89,1.0
2026-01-14 18:14:37,clusterA,7,4,4,0,0.21,0.16,1.0,0.0,0.16,1.0
2026-01-14 18:14:37,clusterB,7,4,4,0,0.0,0.89,1.0,0.0,0.89,1.0
2026-01-14 18:14:42,clusterA,7,4,4,0,0.24,0.18,1.0,0.0,0.18,1.0
2026-01-14 18:14:42,clusterB,7,4,4,0,0.0,0.89,1.0,0.0,0.89,1.0
2026-01-14 18:14:47,clusterA,7,4,4,0,0.27,0.19,1.0,0.0,0.19,1.0
2026-01-14 18:14:47,clusterB,7,4,4,0,0.0,0.9,1.0,0.0,0.9,1.0
2026-01-14 18:14:52,clusterA,7,4,4,0,0.3,0.2,1.0,0.0,0.2,1.0
2026-01-14 18:14:52,clusterB,7,4,4,0,0.0,0.9,1.0,0.0,0.9,1.0
2026-01-14 18:14:57,clusterA,7,4,4,0,0.32,0.21,1.0,0.0,0.21,1.0
2026-01-14 18:14:57,clusterB,7,4,4,0,0.0,0.9,1.0,0.0,0.9,1.0
2026-01-14 18:15:02,clusterA,7,4,4,0,0.32,0.21,1.0,0.0,0.21,1.0
2026-01-14 18:15:02,clusterB,7,4,4,0,0.0,0.9,1.0,0.0,0.9,1.0
2026-01-14 18:15:07,clusterA,7,4,4,0,0.32,0.22,1.0,0.0,0.22,1.0
2026-01-14 18:15:07,clusterB,7,4,4,0,0.0,0.9,1.0,0.0,0.9,1.0
2026-01-14 18:15:12,clusterA,7,4,4,0,0.33,0.22,1.0,0.0,0.22,1.0
2026-01-14 18:15:12,clusterB,7,4,4,0,0.0,0.9,1.0,0.0,0.9,1.0
2026-01-14 18:15:17,clusterA,7,4,4,0,0.33,0.22,1.0,0.0,0.22,1.0
2026-01-14 18:15:17,clusterB,7,4,4,0,0.0,0.9,1.0,0.0,0.9,1.0
2026-01-14 18:15:22,clusterA,7,4,4,0,0.34,0.22,1.0,0.0,0.22,1.0
2026-01-14 18:15:22,clusterB,7,4,4,0,0.0,0.9,1.0,0.0,0.9,1.0
2026-01-14 18:15:27,clusterA,7,4,4,0,0.34,0.22,1.0,0.0,0.22,1.0
2026-01-14 18:15:27,clusterB,7,4,4,0,0.0,0.9,1.0,0.0,0.9,1.0
2026-01-14 18:15:32,clusterA,7,4,4,0,0.34,0.22,1.0,0.0,0.22,1.0
2026-01-14 18:15:32,clusterB,7,4,4,0,0.0,0.9,1.0,0.0,0.9,1.0
2026-01-14 18:15:37,clusterA,7,4,4,0,0.33,0.22,1.0,0.0,0.22,1.0
2026-01-14 18:15:37,clusterB,7,4,4,0,0.0,0.9,1.0,0.0,0.9,1.0
2026-01-14 18:15:42,clusterA,7,4,4,0,0.34,0.22,1.0,0.0,0.22,1.0
2026-01-14 18:15:42,clusterB,7,4,4,0,0.0,0.89,1.0,0.0,0.89,1.0
2026-01-14 18:15:47,clusterA,7,4,4,0,0.34,0.22,1.0,0.0,0.22,1.0
2026-01-14 18:15:47,clusterB,7,4,4,0,0.0,0.89,1.0,0.0,0.89,1.0
2026-01-14 18:15:52,clusterA,7,4,4,0,0.35,0.22,1.0,0.0,0.22,1.0
2026-01-14 18:15:52,clusterB,7,4,4,0,0.0,0.9,1.0,0.0,0.9,1.0
2026-01-14 18:15:57,clusterA,7,4,4,0,0.35,0.22,1.0,0.0,0.22,1.0
2026-01-14 18:15:57,clusterB,7,4,4,0,0.0,0.9,1.0,0.0,0.9,1.0
2026-01-14 18:16:02,clusterA,7,4,4,0,0.34,0.22,1.0,0.0,0.22,1.0
2026-01-14 18:16:02,clusterB,7,4,4,0,0.0,0.9,1.0,0.0,0.9,1.0
2026-01-14 18:16:07,clusterA,7,4,4,0,0.34,0.22,1.0,0.0,0.22,1.0
2026-01-14 18:16:07,clusterB,7,4,4,0,0.0,0.9,1.0,0.0,0.9,1.0
2026-01-14 18:16:12,clusterA,7,4,4,0,0.34,0.22,1.0,0.0,0.22,1.0
2026-01-14 18:16:12,clusterB,7,4,4,0,0.0,0.9,1.0,0.0,0.9,1.0
2026-01-14 18:16:17,clusterA,7,4,4,0,0.33,0.22,1.0,0.0,0.22,1.0
2026-01-14 18:16:17,clusterB,7,4,4,0,0.0,0.9,1.0,0.0,0.9,1.0
2026-01-14 18:16:22,clusterA,7,4,4,0,0.33,0.22,1.0,0.0,0.22,1.0
2026-01-14 18:16:22,clusterB,7,4,4,0,0.0,0.9,1.0,0.0,0.9,1.0
2026-01-14 18:16:27,clusterA,7,4,4,0,0.33,0.22,1.0,0.0,0.22,1.0
2026-01-14 18:16:27,clusterB,7,4,4,0,0.0,0.9,1.0,0.0,0.9,1.0
2026-01-14 18:16:32,clusterA,7,4,4,0,0.33,0.22,1.0,0.0,0.22,1.0
2026-01-14 18:16:32,clusterB,7,4,4,0,0.0,0.9,1.0,0.0,0.9,1.0
2026-01-14 18:16:37,clusterA,7,4,4,0,0.36,0.23,1.0,0.0,0.23,1.0
2026-01-14 18:16:37,clusterB,7,4,4,0,0.0,0.9,1.0,0.0,0.9,1.0
2026-01-14 18:16:42,clusterA,7,4,4,0,0.36,0.23,1.0,0.0,0.23,1.0
2026-01-14 18:16:42,clusterB,7,4,4,0,0.0,0.9,1.0,0.0,0.9,1.0
2026-01-14 18:16:47,clusterA,7,4,4,0,0.36,0.23,1.0,0.0,0.23,1.0
2026-01-14 18:16:47,clusterB,7,4,4,0,0.0,0.9,1.0,0.0,0.9,1.0
2026-01-14 18:16:52,clusterA,7,4,4,0,0.35,0.23,1.0,0.0,0.23,1.0
2026-01-14 18:16:52,clusterB,7,4,4,0,0.0,0.9,1.0,0.0,0.9,1.0
2026-01-14 18:16:57,clusterA,7,4,4,0,0.35,0.23,1.0,0.0,0.23,1.0
2026-01-14 18:16:57,clusterB,7,4,4,0,0.0,0.9,1.0,0.0,0.9,1.0
2026-01-14 18:17:02,clusterA,7,4,4,0,0.36,0.23,1.0,0.0,0.23,1.0
2026-01-14 18:17:02,clusterB,7,4,4,0,0.0,0.9,1.0,0.0,0.9,1.0
2026-01-14 18:17:07,clusterA,7,4,4,0,0.36,0.23,1.0,0.0,0.23,1.0
2026-01-14 18:17:07,clusterB,7,4,4,0,0.0,0.9,1.0,0.0,0.9,1.0
2026-01-14 18:17:12,clusterA,7,4,4,0,0.36,0.23,1.0,0.0,0.23,1.0
2026-01-14 18:17:12,clusterB,7,4,4,0,0.0,0.9,1.0,0.0,0.9,1.0
2026-01-14 18:17:17,clusterA,7,4,4,0,0.36,0.23,1.0,0.0,0.23,1.0
2026-01-14 18:17:17,clusterB,7,4,4,0,0.0,0.9,1.0,0.0,0.9,1.0
2026-01-14 18:17:22,clusterA,7,4,4,0,0.37,0.23,1.0,0.0,0.23,1.0
2026-01-14 18:17:22,clusterB,7,4,4,0,0.0,0.9,1.0,0.0,0.9,1.0
2026-01-14 18:17:27,clusterA,7,4,4,0,0.37,0.23,1.0,0.0,0.23,1.0
2026-01-14 18:17:27,clusterB,7,4,4,0,0.0,0.9,1.0,0.0,0.9,1.0
2026-01-14 18:17:32,clusterA,7,4,4,0,0.36,0.23,1.0,0.0,0.23,1.0
2026-01-14 18:17:32,clusterB,7,4,4,0,0.0,0.9,1.0,0.0,0.9,1.0
2026-01-14 18:17:37,clusterA,7,4,4,0,0.36,0.23,1.0,0.0,0.23,1.0
2026-01-14 18:17:37,clusterB,7,4,4,0,0.0,0.9,1.0,0.0,0.9,1.0
2026-01-14 18:17:42,clusterA,7,4,4,0,0.34,0.22,1.0,0.0,0.22,1.0
2026-01-14 18:17:42,clusterB,7,4,4,0,0.0,0.9,1.0,0.0,0.9,1.0
2026-01-14 18:17:47,clusterA,7,4,4,0,0.33,0.22,1.0,0.0,0.22,1.0
2026-01-14 18:17:47,clusterB,7,4,4,0,0.0,0.9,1.0,0.0,0.9,1.0
2026-01-14 18:17:52,clusterA,7,4,4,0,0.33,0.22,1.0,0.0,0.22,1.0
2026-01-14 18:17:52,clusterB,7,4,4,0,0.0,0.9,1.0,0.0,0.9,1.0
2026-01-14 18:17:57,clusterA,7,4,4,0,0.33,0.22,1.0,0.0,0.22,1.0
2026-01-14 18:17:57,clusterB,7,4,4,0,0.0,0.9,1.0,0.0,0.9,1.0
2026-01-14 18:18:02,clusterA,7,4,4,0,0.33,0.22,1.0,0.0,0.22,1.0
2026-01-14 18:18:02,clusterB,7,4,4,0,0.0,0.9,1.0,0.0,0.9,1.0
2026-01-14 18:18:07,clusterA,7,4,4,0,0.33,0.22,1.0,0.0,0.22,1.0
2026-01-14 18:18:07,clusterB,7,4,4,0,0.0,0.9,1.0,0.0,0.9,1.0
2026-01-14 18:18:12,clusterA,7,4,4,0,0.33,0.22,1.0,0.0,0.22,1.0
2026-01-14 18:18:12,clusterB,7,4,4,0,0.0,0.9,1.0,0.0,0.9,1.0
2026-01-14 18:18:17,clusterA,7,4,4,0,0.33,0.22,1.0,0.0,0.22,1.0
2026-01-14 18:18:17,clusterB,7,4,4,0,0.0,0.9,1.0,0.0,0.9,1.0
2026-01-14 18:18:22,clusterA,7,4,4,0,0.34,0.22,1.0,0.0,0.22,1.0
2026-01-14 18:18:22,clusterB,7,4,4,0,0.0,0.9,1.0,0.0,0.9,1.0
2026-01-14 18:18:27,clusterA,7,4,4,0,0.35,0.22,1.0,0.0,0.22,1.0
2026-01-14 18:18:27,clusterB,7,4,4,0,0.0,0.9,1.0,0.0,0.9,1.0
2026-01-14 18:18:32,clusterA,7,4,4,0,0.35,0.22,1.0,0.0,0.22,1.0
2026-01-14 18:18:32,clusterB,7,4,4,0,0.0,0.9,1.0,0.0,0.9,1.0
2026-01-14 18:18:37,clusterA,7,4,4,0,0.35,0.22,1.0,0.0,0.22,1.0
2026-01-14 18:18:37,clusterB,7,4,4,0,0.0,0.9,1.0,0.0,0.9,1.0
2026-01-14 18:18:42,clusterA,7,4,4,0,0.36,0.22,1.0,0.0,0.22,1.0
2026-01-14 18:18:42,clusterB,7,4,4,0,0.0,0.9,1.0,0.0,0.9,1.0
2026-01-14 18:18:47,clusterA,7,4,4,0,0.36,0.22,1.0,0.0,0.22,1.0
2026-01-14 18:18:47,clusterB,7,4,4,0,0.0,0.9,1.0,0.0,0.9,1.0
2026-01-14 18:18:52,clusterA,7,4,4,0,0.36,0.22,1.0,0.0,0.22,1.0
2026-01-14 18:18:52,clusterB,7,4,4,0,0.0,0.9,1.0,0.0,0.9,1.0
2026-01-14 18:18:57,clusterA,7,4,4,0,0.36,0.22,1.0,0.0,0.22,1.0
2026-01-14 18:18:57,clusterB,7,4,4,0,0.0,0.9,1.0,0.0,0.9,1.0
2026-01-14 18:19:02,clusterA,7,4,4,0,0.36,0.22,1.0,0.0,0.22,1.0
2026-01-14 18:19:02,clusterB,7,4,4,0,0.0,0.9,1.0,0.0,0.9,1.0
2026-01-14 18:19:07,clusterA,7,4,4,0,0.36,0.22,1.0,0.0,0.22,1.0
2026-01-14 18:19:07,clusterB,7,4,4,0,0.0,0.9,1.0,0.0,0.9,1.0
2026-01-14 18:19:12,clusterA,7,4,4,0,0.36,0.22,1.0,0.0,0.22,1.0
2026-01-14 18:19:12,clusterB,7,4,4,0,0.0,0.9,1.0,0.0,0.9,1.0
2026-01-14 18:19:17,clusterA,7,4,4,0,0.34,0.22,1.0,0.0,0.22,1.0
2026-01-14 18:19:17,clusterB,7,4,4,0,0.0,0.9,1.0,0.0,0.9,1.0
2026-01-14 18:19:22,clusterA,7,4,4,0,0.34,0.22,1.0,0.0,0.22,1.0
2026-01-14 18:19:22,clusterB,7,4,4,0,0.0,0.9,1.0,0.0,0.9,1.0
2026-01-14 18:19:27,clusterA,7,4,4,0,0.34,0.22,1.0,0.0,0.22,1.0
2026-01-14 18:19:27,clusterB,7,4,4,0,0.0,0.89,1.0,0.0,0.89,1.0
2026-01-14 18:19:32,clusterA,7,4,4,0,0.33,0.22,1.0,0.0,0.22,1.0
2026-01-14 18:19:32,clusterB,7,4,4,0,0.0,0.89,1.0,0.0,0.89,1.0
2026-01-14 18:19:37,clusterA,7,4,4,0,0.33,0.22,1.0,0.0,0.22,1.0
2026-01-14 18:19:37,clusterB,7,4,4,0,0.0,0.89,1.0,0.0,0.89,1.0
2026-01-14 18:19:42,clusterA,7,4,4,0,0.34,0.22,1.0,0.0,0.22,1.0
2026-01-14 18:19:42,clusterB,7,4,4,0,0.0,0.89,1.0,0.0,0.89,1.0
2026-01-14 18:19:47,clusterA,7,4,4,0,0.33,0.22,1.0,0.0,0.22,1.0
2026-01-14 18:19:47,clusterB,7,4,4,0,0.0,0.89,1.0,0.0,0.89,1.0
2026-01-14 18:19:52,clusterA,7,4,4,0,0.33,0.22,1.0,0.0,0.22,1.0
2026-01-14 18:19:52,clusterB,7,4,4,0,0.0,0.89,1.0,0.0,0.89,1.0
2026-01-14 18:19:57,clusterA,7,4,4,0,0.33,0.22,1.0,0.0,0.22,1.0
2026-01-14 18:19:57,clusterB,7,4,4,0,0.0,0.89,1.0,0.0,0.89,1.0
2026-01-14 18:20:02,clusterA,7,4,4,0,0.33,0.22,1.0,0.0,0.22,1.0
2026-01-14 18:20:02,clusterB,7,4,4,0,0.0,0.89,1.0,0.0,0.89,1.0
2026-01-14 18:20:07,clusterA,7,4,4,0,0.33,0.22,1.0,0.0,0.22,1.0
2026-01-14 18:20:07,clusterB,7,4,4,0,0.0,0.89,1.0,0.0,0.89,1.0
2026-01-14 18:20:12,clusterA,7,4,4,0,0.33,0.22,1.0,0.0,0.22,1.0
2026-01-14 18:20:12,clusterB,7,4,4,0,0.0,0.89,1.0,0.0,0.89,1.0
2026-01-14 18:20:17,clusterA,7,4,4,0,0.33,0.22,1.0,0.0,0.22,1.0
2026-01-14 18:20:17,clusterB,7,4,4,0,0.0,0.89,1.0,0.0,0.89,1.0
2026-01-14 18:20:22,clusterA,7,4,4,0,0.34,0.22,1.0,0.0,0.22,1.0
2026-01-14 18:20:22,clusterB,7,4,4,0,0.0,0.89,1.0,0.0,0.89,1.0
2026-01-14 18:20:27,clusterA,7,4,4,0,0.34,0.22,1.0,0.0,0.22,1.0
2026-01-14 18:20:27,clusterB,7,4,4,0,0.0,0.89,1.0,0.0,0.89,1.0
2026-01-14 18:20:32,clusterA,7,4,4,0,0.34,0.22,1.0,0.0,0.22,1.0
2026-01-14 18:20:32,clusterB,7,4,4,0,0.0,0.89,1.0,0.0,0.89,1.0
2026-01-14 18:20:37,clusterA,7,4,4,0,0.33,0.22,1.0,0.0,0.22,1.0
2026-01-14 18:20:37,clusterB,7,4,4,0,0.0,0.89,1.0,0.0,0.89,1.0
2026-01-14 18:20:42,clusterA,7,4,4,0,0.32,0.22,1.0,0.0,0.22,1.0
2026-01-14 18:20:42,clusterB,7,4,4,0,0.0,0.89,1.0,0.0,0.89,1.0
2026-01-14 18:20:47,clusterA,7,4,4,0,0.33,0.22,1.0,0.0,0.22,1.0
2026-01-14 18:20:47,clusterB,7,4,4,0,0.0,0.89,1.0,0.0,0.89,1.0
2026-01-14 18:20:52,clusterA,7,4,4,0,0.32,0.22,1.0,0.0,0.22,1.0
2026-01-14 18:20:52,clusterB,7,4,4,0,0.0,0.89,1.0,0.0,0.89,1.0
2026-01-14 18:20:57,clusterA,7,4,4,0,0.33,0.22,1.0,0.0,0.22,1.0
2026-01-14 18:20:57,clusterB,7,4,4,0,0.0,0.89,1.0,0.0,0.89,1.0
2026-01-14 18:21:02,clusterA,7,4,4,0,0.33,0.22,1.0,0.0,0.22,1.0
2026-01-14 18:21:02,clusterB,7,4,4,0,0.0,0.89,1.0,0.0,0.89,1.0
2026-01-14 18:21:07,clusterA,7,4,4,0,0.33,0.22,1.0,0.0,0.22,1.0
2026-01-14 18:21:07,clusterB,7,4,4,0,0.0,0.89,1.0,0.0,0.89,1.0
2026-01-14 18:21:12,clusterA,7,4,4,0,0.33,0.22,1.0,0.0,0.22,1.0
2026-01-14 18:21:12,clusterB,7,4,4,0,0.0,0.89,1.0,0.0,0.89,1.0
2026-01-14 18:21:17,clusterA,7,4,4,0,0.33,0.22,1.0,0.0,0.22,1.0
2026-01-14 18:21:17,clusterB,7,4,4,0,0.0,0.88,1.0,0.0,0.88,1.0
2026-01-14 18:21:22,clusterA,7,4,4,0,0.33,0.22,1.0,0.0,0.22,1.0
2026-01-14 18:21:22,clusterB,7,4,4,0,0.0,0.87,1.0,0.0,0.87,1.0
2026-01-14 18:21:27,clusterA,7,4,4,0,0.33,0.22,1.0,0.0,0.22,1.0
2026-01-14 18:21:27,clusterB,7,4,4,0,0.0,0.88,1.0,0.0,0.88,1.0
2026-01-14 18:21:32,clusterA,7,4,4,0,0.33,0.22,1.0,0.0,0.22,1.0
2026-01-14 18:21:32,clusterB,7,4,4,0,0.0,0.88,1.0,0.0,0.88,1.0
2026-01-14 18:21:37,clusterA,7,4,4,0,0.34,0.22,1.0,0.0,0.22,1.0
2026-01-14 18:21:37,clusterB,7,4,4,0,0.0,0.88,1.0,0.0,0.88,1.0
2026-01-14 18:21:42,clusterA,7,4,4,0,0.34,0.22,1.0,0.0,0.22,1.0
2026-01-14 18:21:42,clusterB,7,4,4,0,0.0,0.88,1.0,0.0,0.88,1.0
2026-01-14 18:21:47,clusterA,7,4,4,0,0.35,0.22,1.0,0.0,0.22,1.0
2026-01-14 18:21:47,clusterB,7,4,4,0,0.0,0.87,1.0,0.0,0.87,1.0
2026-01-14 18:21:52,clusterA,7,4,4,0,0.35,0.22,1.0,0.0,0.22,1.0
2026-01-14 18:21:52,clusterB,7,4,4,0,0.0,0.87,1.0,0.0,0.87,1.0
2026-01-14 18:21:57,clusterA,7,4,4,0,0.35,0.22,1.0,0.0,0.22,1.0
2026-01-14 18:21:57,clusterB,7,4,4,0,0.0,0.87,1.0,0.0,0.87,1.0
2026-01-14 18:22:02,clusterA,7,4,4,0,0.38,0.23,1.0,0.0,0.23,1.0
2026-01-14 18:22:02,clusterB,7,4,4,0,0.0,0.87,1.0,0.0,0.87,1.0
2026-01-14 18:22:07,clusterA,7,4,4,0,0.37,0.23,1.0,0.0,0.23,1.0
2026-01-14 18:22:07,clusterB,7,4,4,0,0.0,0.87,1.0,0.0,0.87,1.0
2026-01-14 18:22:12,clusterA,7,4,4,0,0.38,0.23,1.0,0.0,0.23,1.0
2026-01-14 18:22:12,clusterB,7,4,4,0,0.0,0.87,1.0,0.0,0.87,1.0
2026-01-14 18:22:17,clusterA,7,4,4,0,0.38,0.23,1.0,0.0,0.23,1.0
2026-01-14 18:22:17,clusterB,7,4,4,0,0.0,0.87,1.0,0.0,0.87,1.0
2026-01-14 18:22:22,clusterA,7,4,4,0,0.37,0.23,1.0,0.0,0.23,1.0
2026-01-14 18:22:22,clusterB,7,4,4,0,0.0,0.87,1.0,0.0,0.87,1.0
2026-01-14 18:22:27,clusterA,7,4,4,0,0.37,0.23,1.0,0.0,0.23,1.0
2026-01-14 18:22:27,clusterB,7,4,4,0,0.0,0.87,1.0,0.0,0.87,1.0
2026-01-14 18:22:32,clusterA,7,4,4,0,0.37,0.23,1.0,0.0,0.23,1.0
2026-01-14 18:22:32,clusterB,7,4,4,0,0.0,0.87,1.0,0.0,0.87,1.0
2026-01-14 18:22:37,clusterA,7,4,4,0,0.37,0.23,1.0,0.0,0.23,1.0
2026-01-14 18:22:37,clusterB,7,4,4,0,0.0,0.87,1.0,0.0,0.87,1.0
2026-01-14 18:22:42,clusterA,7,4,4,0,0.37,0.23,1.0,0.0,0.23,1.0
2026-01-14 18:22:42,clusterB,7,4,4,0,0.0,0.87,1.0,0.0,0.87,1.0
2026-01-14 18:22:47,clusterA,7,4,4,0,0.37,0.23,1.0,0.0,0.23,1.0
2026-01-14 18:22:47,clusterB,7,4,4,0,0.0,0.87,1.0,0.0,0.87,1.0
2026-01-14 18:22:52,clusterA,7,4,4,0,0.37,0.23,1.0,0.0,0.23,1.0
2026-01-14 18:22:52,clusterB,7,4,4,0,0.0,0.87,1.0,0.0,0.87,1.0
2026-01-14 18:22:57,clusterA,7,4,4,0,0.36,0.23,1.0,0.0,0.23,1.0
2026-01-14 18:22:57,clusterB,7,4,4,0,0.0,0.87,1.0,0.0,0.87,1.0
2026-01-14 18:23:02,clusterA,7,4,4,0,0.36,0.23,1.0,0.0,0.23,1.0
2026-01-14 18:23:02,clusterB,7,4,4,0,0.0,0.87,1.0,0.0,0.87,1.0
2026-01-14 18:23:07,clusterA,7,4,4,0,0.33,0.22,1.0,0.0,0.22,1.0
2026-01-14 18:23:07,clusterB,7,4,4,0,0.0,0.87,1.0,0.0,0.87,1.0
2026-01-14 18:23:12,clusterA,7,4,4,0,0.33,0.22,1.0,0.0,0.22,1.0
2026-01-14 18:23:12,clusterB,7,4,4,0,0.0,0.87,1.0,0.0,0.87,1.0
2026-01-14 18:23:17,clusterA,7,4,4,0,0.33,0.22,1.0,0.0,0.22,1.0
2026-01-14 18:23:17,clusterB,7,4,4,0,0.0,0.88,1.0,0.0,0.88,1.0
2026-01-14 18:23:22,clusterA,7,4,4,0,0.33,0.22,1.0,0.0,0.22,1.0
2026-01-14 18:23:22,clusterB,7,4,4,0,0.0,0.89,1.0,0.0,0.89,1.0
2026-01-14 18:23:27,clusterA,7,4,4,0,0.32,0.22,1.0,0.0,0.22,1.0
2026-01-14 18:23:27,clusterB,7,4,4,0,0.0,0.89,1.0,0.0,0.89,1.0
2026-01-14 18:23:32,clusterA,7,4,4,0,0.32,0.22,1.0,0.0,0.22,1.0
2026-01-14 18:23:33,clusterB,7,4,4,0,0.0,0.89,1.0,0.0,0.89,1.0
2026-01-14 18:23:38,clusterA,7,4,4,0,0.33,0.21,1.0,0.0,0.21,1.0
2026-01-14 18:23:38,clusterB,7,4,4,0,0.0,0.89,1.0,0.0,0.89,1.0
2026-01-14 18:23:43,clusterA,7,4,4,0,0.32,0.21,1.0,0.0,0.21,1.0
2026-01-14 18:23:43,clusterB,7,4,4,0,0.0,0.89,1.0,0.0,0.89,1.0
2026-01-14 18:23:48,clusterA,7,4,4,0,0.32,0.21,1.0,0.0,0.21,1.0
2026-01-14 18:23:48,clusterB,7,4,4,0,0.0,0.89,1.0,0.0,0.89,1.0
2026-01-14 18:23:53,clusterA,7,4,4,0,0.33,0.21,1.0,0.0,0.21,1.0
2026-01-14 18:23:53,clusterB,7,4,4,0,0.0,0.89,1.0,0.0,0.89,1.0
2026-01-14 18:23:58,clusterA,7,4,4,0,0.32,0.21,1.0,0.0,0.21,1.0
2026-01-14 18:23:58,clusterB,7,4,4,0,0.0,0.89,1.0,0.0,0.89,1.0
2026-01-14 18:24:03,clusterA,7,4,4,0,0.33,0.21,1.0,0.0,0.21,1.0
2026-01-14 18:24:03,clusterB,7,4,4,0,0.0,0.89,1.0,0.0,0.89,1.0
2026-01-14 18:24:08,clusterA,7,4,4,0,0.32,0.21,1.0,0.0,0.21,1.0
2026-01-14 18:24:08,clusterB,7,4,4,0,0.0,0.89,1.0,0.0,0.89,1.0
2026-01-14 18:24:13,clusterA,7,4,4,0,0.33,0.22,1.0,0.0,0.22,1.0
2026-01-14 18:24:13,clusterB,7,4,4,0,0.0,0.89,1.0,0.0,0.89,1.0
2026-01-14 18:24:18,clusterA,7,4,4,0,0.33,0.21,1.0,0.0,0.21,1.0
2026-01-14 18:24:18,clusterB,7,4,4,0,0.0,0.89,1.0,0.0,0.89,1.0
2026-01-14 18:24:23,clusterA,7,4,4,0,0.33,0.21,1.0,0.0,0.21,1.0
2026-01-14 18:24:23,clusterB,7,4,4,0,0.0,0.89,1.0,0.0,0.89,1.0
2026-01-14 18:24:28,clusterA,7,4,4,0,0.33,0.21,1.0,0.0,0.21,1.0
2026-01-14 18:24:28,clusterB,7,4,4,0,0.0,0.89,1.0,0.0,0.89,1.0
2026-01-14 18:24:33,clusterA,7,4,4,0,0.33,0.21,1.0,0.0,0.21,1.0
2026-01-14 18:24:33,clusterB,7,4,4,0,0.0,0.89,1.0,0.0,0.89,1.0
2026-01-14 18:24:38,clusterA,7,4,4,0,0.33,0.22,1.0,0.0,0.22,1.0
2026-01-14 18:24:38,clusterB,7,4,4,0,0.0,0.89,1.0,0.0,0.89,1.0
2026-01-14 18:24:43,clusterA,7,4,4,0,0.33,0.22,1.0,0.0,0.22,1.0
2026-01-14 18:24:43,clusterB,7,4,4,0,0.0,0.89,1.0,0.0,0.89,1.0
2026-01-14 18:24:48,clusterA,7,4,4,0,0.36,0.23,1.0,0.0,0.23,1.0
2026-01-14 18:24:48,clusterB,7,4,4,0,0.0,0.89,1.0,0.0,0.89,1.0
2026-01-14 18:24:53,clusterA,7,4,4,0,0.35,0.23,1.0,0.0,0.23,1.0
2026-01-14 18:24:53,clusterB,7,4,4,0,0.0,0.89,1.0,0.0,0.89,1.0
2026-01-14 18:24:58,clusterA,7,4,4,0,0.36,0.23,1.0,0.0,0.23,1.0
2026-01-14 18:24:58,clusterB,7,4,4,0,0.0,0.89,1.0,0.0,0.89,1.0
2026-01-14 18:25:03,clusterA,7,4,4,0,0.36,0.23,1.0,0.0,0.23,1.0
2026-01-14 18:25:03,clusterB,7,4,4,0,0.0,0.9,1.0,0.0,0.9,1.0
2026-01-14 18:25:08,clusterA,7,4,4,0,0.36,0.23,1.0,0.0,0.23,1.0
2026-01-14 18:25:08,clusterB,7,4,4,0,0.0,0.9,1.0,0.0,0.9,1.0
2026-01-14 18:25:13,clusterA,7,4,4,0,0.36,0.23,1.0,0.0,0.23,1.0
2026-01-14 18:25:13,clusterB,7,4,4,0,0.0,0.9,1.0,0.0,0.9,1.0
2026-01-14 18:25:18,clusterA,7,4,4,0,0.35,0.23,1.0,0.0,0.23,1.0
2026-01-14 18:25:18,clusterB,7,4,4,0,0.0,0.9,1.0,0.0,0.9,1.0
2026-01-14 18:25:23,clusterA,7,4,4,0,0.36,0.23,1.0,0.0,0.23,1.0
2026-01-14 18:25:23,clusterB,7,4,4,0,0.0,0.9,1.0,0.0,0.9,1.0
2026-01-14 18:25:28,clusterA,7,4,4,0,0.35,0.23,1.0,0.0,0.23,1.0
2026-01-14 18:25:28,clusterB,7,4,4,0,0.0,0.9,1.0,0.0,0.9,1.0
2026-01-14 18:25:33,clusterA,7,4,4,0,0.34,0.23,1.0,0.0,0.23,1.0
2026-01-14 18:25:33,clusterB,7,4,4,0,0.0,0.9,1.0,0.0,0.9,1.0
2026-01-14 18:25:38,clusterA,7,4,4,0,0.34,0.23,1.0,0.0,0.23,1.0
2026-01-14 18:25:38,clusterB,7,4,4,0,0.0,0.9,1.0,0.0,0.9,1.0
2026-01-14 18:25:43,clusterA,7,4,4,0,0.34,0.23,1.0,0.0,0.23,1.0
2026-01-14 18:25:43,clusterB,7,4,4,0,0.0,0.9,1.0,0.0,0.9,1.0
2026-01-14 18:25:48,clusterA,7,4,4,0,0.34,0.23,1.0,0.0,0.23,1.0
2026-01-14 18:25:48,clusterB,7,4,4,0,0.0,0.9,1.0,0.0,0.9,1.0
2026-01-14 18:25:53,clusterA,7,4,4,0,0.32,0.22,1.0,0.0,0.22,1.0
2026-01-14 18:25:53,clusterB,7,4,4,0,0.0,0.9,1.0,0.0,0.9,1.0
2026-01-14 18:25:58,clusterA,7,4,4,0,0.33,0.22,1.0,0.0,0.22,1.0
2026-01-14 18:25:58,clusterB,7,4,4,0,0.0,0.9,1.0,0.0,0.9,1.0
2026-01-14 18:26:03,clusterA,7,4,4,0,0.32,0.22,1.0,0.0,0.22,1.0
2026-01-14 18:26:03,clusterB,7,4,4,0,0.0,0.89,1.0,0.0,0.89,1.0
2026-01-14 18:26:08,clusterA,7,4,4,0,0.32,0.22,1.0,0.0,0.22,1.0
2026-01-14 18:26:08,clusterB,7,4,4,0,0.0,0.89,1.0,0.0,0.89,1.0
2026-01-14 18:26:13,clusterA,7,4,4,0,0.32,0.22,1.0,0.0,0.22,1.0
2026-01-14 18:26:13,clusterB,7,4,4,0,0.0,0.89,1.0,0.0,0.89,1.0
2026-01-14 18:26:18,clusterA,7,4,4,0,0.32,0.22,1.0,0.0,0.22,1.0
2026-01-14 18:26:18,clusterB,7,4,4,0,0.0,0.89,1.0,0.0,0.89,1.0
2026-01-14 18:26:23,clusterA,7,4,4,0,0.32,0.22,1.0,0.0,0.22,1.0
2026-01-14 18:26:23,clusterB,7,4,4,0,0.0,0.89,1.0,0.0,0.89,1.0
2026-01-14 18:26:28,clusterA,7,4,4,0,0.32,0.22,1.0,0.0,0.22,1.0
2026-01-14 18:26:28,clusterB,7,4,4,0,0.0,0.89,1.0,0.0,0.89,1.0
2026-01-14 18:26:33,clusterA,7,4,4,0,0.33,0.22,1.0,0.0,0.22,1.0
2026-01-14 18:26:33,clusterB,7,4,4,0,0.0,0.89,1.0,0.0,0.89,1.0
2026-01-14 18:26:38,clusterA,7,4,4,0,0.33,0.22,1.0,0.0,0.22,1.0
2026-01-14 18:26:38,clusterB,7,4,4,0,0.0,0.88,1.0,0.0,0.88,1.0
2026-01-14 18:26:43,clusterA,7,4,4,0,0.33,0.22,1.0,0.0,0.22,1.0
2026-01-14 18:26:43,clusterB,7,4,4,0,0.0,0.88,1.0,0.0,0.88,1.0
2026-01-14 18:26:48,clusterA,7,4,4,0,0.33,0.22,1.0,0.0,0.22,1.0
2026-01-14 18:26:48,clusterB,7,4,4,0,0.0,0.88,1.0,0.0,0.88,1.0
2026-01-14 18:26:53,clusterA,7,4,4,0,0.33,0.22,1.0,0.0,0.22,1.0
2026-01-14 18:26:53,clusterB,7,4,4,0,0.0,0.88,1.0,0.0,0.88,1.0
2026-01-14 18:26:58,clusterA,7,4,4,0,0.33,0.22,1.0,0.0,0.22,1.0
2026-01-14 18:26:58,clusterB,7,4,4,0,0.0,0.88,1.0,0.0,0.88,1.0
2026-01-14 18:27:03,clusterA,7,4,4,0,0.33,0.22,1.0,0.0,0.22,1.0
2026-01-14 18:27:03,clusterB,7,4,4,0,0.0,0.88,1.0,0.0,0.88,1.0
2026-01-14 18:27:08,clusterA,7,4,4,0,0.34,0.22,1.0,0.0,0.22,1.0
2026-01-14 18:27:08,clusterB,7,4,4,0,0.0,0.88,1.0,0.0,0.88,1.0
2026-01-14 18:27:13,clusterA,7,4,4,0,0.34,0.22,1.0,0.0,0.22,1.0
2026-01-14 18:27:13,clusterB,7,4,4,0,0.0,0.88,1.0,0.0,0.88,1.0
2026-01-14 18:27:18,clusterA,7,4,4,0,0.34,0.22,1.0,0.0,0.22,1.0
2026-01-14 18:27:18,clusterB,7,4,4,0,0.0,0.88,1.0,0.0,0.88,1.0
2026-01-14 18:27:23,clusterA,7,4,4,0,0.34,0.22,1.0,0.0,0.22,1.0
2026-01-14 18:27:23,clusterB,7,4,4,0,0.0,0.88,1.0,0.0,0.88,1.0
2026-01-14 18:27:28,clusterA,7,4,4,0,0.31,0.21,1.0,0.0,0.21,1.0
2026-01-14 18:27:28,clusterB,7,4,4,0,0.0,0.88,1.0,0.0,0.88,1.0
2026-01-14 18:27:33,clusterA,7,4,4,0,0.31,0.22,1.0,0.0,0.22,1.0
2026-01-14 18:27:33,clusterB,7,4,4,0,0.0,0.88,1.0,0.0,0.88,1.0
2026-01-14 18:27:38,clusterA,7,4,4,0,0.32,0.22,1.0,0.0,0.22,1.0
2026-01-14 18:27:38,clusterB,7,4,4,0,0.0,0.88,1.0,0.0,0.88,1.0
2026-01-14 18:27:43,clusterA,7,4,4,0,0.32,0.22,1.0,0.0,0.22,1.0
2026-01-14 18:27:43,clusterB,7,4,4,0,0.0,0.88,1.0,0.0,0.88,1.0
2026-01-14 18:27:48,clusterA,7,4,4,0,0.32,0.22,1.0,0.0,0.22,1.0
2026-01-14 18:27:48,clusterB,7,4,4,0,0.0,0.88,1.0,0.0,0.88,1.0
2026-01-14 18:27:53,clusterA,7,4,4,0,0.32,0.22,1.0,0.0,0.22,1.0
2026-01-14 18:27:53,clusterB,7,4,4,0,0.0,0.88,1.0,0.0,0.88,1.0
2026-01-14 18:27:58,clusterA,7,4,4,0,0.32,0.22,1.0,0.0,0.22,1.0
2026-01-14 18:27:58,clusterB,7,4,4,0,0.0,0.88,1.0,0.0,0.88,1.0
2026-01-14 18:28:03,clusterA,7,4,4,0,0.32,0.22,1.0,0.0,0.22,1.0
2026-01-14 18:28:03,clusterB,7,4,4,0,0.0,0.89,1.0,0.0,0.89,1.0
2026-01-14 18:28:08,clusterA,7,4,4,0,0.32,0.22,1.0,0.0,0.22,1.0
2026-01-14 18:28:08,clusterB,7,4,4,0,0.0,0.89,1.0,0.0,0.89,1.0
2026-01-14 18:28:13,clusterA,7,4,4,0,0.32,0.22,1.0,0.0,0.22,1.0
2026-01-14 18:28:13,clusterB,7,4,4,0,0.0,0.89,1.0,0.0,0.89,1.0
2026-01-14 18:28:18,clusterA,7,4,4,0,0.31,0.22,1.0,0.0,0.22,1.0
2026-01-14 18:28:18,clusterB,7,4,4,0,0.0,0.89,1.0,0.0,0.89,1.0
2026-01-14 18:28:23,clusterA,7,4,4,0,0.31,0.22,1.0,0.0,0.22,1.0
2026-01-14 18:28:23,clusterB,7,4,4,0,0.0,0.89,1.0,0.0,0.89,1.0
2026-01-14 18:28:28,clusterA,7,4,4,0,0.31,0.22,1.0,0.0,0.22,1.0
2026-01-14 18:28:28,clusterB,7,4,4,0,0.0,0.89,1.0,0.0,0.89,1.0
2026-01-14 18:28:33,clusterA,7,4,4,0,0.34,0.22,1.0,0.0,0.22,1.0
2026-01-14 18:28:33,clusterB,7,4,4,0,0.0,0.89,1.0,0.0,0.89,1.0
2026-01-14 18:28:38,clusterA,7,4,4,0,0.34,0.22,1.0,0.0,0.22,1.0
2026-01-14 18:28:38,clusterB,7,4,4,0,0.0,0.9,1.0,0.0,0.9,1.0
2026-01-14 18:28:43,clusterA,7,4,4,0,0.34,0.22,1.0,0.0,0.22,1.0
2026-01-14 18:28:43,clusterB,7,4,4,0,0.0,0.9,1.0,0.0,0.9,1.0
2026-01-14 18:28:48,clusterA,7,4,4,0,0.33,0.22,1.0,0.0,0.22,1.0
2026-01-14 18:28:48,clusterB,7,4,4,0,0.0,0.89,1.0,0.0,0.89,1.0
2026-01-14 18:28:53,clusterA,7,4,4,0,0.33,0.22,1.0,0.0,0.22,1.0
2026-01-14 18:28:53,clusterB,7,4,4,0,0.0,0.89,1.0,0.0,0.89,1.0
2026-01-14 18:28:58,clusterA,7,4,4,0,0.33,0.22,1.0,0.0,0.22,1.0
2026-01-14 18:28:58,clusterB,7,4,4,0,0.0,0.89,1.0,0.0,0.89,1.0
2026-01-14 18:29:03,clusterA,7,4,4,0,0.33,0.22,1.0,0.0,0.22,1.0
2026-01-14 18:29:03,clusterB,7,4,4,0,0.0,0.89,1.0,0.0,0.89,1.0
2026-01-14 18:29:08,clusterA,7,4,4,0,0.33,0.22,1.0,0.0,0.22,1.0
2026-01-14 18:29:08,clusterB,7,4,4,0,0.0,0.89,1.0,0.0,0.89,1.0
2026-01-14 18:29:13,clusterA,7,4,4,0,0.33,0.22,1.0,0.0,0.22,1.0
2026-01-14 18:29:13,clusterB,7,4,4,0,0.0,0.89,1.0,0.0,0.89,1.0
2026-01-14 18:29:18,clusterA,7,4,4,0,0.34,0.22,1.0,0.0,0.22,1.0
2026-01-14 18:29:18,clusterB,7,4,4,0,0.0,0.89,1.0,0.0,0.89,1.0
2026-01-14 18:29:23,clusterA,7,4,4,0,0.34,0.22,1.0,0.0,0.22,1.0
2026-01-14 18:29:23,clusterB,7,4,4,0,0.0,0.89,1.0,0.0,0.89,1.0
2026-01-14 18:29:28,clusterA,7,4,4,0,0.34,0.22,1.0,0.0,0.22,1.0
2026-01-14 18:29:28,clusterB,7,4,4,0,0.0,0.89,1.0,0.0,0.89,1.0
2026-01-14 18:29:33,clusterA,7,4,4,0,0.34,0.22,1.0,0.0,0.22,1.0
2026-01-14 18:29:33,clusterB,7,4,4,0,0.0,0.88,1.0,0.0,0.88,1.0
2026-01-14 18:29:38,clusterA,7,4,4,0,0.33,0.22,1.0,0.0,0.22,1.0
2026-01-14 18:29:38,clusterB,7,4,4,0,0.0,0.88,1.0,0.0,0.88,1.0
2026-01-14 18:29:43,clusterA,7,4,4,0,0.34,0.22,1.0,0.0,0.22,1.0
2026-01-14 18:29:43,clusterB,7,4,4,0,0.0,0.88,1.0,0.0,0.88,1.0
2026-01-14 18:29:48,clusterA,7,4,4,0,0.34,0.22,1.0,0.0,0.22,1.0
2026-01-14 18:29:48,clusterB,7,4,4,0,0.0,0.88,1.0,0.0,0.88,1.0
2026-01-14 18:29:53,clusterA,7,4,4,0,0.34,0.22,1.0,0.0,0.22,1.0
2026-01-14 18:29:53,clusterB,7,4,4,0,0.0,0.88,1.0,0.0,0.88,1.0
2026-01-14 18:29:58,clusterA,7,4,4,0,0.34,0.22,1.0,0.0,0.22,1.0
2026-01-14 18:29:58,clusterB,7,4,4,0,0.0,0.88,1.0,0.0,0.88,1.0
2026-01-14 18:30:03,clusterA,7,4,4,0,0.34,0.22,1.0,0.0,0.22,1.0
2026-01-14 18:30:03,clusterB,7,4,4,0,0.0,0.88,1.0,0.0,0.88,1.0
2026-01-14 18:30:08,clusterA,7,4,4,0,0.34,0.22,1.0,0.0,0.22,1.0
2026-01-14 18:30:08,clusterB,7,4,4,0,0.0,0.88,1.0,0.0,0.88,1.0
2026-01-14 18:30:13,clusterA,7,4,4,0,0.36,0.23,1.0,0.0,0.23,1.0
2026-01-14 18:30:13,clusterB,7,4,4,0,0.0,0.88,1.0,0.0,0.88,1.0
2026-01-14 18:30:18,clusterA,7,4,4,0,0.36,0.23,1.0,0.0,0.23,1.0
2026-01-14 18:30:18,clusterB,7,4,4,0,0.0,0.88,1.0,0.0,0.88,1.0
2026-01-14 18:30:23,clusterA,7,4,4,0,0.36,0.23,1.0,0.0,0.23,1.0
2026-01-14 18:30:23,clusterB,7,4,4,0,0.0,0.88,1.0,0.0,0.88,1.0
2026-01-14 18:30:28,clusterA,7,4,4,0,0.35,0.23,1.0,0.0,0.23,1.0
2026-01-14 18:30:28,clusterB,7,4,4,0,0.0,0.88,1.0,0.0,0.88,1.0
2026-01-14 18:30:33,clusterA,7,4,4,0,0.36,0.23,1.0,0.0,0.23,1.0
2026-01-14 18:30:33,clusterB,7,4,4,0,0.0,0.88,1.0,0.0,0.88,1.0
2026-01-14 18:30:38,clusterA,7,4,4,0,0.36,0.23,1.0,0.0,0.23,1.0
2026-01-14 18:30:38,clusterB,7,4,4,0,0.0,0.88,1.0,0.0,0.88,1.0
2026-01-14 18:30:43,clusterA,7,4,4,0,0.35,0.23,1.0,0.0,0.23,1.0
2026-01-14 18:30:43,clusterB,7,4,4,0,0.0,0.88,1.0,0.0,0.88,1.0
2026-01-14 18:30:48,clusterA,7,4,4,0,0.35,0.23,1.0,0.0,0.23,1.0
2026-01-14 18:30:48,clusterB,7,4,4,0,0.0,0.89,1.0,0.0,0.89,1.0
2026-01-14 18:30:53,clusterA,7,4,4,0,0.34,0.23,1.0,0.0,0.23,1.0
2026-01-14 18:30:53,clusterB,7,4,4,0,0.0,0.89,1.0,0.0,0.89,1.0
2026-01-14 18:30:58,clusterA,7,4,4,0,0.34,0.23,1.0,0.0,0.23,1.0
2026-01-14 18:30:58,clusterB,7,4,4,0,0.0,0.89,1.0,0.0,0.89,1.0
2026-01-14 18:31:03,clusterA,7,4,4,0,0.34,0.23,1.0,0.0,0.23,1.0
2026-01-14 18:31:03,clusterB,7,4,4,0,0.0,0.89,1.0,0.0,0.89,1.0
2026-01-14 18:31:08,clusterA,7,4,4,0,0.34,0.23,1.0,0.0,0.23,1.0
2026-01-14 18:31:08,clusterB,7,4,4,0,0.0,0.89,1.0,0.0,0.89,1.0
2026-01-14 18:31:13,clusterA,7,4,4,0,0.34,0.23,1.0,0.0,0.23,1.0
2026-01-14 18:31:13,clusterB,7,4,4,0,0.0,0.89,1.0,0.0,0.89,1.0
2026-01-14 18:31:18,clusterA,7,4,4,0,0.31,0.22,1.0,0.0,0.22,1.0
2026-01-14 18:31:18,clusterB,7,4,4,0,0.0,0.89,1.0,0.0,0.89,1.0
2026-01-14 18:31:23,clusterA,7,4,4,0,0.31,0.21,1.0,0.0,0.21,1.0
2026-01-14 18:31:23,clusterB,7,4,4,0,0.0,0.89,1.0,0.0,0.89,1.0
2026-01-14 18:31:28,clusterA,7,4,4,0,0.31,0.21,1.0,0.0,0.21,1.0
2026-01-14 18:31:28,clusterB,7,4,4,0,0.0,0.89,1.0,0.0,0.89,1.0
2026-01-14 18:31:33,clusterA,7,4,4,0,0.31,0.21,1.0,0.0,0.21,1.0
2026-01-14 18:31:33,clusterB,7,4,4,0,0.0,0.9,1.0,0.0,0.9,1.0
2026-01-14 18:31:38,clusterA,7,4,4,0,0.3,0.21,1.0,0.0,0.21,1.0
2026-01-14 18:31:38,clusterB,7,4,4,0,0.0,0.9,1.0,0.0,0.9,1.0
2026-01-14 18:31:43,clusterA,7,4,4,0,0.31,0.22,1.0,0.0,0.22,1.0
2026-01-14 18:31:43,clusterB,7,4,4,0,0.0,0.9,1.0,0.0,0.9,1.0
2026-01-14 18:31:48,clusterA,7,4,4,0,0.31,0.21,1.0,0.0,0.21,1.0
2026-01-14 18:31:48,clusterB,7,4,4,0,0.0,0.9,1.0,0.0,0.9,1.0
2026-01-14 18:31:53,clusterA,7,4,4,0,0.31,0.21,1.0,0.0,0.21,1.0
2026-01-14 18:31:53,clusterB,7,4,4,0,0.0,0.9,1.0,0.0,0.9,1.0
2026-01-14 18:31:58,clusterA,7,4,4,0,0.31,0.21,1.0,0.0,0.21,1.0
2026-01-14 18:31:58,clusterB,7,4,4,0,0.0,0.9,1.0,0.0,0.9,1.0
2026-01-14 18:32:03,clusterA,7,4,4,0,0.32,0.21,1.0,0.0,0.21,1.0
2026-01-14 18:32:03,clusterB,7,4,4,0,0.0,0.9,1.0,0.0,0.9,1.0
2026-01-14 18:32:08,clusterA,7,4,4,0,0.32,0.21,1.0,0.0,0.21,1.0
2026-01-14 18:32:08,clusterB,7,4,4,0,0.0,0.9,1.0,0.0,0.9,1.0
2026-01-14 18:32:13,clusterA,7,4,4,0,0.32,0.21,1.0,0.0,0.21,1.0
2026-01-14 18:32:13,clusterB,7,4,4,0,0.0,0.9,1.0,0.0,0.9,1.0
2026-01-14 18:32:18,clusterA,7,4,4,0,0.32,0.21,1.0,0.0,0.21,1.0
2026-01-14 18:32:18,clusterB,7,4,4,0,0.0,0.9,1.0,0.0,0.9,1.0
2026-01-14 18:32:23,clusterA,7,4,4,0,0.33,0.22,1.0,0.0,0.22,1.0
2026-01-14 18:32:23,clusterB,7,4,4,0,0.0,0.9,1.0,0.0,0.9,1.0
2026-01-14 18:32:28,clusterA,7,4,4,0,0.32,0.21,1.0,0.0,0.21,1.0
2026-01-14 18:32:28,clusterB,7,4,4,0,0.0,0.9,1.0,0.0,0.9,1.0
2026-01-14 18:32:33,clusterA,7,4,4,0,0.33,0.21,1.0,0.0,0.21,1.0
2026-01-14 18:32:33,clusterB,7,4,4,0,0.0,0.9,1.0,0.0,0.9,1.0
2026-01-14 18:32:38,clusterA,7,4,4,0,0.33,0.21,1.0,0.0,0.21,1.0
2026-01-14 18:32:38,clusterB,7,4,4,0,0.0,0.9,1.0,0.0,0.9,1.0
2026-01-14 18:32:43,clusterA,7,4,4,0,0.33,0.21,1.0,0.0,0.21,1.0
2026-01-14 18:32:43,clusterB,7,4,4,0,0.0,0.9,1.0,0.0,0.9,1.0
2026-01-14 18:32:48,clusterA,7,4,4,0,0.32,0.21,1.0,0.0,0.21,1.0
2026-01-14 18:32:48,clusterB,7,4,4,0,0.0,0.9,1.0,0.0,0.9,1.0
2026-01-14 18:32:53,clusterA,7,4,4,0,0.33,0.22,1.0,0.0,0.22,1.0
2026-01-14 18:32:53,clusterB,7,4,4,0,0.0,0.9,1.0,0.0,0.9,1.0
2026-01-14 18:32:58,clusterA,7,4,4,0,0.35,0.23,1.0,0.0,0.23,1.0
2026-01-14 18:32:58,clusterB,7,4,4,0,0.0,0.9,1.0,0.0,0.9,1.0
2026-01-14 18:33:03,clusterA,7,4,4,0,0.35,0.23,1.0,0.0,0.23,1.0
2026-01-14 18:33:03,clusterB,7,4,4,0,0.0,0.9,1.0,0.0,0.9,1.0
2026-01-14 18:33:08,clusterA,7,4,4,0,0.35,0.23,1.0,0.0,0.23,1.0
2026-01-14 18:33:08,clusterB,7,4,4,0,0.0,0.9,1.0,0.0,0.9,1.0
2026-01-14 18:33:13,clusterA,7,4,4,0,0.35,0.23,1.0,0.0,0.23,1.0
2026-01-14 18:33:13,clusterB,7,4,4,0,0.0,0.9,1.0,0.0,0.9,1.0
2026-01-14 18:33:18,clusterA,7,4,4,0,0.35,0.23,1.0,0.0,0.23,1.0
2026-01-14 18:33:18,clusterB,7,4,4,0,0.0,0.9,1.0,0.0,0.9,1.0
2026-01-14 18:33:23,clusterA,7,4,4,0,0.35,0.23,1.0,0.0,0.23,1.0
2026-01-14 18:33:23,clusterB,7,4,4,0,0.0,0.9,1.0,0.0,0.9,1.0
2026-01-14 18:33:28,clusterA,7,4,4,0,0.35,0.23,1.0,0.0,0.23,1.0
2026-01-14 18:33:28,clusterB,7,4,4,0,0.0,0.9,1.0,0.0,0.9,1.0
2026-01-14 18:33:33,clusterA,7,4,4,0,0.35,0.23,1.0,0.0,0.23,1.0
2026-01-14 18:33:33,clusterB,7,4,4,0,0.0,0.9,1.0,0.0,0.9,1.0
2026-01-14 18:33:38,clusterA,7,4,4,0,0.35,0.23,1.0,0.0,0.23,1.0
2026-01-14 18:33:38,clusterB,7,4,4,0,0.0,0.9,1.0,0.0,0.9,1.0
2026-01-14 18:33:43,clusterA,7,4,4,0,0.35,0.23,1.0,0.0,0.23,1.0
2026-01-14 18:33:43,clusterB,7,4,4,0,0.0,0.9,1.0,0.0,0.9,1.0
2026-01-14 18:33:48,clusterA,7,4,4,0,0.35,0.23,1.0,0.0,0.23,1.0
2026-01-14 18:33:48,clusterB,7,4,4,0,0.0,0.9,1.0,0.0,0.9,1.0
2026-01-14 18:33:53,clusterA,7,4,4,0,0.36,0.23,1.0,0.0,0.23,1.0
2026-01-14 18:33:53,clusterB,7,4,4,0,0.0,0.9,1.0,0.0,0.9,1.0
2026-01-14 18:33:58,clusterA,7,4,4,0,0.35,0.23,1.0,0.0,0.23,1.0
2026-01-14 18:33:58,clusterB,7,4,4,0,0.0,0.9,1.0,0.0,0.9,1.0
2026-01-14 18:34:03,clusterA,7,4,4,0,0.34,0.22,1.0,0.0,0.22,1.0
2026-01-14 18:34:03,clusterB,7,4,4,0,0.0,0.9,1.0,0.0,0.9,1.0
2026-01-14 18:34:08,clusterA,7,4,4,0,0.34,0.22,1.0,0.0,0.22,1.0
2026-01-14 18:34:08,clusterB,7,4,4,0,0.0,0.9,1.0,0.0,0.9,1.0
2026-01-14 18:34:13,clusterA,7,4,4,0,0.33,0.22,1.0,0.0,0.22,1.0
2026-01-14 18:34:13,clusterB,7,4,4,0,0.0,0.9,1.0,0.0,0.9,1.0
2026-01-14 18:34:18,clusterA,7,4,4,0,0.33,0.22,1.0,0.0,0.22,1.0
2026-01-14 18:34:18,clusterB,7,4,4,0,0.0,0.9,1.0,0.0,0.9,1.0
2026-01-14 18:34:23,clusterA,7,4,4,0,0.33,0.22,1.0,0.0,0.22,1.0
2026-01-14 18:34:23,clusterB,7,4,4,0,0.0,0.9,1.0,0.0,0.9,1.0
2026-01-14 18:34:28,clusterA,7,4,4,0,0.32,0.22,1.0,0.0,0.22,1.0
2026-01-14 18:34:28,clusterB,7,4,4,0,0.0,0.9,1.0,0.0,0.9,1.0
2026-01-14 18:34:33,clusterA,7,4,4,0,0.32,0.22,1.0,0.0,0.22,1.0
2026-01-14 18:34:33,clusterB,7,4,4,0,0.0,0.9,1.0,0.0,0.9,1.0
2026-01-14 18:34:38,clusterA,7,4,4,0,0.33,0.22,1.0,0.0,0.22,1.0
2026-01-14 18:34:38,clusterB,7,4,4,0,0.0,0.9,1.0,0.0,0.9,1.0
2026-01-14 18:34:43,clusterA,7,4,4,0,0.32,0.22,1.0,0.0,0.22,1.0
2026-01-14 18:34:43,clusterB,7,4,4,0,0.0,0.9,1.0,0.0,0.9,1.0
2026-01-14 18:34:48,clusterA,7,4,4,0,0.32,0.22,1.0,0.0,0.22,1.0
2026-01-14 18:34:48,clusterB,7,4,4,0,0.0,0.9,1.0,0.0,0.9,1.0
2026-01-14 18:34:53,clusterA,7,4,4,0,0.32,0.22,1.0,0.0,0.22,1.0
2026-01-14 18:34:53,clusterB,7,4,4,0,0.0,0.9,1.0,0.0,0.9,1.0
2026-01-14 18:34:58,clusterA,7,4,4,0,0.32,0.22,1.0,0.0,0.22,1.0
2026-01-14 18:34:58,clusterB,7,4,4,0,0.0,0.9,1.0,0.0,0.9,1.0
2026-01-14 18:35:03,clusterA,7,4,4,0,0.33,0.22,1.0,0.0,0.22,1.0
2026-01-14 18:35:03,clusterB,7,4,4,0,0.0,0.9,1.0,0.0,0.9,1.0
2026-01-14 18:35:08,clusterA,7,4,4,0,0.33,0.22,1.0,0.0,0.22,1.0
2026-01-14 18:35:08,clusterB,7,4,4,0,0.0,0.9,1.0,0.0,0.9,1.0
2026-01-14 18:35:13,clusterA,7,4,4,0,0.33,0.22,1.0,0.0,0.22,1.0
2026-01-14 18:35:13,clusterB,7,4,0,4,0.0,0.91,1.0,0.0,0.91,1.0
2026-01-14 18:35:18,clusterA,6,4,4,0,0.34,0.22,1.0,0.0,0.22,1.0
2026-01-14 18:35:18,clusterB,6,4,4,0,0.0,0.91,1.0,0.0,0.91,1.0
2026-01-14 18:35:23,clusterA,6,4,4,0,0.34,0.22,1.0,0.0,0.22,1.0
2026-01-14 18:35:23,clusterB,6,4,4,0,0.0,0.91,1.0,0.0,0.91,1.0
2026-01-14 18:35:28,clusterA,6,4,4,0,0.34,0.22,1.0,0.0,0.22,1.0
2026-01-14 18:35:28,clusterB,6,4,4,0,0.0,0.91,1.0,0.0,0.91,1.0
2026-01-14 18:35:33,clusterA,6,4,4,0,0.34,0.22,1.0,0.0,0.22,1.0
2026-01-14 18:35:33,clusterB,6,4,4,0,0.0,0.91,1.0,0.0,0.91,1.0
2026-01-14 18:35:38,clusterA,6,4,4,0,0.33,0.22,1.0,0.0,0.22,1.0
2026-01-14 18:35:38,clusterB,6,4,4,0,0.0,0.91,1.0,0.0,0.91,1.0
2026-01-14 18:35:43,clusterA,6,4,4,0,0.31,0.22,1.0,0.0,0.22,1.0
2026-01-14 18:35:43,clusterB,6,4,4,0,0.0,0.91,1.0,0.0,0.91,1.0
2026-01-14 18:35:48,clusterA,6,4,4,0,0.31,0.22,1.0,0.0,0.22,1.0
2026-01-14 18:35:48,clusterB,6,4,4,0,0.0,0.91,1.0,0.0,0.91,1.0
2026-01-14 18:35:53,clusterA,6,4,4,0,0.31,0.22,1.0,0.0,0.22,1.0
2026-01-14 18:35:53,clusterB,6,4,4,0,0.0,0.91,1.0,0.0,0.91,1.0
2026-01-14 18:35:58,clusterA,6,4,4,0,0.31,0.22,1.0,0.0,0.22,1.0
2026-01-14 18:35:58,clusterB,6,4,4,0,0.0,0.91,1.0,0.0,0.91,1.0
2026-01-14 18:36:03,clusterA,6,4,4,0,0.31,0.22,1.0,0.0,0.22,1.0
2026-01-14 18:36:03,clusterB,6,4,4,0,0.0,0.98,1.0,0.0,0.98,1.0
2026-01-14 18:36:08,clusterA,6,4,4,0,0.31,0.22,1.0,0.0,0.22,1.0
2026-01-14 18:36:08,clusterB,6,4,4,0,0.0,1.0,1.0,0.0,1.0,1.0
2026-01-14 18:36:13,clusterA,6,4,4,0,0.31,0.22,1.0,0.0,0.22,1.0
2026-01-14 18:36:13,clusterB,6,4,4,0,0.0,1.0,1.0,0.0,1.0,1.0
2026-01-14 18:36:18,clusterA,6,4,4,0,0.31,0.22,1.0,0.0,0.22,1.0
2026-01-14 18:36:18,clusterB,6,4,4,0,0.0,1.0,1.0,0.0,1.0,1.0
2026-01-14 18:36:23,clusterA,6,4,4,0,0.31,0.22,1.0,0.0,0.22,1.0
2026-01-14 18:36:23,clusterB,6,4,4,0,0.0,1.0,1.0,0.0,1.0,1.0
2026-01-14 18:36:28,clusterA,6,4,4,0,0.31,0.22,1.0,0.0,0.22,1.0
2026-01-14 18:36:28,clusterB,6,4,4,0,0.0,1.0,1.0,0.0,1.0,1.0
2026-01-14 18:36:33,clusterA,6,4,4,0,0.31,0.22,1.0,0.0,0.22,1.0
2026-01-14 18:36:33,clusterB,6,4,4,0,0.0,1.0,1.0,0.0,1.0,1.0
2026-01-14 18:36:38,clusterA,6,4,4,0,0.32,0.22,1.0,0.0,0.22,1.0
2026-01-14 18:36:38,clusterB,6,4,4,0,0.0,1.0,1.0,0.0,1.0,1.0
2026-01-14 18:36:43,clusterA,6,4,4,0,0.32,0.22,1.0,0.0,0.22,1.0
2026-01-14 18:36:43,clusterB,6,4,4,0,0.0,1.0,1.0,0.0,1.0,1.0
2026-01-14 18:36:48,clusterA,6,4,4,0,0.35,0.22,1.0,0.0,0.22,1.0
2026-01-14 18:36:48,clusterB,6,4,4,0,0.0,1.0,1.0,0.0,1.0,1.0
2026-01-14 18:36:53,clusterA,6,4,4,0,0.35,0.22,1.0,0.0,0.22,1.0
2026-01-14 18:36:53,clusterB,6,4,4,0,0.0,1.0,1.0,0.0,1.0,1.0
2026-01-14 18:36:58,clusterA,6,4,4,0,0.35,0.22,1.0,0.0,0.22,1.0
2026-01-14 18:36:58,clusterB,6,4,4,0,0.0,1.0,1.0,0.0,1.0,1.0
2026-01-14 18:37:03,clusterA,6,4,4,0,0.36,0.22,1.0,0.0,0.22,1.0
2026-01-14 18:37:03,clusterB,6,4,4,0,0.0,1.0,1.0,0.0,1.0,1.0
2026-01-14 18:37:08,clusterA,6,4,4,0,0.36,0.22,1.0,0.0,0.22,1.0
2026-01-14 18:37:08,clusterB,6,4,4,0,0.0,1.0,1.0,0.0,1.0,1.0
2026-01-14 18:37:13,clusterA,6,4,4,0,0.35,0.22,1.0,0.0,0.22,1.0
2026-01-14 18:37:13,clusterB,6,4,4,0,0.0,1.0,1.0,0.0,1.0,1.0
2026-01-14 18:37:18,clusterA,6,4,4,0,0.35,0.22,1.0,0.0,0.22,1.0
2026-01-14 18:37:18,clusterB,6,4,4,0,0.0,1.0,1.0,0.0,1.0,1.0
2026-01-14 18:37:23,clusterA,6,4,4,0,0.35,0.22,1.0,0.0,0.22,1.0
2026-01-14 18:37:23,clusterB,6,4,4,0,0.0,1.0,1.0,0.0,1.0,1.0
2026-01-14 18:37:28,clusterA,6,4,4,0,0.34,0.22,1.0,0.0,0.22,1.0
2026-01-14 18:37:28,clusterB,6,4,4,0,0.0,1.0,1.0,0.0,1.0,1.0
2026-01-14 18:37:33,clusterA,6,4,4,0,0.35,0.22,1.0,0.0,0.22,1.0
2026-01-14 18:37:33,clusterB,6,4,4,0,0.0,1.0,1.0,0.0,1.0,1.0
2026-01-14 18:37:38,clusterA,6,4,4,0,0.34,0.22,1.0,0.0,0.22,1.0
2026-01-14 18:37:38,clusterB,6,4,4,0,0.0,1.0,1.0,0.0,1.0,1.0
2026-01-14 18:37:43,clusterA,6,4,4,0,0.34,0.22,1.0,0.0,0.22,1.0
2026-01-14 18:37:43,clusterB,6,4,4,0,0.0,1.0,1.0,0.0,1.0,1.0
2026-01-14 18:37:48,clusterA,6,4,4,0,0.34,0.22,1.0,0.0,0.22,1.0
2026-01-14 18:37:48,clusterB,6,4,4,0,0.0,1.0,1.0,0.0,1.0,1.0
2026-01-14 18:37:53,clusterA,6,4,4,0,0.33,0.22,1.0,0.0,0.22,1.0
2026-01-14 18:37:53,clusterB,6,4,4,0,0.0,1.0,1.0,0.0,1.0,1.0
2026-01-14 18:37:58,clusterA,6,4,4,0,0.33,0.22,1.0,0.0,0.22,1.0
2026-01-14 18:37:58,clusterB,6,4,4,0,0.0,1.0,1.0,0.0,1.0,1.0
2026-01-14 18:38:03,clusterA,6,4,4,0,0.33,0.22,1.0,0.0,0.22,1.0
2026-01-14 18:38:03,clusterB,6,4,4,0,0.0,1.0,1.0,0.0,1.0,1.0
2026-01-14 18:38:09,clusterA,6,4,4,0,0.33,0.22,1.0,0.0,0.22,1.0
2026-01-14 18:38:09,clusterB,6,4,4,0,0.0,0.97,1.0,0.0,0.97,1.0
2026-01-14 18:38:14,clusterA,6,4,4,0,0.34,0.22,1.0,0.0,0.22,1.0
2026-01-14 18:38:14,clusterB,6,4,4,0,0.0,0.9,1.0,0.0,0.9,1.0
2026-01-14 18:38:19,clusterA,6,4,4,0,0.34,0.22,1.0,0.0,0.22,1.0
2026-01-14 18:38:19,clusterB,6,4,4,0,0.0,0.89,1.0,0.0,0.89,1.0
2026-01-14 18:38:24,clusterA,6,4,4,0,0.37,0.23,1.0,0.0,0.23,1.0
2026-01-14 18:38:24,clusterB,6,4,4,0,0.0,0.9,1.0,0.0,0.9,1.0
2026-01-14 18:38:29,clusterA,6,4,4,0,0.37,0.23,1.0,0.0,0.23,1.0
2026-01-14 18:38:29,clusterB,6,4,4,0,0.0,0.9,1.0,0.0,0.9,1.0
2026-01-14 18:38:34,clusterA,6,4,4,0,0.37,0.23,1.0,0.0,0.23,1.0
2026-01-14 18:38:34,clusterB,6,4,4,0,0.0,0.9,1.0,0.0,0.9,1.0
2026-01-14 18:38:39,clusterA,6,4,4,0,0.36,0.23,1.0,0.0,0.23,1.0
2026-01-14 18:38:39,clusterB,6,4,4,0,0.0,0.9,1.0,0.0,0.9,1.0
2026-01-14 18:38:44,clusterA,6,4,4,0,0.36,0.23,1.0,0.0,0.23,1.0
2026-01-14 18:38:44,clusterB,6,4,4,0,0.0,0.9,1.0,0.0,0.9,1.0
2026-01-14 18:38:49,clusterA,6,4,4,0,0.36,0.23,1.0,0.0,0.23,1.0
2026-01-14 18:38:49,clusterB,6,4,4,0,0.0,0.88,1.0,0.0,0.88,1.0
2026-01-14 18:38:54,clusterA,6,4,4,0,0.36,0.23,1.0,0.0,0.23,1.0
2026-01-14 18:38:54,clusterB,6,4,4,0,0.0,0.88,1.0,0.0,0.88,1.0
2026-01-14 18:38:59,clusterA,6,4,4,0,0.36,0.23,1.0,0.0,0.23,1.0
2026-01-14 18:38:59,clusterB,6,4,4,0,0.0,0.88,1.0,0.0,0.88,1.0
2026-01-14 18:39:04,clusterA,6,4,4,0,0.36,0.23,1.0,0.0,0.23,1.0
2026-01-14 18:39:04,clusterB,6,4,4,0,0.0,0.87,1.0,0.0,0.87,1.0
2026-01-14 18:39:09,clusterA,6,4,4,0,0.35,0.23,1.0,0.0,0.23,1.0
2026-01-14 18:39:09,clusterB,6,4,4,0,0.0,0.87,1.0,0.0,0.87,1.0
2026-01-14 18:39:14,clusterA,6,4,4,0,0.34,0.22,1.0,0.0,0.22,1.0
2026-01-14 18:39:14,clusterB,6,4,4,0,0.0,0.87,1.0,0.0,0.87,1.0
2026-01-14 18:39:19,clusterA,6,4,4,0,0.34,0.22,1.0,0.0,0.22,1.0
2026-01-14 18:39:19,clusterB,6,4,4,0,0.0,0.87,1.0,0.0,0.87,1.0
2026-01-14 18:39:24,clusterA,6,4,4,0,0.31,0.21,1.0,0.0,0.21,1.0
2026-01-14 18:39:24,clusterB,6,4,4,0,0.0,0.87,1.0,0.0,0.87,1.0
2026-01-14 18:39:29,clusterA,6,4,4,0,0.31,0.21,1.0,0.0,0.21,1.0
2026-01-14 18:39:29,clusterB,6,4,4,0,0.0,0.86,1.0,0.0,0.86,1.0
2026-01-14 18:39:34,clusterA,6,4,4,0,0.31,0.21,1.0,0.0,0.21,1.0
2026-01-14 18:39:34,clusterB,6,4,4,0,0.0,0.86,1.0,0.0,0.86,1.0
2026-01-14 18:39:39,clusterA,6,4,4,0,0.31,0.21,1.0,0.0,0.21,1.0
2026-01-14 18:39:39,clusterB,6,4,4,0,0.0,0.86,1.0,0.0,0.86,1.0
2026-01-14 18:39:44,clusterA,6,4,4,0,0.32,0.22,1.0,0.0,0.22,1.0
2026-01-14 18:39:44,clusterB,6,4,4,0,0.0,0.86,1.0,0.0,0.86,1.0
2026-01-14 18:39:49,clusterA,6,4,4,0,0.32,0.22,1.0,0.0,0.22,1.0
2026-01-14 18:39:49,clusterB,6,4,4,0,0.0,0.86,1.0,0.0,0.86,1.0
2026-01-14 18:39:54,clusterA,6,4,4,0,0.32,0.22,1.0,0.0,0.22,1.0
2026-01-14 18:39:54,clusterB,6,4,4,0,0.0,0.86,1.0,0.0,0.86,1.0
2026-01-14 18:39:59,clusterA,6,4,4,0,0.31,0.22,1.0,0.0,0.22,1.0
2026-01-14 18:39:59,clusterB,6,4,4,0,0.0,0.86,1.0,0.0,0.86,1.0
2026-01-14 18:40:04,clusterA,6,4,4,0,0.32,0.22,1.0,0.0,0.22,1.0
2026-01-14 18:40:04,clusterB,6,4,4,0,0.0,0.86,1.0,0.0,0.86,1.0
2026-01-14 18:40:09,clusterA,6,4,4,0,0.32,0.22,1.0,0.0,0.22,1.0
2026-01-14 18:40:09,clusterB,6,4,4,0,0.0,0.86,1.0,0.0,0.86,1.0
2026-01-14 18:40:14,clusterA,6,4,4,0,0.33,0.22,1.0,0.0,0.22,1.0
2026-01-14 18:40:14,clusterB,6,4,4,0,0.0,0.86,1.0,0.0,0.86,1.0
2026-01-14 18:40:19,clusterA,6,4,4,0,0.33,0.22,1.0,0.0,0.22,1.0
2026-01-14 18:40:19,clusterB,6,4,4,0,0.0,0.86,1.0,0.0,0.86,1.0
2026-01-14 18:40:24,clusterA,6,4,4,0,0.34,0.22,1.0,0.0,0.22,1.0
2026-01-14 18:40:24,clusterB,6,4,4,0,0.0,0.86,1.0,0.0,0.86,1.0
2026-01-14 18:40:29,clusterA,6,4,4,0,0.34,0.22,1.0,0.0,0.22,1.0
2026-01-14 18:40:29,clusterB,6,4,4,0,0.0,0.86,1.0,0.0,0.86,1.0
2026-01-14 18:40:34,clusterA,6,4,4,0,0.34,0.22,1.0,0.0,0.22,1.0
2026-01-14 18:40:34,clusterB,6,4,4,0,0.0,0.86,1.0,0.0,0.86,1.0
2026-01-14 18:40:39,clusterA,6,4,4,0,0.34,0.22,1.0,0.0,0.22,1.0
2026-01-14 18:40:39,clusterB,6,4,4,0,0.0,0.86,1.0,0.0,0.86,1.0
2026-01-14 18:40:44,clusterA,6,4,4,0,0.33,0.22,1.0,0.0,0.22,1.0
2026-01-14 18:40:44,clusterB,6,4,4,0,0.0,0.86,1.0,0.0,0.86,1.0
2026-01-14 18:40:49,clusterA,6,4,4,0,0.33,0.22,1.0,0.0,0.22,1.0
2026-01-14 18:40:49,clusterB,6,4,4,0,0.0,0.87,1.0,0.0,0.87,1.0
2026-01-14 18:40:54,clusterA,6,4,4,0,0.34,0.22,1.0,0.0,0.22,1.0
2026-01-14 18:40:54,clusterB,6,4,4,0,0.0,0.87,1.0,0.0,0.87,1.0
2026-01-14 18:40:59,clusterA,6,4,4,0,0.34,0.22,1.0,0.0,0.22,1.0
2026-01-14 18:40:59,clusterB,6,4,4,0,0.0,0.87,1.0,0.0,0.87,1.0
2026-01-14 18:41:04,clusterA,6,4,4,0,0.34,0.22,1.0,0.0,0.22,1.0
2026-01-14 18:41:04,clusterB,6,4,4,0,0.0,0.87,1.0,0.0,0.87,1.0
2026-01-14 18:41:09,clusterA,6,4,4,0,0.37,0.23,1.0,0.0,0.23,1.0
2026-01-14 18:41:09,clusterB,6,4,4,0,0.0,0.88,1.0,0.0,0.88,1.0
2026-01-14 18:41:14,clusterA,6,4,4,0,0.37,0.23,1.0,0.0,0.23,1.0
2026-01-14 18:41:14,clusterB,6,4,4,0,0.0,0.88,1.0,0.0,0.88,1.0
2026-01-14 18:41:19,clusterA,6,4,4,0,0.36,0.23,1.0,0.0,0.23,1.0
2026-01-14 18:41:19,clusterB,6,4,4,0,0.0,0.88,1.0,0.0,0.88,1.0
2026-01-14 18:41:24,clusterA,6,4,4,0,0.36,0.23,1.0,0.0,0.23,1.0
2026-01-14 18:41:24,clusterB,6,4,4,0,0.0,0.88,1.0,0.0,0.88,1.0
2026-01-14 18:41:29,clusterA,6,4,4,0,0.37,0.23,1.0,0.0,0.23,1.0
2026-01-14 18:41:29,clusterB,6,4,4,0,0.0,0.88,1.0,0.0,0.88,1.0
2026-01-14 18:41:34,clusterA,6,4,4,0,0.37,0.23,1.0,0.0,0.23,1.0
2026-01-14 18:41:34,clusterB,6,4,4,0,0.0,0.88,1.0,0.0,0.88,1.0
2026-01-14 18:41:39,clusterA,6,4,4,0,0.37,0.23,1.0,0.0,0.23,1.0
2026-01-14 18:41:39,clusterB,6,4,4,0,0.0,0.88,1.0,0.0,0.88,1.0
2026-01-14 18:41:44,clusterA,6,4,4,0,0.36,0.23,1.0,0.0,0.23,1.0
2026-01-14 18:41:44,clusterB,6,4,4,0,0.0,0.88,1.0,0.0,0.88,1.0
2026-01-14 18:41:49,clusterA,6,4,4,0,0.37,0.23,1.0,0.0,0.23,1.0
2026-01-14 18:41:49,clusterB,6,4,4,0,0.0,0.88,1.0,0.0,0.88,1.0
2026-01-14 18:41:54,clusterA,6,4,4,0,0.37,0.23,1.0,0.0,0.23,1.0
2026-01-14 18:41:54,clusterB,6,4,4,0,0.0,0.9,1.0,0.0,0.9,1.0
2026-01-14 18:41:59,clusterA,6,4,4,0,0.37,0.23,1.0,0.0,0.23,1.0
2026-01-14 18:41:59,clusterB,6,4,4,0,0.0,0.9,1.0,0.0,0.9,1.0
2026-01-14 18:42:04,clusterA,6,4,4,0,0.37,0.23,1.0,0.0,0.23,1.0
2026-01-14 18:42:04,clusterB,6,4,4,0,0.0,0.9,1.0,0.0,0.9,1.0
2026-01-14 18:42:09,clusterA,6,4,4,0,0.34,0.22,1.0,0.0,0.22,1.0
2026-01-14 18:42:09,clusterB,6,4,4,0,0.0,0.9,1.0,0.0,0.9,1.0
2026-01-14 18:42:14,clusterA,6,4,4,0,0.33,0.22,1.0,0.0,0.22,1.0
2026-01-14 18:42:14,clusterB,6,4,4,0,0.0,0.9,1.0,0.0,0.9,1.0
2026-01-14 18:42:19,clusterA,6,4,4,0,0.33,0.22,1.0,0.0,0.22,1.0
2026-01-14 18:42:19,clusterB,6,4,4,0,0.0,0.9,1.0,0.0,0.9,1.0
2026-01-14 18:42:24,clusterA,6,4,4,0,0.33,0.22,1.0,0.0,0.22,1.0
2026-01-14 18:42:24,clusterB,6,4,4,0,0.0,0.9,1.0,0.0,0.9,1.0
2026-01-14 18:42:29,clusterA,6,4,4,0,0.33,0.22,1.0,0.0,0.22,1.0
2026-01-14 18:42:29,clusterB,6,4,4,0,0.0,0.9,1.0,0.0,0.9,1.0
2026-01-14 18:42:34,clusterA,6,4,4,0,0.32,0.22,1.0,0.0,0.22,1.0
2026-01-14 18:42:34,clusterB,6,4,4,0,0.0,0.9,1.0,0.0,0.9,1.0
2026-01-14 18:42:39,clusterA,6,4,4,0,0.32,0.22,1.0,0.0,0.22,1.0
2026-01-14 18:42:39,clusterB,6,4,4,0,0.0,0.9,1.0,0.0,0.9,1.0
2026-01-14 18:42:44,clusterA,6,4,4,0,0.32,0.22,1.0,0.0,0.22,1.0
2026-01-14 18:42:44,clusterB,6,4,4,0,0.0,0.9,1.0,0.0,0.9,1.0
2026-01-14 18:42:49,clusterA,6,4,4,0,0.32,0.22,1.0,0.0,0.22,1.0
2026-01-14 18:42:49,clusterB,6,4,4,0,0.0,0.9,1.0,0.0,0.9,1.0
2026-01-14 18:42:54,clusterA,6,4,4,0,0.33,0.22,1.0,0.0,0.22,1.0
2026-01-14 18:42:54,clusterB,6,4,4,0,0.0,0.9,1.0,0.0,0.9,1.0
2026-01-14 18:42:59,clusterA,6,4,4,0,0.33,0.22,1.0,0.0,0.22,1.0
2026-01-14 18:42:59,clusterB,6,4,4,0,0.0,0.89,1.0,0.0,0.89,1.0
2026-01-14 18:43:04,clusterA,6,4,4,0,0.32,0.22,1.0,0.0,0.22,1.0
2026-01-14 18:43:04,clusterB,6,4,4,0,0.0,0.88,1.0,0.0,0.88,1.0
2026-01-14 18:43:09,clusterA,6,4,4,0,0.32,0.22,1.0,0.0,0.22,1.0
2026-01-14 18:43:09,clusterB,6,4,4,0,0.0,0.88,1.0,0.0,0.88,1.0
2026-01-14 18:43:14,clusterA,6,4,4,0,0.32,0.22,1.0,0.0,0.22,1.0
2026-01-14 18:43:14,clusterB,6,4,4,0,0.0,0.87,1.0,0.0,0.87,1.0
2026-01-14 18:43:19,clusterA,6,4,4,0,0.32,0.22,1.0,0.0,0.22,1.0
2026-01-14 18:43:19,clusterB,6,4,4,0,0.0,0.87,1.0,0.0,0.87,1.0
2026-01-14 18:43:24,clusterA,6,4,4,0,0.32,0.22,1.0,0.0,0.22,1.0
2026-01-14 18:43:24,clusterB,6,4,4,0,0.0,0.87,1.0,0.0,0.87,1.0
2026-01-14 18:43:29,clusterA,6,4,4,0,0.32,0.22,1.0,0.0,0.22,1.0
2026-01-14 18:43:29,clusterB,6,4,4,0,0.0,0.87,1.0,0.0,0.87,1.0
2026-01-14 18:43:34,clusterA,6,4,4,0,0.32,0.22,1.0,0.0,0.22,1.0
2026-01-14 18:43:34,clusterB,6,4,4,0,0.0,0.87,1.0,0.0,0.87,1.0
2026-01-14 18:43:39,clusterA,6,4,4,0,0.32,0.22,1.0,0.0,0.22,1.0
2026-01-14 18:43:39,clusterB,6,4,4,0,0.0,0.87,1.0,0.0,0.87,1.0
2026-01-14 18:43:44,clusterA,6,4,4,0,0.31,0.22,1.0,0.0,0.22,1.0
2026-01-14 18:43:44,clusterB,6,4,4,0,0.0,0.87,1.0,0.0,0.87,1.0
2026-01-14 18:43:49,clusterA,6,4,4,0,0.31,0.22,1.0,0.0,0.22,1.0
2026-01-14 18:43:49,clusterB,6,4,4,0,0.0,0.87,1.0,0.0,0.87,1.0
2026-01-14 18:43:54,clusterA,6,4,4,0,0.28,0.21,1.0,0.0,0.21,1.0
2026-01-14 18:43:54,clusterB,6,4,4,0,0.0,0.86,1.0,0.0,0.86,1.0
2026-01-14 18:43:59,clusterA,6,4,4,0,0.28,0.21,1.0,0.0,0.21,1.0
2026-01-14 18:43:59,clusterB,6,4,4,0,0.0,0.86,1.0,0.0,0.86,1.0
2026-01-14 18:44:04,clusterA,6,4,4,0,0.28,0.21,1.0,0.0,0.21,1.0
2026-01-14 18:44:04,clusterB,6,4,4,0,0.0,0.86,1.0,0.0,0.86,1.0
2026-01-14 18:44:09,clusterA,6,4,4,0,0.28,0.21,1.0,0.0,0.21,1.0
2026-01-14 18:44:09,clusterB,6,4,4,0,0.0,0.86,1.0,0.0,0.86,1.0
2026-01-14 18:44:14,clusterA,6,4,4,0,0.28,0.21,1.0,0.0,0.21,1.0
2026-01-14 18:44:14,clusterB,6,4,4,0,0.0,0.86,1.0,0.0,0.86,1.0
2026-01-14 18:44:19,clusterA,6,4,4,0,0.29,0.21,1.0,0.0,0.21,1.0
2026-01-14 18:44:19,clusterB,6,4,4,0,0.0,0.86,1.0,0.0,0.86,1.0
2026-01-14 18:44:24,clusterA,6,4,4,0,0.29,0.21,1.0,0.0,0.21,1.0
2026-01-14 18:44:24,clusterB,6,4,4,0,0.0,0.85,1.0,0.0,0.85,1.0
2026-01-14 18:44:29,clusterA,6,4,4,0,0.3,0.21,1.0,0.0,0.21,1.0
2026-01-14 18:44:29,clusterB,6,4,4,0,0.0,0.85,1.0,0.0,0.85,1.0
2026-01-14 18:44:34,clusterA,6,4,4,0,0.31,0.21,1.0,0.0,0.21,1.0
2026-01-14 18:44:34,clusterB,6,4,4,0,0.0,0.85,1.0,0.0,0.85,1.0
2026-01-14 18:44:39,clusterA,6,4,4,0,0.31,0.21,1.0,0.0,0.21,1.0
2026-01-14 18:44:39,clusterB,6,4,4,0,0.0,0.85,1.0,0.0,0.85,1.0
2026-01-14 18:44:44,clusterA,6,4,4,0,0.32,0.21,1.0,0.0,0.21,1.0
2026-01-14 18:44:44,clusterB,6,4,4,0,0.0,0.85,1.0,0.0,0.85,1.0
2026-01-14 18:44:49,clusterA,6,4,4,0,0.31,0.21,1.0,0.0,0.21,1.0
2026-01-14 18:44:49,clusterB,6,4,4,0,0.0,0.85,1.0,0.0,0.85,1.0
2026-01-14 18:44:54,clusterA,6,4,4,0,0.34,0.22,1.0,0.0,0.22,1.0
2026-01-14 18:44:54,clusterB,6,4,4,0,0.0,0.85,1.0,0.0,0.85,1.0
2026-01-14 18:44:59,clusterA,6,4,4,0,0.34,0.22,1.0,0.0,0.22,1.0
2026-01-14 18:44:59,clusterB,6,4,4,0,0.0,0.86,1.0,0.0,0.86,1.0
2026-01-14 18:45:04,clusterA,6,4,4,0,0.34,0.22,1.0,0.0,0.22,1.0
2026-01-14 18:45:04,clusterB,6,4,4,0,0.0,0.87,1.0,0.0,0.87,1.0
2026-01-14 18:45:09,clusterA,6,4,4,0,0.35,0.22,1.0,0.0,0.22,1.0
2026-01-14 18:45:09,clusterB,6,4,4,0,0.0,0.87,1.0,0.0,0.87,1.0
2026-01-14 18:45:14,clusterA,6,4,4,0,0.35,0.22,1.0,0.0,0.22,1.0
2026-01-14 18:45:14,clusterB,6,4,4,0,0.0,0.88,1.0,0.0,0.88,1.0
2026-01-14 18:45:19,clusterA,6,4,4,0,0.34,0.22,1.0,0.0,0.22,1.0
2026-01-14 18:45:19,clusterB,6,4,4,0,0.0,0.88,1.0,0.0,0.88,1.0
2026-01-14 18:45:24,clusterA,6,4,4,0,0.34,0.22,1.0,0.0,0.22,1.0
2026-01-14 18:45:24,clusterB,6,4,4,0,0.0,0.88,1.0,0.0,0.88,1.0
2026-01-14 18:45:29,clusterA,6,4,4,0,0.34,0.22,1.0,0.0,0.22,1.0
2026-01-14 18:45:29,clusterB,6,4,4,0,0.0,0.88,1.0,0.0,0.88,1.0
2026-01-14 18:45:34,clusterA,6,4,4,0,0.34,0.22,1.0,0.0,0.22,1.0
2026-01-14 18:45:34,clusterB,6,4,4,0,0.0,0.88,1.0,0.0,0.88,1.0
2026-01-14 18:45:39,clusterA,6,4,4,0,0.33,0.22,1.0,0.0,0.22,1.0
2026-01-14 18:45:39,clusterB,6,4,4,0,0.0,0.88,1.0,0.0,0.88,1.0
2026-01-14 18:45:44,clusterA,6,4,4,0,0.33,0.22,1.0,0.0,0.22,1.0
2026-01-14 18:45:44,clusterB,6,4,4,0,0.0,0.88,1.0,0.0,0.88,1.0
2026-01-14 18:45:49,clusterA,6,4,4,0,0.33,0.22,1.0,0.0,0.22,1.0
2026-01-14 18:45:49,clusterB,6,4,4,0,0.0,0.88,1.0,0.0,0.88,1.0
2026-01-14 18:45:54,clusterA,6,4,4,0,0.33,0.22,1.0,0.0,0.22,1.0
2026-01-14 18:45:54,clusterB,6,4,4,0,0.0,0.88,1.0,0.0,0.88,1.0
2026-01-14 18:45:59,clusterA,6,4,4,0,0.34,0.22,1.0,0.0,0.22,1.0
2026-01-14 18:45:59,clusterB,6,4,4,0,0.0,0.88,1.0,0.0,0.88,1.0
2026-01-14 18:46:04,clusterA,6,4,4,0,0.34,0.22,1.0,0.0,0.22,1.0
2026-01-14 18:46:04,clusterB,6,4,4,0,0.0,0.88,1.0,0.0,0.88,1.0
2026-01-14 18:46:09,clusterA,6,4,4,0,0.34,0.22,1.0,0.0,0.22,1.0
2026-01-14 18:46:09,clusterB,6,4,4,0,0.0,0.88,1.0,0.0,0.88,1.0
2026-01-14 18:46:14,clusterA,6,4,4,0,0.34,0.22,1.0,0.0,0.22,1.0
2026-01-14 18:46:14,clusterB,6,4,4,0,0.0,0.88,1.0,0.0,0.88,1.0
2026-01-14 18:46:19,clusterA,6,4,4,0,0.34,0.22,1.0,0.0,0.22,1.0
2026-01-14 18:46:19,clusterB,6,4,4,0,0.0,0.88,1.0,0.0,0.88,1.0
2026-01-14 18:46:24,clusterA,6,4,4,0,0.35,0.22,1.0,0.0,0.22,1.0
2026-01-14 18:46:24,clusterB,6,4,4,0,0.0,0.89,1.0,0.0,0.89,1.0
2026-01-14 18:46:29,clusterA,6,4,4,0,0.34,0.22,1.0,0.0,0.22,1.0
2026-01-14 18:46:29,clusterB,6,4,4,0,0.0,0.89,1.0,0.0,0.89,1.0
2026-01-14 18:46:34,clusterA,6,4,4,0,0.31,0.21,1.0,0.0,0.21,1.0
2026-01-14 18:46:34,clusterB,6,4,4,0,0.0,0.89,1.0,0.0,0.89,1.0
2026-01-14 18:46:39,clusterA,6,4,4,0,0.32,0.21,1.0,0.0,0.21,1.0
2026-01-14 18:46:39,clusterB,6,4,4,0,0.0,0.89,1.0,0.0,0.89,1.0
2026-01-14 18:46:44,clusterA,6,4,4,0,0.32,0.21,1.0,0.0,0.21,1.0
2026-01-14 18:46:44,clusterB,6,4,4,0,0.0,0.89,1.0,0.0,0.89,1.0
2026-01-14 18:46:49,clusterA,6,4,4,0,0.32,0.21,1.0,0.0,0.21,1.0
2026-01-14 18:46:49,clusterB,6,4,4,0,0.0,0.89,1.0,0.0,0.89,1.0
2026-01-14 18:46:54,clusterA,6,4,4,0,0.32,0.21,1.0,0.0,0.21,1.0
2026-01-14 18:46:54,clusterB,6,4,4,0,0.0,0.89,1.0,0.0,0.89,1.0
2026-01-14 18:46:59,clusterA,6,4,4,0,0.31,0.21,1.0,0.0,0.21,1.0
2026-01-14 18:46:59,clusterB,6,4,4,0,0.0,0.89,1.0,0.0,0.89,1.0
2026-01-14 18:47:04,clusterA,6,4,4,0,0.31,0.21,1.0,0.0,0.21,1.0
2026-01-14 18:47:04,clusterB,6,4,4,0,0.0,0.89,1.0,0.0,0.89,1.0
2026-01-14 18:47:09,clusterA,6,4,4,0,0.31,0.21,1.0,0.0,0.21,1.0
2026-01-14 18:47:09,clusterB,6,4,4,0,0.0,0.89,1.0,0.0,0.89,1.0
2026-01-14 18:47:14,clusterA,6,4,4,0,0.31,0.22,1.0,0.0,0.22,1.0
2026-01-14 18:47:14,clusterB,6,4,4,0,0.0,0.89,1.0,0.0,0.89,1.0
2026-01-14 18:47:19,clusterA,6,4,4,0,0.32,0.21,1.0,0.0,0.21,1.0
2026-01-14 18:47:19,clusterB,6,4,4,0,0.0,0.89,1.0,0.0,0.89,1.0
2026-01-14 18:47:24,clusterA,6,4,4,0,0.32,0.21,1.0,0.0,0.21,1.0
2026-01-14 18:47:24,clusterB,6,4,4,0,0.0,0.89,1.0,0.0,0.89,1.0
2026-01-14 18:47:29,clusterA,6,4,4,0,0.32,0.21,1.0,0.0,0.21,1.0
2026-01-14 18:47:29,clusterB,6,4,4,0,0.0,0.89,1.0,0.0,0.89,1.0
2026-01-14 18:47:34,clusterA,6,4,4,0,0.35,0.22,1.0,0.0,0.22,1.0
2026-01-14 18:47:34,clusterB,6,4,4,0,0.0,0.89,1.0,0.0,0.89,1.0
2026-01-14 18:47:39,clusterA,6,4,4,0,0.35,0.22,1.0,0.0,0.22,1.0
2026-01-14 18:47:39,clusterB,6,4,4,0,0.0,0.89,1.0,0.0,0.89,1.0
2026-01-14 18:47:44,clusterA,6,4,4,0,0.35,0.22,1.0,0.0,0.22,1.0
2026-01-14 18:47:44,clusterB,6,4,4,0,0.0,0.89,1.0,0.0,0.89,1.0
2026-01-14 18:47:49,clusterA,6,4,4,0,0.35,0.22,1.0,0.0,0.22,1.0
2026-01-14 18:47:49,clusterB,6,4,4,0,0.0,0.89,1.0,0.0,0.89,1.0
2026-01-14 18:47:54,clusterA,6,4,4,0,0.35,0.22,1.0,0.0,0.22,1.0
2026-01-14 18:47:54,clusterB,6,4,4,0,0.0,0.89,1.0,0.0,0.89,1.0
2026-01-14 18:47:59,clusterA,6,4,4,0,0.34,0.22,1.0,0.0,0.22,1.0
2026-01-14 18:47:59,clusterB,6,4,4,0,0.0,0.88,1.0,0.0,0.88,1.0
2026-01-14 18:48:04,clusterA,6,4,4,0,0.34,0.22,1.0,0.0,0.22,1.0
2026-01-14 18:48:04,clusterB,6,4,4,0,0.0,0.88,1.0,0.0,0.88,1.0
2026-01-14 18:48:09,clusterA,6,4,4,0,0.35,0.22,1.0,0.0,0.22,1.0
2026-01-14 18:48:09,clusterB,6,4,4,0,0.0,0.88,1.0,0.0,0.88,1.0
2026-01-14 18:48:14,clusterA,6,4,4,0,0.35,0.22,1.0,0.0,0.22,1.0
2026-01-14 18:48:14,clusterB,6,4,4,0,0.0,0.88,1.0,0.0,0.88,1.0
2026-01-14 18:48:19,clusterA,6,4,4,0,0.35,0.22,1.0,0.0,0.22,1.0
2026-01-14 18:48:19,clusterB,6,4,4,0,0.0,0.88,1.0,0.0,0.88,1.0
2026-01-14 18:48:24,clusterA,6,4,4,0,0.34,0.22,1.0,0.0,0.22,1.0
2026-01-14 18:48:24,clusterB,6,4,4,0,0.0,0.88,1.0,0.0,0.88,1.0
2026-01-14 18:48:29,clusterA,6,4,4,0,0.35,0.22,1.0,0.0,0.22,1.0
2026-01-14 18:48:29,clusterB,6,4,4,0,0.0,0.88,1.0,0.0,0.88,1.0
2026-01-14 18:48:34,clusterA,6,4,4,0,0.34,0.22,1.0,0.0,0.22,1.0
2026-01-14 18:48:34,clusterB,6,4,4,0,0.0,0.88,1.0,0.0,0.88,1.0
2026-01-14 18:48:39,clusterA,6,4,4,0,0.34,0.22,1.0,0.0,0.22,1.0
2026-01-14 18:48:39,clusterB,6,4,4,0,0.0,0.88,1.0,0.0,0.88,1.0
2026-01-14 18:48:44,clusterA,6,4,4,0,0.34,0.22,1.0,0.0,0.22,1.0
2026-01-14 18:48:44,clusterB,6,4,4,0,0.0,0.88,1.0,0.0,0.88,1.0
2026-01-14 18:48:49,clusterA,6,4,4,0,0.34,0.22,1.0,0.0,0.22,1.0
2026-01-14 18:48:49,clusterB,6,4,4,0,0.0,0.88,1.0,0.0,0.88,1.0
2026-01-14 18:48:54,clusterA,6,4,4,0,0.33,0.22,1.0,0.0,0.22,1.0
2026-01-14 18:48:54,clusterB,6,4,4,0,0.0,0.88,1.0,0.0,0.88,1.0
2026-01-14 18:48:59,clusterA,6,4,4,0,0.34,0.22,1.0,0.0,0.22,1.0
2026-01-14 18:48:59,clusterB,6,4,4,0,0.0,0.88,1.0,0.0,0.88,1.0
2026-01-14 18:49:04,clusterA,6,4,4,0,0.34,0.22,1.0,0.0,0.22,1.0
2026-01-14 18:49:04,clusterB,6,4,4,0,0.0,0.88,1.0,0.0,0.88,1.0
2026-01-14 18:49:09,clusterA,6,4,4,0,0.34,0.22,1.0,0.0,0.22,1.0
2026-01-14 18:49:09,clusterB,6,4,4,0,0.0,0.88,1.0,0.0,0.88,1.0
2026-01-14 18:49:14,clusterA,6,4,4,0,0.34,0.22,1.0,0.0,0.22,1.0
2026-01-14 18:49:14,clusterB,6,4,4,0,0.0,0.88,1.0,0.0,0.88,1.0
2026-01-14 18:49:19,clusterA,6,4,4,0,0.33,0.21,1.0,0.0,0.21,1.0
2026-01-14 18:49:19,clusterB,6,4,4,0,0.0,0.88,1.0,0.0,0.88,1.0
2026-01-14 18:49:24,clusterA,6,4,4,0,0.33,0.21,1.0,0.0,0.21,1.0
2026-01-14 18:49:24,clusterB,6,4,4,0,0.0,0.88,1.0,0.0,0.88,1.0
2026-01-14 18:49:29,clusterA,6,4,4,0,0.33,0.21,1.0,0.0,0.21,1.0
2026-01-14 18:49:29,clusterB,6,4,4,0,0.0,0.88,1.0,0.0,0.88,1.0
2026-01-14 18:49:34,clusterA,6,4,4,0,0.33,0.21,1.0,0.0,0.21,1.0
2026-01-14 18:49:34,clusterB,6,4,4,0,0.0,0.88,1.0,0.0,0.88,1.0
2026-01-14 18:49:39,clusterA,6,4,4,0,0.33,0.21,1.0,0.0,0.21,1.0
2026-01-14 18:49:39,clusterB,6,4,4,0,0.0,0.88,1.0,0.0,0.88,1.0
2026-01-14 18:49:44,clusterA,6,4,4,0,0.34,0.21,1.0,0.0,0.21,1.0
2026-01-14 18:49:44,clusterB,6,4,4,0,0.0,0.88,1.0,0.0,0.88,1.0
2026-01-14 18:49:49,clusterA,6,4,4,0,0.34,0.21,1.0,0.0,0.21,1.0
2026-01-14 18:49:49,clusterB,6,4,4,0,0.0,0.88,1.0,0.0,0.88,1.0
2026-01-14 18:49:54,clusterA,6,4,4,0,0.34,0.21,1.0,0.0,0.21,1.0
2026-01-14 18:49:54,clusterB,6,4,4,0,0.0,0.89,1.0,0.0,0.89,1.0
2026-01-14 18:49:59,clusterA,6,4,4,0,0.34,0.21,1.0,0.0,0.21,1.0
2026-01-14 18:49:59,clusterB,6,4,4,0,0.0,0.9,1.0,0.0,0.9,1.0
2026-01-14 18:50:04,clusterA,6,4,4,0,0.33,0.21,1.0,0.0,0.21,1.0
2026-01-14 18:50:04,clusterB,6,4,4,0,0.0,0.9,1.0,0.0,0.9,1.0
2026-01-14 18:50:09,clusterA,6,4,4,0,0.34,0.21,1.0,0.0,0.21,1.0
2026-01-14 18:50:09,clusterB,6,4,4,0,0.0,0.9,1.0,0.0,0.9,1.0
2026-01-14 18:50:14,clusterA,6,4,4,0,0.34,0.21,1.0,0.0,0.21,1.0
2026-01-14 18:50:14,clusterB,6,4,4,0,0.0,0.9,1.0,0.0,0.9,1.0
2026-01-14 18:50:19,clusterA,6,4,4,0,0.34,0.22,1.0,0.0,0.22,1.0
2026-01-14 18:50:19,clusterB,6,4,4,0,0.0,0.9,1.0,0.0,0.9,1.0
2026-01-14 18:50:24,clusterA,6,4,4,0,0.34,0.22,1.0,0.0,0.22,1.0
2026-01-14 18:50:24,clusterB,6,4,4,0,0.0,0.9,1.0,0.0,0.9,1.0
2026-01-14 18:50:29,clusterA,6,4,4,0,0.34,0.22,1.0,0.0,0.22,1.0
2026-01-14 18:50:29,clusterB,6,4,4,0,0.0,0.9,1.0,0.0,0.9,1.0
2026-01-14 18:50:34,clusterA,6,4,4,0,0.34,0.22,1.0,0.0,0.22,1.0
2026-01-14 18:50:34,clusterB,6,4,4,0,0.0,0.9,1.0,0.0,0.9,1.0
2026-01-14 18:50:39,clusterA,6,4,4,0,0.34,0.22,1.0,0.0,0.22,1.0
2026-01-14 18:50:39,clusterB,6,4,4,0,0.0,0.9,1.0,0.0,0.9,1.0
2026-01-14 18:50:44,clusterA,6,4,4,0,0.34,0.22,1.0,0.0,0.22,1.0
2026-01-14 18:50:44,clusterB,6,4,4,0,0.0,0.9,1.0,0.0,0.9,1.0
2026-01-14 18:50:49,clusterA,6,4,4,0,0.34,0.22,1.0,0.0,0.22,1.0
2026-01-14 18:50:49,clusterB,6,4,4,0,0.0,0.9,1.0,0.0,0.9,1.0
2026-01-14 18:50:54,clusterA,6,4,4,0,0.34,0.22,1.0,0.0,0.22,1.0
2026-01-14 18:50:54,clusterB,6,4,4,0,0.0,0.9,1.0,0.0,0.9,1.0
2026-01-14 18:50:59,clusterA,6,4,4,0,0.34,0.22,1.0,0.0,0.22,1.0
2026-01-14 18:50:59,clusterB,6,4,4,0,0.0,0.9,1.0,0.0,0.9,1.0
2026-01-14 18:51:04,clusterA,6,4,4,0,0.34,0.22,1.0,0.0,0.22,1.0
2026-01-14 18:51:04,clusterB,6,4,4,0,0.0,0.9,1.0,0.0,0.9,1.0
2026-01-14 18:51:09,clusterA,6,4,4,0,0.35,0.22,1.0,0.0,0.22,1.0
2026-01-14 18:51:09,clusterB,6,4,4,0,0.0,0.9,1.0,0.0,0.9,1.0
2026-01-14 18:51:14,clusterA,6,4,4,0,0.35,0.22,1.0,0.0,0.22,1.0
2026-01-14 18:51:14,clusterB,6,4,4,0,0.0,0.9,1.0,0.0,0.9,1.0
2026-01-14 18:51:19,clusterA,6,4,4,0,0.34,0.22,1.0,0.0,0.22,1.0
2026-01-14 18:51:19,clusterB,6,4,4,0,0.0,0.9,1.0,0.0,0.9,1.0
2026-01-14 18:51:24,clusterA,6,4,4,0,0.35,0.22,1.0,0.0,0.22,1.0
2026-01-14 18:51:24,clusterB,6,4,4,0,0.0,0.9,1.0,0.0,0.9,1.0
2026-01-14 18:51:29,clusterA,6,4,4,0,0.35,0.22,1.0,0.0,0.22,1.0
2026-01-14 18:51:29,clusterB,6,4,4,0,0.0,0.9,1.0,0.0,0.9,1.0
2026-01-14 18:51:34,clusterA,6,4,4,0,0.35,0.22,1.0,0.0,0.22,1.0
2026-01-14 18:51:34,clusterB,6,4,4,0,0.0,0.9,1.0,0.0,0.9,1.0
2026-01-14 18:51:39,clusterA,6,4,4,0,0.35,0.22,1.0,0.0,0.22,1.0
2026-01-14 18:51:39,clusterB,6,4,4,0,0.0,0.9,1.0,0.0,0.9,1.0
2026-01-14 18:51:44,clusterA,6,4,4,0,0.35,0.22,1.0,0.0,0.22,1.0
2026-01-14 18:51:44,clusterB,6,4,4,0,0.0,0.9,1.0,0.0,0.9,1.0
2026-01-14 18:51:49,clusterA,6,4,4,0,0.34,0.22,1.0,0.0,0.22,1.0
2026-01-14 18:51:49,clusterB,6,4,4,0,0.0,0.9,1.0,0.0,0.9,1.0
2026-01-14 18:51:54,clusterA,6,4,4,0,0.33,0.22,1.0,0.0,0.22,1.0
2026-01-14 18:51:54,clusterB,6,4,4,0,0.0,0.9,1.0,0.0,0.9,1.0
2026-01-14 18:51:59,clusterA,6,4,4,0,0.31,0.22,1.0,0.0,0.22,1.0
2026-01-14 18:51:59,clusterB,6,4,4,0,0.0,0.89,1.0,0.0,0.89,1.0
2026-01-14 18:52:04,clusterA,6,4,4,0,0.33,0.23,1.0,0.0,0.23,1.0
2026-01-14 18:52:04,clusterB,6,4,4,0,0.0,0.89,1.0,0.0,0.89,1.0
2026-01-14 18:52:09,clusterA,6,4,4,0,0.33,0.23,1.0,0.0,0.23,1.0
2026-01-14 18:52:09,clusterB,6,4,4,0,0.0,0.89,1.0,0.0,0.89,1.0
2026-01-14 18:52:14,clusterA,6,4,4,0,0.32,0.23,1.0,0.0,0.23,1.0
2026-01-14 18:52:14,clusterB,6,4,4,0,0.0,0.89,1.0,0.0,0.89,1.0
2026-01-14 18:52:19,clusterA,6,4,4,0,0.32,0.23,1.0,0.0,0.23,1.0
2026-01-14 18:52:19,clusterB,6,4,4,0,0.0,0.89,1.0,0.0,0.89,1.0
2026-01-14 18:52:25,clusterA,6,4,4,0,0.32,0.23,1.0,0.0,0.23,1.0
2026-01-14 18:52:25,clusterB,6,4,4,0,0.0,0.89,1.0,0.0,0.89,1.0
2026-01-14 18:52:30,clusterA,6,4,4,0,0.32,0.23,1.0,0.0,0.23,1.0
2026-01-14 18:52:30,clusterB,6,4,4,0,0.0,0.89,1.0,0.0,0.89,1.0
2026-01-14 18:52:35,clusterA,6,4,4,0,0.32,0.23,1.0,0.0,0.23,1.0
2026-01-14 18:52:35,clusterB,6,4,4,0,0.0,0.89,1.0,0.0,0.89,1.0
2026-01-14 18:52:40,clusterA,6,4,4,0,0.32,0.23,1.0,0.0,0.23,1.0
2026-01-14 18:52:40,clusterB,6,4,4,0,0.0,0.89,1.0,0.0,0.89,1.0
2026-01-14 18:52:45,clusterA,6,4,4,0,0.33,0.23,1.0,0.0,0.23,1.0
2026-01-14 18:52:45,clusterB,6,4,4,0,0.0,0.9,1.0,0.0,0.9,1.0
2026-01-14 18:52:50,clusterA,6,4,4,0,0.33,0.23,1.0,0.0,0.23,1.0
2026-01-14 18:52:50,clusterB,6,4,4,0,0.0,0.9,1.0,0.0,0.9,1.0
2026-01-14 18:52:55,clusterA,6,4,4,0,0.34,0.23,1.0,0.0,0.23,1.0
2026-01-14 18:52:55,clusterB,6,4,4,0,0.0,0.9,1.0,0.0,0.9,1.0
2026-01-14 18:53:00,clusterA,6,4,4,0,0.36,0.23,1.0,0.0,0.23,1.0
2026-01-14 18:53:00,clusterB,6,4,4,0,0.0,0.9,1.0,0.0,0.9,1.0
2026-01-14 18:53:05,clusterA,6,4,4,0,0.33,0.22,1.0,0.0,0.22,1.0
2026-01-14 18:53:05,clusterB,6,4,4,0,0.0,0.9,1.0,0.0,0.9,1.0
2026-01-14 18:53:10,clusterA,6,4,4,0,0.33,0.22,1.0,0.0,0.22,1.0
2026-01-14 18:53:10,clusterB,6,4,4,0,0.0,0.9,1.0,0.0,0.9,1.0
2026-01-14 18:53:15,clusterA,6,4,4,0,0.33,0.22,1.0,0.0,0.22,1.0
2026-01-14 18:53:15,clusterB,6,4,4,0,0.0,0.9,1.0,0.0,0.9,1.0
2026-01-14 18:53:20,clusterA,6,4,4,0,0.34,0.22,1.0,0.0,0.22,1.0
2026-01-14 18:53:20,clusterB,6,4,4,0,0.0,0.9,1.0,0.0,0.9,1.0
2026-01-14 18:53:25,clusterA,6,4,4,0,0.34,0.22,1.0,0.0,0.22,1.0
2026-01-14 18:53:25,clusterB,6,4,4,0,0.0,0.9,1.0,0.0,0.9,1.0
2026-01-14 18:53:30,clusterA,6,4,4,0,0.34,0.22,1.0,0.0,0.22,1.0
2026-01-14 18:53:30,clusterB,6,4,4,0,0.0,0.9,1.0,0.0,0.9,1.0
2026-01-14 18:53:35,clusterA,6,4,4,0,0.34,0.22,1.0,0.0,0.22,1.0
2026-01-14 18:53:35,clusterB,6,4,4,0,0.0,0.9,1.0,0.0,0.9,1.0
2026-01-14 18:53:40,clusterA,6,4,4,0,0.33,0.22,1.0,0.0,0.22,1.0
2026-01-14 18:53:40,clusterB,6,4,4,0,0.0,0.9,1.0,0.0,0.9,1.0
2026-01-14 18:53:45,clusterA,6,4,4,0,0.33,0.22,1.0,0.0,0.22,1.0
2026-01-14 18:53:45,clusterB,6,4,4,0,0.0,0.9,1.0,0.0,0.9,1.0
2026-01-14 18:53:50,clusterA,6,4,4,0,0.33,0.22,1.0,0.0,0.22,1.0
2026-01-14 18:53:50,clusterB,6,4,4,0,0.0,0.9,1.0,0.0,0.9,1.0
2026-01-14 18:53:55,clusterA,6,4,4,0,0.33,0.22,1.0,0.0,0.22,1.0
2026-01-14 18:53:55,clusterB,6,4,4,0,0.0,0.9,1.0,0.0,0.9,1.0
2026-01-14 18:54:00,clusterA,6,4,4,0,0.33,0.22,1.0,0.0,0.22,1.0
2026-01-14 18:54:00,clusterB,6,4,4,0,0.0,0.91,1.0,0.0,0.91,1.0
2026-01-14 18:54:05,clusterA,6,4,4,0,0.33,0.22,1.0,0.0,0.22,1.0
2026-01-14 18:54:05,clusterB,6,4,4,0,0.0,0.91,1.0,0.0,0.91,1.0
2026-01-14 18:54:10,clusterA,6,4,4,0,0.34,0.22,1.0,0.0,0.22,1.0
2026-01-14 18:54:10,clusterB,6,4,4,0,0.0,0.91,1.0,0.0,0.91,1.0
2026-01-14 18:54:15,clusterA,6,4,4,0,0.34,0.22,1.0,0.0,0.22,1.0
2026-01-14 18:54:15,clusterB,6,4,4,0,0.0,0.91,1.0,0.0,0.91,1.0
2026-01-14 18:54:20,clusterA,6,4,4,0,0.34,0.22,1.0,0.0,0.22,1.0
2026-01-14 18:54:20,clusterB,6,4,4,0,0.0,0.91,1.0,0.0,0.91,1.0
2026-01-14 18:54:25,clusterA,6,4,4,0,0.34,0.22,1.0,0.0,0.22,1.0
2026-01-14 18:54:25,clusterB,6,4,4,0,0.0,0.91,1.0,0.0,0.91,1.0
2026-01-14 18:54:30,clusterA,6,4,4,0,0.33,0.22,1.0,0.0,0.22,1.0
2026-01-14 18:54:30,clusterB,6,4,4,0,0.0,0.91,1.0,0.0,0.91,1.0
2026-01-14 18:54:35,clusterA,6,4,4,0,0.33,0.22,1.0,0.0,0.22,1.0
2026-01-14 18:54:35,clusterB,6,4,4,0,0.0,0.91,1.0,0.0,0.91,1.0
2026-01-14 18:54:40,clusterA,6,4,4,0,0.34,0.22,1.0,0.0,0.22,1.0
2026-01-14 18:54:40,clusterB,6,4,4,0,0.0,0.91,1.0,0.0,0.91,1.0
2026-01-14 18:54:45,clusterA,6,4,4,0,0.34,0.22,1.0,0.0,0.22,1.0
2026-01-14 18:54:45,clusterB,6,4,4,0,0.0,0.91,1.0,0.0,0.91,1.0
2026-01-14 18:54:50,clusterA,6,4,4,0,0.34,0.21,1.0,0.0,0.21,1.0
2026-01-14 18:54:50,clusterB,6,4,4,0,0.0,0.91,1.0,0.0,0.91,1.0
2026-01-14 18:54:55,clusterA,6,4,4,0,0.34,0.21,1.0,0.0,0.21,1.0
2026-01-14 18:54:55,clusterB,6,4,4,0,0.0,0.91,1.0,0.0,0.91,1.0
2026-01-14 18:55:00,clusterA,6,4,4,0,0.35,0.21,1.0,0.0,0.21,1.0
2026-01-14 18:55:00,clusterB,6,4,4,0,0.0,0.9,1.0,0.0,0.9,1.0
2026-01-14 18:55:05,clusterA,6,4,4,0,0.35,0.21,1.0,0.0,0.21,1.0
2026-01-14 18:55:05,clusterB,6,4,4,0,0.0,0.9,1.0,0.0,0.9,1.0
2026-01-14 18:55:10,clusterA,6,4,4,0,0.35,0.22,1.0,0.0,0.22,1.0
2026-01-14 18:55:10,clusterB,6,4,4,0,0.0,0.9,1.0,0.0,0.9,1.0
2026-01-14 18:55:15,clusterA,6,4,4,0,0.34,0.22,1.0,0.0,0.22,1.0
2026-01-14 18:55:15,clusterB,6,4,4,0,0.0,0.9,1.0,0.0,0.9,1.0
2026-01-14 18:55:20,clusterA,6,4,4,0,0.34,0.21,1.0,0.0,0.21,1.0
2026-01-14 18:55:20,clusterB,6,4,4,0,0.0,0.9,1.0,0.0,0.9,1.0
2026-01-14 18:55:25,clusterA,6,4,4,0,0.33,0.21,1.0,0.0,0.21,1.0
2026-01-14 18:55:25,clusterB,6,4,4,0,0.0,0.9,1.0,0.0,0.9,1.0
2026-01-14 18:55:30,clusterA,6,4,4,0,0.32,0.21,1.0,0.0,0.21,1.0
2026-01-14 18:55:30,clusterB,6,4,4,0,0.0,0.9,1.0,0.0,0.9,1.0
2026-01-14 18:55:35,clusterA,6,4,4,0,0.33,0.21,1.0,0.0,0.21,1.0
2026-01-14 18:55:35,clusterB,6,4,4,0,0.0,0.9,1.0,0.0,0.9,1.0
2026-01-14 18:55:40,clusterA,6,4,4,0,0.33,0.21,1.0,0.0,0.21,1.0
2026-01-14 18:55:40,clusterB,6,4,4,0,0.0,0.9,1.0,0.0,0.9,1.0
2026-01-14 18:55:45,clusterA,6,4,4,0,0.32,0.21,1.0,0.0,0.21,1.0
2026-01-14 18:55:45,clusterB,6,4,4,0,0.0,0.89,1.0,0.0,0.89,1.0
2026-01-14 18:55:50,clusterA,6,4,4,0,0.33,0.22,1.0,0.0,0.22,1.0
2026-01-14 18:55:50,clusterB,6,4,4,0,0.0,0.89,1.0,0.0,0.89,1.0
2026-01-14 18:55:55,clusterA,6,4,4,0,0.32,0.22,1.0,0.0,0.22,1.0
2026-01-14 18:55:55,clusterB,6,4,4,0,0.0,0.89,1.0,0.0,0.89,1.0
2026-01-14 18:56:00,clusterA,6,4,4,0,0.32,0.22,1.0,0.0,0.22,1.0
2026-01-14 18:56:00,clusterB,6,4,4,0,0.0,0.89,1.0,0.0,0.89,1.0
2026-01-14 18:56:05,clusterA,6,4,4,0,0.31,0.22,1.0,0.0,0.22,1.0
2026-01-14 18:56:05,clusterB,6,4,4,0,0.0,0.89,1.0,0.0,0.89,1.0
2026-01-14 18:56:10,clusterA,6,4,4,0,0.31,0.22,1.0,0.0,0.22,1.0
2026-01-14 18:56:10,clusterB,6,4,4,0,0.0,0.89,1.0,0.0,0.89,1.0
2026-01-14 18:56:15,clusterA,6,4,4,0,0.32,0.22,1.0,0.0,0.22,1.0
2026-01-14 18:56:15,clusterB,6,4,4,0,0.0,0.89,1.0,0.0,0.89,1.0
2026-01-14 18:56:20,clusterA,6,4,4,0,0.32,0.22,1.0,0.0,0.22,1.0
2026-01-14 18:56:20,clusterB,6,4,4,0,0.0,0.89,1.0,0.0,0.89,1.0
2026-01-14 18:56:25,clusterA,6,4,4,0,0.33,0.22,1.0,0.0,0.22,1.0
2026-01-14 18:56:25,clusterB,6,4,4,0,0.0,0.89,1.0,0.0,0.89,1.0
2026-01-14 18:56:30,clusterA,6,4,4,0,0.34,0.22,1.0,0.0,0.22,1.0
2026-01-14 18:56:30,clusterB,6,4,4,0,0.0,0.89,1.0,0.0,0.89,1.0
2026-01-14 18:56:35,clusterA,6,4,4,0,0.34,0.22,1.0,0.0,0.22,1.0
2026-01-14 18:56:35,clusterB,6,4,4,0,0.0,0.89,1.0,0.0,0.89,1.0
2026-01-14 18:56:40,clusterA,6,4,4,0,0.34,0.22,1.0,0.0,0.22,1.0
2026-01-14 18:56:40,clusterB,6,4,4,0,0.0,0.9,1.0,0.0,0.9,1.0
2026-01-14 18:56:45,clusterA,6,4,4,0,0.35,0.22,1.0,0.0,0.22,1.0
2026-01-14 18:56:45,clusterB,6,4,4,0,0.0,0.9,1.0,0.0,0.9,1.0
2026-01-14 18:56:50,clusterA,6,4,4,0,0.35,0.22,1.0,0.0,0.22,1.0
2026-01-14 18:56:50,clusterB,6,4,4,0,0.0,0.9,1.0,0.0,0.9,1.0
2026-01-14 18:56:55,clusterA,6,4,4,0,0.35,0.22,1.0,0.0,0.22,1.0
2026-01-14 18:56:55,clusterB,6,4,4,0,0.0,0.9,1.0,0.0,0.9,1.0
2026-01-14 18:57:00,clusterA,6,4,4,0,0.34,0.22,1.0,0.0,0.22,1.0
2026-01-14 18:57:00,clusterB,6,4,4,0,0.0,0.89,1.0,0.0,0.89,1.0
2026-01-14 18:57:05,clusterA,6,4,4,0,0.35,0.22,1.0,0.0,0.22,1.0
2026-01-14 18:57:05,clusterB,6,4,4,0,0.0,0.89,1.0,0.0,0.89,1.0
2026-01-14 18:57:10,clusterA,6,4,4,0,0.35,0.22,1.0,0.0,0.22,1.0
2026-01-14 18:57:10,clusterB,6,4,4,0,0.0,0.89,1.0,0.0,0.89,1.0
2026-01-14 18:57:15,clusterA,6,4,4,0,0.35,0.22,1.0,0.0,0.22,1.0
2026-01-14 18:57:15,clusterB,6,4,4,0,0.0,0.88,1.0,0.0,0.88,1.0
2026-01-14 18:57:20,clusterA,6,4,4,0,0.36,0.22,1.0,0.0,0.22,1.0
2026-01-14 18:57:20,clusterB,6,4,4,0,0.0,0.88,1.0,0.0,0.88,1.0
2026-01-14 18:57:25,clusterA,6,4,4,0,0.36,0.22,1.0,0.0,0.22,1.0
2026-01-14 18:57:25,clusterB,6,4,4,0,0.0,0.88,1.0,0.0,0.88,1.0
2026-01-14 18:57:30,clusterA,6,4,4,0,0.38,0.23,1.0,0.0,0.23,1.0
2026-01-14 18:57:30,clusterB,6,4,4,0,0.0,0.88,1.0,0.0,0.88,1.0
2026-01-14 18:57:35,clusterA,6,4,4,0,0.38,0.23,1.0,0.0,0.23,1.0
2026-01-14 18:57:35,clusterB,6,4,4,0,0.0,0.88,1.0,0.0,0.88,1.0
2026-01-14 18:57:40,clusterA,6,4,4,0,0.37,0.23,1.0,0.0,0.23,1.0
2026-01-14 18:57:40,clusterB,6,4,4,0,0.0,0.87,1.0,0.0,0.87,1.0
2026-01-14 18:57:45,clusterA,6,4,4,0,0.37,0.23,1.0,0.0,0.23,1.0
2026-01-14 18:57:45,clusterB,6,4,4,0,0.0,0.87,1.0,0.0,0.87,1.0
2026-01-14 18:57:50,clusterA,6,4,4,0,0.37,0.23,1.0,0.0,0.23,1.0
2026-01-14 18:57:50,clusterB,6,4,4,0,0.0,0.87,1.0,0.0,0.87,1.0
2026-01-14 18:57:55,clusterA,6,4,4,0,0.37,0.23,1.0,0.0,0.23,1.0
2026-01-14 18:57:55,clusterB,6,4,4,0,0.0,0.87,1.0,0.0,0.87,1.0
2026-01-14 18:58:00,clusterA,6,4,4,0,0.37,0.23,1.0,0.0,0.23,1.0
2026-01-14 18:58:00,clusterB,6,4,4,0,0.0,0.87,1.0,0.0,0.87,1.0
2026-01-14 18:58:05,clusterA,6,4,4,0,0.37,0.23,1.0,0.0,0.23,1.0
2026-01-14 18:58:05,clusterB,6,4,4,0,0.0,0.87,1.0,0.0,0.87,1.0
2026-01-14 18:58:10,clusterA,6,4,4,0,0.37,0.23,1.0,0.0,0.23,1.0
2026-01-14 18:58:10,clusterB,6,4,4,0,0.0,0.87,1.0,0.0,0.87,1.0
2026-01-14 18:58:15,clusterA,6,4,4,0,0.37,0.23,1.0,0.0,0.23,1.0
2026-01-14 18:58:15,clusterB,6,4,4,0,0.0,0.87,1.0,0.0,0.87,1.0
2026-01-14 18:58:20,clusterA,6,4,4,0,0.36,0.23,1.0,0.0,0.23,1.0
2026-01-14 18:58:20,clusterB,6,4,4,0,0.0,0.87,1.0,0.0,0.87,1.0
2026-01-14 18:58:25,clusterA,6,4,4,0,0.36,0.23,1.0,0.0,0.23,1.0
2026-01-14 18:58:25,clusterB,6,4,4,0,0.0,0.87,1.0,0.0,0.87,1.0
2026-01-14 18:58:30,clusterA,6,4,4,0,0.33,0.22,1.0,0.0,0.22,1.0
2026-01-14 18:58:30,clusterB,6,4,4,0,0.0,0.87,1.0,0.0,0.87,1.0
2026-01-14 18:58:35,clusterA,6,4,4,0,0.32,0.22,1.0,0.0,0.22,1.0
2026-01-14 18:58:35,clusterB,6,4,4,0,0.0,0.87,1.0,0.0,0.87,1.0
2026-01-14 18:58:40,clusterA,6,4,4,0,0.33,0.22,1.0,0.0,0.22,1.0
2026-01-14 18:58:40,clusterB,6,4,4,0,0.0,0.87,1.0,0.0,0.87,1.0
2026-01-14 18:58:45,clusterA,6,4,4,0,0.33,0.22,1.0,0.0,0.22,1.0
2026-01-14 18:58:45,clusterB,6,4,4,0,0.0,0.87,1.0,0.0,0.87,1.0
2026-01-14 18:58:50,clusterA,6,4,4,0,0.32,0.22,1.0,0.0,0.22,1.0
2026-01-14 18:58:50,clusterB,6,4,4,0,0.0,0.87,1.0,0.0,0.87,1.0
2026-01-14 18:58:55,clusterA,6,4,4,0,0.33,0.22,1.0,0.0,0.22,1.0
2026-01-14 18:58:55,clusterB,6,4,4,0,0.0,0.87,1.0,0.0,0.87,1.0
2026-01-14 18:59:00,clusterA,6,4,4,0,0.33,0.22,1.0,0.0,0.22,1.0
2026-01-14 18:59:00,clusterB,6,4,4,0,0.0,0.88,1.0,0.0,0.88,1.0
2026-01-14 18:59:05,clusterA,6,4,4,0,0.33,0.22,1.0,0.0,0.22,1.0
2026-01-14 18:59:05,clusterB,6,4,4,0,0.0,0.88,1.0,0.0,0.88,1.0
2026-01-14 18:59:10,clusterA,6,4,4,0,0.33,0.22,1.0,0.0,0.22,1.0
2026-01-14 18:59:10,clusterB,6,4,4,0,0.0,0.89,1.0,0.0,0.89,1.0
2026-01-14 18:59:15,clusterA,6,4,4,0,0.33,0.22,1.0,0.0,0.22,1.0
2026-01-14 18:59:15,clusterB,6,4,4,0,0.0,0.88,1.0,0.0,0.88,1.0
2026-01-14 18:59:20,clusterA,6,4,4,0,0.33,0.22,1.0,0.0,0.22,1.0
2026-01-14 18:59:20,clusterB,6,4,4,0,0.0,0.89,1.0,0.0,0.89,1.0
2026-01-14 18:59:25,clusterA,6,4,4,0,0.33,0.22,1.0,0.0,0.22,1.0
2026-01-14 18:59:25,clusterB,6,4,4,0,0.0,0.88,1.0,0.0,0.88,1.0
2026-01-14 18:59:30,clusterA,6,4,4,0,0.33,0.22,1.0,0.0,0.22,1.0
2026-01-14 18:59:30,clusterB,6,4,4,0,0.0,0.88,1.0,0.0,0.88,1.0
2026-01-14 18:59:35,clusterA,6,4,4,0,0.33,0.22,1.0,0.0,0.22,1.0
2026-01-14 18:59:35,clusterB,6,4,4,0,0.0,0.9,1.0,0.0,0.9,1.0
2026-01-14 18:59:40,clusterA,6,4,4,0,0.33,0.22,1.0,0.0,0.22,1.0
2026-01-14 18:59:40,clusterB,6,4,4,0,0.0,0.91,1.0,0.0,0.91,1.0
2026-01-14 18:59:45,clusterA,6,4,4,0,0.32,0.22,1.0,0.0,0.22,1.0
2026-01-14 18:59:45,clusterB,6,4,4,0,0.0,0.9,1.0,0.0,0.9,1.0
2026-01-14 18:59:50,clusterA,6,4,4,0,0.32,0.22,1.0,0.0,0.22,1.0
2026-01-14 18:59:50,clusterB,6,4,4,0,0.0,0.9,1.0,0.0,0.9,1.0
2026-01-14 18:59:55,clusterA,6,4,4,0,0.32,0.22,1.0,0.0,0.22,1.0
2026-01-14 18:59:55,clusterB,6,4,4,0,0.0,0.9,1.0,0.0,0.9,1.0
2026-01-14 19:00:00,clusterA,6,4,4,0,0.33,0.22,1.0,0.0,0.22,1.0
2026-01-14 19:00:00,clusterB,6,4,4,0,0.0,0.9,1.0,0.0,0.9,1.0
2026-01-14 19:00:05,clusterA,6,4,4,0,0.33,0.22,1.0,0.0,0.22,1.0
2026-01-14 19:00:05,clusterB,6,4,4,0,0.0,0.9,1.0,0.0,0.9,1.0
2026-01-14 19:00:10,clusterA,6,4,4,0,0.31,0.22,1.0,0.0,0.22,1.0
2026-01-14 19:00:10,clusterB,6,4,4,0,0.0,0.9,1.0,0.0,0.9,1.0
2026-01-14 19:00:15,clusterA,6,4,4,0,0.28,0.21,1.0,0.0,0.21,1.0
2026-01-14 19:00:15,clusterB,6,4,4,0,0.0,0.9,1.0,0.0,0.9,1.0
2026-01-14 19:00:20,clusterA,6,4,4,0,0.28,0.21,1.0,0.0,0.21,1.0
2026-01-14 19:00:20,clusterB,6,4,4,0,0.0,0.9,1.0,0.0,0.9,1.0
2026-01-14 19:00:25,clusterA,6,4,4,0,0.28,0.21,1.0,0.0,0.21,1.0
2026-01-14 19:00:25,clusterB,6,4,4,0,0.0,0.9,1.0,0.0,0.9,1.0
2026-01-14 19:00:30,clusterA,6,4,4,0,0.29,0.21,1.0,0.0,0.21,1.0
2026-01-14 19:00:30,clusterB,6,4,4,0,0.0,0.91,1.0,0.0,0.91,1.0
2026-01-14 19:00:35,clusterA,6,4,4,0,0.29,0.21,1.0,0.0,0.21,1.0
2026-01-14 19:00:35,clusterB,6,4,4,0,0.0,0.91,1.0,0.0,0.91,1.0
2026-01-14 19:00:40,clusterA,6,4,4,0,0.3,0.21,1.0,0.0,0.21,1.0
2026-01-14 19:00:40,clusterB,6,4,4,0,0.0,0.91,1.0,0.0,0.91,1.0
2026-01-14 19:00:45,clusterA,6,4,4,0,0.3,0.21,1.0,0.0,0.21,1.0
2026-01-14 19:00:45,clusterB,6,4,4,0,0.0,0.91,1.0,0.0,0.91,1.0
2026-01-14 19:00:50,clusterA,6,4,4,0,0.29,0.21,1.0,0.0,0.21,1.0
2026-01-14 19:00:50,clusterB,6,4,4,0,0.0,0.91,1.0,0.0,0.91,1.0
2026-01-14 19:00:55,clusterA,6,4,4,0,0.29,0.21,1.0,0.0,0.21,1.0
2026-01-14 19:00:55,clusterB,6,4,4,0,0.0,0.91,1.0,0.0,0.91,1.0
2026-01-14 19:01:00,clusterA,6,4,4,0,0.29,0.21,1.0,0.0,0.21,1.0
2026-01-14 19:01:00,clusterB,6,4,4,0,0.0,0.91,1.0,0.0,0.91,1.0
2026-01-14 19:01:05,clusterA,6,4,4,0,0.29,0.21,1.0,0.0,0.21,1.0
2026-01-14 19:01:05,clusterB,6,4,4,0,0.0,0.91,1.0,0.0,0.91,1.0
2026-01-14 19:01:10,clusterA,6,4,4,0,0.31,0.21,1.0,0.0,0.21,1.0
2026-01-14 19:01:10,clusterB,6,4,4,0,0.0,0.91,1.0,0.0,0.91,1.0
2026-01-14 19:01:15,clusterA,6,4,4,0,0.34,0.22,1.0,0.0,0.22,1.0
2026-01-14 19:01:15,clusterB,6,4,4,0,0.0,0.91,1.0,0.0,0.91,1.0
2026-01-14 19:01:20,clusterA,6,4,4,0,0.34,0.22,1.0,0.0,0.22,1.0
2026-01-14 19:01:20,clusterB,6,4,4,0,0.0,0.91,1.0,0.0,0.91,1.0
2026-01-14 19:01:25,clusterA,6,4,4,0,0.34,0.22,1.0,0.0,0.22,1.0
2026-01-14 19:01:25,clusterB,6,4,4,0,0.0,0.91,1.0,0.0,0.91,1.0
2026-01-14 19:01:30,clusterA,6,4,4,0,0.33,0.22,1.0,0.0,0.22,1.0
2026-01-14 19:01:30,clusterB,6,4,4,0,0.0,0.91,1.0,0.0,0.91,1.0
2026-01-14 19:01:35,clusterA,6,4,4,0,0.33,0.22,1.0,0.0,0.22,1.0
2026-01-14 19:01:35,clusterB,6,4,4,0,0.0,0.91,1.0,0.0,0.91,1.0
2026-01-14 19:01:40,clusterA,6,4,4,0,0.32,0.22,1.0,0.0,0.22,1.0
2026-01-14 19:01:40,clusterB,6,4,4,0,0.0,0.91,1.0,0.0,0.91,1.0
2026-01-14 19:01:45,clusterA,6,4,4,0,0.33,0.22,1.0,0.0,0.22,1.0
2026-01-14 19:01:45,clusterB,6,4,4,0,0.0,0.91,1.0,0.0,0.91,1.0
2026-01-14 19:01:50,clusterA,6,4,4,0,0.34,0.22,1.0,0.0,0.22,1.0
2026-01-14 19:01:50,clusterB,6,4,4,0,0.0,0.91,1.0,0.0,0.91,1.0
2026-01-14 19:01:55,clusterA,6,4,4,0,0.34,0.22,1.0,0.0,0.22,1.0
2026-01-14 19:01:55,clusterB,6,4,4,0,0.0,0.91,1.0,0.0,0.91,1.0
2026-01-14 19:02:00,clusterA,6,4,4,0,0.33,0.22,1.0,0.0,0.22,1.0
2026-01-14 19:02:00,clusterB,6,4,4,0,0.0,0.91,1.0,0.0,0.91,1.0
2026-01-14 19:02:05,clusterA,6,4,4,0,0.33,0.22,1.0,0.0,0.22,1.0
2026-01-14 19:02:05,clusterB,6,4,4,0,0.0,0.91,1.0,0.0,0.91,1.0
2026-01-14 19:02:10,clusterA,6,4,4,0,0.33,0.22,1.0,0.0,0.22,1.0
2026-01-14 19:02:10,clusterB,6,4,4,0,0.0,0.91,1.0,0.0,0.91,1.0
2026-01-14 19:02:15,clusterA,6,4,4,0,0.33,0.22,1.0,0.0,0.22,1.0
2026-01-14 19:02:15,clusterB,6,4,4,0,0.0,0.91,1.0,0.0,0.91,1.0
2026-01-14 19:02:20,clusterA,6,4,4,0,0.32,0.22,1.0,0.0,0.22,1.0
2026-01-14 19:02:20,clusterB,6,4,4,0,0.0,0.91,1.0,0.0,0.91,1.0
2026-01-14 19:02:25,clusterA,6,4,4,0,0.32,0.22,1.0,0.0,0.22,1.0
2026-01-14 19:02:25,clusterB,6,4,4,0,0.0,0.91,1.0,0.0,0.91,1.0
2026-01-14 19:02:30,clusterA,6,4,4,0,0.32,0.22,1.0,0.0,0.22,1.0
2026-01-14 19:02:30,clusterB,6,4,4,0,0.0,0.91,1.0,0.0,0.91,1.0
2026-01-14 19:02:35,clusterA,6,4,4,0,0.32,0.22,1.0,0.0,0.22,1.0
2026-01-14 19:02:35,clusterB,6,4,4,0,0.0,0.91,1.0,0.0,0.91,1.0
2026-01-14 19:02:40,clusterA,6,4,4,0,0.32,0.22,1.0,0.0,0.22,1.0
2026-01-14 19:02:40,clusterB,6,4,4,0,0.0,0.91,1.0,0.0,0.91,1.0
2026-01-14 19:02:45,clusterA,6,4,4,0,0.32,0.22,1.0,0.0,0.22,1.0
2026-01-14 19:02:45,clusterB,6,4,4,0,0.0,0.91,1.0,0.0,0.91,1.0
2026-01-14 19:02:50,clusterA,6,4,4,0,0.33,0.22,1.0,0.0,0.22,1.0
2026-01-14 19:02:50,clusterB,6,4,4,0,0.0,0.91,1.0,0.0,0.91,1.0
2026-01-14 19:02:55,clusterA,6,4,4,0,0.3,0.21,1.0,0.0,0.21,1.0
2026-01-14 19:02:55,clusterB,6,4,4,0,0.0,0.91,1.0,0.0,0.91,1.0
2026-01-14 19:03:00,clusterA,6,4,4,0,0.3,0.21,1.0,0.0,0.21,1.0
2026-01-14 19:03:00,clusterB,6,4,4,0,0.0,0.91,1.0,0.0,0.91,1.0
2026-01-14 19:03:05,clusterA,6,4,4,0,0.3,0.21,1.0,0.0,0.21,1.0
2026-01-14 19:03:05,clusterB,6,4,4,0,0.0,0.91,1.0,0.0,0.91,1.0
2026-01-14 19:03:10,clusterA,6,4,4,0,0.3,0.22,1.0,0.0,0.22,1.0
2026-01-14 19:03:10,clusterB,6,4,4,0,0.0,0.91,1.0,0.0,0.91,1.0
2026-01-14 19:03:15,clusterA,6,4,4,0,0.3,0.22,1.0,0.0,0.22,1.0
2026-01-14 19:03:15,clusterB,6,4,4,0,0.0,0.91,1.0,0.0,0.91,1.0
2026-01-14 19:03:20,clusterA,6,4,4,0,0.3,0.21,1.0,0.0,0.21,1.0
2026-01-14 19:03:20,clusterB,6,4,4,0,0.0,0.91,1.0,0.0,0.91,1.0
2026-01-14 19:03:25,clusterA,6,4,4,0,0.31,0.21,1.0,0.0,0.21,1.0
2026-01-14 19:03:25,clusterB,6,4,4,0,0.0,0.91,1.0,0.0,0.91,1.0
2026-01-14 19:03:30,clusterA,6,4,4,0,0.3,0.21,1.0,0.0,0.21,1.0
2026-01-14 19:03:30,clusterB,6,4,4,0,0.0,0.91,1.0,0.0,0.91,1.0
2026-01-14 19:03:35,clusterA,6,4,4,0,0.3,0.21,1.0,0.0,0.21,1.0
2026-01-14 19:03:35,clusterB,6,4,4,0,0.0,0.91,1.0,0.0,0.91,1.0
2026-01-14 19:03:40,clusterA,6,4,4,0,0.3,0.21,1.0,0.0,0.21,1.0
2026-01-14 19:03:40,clusterB,6,4,4,0,0.0,0.91,1.0,0.0,0.91,1.0
2026-01-14 19:03:45,clusterA,6,4,4,0,0.3,0.21,1.0,0.0,0.21,1.0
2026-01-14 19:03:45,clusterB,6,4,4,0,0.0,0.91,1.0,0.0,0.91,1.0
2026-01-14 19:03:50,clusterA,6,4,4,0,0.3,0.21,1.0,0.0,0.21,1.0
2026-01-14 19:03:50,clusterB,6,4,4,0,0.0,0.9,1.0,0.0,0.9,1.0
2026-01-14 19:03:55,clusterA,6,4,4,0,0.33,0.22,1.0,0.0,0.22,1.0
2026-01-14 19:03:55,clusterB,6,4,4,0,0.0,0.9,1.0,0.0,0.9,1.0
2026-01-14 19:04:00,clusterA,6,4,4,0,0.33,0.22,1.0,0.0,0.22,1.0
2026-01-14 19:04:00,clusterB,6,4,4,0,0.0,0.9,1.0,0.0,0.9,1.0
2026-01-14 19:04:05,clusterA,6,4,4,0,0.32,0.22,1.0,0.0,0.22,1.0
2026-01-14 19:04:05,clusterB,6,4,4,0,0.0,0.9,1.0,0.0,0.9,1.0
2026-01-14 19:04:10,clusterA,6,4,4,0,0.33,0.22,1.0,0.0,0.22,1.0
2026-01-14 19:04:10,clusterB,6,4,4,0,0.0,0.9,1.0,0.0,0.9,1.0
2026-01-14 19:04:15,clusterA,6,4,4,0,0.33,0.22,1.0,0.0,0.22,1.0
2026-01-14 19:04:15,clusterB,6,4,4,0,0.0,0.9,1.0,0.0,0.9,1.0
2026-01-14 19:04:20,clusterA,6,4,4,0,0.32,0.22,1.0,0.0,0.22,1.0
2026-01-14 19:04:20,clusterB,6,4,4,0,0.0,0.9,1.0,0.0,0.9,1.0
2026-01-14 19:04:25,clusterA,6,4,4,0,0.33,0.22,1.0,0.0,0.22,1.0
2026-01-14 19:04:25,clusterB,6,4,4,0,0.0,0.9,1.0,0.0,0.9,1.0
2026-01-14 19:04:30,clusterA,6,4,4,0,0.33,0.22,1.0,0.0,0.22,1.0
2026-01-14 19:04:30,clusterB,6,4,4,0,0.0,0.9,1.0,0.0,0.9,1.0
2026-01-14 19:04:35,clusterA,6,4,4,0,0.34,0.22,1.0,0.0,0.22,1.0
2026-01-14 19:04:35,clusterB,6,4,4,0,0.0,0.9,1.0,0.0,0.9,1.0
2026-01-14 19:04:40,clusterA,6,4,4,0,0.34,0.22,1.0,0.0,0.22,1.0
2026-01-14 19:04:40,clusterB,6,4,4,0,0.0,0.9,1.0,0.0,0.9,1.0
2026-01-14 19:04:45,clusterA,6,4,4,0,0.34,0.22,1.0,0.0,0.22,1.0
2026-01-14 19:04:45,clusterB,6,4,4,0,0.0,0.9,1.0,0.0,0.9,1.0
2026-01-14 19:04:50,clusterA,6,4,4,0,0.33,0.22,1.0,0.0,0.22,1.0
2026-01-14 19:04:50,clusterB,6,4,4,0,0.0,0.9,1.0,0.0,0.9,1.0
2026-01-14 19:04:55,clusterA,6,4,4,0,0.33,0.22,1.0,0.0,0.22,1.0
2026-01-14 19:04:55,clusterB,6,4,4,0,0.0,0.9,1.0,0.0,0.9,1.0
2026-01-14 19:05:00,clusterA,6,4,4,0,0.33,0.22,1.0,0.0,0.22,1.0
2026-01-14 19:05:00,clusterB,6,4,4,0,0.0,0.9,1.0,0.0,0.9,1.0
2026-01-14 19:05:05,clusterA,6,4,4,0,0.33,0.22,1.0,0.0,0.22,1.0
2026-01-14 19:05:05,clusterB,6,4,4,0,0.0,0.9,1.0,0.0,0.9,1.0
2026-01-14 19:05:10,clusterA,6,4,4,0,0.3,0.22,1.0,0.0,0.22,1.0
2026-01-14 19:05:10,clusterB,6,4,4,0,0.0,0.9,1.0,0.0,0.9,1.0
2026-01-14 19:05:15,clusterA,6,4,4,0,0.3,0.21,1.0,0.0,0.21,1.0
2026-01-14 19:05:15,clusterB,6,4,4,0,0.0,0.9,1.0,0.0,0.9,1.0
2026-01-14 19:05:20,clusterA,6,4,4,0,0.3,0.21,1.0,0.0,0.21,1.0
2026-01-14 19:05:20,clusterB,6,4,4,0,0.0,0.9,1.0,0.0,0.9,1.0
2026-01-14 19:05:25,clusterA,6,4,4,0,0.3,0.22,1.0,0.0,0.22,1.0
2026-01-14 19:05:25,clusterB,6,4,4,0,0.0,0.9,1.0,0.0,0.9,1.0
2026-01-14 19:05:30,clusterA,6,4,4,0,0.3,0.22,1.0,0.0,0.22,1.0
2026-01-14 19:05:30,clusterB,6,4,4,0,0.0,0.9,1.0,0.0,0.9,1.0
2026-01-14 19:05:35,clusterA,6,4,4,0,0.32,0.23,1.0,0.0,0.23,1.0
2026-01-14 19:05:35,clusterB,6,4,4,0,0.0,0.9,1.0,0.0,0.9,1.0
2026-01-14 19:05:40,clusterA,6,4,4,0,0.31,0.23,1.0,0.0,0.23,1.0
2026-01-14 19:05:40,clusterB,6,4,4,0,0.0,0.9,1.0,0.0,0.9,1.0
2026-01-14 19:05:45,clusterA,6,4,4,0,0.31,0.23,1.0,0.0,0.23,1.0
2026-01-14 19:05:45,clusterB,6,4,4,0,0.0,0.9,1.0,0.0,0.9,1.0
2026-01-14 19:05:50,clusterA,6,4,4,0,0.32,0.23,1.0,0.0,0.23,1.0
2026-01-14 19:05:50,clusterB,6,4,4,0,0.0,0.91,1.0,0.0,0.91,1.0
2026-01-14 19:05:55,clusterA,6,4,4,0,0.32,0.22,1.0,0.0,0.22,1.0
2026-01-14 19:05:55,clusterB,6,4,4,0,0.0,0.91,1.0,0.0,0.91,1.0
2026-01-14 19:06:00,clusterA,6,4,4,0,0.32,0.22,1.0,0.0,0.22,1.0
2026-01-14 19:06:00,clusterB,6,4,4,0,0.0,0.91,1.0,0.0,0.91,1.0
2026-01-14 19:06:05,clusterA,5,4,4,0,0.32,0.22,1.0,0.0,0.22,1.0
2026-01-14 19:06:05,clusterB,5,4,4,0,0.0,0.91,1.0,0.0,0.91,1.0
2026-01-14 19:06:10,clusterA,5,4,4,0,0.35,0.23,1.0,0.0,0.23,1.0
2026-01-14 19:06:10,clusterB,5,4,4,0,0.0,0.91,1.0,0.0,0.91,1.0
2026-01-14 19:06:15,clusterA,5,4,4,0,0.36,0.23,1.0,0.0,0.23,1.0
2026-01-14 19:06:15,clusterB,5,4,4,0,0.0,0.9,1.0,0.0,0.9,1.0
2026-01-14 19:06:20,clusterA,5,4,4,0,0.36,0.23,1.0,0.0,0.23,1.0
2026-01-14 19:06:20,clusterB,5,4,4,0,0.0,0.9,1.0,0.0,0.9,1.0
2026-01-14 19:06:25,clusterA,5,4,4,0,0.37,0.23,1.0,0.0,0.23,1.0
2026-01-14 19:06:25,clusterB,5,4,4,0,0.0,0.9,1.0,0.0,0.9,1.0
2026-01-14 19:06:30,clusterA,5,4,4,0,0.37,0.23,1.0,0.0,0.23,1.0
2026-01-14 19:06:30,clusterB,5,4,4,0,0.0,0.9,1.0,0.0,0.9,1.0
2026-01-14 19:06:35,clusterA,5,4,4,0,0.35,0.22,1.0,0.0,0.22,1.0
2026-01-14 19:06:35,clusterB,5,4,4,0,0.0,0.93,1.0,0.0,0.93,1.0
2026-01-14 19:06:40,clusterA,5,4,4,0,0.35,0.22,1.0,0.0,0.22,1.0
2026-01-14 19:06:40,clusterB,5,4,4,0,0.0,1.0,1.0,0.0,1.0,1.0
2026-01-14 19:06:45,clusterA,5,4,4,0,0.35,0.22,1.0,0.0,0.22,1.0
2026-01-14 19:06:45,clusterB,5,4,4,0,0.0,1.0,1.0,0.0,1.0,1.0
2026-01-14 19:06:50,clusterA,5,4,4,0,0.35,0.22,1.0,0.0,0.22,1.0
2026-01-14 19:06:50,clusterB,5,4,4,0,0.0,1.0,1.0,0.0,1.0,1.0
2026-01-14 19:06:55,clusterA,5,4,4,0,0.34,0.22,1.0,0.0,0.22,1.0
2026-01-14 19:06:55,clusterB,5,4,4,0,0.0,1.0,1.0,0.0,1.0,1.0
2026-01-14 19:07:00,clusterA,5,4,4,0,0.34,0.22,1.0,0.0,0.22,1.0
2026-01-14 19:07:00,clusterB,5,4,4,0,0.0,1.0,1.0,0.0,1.0,1.0
2026-01-14 19:07:06,clusterA,5,4,4,0,0.34,0.22,1.0,0.0,0.22,1.0
2026-01-14 19:07:06,clusterB,5,4,4,0,0.0,1.0,1.0,0.0,1.0,1.0
2026-01-14 19:07:11,clusterA,5,4,4,0,0.35,0.22,1.0,0.0,0.22,1.0
2026-01-14 19:07:11,clusterB,5,4,4,0,0.0,1.0,1.0,0.0,1.0,1.0
2026-01-14 19:07:16,clusterA,5,4,4,0,0.35,0.22,1.0,0.0,0.22,1.0
2026-01-14 19:07:16,clusterB,5,4,4,0,0.0,1.0,1.0,0.0,1.0,1.0
2026-01-14 19:07:21,clusterA,5,4,4,0,0.34,0.22,1.0,0.0,0.22,1.0
2026-01-14 19:07:21,clusterB,5,4,4,0,0.0,1.0,1.0,0.0,1.0,1.0
2026-01-14 19:07:26,clusterA,5,4,4,0,0.34,0.22,1.0,0.0,0.22,1.0
2026-01-14 19:07:26,clusterB,5,4,4,0,0.0,1.0,1.0,0.0,1.0,1.0
2026-01-14 19:07:31,clusterA,5,4,4,0,0.34,0.22,1.0,0.0,0.22,1.0
2026-01-14 19:07:31,clusterB,5,4,4,0,0.0,1.0,1.0,0.0,1.0,1.0
2026-01-14 19:07:36,clusterA,5,4,4,0,0.34,0.22,1.0,0.0,0.22,1.0
2026-01-14 19:07:36,clusterB,5,4,4,0,0.0,1.0,1.0,0.0,1.0,1.0
2026-01-14 19:07:41,clusterA,5,4,4,0,0.34,0.22,1.0,0.0,0.22,1.0
2026-01-14 19:07:41,clusterB,5,4,4,0,0.0,1.0,1.0,0.0,1.0,1.0
2026-01-14 19:07:46,clusterA,5,4,4,0,0.33,0.22,1.0,0.0,0.22,1.0
2026-01-14 19:07:46,clusterB,5,4,4,0,0.0,1.0,1.0,0.0,1.0,1.0
2026-01-14 19:07:51,clusterA,5,4,4,0,0.34,0.22,1.0,0.0,0.22,1.0
2026-01-14 19:07:51,clusterB,5,4,4,0,0.0,1.0,1.0,0.0,1.0,1.0
2026-01-14 19:07:56,clusterA,5,4,4,0,0.34,0.22,1.0,0.0,0.22,1.0
2026-01-14 19:07:56,clusterB,5,4,4,0,0.0,1.0,1.0,0.0,1.0,1.0
2026-01-14 19:08:01,clusterA,5,4,4,0,0.34,0.22,1.0,0.0,0.22,1.0
2026-01-14 19:08:01,clusterB,5,4,4,0,0.0,1.0,1.0,0.0,1.0,1.0
2026-01-14 19:08:06,clusterA,5,4,4,0,0.34,0.22,1.0,0.0,0.22,1.0
2026-01-14 19:08:06,clusterB,5,4,4,0,0.0,1.0,1.0,0.0,1.0,1.0
2026-01-14 19:08:11,clusterA,5,4,4,0,0.34,0.22,1.0,0.0,0.22,1.0
2026-01-14 19:08:11,clusterB,5,4,4,0,0.0,1.0,1.0,0.0,1.0,1.0
2026-01-14 19:08:16,clusterA,5,4,4,0,0.34,0.22,1.0,0.0,0.22,1.0
2026-01-14 19:08:16,clusterB,5,4,4,0,0.0,1.0,1.0,0.0,1.0,1.0
2026-01-14 19:08:21,clusterA,2,4,4,0,0.3,0.21,0.5,0.29000000000000004,0.21,0.5
2026-01-14 19:08:21,clusterB,2,4,4,0,0.0,1.0,0.5,0.0,1.0,0.5
2026-01-14 19:08:26,clusterA,2,4,4,0,0.28,0.2,0.5,0.3,0.2,0.5
2026-01-14 19:08:26,clusterB,2,4,4,0,0.0,1.0,0.5,0.0,1.0,0.5
2026-01-14 19:08:31,clusterA,2,4,2,2,0.27,0.2,0.5,0.3,0.2,0.5
2026-01-14 19:08:31,clusterB,2,4,4,0,0.0,1.0,0.5,0.0,1.0,0.5
2026-01-14 19:08:36,clusterA,2,4,1,3,0.26,0.19,0.5,0.31,0.19,0.5
2026-01-14 19:08:36,clusterB,2,4,4,0,0.0,1.0,0.5,0.0,1.0,0.5
2026-01-14 19:08:41,clusterA,2,4,1,3,0.25,0.18,0.5,0.32,0.18,0.5
2026-01-14 19:08:41,clusterB,2,4,4,0,0.0,1.0,0.5,0.0,1.0,0.5
2026-01-14 19:08:46,clusterA,2,4,1,3,0.24,0.17,0.5,0.32999999999999996,0.17,0.5
2026-01-14 19:08:46,clusterB,2,4,4,0,0.0,0.97,0.5,0.0,0.97,0.5
2026-01-14 19:08:51,clusterA,2,4,1,3,0.24,0.17,0.5,0.32999999999999996,0.17,0.5
2026-01-14 19:08:51,clusterB,2,4,4,0,0.0,0.89,0.5,0.0,0.89,0.5
2026-01-14 19:08:56,clusterA,2,4,1,3,0.22,0.16,0.5,0.33999999999999997,0.16,0.5
2026-01-14 19:08:56,clusterB,2,4,4,0,0.0,0.89,0.5,0.0,0.89,0.5
2026-01-14 19:09:01,clusterA,2,4,1,3,0.21,0.15,0.5,0.35,0.15,0.5
2026-01-14 19:09:01,clusterB,2,4,4,0,0.0,0.88,0.5,0.0,0.88,0.5
2026-01-14 19:09:06,clusterA,2,4,1,3,0.2,0.14,0.5,0.36,0.14,0.5
2026-01-14 19:09:06,clusterB,2,4,4,0,0.0,0.88,0.5,0.0,0.88,0.5
2026-01-14 19:09:11,clusterA,2,4,1,3,0.19,0.14,0.5,0.36,0.14,0.5
2026-01-14 19:09:11,clusterB,2,4,4,0,0.0,0.88,0.5,0.0,0.88,0.5
2026-01-14 19:09:16,clusterA,2,4,1,3,0.18,0.13,0.5,0.37,0.13,0.5
2026-01-14 19:09:16,clusterB,2,4,4,0,0.0,0.88,0.5,0.0,0.88,0.5
2026-01-14 19:09:21,clusterA,2,4,1,3,0.2,0.13,0.5,0.37,0.13,0.5
2026-01-14 19:09:21,clusterB,2,4,4,0,0.0,0.88,0.5,0.0,0.88,0.5
2026-01-14 19:09:26,clusterA,2,4,1,3,0.22,0.13,0.5,0.37,0.13,0.5
2026-01-14 19:09:26,clusterB,2,4,4,0,0.0,0.88,0.5,0.0,0.88,0.5
2026-01-14 19:09:31,clusterA,2,4,1,3,0.22,0.13,0.5,0.37,0.13,0.5
2026-01-14 19:09:31,clusterB,2,4,4,0,0.0,0.88,0.5,0.0,0.88,0.5
2026-01-14 19:09:36,clusterA,2,4,1,3,0.22,0.13,0.5,0.37,0.13,0.5
2026-01-14 19:09:36,clusterB,2,4,4,0,0.0,0.88,0.5,0.0,0.88,0.5
2026-01-14 19:09:41,clusterA,2,4,1,3,0.22,0.13,0.5,0.37,0.13,0.5
2026-01-14 19:09:41,clusterB,2,4,4,0,0.0,0.88,0.5,0.0,0.88,0.5
2026-01-14 19:09:46,clusterA,2,4,1,3,0.22,0.13,0.5,0.37,0.13,0.5
2026-01-14 19:09:46,clusterB,2,4,4,0,0.0,0.89,0.5,0.0,0.89,0.5
2026-01-14 19:09:51,clusterA,2,4,1,3,0.22,0.13,0.5,0.37,0.13,0.5
2026-01-14 19:09:51,clusterB,2,4,4,0,0.0,0.89,0.5,0.0,0.89,0.5
2026-01-14 19:09:56,clusterA,2,4,1,3,0.22,0.13,0.5,0.37,0.13,0.5
2026-01-14 19:09:56,clusterB,2,4,4,0,0.0,0.89,0.5,0.0,0.89,0.5
2026-01-14 19:10:01,clusterA,2,4,1,3,0.22,0.13,0.5,0.37,0.13,0.5
2026-01-14 19:10:01,clusterB,2,4,4,0,0.0,0.89,0.5,0.0,0.89,0.5
2026-01-14 19:10:06,clusterA,2,4,1,3,0.23,0.13,0.5,0.37,0.13,0.5
2026-01-14 19:10:06,clusterB,2,4,4,0,0.0,0.89,0.5,0.0,0.89,0.5
2026-01-14 19:10:11,clusterA,2,4,1,3,0.23,0.13,0.5,0.37,0.13,0.5
2026-01-14 19:10:11,clusterB,2,4,4,0,0.0,0.89,0.5,0.0,0.89,0.5
2026-01-14 19:10:16,clusterA,2,4,1,3,0.23,0.13,0.5,0.37,0.13,0.5
2026-01-14 19:10:16,clusterB,2,4,4,0,0.0,0.89,0.5,0.0,0.89,0.5
2026-01-14 19:10:21,clusterA,2,4,1,3,0.23,0.13,0.5,0.37,0.13,0.5
2026-01-14 19:10:21,clusterB,2,4,4,0,0.0,0.89,0.5,0.0,0.89,0.5
2026-01-14 19:10:26,clusterA,2,4,1,3,0.23,0.13,0.5,0.37,0.13,0.5
2026-01-14 19:10:26,clusterB,2,4,4,0,0.0,0.88,0.5,0.0,0.88,0.5
2026-01-14 19:10:31,clusterA,2,4,1,3,0.23,0.13,0.5,0.37,0.13,0.5
2026-01-14 19:10:31,clusterB,2,4,4,0,0.0,0.88,0.5,0.0,0.88,0.5
2026-01-14 19:10:36,clusterA,2,4,1,3,0.23,0.13,0.5,0.37,0.13,0.5
2026-01-14 19:10:36,clusterB,2,4,4,0,0.0,0.88,0.5,0.0,0.88,0.5
2026-01-14 19:10:41,clusterA,2,4,1,3,0.23,0.13,0.5,0.37,0.13,0.5
2026-01-14 19:10:41,clusterB,2,4,4,0,0.0,0.88,0.5,0.0,0.88,0.5
2026-01-14 19:10:46,clusterA,2,4,1,3,0.23,0.13,0.5,0.37,0.13,0.5
2026-01-14 19:10:46,clusterB,2,4,4,0,0.0,0.88,0.5,0.0,0.88,0.5
2026-01-14 19:10:51,clusterA,2,4,1,3,0.23,0.14,0.5,0.36,0.14,0.5
2026-01-14 19:10:51,clusterB,2,4,4,0,0.0,0.89,0.5,0.0,0.89,0.5
2026-01-14 19:10:56,clusterA,2,4,1,3,0.23,0.14,0.5,0.36,0.14,0.5
2026-01-14 19:10:56,clusterB,2,4,4,0,0.0,0.9,0.5,0.0,0.9,0.5
2026-01-14 19:11:01,clusterA,2,4,1,3,0.23,0.14,0.5,0.36,0.14,0.5
2026-01-14 19:11:01,clusterB,2,4,4,0,0.0,0.9,0.5,0.0,0.9,0.5
2026-01-14 19:11:06,clusterA,2,4,1,3,0.23,0.14,0.5,0.36,0.14,0.5
2026-01-14 19:11:06,clusterB,2,4,4,0,0.0,0.9,0.5,0.0,0.9,0.5
2026-01-14 19:11:11,clusterA,2,4,1,3,0.23,0.14,0.5,0.36,0.14,0.5
2026-01-14 19:11:11,clusterB,2,4,4,0,0.0,0.9,0.5,0.0,0.9,0.5
2026-01-14 19:11:16,clusterA,2,4,1,3,0.23,0.13,0.5,0.37,0.13,0.5
2026-01-14 19:11:16,clusterB,2,4,4,0,0.0,0.9,0.5,0.0,0.9,0.5
2026-01-14 19:11:21,clusterA,2,4,1,3,0.23,0.13,0.5,0.37,0.13,0.5
2026-01-14 19:11:21,clusterB,2,4,4,0,0.0,0.9,0.5,0.0,0.9,0.5
2026-01-14 19:11:26,clusterA,2,4,1,3,0.23,0.13,0.5,0.37,0.13,0.5
2026-01-14 19:11:26,clusterB,2,4,4,0,0.0,0.9,0.5,0.0,0.9,0.5
2026-01-14 19:11:31,clusterA,2,4,1,3,0.23,0.13,0.5,0.37,0.13,0.5
2026-01-14 19:11:31,clusterB,2,4,4,0,0.0,0.9,0.5,0.0,0.9,0.5
2026-01-14 19:11:36,clusterA,2,4,1,3,0.23,0.13,0.5,0.37,0.13,0.5
2026-01-14 19:11:36,clusterB,2,4,4,0,0.0,0.9,0.5,0.0,0.9,0.5
2026-01-14 19:11:41,clusterA,2,4,1,3,0.23,0.13,0.5,0.37,0.13,0.5
2026-01-14 19:11:41,clusterB,2,4,4,0,0.0,0.9,0.5,0.0,0.9,0.5
2026-01-14 19:11:46,clusterA,2,4,1,3,0.23,0.13,0.5,0.37,0.13,0.5
2026-01-14 19:11:46,clusterB,2,4,4,0,0.0,0.9,0.5,0.0,0.9,0.5
2026-01-14 19:11:51,clusterA,2,4,1,3,0.23,0.13,0.5,0.37,0.13,0.5
2026-01-14 19:11:51,clusterB,2,4,4,0,0.0,0.9,0.5,0.0,0.9,0.5
2026-01-14 19:11:56,clusterA,2,4,1,3,0.23,0.13,0.5,0.37,0.13,0.5
2026-01-14 19:11:56,clusterB,2,4,4,0,0.0,0.9,0.5,0.0,0.9,0.5
2026-01-14 19:12:01,clusterA,2,4,1,3,0.23,0.13,0.5,0.37,0.13,0.5
2026-01-14 19:12:01,clusterB,2,4,4,0,0.0,0.9,0.5,0.0,0.9,0.5
2026-01-14 19:12:06,clusterA,2,4,1,3,0.23,0.13,0.5,0.37,0.13,0.5
2026-01-14 19:12:06,clusterB,2,4,4,0,0.0,0.9,0.5,0.0,0.9,0.5
2026-01-14 19:12:11,clusterA,2,4,1,3,0.23,0.13,0.5,0.37,0.13,0.5
2026-01-14 19:12:11,clusterB,2,4,4,0,0.0,0.9,0.5,0.0,0.9,0.5
2026-01-14 19:12:16,clusterA,2,4,1,3,0.23,0.13,0.5,0.37,0.13,0.5
2026-01-14 19:12:16,clusterB,2,4,4,0,0.0,0.9,0.5,0.0,0.9,0.5
2026-01-14 19:12:21,clusterA,2,4,1,3,0.23,0.13,0.5,0.37,0.13,0.5
2026-01-14 19:12:21,clusterB,2,4,4,0,0.0,0.9,0.5,0.0,0.9,0.5
2026-01-14 19:12:26,clusterA,2,4,1,3,0.24,0.14,0.5,0.36,0.14,0.5
2026-01-14 19:12:26,clusterB,2,4,4,0,0.0,0.91,0.5,0.0,0.91,0.5
2026-01-14 19:12:31,clusterA,2,4,1,3,0.23,0.14,0.5,0.36,0.14,0.5
2026-01-14 19:12:31,clusterB,2,4,4,0,0.0,0.91,0.5,0.0,0.91,0.5
2026-01-14 19:12:36,clusterA,2,4,1,3,0.24,0.14,0.5,0.36,0.14,0.5
2026-01-14 19:12:36,clusterB,2,4,4,0,0.0,0.91,0.5,0.0,0.91,0.5
2026-01-14 19:12:41,clusterA,2,4,1,3,0.23,0.13,0.5,0.37,0.13,0.5
2026-01-14 19:12:41,clusterB,2,4,4,0,0.0,0.91,0.5,0.0,0.91,0.5
2026-01-14 19:12:46,clusterA,2,4,1,3,0.24,0.13,0.5,0.37,0.13,0.5
2026-01-14 19:12:46,clusterB,2,4,4,0,0.0,0.91,0.5,0.0,0.91,0.5
2026-01-14 19:12:51,clusterA,2,4,1,3,0.23,0.13,0.5,0.37,0.13,0.5
2026-01-14 19:12:51,clusterB,2,4,4,0,0.0,0.91,0.5,0.0,0.91,0.5
2026-01-14 19:12:56,clusterA,2,4,1,3,0.23,0.13,0.5,0.37,0.13,0.5
2026-01-14 19:12:56,clusterB,2,4,4,0,0.0,0.91,0.5,0.0,0.91,0.5
2026-01-14 19:13:01,clusterA,2,4,1,3,0.23,0.13,0.5,0.37,0.13,0.5
2026-01-14 19:13:01,clusterB,2,4,4,0,0.0,0.91,0.5,0.0,0.91,0.5
2026-01-14 19:13:06,clusterA,2,4,1,3,0.23,0.13,0.5,0.37,0.13,0.5
2026-01-14 19:13:06,clusterB,2,4,4,0,0.0,0.91,0.5,0.0,0.91,0.5
2026-01-14 19:13:11,clusterA,2,4,1,3,0.23,0.13,0.5,0.37,0.13,0.5
2026-01-14 19:13:11,clusterB,2,4,4,0,0.0,0.91,0.5,0.0,0.91,0.5
2026-01-14 19:13:16,clusterA,2,4,1,3,0.23,0.13,0.5,0.37,0.13,0.5
2026-01-14 19:13:16,clusterB,2,4,4,0,0.0,0.91,0.5,0.0,0.91,0.5
2026-01-14 19:13:21,clusterA,2,4,1,3,0.23,0.13,0.5,0.37,0.13,0.5
2026-01-14 19:13:21,clusterB,2,4,4,0,0.0,0.91,0.5,0.0,0.91,0.5
2026-01-14 19:13:26,clusterA,2,4,1,3,0.23,0.13,0.5,0.37,0.13,0.5
2026-01-14 19:13:26,clusterB,2,4,4,0,0.0,0.91,0.5,0.0,0.91,0.5
2026-01-14 19:13:31,clusterA,2,4,1,3,0.23,0.13,0.5,0.37,0.13,0.5
2026-01-14 19:13:31,clusterB,2,4,4,0,0.0,0.91,0.5,0.0,0.91,0.5
2026-01-14 19:13:36,clusterA,2,4,1,3,0.23,0.13,0.5,0.37,0.13,0.5
2026-01-14 19:13:36,clusterB,2,4,4,0,0.0,0.91,0.5,0.0,0.91,0.5
2026-01-14 19:13:41,clusterA,2,4,1,3,0.23,0.13,0.5,0.37,0.13,0.5
2026-01-14 19:13:41,clusterB,2,4,4,0,0.0,0.91,0.5,0.0,0.91,0.5
2026-01-14 19:13:46,clusterA,2,4,1,3,0.23,0.13,0.5,0.37,0.13,0.5
2026-01-14 19:13:46,clusterB,2,4,4,0,0.0,0.91,0.5,0.0,0.91,0.5
2026-01-14 19:13:51,clusterA,2,4,1,3,0.23,0.13,0.5,0.37,0.13,0.5
2026-01-14 19:13:51,clusterB,2,4,4,0,0.0,0.91,0.5,0.0,0.91,0.5
2026-01-14 19:13:56,clusterA,2,4,1,3,0.23,0.13,0.5,0.37,0.13,0.5
2026-01-14 19:13:56,clusterB,2,4,4,0,0.0,0.91,0.5,0.0,0.91,0.5
2026-01-14 19:14:01,clusterA,2,4,1,3,0.21,0.13,0.5,0.37,0.13,0.5
2026-01-14 19:14:01,clusterB,2,4,4,0,0.0,0.91,0.5,0.0,0.91,0.5
2026-01-14 19:14:06,clusterA,2,4,1,3,0.21,0.13,0.5,0.37,0.13,0.5
2026-01-14 19:14:06,clusterB,2,4,4,0,0.0,0.91,0.5,0.0,0.91,0.5
2026-01-14 19:14:11,clusterA,2,4,1,3,0.21,0.13,0.5,0.37,0.13,0.5
2026-01-14 19:14:11,clusterB,2,4,4,0,0.0,0.91,0.5,0.0,0.91,0.5
2026-01-14 19:14:16,clusterA,2,4,1,3,0.21,0.13,0.5,0.37,0.13,0.5
2026-01-14 19:14:16,clusterB,2,4,4,0,0.0,0.91,0.5,0.0,0.91,0.5
2026-01-14 19:14:21,clusterA,2,4,1,3,0.21,0.13,0.5,0.37,0.13,0.5
2026-01-14 19:14:21,clusterB,2,4,4,0,0.0,0.91,0.5,0.0,0.91,0.5
2026-01-14 19:14:26,clusterA,2,4,1,3,0.21,0.13,0.5,0.37,0.13,0.5
2026-01-14 19:14:26,clusterB,2,4,4,0,0.0,0.91,0.5,0.0,0.91,0.5
2026-01-14 19:14:31,clusterA,2,4,1,3,0.21,0.12,0.5,0.38,0.12,0.5
2026-01-14 19:14:31,clusterB,2,4,4,0,0.0,0.91,0.5,0.0,0.91,0.5
2026-01-14 19:14:36,clusterA,2,4,1,3,0.21,0.12,0.5,0.38,0.12,0.5
2026-01-14 19:14:36,clusterB,2,4,4,0,0.0,0.91,0.5,0.0,0.91,0.5
2026-01-14 19:14:41,clusterA,2,4,1,3,0.21,0.12,0.5,0.38,0.12,0.5
2026-01-14 19:14:41,clusterB,2,4,4,0,0.0,0.91,0.5,0.0,0.91,0.5
2026-01-14 19:14:46,clusterA,2,4,1,3,0.21,0.12,0.5,0.38,0.12,0.5
2026-01-14 19:14:46,clusterB,2,4,4,0,0.0,0.91,0.5,0.0,0.91,0.5
2026-01-14 19:14:51,clusterA,2,4,1,3,0.21,0.12,0.5,0.38,0.12,0.5
2026-01-14 19:14:51,clusterB,2,4,4,0,0.0,0.91,0.5,0.0,0.91,0.5
2026-01-14 19:14:56,clusterA,2,4,1,3,0.21,0.12,0.5,0.38,0.12,0.5
2026-01-14 19:14:56,clusterB,2,4,4,0,0.0,0.91,0.5,0.0,0.91,0.5
2026-01-14 19:15:01,clusterA,2,4,1,3,0.23,0.13,0.5,0.37,0.13,0.5
2026-01-14 19:15:01,clusterB,2,4,4,0,0.0,0.91,0.5,0.0,0.91,0.5
2026-01-14 19:15:06,clusterA,2,4,1,3,0.23,0.13,0.5,0.37,0.13,0.5
2026-01-14 19:15:06,clusterB,2,4,4,0,0.0,0.91,0.5,0.0,0.91,0.5
2026-01-14 19:15:11,clusterA,2,4,1,3,0.23,0.13,0.5,0.37,0.13,0.5
2026-01-14 19:15:11,clusterB,2,4,4,0,0.0,0.91,0.5,0.0,0.91,0.5
2026-01-14 19:15:16,clusterA,2,4,1,3,0.23,0.13,0.5,0.37,0.13,0.5
2026-01-14 19:15:16,clusterB,2,4,4,0,0.0,0.91,0.5,0.0,0.91,0.5
2026-01-14 19:15:21,clusterA,2,4,1,3,0.23,0.13,0.5,0.37,0.13,0.5
2026-01-14 19:15:21,clusterB,2,4,4,0,0.0,0.91,0.5,0.0,0.91,0.5
2026-01-14 19:15:26,clusterA,2,4,1,3,0.23,0.13,0.5,0.37,0.13,0.5
2026-01-14 19:15:26,clusterB,2,4,4,0,0.0,0.91,0.5,0.0,0.91,0.5
2026-01-14 19:15:31,clusterA,2,4,1,3,0.23,0.13,0.5,0.37,0.13,0.5
2026-01-14 19:15:31,clusterB,2,4,4,0,0.0,0.91,0.5,0.0,0.91,0.5
2026-01-14 19:15:36,clusterA,2,4,1,3,0.23,0.13,0.5,0.37,0.13,0.5
2026-01-14 19:15:36,clusterB,2,4,4,0,0.0,0.91,0.5,0.0,0.91,0.5
2026-01-14 19:15:41,clusterA,2,4,1,3,0.23,0.13,0.5,0.37,0.13,0.5
2026-01-14 19:15:41,clusterB,2,4,4,0,0.0,0.91,0.5,0.0,0.91,0.5
2026-01-14 19:15:46,clusterA,2,4,1,3,0.23,0.13,0.5,0.37,0.13,0.5
2026-01-14 19:15:46,clusterB,2,4,4,0,0.0,0.91,0.5,0.0,0.91,0.5
2026-01-14 19:15:51,clusterA,2,4,1,3,0.23,0.13,0.5,0.37,0.13,0.5
2026-01-14 19:15:51,clusterB,2,4,4,0,0.0,0.91,0.5,0.0,0.91,0.5
2026-01-14 19:15:56,clusterA,2,4,1,3,0.23,0.13,0.5,0.37,0.13,0.5
2026-01-14 19:15:56,clusterB,2,4,4,0,0.0,0.91,0.5,0.0,0.91,0.5
2026-01-14 19:16:01,clusterA,2,4,1,3,0.23,0.13,0.5,0.37,0.13,0.5
2026-01-14 19:16:01,clusterB,2,4,4,0,0.0,0.91,0.5,0.0,0.91,0.5
2026-01-14 19:16:06,clusterA,2,4,1,3,0.23,0.13,0.5,0.37,0.13,0.5
2026-01-14 19:16:06,clusterB,2,4,4,0,0.0,0.91,0.5,0.0,0.91,0.5
2026-01-14 19:16:11,clusterA,2,4,1,3,0.23,0.13,0.5,0.37,0.13,0.5
2026-01-14 19:16:11,clusterB,2,4,4,0,0.0,0.91,0.5,0.0,0.91,0.5
2026-01-14 19:16:16,clusterA,2,4,1,3,0.23,0.13,0.5,0.37,0.13,0.5
2026-01-14 19:16:16,clusterB,2,4,4,0,0.0,0.91,0.5,0.0,0.91,0.5
2026-01-14 19:16:21,clusterA,2,4,1,3,0.23,0.13,0.5,0.37,0.13,0.5
2026-01-14 19:16:21,clusterB,2,4,4,0,0.0,0.91,0.5,0.0,0.91,0.5
2026-01-14 19:16:26,clusterA,2,4,1,3,0.23,0.13,0.5,0.37,0.13,0.5
2026-01-14 19:16:26,clusterB,2,4,4,0,0.0,0.91,0.5,0.0,0.91,0.5
2026-01-14 19:16:31,clusterA,2,4,1,3,0.23,0.13,0.5,0.37,0.13,0.5
2026-01-14 19:16:31,clusterB,2,4,4,0,0.0,0.91,0.5,0.0,0.91,0.5
2026-01-14 19:16:36,clusterA,2,4,1,3,0.22,0.13,0.5,0.37,0.13,0.5
2026-01-14 19:16:36,clusterB,2,4,4,0,0.0,0.9,0.5,0.0,0.9,0.5
2026-01-14 19:16:41,clusterA,2,4,1,3,0.22,0.13,0.5,0.37,0.13,0.5
2026-01-14 19:16:41,clusterB,2,4,4,0,0.0,0.9,0.5,0.0,0.9,0.5
2026-01-14 19:16:46,clusterA,2,4,1,3,0.21,0.13,0.5,0.37,0.13,0.5
2026-01-14 19:16:46,clusterB,2,4,4,0,0.0,0.9,0.5,0.0,0.9,0.5
2026-01-14 19:16:51,clusterA,2,4,1,3,0.21,0.13,0.5,0.37,0.13,0.5
2026-01-14 19:16:51,clusterB,2,4,4,0,0.0,0.9,0.5,0.0,0.9,0.5
2026-01-14 19:16:56,clusterA,2,4,1,3,0.21,0.13,0.5,0.37,0.13,0.5
2026-01-14 19:16:56,clusterB,2,4,4,0,0.0,0.9,0.5,0.0,0.9,0.5
2026-01-14 19:17:01,clusterA,2,4,1,3,0.21,0.13,0.5,0.37,0.13,0.5
2026-01-14 19:17:01,clusterB,2,4,4,0,0.0,0.9,0.5,0.0,0.9,0.5
2026-01-14 19:17:06,clusterA,2,4,1,3,0.21,0.13,0.5,0.37,0.13,0.5
2026-01-14 19:17:06,clusterB,2,4,4,0,0.0,0.9,0.5,0.0,0.9,0.5
2026-01-14 19:17:11,clusterA,2,4,1,3,0.21,0.13,0.5,0.37,0.13,0.5
2026-01-14 19:17:11,clusterB,2,4,4,0,0.0,0.9,0.5,0.0,0.9,0.5
2026-01-14 19:17:16,clusterA,2,4,1,3,0.21,0.13,0.5,0.37,0.13,0.5
2026-01-14 19:17:16,clusterB,2,4,4,0,0.0,0.9,0.5,0.0,0.9,0.5
2026-01-14 19:17:21,clusterA,2,4,1,3,0.22,0.13,0.5,0.37,0.13,0.5
2026-01-14 19:17:21,clusterB,2,4,4,0,0.0,0.9,0.5,0.0,0.9,0.5
2026-01-14 19:17:26,clusterA,2,4,1,3,0.22,0.13,0.5,0.37,0.13,0.5
2026-01-14 19:17:26,clusterB,2,4,4,0,0.0,0.9,0.5,0.0,0.9,0.5
2026-01-14 19:17:31,clusterA,2,4,1,3,0.22,0.13,0.5,0.37,0.13,0.5
2026-01-14 19:17:31,clusterB,2,4,4,0,0.0,0.9,0.5,0.0,0.9,0.5
2026-01-14 19:17:36,clusterA,2,4,1,3,0.22,0.13,0.5,0.37,0.13,0.5
2026-01-14 19:17:36,clusterB,2,4,4,0,0.0,0.9,0.5,0.0,0.9,0.5
2026-01-14 19:17:41,clusterA,2,4,1,3,0.21,0.13,0.5,0.37,0.13,0.5
2026-01-14 19:17:41,clusterB,2,4,4,0,0.0,0.9,0.5,0.0,0.9,0.5
2026-01-14 19:17:46,clusterA,2,4,1,3,0.23,0.13,0.5,0.37,0.13,0.5
2026-01-14 19:17:46,clusterB,2,4,4,0,0.0,0.9,0.5,0.0,0.9,0.5
2026-01-14 19:17:51,clusterA,2,4,1,3,0.23,0.13,0.5,0.37,0.13,0.5
2026-01-14 19:17:51,clusterB,2,4,4,0,0.0,0.9,0.5,0.0,0.9,0.5
2026-01-14 19:17:56,clusterA,2,4,1,3,0.23,0.13,0.5,0.37,0.13,0.5
2026-01-14 19:17:56,clusterB,2,4,4,0,0.0,0.9,0.5,0.0,0.9,0.5
2026-01-14 19:18:01,clusterA,2,4,1,3,0.23,0.13,0.5,0.37,0.13,0.5
2026-01-14 19:18:01,clusterB,2,4,4,0,0.0,0.9,0.5,0.0,0.9,0.5
2026-01-14 19:18:06,clusterA,2,4,1,3,0.23,0.13,0.5,0.37,0.13,0.5
2026-01-14 19:18:06,clusterB,2,4,4,0,0.0,0.9,0.5,0.0,0.9,0.5
2026-01-14 19:18:11,clusterA,2,4,1,3,0.23,0.13,0.5,0.37,0.13,0.5
2026-01-14 19:18:11,clusterB,2,4,4,0,0.0,0.9,0.5,0.0,0.9,0.5
2026-01-14 19:18:16,clusterA,2,4,1,3,0.23,0.13,0.5,0.37,0.13,0.5
2026-01-14 19:18:16,clusterB,2,4,4,0,0.0,0.9,0.5,0.0,0.9,0.5
2026-01-14 19:18:21,clusterA,2,4,1,3,0.23,0.13,0.5,0.37,0.13,0.5
2026-01-14 19:18:21,clusterB,2,4,4,0,0.0,0.9,0.5,0.0,0.9,0.5
2026-01-14 19:18:26,clusterA,2,4,1,3,0.23,0.13,0.5,0.37,0.13,0.5
2026-01-14 19:18:26,clusterB,2,4,4,0,0.0,0.9,0.5,0.0,0.9,0.5
2026-01-14 19:18:31,clusterA,2,4,1,3,0.23,0.13,0.5,0.37,0.13,0.5
2026-01-14 19:18:31,clusterB,2,4,4,0,0.0,0.9,0.5,0.0,0.9,0.5
2026-01-14 19:18:36,clusterA,2,4,1,3,0.23,0.13,0.5,0.37,0.13,0.5
2026-01-14 19:18:36,clusterB,2,4,4,0,0.0,0.9,0.5,0.0,0.9,0.5
2026-01-14 19:18:41,clusterA,2,4,1,3,0.23,0.13,0.5,0.37,0.13,0.5
2026-01-14 19:18:41,clusterB,2,4,4,0,0.0,0.9,0.5,0.0,0.9,0.5
2026-01-14 19:18:46,clusterA,2,4,1,3,0.23,0.13,0.5,0.37,0.13,0.5
2026-01-14 19:18:46,clusterB,2,4,4,0,0.0,0.9,0.5,0.0,0.9,0.5
2026-01-14 19:18:51,clusterA,2,4,1,3,0.23,0.13,0.5,0.37,0.13,0.5
2026-01-14 19:18:51,clusterB,2,4,4,0,0.0,0.9,0.5,0.0,0.9,0.5
2026-01-14 19:18:56,clusterA,2,4,1,3,0.23,0.13,0.5,0.37,0.13,0.5
2026-01-14 19:18:56,clusterB,2,4,4,0,0.0,0.9,0.5,0.0,0.9,0.5
2026-01-14 19:19:01,clusterA,2,4,1,3,0.23,0.13,0.5,0.37,0.13,0.5
2026-01-14 19:19:01,clusterB,2,4,4,0,0.0,0.9,0.5,0.0,0.9,0.5
2026-01-14 19:19:06,clusterA,2,4,1,3,0.23,0.13,0.5,0.37,0.13,0.5
2026-01-14 19:19:06,clusterB,2,4,4,0,0.0,0.9,0.5,0.0,0.9,0.5
2026-01-14 19:19:11,clusterA,2,4,1,3,0.23,0.13,0.5,0.37,0.13,0.5
2026-01-14 19:19:11,clusterB,2,4,4,0,0.0,0.9,0.5,0.0,0.9,0.5
2026-01-14 19:19:16,clusterA,2,4,1,3,0.22,0.13,0.5,0.37,0.13,0.5
2026-01-14 19:19:16,clusterB,2,4,4,0,0.0,0.9,0.5,0.0,0.9,0.5
2026-01-14 19:19:21,clusterA,2,4,1,3,0.22,0.13,0.5,0.37,0.13,0.5
2026-01-14 19:19:21,clusterB,2,4,4,0,0.0,0.9,0.5,0.0,0.9,0.5
2026-01-14 19:19:26,clusterA,2,4,1,3,0.2,0.13,0.5,0.37,0.13,0.5
2026-01-14 19:19:26,clusterB,2,4,4,0,0.0,0.9,0.5,0.0,0.9,0.5
2026-01-14 19:19:31,clusterA,2,4,1,3,0.21,0.13,0.5,0.37,0.13,0.5
2026-01-14 19:19:31,clusterB,2,4,4,0,0.0,0.9,0.5,0.0,0.9,0.5
2026-01-14 19:19:36,clusterA,2,4,1,3,0.21,0.13,0.5,0.37,0.13,0.5
2026-01-14 19:19:36,clusterB,2,4,4,0,0.0,0.9,0.5,0.0,0.9,0.5
2026-01-14 19:19:41,clusterA,2,4,1,3,0.21,0.13,0.5,0.37,0.13,0.5
2026-01-14 19:19:41,clusterB,2,4,4,0,0.0,0.9,0.5,0.0,0.9,0.5
2026-01-14 19:19:46,clusterA,2,4,1,3,0.21,0.13,0.5,0.37,0.13,0.5
2026-01-14 19:19:46,clusterB,2,4,4,0,0.0,0.9,0.5,0.0,0.9,0.5
2026-01-14 19:19:51,clusterA,2,4,1,3,0.2,0.13,0.5,0.37,0.13,0.5
2026-01-14 19:19:51,clusterB,2,4,4,0,0.0,0.9,0.5,0.0,0.9,0.5
2026-01-14 19:19:56,clusterA,2,4,1,3,0.2,0.13,0.5,0.37,0.13,0.5
2026-01-14 19:19:56,clusterB,2,4,4,0,0.0,0.89,0.5,0.0,0.89,0.5
2026-01-14 19:20:01,clusterA,2,4,1,3,0.21,0.13,0.5,0.37,0.13,0.5
2026-01-14 19:20:01,clusterB,2,4,4,0,0.0,0.89,0.5,0.0,0.89,0.5
2026-01-14 19:20:06,clusterA,2,4,1,3,0.21,0.12,0.5,0.38,0.12,0.5
2026-01-14 19:20:06,clusterB,2,4,4,0,0.0,0.88,0.5,0.0,0.88,0.5
2026-01-14 19:20:11,clusterA,2,4,1,3,0.21,0.12,0.5,0.38,0.12,0.5
2026-01-14 19:20:11,clusterB,2,4,4,0,0.0,0.88,0.5,0.0,0.88,0.5
2026-01-14 19:20:16,clusterA,2,4,1,3,0.21,0.12,0.5,0.38,0.12,0.5
2026-01-14 19:20:16,clusterB,2,4,4,0,0.0,0.88,0.5,0.0,0.88,0.5
2026-01-14 19:20:21,clusterA,2,4,1,3,0.21,0.12,0.5,0.38,0.12,0.5
2026-01-14 19:20:21,clusterB,2,4,4,0,0.0,0.88,0.5,0.0,0.88,0.5
2026-01-14 19:20:26,clusterA,2,4,1,3,0.23,0.13,0.5,0.37,0.13,0.5
2026-01-14 19:20:26,clusterB,2,4,4,0,0.0,0.88,0.5,0.0,0.88,0.5
2026-01-14 19:20:31,clusterA,2,4,1,3,0.23,0.13,0.5,0.37,0.13,0.5
2026-01-14 19:20:31,clusterB,2,4,4,0,0.0,0.88,0.5,0.0,0.88,0.5
2026-01-14 19:20:36,clusterA,2,4,1,3,0.23,0.13,0.5,0.37,0.13,0.5
2026-01-14 19:20:36,clusterB,2,4,4,0,0.0,0.88,0.5,0.0,0.88,0.5
2026-01-14 19:20:41,clusterA,2,4,1,3,0.23,0.13,0.5,0.37,0.13,0.5
2026-01-14 19:20:41,clusterB,2,4,4,0,0.0,0.88,0.5,0.0,0.88,0.5
2026-01-14 19:20:46,clusterA,2,4,1,3,0.23,0.13,0.5,0.37,0.13,0.5
2026-01-14 19:20:46,clusterB,2,4,4,0,0.0,0.88,0.5,0.0,0.88,0.5
2026-01-14 19:20:51,clusterA,2,4,1,3,0.23,0.13,0.5,0.37,0.13,0.5
2026-01-14 19:20:51,clusterB,2,4,4,0,0.0,0.88,0.5,0.0,0.88,0.5
2026-01-14 19:20:56,clusterA,2,4,1,3,0.23,0.13,0.5,0.37,0.13,0.5
2026-01-14 19:20:56,clusterB,2,4,4,0,0.0,0.88,0.5,0.0,0.88,0.5
2026-01-14 19:21:01,clusterA,2,4,1,3,0.23,0.13,0.5,0.37,0.13,0.5
2026-01-14 19:21:01,clusterB,2,4,4,0,0.0,0.88,0.5,0.0,0.88,0.5
2026-01-14 19:21:06,clusterA,2,4,1,3,0.23,0.13,0.5,0.37,0.13,0.5
2026-01-14 19:21:06,clusterB,2,4,4,0,0.0,0.88,0.5,0.0,0.88,0.5
2026-01-14 19:21:11,clusterA,2,4,1,3,0.23,0.13,0.5,0.37,0.13,0.5
2026-01-14 19:21:11,clusterB,2,4,4,0,0.0,0.88,0.5,0.0,0.88,0.5
2026-01-14 19:21:16,clusterA,2,4,1,3,0.23,0.13,0.5,0.37,0.13,0.5
2026-01-14 19:21:16,clusterB,2,4,4,0,0.0,0.88,0.5,0.0,0.88,0.5
2026-01-14 19:21:21,clusterA,2,4,1,3,0.23,0.13,0.5,0.37,0.13,0.5
2026-01-14 19:21:21,clusterB,2,4,4,0,0.0,0.88,0.5,0.0,0.88,0.5
2026-01-14 19:21:27,clusterA,2,4,1,3,0.23,0.13,0.5,0.37,0.13,0.5
2026-01-14 19:21:27,clusterB,2,4,4,0,0.0,0.87,0.5,0.0,0.87,0.5
2026-01-14 19:21:32,clusterA,2,4,1,3,0.23,0.13,0.5,0.37,0.13,0.5
2026-01-14 19:21:32,clusterB,2,4,4,0,0.0,0.87,0.5,0.0,0.87,0.5
2026-01-14 19:21:37,clusterA,2,4,1,3,0.23,0.13,0.5,0.37,0.13,0.5
2026-01-14 19:21:37,clusterB,2,4,4,0,0.0,0.87,0.5,0.0,0.87,0.5
2026-01-14 19:21:42,clusterA,2,4,1,3,0.23,0.13,0.5,0.37,0.13,0.5
2026-01-14 19:21:42,clusterB,2,4,4,0,0.0,0.88,0.5,0.0,0.88,0.5
2026-01-14 19:21:47,clusterA,2,4,1,3,0.23,0.13,0.5,0.37,0.13,0.5
2026-01-14 19:21:47,clusterB,2,4,4,0,0.0,0.86,0.5,0.0,0.86,0.5
2026-01-14 19:21:52,clusterA,2,4,1,3,0.23,0.13,0.5,0.37,0.13,0.5
2026-01-14 19:21:52,clusterB,2,4,4,0,0.0,0.86,0.5,0.0,0.86,0.5
2026-01-14 19:21:57,clusterA,2,4,1,3,0.23,0.13,0.5,0.37,0.13,0.5
2026-01-14 19:21:57,clusterB,2,4,4,0,0.0,0.86,0.5,0.0,0.86,0.5
2026-01-14 19:22:02,clusterA,2,4,1,3,0.24,0.13,0.5,0.37,0.13,0.5
2026-01-14 19:22:02,clusterB,2,4,4,0,0.0,0.85,0.5,0.0,0.85,0.5
2026-01-14 19:22:07,clusterA,2,4,1,3,0.24,0.13,0.5,0.37,0.13,0.5
2026-01-14 19:22:07,clusterB,2,4,4,0,0.0,0.86,0.5,0.0,0.86,0.5
2026-01-14 19:22:12,clusterA,2,4,1,3,0.24,0.13,0.5,0.37,0.13,0.5
2026-01-14 19:22:12,clusterB,2,4,4,0,0.0,0.86,0.5,0.0,0.86,0.5
2026-01-14 19:22:17,clusterA,2,4,1,3,0.24,0.13,0.5,0.37,0.13,0.5
2026-01-14 19:22:17,clusterB,2,4,4,0,0.0,0.86,0.5,0.0,0.86,0.5
2026-01-14 19:22:22,clusterA,2,4,1,3,0.22,0.13,0.5,0.37,0.13,0.5
2026-01-14 19:22:22,clusterB,2,4,4,0,0.0,0.85,0.5,0.0,0.85,0.5
2026-01-14 19:22:27,clusterA,2,4,1,3,0.22,0.13,0.5,0.37,0.13,0.5
2026-01-14 19:22:27,clusterB,2,4,4,0,0.0,0.84,0.5,0.0,0.84,0.5
2026-01-14 19:22:32,clusterA,2,4,1,3,0.22,0.13,0.5,0.37,0.13,0.5
2026-01-14 19:22:32,clusterB,2,4,4,0,0.0,0.84,0.5,0.0,0.84,0.5
2026-01-14 19:22:37,clusterA,2,4,1,3,0.22,0.13,0.5,0.37,0.13,0.5
2026-01-14 19:22:37,clusterB,2,4,4,0,0.0,0.84,0.5,0.0,0.84,0.5
2026-01-14 19:22:42,clusterA,2,4,1,3,0.22,0.13,0.5,0.37,0.13,0.5
2026-01-14 19:22:42,clusterB,2,4,4,0,0.0,0.84,0.5,0.0,0.84,0.5
2026-01-14 19:22:47,clusterA,2,4,1,3,0.22,0.13,0.5,0.37,0.13,0.5
2026-01-14 19:22:47,clusterB,2,4,4,0,0.0,0.84,0.5,0.0,0.84,0.5
2026-01-14 19:22:52,clusterA,2,4,1,3,0.22,0.13,0.5,0.37,0.13,0.5
2026-01-14 19:22:52,clusterB,2,4,4,0,0.0,0.84,0.5,0.0,0.84,0.5
2026-01-14 19:22:57,clusterA,2,4,1,3,0.22,0.13,0.5,0.37,0.13,0.5
2026-01-14 19:22:57,clusterB,2,4,4,0,0.0,0.83,0.5,0.0,0.83,0.5
2026-01-14 19:23:02,clusterA,2,4,1,3,0.21,0.13,0.5,0.37,0.13,0.5
2026-01-14 19:23:02,clusterB,2,4,4,0,0.0,0.82,0.5,0.0,0.82,0.5
2026-01-14 19:23:07,clusterA,2,4,1,3,0.21,0.12,0.5,0.38,0.12,0.5
2026-01-14 19:23:07,clusterB,2,4,4,0,0.0,0.82,0.5,0.0,0.82,0.5
2026-01-14 19:23:12,clusterA,2,4,1,3,0.21,0.12,0.5,0.38,0.12,0.5
2026-01-14 19:23:12,clusterB,2,4,4,0,0.0,0.81,0.5,0.0,0.81,0.5
2026-01-14 19:23:17,clusterA,2,4,1,3,0.21,0.12,0.5,0.38,0.12,0.5
2026-01-14 19:23:17,clusterB,2,4,4,0,0.0,0.81,0.5,0.0,0.81,0.5
2026-01-14 19:23:22,clusterA,2,4,1,3,0.23,0.13,0.5,0.37,0.13,0.5
2026-01-14 19:23:22,clusterB,2,4,4,0,0.0,0.82,0.5,0.0,0.82,0.5
2026-01-14 19:23:27,clusterA,2,4,1,3,0.23,0.13,0.5,0.37,0.13,0.5
2026-01-14 19:23:27,clusterB,2,4,4,0,0.0,0.82,0.5,0.0,0.82,0.5
2026-01-14 19:23:32,clusterA,2,4,1,3,0.23,0.13,0.5,0.37,0.13,0.5
2026-01-14 19:23:32,clusterB,2,4,4,0,0.0,0.82,0.5,0.0,0.82,0.5
2026-01-14 19:23:37,clusterA,2,4,1,3,0.23,0.13,0.5,0.37,0.13,0.5
2026-01-14 19:23:37,clusterB,2,4,4,0,0.0,0.82,0.5,0.0,0.82,0.5
2026-01-14 19:23:42,clusterA,2,4,1,3,0.23,0.13,0.5,0.37,0.13,0.5
2026-01-14 19:23:42,clusterB,2,4,4,0,0.0,0.82,0.5,0.0,0.82,0.5
2026-01-14 19:23:47,clusterA,2,4,1,3,0.23,0.13,0.5,0.37,0.13,0.5
2026-01-14 19:23:47,clusterB,2,4,4,0,0.0,0.84,0.5,0.0,0.84,0.5
2026-01-14 19:23:52,clusterA,2,4,1,3,0.23,0.13,0.5,0.37,0.13,0.5
2026-01-14 19:23:52,clusterB,2,4,4,0,0.0,0.84,0.5,0.0,0.84,0.5
2026-01-14 19:23:57,clusterA,2,4,1,3,0.22,0.13,0.5,0.37,0.13,0.5
2026-01-14 19:23:57,clusterB,2,4,4,0,0.0,0.84,0.5,0.0,0.84,0.5
2026-01-14 19:24:02,clusterA,2,4,1,3,0.23,0.13,0.5,0.37,0.13,0.5
2026-01-14 19:24:02,clusterB,2,4,4,0,0.0,0.84,0.5,0.0,0.84,0.5
2026-01-14 19:24:07,clusterA,2,4,1,3,0.23,0.13,0.5,0.37,0.13,0.5
2026-01-14 19:24:07,clusterB,2,4,4,0,0.0,0.84,0.5,0.0,0.84,0.5
2026-01-14 19:24:12,clusterA,2,4,1,3,0.23,0.13,0.5,0.37,0.13,0.5
2026-01-14 19:24:12,clusterB,2,4,4,0,0.0,0.84,0.5,0.0,0.84,0.5
2026-01-14 19:24:17,clusterA,2,4,1,3,0.23,0.13,0.5,0.37,0.13,0.5
2026-01-14 19:24:17,clusterB,2,4,4,0,0.0,0.84,0.5,0.0,0.84,0.5
2026-01-14 19:24:22,clusterA,2,4,1,3,0.23,0.13,0.5,0.37,0.13,0.5
2026-01-14 19:24:22,clusterB,2,4,4,0,0.0,0.85,0.5,0.0,0.85,0.5
2026-01-14 19:24:27,clusterA,2,4,1,3,0.23,0.13,0.5,0.37,0.13,0.5
2026-01-14 19:24:27,clusterB,2,4,4,0,0.0,0.86,0.5,0.0,0.86,0.5
2026-01-14 19:24:32,clusterA,2,4,1,3,0.23,0.13,0.5,0.37,0.13,0.5
2026-01-14 19:24:32,clusterB,2,4,4,0,0.0,0.86,0.5,0.0,0.86,0.5
2026-01-14 19:24:37,clusterA,2,4,1,3,0.23,0.13,0.5,0.37,0.13,0.5
2026-01-14 19:24:37,clusterB,2,4,4,0,0.0,0.86,0.5,0.0,0.86,0.5
2026-01-14 19:24:42,clusterA,2,4,1,3,0.23,0.13,0.5,0.37,0.13,0.5
2026-01-14 19:24:42,clusterB,2,4,4,0,0.0,0.86,0.5,0.0,0.86,0.5
2026-01-14 19:24:47,clusterA,2,4,1,3,0.23,0.13,0.5,0.37,0.13,0.5
2026-01-14 19:24:47,clusterB,2,4,4,0,0.0,0.86,0.5,0.0,0.86,0.5
2026-01-14 19:24:52,clusterA,2,4,1,3,0.23,0.13,0.5,0.37,0.13,0.5
2026-01-14 19:24:52,clusterB,2,4,4,0,0.0,0.86,0.5,0.0,0.86,0.5
2026-01-14 19:24:57,clusterA,2,4,1,3,0.22,0.13,0.5,0.37,0.13,0.5
2026-01-14 19:24:57,clusterB,2,4,4,0,0.0,0.87,0.5,0.0,0.87,0.5
2026-01-14 19:25:02,clusterA,2,4,1,3,0.21,0.13,0.5,0.37,0.13,0.5
2026-01-14 19:25:02,clusterB,2,4,4,0,0.0,0.88,0.5,0.0,0.88,0.5
2026-01-14 19:25:07,clusterA,2,4,1,3,0.21,0.13,0.5,0.37,0.13,0.5
2026-01-14 19:25:07,clusterB,2,4,4,0,0.0,0.88,0.5,0.0,0.88,0.5
2026-01-14 19:25:12,clusterA,2,4,1,3,0.21,0.13,0.5,0.37,0.13,0.5
2026-01-14 19:25:12,clusterB,2,4,4,0,0.0,0.89,0.5,0.0,0.89,0.5
2026-01-14 19:25:17,clusterA,2,4,1,3,0.21,0.13,0.5,0.37,0.13,0.5
2026-01-14 19:25:17,clusterB,2,4,4,0,0.0,0.89,0.5,0.0,0.89,0.5
2026-01-14 19:25:22,clusterA,2,4,1,3,0.21,0.13,0.5,0.37,0.13,0.5
2026-01-14 19:25:22,clusterB,2,4,4,0,0.0,0.89,0.5,0.0,0.89,0.5
2026-01-14 19:25:27,clusterA,2,4,1,3,0.21,0.13,0.5,0.37,0.13,0.5
2026-01-14 19:25:27,clusterB,2,4,4,0,0.0,0.89,0.5,0.0,0.89,0.5
2026-01-14 19:25:32,clusterA,2,4,1,3,0.21,0.13,0.5,0.37,0.13,0.5
2026-01-14 19:25:32,clusterB,2,4,4,0,0.0,0.89,0.5,0.0,0.89,0.5
2026-01-14 19:25:37,clusterA,2,4,1,3,0.21,0.13,0.5,0.37,0.13,0.5
2026-01-14 19:25:37,clusterB,2,4,4,0,0.0,0.89,0.5,0.0,0.89,0.5
2026-01-14 19:25:42,clusterA,2,4,1,3,0.21,0.13,0.5,0.37,0.13,0.5
2026-01-14 19:25:42,clusterB,2,4,4,0,0.0,0.89,0.5,0.0,0.89,0.5
2026-01-14 19:25:47,clusterA,2,4,1,3,0.21,0.13,0.5,0.37,0.13,0.5
2026-01-14 19:25:47,clusterB,2,4,4,0,0.0,0.89,0.5,0.0,0.89,0.5
2026-01-14 19:25:52,clusterA,2,4,1,3,0.21,0.13,0.5,0.37,0.13,0.5
2026-01-14 19:25:52,clusterB,2,4,4,0,0.0,0.89,0.5,0.0,0.89,0.5
2026-01-14 19:25:57,clusterA,2,4,1,3,0.21,0.13,0.5,0.37,0.13,0.5
2026-01-14 19:25:57,clusterB,2,4,4,0,0.0,0.89,0.5,0.0,0.89,0.5
2026-01-14 19:26:02,clusterA,2,4,1,3,0.23,0.14,0.5,0.36,0.14,0.5
2026-01-14 19:26:02,clusterB,2,4,4,0,0.0,0.9,0.5,0.0,0.9,0.5
2026-01-14 19:26:07,clusterA,2,4,1,3,0.23,0.13,0.5,0.37,0.13,0.5
2026-01-14 19:26:07,clusterB,2,4,4,0,0.0,0.9,0.5,0.0,0.9,0.5
2026-01-14 19:26:12,clusterA,2,4,1,3,0.23,0.14,0.5,0.36,0.14,0.5
2026-01-14 19:26:12,clusterB,2,4,4,0,0.0,0.9,0.5,0.0,0.9,0.5
2026-01-14 19:26:17,clusterA,2,4,1,3,0.23,0.14,0.5,0.36,0.14,0.5
2026-01-14 19:26:17,clusterB,2,4,4,0,0.0,0.9,0.5,0.0,0.9,0.5
2026-01-14 19:26:22,clusterA,2,4,1,3,0.23,0.14,0.5,0.36,0.14,0.5
2026-01-14 19:26:22,clusterB,2,4,4,0,0.0,0.9,0.5,0.0,0.9,0.5
2026-01-14 19:26:27,clusterA,2,4,1,3,0.23,0.14,0.5,0.36,0.14,0.5
2026-01-14 19:26:27,clusterB,2,4,4,0,0.0,0.9,0.5,0.0,0.9,0.5
2026-01-14 19:26:32,clusterA,2,4,1,3,0.23,0.14,0.5,0.36,0.14,0.5
2026-01-14 19:26:32,clusterB,2,4,4,0,0.0,0.9,0.5,0.0,0.9,0.5
2026-01-14 19:26:37,clusterA,2,4,1,3,0.23,0.14,0.5,0.36,0.14,0.5
2026-01-14 19:26:37,clusterB,2,4,4,0,0.0,0.9,0.5,0.0,0.9,0.5
2026-01-14 19:26:42,clusterA,2,4,1,3,0.23,0.14,0.5,0.36,0.14,0.5
2026-01-14 19:26:42,clusterB,2,4,4,0,0.0,0.9,0.5,0.0,0.9,0.5
2026-01-14 19:26:47,clusterA,2,4,1,3,0.23,0.13,0.5,0.37,0.13,0.5
2026-01-14 19:26:47,clusterB,2,4,4,0,0.0,0.9,0.5,0.0,0.9,0.5
2026-01-14 19:26:52,clusterA,2,4,1,3,0.22,0.13,0.5,0.37,0.13,0.5
2026-01-14 19:26:52,clusterB,2,4,4,0,0.0,0.9,0.5,0.0,0.9,0.5
2026-01-14 19:26:57,clusterA,2,4,1,3,0.22,0.13,0.5,0.37,0.13,0.5
2026-01-14 19:26:57,clusterB,2,4,4,0,0.0,0.9,0.5,0.0,0.9,0.5
2026-01-14 19:27:02,clusterA,2,4,1,3,0.22,0.13,0.5,0.37,0.13,0.5
2026-01-14 19:27:02,clusterB,2,4,4,0,0.0,0.9,0.5,0.0,0.9,0.5
2026-01-14 19:27:07,clusterA,2,4,1,3,0.22,0.13,0.5,0.37,0.13,0.5
2026-01-14 19:27:07,clusterB,2,4,4,0,0.0,0.9,0.5,0.0,0.9,0.5
2026-01-14 19:27:12,clusterA,2,4,1,3,0.22,0.13,0.5,0.37,0.13,0.5
2026-01-14 19:27:12,clusterB,2,4,4,0,0.0,0.9,0.5,0.0,0.9,0.5
2026-01-14 19:27:17,clusterA,2,4,1,3,0.22,0.13,0.5,0.37,0.13,0.5
2026-01-14 19:27:17,clusterB,2,4,4,0,0.0,0.9,0.5,0.0,0.9,0.5
2026-01-14 19:27:22,clusterA,2,4,1,3,0.22,0.13,0.5,0.37,0.13,0.5
2026-01-14 19:27:22,clusterB,2,4,4,0,0.0,0.9,0.5,0.0,0.9,0.5
2026-01-14 19:27:27,clusterA,2,4,1,3,0.22,0.13,0.5,0.37,0.13,0.5
2026-01-14 19:27:27,clusterB,2,4,4,0,0.0,0.9,0.5,0.0,0.9,0.5
2026-01-14 19:27:32,clusterA,2,4,1,3,0.22,0.13,0.5,0.37,0.13,0.5
2026-01-14 19:27:32,clusterB,2,4,4,0,0.0,0.9,0.5,0.0,0.9,0.5
2026-01-14 19:27:37,clusterA,2,4,1,3,0.22,0.13,0.5,0.37,0.13,0.5
2026-01-14 19:27:37,clusterB,2,4,4,0,0.0,0.9,0.5,0.0,0.9,0.5
2026-01-14 19:27:42,clusterA,2,4,1,3,0.22,0.13,0.5,0.37,0.13,0.5
2026-01-14 19:27:42,clusterB,2,4,4,0,0.0,0.9,0.5,0.0,0.9,0.5
2026-01-14 19:27:47,clusterA,2,4,1,3,0.23,0.13,0.5,0.37,0.13,0.5
2026-01-14 19:27:47,clusterB,2,4,4,0,0.0,0.9,0.5,0.0,0.9,0.5
2026-01-14 19:27:52,clusterA,2,4,1,3,0.21,0.13,0.5,0.37,0.13,0.5
2026-01-14 19:27:52,clusterB,2,4,4,0,0.0,0.9,0.5,0.0,0.9,0.5
2026-01-14 19:27:57,clusterA,2,4,1,3,0.21,0.13,0.5,0.37,0.13,0.5
2026-01-14 19:27:57,clusterB,2,4,4,0,0.0,0.9,0.5,0.0,0.9,0.5
2026-01-14 19:28:02,clusterA,2,4,1,3,0.21,0.13,0.5,0.37,0.13,0.5
2026-01-14 19:28:02,clusterB,2,4,4,0,0.0,0.9,0.5,0.0,0.9,0.5
2026-01-14 19:28:07,clusterA,2,4,1,3,0.22,0.13,0.5,0.37,0.13,0.5
2026-01-14 19:28:07,clusterB,2,4,4,0,0.0,0.9,0.5,0.0,0.9,0.5
2026-01-14 19:28:12,clusterA,2,4,1,3,0.21,0.13,0.5,0.37,0.13,0.5
2026-01-14 19:28:12,clusterB,2,4,4,0,0.0,0.9,0.5,0.0,0.9,0.5
2026-01-14 19:28:17,clusterA,2,4,1,3,0.21,0.13,0.5,0.37,0.13,0.5
2026-01-14 19:28:17,clusterB,2,4,4,0,0.0,0.9,0.5,0.0,0.9,0.5
2026-01-14 19:28:22,clusterA,2,4,1,3,0.21,0.13,0.5,0.37,0.13,0.5
2026-01-14 19:28:22,clusterB,2,4,4,0,0.0,0.9,0.5,0.0,0.9,0.5
2026-01-14 19:28:27,clusterA,2,4,1,3,0.21,0.13,0.5,0.37,0.13,0.5
2026-01-14 19:28:27,clusterB,2,4,4,0,0.0,0.9,0.5,0.0,0.9,0.5
2026-01-14 19:28:32,clusterA,2,4,1,3,0.21,0.13,0.5,0.37,0.13,0.5
2026-01-14 19:28:32,clusterB,2,4,4,0,0.0,0.9,0.5,0.0,0.9,0.5
2026-01-14 19:28:37,clusterA,2,4,1,3,0.22,0.13,0.5,0.37,0.13,0.5
2026-01-14 19:28:37,clusterB,2,4,4,0,0.0,0.9,0.5,0.0,0.9,0.5
2026-01-14 19:28:42,clusterA,2,4,1,3,0.22,0.13,0.5,0.37,0.13,0.5
2026-01-14 19:28:42,clusterB,2,4,4,0,0.0,0.9,0.5,0.0,0.9,0.5
2026-01-14 19:28:47,clusterA,2,4,1,3,0.22,0.13,0.5,0.37,0.13,0.5
2026-01-14 19:28:47,clusterB,2,4,4,0,0.0,0.9,0.5,0.0,0.9,0.5
2026-01-14 19:28:52,clusterA,2,4,1,3,0.24,0.13,0.5,0.37,0.13,0.5
2026-01-14 19:28:52,clusterB,2,4,4,0,0.0,0.9,0.5,0.0,0.9,0.5
2026-01-14 19:28:57,clusterA,2,4,1,3,0.24,0.13,0.5,0.37,0.13,0.5
2026-01-14 19:28:57,clusterB,2,4,4,0,0.0,0.9,0.5,0.0,0.9,0.5
2026-01-14 19:29:02,clusterA,2,4,1,3,0.24,0.13,0.5,0.37,0.13,0.5
2026-01-14 19:29:02,clusterB,2,4,4,0,0.0,0.9,0.5,0.0,0.9,0.5
2026-01-14 19:29:07,clusterA,2,4,1,3,0.24,0.13,0.5,0.37,0.13,0.5
2026-01-14 19:29:07,clusterB,2,4,4,0,0.0,0.9,0.5,0.0,0.9,0.5
2026-01-14 19:29:12,clusterA,2,4,1,3,0.24,0.14,0.5,0.36,0.14,0.5
2026-01-14 19:29:12,clusterB,2,4,4,0,0.0,0.9,0.5,0.0,0.9,0.5
2026-01-14 19:29:17,clusterA,2,4,1,3,0.24,0.14,0.5,0.36,0.14,0.5
2026-01-14 19:29:17,clusterB,2,4,4,0,0.0,0.9,0.5,0.0,0.9,0.5
2026-01-14 19:29:22,clusterA,2,4,1,3,0.24,0.14,0.5,0.36,0.14,0.5
2026-01-14 19:29:22,clusterB,2,4,4,0,0.0,0.89,0.5,0.0,0.89,0.5
2026-01-14 19:29:27,clusterA,2,4,1,3,0.23,0.14,0.5,0.36,0.14,0.5
2026-01-14 19:29:27,clusterB,2,4,4,0,0.0,0.89,0.5,0.0,0.89,0.5
2026-01-14 19:29:32,clusterA,2,4,1,3,0.24,0.14,0.5,0.36,0.14,0.5
2026-01-14 19:29:32,clusterB,2,4,4,0,0.0,0.89,0.5,0.0,0.89,0.5
2026-01-14 19:29:37,clusterA,2,4,1,3,0.24,0.14,0.5,0.36,0.14,0.5
2026-01-14 19:29:37,clusterB,2,4,4,0,0.0,0.89,0.5,0.0,0.89,0.5
2026-01-14 19:29:42,clusterA,2,4,1,3,0.23,0.14,0.5,0.36,0.14,0.5
2026-01-14 19:29:42,clusterB,2,4,4,0,0.0,0.89,0.5,0.0,0.89,0.5
2026-01-14 19:29:47,clusterA,2,4,1,3,0.23,0.14,0.5,0.36,0.14,0.5
2026-01-14 19:29:47,clusterB,2,4,4,0,0.0,0.89,0.5,0.0,0.89,0.5
2026-01-14 19:29:52,clusterA,2,4,1,3,0.23,0.14,0.5,0.36,0.14,0.5
2026-01-14 19:29:52,clusterB,2,4,4,0,0.0,0.89,0.5,0.0,0.89,0.5
2026-01-14 19:29:57,clusterA,2,4,1,3,0.23,0.14,0.5,0.36,0.14,0.5
2026-01-14 19:29:57,clusterB,2,4,4,0,0.0,0.89,0.5,0.0,0.89,0.5
2026-01-14 19:30:02,clusterA,2,4,1,3,0.23,0.14,0.5,0.36,0.14,0.5
2026-01-14 19:30:02,clusterB,2,4,4,0,0.0,0.89,0.5,0.0,0.89,0.5
2026-01-14 19:30:07,clusterA,2,4,1,3,0.23,0.14,0.5,0.36,0.14,0.5
2026-01-14 19:30:07,clusterB,2,4,4,0,0.0,0.89,0.5,0.0,0.89,0.5
2026-01-14 19:30:12,clusterA,2,4,1,3,0.23,0.13,0.5,0.37,0.13,0.5
2026-01-14 19:30:12,clusterB,2,4,4,0,0.0,0.89,0.5,0.0,0.89,0.5
2026-01-14 19:30:17,clusterA,2,4,1,3,0.23,0.14,0.5,0.36,0.14,0.5
2026-01-14 19:30:17,clusterB,2,4,4,0,0.0,0.89,0.5,0.0,0.89,0.5
2026-01-14 19:30:22,clusterA,2,4,1,3,0.23,0.13,0.5,0.37,0.13,0.5
2026-01-14 19:30:22,clusterB,2,4,4,0,0.0,0.89,0.5,0.0,0.89,0.5
2026-01-14 19:30:27,clusterA,2,4,1,3,0.24,0.13,0.5,0.37,0.13,0.5
2026-01-14 19:30:27,clusterB,2,4,4,0,0.0,0.89,0.5,0.0,0.89,0.5
2026-01-14 19:30:32,clusterA,2,4,1,3,0.24,0.13,0.5,0.37,0.13,0.5
2026-01-14 19:30:32,clusterB,2,4,4,0,0.0,0.89,0.5,0.0,0.89,0.5
2026-01-14 19:30:37,clusterA,2,4,1,3,0.24,0.13,0.5,0.37,0.13,0.5
2026-01-14 19:30:37,clusterB,2,4,4,0,0.0,0.89,0.5,0.0,0.89,0.5
2026-01-14 19:30:42,clusterA,2,4,1,3,0.23,0.13,0.5,0.37,0.13,0.5
2026-01-14 19:30:42,clusterB,2,4,4,0,0.0,0.89,0.5,0.0,0.89,0.5
2026-01-14 19:30:47,clusterA,2,4,1,3,0.23,0.13,0.5,0.37,0.13,0.5
2026-01-14 19:30:47,clusterB,2,4,4,0,0.0,0.89,0.5,0.0,0.89,0.5
2026-01-14 19:30:52,clusterA,2,4,1,3,0.23,0.13,0.5,0.37,0.13,0.5
2026-01-14 19:30:52,clusterB,2,4,4,0,0.0,0.89,0.5,0.0,0.89,0.5
2026-01-14 19:30:57,clusterA,2,4,1,3,0.23,0.13,0.5,0.37,0.13,0.5
2026-01-14 19:30:57,clusterB,2,4,4,0,0.0,0.89,0.5,0.0,0.89,0.5
2026-01-14 19:31:02,clusterA,2,4,1,3,0.23,0.13,0.5,0.37,0.13,0.5
2026-01-14 19:31:02,clusterB,2,4,4,0,0.0,0.89,0.5,0.0,0.89,0.5
2026-01-14 19:31:07,clusterA,2,4,1,3,0.23,0.13,0.5,0.37,0.13,0.5
2026-01-14 19:31:07,clusterB,2,4,4,0,0.0,0.89,0.5,0.0,0.89,0.5
2026-01-14 19:31:12,clusterA,2,4,1,3,0.23,0.13,0.5,0.37,0.13,0.5
2026-01-14 19:31:12,clusterB,2,4,4,0,0.0,0.89,0.5,0.0,0.89,0.5
2026-01-14 19:31:17,clusterA,2,4,1,3,0.23,0.13,0.5,0.37,0.13,0.5
2026-01-14 19:31:17,clusterB,2,4,4,0,0.0,0.89,0.5,0.0,0.89,0.5
2026-01-14 19:31:22,clusterA,2,4,1,3,0.22,0.13,0.5,0.37,0.13,0.5
2026-01-14 19:31:22,clusterB,2,4,4,0,0.0,0.9,0.5,0.0,0.9,0.5
2026-01-14 19:31:27,clusterA,2,4,1,3,0.22,0.13,0.5,0.37,0.13,0.5
2026-01-14 19:31:27,clusterB,2,4,4,0,0.0,0.9,0.5,0.0,0.9,0.5
2026-01-14 19:31:32,clusterA,2,4,1,3,0.22,0.13,0.5,0.37,0.13,0.5
2026-01-14 19:31:32,clusterB,2,4,4,0,0.0,0.9,0.5,0.0,0.9,0.5
2026-01-14 19:31:37,clusterA,2,4,1,3,0.22,0.13,0.5,0.37,0.13,0.5
2026-01-14 19:31:37,clusterB,2,4,4,0,0.0,0.9,0.5,0.0,0.9,0.5
2026-01-14 19:31:42,clusterA,2,4,1,3,0.22,0.13,0.5,0.37,0.13,0.5
2026-01-14 19:31:42,clusterB,2,4,4,0,0.0,0.9,0.5,0.0,0.9,0.5
2026-01-14 19:31:47,clusterA,2,4,1,3,0.22,0.13,0.5,0.37,0.13,0.5
2026-01-14 19:31:47,clusterB,2,4,4,0,0.0,0.9,0.5,0.0,0.9,0.5
2026-01-14 19:31:52,clusterA,2,4,1,3,0.23,0.13,0.5,0.37,0.13,0.5
2026-01-14 19:31:52,clusterB,2,4,4,0,0.0,0.9,0.5,0.0,0.9,0.5
2026-01-14 19:31:57,clusterA,2,4,1,3,0.23,0.13,0.5,0.37,0.13,0.5
2026-01-14 19:31:57,clusterB,2,4,4,0,0.0,0.9,0.5,0.0,0.9,0.5
2026-01-14 19:32:02,clusterA,2,4,1,3,0.23,0.13,0.5,0.37,0.13,0.5
2026-01-14 19:32:02,clusterB,2,4,4,0,0.0,0.9,0.5,0.0,0.9,0.5
2026-01-14 19:32:07,clusterA,2,4,1,3,0.23,0.13,0.5,0.37,0.13,0.5
2026-01-14 19:32:07,clusterB,2,4,4,0,0.0,0.9,0.5,0.0,0.9,0.5
2026-01-14 19:32:12,clusterA,2,4,1,3,0.23,0.13,0.5,0.37,0.13,0.5
2026-01-14 19:32:12,clusterB,2,4,4,0,0.0,0.9,0.5,0.0,0.9,0.5
2026-01-14 19:32:17,clusterA,2,4,1,3,0.23,0.13,0.5,0.37,0.13,0.5
2026-01-14 19:32:17,clusterB,2,4,4,0,0.0,0.9,0.5,0.0,0.9,0.5
2026-01-14 19:32:22,clusterA,2,4,1,3,0.23,0.13,0.5,0.37,0.13,0.5
2026-01-14 19:32:22,clusterB,2,4,4,0,0.0,0.9,0.5,0.0,0.9,0.5
2026-01-14 19:32:27,clusterA,2,4,1,3,0.23,0.13,0.5,0.37,0.13,0.5
2026-01-14 19:32:27,clusterB,2,4,4,0,0.0,0.9,0.5,0.0,0.9,0.5
2026-01-14 19:32:32,clusterA,2,4,1,3,0.23,0.13,0.5,0.37,0.13,0.5
2026-01-14 19:32:32,clusterB,2,4,4,0,0.0,0.9,0.5,0.0,0.9,0.5
2026-01-14 19:32:37,clusterA,2,4,1,3,0.23,0.13,0.5,0.37,0.13,0.5
2026-01-14 19:32:37,clusterB,2,4,4,0,0.0,0.9,0.5,0.0,0.9,0.5
2026-01-14 19:32:42,clusterA,2,4,1,3,0.23,0.13,0.5,0.37,0.13,0.5
2026-01-14 19:32:42,clusterB,2,4,4,0,0.0,0.9,0.5,0.0,0.9,0.5
2026-01-14 19:32:47,clusterA,2,4,1,3,0.23,0.13,0.5,0.37,0.13,0.5
2026-01-14 19:32:47,clusterB,2,4,4,0,0.0,0.9,0.5,0.0,0.9,0.5
2026-01-14 19:32:52,clusterA,2,4,1,3,0.23,0.13,0.5,0.37,0.13,0.5
2026-01-14 19:32:52,clusterB,2,4,4,0,0.0,0.9,0.5,0.0,0.9,0.5
2026-01-14 19:32:57,clusterA,2,4,1,3,0.23,0.13,0.5,0.37,0.13,0.5
2026-01-14 19:32:57,clusterB,2,4,4,0,0.0,0.9,0.5,0.0,0.9,0.5
2026-01-14 19:33:02,clusterA,2,4,1,3,0.23,0.13,0.5,0.37,0.13,0.5
2026-01-14 19:33:02,clusterB,2,4,4,0,0.0,0.9,0.5,0.0,0.9,0.5
2026-01-14 19:33:07,clusterA,2,4,1,3,0.23,0.14,0.5,0.36,0.14,0.5
2026-01-14 19:33:07,clusterB,2,4,4,0,0.0,0.9,0.5,0.0,0.9,0.5
2026-01-14 19:33:12,clusterA,2,4,1,3,0.23,0.14,0.5,0.36,0.14,0.5
2026-01-14 19:33:12,clusterB,2,4,4,0,0.0,0.9,0.5,0.0,0.9,0.5
2026-01-14 19:33:17,clusterA,2,4,1,3,0.23,0.14,0.5,0.36,0.14,0.5
2026-01-14 19:33:17,clusterB,2,4,4,0,0.0,0.9,0.5,0.0,0.9,0.5
2026-01-14 19:33:22,clusterA,2,4,1,3,0.23,0.14,0.5,0.36,0.14,0.5
2026-01-14 19:33:22,clusterB,2,4,4,0,0.0,0.9,0.5,0.0,0.9,0.5
2026-01-14 19:33:27,clusterA,2,4,1,3,0.23,0.14,0.5,0.36,0.14,0.5
2026-01-14 19:33:27,clusterB,2,4,4,0,0.0,0.9,0.5,0.0,0.9,0.5
2026-01-14 19:33:32,clusterA,2,4,1,3,0.23,0.14,0.5,0.36,0.14,0.5
2026-01-14 19:33:32,clusterB,2,4,4,0,0.0,0.9,0.5,0.0,0.9,0.5
2026-01-14 19:33:37,clusterA,2,4,1,3,0.23,0.14,0.5,0.36,0.14,0.5
2026-01-14 19:33:37,clusterB,2,4,4,0,0.0,0.9,0.5,0.0,0.9,0.5
2026-01-14 19:33:42,clusterA,2,4,1,3,0.23,0.14,0.5,0.36,0.14,0.5
2026-01-14 19:33:42,clusterB,2,4,4,0,0.0,0.9,0.5,0.0,0.9,0.5
2026-01-14 19:33:47,clusterA,2,4,1,3,0.23,0.14,0.5,0.36,0.14,0.5
2026-01-14 19:33:47,clusterB,2,4,4,0,0.0,0.9,0.5,0.0,0.9,0.5
2026-01-14 19:33:52,clusterA,2,4,1,3,0.23,0.13,0.5,0.37,0.13,0.5
2026-01-14 19:33:52,clusterB,2,4,4,0,0.0,0.9,0.5,0.0,0.9,0.5
2026-01-14 19:33:57,clusterA,2,4,1,3,0.23,0.13,0.5,0.37,0.13,0.5
2026-01-14 19:33:57,clusterB,2,4,4,0,0.0,0.9,0.5,0.0,0.9,0.5
2026-01-14 19:34:02,clusterA,2,4,1,3,0.23,0.13,0.5,0.37,0.13,0.5
2026-01-14 19:34:02,clusterB,2,4,4,0,0.0,0.9,0.5,0.0,0.9,0.5
2026-01-14 19:34:07,clusterA,2,4,1,3,0.24,0.13,0.5,0.37,0.13,0.5
2026-01-14 19:34:07,clusterB,2,4,4,0,0.0,0.9,0.5,0.0,0.9,0.5
2026-01-14 19:34:12,clusterA,2,4,1,3,0.23,0.13,0.5,0.37,0.13,0.5
2026-01-14 19:34:12,clusterB,2,4,4,0,0.0,0.89,0.5,0.0,0.89,0.5
2026-01-14 19:34:17,clusterA,2,4,1,3,0.23,0.13,0.5,0.37,0.13,0.5
2026-01-14 19:34:17,clusterB,2,4,4,0,0.0,0.89,0.5,0.0,0.89,0.5
2026-01-14 19:34:22,clusterA,2,4,1,3,0.23,0.13,0.5,0.37,0.13,0.5
2026-01-14 19:34:22,clusterB,2,4,4,0,0.0,0.89,0.5,0.0,0.89,0.5
2026-01-14 19:34:27,clusterA,2,4,1,3,0.23,0.13,0.5,0.37,0.13,0.5
2026-01-14 19:34:27,clusterB,2,4,4,0,0.0,0.88,0.5,0.0,0.88,0.5
2026-01-14 19:34:32,clusterA,2,4,1,3,0.23,0.13,0.5,0.37,0.13,0.5
2026-01-14 19:34:32,clusterB,2,4,4,0,0.0,0.88,0.5,0.0,0.88,0.5
2026-01-14 19:34:37,clusterA,2,4,1,3,0.23,0.13,0.5,0.37,0.13,0.5
2026-01-14 19:34:37,clusterB,2,4,4,0,0.0,0.88,0.5,0.0,0.88,0.5
2026-01-14 19:34:42,clusterA,2,4,1,3,0.23,0.13,0.5,0.37,0.13,0.5
2026-01-14 19:34:42,clusterB,2,4,4,0,0.0,0.88,0.5,0.0,0.88,0.5
2026-01-14 19:34:47,clusterA,2,4,1,3,0.23,0.13,0.5,0.37,0.13,0.5
2026-01-14 19:34:47,clusterB,2,4,4,0,0.0,0.88,0.5,0.0,0.88,0.5
2026-01-14 19:34:52,clusterA,2,4,1,3,0.23,0.13,0.5,0.37,0.13,0.5
2026-01-14 19:34:52,clusterB,2,4,4,0,0.0,0.88,0.5,0.0,0.88,0.5
2026-01-14 19:34:57,clusterA,2,4,1,3,0.23,0.13,0.5,0.37,0.13,0.5
2026-01-14 19:34:57,clusterB,2,4,4,0,0.0,0.88,0.5,0.0,0.88,0.5
2026-01-14 19:35:02,clusterA,2,4,1,3,0.23,0.13,0.5,0.37,0.13,0.5
2026-01-14 19:35:02,clusterB,2,4,4,0,0.0,0.88,0.5,0.0,0.88,0.5
2026-01-14 19:35:07,clusterA,2,4,1,3,0.22,0.13,0.5,0.37,0.13,0.5
2026-01-14 19:35:07,clusterB,2,4,4,0,0.0,0.88,0.5,0.0,0.88,0.5
2026-01-14 19:35:12,clusterA,2,4,1,3,0.22,0.13,0.5,0.37,0.13,0.5
2026-01-14 19:35:12,clusterB,2,4,4,0,0.0,0.88,0.5,0.0,0.88,0.5
2026-01-14 19:35:17,clusterA,2,4,1,3,0.23,0.13,0.5,0.37,0.13,0.5
2026-01-14 19:35:17,clusterB,2,4,4,0,0.0,0.88,0.5,0.0,0.88,0.5
2026-01-14 19:35:22,clusterA,2,4,1,3,0.23,0.13,0.5,0.37,0.13,0.5
2026-01-14 19:35:22,clusterB,2,4,4,0,0.0,0.88,0.5,0.0,0.88,0.5
2026-01-14 19:35:27,clusterA,2,4,1,3,0.23,0.13,0.5,0.37,0.13,0.5
2026-01-14 19:35:27,clusterB,2,4,4,0,0.0,0.88,0.5,0.0,0.88,0.5
2026-01-14 19:35:32,clusterA,2,4,1,3,0.23,0.13,0.5,0.37,0.13,0.5
2026-01-14 19:35:32,clusterB,2,4,4,0,0.0,0.88,0.5,0.0,0.88,0.5
2026-01-14 19:35:37,clusterA,2,4,1,3,0.23,0.13,0.5,0.37,0.13,0.5
2026-01-14 19:35:37,clusterB,2,4,4,0,0.0,0.88,0.5,0.0,0.88,0.5
2026-01-14 19:35:42,clusterA,2,4,1,3,0.23,0.14,0.5,0.36,0.14,0.5
2026-01-14 19:35:42,clusterB,2,4,4,0,0.0,0.88,0.5,0.0,0.88,0.5
2026-01-14 19:35:48,clusterA,2,4,1,3,0.23,0.13,0.5,0.37,0.13,0.5
2026-01-14 19:35:48,clusterB,2,4,4,0,0.0,0.88,0.5,0.0,0.88,0.5
2026-01-14 19:35:53,clusterA,2,4,1,3,0.23,0.13,0.5,0.37,0.13,0.5
2026-01-14 19:35:53,clusterB,2,4,4,0,0.0,0.88,0.5,0.0,0.88,0.5
2026-01-14 19:35:58,clusterA,2,4,1,3,0.23,0.13,0.5,0.37,0.13,0.5
2026-01-14 19:35:58,clusterB,2,4,4,0,0.0,0.88,0.5,0.0,0.88,0.5
2026-01-14 19:36:03,clusterA,2,4,1,3,0.21,0.13,0.5,0.37,0.13,0.5
2026-01-14 19:36:03,clusterB,2,4,4,0,0.0,0.88,0.5,0.0,0.88,0.5
2026-01-14 19:36:08,clusterA,2,4,1,3,0.21,0.13,0.5,0.37,0.13,0.5
2026-01-14 19:36:08,clusterB,2,4,4,0,0.0,0.88,0.5,0.0,0.88,0.5
2026-01-14 19:36:13,clusterA,2,4,1,3,0.21,0.12,0.5,0.38,0.12,0.5
2026-01-14 19:36:13,clusterB,2,4,4,0,0.0,0.88,0.5,0.0,0.88,0.5
2026-01-14 19:36:18,clusterA,2,4,1,3,0.21,0.12,0.5,0.38,0.12,0.5
2026-01-14 19:36:18,clusterB,2,4,4,0,0.0,0.88,0.5,0.0,0.88,0.5
2026-01-14 19:36:23,clusterA,2,4,1,3,0.21,0.12,0.5,0.38,0.12,0.5
2026-01-14 19:36:23,clusterB,2,4,4,0,0.0,0.88,0.5,0.0,0.88,0.5
2026-01-14 19:36:28,clusterA,2,4,1,3,0.21,0.12,0.5,0.38,0.12,0.5
2026-01-14 19:36:28,clusterB,2,4,4,0,0.0,0.89,0.5,0.0,0.89,0.5
2026-01-14 19:36:33,clusterA,2,4,1,3,0.21,0.12,0.5,0.38,0.12,0.5
2026-01-14 19:36:33,clusterB,2,4,4,0,0.0,0.89,0.5,0.0,0.89,0.5
2026-01-14 19:36:38,clusterA,0,4,2,2,0.21,0.12,0.0,0.88,0.12,0.0
2026-01-14 19:36:38,clusterB,0,4,4,0,0.0,0.9,0.0,0.09999999999999998,0.9,0.0
2026-01-14 19:36:43,clusterA,0,4,2,2,0.2,0.12,0.0,0.88,0.12,0.0
2026-01-14 19:36:43,clusterB,0,4,4,0,0.0,0.9,0.0,0.09999999999999998,0.9,0.0
2026-01-14 19:36:48,clusterA,0,4,2,2,0.22,0.13,0.0,0.87,0.13,0.0
2026-01-14 19:36:48,clusterB,0,4,4,0,0.0,0.9,0.0,0.09999999999999998,0.9,0.0
2026-01-14 19:36:53,clusterA,0,4,2,2,0.24,0.14,0.0,0.86,0.14,0.0
2026-01-14 19:36:53,clusterB,0,4,4,0,0.0,0.9,0.0,0.09999999999999998,0.9,0.0
2026-01-14 19:36:58,clusterA,0,4,2,2,0.26,0.14,0.0,0.86,0.14,0.0
2026-01-14 19:36:58,clusterB,0,4,4,0,0.0,0.9,0.0,0.09999999999999998,0.9,0.0
2026-01-14 19:37:03,clusterA,0,4,2,2,0.29,0.16,0.0,0.84,0.16,0.0
2026-01-14 19:37:03,clusterB,0,4,4,0,0.0,0.9,0.0,0.09999999999999998,0.9,0.0
2026-01-14 19:37:08,clusterA,0,4,2,2,0.31,0.17,0.0,0.83,0.17,0.0
2026-01-14 19:37:08,clusterB,0,4,4,0,0.0,0.9,0.0,0.09999999999999998,0.9,0.0
2026-01-14 19:37:13,clusterA,0,4,2,2,0.34,0.18,0.0,0.8200000000000001,0.18,0.0
2026-01-14 19:37:13,clusterB,0,4,4,0,0.0,0.9,0.0,0.09999999999999998,0.9,0.0
2026-01-14 19:37:18,clusterA,0,4,2,2,0.36,0.19,0.0,0.81,0.19,0.0
2026-01-14 19:37:18,clusterB,0,4,4,0,0.0,0.9,0.0,0.09999999999999998,0.9,0.0
2026-01-14 19:37:23,clusterA,0,4,2,2,0.38,0.19,0.0,0.81,0.19,0.0
2026-01-14 19:37:23,clusterB,0,4,4,0,0.0,0.97,0.0,0.030000000000000027,0.97,0.0
2026-01-14 19:37:28,clusterA,0,4,2,2,0.4,0.2,0.0,0.8,0.2,0.0
2026-01-14 19:37:28,clusterB,0,4,4,0,0.0,1.0,0.0,0.0,1.0,0.0
2026-01-14 19:37:33,clusterA,0,4,2,2,0.42,0.21,0.0,0.79,0.21,0.0
2026-01-14 19:37:33,clusterB,0,4,4,0,0.0,1.0,0.0,0.0,1.0,0.0
2026-01-14 19:37:38,clusterA,0,4,2,2,0.43,0.22,0.0,0.78,0.22,0.0
2026-01-14 19:37:38,clusterB,0,4,4,0,0.0,1.0,0.0,0.0,1.0,0.0
2026-01-14 19:37:43,clusterA,0,4,2,2,0.45,0.23,0.0,0.77,0.23,0.0
2026-01-14 19:37:43,clusterB,0,4,4,0,0.0,1.0,0.0,0.0,1.0,0.0
2026-01-14 19:37:48,clusterA,0,4,2,2,0.45,0.23,0.0,0.77,0.23,0.0
2026-01-14 19:37:48,clusterB,0,4,4,0,0.0,1.0,0.0,0.0,1.0,0.0
2026-01-14 19:37:53,clusterA,0,4,2,2,0.45,0.23,0.0,0.77,0.23,0.0
2026-01-14 19:37:53,clusterB,0,4,4,0,0.0,1.0,0.0,0.0,1.0,0.0
2026-01-14 19:37:58,clusterA,0,4,2,2,0.45,0.23,0.0,0.77,0.23,0.0
2026-01-14 19:37:58,clusterB,0,4,4,0,0.0,1.0,0.0,0.0,1.0,0.0
2026-01-14 19:38:03,clusterA,0,4,2,2,0.45,0.23,0.0,0.77,0.23,0.0
2026-01-14 19:38:03,clusterB,0,4,4,0,0.0,1.0,0.0,0.0,1.0,0.0
2026-01-14 19:38:08,clusterA,0,4,2,2,0.45,0.23,0.0,0.77,0.23,0.0
2026-01-14 19:38:08,clusterB,0,4,4,0,0.0,1.0,0.0,0.0,1.0,0.0
2026-01-14 19:38:13,clusterA,0,4,2,2,0.45,0.23,0.0,0.77,0.23,0.0
2026-01-14 19:38:13,clusterB,0,4,4,0,0.0,1.0,0.0,0.0,1.0,0.0
2026-01-14 19:38:18,clusterA,0,4,2,2,0.45,0.23,0.0,0.77,0.23,0.0
2026-01-14 19:38:18,clusterB,0,4,4,0,0.0,1.0,0.0,0.0,1.0,0.0
2026-01-14 19:38:23,clusterA,0,4,2,2,0.45,0.23,0.0,0.77,0.23,0.0
2026-01-14 19:38:23,clusterB,0,4,4,0,0.0,1.0,0.0,0.0,1.0,0.0
2026-01-14 19:38:28,clusterA,0,4,2,2,0.45,0.23,0.0,0.77,0.23,0.0
2026-01-14 19:38:28,clusterB,0,4,4,0,0.0,1.0,0.0,0.0,1.0,0.0
2026-01-14 19:38:33,clusterA,0,4,2,2,0.45,0.23,0.0,0.77,0.23,0.0
2026-01-14 19:38:33,clusterB,0,4,4,0,0.0,1.0,0.0,0.0,1.0,0.0
2026-01-14 19:38:38,clusterA,0,4,2,2,0.45,0.23,0.0,0.77,0.23,0.0
2026-01-14 19:38:38,clusterB,0,4,4,0,0.0,1.0,0.0,0.0,1.0,0.0
2026-01-14 19:38:43,clusterA,0,4,2,2,0.44,0.22,0.0,0.78,0.22,0.0
2026-01-14 19:38:43,clusterB,0,4,4,0,0.0,1.0,0.0,0.0,1.0,0.0
2026-01-14 19:38:48,clusterA,0,4,2,2,0.44,0.23,0.0,0.77,0.23,0.0
2026-01-14 19:38:48,clusterB,0,4,4,0,0.0,1.0,0.0,0.0,1.0,0.0
2026-01-14 19:38:53,clusterA,0,4,2,2,0.44,0.23,0.0,0.77,0.23,0.0
2026-01-14 19:38:53,clusterB,0,4,4,0,0.0,1.0,0.0,0.0,1.0,0.0
2026-01-14 19:38:58,clusterA,0,4,2,2,0.44,0.23,0.0,0.77,0.23,0.0
2026-01-14 19:38:58,clusterB,0,4,4,0,0.0,1.0,0.0,0.0,1.0,0.0
2026-01-14 19:39:03,clusterA,0,4,2,2,0.44,0.23,0.0,0.77,0.23,0.0
2026-01-14 19:39:03,clusterB,0,4,4,0,0.0,1.0,0.0,0.0,1.0,0.0
2026-01-14 19:39:08,clusterA,0,4,2,2,0.43,0.23,0.0,0.77,0.23,0.0
2026-01-14 19:39:08,clusterB,0,4,4,0,0.0,1.0,0.0,0.0,1.0,0.0
2026-01-14 19:39:13,clusterA,0,4,2,2,0.43,0.23,0.0,0.77,0.23,0.0
2026-01-14 19:39:13,clusterB,0,4,4,0,0.0,1.0,0.0,0.0,1.0,0.0
2026-01-14 19:39:18,clusterA,0,4,2,2,0.43,0.23,0.0,0.77,0.23,0.0
2026-01-14 19:39:18,clusterB,0,4,4,0,0.0,1.0,0.0,0.0,1.0,0.0
2026-01-14 19:39:23,clusterA,0,4,2,2,0.43,0.23,0.0,0.77,0.23,0.0
2026-01-14 19:39:23,clusterB,0,4,4,0,0.0,1.0,0.0,0.0,1.0,0.0
2026-01-14 19:39:28,clusterA,0,4,2,2,0.42,0.22,0.0,0.78,0.22,0.0
2026-01-14 19:39:28,clusterB,0,4,4,0,0.0,0.96,0.0,0.040000000000000036,0.96,0.0
2026-01-14 19:39:33,clusterA,0,4,2,2,0.42,0.23,0.0,0.77,0.23,0.0
2026-01-14 19:39:33,clusterB,0,4,4,0,0.0,0.89,0.0,0.10999999999999999,0.89,0.0
2026-01-14 19:39:38,clusterA,0,4,2,2,0.42,0.23,0.0,0.77,0.23,0.0
2026-01-14 19:39:38,clusterB,0,4,4,0,0.0,0.89,0.0,0.10999999999999999,0.89,0.0
2026-01-14 19:39:43,clusterA,0,4,2,2,0.42,0.22,0.0,0.78,0.22,0.0
2026-01-14 19:39:43,clusterB,0,4,4,0,0.0,0.89,0.0,0.10999999999999999,0.89,0.0
2026-01-14 19:39:48,clusterA,0,4,2,2,0.43,0.23,0.0,0.77,0.23,0.0
2026-01-14 19:39:48,clusterB,0,4,4,0,0.0,0.89,0.0,0.10999999999999999,0.89,0.0
2026-01-14 19:39:53,clusterA,0,4,2,2,0.44,0.23,0.0,0.77,0.23,0.0
2026-01-14 19:39:53,clusterB,0,4,4,0,0.0,0.89,0.0,0.10999999999999999,0.89,0.0
2026-01-14 19:39:58,clusterA,0,4,2,2,0.44,0.23,0.0,0.77,0.23,0.0
2026-01-14 19:39:58,clusterB,0,4,4,0,0.0,0.89,0.0,0.10999999999999999,0.89,0.0
2026-01-14 19:40:03,clusterA,0,4,2,2,0.43,0.23,0.0,0.77,0.23,0.0
2026-01-14 19:40:03,clusterB,0,4,4,0,0.0,0.89,0.0,0.10999999999999999,0.89,0.0
2026-01-14 19:40:08,clusterA,0,4,2,2,0.44,0.23,0.0,0.77,0.23,0.0
2026-01-14 19:40:08,clusterB,0,4,4,0,0.0,0.88,0.0,0.12,0.88,0.0
2026-01-14 19:40:13,clusterA,0,4,2,2,0.44,0.23,0.0,0.77,0.23,0.0
2026-01-14 19:40:13,clusterB,0,4,4,0,0.0,0.88,0.0,0.12,0.88,0.0
2026-01-14 19:40:18,clusterA,0,4,2,2,0.45,0.23,0.0,0.77,0.23,0.0
2026-01-14 19:40:18,clusterB,0,4,4,0,0.0,0.88,0.0,0.12,0.88,0.0
2026-01-14 19:40:23,clusterA,0,4,2,2,0.45,0.23,0.0,0.77,0.23,0.0
2026-01-14 19:40:23,clusterB,0,4,4,0,0.0,0.88,0.0,0.12,0.88,0.0
2026-01-14 19:40:28,clusterA,0,4,2,2,0.45,0.23,0.0,0.77,0.23,0.0
2026-01-14 19:40:28,clusterB,0,4,4,0,0.0,0.88,0.0,0.12,0.88,0.0
2026-01-14 19:40:33,clusterA,0,4,2,2,0.46,0.23,0.0,0.77,0.23,0.0
2026-01-14 19:40:33,clusterB,0,4,4,0,0.0,0.88,0.0,0.12,0.88,0.0
2026-01-14 19:40:38,clusterA,0,4,2,2,0.46,0.23,0.0,0.77,0.23,0.0
2026-01-14 19:40:38,clusterB,0,4,4,0,0.0,0.88,0.0,0.12,0.88,0.0
2026-01-14 19:40:43,clusterA,0,4,2,2,0.45,0.23,0.0,0.77,0.23,0.0
2026-01-14 19:40:43,clusterB,0,4,4,0,0.0,0.89,0.0,0.10999999999999999,0.89,0.0
2026-01-14 19:40:48,clusterA,0,4,2,2,0.46,0.23,0.0,0.77,0.23,0.0
2026-01-14 19:40:48,clusterB,0,4,4,0,0.0,0.9,0.0,0.09999999999999998,0.9,0.0
2026-01-14 19:40:53,clusterA,0,4,2,2,0.45,0.23,0.0,0.77,0.23,0.0
2026-01-14 19:40:53,clusterB,0,4,4,0,0.0,0.9,0.0,0.09999999999999998,0.9,0.0
2026-01-14 19:40:58,clusterA,0,4,2,2,0.45,0.23,0.0,0.77,0.23,0.0
2026-01-14 19:40:58,clusterB,0,4,4,0,0.0,0.9,0.0,0.09999999999999998,0.9,0.0
2026-01-14 19:41:03,clusterA,0,4,2,2,0.45,0.23,0.0,0.77,0.23,0.0
2026-01-14 19:41:03,clusterB,0,4,4,0,0.0,0.9,0.0,0.09999999999999998,0.9,0.0
2026-01-14 19:41:08,clusterA,0,4,2,2,0.45,0.23,0.0,0.77,0.23,0.0
2026-01-14 19:41:08,clusterB,0,4,4,0,0.0,0.9,0.0,0.09999999999999998,0.9,0.0
2026-01-14 19:41:13,clusterA,0,4,2,2,0.45,0.23,0.0,0.77,0.23,0.0
2026-01-14 19:41:13,clusterB,0,4,4,0,0.0,0.9,0.0,0.09999999999999998,0.9,0.0
2026-01-14 19:41:18,clusterA,0,4,2,2,0.45,0.24,0.0,0.76,0.24,0.0
2026-01-14 19:41:18,clusterB,0,4,4,0,0.0,0.9,0.0,0.09999999999999998,0.9,0.0
2026-01-14 19:41:23,clusterA,0,4,2,2,0.45,0.24,0.0,0.76,0.24,0.0
2026-01-14 19:41:23,clusterB,0,4,4,0,0.0,0.9,0.0,0.09999999999999998,0.9,0.0
2026-01-14 19:41:28,clusterA,0,4,2,2,0.45,0.24,0.0,0.76,0.24,0.0
2026-01-14 19:41:28,clusterB,0,4,4,0,0.0,0.9,0.0,0.09999999999999998,0.9,0.0
2026-01-14 19:41:33,clusterA,0,4,2,2,0.45,0.24,0.0,0.76,0.24,0.0
2026-01-14 19:41:33,clusterB,0,4,4,0,0.0,0.9,0.0,0.09999999999999998,0.9,0.0
2026-01-14 19:41:38,clusterA,0,4,2,2,0.45,0.24,0.0,0.76,0.24,0.0
2026-01-14 19:41:38,clusterB,0,4,4,0,0.0,0.9,0.0,0.09999999999999998,0.9,0.0
2026-01-14 19:41:43,clusterA,0,4,2,2,0.45,0.24,0.0,0.76,0.24,0.0
2026-01-14 19:41:43,clusterB,0,4,4,0,0.0,0.9,0.0,0.09999999999999998,0.9,0.0
2026-01-14 19:41:48,clusterA,0,4,2,2,0.45,0.24,0.0,0.76,0.24,0.0
2026-01-14 19:41:48,clusterB,0,4,4,0,0.0,0.9,0.0,0.09999999999999998,0.9,0.0
2026-01-14 19:41:53,clusterA,0,4,2,2,0.45,0.24,0.0,0.76,0.24,0.0
2026-01-14 19:41:53,clusterB,0,4,4,0,0.0,0.9,0.0,0.09999999999999998,0.9,0.0
2026-01-14 19:41:58,clusterA,0,4,2,2,0.46,0.24,0.0,0.76,0.24,0.0
2026-01-14 19:41:58,clusterB,0,4,4,0,0.0,0.9,0.0,0.09999999999999998,0.9,0.0
2026-01-14 19:42:03,clusterA,0,4,2,2,0.46,0.24,0.0,0.76,0.24,0.0
2026-01-14 19:42:03,clusterB,0,4,4,0,0.0,0.9,0.0,0.09999999999999998,0.9,0.0
2026-01-14 19:42:08,clusterA,0,4,2,2,0.45,0.23,0.0,0.77,0.23,0.0
2026-01-14 19:42:08,clusterB,0,4,4,0,0.0,0.9,0.0,0.09999999999999998,0.9,0.0
2026-01-14 19:42:13,clusterA,0,4,2,2,0.45,0.23,0.0,0.77,0.23,0.0
2026-01-14 19:42:13,clusterB,0,4,4,0,0.0,0.9,0.0,0.09999999999999998,0.9,0.0
2026-01-14 19:42:18,clusterA,0,4,2,2,0.45,0.23,0.0,0.77,0.23,0.0
2026-01-14 19:42:18,clusterB,0,4,4,0,0.0,0.9,0.0,0.09999999999999998,0.9,0.0
2026-01-14 19:42:23,clusterA,0,4,2,2,0.45,0.23,0.0,0.77,0.23,0.0
2026-01-14 19:42:23,clusterB,0,4,4,0,0.0,0.89,0.0,0.10999999999999999,0.89,0.0
2026-01-14 19:42:28,clusterA,0,4,2,2,0.45,0.23,0.0,0.77,0.23,0.0
2026-01-14 19:42:28,clusterB,0,4,4,0,0.0,0.89,0.0,0.10999999999999999,0.89,0.0
2026-01-14 19:42:33,clusterA,0,4,2,2,0.45,0.23,0.0,0.77,0.23,0.0
2026-01-14 19:42:33,clusterB,0,4,4,0,0.0,0.89,0.0,0.10999999999999999,0.89,0.0
2026-01-14 19:42:38,clusterA,0,4,2,2,0.45,0.23,0.0,0.77,0.23,0.0
2026-01-14 19:42:38,clusterB,0,4,4,0,0.0,0.89,0.0,0.10999999999999999,0.89,0.0
2026-01-14 19:42:43,clusterA,0,4,2,2,0.44,0.23,0.0,0.77,0.23,0.0
2026-01-14 19:42:43,clusterB,0,4,4,0,0.0,0.89,0.0,0.10999999999999999,0.89,0.0
2026-01-14 19:42:48,clusterA,0,4,2,2,0.44,0.23,0.0,0.77,0.23,0.0
2026-01-14 19:42:48,clusterB,0,4,4,0,0.0,0.89,0.0,0.10999999999999999,0.89,0.0
2026-01-14 19:42:53,clusterA,0,4,2,2,0.44,0.23,0.0,0.77,0.23,0.0
2026-01-14 19:42:53,clusterB,0,4,4,0,0.0,0.89,0.0,0.10999999999999999,0.89,0.0
2026-01-14 19:42:58,clusterA,0,4,2,2,0.44,0.23,0.0,0.77,0.23,0.0
2026-01-14 19:42:58,clusterB,0,4,4,0,0.0,0.89,0.0,0.10999999999999999,0.89,0.0
2026-01-14 19:43:03,clusterA,0,4,2,2,0.44,0.23,0.0,0.77,0.23,0.0
2026-01-14 19:43:03,clusterB,0,4,4,0,0.0,0.89,0.0,0.10999999999999999,0.89,0.0
2026-01-14 19:43:08,clusterA,0,4,2,2,0.44,0.23,0.0,0.77,0.23,0.0
2026-01-14 19:43:08,clusterB,0,4,4,0,0.0,0.89,0.0,0.10999999999999999,0.89,0.0
2026-01-14 19:43:13,clusterA,0,4,2,2,0.44,0.23,0.0,0.77,0.23,0.0
2026-01-14 19:43:13,clusterB,0,4,4,0,0.0,0.88,0.0,0.12,0.88,0.0
2026-01-14 19:43:18,clusterA,0,4,2,2,0.44,0.23,0.0,0.77,0.23,0.0
2026-01-14 19:43:18,clusterB,0,4,4,0,0.0,0.88,0.0,0.12,0.88,0.0
2026-01-14 19:43:23,clusterA,0,4,2,2,0.44,0.23,0.0,0.77,0.23,0.0
2026-01-14 19:43:23,clusterB,0,4,4,0,0.0,0.88,0.0,0.12,0.88,0.0
2026-01-14 19:43:28,clusterA,0,4,2,2,0.43,0.23,0.0,0.77,0.23,0.0
2026-01-14 19:43:28,clusterB,0,4,4,0,0.0,0.88,0.0,0.12,0.88,0.0
2026-01-14 19:43:33,clusterA,0,4,2,2,0.43,0.23,0.0,0.77,0.23,0.0
2026-01-14 19:43:33,clusterB,0,4,4,0,0.0,0.88,0.0,0.12,0.88,0.0
2026-01-14 19:43:38,clusterA,0,4,2,2,0.43,0.23,0.0,0.77,0.23,0.0
2026-01-14 19:43:38,clusterB,0,4,4,0,0.0,0.88,0.0,0.12,0.88,0.0
2026-01-14 19:43:43,clusterA,0,4,2,2,0.43,0.23,0.0,0.77,0.23,0.0
2026-01-14 19:43:43,clusterB,0,4,4,0,0.0,0.88,0.0,0.12,0.88,0.0
2026-01-14 19:43:48,clusterA,0,4,2,2,0.43,0.23,0.0,0.77,0.23,0.0
2026-01-14 19:43:48,clusterB,0,4,4,0,0.0,0.88,0.0,0.12,0.88,0.0
2026-01-14 19:43:53,clusterA,0,4,2,2,0.44,0.23,0.0,0.77,0.23,0.0
2026-01-14 19:43:53,clusterB,0,4,4,0,0.0,0.88,0.0,0.12,0.88,0.0
2026-01-14 19:43:58,clusterA,0,4,2,2,0.44,0.23,0.0,0.77,0.23,0.0
2026-01-14 19:43:58,clusterB,0,4,4,0,0.0,0.88,0.0,0.12,0.88,0.0
2026-01-14 19:44:03,clusterA,0,4,2,2,0.44,0.23,0.0,0.77,0.23,0.0
2026-01-14 19:44:03,clusterB,0,4,4,0,0.0,0.88,0.0,0.12,0.88,0.0
2026-01-14 19:44:08,clusterA,0,4,2,2,0.43,0.23,0.0,0.77,0.23,0.0
2026-01-14 19:44:08,clusterB,0,4,4,0,0.0,0.88,0.0,0.12,0.88,0.0
2026-01-14 19:44:13,clusterA,0,4,2,2,0.44,0.23,0.0,0.77,0.23,0.0
2026-01-14 19:44:13,clusterB,0,4,4,0,0.0,0.88,0.0,0.12,0.88,0.0
2026-01-14 19:44:18,clusterA,0,4,2,2,0.44,0.23,0.0,0.77,0.23,0.0
2026-01-14 19:44:18,clusterB,0,4,4,0,0.0,0.88,0.0,0.12,0.88,0.0
2026-01-14 19:44:23,clusterA,0,4,2,2,0.44,0.23,0.0,0.77,0.23,0.0
2026-01-14 19:44:23,clusterB,0,4,4,0,0.0,0.89,0.0,0.10999999999999999,0.89,0.0
2026-01-14 19:44:28,clusterA,0,4,2,2,0.44,0.23,0.0,0.77,0.23,0.0
2026-01-14 19:44:28,clusterB,0,4,4,0,0.0,0.89,0.0,0.10999999999999999,0.89,0.0
2026-01-14 19:44:33,clusterA,0,4,2,2,0.44,0.23,0.0,0.77,0.23,0.0
2026-01-14 19:44:33,clusterB,0,4,4,0,0.0,0.89,0.0,0.10999999999999999,0.89,0.0
2026-01-14 19:44:38,clusterA,0,4,2,2,0.45,0.23,0.0,0.77,0.23,0.0
2026-01-14 19:44:38,clusterB,0,4,4,0,0.0,0.89,0.0,0.10999999999999999,0.89,0.0
2026-01-14 19:44:43,clusterA,0,4,2,2,0.45,0.23,0.0,0.77,0.23,0.0
2026-01-14 19:44:43,clusterB,0,4,4,0,0.0,0.89,0.0,0.10999999999999999,0.89,0.0
2026-01-14 19:44:48,clusterA,0,4,2,2,0.45,0.23,0.0,0.77,0.23,0.0
2026-01-14 19:44:48,clusterB,0,4,4,0,0.0,0.89,0.0,0.10999999999999999,0.89,0.0
2026-01-14 19:44:53,clusterA,0,4,2,2,0.45,0.23,0.0,0.77,0.23,0.0
2026-01-14 19:44:53,clusterB,0,4,4,0,0.0,0.89,0.0,0.10999999999999999,0.89,0.0
2026-01-14 19:44:58,clusterA,0,4,2,2,0.45,0.23,0.0,0.77,0.23,0.0
2026-01-14 19:44:58,clusterB,0,4,4,0,0.0,0.89,0.0,0.10999999999999999,0.89,0.0
2026-01-14 19:45:03,clusterA,0,4,2,2,0.45,0.23,0.0,0.77,0.23,0.0
2026-01-14 19:45:03,clusterB,0,4,4,0,0.0,0.89,0.0,0.10999999999999999,0.89,0.0
2026-01-14 19:45:08,clusterA,0,4,2,2,0.45,0.23,0.0,0.77,0.23,0.0
2026-01-14 19:45:08,clusterB,0,4,4,0,0.0,0.89,0.0,0.10999999999999999,0.89,0.0
2026-01-14 19:45:13,clusterA,0,4,2,2,0.45,0.23,0.0,0.77,0.23,0.0
2026-01-14 19:45:13,clusterB,0,4,4,0,0.0,0.9,0.0,0.09999999999999998,0.9,0.0
2026-01-14 19:45:18,clusterA,0,4,2,2,0.45,0.23,0.0,0.77,0.23,0.0
2026-01-14 19:45:18,clusterB,0,4,4,0,0.0,0.9,0.0,0.09999999999999998,0.9,0.0
2026-01-14 19:45:23,clusterA,0,4,2,2,0.45,0.22,0.0,0.78,0.22,0.0
2026-01-14 19:45:23,clusterB,0,4,4,0,0.0,0.9,0.0,0.09999999999999998,0.9,0.0
2026-01-14 19:45:28,clusterA,0,4,2,2,0.45,0.22,0.0,0.78,0.22,0.0
2026-01-14 19:45:28,clusterB,0,4,4,0,0.0,0.89,0.0,0.10999999999999999,0.89,0.0
2026-01-14 19:45:33,clusterA,0,4,2,2,0.46,0.22,0.0,0.78,0.22,0.0
2026-01-14 19:45:33,clusterB,0,4,4,0,0.0,0.89,0.0,0.10999999999999999,0.89,0.0
2026-01-14 19:45:38,clusterA,0,4,2,2,0.45,0.23,0.0,0.77,0.23,0.0
2026-01-14 19:45:38,clusterB,0,4,4,0,0.0,0.89,0.0,0.10999999999999999,0.89,0.0
2026-01-14 19:45:43,clusterA,0,4,2,2,0.45,0.23,0.0,0.77,0.23,0.0
2026-01-14 19:45:43,clusterB,0,4,4,0,0.0,0.89,0.0,0.10999999999999999,0.89,0.0
2026-01-14 19:45:48,clusterA,0,4,2,2,0.45,0.23,0.0,0.77,0.23,0.0
2026-01-14 19:45:48,clusterB,0,4,4,0,0.0,0.89,0.0,0.10999999999999999,0.89,0.0
2026-01-14 19:45:53,clusterA,0,4,2,2,0.45,0.23,0.0,0.77,0.23,0.0
2026-01-14 19:45:53,clusterB,0,4,4,0,0.0,0.89,0.0,0.10999999999999999,0.89,0.0
2026-01-14 19:45:58,clusterA,0,4,2,2,0.44,0.23,0.0,0.77,0.23,0.0
2026-01-14 19:45:58,clusterB,0,4,4,0,0.0,0.89,0.0,0.10999999999999999,0.89,0.0
2026-01-14 19:46:03,clusterA,0,4,2,2,0.44,0.23,0.0,0.77,0.23,0.0
2026-01-14 19:46:03,clusterB,0,4,4,0,0.0,0.89,0.0,0.10999999999999999,0.89,0.0
2026-01-14 19:46:08,clusterA,0,4,2,2,0.44,0.23,0.0,0.77,0.23,0.0
2026-01-14 19:46:08,clusterB,0,4,4,0,0.0,0.89,0.0,0.10999999999999999,0.89,0.0
2026-01-14 19:46:13,clusterA,0,4,2,2,0.43,0.23,0.0,0.77,0.23,0.0
2026-01-14 19:46:13,clusterB,0,4,4,0,0.0,0.89,0.0,0.10999999999999999,0.89,0.0
2026-01-14 19:46:18,clusterA,0,4,2,2,0.43,0.23,0.0,0.77,0.23,0.0
2026-01-14 19:46:18,clusterB,0,4,4,0,0.0,0.89,0.0,0.10999999999999999,0.89,0.0
2026-01-14 19:46:23,clusterA,0,4,2,2,0.43,0.23,0.0,0.77,0.23,0.0
2026-01-14 19:46:23,clusterB,0,4,4,0,0.0,0.88,0.0,0.12,0.88,0.0
2026-01-14 19:46:28,clusterA,0,4,2,2,0.43,0.23,0.0,0.77,0.23,0.0
2026-01-14 19:46:28,clusterB,0,4,4,0,0.0,0.88,0.0,0.12,0.88,0.0
2026-01-14 19:46:33,clusterA,0,4,2,2,0.43,0.23,0.0,0.77,0.23,0.0
2026-01-14 19:46:33,clusterB,0,4,4,0,0.0,0.88,0.0,0.12,0.88,0.0
2026-01-14 19:46:38,clusterA,0,4,2,2,0.43,0.23,0.0,0.77,0.23,0.0
2026-01-14 19:46:38,clusterB,0,4,4,0,0.0,0.88,0.0,0.12,0.88,0.0
2026-01-14 19:46:43,clusterA,0,4,2,2,0.44,0.23,0.0,0.77,0.23,0.0
2026-01-14 19:46:43,clusterB,0,4,4,0,0.0,0.88,0.0,0.12,0.88,0.0
2026-01-14 19:46:48,clusterA,0,4,2,2,0.44,0.23,0.0,0.77,0.23,0.0
2026-01-14 19:46:48,clusterB,0,4,4,0,0.0,0.88,0.0,0.12,0.88,0.0
2026-01-14 19:46:53,clusterA,0,4,2,2,0.44,0.23,0.0,0.77,0.23,0.0
2026-01-14 19:46:53,clusterB,0,4,4,0,0.0,0.88,0.0,0.12,0.88,0.0
2026-01-14 19:46:58,clusterA,0,4,2,2,0.44,0.23,0.0,0.77,0.23,0.0
2026-01-14 19:46:58,clusterB,0,4,4,0,0.0,0.88,0.0,0.12,0.88,0.0
2026-01-14 19:47:03,clusterA,0,4,2,2,0.44,0.23,0.0,0.77,0.23,0.0
2026-01-14 19:47:03,clusterB,0,4,4,0,0.0,0.88,0.0,0.12,0.88,0.0
2026-01-14 19:47:08,clusterA,0,4,2,2,0.44,0.23,0.0,0.77,0.23,0.0
2026-01-14 19:47:08,clusterB,0,4,4,0,0.0,0.87,0.0,0.13,0.87,0.0
2026-01-14 19:47:13,clusterA,0,4,2,2,0.44,0.23,0.0,0.77,0.23,0.0
2026-01-14 19:47:13,clusterB,0,4,4,0,0.0,0.87,0.0,0.13,0.87,0.0
2026-01-14 19:47:18,clusterA,0,4,2,2,0.45,0.23,0.0,0.77,0.23,0.0
2026-01-14 19:47:18,clusterB,0,4,4,0,0.0,0.87,0.0,0.13,0.87,0.0
2026-01-14 19:47:23,clusterA,0,4,2,2,0.45,0.23,0.0,0.77,0.23,0.0
2026-01-14 19:47:23,clusterB,0,4,4,0,0.0,0.87,0.0,0.13,0.87,0.0
2026-01-14 19:47:28,clusterA,0,4,2,2,0.45,0.23,0.0,0.77,0.23,0.0
2026-01-14 19:47:28,clusterB,0,4,4,0,0.0,0.88,0.0,0.12,0.88,0.0
2026-01-14 19:47:33,clusterA,0,4,2,2,0.45,0.23,0.0,0.77,0.23,0.0
2026-01-14 19:47:33,clusterB,0,4,4,0,0.0,0.88,0.0,0.12,0.88,0.0
2026-01-14 19:47:38,clusterA,0,4,2,2,0.45,0.23,0.0,0.77,0.23,0.0
2026-01-14 19:47:38,clusterB,0,4,4,0,0.0,0.88,0.0,0.12,0.88,0.0
2026-01-14 19:47:43,clusterA,0,4,2,2,0.45,0.23,0.0,0.77,0.23,0.0
2026-01-14 19:47:43,clusterB,0,4,4,0,0.0,0.88,0.0,0.12,0.88,0.0
2026-01-14 19:47:48,clusterA,0,4,2,2,0.45,0.23,0.0,0.77,0.23,0.0
2026-01-14 19:47:48,clusterB,0,4,4,0,0.0,0.88,0.0,0.12,0.88,0.0
2026-01-14 19:47:53,clusterA,0,4,2,2,0.45,0.23,0.0,0.77,0.23,0.0
2026-01-14 19:47:53,clusterB,0,4,4,0,0.0,0.88,0.0,0.12,0.88,0.0
2026-01-14 19:47:58,clusterA,0,4,2,2,0.45,0.23,0.0,0.77,0.23,0.0
2026-01-14 19:47:58,clusterB,0,4,4,0,0.0,0.88,0.0,0.12,0.88,0.0
2026-01-14 19:48:03,clusterA,0,4,2,2,0.45,0.23,0.0,0.77,0.23,0.0
2026-01-14 19:48:03,clusterB,0,4,4,0,0.0,0.88,0.0,0.12,0.88,0.0
2026-01-14 19:48:08,clusterA,0,4,2,2,0.44,0.23,0.0,0.77,0.23,0.0
2026-01-14 19:48:08,clusterB,0,4,4,0,0.0,0.88,0.0,0.12,0.88,0.0
2026-01-14 19:48:13,clusterA,0,4,2,2,0.43,0.23,0.0,0.77,0.23,0.0
2026-01-14 19:48:13,clusterB,0,4,4,0,0.0,0.87,0.0,0.13,0.87,0.0
2026-01-14 19:48:18,clusterA,0,4,2,2,0.43,0.23,0.0,0.77,0.23,0.0
2026-01-14 19:48:18,clusterB,0,4,4,0,0.0,0.87,0.0,0.13,0.87,0.0
2026-01-14 19:48:23,clusterA,0,4,2,2,0.42,0.23,0.0,0.77,0.23,0.0
2026-01-14 19:48:23,clusterB,0,4,4,0,0.0,0.88,0.0,0.12,0.88,0.0
2026-01-14 19:48:28,clusterA,0,4,2,2,0.42,0.23,0.0,0.77,0.23,0.0
2026-01-14 19:48:28,clusterB,0,4,4,0,0.0,0.88,0.0,0.12,0.88,0.0
2026-01-14 19:48:33,clusterA,0,4,2,2,0.43,0.23,0.0,0.77,0.23,0.0
2026-01-14 19:48:33,clusterB,0,4,4,0,0.0,0.88,0.0,0.12,0.88,0.0
2026-01-14 19:48:38,clusterA,0,4,2,2,0.43,0.23,0.0,0.77,0.23,0.0
2026-01-14 19:48:38,clusterB,0,4,4,0,0.0,0.88,0.0,0.12,0.88,0.0
2026-01-14 19:48:43,clusterA,0,4,2,2,0.43,0.23,0.0,0.77,0.23,0.0
2026-01-14 19:48:43,clusterB,0,4,4,0,0.0,0.88,0.0,0.12,0.88,0.0
2026-01-14 19:48:48,clusterA,0,4,2,2,0.43,0.23,0.0,0.77,0.23,0.0
2026-01-14 19:48:48,clusterB,0,4,4,0,0.0,0.88,0.0,0.12,0.88,0.0
2026-01-14 19:48:53,clusterA,0,4,2,2,0.43,0.23,0.0,0.77,0.23,0.0
2026-01-14 19:48:53,clusterB,0,4,4,0,0.0,0.88,0.0,0.12,0.88,0.0
2026-01-14 19:48:58,clusterA,0,4,2,2,0.43,0.23,0.0,0.77,0.23,0.0
2026-01-14 19:48:58,clusterB,0,4,4,0,0.0,0.88,0.0,0.12,0.88,0.0
2026-01-14 19:49:03,clusterA,0,4,2,2,0.43,0.23,0.0,0.77,0.23,0.0
2026-01-14 19:49:03,clusterB,0,4,4,0,0.0,0.88,0.0,0.12,0.88,0.0
2026-01-14 19:49:09,clusterA,0,4,2,2,0.43,0.23,0.0,0.77,0.23,0.0
2026-01-14 19:49:09,clusterB,0,4,4,0,0.0,0.88,0.0,0.12,0.88,0.0
2026-01-14 19:49:14,clusterA,0,4,2,2,0.43,0.23,0.0,0.77,0.23,0.0
2026-01-14 19:49:14,clusterB,0,4,4,0,0.0,0.88,0.0,0.12,0.88,0.0
2026-01-14 19:49:19,clusterA,0,4,2,2,0.44,0.23,0.0,0.77,0.23,0.0
2026-01-14 19:49:19,clusterB,0,4,4,0,0.0,0.88,0.0,0.12,0.88,0.0
2026-01-14 19:49:24,clusterA,0,4,2,2,0.45,0.23,0.0,0.77,0.23,0.0
2026-01-14 19:49:24,clusterB,0,4,4,0,0.0,0.88,0.0,0.12,0.88,0.0
2026-01-14 19:49:29,clusterA,0,4,2,2,0.45,0.23,0.0,0.77,0.23,0.0
2026-01-14 19:49:29,clusterB,0,4,4,0,0.0,0.88,0.0,0.12,0.88,0.0
2026-01-14 19:49:34,clusterA,0,4,2,2,0.45,0.23,0.0,0.77,0.23,0.0
2026-01-14 19:49:34,clusterB,0,4,4,0,0.0,0.88,0.0,0.12,0.88,0.0
2026-01-14 19:49:39,clusterA,0,4,2,2,0.44,0.23,0.0,0.77,0.23,0.0
2026-01-14 19:49:39,clusterB,0,4,4,0,0.0,0.87,0.0,0.13,0.87,0.0
2026-01-14 19:49:44,clusterA,0,4,2,2,0.45,0.23,0.0,0.77,0.23,0.0
2026-01-14 19:49:44,clusterB,0,4,4,0,0.0,0.87,0.0,0.13,0.87,0.0
2026-01-14 19:49:49,clusterA,0,4,2,2,0.45,0.23,0.0,0.77,0.23,0.0
2026-01-14 19:49:49,clusterB,0,4,4,0,0.0,0.87,0.0,0.13,0.87,0.0
2026-01-14 19:49:54,clusterA,0,4,2,2,0.45,0.23,0.0,0.77,0.23,0.0
2026-01-14 19:49:54,clusterB,0,4,4,0,0.0,0.87,0.0,0.13,0.87,0.0
2026-01-14 19:49:59,clusterA,0,4,2,2,0.44,0.23,0.0,0.77,0.23,0.0
2026-01-14 19:49:59,clusterB,0,4,4,0,0.0,0.87,0.0,0.13,0.87,0.0
2026-01-14 19:50:04,clusterA,0,4,2,2,0.44,0.23,0.0,0.77,0.23,0.0
2026-01-14 19:50:04,clusterB,0,4,4,0,0.0,0.87,0.0,0.13,0.87,0.0
2026-01-14 19:50:09,clusterA,0,4,2,2,0.45,0.23,0.0,0.77,0.23,0.0
2026-01-14 19:50:09,clusterB,0,4,4,0,0.0,0.87,0.0,0.13,0.87,0.0
2026-01-14 19:50:14,clusterA,0,4,2,2,0.44,0.23,0.0,0.77,0.23,0.0
2026-01-14 19:50:14,clusterB,0,4,4,0,0.0,0.88,0.0,0.12,0.88,0.0
2026-01-14 19:50:19,clusterA,0,4,2,2,0.45,0.23,0.0,0.77,0.23,0.0
2026-01-14 19:50:19,clusterB,0,4,4,0,0.0,0.88,0.0,0.12,0.88,0.0
2026-01-14 19:50:24,clusterA,0,4,2,2,0.45,0.23,0.0,0.77,0.23,0.0
2026-01-14 19:50:24,clusterB,0,4,4,0,0.0,0.88,0.0,0.12,0.88,0.0
2026-01-14 19:50:29,clusterA,0,4,2,2,0.45,0.23,0.0,0.77,0.23,0.0
2026-01-14 19:50:29,clusterB,0,4,4,0,0.0,0.88,0.0,0.12,0.88,0.0
2026-01-14 19:50:34,clusterA,0,4,2,2,0.45,0.23,0.0,0.77,0.23,0.0
2026-01-14 19:50:34,clusterB,0,4,4,0,0.0,0.88,0.0,0.12,0.88,0.0
2026-01-14 19:50:39,clusterA,0,4,2,2,0.45,0.23,0.0,0.77,0.23,0.0
2026-01-14 19:50:39,clusterB,0,4,4,0,0.0,0.88,0.0,0.12,0.88,0.0
2026-01-14 19:50:44,clusterA,0,4,2,2,0.45,0.23,0.0,0.77,0.23,0.0
2026-01-14 19:50:44,clusterB,0,4,4,0,0.0,0.88,0.0,0.12,0.88,0.0
2026-01-14 19:50:49,clusterA,0,4,2,2,0.45,0.23,0.0,0.77,0.23,0.0
2026-01-14 19:50:49,clusterB,0,4,4,0,0.0,0.88,0.0,0.12,0.88,0.0
2026-01-14 19:50:54,clusterA,0,4,2,2,0.45,0.23,0.0,0.77,0.23,0.0
2026-01-14 19:50:54,clusterB,0,4,4,0,0.0,0.88,0.0,0.12,0.88,0.0
2026-01-14 19:50:59,clusterA,0,4,2,2,0.45,0.23,0.0,0.77,0.23,0.0
2026-01-14 19:50:59,clusterB,0,4,4,0,0.0,0.88,0.0,0.12,0.88,0.0
2026-01-14 19:51:04,clusterA,0,4,2,2,0.45,0.23,0.0,0.77,0.23,0.0
2026-01-14 19:51:04,clusterB,0,4,4,0,0.0,0.88,0.0,0.12,0.88,0.0
2026-01-14 19:51:09,clusterA,0,4,2,2,0.45,0.23,0.0,0.77,0.23,0.0
2026-01-14 19:51:09,clusterB,0,4,4,0,0.0,0.88,0.0,0.12,0.88,0.0
2026-01-14 19:51:14,clusterA,0,4,2,2,0.44,0.23,0.0,0.77,0.23,0.0
2026-01-14 19:51:14,clusterB,0,4,4,0,0.0,0.89,0.0,0.10999999999999999,0.89,0.0
2026-01-14 19:51:19,clusterA,0,4,2,2,0.44,0.23,0.0,0.77,0.23,0.0
2026-01-14 19:51:19,clusterB,0,4,4,0,0.0,0.89,0.0,0.10999999999999999,0.89,0.0
2026-01-14 19:51:24,clusterA,0,4,2,2,0.44,0.23,0.0,0.77,0.23,0.0
2026-01-14 19:51:24,clusterB,0,4,4,0,0.0,0.89,0.0,0.10999999999999999,0.89,0.0
2026-01-14 19:51:29,clusterA,0,4,2,2,0.44,0.23,0.0,0.77,0.23,0.0
2026-01-14 19:51:29,clusterB,0,4,4,0,0.0,0.89,0.0,0.10999999999999999,0.89,0.0
2026-01-14 19:51:34,clusterA,0,4,2,2,0.43,0.23,0.0,0.77,0.23,0.0
2026-01-14 19:51:34,clusterB,0,4,4,0,0.0,0.89,0.0,0.10999999999999999,0.89,0.0
2026-01-14 19:51:39,clusterA,0,4,2,2,0.43,0.23,0.0,0.77,0.23,0.0
2026-01-14 19:51:39,clusterB,0,4,4,0,0.0,0.9,0.0,0.09999999999999998,0.9,0.0
2026-01-14 19:51:44,clusterA,0,4,2,2,0.43,0.23,0.0,0.77,0.23,0.0
2026-01-14 19:51:44,clusterB,0,4,4,0,0.0,0.89,0.0,0.10999999999999999,0.89,0.0
2026-01-14 19:51:49,clusterA,0,4,2,2,0.43,0.23,0.0,0.77,0.23,0.0
2026-01-14 19:51:49,clusterB,0,4,4,0,0.0,0.89,0.0,0.10999999999999999,0.89,0.0
2026-01-14 19:51:54,clusterA,0,4,2,2,0.43,0.23,0.0,0.77,0.23,0.0
2026-01-14 19:51:54,clusterB,0,4,4,0,0.0,0.89,0.0,0.10999999999999999,0.89,0.0
2026-01-14 19:51:59,clusterA,0,4,2,2,0.43,0.23,0.0,0.77,0.23,0.0
2026-01-14 19:51:59,clusterB,0,4,4,0,0.0,0.89,0.0,0.10999999999999999,0.89,0.0
2026-01-14 19:52:04,clusterA,0,4,2,2,0.43,0.23,0.0,0.77,0.23,0.0
2026-01-14 19:52:04,clusterB,0,4,4,0,0.0,0.89,0.0,0.10999999999999999,0.89,0.0
2026-01-14 19:52:09,clusterA,0,4,2,2,0.43,0.23,0.0,0.77,0.23,0.0
2026-01-14 19:52:09,clusterB,0,4,4,0,0.0,0.89,0.0,0.10999999999999999,0.89,0.0
2026-01-14 19:52:14,clusterA,0,4,2,2,0.43,0.23,0.0,0.77,0.23,0.0
2026-01-14 19:52:14,clusterB,0,4,4,0,0.0,0.89,0.0,0.10999999999999999,0.89,0.0
2026-01-14 19:52:19,clusterA,0,4,2,2,0.43,0.23,0.0,0.77,0.23,0.0
2026-01-14 19:52:19,clusterB,0,4,4,0,0.0,0.89,0.0,0.10999999999999999,0.89,0.0
2026-01-14 19:52:24,clusterA,0,4,2,2,0.43,0.23,0.0,0.77,0.23,0.0
2026-01-14 19:52:24,clusterB,0,4,4,0,0.0,0.89,0.0,0.10999999999999999,0.89,0.0
2026-01-14 19:52:29,clusterA,0,4,2,2,0.43,0.23,0.0,0.77,0.23,0.0
2026-01-14 19:52:29,clusterB,0,4,4,0,0.0,0.89,0.0,0.10999999999999999,0.89,0.0
2026-01-14 19:52:34,clusterA,0,4,2,2,0.43,0.23,0.0,0.77,0.23,0.0
2026-01-14 19:52:34,clusterB,0,4,4,0,0.0,0.89,0.0,0.10999999999999999,0.89,0.0
2026-01-14 19:52:39,clusterA,0,4,2,2,0.43,0.23,0.0,0.77,0.23,0.0
2026-01-14 19:52:39,clusterB,0,4,4,0,0.0,0.89,0.0,0.10999999999999999,0.89,0.0
2026-01-14 19:52:44,clusterA,0,4,2,2,0.43,0.23,0.0,0.77,0.23,0.0
2026-01-14 19:52:44,clusterB,0,4,4,0,0.0,0.89,0.0,0.10999999999999999,0.89,0.0
2026-01-14 19:52:49,clusterA,0,4,2,2,0.42,0.23,0.0,0.77,0.23,0.0
2026-01-14 19:52:49,clusterB,0,4,4,0,0.0,0.89,0.0,0.10999999999999999,0.89,0.0
2026-01-14 19:52:54,clusterA,0,4,2,2,0.43,0.23,0.0,0.77,0.23,0.0
2026-01-14 19:52:54,clusterB,0,4,4,0,0.0,0.89,0.0,0.10999999999999999,0.89,0.0
2026-01-14 19:52:59,clusterA,0,4,2,2,0.43,0.23,0.0,0.77,0.23,0.0
2026-01-14 19:52:59,clusterB,0,4,4,0,0.0,0.89,0.0,0.10999999999999999,0.89,0.0
2026-01-14 19:53:04,clusterA,0,4,2,2,0.43,0.23,0.0,0.77,0.23,0.0
2026-01-14 19:53:04,clusterB,0,4,4,0,0.0,0.89,0.0,0.10999999999999999,0.89,0.0
2026-01-14 19:53:09,clusterA,0,4,2,2,0.42,0.23,0.0,0.77,0.23,0.0
2026-01-14 19:53:09,clusterB,0,4,4,0,0.0,0.89,0.0,0.10999999999999999,0.89,0.0
2026-01-14 19:53:14,clusterA,0,4,2,2,0.42,0.23,0.0,0.77,0.23,0.0
2026-01-14 19:53:14,clusterB,0,4,4,0,0.0,0.89,0.0,0.10999999999999999,0.89,0.0
2026-01-14 19:53:19,clusterA,0,4,2,2,0.43,0.23,0.0,0.77,0.23,0.0
2026-01-14 19:53:19,clusterB,0,4,4,0,0.0,0.89,0.0,0.10999999999999999,0.89,0.0
2026-01-14 19:53:24,clusterA,0,4,2,2,0.43,0.23,0.0,0.77,0.23,0.0
2026-01-14 19:53:24,clusterB,0,4,4,0,0.0,0.89,0.0,0.10999999999999999,0.89,0.0
2026-01-14 19:53:29,clusterA,0,4,2,2,0.43,0.23,0.0,0.77,0.23,0.0
2026-01-14 19:53:29,clusterB,0,4,4,0,0.0,0.89,0.0,0.10999999999999999,0.89,0.0
2026-01-14 19:53:34,clusterA,0,4,2,2,0.43,0.23,0.0,0.77,0.23,0.0
2026-01-14 19:53:34,clusterB,0,4,4,0,0.0,0.89,0.0,0.10999999999999999,0.89,0.0
2026-01-14 19:53:39,clusterA,0,4,2,2,0.43,0.23,0.0,0.77,0.23,0.0
2026-01-14 19:53:39,clusterB,0,4,4,0,0.0,0.89,0.0,0.10999999999999999,0.89,0.0
2026-01-14 19:53:44,clusterA,0,4,2,2,0.44,0.23,0.0,0.77,0.23,0.0
2026-01-14 19:53:44,clusterB,0,4,4,0,0.0,0.89,0.0,0.10999999999999999,0.89,0.0
2026-01-14 19:53:49,clusterA,0,4,2,2,0.44,0.23,0.0,0.77,0.23,0.0
2026-01-14 19:53:49,clusterB,0,4,4,0,0.0,0.89,0.0,0.10999999999999999,0.89,0.0
2026-01-14 19:53:54,clusterA,0,4,2,2,0.42,0.23,0.0,0.77,0.23,0.0
2026-01-14 19:53:54,clusterB,0,4,4,0,0.0,0.89,0.0,0.10999999999999999,0.89,0.0
2026-01-14 19:53:59,clusterA,0,4,2,2,0.42,0.23,0.0,0.77,0.23,0.0
2026-01-14 19:53:59,clusterB,0,4,4,0,0.0,0.89,0.0,0.10999999999999999,0.89,0.0
2026-01-14 19:54:04,clusterA,0,4,2,2,0.42,0.23,0.0,0.77,0.23,0.0
2026-01-14 19:54:04,clusterB,0,4,4,0,0.0,0.89,0.0,0.10999999999999999,0.89,0.0
2026-01-14 19:54:09,clusterA,0,4,2,2,0.42,0.23,0.0,0.77,0.23,0.0
2026-01-14 19:54:09,clusterB,0,4,4,0,0.0,0.89,0.0,0.10999999999999999,0.89,0.0
2026-01-14 19:54:14,clusterA,0,4,2,2,0.42,0.23,0.0,0.77,0.23,0.0
2026-01-14 19:54:14,clusterB,0,4,4,0,0.0,0.89,0.0,0.10999999999999999,0.89,0.0
2026-01-14 19:54:19,clusterA,0,4,2,2,0.42,0.23,0.0,0.77,0.23,0.0
2026-01-14 19:54:19,clusterB,0,4,4,0,0.0,0.89,0.0,0.10999999999999999,0.89,0.0
2026-01-14 19:54:24,clusterA,0,4,2,2,0.42,0.23,0.0,0.77,0.23,0.0
2026-01-14 19:54:24,clusterB,0,4,4,0,0.0,0.89,0.0,0.10999999999999999,0.89,0.0
2026-01-14 19:54:29,clusterA,0,4,2,2,0.42,0.23,0.0,0.77,0.23,0.0
2026-01-14 19:54:29,clusterB,0,4,4,0,0.0,0.88,0.0,0.12,0.88,0.0
2026-01-14 19:54:34,clusterA,0,4,2,2,0.42,0.23,0.0,0.77,0.23,0.0
2026-01-14 19:54:34,clusterB,0,4,4,0,0.0,0.88,0.0,0.12,0.88,0.0
2026-01-14 19:54:39,clusterA,0,4,2,2,0.42,0.23,0.0,0.77,0.23,0.0
2026-01-14 19:54:39,clusterB,0,4,4,0,0.0,0.88,0.0,0.12,0.88,0.0
2026-01-14 19:54:44,clusterA,0,4,2,2,0.42,0.23,0.0,0.77,0.23,0.0
2026-01-14 19:54:44,clusterB,0,4,4,0,0.0,0.88,0.0,0.12,0.88,0.0
2026-01-14 19:54:49,clusterA,0,4,2,2,0.42,0.23,0.0,0.77,0.23,0.0
2026-01-14 19:54:49,clusterB,0,4,4,0,0.0,0.89,0.0,0.10999999999999999,0.89,0.0
2026-01-14 19:54:54,clusterA,0,4,2,2,0.43,0.23,0.0,0.77,0.23,0.0
2026-01-14 19:54:54,clusterB,0,4,4,0,0.0,0.89,0.0,0.10999999999999999,0.89,0.0
2026-01-14 19:54:59,clusterA,0,4,2,2,0.44,0.23,0.0,0.77,0.23,0.0
2026-01-14 19:54:59,clusterB,0,4,4,0,0.0,0.89,0.0,0.10999999999999999,0.89,0.0
2026-01-14 19:55:04,clusterA,0,4,2,2,0.44,0.23,0.0,0.77,0.23,0.0
2026-01-14 19:55:04,clusterB,0,4,4,0,0.0,0.89,0.0,0.10999999999999999,0.89,0.0
2026-01-14 19:55:09,clusterA,0,4,2,2,0.45,0.23,0.0,0.77,0.23,0.0
2026-01-14 19:55:09,clusterB,0,4,4,0,0.0,0.89,0.0,0.10999999999999999,0.89,0.0
2026-01-14 19:55:14,clusterA,0,4,2,2,0.45,0.23,0.0,0.77,0.23,0.0
2026-01-14 19:55:14,clusterB,0,4,4,0,0.0,0.89,0.0,0.10999999999999999,0.89,0.0
2026-01-14 19:55:19,clusterA,0,4,2,2,0.45,0.23,0.0,0.77,0.23,0.0
2026-01-14 19:55:19,clusterB,0,4,4,0,0.0,0.89,0.0,0.10999999999999999,0.89,0.0
2026-01-14 19:55:24,clusterA,0,4,2,2,0.45,0.23,0.0,0.77,0.23,0.0
2026-01-14 19:55:24,clusterB,0,4,4,0,0.0,0.89,0.0,0.10999999999999999,0.89,0.0
2026-01-14 19:55:29,clusterA,0,4,2,2,0.44,0.23,0.0,0.77,0.23,0.0
2026-01-14 19:55:29,clusterB,0,4,4,0,0.0,0.89,0.0,0.10999999999999999,0.89,0.0
2026-01-14 19:55:34,clusterA,0,4,2,2,0.45,0.23,0.0,0.77,0.23,0.0
2026-01-14 19:55:34,clusterB,0,4,4,0,0.0,0.89,0.0,0.10999999999999999,0.89,0.0
2026-01-14 19:55:39,clusterA,0,4,2,2,0.45,0.23,0.0,0.77,0.23,0.0
2026-01-14 19:55:39,clusterB,0,4,4,0,0.0,0.89,0.0,0.10999999999999999,0.89,0.0
2026-01-14 19:55:44,clusterA,0,4,2,2,0.45,0.24,0.0,0.76,0.24,0.0
2026-01-14 19:55:44,clusterB,0,4,4,0,0.0,0.89,0.0,0.10999999999999999,0.89,0.0
2026-01-14 19:55:49,clusterA,0,4,2,2,0.43,0.23,0.0,0.77,0.23,0.0
2026-01-14 19:55:49,clusterB,0,4,4,0,0.0,0.89,0.0,0.10999999999999999,0.89,0.0
2026-01-14 19:55:54,clusterA,0,4,2,2,0.43,0.23,0.0,0.77,0.23,0.0
2026-01-14 19:55:54,clusterB,0,4,4,0,0.0,0.89,0.0,0.10999999999999999,0.89,0.0
2026-01-14 19:55:59,clusterA,0,4,2,2,0.43,0.23,0.0,0.77,0.23,0.0
2026-01-14 19:55:59,clusterB,0,4,4,0,0.0,0.88,0.0,0.12,0.88,0.0
2026-01-14 19:56:04,clusterA,0,4,2,2,0.43,0.23,0.0,0.77,0.23,0.0
2026-01-14 19:56:04,clusterB,0,4,4,0,0.0,0.88,0.0,0.12,0.88,0.0
2026-01-14 19:56:09,clusterA,0,4,2,2,0.43,0.23,0.0,0.77,0.23,0.0
2026-01-14 19:56:09,clusterB,0,4,4,0,0.0,0.88,0.0,0.12,0.88,0.0
2026-01-14 19:56:14,clusterA,0,4,2,2,0.43,0.23,0.0,0.77,0.23,0.0
2026-01-14 19:56:14,clusterB,0,4,4,0,0.0,0.88,0.0,0.12,0.88,0.0
2026-01-14 19:56:19,clusterA,0,4,2,2,0.43,0.23,0.0,0.77,0.23,0.0
2026-01-14 19:56:19,clusterB,0,4,4,0,0.0,0.88,0.0,0.12,0.88,0.0
2026-01-14 19:56:24,clusterA,0,4,2,2,0.43,0.23,0.0,0.77,0.23,0.0
2026-01-14 19:56:24,clusterB,0,4,4,0,0.0,0.88,0.0,0.12,0.88,0.0
2026-01-14 19:56:29,clusterA,0,4,2,2,0.43,0.23,0.0,0.77,0.23,0.0
2026-01-14 19:56:29,clusterB,0,4,4,0,0.0,0.89,0.0,0.10999999999999999,0.89,0.0
2026-01-14 19:56:34,clusterA,0,4,2,2,0.43,0.23,0.0,0.77,0.23,0.0
2026-01-14 19:56:34,clusterB,0,4,4,0,0.0,0.89,0.0,0.10999999999999999,0.89,0.0
2026-01-14 19:56:39,clusterA,0,4,2,2,0.43,0.23,0.0,0.77,0.23,0.0
2026-01-14 19:56:39,clusterB,0,4,4,0,0.0,0.89,0.0,0.10999999999999999,0.89,0.0
2026-01-14 19:56:44,clusterA,0,4,2,2,0.43,0.23,0.0,0.77,0.23,0.0
2026-01-14 19:56:44,clusterB,0,4,4,0,0.0,0.89,0.0,0.10999999999999999,0.89,0.0
2026-01-14 19:56:49,clusterA,0,4,2,2,0.42,0.23,0.0,0.77,0.23,0.0
2026-01-14 19:56:49,clusterB,0,4,4,0,0.0,0.89,0.0,0.10999999999999999,0.89,0.0
2026-01-14 19:56:54,clusterA,0,4,2,2,0.44,0.23,0.0,0.77,0.23,0.0
2026-01-14 19:56:54,clusterB,0,4,4,0,0.0,0.89,0.0,0.10999999999999999,0.89,0.0
2026-01-14 19:56:59,clusterA,0,4,2,2,0.44,0.23,0.0,0.77,0.23,0.0
2026-01-14 19:56:59,clusterB,0,4,4,0,0.0,0.89,0.0,0.10999999999999999,0.89,0.0
2026-01-14 19:57:04,clusterA,0,4,2,2,0.44,0.23,0.0,0.77,0.23,0.0
2026-01-14 19:57:04,clusterB,0,4,4,0,0.0,0.89,0.0,0.10999999999999999,0.89,0.0
2026-01-14 19:57:09,clusterA,0,4,2,2,0.44,0.23,0.0,0.77,0.23,0.0
2026-01-14 19:57:09,clusterB,0,4,4,0,0.0,0.89,0.0,0.10999999999999999,0.89,0.0
2026-01-14 19:57:14,clusterA,0,4,2,2,0.44,0.23,0.0,0.77,0.23,0.0
2026-01-14 19:57:14,clusterB,0,4,4,0,0.0,0.89,0.0,0.10999999999999999,0.89,0.0
2026-01-14 19:57:19,clusterA,0,4,2,2,0.44,0.23,0.0,0.77,0.23,0.0
2026-01-14 19:57:19,clusterB,0,4,4,0,0.0,0.89,0.0,0.10999999999999999,0.89,0.0
2026-01-14 19:57:24,clusterA,0,4,2,2,0.44,0.23,0.0,0.77,0.23,0.0
2026-01-14 19:57:24,clusterB,0,4,4,0,0.0,0.89,0.0,0.10999999999999999,0.89,0.0
2026-01-14 19:57:29,clusterA,0,4,2,2,0.44,0.23,0.0,0.77,0.23,0.0
2026-01-14 19:57:29,clusterB,0,4,4,0,0.0,0.89,0.0,0.10999999999999999,0.89,0.0
2026-01-14 19:57:34,clusterA,0,4,2,2,0.44,0.23,0.0,0.77,0.23,0.0
2026-01-14 19:57:34,clusterB,0,4,4,0,0.0,0.89,0.0,0.10999999999999999,0.89,0.0
2026-01-14 19:57:39,clusterA,0,4,2,2,0.44,0.23,0.0,0.77,0.23,0.0
2026-01-14 19:57:39,clusterB,0,4,4,0,0.0,0.89,0.0,0.10999999999999999,0.89,0.0
2026-01-14 19:57:44,clusterA,0,4,2,2,0.44,0.23,0.0,0.77,0.23,0.0
2026-01-14 19:57:44,clusterB,0,4,4,0,0.0,0.89,0.0,0.10999999999999999,0.89,0.0
2026-01-14 19:57:49,clusterA,0,4,2,2,0.44,0.23,0.0,0.77,0.23,0.0
2026-01-14 19:57:49,clusterB,0,4,4,0,0.0,0.89,0.0,0.10999999999999999,0.89,0.0
2026-01-14 19:57:54,clusterA,0,4,2,2,0.43,0.23,0.0,0.77,0.23,0.0
2026-01-14 19:57:54,clusterB,0,4,4,0,0.0,0.89,0.0,0.10999999999999999,0.89,0.0
2026-01-14 19:57:59,clusterA,0,4,2,2,0.43,0.23,0.0,0.77,0.23,0.0
2026-01-14 19:57:59,clusterB,0,4,4,0,0.0,0.9,0.0,0.09999999999999998,0.9,0.0
2026-01-14 19:58:04,clusterA,0,4,2,2,0.43,0.23,0.0,0.77,0.23,0.0
2026-01-14 19:58:04,clusterB,0,4,4,0,0.0,0.9,0.0,0.09999999999999998,0.9,0.0
2026-01-14 19:58:09,clusterA,0,4,2,2,0.43,0.23,0.0,0.77,0.23,0.0
2026-01-14 19:58:09,clusterB,0,4,4,0,0.0,0.9,0.0,0.09999999999999998,0.9,0.0
2026-01-14 19:58:14,clusterA,0,4,2,2,0.43,0.23,0.0,0.77,0.23,0.0
2026-01-14 19:58:14,clusterB,0,4,4,0,0.0,0.9,0.0,0.09999999999999998,0.9,0.0
2026-01-14 19:58:19,clusterA,0,4,2,2,0.43,0.23,0.0,0.77,0.23,0.0
2026-01-14 19:58:19,clusterB,0,4,4,0,0.0,0.9,0.0,0.09999999999999998,0.9,0.0
2026-01-14 19:58:24,clusterA,0,4,2,2,0.44,0.23,0.0,0.77,0.23,0.0
2026-01-14 19:58:24,clusterB,0,4,4,0,0.0,0.9,0.0,0.09999999999999998,0.9,0.0
2026-01-14 19:58:29,clusterA,0,4,2,2,0.44,0.23,0.0,0.77,0.23,0.0
2026-01-14 19:58:29,clusterB,0,4,4,0,0.0,0.9,0.0,0.09999999999999998,0.9,0.0
2026-01-14 19:58:34,clusterA,0,4,2,2,0.44,0.23,0.0,0.77,0.23,0.0
2026-01-14 19:58:34,clusterB,0,4,4,0,0.0,0.9,0.0,0.09999999999999998,0.9,0.0
2026-01-14 19:58:39,clusterA,0,4,2,2,0.43,0.23,0.0,0.77,0.23,0.0
2026-01-14 19:58:39,clusterB,0,4,4,0,0.0,0.9,0.0,0.09999999999999998,0.9,0.0
2026-01-14 19:58:44,clusterA,0,4,2,2,0.43,0.23,0.0,0.77,0.23,0.0
2026-01-14 19:58:44,clusterB,0,4,4,0,0.0,0.9,0.0,0.09999999999999998,0.9,0.0
2026-01-14 19:58:49,clusterA,0,4,2,2,0.43,0.23,0.0,0.77,0.23,0.0
2026-01-14 19:58:49,clusterB,0,4,4,0,0.0,0.9,0.0,0.09999999999999998,0.9,0.0
2026-01-14 19:58:54,clusterA,0,4,2,2,0.43,0.23,0.0,0.77,0.23,0.0
2026-01-14 19:58:54,clusterB,0,4,4,0,0.0,0.9,0.0,0.09999999999999998,0.9,0.0
2026-01-14 19:58:59,clusterA,0,4,2,2,0.43,0.23,0.0,0.77,0.23,0.0
2026-01-14 19:58:59,clusterB,0,4,4,0,0.0,0.9,0.0,0.09999999999999998,0.9,0.0
2026-01-14 19:59:04,clusterA,0,4,2,2,0.43,0.23,0.0,0.77,0.23,0.0
2026-01-14 19:59:04,clusterB,0,4,4,0,0.0,0.9,0.0,0.09999999999999998,0.9,0.0
2026-01-14 19:59:09,clusterA,0,4,2,2,0.43,0.23,0.0,0.77,0.23,0.0
2026-01-14 19:59:09,clusterB,0,4,4,0,0.0,0.9,0.0,0.09999999999999998,0.9,0.0
2026-01-14 19:59:14,clusterA,0,4,2,2,0.43,0.23,0.0,0.77,0.23,0.0
2026-01-14 19:59:14,clusterB,0,4,4,0,0.0,0.9,0.0,0.09999999999999998,0.9,0.0
2026-01-14 19:59:19,clusterA,0,4,2,2,0.44,0.23,0.0,0.77,0.23,0.0
2026-01-14 19:59:19,clusterB,0,4,4,0,0.0,0.9,0.0,0.09999999999999998,0.9,0.0
2026-01-14 19:59:24,clusterA,0,4,2,2,0.43,0.23,0.0,0.77,0.23,0.0
2026-01-14 19:59:24,clusterB,0,4,4,0,0.0,0.9,0.0,0.09999999999999998,0.9,0.0
2026-01-14 19:59:29,clusterA,0,4,2,2,0.43,0.23,0.0,0.77,0.23,0.0
2026-01-14 19:59:29,clusterB,0,4,4,0,0.0,0.9,0.0,0.09999999999999998,0.9,0.0
2026-01-14 19:59:34,clusterA,0,4,2,2,0.44,0.23,0.0,0.77,0.23,0.0
2026-01-14 19:59:34,clusterB,0,4,4,0,0.0,0.9,0.0,0.09999999999999998,0.9,0.0
2026-01-14 19:59:39,clusterA,0,4,2,2,0.45,0.23,0.0,0.77,0.23,0.0
2026-01-14 19:59:39,clusterB,0,4,4,0,0.0,0.9,0.0,0.09999999999999998,0.9,0.0
2026-01-14 19:59:44,clusterA,0,4,2,2,0.46,0.23,0.0,0.77,0.23,0.0
2026-01-14 19:59:44,clusterB,0,4,4,0,0.0,0.9,0.0,0.09999999999999998,0.9,0.0
2026-01-14 19:59:49,clusterA,0,4,2,2,0.44,0.23,0.0,0.77,0.23,0.0
2026-01-14 19:59:49,clusterB,0,4,4,0,0.0,0.9,0.0,0.09999999999999998,0.9,0.0
2026-01-14 19:59:54,clusterA,0,4,2,2,0.44,0.23,0.0,0.77,0.23,0.0
2026-01-14 19:59:54,clusterB,0,4,4,0,0.0,0.9,0.0,0.09999999999999998,0.9,0.0
2026-01-14 19:59:59,clusterA,0,4,2,2,0.44,0.23,0.0,0.77,0.23,0.0
2026-01-14 19:59:59,clusterB,0,4,4,0,0.0,0.9,0.0,0.09999999999999998,0.9,0.0
2026-01-14 20:00:04,clusterA,0,4,2,2,0.44,0.23,0.0,0.77,0.23,0.0
2026-01-14 20:00:04,clusterB,0,4,4,0,0.0,0.9,0.0,0.09999999999999998,0.9,0.0
2026-01-14 20:00:09,clusterA,0,4,2,2,0.44,0.23,0.0,0.77,0.23,0.0
2026-01-14 20:00:09,clusterB,0,4,4,0,0.0,0.9,0.0,0.09999999999999998,0.9,0.0
2026-01-14 20:00:14,clusterA,0,4,2,2,0.44,0.23,0.0,0.77,0.23,0.0
2026-01-14 20:00:14,clusterB,0,4,4,0,0.0,0.9,0.0,0.09999999999999998,0.9,0.0
2026-01-14 20:00:19,clusterA,0,4,2,2,0.44,0.23,0.0,0.77,0.23,0.0
2026-01-14 20:00:19,clusterB,0,4,4,0,0.0,0.9,0.0,0.09999999999999998,0.9,0.0
2026-01-14 20:00:24,clusterA,0,4,2,2,0.44,0.23,0.0,0.77,0.23,0.0
2026-01-14 20:00:24,clusterB,0,4,4,0,0.0,0.9,0.0,0.09999999999999998,0.9,0.0
2026-01-14 20:00:29,clusterA,0,4,2,2,0.44,0.23,0.0,0.77,0.23,0.0
2026-01-14 20:00:29,clusterB,0,4,4,0,0.0,0.9,0.0,0.09999999999999998,0.9,0.0
2026-01-14 20:00:34,clusterA,0,4,2,2,0.44,0.23,0.0,0.77,0.23,0.0
2026-01-14 20:00:34,clusterB,0,4,4,0,0.0,0.9,0.0,0.09999999999999998,0.9,0.0
2026-01-14 20:00:39,clusterA,0,4,2,2,0.43,0.23,0.0,0.77,0.23,0.0
2026-01-14 20:00:39,clusterB,0,4,4,0,0.0,0.9,0.0,0.09999999999999998,0.9,0.0
2026-01-14 20:00:44,clusterA,0,4,2,2,0.44,0.23,0.0,0.77,0.23,0.0
2026-01-14 20:00:44,clusterB,0,4,4,0,0.0,0.9,0.0,0.09999999999999998,0.9,0.0
2026-01-14 20:00:49,clusterA,0,4,2,2,0.43,0.23,0.0,0.77,0.23,0.0
2026-01-14 20:00:49,clusterB,0,4,4,0,0.0,0.9,0.0,0.09999999999999998,0.9,0.0
2026-01-14 20:00:54,clusterA,0,4,2,2,0.45,0.23,0.0,0.77,0.23,0.0
2026-01-14 20:00:54,clusterB,0,4,4,0,0.0,0.9,0.0,0.09999999999999998,0.9,0.0
2026-01-14 20:00:59,clusterA,0,4,2,2,0.46,0.24,0.0,0.76,0.24,0.0
2026-01-14 20:00:59,clusterB,0,4,4,0,0.0,0.9,0.0,0.09999999999999998,0.9,0.0
2026-01-14 20:01:04,clusterA,0,4,2,2,0.46,0.24,0.0,0.76,0.24,0.0
2026-01-14 20:01:04,clusterB,0,4,4,0,0.0,0.9,0.0,0.09999999999999998,0.9,0.0
2026-01-14 20:01:09,clusterA,0,4,2,2,0.46,0.24,0.0,0.76,0.24,0.0
2026-01-14 20:01:09,clusterB,0,4,4,0,0.0,0.9,0.0,0.09999999999999998,0.9,0.0
2026-01-14 20:01:14,clusterA,0,4,2,2,0.46,0.24,0.0,0.76,0.24,0.0
2026-01-14 20:01:14,clusterB,0,4,4,0,0.0,0.9,0.0,0.09999999999999998,0.9,0.0
2026-01-14 20:01:19,clusterA,0,4,2,2,0.46,0.23,0.0,0.77,0.23,0.0
2026-01-14 20:01:19,clusterB,0,4,4,0,0.0,0.9,0.0,0.09999999999999998,0.9,0.0
2026-01-14 20:01:24,clusterA,0,4,2,2,0.45,0.23,0.0,0.77,0.23,0.0
2026-01-14 20:01:24,clusterB,0,4,4,0,0.0,0.9,0.0,0.09999999999999998,0.9,0.0
2026-01-14 20:01:29,clusterA,0,4,2,2,0.45,0.23,0.0,0.77,0.23,0.0
2026-01-14 20:01:29,clusterB,0,4,4,0,0.0,0.9,0.0,0.09999999999999998,0.9,0.0
2026-01-14 20:01:34,clusterA,0,4,2,2,0.45,0.23,0.0,0.77,0.23,0.0
2026-01-14 20:01:34,clusterB,0,4,4,0,0.0,0.9,0.0,0.09999999999999998,0.9,0.0
2026-01-14 20:01:39,clusterA,0,4,2,2,0.45,0.23,0.0,0.77,0.23,0.0
2026-01-14 20:01:39,clusterB,0,4,4,0,0.0,0.9,0.0,0.09999999999999998,0.9,0.0
2026-01-14 20:01:44,clusterA,0,4,2,2,0.45,0.23,0.0,0.77,0.23,0.0
2026-01-14 20:01:44,clusterB,0,4,4,0,0.0,0.9,0.0,0.09999999999999998,0.9,0.0
2026-01-14 20:01:49,clusterA,0,4,2,2,0.45,0.23,0.0,0.77,0.23,0.0
2026-01-14 20:01:49,clusterB,0,4,4,0,0.0,0.9,0.0,0.09999999999999998,0.9,0.0
2026-01-14 20:01:54,clusterA,0,4,2,2,0.44,0.23,0.0,0.77,0.23,0.0
2026-01-14 20:01:54,clusterB,0,4,4,0,0.0,0.9,0.0,0.09999999999999998,0.9,0.0
2026-01-14 20:01:59,clusterA,0,4,2,2,0.44,0.23,0.0,0.77,0.23,0.0
2026-01-14 20:01:59,clusterB,0,4,4,0,0.0,0.9,0.0,0.09999999999999998,0.9,0.0
2026-01-14 20:02:04,clusterA,0,4,2,2,0.44,0.23,0.0,0.77,0.23,0.0
2026-01-14 20:02:04,clusterB,0,4,4,0,0.0,0.9,0.0,0.09999999999999998,0.9,0.0
2026-01-14 20:02:09,clusterA,0,4,2,2,0.43,0.23,0.0,0.77,0.23,0.0
2026-01-14 20:02:09,clusterB,0,4,4,0,0.0,0.9,0.0,0.09999999999999998,0.9,0.0
2026-01-14 20:02:14,clusterA,0,4,2,2,0.43,0.23,0.0,0.77,0.23,0.0
2026-01-14 20:02:14,clusterB,0,4,4,0,0.0,0.9,0.0,0.09999999999999998,0.9,0.0
2026-01-14 20:02:19,clusterA,0,4,2,2,0.43,0.23,0.0,0.77,0.23,0.0
2026-01-14 20:02:19,clusterB,0,4,4,0,0.0,0.9,0.0,0.09999999999999998,0.9,0.0
2026-01-14 20:02:24,clusterA,0,4,2,2,0.43,0.23,0.0,0.77,0.23,0.0
2026-01-14 20:02:24,clusterB,0,4,4,0,0.0,0.9,0.0,0.09999999999999998,0.9,0.0
2026-01-14 20:02:29,clusterA,0,4,2,2,0.44,0.23,0.0,0.77,0.23,0.0
2026-01-14 20:02:29,clusterB,0,4,4,0,0.0,0.9,0.0,0.09999999999999998,0.9,0.0
2026-01-14 20:02:34,clusterA,0,4,2,2,0.44,0.23,0.0,0.77,0.23,0.0
2026-01-14 20:02:34,clusterB,0,4,4,0,0.0,0.9,0.0,0.09999999999999998,0.9,0.0
2026-01-14 20:02:39,clusterA,0,4,2,2,0.43,0.23,0.0,0.77,0.23,0.0
2026-01-14 20:02:39,clusterB,0,4,4,0,0.0,0.9,0.0,0.09999999999999998,0.9,0.0
2026-01-14 20:02:44,clusterA,0,4,2,2,0.44,0.23,0.0,0.77,0.23,0.0
2026-01-14 20:02:44,clusterB,0,4,4,0,0.0,0.9,0.0,0.09999999999999998,0.9,0.0
2026-01-14 20:02:49,clusterA,0,4,2,2,0.44,0.23,0.0,0.77,0.23,0.0
2026-01-14 20:02:49,clusterB,0,4,4,0,0.0,0.9,0.0,0.09999999999999998,0.9,0.0
2026-01-14 20:02:54,clusterA,0,4,2,2,0.44,0.23,0.0,0.77,0.23,0.0
2026-01-14 20:02:54,clusterB,0,4,4,0,0.0,0.9,0.0,0.09999999999999998,0.9,0.0
2026-01-14 20:02:59,clusterA,0,4,2,2,0.44,0.23,0.0,0.77,0.23,0.0
2026-01-14 20:02:59,clusterB,0,4,4,0,0.0,0.9,0.0,0.09999999999999998,0.9,0.0
2026-01-14 20:03:04,clusterA,0,4,2,2,0.44,0.23,0.0,0.77,0.23,0.0
2026-01-14 20:03:04,clusterB,0,4,4,0,0.0,0.9,0.0,0.09999999999999998,0.9,0.0
2026-01-14 20:03:09,clusterA,0,4,2,2,0.44,0.23,0.0,0.77,0.23,0.0
2026-01-14 20:03:09,clusterB,0,4,4,0,0.0,0.9,0.0,0.09999999999999998,0.9,0.0
2026-01-14 20:03:14,clusterA,0,4,2,2,0.44,0.23,0.0,0.77,0.23,0.0
2026-01-14 20:03:14,clusterB,0,4,4,0,0.0,0.9,0.0,0.09999999999999998,0.9,0.0
2026-01-14 20:03:20,clusterA,0,4,2,2,0.45,0.23,0.0,0.77,0.23,0.0
2026-01-14 20:03:20,clusterB,0,4,4,0,0.0,0.9,0.0,0.09999999999999998,0.9,0.0
2026-01-14 20:03:25,clusterA,0,4,2,2,0.45,0.23,0.0,0.77,0.23,0.0
2026-01-14 20:03:25,clusterB,0,4,4,0,0.0,0.9,0.0,0.09999999999999998,0.9,0.0
2026-01-14 20:03:30,clusterA,0,4,2,2,0.45,0.23,0.0,0.77,0.23,0.0
2026-01-14 20:03:30,clusterB,0,4,4,0,0.0,0.9,0.0,0.09999999999999998,0.9,0.0
2026-01-14 20:03:35,clusterA,0,4,2,2,0.45,0.23,0.0,0.77,0.23,0.0
2026-01-14 20:03:35,clusterB,0,4,4,0,0.0,0.9,0.0,0.09999999999999998,0.9,0.0
2026-01-14 20:03:40,clusterA,0,4,2,2,0.45,0.23,0.0,0.77,0.23,0.0
2026-01-14 20:03:40,clusterB,0,4,4,0,0.0,0.9,0.0,0.09999999999999998,0.9,0.0
2026-01-14 20:03:45,clusterA,0,4,2,2,0.45,0.23,0.0,0.77,0.23,0.0
2026-01-14 20:03:45,clusterB,0,4,4,0,0.0,0.9,0.0,0.09999999999999998,0.9,0.0
2026-01-14 20:03:50,clusterA,0,4,2,2,0.45,0.23,0.0,0.77,0.23,0.0
2026-01-14 20:03:50,clusterB,0,4,4,0,0.0,0.9,0.0,0.09999999999999998,0.9,0.0
2026-01-14 20:03:55,clusterA,0,4,2,2,0.45,0.23,0.0,0.77,0.23,0.0
2026-01-14 20:03:55,clusterB,0,4,4,0,0.0,0.9,0.0,0.09999999999999998,0.9,0.0
2026-01-14 20:04:00,clusterA,0,4,2,2,0.45,0.24,0.0,0.76,0.24,0.0
2026-01-14 20:04:00,clusterB,0,4,4,0,0.0,0.9,0.0,0.09999999999999998,0.9,0.0
2026-01-14 20:04:05,clusterA,0,4,2,2,0.45,0.23,0.0,0.77,0.23,0.0
2026-01-14 20:04:05,clusterB,0,4,4,0,0.0,0.9,0.0,0.09999999999999998,0.9,0.0
2026-01-14 20:04:10,clusterA,0,4,2,2,0.45,0.23,0.0,0.77,0.23,0.0
2026-01-14 20:04:10,clusterB,0,4,4,0,0.0,0.9,0.0,0.09999999999999998,0.9,0.0
2026-01-14 20:04:15,clusterA,0,4,1,3,0.44,0.23,0.0,0.77,0.23,0.0
2026-01-14 20:04:15,clusterB,0,4,4,0,0.0,0.9,0.0,0.09999999999999998,0.9,0.0
2026-01-14 20:04:20,clusterA,0,4,1,3,0.42,0.22,0.0,0.78,0.22,0.0
2026-01-14 20:04:20,clusterB,0,4,4,0,0.0,0.9,0.0,0.09999999999999998,0.9,0.0
2026-01-14 20:04:25,clusterA,0,4,1,3,0.4,0.21,0.0,0.79,0.21,0.0
2026-01-14 20:04:25,clusterB,0,4,4,0,0.0,0.9,0.0,0.09999999999999998,0.9,0.0
2026-01-14 20:04:30,clusterA,0,4,1,3,0.38,0.2,0.0,0.8,0.2,0.0
2026-01-14 20:04:30,clusterB,0,4,4,0,0.0,0.9,0.0,0.09999999999999998,0.9,0.0
2026-01-14 20:04:35,clusterA,0,4,1,3,0.36,0.19,0.0,0.81,0.19,0.0
2026-01-14 20:04:35,clusterB,0,4,4,0,0.0,0.9,0.0,0.09999999999999998,0.9,0.0
2026-01-14 20:04:40,clusterA,0,4,1,3,0.34,0.18,0.0,0.8200000000000001,0.18,0.0
2026-01-14 20:04:40,clusterB,0,4,4,0,0.0,0.9,0.0,0.09999999999999998,0.9,0.0
2026-01-14 20:04:45,clusterA,0,4,1,3,0.32,0.17,0.0,0.83,0.17,0.0
2026-01-14 20:04:45,clusterB,0,4,4,0,0.0,0.9,0.0,0.09999999999999998,0.9,0.0
2026-01-14 20:04:50,clusterA,0,4,1,3,0.3,0.16,0.0,0.84,0.16,0.0
2026-01-14 20:04:50,clusterB,0,4,4,0,0.0,0.9,0.0,0.09999999999999998,0.9,0.0
2026-01-14 20:04:55,clusterA,0,4,1,3,0.28,0.16,0.0,0.84,0.16,0.0
2026-01-14 20:04:55,clusterB,0,4,4,0,0.0,0.9,0.0,0.09999999999999998,0.9,0.0
2026-01-14 20:05:00,clusterA,0,4,1,3,0.27,0.15,0.0,0.85,0.15,0.0
2026-01-14 20:05:00,clusterB,0,4,4,0,0.0,0.9,0.0,0.09999999999999998,0.9,0.0
2026-01-14 20:05:05,clusterA,0,4,1,3,0.25,0.14,0.0,0.86,0.14,0.0
2026-01-14 20:05:05,clusterB,0,4,4,0,0.0,0.9,0.0,0.09999999999999998,0.9,0.0
2026-01-14 20:05:10,clusterA,0,4,1,3,0.23,0.13,0.0,0.87,0.13,0.0
2026-01-14 20:05:10,clusterB,0,4,4,0,0.0,0.9,0.0,0.09999999999999998,0.9,0.0
2026-01-14 20:05:15,clusterA,0,4,1,3,0.23,0.13,0.0,0.87,0.13,0.0
2026-01-14 20:05:15,clusterB,0,4,4,0,0.0,0.9,0.0,0.09999999999999998,0.9,0.0
2026-01-14 20:05:20,clusterA,0,4,1,3,0.23,0.13,0.0,0.87,0.13,0.0
2026-01-14 20:05:20,clusterB,0,4,4,0,0.0,0.9,0.0,0.09999999999999998,0.9,0.0
2026-01-14 20:05:25,clusterA,0,4,1,3,0.23,0.13,0.0,0.87,0.13,0.0
2026-01-14 20:05:25,clusterB,0,4,4,0,0.0,0.9,0.0,0.09999999999999998,0.9,0.0
2026-01-14 20:05:30,clusterA,0,4,1,3,0.23,0.13,0.0,0.87,0.13,0.0
2026-01-14 20:05:30,clusterB,0,4,4,0,0.0,0.9,0.0,0.09999999999999998,0.9,0.0
2026-01-14 20:05:35,clusterA,0,4,1,3,0.23,0.13,0.0,0.87,0.13,0.0
2026-01-14 20:05:35,clusterB,0,4,4,0,0.0,0.9,0.0,0.09999999999999998,0.9,0.0
2026-01-14 20:05:40,clusterA,0,4,1,3,0.23,0.13,0.0,0.87,0.13,0.0
2026-01-14 20:05:40,clusterB,0,4,4,0,0.0,0.9,0.0,0.09999999999999998,0.9,0.0
2026-01-14 20:05:45,clusterA,0,4,1,3,0.23,0.13,0.0,0.87,0.13,0.0
2026-01-14 20:05:45,clusterB,0,4,4,0,0.0,0.9,0.0,0.09999999999999998,0.9,0.0
2026-01-14 20:05:50,clusterA,0,4,1,3,0.22,0.13,0.0,0.87,0.13,0.0
2026-01-14 20:05:50,clusterB,0,4,4,0,0.0,0.9,0.0,0.09999999999999998,0.9,0.0
2026-01-14 20:05:55,clusterA,0,4,1,3,0.22,0.13,0.0,0.87,0.13,0.0
2026-01-14 20:05:55,clusterB,0,4,4,0,0.0,0.9,0.0,0.09999999999999998,0.9,0.0
2026-01-14 20:06:00,clusterA,0,4,1,3,0.22,0.13,0.0,0.87,0.13,0.0
2026-01-14 20:06:00,clusterB,0,4,4,0,0.0,0.9,0.0,0.09999999999999998,0.9,0.0
2026-01-14 20:06:05,clusterA,0,4,1,3,0.22,0.13,0.0,0.87,0.13,0.0
2026-01-14 20:06:05,clusterB,0,4,4,0,0.0,0.9,0.0,0.09999999999999998,0.9,0.0
2026-01-14 20:06:10,clusterA,0,4,1,3,0.22,0.13,0.0,0.87,0.13,0.0
2026-01-14 20:06:10,clusterB,0,4,4,0,0.0,0.9,0.0,0.09999999999999998,0.9,0.0
2026-01-14 20:06:15,clusterA,0,4,1,3,0.21,0.13,0.0,0.87,0.13,0.0
2026-01-14 20:06:15,clusterB,0,4,4,0,0.0,0.9,0.0,0.09999999999999998,0.9,0.0
2026-01-14 20:06:20,clusterA,0,4,1,3,0.21,0.13,0.0,0.87,0.13,0.0
2026-01-14 20:06:20,clusterB,0,4,4,0,0.0,0.9,0.0,0.09999999999999998,0.9,0.0
2026-01-14 20:06:25,clusterA,0,4,1,3,0.22,0.13,0.0,0.87,0.13,0.0
2026-01-14 20:06:25,clusterB,0,4,4,0,0.0,0.9,0.0,0.09999999999999998,0.9,0.0
2026-01-14 20:06:30,clusterA,0,4,1,3,0.21,0.13,0.0,0.87,0.13,0.0
2026-01-14 20:06:30,clusterB,0,4,4,0,0.0,0.9,0.0,0.09999999999999998,0.9,0.0
2026-01-14 20:06:35,clusterA,0,4,1,3,0.21,0.13,0.0,0.87,0.13,0.0
2026-01-14 20:06:35,clusterB,0,4,4,0,0.0,0.9,0.0,0.09999999999999998,0.9,0.0
2026-01-14 20:06:40,clusterA,0,4,1,3,0.22,0.13,0.0,0.87,0.13,0.0
2026-01-14 20:06:40,clusterB,0,4,4,0,0.0,0.9,0.0,0.09999999999999998,0.9,0.0
2026-01-14 20:06:45,clusterA,0,4,1,3,0.22,0.13,0.0,0.87,0.13,0.0
2026-01-14 20:06:45,clusterB,0,4,4,0,0.0,0.89,0.0,0.10999999999999999,0.89,0.0
2026-01-14 20:06:50,clusterA,0,4,1,3,0.22,0.13,0.0,0.87,0.13,0.0
2026-01-14 20:06:50,clusterB,0,4,4,0,0.0,0.89,0.0,0.10999999999999999,0.89,0.0
2026-01-14 20:06:55,clusterA,0,4,1,3,0.22,0.13,0.0,0.87,0.13,0.0
2026-01-14 20:06:55,clusterB,0,4,4,0,0.0,0.89,0.0,0.10999999999999999,0.89,0.0
2026-01-14 20:07:00,clusterA,0,4,1,3,0.22,0.13,0.0,0.87,0.13,0.0
2026-01-14 20:07:00,clusterB,0,4,4,0,0.0,0.89,0.0,0.10999999999999999,0.89,0.0
2026-01-14 20:07:05,clusterA,0,4,1,3,0.23,0.13,0.0,0.87,0.13,0.0
2026-01-14 20:07:05,clusterB,0,4,4,0,0.0,0.89,0.0,0.10999999999999999,0.89,0.0
2026-01-14 20:07:10,clusterA,0,4,1,3,0.22,0.13,0.0,0.87,0.13,0.0
2026-01-14 20:07:10,clusterB,0,4,4,0,0.0,0.89,0.0,0.10999999999999999,0.89,0.0
2026-01-14 20:07:15,clusterA,0,4,1,3,0.23,0.13,0.0,0.87,0.13,0.0
2026-01-14 20:07:15,clusterB,0,4,4,0,0.0,0.89,0.0,0.10999999999999999,0.89,0.0
2026-01-14 20:07:20,clusterA,0,4,1,3,0.23,0.13,0.0,0.87,0.13,0.0
2026-01-14 20:07:20,clusterB,0,4,0,4,0.0,0.9,0.0,0.09999999999999998,0.9,0.0
2026-01-14 20:07:25,clusterA,0,4,1,3,0.23,0.13,0.0,0.87,0.13,0.0
2026-01-14 20:07:25,clusterB,0,4,0,4,0.0,0.9,0.0,0.09999999999999998,0.9,0.0
2026-01-14 20:07:30,clusterA,0,4,1,3,0.23,0.13,0.0,0.87,0.13,0.0
2026-01-14 20:07:30,clusterB,0,4,0,4,0.0,0.9,0.0,0.09999999999999998,0.9,0.0
2026-01-14 20:07:35,clusterA,0,4,1,3,0.23,0.13,0.0,0.87,0.13,0.0
2026-01-14 20:07:35,clusterB,0,4,0,4,0.0,0.9,0.0,0.09999999999999998,0.9,0.0
2026-01-14 20:07:40,clusterA,0,4,1,3,0.23,0.13,0.0,0.87,0.13,0.0
2026-01-14 20:07:40,clusterB,0,4,0,4,0.0,0.9,0.0,0.09999999999999998,0.9,0.0
2026-01-14 20:07:45,clusterA,0,4,1,3,0.23,0.13,0.0,0.87,0.13,0.0
2026-01-14 20:07:45,clusterB,0,4,0,4,0.0,0.9,0.0,0.09999999999999998,0.9,0.0
2026-01-14 20:07:50,clusterA,0,4,1,3,0.23,0.13,0.0,0.87,0.13,0.0
2026-01-14 20:07:50,clusterB,0,4,0,4,0.0,0.9,0.0,0.09999999999999998,0.9,0.0
2026-01-14 20:07:55,clusterA,0,4,1,3,0.22,0.13,0.0,0.87,0.13,0.0
2026-01-14 20:07:55,clusterB,0,4,0,4,0.0,0.9,0.0,0.09999999999999998,0.9,0.0
2026-01-14 20:08:00,clusterA,0,4,1,3,0.22,0.13,0.0,0.87,0.13,0.0
2026-01-14 20:08:00,clusterB,0,4,0,4,0.0,0.9,0.0,0.09999999999999998,0.9,0.0
2026-01-14 20:08:05,clusterA,0,4,1,3,0.23,0.13,0.0,0.87,0.13,0.0
2026-01-14 20:08:05,clusterB,0,4,0,4,0.0,0.9,0.0,0.09999999999999998,0.9,0.0
2026-01-14 20:08:10,clusterA,0,4,1,3,0.23,0.13,0.0,0.87,0.13,0.0
2026-01-14 20:08:10,clusterB,0,4,0,4,0.0,0.9,0.0,0.09999999999999998,0.9,0.0
2026-01-14 20:08:15,clusterA,0,4,1,3,0.23,0.13,0.0,0.87,0.13,0.0
2026-01-14 20:08:15,clusterB,0,4,0,4,0.0,0.9,0.0,0.09999999999999998,0.9,0.0
2026-01-14 20:08:20,clusterA,0,4,1,3,0.21,0.13,0.0,0.87,0.13,0.0
2026-01-14 20:08:20,clusterB,0,4,0,4,0.0,0.9,0.0,0.09999999999999998,0.9,0.0
2026-01-14 20:08:25,clusterA,0,4,1,3,0.21,0.13,0.0,0.87,0.13,0.0
2026-01-14 20:08:25,clusterB,0,4,0,4,0.0,0.9,0.0,0.09999999999999998,0.9,0.0
2026-01-14 20:08:30,clusterA,0,4,1,3,0.21,0.13,0.0,0.87,0.13,0.0
2026-01-14 20:08:30,clusterB,0,4,0,4,0.0,0.9,0.0,0.09999999999999998,0.9,0.0
2026-01-14 20:08:35,clusterA,0,4,1,3,0.21,0.13,0.0,0.87,0.13,0.0
2026-01-14 20:08:35,clusterB,0,4,0,4,0.0,0.9,0.0,0.09999999999999998,0.9,0.0
2026-01-14 20:08:40,clusterA,0,4,1,3,0.21,0.13,0.0,0.87,0.13,0.0
2026-01-14 20:08:40,clusterB,0,4,0,4,0.0,0.89,0.0,0.10999999999999999,0.89,0.0
2026-01-14 20:08:45,clusterA,0,4,1,3,0.21,0.13,0.0,0.87,0.13,0.0
2026-01-14 20:08:45,clusterB,0,4,0,4,0.0,0.9,0.0,0.09999999999999998,0.9,0.0
2026-01-14 20:08:50,clusterA,0,4,1,3,0.21,0.13,0.0,0.87,0.13,0.0
2026-01-14 20:08:50,clusterB,0,4,0,4,0.0,0.9,0.0,0.09999999999999998,0.9,0.0
2026-01-14 20:08:55,clusterA,0,4,1,3,0.21,0.13,0.0,0.87,0.13,0.0
2026-01-14 20:08:55,clusterB,0,4,0,4,0.0,0.9,0.0,0.09999999999999998,0.9,0.0
2026-01-14 20:09:00,clusterA,0,4,1,3,0.21,0.13,0.0,0.87,0.13,0.0
2026-01-14 20:09:00,clusterB,0,4,0,4,0.0,0.9,0.0,0.09999999999999998,0.9,0.0
2026-01-14 20:09:05,clusterA,0,4,1,3,0.21,0.13,0.0,0.87,0.13,0.0
2026-01-14 20:09:05,clusterB,0,4,0,4,0.0,0.9,0.0,0.09999999999999998,0.9,0.0
2026-01-14 20:09:10,clusterA,0,4,1,3,0.21,0.13,0.0,0.87,0.13,0.0
2026-01-14 20:09:10,clusterB,0,4,0,4,0.0,0.9,0.0,0.09999999999999998,0.9,0.0
2026-01-14 20:09:15,clusterA,0,4,1,3,0.21,0.13,0.0,0.87,0.13,0.0
2026-01-14 20:09:15,clusterB,0,4,0,4,0.0,0.9,0.0,0.09999999999999998,0.9,0.0
2026-01-14 20:09:20,clusterA,0,4,1,3,0.23,0.13,0.0,0.87,0.13,0.0
2026-01-14 20:09:20,clusterB,0,4,0,4,0.0,0.9,0.0,0.09999999999999998,0.9,0.0
2026-01-14 20:09:25,clusterA,0,4,1,3,0.23,0.13,0.0,0.87,0.13,0.0
2026-01-14 20:09:25,clusterB,0,4,0,4,0.0,0.9,0.0,0.09999999999999998,0.9,0.0
2026-01-14 20:09:30,clusterA,0,4,1,3,0.23,0.13,0.0,0.87,0.13,0.0
2026-01-14 20:09:30,clusterB,0,4,0,4,0.0,0.9,0.0,0.09999999999999998,0.9,0.0
2026-01-14 20:09:35,clusterA,0,4,1,3,0.23,0.13,0.0,0.87,0.13,0.0
2026-01-14 20:09:35,clusterB,0,4,0,4,0.0,0.9,0.0,0.09999999999999998,0.9,0.0
2026-01-14 20:09:40,clusterA,0,4,1,3,0.23,0.13,0.0,0.87,0.13,0.0
2026-01-14 20:09:40,clusterB,0,4,0,4,0.0,0.9,0.0,0.09999999999999998,0.9,0.0
2026-01-14 20:09:45,clusterA,0,4,1,3,0.23,0.13,0.0,0.87,0.13,0.0
2026-01-14 20:09:45,clusterB,0,4,0,4,0.0,0.9,0.0,0.09999999999999998,0.9,0.0
2026-01-14 20:09:50,clusterA,0,4,1,3,0.22,0.13,0.0,0.87,0.13,0.0
2026-01-14 20:09:50,clusterB,0,4,0,4,0.0,0.9,0.0,0.09999999999999998,0.9,0.0
2026-01-14 20:09:55,clusterA,0,4,1,3,0.23,0.13,0.0,0.87,0.13,0.0
2026-01-14 20:09:55,clusterB,0,4,0,4,0.0,0.9,0.0,0.09999999999999998,0.9,0.0
2026-01-14 20:10:00,clusterA,0,4,1,3,0.23,0.13,0.0,0.87,0.13,0.0
2026-01-14 20:10:00,clusterB,0,4,0,4,0.0,0.9,0.0,0.09999999999999998,0.9,0.0
2026-01-14 20:10:05,clusterA,0,4,1,3,0.23,0.13,0.0,0.87,0.13,0.0
2026-01-14 20:10:05,clusterB,0,4,0,4,0.0,0.9,0.0,0.09999999999999998,0.9,0.0
2026-01-14 20:10:10,clusterA,0,4,1,3,0.23,0.13,0.0,0.87,0.13,0.0
2026-01-14 20:10:10,clusterB,0,4,0,4,0.0,0.9,0.0,0.09999999999999998,0.9,0.0
2026-01-14 20:10:15,clusterA,0,4,1,3,0.23,0.13,0.0,0.87,0.13,0.0
2026-01-14 20:10:15,clusterB,0,4,0,4,0.0,0.9,0.0,0.09999999999999998,0.9,0.0
2026-01-14 20:10:20,clusterA,0,4,1,3,0.23,0.13,0.0,0.87,0.13,0.0
2026-01-14 20:10:20,clusterB,0,4,0,4,0.0,0.9,0.0,0.09999999999999998,0.9,0.0
2026-01-14 20:10:25,clusterA,0,4,1,3,0.23,0.13,0.0,0.87,0.13,0.0
2026-01-14 20:10:25,clusterB,0,4,0,4,0.0,0.9,0.0,0.09999999999999998,0.9,0.0
2026-01-14 20:10:30,clusterA,0,4,1,3,0.23,0.13,0.0,0.87,0.13,0.0
2026-01-14 20:10:30,clusterB,0,4,0,4,0.0,0.9,0.0,0.09999999999999998,0.9,0.0
2026-01-14 20:10:35,clusterA,0,4,1,3,0.23,0.13,0.0,0.87,0.13,0.0
2026-01-14 20:10:35,clusterB,0,4,0,4,0.0,0.9,0.0,0.09999999999999998,0.9,0.0
2026-01-14 20:10:40,clusterA,0,4,1,3,0.23,0.13,0.0,0.87,0.13,0.0
2026-01-14 20:10:40,clusterB,0,4,0,4,0.0,0.9,0.0,0.09999999999999998,0.9,0.0
2026-01-14 20:10:45,clusterA,0,4,1,3,0.23,0.13,0.0,0.87,0.13,0.0
2026-01-14 20:10:45,clusterB,0,4,0,4,0.0,0.9,0.0,0.09999999999999998,0.9,0.0
2026-01-14 20:10:50,clusterA,0,4,1,3,0.23,0.13,0.0,0.87,0.13,0.0
2026-01-14 20:10:50,clusterB,0,4,0,4,0.0,0.9,0.0,0.09999999999999998,0.9,0.0
2026-01-14 20:10:55,clusterA,0,4,1,3,0.22,0.13,0.0,0.87,0.13,0.0
2026-01-14 20:10:55,clusterB,0,4,0,4,0.0,0.9,0.0,0.09999999999999998,0.9,0.0
2026-01-14 20:11:00,clusterA,0,4,1,3,0.22,0.13,0.0,0.87,0.13,0.0
2026-01-14 20:11:00,clusterB,0,4,0,4,0.0,0.9,0.0,0.09999999999999998,0.9,0.0
2026-01-14 20:11:05,clusterA,0,4,1,3,0.22,0.13,0.0,0.87,0.13,0.0
2026-01-14 20:11:05,clusterB,0,4,0,4,0.0,0.9,0.0,0.09999999999999998,0.9,0.0
2026-01-14 20:11:10,clusterA,0,4,1,3,0.22,0.13,0.0,0.87,0.13,0.0
2026-01-14 20:11:10,clusterB,0,4,0,4,0.0,0.9,0.0,0.09999999999999998,0.9,0.0
2026-01-14 20:11:15,clusterA,0,4,1,3,0.22,0.13,0.0,0.87,0.13,0.0
2026-01-14 20:11:15,clusterB,0,4,0,4,0.0,0.9,0.0,0.09999999999999998,0.9,0.0
2026-01-14 20:11:20,clusterA,0,4,1,3,0.22,0.13,0.0,0.87,0.13,0.0
2026-01-14 20:11:20,clusterB,0,4,0,4,0.0,0.9,0.0,0.09999999999999998,0.9,0.0
2026-01-14 20:11:25,clusterA,0,4,1,3,0.22,0.13,0.0,0.87,0.13,0.0
2026-01-14 20:11:25,clusterB,0,4,0,4,0.0,0.9,0.0,0.09999999999999998,0.9,0.0
2026-01-14 20:11:30,clusterA,0,4,1,3,0.22,0.13,0.0,0.87,0.13,0.0
2026-01-14 20:11:30,clusterB,0,4,0,4,0.0,0.9,0.0,0.09999999999999998,0.9,0.0
2026-01-14 20:11:35,clusterA,0,4,1,3,0.22,0.13,0.0,0.87,0.13,0.0
2026-01-14 20:11:35,clusterB,0,4,0,4,0.0,0.9,0.0,0.09999999999999998,0.9,0.0
2026-01-14 20:11:40,clusterA,0,4,1,3,0.22,0.13,0.0,0.87,0.13,0.0
2026-01-14 20:11:40,clusterB,0,4,0,4,0.0,0.9,0.0,0.09999999999999998,0.9,0.0
2026-01-14 20:11:45,clusterA,0,4,1,3,0.22,0.13,0.0,0.87,0.13,0.0
2026-01-14 20:11:45,clusterB,0,4,0,4,0.0,0.9,0.0,0.09999999999999998,0.9,0.0
2026-01-14 20:11:50,clusterA,0,4,1,3,0.23,0.13,0.0,0.87,0.13,0.0
2026-01-14 20:11:50,clusterB,0,4,0,4,0.0,0.9,0.0,0.09999999999999998,0.9,0.0
2026-01-14 20:11:55,clusterA,0,4,1,3,0.22,0.13,0.0,0.87,0.13,0.0
2026-01-14 20:11:55,clusterB,0,4,0,4,0.0,0.9,0.0,0.09999999999999998,0.9,0.0
2026-01-14 20:12:00,clusterA,0,4,1,3,0.23,0.13,0.0,0.87,0.13,0.0
2026-01-14 20:12:00,clusterB,0,4,0,4,0.0,0.9,0.0,0.09999999999999998,0.9,0.0
2026-01-14 20:12:05,clusterA,0,4,1,3,0.23,0.13,0.0,0.87,0.13,0.0
2026-01-14 20:12:05,clusterB,0,4,0,4,0.0,0.9,0.0,0.09999999999999998,0.9,0.0
2026-01-14 20:12:10,clusterA,0,4,1,3,0.23,0.13,0.0,0.87,0.13,0.0
2026-01-14 20:12:10,clusterB,0,4,0,4,0.0,0.9,0.0,0.09999999999999998,0.9,0.0
2026-01-14 20:12:15,clusterA,0,4,1,3,0.23,0.13,0.0,0.87,0.13,0.0
2026-01-14 20:12:15,clusterB,0,4,0,4,0.0,0.9,0.0,0.09999999999999998,0.9,0.0
2026-01-14 20:12:20,clusterA,0,4,1,3,0.23,0.13,0.0,0.87,0.13,0.0
2026-01-14 20:12:20,clusterB,0,4,0,4,0.0,0.9,0.0,0.09999999999999998,0.9,0.0
2026-01-14 20:12:25,clusterA,0,4,1,3,0.23,0.13,0.0,0.87,0.13,0.0
2026-01-14 20:12:25,clusterB,0,4,0,4,0.0,0.9,0.0,0.09999999999999998,0.9,0.0
2026-01-14 20:12:30,clusterA,0,4,1,3,0.23,0.13,0.0,0.87,0.13,0.0
2026-01-14 20:12:30,clusterB,0,4,0,4,0.0,0.9,0.0,0.09999999999999998,0.9,0.0
2026-01-14 20:12:35,clusterA,0,4,1,3,0.23,0.13,0.0,0.87,0.13,0.0
2026-01-14 20:12:35,clusterB,0,4,0,4,0.0,0.9,0.0,0.09999999999999998,0.9,0.0
2026-01-14 20:12:40,clusterA,0,4,1,3,0.23,0.13,0.0,0.87,0.13,0.0
2026-01-14 20:12:40,clusterB,0,4,0,4,0.0,0.9,0.0,0.09999999999999998,0.9,0.0
2026-01-14 20:12:45,clusterA,0,4,1,3,0.23,0.13,0.0,0.87,0.13,0.0
2026-01-14 20:12:45,clusterB,0,4,0,4,0.0,0.9,0.0,0.09999999999999998,0.9,0.0
2026-01-14 20:12:50,clusterA,0,4,1,3,0.23,0.13,0.0,0.87,0.13,0.0
2026-01-14 20:12:50,clusterB,0,4,0,4,0.0,0.9,0.0,0.09999999999999998,0.9,0.0
2026-01-14 20:12:55,clusterA,0,4,1,3,0.23,0.13,0.0,0.87,0.13,0.0
2026-01-14 20:12:55,clusterB,0,4,0,4,0.0,0.9,0.0,0.09999999999999998,0.9,0.0
2026-01-14 20:13:00,clusterA,0,4,1,3,0.23,0.13,0.0,0.87,0.13,0.0
2026-01-14 20:13:00,clusterB,0,4,0,4,0.0,0.9,0.0,0.09999999999999998,0.9,0.0
2026-01-14 20:13:05,clusterA,0,4,1,3,0.23,0.13,0.0,0.87,0.13,0.0
2026-01-14 20:13:05,clusterB,0,4,0,4,0.0,0.9,0.0,0.09999999999999998,0.9,0.0
2026-01-14 20:13:10,clusterA,0,4,1,3,0.23,0.13,0.0,0.87,0.13,0.0
2026-01-14 20:13:10,clusterB,0,4,0,4,0.0,0.9,0.0,0.09999999999999998,0.9,0.0
2026-01-14 20:13:15,clusterA,0,4,1,3,0.23,0.13,0.0,0.87,0.13,0.0
2026-01-14 20:13:15,clusterB,0,4,0,4,0.0,0.9,0.0,0.09999999999999998,0.9,0.0
2026-01-14 20:13:20,clusterA,0,4,1,3,0.23,0.13,0.0,0.87,0.13,0.0
2026-01-14 20:13:20,clusterB,0,4,0,4,0.0,0.9,0.0,0.09999999999999998,0.9,0.0
2026-01-14 20:13:25,clusterA,0,4,1,3,0.23,0.13,0.0,0.87,0.13,0.0
2026-01-14 20:13:25,clusterB,0,4,0,4,0.0,0.9,0.0,0.09999999999999998,0.9,0.0
2026-01-14 20:13:30,clusterA,0,4,1,3,0.23,0.13,0.0,0.87,0.13,0.0
2026-01-14 20:13:30,clusterB,0,4,0,4,0.0,0.9,0.0,0.09999999999999998,0.9,0.0
2026-01-14 20:13:35,clusterA,0,4,1,3,0.23,0.13,0.0,0.87,0.13,0.0
2026-01-14 20:13:35,clusterB,0,4,0,4,0.0,0.9,0.0,0.09999999999999998,0.9,0.0
2026-01-14 20:13:40,clusterA,0,4,1,3,0.23,0.13,0.0,0.87,0.13,0.0
2026-01-14 20:13:40,clusterB,0,4,0,4,0.0,0.9,0.0,0.09999999999999998,0.9,0.0
2026-01-14 20:13:45,clusterA,0,4,1,3,0.23,0.13,0.0,0.87,0.13,0.0
2026-01-14 20:13:45,clusterB,0,4,0,4,0.0,0.9,0.0,0.09999999999999998,0.9,0.0
2026-01-14 20:13:50,clusterA,0,4,1,3,0.21,0.13,0.0,0.87,0.13,0.0
2026-01-14 20:13:50,clusterB,0,4,0,4,0.0,0.9,0.0,0.09999999999999998,0.9,0.0
2026-01-14 20:13:55,clusterA,0,4,1,3,0.21,0.13,0.0,0.87,0.13,0.0
2026-01-14 20:13:55,clusterB,0,4,0,4,0.0,0.9,0.0,0.09999999999999998,0.9,0.0
2026-01-14 20:14:00,clusterA,0,4,1,3,0.21,0.13,0.0,0.87,0.13,0.0
2026-01-14 20:14:00,clusterB,0,4,0,4,0.0,0.9,0.0,0.09999999999999998,0.9,0.0
2026-01-14 20:14:05,clusterA,0,4,1,3,0.21,0.13,0.0,0.87,0.13,0.0
2026-01-14 20:14:05,clusterB,0,4,0,4,0.0,0.9,0.0,0.09999999999999998,0.9,0.0
2026-01-14 20:14:10,clusterA,0,4,1,3,0.21,0.13,0.0,0.87,0.13,0.0
2026-01-14 20:14:10,clusterB,0,4,0,4,0.0,0.9,0.0,0.09999999999999998,0.9,0.0
2026-01-14 20:14:15,clusterA,0,4,1,3,0.21,0.13,0.0,0.87,0.13,0.0
2026-01-14 20:14:15,clusterB,0,4,0,4,0.0,0.9,0.0,0.09999999999999998,0.9,0.0
2026-01-14 20:14:20,clusterA,0,4,1,3,0.21,0.13,0.0,0.87,0.13,0.0
2026-01-14 20:14:20,clusterB,0,4,0,4,0.0,0.9,0.0,0.09999999999999998,0.9,0.0
2026-01-14 20:14:25,clusterA,0,4,1,3,0.21,0.13,0.0,0.87,0.13,0.0
2026-01-14 20:14:25,clusterB,0,4,0,4,0.0,0.9,0.0,0.09999999999999998,0.9,0.0
2026-01-14 20:14:30,clusterA,0,4,1,3,0.2,0.13,0.0,0.87,0.13,0.0
2026-01-14 20:14:30,clusterB,0,4,0,4,0.0,0.9,0.0,0.09999999999999998,0.9,0.0
2026-01-14 20:14:35,clusterA,0,4,1,3,0.2,0.13,0.0,0.87,0.13,0.0
2026-01-14 20:14:35,clusterB,0,4,0,4,0.0,0.9,0.0,0.09999999999999998,0.9,0.0
2026-01-14 20:14:40,clusterA,0,4,1,3,0.2,0.12,0.0,0.88,0.12,0.0
2026-01-14 20:14:40,clusterB,0,4,0,4,0.0,0.9,0.0,0.09999999999999998,0.9,0.0
2026-01-14 20:14:45,clusterA,0,4,1,3,0.2,0.12,0.0,0.88,0.12,0.0
2026-01-14 20:14:45,clusterB,0,4,0,4,0.0,0.9,0.0,0.09999999999999998,0.9,0.0
2026-01-14 20:14:50,clusterA,0,4,1,3,0.22,0.13,0.0,0.87,0.13,0.0
2026-01-14 20:14:50,clusterB,0,4,0,4,0.0,0.9,0.0,0.09999999999999998,0.9,0.0
2026-01-14 20:14:55,clusterA,0,4,1,3,0.22,0.13,0.0,0.87,0.13,0.0
2026-01-14 20:14:55,clusterB,0,4,0,4,0.0,0.89,0.0,0.10999999999999999,0.89,0.0
2026-01-14 20:15:00,clusterA,0,4,1,3,0.22,0.13,0.0,0.87,0.13,0.0
2026-01-14 20:15:00,clusterB,0,4,0,4,0.0,0.89,0.0,0.10999999999999999,0.89,0.0
2026-01-14 20:15:05,clusterA,0,4,1,3,0.22,0.13,0.0,0.87,0.13,0.0
2026-01-14 20:15:05,clusterB,0,4,0,4,0.0,0.89,0.0,0.10999999999999999,0.89,0.0
2026-01-14 20:15:10,clusterA,0,4,1,3,0.22,0.13,0.0,0.87,0.13,0.0
2026-01-14 20:15:10,clusterB,0,4,0,4,0.0,0.89,0.0,0.10999999999999999,0.89,0.0
2026-01-14 20:15:15,clusterA,0,4,1,3,0.22,0.13,0.0,0.87,0.13,0.0
2026-01-14 20:15:15,clusterB,0,4,0,4,0.0,0.89,0.0,0.10999999999999999,0.89,0.0
2026-01-14 20:15:20,clusterA,0,4,1,3,0.23,0.13,0.0,0.87,0.13,0.0
2026-01-14 20:15:20,clusterB,0,4,0,4,0.0,0.89,0.0,0.10999999999999999,0.89,0.0
2026-01-14 20:15:25,clusterA,0,4,1,3,0.23,0.13,0.0,0.87,0.13,0.0
2026-01-14 20:15:25,clusterB,0,4,0,4,0.0,0.89,0.0,0.10999999999999999,0.89,0.0
2026-01-14 20:15:30,clusterA,0,4,1,3,0.23,0.13,0.0,0.87,0.13,0.0
2026-01-14 20:15:30,clusterB,0,4,0,4,0.0,0.89,0.0,0.10999999999999999,0.89,0.0
2026-01-14 20:15:35,clusterA,0,4,1,3,0.23,0.13,0.0,0.87,0.13,0.0
2026-01-14 20:15:35,clusterB,0,4,0,4,0.0,0.89,0.0,0.10999999999999999,0.89,0.0
2026-01-14 20:15:40,clusterA,0,4,1,3,0.23,0.13,0.0,0.87,0.13,0.0
2026-01-14 20:15:40,clusterB,0,4,0,4,0.0,0.89,0.0,0.10999999999999999,0.89,0.0
2026-01-14 20:15:45,clusterA,0,4,1,3,0.23,0.13,0.0,0.87,0.13,0.0
2026-01-14 20:15:45,clusterB,0,4,0,4,0.0,0.89,0.0,0.10999999999999999,0.89,0.0
2026-01-14 20:15:50,clusterA,0,4,1,3,0.23,0.13,0.0,0.87,0.13,0.0
2026-01-14 20:15:50,clusterB,0,4,0,4,0.0,0.89,0.0,0.10999999999999999,0.89,0.0
2026-01-14 20:15:55,clusterA,0,4,1,3,0.24,0.13,0.0,0.87,0.13,0.0
2026-01-14 20:15:55,clusterB,0,4,0,4,0.0,0.89,0.0,0.10999999999999999,0.89,0.0
2026-01-14 20:16:00,clusterA,0,4,1,3,0.24,0.13,0.0,0.87,0.13,0.0
2026-01-14 20:16:00,clusterB,0,4,0,4,0.0,0.89,0.0,0.10999999999999999,0.89,0.0
2026-01-14 20:16:05,clusterA,0,4,1,3,0.24,0.13,0.0,0.87,0.13,0.0
2026-01-14 20:16:05,clusterB,0,4,0,4,0.0,0.89,0.0,0.10999999999999999,0.89,0.0
2026-01-14 20:16:10,clusterA,0,4,1,3,0.24,0.13,0.0,0.87,0.13,0.0
2026-01-14 20:16:10,clusterB,0,4,0,4,0.0,0.89,0.0,0.10999999999999999,0.89,0.0
2026-01-14 20:16:15,clusterA,0,4,1,3,0.24,0.13,0.0,0.87,0.13,0.0
2026-01-14 20:16:15,clusterB,0,4,0,4,0.0,0.89,0.0,0.10999999999999999,0.89,0.0
2026-01-14 20:16:20,clusterA,0,4,1,3,0.23,0.13,0.0,0.87,0.13,0.0
2026-01-14 20:16:20,clusterB,0,4,0,4,0.0,0.89,0.0,0.10999999999999999,0.89,0.0
2026-01-14 20:16:25,clusterA,0,4,1,3,0.23,0.13,0.0,0.87,0.13,0.0
2026-01-14 20:16:25,clusterB,0,4,0,4,0.0,0.89,0.0,0.10999999999999999,0.89,0.0
2026-01-14 20:16:30,clusterA,0,4,1,3,0.23,0.13,0.0,0.87,0.13,0.0
2026-01-14 20:16:30,clusterB,0,4,0,4,0.0,0.89,0.0,0.10999999999999999,0.89,0.0
2026-01-14 20:16:35,clusterA,0,4,1,3,0.23,0.13,0.0,0.87,0.13,0.0
2026-01-14 20:16:35,clusterB,0,4,0,4,0.0,0.89,0.0,0.10999999999999999,0.89,0.0
2026-01-14 20:16:40,clusterA,0,4,1,3,0.23,0.13,0.0,0.87,0.13,0.0
2026-01-14 20:16:40,clusterB,0,4,0,4,0.0,0.89,0.0,0.10999999999999999,0.89,0.0
2026-01-14 20:16:45,clusterA,0,4,1,3,0.23,0.13,0.0,0.87,0.13,0.0
2026-01-14 20:16:45,clusterB,0,4,0,4,0.0,0.89,0.0,0.10999999999999999,0.89,0.0
2026-01-14 20:16:50,clusterA,0,4,1,3,0.23,0.13,0.0,0.87,0.13,0.0
2026-01-14 20:16:50,clusterB,0,4,0,4,0.0,0.89,0.0,0.10999999999999999,0.89,0.0
2026-01-14 20:16:55,clusterA,0,4,1,3,0.22,0.12,0.0,0.88,0.12,0.0
2026-01-14 20:16:55,clusterB,0,4,0,4,0.0,0.9,0.0,0.09999999999999998,0.9,0.0
2026-01-14 20:17:00,clusterA,0,4,1,3,0.22,0.12,0.0,0.88,0.12,0.0
2026-01-14 20:17:00,clusterB,0,4,0,4,0.0,0.9,0.0,0.09999999999999998,0.9,0.0
2026-01-14 20:17:05,clusterA,0,4,1,3,0.22,0.12,0.0,0.88,0.12,0.0
2026-01-14 20:17:05,clusterB,0,4,0,4,0.0,0.9,0.0,0.09999999999999998,0.9,0.0
2026-01-14 20:17:10,clusterA,0,4,1,3,0.22,0.12,0.0,0.88,0.12,0.0
2026-01-14 20:17:10,clusterB,0,4,0,4,0.0,0.9,0.0,0.09999999999999998,0.9,0.0
2026-01-14 20:17:15,clusterA,0,4,1,3,0.22,0.12,0.0,0.88,0.12,0.0
2026-01-14 20:17:15,clusterB,0,4,0,4,0.0,0.9,0.0,0.09999999999999998,0.9,0.0
2026-01-14 20:17:20,clusterA,0,4,1,3,0.21,0.12,0.0,0.88,0.12,0.0
2026-01-14 20:17:20,clusterB,0,4,0,4,0.0,0.9,0.0,0.09999999999999998,0.9,0.0
2026-01-14 20:17:25,clusterA,0,4,1,3,0.21,0.12,0.0,0.88,0.12,0.0
2026-01-14 20:17:25,clusterB,0,4,0,4,0.0,0.9,0.0,0.09999999999999998,0.9,0.0
2026-01-14 20:17:31,clusterA,0,4,1,3,0.21,0.12,0.0,0.88,0.12,0.0
2026-01-14 20:17:31,clusterB,0,4,0,4,0.0,0.9,0.0,0.09999999999999998,0.9,0.0
2026-01-14 20:17:36,clusterA,0,4,1,3,0.21,0.12,0.0,0.88,0.12,0.0
2026-01-14 20:17:36,clusterB,0,4,0,4,0.0,0.9,0.0,0.09999999999999998,0.9,0.0
2026-01-14 20:17:41,clusterA,0,4,1,3,0.21,0.12,0.0,0.88,0.12,0.0
2026-01-14 20:17:41,clusterB,0,4,0,4,0.0,0.9,0.0,0.09999999999999998,0.9,0.0
2026-01-14 20:17:46,clusterA,0,4,1,3,0.21,0.12,0.0,0.88,0.12,0.0
2026-01-14 20:17:46,clusterB,0,4,0,4,0.0,0.9,0.0,0.09999999999999998,0.9,0.0
2026-01-14 20:17:51,clusterA,0,4,1,3,0.21,0.12,0.0,0.88,0.12,0.0
2026-01-14 20:17:51,clusterB,0,4,0,4,0.0,0.9,0.0,0.09999999999999998,0.9,0.0
2026-01-14 20:17:56,clusterA,0,4,1,3,0.21,0.12,0.0,0.88,0.12,0.0
2026-01-14 20:17:56,clusterB,0,4,0,4,0.0,0.9,0.0,0.09999999999999998,0.9,0.0
2026-01-14 20:18:01,clusterA,0,4,1,3,0.21,0.12,0.0,0.88,0.12,0.0
2026-01-14 20:18:01,clusterB,0,4,0,4,0.0,0.9,0.0,0.09999999999999998,0.9,0.0
2026-01-14 20:18:06,clusterA,0,4,1,3,0.22,0.12,0.0,0.88,0.12,0.0
2026-01-14 20:18:06,clusterB,0,4,0,4,0.0,0.9,0.0,0.09999999999999998,0.9,0.0
2026-01-14 20:18:11,clusterA,0,4,1,3,0.22,0.12,0.0,0.88,0.12,0.0
2026-01-14 20:18:11,clusterB,0,4,0,4,0.0,0.9,0.0,0.09999999999999998,0.9,0.0
2026-01-14 20:18:16,clusterA,0,4,1,3,0.22,0.12,0.0,0.88,0.12,0.0
2026-01-14 20:18:16,clusterB,0,4,0,4,0.0,0.9,0.0,0.09999999999999998,0.9,0.0
2026-01-14 20:18:21,clusterA,0,4,1,3,0.22,0.12,0.0,0.88,0.12,0.0
2026-01-14 20:18:21,clusterB,0,4,0,4,0.0,0.9,0.0,0.09999999999999998,0.9,0.0
2026-01-14 20:18:26,clusterA,0,4,1,3,0.22,0.13,0.0,0.87,0.13,0.0
2026-01-14 20:18:26,clusterB,0,4,0,4,0.0,0.9,0.0,0.09999999999999998,0.9,0.0
2026-01-14 20:18:31,clusterA,0,4,1,3,0.23,0.13,0.0,0.87,0.13,0.0
2026-01-14 20:18:31,clusterB,0,4,0,4,0.0,0.9,0.0,0.09999999999999998,0.9,0.0
2026-01-14 20:18:36,clusterA,0,4,1,3,0.23,0.13,0.0,0.87,0.13,0.0
2026-01-14 20:18:36,clusterB,0,4,0,4,0.0,0.9,0.0,0.09999999999999998,0.9,0.0
2026-01-14 20:18:41,clusterA,0,4,1,3,0.23,0.13,0.0,0.87,0.13,0.0
2026-01-14 20:18:41,clusterB,0,4,0,4,0.0,0.9,0.0,0.09999999999999998,0.9,0.0
2026-01-14 20:18:46,clusterA,0,4,1,3,0.23,0.13,0.0,0.87,0.13,0.0
2026-01-14 20:18:46,clusterB,0,4,0,4,0.0,0.9,0.0,0.09999999999999998,0.9,0.0
2026-01-14 20:18:51,clusterA,0,4,1,3,0.23,0.13,0.0,0.87,0.13,0.0
2026-01-14 20:18:51,clusterB,0,4,0,4,0.0,0.86,0.0,0.14,0.86,0.0
2026-01-14 20:18:56,clusterA,0,4,1,3,0.23,0.13,0.0,0.87,0.13,0.0
2026-01-14 20:18:56,clusterB,0,4,0,4,0.0,0.86,0.0,0.14,0.86,0.0
2026-01-14 20:19:01,clusterA,0,4,1,3,0.23,0.13,0.0,0.87,0.13,0.0
2026-01-14 20:19:01,clusterB,0,4,0,4,0.0,0.86,0.0,0.14,0.86,0.0
2026-01-14 20:19:06,clusterA,0,4,1,3,0.23,0.13,0.0,0.87,0.13,0.0
2026-01-14 20:19:06,clusterB,0,4,0,4,0.0,0.85,0.0,0.15000000000000002,0.85,0.0
2026-01-14 20:19:11,clusterA,0,4,1,3,0.23,0.13,0.0,0.87,0.13,0.0
2026-01-14 20:19:11,clusterB,0,4,0,4,0.0,0.85,0.0,0.15000000000000002,0.85,0.0
2026-01-14 20:19:16,clusterA,0,4,1,3,0.23,0.13,0.0,0.87,0.13,0.0
2026-01-14 20:19:16,clusterB,0,4,0,4,0.0,0.85,0.0,0.15000000000000002,0.85,0.0
2026-01-14 20:19:21,clusterA,0,4,1,3,0.23,0.13,0.0,0.87,0.13,0.0
2026-01-14 20:19:21,clusterB,0,4,0,4,0.0,0.85,0.0,0.15000000000000002,0.85,0.0
2026-01-14 20:19:26,clusterA,0,4,1,3,0.23,0.13,0.0,0.87,0.13,0.0
2026-01-14 20:19:26,clusterB,0,4,0,4,0.0,0.85,0.0,0.15000000000000002,0.85,0.0
2026-01-14 20:19:31,clusterA,0,4,1,3,0.23,0.13,0.0,0.87,0.13,0.0
2026-01-14 20:19:31,clusterB,0,4,0,4,0.0,0.85,0.0,0.15000000000000002,0.85,0.0
2026-01-14 20:19:36,clusterA,0,4,1,3,0.23,0.13,0.0,0.87,0.13,0.0
2026-01-14 20:19:36,clusterB,0,4,0,4,0.0,0.85,0.0,0.15000000000000002,0.85,0.0
2026-01-14 20:19:41,clusterA,0,4,1,3,0.23,0.13,0.0,0.87,0.13,0.0
2026-01-14 20:19:41,clusterB,0,4,0,4,0.0,0.85,0.0,0.15000000000000002,0.85,0.0
2026-01-14 20:19:46,clusterA,0,4,1,3,0.23,0.13,0.0,0.87,0.13,0.0
2026-01-14 20:19:46,clusterB,0,4,0,4,0.0,0.85,0.0,0.15000000000000002,0.85,0.0
2026-01-14 20:19:51,clusterA,0,4,1,3,0.23,0.13,0.0,0.87,0.13,0.0
2026-01-14 20:19:51,clusterB,0,4,0,4,0.0,0.85,0.0,0.15000000000000002,0.85,0.0
2026-01-14 20:19:56,clusterA,0,4,1,3,0.23,0.13,0.0,0.87,0.13,0.0
2026-01-14 20:19:56,clusterB,0,4,0,4,0.0,0.85,0.0,0.15000000000000002,0.85,0.0
2026-01-14 20:20:01,clusterA,0,4,1,3,0.23,0.13,0.0,0.87,0.13,0.0
2026-01-14 20:20:01,clusterB,0,4,0,4,0.0,0.85,0.0,0.15000000000000002,0.85,0.0
2026-01-14 20:20:06,clusterA,0,4,1,3,0.23,0.13,0.0,0.87,0.13,0.0
2026-01-14 20:20:06,clusterB,0,4,0,4,0.0,0.85,0.0,0.15000000000000002,0.85,0.0
2026-01-14 20:20:11,clusterA,0,4,1,3,0.23,0.13,0.0,0.87,0.13,0.0
2026-01-14 20:20:11,clusterB,0,4,0,4,0.0,0.85,0.0,0.15000000000000002,0.85,0.0
2026-01-14 20:20:16,clusterA,0,4,1,3,0.23,0.13,0.0,0.87,0.13,0.0
2026-01-14 20:20:16,clusterB,0,4,0,4,0.0,0.85,0.0,0.15000000000000002,0.85,0.0
2026-01-14 20:20:21,clusterA,0,4,1,3,0.23,0.13,0.0,0.87,0.13,0.0
2026-01-14 20:20:21,clusterB,0,4,0,4,0.0,0.85,0.0,0.15000000000000002,0.85,0.0
2026-01-14 20:20:26,clusterA,0,4,1,3,0.23,0.13,0.0,0.87,0.13,0.0
2026-01-14 20:20:26,clusterB,0,4,0,4,0.0,0.85,0.0,0.15000000000000002,0.85,0.0
2026-01-14 20:20:31,clusterA,0,4,1,3,0.23,0.13,0.0,0.87,0.13,0.0
2026-01-14 20:20:31,clusterB,0,4,0,4,0.0,0.85,0.0,0.15000000000000002,0.85,0.0
2026-01-14 20:20:36,clusterA,0,4,1,3,0.23,0.13,0.0,0.87,0.13,0.0
2026-01-14 20:20:36,clusterB,0,4,0,4,0.0,0.85,0.0,0.15000000000000002,0.85,0.0
2026-01-14 20:20:41,clusterA,0,4,1,3,0.23,0.13,0.0,0.87,0.13,0.0
2026-01-14 20:20:41,clusterB,0,4,0,4,0.0,0.85,0.0,0.15000000000000002,0.85,0.0
2026-01-14 20:20:46,clusterA,0,4,1,3,0.23,0.13,0.0,0.87,0.13,0.0
2026-01-14 20:20:46,clusterB,0,4,0,4,0.0,0.85,0.0,0.15000000000000002,0.85,0.0
2026-01-14 20:20:51,clusterA,0,4,1,3,0.23,0.13,0.0,0.87,0.13,0.0
2026-01-14 20:20:51,clusterB,0,4,0,4,0.0,0.84,0.0,0.16000000000000003,0.84,0.0
2026-01-14 20:20:56,clusterA,0,4,1,3,0.23,0.13,0.0,0.87,0.13,0.0
2026-01-14 20:20:56,clusterB,0,4,0,4,0.0,0.84,0.0,0.16000000000000003,0.84,0.0
2026-01-14 20:21:01,clusterA,0,4,1,3,0.23,0.13,0.0,0.87,0.13,0.0
2026-01-14 20:21:01,clusterB,0,4,0,4,0.0,0.85,0.0,0.15000000000000002,0.85,0.0
2026-01-14 20:21:06,clusterA,0,4,1,3,0.23,0.13,0.0,0.87,0.13,0.0
2026-01-14 20:21:06,clusterB,0,4,0,4,0.0,0.87,0.0,0.13,0.87,0.0
2026-01-14 20:21:11,clusterA,0,4,1,3,0.23,0.13,0.0,0.87,0.13,0.0
2026-01-14 20:21:11,clusterB,0,4,0,4,0.0,0.88,0.0,0.12,0.88,0.0
2026-01-14 20:21:16,clusterA,0,4,1,3,0.23,0.13,0.0,0.87,0.13,0.0
2026-01-14 20:21:16,clusterB,0,4,0,4,0.0,0.88,0.0,0.12,0.88,0.0
2026-01-14 20:21:21,clusterA,0,4,1,3,0.23,0.13,0.0,0.87,0.13,0.0
2026-01-14 20:21:21,clusterB,0,4,0,4,0.0,0.88,0.0,0.12,0.88,0.0
2026-01-14 20:21:26,clusterA,0,4,1,3,0.23,0.13,0.0,0.87,0.13,0.0
2026-01-14 20:21:26,clusterB,0,4,0,4,0.0,0.88,0.0,0.12,0.88,0.0
2026-01-14 20:21:31,clusterA,0,4,1,3,0.23,0.13,0.0,0.87,0.13,0.0
2026-01-14 20:21:31,clusterB,0,4,0,4,0.0,0.88,0.0,0.12,0.88,0.0
2026-01-14 20:21:36,clusterA,0,4,1,3,0.23,0.13,0.0,0.87,0.13,0.0
2026-01-14 20:21:36,clusterB,0,4,0,4,0.0,0.88,0.0,0.12,0.88,0.0
2026-01-14 20:21:41,clusterA,0,4,1,3,0.23,0.13,0.0,0.87,0.13,0.0
2026-01-14 20:21:41,clusterB,0,4,0,4,0.0,0.88,0.0,0.12,0.88,0.0
2026-01-14 20:21:46,clusterA,0,4,1,3,0.23,0.13,0.0,0.87,0.13,0.0
2026-01-14 20:21:46,clusterB,0,4,0,4,0.0,0.88,0.0,0.12,0.88,0.0
2026-01-14 20:21:51,clusterA,0,4,1,3,0.23,0.13,0.0,0.87,0.13,0.0
2026-01-14 20:21:51,clusterB,0,4,0,4,0.0,0.88,0.0,0.12,0.88,0.0
2026-01-14 20:21:56,clusterA,0,4,1,3,0.22,0.13,0.0,0.87,0.13,0.0
2026-01-14 20:21:56,clusterB,0,4,0,4,0.0,0.88,0.0,0.12,0.88,0.0
2026-01-14 20:22:01,clusterA,0,4,1,3,0.23,0.13,0.0,0.87,0.13,0.0
2026-01-14 20:22:01,clusterB,0,4,0,4,0.0,0.9,0.0,0.09999999999999998,0.9,0.0
2026-01-14 20:22:06,clusterA,0,4,1,3,0.23,0.13,0.0,0.87,0.13,0.0
2026-01-14 20:22:06,clusterB,0,4,0,4,0.0,0.9,0.0,0.09999999999999998,0.9,0.0
2026-01-14 20:22:11,clusterA,0,4,1,3,0.21,0.12,0.0,0.88,0.12,0.0
2026-01-14 20:22:11,clusterB,0,4,0,4,0.0,0.9,0.0,0.09999999999999998,0.9,0.0
2026-01-14 20:22:16,clusterA,0,4,1,3,0.2,0.12,0.0,0.88,0.12,0.0
2026-01-14 20:22:16,clusterB,0,4,0,4,0.0,0.9,0.0,0.09999999999999998,0.9,0.0
2026-01-14 20:22:21,clusterA,0,4,1,3,0.2,0.12,0.0,0.88,0.12,0.0
2026-01-14 20:22:21,clusterB,0,4,0,4,0.0,0.9,0.0,0.09999999999999998,0.9,0.0
2026-01-14 20:22:26,clusterA,0,4,1,3,0.2,0.12,0.0,0.88,0.12,0.0
2026-01-14 20:22:26,clusterB,0,4,0,4,0.0,0.9,0.0,0.09999999999999998,0.9,0.0
2026-01-14 20:22:31,clusterA,0,4,1,3,0.2,0.12,0.0,0.88,0.12,0.0
2026-01-14 20:22:31,clusterB,0,4,0,4,0.0,0.9,0.0,0.09999999999999998,0.9,0.0
2026-01-14 20:22:36,clusterA,0,4,1,3,0.2,0.12,0.0,0.88,0.12,0.0
2026-01-14 20:22:36,clusterB,0,4,0,4,0.0,0.9,0.0,0.09999999999999998,0.9,0.0
2026-01-14 20:22:41,clusterA,0,4,1,3,0.2,0.12,0.0,0.88,0.12,0.0
2026-01-14 20:22:41,clusterB,0,4,0,4,0.0,0.9,0.0,0.09999999999999998,0.9,0.0
2026-01-14 20:22:46,clusterA,0,4,1,3,0.2,0.12,0.0,0.88,0.12,0.0
2026-01-14 20:22:46,clusterB,0,4,0,4,0.0,0.9,0.0,0.09999999999999998,0.9,0.0
2026-01-14 20:22:51,clusterA,0,4,1,3,0.21,0.12,0.0,0.88,0.12,0.0
2026-01-14 20:22:51,clusterB,0,4,0,4,0.0,0.9,0.0,0.09999999999999998,0.9,0.0
2026-01-14 20:22:56,clusterA,0,4,1,3,0.21,0.12,0.0,0.88,0.12,0.0
2026-01-14 20:22:56,clusterB,0,4,0,4,0.0,0.9,0.0,0.09999999999999998,0.9,0.0
2026-01-14 20:23:01,clusterA,0,4,1,3,0.21,0.12,0.0,0.88,0.12,0.0
2026-01-14 20:23:01,clusterB,0,4,0,4,0.0,0.9,0.0,0.09999999999999998,0.9,0.0
2026-01-14 20:23:06,clusterA,0,4,1,3,0.21,0.12,0.0,0.88,0.12,0.0
2026-01-14 20:23:06,clusterB,0,4,0,4,0.0,0.9,0.0,0.09999999999999998,0.9,0.0
2026-01-14 20:23:11,clusterA,0,4,1,3,0.21,0.12,0.0,0.88,0.12,0.0
2026-01-14 20:23:11,clusterB,0,4,0,4,0.0,0.9,0.0,0.09999999999999998,0.9,0.0
2026-01-14 20:23:16,clusterA,0,4,1,3,0.22,0.13,0.0,0.87,0.13,0.0
2026-01-14 20:23:16,clusterB,0,4,0,4,0.0,0.9,0.0,0.09999999999999998,0.9,0.0
2026-01-14 20:23:21,clusterA,0,4,1,3,0.23,0.13,0.0,0.87,0.13,0.0
2026-01-14 20:23:21,clusterB,0,4,0,4,0.0,0.9,0.0,0.09999999999999998,0.9,0.0
2026-01-14 20:23:26,clusterA,0,4,1,3,0.22,0.13,0.0,0.87,0.13,0.0
2026-01-14 20:23:26,clusterB,0,4,0,4,0.0,0.9,0.0,0.09999999999999998,0.9,0.0
2026-01-14 20:23:31,clusterA,0,4,1,3,0.22,0.13,0.0,0.87,0.13,0.0
2026-01-14 20:23:31,clusterB,0,4,0,4,0.0,0.9,0.0,0.09999999999999998,0.9,0.0
2026-01-14 20:23:36,clusterA,0,4,1,3,0.23,0.13,0.0,0.87,0.13,0.0
2026-01-14 20:23:36,clusterB,0,4,0,4,0.0,0.9,0.0,0.09999999999999998,0.9,0.0
2026-01-14 20:23:41,clusterA,0,4,1,3,0.23,0.13,0.0,0.87,0.13,0.0
2026-01-14 20:23:41,clusterB,0,4,0,4,0.0,0.9,0.0,0.09999999999999998,0.9,0.0
2026-01-14 20:23:46,clusterA,0,4,1,3,0.22,0.13,0.0,0.87,0.13,0.0
2026-01-14 20:23:46,clusterB,0,4,0,4,0.0,0.9,0.0,0.09999999999999998,0.9,0.0
2026-01-14 20:23:51,clusterA,0,4,1,3,0.22,0.13,0.0,0.87,0.13,0.0
2026-01-14 20:23:51,clusterB,0,4,0,4,0.0,0.9,0.0,0.09999999999999998,0.9,0.0
2026-01-14 20:23:56,clusterA,0,4,1,3,0.22,0.13,0.0,0.87,0.13,0.0
2026-01-14 20:23:56,clusterB,0,4,0,4,0.0,0.9,0.0,0.09999999999999998,0.9,0.0
2026-01-14 20:24:01,clusterA,0,4,1,3,0.22,0.13,0.0,0.87,0.13,0.0
2026-01-14 20:24:01,clusterB,0,4,0,4,0.0,0.9,0.0,0.09999999999999998,0.9,0.0
2026-01-14 20:24:06,clusterA,0,4,1,3,0.22,0.13,0.0,0.87,0.13,0.0
2026-01-14 20:24:06,clusterB,0,4,0,4,0.0,0.9,0.0,0.09999999999999998,0.9,0.0
2026-01-14 20:24:11,clusterA,0,4,1,3,0.22,0.13,0.0,0.87,0.13,0.0
2026-01-14 20:24:11,clusterB,0,4,0,4,0.0,0.9,0.0,0.09999999999999998,0.9,0.0
2026-01-14 20:24:16,clusterA,0,4,1,3,0.22,0.13,0.0,0.87,0.13,0.0
2026-01-14 20:24:16,clusterB,0,4,0,4,0.0,0.9,0.0,0.09999999999999998,0.9,0.0
2026-01-14 20:24:21,clusterA,0,4,1,3,0.23,0.13,0.0,0.87,0.13,0.0
2026-01-14 20:24:21,clusterB,0,4,0,4,0.0,0.9,0.0,0.09999999999999998,0.9,0.0
2026-01-14 20:24:26,clusterA,0,4,1,3,0.23,0.13,0.0,0.87,0.13,0.0
2026-01-14 20:24:26,clusterB,0,4,0,4,0.0,0.9,0.0,0.09999999999999998,0.9,0.0
2026-01-14 20:24:31,clusterA,0,4,1,3,0.23,0.13,0.0,0.87,0.13,0.0
2026-01-14 20:24:31,clusterB,0,4,0,4,0.0,0.9,0.0,0.09999999999999998,0.9,0.0
2026-01-14 20:24:36,clusterA,0,4,1,3,0.23,0.13,0.0,0.87,0.13,0.0
2026-01-14 20:24:36,clusterB,0,4,0,4,0.0,0.9,0.0,0.09999999999999998,0.9,0.0
2026-01-14 20:24:41,clusterA,0,4,1,3,0.23,0.13,0.0,0.87,0.13,0.0
2026-01-14 20:24:41,clusterB,0,4,0,4,0.0,0.9,0.0,0.09999999999999998,0.9,0.0
2026-01-14 20:24:46,clusterA,0,4,1,3,0.23,0.13,0.0,0.87,0.13,0.0
2026-01-14 20:24:46,clusterB,0,4,0,4,0.0,0.9,0.0,0.09999999999999998,0.9,0.0
2026-01-14 20:24:51,clusterA,0,4,1,3,0.23,0.13,0.0,0.87,0.13,0.0
2026-01-14 20:24:51,clusterB,0,4,0,4,0.0,0.9,0.0,0.09999999999999998,0.9,0.0
2026-01-14 20:24:56,clusterA,0,4,1,3,0.23,0.13,0.0,0.87,0.13,0.0
2026-01-14 20:24:56,clusterB,0,4,0,4,0.0,0.9,0.0,0.09999999999999998,0.9,0.0
2026-01-14 20:25:01,clusterA,0,4,1,3,0.22,0.13,0.0,0.87,0.13,0.0
2026-01-14 20:25:01,clusterB,0,4,0,4,0.0,0.9,0.0,0.09999999999999998,0.9,0.0
2026-01-14 20:25:06,clusterA,0,4,1,3,0.22,0.13,0.0,0.87,0.13,0.0
2026-01-14 20:25:06,clusterB,0,4,0,4,0.0,0.9,0.0,0.09999999999999998,0.9,0.0
2026-01-14 20:25:11,clusterA,0,4,1,3,0.22,0.13,0.0,0.87,0.13,0.0
2026-01-14 20:25:11,clusterB,0,4,0,4,0.0,0.9,0.0,0.09999999999999998,0.9,0.0
2026-01-14 20:25:16,clusterA,0,4,1,3,0.22,0.13,0.0,0.87,0.13,0.0
2026-01-14 20:25:16,clusterB,0,4,0,4,0.0,0.9,0.0,0.09999999999999998,0.9,0.0
2026-01-14 20:25:21,clusterA,0,4,1,3,0.22,0.13,0.0,0.87,0.13,0.0
2026-01-14 20:25:21,clusterB,0,4,0,4,0.0,0.9,0.0,0.09999999999999998,0.9,0.0
2026-01-14 20:25:26,clusterA,0,4,1,3,0.22,0.13,0.0,0.87,0.13,0.0
2026-01-14 20:25:26,clusterB,0,4,0,4,0.0,0.9,0.0,0.09999999999999998,0.9,0.0
2026-01-14 20:25:31,clusterA,0,4,1,3,0.22,0.13,0.0,0.87,0.13,0.0
2026-01-14 20:25:31,clusterB,0,4,0,4,0.0,0.9,0.0,0.09999999999999998,0.9,0.0
2026-01-14 20:25:36,clusterA,0,4,1,3,0.22,0.13,0.0,0.87,0.13,0.0
2026-01-14 20:25:36,clusterB,0,4,0,4,0.0,0.9,0.0,0.09999999999999998,0.9,0.0
2026-01-14 20:25:41,clusterA,0,4,1,3,0.22,0.13,0.0,0.87,0.13,0.0
2026-01-14 20:25:41,clusterB,0,4,0,4,0.0,0.9,0.0,0.09999999999999998,0.9,0.0
2026-01-14 20:25:46,clusterA,0,4,1,3,0.22,0.13,0.0,0.87,0.13,0.0
2026-01-14 20:25:46,clusterB,0,4,0,4,0.0,0.9,0.0,0.09999999999999998,0.9,0.0
2026-01-14 20:25:51,clusterA,0,4,1,3,0.22,0.13,0.0,0.87,0.13,0.0
2026-01-14 20:25:51,clusterB,0,4,0,4,0.0,0.9,0.0,0.09999999999999998,0.9,0.0
2026-01-14 20:25:56,clusterA,0,4,1,3,0.22,0.13,0.0,0.87,0.13,0.0
2026-01-14 20:25:56,clusterB,0,4,0,4,0.0,0.9,0.0,0.09999999999999998,0.9,0.0
2026-01-14 20:26:01,clusterA,0,4,1,3,0.22,0.13,0.0,0.87,0.13,0.0
2026-01-14 20:26:01,clusterB,0,4,0,4,0.0,0.9,0.0,0.09999999999999998,0.9,0.0
2026-01-14 20:26:06,clusterA,0,4,1,3,0.23,0.13,0.0,0.87,0.13,0.0
2026-01-14 20:26:06,clusterB,0,4,0,4,0.0,0.9,0.0,0.09999999999999998,0.9,0.0
2026-01-14 20:26:11,clusterA,0,4,1,3,0.23,0.13,0.0,0.87,0.13,0.0
2026-01-14 20:26:11,clusterB,0,4,0,4,0.0,0.9,0.0,0.09999999999999998,0.9,0.0
2026-01-14 20:26:16,clusterA,0,4,1,3,0.23,0.13,0.0,0.87,0.13,0.0
2026-01-14 20:26:16,clusterB,0,4,0,4,0.0,0.9,0.0,0.09999999999999998,0.9,0.0
2026-01-14 20:26:21,clusterA,0,4,1,3,0.22,0.13,0.0,0.87,0.13,0.0
2026-01-14 20:26:21,clusterB,0,4,0,4,0.0,0.9,0.0,0.09999999999999998,0.9,0.0
2026-01-14 20:26:26,clusterA,0,4,1,3,0.22,0.13,0.0,0.87,0.13,0.0
2026-01-14 20:26:26,clusterB,0,4,0,4,0.0,0.9,0.0,0.09999999999999998,0.9,0.0
2026-01-14 20:26:31,clusterA,0,4,1,3,0.22,0.13,0.0,0.87,0.13,0.0
2026-01-14 20:26:31,clusterB,0,4,0,4,0.0,0.9,0.0,0.09999999999999998,0.9,0.0
2026-01-14 20:26:36,clusterA,0,4,1,3,0.22,0.13,0.0,0.87,0.13,0.0
2026-01-14 20:26:36,clusterB,0,4,0,4,0.0,0.9,0.0,0.09999999999999998,0.9,0.0
2026-01-14 20:26:41,clusterA,0,4,1,3,0.23,0.13,0.0,0.87,0.13,0.0
2026-01-14 20:26:41,clusterB,0,4,0,4,0.0,0.9,0.0,0.09999999999999998,0.9,0.0
2026-01-14 20:26:46,clusterA,0,4,1,3,0.23,0.13,0.0,0.87,0.13,0.0
2026-01-14 20:26:46,clusterB,0,4,0,4,0.0,0.9,0.0,0.09999999999999998,0.9,0.0
2026-01-14 20:26:51,clusterA,0,4,1,3,0.23,0.13,0.0,0.87,0.13,0.0
2026-01-14 20:26:51,clusterB,0,4,0,4,0.0,0.9,0.0,0.09999999999999998,0.9,0.0
2026-01-14 20:26:56,clusterA,0,4,1,3,0.23,0.13,0.0,0.87,0.13,0.0
2026-01-14 20:26:56,clusterB,0,4,0,4,0.0,0.9,0.0,0.09999999999999998,0.9,0.0
2026-01-14 20:27:01,clusterA,0,4,1,3,0.23,0.13,0.0,0.87,0.13,0.0
2026-01-14 20:27:01,clusterB,0,4,0,4,0.0,0.9,0.0,0.09999999999999998,0.9,0.0
2026-01-14 20:27:06,clusterA,0,4,1,3,0.23,0.13,0.0,0.87,0.13,0.0
2026-01-14 20:27:06,clusterB,0,4,0,4,0.0,0.9,0.0,0.09999999999999998,0.9,0.0
2026-01-14 20:27:11,clusterA,0,4,1,3,0.23,0.13,0.0,0.87,0.13,0.0
2026-01-14 20:27:11,clusterB,0,4,0,4,0.0,0.9,0.0,0.09999999999999998,0.9,0.0
2026-01-14 20:27:16,clusterA,0,4,1,3,0.23,0.13,0.0,0.87,0.13,0.0
2026-01-14 20:27:16,clusterB,0,4,0,4,0.0,0.9,0.0,0.09999999999999998,0.9,0.0
2026-01-14 20:27:21,clusterA,0,4,1,3,0.23,0.13,0.0,0.87,0.13,0.0
2026-01-14 20:27:21,clusterB,0,4,0,4,0.0,0.9,0.0,0.09999999999999998,0.9,0.0
2026-01-14 20:27:26,clusterA,0,4,1,3,0.23,0.13,0.0,0.87,0.13,0.0
2026-01-14 20:27:26,clusterB,0,4,0,4,0.0,0.9,0.0,0.09999999999999998,0.9,0.0
2026-01-14 20:27:31,clusterA,0,4,1,3,0.23,0.13,0.0,0.87,0.13,0.0
2026-01-14 20:27:31,clusterB,0,4,0,4,0.0,0.9,0.0,0.09999999999999998,0.9,0.0
2026-01-14 20:27:36,clusterA,0,4,1,3,0.22,0.13,0.0,0.87,0.13,0.0
2026-01-14 20:27:36,clusterB,0,4,0,4,0.0,0.9,0.0,0.09999999999999998,0.9,0.0
2026-01-14 20:27:41,clusterA,0,4,1,3,0.23,0.13,0.0,0.87,0.13,0.0
2026-01-14 20:27:41,clusterB,0,4,0,4,0.0,0.9,0.0,0.09999999999999998,0.9,0.0
2026-01-14 20:27:46,clusterA,0,4,1,3,0.2,0.12,0.0,0.88,0.12,0.0
2026-01-14 20:27:46,clusterB,0,4,0,4,0.0,0.9,0.0,0.09999999999999998,0.9,0.0
2026-01-14 20:27:51,clusterA,0,4,1,3,0.21,0.12,0.0,0.88,0.12,0.0
2026-01-14 20:27:51,clusterB,0,4,0,4,0.0,0.9,0.0,0.09999999999999998,0.9,0.0
2026-01-14 20:27:56,clusterA,0,4,1,3,0.21,0.12,0.0,0.88,0.12,0.0
2026-01-14 20:27:56,clusterB,0,4,0,4,0.0,0.9,0.0,0.09999999999999998,0.9,0.0
2026-01-14 20:28:01,clusterA,0,4,1,3,0.21,0.12,0.0,0.88,0.12,0.0
2026-01-14 20:28:01,clusterB,0,4,0,4,0.0,0.9,0.0,0.09999999999999998,0.9,0.0
2026-01-14 20:28:06,clusterA,0,4,1,3,0.21,0.12,0.0,0.88,0.12,0.0
2026-01-14 20:28:06,clusterB,0,4,0,4,0.0,0.9,0.0,0.09999999999999998,0.9,0.0
2026-01-14 20:28:11,clusterA,0,4,1,3,0.21,0.12,0.0,0.88,0.12,0.0
2026-01-14 20:28:11,clusterB,0,4,0,4,0.0,0.9,0.0,0.09999999999999998,0.9,0.0
2026-01-14 20:28:16,clusterA,0,4,1,3,0.2,0.12,0.0,0.88,0.12,0.0
2026-01-14 20:28:16,clusterB,0,4,0,4,0.0,0.9,0.0,0.09999999999999998,0.9,0.0
2026-01-14 20:28:21,clusterA,0,4,1,3,0.2,0.12,0.0,0.88,0.12,0.0
2026-01-14 20:28:21,clusterB,0,4,0,4,0.0,0.9,0.0,0.09999999999999998,0.9,0.0
2026-01-14 20:28:26,clusterA,0,4,1,3,0.2,0.12,0.0,0.88,0.12,0.0
2026-01-14 20:28:26,clusterB,0,4,0,4,0.0,0.9,0.0,0.09999999999999998,0.9,0.0
2026-01-14 20:28:31,clusterA,0,4,1,3,0.2,0.12,0.0,0.88,0.12,0.0
2026-01-14 20:28:31,clusterB,0,4,0,4,0.0,0.9,0.0,0.09999999999999998,0.9,0.0
2026-01-14 20:28:36,clusterA,0,4,1,3,0.2,0.12,0.0,0.88,0.12,0.0
2026-01-14 20:28:36,clusterB,0,4,0,4,0.0,0.9,0.0,0.09999999999999998,0.9,0.0
2026-01-14 20:28:41,clusterA,0,4,1,3,0.2,0.12,0.0,0.88,0.12,0.0
2026-01-14 20:28:41,clusterB,0,4,0,4,0.0,0.9,0.0,0.09999999999999998,0.9,0.0
2026-01-14 20:28:46,clusterA,0,4,1,3,0.21,0.12,0.0,0.88,0.12,0.0
2026-01-14 20:28:46,clusterB,0,4,0,4,0.0,0.9,0.0,0.09999999999999998,0.9,0.0
2026-01-14 20:28:51,clusterA,0,4,1,3,0.21,0.12,0.0,0.88,0.12,0.0
2026-01-14 20:28:51,clusterB,0,4,0,4,0.0,0.9,0.0,0.09999999999999998,0.9,0.0
2026-01-14 20:28:56,clusterA,0,4,1,3,0.21,0.12,0.0,0.88,0.12,0.0
2026-01-14 20:28:56,clusterB,0,4,0,4,0.0,0.9,0.0,0.09999999999999998,0.9,0.0
2026-01-14 20:29:01,clusterA,0,4,1,3,0.21,0.12,0.0,0.88,0.12,0.0
2026-01-14 20:29:01,clusterB,0,4,0,4,0.0,0.9,0.0,0.09999999999999998,0.9,0.0
2026-01-14 20:29:06,clusterA,0,4,1,3,0.21,0.12,0.0,0.88,0.12,0.0
2026-01-14 20:29:06,clusterB,0,4,0,4,0.0,0.9,0.0,0.09999999999999998,0.9,0.0
2026-01-14 20:29:11,clusterA,0,4,1,3,0.21,0.12,0.0,0.88,0.12,0.0
2026-01-14 20:29:11,clusterB,0,4,0,4,0.0,0.9,0.0,0.09999999999999998,0.9,0.0
2026-01-14 20:29:16,clusterA,0,4,1,3,0.21,0.12,0.0,0.88,0.12,0.0
2026-01-14 20:29:16,clusterB,0,4,0,4,0.0,0.9,0.0,0.09999999999999998,0.9,0.0
2026-01-14 20:29:21,clusterA,0,4,1,3,0.21,0.12,0.0,0.88,0.12,0.0
2026-01-14 20:29:21,clusterB,0,4,0,4,0.0,0.9,0.0,0.09999999999999998,0.9,0.0
2026-01-14 20:29:26,clusterA,0,4,1,3,0.21,0.12,0.0,0.88,0.12,0.0
2026-01-14 20:29:26,clusterB,0,4,0,4,0.0,0.9,0.0,0.09999999999999998,0.9,0.0
2026-01-14 20:29:31,clusterA,0,4,1,3,0.22,0.12,0.0,0.88,0.12,0.0
2026-01-14 20:29:31,clusterB,0,4,0,4,0.0,0.9,0.0,0.09999999999999998,0.9,0.0
2026-01-14 20:29:36,clusterA,0,4,1,3,0.22,0.12,0.0,0.88,0.12,0.0
2026-01-14 20:29:36,clusterB,0,4,0,4,0.0,0.9,0.0,0.09999999999999998,0.9,0.0
2026-01-14 20:29:41,clusterA,0,4,1,3,0.22,0.12,0.0,0.88,0.12,0.0
2026-01-14 20:29:41,clusterB,0,4,0,4,0.0,0.9,0.0,0.09999999999999998,0.9,0.0
2026-01-14 20:29:46,clusterA,0,4,1,3,0.22,0.12,0.0,0.88,0.12,0.0
2026-01-14 20:29:46,clusterB,0,4,0,4,0.0,0.9,0.0,0.09999999999999998,0.9,0.0
2026-01-14 20:29:51,clusterA,0,4,1,3,0.23,0.13,0.0,0.87,0.13,0.0
2026-01-14 20:29:51,clusterB,0,4,0,4,0.0,0.9,0.0,0.09999999999999998,0.9,0.0
2026-01-14 20:29:56,clusterA,0,4,1,3,0.23,0.13,0.0,0.87,0.13,0.0
2026-01-14 20:29:56,clusterB,0,4,0,4,0.0,0.9,0.0,0.09999999999999998,0.9,0.0
2026-01-14 20:30:01,clusterA,0,4,1,3,0.23,0.13,0.0,0.87,0.13,0.0
2026-01-14 20:30:01,clusterB,0,4,0,4,0.0,0.9,0.0,0.09999999999999998,0.9,0.0
2026-01-14 20:30:06,clusterA,0,4,1,3,0.23,0.13,0.0,0.87,0.13,0.0
2026-01-14 20:30:06,clusterB,0,4,0,4,0.0,0.9,0.0,0.09999999999999998,0.9,0.0
2026-01-14 20:30:11,clusterA,0,4,1,3,0.23,0.13,0.0,0.87,0.13,0.0
2026-01-14 20:30:11,clusterB,0,4,0,4,0.0,0.9,0.0,0.09999999999999998,0.9,0.0
2026-01-14 20:30:16,clusterA,0,4,1,3,0.22,0.13,0.0,0.87,0.13,0.0
2026-01-14 20:30:16,clusterB,0,4,0,4,0.0,0.9,0.0,0.09999999999999998,0.9,0.0
2026-01-14 20:30:21,clusterA,0,4,1,3,0.23,0.13,0.0,0.87,0.13,0.0
2026-01-14 20:30:21,clusterB,0,4,0,4,0.0,0.9,0.0,0.09999999999999998,0.9,0.0
2026-01-14 20:30:26,clusterA,0,4,1,3,0.22,0.13,0.0,0.87,0.13,0.0
2026-01-14 20:30:26,clusterB,0,4,0,4,0.0,0.9,0.0,0.09999999999999998,0.9,0.0
2026-01-14 20:30:31,clusterA,0,4,1,3,0.22,0.13,0.0,0.87,0.13,0.0
2026-01-14 20:30:31,clusterB,0,4,0,4,0.0,0.9,0.0,0.09999999999999998,0.9,0.0
2026-01-14 20:30:36,clusterA,0,4,1,3,0.21,0.12,0.0,0.88,0.12,0.0
2026-01-14 20:30:36,clusterB,0,4,0,4,0.0,0.9,0.0,0.09999999999999998,0.9,0.0
2026-01-14 20:30:41,clusterA,0,4,1,3,0.2,0.12,0.0,0.88,0.12,0.0
2026-01-14 20:30:41,clusterB,0,4,0,4,0.0,0.9,0.0,0.09999999999999998,0.9,0.0
2026-01-14 20:30:46,clusterA,0,4,1,3,0.2,0.12,0.0,0.88,0.12,0.0
2026-01-14 20:30:46,clusterB,0,4,0,4,0.0,0.9,0.0,0.09999999999999998,0.9,0.0
2026-01-14 20:30:51,clusterA,0,4,1,3,0.2,0.12,0.0,0.88,0.12,0.0
2026-01-14 20:30:51,clusterB,0,4,0,4,0.0,0.9,0.0,0.09999999999999998,0.9,0.0
2026-01-14 20:30:56,clusterA,0,4,1,3,0.2,0.12,0.0,0.88,0.12,0.0
2026-01-14 20:30:56,clusterB,0,4,0,4,0.0,0.9,0.0,0.09999999999999998,0.9,0.0
2026-01-14 20:31:01,clusterA,0,4,1,3,0.2,0.12,0.0,0.88,0.12,0.0
2026-01-14 20:31:01,clusterB,0,4,0,4,0.0,0.9,0.0,0.09999999999999998,0.9,0.0
2026-01-14 20:31:06,clusterA,0,4,1,3,0.2,0.12,0.0,0.88,0.12,0.0
2026-01-14 20:31:06,clusterB,0,4,0,4,0.0,0.9,0.0,0.09999999999999998,0.9,0.0
2026-01-14 20:31:11,clusterA,0,4,1,3,0.2,0.12,0.0,0.88,0.12,0.0
2026-01-14 20:31:11,clusterB,0,4,0,4,0.0,0.89,0.0,0.10999999999999999,0.89,0.0
2026-01-14 20:31:17,clusterA,0,4,1,3,0.2,0.12,0.0,0.88,0.12,0.0
2026-01-14 20:31:17,clusterB,0,4,0,4,0.0,0.89,0.0,0.10999999999999999,0.89,0.0
2026-01-14 20:31:22,clusterA,0,4,1,3,0.2,0.12,0.0,0.88,0.12,0.0
2026-01-14 20:31:22,clusterB,0,4,0,4,0.0,0.89,0.0,0.10999999999999999,0.89,0.0
2026-01-14 20:31:27,clusterA,0,4,1,3,0.2,0.12,0.0,0.88,0.12,0.0
2026-01-14 20:31:27,clusterB,0,4,0,4,0.0,0.89,0.0,0.10999999999999999,0.89,0.0
2026-01-14 20:31:32,clusterA,0,4,1,3,0.2,0.12,0.0,0.88,0.12,0.0
2026-01-14 20:31:32,clusterB,0,4,0,4,0.0,0.89,0.0,0.10999999999999999,0.89,0.0
2026-01-14 20:31:37,clusterA,0,4,1,3,0.2,0.12,0.0,0.88,0.12,0.0
2026-01-14 20:31:37,clusterB,0,4,0,4,0.0,0.89,0.0,0.10999999999999999,0.89,0.0
2026-01-14 20:31:42,clusterA,0,4,1,3,0.22,0.12,0.0,0.88,0.12,0.0
2026-01-14 20:31:42,clusterB,0,4,0,4,0.0,0.89,0.0,0.10999999999999999,0.89,0.0
2026-01-14 20:31:47,clusterA,0,4,1,3,0.22,0.12,0.0,0.88,0.12,0.0
2026-01-14 20:31:47,clusterB,0,4,0,4,0.0,0.89,0.0,0.10999999999999999,0.89,0.0
2026-01-14 20:31:52,clusterA,0,4,1,3,0.22,0.12,0.0,0.88,0.12,0.0
2026-01-14 20:31:52,clusterB,0,4,0,4,0.0,0.89,0.0,0.10999999999999999,0.89,0.0
2026-01-14 20:31:57,clusterA,0,4,1,3,0.22,0.12,0.0,0.88,0.12,0.0
2026-01-14 20:31:57,clusterB,0,4,0,4,0.0,0.89,0.0,0.10999999999999999,0.89,0.0
2026-01-14 20:32:02,clusterA,0,4,1,3,0.22,0.12,0.0,0.88,0.12,0.0
2026-01-14 20:32:02,clusterB,0,4,0,4,0.0,0.89,0.0,0.10999999999999999,0.89,0.0
2026-01-14 20:32:07,clusterA,0,4,1,3,0.22,0.12,0.0,0.88,0.12,0.0
2026-01-14 20:32:07,clusterB,0,4,0,4,0.0,0.89,0.0,0.10999999999999999,0.89,0.0
2026-01-14 20:32:12,clusterA,0,4,1,3,0.22,0.12,0.0,0.88,0.12,0.0
2026-01-14 20:32:12,clusterB,0,4,0,4,0.0,0.89,0.0,0.10999999999999999,0.89,0.0
2026-01-14 20:32:17,clusterA,0,4,1,3,0.23,0.13,0.0,0.87,0.13,0.0
2026-01-14 20:32:17,clusterB,0,4,0,4,0.0,0.89,0.0,0.10999999999999999,0.89,0.0
2026-01-14 20:32:22,clusterA,0,4,1,3,0.23,0.13,0.0,0.87,0.13,0.0
2026-01-14 20:32:22,clusterB,0,4,0,4,0.0,0.89,0.0,0.10999999999999999,0.89,0.0
2026-01-14 20:32:27,clusterA,0,4,1,3,0.23,0.13,0.0,0.87,0.13,0.0
2026-01-14 20:32:27,clusterB,0,4,0,4,0.0,0.89,0.0,0.10999999999999999,0.89,0.0
2026-01-14 20:32:32,clusterA,0,4,1,3,0.23,0.13,0.0,0.87,0.13,0.0
2026-01-14 20:32:32,clusterB,0,4,0,4,0.0,0.89,0.0,0.10999999999999999,0.89,0.0
2026-01-14 20:32:37,clusterA,0,4,1,3,0.23,0.13,0.0,0.87,0.13,0.0
2026-01-14 20:32:37,clusterB,0,4,0,4,0.0,0.89,0.0,0.10999999999999999,0.89,0.0
2026-01-14 20:32:42,clusterA,0,4,1,3,0.23,0.13,0.0,0.87,0.13,0.0
2026-01-14 20:32:42,clusterB,0,4,0,4,0.0,0.89,0.0,0.10999999999999999,0.89,0.0
2026-01-14 20:32:47,clusterA,0,4,1,3,0.23,0.13,0.0,0.87,0.13,0.0
2026-01-14 20:32:47,clusterB,0,4,0,4,0.0,0.89,0.0,0.10999999999999999,0.89,0.0
2026-01-14 20:32:52,clusterA,0,4,1,3,0.23,0.13,0.0,0.87,0.13,0.0
2026-01-14 20:32:52,clusterB,0,4,0,4,0.0,0.89,0.0,0.10999999999999999,0.89,0.0
2026-01-14 20:32:57,clusterA,0,4,1,3,0.23,0.13,0.0,0.87,0.13,0.0
2026-01-14 20:32:57,clusterB,0,4,0,4,0.0,0.89,0.0,0.10999999999999999,0.89,0.0
2026-01-14 20:33:02,clusterA,0,4,1,3,0.23,0.13,0.0,0.87,0.13,0.0
2026-01-14 20:33:02,clusterB,0,4,0,4,0.0,0.89,0.0,0.10999999999999999,0.89,0.0
2026-01-14 20:33:07,clusterA,0,4,1,3,0.23,0.13,0.0,0.87,0.13,0.0
2026-01-14 20:33:07,clusterB,0,4,0,4,0.0,0.89,0.0,0.10999999999999999,0.89,0.0
2026-01-14 20:33:12,clusterA,0,4,1,3,0.23,0.13,0.0,0.87,0.13,0.0
2026-01-14 20:33:12,clusterB,0,4,0,4,0.0,0.9,0.0,0.09999999999999998,0.9,0.0
2026-01-14 20:33:17,clusterA,0,4,1,3,0.23,0.13,0.0,0.87,0.13,0.0
2026-01-14 20:33:17,clusterB,0,4,0,4,0.0,0.9,0.0,0.09999999999999998,0.9,0.0
2026-01-14 20:33:22,clusterA,0,4,1,3,0.22,0.13,0.0,0.87,0.13,0.0
2026-01-14 20:33:22,clusterB,0,4,0,4,0.0,0.9,0.0,0.09999999999999998,0.9,0.0
2026-01-14 20:33:27,clusterA,0,4,1,3,0.22,0.13,0.0,0.87,0.13,0.0
2026-01-14 20:33:27,clusterB,0,4,0,4,0.0,0.9,0.0,0.09999999999999998,0.9,0.0
2026-01-14 20:33:32,clusterA,0,4,1,3,0.2,0.12,0.0,0.88,0.12,0.0
2026-01-14 20:33:32,clusterB,0,4,0,4,0.0,0.9,0.0,0.09999999999999998,0.9,0.0
2026-01-14 20:33:37,clusterA,0,4,0,4,0.18,0.11,0.0,0.89,0.11,0.0
2026-01-14 20:33:37,clusterB,0,4,0,4,0.0,0.9,0.0,0.09999999999999998,0.9,0.0
2026-01-14 20:33:42,clusterA,0,4,0,4,0.16,0.11,0.0,0.89,0.11,0.0
2026-01-14 20:33:42,clusterB,0,4,0,4,0.0,0.9,0.0,0.09999999999999998,0.9,0.0
2026-01-14 20:33:47,clusterA,0,4,0,4,0.14,0.1,0.0,0.9,0.1,0.0
2026-01-14 20:33:47,clusterB,0,4,0,4,0.0,0.9,0.0,0.09999999999999998,0.9,0.0
2026-01-14 20:33:52,clusterA,0,4,0,4,0.12,0.09,0.0,0.91,0.09,0.0
2026-01-14 20:33:52,clusterB,0,4,0,4,0.0,0.9,0.0,0.09999999999999998,0.9,0.0
2026-01-14 20:33:57,clusterA,0,4,0,4,0.1,0.08,0.0,0.92,0.08,0.0
2026-01-14 20:33:57,clusterB,0,4,0,4,0.0,0.9,0.0,0.09999999999999998,0.9,0.0
2026-01-14 20:34:02,clusterA,0,4,0,4,0.08,0.07,0.0,0.9299999999999999,0.07,0.0
2026-01-14 20:34:02,clusterB,0,4,0,4,0.0,0.9,0.0,0.09999999999999998,0.9,0.0
2026-01-14 20:34:07,clusterA,0,4,0,4,0.06,0.07,0.0,0.9299999999999999,0.07,0.0
2026-01-14 20:34:07,clusterB,0,4,0,4,0.0,0.9,0.0,0.09999999999999998,0.9,0.0
2026-01-14 20:34:12,clusterA,0,4,0,4,0.05,0.06,0.0,0.94,0.06,0.0
2026-01-14 20:34:12,clusterB,0,4,0,4,0.0,0.9,0.0,0.09999999999999998,0.9,0.0
2026-01-14 20:34:17,clusterA,0,4,0,4,0.03,0.05,0.0,0.95,0.05,0.0
2026-01-14 20:34:17,clusterB,0,4,0,4,0.0,0.9,0.0,0.09999999999999998,0.9,0.0
2026-01-14 20:34:22,clusterA,0,4,0,4,0.02,0.04,0.0,0.96,0.04,0.0
2026-01-14 20:34:22,clusterB,0,4,0,4,0.0,0.9,0.0,0.09999999999999998,0.9,0.0
2026-01-14 20:34:27,clusterA,0,4,0,4,0.0,0.03,0.0,0.97,0.03,0.0
2026-01-14 20:34:27,clusterB,0,4,0,4,0.0,0.9,0.0,0.09999999999999998,0.9,0.0
2026-01-14 20:34:32,clusterA,0,4,0,4,0.0,0.03,0.0,0.97,0.03,0.0
2026-01-14 20:34:32,clusterB,0,4,0,4,0.0,0.9,0.0,0.09999999999999998,0.9,0.0
2026-01-14 20:34:37,clusterA,0,4,0,4,0.0,0.03,0.0,0.97,0.03,0.0
2026-01-14 20:34:37,clusterB,0,4,0,4,0.0,0.9,0.0,0.09999999999999998,0.9,0.0
2026-01-14 20:34:42,clusterA,0,4,0,4,0.0,0.03,0.0,0.97,0.03,0.0
2026-01-14 20:34:42,clusterB,0,4,0,4,0.0,0.9,0.0,0.09999999999999998,0.9,0.0
2026-01-14 20:34:47,clusterA,0,4,0,4,0.0,0.02,0.0,0.98,0.02,0.0
2026-01-14 20:34:47,clusterB,0,4,0,4,0.0,0.9,0.0,0.09999999999999998,0.9,0.0
2026-01-14 20:34:52,clusterA,0,4,0,4,0.0,0.02,0.0,0.98,0.02,0.0
2026-01-14 20:34:52,clusterB,0,4,0,4,0.0,0.9,0.0,0.09999999999999998,0.9,0.0
2026-01-14 20:34:57,clusterA,0,4,0,4,0.0,0.02,0.0,0.98,0.02,0.0
2026-01-14 20:34:57,clusterB,0,4,0,4,0.0,0.9,0.0,0.09999999999999998,0.9,0.0
2026-01-14 20:35:02,clusterA,0,4,0,4,0.0,0.02,0.0,0.98,0.02,0.0
2026-01-14 20:35:02,clusterB,0,4,0,4,0.0,0.9,0.0,0.09999999999999998,0.9,0.0
2026-01-14 20:35:07,clusterA,0,4,0,4,0.0,0.02,0.0,0.98,0.02,0.0
2026-01-14 20:35:07,clusterB,0,4,0,4,0.0,0.9,0.0,0.09999999999999998,0.9,0.0
2026-01-14 20:35:12,clusterA,0,4,0,4,0.0,0.02,0.0,0.98,0.02,0.0
2026-01-14 20:35:12,clusterB,0,4,0,4,0.0,0.9,0.0,0.09999999999999998,0.9,0.0
2026-01-14 20:35:17,clusterA,0,4,0,4,0.0,0.02,0.0,0.98,0.02,0.0
2026-01-14 20:35:17,clusterB,0,4,0,4,0.0,0.9,0.0,0.09999999999999998,0.9,0.0
2026-01-14 20:35:22,clusterA,0,4,0,4,0.0,0.02,0.0,0.98,0.02,0.0
2026-01-14 20:35:22,clusterB,0,4,0,4,0.0,0.9,0.0,0.09999999999999998,0.9,0.0
2026-01-14 20:35:27,clusterA,0,4,0,4,0.0,0.02,0.0,0.98,0.02,0.0
2026-01-14 20:35:27,clusterB,0,4,0,4,0.0,0.9,0.0,0.09999999999999998,0.9,0.0
2026-01-14 20:35:32,clusterA,0,4,0,4,0.0,0.02,0.0,0.98,0.02,0.0
2026-01-14 20:35:32,clusterB,0,4,0,4,0.0,0.9,0.0,0.09999999999999998,0.9,0.0
2026-01-14 20:35:37,clusterA,0,4,0,4,0.0,0.02,0.0,0.98,0.02,0.0
2026-01-14 20:35:37,clusterB,0,4,0,4,0.0,0.9,0.0,0.09999999999999998,0.9,0.0
2026-01-14 20:35:42,clusterA,0,4,0,4,0.0,0.02,0.0,0.98,0.02,0.0
2026-01-14 20:35:42,clusterB,0,4,0,4,0.0,0.9,0.0,0.09999999999999998,0.9,0.0
2026-01-14 20:35:47,clusterA,0,4,0,4,0.0,0.02,0.0,0.98,0.02,0.0
2026-01-14 20:35:47,clusterB,0,4,0,4,0.0,0.9,0.0,0.09999999999999998,0.9,0.0
2026-01-14 20:35:52,clusterA,0,4,0,4,0.0,0.02,0.0,0.98,0.02,0.0
2026-01-14 20:35:52,clusterB,0,4,0,4,0.0,0.9,0.0,0.09999999999999998,0.9,0.0
2026-01-14 20:35:57,clusterA,0,4,0,4,0.0,0.02,0.0,0.98,0.02,0.0
2026-01-14 20:35:57,clusterB,0,4,0,4,0.0,0.9,0.0,0.09999999999999998,0.9,0.0
2026-01-14 20:36:02,clusterA,0,4,0,4,0.0,0.02,0.0,0.98,0.02,0.0
2026-01-14 20:36:02,clusterB,0,4,0,4,0.0,0.9,0.0,0.09999999999999998,0.9,0.0
2026-01-14 20:36:07,clusterA,0,4,0,4,0.0,0.02,0.0,0.98,0.02,0.0
2026-01-14 20:36:07,clusterB,0,4,0,4,0.0,0.9,0.0,0.09999999999999998,0.9,0.0
2026-01-14 20:36:12,clusterA,0,4,0,4,0.0,0.02,0.0,0.98,0.02,0.0
2026-01-14 20:36:12,clusterB,0,4,0,4,0.0,0.9,0.0,0.09999999999999998,0.9,0.0
2026-01-14 20:36:17,clusterA,0,4,0,4,0.0,0.02,0.0,0.98,0.02,0.0
2026-01-14 20:36:17,clusterB,0,4,0,4,0.0,0.9,0.0,0.09999999999999998,0.9,0.0
2026-01-14 20:36:22,clusterA,0,4,0,4,0.0,0.02,0.0,0.98,0.02,0.0
2026-01-14 20:36:22,clusterB,0,4,0,4,0.0,0.9,0.0,0.09999999999999998,0.9,0.0
2026-01-14 20:36:27,clusterA,0,4,0,4,0.0,0.02,0.0,0.98,0.02,0.0
2026-01-14 20:36:27,clusterB,0,4,0,4,0.0,0.9,0.0,0.09999999999999998,0.9,0.0
2026-01-14 20:36:32,clusterA,0,4,0,4,0.0,0.02,0.0,0.98,0.02,0.0
2026-01-14 20:36:32,clusterB,0,4,0,4,0.0,0.9,0.0,0.09999999999999998,0.9,0.0
2026-01-14 20:36:37,clusterA,0,4,0,4,0.0,0.02,0.0,0.98,0.02,0.0
2026-01-14 20:36:37,clusterB,0,4,0,4,0.0,0.9,0.0,0.09999999999999998,0.9,0.0
2026-01-14 20:36:42,clusterA,0,4,0,4,0.0,0.02,0.0,0.98,0.02,0.0
2026-01-14 20:36:42,clusterB,0,4,0,4,0.0,0.9,0.0,0.09999999999999998,0.9,0.0
2026-01-14 20:36:47,clusterA,0,4,0,4,0.0,0.02,0.0,0.98,0.02,0.0
2026-01-14 20:36:47,clusterB,0,4,0,4,0.0,0.9,0.0,0.09999999999999998,0.9,0.0
2026-01-14 20:36:52,clusterA,0,4,0,4,0.0,0.02,0.0,0.98,0.02,0.0
2026-01-14 20:36:52,clusterB,0,4,0,4,0.0,0.9,0.0,0.09999999999999998,0.9,0.0
2026-01-14 20:36:57,clusterA,0,4,0,4,0.0,0.02,0.0,0.98,0.02,0.0
2026-01-14 20:36:57,clusterB,0,4,0,4,0.0,0.9,0.0,0.09999999999999998,0.9,0.0
2026-01-14 20:37:02,clusterA,0,4,0,4,0.0,0.02,0.0,0.98,0.02,0.0
2026-01-14 20:37:02,clusterB,0,4,0,4,0.0,0.9,0.0,0.09999999999999998,0.9,0.0
2026-01-14 20:37:07,clusterA,0,4,0,4,0.0,0.02,0.0,0.98,0.02,0.0
2026-01-14 20:37:07,clusterB,0,4,0,4,0.0,0.9,0.0,0.09999999999999998,0.9,0.0
2026-01-14 20:37:12,clusterA,0,4,0,4,0.0,0.02,0.0,0.98,0.02,0.0
2026-01-14 20:37:12,clusterB,0,4,0,4,0.0,0.9,0.0,0.09999999999999998,0.9,0.0
2026-01-14 20:37:17,clusterA,0,4,0,4,0.0,0.02,0.0,0.98,0.02,0.0
2026-01-14 20:37:17,clusterB,0,4,0,4,0.0,0.9,0.0,0.09999999999999998,0.9,0.0
2026-01-14 20:37:22,clusterA,0,4,0,4,0.0,0.02,0.0,0.98,0.02,0.0
2026-01-14 20:37:22,clusterB,0,4,0,4,0.0,0.9,0.0,0.09999999999999998,0.9,0.0
2026-01-14 20:37:27,clusterA,0,4,0,4,0.0,0.02,0.0,0.98,0.02,0.0
2026-01-14 20:37:27,clusterB,0,4,0,4,0.0,0.9,0.0,0.09999999999999998,0.9,0.0
2026-01-14 20:37:32,clusterA,0,4,0,4,0.0,0.02,0.0,0.98,0.02,0.0
2026-01-14 20:37:32,clusterB,0,4,0,4,0.0,0.9,0.0,0.09999999999999998,0.9,0.0
2026-01-14 20:37:37,clusterA,0,4,0,4,0.0,0.02,0.0,0.98,0.02,0.0
2026-01-14 20:37:37,clusterB,0,4,0,4,0.0,0.9,0.0,0.09999999999999998,0.9,0.0
2026-01-14 20:37:42,clusterA,0,4,0,4,0.0,0.02,0.0,0.98,0.02,0.0
2026-01-14 20:37:42,clusterB,0,4,0,4,0.0,0.9,0.0,0.09999999999999998,0.9,0.0
2026-01-14 20:37:47,clusterA,0,4,0,4,0.0,0.02,0.0,0.98,0.02,0.0
2026-01-14 20:37:47,clusterB,0,4,0,4,0.0,0.9,0.0,0.09999999999999998,0.9,0.0
2026-01-14 20:37:52,clusterA,0,4,0,4,0.0,0.02,0.0,0.98,0.02,0.0
2026-01-14 20:37:52,clusterB,0,4,0,4,0.0,0.9,0.0,0.09999999999999998,0.9,0.0
2026-01-14 20:37:57,clusterA,0,4,0,4,0.0,0.02,0.0,0.98,0.02,0.0
2026-01-14 20:37:57,clusterB,0,4,0,4,0.0,0.9,0.0,0.09999999999999998,0.9,0.0
