ts,node_id,gpu_index,gpu_util,power_w,mem_used_mb,mem_total_mb
2026-01-14 17:27:34,node-e,0,0.0,17.4,317,24564
2026-01-14 17:27:36,node-f,0,0.0,18.6,317,24564
2026-01-14 17:27:39,node-e,0,0.0,17.4,317,24564
2026-01-14 17:27:41,node-f,0,0.0,18.6,317,24564
2026-01-14 17:27:44,node-e,0,0.0,17.4,317,24564
2026-01-14 17:27:45,node-g,0,0.0,15.7,317,24564
2026-01-14 17:27:46,node-f,0,0.0,18.7,317,24564
2026-01-14 17:27:48,node-h,0,0.0,16.2,317,24564
2026-01-14 17:27:49,node-e,0,0.0,17.5,317,24564
2026-01-14 17:27:50,node-g,0,0.0,15.8,317,24564
2026-01-14 17:27:51,node-f,0,0.0,18.7,317,24564
2026-01-14 17:27:53,node-h,0,0.0,16.2,317,24564
2026-01-14 17:27:54,node-e,0,0.0,17.7,317,24564
2026-01-14 17:27:55,node-g,0,0.0,15.6,317,24564
2026-01-14 17:27:56,node-f,0,0.0,18.7,317,24564
2026-01-14 17:27:58,node-h,0,0.0,16.2,317,24564
2026-01-14 17:27:59,node-e,0,0.0,17.7,317,24564
2026-01-14 17:28:00,node-g,0,0.0,15.6,317,24564
2026-01-14 17:28:01,node-f,0,0.0,18.6,317,24564
2026-01-14 17:28:03,node-h,0,0.0,16.5,317,24564
2026-01-14 17:28:04,node-e,0,0.0,17.6,317,24564
2026-01-14 17:28:05,node-g,0,0.0,15.7,317,24564
2026-01-14 17:28:06,node-f,0,0.0,18.6,317,24564
2026-01-14 17:28:08,node-h,0,0.0,16.3,317,24564
2026-01-14 17:28:09,node-e,0,0.0,17.6,317,24564
2026-01-14 17:28:10,node-g,0,0.0,15.6,317,24564
2026-01-14 17:28:11,node-f,0,0.0,18.6,317,24564
2026-01-14 17:28:13,node-h,0,0.0,16.2,317,24564
2026-01-14 17:28:14,node-e,0,0.0,17.5,317,24564
2026-01-14 17:28:15,node-g,0,0.0,15.7,317,24564
2026-01-14 17:28:16,node-f,0,0.0,18.6,317,24564
2026-01-14 17:28:18,node-h,0,0.0,16.3,317,24564
2026-01-14 17:28:19,node-e,0,0.0,17.4,317,24564
2026-01-14 17:28:20,node-g,0,0.0,15.9,317,24564
2026-01-14 17:28:21,node-f,0,0.0,18.6,317,24564
2026-01-14 17:28:23,node-h,0,0.0,16.5,317,24564
2026-01-14 17:28:24,node-e,0,0.0,17.4,317,24564
2026-01-14 17:28:25,node-g,0,0.0,15.7,317,24564
2026-01-14 17:28:26,node-f,0,0.0,18.6,317,24564
2026-01-14 17:28:28,node-h,0,0.0,16.3,317,24564
2026-01-14 17:28:29,node-e,0,0.0,17.5,317,24564
2026-01-14 17:28:30,node-g,0,0.0,15.7,317,24564
2026-01-14 17:28:31,node-f,0,0.0,18.6,317,24564
2026-01-14 17:28:33,node-h,0,0.0,16.5,317,24564
2026-01-14 17:28:34,node-e,0,0.0,17.6,317,24564
2026-01-14 17:28:35,node-g,0,0.0,15.7,317,24564
2026-01-14 17:28:36,node-f,0,0.0,18.6,317,24564
2026-01-14 17:28:38,node-h,0,0.0,16.3,317,24564
2026-01-14 17:28:39,node-e,0,0.0,17.5,317,24564
2026-01-14 17:28:40,node-g,0,0.0,15.7,317,24564
2026-01-14 17:28:41,node-f,0,0.0,18.5,317,24564
2026-01-14 17:28:43,node-h,0,0.0,16.4,317,24564
2026-01-14 17:28:44,node-e,0,0.0,17.7,317,24564
2026-01-14 17:28:45,node-g,0,0.0,15.9,317,24564
2026-01-14 17:28:46,node-f,0,0.0,18.6,317,24564
2026-01-14 17:28:48,node-h,0,0.0,16.5,317,24564
2026-01-14 17:28:49,node-e,0,0.0,17.7,317,24564
2026-01-14 17:28:50,node-g,0,0.0,15.9,317,24564
2026-01-14 17:28:51,node-f,0,0.0,18.5,317,24564
2026-01-14 17:28:53,node-h,0,0.0,16.4,317,24564
2026-01-14 17:28:54,node-e,0,0.0,17.7,317,24564
2026-01-14 17:28:55,node-g,0,0.0,15.8,317,24564
2026-01-14 17:28:56,node-f,0,0.0,18.6,317,24564
2026-01-14 17:28:58,node-h,0,0.0,16.3,317,24564
2026-01-14 17:28:59,node-e,0,0.0,17.6,317,24564
2026-01-14 17:29:00,node-g,0,0.0,15.8,317,24564
2026-01-14 17:29:01,node-f,0,0.0,18.7,317,24564
2026-01-14 17:29:03,node-h,0,0.0,16.3,317,24564
2026-01-14 17:29:04,node-e,0,0.0,17.7,317,24564
2026-01-14 17:29:05,node-g,0,0.0,15.6,317,24564
2026-01-14 17:29:06,node-f,0,0.0,18.7,317,24564
2026-01-14 17:29:08,node-h,0,0.0,16.6,317,24564
2026-01-14 17:29:09,node-e,0,0.0,17.5,317,24564
2026-01-14 17:29:11,node-g,0,0.0,15.8,317,24564
2026-01-14 17:29:11,node-f,0,0.0,18.6,317,24564
2026-01-14 17:29:13,node-h,0,0.0,16.4,317,24564
2026-01-14 17:29:14,node-e,0,0.0,17.6,317,24564
2026-01-14 17:29:16,node-g,0,0.0,15.8,317,24564
2026-01-14 17:29:16,node-f,0,0.0,18.7,317,24564
2026-01-14 17:29:18,node-h,0,0.0,16.4,317,24564
2026-01-14 17:29:19,node-e,0,0.0,17.7,317,24564
2026-01-14 17:29:21,node-g,0,0.0,15.9,317,24564
2026-01-14 17:29:21,node-f,0,0.0,18.5,317,24564
2026-01-14 17:29:23,node-h,0,0.0,16.4,317,24564
2026-01-14 17:29:24,node-e,0,0.0,17.5,317,24564
2026-01-14 17:29:26,node-g,0,0.0,15.9,317,24564
2026-01-14 17:29:26,node-f,0,0.0,18.5,317,24564
2026-01-14 17:29:28,node-h,0,0.0,16.4,317,24564
2026-01-14 17:29:29,node-e,0,0.0,17.6,317,24564
2026-01-14 17:29:31,node-g,0,0.0,16.0,317,24564
2026-01-14 17:29:31,node-f,0,0.0,18.6,317,24564
2026-01-14 17:29:33,node-h,0,0.0,16.4,317,24564
2026-01-14 17:29:34,node-e,0,0.0,17.5,317,24564
2026-01-14 17:29:36,node-g,0,0.0,16.0,317,24564
2026-01-14 17:29:36,node-f,0,0.0,18.6,317,24564
2026-01-14 17:29:38,node-h,0,0.0,16.5,317,24564
2026-01-14 17:29:39,node-e,0,0.0,17.5,317,24564
2026-01-14 17:29:41,node-g,0,0.0,15.9,317,24564
2026-01-14 17:29:41,node-f,0,0.0,18.5,317,24564
2026-01-14 17:29:43,node-h,0,0.0,16.5,317,24564
2026-01-14 17:29:44,node-e,0,0.0,17.4,317,24564
2026-01-14 17:29:46,node-g,0,0.0,15.8,317,24564
2026-01-14 17:29:46,node-f,0,0.0,18.5,317,24564
2026-01-14 17:29:48,node-h,0,0.0,16.4,317,24564
2026-01-14 17:29:49,node-e,0,0.0,17.4,317,24564
2026-01-14 17:29:51,node-g,0,0.0,15.7,317,24564
2026-01-14 17:29:51,node-f,0,0.0,18.6,317,24564
2026-01-14 17:29:53,node-h,0,0.0,16.4,317,24564
2026-01-14 17:29:54,node-e,0,0.0,17.7,317,24564
2026-01-14 17:29:56,node-g,0,0.0,15.8,317,24564
2026-01-14 17:29:56,node-f,0,0.0,18.6,317,24564
2026-01-14 17:29:58,node-h,0,0.0,16.5,317,24564
2026-01-14 17:29:59,node-e,0,0.0,17.6,317,24564
2026-01-14 17:30:01,node-g,0,0.0,15.8,317,24564
2026-01-14 17:30:01,node-f,0,0.0,18.6,317,24564
2026-01-14 17:30:03,node-h,0,0.0,16.5,317,24564
2026-01-14 17:30:04,node-e,0,0.0,17.5,317,24564
2026-01-14 17:30:06,node-g,0,0.0,15.7,317,24564
2026-01-14 17:30:06,node-f,0,0.0,18.6,317,24564
2026-01-14 17:30:08,node-h,0,0.0,16.3,317,24564
2026-01-14 17:30:09,node-e,0,0.0,17.6,317,24564
2026-01-14 17:30:11,node-g,0,0.0,15.8,317,24564
2026-01-14 17:30:11,node-f,0,0.0,18.6,317,24564
2026-01-14 17:30:13,node-h,0,0.0,16.4,317,24564
2026-01-14 17:30:14,node-e,0,0.0,17.6,317,24564
2026-01-14 17:30:16,node-g,0,0.0,15.7,317,24564
2026-01-14 17:30:16,node-f,0,0.0,18.4,317,24564
2026-01-14 17:30:18,node-h,0,0.0,16.3,317,24564
2026-01-14 17:30:19,node-e,0,0.0,83.9,807,24564
2026-01-14 17:30:21,node-g,0,0.0,15.6,317,24564
2026-01-14 17:30:21,node-f,0,0.0,18.4,317,24564
2026-01-14 17:30:23,node-h,0,0.0,16.3,317,24564
2026-01-14 17:30:24,node-e,0,0.0,85.0,807,24564
2026-01-14 17:30:26,node-g,0,0.0,15.6,317,24564
2026-01-14 17:30:26,node-f,0,0.0,18.4,317,24564
2026-01-14 17:30:28,node-h,0,0.0,16.3,317,24564
2026-01-14 17:30:30,node-e,0,94.0,211.0,2467,24564
2026-01-14 17:30:31,node-g,0,0.0,15.7,317,24564
2026-01-14 17:30:31,node-f,0,0.0,18.1,317,24564
2026-01-14 17:30:33,node-h,0,0.0,16.3,317,24564
2026-01-14 17:30:35,node-e,0,95.0,209.0,2741,24564
2026-01-14 17:30:36,node-g,0,0.0,15.5,317,24564
2026-01-14 17:30:36,node-f,0,0.0,18.4,317,24564
2026-01-14 17:30:38,node-h,0,0.0,16.2,317,24564
2026-01-14 17:30:40,node-e,0,0.0,90.7,2743,24564
2026-01-14 17:30:41,node-g,0,0.0,15.5,317,24564
2026-01-14 17:30:41,node-f,0,0.0,18.6,317,24564
2026-01-14 17:30:43,node-h,0,0.0,16.2,317,24564
2026-01-14 17:30:45,node-e,0,95.0,210.8,2743,24564
2026-01-14 17:30:46,node-g,0,0.0,15.6,317,24564
2026-01-14 17:30:46,node-f,0,0.0,18.3,317,24564
2026-01-14 17:30:48,node-h,0,0.0,16.2,317,24564
2026-01-14 17:30:50,node-e,0,51.0,178.7,2743,24564
2026-01-14 17:30:51,node-g,0,0.0,15.6,317,24564
2026-01-14 17:30:51,node-f,0,0.0,18.6,317,24564
2026-01-14 17:30:53,node-h,0,0.0,16.3,317,24564
2026-01-14 17:30:55,node-e,0,0.0,95.3,2743,24564
2026-01-14 17:30:56,node-g,0,0.0,15.5,317,24564
2026-01-14 17:30:56,node-f,0,0.0,18.5,317,24564
2026-01-14 17:30:58,node-h,0,0.0,16.3,317,24564
2026-01-14 17:31:00,node-e,0,95.0,213.3,2743,24564
2026-01-14 17:31:01,node-g,0,0.0,15.5,317,24564
2026-01-14 17:31:02,node-f,0,0.0,18.5,317,24564
2026-01-14 17:31:03,node-h,0,0.0,16.2,317,24564
2026-01-14 17:31:05,node-e,0,0.0,113.5,2743,24564
2026-01-14 17:31:06,node-g,0,0.0,15.5,317,24564
2026-01-14 17:31:07,node-f,0,0.0,18.5,317,24564
2026-01-14 17:31:08,node-h,0,0.0,16.3,317,24564
2026-01-14 17:31:10,node-e,0,95.0,213.6,2743,24564
2026-01-14 17:31:11,node-g,0,0.0,15.4,317,24564
2026-01-14 17:31:12,node-f,0,0.0,18.3,317,24564
2026-01-14 17:31:13,node-h,0,0.0,16.2,317,24564
2026-01-14 17:31:15,node-e,0,95.0,214.1,2743,24564
2026-01-14 17:31:16,node-g,0,0.0,15.5,317,24564
2026-01-14 17:31:17,node-f,0,0.0,18.4,317,24564
2026-01-14 17:31:18,node-h,0,0.0,16.2,317,24564
2026-01-14 17:31:20,node-e,0,52.0,122.8,2743,24564
2026-01-14 17:31:21,node-g,0,0.0,15.5,317,24564
2026-01-14 17:31:22,node-f,0,0.0,18.3,317,24564
2026-01-14 17:31:23,node-h,0,0.0,16.3,317,24564
2026-01-14 17:31:25,node-e,0,96.0,215.7,2743,24564
2026-01-14 17:31:26,node-g,0,0.0,15.5,317,24564
2026-01-14 17:31:27,node-f,0,0.0,18.2,317,24564
2026-01-14 17:31:28,node-h,0,0.0,16.2,317,24564
2026-01-14 17:31:30,node-e,0,0.0,107.4,2743,24564
2026-01-14 17:31:31,node-g,0,0.0,15.5,317,24564
2026-01-14 17:31:32,node-f,0,0.0,18.3,317,24564
2026-01-14 17:31:33,node-h,0,0.0,16.1,317,24564
2026-01-14 17:31:35,node-e,0,95.0,216.7,2743,24564
2026-01-14 17:31:36,node-g,0,0.0,15.4,317,24564
2026-01-14 17:31:37,node-f,0,0.0,18.3,317,24564
2026-01-14 17:31:38,node-h,0,0.0,16.3,317,24564
2026-01-14 17:31:40,node-e,0,0.0,141.7,2743,24564
2026-01-14 17:31:41,node-g,0,0.0,15.5,317,24564
2026-01-14 17:31:42,node-f,0,0.0,18.6,317,24564
2026-01-14 17:31:44,node-h,0,0.0,16.3,317,24564
2026-01-14 17:31:45,node-e,0,0.0,107.7,2743,24564
2026-01-14 17:31:46,node-g,0,0.0,15.3,317,24564
2026-01-14 17:31:47,node-f,0,0.0,18.4,317,24564
2026-01-14 17:31:49,node-h,0,0.0,16.3,317,24564
2026-01-14 17:31:50,node-e,0,95.0,213.3,2743,24564
2026-01-14 17:31:51,node-g,0,0.0,15.3,317,24564
2026-01-14 17:31:52,node-f,0,0.0,18.3,317,24564
2026-01-14 17:31:54,node-h,0,0.0,16.2,317,24564
2026-01-14 17:31:55,node-e,0,5.0,150.0,2743,24564
2026-01-14 17:31:56,node-g,0,0.0,15.4,317,24564
2026-01-14 17:31:57,node-f,0,0.0,18.6,317,24564
2026-01-14 17:31:59,node-h,0,0.0,16.5,317,24564
2026-01-14 17:32:00,node-e,0,91.0,121.8,2743,24564
2026-01-14 17:32:01,node-g,0,0.0,15.3,317,24564
2026-01-14 17:32:02,node-f,0,0.0,18.3,317,24564
2026-01-14 17:32:04,node-h,0,0.0,16.2,317,24564
2026-01-14 17:32:05,node-e,0,95.0,216.2,2743,24564
2026-01-14 17:32:06,node-g,0,0.0,15.4,317,24564
2026-01-14 17:32:07,node-f,0,0.0,18.3,317,24564
2026-01-14 17:32:09,node-h,0,0.0,16.1,317,24564
2026-01-14 17:32:10,node-e,0,0.0,111.6,2743,24564
2026-01-14 17:32:11,node-g,0,0.0,15.4,317,24564
2026-01-14 17:32:12,node-f,0,0.0,18.6,317,24564
2026-01-14 17:32:14,node-h,0,0.0,16.4,317,24564
2026-01-14 17:32:15,node-e,0,95.0,203.2,2743,24564
2026-01-14 17:32:16,node-g,0,0.0,15.3,317,24564
2026-01-14 17:32:17,node-f,0,0.0,18.5,317,24564
2026-01-14 17:32:19,node-h,0,0.0,16.2,317,24564
2026-01-14 17:32:20,node-e,0,95.0,215.5,2743,24564
2026-01-14 17:32:21,node-g,0,0.0,15.2,317,24564
2026-01-14 17:32:22,node-f,0,0.0,18.4,317,24564
2026-01-14 17:32:24,node-h,0,0.0,16.0,317,24564
2026-01-14 17:32:25,node-e,0,0.0,112.4,2743,24564
2026-01-14 17:32:26,node-g,0,0.0,15.3,317,24564
2026-01-14 17:32:27,node-f,0,0.0,18.5,317,24564
2026-01-14 17:32:29,node-h,0,0.0,15.9,317,24564
2026-01-14 17:32:30,node-e,0,95.0,216.2,2743,24564
2026-01-14 17:32:31,node-g,0,0.0,15.3,317,24564
2026-01-14 17:32:32,node-f,0,0.0,18.4,317,24564
2026-01-14 17:32:34,node-h,0,0.0,16.2,317,24564
2026-01-14 17:32:35,node-e,0,49.0,181.2,2743,24564
2026-01-14 17:32:36,node-g,0,0.0,15.1,317,24564
2026-01-14 17:32:37,node-f,0,0.0,18.4,317,24564
2026-01-14 17:32:39,node-h,0,0.0,16.1,317,24564
2026-01-14 17:32:40,node-e,0,0.0,111.7,2743,24564
2026-01-14 17:32:41,node-g,0,0.0,15.1,317,24564
2026-01-14 17:32:42,node-f,0,0.0,18.4,317,24564
2026-01-14 17:32:44,node-h,0,0.0,16.2,317,24564
2026-01-14 17:32:45,node-e,0,95.0,217.9,2743,24564
2026-01-14 17:32:46,node-g,0,0.0,15.2,317,24564
2026-01-14 17:32:47,node-f,0,0.0,18.3,317,24564
2026-01-14 17:32:49,node-h,0,0.0,16.3,317,24564
2026-01-14 17:32:50,node-e,0,47.0,187.7,2743,24564
2026-01-14 17:32:51,node-g,0,0.0,15.1,317,24564
2026-01-14 17:32:52,node-f,0,0.0,18.5,317,24564
2026-01-14 17:32:54,node-h,0,0.0,16.2,317,24564
2026-01-14 17:32:55,node-e,0,0.0,111.8,2743,24564
2026-01-14 17:32:56,node-g,0,0.0,15.1,317,24564
2026-01-14 17:32:57,node-f,0,0.0,18.6,317,24564
2026-01-14 17:32:59,node-h,0,0.0,16.2,317,24564
2026-01-14 17:33:00,node-e,0,95.0,215.2,2743,24564
2026-01-14 17:33:01,node-g,0,0.0,15.2,317,24564
2026-01-14 17:33:02,node-f,0,0.0,18.4,317,24564
2026-01-14 17:33:04,node-h,0,0.0,16.3,317,24564
2026-01-14 17:33:05,node-e,0,32.0,174.9,2743,24564
2026-01-14 17:33:06,node-g,0,0.0,15.0,317,24564
2026-01-14 17:33:07,node-f,0,0.0,18.5,317,24564
2026-01-14 17:33:09,node-h,0,0.0,16.4,317,24564
2026-01-14 17:33:10,node-e,0,0.0,111.9,2743,24564
2026-01-14 17:33:11,node-g,0,0.0,15.1,317,24564
2026-01-14 17:33:12,node-f,0,0.0,18.4,317,24564
2026-01-14 17:33:14,node-h,0,0.0,16.0,317,24564
2026-01-14 17:33:15,node-e,0,96.0,216.3,2743,24564
2026-01-14 17:33:16,node-g,0,0.0,15.1,317,24564
2026-01-14 17:33:17,node-f,0,0.0,18.3,317,24564
2026-01-14 17:33:19,node-h,0,0.0,16.2,317,24564
2026-01-14 17:33:20,node-e,0,19.0,158.5,2743,24564
2026-01-14 17:33:21,node-g,0,0.0,15.2,317,24564
2026-01-14 17:33:22,node-f,0,0.0,18.5,317,24564
2026-01-14 17:33:24,node-h,0,0.0,16.5,317,24564
2026-01-14 17:33:25,node-e,0,0.0,112.1,2743,24564
2026-01-14 17:33:26,node-g,0,0.0,15.3,317,24564
2026-01-14 17:33:27,node-f,0,0.0,18.6,317,24564
2026-01-14 17:33:29,node-h,0,0.0,16.3,317,24564
2026-01-14 17:33:30,node-e,0,95.0,218.3,2743,24564
2026-01-14 17:33:31,node-g,0,0.0,15.2,317,24564
2026-01-14 17:33:32,node-f,0,0.0,18.2,317,24564
2026-01-14 17:33:34,node-h,0,0.0,16.2,317,24564
2026-01-14 17:33:35,node-e,0,15.0,158.1,2743,24564
2026-01-14 17:33:36,node-g,0,0.0,15.2,317,24564
2026-01-14 17:33:37,node-f,0,0.0,18.4,317,24564
2026-01-14 17:33:39,node-h,0,0.0,16.3,317,24564
2026-01-14 17:33:40,node-e,0,0.0,112.0,2743,24564
2026-01-14 17:33:41,node-g,0,0.0,15.1,317,24564
2026-01-14 17:33:42,node-f,0,0.0,18.4,317,24564
2026-01-14 17:33:44,node-h,0,0.0,16.3,317,24564
2026-01-14 17:33:45,node-e,0,94.0,150.4,2743,24564
2026-01-14 17:33:46,node-g,0,0.0,15.1,317,24564
2026-01-14 17:33:47,node-f,0,0.0,18.1,317,24564
2026-01-14 17:33:49,node-h,0,0.0,16.2,317,24564
2026-01-14 17:33:50,node-e,0,94.0,214.7,2743,24564
2026-01-14 17:33:51,node-g,0,0.0,15.1,317,24564
2026-01-14 17:33:52,node-f,0,0.0,18.1,317,24564
2026-01-14 17:33:54,node-h,0,0.0,16.1,317,24564
2026-01-14 17:33:55,node-e,0,0.0,113.0,2743,24564
2026-01-14 17:33:56,node-g,0,0.0,15.1,317,24564
2026-01-14 17:33:57,node-f,0,0.0,18.4,317,24564
2026-01-14 17:33:59,node-h,0,0.0,16.3,317,24564
2026-01-14 17:34:00,node-e,0,95.0,213.7,2743,24564
2026-01-14 17:34:01,node-g,0,0.0,15.1,317,24564
2026-01-14 17:34:02,node-f,0,0.0,18.3,317,24564
2026-01-14 17:34:04,node-h,0,0.0,16.2,317,24564
2026-01-14 17:34:05,node-e,0,0.0,123.3,2743,24564
2026-01-14 17:34:06,node-g,0,0.0,15.2,317,24564
2026-01-14 17:34:07,node-f,0,0.0,18.3,317,24564
2026-01-14 17:34:09,node-h,0,0.0,16.3,317,24564
2026-01-14 17:34:10,node-e,0,0.0,111.9,2743,24564
2026-01-14 17:34:11,node-g,0,0.0,15.2,317,24564
2026-01-14 17:34:12,node-f,0,0.0,18.2,317,24564
2026-01-14 17:34:14,node-h,0,0.0,16.2,317,24564
2026-01-14 17:34:15,node-e,0,95.0,218.2,2743,24564
2026-01-14 17:34:16,node-g,0,0.0,15.2,317,24564
2026-01-14 17:34:17,node-f,0,0.0,73.7,525,24564
2026-01-14 17:34:19,node-h,0,0.0,16.2,317,24564
2026-01-14 17:34:20,node-e,0,0.0,115.8,2743,24564
2026-01-14 17:34:21,node-g,0,0.0,15.0,317,24564
2026-01-14 17:34:22,node-f,0,0.0,77.7,525,24564
2026-01-14 17:34:24,node-h,0,0.0,16.2,317,24564
2026-01-14 17:34:25,node-e,0,96.0,217.3,2743,24564
2026-01-14 17:34:26,node-g,0,0.0,15.2,317,24564
2026-01-14 17:34:27,node-f,0,0.0,78.5,525,24564
2026-01-14 17:34:29,node-h,0,0.0,16.2,317,24564
2026-01-14 17:34:30,node-e,0,0.0,154.9,2743,24564
2026-01-14 17:34:31,node-g,0,0.0,15.2,317,24564
2026-01-14 17:34:32,node-f,0,0.0,79.0,525,24564
2026-01-14 17:34:34,node-h,0,0.0,16.3,317,24564
2026-01-14 17:34:35,node-e,0,94.0,216.4,2743,24564
2026-01-14 17:34:36,node-g,0,0.0,15.2,317,24564
2026-01-14 17:34:37,node-f,0,0.0,18.5,525,24564
2026-01-14 17:34:39,node-h,0,0.0,16.2,317,24564
2026-01-14 17:34:40,node-e,0,95.0,217.1,2743,24564
2026-01-14 17:34:41,node-g,0,0.0,15.3,317,24564
2026-01-14 17:34:42,node-f,0,0.0,18.6,525,24564
2026-01-14 17:34:44,node-h,0,0.0,16.3,317,24564
2026-01-14 17:34:45,node-e,0,96.0,218.7,2743,24564
2026-01-14 17:34:46,node-g,0,0.0,15.1,317,24564
2026-01-14 17:34:47,node-f,0,0.0,18.4,525,24564
2026-01-14 17:34:49,node-h,0,0.0,16.3,317,24564
2026-01-14 17:34:50,node-e,0,95.0,216.1,2743,24564
2026-01-14 17:34:51,node-g,0,0.0,15.1,317,24564
2026-01-14 17:34:52,node-f,0,0.0,18.3,525,24564
2026-01-14 17:34:54,node-h,0,0.0,16.3,317,24564
2026-01-14 17:34:55,node-e,0,0.0,116.5,2743,24564
2026-01-14 17:34:56,node-g,0,0.0,15.0,317,24564
2026-01-14 17:34:57,node-f,0,0.0,18.6,525,24564
2026-01-14 17:34:59,node-h,0,0.0,16.4,317,24564
2026-01-14 17:35:00,node-e,0,0.0,112.3,2740,24564
2026-01-14 17:35:01,node-g,0,0.0,15.2,317,24564
2026-01-14 17:35:02,node-f,0,0.0,18.5,525,24564
2026-01-14 17:35:04,node-h,0,0.0,16.3,317,24564
2026-01-14 17:35:05,node-e,0,0.0,23.3,317,24564
2026-01-14 17:35:06,node-g,0,0.0,15.1,317,24564
2026-01-14 17:35:07,node-f,0,0.0,18.5,525,24564
2026-01-14 17:35:09,node-h,0,0.0,16.3,317,24564
2026-01-14 17:35:10,node-e,0,0.0,20.7,317,24564
2026-01-14 17:35:11,node-g,0,0.0,15.2,317,24564
2026-01-14 17:35:12,node-f,0,0.0,18.6,525,24564
2026-01-14 17:35:14,node-h,0,0.0,16.3,317,24564
2026-01-14 17:35:15,node-e,0,0.0,20.1,317,24564
2026-01-14 17:35:16,node-g,0,0.0,15.2,317,24564
2026-01-14 17:35:17,node-f,0,0.0,18.6,525,24564
2026-01-14 17:35:19,node-h,0,0.0,16.2,317,24564
2026-01-14 17:35:20,node-e,0,0.0,19.8,317,24564
2026-01-14 17:35:21,node-g,0,0.0,15.3,317,24564
2026-01-14 17:35:22,node-f,0,0.0,18.6,525,24564
2026-01-14 17:35:24,node-h,0,0.0,16.2,317,24564
2026-01-14 17:35:25,node-e,0,0.0,19.4,317,24564
2026-01-14 17:35:27,node-g,0,0.0,15.3,317,24564
2026-01-14 17:35:27,node-f,0,0.0,18.5,525,24564
2026-01-14 17:35:29,node-h,0,0.0,16.2,317,24564
2026-01-14 17:35:30,node-e,0,0.0,19.3,317,24564
2026-01-14 17:35:32,node-g,0,0.0,15.2,317,24564
2026-01-14 17:35:32,node-f,0,0.0,18.6,525,24564
2026-01-14 17:35:34,node-h,0,0.0,16.2,317,24564
2026-01-14 17:35:35,node-e,0,0.0,19.1,317,24564
2026-01-14 17:35:37,node-g,0,0.0,15.2,317,24564
2026-01-14 17:35:37,node-f,0,0.0,18.4,525,24564
2026-01-14 17:35:39,node-h,0,0.0,16.4,317,24564
2026-01-14 17:35:40,node-e,0,0.0,19.0,317,24564
2026-01-14 17:35:42,node-g,0,0.0,15.3,317,24564
2026-01-14 17:35:42,node-f,0,0.0,18.5,525,24564
2026-01-14 17:35:44,node-h,0,0.0,16.3,317,24564
2026-01-14 17:35:45,node-e,0,0.0,18.9,317,24564
2026-01-14 17:35:47,node-g,0,0.0,15.0,317,24564
2026-01-14 17:35:47,node-f,0,0.0,18.6,525,24564
2026-01-14 17:35:49,node-h,0,0.0,16.2,317,24564
2026-01-14 17:35:50,node-e,0,0.0,18.8,317,24564
2026-01-14 17:35:52,node-g,0,0.0,15.2,317,24564
2026-01-14 17:35:52,node-f,0,0.0,18.6,525,24564
2026-01-14 17:35:54,node-h,0,0.0,16.2,317,24564
2026-01-14 17:35:55,node-e,0,0.0,18.7,317,24564
2026-01-14 17:35:57,node-g,0,0.0,15.3,317,24564
2026-01-14 17:35:57,node-f,0,0.0,18.6,525,24564
2026-01-14 17:35:59,node-h,0,0.0,16.1,317,24564
2026-01-14 17:36:00,node-e,0,0.0,18.6,317,24564
2026-01-14 17:36:02,node-g,0,0.0,15.4,317,24564
2026-01-14 17:36:02,node-f,0,0.0,18.6,525,24564
2026-01-14 17:36:04,node-h,0,0.0,16.1,317,24564
2026-01-14 17:36:05,node-e,0,0.0,18.6,317,24564
2026-01-14 17:36:07,node-g,0,0.0,15.3,317,24564
2026-01-14 17:36:07,node-f,0,0.0,18.6,525,24564
2026-01-14 17:36:09,node-h,0,0.0,16.1,317,24564
2026-01-14 17:36:10,node-e,0,0.0,18.5,317,24564
2026-01-14 17:36:12,node-g,0,0.0,15.5,317,24564
2026-01-14 17:36:12,node-f,0,0.0,18.7,525,24564
2026-01-14 17:36:14,node-h,0,0.0,16.2,317,24564
2026-01-14 17:36:15,node-e,0,0.0,18.5,317,24564
2026-01-14 17:36:17,node-g,0,0.0,15.3,317,24564
2026-01-14 17:36:17,node-f,0,0.0,18.6,525,24564
2026-01-14 17:36:19,node-h,0,0.0,16.4,317,24564
2026-01-14 17:36:20,node-e,0,0.0,18.3,317,24564
2026-01-14 17:36:22,node-g,0,0.0,15.5,317,24564
2026-01-14 17:36:22,node-f,0,0.0,18.7,525,24564
2026-01-14 17:36:24,node-h,0,0.0,16.3,317,24564
2026-01-14 17:36:25,node-e,0,0.0,18.2,317,24564
2026-01-14 17:36:27,node-g,0,0.0,15.4,317,24564
2026-01-14 17:36:27,node-f,0,0.0,18.5,525,24564
2026-01-14 17:36:29,node-h,0,0.0,16.3,317,24564
2026-01-14 17:36:30,node-e,0,0.0,18.2,317,24564
2026-01-14 17:36:32,node-g,0,0.0,15.5,317,24564
2026-01-14 17:36:32,node-f,0,0.0,18.6,525,24564
2026-01-14 17:36:34,node-h,0,0.0,16.2,317,24564
2026-01-14 17:36:35,node-e,0,0.0,18.1,317,24564
2026-01-14 17:36:37,node-g,0,0.0,15.4,317,24564
2026-01-14 17:36:37,node-f,0,0.0,18.7,525,24564
2026-01-14 17:36:39,node-h,0,0.0,16.2,317,24564
2026-01-14 17:36:40,node-e,0,0.0,18.2,317,24564
2026-01-14 17:36:42,node-g,0,0.0,15.3,317,24564
2026-01-14 17:36:42,node-f,0,0.0,18.6,525,24564
2026-01-14 17:36:44,node-h,0,0.0,16.0,317,24564
2026-01-14 17:36:46,node-e,0,0.0,18.0,317,24564
2026-01-14 17:36:47,node-g,0,0.0,15.4,317,24564
2026-01-14 17:36:47,node-f,0,0.0,18.5,525,24564
2026-01-14 17:36:49,node-h,0,0.0,16.2,317,24564
2026-01-14 17:36:51,node-e,0,0.0,17.9,317,24564
2026-01-14 17:36:52,node-g,0,0.0,15.5,317,24564
2026-01-14 17:36:52,node-f,0,0.0,18.6,525,24564
2026-01-14 17:36:54,node-h,0,0.0,16.3,317,24564
2026-01-14 17:36:56,node-e,0,0.0,18.1,317,24564
2026-01-14 17:36:57,node-g,0,0.0,15.5,317,24564
2026-01-14 17:36:57,node-f,0,0.0,18.7,525,24564
2026-01-14 17:36:59,node-h,0,0.0,16.1,317,24564
2026-01-14 17:37:01,node-e,0,0.0,18.0,317,24564
2026-01-14 17:37:02,node-g,0,0.0,15.4,317,24564
2026-01-14 17:37:02,node-f,0,0.0,18.6,525,24564
2026-01-14 17:37:04,node-h,0,0.0,16.2,317,24564
2026-01-14 17:37:06,node-e,0,0.0,17.8,317,24564
2026-01-14 17:37:07,node-g,0,0.0,15.5,317,24564
2026-01-14 17:37:07,node-f,0,0.0,18.6,525,24564
2026-01-14 17:37:09,node-h,0,0.0,16.3,317,24564
2026-01-14 17:37:11,node-e,0,0.0,18.1,317,24564
2026-01-14 17:37:12,node-g,0,0.0,15.4,317,24564
2026-01-14 17:37:12,node-f,0,0.0,18.7,525,24564
2026-01-14 17:37:14,node-h,0,0.0,16.4,317,24564
2026-01-14 17:37:16,node-e,0,0.0,17.8,317,24564
2026-01-14 17:37:17,node-g,0,0.0,15.3,317,24564
2026-01-14 17:37:17,node-f,0,0.0,18.6,525,24564
2026-01-14 17:37:19,node-h,0,0.0,16.4,317,24564
2026-01-14 17:37:21,node-e,0,0.0,17.8,317,24564
2026-01-14 17:37:22,node-g,0,0.0,15.4,317,24564
2026-01-14 17:37:23,node-f,0,0.0,18.6,525,24564
2026-01-14 17:37:24,node-h,0,0.0,16.3,317,24564
2026-01-14 17:37:26,node-e,0,0.0,17.9,317,24564
2026-01-14 17:37:27,node-g,0,0.0,15.3,317,24564
2026-01-14 17:37:28,node-f,0,0.0,18.7,525,24564
2026-01-14 17:37:29,node-h,0,0.0,16.3,317,24564
2026-01-14 17:37:31,node-e,0,0.0,17.6,317,24564
2026-01-14 17:37:32,node-g,0,0.0,15.3,317,24564
2026-01-14 17:37:33,node-f,0,0.0,18.5,525,24564
2026-01-14 17:37:34,node-h,0,0.0,16.2,317,24564
2026-01-14 17:37:36,node-e,0,0.0,17.7,317,24564
2026-01-14 17:37:37,node-g,0,0.0,15.2,317,24564
2026-01-14 17:37:38,node-f,0,0.0,18.6,525,24564
2026-01-14 17:37:39,node-h,0,0.0,16.2,317,24564
2026-01-14 17:37:41,node-e,0,0.0,17.4,317,24564
2026-01-14 17:37:42,node-g,0,0.0,15.3,317,24564
2026-01-14 17:37:43,node-f,0,0.0,18.6,525,24564
2026-01-14 17:37:44,node-h,0,0.0,16.2,317,24564
2026-01-14 17:37:46,node-e,0,0.0,17.4,317,24564
2026-01-14 17:37:47,node-g,0,0.0,15.4,317,24564
2026-01-14 17:37:48,node-f,0,0.0,18.6,525,24564
2026-01-14 17:37:49,node-h,0,0.0,16.2,317,24564
2026-01-14 17:37:51,node-e,0,0.0,17.5,317,24564
2026-01-14 17:37:52,node-g,0,0.0,15.3,317,24564
2026-01-14 17:37:53,node-f,0,0.0,18.5,525,24564
2026-01-14 17:37:54,node-h,0,0.0,16.1,317,24564
2026-01-14 17:37:56,node-e,0,0.0,17.5,317,24564
2026-01-14 17:37:57,node-g,0,0.0,15.5,317,24564
2026-01-14 17:37:58,node-f,0,0.0,18.5,525,24564
2026-01-14 17:38:00,node-h,0,0.0,16.0,317,24564
2026-01-14 17:38:01,node-e,0,0.0,17.4,317,24564
2026-01-14 17:38:02,node-g,0,0.0,15.3,317,24564
2026-01-14 17:38:03,node-f,0,0.0,18.5,525,24564
2026-01-14 17:38:05,node-h,0,0.0,16.1,317,24564
2026-01-14 17:38:06,node-e,0,0.0,17.4,317,24564
2026-01-14 17:38:07,node-g,0,0.0,15.4,317,24564
2026-01-14 17:38:08,node-f,0,0.0,18.6,525,24564
2026-01-14 17:38:10,node-h,0,0.0,16.1,317,24564
2026-01-14 17:38:11,node-e,0,0.0,17.6,317,24564
2026-01-14 17:38:12,node-g,0,0.0,15.5,317,24564
2026-01-14 17:38:13,node-f,0,0.0,18.6,525,24564
2026-01-14 17:38:15,node-h,0,0.0,16.3,317,24564
2026-01-14 17:38:16,node-e,0,0.0,17.4,317,24564
2026-01-14 17:38:17,node-g,0,0.0,15.4,317,24564
2026-01-14 17:38:18,node-f,0,0.0,18.4,525,24564
2026-01-14 17:38:20,node-h,0,0.0,16.2,317,24564
2026-01-14 17:38:21,node-e,0,0.0,17.5,317,24564
2026-01-14 17:38:22,node-g,0,0.0,15.5,317,24564
2026-01-14 17:38:23,node-f,0,0.0,18.5,525,24564
2026-01-14 17:38:25,node-h,0,0.0,16.2,317,24564
2026-01-14 17:38:26,node-e,0,0.0,17.6,317,24564
2026-01-14 17:38:27,node-g,0,0.0,15.5,317,24564
2026-01-14 17:38:28,node-f,0,0.0,18.6,525,24564
2026-01-14 17:38:30,node-h,0,0.0,16.2,317,24564
2026-01-14 17:38:31,node-e,0,0.0,17.4,317,24564
2026-01-14 17:38:32,node-g,0,0.0,15.4,317,24564
2026-01-14 17:38:33,node-f,0,0.0,18.6,525,24564
2026-01-14 17:38:35,node-h,0,0.0,16.2,317,24564
2026-01-14 17:38:36,node-e,0,0.0,17.2,317,24564
2026-01-14 17:38:37,node-g,0,0.0,15.5,317,24564
2026-01-14 17:38:38,node-f,0,0.0,18.6,525,24564
2026-01-14 17:38:40,node-h,0,0.0,16.2,317,24564
2026-01-14 17:38:41,node-e,0,0.0,17.1,317,24564
2026-01-14 17:38:42,node-g,0,0.0,15.6,317,24564
2026-01-14 17:38:43,node-f,0,0.0,18.6,525,24564
2026-01-14 17:38:45,node-h,0,0.0,16.2,317,24564
2026-01-14 17:38:46,node-e,0,0.0,17.4,317,24564
2026-01-14 17:38:47,node-g,0,0.0,15.5,317,24564
2026-01-14 17:38:48,node-f,0,0.0,18.5,525,24564
2026-01-14 17:38:50,node-h,0,0.0,16.2,317,24564
2026-01-14 17:38:51,node-e,0,0.0,17.3,317,24564
2026-01-14 17:38:52,node-g,0,0.0,15.4,317,24564
2026-01-14 17:38:53,node-f,0,0.0,18.5,525,24564
2026-01-14 17:38:55,node-h,0,0.0,16.1,317,24564
2026-01-14 17:38:56,node-e,0,0.0,17.3,317,24564
2026-01-14 17:38:57,node-g,0,0.0,15.3,317,24564
2026-01-14 17:38:58,node-f,0,0.0,18.5,525,24564
2026-01-14 17:39:00,node-h,0,0.0,16.2,317,24564
2026-01-14 17:39:01,node-e,0,0.0,17.4,317,24564
2026-01-14 17:39:02,node-g,0,0.0,15.5,317,24564
2026-01-14 17:39:03,node-f,0,0.0,18.6,525,24564
2026-01-14 17:39:05,node-h,0,0.0,16.4,317,24564
2026-01-14 17:39:06,node-e,0,0.0,17.4,317,24564
2026-01-14 17:39:07,node-g,0,0.0,15.5,317,24564
2026-01-14 17:39:08,node-f,0,0.0,18.5,525,24564
2026-01-14 17:39:10,node-h,0,0.0,16.3,317,24564
2026-01-14 17:39:11,node-e,0,0.0,17.3,317,24564
2026-01-14 17:39:12,node-g,0,0.0,15.5,317,24564
2026-01-14 17:39:13,node-f,0,0.0,18.6,525,24564
2026-01-14 17:39:15,node-h,0,0.0,16.1,317,24564
2026-01-14 17:39:16,node-e,0,0.0,17.5,317,24564
2026-01-14 17:39:17,node-g,0,0.0,15.6,317,24564
2026-01-14 17:39:18,node-f,0,0.0,18.7,525,24564
2026-01-14 17:39:20,node-h,0,0.0,16.5,317,24564
2026-01-14 17:39:21,node-e,0,0.0,17.6,317,24564
2026-01-14 17:39:22,node-g,0,0.0,15.6,317,24564
2026-01-14 17:39:23,node-f,0,0.0,18.6,525,24564
2026-01-14 17:39:25,node-h,0,0.0,16.2,317,24564
2026-01-14 17:39:26,node-e,0,0.0,17.5,317,24564
2026-01-14 17:39:27,node-g,0,0.0,15.5,317,24564
2026-01-14 17:39:28,node-f,0,0.0,18.6,525,24564
2026-01-14 17:39:30,node-h,0,0.0,16.4,317,24564
2026-01-14 17:39:31,node-e,0,0.0,17.6,317,24564
2026-01-14 17:39:32,node-g,0,0.0,15.5,317,24564
2026-01-14 17:39:33,node-f,0,0.0,18.5,525,24564
2026-01-14 17:39:35,node-h,0,0.0,16.3,317,24564
2026-01-14 17:39:36,node-e,0,0.0,17.6,317,24564
2026-01-14 17:39:37,node-g,0,0.0,15.6,317,24564
2026-01-14 17:39:38,node-f,0,0.0,18.5,525,24564
2026-01-14 17:39:40,node-h,0,0.0,16.2,317,24564
2026-01-14 17:39:41,node-e,0,0.0,17.6,317,24564
2026-01-14 17:39:42,node-g,0,0.0,15.6,317,24564
2026-01-14 17:39:43,node-f,0,0.0,18.5,525,24564
2026-01-14 17:39:45,node-h,0,0.0,16.2,317,24564
2026-01-14 17:39:46,node-e,0,0.0,17.5,317,24564
2026-01-14 17:39:47,node-g,0,0.0,15.6,317,24564
2026-01-14 17:39:48,node-f,0,0.0,18.7,525,24564
2026-01-14 17:39:50,node-h,0,0.0,16.3,317,24564
2026-01-14 17:39:51,node-e,0,0.0,17.6,317,24564
2026-01-14 17:39:52,node-g,0,0.0,15.5,317,24564
2026-01-14 17:39:53,node-f,0,0.0,18.8,525,24564
2026-01-14 17:39:55,node-h,0,0.0,16.2,317,24564
2026-01-14 17:39:56,node-e,0,0.0,17.5,317,24564
2026-01-14 17:39:57,node-g,0,0.0,15.5,317,24564
2026-01-14 17:39:58,node-f,0,0.0,18.7,525,24564
2026-01-14 17:40:00,node-h,0,0.0,16.3,317,24564
2026-01-14 17:40:01,node-e,0,0.0,17.5,317,24564
2026-01-14 17:40:02,node-g,0,0.0,15.4,317,24564
2026-01-14 17:40:03,node-f,0,0.0,18.7,525,24564
2026-01-14 17:40:05,node-h,0,0.0,16.2,317,24564
2026-01-14 17:40:06,node-e,0,0.0,17.4,317,24564
2026-01-14 17:40:07,node-g,0,0.0,15.5,317,24564
2026-01-14 17:40:08,node-f,0,0.0,18.8,525,24564
2026-01-14 17:40:10,node-h,0,0.0,16.0,317,24564
2026-01-14 17:40:11,node-e,0,0.0,17.6,317,24564
2026-01-14 17:40:12,node-g,0,0.0,15.6,317,24564
2026-01-14 17:40:13,node-f,0,0.0,18.6,525,24564
2026-01-14 17:40:15,node-h,0,0.0,16.0,317,24564
2026-01-14 17:40:16,node-e,0,0.0,17.4,317,24564
2026-01-14 17:40:17,node-g,0,0.0,15.5,317,24564
2026-01-14 17:40:18,node-f,0,0.0,18.7,525,24564
2026-01-14 17:40:20,node-h,0,0.0,16.1,317,24564
2026-01-14 17:40:21,node-e,0,0.0,17.4,317,24564
2026-01-14 17:40:22,node-g,0,0.0,15.7,317,24564
2026-01-14 17:40:23,node-f,0,0.0,18.6,525,24564
2026-01-14 17:40:25,node-h,0,0.0,16.1,317,24564
2026-01-14 17:40:26,node-e,0,0.0,17.4,317,24564
2026-01-14 17:40:27,node-g,0,0.0,15.7,317,24564
2026-01-14 17:40:28,node-f,0,0.0,18.6,525,24564
2026-01-14 17:40:30,node-h,0,0.0,16.1,317,24564
2026-01-14 17:40:31,node-e,0,0.0,17.6,317,24564
2026-01-14 17:40:32,node-g,0,0.0,15.6,317,24564
2026-01-14 17:40:33,node-f,0,0.0,18.7,525,24564
2026-01-14 17:40:35,node-h,0,0.0,16.1,317,24564
2026-01-14 17:40:36,node-e,0,0.0,17.5,317,24564
2026-01-14 17:40:37,node-g,0,0.0,15.8,317,24564
2026-01-14 17:40:38,node-f,0,0.0,18.5,525,24564
2026-01-14 17:40:40,node-h,0,0.0,16.1,317,24564
2026-01-14 17:40:41,node-e,0,0.0,17.4,317,24564
2026-01-14 17:40:42,node-g,0,0.0,15.6,317,24564
2026-01-14 17:40:43,node-f,0,0.0,18.6,525,24564
2026-01-14 17:40:45,node-h,0,0.0,16.3,317,24564
2026-01-14 17:40:46,node-e,0,0.0,17.5,317,24564
2026-01-14 17:40:47,node-g,0,0.0,15.5,317,24564
2026-01-14 17:40:48,node-f,0,0.0,18.5,525,24564
2026-01-14 17:40:50,node-h,0,0.0,16.2,317,24564
2026-01-14 17:40:51,node-e,0,0.0,17.7,317,24564
2026-01-14 17:40:52,node-g,0,0.0,15.5,317,24564
2026-01-14 17:40:53,node-f,0,0.0,18.6,525,24564
2026-01-14 17:40:55,node-h,0,0.0,16.1,317,24564
2026-01-14 17:40:56,node-e,0,0.0,17.4,317,24564
2026-01-14 17:40:57,node-g,0,0.0,15.7,317,24564
2026-01-14 17:40:58,node-f,0,0.0,18.6,525,24564
2026-01-14 17:41:00,node-h,0,0.0,16.2,317,24564
2026-01-14 17:41:01,node-e,0,0.0,17.6,317,24564
2026-01-14 17:41:02,node-g,0,0.0,15.6,317,24564
2026-01-14 17:41:03,node-f,0,0.0,18.5,525,24564
2026-01-14 17:41:05,node-h,0,0.0,16.2,317,24564
2026-01-14 17:41:06,node-e,0,0.0,17.6,317,24564
2026-01-14 17:41:07,node-g,0,0.0,15.7,317,24564
2026-01-14 17:41:08,node-f,0,0.0,18.6,525,24564
2026-01-14 17:41:10,node-h,0,0.0,16.3,317,24564
2026-01-14 17:41:11,node-e,0,0.0,17.4,317,24564
2026-01-14 17:41:12,node-g,0,0.0,15.7,317,24564
2026-01-14 17:41:13,node-f,0,0.0,18.6,525,24564
2026-01-14 17:41:15,node-h,0,0.0,16.1,317,24564
2026-01-14 17:41:16,node-e,0,0.0,17.5,317,24564
2026-01-14 17:41:17,node-g,0,0.0,15.7,317,24564
2026-01-14 17:41:18,node-f,0,0.0,18.6,525,24564
2026-01-14 17:41:20,node-h,0,0.0,16.2,317,24564
2026-01-14 17:41:21,node-e,0,0.0,17.6,317,24564
2026-01-14 17:41:22,node-g,0,0.0,15.4,317,24564
2026-01-14 17:41:23,node-f,0,0.0,18.5,525,24564
2026-01-14 17:41:25,node-h,0,0.0,16.2,317,24564
2026-01-14 17:41:26,node-e,0,0.0,17.6,317,24564
2026-01-14 17:41:27,node-g,0,0.0,15.5,317,24564
2026-01-14 17:41:28,node-f,0,0.0,18.6,525,24564
2026-01-14 17:41:30,node-h,0,0.0,16.3,317,24564
2026-01-14 17:41:31,node-e,0,0.0,17.5,317,24564
2026-01-14 17:41:32,node-g,0,0.0,15.5,317,24564
2026-01-14 17:41:33,node-f,0,0.0,18.6,525,24564
2026-01-14 17:41:35,node-h,0,0.0,16.2,317,24564
2026-01-14 17:41:36,node-e,0,0.0,17.5,317,24564
2026-01-14 17:41:37,node-g,0,0.0,15.5,317,24564
2026-01-14 17:41:38,node-f,0,0.0,18.6,525,24564
2026-01-14 17:41:40,node-h,0,0.0,16.1,317,24564
2026-01-14 17:41:41,node-e,0,0.0,17.4,317,24564
2026-01-14 17:41:42,node-g,0,0.0,15.5,317,24564
2026-01-14 17:41:43,node-f,0,0.0,18.4,525,24564
2026-01-14 17:41:45,node-h,0,0.0,16.2,317,24564
2026-01-14 17:41:46,node-e,0,0.0,17.5,317,24564
2026-01-14 17:41:48,node-g,0,0.0,15.5,317,24564
2026-01-14 17:41:48,node-f,0,0.0,18.6,525,24564
2026-01-14 17:41:50,node-h,0,0.0,16.2,317,24564
2026-01-14 17:41:51,node-e,0,0.0,17.5,317,24564
2026-01-14 17:41:53,node-g,0,0.0,15.6,317,24564
2026-01-14 17:41:53,node-f,0,0.0,18.6,525,24564
2026-01-14 17:41:55,node-h,0,0.0,16.2,317,24564
2026-01-14 17:41:56,node-e,0,0.0,17.5,317,24564
2026-01-14 17:41:58,node-g,0,0.0,15.6,317,24564
2026-01-14 17:41:58,node-f,0,0.0,18.5,525,24564
2026-01-14 17:42:00,node-h,0,0.0,16.2,317,24564
2026-01-14 17:42:01,node-e,0,0.0,17.4,317,24564
2026-01-14 17:42:03,node-g,0,0.0,15.4,317,24564
2026-01-14 17:42:03,node-f,0,0.0,18.6,525,24564
2026-01-14 17:42:05,node-h,0,0.0,16.4,317,24564
2026-01-14 17:42:06,node-e,0,0.0,17.4,317,24564
2026-01-14 17:42:08,node-g,0,0.0,15.4,317,24564
2026-01-14 17:42:08,node-f,0,0.0,18.7,525,24564
2026-01-14 17:42:10,node-h,0,0.0,16.3,317,24564
2026-01-14 17:42:11,node-e,0,0.0,17.4,317,24564
2026-01-14 17:42:13,node-g,0,0.0,15.5,317,24564
2026-01-14 17:42:13,node-f,0,0.0,18.5,525,24564
2026-01-14 17:42:15,node-h,0,0.0,16.1,317,24564
2026-01-14 17:42:16,node-e,0,0.0,17.6,317,24564
2026-01-14 17:42:18,node-g,0,0.0,15.6,317,24564
2026-01-14 17:42:18,node-f,0,0.0,18.6,525,24564
2026-01-14 17:42:20,node-h,0,0.0,16.3,317,24564
2026-01-14 17:42:21,node-e,0,0.0,17.5,317,24564
2026-01-14 17:42:23,node-g,0,0.0,15.4,317,24564
2026-01-14 17:42:23,node-f,0,0.0,18.6,525,24564
2026-01-14 17:42:25,node-h,0,0.0,16.1,317,24564
2026-01-14 17:42:26,node-e,0,0.0,17.4,317,24564
2026-01-14 17:42:28,node-g,0,0.0,15.7,317,24564
2026-01-14 17:42:28,node-f,0,0.0,18.6,525,24564
2026-01-14 17:42:30,node-h,0,0.0,16.2,317,24564
2026-01-14 17:42:31,node-e,0,0.0,17.6,317,24564
2026-01-14 17:42:33,node-g,0,0.0,15.6,317,24564
2026-01-14 17:42:33,node-f,0,0.0,18.6,525,24564
2026-01-14 17:42:35,node-h,0,0.0,16.2,317,24564
2026-01-14 17:42:36,node-e,0,0.0,17.4,317,24564
2026-01-14 17:42:38,node-g,0,0.0,15.5,317,24564
2026-01-14 17:42:38,node-f,0,0.0,18.8,525,24564
2026-01-14 17:42:40,node-h,0,0.0,16.2,317,24564
2026-01-14 17:42:41,node-e,0,0.0,17.4,317,24564
2026-01-14 17:42:43,node-g,0,0.0,15.7,317,24564
2026-01-14 17:42:43,node-f,0,0.0,18.7,525,24564
2026-01-14 17:42:45,node-h,0,0.0,16.2,317,24564
2026-01-14 17:42:46,node-e,0,0.0,17.3,317,24564
2026-01-14 17:42:48,node-g,0,0.0,15.5,317,24564
2026-01-14 17:42:48,node-f,0,0.0,18.7,525,24564
2026-01-14 17:42:50,node-h,0,0.0,16.1,317,24564
2026-01-14 17:42:52,node-e,0,0.0,17.4,317,24564
2026-01-14 17:42:53,node-g,0,0.0,15.7,317,24564
2026-01-14 17:42:53,node-f,0,0.0,18.6,525,24564
2026-01-14 17:42:55,node-h,0,0.0,16.1,317,24564
2026-01-14 17:42:57,node-e,0,0.0,17.3,317,24564
2026-01-14 17:42:58,node-g,0,0.0,15.5,317,24564
2026-01-14 17:42:58,node-f,0,0.0,18.7,525,24564
2026-01-14 17:43:00,node-h,0,0.0,16.1,317,24564
2026-01-14 17:43:02,node-e,0,0.0,17.3,317,24564
2026-01-14 17:43:03,node-g,0,0.0,15.6,317,24564
2026-01-14 17:43:03,node-f,0,0.0,18.6,525,24564
2026-01-14 17:43:05,node-h,0,0.0,16.2,317,24564
2026-01-14 17:43:07,node-e,0,0.0,17.4,317,24564
2026-01-14 17:43:08,node-g,0,0.0,15.6,317,24564
2026-01-14 17:43:08,node-f,0,0.0,18.5,525,24564
2026-01-14 17:43:10,node-h,0,0.0,16.4,317,24564
2026-01-14 17:43:12,node-e,0,0.0,17.3,317,24564
2026-01-14 17:43:13,node-g,0,0.0,15.7,317,24564
2026-01-14 17:43:13,node-f,0,0.0,18.6,525,24564
2026-01-14 17:43:15,node-h,0,0.0,16.1,317,24564
2026-01-14 17:43:17,node-e,0,0.0,17.3,317,24564
2026-01-14 17:43:18,node-g,0,0.0,15.6,317,24564
2026-01-14 17:43:18,node-f,0,0.0,18.6,525,24564
2026-01-14 17:43:20,node-h,0,0.0,16.3,317,24564
2026-01-14 17:43:22,node-e,0,0.0,17.3,317,24564
2026-01-14 17:43:23,node-g,0,0.0,15.7,317,24564
2026-01-14 17:43:23,node-f,0,0.0,18.6,525,24564
2026-01-14 17:43:25,node-h,0,0.0,16.5,317,24564
2026-01-14 17:43:27,node-e,0,0.0,17.5,317,24564
2026-01-14 17:43:28,node-g,0,0.0,15.6,317,24564
2026-01-14 17:43:28,node-f,0,0.0,18.7,525,24564
2026-01-14 17:43:30,node-h,0,0.0,16.6,317,24564
2026-01-14 17:43:32,node-e,0,0.0,17.3,317,24564
2026-01-14 17:43:33,node-g,0,0.0,15.8,317,24564
2026-01-14 17:43:33,node-f,0,0.0,18.7,525,24564
2026-01-14 17:43:35,node-h,0,0.0,16.4,317,24564
2026-01-14 17:43:37,node-e,0,0.0,17.3,317,24564
2026-01-14 17:43:38,node-g,0,0.0,15.6,317,24564
2026-01-14 17:43:38,node-f,0,0.0,18.6,525,24564
2026-01-14 17:43:40,node-h,0,0.0,16.3,317,24564
2026-01-14 17:43:42,node-e,0,0.0,17.3,317,24564
2026-01-14 17:43:43,node-g,0,0.0,15.5,317,24564
2026-01-14 17:43:43,node-f,0,0.0,18.6,525,24564
2026-01-14 17:43:45,node-h,0,0.0,16.6,317,24564
2026-01-14 17:43:47,node-e,0,0.0,17.2,317,24564
2026-01-14 17:43:48,node-g,0,0.0,15.6,317,24564
2026-01-14 17:43:49,node-f,0,0.0,18.6,525,24564
2026-01-14 17:43:50,node-h,0,0.0,16.5,317,24564
2026-01-14 17:43:52,node-e,0,0.0,17.1,317,24564
2026-01-14 17:43:53,node-g,0,0.0,15.7,317,24564
2026-01-14 17:43:54,node-f,0,0.0,18.6,525,24564
2026-01-14 17:43:55,node-h,0,0.0,16.4,317,24564
2026-01-14 17:43:57,node-e,0,0.0,17.3,317,24564
2026-01-14 17:43:58,node-g,0,0.0,15.8,317,24564
2026-01-14 17:43:59,node-f,0,0.0,18.6,525,24564
2026-01-14 17:44:00,node-h,0,0.0,16.4,317,24564
2026-01-14 17:44:02,node-e,0,0.0,17.3,317,24564
2026-01-14 17:44:03,node-g,0,0.0,15.7,317,24564
2026-01-14 17:44:04,node-f,0,0.0,18.6,525,24564
2026-01-14 17:44:05,node-h,0,0.0,16.3,317,24564
2026-01-14 17:44:07,node-e,0,0.0,17.2,317,24564
2026-01-14 17:44:08,node-g,0,0.0,15.8,317,24564
2026-01-14 17:44:09,node-f,0,0.0,18.6,525,24564
2026-01-14 17:44:11,node-h,0,0.0,16.4,317,24564
2026-01-14 17:44:12,node-e,0,0.0,17.3,317,24564
2026-01-14 17:44:13,node-g,0,0.0,15.8,317,24564
2026-01-14 17:44:14,node-f,0,0.0,18.5,525,24564
2026-01-14 17:44:16,node-h,0,0.0,16.6,317,24564
2026-01-14 17:44:17,node-e,0,0.0,17.4,317,24564
2026-01-14 17:44:18,node-g,0,0.0,15.7,317,24564
2026-01-14 17:44:19,node-f,0,0.0,18.7,525,24564
2026-01-14 17:44:21,node-h,0,0.0,16.5,317,24564
2026-01-14 17:44:22,node-e,0,0.0,17.2,317,24564
2026-01-14 17:44:23,node-g,0,0.0,15.8,317,24564
2026-01-14 17:44:24,node-f,0,0.0,18.6,525,24564
2026-01-14 17:44:26,node-h,0,0.0,16.5,317,24564
2026-01-14 17:44:27,node-e,0,0.0,17.3,317,24564
2026-01-14 17:44:28,node-g,0,0.0,15.7,317,24564
2026-01-14 17:44:29,node-f,0,0.0,18.5,525,24564
2026-01-14 17:44:31,node-h,0,0.0,16.6,317,24564
2026-01-14 17:44:32,node-e,0,0.0,17.3,317,24564
2026-01-14 17:44:33,node-g,0,0.0,15.5,317,24564
2026-01-14 17:44:34,node-f,0,0.0,18.6,525,24564
2026-01-14 17:44:36,node-h,0,0.0,16.5,317,24564
2026-01-14 17:44:37,node-e,0,0.0,17.3,317,24564
2026-01-14 17:44:38,node-g,0,0.0,15.7,317,24564
2026-01-14 17:44:39,node-f,0,0.0,18.7,525,24564
2026-01-14 17:44:41,node-h,0,0.0,16.4,317,24564
2026-01-14 17:44:42,node-e,0,0.0,17.3,317,24564
2026-01-14 17:44:43,node-g,0,0.0,15.7,317,24564
2026-01-14 17:44:44,node-f,0,0.0,18.8,525,24564
2026-01-14 17:44:46,node-h,0,0.0,16.4,317,24564
2026-01-14 17:44:47,node-e,0,0.0,17.1,317,24564
2026-01-14 17:44:48,node-g,0,0.0,15.7,317,24564
2026-01-14 17:44:49,node-f,0,0.0,18.7,525,24564
2026-01-14 17:44:51,node-h,0,0.0,16.6,317,24564
2026-01-14 17:44:52,node-e,0,0.0,17.2,317,24564
2026-01-14 17:44:53,node-g,0,0.0,15.5,317,24564
2026-01-14 17:44:54,node-f,0,0.0,18.5,525,24564
2026-01-14 17:44:56,node-h,0,0.0,16.5,317,24564
2026-01-14 17:44:57,node-e,0,0.0,17.2,317,24564
2026-01-14 17:44:58,node-g,0,0.0,15.6,317,24564
2026-01-14 17:44:59,node-f,0,0.0,18.5,525,24564
2026-01-14 17:45:01,node-h,0,0.0,16.5,317,24564
2026-01-14 17:45:02,node-e,0,0.0,17.2,317,24564
2026-01-14 17:45:03,node-g,0,0.0,15.5,317,24564
2026-01-14 17:45:04,node-f,0,0.0,18.6,525,24564
2026-01-14 17:45:06,node-h,0,0.0,16.5,317,24564
2026-01-14 17:45:07,node-e,0,0.0,17.2,317,24564
2026-01-14 17:45:08,node-g,0,0.0,15.5,317,24564
2026-01-14 17:45:09,node-f,0,0.0,18.5,525,24564
2026-01-14 17:45:11,node-h,0,0.0,16.4,317,24564
2026-01-14 17:45:12,node-e,0,0.0,17.3,317,24564
2026-01-14 17:45:13,node-g,0,0.0,15.6,317,24564
2026-01-14 17:45:14,node-f,0,0.0,18.5,525,24564
2026-01-14 17:45:16,node-h,0,0.0,16.4,317,24564
2026-01-14 17:45:17,node-e,0,0.0,17.3,317,24564
2026-01-14 17:45:18,node-g,0,0.0,15.4,317,24564
2026-01-14 17:45:19,node-f,0,0.0,18.6,525,24564
2026-01-14 17:45:21,node-h,0,0.0,16.6,317,24564
2026-01-14 17:45:22,node-e,0,0.0,17.4,317,24564
2026-01-14 17:45:23,node-g,0,0.0,15.4,317,24564
2026-01-14 17:45:24,node-f,0,0.0,18.5,525,24564
2026-01-14 17:45:26,node-h,0,0.0,16.4,317,24564
2026-01-14 17:45:27,node-e,0,0.0,17.3,317,24564
2026-01-14 17:45:28,node-g,0,0.0,15.5,317,24564
2026-01-14 17:45:29,node-f,0,0.0,18.4,525,24564
2026-01-14 17:45:31,node-h,0,0.0,16.6,317,24564
2026-01-14 17:45:32,node-e,0,0.0,17.4,317,24564
2026-01-14 17:45:33,node-g,0,0.0,15.4,317,24564
2026-01-14 17:45:34,node-f,0,0.0,18.5,525,24564
2026-01-14 17:45:36,node-h,0,0.0,16.4,317,24564
2026-01-14 17:45:37,node-e,0,0.0,17.2,317,24564
2026-01-14 17:45:38,node-g,0,0.0,15.3,317,24564
2026-01-14 17:45:39,node-f,0,0.0,18.4,525,24564
2026-01-14 17:45:41,node-h,0,0.0,16.5,317,24564
2026-01-14 17:45:42,node-e,0,0.0,17.4,317,24564
2026-01-14 17:45:43,node-g,0,0.0,15.3,317,24564
2026-01-14 17:45:44,node-f,0,0.0,18.5,525,24564
2026-01-14 17:45:46,node-h,0,0.0,16.4,317,24564
2026-01-14 17:45:47,node-e,0,0.0,17.3,317,24564
2026-01-14 17:45:48,node-g,0,0.0,15.4,317,24564
2026-01-14 17:45:49,node-f,0,0.0,18.5,525,24564
2026-01-14 17:45:51,node-h,0,0.0,16.5,317,24564
2026-01-14 17:45:52,node-e,0,0.0,17.4,317,24564
2026-01-14 17:45:53,node-g,0,0.0,15.4,317,24564
2026-01-14 17:45:54,node-f,0,0.0,18.5,525,24564
2026-01-14 17:45:56,node-h,0,0.0,16.4,317,24564
2026-01-14 17:45:57,node-e,0,0.0,17.3,317,24564
2026-01-14 17:45:58,node-g,0,0.0,15.4,317,24564
2026-01-14 17:45:59,node-f,0,0.0,18.4,525,24564
2026-01-14 17:46:01,node-h,0,0.0,16.3,317,24564
2026-01-14 17:46:02,node-e,0,0.0,17.3,317,24564
2026-01-14 17:46:03,node-g,0,0.0,15.6,317,24564
2026-01-14 17:46:04,node-f,0,0.0,18.4,525,24564
2026-01-14 17:46:06,node-h,0,0.0,16.2,317,24564
2026-01-14 17:46:07,node-e,0,0.0,17.3,317,24564
2026-01-14 17:46:08,node-g,0,0.0,15.5,317,24564
2026-01-14 17:46:09,node-f,0,0.0,18.5,525,24564
2026-01-14 17:46:11,node-h,0,0.0,16.0,317,24564
2026-01-14 17:46:12,node-e,0,0.0,17.4,317,24564
2026-01-14 17:46:13,node-g,0,0.0,15.4,317,24564
2026-01-14 17:46:14,node-f,0,0.0,18.5,525,24564
2026-01-14 17:46:16,node-h,0,0.0,16.1,317,24564
2026-01-14 17:46:17,node-e,0,0.0,17.3,317,24564
2026-01-14 17:46:18,node-g,0,0.0,15.5,317,24564
2026-01-14 17:46:19,node-f,0,0.0,18.6,525,24564
2026-01-14 17:46:21,node-h,0,0.0,16.2,317,24564
2026-01-14 17:46:22,node-e,0,0.0,17.4,317,24564
2026-01-14 17:46:23,node-g,0,0.0,15.6,317,24564
2026-01-14 17:46:24,node-f,0,0.0,18.5,525,24564
2026-01-14 17:46:26,node-h,0,0.0,16.4,317,24564
2026-01-14 17:46:28,node-g,0,0.0,15.5,317,24564
2026-01-14 17:46:29,node-f,0,0.0,18.6,525,24564
2026-01-14 17:46:31,node-h,0,0.0,16.3,317,24564
2026-01-14 17:46:33,node-e,0,0.0,17.3,317,24564
2026-01-14 17:46:33,node-g,0,0.0,15.5,317,24564
2026-01-14 17:46:34,node-f,0,0.0,18.5,525,24564
2026-01-14 17:46:36,node-h,0,0.0,16.4,317,24564
2026-01-14 17:46:38,node-e,0,0.0,17.3,317,24564
2026-01-14 17:46:38,node-g,0,0.0,15.5,317,24564
2026-01-14 17:46:39,node-f,0,0.0,18.5,525,24564
2026-01-14 17:46:41,node-h,0,0.0,16.4,317,24564
2026-01-14 17:46:43,node-e,0,0.0,17.4,317,24564
2026-01-14 17:46:43,node-g,0,0.0,15.4,317,24564
2026-01-14 17:46:44,node-f,0,0.0,18.6,525,24564
2026-01-14 17:46:46,node-h,0,0.0,16.2,317,24564
2026-01-14 17:46:48,node-e,0,0.0,17.5,317,24564
2026-01-14 17:46:48,node-g,0,0.0,15.4,317,24564
2026-01-14 17:46:49,node-f,0,0.0,18.5,525,24564
2026-01-14 17:46:51,node-h,0,0.0,16.3,317,24564
2026-01-14 17:46:53,node-e,0,0.0,17.4,317,24564
2026-01-14 17:46:53,node-g,0,0.0,15.4,317,24564
2026-01-14 17:46:54,node-f,0,0.0,18.5,525,24564
2026-01-14 17:46:56,node-h,0,0.0,16.2,317,24564
2026-01-14 17:46:58,node-e,0,0.0,17.4,317,24564
2026-01-14 17:46:58,node-g,0,0.0,15.4,317,24564
2026-01-14 17:46:59,node-f,0,0.0,18.6,525,24564
2026-01-14 17:47:01,node-h,0,0.0,16.3,317,24564
2026-01-14 17:47:03,node-e,0,0.0,17.5,317,24564
2026-01-14 17:47:03,node-g,0,0.0,15.5,317,24564
2026-01-14 17:47:04,node-f,0,0.0,18.5,525,24564
2026-01-14 17:47:06,node-h,0,0.0,16.3,317,24564
2026-01-14 17:47:08,node-e,0,0.0,17.5,317,24564
2026-01-14 17:47:08,node-g,0,0.0,15.6,317,24564
2026-01-14 17:47:09,node-f,0,0.0,18.5,525,24564
2026-01-14 17:47:11,node-h,0,0.0,16.2,317,24564
2026-01-14 17:47:13,node-e,0,0.0,17.4,317,24564
2026-01-14 17:47:13,node-g,0,0.0,15.4,317,24564
2026-01-14 17:47:14,node-f,0,0.0,18.4,525,24564
2026-01-14 17:47:16,node-h,0,0.0,16.2,317,24564
2026-01-14 17:47:18,node-e,0,0.0,17.4,317,24564
2026-01-14 17:47:18,node-g,0,0.0,15.4,317,24564
2026-01-14 17:47:19,node-f,0,0.0,18.5,525,24564
2026-01-14 17:47:21,node-h,0,0.0,16.4,317,24564
2026-01-14 17:47:23,node-e,0,0.0,17.3,317,24564
2026-01-14 17:47:23,node-g,0,0.0,15.4,317,24564
2026-01-14 17:47:24,node-f,0,0.0,18.4,525,24564
2026-01-14 17:47:26,node-h,0,0.0,16.1,317,24564
2026-01-14 17:47:28,node-e,0,0.0,17.4,317,24564
2026-01-14 17:47:28,node-g,0,0.0,15.3,317,24564
2026-01-14 17:47:29,node-f,0,0.0,18.5,525,24564
2026-01-14 17:47:31,node-h,0,0.0,16.4,317,24564
2026-01-14 17:47:33,node-e,0,0.0,17.5,317,24564
2026-01-14 17:47:33,node-g,0,0.0,15.2,317,24564
2026-01-14 17:47:34,node-f,0,0.0,18.5,525,24564
2026-01-14 17:47:36,node-h,0,0.0,16.2,317,24564
2026-01-14 17:47:38,node-e,0,0.0,17.4,317,24564
2026-01-14 17:47:38,node-g,0,0.0,15.4,317,24564
2026-01-14 17:47:39,node-f,0,0.0,18.4,525,24564
2026-01-14 17:47:41,node-h,0,0.0,16.2,317,24564
2026-01-14 17:47:43,node-e,0,0.0,17.3,317,24564
2026-01-14 17:47:43,node-g,0,0.0,15.5,317,24564
2026-01-14 17:47:44,node-f,0,0.0,18.5,525,24564
2026-01-14 17:47:46,node-h,0,0.0,16.1,317,24564
2026-01-14 17:47:48,node-e,0,0.0,17.5,317,24564
2026-01-14 17:47:48,node-g,0,0.0,15.4,317,24564
2026-01-14 17:47:49,node-f,0,0.0,18.5,525,24564
2026-01-14 17:47:51,node-h,0,0.0,16.2,317,24564
2026-01-14 17:47:53,node-e,0,0.0,17.5,317,24564
2026-01-14 17:47:53,node-g,0,0.0,15.4,317,24564
2026-01-14 17:47:54,node-f,0,0.0,18.5,525,24564
2026-01-14 17:47:56,node-h,0,0.0,16.4,317,24564
2026-01-14 17:47:58,node-e,0,0.0,17.4,317,24564
2026-01-14 17:47:58,node-g,0,0.0,15.4,317,24564
2026-01-14 17:47:59,node-f,0,0.0,18.5,525,24564
2026-01-14 17:48:01,node-h,0,0.0,16.4,317,24564
2026-01-14 17:48:03,node-e,0,0.0,17.3,317,24564
2026-01-14 17:48:04,node-g,0,0.0,15.4,317,24564
2026-01-14 17:48:04,node-f,0,0.0,18.5,525,24564
2026-01-14 17:48:06,node-h,0,0.0,16.4,317,24564
2026-01-14 17:48:08,node-e,0,0.0,17.4,317,24564
2026-01-14 17:48:09,node-g,0,0.0,15.5,317,24564
2026-01-14 17:48:09,node-f,0,0.0,18.5,525,24564
2026-01-14 17:48:11,node-h,0,0.0,16.5,317,24564
2026-01-14 17:48:13,node-e,0,0.0,17.4,317,24564
2026-01-14 17:48:14,node-g,0,0.0,15.5,317,24564
2026-01-14 17:48:14,node-f,0,0.0,18.5,525,24564
2026-01-14 17:48:16,node-h,0,0.0,16.3,317,24564
2026-01-14 17:48:18,node-e,0,0.0,17.4,317,24564
2026-01-14 17:48:19,node-g,0,0.0,15.6,317,24564
2026-01-14 17:48:19,node-f,0,0.0,18.4,525,24564
2026-01-14 17:48:21,node-h,0,0.0,16.3,317,24564
2026-01-14 17:48:23,node-e,0,0.0,17.6,317,24564
2026-01-14 17:48:24,node-g,0,0.0,15.4,317,24564
2026-01-14 17:48:24,node-f,0,0.0,18.5,525,24564
2026-01-14 17:48:26,node-h,0,0.0,16.3,317,24564
2026-01-14 17:48:28,node-e,0,0.0,17.4,317,24564
2026-01-14 17:48:29,node-g,0,0.0,15.6,317,24564
2026-01-14 17:48:29,node-f,0,0.0,18.4,525,24564
2026-01-14 17:48:31,node-h,0,0.0,16.1,317,24564
2026-01-14 17:48:33,node-e,0,0.0,17.4,317,24564
2026-01-14 17:48:34,node-g,0,0.0,15.5,317,24564
2026-01-14 17:48:34,node-f,0,0.0,18.5,525,24564
2026-01-14 17:48:36,node-h,0,0.0,16.3,317,24564
2026-01-14 17:48:38,node-e,0,0.0,17.4,317,24564
2026-01-14 17:48:39,node-g,0,0.0,15.5,317,24564
2026-01-14 17:48:39,node-f,0,0.0,18.4,525,24564
2026-01-14 17:48:41,node-h,0,0.0,16.3,317,24564
2026-01-14 17:48:43,node-e,0,0.0,17.4,317,24564
2026-01-14 17:48:44,node-g,0,0.0,15.5,317,24564
2026-01-14 17:48:44,node-f,0,0.0,18.4,525,24564
2026-01-14 17:48:46,node-h,0,0.0,16.1,317,24564
2026-01-14 17:48:48,node-e,0,0.0,17.4,317,24564
2026-01-14 17:48:49,node-g,0,0.0,15.6,317,24564
2026-01-14 17:48:49,node-f,0,0.0,18.4,525,24564
2026-01-14 17:48:51,node-h,0,0.0,16.1,317,24564
2026-01-14 17:48:54,node-e,0,0.0,17.5,317,24564
2026-01-14 17:48:54,node-g,0,0.0,15.5,317,24564
2026-01-14 17:48:54,node-f,0,0.0,18.4,525,24564
2026-01-14 17:48:56,node-h,0,0.0,16.2,317,24564
2026-01-14 17:48:59,node-e,0,0.0,17.6,317,24564
2026-01-14 17:48:59,node-g,0,0.0,15.6,317,24564
2026-01-14 17:48:59,node-f,0,0.0,18.4,525,24564
2026-01-14 17:49:01,node-h,0,0.0,16.2,317,24564
2026-01-14 17:49:04,node-e,0,0.0,17.5,317,24564
2026-01-14 17:49:04,node-g,0,0.0,15.4,317,24564
2026-01-14 17:49:04,node-f,0,0.0,18.2,525,24564
2026-01-14 17:49:06,node-h,0,0.0,16.2,317,24564
2026-01-14 17:49:09,node-e,0,0.0,17.5,317,24564
2026-01-14 17:49:09,node-g,0,0.0,15.6,317,24564
2026-01-14 17:49:09,node-f,0,0.0,18.3,525,24564
2026-01-14 17:49:11,node-h,0,0.0,16.3,317,24564
2026-01-14 17:49:14,node-e,0,0.0,17.5,317,24564
2026-01-14 17:49:14,node-g,0,0.0,15.5,317,24564
2026-01-14 17:49:14,node-f,0,0.0,18.4,525,24564
2026-01-14 17:49:16,node-h,0,0.0,16.1,317,24564
2026-01-14 17:49:19,node-e,0,0.0,17.5,317,24564
2026-01-14 17:49:19,node-g,0,0.0,15.5,317,24564
2026-01-14 17:49:19,node-f,0,0.0,18.4,525,24564
2026-01-14 17:49:21,node-h,0,0.0,16.2,317,24564
2026-01-14 17:49:24,node-e,0,0.0,17.5,317,24564
2026-01-14 17:49:24,node-g,0,0.0,15.4,317,24564
2026-01-14 17:49:24,node-f,0,0.0,18.3,525,24564
2026-01-14 17:49:26,node-h,0,0.0,16.2,317,24564
2026-01-14 17:49:29,node-e,0,0.0,17.4,317,24564
2026-01-14 17:49:29,node-g,0,0.0,15.5,317,24564
2026-01-14 17:49:29,node-f,0,0.0,18.3,525,24564
2026-01-14 17:49:31,node-h,0,0.0,16.4,317,24564
2026-01-14 17:49:34,node-e,0,0.0,17.7,317,24564
2026-01-14 17:49:34,node-g,0,0.0,15.4,317,24564
2026-01-14 17:49:34,node-f,0,0.0,18.5,525,24564
2026-01-14 17:49:36,node-h,0,0.0,16.2,317,24564
2026-01-14 17:49:39,node-e,0,0.0,17.5,317,24564
2026-01-14 17:49:39,node-g,0,0.0,15.3,317,24564
2026-01-14 17:49:39,node-f,0,0.0,18.4,525,24564
2026-01-14 17:49:41,node-h,0,0.0,16.3,317,24564
2026-01-14 17:49:44,node-e,0,0.0,17.5,317,24564
2026-01-14 17:49:44,node-g,0,0.0,15.4,317,24564
2026-01-14 17:49:44,node-f,0,0.0,18.5,525,24564
2026-01-14 17:49:46,node-h,0,0.0,16.3,317,24564
2026-01-14 17:49:49,node-e,0,0.0,17.6,317,24564
2026-01-14 17:49:49,node-g,0,0.0,15.4,317,24564
2026-01-14 17:49:49,node-f,0,0.0,18.4,525,24564
2026-01-14 17:49:51,node-h,0,0.0,16.4,317,24564
2026-01-14 17:49:54,node-e,0,0.0,17.5,317,24564
2026-01-14 17:49:54,node-g,0,0.0,15.5,317,24564
2026-01-14 17:49:54,node-f,0,0.0,18.5,525,24564
2026-01-14 17:49:56,node-h,0,0.0,16.5,317,24564
2026-01-14 17:49:59,node-e,0,0.0,17.5,317,24564
2026-01-14 17:49:59,node-g,0,0.0,15.4,317,24564
2026-01-14 17:49:59,node-f,0,0.0,18.4,525,24564
2026-01-14 17:50:01,node-h,0,0.0,16.5,317,24564
2026-01-14 17:50:04,node-e,0,0.0,17.5,317,24564
2026-01-14 17:50:04,node-g,0,0.0,15.4,317,24564
2026-01-14 17:50:05,node-f,0,0.0,18.5,525,24564
2026-01-14 17:50:06,node-h,0,0.0,16.4,317,24564
2026-01-14 17:50:09,node-e,0,0.0,17.7,317,24564
2026-01-14 17:50:09,node-g,0,0.0,15.5,317,24564
2026-01-14 17:50:10,node-f,0,0.0,18.5,525,24564
2026-01-14 17:50:11,node-h,0,0.0,16.4,317,24564
2026-01-14 17:50:14,node-e,0,0.0,17.5,317,24564
2026-01-14 17:50:14,node-g,0,0.0,15.4,317,24564
2026-01-14 17:50:15,node-f,0,0.0,18.6,525,24564
2026-01-14 17:50:16,node-h,0,0.0,16.3,317,24564
2026-01-14 17:50:19,node-e,0,0.0,17.5,317,24564
2026-01-14 17:50:19,node-g,0,0.0,15.5,317,24564
2026-01-14 17:50:20,node-f,0,0.0,18.5,525,24564
2026-01-14 17:50:22,node-h,0,0.0,16.3,317,24564
2026-01-14 17:50:24,node-e,0,0.0,17.6,317,24564
2026-01-14 17:50:24,node-g,0,0.0,15.6,317,24564
2026-01-14 17:50:25,node-f,0,0.0,18.5,525,24564
2026-01-14 17:50:27,node-h,0,0.0,16.3,317,24564
2026-01-14 17:50:29,node-e,0,0.0,17.5,317,24564
2026-01-14 17:50:29,node-g,0,0.0,15.5,317,24564
2026-01-14 17:50:30,node-f,0,0.0,18.5,525,24564
2026-01-14 17:50:32,node-h,0,0.0,16.3,317,24564
2026-01-14 17:50:34,node-e,0,0.0,17.4,317,24564
2026-01-14 17:50:34,node-g,0,0.0,15.4,317,24564
2026-01-14 17:50:35,node-f,0,0.0,18.3,525,24564
2026-01-14 17:50:37,node-h,0,0.0,16.4,317,24564
2026-01-14 17:50:39,node-e,0,0.0,17.3,317,24564
2026-01-14 17:50:39,node-g,0,0.0,15.6,317,24564
2026-01-14 17:50:40,node-f,0,0.0,18.4,525,24564
2026-01-14 17:50:42,node-h,0,0.0,16.4,317,24564
2026-01-14 17:50:44,node-e,0,0.0,17.4,317,24564
2026-01-14 17:50:44,node-g,0,0.0,15.6,317,24564
2026-01-14 17:50:45,node-f,0,0.0,18.5,525,24564
2026-01-14 17:50:47,node-h,0,0.0,16.3,317,24564
2026-01-14 17:50:49,node-e,0,0.0,17.6,317,24564
2026-01-14 17:50:49,node-g,0,0.0,15.5,317,24564
2026-01-14 17:50:50,node-f,0,0.0,18.4,525,24564
2026-01-14 17:50:52,node-h,0,0.0,16.3,317,24564
2026-01-14 17:50:54,node-e,0,0.0,17.4,317,24564
2026-01-14 17:50:54,node-g,0,0.0,15.5,317,24564
2026-01-14 17:50:55,node-f,0,0.0,18.5,525,24564
2026-01-14 17:50:57,node-h,0,0.0,16.3,317,24564
2026-01-14 17:50:59,node-e,0,0.0,17.5,317,24564
2026-01-14 17:50:59,node-g,0,0.0,15.4,317,24564
2026-01-14 17:51:01,node-f,0,0.0,18.3,525,24564
2026-01-14 17:51:02,node-h,0,0.0,16.4,317,24564
2026-01-14 17:51:04,node-e,0,0.0,17.5,317,24564
2026-01-14 17:51:05,node-g,0,0.0,15.3,317,24564
2026-01-14 17:51:06,node-f,0,0.0,18.5,525,24564
2026-01-14 17:51:07,node-h,0,0.0,16.5,317,24564
2026-01-14 17:51:09,node-e,0,0.0,17.4,317,24564
2026-01-14 17:51:10,node-g,0,0.0,15.4,317,24564
2026-01-14 17:51:11,node-f,0,0.0,18.5,525,24564
2026-01-14 17:51:12,node-h,0,0.0,16.4,317,24564
2026-01-14 17:51:14,node-e,0,0.0,17.4,317,24564
2026-01-14 17:51:15,node-g,0,0.0,15.4,317,24564
2026-01-14 17:51:16,node-f,0,0.0,18.4,525,24564
2026-01-14 17:51:17,node-h,0,0.0,16.5,317,24564
2026-01-14 17:51:19,node-e,0,0.0,17.7,317,24564
2026-01-14 17:51:20,node-g,0,0.0,15.4,317,24564
2026-01-14 17:51:21,node-f,0,0.0,18.5,525,24564
2026-01-14 17:51:22,node-h,0,0.0,16.3,317,24564
2026-01-14 17:51:24,node-e,0,0.0,17.5,317,24564
2026-01-14 17:51:25,node-g,0,0.0,15.5,317,24564
2026-01-14 17:51:26,node-f,0,0.0,18.5,525,24564
2026-01-14 17:51:27,node-h,0,0.0,16.2,317,24564
2026-01-14 17:51:30,node-e,0,0.0,17.5,317,24564
2026-01-14 17:51:30,node-g,0,0.0,15.3,317,24564
2026-01-14 17:51:31,node-f,0,0.0,18.5,525,24564
2026-01-14 17:51:32,node-h,0,0.0,16.4,317,24564
2026-01-14 17:51:35,node-e,0,0.0,17.5,317,24564
2026-01-14 17:51:35,node-g,0,0.0,15.4,317,24564
2026-01-14 17:51:36,node-f,0,0.0,18.4,525,24564
2026-01-14 17:51:37,node-h,0,0.0,16.3,317,24564
2026-01-14 17:51:40,node-e,0,0.0,17.5,317,24564
2026-01-14 17:51:40,node-g,0,0.0,15.4,317,24564
2026-01-14 17:51:41,node-f,0,0.0,18.4,525,24564
2026-01-14 17:51:42,node-h,0,0.0,16.3,317,24564
2026-01-14 17:51:45,node-e,0,0.0,17.5,317,24564
2026-01-14 17:51:45,node-g,0,0.0,15.4,317,24564
2026-01-14 17:51:46,node-f,0,0.0,18.5,525,24564
2026-01-14 17:51:47,node-h,0,0.0,16.3,317,24564
2026-01-14 17:51:50,node-e,0,0.0,17.6,317,24564
2026-01-14 17:51:50,node-g,0,0.0,15.3,317,24564
2026-01-14 17:51:51,node-f,0,0.0,18.4,525,24564
2026-01-14 17:51:52,node-h,0,0.0,16.2,317,24564
2026-01-14 17:51:55,node-e,0,0.0,17.6,317,24564
2026-01-14 17:51:55,node-g,0,0.0,15.3,317,24564
2026-01-14 17:51:56,node-f,0,0.0,18.4,525,24564
2026-01-14 17:51:57,node-h,0,0.0,16.3,317,24564
2026-01-14 17:52:00,node-e,0,0.0,17.4,317,24564
2026-01-14 17:52:00,node-g,0,0.0,15.3,317,24564
2026-01-14 17:52:01,node-f,0,0.0,18.5,525,24564
2026-01-14 17:52:02,node-h,0,0.0,16.2,317,24564
2026-01-14 17:52:05,node-e,0,0.0,17.5,317,24564
2026-01-14 17:52:05,node-g,0,0.0,15.2,317,24564
2026-01-14 17:52:06,node-f,0,0.0,18.5,525,24564
2026-01-14 17:52:07,node-h,0,0.0,16.2,317,24564
2026-01-14 17:52:10,node-e,0,0.0,17.4,317,24564
2026-01-14 17:52:10,node-g,0,0.0,15.3,317,24564
2026-01-14 17:52:11,node-f,0,0.0,18.5,525,24564
2026-01-14 17:52:12,node-h,0,0.0,16.3,317,24564
2026-01-14 17:52:15,node-e,0,0.0,17.4,317,24564
2026-01-14 17:52:15,node-g,0,0.0,15.3,317,24564
2026-01-14 17:52:16,node-f,0,0.0,18.5,525,24564
2026-01-14 17:52:18,node-h,0,0.0,16.2,317,24564
2026-01-14 17:52:20,node-e,0,0.0,17.2,317,24564
2026-01-14 17:52:20,node-g,0,0.0,15.3,317,24564
2026-01-14 17:52:21,node-f,0,0.0,18.4,525,24564
2026-01-14 17:52:23,node-h,0,0.0,16.4,317,24564
2026-01-14 17:52:25,node-e,0,0.0,17.3,317,24564
2026-01-14 17:52:25,node-g,0,0.0,15.3,317,24564
2026-01-14 17:52:26,node-f,0,0.0,18.4,525,24564
2026-01-14 17:52:28,node-h,0,0.0,16.3,317,24564
2026-01-14 17:52:30,node-e,0,0.0,17.3,317,24564
2026-01-14 17:52:30,node-g,0,0.0,15.4,317,24564
2026-01-14 17:52:31,node-f,0,0.0,18.4,525,24564
2026-01-14 17:52:33,node-h,0,0.0,16.3,317,24564
2026-01-14 17:52:35,node-e,0,0.0,17.4,317,24564
2026-01-14 17:52:35,node-g,0,0.0,15.3,317,24564
2026-01-14 17:52:36,node-f,0,0.0,18.5,525,24564
2026-01-14 17:52:38,node-h,0,0.0,16.3,317,24564
2026-01-14 17:52:40,node-e,0,0.0,17.4,317,24564
2026-01-14 17:52:40,node-g,0,0.0,15.3,317,24564
2026-01-14 17:52:41,node-f,0,0.0,18.5,525,24564
2026-01-14 17:52:43,node-h,0,0.0,16.2,317,24564
2026-01-14 17:52:45,node-e,0,0.0,17.5,317,24564
2026-01-14 17:52:45,node-g,0,0.0,15.4,317,24564
2026-01-14 17:52:46,node-f,0,0.0,18.5,525,24564
2026-01-14 17:52:48,node-h,0,0.0,16.2,317,24564
2026-01-14 17:52:50,node-e,0,0.0,17.5,317,24564
2026-01-14 17:52:50,node-g,0,0.0,15.3,317,24564
2026-01-14 17:52:51,node-f,0,0.0,18.6,525,24564
2026-01-14 17:52:53,node-h,0,0.0,16.2,317,24564
2026-01-14 17:52:55,node-e,0,0.0,17.5,317,24564
2026-01-14 17:52:55,node-g,0,0.0,15.3,317,24564
2026-01-14 17:52:56,node-f,0,0.0,18.4,525,24564
2026-01-14 17:52:58,node-h,0,0.0,16.3,317,24564
2026-01-14 17:53:00,node-e,0,0.0,17.3,317,24564
2026-01-14 17:53:00,node-g,0,0.0,15.3,317,24564
2026-01-14 17:53:01,node-f,0,0.0,18.4,525,24564
2026-01-14 17:53:03,node-h,0,0.0,16.4,317,24564
2026-01-14 17:53:05,node-e,0,0.0,17.5,317,24564
2026-01-14 17:53:05,node-g,0,0.0,15.4,317,24564
2026-01-14 17:53:06,node-f,0,0.0,18.5,525,24564
2026-01-14 17:53:08,node-h,0,0.0,16.2,317,24564
2026-01-14 17:53:10,node-e,0,0.0,17.4,317,24564
2026-01-14 17:53:10,node-g,0,0.0,15.3,317,24564
2026-01-14 17:53:11,node-f,0,0.0,18.5,525,24564
2026-01-14 17:53:13,node-h,0,0.0,16.2,317,24564
2026-01-14 17:53:15,node-e,0,0.0,17.5,317,24564
2026-01-14 17:53:15,node-g,0,0.0,15.4,317,24564
2026-01-14 17:53:16,node-f,0,0.0,18.5,525,24564
2026-01-14 17:53:18,node-h,0,0.0,15.9,317,24564
2026-01-14 17:53:20,node-e,0,0.0,17.3,317,24564
2026-01-14 17:53:20,node-g,0,0.0,15.2,317,24564
2026-01-14 17:53:21,node-f,0,0.0,18.5,525,24564
2026-01-14 17:53:23,node-h,0,0.0,16.2,317,24564
2026-01-14 17:53:25,node-e,0,0.0,17.4,317,24564
2026-01-14 17:53:25,node-g,0,0.0,15.3,317,24564
2026-01-14 17:53:26,node-f,0,0.0,18.5,525,24564
2026-01-14 17:53:28,node-h,0,0.0,16.2,317,24564
2026-01-14 17:53:30,node-e,0,0.0,17.3,317,24564
2026-01-14 17:53:30,node-g,0,0.0,15.4,317,24564
2026-01-14 17:53:31,node-f,0,0.0,18.4,525,24564
2026-01-14 17:53:33,node-h,0,0.0,16.3,317,24564
2026-01-14 17:53:35,node-e,0,0.0,17.5,317,24564
2026-01-14 17:53:35,node-g,0,0.0,15.5,317,24564
2026-01-14 17:53:36,node-f,0,0.0,18.4,525,24564
2026-01-14 17:53:38,node-h,0,0.0,16.4,317,24564
2026-01-14 17:53:40,node-e,0,0.0,17.5,317,24564
2026-01-14 17:53:40,node-g,0,0.0,15.4,317,24564
2026-01-14 17:53:41,node-f,0,0.0,18.4,525,24564
2026-01-14 17:53:43,node-h,0,0.0,16.3,317,24564
2026-01-14 17:53:45,node-e,0,0.0,17.3,317,24564
2026-01-14 17:53:45,node-g,0,0.0,15.5,317,24564
2026-01-14 17:53:46,node-f,0,0.0,18.4,525,24564
2026-01-14 17:53:48,node-h,0,0.0,16.2,317,24564
2026-01-14 17:53:50,node-e,0,0.0,17.4,317,24564
2026-01-14 17:53:50,node-g,0,0.0,15.3,317,24564
2026-01-14 17:53:51,node-f,0,0.0,18.4,525,24564
2026-01-14 17:53:53,node-h,0,0.0,16.1,317,24564
2026-01-14 17:53:55,node-e,0,0.0,17.3,317,24564
2026-01-14 17:53:55,node-g,0,0.0,15.4,317,24564
2026-01-14 17:53:56,node-f,0,0.0,18.4,525,24564
2026-01-14 17:53:58,node-h,0,0.0,16.2,317,24564
2026-01-14 17:54:00,node-e,0,0.0,17.4,317,24564
2026-01-14 17:54:00,node-g,0,0.0,15.5,317,24564
2026-01-14 17:54:01,node-f,0,0.0,18.5,525,24564
2026-01-14 17:54:03,node-h,0,0.0,16.2,317,24564
2026-01-14 17:54:05,node-e,0,0.0,17.2,317,24564
2026-01-14 17:54:05,node-g,0,0.0,15.5,317,24564
2026-01-14 17:54:06,node-f,0,0.0,18.3,525,24564
2026-01-14 17:54:08,node-h,0,0.0,16.2,317,24564
2026-01-14 17:54:10,node-e,0,0.0,17.4,317,24564
2026-01-14 17:54:10,node-g,0,0.0,15.6,317,24564
2026-01-14 17:54:11,node-f,0,0.0,18.4,525,24564
2026-01-14 17:54:13,node-h,0,0.0,16.2,317,24564
2026-01-14 17:54:15,node-e,0,0.0,17.5,317,24564
2026-01-14 17:54:15,node-g,0,0.0,15.6,317,24564
2026-01-14 17:54:16,node-f,0,0.0,18.5,525,24564
2026-01-14 17:54:18,node-h,0,0.0,16.2,317,24564
2026-01-14 17:54:20,node-e,0,0.0,17.3,317,24564
2026-01-14 17:54:20,node-g,0,0.0,15.5,317,24564
2026-01-14 17:54:21,node-f,0,0.0,18.4,525,24564
2026-01-14 17:54:23,node-h,0,0.0,16.3,317,24564
2026-01-14 17:54:25,node-e,0,0.0,17.4,317,24564
2026-01-14 17:54:25,node-g,0,0.0,15.6,317,24564
2026-01-14 17:54:26,node-f,0,0.0,18.5,525,24564
2026-01-14 17:54:28,node-h,0,0.0,16.3,317,24564
2026-01-14 17:54:30,node-e,0,0.0,17.4,317,24564
2026-01-14 17:54:30,node-g,0,0.0,15.3,317,24564
2026-01-14 17:54:31,node-f,0,0.0,18.5,525,24564
2026-01-14 17:54:33,node-h,0,0.0,16.2,317,24564
2026-01-14 17:54:35,node-e,0,0.0,17.4,317,24564
2026-01-14 17:54:35,node-g,0,0.0,15.4,317,24564
2026-01-14 17:54:36,node-f,0,0.0,18.5,525,24564
2026-01-14 17:54:38,node-h,0,0.0,16.3,317,24564
2026-01-14 17:54:40,node-e,0,0.0,17.3,317,24564
2026-01-14 17:54:40,node-g,0,0.0,15.4,317,24564
2026-01-14 17:54:41,node-f,0,0.0,18.5,525,24564
2026-01-14 17:54:43,node-h,0,0.0,16.3,317,24564
2026-01-14 17:54:45,node-e,0,0.0,17.4,317,24564
2026-01-14 17:54:45,node-g,0,0.0,15.6,317,24564
2026-01-14 17:54:46,node-f,0,0.0,18.3,525,24564
2026-01-14 17:54:48,node-h,0,0.0,16.2,317,24564
2026-01-14 17:54:50,node-e,0,0.0,17.5,317,24564
2026-01-14 17:54:50,node-g,0,0.0,15.6,317,24564
2026-01-14 17:54:51,node-f,0,0.0,18.4,525,24564
2026-01-14 17:54:53,node-h,0,0.0,16.1,317,24564
2026-01-14 17:54:55,node-e,0,0.0,17.6,317,24564
2026-01-14 17:54:55,node-g,0,0.0,15.5,317,24564
2026-01-14 17:54:56,node-f,0,0.0,18.3,525,24564
2026-01-14 17:54:58,node-h,0,0.0,16.2,317,24564
2026-01-14 17:55:00,node-e,0,0.0,17.5,317,24564
2026-01-14 17:55:00,node-g,0,0.0,15.4,317,24564
2026-01-14 17:55:01,node-f,0,0.0,18.4,525,24564
2026-01-14 17:55:03,node-h,0,0.0,16.4,317,24564
2026-01-14 17:55:05,node-e,0,0.0,17.4,317,24564
2026-01-14 17:55:05,node-g,0,0.0,15.6,317,24564
2026-01-14 17:55:06,node-f,0,0.0,18.3,525,24564
2026-01-14 17:55:08,node-h,0,0.0,16.3,317,24564
2026-01-14 17:55:10,node-e,0,0.0,17.5,317,24564
2026-01-14 17:55:10,node-g,0,0.0,15.5,317,24564
2026-01-14 17:55:11,node-f,0,0.0,18.4,525,24564
2026-01-14 17:55:13,node-h,0,0.0,16.4,317,24564
2026-01-14 17:55:15,node-e,0,0.0,17.4,317,24564
2026-01-14 17:55:15,node-g,0,0.0,15.4,317,24564
2026-01-14 17:55:16,node-f,0,0.0,18.4,525,24564
2026-01-14 17:55:18,node-h,0,0.0,16.4,317,24564
2026-01-14 17:55:20,node-e,0,0.0,17.4,317,24564
2026-01-14 17:55:20,node-g,0,0.0,15.3,317,24564
2026-01-14 17:55:21,node-f,0,0.0,18.5,525,24564
2026-01-14 17:55:23,node-h,0,0.0,16.3,317,24564
2026-01-14 17:55:25,node-e,0,0.0,17.5,317,24564
2026-01-14 17:55:25,node-g,0,0.0,15.4,317,24564
2026-01-14 17:55:26,node-f,0,0.0,18.5,525,24564
2026-01-14 17:55:28,node-h,0,0.0,16.3,317,24564
2026-01-14 17:55:30,node-g,0,0.0,15.4,317,24564
2026-01-14 17:55:30,node-e,0,0.0,17.5,317,24564
2026-01-14 17:55:31,node-f,0,0.0,18.6,525,24564
2026-01-14 17:55:33,node-h,0,0.0,16.5,317,24564
2026-01-14 17:55:35,node-e,0,0.0,17.5,317,24564
2026-01-14 17:55:35,node-g,0,0.0,15.6,317,24564
2026-01-14 17:55:36,node-f,0,0.0,18.5,525,24564
2026-01-14 17:55:38,node-h,0,0.0,16.4,317,24564
2026-01-14 17:55:40,node-g,0,0.0,15.5,317,24564
2026-01-14 17:55:40,node-e,0,0.0,17.5,317,24564
2026-01-14 17:55:41,node-f,0,0.0,18.6,525,24564
2026-01-14 17:55:43,node-h,0,0.0,16.2,317,24564
2026-01-14 17:55:45,node-g,0,0.0,15.6,317,24564
2026-01-14 17:55:45,node-e,0,0.0,17.5,317,24564
2026-01-14 17:55:46,node-f,0,0.0,18.5,525,24564
2026-01-14 17:55:48,node-h,0,0.0,16.4,317,24564
2026-01-14 17:55:50,node-g,0,0.0,15.7,317,24564
2026-01-14 17:55:50,node-e,0,0.0,17.4,317,24564
2026-01-14 17:55:51,node-f,0,0.0,18.4,525,24564
2026-01-14 17:55:53,node-h,0,0.0,16.5,317,24564
2026-01-14 17:55:55,node-g,0,0.0,15.4,317,24564
2026-01-14 17:55:55,node-e,0,0.0,17.4,317,24564
2026-01-14 17:55:56,node-f,0,0.0,18.4,525,24564
2026-01-14 17:55:58,node-h,0,0.0,16.3,317,24564
2026-01-14 17:56:00,node-g,0,0.0,15.4,317,24564
2026-01-14 17:56:00,node-e,0,0.0,17.6,317,24564
2026-01-14 17:56:01,node-f,0,0.0,18.5,525,24564
2026-01-14 17:56:03,node-h,0,0.0,16.4,317,24564
2026-01-14 17:56:05,node-e,0,0.0,17.4,317,24564
2026-01-14 17:56:05,node-g,0,0.0,15.6,317,24564
2026-01-14 17:56:06,node-f,0,0.0,18.4,525,24564
2026-01-14 17:56:08,node-h,0,0.0,16.2,317,24564
2026-01-14 17:56:10,node-e,0,0.0,17.4,317,24564
2026-01-14 17:56:10,node-g,0,0.0,15.6,317,24564
2026-01-14 17:56:11,node-f,0,0.0,18.3,525,24564
2026-01-14 17:56:13,node-h,0,0.0,16.3,317,24564
2026-01-14 17:56:15,node-g,0,0.0,15.8,317,24564
2026-01-14 17:56:15,node-e,0,0.0,17.5,317,24564
2026-01-14 17:56:16,node-f,0,0.0,18.3,525,24564
2026-01-14 17:56:18,node-h,0,0.0,16.2,317,24564
2026-01-14 17:56:20,node-g,0,0.0,15.7,317,24564
2026-01-14 17:56:20,node-e,0,0.0,17.4,317,24564
2026-01-14 17:56:21,node-f,0,0.0,18.4,525,24564
2026-01-14 17:56:23,node-h,0,0.0,16.1,317,24564
2026-01-14 17:56:25,node-g,0,0.0,15.6,317,24564
2026-01-14 17:56:25,node-e,0,0.0,17.6,317,24564
2026-01-14 17:56:26,node-f,0,0.0,18.4,525,24564
2026-01-14 17:56:28,node-h,0,0.0,16.1,317,24564
2026-01-14 17:56:30,node-g,0,0.0,15.6,317,24564
2026-01-14 17:56:30,node-e,0,0.0,17.5,317,24564
2026-01-14 17:56:31,node-f,0,0.0,18.5,525,24564
2026-01-14 17:56:33,node-h,0,0.0,16.2,317,24564
2026-01-14 17:56:35,node-g,0,0.0,15.6,317,24564
2026-01-14 17:56:35,node-e,0,0.0,17.5,317,24564
2026-01-14 17:56:37,node-f,0,0.0,18.5,525,24564
2026-01-14 17:56:38,node-h,0,0.0,16.3,317,24564
2026-01-14 17:56:40,node-e,0,0.0,17.5,317,24564
2026-01-14 17:56:40,node-g,0,0.0,15.5,317,24564
2026-01-14 17:56:42,node-f,0,0.0,18.4,525,24564
2026-01-14 17:56:43,node-h,0,0.0,16.2,317,24564
2026-01-14 17:56:45,node-e,0,0.0,17.4,317,24564
2026-01-14 17:56:45,node-g,0,0.0,15.4,317,24564
2026-01-14 17:56:47,node-f,0,0.0,18.4,525,24564
2026-01-14 17:56:48,node-h,0,0.0,16.2,317,24564
2026-01-14 17:56:50,node-e,0,0.0,17.5,317,24564
2026-01-14 17:56:50,node-g,0,0.0,15.7,317,24564
2026-01-14 17:56:52,node-f,0,0.0,18.4,525,24564
2026-01-14 17:56:53,node-h,0,0.0,16.2,317,24564
2026-01-14 17:56:55,node-e,0,0.0,17.5,317,24564
2026-01-14 17:56:55,node-g,0,0.0,15.5,317,24564
2026-01-14 17:56:57,node-f,0,0.0,18.5,525,24564
2026-01-14 17:56:58,node-h,0,0.0,16.2,317,24564
2026-01-14 17:57:01,node-e,0,0.0,17.4,317,24564
2026-01-14 17:57:01,node-g,0,0.0,15.5,317,24564
2026-01-14 17:57:02,node-f,0,0.0,18.4,525,24564
2026-01-14 17:57:03,node-h,0,0.0,16.3,317,24564
2026-01-14 17:57:06,node-e,0,0.0,17.5,317,24564
2026-01-14 17:57:06,node-g,0,0.0,15.5,317,24564
2026-01-14 17:57:07,node-f,0,0.0,18.4,525,24564
2026-01-14 17:57:08,node-h,0,0.0,16.2,317,24564
2026-01-14 17:57:11,node-e,0,0.0,17.6,317,24564
2026-01-14 17:57:11,node-g,0,0.0,15.5,317,24564
2026-01-14 17:57:12,node-f,0,0.0,18.4,525,24564
2026-01-14 17:57:13,node-h,0,0.0,16.2,317,24564
2026-01-14 17:57:16,node-e,0,0.0,17.6,317,24564
2026-01-14 17:57:16,node-g,0,0.0,15.5,317,24564
2026-01-14 17:57:17,node-f,0,0.0,18.4,525,24564
2026-01-14 17:57:18,node-h,0,0.0,16.4,317,24564
2026-01-14 17:57:21,node-e,0,0.0,17.7,317,24564
2026-01-14 17:57:21,node-g,0,0.0,15.4,317,24564
2026-01-14 17:57:22,node-f,0,0.0,18.3,525,24564
2026-01-14 17:57:23,node-h,0,0.0,16.4,317,24564
2026-01-14 17:57:26,node-e,0,0.0,17.7,317,24564
2026-01-14 17:57:26,node-g,0,0.0,15.3,317,24564
2026-01-14 17:57:27,node-f,0,0.0,18.3,525,24564
2026-01-14 17:57:28,node-h,0,0.0,16.5,317,24564
2026-01-14 17:57:31,node-g,0,0.0,15.5,317,24564
2026-01-14 17:57:31,node-e,0,0.0,17.5,317,24564
2026-01-14 17:57:32,node-f,0,0.0,18.3,525,24564
2026-01-14 17:57:33,node-h,0,0.0,16.3,317,24564
2026-01-14 17:57:36,node-e,0,0.0,17.4,317,24564
2026-01-14 17:57:36,node-g,0,0.0,15.4,317,24564
2026-01-14 17:57:37,node-f,0,0.0,18.2,525,24564
2026-01-14 17:57:38,node-h,0,0.0,16.3,317,24564
2026-01-14 17:57:41,node-g,0,0.0,15.5,317,24564
2026-01-14 17:57:41,node-e,0,0.0,17.8,317,24564
2026-01-14 17:57:42,node-f,0,0.0,18.4,525,24564
2026-01-14 17:57:43,node-h,0,0.0,16.3,317,24564
2026-01-14 17:57:46,node-e,0,0.0,17.5,317,24564
2026-01-14 17:57:46,node-g,0,0.0,15.4,317,24564
2026-01-14 17:57:47,node-f,0,0.0,18.4,525,24564
2026-01-14 17:57:48,node-h,0,0.0,16.3,317,24564
2026-01-14 17:57:51,node-g,0,0.0,15.4,317,24564
2026-01-14 17:57:53,node-h,0,0.0,16.1,317,24564
2026-01-14 17:57:56,node-g,0,0.0,15.4,317,24564
2026-01-14 17:57:57,node-e,0,0.0,17.4,317,24564
2026-01-14 17:57:58,node-f,0,0.0,18.3,525,24564
2026-01-14 17:57:58,node-h,0,0.0,16.4,317,24564
2026-01-14 17:58:01,node-g,0,0.0,15.5,317,24564
2026-01-14 17:58:02,node-e,0,0.0,17.5,317,24564
2026-01-14 17:58:03,node-f,0,0.0,18.2,525,24564
2026-01-14 17:58:03,node-h,0,0.0,16.4,317,24564
2026-01-14 17:58:06,node-g,0,0.0,15.5,317,24564
2026-01-14 17:58:07,node-e,0,0.0,17.4,317,24564
2026-01-14 17:58:08,node-f,0,0.0,18.4,525,24564
2026-01-14 17:58:08,node-h,0,0.0,16.4,317,24564
2026-01-14 17:58:11,node-g,0,0.0,15.5,317,24564
2026-01-14 17:58:12,node-e,0,0.0,17.4,317,24564
2026-01-14 17:58:13,node-f,0,0.0,18.2,525,24564
2026-01-14 17:58:14,node-h,0,0.0,16.3,317,24564
2026-01-14 17:58:16,node-g,0,0.0,15.4,317,24564
2026-01-14 17:58:17,node-e,0,0.0,17.4,317,24564
2026-01-14 17:58:18,node-f,0,0.0,18.4,525,24564
2026-01-14 17:58:19,node-h,0,0.0,16.2,317,24564
2026-01-14 17:58:21,node-g,0,0.0,15.4,317,24564
2026-01-14 17:58:22,node-e,0,0.0,17.5,317,24564
2026-01-14 17:58:23,node-f,0,0.0,18.3,525,24564
2026-01-14 17:58:24,node-h,0,0.0,16.3,317,24564
2026-01-14 17:58:26,node-g,0,0.0,15.5,317,24564
2026-01-14 17:58:27,node-e,0,0.0,17.4,317,24564
2026-01-14 17:58:28,node-f,0,0.0,18.4,525,24564
2026-01-14 17:58:29,node-h,0,0.0,16.4,317,24564
2026-01-14 17:58:31,node-g,0,0.0,15.4,317,24564
2026-01-14 17:58:32,node-e,0,0.0,17.4,317,24564
2026-01-14 17:58:33,node-f,0,0.0,18.4,525,24564
2026-01-14 17:58:34,node-h,0,0.0,16.3,317,24564
2026-01-14 17:58:36,node-g,0,0.0,15.4,317,24564
2026-01-14 17:58:37,node-e,0,0.0,17.4,317,24564
2026-01-14 17:58:38,node-f,0,0.0,18.4,525,24564
2026-01-14 17:58:39,node-h,0,0.0,16.3,317,24564
2026-01-14 17:58:41,node-g,0,0.0,15.4,317,24564
2026-01-14 17:58:42,node-e,0,0.0,17.4,317,24564
2026-01-14 17:58:43,node-f,0,0.0,18.4,525,24564
2026-01-14 17:58:44,node-h,0,0.0,16.2,317,24564
2026-01-14 17:58:46,node-g,0,0.0,15.5,317,24564
2026-01-14 17:58:47,node-e,0,0.0,17.3,317,24564
2026-01-14 17:58:48,node-f,0,0.0,18.3,525,24564
2026-01-14 17:58:49,node-h,0,0.0,16.2,317,24564
2026-01-14 17:58:51,node-g,0,0.0,15.5,317,24564
2026-01-14 17:58:52,node-e,0,0.0,17.3,317,24564
2026-01-14 17:58:53,node-f,0,0.0,18.5,525,24564
2026-01-14 17:58:54,node-h,0,0.0,16.2,317,24564
2026-01-14 17:58:56,node-g,0,0.0,15.4,317,24564
2026-01-14 17:58:57,node-e,0,0.0,17.2,317,24564
2026-01-14 17:58:58,node-f,0,0.0,18.4,525,24564
2026-01-14 17:58:59,node-h,0,0.0,16.4,317,24564
2026-01-14 17:59:01,node-g,0,0.0,15.4,317,24564
2026-01-14 17:59:02,node-e,0,0.0,17.4,317,24564
2026-01-14 17:59:03,node-f,0,0.0,18.4,525,24564
2026-01-14 17:59:04,node-h,0,0.0,16.3,317,24564
2026-01-14 17:59:06,node-g,0,0.0,15.5,317,24564
2026-01-14 17:59:07,node-e,0,0.0,17.2,317,24564
2026-01-14 17:59:08,node-f,0,0.0,18.4,525,24564
2026-01-14 17:59:09,node-h,0,0.0,16.3,317,24564
2026-01-14 17:59:11,node-g,0,0.0,15.6,317,24564
2026-01-14 17:59:12,node-e,0,0.0,17.3,317,24564
2026-01-14 17:59:14,node-h,0,0.0,16.4,317,24564
2026-01-14 17:59:17,node-e,0,0.0,17.6,317,24564
2026-01-14 17:59:19,node-h,0,0.0,16.4,317,24564
2026-01-14 17:59:19,node-f,0,0.0,18.4,525,24564
2026-01-14 17:59:22,node-e,0,0.0,17.3,317,24564
2026-01-14 17:59:22,node-g,0,0.0,15.6,317,24564
2026-01-14 17:59:24,node-h,0,0.0,16.3,317,24564
2026-01-14 17:59:24,node-f,0,0.0,18.4,525,24564
2026-01-14 17:59:27,node-e,0,0.0,17.4,317,24564
2026-01-14 17:59:27,node-g,0,0.0,15.6,317,24564
2026-01-14 17:59:29,node-h,0,0.0,16.4,317,24564
2026-01-14 17:59:29,node-f,0,0.0,18.3,525,24564
2026-01-14 17:59:32,node-e,0,0.0,17.6,317,24564
2026-01-14 17:59:32,node-g,0,0.0,15.5,317,24564
2026-01-14 17:59:34,node-h,0,0.0,16.3,317,24564
2026-01-14 17:59:34,node-f,0,0.0,18.4,525,24564
2026-01-14 17:59:37,node-e,0,0.0,17.3,317,24564
2026-01-14 17:59:37,node-g,0,0.0,15.6,317,24564
2026-01-14 17:59:39,node-h,0,0.0,16.5,317,24564
2026-01-14 17:59:39,node-f,0,0.0,18.4,525,24564
2026-01-14 17:59:42,node-e,0,0.0,17.3,317,24564
2026-01-14 17:59:42,node-g,0,0.0,15.6,317,24564
2026-01-14 17:59:44,node-h,0,0.0,16.6,317,24564
2026-01-14 17:59:44,node-f,0,0.0,18.4,525,24564
2026-01-14 17:59:47,node-e,0,0.0,17.5,317,24564
2026-01-14 17:59:47,node-g,0,0.0,15.5,317,24564
2026-01-14 17:59:49,node-h,0,0.0,16.4,317,24564
2026-01-14 17:59:49,node-f,0,0.0,18.4,525,24564
2026-01-14 17:59:52,node-e,0,0.0,17.6,317,24564
2026-01-14 17:59:52,node-g,0,0.0,15.4,317,24564
2026-01-14 17:59:54,node-h,0,0.0,16.5,317,24564
2026-01-14 17:59:54,node-f,0,0.0,18.4,525,24564
2026-01-14 17:59:57,node-e,0,0.0,17.4,317,24564
2026-01-14 17:59:57,node-g,0,0.0,15.6,317,24564
2026-01-14 17:59:59,node-h,0,0.0,16.3,317,24564
2026-01-14 17:59:59,node-f,0,0.0,18.4,525,24564
2026-01-14 18:00:02,node-e,0,0.0,17.3,317,24564
2026-01-14 18:00:02,node-g,0,0.0,15.6,317,24564
2026-01-14 18:00:04,node-h,0,0.0,16.4,317,24564
2026-01-14 18:00:04,node-f,0,0.0,18.4,525,24564
2026-01-14 18:00:07,node-e,0,0.0,17.4,317,24564
2026-01-14 18:00:07,node-g,0,0.0,15.4,317,24564
2026-01-14 18:00:09,node-h,0,0.0,16.4,317,24564
2026-01-14 18:00:09,node-f,0,0.0,18.4,525,24564
2026-01-14 18:00:12,node-e,0,0.0,17.4,317,24564
2026-01-14 18:00:12,node-g,0,0.0,15.3,317,24564
2026-01-14 18:00:14,node-h,0,0.0,16.3,317,24564
2026-01-14 18:00:14,node-f,0,0.0,18.4,525,24564
2026-01-14 18:00:17,node-e,0,0.0,17.4,317,24564
2026-01-14 18:00:17,node-g,0,0.0,15.5,317,24564
2026-01-14 18:00:19,node-h,0,0.0,16.5,317,24564
2026-01-14 18:00:19,node-f,0,0.0,18.4,525,24564
2026-01-14 18:00:22,node-e,0,0.0,17.4,317,24564
2026-01-14 18:00:22,node-g,0,0.0,15.5,317,24564
2026-01-14 18:00:24,node-h,0,0.0,16.4,317,24564
2026-01-14 18:00:24,node-f,0,0.0,18.5,525,24564
2026-01-14 18:00:27,node-g,0,0.0,15.4,317,24564
2026-01-14 18:00:27,node-e,0,0.0,17.6,317,24564
2026-01-14 18:00:29,node-h,0,0.0,16.3,317,24564
2026-01-14 18:00:29,node-f,0,0.0,18.5,525,24564
2026-01-14 18:00:32,node-g,0,0.0,15.5,317,24564
2026-01-14 18:00:32,node-e,0,0.0,17.4,317,24564
2026-01-14 18:00:34,node-h,0,0.0,16.3,317,24564
2026-01-14 18:00:34,node-f,0,0.0,18.6,525,24564
2026-01-14 18:00:37,node-g,0,0.0,15.4,317,24564
2026-01-14 18:00:37,node-e,0,0.0,17.3,317,24564
2026-01-14 18:00:39,node-h,0,0.0,16.3,317,24564
2026-01-14 18:00:39,node-f,0,0.0,18.5,525,24564
2026-01-14 18:00:42,node-e,0,0.0,17.5,317,24564
2026-01-14 18:00:42,node-g,0,0.0,15.4,317,24564
2026-01-14 18:00:44,node-h,0,0.0,16.4,317,24564
2026-01-14 18:00:44,node-f,0,0.0,18.5,525,24564
2026-01-14 18:00:47,node-e,0,0.0,17.3,317,24564
2026-01-14 18:00:47,node-g,0,0.0,15.4,317,24564
2026-01-14 18:00:49,node-h,0,0.0,16.2,317,24564
2026-01-14 18:00:49,node-f,0,0.0,18.4,525,24564
2026-01-14 18:00:52,node-e,0,0.0,17.4,317,24564
2026-01-14 18:00:52,node-g,0,0.0,15.4,317,24564
2026-01-14 18:00:54,node-h,0,0.0,16.3,317,24564
2026-01-14 18:00:54,node-f,0,0.0,18.5,525,24564
2026-01-14 18:00:57,node-g,0,0.0,15.3,317,24564
2026-01-14 18:00:57,node-e,0,0.0,17.5,317,24564
2026-01-14 18:00:59,node-h,0,0.0,16.2,317,24564
2026-01-14 18:00:59,node-f,0,0.0,18.4,525,24564
2026-01-14 18:01:02,node-e,0,0.0,17.4,317,24564
2026-01-14 18:01:02,node-g,0,0.0,15.3,317,24564
2026-01-14 18:01:04,node-h,0,0.0,16.1,317,24564
2026-01-14 18:01:04,node-f,0,0.0,18.4,525,24564
2026-01-14 18:01:07,node-e,0,0.0,17.3,317,24564
2026-01-14 18:01:07,node-g,0,0.0,15.4,317,24564
2026-01-14 18:01:09,node-h,0,0.0,16.1,317,24564
2026-01-14 18:01:09,node-f,0,0.0,18.4,525,24564
2026-01-14 18:01:12,node-e,0,0.0,17.4,317,24564
2026-01-14 18:01:12,node-g,0,0.0,15.5,317,24564
2026-01-14 18:01:14,node-h,0,0.0,16.3,317,24564
2026-01-14 18:01:14,node-f,0,0.0,18.3,525,24564
2026-01-14 18:01:17,node-e,0,0.0,17.4,317,24564
2026-01-14 18:01:17,node-g,0,0.0,15.5,317,24564
2026-01-14 18:01:19,node-h,0,0.0,16.2,317,24564
2026-01-14 18:01:19,node-f,0,0.0,18.4,525,24564
2026-01-14 18:01:22,node-g,0,0.0,15.6,317,24564
2026-01-14 18:01:22,node-e,0,0.0,17.4,317,24564
2026-01-14 18:01:24,node-h,0,0.0,16.4,317,24564
2026-01-14 18:01:24,node-f,0,0.0,18.4,525,24564
2026-01-14 18:01:27,node-g,0,0.0,15.4,317,24564
2026-01-14 18:01:27,node-e,0,0.0,17.4,317,24564
2026-01-14 18:01:29,node-h,0,0.0,16.4,317,24564
2026-01-14 18:01:29,node-f,0,0.0,18.5,525,24564
2026-01-14 18:01:32,node-g,0,0.0,15.3,317,24564
2026-01-14 18:01:32,node-e,0,0.0,17.5,317,24564
2026-01-14 18:01:34,node-h,0,0.0,16.3,317,24564
2026-01-14 18:01:34,node-f,0,0.0,18.4,525,24564
2026-01-14 18:01:37,node-e,0,0.0,17.3,317,24564
2026-01-14 18:01:37,node-g,0,0.0,15.4,317,24564
2026-01-14 18:01:39,node-h,0,0.0,16.3,317,24564
2026-01-14 18:01:39,node-f,0,0.0,18.3,525,24564
2026-01-14 18:01:42,node-g,0,0.0,15.4,317,24564
2026-01-14 18:01:42,node-e,0,0.0,17.3,317,24564
2026-01-14 18:01:44,node-h,0,0.0,16.3,317,24564
2026-01-14 18:01:44,node-f,0,0.0,18.4,525,24564
2026-01-14 18:01:47,node-g,0,0.0,15.3,317,24564
2026-01-14 18:01:47,node-e,0,0.0,17.5,317,24564
2026-01-14 18:01:49,node-h,0,0.0,16.4,317,24564
2026-01-14 18:01:49,node-f,0,0.0,18.3,525,24564
2026-01-14 18:01:52,node-g,0,0.0,15.3,317,24564
2026-01-14 18:01:52,node-e,0,0.0,17.6,317,24564
2026-01-14 18:01:54,node-h,0,0.0,16.3,317,24564
2026-01-14 18:01:54,node-f,0,0.0,18.4,525,24564
2026-01-14 18:01:57,node-e,0,0.0,17.3,317,24564
2026-01-14 18:01:57,node-g,0,0.0,15.3,317,24564
2026-01-14 18:01:59,node-h,0,0.0,16.3,317,24564
2026-01-14 18:01:59,node-f,0,0.0,18.5,525,24564
2026-01-14 18:02:02,node-e,0,0.0,17.4,317,24564
2026-01-14 18:02:02,node-g,0,0.0,15.2,317,24564
2026-01-14 18:02:04,node-h,0,0.0,16.2,317,24564
2026-01-14 18:02:04,node-f,0,0.0,18.5,525,24564
2026-01-14 18:02:07,node-g,0,0.0,15.3,317,24564
2026-01-14 18:02:07,node-e,0,0.0,17.4,317,24564
2026-01-14 18:02:09,node-h,0,0.0,16.2,317,24564
2026-01-14 18:02:09,node-f,0,0.0,18.5,525,24564
2026-01-14 18:02:12,node-g,0,0.0,15.3,317,24564
2026-01-14 18:02:13,node-e,0,0.0,17.4,317,24564
2026-01-14 18:02:14,node-h,0,0.0,16.2,317,24564
2026-01-14 18:02:14,node-f,0,0.0,18.4,525,24564
2026-01-14 18:02:18,node-g,0,0.0,15.3,317,24564
2026-01-14 18:02:18,node-e,0,0.0,17.3,317,24564
2026-01-14 18:02:19,node-h,0,0.0,16.3,317,24564
2026-01-14 18:02:19,node-f,0,0.0,18.5,525,24564
2026-01-14 18:02:23,node-g,0,0.0,15.4,317,24564
2026-01-14 18:02:23,node-e,0,0.0,17.4,317,24564
2026-01-14 18:02:24,node-h,0,0.0,16.1,317,24564
2026-01-14 18:02:24,node-f,0,0.0,18.4,525,24564
2026-01-14 18:02:28,node-g,0,0.0,15.3,317,24564
2026-01-14 18:02:28,node-e,0,0.0,17.6,317,24564
2026-01-14 18:02:29,node-h,0,0.0,16.2,317,24564
2026-01-14 18:02:29,node-f,0,0.0,18.5,525,24564
2026-01-14 18:02:33,node-g,0,0.0,15.4,317,24564
2026-01-14 18:02:33,node-e,0,0.0,17.5,317,24564
2026-01-14 18:02:34,node-h,0,0.0,16.2,317,24564
2026-01-14 18:02:34,node-f,0,0.0,18.4,525,24564
2026-01-14 18:02:38,node-g,0,0.0,15.4,317,24564
2026-01-14 18:02:38,node-e,0,0.0,17.3,317,24564
2026-01-14 18:02:39,node-h,0,0.0,16.2,317,24564
2026-01-14 18:02:40,node-f,0,0.0,18.3,525,24564
2026-01-14 18:02:43,node-g,0,0.0,15.6,317,24564
2026-01-14 18:02:43,node-e,0,0.0,17.3,317,24564
2026-01-14 18:02:45,node-h,0,0.0,16.3,317,24564
2026-01-14 18:02:45,node-f,0,0.0,18.4,525,24564
2026-01-14 18:02:48,node-g,0,0.0,15.5,317,24564
2026-01-14 18:02:48,node-e,0,0.0,17.5,317,24564
2026-01-14 18:02:50,node-h,0,0.0,16.1,317,24564
2026-01-14 18:02:50,node-f,0,0.0,18.5,525,24564
2026-01-14 18:02:53,node-g,0,0.0,15.5,317,24564
2026-01-14 18:02:53,node-e,0,0.0,17.4,317,24564
2026-01-14 18:02:55,node-h,0,0.0,16.3,317,24564
2026-01-14 18:02:55,node-f,0,0.0,18.4,525,24564
2026-01-14 18:02:58,node-g,0,0.0,15.6,317,24564
2026-01-14 18:02:58,node-e,0,0.0,17.5,317,24564
2026-01-14 18:03:00,node-h,0,0.0,16.4,317,24564
2026-01-14 18:03:00,node-f,0,0.0,18.4,525,24564
2026-01-14 18:03:03,node-g,0,0.0,15.6,317,24564
2026-01-14 18:03:03,node-e,0,0.0,17.6,317,24564
2026-01-14 18:03:05,node-f,0,0.0,18.5,525,24564
2026-01-14 18:03:05,node-h,0,0.0,16.2,317,24564
2026-01-14 18:03:08,node-g,0,0.0,15.6,317,24564
2026-01-14 18:03:08,node-e,0,0.0,17.6,317,24564
2026-01-14 18:03:10,node-f,0,0.0,18.5,525,24564
2026-01-14 18:03:10,node-h,0,0.0,16.3,317,24564
2026-01-14 18:03:13,node-g,0,0.0,15.4,317,24564
2026-01-14 18:03:13,node-e,0,0.0,17.3,317,24564
2026-01-14 18:03:15,node-f,0,0.0,18.4,525,24564
2026-01-14 18:03:15,node-h,0,0.0,16.3,317,24564
2026-01-14 18:03:18,node-g,0,0.0,15.4,317,24564
2026-01-14 18:03:18,node-e,0,0.0,17.3,317,24564
2026-01-14 18:03:20,node-f,0,0.0,18.4,525,24564
2026-01-14 18:03:20,node-h,0,0.0,16.1,317,24564
2026-01-14 18:03:23,node-g,0,0.0,15.4,317,24564
2026-01-14 18:03:23,node-e,0,0.0,17.5,317,24564
2026-01-14 18:03:25,node-f,0,0.0,18.5,525,24564
2026-01-14 18:03:25,node-h,0,0.0,16.3,317,24564
2026-01-14 18:03:28,node-g,0,0.0,15.5,317,24564
2026-01-14 18:03:28,node-e,0,0.0,17.5,317,24564
2026-01-14 18:03:30,node-f,0,0.0,18.4,525,24564
2026-01-14 18:03:30,node-h,0,0.0,16.3,317,24564
2026-01-14 18:03:33,node-g,0,0.0,15.5,317,24564
2026-01-14 18:03:33,node-e,0,0.0,17.3,317,24564
2026-01-14 18:03:35,node-f,0,0.0,18.4,525,24564
2026-01-14 18:03:35,node-h,0,0.0,16.3,317,24564
2026-01-14 18:03:38,node-g,0,0.0,15.5,317,24564
2026-01-14 18:03:38,node-e,0,0.0,17.3,317,24564
2026-01-14 18:03:40,node-h,0,0.0,16.3,317,24564
2026-01-14 18:03:40,node-f,0,0.0,18.4,525,24564
2026-01-14 18:03:43,node-g,0,0.0,15.5,317,24564
2026-01-14 18:03:43,node-e,0,0.0,17.3,317,24564
2026-01-14 18:03:45,node-h,0,0.0,16.4,317,24564
2026-01-14 18:03:45,node-f,0,0.0,18.5,525,24564
2026-01-14 18:03:48,node-g,0,0.0,15.3,317,24564
2026-01-14 18:03:48,node-e,0,0.0,17.3,317,24564
2026-01-14 18:03:50,node-f,0,0.0,18.3,525,24564
2026-01-14 18:03:50,node-h,0,0.0,16.5,317,24564
2026-01-14 18:03:53,node-g,0,0.0,15.3,317,24564
2026-01-14 18:03:53,node-e,0,0.0,17.3,317,24564
2026-01-14 18:03:55,node-h,0,0.0,16.4,317,24564
2026-01-14 18:03:55,node-f,0,0.0,18.4,525,24564
2026-01-14 18:03:58,node-g,0,0.0,15.4,317,24564
2026-01-14 18:03:58,node-e,0,0.0,17.2,317,24564
2026-01-14 18:04:00,node-h,0,0.0,16.4,317,24564
2026-01-14 18:04:00,node-f,0,0.0,18.4,525,24564
2026-01-14 18:04:03,node-g,0,0.0,15.5,317,24564
2026-01-14 18:04:03,node-e,0,0.0,17.3,317,24564
2026-01-14 18:04:05,node-h,0,0.0,16.4,317,24564
2026-01-14 18:04:05,node-f,0,0.0,18.5,525,24564
2026-01-14 18:04:08,node-g,0,0.0,15.5,317,24564
2026-01-14 18:04:08,node-e,0,0.0,17.2,317,24564
2026-01-14 18:04:10,node-h,0,0.0,16.5,317,24564
2026-01-14 18:04:10,node-f,0,0.0,18.4,525,24564
2026-01-14 18:04:13,node-g,0,0.0,15.3,317,24564
2026-01-14 18:04:13,node-e,0,0.0,17.3,317,24564
2026-01-14 18:04:15,node-h,0,0.0,16.4,317,24564
2026-01-14 18:04:15,node-f,0,0.0,18.4,525,24564
2026-01-14 18:04:18,node-g,0,0.0,15.3,317,24564
2026-01-14 18:04:18,node-e,0,0.0,17.3,317,24564
2026-01-14 18:04:20,node-h,0,0.0,16.5,317,24564
2026-01-14 18:04:20,node-f,0,0.0,23.6,317,24564
2026-01-14 18:04:23,node-g,0,0.0,15.5,317,24564
2026-01-14 18:04:23,node-e,0,0.0,17.3,317,24564
2026-01-14 18:04:25,node-h,0,0.0,16.5,317,24564
2026-01-14 18:04:25,node-f,0,0.0,18.5,317,24564
2026-01-14 18:04:28,node-g,0,0.0,15.3,317,24564
2026-01-14 18:04:28,node-e,0,0.0,17.4,317,24564
2026-01-14 18:04:30,node-h,0,0.0,16.5,317,24564
2026-01-14 18:04:30,node-f,0,0.0,18.4,317,24564
2026-01-14 18:04:33,node-g,0,0.0,15.4,317,24564
2026-01-14 18:04:33,node-e,0,0.0,17.2,317,24564
2026-01-14 18:04:35,node-f,0,0.0,18.4,317,24564
2026-01-14 18:04:35,node-h,0,0.0,16.5,317,24564
2026-01-14 18:04:38,node-g,0,0.0,15.4,317,24564
2026-01-14 18:04:38,node-e,0,0.0,17.3,317,24564
2026-01-14 18:04:40,node-h,0,0.0,16.6,317,24564
2026-01-14 18:04:40,node-f,0,0.0,18.3,317,24564
2026-01-14 18:04:43,node-g,0,0.0,15.5,317,24564
2026-01-14 18:04:43,node-e,0,0.0,17.3,317,24564
2026-01-14 18:04:45,node-f,0,0.0,18.3,317,24564
2026-01-14 18:04:45,node-h,0,0.0,16.5,317,24564
2026-01-14 18:04:48,node-g,0,0.0,15.5,317,24564
2026-01-14 18:04:48,node-e,0,0.0,17.3,317,24564
2026-01-14 18:04:50,node-f,0,0.0,18.5,317,24564
2026-01-14 18:04:50,node-h,0,0.0,16.4,317,24564
2026-01-14 18:04:53,node-g,0,0.0,15.4,317,24564
2026-01-14 18:04:53,node-e,0,0.0,17.1,317,24564
2026-01-14 18:04:55,node-f,0,0.0,18.4,317,24564
2026-01-14 18:04:55,node-h,0,0.0,16.3,317,24564
2026-01-14 18:04:58,node-g,0,0.0,15.4,317,24564
2026-01-14 18:04:58,node-e,0,0.0,17.3,317,24564
2026-01-14 18:05:00,node-h,0,0.0,16.3,317,24564
2026-01-14 18:05:00,node-f,0,0.0,18.3,317,24564
2026-01-14 18:05:03,node-e,0,0.0,17.5,317,24564
2026-01-14 18:05:03,node-g,0,0.0,15.5,317,24564
2026-01-14 18:05:05,node-f,0,0.0,18.4,317,24564
2026-01-14 18:05:05,node-h,0,0.0,16.3,317,24564
2026-01-14 18:05:08,node-e,0,0.0,17.4,317,24564
2026-01-14 18:05:08,node-g,0,0.0,15.5,317,24564
2026-01-14 18:05:10,node-h,0,0.0,16.3,317,24564
2026-01-14 18:05:10,node-f,0,0.0,74.0,525,24564
2026-01-14 18:05:13,node-e,0,0.0,83.1,525,24564
2026-01-14 18:05:13,node-g,0,0.0,15.5,317,24564
2026-01-14 18:05:15,node-f,0,0.0,78.4,525,24564
2026-01-14 18:05:15,node-h,0,0.0,16.4,317,24564
2026-01-14 18:05:18,node-e,0,0.0,83.9,525,24564
2026-01-14 18:05:18,node-g,0,0.0,15.5,317,24564
2026-01-14 18:05:20,node-f,0,0.0,78.8,525,24564
2026-01-14 18:05:20,node-h,0,0.0,16.3,317,24564
2026-01-14 18:05:23,node-e,0,0.0,84.7,525,24564
2026-01-14 18:05:23,node-g,0,0.0,15.4,317,24564
2026-01-14 18:05:25,node-f,0,0.0,79.6,525,24564
2026-01-14 18:05:25,node-h,0,0.0,16.3,317,24564
2026-01-14 18:05:28,node-e,0,0.0,18.5,525,24564
2026-01-14 18:05:28,node-g,0,0.0,15.5,317,24564
2026-01-14 18:05:30,node-f,0,0.0,18.6,525,24564
2026-01-14 18:05:30,node-h,0,0.0,16.3,317,24564
2026-01-14 18:05:33,node-g,0,0.0,15.5,317,24564
2026-01-14 18:05:33,node-e,0,0.0,17.8,525,24564
2026-01-14 18:05:35,node-f,0,0.0,18.7,525,24564
2026-01-14 18:05:35,node-h,0,0.0,16.3,317,24564
2026-01-14 18:05:38,node-g,0,0.0,15.5,317,24564
2026-01-14 18:05:38,node-e,0,0.0,17.8,525,24564
2026-01-14 18:05:40,node-f,0,0.0,18.6,525,24564
2026-01-14 18:05:40,node-h,0,0.0,16.2,317,24564
2026-01-14 18:05:43,node-e,0,0.0,17.7,525,24564
2026-01-14 18:05:43,node-g,0,0.0,15.6,317,24564
2026-01-14 18:05:45,node-f,0,0.0,18.4,525,24564
2026-01-14 18:05:45,node-h,0,0.0,16.2,317,24564
2026-01-14 18:05:48,node-e,0,0.0,17.6,525,24564
2026-01-14 18:05:48,node-g,0,0.0,15.6,317,24564
2026-01-14 18:05:50,node-f,0,0.0,18.5,525,24564
2026-01-14 18:05:50,node-h,0,0.0,16.4,317,24564
2026-01-14 18:05:53,node-e,0,0.0,17.9,525,24564
2026-01-14 18:05:53,node-g,0,0.0,15.6,317,24564
2026-01-14 18:05:55,node-f,0,0.0,18.4,525,24564
2026-01-14 18:05:55,node-h,0,0.0,16.3,317,24564
2026-01-14 18:05:58,node-e,0,0.0,17.5,525,24564
2026-01-14 18:05:58,node-g,0,0.0,15.6,317,24564
2026-01-14 18:06:00,node-f,0,0.0,18.5,525,24564
2026-01-14 18:06:00,node-h,0,0.0,16.1,317,24564
2026-01-14 18:06:03,node-e,0,0.0,17.7,525,24564
2026-01-14 18:06:03,node-g,0,0.0,15.5,317,24564
2026-01-14 18:06:05,node-h,0,0.0,16.2,317,24564
2026-01-14 18:06:05,node-f,0,0.0,18.6,525,24564
2026-01-14 18:06:08,node-e,0,0.0,17.7,525,24564
2026-01-14 18:06:08,node-g,0,0.0,15.6,317,24564
2026-01-14 18:06:10,node-h,0,0.0,16.3,317,24564
2026-01-14 18:06:10,node-f,0,0.0,18.6,525,24564
2026-01-14 18:06:13,node-g,0,0.0,15.4,317,24564
2026-01-14 18:06:13,node-e,0,0.0,17.7,525,24564
2026-01-14 18:06:15,node-h,0,0.0,16.2,317,24564
2026-01-14 18:06:15,node-f,0,0.0,18.5,525,24564
2026-01-14 18:06:18,node-g,0,0.0,15.5,317,24564
2026-01-14 18:06:18,node-e,0,0.0,17.6,525,24564
2026-01-14 18:06:20,node-h,0,0.0,16.1,317,24564
2026-01-14 18:06:20,node-f,0,0.0,18.6,525,24564
2026-01-14 18:06:23,node-g,0,0.0,15.6,317,24564
2026-01-14 18:06:23,node-e,0,0.0,17.8,525,24564
2026-01-14 18:06:25,node-f,0,0.0,18.7,525,24564
2026-01-14 18:06:25,node-h,0,0.0,16.1,317,24564
2026-01-14 18:06:28,node-g,0,0.0,15.4,317,24564
2026-01-14 18:06:29,node-e,0,0.0,17.8,525,24564
2026-01-14 18:06:30,node-f,0,0.0,18.5,525,24564
2026-01-14 18:06:30,node-h,0,0.0,16.5,317,24564
2026-01-14 18:06:34,node-g,0,0.0,15.4,317,24564
2026-01-14 18:06:34,node-e,0,0.0,17.7,525,24564
2026-01-14 18:06:35,node-f,0,0.0,18.5,525,24564
2026-01-14 18:06:35,node-h,0,0.0,16.4,317,24564
2026-01-14 18:06:39,node-g,0,0.0,15.4,317,24564
2026-01-14 18:06:39,node-e,0,0.0,17.7,525,24564
2026-01-14 18:06:40,node-h,0,0.0,16.2,317,24564
2026-01-14 18:06:40,node-f,0,0.0,18.6,525,24564
2026-01-14 18:06:44,node-g,0,0.0,15.5,317,24564
2026-01-14 18:06:44,node-e,0,0.0,17.7,525,24564
2026-01-14 18:06:45,node-h,0,0.0,16.4,317,24564
2026-01-14 18:06:45,node-f,0,0.0,18.4,525,24564
2026-01-14 18:06:49,node-e,0,0.0,17.6,525,24564
2026-01-14 18:06:49,node-g,0,0.0,15.5,317,24564
2026-01-14 18:06:50,node-f,0,0.0,18.6,525,24564
2026-01-14 18:06:54,node-g,0,0.0,15.4,317,24564
2026-01-14 18:06:54,node-e,0,0.0,17.5,525,24564
2026-01-14 18:06:55,node-f,0,0.0,18.6,525,24564
2026-01-14 18:06:56,node-h,0,0.0,16.2,317,24564
2026-01-14 18:06:59,node-g,0,0.0,15.5,317,24564
2026-01-14 18:06:59,node-e,0,0.0,17.6,525,24564
2026-01-14 18:07:00,node-f,0,0.0,18.6,525,24564
2026-01-14 18:07:01,node-h,0,0.0,16.5,317,24564
2026-01-14 18:07:04,node-g,0,0.0,15.3,317,24564
2026-01-14 18:07:04,node-e,0,0.0,17.6,525,24564
2026-01-14 18:07:05,node-f,0,0.0,18.4,525,24564
2026-01-14 18:07:06,node-h,0,0.0,16.2,317,24564
2026-01-14 18:07:09,node-g,0,0.0,15.5,317,24564
2026-01-14 18:07:09,node-e,0,0.0,17.6,525,24564
2026-01-14 18:07:11,node-h,0,0.0,16.3,317,24564
2026-01-14 18:07:14,node-g,0,0.0,15.5,317,24564
2026-01-14 18:07:14,node-e,0,0.0,17.5,525,24564
2026-01-14 18:07:16,node-h,0,0.0,16.2,317,24564
2026-01-14 18:07:16,node-f,0,0.0,18.6,525,24564
2026-01-14 18:07:19,node-g,0,0.0,15.4,317,24564
2026-01-14 18:07:19,node-e,0,0.0,17.7,525,24564
2026-01-14 18:07:21,node-f,0,0.0,18.7,525,24564
2026-01-14 18:07:21,node-h,0,0.0,16.3,317,24564
2026-01-14 18:07:24,node-e,0,0.0,17.6,525,24564
2026-01-14 18:07:24,node-g,0,0.0,15.5,317,24564
2026-01-14 18:07:26,node-f,0,0.0,18.5,525,24564
2026-01-14 18:07:26,node-h,0,0.0,16.3,317,24564
2026-01-14 18:07:29,node-g,0,0.0,15.4,317,24564
2026-01-14 18:07:29,node-e,0,0.0,17.6,525,24564
2026-01-14 18:07:31,node-h,0,0.0,16.1,317,24564
2026-01-14 18:07:31,node-f,0,0.0,18.5,525,24564
2026-01-14 18:07:34,node-e,0,0.0,17.7,525,24564
2026-01-14 18:07:34,node-g,0,0.0,15.4,317,24564
2026-01-14 18:07:36,node-f,0,0.0,18.6,525,24564
2026-01-14 18:07:36,node-h,0,0.0,16.2,317,24564
2026-01-14 18:07:39,node-e,0,0.0,17.5,525,24564
2026-01-14 18:07:39,node-g,0,0.0,15.3,317,24564
2026-01-14 18:07:41,node-h,0,0.0,16.3,317,24564
2026-01-14 18:07:41,node-f,0,0.0,18.6,525,24564
2026-01-14 18:07:44,node-g,0,0.0,15.2,317,24564
2026-01-14 18:07:44,node-e,0,0.0,17.6,525,24564
2026-01-14 18:07:46,node-h,0,0.0,16.2,317,24564
2026-01-14 18:07:46,node-f,0,0.0,18.4,525,24564
2026-01-14 18:07:49,node-g,0,0.0,15.3,317,24564
2026-01-14 18:07:49,node-e,0,0.0,17.5,525,24564
2026-01-14 18:07:51,node-h,0,0.0,16.3,317,24564
2026-01-14 18:07:51,node-f,0,0.0,18.5,525,24564
2026-01-14 18:07:54,node-g,0,0.0,15.5,317,24564
2026-01-14 18:07:54,node-e,0,0.0,17.5,525,24564
2026-01-14 18:07:56,node-h,0,0.0,16.3,317,24564
2026-01-14 18:07:56,node-f,0,0.0,18.6,525,24564
2026-01-14 18:07:59,node-g,0,0.0,15.4,317,24564
2026-01-14 18:07:59,node-e,0,0.0,17.4,525,24564
2026-01-14 18:08:02,node-f,0,0.0,18.6,525,24564
2026-01-14 18:08:02,node-h,0,0.0,16.3,317,24564
2026-01-14 18:08:04,node-e,0,0.0,17.4,525,24564
2026-01-14 18:08:04,node-g,0,0.0,15.3,317,24564
2026-01-14 18:08:07,node-f,0,0.0,18.6,525,24564
2026-01-14 18:08:07,node-h,0,0.0,16.3,317,24564
2026-01-14 18:08:09,node-g,0,0.0,15.4,317,24564
2026-01-14 18:08:09,node-e,0,0.0,17.3,525,24564
2026-01-14 18:08:12,node-h,0,0.0,16.5,317,24564
2026-01-14 18:08:12,node-f,0,0.0,18.6,525,24564
2026-01-14 18:08:14,node-g,0,0.0,15.4,317,24564
2026-01-14 18:08:14,node-e,0,0.0,17.4,525,24564
2026-01-14 18:08:17,node-h,0,0.0,16.4,317,24564
2026-01-14 18:08:17,node-f,0,0.0,18.5,525,24564
2026-01-14 18:08:19,node-g,0,0.0,15.4,317,24564
2026-01-14 18:08:19,node-e,0,0.0,17.5,525,24564
2026-01-14 18:08:22,node-f,0,0.0,18.5,525,24564
2026-01-14 18:08:22,node-h,0,0.0,16.3,317,24564
2026-01-14 18:08:24,node-g,0,0.0,15.5,317,24564
2026-01-14 18:08:24,node-e,0,0.0,17.4,525,24564
2026-01-14 18:08:27,node-h,0,0.0,16.2,317,24564
2026-01-14 18:08:27,node-f,0,0.0,18.5,525,24564
2026-01-14 18:08:29,node-g,0,0.0,15.6,317,24564
2026-01-14 18:08:29,node-e,0,0.0,17.4,525,24564
2026-01-14 18:08:32,node-h,0,0.0,16.4,317,24564
2026-01-14 18:08:32,node-f,0,0.0,18.6,525,24564
2026-01-14 18:08:34,node-g,0,0.0,15.5,317,24564
2026-01-14 18:08:34,node-e,0,0.0,17.6,525,24564
2026-01-14 18:08:37,node-f,0,0.0,18.5,525,24564
2026-01-14 18:08:37,node-h,0,0.0,16.4,317,24564
2026-01-14 18:08:39,node-g,0,0.0,15.4,317,24564
2026-01-14 18:08:39,node-e,0,0.0,17.6,525,24564
2026-01-14 18:08:42,node-h,0,0.0,16.1,317,24564
2026-01-14 18:08:42,node-f,0,0.0,18.5,525,24564
2026-01-14 18:08:44,node-g,0,0.0,15.6,317,24564
2026-01-14 18:08:44,node-e,0,0.0,17.4,525,24564
2026-01-14 18:08:47,node-h,0,0.0,16.1,317,24564
2026-01-14 18:08:47,node-f,0,0.0,18.5,525,24564
2026-01-14 18:08:49,node-g,0,0.0,15.5,317,24564
2026-01-14 18:08:49,node-e,0,0.0,17.5,525,24564
2026-01-14 18:08:52,node-f,0,0.0,18.5,525,24564
2026-01-14 18:08:52,node-h,0,0.0,16.2,317,24564
2026-01-14 18:08:54,node-e,0,0.0,17.5,525,24564
2026-01-14 18:08:54,node-g,0,0.0,15.4,317,24564
2026-01-14 18:08:57,node-h,0,0.0,16.4,317,24564
2026-01-14 18:08:57,node-f,0,0.0,18.4,525,24564
2026-01-14 18:08:59,node-g,0,0.0,15.4,317,24564
2026-01-14 18:08:59,node-e,0,0.0,17.5,525,24564
2026-01-14 18:09:02,node-h,0,0.0,16.3,317,24564
2026-01-14 18:09:02,node-f,0,0.0,18.4,525,24564
2026-01-14 18:09:04,node-g,0,0.0,15.5,317,24564
2026-01-14 18:09:04,node-e,0,0.0,17.5,525,24564
2026-01-14 18:09:07,node-f,0,0.0,18.4,525,24564
2026-01-14 18:09:07,node-h,0,0.0,16.4,317,24564
2026-01-14 18:09:09,node-e,0,0.0,17.7,525,24564
2026-01-14 18:09:09,node-g,0,0.0,15.6,317,24564
2026-01-14 18:09:12,node-f,0,0.0,18.4,525,24564
2026-01-14 18:09:12,node-h,0,0.0,16.2,317,24564
2026-01-14 18:09:14,node-e,0,0.0,17.5,525,24564
2026-01-14 18:09:14,node-g,0,0.0,15.3,317,24564
2026-01-14 18:09:17,node-h,0,0.0,16.3,317,24564
2026-01-14 18:09:17,node-f,0,0.0,18.5,525,24564
2026-01-14 18:09:19,node-g,0,0.0,15.5,317,24564
2026-01-14 18:09:19,node-e,0,0.0,17.6,525,24564
2026-01-14 18:09:22,node-h,0,0.0,16.2,317,24564
2026-01-14 18:09:22,node-f,0,0.0,18.5,525,24564
2026-01-14 18:09:24,node-g,0,0.0,15.5,317,24564
2026-01-14 18:09:24,node-e,0,0.0,17.5,525,24564
2026-01-14 18:09:27,node-f,0,0.0,18.6,525,24564
2026-01-14 18:09:27,node-h,0,0.0,16.4,317,24564
2026-01-14 18:09:29,node-e,0,0.0,17.5,525,24564
2026-01-14 18:09:29,node-g,0,0.0,15.5,317,24564
2026-01-14 18:09:32,node-f,0,0.0,18.3,525,24564
2026-01-14 18:09:32,node-h,0,0.0,16.5,317,24564
2026-01-14 18:09:34,node-e,0,0.0,17.4,525,24564
2026-01-14 18:09:34,node-g,0,0.0,15.4,317,24564
2026-01-14 18:09:37,node-f,0,0.0,18.5,525,24564
2026-01-14 18:09:37,node-h,0,0.0,16.2,317,24564
2026-01-14 18:09:39,node-e,0,0.0,17.4,525,24564
2026-01-14 18:09:39,node-g,0,0.0,15.4,317,24564
2026-01-14 18:09:42,node-f,0,0.0,18.5,525,24564
2026-01-14 18:09:42,node-h,0,0.0,16.3,317,24564
2026-01-14 18:09:44,node-e,0,0.0,17.3,525,24564
2026-01-14 18:09:44,node-g,0,0.0,15.4,317,24564
2026-01-14 18:09:47,node-f,0,0.0,18.5,525,24564
2026-01-14 18:09:47,node-h,0,0.0,16.1,317,24564
2026-01-14 18:09:49,node-e,0,0.0,17.4,525,24564
2026-01-14 18:09:49,node-g,0,0.0,15.1,317,24564
2026-01-14 18:09:52,node-f,0,0.0,18.4,525,24564
2026-01-14 18:09:52,node-h,0,0.0,16.2,317,24564
2026-01-14 18:09:54,node-e,0,0.0,17.5,525,24564
2026-01-14 18:09:54,node-g,0,0.0,15.3,317,24564
2026-01-14 18:09:57,node-f,0,0.0,18.4,525,24564
2026-01-14 18:09:57,node-h,0,0.0,16.1,317,24564
2026-01-14 18:09:59,node-e,0,0.0,17.5,525,24564
2026-01-14 18:09:59,node-g,0,0.0,15.3,317,24564
2026-01-14 18:10:02,node-f,0,0.0,18.4,525,24564
2026-01-14 18:10:02,node-h,0,0.0,16.1,317,24564
2026-01-14 18:10:04,node-e,0,0.0,17.4,525,24564
2026-01-14 18:10:04,node-g,0,0.0,15.3,317,24564
2026-01-14 18:10:07,node-h,0,0.0,16.1,317,24564
2026-01-14 18:10:07,node-f,0,0.0,18.3,525,24564
2026-01-14 18:10:09,node-e,0,0.0,17.4,525,24564
2026-01-14 18:10:09,node-g,0,0.0,15.4,317,24564
2026-01-14 18:10:12,node-h,0,0.0,16.3,317,24564
2026-01-14 18:10:12,node-f,0,0.0,18.4,525,24564
2026-01-14 18:10:14,node-e,0,0.0,17.3,525,24564
2026-01-14 18:10:14,node-g,0,0.0,15.4,317,24564
2026-01-14 18:10:17,node-h,0,0.0,16.2,317,24564
2026-01-14 18:10:17,node-f,0,0.0,18.5,525,24564
2026-01-14 18:10:19,node-e,0,0.0,17.5,525,24564
2026-01-14 18:10:19,node-g,0,0.0,15.4,317,24564
2026-01-14 18:10:22,node-f,0,0.0,18.4,525,24564
2026-01-14 18:10:22,node-h,0,0.0,16.0,317,24564
2026-01-14 18:10:24,node-e,0,0.0,17.3,525,24564
2026-01-14 18:10:24,node-g,0,0.0,15.4,317,24564
2026-01-14 18:10:27,node-h,0,0.0,16.1,317,24564
2026-01-14 18:10:27,node-f,0,0.0,18.4,525,24564
2026-01-14 18:10:29,node-e,0,0.0,17.3,525,24564
2026-01-14 18:10:29,node-g,0,0.0,15.4,317,24564
2026-01-14 18:10:32,node-h,0,0.0,15.9,317,24564
2026-01-14 18:10:32,node-f,0,0.0,18.3,525,24564
2026-01-14 18:10:34,node-e,0,0.0,17.4,525,24564
2026-01-14 18:10:34,node-g,0,0.0,15.5,317,24564
2026-01-14 18:10:37,node-h,0,0.0,16.1,317,24564
2026-01-14 18:10:37,node-f,0,0.0,18.4,525,24564
2026-01-14 18:10:39,node-e,0,0.0,17.4,525,24564
2026-01-14 18:10:39,node-g,0,0.0,15.6,317,24564
2026-01-14 18:10:42,node-h,0,0.0,16.2,317,24564
2026-01-14 18:10:42,node-f,0,0.0,18.3,525,24564
2026-01-14 18:10:44,node-e,0,0.0,17.3,525,24564
2026-01-14 18:10:44,node-g,0,0.0,15.5,317,24564
2026-01-14 18:10:47,node-h,0,0.0,16.1,317,24564
2026-01-14 18:10:47,node-f,0,0.0,18.3,525,24564
2026-01-14 18:10:49,node-e,0,0.0,17.3,525,24564
2026-01-14 18:10:49,node-g,0,0.0,15.6,317,24564
2026-01-14 18:10:52,node-f,0,0.0,18.5,525,24564
2026-01-14 18:10:52,node-h,0,0.0,16.1,317,24564
2026-01-14 18:10:54,node-e,0,0.0,17.4,525,24564
2026-01-14 18:10:54,node-g,0,0.0,15.4,317,24564
2026-01-14 18:10:57,node-f,0,0.0,18.4,525,24564
2026-01-14 18:10:57,node-h,0,0.0,16.2,317,24564
2026-01-14 18:10:59,node-e,0,0.0,17.4,525,24564
2026-01-14 18:10:59,node-g,0,0.0,15.3,317,24564
2026-01-14 18:11:02,node-f,0,0.0,18.4,525,24564
2026-01-14 18:11:02,node-h,0,0.0,16.2,317,24564
2026-01-14 18:11:04,node-e,0,0.0,17.3,525,24564
2026-01-14 18:11:04,node-g,0,0.0,15.5,317,24564
2026-01-14 18:11:07,node-f,0,0.0,18.4,525,24564
2026-01-14 18:11:07,node-h,0,0.0,16.2,317,24564
2026-01-14 18:11:09,node-e,0,0.0,17.3,525,24564
2026-01-14 18:11:09,node-g,0,0.0,15.5,317,24564
2026-01-14 18:11:12,node-h,0,0.0,16.3,317,24564
2026-01-14 18:11:12,node-f,0,0.0,18.3,525,24564
2026-01-14 18:11:14,node-e,0,0.0,17.3,525,24564
2026-01-14 18:11:14,node-g,0,0.0,15.7,317,24564
2026-01-14 18:11:17,node-h,0,0.0,16.5,317,24564
2026-01-14 18:11:17,node-f,0,0.0,18.4,525,24564
2026-01-14 18:11:19,node-g,0,0.0,15.6,317,24564
2026-01-14 18:11:19,node-e,0,0.0,17.5,525,24564
2026-01-14 18:11:22,node-f,0,0.0,18.4,525,24564
2026-01-14 18:11:24,node-g,0,0.0,15.6,317,24564
2026-01-14 18:11:25,node-e,0,0.0,17.4,525,24564
2026-01-14 18:11:27,node-f,0,0.0,18.4,525,24564
2026-01-14 18:11:28,node-h,0,0.0,16.3,317,24564
2026-01-14 18:11:30,node-g,0,0.0,15.5,317,24564
2026-01-14 18:11:30,node-e,0,0.0,17.5,525,24564
2026-01-14 18:11:32,node-f,0,0.0,18.3,525,24564
2026-01-14 18:11:33,node-h,0,0.0,16.3,317,24564
2026-01-14 18:11:35,node-g,0,0.0,15.6,317,24564
2026-01-14 18:11:35,node-e,0,0.0,17.5,525,24564
2026-01-14 18:11:37,node-f,0,0.0,18.3,525,24564
2026-01-14 18:11:38,node-h,0,0.0,16.5,317,24564
2026-01-14 18:11:40,node-e,0,0.0,17.5,525,24564
2026-01-14 18:11:40,node-g,0,0.0,15.5,317,24564
2026-01-14 18:11:42,node-f,0,0.0,18.3,525,24564
2026-01-14 18:11:43,node-h,0,0.0,16.3,317,24564
2026-01-14 18:11:45,node-e,0,0.0,17.4,525,24564
2026-01-14 18:11:45,node-g,0,0.0,15.5,317,24564
2026-01-14 18:11:47,node-f,0,0.0,18.4,525,24564
2026-01-14 18:11:48,node-h,0,0.0,16.2,317,24564
2026-01-14 18:11:50,node-g,0,0.0,15.6,317,24564
2026-01-14 18:11:50,node-e,0,0.0,17.3,525,24564
2026-01-14 18:11:52,node-f,0,0.0,18.3,525,24564
2026-01-14 18:11:53,node-h,0,0.0,16.3,317,24564
2026-01-14 18:11:55,node-g,0,0.0,15.5,317,24564
2026-01-14 18:11:55,node-e,0,0.0,17.4,525,24564
2026-01-14 18:11:57,node-f,0,0.0,18.2,525,24564
2026-01-14 18:11:58,node-h,0,0.0,16.6,317,24564
2026-01-14 18:12:00,node-g,0,0.0,15.5,317,24564
2026-01-14 18:12:00,node-e,0,0.0,17.4,525,24564
2026-01-14 18:12:03,node-f,0,0.0,18.3,525,24564
2026-01-14 18:12:03,node-h,0,0.0,16.4,317,24564
2026-01-14 18:12:05,node-g,0,0.0,15.5,317,24564
2026-01-14 18:12:05,node-e,0,0.0,17.3,525,24564
2026-01-14 18:12:08,node-f,0,0.0,18.3,525,24564
2026-01-14 18:12:08,node-h,0,0.0,16.3,317,24564
2026-01-14 18:12:10,node-g,0,0.0,15.5,317,24564
2026-01-14 18:12:10,node-e,0,0.0,17.4,525,24564
2026-01-14 18:12:13,node-f,0,0.0,18.4,525,24564
2026-01-14 18:12:13,node-h,0,0.0,16.3,317,24564
2026-01-14 18:12:15,node-e,0,0.0,17.3,525,24564
2026-01-14 18:12:15,node-g,0,0.0,15.6,317,24564
2026-01-14 18:12:18,node-f,0,0.0,18.5,525,24564
2026-01-14 18:12:18,node-h,0,0.0,16.3,317,24564
2026-01-14 18:12:20,node-g,0,0.0,15.6,317,24564
2026-01-14 18:12:20,node-e,0,0.0,17.3,525,24564
2026-01-14 18:12:23,node-f,0,0.0,18.3,525,24564
2026-01-14 18:12:23,node-h,0,0.0,16.3,317,24564
2026-01-14 18:12:25,node-e,0,0.0,17.3,525,24564
2026-01-14 18:12:25,node-g,0,0.0,15.6,317,24564
2026-01-14 18:12:28,node-f,0,0.0,18.4,525,24564
2026-01-14 18:12:28,node-h,0,0.0,16.4,317,24564
2026-01-14 18:12:30,node-g,0,0.0,15.5,317,24564
2026-01-14 18:12:30,node-e,0,0.0,17.4,525,24564
2026-01-14 18:12:33,node-f,0,0.0,18.4,525,24564
2026-01-14 18:12:33,node-h,0,0.0,16.2,317,24564
2026-01-14 18:12:35,node-g,0,0.0,15.6,317,24564
2026-01-14 18:12:35,node-e,0,0.0,17.3,525,24564
2026-01-14 18:12:38,node-f,0,0.0,18.4,525,24564
2026-01-14 18:12:38,node-h,0,0.0,16.2,317,24564
2026-01-14 18:12:40,node-g,0,0.0,15.6,317,24564
2026-01-14 18:12:40,node-e,0,0.0,17.3,525,24564
2026-01-14 18:12:43,node-f,0,0.0,18.4,525,24564
2026-01-14 18:12:43,node-h,0,0.0,16.4,317,24564
2026-01-14 18:12:45,node-e,0,0.0,17.3,525,24564
2026-01-14 18:12:45,node-g,0,0.0,15.6,317,24564
2026-01-14 18:12:48,node-f,0,0.0,18.4,525,24564
2026-01-14 18:12:48,node-h,0,0.0,16.2,317,24564
2026-01-14 18:12:50,node-e,0,0.0,17.4,525,24564
2026-01-14 18:12:50,node-g,0,0.0,15.5,317,24564
2026-01-14 18:12:53,node-f,0,0.0,18.4,525,24564
2026-01-14 18:12:53,node-h,0,0.0,16.2,317,24564
2026-01-14 18:12:55,node-g,0,0.0,15.6,317,24564
2026-01-14 18:12:55,node-e,0,0.0,17.4,525,24564
2026-01-14 18:12:58,node-f,0,0.0,18.4,525,24564
2026-01-14 18:12:58,node-h,0,0.0,16.4,317,24564
2026-01-14 18:13:00,node-g,0,0.0,15.7,317,24564
2026-01-14 18:13:00,node-e,0,0.0,17.3,525,24564
2026-01-14 18:13:03,node-f,0,0.0,18.3,525,24564
2026-01-14 18:13:03,node-h,0,0.0,16.4,317,24564
2026-01-14 18:13:05,node-g,0,0.0,15.5,317,24564
2026-01-14 18:13:05,node-e,0,0.0,17.5,525,24564
2026-01-14 18:13:08,node-f,0,0.0,18.3,525,24564
2026-01-14 18:13:08,node-h,0,0.0,16.4,317,24564
2026-01-14 18:13:10,node-g,0,0.0,15.7,317,24564
2026-01-14 18:13:10,node-e,0,0.0,17.4,525,24564
2026-01-14 18:13:13,node-f,0,0.0,18.5,525,24564
2026-01-14 18:13:13,node-h,0,0.0,16.3,317,24564
2026-01-14 18:13:15,node-g,0,0.0,15.7,317,24564
2026-01-14 18:13:15,node-e,0,0.0,17.6,525,24564
2026-01-14 18:13:18,node-f,0,0.0,18.4,525,24564
2026-01-14 18:13:19,node-h,0,0.0,16.3,317,24564
2026-01-14 18:13:20,node-e,0,0.0,17.4,525,24564
2026-01-14 18:13:20,node-g,0,0.0,15.7,317,24564
2026-01-14 18:13:23,node-f,0,0.0,18.5,525,24564
2026-01-14 18:13:24,node-h,0,0.0,16.1,317,24564
2026-01-14 18:13:25,node-e,0,0.0,17.4,525,24564
2026-01-14 18:13:25,node-g,0,0.0,15.5,317,24564
2026-01-14 18:13:28,node-f,0,0.0,18.6,525,24564
2026-01-14 18:13:29,node-h,0,0.0,16.3,317,24564
2026-01-14 18:13:30,node-g,0,0.0,15.6,317,24564
2026-01-14 18:13:30,node-e,0,0.0,17.5,525,24564
2026-01-14 18:13:33,node-f,0,0.0,18.6,525,24564
2026-01-14 18:13:34,node-h,0,0.0,16.4,317,24564
2026-01-14 18:13:35,node-g,0,0.0,15.6,317,24564
2026-01-14 18:13:35,node-e,0,0.0,17.5,525,24564
2026-01-14 18:13:38,node-f,0,0.0,18.5,525,24564
2026-01-14 18:13:39,node-h,0,0.0,16.3,317,24564
2026-01-14 18:13:40,node-g,0,0.0,15.7,317,24564
2026-01-14 18:13:40,node-e,0,0.0,17.5,525,24564
2026-01-14 18:13:43,node-f,0,0.0,18.5,525,24564
2026-01-14 18:13:44,node-h,0,0.0,16.3,317,24564
2026-01-14 18:13:45,node-g,0,0.0,15.7,317,24564
2026-01-14 18:13:45,node-e,0,0.0,17.6,525,24564
2026-01-14 18:13:48,node-f,0,0.0,18.5,525,24564
2026-01-14 18:13:49,node-h,0,0.0,16.2,317,24564
2026-01-14 18:13:50,node-g,0,0.0,15.8,317,24564
2026-01-14 18:13:53,node-f,0,0.0,18.5,525,24564
2026-01-14 18:13:54,node-h,0,0.0,16.4,317,24564
2026-01-14 18:13:55,node-g,0,0.0,15.5,317,24564
2026-01-14 18:13:56,node-e,0,0.0,17.6,525,24564
2026-01-14 18:13:58,node-f,0,0.0,18.4,525,24564
2026-01-14 18:13:59,node-h,0,0.0,16.5,317,24564
2026-01-14 18:14:00,node-g,0,0.0,15.5,317,24564
2026-01-14 18:14:01,node-e,0,0.0,17.5,525,24564
2026-01-14 18:14:03,node-f,0,0.0,18.6,525,24564
2026-01-14 18:14:04,node-h,0,0.0,16.5,317,24564
2026-01-14 18:14:05,node-g,0,0.0,15.5,317,24564
2026-01-14 18:14:06,node-e,0,0.0,17.6,525,24564
2026-01-14 18:14:08,node-f,0,0.0,18.4,525,24564
2026-01-14 18:14:09,node-h,0,0.0,16.4,317,24564
2026-01-14 18:14:10,node-g,0,0.0,15.6,317,24564
2026-01-14 18:14:11,node-e,0,0.0,17.6,525,24564
2026-01-14 18:14:13,node-f,0,0.0,18.4,525,24564
2026-01-14 18:14:14,node-h,0,0.0,16.4,317,24564
2026-01-14 18:14:15,node-g,0,0.0,15.6,317,24564
2026-01-14 18:14:16,node-e,0,0.0,17.7,525,24564
2026-01-14 18:14:18,node-f,0,0.0,18.3,525,24564
2026-01-14 18:14:19,node-h,0,0.0,16.3,317,24564
2026-01-14 18:14:20,node-g,0,0.0,15.6,317,24564
2026-01-14 18:14:21,node-e,0,0.0,17.5,525,24564
2026-01-14 18:14:23,node-f,0,0.0,18.6,525,24564
2026-01-14 18:14:24,node-h,0,0.0,16.4,317,24564
2026-01-14 18:14:25,node-g,0,0.0,15.6,317,24564
2026-01-14 18:14:26,node-e,0,0.0,17.4,525,24564
2026-01-14 18:14:28,node-f,0,0.0,18.4,525,24564
2026-01-14 18:14:29,node-h,0,0.0,16.2,317,24564
2026-01-14 18:14:30,node-g,0,0.0,15.6,317,24564
2026-01-14 18:14:31,node-e,0,0.0,17.5,525,24564
2026-01-14 18:14:33,node-f,0,0.0,18.5,525,24564
2026-01-14 18:14:34,node-h,0,0.0,16.2,317,24564
2026-01-14 18:14:35,node-g,0,0.0,15.6,317,24564
2026-01-14 18:14:36,node-e,0,0.0,17.4,525,24564
2026-01-14 18:14:38,node-f,0,0.0,18.5,525,24564
2026-01-14 18:14:39,node-h,0,0.0,16.3,317,24564
2026-01-14 18:14:40,node-g,0,0.0,15.5,317,24564
2026-01-14 18:14:41,node-e,0,0.0,17.4,525,24564
2026-01-14 18:14:43,node-f,0,0.0,18.5,525,24564
2026-01-14 18:14:44,node-h,0,0.0,16.3,317,24564
2026-01-14 18:14:45,node-g,0,0.0,15.6,317,24564
2026-01-14 18:14:46,node-e,0,0.0,17.4,525,24564
2026-01-14 18:14:48,node-f,0,0.0,18.4,525,24564
2026-01-14 18:14:49,node-h,0,0.0,16.4,317,24564
2026-01-14 18:14:50,node-g,0,0.0,15.7,317,24564
2026-01-14 18:14:51,node-e,0,0.0,17.3,525,24564
2026-01-14 18:14:53,node-f,0,0.0,18.5,525,24564
2026-01-14 18:14:54,node-h,0,0.0,16.3,317,24564
2026-01-14 18:14:55,node-g,0,0.0,15.5,317,24564
2026-01-14 18:14:56,node-e,0,0.0,17.4,525,24564
2026-01-14 18:14:58,node-f,0,0.0,18.5,525,24564
2026-01-14 18:14:59,node-h,0,0.0,16.4,317,24564
2026-01-14 18:15:00,node-g,0,0.0,15.5,317,24564
2026-01-14 18:15:01,node-e,0,0.0,17.5,525,24564
2026-01-14 18:15:03,node-f,0,0.0,18.5,525,24564
2026-01-14 18:15:04,node-h,0,0.0,16.3,317,24564
2026-01-14 18:15:05,node-g,0,0.0,15.5,317,24564
2026-01-14 18:15:06,node-e,0,0.0,17.5,525,24564
2026-01-14 18:15:08,node-f,0,0.0,18.5,525,24564
2026-01-14 18:15:09,node-h,0,0.0,16.4,317,24564
2026-01-14 18:15:10,node-g,0,0.0,15.5,317,24564
2026-01-14 18:15:11,node-e,0,0.0,17.5,525,24564
2026-01-14 18:15:13,node-f,0,0.0,18.5,525,24564
2026-01-14 18:15:14,node-h,0,0.0,16.3,317,24564
2026-01-14 18:15:15,node-g,0,0.0,15.6,317,24564
2026-01-14 18:15:16,node-e,0,0.0,17.5,525,24564
2026-01-14 18:15:18,node-f,0,0.0,18.6,525,24564
2026-01-14 18:15:19,node-h,0,0.0,16.2,317,24564
2026-01-14 18:15:20,node-g,0,0.0,15.4,317,24564
2026-01-14 18:15:21,node-e,0,0.0,17.6,525,24564
2026-01-14 18:15:23,node-f,0,0.0,18.4,525,24564
2026-01-14 18:15:24,node-h,0,0.0,16.3,317,24564
2026-01-14 18:15:25,node-g,0,0.0,15.4,317,24564
2026-01-14 18:15:26,node-e,0,0.0,17.6,525,24564
2026-01-14 18:15:28,node-f,0,0.0,18.5,525,24564
2026-01-14 18:15:29,node-h,0,0.0,16.3,317,24564
2026-01-14 18:15:30,node-g,0,0.0,15.4,317,24564
2026-01-14 18:15:31,node-e,0,0.0,17.5,525,24564
2026-01-14 18:15:33,node-f,0,0.0,18.6,525,24564
2026-01-14 18:15:34,node-h,0,0.0,16.3,317,24564
2026-01-14 18:15:35,node-g,0,0.0,15.6,317,24564
2026-01-14 18:15:36,node-e,0,0.0,17.4,525,24564
2026-01-14 18:15:38,node-f,0,0.0,18.6,525,24564
2026-01-14 18:15:39,node-h,0,0.0,16.1,317,24564
2026-01-14 18:15:40,node-g,0,0.0,15.4,317,24564
2026-01-14 18:15:41,node-e,0,0.0,17.3,525,24564
2026-01-14 18:15:43,node-f,0,0.0,18.5,525,24564
2026-01-14 18:15:44,node-h,0,0.0,16.2,317,24564
2026-01-14 18:15:45,node-g,0,0.0,15.6,317,24564
2026-01-14 18:15:46,node-e,0,0.0,17.4,525,24564
2026-01-14 18:15:48,node-f,0,0.0,18.6,525,24564
2026-01-14 18:15:49,node-h,0,0.0,16.1,317,24564
2026-01-14 18:15:50,node-g,0,0.0,15.6,317,24564
2026-01-14 18:15:51,node-e,0,0.0,17.5,525,24564
2026-01-14 18:15:53,node-f,0,0.0,18.6,525,24564
2026-01-14 18:15:54,node-h,0,0.0,16.1,317,24564
2026-01-14 18:15:55,node-g,0,0.0,15.7,317,24564
2026-01-14 18:15:56,node-e,0,0.0,17.3,525,24564
2026-01-14 18:15:58,node-f,0,0.0,18.6,525,24564
2026-01-14 18:15:59,node-h,0,0.0,16.2,317,24564
2026-01-14 18:16:00,node-g,0,0.0,15.7,317,24564
2026-01-14 18:16:01,node-e,0,0.0,17.4,525,24564
2026-01-14 18:16:03,node-f,0,0.0,18.6,525,24564
2026-01-14 18:16:04,node-h,0,0.0,16.3,317,24564
2026-01-14 18:16:05,node-g,0,0.0,15.6,317,24564
2026-01-14 18:16:06,node-e,0,0.0,17.3,525,24564
2026-01-14 18:16:08,node-f,0,0.0,18.7,525,24564
2026-01-14 18:16:09,node-h,0,0.0,16.5,317,24564
2026-01-14 18:16:10,node-g,0,0.0,15.7,317,24564
2026-01-14 18:16:11,node-e,0,0.0,17.4,525,24564
2026-01-14 18:16:13,node-f,0,0.0,18.6,525,24564
2026-01-14 18:16:14,node-h,0,0.0,16.6,317,24564
2026-01-14 18:16:15,node-g,0,0.0,15.5,317,24564
2026-01-14 18:16:16,node-e,0,0.0,17.4,525,24564
2026-01-14 18:16:18,node-f,0,0.0,18.6,525,24564
2026-01-14 18:16:19,node-h,0,0.0,16.2,317,24564
2026-01-14 18:16:20,node-g,0,0.0,15.6,317,24564
2026-01-14 18:16:21,node-e,0,0.0,17.4,525,24564
2026-01-14 18:16:23,node-f,0,0.0,18.7,525,24564
2026-01-14 18:16:24,node-h,0,0.0,16.4,317,24564
2026-01-14 18:16:25,node-g,0,0.0,15.5,317,24564
2026-01-14 18:16:26,node-e,0,0.0,17.6,525,24564
2026-01-14 18:16:28,node-f,0,0.0,18.6,525,24564
2026-01-14 18:16:29,node-h,0,0.0,16.3,317,24564
2026-01-14 18:16:30,node-g,0,0.0,15.5,317,24564
2026-01-14 18:16:31,node-e,0,0.0,17.4,525,24564
2026-01-14 18:16:33,node-f,0,0.0,18.6,525,24564
2026-01-14 18:16:34,node-h,0,0.0,16.3,317,24564
2026-01-14 18:16:35,node-g,0,0.0,15.5,317,24564
2026-01-14 18:16:36,node-e,0,0.0,17.5,525,24564
2026-01-14 18:16:38,node-f,0,0.0,18.6,525,24564
2026-01-14 18:16:39,node-h,0,0.0,16.1,317,24564
2026-01-14 18:16:40,node-g,0,0.0,15.6,317,24564
2026-01-14 18:16:41,node-e,0,0.0,17.4,525,24564
2026-01-14 18:16:43,node-f,0,0.0,18.6,525,24564
2026-01-14 18:16:44,node-h,0,0.0,16.4,317,24564
2026-01-14 18:16:45,node-g,0,0.0,15.6,317,24564
2026-01-14 18:16:46,node-e,0,0.0,17.4,525,24564
2026-01-14 18:16:48,node-f,0,0.0,18.5,525,24564
2026-01-14 18:16:49,node-h,0,0.0,16.4,317,24564
2026-01-14 18:16:50,node-g,0,0.0,15.6,317,24564
2026-01-14 18:16:51,node-e,0,0.0,17.4,525,24564
2026-01-14 18:16:53,node-f,0,0.0,18.5,525,24564
2026-01-14 18:16:54,node-h,0,0.0,16.4,317,24564
2026-01-14 18:16:56,node-g,0,0.0,15.4,317,24564
2026-01-14 18:16:56,node-e,0,0.0,17.3,525,24564
2026-01-14 18:16:58,node-f,0,0.0,18.5,525,24564
2026-01-14 18:16:59,node-h,0,0.0,16.3,317,24564
2026-01-14 18:17:01,node-g,0,0.0,15.4,317,24564
2026-01-14 18:17:02,node-e,0,0.0,17.3,525,24564
2026-01-14 18:17:03,node-f,0,0.0,18.4,525,24564
2026-01-14 18:17:04,node-h,0,0.0,16.5,317,24564
2026-01-14 18:17:06,node-g,0,0.0,15.4,317,24564
2026-01-14 18:17:07,node-e,0,0.0,17.2,525,24564
2026-01-14 18:17:08,node-f,0,0.0,18.5,525,24564
2026-01-14 18:17:09,node-h,0,0.0,16.2,317,24564
2026-01-14 18:17:11,node-g,0,0.0,15.5,317,24564
2026-01-14 18:17:12,node-e,0,0.0,17.3,525,24564
2026-01-14 18:17:13,node-f,0,0.0,18.5,525,24564
2026-01-14 18:17:14,node-h,0,0.0,16.2,317,24564
2026-01-14 18:17:16,node-g,0,0.0,15.6,317,24564
2026-01-14 18:17:17,node-e,0,0.0,17.3,525,24564
2026-01-14 18:17:18,node-f,0,0.0,18.4,525,24564
2026-01-14 18:17:19,node-h,0,0.0,16.2,317,24564
2026-01-14 18:17:21,node-g,0,0.0,15.6,317,24564
2026-01-14 18:17:22,node-e,0,0.0,17.2,525,24564
2026-01-14 18:17:23,node-f,0,0.0,18.5,525,24564
2026-01-14 18:17:24,node-h,0,0.0,16.4,317,24564
2026-01-14 18:17:26,node-g,0,0.0,15.5,317,24564
2026-01-14 18:17:27,node-e,0,0.0,17.2,525,24564
2026-01-14 18:17:28,node-f,0,0.0,18.4,525,24564
2026-01-14 18:17:29,node-h,0,0.0,16.1,317,24564
2026-01-14 18:17:31,node-g,0,0.0,15.6,317,24564
2026-01-14 18:17:32,node-e,0,0.0,17.4,525,24564
2026-01-14 18:17:33,node-f,0,0.0,18.4,525,24564
2026-01-14 18:17:34,node-h,0,0.0,16.1,317,24564
2026-01-14 18:17:36,node-g,0,0.0,15.4,317,24564
2026-01-14 18:17:37,node-e,0,0.0,17.2,525,24564
2026-01-14 18:17:39,node-f,0,0.0,18.3,525,24564
2026-01-14 18:17:39,node-h,0,0.0,16.2,317,24564
2026-01-14 18:17:41,node-g,0,0.0,15.4,317,24564
2026-01-14 18:17:42,node-e,0,0.0,17.4,525,24564
2026-01-14 18:17:44,node-f,0,0.0,18.4,525,24564
2026-01-14 18:17:44,node-h,0,0.0,16.1,317,24564
2026-01-14 18:17:46,node-g,0,0.0,15.6,317,24564
2026-01-14 18:17:47,node-e,0,0.0,17.3,525,24564
2026-01-14 18:17:49,node-f,0,0.0,18.4,525,24564
2026-01-14 18:17:49,node-h,0,0.0,15.9,317,24564
2026-01-14 18:17:51,node-g,0,0.0,15.5,317,24564
2026-01-14 18:17:52,node-e,0,0.0,17.2,525,24564
2026-01-14 18:17:54,node-f,0,0.0,18.4,525,24564
2026-01-14 18:17:54,node-h,0,0.0,16.1,317,24564
2026-01-14 18:17:56,node-g,0,0.0,15.6,317,24564
2026-01-14 18:17:57,node-e,0,0.0,17.3,525,24564
2026-01-14 18:17:59,node-f,0,0.0,18.3,525,24564
2026-01-14 18:17:59,node-h,0,0.0,16.2,317,24564
2026-01-14 18:18:01,node-g,0,0.0,15.5,317,24564
2026-01-14 18:18:02,node-e,0,0.0,17.1,525,24564
2026-01-14 18:18:04,node-f,0,0.0,18.4,525,24564
2026-01-14 18:18:04,node-h,0,0.0,16.3,317,24564
2026-01-14 18:18:06,node-g,0,0.0,15.7,317,24564
2026-01-14 18:18:07,node-e,0,0.0,17.2,525,24564
2026-01-14 18:18:09,node-f,0,0.0,18.4,525,24564
2026-01-14 18:18:09,node-h,0,0.0,16.1,317,24564
2026-01-14 18:18:11,node-g,0,0.0,15.7,317,24564
2026-01-14 18:18:12,node-e,0,0.0,17.3,525,24564
2026-01-14 18:18:14,node-f,0,0.0,18.5,525,24564
2026-01-14 18:18:14,node-h,0,0.0,16.2,317,24564
2026-01-14 18:18:16,node-g,0,0.0,15.7,317,24564
2026-01-14 18:18:17,node-e,0,0.0,17.3,525,24564
2026-01-14 18:18:19,node-f,0,0.0,18.5,525,24564
2026-01-14 18:18:19,node-h,0,0.0,16.1,317,24564
2026-01-14 18:18:21,node-g,0,0.0,15.5,317,24564
2026-01-14 18:18:22,node-e,0,0.0,17.2,525,24564
2026-01-14 18:18:24,node-f,0,0.0,18.4,525,24564
2026-01-14 18:18:24,node-h,0,0.0,16.2,317,24564
2026-01-14 18:18:26,node-g,0,0.0,15.6,317,24564
2026-01-14 18:18:27,node-e,0,0.0,17.3,525,24564
2026-01-14 18:18:29,node-f,0,0.0,18.3,525,24564
2026-01-14 18:18:29,node-h,0,0.0,16.2,317,24564
2026-01-14 18:18:31,node-g,0,0.0,15.5,317,24564
2026-01-14 18:18:32,node-e,0,0.0,17.5,525,24564
2026-01-14 18:18:34,node-f,0,0.0,18.3,525,24564
2026-01-14 18:18:34,node-h,0,0.0,16.2,317,24564
2026-01-14 18:18:36,node-g,0,0.0,15.5,317,24564
2026-01-14 18:18:37,node-e,0,0.0,17.3,525,24564
2026-01-14 18:18:39,node-f,0,0.0,18.2,525,24564
2026-01-14 18:18:39,node-h,0,0.0,16.2,317,24564
2026-01-14 18:18:41,node-g,0,0.0,15.5,317,24564
2026-01-14 18:18:42,node-e,0,0.0,17.3,525,24564
2026-01-14 18:18:44,node-f,0,0.0,18.4,525,24564
2026-01-14 18:18:44,node-h,0,0.0,16.2,317,24564
2026-01-14 18:18:46,node-g,0,0.0,15.5,317,24564
2026-01-14 18:18:47,node-e,0,0.0,17.3,525,24564
2026-01-14 18:18:49,node-f,0,0.0,18.4,525,24564
2026-01-14 18:18:49,node-h,0,0.0,16.2,317,24564
2026-01-14 18:18:51,node-g,0,0.0,15.4,317,24564
2026-01-14 18:18:52,node-e,0,0.0,17.1,525,24564
2026-01-14 18:18:54,node-f,0,0.0,18.3,525,24564
2026-01-14 18:18:54,node-h,0,0.0,16.2,317,24564
2026-01-14 18:18:56,node-g,0,0.0,15.4,317,24564
2026-01-14 18:18:57,node-e,0,0.0,17.2,525,24564
2026-01-14 18:18:59,node-f,0,0.0,18.3,525,24564
2026-01-14 18:18:59,node-h,0,0.0,16.2,317,24564
2026-01-14 18:19:01,node-g,0,0.0,15.5,317,24564
2026-01-14 18:19:02,node-e,0,0.0,17.2,525,24564
2026-01-14 18:19:04,node-f,0,0.0,18.4,525,24564
2026-01-14 18:19:04,node-h,0,0.0,16.3,317,24564
2026-01-14 18:19:06,node-g,0,0.0,15.5,317,24564
2026-01-14 18:19:07,node-e,0,0.0,17.4,525,24564
2026-01-14 18:19:09,node-f,0,0.0,18.3,525,24564
2026-01-14 18:19:09,node-h,0,0.0,16.2,317,24564
2026-01-14 18:19:11,node-g,0,0.0,15.4,317,24564
2026-01-14 18:19:12,node-e,0,0.0,17.3,525,24564
2026-01-14 18:19:14,node-f,0,0.0,18.4,525,24564
2026-01-14 18:19:14,node-h,0,0.0,16.3,317,24564
2026-01-14 18:19:16,node-g,0,0.0,15.4,317,24564
2026-01-14 18:19:17,node-e,0,0.0,17.4,525,24564
2026-01-14 18:19:19,node-f,0,0.0,18.4,525,24564
2026-01-14 18:19:19,node-h,0,0.0,16.2,317,24564
2026-01-14 18:19:21,node-g,0,0.0,15.3,317,24564
2026-01-14 18:19:22,node-e,0,0.0,17.3,525,24564
2026-01-14 18:19:24,node-f,0,0.0,18.3,525,24564
2026-01-14 18:19:24,node-h,0,0.0,16.2,317,24564
2026-01-14 18:19:27,node-e,0,0.0,17.4,525,24564
2026-01-14 18:19:29,node-f,0,0.0,18.4,525,24564
2026-01-14 18:19:30,node-h,0,0.0,16.1,317,24564
2026-01-14 18:19:32,node-e,0,0.0,17.3,525,24564
2026-01-14 18:19:32,node-g,0,0.0,15.5,317,24564
2026-01-14 18:19:34,node-f,0,0.0,18.3,525,24564
2026-01-14 18:19:35,node-h,0,0.0,16.1,317,24564
2026-01-14 18:19:37,node-e,0,0.0,17.3,525,24564
2026-01-14 18:19:37,node-g,0,0.0,15.5,317,24564
2026-01-14 18:19:39,node-f,0,0.0,18.3,525,24564
2026-01-14 18:19:40,node-h,0,0.0,16.2,317,24564
2026-01-14 18:19:42,node-g,0,0.0,15.4,317,24564
2026-01-14 18:19:42,node-e,0,0.0,17.2,525,24564
2026-01-14 18:19:44,node-f,0,0.0,18.2,525,24564
2026-01-14 18:19:45,node-h,0,0.0,16.2,317,24564
2026-01-14 18:19:47,node-g,0,0.0,15.5,317,24564
2026-01-14 18:19:47,node-e,0,0.0,17.0,525,24564
2026-01-14 18:19:49,node-f,0,0.0,18.3,525,24564
2026-01-14 18:19:50,node-h,0,0.0,16.3,317,24564
2026-01-14 18:19:52,node-g,0,0.0,15.6,317,24564
2026-01-14 18:19:52,node-e,0,0.0,17.1,525,24564
2026-01-14 18:19:54,node-f,0,0.0,18.5,525,24564
2026-01-14 18:19:55,node-h,0,0.0,16.3,317,24564
2026-01-14 18:19:57,node-e,0,0.0,17.3,525,24564
2026-01-14 18:19:57,node-g,0,0.0,15.6,317,24564
2026-01-14 18:19:59,node-f,0,0.0,18.4,525,24564
2026-01-14 18:20:00,node-h,0,0.0,16.2,317,24564
2026-01-14 18:20:02,node-g,0,0.0,15.7,317,24564
2026-01-14 18:20:02,node-e,0,0.0,17.2,525,24564
2026-01-14 18:20:04,node-f,0,0.0,18.4,525,24564
2026-01-14 18:20:05,node-h,0,0.0,16.1,317,24564
2026-01-14 18:20:07,node-e,0,0.0,17.0,525,24564
2026-01-14 18:20:07,node-g,0,0.0,15.5,317,24564
2026-01-14 18:20:09,node-f,0,0.0,18.5,525,24564
2026-01-14 18:20:10,node-h,0,0.0,16.3,317,24564
2026-01-14 18:20:12,node-e,0,0.0,17.3,525,24564
2026-01-14 18:20:12,node-g,0,0.0,15.6,317,24564
2026-01-14 18:20:14,node-f,0,0.0,18.4,525,24564
2026-01-14 18:20:15,node-h,0,0.0,16.1,317,24564
2026-01-14 18:20:17,node-e,0,0.0,17.2,525,24564
2026-01-14 18:20:17,node-g,0,0.0,15.6,317,24564
2026-01-14 18:20:19,node-f,0,0.0,18.4,525,24564
2026-01-14 18:20:20,node-h,0,0.0,16.3,317,24564
2026-01-14 18:20:22,node-e,0,0.0,17.1,525,24564
2026-01-14 18:20:22,node-g,0,0.0,15.4,317,24564
2026-01-14 18:20:24,node-f,0,0.0,18.4,525,24564
2026-01-14 18:20:25,node-h,0,0.0,16.2,317,24564
2026-01-14 18:20:27,node-g,0,0.0,15.5,317,24564
2026-01-14 18:20:27,node-e,0,0.0,17.2,525,24564
2026-01-14 18:20:29,node-f,0,0.0,18.4,525,24564
2026-01-14 18:20:30,node-h,0,0.0,16.3,317,24564
2026-01-14 18:20:32,node-e,0,0.0,17.2,525,24564
2026-01-14 18:20:32,node-g,0,0.0,15.5,317,24564
2026-01-14 18:20:34,node-f,0,0.0,18.4,525,24564
2026-01-14 18:20:35,node-h,0,0.0,16.1,317,24564
2026-01-14 18:20:37,node-e,0,0.0,17.1,525,24564
2026-01-14 18:20:37,node-g,0,0.0,15.4,317,24564
2026-01-14 18:20:39,node-f,0,0.0,18.3,525,24564
2026-01-14 18:20:40,node-h,0,0.0,16.1,317,24564
2026-01-14 18:20:42,node-g,0,0.0,15.4,317,24564
2026-01-14 18:20:42,node-e,0,0.0,17.2,525,24564
2026-01-14 18:20:44,node-f,0,0.0,18.4,525,24564
2026-01-14 18:20:45,node-h,0,0.0,16.3,317,24564
2026-01-14 18:20:47,node-g,0,0.0,15.5,317,24564
2026-01-14 18:20:47,node-e,0,0.0,17.2,525,24564
2026-01-14 18:20:49,node-f,0,0.0,18.4,525,24564
2026-01-14 18:20:50,node-h,0,0.0,16.1,317,24564
2026-01-14 18:20:52,node-e,0,0.0,17.3,525,24564
2026-01-14 18:20:52,node-g,0,0.0,15.6,317,24564
2026-01-14 18:20:54,node-f,0,0.0,18.3,525,24564
2026-01-14 18:20:55,node-h,0,0.0,16.1,317,24564
2026-01-14 18:20:57,node-e,0,0.0,17.2,525,24564
2026-01-14 18:20:57,node-g,0,0.0,15.5,317,24564
2026-01-14 18:20:59,node-f,0,0.0,18.5,525,24564
2026-01-14 18:21:00,node-h,0,0.0,16.1,317,24564
2026-01-14 18:21:02,node-e,0,0.0,17.3,525,24564
2026-01-14 18:21:02,node-g,0,0.0,15.6,317,24564
2026-01-14 18:21:04,node-f,0,0.0,18.4,525,24564
2026-01-14 18:21:05,node-h,0,0.0,16.1,317,24564
2026-01-14 18:21:07,node-e,0,0.0,16.9,525,24564
2026-01-14 18:21:07,node-g,0,0.0,15.4,317,24564
2026-01-14 18:21:09,node-f,0,0.0,18.4,525,24564
2026-01-14 18:21:10,node-h,0,0.0,16.2,317,24564
2026-01-14 18:21:12,node-g,0,0.0,15.5,317,24564
2026-01-14 18:21:12,node-e,0,0.0,17.3,525,24564
2026-01-14 18:21:14,node-f,0,0.0,18.4,525,24564
2026-01-14 18:21:15,node-h,0,0.0,16.2,317,24564
2026-01-14 18:21:17,node-g,0,0.0,15.6,317,24564
2026-01-14 18:21:19,node-f,0,0.0,18.4,525,24564
2026-01-14 18:21:20,node-h,0,0.0,16.1,317,24564
2026-01-14 18:21:22,node-g,0,0.0,15.5,317,24564
2026-01-14 18:21:24,node-e,0,0.0,17.3,525,24564
2026-01-14 18:21:24,node-f,0,0.0,18.4,525,24564
2026-01-14 18:21:25,node-h,0,0.0,16.2,317,24564
2026-01-14 18:21:27,node-g,0,0.0,15.6,317,24564
2026-01-14 18:21:29,node-e,0,0.0,17.3,525,24564
2026-01-14 18:21:29,node-f,0,0.0,18.4,525,24564
2026-01-14 18:21:30,node-h,0,0.0,16.3,317,24564
2026-01-14 18:21:32,node-g,0,0.0,15.5,317,24564
2026-01-14 18:21:34,node-e,0,0.0,17.4,525,24564
2026-01-14 18:21:34,node-f,0,0.0,18.4,525,24564
2026-01-14 18:21:35,node-h,0,0.0,16.2,317,24564
2026-01-14 18:21:37,node-g,0,0.0,15.6,317,24564
2026-01-14 18:21:39,node-e,0,0.0,17.2,525,24564
2026-01-14 18:21:39,node-f,0,0.0,18.3,525,24564
2026-01-14 18:21:40,node-h,0,0.0,16.3,317,24564
2026-01-14 18:21:42,node-g,0,0.0,15.6,317,24564
2026-01-14 18:21:44,node-e,0,0.0,17.2,525,24564
2026-01-14 18:21:44,node-f,0,0.0,18.4,525,24564
2026-01-14 18:21:45,node-h,0,0.0,16.3,317,24564
2026-01-14 18:21:47,node-g,0,0.0,15.6,317,24564
2026-01-14 18:21:49,node-e,0,0.0,17.2,525,24564
2026-01-14 18:21:49,node-f,0,0.0,18.3,525,24564
2026-01-14 18:21:50,node-h,0,0.0,16.2,317,24564
2026-01-14 18:21:52,node-g,0,0.0,15.6,317,24564
2026-01-14 18:21:54,node-e,0,0.0,17.2,525,24564
2026-01-14 18:21:54,node-f,0,0.0,18.3,525,24564
2026-01-14 18:21:55,node-h,0,0.0,16.3,317,24564
2026-01-14 18:21:57,node-g,0,0.0,15.6,317,24564
2026-01-14 18:21:59,node-e,0,0.0,17.1,525,24564
2026-01-14 18:21:59,node-f,0,0.0,18.2,525,24564
2026-01-14 18:22:00,node-h,0,0.0,16.2,317,24564
2026-01-14 18:22:02,node-g,0,0.0,15.6,317,24564
2026-01-14 18:22:04,node-e,0,0.0,17.2,525,24564
2026-01-14 18:22:04,node-f,0,0.0,18.4,525,24564
2026-01-14 18:22:05,node-h,0,0.0,16.1,317,24564
2026-01-14 18:22:07,node-g,0,0.0,15.5,317,24564
2026-01-14 18:22:09,node-e,0,0.0,17.2,525,24564
2026-01-14 18:22:09,node-f,0,0.0,18.5,525,24564
2026-01-14 18:22:10,node-h,0,0.0,16.1,317,24564
2026-01-14 18:22:12,node-g,0,0.0,15.5,317,24564
2026-01-14 18:22:14,node-e,0,0.0,17.0,525,24564
2026-01-14 18:22:14,node-f,0,0.0,18.3,525,24564
2026-01-14 18:22:15,node-h,0,0.0,16.3,317,24564
2026-01-14 18:22:17,node-g,0,0.0,15.6,317,24564
2026-01-14 18:22:19,node-e,0,0.0,17.2,525,24564
2026-01-14 18:22:19,node-f,0,0.0,18.4,525,24564
2026-01-14 18:22:20,node-h,0,0.0,16.3,317,24564
2026-01-14 18:22:22,node-g,0,0.0,15.7,317,24564
2026-01-14 18:22:24,node-e,0,0.0,17.3,525,24564
2026-01-14 18:22:24,node-f,0,0.0,18.4,525,24564
2026-01-14 18:22:25,node-h,0,0.0,16.3,317,24564
2026-01-14 18:22:28,node-g,0,0.0,15.8,317,24564
2026-01-14 18:22:29,node-e,0,0.0,17.2,525,24564
2026-01-14 18:22:29,node-f,0,0.0,18.4,525,24564
2026-01-14 18:22:30,node-h,0,0.0,16.3,317,24564
2026-01-14 18:22:33,node-g,0,0.0,15.4,317,24564
2026-01-14 18:22:34,node-e,0,0.0,17.1,525,24564
2026-01-14 18:22:34,node-f,0,0.0,18.4,525,24564
2026-01-14 18:22:35,node-h,0,0.0,16.4,317,24564
2026-01-14 18:22:38,node-g,0,0.0,15.7,317,24564
2026-01-14 18:22:39,node-e,0,0.0,17.3,525,24564
2026-01-14 18:22:39,node-f,0,0.0,18.3,525,24564
2026-01-14 18:22:40,node-h,0,0.0,16.3,317,24564
2026-01-14 18:22:43,node-g,0,0.0,15.6,317,24564
2026-01-14 18:22:44,node-e,0,0.0,17.3,525,24564
2026-01-14 18:22:44,node-f,0,0.0,18.2,525,24564
2026-01-14 18:22:45,node-h,0,0.0,16.2,317,24564
2026-01-14 18:22:48,node-g,0,0.0,15.6,317,24564
2026-01-14 18:22:49,node-e,0,0.0,17.2,525,24564
2026-01-14 18:22:49,node-f,0,0.0,18.5,525,24564
2026-01-14 18:22:50,node-h,0,0.0,16.2,317,24564
2026-01-14 18:22:53,node-g,0,0.0,15.5,317,24564
2026-01-14 18:22:54,node-e,0,0.0,17.3,525,24564
2026-01-14 18:22:54,node-f,0,0.0,18.2,525,24564
2026-01-14 18:22:55,node-h,0,0.0,16.2,317,24564
2026-01-14 18:22:58,node-g,0,0.0,15.6,317,24564
2026-01-14 18:22:59,node-e,0,0.0,17.4,525,24564
2026-01-14 18:22:59,node-f,0,0.0,18.4,525,24564
2026-01-14 18:23:00,node-h,0,0.0,16.0,317,24564
2026-01-14 18:23:03,node-g,0,0.0,15.5,317,24564
2026-01-14 18:23:04,node-e,0,0.0,17.3,525,24564
2026-01-14 18:23:04,node-f,0,0.0,18.6,525,24564
2026-01-14 18:23:05,node-h,0,0.0,16.3,317,24564
2026-01-14 18:23:08,node-g,0,0.0,15.7,317,24564
2026-01-14 18:23:09,node-e,0,0.0,17.3,525,24564
2026-01-14 18:23:09,node-f,0,0.0,18.4,525,24564
2026-01-14 18:23:10,node-h,0,0.0,16.3,317,24564
2026-01-14 18:23:13,node-g,0,0.0,15.5,317,24564
2026-01-14 18:23:14,node-e,0,0.0,17.3,525,24564
2026-01-14 18:23:14,node-f,0,0.0,18.5,525,24564
2026-01-14 18:23:15,node-h,0,0.0,16.3,317,24564
2026-01-14 18:23:18,node-g,0,0.0,15.5,317,24564
2026-01-14 18:23:19,node-e,0,0.0,17.3,525,24564
2026-01-14 18:23:19,node-f,0,0.0,18.5,525,24564
2026-01-14 18:23:20,node-h,0,0.0,16.6,317,24564
2026-01-14 18:23:23,node-g,0,0.0,15.6,317,24564
2026-01-14 18:23:24,node-e,0,0.0,17.2,525,24564
2026-01-14 18:23:25,node-f,0,0.0,18.6,525,24564
2026-01-14 18:23:25,node-h,0,0.0,16.2,317,24564
2026-01-14 18:23:28,node-g,0,0.0,15.6,317,24564
2026-01-14 18:23:29,node-e,0,0.0,17.3,525,24564
2026-01-14 18:23:30,node-f,0,0.0,18.5,525,24564
2026-01-14 18:23:30,node-h,0,0.0,16.4,317,24564
2026-01-14 18:23:33,node-g,0,0.0,15.5,317,24564
2026-01-14 18:23:34,node-e,0,0.0,17.4,525,24564
2026-01-14 18:23:35,node-f,0,0.0,18.5,525,24564
2026-01-14 18:23:35,node-h,0,0.0,16.3,317,24564
2026-01-14 18:23:38,node-g,0,0.0,15.6,317,24564
2026-01-14 18:23:39,node-e,0,0.0,17.2,525,24564
2026-01-14 18:23:40,node-f,0,0.0,18.5,525,24564
2026-01-14 18:23:40,node-h,0,0.0,16.4,317,24564
2026-01-14 18:23:43,node-g,0,0.0,15.6,317,24564
2026-01-14 18:23:44,node-e,0,0.0,17.3,525,24564
2026-01-14 18:23:45,node-f,0,0.0,18.5,525,24564
2026-01-14 18:23:45,node-h,0,0.0,16.2,317,24564
2026-01-14 18:23:48,node-g,0,0.0,15.7,317,24564
2026-01-14 18:23:49,node-e,0,0.0,17.4,525,24564
2026-01-14 18:23:50,node-f,0,0.0,18.4,525,24564
2026-01-14 18:23:50,node-h,0,0.0,16.1,317,24564
2026-01-14 18:23:53,node-g,0,0.0,15.7,317,24564
2026-01-14 18:23:54,node-e,0,0.0,17.4,525,24564
2026-01-14 18:23:55,node-f,0,0.0,18.6,525,24564
2026-01-14 18:23:55,node-h,0,0.0,16.3,317,24564
2026-01-14 18:23:58,node-g,0,0.0,15.7,317,24564
2026-01-14 18:23:59,node-e,0,0.0,17.1,525,24564
2026-01-14 18:24:00,node-f,0,0.0,18.4,525,24564
2026-01-14 18:24:00,node-h,0,0.0,16.4,317,24564
2026-01-14 18:24:03,node-g,0,0.0,15.5,317,24564
2026-01-14 18:24:04,node-e,0,0.0,17.3,525,24564
2026-01-14 18:24:05,node-f,0,0.0,18.4,525,24564
2026-01-14 18:24:05,node-h,0,0.0,16.4,317,24564
2026-01-14 18:24:08,node-g,0,0.0,15.5,317,24564
2026-01-14 18:24:09,node-e,0,0.0,17.4,525,24564
2026-01-14 18:24:10,node-f,0,0.0,18.4,525,24564
2026-01-14 18:24:10,node-h,0,0.0,16.4,317,24564
2026-01-14 18:24:13,node-g,0,0.0,15.6,317,24564
2026-01-14 18:24:14,node-e,0,0.0,17.4,525,24564
2026-01-14 18:24:15,node-f,0,0.0,18.3,525,24564
2026-01-14 18:24:15,node-h,0,0.0,16.5,317,24564
2026-01-14 18:24:18,node-g,0,0.0,15.5,317,24564
2026-01-14 18:24:19,node-e,0,0.0,17.3,525,24564
2026-01-14 18:24:20,node-f,0,0.0,18.2,525,24564
2026-01-14 18:24:20,node-h,0,0.0,16.4,317,24564
2026-01-14 18:24:23,node-g,0,0.0,15.5,317,24564
2026-01-14 18:24:24,node-e,0,0.0,17.4,525,24564
2026-01-14 18:24:25,node-f,0,0.0,18.3,525,24564
2026-01-14 18:24:25,node-h,0,0.0,16.4,317,24564
2026-01-14 18:24:28,node-g,0,0.0,15.5,317,24564
2026-01-14 18:24:29,node-e,0,0.0,17.1,525,24564
2026-01-14 18:24:30,node-f,0,0.0,18.4,525,24564
2026-01-14 18:24:30,node-h,0,0.0,16.4,317,24564
2026-01-14 18:24:33,node-g,0,0.0,15.4,317,24564
2026-01-14 18:24:34,node-e,0,0.0,17.2,525,24564
2026-01-14 18:24:35,node-f,0,0.0,18.3,525,24564
2026-01-14 18:24:35,node-h,0,0.0,16.3,317,24564
2026-01-14 18:24:38,node-g,0,0.0,15.5,317,24564
2026-01-14 18:24:39,node-e,0,0.0,17.3,525,24564
2026-01-14 18:24:40,node-f,0,0.0,18.3,525,24564
2026-01-14 18:24:40,node-h,0,0.0,16.3,317,24564
2026-01-14 18:24:43,node-g,0,0.0,15.5,317,24564
2026-01-14 18:24:44,node-e,0,0.0,17.2,525,24564
2026-01-14 18:24:45,node-f,0,0.0,18.4,525,24564
2026-01-14 18:24:45,node-h,0,0.0,16.4,317,24564
2026-01-14 18:24:48,node-g,0,0.0,15.6,317,24564
2026-01-14 18:24:49,node-e,0,0.0,17.2,525,24564
2026-01-14 18:24:50,node-f,0,0.0,18.3,525,24564
2026-01-14 18:24:50,node-h,0,0.0,16.4,317,24564
2026-01-14 18:24:53,node-g,0,0.0,15.6,317,24564
2026-01-14 18:24:54,node-e,0,0.0,17.2,525,24564
2026-01-14 18:24:55,node-f,0,0.0,18.3,525,24564
2026-01-14 18:24:55,node-h,0,0.0,16.4,317,24564
2026-01-14 18:24:58,node-g,0,0.0,15.6,317,24564
2026-01-14 18:24:59,node-e,0,0.0,17.1,525,24564
2026-01-14 18:25:00,node-f,0,0.0,18.3,525,24564
2026-01-14 18:25:00,node-h,0,0.0,16.3,317,24564
2026-01-14 18:25:03,node-g,0,0.0,15.6,317,24564
2026-01-14 18:25:04,node-e,0,0.0,17.2,525,24564
2026-01-14 18:25:05,node-f,0,0.0,18.4,525,24564
2026-01-14 18:25:05,node-h,0,0.0,16.4,317,24564
2026-01-14 18:25:08,node-g,0,0.0,15.6,317,24564
2026-01-14 18:25:09,node-e,0,0.0,17.3,525,24564
2026-01-14 18:25:10,node-f,0,0.0,18.3,525,24564
2026-01-14 18:25:10,node-h,0,0.0,16.4,317,24564
2026-01-14 18:25:13,node-g,0,0.0,15.5,317,24564
2026-01-14 18:25:14,node-e,0,0.0,17.3,525,24564
2026-01-14 18:25:15,node-f,0,0.0,18.4,525,24564
2026-01-14 18:25:15,node-h,0,0.0,16.2,317,24564
2026-01-14 18:25:18,node-g,0,0.0,15.6,317,24564
2026-01-14 18:25:19,node-e,0,0.0,17.3,525,24564
2026-01-14 18:25:20,node-f,0,0.0,18.3,525,24564
2026-01-14 18:25:20,node-h,0,0.0,16.4,317,24564
2026-01-14 18:25:23,node-g,0,0.0,15.5,317,24564
2026-01-14 18:25:24,node-e,0,0.0,17.4,525,24564
2026-01-14 18:25:25,node-f,0,0.0,18.3,525,24564
2026-01-14 18:25:25,node-h,0,0.0,16.2,317,24564
2026-01-14 18:25:28,node-g,0,0.0,15.4,317,24564
2026-01-14 18:25:29,node-e,0,0.0,17.3,525,24564
2026-01-14 18:25:30,node-f,0,0.0,18.3,525,24564
2026-01-14 18:25:30,node-h,0,0.0,16.2,317,24564
2026-01-14 18:25:33,node-g,0,0.0,15.5,317,24564
2026-01-14 18:25:34,node-e,0,0.0,17.3,525,24564
2026-01-14 18:25:35,node-f,0,0.0,18.3,525,24564
2026-01-14 18:25:36,node-h,0,0.0,16.3,317,24564
2026-01-14 18:25:38,node-g,0,0.0,15.4,317,24564
2026-01-14 18:25:39,node-e,0,0.0,17.5,525,24564
2026-01-14 18:25:40,node-f,0,0.0,18.3,525,24564
2026-01-14 18:25:41,node-h,0,0.0,16.2,317,24564
2026-01-14 18:25:43,node-g,0,0.0,15.5,317,24564
2026-01-14 18:25:44,node-e,0,0.0,17.3,525,24564
2026-01-14 18:25:45,node-f,0,0.0,18.3,525,24564
2026-01-14 18:25:46,node-h,0,0.0,16.2,317,24564
2026-01-14 18:25:48,node-g,0,0.0,15.5,317,24564
2026-01-14 18:25:49,node-e,0,0.0,17.5,525,24564
2026-01-14 18:25:50,node-f,0,0.0,18.3,525,24564
2026-01-14 18:25:51,node-h,0,0.0,16.2,317,24564
2026-01-14 18:25:53,node-g,0,0.0,15.5,317,24564
2026-01-14 18:25:54,node-e,0,0.0,17.3,525,24564
2026-01-14 18:25:55,node-f,0,0.0,18.4,525,24564
2026-01-14 18:25:56,node-h,0,0.0,16.3,317,24564
2026-01-14 18:25:58,node-g,0,0.0,15.3,317,24564
2026-01-14 18:25:59,node-e,0,0.0,17.3,525,24564
2026-01-14 18:26:01,node-h,0,0.0,16.1,317,24564
2026-01-14 18:26:03,node-g,0,0.0,15.4,317,24564
2026-01-14 18:26:04,node-e,0,0.0,17.4,525,24564
2026-01-14 18:26:06,node-h,0,0.0,16.2,317,24564
2026-01-14 18:26:06,node-f,0,0.0,18.3,525,24564
2026-01-14 18:26:08,node-g,0,0.0,15.6,317,24564
2026-01-14 18:26:09,node-e,0,0.0,17.3,525,24564
2026-01-14 18:26:11,node-h,0,0.0,16.3,317,24564
2026-01-14 18:26:11,node-f,0,0.0,18.3,525,24564
2026-01-14 18:26:13,node-g,0,0.0,15.5,317,24564
2026-01-14 18:26:14,node-e,0,0.0,17.3,525,24564
2026-01-14 18:26:16,node-h,0,0.0,16.0,317,24564
2026-01-14 18:26:16,node-f,0,0.0,18.4,525,24564
2026-01-14 18:26:18,node-g,0,0.0,15.4,317,24564
2026-01-14 18:26:19,node-e,0,0.0,17.5,525,24564
2026-01-14 18:26:21,node-h,0,0.0,16.3,317,24564
2026-01-14 18:26:21,node-f,0,0.0,18.5,525,24564
2026-01-14 18:26:23,node-g,0,0.0,15.4,317,24564
2026-01-14 18:26:24,node-e,0,0.0,17.4,525,24564
2026-01-14 18:26:26,node-h,0,0.0,16.2,317,24564
2026-01-14 18:26:26,node-f,0,0.0,18.4,525,24564
2026-01-14 18:26:28,node-g,0,0.0,15.4,317,24564
2026-01-14 18:26:29,node-e,0,0.0,17.4,525,24564
2026-01-14 18:26:31,node-h,0,0.0,16.4,317,24564
2026-01-14 18:26:31,node-f,0,0.0,18.4,525,24564
2026-01-14 18:26:33,node-g,0,0.0,15.4,317,24564
2026-01-14 18:26:34,node-e,0,0.0,17.4,525,24564
2026-01-14 18:26:36,node-f,0,0.0,18.5,525,24564
2026-01-14 18:26:38,node-g,0,0.0,15.5,317,24564
2026-01-14 18:26:39,node-e,0,0.0,17.4,525,24564
2026-01-14 18:26:41,node-f,0,0.0,18.4,525,24564
2026-01-14 18:26:42,node-h,0,0.0,16.2,317,24564
2026-01-14 18:26:43,node-g,0,0.0,15.5,317,24564
2026-01-14 18:26:44,node-e,0,0.0,17.5,525,24564
2026-01-14 18:26:46,node-f,0,0.0,18.4,525,24564
2026-01-14 18:26:47,node-h,0,0.0,16.3,317,24564
2026-01-14 18:26:48,node-g,0,0.0,15.4,317,24564
2026-01-14 18:26:49,node-e,0,0.0,17.3,525,24564
2026-01-14 18:26:51,node-f,0,0.0,18.4,525,24564
2026-01-14 18:26:52,node-h,0,0.0,16.2,317,24564
2026-01-14 18:26:53,node-g,0,0.0,15.4,317,24564
2026-01-14 18:26:54,node-e,0,0.0,17.2,525,24564
2026-01-14 18:26:56,node-f,0,0.0,18.4,525,24564
2026-01-14 18:26:57,node-h,0,0.0,16.2,317,24564
2026-01-14 18:26:58,node-g,0,0.0,15.4,317,24564
2026-01-14 18:26:59,node-e,0,0.0,17.5,525,24564
2026-01-14 18:27:01,node-f,0,0.0,18.4,525,24564
2026-01-14 18:27:02,node-h,0,0.0,16.3,317,24564
2026-01-14 18:27:03,node-g,0,0.0,15.5,317,24564
2026-01-14 18:27:04,node-e,0,0.0,17.4,525,24564
2026-01-14 18:27:06,node-f,0,0.0,18.4,525,24564
2026-01-14 18:27:07,node-h,0,0.0,16.2,317,24564
2026-01-14 18:27:09,node-g,0,0.0,15.5,317,24564
2026-01-14 18:27:09,node-e,0,0.0,17.3,525,24564
2026-01-14 18:27:11,node-f,0,0.0,18.5,525,24564
2026-01-14 18:27:12,node-h,0,0.0,16.2,317,24564
2026-01-14 18:27:14,node-g,0,0.0,15.6,317,24564
2026-01-14 18:27:15,node-e,0,0.0,17.5,525,24564
2026-01-14 18:27:16,node-f,0,0.0,18.4,525,24564
2026-01-14 18:27:17,node-h,0,0.0,16.3,317,24564
2026-01-14 18:27:19,node-g,0,0.0,15.6,317,24564
2026-01-14 18:27:20,node-e,0,0.0,17.3,525,24564
2026-01-14 18:27:21,node-f,0,0.0,18.4,525,24564
2026-01-14 18:27:22,node-h,0,0.0,16.2,317,24564
2026-01-14 18:27:24,node-g,0,0.0,15.6,317,24564
2026-01-14 18:27:25,node-e,0,0.0,17.4,525,24564
2026-01-14 18:27:26,node-f,0,0.0,18.4,525,24564
2026-01-14 18:27:27,node-h,0,0.0,16.2,317,24564
2026-01-14 18:27:29,node-g,0,0.0,15.6,317,24564
2026-01-14 18:27:30,node-e,0,0.0,17.6,525,24564
2026-01-14 18:27:31,node-f,0,0.0,18.3,525,24564
2026-01-14 18:27:32,node-h,0,0.0,16.2,317,24564
2026-01-14 18:27:34,node-g,0,0.0,15.6,317,24564
2026-01-14 18:27:35,node-e,0,0.0,17.4,525,24564
2026-01-14 18:27:36,node-f,0,0.0,18.2,525,24564
2026-01-14 18:27:37,node-h,0,0.0,16.2,317,24564
2026-01-14 18:27:39,node-g,0,0.0,15.6,317,24564
2026-01-14 18:27:40,node-e,0,0.0,17.4,525,24564
2026-01-14 18:27:41,node-f,0,0.0,18.1,525,24564
2026-01-14 18:27:42,node-h,0,0.0,16.1,317,24564
2026-01-14 18:27:44,node-g,0,0.0,15.6,317,24564
2026-01-14 18:27:45,node-e,0,0.0,17.4,525,24564
2026-01-14 18:27:46,node-f,0,0.0,18.2,525,24564
2026-01-14 18:27:47,node-h,0,0.0,16.3,317,24564
2026-01-14 18:27:49,node-g,0,0.0,15.5,317,24564
2026-01-14 18:27:50,node-e,0,0.0,17.6,525,24564
2026-01-14 18:27:51,node-f,0,0.0,18.3,525,24564
2026-01-14 18:27:52,node-h,0,0.0,16.2,317,24564
2026-01-14 18:27:54,node-g,0,0.0,15.3,317,24564
2026-01-14 18:27:55,node-e,0,0.0,17.4,525,24564
2026-01-14 18:27:56,node-f,0,0.0,18.2,525,24564
2026-01-14 18:27:57,node-h,0,0.0,16.2,317,24564
2026-01-14 18:27:59,node-g,0,0.0,15.4,317,24564
2026-01-14 18:28:00,node-e,0,0.0,17.4,525,24564
2026-01-14 18:28:01,node-f,0,0.0,18.3,525,24564
2026-01-14 18:28:02,node-h,0,0.0,16.3,317,24564
2026-01-14 18:28:04,node-g,0,0.0,15.5,317,24564
2026-01-14 18:28:05,node-e,0,0.0,17.5,525,24564
2026-01-14 18:28:06,node-f,0,0.0,18.4,525,24564
2026-01-14 18:28:07,node-h,0,0.0,16.4,317,24564
2026-01-14 18:28:09,node-g,0,0.0,15.5,317,24564
2026-01-14 18:28:10,node-e,0,0.0,17.6,525,24564
2026-01-14 18:28:11,node-f,0,0.0,18.3,525,24564
2026-01-14 18:28:12,node-h,0,0.0,16.5,317,24564
2026-01-14 18:28:14,node-g,0,0.0,15.5,317,24564
2026-01-14 18:28:15,node-e,0,0.0,17.5,525,24564
2026-01-14 18:28:16,node-f,0,0.0,18.4,525,24564
2026-01-14 18:28:17,node-h,0,0.0,16.4,317,24564
2026-01-14 18:28:19,node-g,0,0.0,15.5,317,24564
2026-01-14 18:28:20,node-e,0,0.0,17.4,525,24564
2026-01-14 18:28:21,node-f,0,0.0,18.4,525,24564
2026-01-14 18:28:22,node-h,0,0.0,16.6,317,24564
2026-01-14 18:28:24,node-g,0,0.0,15.4,317,24564
2026-01-14 18:28:25,node-e,0,0.0,17.6,525,24564
2026-01-14 18:28:26,node-f,0,0.0,18.4,525,24564
2026-01-14 18:28:27,node-h,0,0.0,16.4,317,24564
2026-01-14 18:28:29,node-g,0,0.0,15.5,317,24564
2026-01-14 18:28:30,node-e,0,0.0,17.5,525,24564
2026-01-14 18:28:31,node-f,0,0.0,18.5,525,24564
2026-01-14 18:28:32,node-h,0,0.0,16.3,317,24564
2026-01-14 18:28:34,node-g,0,0.0,15.5,317,24564
2026-01-14 18:28:35,node-e,0,0.0,17.6,525,24564
2026-01-14 18:28:36,node-f,0,0.0,18.5,525,24564
2026-01-14 18:28:37,node-h,0,0.0,16.3,317,24564
2026-01-14 18:28:39,node-g,0,0.0,15.5,317,24564
2026-01-14 18:28:40,node-e,0,0.0,17.6,525,24564
2026-01-14 18:28:41,node-f,0,0.0,18.5,525,24564
2026-01-14 18:28:42,node-h,0,0.0,16.4,317,24564
2026-01-14 18:28:44,node-g,0,0.0,15.6,317,24564
2026-01-14 18:28:46,node-f,0,0.0,18.5,525,24564
2026-01-14 18:28:47,node-h,0,0.0,16.2,317,24564
2026-01-14 18:28:49,node-g,0,0.0,15.5,317,24564
2026-01-14 18:28:51,node-e,0,0.0,17.7,525,24564
2026-01-14 18:28:51,node-f,0,0.0,18.4,525,24564
2026-01-14 18:28:52,node-h,0,0.0,16.3,317,24564
2026-01-14 18:28:54,node-g,0,0.0,15.5,317,24564
2026-01-14 18:28:56,node-e,0,0.0,17.6,525,24564
2026-01-14 18:28:56,node-f,0,0.0,18.4,525,24564
2026-01-14 18:28:57,node-h,0,0.0,16.5,317,24564
2026-01-14 18:28:59,node-g,0,0.0,15.4,317,24564
2026-01-14 18:29:01,node-e,0,0.0,17.6,525,24564
2026-01-14 18:29:01,node-f,0,0.0,18.5,525,24564
2026-01-14 18:29:02,node-h,0,0.0,16.5,317,24564
2026-01-14 18:29:04,node-g,0,0.0,15.4,317,24564
2026-01-14 18:29:06,node-e,0,0.0,17.7,525,24564
2026-01-14 18:29:06,node-f,0,0.0,18.4,525,24564
2026-01-14 18:29:07,node-h,0,0.0,16.4,317,24564
2026-01-14 18:29:09,node-g,0,0.0,15.4,317,24564
2026-01-14 18:29:11,node-e,0,0.0,17.6,525,24564
2026-01-14 18:29:11,node-f,0,0.0,18.4,525,24564
2026-01-14 18:29:12,node-h,0,0.0,16.4,317,24564
2026-01-14 18:29:14,node-g,0,0.0,15.5,317,24564
2026-01-14 18:29:16,node-e,0,0.0,17.6,525,24564
2026-01-14 18:29:16,node-f,0,0.0,18.5,525,24564
2026-01-14 18:29:17,node-h,0,0.0,16.3,317,24564
2026-01-14 18:29:19,node-g,0,0.0,15.6,317,24564
2026-01-14 18:29:21,node-e,0,0.0,17.6,525,24564
2026-01-14 18:29:22,node-f,0,0.0,18.4,525,24564
2026-01-14 18:29:22,node-h,0,0.0,16.1,317,24564
2026-01-14 18:29:24,node-g,0,0.0,15.5,317,24564
2026-01-14 18:29:26,node-e,0,0.0,17.4,525,24564
2026-01-14 18:29:27,node-f,0,0.0,18.3,525,24564
2026-01-14 18:29:27,node-h,0,0.0,16.3,317,24564
2026-01-14 18:29:29,node-g,0,0.0,15.5,317,24564
2026-01-14 18:29:32,node-f,0,0.0,18.4,525,24564
2026-01-14 18:29:32,node-h,0,0.0,16.3,317,24564
2026-01-14 18:29:34,node-g,0,0.0,15.6,317,24564
2026-01-14 18:29:37,node-f,0,0.0,18.5,525,24564
2026-01-14 18:29:37,node-e,0,0.0,17.4,525,24564
2026-01-14 18:29:37,node-h,0,0.0,16.2,317,24564
2026-01-14 18:29:39,node-g,0,0.0,15.5,317,24564
2026-01-14 18:29:42,node-f,0,0.0,18.4,525,24564
2026-01-14 18:29:42,node-e,0,0.0,17.5,525,24564
2026-01-14 18:29:42,node-h,0,0.0,16.2,317,24564
2026-01-14 18:29:44,node-g,0,0.0,15.5,317,24564
2026-01-14 18:29:47,node-f,0,0.0,18.5,525,24564
2026-01-14 18:29:47,node-e,0,0.0,17.7,525,24564
2026-01-14 18:29:47,node-h,0,0.0,16.1,317,24564
2026-01-14 18:29:49,node-g,0,0.0,15.5,317,24564
2026-01-14 18:29:52,node-f,0,0.0,18.4,525,24564
2026-01-14 18:29:52,node-e,0,0.0,17.6,525,24564
2026-01-14 18:29:52,node-h,0,0.0,16.1,317,24564
2026-01-14 18:29:54,node-g,0,0.0,15.3,317,24564
2026-01-14 18:29:57,node-f,0,0.0,18.3,525,24564
2026-01-14 18:29:57,node-e,0,0.0,17.6,525,24564
2026-01-14 18:29:57,node-h,0,0.0,16.1,317,24564
2026-01-14 18:29:59,node-g,0,0.0,15.5,317,24564
2026-01-14 18:30:02,node-f,0,0.0,18.4,525,24564
2026-01-14 18:30:02,node-e,0,0.0,17.6,525,24564
2026-01-14 18:30:02,node-h,0,0.0,16.0,317,24564
2026-01-14 18:30:04,node-g,0,0.0,15.3,317,24564
2026-01-14 18:30:07,node-f,0,0.0,18.4,525,24564
2026-01-14 18:30:07,node-e,0,0.0,17.6,525,24564
2026-01-14 18:30:07,node-h,0,0.0,16.2,317,24564
2026-01-14 18:30:09,node-g,0,0.0,15.5,317,24564
2026-01-14 18:30:12,node-f,0,0.0,18.4,525,24564
2026-01-14 18:30:12,node-e,0,0.0,17.5,525,24564
2026-01-14 18:30:12,node-h,0,0.0,16.1,317,24564
2026-01-14 18:30:14,node-g,0,0.0,15.5,317,24564
2026-01-14 18:30:17,node-f,0,0.0,18.3,525,24564
2026-01-14 18:30:17,node-e,0,0.0,17.7,525,24564
2026-01-14 18:30:17,node-h,0,0.0,16.0,317,24564
2026-01-14 18:30:19,node-g,0,0.0,15.4,317,24564
2026-01-14 18:30:22,node-f,0,0.0,18.5,525,24564
2026-01-14 18:30:22,node-e,0,0.0,17.6,525,24564
2026-01-14 18:30:22,node-h,0,0.0,16.2,317,24564
2026-01-14 18:30:24,node-g,0,0.0,15.6,317,24564
2026-01-14 18:30:27,node-f,0,0.0,18.4,525,24564
2026-01-14 18:30:27,node-e,0,0.0,17.3,525,24564
2026-01-14 18:30:27,node-h,0,0.0,16.0,317,24564
2026-01-14 18:30:29,node-g,0,0.0,15.5,317,24564
2026-01-14 18:30:32,node-f,0,0.0,18.3,525,24564
2026-01-14 18:30:32,node-e,0,0.0,17.4,525,24564
2026-01-14 18:30:32,node-h,0,0.0,16.3,317,24564
2026-01-14 18:30:34,node-g,0,0.0,15.5,317,24564
2026-01-14 18:30:37,node-f,0,0.0,18.5,525,24564
2026-01-14 18:30:37,node-e,0,0.0,17.5,525,24564
2026-01-14 18:30:37,node-h,0,0.0,16.5,317,24564
2026-01-14 18:30:39,node-g,0,0.0,15.5,317,24564
2026-01-14 18:30:42,node-f,0,0.0,18.4,525,24564
2026-01-14 18:30:42,node-e,0,0.0,17.5,525,24564
2026-01-14 18:30:42,node-h,0,0.0,16.3,317,24564
2026-01-14 18:30:44,node-g,0,0.0,15.6,317,24564
2026-01-14 18:30:47,node-f,0,0.0,18.6,525,24564
2026-01-14 18:30:47,node-e,0,0.0,17.5,525,24564
2026-01-14 18:30:47,node-h,0,0.0,16.2,317,24564
2026-01-14 18:30:49,node-g,0,0.0,15.5,317,24564
2026-01-14 18:30:52,node-f,0,0.0,18.5,525,24564
2026-01-14 18:30:52,node-e,0,0.0,17.7,525,24564
2026-01-14 18:30:52,node-h,0,0.0,16.4,317,24564
2026-01-14 18:30:54,node-g,0,0.0,15.6,317,24564
2026-01-14 18:30:57,node-f,0,0.0,18.5,525,24564
2026-01-14 18:30:57,node-e,0,0.0,17.6,525,24564
2026-01-14 18:30:57,node-h,0,0.0,16.5,317,24564
2026-01-14 18:30:59,node-g,0,0.0,15.6,317,24564
2026-01-14 18:31:02,node-f,0,0.0,18.3,525,24564
2026-01-14 18:31:02,node-e,0,0.0,17.3,525,24564
2026-01-14 18:31:02,node-h,0,0.0,16.4,317,24564
2026-01-14 18:31:04,node-g,0,0.0,15.5,317,24564
2026-01-14 18:31:07,node-f,0,0.0,18.3,525,24564
2026-01-14 18:31:07,node-e,0,0.0,17.3,525,24564
2026-01-14 18:31:07,node-h,0,0.0,16.4,317,24564
2026-01-14 18:31:09,node-g,0,0.0,15.6,317,24564
2026-01-14 18:31:12,node-f,0,0.0,18.5,525,24564
2026-01-14 18:31:12,node-e,0,0.0,17.3,525,24564
2026-01-14 18:31:12,node-h,0,0.0,16.3,317,24564
2026-01-14 18:31:14,node-g,0,0.0,15.5,317,24564
2026-01-14 18:31:17,node-f,0,0.0,18.4,525,24564
2026-01-14 18:31:17,node-e,0,0.0,17.3,525,24564
2026-01-14 18:31:17,node-h,0,0.0,16.2,317,24564
2026-01-14 18:31:19,node-g,0,0.0,15.4,317,24564
2026-01-14 18:31:22,node-f,0,0.0,18.4,525,24564
2026-01-14 18:31:22,node-e,0,0.0,17.4,525,24564
2026-01-14 18:31:22,node-h,0,0.0,16.2,317,24564
2026-01-14 18:31:24,node-g,0,0.0,15.6,317,24564
2026-01-14 18:31:27,node-f,0,0.0,18.4,525,24564
2026-01-14 18:31:27,node-e,0,0.0,17.4,525,24564
2026-01-14 18:31:27,node-h,0,0.0,16.3,317,24564
2026-01-14 18:31:29,node-g,0,0.0,15.6,317,24564
2026-01-14 18:31:32,node-f,0,0.0,18.4,525,24564
2026-01-14 18:31:32,node-e,0,0.0,17.3,525,24564
2026-01-14 18:31:32,node-h,0,0.0,16.2,317,24564
2026-01-14 18:31:34,node-g,0,0.0,15.6,317,24564
2026-01-14 18:31:37,node-f,0,0.0,18.4,525,24564
2026-01-14 18:31:37,node-e,0,0.0,17.3,525,24564
2026-01-14 18:31:37,node-h,0,0.0,16.1,317,24564
2026-01-14 18:31:39,node-g,0,0.0,15.6,317,24564
2026-01-14 18:31:42,node-f,0,0.0,18.3,525,24564
2026-01-14 18:31:42,node-e,0,0.0,17.3,525,24564
2026-01-14 18:31:43,node-h,0,0.0,16.2,317,24564
2026-01-14 18:31:44,node-g,0,0.0,15.6,317,24564
2026-01-14 18:31:47,node-f,0,0.0,18.5,525,24564
2026-01-14 18:31:47,node-e,0,0.0,17.4,525,24564
2026-01-14 18:31:48,node-h,0,0.0,16.2,317,24564
2026-01-14 18:31:49,node-g,0,0.0,15.5,317,24564
2026-01-14 18:31:52,node-f,0,0.0,18.4,525,24564
2026-01-14 18:31:52,node-e,0,0.0,17.3,525,24564
2026-01-14 18:31:53,node-h,0,0.0,16.2,317,24564
2026-01-14 18:31:54,node-g,0,0.0,15.5,317,24564
2026-01-14 18:31:57,node-f,0,0.0,18.3,525,24564
2026-01-14 18:31:57,node-e,0,0.0,17.2,525,24564
2026-01-14 18:31:58,node-h,0,0.0,16.3,317,24564
2026-01-14 18:31:59,node-g,0,0.0,15.5,317,24564
2026-01-14 18:32:02,node-f,0,0.0,18.2,525,24564
2026-01-14 18:32:02,node-e,0,0.0,17.3,525,24564
2026-01-14 18:32:03,node-h,0,0.0,16.4,317,24564
2026-01-14 18:32:04,node-g,0,0.0,15.4,317,24564
2026-01-14 18:32:07,node-f,0,0.0,18.4,525,24564
2026-01-14 18:32:07,node-e,0,0.0,17.3,525,24564
2026-01-14 18:32:08,node-h,0,0.0,16.4,317,24564
2026-01-14 18:32:09,node-g,0,0.0,15.5,317,24564
2026-01-14 18:32:12,node-f,0,0.0,18.4,525,24564
2026-01-14 18:32:12,node-e,0,0.0,17.4,525,24564
2026-01-14 18:32:13,node-h,0,0.0,16.2,317,24564
2026-01-14 18:32:14,node-g,0,0.0,15.3,317,24564
2026-01-14 18:32:17,node-f,0,0.0,18.4,525,24564
2026-01-14 18:32:17,node-e,0,0.0,17.3,525,24564
2026-01-14 18:32:18,node-h,0,0.0,16.4,317,24564
2026-01-14 18:32:19,node-g,0,0.0,15.4,317,24564
2026-01-14 18:32:22,node-f,0,0.0,18.3,525,24564
2026-01-14 18:32:22,node-e,0,0.0,17.3,525,24564
2026-01-14 18:32:23,node-h,0,0.0,16.4,317,24564
2026-01-14 18:32:24,node-g,0,0.0,15.3,317,24564
2026-01-14 18:32:27,node-f,0,0.0,18.4,525,24564
2026-01-14 18:32:27,node-e,0,0.0,17.5,525,24564
2026-01-14 18:32:28,node-h,0,0.0,16.3,317,24564
2026-01-14 18:32:29,node-g,0,0.0,15.5,317,24564
2026-01-14 18:32:32,node-f,0,0.0,18.3,525,24564
2026-01-14 18:32:32,node-e,0,0.0,17.4,525,24564
2026-01-14 18:32:33,node-h,0,0.0,16.4,317,24564
2026-01-14 18:32:34,node-g,0,0.0,15.3,317,24564
2026-01-14 18:32:37,node-f,0,0.0,18.4,525,24564
2026-01-14 18:32:37,node-e,0,0.0,17.4,525,24564
2026-01-14 18:32:38,node-h,0,0.0,16.3,317,24564
2026-01-14 18:32:40,node-g,0,0.0,15.2,317,24564
2026-01-14 18:32:42,node-f,0,0.0,18.4,525,24564
2026-01-14 18:32:42,node-e,0,0.0,17.4,525,24564
2026-01-14 18:32:43,node-h,0,0.0,16.3,317,24564
2026-01-14 18:32:45,node-g,0,0.0,15.4,317,24564
2026-01-14 18:32:47,node-f,0,0.0,18.4,525,24564
2026-01-14 18:32:47,node-e,0,0.0,17.2,525,24564
2026-01-14 18:32:48,node-h,0,0.0,16.2,317,24564
2026-01-14 18:32:50,node-g,0,0.0,15.4,317,24564
2026-01-14 18:32:52,node-f,0,0.0,18.3,525,24564
2026-01-14 18:32:52,node-e,0,0.0,17.5,525,24564
2026-01-14 18:32:53,node-h,0,0.0,16.4,317,24564
2026-01-14 18:32:55,node-g,0,0.0,15.4,317,24564
2026-01-14 18:32:57,node-f,0,0.0,18.3,525,24564
2026-01-14 18:32:57,node-e,0,0.0,17.4,525,24564
2026-01-14 18:32:58,node-h,0,0.0,16.4,317,24564
2026-01-14 18:33:00,node-g,0,0.0,15.5,317,24564
2026-01-14 18:33:02,node-f,0,0.0,18.3,525,24564
2026-01-14 18:33:02,node-e,0,0.0,17.3,525,24564
2026-01-14 18:33:03,node-h,0,0.0,16.4,317,24564
2026-01-14 18:33:05,node-g,0,0.0,15.4,317,24564
2026-01-14 18:33:07,node-f,0,0.0,18.3,525,24564
2026-01-14 18:33:07,node-e,0,0.0,17.3,525,24564
2026-01-14 18:33:08,node-h,0,0.0,16.4,317,24564
2026-01-14 18:33:10,node-g,0,0.0,15.5,317,24564
2026-01-14 18:33:12,node-f,0,0.0,18.3,525,24564
2026-01-14 18:33:12,node-e,0,0.0,17.5,525,24564
2026-01-14 18:33:13,node-h,0,0.0,16.5,317,24564
2026-01-14 18:33:15,node-g,0,0.0,15.5,317,24564
2026-01-14 18:33:17,node-f,0,0.0,18.3,525,24564
2026-01-14 18:33:17,node-e,0,0.0,17.5,525,24564
2026-01-14 18:33:18,node-h,0,0.0,16.7,317,24564
2026-01-14 18:33:20,node-g,0,0.0,15.4,317,24564
2026-01-14 18:33:22,node-f,0,0.0,18.3,525,24564
2026-01-14 18:33:22,node-e,0,0.0,17.4,525,24564
2026-01-14 18:33:23,node-h,0,0.0,16.7,317,24564
2026-01-14 18:33:25,node-g,0,0.0,15.5,317,24564
2026-01-14 18:33:27,node-f,0,0.0,18.3,525,24564
2026-01-14 18:33:28,node-e,0,0.0,17.4,525,24564
2026-01-14 18:33:28,node-h,0,0.0,16.5,317,24564
2026-01-14 18:33:30,node-g,0,0.0,15.6,317,24564
2026-01-14 18:33:33,node-f,0,0.0,18.4,525,24564
2026-01-14 18:33:33,node-e,0,0.0,17.5,525,24564
2026-01-14 18:33:33,node-h,0,0.0,16.6,317,24564
2026-01-14 18:33:35,node-g,0,0.0,15.5,317,24564
2026-01-14 18:33:38,node-f,0,0.0,18.4,525,24564
2026-01-14 18:33:38,node-e,0,0.0,17.3,525,24564
2026-01-14 18:33:38,node-h,0,0.0,16.5,317,24564
2026-01-14 18:33:40,node-g,0,0.0,15.5,317,24564
2026-01-14 18:33:43,node-f,0,0.0,18.3,525,24564
2026-01-14 18:33:43,node-e,0,0.0,17.3,525,24564
2026-01-14 18:33:43,node-h,0,0.0,16.5,317,24564
2026-01-14 18:33:45,node-g,0,0.0,15.4,317,24564
2026-01-14 18:33:48,node-f,0,0.0,18.3,525,24564
2026-01-14 18:33:48,node-e,0,0.0,17.4,525,24564
2026-01-14 18:33:48,node-h,0,0.0,16.6,317,24564
2026-01-14 18:33:50,node-g,0,0.0,15.4,317,24564
2026-01-14 18:33:53,node-f,0,0.0,18.2,525,24564
2026-01-14 18:33:53,node-e,0,0.0,17.3,525,24564
2026-01-14 18:33:53,node-h,0,0.0,16.5,317,24564
2026-01-14 18:33:55,node-g,0,0.0,15.5,317,24564
2026-01-14 18:33:58,node-f,0,0.0,18.2,525,24564
2026-01-14 18:33:58,node-e,0,0.0,17.3,525,24564
2026-01-14 18:33:58,node-h,0,0.0,16.4,317,24564
2026-01-14 18:34:00,node-g,0,0.0,15.5,317,24564
2026-01-14 18:34:03,node-f,0,0.0,18.2,525,24564
2026-01-14 18:34:03,node-e,0,0.0,17.3,525,24564
2026-01-14 18:34:03,node-h,0,0.0,16.5,317,24564
2026-01-14 18:34:05,node-g,0,0.0,15.5,317,24564
2026-01-14 18:34:08,node-f,0,0.0,18.3,525,24564
2026-01-14 18:34:08,node-e,0,0.0,17.5,525,24564
2026-01-14 18:34:08,node-h,0,0.0,16.5,317,24564
2026-01-14 18:34:10,node-g,0,0.0,15.5,317,24564
2026-01-14 18:34:13,node-f,0,0.0,18.3,525,24564
2026-01-14 18:34:13,node-e,0,0.0,17.4,525,24564
2026-01-14 18:34:13,node-h,0,0.0,16.4,317,24564
2026-01-14 18:34:15,node-g,0,0.0,15.4,317,24564
2026-01-14 18:34:18,node-f,0,0.0,18.3,525,24564
2026-01-14 18:34:18,node-e,0,0.0,17.3,525,24564
2026-01-14 18:34:18,node-h,0,0.0,16.3,317,24564
2026-01-14 18:34:20,node-g,0,0.0,15.6,317,24564
2026-01-14 18:34:23,node-f,0,0.0,18.4,525,24564
2026-01-14 18:34:23,node-e,0,0.0,17.5,525,24564
2026-01-14 18:34:23,node-h,0,0.0,16.6,317,24564
2026-01-14 18:34:25,node-g,0,0.0,15.4,317,24564
2026-01-14 18:34:28,node-f,0,0.0,18.5,525,24564
2026-01-14 18:34:28,node-e,0,0.0,17.5,525,24564
2026-01-14 18:34:28,node-h,0,0.0,16.6,317,24564
2026-01-14 18:34:30,node-g,0,0.0,15.5,317,24564
2026-01-14 18:34:33,node-f,0,0.0,18.4,525,24564
2026-01-14 18:34:33,node-e,0,0.0,17.3,525,24564
2026-01-14 18:34:33,node-h,0,0.0,16.5,317,24564
2026-01-14 18:34:35,node-g,0,0.0,15.6,317,24564
2026-01-14 18:34:38,node-f,0,0.0,18.4,525,24564
2026-01-14 18:34:38,node-e,0,0.0,17.3,525,24564
2026-01-14 18:34:38,node-h,0,0.0,16.4,317,24564
2026-01-14 18:34:40,node-g,0,0.0,15.5,317,24564
2026-01-14 18:34:43,node-f,0,0.0,18.4,525,24564
2026-01-14 18:34:43,node-e,0,0.0,17.5,525,24564
2026-01-14 18:34:43,node-h,0,0.0,16.5,317,24564
2026-01-14 18:34:45,node-g,0,0.0,15.6,317,24564
2026-01-14 18:34:48,node-f,0,0.0,18.4,525,24564
2026-01-14 18:34:48,node-e,0,0.0,17.3,525,24564
2026-01-14 18:34:48,node-h,0,0.0,16.4,317,24564
2026-01-14 18:34:50,node-g,0,0.0,15.5,317,24564
2026-01-14 18:34:53,node-f,0,0.0,18.4,525,24564
2026-01-14 18:34:53,node-e,0,0.0,17.3,525,24564
2026-01-14 18:34:53,node-h,0,0.0,16.3,317,24564
2026-01-14 18:34:55,node-g,0,0.0,15.5,317,24564
2026-01-14 18:34:58,node-f,0,0.0,18.4,525,24564
2026-01-14 18:34:58,node-e,0,0.0,17.7,525,24564
2026-01-14 18:34:58,node-h,0,0.0,16.7,317,24564
2026-01-14 18:35:00,node-g,0,0.0,15.5,317,24564
2026-01-14 18:35:03,node-f,0,0.0,18.5,525,24564
2026-01-14 18:35:03,node-e,0,0.0,17.5,525,24564
2026-01-14 18:35:03,node-h,0,0.0,16.6,317,24564
2026-01-14 18:35:05,node-g,0,0.0,15.4,317,24564
2026-01-14 18:35:08,node-f,0,0.0,18.5,525,24564
2026-01-14 18:35:08,node-e,0,0.0,17.3,525,24564
2026-01-14 18:35:08,node-h,0,0.0,16.7,317,24564
2026-01-14 18:35:10,node-g,0,0.0,15.4,317,24564
2026-01-14 18:35:13,node-f,0,0.0,23.0,317,24564
2026-01-14 18:35:13,node-e,0,0.0,24.2,317,24564
2026-01-14 18:35:13,node-h,0,0.0,16.5,317,24564
2026-01-14 18:35:15,node-g,0,0.0,15.4,317,24564
2026-01-14 18:35:18,node-f,0,0.0,18.5,317,24564
2026-01-14 18:35:18,node-e,0,0.0,17.6,317,24564
2026-01-14 18:35:18,node-h,0,0.0,16.4,317,24564
2026-01-14 18:35:20,node-g,0,0.0,15.6,317,24564
2026-01-14 18:35:23,node-e,0,0.0,17.4,317,24564
2026-01-14 18:35:23,node-f,0,0.0,18.4,317,24564
2026-01-14 18:35:23,node-h,0,0.0,16.5,317,24564
2026-01-14 18:35:25,node-g,0,0.0,15.5,317,24564
2026-01-14 18:35:28,node-f,0,0.0,18.4,317,24564
2026-01-14 18:35:28,node-e,0,0.0,17.5,317,24564
2026-01-14 18:35:28,node-h,0,0.0,16.6,317,24564
2026-01-14 18:35:30,node-g,0,0.0,15.6,317,24564
2026-01-14 18:35:33,node-f,0,0.0,18.4,317,24564
2026-01-14 18:35:33,node-e,0,0.0,17.4,317,24564
2026-01-14 18:35:33,node-h,0,0.0,16.5,317,24564
2026-01-14 18:35:35,node-g,0,0.0,15.6,317,24564
2026-01-14 18:35:38,node-e,0,0.0,17.3,317,24564
2026-01-14 18:35:38,node-f,0,0.0,18.4,317,24564
2026-01-14 18:35:38,node-h,0,0.0,16.5,317,24564
2026-01-14 18:35:40,node-g,0,0.0,15.6,317,24564
2026-01-14 18:35:43,node-f,0,0.0,18.3,317,24564
2026-01-14 18:35:43,node-e,0,0.0,17.4,317,24564
2026-01-14 18:35:43,node-h,0,0.0,16.4,317,24564
2026-01-14 18:35:45,node-g,0,0.0,15.5,317,24564
2026-01-14 18:35:48,node-e,0,0.0,17.4,317,24564
2026-01-14 18:35:48,node-f,0,0.0,18.3,317,24564
2026-01-14 18:35:48,node-h,0,0.0,16.5,317,24564
2026-01-14 18:35:50,node-g,0,0.0,15.7,317,24564
2026-01-14 18:35:53,node-f,0,0.0,18.3,317,24564
2026-01-14 18:35:53,node-e,0,0.0,17.4,317,24564
2026-01-14 18:35:53,node-h,0,0.0,16.4,317,24564
2026-01-14 18:35:55,node-g,0,0.0,15.7,317,24564
2026-01-14 18:35:58,node-f,0,0.0,18.3,317,24564
2026-01-14 18:35:58,node-e,0,0.0,17.4,317,24564
2026-01-14 18:35:58,node-h,0,0.0,16.3,317,24564
2026-01-14 18:36:00,node-g,0,0.0,15.5,317,24564
2026-01-14 18:36:03,node-f,0,0.0,77.9,525,24564
2026-01-14 18:36:03,node-e,0,0.0,82.7,525,24564
2026-01-14 18:36:03,node-h,0,0.0,16.3,317,24564
2026-01-14 18:36:05,node-g,0,0.0,15.5,317,24564
2026-01-14 18:36:08,node-f,0,0.0,78.7,525,24564
2026-01-14 18:36:08,node-e,0,0.0,83.9,525,24564
2026-01-14 18:36:08,node-h,0,0.0,16.4,317,24564
2026-01-14 18:36:10,node-g,0,0.0,15.4,317,24564
2026-01-14 18:36:13,node-e,0,0.0,84.5,525,24564
2026-01-14 18:36:13,node-f,0,0.0,78.9,525,24564
2026-01-14 18:36:13,node-h,0,0.0,16.2,317,24564
2026-01-14 18:36:15,node-g,0,0.0,15.6,317,24564
2026-01-14 18:36:18,node-f,0,0.0,34.2,525,24564
2026-01-14 18:36:18,node-e,0,0.0,29.1,525,24564
2026-01-14 18:36:18,node-h,0,0.0,16.3,317,24564
2026-01-14 18:36:23,node-f,0,0.0,18.4,525,24564
2026-01-14 18:36:23,node-e,0,0.0,17.8,525,24564
2026-01-14 18:36:23,node-h,0,0.0,16.4,317,24564
2026-01-14 18:36:26,node-g,0,0.0,15.6,317,24564
2026-01-14 18:36:28,node-e,0,0.0,17.7,525,24564
2026-01-14 18:36:28,node-f,0,0.0,18.5,525,24564
2026-01-14 18:36:28,node-h,0,0.0,16.2,317,24564
2026-01-14 18:36:31,node-g,0,0.0,15.6,317,24564
2026-01-14 18:36:33,node-e,0,0.0,17.8,525,24564
2026-01-14 18:36:33,node-f,0,0.0,18.6,525,24564
2026-01-14 18:36:33,node-h,0,0.0,16.2,317,24564
2026-01-14 18:36:36,node-g,0,0.0,15.7,317,24564
2026-01-14 18:36:38,node-f,0,0.0,18.4,525,24564
2026-01-14 18:36:38,node-e,0,0.0,17.6,525,24564
2026-01-14 18:36:38,node-h,0,0.0,16.4,317,24564
2026-01-14 18:36:41,node-g,0,0.0,15.8,317,24564
2026-01-14 18:36:43,node-e,0,0.0,17.7,525,24564
2026-01-14 18:36:43,node-f,0,0.0,18.4,525,24564
2026-01-14 18:36:43,node-h,0,0.0,16.2,317,24564
2026-01-14 18:36:46,node-g,0,0.0,15.8,317,24564
2026-01-14 18:36:48,node-e,0,0.0,17.7,525,24564
2026-01-14 18:36:48,node-f,0,0.0,18.5,525,24564
2026-01-14 18:36:48,node-h,0,0.0,16.1,317,24564
2026-01-14 18:36:51,node-g,0,0.0,15.8,317,24564
2026-01-14 18:36:53,node-e,0,0.0,17.7,525,24564
2026-01-14 18:36:53,node-f,0,0.0,18.4,525,24564
2026-01-14 18:36:53,node-h,0,0.0,16.2,317,24564
2026-01-14 18:36:56,node-g,0,0.0,15.6,317,24564
2026-01-14 18:36:58,node-e,0,0.0,17.5,525,24564
2026-01-14 18:36:58,node-f,0,0.0,18.4,525,24564
2026-01-14 18:36:58,node-h,0,0.0,16.1,317,24564
2026-01-14 18:37:01,node-g,0,0.0,15.7,317,24564
2026-01-14 18:37:03,node-e,0,0.0,17.6,525,24564
2026-01-14 18:37:03,node-f,0,0.0,18.5,525,24564
2026-01-14 18:37:03,node-h,0,0.0,16.3,317,24564
2026-01-14 18:37:06,node-g,0,0.0,15.6,317,24564
2026-01-14 18:37:08,node-e,0,0.0,17.7,525,24564
2026-01-14 18:37:08,node-f,0,0.0,18.5,525,24564
2026-01-14 18:37:08,node-h,0,0.0,16.3,317,24564
2026-01-14 18:37:11,node-g,0,0.0,15.6,317,24564
2026-01-14 18:37:13,node-f,0,0.0,18.4,525,24564
2026-01-14 18:37:13,node-e,0,0.0,17.7,525,24564
2026-01-14 18:37:13,node-h,0,0.0,16.3,317,24564
2026-01-14 18:37:16,node-g,0,0.0,15.6,317,24564
2026-01-14 18:37:18,node-f,0,0.0,18.5,525,24564
2026-01-14 18:37:18,node-e,0,0.0,17.7,525,24564
2026-01-14 18:37:18,node-h,0,0.0,16.2,317,24564
2026-01-14 18:37:21,node-g,0,0.0,15.7,317,24564
2026-01-14 18:37:23,node-f,0,0.0,18.5,525,24564
2026-01-14 18:37:23,node-e,0,0.0,17.6,525,24564
2026-01-14 18:37:23,node-h,0,0.0,16.2,317,24564
2026-01-14 18:37:26,node-g,0,0.0,15.8,317,24564
2026-01-14 18:37:28,node-e,0,0.0,17.7,525,24564
2026-01-14 18:37:28,node-f,0,0.0,18.4,525,24564
2026-01-14 18:37:28,node-h,0,0.0,16.4,317,24564
2026-01-14 18:37:31,node-g,0,0.0,15.6,317,24564
2026-01-14 18:37:33,node-e,0,0.0,17.6,525,24564
2026-01-14 18:37:33,node-f,0,0.0,18.4,525,24564
2026-01-14 18:37:33,node-h,0,0.0,16.2,317,24564
2026-01-14 18:37:36,node-g,0,0.0,15.7,317,24564
2026-01-14 18:37:38,node-f,0,0.0,18.5,525,24564
2026-01-14 18:37:38,node-e,0,0.0,17.7,525,24564
2026-01-14 18:37:39,node-h,0,0.0,16.1,317,24564
2026-01-14 18:37:41,node-g,0,0.0,15.6,317,24564
2026-01-14 18:37:43,node-f,0,0.0,18.5,525,24564
2026-01-14 18:37:43,node-e,0,0.0,17.7,525,24564
2026-01-14 18:37:44,node-h,0,0.0,16.3,317,24564
2026-01-14 18:37:46,node-g,0,0.0,15.5,317,24564
2026-01-14 18:37:48,node-f,0,0.0,18.4,525,24564
2026-01-14 18:37:48,node-e,0,0.0,17.4,525,24564
2026-01-14 18:37:49,node-h,0,0.0,16.3,317,24564
2026-01-14 18:37:51,node-g,0,0.0,15.5,317,24564
2026-01-14 18:37:53,node-f,0,0.0,18.3,525,24564
2026-01-14 18:37:53,node-e,0,0.0,17.4,525,24564
2026-01-14 18:37:54,node-h,0,0.0,16.2,317,24564
2026-01-14 18:37:56,node-g,0,0.0,15.6,317,24564
2026-01-14 18:37:58,node-e,0,0.0,17.4,525,24564
2026-01-14 18:37:58,node-f,0,0.0,18.5,525,24564
2026-01-14 18:37:59,node-h,0,0.0,16.4,317,24564
2026-01-14 18:38:01,node-g,0,0.0,15.4,317,24564
2026-01-14 18:38:03,node-e,0,0.0,17.6,525,24564
2026-01-14 18:38:03,node-f,0,0.0,18.5,525,24564
2026-01-14 18:38:04,node-h,0,0.0,16.1,317,24564
2026-01-14 18:38:06,node-g,0,0.0,15.7,317,24564
2026-01-14 18:38:08,node-f,0,0.0,18.4,525,24564
2026-01-14 18:38:08,node-e,0,0.0,17.5,525,24564
2026-01-14 18:38:09,node-h,0,0.0,16.3,317,24564
2026-01-14 18:38:12,node-g,0,0.0,15.6,317,24564
2026-01-14 18:38:13,node-e,0,0.0,17.4,525,24564
2026-01-14 18:38:13,node-f,0,0.0,18.5,525,24564
2026-01-14 18:38:14,node-h,0,0.0,16.2,317,24564
2026-01-14 18:38:17,node-g,0,0.0,15.4,317,24564
2026-01-14 18:38:18,node-f,0,0.0,18.4,525,24564
2026-01-14 18:38:18,node-e,0,0.0,17.6,525,24564
2026-01-14 18:38:19,node-h,0,0.0,16.2,317,24564
2026-01-14 18:38:22,node-g,0,0.0,15.5,317,24564
2026-01-14 18:38:23,node-f,0,0.0,18.4,525,24564
2026-01-14 18:38:23,node-e,0,0.0,17.5,525,24564
2026-01-14 18:38:24,node-h,0,0.0,16.2,317,24564
2026-01-14 18:38:27,node-g,0,0.0,15.6,317,24564
2026-01-14 18:38:28,node-f,0,0.0,18.5,525,24564
2026-01-14 18:38:28,node-e,0,0.0,17.5,525,24564
2026-01-14 18:38:29,node-h,0,0.0,16.2,317,24564
2026-01-14 18:38:32,node-g,0,0.0,15.4,317,24564
2026-01-14 18:38:33,node-f,0,0.0,18.5,525,24564
2026-01-14 18:38:33,node-e,0,0.0,17.4,525,24564
2026-01-14 18:38:34,node-h,0,0.0,16.3,317,24564
2026-01-14 18:38:37,node-g,0,0.0,15.4,317,24564
2026-01-14 18:38:39,node-f,0,0.0,18.5,525,24564
2026-01-14 18:38:39,node-e,0,0.0,17.5,525,24564
2026-01-14 18:38:39,node-h,0,0.0,16.3,317,24564
2026-01-14 18:38:42,node-g,0,0.0,15.4,317,24564
2026-01-14 18:38:44,node-f,0,0.0,18.4,525,24564
2026-01-14 18:38:44,node-e,0,0.0,17.4,525,24564
2026-01-14 18:38:44,node-h,0,0.0,16.4,317,24564
2026-01-14 18:38:47,node-g,0,0.0,15.4,317,24564
2026-01-14 18:38:49,node-e,0,0.0,17.4,525,24564
2026-01-14 18:38:49,node-f,0,0.0,18.4,525,24564
2026-01-14 18:38:49,node-h,0,0.0,16.4,317,24564
2026-01-14 18:38:52,node-g,0,0.0,15.3,317,24564
2026-01-14 18:38:54,node-e,0,0.0,17.5,525,24564
2026-01-14 18:38:54,node-f,0,0.0,18.5,525,24564
2026-01-14 18:38:54,node-h,0,0.0,16.1,317,24564
2026-01-14 18:38:57,node-g,0,0.0,15.4,317,24564
2026-01-14 18:38:59,node-f,0,0.0,18.4,525,24564
2026-01-14 18:38:59,node-e,0,0.0,17.6,525,24564
2026-01-14 18:38:59,node-h,0,0.0,16.2,317,24564
2026-01-14 18:39:02,node-g,0,0.0,15.3,317,24564
2026-01-14 18:39:04,node-e,0,0.0,17.4,525,24564
2026-01-14 18:39:04,node-f,0,0.0,18.4,525,24564
2026-01-14 18:39:04,node-h,0,0.0,16.2,317,24564
2026-01-14 18:39:09,node-e,0,0.0,17.4,525,24564
2026-01-14 18:39:09,node-f,0,0.0,18.4,525,24564
2026-01-14 18:39:09,node-h,0,0.0,16.1,317,24564
2026-01-14 18:39:13,node-g,0,0.0,15.5,317,24564
2026-01-14 18:39:14,node-e,0,0.0,17.4,525,24564
2026-01-14 18:39:14,node-f,0,0.0,18.5,525,24564
2026-01-14 18:39:14,node-h,0,0.0,16.2,317,24564
2026-01-14 18:39:18,node-g,0,0.0,15.5,317,24564
2026-01-14 18:39:19,node-f,0,0.0,18.4,525,24564
2026-01-14 18:39:19,node-e,0,0.0,17.5,525,24564
2026-01-14 18:39:19,node-h,0,0.0,16.3,317,24564
2026-01-14 18:39:23,node-g,0,0.0,15.4,317,24564
2026-01-14 18:39:24,node-f,0,0.0,18.4,525,24564
2026-01-14 18:39:24,node-e,0,0.0,17.4,525,24564
2026-01-14 18:39:24,node-h,0,0.0,16.4,317,24564
2026-01-14 18:39:28,node-g,0,0.0,15.5,317,24564
2026-01-14 18:39:29,node-e,0,0.0,17.4,525,24564
2026-01-14 18:39:29,node-f,0,0.0,18.5,525,24564
2026-01-14 18:39:29,node-h,0,0.0,16.6,317,24564
2026-01-14 18:39:33,node-g,0,0.0,15.3,317,24564
2026-01-14 18:39:34,node-e,0,0.0,17.4,525,24564
2026-01-14 18:39:34,node-f,0,0.0,18.5,525,24564
2026-01-14 18:39:34,node-h,0,0.0,16.3,317,24564
2026-01-14 18:39:38,node-g,0,0.0,15.3,317,24564
2026-01-14 18:39:39,node-f,0,0.0,18.5,525,24564
2026-01-14 18:39:39,node-e,0,0.0,17.4,525,24564
2026-01-14 18:39:39,node-h,0,0.0,16.2,317,24564
2026-01-14 18:39:43,node-g,0,0.0,15.5,317,24564
2026-01-14 18:39:44,node-e,0,0.0,17.4,525,24564
2026-01-14 18:39:44,node-f,0,0.0,18.5,525,24564
2026-01-14 18:39:44,node-h,0,0.0,16.3,317,24564
2026-01-14 18:39:48,node-g,0,0.0,15.5,317,24564
2026-01-14 18:39:49,node-e,0,0.0,17.4,525,24564
2026-01-14 18:39:49,node-f,0,0.0,18.5,525,24564
2026-01-14 18:39:49,node-h,0,0.0,16.2,317,24564
2026-01-14 18:39:53,node-g,0,0.0,15.5,317,24564
2026-01-14 18:39:54,node-f,0,0.0,18.5,525,24564
2026-01-14 18:39:54,node-e,0,0.0,17.5,525,24564
2026-01-14 18:39:54,node-h,0,0.0,16.4,317,24564
2026-01-14 18:39:58,node-g,0,0.0,15.4,317,24564
2026-01-14 18:39:59,node-f,0,0.0,18.4,525,24564
2026-01-14 18:39:59,node-e,0,0.0,17.4,525,24564
2026-01-14 18:39:59,node-h,0,0.0,16.3,317,24564
2026-01-14 18:40:03,node-g,0,0.0,15.4,317,24564
2026-01-14 18:40:04,node-e,0,0.0,17.4,525,24564
2026-01-14 18:40:04,node-f,0,0.0,18.5,525,24564
2026-01-14 18:40:04,node-h,0,0.0,16.3,317,24564
2026-01-14 18:40:08,node-g,0,0.0,15.6,317,24564
2026-01-14 18:40:09,node-e,0,0.0,17.4,525,24564
2026-01-14 18:40:09,node-f,0,0.0,18.6,525,24564
2026-01-14 18:40:09,node-h,0,0.0,16.5,317,24564
2026-01-14 18:40:13,node-g,0,0.0,15.5,317,24564
2026-01-14 18:40:14,node-f,0,0.0,18.5,525,24564
2026-01-14 18:40:14,node-e,0,0.0,17.1,525,24564
2026-01-14 18:40:14,node-h,0,0.0,16.2,317,24564
2026-01-14 18:40:18,node-g,0,0.0,15.5,317,24564
2026-01-14 18:40:19,node-e,0,0.0,17.3,525,24564
2026-01-14 18:40:19,node-f,0,0.0,18.6,525,24564
2026-01-14 18:40:19,node-h,0,0.0,16.1,317,24564
2026-01-14 18:40:23,node-g,0,0.0,15.5,317,24564
2026-01-14 18:40:24,node-e,0,0.0,17.6,525,24564
2026-01-14 18:40:24,node-f,0,0.0,18.6,525,24564
2026-01-14 18:40:24,node-h,0,0.0,16.3,317,24564
2026-01-14 18:40:28,node-g,0,0.0,15.7,317,24564
2026-01-14 18:40:29,node-e,0,0.0,17.6,525,24564
2026-01-14 18:40:29,node-f,0,0.0,18.5,525,24564
2026-01-14 18:40:29,node-h,0,0.0,16.4,317,24564
2026-01-14 18:40:33,node-g,0,0.0,15.5,317,24564
2026-01-14 18:40:34,node-f,0,0.0,18.6,525,24564
2026-01-14 18:40:34,node-e,0,0.0,17.3,525,24564
2026-01-14 18:40:34,node-h,0,0.0,16.4,317,24564
2026-01-14 18:40:38,node-g,0,0.0,15.4,317,24564
2026-01-14 18:40:39,node-f,0,0.0,18.5,525,24564
2026-01-14 18:40:39,node-e,0,0.0,17.4,525,24564
2026-01-14 18:40:39,node-h,0,0.0,16.4,317,24564
2026-01-14 18:40:43,node-g,0,0.0,15.6,317,24564
2026-01-14 18:40:44,node-e,0,0.0,17.6,525,24564
2026-01-14 18:40:44,node-f,0,0.0,18.6,525,24564
2026-01-14 18:40:44,node-h,0,0.0,16.3,317,24564
2026-01-14 18:40:48,node-g,0,0.0,15.6,317,24564
2026-01-14 18:40:49,node-e,0,0.0,17.5,525,24564
2026-01-14 18:40:49,node-f,0,0.0,18.6,525,24564
2026-01-14 18:40:49,node-h,0,0.0,16.2,317,24564
2026-01-14 18:40:53,node-g,0,0.0,15.5,317,24564
2026-01-14 18:40:54,node-e,0,0.0,17.5,525,24564
2026-01-14 18:40:54,node-f,0,0.0,18.4,525,24564
2026-01-14 18:40:54,node-h,0,0.0,16.2,317,24564
2026-01-14 18:40:58,node-g,0,0.0,15.6,317,24564
2026-01-14 18:40:59,node-f,0,0.0,18.4,525,24564
2026-01-14 18:40:59,node-e,0,0.0,17.6,525,24564
2026-01-14 18:40:59,node-h,0,0.0,16.2,317,24564
2026-01-14 18:41:03,node-g,0,0.0,15.5,317,24564
2026-01-14 18:41:04,node-f,0,0.0,18.5,525,24564
2026-01-14 18:41:04,node-e,0,0.0,17.5,525,24564
2026-01-14 18:41:04,node-h,0,0.0,16.2,317,24564
2026-01-14 18:41:08,node-g,0,0.0,15.6,317,24564
2026-01-14 18:41:09,node-f,0,0.0,18.5,525,24564
2026-01-14 18:41:09,node-e,0,0.0,17.4,525,24564
2026-01-14 18:41:09,node-h,0,0.0,16.2,317,24564
2026-01-14 18:41:13,node-g,0,0.0,15.5,317,24564
2026-01-14 18:41:14,node-f,0,0.0,18.5,525,24564
2026-01-14 18:41:14,node-e,0,0.0,17.6,525,24564
2026-01-14 18:41:14,node-h,0,0.0,16.3,317,24564
2026-01-14 18:41:18,node-g,0,0.0,15.6,317,24564
2026-01-14 18:41:19,node-f,0,0.0,18.6,525,24564
2026-01-14 18:41:19,node-e,0,0.0,17.5,525,24564
2026-01-14 18:41:19,node-h,0,0.0,16.3,317,24564
2026-01-14 18:41:23,node-g,0,0.0,15.5,317,24564
2026-01-14 18:41:24,node-f,0,0.0,18.4,525,24564
2026-01-14 18:41:24,node-e,0,0.0,17.6,525,24564
2026-01-14 18:41:24,node-h,0,0.0,16.2,317,24564
2026-01-14 18:41:28,node-g,0,0.0,15.6,317,24564
2026-01-14 18:41:29,node-f,0,0.0,18.5,525,24564
2026-01-14 18:41:29,node-e,0,0.0,17.5,525,24564
2026-01-14 18:41:29,node-h,0,0.0,16.1,317,24564
2026-01-14 18:41:33,node-g,0,0.0,15.5,317,24564
2026-01-14 18:41:34,node-f,0,0.0,18.6,525,24564
2026-01-14 18:41:34,node-e,0,0.0,17.5,525,24564
2026-01-14 18:41:34,node-h,0,0.0,16.3,317,24564
2026-01-14 18:41:38,node-g,0,0.0,15.6,317,24564
2026-01-14 18:41:39,node-f,0,0.0,18.5,525,24564
2026-01-14 18:41:39,node-e,0,0.0,17.3,525,24564
2026-01-14 18:41:39,node-h,0,0.0,16.0,317,24564
2026-01-14 18:41:43,node-g,0,0.0,15.6,317,24564
2026-01-14 18:41:44,node-e,0,0.0,17.2,525,24564
2026-01-14 18:41:44,node-f,0,0.0,18.5,525,24564
2026-01-14 18:41:44,node-h,0,0.0,16.1,317,24564
2026-01-14 18:41:48,node-g,0,0.0,15.5,317,24564
2026-01-14 18:41:49,node-f,0,0.0,18.5,525,24564
2026-01-14 18:41:49,node-e,0,0.0,17.4,525,24564
2026-01-14 18:41:49,node-h,0,0.0,16.3,317,24564
2026-01-14 18:41:53,node-g,0,0.0,15.5,317,24564
2026-01-14 18:41:54,node-e,0,0.0,17.4,525,24564
2026-01-14 18:41:54,node-f,0,0.0,18.5,525,24564
2026-01-14 18:41:54,node-h,0,0.0,16.2,317,24564
2026-01-14 18:41:58,node-g,0,0.0,15.5,317,24564
2026-01-14 18:41:59,node-f,0,0.0,18.4,525,24564
2026-01-14 18:41:59,node-e,0,0.0,17.4,525,24564
2026-01-14 18:41:59,node-h,0,0.0,16.3,317,24564
2026-01-14 18:42:03,node-g,0,0.0,15.5,317,24564
2026-01-14 18:42:04,node-f,0,0.0,18.5,525,24564
2026-01-14 18:42:04,node-e,0,0.0,17.3,525,24564
2026-01-14 18:42:04,node-h,0,0.0,16.4,317,24564
2026-01-14 18:42:08,node-g,0,0.0,15.5,317,24564
2026-01-14 18:42:09,node-f,0,0.0,18.5,525,24564
2026-01-14 18:42:09,node-e,0,0.0,17.4,525,24564
2026-01-14 18:42:09,node-h,0,0.0,16.2,317,24564
2026-01-14 18:42:13,node-g,0,0.0,15.6,317,24564
2026-01-14 18:42:14,node-f,0,0.0,18.4,525,24564
2026-01-14 18:42:14,node-e,0,0.0,17.3,525,24564
2026-01-14 18:42:14,node-h,0,0.0,16.2,317,24564
2026-01-14 18:42:18,node-g,0,0.0,15.6,317,24564
2026-01-14 18:42:19,node-f,0,0.0,18.5,525,24564
2026-01-14 18:42:19,node-e,0,0.0,17.3,525,24564
2026-01-14 18:42:19,node-h,0,0.0,16.2,317,24564
2026-01-14 18:42:23,node-g,0,0.0,15.6,317,24564
2026-01-14 18:42:24,node-f,0,0.0,18.5,525,24564
2026-01-14 18:42:24,node-e,0,0.0,17.4,525,24564
2026-01-14 18:42:24,node-h,0,0.0,16.1,317,24564
2026-01-14 18:42:28,node-g,0,0.0,15.5,317,24564
2026-01-14 18:42:29,node-f,0,0.0,18.5,525,24564
2026-01-14 18:42:29,node-e,0,0.0,17.3,525,24564
2026-01-14 18:42:29,node-h,0,0.0,16.1,317,24564
2026-01-14 18:42:33,node-g,0,0.0,15.5,317,24564
2026-01-14 18:42:34,node-f,0,0.0,18.4,525,24564
2026-01-14 18:42:34,node-e,0,0.0,17.5,525,24564
2026-01-14 18:42:34,node-h,0,0.0,16.0,317,24564
2026-01-14 18:42:38,node-g,0,0.0,15.5,317,24564
2026-01-14 18:42:39,node-f,0,0.0,18.5,525,24564
2026-01-14 18:42:39,node-e,0,0.0,17.5,525,24564
2026-01-14 18:42:40,node-h,0,0.0,16.2,317,24564
2026-01-14 18:42:43,node-g,0,0.0,15.5,317,24564
2026-01-14 18:42:44,node-f,0,0.0,18.6,525,24564
2026-01-14 18:42:44,node-e,0,0.0,17.7,525,24564
2026-01-14 18:42:45,node-h,0,0.0,16.0,317,24564
2026-01-14 18:42:48,node-g,0,0.0,15.5,317,24564
2026-01-14 18:42:49,node-e,0,0.0,17.4,525,24564
2026-01-14 18:42:49,node-f,0,0.0,18.6,525,24564
2026-01-14 18:42:50,node-h,0,0.0,16.1,317,24564
2026-01-14 18:42:53,node-g,0,0.0,15.5,317,24564
2026-01-14 18:42:54,node-f,0,0.0,18.5,525,24564
2026-01-14 18:42:55,node-h,0,0.0,16.1,317,24564
2026-01-14 18:42:58,node-g,0,0.0,15.4,317,24564
2026-01-14 18:43:00,node-h,0,0.0,16.3,317,24564
2026-01-14 18:43:00,node-e,0,0.0,17.4,525,24564
2026-01-14 18:43:03,node-g,0,0.0,15.3,317,24564
2026-01-14 18:43:05,node-h,0,0.0,16.3,317,24564
2026-01-14 18:43:05,node-f,0,0.0,18.4,525,24564
2026-01-14 18:43:05,node-e,0,0.0,17.4,525,24564
2026-01-14 18:43:08,node-g,0,0.0,15.4,317,24564
2026-01-14 18:43:10,node-h,0,0.0,16.1,317,24564
2026-01-14 18:43:10,node-f,0,0.0,18.4,525,24564
2026-01-14 18:43:13,node-g,0,0.0,15.4,317,24564
2026-01-14 18:43:15,node-h,0,0.0,16.1,317,24564
2026-01-14 18:43:15,node-f,0,0.0,18.4,525,24564
2026-01-14 18:43:16,node-e,0,0.0,17.5,525,24564
2026-01-14 18:43:18,node-g,0,0.0,15.4,317,24564
2026-01-14 18:43:20,node-h,0,0.0,16.3,317,24564
2026-01-14 18:43:20,node-f,0,0.0,18.5,525,24564
2026-01-14 18:43:21,node-e,0,0.0,17.5,525,24564
2026-01-14 18:43:23,node-g,0,0.0,15.4,317,24564
2026-01-14 18:43:25,node-h,0,0.0,16.3,317,24564
2026-01-14 18:43:25,node-f,0,0.0,18.4,525,24564
2026-01-14 18:43:26,node-e,0,0.0,17.6,525,24564
2026-01-14 18:43:28,node-g,0,0.0,15.4,317,24564
2026-01-14 18:43:30,node-h,0,0.0,16.3,317,24564
2026-01-14 18:43:30,node-f,0,0.0,18.5,525,24564
2026-01-14 18:43:31,node-e,0,0.0,17.6,525,24564
2026-01-14 18:43:33,node-g,0,0.0,15.4,317,24564
2026-01-14 18:43:35,node-h,0,0.0,16.3,317,24564
2026-01-14 18:43:35,node-f,0,0.0,18.4,525,24564
2026-01-14 18:43:36,node-e,0,0.0,17.4,525,24564
2026-01-14 18:43:38,node-g,0,0.0,15.5,317,24564
2026-01-14 18:43:40,node-h,0,0.0,16.3,317,24564
2026-01-14 18:43:41,node-f,0,0.0,18.4,525,24564
2026-01-14 18:43:42,node-e,0,0.0,17.4,525,24564
2026-01-14 18:43:43,node-g,0,0.0,15.4,317,24564
2026-01-14 18:43:45,node-h,0,0.0,16.2,317,24564
2026-01-14 18:43:46,node-f,0,0.0,18.4,525,24564
2026-01-14 18:43:47,node-e,0,0.0,17.4,525,24564
2026-01-14 18:43:48,node-g,0,0.0,15.4,317,24564
2026-01-14 18:43:51,node-f,0,0.0,18.3,525,24564
2026-01-14 18:43:52,node-e,0,0.0,17.4,525,24564
2026-01-14 18:43:53,node-g,0,0.0,15.4,317,24564
2026-01-14 18:43:56,node-f,0,0.0,18.3,525,24564
2026-01-14 18:43:56,node-h,0,0.0,16.3,317,24564
2026-01-14 18:43:57,node-e,0,0.0,17.4,525,24564
2026-01-14 18:43:59,node-g,0,0.0,15.3,317,24564
2026-01-14 18:44:01,node-f,0,0.0,18.4,525,24564
2026-01-14 18:44:01,node-h,0,0.0,16.5,317,24564
2026-01-14 18:44:02,node-e,0,0.0,17.4,525,24564
2026-01-14 18:44:04,node-g,0,0.0,15.3,317,24564
2026-01-14 18:44:06,node-f,0,0.0,18.3,525,24564
2026-01-14 18:44:06,node-h,0,0.0,16.4,317,24564
2026-01-14 18:44:07,node-e,0,0.0,17.6,525,24564
2026-01-14 18:44:09,node-g,0,0.0,15.4,317,24564
2026-01-14 18:44:11,node-f,0,0.0,18.2,525,24564
2026-01-14 18:44:11,node-h,0,0.0,16.2,317,24564
2026-01-14 18:44:12,node-e,0,0.0,17.5,525,24564
2026-01-14 18:44:14,node-g,0,0.0,15.4,317,24564
2026-01-14 18:44:16,node-f,0,0.0,18.2,525,24564
2026-01-14 18:44:16,node-h,0,0.0,16.3,317,24564
2026-01-14 18:44:17,node-e,0,0.0,17.3,525,24564
2026-01-14 18:44:19,node-g,0,0.0,15.5,317,24564
2026-01-14 18:44:21,node-f,0,0.0,18.3,525,24564
2026-01-14 18:44:21,node-h,0,0.0,16.3,317,24564
2026-01-14 18:44:24,node-g,0,0.0,15.4,317,24564
2026-01-14 18:44:26,node-f,0,0.0,18.3,525,24564
2026-01-14 18:44:26,node-h,0,0.0,16.3,317,24564
2026-01-14 18:44:28,node-e,0,0.0,17.4,525,24564
2026-01-14 18:44:29,node-g,0,0.0,15.5,317,24564
2026-01-14 18:44:31,node-f,0,0.0,18.4,525,24564
2026-01-14 18:44:31,node-h,0,0.0,16.4,317,24564
2026-01-14 18:44:33,node-e,0,0.0,17.4,525,24564
2026-01-14 18:44:34,node-g,0,0.0,15.5,317,24564
2026-01-14 18:44:36,node-f,0,0.0,18.3,525,24564
2026-01-14 18:44:36,node-h,0,0.0,16.5,317,24564
2026-01-14 18:44:38,node-e,0,0.0,17.3,525,24564
2026-01-14 18:44:39,node-g,0,0.0,15.4,317,24564
2026-01-14 18:44:41,node-f,0,0.0,18.2,525,24564
2026-01-14 18:44:41,node-h,0,0.0,16.5,317,24564
2026-01-14 18:44:43,node-e,0,0.0,17.3,525,24564
2026-01-14 18:44:44,node-g,0,0.0,15.4,317,24564
2026-01-14 18:44:46,node-f,0,0.0,18.3,525,24564
2026-01-14 18:44:46,node-h,0,0.0,16.5,317,24564
2026-01-14 18:44:48,node-e,0,0.0,17.5,525,24564
2026-01-14 18:44:49,node-g,0,0.0,15.5,317,24564
2026-01-14 18:44:51,node-f,0,0.0,18.2,525,24564
2026-01-14 18:44:51,node-h,0,0.0,16.4,317,24564
2026-01-14 18:44:53,node-e,0,0.0,17.4,525,24564
2026-01-14 18:44:54,node-g,0,0.0,15.5,317,24564
2026-01-14 18:44:56,node-f,0,0.0,18.2,525,24564
2026-01-14 18:44:56,node-h,0,0.0,16.4,317,24564
2026-01-14 18:44:58,node-e,0,0.0,17.4,525,24564
2026-01-14 18:44:59,node-g,0,0.0,15.4,317,24564
2026-01-14 18:45:01,node-f,0,0.0,18.2,525,24564
2026-01-14 18:45:01,node-h,0,0.0,16.5,317,24564
2026-01-14 18:45:03,node-e,0,0.0,17.5,525,24564
2026-01-14 18:45:04,node-g,0,0.0,15.5,317,24564
2026-01-14 18:45:06,node-f,0,0.0,18.3,525,24564
2026-01-14 18:45:06,node-h,0,0.0,16.6,317,24564
2026-01-14 18:45:08,node-e,0,0.0,17.6,525,24564
2026-01-14 18:45:09,node-g,0,0.0,15.6,317,24564
2026-01-14 18:45:11,node-f,0,0.0,18.3,525,24564
2026-01-14 18:45:11,node-h,0,0.0,16.5,317,24564
2026-01-14 18:45:13,node-e,0,0.0,17.4,525,24564
2026-01-14 18:45:14,node-g,0,0.0,15.6,317,24564
2026-01-14 18:45:16,node-f,0,0.0,18.3,525,24564
2026-01-14 18:45:16,node-h,0,0.0,16.4,317,24564
2026-01-14 18:45:18,node-e,0,0.0,17.4,525,24564
2026-01-14 18:45:19,node-g,0,0.0,15.7,317,24564
2026-01-14 18:45:21,node-f,0,0.0,18.3,525,24564
2026-01-14 18:45:21,node-h,0,0.0,16.6,317,24564
2026-01-14 18:45:23,node-e,0,0.0,17.5,525,24564
2026-01-14 18:45:24,node-g,0,0.0,15.5,317,24564
2026-01-14 18:45:26,node-f,0,0.0,18.3,525,24564
2026-01-14 18:45:26,node-h,0,0.0,16.5,317,24564
2026-01-14 18:45:28,node-e,0,0.0,17.5,525,24564
2026-01-14 18:45:29,node-g,0,0.0,15.5,317,24564
2026-01-14 18:45:31,node-f,0,0.0,18.2,525,24564
2026-01-14 18:45:31,node-h,0,0.0,16.4,317,24564
2026-01-14 18:45:33,node-e,0,0.0,17.4,525,24564
2026-01-14 18:45:34,node-g,0,0.0,15.4,317,24564
2026-01-14 18:45:36,node-f,0,0.0,18.3,525,24564
2026-01-14 18:45:36,node-h,0,0.0,16.3,317,24564
2026-01-14 18:45:38,node-e,0,0.0,17.5,525,24564
2026-01-14 18:45:39,node-g,0,0.0,15.4,317,24564
2026-01-14 18:45:41,node-f,0,0.0,18.3,525,24564
2026-01-14 18:45:41,node-h,0,0.0,16.4,317,24564
2026-01-14 18:45:43,node-e,0,0.0,17.6,525,24564
2026-01-14 18:45:44,node-g,0,0.0,15.4,317,24564
2026-01-14 18:45:46,node-f,0,0.0,18.2,525,24564
2026-01-14 18:45:46,node-h,0,0.0,16.4,317,24564
2026-01-14 18:45:48,node-e,0,0.0,17.4,525,24564
2026-01-14 18:45:49,node-g,0,0.0,15.5,317,24564
2026-01-14 18:45:51,node-h,0,0.0,16.3,317,24564
2026-01-14 18:45:53,node-e,0,0.0,17.5,525,24564
2026-01-14 18:45:54,node-g,0,0.0,15.4,317,24564
2026-01-14 18:45:56,node-h,0,0.0,16.4,317,24564
2026-01-14 18:45:57,node-f,0,0.0,18.2,525,24564
2026-01-14 18:45:58,node-e,0,0.0,17.3,525,24564
2026-01-14 18:45:59,node-g,0,0.0,15.4,317,24564
2026-01-14 18:46:01,node-h,0,0.0,16.3,317,24564
2026-01-14 18:46:02,node-f,0,0.0,18.2,525,24564
2026-01-14 18:46:03,node-e,0,0.0,17.4,525,24564
2026-01-14 18:46:04,node-g,0,0.0,15.4,317,24564
2026-01-14 18:46:06,node-h,0,0.0,16.2,317,24564
2026-01-14 18:46:07,node-f,0,0.0,18.3,525,24564
2026-01-14 18:46:08,node-e,0,0.0,17.4,525,24564
2026-01-14 18:46:09,node-g,0,0.0,15.3,317,24564
2026-01-14 18:46:11,node-h,0,0.0,16.5,317,24564
2026-01-14 18:46:12,node-f,0,0.0,18.3,525,24564
2026-01-14 18:46:13,node-e,0,0.0,17.4,525,24564
2026-01-14 18:46:14,node-g,0,0.0,15.4,317,24564
2026-01-14 18:46:16,node-h,0,0.0,16.4,317,24564
2026-01-14 18:46:17,node-f,0,0.0,18.3,525,24564
2026-01-14 18:46:18,node-e,0,0.0,17.4,525,24564
2026-01-14 18:46:19,node-g,0,0.0,15.5,317,24564
2026-01-14 18:46:21,node-h,0,0.0,16.1,317,24564
2026-01-14 18:46:22,node-f,0,0.0,18.2,525,24564
2026-01-14 18:46:23,node-e,0,0.0,17.2,525,24564
2026-01-14 18:46:24,node-g,0,0.0,15.4,317,24564
2026-01-14 18:46:26,node-h,0,0.0,16.2,317,24564
2026-01-14 18:46:27,node-f,0,0.0,18.3,525,24564
2026-01-14 18:46:28,node-e,0,0.0,17.5,525,24564
2026-01-14 18:46:29,node-g,0,0.0,15.5,317,24564
2026-01-14 18:46:31,node-h,0,0.0,16.2,317,24564
2026-01-14 18:46:32,node-f,0,0.0,18.3,525,24564
2026-01-14 18:46:33,node-e,0,0.0,17.4,525,24564
2026-01-14 18:46:34,node-g,0,0.0,15.4,317,24564
2026-01-14 18:46:36,node-h,0,0.0,16.2,317,24564
2026-01-14 18:46:37,node-f,0,0.0,18.2,525,24564
2026-01-14 18:46:38,node-e,0,0.0,17.3,525,24564
2026-01-14 18:46:39,node-g,0,0.0,15.5,317,24564
2026-01-14 18:46:41,node-h,0,0.0,16.2,317,24564
2026-01-14 18:46:42,node-f,0,0.0,18.3,525,24564
2026-01-14 18:46:43,node-e,0,0.0,17.3,525,24564
2026-01-14 18:46:44,node-g,0,0.0,15.4,317,24564
2026-01-14 18:46:46,node-h,0,0.0,16.1,317,24564
2026-01-14 18:46:47,node-f,0,0.0,18.2,525,24564
2026-01-14 18:46:48,node-e,0,0.0,17.4,525,24564
2026-01-14 18:46:49,node-g,0,0.0,15.5,317,24564
2026-01-14 18:46:51,node-h,0,0.0,16.2,317,24564
2026-01-14 18:46:52,node-f,0,0.0,18.2,525,24564
2026-01-14 18:46:53,node-e,0,0.0,17.3,525,24564
2026-01-14 18:46:54,node-g,0,0.0,15.3,317,24564
2026-01-14 18:46:56,node-h,0,0.0,16.0,317,24564
2026-01-14 18:46:57,node-f,0,0.0,18.3,525,24564
2026-01-14 18:46:58,node-e,0,0.0,17.5,525,24564
2026-01-14 18:46:59,node-g,0,0.0,15.6,317,24564
2026-01-14 18:47:01,node-h,0,0.0,16.2,317,24564
2026-01-14 18:47:02,node-f,0,0.0,18.2,525,24564
2026-01-14 18:47:03,node-e,0,0.0,17.6,525,24564
2026-01-14 18:47:04,node-g,0,0.0,15.5,317,24564
2026-01-14 18:47:06,node-h,0,0.0,16.3,317,24564
2026-01-14 18:47:07,node-f,0,0.0,18.3,525,24564
2026-01-14 18:47:08,node-e,0,0.0,17.3,525,24564
2026-01-14 18:47:09,node-g,0,0.0,15.4,317,24564
2026-01-14 18:47:11,node-h,0,0.0,16.3,317,24564
2026-01-14 18:47:12,node-f,0,0.0,18.2,525,24564
2026-01-14 18:47:13,node-e,0,0.0,17.2,525,24564
2026-01-14 18:47:14,node-g,0,0.0,15.4,317,24564
2026-01-14 18:47:16,node-h,0,0.0,16.3,317,24564
2026-01-14 18:47:17,node-f,0,0.0,18.2,525,24564
2026-01-14 18:47:18,node-e,0,0.0,17.2,525,24564
2026-01-14 18:47:19,node-g,0,0.0,15.4,317,24564
2026-01-14 18:47:21,node-h,0,0.0,16.3,317,24564
2026-01-14 18:47:22,node-f,0,0.0,18.3,525,24564
2026-01-14 18:47:23,node-e,0,0.0,17.3,525,24564
2026-01-14 18:47:24,node-g,0,0.0,15.4,317,24564
2026-01-14 18:47:26,node-h,0,0.0,16.2,317,24564
2026-01-14 18:47:27,node-f,0,0.0,18.4,525,24564
2026-01-14 18:47:28,node-e,0,0.0,17.3,525,24564
2026-01-14 18:47:29,node-g,0,0.0,15.4,317,24564
2026-01-14 18:47:31,node-h,0,0.0,16.3,317,24564
2026-01-14 18:47:32,node-f,0,0.0,18.2,525,24564
2026-01-14 18:47:33,node-e,0,0.0,17.3,525,24564
2026-01-14 18:47:34,node-g,0,0.0,15.4,317,24564
2026-01-14 18:47:36,node-h,0,0.0,16.2,317,24564
2026-01-14 18:47:37,node-f,0,0.0,18.3,525,24564
2026-01-14 18:47:38,node-e,0,0.0,17.3,525,24564
2026-01-14 18:47:39,node-g,0,0.0,15.4,317,24564
2026-01-14 18:47:41,node-h,0,0.0,16.3,317,24564
2026-01-14 18:47:42,node-f,0,0.0,18.4,525,24564
2026-01-14 18:47:43,node-e,0,0.0,17.2,525,24564
2026-01-14 18:47:44,node-g,0,0.0,15.4,317,24564
2026-01-14 18:47:46,node-h,0,0.0,16.4,317,24564
2026-01-14 18:47:47,node-f,0,0.0,18.1,525,24564
2026-01-14 18:47:48,node-e,0,0.0,17.4,525,24564
2026-01-14 18:47:49,node-g,0,0.0,15.3,317,24564
2026-01-14 18:47:51,node-h,0,0.0,16.4,317,24564
2026-01-14 18:47:52,node-f,0,0.0,18.1,525,24564
2026-01-14 18:47:53,node-e,0,0.0,17.3,525,24564
2026-01-14 18:47:56,node-h,0,0.0,16.3,317,24564
2026-01-14 18:47:57,node-f,0,0.0,18.3,525,24564
2026-01-14 18:47:58,node-e,0,0.0,17.4,525,24564
2026-01-14 18:48:00,node-g,0,0.0,15.5,317,24564
2026-01-14 18:48:01,node-h,0,0.0,16.2,317,24564
2026-01-14 18:48:02,node-f,0,0.0,18.3,525,24564
2026-01-14 18:48:03,node-e,0,0.0,17.2,525,24564
2026-01-14 18:48:05,node-g,0,0.0,15.6,317,24564
2026-01-14 18:48:06,node-h,0,0.0,16.4,317,24564
2026-01-14 18:48:07,node-f,0,0.0,18.3,525,24564
2026-01-14 18:48:08,node-e,0,0.0,17.3,525,24564
2026-01-14 18:48:10,node-g,0,0.0,15.4,317,24564
2026-01-14 18:48:11,node-h,0,0.0,16.3,317,24564
2026-01-14 18:48:12,node-f,0,0.0,18.2,525,24564
2026-01-14 18:48:13,node-e,0,0.0,17.3,525,24564
2026-01-14 18:48:15,node-g,0,0.0,15.5,317,24564
2026-01-14 18:48:16,node-h,0,0.0,16.4,317,24564
2026-01-14 18:48:17,node-f,0,0.0,18.3,525,24564
2026-01-14 18:48:18,node-e,0,0.0,17.2,525,24564
2026-01-14 18:48:20,node-g,0,0.0,15.4,317,24564
2026-01-14 18:48:21,node-h,0,0.0,16.5,317,24564
2026-01-14 18:48:22,node-f,0,0.0,18.4,525,24564
2026-01-14 18:48:23,node-e,0,0.0,17.3,525,24564
2026-01-14 18:48:25,node-g,0,0.0,15.6,317,24564
2026-01-14 18:48:26,node-h,0,0.0,16.3,317,24564
2026-01-14 18:48:27,node-f,0,0.0,18.3,525,24564
2026-01-14 18:48:28,node-e,0,0.0,17.6,525,24564
2026-01-14 18:48:30,node-g,0,0.0,15.7,317,24564
2026-01-14 18:48:31,node-h,0,0.0,16.1,317,24564
2026-01-14 18:48:32,node-f,0,0.0,18.4,525,24564
2026-01-14 18:48:33,node-e,0,0.0,17.4,525,24564
2026-01-14 18:48:35,node-g,0,0.0,15.4,317,24564
2026-01-14 18:48:36,node-h,0,0.0,16.5,317,24564
2026-01-14 18:48:37,node-f,0,0.0,18.4,525,24564
2026-01-14 18:48:38,node-e,0,0.0,17.3,525,24564
2026-01-14 18:48:40,node-g,0,0.0,15.5,317,24564
2026-01-14 18:48:41,node-h,0,0.0,16.4,317,24564
2026-01-14 18:48:42,node-f,0,0.0,18.3,525,24564
2026-01-14 18:48:43,node-e,0,0.0,17.3,525,24564
2026-01-14 18:48:45,node-g,0,0.0,15.6,317,24564
2026-01-14 18:48:47,node-h,0,0.0,16.5,317,24564
2026-01-14 18:48:47,node-f,0,0.0,18.3,525,24564
2026-01-14 18:48:48,node-e,0,0.0,17.6,525,24564
2026-01-14 18:48:50,node-g,0,0.0,15.4,317,24564
2026-01-14 18:48:52,node-h,0,0.0,16.4,317,24564
2026-01-14 18:48:52,node-f,0,0.0,18.3,525,24564
2026-01-14 18:48:53,node-e,0,0.0,17.4,525,24564
2026-01-14 18:48:55,node-g,0,0.0,15.4,317,24564
2026-01-14 18:48:57,node-h,0,0.0,16.5,317,24564
2026-01-14 18:48:57,node-f,0,0.0,18.4,525,24564
2026-01-14 18:48:58,node-e,0,0.0,17.3,525,24564
2026-01-14 18:49:00,node-g,0,0.0,15.5,317,24564
2026-01-14 18:49:02,node-h,0,0.0,16.5,317,24564
2026-01-14 18:49:02,node-f,0,0.0,18.3,525,24564
2026-01-14 18:49:03,node-e,0,0.0,17.5,525,24564
2026-01-14 18:49:05,node-g,0,0.0,15.4,317,24564
2026-01-14 18:49:07,node-h,0,0.0,16.3,317,24564
2026-01-14 18:49:07,node-f,0,0.0,18.3,525,24564
2026-01-14 18:49:08,node-e,0,0.0,17.6,525,24564
2026-01-14 18:49:10,node-g,0,0.0,15.5,317,24564
2026-01-14 18:49:12,node-h,0,0.0,16.4,317,24564
2026-01-14 18:49:12,node-f,0,0.0,18.4,525,24564
2026-01-14 18:49:13,node-e,0,0.0,17.4,525,24564
2026-01-14 18:49:15,node-g,0,0.0,15.5,317,24564
2026-01-14 18:49:17,node-h,0,0.0,16.5,317,24564
2026-01-14 18:49:17,node-f,0,0.0,18.2,525,24564
2026-01-14 18:49:18,node-e,0,0.0,17.5,525,24564
2026-01-14 18:49:20,node-g,0,0.0,15.4,317,24564
2026-01-14 18:49:22,node-h,0,0.0,16.3,317,24564
2026-01-14 18:49:22,node-f,0,0.0,18.3,525,24564
2026-01-14 18:49:23,node-e,0,0.0,17.3,525,24564
2026-01-14 18:49:25,node-g,0,0.0,15.5,317,24564
2026-01-14 18:49:27,node-h,0,0.0,16.4,317,24564
2026-01-14 18:49:27,node-f,0,0.0,18.3,525,24564
2026-01-14 18:49:28,node-e,0,0.0,17.5,525,24564
2026-01-14 18:49:30,node-g,0,0.0,15.5,317,24564
2026-01-14 18:49:32,node-h,0,0.0,16.3,317,24564
2026-01-14 18:49:33,node-f,0,0.0,18.3,525,24564
2026-01-14 18:49:33,node-e,0,0.0,17.6,525,24564
2026-01-14 18:49:35,node-g,0,0.0,15.6,317,24564
2026-01-14 18:49:37,node-h,0,0.0,16.2,317,24564
2026-01-14 18:49:38,node-f,0,0.0,18.3,525,24564
2026-01-14 18:49:39,node-e,0,0.0,17.4,525,24564
2026-01-14 18:49:40,node-g,0,0.0,15.5,317,24564
2026-01-14 18:49:42,node-h,0,0.0,16.2,317,24564
2026-01-14 18:49:43,node-f,0,0.0,18.4,525,24564
2026-01-14 18:49:44,node-e,0,0.0,17.5,525,24564
2026-01-14 18:49:46,node-g,0,0.0,15.5,317,24564
2026-01-14 18:49:47,node-h,0,0.0,16.4,317,24564
2026-01-14 18:49:48,node-f,0,0.0,18.4,525,24564
2026-01-14 18:49:49,node-e,0,0.0,17.5,525,24564
2026-01-14 18:49:51,node-g,0,0.0,15.6,317,24564
2026-01-14 18:49:52,node-h,0,0.0,16.3,317,24564
2026-01-14 18:49:53,node-f,0,0.0,18.3,525,24564
2026-01-14 18:49:54,node-e,0,0.0,17.3,525,24564
2026-01-14 18:49:56,node-g,0,0.0,15.7,317,24564
2026-01-14 18:49:57,node-h,0,0.0,16.4,317,24564
2026-01-14 18:49:58,node-f,0,0.0,18.3,525,24564
2026-01-14 18:49:59,node-e,0,0.0,17.5,525,24564
2026-01-14 18:50:01,node-g,0,0.0,15.6,317,24564
2026-01-14 18:50:02,node-h,0,0.0,16.4,317,24564
2026-01-14 18:50:03,node-f,0,0.0,18.3,525,24564
2026-01-14 18:50:04,node-e,0,0.0,17.3,525,24564
2026-01-14 18:50:06,node-g,0,0.0,15.7,317,24564
2026-01-14 18:50:07,node-h,0,0.0,16.5,317,24564
2026-01-14 18:50:08,node-f,0,0.0,18.2,525,24564
2026-01-14 18:50:09,node-e,0,0.0,17.3,525,24564
2026-01-14 18:50:11,node-g,0,0.0,15.6,317,24564
2026-01-14 18:50:12,node-h,0,0.0,16.4,317,24564
2026-01-14 18:50:13,node-f,0,0.0,18.1,525,24564
2026-01-14 18:50:14,node-e,0,0.0,17.5,525,24564
2026-01-14 18:50:16,node-g,0,0.0,15.7,317,24564
2026-01-14 18:50:17,node-h,0,0.0,16.2,317,24564
2026-01-14 18:50:18,node-f,0,0.0,18.2,525,24564
2026-01-14 18:50:19,node-e,0,0.0,17.6,525,24564
2026-01-14 18:50:21,node-g,0,0.0,15.6,317,24564
2026-01-14 18:50:22,node-h,0,0.0,16.5,317,24564
2026-01-14 18:50:23,node-f,0,0.0,18.3,525,24564
2026-01-14 18:50:24,node-e,0,0.0,17.5,525,24564
2026-01-14 18:50:26,node-g,0,0.0,15.7,317,24564
2026-01-14 18:50:27,node-h,0,0.0,16.4,317,24564
2026-01-14 18:50:28,node-f,0,0.0,18.3,525,24564
2026-01-14 18:50:29,node-e,0,0.0,17.5,525,24564
2026-01-14 18:50:31,node-g,0,0.0,15.7,317,24564
2026-01-14 18:50:32,node-h,0,0.0,16.4,317,24564
2026-01-14 18:50:33,node-f,0,0.0,18.2,525,24564
2026-01-14 18:50:34,node-e,0,0.0,17.5,525,24564
2026-01-14 18:50:36,node-g,0,0.0,15.5,317,24564
2026-01-14 18:50:37,node-h,0,0.0,16.3,317,24564
2026-01-14 18:50:38,node-f,0,0.0,18.4,525,24564
2026-01-14 18:50:39,node-e,0,0.0,17.5,525,24564
2026-01-14 18:50:41,node-g,0,0.0,15.6,317,24564
2026-01-14 18:50:42,node-h,0,0.0,16.2,317,24564
2026-01-14 18:50:43,node-f,0,0.0,18.2,525,24564
2026-01-14 18:50:44,node-e,0,0.0,17.5,525,24564
2026-01-14 18:50:46,node-g,0,0.0,15.6,317,24564
2026-01-14 18:50:47,node-h,0,0.0,16.2,317,24564
2026-01-14 18:50:48,node-f,0,0.0,18.2,525,24564
2026-01-14 18:50:49,node-e,0,0.0,17.5,525,24564
2026-01-14 18:50:51,node-g,0,0.0,15.7,317,24564
2026-01-14 18:50:52,node-h,0,0.0,16.3,317,24564
2026-01-14 18:50:53,node-f,0,0.0,18.4,525,24564
2026-01-14 18:50:54,node-e,0,0.0,17.5,525,24564
2026-01-14 18:50:56,node-g,0,0.0,15.6,317,24564
2026-01-14 18:50:57,node-h,0,0.0,16.4,317,24564
2026-01-14 18:50:58,node-f,0,0.0,18.5,525,24564
2026-01-14 18:50:59,node-e,0,0.0,17.4,525,24564
2026-01-14 18:51:01,node-g,0,0.0,15.5,317,24564
2026-01-14 18:51:02,node-h,0,0.0,16.4,317,24564
2026-01-14 18:51:03,node-f,0,0.0,18.4,525,24564
2026-01-14 18:51:04,node-e,0,0.0,17.5,525,24564
2026-01-14 18:51:06,node-g,0,0.0,15.7,317,24564
2026-01-14 18:51:07,node-h,0,0.0,16.3,317,24564
2026-01-14 18:51:08,node-f,0,0.0,18.4,525,24564
2026-01-14 18:51:09,node-e,0,0.0,17.6,525,24564
2026-01-14 18:51:11,node-g,0,0.0,15.6,317,24564
2026-01-14 18:51:12,node-h,0,0.0,16.2,317,24564
2026-01-14 18:51:13,node-f,0,0.0,18.4,525,24564
2026-01-14 18:51:14,node-e,0,0.0,17.5,525,24564
2026-01-14 18:51:16,node-g,0,0.0,15.5,317,24564
2026-01-14 18:51:17,node-h,0,0.0,16.2,317,24564
2026-01-14 18:51:18,node-f,0,0.0,18.3,525,24564
2026-01-14 18:51:19,node-e,0,0.0,17.3,525,24564
2026-01-14 18:51:21,node-g,0,0.0,15.6,317,24564
2026-01-14 18:51:22,node-h,0,0.0,16.2,317,24564
2026-01-14 18:51:23,node-f,0,0.0,18.4,525,24564
2026-01-14 18:51:24,node-e,0,0.0,17.5,525,24564
2026-01-14 18:51:26,node-g,0,0.0,15.7,317,24564
2026-01-14 18:51:27,node-h,0,0.0,16.3,317,24564
2026-01-14 18:51:28,node-f,0,0.0,18.4,525,24564
2026-01-14 18:51:29,node-e,0,0.0,17.3,525,24564
2026-01-14 18:51:31,node-g,0,0.0,15.7,317,24564
2026-01-14 18:51:32,node-h,0,0.0,16.3,317,24564
2026-01-14 18:51:33,node-f,0,0.0,18.3,525,24564
2026-01-14 18:51:34,node-e,0,0.0,17.5,525,24564
2026-01-14 18:51:36,node-g,0,0.0,15.9,317,24564
2026-01-14 18:51:37,node-h,0,0.0,16.2,317,24564
2026-01-14 18:51:38,node-f,0,0.0,18.4,525,24564
2026-01-14 18:51:39,node-e,0,0.0,17.4,525,24564
2026-01-14 18:51:41,node-g,0,0.0,15.8,317,24564
2026-01-14 18:51:42,node-h,0,0.0,16.3,317,24564
2026-01-14 18:51:43,node-f,0,0.0,18.4,525,24564
2026-01-14 18:51:44,node-e,0,0.0,17.5,525,24564
2026-01-14 18:51:46,node-g,0,0.0,15.6,317,24564
2026-01-14 18:51:47,node-h,0,0.0,16.4,317,24564
2026-01-14 18:51:48,node-f,0,0.0,18.5,525,24564
2026-01-14 18:51:49,node-e,0,0.0,17.4,525,24564
2026-01-14 18:51:51,node-g,0,0.0,15.7,317,24564
2026-01-14 18:51:52,node-h,0,0.0,16.4,317,24564
2026-01-14 18:51:53,node-f,0,0.0,18.3,525,24564
2026-01-14 18:51:54,node-e,0,0.0,17.5,525,24564
2026-01-14 18:51:56,node-g,0,0.0,15.8,317,24564
2026-01-14 18:51:57,node-h,0,0.0,16.3,317,24564
2026-01-14 18:51:59,node-e,0,0.0,17.5,525,24564
2026-01-14 18:52:01,node-g,0,0.0,15.9,317,24564
2026-01-14 18:52:02,node-h,0,0.0,16.5,317,24564
2026-01-14 18:52:04,node-f,0,0.0,18.5,525,24564
2026-01-14 18:52:04,node-e,0,0.0,17.5,525,24564
2026-01-14 18:52:06,node-g,0,0.0,15.8,317,24564
2026-01-14 18:52:07,node-h,0,0.0,16.4,317,24564
2026-01-14 18:52:09,node-f,0,0.0,18.6,525,24564
2026-01-14 18:52:09,node-e,0,0.0,17.6,525,24564
2026-01-14 18:52:11,node-g,0,0.0,15.8,317,24564
2026-01-14 18:52:12,node-h,0,0.0,16.3,317,24564
2026-01-14 18:52:14,node-f,0,0.0,18.5,525,24564
2026-01-14 18:52:14,node-e,0,0.0,17.6,525,24564
2026-01-14 18:52:16,node-g,0,0.0,15.8,317,24564
2026-01-14 18:52:17,node-h,0,0.0,16.3,317,24564
2026-01-14 18:52:19,node-f,0,0.0,18.4,525,24564
2026-01-14 18:52:19,node-e,0,0.0,17.6,525,24564
2026-01-14 18:52:21,node-g,0,0.0,15.7,317,24564
2026-01-14 18:52:22,node-h,0,0.0,16.2,317,24564
2026-01-14 18:52:24,node-f,0,0.0,18.4,525,24564
2026-01-14 18:52:24,node-e,0,0.0,17.5,525,24564
2026-01-14 18:52:26,node-g,0,0.0,15.6,317,24564
2026-01-14 18:52:27,node-h,0,0.0,16.3,317,24564
2026-01-14 18:52:29,node-f,0,0.0,18.4,525,24564
2026-01-14 18:52:29,node-e,0,0.0,17.5,525,24564
2026-01-14 18:52:31,node-g,0,0.0,15.8,317,24564
2026-01-14 18:52:32,node-h,0,0.0,16.2,317,24564
2026-01-14 18:52:34,node-f,0,0.0,18.3,525,24564
2026-01-14 18:52:34,node-e,0,0.0,17.6,525,24564
2026-01-14 18:52:36,node-g,0,0.0,15.7,317,24564
2026-01-14 18:52:37,node-h,0,0.0,16.4,317,24564
2026-01-14 18:52:39,node-f,0,0.0,18.4,525,24564
2026-01-14 18:52:39,node-e,0,0.0,17.5,525,24564
2026-01-14 18:52:41,node-g,0,0.0,15.8,317,24564
2026-01-14 18:52:42,node-h,0,0.0,16.3,317,24564
2026-01-14 18:52:44,node-f,0,0.0,18.4,525,24564
2026-01-14 18:52:44,node-e,0,0.0,17.4,525,24564
2026-01-14 18:52:46,node-g,0,0.0,15.7,317,24564
2026-01-14 18:52:47,node-h,0,0.0,16.2,317,24564
2026-01-14 18:52:49,node-f,0,0.0,18.3,525,24564
2026-01-14 18:52:49,node-e,0,0.0,17.6,525,24564
2026-01-14 18:52:51,node-g,0,0.0,15.7,317,24564
2026-01-14 18:52:52,node-h,0,0.0,16.1,317,24564
2026-01-14 18:52:54,node-f,0,0.0,18.4,525,24564
2026-01-14 18:52:54,node-e,0,0.0,17.6,525,24564
2026-01-14 18:52:56,node-g,0,0.0,15.8,317,24564
2026-01-14 18:52:57,node-h,0,0.0,16.2,317,24564
2026-01-14 18:52:59,node-f,0,0.0,18.4,525,24564
2026-01-14 18:52:59,node-e,0,0.0,17.5,525,24564
2026-01-14 18:53:01,node-g,0,0.0,15.8,317,24564
2026-01-14 18:53:02,node-h,0,0.0,16.3,317,24564
2026-01-14 18:53:04,node-f,0,0.0,18.3,525,24564
2026-01-14 18:53:04,node-e,0,0.0,17.7,525,24564
2026-01-14 18:53:06,node-g,0,0.0,15.9,317,24564
2026-01-14 18:53:07,node-h,0,0.0,16.4,317,24564
2026-01-14 18:53:09,node-f,0,0.0,18.3,525,24564
2026-01-14 18:53:09,node-e,0,0.0,17.6,525,24564
2026-01-14 18:53:11,node-g,0,0.0,15.7,317,24564
2026-01-14 18:53:12,node-h,0,0.0,16.4,317,24564
2026-01-14 18:53:14,node-f,0,0.0,18.3,525,24564
2026-01-14 18:53:14,node-e,0,0.0,17.6,525,24564
2026-01-14 18:53:16,node-g,0,0.0,15.9,317,24564
2026-01-14 18:53:17,node-h,0,0.0,16.4,317,24564
2026-01-14 18:53:19,node-f,0,0.0,18.4,525,24564
2026-01-14 18:53:19,node-e,0,0.0,17.4,525,24564
2026-01-14 18:53:21,node-g,0,0.0,15.6,317,24564
2026-01-14 18:53:22,node-h,0,0.0,16.3,317,24564
2026-01-14 18:53:24,node-f,0,0.0,18.2,525,24564
2026-01-14 18:53:24,node-e,0,0.0,17.5,525,24564
2026-01-14 18:53:26,node-g,0,0.0,15.7,317,24564
2026-01-14 18:53:27,node-h,0,0.0,16.5,317,24564
2026-01-14 18:53:29,node-f,0,0.0,18.2,525,24564
2026-01-14 18:53:29,node-e,0,0.0,17.5,525,24564
2026-01-14 18:53:31,node-g,0,0.0,15.8,317,24564
2026-01-14 18:53:32,node-h,0,0.0,16.5,317,24564
2026-01-14 18:53:34,node-f,0,0.0,18.3,525,24564
2026-01-14 18:53:34,node-e,0,0.0,17.5,525,24564
2026-01-14 18:53:36,node-g,0,0.0,15.8,317,24564
2026-01-14 18:53:37,node-h,0,0.0,16.4,317,24564
2026-01-14 18:53:39,node-f,0,0.0,18.2,525,24564
2026-01-14 18:53:39,node-e,0,0.0,17.5,525,24564
2026-01-14 18:53:41,node-g,0,0.0,15.8,317,24564
2026-01-14 18:53:42,node-h,0,0.0,16.4,317,24564
2026-01-14 18:53:44,node-f,0,0.0,18.2,525,24564
2026-01-14 18:53:44,node-e,0,0.0,17.7,525,24564
2026-01-14 18:53:46,node-g,0,0.0,15.8,317,24564
2026-01-14 18:53:47,node-h,0,0.0,16.5,317,24564
2026-01-14 18:53:49,node-f,0,0.0,18.1,525,24564
2026-01-14 18:53:49,node-e,0,0.0,17.6,525,24564
2026-01-14 18:53:51,node-g,0,0.0,15.8,317,24564
2026-01-14 18:53:52,node-h,0,0.0,16.4,317,24564
2026-01-14 18:53:54,node-f,0,0.0,18.2,525,24564
2026-01-14 18:53:54,node-e,0,0.0,17.5,525,24564
2026-01-14 18:53:56,node-g,0,0.0,15.7,317,24564
2026-01-14 18:53:57,node-h,0,0.0,16.5,317,24564
2026-01-14 18:53:59,node-f,0,0.0,18.3,525,24564
2026-01-14 18:53:59,node-e,0,0.0,17.5,525,24564
2026-01-14 18:54:01,node-g,0,0.0,15.8,317,24564
2026-01-14 18:54:02,node-h,0,0.0,16.3,317,24564
2026-01-14 18:54:04,node-f,0,0.0,18.1,525,24564
2026-01-14 18:54:04,node-e,0,0.0,17.5,525,24564
2026-01-14 18:54:06,node-g,0,0.0,15.8,317,24564
2026-01-14 18:54:07,node-h,0,0.0,16.3,317,24564
2026-01-14 18:54:09,node-f,0,0.0,18.2,525,24564
2026-01-14 18:54:09,node-e,0,0.0,17.4,525,24564
2026-01-14 18:54:11,node-g,0,0.0,15.7,317,24564
2026-01-14 18:54:12,node-h,0,0.0,16.2,317,24564
2026-01-14 18:54:14,node-f,0,0.0,18.3,525,24564
2026-01-14 18:54:14,node-e,0,0.0,17.4,525,24564
2026-01-14 18:54:17,node-g,0,0.0,15.7,317,24564
2026-01-14 18:54:17,node-h,0,0.0,16.2,317,24564
2026-01-14 18:54:19,node-f,0,0.0,18.3,525,24564
2026-01-14 18:54:19,node-e,0,0.0,17.6,525,24564
2026-01-14 18:54:22,node-g,0,0.0,15.6,317,24564
2026-01-14 18:54:22,node-h,0,0.0,16.2,317,24564
2026-01-14 18:54:24,node-f,0,0.0,18.3,525,24564
2026-01-14 18:54:25,node-e,0,0.0,17.6,525,24564
2026-01-14 18:54:27,node-g,0,0.0,15.8,317,24564
2026-01-14 18:54:27,node-h,0,0.0,16.3,317,24564
2026-01-14 18:54:29,node-f,0,0.0,18.4,525,24564
2026-01-14 18:54:30,node-e,0,0.0,17.5,525,24564
2026-01-14 18:54:32,node-g,0,0.0,15.6,317,24564
2026-01-14 18:54:32,node-h,0,0.0,16.1,317,24564
2026-01-14 18:54:34,node-f,0,0.0,18.3,525,24564
2026-01-14 18:54:35,node-e,0,0.0,17.4,525,24564
2026-01-14 18:54:37,node-g,0,0.0,15.6,317,24564
2026-01-14 18:54:38,node-h,0,0.0,16.3,317,24564
2026-01-14 18:54:39,node-f,0,0.0,18.3,525,24564
2026-01-14 18:54:40,node-e,0,0.0,17.5,525,24564
2026-01-14 18:54:42,node-g,0,0.0,15.5,317,24564
2026-01-14 18:54:43,node-h,0,0.0,16.4,317,24564
2026-01-14 18:54:44,node-f,0,0.0,18.5,525,24564
2026-01-14 18:54:45,node-e,0,0.0,17.5,525,24564
2026-01-14 18:54:47,node-g,0,0.0,15.7,317,24564
2026-01-14 18:54:48,node-h,0,0.0,16.3,317,24564
2026-01-14 18:54:49,node-f,0,0.0,18.5,525,24564
2026-01-14 18:54:50,node-e,0,0.0,17.4,525,24564
2026-01-14 18:54:52,node-g,0,0.0,15.5,317,24564
2026-01-14 18:54:53,node-h,0,0.0,16.3,317,24564
2026-01-14 18:54:54,node-f,0,0.0,18.4,525,24564
2026-01-14 18:54:55,node-e,0,0.0,17.4,525,24564
2026-01-14 18:54:57,node-g,0,0.0,15.6,317,24564
2026-01-14 18:54:58,node-h,0,0.0,16.1,317,24564
2026-01-14 18:54:59,node-f,0,0.0,18.5,525,24564
2026-01-14 18:55:00,node-e,0,0.0,17.4,525,24564
2026-01-14 18:55:02,node-g,0,0.0,15.5,317,24564
2026-01-14 18:55:03,node-h,0,0.0,16.2,317,24564
2026-01-14 18:55:04,node-f,0,0.0,18.6,525,24564
2026-01-14 18:55:05,node-e,0,0.0,17.4,525,24564
2026-01-14 18:55:07,node-g,0,0.0,15.5,317,24564
2026-01-14 18:55:08,node-h,0,0.0,16.1,317,24564
2026-01-14 18:55:09,node-f,0,0.0,18.5,525,24564
2026-01-14 18:55:10,node-e,0,0.0,17.7,525,24564
2026-01-14 18:55:12,node-g,0,0.0,15.4,317,24564
2026-01-14 18:55:13,node-h,0,0.0,16.3,317,24564
2026-01-14 18:55:14,node-f,0,0.0,18.6,525,24564
2026-01-14 18:55:15,node-e,0,0.0,17.5,525,24564
2026-01-14 18:55:17,node-g,0,0.0,15.5,317,24564
2026-01-14 18:55:18,node-h,0,0.0,16.1,317,24564
2026-01-14 18:55:19,node-f,0,0.0,18.6,525,24564
2026-01-14 18:55:20,node-e,0,0.0,17.4,525,24564
2026-01-14 18:55:22,node-g,0,0.0,15.5,317,24564
2026-01-14 18:55:23,node-h,0,0.0,16.3,317,24564
2026-01-14 18:55:25,node-f,0,0.0,18.6,525,24564
2026-01-14 18:55:25,node-e,0,0.0,17.5,525,24564
2026-01-14 18:55:27,node-g,0,0.0,15.6,317,24564
2026-01-14 18:55:28,node-h,0,0.0,16.5,317,24564
2026-01-14 18:55:30,node-f,0,0.0,18.5,525,24564
2026-01-14 18:55:30,node-e,0,0.0,17.6,525,24564
2026-01-14 18:55:32,node-g,0,0.0,15.6,317,24564
2026-01-14 18:55:33,node-h,0,0.0,16.4,317,24564
2026-01-14 18:55:35,node-f,0,0.0,18.5,525,24564
2026-01-14 18:55:35,node-e,0,0.0,17.6,525,24564
2026-01-14 18:55:37,node-g,0,0.0,15.5,317,24564
2026-01-14 18:55:38,node-h,0,0.0,16.4,317,24564
2026-01-14 18:55:40,node-f,0,0.0,18.6,525,24564
2026-01-14 18:55:40,node-e,0,0.0,17.6,525,24564
2026-01-14 18:55:42,node-g,0,0.0,15.6,317,24564
2026-01-14 18:55:43,node-h,0,0.0,16.4,317,24564
2026-01-14 18:55:45,node-f,0,0.0,18.4,525,24564
2026-01-14 18:55:45,node-e,0,0.0,17.6,525,24564
2026-01-14 18:55:47,node-g,0,0.0,15.5,317,24564
2026-01-14 18:55:48,node-h,0,0.0,16.4,317,24564
2026-01-14 18:55:50,node-f,0,0.0,18.5,525,24564
2026-01-14 18:55:50,node-e,0,0.0,17.5,525,24564
2026-01-14 18:55:52,node-g,0,0.0,15.4,317,24564
2026-01-14 18:55:53,node-h,0,0.0,16.2,317,24564
2026-01-14 18:55:55,node-f,0,0.0,18.5,525,24564
2026-01-14 18:55:55,node-e,0,0.0,17.5,525,24564
2026-01-14 18:55:57,node-g,0,0.0,15.5,317,24564
2026-01-14 18:55:58,node-h,0,0.0,16.3,317,24564
2026-01-14 18:56:00,node-f,0,0.0,18.4,525,24564
2026-01-14 18:56:00,node-e,0,0.0,17.8,525,24564
2026-01-14 18:56:02,node-g,0,0.0,15.6,317,24564
2026-01-14 18:56:03,node-h,0,0.0,16.2,317,24564
2026-01-14 18:56:05,node-f,0,0.0,18.3,525,24564
2026-01-14 18:56:05,node-e,0,0.0,17.7,525,24564
2026-01-14 18:56:07,node-g,0,0.0,15.6,317,24564
2026-01-14 18:56:08,node-h,0,0.0,16.3,317,24564
2026-01-14 18:56:10,node-f,0,0.0,18.4,525,24564
2026-01-14 18:56:10,node-e,0,0.0,17.6,525,24564
2026-01-14 18:56:12,node-g,0,0.0,15.7,317,24564
2026-01-14 18:56:13,node-h,0,0.0,16.2,317,24564
2026-01-14 18:56:15,node-f,0,0.0,18.4,525,24564
2026-01-14 18:56:15,node-e,0,0.0,17.6,525,24564
2026-01-14 18:56:17,node-g,0,0.0,15.7,317,24564
2026-01-14 18:56:18,node-h,0,0.0,16.2,317,24564
2026-01-14 18:56:20,node-f,0,0.0,18.4,525,24564
2026-01-14 18:56:20,node-e,0,0.0,17.6,525,24564
2026-01-14 18:56:22,node-g,0,0.0,15.7,317,24564
2026-01-14 18:56:23,node-h,0,0.0,16.4,317,24564
2026-01-14 18:56:25,node-f,0,0.0,18.3,525,24564
2026-01-14 18:56:25,node-e,0,0.0,17.5,525,24564
2026-01-14 18:56:27,node-g,0,0.0,15.7,317,24564
2026-01-14 18:56:28,node-h,0,0.0,16.4,317,24564
2026-01-14 18:56:30,node-f,0,0.0,18.5,525,24564
2026-01-14 18:56:30,node-e,0,0.0,17.4,525,24564
2026-01-14 18:56:32,node-g,0,0.0,15.6,317,24564
2026-01-14 18:56:33,node-h,0,0.0,16.3,317,24564
2026-01-14 18:56:35,node-f,0,0.0,18.4,525,24564
2026-01-14 18:56:35,node-e,0,0.0,17.5,525,24564
2026-01-14 18:56:37,node-g,0,0.0,15.7,317,24564
2026-01-14 18:56:38,node-h,0,0.0,16.4,317,24564
2026-01-14 18:56:40,node-f,0,0.0,18.4,525,24564
2026-01-14 18:56:40,node-e,0,0.0,17.6,525,24564
2026-01-14 18:56:42,node-g,0,0.0,15.7,317,24564
2026-01-14 18:56:43,node-h,0,0.0,16.3,317,24564
2026-01-14 18:56:45,node-f,0,0.0,18.5,525,24564
2026-01-14 18:56:45,node-e,0,0.0,17.4,525,24564
2026-01-14 18:56:47,node-g,0,0.0,15.7,317,24564
2026-01-14 18:56:48,node-h,0,0.0,16.3,317,24564
2026-01-14 18:56:50,node-f,0,0.0,18.4,525,24564
2026-01-14 18:56:50,node-e,0,0.0,17.4,525,24564
2026-01-14 18:56:52,node-g,0,0.0,15.6,317,24564
2026-01-14 18:56:53,node-h,0,0.0,16.2,317,24564
2026-01-14 18:56:55,node-f,0,0.0,18.2,525,24564
2026-01-14 18:56:55,node-e,0,0.0,17.4,525,24564
2026-01-14 18:56:57,node-g,0,0.0,15.4,317,24564
2026-01-14 18:56:58,node-h,0,0.0,16.3,317,24564
2026-01-14 18:57:00,node-f,0,0.0,18.3,525,24564
2026-01-14 18:57:00,node-e,0,0.0,17.4,525,24564
2026-01-14 18:57:02,node-g,0,0.0,15.5,317,24564
2026-01-14 18:57:03,node-h,0,0.0,16.3,317,24564
2026-01-14 18:57:05,node-f,0,0.0,18.4,525,24564
2026-01-14 18:57:05,node-e,0,0.0,17.4,525,24564
2026-01-14 18:57:07,node-g,0,0.0,15.6,317,24564
2026-01-14 18:57:08,node-h,0,0.0,16.4,317,24564
2026-01-14 18:57:10,node-f,0,0.0,18.3,525,24564
2026-01-14 18:57:10,node-e,0,0.0,17.5,525,24564
2026-01-14 18:57:12,node-g,0,0.0,15.7,317,24564
2026-01-14 18:57:13,node-h,0,0.0,16.4,317,24564
2026-01-14 18:57:15,node-f,0,0.0,18.5,525,24564
2026-01-14 18:57:15,node-e,0,0.0,17.5,525,24564
2026-01-14 18:57:17,node-g,0,0.0,15.5,317,24564
2026-01-14 18:57:18,node-h,0,0.0,16.4,317,24564
2026-01-14 18:57:20,node-f,0,0.0,18.5,525,24564
2026-01-14 18:57:20,node-e,0,0.0,17.4,525,24564
2026-01-14 18:57:22,node-g,0,0.0,15.6,317,24564
2026-01-14 18:57:23,node-h,0,0.0,16.4,317,24564
2026-01-14 18:57:25,node-f,0,0.0,18.4,525,24564
2026-01-14 18:57:25,node-e,0,0.0,17.4,525,24564
2026-01-14 18:57:27,node-g,0,0.0,15.7,317,24564
2026-01-14 18:57:28,node-h,0,0.0,16.5,317,24564
2026-01-14 18:57:30,node-f,0,0.0,18.4,525,24564
2026-01-14 18:57:30,node-e,0,0.0,17.3,525,24564
2026-01-14 18:57:32,node-g,0,0.0,15.6,317,24564
2026-01-14 18:57:33,node-h,0,0.0,16.5,317,24564
2026-01-14 18:57:35,node-e,0,0.0,17.4,525,24564
2026-01-14 18:57:37,node-g,0,0.0,15.6,317,24564
2026-01-14 18:57:38,node-h,0,0.0,16.7,317,24564
2026-01-14 18:57:40,node-e,0,0.0,17.5,525,24564
2026-01-14 18:57:41,node-f,0,0.0,18.6,525,24564
2026-01-14 18:57:42,node-g,0,0.0,15.6,317,24564
2026-01-14 18:57:43,node-h,0,0.0,16.4,317,24564
2026-01-14 18:57:45,node-e,0,0.0,17.6,525,24564
2026-01-14 18:57:46,node-f,0,0.0,18.6,525,24564
2026-01-14 18:57:47,node-g,0,0.0,15.5,317,24564
2026-01-14 18:57:48,node-h,0,0.0,16.5,317,24564
2026-01-14 18:57:50,node-e,0,0.0,17.5,525,24564
2026-01-14 18:57:51,node-f,0,0.0,18.4,525,24564
2026-01-14 18:57:52,node-g,0,0.0,15.5,317,24564
2026-01-14 18:57:53,node-h,0,0.0,16.3,317,24564
2026-01-14 18:57:55,node-e,0,0.0,17.5,525,24564
2026-01-14 18:57:56,node-f,0,0.0,18.5,525,24564
2026-01-14 18:57:57,node-g,0,0.0,15.5,317,24564
2026-01-14 18:57:58,node-h,0,0.0,16.6,317,24564
2026-01-14 18:58:00,node-e,0,0.0,17.5,525,24564
2026-01-14 18:58:01,node-f,0,0.0,18.6,525,24564
2026-01-14 18:58:02,node-g,0,0.0,15.6,317,24564
2026-01-14 18:58:03,node-h,0,0.0,16.4,317,24564
2026-01-14 18:58:05,node-e,0,0.0,17.4,525,24564
2026-01-14 18:58:06,node-f,0,0.0,18.5,525,24564
2026-01-14 18:58:07,node-g,0,0.0,15.6,317,24564
2026-01-14 18:58:08,node-h,0,0.0,16.4,317,24564
2026-01-14 18:58:10,node-e,0,0.0,17.2,525,24564
2026-01-14 18:58:11,node-f,0,0.0,18.5,525,24564
2026-01-14 18:58:12,node-g,0,0.0,15.6,317,24564
2026-01-14 18:58:13,node-h,0,0.0,16.3,317,24564
2026-01-14 18:58:15,node-e,0,0.0,17.5,525,24564
2026-01-14 18:58:16,node-f,0,0.0,18.5,525,24564
2026-01-14 18:58:17,node-g,0,0.0,15.7,317,24564
2026-01-14 18:58:18,node-h,0,0.0,16.2,317,24564
2026-01-14 18:58:20,node-e,0,0.0,17.5,525,24564
2026-01-14 18:58:21,node-f,0,0.0,18.5,525,24564
2026-01-14 18:58:22,node-g,0,0.0,15.7,317,24564
2026-01-14 18:58:23,node-h,0,0.0,16.5,317,24564
2026-01-14 18:58:25,node-e,0,0.0,17.2,525,24564
2026-01-14 18:58:26,node-f,0,0.0,18.4,525,24564
2026-01-14 18:58:27,node-g,0,0.0,15.5,317,24564
2026-01-14 18:58:28,node-h,0,0.0,16.3,317,24564
2026-01-14 18:58:30,node-e,0,0.0,17.4,525,24564
2026-01-14 18:58:31,node-f,0,0.0,18.4,525,24564
2026-01-14 18:58:32,node-g,0,0.0,15.5,317,24564
2026-01-14 18:58:33,node-h,0,0.0,16.3,317,24564
2026-01-14 18:58:35,node-e,0,0.0,17.5,525,24564
2026-01-14 18:58:36,node-f,0,0.0,18.4,525,24564
2026-01-14 18:58:37,node-g,0,0.0,15.5,317,24564
2026-01-14 18:58:38,node-h,0,0.0,16.4,317,24564
2026-01-14 18:58:40,node-e,0,0.0,17.6,525,24564
2026-01-14 18:58:41,node-f,0,0.0,18.4,525,24564
2026-01-14 18:58:42,node-g,0,0.0,15.7,317,24564
2026-01-14 18:58:43,node-h,0,0.0,16.4,317,24564
2026-01-14 18:58:45,node-e,0,0.0,17.4,525,24564
2026-01-14 18:58:46,node-f,0,0.0,18.5,525,24564
2026-01-14 18:58:47,node-g,0,0.0,15.7,317,24564
2026-01-14 18:58:48,node-h,0,0.0,16.3,317,24564
2026-01-14 18:58:50,node-e,0,0.0,17.4,525,24564
2026-01-14 18:58:51,node-f,0,0.0,18.5,525,24564
2026-01-14 18:58:52,node-g,0,0.0,15.6,317,24564
2026-01-14 18:58:53,node-h,0,0.0,16.4,317,24564
2026-01-14 18:58:55,node-e,0,0.0,17.4,525,24564
2026-01-14 18:58:56,node-f,0,0.0,18.3,525,24564
2026-01-14 18:58:57,node-g,0,0.0,15.7,317,24564
2026-01-14 18:58:58,node-h,0,0.0,16.5,317,24564
2026-01-14 18:59:00,node-e,0,0.0,17.5,525,24564
2026-01-14 18:59:01,node-f,0,0.0,18.4,525,24564
2026-01-14 18:59:02,node-g,0,0.0,15.6,317,24564
2026-01-14 18:59:03,node-h,0,0.0,16.5,317,24564
2026-01-14 18:59:05,node-e,0,0.0,17.4,525,24564
2026-01-14 18:59:06,node-f,0,0.0,18.5,525,24564
2026-01-14 18:59:07,node-g,0,0.0,15.6,317,24564
2026-01-14 18:59:08,node-h,0,0.0,16.5,317,24564
2026-01-14 18:59:10,node-e,0,0.0,17.5,525,24564
2026-01-14 18:59:11,node-f,0,0.0,18.5,525,24564
2026-01-14 18:59:12,node-g,0,0.0,15.4,317,24564
2026-01-14 18:59:13,node-h,0,0.0,16.4,317,24564
2026-01-14 18:59:15,node-e,0,0.0,17.4,525,24564
2026-01-14 18:59:16,node-f,0,0.0,18.5,525,24564
2026-01-14 18:59:17,node-g,0,0.0,15.6,317,24564
2026-01-14 18:59:18,node-h,0,0.0,16.5,317,24564
2026-01-14 18:59:20,node-e,0,0.0,17.4,525,24564
2026-01-14 18:59:21,node-f,0,0.0,18.4,525,24564
2026-01-14 18:59:22,node-g,0,0.0,15.5,317,24564
2026-01-14 18:59:23,node-h,0,0.0,16.3,317,24564
2026-01-14 18:59:25,node-e,0,0.0,17.4,525,24564
2026-01-14 18:59:26,node-f,0,0.0,18.4,525,24564
2026-01-14 18:59:27,node-g,0,0.0,15.4,317,24564
2026-01-14 18:59:28,node-h,0,0.0,16.4,317,24564
2026-01-14 18:59:30,node-e,0,0.0,17.4,525,24564
2026-01-14 18:59:31,node-f,0,0.0,18.5,525,24564
2026-01-14 18:59:32,node-g,0,0.0,15.7,317,24564
2026-01-14 18:59:33,node-h,0,0.0,16.4,317,24564
2026-01-14 18:59:35,node-e,0,0.0,17.5,525,24564
2026-01-14 18:59:36,node-f,0,0.0,18.4,525,24564
2026-01-14 18:59:37,node-g,0,0.0,15.5,317,24564
2026-01-14 18:59:38,node-h,0,0.0,16.5,317,24564
2026-01-14 18:59:40,node-e,0,0.0,17.4,525,24564
2026-01-14 18:59:41,node-f,0,0.0,18.4,525,24564
2026-01-14 18:59:42,node-g,0,0.0,15.5,317,24564
2026-01-14 18:59:43,node-h,0,0.0,16.2,317,24564
2026-01-14 18:59:45,node-e,0,0.0,17.5,525,24564
2026-01-14 18:59:46,node-f,0,0.0,18.4,525,24564
2026-01-14 18:59:47,node-g,0,0.0,15.5,317,24564
2026-01-14 18:59:48,node-h,0,0.0,16.3,317,24564
2026-01-14 18:59:50,node-e,0,0.0,17.6,525,24564
2026-01-14 18:59:51,node-f,0,0.0,18.5,525,24564
2026-01-14 18:59:52,node-g,0,0.0,15.6,317,24564
2026-01-14 18:59:53,node-h,0,0.0,16.5,317,24564
2026-01-14 18:59:55,node-e,0,0.0,17.6,525,24564
2026-01-14 18:59:56,node-f,0,0.0,18.4,525,24564
2026-01-14 18:59:57,node-g,0,0.0,15.5,317,24564
2026-01-14 18:59:58,node-h,0,0.0,16.3,317,24564
2026-01-14 19:00:00,node-e,0,0.0,17.5,525,24564
2026-01-14 19:00:01,node-f,0,0.0,18.4,525,24564
2026-01-14 19:00:03,node-g,0,0.0,15.6,317,24564
2026-01-14 19:00:03,node-h,0,0.0,16.3,317,24564
2026-01-14 19:00:05,node-e,0,0.0,17.6,525,24564
2026-01-14 19:00:06,node-f,0,0.0,18.4,525,24564
2026-01-14 19:00:08,node-g,0,0.0,15.7,317,24564
2026-01-14 19:00:08,node-h,0,0.0,16.4,317,24564
2026-01-14 19:00:10,node-e,0,0.0,17.4,525,24564
2026-01-14 19:00:11,node-f,0,0.0,18.5,525,24564
2026-01-14 19:00:13,node-g,0,0.0,15.7,317,24564
2026-01-14 19:00:13,node-h,0,0.0,16.3,317,24564
2026-01-14 19:00:16,node-e,0,0.0,17.5,525,24564
2026-01-14 19:00:16,node-f,0,0.0,18.4,525,24564
2026-01-14 19:00:18,node-g,0,0.0,15.7,317,24564
2026-01-14 19:00:18,node-h,0,0.0,16.3,317,24564
2026-01-14 19:00:21,node-e,0,0.0,17.7,525,24564
2026-01-14 19:00:21,node-f,0,0.0,18.4,525,24564
2026-01-14 19:00:23,node-g,0,0.0,15.9,317,24564
2026-01-14 19:00:23,node-h,0,0.0,16.4,317,24564
2026-01-14 19:00:26,node-e,0,0.0,17.5,525,24564
2026-01-14 19:00:26,node-f,0,0.0,18.4,525,24564
2026-01-14 19:00:28,node-g,0,0.0,15.8,317,24564
2026-01-14 19:00:28,node-h,0,0.0,16.4,317,24564
2026-01-14 19:00:31,node-e,0,0.0,17.4,525,24564
2026-01-14 19:00:31,node-f,0,0.0,18.4,525,24564
2026-01-14 19:00:33,node-g,0,0.0,15.7,317,24564
2026-01-14 19:00:33,node-h,0,0.0,16.5,317,24564
2026-01-14 19:00:36,node-e,0,0.0,17.4,525,24564
2026-01-14 19:00:36,node-f,0,0.0,18.4,525,24564
2026-01-14 19:00:38,node-g,0,0.0,15.7,317,24564
2026-01-14 19:00:39,node-h,0,0.0,16.6,317,24564
2026-01-14 19:00:41,node-e,0,0.0,17.4,525,24564
2026-01-14 19:00:41,node-f,0,0.0,18.3,525,24564
2026-01-14 19:00:43,node-g,0,0.0,15.6,317,24564
2026-01-14 19:00:44,node-h,0,0.0,16.8,317,24564
2026-01-14 19:00:46,node-e,0,0.0,17.4,525,24564
2026-01-14 19:00:46,node-f,0,0.0,18.2,525,24564
2026-01-14 19:00:48,node-g,0,0.0,15.7,317,24564
2026-01-14 19:00:49,node-h,0,0.0,16.4,317,24564
2026-01-14 19:00:51,node-e,0,0.0,17.5,525,24564
2026-01-14 19:00:51,node-f,0,0.0,18.2,525,24564
2026-01-14 19:00:53,node-g,0,0.0,15.8,317,24564
2026-01-14 19:00:54,node-h,0,0.0,16.4,317,24564
2026-01-14 19:00:56,node-e,0,0.0,17.6,525,24564
2026-01-14 19:00:56,node-f,0,0.0,18.4,525,24564
2026-01-14 19:00:58,node-g,0,0.0,15.8,317,24564
2026-01-14 19:00:59,node-h,0,0.0,16.6,317,24564
2026-01-14 19:01:01,node-e,0,0.0,17.7,525,24564
2026-01-14 19:01:01,node-f,0,0.0,18.4,525,24564
2026-01-14 19:01:03,node-g,0,0.0,15.8,317,24564
2026-01-14 19:01:04,node-h,0,0.0,16.5,317,24564
2026-01-14 19:01:06,node-e,0,0.0,17.4,525,24564
2026-01-14 19:01:06,node-f,0,0.0,18.4,525,24564
2026-01-14 19:01:08,node-g,0,0.0,15.7,317,24564
2026-01-14 19:01:09,node-h,0,0.0,16.4,317,24564
2026-01-14 19:01:11,node-e,0,0.0,17.6,525,24564
2026-01-14 19:01:11,node-f,0,0.0,18.4,525,24564
2026-01-14 19:01:13,node-g,0,0.0,15.8,317,24564
2026-01-14 19:01:14,node-h,0,0.0,16.5,317,24564
2026-01-14 19:01:16,node-e,0,0.0,17.6,525,24564
2026-01-14 19:01:16,node-f,0,0.0,18.4,525,24564
2026-01-14 19:01:18,node-g,0,0.0,15.8,317,24564
2026-01-14 19:01:19,node-h,0,0.0,16.4,317,24564
2026-01-14 19:01:21,node-e,0,0.0,17.5,525,24564
2026-01-14 19:01:22,node-f,0,0.0,18.4,525,24564
2026-01-14 19:01:23,node-g,0,0.0,15.7,317,24564
2026-01-14 19:01:24,node-h,0,0.0,16.4,317,24564
2026-01-14 19:01:26,node-e,0,0.0,17.3,525,24564
2026-01-14 19:01:27,node-f,0,0.0,18.3,525,24564
2026-01-14 19:01:28,node-g,0,0.0,15.5,317,24564
2026-01-14 19:01:29,node-h,0,0.0,16.3,317,24564
2026-01-14 19:01:31,node-e,0,0.0,17.5,525,24564
2026-01-14 19:01:32,node-f,0,0.0,18.5,525,24564
2026-01-14 19:01:33,node-g,0,0.0,15.6,317,24564
2026-01-14 19:01:34,node-h,0,0.0,16.6,317,24564
2026-01-14 19:01:36,node-e,0,0.0,17.3,525,24564
2026-01-14 19:01:37,node-f,0,0.0,18.3,525,24564
2026-01-14 19:01:38,node-g,0,0.0,15.7,317,24564
2026-01-14 19:01:39,node-h,0,0.0,16.4,317,24564
2026-01-14 19:01:41,node-e,0,0.0,17.3,525,24564
2026-01-14 19:01:42,node-f,0,0.0,18.4,525,24564
2026-01-14 19:01:43,node-g,0,0.0,15.7,317,24564
2026-01-14 19:01:44,node-h,0,0.0,16.4,317,24564
2026-01-14 19:01:46,node-e,0,0.0,17.5,525,24564
2026-01-14 19:01:47,node-f,0,0.0,18.4,525,24564
2026-01-14 19:01:48,node-g,0,0.0,15.7,317,24564
2026-01-14 19:01:49,node-h,0,0.0,16.5,317,24564
2026-01-14 19:01:51,node-e,0,0.0,17.3,525,24564
2026-01-14 19:01:52,node-f,0,0.0,18.3,525,24564
2026-01-14 19:01:53,node-g,0,0.0,15.6,317,24564
2026-01-14 19:01:54,node-h,0,0.0,16.5,317,24564
2026-01-14 19:01:56,node-e,0,0.0,17.4,525,24564
2026-01-14 19:01:57,node-f,0,0.0,18.4,525,24564
2026-01-14 19:01:58,node-g,0,0.0,15.6,317,24564
2026-01-14 19:01:59,node-h,0,0.0,16.3,317,24564
2026-01-14 19:02:01,node-e,0,0.0,17.4,525,24564
2026-01-14 19:02:02,node-f,0,0.0,18.5,525,24564
2026-01-14 19:02:03,node-g,0,0.0,15.7,317,24564
2026-01-14 19:02:04,node-h,0,0.0,16.3,317,24564
2026-01-14 19:02:06,node-e,0,0.0,17.5,525,24564
2026-01-14 19:02:07,node-f,0,0.0,18.5,525,24564
2026-01-14 19:02:08,node-g,0,0.0,15.7,317,24564
2026-01-14 19:02:09,node-h,0,0.0,16.4,317,24564
2026-01-14 19:02:11,node-e,0,0.0,17.4,525,24564
2026-01-14 19:02:12,node-f,0,0.0,18.5,525,24564
2026-01-14 19:02:13,node-g,0,0.0,15.8,317,24564
2026-01-14 19:02:14,node-h,0,0.0,16.5,317,24564
2026-01-14 19:02:16,node-e,0,0.0,17.5,525,24564
2026-01-14 19:02:17,node-f,0,0.0,18.6,525,24564
2026-01-14 19:02:18,node-g,0,0.0,15.7,317,24564
2026-01-14 19:02:19,node-h,0,0.0,16.6,317,24564
2026-01-14 19:02:21,node-e,0,0.0,17.4,525,24564
2026-01-14 19:02:22,node-f,0,0.0,18.7,525,24564
2026-01-14 19:02:23,node-g,0,0.0,15.6,317,24564
2026-01-14 19:02:24,node-h,0,0.0,16.5,317,24564
2026-01-14 19:02:26,node-e,0,0.0,17.4,525,24564
2026-01-14 19:02:27,node-f,0,0.0,18.6,525,24564
2026-01-14 19:02:28,node-g,0,0.0,15.7,317,24564
2026-01-14 19:02:29,node-h,0,0.0,16.4,317,24564
2026-01-14 19:02:31,node-e,0,0.0,17.4,525,24564
2026-01-14 19:02:32,node-f,0,0.0,18.5,525,24564
2026-01-14 19:02:33,node-g,0,0.0,15.6,317,24564
2026-01-14 19:02:34,node-h,0,0.0,16.5,317,24564
2026-01-14 19:02:36,node-e,0,0.0,17.4,525,24564
2026-01-14 19:02:37,node-f,0,0.0,18.5,525,24564
2026-01-14 19:02:38,node-g,0,0.0,15.7,317,24564
2026-01-14 19:02:39,node-h,0,0.0,16.5,317,24564
2026-01-14 19:02:41,node-e,0,0.0,17.3,525,24564
2026-01-14 19:02:42,node-f,0,0.0,18.3,525,24564
2026-01-14 19:02:43,node-g,0,0.0,15.6,317,24564
2026-01-14 19:02:44,node-h,0,0.0,16.5,317,24564
2026-01-14 19:02:46,node-e,0,0.0,17.3,525,24564
2026-01-14 19:02:47,node-f,0,0.0,18.4,525,24564
2026-01-14 19:02:48,node-g,0,0.0,15.7,317,24564
2026-01-14 19:02:49,node-h,0,0.0,16.6,317,24564
2026-01-14 19:02:51,node-e,0,0.0,17.5,525,24564
2026-01-14 19:02:52,node-f,0,0.0,18.3,525,24564
2026-01-14 19:02:53,node-g,0,0.0,15.6,317,24564
2026-01-14 19:02:54,node-h,0,0.0,16.6,317,24564
2026-01-14 19:02:56,node-e,0,0.0,17.4,525,24564
2026-01-14 19:02:57,node-f,0,0.0,18.5,525,24564
2026-01-14 19:02:58,node-g,0,0.0,15.5,317,24564
2026-01-14 19:02:59,node-h,0,0.0,16.5,317,24564
2026-01-14 19:03:01,node-e,0,0.0,17.4,525,24564
2026-01-14 19:03:02,node-f,0,0.0,18.4,525,24564
2026-01-14 19:03:03,node-g,0,0.0,15.7,317,24564
2026-01-14 19:03:04,node-h,0,0.0,16.4,317,24564
2026-01-14 19:03:06,node-e,0,0.0,17.5,525,24564
2026-01-14 19:03:07,node-f,0,0.0,18.5,525,24564
2026-01-14 19:03:08,node-g,0,0.0,15.8,317,24564
2026-01-14 19:03:09,node-h,0,0.0,16.6,317,24564
2026-01-14 19:03:11,node-e,0,0.0,17.3,525,24564
2026-01-14 19:03:12,node-f,0,0.0,18.6,525,24564
2026-01-14 19:03:13,node-g,0,0.0,15.7,317,24564
2026-01-14 19:03:14,node-h,0,0.0,16.7,317,24564
2026-01-14 19:03:16,node-e,0,0.0,17.3,525,24564
2026-01-14 19:03:17,node-f,0,0.0,18.4,525,24564
2026-01-14 19:03:18,node-g,0,0.0,15.5,317,24564
2026-01-14 19:03:19,node-h,0,0.0,16.4,317,24564
2026-01-14 19:03:21,node-e,0,0.0,17.2,525,24564
2026-01-14 19:03:22,node-f,0,0.0,18.4,525,24564
2026-01-14 19:03:23,node-g,0,0.0,15.7,317,24564
2026-01-14 19:03:24,node-h,0,0.0,16.4,317,24564
2026-01-14 19:03:26,node-e,0,0.0,17.4,525,24564
2026-01-14 19:03:27,node-f,0,0.0,18.4,525,24564
2026-01-14 19:03:28,node-g,0,0.0,15.8,317,24564
2026-01-14 19:03:29,node-h,0,0.0,16.7,317,24564
2026-01-14 19:03:31,node-e,0,0.0,17.5,525,24564
2026-01-14 19:03:32,node-f,0,0.0,18.4,525,24564
2026-01-14 19:03:33,node-g,0,0.0,15.6,317,24564
2026-01-14 19:03:34,node-h,0,0.0,16.5,317,24564
2026-01-14 19:03:36,node-e,0,0.0,17.4,525,24564
2026-01-14 19:03:37,node-f,0,0.0,18.6,525,24564
2026-01-14 19:03:38,node-g,0,0.0,15.6,317,24564
2026-01-14 19:03:39,node-h,0,0.0,16.4,317,24564
2026-01-14 19:03:41,node-e,0,0.0,17.3,525,24564
2026-01-14 19:03:42,node-f,0,0.0,18.5,525,24564
2026-01-14 19:03:43,node-g,0,0.0,15.6,317,24564
2026-01-14 19:03:44,node-h,0,0.0,16.6,317,24564
2026-01-14 19:03:46,node-e,0,0.0,17.3,525,24564
2026-01-14 19:03:47,node-f,0,0.0,18.5,525,24564
2026-01-14 19:03:48,node-g,0,0.0,15.7,317,24564
2026-01-14 19:03:51,node-e,0,0.0,17.5,525,24564
2026-01-14 19:03:52,node-f,0,0.0,18.5,525,24564
2026-01-14 19:03:53,node-g,0,0.0,15.7,317,24564
2026-01-14 19:03:55,node-h,0,0.0,16.6,317,24564
2026-01-14 19:03:56,node-e,0,0.0,17.3,525,24564
2026-01-14 19:03:57,node-f,0,0.0,18.5,525,24564
2026-01-14 19:03:58,node-g,0,0.0,15.7,317,24564
2026-01-14 19:04:00,node-h,0,0.0,16.8,317,24564
2026-01-14 19:04:01,node-e,0,0.0,17.3,525,24564
2026-01-14 19:04:02,node-f,0,0.0,18.5,525,24564
2026-01-14 19:04:03,node-g,0,0.0,15.8,317,24564
2026-01-14 19:04:05,node-h,0,0.0,16.7,317,24564
2026-01-14 19:04:06,node-e,0,0.0,17.4,525,24564
2026-01-14 19:04:07,node-f,0,0.0,18.6,525,24564
2026-01-14 19:04:08,node-g,0,0.0,15.7,317,24564
2026-01-14 19:04:10,node-h,0,0.0,16.7,317,24564
2026-01-14 19:04:11,node-e,0,0.0,17.4,525,24564
2026-01-14 19:04:12,node-f,0,0.0,18.5,525,24564
2026-01-14 19:04:13,node-g,0,0.0,15.6,317,24564
2026-01-14 19:04:15,node-h,0,0.0,16.8,317,24564
2026-01-14 19:04:16,node-e,0,0.0,17.4,525,24564
2026-01-14 19:04:17,node-f,0,0.0,18.4,525,24564
2026-01-14 19:04:18,node-g,0,0.0,15.6,317,24564
2026-01-14 19:04:20,node-h,0,0.0,16.8,317,24564
2026-01-14 19:04:21,node-e,0,0.0,17.4,525,24564
2026-01-14 19:04:22,node-f,0,0.0,18.4,525,24564
2026-01-14 19:04:23,node-g,0,0.0,15.8,317,24564
2026-01-14 19:04:25,node-h,0,0.0,16.8,317,24564
2026-01-14 19:04:26,node-e,0,0.0,17.5,525,24564
2026-01-14 19:04:27,node-f,0,0.0,18.5,525,24564
2026-01-14 19:04:28,node-g,0,0.0,15.7,317,24564
2026-01-14 19:04:30,node-h,0,0.0,16.6,317,24564
2026-01-14 19:04:31,node-e,0,0.0,17.4,525,24564
2026-01-14 19:04:32,node-f,0,0.0,18.5,525,24564
2026-01-14 19:04:33,node-g,0,0.0,15.8,317,24564
2026-01-14 19:04:35,node-h,0,0.0,16.5,317,24564
2026-01-14 19:04:36,node-e,0,0.0,17.3,525,24564
2026-01-14 19:04:37,node-f,0,0.0,18.4,525,24564
2026-01-14 19:04:38,node-g,0,0.0,15.8,317,24564
2026-01-14 19:04:40,node-h,0,0.0,16.4,317,24564
2026-01-14 19:04:41,node-e,0,0.0,17.5,525,24564
2026-01-14 19:04:42,node-f,0,0.0,18.5,525,24564
2026-01-14 19:04:43,node-g,0,0.0,15.7,317,24564
2026-01-14 19:04:45,node-h,0,0.0,16.5,317,24564
2026-01-14 19:04:46,node-e,0,0.0,17.5,525,24564
2026-01-14 19:04:47,node-f,0,0.0,18.5,525,24564
2026-01-14 19:04:48,node-g,0,0.0,15.7,317,24564
2026-01-14 19:04:50,node-h,0,0.0,16.5,317,24564
2026-01-14 19:04:51,node-e,0,0.0,17.5,525,24564
2026-01-14 19:04:52,node-f,0,0.0,18.5,525,24564
2026-01-14 19:04:53,node-g,0,0.0,15.6,317,24564
2026-01-14 19:04:55,node-h,0,0.0,16.5,317,24564
2026-01-14 19:04:56,node-e,0,0.0,17.6,525,24564
2026-01-14 19:04:57,node-f,0,0.0,18.5,525,24564
2026-01-14 19:04:58,node-g,0,0.0,15.5,317,24564
2026-01-14 19:05:00,node-h,0,0.0,16.6,317,24564
2026-01-14 19:05:01,node-e,0,0.0,17.6,525,24564
2026-01-14 19:05:02,node-f,0,0.0,18.6,525,24564
2026-01-14 19:05:03,node-g,0,0.0,15.5,317,24564
2026-01-14 19:05:05,node-h,0,0.0,16.5,317,24564
2026-01-14 19:05:06,node-e,0,0.0,17.4,525,24564
2026-01-14 19:05:07,node-f,0,0.0,18.5,525,24564
2026-01-14 19:05:08,node-g,0,0.0,15.5,317,24564
2026-01-14 19:05:10,node-h,0,0.0,16.7,317,24564
2026-01-14 19:05:11,node-e,0,0.0,17.6,525,24564
2026-01-14 19:05:12,node-f,0,0.0,18.5,525,24564
2026-01-14 19:05:13,node-g,0,0.0,15.5,317,24564
2026-01-14 19:05:15,node-h,0,0.0,16.4,317,24564
2026-01-14 19:05:16,node-e,0,0.0,17.5,525,24564
2026-01-14 19:05:17,node-f,0,0.0,18.5,525,24564
2026-01-14 19:05:18,node-g,0,0.0,15.6,317,24564
2026-01-14 19:05:20,node-h,0,0.0,16.7,317,24564
2026-01-14 19:05:21,node-e,0,0.0,17.4,525,24564
2026-01-14 19:05:22,node-f,0,0.0,18.4,525,24564
2026-01-14 19:05:23,node-g,0,0.0,15.5,317,24564
2026-01-14 19:05:25,node-h,0,0.0,16.6,317,24564
2026-01-14 19:05:26,node-e,0,0.0,17.4,525,24564
2026-01-14 19:05:27,node-f,0,0.0,18.4,525,24564
2026-01-14 19:05:28,node-g,0,0.0,15.6,317,24564
2026-01-14 19:05:30,node-h,0,0.0,16.5,317,24564
2026-01-14 19:05:31,node-e,0,0.0,17.5,525,24564
2026-01-14 19:05:32,node-f,0,0.0,18.5,525,24564
2026-01-14 19:05:33,node-g,0,0.0,15.6,317,24564
2026-01-14 19:05:35,node-h,0,0.0,16.6,317,24564
2026-01-14 19:05:36,node-e,0,0.0,17.4,525,24564
2026-01-14 19:05:37,node-f,0,0.0,18.4,525,24564
2026-01-14 19:05:38,node-g,0,0.0,15.7,317,24564
2026-01-14 19:05:40,node-h,0,0.0,16.6,317,24564
2026-01-14 19:05:41,node-e,0,0.0,17.4,525,24564
2026-01-14 19:05:42,node-f,0,0.0,18.3,525,24564
2026-01-14 19:05:43,node-g,0,0.0,15.6,317,24564
2026-01-14 19:05:45,node-h,0,0.0,16.8,317,24564
2026-01-14 19:05:46,node-e,0,0.0,17.5,525,24564
2026-01-14 19:05:47,node-f,0,0.0,18.5,525,24564
2026-01-14 19:05:48,node-g,0,0.0,15.8,317,24564
2026-01-14 19:05:50,node-h,0,0.0,16.6,317,24564
2026-01-14 19:05:51,node-e,0,0.0,17.4,525,24564
2026-01-14 19:05:52,node-f,0,0.0,18.5,525,24564
2026-01-14 19:05:54,node-g,0,0.0,15.6,317,24564
2026-01-14 19:05:55,node-h,0,0.0,16.7,317,24564
2026-01-14 19:05:57,node-e,0,0.0,17.5,525,24564
2026-01-14 19:05:58,node-f,0,0.0,18.6,525,24564
2026-01-14 19:05:59,node-g,0,0.0,15.7,317,24564
2026-01-14 19:06:00,node-h,0,0.0,16.7,317,24564
2026-01-14 19:06:02,node-e,0,0.0,25.2,317,24564
2026-01-14 19:06:03,node-f,0,0.0,19.2,317,24564
2026-01-14 19:06:04,node-g,0,0.0,15.8,317,24564
2026-01-14 19:06:05,node-h,0,0.0,16.5,317,24564
2026-01-14 19:06:07,node-e,0,0.0,17.4,317,24564
2026-01-14 19:06:08,node-f,0,0.0,18.5,317,24564
2026-01-14 19:06:09,node-g,0,0.0,15.8,317,24564
2026-01-14 19:06:10,node-h,0,0.0,16.6,317,24564
2026-01-14 19:06:12,node-e,0,0.0,17.4,317,24564
2026-01-14 19:06:13,node-f,0,0.0,18.5,317,24564
2026-01-14 19:06:15,node-h,0,0.0,16.5,317,24564
2026-01-14 19:06:17,node-e,0,0.0,17.5,317,24564
2026-01-14 19:06:18,node-f,0,0.0,18.5,317,24564
2026-01-14 19:06:20,node-g,0,0.0,15.7,317,24564
2026-01-14 19:06:20,node-h,0,0.0,16.6,317,24564
2026-01-14 19:06:22,node-e,0,0.0,17.5,317,24564
2026-01-14 19:06:23,node-f,0,0.0,18.5,317,24564
2026-01-14 19:06:25,node-g,0,0.0,15.7,317,24564
2026-01-14 19:06:25,node-h,0,0.0,16.5,317,24564
2026-01-14 19:06:27,node-e,0,0.0,17.5,317,24564
2026-01-14 19:06:28,node-f,0,0.0,18.6,317,24564
2026-01-14 19:06:30,node-g,0,0.0,15.8,317,24564
2026-01-14 19:06:30,node-h,0,0.0,16.6,317,24564
2026-01-14 19:06:32,node-e,0,0.0,17.8,341,24564
2026-01-14 19:06:33,node-f,0,0.0,73.2,525,24564
2026-01-14 19:06:35,node-g,0,0.0,15.6,317,24564
2026-01-14 19:06:36,node-h,0,0.0,16.6,317,24564
2026-01-14 19:06:37,node-e,0,0.0,83.1,525,24564
2026-01-14 19:06:38,node-f,0,0.0,78.8,525,24564
2026-01-14 19:06:40,node-g,0,0.0,15.5,317,24564
2026-01-14 19:06:41,node-h,0,0.0,16.4,317,24564
2026-01-14 19:06:42,node-e,0,0.0,84.3,525,24564
2026-01-14 19:06:43,node-f,0,0.0,79.1,525,24564
2026-01-14 19:06:45,node-g,0,0.0,15.7,317,24564
2026-01-14 19:06:46,node-h,0,0.0,16.4,317,24564
2026-01-14 19:06:47,node-e,0,0.0,85.2,525,24564
2026-01-14 19:06:48,node-f,0,0.0,79.7,525,24564
2026-01-14 19:06:50,node-g,0,0.0,15.6,317,24564
2026-01-14 19:06:51,node-h,0,0.0,16.8,317,24564
2026-01-14 19:06:52,node-e,0,0.0,17.8,525,24564
2026-01-14 19:06:53,node-f,0,0.0,18.6,525,24564
2026-01-14 19:06:55,node-g,0,0.0,15.6,317,24564
2026-01-14 19:06:56,node-h,0,0.0,16.5,317,24564
2026-01-14 19:06:57,node-e,0,0.0,17.8,525,24564
2026-01-14 19:06:58,node-f,0,0.0,18.8,525,24564
2026-01-14 19:07:00,node-g,0,0.0,15.7,317,24564
2026-01-14 19:07:01,node-h,0,0.0,16.7,317,24564
2026-01-14 19:07:02,node-e,0,0.0,17.9,525,24564
2026-01-14 19:07:03,node-f,0,0.0,18.6,525,24564
2026-01-14 19:07:05,node-g,0,0.0,15.6,317,24564
2026-01-14 19:07:06,node-h,0,0.0,16.6,317,24564
2026-01-14 19:07:07,node-e,0,0.0,17.8,525,24564
2026-01-14 19:07:08,node-f,0,0.0,18.6,525,24564
2026-01-14 19:07:10,node-g,0,0.0,15.7,317,24564
2026-01-14 19:07:11,node-h,0,0.0,16.4,317,24564
2026-01-14 19:07:12,node-e,0,0.0,17.7,525,24564
2026-01-14 19:07:13,node-f,0,0.0,18.7,525,24564
2026-01-14 19:07:15,node-g,0,0.0,15.7,317,24564
2026-01-14 19:07:16,node-h,0,0.0,16.6,317,24564
2026-01-14 19:07:17,node-e,0,0.0,17.8,525,24564
2026-01-14 19:07:18,node-f,0,0.0,18.5,525,24564
2026-01-14 19:07:20,node-g,0,0.0,15.8,317,24564
2026-01-14 19:07:21,node-h,0,0.0,16.5,317,24564
2026-01-14 19:07:22,node-e,0,0.0,17.9,525,24564
2026-01-14 19:07:23,node-f,0,0.0,18.5,525,24564
2026-01-14 19:07:25,node-g,0,0.0,15.9,317,24564
2026-01-14 19:07:26,node-h,0,0.0,16.6,317,24564
2026-01-14 19:07:27,node-e,0,0.0,17.8,525,24564
2026-01-14 19:07:28,node-f,0,0.0,18.6,525,24564
2026-01-14 19:07:30,node-g,0,0.0,15.6,317,24564
2026-01-14 19:07:31,node-h,0,0.0,16.5,317,24564
2026-01-14 19:07:32,node-e,0,0.0,17.6,525,24564
2026-01-14 19:07:33,node-f,0,0.0,18.5,525,24564
2026-01-14 19:07:35,node-g,0,0.0,15.6,317,24564
2026-01-14 19:07:36,node-h,0,0.0,16.4,317,24564
2026-01-14 19:07:37,node-e,0,0.0,17.7,525,24564
2026-01-14 19:07:38,node-f,0,0.0,18.4,525,24564
2026-01-14 19:07:40,node-g,0,0.0,15.8,317,24564
2026-01-14 19:07:41,node-h,0,0.0,16.5,317,24564
2026-01-14 19:07:42,node-e,0,0.0,17.7,525,24564
2026-01-14 19:07:43,node-f,0,0.0,18.5,525,24564
2026-01-14 19:07:45,node-g,0,0.0,15.6,317,24564
2026-01-14 19:07:46,node-h,0,0.0,16.5,317,24564
2026-01-14 19:07:47,node-e,0,0.0,17.8,525,24564
2026-01-14 19:07:48,node-f,0,0.0,18.6,525,24564
2026-01-14 19:07:50,node-g,0,0.0,15.6,317,24564
2026-01-14 19:07:51,node-h,0,0.0,16.3,317,24564
2026-01-14 19:07:52,node-e,0,0.0,17.8,525,24564
2026-01-14 19:07:53,node-f,0,0.0,18.5,525,24564
2026-01-14 19:07:55,node-g,0,0.0,15.7,317,24564
2026-01-14 19:07:56,node-h,0,0.0,16.4,317,24564
2026-01-14 19:07:57,node-e,0,0.0,17.8,525,24564
2026-01-14 19:07:58,node-f,0,0.0,18.5,525,24564
2026-01-14 19:08:00,node-g,0,0.0,15.8,317,24564
2026-01-14 19:08:01,node-h,0,0.0,16.5,317,24564
2026-01-14 19:08:02,node-e,0,0.0,17.5,525,24564
2026-01-14 19:08:03,node-f,0,0.0,18.6,525,24564
2026-01-14 19:08:05,node-g,0,0.0,15.6,317,24564
2026-01-14 19:08:06,node-h,0,0.0,16.4,317,24564
2026-01-14 19:08:07,node-e,0,0.0,17.7,525,24564
2026-01-14 19:08:08,node-f,0,0.0,18.5,525,24564
2026-01-14 19:08:10,node-g,0,0.0,15.7,317,24564
2026-01-14 19:08:11,node-h,0,0.0,16.4,317,24564
2026-01-14 19:08:12,node-e,0,0.0,17.6,525,24564
2026-01-14 19:08:13,node-f,0,0.0,18.5,525,24564
2026-01-14 19:08:15,node-g,0,0.0,15.7,317,24564
2026-01-14 19:08:16,node-h,0,0.0,16.3,317,24564
2026-01-14 19:08:17,node-e,0,0.0,17.8,525,24564
2026-01-14 19:08:18,node-f,0,0.0,18.6,525,24564
2026-01-14 19:08:20,node-g,0,0.0,15.6,317,24564
2026-01-14 19:08:21,node-h,0,0.0,16.5,317,24564
2026-01-14 19:08:22,node-e,0,0.0,17.6,525,24564
2026-01-14 19:08:23,node-f,0,0.0,18.6,525,24564
2026-01-14 19:08:25,node-g,0,0.0,15.6,317,24564
2026-01-14 19:08:26,node-h,0,0.0,16.3,317,24564
2026-01-14 19:08:27,node-e,0,0.0,17.6,525,24564
2026-01-14 19:08:28,node-f,0,0.0,18.5,525,24564
2026-01-14 19:08:30,node-g,0,0.0,15.9,317,24564
2026-01-14 19:08:31,node-h,0,0.0,16.4,317,24564
2026-01-14 19:08:32,node-e,0,0.0,17.7,525,24564
2026-01-14 19:08:33,node-f,0,0.0,18.4,525,24564
2026-01-14 19:08:35,node-g,0,0.0,15.7,317,24564
2026-01-14 19:08:36,node-h,0,0.0,16.4,317,24564
2026-01-14 19:08:37,node-e,0,0.0,17.7,525,24564
2026-01-14 19:08:38,node-f,0,0.0,18.5,525,24564
2026-01-14 19:08:40,node-g,0,0.0,15.8,317,24564
2026-01-14 19:08:41,node-h,0,0.0,16.3,317,24564
2026-01-14 19:08:42,node-e,0,0.0,17.7,525,24564
2026-01-14 19:08:43,node-f,0,0.0,18.4,525,24564
2026-01-14 19:08:45,node-g,0,0.0,15.6,317,24564
2026-01-14 19:08:46,node-h,0,0.0,16.4,317,24564
2026-01-14 19:08:47,node-e,0,0.0,17.8,525,24564
2026-01-14 19:08:48,node-f,0,0.0,18.4,525,24564
2026-01-14 19:08:51,node-h,0,0.0,16.3,317,24564
2026-01-14 19:08:52,node-e,0,0.0,17.7,525,24564
2026-01-14 19:08:53,node-f,0,0.0,18.5,525,24564
2026-01-14 19:08:56,node-h,0,0.0,16.3,317,24564
2026-01-14 19:08:56,node-g,0,0.0,15.7,317,24564
2026-01-14 19:08:57,node-e,0,0.0,17.6,525,24564
2026-01-14 19:08:58,node-f,0,0.0,18.4,525,24564
2026-01-14 19:09:01,node-h,0,0.0,16.4,317,24564
2026-01-14 19:09:01,node-g,0,0.0,15.6,317,24564
2026-01-14 19:09:02,node-e,0,0.0,17.8,525,24564
2026-01-14 19:09:03,node-f,0,0.0,18.5,525,24564
2026-01-14 19:09:06,node-h,0,0.0,16.4,317,24564
2026-01-14 19:09:06,node-g,0,0.0,15.5,317,24564
2026-01-14 19:09:07,node-e,0,0.0,17.5,525,24564
2026-01-14 19:09:08,node-f,0,0.0,18.4,525,24564
2026-01-14 19:09:11,node-h,0,0.0,16.4,317,24564
2026-01-14 19:09:11,node-g,0,0.0,15.7,317,24564
2026-01-14 19:09:12,node-e,0,0.0,17.6,525,24564
2026-01-14 19:09:13,node-f,0,0.0,18.6,525,24564
2026-01-14 19:09:16,node-h,0,0.0,16.3,317,24564
2026-01-14 19:09:16,node-g,0,0.0,15.6,317,24564
2026-01-14 19:09:17,node-e,0,0.0,17.5,525,24564
2026-01-14 19:09:18,node-f,0,0.0,18.5,525,24564
2026-01-14 19:09:21,node-h,0,0.0,16.4,317,24564
2026-01-14 19:09:21,node-g,0,0.0,15.5,317,24564
2026-01-14 19:09:22,node-e,0,0.0,17.6,525,24564
2026-01-14 19:09:23,node-f,0,0.0,18.5,525,24564
2026-01-14 19:09:26,node-h,0,0.0,16.3,317,24564
2026-01-14 19:09:26,node-g,0,0.0,15.5,317,24564
2026-01-14 19:09:27,node-e,0,0.0,17.5,525,24564
2026-01-14 19:09:28,node-f,0,0.0,18.5,525,24564
2026-01-14 19:09:31,node-g,0,0.0,15.5,317,24564
2026-01-14 19:09:31,node-h,0,0.0,16.5,317,24564
2026-01-14 19:09:32,node-e,0,0.0,17.5,525,24564
2026-01-14 19:09:33,node-f,0,0.0,18.4,525,24564
2026-01-14 19:09:36,node-g,0,0.0,15.5,317,24564
2026-01-14 19:09:36,node-h,0,0.0,16.4,317,24564
2026-01-14 19:09:37,node-e,0,0.0,17.6,525,24564
2026-01-14 19:09:38,node-f,0,0.0,18.4,525,24564
2026-01-14 19:09:41,node-g,0,0.0,15.7,317,24564
2026-01-14 19:09:41,node-h,0,0.0,16.3,317,24564
2026-01-14 19:09:42,node-e,0,0.0,17.6,525,24564
2026-01-14 19:09:43,node-f,0,0.0,18.5,525,24564
2026-01-14 19:09:46,node-g,0,0.0,15.6,317,24564
2026-01-14 19:09:46,node-h,0,0.0,16.4,317,24564
2026-01-14 19:09:47,node-e,0,0.0,17.6,525,24564
2026-01-14 19:09:48,node-f,0,0.0,18.5,525,24564
2026-01-14 19:09:51,node-g,0,0.0,15.6,317,24564
2026-01-14 19:09:51,node-h,0,0.0,16.4,317,24564
2026-01-14 19:09:52,node-e,0,0.0,17.6,525,24564
2026-01-14 19:09:53,node-f,0,0.0,18.4,525,24564
2026-01-14 19:09:56,node-g,0,0.0,15.6,317,24564
2026-01-14 19:09:56,node-h,0,0.0,16.3,317,24564
2026-01-14 19:09:57,node-e,0,0.0,17.6,525,24564
2026-01-14 19:09:58,node-f,0,0.0,18.4,525,24564
2026-01-14 19:10:01,node-g,0,0.0,15.7,317,24564
2026-01-14 19:10:01,node-h,0,0.0,16.4,317,24564
2026-01-14 19:10:02,node-e,0,0.0,17.7,525,24564
2026-01-14 19:10:03,node-f,0,0.0,18.4,525,24564
2026-01-14 19:10:06,node-g,0,0.0,15.6,317,24564
2026-01-14 19:10:07,node-h,0,0.0,16.3,317,24564
2026-01-14 19:10:07,node-e,0,0.0,17.7,525,24564
2026-01-14 19:10:08,node-f,0,0.0,18.4,525,24564
2026-01-14 19:10:11,node-g,0,0.0,15.6,317,24564
2026-01-14 19:10:12,node-h,0,0.0,16.3,317,24564
2026-01-14 19:10:12,node-e,0,0.0,17.6,525,24564
2026-01-14 19:10:13,node-f,0,0.0,18.4,525,24564
2026-01-14 19:10:16,node-g,0,0.0,15.7,317,24564
2026-01-14 19:10:17,node-h,0,0.0,16.2,317,24564
2026-01-14 19:10:17,node-e,0,0.0,17.7,525,24564
2026-01-14 19:10:18,node-f,0,0.0,18.6,525,24564
2026-01-14 19:10:21,node-g,0,0.0,15.6,317,24564
2026-01-14 19:10:22,node-e,0,0.0,17.6,525,24564
2026-01-14 19:10:23,node-f,0,0.0,18.4,525,24564
2026-01-14 19:10:26,node-g,0,0.0,15.6,317,24564
2026-01-14 19:10:27,node-e,0,0.0,17.5,525,24564
2026-01-14 19:10:28,node-h,0,0.0,16.6,317,24564
2026-01-14 19:10:28,node-f,0,0.0,18.4,525,24564
2026-01-14 19:10:31,node-g,0,0.0,15.6,317,24564
2026-01-14 19:10:32,node-e,0,0.0,17.5,525,24564
2026-01-14 19:10:33,node-h,0,0.0,16.6,317,24564
2026-01-14 19:10:33,node-f,0,0.0,18.5,525,24564
2026-01-14 19:10:36,node-g,0,0.0,15.6,317,24564
2026-01-14 19:10:38,node-e,0,0.0,17.7,525,24564
2026-01-14 19:10:38,node-h,0,0.0,16.5,317,24564
2026-01-14 19:10:38,node-f,0,0.0,18.5,525,24564
2026-01-14 19:10:41,node-g,0,0.0,15.6,317,24564
2026-01-14 19:10:43,node-e,0,0.0,17.4,525,24564
2026-01-14 19:10:43,node-h,0,0.0,16.5,317,24564
2026-01-14 19:10:43,node-f,0,0.0,18.5,525,24564
2026-01-14 19:10:46,node-g,0,0.0,15.7,317,24564
2026-01-14 19:10:48,node-e,0,0.0,17.5,525,24564
2026-01-14 19:10:48,node-h,0,0.0,16.4,317,24564
2026-01-14 19:10:48,node-f,0,0.0,18.5,525,24564
2026-01-14 19:10:51,node-g,0,0.0,15.6,317,24564
2026-01-14 19:10:53,node-e,0,0.0,17.6,525,24564
2026-01-14 19:10:53,node-h,0,0.0,16.5,317,24564
2026-01-14 19:10:53,node-f,0,0.0,18.5,525,24564
2026-01-14 19:10:56,node-g,0,0.0,15.6,317,24564
2026-01-14 19:10:58,node-e,0,0.0,17.5,525,24564
2026-01-14 19:10:58,node-h,0,0.0,16.5,317,24564
2026-01-14 19:10:58,node-f,0,0.0,18.6,525,24564
2026-01-14 19:11:01,node-g,0,0.0,15.5,317,24564
2026-01-14 19:11:03,node-e,0,0.0,17.5,525,24564
2026-01-14 19:11:03,node-h,0,0.0,16.5,317,24564
2026-01-14 19:11:03,node-f,0,0.0,18.6,525,24564
2026-01-14 19:11:06,node-g,0,0.0,15.4,317,24564
2026-01-14 19:11:08,node-e,0,0.0,17.6,525,24564
2026-01-14 19:11:08,node-h,0,0.0,16.3,317,24564
2026-01-14 19:11:08,node-f,0,0.0,18.4,525,24564
2026-01-14 19:11:11,node-g,0,0.0,15.5,317,24564
2026-01-14 19:11:13,node-e,0,0.0,17.6,525,24564
2026-01-14 19:11:13,node-h,0,0.0,16.4,317,24564
2026-01-14 19:11:13,node-f,0,0.0,18.5,525,24564
2026-01-14 19:11:16,node-g,0,0.0,15.6,317,24564
2026-01-14 19:11:18,node-e,0,0.0,17.6,525,24564
2026-01-14 19:11:18,node-h,0,0.0,16.4,317,24564
2026-01-14 19:11:18,node-f,0,0.0,18.6,525,24564
2026-01-14 19:11:21,node-g,0,0.0,15.7,317,24564
2026-01-14 19:11:23,node-e,0,0.0,17.7,525,24564
2026-01-14 19:11:23,node-h,0,0.0,16.5,317,24564
2026-01-14 19:11:23,node-f,0,0.0,18.6,525,24564
2026-01-14 19:11:26,node-g,0,0.0,15.8,317,24564
2026-01-14 19:11:28,node-e,0,0.0,17.8,525,24564
2026-01-14 19:11:28,node-h,0,0.0,16.3,317,24564
2026-01-14 19:11:28,node-f,0,0.0,18.6,525,24564
2026-01-14 19:11:31,node-g,0,0.0,15.5,317,24564
2026-01-14 19:11:33,node-e,0,0.0,17.7,525,24564
2026-01-14 19:11:33,node-h,0,0.0,16.5,317,24564
2026-01-14 19:11:33,node-f,0,0.0,18.5,525,24564
2026-01-14 19:11:36,node-g,0,0.0,15.7,317,24564
2026-01-14 19:11:38,node-e,0,0.0,17.5,525,24564
2026-01-14 19:11:38,node-h,0,0.0,16.3,317,24564
2026-01-14 19:11:38,node-f,0,0.0,18.6,525,24564
2026-01-14 19:11:42,node-g,0,0.0,15.6,317,24564
2026-01-14 19:11:43,node-e,0,0.0,17.7,525,24564
2026-01-14 19:11:43,node-h,0,0.0,16.3,317,24564
2026-01-14 19:11:43,node-f,0,0.0,18.4,525,24564
2026-01-14 19:11:47,node-g,0,0.0,15.8,317,24564
2026-01-14 19:11:48,node-e,0,0.0,17.5,525,24564
2026-01-14 19:11:48,node-h,0,0.0,16.4,317,24564
2026-01-14 19:11:48,node-f,0,0.0,18.4,525,24564
2026-01-14 19:11:52,node-g,0,0.0,15.5,317,24564
2026-01-14 19:11:53,node-e,0,0.0,17.5,525,24564
2026-01-14 19:11:53,node-h,0,0.0,16.4,317,24564
2026-01-14 19:11:53,node-f,0,0.0,18.6,525,24564
2026-01-14 19:11:57,node-g,0,0.0,15.7,317,24564
2026-01-14 19:11:58,node-e,0,0.0,17.6,525,24564
2026-01-14 19:11:58,node-h,0,0.0,16.4,317,24564
2026-01-14 19:11:59,node-f,0,0.0,18.4,525,24564
2026-01-14 19:12:02,node-g,0,0.0,15.4,317,24564
2026-01-14 19:12:03,node-e,0,0.0,17.6,525,24564
2026-01-14 19:12:03,node-h,0,0.0,16.3,317,24564
2026-01-14 19:12:04,node-f,0,0.0,18.6,525,24564
2026-01-14 19:12:07,node-g,0,0.0,15.5,317,24564
2026-01-14 19:12:08,node-e,0,0.0,17.6,525,24564
2026-01-14 19:12:08,node-h,0,0.0,16.4,317,24564
2026-01-14 19:12:09,node-f,0,0.0,18.4,525,24564
2026-01-14 19:12:12,node-g,0,0.0,15.6,317,24564
2026-01-14 19:12:13,node-e,0,0.0,17.6,525,24564
2026-01-14 19:12:13,node-h,0,0.0,16.4,317,24564
2026-01-14 19:12:14,node-f,0,0.0,18.4,525,24564
2026-01-14 19:12:17,node-g,0,0.0,15.8,317,24564
2026-01-14 19:12:18,node-e,0,0.0,17.7,525,24564
2026-01-14 19:12:18,node-h,0,0.0,16.4,317,24564
2026-01-14 19:12:19,node-f,0,0.0,18.5,525,24564
2026-01-14 19:12:22,node-g,0,0.0,15.6,317,24564
2026-01-14 19:12:23,node-e,0,0.0,17.7,525,24564
2026-01-14 19:12:23,node-h,0,0.0,16.4,317,24564
2026-01-14 19:12:24,node-f,0,0.0,18.4,525,24564
2026-01-14 19:12:27,node-g,0,0.0,15.6,317,24564
2026-01-14 19:12:28,node-e,0,0.0,17.6,525,24564
2026-01-14 19:12:28,node-h,0,0.0,16.6,317,24564
2026-01-14 19:12:29,node-f,0,0.0,18.4,525,24564
2026-01-14 19:12:32,node-g,0,0.0,15.6,317,24564
2026-01-14 19:12:33,node-e,0,0.0,17.5,525,24564
2026-01-14 19:12:33,node-h,0,0.0,16.5,317,24564
2026-01-14 19:12:34,node-f,0,0.0,18.5,525,24564
2026-01-14 19:12:37,node-g,0,0.0,15.5,317,24564
2026-01-14 19:12:38,node-e,0,0.0,17.4,525,24564
2026-01-14 19:12:38,node-h,0,0.0,16.4,317,24564
2026-01-14 19:12:39,node-f,0,0.0,18.4,525,24564
2026-01-14 19:12:42,node-g,0,0.0,15.6,317,24564
2026-01-14 19:12:43,node-e,0,0.0,17.4,525,24564
2026-01-14 19:12:43,node-h,0,0.0,16.3,317,24564
2026-01-14 19:12:44,node-f,0,0.0,18.4,525,24564
2026-01-14 19:12:47,node-g,0,0.0,15.6,317,24564
2026-01-14 19:12:48,node-e,0,0.0,17.5,525,24564
2026-01-14 19:12:48,node-h,0,0.0,16.3,317,24564
2026-01-14 19:12:49,node-f,0,0.0,18.5,525,24564
2026-01-14 19:12:52,node-g,0,0.0,15.6,317,24564
2026-01-14 19:12:53,node-e,0,0.0,17.5,525,24564
2026-01-14 19:12:53,node-h,0,0.0,16.5,317,24564
2026-01-14 19:12:54,node-f,0,0.0,18.6,525,24564
2026-01-14 19:12:57,node-g,0,0.0,15.7,317,24564
2026-01-14 19:12:58,node-e,0,0.0,17.6,525,24564
2026-01-14 19:12:58,node-h,0,0.0,16.1,317,24564
2026-01-14 19:12:59,node-f,0,0.0,18.5,525,24564
2026-01-14 19:13:02,node-g,0,0.0,15.7,317,24564
2026-01-14 19:13:03,node-e,0,0.0,17.6,525,24564
2026-01-14 19:13:03,node-h,0,0.0,16.5,317,24564
2026-01-14 19:13:04,node-f,0,0.0,18.5,525,24564
2026-01-14 19:13:07,node-g,0,0.0,15.5,317,24564
2026-01-14 19:13:08,node-e,0,0.0,17.7,525,24564
2026-01-14 19:13:08,node-h,0,0.0,16.5,317,24564
2026-01-14 19:13:09,node-f,0,0.0,18.6,525,24564
2026-01-14 19:13:12,node-g,0,0.0,15.7,317,24564
2026-01-14 19:13:13,node-e,0,0.0,17.5,525,24564
2026-01-14 19:13:13,node-h,0,0.0,16.5,317,24564
2026-01-14 19:13:14,node-f,0,0.0,18.5,525,24564
2026-01-14 19:13:17,node-g,0,0.0,15.5,317,24564
2026-01-14 19:13:18,node-e,0,0.0,17.4,525,24564
2026-01-14 19:13:18,node-h,0,0.0,16.4,317,24564
2026-01-14 19:13:19,node-f,0,0.0,18.6,525,24564
2026-01-14 19:13:22,node-g,0,0.0,15.5,317,24564
2026-01-14 19:13:23,node-e,0,0.0,17.4,525,24564
2026-01-14 19:13:23,node-h,0,0.0,16.4,317,24564
2026-01-14 19:13:24,node-f,0,0.0,18.7,525,24564
2026-01-14 19:13:27,node-g,0,0.0,15.7,317,24564
2026-01-14 19:13:28,node-e,0,0.0,17.6,525,24564
2026-01-14 19:13:28,node-h,0,0.0,16.5,317,24564
2026-01-14 19:13:29,node-f,0,0.0,18.6,525,24564
2026-01-14 19:13:32,node-g,0,0.0,15.5,317,24564
2026-01-14 19:13:33,node-e,0,0.0,17.5,525,24564
2026-01-14 19:13:33,node-h,0,0.0,16.3,317,24564
2026-01-14 19:13:34,node-f,0,0.0,18.6,525,24564
2026-01-14 19:13:37,node-g,0,0.0,15.6,317,24564
2026-01-14 19:13:38,node-e,0,0.0,17.3,525,24564
2026-01-14 19:13:38,node-h,0,0.0,16.4,317,24564
2026-01-14 19:13:39,node-f,0,0.0,18.6,525,24564
2026-01-14 19:13:42,node-g,0,0.0,15.6,317,24564
2026-01-14 19:13:43,node-e,0,0.0,17.5,525,24564
2026-01-14 19:13:43,node-h,0,0.0,16.4,317,24564
2026-01-14 19:13:44,node-f,0,0.0,18.7,525,24564
2026-01-14 19:13:47,node-g,0,0.0,15.4,317,24564
2026-01-14 19:13:48,node-e,0,0.0,17.3,525,24564
2026-01-14 19:13:48,node-h,0,0.0,16.4,317,24564
2026-01-14 19:13:49,node-f,0,0.0,18.6,525,24564
2026-01-14 19:13:52,node-g,0,0.0,15.5,317,24564
2026-01-14 19:13:53,node-e,0,0.0,17.4,525,24564
2026-01-14 19:13:53,node-h,0,0.0,16.3,317,24564
2026-01-14 19:13:54,node-f,0,0.0,18.5,525,24564
2026-01-14 19:13:57,node-g,0,0.0,15.7,317,24564
2026-01-14 19:13:58,node-e,0,0.0,17.5,525,24564
2026-01-14 19:13:58,node-h,0,0.0,16.2,317,24564
2026-01-14 19:13:59,node-f,0,0.0,18.7,525,24564
2026-01-14 19:14:02,node-g,0,0.0,15.6,317,24564
2026-01-14 19:14:03,node-e,0,0.0,17.4,525,24564
2026-01-14 19:14:03,node-h,0,0.0,16.2,317,24564
2026-01-14 19:14:04,node-f,0,0.0,18.6,525,24564
2026-01-14 19:14:07,node-g,0,0.0,15.5,317,24564
2026-01-14 19:14:08,node-e,0,0.0,17.4,525,24564
2026-01-14 19:14:08,node-h,0,0.0,16.4,317,24564
2026-01-14 19:14:09,node-f,0,0.0,18.5,525,24564
2026-01-14 19:14:12,node-g,0,0.0,15.6,317,24564
2026-01-14 19:14:13,node-e,0,0.0,17.3,525,24564
2026-01-14 19:14:13,node-h,0,0.0,16.4,317,24564
2026-01-14 19:14:14,node-f,0,0.0,18.6,525,24564
2026-01-14 19:14:17,node-g,0,0.0,15.5,317,24564
2026-01-14 19:14:18,node-e,0,0.0,17.4,525,24564
2026-01-14 19:14:18,node-h,0,0.0,16.3,317,24564
2026-01-14 19:14:19,node-f,0,0.0,18.6,525,24564
2026-01-14 19:14:22,node-g,0,0.0,15.5,317,24564
2026-01-14 19:14:23,node-e,0,0.0,17.6,525,24564
2026-01-14 19:14:23,node-h,0,0.0,16.3,317,24564
2026-01-14 19:14:24,node-f,0,0.0,18.6,525,24564
2026-01-14 19:14:27,node-g,0,0.0,15.5,317,24564
2026-01-14 19:14:28,node-e,0,0.0,17.4,525,24564
2026-01-14 19:14:28,node-h,0,0.0,16.4,317,24564
2026-01-14 19:14:29,node-f,0,0.0,18.5,525,24564
2026-01-14 19:14:32,node-g,0,0.0,15.6,317,24564
2026-01-14 19:14:33,node-h,0,0.0,16.3,317,24564
2026-01-14 19:14:33,node-e,0,0.0,17.6,525,24564
2026-01-14 19:14:34,node-f,0,0.0,18.6,525,24564
2026-01-14 19:14:37,node-g,0,0.0,15.7,317,24564
2026-01-14 19:14:38,node-h,0,0.0,16.3,317,24564
2026-01-14 19:14:38,node-e,0,0.0,17.5,525,24564
2026-01-14 19:14:39,node-f,0,0.0,18.5,525,24564
2026-01-14 19:14:42,node-g,0,0.0,15.6,317,24564
2026-01-14 19:14:43,node-h,0,0.0,16.1,317,24564
2026-01-14 19:14:43,node-e,0,0.0,17.4,525,24564
2026-01-14 19:14:44,node-f,0,0.0,18.5,525,24564
2026-01-14 19:14:47,node-g,0,0.0,15.7,317,24564
2026-01-14 19:14:48,node-e,0,0.0,17.5,525,24564
2026-01-14 19:14:48,node-h,0,0.0,16.3,317,24564
2026-01-14 19:14:49,node-f,0,0.0,18.7,525,24564
2026-01-14 19:14:52,node-g,0,0.0,15.6,317,24564
2026-01-14 19:14:53,node-h,0,0.0,16.4,317,24564
2026-01-14 19:14:53,node-e,0,0.0,17.5,525,24564
2026-01-14 19:14:54,node-f,0,0.0,18.5,525,24564
2026-01-14 19:14:57,node-g,0,0.0,15.5,317,24564
2026-01-14 19:14:58,node-h,0,0.0,16.2,317,24564
2026-01-14 19:14:58,node-e,0,0.0,17.4,525,24564
2026-01-14 19:14:59,node-f,0,0.0,18.5,525,24564
2026-01-14 19:15:02,node-g,0,0.0,15.4,317,24564
2026-01-14 19:15:03,node-h,0,0.0,16.3,317,24564
2026-01-14 19:15:03,node-e,0,0.0,17.6,525,24564
2026-01-14 19:15:04,node-f,0,0.0,18.6,525,24564
2026-01-14 19:15:07,node-g,0,0.0,15.5,317,24564
2026-01-14 19:15:08,node-h,0,0.0,16.3,317,24564
2026-01-14 19:15:08,node-e,0,0.0,17.6,525,24564
2026-01-14 19:15:09,node-f,0,0.0,18.6,525,24564
2026-01-14 19:15:12,node-g,0,0.0,15.4,317,24564
2026-01-14 19:15:13,node-h,0,0.0,16.4,317,24564
2026-01-14 19:15:13,node-e,0,0.0,17.6,525,24564
2026-01-14 19:15:14,node-f,0,0.0,18.6,525,24564
2026-01-14 19:15:17,node-g,0,0.0,15.6,317,24564
2026-01-14 19:15:18,node-h,0,0.0,16.1,317,24564
2026-01-14 19:15:18,node-e,0,0.0,17.4,525,24564
2026-01-14 19:15:19,node-f,0,0.0,18.5,525,24564
2026-01-14 19:15:22,node-g,0,0.0,15.5,317,24564
2026-01-14 19:15:23,node-h,0,0.0,16.3,317,24564
2026-01-14 19:15:23,node-e,0,0.0,17.6,525,24564
2026-01-14 19:15:24,node-f,0,0.0,18.5,525,24564
2026-01-14 19:15:27,node-g,0,0.0,15.6,317,24564
2026-01-14 19:15:28,node-h,0,0.0,16.2,317,24564
2026-01-14 19:15:28,node-e,0,0.0,17.5,525,24564
2026-01-14 19:15:29,node-f,0,0.0,18.6,525,24564
2026-01-14 19:15:32,node-g,0,0.0,15.5,317,24564
2026-01-14 19:15:33,node-h,0,0.0,16.2,317,24564
2026-01-14 19:15:33,node-e,0,0.0,17.5,525,24564
2026-01-14 19:15:34,node-f,0,0.0,18.5,525,24564
2026-01-14 19:15:37,node-g,0,0.0,15.4,317,24564
2026-01-14 19:15:38,node-h,0,0.0,16.3,317,24564
2026-01-14 19:15:38,node-e,0,0.0,17.5,525,24564
2026-01-14 19:15:39,node-f,0,0.0,18.7,525,24564
2026-01-14 19:15:42,node-g,0,0.0,15.6,317,24564
2026-01-14 19:15:43,node-h,0,0.0,16.2,317,24564
2026-01-14 19:15:43,node-e,0,0.0,17.5,525,24564
2026-01-14 19:15:44,node-f,0,0.0,18.4,525,24564
2026-01-14 19:15:47,node-g,0,0.0,15.5,317,24564
2026-01-14 19:15:48,node-h,0,0.0,16.2,317,24564
2026-01-14 19:15:48,node-e,0,0.0,17.8,525,24564
2026-01-14 19:15:49,node-f,0,0.0,18.4,525,24564
2026-01-14 19:15:52,node-g,0,0.0,15.6,317,24564
2026-01-14 19:15:53,node-h,0,0.0,16.4,317,24564
2026-01-14 19:15:53,node-e,0,0.0,17.7,525,24564
2026-01-14 19:15:54,node-f,0,0.0,18.6,525,24564
2026-01-14 19:15:57,node-g,0,0.0,15.6,317,24564
2026-01-14 19:15:58,node-h,0,0.0,16.3,317,24564
2026-01-14 19:15:58,node-e,0,0.0,17.5,525,24564
2026-01-14 19:15:59,node-f,0,0.0,18.5,525,24564
2026-01-14 19:16:02,node-g,0,0.0,15.5,317,24564
2026-01-14 19:16:03,node-h,0,0.0,16.1,317,24564
2026-01-14 19:16:03,node-e,0,0.0,17.7,525,24564
2026-01-14 19:16:04,node-f,0,0.0,18.5,525,24564
2026-01-14 19:16:07,node-g,0,0.0,15.6,317,24564
2026-01-14 19:16:08,node-h,0,0.0,16.3,317,24564
2026-01-14 19:16:08,node-e,0,0.0,17.4,525,24564
2026-01-14 19:16:09,node-f,0,0.0,18.5,525,24564
2026-01-14 19:16:12,node-g,0,0.0,15.5,317,24564
2026-01-14 19:16:13,node-h,0,0.0,16.3,317,24564
2026-01-14 19:16:13,node-e,0,0.0,17.6,525,24564
2026-01-14 19:16:14,node-f,0,0.0,18.6,525,24564
2026-01-14 19:16:17,node-g,0,0.0,15.5,317,24564
2026-01-14 19:16:18,node-h,0,0.0,16.2,317,24564
2026-01-14 19:16:18,node-e,0,0.0,17.7,525,24564
2026-01-14 19:16:19,node-f,0,0.0,18.4,525,24564
2026-01-14 19:16:22,node-g,0,0.0,15.6,317,24564
2026-01-14 19:16:23,node-h,0,0.0,16.2,317,24564
2026-01-14 19:16:23,node-e,0,0.0,17.7,525,24564
2026-01-14 19:16:24,node-f,0,0.0,18.4,525,24564
2026-01-14 19:16:27,node-g,0,0.0,15.5,317,24564
2026-01-14 19:16:29,node-h,0,0.0,16.2,317,24564
2026-01-14 19:16:29,node-e,0,0.0,17.5,525,24564
2026-01-14 19:16:29,node-f,0,0.0,18.4,525,24564
2026-01-14 19:16:32,node-g,0,0.0,15.5,317,24564
2026-01-14 19:16:34,node-h,0,0.0,16.0,317,24564
2026-01-14 19:16:34,node-e,0,0.0,17.5,525,24564
2026-01-14 19:16:34,node-f,0,0.0,18.6,525,24564
2026-01-14 19:16:37,node-g,0,0.0,15.4,317,24564
2026-01-14 19:16:39,node-h,0,0.0,16.2,317,24564
2026-01-14 19:16:39,node-e,0,0.0,17.6,525,24564
2026-01-14 19:16:39,node-f,0,0.0,18.5,525,24564
2026-01-14 19:16:42,node-g,0,0.0,15.5,317,24564
2026-01-14 19:16:44,node-h,0,0.0,16.4,317,24564
2026-01-14 19:16:44,node-e,0,0.0,17.5,525,24564
2026-01-14 19:16:44,node-f,0,0.0,18.5,525,24564
2026-01-14 19:16:47,node-g,0,0.0,15.7,317,24564
2026-01-14 19:16:49,node-h,0,0.0,16.3,317,24564
2026-01-14 19:16:49,node-e,0,0.0,17.4,525,24564
2026-01-14 19:16:49,node-f,0,0.0,18.6,525,24564
2026-01-14 19:16:52,node-g,0,0.0,15.5,317,24564
2026-01-14 19:16:54,node-e,0,0.0,17.5,525,24564
2026-01-14 19:16:54,node-h,0,0.0,16.3,317,24564
2026-01-14 19:16:54,node-f,0,0.0,18.5,525,24564
2026-01-14 19:16:57,node-g,0,0.0,15.5,317,24564
2026-01-14 19:16:59,node-e,0,0.0,17.5,525,24564
2026-01-14 19:16:59,node-h,0,0.0,16.2,317,24564
2026-01-14 19:16:59,node-f,0,0.0,18.5,525,24564
2026-01-14 19:17:02,node-g,0,0.0,15.6,317,24564
2026-01-14 19:17:04,node-e,0,0.0,17.5,525,24564
2026-01-14 19:17:04,node-h,0,0.0,16.2,317,24564
2026-01-14 19:17:04,node-f,0,0.0,18.6,525,24564
2026-01-14 19:17:07,node-g,0,0.0,15.8,317,24564
2026-01-14 19:17:09,node-e,0,0.0,17.6,525,24564
2026-01-14 19:17:09,node-h,0,0.0,16.1,317,24564
2026-01-14 19:17:09,node-f,0,0.0,18.5,525,24564
2026-01-14 19:17:13,node-g,0,0.0,15.6,317,24564
2026-01-14 19:17:14,node-e,0,0.0,17.5,525,24564
2026-01-14 19:17:14,node-h,0,0.0,16.2,317,24564
2026-01-14 19:17:14,node-f,0,0.0,18.6,525,24564
2026-01-14 19:17:18,node-g,0,0.0,15.6,317,24564
2026-01-14 19:17:19,node-e,0,0.0,17.4,525,24564
2026-01-14 19:17:19,node-h,0,0.0,16.3,317,24564
2026-01-14 19:17:19,node-f,0,0.0,18.6,525,24564
2026-01-14 19:17:23,node-g,0,0.0,15.6,317,24564
2026-01-14 19:17:24,node-e,0,0.0,17.6,525,24564
2026-01-14 19:17:24,node-h,0,0.0,16.0,317,24564
2026-01-14 19:17:24,node-f,0,0.0,18.5,525,24564
2026-01-14 19:17:28,node-g,0,0.0,15.6,317,24564
2026-01-14 19:17:29,node-e,0,0.0,17.5,525,24564
2026-01-14 19:17:29,node-h,0,0.0,16.1,317,24564
2026-01-14 19:17:29,node-f,0,0.0,18.4,525,24564
2026-01-14 19:17:33,node-g,0,0.0,15.8,317,24564
2026-01-14 19:17:34,node-e,0,0.0,17.4,525,24564
2026-01-14 19:17:34,node-h,0,0.0,16.2,317,24564
2026-01-14 19:17:34,node-f,0,0.0,18.4,525,24564
2026-01-14 19:17:38,node-g,0,0.0,15.6,317,24564
2026-01-14 19:17:39,node-h,0,0.0,16.2,317,24564
2026-01-14 19:17:39,node-e,0,0.0,17.6,525,24564
2026-01-14 19:17:39,node-f,0,0.0,18.4,525,24564
2026-01-14 19:17:43,node-g,0,0.0,15.6,317,24564
2026-01-14 19:17:44,node-h,0,0.0,16.3,317,24564
2026-01-14 19:17:44,node-e,0,0.0,17.6,525,24564
2026-01-14 19:17:44,node-f,0,0.0,18.6,525,24564
2026-01-14 19:17:48,node-g,0,0.0,15.7,317,24564
2026-01-14 19:17:49,node-h,0,0.0,16.2,317,24564
2026-01-14 19:17:49,node-e,0,0.0,17.4,525,24564
2026-01-14 19:17:50,node-f,0,0.0,18.5,525,24564
2026-01-14 19:17:53,node-g,0,0.0,15.7,317,24564
2026-01-14 19:17:54,node-h,0,0.0,16.1,317,24564
2026-01-14 19:17:54,node-e,0,0.0,17.4,525,24564
2026-01-14 19:17:55,node-f,0,0.0,18.4,525,24564
2026-01-14 19:17:58,node-g,0,0.0,15.7,317,24564
2026-01-14 19:17:59,node-h,0,0.0,16.2,317,24564
2026-01-14 19:17:59,node-e,0,0.0,17.4,525,24564
2026-01-14 19:18:00,node-f,0,0.0,18.4,525,24564
2026-01-14 19:18:03,node-g,0,0.0,15.7,317,24564
2026-01-14 19:18:04,node-h,0,0.0,16.1,317,24564
2026-01-14 19:18:04,node-e,0,0.0,17.6,525,24564
2026-01-14 19:18:05,node-f,0,0.0,18.5,525,24564
2026-01-14 19:18:08,node-g,0,0.0,15.6,317,24564
2026-01-14 19:18:09,node-h,0,0.0,16.3,317,24564
2026-01-14 19:18:09,node-e,0,0.0,17.5,525,24564
2026-01-14 19:18:10,node-f,0,0.0,18.6,525,24564
2026-01-14 19:18:13,node-g,0,0.0,15.5,317,24564
2026-01-14 19:18:14,node-h,0,0.0,16.2,317,24564
2026-01-14 19:18:14,node-e,0,0.0,17.4,525,24564
2026-01-14 19:18:15,node-f,0,0.0,18.5,525,24564
2026-01-14 19:18:18,node-g,0,0.0,15.5,317,24564
2026-01-14 19:18:19,node-h,0,0.0,16.1,317,24564
2026-01-14 19:18:19,node-e,0,0.0,17.5,525,24564
2026-01-14 19:18:20,node-f,0,0.0,18.5,525,24564
2026-01-14 19:18:23,node-g,0,0.0,15.5,317,24564
2026-01-14 19:18:24,node-h,0,0.0,16.3,317,24564
2026-01-14 19:18:24,node-e,0,0.0,17.5,525,24564
2026-01-14 19:18:25,node-f,0,0.0,18.5,525,24564
2026-01-14 19:18:28,node-g,0,0.0,15.5,317,24564
2026-01-14 19:18:29,node-h,0,0.0,16.2,317,24564
2026-01-14 19:18:29,node-e,0,0.0,17.4,525,24564
2026-01-14 19:18:30,node-f,0,0.0,18.5,525,24564
2026-01-14 19:18:33,node-g,0,0.0,15.6,317,24564
2026-01-14 19:18:34,node-e,0,0.0,17.7,525,24564
2026-01-14 19:18:34,node-h,0,0.0,16.3,317,24564
2026-01-14 19:18:35,node-f,0,0.0,18.6,525,24564
2026-01-14 19:18:38,node-g,0,0.0,15.6,317,24564
2026-01-14 19:18:39,node-e,0,0.0,17.7,525,24564
2026-01-14 19:18:39,node-h,0,0.0,16.1,317,24564
2026-01-14 19:18:40,node-f,0,0.0,18.5,525,24564
2026-01-14 19:18:43,node-g,0,0.0,15.5,317,24564
2026-01-14 19:18:44,node-e,0,0.0,17.7,525,24564
2026-01-14 19:18:44,node-h,0,0.0,16.3,317,24564
2026-01-14 19:18:45,node-f,0,0.0,18.5,525,24564
2026-01-14 19:18:48,node-g,0,0.0,15.5,317,24564
2026-01-14 19:18:49,node-e,0,0.0,17.7,525,24564
2026-01-14 19:18:49,node-h,0,0.0,16.3,317,24564
2026-01-14 19:18:50,node-f,0,0.0,18.4,525,24564
2026-01-14 19:18:53,node-g,0,0.0,15.5,317,24564
2026-01-14 19:18:54,node-e,0,0.0,17.7,525,24564
2026-01-14 19:18:54,node-h,0,0.0,15.9,317,24564
2026-01-14 19:18:55,node-f,0,0.0,18.5,525,24564
2026-01-14 19:18:58,node-g,0,0.0,15.5,317,24564
2026-01-14 19:18:59,node-e,0,0.0,17.6,525,24564
2026-01-14 19:18:59,node-h,0,0.0,16.2,317,24564
2026-01-14 19:19:00,node-f,0,0.0,18.6,525,24564
2026-01-14 19:19:03,node-g,0,0.0,15.4,317,24564
2026-01-14 19:19:04,node-e,0,0.0,17.6,525,24564
2026-01-14 19:19:04,node-h,0,0.0,16.1,317,24564
2026-01-14 19:19:05,node-f,0,0.0,18.5,525,24564
2026-01-14 19:19:08,node-g,0,0.0,15.4,317,24564
2026-01-14 19:19:09,node-h,0,0.0,16.3,317,24564
2026-01-14 19:19:09,node-e,0,0.0,17.6,525,24564
2026-01-14 19:19:10,node-f,0,0.0,18.7,525,24564
2026-01-14 19:19:13,node-g,0,0.0,15.5,317,24564
2026-01-14 19:19:14,node-h,0,0.0,16.1,317,24564
2026-01-14 19:19:14,node-e,0,0.0,17.5,525,24564
2026-01-14 19:19:15,node-f,0,0.0,18.5,525,24564
2026-01-14 19:19:18,node-g,0,0.0,15.5,317,24564
2026-01-14 19:19:19,node-h,0,0.0,16.1,317,24564
2026-01-14 19:19:19,node-e,0,0.0,17.7,525,24564
2026-01-14 19:19:20,node-f,0,0.0,18.5,525,24564
2026-01-14 19:19:23,node-g,0,0.0,15.5,317,24564
2026-01-14 19:19:24,node-e,0,0.0,17.6,525,24564
2026-01-14 19:19:24,node-h,0,0.0,16.3,317,24564
2026-01-14 19:19:25,node-f,0,0.0,18.5,525,24564
2026-01-14 19:19:28,node-g,0,0.0,15.5,317,24564
2026-01-14 19:19:29,node-e,0,0.0,17.5,525,24564
2026-01-14 19:19:29,node-h,0,0.0,16.3,317,24564
2026-01-14 19:19:30,node-f,0,0.0,18.5,525,24564
2026-01-14 19:19:33,node-g,0,0.0,15.5,317,24564
2026-01-14 19:19:34,node-h,0,0.0,16.2,317,24564
2026-01-14 19:19:34,node-e,0,0.0,17.5,525,24564
2026-01-14 19:19:35,node-f,0,0.0,18.3,525,24564
2026-01-14 19:19:38,node-g,0,0.0,15.4,317,24564
2026-01-14 19:19:39,node-h,0,0.0,16.2,317,24564
2026-01-14 19:19:39,node-e,0,0.0,17.4,525,24564
2026-01-14 19:19:40,node-f,0,0.0,18.4,525,24564
2026-01-14 19:19:43,node-g,0,0.0,15.6,317,24564
2026-01-14 19:19:44,node-e,0,0.0,17.6,525,24564
2026-01-14 19:19:44,node-h,0,0.0,16.2,317,24564
2026-01-14 19:19:45,node-f,0,0.0,18.5,525,24564
2026-01-14 19:19:48,node-g,0,0.0,15.5,317,24564
2026-01-14 19:19:49,node-e,0,0.0,17.5,525,24564
2026-01-14 19:19:49,node-h,0,0.0,16.1,317,24564
2026-01-14 19:19:50,node-f,0,0.0,18.4,525,24564
2026-01-14 19:19:53,node-g,0,0.0,15.5,317,24564
2026-01-14 19:19:54,node-e,0,0.0,17.6,525,24564
2026-01-14 19:19:55,node-f,0,0.0,18.4,525,24564
2026-01-14 19:19:58,node-g,0,0.0,15.6,317,24564
2026-01-14 19:19:59,node-e,0,0.0,17.6,525,24564
2026-01-14 19:20:00,node-f,0,0.0,18.5,525,24564
2026-01-14 19:20:00,node-h,0,0.0,16.1,317,24564
2026-01-14 19:20:03,node-g,0,0.0,15.6,317,24564
2026-01-14 19:20:05,node-f,0,0.0,18.5,525,24564
2026-01-14 19:20:05,node-h,0,0.0,16.2,317,24564
2026-01-14 19:20:08,node-g,0,0.0,15.5,317,24564
2026-01-14 19:20:10,node-f,0,0.0,18.4,525,24564
2026-01-14 19:20:10,node-h,0,0.0,16.1,317,24564
2026-01-14 19:20:10,node-e,0,0.0,17.6,525,24564
2026-01-14 19:20:13,node-g,0,0.0,15.6,317,24564
2026-01-14 19:20:15,node-f,0,0.0,18.3,525,24564
2026-01-14 19:20:15,node-h,0,0.0,16.1,317,24564
2026-01-14 19:20:15,node-e,0,0.0,17.6,525,24564
2026-01-14 19:20:18,node-g,0,0.0,15.6,317,24564
2026-01-14 19:20:20,node-f,0,0.0,18.4,525,24564
2026-01-14 19:20:20,node-h,0,0.0,16.2,317,24564
2026-01-14 19:20:20,node-e,0,0.0,17.5,525,24564
2026-01-14 19:20:23,node-g,0,0.0,15.5,317,24564
2026-01-14 19:20:25,node-f,0,0.0,18.3,525,24564
2026-01-14 19:20:25,node-h,0,0.0,16.2,317,24564
2026-01-14 19:20:25,node-e,0,0.0,17.5,525,24564
2026-01-14 19:20:28,node-g,0,0.0,15.6,317,24564
2026-01-14 19:20:30,node-f,0,0.0,18.4,525,24564
2026-01-14 19:20:30,node-h,0,0.0,16.2,317,24564
2026-01-14 19:20:30,node-e,0,0.0,17.6,525,24564
2026-01-14 19:20:33,node-g,0,0.0,15.7,317,24564
2026-01-14 19:20:35,node-f,0,0.0,18.4,525,24564
2026-01-14 19:20:35,node-h,0,0.0,16.3,317,24564
2026-01-14 19:20:35,node-e,0,0.0,17.5,525,24564
2026-01-14 19:20:38,node-g,0,0.0,15.6,317,24564
2026-01-14 19:20:40,node-f,0,0.0,18.4,525,24564
2026-01-14 19:20:40,node-h,0,0.0,16.2,317,24564
2026-01-14 19:20:41,node-e,0,0.0,17.6,525,24564
2026-01-14 19:20:43,node-g,0,0.0,15.5,317,24564
2026-01-14 19:20:45,node-f,0,0.0,18.4,525,24564
2026-01-14 19:20:45,node-h,0,0.0,16.2,317,24564
2026-01-14 19:20:46,node-e,0,0.0,17.4,525,24564
2026-01-14 19:20:48,node-g,0,0.0,15.5,317,24564
2026-01-14 19:20:50,node-f,0,0.0,18.4,525,24564
2026-01-14 19:20:50,node-h,0,0.0,16.1,317,24564
2026-01-14 19:20:51,node-e,0,0.0,17.5,525,24564
2026-01-14 19:20:53,node-g,0,0.0,15.7,317,24564
2026-01-14 19:20:55,node-f,0,0.0,18.4,525,24564
2026-01-14 19:20:55,node-h,0,0.0,16.3,317,24564
2026-01-14 19:20:56,node-e,0,0.0,17.5,525,24564
2026-01-14 19:20:58,node-g,0,0.0,15.6,317,24564
2026-01-14 19:21:00,node-f,0,0.0,18.4,525,24564
2026-01-14 19:21:00,node-h,0,0.0,16.4,317,24564
2026-01-14 19:21:01,node-e,0,0.0,17.4,525,24564
2026-01-14 19:21:03,node-g,0,0.0,15.6,317,24564
2026-01-14 19:21:05,node-f,0,0.0,18.4,525,24564
2026-01-14 19:21:05,node-h,0,0.0,16.3,317,24564
2026-01-14 19:21:06,node-e,0,0.0,17.6,525,24564
2026-01-14 19:21:08,node-g,0,0.0,15.7,317,24564
2026-01-14 19:21:10,node-f,0,0.0,18.5,525,24564
2026-01-14 19:21:10,node-h,0,0.0,16.2,317,24564
2026-01-14 19:21:11,node-e,0,0.0,17.3,525,24564
2026-01-14 19:21:13,node-g,0,0.0,15.6,317,24564
2026-01-14 19:21:15,node-f,0,0.0,18.4,525,24564
2026-01-14 19:21:15,node-h,0,0.0,16.2,317,24564
2026-01-14 19:21:16,node-e,0,0.0,17.5,525,24564
2026-01-14 19:21:18,node-g,0,0.0,15.6,317,24564
2026-01-14 19:21:20,node-f,0,0.0,18.4,525,24564
2026-01-14 19:21:21,node-e,0,0.0,17.5,525,24564
2026-01-14 19:21:23,node-g,0,0.0,15.5,317,24564
2026-01-14 19:21:25,node-f,0,0.0,18.5,525,24564
2026-01-14 19:21:26,node-e,0,0.0,17.5,525,24564
2026-01-14 19:21:26,node-h,0,0.0,16.3,317,24564
2026-01-14 19:21:28,node-g,0,0.0,15.4,317,24564
2026-01-14 19:21:30,node-f,0,0.0,18.4,525,24564
2026-01-14 19:21:31,node-e,0,0.0,17.5,525,24564
2026-01-14 19:21:31,node-h,0,0.0,16.3,317,24564
2026-01-14 19:21:33,node-g,0,0.0,15.5,317,24564
2026-01-14 19:21:35,node-f,0,0.0,18.3,525,24564
2026-01-14 19:21:36,node-e,0,0.0,17.5,525,24564
2026-01-14 19:21:36,node-h,0,0.0,16.2,317,24564
2026-01-14 19:21:38,node-g,0,0.0,15.5,317,24564
2026-01-14 19:21:40,node-f,0,0.0,18.3,525,24564
2026-01-14 19:21:41,node-e,0,0.0,17.7,525,24564
2026-01-14 19:21:41,node-h,0,0.0,16.2,317,24564
2026-01-14 19:21:46,node-e,0,0.0,17.5,525,24564
2026-01-14 19:21:46,node-h,0,0.0,16.2,317,24564
2026-01-14 19:21:49,node-g,0,0.0,15.5,317,24564
2026-01-14 19:21:51,node-e,0,0.0,17.4,525,24564
2026-01-14 19:21:51,node-f,0,0.0,18.4,525,24564
2026-01-14 19:21:51,node-h,0,0.0,16.4,317,24564
2026-01-14 19:21:54,node-g,0,0.0,15.4,317,24564
2026-01-14 19:21:56,node-e,0,0.0,17.7,525,24564
2026-01-14 19:21:56,node-f,0,0.0,18.4,525,24564
2026-01-14 19:21:59,node-g,0,0.0,15.4,317,24564
2026-01-14 19:22:01,node-e,0,0.0,17.4,525,24564
2026-01-14 19:22:01,node-f,0,0.0,18.3,525,24564
2026-01-14 19:22:03,node-h,0,0.0,16.2,317,24564
2026-01-14 19:22:04,node-g,0,0.0,15.3,317,24564
2026-01-14 19:22:06,node-e,0,0.0,17.4,525,24564
2026-01-14 19:22:06,node-f,0,0.0,18.4,525,24564
2026-01-14 19:22:08,node-h,0,0.0,16.2,317,24564
2026-01-14 19:22:09,node-g,0,0.0,15.3,317,24564
2026-01-14 19:22:11,node-e,0,0.0,17.6,525,24564
2026-01-14 19:22:11,node-f,0,0.0,18.4,525,24564
2026-01-14 19:22:13,node-h,0,0.0,16.1,317,24564
2026-01-14 19:22:14,node-g,0,0.0,15.4,317,24564
2026-01-14 19:22:16,node-e,0,0.0,17.6,525,24564
2026-01-14 19:22:16,node-f,0,0.0,18.4,525,24564
2026-01-14 19:22:18,node-h,0,0.0,16.3,317,24564
2026-01-14 19:22:19,node-g,0,0.0,15.5,317,24564
2026-01-14 19:22:21,node-f,0,0.0,18.5,525,24564
2026-01-14 19:22:23,node-h,0,0.0,16.3,317,24564
2026-01-14 19:22:24,node-g,0,0.0,15.5,317,24564
2026-01-14 19:22:26,node-f,0,0.0,18.5,525,24564
2026-01-14 19:22:27,node-e,0,0.0,17.4,525,24564
2026-01-14 19:22:28,node-h,0,0.0,16.3,317,24564
2026-01-14 19:22:29,node-g,0,0.0,15.4,317,24564
2026-01-14 19:22:31,node-f,0,0.0,18.4,525,24564
2026-01-14 19:22:32,node-e,0,0.0,17.5,525,24564
2026-01-14 19:22:33,node-h,0,0.0,16.5,317,24564
2026-01-14 19:22:34,node-g,0,0.0,15.5,317,24564
2026-01-14 19:22:36,node-f,0,0.0,18.4,525,24564
2026-01-14 19:22:37,node-e,0,0.0,17.6,525,24564
2026-01-14 19:22:38,node-h,0,0.0,16.2,317,24564
2026-01-14 19:22:39,node-g,0,0.0,15.4,317,24564
2026-01-14 19:22:41,node-f,0,0.0,18.4,525,24564
2026-01-14 19:22:42,node-e,0,0.0,17.6,525,24564
2026-01-14 19:22:43,node-h,0,0.0,16.0,317,24564
2026-01-14 19:22:44,node-g,0,0.0,15.5,317,24564
2026-01-14 19:22:46,node-f,0,0.0,18.5,525,24564
2026-01-14 19:22:47,node-e,0,0.0,17.3,525,24564
2026-01-14 19:22:48,node-h,0,0.0,16.3,317,24564
2026-01-14 19:22:49,node-g,0,0.0,15.5,317,24564
2026-01-14 19:22:51,node-f,0,0.0,18.4,525,24564
2026-01-14 19:22:52,node-e,0,0.0,17.6,525,24564
2026-01-14 19:22:53,node-h,0,0.0,16.4,317,24564
2026-01-14 19:22:54,node-g,0,0.0,15.4,317,24564
2026-01-14 19:22:57,node-e,0,0.0,17.4,525,24564
2026-01-14 19:22:58,node-h,0,0.0,16.3,317,24564
2026-01-14 19:23:00,node-g,0,0.0,15.5,317,24564
2026-01-14 19:23:02,node-e,0,0.0,17.4,525,24564
2026-01-14 19:23:02,node-f,0,0.0,18.3,525,24564
2026-01-14 19:23:03,node-h,0,0.0,16.2,317,24564
2026-01-14 19:23:05,node-g,0,0.0,15.5,317,24564
2026-01-14 19:23:07,node-e,0,0.0,17.5,525,24564
2026-01-14 19:23:07,node-f,0,0.0,18.3,525,24564
2026-01-14 19:23:08,node-h,0,0.0,16.3,317,24564
2026-01-14 19:23:12,node-e,0,0.0,17.6,525,24564
2026-01-14 19:23:12,node-f,0,0.0,18.4,525,24564
2026-01-14 19:23:13,node-h,0,0.0,16.4,317,24564
2026-01-14 19:23:16,node-g,0,0.0,15.5,317,24564
2026-01-14 19:23:17,node-e,0,0.0,17.5,525,24564
2026-01-14 19:23:17,node-f,0,0.0,18.4,525,24564
2026-01-14 19:23:18,node-h,0,0.0,16.1,317,24564
2026-01-14 19:23:21,node-g,0,0.0,15.5,317,24564
2026-01-14 19:23:22,node-e,0,0.0,17.6,525,24564
2026-01-14 19:23:22,node-f,0,0.0,18.5,525,24564
2026-01-14 19:23:23,node-h,0,0.0,16.1,317,24564
2026-01-14 19:23:26,node-g,0,0.0,15.3,317,24564
2026-01-14 19:23:27,node-e,0,0.0,17.5,525,24564
2026-01-14 19:23:27,node-f,0,0.0,18.5,525,24564
2026-01-14 19:23:28,node-h,0,0.0,16.3,317,24564
2026-01-14 19:23:31,node-g,0,0.0,15.6,317,24564
2026-01-14 19:23:32,node-e,0,0.0,17.6,525,24564
2026-01-14 19:23:32,node-f,0,0.0,18.5,525,24564
2026-01-14 19:23:33,node-h,0,0.0,16.2,317,24564
2026-01-14 19:23:36,node-g,0,0.0,15.4,317,24564
2026-01-14 19:23:37,node-e,0,0.0,17.4,525,24564
2026-01-14 19:23:37,node-f,0,0.0,18.5,525,24564
2026-01-14 19:23:38,node-h,0,0.0,16.2,317,24564
2026-01-14 19:23:41,node-g,0,0.0,15.5,317,24564
2026-01-14 19:23:42,node-e,0,0.0,17.6,525,24564
2026-01-14 19:23:42,node-f,0,0.0,18.6,525,24564
2026-01-14 19:23:43,node-h,0,0.0,16.3,317,24564
2026-01-14 19:23:46,node-g,0,0.0,15.6,317,24564
2026-01-14 19:23:47,node-e,0,0.0,17.4,525,24564
2026-01-14 19:23:48,node-f,0,0.0,18.5,525,24564
2026-01-14 19:23:48,node-h,0,0.0,16.2,317,24564
2026-01-14 19:23:51,node-g,0,0.0,15.6,317,24564
2026-01-14 19:23:52,node-e,0,0.0,17.5,525,24564
2026-01-14 19:23:53,node-f,0,0.0,18.5,525,24564
2026-01-14 19:23:53,node-h,0,0.0,16.1,317,24564
2026-01-14 19:23:56,node-g,0,0.0,15.4,317,24564
2026-01-14 19:23:57,node-e,0,0.0,17.5,525,24564
2026-01-14 19:23:58,node-f,0,0.0,18.4,525,24564
2026-01-14 19:24:01,node-g,0,0.0,15.5,317,24564
2026-01-14 19:24:02,node-e,0,0.0,17.5,525,24564
2026-01-14 19:24:03,node-f,0,0.0,18.6,525,24564
2026-01-14 19:24:04,node-h,0,0.0,16.0,317,24564
2026-01-14 19:24:06,node-g,0,0.0,15.4,317,24564
2026-01-14 19:24:07,node-e,0,0.0,17.4,525,24564
2026-01-14 19:24:08,node-f,0,0.0,18.5,525,24564
2026-01-14 19:24:09,node-h,0,0.0,16.3,317,24564
2026-01-14 19:24:11,node-g,0,0.0,15.4,317,24564
2026-01-14 19:24:12,node-e,0,0.0,17.4,525,24564
2026-01-14 19:24:13,node-f,0,0.0,18.4,525,24564
2026-01-14 19:24:14,node-h,0,0.0,16.3,317,24564
2026-01-14 19:24:16,node-g,0,0.0,15.4,317,24564
2026-01-14 19:24:17,node-e,0,0.0,17.2,525,24564
2026-01-14 19:24:18,node-f,0,0.0,18.5,525,24564
2026-01-14 19:24:19,node-h,0,0.0,16.4,317,24564
2026-01-14 19:24:21,node-g,0,0.0,15.6,317,24564
2026-01-14 19:24:22,node-e,0,0.0,17.6,525,24564
2026-01-14 19:24:23,node-f,0,0.0,18.4,525,24564
2026-01-14 19:24:24,node-h,0,0.0,16.4,317,24564
2026-01-14 19:24:26,node-g,0,0.0,15.4,317,24564
2026-01-14 19:24:27,node-e,0,0.0,17.5,525,24564
2026-01-14 19:24:28,node-f,0,0.0,18.5,525,24564
2026-01-14 19:24:29,node-h,0,0.0,16.5,317,24564
2026-01-14 19:24:31,node-g,0,0.0,15.4,317,24564
2026-01-14 19:24:32,node-e,0,0.0,17.5,525,24564
2026-01-14 19:24:33,node-f,0,0.0,18.6,525,24564
2026-01-14 19:24:34,node-h,0,0.0,16.2,317,24564
2026-01-14 19:24:36,node-g,0,0.0,15.4,317,24564
2026-01-14 19:24:37,node-e,0,0.0,17.6,525,24564
2026-01-14 19:24:38,node-f,0,0.0,18.4,525,24564
2026-01-14 19:24:39,node-h,0,0.0,16.4,317,24564
2026-01-14 19:24:41,node-g,0,0.0,15.3,317,24564
2026-01-14 19:24:42,node-e,0,0.0,17.6,525,24564
2026-01-14 19:24:43,node-f,0,0.0,18.4,525,24564
2026-01-14 19:24:44,node-h,0,0.0,16.4,317,24564
2026-01-14 19:24:46,node-g,0,0.0,15.4,317,24564
2026-01-14 19:24:47,node-e,0,0.0,17.4,525,24564
2026-01-14 19:24:48,node-f,0,0.0,18.4,525,24564
2026-01-14 19:24:49,node-h,0,0.0,16.3,317,24564
2026-01-14 19:24:51,node-g,0,0.0,15.5,317,24564
2026-01-14 19:24:52,node-e,0,0.0,17.4,525,24564
2026-01-14 19:24:53,node-f,0,0.0,18.5,525,24564
2026-01-14 19:24:54,node-h,0,0.0,16.3,317,24564
2026-01-14 19:24:56,node-g,0,0.0,15.7,317,24564
2026-01-14 19:24:57,node-e,0,0.0,17.5,525,24564
2026-01-14 19:24:58,node-f,0,0.0,18.4,525,24564
2026-01-14 19:24:59,node-h,0,0.0,16.4,317,24564
2026-01-14 19:25:01,node-g,0,0.0,15.5,317,24564
2026-01-14 19:25:02,node-e,0,0.0,17.5,525,24564
2026-01-14 19:25:03,node-f,0,0.0,18.5,525,24564
2026-01-14 19:25:04,node-h,0,0.0,16.3,317,24564
2026-01-14 19:25:06,node-g,0,0.0,15.5,317,24564
2026-01-14 19:25:07,node-e,0,0.0,17.3,525,24564
2026-01-14 19:25:08,node-f,0,0.0,18.6,525,24564
2026-01-14 19:25:09,node-h,0,0.0,16.4,317,24564
2026-01-14 19:25:11,node-g,0,0.0,15.4,317,24564
2026-01-14 19:25:12,node-e,0,0.0,17.2,525,24564
2026-01-14 19:25:13,node-f,0,0.0,18.5,525,24564
2026-01-14 19:25:14,node-h,0,0.0,16.4,317,24564
2026-01-14 19:25:16,node-g,0,0.0,15.4,317,24564
2026-01-14 19:25:17,node-e,0,0.0,17.3,525,24564
2026-01-14 19:25:18,node-f,0,0.0,18.5,525,24564
2026-01-14 19:25:19,node-h,0,0.0,16.3,317,24564
2026-01-14 19:25:21,node-g,0,0.0,15.5,317,24564
2026-01-14 19:25:22,node-e,0,0.0,17.3,525,24564
2026-01-14 19:25:23,node-f,0,0.0,18.4,525,24564
2026-01-14 19:25:24,node-h,0,0.0,16.3,317,24564
2026-01-14 19:25:26,node-g,0,0.0,15.5,317,24564
2026-01-14 19:25:28,node-e,0,0.0,17.4,525,24564
2026-01-14 19:25:28,node-f,0,0.0,18.5,525,24564
2026-01-14 19:25:29,node-h,0,0.0,16.4,317,24564
2026-01-14 19:25:31,node-g,0,0.0,15.5,317,24564
2026-01-14 19:25:33,node-e,0,0.0,17.4,525,24564
2026-01-14 19:25:33,node-f,0,0.0,18.4,525,24564
2026-01-14 19:25:34,node-h,0,0.0,16.3,317,24564
2026-01-14 19:25:36,node-g,0,0.0,15.5,317,24564
2026-01-14 19:25:38,node-e,0,0.0,17.5,525,24564
2026-01-14 19:25:38,node-f,0,0.0,18.5,525,24564
2026-01-14 19:25:39,node-h,0,0.0,16.3,317,24564
2026-01-14 19:25:41,node-g,0,0.0,15.6,317,24564
2026-01-14 19:25:43,node-e,0,0.0,17.3,525,24564
2026-01-14 19:25:43,node-f,0,0.0,18.6,525,24564
2026-01-14 19:25:44,node-h,0,0.0,16.3,317,24564
2026-01-14 19:25:46,node-g,0,0.0,15.5,317,24564
2026-01-14 19:25:48,node-e,0,0.0,17.3,525,24564
2026-01-14 19:25:48,node-f,0,0.0,18.4,525,24564
2026-01-14 19:25:49,node-h,0,0.0,16.5,317,24564
2026-01-14 19:25:51,node-g,0,0.0,15.4,317,24564
2026-01-14 19:25:53,node-e,0,0.0,17.4,525,24564
2026-01-14 19:25:53,node-f,0,0.0,18.5,525,24564
2026-01-14 19:25:54,node-h,0,0.0,16.5,317,24564
2026-01-14 19:25:56,node-g,0,0.0,15.5,317,24564
2026-01-14 19:25:58,node-e,0,0.0,17.5,525,24564
2026-01-14 19:25:58,node-f,0,0.0,18.7,525,24564
2026-01-14 19:25:59,node-h,0,0.0,16.2,317,24564
2026-01-14 19:26:01,node-g,0,0.0,15.5,317,24564
2026-01-14 19:26:03,node-e,0,0.0,17.5,525,24564
2026-01-14 19:26:03,node-f,0,0.0,18.5,525,24564
2026-01-14 19:26:04,node-h,0,0.0,16.3,317,24564
2026-01-14 19:26:06,node-g,0,0.0,15.3,317,24564
2026-01-14 19:26:08,node-e,0,0.0,17.4,525,24564
2026-01-14 19:26:08,node-f,0,0.0,18.5,525,24564
2026-01-14 19:26:09,node-h,0,0.0,16.4,317,24564
2026-01-14 19:26:11,node-g,0,0.0,15.5,317,24564
2026-01-14 19:26:13,node-e,0,0.0,17.1,525,24564
2026-01-14 19:26:13,node-f,0,0.0,18.6,525,24564
2026-01-14 19:26:14,node-h,0,0.0,16.5,317,24564
2026-01-14 19:26:16,node-g,0,0.0,15.4,317,24564
2026-01-14 19:26:18,node-e,0,0.0,17.3,525,24564
2026-01-14 19:26:18,node-f,0,0.0,18.6,525,24564
2026-01-14 19:26:19,node-h,0,0.0,16.3,317,24564
2026-01-14 19:26:21,node-g,0,0.0,15.4,317,24564
2026-01-14 19:26:23,node-e,0,0.0,17.3,525,24564
2026-01-14 19:26:23,node-f,0,0.0,18.5,525,24564
2026-01-14 19:26:24,node-h,0,0.0,16.3,317,24564
2026-01-14 19:26:26,node-g,0,0.0,15.6,317,24564
2026-01-14 19:26:28,node-e,0,0.0,17.3,525,24564
2026-01-14 19:26:28,node-f,0,0.0,18.4,525,24564
2026-01-14 19:26:29,node-h,0,0.0,16.2,317,24564
2026-01-14 19:26:31,node-g,0,0.0,15.5,317,24564
2026-01-14 19:26:33,node-e,0,0.0,17.4,525,24564
2026-01-14 19:26:33,node-f,0,0.0,18.6,525,24564
2026-01-14 19:26:34,node-h,0,0.0,16.3,317,24564
2026-01-14 19:26:36,node-g,0,0.0,15.3,317,24564
2026-01-14 19:26:38,node-e,0,0.0,17.6,525,24564
2026-01-14 19:26:38,node-f,0,0.0,18.4,525,24564
2026-01-14 19:26:39,node-h,0,0.0,16.2,317,24564
2026-01-14 19:26:41,node-g,0,0.0,15.4,317,24564
2026-01-14 19:26:43,node-e,0,0.0,17.4,525,24564
2026-01-14 19:26:43,node-f,0,0.0,18.4,525,24564
2026-01-14 19:26:44,node-h,0,0.0,16.4,317,24564
2026-01-14 19:26:46,node-g,0,0.0,15.4,317,24564
2026-01-14 19:26:48,node-e,0,0.0,17.4,525,24564
2026-01-14 19:26:48,node-f,0,0.0,18.5,525,24564
2026-01-14 19:26:49,node-h,0,0.0,16.3,317,24564
2026-01-14 19:26:51,node-g,0,0.0,15.4,317,24564
2026-01-14 19:26:53,node-e,0,0.0,17.2,525,24564
2026-01-14 19:26:53,node-f,0,0.0,18.3,525,24564
2026-01-14 19:26:54,node-h,0,0.0,16.4,317,24564
2026-01-14 19:26:56,node-g,0,0.0,15.4,317,24564
2026-01-14 19:26:58,node-e,0,0.0,17.4,525,24564
2026-01-14 19:26:58,node-f,0,0.0,18.4,525,24564
2026-01-14 19:26:59,node-h,0,0.0,16.4,317,24564
2026-01-14 19:27:01,node-g,0,0.0,15.5,317,24564
2026-01-14 19:27:03,node-e,0,0.0,17.4,525,24564
2026-01-14 19:27:03,node-f,0,0.0,18.3,525,24564
2026-01-14 19:27:04,node-h,0,0.0,16.3,317,24564
2026-01-14 19:27:06,node-g,0,0.0,15.4,317,24564
2026-01-14 19:27:08,node-e,0,0.0,17.4,525,24564
2026-01-14 19:27:08,node-f,0,0.0,18.5,525,24564
2026-01-14 19:27:09,node-h,0,0.0,16.3,317,24564
2026-01-14 19:27:11,node-g,0,0.0,15.5,317,24564
2026-01-14 19:27:13,node-e,0,0.0,17.4,525,24564
2026-01-14 19:27:13,node-f,0,0.0,18.5,525,24564
2026-01-14 19:27:14,node-h,0,0.0,16.2,317,24564
2026-01-14 19:27:16,node-g,0,0.0,15.4,317,24564
2026-01-14 19:27:18,node-e,0,0.0,17.3,525,24564
2026-01-14 19:27:18,node-f,0,0.0,18.5,525,24564
2026-01-14 19:27:19,node-h,0,0.0,16.5,317,24564
2026-01-14 19:27:21,node-g,0,0.0,15.4,317,24564
2026-01-14 19:27:23,node-e,0,0.0,17.4,525,24564
2026-01-14 19:27:23,node-f,0,0.0,18.6,525,24564
2026-01-14 19:27:24,node-h,0,0.0,16.2,317,24564
2026-01-14 19:27:26,node-g,0,0.0,15.3,317,24564
2026-01-14 19:27:28,node-e,0,0.0,17.5,525,24564
2026-01-14 19:27:28,node-f,0,0.0,18.4,525,24564
2026-01-14 19:27:29,node-h,0,0.0,16.5,317,24564
2026-01-14 19:27:31,node-g,0,0.0,15.5,317,24564
2026-01-14 19:27:33,node-e,0,0.0,17.4,525,24564
2026-01-14 19:27:33,node-f,0,0.0,18.5,525,24564
2026-01-14 19:27:34,node-h,0,0.0,16.5,317,24564
2026-01-14 19:27:36,node-g,0,0.0,15.4,317,24564
2026-01-14 19:27:38,node-e,0,0.0,17.4,525,24564
2026-01-14 19:27:38,node-f,0,0.0,18.5,525,24564
2026-01-14 19:27:39,node-h,0,0.0,16.4,317,24564
2026-01-14 19:27:41,node-g,0,0.0,15.3,317,24564
2026-01-14 19:27:43,node-e,0,0.0,17.4,525,24564
2026-01-14 19:27:43,node-f,0,0.0,18.5,525,24564
2026-01-14 19:27:44,node-h,0,0.0,16.4,317,24564
2026-01-14 19:27:46,node-g,0,0.0,15.4,317,24564
2026-01-14 19:27:48,node-e,0,0.0,17.5,525,24564
2026-01-14 19:27:48,node-f,0,0.0,18.5,525,24564
2026-01-14 19:27:49,node-h,0,0.0,16.4,317,24564
2026-01-14 19:27:51,node-g,0,0.0,15.5,317,24564
2026-01-14 19:27:53,node-e,0,0.0,17.3,525,24564
2026-01-14 19:27:53,node-f,0,0.0,18.5,525,24564
2026-01-14 19:27:54,node-h,0,0.0,16.5,317,24564
2026-01-14 19:27:56,node-g,0,0.0,15.3,317,24564
2026-01-14 19:27:58,node-e,0,0.0,17.3,525,24564
2026-01-14 19:27:58,node-f,0,0.0,18.4,525,24564
2026-01-14 19:28:00,node-h,0,0.0,16.3,317,24564
2026-01-14 19:28:01,node-g,0,0.0,15.5,317,24564
2026-01-14 19:28:03,node-e,0,0.0,17.4,525,24564
2026-01-14 19:28:03,node-f,0,0.0,18.4,525,24564
2026-01-14 19:28:05,node-h,0,0.0,16.3,317,24564
2026-01-14 19:28:06,node-g,0,0.0,15.5,317,24564
2026-01-14 19:28:08,node-e,0,0.0,17.4,525,24564
2026-01-14 19:28:08,node-f,0,0.0,18.4,525,24564
2026-01-14 19:28:10,node-h,0,0.0,16.1,317,24564
2026-01-14 19:28:11,node-g,0,0.0,15.5,317,24564
2026-01-14 19:28:13,node-e,0,0.0,17.2,525,24564
2026-01-14 19:28:13,node-f,0,0.0,18.3,525,24564
2026-01-14 19:28:15,node-h,0,0.0,16.1,317,24564
2026-01-14 19:28:16,node-g,0,0.0,15.6,317,24564
2026-01-14 19:28:18,node-e,0,0.0,17.3,525,24564
2026-01-14 19:28:18,node-f,0,0.0,18.3,525,24564
2026-01-14 19:28:20,node-h,0,0.0,16.1,317,24564
2026-01-14 19:28:21,node-g,0,0.0,15.6,317,24564
2026-01-14 19:28:23,node-e,0,0.0,17.3,525,24564
2026-01-14 19:28:23,node-f,0,0.0,18.4,525,24564
2026-01-14 19:28:25,node-h,0,0.0,16.0,317,24564
2026-01-14 19:28:26,node-g,0,0.0,15.6,317,24564
2026-01-14 19:28:28,node-e,0,0.0,17.2,525,24564
2026-01-14 19:28:28,node-f,0,0.0,18.4,525,24564
2026-01-14 19:28:30,node-h,0,0.0,16.3,317,24564
2026-01-14 19:28:31,node-g,0,0.0,15.6,317,24564
2026-01-14 19:28:33,node-e,0,0.0,17.2,525,24564
2026-01-14 19:28:33,node-f,0,0.0,18.5,525,24564
2026-01-14 19:28:35,node-h,0,0.0,16.2,317,24564
2026-01-14 19:28:36,node-g,0,0.0,15.4,317,24564
2026-01-14 19:28:38,node-e,0,0.0,17.5,525,24564
2026-01-14 19:28:38,node-f,0,0.0,18.6,525,24564
2026-01-14 19:28:40,node-h,0,0.0,16.2,317,24564
2026-01-14 19:28:41,node-g,0,0.0,15.5,317,24564
2026-01-14 19:28:43,node-e,0,0.0,17.5,525,24564
2026-01-14 19:28:43,node-f,0,0.0,18.4,525,24564
2026-01-14 19:28:45,node-h,0,0.0,16.2,317,24564
2026-01-14 19:28:46,node-g,0,0.0,15.6,317,24564
2026-01-14 19:28:48,node-e,0,0.0,17.2,525,24564
2026-01-14 19:28:48,node-f,0,0.0,18.4,525,24564
2026-01-14 19:28:50,node-h,0,0.0,16.4,317,24564
2026-01-14 19:28:51,node-g,0,0.0,15.4,317,24564
2026-01-14 19:28:53,node-e,0,0.0,17.3,525,24564
2026-01-14 19:28:53,node-f,0,0.0,18.6,525,24564
2026-01-14 19:28:55,node-h,0,0.0,16.3,317,24564
2026-01-14 19:28:57,node-g,0,0.0,15.5,317,24564
2026-01-14 19:28:58,node-e,0,0.0,17.4,525,24564
2026-01-14 19:28:58,node-f,0,0.0,18.5,525,24564
2026-01-14 19:29:00,node-h,0,0.0,16.3,317,24564
2026-01-14 19:29:02,node-g,0,0.0,15.4,317,24564
2026-01-14 19:29:03,node-e,0,0.0,17.4,525,24564
2026-01-14 19:29:03,node-f,0,0.0,18.6,525,24564
2026-01-14 19:29:05,node-h,0,0.0,16.4,317,24564
2026-01-14 19:29:07,node-g,0,0.0,15.6,317,24564
2026-01-14 19:29:08,node-e,0,0.0,17.3,525,24564
2026-01-14 19:29:08,node-f,0,0.0,18.5,525,24564
2026-01-14 19:29:10,node-h,0,0.0,16.4,317,24564
2026-01-14 19:29:12,node-g,0,0.0,15.4,317,24564
2026-01-14 19:29:13,node-e,0,0.0,17.2,525,24564
2026-01-14 19:29:13,node-f,0,0.0,18.6,525,24564
2026-01-14 19:29:15,node-h,0,0.0,16.3,317,24564
2026-01-14 19:29:17,node-g,0,0.0,15.4,317,24564
2026-01-14 19:29:18,node-e,0,0.0,17.3,525,24564
2026-01-14 19:29:20,node-h,0,0.0,16.3,317,24564
2026-01-14 19:29:22,node-g,0,0.0,15.6,317,24564
2026-01-14 19:29:24,node-e,0,0.0,17.4,525,24564
2026-01-14 19:29:24,node-f,0,0.0,18.5,525,24564
2026-01-14 19:29:25,node-h,0,0.0,16.4,317,24564
2026-01-14 19:29:27,node-g,0,0.0,15.5,317,24564
2026-01-14 19:29:29,node-e,0,0.0,17.3,525,24564
2026-01-14 19:29:29,node-f,0,0.0,18.4,525,24564
2026-01-14 19:29:30,node-h,0,0.0,16.2,317,24564
2026-01-14 19:29:32,node-g,0,0.0,15.5,317,24564
2026-01-14 19:29:34,node-e,0,0.0,17.5,525,24564
2026-01-14 19:29:34,node-f,0,0.0,18.5,525,24564
2026-01-14 19:29:35,node-h,0,0.0,16.5,317,24564
2026-01-14 19:29:37,node-g,0,0.0,15.6,317,24564
2026-01-14 19:29:39,node-e,0,0.0,17.5,525,24564
2026-01-14 19:29:39,node-f,0,0.0,18.5,525,24564
2026-01-14 19:29:40,node-h,0,0.0,16.3,317,24564
2026-01-14 19:29:42,node-g,0,0.0,15.6,317,24564
2026-01-14 19:29:44,node-e,0,0.0,17.4,525,24564
2026-01-14 19:29:44,node-f,0,0.0,18.4,525,24564
2026-01-14 19:29:45,node-h,0,0.0,16.3,317,24564
2026-01-14 19:29:47,node-g,0,0.0,15.5,317,24564
2026-01-14 19:29:49,node-e,0,0.0,17.4,525,24564
2026-01-14 19:29:49,node-f,0,0.0,18.4,525,24564
2026-01-14 19:29:50,node-h,0,0.0,16.4,317,24564
2026-01-14 19:29:52,node-g,0,0.0,15.5,317,24564
2026-01-14 19:29:54,node-e,0,0.0,17.5,525,24564
2026-01-14 19:29:54,node-f,0,0.0,18.5,525,24564
2026-01-14 19:29:55,node-h,0,0.0,16.4,317,24564
2026-01-14 19:29:57,node-g,0,0.0,15.5,317,24564
2026-01-14 19:29:59,node-e,0,0.0,17.4,525,24564
2026-01-14 19:30:00,node-f,0,0.0,18.4,525,24564
2026-01-14 19:30:00,node-h,0,0.0,16.3,317,24564
2026-01-14 19:30:02,node-g,0,0.0,15.4,317,24564
2026-01-14 19:30:04,node-e,0,0.0,17.5,525,24564
2026-01-14 19:30:05,node-f,0,0.0,18.4,525,24564
2026-01-14 19:30:05,node-h,0,0.0,16.3,317,24564
2026-01-14 19:30:07,node-g,0,0.0,15.5,317,24564
2026-01-14 19:30:09,node-e,0,0.0,17.7,525,24564
2026-01-14 19:30:10,node-f,0,0.0,18.4,525,24564
2026-01-14 19:30:10,node-h,0,0.0,16.4,317,24564
2026-01-14 19:30:12,node-g,0,0.0,15.5,317,24564
2026-01-14 19:30:14,node-e,0,0.0,17.4,525,24564
2026-01-14 19:30:15,node-f,0,0.0,18.4,525,24564
2026-01-14 19:30:15,node-h,0,0.0,16.2,317,24564
2026-01-14 19:30:17,node-g,0,0.0,15.4,317,24564
2026-01-14 19:30:19,node-e,0,0.0,17.3,525,24564
2026-01-14 19:30:20,node-f,0,0.0,18.4,525,24564
2026-01-14 19:30:20,node-h,0,0.0,16.1,317,24564
2026-01-14 19:30:22,node-g,0,0.0,15.4,317,24564
2026-01-14 19:30:24,node-e,0,0.0,17.4,525,24564
2026-01-14 19:30:25,node-f,0,0.0,18.5,525,24564
2026-01-14 19:30:25,node-h,0,0.0,16.2,317,24564
2026-01-14 19:30:27,node-g,0,0.0,15.5,317,24564
2026-01-14 19:30:29,node-e,0,0.0,17.4,525,24564
2026-01-14 19:30:30,node-f,0,0.0,18.5,525,24564
2026-01-14 19:30:30,node-h,0,0.0,16.3,317,24564
2026-01-14 19:30:32,node-g,0,0.0,15.4,317,24564
2026-01-14 19:30:34,node-e,0,0.0,17.3,525,24564
2026-01-14 19:30:35,node-f,0,0.0,18.4,525,24564
2026-01-14 19:30:35,node-h,0,0.0,16.3,317,24564
2026-01-14 19:30:37,node-g,0,0.0,15.5,317,24564
2026-01-14 19:30:39,node-e,0,0.0,17.3,525,24564
2026-01-14 19:30:40,node-f,0,0.0,18.4,525,24564
2026-01-14 19:30:40,node-h,0,0.0,16.3,317,24564
2026-01-14 19:30:42,node-g,0,0.0,15.5,317,24564
2026-01-14 19:30:44,node-e,0,0.0,17.6,525,24564
2026-01-14 19:30:45,node-f,0,0.0,18.5,525,24564
2026-01-14 19:30:45,node-h,0,0.0,16.2,317,24564
2026-01-14 19:30:47,node-g,0,0.0,15.4,317,24564
2026-01-14 19:30:49,node-e,0,0.0,17.4,525,24564
2026-01-14 19:30:50,node-f,0,0.0,18.4,525,24564
2026-01-14 19:30:50,node-h,0,0.0,16.3,317,24564
2026-01-14 19:30:52,node-g,0,0.0,15.6,317,24564
2026-01-14 19:30:54,node-e,0,0.0,17.5,525,24564
2026-01-14 19:30:55,node-f,0,0.0,18.4,525,24564
2026-01-14 19:30:55,node-h,0,0.0,16.3,317,24564
2026-01-14 19:30:57,node-g,0,0.0,15.4,317,24564
2026-01-14 19:30:59,node-e,0,0.0,17.5,525,24564
2026-01-14 19:31:00,node-f,0,0.0,18.5,525,24564
2026-01-14 19:31:00,node-h,0,0.0,16.3,317,24564
2026-01-14 19:31:02,node-g,0,0.0,15.5,317,24564
2026-01-14 19:31:04,node-e,0,0.0,17.3,525,24564
2026-01-14 19:31:05,node-f,0,0.0,18.4,525,24564
2026-01-14 19:31:05,node-h,0,0.0,16.3,317,24564
2026-01-14 19:31:07,node-g,0,0.0,15.5,317,24564
2026-01-14 19:31:09,node-e,0,0.0,17.3,525,24564
2026-01-14 19:31:10,node-f,0,0.0,18.5,525,24564
2026-01-14 19:31:10,node-h,0,0.0,16.3,317,24564
2026-01-14 19:31:12,node-g,0,0.0,15.5,317,24564
2026-01-14 19:31:14,node-e,0,0.0,17.4,525,24564
2026-01-14 19:31:15,node-f,0,0.0,18.6,525,24564
2026-01-14 19:31:15,node-h,0,0.0,16.3,317,24564
2026-01-14 19:31:17,node-g,0,0.0,15.3,317,24564
2026-01-14 19:31:19,node-e,0,0.0,17.4,525,24564
2026-01-14 19:31:20,node-f,0,0.0,18.5,525,24564
2026-01-14 19:31:20,node-h,0,0.0,16.5,317,24564
2026-01-14 19:31:22,node-g,0,0.0,15.5,317,24564
2026-01-14 19:31:24,node-e,0,0.0,17.3,525,24564
2026-01-14 19:31:25,node-f,0,0.0,18.5,525,24564
2026-01-14 19:31:25,node-h,0,0.0,16.4,317,24564
2026-01-14 19:31:27,node-g,0,0.0,15.6,317,24564
2026-01-14 19:31:29,node-e,0,0.0,17.2,525,24564
2026-01-14 19:31:30,node-f,0,0.0,18.5,525,24564
2026-01-14 19:31:30,node-h,0,0.0,16.2,317,24564
2026-01-14 19:31:32,node-g,0,0.0,15.6,317,24564
2026-01-14 19:31:34,node-e,0,0.0,17.4,525,24564
2026-01-14 19:31:35,node-f,0,0.0,18.5,525,24564
2026-01-14 19:31:35,node-h,0,0.0,16.3,317,24564
2026-01-14 19:31:37,node-g,0,0.0,15.6,317,24564
2026-01-14 19:31:39,node-e,0,0.0,17.3,525,24564
2026-01-14 19:31:40,node-f,0,0.0,18.5,525,24564
2026-01-14 19:31:40,node-h,0,0.0,16.2,317,24564
2026-01-14 19:31:42,node-g,0,0.0,15.5,317,24564
2026-01-14 19:31:44,node-e,0,0.0,17.3,525,24564
2026-01-14 19:31:45,node-f,0,0.0,18.4,525,24564
2026-01-14 19:31:45,node-h,0,0.0,16.1,317,24564
2026-01-14 19:31:47,node-g,0,0.0,15.5,317,24564
2026-01-14 19:31:49,node-e,0,0.0,17.5,525,24564
2026-01-14 19:31:50,node-f,0,0.0,18.4,525,24564
2026-01-14 19:31:50,node-h,0,0.0,16.2,317,24564
2026-01-14 19:31:52,node-g,0,0.0,15.4,317,24564
2026-01-14 19:31:54,node-e,0,0.0,17.5,525,24564
2026-01-14 19:31:55,node-f,0,0.0,18.2,525,24564
2026-01-14 19:31:55,node-h,0,0.0,16.2,317,24564
2026-01-14 19:31:57,node-g,0,0.0,15.5,317,24564
2026-01-14 19:31:59,node-e,0,0.0,17.3,525,24564
2026-01-14 19:32:00,node-f,0,0.0,18.4,525,24564
2026-01-14 19:32:00,node-h,0,0.0,16.1,317,24564
2026-01-14 19:32:02,node-g,0,0.0,15.5,317,24564
2026-01-14 19:32:04,node-e,0,0.0,17.3,525,24564
2026-01-14 19:32:05,node-f,0,0.0,18.5,525,24564
2026-01-14 19:32:05,node-h,0,0.0,16.2,317,24564
2026-01-14 19:32:07,node-g,0,0.0,15.5,317,24564
2026-01-14 19:32:09,node-e,0,0.0,17.3,525,24564
2026-01-14 19:32:10,node-f,0,0.0,18.5,525,24564
2026-01-14 19:32:10,node-h,0,0.0,16.1,317,24564
2026-01-14 19:32:12,node-g,0,0.0,15.6,317,24564
2026-01-14 19:32:14,node-e,0,0.0,17.2,525,24564
2026-01-14 19:32:15,node-f,0,0.0,18.5,525,24564
2026-01-14 19:32:15,node-h,0,0.0,16.2,317,24564
2026-01-14 19:32:17,node-g,0,0.0,15.7,317,24564
2026-01-14 19:32:19,node-e,0,0.0,17.4,525,24564
2026-01-14 19:32:20,node-f,0,0.0,18.4,525,24564
2026-01-14 19:32:20,node-h,0,0.0,16.0,317,24564
2026-01-14 19:32:22,node-g,0,0.0,15.5,317,24564
2026-01-14 19:32:24,node-e,0,0.0,17.2,525,24564
2026-01-14 19:32:25,node-f,0,0.0,18.5,525,24564
2026-01-14 19:32:25,node-h,0,0.0,16.2,317,24564
2026-01-14 19:32:27,node-g,0,0.0,15.7,317,24564
2026-01-14 19:32:29,node-e,0,0.0,17.3,525,24564
2026-01-14 19:32:30,node-f,0,0.0,18.4,525,24564
2026-01-14 19:32:30,node-h,0,0.0,16.3,317,24564
2026-01-14 19:32:32,node-g,0,0.0,15.6,317,24564
2026-01-14 19:32:34,node-e,0,0.0,17.3,525,24564
2026-01-14 19:32:35,node-f,0,0.0,18.3,525,24564
2026-01-14 19:32:35,node-h,0,0.0,16.1,317,24564
2026-01-14 19:32:37,node-g,0,0.0,15.5,317,24564
2026-01-14 19:32:39,node-e,0,0.0,17.3,525,24564
2026-01-14 19:32:40,node-f,0,0.0,18.5,525,24564
2026-01-14 19:32:40,node-h,0,0.0,16.1,317,24564
2026-01-14 19:32:42,node-g,0,0.0,15.5,317,24564
2026-01-14 19:32:44,node-e,0,0.0,17.4,525,24564
2026-01-14 19:32:45,node-f,0,0.0,18.4,525,24564
2026-01-14 19:32:45,node-h,0,0.0,16.3,317,24564
2026-01-14 19:32:47,node-g,0,0.0,15.5,317,24564
2026-01-14 19:32:49,node-e,0,0.0,17.4,525,24564
2026-01-14 19:32:50,node-f,0,0.0,18.2,525,24564
2026-01-14 19:32:50,node-h,0,0.0,16.2,317,24564
2026-01-14 19:32:52,node-g,0,0.0,15.6,317,24564
2026-01-14 19:32:54,node-e,0,0.0,17.3,525,24564
2026-01-14 19:32:55,node-f,0,0.0,18.4,525,24564
2026-01-14 19:32:56,node-h,0,0.0,16.1,317,24564
2026-01-14 19:32:57,node-g,0,0.0,15.5,317,24564
2026-01-14 19:32:59,node-e,0,0.0,17.3,525,24564
2026-01-14 19:33:00,node-f,0,0.0,18.4,525,24564
2026-01-14 19:33:01,node-h,0,0.0,16.1,317,24564
2026-01-14 19:33:02,node-g,0,0.0,15.7,317,24564
2026-01-14 19:33:04,node-e,0,0.0,17.4,525,24564
2026-01-14 19:33:05,node-f,0,0.0,18.4,525,24564
2026-01-14 19:33:06,node-h,0,0.0,16.2,317,24564
2026-01-14 19:33:07,node-g,0,0.0,15.7,317,24564
2026-01-14 19:33:09,node-e,0,0.0,17.2,525,24564
2026-01-14 19:33:10,node-f,0,0.0,18.4,525,24564
2026-01-14 19:33:11,node-h,0,0.0,16.0,317,24564
2026-01-14 19:33:12,node-g,0,0.0,15.4,317,24564
2026-01-14 19:33:14,node-e,0,0.0,17.3,525,24564
2026-01-14 19:33:15,node-f,0,0.0,18.4,525,24564
2026-01-14 19:33:16,node-h,0,0.0,16.0,317,24564
2026-01-14 19:33:17,node-g,0,0.0,15.6,317,24564
2026-01-14 19:33:19,node-e,0,0.0,17.4,525,24564
2026-01-14 19:33:20,node-f,0,0.0,18.5,525,24564
2026-01-14 19:33:21,node-h,0,0.0,16.1,317,24564
2026-01-14 19:33:22,node-g,0,0.0,15.7,317,24564
2026-01-14 19:33:24,node-e,0,0.0,17.5,525,24564
2026-01-14 19:33:25,node-f,0,0.0,18.3,525,24564
2026-01-14 19:33:26,node-h,0,0.0,16.0,317,24564
2026-01-14 19:33:27,node-g,0,0.0,15.6,317,24564
2026-01-14 19:33:29,node-e,0,0.0,17.5,525,24564
2026-01-14 19:33:30,node-f,0,0.0,18.3,525,24564
2026-01-14 19:33:31,node-h,0,0.0,16.1,317,24564
2026-01-14 19:33:32,node-g,0,0.0,15.6,317,24564
2026-01-14 19:33:34,node-e,0,0.0,17.5,525,24564
2026-01-14 19:33:35,node-f,0,0.0,18.4,525,24564
2026-01-14 19:33:36,node-h,0,0.0,16.1,317,24564
2026-01-14 19:33:37,node-g,0,0.0,15.7,317,24564
2026-01-14 19:33:39,node-e,0,0.0,17.6,525,24564
2026-01-14 19:33:40,node-f,0,0.0,18.4,525,24564
2026-01-14 19:33:41,node-h,0,0.0,16.2,317,24564
2026-01-14 19:33:42,node-g,0,0.0,15.5,317,24564
2026-01-14 19:33:44,node-e,0,0.0,17.3,525,24564
2026-01-14 19:33:45,node-f,0,0.0,18.4,525,24564
2026-01-14 19:33:46,node-h,0,0.0,16.2,317,24564
2026-01-14 19:33:47,node-g,0,0.0,15.6,317,24564
2026-01-14 19:33:49,node-e,0,0.0,17.4,525,24564
2026-01-14 19:33:50,node-f,0,0.0,18.5,525,24564
2026-01-14 19:33:51,node-h,0,0.0,16.3,317,24564
2026-01-14 19:33:52,node-g,0,0.0,15.7,317,24564
2026-01-14 19:33:54,node-e,0,0.0,17.5,525,24564
2026-01-14 19:33:55,node-f,0,0.0,18.5,525,24564
2026-01-14 19:33:56,node-h,0,0.0,16.2,317,24564
2026-01-14 19:33:57,node-g,0,0.0,15.8,317,24564
2026-01-14 19:33:59,node-e,0,0.0,17.5,525,24564
2026-01-14 19:34:00,node-f,0,0.0,18.4,525,24564
2026-01-14 19:34:01,node-h,0,0.0,16.2,317,24564
2026-01-14 19:34:02,node-g,0,0.0,15.8,317,24564
2026-01-14 19:34:04,node-e,0,0.0,17.4,525,24564
2026-01-14 19:34:05,node-f,0,0.0,18.4,525,24564
2026-01-14 19:34:06,node-h,0,0.0,16.1,317,24564
2026-01-14 19:34:07,node-g,0,0.0,15.6,317,24564
2026-01-14 19:34:09,node-e,0,0.0,17.5,525,24564
2026-01-14 19:34:10,node-f,0,0.0,18.4,525,24564
2026-01-14 19:34:11,node-h,0,0.0,16.1,317,24564
2026-01-14 19:34:12,node-g,0,0.0,15.4,317,24564
2026-01-14 19:34:14,node-e,0,0.0,17.6,525,24564
2026-01-14 19:34:15,node-f,0,0.0,18.5,525,24564
2026-01-14 19:34:16,node-h,0,0.0,16.2,317,24564
2026-01-14 19:34:17,node-g,0,0.0,15.5,317,24564
2026-01-14 19:34:19,node-e,0,0.0,17.7,525,24564
2026-01-14 19:34:20,node-f,0,0.0,18.5,525,24564
2026-01-14 19:34:21,node-h,0,0.0,16.0,317,24564
2026-01-14 19:34:22,node-g,0,0.0,15.5,317,24564
2026-01-14 19:34:24,node-e,0,0.0,17.7,525,24564
2026-01-14 19:34:25,node-f,0,0.0,18.4,525,24564
2026-01-14 19:34:27,node-g,0,0.0,15.4,317,24564
2026-01-14 19:34:29,node-e,0,0.0,17.6,525,24564
2026-01-14 19:34:30,node-f,0,0.0,18.4,525,24564
2026-01-14 19:34:32,node-h,0,0.0,16.1,317,24564
2026-01-14 19:34:32,node-g,0,0.0,15.5,317,24564
2026-01-14 19:34:34,node-e,0,0.0,17.6,525,24564
2026-01-14 19:34:35,node-f,0,0.0,18.3,525,24564
2026-01-14 19:34:37,node-h,0,0.0,16.2,317,24564
2026-01-14 19:34:37,node-g,0,0.0,15.4,317,24564
2026-01-14 19:34:39,node-e,0,0.0,17.6,525,24564
2026-01-14 19:34:40,node-f,0,0.0,18.3,525,24564
2026-01-14 19:34:42,node-h,0,0.0,16.1,317,24564
2026-01-14 19:34:42,node-g,0,0.0,15.4,317,24564
2026-01-14 19:34:45,node-e,0,0.0,17.7,525,24564
2026-01-14 19:34:45,node-f,0,0.0,18.4,525,24564
2026-01-14 19:34:47,node-h,0,0.0,16.2,317,24564
2026-01-14 19:34:47,node-g,0,0.0,15.5,317,24564
2026-01-14 19:34:50,node-e,0,0.0,17.4,525,24564
2026-01-14 19:34:50,node-f,0,0.0,18.4,525,24564
2026-01-14 19:34:52,node-h,0,0.0,16.3,317,24564
2026-01-14 19:34:53,node-g,0,0.0,15.5,317,24564
2026-01-14 19:34:55,node-e,0,0.0,17.6,525,24564
2026-01-14 19:34:55,node-f,0,0.0,18.4,525,24564
2026-01-14 19:34:57,node-h,0,0.0,16.0,317,24564
2026-01-14 19:34:58,node-g,0,0.0,15.6,317,24564
2026-01-14 19:35:00,node-e,0,0.0,17.5,525,24564
2026-01-14 19:35:00,node-f,0,0.0,18.4,525,24564
2026-01-14 19:35:02,node-h,0,0.0,16.1,317,24564
2026-01-14 19:35:03,node-g,0,0.0,15.4,317,24564
2026-01-14 19:35:05,node-e,0,0.0,17.6,525,24564
2026-01-14 19:35:05,node-f,0,0.0,18.5,525,24564
2026-01-14 19:35:07,node-h,0,0.0,16.3,317,24564
2026-01-14 19:35:08,node-g,0,0.0,15.5,317,24564
2026-01-14 19:35:10,node-e,0,0.0,17.5,525,24564
2026-01-14 19:35:10,node-f,0,0.0,18.4,525,24564
2026-01-14 19:35:12,node-h,0,0.0,16.2,317,24564
2026-01-14 19:35:13,node-g,0,0.0,15.5,317,24564
2026-01-14 19:35:15,node-e,0,0.0,17.4,525,24564
2026-01-14 19:35:15,node-f,0,0.0,18.4,525,24564
2026-01-14 19:35:17,node-h,0,0.0,16.0,317,24564
2026-01-14 19:35:18,node-g,0,0.0,15.5,317,24564
2026-01-14 19:35:20,node-e,0,0.0,17.5,525,24564
2026-01-14 19:35:20,node-f,0,0.0,18.5,525,24564
2026-01-14 19:35:22,node-h,0,0.0,16.2,317,24564
2026-01-14 19:35:23,node-g,0,0.0,15.7,317,24564
2026-01-14 19:35:25,node-e,0,0.0,17.5,525,24564
2026-01-14 19:35:25,node-f,0,0.0,18.4,525,24564
2026-01-14 19:35:27,node-h,0,0.0,16.3,317,24564
2026-01-14 19:35:28,node-g,0,0.0,15.5,317,24564
2026-01-14 19:35:30,node-e,0,0.0,17.5,525,24564
2026-01-14 19:35:30,node-f,0,0.0,18.4,525,24564
2026-01-14 19:35:32,node-h,0,0.0,16.3,317,24564
2026-01-14 19:35:33,node-g,0,0.0,15.4,317,24564
2026-01-14 19:35:35,node-e,0,0.0,17.5,525,24564
2026-01-14 19:35:35,node-f,0,0.0,18.5,525,24564
2026-01-14 19:35:37,node-h,0,0.0,16.2,317,24564
2026-01-14 19:35:38,node-g,0,0.0,15.5,317,24564
2026-01-14 19:35:40,node-e,0,0.0,17.4,525,24564
2026-01-14 19:35:40,node-f,0,0.0,18.5,525,24564
2026-01-14 19:35:42,node-h,0,0.0,16.1,317,24564
2026-01-14 19:35:43,node-g,0,0.0,15.6,317,24564
2026-01-14 19:35:45,node-e,0,0.0,17.3,525,24564
2026-01-14 19:35:45,node-f,0,0.0,18.5,525,24564
2026-01-14 19:35:47,node-h,0,0.0,16.4,317,24564
2026-01-14 19:35:48,node-g,0,0.0,15.6,317,24564
2026-01-14 19:35:50,node-e,0,0.0,17.3,525,24564
2026-01-14 19:35:50,node-f,0,0.0,18.5,525,24564
2026-01-14 19:35:52,node-h,0,0.0,16.2,317,24564
2026-01-14 19:35:53,node-g,0,0.0,15.5,317,24564
2026-01-14 19:35:55,node-e,0,0.0,17.6,525,24564
2026-01-14 19:35:55,node-f,0,0.0,18.5,525,24564
2026-01-14 19:35:57,node-h,0,0.0,16.3,317,24564
2026-01-14 19:35:58,node-g,0,0.0,15.4,317,24564
2026-01-14 19:36:00,node-e,0,0.0,17.4,525,24564
2026-01-14 19:36:01,node-f,0,0.0,18.5,525,24564
2026-01-14 19:36:02,node-h,0,0.0,16.3,317,24564
2026-01-14 19:36:03,node-g,0,0.0,15.5,317,24564
2026-01-14 19:36:05,node-e,0,0.0,17.5,525,24564
2026-01-14 19:36:06,node-f,0,0.0,18.3,525,24564
2026-01-14 19:36:07,node-h,0,0.0,16.2,317,24564
2026-01-14 19:36:08,node-g,0,0.0,15.6,317,24564
2026-01-14 19:36:10,node-e,0,0.0,17.4,525,24564
2026-01-14 19:36:11,node-f,0,0.0,18.5,525,24564
2026-01-14 19:36:12,node-h,0,0.0,16.2,317,24564
2026-01-14 19:36:13,node-g,0,0.0,15.7,317,24564
2026-01-14 19:36:15,node-e,0,0.0,17.2,525,24564
2026-01-14 19:36:16,node-f,0,0.0,18.3,525,24564
2026-01-14 19:36:17,node-h,0,0.0,16.2,317,24564
2026-01-14 19:36:18,node-g,0,0.0,15.7,317,24564
2026-01-14 19:36:20,node-e,0,0.0,17.3,525,24564
2026-01-14 19:36:21,node-f,0,0.0,18.3,525,24564
2026-01-14 19:36:22,node-h,0,0.0,16.3,317,24564
2026-01-14 19:36:23,node-g,0,0.0,15.6,317,24564
2026-01-14 19:36:25,node-e,0,0.0,17.4,525,24564
2026-01-14 19:36:26,node-f,0,0.0,18.4,525,24564
2026-01-14 19:36:27,node-h,0,0.0,16.1,317,24564
2026-01-14 19:36:28,node-g,0,0.0,15.6,317,24564
2026-01-14 19:36:30,node-e,0,0.0,17.5,525,24564
2026-01-14 19:36:31,node-f,0,0.0,18.3,525,24564
2026-01-14 19:36:32,node-h,0,0.0,16.1,317,24564
2026-01-14 19:36:33,node-g,0,0.0,15.5,317,24564
2026-01-14 19:36:35,node-e,0,0.0,25.1,317,24564
2026-01-14 19:36:36,node-f,0,0.0,19.1,317,24564
2026-01-14 19:36:37,node-h,0,0.0,16.3,317,24564
2026-01-14 19:36:38,node-g,0,0.0,15.5,317,24564
2026-01-14 19:36:40,node-e,0,0.0,17.4,317,24564
2026-01-14 19:36:41,node-f,0,0.0,18.4,317,24564
2026-01-14 19:36:42,node-h,0,0.0,16.3,317,24564
2026-01-14 19:36:43,node-g,0,0.0,15.5,317,24564
2026-01-14 19:36:45,node-e,0,0.0,17.4,317,24564
2026-01-14 19:36:46,node-f,0,0.0,18.5,317,24564
2026-01-14 19:36:47,node-h,0,0.0,16.3,317,24564
2026-01-14 19:36:48,node-g,0,0.0,15.4,317,24564
2026-01-14 19:36:50,node-e,0,0.0,17.4,317,24564
2026-01-14 19:36:51,node-f,0,0.0,18.4,317,24564
2026-01-14 19:36:52,node-h,0,0.0,16.2,317,24564
2026-01-14 19:36:53,node-g,0,0.0,15.6,317,24564
2026-01-14 19:36:55,node-e,0,0.0,17.4,317,24564
2026-01-14 19:36:56,node-f,0,0.0,18.4,317,24564
2026-01-14 19:36:57,node-h,0,0.0,16.3,317,24564
2026-01-14 19:36:58,node-g,0,0.0,15.5,317,24564
2026-01-14 19:37:00,node-e,0,0.0,17.4,317,24564
2026-01-14 19:37:01,node-f,0,0.0,18.6,317,24564
2026-01-14 19:37:02,node-h,0,0.0,16.1,317,24564
2026-01-14 19:37:03,node-g,0,0.0,15.4,317,24564
2026-01-14 19:37:05,node-e,0,0.0,17.4,317,24564
2026-01-14 19:37:06,node-f,0,0.0,18.5,317,24564
2026-01-14 19:37:07,node-h,0,0.0,16.0,317,24564
2026-01-14 19:37:08,node-g,0,0.0,15.6,317,24564
2026-01-14 19:37:10,node-e,0,0.0,17.3,317,24564
2026-01-14 19:37:11,node-f,0,0.0,18.4,317,24564
2026-01-14 19:37:12,node-h,0,0.0,16.2,317,24564
2026-01-14 19:37:13,node-g,0,0.0,15.5,317,24564
2026-01-14 19:37:15,node-e,0,0.0,17.5,317,24564
2026-01-14 19:37:16,node-f,0,0.0,27.4,525,24564
2026-01-14 19:37:17,node-h,0,0.0,16.1,317,24564
2026-01-14 19:37:18,node-g,0,0.0,15.4,317,24564
2026-01-14 19:37:20,node-e,0,0.0,82.6,525,24564
2026-01-14 19:37:21,node-f,0,0.0,78.6,525,24564
2026-01-14 19:37:22,node-h,0,0.0,16.0,317,24564
2026-01-14 19:37:23,node-g,0,0.0,15.5,317,24564
2026-01-14 19:37:25,node-e,0,0.0,84.0,525,24564
2026-01-14 19:37:26,node-f,0,0.0,79.4,525,24564
2026-01-14 19:37:27,node-h,0,0.0,16.2,317,24564
2026-01-14 19:37:28,node-g,0,0.0,15.3,317,24564
2026-01-14 19:37:30,node-e,0,0.0,84.9,525,24564
2026-01-14 19:37:31,node-f,0,0.0,79.6,525,24564
2026-01-14 19:37:32,node-h,0,0.0,16.2,317,24564
2026-01-14 19:37:33,node-g,0,0.0,15.5,317,24564
2026-01-14 19:37:35,node-e,0,0.0,18.3,525,24564
2026-01-14 19:37:36,node-f,0,0.0,19.1,525,24564
2026-01-14 19:37:37,node-h,0,0.0,16.1,317,24564
2026-01-14 19:37:38,node-g,0,0.0,15.6,317,24564
2026-01-14 19:37:40,node-e,0,0.0,17.8,525,24564
2026-01-14 19:37:41,node-f,0,0.0,18.5,525,24564
2026-01-14 19:37:42,node-h,0,0.0,16.3,317,24564
2026-01-14 19:37:43,node-g,0,0.0,15.5,317,24564
2026-01-14 19:37:45,node-e,0,0.0,17.7,525,24564
2026-01-14 19:37:46,node-f,0,0.0,18.5,525,24564
2026-01-14 19:37:47,node-h,0,0.0,16.2,317,24564
2026-01-14 19:37:48,node-g,0,0.0,15.5,317,24564
2026-01-14 19:37:50,node-e,0,0.0,17.6,525,24564
2026-01-14 19:37:51,node-f,0,0.0,18.5,525,24564
2026-01-14 19:37:52,node-h,0,0.0,16.2,317,24564
2026-01-14 19:37:53,node-g,0,0.0,15.5,317,24564
2026-01-14 19:37:55,node-e,0,0.0,17.7,525,24564
2026-01-14 19:37:56,node-f,0,0.0,18.6,525,24564
2026-01-14 19:37:57,node-h,0,0.0,16.2,317,24564
2026-01-14 19:37:58,node-g,0,0.0,15.6,317,24564
2026-01-14 19:38:00,node-e,0,0.0,17.7,525,24564
2026-01-14 19:38:01,node-f,0,0.0,18.6,525,24564
2026-01-14 19:38:02,node-h,0,0.0,16.3,317,24564
2026-01-14 19:38:03,node-g,0,0.0,15.5,317,24564
2026-01-14 19:38:05,node-e,0,0.0,17.6,525,24564
2026-01-14 19:38:06,node-f,0,0.0,18.5,525,24564
2026-01-14 19:38:07,node-h,0,0.0,16.2,317,24564
2026-01-14 19:38:08,node-g,0,0.0,15.4,317,24564
2026-01-14 19:38:10,node-e,0,0.0,17.5,525,24564
2026-01-14 19:38:11,node-f,0,0.0,18.5,525,24564
2026-01-14 19:38:12,node-h,0,0.0,16.2,317,24564
2026-01-14 19:38:13,node-g,0,0.0,15.5,317,24564
2026-01-14 19:38:15,node-e,0,0.0,17.6,525,24564
2026-01-14 19:38:16,node-f,0,0.0,18.5,525,24564
2026-01-14 19:38:17,node-h,0,0.0,16.0,317,24564
2026-01-14 19:38:18,node-g,0,0.0,15.6,317,24564
2026-01-14 19:38:20,node-e,0,0.0,17.4,525,24564
2026-01-14 19:38:21,node-f,0,0.0,18.5,525,24564
2026-01-14 19:38:22,node-h,0,0.0,16.2,317,24564
2026-01-14 19:38:23,node-g,0,0.0,15.6,317,24564
2026-01-14 19:38:25,node-e,0,0.0,17.6,525,24564
2026-01-14 19:38:26,node-f,0,0.0,18.5,525,24564
2026-01-14 19:38:27,node-h,0,0.0,16.1,317,24564
2026-01-14 19:38:28,node-g,0,0.0,15.5,317,24564
2026-01-14 19:38:30,node-e,0,0.0,17.7,525,24564
2026-01-14 19:38:31,node-f,0,0.0,18.4,525,24564
2026-01-14 19:38:32,node-h,0,0.0,16.1,317,24564
2026-01-14 19:38:33,node-g,0,0.0,15.4,317,24564
2026-01-14 19:38:35,node-e,0,0.0,17.6,525,24564
2026-01-14 19:38:36,node-f,0,0.0,18.5,525,24564
2026-01-14 19:38:37,node-h,0,0.0,16.1,317,24564
2026-01-14 19:38:38,node-g,0,0.0,15.3,317,24564
2026-01-14 19:38:40,node-e,0,0.0,17.6,525,24564
2026-01-14 19:38:41,node-f,0,0.0,18.4,525,24564
2026-01-14 19:38:43,node-g,0,0.0,15.5,317,24564
2026-01-14 19:38:45,node-e,0,0.0,17.5,525,24564
2026-01-14 19:38:46,node-f,0,0.0,18.4,525,24564
2026-01-14 19:38:48,node-g,0,0.0,15.5,317,24564
2026-01-14 19:38:48,node-h,0,0.0,16.2,317,24564
2026-01-14 19:38:50,node-e,0,0.0,17.6,525,24564
2026-01-14 19:38:51,node-f,0,0.0,18.5,525,24564
2026-01-14 19:38:53,node-g,0,0.0,15.4,317,24564
2026-01-14 19:38:53,node-h,0,0.0,16.2,317,24564
2026-01-14 19:38:55,node-e,0,0.0,17.4,525,24564
2026-01-14 19:38:56,node-f,0,0.0,18.4,525,24564
2026-01-14 19:38:58,node-g,0,0.0,15.5,317,24564
2026-01-14 19:38:58,node-h,0,0.0,16.3,317,24564
2026-01-14 19:39:00,node-e,0,0.0,17.6,525,24564
2026-01-14 19:39:01,node-f,0,0.0,18.4,525,24564
2026-01-14 19:39:03,node-g,0,0.0,15.5,317,24564
2026-01-14 19:39:04,node-h,0,0.0,16.2,317,24564
2026-01-14 19:39:05,node-e,0,0.0,17.6,525,24564
2026-01-14 19:39:06,node-f,0,0.0,18.5,525,24564
2026-01-14 19:39:08,node-g,0,0.0,15.4,317,24564
2026-01-14 19:39:09,node-h,0,0.0,16.3,317,24564
2026-01-14 19:39:10,node-e,0,0.0,17.6,525,24564
2026-01-14 19:39:11,node-f,0,0.0,18.6,525,24564
2026-01-14 19:39:13,node-g,0,0.0,15.5,317,24564
2026-01-14 19:39:14,node-h,0,0.0,16.2,317,24564
2026-01-14 19:39:15,node-e,0,0.0,17.5,525,24564
2026-01-14 19:39:16,node-f,0,0.0,18.5,525,24564
2026-01-14 19:39:18,node-g,0,0.0,15.6,317,24564
2026-01-14 19:39:19,node-h,0,0.0,16.1,317,24564
2026-01-14 19:39:20,node-e,0,0.0,17.7,525,24564
2026-01-14 19:39:21,node-f,0,0.0,18.5,525,24564
2026-01-14 19:39:23,node-g,0,0.0,15.5,317,24564
2026-01-14 19:39:24,node-h,0,0.0,16.2,317,24564
2026-01-14 19:39:25,node-e,0,0.0,17.5,525,24564
2026-01-14 19:39:26,node-f,0,0.0,18.5,525,24564
2026-01-14 19:39:28,node-g,0,0.0,15.6,317,24564
2026-01-14 19:39:29,node-h,0,0.0,16.2,317,24564
2026-01-14 19:39:30,node-e,0,0.0,17.5,525,24564
2026-01-14 19:39:31,node-f,0,0.0,18.4,525,24564
2026-01-14 19:39:33,node-g,0,0.0,15.6,317,24564
2026-01-14 19:39:34,node-h,0,0.0,16.1,317,24564
2026-01-14 19:39:35,node-e,0,0.0,17.5,525,24564
2026-01-14 19:39:36,node-f,0,0.0,18.3,525,24564
2026-01-14 19:39:38,node-g,0,0.0,15.7,317,24564
2026-01-14 19:39:39,node-h,0,0.0,16.3,317,24564
2026-01-14 19:39:40,node-e,0,0.0,17.7,525,24564
2026-01-14 19:39:41,node-f,0,0.0,18.4,525,24564
2026-01-14 19:39:43,node-g,0,0.0,15.6,317,24564
2026-01-14 19:39:44,node-h,0,0.0,16.2,317,24564
2026-01-14 19:39:45,node-e,0,0.0,17.6,525,24564
2026-01-14 19:39:46,node-f,0,0.0,18.4,525,24564
2026-01-14 19:39:48,node-g,0,0.0,15.6,317,24564
2026-01-14 19:39:49,node-h,0,0.0,16.2,317,24564
2026-01-14 19:39:50,node-e,0,0.0,17.6,525,24564
2026-01-14 19:39:51,node-f,0,0.0,18.4,525,24564
2026-01-14 19:39:53,node-g,0,0.0,15.6,317,24564
2026-01-14 19:39:54,node-h,0,0.0,16.2,317,24564
2026-01-14 19:39:55,node-e,0,0.0,17.5,525,24564
2026-01-14 19:39:56,node-f,0,0.0,18.4,525,24564
2026-01-14 19:39:58,node-g,0,0.0,15.5,317,24564
2026-01-14 19:39:59,node-h,0,0.0,16.3,317,24564
2026-01-14 19:40:00,node-e,0,0.0,17.6,525,24564
2026-01-14 19:40:01,node-f,0,0.0,18.4,525,24564
2026-01-14 19:40:03,node-g,0,0.0,15.4,317,24564
2026-01-14 19:40:04,node-h,0,0.0,16.1,317,24564
2026-01-14 19:40:05,node-e,0,0.0,17.5,525,24564
2026-01-14 19:40:06,node-f,0,0.0,18.3,525,24564
2026-01-14 19:40:08,node-g,0,0.0,15.5,317,24564
2026-01-14 19:40:09,node-h,0,0.0,16.2,317,24564
2026-01-14 19:40:10,node-e,0,0.0,17.5,525,24564
2026-01-14 19:40:11,node-f,0,0.0,18.3,525,24564
2026-01-14 19:40:13,node-g,0,0.0,15.5,317,24564
2026-01-14 19:40:14,node-h,0,0.0,16.4,317,24564
2026-01-14 19:40:15,node-e,0,0.0,17.6,525,24564
2026-01-14 19:40:16,node-f,0,0.0,18.4,525,24564
2026-01-14 19:40:18,node-g,0,0.0,15.4,317,24564
2026-01-14 19:40:19,node-h,0,0.0,16.3,317,24564
2026-01-14 19:40:20,node-e,0,0.0,17.5,525,24564
2026-01-14 19:40:21,node-f,0,0.0,18.4,525,24564
2026-01-14 19:40:23,node-g,0,0.0,15.4,317,24564
2026-01-14 19:40:24,node-h,0,0.0,16.2,317,24564
2026-01-14 19:40:25,node-e,0,0.0,17.7,525,24564
2026-01-14 19:40:26,node-f,0,0.0,18.4,525,24564
2026-01-14 19:40:28,node-g,0,0.0,15.4,317,24564
2026-01-14 19:40:29,node-h,0,0.0,16.2,317,24564
2026-01-14 19:40:31,node-e,0,0.0,17.5,525,24564
2026-01-14 19:40:31,node-f,0,0.0,18.4,525,24564
2026-01-14 19:40:33,node-g,0,0.0,15.6,317,24564
2026-01-14 19:40:34,node-h,0,0.0,16.3,317,24564
2026-01-14 19:40:36,node-e,0,0.0,17.3,525,24564
2026-01-14 19:40:36,node-f,0,0.0,18.3,525,24564
2026-01-14 19:40:38,node-g,0,0.0,15.5,317,24564
2026-01-14 19:40:39,node-h,0,0.0,16.3,317,24564
2026-01-14 19:40:41,node-e,0,0.0,17.4,525,24564
2026-01-14 19:40:41,node-f,0,0.0,18.6,525,24564
2026-01-14 19:40:44,node-g,0,0.0,15.5,317,24564
2026-01-14 19:40:44,node-h,0,0.0,16.4,317,24564
2026-01-14 19:40:46,node-e,0,0.0,17.6,525,24564
2026-01-14 19:40:46,node-f,0,0.0,18.5,525,24564
2026-01-14 19:40:49,node-g,0,0.0,15.6,317,24564
2026-01-14 19:40:49,node-h,0,0.0,16.4,317,24564
2026-01-14 19:40:51,node-e,0,0.0,17.3,525,24564
2026-01-14 19:40:51,node-f,0,0.0,18.4,525,24564
2026-01-14 19:40:54,node-g,0,0.0,15.6,317,24564
2026-01-14 19:40:54,node-h,0,0.0,16.3,317,24564
2026-01-14 19:40:56,node-e,0,0.0,17.4,525,24564
2026-01-14 19:40:56,node-f,0,0.0,18.6,525,24564
2026-01-14 19:40:59,node-g,0,0.0,15.7,317,24564
2026-01-14 19:40:59,node-h,0,0.0,16.4,317,24564
2026-01-14 19:41:01,node-e,0,0.0,17.4,525,24564
2026-01-14 19:41:01,node-f,0,0.0,18.5,525,24564
2026-01-14 19:41:04,node-g,0,0.0,15.8,317,24564
2026-01-14 19:41:04,node-h,0,0.0,16.2,317,24564
2026-01-14 19:41:06,node-e,0,0.0,17.5,525,24564
2026-01-14 19:41:06,node-f,0,0.0,18.6,525,24564
2026-01-14 19:41:09,node-g,0,0.0,15.7,317,24564
2026-01-14 19:41:09,node-h,0,0.0,16.2,317,24564
2026-01-14 19:41:11,node-e,0,0.0,17.4,525,24564
2026-01-14 19:41:11,node-f,0,0.0,18.4,525,24564
2026-01-14 19:41:14,node-g,0,0.0,15.5,317,24564
2026-01-14 19:41:14,node-h,0,0.0,16.3,317,24564
2026-01-14 19:41:16,node-e,0,0.0,17.6,525,24564
2026-01-14 19:41:16,node-f,0,0.0,18.4,525,24564
2026-01-14 19:41:19,node-g,0,0.0,15.6,317,24564
2026-01-14 19:41:19,node-h,0,0.0,16.2,317,24564
2026-01-14 19:41:21,node-e,0,0.0,17.6,525,24564
2026-01-14 19:41:21,node-f,0,0.0,18.6,525,24564
2026-01-14 19:41:24,node-g,0,0.0,15.7,317,24564
2026-01-14 19:41:24,node-h,0,0.0,16.3,317,24564
2026-01-14 19:41:26,node-e,0,0.0,17.3,525,24564
2026-01-14 19:41:26,node-f,0,0.0,18.3,525,24564
2026-01-14 19:41:29,node-g,0,0.0,15.6,317,24564
2026-01-14 19:41:29,node-h,0,0.0,16.0,317,24564
2026-01-14 19:41:31,node-e,0,0.0,17.5,525,24564
2026-01-14 19:41:31,node-f,0,0.0,18.3,525,24564
2026-01-14 19:41:34,node-g,0,0.0,15.6,317,24564
2026-01-14 19:41:34,node-h,0,0.0,16.1,317,24564
2026-01-14 19:41:36,node-e,0,0.0,17.3,525,24564
2026-01-14 19:41:36,node-f,0,0.0,18.3,525,24564
2026-01-14 19:41:39,node-g,0,0.0,15.5,317,24564
2026-01-14 19:41:39,node-h,0,0.0,16.1,317,24564
2026-01-14 19:41:41,node-e,0,0.0,17.5,525,24564
2026-01-14 19:41:41,node-f,0,0.0,18.3,525,24564
2026-01-14 19:41:44,node-g,0,0.0,15.6,317,24564
2026-01-14 19:41:44,node-h,0,0.0,16.2,317,24564
2026-01-14 19:41:46,node-e,0,0.0,17.3,525,24564
2026-01-14 19:41:46,node-f,0,0.0,18.3,525,24564
2026-01-14 19:41:49,node-g,0,0.0,15.5,317,24564
2026-01-14 19:41:49,node-h,0,0.0,16.0,317,24564
2026-01-14 19:41:51,node-e,0,0.0,17.3,525,24564
2026-01-14 19:41:51,node-f,0,0.0,18.4,525,24564
2026-01-14 19:41:54,node-g,0,0.0,15.5,317,24564
2026-01-14 19:41:54,node-h,0,0.0,16.2,317,24564
2026-01-14 19:41:56,node-e,0,0.0,17.4,525,24564
2026-01-14 19:41:56,node-f,0,0.0,18.4,525,24564
2026-01-14 19:41:59,node-g,0,0.0,15.6,317,24564
2026-01-14 19:41:59,node-h,0,0.0,16.3,317,24564
2026-01-14 19:42:01,node-e,0,0.0,17.7,525,24564
2026-01-14 19:42:01,node-f,0,0.0,18.4,525,24564
2026-01-14 19:42:04,node-g,0,0.0,15.7,317,24564
2026-01-14 19:42:04,node-h,0,0.0,16.2,317,24564
2026-01-14 19:42:06,node-e,0,0.0,17.5,525,24564
2026-01-14 19:42:07,node-f,0,0.0,18.4,525,24564
2026-01-14 19:42:09,node-g,0,0.0,15.7,317,24564
2026-01-14 19:42:09,node-h,0,0.0,16.2,317,24564
2026-01-14 19:42:11,node-e,0,0.0,17.4,525,24564
2026-01-14 19:42:12,node-f,0,0.0,18.5,525,24564
2026-01-14 19:42:14,node-g,0,0.0,15.4,317,24564
2026-01-14 19:42:14,node-h,0,0.0,16.3,317,24564
2026-01-14 19:42:16,node-e,0,0.0,17.3,525,24564
2026-01-14 19:42:17,node-f,0,0.0,18.4,525,24564
2026-01-14 19:42:19,node-g,0,0.0,15.8,317,24564
2026-01-14 19:42:19,node-h,0,0.0,16.2,317,24564
2026-01-14 19:42:21,node-e,0,0.0,17.4,525,24564
2026-01-14 19:42:24,node-g,0,0.0,15.6,317,24564
2026-01-14 19:42:24,node-h,0,0.0,16.0,317,24564
2026-01-14 19:42:26,node-e,0,0.0,17.3,525,24564
2026-01-14 19:42:28,node-f,0,0.0,18.4,525,24564
2026-01-14 19:42:29,node-g,0,0.0,15.5,317,24564
2026-01-14 19:42:29,node-h,0,0.0,16.2,317,24564
2026-01-14 19:42:31,node-e,0,0.0,17.4,525,24564
2026-01-14 19:42:33,node-f,0,0.0,18.5,525,24564
2026-01-14 19:42:34,node-g,0,0.0,15.6,317,24564
2026-01-14 19:42:34,node-h,0,0.0,16.2,317,24564
2026-01-14 19:42:36,node-e,0,0.0,17.2,525,24564
2026-01-14 19:42:38,node-f,0,0.0,18.6,525,24564
2026-01-14 19:42:39,node-g,0,0.0,15.5,317,24564
2026-01-14 19:42:39,node-h,0,0.0,16.1,317,24564
2026-01-14 19:42:41,node-e,0,0.0,17.3,525,24564
2026-01-14 19:42:43,node-f,0,0.0,18.5,525,24564
2026-01-14 19:42:44,node-g,0,0.0,15.4,317,24564
2026-01-14 19:42:44,node-h,0,0.0,16.1,317,24564
2026-01-14 19:42:46,node-e,0,0.0,17.4,525,24564
2026-01-14 19:42:48,node-f,0,0.0,18.3,525,24564
2026-01-14 19:42:49,node-g,0,0.0,15.7,317,24564
2026-01-14 19:42:49,node-h,0,0.0,16.1,317,24564
2026-01-14 19:42:51,node-e,0,0.0,17.5,525,24564
2026-01-14 19:42:53,node-f,0,0.0,18.4,525,24564
2026-01-14 19:42:54,node-g,0,0.0,15.6,317,24564
2026-01-14 19:42:54,node-h,0,0.0,16.2,317,24564
2026-01-14 19:42:56,node-e,0,0.0,17.5,525,24564
2026-01-14 19:42:58,node-f,0,0.0,18.4,525,24564
2026-01-14 19:42:59,node-g,0,0.0,15.4,317,24564
2026-01-14 19:42:59,node-h,0,0.0,16.2,317,24564
2026-01-14 19:43:01,node-e,0,0.0,17.4,525,24564
2026-01-14 19:43:03,node-f,0,0.0,18.5,525,24564
2026-01-14 19:43:04,node-g,0,0.0,15.5,317,24564
2026-01-14 19:43:04,node-h,0,0.0,16.1,317,24564
2026-01-14 19:43:06,node-e,0,0.0,17.4,525,24564
2026-01-14 19:43:08,node-f,0,0.0,18.5,525,24564
2026-01-14 19:43:09,node-g,0,0.0,15.6,317,24564
2026-01-14 19:43:11,node-e,0,0.0,17.6,525,24564
2026-01-14 19:43:13,node-f,0,0.0,18.4,525,24564
2026-01-14 19:43:14,node-g,0,0.0,15.6,317,24564
2026-01-14 19:43:15,node-h,0,0.0,16.0,317,24564
2026-01-14 19:43:16,node-e,0,0.0,17.3,525,24564
2026-01-14 19:43:18,node-f,0,0.0,18.5,525,24564
2026-01-14 19:43:19,node-g,0,0.0,15.6,317,24564
2026-01-14 19:43:20,node-h,0,0.0,16.0,317,24564
2026-01-14 19:43:21,node-e,0,0.0,17.4,525,24564
2026-01-14 19:43:23,node-f,0,0.0,18.4,525,24564
2026-01-14 19:43:24,node-g,0,0.0,15.6,317,24564
2026-01-14 19:43:25,node-h,0,0.0,16.1,317,24564
2026-01-14 19:43:26,node-e,0,0.0,17.4,525,24564
2026-01-14 19:43:28,node-f,0,0.0,18.5,525,24564
2026-01-14 19:43:29,node-g,0,0.0,15.5,317,24564
2026-01-14 19:43:30,node-h,0,0.0,16.3,317,24564
2026-01-14 19:43:31,node-e,0,0.0,17.4,525,24564
2026-01-14 19:43:33,node-f,0,0.0,18.4,525,24564
2026-01-14 19:43:34,node-g,0,0.0,15.6,317,24564
2026-01-14 19:43:35,node-h,0,0.0,16.3,317,24564
2026-01-14 19:43:36,node-e,0,0.0,17.2,525,24564
2026-01-14 19:43:38,node-f,0,0.0,18.3,525,24564
2026-01-14 19:43:39,node-g,0,0.0,15.5,317,24564
2026-01-14 19:43:40,node-h,0,0.0,16.2,317,24564
2026-01-14 19:43:41,node-e,0,0.0,17.6,525,24564
2026-01-14 19:43:43,node-f,0,0.0,18.5,525,24564
2026-01-14 19:43:44,node-g,0,0.0,15.6,317,24564
2026-01-14 19:43:45,node-h,0,0.0,16.2,317,24564
2026-01-14 19:43:46,node-e,0,0.0,17.4,525,24564
2026-01-14 19:43:48,node-f,0,0.0,18.3,525,24564
2026-01-14 19:43:49,node-g,0,0.0,15.5,317,24564
2026-01-14 19:43:50,node-h,0,0.0,16.3,317,24564
2026-01-14 19:43:51,node-e,0,0.0,17.4,525,24564
2026-01-14 19:43:53,node-f,0,0.0,18.3,525,24564
2026-01-14 19:43:54,node-g,0,0.0,15.7,317,24564
2026-01-14 19:43:56,node-h,0,0.0,16.3,317,24564
2026-01-14 19:43:56,node-e,0,0.0,17.4,525,24564
2026-01-14 19:43:58,node-f,0,0.0,18.5,525,24564
2026-01-14 19:43:59,node-g,0,0.0,15.5,317,24564
2026-01-14 19:44:01,node-h,0,0.0,16.2,317,24564
2026-01-14 19:44:01,node-e,0,0.0,17.4,525,24564
2026-01-14 19:44:03,node-f,0,0.0,18.4,525,24564
2026-01-14 19:44:04,node-g,0,0.0,15.4,317,24564
2026-01-14 19:44:06,node-h,0,0.0,16.0,317,24564
2026-01-14 19:44:06,node-e,0,0.0,17.5,525,24564
2026-01-14 19:44:08,node-f,0,0.0,18.4,525,24564
2026-01-14 19:44:09,node-g,0,0.0,15.5,317,24564
2026-01-14 19:44:11,node-h,0,0.0,16.0,317,24564
2026-01-14 19:44:11,node-e,0,0.0,17.3,525,24564
2026-01-14 19:44:13,node-f,0,0.0,18.5,525,24564
2026-01-14 19:44:14,node-g,0,0.0,15.5,317,24564
2026-01-14 19:44:16,node-h,0,0.0,16.0,317,24564
2026-01-14 19:44:16,node-e,0,0.0,17.4,525,24564
2026-01-14 19:44:18,node-f,0,0.0,18.6,525,24564
2026-01-14 19:44:19,node-g,0,0.0,15.8,317,24564
2026-01-14 19:44:21,node-h,0,0.0,16.1,317,24564
2026-01-14 19:44:21,node-e,0,0.0,17.5,525,24564
2026-01-14 19:44:23,node-f,0,0.0,18.5,525,24564
2026-01-14 19:44:24,node-g,0,0.0,15.6,317,24564
2026-01-14 19:44:26,node-h,0,0.0,16.2,317,24564
2026-01-14 19:44:26,node-e,0,0.0,17.4,525,24564
2026-01-14 19:44:28,node-f,0,0.0,18.5,525,24564
2026-01-14 19:44:29,node-g,0,0.0,15.5,317,24564
2026-01-14 19:44:31,node-h,0,0.0,16.3,317,24564
2026-01-14 19:44:31,node-e,0,0.0,17.3,525,24564
2026-01-14 19:44:33,node-f,0,0.0,18.5,525,24564
2026-01-14 19:44:34,node-g,0,0.0,15.5,317,24564
2026-01-14 19:44:36,node-h,0,0.0,16.1,317,24564
2026-01-14 19:44:36,node-e,0,0.0,17.4,525,24564
2026-01-14 19:44:38,node-f,0,0.0,18.4,525,24564
2026-01-14 19:44:39,node-g,0,0.0,15.5,317,24564
2026-01-14 19:44:41,node-h,0,0.0,16.1,317,24564
2026-01-14 19:44:41,node-e,0,0.0,17.5,525,24564
2026-01-14 19:44:43,node-f,0,0.0,18.3,525,24564
2026-01-14 19:44:44,node-g,0,0.0,15.5,317,24564
2026-01-14 19:44:46,node-h,0,0.0,16.2,317,24564
2026-01-14 19:44:46,node-e,0,0.0,17.4,525,24564
2026-01-14 19:44:48,node-f,0,0.0,18.4,525,24564
2026-01-14 19:44:49,node-g,0,0.0,15.7,317,24564
2026-01-14 19:44:51,node-h,0,0.0,16.0,317,24564
2026-01-14 19:44:51,node-e,0,0.0,17.4,525,24564
2026-01-14 19:44:53,node-f,0,0.0,18.5,525,24564
2026-01-14 19:44:54,node-g,0,0.0,15.5,317,24564
2026-01-14 19:44:56,node-h,0,0.0,16.1,317,24564
2026-01-14 19:44:56,node-e,0,0.0,17.3,525,24564
2026-01-14 19:44:58,node-f,0,0.0,18.4,525,24564
2026-01-14 19:44:59,node-g,0,0.0,15.5,317,24564
2026-01-14 19:45:01,node-h,0,0.0,16.0,317,24564
2026-01-14 19:45:01,node-e,0,0.0,17.3,525,24564
2026-01-14 19:45:03,node-f,0,0.0,18.4,525,24564
2026-01-14 19:45:04,node-g,0,0.0,15.5,317,24564
2026-01-14 19:45:06,node-h,0,0.0,16.1,317,24564
2026-01-14 19:45:06,node-e,0,0.0,17.3,525,24564
2026-01-14 19:45:08,node-f,0,0.0,18.4,525,24564
2026-01-14 19:45:09,node-g,0,0.0,15.5,317,24564
2026-01-14 19:45:11,node-h,0,0.0,16.0,317,24564
2026-01-14 19:45:11,node-e,0,0.0,17.3,525,24564
2026-01-14 19:45:13,node-f,0,0.0,18.4,525,24564
2026-01-14 19:45:14,node-g,0,0.0,15.6,317,24564
2026-01-14 19:45:16,node-h,0,0.0,16.1,317,24564
2026-01-14 19:45:16,node-e,0,0.0,17.3,525,24564
2026-01-14 19:45:18,node-f,0,0.0,18.4,525,24564
2026-01-14 19:45:19,node-g,0,0.0,15.6,317,24564
2026-01-14 19:45:21,node-h,0,0.0,16.2,317,24564
2026-01-14 19:45:21,node-e,0,0.0,17.2,525,24564
2026-01-14 19:45:23,node-f,0,0.0,18.4,525,24564
2026-01-14 19:45:24,node-g,0,0.0,15.5,317,24564
2026-01-14 19:45:26,node-e,0,0.0,17.4,525,24564
2026-01-14 19:45:28,node-f,0,0.0,18.3,525,24564
2026-01-14 19:45:29,node-g,0,0.0,15.7,317,24564
2026-01-14 19:45:31,node-e,0,0.0,17.3,525,24564
2026-01-14 19:45:32,node-h,0,0.0,16.1,317,24564
2026-01-14 19:45:33,node-f,0,0.0,18.3,525,24564
2026-01-14 19:45:34,node-g,0,0.0,15.5,317,24564
2026-01-14 19:45:36,node-e,0,0.0,17.3,525,24564
2026-01-14 19:45:37,node-h,0,0.0,16.1,317,24564
2026-01-14 19:45:38,node-f,0,0.0,18.3,525,24564
2026-01-14 19:45:39,node-g,0,0.0,15.5,317,24564
2026-01-14 19:45:41,node-e,0,0.0,17.4,525,24564
2026-01-14 19:45:42,node-h,0,0.0,16.0,317,24564
2026-01-14 19:45:43,node-f,0,0.0,18.2,525,24564
2026-01-14 19:45:44,node-g,0,0.0,15.6,317,24564
2026-01-14 19:45:46,node-e,0,0.0,17.5,525,24564
2026-01-14 19:45:47,node-h,0,0.0,15.9,317,24564
2026-01-14 19:45:48,node-f,0,0.0,18.2,525,24564
2026-01-14 19:45:49,node-g,0,0.0,15.6,317,24564
2026-01-14 19:45:51,node-e,0,0.0,17.4,525,24564
2026-01-14 19:45:52,node-h,0,0.0,16.0,317,24564
2026-01-14 19:45:53,node-f,0,0.0,18.4,525,24564
2026-01-14 19:45:54,node-g,0,0.0,15.6,317,24564
2026-01-14 19:45:56,node-e,0,0.0,17.4,525,24564
2026-01-14 19:45:57,node-h,0,0.0,16.1,317,24564
2026-01-14 19:45:58,node-f,0,0.0,18.3,525,24564
2026-01-14 19:45:59,node-g,0,0.0,15.3,317,24564
2026-01-14 19:46:01,node-e,0,0.0,17.4,525,24564
2026-01-14 19:46:02,node-h,0,0.0,16.1,317,24564
2026-01-14 19:46:03,node-f,0,0.0,18.4,525,24564
2026-01-14 19:46:04,node-g,0,0.0,15.5,317,24564
2026-01-14 19:46:06,node-e,0,0.0,17.5,525,24564
2026-01-14 19:46:07,node-h,0,0.0,16.0,317,24564
2026-01-14 19:46:08,node-f,0,0.0,18.3,525,24564
2026-01-14 19:46:09,node-g,0,0.0,15.6,317,24564
2026-01-14 19:46:11,node-e,0,0.0,17.5,525,24564
2026-01-14 19:46:12,node-h,0,0.0,16.1,317,24564
2026-01-14 19:46:13,node-f,0,0.0,18.3,525,24564
2026-01-14 19:46:14,node-g,0,0.0,15.6,317,24564
2026-01-14 19:46:17,node-e,0,0.0,17.6,525,24564
2026-01-14 19:46:17,node-h,0,0.0,15.9,317,24564
2026-01-14 19:46:18,node-f,0,0.0,18.3,525,24564
2026-01-14 19:46:19,node-g,0,0.0,15.5,317,24564
2026-01-14 19:46:22,node-e,0,0.0,17.5,525,24564
2026-01-14 19:46:23,node-f,0,0.0,18.4,525,24564
2026-01-14 19:46:24,node-g,0,0.0,15.5,317,24564
2026-01-14 19:46:27,node-e,0,0.0,17.4,525,24564
2026-01-14 19:46:28,node-h,0,0.0,16.1,317,24564
2026-01-14 19:46:28,node-f,0,0.0,18.4,525,24564
2026-01-14 19:46:29,node-g,0,0.0,15.4,317,24564
2026-01-14 19:46:32,node-e,0,0.0,17.6,525,24564
2026-01-14 19:46:33,node-h,0,0.0,16.1,317,24564
2026-01-14 19:46:33,node-f,0,0.0,18.3,525,24564
2026-01-14 19:46:35,node-g,0,0.0,15.5,317,24564
2026-01-14 19:46:37,node-e,0,0.0,17.3,525,24564
2026-01-14 19:46:38,node-h,0,0.0,16.1,317,24564
2026-01-14 19:46:38,node-f,0,0.0,18.3,525,24564
2026-01-14 19:46:40,node-g,0,0.0,15.5,317,24564
2026-01-14 19:46:42,node-e,0,0.0,17.3,525,24564
2026-01-14 19:46:43,node-h,0,0.0,16.1,317,24564
2026-01-14 19:46:43,node-f,0,0.0,18.3,525,24564
2026-01-14 19:46:45,node-g,0,0.0,15.5,317,24564
2026-01-14 19:46:47,node-e,0,0.0,17.4,525,24564
2026-01-14 19:46:48,node-h,0,0.0,16.2,317,24564
2026-01-14 19:46:48,node-f,0,0.0,18.3,525,24564
2026-01-14 19:46:50,node-g,0,0.0,15.5,317,24564
2026-01-14 19:46:52,node-e,0,0.0,17.5,525,24564
2026-01-14 19:46:53,node-h,0,0.0,16.2,317,24564
2026-01-14 19:46:53,node-f,0,0.0,18.4,525,24564
2026-01-14 19:46:55,node-g,0,0.0,15.3,317,24564
2026-01-14 19:46:57,node-e,0,0.0,17.4,525,24564
2026-01-14 19:46:58,node-h,0,0.0,16.2,317,24564
2026-01-14 19:46:58,node-f,0,0.0,18.4,525,24564
2026-01-14 19:47:00,node-g,0,0.0,15.4,317,24564
2026-01-14 19:47:02,node-e,0,0.0,17.4,525,24564
2026-01-14 19:47:03,node-h,0,0.0,16.1,317,24564
2026-01-14 19:47:03,node-f,0,0.0,18.3,525,24564
2026-01-14 19:47:05,node-g,0,0.0,15.5,317,24564
2026-01-14 19:47:07,node-e,0,0.0,17.5,525,24564
2026-01-14 19:47:08,node-h,0,0.0,16.2,317,24564
2026-01-14 19:47:08,node-f,0,0.0,18.4,525,24564
2026-01-14 19:47:10,node-g,0,0.0,15.5,317,24564
2026-01-14 19:47:12,node-e,0,0.0,17.3,525,24564
2026-01-14 19:47:13,node-h,0,0.0,16.1,317,24564
2026-01-14 19:47:13,node-f,0,0.0,18.5,525,24564
2026-01-14 19:47:15,node-g,0,0.0,15.5,317,24564
2026-01-14 19:47:17,node-e,0,0.0,17.5,525,24564
2026-01-14 19:47:18,node-h,0,0.0,16.2,317,24564
2026-01-14 19:47:18,node-f,0,0.0,18.4,525,24564
2026-01-14 19:47:20,node-g,0,0.0,15.4,317,24564
2026-01-14 19:47:22,node-e,0,0.0,17.4,525,24564
2026-01-14 19:47:23,node-h,0,0.0,16.1,317,24564
2026-01-14 19:47:23,node-f,0,0.0,18.4,525,24564
2026-01-14 19:47:25,node-g,0,0.0,15.4,317,24564
2026-01-14 19:47:27,node-e,0,0.0,17.4,525,24564
2026-01-14 19:47:28,node-h,0,0.0,16.3,317,24564
2026-01-14 19:47:28,node-f,0,0.0,18.5,525,24564
2026-01-14 19:47:30,node-g,0,0.0,15.5,317,24564
2026-01-14 19:47:32,node-e,0,0.0,17.3,525,24564
2026-01-14 19:47:33,node-h,0,0.0,16.4,317,24564
2026-01-14 19:47:33,node-f,0,0.0,18.3,525,24564
2026-01-14 19:47:35,node-g,0,0.0,15.5,317,24564
2026-01-14 19:47:37,node-e,0,0.0,17.4,525,24564
2026-01-14 19:47:38,node-h,0,0.0,16.3,317,24564
2026-01-14 19:47:38,node-f,0,0.0,18.4,525,24564
2026-01-14 19:47:40,node-g,0,0.0,15.4,317,24564
2026-01-14 19:47:42,node-e,0,0.0,17.6,525,24564
2026-01-14 19:47:43,node-h,0,0.0,16.3,317,24564
2026-01-14 19:47:43,node-f,0,0.0,18.4,525,24564
2026-01-14 19:47:45,node-g,0,0.0,15.4,317,24564
2026-01-14 19:47:47,node-e,0,0.0,17.5,525,24564
2026-01-14 19:47:48,node-h,0,0.0,16.4,317,24564
2026-01-14 19:47:49,node-f,0,0.0,18.4,525,24564
2026-01-14 19:47:50,node-g,0,0.0,15.3,317,24564
2026-01-14 19:47:52,node-e,0,0.0,17.5,525,24564
2026-01-14 19:47:53,node-h,0,0.0,16.3,317,24564
2026-01-14 19:47:54,node-f,0,0.0,18.4,525,24564
2026-01-14 19:47:55,node-g,0,0.0,15.3,317,24564
2026-01-14 19:47:57,node-e,0,0.0,17.4,525,24564
2026-01-14 19:47:58,node-h,0,0.0,16.3,317,24564
2026-01-14 19:47:59,node-f,0,0.0,18.4,525,24564
2026-01-14 19:48:00,node-g,0,0.0,15.5,317,24564
2026-01-14 19:48:02,node-e,0,0.0,17.4,525,24564
2026-01-14 19:48:03,node-h,0,0.0,16.2,317,24564
2026-01-14 19:48:04,node-f,0,0.0,18.6,525,24564
2026-01-14 19:48:05,node-g,0,0.0,15.5,317,24564
2026-01-14 19:48:07,node-e,0,0.0,17.3,525,24564
2026-01-14 19:48:08,node-h,0,0.0,16.2,317,24564
2026-01-14 19:48:09,node-f,0,0.0,18.5,525,24564
2026-01-14 19:48:10,node-g,0,0.0,15.4,317,24564
2026-01-14 19:48:12,node-e,0,0.0,17.3,525,24564
2026-01-14 19:48:13,node-h,0,0.0,16.3,317,24564
2026-01-14 19:48:14,node-f,0,0.0,18.5,525,24564
2026-01-14 19:48:15,node-g,0,0.0,15.4,317,24564
2026-01-14 19:48:17,node-e,0,0.0,17.3,525,24564
2026-01-14 19:48:18,node-h,0,0.0,16.2,317,24564
2026-01-14 19:48:19,node-f,0,0.0,18.5,525,24564
2026-01-14 19:48:20,node-g,0,0.0,15.5,317,24564
2026-01-14 19:48:22,node-e,0,0.0,17.4,525,24564
2026-01-14 19:48:23,node-h,0,0.0,16.3,317,24564
2026-01-14 19:48:24,node-f,0,0.0,18.4,525,24564
2026-01-14 19:48:25,node-g,0,0.0,15.5,317,24564
2026-01-14 19:48:27,node-e,0,0.0,17.4,525,24564
2026-01-14 19:48:28,node-h,0,0.0,16.2,317,24564
2026-01-14 19:48:29,node-f,0,0.0,18.4,525,24564
2026-01-14 19:48:30,node-g,0,0.0,15.5,317,24564
2026-01-14 19:48:32,node-e,0,0.0,17.5,525,24564
2026-01-14 19:48:34,node-h,0,0.0,16.3,317,24564
2026-01-14 19:48:34,node-f,0,0.0,18.4,525,24564
2026-01-14 19:48:35,node-g,0,0.0,15.5,317,24564
2026-01-14 19:48:37,node-e,0,0.0,17.5,525,24564
2026-01-14 19:48:39,node-h,0,0.0,16.3,317,24564
2026-01-14 19:48:39,node-f,0,0.0,18.5,525,24564
2026-01-14 19:48:40,node-g,0,0.0,15.5,317,24564
2026-01-14 19:48:42,node-e,0,0.0,17.3,525,24564
2026-01-14 19:48:44,node-h,0,0.0,16.1,317,24564
2026-01-14 19:48:44,node-f,0,0.0,18.4,525,24564
2026-01-14 19:48:45,node-g,0,0.0,15.4,317,24564
2026-01-14 19:48:47,node-e,0,0.0,17.5,525,24564
2026-01-14 19:48:49,node-h,0,0.0,16.3,317,24564
2026-01-14 19:48:49,node-f,0,0.0,18.4,525,24564
2026-01-14 19:48:50,node-g,0,0.0,15.6,317,24564
2026-01-14 19:48:52,node-e,0,0.0,17.6,525,24564
2026-01-14 19:48:54,node-h,0,0.0,16.3,317,24564
2026-01-14 19:48:54,node-f,0,0.0,18.4,525,24564
2026-01-14 19:48:55,node-g,0,0.0,15.6,317,24564
2026-01-14 19:48:57,node-e,0,0.0,17.5,525,24564
2026-01-14 19:48:59,node-h,0,0.0,16.3,317,24564
2026-01-14 19:48:59,node-f,0,0.0,18.3,525,24564
2026-01-14 19:49:00,node-g,0,0.0,15.5,317,24564
2026-01-14 19:49:02,node-e,0,0.0,17.4,525,24564
2026-01-14 19:49:04,node-h,0,0.0,16.2,317,24564
2026-01-14 19:49:04,node-f,0,0.0,18.3,525,24564
2026-01-14 19:49:05,node-g,0,0.0,15.6,317,24564
2026-01-14 19:49:07,node-e,0,0.0,17.3,525,24564
2026-01-14 19:49:09,node-h,0,0.0,16.3,317,24564
2026-01-14 19:49:09,node-f,0,0.0,18.4,525,24564
2026-01-14 19:49:10,node-g,0,0.0,15.6,317,24564
2026-01-14 19:49:12,node-e,0,0.0,17.4,525,24564
2026-01-14 19:49:14,node-h,0,0.0,16.2,317,24564
2026-01-14 19:49:14,node-f,0,0.0,18.4,525,24564
2026-01-14 19:49:15,node-g,0,0.0,15.6,317,24564
2026-01-14 19:49:17,node-e,0,0.0,17.4,525,24564
2026-01-14 19:49:19,node-h,0,0.0,16.3,317,24564
2026-01-14 19:49:19,node-f,0,0.0,18.4,525,24564
2026-01-14 19:49:20,node-g,0,0.0,15.5,317,24564
2026-01-14 19:49:22,node-e,0,0.0,17.5,525,24564
2026-01-14 19:49:24,node-h,0,0.0,16.4,317,24564
2026-01-14 19:49:24,node-f,0,0.0,18.3,525,24564
2026-01-14 19:49:25,node-g,0,0.0,15.5,317,24564
2026-01-14 19:49:27,node-e,0,0.0,17.7,525,24564
2026-01-14 19:49:29,node-h,0,0.0,16.4,317,24564
2026-01-14 19:49:29,node-f,0,0.0,18.5,525,24564
2026-01-14 19:49:30,node-g,0,0.0,15.4,317,24564
2026-01-14 19:49:32,node-e,0,0.0,17.6,525,24564
2026-01-14 19:49:34,node-h,0,0.0,16.3,317,24564
2026-01-14 19:49:34,node-f,0,0.0,18.3,525,24564
2026-01-14 19:49:35,node-g,0,0.0,15.5,317,24564
2026-01-14 19:49:39,node-h,0,0.0,16.1,317,24564
2026-01-14 19:49:39,node-f,0,0.0,18.2,525,24564
2026-01-14 19:49:40,node-g,0,0.0,15.6,317,24564
2026-01-14 19:49:43,node-e,0,0.0,17.4,525,24564
2026-01-14 19:49:44,node-h,0,0.0,16.1,317,24564
2026-01-14 19:49:44,node-f,0,0.0,18.4,525,24564
2026-01-14 19:49:45,node-g,0,0.0,15.5,317,24564
2026-01-14 19:49:48,node-e,0,0.0,17.3,525,24564
2026-01-14 19:49:49,node-h,0,0.0,16.0,317,24564
2026-01-14 19:49:49,node-f,0,0.0,18.3,525,24564
2026-01-14 19:49:50,node-g,0,0.0,15.6,317,24564
2026-01-14 19:49:53,node-e,0,0.0,17.3,525,24564
2026-01-14 19:49:54,node-h,0,0.0,16.1,317,24564
2026-01-14 19:49:54,node-f,0,0.0,18.2,525,24564
2026-01-14 19:49:55,node-g,0,0.0,15.4,317,24564
2026-01-14 19:49:58,node-e,0,0.0,17.4,525,24564
2026-01-14 19:49:59,node-h,0,0.0,16.2,317,24564
2026-01-14 19:49:59,node-f,0,0.0,18.2,525,24564
2026-01-14 19:50:00,node-g,0,0.0,15.5,317,24564
2026-01-14 19:50:03,node-e,0,0.0,17.5,525,24564
2026-01-14 19:50:04,node-h,0,0.0,16.3,317,24564
2026-01-14 19:50:04,node-f,0,0.0,18.3,525,24564
2026-01-14 19:50:05,node-g,0,0.0,15.5,317,24564
2026-01-14 19:50:08,node-e,0,0.0,17.5,525,24564
2026-01-14 19:50:09,node-h,0,0.0,16.2,317,24564
2026-01-14 19:50:09,node-f,0,0.0,18.4,525,24564
2026-01-14 19:50:10,node-g,0,0.0,15.4,317,24564
2026-01-14 19:50:13,node-e,0,0.0,17.5,525,24564
2026-01-14 19:50:14,node-h,0,0.0,16.4,317,24564
2026-01-14 19:50:14,node-f,0,0.0,18.4,525,24564
2026-01-14 19:50:15,node-g,0,0.0,15.6,317,24564
2026-01-14 19:50:18,node-e,0,0.0,17.4,525,24564
2026-01-14 19:50:19,node-h,0,0.0,16.2,317,24564
2026-01-14 19:50:19,node-f,0,0.0,18.4,525,24564
2026-01-14 19:50:20,node-g,0,0.0,15.5,317,24564
2026-01-14 19:50:23,node-e,0,0.0,17.5,525,24564
2026-01-14 19:50:24,node-h,0,0.0,16.3,317,24564
2026-01-14 19:50:24,node-f,0,0.0,18.3,525,24564
2026-01-14 19:50:25,node-g,0,0.0,15.4,317,24564
2026-01-14 19:50:28,node-e,0,0.0,17.5,525,24564
2026-01-14 19:50:29,node-h,0,0.0,16.3,317,24564
2026-01-14 19:50:29,node-f,0,0.0,18.3,525,24564
2026-01-14 19:50:30,node-g,0,0.0,15.5,317,24564
2026-01-14 19:50:33,node-e,0,0.0,17.4,525,24564
2026-01-14 19:50:34,node-h,0,0.0,16.3,317,24564
2026-01-14 19:50:34,node-f,0,0.0,18.4,525,24564
2026-01-14 19:50:35,node-g,0,0.0,15.6,317,24564
2026-01-14 19:50:39,node-e,0,0.0,17.5,525,24564
2026-01-14 19:50:39,node-h,0,0.0,16.4,317,24564
2026-01-14 19:50:39,node-f,0,0.0,18.4,525,24564
2026-01-14 19:50:40,node-g,0,0.0,15.4,317,24564
2026-01-14 19:50:44,node-e,0,0.0,17.5,525,24564
2026-01-14 19:50:44,node-h,0,0.0,16.2,317,24564
2026-01-14 19:50:44,node-f,0,0.0,18.3,525,24564
2026-01-14 19:50:45,node-g,0,0.0,15.4,317,24564
2026-01-14 19:50:49,node-e,0,0.0,17.3,525,24564
2026-01-14 19:50:49,node-h,0,0.0,16.1,317,24564
2026-01-14 19:50:49,node-f,0,0.0,18.3,525,24564
2026-01-14 19:50:50,node-g,0,0.0,15.6,317,24564
2026-01-14 19:50:54,node-e,0,0.0,17.4,525,24564
2026-01-14 19:50:54,node-h,0,0.0,16.2,317,24564
2026-01-14 19:50:54,node-f,0,0.0,18.3,525,24564
2026-01-14 19:50:55,node-g,0,0.0,15.6,317,24564
2026-01-14 19:50:59,node-e,0,0.0,17.5,525,24564
2026-01-14 19:50:59,node-h,0,0.0,16.1,317,24564
2026-01-14 19:50:59,node-f,0,0.0,18.2,525,24564
2026-01-14 19:51:00,node-g,0,0.0,15.5,317,24564
2026-01-14 19:51:04,node-e,0,0.0,17.4,525,24564
2026-01-14 19:51:04,node-h,0,0.0,16.1,317,24564
2026-01-14 19:51:04,node-f,0,0.0,18.1,525,24564
2026-01-14 19:51:05,node-g,0,0.0,15.6,317,24564
2026-01-14 19:51:09,node-e,0,0.0,17.4,525,24564
2026-01-14 19:51:09,node-h,0,0.0,16.2,317,24564
2026-01-14 19:51:09,node-f,0,0.0,18.3,525,24564
2026-01-14 19:51:10,node-g,0,0.0,15.5,317,24564
2026-01-14 19:51:14,node-e,0,0.0,17.5,525,24564
2026-01-14 19:51:14,node-h,0,0.0,16.4,317,24564
2026-01-14 19:51:14,node-f,0,0.0,18.4,525,24564
2026-01-14 19:51:16,node-g,0,0.0,15.5,317,24564
2026-01-14 19:51:19,node-e,0,0.0,17.4,525,24564
2026-01-14 19:51:19,node-h,0,0.0,16.3,317,24564
2026-01-14 19:51:19,node-f,0,0.0,18.3,525,24564
2026-01-14 19:51:21,node-g,0,0.0,15.7,317,24564
2026-01-14 19:51:24,node-e,0,0.0,17.4,525,24564
2026-01-14 19:51:24,node-h,0,0.0,16.0,317,24564
2026-01-14 19:51:24,node-f,0,0.0,18.3,525,24564
2026-01-14 19:51:26,node-g,0,0.0,15.5,317,24564
2026-01-14 19:51:29,node-e,0,0.0,17.4,525,24564
2026-01-14 19:51:29,node-h,0,0.0,16.2,317,24564
2026-01-14 19:51:29,node-f,0,0.0,18.3,525,24564
2026-01-14 19:51:31,node-g,0,0.0,15.5,317,24564
2026-01-14 19:51:34,node-e,0,0.0,17.5,525,24564
2026-01-14 19:51:34,node-h,0,0.0,16.3,317,24564
2026-01-14 19:51:34,node-f,0,0.0,18.4,525,24564
2026-01-14 19:51:36,node-g,0,0.0,15.5,317,24564
2026-01-14 19:51:39,node-e,0,0.0,17.6,525,24564
2026-01-14 19:51:39,node-h,0,0.0,16.1,317,24564
2026-01-14 19:51:39,node-f,0,0.0,18.4,525,24564
2026-01-14 19:51:41,node-g,0,0.0,15.6,317,24564
2026-01-14 19:51:44,node-e,0,0.0,17.5,525,24564
2026-01-14 19:51:44,node-h,0,0.0,16.3,317,24564
2026-01-14 19:51:44,node-f,0,0.0,18.4,525,24564
2026-01-14 19:51:46,node-g,0,0.0,15.6,317,24564
2026-01-14 19:51:49,node-e,0,0.0,17.5,525,24564
2026-01-14 19:51:49,node-h,0,0.0,16.4,317,24564
2026-01-14 19:51:49,node-f,0,0.0,18.5,525,24564
2026-01-14 19:51:51,node-g,0,0.0,15.5,317,24564
2026-01-14 19:51:54,node-e,0,0.0,17.5,525,24564
2026-01-14 19:51:54,node-h,0,0.0,16.2,317,24564
2026-01-14 19:51:54,node-f,0,0.0,18.5,525,24564
2026-01-14 19:51:56,node-g,0,0.0,15.6,317,24564
2026-01-14 19:51:59,node-e,0,0.0,17.4,525,24564
2026-01-14 19:51:59,node-h,0,0.0,16.3,317,24564
2026-01-14 19:51:59,node-f,0,0.0,18.4,525,24564
2026-01-14 19:52:01,node-g,0,0.0,15.5,317,24564
2026-01-14 19:52:04,node-e,0,0.0,17.3,525,24564
2026-01-14 19:52:04,node-h,0,0.0,16.2,317,24564
2026-01-14 19:52:04,node-f,0,0.0,18.6,525,24564
2026-01-14 19:52:06,node-g,0,0.0,15.6,317,24564
2026-01-14 19:52:09,node-e,0,0.0,17.4,525,24564
2026-01-14 19:52:09,node-h,0,0.0,16.4,317,24564
2026-01-14 19:52:09,node-f,0,0.0,18.4,525,24564
2026-01-14 19:52:11,node-g,0,0.0,15.7,317,24564
2026-01-14 19:52:14,node-e,0,0.0,17.7,525,24564
2026-01-14 19:52:14,node-h,0,0.0,16.2,317,24564
2026-01-14 19:52:14,node-f,0,0.0,18.4,525,24564
2026-01-14 19:52:16,node-g,0,0.0,15.7,317,24564
2026-01-14 19:52:19,node-e,0,0.0,17.7,525,24564
2026-01-14 19:52:19,node-h,0,0.0,16.3,317,24564
2026-01-14 19:52:19,node-f,0,0.0,18.4,525,24564
2026-01-14 19:52:21,node-g,0,0.0,15.7,317,24564
2026-01-14 19:52:24,node-e,0,0.0,17.6,525,24564
2026-01-14 19:52:24,node-h,0,0.0,16.3,317,24564
2026-01-14 19:52:24,node-f,0,0.0,18.5,525,24564
2026-01-14 19:52:26,node-g,0,0.0,15.4,317,24564
2026-01-14 19:52:29,node-e,0,0.0,17.6,525,24564
2026-01-14 19:52:29,node-h,0,0.0,16.3,317,24564
2026-01-14 19:52:29,node-f,0,0.0,18.4,525,24564
2026-01-14 19:52:31,node-g,0,0.0,15.6,317,24564
2026-01-14 19:52:34,node-e,0,0.0,17.4,525,24564
2026-01-14 19:52:34,node-h,0,0.0,16.3,317,24564
2026-01-14 19:52:34,node-f,0,0.0,18.5,525,24564
2026-01-14 19:52:36,node-g,0,0.0,15.5,317,24564
2026-01-14 19:52:39,node-e,0,0.0,17.4,525,24564
2026-01-14 19:52:39,node-h,0,0.0,16.4,317,24564
2026-01-14 19:52:39,node-f,0,0.0,18.5,525,24564
2026-01-14 19:52:41,node-g,0,0.0,15.5,317,24564
2026-01-14 19:52:44,node-e,0,0.0,17.3,525,24564
2026-01-14 19:52:44,node-h,0,0.0,16.3,317,24564
2026-01-14 19:52:44,node-f,0,0.0,18.6,525,24564
2026-01-14 19:52:46,node-g,0,0.0,15.5,317,24564
2026-01-14 19:52:49,node-e,0,0.0,17.4,525,24564
2026-01-14 19:52:49,node-h,0,0.0,16.1,317,24564
2026-01-14 19:52:49,node-f,0,0.0,18.5,525,24564
2026-01-14 19:52:51,node-g,0,0.0,15.7,317,24564
2026-01-14 19:52:54,node-e,0,0.0,17.4,525,24564
2026-01-14 19:52:54,node-h,0,0.0,16.1,317,24564
2026-01-14 19:52:54,node-f,0,0.0,18.5,525,24564
2026-01-14 19:52:56,node-g,0,0.0,15.6,317,24564
2026-01-14 19:52:59,node-e,0,0.0,17.6,525,24564
2026-01-14 19:52:59,node-h,0,0.0,16.1,317,24564
2026-01-14 19:52:59,node-f,0,0.0,18.5,525,24564
2026-01-14 19:53:01,node-g,0,0.0,15.6,317,24564
2026-01-14 19:53:04,node-e,0,0.0,17.6,525,24564
2026-01-14 19:53:04,node-h,0,0.0,16.2,317,24564
2026-01-14 19:53:04,node-f,0,0.0,18.5,525,24564
2026-01-14 19:53:06,node-g,0,0.0,15.5,317,24564
2026-01-14 19:53:09,node-e,0,0.0,17.5,525,24564
2026-01-14 19:53:09,node-h,0,0.0,16.2,317,24564
2026-01-14 19:53:09,node-f,0,0.0,18.5,525,24564
2026-01-14 19:53:11,node-g,0,0.0,15.4,317,24564
2026-01-14 19:53:14,node-e,0,0.0,17.5,525,24564
2026-01-14 19:53:14,node-h,0,0.0,16.2,317,24564
2026-01-14 19:53:14,node-f,0,0.0,18.5,525,24564
2026-01-14 19:53:16,node-g,0,0.0,15.4,317,24564
2026-01-14 19:53:19,node-e,0,0.0,17.4,525,24564
2026-01-14 19:53:19,node-h,0,0.0,16.2,317,24564
2026-01-14 19:53:19,node-f,0,0.0,18.4,525,24564
2026-01-14 19:53:21,node-g,0,0.0,15.5,317,24564
2026-01-14 19:53:24,node-e,0,0.0,17.4,525,24564
2026-01-14 19:53:24,node-h,0,0.0,16.1,317,24564
2026-01-14 19:53:24,node-f,0,0.0,18.4,525,24564
2026-01-14 19:53:26,node-g,0,0.0,15.5,317,24564
2026-01-14 19:53:29,node-e,0,0.0,17.6,525,24564
2026-01-14 19:53:29,node-h,0,0.0,16.3,317,24564
2026-01-14 19:53:29,node-f,0,0.0,18.5,525,24564
2026-01-14 19:53:31,node-g,0,0.0,15.5,317,24564
2026-01-14 19:53:34,node-e,0,0.0,17.6,525,24564
2026-01-14 19:53:34,node-h,0,0.0,16.3,317,24564
2026-01-14 19:53:34,node-f,0,0.0,18.3,525,24564
2026-01-14 19:53:36,node-g,0,0.0,15.5,317,24564
2026-01-14 19:53:39,node-e,0,0.0,17.5,525,24564
2026-01-14 19:53:39,node-h,0,0.0,16.3,317,24564
2026-01-14 19:53:39,node-f,0,0.0,18.2,525,24564
2026-01-14 19:53:41,node-g,0,0.0,15.5,317,24564
2026-01-14 19:53:44,node-e,0,0.0,17.4,525,24564
2026-01-14 19:53:44,node-h,0,0.0,16.2,317,24564
2026-01-14 19:53:44,node-f,0,0.0,18.3,525,24564
2026-01-14 19:53:46,node-g,0,0.0,15.4,317,24564
2026-01-14 19:53:49,node-e,0,0.0,17.6,525,24564
2026-01-14 19:53:49,node-h,0,0.0,16.1,317,24564
2026-01-14 19:53:49,node-f,0,0.0,18.4,525,24564
2026-01-14 19:53:51,node-g,0,0.0,15.4,317,24564
2026-01-14 19:53:54,node-e,0,0.0,17.6,525,24564
2026-01-14 19:53:54,node-h,0,0.0,16.0,317,24564
2026-01-14 19:53:55,node-f,0,0.0,18.3,525,24564
2026-01-14 19:53:56,node-g,0,0.0,15.5,317,24564
2026-01-14 19:53:59,node-e,0,0.0,17.5,525,24564
2026-01-14 19:53:59,node-h,0,0.0,16.3,317,24564
2026-01-14 19:54:00,node-f,0,0.0,18.3,525,24564
2026-01-14 19:54:01,node-g,0,0.0,15.4,317,24564
2026-01-14 19:54:04,node-e,0,0.0,17.6,525,24564
2026-01-14 19:54:04,node-h,0,0.0,16.3,317,24564
2026-01-14 19:54:05,node-f,0,0.0,18.5,525,24564
2026-01-14 19:54:06,node-g,0,0.0,15.6,317,24564
2026-01-14 19:54:09,node-e,0,0.0,17.6,525,24564
2026-01-14 19:54:09,node-h,0,0.0,16.2,317,24564
2026-01-14 19:54:10,node-f,0,0.0,18.3,525,24564
2026-01-14 19:54:11,node-g,0,0.0,15.4,317,24564
2026-01-14 19:54:14,node-e,0,0.0,17.4,525,24564
2026-01-14 19:54:14,node-h,0,0.0,16.2,317,24564
2026-01-14 19:54:15,node-f,0,0.0,18.4,525,24564
2026-01-14 19:54:16,node-g,0,0.0,15.4,317,24564
2026-01-14 19:54:19,node-e,0,0.0,17.5,525,24564
2026-01-14 19:54:19,node-h,0,0.0,16.2,317,24564
2026-01-14 19:54:20,node-f,0,0.0,18.5,525,24564
2026-01-14 19:54:21,node-g,0,0.0,15.5,317,24564
2026-01-14 19:54:24,node-h,0,0.0,16.2,317,24564
2026-01-14 19:54:25,node-f,0,0.0,18.4,525,24564
2026-01-14 19:54:26,node-g,0,0.0,15.5,317,24564
2026-01-14 19:54:29,node-h,0,0.0,16.3,317,24564
2026-01-14 19:54:30,node-f,0,0.0,18.3,525,24564
2026-01-14 19:54:30,node-e,0,0.0,17.6,525,24564
2026-01-14 19:54:31,node-g,0,0.0,15.4,317,24564
2026-01-14 19:54:35,node-h,0,0.0,16.2,317,24564
2026-01-14 19:54:35,node-f,0,0.0,18.3,525,24564
2026-01-14 19:54:35,node-e,0,0.0,17.5,525,24564
2026-01-14 19:54:36,node-g,0,0.0,15.4,317,24564
2026-01-14 19:54:40,node-h,0,0.0,16.2,317,24564
2026-01-14 19:54:40,node-f,0,0.0,18.3,525,24564
2026-01-14 19:54:40,node-e,0,0.0,17.4,525,24564
2026-01-14 19:54:41,node-g,0,0.0,15.3,317,24564
2026-01-14 19:54:45,node-h,0,0.0,16.4,317,24564
2026-01-14 19:54:45,node-f,0,0.0,18.3,525,24564
2026-01-14 19:54:45,node-e,0,0.0,17.4,525,24564
2026-01-14 19:54:46,node-g,0,0.0,15.3,317,24564
2026-01-14 19:54:50,node-h,0,0.0,16.3,317,24564
2026-01-14 19:54:50,node-f,0,0.0,18.3,525,24564
2026-01-14 19:54:50,node-e,0,0.0,17.5,525,24564
2026-01-14 19:54:51,node-g,0,0.0,15.4,317,24564
2026-01-14 19:54:55,node-h,0,0.0,16.2,317,24564
2026-01-14 19:54:55,node-f,0,0.0,18.4,525,24564
2026-01-14 19:54:55,node-e,0,0.0,17.4,525,24564
2026-01-14 19:54:56,node-g,0,0.0,15.5,317,24564
2026-01-14 19:55:00,node-h,0,0.0,16.3,317,24564
2026-01-14 19:55:00,node-f,0,0.0,18.3,525,24564
2026-01-14 19:55:00,node-e,0,0.0,17.3,525,24564
2026-01-14 19:55:01,node-g,0,0.0,15.4,317,24564
2026-01-14 19:55:05,node-h,0,0.0,16.1,317,24564
2026-01-14 19:55:05,node-f,0,0.0,18.3,525,24564
2026-01-14 19:55:05,node-e,0,0.0,17.3,525,24564
2026-01-14 19:55:06,node-g,0,0.0,15.4,317,24564
2026-01-14 19:55:10,node-h,0,0.0,16.2,317,24564
2026-01-14 19:55:10,node-f,0,0.0,18.4,525,24564
2026-01-14 19:55:10,node-e,0,0.0,17.3,525,24564
2026-01-14 19:55:11,node-g,0,0.0,15.4,317,24564
2026-01-14 19:55:15,node-h,0,0.0,16.1,317,24564
2026-01-14 19:55:15,node-f,0,0.0,18.5,525,24564
2026-01-14 19:55:15,node-e,0,0.0,17.4,525,24564
2026-01-14 19:55:16,node-g,0,0.0,15.4,317,24564
2026-01-14 19:55:20,node-h,0,0.0,16.2,317,24564
2026-01-14 19:55:20,node-f,0,0.0,18.3,525,24564
2026-01-14 19:55:20,node-e,0,0.0,17.4,525,24564
2026-01-14 19:55:21,node-g,0,0.0,15.4,317,24564
2026-01-14 19:55:25,node-h,0,0.0,16.2,317,24564
2026-01-14 19:55:25,node-f,0,0.0,18.4,525,24564
2026-01-14 19:55:25,node-e,0,0.0,17.6,525,24564
2026-01-14 19:55:26,node-g,0,0.0,15.4,317,24564
2026-01-14 19:55:30,node-h,0,0.0,16.1,317,24564
2026-01-14 19:55:30,node-f,0,0.0,18.5,525,24564
2026-01-14 19:55:30,node-e,0,0.0,17.5,525,24564
2026-01-14 19:55:31,node-g,0,0.0,15.5,317,24564
2026-01-14 19:55:35,node-h,0,0.0,16.2,317,24564
2026-01-14 19:55:35,node-f,0,0.0,18.5,525,24564
2026-01-14 19:55:35,node-e,0,0.0,17.5,525,24564
2026-01-14 19:55:36,node-g,0,0.0,15.5,317,24564
2026-01-14 19:55:40,node-h,0,0.0,16.2,317,24564
2026-01-14 19:55:40,node-f,0,0.0,18.4,525,24564
2026-01-14 19:55:40,node-e,0,0.0,17.5,525,24564
2026-01-14 19:55:41,node-g,0,0.0,15.5,317,24564
2026-01-14 19:55:45,node-h,0,0.0,16.3,317,24564
2026-01-14 19:55:45,node-f,0,0.0,18.5,525,24564
2026-01-14 19:55:45,node-e,0,0.0,17.6,525,24564
2026-01-14 19:55:46,node-g,0,0.0,15.5,317,24564
2026-01-14 19:55:50,node-h,0,0.0,16.4,317,24564
2026-01-14 19:55:50,node-f,0,0.0,18.4,525,24564
2026-01-14 19:55:50,node-e,0,0.0,17.5,525,24564
2026-01-14 19:55:51,node-g,0,0.0,15.6,317,24564
2026-01-14 19:55:55,node-f,0,0.0,18.4,525,24564
2026-01-14 19:55:55,node-e,0,0.0,17.4,525,24564
2026-01-14 19:55:57,node-g,0,0.0,15.5,317,24564
2026-01-14 19:56:00,node-f,0,0.0,18.5,525,24564
2026-01-14 19:56:00,node-e,0,0.0,17.5,525,24564
2026-01-14 19:56:01,node-h,0,0.0,16.2,317,24564
2026-01-14 19:56:02,node-g,0,0.0,15.6,317,24564
2026-01-14 19:56:05,node-f,0,0.0,18.5,525,24564
2026-01-14 19:56:05,node-e,0,0.0,17.4,525,24564
2026-01-14 19:56:06,node-h,0,0.0,16.2,317,24564
2026-01-14 19:56:07,node-g,0,0.0,15.6,317,24564
2026-01-14 19:56:10,node-f,0,0.0,18.5,525,24564
2026-01-14 19:56:10,node-e,0,0.0,17.5,525,24564
2026-01-14 19:56:11,node-h,0,0.0,16.2,317,24564
2026-01-14 19:56:12,node-g,0,0.0,15.6,317,24564
2026-01-14 19:56:15,node-f,0,0.0,18.4,525,24564
2026-01-14 19:56:15,node-e,0,0.0,17.6,525,24564
2026-01-14 19:56:16,node-h,0,0.0,16.3,317,24564
2026-01-14 19:56:17,node-g,0,0.0,15.5,317,24564
2026-01-14 19:56:20,node-f,0,0.0,18.4,525,24564
2026-01-14 19:56:20,node-e,0,0.0,17.2,525,24564
2026-01-14 19:56:21,node-h,0,0.0,16.2,317,24564
2026-01-14 19:56:22,node-g,0,0.0,15.5,317,24564
2026-01-14 19:56:25,node-f,0,0.0,18.4,525,24564
2026-01-14 19:56:26,node-e,0,0.0,17.4,525,24564
2026-01-14 19:56:26,node-h,0,0.0,16.1,317,24564
2026-01-14 19:56:27,node-g,0,0.0,15.5,317,24564
2026-01-14 19:56:30,node-f,0,0.0,18.5,525,24564
2026-01-14 19:56:31,node-e,0,0.0,17.2,525,24564
2026-01-14 19:56:31,node-h,0,0.0,16.3,317,24564
2026-01-14 19:56:32,node-g,0,0.0,15.6,317,24564
2026-01-14 19:56:35,node-f,0,0.0,18.4,525,24564
2026-01-14 19:56:36,node-e,0,0.0,17.4,525,24564
2026-01-14 19:56:36,node-h,0,0.0,16.1,317,24564
2026-01-14 19:56:37,node-g,0,0.0,15.5,317,24564
2026-01-14 19:56:40,node-f,0,0.0,18.5,525,24564
2026-01-14 19:56:41,node-e,0,0.0,17.3,525,24564
2026-01-14 19:56:41,node-h,0,0.0,16.2,317,24564
2026-01-14 19:56:42,node-g,0,0.0,15.5,317,24564
2026-01-14 19:56:45,node-f,0,0.0,18.6,525,24564
2026-01-14 19:56:46,node-e,0,0.0,17.4,525,24564
2026-01-14 19:56:46,node-h,0,0.0,16.1,317,24564
2026-01-14 19:56:47,node-g,0,0.0,15.5,317,24564
2026-01-14 19:56:50,node-f,0,0.0,18.5,525,24564
2026-01-14 19:56:51,node-e,0,0.0,17.4,525,24564
2026-01-14 19:56:51,node-h,0,0.0,16.1,317,24564
2026-01-14 19:56:52,node-g,0,0.0,15.6,317,24564
2026-01-14 19:56:55,node-f,0,0.0,18.4,525,24564
2026-01-14 19:56:56,node-e,0,0.0,17.5,525,24564
2026-01-14 19:56:56,node-h,0,0.0,16.0,317,24564
2026-01-14 19:56:57,node-g,0,0.0,15.5,317,24564
2026-01-14 19:57:00,node-f,0,0.0,18.6,525,24564
2026-01-14 19:57:01,node-e,0,0.0,17.4,525,24564
2026-01-14 19:57:01,node-h,0,0.0,16.1,317,24564
2026-01-14 19:57:02,node-g,0,0.0,15.5,317,24564
2026-01-14 19:57:05,node-f,0,0.0,18.4,525,24564
2026-01-14 19:57:06,node-e,0,0.0,17.4,525,24564
2026-01-14 19:57:06,node-h,0,0.0,16.3,317,24564
2026-01-14 19:57:07,node-g,0,0.0,15.5,317,24564
2026-01-14 19:57:10,node-f,0,0.0,18.4,525,24564
2026-01-14 19:57:11,node-e,0,0.0,17.4,525,24564
2026-01-14 19:57:11,node-h,0,0.0,16.2,317,24564
2026-01-14 19:57:12,node-g,0,0.0,15.5,317,24564
2026-01-14 19:57:15,node-f,0,0.0,18.4,525,24564
2026-01-14 19:57:16,node-e,0,0.0,17.4,525,24564
2026-01-14 19:57:16,node-h,0,0.0,16.0,317,24564
2026-01-14 19:57:17,node-g,0,0.0,15.4,317,24564
2026-01-14 19:57:20,node-f,0,0.0,18.4,525,24564
2026-01-14 19:57:21,node-e,0,0.0,17.4,525,24564
2026-01-14 19:57:21,node-h,0,0.0,16.3,317,24564
2026-01-14 19:57:22,node-g,0,0.0,15.4,317,24564
2026-01-14 19:57:25,node-f,0,0.0,18.4,525,24564
2026-01-14 19:57:26,node-e,0,0.0,17.5,525,24564
2026-01-14 19:57:26,node-h,0,0.0,16.1,317,24564
2026-01-14 19:57:27,node-g,0,0.0,15.4,317,24564
2026-01-14 19:57:30,node-f,0,0.0,18.4,525,24564
2026-01-14 19:57:31,node-e,0,0.0,17.6,525,24564
2026-01-14 19:57:31,node-h,0,0.0,16.2,317,24564
2026-01-14 19:57:32,node-g,0,0.0,15.5,317,24564
2026-01-14 19:57:35,node-f,0,0.0,18.3,525,24564
2026-01-14 19:57:36,node-e,0,0.0,17.4,525,24564
2026-01-14 19:57:36,node-h,0,0.0,16.3,317,24564
2026-01-14 19:57:37,node-g,0,0.0,15.4,317,24564
2026-01-14 19:57:40,node-f,0,0.0,18.4,525,24564
2026-01-14 19:57:41,node-e,0,0.0,17.4,525,24564
2026-01-14 19:57:41,node-h,0,0.0,16.3,317,24564
2026-01-14 19:57:42,node-g,0,0.0,15.6,317,24564
2026-01-14 19:57:45,node-f,0,0.0,18.2,525,24564
2026-01-14 19:57:46,node-e,0,0.0,17.5,525,24564
2026-01-14 19:57:46,node-h,0,0.0,16.3,317,24564
2026-01-14 19:57:47,node-g,0,0.0,15.5,317,24564
2026-01-14 19:57:50,node-f,0,0.0,18.4,525,24564
2026-01-14 19:57:51,node-e,0,0.0,17.4,525,24564
2026-01-14 19:57:51,node-h,0,0.0,16.2,317,24564
2026-01-14 19:57:52,node-g,0,0.0,15.6,317,24564
2026-01-14 19:57:55,node-f,0,0.0,18.4,525,24564
2026-01-14 19:57:56,node-e,0,0.0,17.5,525,24564
2026-01-14 19:57:56,node-h,0,0.0,16.1,317,24564
2026-01-14 19:57:57,node-g,0,0.0,15.4,317,24564
2026-01-14 19:58:00,node-f,0,0.0,18.3,525,24564
2026-01-14 19:58:01,node-e,0,0.0,17.4,525,24564
2026-01-14 19:58:01,node-h,0,0.0,16.1,317,24564
2026-01-14 19:58:02,node-g,0,0.0,15.4,317,24564
2026-01-14 19:58:05,node-f,0,0.0,18.3,525,24564
2026-01-14 19:58:06,node-e,0,0.0,17.5,525,24564
2026-01-14 19:58:06,node-h,0,0.0,16.0,317,24564
2026-01-14 19:58:07,node-g,0,0.0,15.5,317,24564
2026-01-14 19:58:10,node-f,0,0.0,18.2,525,24564
2026-01-14 19:58:11,node-e,0,0.0,17.4,525,24564
2026-01-14 19:58:11,node-h,0,0.0,15.9,317,24564
2026-01-14 19:58:12,node-g,0,0.0,15.5,317,24564
2026-01-14 19:58:15,node-f,0,0.0,18.1,525,24564
2026-01-14 19:58:16,node-e,0,0.0,17.4,525,24564
2026-01-14 19:58:16,node-h,0,0.0,16.0,317,24564
2026-01-14 19:58:17,node-g,0,0.0,15.6,317,24564
2026-01-14 19:58:20,node-f,0,0.0,18.2,525,24564
2026-01-14 19:58:21,node-e,0,0.0,17.7,525,24564
2026-01-14 19:58:21,node-h,0,0.0,16.0,317,24564
2026-01-14 19:58:22,node-g,0,0.0,15.6,317,24564
2026-01-14 19:58:25,node-f,0,0.0,18.4,525,24564
2026-01-14 19:58:26,node-e,0,0.0,17.4,525,24564
2026-01-14 19:58:26,node-h,0,0.0,15.8,317,24564
2026-01-14 19:58:27,node-g,0,0.0,15.6,317,24564
2026-01-14 19:58:30,node-f,0,0.0,18.2,525,24564
2026-01-14 19:58:31,node-e,0,0.0,17.4,525,24564
2026-01-14 19:58:31,node-h,0,0.0,15.9,317,24564
2026-01-14 19:58:32,node-g,0,0.0,15.7,317,24564
2026-01-14 19:58:35,node-f,0,0.0,18.3,525,24564
2026-01-14 19:58:36,node-e,0,0.0,17.5,525,24564
2026-01-14 19:58:36,node-h,0,0.0,16.0,317,24564
2026-01-14 19:58:37,node-g,0,0.0,15.6,317,24564
2026-01-14 19:58:40,node-f,0,0.0,18.4,525,24564
2026-01-14 19:58:41,node-e,0,0.0,17.5,525,24564
2026-01-14 19:58:41,node-h,0,0.0,16.0,317,24564
2026-01-14 19:58:42,node-g,0,0.0,15.6,317,24564
2026-01-14 19:58:45,node-f,0,0.0,18.2,525,24564
2026-01-14 19:58:46,node-e,0,0.0,17.4,525,24564
2026-01-14 19:58:46,node-h,0,0.0,16.0,317,24564
2026-01-14 19:58:47,node-g,0,0.0,15.7,317,24564
2026-01-14 19:58:50,node-f,0,0.0,18.3,525,24564
2026-01-14 19:58:51,node-e,0,0.0,17.5,525,24564
2026-01-14 19:58:51,node-h,0,0.0,16.0,317,24564
2026-01-14 19:58:52,node-g,0,0.0,15.7,317,24564
2026-01-14 19:58:55,node-f,0,0.0,18.3,525,24564
2026-01-14 19:58:56,node-e,0,0.0,17.6,525,24564
2026-01-14 19:58:56,node-h,0,0.0,16.1,317,24564
2026-01-14 19:58:57,node-g,0,0.0,15.6,317,24564
2026-01-14 19:59:00,node-f,0,0.0,18.5,525,24564
2026-01-14 19:59:01,node-e,0,0.0,17.5,525,24564
2026-01-14 19:59:01,node-h,0,0.0,16.0,317,24564
2026-01-14 19:59:02,node-g,0,0.0,15.7,317,24564
2026-01-14 19:59:05,node-f,0,0.0,18.3,525,24564
2026-01-14 19:59:06,node-e,0,0.0,17.5,525,24564
2026-01-14 19:59:06,node-h,0,0.0,16.2,317,24564
2026-01-14 19:59:07,node-g,0,0.0,15.6,317,24564
2026-01-14 19:59:10,node-f,0,0.0,18.2,525,24564
2026-01-14 19:59:11,node-e,0,0.0,17.5,525,24564
2026-01-14 19:59:11,node-h,0,0.0,16.1,317,24564
2026-01-14 19:59:12,node-g,0,0.0,15.5,317,24564
2026-01-14 19:59:15,node-f,0,0.0,18.4,525,24564
2026-01-14 19:59:16,node-e,0,0.0,17.5,525,24564
2026-01-14 19:59:16,node-h,0,0.0,16.1,317,24564
2026-01-14 19:59:17,node-g,0,0.0,15.4,317,24564
2026-01-14 19:59:20,node-f,0,0.0,18.3,525,24564
2026-01-14 19:59:21,node-e,0,0.0,17.3,525,24564
2026-01-14 19:59:21,node-h,0,0.0,16.2,317,24564
2026-01-14 19:59:22,node-g,0,0.0,15.5,317,24564
2026-01-14 19:59:25,node-f,0,0.0,18.3,525,24564
2026-01-14 19:59:26,node-e,0,0.0,17.5,525,24564
2026-01-14 19:59:26,node-h,0,0.0,16.1,317,24564
2026-01-14 19:59:27,node-g,0,0.0,15.5,317,24564
2026-01-14 19:59:31,node-f,0,0.0,18.4,525,24564
2026-01-14 19:59:31,node-e,0,0.0,17.5,525,24564
2026-01-14 19:59:31,node-h,0,0.0,16.1,317,24564
2026-01-14 19:59:32,node-g,0,0.0,15.6,317,24564
2026-01-14 19:59:36,node-f,0,0.0,18.2,525,24564
2026-01-14 19:59:36,node-e,0,0.0,17.4,525,24564
2026-01-14 19:59:36,node-h,0,0.0,16.1,317,24564
2026-01-14 19:59:37,node-g,0,0.0,15.6,317,24564
2026-01-14 19:59:41,node-f,0,0.0,18.2,525,24564
2026-01-14 19:59:41,node-e,0,0.0,17.6,525,24564
2026-01-14 19:59:41,node-h,0,0.0,16.2,317,24564
2026-01-14 19:59:42,node-g,0,0.0,15.5,317,24564
2026-01-14 19:59:46,node-f,0,0.0,18.3,525,24564
2026-01-14 19:59:46,node-e,0,0.0,17.6,525,24564
2026-01-14 19:59:46,node-h,0,0.0,16.1,317,24564
2026-01-14 19:59:47,node-g,0,0.0,15.6,317,24564
2026-01-14 19:59:51,node-f,0,0.0,18.4,525,24564
2026-01-14 19:59:51,node-e,0,0.0,17.4,525,24564
2026-01-14 19:59:51,node-h,0,0.0,16.2,317,24564
2026-01-14 19:59:52,node-g,0,0.0,15.6,317,24564
2026-01-14 19:59:56,node-f,0,0.0,18.4,525,24564
2026-01-14 19:59:56,node-e,0,0.0,17.5,525,24564
2026-01-14 19:59:56,node-h,0,0.0,16.2,317,24564
2026-01-14 19:59:57,node-g,0,0.0,15.7,317,24564
2026-01-14 20:00:01,node-f,0,0.0,18.3,525,24564
2026-01-14 20:00:01,node-e,0,0.0,17.6,525,24564
2026-01-14 20:00:01,node-h,0,0.0,16.2,317,24564
2026-01-14 20:00:02,node-g,0,0.0,15.6,317,24564
2026-01-14 20:00:06,node-f,0,0.0,18.4,525,24564
2026-01-14 20:00:06,node-e,0,0.0,17.3,525,24564
2026-01-14 20:00:06,node-h,0,0.0,16.0,317,24564
2026-01-14 20:00:07,node-g,0,0.0,15.5,317,24564
2026-01-14 20:00:11,node-f,0,0.0,18.4,525,24564
2026-01-14 20:00:11,node-e,0,0.0,17.3,525,24564
2026-01-14 20:00:11,node-h,0,0.0,16.1,317,24564
2026-01-14 20:00:12,node-g,0,0.0,15.5,317,24564
2026-01-14 20:00:16,node-f,0,0.0,18.5,525,24564
2026-01-14 20:00:16,node-e,0,0.0,17.4,525,24564
2026-01-14 20:00:16,node-h,0,0.0,16.2,317,24564
2026-01-14 20:00:17,node-g,0,0.0,15.7,317,24564
2026-01-14 20:00:21,node-f,0,0.0,18.5,525,24564
2026-01-14 20:00:21,node-e,0,0.0,17.5,525,24564
2026-01-14 20:00:21,node-h,0,0.0,16.2,317,24564
2026-01-14 20:00:22,node-g,0,0.0,15.6,317,24564
2026-01-14 20:00:26,node-f,0,0.0,18.6,525,24564
2026-01-14 20:00:26,node-e,0,0.0,17.4,525,24564
2026-01-14 20:00:26,node-h,0,0.0,16.3,317,24564
2026-01-14 20:00:27,node-g,0,0.0,15.7,317,24564
2026-01-14 20:00:31,node-f,0,0.0,18.4,525,24564
2026-01-14 20:00:31,node-e,0,0.0,17.5,525,24564
2026-01-14 20:00:31,node-h,0,0.0,16.3,317,24564
2026-01-14 20:00:32,node-g,0,0.0,15.6,317,24564
2026-01-14 20:00:36,node-f,0,0.0,18.4,525,24564
2026-01-14 20:00:36,node-e,0,0.0,17.4,525,24564
2026-01-14 20:00:36,node-h,0,0.0,16.3,317,24564
2026-01-14 20:00:37,node-g,0,0.0,15.6,317,24564
2026-01-14 20:00:41,node-f,0,0.0,18.5,525,24564
2026-01-14 20:00:41,node-e,0,0.0,17.4,525,24564
2026-01-14 20:00:42,node-h,0,0.0,16.2,317,24564
2026-01-14 20:00:42,node-g,0,0.0,15.6,317,24564
2026-01-14 20:00:46,node-f,0,0.0,18.4,525,24564
2026-01-14 20:00:46,node-e,0,0.0,17.5,525,24564
2026-01-14 20:00:47,node-h,0,0.0,16.2,317,24564
2026-01-14 20:00:47,node-g,0,0.0,15.5,317,24564
2026-01-14 20:00:51,node-f,0,0.0,18.5,525,24564
2026-01-14 20:00:51,node-e,0,0.0,17.4,525,24564
2026-01-14 20:00:52,node-h,0,0.0,16.2,317,24564
2026-01-14 20:00:52,node-g,0,0.0,15.6,317,24564
2026-01-14 20:00:56,node-f,0,0.0,18.5,525,24564
2026-01-14 20:00:56,node-e,0,0.0,17.5,525,24564
2026-01-14 20:00:57,node-h,0,0.0,16.3,317,24564
2026-01-14 20:00:57,node-g,0,0.0,15.5,317,24564
2026-01-14 20:01:01,node-f,0,0.0,18.4,525,24564
2026-01-14 20:01:01,node-e,0,0.0,17.4,525,24564
2026-01-14 20:01:02,node-h,0,0.0,16.3,317,24564
2026-01-14 20:01:02,node-g,0,0.0,15.7,317,24564
2026-01-14 20:01:06,node-f,0,0.0,18.5,525,24564
2026-01-14 20:01:06,node-e,0,0.0,17.5,525,24564
2026-01-14 20:01:07,node-h,0,0.0,16.4,317,24564
2026-01-14 20:01:07,node-g,0,0.0,15.5,317,24564
2026-01-14 20:01:11,node-f,0,0.0,18.5,525,24564
2026-01-14 20:01:11,node-e,0,0.0,17.5,525,24564
2026-01-14 20:01:12,node-h,0,0.0,16.2,317,24564
2026-01-14 20:01:12,node-g,0,0.0,15.4,317,24564
2026-01-14 20:01:16,node-f,0,0.0,18.6,525,24564
2026-01-14 20:01:16,node-e,0,0.0,17.3,525,24564
2026-01-14 20:01:17,node-h,0,0.0,16.2,317,24564
2026-01-14 20:01:17,node-g,0,0.0,15.4,317,24564
2026-01-14 20:01:21,node-f,0,0.0,18.5,525,24564
2026-01-14 20:01:21,node-e,0,0.0,17.4,525,24564
2026-01-14 20:01:22,node-h,0,0.0,16.2,317,24564
2026-01-14 20:01:22,node-g,0,0.0,15.4,317,24564
2026-01-14 20:01:26,node-f,0,0.0,18.6,525,24564
2026-01-14 20:01:26,node-e,0,0.0,17.5,525,24564
2026-01-14 20:01:27,node-h,0,0.0,16.2,317,24564
2026-01-14 20:01:27,node-g,0,0.0,15.4,317,24564
2026-01-14 20:01:31,node-f,0,0.0,18.5,525,24564
2026-01-14 20:01:31,node-e,0,0.0,17.5,525,24564
2026-01-14 20:01:32,node-h,0,0.0,16.2,317,24564
2026-01-14 20:01:32,node-g,0,0.0,15.6,317,24564
2026-01-14 20:01:36,node-f,0,0.0,18.5,525,24564
2026-01-14 20:01:36,node-e,0,0.0,17.5,525,24564
2026-01-14 20:01:37,node-h,0,0.0,16.2,317,24564
2026-01-14 20:01:37,node-g,0,0.0,15.7,317,24564
2026-01-14 20:01:41,node-f,0,0.0,18.4,525,24564
2026-01-14 20:01:41,node-e,0,0.0,17.5,525,24564
2026-01-14 20:01:42,node-h,0,0.0,16.2,317,24564
2026-01-14 20:01:42,node-g,0,0.0,15.6,317,24564
2026-01-14 20:01:46,node-f,0,0.0,18.5,525,24564
2026-01-14 20:01:46,node-e,0,0.0,17.5,525,24564
2026-01-14 20:01:47,node-h,0,0.0,16.3,317,24564
2026-01-14 20:01:47,node-g,0,0.0,15.7,317,24564
2026-01-14 20:01:51,node-f,0,0.0,18.5,525,24564
2026-01-14 20:01:51,node-e,0,0.0,17.5,525,24564
2026-01-14 20:01:52,node-h,0,0.0,16.2,317,24564
2026-01-14 20:01:53,node-g,0,0.0,15.7,317,24564
2026-01-14 20:01:56,node-f,0,0.0,18.6,525,24564
2026-01-14 20:01:56,node-e,0,0.0,17.5,525,24564
2026-01-14 20:01:57,node-h,0,0.0,16.2,317,24564
2026-01-14 20:01:58,node-g,0,0.0,15.7,317,24564
2026-01-14 20:02:01,node-f,0,0.0,18.5,525,24564
2026-01-14 20:02:01,node-e,0,0.0,17.5,525,24564
2026-01-14 20:02:02,node-h,0,0.0,16.0,317,24564
2026-01-14 20:02:03,node-g,0,0.0,15.6,317,24564
2026-01-14 20:02:06,node-f,0,0.0,18.5,525,24564
2026-01-14 20:02:06,node-e,0,0.0,17.3,525,24564
2026-01-14 20:02:07,node-h,0,0.0,16.1,317,24564
2026-01-14 20:02:08,node-g,0,0.0,15.6,317,24564
2026-01-14 20:02:11,node-f,0,0.0,18.5,525,24564
2026-01-14 20:02:11,node-e,0,0.0,17.4,525,24564
2026-01-14 20:02:12,node-h,0,0.0,16.1,317,24564
2026-01-14 20:02:13,node-g,0,0.0,15.6,317,24564
2026-01-14 20:02:16,node-f,0,0.0,18.5,525,24564
2026-01-14 20:02:16,node-e,0,0.0,17.3,525,24564
2026-01-14 20:02:17,node-h,0,0.0,16.4,317,24564
2026-01-14 20:02:18,node-g,0,0.0,15.6,317,24564
2026-01-14 20:02:21,node-f,0,0.0,18.6,525,24564
2026-01-14 20:02:21,node-e,0,0.0,17.4,525,24564
2026-01-14 20:02:22,node-h,0,0.0,16.3,317,24564
2026-01-14 20:02:23,node-g,0,0.0,15.7,317,24564
2026-01-14 20:02:26,node-f,0,0.0,18.6,525,24564
2026-01-14 20:02:27,node-e,0,0.0,17.3,525,24564
2026-01-14 20:02:27,node-h,0,0.0,16.2,317,24564
2026-01-14 20:02:28,node-g,0,0.0,15.6,317,24564
2026-01-14 20:02:31,node-f,0,0.0,18.6,525,24564
2026-01-14 20:02:32,node-e,0,0.0,17.3,525,24564
2026-01-14 20:02:32,node-h,0,0.0,16.2,317,24564
2026-01-14 20:02:33,node-g,0,0.0,15.7,317,24564
2026-01-14 20:02:36,node-f,0,0.0,18.5,525,24564
2026-01-14 20:02:37,node-e,0,0.0,17.3,525,24564
2026-01-14 20:02:37,node-h,0,0.0,16.0,317,24564
2026-01-14 20:02:38,node-g,0,0.0,15.5,317,24564
2026-01-14 20:02:41,node-f,0,0.0,18.6,525,24564
2026-01-14 20:02:42,node-e,0,0.0,17.5,525,24564
2026-01-14 20:02:42,node-h,0,0.0,16.2,317,24564
2026-01-14 20:02:43,node-g,0,0.0,15.6,317,24564
2026-01-14 20:02:46,node-f,0,0.0,18.6,525,24564
2026-01-14 20:02:47,node-e,0,0.0,17.3,525,24564
2026-01-14 20:02:47,node-h,0,0.0,16.4,317,24564
2026-01-14 20:02:48,node-g,0,0.0,15.4,317,24564
2026-01-14 20:02:51,node-f,0,0.0,18.4,525,24564
2026-01-14 20:02:52,node-e,0,0.0,17.3,525,24564
2026-01-14 20:02:52,node-h,0,0.0,16.1,317,24564
2026-01-14 20:02:53,node-g,0,0.0,15.3,317,24564
2026-01-14 20:02:56,node-f,0,0.0,18.5,525,24564
2026-01-14 20:02:57,node-e,0,0.0,17.4,525,24564
2026-01-14 20:02:57,node-h,0,0.0,16.3,317,24564
2026-01-14 20:02:58,node-g,0,0.0,15.4,317,24564
2026-01-14 20:03:01,node-f,0,0.0,18.4,525,24564
2026-01-14 20:03:02,node-e,0,0.0,17.3,525,24564
2026-01-14 20:03:02,node-h,0,0.0,16.3,317,24564
2026-01-14 20:03:03,node-g,0,0.0,15.4,317,24564
2026-01-14 20:03:06,node-f,0,0.0,18.5,525,24564
2026-01-14 20:03:07,node-e,0,0.0,17.4,525,24564
2026-01-14 20:03:07,node-h,0,0.0,16.4,317,24564
2026-01-14 20:03:08,node-g,0,0.0,15.6,317,24564
2026-01-14 20:03:11,node-f,0,0.0,18.5,525,24564
2026-01-14 20:03:12,node-e,0,0.0,17.3,525,24564
2026-01-14 20:03:12,node-h,0,0.0,16.4,317,24564
2026-01-14 20:03:13,node-g,0,0.0,15.7,317,24564
2026-01-14 20:03:16,node-f,0,0.0,18.5,525,24564
2026-01-14 20:03:17,node-e,0,0.0,17.5,525,24564
2026-01-14 20:03:17,node-h,0,0.0,16.2,317,24564
2026-01-14 20:03:18,node-g,0,0.0,15.6,317,24564
2026-01-14 20:03:21,node-f,0,0.0,18.5,525,24564
2026-01-14 20:03:22,node-e,0,0.0,17.5,525,24564
2026-01-14 20:03:22,node-h,0,0.0,16.3,317,24564
2026-01-14 20:03:23,node-g,0,0.0,15.6,317,24564
2026-01-14 20:03:26,node-f,0,0.0,18.4,525,24564
2026-01-14 20:03:27,node-e,0,0.0,17.6,525,24564
2026-01-14 20:03:27,node-h,0,0.0,16.3,317,24564
2026-01-14 20:03:28,node-g,0,0.0,15.6,317,24564
2026-01-14 20:03:31,node-f,0,0.0,18.5,525,24564
2026-01-14 20:03:32,node-e,0,0.0,17.5,525,24564
2026-01-14 20:03:32,node-h,0,0.0,16.2,317,24564
2026-01-14 20:03:33,node-g,0,0.0,15.4,317,24564
2026-01-14 20:03:36,node-f,0,0.0,18.6,525,24564
2026-01-14 20:03:37,node-e,0,0.0,17.4,525,24564
2026-01-14 20:03:37,node-h,0,0.0,16.3,317,24564
2026-01-14 20:03:38,node-g,0,0.0,15.5,317,24564
2026-01-14 20:03:41,node-f,0,0.0,18.6,525,24564
2026-01-14 20:03:42,node-e,0,0.0,17.4,525,24564
2026-01-14 20:03:42,node-h,0,0.0,16.2,317,24564
2026-01-14 20:03:43,node-g,0,0.0,15.6,317,24564
2026-01-14 20:03:46,node-f,0,0.0,18.5,525,24564
2026-01-14 20:03:47,node-e,0,0.0,17.5,525,24564
2026-01-14 20:03:47,node-h,0,0.0,16.3,317,24564
2026-01-14 20:03:48,node-g,0,0.0,15.5,317,24564
2026-01-14 20:03:51,node-f,0,0.0,18.5,525,24564
2026-01-14 20:03:52,node-e,0,0.0,17.4,525,24564
2026-01-14 20:03:52,node-h,0,0.0,16.3,317,24564
2026-01-14 20:03:53,node-g,0,0.0,15.5,317,24564
2026-01-14 20:03:56,node-f,0,0.0,18.4,525,24564
2026-01-14 20:03:57,node-e,0,0.0,17.3,525,24564
2026-01-14 20:03:57,node-h,0,0.0,16.2,317,24564
2026-01-14 20:03:58,node-g,0,0.0,15.5,317,24564
2026-01-14 20:04:01,node-f,0,0.0,18.3,525,24564
2026-01-14 20:04:02,node-e,0,0.0,17.4,525,24564
2026-01-14 20:04:02,node-h,0,0.0,16.3,317,24564
2026-01-14 20:04:03,node-g,0,0.0,15.5,317,24564
2026-01-14 20:04:06,node-f,0,0.0,18.4,525,24564
2026-01-14 20:04:07,node-e,0,0.0,17.5,525,24564
2026-01-14 20:04:07,node-h,0,0.0,16.3,317,24564
2026-01-14 20:04:08,node-g,0,0.0,15.5,317,24564
2026-01-14 20:04:11,node-f,0,0.0,18.5,525,24564
2026-01-14 20:04:12,node-e,0,0.0,17.3,525,24564
2026-01-14 20:04:12,node-h,0,0.0,16.3,317,24564
2026-01-14 20:04:13,node-g,0,0.0,15.4,317,24564
2026-01-14 20:04:16,node-f,0,0.0,18.3,525,24564
2026-01-14 20:04:17,node-e,0,0.0,17.3,525,24564
2026-01-14 20:04:17,node-h,0,0.0,16.3,317,24564
2026-01-14 20:04:18,node-g,0,0.0,15.4,317,24564
2026-01-14 20:04:21,node-f,0,0.0,18.4,525,24564
2026-01-14 20:04:22,node-e,0,0.0,17.5,525,24564
2026-01-14 20:04:22,node-h,0,0.0,16.3,317,24564
2026-01-14 20:04:23,node-g,0,0.0,15.3,317,24564
2026-01-14 20:04:26,node-f,0,0.0,18.6,525,24564
2026-01-14 20:04:27,node-e,0,0.0,17.4,525,24564
2026-01-14 20:04:27,node-h,0,0.0,16.2,317,24564
2026-01-14 20:04:28,node-g,0,0.0,15.3,317,24564
2026-01-14 20:04:31,node-f,0,0.0,18.4,525,24564
2026-01-14 20:04:32,node-e,0,0.0,17.5,525,24564
2026-01-14 20:04:32,node-h,0,0.0,16.4,317,24564
2026-01-14 20:04:33,node-g,0,0.0,15.3,317,24564
2026-01-14 20:04:36,node-f,0,0.0,18.4,525,24564
2026-01-14 20:04:37,node-e,0,0.0,17.5,525,24564
2026-01-14 20:04:37,node-h,0,0.0,16.3,317,24564
2026-01-14 20:04:38,node-g,0,0.0,15.5,317,24564
2026-01-14 20:04:41,node-f,0,0.0,18.4,525,24564
2026-01-14 20:04:42,node-e,0,0.0,17.6,525,24564
2026-01-14 20:04:42,node-h,0,0.0,16.3,317,24564
2026-01-14 20:04:43,node-g,0,0.0,15.7,317,24564
2026-01-14 20:04:47,node-f,0,0.0,18.4,525,24564
2026-01-14 20:04:47,node-e,0,0.0,17.5,525,24564
2026-01-14 20:04:47,node-h,0,0.0,16.3,317,24564
2026-01-14 20:04:48,node-g,0,0.0,15.7,317,24564
2026-01-14 20:04:52,node-f,0,0.0,18.5,525,24564
2026-01-14 20:04:52,node-e,0,0.0,17.6,525,24564
2026-01-14 20:04:52,node-h,0,0.0,16.3,317,24564
2026-01-14 20:04:53,node-g,0,0.0,15.6,317,24564
2026-01-14 20:04:57,node-f,0,0.0,18.5,525,24564
2026-01-14 20:04:57,node-e,0,0.0,17.7,525,24564
2026-01-14 20:04:57,node-h,0,0.0,16.3,317,24564
2026-01-14 20:04:58,node-g,0,0.0,15.6,317,24564
2026-01-14 20:05:02,node-f,0,0.0,18.5,525,24564
2026-01-14 20:05:02,node-e,0,0.0,17.4,525,24564
2026-01-14 20:05:02,node-h,0,0.0,16.2,317,24564
2026-01-14 20:05:03,node-g,0,0.0,15.5,317,24564
2026-01-14 20:05:07,node-f,0,0.0,18.3,525,24564
2026-01-14 20:05:07,node-e,0,0.0,17.6,525,24564
2026-01-14 20:05:07,node-h,0,0.0,16.3,317,24564
2026-01-14 20:05:08,node-g,0,0.0,15.4,317,24564
2026-01-14 20:05:12,node-f,0,0.0,18.4,525,24564
2026-01-14 20:05:12,node-e,0,0.0,17.6,525,24564
2026-01-14 20:05:12,node-h,0,0.0,16.3,317,24564
2026-01-14 20:05:13,node-g,0,0.0,15.5,317,24564
2026-01-14 20:05:17,node-f,0,0.0,18.4,525,24564
2026-01-14 20:05:17,node-e,0,0.0,17.3,525,24564
2026-01-14 20:05:17,node-h,0,0.0,16.3,317,24564
2026-01-14 20:05:18,node-g,0,0.0,15.5,317,24564
2026-01-14 20:05:22,node-f,0,0.0,18.3,525,24564
2026-01-14 20:05:22,node-e,0,0.0,17.4,525,24564
2026-01-14 20:05:22,node-h,0,0.0,16.2,317,24564
2026-01-14 20:05:23,node-g,0,0.0,15.7,317,24564
2026-01-14 20:05:27,node-f,0,0.0,18.4,525,24564
2026-01-14 20:05:27,node-e,0,0.0,17.5,525,24564
2026-01-14 20:05:27,node-h,0,0.0,16.4,317,24564
2026-01-14 20:05:28,node-g,0,0.0,15.6,317,24564
2026-01-14 20:05:32,node-f,0,0.0,18.3,525,24564
2026-01-14 20:05:32,node-e,0,0.0,17.6,525,24564
2026-01-14 20:05:32,node-h,0,0.0,16.3,317,24564
2026-01-14 20:05:33,node-g,0,0.0,15.6,317,24564
2026-01-14 20:05:37,node-f,0,0.0,18.4,525,24564
2026-01-14 20:05:37,node-e,0,0.0,17.5,525,24564
2026-01-14 20:05:37,node-h,0,0.0,16.4,317,24564
2026-01-14 20:05:38,node-g,0,0.0,15.6,317,24564
2026-01-14 20:05:42,node-f,0,0.0,18.3,525,24564
2026-01-14 20:05:42,node-e,0,0.0,17.3,525,24564
2026-01-14 20:05:42,node-h,0,0.0,16.4,317,24564
2026-01-14 20:05:43,node-g,0,0.0,15.4,317,24564
2026-01-14 20:05:47,node-f,0,0.0,18.3,525,24564
2026-01-14 20:05:47,node-e,0,0.0,17.4,525,24564
2026-01-14 20:05:47,node-h,0,0.0,16.3,317,24564
2026-01-14 20:05:48,node-g,0,0.0,15.4,317,24564
2026-01-14 20:05:52,node-f,0,0.0,18.4,525,24564
2026-01-14 20:05:52,node-e,0,0.0,17.6,525,24564
2026-01-14 20:05:52,node-h,0,0.0,16.3,317,24564
2026-01-14 20:05:53,node-g,0,0.0,15.5,317,24564
2026-01-14 20:05:57,node-f,0,0.0,18.3,525,24564
2026-01-14 20:05:57,node-e,0,0.0,17.6,525,24564
2026-01-14 20:05:57,node-h,0,0.0,16.4,317,24564
2026-01-14 20:05:58,node-g,0,0.0,15.4,317,24564
2026-01-14 20:06:02,node-f,0,0.0,18.3,525,24564
2026-01-14 20:06:02,node-e,0,0.0,17.6,525,24564
2026-01-14 20:06:02,node-h,0,0.0,16.4,317,24564
2026-01-14 20:06:03,node-g,0,0.0,15.4,317,24564
2026-01-14 20:06:07,node-f,0,0.0,18.5,525,24564
2026-01-14 20:06:07,node-e,0,0.0,17.7,525,24564
2026-01-14 20:06:07,node-h,0,0.0,16.4,317,24564
2026-01-14 20:06:08,node-g,0,0.0,15.5,317,24564
2026-01-14 20:06:12,node-f,0,0.0,18.4,525,24564
2026-01-14 20:06:12,node-e,0,0.0,17.4,525,24564
2026-01-14 20:06:12,node-h,0,0.0,16.4,317,24564
2026-01-14 20:06:13,node-g,0,0.0,15.6,317,24564
2026-01-14 20:06:17,node-f,0,0.0,18.5,525,24564
2026-01-14 20:06:17,node-e,0,0.0,17.5,525,24564
2026-01-14 20:06:17,node-h,0,0.0,16.6,317,24564
2026-01-14 20:06:18,node-g,0,0.0,15.7,317,24564
2026-01-14 20:06:22,node-f,0,0.0,18.4,525,24564
2026-01-14 20:06:22,node-e,0,0.0,17.5,525,24564
2026-01-14 20:06:22,node-h,0,0.0,16.3,317,24564
2026-01-14 20:06:23,node-g,0,0.0,15.8,317,24564
2026-01-14 20:06:27,node-f,0,0.0,18.4,525,24564
2026-01-14 20:06:27,node-e,0,0.0,17.4,525,24564
2026-01-14 20:06:27,node-h,0,0.0,16.3,317,24564
2026-01-14 20:06:28,node-g,0,0.0,15.8,317,24564
2026-01-14 20:06:32,node-f,0,0.0,18.5,525,24564
2026-01-14 20:06:32,node-e,0,0.0,17.6,525,24564
2026-01-14 20:06:32,node-h,0,0.0,16.5,317,24564
2026-01-14 20:06:33,node-g,0,0.0,15.6,317,24564
2026-01-14 20:06:37,node-f,0,0.0,18.4,525,24564
2026-01-14 20:06:37,node-e,0,0.0,17.5,525,24564
2026-01-14 20:06:37,node-h,0,0.0,16.6,317,24564
2026-01-14 20:06:38,node-g,0,0.0,15.7,317,24564
2026-01-14 20:06:42,node-e,0,0.0,17.5,525,24564
2026-01-14 20:06:42,node-h,0,0.0,16.4,317,24564
2026-01-14 20:06:43,node-g,0,0.0,15.5,317,24564
2026-01-14 20:06:47,node-e,0,0.0,17.5,525,24564
2026-01-14 20:06:48,node-h,0,0.0,16.4,317,24564
2026-01-14 20:06:48,node-f,0,0.0,18.3,525,24564
2026-01-14 20:06:48,node-g,0,0.0,15.5,317,24564
2026-01-14 20:06:52,node-e,0,0.0,17.5,525,24564
2026-01-14 20:06:53,node-h,0,0.0,16.5,317,24564
2026-01-14 20:06:53,node-f,0,0.0,18.3,525,24564
2026-01-14 20:06:53,node-g,0,0.0,15.5,317,24564
2026-01-14 20:06:57,node-e,0,0.0,17.6,525,24564
2026-01-14 20:06:58,node-h,0,0.0,16.5,317,24564
2026-01-14 20:06:58,node-f,0,0.0,18.4,525,24564
2026-01-14 20:06:58,node-g,0,0.0,15.6,317,24564
2026-01-14 20:07:02,node-e,0,0.0,17.5,525,24564
2026-01-14 20:07:03,node-h,0,0.0,16.2,317,24564
2026-01-14 20:07:03,node-f,0,0.0,18.4,525,24564
2026-01-14 20:07:03,node-g,0,0.0,15.8,317,24564
2026-01-14 20:07:07,node-e,0,0.0,17.6,525,24564
2026-01-14 20:07:08,node-h,0,0.0,16.2,317,24564
2026-01-14 20:07:08,node-f,0,0.0,18.3,525,24564
2026-01-14 20:07:08,node-g,0,0.0,15.6,317,24564
2026-01-14 20:07:12,node-e,0,0.0,17.6,525,24564
2026-01-14 20:07:13,node-h,0,0.0,16.2,317,24564
2026-01-14 20:07:13,node-f,0,0.0,18.5,525,24564
2026-01-14 20:07:13,node-g,0,0.0,15.6,317,24564
2026-01-14 20:07:17,node-e,0,0.0,17.6,525,24564
2026-01-14 20:07:18,node-h,0,0.0,16.4,317,24564
2026-01-14 20:07:18,node-f,0,0.0,23.5,317,24564
2026-01-14 20:07:18,node-g,0,0.0,15.6,317,24564
2026-01-14 20:07:22,node-e,0,0.0,17.6,317,24564
2026-01-14 20:07:23,node-h,0,0.0,16.3,317,24564
2026-01-14 20:07:23,node-f,0,0.0,18.3,317,24564
2026-01-14 20:07:23,node-g,0,0.0,15.5,317,24564
2026-01-14 20:07:27,node-e,0,0.0,17.5,317,24564
2026-01-14 20:07:28,node-h,0,0.0,16.3,317,24564
2026-01-14 20:07:28,node-f,0,0.0,18.4,317,24564
2026-01-14 20:07:28,node-g,0,0.0,15.7,317,24564
2026-01-14 20:07:32,node-e,0,0.0,17.4,317,24564
2026-01-14 20:07:33,node-h,0,0.0,16.3,317,24564
2026-01-14 20:07:33,node-f,0,0.0,18.4,317,24564
2026-01-14 20:07:33,node-g,0,0.0,15.7,317,24564
2026-01-14 20:07:37,node-e,0,0.0,17.5,317,24564
2026-01-14 20:07:38,node-h,0,0.0,16.4,317,24564
2026-01-14 20:07:38,node-f,0,0.0,18.4,317,24564
2026-01-14 20:07:38,node-g,0,0.0,15.5,317,24564
2026-01-14 20:07:42,node-e,0,0.0,17.6,317,24564
2026-01-14 20:07:43,node-h,0,0.0,16.2,317,24564
2026-01-14 20:07:43,node-f,0,0.0,18.4,317,24564
2026-01-14 20:07:43,node-g,0,0.0,15.5,317,24564
2026-01-14 20:07:47,node-e,0,0.0,17.5,317,24564
2026-01-14 20:07:48,node-h,0,0.0,16.2,317,24564
2026-01-14 20:07:48,node-f,0,0.0,18.5,317,24564
2026-01-14 20:07:48,node-g,0,0.0,15.6,317,24564
2026-01-14 20:07:52,node-e,0,0.0,17.6,317,24564
2026-01-14 20:07:53,node-h,0,0.0,16.2,317,24564
2026-01-14 20:07:53,node-f,0,0.0,18.6,317,24564
2026-01-14 20:07:54,node-g,0,0.0,15.6,317,24564
2026-01-14 20:07:57,node-e,0,0.0,17.7,317,24564
2026-01-14 20:07:58,node-h,0,0.0,16.4,317,24564
2026-01-14 20:07:58,node-f,0,0.0,18.5,317,24564
2026-01-14 20:07:59,node-g,0,0.0,15.5,317,24564
2026-01-14 20:08:02,node-e,0,0.0,17.6,317,24564
2026-01-14 20:08:03,node-h,0,0.0,16.2,317,24564
2026-01-14 20:08:03,node-f,0,0.0,18.5,317,24564
2026-01-14 20:08:04,node-g,0,0.0,15.7,317,24564
2026-01-14 20:08:07,node-e,0,0.0,17.7,317,24564
2026-01-14 20:08:08,node-h,0,0.0,16.3,317,24564
2026-01-14 20:08:08,node-f,0,0.0,18.6,317,24564
2026-01-14 20:08:09,node-g,0,0.0,15.7,317,24564
2026-01-14 20:08:12,node-e,0,0.0,17.6,317,24564
2026-01-14 20:08:13,node-h,0,0.0,16.2,317,24564
2026-01-14 20:08:13,node-f,0,0.0,18.4,317,24564
2026-01-14 20:08:14,node-g,0,0.0,15.6,317,24564
2026-01-14 20:08:18,node-e,0,0.0,17.5,317,24564
2026-01-14 20:08:18,node-h,0,0.0,16.3,317,24564
2026-01-14 20:08:18,node-f,0,0.0,18.4,317,24564
2026-01-14 20:08:19,node-g,0,0.0,15.6,317,24564
2026-01-14 20:08:23,node-e,0,0.0,17.5,317,24564
2026-01-14 20:08:23,node-h,0,0.0,16.1,317,24564
2026-01-14 20:08:23,node-f,0,0.0,18.5,317,24564
2026-01-14 20:08:24,node-g,0,0.0,15.6,317,24564
2026-01-14 20:08:28,node-e,0,0.0,17.6,317,24564
2026-01-14 20:08:28,node-h,0,0.0,16.3,317,24564
2026-01-14 20:08:28,node-f,0,0.0,18.4,317,24564
2026-01-14 20:08:29,node-g,0,0.0,15.6,317,24564
2026-01-14 20:08:33,node-e,0,0.0,17.6,317,24564
2026-01-14 20:08:33,node-h,0,0.0,16.3,317,24564
2026-01-14 20:08:33,node-f,0,0.0,18.3,317,24564
2026-01-14 20:08:34,node-g,0,0.0,15.6,317,24564
2026-01-14 20:08:38,node-e,0,0.0,17.5,317,24564
2026-01-14 20:08:38,node-f,0,0.0,18.5,317,24564
2026-01-14 20:08:39,node-g,0,0.0,15.5,317,24564
2026-01-14 20:08:43,node-e,0,0.0,17.5,317,24564
2026-01-14 20:08:43,node-f,0,0.0,18.5,317,24564
2026-01-14 20:08:44,node-g,0,0.0,15.7,317,24564
2026-01-14 20:08:44,node-h,0,0.0,16.3,317,24564
2026-01-14 20:08:48,node-e,0,0.0,17.4,317,24564
2026-01-14 20:08:48,node-f,0,0.0,18.4,317,24564
2026-01-14 20:08:49,node-g,0,0.0,15.6,317,24564
2026-01-14 20:08:49,node-h,0,0.0,16.4,317,24564
2026-01-14 20:08:53,node-e,0,0.0,17.6,317,24564
2026-01-14 20:08:53,node-f,0,0.0,18.5,317,24564
2026-01-14 20:08:54,node-g,0,0.0,15.6,317,24564
2026-01-14 20:08:54,node-h,0,0.0,16.4,317,24564
2026-01-14 20:08:58,node-e,0,0.0,17.6,317,24564
2026-01-14 20:08:58,node-f,0,0.0,18.5,317,24564
2026-01-14 20:08:59,node-g,0,0.0,15.7,317,24564
2026-01-14 20:08:59,node-h,0,0.0,16.5,317,24564
2026-01-14 20:09:03,node-e,0,0.0,17.5,317,24564
2026-01-14 20:09:03,node-f,0,0.0,18.3,317,24564
2026-01-14 20:09:04,node-g,0,0.0,15.7,317,24564
2026-01-14 20:09:04,node-h,0,0.0,16.5,317,24564
2026-01-14 20:09:08,node-e,0,0.0,17.6,317,24564
2026-01-14 20:09:08,node-f,0,0.0,18.4,317,24564
2026-01-14 20:09:09,node-g,0,0.0,15.6,317,24564
2026-01-14 20:09:09,node-h,0,0.0,16.4,317,24564
2026-01-14 20:09:13,node-e,0,0.0,17.6,317,24564
2026-01-14 20:09:13,node-f,0,0.0,18.5,317,24564
2026-01-14 20:09:14,node-g,0,0.0,15.6,317,24564
2026-01-14 20:09:14,node-h,0,0.0,16.4,317,24564
2026-01-14 20:09:18,node-e,0,0.0,17.5,317,24564
2026-01-14 20:09:18,node-f,0,0.0,18.5,317,24564
2026-01-14 20:09:19,node-g,0,0.0,15.6,317,24564
2026-01-14 20:09:19,node-h,0,0.0,16.4,317,24564
2026-01-14 20:09:23,node-e,0,0.0,17.7,317,24564
2026-01-14 20:09:23,node-f,0,0.0,18.5,317,24564
2026-01-14 20:09:24,node-g,0,0.0,15.6,317,24564
2026-01-14 20:09:24,node-h,0,0.0,16.2,317,24564
2026-01-14 20:09:28,node-e,0,0.0,17.5,317,24564
2026-01-14 20:09:28,node-f,0,0.0,18.6,317,24564
2026-01-14 20:09:29,node-g,0,0.0,15.7,317,24564
2026-01-14 20:09:29,node-h,0,0.0,16.2,317,24564
2026-01-14 20:09:33,node-e,0,0.0,17.6,317,24564
2026-01-14 20:09:33,node-f,0,0.0,18.5,317,24564
2026-01-14 20:09:34,node-g,0,0.0,15.7,317,24564
2026-01-14 20:09:34,node-h,0,0.0,16.2,317,24564
2026-01-14 20:09:38,node-e,0,0.0,17.6,317,24564
2026-01-14 20:09:38,node-f,0,0.0,18.6,317,24564
2026-01-14 20:09:39,node-g,0,0.0,15.6,317,24564
2026-01-14 20:09:39,node-h,0,0.0,16.2,317,24564
2026-01-14 20:09:43,node-e,0,0.0,17.6,317,24564
2026-01-14 20:09:43,node-f,0,0.0,18.3,317,24564
2026-01-14 20:09:44,node-g,0,0.0,15.6,317,24564
2026-01-14 20:09:44,node-h,0,0.0,16.4,317,24564
2026-01-14 20:09:48,node-e,0,0.0,17.4,317,24564
2026-01-14 20:09:48,node-f,0,0.0,18.5,317,24564
2026-01-14 20:09:49,node-g,0,0.0,15.6,317,24564
2026-01-14 20:09:49,node-h,0,0.0,16.3,317,24564
2026-01-14 20:09:53,node-e,0,0.0,17.6,317,24564
2026-01-14 20:09:54,node-f,0,0.0,18.6,317,24564
2026-01-14 20:09:54,node-g,0,0.0,15.6,317,24564
2026-01-14 20:09:54,node-h,0,0.0,16.2,317,24564
2026-01-14 20:09:58,node-e,0,0.0,17.6,317,24564
2026-01-14 20:09:59,node-f,0,0.0,18.6,317,24564
2026-01-14 20:09:59,node-g,0,0.0,15.6,317,24564
2026-01-14 20:09:59,node-h,0,0.0,16.3,317,24564
2026-01-14 20:10:03,node-e,0,0.0,17.7,317,24564
2026-01-14 20:10:04,node-f,0,0.0,18.6,317,24564
2026-01-14 20:10:04,node-g,0,0.0,15.5,317,24564
2026-01-14 20:10:04,node-h,0,0.0,16.3,317,24564
2026-01-14 20:10:08,node-e,0,0.0,17.6,317,24564
2026-01-14 20:10:09,node-f,0,0.0,18.4,317,24564
2026-01-14 20:10:09,node-g,0,0.0,15.6,317,24564
2026-01-14 20:10:09,node-h,0,0.0,16.4,317,24564
2026-01-14 20:10:13,node-e,0,0.0,17.5,317,24564
2026-01-14 20:10:14,node-f,0,0.0,18.5,317,24564
2026-01-14 20:10:14,node-g,0,0.0,15.4,317,24564
2026-01-14 20:10:14,node-h,0,0.0,16.1,317,24564
2026-01-14 20:10:18,node-e,0,0.0,17.5,317,24564
2026-01-14 20:10:19,node-f,0,0.0,18.4,317,24564
2026-01-14 20:10:19,node-g,0,0.0,15.5,317,24564
2026-01-14 20:10:19,node-h,0,0.0,16.1,317,24564
2026-01-14 20:10:23,node-e,0,0.0,17.5,317,24564
2026-01-14 20:10:24,node-f,0,0.0,18.3,317,24564
2026-01-14 20:10:24,node-g,0,0.0,15.5,317,24564
2026-01-14 20:10:24,node-h,0,0.0,16.0,317,24564
2026-01-14 20:10:28,node-e,0,0.0,17.4,317,24564
2026-01-14 20:10:29,node-f,0,0.0,18.4,317,24564
2026-01-14 20:10:29,node-g,0,0.0,15.5,317,24564
2026-01-14 20:10:29,node-h,0,0.0,16.1,317,24564
2026-01-14 20:10:33,node-e,0,0.0,17.5,317,24564
2026-01-14 20:10:34,node-f,0,0.0,18.4,317,24564
2026-01-14 20:10:34,node-g,0,0.0,15.6,317,24564
2026-01-14 20:10:34,node-h,0,0.0,16.1,317,24564
2026-01-14 20:10:38,node-e,0,0.0,17.4,317,24564
2026-01-14 20:10:39,node-f,0,0.0,18.4,317,24564
2026-01-14 20:10:39,node-g,0,0.0,15.5,317,24564
2026-01-14 20:10:39,node-h,0,0.0,16.2,317,24564
2026-01-14 20:10:43,node-e,0,0.0,17.3,317,24564
2026-01-14 20:10:44,node-f,0,0.0,18.5,317,24564
2026-01-14 20:10:44,node-g,0,0.0,15.7,317,24564
2026-01-14 20:10:44,node-h,0,0.0,16.1,317,24564
2026-01-14 20:10:48,node-e,0,0.0,17.6,317,24564
2026-01-14 20:10:49,node-f,0,0.0,18.4,317,24564
2026-01-14 20:10:49,node-g,0,0.0,15.5,317,24564
2026-01-14 20:10:49,node-h,0,0.0,16.2,317,24564
2026-01-14 20:10:53,node-e,0,0.0,17.4,317,24564
2026-01-14 20:10:54,node-f,0,0.0,18.4,317,24564
2026-01-14 20:10:54,node-g,0,0.0,15.5,317,24564
2026-01-14 20:10:54,node-h,0,0.0,16.3,317,24564
2026-01-14 20:10:58,node-e,0,0.0,17.5,317,24564
2026-01-14 20:10:59,node-f,0,0.0,18.3,317,24564
2026-01-14 20:10:59,node-g,0,0.0,15.7,317,24564
2026-01-14 20:10:59,node-h,0,0.0,16.3,317,24564
2026-01-14 20:11:03,node-e,0,0.0,17.5,317,24564
2026-01-14 20:11:04,node-f,0,0.0,18.5,317,24564
2026-01-14 20:11:04,node-g,0,0.0,15.5,317,24564
2026-01-14 20:11:04,node-h,0,0.0,16.2,317,24564
2026-01-14 20:11:08,node-e,0,0.0,17.5,317,24564
2026-01-14 20:11:09,node-f,0,0.0,18.4,317,24564
2026-01-14 20:11:09,node-g,0,0.0,15.6,317,24564
2026-01-14 20:11:09,node-h,0,0.0,16.2,317,24564
2026-01-14 20:11:13,node-e,0,0.0,17.6,317,24564
2026-01-14 20:11:14,node-f,0,0.0,18.4,317,24564
2026-01-14 20:11:14,node-g,0,0.0,15.5,317,24564
2026-01-14 20:11:14,node-h,0,0.0,16.3,317,24564
2026-01-14 20:11:18,node-e,0,0.0,17.4,317,24564
2026-01-14 20:11:19,node-f,0,0.0,18.4,317,24564
2026-01-14 20:11:19,node-g,0,0.0,15.5,317,24564
2026-01-14 20:11:19,node-h,0,0.0,16.1,317,24564
2026-01-14 20:11:23,node-e,0,0.0,17.5,317,24564
2026-01-14 20:11:24,node-f,0,0.0,18.4,317,24564
2026-01-14 20:11:24,node-g,0,0.0,15.4,317,24564
2026-01-14 20:11:24,node-h,0,0.0,16.1,317,24564
2026-01-14 20:11:28,node-e,0,0.0,17.4,317,24564
2026-01-14 20:11:29,node-f,0,0.0,18.3,317,24564
2026-01-14 20:11:29,node-g,0,0.0,15.5,317,24564
2026-01-14 20:11:29,node-h,0,0.0,16.2,317,24564
2026-01-14 20:11:33,node-e,0,0.0,17.4,317,24564
2026-01-14 20:11:34,node-g,0,0.0,15.6,317,24564
2026-01-14 20:11:34,node-f,0,0.0,18.3,317,24564
2026-01-14 20:11:34,node-h,0,0.0,16.0,317,24564
2026-01-14 20:11:38,node-e,0,0.0,17.5,317,24564
2026-01-14 20:11:39,node-g,0,0.0,15.5,317,24564
2026-01-14 20:11:39,node-f,0,0.0,18.4,317,24564
2026-01-14 20:11:39,node-h,0,0.0,16.1,317,24564
2026-01-14 20:11:43,node-e,0,0.0,17.3,317,24564
2026-01-14 20:11:44,node-g,0,0.0,15.5,317,24564
2026-01-14 20:11:44,node-f,0,0.0,18.4,317,24564
2026-01-14 20:11:44,node-h,0,0.0,16.0,317,24564
2026-01-14 20:11:48,node-e,0,0.0,17.3,317,24564
2026-01-14 20:11:49,node-g,0,0.0,15.5,317,24564
2026-01-14 20:11:49,node-f,0,0.0,18.4,317,24564
2026-01-14 20:11:49,node-h,0,0.0,16.2,317,24564
2026-01-14 20:11:53,node-e,0,0.0,17.2,317,24564
2026-01-14 20:11:54,node-g,0,0.0,15.5,317,24564
2026-01-14 20:11:54,node-f,0,0.0,18.4,317,24564
2026-01-14 20:11:54,node-h,0,0.0,16.1,317,24564
2026-01-14 20:11:58,node-e,0,0.0,17.3,317,24564
2026-01-14 20:11:59,node-g,0,0.0,15.6,317,24564
2026-01-14 20:11:59,node-f,0,0.0,18.4,317,24564
2026-01-14 20:11:59,node-h,0,0.0,16.1,317,24564
2026-01-14 20:12:03,node-e,0,0.0,17.2,317,24564
2026-01-14 20:12:04,node-g,0,0.0,15.6,317,24564
2026-01-14 20:12:04,node-f,0,0.0,18.3,317,24564
2026-01-14 20:12:04,node-h,0,0.0,16.2,317,24564
2026-01-14 20:12:08,node-e,0,0.0,17.5,317,24564
2026-01-14 20:12:09,node-g,0,0.0,15.5,317,24564
2026-01-14 20:12:09,node-f,0,0.0,18.4,317,24564
2026-01-14 20:12:09,node-h,0,0.0,16.3,317,24564
2026-01-14 20:12:13,node-e,0,0.0,17.4,317,24564
2026-01-14 20:12:14,node-g,0,0.0,15.5,317,24564
2026-01-14 20:12:14,node-f,0,0.0,18.3,317,24564
2026-01-14 20:12:14,node-h,0,0.0,16.1,317,24564
2026-01-14 20:12:18,node-e,0,0.0,17.2,317,24564
2026-01-14 20:12:19,node-g,0,0.0,15.6,317,24564
2026-01-14 20:12:19,node-f,0,0.0,18.4,317,24564
2026-01-14 20:12:19,node-h,0,0.0,16.2,317,24564
2026-01-14 20:12:23,node-e,0,0.0,17.3,317,24564
2026-01-14 20:12:24,node-g,0,0.0,15.6,317,24564
2026-01-14 20:12:24,node-f,0,0.0,18.4,317,24564
2026-01-14 20:12:24,node-h,0,0.0,16.3,317,24564
2026-01-14 20:12:28,node-e,0,0.0,17.3,317,24564
2026-01-14 20:12:29,node-g,0,0.0,15.5,317,24564
2026-01-14 20:12:29,node-f,0,0.0,18.3,317,24564
2026-01-14 20:12:29,node-h,0,0.0,16.1,317,24564
2026-01-14 20:12:33,node-e,0,0.0,17.2,317,24564
2026-01-14 20:12:34,node-g,0,0.0,15.5,317,24564
2026-01-14 20:12:34,node-f,0,0.0,18.4,317,24564
2026-01-14 20:12:34,node-h,0,0.0,16.2,317,24564
2026-01-14 20:12:38,node-e,0,0.0,17.4,317,24564
2026-01-14 20:12:39,node-g,0,0.0,15.5,317,24564
2026-01-14 20:12:39,node-f,0,0.0,18.3,317,24564
2026-01-14 20:12:39,node-h,0,0.0,16.2,317,24564
2026-01-14 20:12:43,node-e,0,0.0,17.3,317,24564
2026-01-14 20:12:44,node-g,0,0.0,15.6,317,24564
2026-01-14 20:12:44,node-f,0,0.0,18.3,317,24564
2026-01-14 20:12:44,node-h,0,0.0,16.2,317,24564
2026-01-14 20:12:48,node-e,0,0.0,17.2,317,24564
2026-01-14 20:12:49,node-g,0,0.0,15.6,317,24564
2026-01-14 20:12:49,node-f,0,0.0,18.3,317,24564
2026-01-14 20:12:49,node-h,0,0.0,16.1,317,24564
2026-01-14 20:12:53,node-e,0,0.0,17.2,317,24564
2026-01-14 20:12:54,node-g,0,0.0,15.4,317,24564
2026-01-14 20:12:54,node-f,0,0.0,18.5,317,24564
2026-01-14 20:12:54,node-h,0,0.0,16.1,317,24564
2026-01-14 20:12:58,node-e,0,0.0,17.3,317,24564
2026-01-14 20:12:59,node-g,0,0.0,15.5,317,24564
2026-01-14 20:12:59,node-f,0,0.0,18.4,317,24564
2026-01-14 20:12:59,node-h,0,0.0,16.2,317,24564
2026-01-14 20:13:03,node-e,0,0.0,17.3,317,24564
2026-01-14 20:13:04,node-g,0,0.0,15.4,317,24564
2026-01-14 20:13:04,node-f,0,0.0,18.4,317,24564
2026-01-14 20:13:04,node-h,0,0.0,16.0,317,24564
2026-01-14 20:13:08,node-e,0,0.0,17.5,317,24564
2026-01-14 20:13:09,node-g,0,0.0,15.4,317,24564
2026-01-14 20:13:09,node-f,0,0.0,18.5,317,24564
2026-01-14 20:13:10,node-h,0,0.0,16.2,317,24564
2026-01-14 20:13:13,node-e,0,0.0,17.2,317,24564
2026-01-14 20:13:14,node-g,0,0.0,15.6,317,24564
2026-01-14 20:13:14,node-f,0,0.0,18.4,317,24564
2026-01-14 20:13:15,node-h,0,0.0,16.0,317,24564
2026-01-14 20:13:18,node-e,0,0.0,17.2,317,24564
2026-01-14 20:13:19,node-g,0,0.0,15.7,317,24564
2026-01-14 20:13:19,node-f,0,0.0,18.4,317,24564
2026-01-14 20:13:20,node-h,0,0.0,16.2,317,24564
2026-01-14 20:13:23,node-e,0,0.0,17.4,317,24564
2026-01-14 20:13:24,node-g,0,0.0,15.5,317,24564
2026-01-14 20:13:24,node-f,0,0.0,18.6,317,24564
2026-01-14 20:13:25,node-h,0,0.0,16.0,317,24564
2026-01-14 20:13:28,node-e,0,0.0,17.4,317,24564
2026-01-14 20:13:29,node-g,0,0.0,15.5,317,24564
2026-01-14 20:13:29,node-f,0,0.0,18.4,317,24564
2026-01-14 20:13:30,node-h,0,0.0,16.0,317,24564
2026-01-14 20:13:33,node-e,0,0.0,17.4,317,24564
2026-01-14 20:13:34,node-g,0,0.0,15.5,317,24564
2026-01-14 20:13:34,node-f,0,0.0,18.4,317,24564
2026-01-14 20:13:35,node-h,0,0.0,16.0,317,24564
2026-01-14 20:13:39,node-e,0,0.0,17.4,317,24564
2026-01-14 20:13:39,node-g,0,0.0,15.5,317,24564
2026-01-14 20:13:39,node-f,0,0.0,18.4,317,24564
2026-01-14 20:13:40,node-h,0,0.0,16.2,317,24564
2026-01-14 20:13:44,node-e,0,0.0,17.4,317,24564
2026-01-14 20:13:44,node-g,0,0.0,15.7,317,24564
2026-01-14 20:13:44,node-f,0,0.0,18.3,317,24564
2026-01-14 20:13:45,node-h,0,0.0,16.1,317,24564
2026-01-14 20:13:49,node-e,0,0.0,17.3,317,24564
2026-01-14 20:13:49,node-g,0,0.0,15.5,317,24564
2026-01-14 20:13:49,node-f,0,0.0,18.4,317,24564
2026-01-14 20:13:50,node-h,0,0.0,16.1,317,24564
2026-01-14 20:13:54,node-e,0,0.0,17.4,317,24564
2026-01-14 20:13:54,node-g,0,0.0,15.6,317,24564
2026-01-14 20:13:54,node-f,0,0.0,18.4,317,24564
2026-01-14 20:13:55,node-h,0,0.0,16.0,317,24564
2026-01-14 20:13:59,node-e,0,0.0,17.4,317,24564
2026-01-14 20:13:59,node-g,0,0.0,15.5,317,24564
2026-01-14 20:13:59,node-f,0,0.0,18.3,317,24564
2026-01-14 20:14:00,node-h,0,0.0,16.1,317,24564
2026-01-14 20:14:04,node-e,0,0.0,17.4,317,24564
2026-01-14 20:14:05,node-g,0,0.0,15.4,317,24564
2026-01-14 20:14:05,node-f,0,0.0,18.2,317,24564
2026-01-14 20:14:05,node-h,0,0.0,16.3,317,24564
2026-01-14 20:14:09,node-e,0,0.0,17.3,317,24564
2026-01-14 20:14:10,node-g,0,0.0,15.5,317,24564
2026-01-14 20:14:10,node-f,0,0.0,18.3,317,24564
2026-01-14 20:14:10,node-h,0,0.0,16.1,317,24564
2026-01-14 20:14:14,node-e,0,0.0,17.3,317,24564
2026-01-14 20:14:15,node-g,0,0.0,15.5,317,24564
2026-01-14 20:14:15,node-f,0,0.0,18.4,317,24564
2026-01-14 20:14:15,node-h,0,0.0,16.0,317,24564
2026-01-14 20:14:19,node-e,0,0.0,17.3,317,24564
2026-01-14 20:14:20,node-g,0,0.0,15.4,317,24564
2026-01-14 20:14:20,node-f,0,0.0,18.3,317,24564
2026-01-14 20:14:20,node-h,0,0.0,16.1,317,24564
2026-01-14 20:14:24,node-e,0,0.0,17.2,317,24564
2026-01-14 20:14:25,node-f,0,0.0,18.1,317,24564
2026-01-14 20:14:25,node-g,0,0.0,15.4,317,24564
2026-01-14 20:14:25,node-h,0,0.0,16.2,317,24564
2026-01-14 20:14:29,node-e,0,0.0,17.1,317,24564
2026-01-14 20:14:30,node-f,0,0.0,18.2,317,24564
2026-01-14 20:14:30,node-g,0,0.0,15.4,317,24564
2026-01-14 20:14:30,node-h,0,0.0,16.1,317,24564
2026-01-14 20:14:34,node-e,0,0.0,17.2,317,24564
2026-01-14 20:14:35,node-f,0,0.0,18.2,317,24564
2026-01-14 20:14:35,node-g,0,0.0,15.3,317,24564
2026-01-14 20:14:35,node-h,0,0.0,16.1,317,24564
2026-01-14 20:14:39,node-e,0,0.0,17.2,317,24564
2026-01-14 20:14:40,node-g,0,0.0,15.2,317,24564
2026-01-14 20:14:40,node-f,0,0.0,18.3,317,24564
2026-01-14 20:14:40,node-h,0,0.0,16.1,317,24564
2026-01-14 20:14:44,node-e,0,0.0,17.2,317,24564
2026-01-14 20:14:45,node-g,0,0.0,15.4,317,24564
2026-01-14 20:14:45,node-f,0,0.0,18.4,317,24564
2026-01-14 20:14:45,node-h,0,0.0,16.2,317,24564
2026-01-14 20:14:49,node-e,0,0.0,17.2,317,24564
2026-01-14 20:14:50,node-g,0,0.0,15.4,317,24564
2026-01-14 20:14:50,node-f,0,0.0,18.4,317,24564
2026-01-14 20:14:50,node-h,0,0.0,16.2,317,24564
2026-01-14 20:14:55,node-f,0,0.0,18.4,317,24564
2026-01-14 20:14:55,node-g,0,0.0,15.4,317,24564
2026-01-14 20:14:55,node-h,0,0.0,16.2,317,24564
2026-01-14 20:15:00,node-g,0,0.0,15.4,317,24564
2026-01-14 20:15:00,node-f,0,0.0,18.4,317,24564
2026-01-14 20:15:00,node-h,0,0.0,16.1,317,24564
2026-01-14 20:15:00,node-e,0,0.0,17.4,317,24564
2026-01-14 20:15:05,node-g,0,0.0,15.4,317,24564
2026-01-14 20:15:05,node-f,0,0.0,18.3,317,24564
2026-01-14 20:15:05,node-h,0,0.0,16.3,317,24564
2026-01-14 20:15:05,node-e,0,0.0,17.3,317,24564
2026-01-14 20:15:10,node-g,0,0.0,15.3,317,24564
2026-01-14 20:15:10,node-f,0,0.0,18.5,317,24564
2026-01-14 20:15:10,node-h,0,0.0,16.2,317,24564
2026-01-14 20:15:10,node-e,0,0.0,17.2,317,24564
2026-01-14 20:15:15,node-f,0,0.0,18.5,317,24564
2026-01-14 20:15:15,node-g,0,0.0,15.4,317,24564
2026-01-14 20:15:15,node-h,0,0.0,16.2,317,24564
2026-01-14 20:15:15,node-e,0,0.0,17.4,317,24564
2026-01-14 20:15:20,node-f,0,0.0,18.4,317,24564
2026-01-14 20:15:20,node-g,0,0.0,15.3,317,24564
2026-01-14 20:15:20,node-h,0,0.0,16.3,317,24564
2026-01-14 20:15:20,node-e,0,0.0,17.3,317,24564
2026-01-14 20:15:25,node-g,0,0.0,15.4,317,24564
2026-01-14 20:15:25,node-f,0,0.0,18.5,317,24564
2026-01-14 20:15:25,node-h,0,0.0,16.3,317,24564
2026-01-14 20:15:25,node-e,0,0.0,17.4,317,24564
2026-01-14 20:15:30,node-g,0,0.0,15.5,317,24564
2026-01-14 20:15:30,node-f,0,0.0,18.3,317,24564
2026-01-14 20:15:30,node-h,0,0.0,16.2,317,24564
2026-01-14 20:15:30,node-e,0,0.0,17.4,317,24564
2026-01-14 20:15:35,node-g,0,0.0,15.4,317,24564
2026-01-14 20:15:35,node-f,0,0.0,18.3,317,24564
2026-01-14 20:15:35,node-h,0,0.0,16.3,317,24564
2026-01-14 20:15:35,node-e,0,0.0,17.3,317,24564
2026-01-14 20:15:40,node-f,0,0.0,18.4,317,24564
2026-01-14 20:15:40,node-g,0,0.0,15.3,317,24564
2026-01-14 20:15:40,node-h,0,0.0,16.2,317,24564
2026-01-14 20:15:40,node-e,0,0.0,17.3,317,24564
2026-01-14 20:15:45,node-f,0,0.0,18.4,317,24564
2026-01-14 20:15:45,node-g,0,0.0,15.4,317,24564
2026-01-14 20:15:45,node-h,0,0.0,16.4,317,24564
2026-01-14 20:15:45,node-e,0,0.0,17.2,317,24564
2026-01-14 20:15:50,node-g,0,0.0,15.2,317,24564
2026-01-14 20:15:50,node-f,0,0.0,18.4,317,24564
2026-01-14 20:15:50,node-h,0,0.0,16.3,317,24564
2026-01-14 20:15:50,node-e,0,0.0,17.3,317,24564
2026-01-14 20:15:55,node-g,0,0.0,15.2,317,24564
2026-01-14 20:15:55,node-f,0,0.0,18.5,317,24564
2026-01-14 20:15:55,node-h,0,0.0,16.4,317,24564
2026-01-14 20:15:55,node-e,0,0.0,17.2,317,24564
2026-01-14 20:16:00,node-f,0,0.0,18.5,317,24564
2026-01-14 20:16:00,node-g,0,0.0,15.3,317,24564
2026-01-14 20:16:00,node-h,0,0.0,16.1,317,24564
2026-01-14 20:16:00,node-e,0,0.0,17.3,317,24564
2026-01-14 20:16:05,node-f,0,0.0,18.5,317,24564
2026-01-14 20:16:05,node-g,0,0.0,15.3,317,24564
2026-01-14 20:16:05,node-h,0,0.0,16.2,317,24564
2026-01-14 20:16:05,node-e,0,0.0,17.3,317,24564
2026-01-14 20:16:10,node-g,0,0.0,15.3,317,24564
2026-01-14 20:16:10,node-f,0,0.0,18.5,317,24564
2026-01-14 20:16:10,node-h,0,0.0,16.1,317,24564
2026-01-14 20:16:10,node-e,0,0.0,17.3,317,24564
2026-01-14 20:16:15,node-f,0,0.0,18.6,317,24564
2026-01-14 20:16:15,node-g,0,0.0,15.3,317,24564
2026-01-14 20:16:15,node-h,0,0.0,16.2,317,24564
2026-01-14 20:16:15,node-e,0,0.0,17.3,317,24564
2026-01-14 20:16:20,node-g,0,0.0,15.3,317,24564
2026-01-14 20:16:20,node-f,0,0.0,18.5,317,24564
2026-01-14 20:16:20,node-h,0,0.0,16.2,317,24564
2026-01-14 20:16:20,node-e,0,0.0,17.3,317,24564
2026-01-14 20:16:25,node-g,0,0.0,15.4,317,24564
2026-01-14 20:16:25,node-f,0,0.0,18.5,317,24564
2026-01-14 20:16:25,node-h,0,0.0,16.3,317,24564
2026-01-14 20:16:25,node-e,0,0.0,17.3,317,24564
2026-01-14 20:16:30,node-g,0,0.0,15.3,317,24564
2026-01-14 20:16:30,node-f,0,0.0,18.5,317,24564
2026-01-14 20:16:30,node-h,0,0.0,16.2,317,24564
2026-01-14 20:16:30,node-e,0,0.0,17.4,317,24564
2026-01-14 20:16:35,node-g,0,0.0,15.4,317,24564
2026-01-14 20:16:35,node-f,0,0.0,18.4,317,24564
2026-01-14 20:16:35,node-h,0,0.0,16.2,317,24564
2026-01-14 20:16:35,node-e,0,0.0,17.2,317,24564
2026-01-14 20:16:40,node-f,0,0.0,18.3,317,24564
2026-01-14 20:16:40,node-g,0,0.0,15.4,317,24564
2026-01-14 20:16:40,node-h,0,0.0,16.2,317,24564
2026-01-14 20:16:40,node-e,0,0.0,17.4,317,24564
2026-01-14 20:16:45,node-f,0,0.0,18.4,317,24564
2026-01-14 20:16:45,node-g,0,0.0,15.4,317,24564
2026-01-14 20:16:45,node-h,0,0.0,16.1,317,24564
2026-01-14 20:16:45,node-e,0,0.0,17.5,317,24564
2026-01-14 20:16:50,node-h,0,0.0,16.3,317,24564
2026-01-14 20:16:50,node-f,0,0.0,18.5,317,24564
2026-01-14 20:16:50,node-g,0,0.0,15.5,317,24564
2026-01-14 20:16:50,node-e,0,0.0,17.4,317,24564
2026-01-14 20:16:55,node-f,0,0.0,18.4,317,24564
2026-01-14 20:16:55,node-h,0,0.0,16.3,317,24564
2026-01-14 20:16:55,node-g,0,0.0,15.3,317,24564
2026-01-14 20:16:55,node-e,0,0.0,17.1,317,24564
2026-01-14 20:17:00,node-g,0,0.0,15.3,317,24564
2026-01-14 20:17:00,node-h,0,0.0,16.1,317,24564
2026-01-14 20:17:00,node-f,0,0.0,18.4,317,24564
2026-01-14 20:17:00,node-e,0,0.0,17.2,317,24564
2026-01-14 20:17:05,node-f,0,0.0,18.5,317,24564
2026-01-14 20:17:05,node-g,0,0.0,15.4,317,24564
2026-01-14 20:17:05,node-h,0,0.0,16.1,317,24564
2026-01-14 20:17:05,node-e,0,0.0,17.4,317,24564
2026-01-14 20:17:10,node-g,0,0.0,15.4,317,24564
2026-01-14 20:17:10,node-h,0,0.0,16.0,317,24564
2026-01-14 20:17:10,node-f,0,0.0,18.5,317,24564
2026-01-14 20:17:10,node-e,0,0.0,17.3,317,24564
2026-01-14 20:17:15,node-f,0,0.0,18.4,317,24564
2026-01-14 20:17:15,node-h,0,0.0,16.2,317,24564
2026-01-14 20:17:15,node-g,0,0.0,15.4,317,24564
2026-01-14 20:17:15,node-e,0,0.0,17.3,317,24564
2026-01-14 20:17:20,node-f,0,0.0,18.5,317,24564
2026-01-14 20:17:20,node-h,0,0.0,16.0,317,24564
2026-01-14 20:17:20,node-g,0,0.0,15.5,317,24564
2026-01-14 20:17:20,node-e,0,0.0,17.3,317,24564
2026-01-14 20:17:25,node-h,0,0.0,16.2,317,24564
2026-01-14 20:17:25,node-f,0,0.0,18.6,317,24564
2026-01-14 20:17:25,node-g,0,0.0,15.4,317,24564
2026-01-14 20:17:25,node-e,0,0.0,17.2,317,24564
2026-01-14 20:17:30,node-f,0,0.0,18.4,317,24564
2026-01-14 20:17:30,node-h,0,0.0,16.0,317,24564
2026-01-14 20:17:30,node-g,0,0.0,15.6,317,24564
2026-01-14 20:17:30,node-e,0,0.0,17.4,317,24564
2026-01-14 20:17:35,node-h,0,0.0,16.0,317,24564
2026-01-14 20:17:35,node-g,0,0.0,15.5,317,24564
2026-01-14 20:17:35,node-f,0,0.0,18.4,317,24564
2026-01-14 20:17:35,node-e,0,0.0,17.4,317,24564
2026-01-14 20:17:40,node-g,0,0.0,15.4,317,24564
2026-01-14 20:17:40,node-h,0,0.0,15.9,317,24564
2026-01-14 20:17:40,node-f,0,0.0,18.4,317,24564
2026-01-14 20:17:40,node-e,0,0.0,17.3,317,24564
2026-01-14 20:17:45,node-h,0,0.0,16.0,317,24564
2026-01-14 20:17:45,node-g,0,0.0,15.3,317,24564
2026-01-14 20:17:45,node-f,0,0.0,18.5,317,24564
2026-01-14 20:17:45,node-e,0,0.0,17.6,317,24564
2026-01-14 20:17:50,node-h,0,0.0,16.1,317,24564
2026-01-14 20:17:50,node-f,0,0.0,18.5,317,24564
2026-01-14 20:17:50,node-g,0,0.0,15.4,317,24564
2026-01-14 20:17:50,node-e,0,0.0,17.4,317,24564
2026-01-14 20:17:55,node-f,0,0.0,18.5,317,24564
2026-01-14 20:17:55,node-g,0,0.0,15.5,317,24564
2026-01-14 20:17:55,node-h,0,0.0,16.4,317,24564
2026-01-14 20:17:55,node-e,0,0.0,17.5,317,24564
2026-01-14 20:18:00,node-g,0,0.0,15.5,317,24564
2026-01-14 20:18:00,node-h,0,0.0,16.3,317,24564
2026-01-14 20:18:00,node-f,0,0.0,18.5,317,24564
2026-01-14 20:18:00,node-e,0,0.0,17.4,317,24564
2026-01-14 20:18:05,node-h,0,0.0,16.4,317,24564
2026-01-14 20:18:05,node-f,0,0.0,18.4,317,24564
2026-01-14 20:18:05,node-g,0,0.0,15.3,317,24564
2026-01-14 20:18:05,node-e,0,0.0,17.3,317,24564
2026-01-14 20:18:10,node-g,0,0.0,15.3,317,24564
2026-01-14 20:18:10,node-f,0,0.0,18.5,317,24564
2026-01-14 20:18:10,node-h,0,0.0,16.3,317,24564
2026-01-14 20:18:10,node-e,0,0.0,17.5,317,24564
2026-01-14 20:18:15,node-f,0,0.0,18.6,317,24564
2026-01-14 20:18:15,node-g,0,0.0,15.4,317,24564
2026-01-14 20:18:15,node-h,0,0.0,16.3,317,24564
2026-01-14 20:18:16,node-e,0,0.0,17.4,317,24564
2026-01-14 20:18:20,node-f,0,0.0,18.7,317,24564
2026-01-14 20:18:20,node-h,0,0.0,16.3,317,24564
2026-01-14 20:18:20,node-g,0,0.0,15.5,317,24564
2026-01-14 20:18:21,node-e,0,0.0,17.3,317,24564
2026-01-14 20:18:25,node-f,0,0.0,18.5,317,24564
2026-01-14 20:18:25,node-h,0,0.0,16.3,317,24564
2026-01-14 20:18:25,node-g,0,0.0,15.5,317,24564
2026-01-14 20:18:26,node-e,0,0.0,17.5,317,24564
2026-01-14 20:18:31,node-f,0,0.0,18.6,317,24564
2026-01-14 20:18:31,node-h,0,0.0,16.4,317,24564
2026-01-14 20:18:31,node-g,0,0.0,15.5,317,24564
2026-01-14 20:18:31,node-e,0,0.0,17.4,317,24564
2026-01-14 20:18:36,node-h,0,0.0,16.3,317,24564
2026-01-14 20:18:36,node-g,0,0.0,15.6,317,24564
2026-01-14 20:18:36,node-f,0,0.0,18.6,317,24564
2026-01-14 20:18:36,node-e,0,0.0,17.3,317,24564
2026-01-14 20:18:41,node-g,0,0.0,15.6,317,24564
2026-01-14 20:18:41,node-h,0,0.0,16.4,317,24564
2026-01-14 20:18:41,node-f,0,0.0,18.6,317,24564
2026-01-14 20:18:41,node-e,0,0.0,17.3,317,24564
2026-01-14 20:18:46,node-h,0,0.0,16.5,317,24564
2026-01-14 20:18:46,node-f,0,0.0,18.6,317,24564
2026-01-14 20:18:46,node-g,0,0.0,15.7,317,24564
2026-01-14 20:18:46,node-e,0,0.0,17.4,317,24564
2026-01-14 20:18:51,node-g,0,0.0,15.7,317,24564
2026-01-14 20:18:51,node-f,0,0.0,18.7,317,24564
2026-01-14 20:18:51,node-e,0,0.0,17.2,317,24564
2026-01-14 20:18:51,node-h,0,0.0,16.4,317,24564
2026-01-14 20:18:56,node-h,0,0.0,16.3,317,24564
2026-01-14 20:18:56,node-g,0,0.0,15.7,317,24564
2026-01-14 20:18:56,node-f,0,0.0,18.4,317,24564
2026-01-14 20:18:56,node-e,0,0.0,17.3,317,24564
2026-01-14 20:19:01,node-g,0,0.0,15.6,317,24564
2026-01-14 20:19:01,node-f,0,0.0,18.3,317,24564
2026-01-14 20:19:01,node-e,0,0.0,17.5,317,24564
2026-01-14 20:19:06,node-g,0,0.0,15.5,317,24564
2026-01-14 20:19:06,node-f,0,0.0,18.3,317,24564
2026-01-14 20:19:07,node-h,0,0.0,16.3,317,24564
2026-01-14 20:19:11,node-g,0,0.0,15.6,317,24564
2026-01-14 20:19:11,node-f,0,0.0,18.4,317,24564
2026-01-14 20:19:12,node-h,0,0.0,16.2,317,24564
2026-01-14 20:19:12,node-e,0,0.0,17.4,317,24564
2026-01-14 20:19:16,node-g,0,0.0,15.7,317,24564
2026-01-14 20:19:16,node-f,0,0.0,18.4,317,24564
2026-01-14 20:19:17,node-h,0,0.0,16.4,317,24564
2026-01-14 20:19:17,node-e,0,0.0,17.3,317,24564
2026-01-14 20:19:21,node-g,0,0.0,15.6,317,24564
2026-01-14 20:19:21,node-f,0,0.0,18.5,317,24564
2026-01-14 20:19:22,node-h,0,0.0,16.3,317,24564
2026-01-14 20:19:22,node-e,0,0.0,17.1,317,24564
2026-01-14 20:19:26,node-f,0,0.0,18.5,317,24564
2026-01-14 20:19:26,node-g,0,0.0,15.6,317,24564
2026-01-14 20:19:27,node-h,0,0.0,16.2,317,24564
2026-01-14 20:19:27,node-e,0,0.0,17.4,317,24564
2026-01-14 20:19:31,node-g,0,0.0,15.6,317,24564
2026-01-14 20:19:31,node-f,0,0.0,18.5,317,24564
2026-01-14 20:19:32,node-h,0,0.0,16.3,317,24564
2026-01-14 20:19:32,node-e,0,0.0,17.3,317,24564
2026-01-14 20:19:36,node-g,0,0.0,15.4,317,24564
2026-01-14 20:19:36,node-f,0,0.0,18.4,317,24564
2026-01-14 20:19:37,node-h,0,0.0,16.3,317,24564
2026-01-14 20:19:37,node-e,0,0.0,17.1,317,24564
2026-01-14 20:19:41,node-g,0,0.0,15.7,317,24564
2026-01-14 20:19:41,node-f,0,0.0,18.5,317,24564
2026-01-14 20:19:42,node-e,0,0.0,17.3,317,24564
2026-01-14 20:19:42,node-h,0,0.0,16.2,317,24564
2026-01-14 20:19:46,node-g,0,0.0,15.6,317,24564
2026-01-14 20:19:46,node-f,0,0.0,18.6,317,24564
2026-01-14 20:19:47,node-h,0,0.0,16.3,317,24564
2026-01-14 20:19:47,node-e,0,0.0,17.3,317,24564
2026-01-14 20:19:51,node-f,0,0.0,18.5,317,24564
2026-01-14 20:19:51,node-g,0,0.0,15.6,317,24564
2026-01-14 20:19:52,node-h,0,0.0,16.5,317,24564
2026-01-14 20:19:52,node-e,0,0.0,17.3,317,24564
2026-01-14 20:19:56,node-g,0,0.0,15.6,317,24564
2026-01-14 20:19:56,node-f,0,0.0,18.6,317,24564
2026-01-14 20:19:57,node-h,0,0.0,16.4,317,24564
2026-01-14 20:19:57,node-e,0,0.0,17.2,317,24564
2026-01-14 20:20:01,node-f,0,0.0,18.5,317,24564
2026-01-14 20:20:01,node-g,0,0.0,15.5,317,24564
2026-01-14 20:20:02,node-h,0,0.0,16.3,317,24564
2026-01-14 20:20:02,node-e,0,0.0,17.2,317,24564
2026-01-14 20:20:06,node-f,0,0.0,18.5,317,24564
2026-01-14 20:20:06,node-g,0,0.0,15.6,317,24564
2026-01-14 20:20:07,node-h,0,0.0,16.3,317,24564
2026-01-14 20:20:07,node-e,0,0.0,17.3,317,24564
2026-01-14 20:20:11,node-f,0,0.0,18.4,317,24564
2026-01-14 20:20:11,node-g,0,0.0,15.6,317,24564
2026-01-14 20:20:12,node-h,0,0.0,16.3,317,24564
2026-01-14 20:20:12,node-e,0,0.0,17.2,317,24564
2026-01-14 20:20:16,node-g,0,0.0,15.5,317,24564
2026-01-14 20:20:16,node-f,0,0.0,18.5,317,24564
2026-01-14 20:20:17,node-h,0,0.0,16.1,317,24564
2026-01-14 20:20:17,node-e,0,0.0,17.3,317,24564
2026-01-14 20:20:21,node-g,0,0.0,15.5,317,24564
2026-01-14 20:20:21,node-f,0,0.0,18.6,317,24564
2026-01-14 20:20:22,node-h,0,0.0,16.3,317,24564
2026-01-14 20:20:22,node-e,0,0.0,17.3,317,24564
2026-01-14 20:20:26,node-g,0,0.0,15.5,317,24564
2026-01-14 20:20:26,node-f,0,0.0,18.5,317,24564
2026-01-14 20:20:27,node-h,0,0.0,16.1,317,24564
2026-01-14 20:20:27,node-e,0,0.0,17.2,317,24564
2026-01-14 20:20:31,node-g,0,0.0,15.5,317,24564
2026-01-14 20:20:31,node-f,0,0.0,18.6,317,24564
2026-01-14 20:20:32,node-h,0,0.0,16.1,317,24564
2026-01-14 20:20:32,node-e,0,0.0,17.2,317,24564
2026-01-14 20:20:36,node-g,0,0.0,15.4,317,24564
2026-01-14 20:20:36,node-f,0,0.0,18.5,317,24564
2026-01-14 20:20:37,node-e,0,0.0,17.2,317,24564
2026-01-14 20:20:37,node-h,0,0.0,16.2,317,24564
2026-01-14 20:20:41,node-g,0,0.0,15.5,317,24564
2026-01-14 20:20:41,node-f,0,0.0,18.6,317,24564
2026-01-14 20:20:42,node-e,0,0.0,17.3,317,24564
2026-01-14 20:20:42,node-h,0,0.0,16.2,317,24564
2026-01-14 20:20:46,node-g,0,0.0,15.6,317,24564
2026-01-14 20:20:46,node-f,0,0.0,18.7,317,24564
2026-01-14 20:20:47,node-e,0,0.0,17.3,317,24564
2026-01-14 20:20:47,node-h,0,0.0,16.1,317,24564
2026-01-14 20:20:51,node-g,0,0.0,15.5,317,24564
2026-01-14 20:20:51,node-f,0,0.0,18.5,317,24564
2026-01-14 20:20:52,node-e,0,0.0,17.3,317,24564
2026-01-14 20:20:52,node-h,0,0.0,16.2,317,24564
2026-01-14 20:20:56,node-g,0,0.0,15.5,317,24564
2026-01-14 20:20:56,node-f,0,0.0,18.6,317,24564
2026-01-14 20:20:57,node-h,0,0.0,16.6,317,24564
2026-01-14 20:20:57,node-e,0,0.0,17.3,317,24564
2026-01-14 20:21:01,node-g,0,0.0,15.3,317,24564
2026-01-14 20:21:01,node-f,0,0.0,18.5,317,24564
2026-01-14 20:21:02,node-h,0,0.0,16.5,317,24564
2026-01-14 20:21:02,node-e,0,0.0,17.4,317,24564
2026-01-14 20:21:06,node-g,0,0.0,15.2,317,24564
2026-01-14 20:21:06,node-f,0,0.0,18.5,317,24564
2026-01-14 20:21:07,node-h,0,0.0,16.2,317,24564
2026-01-14 20:21:07,node-e,0,0.0,17.4,317,24564
2026-01-14 20:21:11,node-g,0,0.0,15.3,317,24564
2026-01-14 20:21:11,node-f,0,0.0,18.6,317,24564
2026-01-14 20:21:12,node-h,0,0.0,16.3,317,24564
2026-01-14 20:21:12,node-e,0,0.0,17.3,317,24564
2026-01-14 20:21:16,node-g,0,0.0,15.4,317,24564
2026-01-14 20:21:16,node-f,0,0.0,18.6,317,24564
2026-01-14 20:21:17,node-e,0,0.0,17.3,317,24564
2026-01-14 20:21:17,node-h,0,0.0,16.3,317,24564
2026-01-14 20:21:21,node-g,0,0.0,15.3,317,24564
2026-01-14 20:21:21,node-f,0,0.0,18.6,317,24564
2026-01-14 20:21:22,node-e,0,0.0,17.3,317,24564
2026-01-14 20:21:22,node-h,0,0.0,16.2,317,24564
2026-01-14 20:21:26,node-g,0,0.0,15.4,317,24564
2026-01-14 20:21:26,node-f,0,0.0,18.6,317,24564
2026-01-14 20:21:27,node-e,0,0.0,17.1,317,24564
2026-01-14 20:21:27,node-h,0,0.0,16.2,317,24564
2026-01-14 20:21:31,node-g,0,0.0,15.4,317,24564
2026-01-14 20:21:31,node-f,0,0.0,18.5,317,24564
2026-01-14 20:21:32,node-h,0,0.0,16.2,317,24564
2026-01-14 20:21:32,node-e,0,0.0,17.2,317,24564
2026-01-14 20:21:36,node-g,0,0.0,15.5,317,24564
2026-01-14 20:21:36,node-f,0,0.0,18.4,317,24564
2026-01-14 20:21:37,node-e,0,0.0,17.4,317,24564
2026-01-14 20:21:37,node-h,0,0.0,16.3,317,24564
2026-01-14 20:21:41,node-g,0,0.0,15.3,317,24564
2026-01-14 20:21:41,node-f,0,0.0,18.4,317,24564
2026-01-14 20:21:42,node-e,0,0.0,17.2,317,24564
2026-01-14 20:21:42,node-h,0,0.0,16.2,317,24564
2026-01-14 20:21:46,node-g,0,0.0,15.4,317,24564
2026-01-14 20:21:46,node-f,0,0.0,18.4,317,24564
2026-01-14 20:21:47,node-e,0,0.0,17.2,317,24564
2026-01-14 20:21:47,node-h,0,0.0,16.2,317,24564
2026-01-14 20:21:51,node-g,0,0.0,15.3,317,24564
2026-01-14 20:21:51,node-f,0,0.0,18.4,317,24564
2026-01-14 20:21:52,node-e,0,0.0,17.2,317,24564
2026-01-14 20:21:52,node-h,0,0.0,16.3,317,24564
2026-01-14 20:21:56,node-g,0,0.0,15.4,317,24564
2026-01-14 20:21:56,node-f,0,0.0,18.4,317,24564
2026-01-14 20:21:57,node-h,0,0.0,16.3,317,24564
2026-01-14 20:21:57,node-e,0,0.0,17.3,317,24564
2026-01-14 20:22:01,node-g,0,0.0,15.3,317,24564
2026-01-14 20:22:01,node-f,0,0.0,18.3,317,24564
2026-01-14 20:22:02,node-e,0,0.0,17.3,317,24564
2026-01-14 20:22:02,node-h,0,0.0,16.5,317,24564
2026-01-14 20:22:06,node-g,0,0.0,15.4,317,24564
2026-01-14 20:22:06,node-f,0,0.0,18.5,317,24564
2026-01-14 20:22:07,node-e,0,0.0,17.3,317,24564
2026-01-14 20:22:07,node-h,0,0.0,16.3,317,24564
2026-01-14 20:22:11,node-g,0,0.0,15.3,317,24564
2026-01-14 20:22:11,node-f,0,0.0,18.3,317,24564
2026-01-14 20:22:12,node-h,0,0.0,16.1,317,24564
2026-01-14 20:22:12,node-e,0,0.0,17.4,317,24564
2026-01-14 20:22:16,node-g,0,0.0,15.4,317,24564
2026-01-14 20:22:16,node-f,0,0.0,18.3,317,24564
2026-01-14 20:22:17,node-h,0,0.0,16.2,317,24564
2026-01-14 20:22:17,node-e,0,0.0,17.4,317,24564
2026-01-14 20:22:21,node-g,0,0.0,15.3,317,24564
2026-01-14 20:22:21,node-f,0,0.0,18.4,317,24564
2026-01-14 20:22:22,node-e,0,0.0,17.4,317,24564
2026-01-14 20:22:22,node-h,0,0.0,16.4,317,24564
2026-01-14 20:22:26,node-g,0,0.0,15.3,317,24564
2026-01-14 20:22:26,node-f,0,0.0,18.3,317,24564
2026-01-14 20:22:27,node-e,0,0.0,17.4,317,24564
2026-01-14 20:22:27,node-h,0,0.0,16.3,317,24564
2026-01-14 20:22:31,node-g,0,0.0,15.3,317,24564
2026-01-14 20:22:32,node-f,0,0.0,18.4,317,24564
2026-01-14 20:22:32,node-e,0,0.0,17.5,317,24564
2026-01-14 20:22:32,node-h,0,0.0,16.3,317,24564
2026-01-14 20:22:36,node-g,0,0.0,15.4,317,24564
2026-01-14 20:22:37,node-f,0,0.0,18.4,317,24564
2026-01-14 20:22:37,node-h,0,0.0,16.3,317,24564
2026-01-14 20:22:37,node-e,0,0.0,17.3,317,24564
2026-01-14 20:22:41,node-g,0,0.0,15.4,317,24564
2026-01-14 20:22:42,node-f,0,0.0,18.4,317,24564
2026-01-14 20:22:42,node-h,0,0.0,16.2,317,24564
2026-01-14 20:22:42,node-e,0,0.0,17.4,317,24564
2026-01-14 20:22:46,node-g,0,0.0,15.5,317,24564
2026-01-14 20:22:47,node-f,0,0.0,18.4,317,24564
2026-01-14 20:22:47,node-h,0,0.0,16.2,317,24564
2026-01-14 20:22:47,node-e,0,0.0,17.4,317,24564
2026-01-14 20:22:51,node-g,0,0.0,15.4,317,24564
2026-01-14 20:22:52,node-f,0,0.0,18.4,317,24564
2026-01-14 20:22:52,node-e,0,0.0,17.4,317,24564
2026-01-14 20:22:52,node-h,0,0.0,16.2,317,24564
2026-01-14 20:22:56,node-g,0,0.0,15.4,317,24564
2026-01-14 20:22:57,node-f,0,0.0,18.4,317,24564
2026-01-14 20:22:57,node-e,0,0.0,17.4,317,24564
2026-01-14 20:22:57,node-h,0,0.0,16.2,317,24564
2026-01-14 20:23:01,node-g,0,0.0,15.4,317,24564
2026-01-14 20:23:02,node-f,0,0.0,18.3,317,24564
2026-01-14 20:23:02,node-h,0,0.0,16.1,317,24564
2026-01-14 20:23:02,node-e,0,0.0,17.3,317,24564
2026-01-14 20:23:06,node-g,0,0.0,15.5,317,24564
2026-01-14 20:23:07,node-f,0,0.0,18.3,317,24564
2026-01-14 20:23:07,node-h,0,0.0,16.2,317,24564
2026-01-14 20:23:07,node-e,0,0.0,17.4,317,24564
2026-01-14 20:23:11,node-g,0,0.0,15.3,317,24564
2026-01-14 20:23:12,node-f,0,0.0,18.3,317,24564
2026-01-14 20:23:12,node-e,0,0.0,17.4,317,24564
2026-01-14 20:23:12,node-h,0,0.0,16.4,317,24564
2026-01-14 20:23:16,node-g,0,0.0,15.4,317,24564
2026-01-14 20:23:17,node-f,0,0.0,18.3,317,24564
2026-01-14 20:23:17,node-h,0,0.0,16.1,317,24564
2026-01-14 20:23:17,node-e,0,0.0,17.2,317,24564
2026-01-14 20:23:21,node-g,0,0.0,15.4,317,24564
2026-01-14 20:23:22,node-f,0,0.0,18.4,317,24564
2026-01-14 20:23:22,node-e,0,0.0,17.4,317,24564
2026-01-14 20:23:22,node-h,0,0.0,16.3,317,24564
2026-01-14 20:23:27,node-g,0,0.0,15.5,317,24564
2026-01-14 20:23:27,node-f,0,0.0,18.2,317,24564
2026-01-14 20:23:27,node-e,0,0.0,17.6,317,24564
2026-01-14 20:23:27,node-h,0,0.0,16.2,317,24564
2026-01-14 20:23:32,node-g,0,0.0,15.3,317,24564
2026-01-14 20:23:32,node-f,0,0.0,18.4,317,24564
2026-01-14 20:23:32,node-e,0,0.0,17.4,317,24564
2026-01-14 20:23:32,node-h,0,0.0,16.1,317,24564
2026-01-14 20:23:37,node-g,0,0.0,15.4,317,24564
2026-01-14 20:23:37,node-f,0,0.0,18.4,317,24564
2026-01-14 20:23:38,node-h,0,0.0,16.2,317,24564
2026-01-14 20:23:38,node-e,0,0.0,17.4,317,24564
2026-01-14 20:23:42,node-g,0,0.0,15.5,317,24564
2026-01-14 20:23:42,node-f,0,0.0,18.3,317,24564
2026-01-14 20:23:43,node-h,0,0.0,16.2,317,24564
2026-01-14 20:23:43,node-e,0,0.0,17.3,317,24564
2026-01-14 20:23:47,node-g,0,0.0,15.5,317,24564
2026-01-14 20:23:47,node-f,0,0.0,18.4,317,24564
2026-01-14 20:23:48,node-e,0,0.0,17.4,317,24564
2026-01-14 20:23:48,node-h,0,0.0,16.1,317,24564
2026-01-14 20:23:52,node-g,0,0.0,15.4,317,24564
2026-01-14 20:23:52,node-f,0,0.0,18.3,317,24564
2026-01-14 20:23:53,node-e,0,0.0,17.3,317,24564
2026-01-14 20:23:53,node-h,0,0.0,16.3,317,24564
2026-01-14 20:23:57,node-g,0,0.0,15.5,317,24564
2026-01-14 20:23:57,node-f,0,0.0,18.3,317,24564
2026-01-14 20:23:58,node-h,0,0.0,16.3,317,24564
2026-01-14 20:23:58,node-e,0,0.0,17.4,317,24564
2026-01-14 20:24:02,node-g,0,0.0,15.5,317,24564
2026-01-14 20:24:02,node-f,0,0.0,18.3,317,24564
2026-01-14 20:24:03,node-e,0,0.0,17.5,317,24564
2026-01-14 20:24:03,node-h,0,0.0,16.2,317,24564
2026-01-14 20:24:07,node-g,0,0.0,15.3,317,24564
2026-01-14 20:24:07,node-f,0,0.0,18.3,317,24564
2026-01-14 20:24:08,node-e,0,0.0,17.4,317,24564
2026-01-14 20:24:08,node-h,0,0.0,16.3,317,24564
2026-01-14 20:24:12,node-g,0,0.0,15.4,317,24564
2026-01-14 20:24:12,node-f,0,0.0,18.4,317,24564
2026-01-14 20:24:13,node-e,0,0.0,17.3,317,24564
2026-01-14 20:24:13,node-h,0,0.0,16.3,317,24564
2026-01-14 20:24:17,node-g,0,0.0,15.5,317,24564
2026-01-14 20:24:17,node-f,0,0.0,18.3,317,24564
2026-01-14 20:24:18,node-h,0,0.0,16.2,317,24564
2026-01-14 20:24:18,node-e,0,0.0,17.4,317,24564
2026-01-14 20:24:22,node-g,0,0.0,15.6,317,24564
2026-01-14 20:24:22,node-f,0,0.0,18.3,317,24564
2026-01-14 20:24:23,node-e,0,0.0,17.3,317,24564
2026-01-14 20:24:23,node-h,0,0.0,16.2,317,24564
2026-01-14 20:24:27,node-g,0,0.0,15.4,317,24564
2026-01-14 20:24:27,node-f,0,0.0,18.3,317,24564
2026-01-14 20:24:28,node-h,0,0.0,16.3,317,24564
2026-01-14 20:24:28,node-e,0,0.0,17.3,317,24564
2026-01-14 20:24:32,node-g,0,0.0,15.5,317,24564
2026-01-14 20:24:32,node-f,0,0.0,18.3,317,24564
2026-01-14 20:24:33,node-e,0,0.0,17.1,317,24564
2026-01-14 20:24:33,node-h,0,0.0,16.2,317,24564
2026-01-14 20:24:37,node-g,0,0.0,15.3,317,24564
2026-01-14 20:24:37,node-f,0,0.0,18.4,317,24564
2026-01-14 20:24:38,node-e,0,0.0,17.2,317,24564
2026-01-14 20:24:38,node-h,0,0.0,16.2,317,24564
2026-01-14 20:24:42,node-g,0,0.0,15.3,317,24564
2026-01-14 20:24:42,node-f,0,0.0,18.3,317,24564
2026-01-14 20:24:43,node-e,0,0.0,17.2,317,24564
2026-01-14 20:24:43,node-h,0,0.0,16.3,317,24564
2026-01-14 20:24:47,node-g,0,0.0,15.5,317,24564
2026-01-14 20:24:47,node-f,0,0.0,18.3,317,24564
2026-01-14 20:24:48,node-e,0,0.0,17.1,317,24564
2026-01-14 20:24:48,node-h,0,0.0,16.3,317,24564
2026-01-14 20:24:52,node-g,0,0.0,15.5,317,24564
2026-01-14 20:24:52,node-f,0,0.0,18.3,317,24564
2026-01-14 20:24:53,node-h,0,0.0,16.3,317,24564
2026-01-14 20:24:53,node-e,0,0.0,17.3,317,24564
2026-01-14 20:24:57,node-g,0,0.0,15.5,317,24564
2026-01-14 20:24:57,node-f,0,0.0,18.3,317,24564
2026-01-14 20:24:58,node-e,0,0.0,17.3,317,24564
2026-01-14 20:24:58,node-h,0,0.0,16.5,317,24564
2026-01-14 20:25:02,node-g,0,0.0,15.6,317,24564
2026-01-14 20:25:02,node-f,0,0.0,18.3,317,24564
2026-01-14 20:25:03,node-h,0,0.0,16.3,317,24564
2026-01-14 20:25:03,node-e,0,0.0,17.2,317,24564
2026-01-14 20:25:07,node-g,0,0.0,15.4,317,24564
2026-01-14 20:25:07,node-f,0,0.0,18.3,317,24564
2026-01-14 20:25:08,node-h,0,0.0,16.4,317,24564
2026-01-14 20:25:08,node-e,0,0.0,17.2,317,24564
2026-01-14 20:25:12,node-g,0,0.0,15.3,317,24564
2026-01-14 20:25:12,node-f,0,0.0,18.2,317,24564
2026-01-14 20:25:13,node-h,0,0.0,16.4,317,24564
2026-01-14 20:25:13,node-e,0,0.0,17.3,317,24564
2026-01-14 20:25:17,node-g,0,0.0,15.3,317,24564
2026-01-14 20:25:17,node-f,0,0.0,18.3,317,24564
2026-01-14 20:25:18,node-e,0,0.0,17.2,317,24564
2026-01-14 20:25:18,node-h,0,0.0,16.3,317,24564
2026-01-14 20:25:22,node-g,0,0.0,15.3,317,24564
2026-01-14 20:25:22,node-f,0,0.0,18.3,317,24564
2026-01-14 20:25:23,node-e,0,0.0,17.2,317,24564
2026-01-14 20:25:23,node-h,0,0.0,16.2,317,24564
2026-01-14 20:25:27,node-g,0,0.0,15.3,317,24564
2026-01-14 20:25:27,node-f,0,0.0,18.4,317,24564
2026-01-14 20:25:28,node-e,0,0.0,17.3,317,24564
2026-01-14 20:25:28,node-h,0,0.0,16.2,317,24564
2026-01-14 20:25:32,node-g,0,0.0,15.3,317,24564
2026-01-14 20:25:32,node-f,0,0.0,18.5,317,24564
2026-01-14 20:25:33,node-e,0,0.0,17.2,317,24564
2026-01-14 20:25:33,node-h,0,0.0,16.3,317,24564
2026-01-14 20:25:37,node-g,0,0.0,15.3,317,24564
2026-01-14 20:25:37,node-f,0,0.0,18.2,317,24564
2026-01-14 20:25:38,node-h,0,0.0,16.4,317,24564
2026-01-14 20:25:38,node-e,0,0.0,17.2,317,24564
2026-01-14 20:25:42,node-g,0,0.0,15.3,317,24564
2026-01-14 20:25:42,node-f,0,0.0,18.3,317,24564
2026-01-14 20:25:43,node-h,0,0.0,16.2,317,24564
2026-01-14 20:25:43,node-e,0,0.0,17.3,317,24564
2026-01-14 20:25:47,node-g,0,0.0,15.3,317,24564
2026-01-14 20:25:47,node-f,0,0.0,18.3,317,24564
2026-01-14 20:25:48,node-h,0,0.0,16.2,317,24564
2026-01-14 20:25:48,node-e,0,0.0,17.4,317,24564
2026-01-14 20:25:52,node-g,0,0.0,15.3,317,24564
2026-01-14 20:25:52,node-f,0,0.0,18.4,317,24564
2026-01-14 20:25:53,node-h,0,0.0,16.4,317,24564
2026-01-14 20:25:53,node-e,0,0.0,17.4,317,24564
2026-01-14 20:25:57,node-g,0,0.0,15.4,317,24564
2026-01-14 20:25:57,node-f,0,0.0,18.3,317,24564
2026-01-14 20:25:58,node-e,0,0.0,17.3,317,24564
2026-01-14 20:25:58,node-h,0,0.0,16.3,317,24564
2026-01-14 20:26:02,node-g,0,0.0,15.3,317,24564
2026-01-14 20:26:02,node-f,0,0.0,18.4,317,24564
2026-01-14 20:26:03,node-e,0,0.0,17.3,317,24564
2026-01-14 20:26:03,node-h,0,0.0,16.2,317,24564
2026-01-14 20:26:07,node-g,0,0.0,15.3,317,24564
2026-01-14 20:26:07,node-f,0,0.0,18.5,317,24564
2026-01-14 20:26:08,node-e,0,0.0,17.2,317,24564
2026-01-14 20:26:08,node-h,0,0.0,16.3,317,24564
2026-01-14 20:26:12,node-g,0,0.0,15.2,317,24564
2026-01-14 20:26:12,node-f,0,0.0,18.5,317,24564
2026-01-14 20:26:13,node-e,0,0.0,17.2,317,24564
2026-01-14 20:26:13,node-h,0,0.0,16.3,317,24564
2026-01-14 20:26:17,node-g,0,0.0,15.3,317,24564
2026-01-14 20:26:17,node-f,0,0.0,18.5,317,24564
2026-01-14 20:26:18,node-h,0,0.0,16.3,317,24564
2026-01-14 20:26:18,node-e,0,0.0,17.2,317,24564
2026-01-14 20:26:22,node-g,0,0.0,15.1,317,24564
2026-01-14 20:26:22,node-f,0,0.0,18.5,317,24564
2026-01-14 20:26:23,node-h,0,0.0,16.4,317,24564
2026-01-14 20:26:23,node-e,0,0.0,17.3,317,24564
2026-01-14 20:26:27,node-g,0,0.0,15.3,317,24564
2026-01-14 20:26:27,node-f,0,0.0,18.6,317,24564
2026-01-14 20:26:28,node-e,0,0.0,17.3,317,24564
2026-01-14 20:26:28,node-h,0,0.0,16.3,317,24564
2026-01-14 20:26:32,node-g,0,0.0,15.3,317,24564
2026-01-14 20:26:32,node-f,0,0.0,18.4,317,24564
2026-01-14 20:26:33,node-h,0,0.0,16.4,317,24564
2026-01-14 20:26:33,node-e,0,0.0,17.2,317,24564
2026-01-14 20:26:37,node-g,0,0.0,15.3,317,24564
2026-01-14 20:26:37,node-f,0,0.0,18.4,317,24564
2026-01-14 20:26:38,node-h,0,0.0,16.3,317,24564
2026-01-14 20:26:38,node-e,0,0.0,17.1,317,24564
2026-01-14 20:26:42,node-g,0,0.0,15.1,317,24564
2026-01-14 20:26:42,node-f,0,0.0,18.6,317,24564
2026-01-14 20:26:43,node-h,0,0.0,16.2,317,24564
2026-01-14 20:26:43,node-e,0,0.0,17.5,317,24564
2026-01-14 20:26:47,node-g,0,0.0,15.1,317,24564
2026-01-14 20:26:47,node-f,0,0.0,18.5,317,24564
2026-01-14 20:26:48,node-h,0,0.0,16.4,317,24564
2026-01-14 20:26:48,node-e,0,0.0,17.0,317,24564
2026-01-14 20:26:52,node-g,0,0.0,15.3,317,24564
2026-01-14 20:26:52,node-f,0,0.0,18.4,317,24564
2026-01-14 20:26:53,node-h,0,0.0,16.5,317,24564
2026-01-14 20:26:53,node-e,0,0.0,17.2,317,24564
2026-01-14 20:26:57,node-g,0,0.0,15.3,317,24564
2026-01-14 20:26:57,node-f,0,0.0,18.5,317,24564
2026-01-14 20:26:58,node-e,0,0.0,17.2,317,24564
2026-01-14 20:26:58,node-h,0,0.0,16.4,317,24564
2026-01-14 20:27:02,node-g,0,0.0,15.3,317,24564
2026-01-14 20:27:02,node-f,0,0.0,18.5,317,24564
2026-01-14 20:27:03,node-e,0,0.0,17.2,317,24564
2026-01-14 20:27:03,node-h,0,0.0,16.4,317,24564
2026-01-14 20:27:07,node-g,0,0.0,15.4,317,24564
2026-01-14 20:27:07,node-f,0,0.0,18.4,317,24564
2026-01-14 20:27:08,node-e,0,0.0,17.2,317,24564
2026-01-14 20:27:08,node-h,0,0.0,16.4,317,24564
2026-01-14 20:27:12,node-g,0,0.0,15.3,317,24564
2026-01-14 20:27:12,node-f,0,0.0,18.4,317,24564
2026-01-14 20:27:13,node-e,0,0.0,17.2,317,24564
2026-01-14 20:27:13,node-h,0,0.0,16.6,317,24564
2026-01-14 20:27:17,node-g,0,0.0,15.3,317,24564
2026-01-14 20:27:17,node-f,0,0.0,18.3,317,24564
2026-01-14 20:27:18,node-e,0,0.0,17.2,317,24564
2026-01-14 20:27:18,node-h,0,0.0,16.5,317,24564
2026-01-14 20:27:22,node-g,0,0.0,15.2,317,24564
2026-01-14 20:27:22,node-f,0,0.0,18.4,317,24564
2026-01-14 20:27:23,node-e,0,0.0,17.0,317,24564
2026-01-14 20:27:23,node-h,0,0.0,16.3,317,24564
2026-01-14 20:27:27,node-g,0,0.0,15.5,317,24564
2026-01-14 20:27:27,node-f,0,0.0,18.3,317,24564
2026-01-14 20:27:28,node-e,0,0.0,17.1,317,24564
2026-01-14 20:27:28,node-h,0,0.0,16.2,317,24564
2026-01-14 20:27:32,node-g,0,0.0,15.5,317,24564
2026-01-14 20:27:32,node-f,0,0.0,18.4,317,24564
2026-01-14 20:27:33,node-e,0,0.0,17.1,317,24564
2026-01-14 20:27:33,node-h,0,0.0,16.5,317,24564
2026-01-14 20:27:37,node-g,0,0.0,15.5,317,24564
2026-01-14 20:27:37,node-f,0,0.0,18.4,317,24564
2026-01-14 20:27:38,node-h,0,0.0,16.5,317,24564
2026-01-14 20:27:38,node-e,0,0.0,17.1,317,24564
2026-01-14 20:27:42,node-g,0,0.0,15.5,317,24564
2026-01-14 20:27:42,node-f,0,0.0,18.3,317,24564
2026-01-14 20:27:43,node-e,0,0.0,17.0,317,24564
2026-01-14 20:27:43,node-h,0,0.0,16.3,317,24564
2026-01-14 20:27:47,node-g,0,0.0,15.4,317,24564
2026-01-14 20:27:47,node-f,0,0.0,18.4,317,24564
2026-01-14 20:27:48,node-h,0,0.0,16.6,317,24564
2026-01-14 20:27:48,node-e,0,0.0,17.2,317,24564
2026-01-14 20:27:52,node-g,0,0.0,15.3,317,24564
2026-01-14 20:27:52,node-f,0,0.0,18.3,317,24564
2026-01-14 20:27:53,node-h,0,0.0,16.5,317,24564
2026-01-14 20:27:53,node-e,0,0.0,17.3,317,24564
2026-01-14 20:27:57,node-g,0,0.0,15.3,317,24564
2026-01-14 20:27:57,node-f,0,0.0,18.4,317,24564
2026-01-14 20:27:58,node-h,0,0.0,16.4,317,24564
2026-01-14 20:27:58,node-e,0,0.0,17.2,317,24564
2026-01-14 20:28:02,node-g,0,0.0,15.4,317,24564
2026-01-14 20:28:02,node-f,0,0.0,18.4,317,24564
2026-01-14 20:28:03,node-h,0,0.0,16.4,317,24564
2026-01-14 20:28:03,node-e,0,0.0,17.2,317,24564
2026-01-14 20:28:07,node-g,0,0.0,15.2,317,24564
2026-01-14 20:28:07,node-f,0,0.0,18.6,317,24564
2026-01-14 20:28:08,node-e,0,0.0,17.2,317,24564
2026-01-14 20:28:08,node-h,0,0.0,16.4,317,24564
2026-01-14 20:28:12,node-g,0,0.0,15.3,317,24564
2026-01-14 20:28:12,node-f,0,0.0,18.5,317,24564
2026-01-14 20:28:13,node-e,0,0.0,17.1,317,24564
2026-01-14 20:28:13,node-h,0,0.0,16.4,317,24564
2026-01-14 20:28:17,node-g,0,0.0,15.5,317,24564
2026-01-14 20:28:17,node-f,0,0.0,18.4,317,24564
2026-01-14 20:28:18,node-h,0,0.0,16.3,317,24564
2026-01-14 20:28:18,node-e,0,0.0,17.1,317,24564
2026-01-14 20:28:22,node-g,0,0.0,15.4,317,24564
2026-01-14 20:28:22,node-f,0,0.0,18.4,317,24564
2026-01-14 20:28:23,node-h,0,0.0,16.3,317,24564
2026-01-14 20:28:23,node-e,0,0.0,17.3,317,24564
2026-01-14 20:28:27,node-g,0,0.0,15.5,317,24564
2026-01-14 20:28:28,node-f,0,0.0,18.5,317,24564
2026-01-14 20:28:28,node-h,0,0.0,16.3,317,24564
2026-01-14 20:28:28,node-e,0,0.0,17.1,317,24564
2026-01-14 20:28:32,node-g,0,0.0,15.4,317,24564
2026-01-14 20:28:33,node-f,0,0.0,18.5,317,24564
2026-01-14 20:28:33,node-e,0,0.0,17.2,317,24564
2026-01-14 20:28:33,node-h,0,0.0,16.3,317,24564
2026-01-14 20:28:37,node-g,0,0.0,15.7,317,24564
2026-01-14 20:28:38,node-f,0,0.0,18.5,317,24564
2026-01-14 20:28:38,node-e,0,0.0,17.4,317,24564
2026-01-14 20:28:38,node-h,0,0.0,16.3,317,24564
2026-01-14 20:28:42,node-g,0,0.0,15.6,317,24564
2026-01-14 20:28:43,node-f,0,0.0,18.6,317,24564
2026-01-14 20:28:43,node-h,0,0.0,16.3,317,24564
2026-01-14 20:28:43,node-e,0,0.0,17.3,317,24564
2026-01-14 20:28:48,node-g,0,0.0,15.7,317,24564
2026-01-14 20:28:48,node-f,0,0.0,18.4,317,24564
2026-01-14 20:28:48,node-h,0,0.0,16.2,317,24564
2026-01-14 20:28:49,node-e,0,0.0,17.2,317,24564
2026-01-14 20:28:53,node-g,0,0.0,15.6,317,24564
2026-01-14 20:28:53,node-f,0,0.0,18.5,317,24564
2026-01-14 20:28:54,node-h,0,0.0,16.3,317,24564
2026-01-14 20:28:54,node-e,0,0.0,17.1,317,24564
2026-01-14 20:28:58,node-g,0,0.0,15.5,317,24564
2026-01-14 20:28:58,node-f,0,0.0,18.5,317,24564
2026-01-14 20:28:59,node-e,0,0.0,17.2,317,24564
2026-01-14 20:28:59,node-h,0,0.0,16.2,317,24564
2026-01-14 20:29:03,node-g,0,0.0,15.5,317,24564
2026-01-14 20:29:03,node-f,0,0.0,18.5,317,24564
2026-01-14 20:29:04,node-h,0,0.0,16.4,317,24564
2026-01-14 20:29:04,node-e,0,0.0,17.3,317,24564
2026-01-14 20:29:08,node-g,0,0.0,15.6,317,24564
2026-01-14 20:29:08,node-f,0,0.0,18.4,317,24564
2026-01-14 20:29:09,node-h,0,0.0,16.3,317,24564
2026-01-14 20:29:09,node-e,0,0.0,17.1,317,24564
2026-01-14 20:29:13,node-g,0,0.0,15.6,317,24564
2026-01-14 20:29:13,node-f,0,0.0,18.6,317,24564
2026-01-14 20:29:14,node-h,0,0.0,16.3,317,24564
2026-01-14 20:29:14,node-e,0,0.0,17.3,317,24564
2026-01-14 20:29:18,node-g,0,0.0,15.5,317,24564
2026-01-14 20:29:18,node-f,0,0.0,18.5,317,24564
2026-01-14 20:29:19,node-e,0,0.0,17.2,317,24564
2026-01-14 20:29:19,node-h,0,0.0,16.4,317,24564
2026-01-14 20:29:23,node-g,0,0.0,15.5,317,24564
2026-01-14 20:29:23,node-f,0,0.0,18.4,317,24564
2026-01-14 20:29:24,node-e,0,0.0,17.2,317,24564
2026-01-14 20:29:24,node-h,0,0.0,16.4,317,24564
2026-01-14 20:29:28,node-g,0,0.0,15.6,317,24564
2026-01-14 20:29:28,node-f,0,0.0,18.5,317,24564
2026-01-14 20:29:29,node-e,0,0.0,17.3,317,24564
2026-01-14 20:29:29,node-h,0,0.0,16.6,317,24564
2026-01-14 20:29:33,node-g,0,0.0,15.5,317,24564
2026-01-14 20:29:33,node-f,0,0.0,18.5,317,24564
2026-01-14 20:29:34,node-h,0,0.0,16.5,317,24564
2026-01-14 20:29:34,node-e,0,0.0,17.2,317,24564
2026-01-14 20:29:38,node-g,0,0.0,15.4,317,24564
2026-01-14 20:29:38,node-f,0,0.0,18.3,317,24564
2026-01-14 20:29:39,node-h,0,0.0,16.7,317,24564
2026-01-14 20:29:39,node-e,0,0.0,17.1,317,24564
2026-01-14 20:29:43,node-g,0,0.0,15.7,317,24564
2026-01-14 20:29:43,node-f,0,0.0,18.4,317,24564
2026-01-14 20:29:44,node-h,0,0.0,16.6,317,24564
2026-01-14 20:29:44,node-e,0,0.0,17.1,317,24564
2026-01-14 20:29:48,node-g,0,0.0,15.5,317,24564
2026-01-14 20:29:48,node-f,0,0.0,18.3,317,24564
2026-01-14 20:29:49,node-h,0,0.0,16.6,317,24564
2026-01-14 20:29:49,node-e,0,0.0,17.2,317,24564
2026-01-14 20:29:53,node-g,0,0.0,15.4,317,24564
2026-01-14 20:29:53,node-f,0,0.0,18.4,317,24564
2026-01-14 20:29:54,node-e,0,0.0,16.9,317,24564
2026-01-14 20:29:54,node-h,0,0.0,16.6,317,24564
2026-01-14 20:29:58,node-f,0,0.0,18.4,317,24564
2026-01-14 20:29:58,node-g,0,0.0,15.5,317,24564
2026-01-14 20:29:59,node-e,0,0.0,17.2,317,24564
2026-01-14 20:29:59,node-h,0,0.0,16.7,317,24564
2026-01-14 20:30:03,node-f,0,0.0,18.3,317,24564
2026-01-14 20:30:03,node-g,0,0.0,15.6,317,24564
2026-01-14 20:30:04,node-h,0,0.0,16.6,317,24564
2026-01-14 20:30:04,node-e,0,0.0,17.2,317,24564
2026-01-14 20:30:08,node-f,0,0.0,18.4,317,24564
2026-01-14 20:30:08,node-g,0,0.0,15.4,317,24564
2026-01-14 20:30:09,node-h,0,0.0,16.6,317,24564
2026-01-14 20:30:09,node-e,0,0.0,17.0,317,24564
2026-01-14 20:30:13,node-f,0,0.0,18.4,317,24564
2026-01-14 20:30:13,node-g,0,0.0,15.5,317,24564
2026-01-14 20:30:14,node-e,0,0.0,17.0,317,24564
2026-01-14 20:30:14,node-h,0,0.0,16.4,317,24564
2026-01-14 20:30:18,node-g,0,0.0,15.5,317,24564
2026-01-14 20:30:18,node-f,0,0.0,18.3,317,24564
2026-01-14 20:30:19,node-e,0,0.0,16.9,317,24564
2026-01-14 20:30:19,node-h,0,0.0,16.4,317,24564
2026-01-14 20:30:23,node-f,0,0.0,18.3,317,24564
2026-01-14 20:30:23,node-g,0,0.0,15.4,317,24564
2026-01-14 20:30:24,node-e,0,0.0,17.1,317,24564
2026-01-14 20:30:24,node-h,0,0.0,16.5,317,24564
2026-01-14 20:30:28,node-g,0,0.0,15.4,317,24564
2026-01-14 20:30:28,node-f,0,0.0,18.3,317,24564
2026-01-14 20:30:29,node-e,0,0.0,17.0,317,24564
2026-01-14 20:30:29,node-h,0,0.0,16.4,317,24564
2026-01-14 20:30:33,node-g,0,0.0,15.4,317,24564
2026-01-14 20:30:33,node-f,0,0.0,18.3,317,24564
2026-01-14 20:30:34,node-e,0,0.0,17.0,317,24564
2026-01-14 20:30:34,node-h,0,0.0,16.6,317,24564
2026-01-14 20:30:38,node-g,0,0.0,15.3,317,24564
2026-01-14 20:30:38,node-f,0,0.0,18.4,317,24564
2026-01-14 20:30:39,node-e,0,0.0,17.1,317,24564
2026-01-14 20:30:39,node-h,0,0.0,16.5,317,24564
2026-01-14 20:30:43,node-g,0,0.0,15.5,317,24564
2026-01-14 20:30:43,node-f,0,0.0,18.3,317,24564
2026-01-14 20:30:44,node-e,0,0.0,16.9,317,24564
2026-01-14 20:30:44,node-h,0,0.0,16.5,317,24564
2026-01-14 20:30:48,node-g,0,0.0,15.4,317,24564
2026-01-14 20:30:48,node-f,0,0.0,18.3,317,24564
2026-01-14 20:30:49,node-e,0,0.0,17.1,317,24564
2026-01-14 20:30:49,node-h,0,0.0,16.5,317,24564
2026-01-14 20:30:53,node-f,0,0.0,18.4,317,24564
2026-01-14 20:30:53,node-g,0,0.0,15.4,317,24564
2026-01-14 20:30:54,node-e,0,0.0,17.1,317,24564
2026-01-14 20:30:54,node-h,0,0.0,16.4,317,24564
2026-01-14 20:30:58,node-f,0,0.0,18.4,317,24564
2026-01-14 20:30:58,node-g,0,0.0,15.3,317,24564
2026-01-14 20:30:59,node-e,0,0.0,17.0,317,24564
2026-01-14 20:30:59,node-h,0,0.0,16.6,317,24564
2026-01-14 20:31:03,node-g,0,0.0,15.4,317,24564
2026-01-14 20:31:03,node-f,0,0.0,18.4,317,24564
2026-01-14 20:31:04,node-e,0,0.0,17.1,317,24564
2026-01-14 20:31:04,node-h,0,0.0,16.3,317,24564
2026-01-14 20:31:08,node-g,0,0.0,15.5,317,24564
2026-01-14 20:31:09,node-e,0,0.0,17.1,317,24564
2026-01-14 20:31:09,node-h,0,0.0,16.4,317,24564
2026-01-14 20:31:13,node-g,0,0.0,15.5,317,24564
2026-01-14 20:31:14,node-e,0,0.0,17.1,317,24564
2026-01-14 20:31:14,node-f,0,0.0,18.3,317,24564
2026-01-14 20:31:14,node-h,0,0.0,16.3,317,24564
2026-01-14 20:31:18,node-g,0,0.0,15.4,317,24564
2026-01-14 20:31:19,node-e,0,0.0,17.2,317,24564
2026-01-14 20:31:19,node-f,0,0.0,18.4,317,24564
2026-01-14 20:31:19,node-h,0,0.0,16.4,317,24564
2026-01-14 20:31:23,node-g,0,0.0,15.5,317,24564
2026-01-14 20:31:24,node-e,0,0.0,17.2,317,24564
2026-01-14 20:31:24,node-f,0,0.0,18.3,317,24564
2026-01-14 20:31:24,node-h,0,0.0,16.4,317,24564
2026-01-14 20:31:28,node-g,0,0.0,15.5,317,24564
2026-01-14 20:31:29,node-e,0,0.0,17.2,317,24564
2026-01-14 20:31:29,node-f,0,0.0,18.3,317,24564
2026-01-14 20:31:29,node-h,0,0.0,16.5,317,24564
2026-01-14 20:31:33,node-g,0,0.0,15.6,317,24564
2026-01-14 20:31:34,node-e,0,0.0,17.2,317,24564
2026-01-14 20:31:34,node-f,0,0.0,18.4,317,24564
2026-01-14 20:31:34,node-h,0,0.0,16.5,317,24564
2026-01-14 20:31:38,node-g,0,0.0,15.6,317,24564
2026-01-14 20:31:39,node-e,0,0.0,17.1,317,24564
2026-01-14 20:31:39,node-f,0,0.0,18.4,317,24564
2026-01-14 20:31:39,node-h,0,0.0,16.4,317,24564
2026-01-14 20:31:43,node-g,0,0.0,15.3,317,24564
2026-01-14 20:31:44,node-e,0,0.0,17.0,317,24564
2026-01-14 20:31:44,node-f,0,0.0,18.4,317,24564
2026-01-14 20:31:44,node-h,0,0.0,16.4,317,24564
2026-01-14 20:31:48,node-g,0,0.0,15.3,317,24564
2026-01-14 20:31:49,node-e,0,0.0,17.1,317,24564
2026-01-14 20:31:49,node-f,0,0.0,18.5,317,24564
2026-01-14 20:31:49,node-h,0,0.0,16.3,317,24564
2026-01-14 20:31:53,node-g,0,0.0,15.5,317,24564
2026-01-14 20:31:54,node-e,0,0.0,17.6,317,24564
2026-01-14 20:31:54,node-f,0,0.0,18.4,317,24564
2026-01-14 20:31:54,node-h,0,0.0,16.4,317,24564
2026-01-14 20:31:58,node-g,0,0.0,15.6,317,24564
2026-01-14 20:31:59,node-e,0,0.0,17.3,317,24564
2026-01-14 20:31:59,node-f,0,0.0,18.5,317,24564
2026-01-14 20:31:59,node-h,0,0.0,16.2,317,24564
2026-01-14 20:32:03,node-g,0,0.0,15.5,317,24564
2026-01-14 20:32:04,node-e,0,0.0,17.2,317,24564
2026-01-14 20:32:04,node-f,0,0.0,18.5,317,24564
2026-01-14 20:32:04,node-h,0,0.0,16.3,317,24564
2026-01-14 20:32:08,node-g,0,0.0,15.5,317,24564
2026-01-14 20:32:09,node-e,0,0.0,17.2,317,24564
2026-01-14 20:32:09,node-f,0,0.0,18.6,317,24564
2026-01-14 20:32:09,node-h,0,0.0,16.1,317,24564
2026-01-14 20:32:13,node-g,0,0.0,15.5,317,24564
2026-01-14 20:32:14,node-e,0,0.0,17.3,317,24564
2026-01-14 20:32:14,node-f,0,0.0,18.6,317,24564
2026-01-14 20:32:14,node-h,0,0.0,16.4,317,24564
2026-01-14 20:32:18,node-g,0,0.0,15.4,317,24564
2026-01-14 20:32:19,node-e,0,0.0,17.2,317,24564
2026-01-14 20:32:19,node-f,0,0.0,18.5,317,24564
2026-01-14 20:32:19,node-h,0,0.0,16.4,317,24564
2026-01-14 20:32:23,node-g,0,0.0,15.4,317,24564
2026-01-14 20:32:24,node-e,0,0.0,17.3,317,24564
2026-01-14 20:32:24,node-f,0,0.0,18.6,317,24564
2026-01-14 20:32:24,node-h,0,0.0,16.4,317,24564
2026-01-14 20:32:28,node-g,0,0.0,15.3,317,24564
2026-01-14 20:32:29,node-e,0,0.0,17.2,317,24564
2026-01-14 20:32:29,node-f,0,0.0,18.5,317,24564
2026-01-14 20:32:29,node-h,0,0.0,16.4,317,24564
2026-01-14 20:32:33,node-g,0,0.0,15.5,317,24564
2026-01-14 20:32:34,node-e,0,0.0,17.1,317,24564
2026-01-14 20:32:34,node-f,0,0.0,18.5,317,24564
2026-01-14 20:32:34,node-h,0,0.0,16.3,317,24564
2026-01-14 20:32:38,node-g,0,0.0,15.3,317,24564
2026-01-14 20:32:39,node-e,0,0.0,17.2,317,24564
2026-01-14 20:32:39,node-f,0,0.0,18.4,317,24564
2026-01-14 20:32:39,node-h,0,0.0,16.6,317,24564
2026-01-14 20:32:43,node-g,0,0.0,15.1,317,24564
2026-01-14 20:32:44,node-e,0,0.0,17.3,317,24564
2026-01-14 20:32:44,node-f,0,0.0,18.4,317,24564
2026-01-14 20:32:44,node-h,0,0.0,16.2,317,24564
2026-01-14 20:32:48,node-g,0,0.0,15.3,317,24564
2026-01-14 20:32:49,node-e,0,0.0,17.4,317,24564
2026-01-14 20:32:49,node-f,0,0.0,18.4,317,24564
2026-01-14 20:32:49,node-h,0,0.0,16.3,317,24564
2026-01-14 20:32:53,node-g,0,0.0,15.2,317,24564
2026-01-14 20:32:54,node-e,0,0.0,17.2,317,24564
2026-01-14 20:32:54,node-f,0,0.0,18.3,317,24564
2026-01-14 20:32:54,node-h,0,0.0,16.2,317,24564
2026-01-14 20:32:58,node-g,0,0.0,15.2,317,24564
2026-01-14 20:32:59,node-e,0,0.0,17.4,317,24564
2026-01-14 20:32:59,node-f,0,0.0,18.2,317,24564
2026-01-14 20:32:59,node-h,0,0.0,16.3,317,24564
2026-01-14 20:33:03,node-g,0,0.0,15.3,317,24564
2026-01-14 20:33:04,node-e,0,0.0,17.3,317,24564
2026-01-14 20:33:04,node-f,0,0.0,18.2,317,24564
2026-01-14 20:33:04,node-h,0,0.0,16.4,317,24564
2026-01-14 20:33:08,node-g,0,0.0,15.3,317,24564
2026-01-14 20:33:09,node-e,0,0.0,17.3,317,24564
2026-01-14 20:33:09,node-f,0,0.0,18.3,317,24564
2026-01-14 20:33:09,node-h,0,0.0,16.3,317,24564
2026-01-14 20:33:13,node-g,0,0.0,15.2,317,24564
2026-01-14 20:33:14,node-e,0,0.0,17.2,317,24564
2026-01-14 20:33:14,node-f,0,0.0,18.2,317,24564
2026-01-14 20:33:14,node-h,0,0.0,16.5,317,24564
2026-01-14 20:33:18,node-g,0,0.0,15.2,317,24564
2026-01-14 20:33:19,node-e,0,0.0,17.3,317,24564
2026-01-14 20:33:19,node-f,0,0.0,18.2,317,24564
2026-01-14 20:33:19,node-h,0,0.0,16.5,317,24564
2026-01-14 20:33:23,node-g,0,0.0,15.4,317,24564
2026-01-14 20:33:24,node-e,0,0.0,17.3,317,24564
2026-01-14 20:33:24,node-f,0,0.0,18.2,317,24564
2026-01-14 20:33:24,node-h,0,0.0,16.6,317,24564
2026-01-14 20:33:28,node-g,0,0.0,15.3,317,24564
2026-01-14 20:33:29,node-e,0,0.0,17.1,317,24564
2026-01-14 20:33:29,node-f,0,0.0,18.2,317,24564
2026-01-14 20:33:30,node-h,0,0.0,16.6,317,24564
2026-01-14 20:33:33,node-g,0,0.0,15.3,317,24564
2026-01-14 20:33:34,node-e,0,0.0,17.3,317,24564
2026-01-14 20:33:34,node-f,0,0.0,18.3,317,24564
2026-01-14 20:33:35,node-h,0,0.0,16.7,317,24564
2026-01-14 20:33:38,node-g,0,0.0,15.2,317,24564
2026-01-14 20:33:39,node-e,0,0.0,17.3,317,24564
2026-01-14 20:33:39,node-f,0,0.0,18.3,317,24564
2026-01-14 20:33:40,node-h,0,0.0,16.8,317,24564
2026-01-14 20:33:43,node-g,0,0.0,15.4,317,24564
2026-01-14 20:33:44,node-e,0,0.0,17.1,317,24564
2026-01-14 20:33:44,node-f,0,0.0,18.2,317,24564
2026-01-14 20:33:45,node-h,0,0.0,16.5,317,24564
2026-01-14 20:33:48,node-g,0,0.0,15.3,317,24564
2026-01-14 20:33:49,node-e,0,0.0,17.1,317,24564
2026-01-14 20:33:49,node-f,0,0.0,18.2,317,24564
2026-01-14 20:33:50,node-h,0,0.0,16.6,317,24564
2026-01-14 20:33:53,node-g,0,0.0,15.2,317,24564
2026-01-14 20:33:54,node-e,0,0.0,17.3,317,24564
2026-01-14 20:33:54,node-f,0,0.0,18.3,317,24564
2026-01-14 20:33:55,node-h,0,0.0,16.6,317,24564
2026-01-14 20:33:59,node-g,0,0.0,15.3,317,24564
2026-01-14 20:33:59,node-e,0,0.0,17.3,317,24564
2026-01-14 20:33:59,node-f,0,0.0,18.2,317,24564
2026-01-14 20:34:00,node-h,0,0.0,16.5,317,24564
2026-01-14 20:34:04,node-g,0,0.0,15.2,317,24564
2026-01-14 20:34:04,node-e,0,0.0,17.0,317,24564
2026-01-14 20:34:04,node-f,0,0.0,18.3,317,24564
2026-01-14 20:34:05,node-h,0,0.0,16.6,317,24564
2026-01-14 20:34:09,node-g,0,0.0,15.2,317,24564
2026-01-14 20:34:09,node-e,0,0.0,17.3,317,24564
2026-01-14 20:34:09,node-f,0,0.0,18.3,317,24564
2026-01-14 20:34:10,node-h,0,0.0,16.5,317,24564
2026-01-14 20:34:14,node-g,0,0.0,15.3,317,24564
2026-01-14 20:34:14,node-e,0,0.0,17.3,317,24564
2026-01-14 20:34:14,node-f,0,0.0,18.4,317,24564
2026-01-14 20:34:15,node-h,0,0.0,16.6,317,24564
2026-01-14 20:34:19,node-g,0,0.0,15.2,317,24564
2026-01-14 20:34:19,node-e,0,0.0,17.1,317,24564
2026-01-14 20:34:19,node-f,0,0.0,18.3,317,24564
2026-01-14 20:34:20,node-h,0,0.0,16.6,317,24564
2026-01-14 20:34:24,node-g,0,0.0,15.4,317,24564
2026-01-14 20:34:24,node-e,0,0.0,17.1,317,24564
2026-01-14 20:34:25,node-f,0,0.0,18.2,317,24564
2026-01-14 20:34:25,node-h,0,0.0,16.6,317,24564
2026-01-14 20:34:29,node-g,0,0.0,15.4,317,24564
2026-01-14 20:34:29,node-e,0,0.0,17.4,317,24564
2026-01-14 20:34:30,node-f,0,0.0,18.3,317,24564
2026-01-14 20:34:30,node-h,0,0.0,16.6,317,24564
2026-01-14 20:34:34,node-g,0,0.0,15.4,317,24564
2026-01-14 20:34:35,node-e,0,0.0,17.2,317,24564
2026-01-14 20:34:35,node-f,0,0.0,18.3,317,24564
2026-01-14 20:34:35,node-h,0,0.0,16.5,317,24564
2026-01-14 20:34:39,node-g,0,0.0,15.4,317,24564
2026-01-14 20:34:40,node-e,0,0.0,17.3,317,24564
2026-01-14 20:34:40,node-f,0,0.0,18.2,317,24564
2026-01-14 20:34:40,node-h,0,0.0,16.4,317,24564
2026-01-14 20:34:44,node-g,0,0.0,15.3,317,24564
2026-01-14 20:34:45,node-e,0,0.0,17.5,317,24564
2026-01-14 20:34:45,node-f,0,0.0,18.4,317,24564
2026-01-14 20:34:45,node-h,0,0.0,16.5,317,24564
2026-01-14 20:34:49,node-g,0,0.0,15.4,317,24564
2026-01-14 20:34:50,node-e,0,0.0,17.2,317,24564
2026-01-14 20:34:50,node-f,0,0.0,18.3,317,24564
2026-01-14 20:34:50,node-h,0,0.0,16.5,317,24564
2026-01-14 20:34:54,node-g,0,0.0,15.3,317,24564
2026-01-14 20:34:55,node-e,0,0.0,17.2,317,24564
2026-01-14 20:34:55,node-f,0,0.0,18.2,317,24564
2026-01-14 20:34:55,node-h,0,0.0,16.3,317,24564
2026-01-14 20:34:59,node-g,0,0.0,15.4,317,24564
2026-01-14 20:35:00,node-e,0,0.0,17.4,317,24564
2026-01-14 20:35:00,node-f,0,0.0,18.2,317,24564
2026-01-14 20:35:00,node-h,0,0.0,16.2,317,24564
2026-01-14 20:35:04,node-g,0,0.0,15.4,317,24564
2026-01-14 20:35:05,node-e,0,0.0,17.5,317,24564
2026-01-14 20:35:05,node-f,0,0.0,18.3,317,24564
2026-01-14 20:35:05,node-h,0,0.0,16.3,317,24564
2026-01-14 20:35:09,node-g,0,0.0,15.3,317,24564
2026-01-14 20:35:10,node-e,0,0.0,17.3,317,24564
2026-01-14 20:35:10,node-f,0,0.0,18.2,317,24564
2026-01-14 20:35:10,node-h,0,0.0,16.3,317,24564
2026-01-14 20:35:14,node-g,0,0.0,15.3,317,24564
2026-01-14 20:35:15,node-e,0,0.0,17.3,317,24564
2026-01-14 20:35:15,node-f,0,0.0,18.3,317,24564
2026-01-14 20:35:15,node-h,0,0.0,16.3,317,24564
2026-01-14 20:35:19,node-g,0,0.0,15.3,317,24564
2026-01-14 20:35:20,node-e,0,0.0,17.3,317,24564
2026-01-14 20:35:20,node-f,0,0.0,18.3,317,24564
2026-01-14 20:35:20,node-h,0,0.0,16.3,317,24564
2026-01-14 20:35:24,node-g,0,0.0,15.5,317,24564
2026-01-14 20:35:25,node-e,0,0.0,17.2,317,24564
2026-01-14 20:35:25,node-f,0,0.0,18.4,317,24564
2026-01-14 20:35:25,node-h,0,0.0,16.3,317,24564
2026-01-14 20:35:29,node-g,0,0.0,15.3,317,24564
2026-01-14 20:35:30,node-e,0,0.0,17.2,317,24564
2026-01-14 20:35:30,node-f,0,0.0,18.3,317,24564
2026-01-14 20:35:30,node-h,0,0.0,16.3,317,24564
2026-01-14 20:35:34,node-g,0,0.0,15.4,317,24564
2026-01-14 20:35:35,node-e,0,0.0,17.3,317,24564
2026-01-14 20:35:35,node-f,0,0.0,18.4,317,24564
2026-01-14 20:35:35,node-h,0,0.0,16.2,317,24564
2026-01-14 20:35:39,node-g,0,0.0,15.5,317,24564
2026-01-14 20:35:40,node-e,0,0.0,17.4,317,24564
2026-01-14 20:35:40,node-f,0,0.0,18.4,317,24564
2026-01-14 20:35:40,node-h,0,0.0,16.4,317,24564
2026-01-14 20:35:44,node-g,0,0.0,15.5,317,24564
2026-01-14 20:35:45,node-e,0,0.0,17.5,317,24564
2026-01-14 20:35:45,node-f,0,0.0,18.3,317,24564
2026-01-14 20:35:45,node-h,0,0.0,16.6,317,24564
2026-01-14 20:35:49,node-g,0,0.0,15.6,317,24564
2026-01-14 20:35:50,node-e,0,0.0,17.4,317,24564
2026-01-14 20:35:50,node-f,0,0.0,18.4,317,24564
2026-01-14 20:35:50,node-h,0,0.0,16.3,317,24564
2026-01-14 20:35:54,node-g,0,0.0,15.3,317,24564
2026-01-14 20:35:55,node-e,0,0.0,17.3,317,24564
2026-01-14 20:35:55,node-f,0,0.0,18.4,317,24564
2026-01-14 20:35:55,node-h,0,0.0,16.4,317,24564
2026-01-14 20:35:59,node-g,0,0.0,15.4,317,24564
2026-01-14 20:36:00,node-e,0,0.0,17.2,317,24564
2026-01-14 20:36:00,node-f,0,0.0,18.3,317,24564
2026-01-14 20:36:00,node-h,0,0.0,16.3,317,24564
2026-01-14 20:36:04,node-g,0,0.0,15.3,317,24564
2026-01-14 20:36:05,node-e,0,0.0,17.4,317,24564
2026-01-14 20:36:05,node-f,0,0.0,18.4,317,24564
2026-01-14 20:36:05,node-h,0,0.0,16.3,317,24564
2026-01-14 20:36:09,node-g,0,0.0,15.4,317,24564
2026-01-14 20:36:10,node-e,0,0.0,17.4,317,24564
2026-01-14 20:36:10,node-f,0,0.0,18.3,317,24564
2026-01-14 20:36:10,node-h,0,0.0,16.3,317,24564
2026-01-14 20:36:14,node-g,0,0.0,15.3,317,24564
2026-01-14 20:36:15,node-e,0,0.0,17.1,317,24564
2026-01-14 20:36:15,node-f,0,0.0,18.4,317,24564
2026-01-14 20:36:15,node-h,0,0.0,16.3,317,24564
2026-01-14 20:36:19,node-g,0,0.0,15.4,317,24564
2026-01-14 20:36:20,node-e,0,0.0,17.2,317,24564
2026-01-14 20:36:20,node-f,0,0.0,18.4,317,24564
2026-01-14 20:36:20,node-h,0,0.0,16.2,317,24564
2026-01-14 20:36:24,node-g,0,0.0,15.5,317,24564
2026-01-14 20:36:25,node-e,0,0.0,17.3,317,24564
2026-01-14 20:36:25,node-f,0,0.0,18.5,317,24564
2026-01-14 20:36:25,node-h,0,0.0,16.2,317,24564
2026-01-14 20:36:29,node-g,0,0.0,15.5,317,24564
2026-01-14 20:36:30,node-e,0,0.0,17.5,317,24564
2026-01-14 20:36:30,node-f,0,0.0,18.5,317,24564
2026-01-14 20:36:30,node-h,0,0.0,16.3,317,24564
2026-01-14 20:36:34,node-g,0,0.0,15.4,317,24564
2026-01-14 20:36:35,node-e,0,0.0,17.1,317,24564
2026-01-14 20:36:35,node-f,0,0.0,18.4,317,24564
2026-01-14 20:36:35,node-h,0,0.0,16.1,317,24564
2026-01-14 20:36:39,node-g,0,0.0,15.2,317,24564
2026-01-14 20:36:40,node-e,0,0.0,17.3,317,24564
2026-01-14 20:36:40,node-f,0,0.0,18.4,317,24564
2026-01-14 20:36:40,node-h,0,0.0,16.3,317,24564
2026-01-14 20:36:44,node-g,0,0.0,15.1,317,24564
2026-01-14 20:36:45,node-e,0,0.0,17.3,317,24564
2026-01-14 20:36:45,node-f,0,0.0,18.4,317,24564
2026-01-14 20:36:45,node-h,0,0.0,16.3,317,24564
2026-01-14 20:36:49,node-g,0,0.0,15.2,317,24564
2026-01-14 20:36:50,node-e,0,0.0,17.3,317,24564
2026-01-14 20:36:50,node-f,0,0.0,18.4,317,24564
2026-01-14 20:36:50,node-h,0,0.0,16.4,317,24564
2026-01-14 20:36:54,node-g,0,0.0,15.0,317,24564
2026-01-14 20:36:55,node-e,0,0.0,17.3,317,24564
2026-01-14 20:36:55,node-f,0,0.0,18.4,317,24564
2026-01-14 20:36:55,node-h,0,0.0,16.3,317,24564
2026-01-14 20:36:59,node-g,0,0.0,15.2,317,24564
2026-01-14 20:37:00,node-e,0,0.0,17.4,317,24564
2026-01-14 20:37:00,node-f,0,0.0,18.4,317,24564
2026-01-14 20:37:00,node-h,0,0.0,16.3,317,24564
2026-01-14 20:37:04,node-g,0,0.0,15.3,317,24564
2026-01-14 20:37:05,node-e,0,0.0,17.3,317,24564
2026-01-14 20:37:05,node-f,0,0.0,18.4,317,24564
2026-01-14 20:37:05,node-h,0,0.0,16.4,317,24564
2026-01-14 20:37:09,node-g,0,0.0,15.2,317,24564
2026-01-14 20:37:10,node-e,0,0.0,17.4,317,24564
2026-01-14 20:37:10,node-f,0,0.0,18.5,317,24564
2026-01-14 20:37:10,node-h,0,0.0,16.4,317,24564
2026-01-14 20:37:14,node-g,0,0.0,15.1,317,24564
2026-01-14 20:37:15,node-e,0,0.0,17.2,317,24564
2026-01-14 20:37:15,node-f,0,0.0,18.5,317,24564
2026-01-14 20:37:15,node-h,0,0.0,16.4,317,24564
2026-01-14 20:37:19,node-g,0,0.0,15.3,317,24564
2026-01-14 20:37:20,node-e,0,0.0,17.2,317,24564
2026-01-14 20:37:20,node-f,0,0.0,18.4,317,24564
2026-01-14 20:37:20,node-h,0,0.0,16.3,317,24564
2026-01-14 20:37:24,node-g,0,0.0,15.3,317,24564
2026-01-14 20:37:25,node-e,0,0.0,17.2,317,24564
2026-01-14 20:37:25,node-f,0,0.0,18.5,317,24564
2026-01-14 20:37:25,node-h,0,0.0,16.4,317,24564
2026-01-14 20:37:29,node-g,0,0.0,15.2,317,24564
2026-01-14 20:37:30,node-e,0,0.0,17.1,317,24564
2026-01-14 20:37:30,node-f,0,0.0,18.3,317,24564
2026-01-14 20:37:30,node-h,0,0.0,16.5,317,24564
2026-01-14 20:37:34,node-g,0,0.0,15.2,317,24564
2026-01-14 20:37:35,node-e,0,0.0,17.2,317,24564
2026-01-14 20:37:35,node-f,0,0.0,18.4,317,24564
2026-01-14 20:37:35,node-h,0,0.0,16.5,317,24564
2026-01-14 20:37:39,node-g,0,0.0,15.3,317,24564
2026-01-14 20:37:40,node-e,0,0.0,17.4,317,24564
2026-01-14 20:37:40,node-f,0,0.0,18.4,317,24564
2026-01-14 20:37:40,node-h,0,0.0,16.3,317,24564
2026-01-14 20:37:44,node-g,0,0.0,15.2,317,24564
2026-01-14 20:37:45,node-e,0,0.0,17.2,317,24564
2026-01-14 20:37:45,node-f,0,0.0,18.5,317,24564
2026-01-14 20:37:45,node-h,0,0.0,16.2,317,24564
2026-01-14 20:37:49,node-g,0,0.0,15.3,317,24564
2026-01-14 20:37:50,node-e,0,0.0,17.3,317,24564
2026-01-14 20:37:50,node-f,0,0.0,18.4,317,24564
2026-01-14 20:37:50,node-h,0,0.0,16.2,317,24564
2026-01-14 20:37:54,node-g,0,0.0,15.2,317,24564
2026-01-14 20:37:55,node-e,0,0.0,17.2,317,24564
2026-01-14 20:37:55,node-f,0,0.0,18.5,317,24564
2026-01-14 20:37:55,node-h,0,0.0,16.2,317,24564
