ts,cluster,queue_len,slots_total,slots_used,free,U_t,E_t,p_fair,lam_time,lam_cost,lam_fair
2026-01-23 02:57:46,clusterA,0,4,0,4,0.00,0.5,0.5,0.0,0.0,0.0
2026-01-23 02:57:46,clusterB,0,4,0,4,0.00,0.5,0.5,0.0,0.0,0.0
2026-01-23 02:57:51,clusterA,0,4,0,4,0.00,0.5,0.5,0.0,0.0,0.0
2026-01-23 02:57:51,clusterB,0,4,0,4,0.00,0.5,0.5,0.0,0.0,0.0
2026-01-23 02:57:56,clusterA,0,4,0,4,0.00,0.5,0.5,0.0,0.0,0.0
2026-01-23 02:57:56,clusterB,0,4,0,4,0.00,0.5,0.5,0.0,0.0,0.0
2026-01-23 02:58:01,clusterA,0,4,0,4,0.00,0.5,0.5,0.0,0.0,0.0
2026-01-23 02:58:01,clusterB,0,4,0,4,0.00,0.5,0.5,0.0,0.0,0.0
2026-01-23 02:58:06,clusterA,0,4,0,4,0.00,0.5,0.5,0.0,0.0,0.0
2026-01-23 02:58:06,clusterB,0,4,0,4,0.00,0.5,0.5,0.0,0.0,0.0
2026-01-23 02:58:11,clusterA,0,4,0,4,0.00,0.5,0.5,0.0,0.0,0.0
2026-01-23 02:58:11,clusterB,0,4,0,4,0.00,0.5,0.5,0.0,0.0,0.0
2026-01-23 02:58:16,clusterA,0,4,0,4,0.00,0.5,0.5,0.0,0.0,0.0
2026-01-23 02:58:16,clusterB,0,4,0,4,0.00,0.5,0.5,0.0,0.0,0.0
2026-01-23 02:58:21,clusterA,0,4,0,4,0.00,0.5,0.5,0.0,0.0,0.0
2026-01-23 02:58:21,clusterB,0,4,0,4,0.00,0.5,0.5,0.0,0.0,0.0
2026-01-23 02:58:26,clusterA,0,4,0,4,0.00,0.5,0.5,0.0,0.0,0.0
2026-01-23 02:58:26,clusterB,0,4,0,4,0.00,0.5,0.5,0.0,0.0,0.0
2026-01-23 02:58:31,clusterA,0,4,0,4,0.00,0.5,0.5,0.0,0.0,0.0
2026-01-23 02:58:31,clusterB,0,4,0,4,0.00,0.5,0.5,0.0,0.0,0.0
2026-01-23 02:58:36,clusterA,0,4,0,4,0.00,0.5,0.5,0.0,0.0,0.0
2026-01-23 02:58:36,clusterB,0,4,0,4,0.00,0.5,0.5,0.0,0.0,0.0
2026-01-23 02:58:41,clusterA,0,4,0,4,0.00,0.5,0.5,0.0,0.0,0.0
2026-01-23 02:58:41,clusterB,0,4,0,4,0.00,0.5,0.5,0.0,0.0,0.0
2026-01-23 02:58:46,clusterA,0,4,0,4,0.00,0.5,0.5,0.0,0.0,0.0
2026-01-23 02:58:46,clusterB,0,4,0,4,0.00,0.5,0.5,0.0,0.0,0.0
2026-01-23 02:58:51,clusterA,0,4,0,4,0.00,0.5,0.5,0.0,0.0,0.0
2026-01-23 02:58:51,clusterB,0,4,0,4,0.00,0.5,0.5,0.0,0.0,0.0
2026-01-23 02:58:56,clusterA,0,4,0,4,0.00,0.5,0.5,0.0,0.0,0.0
2026-01-23 02:58:56,clusterB,0,4,0,4,0.00,0.5,0.5,0.0,0.0,0.0
2026-01-23 02:59:01,clusterA,0,4,0,4,0.00,0.5,0.5,0.0,0.0,0.0
2026-01-23 02:59:01,clusterB,0,4,0,4,0.00,0.5,0.5,0.0,0.0,0.0
2026-01-23 02:59:06,clusterA,0,4,0,4,0.00,0.5,0.5,0.0,0.0,0.0
2026-01-23 02:59:06,clusterB,0,4,0,4,0.00,0.5,0.5,0.0,0.0,0.0
2026-01-23 02:59:11,clusterA,0,4,0,4,0.00,0.5,0.5,0.0,0.0,0.0
2026-01-23 02:59:11,clusterB,0,4,0,4,0.00,0.5,0.5,0.0,0.0,0.0
2026-01-23 02:59:16,clusterA,0,4,0,4,0.00,0.5,0.5,0.0,0.0,0.0
2026-01-23 02:59:16,clusterB,0,4,0,4,0.00,0.5,0.5,0.0,0.0,0.0
2026-01-23 02:59:21,clusterA,0,4,0,4,0.00,0.5,0.5,0.0,0.0,0.0
2026-01-23 02:59:21,clusterB,0,4,0,4,0.00,0.5,0.5,0.0,0.0,0.0
2026-01-23 02:59:26,clusterA,0,4,0,4,0.00,0.5,0.5,0.0,0.0,0.0
2026-01-23 02:59:26,clusterB,0,4,0,4,0.00,0.5,0.5,0.0,0.0,0.0
2026-01-23 02:59:31,clusterA,0,4,0,4,0.00,0.5,0.5,0.0,0.0,0.0
2026-01-23 02:59:31,clusterB,0,4,0,4,0.00,0.5,0.5,0.0,0.0,0.0
2026-01-23 02:59:36,clusterA,0,4,0,4,0.00,0.5,0.5,0.0,0.0,0.0
2026-01-23 02:59:36,clusterB,0,4,0,4,0.00,0.5,0.5,0.0,0.0,0.0
2026-01-23 02:59:41,clusterA,0,4,0,4,0.00,0.5,0.5,0.0,0.0,0.0
2026-01-23 02:59:41,clusterB,0,4,0,4,0.00,0.5,0.5,0.0,0.0,0.0
2026-01-23 02:59:46,clusterA,0,4,0,4,0.00,0.5,0.5,0.0,0.0,0.0
2026-01-23 02:59:46,clusterB,0,4,0,4,0.00,0.5,0.5,0.0,0.0,0.0
2026-01-23 02:59:51,clusterA,0,4,0,4,0.00,0.5,0.5,0.0,0.0,0.0
2026-01-23 02:59:51,clusterB,0,4,0,4,0.00,0.5,0.5,0.0,0.0,0.0
2026-01-23 02:59:56,clusterA,0,4,0,4,0.00,0.5,0.5,0.0,0.0,0.0
2026-01-23 02:59:56,clusterB,0,4,0,4,0.00,0.5,0.5,0.0,0.0,0.0
2026-01-23 03:00:01,clusterA,0,4,0,4,0.00,0.5,0.5,0.0,0.0,0.0
2026-01-23 03:00:01,clusterB,0,4,0,4,0.00,0.5,0.5,0.0,0.0,0.0
2026-01-23 03:00:06,clusterA,0,4,0,4,0.00,0.5,0.5,0.0,0.0,0.0
2026-01-23 03:00:06,clusterB,0,4,0,4,0.00,0.5,0.5,0.0,0.0,0.0
2026-01-23 03:00:11,clusterA,0,4,0,4,0.00,0.5,0.5,0.0,0.0,0.0
2026-01-23 03:00:11,clusterB,0,4,0,4,0.00,0.5,0.5,0.0,0.0,0.0
2026-01-23 03:00:16,clusterA,0,4,0,4,0.00,0.5,0.5,0.0,0.0,0.0
2026-01-23 03:00:16,clusterB,0,4,0,4,0.00,0.5,0.5,0.0,0.0,0.0
2026-01-23 03:00:21,clusterA,0,4,0,4,0.00,0.5,0.5,0.0,0.0,0.0
2026-01-23 03:00:21,clusterB,0,4,0,4,0.00,0.5,0.5,0.0,0.0,0.0
2026-01-23 03:00:26,clusterA,0,4,0,4,0.00,0.5,0.5,0.0,0.0,0.0
2026-01-23 03:00:26,clusterB,0,4,0,4,0.00,0.5,0.5,0.0,0.0,0.0
2026-01-23 03:00:31,clusterA,0,4,0,4,0.00,0.5,0.5,0.0,0.0,0.0
2026-01-23 03:00:31,clusterB,0,4,0,4,0.00,0.5,0.5,0.0,0.0,0.0
2026-01-23 03:00:36,clusterA,0,4,0,4,0.00,0.5,0.5,0.0,0.0,0.0
2026-01-23 03:00:36,clusterB,0,4,0,4,0.00,0.5,0.5,0.0,0.0,0.0
2026-01-23 03:00:41,clusterA,0,4,0,4,0.00,0.5,0.5,0.0,0.0,0.0
2026-01-23 03:00:41,clusterB,0,4,0,4,0.00,0.5,0.5,0.0,0.0,0.0
2026-01-23 03:00:46,clusterA,0,4,0,4,0.00,0.5,0.5,0.0,0.0,0.0
2026-01-23 03:00:46,clusterB,0,4,0,4,0.00,0.5,0.5,0.0,0.0,0.0
2026-01-23 03:00:51,clusterA,0,4,0,4,0.00,0.5,0.5,0.0,0.0,0.0
2026-01-23 03:00:51,clusterB,0,4,0,4,0.00,0.5,0.5,0.0,0.0,0.0
2026-01-23 03:00:56,clusterA,0,4,0,4,0.00,0.5,0.5,0.0,0.0,0.0
2026-01-23 03:00:56,clusterB,0,4,0,4,0.00,0.5,0.5,0.0,0.0,0.0
2026-01-23 03:01:01,clusterA,0,4,0,4,0.00,0.5,0.5,0.0,0.0,0.0
2026-01-23 03:01:01,clusterB,0,4,0,4,0.00,0.5,0.5,0.0,0.0,0.0
2026-01-23 03:01:06,clusterA,0,4,0,4,0.00,0.5,0.5,0.0,0.0,0.0
2026-01-23 03:01:06,clusterB,0,4,0,4,0.00,0.5,0.5,0.0,0.0,0.0
2026-01-23 03:01:11,clusterA,1,4,0,4,0.00,0.5,0.5,0.0,0.0,0.0
2026-01-23 03:01:11,clusterB,1,4,0,4,0.00,0.5,0.5,0.0,0.0,0.0
2026-01-23 03:01:16,clusterA,0,4,2,2,0.50,0.5,0.5,0.0,0.0,0.0
2026-01-23 03:01:16,clusterB,0,4,0,4,0.00,0.5,0.5,0.0,0.0,0.0
2026-01-23 03:01:21,clusterA,0,4,2,2,0.50,0.5,0.5,0.0,0.0,0.0
2026-01-23 03:01:21,clusterB,0,4,0,4,0.00,0.5,0.5,0.0,0.0,0.0
2026-01-23 03:01:26,clusterA,0,4,2,2,0.50,0.5,0.5,0.0,0.0,0.0
2026-01-23 03:01:26,clusterB,0,4,0,4,0.00,0.5,0.5,0.0,0.0,0.0
2026-01-23 03:01:31,clusterA,0,4,2,2,0.50,0.5,0.5,0.0,0.0,0.0
2026-01-23 03:01:31,clusterB,0,4,0,4,0.00,0.5,0.5,0.0,0.0,0.0
2026-01-23 03:01:36,clusterA,0,4,2,2,0.50,0.5,0.5,0.0,0.0,0.0
2026-01-23 03:01:36,clusterB,0,4,0,4,0.00,0.5,0.5,0.0,0.0,0.0
2026-01-23 03:01:41,clusterA,0,4,2,2,0.50,0.5,0.5,0.0,0.0,0.0
2026-01-23 03:01:41,clusterB,0,4,0,4,0.00,0.5,0.5,0.0,0.0,0.0
2026-01-23 03:01:46,clusterA,0,4,2,2,0.50,0.5,0.5,0.0,0.0,0.0
2026-01-23 03:01:46,clusterB,0,4,0,4,0.00,0.5,0.5,0.0,0.0,0.0
2026-01-23 03:01:51,clusterA,0,4,2,2,0.50,0.5,0.5,0.0,0.0,0.0
2026-01-23 03:01:51,clusterB,0,4,0,4,0.00,0.5,0.5,0.0,0.0,0.0
2026-01-23 03:01:56,clusterA,0,4,2,2,0.50,0.5,0.5,0.0,0.0,0.0
2026-01-23 03:01:56,clusterB,0,4,0,4,0.00,0.5,0.5,0.0,0.0,0.0
2026-01-23 03:02:01,clusterA,0,4,2,2,0.50,0.5,0.5,0.0,0.0,0.0
2026-01-23 03:02:01,clusterB,0,4,0,4,0.00,0.5,0.5,0.0,0.0,0.0
2026-01-23 03:02:06,clusterA,0,4,2,2,0.50,0.5,0.5,0.0,0.0,0.0
2026-01-23 03:02:06,clusterB,0,4,0,4,0.00,0.5,0.5,0.0,0.0,0.0
2026-01-23 03:02:11,clusterA,0,4,2,2,0.50,0.5,0.5,0.0,0.0,0.0
2026-01-23 03:02:11,clusterB,0,4,0,4,0.00,0.5,0.5,0.0,0.0,0.0
2026-01-23 03:02:16,clusterA,0,4,2,2,0.50,0.5,0.5,0.0,0.0,0.0
2026-01-23 03:02:16,clusterB,0,4,0,4,0.00,0.5,0.5,0.0,0.0,0.0
2026-01-23 03:02:21,clusterA,0,4,2,2,0.50,0.5,0.5,0.0,0.0,0.0
2026-01-23 03:02:21,clusterB,0,4,0,4,0.00,0.5,0.5,0.0,0.0,0.0
2026-01-23 03:02:26,clusterA,0,4,2,2,0.50,0.5,0.5,0.0,0.0,0.0
2026-01-23 03:02:26,clusterB,0,4,0,4,0.00,0.5,0.5,0.0,0.0,0.0
2026-01-23 03:02:31,clusterA,0,4,2,2,0.50,0.5,0.5,0.0,0.0,0.0
2026-01-23 03:02:31,clusterB,0,4,0,4,0.00,0.5,0.5,0.0,0.0,0.0
2026-01-23 03:02:36,clusterA,0,4,2,2,0.50,0.5,0.5,0.0,0.0,0.0
2026-01-23 03:02:36,clusterB,0,4,0,4,0.00,0.5,0.5,0.0,0.0,0.0
2026-01-23 03:02:41,clusterA,0,4,2,2,0.50,0.5,0.5,0.0,0.0,0.0
2026-01-23 03:02:41,clusterB,0,4,0,4,0.00,0.5,0.5,0.0,0.0,0.0
2026-01-23 03:02:46,clusterA,0,4,2,2,0.50,0.5,0.5,0.0,0.0,0.0
2026-01-23 03:02:46,clusterB,0,4,0,4,0.00,0.5,0.5,0.0,0.0,0.0
2026-01-23 03:02:51,clusterA,0,4,2,2,0.50,0.5,0.5,0.0,0.0,0.0
2026-01-23 03:02:51,clusterB,0,4,0,4,0.00,0.5,0.5,0.0,0.0,0.0
2026-01-23 03:02:56,clusterA,0,4,2,2,0.50,0.5,0.5,0.0,0.0,0.0
2026-01-23 03:02:56,clusterB,0,4,0,4,0.00,0.5,0.5,0.0,0.0,0.0
2026-01-23 03:03:01,clusterA,0,4,2,2,0.50,0.5,0.5,0.0,0.0,0.0
2026-01-23 03:03:01,clusterB,0,4,0,4,0.00,0.5,0.5,0.0,0.0,0.0
2026-01-23 03:03:06,clusterA,0,4,2,2,0.50,0.5,0.5,0.0,0.0,0.0
2026-01-23 03:03:06,clusterB,0,4,0,4,0.00,0.5,0.5,0.0,0.0,0.0
2026-01-23 03:03:11,clusterA,0,4,2,2,0.50,0.5,0.5,0.0,0.0,0.0
2026-01-23 03:03:11,clusterB,0,4,0,4,0.00,0.5,0.5,0.0,0.0,0.0
2026-01-23 03:03:16,clusterA,0,4,2,2,0.50,0.5,0.5,0.0,0.0,0.0
2026-01-23 03:03:16,clusterB,0,4,0,4,0.00,0.5,0.5,0.0,0.0,0.0
2026-01-23 03:03:21,clusterA,0,4,2,2,0.50,0.5,0.5,0.0,0.0,0.0
2026-01-23 03:03:21,clusterB,0,4,0,4,0.00,0.5,0.5,0.0,0.0,0.0
2026-01-23 03:03:26,clusterA,0,4,2,2,0.50,0.5,0.5,0.0,0.0,0.0
2026-01-23 03:03:26,clusterB,0,4,0,4,0.00,0.5,0.5,0.0,0.0,0.0
2026-01-23 03:03:31,clusterA,0,4,2,2,0.50,0.5,0.5,0.0,0.0,0.0
2026-01-23 03:03:31,clusterB,0,4,0,4,0.00,0.5,0.5,0.0,0.0,0.0
2026-01-23 03:03:36,clusterA,0,4,2,2,0.50,0.5,0.5,0.0,0.0,0.0
2026-01-23 03:03:36,clusterB,0,4,0,4,0.00,0.5,0.5,0.0,0.0,0.0
2026-01-23 03:03:41,clusterA,0,4,2,2,0.50,0.5,0.5,0.0,0.0,0.0
2026-01-23 03:03:41,clusterB,0,4,0,4,0.00,0.5,0.5,0.0,0.0,0.0
2026-01-23 03:03:46,clusterA,0,4,2,2,0.50,0.5,0.5,0.0,0.0,0.0
2026-01-23 03:03:46,clusterB,0,4,0,4,0.00,0.5,0.5,0.0,0.0,0.0
2026-01-23 03:03:51,clusterA,0,4,2,2,0.50,0.5,0.5,0.0,0.0,0.0
2026-01-23 03:03:51,clusterB,0,4,0,4,0.00,0.5,0.5,0.0,0.0,0.0
2026-01-23 03:03:56,clusterA,0,4,2,2,0.50,0.5,0.5,0.0,0.0,0.0
2026-01-23 03:03:56,clusterB,0,4,0,4,0.00,0.5,0.5,0.0,0.0,0.0
2026-01-23 03:04:01,clusterA,0,4,2,2,0.50,0.5,0.5,0.0,0.0,0.0
2026-01-23 03:04:01,clusterB,0,4,0,4,0.00,0.5,0.5,0.0,0.0,0.0
2026-01-23 03:04:06,clusterA,0,4,2,2,0.50,0.5,0.5,0.0,0.0,0.0
2026-01-23 03:04:06,clusterB,0,4,0,4,0.00,0.5,0.5,0.0,0.0,0.0
2026-01-23 03:04:11,clusterA,0,4,2,2,0.50,0.5,0.5,0.0,0.0,0.0
2026-01-23 03:04:11,clusterB,0,4,0,4,0.00,0.5,0.5,0.0,0.0,0.0
2026-01-23 03:04:16,clusterA,0,4,2,2,0.50,0.5,0.5,0.0,0.0,0.0
2026-01-23 03:04:16,clusterB,0,4,0,4,0.00,0.5,0.5,0.0,0.0,0.0
2026-01-23 03:04:21,clusterA,0,4,2,2,0.50,0.5,0.5,0.0,0.0,0.0
2026-01-23 03:04:21,clusterB,0,4,0,4,0.00,0.5,0.5,0.0,0.0,0.0
2026-01-23 03:04:26,clusterA,0,4,2,2,0.50,0.5,0.5,0.0,0.0,0.0
2026-01-23 03:04:26,clusterB,0,4,0,4,0.00,0.5,0.5,0.0,0.0,0.0
2026-01-23 03:04:31,clusterA,0,4,2,2,0.50,0.5,0.5,0.0,0.0,0.0
2026-01-23 03:04:31,clusterB,0,4,0,4,0.00,0.5,0.5,0.0,0.0,0.0
2026-01-23 03:04:36,clusterA,0,4,2,2,0.50,0.5,0.5,0.0,0.0,0.0
2026-01-23 03:04:36,clusterB,0,4,0,4,0.00,0.5,0.5,0.0,0.0,0.0
2026-01-23 03:04:41,clusterA,0,4,2,2,0.50,0.5,0.5,0.0,0.0,0.0
2026-01-23 03:04:41,clusterB,0,4,0,4,0.00,0.5,0.5,0.0,0.0,0.0
2026-01-23 03:04:46,clusterA,0,4,2,2,0.50,0.5,0.5,0.0,0.0,0.0
2026-01-23 03:04:46,clusterB,0,4,0,4,0.00,0.5,0.5,0.0,0.0,0.0
2026-01-23 03:04:51,clusterA,0,4,2,2,0.50,0.5,0.5,0.0,0.0,0.0
2026-01-23 03:04:51,clusterB,0,4,0,4,0.00,0.5,0.5,0.0,0.0,0.0
2026-01-23 03:04:56,clusterA,0,4,2,2,0.50,0.5,0.5,0.0,0.0,0.0
2026-01-23 03:04:56,clusterB,0,4,0,4,0.00,0.5,0.5,0.0,0.0,0.0
2026-01-23 03:05:01,clusterA,0,4,2,2,0.50,0.5,0.5,0.0,0.0,0.0
2026-01-23 03:05:01,clusterB,0,4,0,4,0.00,0.5,0.5,0.0,0.0,0.0
2026-01-23 03:05:06,clusterA,0,4,2,2,0.50,0.5,0.5,0.0,0.0,0.0
2026-01-23 03:05:06,clusterB,0,4,0,4,0.00,0.5,0.5,0.0,0.0,0.0
2026-01-23 03:05:11,clusterA,0,4,2,2,0.50,0.5,0.5,0.0,0.0,0.0
2026-01-23 03:05:11,clusterB,0,4,0,4,0.00,0.5,0.5,0.0,0.0,0.0
2026-01-23 03:05:16,clusterA,0,4,2,2,0.50,0.5,0.5,0.0,0.0,0.0
2026-01-23 03:05:16,clusterB,0,4,0,4,0.00,0.5,0.5,0.0,0.0,0.0
2026-01-23 03:05:21,clusterA,0,4,2,2,0.50,0.5,0.5,0.0,0.0,0.0
2026-01-23 03:05:21,clusterB,0,4,0,4,0.00,0.5,0.5,0.0,0.0,0.0
2026-01-23 03:05:26,clusterA,0,4,2,2,0.50,0.5,0.5,0.0,0.0,0.0
2026-01-23 03:05:26,clusterB,0,4,0,4,0.00,0.5,0.5,0.0,0.0,0.0
2026-01-23 03:05:31,clusterA,0,4,2,2,0.50,0.5,0.5,0.0,0.0,0.0
2026-01-23 03:05:31,clusterB,0,4,0,4,0.00,0.5,0.5,0.0,0.0,0.0
2026-01-23 03:05:36,clusterA,0,4,2,2,0.50,0.5,0.5,0.0,0.0,0.0
2026-01-23 03:05:36,clusterB,0,4,0,4,0.00,0.5,0.5,0.0,0.0,0.0
2026-01-23 03:05:41,clusterA,0,4,2,2,0.50,0.5,0.5,0.0,0.0,0.0
2026-01-23 03:05:41,clusterB,0,4,0,4,0.00,0.5,0.5,0.0,0.0,0.0
2026-01-23 03:05:46,clusterA,0,4,2,2,0.50,0.5,0.5,0.0,0.0,0.0
2026-01-23 03:05:46,clusterB,0,4,0,4,0.00,0.5,0.5,0.0,0.0,0.0
2026-01-23 03:05:51,clusterA,0,4,2,2,0.50,0.5,0.5,0.0,0.0,0.0
2026-01-23 03:05:51,clusterB,0,4,0,4,0.00,0.5,0.5,0.0,0.0,0.0
2026-01-23 03:05:56,clusterA,1,4,2,2,0.50,0.5,0.5,0.0,0.0,0.0
2026-01-23 03:05:56,clusterB,1,4,0,4,0.00,0.5,0.5,0.0,0.0,0.0
2026-01-23 03:06:01,clusterA,0,4,3,1,0.75,0.5,0.5,0.0,0.0,0.0
2026-01-23 03:06:01,clusterB,0,4,0,4,0.00,0.5,0.5,0.0,0.0,0.0
2026-01-23 03:06:06,clusterA,0,4,3,1,0.75,0.5,0.5,0.0,0.0,0.0
2026-01-23 03:06:06,clusterB,0,4,0,4,0.00,0.5,0.5,0.0,0.0,0.0
2026-01-23 03:06:11,clusterA,0,4,3,1,0.75,0.5,0.5,0.0,0.0,0.0
2026-01-23 03:06:11,clusterB,0,4,0,4,0.00,0.5,0.5,0.0,0.0,0.0
2026-01-23 03:06:16,clusterA,0,4,3,1,0.75,0.5,0.5,0.0,0.0,0.0
2026-01-23 03:06:16,clusterB,0,4,0,4,0.00,0.5,0.5,0.0,0.0,0.0
2026-01-23 03:06:21,clusterA,0,4,3,1,0.75,0.5,0.5,0.0,0.0,0.0
2026-01-23 03:06:21,clusterB,0,4,0,4,0.00,0.5,0.5,0.0,0.0,0.0
2026-01-23 03:06:26,clusterA,0,4,3,1,0.75,0.5,0.5,0.0,0.0,0.0
2026-01-23 03:06:26,clusterB,0,4,0,4,0.00,0.5,0.5,0.0,0.0,0.0
2026-01-23 03:06:31,clusterA,0,4,3,1,0.75,0.5,0.5,0.0,0.0,0.0
2026-01-23 03:06:31,clusterB,0,4,0,4,0.00,0.5,0.5,0.0,0.0,0.0
2026-01-23 03:06:36,clusterA,0,4,3,1,0.75,0.5,0.5,0.0,0.0,0.0
2026-01-23 03:06:36,clusterB,0,4,0,4,0.00,0.5,0.5,0.0,0.0,0.0
2026-01-23 03:06:41,clusterA,0,4,3,1,0.75,0.5,0.5,0.0,0.0,0.0
2026-01-23 03:06:41,clusterB,0,4,0,4,0.00,0.5,0.5,0.0,0.0,0.0
2026-01-23 03:06:46,clusterA,0,4,3,1,0.75,0.5,0.5,0.0,0.0,0.0
2026-01-23 03:06:46,clusterB,0,4,0,4,0.00,0.5,0.5,0.0,0.0,0.0
2026-01-23 03:06:51,clusterA,0,4,3,1,0.75,0.5,0.5,0.0,0.0,0.0
2026-01-23 03:06:51,clusterB,0,4,0,4,0.00,0.5,0.5,0.0,0.0,0.0
2026-01-23 03:06:56,clusterA,0,4,3,1,0.75,0.5,0.5,0.0,0.0,0.0
2026-01-23 03:06:56,clusterB,0,4,0,4,0.00,0.5,0.5,0.0,0.0,0.0
2026-01-23 03:07:01,clusterA,0,4,3,1,0.75,0.5,0.5,0.0,0.0,0.0
2026-01-23 03:07:01,clusterB,0,4,0,4,0.00,0.5,0.5,0.0,0.0,0.0
2026-01-23 03:07:06,clusterA,0,4,3,1,0.75,0.5,0.5,0.0,0.0,0.0
2026-01-23 03:07:06,clusterB,0,4,0,4,0.00,0.5,0.5,0.0,0.0,0.0
2026-01-23 03:07:11,clusterA,0,4,3,1,0.75,0.5,0.5,0.0,0.0,0.0
2026-01-23 03:07:11,clusterB,0,4,0,4,0.00,0.5,0.5,0.0,0.0,0.0
2026-01-23 03:07:16,clusterA,0,4,3,1,0.75,0.5,0.5,0.0,0.0,0.0
2026-01-23 03:07:16,clusterB,0,4,0,4,0.00,0.5,0.5,0.0,0.0,0.0
2026-01-23 03:07:21,clusterA,0,4,3,1,0.75,0.5,0.5,0.0,0.0,0.0
2026-01-23 03:07:21,clusterB,0,4,0,4,0.00,0.5,0.5,0.0,0.0,0.0
2026-01-23 03:07:26,clusterA,0,4,3,1,0.75,0.5,0.5,0.0,0.0,0.0
2026-01-23 03:07:26,clusterB,0,4,0,4,0.00,0.5,0.5,0.0,0.0,0.0
2026-01-23 03:07:31,clusterA,0,4,3,1,0.75,0.5,0.5,0.0,0.0,0.0
2026-01-23 03:07:31,clusterB,0,4,0,4,0.00,0.5,0.5,0.0,0.0,0.0
2026-01-23 03:07:36,clusterA,0,4,3,1,0.75,0.5,0.5,0.0,0.0,0.0
2026-01-23 03:07:36,clusterB,0,4,0,4,0.00,0.5,0.5,0.0,0.0,0.0
2026-01-23 03:07:41,clusterA,0,4,3,1,0.75,0.5,0.5,0.0,0.0,0.0
2026-01-23 03:07:41,clusterB,0,4,0,4,0.00,0.5,0.5,0.0,0.0,0.0
2026-01-23 03:07:46,clusterA,0,4,3,1,0.75,0.5,0.5,0.0,0.0,0.0
2026-01-23 03:07:46,clusterB,0,4,0,4,0.00,0.5,0.5,0.0,0.0,0.0
2026-01-23 03:07:51,clusterA,0,4,3,1,0.75,0.5,0.5,0.0,0.0,0.0
2026-01-23 03:07:51,clusterB,0,4,0,4,0.00,0.5,0.5,0.0,0.0,0.0
2026-01-23 03:07:56,clusterA,0,4,3,1,0.75,0.5,0.5,0.0,0.0,0.0
2026-01-23 03:07:56,clusterB,0,4,0,4,0.00,0.5,0.5,0.0,0.0,0.0
2026-01-23 03:08:01,clusterA,0,4,3,1,0.75,0.5,0.5,0.0,0.0,0.0
2026-01-23 03:08:01,clusterB,0,4,0,4,0.00,0.5,0.5,0.0,0.0,0.0
2026-01-23 03:08:06,clusterA,0,4,3,1,0.75,0.5,0.5,0.0,0.0,0.0
2026-01-23 03:08:06,clusterB,0,4,0,4,0.00,0.5,0.5,0.0,0.0,0.0
2026-01-23 03:08:11,clusterA,0,4,3,1,0.75,0.5,0.5,0.0,0.0,0.0
2026-01-23 03:08:11,clusterB,0,4,0,4,0.00,0.5,0.5,0.0,0.0,0.0
2026-01-23 03:08:16,clusterA,0,4,3,1,0.75,0.5,0.5,0.0,0.0,0.0
2026-01-23 03:08:16,clusterB,0,4,0,4,0.00,0.5,0.5,0.0,0.0,0.0
2026-01-23 03:08:21,clusterA,0,4,3,1,0.75,0.5,0.5,0.0,0.0,0.0
2026-01-23 03:08:21,clusterB,0,4,0,4,0.00,0.5,0.5,0.0,0.0,0.0
2026-01-23 03:08:26,clusterA,0,4,3,1,0.75,0.5,0.5,0.0,0.0,0.0
2026-01-23 03:08:26,clusterB,0,4,0,4,0.00,0.5,0.5,0.0,0.0,0.0
2026-01-23 03:08:31,clusterA,0,4,3,1,0.75,0.5,0.5,0.0,0.0,0.0
2026-01-23 03:08:31,clusterB,0,4,0,4,0.00,0.5,0.5,0.0,0.0,0.0
2026-01-23 03:08:36,clusterA,0,4,3,1,0.75,0.5,0.5,0.0,0.0,0.0
2026-01-23 03:08:36,clusterB,0,4,0,4,0.00,0.5,0.5,0.0,0.0,0.0
2026-01-23 03:08:41,clusterA,0,4,3,1,0.75,0.5,0.5,0.0,0.0,0.0
2026-01-23 03:08:41,clusterB,0,4,0,4,0.00,0.5,0.5,0.0,0.0,0.0
2026-01-23 03:08:46,clusterA,0,4,3,1,0.75,0.5,0.5,0.0,0.0,0.0
2026-01-23 03:08:46,clusterB,0,4,0,4,0.00,0.5,0.5,0.0,0.0,0.0
2026-01-23 03:08:51,clusterA,0,4,3,1,0.75,0.5,0.5,0.0,0.0,0.0
2026-01-23 03:08:51,clusterB,0,4,0,4,0.00,0.5,0.5,0.0,0.0,0.0
2026-01-23 03:08:56,clusterA,0,4,3,1,0.75,0.5,0.5,0.0,0.0,0.0
2026-01-23 03:08:56,clusterB,0,4,0,4,0.00,0.5,0.5,0.0,0.0,0.0
2026-01-23 03:09:01,clusterA,0,4,3,1,0.75,0.5,0.5,0.0,0.0,0.0
2026-01-23 03:09:01,clusterB,0,4,0,4,0.00,0.5,0.5,0.0,0.0,0.0
2026-01-23 03:09:06,clusterA,0,4,3,1,0.75,0.5,0.5,0.0,0.0,0.0
2026-01-23 03:09:06,clusterB,0,4,0,4,0.00,0.5,0.5,0.0,0.0,0.0
2026-01-23 03:09:11,clusterA,0,4,3,1,0.75,0.5,0.5,0.0,0.0,0.0
2026-01-23 03:09:11,clusterB,0,4,0,4,0.00,0.5,0.5,0.0,0.0,0.0
2026-01-23 03:09:16,clusterA,0,4,3,1,0.75,0.5,0.5,0.0,0.0,0.0
2026-01-23 03:09:16,clusterB,0,4,0,4,0.00,0.5,0.5,0.0,0.0,0.0
2026-01-23 03:09:21,clusterA,0,4,3,1,0.75,0.5,0.5,0.0,0.0,0.0
2026-01-23 03:09:21,clusterB,0,4,0,4,0.00,0.5,0.5,0.0,0.0,0.0
2026-01-23 03:09:26,clusterA,0,4,3,1,0.75,0.5,0.5,0.0,0.0,0.0
2026-01-23 03:09:26,clusterB,0,4,0,4,0.00,0.5,0.5,0.0,0.0,0.0
2026-01-23 03:09:31,clusterA,0,4,3,1,0.75,0.5,0.5,0.0,0.0,0.0
2026-01-23 03:09:31,clusterB,0,4,0,4,0.00,0.5,0.5,0.0,0.0,0.0
2026-01-23 03:09:36,clusterA,0,4,3,1,0.75,0.5,0.5,0.0,0.0,0.0
2026-01-23 03:09:36,clusterB,0,4,0,4,0.00,0.5,0.5,0.0,0.0,0.0
2026-01-23 03:09:41,clusterA,0,4,3,1,0.75,0.5,0.5,0.0,0.0,0.0
2026-01-23 03:09:41,clusterB,0,4,0,4,0.00,0.5,0.5,0.0,0.0,0.0
2026-01-23 03:09:46,clusterA,0,4,3,1,0.75,0.5,0.5,0.0,0.0,0.0
2026-01-23 03:09:46,clusterB,0,4,0,4,0.00,0.5,0.5,0.0,0.0,0.0
2026-01-23 03:09:51,clusterA,0,4,3,1,0.75,0.5,0.5,0.0,0.0,0.0
2026-01-23 03:09:51,clusterB,0,4,0,4,0.00,0.5,0.5,0.0,0.0,0.0
2026-01-23 03:09:56,clusterA,0,4,3,1,0.75,0.5,0.5,0.0,0.0,0.0
2026-01-23 03:09:56,clusterB,0,4,0,4,0.00,0.5,0.5,0.0,0.0,0.0
2026-01-23 03:10:01,clusterA,0,4,3,1,0.75,0.5,0.5,0.0,0.0,0.0
2026-01-23 03:10:01,clusterB,0,4,0,4,0.00,0.5,0.5,0.0,0.0,0.0
2026-01-23 03:10:06,clusterA,0,4,3,1,0.75,0.5,0.5,0.0,0.0,0.0
2026-01-23 03:10:06,clusterB,0,4,0,4,0.00,0.5,0.5,0.0,0.0,0.0
2026-01-23 03:10:11,clusterA,0,4,3,1,0.75,0.5,0.5,0.0,0.0,0.0
2026-01-23 03:10:11,clusterB,0,4,0,4,0.00,0.5,0.5,0.0,0.0,0.0
2026-01-23 03:10:16,clusterA,0,4,3,1,0.75,0.5,0.5,0.0,0.0,0.0
2026-01-23 03:10:16,clusterB,0,4,0,4,0.00,0.5,0.5,0.0,0.0,0.0
2026-01-23 03:10:21,clusterA,0,4,3,1,0.75,0.5,0.5,0.0,0.0,0.0
2026-01-23 03:10:21,clusterB,0,4,0,4,0.00,0.5,0.5,0.0,0.0,0.0
2026-01-23 03:10:26,clusterA,0,4,3,1,0.75,0.5,0.5,0.0,0.0,0.0
2026-01-23 03:10:26,clusterB,0,4,0,4,0.00,0.5,0.5,0.0,0.0,0.0
2026-01-23 03:10:31,clusterA,0,4,3,1,0.75,0.5,0.5,0.0,0.0,0.0
2026-01-23 03:10:31,clusterB,0,4,0,4,0.00,0.5,0.5,0.0,0.0,0.0
2026-01-23 03:10:36,clusterA,0,4,3,1,0.75,0.5,0.5,0.0,0.0,0.0
2026-01-23 03:10:36,clusterB,0,4,0,4,0.00,0.5,0.5,0.0,0.0,0.0
2026-01-23 03:10:41,clusterA,0,4,3,1,0.75,0.5,0.5,0.0,0.0,0.0
2026-01-23 03:10:41,clusterB,0,4,0,4,0.00,0.5,0.5,0.0,0.0,0.0
2026-01-23 03:10:46,clusterA,0,4,3,1,0.75,0.5,0.5,0.0,0.0,0.0
2026-01-23 03:10:46,clusterB,0,4,0,4,0.00,0.5,0.5,0.0,0.0,0.0
2026-01-23 03:10:51,clusterA,0,4,3,1,0.75,0.5,0.5,0.0,0.0,0.0
2026-01-23 03:10:51,clusterB,0,4,0,4,0.00,0.5,0.5,0.0,0.0,0.0
2026-01-23 03:10:56,clusterA,0,4,3,1,0.75,0.5,0.5,0.0,0.0,0.0
2026-01-23 03:10:56,clusterB,0,4,0,4,0.00,0.5,0.5,0.0,0.0,0.0
2026-01-23 03:11:01,clusterA,0,4,3,1,0.75,0.5,0.5,0.0,0.0,0.0
2026-01-23 03:11:01,clusterB,0,4,0,4,0.00,0.5,0.5,0.0,0.0,0.0
2026-01-23 03:11:06,clusterA,0,4,3,1,0.75,0.5,0.5,0.0,0.0,0.0
2026-01-23 03:11:06,clusterB,0,4,0,4,0.00,0.5,0.5,0.0,0.0,0.0
2026-01-23 03:11:11,clusterA,0,4,3,1,0.75,0.5,0.5,0.0,0.0,0.0
2026-01-23 03:11:11,clusterB,0,4,0,4,0.00,0.5,0.5,0.0,0.0,0.0
2026-01-23 03:11:16,clusterA,0,4,3,1,0.75,0.5,0.5,0.0,0.0,0.0
2026-01-23 03:11:16,clusterB,0,4,0,4,0.00,0.5,0.5,0.0,0.0,0.0
2026-01-23 03:11:21,clusterA,0,4,3,1,0.75,0.5,0.5,0.0,0.0,0.0
2026-01-23 03:11:21,clusterB,0,4,0,4,0.00,0.5,0.5,0.0,0.0,0.0
2026-01-23 03:11:26,clusterA,0,4,3,1,0.75,0.5,0.5,0.0,0.0,0.0
2026-01-23 03:11:26,clusterB,0,4,0,4,0.00,0.5,0.5,0.0,0.0,0.0
2026-01-23 03:11:31,clusterA,0,4,3,1,0.75,0.5,0.5,0.0,0.0,0.0
2026-01-23 03:11:31,clusterB,0,4,0,4,0.00,0.5,0.5,0.0,0.0,0.0
2026-01-23 03:11:36,clusterA,0,4,3,1,0.75,0.5,0.5,0.0,0.0,0.0
2026-01-23 03:11:36,clusterB,0,4,0,4,0.00,0.5,0.5,0.0,0.0,0.0
2026-01-23 03:11:41,clusterA,0,4,3,1,0.75,0.5,0.5,0.0,0.0,0.0
2026-01-23 03:11:41,clusterB,0,4,0,4,0.00,0.5,0.5,0.0,0.0,0.0
2026-01-23 03:11:46,clusterA,0,4,3,1,0.75,0.5,0.5,0.0,0.0,0.0
2026-01-23 03:11:46,clusterB,0,4,0,4,0.00,0.5,0.5,0.0,0.0,0.0
2026-01-23 03:11:51,clusterA,0,4,3,1,0.75,0.5,0.5,0.0,0.0,0.0
2026-01-23 03:11:51,clusterB,0,4,0,4,0.00,0.5,0.5,0.0,0.0,0.0
2026-01-23 03:11:56,clusterA,0,4,3,1,0.75,0.5,0.5,0.0,0.0,0.0
2026-01-23 03:11:56,clusterB,0,4,0,4,0.00,0.5,0.5,0.0,0.0,0.0
2026-01-23 03:12:01,clusterA,0,4,3,1,0.75,0.5,0.5,0.0,0.0,0.0
2026-01-23 03:12:01,clusterB,0,4,0,4,0.00,0.5,0.5,0.0,0.0,0.0
2026-01-23 03:12:06,clusterA,0,4,3,1,0.75,0.5,0.5,0.0,0.0,0.0
2026-01-23 03:12:06,clusterB,0,4,0,4,0.00,0.5,0.5,0.0,0.0,0.0
2026-01-23 03:12:11,clusterA,0,4,3,1,0.75,0.5,0.5,0.0,0.0,0.0
2026-01-23 03:12:11,clusterB,0,4,0,4,0.00,0.5,0.5,0.0,0.0,0.0
2026-01-23 03:12:16,clusterA,0,4,3,1,0.75,0.5,0.5,0.0,0.0,0.0
2026-01-23 03:12:16,clusterB,0,4,0,4,0.00,0.5,0.5,0.0,0.0,0.0
2026-01-23 03:12:21,clusterA,0,4,3,1,0.75,0.5,0.5,0.0,0.0,0.0
2026-01-23 03:12:21,clusterB,0,4,0,4,0.00,0.5,0.5,0.0,0.0,0.0
2026-01-23 03:12:26,clusterA,0,4,3,1,0.75,0.5,0.5,0.0,0.0,0.0
2026-01-23 03:12:26,clusterB,0,4,0,4,0.00,0.5,0.5,0.0,0.0,0.0
2026-01-23 03:12:31,clusterA,0,4,3,1,0.75,0.5,0.5,0.0,0.0,0.0
2026-01-23 03:12:31,clusterB,0,4,0,4,0.00,0.5,0.5,0.0,0.0,0.0
2026-01-23 03:12:36,clusterA,0,4,3,1,0.75,0.5,0.5,0.0,0.0,0.0
2026-01-23 03:12:36,clusterB,0,4,0,4,0.00,0.5,0.5,0.0,0.0,0.0
2026-01-23 03:12:41,clusterA,0,4,3,1,0.75,0.5,0.5,0.0,0.0,0.0
2026-01-23 03:12:41,clusterB,0,4,0,4,0.00,0.5,0.5,0.0,0.0,0.0
2026-01-23 03:12:46,clusterA,0,4,3,1,0.75,0.5,0.5,0.0,0.0,0.0
2026-01-23 03:12:46,clusterB,0,4,0,4,0.00,0.5,0.5,0.0,0.0,0.0
2026-01-23 03:12:51,clusterA,0,4,3,1,0.75,0.5,0.5,0.0,0.0,0.0
2026-01-23 03:12:51,clusterB,0,4,0,4,0.00,0.5,0.5,0.0,0.0,0.0
2026-01-23 03:12:56,clusterA,0,4,3,1,0.75,0.5,0.5,0.0,0.0,0.0
2026-01-23 03:12:56,clusterB,0,4,0,4,0.00,0.5,0.5,0.0,0.0,0.0
2026-01-23 03:13:01,clusterA,0,4,3,1,0.75,0.5,0.5,0.0,0.0,0.0
2026-01-23 03:13:01,clusterB,0,4,0,4,0.00,0.5,0.5,0.0,0.0,0.0
2026-01-23 03:13:06,clusterA,0,4,3,1,0.75,0.5,0.5,0.0,0.0,0.0
2026-01-23 03:13:06,clusterB,0,4,0,4,0.00,0.5,0.5,0.0,0.0,0.0
2026-01-23 03:13:11,clusterA,0,4,3,1,0.75,0.5,0.5,0.0,0.0,0.0
2026-01-23 03:13:11,clusterB,0,4,0,4,0.00,0.5,0.5,0.0,0.0,0.0
2026-01-23 03:13:16,clusterA,0,4,3,1,0.75,0.5,0.5,0.0,0.0,0.0
2026-01-23 03:13:16,clusterB,0,4,0,4,0.00,0.5,0.5,0.0,0.0,0.0
2026-01-23 03:13:21,clusterA,0,4,3,1,0.75,0.5,0.5,0.0,0.0,0.0
2026-01-23 03:13:21,clusterB,0,4,0,4,0.00,0.5,0.5,0.0,0.0,0.0
2026-01-23 03:13:26,clusterA,0,4,3,1,0.75,0.5,0.5,0.0,0.0,0.0
2026-01-23 03:13:26,clusterB,0,4,0,4,0.00,0.5,0.5,0.0,0.0,0.0
2026-01-23 03:13:31,clusterA,0,4,3,1,0.75,0.5,0.5,0.0,0.0,0.0
2026-01-23 03:13:31,clusterB,0,4,0,4,0.00,0.5,0.5,0.0,0.0,0.0
2026-01-23 03:13:36,clusterA,0,4,3,1,0.75,0.5,0.5,0.0,0.0,0.0
2026-01-23 03:13:36,clusterB,0,4,0,4,0.00,0.5,0.5,0.0,0.0,0.0
2026-01-23 03:13:41,clusterA,0,4,3,1,0.75,0.5,0.5,0.0,0.0,0.0
2026-01-23 03:13:41,clusterB,0,4,0,4,0.00,0.5,0.5,0.0,0.0,0.0
2026-01-23 03:13:46,clusterA,0,4,3,1,0.75,0.5,0.5,0.0,0.0,0.0
2026-01-23 03:13:46,clusterB,0,4,0,4,0.00,0.5,0.5,0.0,0.0,0.0
2026-01-23 03:13:51,clusterA,0,4,3,1,0.75,0.5,0.5,0.0,0.0,0.0
2026-01-23 03:13:51,clusterB,0,4,0,4,0.00,0.5,0.5,0.0,0.0,0.0
2026-01-23 03:13:56,clusterA,0,4,3,1,0.75,0.5,0.5,0.0,0.0,0.0
2026-01-23 03:13:56,clusterB,0,4,0,4,0.00,0.5,0.5,0.0,0.0,0.0
2026-01-23 03:14:01,clusterA,0,4,3,1,0.75,0.5,0.5,0.0,0.0,0.0
2026-01-23 03:14:01,clusterB,0,4,0,4,0.00,0.5,0.5,0.0,0.0,0.0
2026-01-23 03:14:06,clusterA,0,4,3,1,0.75,0.5,0.5,0.0,0.0,0.0
2026-01-23 03:14:06,clusterB,0,4,0,4,0.00,0.5,0.5,0.0,0.0,0.0
2026-01-23 03:14:11,clusterA,0,4,3,1,0.75,0.5,0.5,0.0,0.0,0.0
2026-01-23 03:14:11,clusterB,0,4,0,4,0.00,0.5,0.5,0.0,0.0,0.0
2026-01-23 03:14:16,clusterA,0,4,3,1,0.75,0.5,0.5,0.0,0.0,0.0
2026-01-23 03:14:16,clusterB,0,4,0,4,0.00,0.5,0.5,0.0,0.0,0.0
2026-01-23 03:14:21,clusterA,0,4,3,1,0.75,0.5,0.5,0.0,0.0,0.0
2026-01-23 03:14:21,clusterB,0,4,0,4,0.00,0.5,0.5,0.0,0.0,0.0
2026-01-23 03:14:26,clusterA,0,4,3,1,0.75,0.5,0.5,0.0,0.0,0.0
2026-01-23 03:14:26,clusterB,0,4,0,4,0.00,0.5,0.5,0.0,0.0,0.0
2026-01-23 03:14:31,clusterA,0,4,3,1,0.75,0.5,0.5,0.0,0.0,0.0
2026-01-23 03:14:31,clusterB,0,4,0,4,0.00,0.5,0.5,0.0,0.0,0.0
2026-01-23 03:14:36,clusterA,0,4,3,1,0.75,0.5,0.5,0.0,0.0,0.0
2026-01-23 03:14:36,clusterB,0,4,0,4,0.00,0.5,0.5,0.0,0.0,0.0
2026-01-23 03:14:41,clusterA,0,4,3,1,0.75,0.5,0.5,0.0,0.0,0.0
2026-01-23 03:14:41,clusterB,0,4,0,4,0.00,0.5,0.5,0.0,0.0,0.0
2026-01-23 03:14:46,clusterA,0,4,3,1,0.75,0.5,0.5,0.0,0.0,0.0
2026-01-23 03:14:46,clusterB,0,4,0,4,0.00,0.5,0.5,0.0,0.0,0.0
2026-01-23 03:14:51,clusterA,0,4,3,1,0.75,0.5,0.5,0.0,0.0,0.0
2026-01-23 03:14:51,clusterB,0,4,0,4,0.00,0.5,0.5,0.0,0.0,0.0
2026-01-23 03:14:56,clusterA,0,4,3,1,0.75,0.5,0.5,0.0,0.0,0.0
2026-01-23 03:14:56,clusterB,0,4,0,4,0.00,0.5,0.5,0.0,0.0,0.0
2026-01-23 03:15:01,clusterA,0,4,3,1,0.75,0.5,0.5,0.0,0.0,0.0
2026-01-23 03:15:01,clusterB,0,4,0,4,0.00,0.5,0.5,0.0,0.0,0.0
2026-01-23 03:15:06,clusterA,0,4,3,1,0.75,0.5,0.5,0.0,0.0,0.0
2026-01-23 03:15:06,clusterB,0,4,0,4,0.00,0.5,0.5,0.0,0.0,0.0
2026-01-23 03:15:11,clusterA,0,4,3,1,0.75,0.5,0.5,0.0,0.0,0.0
2026-01-23 03:15:11,clusterB,0,4,0,4,0.00,0.5,0.5,0.0,0.0,0.0
2026-01-23 03:15:16,clusterA,0,4,3,1,0.75,0.5,0.5,0.0,0.0,0.0
2026-01-23 03:15:16,clusterB,0,4,0,4,0.00,0.5,0.5,0.0,0.0,0.0
2026-01-23 03:15:21,clusterA,0,4,3,1,0.75,0.5,0.5,0.0,0.0,0.0
2026-01-23 03:15:21,clusterB,0,4,0,4,0.00,0.5,0.5,0.0,0.0,0.0
2026-01-23 03:15:26,clusterA,0,4,3,1,0.75,0.5,0.5,0.0,0.0,0.0
2026-01-23 03:15:26,clusterB,0,4,0,4,0.00,0.5,0.5,0.0,0.0,0.0
2026-01-23 03:15:31,clusterA,0,4,3,1,0.75,0.5,0.5,0.0,0.0,0.0
2026-01-23 03:15:31,clusterB,0,4,0,4,0.00,0.5,0.5,0.0,0.0,0.0
2026-01-23 03:15:36,clusterA,0,4,3,1,0.75,0.5,0.5,0.0,0.0,0.0
2026-01-23 03:15:36,clusterB,0,4,0,4,0.00,0.5,0.5,0.0,0.0,0.0
2026-01-23 03:15:41,clusterA,0,4,3,1,0.75,0.5,0.5,0.0,0.0,0.0
2026-01-23 03:15:41,clusterB,0,4,0,4,0.00,0.5,0.5,0.0,0.0,0.0
2026-01-23 03:15:46,clusterA,0,4,3,1,0.75,0.5,0.5,0.0,0.0,0.0
2026-01-23 03:15:46,clusterB,0,4,0,4,0.00,0.5,0.5,0.0,0.0,0.0
2026-01-23 03:15:51,clusterA,0,4,3,1,0.75,0.5,0.5,0.0,0.0,0.0
2026-01-23 03:15:51,clusterB,0,4,0,4,0.00,0.5,0.5,0.0,0.0,0.0
2026-01-23 03:15:56,clusterA,0,4,3,1,0.75,0.5,0.5,0.0,0.0,0.0
2026-01-23 03:15:56,clusterB,0,4,0,4,0.00,0.5,0.5,0.0,0.0,0.0
2026-01-23 03:16:01,clusterA,0,4,3,1,0.75,0.5,0.5,0.0,0.0,0.0
2026-01-23 03:16:01,clusterB,0,4,0,4,0.00,0.5,0.5,0.0,0.0,0.0
2026-01-23 03:16:06,clusterA,0,4,3,1,0.75,0.5,0.5,0.0,0.0,0.0
2026-01-23 03:16:06,clusterB,0,4,0,4,0.00,0.5,0.5,0.0,0.0,0.0
2026-01-23 03:16:11,clusterA,0,4,3,1,0.75,0.5,0.5,0.0,0.0,0.0
2026-01-23 03:16:11,clusterB,0,4,0,4,0.00,0.5,0.5,0.0,0.0,0.0
2026-01-23 03:16:16,clusterA,0,4,3,1,0.75,0.5,0.5,0.0,0.0,0.0
2026-01-23 03:16:16,clusterB,0,4,0,4,0.00,0.5,0.5,0.0,0.0,0.0
2026-01-23 03:16:21,clusterA,0,4,3,1,0.75,0.5,0.5,0.0,0.0,0.0
2026-01-23 03:16:21,clusterB,0,4,0,4,0.00,0.5,0.5,0.0,0.0,0.0
2026-01-23 03:16:26,clusterA,0,4,3,1,0.75,0.5,0.5,0.0,0.0,0.0
2026-01-23 03:16:26,clusterB,0,4,0,4,0.00,0.5,0.5,0.0,0.0,0.0
2026-01-23 03:16:31,clusterA,0,4,3,1,0.75,0.5,0.5,0.0,0.0,0.0
2026-01-23 03:16:31,clusterB,0,4,0,4,0.00,0.5,0.5,0.0,0.0,0.0
2026-01-23 03:16:36,clusterA,0,4,3,1,0.75,0.5,0.5,0.0,0.0,0.0
2026-01-23 03:16:36,clusterB,0,4,0,4,0.00,0.5,0.5,0.0,0.0,0.0
2026-01-23 03:16:41,clusterA,0,4,3,1,0.75,0.5,0.5,0.0,0.0,0.0
2026-01-23 03:16:41,clusterB,0,4,0,4,0.00,0.5,0.5,0.0,0.0,0.0
2026-01-23 03:16:46,clusterA,0,4,3,1,0.75,0.5,0.5,0.0,0.0,0.0
2026-01-23 03:16:46,clusterB,0,4,0,4,0.00,0.5,0.5,0.0,0.0,0.0
2026-01-23 03:16:51,clusterA,0,4,3,1,0.75,0.5,0.5,0.0,0.0,0.0
2026-01-23 03:16:51,clusterB,0,4,0,4,0.00,0.5,0.5,0.0,0.0,0.0
2026-01-23 03:16:56,clusterA,0,4,3,1,0.75,0.5,0.5,0.0,0.0,0.0
2026-01-23 03:16:56,clusterB,0,4,0,4,0.00,0.5,0.5,0.0,0.0,0.0
2026-01-23 03:17:01,clusterA,0,4,3,1,0.75,0.5,0.5,0.0,0.0,0.0
2026-01-23 03:17:01,clusterB,0,4,0,4,0.00,0.5,0.5,0.0,0.0,0.0
2026-01-23 03:17:06,clusterA,0,4,3,1,0.75,0.5,0.5,0.0,0.0,0.0
2026-01-23 03:17:06,clusterB,0,4,0,4,0.00,0.5,0.5,0.0,0.0,0.0
2026-01-23 03:17:11,clusterA,0,4,3,1,0.75,0.5,0.5,0.0,0.0,0.0
2026-01-23 03:17:11,clusterB,0,4,0,4,0.00,0.5,0.5,0.0,0.0,0.0
2026-01-23 03:17:16,clusterA,0,4,3,1,0.75,0.5,0.5,0.0,0.0,0.0
2026-01-23 03:17:16,clusterB,0,4,0,4,0.00,0.5,0.5,0.0,0.0,0.0
2026-01-23 03:17:21,clusterA,0,4,3,1,0.75,0.5,0.5,0.0,0.0,0.0
2026-01-23 03:17:21,clusterB,0,4,0,4,0.00,0.5,0.5,0.0,0.0,0.0
2026-01-23 03:17:26,clusterA,0,4,3,1,0.75,0.5,0.5,0.0,0.0,0.0
2026-01-23 03:17:26,clusterB,0,4,0,4,0.00,0.5,0.5,0.0,0.0,0.0
2026-01-23 03:17:31,clusterA,0,4,3,1,0.75,0.5,0.5,0.0,0.0,0.0
2026-01-23 03:17:31,clusterB,0,4,0,4,0.00,0.5,0.5,0.0,0.0,0.0
2026-01-23 03:17:36,clusterA,0,4,3,1,0.75,0.5,0.5,0.0,0.0,0.0
2026-01-23 03:17:36,clusterB,0,4,0,4,0.00,0.5,0.5,0.0,0.0,0.0
2026-01-23 03:17:41,clusterA,0,4,3,1,0.75,0.5,0.5,0.0,0.0,0.0
2026-01-23 03:17:41,clusterB,0,4,0,4,0.00,0.5,0.5,0.0,0.0,0.0
2026-01-23 03:17:46,clusterA,0,4,3,1,0.75,0.5,0.5,0.0,0.0,0.0
2026-01-23 03:17:46,clusterB,0,4,0,4,0.00,0.5,0.5,0.0,0.0,0.0
2026-01-23 03:17:51,clusterA,0,4,3,1,0.75,0.5,0.5,0.0,0.0,0.0
2026-01-23 03:17:51,clusterB,0,4,0,4,0.00,0.5,0.5,0.0,0.0,0.0
2026-01-23 03:17:56,clusterA,0,4,3,1,0.75,0.5,0.5,0.0,0.0,0.0
2026-01-23 03:17:56,clusterB,0,4,0,4,0.00,0.5,0.5,0.0,0.0,0.0
2026-01-23 03:18:01,clusterA,0,4,3,1,0.75,0.5,0.5,0.0,0.0,0.0
2026-01-23 03:18:01,clusterB,0,4,0,4,0.00,0.5,0.5,0.0,0.0,0.0
2026-01-23 03:18:06,clusterA,0,4,3,1,0.75,0.5,0.5,0.0,0.0,0.0
2026-01-23 03:18:06,clusterB,0,4,0,4,0.00,0.5,0.5,0.0,0.0,0.0
2026-01-23 03:18:11,clusterA,0,4,3,1,0.75,0.5,0.5,0.0,0.0,0.0
2026-01-23 03:18:11,clusterB,0,4,0,4,0.00,0.5,0.5,0.0,0.0,0.0
2026-01-23 03:18:16,clusterA,0,4,3,1,0.75,0.5,0.5,0.0,0.0,0.0
2026-01-23 03:18:16,clusterB,0,4,0,4,0.00,0.5,0.5,0.0,0.0,0.0
2026-01-23 03:18:21,clusterA,0,4,3,1,0.75,0.5,0.5,0.0,0.0,0.0
2026-01-23 03:18:21,clusterB,0,4,0,4,0.00,0.5,0.5,0.0,0.0,0.0
2026-01-23 03:18:26,clusterA,0,4,3,1,0.75,0.5,0.5,0.0,0.0,0.0
2026-01-23 03:18:26,clusterB,0,4,0,4,0.00,0.5,0.5,0.0,0.0,0.0
2026-01-23 03:18:31,clusterA,0,4,3,1,0.75,0.5,0.5,0.0,0.0,0.0
2026-01-23 03:18:31,clusterB,0,4,0,4,0.00,0.5,0.5,0.0,0.0,0.0
2026-01-23 03:18:36,clusterA,0,4,3,1,0.75,0.5,0.5,0.0,0.0,0.0
2026-01-23 03:18:36,clusterB,0,4,0,4,0.00,0.5,0.5,0.0,0.0,0.0
2026-01-23 03:18:41,clusterA,0,4,3,1,0.75,0.5,0.5,0.0,0.0,0.0
2026-01-23 03:18:41,clusterB,0,4,0,4,0.00,0.5,0.5,0.0,0.0,0.0
2026-01-23 03:18:46,clusterA,0,4,3,1,0.75,0.5,0.5,0.0,0.0,0.0
2026-01-23 03:18:46,clusterB,0,4,0,4,0.00,0.5,0.5,0.0,0.0,0.0
2026-01-23 03:18:51,clusterA,0,4,3,1,0.75,0.5,0.5,0.0,0.0,0.0
2026-01-23 03:18:51,clusterB,0,4,0,4,0.00,0.5,0.5,0.0,0.0,0.0
2026-01-23 03:18:56,clusterA,0,4,3,1,0.75,0.5,0.5,0.0,0.0,0.0
2026-01-23 03:18:56,clusterB,0,4,0,4,0.00,0.5,0.5,0.0,0.0,0.0
2026-01-23 03:19:01,clusterA,0,4,3,1,0.75,0.5,0.5,0.0,0.0,0.0
2026-01-23 03:19:01,clusterB,0,4,0,4,0.00,0.5,0.5,0.0,0.0,0.0
2026-01-23 03:19:06,clusterA,0,4,3,1,0.75,0.5,0.5,0.0,0.0,0.0
2026-01-23 03:19:06,clusterB,0,4,0,4,0.00,0.5,0.5,0.0,0.0,0.0
2026-01-23 03:19:11,clusterA,0,4,3,1,0.75,0.5,0.5,0.0,0.0,0.0
2026-01-23 03:19:11,clusterB,0,4,0,4,0.00,0.5,0.5,0.0,0.0,0.0
2026-01-23 03:19:16,clusterA,0,4,3,1,0.75,0.5,0.5,0.0,0.0,0.0
2026-01-23 03:19:16,clusterB,0,4,0,4,0.00,0.5,0.5,0.0,0.0,0.0
2026-01-23 03:19:21,clusterA,0,4,3,1,0.75,0.5,0.5,0.0,0.0,0.0
2026-01-23 03:19:21,clusterB,0,4,0,4,0.00,0.5,0.5,0.0,0.0,0.0
2026-01-23 03:19:26,clusterA,0,4,3,1,0.75,0.5,0.5,0.0,0.0,0.0
2026-01-23 03:19:26,clusterB,0,4,0,4,0.00,0.5,0.5,0.0,0.0,0.0
2026-01-23 03:19:31,clusterA,0,4,3,1,0.75,0.5,0.5,0.0,0.0,0.0
2026-01-23 03:19:31,clusterB,0,4,0,4,0.00,0.5,0.5,0.0,0.0,0.0
2026-01-23 03:19:36,clusterA,0,4,3,1,0.75,0.5,0.5,0.0,0.0,0.0
2026-01-23 03:19:36,clusterB,0,4,0,4,0.00,0.5,0.5,0.0,0.0,0.0
2026-01-23 03:19:41,clusterA,0,4,3,1,0.75,0.5,0.5,0.0,0.0,0.0
2026-01-23 03:19:41,clusterB,0,4,0,4,0.00,0.5,0.5,0.0,0.0,0.0
2026-01-23 03:19:46,clusterA,0,4,3,1,0.75,0.5,0.5,0.0,0.0,0.0
2026-01-23 03:19:46,clusterB,0,4,0,4,0.00,0.5,0.5,0.0,0.0,0.0
2026-01-23 03:19:51,clusterA,0,4,3,1,0.75,0.5,0.5,0.0,0.0,0.0
2026-01-23 03:19:51,clusterB,0,4,0,4,0.00,0.5,0.5,0.0,0.0,0.0
2026-01-23 03:19:56,clusterA,0,4,3,1,0.75,0.5,0.5,0.0,0.0,0.0
2026-01-23 03:19:56,clusterB,0,4,0,4,0.00,0.5,0.5,0.0,0.0,0.0
2026-01-23 03:20:01,clusterA,0,4,3,1,0.75,0.5,0.5,0.0,0.0,0.0
2026-01-23 03:20:01,clusterB,0,4,0,4,0.00,0.5,0.5,0.0,0.0,0.0
2026-01-23 03:20:06,clusterA,0,4,3,1,0.75,0.5,0.5,0.0,0.0,0.0
2026-01-23 03:20:06,clusterB,0,4,0,4,0.00,0.5,0.5,0.0,0.0,0.0
2026-01-23 03:20:11,clusterA,0,4,3,1,0.75,0.5,0.5,0.0,0.0,0.0
2026-01-23 03:20:11,clusterB,0,4,0,4,0.00,0.5,0.5,0.0,0.0,0.0
2026-01-23 03:20:16,clusterA,0,4,3,1,0.75,0.5,0.5,0.0,0.0,0.0
2026-01-23 03:20:16,clusterB,0,4,0,4,0.00,0.5,0.5,0.0,0.0,0.0
2026-01-23 03:20:21,clusterA,0,4,3,1,0.75,0.5,0.5,0.0,0.0,0.0
2026-01-23 03:20:21,clusterB,0,4,0,4,0.00,0.5,0.5,0.0,0.0,0.0
2026-01-23 03:20:26,clusterA,0,4,3,1,0.75,0.5,0.5,0.0,0.0,0.0
2026-01-23 03:20:26,clusterB,0,4,0,4,0.00,0.5,0.5,0.0,0.0,0.0
2026-01-23 03:20:31,clusterA,0,4,3,1,0.75,0.5,0.5,0.0,0.0,0.0
2026-01-23 03:20:31,clusterB,0,4,0,4,0.00,0.5,0.5,0.0,0.0,0.0
2026-01-23 03:20:36,clusterA,0,4,3,1,0.75,0.5,0.5,0.0,0.0,0.0
2026-01-23 03:20:36,clusterB,0,4,0,4,0.00,0.5,0.5,0.0,0.0,0.0
2026-01-23 03:20:41,clusterA,0,4,3,1,0.75,0.5,0.5,0.0,0.0,0.0
2026-01-23 03:20:41,clusterB,0,4,0,4,0.00,0.5,0.5,0.0,0.0,0.0
2026-01-23 03:20:46,clusterA,0,4,3,1,0.75,0.5,0.5,0.0,0.0,0.0
2026-01-23 03:20:46,clusterB,0,4,0,4,0.00,0.5,0.5,0.0,0.0,0.0
2026-01-23 03:20:51,clusterA,0,4,3,1,0.75,0.5,0.5,0.0,0.0,0.0
2026-01-23 03:20:51,clusterB,0,4,0,4,0.00,0.5,0.5,0.0,0.0,0.0
2026-01-23 03:20:56,clusterA,0,4,3,1,0.75,0.5,0.5,0.0,0.0,0.0
2026-01-23 03:20:56,clusterB,0,4,0,4,0.00,0.5,0.5,0.0,0.0,0.0
2026-01-23 03:21:01,clusterA,0,4,3,1,0.75,0.5,0.5,0.0,0.0,0.0
2026-01-23 03:21:01,clusterB,0,4,0,4,0.00,0.5,0.5,0.0,0.0,0.0
2026-01-23 03:21:06,clusterA,0,4,3,1,0.75,0.5,0.5,0.0,0.0,0.0
2026-01-23 03:21:06,clusterB,0,4,0,4,0.00,0.5,0.5,0.0,0.0,0.0
2026-01-23 03:21:11,clusterA,0,4,3,1,0.75,0.5,0.5,0.0,0.0,0.0
2026-01-23 03:21:11,clusterB,0,4,0,4,0.00,0.5,0.5,0.0,0.0,0.0
2026-01-23 03:21:16,clusterA,0,4,3,1,0.75,0.5,0.5,0.0,0.0,0.0
2026-01-23 03:21:16,clusterB,0,4,0,4,0.00,0.5,0.5,0.0,0.0,0.0
2026-01-23 03:21:21,clusterA,0,4,3,1,0.75,0.5,0.5,0.0,0.0,0.0
2026-01-23 03:21:21,clusterB,0,4,0,4,0.00,0.5,0.5,0.0,0.0,0.0
2026-01-23 03:21:26,clusterA,0,4,3,1,0.75,0.5,0.5,0.0,0.0,0.0
2026-01-23 03:21:26,clusterB,0,4,0,4,0.00,0.5,0.5,0.0,0.0,0.0
2026-01-23 03:21:31,clusterA,0,4,3,1,0.75,0.5,0.5,0.0,0.0,0.0
2026-01-23 03:21:31,clusterB,0,4,0,4,0.00,0.5,0.5,0.0,0.0,0.0
2026-01-23 03:21:36,clusterA,0,4,3,1,0.75,0.5,0.5,0.0,0.0,0.0
2026-01-23 03:21:36,clusterB,0,4,0,4,0.00,0.5,0.5,0.0,0.0,0.0
2026-01-23 03:21:41,clusterA,0,4,3,1,0.75,0.5,0.5,0.0,0.0,0.0
2026-01-23 03:21:41,clusterB,0,4,0,4,0.00,0.5,0.5,0.0,0.0,0.0
2026-01-23 03:21:46,clusterA,0,4,3,1,0.75,0.5,0.5,0.0,0.0,0.0
2026-01-23 03:21:46,clusterB,0,4,0,4,0.00,0.5,0.5,0.0,0.0,0.0
2026-01-23 03:21:51,clusterA,0,4,3,1,0.75,0.5,0.5,0.0,0.0,0.0
2026-01-23 03:21:51,clusterB,0,4,0,4,0.00,0.5,0.5,0.0,0.0,0.0
2026-01-23 03:21:56,clusterA,0,4,3,1,0.75,0.5,0.5,0.0,0.0,0.0
2026-01-23 03:21:56,clusterB,0,4,0,4,0.00,0.5,0.5,0.0,0.0,0.0
2026-01-23 03:22:01,clusterA,0,4,3,1,0.75,0.5,0.5,0.0,0.0,0.0
2026-01-23 03:22:01,clusterB,0,4,0,4,0.00,0.5,0.5,0.0,0.0,0.0
2026-01-23 03:22:06,clusterA,0,4,3,1,0.75,0.5,0.5,0.0,0.0,0.0
2026-01-23 03:22:06,clusterB,0,4,0,4,0.00,0.5,0.5,0.0,0.0,0.0
2026-01-23 03:22:11,clusterA,0,4,3,1,0.75,0.5,0.5,0.0,0.0,0.0
2026-01-23 03:22:11,clusterB,0,4,0,4,0.00,0.5,0.5,0.0,0.0,0.0
2026-01-23 03:22:16,clusterA,0,4,3,1,0.75,0.5,0.5,0.0,0.0,0.0
2026-01-23 03:22:16,clusterB,0,4,0,4,0.00,0.5,0.5,0.0,0.0,0.0
2026-01-23 03:22:21,clusterA,0,4,3,1,0.75,0.5,0.5,0.0,0.0,0.0
2026-01-23 03:22:21,clusterB,0,4,0,4,0.00,0.5,0.5,0.0,0.0,0.0
2026-01-23 03:22:26,clusterA,0,4,3,1,0.75,0.5,0.5,0.0,0.0,0.0
2026-01-23 03:22:26,clusterB,0,4,0,4,0.00,0.5,0.5,0.0,0.0,0.0
2026-01-23 03:22:31,clusterA,0,4,3,1,0.75,0.5,0.5,0.0,0.0,0.0
2026-01-23 03:22:31,clusterB,0,4,0,4,0.00,0.5,0.5,0.0,0.0,0.0
2026-01-23 03:22:36,clusterA,0,4,3,1,0.75,0.5,0.5,0.0,0.0,0.0
2026-01-23 03:22:36,clusterB,0,4,0,4,0.00,0.5,0.5,0.0,0.0,0.0
2026-01-23 03:22:41,clusterA,0,4,3,1,0.75,0.5,0.5,0.0,0.0,0.0
2026-01-23 03:22:41,clusterB,0,4,0,4,0.00,0.5,0.5,0.0,0.0,0.0
2026-01-23 03:22:46,clusterA,0,4,3,1,0.75,0.5,0.5,0.0,0.0,0.0
2026-01-23 03:22:46,clusterB,0,4,0,4,0.00,0.5,0.5,0.0,0.0,0.0
2026-01-23 03:22:51,clusterA,1,4,3,1,0.75,0.5,0.5,0.0,0.0,0.0
2026-01-23 03:22:51,clusterB,1,4,0,4,0.00,0.5,0.5,0.0,0.0,0.0
2026-01-23 03:22:57,clusterA,0,4,3,1,0.75,0.5,0.5,0.0,0.0,0.0
2026-01-23 03:22:57,clusterB,0,4,4,0,1.00,0.5,0.5,0.0,0.0,0.0
2026-01-23 03:23:02,clusterA,0,4,3,1,0.75,0.5,0.5,0.0,0.0,0.0
2026-01-23 03:23:02,clusterB,0,4,4,0,1.00,0.5,0.5,0.0,0.0,0.0
2026-01-23 03:23:07,clusterA,0,4,3,1,0.75,0.5,0.5,0.0,0.0,0.0
2026-01-23 03:23:07,clusterB,0,4,4,0,1.00,0.5,0.5,0.0,0.0,0.0
2026-01-23 03:23:12,clusterA,0,4,3,1,0.75,0.5,0.5,0.0,0.0,0.0
2026-01-23 03:23:12,clusterB,0,4,4,0,1.00,0.5,0.5,0.0,0.0,0.0
2026-01-23 03:23:17,clusterA,0,4,3,1,0.75,0.5,0.5,0.0,0.0,0.0
2026-01-23 03:23:17,clusterB,0,4,4,0,1.00,0.5,0.5,0.0,0.0,0.0
2026-01-23 03:23:22,clusterA,0,4,3,1,0.75,0.5,0.5,0.0,0.0,0.0
2026-01-23 03:23:22,clusterB,0,4,4,0,1.00,0.5,0.5,0.0,0.0,0.0
2026-01-23 03:23:27,clusterA,0,4,3,1,0.75,0.5,0.5,0.0,0.0,0.0
2026-01-23 03:23:27,clusterB,0,4,4,0,1.00,0.5,0.5,0.0,0.0,0.0
2026-01-23 03:23:32,clusterA,0,4,3,1,0.75,0.5,0.5,0.0,0.0,0.0
2026-01-23 03:23:32,clusterB,0,4,4,0,1.00,0.5,0.5,0.0,0.0,0.0
2026-01-23 03:23:37,clusterA,0,4,3,1,0.75,0.5,0.5,0.0,0.0,0.0
2026-01-23 03:23:37,clusterB,0,4,4,0,1.00,0.5,0.5,0.0,0.0,0.0
2026-01-23 03:23:42,clusterA,0,4,3,1,0.75,0.5,0.5,0.0,0.0,0.0
2026-01-23 03:23:42,clusterB,0,4,4,0,1.00,0.5,0.5,0.0,0.0,0.0
2026-01-23 03:23:47,clusterA,0,4,3,1,0.75,0.5,0.5,0.0,0.0,0.0
2026-01-23 03:23:47,clusterB,0,4,4,0,1.00,0.5,0.5,0.0,0.0,0.0
2026-01-23 03:23:52,clusterA,0,4,3,1,0.75,0.5,0.5,0.0,0.0,0.0
2026-01-23 03:23:52,clusterB,0,4,4,0,1.00,0.5,0.5,0.0,0.0,0.0
2026-01-23 03:23:57,clusterA,0,4,3,1,0.75,0.5,0.5,0.0,0.0,0.0
2026-01-23 03:23:57,clusterB,0,4,4,0,1.00,0.5,0.5,0.0,0.0,0.0
2026-01-23 03:24:02,clusterA,0,4,3,1,0.75,0.5,0.5,0.0,0.0,0.0
2026-01-23 03:24:02,clusterB,0,4,4,0,1.00,0.5,0.5,0.0,0.0,0.0
2026-01-23 03:24:07,clusterA,0,4,3,1,0.75,0.5,0.5,0.0,0.0,0.0
2026-01-23 03:24:07,clusterB,0,4,4,0,1.00,0.5,0.5,0.0,0.0,0.0
2026-01-23 03:24:12,clusterA,0,4,3,1,0.75,0.5,0.5,0.0,0.0,0.0
2026-01-23 03:24:12,clusterB,0,4,4,0,1.00,0.5,0.5,0.0,0.0,0.0
2026-01-23 03:24:17,clusterA,0,4,3,1,0.75,0.5,0.5,0.0,0.0,0.0
2026-01-23 03:24:17,clusterB,0,4,4,0,1.00,0.5,0.5,0.0,0.0,0.0
2026-01-23 03:24:22,clusterA,0,4,3,1,0.75,0.5,0.5,0.0,0.0,0.0
2026-01-23 03:24:22,clusterB,0,4,4,0,1.00,0.5,0.5,0.0,0.0,0.0
2026-01-23 03:24:27,clusterA,0,4,3,1,0.75,0.5,0.5,0.0,0.0,0.0
2026-01-23 03:24:27,clusterB,0,4,4,0,1.00,0.5,0.5,0.0,0.0,0.0
2026-01-23 03:24:32,clusterA,0,4,3,1,0.75,0.5,0.5,0.0,0.0,0.0
2026-01-23 03:24:32,clusterB,0,4,4,0,1.00,0.5,0.5,0.0,0.0,0.0
2026-01-23 03:24:37,clusterA,0,4,3,1,0.75,0.5,0.5,0.0,0.0,0.0
2026-01-23 03:24:37,clusterB,0,4,4,0,1.00,0.5,0.5,0.0,0.0,0.0
2026-01-23 03:24:42,clusterA,0,4,3,1,0.75,0.5,0.5,0.0,0.0,0.0
2026-01-23 03:24:42,clusterB,0,4,4,0,1.00,0.5,0.5,0.0,0.0,0.0
2026-01-23 03:24:47,clusterA,0,4,3,1,0.75,0.5,0.5,0.0,0.0,0.0
2026-01-23 03:24:47,clusterB,0,4,4,0,1.00,0.5,0.5,0.0,0.0,0.0
2026-01-23 03:24:52,clusterA,1,4,3,1,0.75,0.5,0.5,0.0,0.0,0.0
2026-01-23 03:24:52,clusterB,1,4,4,0,1.00,0.5,0.5,0.0,0.0,0.0
2026-01-23 03:24:57,clusterA,0,4,4,0,1.00,0.5,0.5,0.0,0.0,0.0
2026-01-23 03:24:57,clusterB,0,4,4,0,1.00,0.5,0.5,0.0,0.0,0.0
2026-01-23 03:25:02,clusterA,0,4,4,0,1.00,0.5,0.5,0.0,0.0,0.0
2026-01-23 03:25:02,clusterB,0,4,4,0,1.00,0.5,0.5,0.0,0.0,0.0
2026-01-23 03:25:07,clusterA,0,4,4,0,1.00,0.5,0.5,0.0,0.0,0.0
2026-01-23 03:25:07,clusterB,0,4,4,0,1.00,0.5,0.5,0.0,0.0,0.0
2026-01-23 03:25:12,clusterA,0,4,4,0,1.00,0.5,0.5,0.0,0.0,0.0
2026-01-23 03:25:12,clusterB,0,4,4,0,1.00,0.5,0.5,0.0,0.0,0.0
2026-01-23 03:25:17,clusterA,0,4,4,0,1.00,0.5,0.5,0.0,0.0,0.0
2026-01-23 03:25:17,clusterB,0,4,4,0,1.00,0.5,0.5,0.0,0.0,0.0
2026-01-23 03:25:22,clusterA,0,4,4,0,1.00,0.5,0.5,0.0,0.0,0.0
2026-01-23 03:25:22,clusterB,0,4,4,0,1.00,0.5,0.5,0.0,0.0,0.0
2026-01-23 03:25:27,clusterA,0,4,4,0,1.00,0.5,0.5,0.0,0.0,0.0
2026-01-23 03:25:27,clusterB,0,4,4,0,1.00,0.5,0.5,0.0,0.0,0.0
2026-01-23 03:25:32,clusterA,0,4,4,0,1.00,0.5,0.5,0.0,0.0,0.0
2026-01-23 03:25:32,clusterB,0,4,4,0,1.00,0.5,0.5,0.0,0.0,0.0
2026-01-23 03:25:37,clusterA,0,4,4,0,1.00,0.5,0.5,0.0,0.0,0.0
2026-01-23 03:25:37,clusterB,0,4,4,0,1.00,0.5,0.5,0.0,0.0,0.0
2026-01-23 03:25:42,clusterA,0,4,4,0,1.00,0.5,0.5,0.0,0.0,0.0
2026-01-23 03:25:42,clusterB,0,4,4,0,1.00,0.5,0.5,0.0,0.0,0.0
2026-01-23 03:25:47,clusterA,0,4,4,0,1.00,0.5,0.5,0.0,0.0,0.0
2026-01-23 03:25:47,clusterB,0,4,4,0,1.00,0.5,0.5,0.0,0.0,0.0
2026-01-23 03:25:52,clusterA,0,4,4,0,1.00,0.5,0.5,0.0,0.0,0.0
2026-01-23 03:25:52,clusterB,0,4,4,0,1.00,0.5,0.5,0.0,0.0,0.0
2026-01-23 03:25:57,clusterA,0,4,4,0,1.00,0.5,0.5,0.0,0.0,0.0
2026-01-23 03:25:57,clusterB,0,4,4,0,1.00,0.5,0.5,0.0,0.0,0.0
2026-01-23 03:26:02,clusterA,0,4,4,0,1.00,0.5,0.5,0.0,0.0,0.0
2026-01-23 03:26:02,clusterB,0,4,4,0,1.00,0.5,0.5,0.0,0.0,0.0
2026-01-23 03:26:07,clusterA,0,4,4,0,1.00,0.5,0.5,0.0,0.0,0.0
2026-01-23 03:26:07,clusterB,0,4,4,0,1.00,0.5,0.5,0.0,0.0,0.0
2026-01-23 03:26:12,clusterA,0,4,4,0,1.00,0.5,0.5,0.0,0.0,0.0
2026-01-23 03:26:12,clusterB,0,4,4,0,1.00,0.5,0.5,0.0,0.0,0.0
2026-01-23 03:26:17,clusterA,0,4,4,0,1.00,0.5,0.5,0.0,0.0,0.0
2026-01-23 03:26:17,clusterB,0,4,4,0,1.00,0.5,0.5,0.0,0.0,0.0
2026-01-23 03:26:22,clusterA,0,4,4,0,1.00,0.5,0.5,0.0,0.0,0.0
2026-01-23 03:26:22,clusterB,0,4,4,0,1.00,0.5,0.5,0.0,0.0,0.0
2026-01-23 03:26:27,clusterA,0,4,4,0,1.00,0.5,0.5,0.0,0.0,0.0
2026-01-23 03:26:27,clusterB,0,4,4,0,1.00,0.5,0.5,0.0,0.0,0.0
2026-01-23 03:26:32,clusterA,0,4,4,0,1.00,0.5,0.5,0.0,0.0,0.0
2026-01-23 03:26:32,clusterB,0,4,4,0,1.00,0.5,0.5,0.0,0.0,0.0
2026-01-23 03:26:37,clusterA,0,4,4,0,1.00,0.5,0.5,0.0,0.0,0.0
2026-01-23 03:26:37,clusterB,0,4,4,0,1.00,0.5,0.5,0.0,0.0,0.0
2026-01-23 03:26:42,clusterA,0,4,4,0,1.00,0.5,0.5,0.0,0.0,0.0
2026-01-23 03:26:42,clusterB,0,4,4,0,1.00,0.5,0.5,0.0,0.0,0.0
2026-01-23 03:26:47,clusterA,0,4,4,0,1.00,0.5,0.5,0.0,0.0,0.0
2026-01-23 03:26:47,clusterB,0,4,4,0,1.00,0.5,0.5,0.0,0.0,0.0
2026-01-23 03:26:52,clusterA,0,4,4,0,1.00,0.5,0.5,0.0,0.0,0.0
2026-01-23 03:26:52,clusterB,0,4,4,0,1.00,0.5,0.5,0.0,0.0,0.0
2026-01-23 03:26:57,clusterA,0,4,4,0,1.00,0.5,0.5,0.0,0.0,0.0
2026-01-23 03:26:57,clusterB,0,4,4,0,1.00,0.5,0.5,0.0,0.0,0.0
2026-01-23 03:27:02,clusterA,0,4,4,0,1.00,0.5,0.5,0.0,0.0,0.0
2026-01-23 03:27:02,clusterB,0,4,4,0,1.00,0.5,0.5,0.0,0.0,0.0
2026-01-23 03:27:07,clusterA,0,4,4,0,1.00,0.5,0.5,0.0,0.0,0.0
2026-01-23 03:27:07,clusterB,0,4,4,0,1.00,0.5,0.5,0.0,0.0,0.0
2026-01-23 03:27:12,clusterA,0,4,4,0,1.00,0.5,0.5,0.0,0.0,0.0
2026-01-23 03:27:12,clusterB,0,4,4,0,1.00,0.5,0.5,0.0,0.0,0.0
2026-01-23 03:27:17,clusterA,0,4,4,0,1.00,0.5,0.5,0.0,0.0,0.0
2026-01-23 03:27:17,clusterB,0,4,4,0,1.00,0.5,0.5,0.0,0.0,0.0
2026-01-23 03:27:22,clusterA,0,4,4,0,1.00,0.5,0.5,0.0,0.0,0.0
2026-01-23 03:27:22,clusterB,0,4,4,0,1.00,0.5,0.5,0.0,0.0,0.0
2026-01-23 03:27:27,clusterA,0,4,4,0,1.00,0.5,0.5,0.0,0.0,0.0
2026-01-23 03:27:27,clusterB,0,4,4,0,1.00,0.5,0.5,0.0,0.0,0.0
2026-01-23 03:27:32,clusterA,0,4,4,0,1.00,0.5,0.5,0.0,0.0,0.0
2026-01-23 03:27:32,clusterB,0,4,4,0,1.00,0.5,0.5,0.0,0.0,0.0
2026-01-23 03:27:37,clusterA,0,4,4,0,1.00,0.5,0.5,0.0,0.0,0.0
2026-01-23 03:27:37,clusterB,0,4,4,0,1.00,0.5,0.5,0.0,0.0,0.0
2026-01-23 03:27:42,clusterA,0,4,4,0,1.00,0.5,0.5,0.0,0.0,0.0
2026-01-23 03:27:42,clusterB,0,4,4,0,1.00,0.5,0.5,0.0,0.0,0.0
2026-01-23 03:27:47,clusterA,0,4,4,0,1.00,0.5,0.5,0.0,0.0,0.0
2026-01-23 03:27:47,clusterB,0,4,4,0,1.00,0.5,0.5,0.0,0.0,0.0
2026-01-23 03:27:52,clusterA,0,4,4,0,1.00,0.5,0.5,0.0,0.0,0.0
2026-01-23 03:27:52,clusterB,0,4,4,0,1.00,0.5,0.5,0.0,0.0,0.0
2026-01-23 03:27:57,clusterA,0,4,4,0,1.00,0.5,0.5,0.0,0.0,0.0
2026-01-23 03:27:57,clusterB,0,4,4,0,1.00,0.5,0.5,0.0,0.0,0.0
2026-01-23 03:28:02,clusterA,0,4,4,0,1.00,0.5,0.5,0.0,0.0,0.0
2026-01-23 03:28:02,clusterB,0,4,4,0,1.00,0.5,0.5,0.0,0.0,0.0
2026-01-23 03:28:07,clusterA,0,4,4,0,1.00,0.5,0.5,0.0,0.0,0.0
2026-01-23 03:28:07,clusterB,0,4,4,0,1.00,0.5,0.5,0.0,0.0,0.0
2026-01-23 03:28:12,clusterA,0,4,4,0,1.00,0.5,0.5,0.0,0.0,0.0
2026-01-23 03:28:12,clusterB,0,4,4,0,1.00,0.5,0.5,0.0,0.0,0.0
2026-01-23 03:28:17,clusterA,0,4,4,0,1.00,0.5,0.5,0.0,0.0,0.0
2026-01-23 03:28:17,clusterB,0,4,4,0,1.00,0.5,0.5,0.0,0.0,0.0
2026-01-23 03:28:22,clusterA,0,4,4,0,1.00,0.5,0.5,0.0,0.0,0.0
2026-01-23 03:28:22,clusterB,0,4,4,0,1.00,0.5,0.5,0.0,0.0,0.0
2026-01-23 03:28:27,clusterA,0,4,4,0,1.00,0.5,0.5,0.0,0.0,0.0
2026-01-23 03:28:27,clusterB,0,4,4,0,1.00,0.5,0.5,0.0,0.0,0.0
2026-01-23 03:28:32,clusterA,0,4,4,0,1.00,0.5,0.5,0.0,0.0,0.0
2026-01-23 03:28:32,clusterB,0,4,4,0,1.00,0.5,0.5,0.0,0.0,0.0
2026-01-23 03:28:37,clusterA,0,4,4,0,1.00,0.5,0.5,0.0,0.0,0.0
2026-01-23 03:28:37,clusterB,0,4,4,0,1.00,0.5,0.5,0.0,0.0,0.0
2026-01-23 03:28:42,clusterA,0,4,4,0,1.00,0.5,0.5,0.0,0.0,0.0
2026-01-23 03:28:42,clusterB,0,4,4,0,1.00,0.5,0.5,0.0,0.0,0.0
2026-01-23 03:28:47,clusterA,0,4,4,0,1.00,0.5,0.5,0.0,0.0,0.0
2026-01-23 03:28:47,clusterB,0,4,4,0,1.00,0.5,0.5,0.0,0.0,0.0
2026-01-23 03:28:52,clusterA,0,4,4,0,1.00,0.5,0.5,0.0,0.0,0.0
2026-01-23 03:28:52,clusterB,0,4,4,0,1.00,0.5,0.5,0.0,0.0,0.0
2026-01-23 03:28:57,clusterA,0,4,4,0,1.00,0.5,0.5,0.0,0.0,0.0
2026-01-23 03:28:57,clusterB,0,4,4,0,1.00,0.5,0.5,0.0,0.0,0.0
2026-01-23 03:29:02,clusterA,0,4,4,0,1.00,0.5,0.5,0.0,0.0,0.0
2026-01-23 03:29:02,clusterB,0,4,4,0,1.00,0.5,0.5,0.0,0.0,0.0
2026-01-23 03:29:07,clusterA,0,4,4,0,1.00,0.5,0.5,0.0,0.0,0.0
2026-01-23 03:29:07,clusterB,0,4,4,0,1.00,0.5,0.5,0.0,0.0,0.0
2026-01-23 03:29:12,clusterA,0,4,4,0,1.00,0.5,0.5,0.0,0.0,0.0
2026-01-23 03:29:12,clusterB,0,4,4,0,1.00,0.5,0.5,0.0,0.0,0.0
2026-01-23 03:29:17,clusterA,0,4,4,0,1.00,0.5,0.5,0.0,0.0,0.0
2026-01-23 03:29:17,clusterB,0,4,4,0,1.00,0.5,0.5,0.0,0.0,0.0
2026-01-23 03:29:22,clusterA,0,4,4,0,1.00,0.5,0.5,0.0,0.0,0.0
2026-01-23 03:29:22,clusterB,0,4,4,0,1.00,0.5,0.5,0.0,0.0,0.0
2026-01-23 03:29:27,clusterA,0,4,4,0,1.00,0.5,0.5,0.0,0.0,0.0
2026-01-23 03:29:27,clusterB,0,4,4,0,1.00,0.5,0.5,0.0,0.0,0.0
2026-01-23 03:29:32,clusterA,0,4,4,0,1.00,0.5,0.5,0.0,0.0,0.0
2026-01-23 03:29:32,clusterB,0,4,4,0,1.00,0.5,0.5,0.0,0.0,0.0
2026-01-23 03:29:37,clusterA,0,4,4,0,1.00,0.5,0.5,0.0,0.0,0.0
2026-01-23 03:29:37,clusterB,0,4,4,0,1.00,0.5,0.5,0.0,0.0,0.0
2026-01-23 03:29:42,clusterA,0,4,4,0,1.00,0.5,0.5,0.0,0.0,0.0
2026-01-23 03:29:42,clusterB,0,4,4,0,1.00,0.5,0.5,0.0,0.0,0.0
2026-01-23 03:29:47,clusterA,0,4,4,0,1.00,0.5,0.5,0.0,0.0,0.0
2026-01-23 03:29:47,clusterB,0,4,4,0,1.00,0.5,0.5,0.0,0.0,0.0
2026-01-23 03:29:52,clusterA,0,4,4,0,1.00,0.5,0.5,0.0,0.0,0.0
2026-01-23 03:29:52,clusterB,0,4,4,0,1.00,0.5,0.5,0.0,0.0,0.0
2026-01-23 03:29:57,clusterA,0,4,4,0,1.00,0.5,0.5,0.0,0.0,0.0
2026-01-23 03:29:57,clusterB,0,4,4,0,1.00,0.5,0.5,0.0,0.0,0.0
2026-01-23 03:30:02,clusterA,0,4,4,0,1.00,0.5,0.5,0.0,0.0,0.0
2026-01-23 03:30:02,clusterB,0,4,4,0,1.00,0.5,0.5,0.0,0.0,0.0
2026-01-23 03:30:07,clusterA,0,4,4,0,1.00,0.5,0.5,0.0,0.0,0.0
2026-01-23 03:30:07,clusterB,0,4,4,0,1.00,0.5,0.5,0.0,0.0,0.0
2026-01-23 03:30:12,clusterA,0,4,4,0,1.00,0.5,0.5,0.0,0.0,0.0
2026-01-23 03:30:12,clusterB,0,4,4,0,1.00,0.5,0.5,0.0,0.0,0.0
2026-01-23 03:30:17,clusterA,0,4,4,0,1.00,0.5,0.5,0.0,0.0,0.0
2026-01-23 03:30:17,clusterB,0,4,4,0,1.00,0.5,0.5,0.0,0.0,0.0
2026-01-23 03:30:22,clusterA,0,4,4,0,1.00,0.5,0.5,0.0,0.0,0.0
2026-01-23 03:30:22,clusterB,0,4,4,0,1.00,0.5,0.5,0.0,0.0,0.0
2026-01-23 03:30:27,clusterA,0,4,4,0,1.00,0.5,0.5,0.0,0.0,0.0
2026-01-23 03:30:27,clusterB,0,4,4,0,1.00,0.5,0.5,0.0,0.0,0.0
2026-01-23 03:30:32,clusterA,0,4,4,0,1.00,0.5,0.5,0.0,0.0,0.0
2026-01-23 03:30:32,clusterB,0,4,4,0,1.00,0.5,0.5,0.0,0.0,0.0
2026-01-23 03:30:37,clusterA,0,4,4,0,1.00,0.5,0.5,0.0,0.0,0.0
2026-01-23 03:30:37,clusterB,0,4,4,0,1.00,0.5,0.5,0.0,0.0,0.0
2026-01-23 03:30:42,clusterA,0,4,4,0,1.00,0.5,0.5,0.0,0.0,0.0
2026-01-23 03:30:42,clusterB,0,4,4,0,1.00,0.5,0.5,0.0,0.0,0.0
2026-01-23 03:30:47,clusterA,0,4,4,0,1.00,0.5,0.5,0.0,0.0,0.0
2026-01-23 03:30:47,clusterB,0,4,4,0,1.00,0.5,0.5,0.0,0.0,0.0
2026-01-23 03:30:52,clusterA,0,4,4,0,1.00,0.5,0.5,0.0,0.0,0.0
2026-01-23 03:30:52,clusterB,0,4,4,0,1.00,0.5,0.5,0.0,0.0,0.0
2026-01-23 03:30:57,clusterA,0,4,4,0,1.00,0.5,0.5,0.0,0.0,0.0
2026-01-23 03:30:57,clusterB,0,4,4,0,1.00,0.5,0.5,0.0,0.0,0.0
2026-01-23 03:31:02,clusterA,0,4,4,0,1.00,0.5,0.5,0.0,0.0,0.0
2026-01-23 03:31:02,clusterB,0,4,4,0,1.00,0.5,0.5,0.0,0.0,0.0
2026-01-23 03:31:07,clusterA,0,4,4,0,1.00,0.5,0.5,0.0,0.0,0.0
2026-01-23 03:31:07,clusterB,0,4,4,0,1.00,0.5,0.5,0.0,0.0,0.0
2026-01-23 03:31:12,clusterA,0,4,4,0,1.00,0.5,0.5,0.0,0.0,0.0
2026-01-23 03:31:12,clusterB,0,4,4,0,1.00,0.5,0.5,0.0,0.0,0.0
2026-01-23 03:31:17,clusterA,0,4,4,0,1.00,0.5,0.5,0.0,0.0,0.0
2026-01-23 03:31:17,clusterB,0,4,4,0,1.00,0.5,0.5,0.0,0.0,0.0
2026-01-23 03:31:22,clusterA,0,4,4,0,1.00,0.5,0.5,0.0,0.0,0.0
2026-01-23 03:31:22,clusterB,0,4,4,0,1.00,0.5,0.5,0.0,0.0,0.0
2026-01-23 03:31:27,clusterA,0,4,4,0,1.00,0.5,0.5,0.0,0.0,0.0
2026-01-23 03:31:27,clusterB,0,4,4,0,1.00,0.5,0.5,0.0,0.0,0.0
2026-01-23 03:31:32,clusterA,0,4,4,0,1.00,0.5,0.5,0.0,0.0,0.0
2026-01-23 03:31:32,clusterB,0,4,4,0,1.00,0.5,0.5,0.0,0.0,0.0
2026-01-23 03:31:37,clusterA,0,4,4,0,1.00,0.5,0.5,0.0,0.0,0.0
2026-01-23 03:31:37,clusterB,0,4,4,0,1.00,0.5,0.5,0.0,0.0,0.0
2026-01-23 03:31:42,clusterA,0,4,4,0,1.00,0.5,0.5,0.0,0.0,0.0
2026-01-23 03:31:42,clusterB,0,4,4,0,1.00,0.5,0.5,0.0,0.0,0.0
2026-01-23 03:31:47,clusterA,0,4,4,0,1.00,0.5,0.5,0.0,0.0,0.0
2026-01-23 03:31:47,clusterB,0,4,4,0,1.00,0.5,0.5,0.0,0.0,0.0
2026-01-23 03:31:52,clusterA,0,4,4,0,1.00,0.5,0.5,0.0,0.0,0.0
2026-01-23 03:31:52,clusterB,0,4,4,0,1.00,0.5,0.5,0.0,0.0,0.0
2026-01-23 03:31:57,clusterA,0,4,4,0,1.00,0.5,0.5,0.0,0.0,0.0
2026-01-23 03:31:57,clusterB,0,4,4,0,1.00,0.5,0.5,0.0,0.0,0.0
2026-01-23 03:32:02,clusterA,0,4,4,0,1.00,0.5,0.5,0.0,0.0,0.0
2026-01-23 03:32:02,clusterB,0,4,4,0,1.00,0.5,0.5,0.0,0.0,0.0
2026-01-23 03:32:07,clusterA,0,4,4,0,1.00,0.5,0.5,0.0,0.0,0.0
2026-01-23 03:32:07,clusterB,0,4,4,0,1.00,0.5,0.5,0.0,0.0,0.0
2026-01-23 03:32:12,clusterA,0,4,4,0,1.00,0.5,0.5,0.0,0.0,0.0
2026-01-23 03:32:12,clusterB,0,4,4,0,1.00,0.5,0.5,0.0,0.0,0.0
2026-01-23 03:32:17,clusterA,0,4,4,0,1.00,0.5,0.5,0.0,0.0,0.0
2026-01-23 03:32:17,clusterB,0,4,4,0,1.00,0.5,0.5,0.0,0.0,0.0
2026-01-23 03:32:22,clusterA,0,4,4,0,1.00,0.5,0.5,0.0,0.0,0.0
2026-01-23 03:32:22,clusterB,0,4,4,0,1.00,0.5,0.5,0.0,0.0,0.0
2026-01-23 03:32:27,clusterA,0,4,4,0,1.00,0.5,0.5,0.0,0.0,0.0
2026-01-23 03:32:27,clusterB,0,4,4,0,1.00,0.5,0.5,0.0,0.0,0.0
2026-01-23 03:32:32,clusterA,0,4,4,0,1.00,0.5,0.5,0.0,0.0,0.0
2026-01-23 03:32:32,clusterB,0,4,4,0,1.00,0.5,0.5,0.0,0.0,0.0
2026-01-23 03:32:37,clusterA,0,4,4,0,1.00,0.5,0.5,0.0,0.0,0.0
2026-01-23 03:32:37,clusterB,0,4,4,0,1.00,0.5,0.5,0.0,0.0,0.0
2026-01-23 03:32:42,clusterA,0,4,4,0,1.00,0.5,0.5,0.0,0.0,0.0
2026-01-23 03:32:42,clusterB,0,4,4,0,1.00,0.5,0.5,0.0,0.0,0.0
2026-01-23 03:32:47,clusterA,0,4,4,0,1.00,0.5,0.5,0.0,0.0,0.0
2026-01-23 03:32:47,clusterB,0,4,4,0,1.00,0.5,0.5,0.0,0.0,0.0
2026-01-23 03:32:52,clusterA,0,4,4,0,1.00,0.5,0.5,0.0,0.0,0.0
2026-01-23 03:32:52,clusterB,0,4,4,0,1.00,0.5,0.5,0.0,0.0,0.0
2026-01-23 03:32:57,clusterA,0,4,4,0,1.00,0.5,0.5,0.0,0.0,0.0
2026-01-23 03:32:57,clusterB,0,4,4,0,1.00,0.5,0.5,0.0,0.0,0.0
2026-01-23 03:33:02,clusterA,0,4,4,0,1.00,0.5,0.5,0.0,0.0,0.0
2026-01-23 03:33:02,clusterB,0,4,4,0,1.00,0.5,0.5,0.0,0.0,0.0
2026-01-23 03:33:07,clusterA,0,4,4,0,1.00,0.5,0.5,0.0,0.0,0.0
2026-01-23 03:33:07,clusterB,0,4,4,0,1.00,0.5,0.5,0.0,0.0,0.0
2026-01-23 03:33:12,clusterA,0,4,4,0,1.00,0.5,0.5,0.0,0.0,0.0
2026-01-23 03:33:12,clusterB,0,4,4,0,1.00,0.5,0.5,0.0,0.0,0.0
2026-01-23 03:33:17,clusterA,0,4,4,0,1.00,0.5,0.5,0.0,0.0,0.0
2026-01-23 03:33:17,clusterB,0,4,4,0,1.00,0.5,0.5,0.0,0.0,0.0
2026-01-23 03:33:22,clusterA,0,4,4,0,1.00,0.5,0.5,0.0,0.0,0.0
2026-01-23 03:33:22,clusterB,0,4,4,0,1.00,0.5,0.5,0.0,0.0,0.0
2026-01-23 03:33:27,clusterA,0,4,4,0,1.00,0.5,0.5,0.0,0.0,0.0
2026-01-23 03:33:27,clusterB,0,4,4,0,1.00,0.5,0.5,0.0,0.0,0.0
2026-01-23 03:33:32,clusterA,0,4,4,0,1.00,0.5,0.5,0.0,0.0,0.0
2026-01-23 03:33:32,clusterB,0,4,4,0,1.00,0.5,0.5,0.0,0.0,0.0
2026-01-23 03:33:37,clusterA,0,4,4,0,1.00,0.5,0.5,0.0,0.0,0.0
2026-01-23 03:33:37,clusterB,0,4,4,0,1.00,0.5,0.5,0.0,0.0,0.0
2026-01-23 03:33:42,clusterA,0,4,4,0,1.00,0.5,0.5,0.0,0.0,0.0
2026-01-23 03:33:42,clusterB,0,4,4,0,1.00,0.5,0.5,0.0,0.0,0.0
2026-01-23 03:33:47,clusterA,0,4,4,0,1.00,0.5,0.5,0.0,0.0,0.0
2026-01-23 03:33:47,clusterB,0,4,4,0,1.00,0.5,0.5,0.0,0.0,0.0
2026-01-23 03:33:52,clusterA,0,4,4,0,1.00,0.5,0.5,0.0,0.0,0.0
2026-01-23 03:33:52,clusterB,0,4,4,0,1.00,0.5,0.5,0.0,0.0,0.0
2026-01-23 03:33:57,clusterA,0,4,4,0,1.00,0.5,0.5,0.0,0.0,0.0
2026-01-23 03:33:57,clusterB,0,4,4,0,1.00,0.5,0.5,0.0,0.0,0.0
2026-01-23 03:34:02,clusterA,0,4,4,0,1.00,0.5,0.5,0.0,0.0,0.0
2026-01-23 03:34:02,clusterB,0,4,4,0,1.00,0.5,0.5,0.0,0.0,0.0
2026-01-23 03:34:07,clusterA,0,4,4,0,1.00,0.5,0.5,0.0,0.0,0.0
2026-01-23 03:34:07,clusterB,0,4,4,0,1.00,0.5,0.5,0.0,0.0,0.0
2026-01-23 03:34:12,clusterA,0,4,4,0,1.00,0.5,0.5,0.0,0.0,0.0
2026-01-23 03:34:12,clusterB,0,4,4,0,1.00,0.5,0.5,0.0,0.0,0.0
2026-01-23 03:34:17,clusterA,0,4,4,0,1.00,0.5,0.5,0.0,0.0,0.0
2026-01-23 03:34:17,clusterB,0,4,4,0,1.00,0.5,0.5,0.0,0.0,0.0
2026-01-23 03:34:22,clusterA,0,4,4,0,1.00,0.5,0.5,0.0,0.0,0.0
2026-01-23 03:34:22,clusterB,0,4,4,0,1.00,0.5,0.5,0.0,0.0,0.0
2026-01-23 03:34:27,clusterA,0,4,4,0,1.00,0.5,0.5,0.0,0.0,0.0
2026-01-23 03:34:27,clusterB,0,4,4,0,1.00,0.5,0.5,0.0,0.0,0.0
2026-01-23 03:34:32,clusterA,0,4,4,0,1.00,0.5,0.5,0.0,0.0,0.0
2026-01-23 03:34:32,clusterB,0,4,4,0,1.00,0.5,0.5,0.0,0.0,0.0
2026-01-23 03:34:37,clusterA,0,4,4,0,1.00,0.5,0.5,0.0,0.0,0.0
2026-01-23 03:34:37,clusterB,0,4,4,0,1.00,0.5,0.5,0.0,0.0,0.0
2026-01-23 03:34:42,clusterA,0,4,4,0,1.00,0.5,0.5,0.0,0.0,0.0
2026-01-23 03:34:42,clusterB,0,4,4,0,1.00,0.5,0.5,0.0,0.0,0.0
2026-01-23 03:34:47,clusterA,0,4,4,0,1.00,0.5,0.5,0.0,0.0,0.0
2026-01-23 03:34:47,clusterB,0,4,4,0,1.00,0.5,0.5,0.0,0.0,0.0
2026-01-23 03:34:52,clusterA,0,4,4,0,1.00,0.5,0.5,0.0,0.0,0.0
2026-01-23 03:34:52,clusterB,0,4,4,0,1.00,0.5,0.5,0.0,0.0,0.0
2026-01-23 03:34:57,clusterA,0,4,4,0,1.00,0.5,0.5,0.0,0.0,0.0
2026-01-23 03:34:57,clusterB,0,4,4,0,1.00,0.5,0.5,0.0,0.0,0.0
2026-01-23 03:35:02,clusterA,0,4,4,0,1.00,0.5,0.5,0.0,0.0,0.0
2026-01-23 03:35:02,clusterB,0,4,4,0,1.00,0.5,0.5,0.0,0.0,0.0
2026-01-23 03:35:07,clusterA,0,4,4,0,1.00,0.5,0.5,0.0,0.0,0.0
2026-01-23 03:35:07,clusterB,0,4,4,0,1.00,0.5,0.5,0.0,0.0,0.0
2026-01-23 03:35:12,clusterA,0,4,4,0,1.00,0.5,0.5,0.0,0.0,0.0
2026-01-23 03:35:12,clusterB,0,4,4,0,1.00,0.5,0.5,0.0,0.0,0.0
2026-01-23 03:35:17,clusterA,0,4,4,0,1.00,0.5,0.5,0.0,0.0,0.0
2026-01-23 03:35:17,clusterB,0,4,4,0,1.00,0.5,0.5,0.0,0.0,0.0
2026-01-23 03:35:22,clusterA,0,4,4,0,1.00,0.5,0.5,0.0,0.0,0.0
2026-01-23 03:35:22,clusterB,0,4,4,0,1.00,0.5,0.5,0.0,0.0,0.0
2026-01-23 03:35:27,clusterA,0,4,4,0,1.00,0.5,0.5,0.0,0.0,0.0
2026-01-23 03:35:27,clusterB,0,4,4,0,1.00,0.5,0.5,0.0,0.0,0.0
2026-01-23 03:35:32,clusterA,0,4,4,0,1.00,0.5,0.5,0.0,0.0,0.0
2026-01-23 03:35:32,clusterB,0,4,4,0,1.00,0.5,0.5,0.0,0.0,0.0
2026-01-23 03:35:37,clusterA,0,4,4,0,1.00,0.5,0.5,0.0,0.0,0.0
2026-01-23 03:35:37,clusterB,0,4,4,0,1.00,0.5,0.5,0.0,0.0,0.0
2026-01-23 03:35:42,clusterA,0,4,4,0,1.00,0.5,0.5,0.0,0.0,0.0
2026-01-23 03:35:42,clusterB,0,4,4,0,1.00,0.5,0.5,0.0,0.0,0.0
2026-01-23 03:35:47,clusterA,0,4,4,0,1.00,0.5,0.5,0.0,0.0,0.0
2026-01-23 03:35:47,clusterB,0,4,4,0,1.00,0.5,0.5,0.0,0.0,0.0
2026-01-23 03:35:52,clusterA,0,4,4,0,1.00,0.5,0.5,0.0,0.0,0.0
2026-01-23 03:35:52,clusterB,0,4,4,0,1.00,0.5,0.5,0.0,0.0,0.0
2026-01-23 03:35:57,clusterA,0,4,4,0,1.00,0.5,0.5,0.0,0.0,0.0
2026-01-23 03:35:57,clusterB,0,4,4,0,1.00,0.5,0.5,0.0,0.0,0.0
2026-01-23 03:36:02,clusterA,0,4,4,0,1.00,0.5,0.5,0.0,0.0,0.0
2026-01-23 03:36:02,clusterB,0,4,4,0,1.00,0.5,0.5,0.0,0.0,0.0
2026-01-23 03:36:07,clusterA,0,4,4,0,1.00,0.5,0.5,0.0,0.0,0.0
2026-01-23 03:36:07,clusterB,0,4,4,0,1.00,0.5,0.5,0.0,0.0,0.0
2026-01-23 03:36:12,clusterA,0,4,4,0,1.00,0.5,0.5,0.0,0.0,0.0
2026-01-23 03:36:12,clusterB,0,4,4,0,1.00,0.5,0.5,0.0,0.0,0.0
2026-01-23 03:36:17,clusterA,0,4,4,0,1.00,0.5,0.5,0.0,0.0,0.0
2026-01-23 03:36:17,clusterB,0,4,4,0,1.00,0.5,0.5,0.0,0.0,0.0
2026-01-23 03:36:22,clusterA,0,4,4,0,1.00,0.5,0.5,0.0,0.0,0.0
2026-01-23 03:36:22,clusterB,0,4,4,0,1.00,0.5,0.5,0.0,0.0,0.0
2026-01-23 03:36:27,clusterA,0,4,4,0,1.00,0.5,0.5,0.0,0.0,0.0
2026-01-23 03:36:27,clusterB,0,4,4,0,1.00,0.5,0.5,0.0,0.0,0.0
2026-01-23 03:36:32,clusterA,0,4,4,0,1.00,0.5,0.5,0.0,0.0,0.0
2026-01-23 03:36:32,clusterB,0,4,4,0,1.00,0.5,0.5,0.0,0.0,0.0
2026-01-23 03:36:37,clusterA,0,4,4,0,1.00,0.5,0.5,0.0,0.0,0.0
2026-01-23 03:36:37,clusterB,0,4,4,0,1.00,0.5,0.5,0.0,0.0,0.0
2026-01-23 03:36:42,clusterA,0,4,4,0,1.00,0.5,0.5,0.0,0.0,0.0
2026-01-23 03:36:42,clusterB,0,4,4,0,1.00,0.5,0.5,0.0,0.0,0.0
2026-01-23 03:36:47,clusterA,0,4,4,0,1.00,0.5,0.5,0.0,0.0,0.0
2026-01-23 03:36:47,clusterB,0,4,4,0,1.00,0.5,0.5,0.0,0.0,0.0
2026-01-23 03:36:52,clusterA,0,4,4,0,1.00,0.5,0.5,0.0,0.0,0.0
2026-01-23 03:36:52,clusterB,0,4,4,0,1.00,0.5,0.5,0.0,0.0,0.0
2026-01-23 03:36:57,clusterA,0,4,4,0,1.00,0.5,0.5,0.0,0.0,0.0
2026-01-23 03:36:57,clusterB,0,4,4,0,1.00,0.5,0.5,0.0,0.0,0.0
2026-01-23 03:37:02,clusterA,0,4,4,0,1.00,0.5,0.5,0.0,0.0,0.0
2026-01-23 03:37:02,clusterB,0,4,4,0,1.00,0.5,0.5,0.0,0.0,0.0
2026-01-23 03:37:07,clusterA,0,4,4,0,1.00,0.5,0.5,0.0,0.0,0.0
2026-01-23 03:37:07,clusterB,0,4,4,0,1.00,0.5,0.5,0.0,0.0,0.0
2026-01-23 03:37:12,clusterA,0,4,4,0,1.00,0.5,0.5,0.0,0.0,0.0
2026-01-23 03:37:12,clusterB,0,4,4,0,1.00,0.5,0.5,0.0,0.0,0.0
2026-01-23 03:37:17,clusterA,0,4,4,0,1.00,0.5,0.5,0.0,0.0,0.0
2026-01-23 03:37:17,clusterB,0,4,4,0,1.00,0.5,0.5,0.0,0.0,0.0
2026-01-23 03:37:22,clusterA,0,4,4,0,1.00,0.5,0.5,0.0,0.0,0.0
2026-01-23 03:37:22,clusterB,0,4,4,0,1.00,0.5,0.5,0.0,0.0,0.0
2026-01-23 03:37:27,clusterA,0,4,4,0,1.00,0.5,0.5,0.0,0.0,0.0
2026-01-23 03:37:27,clusterB,0,4,4,0,1.00,0.5,0.5,0.0,0.0,0.0
2026-01-23 03:37:32,clusterA,0,4,4,0,1.00,0.5,0.5,0.0,0.0,0.0
2026-01-23 03:37:32,clusterB,0,4,4,0,1.00,0.5,0.5,0.0,0.0,0.0
2026-01-23 03:37:37,clusterA,0,4,4,0,1.00,0.5,0.5,0.0,0.0,0.0
2026-01-23 03:37:37,clusterB,0,4,4,0,1.00,0.5,0.5,0.0,0.0,0.0
2026-01-23 03:37:42,clusterA,0,4,4,0,1.00,0.5,0.5,0.0,0.0,0.0
2026-01-23 03:37:42,clusterB,0,4,4,0,1.00,0.5,0.5,0.0,0.0,0.0
2026-01-23 03:37:47,clusterA,0,4,4,0,1.00,0.5,0.5,0.0,0.0,0.0
2026-01-23 03:37:47,clusterB,0,4,4,0,1.00,0.5,0.5,0.0,0.0,0.0
2026-01-23 03:37:52,clusterA,0,4,4,0,1.00,0.5,0.5,0.0,0.0,0.0
2026-01-23 03:37:52,clusterB,0,4,4,0,1.00,0.5,0.5,0.0,0.0,0.0
2026-01-23 03:37:57,clusterA,0,4,4,0,1.00,0.5,0.5,0.0,0.0,0.0
2026-01-23 03:37:57,clusterB,0,4,4,0,1.00,0.5,0.5,0.0,0.0,0.0
2026-01-23 03:38:02,clusterA,0,4,4,0,1.00,0.5,0.5,0.0,0.0,0.0
2026-01-23 03:38:02,clusterB,0,4,4,0,1.00,0.5,0.5,0.0,0.0,0.0
2026-01-23 03:38:07,clusterA,0,4,4,0,1.00,0.5,0.5,0.0,0.0,0.0
2026-01-23 03:38:07,clusterB,0,4,4,0,1.00,0.5,0.5,0.0,0.0,0.0
2026-01-23 03:38:12,clusterA,0,4,4,0,1.00,0.5,0.5,0.0,0.0,0.0
2026-01-23 03:38:12,clusterB,0,4,4,0,1.00,0.5,0.5,0.0,0.0,0.0
2026-01-23 03:38:17,clusterA,0,4,4,0,1.00,0.5,0.5,0.0,0.0,0.0
2026-01-23 03:38:17,clusterB,0,4,4,0,1.00,0.5,0.5,0.0,0.0,0.0
2026-01-23 03:38:22,clusterA,0,4,4,0,1.00,0.5,0.5,0.0,0.0,0.0
2026-01-23 03:38:22,clusterB,0,4,4,0,1.00,0.5,0.5,0.0,0.0,0.0
2026-01-23 03:38:27,clusterA,0,4,4,0,1.00,0.5,0.5,0.0,0.0,0.0
2026-01-23 03:38:27,clusterB,0,4,4,0,1.00,0.5,0.5,0.0,0.0,0.0
2026-01-23 03:38:32,clusterA,0,4,4,0,1.00,0.5,0.5,0.0,0.0,0.0
2026-01-23 03:38:32,clusterB,0,4,4,0,1.00,0.5,0.5,0.0,0.0,0.0
2026-01-23 03:38:37,clusterA,0,4,4,0,1.00,0.5,0.5,0.0,0.0,0.0
2026-01-23 03:38:37,clusterB,0,4,4,0,1.00,0.5,0.5,0.0,0.0,0.0
2026-01-23 03:38:42,clusterA,0,4,4,0,1.00,0.5,0.5,0.0,0.0,0.0
2026-01-23 03:38:42,clusterB,0,4,4,0,1.00,0.5,0.5,0.0,0.0,0.0
2026-01-23 03:38:47,clusterA,0,4,4,0,1.00,0.5,0.5,0.0,0.0,0.0
2026-01-23 03:38:47,clusterB,0,4,4,0,1.00,0.5,0.5,0.0,0.0,0.0
2026-01-23 03:38:52,clusterA,0,4,4,0,1.00,0.5,0.5,0.0,0.0,0.0
2026-01-23 03:38:52,clusterB,0,4,4,0,1.00,0.5,0.5,0.0,0.0,0.0
2026-01-23 03:38:57,clusterA,0,4,4,0,1.00,0.5,0.5,0.0,0.0,0.0
2026-01-23 03:38:57,clusterB,0,4,4,0,1.00,0.5,0.5,0.0,0.0,0.0
2026-01-23 03:39:02,clusterA,0,4,4,0,1.00,0.5,0.5,0.0,0.0,0.0
2026-01-23 03:39:02,clusterB,0,4,4,0,1.00,0.5,0.5,0.0,0.0,0.0
2026-01-23 03:39:07,clusterA,0,4,4,0,1.00,0.5,0.5,0.0,0.0,0.0
2026-01-23 03:39:07,clusterB,0,4,4,0,1.00,0.5,0.5,0.0,0.0,0.0
2026-01-23 03:39:12,clusterA,0,4,4,0,1.00,0.5,0.5,0.0,0.0,0.0
2026-01-23 03:39:12,clusterB,0,4,4,0,1.00,0.5,0.5,0.0,0.0,0.0
2026-01-23 03:39:17,clusterA,0,4,4,0,1.00,0.5,0.5,0.0,0.0,0.0
2026-01-23 03:39:17,clusterB,0,4,4,0,1.00,0.5,0.5,0.0,0.0,0.0
2026-01-23 03:39:22,clusterA,0,4,4,0,1.00,0.5,0.5,0.0,0.0,0.0
2026-01-23 03:39:22,clusterB,0,4,4,0,1.00,0.5,0.5,0.0,0.0,0.0
2026-01-23 03:39:27,clusterA,0,4,4,0,1.00,0.5,0.5,0.0,0.0,0.0
2026-01-23 03:39:27,clusterB,0,4,4,0,1.00,0.5,0.5,0.0,0.0,0.0
2026-01-23 03:39:32,clusterA,0,4,4,0,1.00,0.5,0.5,0.0,0.0,0.0
2026-01-23 03:39:32,clusterB,0,4,4,0,1.00,0.5,0.5,0.0,0.0,0.0
2026-01-23 03:39:37,clusterA,0,4,4,0,1.00,0.5,0.5,0.0,0.0,0.0
2026-01-23 03:39:37,clusterB,0,4,4,0,1.00,0.5,0.5,0.0,0.0,0.0
2026-01-23 03:39:42,clusterA,0,4,4,0,1.00,0.5,0.5,0.0,0.0,0.0
2026-01-23 03:39:42,clusterB,0,4,4,0,1.00,0.5,0.5,0.0,0.0,0.0
2026-01-23 03:39:47,clusterA,0,4,4,0,1.00,0.5,0.5,0.0,0.0,0.0
2026-01-23 03:39:47,clusterB,0,4,4,0,1.00,0.5,0.5,0.0,0.0,0.0
2026-01-23 03:39:52,clusterA,0,4,4,0,1.00,0.5,0.5,0.0,0.0,0.0
2026-01-23 03:39:52,clusterB,0,4,4,0,1.00,0.5,0.5,0.0,0.0,0.0
2026-01-23 03:39:57,clusterA,0,4,4,0,1.00,0.5,0.5,0.0,0.0,0.0
2026-01-23 03:39:57,clusterB,0,4,4,0,1.00,0.5,0.5,0.0,0.0,0.0
2026-01-23 03:40:02,clusterA,0,4,4,0,1.00,0.5,0.5,0.0,0.0,0.0
2026-01-23 03:40:02,clusterB,0,4,4,0,1.00,0.5,0.5,0.0,0.0,0.0
2026-01-23 03:40:07,clusterA,0,4,4,0,1.00,0.5,0.5,0.0,0.0,0.0
2026-01-23 03:40:07,clusterB,0,4,4,0,1.00,0.5,0.5,0.0,0.0,0.0
2026-01-23 03:40:12,clusterA,0,4,4,0,1.00,0.5,0.5,0.0,0.0,0.0
2026-01-23 03:40:12,clusterB,0,4,4,0,1.00,0.5,0.5,0.0,0.0,0.0
2026-01-23 03:40:17,clusterA,0,4,4,0,1.00,0.5,0.5,0.0,0.0,0.0
2026-01-23 03:40:17,clusterB,0,4,4,0,1.00,0.5,0.5,0.0,0.0,0.0
2026-01-23 03:40:22,clusterA,0,4,4,0,1.00,0.5,0.5,0.0,0.0,0.0
2026-01-23 03:40:22,clusterB,0,4,4,0,1.00,0.5,0.5,0.0,0.0,0.0
2026-01-23 03:40:27,clusterA,0,4,4,0,1.00,0.5,0.5,0.0,0.0,0.0
2026-01-23 03:40:27,clusterB,0,4,4,0,1.00,0.5,0.5,0.0,0.0,0.0
2026-01-23 03:40:32,clusterA,0,4,4,0,1.00,0.5,0.5,0.0,0.0,0.0
2026-01-23 03:40:32,clusterB,0,4,4,0,1.00,0.5,0.5,0.0,0.0,0.0
2026-01-23 03:40:37,clusterA,0,4,4,0,1.00,0.5,0.5,0.0,0.0,0.0
2026-01-23 03:40:37,clusterB,0,4,4,0,1.00,0.5,0.5,0.0,0.0,0.0
2026-01-23 03:40:42,clusterA,0,4,4,0,1.00,0.5,0.5,0.0,0.0,0.0
2026-01-23 03:40:42,clusterB,0,4,4,0,1.00,0.5,0.5,0.0,0.0,0.0
2026-01-23 03:40:47,clusterA,0,4,4,0,1.00,0.5,0.5,0.0,0.0,0.0
2026-01-23 03:40:47,clusterB,0,4,4,0,1.00,0.5,0.5,0.0,0.0,0.0
2026-01-23 03:40:52,clusterA,0,4,4,0,1.00,0.5,0.5,0.0,0.0,0.0
2026-01-23 03:40:52,clusterB,0,4,4,0,1.00,0.5,0.5,0.0,0.0,0.0
2026-01-23 03:40:57,clusterA,0,4,4,0,1.00,0.5,0.5,0.0,0.0,0.0
2026-01-23 03:40:57,clusterB,0,4,4,0,1.00,0.5,0.5,0.0,0.0,0.0
2026-01-23 03:41:02,clusterA,0,4,4,0,1.00,0.5,0.5,0.0,0.0,0.0
2026-01-23 03:41:02,clusterB,0,4,4,0,1.00,0.5,0.5,0.0,0.0,0.0
2026-01-23 03:41:07,clusterA,0,4,4,0,1.00,0.5,0.5,0.0,0.0,0.0
2026-01-23 03:41:07,clusterB,0,4,4,0,1.00,0.5,0.5,0.0,0.0,0.0
2026-01-23 03:41:12,clusterA,0,4,4,0,1.00,0.5,0.5,0.0,0.0,0.0
2026-01-23 03:41:12,clusterB,0,4,4,0,1.00,0.5,0.5,0.0,0.0,0.0
2026-01-23 03:41:17,clusterA,0,4,4,0,1.00,0.5,0.5,0.0,0.0,0.0
2026-01-23 03:41:17,clusterB,0,4,4,0,1.00,0.5,0.5,0.0,0.0,0.0
2026-01-23 03:41:22,clusterA,0,4,4,0,1.00,0.5,0.5,0.0,0.0,0.0
2026-01-23 03:41:22,clusterB,0,4,4,0,1.00,0.5,0.5,0.0,0.0,0.0
2026-01-23 03:41:27,clusterA,0,4,4,0,1.00,0.5,0.5,0.0,0.0,0.0
2026-01-23 03:41:27,clusterB,0,4,4,0,1.00,0.5,0.5,0.0,0.0,0.0
2026-01-23 03:41:33,clusterA,0,4,4,0,1.00,0.5,0.5,0.0,0.0,0.0
2026-01-23 03:41:33,clusterB,0,4,4,0,1.00,0.5,0.5,0.0,0.0,0.0
2026-01-23 03:41:38,clusterA,0,4,4,0,1.00,0.5,0.5,0.0,0.0,0.0
2026-01-23 03:41:38,clusterB,0,4,4,0,1.00,0.5,0.5,0.0,0.0,0.0
2026-01-23 03:41:43,clusterA,0,4,4,0,1.00,0.5,0.5,0.0,0.0,0.0
2026-01-23 03:41:43,clusterB,0,4,4,0,1.00,0.5,0.5,0.0,0.0,0.0
2026-01-23 03:41:48,clusterA,0,4,4,0,1.00,0.5,0.5,0.0,0.0,0.0
2026-01-23 03:41:48,clusterB,0,4,4,0,1.00,0.5,0.5,0.0,0.0,0.0
2026-01-23 03:41:53,clusterA,0,4,4,0,1.00,0.5,0.5,0.0,0.0,0.0
2026-01-23 03:41:53,clusterB,0,4,4,0,1.00,0.5,0.5,0.0,0.0,0.0
2026-01-23 03:41:58,clusterA,0,4,4,0,1.00,0.5,0.5,0.0,0.0,0.0
2026-01-23 03:41:58,clusterB,0,4,4,0,1.00,0.5,0.5,0.0,0.0,0.0
2026-01-23 03:42:03,clusterA,0,4,4,0,1.00,0.5,0.5,0.0,0.0,0.0
2026-01-23 03:42:03,clusterB,0,4,4,0,1.00,0.5,0.5,0.0,0.0,0.0
2026-01-23 03:42:08,clusterA,0,4,4,0,1.00,0.5,0.5,0.0,0.0,0.0
2026-01-23 03:42:08,clusterB,0,4,4,0,1.00,0.5,0.5,0.0,0.0,0.0
2026-01-23 03:42:13,clusterA,0,4,4,0,1.00,0.5,0.5,0.0,0.0,0.0
2026-01-23 03:42:13,clusterB,0,4,4,0,1.00,0.5,0.5,0.0,0.0,0.0
2026-01-23 03:42:18,clusterA,0,4,4,0,1.00,0.5,0.5,0.0,0.0,0.0
2026-01-23 03:42:18,clusterB,0,4,4,0,1.00,0.5,0.5,0.0,0.0,0.0
2026-01-23 03:42:23,clusterA,0,4,4,0,1.00,0.5,0.5,0.0,0.0,0.0
2026-01-23 03:42:23,clusterB,0,4,4,0,1.00,0.5,0.5,0.0,0.0,0.0
2026-01-23 03:42:28,clusterA,0,4,4,0,1.00,0.5,0.5,0.0,0.0,0.0
2026-01-23 03:42:28,clusterB,0,4,4,0,1.00,0.5,0.5,0.0,0.0,0.0
2026-01-23 03:42:33,clusterA,0,4,4,0,1.00,0.5,0.5,0.0,0.0,0.0
2026-01-23 03:42:33,clusterB,0,4,4,0,1.00,0.5,0.5,0.0,0.0,0.0
2026-01-23 03:42:38,clusterA,0,4,4,0,1.00,0.5,0.5,0.0,0.0,0.0
2026-01-23 03:42:38,clusterB,0,4,4,0,1.00,0.5,0.5,0.0,0.0,0.0
2026-01-23 03:42:43,clusterA,0,4,4,0,1.00,0.5,0.5,0.0,0.0,0.0
2026-01-23 03:42:43,clusterB,0,4,4,0,1.00,0.5,0.5,0.0,0.0,0.0
2026-01-23 03:42:48,clusterA,0,4,4,0,1.00,0.5,0.5,0.0,0.0,0.0
2026-01-23 03:42:48,clusterB,0,4,4,0,1.00,0.5,0.5,0.0,0.0,0.0
2026-01-23 03:42:53,clusterA,0,4,4,0,1.00,0.5,0.5,0.0,0.0,0.0
2026-01-23 03:42:53,clusterB,0,4,4,0,1.00,0.5,0.5,0.0,0.0,0.0
2026-01-23 03:42:58,clusterA,0,4,4,0,1.00,0.5,0.5,0.0,0.0,0.0
2026-01-23 03:42:58,clusterB,0,4,4,0,1.00,0.5,0.5,0.0,0.0,0.0
2026-01-23 03:43:03,clusterA,0,4,4,0,1.00,0.5,0.5,0.0,0.0,0.0
2026-01-23 03:43:03,clusterB,0,4,4,0,1.00,0.5,0.5,0.0,0.0,0.0
2026-01-23 03:43:08,clusterA,0,4,4,0,1.00,0.5,0.5,0.0,0.0,0.0
2026-01-23 03:43:08,clusterB,0,4,4,0,1.00,0.5,0.5,0.0,0.0,0.0
2026-01-23 03:43:13,clusterA,0,4,4,0,1.00,0.5,0.5,0.0,0.0,0.0
2026-01-23 03:43:13,clusterB,0,4,4,0,1.00,0.5,0.5,0.0,0.0,0.0
2026-01-23 03:43:18,clusterA,0,4,4,0,1.00,0.5,0.5,0.0,0.0,0.0
2026-01-23 03:43:18,clusterB,0,4,4,0,1.00,0.5,0.5,0.0,0.0,0.0
2026-01-23 03:43:23,clusterA,0,4,4,0,1.00,0.5,0.5,0.0,0.0,0.0
2026-01-23 03:43:23,clusterB,0,4,4,0,1.00,0.5,0.5,0.0,0.0,0.0
2026-01-23 03:43:28,clusterA,0,4,4,0,1.00,0.5,0.5,0.0,0.0,0.0
2026-01-23 03:43:28,clusterB,0,4,4,0,1.00,0.5,0.5,0.0,0.0,0.0
2026-01-23 03:43:33,clusterA,0,4,4,0,1.00,0.5,0.5,0.0,0.0,0.0
2026-01-23 03:43:33,clusterB,0,4,4,0,1.00,0.5,0.5,0.0,0.0,0.0
2026-01-23 03:43:38,clusterA,0,4,4,0,1.00,0.5,0.5,0.0,0.0,0.0
2026-01-23 03:43:38,clusterB,0,4,4,0,1.00,0.5,0.5,0.0,0.0,0.0
2026-01-23 03:43:43,clusterA,0,4,4,0,1.00,0.5,0.5,0.0,0.0,0.0
2026-01-23 03:43:43,clusterB,0,4,4,0,1.00,0.5,0.5,0.0,0.0,0.0
2026-01-23 03:43:48,clusterA,0,4,4,0,1.00,0.5,0.5,0.0,0.0,0.0
2026-01-23 03:43:48,clusterB,0,4,4,0,1.00,0.5,0.5,0.0,0.0,0.0
2026-01-23 03:43:53,clusterA,0,4,4,0,1.00,0.5,0.5,0.0,0.0,0.0
2026-01-23 03:43:53,clusterB,0,4,4,0,1.00,0.5,0.5,0.0,0.0,0.0
2026-01-23 03:43:58,clusterA,0,4,4,0,1.00,0.5,0.5,0.0,0.0,0.0
2026-01-23 03:43:58,clusterB,0,4,4,0,1.00,0.5,0.5,0.0,0.0,0.0
2026-01-23 03:44:03,clusterA,0,4,4,0,1.00,0.5,0.5,0.0,0.0,0.0
2026-01-23 03:44:03,clusterB,0,4,4,0,1.00,0.5,0.5,0.0,0.0,0.0
2026-01-23 03:44:08,clusterA,0,4,4,0,1.00,0.5,0.5,0.0,0.0,0.0
2026-01-23 03:44:08,clusterB,0,4,4,0,1.00,0.5,0.5,0.0,0.0,0.0
2026-01-23 03:44:13,clusterA,0,4,4,0,1.00,0.5,0.5,0.0,0.0,0.0
2026-01-23 03:44:13,clusterB,0,4,4,0,1.00,0.5,0.5,0.0,0.0,0.0
2026-01-23 03:44:18,clusterA,0,4,4,0,1.00,0.5,0.5,0.0,0.0,0.0
2026-01-23 03:44:18,clusterB,0,4,4,0,1.00,0.5,0.5,0.0,0.0,0.0
2026-01-23 03:44:23,clusterA,0,4,4,0,1.00,0.5,0.5,0.0,0.0,0.0
2026-01-23 03:44:23,clusterB,0,4,4,0,1.00,0.5,0.5,0.0,0.0,0.0
2026-01-23 03:44:28,clusterA,1,4,4,0,1.00,0.5,0.5,0.0,0.0,0.0
2026-01-23 03:44:28,clusterB,1,4,4,0,1.00,0.5,0.5,0.0,0.0,0.0
2026-01-23 03:44:33,clusterA,1,4,4,0,1.00,0.5,0.5,0.0,0.0,0.0
2026-01-23 03:44:33,clusterB,1,4,4,0,1.00,0.5,0.5,0.0,0.0,0.0
2026-01-23 03:44:38,clusterA,1,4,4,0,1.00,0.5,0.5,0.0,0.0,0.0
2026-01-23 03:44:38,clusterB,1,4,4,0,1.00,0.5,0.5,0.0,0.0,0.0
2026-01-23 03:44:43,clusterA,1,4,4,0,1.00,0.5,0.5,0.0,0.0,0.0
2026-01-23 03:44:43,clusterB,1,4,4,0,1.00,0.5,0.5,0.0,0.0,0.0
2026-01-23 03:44:48,clusterA,1,4,4,0,1.00,0.5,0.5,0.0,0.0,0.0
2026-01-23 03:44:48,clusterB,1,4,4,0,1.00,0.5,0.5,0.0,0.0,0.0
2026-01-23 03:44:53,clusterA,1,4,4,0,1.00,0.5,0.5,0.0,0.0,0.0
2026-01-23 03:44:53,clusterB,1,4,4,0,1.00,0.5,0.5,0.0,0.0,0.0
2026-01-23 03:44:58,clusterA,1,4,4,0,1.00,0.5,0.5,0.0,0.0,0.0
2026-01-23 03:44:58,clusterB,1,4,4,0,1.00,0.5,0.5,0.0,0.0,0.0
2026-01-23 03:45:03,clusterA,1,4,4,0,1.00,0.5,0.5,0.0,0.0,0.0
2026-01-23 03:45:03,clusterB,1,4,4,0,1.00,0.5,0.5,0.0,0.0,0.0
2026-01-23 03:45:08,clusterA,1,4,4,0,1.00,0.5,0.5,0.0,0.0,0.0
2026-01-23 03:45:08,clusterB,1,4,4,0,1.00,0.5,0.5,0.0,0.0,0.0
2026-01-23 03:45:13,clusterA,1,4,4,0,1.00,0.5,0.5,0.0,0.0,0.0
2026-01-23 03:45:13,clusterB,1,4,4,0,1.00,0.5,0.5,0.0,0.0,0.0
2026-01-23 03:45:18,clusterA,1,4,4,0,1.00,0.5,0.5,0.0,0.0,0.0
2026-01-23 03:45:18,clusterB,1,4,4,0,1.00,0.5,0.5,0.0,0.0,0.0
2026-01-23 03:45:23,clusterA,1,4,4,0,1.00,0.5,0.5,0.0,0.0,0.0
2026-01-23 03:45:23,clusterB,1,4,4,0,1.00,0.5,0.5,0.0,0.0,0.0
2026-01-23 03:45:28,clusterA,1,4,4,0,1.00,0.5,0.5,0.0,0.0,0.0
2026-01-23 03:45:28,clusterB,1,4,4,0,1.00,0.5,0.5,0.0,0.0,0.0
2026-01-23 03:45:33,clusterA,1,4,4,0,1.00,0.5,0.5,0.0,0.0,0.0
2026-01-23 03:45:33,clusterB,1,4,4,0,1.00,0.5,0.5,0.0,0.0,0.0
2026-01-23 03:45:38,clusterA,1,4,4,0,1.00,0.5,0.5,0.0,0.0,0.0
2026-01-23 03:45:38,clusterB,1,4,4,0,1.00,0.5,0.5,0.0,0.0,0.0
2026-01-23 03:45:43,clusterA,1,4,4,0,1.00,0.5,0.5,0.0,0.0,0.0
2026-01-23 03:45:43,clusterB,1,4,4,0,1.00,0.5,0.5,0.0,0.0,0.0
2026-01-23 03:45:48,clusterA,1,4,4,0,1.00,0.5,0.5,0.0,0.0,0.0
2026-01-23 03:45:48,clusterB,1,4,4,0,1.00,0.5,0.5,0.0,0.0,0.0
2026-01-23 03:45:53,clusterA,1,4,4,0,1.00,0.5,0.5,0.0,0.0,0.0
2026-01-23 03:45:53,clusterB,1,4,4,0,1.00,0.5,0.5,0.0,0.0,0.0
2026-01-23 03:45:58,clusterA,1,4,4,0,1.00,0.5,0.5,0.0,0.0,0.0
2026-01-23 03:45:58,clusterB,1,4,4,0,1.00,0.5,0.5,0.0,0.0,0.0
2026-01-23 03:46:03,clusterA,1,4,4,0,1.00,0.5,0.5,0.0,0.0,0.0
2026-01-23 03:46:03,clusterB,1,4,4,0,1.00,0.5,0.5,0.0,0.0,0.0
2026-01-23 03:46:08,clusterA,1,4,4,0,1.00,0.5,0.5,0.0,0.0,0.0
2026-01-23 03:46:08,clusterB,1,4,4,0,1.00,0.5,0.5,0.0,0.0,0.0
2026-01-23 03:46:13,clusterA,1,4,4,0,1.00,0.5,0.5,0.0,0.0,0.0
2026-01-23 03:46:13,clusterB,1,4,4,0,1.00,0.5,0.5,0.0,0.0,0.0
2026-01-23 03:46:18,clusterA,1,4,4,0,1.00,0.5,0.5,0.0,0.0,0.0
2026-01-23 03:46:18,clusterB,1,4,4,0,1.00,0.5,0.5,0.0,0.0,0.0
2026-01-23 03:46:23,clusterA,1,4,4,0,1.00,0.5,0.5,0.0,0.0,0.0
2026-01-23 03:46:23,clusterB,1,4,4,0,1.00,0.5,0.5,0.0,0.0,0.0
2026-01-23 03:46:28,clusterA,1,4,4,0,1.00,0.5,0.5,0.0,0.0,0.0
2026-01-23 03:46:28,clusterB,1,4,4,0,1.00,0.5,0.5,0.0,0.0,0.0
2026-01-23 03:46:33,clusterA,1,4,4,0,1.00,0.5,0.5,0.0,0.0,0.0
2026-01-23 03:46:33,clusterB,1,4,4,0,1.00,0.5,0.5,0.0,0.0,0.0
2026-01-23 03:46:38,clusterA,1,4,4,0,1.00,0.5,0.5,0.0,0.0,0.0
2026-01-23 03:46:38,clusterB,1,4,4,0,1.00,0.5,0.5,0.0,0.0,0.0
2026-01-23 03:46:43,clusterA,1,4,4,0,1.00,0.5,0.5,0.0,0.0,0.0
2026-01-23 03:46:43,clusterB,1,4,4,0,1.00,0.5,0.5,0.0,0.0,0.0
2026-01-23 03:46:48,clusterA,1,4,4,0,1.00,0.5,0.5,0.0,0.0,0.0
2026-01-23 03:46:48,clusterB,1,4,4,0,1.00,0.5,0.5,0.0,0.0,0.0
2026-01-23 03:46:53,clusterA,1,4,4,0,1.00,0.5,0.5,0.0,0.0,0.0
2026-01-23 03:46:53,clusterB,1,4,4,0,1.00,0.5,0.5,0.0,0.0,0.0
2026-01-23 03:46:58,clusterA,1,4,4,0,1.00,0.5,0.5,0.0,0.0,0.0
2026-01-23 03:46:58,clusterB,1,4,4,0,1.00,0.5,0.5,0.0,0.0,0.0
2026-01-23 03:47:03,clusterA,1,4,4,0,1.00,0.5,0.5,0.0,0.0,0.0
2026-01-23 03:47:03,clusterB,1,4,4,0,1.00,0.5,0.5,0.0,0.0,0.0
2026-01-23 03:47:08,clusterA,1,4,4,0,1.00,0.5,0.5,0.0,0.0,0.0
2026-01-23 03:47:08,clusterB,1,4,4,0,1.00,0.5,0.5,0.0,0.0,0.0
2026-01-23 03:47:13,clusterA,1,4,4,0,1.00,0.5,0.5,0.0,0.0,0.0
2026-01-23 03:47:13,clusterB,1,4,4,0,1.00,0.5,0.5,0.0,0.0,0.0
2026-01-23 03:47:18,clusterA,1,4,4,0,1.00,0.5,0.5,0.0,0.0,0.0
2026-01-23 03:47:18,clusterB,1,4,4,0,1.00,0.5,0.5,0.0,0.0,0.0
2026-01-23 03:47:23,clusterA,1,4,4,0,1.00,0.5,0.5,0.0,0.0,0.0
2026-01-23 03:47:23,clusterB,1,4,4,0,1.00,0.5,0.5,0.0,0.0,0.0
2026-01-23 03:47:28,clusterA,1,4,4,0,1.00,0.5,0.5,0.0,0.0,0.0
2026-01-23 03:47:28,clusterB,1,4,4,0,1.00,0.5,0.5,0.0,0.0,0.0
2026-01-23 03:47:33,clusterA,1,4,4,0,1.00,0.5,0.5,0.0,0.0,0.0
2026-01-23 03:47:33,clusterB,1,4,4,0,1.00,0.5,0.5,0.0,0.0,0.0
2026-01-23 03:47:38,clusterA,1,4,4,0,1.00,0.5,0.5,0.0,0.0,0.0
2026-01-23 03:47:38,clusterB,1,4,4,0,1.00,0.5,0.5,0.0,0.0,0.0
2026-01-23 03:47:43,clusterA,1,4,4,0,1.00,0.5,0.5,0.0,0.0,0.0
2026-01-23 03:47:43,clusterB,1,4,4,0,1.00,0.5,0.5,0.0,0.0,0.0
2026-01-23 03:47:48,clusterA,1,4,4,0,1.00,0.5,0.5,0.0,0.0,0.0
2026-01-23 03:47:48,clusterB,1,4,4,0,1.00,0.5,0.5,0.0,0.0,0.0
2026-01-23 03:47:53,clusterA,1,4,4,0,1.00,0.5,0.5,0.0,0.0,0.0
2026-01-23 03:47:53,clusterB,1,4,4,0,1.00,0.5,0.5,0.0,0.0,0.0
2026-01-23 03:47:58,clusterA,1,4,4,0,1.00,0.5,0.5,0.0,0.0,0.0
2026-01-23 03:47:58,clusterB,1,4,4,0,1.00,0.5,0.5,0.0,0.0,0.0
2026-01-23 03:48:03,clusterA,1,4,4,0,1.00,0.5,0.5,0.0,0.0,0.0
2026-01-23 03:48:03,clusterB,1,4,4,0,1.00,0.5,0.5,0.0,0.0,0.0
2026-01-23 03:48:08,clusterA,1,4,4,0,1.00,0.5,0.5,0.0,0.0,0.0
2026-01-23 03:48:08,clusterB,1,4,4,0,1.00,0.5,0.5,0.0,0.0,0.0
2026-01-23 03:48:13,clusterA,1,4,4,0,1.00,0.5,0.5,0.0,0.0,0.0
2026-01-23 03:48:13,clusterB,1,4,4,0,1.00,0.5,0.5,0.0,0.0,0.0
2026-01-23 03:48:18,clusterA,1,4,4,0,1.00,0.5,0.5,0.0,0.0,0.0
2026-01-23 03:48:18,clusterB,1,4,4,0,1.00,0.5,0.5,0.0,0.0,0.0
2026-01-23 03:48:23,clusterA,1,4,4,0,1.00,0.5,0.5,0.0,0.0,0.0
2026-01-23 03:48:23,clusterB,1,4,4,0,1.00,0.5,0.5,0.0,0.0,0.0
2026-01-23 03:48:28,clusterA,1,4,4,0,1.00,0.5,0.5,0.0,0.0,0.0
2026-01-23 03:48:28,clusterB,1,4,4,0,1.00,0.5,0.5,0.0,0.0,0.0
2026-01-23 03:48:33,clusterA,1,4,4,0,1.00,0.5,0.5,0.0,0.0,0.0
2026-01-23 03:48:33,clusterB,1,4,4,0,1.00,0.5,0.5,0.0,0.0,0.0
2026-01-23 03:48:38,clusterA,1,4,4,0,1.00,0.5,0.5,0.0,0.0,0.0
2026-01-23 03:48:38,clusterB,1,4,4,0,1.00,0.5,0.5,0.0,0.0,0.0
2026-01-23 03:48:43,clusterA,1,4,4,0,1.00,0.5,0.5,0.0,0.0,0.0
2026-01-23 03:48:43,clusterB,1,4,4,0,1.00,0.5,0.5,0.0,0.0,0.0
2026-01-23 03:48:48,clusterA,1,4,4,0,1.00,0.5,0.5,0.0,0.0,0.0
2026-01-23 03:48:48,clusterB,1,4,4,0,1.00,0.5,0.5,0.0,0.0,0.0
2026-01-23 03:48:53,clusterA,1,4,4,0,1.00,0.5,0.5,0.0,0.0,0.0
2026-01-23 03:48:53,clusterB,1,4,4,0,1.00,0.5,0.5,0.0,0.0,0.0
2026-01-23 03:48:58,clusterA,1,4,4,0,1.00,0.5,0.5,0.0,0.0,0.0
2026-01-23 03:48:58,clusterB,1,4,4,0,1.00,0.5,0.5,0.0,0.0,0.0
2026-01-23 03:49:03,clusterA,1,4,4,0,1.00,0.5,0.5,0.0,0.0,0.0
2026-01-23 03:49:03,clusterB,1,4,4,0,1.00,0.5,0.5,0.0,0.0,0.0
2026-01-23 03:49:08,clusterA,1,4,4,0,1.00,0.5,0.5,0.0,0.0,0.0
2026-01-23 03:49:08,clusterB,1,4,4,0,1.00,0.5,0.5,0.0,0.0,0.0
2026-01-23 03:49:13,clusterA,1,4,4,0,1.00,0.5,0.5,0.0,0.0,0.0
2026-01-23 03:49:13,clusterB,1,4,4,0,1.00,0.5,0.5,0.0,0.0,0.0
2026-01-23 03:49:18,clusterA,1,4,4,0,1.00,0.5,0.5,0.0,0.0,0.0
2026-01-23 03:49:18,clusterB,1,4,4,0,1.00,0.5,0.5,0.0,0.0,0.0
2026-01-23 03:49:23,clusterA,1,4,4,0,1.00,0.5,0.5,0.0,0.0,0.0
2026-01-23 03:49:23,clusterB,1,4,4,0,1.00,0.5,0.5,0.0,0.0,0.0
2026-01-23 03:49:28,clusterA,2,4,4,0,1.00,0.5,0.5,0.0,0.0,0.0
2026-01-23 03:49:28,clusterB,2,4,4,0,1.00,0.5,0.5,0.0,0.0,0.0
2026-01-23 03:49:33,clusterA,2,4,4,0,1.00,0.5,0.5,0.0,0.0,0.0
2026-01-23 03:49:33,clusterB,2,4,4,0,1.00,0.5,0.5,0.0,0.0,0.0
2026-01-23 03:49:38,clusterA,2,4,4,0,1.00,0.5,0.5,0.0,0.0,0.0
2026-01-23 03:49:38,clusterB,2,4,4,0,1.00,0.5,0.5,0.0,0.0,0.0
2026-01-23 03:49:43,clusterA,2,4,4,0,1.00,0.5,0.5,0.0,0.0,0.0
2026-01-23 03:49:43,clusterB,2,4,4,0,1.00,0.5,0.5,0.0,0.0,0.0
2026-01-23 03:49:48,clusterA,2,4,4,0,1.00,0.5,0.5,0.0,0.0,0.0
2026-01-23 03:49:48,clusterB,2,4,4,0,1.00,0.5,0.5,0.0,0.0,0.0
2026-01-23 03:49:53,clusterA,2,4,4,0,1.00,0.5,0.5,0.0,0.0,0.0
2026-01-23 03:49:53,clusterB,2,4,4,0,1.00,0.5,0.5,0.0,0.0,0.0
2026-01-23 03:49:58,clusterA,2,4,4,0,1.00,0.5,0.5,0.0,0.0,0.0
2026-01-23 03:49:58,clusterB,2,4,4,0,1.00,0.5,0.5,0.0,0.0,0.0
2026-01-23 03:50:03,clusterA,2,4,4,0,1.00,0.5,0.5,0.0,0.0,0.0
2026-01-23 03:50:03,clusterB,2,4,4,0,1.00,0.5,0.5,0.0,0.0,0.0
2026-01-23 03:50:08,clusterA,2,4,4,0,1.00,0.5,0.5,0.0,0.0,0.0
2026-01-23 03:50:08,clusterB,2,4,4,0,1.00,0.5,0.5,0.0,0.0,0.0
2026-01-23 03:50:13,clusterA,2,4,4,0,1.00,0.5,0.5,0.0,0.0,0.0
2026-01-23 03:50:13,clusterB,2,4,4,0,1.00,0.5,0.5,0.0,0.0,0.0
2026-01-23 03:50:18,clusterA,2,4,4,0,1.00,0.5,0.5,0.0,0.0,0.0
2026-01-23 03:50:18,clusterB,2,4,4,0,1.00,0.5,0.5,0.0,0.0,0.0
2026-01-23 03:50:23,clusterA,2,4,4,0,1.00,0.5,0.5,0.0,0.0,0.0
2026-01-23 03:50:23,clusterB,2,4,4,0,1.00,0.5,0.5,0.0,0.0,0.0
2026-01-23 03:50:28,clusterA,2,4,4,0,1.00,0.5,0.5,0.0,0.0,0.0
2026-01-23 03:50:28,clusterB,2,4,4,0,1.00,0.5,0.5,0.0,0.0,0.0
2026-01-23 03:50:33,clusterA,2,4,4,0,1.00,0.5,0.5,0.0,0.0,0.0
2026-01-23 03:50:33,clusterB,2,4,4,0,1.00,0.5,0.5,0.0,0.0,0.0
2026-01-23 03:50:38,clusterA,2,4,4,0,1.00,0.5,0.5,0.0,0.0,0.0
2026-01-23 03:50:38,clusterB,2,4,4,0,1.00,0.5,0.5,0.0,0.0,0.0
2026-01-23 03:50:43,clusterA,2,4,4,0,1.00,0.5,0.5,0.0,0.0,0.0
2026-01-23 03:50:43,clusterB,2,4,4,0,1.00,0.5,0.5,0.0,0.0,0.0
2026-01-23 03:50:48,clusterA,2,4,4,0,1.00,0.5,0.5,0.0,0.0,0.0
2026-01-23 03:50:48,clusterB,2,4,4,0,1.00,0.5,0.5,0.0,0.0,0.0
2026-01-23 03:50:53,clusterA,2,4,4,0,1.00,0.5,0.5,0.0,0.0,0.0
2026-01-23 03:50:53,clusterB,2,4,4,0,1.00,0.5,0.5,0.0,0.0,0.0
2026-01-23 03:50:58,clusterA,2,4,4,0,1.00,0.5,0.5,0.0,0.0,0.0
2026-01-23 03:50:58,clusterB,2,4,4,0,1.00,0.5,0.5,0.0,0.0,0.0
2026-01-23 03:51:03,clusterA,2,4,4,0,1.00,0.5,0.5,0.0,0.0,0.0
2026-01-23 03:51:03,clusterB,2,4,4,0,1.00,0.5,0.5,0.0,0.0,0.0
2026-01-23 03:51:08,clusterA,2,4,4,0,1.00,0.5,0.5,0.0,0.0,0.0
2026-01-23 03:51:08,clusterB,2,4,4,0,1.00,0.5,0.5,0.0,0.0,0.0
2026-01-23 03:51:13,clusterA,2,4,4,0,1.00,0.5,0.5,0.0,0.0,0.0
2026-01-23 03:51:13,clusterB,2,4,4,0,1.00,0.5,0.5,0.0,0.0,0.0
2026-01-23 03:51:18,clusterA,2,4,4,0,1.00,0.5,0.5,0.0,0.0,0.0
2026-01-23 03:51:18,clusterB,2,4,4,0,1.00,0.5,0.5,0.0,0.0,0.0
2026-01-23 03:51:23,clusterA,2,4,4,0,1.00,0.5,0.5,0.0,0.0,0.0
2026-01-23 03:51:23,clusterB,2,4,4,0,1.00,0.5,0.5,0.0,0.0,0.0
2026-01-23 03:51:28,clusterA,2,4,4,0,1.00,0.5,0.5,0.0,0.0,0.0
2026-01-23 03:51:28,clusterB,2,4,4,0,1.00,0.5,0.5,0.0,0.0,0.0
2026-01-23 03:51:33,clusterA,2,4,4,0,1.00,0.5,0.5,0.0,0.0,0.0
2026-01-23 03:51:33,clusterB,2,4,4,0,1.00,0.5,0.5,0.0,0.0,0.0
2026-01-23 03:51:38,clusterA,2,4,4,0,1.00,0.5,0.5,0.0,0.0,0.0
2026-01-23 03:51:38,clusterB,2,4,4,0,1.00,0.5,0.5,0.0,0.0,0.0
2026-01-23 03:51:43,clusterA,2,4,4,0,1.00,0.5,0.5,0.0,0.0,0.0
2026-01-23 03:51:43,clusterB,2,4,4,0,1.00,0.5,0.5,0.0,0.0,0.0
2026-01-23 03:51:48,clusterA,2,4,4,0,1.00,0.5,0.5,0.0,0.0,0.0
2026-01-23 03:51:48,clusterB,2,4,4,0,1.00,0.5,0.5,0.0,0.0,0.0
2026-01-23 03:51:53,clusterA,2,4,4,0,1.00,0.5,0.5,0.0,0.0,0.0
2026-01-23 03:51:53,clusterB,2,4,4,0,1.00,0.5,0.5,0.0,0.0,0.0
2026-01-23 03:51:58,clusterA,2,4,4,0,1.00,0.5,0.5,0.0,0.0,0.0
2026-01-23 03:51:58,clusterB,2,4,4,0,1.00,0.5,0.5,0.0,0.0,0.0
2026-01-23 03:52:03,clusterA,2,4,4,0,1.00,0.5,0.5,0.0,0.0,0.0
2026-01-23 03:52:03,clusterB,2,4,4,0,1.00,0.5,0.5,0.0,0.0,0.0
2026-01-23 03:52:08,clusterA,2,4,4,0,1.00,0.5,0.5,0.0,0.0,0.0
2026-01-23 03:52:08,clusterB,2,4,4,0,1.00,0.5,0.5,0.0,0.0,0.0
2026-01-23 03:52:13,clusterA,2,4,4,0,1.00,0.5,0.5,0.0,0.0,0.0
2026-01-23 03:52:13,clusterB,2,4,4,0,1.00,0.5,0.5,0.0,0.0,0.0
2026-01-23 03:52:18,clusterA,2,4,4,0,1.00,0.5,0.5,0.0,0.0,0.0
2026-01-23 03:52:18,clusterB,2,4,4,0,1.00,0.5,0.5,0.0,0.0,0.0
2026-01-23 03:52:23,clusterA,2,4,4,0,1.00,0.5,0.5,0.0,0.0,0.0
2026-01-23 03:52:23,clusterB,2,4,4,0,1.00,0.5,0.5,0.0,0.0,0.0
2026-01-23 03:52:28,clusterA,2,4,4,0,1.00,0.5,0.5,0.0,0.0,0.0
2026-01-23 03:52:28,clusterB,2,4,4,0,1.00,0.5,0.5,0.0,0.0,0.0
2026-01-23 03:52:33,clusterA,2,4,4,0,1.00,0.5,0.5,0.0,0.0,0.0
2026-01-23 03:52:33,clusterB,2,4,4,0,1.00,0.5,0.5,0.0,0.0,0.0
2026-01-23 03:52:38,clusterA,2,4,3,1,0.75,0.5,0.5,0.0,0.0,0.0
2026-01-23 03:52:38,clusterB,2,4,4,0,1.00,0.5,0.5,0.0,0.0,0.0
2026-01-23 03:52:43,clusterA,1,4,3,1,0.75,0.5,0.5,0.0,0.0,0.0
2026-01-23 03:52:43,clusterB,1,4,4,0,1.00,0.5,0.5,0.0,0.0,0.0
2026-01-23 03:52:48,clusterA,0,4,4,0,1.00,0.5,0.5,0.0,0.0,0.0
2026-01-23 03:52:48,clusterB,0,4,4,0,1.00,0.5,0.5,0.0,0.0,0.0
2026-01-23 03:52:53,clusterA,0,4,4,0,1.00,0.5,0.5,0.0,0.0,0.0
2026-01-23 03:52:53,clusterB,0,4,4,0,1.00,0.5,0.5,0.0,0.0,0.0
2026-01-23 03:52:58,clusterA,0,4,4,0,1.00,0.5,0.5,0.0,0.0,0.0
2026-01-23 03:52:58,clusterB,0,4,4,0,1.00,0.5,0.5,0.0,0.0,0.0
2026-01-23 03:53:03,clusterA,0,4,4,0,1.00,0.5,0.5,0.0,0.0,0.0
2026-01-23 03:53:03,clusterB,0,4,4,0,1.00,0.5,0.5,0.0,0.0,0.0
2026-01-23 03:53:08,clusterA,0,4,4,0,1.00,0.5,0.5,0.0,0.0,0.0
2026-01-23 03:53:08,clusterB,0,4,4,0,1.00,0.5,0.5,0.0,0.0,0.0
2026-01-23 03:53:13,clusterA,1,4,4,0,1.00,0.5,0.5,0.0,0.0,0.0
2026-01-23 03:53:13,clusterB,1,4,4,0,1.00,0.5,0.5,0.0,0.0,0.0
2026-01-23 03:53:18,clusterA,1,4,4,0,1.00,0.5,0.5,0.0,0.0,0.0
2026-01-23 03:53:18,clusterB,1,4,4,0,1.00,0.5,0.5,0.0,0.0,0.0
2026-01-23 03:53:23,clusterA,1,4,4,0,1.00,0.5,0.5,0.0,0.0,0.0
2026-01-23 03:53:23,clusterB,1,4,4,0,1.00,0.5,0.5,0.0,0.0,0.0
2026-01-23 03:53:28,clusterA,1,4,4,0,1.00,0.5,0.5,0.0,0.0,0.0
2026-01-23 03:53:28,clusterB,1,4,4,0,1.00,0.5,0.5,0.0,0.0,0.0
2026-01-23 03:53:33,clusterA,1,4,4,0,1.00,0.5,0.5,0.0,0.0,0.0
2026-01-23 03:53:33,clusterB,1,4,4,0,1.00,0.5,0.5,0.0,0.0,0.0
2026-01-23 03:53:38,clusterA,1,4,4,0,1.00,0.5,0.5,0.0,0.0,0.0
2026-01-23 03:53:38,clusterB,1,4,4,0,1.00,0.5,0.5,0.0,0.0,0.0
2026-01-23 03:53:43,clusterA,1,4,4,0,1.00,0.5,0.5,0.0,0.0,0.0
2026-01-23 03:53:43,clusterB,1,4,4,0,1.00,0.5,0.5,0.0,0.0,0.0
2026-01-23 03:53:48,clusterA,1,4,4,0,1.00,0.5,0.5,0.0,0.0,0.0
2026-01-23 03:53:48,clusterB,1,4,4,0,1.00,0.5,0.5,0.0,0.0,0.0
2026-01-23 03:53:53,clusterA,1,4,4,0,1.00,0.5,0.5,0.0,0.0,0.0
2026-01-23 03:53:53,clusterB,1,4,4,0,1.00,0.5,0.5,0.0,0.0,0.0
2026-01-23 03:53:58,clusterA,1,4,4,0,1.00,0.5,0.5,0.0,0.0,0.0
2026-01-23 03:53:58,clusterB,1,4,4,0,1.00,0.5,0.5,0.0,0.0,0.0
2026-01-23 03:54:03,clusterA,1,4,4,0,1.00,0.5,0.5,0.0,0.0,0.0
2026-01-23 03:54:03,clusterB,1,4,4,0,1.00,0.5,0.5,0.0,0.0,0.0
2026-01-23 03:54:08,clusterA,1,4,4,0,1.00,0.5,0.5,0.0,0.0,0.0
2026-01-23 03:54:08,clusterB,1,4,4,0,1.00,0.5,0.5,0.0,0.0,0.0
2026-01-23 03:54:13,clusterA,1,4,4,0,1.00,0.5,0.5,0.0,0.0,0.0
2026-01-23 03:54:13,clusterB,1,4,4,0,1.00,0.5,0.5,0.0,0.0,0.0
2026-01-23 03:54:18,clusterA,1,4,4,0,1.00,0.5,0.5,0.0,0.0,0.0
2026-01-23 03:54:18,clusterB,1,4,4,0,1.00,0.5,0.5,0.0,0.0,0.0
2026-01-23 03:54:23,clusterA,1,4,4,0,1.00,0.5,0.5,0.0,0.0,0.0
2026-01-23 03:54:23,clusterB,1,4,4,0,1.00,0.5,0.5,0.0,0.0,0.0
2026-01-23 03:54:28,clusterA,1,4,4,0,1.00,0.5,0.5,0.0,0.0,0.0
2026-01-23 03:54:28,clusterB,1,4,4,0,1.00,0.5,0.5,0.0,0.0,0.0
2026-01-23 03:54:33,clusterA,1,4,4,0,1.00,0.5,0.5,0.0,0.0,0.0
2026-01-23 03:54:33,clusterB,1,4,4,0,1.00,0.5,0.5,0.0,0.0,0.0
2026-01-23 03:54:38,clusterA,1,4,4,0,1.00,0.5,0.5,0.0,0.0,0.0
2026-01-23 03:54:38,clusterB,1,4,4,0,1.00,0.5,0.5,0.0,0.0,0.0
2026-01-23 03:54:43,clusterA,1,4,4,0,1.00,0.5,0.5,0.0,0.0,0.0
2026-01-23 03:54:43,clusterB,1,4,4,0,1.00,0.5,0.5,0.0,0.0,0.0
2026-01-23 03:54:48,clusterA,1,4,4,0,1.00,0.5,0.5,0.0,0.0,0.0
2026-01-23 03:54:48,clusterB,1,4,4,0,1.00,0.5,0.5,0.0,0.0,0.0
2026-01-23 03:54:53,clusterA,1,4,4,0,1.00,0.5,0.5,0.0,0.0,0.0
2026-01-23 03:54:53,clusterB,1,4,4,0,1.00,0.5,0.5,0.0,0.0,0.0
2026-01-23 03:54:58,clusterA,1,4,4,0,1.00,0.5,0.5,0.0,0.0,0.0
2026-01-23 03:54:58,clusterB,1,4,4,0,1.00,0.5,0.5,0.0,0.0,0.0
2026-01-23 03:55:03,clusterA,1,4,4,0,1.00,0.5,0.5,0.0,0.0,0.0
2026-01-23 03:55:03,clusterB,1,4,4,0,1.00,0.5,0.5,0.0,0.0,0.0
2026-01-23 03:55:08,clusterA,1,4,4,0,1.00,0.5,0.5,0.0,0.0,0.0
2026-01-23 03:55:08,clusterB,1,4,4,0,1.00,0.5,0.5,0.0,0.0,0.0
2026-01-23 03:55:13,clusterA,1,4,4,0,1.00,0.5,0.5,0.0,0.0,0.0
2026-01-23 03:55:13,clusterB,1,4,4,0,1.00,0.5,0.5,0.0,0.0,0.0
2026-01-23 03:55:18,clusterA,1,4,4,0,1.00,0.5,0.5,0.0,0.0,0.0
2026-01-23 03:55:18,clusterB,1,4,4,0,1.00,0.5,0.5,0.0,0.0,0.0
2026-01-23 03:55:23,clusterA,1,4,4,0,1.00,0.5,0.5,0.0,0.0,0.0
2026-01-23 03:55:23,clusterB,1,4,4,0,1.00,0.5,0.5,0.0,0.0,0.0
2026-01-23 03:55:28,clusterA,1,4,4,0,1.00,0.5,0.5,0.0,0.0,0.0
2026-01-23 03:55:28,clusterB,1,4,4,0,1.00,0.5,0.5,0.0,0.0,0.0
2026-01-23 03:55:33,clusterA,1,4,4,0,1.00,0.5,0.5,0.0,0.0,0.0
2026-01-23 03:55:33,clusterB,1,4,4,0,1.00,0.5,0.5,0.0,0.0,0.0
2026-01-23 03:55:38,clusterA,1,4,4,0,1.00,0.5,0.5,0.0,0.0,0.0
2026-01-23 03:55:38,clusterB,1,4,4,0,1.00,0.5,0.5,0.0,0.0,0.0
2026-01-23 03:55:43,clusterA,1,4,4,0,1.00,0.5,0.5,0.0,0.0,0.0
2026-01-23 03:55:43,clusterB,1,4,4,0,1.00,0.5,0.5,0.0,0.0,0.0
2026-01-23 03:55:48,clusterA,1,4,4,0,1.00,0.5,0.5,0.0,0.0,0.0
2026-01-23 03:55:48,clusterB,1,4,4,0,1.00,0.5,0.5,0.0,0.0,0.0
2026-01-23 03:55:53,clusterA,1,4,4,0,1.00,0.5,0.5,0.0,0.0,0.0
2026-01-23 03:55:53,clusterB,1,4,4,0,1.00,0.5,0.5,0.0,0.0,0.0
2026-01-23 03:55:58,clusterA,1,4,4,0,1.00,0.5,0.5,0.0,0.0,0.0
2026-01-23 03:55:58,clusterB,1,4,4,0,1.00,0.5,0.5,0.0,0.0,0.0
2026-01-23 03:56:03,clusterA,1,4,4,0,1.00,0.5,0.5,0.0,0.0,0.0
2026-01-23 03:56:03,clusterB,1,4,4,0,1.00,0.5,0.5,0.0,0.0,0.0
2026-01-23 03:56:08,clusterA,1,4,4,0,1.00,0.5,0.5,0.0,0.0,0.0
2026-01-23 03:56:08,clusterB,1,4,4,0,1.00,0.5,0.5,0.0,0.0,0.0
2026-01-23 03:56:13,clusterA,1,4,4,0,1.00,0.5,0.5,0.0,0.0,0.0
2026-01-23 03:56:13,clusterB,1,4,4,0,1.00,0.5,0.5,0.0,0.0,0.0
2026-01-23 03:56:18,clusterA,1,4,4,0,1.00,0.5,0.5,0.0,0.0,0.0
2026-01-23 03:56:18,clusterB,1,4,4,0,1.00,0.5,0.5,0.0,0.0,0.0
2026-01-23 03:56:23,clusterA,1,4,4,0,1.00,0.5,0.5,0.0,0.0,0.0
2026-01-23 03:56:23,clusterB,1,4,4,0,1.00,0.5,0.5,0.0,0.0,0.0
2026-01-23 03:56:28,clusterA,1,4,4,0,1.00,0.5,0.5,0.0,0.0,0.0
2026-01-23 03:56:28,clusterB,1,4,4,0,1.00,0.5,0.5,0.0,0.0,0.0
2026-01-23 03:56:33,clusterA,1,4,4,0,1.00,0.5,0.5,0.0,0.0,0.0
2026-01-23 03:56:33,clusterB,1,4,4,0,1.00,0.5,0.5,0.0,0.0,0.0
2026-01-23 03:56:38,clusterA,1,4,4,0,1.00,0.5,0.5,0.0,0.0,0.0
2026-01-23 03:56:38,clusterB,1,4,4,0,1.00,0.5,0.5,0.0,0.0,0.0
2026-01-23 03:56:43,clusterA,1,4,4,0,1.00,0.5,0.5,0.0,0.0,0.0
2026-01-23 03:56:43,clusterB,1,4,4,0,1.00,0.5,0.5,0.0,0.0,0.0
2026-01-23 03:56:48,clusterA,1,4,4,0,1.00,0.5,0.5,0.0,0.0,0.0
2026-01-23 03:56:48,clusterB,1,4,4,0,1.00,0.5,0.5,0.0,0.0,0.0
2026-01-23 03:56:53,clusterA,1,4,4,0,1.00,0.5,0.5,0.0,0.0,0.0
2026-01-23 03:56:53,clusterB,1,4,4,0,1.00,0.5,0.5,0.0,0.0,0.0
2026-01-23 03:56:58,clusterA,1,4,4,0,1.00,0.5,0.5,0.0,0.0,0.0
2026-01-23 03:56:58,clusterB,1,4,4,0,1.00,0.5,0.5,0.0,0.0,0.0
2026-01-23 03:57:03,clusterA,1,4,4,0,1.00,0.5,0.5,0.0,0.0,0.0
2026-01-23 03:57:03,clusterB,1,4,4,0,1.00,0.5,0.5,0.0,0.0,0.0
2026-01-23 03:57:08,clusterA,1,4,4,0,1.00,0.5,0.5,0.0,0.0,0.0
2026-01-23 03:57:08,clusterB,1,4,4,0,1.00,0.5,0.5,0.0,0.0,0.0
2026-01-23 03:57:13,clusterA,1,4,4,0,1.00,0.5,0.5,0.0,0.0,0.0
2026-01-23 03:57:13,clusterB,1,4,4,0,1.00,0.5,0.5,0.0,0.0,0.0
2026-01-23 03:57:18,clusterA,1,4,4,0,1.00,0.5,0.5,0.0,0.0,0.0
2026-01-23 03:57:18,clusterB,1,4,4,0,1.00,0.5,0.5,0.0,0.0,0.0
2026-01-23 03:57:23,clusterA,1,4,4,0,1.00,0.5,0.5,0.0,0.0,0.0
2026-01-23 03:57:23,clusterB,1,4,4,0,1.00,0.5,0.5,0.0,0.0,0.0
2026-01-23 03:57:28,clusterA,1,4,4,0,1.00,0.5,0.5,0.0,0.0,0.0
2026-01-23 03:57:28,clusterB,1,4,4,0,1.00,0.5,0.5,0.0,0.0,0.0
2026-01-23 03:57:33,clusterA,1,4,4,0,1.00,0.5,0.5,0.0,0.0,0.0
2026-01-23 03:57:33,clusterB,1,4,4,0,1.00,0.5,0.5,0.0,0.0,0.0
2026-01-23 03:57:38,clusterA,1,4,4,0,1.00,0.5,0.5,0.0,0.0,0.0
2026-01-23 03:57:38,clusterB,1,4,4,0,1.00,0.5,0.5,0.0,0.0,0.0
2026-01-23 03:57:43,clusterA,1,4,4,0,1.00,0.5,0.5,0.0,0.0,0.0
2026-01-23 03:57:43,clusterB,1,4,4,0,1.00,0.5,0.5,0.0,0.0,0.0
2026-01-23 03:57:48,clusterA,1,4,4,0,1.00,0.5,0.5,0.0,0.0,0.0
2026-01-23 03:57:48,clusterB,1,4,4,0,1.00,0.5,0.5,0.0,0.0,0.0
2026-01-23 03:57:53,clusterA,1,4,4,0,1.00,0.5,0.5,0.0,0.0,0.0
2026-01-23 03:57:53,clusterB,1,4,4,0,1.00,0.5,0.5,0.0,0.0,0.0
2026-01-23 03:57:58,clusterA,1,4,4,0,1.00,0.5,0.5,0.0,0.0,0.0
2026-01-23 03:57:58,clusterB,1,4,4,0,1.00,0.5,0.5,0.0,0.0,0.0
2026-01-23 03:58:03,clusterA,1,4,4,0,1.00,0.5,0.5,0.0,0.0,0.0
2026-01-23 03:58:03,clusterB,1,4,4,0,1.00,0.5,0.5,0.0,0.0,0.0
2026-01-23 03:58:08,clusterA,1,4,4,0,1.00,0.5,0.5,0.0,0.0,0.0
2026-01-23 03:58:08,clusterB,1,4,4,0,1.00,0.5,0.5,0.0,0.0,0.0
2026-01-23 03:58:13,clusterA,1,4,4,0,1.00,0.5,0.5,0.0,0.0,0.0
2026-01-23 03:58:13,clusterB,1,4,4,0,1.00,0.5,0.5,0.0,0.0,0.0
2026-01-23 03:58:18,clusterA,1,4,4,0,1.00,0.5,0.5,0.0,0.0,0.0
2026-01-23 03:58:18,clusterB,1,4,4,0,1.00,0.5,0.5,0.0,0.0,0.0
2026-01-23 03:58:23,clusterA,1,4,4,0,1.00,0.5,0.5,0.0,0.0,0.0
2026-01-23 03:58:23,clusterB,1,4,4,0,1.00,0.5,0.5,0.0,0.0,0.0
2026-01-23 03:58:28,clusterA,1,4,4,0,1.00,0.5,0.5,0.0,0.0,0.0
2026-01-23 03:58:28,clusterB,1,4,4,0,1.00,0.5,0.5,0.0,0.0,0.0
2026-01-23 03:58:33,clusterA,1,4,4,0,1.00,0.5,0.5,0.0,0.0,0.0
2026-01-23 03:58:33,clusterB,1,4,4,0,1.00,0.5,0.5,0.0,0.0,0.0
2026-01-23 03:58:38,clusterA,1,4,4,0,1.00,0.5,0.5,0.0,0.0,0.0
2026-01-23 03:58:38,clusterB,1,4,4,0,1.00,0.5,0.5,0.0,0.0,0.0
2026-01-23 03:58:43,clusterA,1,4,4,0,1.00,0.5,0.5,0.0,0.0,0.0
2026-01-23 03:58:43,clusterB,1,4,4,0,1.00,0.5,0.5,0.0,0.0,0.0
2026-01-23 03:58:48,clusterA,1,4,4,0,1.00,0.5,0.5,0.0,0.0,0.0
2026-01-23 03:58:48,clusterB,1,4,4,0,1.00,0.5,0.5,0.0,0.0,0.0
2026-01-23 03:58:53,clusterA,1,4,4,0,1.00,0.5,0.5,0.0,0.0,0.0
2026-01-23 03:58:53,clusterB,1,4,4,0,1.00,0.5,0.5,0.0,0.0,0.0
2026-01-23 03:58:58,clusterA,1,4,4,0,1.00,0.5,0.5,0.0,0.0,0.0
2026-01-23 03:58:58,clusterB,1,4,4,0,1.00,0.5,0.5,0.0,0.0,0.0
2026-01-23 03:59:03,clusterA,1,4,4,0,1.00,0.5,0.5,0.0,0.0,0.0
2026-01-23 03:59:03,clusterB,1,4,4,0,1.00,0.5,0.5,0.0,0.0,0.0
2026-01-23 03:59:08,clusterA,1,4,4,0,1.00,0.5,0.5,0.0,0.0,0.0
2026-01-23 03:59:08,clusterB,1,4,4,0,1.00,0.5,0.5,0.0,0.0,0.0
2026-01-23 03:59:13,clusterA,1,4,4,0,1.00,0.5,0.5,0.0,0.0,0.0
2026-01-23 03:59:13,clusterB,1,4,4,0,1.00,0.5,0.5,0.0,0.0,0.0
2026-01-23 03:59:18,clusterA,1,4,4,0,1.00,0.5,0.5,0.0,0.0,0.0
2026-01-23 03:59:18,clusterB,1,4,4,0,1.00,0.5,0.5,0.0,0.0,0.0
2026-01-23 03:59:23,clusterA,1,4,4,0,1.00,0.5,0.5,0.0,0.0,0.0
2026-01-23 03:59:23,clusterB,1,4,4,0,1.00,0.5,0.5,0.0,0.0,0.0
2026-01-23 03:59:28,clusterA,2,4,4,0,1.00,0.5,0.5,0.0,0.0,0.0
2026-01-23 03:59:28,clusterB,2,4,4,0,1.00,0.5,0.5,0.0,0.0,0.0
2026-01-23 03:59:33,clusterA,2,4,4,0,1.00,0.5,0.5,0.0,0.0,0.0
2026-01-23 03:59:33,clusterB,2,4,4,0,1.00,0.5,0.5,0.0,0.0,0.0
2026-01-23 03:59:38,clusterA,2,4,4,0,1.00,0.5,0.5,0.0,0.0,0.0
2026-01-23 03:59:38,clusterB,2,4,4,0,1.00,0.5,0.5,0.0,0.0,0.0
2026-01-23 03:59:43,clusterA,2,4,4,0,1.00,0.5,0.5,0.0,0.0,0.0
2026-01-23 03:59:43,clusterB,2,4,4,0,1.00,0.5,0.5,0.0,0.0,0.0
2026-01-23 03:59:48,clusterA,2,4,4,0,1.00,0.5,0.5,0.0,0.0,0.0
2026-01-23 03:59:48,clusterB,2,4,4,0,1.00,0.5,0.5,0.0,0.0,0.0
2026-01-23 03:59:53,clusterA,2,4,4,0,1.00,0.5,0.5,0.0,0.0,0.0
2026-01-23 03:59:53,clusterB,2,4,4,0,1.00,0.5,0.5,0.0,0.0,0.0
2026-01-23 03:59:58,clusterA,2,4,4,0,1.00,0.5,0.5,0.0,0.0,0.0
2026-01-23 03:59:58,clusterB,2,4,4,0,1.00,0.5,0.5,0.0,0.0,0.0
2026-01-23 04:00:03,clusterA,2,4,4,0,1.00,0.5,0.5,0.0,0.0,0.0
2026-01-23 04:00:03,clusterB,2,4,4,0,1.00,0.5,0.5,0.0,0.0,0.0
2026-01-23 04:00:08,clusterA,2,4,4,0,1.00,0.5,0.5,0.0,0.0,0.0
2026-01-23 04:00:08,clusterB,2,4,4,0,1.00,0.5,0.5,0.0,0.0,0.0
2026-01-23 04:00:13,clusterA,2,4,4,0,1.00,0.5,0.5,0.0,0.0,0.0
2026-01-23 04:00:13,clusterB,2,4,4,0,1.00,0.5,0.5,0.0,0.0,0.0
2026-01-23 04:00:18,clusterA,2,4,4,0,1.00,0.5,0.5,0.0,0.0,0.0
2026-01-23 04:00:18,clusterB,2,4,4,0,1.00,0.5,0.5,0.0,0.0,0.0
2026-01-23 04:00:23,clusterA,2,4,4,0,1.00,0.5,0.5,0.0,0.0,0.0
2026-01-23 04:00:23,clusterB,2,4,4,0,1.00,0.5,0.5,0.0,0.0,0.0
2026-01-23 04:00:28,clusterA,2,4,4,0,1.00,0.5,0.5,0.0,0.0,0.0
2026-01-23 04:00:28,clusterB,2,4,4,0,1.00,0.5,0.5,0.0,0.0,0.0
2026-01-23 04:00:33,clusterA,2,4,4,0,1.00,0.5,0.5,0.0,0.0,0.0
2026-01-23 04:00:33,clusterB,2,4,4,0,1.00,0.5,0.5,0.0,0.0,0.0
2026-01-23 04:00:38,clusterA,2,4,4,0,1.00,0.5,0.5,0.0,0.0,0.0
2026-01-23 04:00:38,clusterB,2,4,4,0,1.00,0.5,0.5,0.0,0.0,0.0
2026-01-23 04:00:43,clusterA,2,4,4,0,1.00,0.5,0.5,0.0,0.0,0.0
2026-01-23 04:00:43,clusterB,2,4,4,0,1.00,0.5,0.5,0.0,0.0,0.0
2026-01-23 04:00:48,clusterA,2,4,4,0,1.00,0.5,0.5,0.0,0.0,0.0
2026-01-23 04:00:48,clusterB,2,4,0,4,0.00,0.5,0.5,0.0,0.0,0.0
2026-01-23 04:00:54,clusterA,0,4,4,0,1.00,0.5,0.5,0.0,0.0,0.0
2026-01-23 04:00:54,clusterB,0,4,3,1,0.75,0.5,0.5,0.0,0.0,0.0
2026-01-23 04:00:59,clusterA,0,4,4,0,1.00,0.5,0.5,0.0,0.0,0.0
2026-01-23 04:00:59,clusterB,0,4,3,1,0.75,0.5,0.5,0.0,0.0,0.0
2026-01-23 04:01:04,clusterA,0,4,4,0,1.00,0.5,0.5,0.0,0.0,0.0
2026-01-23 04:01:04,clusterB,0,4,3,1,0.75,0.5,0.5,0.0,0.0,0.0
2026-01-23 04:01:09,clusterA,0,4,4,0,1.00,0.5,0.5,0.0,0.0,0.0
2026-01-23 04:01:09,clusterB,0,4,3,1,0.75,0.5,0.5,0.0,0.0,0.0
2026-01-23 04:01:14,clusterA,0,4,4,0,1.00,0.5,0.5,0.0,0.0,0.0
2026-01-23 04:01:14,clusterB,0,4,3,1,0.75,0.5,0.5,0.0,0.0,0.0
2026-01-23 04:01:19,clusterA,0,4,4,0,1.00,0.5,0.5,0.0,0.0,0.0
2026-01-23 04:01:19,clusterB,0,4,3,1,0.75,0.5,0.5,0.0,0.0,0.0
2026-01-23 04:01:24,clusterA,0,4,4,0,1.00,0.5,0.5,0.0,0.0,0.0
2026-01-23 04:01:24,clusterB,0,4,3,1,0.75,0.5,0.5,0.0,0.0,0.0
2026-01-23 04:01:29,clusterA,0,4,4,0,1.00,0.5,0.5,0.0,0.0,0.0
2026-01-23 04:01:29,clusterB,0,4,3,1,0.75,0.5,0.5,0.0,0.0,0.0
2026-01-23 04:01:34,clusterA,0,4,4,0,1.00,0.5,0.5,0.0,0.0,0.0
2026-01-23 04:01:34,clusterB,0,4,3,1,0.75,0.5,0.5,0.0,0.0,0.0
2026-01-23 04:01:39,clusterA,0,4,4,0,1.00,0.5,0.5,0.0,0.0,0.0
2026-01-23 04:01:39,clusterB,0,4,3,1,0.75,0.5,0.5,0.0,0.0,0.0
2026-01-23 04:01:44,clusterA,0,4,4,0,1.00,0.5,0.5,0.0,0.0,0.0
2026-01-23 04:01:44,clusterB,0,4,3,1,0.75,0.5,0.5,0.0,0.0,0.0
2026-01-23 04:01:49,clusterA,0,4,4,0,1.00,0.5,0.5,0.0,0.0,0.0
2026-01-23 04:01:49,clusterB,0,4,3,1,0.75,0.5,0.5,0.0,0.0,0.0
2026-01-23 04:01:54,clusterA,0,4,4,0,1.00,0.5,0.5,0.0,0.0,0.0
2026-01-23 04:01:54,clusterB,0,4,3,1,0.75,0.5,0.5,0.0,0.0,0.0
2026-01-23 04:01:59,clusterA,0,4,4,0,1.00,0.5,0.5,0.0,0.0,0.0
2026-01-23 04:01:59,clusterB,0,4,3,1,0.75,0.5,0.5,0.0,0.0,0.0
2026-01-23 04:02:04,clusterA,0,4,4,0,1.00,0.5,0.5,0.0,0.0,0.0
2026-01-23 04:02:04,clusterB,0,4,3,1,0.75,0.5,0.5,0.0,0.0,0.0
2026-01-23 04:02:09,clusterA,0,4,4,0,1.00,0.5,0.5,0.0,0.0,0.0
2026-01-23 04:02:09,clusterB,0,4,3,1,0.75,0.5,0.5,0.0,0.0,0.0
2026-01-23 04:02:14,clusterA,0,4,4,0,1.00,0.5,0.5,0.0,0.0,0.0
2026-01-23 04:02:14,clusterB,0,4,3,1,0.75,0.5,0.5,0.0,0.0,0.0
2026-01-23 04:02:19,clusterA,0,4,4,0,1.00,0.5,0.5,0.0,0.0,0.0
2026-01-23 04:02:19,clusterB,0,4,3,1,0.75,0.5,0.5,0.0,0.0,0.0
2026-01-23 04:02:24,clusterA,0,4,4,0,1.00,0.5,0.5,0.0,0.0,0.0
2026-01-23 04:02:24,clusterB,0,4,3,1,0.75,0.5,0.5,0.0,0.0,0.0
2026-01-23 04:02:29,clusterA,0,4,4,0,1.00,0.5,0.5,0.0,0.0,0.0
2026-01-23 04:02:29,clusterB,0,4,3,1,0.75,0.5,0.5,0.0,0.0,0.0
2026-01-23 04:02:34,clusterA,0,4,4,0,1.00,0.5,0.5,0.0,0.0,0.0
2026-01-23 04:02:34,clusterB,0,4,3,1,0.75,0.5,0.5,0.0,0.0,0.0
2026-01-23 04:02:39,clusterA,0,4,4,0,1.00,0.5,0.5,0.0,0.0,0.0
2026-01-23 04:02:39,clusterB,0,4,3,1,0.75,0.5,0.5,0.0,0.0,0.0
2026-01-23 04:02:44,clusterA,0,4,4,0,1.00,0.5,0.5,0.0,0.0,0.0
2026-01-23 04:02:44,clusterB,0,4,3,1,0.75,0.5,0.5,0.0,0.0,0.0
2026-01-23 04:02:49,clusterA,0,4,4,0,1.00,0.5,0.5,0.0,0.0,0.0
2026-01-23 04:02:49,clusterB,0,4,3,1,0.75,0.5,0.5,0.0,0.0,0.0
2026-01-23 04:02:54,clusterA,0,4,4,0,1.00,0.5,0.5,0.0,0.0,0.0
2026-01-23 04:02:54,clusterB,0,4,3,1,0.75,0.5,0.5,0.0,0.0,0.0
2026-01-23 04:02:59,clusterA,0,4,4,0,1.00,0.5,0.5,0.0,0.0,0.0
2026-01-23 04:02:59,clusterB,0,4,3,1,0.75,0.5,0.5,0.0,0.0,0.0
2026-01-23 04:03:04,clusterA,0,4,4,0,1.00,0.5,0.5,0.0,0.0,0.0
2026-01-23 04:03:04,clusterB,0,4,3,1,0.75,0.5,0.5,0.0,0.0,0.0
2026-01-23 04:03:09,clusterA,0,4,4,0,1.00,0.5,0.5,0.0,0.0,0.0
2026-01-23 04:03:09,clusterB,0,4,3,1,0.75,0.5,0.5,0.0,0.0,0.0
2026-01-23 04:03:14,clusterA,0,4,4,0,1.00,0.5,0.5,0.0,0.0,0.0
2026-01-23 04:03:14,clusterB,0,4,3,1,0.75,0.5,0.5,0.0,0.0,0.0
2026-01-23 04:03:19,clusterA,0,4,4,0,1.00,0.5,0.5,0.0,0.0,0.0
2026-01-23 04:03:19,clusterB,0,4,3,1,0.75,0.5,0.5,0.0,0.0,0.0
2026-01-23 04:03:24,clusterA,0,4,4,0,1.00,0.5,0.5,0.0,0.0,0.0
2026-01-23 04:03:24,clusterB,0,4,3,1,0.75,0.5,0.5,0.0,0.0,0.0
2026-01-23 04:03:29,clusterA,0,4,4,0,1.00,0.5,0.5,0.0,0.0,0.0
2026-01-23 04:03:29,clusterB,0,4,3,1,0.75,0.5,0.5,0.0,0.0,0.0
2026-01-23 04:03:34,clusterA,0,4,4,0,1.00,0.5,0.5,0.0,0.0,0.0
2026-01-23 04:03:34,clusterB,0,4,3,1,0.75,0.5,0.5,0.0,0.0,0.0
2026-01-23 04:03:39,clusterA,0,4,4,0,1.00,0.5,0.5,0.0,0.0,0.0
2026-01-23 04:03:39,clusterB,0,4,3,1,0.75,0.5,0.5,0.0,0.0,0.0
2026-01-23 04:03:44,clusterA,0,4,4,0,1.00,0.5,0.5,0.0,0.0,0.0
2026-01-23 04:03:44,clusterB,0,4,3,1,0.75,0.5,0.5,0.0,0.0,0.0
2026-01-23 04:03:49,clusterA,0,4,4,0,1.00,0.5,0.5,0.0,0.0,0.0
2026-01-23 04:03:49,clusterB,0,4,3,1,0.75,0.5,0.5,0.0,0.0,0.0
2026-01-23 04:03:54,clusterA,0,4,4,0,1.00,0.5,0.5,0.0,0.0,0.0
2026-01-23 04:03:54,clusterB,0,4,3,1,0.75,0.5,0.5,0.0,0.0,0.0
2026-01-23 04:03:59,clusterA,0,4,4,0,1.00,0.5,0.5,0.0,0.0,0.0
2026-01-23 04:03:59,clusterB,0,4,3,1,0.75,0.5,0.5,0.0,0.0,0.0
2026-01-23 04:04:04,clusterA,0,4,4,0,1.00,0.5,0.5,0.0,0.0,0.0
2026-01-23 04:04:04,clusterB,0,4,3,1,0.75,0.5,0.5,0.0,0.0,0.0
2026-01-23 04:04:09,clusterA,0,4,4,0,1.00,0.5,0.5,0.0,0.0,0.0
2026-01-23 04:04:09,clusterB,0,4,3,1,0.75,0.5,0.5,0.0,0.0,0.0
2026-01-23 04:04:14,clusterA,0,4,4,0,1.00,0.5,0.5,0.0,0.0,0.0
2026-01-23 04:04:14,clusterB,0,4,3,1,0.75,0.5,0.5,0.0,0.0,0.0
2026-01-23 04:04:19,clusterA,0,4,4,0,1.00,0.5,0.5,0.0,0.0,0.0
2026-01-23 04:04:19,clusterB,0,4,3,1,0.75,0.5,0.5,0.0,0.0,0.0
2026-01-23 04:04:24,clusterA,0,4,4,0,1.00,0.5,0.5,0.0,0.0,0.0
2026-01-23 04:04:24,clusterB,0,4,3,1,0.75,0.5,0.5,0.0,0.0,0.0
2026-01-23 04:04:29,clusterA,0,4,4,0,1.00,0.5,0.5,0.0,0.0,0.0
2026-01-23 04:04:29,clusterB,0,4,3,1,0.75,0.5,0.5,0.0,0.0,0.0
2026-01-23 04:04:34,clusterA,0,4,4,0,1.00,0.5,0.5,0.0,0.0,0.0
2026-01-23 04:04:34,clusterB,0,4,3,1,0.75,0.5,0.5,0.0,0.0,0.0
2026-01-23 04:04:39,clusterA,0,4,4,0,1.00,0.5,0.5,0.0,0.0,0.0
2026-01-23 04:04:39,clusterB,0,4,3,1,0.75,0.5,0.5,0.0,0.0,0.0
2026-01-23 04:04:44,clusterA,0,4,4,0,1.00,0.5,0.5,0.0,0.0,0.0
2026-01-23 04:04:44,clusterB,0,4,3,1,0.75,0.5,0.5,0.0,0.0,0.0
2026-01-23 04:04:49,clusterA,0,4,4,0,1.00,0.5,0.5,0.0,0.0,0.0
2026-01-23 04:04:49,clusterB,0,4,3,1,0.75,0.5,0.5,0.0,0.0,0.0
2026-01-23 04:04:54,clusterA,0,4,4,0,1.00,0.5,0.5,0.0,0.0,0.0
2026-01-23 04:04:54,clusterB,0,4,3,1,0.75,0.5,0.5,0.0,0.0,0.0
2026-01-23 04:04:59,clusterA,0,4,4,0,1.00,0.5,0.5,0.0,0.0,0.0
2026-01-23 04:04:59,clusterB,0,4,3,1,0.75,0.5,0.5,0.0,0.0,0.0
2026-01-23 04:05:04,clusterA,0,4,4,0,1.00,0.5,0.5,0.0,0.0,0.0
2026-01-23 04:05:04,clusterB,0,4,3,1,0.75,0.5,0.5,0.0,0.0,0.0
2026-01-23 04:05:09,clusterA,0,4,4,0,1.00,0.5,0.5,0.0,0.0,0.0
2026-01-23 04:05:09,clusterB,0,4,3,1,0.75,0.5,0.5,0.0,0.0,0.0
2026-01-23 04:05:14,clusterA,0,4,4,0,1.00,0.5,0.5,0.0,0.0,0.0
2026-01-23 04:05:14,clusterB,0,4,3,1,0.75,0.5,0.5,0.0,0.0,0.0
2026-01-23 04:05:19,clusterA,0,4,4,0,1.00,0.5,0.5,0.0,0.0,0.0
2026-01-23 04:05:19,clusterB,0,4,3,1,0.75,0.5,0.5,0.0,0.0,0.0
2026-01-23 04:05:24,clusterA,0,4,4,0,1.00,0.5,0.5,0.0,0.0,0.0
2026-01-23 04:05:24,clusterB,0,4,3,1,0.75,0.5,0.5,0.0,0.0,0.0
2026-01-23 04:05:29,clusterA,0,4,4,0,1.00,0.5,0.5,0.0,0.0,0.0
2026-01-23 04:05:29,clusterB,0,4,3,1,0.75,0.5,0.5,0.0,0.0,0.0
2026-01-23 04:05:34,clusterA,0,4,4,0,1.00,0.5,0.5,0.0,0.0,0.0
2026-01-23 04:05:34,clusterB,0,4,3,1,0.75,0.5,0.5,0.0,0.0,0.0
2026-01-23 04:05:39,clusterA,0,4,4,0,1.00,0.5,0.5,0.0,0.0,0.0
2026-01-23 04:05:39,clusterB,0,4,3,1,0.75,0.5,0.5,0.0,0.0,0.0
2026-01-23 04:05:44,clusterA,0,4,4,0,1.00,0.5,0.5,0.0,0.0,0.0
2026-01-23 04:05:44,clusterB,0,4,3,1,0.75,0.5,0.5,0.0,0.0,0.0
2026-01-23 04:05:49,clusterA,0,4,4,0,1.00,0.5,0.5,0.0,0.0,0.0
2026-01-23 04:05:49,clusterB,0,4,3,1,0.75,0.5,0.5,0.0,0.0,0.0
2026-01-23 04:05:54,clusterA,0,4,4,0,1.00,0.5,0.5,0.0,0.0,0.0
2026-01-23 04:05:54,clusterB,0,4,3,1,0.75,0.5,0.5,0.0,0.0,0.0
2026-01-23 04:05:59,clusterA,0,4,4,0,1.00,0.5,0.5,0.0,0.0,0.0
2026-01-23 04:05:59,clusterB,0,4,3,1,0.75,0.5,0.5,0.0,0.0,0.0
2026-01-23 04:06:04,clusterA,0,4,4,0,1.00,0.5,0.5,0.0,0.0,0.0
2026-01-23 04:06:04,clusterB,0,4,3,1,0.75,0.5,0.5,0.0,0.0,0.0
2026-01-23 04:06:09,clusterA,0,4,4,0,1.00,0.5,0.5,0.0,0.0,0.0
2026-01-23 04:06:09,clusterB,0,4,3,1,0.75,0.5,0.5,0.0,0.0,0.0
2026-01-23 04:06:14,clusterA,0,4,4,0,1.00,0.5,0.5,0.0,0.0,0.0
2026-01-23 04:06:14,clusterB,0,4,3,1,0.75,0.5,0.5,0.0,0.0,0.0
2026-01-23 04:06:19,clusterA,0,4,4,0,1.00,0.5,0.5,0.0,0.0,0.0
2026-01-23 04:06:19,clusterB,0,4,3,1,0.75,0.5,0.5,0.0,0.0,0.0
2026-01-23 04:06:24,clusterA,0,4,4,0,1.00,0.5,0.5,0.0,0.0,0.0
2026-01-23 04:06:24,clusterB,0,4,3,1,0.75,0.5,0.5,0.0,0.0,0.0
2026-01-23 04:06:29,clusterA,0,4,4,0,1.00,0.5,0.5,0.0,0.0,0.0
2026-01-23 04:06:29,clusterB,0,4,3,1,0.75,0.5,0.5,0.0,0.0,0.0
2026-01-23 04:06:34,clusterA,0,4,4,0,1.00,0.5,0.5,0.0,0.0,0.0
2026-01-23 04:06:34,clusterB,0,4,3,1,0.75,0.5,0.5,0.0,0.0,0.0
2026-01-23 04:06:39,clusterA,0,4,4,0,1.00,0.5,0.5,0.0,0.0,0.0
2026-01-23 04:06:39,clusterB,0,4,3,1,0.75,0.5,0.5,0.0,0.0,0.0
2026-01-23 04:06:44,clusterA,0,4,4,0,1.00,0.5,0.5,0.0,0.0,0.0
2026-01-23 04:06:44,clusterB,0,4,3,1,0.75,0.5,0.5,0.0,0.0,0.0
2026-01-23 04:06:49,clusterA,0,4,4,0,1.00,0.5,0.5,0.0,0.0,0.0
2026-01-23 04:06:49,clusterB,0,4,3,1,0.75,0.5,0.5,0.0,0.0,0.0
2026-01-23 04:06:54,clusterA,0,4,4,0,1.00,0.5,0.5,0.0,0.0,0.0
2026-01-23 04:06:54,clusterB,0,4,3,1,0.75,0.5,0.5,0.0,0.0,0.0
2026-01-23 04:06:59,clusterA,0,4,4,0,1.00,0.5,0.5,0.0,0.0,0.0
2026-01-23 04:06:59,clusterB,0,4,3,1,0.75,0.5,0.5,0.0,0.0,0.0
2026-01-23 04:07:04,clusterA,0,4,4,0,1.00,0.5,0.5,0.0,0.0,0.0
2026-01-23 04:07:04,clusterB,0,4,3,1,0.75,0.5,0.5,0.0,0.0,0.0
2026-01-23 04:07:09,clusterA,0,4,4,0,1.00,0.5,0.5,0.0,0.0,0.0
2026-01-23 04:07:09,clusterB,0,4,3,1,0.75,0.5,0.5,0.0,0.0,0.0
2026-01-23 04:07:14,clusterA,0,4,4,0,1.00,0.5,0.5,0.0,0.0,0.0
2026-01-23 04:07:14,clusterB,0,4,3,1,0.75,0.5,0.5,0.0,0.0,0.0
2026-01-23 04:07:19,clusterA,0,4,4,0,1.00,0.5,0.5,0.0,0.0,0.0
2026-01-23 04:07:19,clusterB,0,4,3,1,0.75,0.5,0.5,0.0,0.0,0.0
2026-01-23 04:07:24,clusterA,0,4,4,0,1.00,0.5,0.5,0.0,0.0,0.0
2026-01-23 04:07:24,clusterB,0,4,3,1,0.75,0.5,0.5,0.0,0.0,0.0
2026-01-23 04:07:29,clusterA,0,4,4,0,1.00,0.5,0.5,0.0,0.0,0.0
2026-01-23 04:07:29,clusterB,0,4,3,1,0.75,0.5,0.5,0.0,0.0,0.0
2026-01-23 04:07:34,clusterA,0,4,4,0,1.00,0.5,0.5,0.0,0.0,0.0
2026-01-23 04:07:34,clusterB,0,4,3,1,0.75,0.5,0.5,0.0,0.0,0.0
2026-01-23 04:07:39,clusterA,0,4,4,0,1.00,0.5,0.5,0.0,0.0,0.0
2026-01-23 04:07:39,clusterB,0,4,3,1,0.75,0.5,0.5,0.0,0.0,0.0
2026-01-23 04:07:44,clusterA,0,4,4,0,1.00,0.5,0.5,0.0,0.0,0.0
2026-01-23 04:07:44,clusterB,0,4,3,1,0.75,0.5,0.5,0.0,0.0,0.0
2026-01-23 04:07:49,clusterA,0,4,4,0,1.00,0.5,0.5,0.0,0.0,0.0
2026-01-23 04:07:49,clusterB,0,4,3,1,0.75,0.5,0.5,0.0,0.0,0.0
2026-01-23 04:07:54,clusterA,0,4,4,0,1.00,0.5,0.5,0.0,0.0,0.0
2026-01-23 04:07:54,clusterB,0,4,3,1,0.75,0.5,0.5,0.0,0.0,0.0
2026-01-23 04:07:59,clusterA,0,4,4,0,1.00,0.5,0.5,0.0,0.0,0.0
2026-01-23 04:07:59,clusterB,0,4,3,1,0.75,0.5,0.5,0.0,0.0,0.0
2026-01-23 04:08:04,clusterA,0,4,4,0,1.00,0.5,0.5,0.0,0.0,0.0
2026-01-23 04:08:04,clusterB,0,4,3,1,0.75,0.5,0.5,0.0,0.0,0.0
2026-01-23 04:08:09,clusterA,0,4,4,0,1.00,0.5,0.5,0.0,0.0,0.0
2026-01-23 04:08:09,clusterB,0,4,3,1,0.75,0.5,0.5,0.0,0.0,0.0
2026-01-23 04:08:14,clusterA,0,4,4,0,1.00,0.5,0.5,0.0,0.0,0.0
2026-01-23 04:08:14,clusterB,0,4,3,1,0.75,0.5,0.5,0.0,0.0,0.0
2026-01-23 04:08:19,clusterA,0,4,4,0,1.00,0.5,0.5,0.0,0.0,0.0
2026-01-23 04:08:19,clusterB,0,4,3,1,0.75,0.5,0.5,0.0,0.0,0.0
2026-01-23 04:08:24,clusterA,0,4,4,0,1.00,0.5,0.5,0.0,0.0,0.0
2026-01-23 04:08:24,clusterB,0,4,3,1,0.75,0.5,0.5,0.0,0.0,0.0
2026-01-23 04:08:29,clusterA,0,4,4,0,1.00,0.5,0.5,0.0,0.0,0.0
2026-01-23 04:08:29,clusterB,0,4,3,1,0.75,0.5,0.5,0.0,0.0,0.0
2026-01-23 04:08:34,clusterA,0,4,4,0,1.00,0.5,0.5,0.0,0.0,0.0
2026-01-23 04:08:34,clusterB,0,4,3,1,0.75,0.5,0.5,0.0,0.0,0.0
2026-01-23 04:08:39,clusterA,0,4,4,0,1.00,0.5,0.5,0.0,0.0,0.0
2026-01-23 04:08:39,clusterB,0,4,3,1,0.75,0.5,0.5,0.0,0.0,0.0
2026-01-23 04:08:44,clusterA,0,4,4,0,1.00,0.5,0.5,0.0,0.0,0.0
2026-01-23 04:08:44,clusterB,0,4,3,1,0.75,0.5,0.5,0.0,0.0,0.0
2026-01-23 04:08:49,clusterA,0,4,4,0,1.00,0.5,0.5,0.0,0.0,0.0
2026-01-23 04:08:49,clusterB,0,4,3,1,0.75,0.5,0.5,0.0,0.0,0.0
2026-01-23 04:08:54,clusterA,0,4,4,0,1.00,0.5,0.5,0.0,0.0,0.0
2026-01-23 04:08:54,clusterB,0,4,3,1,0.75,0.5,0.5,0.0,0.0,0.0
2026-01-23 04:08:59,clusterA,0,4,4,0,1.00,0.5,0.5,0.0,0.0,0.0
2026-01-23 04:08:59,clusterB,0,4,3,1,0.75,0.5,0.5,0.0,0.0,0.0
2026-01-23 04:09:04,clusterA,0,4,4,0,1.00,0.5,0.5,0.0,0.0,0.0
2026-01-23 04:09:04,clusterB,0,4,3,1,0.75,0.5,0.5,0.0,0.0,0.0
2026-01-23 04:09:09,clusterA,0,4,4,0,1.00,0.5,0.5,0.0,0.0,0.0
2026-01-23 04:09:09,clusterB,0,4,3,1,0.75,0.5,0.5,0.0,0.0,0.0
2026-01-23 04:09:14,clusterA,0,4,4,0,1.00,0.5,0.5,0.0,0.0,0.0
2026-01-23 04:09:14,clusterB,0,4,3,1,0.75,0.5,0.5,0.0,0.0,0.0
2026-01-23 04:09:19,clusterA,0,4,4,0,1.00,0.5,0.5,0.0,0.0,0.0
2026-01-23 04:09:19,clusterB,0,4,3,1,0.75,0.5,0.5,0.0,0.0,0.0
2026-01-23 04:09:24,clusterA,0,4,4,0,1.00,0.5,0.5,0.0,0.0,0.0
2026-01-23 04:09:24,clusterB,0,4,3,1,0.75,0.5,0.5,0.0,0.0,0.0
2026-01-23 04:09:29,clusterA,0,4,4,0,1.00,0.5,0.5,0.0,0.0,0.0
2026-01-23 04:09:29,clusterB,0,4,3,1,0.75,0.5,0.5,0.0,0.0,0.0
2026-01-23 04:09:34,clusterA,0,4,4,0,1.00,0.5,0.5,0.0,0.0,0.0
2026-01-23 04:09:34,clusterB,0,4,3,1,0.75,0.5,0.5,0.0,0.0,0.0
2026-01-23 04:09:39,clusterA,0,4,4,0,1.00,0.5,0.5,0.0,0.0,0.0
2026-01-23 04:09:39,clusterB,0,4,3,1,0.75,0.5,0.5,0.0,0.0,0.0
2026-01-23 04:09:44,clusterA,0,4,4,0,1.00,0.5,0.5,0.0,0.0,0.0
2026-01-23 04:09:44,clusterB,0,4,3,1,0.75,0.5,0.5,0.0,0.0,0.0
2026-01-23 04:09:49,clusterA,0,4,4,0,1.00,0.5,0.5,0.0,0.0,0.0
2026-01-23 04:09:49,clusterB,0,4,3,1,0.75,0.5,0.5,0.0,0.0,0.0
2026-01-23 04:09:54,clusterA,0,4,4,0,1.00,0.5,0.5,0.0,0.0,0.0
2026-01-23 04:09:54,clusterB,0,4,3,1,0.75,0.5,0.5,0.0,0.0,0.0
2026-01-23 04:09:59,clusterA,0,4,4,0,1.00,0.5,0.5,0.0,0.0,0.0
2026-01-23 04:09:59,clusterB,0,4,3,1,0.75,0.5,0.5,0.0,0.0,0.0
2026-01-23 04:10:04,clusterA,0,4,4,0,1.00,0.5,0.5,0.0,0.0,0.0
2026-01-23 04:10:04,clusterB,0,4,3,1,0.75,0.5,0.5,0.0,0.0,0.0
2026-01-23 04:10:09,clusterA,0,4,4,0,1.00,0.5,0.5,0.0,0.0,0.0
2026-01-23 04:10:09,clusterB,0,4,3,1,0.75,0.5,0.5,0.0,0.0,0.0
2026-01-23 04:10:14,clusterA,0,4,4,0,1.00,0.5,0.5,0.0,0.0,0.0
2026-01-23 04:10:14,clusterB,0,4,3,1,0.75,0.5,0.5,0.0,0.0,0.0
2026-01-23 04:10:19,clusterA,0,4,4,0,1.00,0.5,0.5,0.0,0.0,0.0
2026-01-23 04:10:19,clusterB,0,4,3,1,0.75,0.5,0.5,0.0,0.0,0.0
2026-01-23 04:10:24,clusterA,0,4,4,0,1.00,0.5,0.5,0.0,0.0,0.0
2026-01-23 04:10:24,clusterB,0,4,3,1,0.75,0.5,0.5,0.0,0.0,0.0
2026-01-23 04:10:29,clusterA,0,4,4,0,1.00,0.5,0.5,0.0,0.0,0.0
2026-01-23 04:10:29,clusterB,0,4,3,1,0.75,0.5,0.5,0.0,0.0,0.0
2026-01-23 04:10:34,clusterA,0,4,4,0,1.00,0.5,0.5,0.0,0.0,0.0
2026-01-23 04:10:34,clusterB,0,4,3,1,0.75,0.5,0.5,0.0,0.0,0.0
2026-01-23 04:10:39,clusterA,0,4,4,0,1.00,0.5,0.5,0.0,0.0,0.0
2026-01-23 04:10:39,clusterB,0,4,3,1,0.75,0.5,0.5,0.0,0.0,0.0
2026-01-23 04:10:44,clusterA,1,4,4,0,1.00,0.5,0.5,0.0,0.0,0.0
2026-01-23 04:10:44,clusterB,1,4,3,1,0.75,0.5,0.5,0.0,0.0,0.0
2026-01-23 04:10:49,clusterA,0,4,4,0,1.00,0.5,0.5,0.0,0.0,0.0
2026-01-23 04:10:49,clusterB,0,4,4,0,1.00,0.5,0.5,0.0,0.0,0.0
2026-01-23 04:10:54,clusterA,0,4,4,0,1.00,0.5,0.5,0.0,0.0,0.0
2026-01-23 04:10:54,clusterB,0,4,4,0,1.00,0.5,0.5,0.0,0.0,0.0
2026-01-23 04:10:59,clusterA,0,4,4,0,1.00,0.5,0.5,0.0,0.0,0.0
2026-01-23 04:10:59,clusterB,0,4,4,0,1.00,0.5,0.5,0.0,0.0,0.0
2026-01-23 04:11:04,clusterA,0,4,4,0,1.00,0.5,0.5,0.0,0.0,0.0
2026-01-23 04:11:04,clusterB,0,4,4,0,1.00,0.5,0.5,0.0,0.0,0.0
2026-01-23 04:11:09,clusterA,0,4,4,0,1.00,0.5,0.5,0.0,0.0,0.0
2026-01-23 04:11:09,clusterB,0,4,4,0,1.00,0.5,0.5,0.0,0.0,0.0
2026-01-23 04:11:14,clusterA,0,4,4,0,1.00,0.5,0.5,0.0,0.0,0.0
2026-01-23 04:11:14,clusterB,0,4,4,0,1.00,0.5,0.5,0.0,0.0,0.0
2026-01-23 04:11:19,clusterA,0,4,4,0,1.00,0.5,0.5,0.0,0.0,0.0
2026-01-23 04:11:19,clusterB,0,4,4,0,1.00,0.5,0.5,0.0,0.0,0.0
2026-01-23 04:11:24,clusterA,0,4,4,0,1.00,0.5,0.5,0.0,0.0,0.0
2026-01-23 04:11:24,clusterB,0,4,4,0,1.00,0.5,0.5,0.0,0.0,0.0
2026-01-23 04:11:29,clusterA,0,4,4,0,1.00,0.5,0.5,0.0,0.0,0.0
2026-01-23 04:11:29,clusterB,0,4,4,0,1.00,0.5,0.5,0.0,0.0,0.0
2026-01-23 04:11:34,clusterA,0,4,4,0,1.00,0.5,0.5,0.0,0.0,0.0
2026-01-23 04:11:34,clusterB,0,4,4,0,1.00,0.5,0.5,0.0,0.0,0.0
2026-01-23 04:11:39,clusterA,0,4,4,0,1.00,0.5,0.5,0.0,0.0,0.0
2026-01-23 04:11:39,clusterB,0,4,4,0,1.00,0.5,0.5,0.0,0.0,0.0
2026-01-23 04:11:44,clusterA,0,4,4,0,1.00,0.5,0.5,0.0,0.0,0.0
2026-01-23 04:11:44,clusterB,0,4,4,0,1.00,0.5,0.5,0.0,0.0,0.0
2026-01-23 04:11:49,clusterA,0,4,4,0,1.00,0.5,0.5,0.0,0.0,0.0
2026-01-23 04:11:49,clusterB,0,4,4,0,1.00,0.5,0.5,0.0,0.0,0.0
2026-01-23 04:11:54,clusterA,0,4,4,0,1.00,0.5,0.5,0.0,0.0,0.0
2026-01-23 04:11:54,clusterB,0,4,4,0,1.00,0.5,0.5,0.0,0.0,0.0
2026-01-23 04:11:59,clusterA,0,4,4,0,1.00,0.5,0.5,0.0,0.0,0.0
2026-01-23 04:11:59,clusterB,0,4,4,0,1.00,0.5,0.5,0.0,0.0,0.0
2026-01-23 04:12:04,clusterA,0,4,4,0,1.00,0.5,0.5,0.0,0.0,0.0
2026-01-23 04:12:04,clusterB,0,4,4,0,1.00,0.5,0.5,0.0,0.0,0.0
2026-01-23 04:12:09,clusterA,0,4,4,0,1.00,0.5,0.5,0.0,0.0,0.0
2026-01-23 04:12:09,clusterB,0,4,4,0,1.00,0.5,0.5,0.0,0.0,0.0
2026-01-23 04:12:14,clusterA,0,4,4,0,1.00,0.5,0.5,0.0,0.0,0.0
2026-01-23 04:12:14,clusterB,0,4,4,0,1.00,0.5,0.5,0.0,0.0,0.0
2026-01-23 04:12:19,clusterA,0,4,4,0,1.00,0.5,0.5,0.0,0.0,0.0
2026-01-23 04:12:19,clusterB,0,4,4,0,1.00,0.5,0.5,0.0,0.0,0.0
2026-01-23 04:12:24,clusterA,0,4,4,0,1.00,0.5,0.5,0.0,0.0,0.0
2026-01-23 04:12:24,clusterB,0,4,4,0,1.00,0.5,0.5,0.0,0.0,0.0
2026-01-23 04:12:29,clusterA,0,4,4,0,1.00,0.5,0.5,0.0,0.0,0.0
2026-01-23 04:12:29,clusterB,0,4,4,0,1.00,0.5,0.5,0.0,0.0,0.0
2026-01-23 04:12:34,clusterA,0,4,4,0,1.00,0.5,0.5,0.0,0.0,0.0
2026-01-23 04:12:34,clusterB,0,4,4,0,1.00,0.5,0.5,0.0,0.0,0.0
2026-01-23 04:12:39,clusterA,0,4,4,0,1.00,0.5,0.5,0.0,0.0,0.0
2026-01-23 04:12:39,clusterB,0,4,4,0,1.00,0.5,0.5,0.0,0.0,0.0
2026-01-23 04:12:44,clusterA,0,4,4,0,1.00,0.5,0.5,0.0,0.0,0.0
2026-01-23 04:12:44,clusterB,0,4,4,0,1.00,0.5,0.5,0.0,0.0,0.0
2026-01-23 04:12:49,clusterA,0,4,4,0,1.00,0.5,0.5,0.0,0.0,0.0
2026-01-23 04:12:49,clusterB,0,4,4,0,1.00,0.5,0.5,0.0,0.0,0.0
2026-01-23 04:12:54,clusterA,0,4,4,0,1.00,0.5,0.5,0.0,0.0,0.0
2026-01-23 04:12:54,clusterB,0,4,4,0,1.00,0.5,0.5,0.0,0.0,0.0
2026-01-23 04:12:59,clusterA,0,4,4,0,1.00,0.5,0.5,0.0,0.0,0.0
2026-01-23 04:12:59,clusterB,0,4,4,0,1.00,0.5,0.5,0.0,0.0,0.0
2026-01-23 04:13:04,clusterA,0,4,4,0,1.00,0.5,0.5,0.0,0.0,0.0
2026-01-23 04:13:04,clusterB,0,4,4,0,1.00,0.5,0.5,0.0,0.0,0.0
2026-01-23 04:13:09,clusterA,0,4,4,0,1.00,0.5,0.5,0.0,0.0,0.0
2026-01-23 04:13:09,clusterB,0,4,4,0,1.00,0.5,0.5,0.0,0.0,0.0
2026-01-23 04:13:14,clusterA,0,4,4,0,1.00,0.5,0.5,0.0,0.0,0.0
2026-01-23 04:13:14,clusterB,0,4,4,0,1.00,0.5,0.5,0.0,0.0,0.0
2026-01-23 04:13:19,clusterA,0,4,4,0,1.00,0.5,0.5,0.0,0.0,0.0
2026-01-23 04:13:19,clusterB,0,4,4,0,1.00,0.5,0.5,0.0,0.0,0.0
2026-01-23 04:13:24,clusterA,0,4,3,1,0.75,0.5,0.5,0.0,0.0,0.0
2026-01-23 04:13:24,clusterB,0,4,4,0,1.00,0.5,0.5,0.0,0.0,0.0
2026-01-23 04:13:29,clusterA,0,4,3,1,0.75,0.5,0.5,0.0,0.0,0.0
2026-01-23 04:13:29,clusterB,0,4,4,0,1.00,0.5,0.5,0.0,0.0,0.0
2026-01-23 04:13:34,clusterA,0,4,3,1,0.75,0.5,0.5,0.0,0.0,0.0
2026-01-23 04:13:34,clusterB,0,4,2,2,0.50,0.5,0.5,0.0,0.0,0.0
2026-01-23 04:13:39,clusterA,0,4,3,1,0.75,0.5,0.5,0.0,0.0,0.0
2026-01-23 04:13:39,clusterB,0,4,2,2,0.50,0.5,0.5,0.0,0.0,0.0
2026-01-23 04:13:44,clusterA,0,4,3,1,0.75,0.5,0.5,0.0,0.0,0.0
2026-01-23 04:13:44,clusterB,0,4,2,2,0.50,0.5,0.5,0.0,0.0,0.0
2026-01-23 04:13:49,clusterA,0,4,3,1,0.75,0.5,0.5,0.0,0.0,0.0
2026-01-23 04:13:49,clusterB,0,4,2,2,0.50,0.5,0.5,0.0,0.0,0.0
2026-01-23 04:13:54,clusterA,0,4,3,1,0.75,0.5,0.5,0.0,0.0,0.0
2026-01-23 04:13:54,clusterB,0,4,2,2,0.50,0.5,0.5,0.0,0.0,0.0
2026-01-23 04:13:59,clusterA,0,4,3,1,0.75,0.5,0.5,0.0,0.0,0.0
2026-01-23 04:13:59,clusterB,0,4,2,2,0.50,0.5,0.5,0.0,0.0,0.0
2026-01-23 04:14:04,clusterA,0,4,3,1,0.75,0.5,0.5,0.0,0.0,0.0
2026-01-23 04:14:04,clusterB,0,4,2,2,0.50,0.5,0.5,0.0,0.0,0.0
2026-01-23 04:14:09,clusterA,0,4,3,1,0.75,0.5,0.5,0.0,0.0,0.0
2026-01-23 04:14:09,clusterB,0,4,2,2,0.50,0.5,0.5,0.0,0.0,0.0
2026-01-23 04:14:14,clusterA,0,4,3,1,0.75,0.5,0.5,0.0,0.0,0.0
2026-01-23 04:14:14,clusterB,0,4,2,2,0.50,0.5,0.5,0.0,0.0,0.0
2026-01-23 04:14:19,clusterA,0,4,3,1,0.75,0.5,0.5,0.0,0.0,0.0
2026-01-23 04:14:19,clusterB,0,4,2,2,0.50,0.5,0.5,0.0,0.0,0.0
2026-01-23 04:14:24,clusterA,0,4,3,1,0.75,0.5,0.5,0.0,0.0,0.0
2026-01-23 04:14:24,clusterB,0,4,2,2,0.50,0.5,0.5,0.0,0.0,0.0
2026-01-23 04:14:29,clusterA,0,4,3,1,0.75,0.5,0.5,0.0,0.0,0.0
2026-01-23 04:14:29,clusterB,0,4,2,2,0.50,0.5,0.5,0.0,0.0,0.0
2026-01-23 04:14:34,clusterA,0,4,3,1,0.75,0.5,0.5,0.0,0.0,0.0
2026-01-23 04:14:34,clusterB,0,4,2,2,0.50,0.5,0.5,0.0,0.0,0.0
2026-01-23 04:14:39,clusterA,0,4,3,1,0.75,0.5,0.5,0.0,0.0,0.0
2026-01-23 04:14:39,clusterB,0,4,2,2,0.50,0.5,0.5,0.0,0.0,0.0
2026-01-23 04:14:44,clusterA,0,4,3,1,0.75,0.5,0.5,0.0,0.0,0.0
2026-01-23 04:14:44,clusterB,0,4,2,2,0.50,0.5,0.5,0.0,0.0,0.0
2026-01-23 04:14:49,clusterA,0,4,3,1,0.75,0.5,0.5,0.0,0.0,0.0
2026-01-23 04:14:49,clusterB,0,4,2,2,0.50,0.5,0.5,0.0,0.0,0.0
2026-01-23 04:14:54,clusterA,0,4,3,1,0.75,0.5,0.5,0.0,0.0,0.0
2026-01-23 04:14:54,clusterB,0,4,2,2,0.50,0.5,0.5,0.0,0.0,0.0
2026-01-23 04:14:59,clusterA,0,4,3,1,0.75,0.5,0.5,0.0,0.0,0.0
2026-01-23 04:14:59,clusterB,0,4,2,2,0.50,0.5,0.5,0.0,0.0,0.0
2026-01-23 04:15:04,clusterA,0,4,3,1,0.75,0.5,0.5,0.0,0.0,0.0
2026-01-23 04:15:04,clusterB,0,4,2,2,0.50,0.5,0.5,0.0,0.0,0.0
2026-01-23 04:15:09,clusterA,0,4,3,1,0.75,0.5,0.5,0.0,0.0,0.0
2026-01-23 04:15:09,clusterB,0,4,2,2,0.50,0.5,0.5,0.0,0.0,0.0
2026-01-23 04:15:14,clusterA,0,4,3,1,0.75,0.5,0.5,0.0,0.0,0.0
2026-01-23 04:15:14,clusterB,0,4,2,2,0.50,0.5,0.5,0.0,0.0,0.0
2026-01-23 04:15:19,clusterA,0,4,3,1,0.75,0.5,0.5,0.0,0.0,0.0
2026-01-23 04:15:19,clusterB,0,4,2,2,0.50,0.5,0.5,0.0,0.0,0.0
2026-01-23 04:15:24,clusterA,0,4,3,1,0.75,0.5,0.5,0.0,0.0,0.0
2026-01-23 04:15:24,clusterB,0,4,2,2,0.50,0.5,0.5,0.0,0.0,0.0
2026-01-23 04:15:29,clusterA,0,4,3,1,0.75,0.5,0.5,0.0,0.0,0.0
2026-01-23 04:15:29,clusterB,0,4,2,2,0.50,0.5,0.5,0.0,0.0,0.0
2026-01-23 04:15:34,clusterA,0,4,3,1,0.75,0.5,0.5,0.0,0.0,0.0
2026-01-23 04:15:34,clusterB,0,4,2,2,0.50,0.5,0.5,0.0,0.0,0.0
2026-01-23 04:15:39,clusterA,0,4,3,1,0.75,0.5,0.5,0.0,0.0,0.0
2026-01-23 04:15:39,clusterB,0,4,2,2,0.50,0.5,0.5,0.0,0.0,0.0
2026-01-23 04:15:44,clusterA,0,4,3,1,0.75,0.5,0.5,0.0,0.0,0.0
2026-01-23 04:15:44,clusterB,0,4,2,2,0.50,0.5,0.5,0.0,0.0,0.0
2026-01-23 04:15:49,clusterA,0,4,3,1,0.75,0.5,0.5,0.0,0.0,0.0
2026-01-23 04:15:49,clusterB,0,4,2,2,0.50,0.5,0.5,0.0,0.0,0.0
2026-01-23 04:15:54,clusterA,0,4,3,1,0.75,0.5,0.5,0.0,0.0,0.0
2026-01-23 04:15:54,clusterB,0,4,2,2,0.50,0.5,0.5,0.0,0.0,0.0
2026-01-23 04:15:59,clusterA,0,4,3,1,0.75,0.5,0.5,0.0,0.0,0.0
2026-01-23 04:15:59,clusterB,0,4,2,2,0.50,0.5,0.5,0.0,0.0,0.0
2026-01-23 04:16:04,clusterA,0,4,3,1,0.75,0.5,0.5,0.0,0.0,0.0
2026-01-23 04:16:04,clusterB,0,4,2,2,0.50,0.5,0.5,0.0,0.0,0.0
2026-01-23 04:16:09,clusterA,0,4,3,1,0.75,0.5,0.5,0.0,0.0,0.0
2026-01-23 04:16:09,clusterB,0,4,2,2,0.50,0.5,0.5,0.0,0.0,0.0
2026-01-23 04:16:14,clusterA,0,4,3,1,0.75,0.5,0.5,0.0,0.0,0.0
2026-01-23 04:16:14,clusterB,0,4,2,2,0.50,0.5,0.5,0.0,0.0,0.0
2026-01-23 04:16:19,clusterA,0,4,3,1,0.75,0.5,0.5,0.0,0.0,0.0
2026-01-23 04:16:19,clusterB,0,4,2,2,0.50,0.5,0.5,0.0,0.0,0.0
2026-01-23 04:16:24,clusterA,0,4,3,1,0.75,0.5,0.5,0.0,0.0,0.0
2026-01-23 04:16:24,clusterB,0,4,2,2,0.50,0.5,0.5,0.0,0.0,0.0
2026-01-23 04:16:29,clusterA,0,4,3,1,0.75,0.5,0.5,0.0,0.0,0.0
2026-01-23 04:16:29,clusterB,0,4,2,2,0.50,0.5,0.5,0.0,0.0,0.0
2026-01-23 04:16:34,clusterA,0,4,3,1,0.75,0.5,0.5,0.0,0.0,0.0
2026-01-23 04:16:34,clusterB,0,4,2,2,0.50,0.5,0.5,0.0,0.0,0.0
2026-01-23 04:16:39,clusterA,0,4,3,1,0.75,0.5,0.5,0.0,0.0,0.0
2026-01-23 04:16:39,clusterB,0,4,2,2,0.50,0.5,0.5,0.0,0.0,0.0
2026-01-23 04:16:44,clusterA,0,4,2,2,0.50,0.5,0.5,0.0,0.0,0.0
2026-01-23 04:16:44,clusterB,0,4,2,2,0.50,0.5,0.5,0.0,0.0,0.0
2026-01-23 04:16:49,clusterA,0,4,2,2,0.50,0.5,0.5,0.0,0.0,0.0
2026-01-23 04:16:49,clusterB,0,4,2,2,0.50,0.5,0.5,0.0,0.0,0.0
2026-01-23 04:16:54,clusterA,0,4,2,2,0.50,0.5,0.5,0.0,0.0,0.0
2026-01-23 04:16:54,clusterB,0,4,2,2,0.50,0.5,0.5,0.0,0.0,0.0
2026-01-23 04:16:59,clusterA,0,4,2,2,0.50,0.5,0.5,0.0,0.0,0.0
2026-01-23 04:16:59,clusterB,0,4,2,2,0.50,0.5,0.5,0.0,0.0,0.0
2026-01-23 04:17:04,clusterA,0,4,2,2,0.50,0.5,0.5,0.0,0.0,0.0
2026-01-23 04:17:04,clusterB,0,4,2,2,0.50,0.5,0.5,0.0,0.0,0.0
2026-01-23 04:17:09,clusterA,0,4,2,2,0.50,0.5,0.5,0.0,0.0,0.0
2026-01-23 04:17:09,clusterB,0,4,2,2,0.50,0.5,0.5,0.0,0.0,0.0
2026-01-23 04:17:14,clusterA,0,4,2,2,0.50,0.5,0.5,0.0,0.0,0.0
2026-01-23 04:17:14,clusterB,0,4,2,2,0.50,0.5,0.5,0.0,0.0,0.0
2026-01-23 04:17:19,clusterA,0,4,2,2,0.50,0.5,0.5,0.0,0.0,0.0
2026-01-23 04:17:19,clusterB,0,4,2,2,0.50,0.5,0.5,0.0,0.0,0.0
2026-01-23 04:17:24,clusterA,0,4,2,2,0.50,0.5,0.5,0.0,0.0,0.0
2026-01-23 04:17:24,clusterB,0,4,2,2,0.50,0.5,0.5,0.0,0.0,0.0
2026-01-23 04:17:29,clusterA,0,4,2,2,0.50,0.5,0.5,0.0,0.0,0.0
2026-01-23 04:17:29,clusterB,0,4,2,2,0.50,0.5,0.5,0.0,0.0,0.0
2026-01-23 04:17:34,clusterA,0,4,2,2,0.50,0.5,0.5,0.0,0.0,0.0
2026-01-23 04:17:34,clusterB,0,4,2,2,0.50,0.5,0.5,0.0,0.0,0.0
2026-01-23 04:17:39,clusterA,0,4,2,2,0.50,0.5,0.5,0.0,0.0,0.0
2026-01-23 04:17:39,clusterB,0,4,2,2,0.50,0.5,0.5,0.0,0.0,0.0
2026-01-23 04:17:44,clusterA,0,4,2,2,0.50,0.5,0.5,0.0,0.0,0.0
2026-01-23 04:17:44,clusterB,0,4,2,2,0.50,0.5,0.5,0.0,0.0,0.0
2026-01-23 04:17:49,clusterA,0,4,2,2,0.50,0.5,0.5,0.0,0.0,0.0
2026-01-23 04:17:49,clusterB,0,4,2,2,0.50,0.5,0.5,0.0,0.0,0.0
2026-01-23 04:17:54,clusterA,0,4,2,2,0.50,0.5,0.5,0.0,0.0,0.0
2026-01-23 04:17:54,clusterB,0,4,2,2,0.50,0.5,0.5,0.0,0.0,0.0
2026-01-23 04:17:59,clusterA,0,4,2,2,0.50,0.5,0.5,0.0,0.0,0.0
2026-01-23 04:17:59,clusterB,0,4,2,2,0.50,0.5,0.5,0.0,0.0,0.0
2026-01-23 04:18:04,clusterA,0,4,2,2,0.50,0.5,0.5,0.0,0.0,0.0
2026-01-23 04:18:04,clusterB,0,4,2,2,0.50,0.5,0.5,0.0,0.0,0.0
2026-01-23 04:18:09,clusterA,0,4,2,2,0.50,0.5,0.5,0.0,0.0,0.0
2026-01-23 04:18:09,clusterB,0,4,2,2,0.50,0.5,0.5,0.0,0.0,0.0
2026-01-23 04:18:14,clusterA,0,4,2,2,0.50,0.5,0.5,0.0,0.0,0.0
2026-01-23 04:18:14,clusterB,0,4,2,2,0.50,0.5,0.5,0.0,0.0,0.0
2026-01-23 04:18:19,clusterA,0,4,2,2,0.50,0.5,0.5,0.0,0.0,0.0
2026-01-23 04:18:19,clusterB,0,4,2,2,0.50,0.5,0.5,0.0,0.0,0.0
2026-01-23 04:18:24,clusterA,0,4,2,2,0.50,0.5,0.5,0.0,0.0,0.0
2026-01-23 04:18:24,clusterB,0,4,2,2,0.50,0.5,0.5,0.0,0.0,0.0
2026-01-23 04:18:29,clusterA,0,4,2,2,0.50,0.5,0.5,0.0,0.0,0.0
2026-01-23 04:18:29,clusterB,0,4,2,2,0.50,0.5,0.5,0.0,0.0,0.0
2026-01-23 04:18:34,clusterA,0,4,2,2,0.50,0.5,0.5,0.0,0.0,0.0
2026-01-23 04:18:34,clusterB,0,4,2,2,0.50,0.5,0.5,0.0,0.0,0.0
2026-01-23 04:18:39,clusterA,0,4,2,2,0.50,0.5,0.5,0.0,0.0,0.0
2026-01-23 04:18:39,clusterB,0,4,2,2,0.50,0.5,0.5,0.0,0.0,0.0
2026-01-23 04:18:44,clusterA,0,4,2,2,0.50,0.5,0.5,0.0,0.0,0.0
2026-01-23 04:18:44,clusterB,0,4,2,2,0.50,0.5,0.5,0.0,0.0,0.0
2026-01-23 04:18:49,clusterA,0,4,2,2,0.50,0.5,0.5,0.0,0.0,0.0
2026-01-23 04:18:49,clusterB,0,4,2,2,0.50,0.5,0.5,0.0,0.0,0.0
2026-01-23 04:18:54,clusterA,0,4,2,2,0.50,0.5,0.5,0.0,0.0,0.0
2026-01-23 04:18:54,clusterB,0,4,2,2,0.50,0.5,0.5,0.0,0.0,0.0
2026-01-23 04:18:59,clusterA,0,4,2,2,0.50,0.5,0.5,0.0,0.0,0.0
2026-01-23 04:18:59,clusterB,0,4,2,2,0.50,0.5,0.5,0.0,0.0,0.0
2026-01-23 04:19:04,clusterA,0,4,2,2,0.50,0.5,0.5,0.0,0.0,0.0
2026-01-23 04:19:04,clusterB,0,4,2,2,0.50,0.5,0.5,0.0,0.0,0.0
2026-01-23 04:19:09,clusterA,0,4,2,2,0.50,0.5,0.5,0.0,0.0,0.0
2026-01-23 04:19:09,clusterB,0,4,2,2,0.50,0.5,0.5,0.0,0.0,0.0
2026-01-23 04:19:14,clusterA,0,4,2,2,0.50,0.5,0.5,0.0,0.0,0.0
2026-01-23 04:19:14,clusterB,0,4,2,2,0.50,0.5,0.5,0.0,0.0,0.0
2026-01-23 04:19:19,clusterA,0,4,2,2,0.50,0.5,0.5,0.0,0.0,0.0
2026-01-23 04:19:19,clusterB,0,4,2,2,0.50,0.5,0.5,0.0,0.0,0.0
2026-01-23 04:19:25,clusterA,0,4,2,2,0.50,0.5,0.5,0.0,0.0,0.0
2026-01-23 04:19:25,clusterB,0,4,2,2,0.50,0.5,0.5,0.0,0.0,0.0
2026-01-23 04:19:30,clusterA,0,4,2,2,0.50,0.5,0.5,0.0,0.0,0.0
2026-01-23 04:19:30,clusterB,0,4,2,2,0.50,0.5,0.5,0.0,0.0,0.0
2026-01-23 04:19:35,clusterA,0,4,2,2,0.50,0.5,0.5,0.0,0.0,0.0
2026-01-23 04:19:35,clusterB,0,4,2,2,0.50,0.5,0.5,0.0,0.0,0.0
2026-01-23 04:19:40,clusterA,0,4,2,2,0.50,0.5,0.5,0.0,0.0,0.0
2026-01-23 04:19:40,clusterB,0,4,2,2,0.50,0.5,0.5,0.0,0.0,0.0
2026-01-23 04:19:45,clusterA,0,4,2,2,0.50,0.5,0.5,0.0,0.0,0.0
2026-01-23 04:19:45,clusterB,0,4,2,2,0.50,0.5,0.5,0.0,0.0,0.0
2026-01-23 04:19:50,clusterA,0,4,2,2,0.50,0.5,0.5,0.0,0.0,0.0
2026-01-23 04:19:50,clusterB,0,4,2,2,0.50,0.5,0.5,0.0,0.0,0.0
2026-01-23 04:19:55,clusterA,0,4,2,2,0.50,0.5,0.5,0.0,0.0,0.0
2026-01-23 04:19:55,clusterB,0,4,2,2,0.50,0.5,0.5,0.0,0.0,0.0
2026-01-23 04:20:00,clusterA,0,4,2,2,0.50,0.5,0.5,0.0,0.0,0.0
2026-01-23 04:20:00,clusterB,0,4,2,2,0.50,0.5,0.5,0.0,0.0,0.0
2026-01-23 04:20:05,clusterA,0,4,2,2,0.50,0.5,0.5,0.0,0.0,0.0
2026-01-23 04:20:05,clusterB,0,4,2,2,0.50,0.5,0.5,0.0,0.0,0.0
2026-01-23 04:20:10,clusterA,0,4,2,2,0.50,0.5,0.5,0.0,0.0,0.0
2026-01-23 04:20:10,clusterB,0,4,2,2,0.50,0.5,0.5,0.0,0.0,0.0
2026-01-23 04:20:15,clusterA,0,4,2,2,0.50,0.5,0.5,0.0,0.0,0.0
2026-01-23 04:20:15,clusterB,0,4,2,2,0.50,0.5,0.5,0.0,0.0,0.0
2026-01-23 04:20:20,clusterA,0,4,2,2,0.50,0.5,0.5,0.0,0.0,0.0
2026-01-23 04:20:20,clusterB,0,4,2,2,0.50,0.5,0.5,0.0,0.0,0.0
2026-01-23 04:20:25,clusterA,0,4,2,2,0.50,0.5,0.5,0.0,0.0,0.0
2026-01-23 04:20:25,clusterB,0,4,2,2,0.50,0.5,0.5,0.0,0.0,0.0
2026-01-23 04:20:30,clusterA,0,4,2,2,0.50,0.5,0.5,0.0,0.0,0.0
2026-01-23 04:20:30,clusterB,0,4,2,2,0.50,0.5,0.5,0.0,0.0,0.0
2026-01-23 04:20:35,clusterA,0,4,2,2,0.50,0.5,0.5,0.0,0.0,0.0
2026-01-23 04:20:35,clusterB,0,4,2,2,0.50,0.5,0.5,0.0,0.0,0.0
2026-01-23 04:20:40,clusterA,0,4,2,2,0.50,0.5,0.5,0.0,0.0,0.0
2026-01-23 04:20:40,clusterB,0,4,2,2,0.50,0.5,0.5,0.0,0.0,0.0
2026-01-23 04:20:45,clusterA,0,4,2,2,0.50,0.5,0.5,0.0,0.0,0.0
2026-01-23 04:20:45,clusterB,0,4,2,2,0.50,0.5,0.5,0.0,0.0,0.0
2026-01-23 04:20:50,clusterA,0,4,2,2,0.50,0.5,0.5,0.0,0.0,0.0
2026-01-23 04:20:50,clusterB,0,4,2,2,0.50,0.5,0.5,0.0,0.0,0.0
2026-01-23 04:20:55,clusterA,0,4,2,2,0.50,0.5,0.5,0.0,0.0,0.0
2026-01-23 04:20:55,clusterB,0,4,2,2,0.50,0.5,0.5,0.0,0.0,0.0
2026-01-23 04:21:00,clusterA,0,4,2,2,0.50,0.5,0.5,0.0,0.0,0.0
2026-01-23 04:21:00,clusterB,0,4,2,2,0.50,0.5,0.5,0.0,0.0,0.0
2026-01-23 04:21:05,clusterA,0,4,2,2,0.50,0.5,0.5,0.0,0.0,0.0
2026-01-23 04:21:05,clusterB,0,4,2,2,0.50,0.5,0.5,0.0,0.0,0.0
2026-01-23 04:21:10,clusterA,0,4,2,2,0.50,0.5,0.5,0.0,0.0,0.0
2026-01-23 04:21:10,clusterB,0,4,2,2,0.50,0.5,0.5,0.0,0.0,0.0
2026-01-23 04:21:15,clusterA,0,4,2,2,0.50,0.5,0.5,0.0,0.0,0.0
2026-01-23 04:21:15,clusterB,0,4,2,2,0.50,0.5,0.5,0.0,0.0,0.0
2026-01-23 04:21:20,clusterA,0,4,2,2,0.50,0.5,0.5,0.0,0.0,0.0
2026-01-23 04:21:20,clusterB,0,4,2,2,0.50,0.5,0.5,0.0,0.0,0.0
2026-01-23 04:21:25,clusterA,0,4,2,2,0.50,0.5,0.5,0.0,0.0,0.0
2026-01-23 04:21:25,clusterB,0,4,2,2,0.50,0.5,0.5,0.0,0.0,0.0
2026-01-23 04:21:30,clusterA,0,4,2,2,0.50,0.5,0.5,0.0,0.0,0.0
2026-01-23 04:21:30,clusterB,0,4,2,2,0.50,0.5,0.5,0.0,0.0,0.0
2026-01-23 04:21:35,clusterA,0,4,2,2,0.50,0.5,0.5,0.0,0.0,0.0
2026-01-23 04:21:35,clusterB,0,4,2,2,0.50,0.5,0.5,0.0,0.0,0.0
2026-01-23 04:21:40,clusterA,0,4,2,2,0.50,0.5,0.5,0.0,0.0,0.0
2026-01-23 04:21:40,clusterB,0,4,2,2,0.50,0.5,0.5,0.0,0.0,0.0
2026-01-23 04:21:45,clusterA,0,4,2,2,0.50,0.5,0.5,0.0,0.0,0.0
2026-01-23 04:21:45,clusterB,0,4,2,2,0.50,0.5,0.5,0.0,0.0,0.0
2026-01-23 04:21:50,clusterA,0,4,2,2,0.50,0.5,0.5,0.0,0.0,0.0
2026-01-23 04:21:50,clusterB,0,4,2,2,0.50,0.5,0.5,0.0,0.0,0.0
2026-01-23 04:21:55,clusterA,0,4,2,2,0.50,0.5,0.5,0.0,0.0,0.0
2026-01-23 04:21:55,clusterB,0,4,2,2,0.50,0.5,0.5,0.0,0.0,0.0
2026-01-23 04:22:00,clusterA,0,4,2,2,0.50,0.5,0.5,0.0,0.0,0.0
2026-01-23 04:22:00,clusterB,0,4,2,2,0.50,0.5,0.5,0.0,0.0,0.0
2026-01-23 04:22:05,clusterA,0,4,2,2,0.50,0.5,0.5,0.0,0.0,0.0
2026-01-23 04:22:05,clusterB,0,4,2,2,0.50,0.5,0.5,0.0,0.0,0.0
2026-01-23 04:22:10,clusterA,0,4,2,2,0.50,0.5,0.5,0.0,0.0,0.0
2026-01-23 04:22:10,clusterB,0,4,2,2,0.50,0.5,0.5,0.0,0.0,0.0
2026-01-23 04:22:15,clusterA,0,4,2,2,0.50,0.5,0.5,0.0,0.0,0.0
2026-01-23 04:22:15,clusterB,0,4,2,2,0.50,0.5,0.5,0.0,0.0,0.0
2026-01-23 04:22:20,clusterA,0,4,2,2,0.50,0.5,0.5,0.0,0.0,0.0
2026-01-23 04:22:20,clusterB,0,4,2,2,0.50,0.5,0.5,0.0,0.0,0.0
2026-01-23 04:22:25,clusterA,0,4,2,2,0.50,0.5,0.5,0.0,0.0,0.0
2026-01-23 04:22:25,clusterB,0,4,2,2,0.50,0.5,0.5,0.0,0.0,0.0
2026-01-23 04:22:30,clusterA,0,4,2,2,0.50,0.5,0.5,0.0,0.0,0.0
2026-01-23 04:22:30,clusterB,0,4,2,2,0.50,0.5,0.5,0.0,0.0,0.0
2026-01-23 04:22:35,clusterA,0,4,2,2,0.50,0.5,0.5,0.0,0.0,0.0
2026-01-23 04:22:35,clusterB,0,4,2,2,0.50,0.5,0.5,0.0,0.0,0.0
2026-01-23 04:22:40,clusterA,0,4,2,2,0.50,0.5,0.5,0.0,0.0,0.0
2026-01-23 04:22:40,clusterB,0,4,2,2,0.50,0.5,0.5,0.0,0.0,0.0
2026-01-23 04:22:45,clusterA,0,4,2,2,0.50,0.5,0.5,0.0,0.0,0.0
2026-01-23 04:22:45,clusterB,0,4,2,2,0.50,0.5,0.5,0.0,0.0,0.0
2026-01-23 04:22:50,clusterA,0,4,2,2,0.50,0.5,0.5,0.0,0.0,0.0
2026-01-23 04:22:50,clusterB,0,4,2,2,0.50,0.5,0.5,0.0,0.0,0.0
2026-01-23 04:22:55,clusterA,0,4,2,2,0.50,0.5,0.5,0.0,0.0,0.0
2026-01-23 04:22:55,clusterB,0,4,2,2,0.50,0.5,0.5,0.0,0.0,0.0
2026-01-23 04:23:00,clusterA,0,4,2,2,0.50,0.5,0.5,0.0,0.0,0.0
2026-01-23 04:23:00,clusterB,0,4,2,2,0.50,0.5,0.5,0.0,0.0,0.0
2026-01-23 04:23:05,clusterA,0,4,2,2,0.50,0.5,0.5,0.0,0.0,0.0
2026-01-23 04:23:05,clusterB,0,4,2,2,0.50,0.5,0.5,0.0,0.0,0.0
2026-01-23 04:23:10,clusterA,0,4,2,2,0.50,0.5,0.5,0.0,0.0,0.0
2026-01-23 04:23:10,clusterB,0,4,2,2,0.50,0.5,0.5,0.0,0.0,0.0
2026-01-23 04:23:15,clusterA,0,4,2,2,0.50,0.5,0.5,0.0,0.0,0.0
2026-01-23 04:23:15,clusterB,0,4,2,2,0.50,0.5,0.5,0.0,0.0,0.0
2026-01-23 04:23:20,clusterA,0,4,2,2,0.50,0.5,0.5,0.0,0.0,0.0
2026-01-23 04:23:20,clusterB,0,4,2,2,0.50,0.5,0.5,0.0,0.0,0.0
2026-01-23 04:23:25,clusterA,0,4,2,2,0.50,0.5,0.5,0.0,0.0,0.0
2026-01-23 04:23:25,clusterB,0,4,2,2,0.50,0.5,0.5,0.0,0.0,0.0
2026-01-23 04:23:30,clusterA,0,4,2,2,0.50,0.5,0.5,0.0,0.0,0.0
2026-01-23 04:23:30,clusterB,0,4,2,2,0.50,0.5,0.5,0.0,0.0,0.0
2026-01-23 04:23:35,clusterA,0,4,2,2,0.50,0.5,0.5,0.0,0.0,0.0
2026-01-23 04:23:35,clusterB,0,4,2,2,0.50,0.5,0.5,0.0,0.0,0.0
2026-01-23 04:23:40,clusterA,0,4,2,2,0.50,0.5,0.5,0.0,0.0,0.0
2026-01-23 04:23:40,clusterB,0,4,2,2,0.50,0.5,0.5,0.0,0.0,0.0
2026-01-23 04:23:45,clusterA,0,4,2,2,0.50,0.5,0.5,0.0,0.0,0.0
2026-01-23 04:23:45,clusterB,0,4,2,2,0.50,0.5,0.5,0.0,0.0,0.0
2026-01-23 04:23:50,clusterA,0,4,2,2,0.50,0.5,0.5,0.0,0.0,0.0
2026-01-23 04:23:50,clusterB,0,4,2,2,0.50,0.5,0.5,0.0,0.0,0.0
2026-01-23 04:23:55,clusterA,0,4,2,2,0.50,0.5,0.5,0.0,0.0,0.0
2026-01-23 04:23:55,clusterB,0,4,2,2,0.50,0.5,0.5,0.0,0.0,0.0
2026-01-23 04:24:00,clusterA,0,4,2,2,0.50,0.5,0.5,0.0,0.0,0.0
2026-01-23 04:24:00,clusterB,0,4,2,2,0.50,0.5,0.5,0.0,0.0,0.0
2026-01-23 04:24:05,clusterA,1,4,2,2,0.50,0.5,0.5,0.0,0.0,0.0
2026-01-23 04:24:05,clusterB,1,4,2,2,0.50,0.5,0.5,0.0,0.0,0.0
2026-01-23 04:24:10,clusterA,0,4,4,0,1.00,0.5,0.5,0.0,0.0,0.0
2026-01-23 04:24:10,clusterB,0,4,2,2,0.50,0.5,0.5,0.0,0.0,0.0
2026-01-23 04:24:15,clusterA,0,4,4,0,1.00,0.5,0.5,0.0,0.0,0.0
2026-01-23 04:24:15,clusterB,0,4,2,2,0.50,0.5,0.5,0.0,0.0,0.0
2026-01-23 04:24:20,clusterA,0,4,4,0,1.00,0.5,0.5,0.0,0.0,0.0
2026-01-23 04:24:20,clusterB,0,4,2,2,0.50,0.5,0.5,0.0,0.0,0.0
2026-01-23 04:24:25,clusterA,0,4,4,0,1.00,0.5,0.5,0.0,0.0,0.0
2026-01-23 04:24:25,clusterB,0,4,2,2,0.50,0.5,0.5,0.0,0.0,0.0
2026-01-23 04:24:30,clusterA,0,4,4,0,1.00,0.5,0.5,0.0,0.0,0.0
2026-01-23 04:24:30,clusterB,0,4,2,2,0.50,0.5,0.5,0.0,0.0,0.0
2026-01-23 04:24:35,clusterA,0,4,4,0,1.00,0.5,0.5,0.0,0.0,0.0
2026-01-23 04:24:35,clusterB,0,4,2,2,0.50,0.5,0.5,0.0,0.0,0.0
2026-01-23 04:24:40,clusterA,0,4,4,0,1.00,0.5,0.5,0.0,0.0,0.0
2026-01-23 04:24:40,clusterB,0,4,2,2,0.50,0.5,0.5,0.0,0.0,0.0
2026-01-23 04:24:45,clusterA,0,4,4,0,1.00,0.5,0.5,0.0,0.0,0.0
2026-01-23 04:24:45,clusterB,0,4,2,2,0.50,0.5,0.5,0.0,0.0,0.0
2026-01-23 04:24:50,clusterA,0,4,4,0,1.00,0.5,0.5,0.0,0.0,0.0
2026-01-23 04:24:50,clusterB,0,4,2,2,0.50,0.5,0.5,0.0,0.0,0.0
2026-01-23 04:24:55,clusterA,0,4,4,0,1.00,0.5,0.5,0.0,0.0,0.0
2026-01-23 04:24:55,clusterB,0,4,2,2,0.50,0.5,0.5,0.0,0.0,0.0
2026-01-23 04:25:00,clusterA,0,4,4,0,1.00,0.5,0.5,0.0,0.0,0.0
2026-01-23 04:25:00,clusterB,0,4,2,2,0.50,0.5,0.5,0.0,0.0,0.0
2026-01-23 04:25:05,clusterA,0,4,4,0,1.00,0.5,0.5,0.0,0.0,0.0
2026-01-23 04:25:05,clusterB,0,4,2,2,0.50,0.5,0.5,0.0,0.0,0.0
2026-01-23 04:25:10,clusterA,0,4,4,0,1.00,0.5,0.5,0.0,0.0,0.0
2026-01-23 04:25:10,clusterB,0,4,2,2,0.50,0.5,0.5,0.0,0.0,0.0
2026-01-23 04:25:15,clusterA,0,4,4,0,1.00,0.5,0.5,0.0,0.0,0.0
2026-01-23 04:25:15,clusterB,0,4,2,2,0.50,0.5,0.5,0.0,0.0,0.0
2026-01-23 04:25:20,clusterA,0,4,4,0,1.00,0.5,0.5,0.0,0.0,0.0
2026-01-23 04:25:20,clusterB,0,4,2,2,0.50,0.5,0.5,0.0,0.0,0.0
2026-01-23 04:25:25,clusterA,0,4,4,0,1.00,0.5,0.5,0.0,0.0,0.0
2026-01-23 04:25:25,clusterB,0,4,2,2,0.50,0.5,0.5,0.0,0.0,0.0
2026-01-23 04:25:30,clusterA,0,4,4,0,1.00,0.5,0.5,0.0,0.0,0.0
2026-01-23 04:25:30,clusterB,0,4,2,2,0.50,0.5,0.5,0.0,0.0,0.0
2026-01-23 04:25:35,clusterA,0,4,4,0,1.00,0.5,0.5,0.0,0.0,0.0
2026-01-23 04:25:35,clusterB,0,4,2,2,0.50,0.5,0.5,0.0,0.0,0.0
2026-01-23 04:25:40,clusterA,0,4,4,0,1.00,0.5,0.5,0.0,0.0,0.0
2026-01-23 04:25:40,clusterB,0,4,2,2,0.50,0.5,0.5,0.0,0.0,0.0
2026-01-23 04:25:45,clusterA,0,4,4,0,1.00,0.5,0.5,0.0,0.0,0.0
2026-01-23 04:25:45,clusterB,0,4,2,2,0.50,0.5,0.5,0.0,0.0,0.0
2026-01-23 04:25:50,clusterA,0,4,4,0,1.00,0.5,0.5,0.0,0.0,0.0
2026-01-23 04:25:50,clusterB,0,4,2,2,0.50,0.5,0.5,0.0,0.0,0.0
2026-01-23 04:25:55,clusterA,0,4,4,0,1.00,0.5,0.5,0.0,0.0,0.0
2026-01-23 04:25:55,clusterB,0,4,2,2,0.50,0.5,0.5,0.0,0.0,0.0
2026-01-23 04:26:00,clusterA,0,4,4,0,1.00,0.5,0.5,0.0,0.0,0.0
2026-01-23 04:26:00,clusterB,0,4,2,2,0.50,0.5,0.5,0.0,0.0,0.0
2026-01-23 04:26:05,clusterA,0,4,4,0,1.00,0.5,0.5,0.0,0.0,0.0
2026-01-23 04:26:05,clusterB,0,4,2,2,0.50,0.5,0.5,0.0,0.0,0.0
2026-01-23 04:26:10,clusterA,0,4,4,0,1.00,0.5,0.5,0.0,0.0,0.0
2026-01-23 04:26:10,clusterB,0,4,2,2,0.50,0.5,0.5,0.0,0.0,0.0
2026-01-23 04:26:15,clusterA,0,4,4,0,1.00,0.5,0.5,0.0,0.0,0.0
2026-01-23 04:26:15,clusterB,0,4,2,2,0.50,0.5,0.5,0.0,0.0,0.0
2026-01-23 04:26:20,clusterA,0,4,4,0,1.00,0.5,0.5,0.0,0.0,0.0
2026-01-23 04:26:20,clusterB,0,4,2,2,0.50,0.5,0.5,0.0,0.0,0.0
2026-01-23 04:26:25,clusterA,0,4,4,0,1.00,0.5,0.5,0.0,0.0,0.0
2026-01-23 04:26:25,clusterB,0,4,2,2,0.50,0.5,0.5,0.0,0.0,0.0
2026-01-23 04:26:30,clusterA,0,4,4,0,1.00,0.5,0.5,0.0,0.0,0.0
2026-01-23 04:26:30,clusterB,0,4,2,2,0.50,0.5,0.5,0.0,0.0,0.0
2026-01-23 04:26:35,clusterA,0,4,4,0,1.00,0.5,0.5,0.0,0.0,0.0
2026-01-23 04:26:35,clusterB,0,4,2,2,0.50,0.5,0.5,0.0,0.0,0.0
2026-01-23 04:26:40,clusterA,0,4,4,0,1.00,0.5,0.5,0.0,0.0,0.0
2026-01-23 04:26:40,clusterB,0,4,2,2,0.50,0.5,0.5,0.0,0.0,0.0
2026-01-23 04:26:45,clusterA,0,4,4,0,1.00,0.5,0.5,0.0,0.0,0.0
2026-01-23 04:26:45,clusterB,0,4,2,2,0.50,0.5,0.5,0.0,0.0,0.0
2026-01-23 04:26:50,clusterA,0,4,4,0,1.00,0.5,0.5,0.0,0.0,0.0
2026-01-23 04:26:50,clusterB,0,4,2,2,0.50,0.5,0.5,0.0,0.0,0.0
2026-01-23 04:26:55,clusterA,0,4,4,0,1.00,0.5,0.5,0.0,0.0,0.0
2026-01-23 04:26:55,clusterB,0,4,2,2,0.50,0.5,0.5,0.0,0.0,0.0
2026-01-23 04:27:00,clusterA,0,4,4,0,1.00,0.5,0.5,0.0,0.0,0.0
2026-01-23 04:27:00,clusterB,0,4,2,2,0.50,0.5,0.5,0.0,0.0,0.0
2026-01-23 04:27:05,clusterA,0,4,4,0,1.00,0.5,0.5,0.0,0.0,0.0
2026-01-23 04:27:05,clusterB,0,4,2,2,0.50,0.5,0.5,0.0,0.0,0.0
2026-01-23 04:27:10,clusterA,0,4,4,0,1.00,0.5,0.5,0.0,0.0,0.0
2026-01-23 04:27:10,clusterB,0,4,2,2,0.50,0.5,0.5,0.0,0.0,0.0
2026-01-23 04:27:15,clusterA,0,4,4,0,1.00,0.5,0.5,0.0,0.0,0.0
2026-01-23 04:27:15,clusterB,0,4,2,2,0.50,0.5,0.5,0.0,0.0,0.0
2026-01-23 04:27:20,clusterA,0,4,4,0,1.00,0.5,0.5,0.0,0.0,0.0
2026-01-23 04:27:20,clusterB,0,4,2,2,0.50,0.5,0.5,0.0,0.0,0.0
2026-01-23 04:27:25,clusterA,0,4,4,0,1.00,0.5,0.5,0.0,0.0,0.0
2026-01-23 04:27:25,clusterB,0,4,2,2,0.50,0.5,0.5,0.0,0.0,0.0
2026-01-23 04:27:30,clusterA,0,4,4,0,1.00,0.5,0.5,0.0,0.0,0.0
2026-01-23 04:27:30,clusterB,0,4,2,2,0.50,0.5,0.5,0.0,0.0,0.0
2026-01-23 04:27:35,clusterA,0,4,4,0,1.00,0.5,0.5,0.0,0.0,0.0
2026-01-23 04:27:35,clusterB,0,4,2,2,0.50,0.5,0.5,0.0,0.0,0.0
2026-01-23 04:27:40,clusterA,0,4,4,0,1.00,0.5,0.5,0.0,0.0,0.0
2026-01-23 04:27:40,clusterB,0,4,2,2,0.50,0.5,0.5,0.0,0.0,0.0
2026-01-23 04:27:45,clusterA,0,4,4,0,1.00,0.5,0.5,0.0,0.0,0.0
2026-01-23 04:27:45,clusterB,0,4,2,2,0.50,0.5,0.5,0.0,0.0,0.0
2026-01-23 04:27:50,clusterA,0,4,4,0,1.00,0.5,0.5,0.0,0.0,0.0
2026-01-23 04:27:50,clusterB,0,4,2,2,0.50,0.5,0.5,0.0,0.0,0.0
2026-01-23 04:27:55,clusterA,0,4,4,0,1.00,0.5,0.5,0.0,0.0,0.0
2026-01-23 04:27:55,clusterB,0,4,2,2,0.50,0.5,0.5,0.0,0.0,0.0
2026-01-23 04:28:00,clusterA,0,4,4,0,1.00,0.5,0.5,0.0,0.0,0.0
2026-01-23 04:28:00,clusterB,0,4,2,2,0.50,0.5,0.5,0.0,0.0,0.0
2026-01-23 04:28:05,clusterA,0,4,4,0,1.00,0.5,0.5,0.0,0.0,0.0
2026-01-23 04:28:05,clusterB,0,4,2,2,0.50,0.5,0.5,0.0,0.0,0.0
2026-01-23 04:28:10,clusterA,0,4,4,0,1.00,0.5,0.5,0.0,0.0,0.0
2026-01-23 04:28:10,clusterB,0,4,2,2,0.50,0.5,0.5,0.0,0.0,0.0
2026-01-23 04:28:15,clusterA,0,4,4,0,1.00,0.5,0.5,0.0,0.0,0.0
2026-01-23 04:28:15,clusterB,0,4,2,2,0.50,0.5,0.5,0.0,0.0,0.0
2026-01-23 04:28:20,clusterA,0,4,4,0,1.00,0.5,0.5,0.0,0.0,0.0
2026-01-23 04:28:20,clusterB,0,4,2,2,0.50,0.5,0.5,0.0,0.0,0.0
2026-01-23 04:28:25,clusterA,0,4,4,0,1.00,0.5,0.5,0.0,0.0,0.0
2026-01-23 04:28:25,clusterB,0,4,2,2,0.50,0.5,0.5,0.0,0.0,0.0
2026-01-23 04:28:30,clusterA,0,4,4,0,1.00,0.5,0.5,0.0,0.0,0.0
2026-01-23 04:28:30,clusterB,0,4,2,2,0.50,0.5,0.5,0.0,0.0,0.0
2026-01-23 04:28:35,clusterA,0,4,4,0,1.00,0.5,0.5,0.0,0.0,0.0
2026-01-23 04:28:35,clusterB,0,4,2,2,0.50,0.5,0.5,0.0,0.0,0.0
2026-01-23 04:28:40,clusterA,0,4,4,0,1.00,0.5,0.5,0.0,0.0,0.0
2026-01-23 04:28:40,clusterB,0,4,2,2,0.50,0.5,0.5,0.0,0.0,0.0
2026-01-23 04:28:45,clusterA,0,4,4,0,1.00,0.5,0.5,0.0,0.0,0.0
2026-01-23 04:28:45,clusterB,0,4,2,2,0.50,0.5,0.5,0.0,0.0,0.0
2026-01-23 04:28:50,clusterA,0,4,4,0,1.00,0.5,0.5,0.0,0.0,0.0
2026-01-23 04:28:50,clusterB,0,4,2,2,0.50,0.5,0.5,0.0,0.0,0.0
2026-01-23 04:28:55,clusterA,0,4,4,0,1.00,0.5,0.5,0.0,0.0,0.0
2026-01-23 04:28:55,clusterB,0,4,2,2,0.50,0.5,0.5,0.0,0.0,0.0
2026-01-23 04:29:00,clusterA,0,4,4,0,1.00,0.5,0.5,0.0,0.0,0.0
2026-01-23 04:29:00,clusterB,0,4,2,2,0.50,0.5,0.5,0.0,0.0,0.0
2026-01-23 04:29:05,clusterA,0,4,4,0,1.00,0.5,0.5,0.0,0.0,0.0
2026-01-23 04:29:05,clusterB,0,4,2,2,0.50,0.5,0.5,0.0,0.0,0.0
2026-01-23 04:29:10,clusterA,0,4,4,0,1.00,0.5,0.5,0.0,0.0,0.0
2026-01-23 04:29:10,clusterB,0,4,2,2,0.50,0.5,0.5,0.0,0.0,0.0
2026-01-23 04:29:15,clusterA,0,4,4,0,1.00,0.5,0.5,0.0,0.0,0.0
2026-01-23 04:29:15,clusterB,0,4,2,2,0.50,0.5,0.5,0.0,0.0,0.0
2026-01-23 04:29:20,clusterA,0,4,4,0,1.00,0.5,0.5,0.0,0.0,0.0
2026-01-23 04:29:20,clusterB,0,4,2,2,0.50,0.5,0.5,0.0,0.0,0.0
2026-01-23 04:29:25,clusterA,0,4,4,0,1.00,0.5,0.5,0.0,0.0,0.0
2026-01-23 04:29:25,clusterB,0,4,2,2,0.50,0.5,0.5,0.0,0.0,0.0
2026-01-23 04:29:30,clusterA,0,4,4,0,1.00,0.5,0.5,0.0,0.0,0.0
2026-01-23 04:29:30,clusterB,0,4,2,2,0.50,0.5,0.5,0.0,0.0,0.0
2026-01-23 04:29:35,clusterA,0,4,4,0,1.00,0.5,0.5,0.0,0.0,0.0
2026-01-23 04:29:35,clusterB,0,4,2,2,0.50,0.5,0.5,0.0,0.0,0.0
2026-01-23 04:29:40,clusterA,0,4,4,0,1.00,0.5,0.5,0.0,0.0,0.0
2026-01-23 04:29:40,clusterB,0,4,2,2,0.50,0.5,0.5,0.0,0.0,0.0
2026-01-23 04:29:45,clusterA,0,4,4,0,1.00,0.5,0.5,0.0,0.0,0.0
2026-01-23 04:29:45,clusterB,0,4,2,2,0.50,0.5,0.5,0.0,0.0,0.0
2026-01-23 04:29:50,clusterA,0,4,4,0,1.00,0.5,0.5,0.0,0.0,0.0
2026-01-23 04:29:50,clusterB,0,4,2,2,0.50,0.5,0.5,0.0,0.0,0.0
2026-01-23 04:29:55,clusterA,0,4,4,0,1.00,0.5,0.5,0.0,0.0,0.0
2026-01-23 04:29:55,clusterB,0,4,2,2,0.50,0.5,0.5,0.0,0.0,0.0
2026-01-23 04:30:00,clusterA,0,4,4,0,1.00,0.5,0.5,0.0,0.0,0.0
2026-01-23 04:30:00,clusterB,0,4,2,2,0.50,0.5,0.5,0.0,0.0,0.0
2026-01-23 04:30:05,clusterA,0,4,4,0,1.00,0.5,0.5,0.0,0.0,0.0
2026-01-23 04:30:05,clusterB,0,4,2,2,0.50,0.5,0.5,0.0,0.0,0.0
2026-01-23 04:30:10,clusterA,0,4,4,0,1.00,0.5,0.5,0.0,0.0,0.0
2026-01-23 04:30:10,clusterB,0,4,2,2,0.50,0.5,0.5,0.0,0.0,0.0
2026-01-23 04:30:15,clusterA,0,4,4,0,1.00,0.5,0.5,0.0,0.0,0.0
2026-01-23 04:30:15,clusterB,0,4,2,2,0.50,0.5,0.5,0.0,0.0,0.0
2026-01-23 04:30:20,clusterA,0,4,4,0,1.00,0.5,0.5,0.0,0.0,0.0
2026-01-23 04:30:20,clusterB,0,4,2,2,0.50,0.5,0.5,0.0,0.0,0.0
2026-01-23 04:30:25,clusterA,0,4,4,0,1.00,0.5,0.5,0.0,0.0,0.0
2026-01-23 04:30:25,clusterB,0,4,2,2,0.50,0.5,0.5,0.0,0.0,0.0
2026-01-23 04:30:30,clusterA,0,4,4,0,1.00,0.5,0.5,0.0,0.0,0.0
2026-01-23 04:30:30,clusterB,0,4,2,2,0.50,0.5,0.5,0.0,0.0,0.0
2026-01-23 04:30:35,clusterA,0,4,4,0,1.00,0.5,0.5,0.0,0.0,0.0
2026-01-23 04:30:35,clusterB,0,4,2,2,0.50,0.5,0.5,0.0,0.0,0.0
2026-01-23 04:30:40,clusterA,0,4,4,0,1.00,0.5,0.5,0.0,0.0,0.0
2026-01-23 04:30:40,clusterB,0,4,2,2,0.50,0.5,0.5,0.0,0.0,0.0
2026-01-23 04:30:45,clusterA,0,4,4,0,1.00,0.5,0.5,0.0,0.0,0.0
2026-01-23 04:30:45,clusterB,0,4,2,2,0.50,0.5,0.5,0.0,0.0,0.0
2026-01-23 04:30:50,clusterA,0,4,4,0,1.00,0.5,0.5,0.0,0.0,0.0
2026-01-23 04:30:50,clusterB,0,4,2,2,0.50,0.5,0.5,0.0,0.0,0.0
2026-01-23 04:30:55,clusterA,0,4,4,0,1.00,0.5,0.5,0.0,0.0,0.0
2026-01-23 04:30:55,clusterB,0,4,2,2,0.50,0.5,0.5,0.0,0.0,0.0
2026-01-23 04:31:00,clusterA,0,4,4,0,1.00,0.5,0.5,0.0,0.0,0.0
2026-01-23 04:31:00,clusterB,0,4,2,2,0.50,0.5,0.5,0.0,0.0,0.0
2026-01-23 04:31:05,clusterA,0,4,4,0,1.00,0.5,0.5,0.0,0.0,0.0
2026-01-23 04:31:05,clusterB,0,4,2,2,0.50,0.5,0.5,0.0,0.0,0.0
2026-01-23 04:31:10,clusterA,0,4,4,0,1.00,0.5,0.5,0.0,0.0,0.0
2026-01-23 04:31:10,clusterB,0,4,2,2,0.50,0.5,0.5,0.0,0.0,0.0
2026-01-23 04:31:15,clusterA,0,4,4,0,1.00,0.5,0.5,0.0,0.0,0.0
2026-01-23 04:31:15,clusterB,0,4,2,2,0.50,0.5,0.5,0.0,0.0,0.0
2026-01-23 04:31:20,clusterA,0,4,4,0,1.00,0.5,0.5,0.0,0.0,0.0
2026-01-23 04:31:20,clusterB,0,4,2,2,0.50,0.5,0.5,0.0,0.0,0.0
2026-01-23 04:31:25,clusterA,0,4,4,0,1.00,0.5,0.5,0.0,0.0,0.0
2026-01-23 04:31:25,clusterB,0,4,2,2,0.50,0.5,0.5,0.0,0.0,0.0
2026-01-23 04:31:30,clusterA,0,4,4,0,1.00,0.5,0.5,0.0,0.0,0.0
2026-01-23 04:31:30,clusterB,0,4,2,2,0.50,0.5,0.5,0.0,0.0,0.0
2026-01-23 04:31:35,clusterA,0,4,4,0,1.00,0.5,0.5,0.0,0.0,0.0
2026-01-23 04:31:35,clusterB,0,4,2,2,0.50,0.5,0.5,0.0,0.0,0.0
2026-01-23 04:31:40,clusterA,0,4,4,0,1.00,0.5,0.5,0.0,0.0,0.0
2026-01-23 04:31:40,clusterB,0,4,2,2,0.50,0.5,0.5,0.0,0.0,0.0
2026-01-23 04:31:45,clusterA,0,4,4,0,1.00,0.5,0.5,0.0,0.0,0.0
2026-01-23 04:31:45,clusterB,0,4,2,2,0.50,0.5,0.5,0.0,0.0,0.0
2026-01-23 04:31:50,clusterA,0,4,4,0,1.00,0.5,0.5,0.0,0.0,0.0
2026-01-23 04:31:50,clusterB,0,4,2,2,0.50,0.5,0.5,0.0,0.0,0.0
2026-01-23 04:31:55,clusterA,1,4,4,0,1.00,0.5,0.5,0.0,0.0,0.0
2026-01-23 04:31:55,clusterB,1,4,2,2,0.50,0.5,0.5,0.0,0.0,0.0
2026-01-23 04:32:00,clusterA,0,4,4,0,1.00,0.5,0.5,0.0,0.0,0.0
2026-01-23 04:32:00,clusterB,0,4,2,2,0.50,0.5,0.5,0.0,0.0,0.0
2026-01-23 04:32:05,clusterA,0,4,4,0,1.00,0.5,0.5,0.0,0.0,0.0
2026-01-23 04:32:05,clusterB,0,4,2,2,0.50,0.5,0.5,0.0,0.0,0.0
2026-01-23 04:32:10,clusterA,0,4,4,0,1.00,0.5,0.5,0.0,0.0,0.0
2026-01-23 04:32:10,clusterB,0,4,2,2,0.50,0.5,0.5,0.0,0.0,0.0
2026-01-23 04:32:15,clusterA,0,4,4,0,1.00,0.5,0.5,0.0,0.0,0.0
2026-01-23 04:32:15,clusterB,0,4,2,2,0.50,0.5,0.5,0.0,0.0,0.0
2026-01-23 04:32:20,clusterA,0,4,4,0,1.00,0.5,0.5,0.0,0.0,0.0
2026-01-23 04:32:20,clusterB,0,4,2,2,0.50,0.5,0.5,0.0,0.0,0.0
2026-01-23 04:32:25,clusterA,0,4,4,0,1.00,0.5,0.5,0.0,0.0,0.0
2026-01-23 04:32:25,clusterB,0,4,2,2,0.50,0.5,0.5,0.0,0.0,0.0
2026-01-23 04:32:30,clusterA,0,4,4,0,1.00,0.5,0.5,0.0,0.0,0.0
2026-01-23 04:32:30,clusterB,0,4,2,2,0.50,0.5,0.5,0.0,0.0,0.0
2026-01-23 04:32:35,clusterA,0,4,4,0,1.00,0.5,0.5,0.0,0.0,0.0
2026-01-23 04:32:35,clusterB,0,4,2,2,0.50,0.5,0.5,0.0,0.0,0.0
2026-01-23 04:32:40,clusterA,0,4,4,0,1.00,0.5,0.5,0.0,0.0,0.0
2026-01-23 04:32:40,clusterB,0,4,2,2,0.50,0.5,0.5,0.0,0.0,0.0
2026-01-23 04:32:45,clusterA,0,4,4,0,1.00,0.5,0.5,0.0,0.0,0.0
2026-01-23 04:32:45,clusterB,0,4,2,2,0.50,0.5,0.5,0.0,0.0,0.0
2026-01-23 04:32:50,clusterA,0,4,4,0,1.00,0.5,0.5,0.0,0.0,0.0
2026-01-23 04:32:50,clusterB,0,4,2,2,0.50,0.5,0.5,0.0,0.0,0.0
2026-01-23 04:32:55,clusterA,0,4,4,0,1.00,0.5,0.5,0.0,0.0,0.0
2026-01-23 04:32:55,clusterB,0,4,2,2,0.50,0.5,0.5,0.0,0.0,0.0
2026-01-23 04:33:00,clusterA,0,4,4,0,1.00,0.5,0.5,0.0,0.0,0.0
2026-01-23 04:33:00,clusterB,0,4,2,2,0.50,0.5,0.5,0.0,0.0,0.0
2026-01-23 04:33:05,clusterA,1,4,4,0,1.00,0.5,0.5,0.0,0.0,0.0
2026-01-23 04:33:05,clusterB,1,4,2,2,0.50,0.5,0.5,0.0,0.0,0.0
2026-01-23 04:33:10,clusterA,1,4,4,0,1.00,0.5,0.5,0.0,0.0,0.0
2026-01-23 04:33:10,clusterB,1,4,2,2,0.50,0.5,0.5,0.0,0.0,0.0
2026-01-23 04:33:15,clusterA,1,4,4,0,1.00,0.5,0.5,0.0,0.0,0.0
2026-01-23 04:33:15,clusterB,1,4,2,2,0.50,0.5,0.5,0.0,0.0,0.0
2026-01-23 04:33:20,clusterA,1,4,4,0,1.00,0.5,0.5,0.0,0.0,0.0
2026-01-23 04:33:20,clusterB,1,4,2,2,0.50,0.5,0.5,0.0,0.0,0.0
2026-01-23 04:33:25,clusterA,1,4,4,0,1.00,0.5,0.5,0.0,0.0,0.0
2026-01-23 04:33:25,clusterB,1,4,2,2,0.50,0.5,0.5,0.0,0.0,0.0
2026-01-23 04:33:30,clusterA,1,4,4,0,1.00,0.5,0.5,0.0,0.0,0.0
2026-01-23 04:33:30,clusterB,1,4,2,2,0.50,0.5,0.5,0.0,0.0,0.0
2026-01-23 04:33:35,clusterA,1,4,4,0,1.00,0.5,0.5,0.0,0.0,0.0
2026-01-23 04:33:35,clusterB,1,4,2,2,0.50,0.5,0.5,0.0,0.0,0.0
2026-01-23 04:33:40,clusterA,1,4,4,0,1.00,0.5,0.5,0.0,0.0,0.0
2026-01-23 04:33:40,clusterB,1,4,2,2,0.50,0.5,0.5,0.0,0.0,0.0
2026-01-23 04:33:45,clusterA,1,4,4,0,1.00,0.5,0.5,0.0,0.0,0.0
2026-01-23 04:33:45,clusterB,1,4,2,2,0.50,0.5,0.5,0.0,0.0,0.0
2026-01-23 04:33:50,clusterA,1,4,4,0,1.00,0.5,0.5,0.0,0.0,0.0
2026-01-23 04:33:50,clusterB,1,4,2,2,0.50,0.5,0.5,0.0,0.0,0.0
2026-01-23 04:33:55,clusterA,1,4,4,0,1.00,0.5,0.5,0.0,0.0,0.0
2026-01-23 04:33:55,clusterB,1,4,2,2,0.50,0.5,0.5,0.0,0.0,0.0
2026-01-23 04:34:00,clusterA,1,4,4,0,1.00,0.5,0.5,0.0,0.0,0.0
2026-01-23 04:34:00,clusterB,1,4,2,2,0.50,0.5,0.5,0.0,0.0,0.0
2026-01-23 04:34:05,clusterA,1,4,4,0,1.00,0.5,0.5,0.0,0.0,0.0
2026-01-23 04:34:05,clusterB,1,4,2,2,0.50,0.5,0.5,0.0,0.0,0.0
2026-01-23 04:34:10,clusterA,1,4,4,0,1.00,0.5,0.5,0.0,0.0,0.0
2026-01-23 04:34:10,clusterB,1,4,2,2,0.50,0.5,0.5,0.0,0.0,0.0
2026-01-23 04:34:15,clusterA,1,4,4,0,1.00,0.5,0.5,0.0,0.0,0.0
2026-01-23 04:34:15,clusterB,1,4,2,2,0.50,0.5,0.5,0.0,0.0,0.0
2026-01-23 04:34:20,clusterA,1,4,4,0,1.00,0.5,0.5,0.0,0.0,0.0
2026-01-23 04:34:20,clusterB,1,4,2,2,0.50,0.5,0.5,0.0,0.0,0.0
2026-01-23 04:34:25,clusterA,1,4,4,0,1.00,0.5,0.5,0.0,0.0,0.0
2026-01-23 04:34:25,clusterB,1,4,2,2,0.50,0.5,0.5,0.0,0.0,0.0
2026-01-23 04:34:30,clusterA,1,4,4,0,1.00,0.5,0.5,0.0,0.0,0.0
2026-01-23 04:34:30,clusterB,1,4,2,2,0.50,0.5,0.5,0.0,0.0,0.0
2026-01-23 04:34:35,clusterA,1,4,4,0,1.00,0.5,0.5,0.0,0.0,0.0
2026-01-23 04:34:35,clusterB,1,4,2,2,0.50,0.5,0.5,0.0,0.0,0.0
2026-01-23 04:34:40,clusterA,1,4,4,0,1.00,0.5,0.5,0.0,0.0,0.0
2026-01-23 04:34:40,clusterB,1,4,1,3,0.25,0.5,0.5,0.0,0.0,0.0
2026-01-23 04:34:45,clusterA,1,4,4,0,1.00,0.5,0.5,0.0,0.0,0.0
2026-01-23 04:34:45,clusterB,1,4,1,3,0.25,0.5,0.5,0.0,0.0,0.0
2026-01-23 04:34:50,clusterA,1,4,4,0,1.00,0.5,0.5,0.0,0.0,0.0
2026-01-23 04:34:50,clusterB,1,4,1,3,0.25,0.5,0.5,0.0,0.0,0.0
2026-01-23 04:34:55,clusterA,1,4,4,0,1.00,0.5,0.5,0.0,0.0,0.0
2026-01-23 04:34:55,clusterB,1,4,1,3,0.25,0.5,0.5,0.0,0.0,0.0
2026-01-23 04:35:00,clusterA,1,4,4,0,1.00,0.5,0.5,0.0,0.0,0.0
2026-01-23 04:35:00,clusterB,1,4,1,3,0.25,0.5,0.5,0.0,0.0,0.0
2026-01-23 04:35:05,clusterA,1,4,4,0,1.00,0.5,0.5,0.0,0.0,0.0
2026-01-23 04:35:05,clusterB,1,4,1,3,0.25,0.5,0.5,0.0,0.0,0.0
2026-01-23 04:35:10,clusterA,1,4,4,0,1.00,0.5,0.5,0.0,0.0,0.0
2026-01-23 04:35:10,clusterB,1,4,1,3,0.25,0.5,0.5,0.0,0.0,0.0
2026-01-23 04:35:15,clusterA,1,4,4,0,1.00,0.5,0.5,0.0,0.0,0.0
2026-01-23 04:35:15,clusterB,1,4,1,3,0.25,0.5,0.5,0.0,0.0,0.0
2026-01-23 04:35:20,clusterA,1,4,4,0,1.00,0.5,0.5,0.0,0.0,0.0
2026-01-23 04:35:20,clusterB,1,4,1,3,0.25,0.5,0.5,0.0,0.0,0.0
2026-01-23 04:35:25,clusterA,2,4,4,0,1.00,0.5,0.5,0.0,0.0,0.0
2026-01-23 04:35:25,clusterB,2,4,1,3,0.25,0.5,0.5,0.0,0.0,0.0
2026-01-23 04:35:30,clusterA,2,4,4,0,1.00,0.5,0.5,0.0,0.0,0.0
2026-01-23 04:35:30,clusterB,2,4,1,3,0.25,0.5,0.5,0.0,0.0,0.0
2026-01-23 04:35:35,clusterA,2,4,4,0,1.00,0.5,0.5,0.0,0.0,0.0
2026-01-23 04:35:35,clusterB,2,4,1,3,0.25,0.5,0.5,0.0,0.0,0.0
2026-01-23 04:35:40,clusterA,2,4,4,0,1.00,0.5,0.5,0.0,0.0,0.0
2026-01-23 04:35:40,clusterB,2,4,1,3,0.25,0.5,0.5,0.0,0.0,0.0
2026-01-23 04:35:45,clusterA,2,4,4,0,1.00,0.5,0.5,0.0,0.0,0.0
2026-01-23 04:35:45,clusterB,2,4,1,3,0.25,0.5,0.5,0.0,0.0,0.0
2026-01-23 04:35:50,clusterA,2,4,4,0,1.00,0.5,0.5,0.0,0.0,0.0
2026-01-23 04:35:50,clusterB,2,4,1,3,0.25,0.5,0.5,0.0,0.0,0.0
2026-01-23 04:35:55,clusterA,2,4,4,0,1.00,0.5,0.5,0.0,0.0,0.0
2026-01-23 04:35:55,clusterB,2,4,1,3,0.25,0.5,0.5,0.0,0.0,0.0
2026-01-23 04:36:00,clusterA,2,4,4,0,1.00,0.5,0.5,0.0,0.0,0.0
2026-01-23 04:36:00,clusterB,2,4,1,3,0.25,0.5,0.5,0.0,0.0,0.0
2026-01-23 04:36:05,clusterA,2,4,4,0,1.00,0.5,0.5,0.0,0.0,0.0
2026-01-23 04:36:05,clusterB,2,4,1,3,0.25,0.5,0.5,0.0,0.0,0.0
2026-01-23 04:36:10,clusterA,2,4,4,0,1.00,0.5,0.5,0.0,0.0,0.0
2026-01-23 04:36:10,clusterB,2,4,1,3,0.25,0.5,0.5,0.0,0.0,0.0
2026-01-23 04:36:15,clusterA,2,4,4,0,1.00,0.5,0.5,0.0,0.0,0.0
2026-01-23 04:36:15,clusterB,2,4,1,3,0.25,0.5,0.5,0.0,0.0,0.0
2026-01-23 04:36:20,clusterA,2,4,4,0,1.00,0.5,0.5,0.0,0.0,0.0
2026-01-23 04:36:20,clusterB,2,4,1,3,0.25,0.5,0.5,0.0,0.0,0.0
2026-01-23 04:36:25,clusterA,2,4,4,0,1.00,0.5,0.5,0.0,0.0,0.0
2026-01-23 04:36:25,clusterB,2,4,1,3,0.25,0.5,0.5,0.0,0.0,0.0
2026-01-23 04:36:30,clusterA,2,4,4,0,1.00,0.5,0.5,0.0,0.0,0.0
2026-01-23 04:36:30,clusterB,2,4,1,3,0.25,0.5,0.5,0.0,0.0,0.0
2026-01-23 04:36:35,clusterA,2,4,4,0,1.00,0.5,0.5,0.0,0.0,0.0
2026-01-23 04:36:35,clusterB,2,4,1,3,0.25,0.5,0.5,0.0,0.0,0.0
2026-01-23 04:36:40,clusterA,2,4,4,0,1.00,0.5,0.5,0.0,0.0,0.0
2026-01-23 04:36:40,clusterB,2,4,1,3,0.25,0.5,0.5,0.0,0.0,0.0
2026-01-23 04:36:45,clusterA,2,4,4,0,1.00,0.5,0.5,0.0,0.0,0.0
2026-01-23 04:36:45,clusterB,2,4,1,3,0.25,0.5,0.5,0.0,0.0,0.0
2026-01-23 04:36:50,clusterA,2,4,4,0,1.00,0.5,0.5,0.0,0.0,0.0
2026-01-23 04:36:50,clusterB,2,4,1,3,0.25,0.5,0.5,0.0,0.0,0.0
2026-01-23 04:36:55,clusterA,2,4,4,0,1.00,0.5,0.5,0.0,0.0,0.0
2026-01-23 04:36:55,clusterB,2,4,1,3,0.25,0.5,0.5,0.0,0.0,0.0
2026-01-23 04:37:00,clusterA,2,4,4,0,1.00,0.5,0.5,0.0,0.0,0.0
2026-01-23 04:37:00,clusterB,2,4,1,3,0.25,0.5,0.5,0.0,0.0,0.0
2026-01-23 04:37:05,clusterA,2,4,4,0,1.00,0.5,0.5,0.0,0.0,0.0
2026-01-23 04:37:05,clusterB,2,4,1,3,0.25,0.5,0.5,0.0,0.0,0.0
2026-01-23 04:37:10,clusterA,2,4,4,0,1.00,0.5,0.5,0.0,0.0,0.0
2026-01-23 04:37:10,clusterB,2,4,1,3,0.25,0.5,0.5,0.0,0.0,0.0
2026-01-23 04:37:15,clusterA,2,4,4,0,1.00,0.5,0.5,0.0,0.0,0.0
2026-01-23 04:37:15,clusterB,2,4,1,3,0.25,0.5,0.5,0.0,0.0,0.0
2026-01-23 04:37:20,clusterA,2,4,4,0,1.00,0.5,0.5,0.0,0.0,0.0
2026-01-23 04:37:20,clusterB,2,4,1,3,0.25,0.5,0.5,0.0,0.0,0.0
2026-01-23 04:37:25,clusterA,2,4,4,0,1.00,0.5,0.5,0.0,0.0,0.0
2026-01-23 04:37:25,clusterB,2,4,1,3,0.25,0.5,0.5,0.0,0.0,0.0
2026-01-23 04:37:30,clusterA,3,4,4,0,1.00,0.5,0.5,0.0,0.0,0.0
2026-01-23 04:37:30,clusterB,3,4,1,3,0.25,0.5,0.5,0.0,0.0,0.0
2026-01-23 04:37:35,clusterA,3,4,4,0,1.00,0.5,0.5,0.0,0.0,0.0
2026-01-23 04:37:35,clusterB,3,4,1,3,0.25,0.5,0.5,0.0,0.0,0.0
2026-01-23 04:37:40,clusterA,3,4,4,0,1.00,0.5,0.5,0.0,0.0,0.0
2026-01-23 04:37:40,clusterB,3,4,1,3,0.25,0.5,0.5,0.0,0.0,0.0
2026-01-23 04:37:45,clusterA,3,4,4,0,1.00,0.5,0.5,0.0,0.0,0.0
2026-01-23 04:37:45,clusterB,3,4,1,3,0.25,0.5,0.5,0.0,0.0,0.0
2026-01-23 04:37:50,clusterA,3,4,4,0,1.00,0.5,0.5,0.0,0.0,0.0
2026-01-23 04:37:50,clusterB,3,4,1,3,0.25,0.5,0.5,0.0,0.0,0.0
2026-01-23 04:37:55,clusterA,3,4,4,0,1.00,0.5,0.5,0.0,0.0,0.0
2026-01-23 04:37:55,clusterB,3,4,1,3,0.25,0.5,0.5,0.0,0.0,0.0
2026-01-23 04:38:00,clusterA,3,4,4,0,1.00,0.5,0.5,0.0,0.0,0.0
2026-01-23 04:38:00,clusterB,3,4,1,3,0.25,0.5,0.5,0.0,0.0,0.0
2026-01-23 04:38:05,clusterA,3,4,4,0,1.00,0.5,0.5,0.0,0.0,0.0
2026-01-23 04:38:05,clusterB,3,4,1,3,0.25,0.5,0.5,0.0,0.0,0.0
2026-01-23 04:38:10,clusterA,3,4,4,0,1.00,0.5,0.5,0.0,0.0,0.0
2026-01-23 04:38:10,clusterB,3,4,1,3,0.25,0.5,0.5,0.0,0.0,0.0
2026-01-23 04:38:15,clusterA,4,4,4,0,1.00,0.5,0.5,0.0,0.0,0.0
2026-01-23 04:38:15,clusterB,4,4,1,3,0.25,0.5,0.5,0.0,0.0,0.0
2026-01-23 04:38:20,clusterA,4,4,4,0,1.00,0.5,0.5,0.0,0.0,0.0
2026-01-23 04:38:20,clusterB,4,4,1,3,0.25,0.5,0.5,0.0,0.0,0.0
2026-01-23 04:38:25,clusterA,4,4,4,0,1.00,0.5,0.5,0.0,0.0,0.0
2026-01-23 04:38:25,clusterB,4,4,1,3,0.25,0.5,0.5,0.0,0.0,0.0
2026-01-23 04:38:30,clusterA,4,4,4,0,1.00,0.5,0.5,0.0,0.0,0.0
2026-01-23 04:38:30,clusterB,4,4,1,3,0.25,0.5,0.5,0.0,0.0,0.0
2026-01-23 04:38:35,clusterA,4,4,4,0,1.00,0.5,0.5,0.0,0.0,0.0
2026-01-23 04:38:35,clusterB,4,4,1,3,0.25,0.5,0.5,0.0,0.0,0.0
2026-01-23 04:38:40,clusterA,4,4,4,0,1.00,0.5,0.5,0.0,0.0,0.0
2026-01-23 04:38:40,clusterB,4,4,1,3,0.25,0.5,0.5,0.0,0.0,0.0
2026-01-23 04:38:45,clusterA,4,4,4,0,1.00,0.5,0.5,0.0,0.0,0.0
2026-01-23 04:38:45,clusterB,4,4,1,3,0.25,0.5,0.5,0.0,0.0,0.0
2026-01-23 04:38:50,clusterA,4,4,4,0,1.00,0.5,0.5,0.0,0.0,0.0
2026-01-23 04:38:50,clusterB,4,4,1,3,0.25,0.5,0.5,0.0,0.0,0.0
2026-01-23 04:38:55,clusterA,4,4,4,0,1.00,0.5,0.5,0.0,0.0,0.0
2026-01-23 04:38:55,clusterB,4,4,1,3,0.25,0.5,0.5,0.0,0.0,0.0
2026-01-23 04:39:00,clusterA,4,4,4,0,1.00,0.5,0.5,0.0,0.0,0.0
2026-01-23 04:39:00,clusterB,4,4,1,3,0.25,0.5,0.5,0.0,0.0,0.0
2026-01-23 04:39:05,clusterA,4,4,4,0,1.00,0.5,0.5,0.0,0.0,0.0
2026-01-23 04:39:05,clusterB,4,4,1,3,0.25,0.5,0.5,0.0,0.0,0.0
2026-01-23 04:39:10,clusterA,4,4,4,0,1.00,0.5,0.5,0.0,0.0,0.0
2026-01-23 04:39:10,clusterB,4,4,1,3,0.25,0.5,0.5,0.0,0.0,0.0
2026-01-23 04:39:15,clusterA,4,4,4,0,1.00,0.5,0.5,0.0,0.0,0.0
2026-01-23 04:39:15,clusterB,4,4,1,3,0.25,0.5,0.5,0.0,0.0,0.0
2026-01-23 04:39:20,clusterA,4,4,4,0,1.00,0.5,0.5,0.0,0.0,0.0
2026-01-23 04:39:20,clusterB,4,4,1,3,0.25,0.5,0.5,0.0,0.0,0.0
2026-01-23 04:39:25,clusterA,4,4,4,0,1.00,0.5,0.5,0.0,0.0,0.0
2026-01-23 04:39:25,clusterB,4,4,1,3,0.25,0.5,0.5,0.0,0.0,0.0
2026-01-23 04:39:30,clusterA,4,4,4,0,1.00,0.5,0.5,0.0,0.0,0.0
2026-01-23 04:39:30,clusterB,4,4,1,3,0.25,0.5,0.5,0.0,0.0,0.0
2026-01-23 04:39:35,clusterA,4,4,4,0,1.00,0.5,0.5,0.0,0.0,0.0
2026-01-23 04:39:35,clusterB,4,4,1,3,0.25,0.5,0.5,0.0,0.0,0.0
2026-01-23 04:39:40,clusterA,4,4,4,0,1.00,0.5,0.5,0.0,0.0,0.0
2026-01-23 04:39:40,clusterB,4,4,1,3,0.25,0.5,0.5,0.0,0.0,0.0
2026-01-23 04:39:45,clusterA,4,4,4,0,1.00,0.5,0.5,0.0,0.0,0.0
2026-01-23 04:39:45,clusterB,4,4,1,3,0.25,0.5,0.5,0.0,0.0,0.0
2026-01-23 04:39:50,clusterA,5,4,4,0,1.00,0.5,0.5,0.0,0.0,0.0
2026-01-23 04:39:50,clusterB,5,4,1,3,0.25,0.5,0.5,0.0,0.0,0.0
2026-01-23 04:39:56,clusterA,5,4,4,0,1.00,0.5,0.5,0.0,0.0,0.0
2026-01-23 04:39:56,clusterB,5,4,1,3,0.25,0.5,0.5,0.0,0.0,0.0
2026-01-23 04:40:01,clusterA,5,4,4,0,1.00,0.5,0.5,0.0,0.0,0.0
2026-01-23 04:40:01,clusterB,5,4,1,3,0.25,0.5,0.5,0.0,0.0,0.0
2026-01-23 04:40:06,clusterA,5,4,4,0,1.00,0.5,0.5,0.0,0.0,0.0
2026-01-23 04:40:06,clusterB,5,4,1,3,0.25,0.5,0.5,0.0,0.0,0.0
2026-01-23 04:40:11,clusterA,5,4,4,0,1.00,0.5,0.5,0.0,0.0,0.0
2026-01-23 04:40:11,clusterB,5,4,1,3,0.25,0.5,0.5,0.0,0.0,0.0
2026-01-23 04:40:16,clusterA,5,4,4,0,1.00,0.5,0.5,0.0,0.0,0.0
2026-01-23 04:40:16,clusterB,5,4,1,3,0.25,0.5,0.5,0.0,0.0,0.0
2026-01-23 04:40:21,clusterA,5,4,4,0,1.00,0.5,0.5,0.0,0.0,0.0
2026-01-23 04:40:21,clusterB,5,4,1,3,0.25,0.5,0.5,0.0,0.0,0.0
2026-01-23 04:40:26,clusterA,5,4,4,0,1.00,0.5,0.5,0.0,0.0,0.0
2026-01-23 04:40:26,clusterB,5,4,1,3,0.25,0.5,0.5,0.0,0.0,0.0
2026-01-23 04:40:31,clusterA,5,4,4,0,1.00,0.5,0.5,0.0,0.0,0.0
2026-01-23 04:40:31,clusterB,5,4,1,3,0.25,0.5,0.5,0.0,0.0,0.0
2026-01-23 04:40:36,clusterA,5,4,4,0,1.00,0.5,0.5,0.0,0.0,0.0
2026-01-23 04:40:36,clusterB,5,4,1,3,0.25,0.5,0.5,0.0,0.0,0.0
2026-01-23 04:40:41,clusterA,5,4,4,0,1.00,0.5,0.5,0.0,0.0,0.0
2026-01-23 04:40:41,clusterB,5,4,1,3,0.25,0.5,0.5,0.0,0.0,0.0
2026-01-23 04:40:46,clusterA,5,4,4,0,1.00,0.5,0.5,0.0,0.0,0.0
2026-01-23 04:40:46,clusterB,5,4,1,3,0.25,0.5,0.5,0.0,0.0,0.0
2026-01-23 04:40:51,clusterA,5,4,4,0,1.00,0.5,0.5,0.0,0.0,0.0
2026-01-23 04:40:51,clusterB,5,4,1,3,0.25,0.5,0.5,0.0,0.0,0.0
2026-01-23 04:40:56,clusterA,5,4,4,0,1.00,0.5,0.5,0.0,0.0,0.0
2026-01-23 04:40:56,clusterB,5,4,1,3,0.25,0.5,0.5,0.0,0.0,0.0
2026-01-23 04:41:01,clusterA,5,4,4,0,1.00,0.5,0.5,0.0,0.0,0.0
2026-01-23 04:41:01,clusterB,5,4,1,3,0.25,0.5,0.5,0.0,0.0,0.0
2026-01-23 04:41:06,clusterA,5,4,4,0,1.00,0.5,0.5,0.0,0.0,0.0
2026-01-23 04:41:06,clusterB,5,4,1,3,0.25,0.5,0.5,0.0,0.0,0.0
2026-01-23 04:41:11,clusterA,5,4,4,0,1.00,0.5,0.5,0.0,0.0,0.0
2026-01-23 04:41:11,clusterB,5,4,1,3,0.25,0.5,0.5,0.0,0.0,0.0
2026-01-23 04:41:16,clusterA,5,4,4,0,1.00,0.5,0.5,0.0,0.0,0.0
2026-01-23 04:41:16,clusterB,5,4,1,3,0.25,0.5,0.5,0.0,0.0,0.0
2026-01-23 04:41:21,clusterA,5,4,4,0,1.00,0.5,0.5,0.0,0.0,0.0
2026-01-23 04:41:21,clusterB,5,4,1,3,0.25,0.5,0.5,0.0,0.0,0.0
2026-01-23 04:41:26,clusterA,5,4,4,0,1.00,0.5,0.5,0.0,0.0,0.0
2026-01-23 04:41:26,clusterB,5,4,1,3,0.25,0.5,0.5,0.0,0.0,0.0
2026-01-23 04:41:31,clusterA,5,4,4,0,1.00,0.5,0.5,0.0,0.0,0.0
2026-01-23 04:41:31,clusterB,5,4,1,3,0.25,0.5,0.5,0.0,0.0,0.0
2026-01-23 04:41:36,clusterA,5,4,4,0,1.00,0.5,0.5,0.0,0.0,0.0
2026-01-23 04:41:36,clusterB,5,4,1,3,0.25,0.5,0.5,0.0,0.0,0.0
2026-01-23 04:41:41,clusterA,5,4,4,0,1.00,0.5,0.5,0.0,0.0,0.0
2026-01-23 04:41:41,clusterB,5,4,1,3,0.25,0.5,0.5,0.0,0.0,0.0
2026-01-23 04:41:46,clusterA,5,4,4,0,1.00,0.5,0.5,0.0,0.0,0.0
2026-01-23 04:41:46,clusterB,5,4,1,3,0.25,0.5,0.5,0.0,0.0,0.0
2026-01-23 04:41:51,clusterA,5,4,4,0,1.00,0.5,0.5,0.0,0.0,0.0
2026-01-23 04:41:51,clusterB,5,4,1,3,0.25,0.5,0.5,0.0,0.0,0.0
2026-01-23 04:41:56,clusterA,5,4,4,0,1.00,0.5,0.5,0.0,0.0,0.0
2026-01-23 04:41:56,clusterB,5,4,1,3,0.25,0.5,0.5,0.0,0.0,0.0
2026-01-23 04:42:01,clusterA,5,4,4,0,1.00,0.5,0.5,0.0,0.0,0.0
2026-01-23 04:42:01,clusterB,5,4,1,3,0.25,0.5,0.5,0.0,0.0,0.0
2026-01-23 04:42:06,clusterA,5,4,4,0,1.00,0.5,0.5,0.0,0.0,0.0
2026-01-23 04:42:06,clusterB,5,4,1,3,0.25,0.5,0.5,0.0,0.0,0.0
2026-01-23 04:42:11,clusterA,5,4,4,0,1.00,0.5,0.5,0.0,0.0,0.0
2026-01-23 04:42:11,clusterB,5,4,1,3,0.25,0.5,0.5,0.0,0.0,0.0
2026-01-23 04:42:16,clusterA,5,4,4,0,1.00,0.5,0.5,0.0,0.0,0.0
2026-01-23 04:42:16,clusterB,5,4,1,3,0.25,0.5,0.5,0.0,0.0,0.0
2026-01-23 04:42:21,clusterA,5,4,4,0,1.00,0.5,0.5,0.0,0.0,0.0
2026-01-23 04:42:21,clusterB,5,4,1,3,0.25,0.5,0.5,0.0,0.0,0.0
2026-01-23 04:42:26,clusterA,5,4,4,0,1.00,0.5,0.5,0.0,0.0,0.0
2026-01-23 04:42:26,clusterB,5,4,1,3,0.25,0.5,0.5,0.0,0.0,0.0
2026-01-23 04:42:31,clusterA,5,4,4,0,1.00,0.5,0.5,0.0,0.0,0.0
2026-01-23 04:42:31,clusterB,5,4,1,3,0.25,0.5,0.5,0.0,0.0,0.0
2026-01-23 04:42:36,clusterA,5,4,4,0,1.00,0.5,0.5,0.0,0.0,0.0
2026-01-23 04:42:36,clusterB,5,4,1,3,0.25,0.5,0.5,0.0,0.0,0.0
2026-01-23 04:42:41,clusterA,5,4,4,0,1.00,0.5,0.5,0.0,0.0,0.0
2026-01-23 04:42:41,clusterB,5,4,1,3,0.25,0.5,0.5,0.0,0.0,0.0
2026-01-23 04:42:46,clusterA,5,4,4,0,1.00,0.5,0.5,0.0,0.0,0.0
2026-01-23 04:42:46,clusterB,5,4,1,3,0.25,0.5,0.5,0.0,0.0,0.0
2026-01-23 04:42:51,clusterA,5,4,4,0,1.00,0.5,0.5,0.0,0.0,0.0
2026-01-23 04:42:51,clusterB,5,4,1,3,0.25,0.5,0.5,0.0,0.0,0.0
2026-01-23 04:42:56,clusterA,5,4,4,0,1.00,0.5,0.5,0.0,0.0,0.0
2026-01-23 04:42:56,clusterB,5,4,1,3,0.25,0.5,0.5,0.0,0.0,0.0
2026-01-23 04:43:01,clusterA,5,4,4,0,1.00,0.5,0.5,0.0,0.0,0.0
2026-01-23 04:43:01,clusterB,5,4,1,3,0.25,0.5,0.5,0.0,0.0,0.0
2026-01-23 04:43:06,clusterA,5,4,4,0,1.00,0.5,0.5,0.0,0.0,0.0
2026-01-23 04:43:06,clusterB,5,4,1,3,0.25,0.5,0.5,0.0,0.0,0.0
2026-01-23 04:43:11,clusterA,5,4,4,0,1.00,0.5,0.5,0.0,0.0,0.0
2026-01-23 04:43:11,clusterB,5,4,1,3,0.25,0.5,0.5,0.0,0.0,0.0
2026-01-23 04:43:16,clusterA,5,4,4,0,1.00,0.5,0.5,0.0,0.0,0.0
2026-01-23 04:43:16,clusterB,5,4,1,3,0.25,0.5,0.5,0.0,0.0,0.0
2026-01-23 04:43:21,clusterA,5,4,4,0,1.00,0.5,0.5,0.0,0.0,0.0
2026-01-23 04:43:21,clusterB,5,4,1,3,0.25,0.5,0.5,0.0,0.0,0.0
2026-01-23 04:43:26,clusterA,5,4,4,0,1.00,0.5,0.5,0.0,0.0,0.0
2026-01-23 04:43:26,clusterB,5,4,1,3,0.25,0.5,0.5,0.0,0.0,0.0
2026-01-23 04:43:31,clusterA,5,4,4,0,1.00,0.5,0.5,0.0,0.0,0.0
2026-01-23 04:43:31,clusterB,5,4,1,3,0.25,0.5,0.5,0.0,0.0,0.0
2026-01-23 04:43:36,clusterA,5,4,4,0,1.00,0.5,0.5,0.0,0.0,0.0
2026-01-23 04:43:36,clusterB,5,4,1,3,0.25,0.5,0.5,0.0,0.0,0.0
2026-01-23 04:43:41,clusterA,5,4,4,0,1.00,0.5,0.5,0.0,0.0,0.0
2026-01-23 04:43:41,clusterB,5,4,1,3,0.25,0.5,0.5,0.0,0.0,0.0
2026-01-23 04:43:46,clusterA,5,4,4,0,1.00,0.5,0.5,0.0,0.0,0.0
2026-01-23 04:43:46,clusterB,5,4,1,3,0.25,0.5,0.5,0.0,0.0,0.0
2026-01-23 04:43:51,clusterA,5,4,4,0,1.00,0.5,0.5,0.0,0.0,0.0
2026-01-23 04:43:51,clusterB,5,4,1,3,0.25,0.5,0.5,0.0,0.0,0.0
2026-01-23 04:43:56,clusterA,5,4,4,0,1.00,0.5,0.5,0.0,0.0,0.0
2026-01-23 04:43:56,clusterB,5,4,1,3,0.25,0.5,0.5,0.0,0.0,0.0
2026-01-23 04:44:01,clusterA,5,4,4,0,1.00,0.5,0.5,0.0,0.0,0.0
2026-01-23 04:44:01,clusterB,5,4,1,3,0.25,0.5,0.5,0.0,0.0,0.0
2026-01-23 04:44:06,clusterA,5,4,4,0,1.00,0.5,0.5,0.0,0.0,0.0
2026-01-23 04:44:06,clusterB,5,4,1,3,0.25,0.5,0.5,0.0,0.0,0.0
2026-01-23 04:44:11,clusterA,5,4,4,0,1.00,0.5,0.5,0.0,0.0,0.0
2026-01-23 04:44:11,clusterB,5,4,1,3,0.25,0.5,0.5,0.0,0.0,0.0
2026-01-23 04:44:16,clusterA,5,4,4,0,1.00,0.5,0.5,0.0,0.0,0.0
2026-01-23 04:44:16,clusterB,5,4,1,3,0.25,0.5,0.5,0.0,0.0,0.0
2026-01-23 04:44:21,clusterA,5,4,4,0,1.00,0.5,0.5,0.0,0.0,0.0
2026-01-23 04:44:21,clusterB,5,4,1,3,0.25,0.5,0.5,0.0,0.0,0.0
2026-01-23 04:44:26,clusterA,5,4,4,0,1.00,0.5,0.5,0.0,0.0,0.0
2026-01-23 04:44:26,clusterB,5,4,1,3,0.25,0.5,0.5,0.0,0.0,0.0
2026-01-23 04:44:31,clusterA,5,4,4,0,1.00,0.5,0.5,0.0,0.0,0.0
2026-01-23 04:44:31,clusterB,5,4,1,3,0.25,0.5,0.5,0.0,0.0,0.0
2026-01-23 04:44:36,clusterA,5,4,4,0,1.00,0.5,0.5,0.0,0.0,0.0
2026-01-23 04:44:36,clusterB,5,4,1,3,0.25,0.5,0.5,0.0,0.0,0.0
2026-01-23 04:44:41,clusterA,5,4,4,0,1.00,0.5,0.5,0.0,0.0,0.0
2026-01-23 04:44:41,clusterB,5,4,1,3,0.25,0.5,0.5,0.0,0.0,0.0
2026-01-23 04:44:46,clusterA,5,4,4,0,1.00,0.5,0.5,0.0,0.0,0.0
2026-01-23 04:44:46,clusterB,5,4,1,3,0.25,0.5,0.5,0.0,0.0,0.0
2026-01-23 04:44:51,clusterA,5,4,4,0,1.00,0.5,0.5,0.0,0.0,0.0
2026-01-23 04:44:51,clusterB,5,4,1,3,0.25,0.5,0.5,0.0,0.0,0.0
2026-01-23 04:44:56,clusterA,5,4,4,0,1.00,0.5,0.5,0.0,0.0,0.0
2026-01-23 04:44:56,clusterB,5,4,1,3,0.25,0.5,0.5,0.0,0.0,0.0
2026-01-23 04:45:01,clusterA,5,4,4,0,1.00,0.5,0.5,0.0,0.0,0.0
2026-01-23 04:45:01,clusterB,5,4,1,3,0.25,0.5,0.5,0.0,0.0,0.0
2026-01-23 04:45:06,clusterA,5,4,4,0,1.00,0.5,0.5,0.0,0.0,0.0
2026-01-23 04:45:06,clusterB,5,4,1,3,0.25,0.5,0.5,0.0,0.0,0.0
2026-01-23 04:45:11,clusterA,5,4,4,0,1.00,0.5,0.5,0.0,0.0,0.0
2026-01-23 04:45:11,clusterB,5,4,1,3,0.25,0.5,0.5,0.0,0.0,0.0
2026-01-23 04:45:16,clusterA,5,4,4,0,1.00,0.5,0.5,0.0,0.0,0.0
2026-01-23 04:45:16,clusterB,5,4,1,3,0.25,0.5,0.5,0.0,0.0,0.0
2026-01-23 04:45:21,clusterA,5,4,4,0,1.00,0.5,0.5,0.0,0.0,0.0
2026-01-23 04:45:21,clusterB,5,4,1,3,0.25,0.5,0.5,0.0,0.0,0.0
2026-01-23 04:45:26,clusterA,5,4,4,0,1.00,0.5,0.5,0.0,0.0,0.0
2026-01-23 04:45:26,clusterB,5,4,1,3,0.25,0.5,0.5,0.0,0.0,0.0
2026-01-23 04:45:31,clusterA,5,4,4,0,1.00,0.5,0.5,0.0,0.0,0.0
2026-01-23 04:45:31,clusterB,5,4,1,3,0.25,0.5,0.5,0.0,0.0,0.0
2026-01-23 04:45:36,clusterA,5,4,4,0,1.00,0.5,0.5,0.0,0.0,0.0
2026-01-23 04:45:36,clusterB,5,4,1,3,0.25,0.5,0.5,0.0,0.0,0.0
2026-01-23 04:45:41,clusterA,5,4,4,0,1.00,0.5,0.5,0.0,0.0,0.0
2026-01-23 04:45:41,clusterB,5,4,1,3,0.25,0.5,0.5,0.0,0.0,0.0
2026-01-23 04:45:46,clusterA,5,4,4,0,1.00,0.5,0.5,0.0,0.0,0.0
2026-01-23 04:45:46,clusterB,5,4,1,3,0.25,0.5,0.5,0.0,0.0,0.0
2026-01-23 04:45:51,clusterA,5,4,4,0,1.00,0.5,0.5,0.0,0.0,0.0
2026-01-23 04:45:51,clusterB,5,4,1,3,0.25,0.5,0.5,0.0,0.0,0.0
2026-01-23 04:45:56,clusterA,5,4,4,0,1.00,0.5,0.5,0.0,0.0,0.0
2026-01-23 04:45:56,clusterB,5,4,1,3,0.25,0.5,0.5,0.0,0.0,0.0
2026-01-23 04:46:01,clusterA,5,4,4,0,1.00,0.5,0.5,0.0,0.0,0.0
2026-01-23 04:46:01,clusterB,5,4,1,3,0.25,0.5,0.5,0.0,0.0,0.0
2026-01-23 04:46:06,clusterA,5,4,4,0,1.00,0.5,0.5,0.0,0.0,0.0
2026-01-23 04:46:06,clusterB,5,4,1,3,0.25,0.5,0.5,0.0,0.0,0.0
2026-01-23 04:46:11,clusterA,5,4,4,0,1.00,0.5,0.5,0.0,0.0,0.0
2026-01-23 04:46:11,clusterB,5,4,1,3,0.25,0.5,0.5,0.0,0.0,0.0
2026-01-23 04:46:16,clusterA,5,4,4,0,1.00,0.5,0.5,0.0,0.0,0.0
2026-01-23 04:46:16,clusterB,5,4,1,3,0.25,0.5,0.5,0.0,0.0,0.0
2026-01-23 04:46:21,clusterA,5,4,4,0,1.00,0.5,0.5,0.0,0.0,0.0
2026-01-23 04:46:21,clusterB,5,4,1,3,0.25,0.5,0.5,0.0,0.0,0.0
2026-01-23 04:46:26,clusterA,5,4,4,0,1.00,0.5,0.5,0.0,0.0,0.0
2026-01-23 04:46:26,clusterB,5,4,1,3,0.25,0.5,0.5,0.0,0.0,0.0
2026-01-23 04:46:31,clusterA,5,4,4,0,1.00,0.5,0.5,0.0,0.0,0.0
2026-01-23 04:46:31,clusterB,5,4,1,3,0.25,0.5,0.5,0.0,0.0,0.0
2026-01-23 04:46:36,clusterA,5,4,4,0,1.00,0.5,0.5,0.0,0.0,0.0
2026-01-23 04:46:36,clusterB,5,4,1,3,0.25,0.5,0.5,0.0,0.0,0.0
2026-01-23 04:46:41,clusterA,5,4,4,0,1.00,0.5,0.5,0.0,0.0,0.0
2026-01-23 04:46:41,clusterB,5,4,1,3,0.25,0.5,0.5,0.0,0.0,0.0
2026-01-23 04:46:46,clusterA,5,4,4,0,1.00,0.5,0.5,0.0,0.0,0.0
2026-01-23 04:46:46,clusterB,5,4,1,3,0.25,0.5,0.5,0.0,0.0,0.0
2026-01-23 04:46:51,clusterA,5,4,4,0,1.00,0.5,0.5,0.0,0.0,0.0
2026-01-23 04:46:51,clusterB,5,4,1,3,0.25,0.5,0.5,0.0,0.0,0.0
2026-01-23 04:46:56,clusterA,5,4,4,0,1.00,0.5,0.5,0.0,0.0,0.0
2026-01-23 04:46:56,clusterB,5,4,1,3,0.25,0.5,0.5,0.0,0.0,0.0
2026-01-23 04:47:01,clusterA,5,4,4,0,1.00,0.5,0.5,0.0,0.0,0.0
2026-01-23 04:47:01,clusterB,5,4,1,3,0.25,0.5,0.5,0.0,0.0,0.0
2026-01-23 04:47:06,clusterA,5,4,4,0,1.00,0.5,0.5,0.0,0.0,0.0
2026-01-23 04:47:06,clusterB,5,4,1,3,0.25,0.5,0.5,0.0,0.0,0.0
2026-01-23 04:47:11,clusterA,5,4,4,0,1.00,0.5,0.5,0.0,0.0,0.0
2026-01-23 04:47:11,clusterB,5,4,1,3,0.25,0.5,0.5,0.0,0.0,0.0
2026-01-23 04:47:16,clusterA,5,4,4,0,1.00,0.5,0.5,0.0,0.0,0.0
2026-01-23 04:47:16,clusterB,5,4,1,3,0.25,0.5,0.5,0.0,0.0,0.0
2026-01-23 04:47:21,clusterA,5,4,4,0,1.00,0.5,0.5,0.0,0.0,0.0
2026-01-23 04:47:21,clusterB,5,4,1,3,0.25,0.5,0.5,0.0,0.0,0.0
2026-01-23 04:47:26,clusterA,5,4,4,0,1.00,0.5,0.5,0.0,0.0,0.0
2026-01-23 04:47:26,clusterB,5,4,1,3,0.25,0.5,0.5,0.0,0.0,0.0
2026-01-23 04:47:31,clusterA,5,4,4,0,1.00,0.5,0.5,0.0,0.0,0.0
2026-01-23 04:47:31,clusterB,5,4,1,3,0.25,0.5,0.5,0.0,0.0,0.0
2026-01-23 04:47:36,clusterA,5,4,4,0,1.00,0.5,0.5,0.0,0.0,0.0
2026-01-23 04:47:36,clusterB,5,4,1,3,0.25,0.5,0.5,0.0,0.0,0.0
2026-01-23 04:47:41,clusterA,5,4,4,0,1.00,0.5,0.5,0.0,0.0,0.0
2026-01-23 04:47:41,clusterB,5,4,1,3,0.25,0.5,0.5,0.0,0.0,0.0
2026-01-23 04:47:46,clusterA,5,4,4,0,1.00,0.5,0.5,0.0,0.0,0.0
2026-01-23 04:47:46,clusterB,5,4,1,3,0.25,0.5,0.5,0.0,0.0,0.0
2026-01-23 04:47:51,clusterA,5,4,4,0,1.00,0.5,0.5,0.0,0.0,0.0
2026-01-23 04:47:51,clusterB,5,4,1,3,0.25,0.5,0.5,0.0,0.0,0.0
2026-01-23 04:47:56,clusterA,5,4,4,0,1.00,0.5,0.5,0.0,0.0,0.0
2026-01-23 04:47:56,clusterB,5,4,1,3,0.25,0.5,0.5,0.0,0.0,0.0
2026-01-23 04:48:01,clusterA,5,4,4,0,1.00,0.5,0.5,0.0,0.0,0.0
2026-01-23 04:48:01,clusterB,5,4,1,3,0.25,0.5,0.5,0.0,0.0,0.0
2026-01-23 04:48:06,clusterA,5,4,4,0,1.00,0.5,0.5,0.0,0.0,0.0
2026-01-23 04:48:06,clusterB,5,4,1,3,0.25,0.5,0.5,0.0,0.0,0.0
2026-01-23 04:48:11,clusterA,5,4,4,0,1.00,0.5,0.5,0.0,0.0,0.0
2026-01-23 04:48:11,clusterB,5,4,1,3,0.25,0.5,0.5,0.0,0.0,0.0
2026-01-23 04:48:16,clusterA,5,4,4,0,1.00,0.5,0.5,0.0,0.0,0.0
2026-01-23 04:48:16,clusterB,5,4,1,3,0.25,0.5,0.5,0.0,0.0,0.0
2026-01-23 04:48:21,clusterA,5,4,4,0,1.00,0.5,0.5,0.0,0.0,0.0
2026-01-23 04:48:21,clusterB,5,4,1,3,0.25,0.5,0.5,0.0,0.0,0.0
2026-01-23 04:48:26,clusterA,5,4,4,0,1.00,0.5,0.5,0.0,0.0,0.0
2026-01-23 04:48:26,clusterB,5,4,1,3,0.25,0.5,0.5,0.0,0.0,0.0
2026-01-23 04:48:31,clusterA,5,4,4,0,1.00,0.5,0.5,0.0,0.0,0.0
2026-01-23 04:48:31,clusterB,5,4,1,3,0.25,0.5,0.5,0.0,0.0,0.0
2026-01-23 04:48:36,clusterA,5,4,4,0,1.00,0.5,0.5,0.0,0.0,0.0
2026-01-23 04:48:36,clusterB,5,4,1,3,0.25,0.5,0.5,0.0,0.0,0.0
2026-01-23 04:48:41,clusterA,5,4,4,0,1.00,0.5,0.5,0.0,0.0,0.0
2026-01-23 04:48:41,clusterB,5,4,1,3,0.25,0.5,0.5,0.0,0.0,0.0
2026-01-23 04:48:46,clusterA,5,4,4,0,1.00,0.5,0.5,0.0,0.0,0.0
2026-01-23 04:48:46,clusterB,5,4,1,3,0.25,0.5,0.5,0.0,0.0,0.0
2026-01-23 04:48:51,clusterA,6,4,4,0,1.00,0.5,0.5,0.0,0.0,0.0
2026-01-23 04:48:51,clusterB,6,4,1,3,0.25,0.5,0.5,0.0,0.0,0.0
2026-01-23 04:48:56,clusterA,6,4,4,0,1.00,0.5,0.5,0.0,0.0,0.0
2026-01-23 04:48:56,clusterB,6,4,1,3,0.25,0.5,0.5,0.0,0.0,0.0
2026-01-23 04:49:01,clusterA,6,4,4,0,1.00,0.5,0.5,0.0,0.0,0.0
2026-01-23 04:49:01,clusterB,6,4,1,3,0.25,0.5,0.5,0.0,0.0,0.0
2026-01-23 04:49:06,clusterA,6,4,4,0,1.00,0.5,0.5,0.0,0.0,0.0
2026-01-23 04:49:06,clusterB,6,4,1,3,0.25,0.5,0.5,0.0,0.0,0.0
2026-01-23 04:49:11,clusterA,6,4,4,0,1.00,0.5,0.5,0.0,0.0,0.0
2026-01-23 04:49:11,clusterB,6,4,1,3,0.25,0.5,0.5,0.0,0.0,0.0
2026-01-23 04:49:16,clusterA,6,4,4,0,1.00,0.5,0.5,0.0,0.0,0.0
2026-01-23 04:49:16,clusterB,6,4,1,3,0.25,0.5,0.5,0.0,0.0,0.0
2026-01-23 04:49:21,clusterA,6,4,4,0,1.00,0.5,0.5,0.0,0.0,0.0
2026-01-23 04:49:21,clusterB,6,4,1,3,0.25,0.5,0.5,0.0,0.0,0.0
2026-01-23 04:49:26,clusterA,6,4,4,0,1.00,0.5,0.5,0.0,0.0,0.0
2026-01-23 04:49:26,clusterB,6,4,1,3,0.25,0.5,0.5,0.0,0.0,0.0
2026-01-23 04:49:31,clusterA,6,4,4,0,1.00,0.5,0.5,0.0,0.0,0.0
2026-01-23 04:49:31,clusterB,6,4,1,3,0.25,0.5,0.5,0.0,0.0,0.0
2026-01-23 04:49:36,clusterA,6,4,4,0,1.00,0.5,0.5,0.0,0.0,0.0
2026-01-23 04:49:36,clusterB,6,4,1,3,0.25,0.5,0.5,0.0,0.0,0.0
2026-01-23 04:49:41,clusterA,6,4,4,0,1.00,0.5,0.5,0.0,0.0,0.0
2026-01-23 04:49:41,clusterB,6,4,1,3,0.25,0.5,0.5,0.0,0.0,0.0
2026-01-23 04:49:46,clusterA,6,4,4,0,1.00,0.5,0.5,0.0,0.0,0.0
2026-01-23 04:49:46,clusterB,6,4,1,3,0.25,0.5,0.5,0.0,0.0,0.0
2026-01-23 04:49:51,clusterA,6,4,4,0,1.00,0.5,0.5,0.0,0.0,0.0
2026-01-23 04:49:51,clusterB,6,4,1,3,0.25,0.5,0.5,0.0,0.0,0.0
2026-01-23 04:49:56,clusterA,6,4,4,0,1.00,0.5,0.5,0.0,0.0,0.0
2026-01-23 04:49:56,clusterB,6,4,1,3,0.25,0.5,0.5,0.0,0.0,0.0
2026-01-23 04:50:01,clusterA,6,4,4,0,1.00,0.5,0.5,0.0,0.0,0.0
2026-01-23 04:50:01,clusterB,6,4,1,3,0.25,0.5,0.5,0.0,0.0,0.0
2026-01-23 04:50:06,clusterA,6,4,4,0,1.00,0.5,0.5,0.0,0.0,0.0
2026-01-23 04:50:06,clusterB,6,4,1,3,0.25,0.5,0.5,0.0,0.0,0.0
2026-01-23 04:50:11,clusterA,6,4,4,0,1.00,0.5,0.5,0.0,0.0,0.0
2026-01-23 04:50:11,clusterB,6,4,1,3,0.25,0.5,0.5,0.0,0.0,0.0
2026-01-23 04:50:16,clusterA,6,4,4,0,1.00,0.5,0.5,0.0,0.0,0.0
2026-01-23 04:50:16,clusterB,6,4,1,3,0.25,0.5,0.5,0.0,0.0,0.0
2026-01-23 04:50:21,clusterA,6,4,4,0,1.00,0.5,0.5,0.0,0.0,0.0
2026-01-23 04:50:21,clusterB,6,4,1,3,0.25,0.5,0.5,0.0,0.0,0.0
2026-01-23 04:50:26,clusterA,6,4,4,0,1.00,0.5,0.5,0.0,0.0,0.0
2026-01-23 04:50:26,clusterB,6,4,1,3,0.25,0.5,0.5,0.0,0.0,0.0
2026-01-23 04:50:31,clusterA,6,4,4,0,1.00,0.5,0.5,0.0,0.0,0.0
2026-01-23 04:50:31,clusterB,6,4,1,3,0.25,0.5,0.5,0.0,0.0,0.0
2026-01-23 04:50:36,clusterA,6,4,4,0,1.00,0.5,0.5,0.0,0.0,0.0
2026-01-23 04:50:36,clusterB,6,4,1,3,0.25,0.5,0.5,0.0,0.0,0.0
2026-01-23 04:50:41,clusterA,6,4,4,0,1.00,0.5,0.5,0.0,0.0,0.0
2026-01-23 04:50:41,clusterB,6,4,1,3,0.25,0.5,0.5,0.0,0.0,0.0
2026-01-23 04:50:46,clusterA,6,4,4,0,1.00,0.5,0.5,0.0,0.0,0.0
2026-01-23 04:50:46,clusterB,6,4,1,3,0.25,0.5,0.5,0.0,0.0,0.0
2026-01-23 04:50:51,clusterA,6,4,4,0,1.00,0.5,0.5,0.0,0.0,0.0
2026-01-23 04:50:51,clusterB,6,4,1,3,0.25,0.5,0.5,0.0,0.0,0.0
2026-01-23 04:50:56,clusterA,6,4,4,0,1.00,0.5,0.5,0.0,0.0,0.0
2026-01-23 04:50:56,clusterB,6,4,1,3,0.25,0.5,0.5,0.0,0.0,0.0
2026-01-23 04:51:01,clusterA,6,4,4,0,1.00,0.5,0.5,0.0,0.0,0.0
2026-01-23 04:51:01,clusterB,6,4,1,3,0.25,0.5,0.5,0.0,0.0,0.0
2026-01-23 04:51:06,clusterA,6,4,4,0,1.00,0.5,0.5,0.0,0.0,0.0
2026-01-23 04:51:06,clusterB,6,4,1,3,0.25,0.5,0.5,0.0,0.0,0.0
2026-01-23 04:51:11,clusterA,6,4,4,0,1.00,0.5,0.5,0.0,0.0,0.0
2026-01-23 04:51:11,clusterB,6,4,1,3,0.25,0.5,0.5,0.0,0.0,0.0
2026-01-23 04:51:16,clusterA,6,4,4,0,1.00,0.5,0.5,0.0,0.0,0.0
2026-01-23 04:51:16,clusterB,6,4,1,3,0.25,0.5,0.5,0.0,0.0,0.0
2026-01-23 04:51:21,clusterA,6,4,4,0,1.00,0.5,0.5,0.0,0.0,0.0
2026-01-23 04:51:21,clusterB,6,4,1,3,0.25,0.5,0.5,0.0,0.0,0.0
2026-01-23 04:51:26,clusterA,6,4,4,0,1.00,0.5,0.5,0.0,0.0,0.0
2026-01-23 04:51:26,clusterB,6,4,1,3,0.25,0.5,0.5,0.0,0.0,0.0
2026-01-23 04:51:31,clusterA,6,4,4,0,1.00,0.5,0.5,0.0,0.0,0.0
2026-01-23 04:51:31,clusterB,6,4,1,3,0.25,0.5,0.5,0.0,0.0,0.0
2026-01-23 04:51:36,clusterA,6,4,4,0,1.00,0.5,0.5,0.0,0.0,0.0
2026-01-23 04:51:36,clusterB,6,4,1,3,0.25,0.5,0.5,0.0,0.0,0.0
2026-01-23 04:51:41,clusterA,6,4,4,0,1.00,0.5,0.5,0.0,0.0,0.0
2026-01-23 04:51:41,clusterB,6,4,1,3,0.25,0.5,0.5,0.0,0.0,0.0
2026-01-23 04:51:46,clusterA,6,4,4,0,1.00,0.5,0.5,0.0,0.0,0.0
2026-01-23 04:51:46,clusterB,6,4,1,3,0.25,0.5,0.5,0.0,0.0,0.0
2026-01-23 04:51:51,clusterA,6,4,4,0,1.00,0.5,0.5,0.0,0.0,0.0
2026-01-23 04:51:51,clusterB,6,4,1,3,0.25,0.5,0.5,0.0,0.0,0.0
2026-01-23 04:51:56,clusterA,6,4,4,0,1.00,0.5,0.5,0.0,0.0,0.0
2026-01-23 04:51:56,clusterB,6,4,1,3,0.25,0.5,0.5,0.0,0.0,0.0
2026-01-23 04:52:01,clusterA,6,4,4,0,1.00,0.5,0.5,0.0,0.0,0.0
2026-01-23 04:52:01,clusterB,6,4,1,3,0.25,0.5,0.5,0.0,0.0,0.0
2026-01-23 04:52:06,clusterA,6,4,4,0,1.00,0.5,0.5,0.0,0.0,0.0
2026-01-23 04:52:06,clusterB,6,4,1,3,0.25,0.5,0.5,0.0,0.0,0.0
2026-01-23 04:52:11,clusterA,6,4,4,0,1.00,0.5,0.5,0.0,0.0,0.0
2026-01-23 04:52:11,clusterB,6,4,1,3,0.25,0.5,0.5,0.0,0.0,0.0
2026-01-23 04:52:16,clusterA,6,4,4,0,1.00,0.5,0.5,0.0,0.0,0.0
2026-01-23 04:52:16,clusterB,6,4,1,3,0.25,0.5,0.5,0.0,0.0,0.0
2026-01-23 04:52:21,clusterA,6,4,4,0,1.00,0.5,0.5,0.0,0.0,0.0
2026-01-23 04:52:21,clusterB,6,4,1,3,0.25,0.5,0.5,0.0,0.0,0.0
2026-01-23 04:52:26,clusterA,6,4,4,0,1.00,0.5,0.5,0.0,0.0,0.0
2026-01-23 04:52:26,clusterB,6,4,1,3,0.25,0.5,0.5,0.0,0.0,0.0
2026-01-23 04:52:31,clusterA,6,4,4,0,1.00,0.5,0.5,0.0,0.0,0.0
2026-01-23 04:52:31,clusterB,6,4,1,3,0.25,0.5,0.5,0.0,0.0,0.0
2026-01-23 04:52:36,clusterA,6,4,4,0,1.00,0.5,0.5,0.0,0.0,0.0
2026-01-23 04:52:36,clusterB,6,4,1,3,0.25,0.5,0.5,0.0,0.0,0.0
2026-01-23 04:52:41,clusterA,6,4,4,0,1.00,0.5,0.5,0.0,0.0,0.0
2026-01-23 04:52:41,clusterB,6,4,1,3,0.25,0.5,0.5,0.0,0.0,0.0
2026-01-23 04:52:46,clusterA,6,4,4,0,1.00,0.5,0.5,0.0,0.0,0.0
2026-01-23 04:52:46,clusterB,6,4,1,3,0.25,0.5,0.5,0.0,0.0,0.0
2026-01-23 04:52:51,clusterA,6,4,4,0,1.00,0.5,0.5,0.0,0.0,0.0
2026-01-23 04:52:51,clusterB,6,4,1,3,0.25,0.5,0.5,0.0,0.0,0.0
2026-01-23 04:52:56,clusterA,6,4,4,0,1.00,0.5,0.5,0.0,0.0,0.0
2026-01-23 04:52:56,clusterB,6,4,1,3,0.25,0.5,0.5,0.0,0.0,0.0
2026-01-23 04:53:01,clusterA,6,4,4,0,1.00,0.5,0.5,0.0,0.0,0.0
2026-01-23 04:53:01,clusterB,6,4,1,3,0.25,0.5,0.5,0.0,0.0,0.0
2026-01-23 04:53:06,clusterA,6,4,4,0,1.00,0.5,0.5,0.0,0.0,0.0
2026-01-23 04:53:06,clusterB,6,4,1,3,0.25,0.5,0.5,0.0,0.0,0.0
2026-01-23 04:53:11,clusterA,6,4,4,0,1.00,0.5,0.5,0.0,0.0,0.0
2026-01-23 04:53:11,clusterB,6,4,1,3,0.25,0.5,0.5,0.0,0.0,0.0
2026-01-23 04:53:16,clusterA,6,4,4,0,1.00,0.5,0.5,0.0,0.0,0.0
2026-01-23 04:53:16,clusterB,6,4,1,3,0.25,0.5,0.5,0.0,0.0,0.0
2026-01-23 04:53:21,clusterA,6,4,4,0,1.00,0.5,0.5,0.0,0.0,0.0
2026-01-23 04:53:21,clusterB,6,4,1,3,0.25,0.5,0.5,0.0,0.0,0.0
2026-01-23 04:53:26,clusterA,6,4,4,0,1.00,0.5,0.5,0.0,0.0,0.0
2026-01-23 04:53:26,clusterB,6,4,1,3,0.25,0.5,0.5,0.0,0.0,0.0
2026-01-23 04:53:31,clusterA,6,4,4,0,1.00,0.5,0.5,0.0,0.0,0.0
2026-01-23 04:53:31,clusterB,6,4,1,3,0.25,0.5,0.5,0.0,0.0,0.0
2026-01-23 04:53:36,clusterA,6,4,4,0,1.00,0.5,0.5,0.0,0.0,0.0
2026-01-23 04:53:36,clusterB,6,4,1,3,0.25,0.5,0.5,0.0,0.0,0.0
2026-01-23 04:53:41,clusterA,6,4,4,0,1.00,0.5,0.5,0.0,0.0,0.0
2026-01-23 04:53:41,clusterB,6,4,1,3,0.25,0.5,0.5,0.0,0.0,0.0
2026-01-23 04:53:46,clusterA,6,4,4,0,1.00,0.5,0.5,0.0,0.0,0.0
2026-01-23 04:53:46,clusterB,6,4,1,3,0.25,0.5,0.5,0.0,0.0,0.0
2026-01-23 04:53:51,clusterA,6,4,4,0,1.00,0.5,0.5,0.0,0.0,0.0
2026-01-23 04:53:51,clusterB,6,4,1,3,0.25,0.5,0.5,0.0,0.0,0.0
2026-01-23 04:53:56,clusterA,6,4,4,0,1.00,0.5,0.5,0.0,0.0,0.0
2026-01-23 04:53:56,clusterB,6,4,1,3,0.25,0.5,0.5,0.0,0.0,0.0
2026-01-23 04:54:01,clusterA,6,4,4,0,1.00,0.5,0.5,0.0,0.0,0.0
2026-01-23 04:54:01,clusterB,6,4,1,3,0.25,0.5,0.5,0.0,0.0,0.0
2026-01-23 04:54:06,clusterA,6,4,4,0,1.00,0.5,0.5,0.0,0.0,0.0
2026-01-23 04:54:06,clusterB,6,4,1,3,0.25,0.5,0.5,0.0,0.0,0.0
2026-01-23 04:54:11,clusterA,6,4,4,0,1.00,0.5,0.5,0.0,0.0,0.0
2026-01-23 04:54:11,clusterB,6,4,1,3,0.25,0.5,0.5,0.0,0.0,0.0
2026-01-23 04:54:16,clusterA,6,4,4,0,1.00,0.5,0.5,0.0,0.0,0.0
2026-01-23 04:54:16,clusterB,6,4,1,3,0.25,0.5,0.5,0.0,0.0,0.0
2026-01-23 04:54:21,clusterA,6,4,4,0,1.00,0.5,0.5,0.0,0.0,0.0
2026-01-23 04:54:21,clusterB,6,4,1,3,0.25,0.5,0.5,0.0,0.0,0.0
2026-01-23 04:54:26,clusterA,6,4,4,0,1.00,0.5,0.5,0.0,0.0,0.0
2026-01-23 04:54:26,clusterB,6,4,1,3,0.25,0.5,0.5,0.0,0.0,0.0
2026-01-23 04:54:31,clusterA,6,4,4,0,1.00,0.5,0.5,0.0,0.0,0.0
2026-01-23 04:54:31,clusterB,6,4,1,3,0.25,0.5,0.5,0.0,0.0,0.0
2026-01-23 04:54:36,clusterA,6,4,4,0,1.00,0.5,0.5,0.0,0.0,0.0
2026-01-23 04:54:36,clusterB,6,4,1,3,0.25,0.5,0.5,0.0,0.0,0.0
2026-01-23 04:54:41,clusterA,6,4,4,0,1.00,0.5,0.5,0.0,0.0,0.0
2026-01-23 04:54:41,clusterB,6,4,1,3,0.25,0.5,0.5,0.0,0.0,0.0
2026-01-23 04:54:46,clusterA,6,4,4,0,1.00,0.5,0.5,0.0,0.0,0.0
2026-01-23 04:54:46,clusterB,6,4,1,3,0.25,0.5,0.5,0.0,0.0,0.0
2026-01-23 04:54:51,clusterA,6,4,4,0,1.00,0.5,0.5,0.0,0.0,0.0
2026-01-23 04:54:51,clusterB,6,4,1,3,0.25,0.5,0.5,0.0,0.0,0.0
2026-01-23 04:54:56,clusterA,6,4,4,0,1.00,0.5,0.5,0.0,0.0,0.0
2026-01-23 04:54:56,clusterB,6,4,1,3,0.25,0.5,0.5,0.0,0.0,0.0
2026-01-23 04:55:01,clusterA,6,4,4,0,1.00,0.5,0.5,0.0,0.0,0.0
2026-01-23 04:55:01,clusterB,6,4,1,3,0.25,0.5,0.5,0.0,0.0,0.0
2026-01-23 04:55:06,clusterA,6,4,4,0,1.00,0.5,0.5,0.0,0.0,0.0
2026-01-23 04:55:06,clusterB,6,4,1,3,0.25,0.5,0.5,0.0,0.0,0.0
2026-01-23 04:55:11,clusterA,6,4,4,0,1.00,0.5,0.5,0.0,0.0,0.0
2026-01-23 04:55:11,clusterB,6,4,1,3,0.25,0.5,0.5,0.0,0.0,0.0
2026-01-23 04:55:16,clusterA,6,4,4,0,1.00,0.5,0.5,0.0,0.0,0.0
2026-01-23 04:55:16,clusterB,6,4,1,3,0.25,0.5,0.5,0.0,0.0,0.0
2026-01-23 04:55:21,clusterA,6,4,4,0,1.00,0.5,0.5,0.0,0.0,0.0
2026-01-23 04:55:21,clusterB,6,4,1,3,0.25,0.5,0.5,0.0,0.0,0.0
2026-01-23 04:55:26,clusterA,6,4,4,0,1.00,0.5,0.5,0.0,0.0,0.0
2026-01-23 04:55:26,clusterB,6,4,1,3,0.25,0.5,0.5,0.0,0.0,0.0
2026-01-23 04:55:31,clusterA,6,4,4,0,1.00,0.5,0.5,0.0,0.0,0.0
2026-01-23 04:55:31,clusterB,6,4,1,3,0.25,0.5,0.5,0.0,0.0,0.0
2026-01-23 04:55:36,clusterA,6,4,4,0,1.00,0.5,0.5,0.0,0.0,0.0
2026-01-23 04:55:36,clusterB,6,4,1,3,0.25,0.5,0.5,0.0,0.0,0.0
2026-01-23 04:55:41,clusterA,6,4,4,0,1.00,0.5,0.5,0.0,0.0,0.0
2026-01-23 04:55:41,clusterB,6,4,1,3,0.25,0.5,0.5,0.0,0.0,0.0
2026-01-23 04:55:46,clusterA,6,4,4,0,1.00,0.5,0.5,0.0,0.0,0.0
2026-01-23 04:55:46,clusterB,6,4,1,3,0.25,0.5,0.5,0.0,0.0,0.0
2026-01-23 04:55:51,clusterA,6,4,4,0,1.00,0.5,0.5,0.0,0.0,0.0
2026-01-23 04:55:51,clusterB,6,4,1,3,0.25,0.5,0.5,0.0,0.0,0.0
2026-01-23 04:55:56,clusterA,6,4,4,0,1.00,0.5,0.5,0.0,0.0,0.0
2026-01-23 04:55:56,clusterB,6,4,1,3,0.25,0.5,0.5,0.0,0.0,0.0
2026-01-23 04:56:01,clusterA,6,4,4,0,1.00,0.5,0.5,0.0,0.0,0.0
2026-01-23 04:56:01,clusterB,6,4,1,3,0.25,0.5,0.5,0.0,0.0,0.0
2026-01-23 04:56:07,clusterA,6,4,4,0,1.00,0.5,0.5,0.0,0.0,0.0
2026-01-23 04:56:07,clusterB,6,4,1,3,0.25,0.5,0.5,0.0,0.0,0.0
2026-01-23 04:56:12,clusterA,6,4,4,0,1.00,0.5,0.5,0.0,0.0,0.0
2026-01-23 04:56:12,clusterB,6,4,1,3,0.25,0.5,0.5,0.0,0.0,0.0
2026-01-23 04:56:17,clusterA,6,4,4,0,1.00,0.5,0.5,0.0,0.0,0.0
2026-01-23 04:56:17,clusterB,6,4,1,3,0.25,0.5,0.5,0.0,0.0,0.0
2026-01-23 04:56:22,clusterA,6,4,4,0,1.00,0.5,0.5,0.0,0.0,0.0
2026-01-23 04:56:22,clusterB,6,4,1,3,0.25,0.5,0.5,0.0,0.0,0.0
2026-01-23 04:56:27,clusterA,6,4,4,0,1.00,0.5,0.5,0.0,0.0,0.0
2026-01-23 04:56:27,clusterB,6,4,1,3,0.25,0.5,0.5,0.0,0.0,0.0
2026-01-23 04:56:32,clusterA,6,4,4,0,1.00,0.5,0.5,0.0,0.0,0.0
2026-01-23 04:56:32,clusterB,6,4,1,3,0.25,0.5,0.5,0.0,0.0,0.0
2026-01-23 04:56:37,clusterA,6,4,4,0,1.00,0.5,0.5,0.0,0.0,0.0
2026-01-23 04:56:37,clusterB,6,4,1,3,0.25,0.5,0.5,0.0,0.0,0.0
2026-01-23 04:56:42,clusterA,6,4,4,0,1.00,0.5,0.5,0.0,0.0,0.0
2026-01-23 04:56:42,clusterB,6,4,1,3,0.25,0.5,0.5,0.0,0.0,0.0
2026-01-23 04:56:47,clusterA,6,4,4,0,1.00,0.5,0.5,0.0,0.0,0.0
2026-01-23 04:56:47,clusterB,6,4,1,3,0.25,0.5,0.5,0.0,0.0,0.0
2026-01-23 04:56:52,clusterA,6,4,4,0,1.00,0.5,0.5,0.0,0.0,0.0
2026-01-23 04:56:52,clusterB,6,4,1,3,0.25,0.5,0.5,0.0,0.0,0.0
2026-01-23 04:56:57,clusterA,6,4,4,0,1.00,0.5,0.5,0.0,0.0,0.0
2026-01-23 04:56:57,clusterB,6,4,1,3,0.25,0.5,0.5,0.0,0.0,0.0
2026-01-23 04:57:02,clusterA,6,4,4,0,1.00,0.5,0.5,0.0,0.0,0.0
2026-01-23 04:57:02,clusterB,6,4,1,3,0.25,0.5,0.5,0.0,0.0,0.0
2026-01-23 04:57:07,clusterA,6,4,4,0,1.00,0.5,0.5,0.0,0.0,0.0
2026-01-23 04:57:07,clusterB,6,4,1,3,0.25,0.5,0.5,0.0,0.0,0.0
2026-01-23 04:57:12,clusterA,6,4,4,0,1.00,0.5,0.5,0.0,0.0,0.0
2026-01-23 04:57:12,clusterB,6,4,1,3,0.25,0.5,0.5,0.0,0.0,0.0
2026-01-23 04:57:17,clusterA,6,4,4,0,1.00,0.5,0.5,0.0,0.0,0.0
2026-01-23 04:57:17,clusterB,6,4,1,3,0.25,0.5,0.5,0.0,0.0,0.0
2026-01-23 04:57:22,clusterA,6,4,4,0,1.00,0.5,0.5,0.0,0.0,0.0
2026-01-23 04:57:22,clusterB,6,4,1,3,0.25,0.5,0.5,0.0,0.0,0.0
2026-01-23 04:57:27,clusterA,6,4,4,0,1.00,0.5,0.5,0.0,0.0,0.0
2026-01-23 04:57:27,clusterB,6,4,1,3,0.25,0.5,0.5,0.0,0.0,0.0
2026-01-23 04:57:32,clusterA,6,4,4,0,1.00,0.5,0.5,0.0,0.0,0.0
2026-01-23 04:57:32,clusterB,6,4,1,3,0.25,0.5,0.5,0.0,0.0,0.0
2026-01-23 04:57:37,clusterA,7,4,4,0,1.00,0.5,0.5,0.0,0.0,0.0
2026-01-23 04:57:37,clusterB,7,4,1,3,0.25,0.5,0.5,0.0,0.0,0.0
2026-01-23 04:57:42,clusterA,7,4,4,0,1.00,0.5,0.5,0.0,0.0,0.0
2026-01-23 04:57:42,clusterB,7,4,1,3,0.25,0.5,0.5,0.0,0.0,0.0
2026-01-23 04:57:47,clusterA,7,4,4,0,1.00,0.5,0.5,0.0,0.0,0.0
2026-01-23 04:57:47,clusterB,7,4,1,3,0.25,0.5,0.5,0.0,0.0,0.0
2026-01-23 04:57:52,clusterA,7,4,4,0,1.00,0.5,0.5,0.0,0.0,0.0
2026-01-23 04:57:52,clusterB,7,4,1,3,0.25,0.5,0.5,0.0,0.0,0.0
2026-01-23 04:57:57,clusterA,7,4,4,0,1.00,0.5,0.5,0.0,0.0,0.0
2026-01-23 04:57:57,clusterB,7,4,0,4,0.00,0.5,0.5,0.0,0.0,0.0
2026-01-23 04:58:02,clusterA,6,4,4,0,1.00,0.5,0.5,0.0,0.0,0.0
2026-01-23 04:58:02,clusterB,6,4,4,0,1.00,0.5,0.5,0.0,0.0,0.0
2026-01-23 04:58:07,clusterA,6,4,4,0,1.00,0.5,0.5,0.0,0.0,0.0
2026-01-23 04:58:07,clusterB,6,4,4,0,1.00,0.5,0.5,0.0,0.0,0.0
2026-01-23 04:58:12,clusterA,6,4,4,0,1.00,0.5,0.5,0.0,0.0,0.0
2026-01-23 04:58:12,clusterB,6,4,4,0,1.00,0.5,0.5,0.0,0.0,0.0
2026-01-23 04:58:17,clusterA,6,4,4,0,1.00,0.5,0.5,0.0,0.0,0.0
2026-01-23 04:58:17,clusterB,6,4,4,0,1.00,0.5,0.5,0.0,0.0,0.0
2026-01-23 04:58:22,clusterA,6,4,4,0,1.00,0.5,0.5,0.0,0.0,0.0
2026-01-23 04:58:22,clusterB,6,4,4,0,1.00,0.5,0.5,0.0,0.0,0.0
2026-01-23 04:58:27,clusterA,6,4,4,0,1.00,0.5,0.5,0.0,0.0,0.0
2026-01-23 04:58:27,clusterB,6,4,4,0,1.00,0.5,0.5,0.0,0.0,0.0
2026-01-23 04:58:32,clusterA,6,4,4,0,1.00,0.5,0.5,0.0,0.0,0.0
2026-01-23 04:58:32,clusterB,6,4,4,0,1.00,0.5,0.5,0.0,0.0,0.0
2026-01-23 04:58:37,clusterA,6,4,4,0,1.00,0.5,0.5,0.0,0.0,0.0
2026-01-23 04:58:37,clusterB,6,4,4,0,1.00,0.5,0.5,0.0,0.0,0.0
2026-01-23 04:58:42,clusterA,6,4,4,0,1.00,0.5,0.5,0.0,0.0,0.0
2026-01-23 04:58:42,clusterB,6,4,4,0,1.00,0.5,0.5,0.0,0.0,0.0
2026-01-23 04:58:47,clusterA,6,4,4,0,1.00,0.5,0.5,0.0,0.0,0.0
2026-01-23 04:58:47,clusterB,6,4,4,0,1.00,0.5,0.5,0.0,0.0,0.0
2026-01-23 04:58:52,clusterA,6,4,4,0,1.00,0.5,0.5,0.0,0.0,0.0
2026-01-23 04:58:52,clusterB,6,4,4,0,1.00,0.5,0.5,0.0,0.0,0.0
2026-01-23 04:58:57,clusterA,6,4,4,0,1.00,0.5,0.5,0.0,0.0,0.0
2026-01-23 04:58:57,clusterB,6,4,4,0,1.00,0.5,0.5,0.0,0.0,0.0
2026-01-23 04:59:02,clusterA,6,4,4,0,1.00,0.5,0.5,0.0,0.0,0.0
2026-01-23 04:59:02,clusterB,6,4,4,0,1.00,0.5,0.5,0.0,0.0,0.0
2026-01-23 04:59:07,clusterA,6,4,4,0,1.00,0.5,0.5,0.0,0.0,0.0
2026-01-23 04:59:07,clusterB,6,4,4,0,1.00,0.5,0.5,0.0,0.0,0.0
2026-01-23 04:59:12,clusterA,6,4,4,0,1.00,0.5,0.5,0.0,0.0,0.0
2026-01-23 04:59:12,clusterB,6,4,4,0,1.00,0.5,0.5,0.0,0.0,0.0
2026-01-23 04:59:17,clusterA,6,4,4,0,1.00,0.5,0.5,0.0,0.0,0.0
2026-01-23 04:59:17,clusterB,6,4,4,0,1.00,0.5,0.5,0.0,0.0,0.0
2026-01-23 04:59:22,clusterA,6,4,4,0,1.00,0.5,0.5,0.0,0.0,0.0
2026-01-23 04:59:22,clusterB,6,4,4,0,1.00,0.5,0.5,0.0,0.0,0.0
2026-01-23 04:59:27,clusterA,6,4,4,0,1.00,0.5,0.5,0.0,0.0,0.0
2026-01-23 04:59:27,clusterB,6,4,4,0,1.00,0.5,0.5,0.0,0.0,0.0
2026-01-23 04:59:32,clusterA,6,4,4,0,1.00,0.5,0.5,0.0,0.0,0.0
2026-01-23 04:59:32,clusterB,6,4,4,0,1.00,0.5,0.5,0.0,0.0,0.0
2026-01-23 04:59:37,clusterA,6,4,4,0,1.00,0.5,0.5,0.0,0.0,0.0
2026-01-23 04:59:37,clusterB,6,4,4,0,1.00,0.5,0.5,0.0,0.0,0.0
2026-01-23 04:59:42,clusterA,6,4,4,0,1.00,0.5,0.5,0.0,0.0,0.0
2026-01-23 04:59:42,clusterB,6,4,4,0,1.00,0.5,0.5,0.0,0.0,0.0
2026-01-23 04:59:47,clusterA,6,4,4,0,1.00,0.5,0.5,0.0,0.0,0.0
2026-01-23 04:59:47,clusterB,6,4,4,0,1.00,0.5,0.5,0.0,0.0,0.0
2026-01-23 04:59:52,clusterA,6,4,4,0,1.00,0.5,0.5,0.0,0.0,0.0
2026-01-23 04:59:52,clusterB,6,4,4,0,1.00,0.5,0.5,0.0,0.0,0.0
2026-01-23 04:59:57,clusterA,6,4,4,0,1.00,0.5,0.5,0.0,0.0,0.0
2026-01-23 04:59:57,clusterB,6,4,4,0,1.00,0.5,0.5,0.0,0.0,0.0
2026-01-23 05:00:02,clusterA,6,4,4,0,1.00,0.5,0.5,0.0,0.0,0.0
2026-01-23 05:00:02,clusterB,6,4,4,0,1.00,0.5,0.5,0.0,0.0,0.0
2026-01-23 05:00:07,clusterA,6,4,4,0,1.00,0.5,0.5,0.0,0.0,0.0
2026-01-23 05:00:07,clusterB,6,4,4,0,1.00,0.5,0.5,0.0,0.0,0.0
2026-01-23 05:00:12,clusterA,6,4,2,2,0.50,0.5,0.5,0.0,0.0,0.0
2026-01-23 05:00:12,clusterB,6,4,4,0,1.00,0.5,0.5,0.0,0.0,0.0
2026-01-23 05:00:17,clusterA,4,4,4,0,1.00,0.5,0.5,0.0,0.0,0.0
2026-01-23 05:00:17,clusterB,4,4,4,0,1.00,0.5,0.5,0.0,0.0,0.0
2026-01-23 05:00:22,clusterA,4,4,4,0,1.00,0.5,0.5,0.0,0.0,0.0
2026-01-23 05:00:22,clusterB,4,4,4,0,1.00,0.5,0.5,0.0,0.0,0.0
2026-01-23 05:00:27,clusterA,4,4,4,0,1.00,0.5,0.5,0.0,0.0,0.0
2026-01-23 05:00:27,clusterB,4,4,4,0,1.00,0.5,0.5,0.0,0.0,0.0
2026-01-23 05:00:32,clusterA,4,4,4,0,1.00,0.5,0.5,0.0,0.0,0.0
2026-01-23 05:00:32,clusterB,4,4,4,0,1.00,0.5,0.5,0.0,0.0,0.0
2026-01-23 05:00:37,clusterA,4,4,4,0,1.00,0.5,0.5,0.0,0.0,0.0
2026-01-23 05:00:37,clusterB,4,4,4,0,1.00,0.5,0.5,0.0,0.0,0.0
2026-01-23 05:00:42,clusterA,4,4,4,0,1.00,0.5,0.5,0.0,0.0,0.0
2026-01-23 05:00:42,clusterB,4,4,4,0,1.00,0.5,0.5,0.0,0.0,0.0
2026-01-23 05:00:47,clusterA,4,4,4,0,1.00,0.5,0.5,0.0,0.0,0.0
2026-01-23 05:00:47,clusterB,4,4,4,0,1.00,0.5,0.5,0.0,0.0,0.0
2026-01-23 05:00:52,clusterA,4,4,4,0,1.00,0.5,0.5,0.0,0.0,0.0
2026-01-23 05:00:52,clusterB,4,4,4,0,1.00,0.5,0.5,0.0,0.0,0.0
2026-01-23 05:00:57,clusterA,4,4,4,0,1.00,0.5,0.5,0.0,0.0,0.0
2026-01-23 05:00:57,clusterB,4,4,4,0,1.00,0.5,0.5,0.0,0.0,0.0
2026-01-23 05:01:02,clusterA,4,4,4,0,1.00,0.5,0.5,0.0,0.0,0.0
2026-01-23 05:01:02,clusterB,4,4,4,0,1.00,0.5,0.5,0.0,0.0,0.0
2026-01-23 05:01:07,clusterA,4,4,4,0,1.00,0.5,0.5,0.0,0.0,0.0
2026-01-23 05:01:07,clusterB,4,4,4,0,1.00,0.5,0.5,0.0,0.0,0.0
2026-01-23 05:01:12,clusterA,4,4,4,0,1.00,0.5,0.5,0.0,0.0,0.0
2026-01-23 05:01:12,clusterB,4,4,4,0,1.00,0.5,0.5,0.0,0.0,0.0
2026-01-23 05:01:17,clusterA,4,4,4,0,1.00,0.5,0.5,0.0,0.0,0.0
2026-01-23 05:01:17,clusterB,4,4,4,0,1.00,0.5,0.5,0.0,0.0,0.0
2026-01-23 05:01:22,clusterA,4,4,4,0,1.00,0.5,0.5,0.0,0.0,0.0
2026-01-23 05:01:22,clusterB,4,4,4,0,1.00,0.5,0.5,0.0,0.0,0.0
2026-01-23 05:01:27,clusterA,4,4,4,0,1.00,0.5,0.5,0.0,0.0,0.0
2026-01-23 05:01:27,clusterB,4,4,4,0,1.00,0.5,0.5,0.0,0.0,0.0
2026-01-23 05:01:32,clusterA,4,4,4,0,1.00,0.5,0.5,0.0,0.0,0.0
2026-01-23 05:01:32,clusterB,4,4,4,0,1.00,0.5,0.5,0.0,0.0,0.0
2026-01-23 05:01:37,clusterA,4,4,4,0,1.00,0.5,0.5,0.0,0.0,0.0
2026-01-23 05:01:37,clusterB,4,4,4,0,1.00,0.5,0.5,0.0,0.0,0.0
2026-01-23 05:01:42,clusterA,4,4,4,0,1.00,0.5,0.5,0.0,0.0,0.0
2026-01-23 05:01:42,clusterB,4,4,4,0,1.00,0.5,0.5,0.0,0.0,0.0
2026-01-23 05:01:47,clusterA,4,4,4,0,1.00,0.5,0.5,0.0,0.0,0.0
2026-01-23 05:01:47,clusterB,4,4,4,0,1.00,0.5,0.5,0.0,0.0,0.0
2026-01-23 05:01:52,clusterA,4,4,4,0,1.00,0.5,0.5,0.0,0.0,0.0
2026-01-23 05:01:52,clusterB,4,4,4,0,1.00,0.5,0.5,0.0,0.0,0.0
2026-01-23 05:01:57,clusterA,4,4,4,0,1.00,0.5,0.5,0.0,0.0,0.0
2026-01-23 05:01:57,clusterB,4,4,4,0,1.00,0.5,0.5,0.0,0.0,0.0
2026-01-23 05:02:02,clusterA,4,4,4,0,1.00,0.5,0.5,0.0,0.0,0.0
2026-01-23 05:02:02,clusterB,4,4,4,0,1.00,0.5,0.5,0.0,0.0,0.0
2026-01-23 05:02:07,clusterA,4,4,4,0,1.00,0.5,0.5,0.0,0.0,0.0
2026-01-23 05:02:07,clusterB,4,4,4,0,1.00,0.5,0.5,0.0,0.0,0.0
2026-01-23 05:02:12,clusterA,4,4,4,0,1.00,0.5,0.5,0.0,0.0,0.0
2026-01-23 05:02:12,clusterB,4,4,4,0,1.00,0.5,0.5,0.0,0.0,0.0
2026-01-23 05:02:17,clusterA,4,4,4,0,1.00,0.5,0.5,0.0,0.0,0.0
2026-01-23 05:02:17,clusterB,4,4,4,0,1.00,0.5,0.5,0.0,0.0,0.0
2026-01-23 05:02:22,clusterA,4,4,4,0,1.00,0.5,0.5,0.0,0.0,0.0
2026-01-23 05:02:22,clusterB,4,4,4,0,1.00,0.5,0.5,0.0,0.0,0.0
2026-01-23 05:02:27,clusterA,4,4,4,0,1.00,0.5,0.5,0.0,0.0,0.0
2026-01-23 05:02:27,clusterB,4,4,4,0,1.00,0.5,0.5,0.0,0.0,0.0
2026-01-23 05:02:32,clusterA,4,4,4,0,1.00,0.5,0.5,0.0,0.0,0.0
2026-01-23 05:02:32,clusterB,4,4,4,0,1.00,0.5,0.5,0.0,0.0,0.0
2026-01-23 05:02:37,clusterA,4,4,4,0,1.00,0.5,0.5,0.0,0.0,0.0
2026-01-23 05:02:37,clusterB,4,4,4,0,1.00,0.5,0.5,0.0,0.0,0.0
2026-01-23 05:02:42,clusterA,4,4,4,0,1.00,0.5,0.5,0.0,0.0,0.0
2026-01-23 05:02:42,clusterB,4,4,4,0,1.00,0.5,0.5,0.0,0.0,0.0
2026-01-23 05:02:47,clusterA,4,4,4,0,1.00,0.5,0.5,0.0,0.0,0.0
2026-01-23 05:02:47,clusterB,4,4,4,0,1.00,0.5,0.5,0.0,0.0,0.0
2026-01-23 05:02:52,clusterA,4,4,4,0,1.00,0.5,0.5,0.0,0.0,0.0
2026-01-23 05:02:52,clusterB,4,4,4,0,1.00,0.5,0.5,0.0,0.0,0.0
2026-01-23 05:02:57,clusterA,5,4,4,0,1.00,0.5,0.5,0.0,0.0,0.0
2026-01-23 05:02:57,clusterB,5,4,4,0,1.00,0.5,0.5,0.0,0.0,0.0
2026-01-23 05:03:02,clusterA,5,4,4,0,1.00,0.5,0.5,0.0,0.0,0.0
2026-01-23 05:03:02,clusterB,5,4,4,0,1.00,0.5,0.5,0.0,0.0,0.0
2026-01-23 05:03:07,clusterA,5,4,4,0,1.00,0.5,0.5,0.0,0.0,0.0
2026-01-23 05:03:07,clusterB,5,4,4,0,1.00,0.5,0.5,0.0,0.0,0.0
2026-01-23 05:03:12,clusterA,5,4,4,0,1.00,0.5,0.5,0.0,0.0,0.0
2026-01-23 05:03:12,clusterB,5,4,4,0,1.00,0.5,0.5,0.0,0.0,0.0
2026-01-23 05:03:17,clusterA,5,4,4,0,1.00,0.5,0.5,0.0,0.0,0.0
2026-01-23 05:03:17,clusterB,5,4,4,0,1.00,0.5,0.5,0.0,0.0,0.0
2026-01-23 05:03:22,clusterA,5,4,4,0,1.00,0.5,0.5,0.0,0.0,0.0
2026-01-23 05:03:22,clusterB,5,4,4,0,1.00,0.5,0.5,0.0,0.0,0.0
2026-01-23 05:03:27,clusterA,5,4,4,0,1.00,0.5,0.5,0.0,0.0,0.0
2026-01-23 05:03:27,clusterB,5,4,4,0,1.00,0.5,0.5,0.0,0.0,0.0
2026-01-23 05:03:32,clusterA,5,4,4,0,1.00,0.5,0.5,0.0,0.0,0.0
2026-01-23 05:03:32,clusterB,5,4,4,0,1.00,0.5,0.5,0.0,0.0,0.0
2026-01-23 05:03:37,clusterA,5,4,4,0,1.00,0.5,0.5,0.0,0.0,0.0
2026-01-23 05:03:37,clusterB,5,4,4,0,1.00,0.5,0.5,0.0,0.0,0.0
2026-01-23 05:03:42,clusterA,5,4,4,0,1.00,0.5,0.5,0.0,0.0,0.0
2026-01-23 05:03:42,clusterB,5,4,4,0,1.00,0.5,0.5,0.0,0.0,0.0
2026-01-23 05:03:47,clusterA,5,4,4,0,1.00,0.5,0.5,0.0,0.0,0.0
2026-01-23 05:03:47,clusterB,5,4,4,0,1.00,0.5,0.5,0.0,0.0,0.0
2026-01-23 05:03:52,clusterA,5,4,4,0,1.00,0.5,0.5,0.0,0.0,0.0
2026-01-23 05:03:52,clusterB,5,4,4,0,1.00,0.5,0.5,0.0,0.0,0.0
2026-01-23 05:03:57,clusterA,5,4,4,0,1.00,0.5,0.5,0.0,0.0,0.0
2026-01-23 05:03:57,clusterB,5,4,4,0,1.00,0.5,0.5,0.0,0.0,0.0
2026-01-23 05:04:02,clusterA,5,4,4,0,1.00,0.5,0.5,0.0,0.0,0.0
2026-01-23 05:04:02,clusterB,5,4,4,0,1.00,0.5,0.5,0.0,0.0,0.0
2026-01-23 05:04:07,clusterA,5,4,4,0,1.00,0.5,0.5,0.0,0.0,0.0
2026-01-23 05:04:07,clusterB,5,4,4,0,1.00,0.5,0.5,0.0,0.0,0.0
2026-01-23 05:04:12,clusterA,5,4,4,0,1.00,0.5,0.5,0.0,0.0,0.0
2026-01-23 05:04:12,clusterB,5,4,4,0,1.00,0.5,0.5,0.0,0.0,0.0
2026-01-23 05:04:17,clusterA,5,4,4,0,1.00,0.5,0.5,0.0,0.0,0.0
2026-01-23 05:04:17,clusterB,5,4,4,0,1.00,0.5,0.5,0.0,0.0,0.0
2026-01-23 05:04:22,clusterA,5,4,4,0,1.00,0.5,0.5,0.0,0.0,0.0
2026-01-23 05:04:22,clusterB,5,4,4,0,1.00,0.5,0.5,0.0,0.0,0.0
2026-01-23 05:04:27,clusterA,5,4,4,0,1.00,0.5,0.5,0.0,0.0,0.0
2026-01-23 05:04:27,clusterB,5,4,4,0,1.00,0.5,0.5,0.0,0.0,0.0
2026-01-23 05:04:32,clusterA,5,4,4,0,1.00,0.5,0.5,0.0,0.0,0.0
2026-01-23 05:04:32,clusterB,5,4,4,0,1.00,0.5,0.5,0.0,0.0,0.0
2026-01-23 05:04:37,clusterA,5,4,4,0,1.00,0.5,0.5,0.0,0.0,0.0
2026-01-23 05:04:37,clusterB,5,4,4,0,1.00,0.5,0.5,0.0,0.0,0.0
2026-01-23 05:04:42,clusterA,5,4,4,0,1.00,0.5,0.5,0.0,0.0,0.0
2026-01-23 05:04:42,clusterB,5,4,4,0,1.00,0.5,0.5,0.0,0.0,0.0
2026-01-23 05:04:47,clusterA,5,4,4,0,1.00,0.5,0.5,0.0,0.0,0.0
2026-01-23 05:04:47,clusterB,5,4,4,0,1.00,0.5,0.5,0.0,0.0,0.0
2026-01-23 05:04:52,clusterA,5,4,4,0,1.00,0.5,0.5,0.0,0.0,0.0
2026-01-23 05:04:52,clusterB,5,4,4,0,1.00,0.5,0.5,0.0,0.0,0.0
2026-01-23 05:04:58,clusterA,5,4,4,0,1.00,0.5,0.5,0.0,0.0,0.0
2026-01-23 05:04:58,clusterB,5,4,4,0,1.00,0.5,0.5,0.0,0.0,0.0
2026-01-23 05:05:03,clusterA,5,4,4,0,1.00,0.5,0.5,0.0,0.0,0.0
2026-01-23 05:05:03,clusterB,5,4,4,0,1.00,0.5,0.5,0.0,0.0,0.0
2026-01-23 05:05:08,clusterA,5,4,4,0,1.00,0.5,0.5,0.0,0.0,0.0
2026-01-23 05:05:08,clusterB,5,4,4,0,1.00,0.5,0.5,0.0,0.0,0.0
2026-01-23 05:05:13,clusterA,5,4,4,0,1.00,0.5,0.5,0.0,0.0,0.0
2026-01-23 05:05:13,clusterB,5,4,4,0,1.00,0.5,0.5,0.0,0.0,0.0
2026-01-23 05:05:18,clusterA,5,4,4,0,1.00,0.5,0.5,0.0,0.0,0.0
2026-01-23 05:05:18,clusterB,5,4,4,0,1.00,0.5,0.5,0.0,0.0,0.0
2026-01-23 05:05:23,clusterA,5,4,4,0,1.00,0.5,0.5,0.0,0.0,0.0
2026-01-23 05:05:23,clusterB,5,4,4,0,1.00,0.5,0.5,0.0,0.0,0.0
2026-01-23 05:05:28,clusterA,5,4,4,0,1.00,0.5,0.5,0.0,0.0,0.0
2026-01-23 05:05:28,clusterB,5,4,4,0,1.00,0.5,0.5,0.0,0.0,0.0
2026-01-23 05:05:33,clusterA,5,4,4,0,1.00,0.5,0.5,0.0,0.0,0.0
2026-01-23 05:05:33,clusterB,5,4,4,0,1.00,0.5,0.5,0.0,0.0,0.0
2026-01-23 05:05:38,clusterA,5,4,4,0,1.00,0.5,0.5,0.0,0.0,0.0
2026-01-23 05:05:38,clusterB,5,4,4,0,1.00,0.5,0.5,0.0,0.0,0.0
2026-01-23 05:05:43,clusterA,5,4,4,0,1.00,0.5,0.5,0.0,0.0,0.0
2026-01-23 05:05:43,clusterB,5,4,4,0,1.00,0.5,0.5,0.0,0.0,0.0
2026-01-23 05:05:48,clusterA,5,4,4,0,1.00,0.5,0.5,0.0,0.0,0.0
2026-01-23 05:05:48,clusterB,5,4,4,0,1.00,0.5,0.5,0.0,0.0,0.0
2026-01-23 05:05:53,clusterA,5,4,4,0,1.00,0.5,0.5,0.0,0.0,0.0
2026-01-23 05:05:53,clusterB,5,4,4,0,1.00,0.5,0.5,0.0,0.0,0.0
2026-01-23 05:05:58,clusterA,6,4,4,0,1.00,0.5,0.5,0.0,0.0,0.0
2026-01-23 05:05:58,clusterB,6,4,4,0,1.00,0.5,0.5,0.0,0.0,0.0
2026-01-23 05:06:03,clusterA,6,4,4,0,1.00,0.5,0.5,0.0,0.0,0.0
2026-01-23 05:06:03,clusterB,6,4,4,0,1.00,0.5,0.5,0.0,0.0,0.0
2026-01-23 05:06:08,clusterA,6,4,4,0,1.00,0.5,0.5,0.0,0.0,0.0
2026-01-23 05:06:08,clusterB,6,4,4,0,1.00,0.5,0.5,0.0,0.0,0.0
2026-01-23 05:06:13,clusterA,6,4,4,0,1.00,0.5,0.5,0.0,0.0,0.0
2026-01-23 05:06:13,clusterB,6,4,4,0,1.00,0.5,0.5,0.0,0.0,0.0
2026-01-23 05:06:18,clusterA,7,4,4,0,1.00,0.5,0.5,0.0,0.0,0.0
2026-01-23 05:06:18,clusterB,7,4,4,0,1.00,0.5,0.5,0.0,0.0,0.0
2026-01-23 05:06:23,clusterA,7,4,4,0,1.00,0.5,0.5,0.0,0.0,0.0
2026-01-23 05:06:23,clusterB,7,4,4,0,1.00,0.5,0.5,0.0,0.0,0.0
2026-01-23 05:06:28,clusterA,7,4,4,0,1.00,0.5,0.5,0.0,0.0,0.0
2026-01-23 05:06:28,clusterB,7,4,4,0,1.00,0.5,0.5,0.0,0.0,0.0
2026-01-23 05:06:33,clusterA,7,4,4,0,1.00,0.5,0.5,0.0,0.0,0.0
2026-01-23 05:06:33,clusterB,7,4,4,0,1.00,0.5,0.5,0.0,0.0,0.0
2026-01-23 05:06:38,clusterA,7,4,4,0,1.00,0.5,0.5,0.0,0.0,0.0
2026-01-23 05:06:38,clusterB,7,4,4,0,1.00,0.5,0.5,0.0,0.0,0.0
2026-01-23 05:06:43,clusterA,7,4,4,0,1.00,0.5,0.5,0.0,0.0,0.0
2026-01-23 05:06:43,clusterB,7,4,4,0,1.00,0.5,0.5,0.0,0.0,0.0
2026-01-23 05:06:48,clusterA,7,4,4,0,1.00,0.5,0.5,0.0,0.0,0.0
2026-01-23 05:06:48,clusterB,7,4,4,0,1.00,0.5,0.5,0.0,0.0,0.0
2026-01-23 05:06:53,clusterA,7,4,4,0,1.00,0.5,0.5,0.0,0.0,0.0
2026-01-23 05:06:53,clusterB,7,4,4,0,1.00,0.5,0.5,0.0,0.0,0.0
2026-01-23 05:06:58,clusterA,7,4,4,0,1.00,0.5,0.5,0.0,0.0,0.0
2026-01-23 05:06:58,clusterB,7,4,4,0,1.00,0.5,0.5,0.0,0.0,0.0
2026-01-23 05:07:03,clusterA,7,4,4,0,1.00,0.5,0.5,0.0,0.0,0.0
2026-01-23 05:07:03,clusterB,7,4,4,0,1.00,0.5,0.5,0.0,0.0,0.0
2026-01-23 05:07:08,clusterA,7,4,4,0,1.00,0.5,0.5,0.0,0.0,0.0
2026-01-23 05:07:08,clusterB,7,4,4,0,1.00,0.5,0.5,0.0,0.0,0.0
2026-01-23 05:07:13,clusterA,7,4,4,0,1.00,0.5,0.5,0.0,0.0,0.0
2026-01-23 05:07:13,clusterB,7,4,4,0,1.00,0.5,0.5,0.0,0.0,0.0
2026-01-23 05:07:18,clusterA,7,4,4,0,1.00,0.5,0.5,0.0,0.0,0.0
2026-01-23 05:07:18,clusterB,7,4,4,0,1.00,0.5,0.5,0.0,0.0,0.0
2026-01-23 05:07:23,clusterA,7,4,4,0,1.00,0.5,0.5,0.0,0.0,0.0
2026-01-23 05:07:23,clusterB,7,4,4,0,1.00,0.5,0.5,0.0,0.0,0.0
2026-01-23 05:07:28,clusterA,7,4,4,0,1.00,0.5,0.5,0.0,0.0,0.0
2026-01-23 05:07:28,clusterB,7,4,4,0,1.00,0.5,0.5,0.0,0.0,0.0
2026-01-23 05:07:33,clusterA,7,4,4,0,1.00,0.5,0.5,0.0,0.0,0.0
2026-01-23 05:07:33,clusterB,7,4,4,0,1.00,0.5,0.5,0.0,0.0,0.0
2026-01-23 05:07:38,clusterA,7,4,4,0,1.00,0.5,0.5,0.0,0.0,0.0
2026-01-23 05:07:38,clusterB,7,4,4,0,1.00,0.5,0.5,0.0,0.0,0.0
2026-01-23 05:07:43,clusterA,7,4,4,0,1.00,0.5,0.5,0.0,0.0,0.0
2026-01-23 05:07:43,clusterB,7,4,4,0,1.00,0.5,0.5,0.0,0.0,0.0
2026-01-23 05:07:48,clusterA,7,4,4,0,1.00,0.5,0.5,0.0,0.0,0.0
2026-01-23 05:07:48,clusterB,7,4,4,0,1.00,0.5,0.5,0.0,0.0,0.0
2026-01-23 05:07:53,clusterA,7,4,4,0,1.00,0.5,0.5,0.0,0.0,0.0
2026-01-23 05:07:53,clusterB,7,4,4,0,1.00,0.5,0.5,0.0,0.0,0.0
2026-01-23 05:07:58,clusterA,7,4,4,0,1.00,0.5,0.5,0.0,0.0,0.0
2026-01-23 05:07:58,clusterB,7,4,4,0,1.00,0.5,0.5,0.0,0.0,0.0
2026-01-23 05:08:03,clusterA,7,4,4,0,1.00,0.5,0.5,0.0,0.0,0.0
2026-01-23 05:08:03,clusterB,7,4,4,0,1.00,0.5,0.5,0.0,0.0,0.0
2026-01-23 05:08:08,clusterA,7,4,4,0,1.00,0.5,0.5,0.0,0.0,0.0
2026-01-23 05:08:08,clusterB,7,4,4,0,1.00,0.5,0.5,0.0,0.0,0.0
2026-01-23 05:08:13,clusterA,7,4,4,0,1.00,0.5,0.5,0.0,0.0,0.0
2026-01-23 05:08:13,clusterB,7,4,4,0,1.00,0.5,0.5,0.0,0.0,0.0
2026-01-23 05:08:18,clusterA,7,4,4,0,1.00,0.5,0.5,0.0,0.0,0.0
2026-01-23 05:08:18,clusterB,7,4,4,0,1.00,0.5,0.5,0.0,0.0,0.0
2026-01-23 05:08:23,clusterA,7,4,4,0,1.00,0.5,0.5,0.0,0.0,0.0
2026-01-23 05:08:23,clusterB,7,4,4,0,1.00,0.5,0.5,0.0,0.0,0.0
2026-01-23 05:08:28,clusterA,7,4,4,0,1.00,0.5,0.5,0.0,0.0,0.0
2026-01-23 05:08:28,clusterB,7,4,4,0,1.00,0.5,0.5,0.0,0.0,0.0
2026-01-23 05:08:33,clusterA,7,4,4,0,1.00,0.5,0.5,0.0,0.0,0.0
2026-01-23 05:08:33,clusterB,7,4,4,0,1.00,0.5,0.5,0.0,0.0,0.0
2026-01-23 05:08:38,clusterA,7,4,4,0,1.00,0.5,0.5,0.0,0.0,0.0
2026-01-23 05:08:38,clusterB,7,4,4,0,1.00,0.5,0.5,0.0,0.0,0.0
2026-01-23 05:08:43,clusterA,7,4,4,0,1.00,0.5,0.5,0.0,0.0,0.0
2026-01-23 05:08:43,clusterB,7,4,4,0,1.00,0.5,0.5,0.0,0.0,0.0
2026-01-23 05:08:48,clusterA,7,4,4,0,1.00,0.5,0.5,0.0,0.0,0.0
2026-01-23 05:08:48,clusterB,7,4,4,0,1.00,0.5,0.5,0.0,0.0,0.0
2026-01-23 05:08:53,clusterA,7,4,4,0,1.00,0.5,0.5,0.0,0.0,0.0
2026-01-23 05:08:53,clusterB,7,4,4,0,1.00,0.5,0.5,0.0,0.0,0.0
2026-01-23 05:08:58,clusterA,7,4,4,0,1.00,0.5,0.5,0.0,0.0,0.0
2026-01-23 05:08:58,clusterB,7,4,4,0,1.00,0.5,0.5,0.0,0.0,0.0
2026-01-23 05:09:03,clusterA,7,4,4,0,1.00,0.5,0.5,0.0,0.0,0.0
2026-01-23 05:09:03,clusterB,7,4,4,0,1.00,0.5,0.5,0.0,0.0,0.0
2026-01-23 05:09:08,clusterA,8,4,4,0,1.00,0.5,0.5,0.0,0.0,0.0
2026-01-23 05:09:08,clusterB,8,4,4,0,1.00,0.5,0.5,0.0,0.0,0.0
2026-01-23 05:09:13,clusterA,8,4,4,0,1.00,0.5,0.5,0.0,0.0,0.0
2026-01-23 05:09:13,clusterB,8,4,4,0,1.00,0.5,0.5,0.0,0.0,0.0
2026-01-23 05:09:18,clusterA,8,4,4,0,1.00,0.5,0.5,0.0,0.0,0.0
2026-01-23 05:09:18,clusterB,8,4,4,0,1.00,0.5,0.5,0.0,0.0,0.0
2026-01-23 05:09:23,clusterA,8,4,4,0,1.00,0.5,0.5,0.0,0.0,0.0
2026-01-23 05:09:23,clusterB,8,4,4,0,1.00,0.5,0.5,0.0,0.0,0.0
2026-01-23 05:09:28,clusterA,8,4,4,0,1.00,0.5,0.5,0.0,0.0,0.0
2026-01-23 05:09:28,clusterB,8,4,4,0,1.00,0.5,0.5,0.0,0.0,0.0
2026-01-23 05:09:33,clusterA,8,4,4,0,1.00,0.5,0.5,0.0,0.0,0.0
2026-01-23 05:09:33,clusterB,8,4,4,0,1.00,0.5,0.5,0.0,0.0,0.0
2026-01-23 05:09:38,clusterA,8,4,4,0,1.00,0.5,0.5,0.0,0.0,0.0
2026-01-23 05:09:38,clusterB,8,4,4,0,1.00,0.5,0.5,0.0,0.0,0.0
2026-01-23 05:09:43,clusterA,8,4,4,0,1.00,0.5,0.5,0.0,0.0,0.0
2026-01-23 05:09:43,clusterB,8,4,4,0,1.00,0.5,0.5,0.0,0.0,0.0
2026-01-23 05:09:48,clusterA,8,4,4,0,1.00,0.5,0.5,0.0,0.0,0.0
2026-01-23 05:09:48,clusterB,8,4,4,0,1.00,0.5,0.5,0.0,0.0,0.0
2026-01-23 05:09:53,clusterA,8,4,4,0,1.00,0.5,0.5,0.0,0.0,0.0
2026-01-23 05:09:53,clusterB,8,4,4,0,1.00,0.5,0.5,0.0,0.0,0.0
2026-01-23 05:09:58,clusterA,8,4,4,0,1.00,0.5,0.5,0.0,0.0,0.0
2026-01-23 05:09:58,clusterB,8,4,4,0,1.00,0.5,0.5,0.0,0.0,0.0
2026-01-23 05:10:03,clusterA,8,4,4,0,1.00,0.5,0.5,0.0,0.0,0.0
2026-01-23 05:10:03,clusterB,8,4,4,0,1.00,0.5,0.5,0.0,0.0,0.0
2026-01-23 05:10:08,clusterA,8,4,4,0,1.00,0.5,0.5,0.0,0.0,0.0
2026-01-23 05:10:08,clusterB,8,4,4,0,1.00,0.5,0.5,0.0,0.0,0.0
2026-01-23 05:10:13,clusterA,8,4,4,0,1.00,0.5,0.5,0.0,0.0,0.0
2026-01-23 05:10:13,clusterB,8,4,4,0,1.00,0.5,0.5,0.0,0.0,0.0
2026-01-23 05:10:18,clusterA,8,4,4,0,1.00,0.5,0.5,0.0,0.0,0.0
2026-01-23 05:10:18,clusterB,8,4,4,0,1.00,0.5,0.5,0.0,0.0,0.0
2026-01-23 05:10:23,clusterA,8,4,4,0,1.00,0.5,0.5,0.0,0.0,0.0
2026-01-23 05:10:23,clusterB,8,4,4,0,1.00,0.5,0.5,0.0,0.0,0.0
2026-01-23 05:10:28,clusterA,8,4,4,0,1.00,0.5,0.5,0.0,0.0,0.0
2026-01-23 05:10:28,clusterB,8,4,4,0,1.00,0.5,0.5,0.0,0.0,0.0
2026-01-23 05:10:33,clusterA,8,4,4,0,1.00,0.5,0.5,0.0,0.0,0.0
2026-01-23 05:10:33,clusterB,8,4,4,0,1.00,0.5,0.5,0.0,0.0,0.0
2026-01-23 05:10:38,clusterA,8,4,4,0,1.00,0.5,0.5,0.0,0.0,0.0
2026-01-23 05:10:38,clusterB,8,4,4,0,1.00,0.5,0.5,0.0,0.0,0.0
2026-01-23 05:10:43,clusterA,8,4,4,0,1.00,0.5,0.5,0.0,0.0,0.0
2026-01-23 05:10:43,clusterB,8,4,4,0,1.00,0.5,0.5,0.0,0.0,0.0
2026-01-23 05:10:48,clusterA,8,4,4,0,1.00,0.5,0.5,0.0,0.0,0.0
2026-01-23 05:10:48,clusterB,8,4,4,0,1.00,0.5,0.5,0.0,0.0,0.0
2026-01-23 05:10:53,clusterA,8,4,4,0,1.00,0.5,0.5,0.0,0.0,0.0
2026-01-23 05:10:53,clusterB,8,4,4,0,1.00,0.5,0.5,0.0,0.0,0.0
2026-01-23 05:10:58,clusterA,8,4,4,0,1.00,0.5,0.5,0.0,0.0,0.0
2026-01-23 05:10:58,clusterB,8,4,4,0,1.00,0.5,0.5,0.0,0.0,0.0
2026-01-23 05:11:03,clusterA,8,4,4,0,1.00,0.5,0.5,0.0,0.0,0.0
2026-01-23 05:11:03,clusterB,8,4,4,0,1.00,0.5,0.5,0.0,0.0,0.0
2026-01-23 05:11:08,clusterA,8,4,4,0,1.00,0.5,0.5,0.0,0.0,0.0
2026-01-23 05:11:08,clusterB,8,4,4,0,1.00,0.5,0.5,0.0,0.0,0.0
2026-01-23 05:11:13,clusterA,8,4,4,0,1.00,0.5,0.5,0.0,0.0,0.0
2026-01-23 05:11:13,clusterB,8,4,4,0,1.00,0.5,0.5,0.0,0.0,0.0
2026-01-23 05:11:18,clusterA,8,4,4,0,1.00,0.5,0.5,0.0,0.0,0.0
2026-01-23 05:11:18,clusterB,8,4,4,0,1.00,0.5,0.5,0.0,0.0,0.0
2026-01-23 05:11:23,clusterA,8,4,4,0,1.00,0.5,0.5,0.0,0.0,0.0
2026-01-23 05:11:23,clusterB,8,4,4,0,1.00,0.5,0.5,0.0,0.0,0.0
2026-01-23 05:11:28,clusterA,8,4,4,0,1.00,0.5,0.5,0.0,0.0,0.0
2026-01-23 05:11:28,clusterB,8,4,4,0,1.00,0.5,0.5,0.0,0.0,0.0
2026-01-23 05:11:33,clusterA,9,4,4,0,1.00,0.5,0.5,0.0,0.0,0.0
2026-01-23 05:11:33,clusterB,9,4,4,0,1.00,0.5,0.5,0.0,0.0,0.0
2026-01-23 05:11:38,clusterA,9,4,4,0,1.00,0.5,0.5,0.0,0.0,0.0
2026-01-23 05:11:38,clusterB,9,4,4,0,1.00,0.5,0.5,0.0,0.0,0.0
2026-01-23 05:11:43,clusterA,9,4,4,0,1.00,0.5,0.5,0.0,0.0,0.0
2026-01-23 05:11:43,clusterB,9,4,4,0,1.00,0.5,0.5,0.0,0.0,0.0
2026-01-23 05:11:48,clusterA,9,4,4,0,1.00,0.5,0.5,0.0,0.0,0.0
2026-01-23 05:11:48,clusterB,9,4,4,0,1.00,0.5,0.5,0.0,0.0,0.0
2026-01-23 05:11:53,clusterA,9,4,4,0,1.00,0.5,0.5,0.0,0.0,0.0
2026-01-23 05:11:53,clusterB,9,4,4,0,1.00,0.5,0.5,0.0,0.0,0.0
2026-01-23 05:11:58,clusterA,9,4,4,0,1.00,0.5,0.5,0.0,0.0,0.0
2026-01-23 05:11:58,clusterB,9,4,4,0,1.00,0.5,0.5,0.0,0.0,0.0
2026-01-23 05:12:03,clusterA,9,4,4,0,1.00,0.5,0.5,0.0,0.0,0.0
2026-01-23 05:12:03,clusterB,9,4,4,0,1.00,0.5,0.5,0.0,0.0,0.0
2026-01-23 05:12:08,clusterA,9,4,4,0,1.00,0.5,0.5,0.0,0.0,0.0
2026-01-23 05:12:08,clusterB,9,4,4,0,1.00,0.5,0.5,0.0,0.0,0.0
2026-01-23 05:12:13,clusterA,9,4,4,0,1.00,0.5,0.5,0.0,0.0,0.0
2026-01-23 05:12:13,clusterB,9,4,4,0,1.00,0.5,0.5,0.0,0.0,0.0
2026-01-23 05:12:18,clusterA,9,4,4,0,1.00,0.5,0.5,0.0,0.0,0.0
2026-01-23 05:12:18,clusterB,9,4,4,0,1.00,0.5,0.5,0.0,0.0,0.0
2026-01-23 05:12:23,clusterA,9,4,4,0,1.00,0.5,0.5,0.0,0.0,0.0
2026-01-23 05:12:23,clusterB,9,4,4,0,1.00,0.5,0.5,0.0,0.0,0.0
2026-01-23 05:12:28,clusterA,9,4,4,0,1.00,0.5,0.5,0.0,0.0,0.0
2026-01-23 05:12:28,clusterB,9,4,4,0,1.00,0.5,0.5,0.0,0.0,0.0
2026-01-23 05:12:33,clusterA,9,4,4,0,1.00,0.5,0.5,0.0,0.0,0.0
2026-01-23 05:12:33,clusterB,9,4,4,0,1.00,0.5,0.5,0.0,0.0,0.0
2026-01-23 05:12:38,clusterA,9,4,4,0,1.00,0.5,0.5,0.0,0.0,0.0
2026-01-23 05:12:38,clusterB,9,4,4,0,1.00,0.5,0.5,0.0,0.0,0.0
2026-01-23 05:12:43,clusterA,9,4,4,0,1.00,0.5,0.5,0.0,0.0,0.0
2026-01-23 05:12:43,clusterB,9,4,4,0,1.00,0.5,0.5,0.0,0.0,0.0
2026-01-23 05:12:48,clusterA,9,4,4,0,1.00,0.5,0.5,0.0,0.0,0.0
2026-01-23 05:12:48,clusterB,9,4,4,0,1.00,0.5,0.5,0.0,0.0,0.0
2026-01-23 05:12:53,clusterA,9,4,4,0,1.00,0.5,0.5,0.0,0.0,0.0
2026-01-23 05:12:53,clusterB,9,4,4,0,1.00,0.5,0.5,0.0,0.0,0.0
2026-01-23 05:12:58,clusterA,9,4,4,0,1.00,0.5,0.5,0.0,0.0,0.0
2026-01-23 05:12:58,clusterB,9,4,4,0,1.00,0.5,0.5,0.0,0.0,0.0
2026-01-23 05:13:03,clusterA,9,4,4,0,1.00,0.5,0.5,0.0,0.0,0.0
2026-01-23 05:13:03,clusterB,9,4,4,0,1.00,0.5,0.5,0.0,0.0,0.0
2026-01-23 05:13:08,clusterA,9,4,4,0,1.00,0.5,0.5,0.0,0.0,0.0
2026-01-23 05:13:08,clusterB,9,4,4,0,1.00,0.5,0.5,0.0,0.0,0.0
2026-01-23 05:13:13,clusterA,9,4,4,0,1.00,0.5,0.5,0.0,0.0,0.0
2026-01-23 05:13:13,clusterB,9,4,4,0,1.00,0.5,0.5,0.0,0.0,0.0
2026-01-23 05:13:18,clusterA,9,4,4,0,1.00,0.5,0.5,0.0,0.0,0.0
2026-01-23 05:13:18,clusterB,9,4,4,0,1.00,0.5,0.5,0.0,0.0,0.0
2026-01-23 05:13:23,clusterA,9,4,4,0,1.00,0.5,0.5,0.0,0.0,0.0
2026-01-23 05:13:23,clusterB,9,4,4,0,1.00,0.5,0.5,0.0,0.0,0.0
2026-01-23 05:13:28,clusterA,9,4,4,0,1.00,0.5,0.5,0.0,0.0,0.0
2026-01-23 05:13:28,clusterB,9,4,4,0,1.00,0.5,0.5,0.0,0.0,0.0
2026-01-23 05:13:33,clusterA,9,4,4,0,1.00,0.5,0.5,0.0,0.0,0.0
2026-01-23 05:13:33,clusterB,9,4,4,0,1.00,0.5,0.5,0.0,0.0,0.0
2026-01-23 05:13:38,clusterA,9,4,4,0,1.00,0.5,0.5,0.0,0.0,0.0
2026-01-23 05:13:38,clusterB,9,4,4,0,1.00,0.5,0.5,0.0,0.0,0.0
2026-01-23 05:13:43,clusterA,9,4,4,0,1.00,0.5,0.5,0.0,0.0,0.0
2026-01-23 05:13:43,clusterB,9,4,4,0,1.00,0.5,0.5,0.0,0.0,0.0
2026-01-23 05:13:48,clusterA,9,4,4,0,1.00,0.5,0.5,0.0,0.0,0.0
2026-01-23 05:13:48,clusterB,9,4,4,0,1.00,0.5,0.5,0.0,0.0,0.0
2026-01-23 05:13:53,clusterA,9,4,4,0,1.00,0.5,0.5,0.0,0.0,0.0
2026-01-23 05:13:53,clusterB,9,4,4,0,1.00,0.5,0.5,0.0,0.0,0.0
2026-01-23 05:13:58,clusterA,9,4,4,0,1.00,0.5,0.5,0.0,0.0,0.0
2026-01-23 05:13:58,clusterB,9,4,4,0,1.00,0.5,0.5,0.0,0.0,0.0
2026-01-23 05:14:03,clusterA,9,4,4,0,1.00,0.5,0.5,0.0,0.0,0.0
2026-01-23 05:14:03,clusterB,9,4,4,0,1.00,0.5,0.5,0.0,0.0,0.0
2026-01-23 05:14:08,clusterA,9,4,4,0,1.00,0.5,0.5,0.0,0.0,0.0
2026-01-23 05:14:08,clusterB,9,4,4,0,1.00,0.5,0.5,0.0,0.0,0.0
2026-01-23 05:14:13,clusterA,9,4,4,0,1.00,0.5,0.5,0.0,0.0,0.0
2026-01-23 05:14:13,clusterB,9,4,4,0,1.00,0.5,0.5,0.0,0.0,0.0
2026-01-23 05:14:18,clusterA,9,4,4,0,1.00,0.5,0.5,0.0,0.0,0.0
2026-01-23 05:14:18,clusterB,9,4,4,0,1.00,0.5,0.5,0.0,0.0,0.0
2026-01-23 05:14:23,clusterA,9,4,4,0,1.00,0.5,0.5,0.0,0.0,0.0
2026-01-23 05:14:23,clusterB,9,4,4,0,1.00,0.5,0.5,0.0,0.0,0.0
2026-01-23 05:14:28,clusterA,9,4,4,0,1.00,0.5,0.5,0.0,0.0,0.0
2026-01-23 05:14:28,clusterB,9,4,4,0,1.00,0.5,0.5,0.0,0.0,0.0
2026-01-23 05:14:33,clusterA,9,4,4,0,1.00,0.5,0.5,0.0,0.0,0.0
2026-01-23 05:14:33,clusterB,9,4,4,0,1.00,0.5,0.5,0.0,0.0,0.0
2026-01-23 05:14:38,clusterA,9,4,4,0,1.00,0.5,0.5,0.0,0.0,0.0
2026-01-23 05:14:38,clusterB,9,4,4,0,1.00,0.5,0.5,0.0,0.0,0.0
2026-01-23 05:14:43,clusterA,9,4,4,0,1.00,0.5,0.5,0.0,0.0,0.0
2026-01-23 05:14:43,clusterB,9,4,4,0,1.00,0.5,0.5,0.0,0.0,0.0
2026-01-23 05:14:48,clusterA,9,4,4,0,1.00,0.5,0.5,0.0,0.0,0.0
2026-01-23 05:14:48,clusterB,9,4,4,0,1.00,0.5,0.5,0.0,0.0,0.0
2026-01-23 05:14:53,clusterA,9,4,4,0,1.00,0.5,0.5,0.0,0.0,0.0
2026-01-23 05:14:53,clusterB,9,4,4,0,1.00,0.5,0.5,0.0,0.0,0.0
2026-01-23 05:14:58,clusterA,9,4,4,0,1.00,0.5,0.5,0.0,0.0,0.0
2026-01-23 05:14:58,clusterB,9,4,4,0,1.00,0.5,0.5,0.0,0.0,0.0
2026-01-23 05:15:03,clusterA,9,4,4,0,1.00,0.5,0.5,0.0,0.0,0.0
2026-01-23 05:15:03,clusterB,9,4,4,0,1.00,0.5,0.5,0.0,0.0,0.0
2026-01-23 05:15:08,clusterA,9,4,4,0,1.00,0.5,0.5,0.0,0.0,0.0
2026-01-23 05:15:08,clusterB,9,4,4,0,1.00,0.5,0.5,0.0,0.0,0.0
2026-01-23 05:15:13,clusterA,9,4,4,0,1.00,0.5,0.5,0.0,0.0,0.0
2026-01-23 05:15:13,clusterB,9,4,4,0,1.00,0.5,0.5,0.0,0.0,0.0
2026-01-23 05:15:18,clusterA,9,4,4,0,1.00,0.5,0.5,0.0,0.0,0.0
2026-01-23 05:15:18,clusterB,9,4,4,0,1.00,0.5,0.5,0.0,0.0,0.0
2026-01-23 05:15:23,clusterA,9,4,4,0,1.00,0.5,0.5,0.0,0.0,0.0
2026-01-23 05:15:23,clusterB,9,4,4,0,1.00,0.5,0.5,0.0,0.0,0.0
2026-01-23 05:15:28,clusterA,9,4,4,0,1.00,0.5,0.5,0.0,0.0,0.0
2026-01-23 05:15:28,clusterB,9,4,4,0,1.00,0.5,0.5,0.0,0.0,0.0
2026-01-23 05:15:33,clusterA,9,4,4,0,1.00,0.5,0.5,0.0,0.0,0.0
2026-01-23 05:15:33,clusterB,9,4,4,0,1.00,0.5,0.5,0.0,0.0,0.0
2026-01-23 05:15:38,clusterA,9,4,4,0,1.00,0.5,0.5,0.0,0.0,0.0
2026-01-23 05:15:38,clusterB,9,4,4,0,1.00,0.5,0.5,0.0,0.0,0.0
2026-01-23 05:15:43,clusterA,9,4,4,0,1.00,0.5,0.5,0.0,0.0,0.0
2026-01-23 05:15:43,clusterB,9,4,4,0,1.00,0.5,0.5,0.0,0.0,0.0
2026-01-23 05:15:48,clusterA,9,4,4,0,1.00,0.5,0.5,0.0,0.0,0.0
2026-01-23 05:15:48,clusterB,9,4,4,0,1.00,0.5,0.5,0.0,0.0,0.0
2026-01-23 05:15:53,clusterA,9,4,4,0,1.00,0.5,0.5,0.0,0.0,0.0
2026-01-23 05:15:53,clusterB,9,4,4,0,1.00,0.5,0.5,0.0,0.0,0.0
2026-01-23 05:15:58,clusterA,9,4,4,0,1.00,0.5,0.5,0.0,0.0,0.0
2026-01-23 05:15:58,clusterB,9,4,4,0,1.00,0.5,0.5,0.0,0.0,0.0
2026-01-23 05:16:03,clusterA,9,4,4,0,1.00,0.5,0.5,0.0,0.0,0.0
2026-01-23 05:16:03,clusterB,9,4,4,0,1.00,0.5,0.5,0.0,0.0,0.0
2026-01-23 05:16:08,clusterA,9,4,4,0,1.00,0.5,0.5,0.0,0.0,0.0
2026-01-23 05:16:08,clusterB,9,4,4,0,1.00,0.5,0.5,0.0,0.0,0.0
2026-01-23 05:16:13,clusterA,9,4,4,0,1.00,0.5,0.5,0.0,0.0,0.0
2026-01-23 05:16:13,clusterB,9,4,4,0,1.00,0.5,0.5,0.0,0.0,0.0
2026-01-23 05:16:18,clusterA,9,4,4,0,1.00,0.5,0.5,0.0,0.0,0.0
2026-01-23 05:16:18,clusterB,9,4,4,0,1.00,0.5,0.5,0.0,0.0,0.0
2026-01-23 05:16:23,clusterA,9,4,4,0,1.00,0.5,0.5,0.0,0.0,0.0
2026-01-23 05:16:23,clusterB,9,4,4,0,1.00,0.5,0.5,0.0,0.0,0.0
2026-01-23 05:16:28,clusterA,9,4,4,0,1.00,0.5,0.5,0.0,0.0,0.0
2026-01-23 05:16:28,clusterB,9,4,4,0,1.00,0.5,0.5,0.0,0.0,0.0
2026-01-23 05:16:33,clusterA,9,4,4,0,1.00,0.5,0.5,0.0,0.0,0.0
2026-01-23 05:16:33,clusterB,9,4,4,0,1.00,0.5,0.5,0.0,0.0,0.0
2026-01-23 05:16:38,clusterA,9,4,4,0,1.00,0.5,0.5,0.0,0.0,0.0
2026-01-23 05:16:38,clusterB,9,4,4,0,1.00,0.5,0.5,0.0,0.0,0.0
2026-01-23 05:16:43,clusterA,9,4,4,0,1.00,0.5,0.5,0.0,0.0,0.0
2026-01-23 05:16:43,clusterB,9,4,4,0,1.00,0.5,0.5,0.0,0.0,0.0
2026-01-23 05:16:48,clusterA,9,4,4,0,1.00,0.5,0.5,0.0,0.0,0.0
2026-01-23 05:16:48,clusterB,9,4,4,0,1.00,0.5,0.5,0.0,0.0,0.0
2026-01-23 05:16:53,clusterA,9,4,4,0,1.00,0.5,0.5,0.0,0.0,0.0
2026-01-23 05:16:53,clusterB,9,4,4,0,1.00,0.5,0.5,0.0,0.0,0.0
2026-01-23 05:16:58,clusterA,9,4,4,0,1.00,0.5,0.5,0.0,0.0,0.0
2026-01-23 05:16:58,clusterB,9,4,4,0,1.00,0.5,0.5,0.0,0.0,0.0
2026-01-23 05:17:03,clusterA,9,4,4,0,1.00,0.5,0.5,0.0,0.0,0.0
2026-01-23 05:17:03,clusterB,9,4,4,0,1.00,0.5,0.5,0.0,0.0,0.0
2026-01-23 05:17:08,clusterA,9,4,4,0,1.00,0.5,0.5,0.0,0.0,0.0
2026-01-23 05:17:08,clusterB,9,4,4,0,1.00,0.5,0.5,0.0,0.0,0.0
2026-01-23 05:17:13,clusterA,9,4,4,0,1.00,0.5,0.5,0.0,0.0,0.0
2026-01-23 05:17:13,clusterB,9,4,4,0,1.00,0.5,0.5,0.0,0.0,0.0
2026-01-23 05:17:18,clusterA,9,4,4,0,1.00,0.5,0.5,0.0,0.0,0.0
2026-01-23 05:17:18,clusterB,9,4,4,0,1.00,0.5,0.5,0.0,0.0,0.0
2026-01-23 05:17:23,clusterA,9,4,4,0,1.00,0.5,0.5,0.0,0.0,0.0
2026-01-23 05:17:23,clusterB,9,4,4,0,1.00,0.5,0.5,0.0,0.0,0.0
2026-01-23 05:17:29,clusterA,9,4,4,0,1.00,0.5,0.5,0.0,0.0,0.0
2026-01-23 05:17:29,clusterB,9,4,4,0,1.00,0.5,0.5,0.0,0.0,0.0
2026-01-23 05:17:34,clusterA,9,4,4,0,1.00,0.5,0.5,0.0,0.0,0.0
2026-01-23 05:17:34,clusterB,9,4,4,0,1.00,0.5,0.5,0.0,0.0,0.0
2026-01-23 05:17:39,clusterA,9,4,4,0,1.00,0.5,0.5,0.0,0.0,0.0
2026-01-23 05:17:39,clusterB,9,4,4,0,1.00,0.5,0.5,0.0,0.0,0.0
2026-01-23 05:17:44,clusterA,9,4,4,0,1.00,0.5,0.5,0.0,0.0,0.0
2026-01-23 05:17:44,clusterB,9,4,4,0,1.00,0.5,0.5,0.0,0.0,0.0
2026-01-23 05:17:49,clusterA,10,4,4,0,1.00,0.5,0.5,0.0,0.0,0.0
2026-01-23 05:17:49,clusterB,10,4,4,0,1.00,0.5,0.5,0.0,0.0,0.0
2026-01-23 05:17:54,clusterA,10,4,4,0,1.00,0.5,0.5,0.0,0.0,0.0
2026-01-23 05:17:54,clusterB,10,4,4,0,1.00,0.5,0.5,0.0,0.0,0.0
2026-01-23 05:17:59,clusterA,10,4,4,0,1.00,0.5,0.5,0.0,0.0,0.0
2026-01-23 05:17:59,clusterB,10,4,4,0,1.00,0.5,0.5,0.0,0.0,0.0
2026-01-23 05:18:04,clusterA,10,4,4,0,1.00,0.5,0.5,0.0,0.0,0.0
2026-01-23 05:18:04,clusterB,10,4,4,0,1.00,0.5,0.5,0.0,0.0,0.0
2026-01-23 05:18:09,clusterA,10,4,4,0,1.00,0.5,0.5,0.0,0.0,0.0
2026-01-23 05:18:09,clusterB,10,4,4,0,1.00,0.5,0.5,0.0,0.0,0.0
2026-01-23 05:18:14,clusterA,10,4,4,0,1.00,0.5,0.5,0.0,0.0,0.0
2026-01-23 05:18:14,clusterB,10,4,4,0,1.00,0.5,0.5,0.0,0.0,0.0
2026-01-23 05:18:19,clusterA,10,4,4,0,1.00,0.5,0.5,0.0,0.0,0.0
2026-01-23 05:18:19,clusterB,10,4,4,0,1.00,0.5,0.5,0.0,0.0,0.0
2026-01-23 05:18:24,clusterA,10,4,4,0,1.00,0.5,0.5,0.0,0.0,0.0
2026-01-23 05:18:24,clusterB,10,4,4,0,1.00,0.5,0.5,0.0,0.0,0.0
2026-01-23 05:18:29,clusterA,10,4,4,0,1.00,0.5,0.5,0.0,0.0,0.0
2026-01-23 05:18:29,clusterB,10,4,4,0,1.00,0.5,0.5,0.0,0.0,0.0
2026-01-23 05:18:34,clusterA,10,4,4,0,1.00,0.5,0.5,0.0,0.0,0.0
2026-01-23 05:18:34,clusterB,10,4,4,0,1.00,0.5,0.5,0.0,0.0,0.0
2026-01-23 05:18:39,clusterA,10,4,4,0,1.00,0.5,0.5,0.0,0.0,0.0
2026-01-23 05:18:39,clusterB,10,4,4,0,1.00,0.5,0.5,0.0,0.0,0.0
2026-01-23 05:18:44,clusterA,10,4,4,0,1.00,0.5,0.5,0.0,0.0,0.0
2026-01-23 05:18:44,clusterB,10,4,4,0,1.00,0.5,0.5,0.0,0.0,0.0
2026-01-23 05:18:49,clusterA,10,4,4,0,1.00,0.5,0.5,0.0,0.0,0.0
2026-01-23 05:18:49,clusterB,10,4,4,0,1.00,0.5,0.5,0.0,0.0,0.0
2026-01-23 05:18:54,clusterA,10,4,4,0,1.00,0.5,0.5,0.0,0.0,0.0
2026-01-23 05:18:54,clusterB,10,4,4,0,1.00,0.5,0.5,0.0,0.0,0.0
2026-01-23 05:18:59,clusterA,10,4,4,0,1.00,0.5,0.5,0.0,0.0,0.0
2026-01-23 05:18:59,clusterB,10,4,4,0,1.00,0.5,0.5,0.0,0.0,0.0
2026-01-23 05:19:04,clusterA,10,4,4,0,1.00,0.5,0.5,0.0,0.0,0.0
2026-01-23 05:19:04,clusterB,10,4,4,0,1.00,0.5,0.5,0.0,0.0,0.0
2026-01-23 05:19:09,clusterA,10,4,4,0,1.00,0.5,0.5,0.0,0.0,0.0
2026-01-23 05:19:09,clusterB,10,4,4,0,1.00,0.5,0.5,0.0,0.0,0.0
2026-01-23 05:19:14,clusterA,10,4,4,0,1.00,0.5,0.5,0.0,0.0,0.0
2026-01-23 05:19:14,clusterB,10,4,4,0,1.00,0.5,0.5,0.0,0.0,0.0
2026-01-23 05:19:19,clusterA,10,4,4,0,1.00,0.5,0.5,0.0,0.0,0.0
2026-01-23 05:19:19,clusterB,10,4,4,0,1.00,0.5,0.5,0.0,0.0,0.0
2026-01-23 05:19:24,clusterA,10,4,4,0,1.00,0.5,0.5,0.0,0.0,0.0
2026-01-23 05:19:24,clusterB,10,4,4,0,1.00,0.5,0.5,0.0,0.0,0.0
2026-01-23 05:19:29,clusterA,10,4,4,0,1.00,0.5,0.5,0.0,0.0,0.0
2026-01-23 05:19:29,clusterB,10,4,4,0,1.00,0.5,0.5,0.0,0.0,0.0
2026-01-23 05:19:34,clusterA,10,4,4,0,1.00,0.5,0.5,0.0,0.0,0.0
2026-01-23 05:19:34,clusterB,10,4,4,0,1.00,0.5,0.5,0.0,0.0,0.0
2026-01-23 05:19:39,clusterA,10,4,4,0,1.00,0.5,0.5,0.0,0.0,0.0
2026-01-23 05:19:39,clusterB,10,4,4,0,1.00,0.5,0.5,0.0,0.0,0.0
2026-01-23 05:19:44,clusterA,10,4,4,0,1.00,0.5,0.5,0.0,0.0,0.0
2026-01-23 05:19:44,clusterB,10,4,4,0,1.00,0.5,0.5,0.0,0.0,0.0
2026-01-23 05:19:49,clusterA,10,4,4,0,1.00,0.5,0.5,0.0,0.0,0.0
2026-01-23 05:19:49,clusterB,10,4,4,0,1.00,0.5,0.5,0.0,0.0,0.0
2026-01-23 05:19:54,clusterA,10,4,4,0,1.00,0.5,0.5,0.0,0.0,0.0
2026-01-23 05:19:54,clusterB,10,4,4,0,1.00,0.5,0.5,0.0,0.0,0.0
2026-01-23 05:19:59,clusterA,10,4,4,0,1.00,0.5,0.5,0.0,0.0,0.0
2026-01-23 05:19:59,clusterB,10,4,4,0,1.00,0.5,0.5,0.0,0.0,0.0
2026-01-23 05:20:04,clusterA,10,4,4,0,1.00,0.5,0.5,0.0,0.0,0.0
2026-01-23 05:20:04,clusterB,10,4,4,0,1.00,0.5,0.5,0.0,0.0,0.0
2026-01-23 05:20:09,clusterA,10,4,4,0,1.00,0.5,0.5,0.0,0.0,0.0
2026-01-23 05:20:09,clusterB,10,4,4,0,1.00,0.5,0.5,0.0,0.0,0.0
2026-01-23 05:20:14,clusterA,10,4,4,0,1.00,0.5,0.5,0.0,0.0,0.0
2026-01-23 05:20:14,clusterB,10,4,4,0,1.00,0.5,0.5,0.0,0.0,0.0
2026-01-23 05:20:19,clusterA,10,4,4,0,1.00,0.5,0.5,0.0,0.0,0.0
2026-01-23 05:20:19,clusterB,10,4,4,0,1.00,0.5,0.5,0.0,0.0,0.0
2026-01-23 05:20:24,clusterA,10,4,4,0,1.00,0.5,0.5,0.0,0.0,0.0
2026-01-23 05:20:24,clusterB,10,4,4,0,1.00,0.5,0.5,0.0,0.0,0.0
2026-01-23 05:20:29,clusterA,10,4,4,0,1.00,0.5,0.5,0.0,0.0,0.0
2026-01-23 05:20:29,clusterB,10,4,4,0,1.00,0.5,0.5,0.0,0.0,0.0
2026-01-23 05:20:34,clusterA,10,4,4,0,1.00,0.5,0.5,0.0,0.0,0.0
2026-01-23 05:20:34,clusterB,10,4,4,0,1.00,0.5,0.5,0.0,0.0,0.0
2026-01-23 05:20:39,clusterA,10,4,4,0,1.00,0.5,0.5,0.0,0.0,0.0
2026-01-23 05:20:39,clusterB,10,4,4,0,1.00,0.5,0.5,0.0,0.0,0.0
2026-01-23 05:20:44,clusterA,10,4,4,0,1.00,0.5,0.5,0.0,0.0,0.0
2026-01-23 05:20:44,clusterB,10,4,4,0,1.00,0.5,0.5,0.0,0.0,0.0
2026-01-23 05:20:49,clusterA,10,4,4,0,1.00,0.5,0.5,0.0,0.0,0.0
2026-01-23 05:20:49,clusterB,10,4,4,0,1.00,0.5,0.5,0.0,0.0,0.0
2026-01-23 05:20:54,clusterA,10,4,4,0,1.00,0.5,0.5,0.0,0.0,0.0
2026-01-23 05:20:54,clusterB,10,4,4,0,1.00,0.5,0.5,0.0,0.0,0.0
2026-01-23 05:20:59,clusterA,10,4,4,0,1.00,0.5,0.5,0.0,0.0,0.0
2026-01-23 05:20:59,clusterB,10,4,4,0,1.00,0.5,0.5,0.0,0.0,0.0
2026-01-23 05:21:04,clusterA,10,4,4,0,1.00,0.5,0.5,0.0,0.0,0.0
2026-01-23 05:21:04,clusterB,10,4,4,0,1.00,0.5,0.5,0.0,0.0,0.0
2026-01-23 05:21:09,clusterA,10,4,4,0,1.00,0.5,0.5,0.0,0.0,0.0
2026-01-23 05:21:09,clusterB,10,4,4,0,1.00,0.5,0.5,0.0,0.0,0.0
2026-01-23 05:21:14,clusterA,10,4,4,0,1.00,0.5,0.5,0.0,0.0,0.0
2026-01-23 05:21:14,clusterB,10,4,4,0,1.00,0.5,0.5,0.0,0.0,0.0
2026-01-23 05:21:19,clusterA,10,4,4,0,1.00,0.5,0.5,0.0,0.0,0.0
2026-01-23 05:21:19,clusterB,10,4,4,0,1.00,0.5,0.5,0.0,0.0,0.0
2026-01-23 05:21:24,clusterA,11,4,4,0,1.00,0.5,0.5,0.0,0.0,0.0
2026-01-23 05:21:24,clusterB,11,4,4,0,1.00,0.5,0.5,0.0,0.0,0.0
2026-01-23 05:21:29,clusterA,11,4,4,0,1.00,0.5,0.5,0.0,0.0,0.0
2026-01-23 05:21:29,clusterB,11,4,4,0,1.00,0.5,0.5,0.0,0.0,0.0
2026-01-23 05:21:34,clusterA,11,4,4,0,1.00,0.5,0.5,0.0,0.0,0.0
2026-01-23 05:21:34,clusterB,11,4,4,0,1.00,0.5,0.5,0.0,0.0,0.0
2026-01-23 05:21:39,clusterA,11,4,4,0,1.00,0.5,0.5,0.0,0.0,0.0
2026-01-23 05:21:39,clusterB,11,4,4,0,1.00,0.5,0.5,0.0,0.0,0.0
2026-01-23 05:21:44,clusterA,11,4,4,0,1.00,0.5,0.5,0.0,0.0,0.0
2026-01-23 05:21:44,clusterB,11,4,4,0,1.00,0.5,0.5,0.0,0.0,0.0
2026-01-23 05:21:49,clusterA,11,4,4,0,1.00,0.5,0.5,0.0,0.0,0.0
2026-01-23 05:21:49,clusterB,11,4,4,0,1.00,0.5,0.5,0.0,0.0,0.0
2026-01-23 05:21:54,clusterA,11,4,4,0,1.00,0.5,0.5,0.0,0.0,0.0
2026-01-23 05:21:54,clusterB,11,4,4,0,1.00,0.5,0.5,0.0,0.0,0.0
2026-01-23 05:21:59,clusterA,11,4,4,0,1.00,0.5,0.5,0.0,0.0,0.0
2026-01-23 05:21:59,clusterB,11,4,4,0,1.00,0.5,0.5,0.0,0.0,0.0
2026-01-23 05:22:04,clusterA,11,4,4,0,1.00,0.5,0.5,0.0,0.0,0.0
2026-01-23 05:22:04,clusterB,11,4,4,0,1.00,0.5,0.5,0.0,0.0,0.0
2026-01-23 05:22:09,clusterA,11,4,4,0,1.00,0.5,0.5,0.0,0.0,0.0
2026-01-23 05:22:09,clusterB,11,4,4,0,1.00,0.5,0.5,0.0,0.0,0.0
2026-01-23 05:22:14,clusterA,11,4,4,0,1.00,0.5,0.5,0.0,0.0,0.0
2026-01-23 05:22:14,clusterB,11,4,4,0,1.00,0.5,0.5,0.0,0.0,0.0
2026-01-23 05:22:19,clusterA,11,4,4,0,1.00,0.5,0.5,0.0,0.0,0.0
2026-01-23 05:22:19,clusterB,11,4,4,0,1.00,0.5,0.5,0.0,0.0,0.0
2026-01-23 05:22:24,clusterA,12,4,4,0,1.00,0.5,0.5,0.0,0.0,0.0
2026-01-23 05:22:24,clusterB,12,4,4,0,1.00,0.5,0.5,0.0,0.0,0.0
2026-01-23 05:22:29,clusterA,12,4,4,0,1.00,0.5,0.5,0.0,0.0,0.0
2026-01-23 05:22:29,clusterB,12,4,4,0,1.00,0.5,0.5,0.0,0.0,0.0
2026-01-23 05:22:34,clusterA,12,4,4,0,1.00,0.5,0.5,0.0,0.0,0.0
2026-01-23 05:22:34,clusterB,12,4,4,0,1.00,0.5,0.5,0.0,0.0,0.0
2026-01-23 05:22:39,clusterA,12,4,4,0,1.00,0.5,0.5,0.0,0.0,0.0
2026-01-23 05:22:39,clusterB,12,4,4,0,1.00,0.5,0.5,0.0,0.0,0.0
2026-01-23 05:22:44,clusterA,12,4,4,0,1.00,0.5,0.5,0.0,0.0,0.0
2026-01-23 05:22:44,clusterB,12,4,4,0,1.00,0.5,0.5,0.0,0.0,0.0
2026-01-23 05:22:49,clusterA,12,4,4,0,1.00,0.5,0.5,0.0,0.0,0.0
2026-01-23 05:22:49,clusterB,12,4,4,0,1.00,0.5,0.5,0.0,0.0,0.0
2026-01-23 05:22:54,clusterA,12,4,4,0,1.00,0.5,0.5,0.0,0.0,0.0
2026-01-23 05:22:54,clusterB,12,4,4,0,1.00,0.5,0.5,0.0,0.0,0.0
2026-01-23 05:22:59,clusterA,13,4,4,0,1.00,0.5,0.5,0.0,0.0,0.0
2026-01-23 05:22:59,clusterB,13,4,4,0,1.00,0.5,0.5,0.0,0.0,0.0
2026-01-23 05:23:04,clusterA,13,4,4,0,1.00,0.5,0.5,0.0,0.0,0.0
2026-01-23 05:23:04,clusterB,13,4,4,0,1.00,0.5,0.5,0.0,0.0,0.0
2026-01-23 05:23:09,clusterA,13,4,4,0,1.00,0.5,0.5,0.0,0.0,0.0
2026-01-23 05:23:09,clusterB,13,4,4,0,1.00,0.5,0.5,0.0,0.0,0.0
2026-01-23 05:23:14,clusterA,13,4,4,0,1.00,0.5,0.5,0.0,0.0,0.0
2026-01-23 05:23:14,clusterB,13,4,4,0,1.00,0.5,0.5,0.0,0.0,0.0
2026-01-23 05:23:19,clusterA,13,4,4,0,1.00,0.5,0.5,0.0,0.0,0.0
2026-01-23 05:23:19,clusterB,13,4,4,0,1.00,0.5,0.5,0.0,0.0,0.0
2026-01-23 05:23:24,clusterA,13,4,4,0,1.00,0.5,0.5,0.0,0.0,0.0
2026-01-23 05:23:24,clusterB,13,4,4,0,1.00,0.5,0.5,0.0,0.0,0.0
2026-01-23 05:23:29,clusterA,13,4,4,0,1.00,0.5,0.5,0.0,0.0,0.0
2026-01-23 05:23:29,clusterB,13,4,4,0,1.00,0.5,0.5,0.0,0.0,0.0
2026-01-23 05:23:34,clusterA,13,4,4,0,1.00,0.5,0.5,0.0,0.0,0.0
2026-01-23 05:23:34,clusterB,13,4,4,0,1.00,0.5,0.5,0.0,0.0,0.0
2026-01-23 05:23:39,clusterA,13,4,4,0,1.00,0.5,0.5,0.0,0.0,0.0
2026-01-23 05:23:39,clusterB,13,4,4,0,1.00,0.5,0.5,0.0,0.0,0.0
2026-01-23 05:23:44,clusterA,13,4,4,0,1.00,0.5,0.5,0.0,0.0,0.0
2026-01-23 05:23:44,clusterB,13,4,4,0,1.00,0.5,0.5,0.0,0.0,0.0
2026-01-23 05:23:49,clusterA,13,4,4,0,1.00,0.5,0.5,0.0,0.0,0.0
2026-01-23 05:23:49,clusterB,13,4,4,0,1.00,0.5,0.5,0.0,0.0,0.0
2026-01-23 05:23:54,clusterA,13,4,4,0,1.00,0.5,0.5,0.0,0.0,0.0
2026-01-23 05:23:54,clusterB,13,4,4,0,1.00,0.5,0.5,0.0,0.0,0.0
2026-01-23 05:23:59,clusterA,13,4,4,0,1.00,0.5,0.5,0.0,0.0,0.0
2026-01-23 05:23:59,clusterB,13,4,4,0,1.00,0.5,0.5,0.0,0.0,0.0
2026-01-23 05:24:04,clusterA,13,4,4,0,1.00,0.5,0.5,0.0,0.0,0.0
2026-01-23 05:24:04,clusterB,13,4,4,0,1.00,0.5,0.5,0.0,0.0,0.0
2026-01-23 05:24:09,clusterA,13,4,4,0,1.00,0.5,0.5,0.0,0.0,0.0
2026-01-23 05:24:09,clusterB,13,4,4,0,1.00,0.5,0.5,0.0,0.0,0.0
2026-01-23 05:24:14,clusterA,13,4,4,0,1.00,0.5,0.5,0.0,0.0,0.0
2026-01-23 05:24:14,clusterB,13,4,4,0,1.00,0.5,0.5,0.0,0.0,0.0
2026-01-23 05:24:19,clusterA,13,4,4,0,1.00,0.5,0.5,0.0,0.0,0.0
2026-01-23 05:24:19,clusterB,13,4,4,0,1.00,0.5,0.5,0.0,0.0,0.0
2026-01-23 05:24:24,clusterA,13,4,4,0,1.00,0.5,0.5,0.0,0.0,0.0
2026-01-23 05:24:24,clusterB,13,4,4,0,1.00,0.5,0.5,0.0,0.0,0.0
2026-01-23 05:24:29,clusterA,13,4,4,0,1.00,0.5,0.5,0.0,0.0,0.0
2026-01-23 05:24:29,clusterB,13,4,4,0,1.00,0.5,0.5,0.0,0.0,0.0
2026-01-23 05:24:34,clusterA,13,4,4,0,1.00,0.5,0.5,0.0,0.0,0.0
2026-01-23 05:24:34,clusterB,13,4,4,0,1.00,0.5,0.5,0.0,0.0,0.0
2026-01-23 05:24:39,clusterA,13,4,4,0,1.00,0.5,0.5,0.0,0.0,0.0
2026-01-23 05:24:39,clusterB,13,4,4,0,1.00,0.5,0.5,0.0,0.0,0.0
2026-01-23 05:24:44,clusterA,13,4,4,0,1.00,0.5,0.5,0.0,0.0,0.0
2026-01-23 05:24:44,clusterB,13,4,4,0,1.00,0.5,0.5,0.0,0.0,0.0
2026-01-23 05:24:49,clusterA,13,4,4,0,1.00,0.5,0.5,0.0,0.0,0.0
2026-01-23 05:24:49,clusterB,13,4,4,0,1.00,0.5,0.5,0.0,0.0,0.0
2026-01-23 05:24:54,clusterA,13,4,4,0,1.00,0.5,0.5,0.0,0.0,0.0
2026-01-23 05:24:54,clusterB,13,4,4,0,1.00,0.5,0.5,0.0,0.0,0.0
2026-01-23 05:24:59,clusterA,13,4,4,0,1.00,0.5,0.5,0.0,0.0,0.0
2026-01-23 05:24:59,clusterB,13,4,4,0,1.00,0.5,0.5,0.0,0.0,0.0
2026-01-23 05:25:04,clusterA,13,4,4,0,1.00,0.5,0.5,0.0,0.0,0.0
2026-01-23 05:25:04,clusterB,13,4,4,0,1.00,0.5,0.5,0.0,0.0,0.0
2026-01-23 05:25:09,clusterA,13,4,4,0,1.00,0.5,0.5,0.0,0.0,0.0
2026-01-23 05:25:09,clusterB,13,4,4,0,1.00,0.5,0.5,0.0,0.0,0.0
2026-01-23 05:25:14,clusterA,13,4,4,0,1.00,0.5,0.5,0.0,0.0,0.0
2026-01-23 05:25:14,clusterB,13,4,4,0,1.00,0.5,0.5,0.0,0.0,0.0
2026-01-23 05:25:19,clusterA,13,4,4,0,1.00,0.5,0.5,0.0,0.0,0.0
2026-01-23 05:25:19,clusterB,13,4,4,0,1.00,0.5,0.5,0.0,0.0,0.0
2026-01-23 05:25:24,clusterA,13,4,4,0,1.00,0.5,0.5,0.0,0.0,0.0
2026-01-23 05:25:24,clusterB,13,4,4,0,1.00,0.5,0.5,0.0,0.0,0.0
2026-01-23 05:25:29,clusterA,13,4,4,0,1.00,0.5,0.5,0.0,0.0,0.0
2026-01-23 05:25:29,clusterB,13,4,4,0,1.00,0.5,0.5,0.0,0.0,0.0
2026-01-23 05:25:34,clusterA,13,4,4,0,1.00,0.5,0.5,0.0,0.0,0.0
2026-01-23 05:25:34,clusterB,13,4,4,0,1.00,0.5,0.5,0.0,0.0,0.0
2026-01-23 05:25:39,clusterA,13,4,4,0,1.00,0.5,0.5,0.0,0.0,0.0
2026-01-23 05:25:39,clusterB,13,4,4,0,1.00,0.5,0.5,0.0,0.0,0.0
2026-01-23 05:25:44,clusterA,13,4,4,0,1.00,0.5,0.5,0.0,0.0,0.0
2026-01-23 05:25:44,clusterB,13,4,4,0,1.00,0.5,0.5,0.0,0.0,0.0
2026-01-23 05:25:49,clusterA,13,4,4,0,1.00,0.5,0.5,0.0,0.0,0.0
2026-01-23 05:25:49,clusterB,13,4,4,0,1.00,0.5,0.5,0.0,0.0,0.0
2026-01-23 05:25:54,clusterA,13,4,4,0,1.00,0.5,0.5,0.0,0.0,0.0
2026-01-23 05:25:54,clusterB,13,4,4,0,1.00,0.5,0.5,0.0,0.0,0.0
2026-01-23 05:25:59,clusterA,13,4,4,0,1.00,0.5,0.5,0.0,0.0,0.0
2026-01-23 05:25:59,clusterB,13,4,4,0,1.00,0.5,0.5,0.0,0.0,0.0
2026-01-23 05:26:04,clusterA,13,4,4,0,1.00,0.5,0.5,0.0,0.0,0.0
2026-01-23 05:26:04,clusterB,13,4,4,0,1.00,0.5,0.5,0.0,0.0,0.0
2026-01-23 05:26:09,clusterA,13,4,4,0,1.00,0.5,0.5,0.0,0.0,0.0
2026-01-23 05:26:09,clusterB,13,4,4,0,1.00,0.5,0.5,0.0,0.0,0.0
2026-01-23 05:26:14,clusterA,13,4,4,0,1.00,0.5,0.5,0.0,0.0,0.0
2026-01-23 05:26:14,clusterB,13,4,4,0,1.00,0.5,0.5,0.0,0.0,0.0
2026-01-23 05:26:19,clusterA,13,4,4,0,1.00,0.5,0.5,0.0,0.0,0.0
2026-01-23 05:26:19,clusterB,13,4,4,0,1.00,0.5,0.5,0.0,0.0,0.0
2026-01-23 05:26:24,clusterA,13,4,4,0,1.00,0.5,0.5,0.0,0.0,0.0
2026-01-23 05:26:24,clusterB,13,4,4,0,1.00,0.5,0.5,0.0,0.0,0.0
2026-01-23 05:26:29,clusterA,13,4,4,0,1.00,0.5,0.5,0.0,0.0,0.0
2026-01-23 05:26:29,clusterB,13,4,4,0,1.00,0.5,0.5,0.0,0.0,0.0
2026-01-23 05:26:34,clusterA,13,4,4,0,1.00,0.5,0.5,0.0,0.0,0.0
2026-01-23 05:26:34,clusterB,13,4,4,0,1.00,0.5,0.5,0.0,0.0,0.0
2026-01-23 05:26:39,clusterA,13,4,4,0,1.00,0.5,0.5,0.0,0.0,0.0
2026-01-23 05:26:39,clusterB,13,4,4,0,1.00,0.5,0.5,0.0,0.0,0.0
2026-01-23 05:26:44,clusterA,13,4,4,0,1.00,0.5,0.5,0.0,0.0,0.0
2026-01-23 05:26:44,clusterB,13,4,4,0,1.00,0.5,0.5,0.0,0.0,0.0
2026-01-23 05:26:49,clusterA,13,4,4,0,1.00,0.5,0.5,0.0,0.0,0.0
2026-01-23 05:26:49,clusterB,13,4,4,0,1.00,0.5,0.5,0.0,0.0,0.0
2026-01-23 05:26:54,clusterA,13,4,4,0,1.00,0.5,0.5,0.0,0.0,0.0
2026-01-23 05:26:54,clusterB,13,4,4,0,1.00,0.5,0.5,0.0,0.0,0.0
2026-01-23 05:26:59,clusterA,13,4,4,0,1.00,0.5,0.5,0.0,0.0,0.0
2026-01-23 05:26:59,clusterB,13,4,4,0,1.00,0.5,0.5,0.0,0.0,0.0
2026-01-23 05:27:04,clusterA,13,4,4,0,1.00,0.5,0.5,0.0,0.0,0.0
2026-01-23 05:27:04,clusterB,13,4,4,0,1.00,0.5,0.5,0.0,0.0,0.0
2026-01-23 05:27:09,clusterA,13,4,4,0,1.00,0.5,0.5,0.0,0.0,0.0
2026-01-23 05:27:09,clusterB,13,4,4,0,1.00,0.5,0.5,0.0,0.0,0.0
2026-01-23 05:27:14,clusterA,13,4,4,0,1.00,0.5,0.5,0.0,0.0,0.0
2026-01-23 05:27:14,clusterB,13,4,4,0,1.00,0.5,0.5,0.0,0.0,0.0
2026-01-23 05:27:19,clusterA,13,4,4,0,1.00,0.5,0.5,0.0,0.0,0.0
2026-01-23 05:27:19,clusterB,13,4,4,0,1.00,0.5,0.5,0.0,0.0,0.0
2026-01-23 05:27:24,clusterA,13,4,4,0,1.00,0.5,0.5,0.0,0.0,0.0
2026-01-23 05:27:24,clusterB,13,4,4,0,1.00,0.5,0.5,0.0,0.0,0.0
2026-01-23 05:27:29,clusterA,13,4,4,0,1.00,0.5,0.5,0.0,0.0,0.0
2026-01-23 05:27:29,clusterB,13,4,4,0,1.00,0.5,0.5,0.0,0.0,0.0
2026-01-23 05:27:34,clusterA,13,4,4,0,1.00,0.5,0.5,0.0,0.0,0.0
2026-01-23 05:27:34,clusterB,13,4,4,0,1.00,0.5,0.5,0.0,0.0,0.0
2026-01-23 05:27:39,clusterA,13,4,4,0,1.00,0.5,0.5,0.0,0.0,0.0
2026-01-23 05:27:39,clusterB,13,4,4,0,1.00,0.5,0.5,0.0,0.0,0.0
2026-01-23 05:27:44,clusterA,13,4,4,0,1.00,0.5,0.5,0.0,0.0,0.0
2026-01-23 05:27:44,clusterB,13,4,4,0,1.00,0.5,0.5,0.0,0.0,0.0
2026-01-23 05:27:49,clusterA,13,4,4,0,1.00,0.5,0.5,0.0,0.0,0.0
2026-01-23 05:27:49,clusterB,13,4,4,0,1.00,0.5,0.5,0.0,0.0,0.0
2026-01-23 05:27:55,clusterA,13,4,4,0,1.00,0.5,0.5,0.0,0.0,0.0
2026-01-23 05:27:55,clusterB,13,4,4,0,1.00,0.5,0.5,0.0,0.0,0.0
2026-01-23 05:28:00,clusterA,13,4,4,0,1.00,0.5,0.5,0.0,0.0,0.0
2026-01-23 05:28:00,clusterB,13,4,4,0,1.00,0.5,0.5,0.0,0.0,0.0
2026-01-23 05:28:05,clusterA,13,4,4,0,1.00,0.5,0.5,0.0,0.0,0.0
2026-01-23 05:28:05,clusterB,13,4,4,0,1.00,0.5,0.5,0.0,0.0,0.0
2026-01-23 05:28:10,clusterA,13,4,4,0,1.00,0.5,0.5,0.0,0.0,0.0
2026-01-23 05:28:10,clusterB,13,4,4,0,1.00,0.5,0.5,0.0,0.0,0.0
2026-01-23 05:28:15,clusterA,13,4,4,0,1.00,0.5,0.5,0.0,0.0,0.0
2026-01-23 05:28:15,clusterB,13,4,4,0,1.00,0.5,0.5,0.0,0.0,0.0
2026-01-23 05:28:20,clusterA,13,4,4,0,1.00,0.5,0.5,0.0,0.0,0.0
2026-01-23 05:28:20,clusterB,13,4,4,0,1.00,0.5,0.5,0.0,0.0,0.0
2026-01-23 05:28:25,clusterA,13,4,4,0,1.00,0.5,0.5,0.0,0.0,0.0
2026-01-23 05:28:25,clusterB,13,4,4,0,1.00,0.5,0.5,0.0,0.0,0.0
2026-01-23 05:28:30,clusterA,13,4,4,0,1.00,0.5,0.5,0.0,0.0,0.0
2026-01-23 05:28:30,clusterB,13,4,4,0,1.00,0.5,0.5,0.0,0.0,0.0
2026-01-23 05:28:35,clusterA,13,4,4,0,1.00,0.5,0.5,0.0,0.0,0.0
2026-01-23 05:28:35,clusterB,13,4,4,0,1.00,0.5,0.5,0.0,0.0,0.0
2026-01-23 05:28:40,clusterA,13,4,4,0,1.00,0.5,0.5,0.0,0.0,0.0
2026-01-23 05:28:40,clusterB,13,4,4,0,1.00,0.5,0.5,0.0,0.0,0.0
2026-01-23 05:28:45,clusterA,13,4,4,0,1.00,0.5,0.5,0.0,0.0,0.0
2026-01-23 05:28:45,clusterB,13,4,4,0,1.00,0.5,0.5,0.0,0.0,0.0
2026-01-23 05:28:50,clusterA,13,4,4,0,1.00,0.5,0.5,0.0,0.0,0.0
2026-01-23 05:28:50,clusterB,13,4,4,0,1.00,0.5,0.5,0.0,0.0,0.0
2026-01-23 05:28:55,clusterA,13,4,4,0,1.00,0.5,0.5,0.0,0.0,0.0
2026-01-23 05:28:55,clusterB,13,4,4,0,1.00,0.5,0.5,0.0,0.0,0.0
2026-01-23 05:29:00,clusterA,13,4,4,0,1.00,0.5,0.5,0.0,0.0,0.0
2026-01-23 05:29:00,clusterB,13,4,4,0,1.00,0.5,0.5,0.0,0.0,0.0
2026-01-23 05:29:05,clusterA,13,4,4,0,1.00,0.5,0.5,0.0,0.0,0.0
2026-01-23 05:29:05,clusterB,13,4,4,0,1.00,0.5,0.5,0.0,0.0,0.0
2026-01-23 05:29:10,clusterA,13,4,4,0,1.00,0.5,0.5,0.0,0.0,0.0
2026-01-23 05:29:10,clusterB,13,4,4,0,1.00,0.5,0.5,0.0,0.0,0.0
2026-01-23 05:29:15,clusterA,13,4,4,0,1.00,0.5,0.5,0.0,0.0,0.0
2026-01-23 05:29:15,clusterB,13,4,4,0,1.00,0.5,0.5,0.0,0.0,0.0
2026-01-23 05:29:20,clusterA,13,4,4,0,1.00,0.5,0.5,0.0,0.0,0.0
2026-01-23 05:29:20,clusterB,13,4,4,0,1.00,0.5,0.5,0.0,0.0,0.0
2026-01-23 05:29:25,clusterA,13,4,4,0,1.00,0.5,0.5,0.0,0.0,0.0
2026-01-23 05:29:25,clusterB,13,4,4,0,1.00,0.5,0.5,0.0,0.0,0.0
2026-01-23 05:29:30,clusterA,13,4,4,0,1.00,0.5,0.5,0.0,0.0,0.0
2026-01-23 05:29:30,clusterB,13,4,4,0,1.00,0.5,0.5,0.0,0.0,0.0
2026-01-23 05:29:35,clusterA,13,4,4,0,1.00,0.5,0.5,0.0,0.0,0.0
2026-01-23 05:29:35,clusterB,13,4,4,0,1.00,0.5,0.5,0.0,0.0,0.0
2026-01-23 05:29:40,clusterA,13,4,4,0,1.00,0.5,0.5,0.0,0.0,0.0
2026-01-23 05:29:40,clusterB,13,4,4,0,1.00,0.5,0.5,0.0,0.0,0.0
2026-01-23 05:29:45,clusterA,13,4,4,0,1.00,0.5,0.5,0.0,0.0,0.0
2026-01-23 05:29:45,clusterB,13,4,4,0,1.00,0.5,0.5,0.0,0.0,0.0
2026-01-23 05:29:50,clusterA,13,4,4,0,1.00,0.5,0.5,0.0,0.0,0.0
2026-01-23 05:29:50,clusterB,13,4,4,0,1.00,0.5,0.5,0.0,0.0,0.0
2026-01-23 05:29:55,clusterA,13,4,4,0,1.00,0.5,0.5,0.0,0.0,0.0
2026-01-23 05:29:55,clusterB,13,4,4,0,1.00,0.5,0.5,0.0,0.0,0.0
2026-01-23 05:30:00,clusterA,13,4,4,0,1.00,0.5,0.5,0.0,0.0,0.0
2026-01-23 05:30:00,clusterB,13,4,4,0,1.00,0.5,0.5,0.0,0.0,0.0
2026-01-23 05:30:05,clusterA,13,4,4,0,1.00,0.5,0.5,0.0,0.0,0.0
2026-01-23 05:30:05,clusterB,13,4,4,0,1.00,0.5,0.5,0.0,0.0,0.0
2026-01-23 05:30:10,clusterA,13,4,4,0,1.00,0.5,0.5,0.0,0.0,0.0
2026-01-23 05:30:10,clusterB,13,4,4,0,1.00,0.5,0.5,0.0,0.0,0.0
2026-01-23 05:30:15,clusterA,13,4,4,0,1.00,0.5,0.5,0.0,0.0,0.0
2026-01-23 05:30:15,clusterB,13,4,4,0,1.00,0.5,0.5,0.0,0.0,0.0
2026-01-23 05:30:20,clusterA,13,4,4,0,1.00,0.5,0.5,0.0,0.0,0.0
2026-01-23 05:30:20,clusterB,13,4,4,0,1.00,0.5,0.5,0.0,0.0,0.0
2026-01-23 05:30:25,clusterA,13,4,4,0,1.00,0.5,0.5,0.0,0.0,0.0
2026-01-23 05:30:25,clusterB,13,4,4,0,1.00,0.5,0.5,0.0,0.0,0.0
2026-01-23 05:30:30,clusterA,13,4,4,0,1.00,0.5,0.5,0.0,0.0,0.0
2026-01-23 05:30:30,clusterB,13,4,4,0,1.00,0.5,0.5,0.0,0.0,0.0
2026-01-23 05:30:35,clusterA,13,4,4,0,1.00,0.5,0.5,0.0,0.0,0.0
2026-01-23 05:30:35,clusterB,13,4,4,0,1.00,0.5,0.5,0.0,0.0,0.0
2026-01-23 05:30:40,clusterA,13,4,4,0,1.00,0.5,0.5,0.0,0.0,0.0
2026-01-23 05:30:40,clusterB,13,4,4,0,1.00,0.5,0.5,0.0,0.0,0.0
2026-01-23 05:30:45,clusterA,13,4,4,0,1.00,0.5,0.5,0.0,0.0,0.0
2026-01-23 05:30:45,clusterB,13,4,4,0,1.00,0.5,0.5,0.0,0.0,0.0
2026-01-23 05:30:50,clusterA,13,4,4,0,1.00,0.5,0.5,0.0,0.0,0.0
2026-01-23 05:30:50,clusterB,13,4,4,0,1.00,0.5,0.5,0.0,0.0,0.0
2026-01-23 05:30:55,clusterA,13,4,4,0,1.00,0.5,0.5,0.0,0.0,0.0
2026-01-23 05:30:55,clusterB,13,4,4,0,1.00,0.5,0.5,0.0,0.0,0.0
2026-01-23 05:31:00,clusterA,13,4,4,0,1.00,0.5,0.5,0.0,0.0,0.0
2026-01-23 05:31:00,clusterB,13,4,4,0,1.00,0.5,0.5,0.0,0.0,0.0
2026-01-23 05:31:05,clusterA,13,4,4,0,1.00,0.5,0.5,0.0,0.0,0.0
2026-01-23 05:31:05,clusterB,13,4,4,0,1.00,0.5,0.5,0.0,0.0,0.0
2026-01-23 05:31:10,clusterA,13,4,4,0,1.00,0.5,0.5,0.0,0.0,0.0
2026-01-23 05:31:10,clusterB,13,4,4,0,1.00,0.5,0.5,0.0,0.0,0.0
2026-01-23 05:31:15,clusterA,13,4,4,0,1.00,0.5,0.5,0.0,0.0,0.0
2026-01-23 05:31:15,clusterB,13,4,4,0,1.00,0.5,0.5,0.0,0.0,0.0
2026-01-23 05:31:20,clusterA,13,4,4,0,1.00,0.5,0.5,0.0,0.0,0.0
2026-01-23 05:31:20,clusterB,13,4,4,0,1.00,0.5,0.5,0.0,0.0,0.0
2026-01-23 05:31:25,clusterA,13,4,4,0,1.00,0.5,0.5,0.0,0.0,0.0
2026-01-23 05:31:25,clusterB,13,4,4,0,1.00,0.5,0.5,0.0,0.0,0.0
2026-01-23 05:31:30,clusterA,13,4,4,0,1.00,0.5,0.5,0.0,0.0,0.0
2026-01-23 05:31:30,clusterB,13,4,4,0,1.00,0.5,0.5,0.0,0.0,0.0
2026-01-23 05:31:35,clusterA,13,4,4,0,1.00,0.5,0.5,0.0,0.0,0.0
2026-01-23 05:31:35,clusterB,13,4,4,0,1.00,0.5,0.5,0.0,0.0,0.0
2026-01-23 05:31:40,clusterA,13,4,4,0,1.00,0.5,0.5,0.0,0.0,0.0
2026-01-23 05:31:40,clusterB,13,4,4,0,1.00,0.5,0.5,0.0,0.0,0.0
2026-01-23 05:31:45,clusterA,13,4,4,0,1.00,0.5,0.5,0.0,0.0,0.0
2026-01-23 05:31:45,clusterB,13,4,4,0,1.00,0.5,0.5,0.0,0.0,0.0
2026-01-23 05:31:50,clusterA,13,4,4,0,1.00,0.5,0.5,0.0,0.0,0.0
2026-01-23 05:31:50,clusterB,13,4,4,0,1.00,0.5,0.5,0.0,0.0,0.0
2026-01-23 05:31:55,clusterA,13,4,4,0,1.00,0.5,0.5,0.0,0.0,0.0
2026-01-23 05:31:55,clusterB,13,4,4,0,1.00,0.5,0.5,0.0,0.0,0.0
2026-01-23 05:32:00,clusterA,13,4,4,0,1.00,0.5,0.5,0.0,0.0,0.0
2026-01-23 05:32:00,clusterB,13,4,4,0,1.00,0.5,0.5,0.0,0.0,0.0
2026-01-23 05:32:05,clusterA,13,4,4,0,1.00,0.5,0.5,0.0,0.0,0.0
2026-01-23 05:32:05,clusterB,13,4,4,0,1.00,0.5,0.5,0.0,0.0,0.0
2026-01-23 05:32:10,clusterA,13,4,4,0,1.00,0.5,0.5,0.0,0.0,0.0
2026-01-23 05:32:10,clusterB,13,4,4,0,1.00,0.5,0.5,0.0,0.0,0.0
2026-01-23 05:32:15,clusterA,13,4,4,0,1.00,0.5,0.5,0.0,0.0,0.0
2026-01-23 05:32:15,clusterB,13,4,4,0,1.00,0.5,0.5,0.0,0.0,0.0
2026-01-23 05:32:20,clusterA,13,4,4,0,1.00,0.5,0.5,0.0,0.0,0.0
2026-01-23 05:32:20,clusterB,13,4,4,0,1.00,0.5,0.5,0.0,0.0,0.0
2026-01-23 05:32:25,clusterA,13,4,4,0,1.00,0.5,0.5,0.0,0.0,0.0
2026-01-23 05:32:25,clusterB,13,4,4,0,1.00,0.5,0.5,0.0,0.0,0.0
2026-01-23 05:32:30,clusterA,13,4,4,0,1.00,0.5,0.5,0.0,0.0,0.0
2026-01-23 05:32:30,clusterB,13,4,4,0,1.00,0.5,0.5,0.0,0.0,0.0
2026-01-23 05:32:35,clusterA,13,4,4,0,1.00,0.5,0.5,0.0,0.0,0.0
2026-01-23 05:32:35,clusterB,13,4,4,0,1.00,0.5,0.5,0.0,0.0,0.0
2026-01-23 05:32:40,clusterA,13,4,4,0,1.00,0.5,0.5,0.0,0.0,0.0
2026-01-23 05:32:40,clusterB,13,4,4,0,1.00,0.5,0.5,0.0,0.0,0.0
2026-01-23 05:32:45,clusterA,13,4,4,0,1.00,0.5,0.5,0.0,0.0,0.0
2026-01-23 05:32:45,clusterB,13,4,4,0,1.00,0.5,0.5,0.0,0.0,0.0
2026-01-23 05:32:50,clusterA,13,4,4,0,1.00,0.5,0.5,0.0,0.0,0.0
2026-01-23 05:32:50,clusterB,13,4,4,0,1.00,0.5,0.5,0.0,0.0,0.0
2026-01-23 05:32:55,clusterA,13,4,4,0,1.00,0.5,0.5,0.0,0.0,0.0
2026-01-23 05:32:55,clusterB,13,4,4,0,1.00,0.5,0.5,0.0,0.0,0.0
2026-01-23 05:33:00,clusterA,13,4,4,0,1.00,0.5,0.5,0.0,0.0,0.0
2026-01-23 05:33:00,clusterB,13,4,4,0,1.00,0.5,0.5,0.0,0.0,0.0
2026-01-23 05:33:05,clusterA,13,4,4,0,1.00,0.5,0.5,0.0,0.0,0.0
2026-01-23 05:33:05,clusterB,13,4,4,0,1.00,0.5,0.5,0.0,0.0,0.0
2026-01-23 05:33:10,clusterA,13,4,4,0,1.00,0.5,0.5,0.0,0.0,0.0
2026-01-23 05:33:10,clusterB,13,4,4,0,1.00,0.5,0.5,0.0,0.0,0.0
2026-01-23 05:33:15,clusterA,13,4,4,0,1.00,0.5,0.5,0.0,0.0,0.0
2026-01-23 05:33:15,clusterB,13,4,4,0,1.00,0.5,0.5,0.0,0.0,0.0
2026-01-23 05:33:20,clusterA,13,4,4,0,1.00,0.5,0.5,0.0,0.0,0.0
2026-01-23 05:33:20,clusterB,13,4,4,0,1.00,0.5,0.5,0.0,0.0,0.0
2026-01-23 05:33:25,clusterA,13,4,4,0,1.00,0.5,0.5,0.0,0.0,0.0
2026-01-23 05:33:25,clusterB,13,4,4,0,1.00,0.5,0.5,0.0,0.0,0.0
2026-01-23 05:33:30,clusterA,13,4,4,0,1.00,0.5,0.5,0.0,0.0,0.0
2026-01-23 05:33:30,clusterB,13,4,4,0,1.00,0.5,0.5,0.0,0.0,0.0
2026-01-23 05:33:35,clusterA,13,4,4,0,1.00,0.5,0.5,0.0,0.0,0.0
2026-01-23 05:33:35,clusterB,13,4,4,0,1.00,0.5,0.5,0.0,0.0,0.0
2026-01-23 05:33:40,clusterA,13,4,4,0,1.00,0.5,0.5,0.0,0.0,0.0
2026-01-23 05:33:40,clusterB,13,4,4,0,1.00,0.5,0.5,0.0,0.0,0.0
2026-01-23 05:33:45,clusterA,13,4,4,0,1.00,0.5,0.5,0.0,0.0,0.0
2026-01-23 05:33:45,clusterB,13,4,4,0,1.00,0.5,0.5,0.0,0.0,0.0
2026-01-23 05:33:50,clusterA,13,4,4,0,1.00,0.5,0.5,0.0,0.0,0.0
2026-01-23 05:33:50,clusterB,13,4,4,0,1.00,0.5,0.5,0.0,0.0,0.0
2026-01-23 05:33:55,clusterA,13,4,4,0,1.00,0.5,0.5,0.0,0.0,0.0
2026-01-23 05:33:55,clusterB,13,4,4,0,1.00,0.5,0.5,0.0,0.0,0.0
2026-01-23 05:34:00,clusterA,13,4,4,0,1.00,0.5,0.5,0.0,0.0,0.0
2026-01-23 05:34:00,clusterB,13,4,4,0,1.00,0.5,0.5,0.0,0.0,0.0
2026-01-23 05:34:05,clusterA,13,4,4,0,1.00,0.5,0.5,0.0,0.0,0.0
2026-01-23 05:34:05,clusterB,13,4,4,0,1.00,0.5,0.5,0.0,0.0,0.0
2026-01-23 05:34:10,clusterA,13,4,4,0,1.00,0.5,0.5,0.0,0.0,0.0
2026-01-23 05:34:10,clusterB,13,4,4,0,1.00,0.5,0.5,0.0,0.0,0.0
2026-01-23 05:34:15,clusterA,13,4,4,0,1.00,0.5,0.5,0.0,0.0,0.0
2026-01-23 05:34:15,clusterB,13,4,4,0,1.00,0.5,0.5,0.0,0.0,0.0
2026-01-23 05:34:20,clusterA,13,4,4,0,1.00,0.5,0.5,0.0,0.0,0.0
2026-01-23 05:34:20,clusterB,13,4,4,0,1.00,0.5,0.5,0.0,0.0,0.0
2026-01-23 05:34:25,clusterA,13,4,4,0,1.00,0.5,0.5,0.0,0.0,0.0
2026-01-23 05:34:25,clusterB,13,4,4,0,1.00,0.5,0.5,0.0,0.0,0.0
2026-01-23 05:34:30,clusterA,13,4,4,0,1.00,0.5,0.5,0.0,0.0,0.0
2026-01-23 05:34:30,clusterB,13,4,4,0,1.00,0.5,0.5,0.0,0.0,0.0
2026-01-23 05:34:35,clusterA,13,4,4,0,1.00,0.5,0.5,0.0,0.0,0.0
2026-01-23 05:34:35,clusterB,13,4,4,0,1.00,0.5,0.5,0.0,0.0,0.0
2026-01-23 05:34:40,clusterA,13,4,4,0,1.00,0.5,0.5,0.0,0.0,0.0
2026-01-23 05:34:40,clusterB,13,4,4,0,1.00,0.5,0.5,0.0,0.0,0.0
2026-01-23 05:34:45,clusterA,13,4,4,0,1.00,0.5,0.5,0.0,0.0,0.0
2026-01-23 05:34:45,clusterB,13,4,4,0,1.00,0.5,0.5,0.0,0.0,0.0
2026-01-23 05:34:50,clusterA,13,4,4,0,1.00,0.5,0.5,0.0,0.0,0.0
2026-01-23 05:34:50,clusterB,13,4,4,0,1.00,0.5,0.5,0.0,0.0,0.0
2026-01-23 05:34:55,clusterA,13,4,4,0,1.00,0.5,0.5,0.0,0.0,0.0
2026-01-23 05:34:55,clusterB,13,4,4,0,1.00,0.5,0.5,0.0,0.0,0.0
2026-01-23 05:35:00,clusterA,13,4,4,0,1.00,0.5,0.5,0.0,0.0,0.0
2026-01-23 05:35:00,clusterB,13,4,4,0,1.00,0.5,0.5,0.0,0.0,0.0
2026-01-23 05:35:05,clusterA,13,4,4,0,1.00,0.5,0.5,0.0,0.0,0.0
2026-01-23 05:35:05,clusterB,13,4,4,0,1.00,0.5,0.5,0.0,0.0,0.0
2026-01-23 05:35:10,clusterA,13,4,4,0,1.00,0.5,0.5,0.0,0.0,0.0
2026-01-23 05:35:10,clusterB,13,4,4,0,1.00,0.5,0.5,0.0,0.0,0.0
2026-01-23 05:35:15,clusterA,13,4,4,0,1.00,0.5,0.5,0.0,0.0,0.0
2026-01-23 05:35:15,clusterB,13,4,4,0,1.00,0.5,0.5,0.0,0.0,0.0
2026-01-23 05:35:20,clusterA,13,4,4,0,1.00,0.5,0.5,0.0,0.0,0.0
2026-01-23 05:35:20,clusterB,13,4,4,0,1.00,0.5,0.5,0.0,0.0,0.0
2026-01-23 05:35:25,clusterA,13,4,4,0,1.00,0.5,0.5,0.0,0.0,0.0
2026-01-23 05:35:25,clusterB,13,4,4,0,1.00,0.5,0.5,0.0,0.0,0.0
2026-01-23 05:35:30,clusterA,13,4,4,0,1.00,0.5,0.5,0.0,0.0,0.0
2026-01-23 05:35:30,clusterB,13,4,4,0,1.00,0.5,0.5,0.0,0.0,0.0
2026-01-23 05:35:35,clusterA,13,4,4,0,1.00,0.5,0.5,0.0,0.0,0.0
2026-01-23 05:35:35,clusterB,13,4,4,0,1.00,0.5,0.5,0.0,0.0,0.0
2026-01-23 05:35:40,clusterA,13,4,4,0,1.00,0.5,0.5,0.0,0.0,0.0
2026-01-23 05:35:40,clusterB,13,4,4,0,1.00,0.5,0.5,0.0,0.0,0.0
2026-01-23 05:35:45,clusterA,13,4,4,0,1.00,0.5,0.5,0.0,0.0,0.0
2026-01-23 05:35:45,clusterB,13,4,0,4,0.00,0.5,0.5,0.0,0.0,0.0
2026-01-23 05:35:51,clusterA,9,4,4,0,1.00,0.5,0.5,0.0,0.0,0.0
2026-01-23 05:35:51,clusterB,9,4,3,1,0.75,0.5,0.5,0.0,0.0,0.0
2026-01-23 05:35:56,clusterA,9,4,4,0,1.00,0.5,0.5,0.0,0.0,0.0
2026-01-23 05:35:56,clusterB,9,4,3,1,0.75,0.5,0.5,0.0,0.0,0.0
2026-01-23 05:36:01,clusterA,9,4,4,0,1.00,0.5,0.5,0.0,0.0,0.0
2026-01-23 05:36:01,clusterB,9,4,3,1,0.75,0.5,0.5,0.0,0.0,0.0
2026-01-23 05:36:06,clusterA,9,4,4,0,1.00,0.5,0.5,0.0,0.0,0.0
2026-01-23 05:36:06,clusterB,9,4,3,1,0.75,0.5,0.5,0.0,0.0,0.0
2026-01-23 05:36:11,clusterA,9,4,4,0,1.00,0.5,0.5,0.0,0.0,0.0
2026-01-23 05:36:11,clusterB,9,4,3,1,0.75,0.5,0.5,0.0,0.0,0.0
2026-01-23 05:36:16,clusterA,9,4,4,0,1.00,0.5,0.5,0.0,0.0,0.0
2026-01-23 05:36:16,clusterB,9,4,3,1,0.75,0.5,0.5,0.0,0.0,0.0
2026-01-23 05:36:21,clusterA,9,4,4,0,1.00,0.5,0.5,0.0,0.0,0.0
2026-01-23 05:36:21,clusterB,9,4,3,1,0.75,0.5,0.5,0.0,0.0,0.0
2026-01-23 05:36:26,clusterA,9,4,4,0,1.00,0.5,0.5,0.0,0.0,0.0
2026-01-23 05:36:26,clusterB,9,4,3,1,0.75,0.5,0.5,0.0,0.0,0.0
2026-01-23 05:36:31,clusterA,9,4,4,0,1.00,0.5,0.5,0.0,0.0,0.0
2026-01-23 05:36:31,clusterB,9,4,3,1,0.75,0.5,0.5,0.0,0.0,0.0
2026-01-23 05:36:36,clusterA,9,4,4,0,1.00,0.5,0.5,0.0,0.0,0.0
2026-01-23 05:36:36,clusterB,9,4,3,1,0.75,0.5,0.5,0.0,0.0,0.0
2026-01-23 05:36:41,clusterA,9,4,4,0,1.00,0.5,0.5,0.0,0.0,0.0
2026-01-23 05:36:41,clusterB,9,4,3,1,0.75,0.5,0.5,0.0,0.0,0.0
2026-01-23 05:36:46,clusterA,9,4,4,0,1.00,0.5,0.5,0.0,0.0,0.0
2026-01-23 05:36:46,clusterB,9,4,3,1,0.75,0.5,0.5,0.0,0.0,0.0
2026-01-23 05:36:51,clusterA,10,4,4,0,1.00,0.5,0.5,0.0,0.0,0.0
2026-01-23 05:36:51,clusterB,10,4,3,1,0.75,0.5,0.5,0.0,0.0,0.0
2026-01-23 05:36:56,clusterA,10,4,4,0,1.00,0.5,0.5,0.0,0.0,0.0
2026-01-23 05:36:56,clusterB,10,4,3,1,0.75,0.5,0.5,0.0,0.0,0.0
2026-01-23 05:37:01,clusterA,10,4,4,0,1.00,0.5,0.5,0.0,0.0,0.0
2026-01-23 05:37:01,clusterB,10,4,3,1,0.75,0.5,0.5,0.0,0.0,0.0
2026-01-23 05:37:06,clusterA,10,4,4,0,1.00,0.5,0.5,0.0,0.0,0.0
2026-01-23 05:37:06,clusterB,10,4,3,1,0.75,0.5,0.5,0.0,0.0,0.0
2026-01-23 05:37:11,clusterA,10,4,4,0,1.00,0.5,0.5,0.0,0.0,0.0
2026-01-23 05:37:11,clusterB,10,4,3,1,0.75,0.5,0.5,0.0,0.0,0.0
2026-01-23 05:37:16,clusterA,10,4,4,0,1.00,0.5,0.5,0.0,0.0,0.0
2026-01-23 05:37:16,clusterB,10,4,3,1,0.75,0.5,0.5,0.0,0.0,0.0
2026-01-23 05:37:21,clusterA,10,4,4,0,1.00,0.5,0.5,0.0,0.0,0.0
2026-01-23 05:37:21,clusterB,10,4,3,1,0.75,0.5,0.5,0.0,0.0,0.0
2026-01-23 05:37:26,clusterA,10,4,4,0,1.00,0.5,0.5,0.0,0.0,0.0
2026-01-23 05:37:26,clusterB,10,4,3,1,0.75,0.5,0.5,0.0,0.0,0.0
2026-01-23 05:37:31,clusterA,10,4,4,0,1.00,0.5,0.5,0.0,0.0,0.0
2026-01-23 05:37:31,clusterB,10,4,3,1,0.75,0.5,0.5,0.0,0.0,0.0
2026-01-23 05:37:36,clusterA,10,4,4,0,1.00,0.5,0.5,0.0,0.0,0.0
2026-01-23 05:37:36,clusterB,10,4,3,1,0.75,0.5,0.5,0.0,0.0,0.0
2026-01-23 05:37:41,clusterA,11,4,4,0,1.00,0.5,0.5,0.0,0.0,0.0
2026-01-23 05:37:41,clusterB,11,4,3,1,0.75,0.5,0.5,0.0,0.0,0.0
2026-01-23 05:37:46,clusterA,11,4,4,0,1.00,0.5,0.5,0.0,0.0,0.0
2026-01-23 05:37:46,clusterB,11,4,3,1,0.75,0.5,0.5,0.0,0.0,0.0
2026-01-23 05:37:51,clusterA,11,4,4,0,1.00,0.5,0.5,0.0,0.0,0.0
2026-01-23 05:37:51,clusterB,11,4,3,1,0.75,0.5,0.5,0.0,0.0,0.0
2026-01-23 05:37:56,clusterA,11,4,4,0,1.00,0.5,0.5,0.0,0.0,0.0
2026-01-23 05:37:56,clusterB,11,4,3,1,0.75,0.5,0.5,0.0,0.0,0.0
2026-01-23 05:38:01,clusterA,11,4,4,0,1.00,0.5,0.5,0.0,0.0,0.0
2026-01-23 05:38:01,clusterB,11,4,3,1,0.75,0.5,0.5,0.0,0.0,0.0
2026-01-23 05:38:06,clusterA,11,4,4,0,1.00,0.5,0.5,0.0,0.0,0.0
2026-01-23 05:38:06,clusterB,11,4,3,1,0.75,0.5,0.5,0.0,0.0,0.0
2026-01-23 05:38:11,clusterA,11,4,4,0,1.00,0.5,0.5,0.0,0.0,0.0
2026-01-23 05:38:11,clusterB,11,4,3,1,0.75,0.5,0.5,0.0,0.0,0.0
2026-01-23 05:38:16,clusterA,11,4,4,0,1.00,0.5,0.5,0.0,0.0,0.0
2026-01-23 05:38:16,clusterB,11,4,3,1,0.75,0.5,0.5,0.0,0.0,0.0
2026-01-23 05:38:21,clusterA,11,4,4,0,1.00,0.5,0.5,0.0,0.0,0.0
2026-01-23 05:38:21,clusterB,11,4,3,1,0.75,0.5,0.5,0.0,0.0,0.0
2026-01-23 05:38:26,clusterA,11,4,4,0,1.00,0.5,0.5,0.0,0.0,0.0
2026-01-23 05:38:26,clusterB,11,4,3,1,0.75,0.5,0.5,0.0,0.0,0.0
2026-01-23 05:38:31,clusterA,11,4,4,0,1.00,0.5,0.5,0.0,0.0,0.0
2026-01-23 05:38:31,clusterB,11,4,3,1,0.75,0.5,0.5,0.0,0.0,0.0
2026-01-23 05:38:36,clusterA,11,4,4,0,1.00,0.5,0.5,0.0,0.0,0.0
2026-01-23 05:38:36,clusterB,11,4,3,1,0.75,0.5,0.5,0.0,0.0,0.0
2026-01-23 05:38:41,clusterA,11,4,4,0,1.00,0.5,0.5,0.0,0.0,0.0
2026-01-23 05:38:41,clusterB,11,4,3,1,0.75,0.5,0.5,0.0,0.0,0.0
2026-01-23 05:38:46,clusterA,11,4,4,0,1.00,0.5,0.5,0.0,0.0,0.0
2026-01-23 05:38:46,clusterB,11,4,3,1,0.75,0.5,0.5,0.0,0.0,0.0
2026-01-23 05:38:51,clusterA,11,4,4,0,1.00,0.5,0.5,0.0,0.0,0.0
2026-01-23 05:38:51,clusterB,11,4,3,1,0.75,0.5,0.5,0.0,0.0,0.0
2026-01-23 05:38:56,clusterA,11,4,4,0,1.00,0.5,0.5,0.0,0.0,0.0
2026-01-23 05:38:56,clusterB,11,4,3,1,0.75,0.5,0.5,0.0,0.0,0.0
2026-01-23 05:39:01,clusterA,11,4,4,0,1.00,0.5,0.5,0.0,0.0,0.0
2026-01-23 05:39:01,clusterB,11,4,3,1,0.75,0.5,0.5,0.0,0.0,0.0
2026-01-23 05:39:06,clusterA,11,4,4,0,1.00,0.5,0.5,0.0,0.0,0.0
2026-01-23 05:39:06,clusterB,11,4,3,1,0.75,0.5,0.5,0.0,0.0,0.0
2026-01-23 05:39:11,clusterA,11,4,4,0,1.00,0.5,0.5,0.0,0.0,0.0
2026-01-23 05:39:11,clusterB,11,4,3,1,0.75,0.5,0.5,0.0,0.0,0.0
2026-01-23 05:39:16,clusterA,11,4,4,0,1.00,0.5,0.5,0.0,0.0,0.0
2026-01-23 05:39:16,clusterB,11,4,3,1,0.75,0.5,0.5,0.0,0.0,0.0
2026-01-23 05:39:21,clusterA,11,4,4,0,1.00,0.5,0.5,0.0,0.0,0.0
2026-01-23 05:39:21,clusterB,11,4,3,1,0.75,0.5,0.5,0.0,0.0,0.0
2026-01-23 05:39:26,clusterA,11,4,4,0,1.00,0.5,0.5,0.0,0.0,0.0
2026-01-23 05:39:26,clusterB,11,4,3,1,0.75,0.5,0.5,0.0,0.0,0.0
2026-01-23 05:39:31,clusterA,11,4,4,0,1.00,0.5,0.5,0.0,0.0,0.0
2026-01-23 05:39:31,clusterB,11,4,3,1,0.75,0.5,0.5,0.0,0.0,0.0
2026-01-23 05:39:36,clusterA,11,4,4,0,1.00,0.5,0.5,0.0,0.0,0.0
2026-01-23 05:39:36,clusterB,11,4,3,1,0.75,0.5,0.5,0.0,0.0,0.0
2026-01-23 05:39:41,clusterA,11,4,4,0,1.00,0.5,0.5,0.0,0.0,0.0
2026-01-23 05:39:41,clusterB,11,4,3,1,0.75,0.5,0.5,0.0,0.0,0.0
2026-01-23 05:39:46,clusterA,11,4,4,0,1.00,0.5,0.5,0.0,0.0,0.0
2026-01-23 05:39:46,clusterB,11,4,3,1,0.75,0.5,0.5,0.0,0.0,0.0
2026-01-23 05:39:51,clusterA,11,4,4,0,1.00,0.5,0.5,0.0,0.0,0.0
2026-01-23 05:39:51,clusterB,11,4,3,1,0.75,0.5,0.5,0.0,0.0,0.0
2026-01-23 05:39:56,clusterA,11,4,4,0,1.00,0.5,0.5,0.0,0.0,0.0
2026-01-23 05:39:56,clusterB,11,4,3,1,0.75,0.5,0.5,0.0,0.0,0.0
2026-01-23 05:40:01,clusterA,11,4,4,0,1.00,0.5,0.5,0.0,0.0,0.0
2026-01-23 05:40:01,clusterB,11,4,3,1,0.75,0.5,0.5,0.0,0.0,0.0
2026-01-23 05:40:06,clusterA,11,4,4,0,1.00,0.5,0.5,0.0,0.0,0.0
2026-01-23 05:40:06,clusterB,11,4,3,1,0.75,0.5,0.5,0.0,0.0,0.0
2026-01-23 05:40:11,clusterA,11,4,4,0,1.00,0.5,0.5,0.0,0.0,0.0
2026-01-23 05:40:11,clusterB,11,4,3,1,0.75,0.5,0.5,0.0,0.0,0.0
2026-01-23 05:40:16,clusterA,11,4,4,0,1.00,0.5,0.5,0.0,0.0,0.0
2026-01-23 05:40:16,clusterB,11,4,3,1,0.75,0.5,0.5,0.0,0.0,0.0
2026-01-23 05:40:21,clusterA,11,4,4,0,1.00,0.5,0.5,0.0,0.0,0.0
2026-01-23 05:40:21,clusterB,11,4,3,1,0.75,0.5,0.5,0.0,0.0,0.0
2026-01-23 05:40:26,clusterA,11,4,4,0,1.00,0.5,0.5,0.0,0.0,0.0
2026-01-23 05:40:26,clusterB,11,4,3,1,0.75,0.5,0.5,0.0,0.0,0.0
2026-01-23 05:40:31,clusterA,11,4,4,0,1.00,0.5,0.5,0.0,0.0,0.0
2026-01-23 05:40:31,clusterB,11,4,3,1,0.75,0.5,0.5,0.0,0.0,0.0
2026-01-23 05:40:36,clusterA,11,4,4,0,1.00,0.5,0.5,0.0,0.0,0.0
2026-01-23 05:40:36,clusterB,11,4,3,1,0.75,0.5,0.5,0.0,0.0,0.0
2026-01-23 05:40:41,clusterA,11,4,4,0,1.00,0.5,0.5,0.0,0.0,0.0
2026-01-23 05:40:41,clusterB,11,4,3,1,0.75,0.5,0.5,0.0,0.0,0.0
2026-01-23 05:40:46,clusterA,11,4,4,0,1.00,0.5,0.5,0.0,0.0,0.0
2026-01-23 05:40:46,clusterB,11,4,3,1,0.75,0.5,0.5,0.0,0.0,0.0
2026-01-23 05:40:51,clusterA,11,4,4,0,1.00,0.5,0.5,0.0,0.0,0.0
2026-01-23 05:40:51,clusterB,11,4,3,1,0.75,0.5,0.5,0.0,0.0,0.0
2026-01-23 05:40:56,clusterA,11,4,4,0,1.00,0.5,0.5,0.0,0.0,0.0
2026-01-23 05:40:56,clusterB,11,4,3,1,0.75,0.5,0.5,0.0,0.0,0.0
2026-01-23 05:41:01,clusterA,11,4,4,0,1.00,0.5,0.5,0.0,0.0,0.0
2026-01-23 05:41:01,clusterB,11,4,3,1,0.75,0.5,0.5,0.0,0.0,0.0
2026-01-23 05:41:06,clusterA,11,4,4,0,1.00,0.5,0.5,0.0,0.0,0.0
2026-01-23 05:41:06,clusterB,11,4,3,1,0.75,0.5,0.5,0.0,0.0,0.0
2026-01-23 05:41:11,clusterA,11,4,4,0,1.00,0.5,0.5,0.0,0.0,0.0
2026-01-23 05:41:11,clusterB,11,4,3,1,0.75,0.5,0.5,0.0,0.0,0.0
2026-01-23 05:41:16,clusterA,11,4,4,0,1.00,0.5,0.5,0.0,0.0,0.0
2026-01-23 05:41:16,clusterB,11,4,3,1,0.75,0.5,0.5,0.0,0.0,0.0
2026-01-23 05:41:21,clusterA,11,4,4,0,1.00,0.5,0.5,0.0,0.0,0.0
2026-01-23 05:41:21,clusterB,11,4,3,1,0.75,0.5,0.5,0.0,0.0,0.0
2026-01-23 05:41:26,clusterA,11,4,4,0,1.00,0.5,0.5,0.0,0.0,0.0
2026-01-23 05:41:26,clusterB,11,4,3,1,0.75,0.5,0.5,0.0,0.0,0.0
2026-01-23 05:41:31,clusterA,11,4,4,0,1.00,0.5,0.5,0.0,0.0,0.0
2026-01-23 05:41:31,clusterB,11,4,3,1,0.75,0.5,0.5,0.0,0.0,0.0
2026-01-23 05:41:36,clusterA,11,4,4,0,1.00,0.5,0.5,0.0,0.0,0.0
2026-01-23 05:41:36,clusterB,11,4,3,1,0.75,0.5,0.5,0.0,0.0,0.0
2026-01-23 05:41:41,clusterA,11,4,4,0,1.00,0.5,0.5,0.0,0.0,0.0
2026-01-23 05:41:41,clusterB,11,4,3,1,0.75,0.5,0.5,0.0,0.0,0.0
2026-01-23 05:41:46,clusterA,11,4,4,0,1.00,0.5,0.5,0.0,0.0,0.0
2026-01-23 05:41:46,clusterB,11,4,3,1,0.75,0.5,0.5,0.0,0.0,0.0
2026-01-23 05:41:51,clusterA,11,4,4,0,1.00,0.5,0.5,0.0,0.0,0.0
2026-01-23 05:41:51,clusterB,11,4,3,1,0.75,0.5,0.5,0.0,0.0,0.0
2026-01-23 05:41:56,clusterA,11,4,4,0,1.00,0.5,0.5,0.0,0.0,0.0
2026-01-23 05:41:56,clusterB,11,4,3,1,0.75,0.5,0.5,0.0,0.0,0.0
2026-01-23 05:42:01,clusterA,11,4,4,0,1.00,0.5,0.5,0.0,0.0,0.0
2026-01-23 05:42:01,clusterB,11,4,3,1,0.75,0.5,0.5,0.0,0.0,0.0
2026-01-23 05:42:06,clusterA,11,4,4,0,1.00,0.5,0.5,0.0,0.0,0.0
2026-01-23 05:42:06,clusterB,11,4,3,1,0.75,0.5,0.5,0.0,0.0,0.0
2026-01-23 05:42:11,clusterA,11,4,4,0,1.00,0.5,0.5,0.0,0.0,0.0
2026-01-23 05:42:11,clusterB,11,4,3,1,0.75,0.5,0.5,0.0,0.0,0.0
2026-01-23 05:42:16,clusterA,11,4,4,0,1.00,0.5,0.5,0.0,0.0,0.0
2026-01-23 05:42:16,clusterB,11,4,3,1,0.75,0.5,0.5,0.0,0.0,0.0
2026-01-23 05:42:21,clusterA,11,4,4,0,1.00,0.5,0.5,0.0,0.0,0.0
2026-01-23 05:42:21,clusterB,11,4,3,1,0.75,0.5,0.5,0.0,0.0,0.0
2026-01-23 05:42:26,clusterA,11,4,4,0,1.00,0.5,0.5,0.0,0.0,0.0
2026-01-23 05:42:26,clusterB,11,4,3,1,0.75,0.5,0.5,0.0,0.0,0.0
2026-01-23 05:42:32,clusterA,11,4,4,0,1.00,0.5,0.5,0.0,0.0,0.0
2026-01-23 05:42:32,clusterB,11,4,3,1,0.75,0.5,0.5,0.0,0.0,0.0
2026-01-23 05:42:37,clusterA,11,4,4,0,1.00,0.5,0.5,0.0,0.0,0.0
2026-01-23 05:42:37,clusterB,11,4,3,1,0.75,0.5,0.5,0.0,0.0,0.0
2026-01-23 05:42:42,clusterA,11,4,4,0,1.00,0.5,0.5,0.0,0.0,0.0
2026-01-23 05:42:42,clusterB,11,4,3,1,0.75,0.5,0.5,0.0,0.0,0.0
2026-01-23 05:42:47,clusterA,11,4,4,0,1.00,0.5,0.5,0.0,0.0,0.0
2026-01-23 05:42:47,clusterB,11,4,3,1,0.75,0.5,0.5,0.0,0.0,0.0
2026-01-23 05:42:52,clusterA,12,4,4,0,1.00,0.5,0.5,0.0,0.0,0.0
2026-01-23 05:42:52,clusterB,12,4,3,1,0.75,0.5,0.5,0.0,0.0,0.0
2026-01-23 05:42:57,clusterA,12,4,4,0,1.00,0.5,0.5,0.0,0.0,0.0
2026-01-23 05:42:57,clusterB,12,4,3,1,0.75,0.5,0.5,0.0,0.0,0.0
2026-01-23 05:43:02,clusterA,12,4,4,0,1.00,0.5,0.5,0.0,0.0,0.0
2026-01-23 05:43:02,clusterB,12,4,3,1,0.75,0.5,0.5,0.0,0.0,0.0
2026-01-23 05:43:07,clusterA,12,4,4,0,1.00,0.5,0.5,0.0,0.0,0.0
2026-01-23 05:43:07,clusterB,12,4,3,1,0.75,0.5,0.5,0.0,0.0,0.0
2026-01-23 05:43:12,clusterA,12,4,4,0,1.00,0.5,0.5,0.0,0.0,0.0
2026-01-23 05:43:12,clusterB,12,4,3,1,0.75,0.5,0.5,0.0,0.0,0.0
2026-01-23 05:43:17,clusterA,12,4,4,0,1.00,0.5,0.5,0.0,0.0,0.0
2026-01-23 05:43:17,clusterB,12,4,3,1,0.75,0.5,0.5,0.0,0.0,0.0
2026-01-23 05:43:22,clusterA,12,4,4,0,1.00,0.5,0.5,0.0,0.0,0.0
2026-01-23 05:43:22,clusterB,12,4,3,1,0.75,0.5,0.5,0.0,0.0,0.0
2026-01-23 05:43:27,clusterA,12,4,4,0,1.00,0.5,0.5,0.0,0.0,0.0
2026-01-23 05:43:27,clusterB,12,4,3,1,0.75,0.5,0.5,0.0,0.0,0.0
2026-01-23 05:43:32,clusterA,12,4,4,0,1.00,0.5,0.5,0.0,0.0,0.0
2026-01-23 05:43:32,clusterB,12,4,3,1,0.75,0.5,0.5,0.0,0.0,0.0
2026-01-23 05:43:37,clusterA,12,4,4,0,1.00,0.5,0.5,0.0,0.0,0.0
2026-01-23 05:43:37,clusterB,12,4,3,1,0.75,0.5,0.5,0.0,0.0,0.0
2026-01-23 05:43:42,clusterA,12,4,4,0,1.00,0.5,0.5,0.0,0.0,0.0
2026-01-23 05:43:42,clusterB,12,4,3,1,0.75,0.5,0.5,0.0,0.0,0.0
2026-01-23 05:43:47,clusterA,12,4,4,0,1.00,0.5,0.5,0.0,0.0,0.0
2026-01-23 05:43:47,clusterB,12,4,3,1,0.75,0.5,0.5,0.0,0.0,0.0
2026-01-23 05:43:52,clusterA,12,4,4,0,1.00,0.5,0.5,0.0,0.0,0.0
2026-01-23 05:43:52,clusterB,12,4,3,1,0.75,0.5,0.5,0.0,0.0,0.0
2026-01-23 05:43:57,clusterA,12,4,4,0,1.00,0.5,0.5,0.0,0.0,0.0
2026-01-23 05:43:57,clusterB,12,4,3,1,0.75,0.5,0.5,0.0,0.0,0.0
2026-01-23 05:44:02,clusterA,12,4,4,0,1.00,0.5,0.5,0.0,0.0,0.0
2026-01-23 05:44:02,clusterB,12,4,3,1,0.75,0.5,0.5,0.0,0.0,0.0
2026-01-23 05:44:07,clusterA,12,4,4,0,1.00,0.5,0.5,0.0,0.0,0.0
2026-01-23 05:44:07,clusterB,12,4,3,1,0.75,0.5,0.5,0.0,0.0,0.0
2026-01-23 05:44:12,clusterA,12,4,4,0,1.00,0.5,0.5,0.0,0.0,0.0
2026-01-23 05:44:12,clusterB,12,4,3,1,0.75,0.5,0.5,0.0,0.0,0.0
2026-01-23 05:44:17,clusterA,12,4,4,0,1.00,0.5,0.5,0.0,0.0,0.0
2026-01-23 05:44:17,clusterB,12,4,3,1,0.75,0.5,0.5,0.0,0.0,0.0
2026-01-23 05:44:22,clusterA,12,4,4,0,1.00,0.5,0.5,0.0,0.0,0.0
2026-01-23 05:44:22,clusterB,12,4,3,1,0.75,0.5,0.5,0.0,0.0,0.0
2026-01-23 05:44:27,clusterA,12,4,4,0,1.00,0.5,0.5,0.0,0.0,0.0
2026-01-23 05:44:27,clusterB,12,4,3,1,0.75,0.5,0.5,0.0,0.0,0.0
2026-01-23 05:44:32,clusterA,12,4,4,0,1.00,0.5,0.5,0.0,0.0,0.0
2026-01-23 05:44:32,clusterB,12,4,3,1,0.75,0.5,0.5,0.0,0.0,0.0
2026-01-23 05:44:37,clusterA,12,4,4,0,1.00,0.5,0.5,0.0,0.0,0.0
2026-01-23 05:44:37,clusterB,12,4,3,1,0.75,0.5,0.5,0.0,0.0,0.0
2026-01-23 05:44:42,clusterA,12,4,4,0,1.00,0.5,0.5,0.0,0.0,0.0
2026-01-23 05:44:42,clusterB,12,4,3,1,0.75,0.5,0.5,0.0,0.0,0.0
2026-01-23 05:44:47,clusterA,12,4,4,0,1.00,0.5,0.5,0.0,0.0,0.0
2026-01-23 05:44:47,clusterB,12,4,3,1,0.75,0.5,0.5,0.0,0.0,0.0
2026-01-23 05:44:52,clusterA,12,4,4,0,1.00,0.5,0.5,0.0,0.0,0.0
2026-01-23 05:44:52,clusterB,12,4,3,1,0.75,0.5,0.5,0.0,0.0,0.0
2026-01-23 05:44:57,clusterA,12,4,4,0,1.00,0.5,0.5,0.0,0.0,0.0
2026-01-23 05:44:57,clusterB,12,4,3,1,0.75,0.5,0.5,0.0,0.0,0.0
2026-01-23 05:45:02,clusterA,12,4,4,0,1.00,0.5,0.5,0.0,0.0,0.0
2026-01-23 05:45:02,clusterB,12,4,3,1,0.75,0.5,0.5,0.0,0.0,0.0
2026-01-23 05:45:07,clusterA,12,4,4,0,1.00,0.5,0.5,0.0,0.0,0.0
2026-01-23 05:45:07,clusterB,12,4,3,1,0.75,0.5,0.5,0.0,0.0,0.0
2026-01-23 05:45:12,clusterA,12,4,4,0,1.00,0.5,0.5,0.0,0.0,0.0
2026-01-23 05:45:12,clusterB,12,4,3,1,0.75,0.5,0.5,0.0,0.0,0.0
2026-01-23 05:45:17,clusterA,12,4,4,0,1.00,0.5,0.5,0.0,0.0,0.0
2026-01-23 05:45:17,clusterB,12,4,3,1,0.75,0.5,0.5,0.0,0.0,0.0
2026-01-23 05:45:22,clusterA,12,4,4,0,1.00,0.5,0.5,0.0,0.0,0.0
2026-01-23 05:45:22,clusterB,12,4,3,1,0.75,0.5,0.5,0.0,0.0,0.0
2026-01-23 05:45:27,clusterA,12,4,4,0,1.00,0.5,0.5,0.0,0.0,0.0
2026-01-23 05:45:27,clusterB,12,4,3,1,0.75,0.5,0.5,0.0,0.0,0.0
2026-01-23 05:45:32,clusterA,12,4,4,0,1.00,0.5,0.5,0.0,0.0,0.0
2026-01-23 05:45:32,clusterB,12,4,3,1,0.75,0.5,0.5,0.0,0.0,0.0
2026-01-23 05:45:37,clusterA,12,4,4,0,1.00,0.5,0.5,0.0,0.0,0.0
2026-01-23 05:45:37,clusterB,12,4,3,1,0.75,0.5,0.5,0.0,0.0,0.0
2026-01-23 05:45:42,clusterA,12,4,4,0,1.00,0.5,0.5,0.0,0.0,0.0
2026-01-23 05:45:42,clusterB,12,4,3,1,0.75,0.5,0.5,0.0,0.0,0.0
2026-01-23 05:45:47,clusterA,12,4,4,0,1.00,0.5,0.5,0.0,0.0,0.0
2026-01-23 05:45:47,clusterB,12,4,3,1,0.75,0.5,0.5,0.0,0.0,0.0
2026-01-23 05:45:52,clusterA,12,4,4,0,1.00,0.5,0.5,0.0,0.0,0.0
2026-01-23 05:45:52,clusterB,12,4,3,1,0.75,0.5,0.5,0.0,0.0,0.0
2026-01-23 05:45:57,clusterA,12,4,4,0,1.00,0.5,0.5,0.0,0.0,0.0
2026-01-23 05:45:57,clusterB,12,4,3,1,0.75,0.5,0.5,0.0,0.0,0.0
2026-01-23 05:46:02,clusterA,12,4,4,0,1.00,0.5,0.5,0.0,0.0,0.0
2026-01-23 05:46:02,clusterB,12,4,3,1,0.75,0.5,0.5,0.0,0.0,0.0
2026-01-23 05:46:07,clusterA,12,4,4,0,1.00,0.5,0.5,0.0,0.0,0.0
2026-01-23 05:46:07,clusterB,12,4,3,1,0.75,0.5,0.5,0.0,0.0,0.0
2026-01-23 05:46:12,clusterA,12,4,4,0,1.00,0.5,0.5,0.0,0.0,0.0
2026-01-23 05:46:12,clusterB,12,4,3,1,0.75,0.5,0.5,0.0,0.0,0.0
2026-01-23 05:46:17,clusterA,12,4,4,0,1.00,0.5,0.5,0.0,0.0,0.0
2026-01-23 05:46:17,clusterB,12,4,3,1,0.75,0.5,0.5,0.0,0.0,0.0
2026-01-23 05:46:22,clusterA,12,4,4,0,1.00,0.5,0.5,0.0,0.0,0.0
2026-01-23 05:46:22,clusterB,12,4,3,1,0.75,0.5,0.5,0.0,0.0,0.0
2026-01-23 05:46:27,clusterA,12,4,4,0,1.00,0.5,0.5,0.0,0.0,0.0
2026-01-23 05:46:27,clusterB,12,4,3,1,0.75,0.5,0.5,0.0,0.0,0.0
2026-01-23 05:46:32,clusterA,12,4,4,0,1.00,0.5,0.5,0.0,0.0,0.0
2026-01-23 05:46:32,clusterB,12,4,3,1,0.75,0.5,0.5,0.0,0.0,0.0
2026-01-23 05:46:37,clusterA,13,4,4,0,1.00,0.5,0.5,0.0,0.0,0.0
2026-01-23 05:46:37,clusterB,13,4,3,1,0.75,0.5,0.5,0.0,0.0,0.0
2026-01-23 05:46:42,clusterA,13,4,4,0,1.00,0.5,0.5,0.0,0.0,0.0
2026-01-23 05:46:42,clusterB,13,4,3,1,0.75,0.5,0.5,0.0,0.0,0.0
2026-01-23 05:46:47,clusterA,13,4,4,0,1.00,0.5,0.5,0.0,0.0,0.0
2026-01-23 05:46:47,clusterB,13,4,3,1,0.75,0.5,0.5,0.0,0.0,0.0
2026-01-23 05:46:52,clusterA,13,4,4,0,1.00,0.5,0.5,0.0,0.0,0.0
2026-01-23 05:46:52,clusterB,13,4,3,1,0.75,0.5,0.5,0.0,0.0,0.0
2026-01-23 05:46:57,clusterA,13,4,4,0,1.00,0.5,0.5,0.0,0.0,0.0
2026-01-23 05:46:57,clusterB,13,4,3,1,0.75,0.5,0.5,0.0,0.0,0.0
2026-01-23 05:47:02,clusterA,13,4,4,0,1.00,0.5,0.5,0.0,0.0,0.0
2026-01-23 05:47:02,clusterB,13,4,3,1,0.75,0.5,0.5,0.0,0.0,0.0
2026-01-23 05:47:07,clusterA,13,4,4,0,1.00,0.5,0.5,0.0,0.0,0.0
2026-01-23 05:47:07,clusterB,13,4,3,1,0.75,0.5,0.5,0.0,0.0,0.0
2026-01-23 05:47:12,clusterA,13,4,4,0,1.00,0.5,0.5,0.0,0.0,0.0
2026-01-23 05:47:12,clusterB,13,4,3,1,0.75,0.5,0.5,0.0,0.0,0.0
2026-01-23 05:47:17,clusterA,14,4,4,0,1.00,0.5,0.5,0.0,0.0,0.0
2026-01-23 05:47:17,clusterB,14,4,3,1,0.75,0.5,0.5,0.0,0.0,0.0
2026-01-23 05:47:22,clusterA,14,4,4,0,1.00,0.5,0.5,0.0,0.0,0.0
2026-01-23 05:47:22,clusterB,14,4,3,1,0.75,0.5,0.5,0.0,0.0,0.0
2026-01-23 05:47:27,clusterA,14,4,4,0,1.00,0.5,0.5,0.0,0.0,0.0
2026-01-23 05:47:27,clusterB,14,4,3,1,0.75,0.5,0.5,0.0,0.0,0.0
2026-01-23 05:47:32,clusterA,14,4,4,0,1.00,0.5,0.5,0.0,0.0,0.0
2026-01-23 05:47:32,clusterB,14,4,3,1,0.75,0.5,0.5,0.0,0.0,0.0
2026-01-23 05:47:37,clusterA,14,4,4,0,1.00,0.5,0.5,0.0,0.0,0.0
2026-01-23 05:47:37,clusterB,14,4,3,1,0.75,0.5,0.5,0.0,0.0,0.0
2026-01-23 05:47:42,clusterA,14,4,4,0,1.00,0.5,0.5,0.0,0.0,0.0
2026-01-23 05:47:42,clusterB,14,4,3,1,0.75,0.5,0.5,0.0,0.0,0.0
2026-01-23 05:47:47,clusterA,14,4,4,0,1.00,0.5,0.5,0.0,0.0,0.0
2026-01-23 05:47:47,clusterB,14,4,3,1,0.75,0.5,0.5,0.0,0.0,0.0
2026-01-23 05:47:52,clusterA,14,4,4,0,1.00,0.5,0.5,0.0,0.0,0.0
2026-01-23 05:47:52,clusterB,14,4,3,1,0.75,0.5,0.5,0.0,0.0,0.0
2026-01-23 05:47:57,clusterA,14,4,4,0,1.00,0.5,0.5,0.0,0.0,0.0
2026-01-23 05:47:57,clusterB,14,4,3,1,0.75,0.5,0.5,0.0,0.0,0.0
2026-01-23 05:48:02,clusterA,14,4,4,0,1.00,0.5,0.5,0.0,0.0,0.0
2026-01-23 05:48:02,clusterB,14,4,3,1,0.75,0.5,0.5,0.0,0.0,0.0
2026-01-23 05:48:07,clusterA,14,4,4,0,1.00,0.5,0.5,0.0,0.0,0.0
2026-01-23 05:48:07,clusterB,14,4,3,1,0.75,0.5,0.5,0.0,0.0,0.0
2026-01-23 05:48:12,clusterA,14,4,4,0,1.00,0.5,0.5,0.0,0.0,0.0
2026-01-23 05:48:12,clusterB,14,4,3,1,0.75,0.5,0.5,0.0,0.0,0.0
2026-01-23 05:48:17,clusterA,14,4,4,0,1.00,0.5,0.5,0.0,0.0,0.0
2026-01-23 05:48:17,clusterB,14,4,3,1,0.75,0.5,0.5,0.0,0.0,0.0
2026-01-23 05:48:22,clusterA,14,4,4,0,1.00,0.5,0.5,0.0,0.0,0.0
2026-01-23 05:48:22,clusterB,14,4,3,1,0.75,0.5,0.5,0.0,0.0,0.0
2026-01-23 05:48:27,clusterA,14,4,4,0,1.00,0.5,0.5,0.0,0.0,0.0
2026-01-23 05:48:27,clusterB,14,4,3,1,0.75,0.5,0.5,0.0,0.0,0.0
2026-01-23 05:48:32,clusterA,14,4,4,0,1.00,0.5,0.5,0.0,0.0,0.0
2026-01-23 05:48:32,clusterB,14,4,3,1,0.75,0.5,0.5,0.0,0.0,0.0
2026-01-23 05:48:37,clusterA,14,4,4,0,1.00,0.5,0.5,0.0,0.0,0.0
2026-01-23 05:48:37,clusterB,14,4,3,1,0.75,0.5,0.5,0.0,0.0,0.0
2026-01-23 05:48:42,clusterA,14,4,4,0,1.00,0.5,0.5,0.0,0.0,0.0
2026-01-23 05:48:42,clusterB,14,4,3,1,0.75,0.5,0.5,0.0,0.0,0.0
2026-01-23 05:48:47,clusterA,14,4,4,0,1.00,0.5,0.5,0.0,0.0,0.0
2026-01-23 05:48:47,clusterB,14,4,3,1,0.75,0.5,0.5,0.0,0.0,0.0
2026-01-23 05:48:52,clusterA,14,4,4,0,1.00,0.5,0.5,0.0,0.0,0.0
2026-01-23 05:48:52,clusterB,14,4,3,1,0.75,0.5,0.5,0.0,0.0,0.0
2026-01-23 05:48:57,clusterA,14,4,4,0,1.00,0.5,0.5,0.0,0.0,0.0
2026-01-23 05:48:57,clusterB,14,4,3,1,0.75,0.5,0.5,0.0,0.0,0.0
2026-01-23 05:49:02,clusterA,14,4,4,0,1.00,0.5,0.5,0.0,0.0,0.0
2026-01-23 05:49:02,clusterB,14,4,3,1,0.75,0.5,0.5,0.0,0.0,0.0
2026-01-23 05:49:07,clusterA,14,4,4,0,1.00,0.5,0.5,0.0,0.0,0.0
2026-01-23 05:49:07,clusterB,14,4,3,1,0.75,0.5,0.5,0.0,0.0,0.0
2026-01-23 05:49:12,clusterA,14,4,4,0,1.00,0.5,0.5,0.0,0.0,0.0
2026-01-23 05:49:12,clusterB,14,4,3,1,0.75,0.5,0.5,0.0,0.0,0.0
2026-01-23 05:49:17,clusterA,14,4,4,0,1.00,0.5,0.5,0.0,0.0,0.0
2026-01-23 05:49:17,clusterB,14,4,3,1,0.75,0.5,0.5,0.0,0.0,0.0
2026-01-23 05:49:22,clusterA,14,4,4,0,1.00,0.5,0.5,0.0,0.0,0.0
2026-01-23 05:49:22,clusterB,14,4,3,1,0.75,0.5,0.5,0.0,0.0,0.0
2026-01-23 05:49:27,clusterA,14,4,4,0,1.00,0.5,0.5,0.0,0.0,0.0
2026-01-23 05:49:27,clusterB,14,4,3,1,0.75,0.5,0.5,0.0,0.0,0.0
2026-01-23 05:49:32,clusterA,14,4,4,0,1.00,0.5,0.5,0.0,0.0,0.0
2026-01-23 05:49:32,clusterB,14,4,3,1,0.75,0.5,0.5,0.0,0.0,0.0
2026-01-23 05:49:37,clusterA,14,4,4,0,1.00,0.5,0.5,0.0,0.0,0.0
2026-01-23 05:49:37,clusterB,14,4,3,1,0.75,0.5,0.5,0.0,0.0,0.0
2026-01-23 05:49:42,clusterA,14,4,4,0,1.00,0.5,0.5,0.0,0.0,0.0
2026-01-23 05:49:42,clusterB,14,4,3,1,0.75,0.5,0.5,0.0,0.0,0.0
2026-01-23 05:49:47,clusterA,14,4,4,0,1.00,0.5,0.5,0.0,0.0,0.0
2026-01-23 05:49:47,clusterB,14,4,3,1,0.75,0.5,0.5,0.0,0.0,0.0
2026-01-23 05:49:52,clusterA,14,4,4,0,1.00,0.5,0.5,0.0,0.0,0.0
2026-01-23 05:49:52,clusterB,14,4,3,1,0.75,0.5,0.5,0.0,0.0,0.0
2026-01-23 05:49:57,clusterA,14,4,4,0,1.00,0.5,0.5,0.0,0.0,0.0
2026-01-23 05:49:57,clusterB,14,4,3,1,0.75,0.5,0.5,0.0,0.0,0.0
2026-01-23 05:50:02,clusterA,14,4,4,0,1.00,0.5,0.5,0.0,0.0,0.0
2026-01-23 05:50:02,clusterB,14,4,3,1,0.75,0.5,0.5,0.0,0.0,0.0
2026-01-23 05:50:07,clusterA,15,4,4,0,1.00,0.5,0.5,0.0,0.0,0.0
2026-01-23 05:50:07,clusterB,15,4,3,1,0.75,0.5,0.5,0.0,0.0,0.0
2026-01-23 05:50:12,clusterA,15,4,4,0,1.00,0.5,0.5,0.0,0.0,0.0
2026-01-23 05:50:12,clusterB,15,4,3,1,0.75,0.5,0.5,0.0,0.0,0.0
2026-01-23 05:50:17,clusterA,15,4,4,0,1.00,0.5,0.5,0.0,0.0,0.0
2026-01-23 05:50:17,clusterB,15,4,3,1,0.75,0.5,0.5,0.0,0.0,0.0
2026-01-23 05:50:22,clusterA,15,4,4,0,1.00,0.5,0.5,0.0,0.0,0.0
2026-01-23 05:50:22,clusterB,15,4,3,1,0.75,0.5,0.5,0.0,0.0,0.0
2026-01-23 05:50:27,clusterA,15,4,4,0,1.00,0.5,0.5,0.0,0.0,0.0
2026-01-23 05:50:27,clusterB,15,4,3,1,0.75,0.5,0.5,0.0,0.0,0.0
2026-01-23 05:50:32,clusterA,15,4,4,0,1.00,0.5,0.5,0.0,0.0,0.0
2026-01-23 05:50:32,clusterB,15,4,3,1,0.75,0.5,0.5,0.0,0.0,0.0
2026-01-23 05:50:37,clusterA,15,4,4,0,1.00,0.5,0.5,0.0,0.0,0.0
2026-01-23 05:50:37,clusterB,15,4,3,1,0.75,0.5,0.5,0.0,0.0,0.0
2026-01-23 05:50:42,clusterA,15,4,4,0,1.00,0.5,0.5,0.0,0.0,0.0
2026-01-23 05:50:42,clusterB,15,4,3,1,0.75,0.5,0.5,0.0,0.0,0.0
2026-01-23 05:50:47,clusterA,15,4,4,0,1.00,0.5,0.5,0.0,0.0,0.0
2026-01-23 05:50:47,clusterB,15,4,3,1,0.75,0.5,0.5,0.0,0.0,0.0
2026-01-23 05:50:52,clusterA,16,4,4,0,1.00,0.5,0.5,0.0,0.0,0.0
2026-01-23 05:50:52,clusterB,16,4,3,1,0.75,0.5,0.5,0.0,0.0,0.0
2026-01-23 05:50:57,clusterA,16,4,4,0,1.00,0.5,0.5,0.0,0.0,0.0
2026-01-23 05:50:57,clusterB,16,4,3,1,0.75,0.5,0.5,0.0,0.0,0.0
2026-01-23 05:51:02,clusterA,16,4,4,0,1.00,0.5,0.5,0.0,0.0,0.0
2026-01-23 05:51:02,clusterB,16,4,3,1,0.75,0.5,0.5,0.0,0.0,0.0
2026-01-23 05:51:07,clusterA,16,4,4,0,1.00,0.5,0.5,0.0,0.0,0.0
2026-01-23 05:51:07,clusterB,16,4,3,1,0.75,0.5,0.5,0.0,0.0,0.0
2026-01-23 05:51:12,clusterA,16,4,4,0,1.00,0.5,0.5,0.0,0.0,0.0
2026-01-23 05:51:12,clusterB,16,4,3,1,0.75,0.5,0.5,0.0,0.0,0.0
2026-01-23 05:51:17,clusterA,16,4,4,0,1.00,0.5,0.5,0.0,0.0,0.0
2026-01-23 05:51:17,clusterB,16,4,3,1,0.75,0.5,0.5,0.0,0.0,0.0
2026-01-23 05:51:22,clusterA,16,4,4,0,1.00,0.5,0.5,0.0,0.0,0.0
2026-01-23 05:51:22,clusterB,16,4,3,1,0.75,0.5,0.5,0.0,0.0,0.0
2026-01-23 05:51:28,clusterA,16,4,4,0,1.00,0.5,0.5,0.0,0.0,0.0
2026-01-23 05:51:28,clusterB,16,4,3,1,0.75,0.5,0.5,0.0,0.0,0.0
2026-01-23 05:51:33,clusterA,16,4,4,0,1.00,0.5,0.5,0.0,0.0,0.0
2026-01-23 05:51:33,clusterB,16,4,3,1,0.75,0.5,0.5,0.0,0.0,0.0
2026-01-23 05:51:38,clusterA,16,4,4,0,1.00,0.5,0.5,0.0,0.0,0.0
2026-01-23 05:51:38,clusterB,16,4,3,1,0.75,0.5,0.5,0.0,0.0,0.0
2026-01-23 05:51:43,clusterA,16,4,4,0,1.00,0.5,0.5,0.0,0.0,0.0
2026-01-23 05:51:43,clusterB,16,4,3,1,0.75,0.5,0.5,0.0,0.0,0.0
2026-01-23 05:51:48,clusterA,16,4,4,0,1.00,0.5,0.5,0.0,0.0,0.0
2026-01-23 05:51:48,clusterB,16,4,3,1,0.75,0.5,0.5,0.0,0.0,0.0
2026-01-23 05:51:53,clusterA,16,4,4,0,1.00,0.5,0.5,0.0,0.0,0.0
2026-01-23 05:51:53,clusterB,16,4,3,1,0.75,0.5,0.5,0.0,0.0,0.0
2026-01-23 05:51:58,clusterA,16,4,4,0,1.00,0.5,0.5,0.0,0.0,0.0
2026-01-23 05:51:58,clusterB,16,4,3,1,0.75,0.5,0.5,0.0,0.0,0.0
2026-01-23 05:52:03,clusterA,16,4,4,0,1.00,0.5,0.5,0.0,0.0,0.0
2026-01-23 05:52:03,clusterB,16,4,3,1,0.75,0.5,0.5,0.0,0.0,0.0
2026-01-23 05:52:08,clusterA,16,4,4,0,1.00,0.5,0.5,0.0,0.0,0.0
2026-01-23 05:52:08,clusterB,16,4,3,1,0.75,0.5,0.5,0.0,0.0,0.0
2026-01-23 05:52:13,clusterA,16,4,4,0,1.00,0.5,0.5,0.0,0.0,0.0
2026-01-23 05:52:13,clusterB,16,4,3,1,0.75,0.5,0.5,0.0,0.0,0.0
2026-01-23 05:52:18,clusterA,16,4,4,0,1.00,0.5,0.5,0.0,0.0,0.0
2026-01-23 05:52:18,clusterB,16,4,3,1,0.75,0.5,0.5,0.0,0.0,0.0
2026-01-23 05:52:23,clusterA,16,4,4,0,1.00,0.5,0.5,0.0,0.0,0.0
2026-01-23 05:52:23,clusterB,16,4,3,1,0.75,0.5,0.5,0.0,0.0,0.0
2026-01-23 05:52:28,clusterA,16,4,4,0,1.00,0.5,0.5,0.0,0.0,0.0
2026-01-23 05:52:28,clusterB,16,4,3,1,0.75,0.5,0.5,0.0,0.0,0.0
2026-01-23 05:52:33,clusterA,16,4,4,0,1.00,0.5,0.5,0.0,0.0,0.0
2026-01-23 05:52:33,clusterB,16,4,3,1,0.75,0.5,0.5,0.0,0.0,0.0
2026-01-23 05:52:38,clusterA,16,4,4,0,1.00,0.5,0.5,0.0,0.0,0.0
2026-01-23 05:52:38,clusterB,16,4,3,1,0.75,0.5,0.5,0.0,0.0,0.0
2026-01-23 05:52:43,clusterA,16,4,4,0,1.00,0.5,0.5,0.0,0.0,0.0
2026-01-23 05:52:43,clusterB,16,4,3,1,0.75,0.5,0.5,0.0,0.0,0.0
2026-01-23 05:52:48,clusterA,16,4,4,0,1.00,0.5,0.5,0.0,0.0,0.0
2026-01-23 05:52:48,clusterB,16,4,3,1,0.75,0.5,0.5,0.0,0.0,0.0
2026-01-23 05:52:53,clusterA,16,4,4,0,1.00,0.5,0.5,0.0,0.0,0.0
2026-01-23 05:52:53,clusterB,16,4,3,1,0.75,0.5,0.5,0.0,0.0,0.0
2026-01-23 05:52:58,clusterA,16,4,4,0,1.00,0.5,0.5,0.0,0.0,0.0
2026-01-23 05:52:58,clusterB,16,4,3,1,0.75,0.5,0.5,0.0,0.0,0.0
2026-01-23 05:53:03,clusterA,16,4,4,0,1.00,0.5,0.5,0.0,0.0,0.0
2026-01-23 05:53:03,clusterB,16,4,3,1,0.75,0.5,0.5,0.0,0.0,0.0
2026-01-23 05:53:08,clusterA,16,4,4,0,1.00,0.5,0.5,0.0,0.0,0.0
2026-01-23 05:53:08,clusterB,16,4,3,1,0.75,0.5,0.5,0.0,0.0,0.0
2026-01-23 05:53:13,clusterA,16,4,4,0,1.00,0.5,0.5,0.0,0.0,0.0
2026-01-23 05:53:13,clusterB,16,4,3,1,0.75,0.5,0.5,0.0,0.0,0.0
2026-01-23 05:53:18,clusterA,16,4,4,0,1.00,0.5,0.5,0.0,0.0,0.0
2026-01-23 05:53:18,clusterB,16,4,3,1,0.75,0.5,0.5,0.0,0.0,0.0
2026-01-23 05:53:23,clusterA,16,4,4,0,1.00,0.5,0.5,0.0,0.0,0.0
2026-01-23 05:53:23,clusterB,16,4,3,1,0.75,0.5,0.5,0.0,0.0,0.0
2026-01-23 05:53:28,clusterA,16,4,4,0,1.00,0.5,0.5,0.0,0.0,0.0
2026-01-23 05:53:28,clusterB,16,4,3,1,0.75,0.5,0.5,0.0,0.0,0.0
2026-01-23 05:53:33,clusterA,16,4,4,0,1.00,0.5,0.5,0.0,0.0,0.0
2026-01-23 05:53:33,clusterB,16,4,3,1,0.75,0.5,0.5,0.0,0.0,0.0
2026-01-23 05:53:38,clusterA,16,4,4,0,1.00,0.5,0.5,0.0,0.0,0.0
2026-01-23 05:53:38,clusterB,16,4,3,1,0.75,0.5,0.5,0.0,0.0,0.0
2026-01-23 05:53:43,clusterA,16,4,4,0,1.00,0.5,0.5,0.0,0.0,0.0
2026-01-23 05:53:43,clusterB,16,4,3,1,0.75,0.5,0.5,0.0,0.0,0.0
2026-01-23 05:53:48,clusterA,16,4,4,0,1.00,0.5,0.5,0.0,0.0,0.0
2026-01-23 05:53:48,clusterB,16,4,3,1,0.75,0.5,0.5,0.0,0.0,0.0
2026-01-23 05:53:53,clusterA,16,4,4,0,1.00,0.5,0.5,0.0,0.0,0.0
2026-01-23 05:53:53,clusterB,16,4,3,1,0.75,0.5,0.5,0.0,0.0,0.0
2026-01-23 05:53:58,clusterA,16,4,4,0,1.00,0.5,0.5,0.0,0.0,0.0
2026-01-23 05:53:58,clusterB,16,4,3,1,0.75,0.5,0.5,0.0,0.0,0.0
2026-01-23 05:54:03,clusterA,16,4,4,0,1.00,0.5,0.5,0.0,0.0,0.0
2026-01-23 05:54:03,clusterB,16,4,3,1,0.75,0.5,0.5,0.0,0.0,0.0
2026-01-23 05:54:08,clusterA,16,4,4,0,1.00,0.5,0.5,0.0,0.0,0.0
2026-01-23 05:54:08,clusterB,16,4,3,1,0.75,0.5,0.5,0.0,0.0,0.0
2026-01-23 05:54:13,clusterA,16,4,4,0,1.00,0.5,0.5,0.0,0.0,0.0
2026-01-23 05:54:13,clusterB,16,4,3,1,0.75,0.5,0.5,0.0,0.0,0.0
2026-01-23 05:54:18,clusterA,16,4,4,0,1.00,0.5,0.5,0.0,0.0,0.0
2026-01-23 05:54:18,clusterB,16,4,3,1,0.75,0.5,0.5,0.0,0.0,0.0
2026-01-23 05:54:23,clusterA,16,4,4,0,1.00,0.5,0.5,0.0,0.0,0.0
2026-01-23 05:54:23,clusterB,16,4,3,1,0.75,0.5,0.5,0.0,0.0,0.0
2026-01-23 05:54:28,clusterA,16,4,4,0,1.00,0.5,0.5,0.0,0.0,0.0
2026-01-23 05:54:28,clusterB,16,4,3,1,0.75,0.5,0.5,0.0,0.0,0.0
2026-01-23 05:54:33,clusterA,16,4,4,0,1.00,0.5,0.5,0.0,0.0,0.0
2026-01-23 05:54:33,clusterB,16,4,3,1,0.75,0.5,0.5,0.0,0.0,0.0
2026-01-23 05:54:38,clusterA,16,4,4,0,1.00,0.5,0.5,0.0,0.0,0.0
2026-01-23 05:54:38,clusterB,16,4,3,1,0.75,0.5,0.5,0.0,0.0,0.0
2026-01-23 05:54:43,clusterA,16,4,4,0,1.00,0.5,0.5,0.0,0.0,0.0
2026-01-23 05:54:43,clusterB,16,4,3,1,0.75,0.5,0.5,0.0,0.0,0.0
2026-01-23 05:54:48,clusterA,16,4,4,0,1.00,0.5,0.5,0.0,0.0,0.0
2026-01-23 05:54:48,clusterB,16,4,3,1,0.75,0.5,0.5,0.0,0.0,0.0
2026-01-23 05:54:53,clusterA,16,4,4,0,1.00,0.5,0.5,0.0,0.0,0.0
2026-01-23 05:54:53,clusterB,16,4,3,1,0.75,0.5,0.5,0.0,0.0,0.0
2026-01-23 05:54:58,clusterA,16,4,4,0,1.00,0.5,0.5,0.0,0.0,0.0
2026-01-23 05:54:58,clusterB,16,4,3,1,0.75,0.5,0.5,0.0,0.0,0.0
2026-01-23 05:55:03,clusterA,16,4,4,0,1.00,0.5,0.5,0.0,0.0,0.0
2026-01-23 05:55:03,clusterB,16,4,3,1,0.75,0.5,0.5,0.0,0.0,0.0
2026-01-23 05:55:08,clusterA,16,4,4,0,1.00,0.5,0.5,0.0,0.0,0.0
2026-01-23 05:55:08,clusterB,16,4,3,1,0.75,0.5,0.5,0.0,0.0,0.0
2026-01-23 05:55:13,clusterA,16,4,4,0,1.00,0.5,0.5,0.0,0.0,0.0
2026-01-23 05:55:13,clusterB,16,4,3,1,0.75,0.5,0.5,0.0,0.0,0.0
2026-01-23 05:55:18,clusterA,16,4,4,0,1.00,0.5,0.5,0.0,0.0,0.0
2026-01-23 05:55:18,clusterB,16,4,3,1,0.75,0.5,0.5,0.0,0.0,0.0
2026-01-23 05:55:23,clusterA,16,4,4,0,1.00,0.5,0.5,0.0,0.0,0.0
2026-01-23 05:55:23,clusterB,16,4,3,1,0.75,0.5,0.5,0.0,0.0,0.0
2026-01-23 05:55:28,clusterA,16,4,4,0,1.00,0.5,0.5,0.0,0.0,0.0
2026-01-23 05:55:28,clusterB,16,4,3,1,0.75,0.5,0.5,0.0,0.0,0.0
2026-01-23 05:55:33,clusterA,16,4,4,0,1.00,0.5,0.5,0.0,0.0,0.0
2026-01-23 05:55:33,clusterB,16,4,3,1,0.75,0.5,0.5,0.0,0.0,0.0
2026-01-23 05:55:38,clusterA,16,4,4,0,1.00,0.5,0.5,0.0,0.0,0.0
2026-01-23 05:55:38,clusterB,16,4,3,1,0.75,0.5,0.5,0.0,0.0,0.0
2026-01-23 05:55:43,clusterA,16,4,4,0,1.00,0.5,0.5,0.0,0.0,0.0
2026-01-23 05:55:43,clusterB,16,4,3,1,0.75,0.5,0.5,0.0,0.0,0.0
2026-01-23 05:55:48,clusterA,16,4,4,0,1.00,0.5,0.5,0.0,0.0,0.0
2026-01-23 05:55:48,clusterB,16,4,3,1,0.75,0.5,0.5,0.0,0.0,0.0
2026-01-23 05:55:53,clusterA,16,4,4,0,1.00,0.5,0.5,0.0,0.0,0.0
2026-01-23 05:55:53,clusterB,16,4,3,1,0.75,0.5,0.5,0.0,0.0,0.0
2026-01-23 05:55:58,clusterA,16,4,4,0,1.00,0.5,0.5,0.0,0.0,0.0
2026-01-23 05:55:58,clusterB,16,4,3,1,0.75,0.5,0.5,0.0,0.0,0.0
2026-01-23 05:56:03,clusterA,16,4,4,0,1.00,0.5,0.5,0.0,0.0,0.0
2026-01-23 05:56:03,clusterB,16,4,3,1,0.75,0.5,0.5,0.0,0.0,0.0
2026-01-23 05:56:08,clusterA,16,4,4,0,1.00,0.5,0.5,0.0,0.0,0.0
2026-01-23 05:56:08,clusterB,16,4,3,1,0.75,0.5,0.5,0.0,0.0,0.0
2026-01-23 05:56:13,clusterA,16,4,4,0,1.00,0.5,0.5,0.0,0.0,0.0
2026-01-23 05:56:13,clusterB,16,4,3,1,0.75,0.5,0.5,0.0,0.0,0.0
2026-01-23 05:56:18,clusterA,16,4,4,0,1.00,0.5,0.5,0.0,0.0,0.0
2026-01-23 05:56:18,clusterB,16,4,3,1,0.75,0.5,0.5,0.0,0.0,0.0
2026-01-23 05:56:23,clusterA,16,4,4,0,1.00,0.5,0.5,0.0,0.0,0.0
2026-01-23 05:56:23,clusterB,16,4,3,1,0.75,0.5,0.5,0.0,0.0,0.0
2026-01-23 05:56:28,clusterA,16,4,4,0,1.00,0.5,0.5,0.0,0.0,0.0
2026-01-23 05:56:28,clusterB,16,4,3,1,0.75,0.5,0.5,0.0,0.0,0.0
2026-01-23 05:56:33,clusterA,16,4,4,0,1.00,0.5,0.5,0.0,0.0,0.0
2026-01-23 05:56:33,clusterB,16,4,3,1,0.75,0.5,0.5,0.0,0.0,0.0
2026-01-23 05:56:38,clusterA,16,4,4,0,1.00,0.5,0.5,0.0,0.0,0.0
2026-01-23 05:56:38,clusterB,16,4,3,1,0.75,0.5,0.5,0.0,0.0,0.0
2026-01-23 05:56:43,clusterA,16,4,4,0,1.00,0.5,0.5,0.0,0.0,0.0
2026-01-23 05:56:43,clusterB,16,4,3,1,0.75,0.5,0.5,0.0,0.0,0.0
2026-01-23 05:56:48,clusterA,16,4,4,0,1.00,0.5,0.5,0.0,0.0,0.0
2026-01-23 05:56:48,clusterB,16,4,3,1,0.75,0.5,0.5,0.0,0.0,0.0
2026-01-23 05:56:53,clusterA,16,4,4,0,1.00,0.5,0.5,0.0,0.0,0.0
2026-01-23 05:56:53,clusterB,16,4,3,1,0.75,0.5,0.5,0.0,0.0,0.0
2026-01-23 05:56:58,clusterA,16,4,4,0,1.00,0.5,0.5,0.0,0.0,0.0
2026-01-23 05:56:58,clusterB,16,4,3,1,0.75,0.5,0.5,0.0,0.0,0.0
2026-01-23 05:57:03,clusterA,16,4,4,0,1.00,0.5,0.5,0.0,0.0,0.0
2026-01-23 05:57:03,clusterB,16,4,3,1,0.75,0.5,0.5,0.0,0.0,0.0
2026-01-23 05:57:08,clusterA,16,4,4,0,1.00,0.5,0.5,0.0,0.0,0.0
2026-01-23 05:57:08,clusterB,16,4,3,1,0.75,0.5,0.5,0.0,0.0,0.0
2026-01-23 05:57:13,clusterA,16,4,4,0,1.00,0.5,0.5,0.0,0.0,0.0
2026-01-23 05:57:13,clusterB,16,4,3,1,0.75,0.5,0.5,0.0,0.0,0.0
2026-01-23 05:57:18,clusterA,16,4,4,0,1.00,0.5,0.5,0.0,0.0,0.0
2026-01-23 05:57:18,clusterB,16,4,3,1,0.75,0.5,0.5,0.0,0.0,0.0
2026-01-23 05:57:23,clusterA,16,4,4,0,1.00,0.5,0.5,0.0,0.0,0.0
2026-01-23 05:57:23,clusterB,16,4,3,1,0.75,0.5,0.5,0.0,0.0,0.0
2026-01-23 05:57:28,clusterA,16,4,4,0,1.00,0.5,0.5,0.0,0.0,0.0
2026-01-23 05:57:28,clusterB,16,4,3,1,0.75,0.5,0.5,0.0,0.0,0.0
2026-01-23 05:57:33,clusterA,16,4,4,0,1.00,0.5,0.5,0.0,0.0,0.0
2026-01-23 05:57:33,clusterB,16,4,3,1,0.75,0.5,0.5,0.0,0.0,0.0
2026-01-23 05:57:38,clusterA,16,4,4,0,1.00,0.5,0.5,0.0,0.0,0.0
2026-01-23 05:57:38,clusterB,16,4,3,1,0.75,0.5,0.5,0.0,0.0,0.0
2026-01-23 05:57:43,clusterA,16,4,4,0,1.00,0.5,0.5,0.0,0.0,0.0
2026-01-23 05:57:43,clusterB,16,4,3,1,0.75,0.5,0.5,0.0,0.0,0.0
2026-01-23 05:57:48,clusterA,16,4,4,0,1.00,0.5,0.5,0.0,0.0,0.0
2026-01-23 05:57:48,clusterB,16,4,3,1,0.75,0.5,0.5,0.0,0.0,0.0
2026-01-23 05:57:53,clusterA,16,4,4,0,1.00,0.5,0.5,0.0,0.0,0.0
2026-01-23 05:57:53,clusterB,16,4,3,1,0.75,0.5,0.5,0.0,0.0,0.0
2026-01-23 05:57:58,clusterA,16,4,4,0,1.00,0.5,0.5,0.0,0.0,0.0
2026-01-23 05:57:58,clusterB,16,4,3,1,0.75,0.5,0.5,0.0,0.0,0.0
2026-01-23 05:58:03,clusterA,16,4,4,0,1.00,0.5,0.5,0.0,0.0,0.0
2026-01-23 05:58:03,clusterB,16,4,3,1,0.75,0.5,0.5,0.0,0.0,0.0
2026-01-23 05:58:08,clusterA,16,4,4,0,1.00,0.5,0.5,0.0,0.0,0.0
2026-01-23 05:58:08,clusterB,16,4,3,1,0.75,0.5,0.5,0.0,0.0,0.0
2026-01-23 05:58:13,clusterA,16,4,4,0,1.00,0.5,0.5,0.0,0.0,0.0
2026-01-23 05:58:13,clusterB,16,4,3,1,0.75,0.5,0.5,0.0,0.0,0.0
2026-01-23 05:58:18,clusterA,16,4,4,0,1.00,0.5,0.5,0.0,0.0,0.0
2026-01-23 05:58:18,clusterB,16,4,3,1,0.75,0.5,0.5,0.0,0.0,0.0
2026-01-23 05:58:23,clusterA,16,4,4,0,1.00,0.5,0.5,0.0,0.0,0.0
2026-01-23 05:58:23,clusterB,16,4,3,1,0.75,0.5,0.5,0.0,0.0,0.0
2026-01-23 05:58:28,clusterA,16,4,4,0,1.00,0.5,0.5,0.0,0.0,0.0
2026-01-23 05:58:28,clusterB,16,4,3,1,0.75,0.5,0.5,0.0,0.0,0.0
2026-01-23 05:58:33,clusterA,16,4,4,0,1.00,0.5,0.5,0.0,0.0,0.0
2026-01-23 05:58:33,clusterB,16,4,3,1,0.75,0.5,0.5,0.0,0.0,0.0
2026-01-23 05:58:38,clusterA,16,4,4,0,1.00,0.5,0.5,0.0,0.0,0.0
2026-01-23 05:58:38,clusterB,16,4,3,1,0.75,0.5,0.5,0.0,0.0,0.0
2026-01-23 05:58:43,clusterA,16,4,4,0,1.00,0.5,0.5,0.0,0.0,0.0
2026-01-23 05:58:43,clusterB,16,4,3,1,0.75,0.5,0.5,0.0,0.0,0.0
2026-01-23 05:58:48,clusterA,16,4,4,0,1.00,0.5,0.5,0.0,0.0,0.0
2026-01-23 05:58:48,clusterB,16,4,3,1,0.75,0.5,0.5,0.0,0.0,0.0
2026-01-23 05:58:53,clusterA,17,4,4,0,1.00,0.5,0.5,0.0,0.0,0.0
2026-01-23 05:58:53,clusterB,17,4,3,1,0.75,0.5,0.5,0.0,0.0,0.0
2026-01-23 05:58:58,clusterA,17,4,4,0,1.00,0.5,0.5,0.0,0.0,0.0
2026-01-23 05:58:58,clusterB,17,4,3,1,0.75,0.5,0.5,0.0,0.0,0.0
2026-01-23 05:59:03,clusterA,17,4,4,0,1.00,0.5,0.5,0.0,0.0,0.0
2026-01-23 05:59:03,clusterB,17,4,3,1,0.75,0.5,0.5,0.0,0.0,0.0
2026-01-23 05:59:08,clusterA,17,4,4,0,1.00,0.5,0.5,0.0,0.0,0.0
2026-01-23 05:59:08,clusterB,17,4,3,1,0.75,0.5,0.5,0.0,0.0,0.0
2026-01-23 05:59:13,clusterA,17,4,4,0,1.00,0.5,0.5,0.0,0.0,0.0
2026-01-23 05:59:13,clusterB,17,4,3,1,0.75,0.5,0.5,0.0,0.0,0.0
2026-01-23 05:59:18,clusterA,17,4,4,0,1.00,0.5,0.5,0.0,0.0,0.0
2026-01-23 05:59:18,clusterB,17,4,3,1,0.75,0.5,0.5,0.0,0.0,0.0
2026-01-23 05:59:23,clusterA,17,4,4,0,1.00,0.5,0.5,0.0,0.0,0.0
2026-01-23 05:59:23,clusterB,17,4,3,1,0.75,0.5,0.5,0.0,0.0,0.0
2026-01-23 05:59:28,clusterA,17,4,4,0,1.00,0.5,0.5,0.0,0.0,0.0
2026-01-23 05:59:28,clusterB,17,4,3,1,0.75,0.5,0.5,0.0,0.0,0.0
2026-01-23 05:59:33,clusterA,17,4,4,0,1.00,0.5,0.5,0.0,0.0,0.0
2026-01-23 05:59:33,clusterB,17,4,3,1,0.75,0.5,0.5,0.0,0.0,0.0
2026-01-23 05:59:38,clusterA,17,4,4,0,1.00,0.5,0.5,0.0,0.0,0.0
2026-01-23 05:59:38,clusterB,17,4,3,1,0.75,0.5,0.5,0.0,0.0,0.0
2026-01-23 05:59:44,clusterA,17,4,4,0,1.00,0.5,0.5,0.0,0.0,0.0
2026-01-23 05:59:44,clusterB,17,4,3,1,0.75,0.5,0.5,0.0,0.0,0.0
2026-01-23 05:59:49,clusterA,17,4,4,0,1.00,0.5,0.5,0.0,0.0,0.0
2026-01-23 05:59:49,clusterB,17,4,3,1,0.75,0.5,0.5,0.0,0.0,0.0
2026-01-23 05:59:54,clusterA,17,4,4,0,1.00,0.5,0.5,0.0,0.0,0.0
2026-01-23 05:59:54,clusterB,17,4,3,1,0.75,0.5,0.5,0.0,0.0,0.0
2026-01-23 05:59:59,clusterA,17,4,4,0,1.00,0.5,0.5,0.0,0.0,0.0
2026-01-23 05:59:59,clusterB,17,4,3,1,0.75,0.5,0.5,0.0,0.0,0.0
2026-01-23 06:00:04,clusterA,17,4,4,0,1.00,0.5,0.5,0.0,0.0,0.0
2026-01-23 06:00:04,clusterB,17,4,3,1,0.75,0.5,0.5,0.0,0.0,0.0
2026-01-23 06:00:09,clusterA,17,4,4,0,1.00,0.5,0.5,0.0,0.0,0.0
2026-01-23 06:00:09,clusterB,17,4,3,1,0.75,0.5,0.5,0.0,0.0,0.0
2026-01-23 06:00:14,clusterA,17,4,4,0,1.00,0.5,0.5,0.0,0.0,0.0
2026-01-23 06:00:14,clusterB,17,4,3,1,0.75,0.5,0.5,0.0,0.0,0.0
2026-01-23 06:00:19,clusterA,17,4,4,0,1.00,0.5,0.5,0.0,0.0,0.0
2026-01-23 06:00:19,clusterB,17,4,3,1,0.75,0.5,0.5,0.0,0.0,0.0
2026-01-23 06:00:24,clusterA,18,4,4,0,1.00,0.5,0.5,0.0,0.0,0.0
2026-01-23 06:00:24,clusterB,18,4,3,1,0.75,0.5,0.5,0.0,0.0,0.0
2026-01-23 06:00:29,clusterA,18,4,4,0,1.00,0.5,0.5,0.0,0.0,0.0
2026-01-23 06:00:29,clusterB,18,4,3,1,0.75,0.5,0.5,0.0,0.0,0.0
2026-01-23 06:00:34,clusterA,18,4,4,0,1.00,0.5,0.5,0.0,0.0,0.0
2026-01-23 06:00:34,clusterB,18,4,3,1,0.75,0.5,0.5,0.0,0.0,0.0
2026-01-23 06:00:39,clusterA,18,4,4,0,1.00,0.5,0.5,0.0,0.0,0.0
2026-01-23 06:00:39,clusterB,18,4,3,1,0.75,0.5,0.5,0.0,0.0,0.0
2026-01-23 06:00:44,clusterA,18,4,4,0,1.00,0.5,0.5,0.0,0.0,0.0
2026-01-23 06:00:44,clusterB,18,4,3,1,0.75,0.5,0.5,0.0,0.0,0.0
2026-01-23 06:00:49,clusterA,18,4,4,0,1.00,0.5,0.5,0.0,0.0,0.0
2026-01-23 06:00:49,clusterB,18,4,3,1,0.75,0.5,0.5,0.0,0.0,0.0
2026-01-23 06:00:54,clusterA,18,4,4,0,1.00,0.5,0.5,0.0,0.0,0.0
2026-01-23 06:00:54,clusterB,18,4,3,1,0.75,0.5,0.5,0.0,0.0,0.0
2026-01-23 06:00:59,clusterA,18,4,4,0,1.00,0.5,0.5,0.0,0.0,0.0
2026-01-23 06:00:59,clusterB,18,4,3,1,0.75,0.5,0.5,0.0,0.0,0.0
2026-01-23 06:01:04,clusterA,18,4,4,0,1.00,0.5,0.5,0.0,0.0,0.0
2026-01-23 06:01:04,clusterB,18,4,3,1,0.75,0.5,0.5,0.0,0.0,0.0
2026-01-23 06:01:09,clusterA,18,4,4,0,1.00,0.5,0.5,0.0,0.0,0.0
2026-01-23 06:01:09,clusterB,18,4,3,1,0.75,0.5,0.5,0.0,0.0,0.0
2026-01-23 06:01:14,clusterA,18,4,4,0,1.00,0.5,0.5,0.0,0.0,0.0
2026-01-23 06:01:14,clusterB,18,4,3,1,0.75,0.5,0.5,0.0,0.0,0.0
2026-01-23 06:01:19,clusterA,18,4,4,0,1.00,0.5,0.5,0.0,0.0,0.0
2026-01-23 06:01:19,clusterB,18,4,3,1,0.75,0.5,0.5,0.0,0.0,0.0
2026-01-23 06:01:24,clusterA,18,4,4,0,1.00,0.5,0.5,0.0,0.0,0.0
2026-01-23 06:01:24,clusterB,18,4,3,1,0.75,0.5,0.5,0.0,0.0,0.0
2026-01-23 06:01:29,clusterA,18,4,4,0,1.00,0.5,0.5,0.0,0.0,0.0
2026-01-23 06:01:29,clusterB,18,4,3,1,0.75,0.5,0.5,0.0,0.0,0.0
2026-01-23 06:01:34,clusterA,18,4,4,0,1.00,0.5,0.5,0.0,0.0,0.0
2026-01-23 06:01:34,clusterB,18,4,3,1,0.75,0.5,0.5,0.0,0.0,0.0
2026-01-23 06:01:39,clusterA,18,4,4,0,1.00,0.5,0.5,0.0,0.0,0.0
2026-01-23 06:01:39,clusterB,18,4,3,1,0.75,0.5,0.5,0.0,0.0,0.0
2026-01-23 06:01:44,clusterA,18,4,4,0,1.00,0.5,0.5,0.0,0.0,0.0
2026-01-23 06:01:44,clusterB,18,4,3,1,0.75,0.5,0.5,0.0,0.0,0.0
2026-01-23 06:01:49,clusterA,18,4,4,0,1.00,0.5,0.5,0.0,0.0,0.0
2026-01-23 06:01:49,clusterB,18,4,3,1,0.75,0.5,0.5,0.0,0.0,0.0
2026-01-23 06:01:54,clusterA,18,4,4,0,1.00,0.5,0.5,0.0,0.0,0.0
2026-01-23 06:01:54,clusterB,18,4,3,1,0.75,0.5,0.5,0.0,0.0,0.0
2026-01-23 06:01:59,clusterA,18,4,4,0,1.00,0.5,0.5,0.0,0.0,0.0
2026-01-23 06:01:59,clusterB,18,4,3,1,0.75,0.5,0.5,0.0,0.0,0.0
2026-01-23 06:02:04,clusterA,18,4,4,0,1.00,0.5,0.5,0.0,0.0,0.0
2026-01-23 06:02:04,clusterB,18,4,3,1,0.75,0.5,0.5,0.0,0.0,0.0
2026-01-23 06:02:09,clusterA,18,4,4,0,1.00,0.5,0.5,0.0,0.0,0.0
2026-01-23 06:02:09,clusterB,18,4,3,1,0.75,0.5,0.5,0.0,0.0,0.0
2026-01-23 06:02:14,clusterA,18,4,4,0,1.00,0.5,0.5,0.0,0.0,0.0
2026-01-23 06:02:14,clusterB,18,4,3,1,0.75,0.5,0.5,0.0,0.0,0.0
2026-01-23 06:02:19,clusterA,18,4,4,0,1.00,0.5,0.5,0.0,0.0,0.0
2026-01-23 06:02:19,clusterB,18,4,3,1,0.75,0.5,0.5,0.0,0.0,0.0
2026-01-23 06:02:24,clusterA,18,4,4,0,1.00,0.5,0.5,0.0,0.0,0.0
2026-01-23 06:02:24,clusterB,18,4,3,1,0.75,0.5,0.5,0.0,0.0,0.0
2026-01-23 06:02:29,clusterA,18,4,4,0,1.00,0.5,0.5,0.0,0.0,0.0
2026-01-23 06:02:29,clusterB,18,4,3,1,0.75,0.5,0.5,0.0,0.0,0.0
2026-01-23 06:02:34,clusterA,18,4,3,1,0.75,0.5,0.5,0.0,0.0,0.0
2026-01-23 06:02:34,clusterB,18,4,3,1,0.75,0.5,0.5,0.0,0.0,0.0
2026-01-23 06:02:39,clusterA,18,4,3,1,0.75,0.5,0.5,0.0,0.0,0.0
2026-01-23 06:02:39,clusterB,18,4,3,1,0.75,0.5,0.5,0.0,0.0,0.0
2026-01-23 06:02:44,clusterA,18,4,3,1,0.75,0.5,0.5,0.0,0.0,0.0
2026-01-23 06:02:44,clusterB,18,4,3,1,0.75,0.5,0.5,0.0,0.0,0.0
2026-01-23 06:02:49,clusterA,18,4,3,1,0.75,0.5,0.5,0.0,0.0,0.0
2026-01-23 06:02:49,clusterB,18,4,3,1,0.75,0.5,0.5,0.0,0.0,0.0
2026-01-23 06:02:54,clusterA,18,4,3,1,0.75,0.5,0.5,0.0,0.0,0.0
2026-01-23 06:02:54,clusterB,18,4,3,1,0.75,0.5,0.5,0.0,0.0,0.0
2026-01-23 06:02:59,clusterA,18,4,3,1,0.75,0.5,0.5,0.0,0.0,0.0
2026-01-23 06:02:59,clusterB,18,4,3,1,0.75,0.5,0.5,0.0,0.0,0.0
2026-01-23 06:03:04,clusterA,18,4,3,1,0.75,0.5,0.5,0.0,0.0,0.0
2026-01-23 06:03:04,clusterB,18,4,3,1,0.75,0.5,0.5,0.0,0.0,0.0
2026-01-23 06:03:09,clusterA,18,4,3,1,0.75,0.5,0.5,0.0,0.0,0.0
2026-01-23 06:03:09,clusterB,18,4,3,1,0.75,0.5,0.5,0.0,0.0,0.0
2026-01-23 06:03:14,clusterA,18,4,3,1,0.75,0.5,0.5,0.0,0.0,0.0
2026-01-23 06:03:14,clusterB,18,4,3,1,0.75,0.5,0.5,0.0,0.0,0.0
2026-01-23 06:03:19,clusterA,18,4,3,1,0.75,0.5,0.5,0.0,0.0,0.0
2026-01-23 06:03:19,clusterB,18,4,3,1,0.75,0.5,0.5,0.0,0.0,0.0
2026-01-23 06:03:24,clusterA,18,4,3,1,0.75,0.5,0.5,0.0,0.0,0.0
2026-01-23 06:03:24,clusterB,18,4,3,1,0.75,0.5,0.5,0.0,0.0,0.0
2026-01-23 06:03:29,clusterA,18,4,3,1,0.75,0.5,0.5,0.0,0.0,0.0
2026-01-23 06:03:29,clusterB,18,4,3,1,0.75,0.5,0.5,0.0,0.0,0.0
2026-01-23 06:03:34,clusterA,18,4,3,1,0.75,0.5,0.5,0.0,0.0,0.0
2026-01-23 06:03:34,clusterB,18,4,3,1,0.75,0.5,0.5,0.0,0.0,0.0
2026-01-23 06:03:39,clusterA,18,4,3,1,0.75,0.5,0.5,0.0,0.0,0.0
2026-01-23 06:03:39,clusterB,18,4,3,1,0.75,0.5,0.5,0.0,0.0,0.0
2026-01-23 06:03:44,clusterA,18,4,3,1,0.75,0.5,0.5,0.0,0.0,0.0
2026-01-23 06:03:44,clusterB,18,4,3,1,0.75,0.5,0.5,0.0,0.0,0.0
2026-01-23 06:03:49,clusterA,18,4,3,1,0.75,0.5,0.5,0.0,0.0,0.0
2026-01-23 06:03:49,clusterB,18,4,3,1,0.75,0.5,0.5,0.0,0.0,0.0
2026-01-23 06:03:54,clusterA,18,4,3,1,0.75,0.5,0.5,0.0,0.0,0.0
2026-01-23 06:03:54,clusterB,18,4,3,1,0.75,0.5,0.5,0.0,0.0,0.0
2026-01-23 06:03:59,clusterA,18,4,3,1,0.75,0.5,0.5,0.0,0.0,0.0
2026-01-23 06:03:59,clusterB,18,4,3,1,0.75,0.5,0.5,0.0,0.0,0.0
2026-01-23 06:04:04,clusterA,18,4,3,1,0.75,0.5,0.5,0.0,0.0,0.0
2026-01-23 06:04:04,clusterB,18,4,3,1,0.75,0.5,0.5,0.0,0.0,0.0
2026-01-23 06:04:09,clusterA,18,4,3,1,0.75,0.5,0.5,0.0,0.0,0.0
2026-01-23 06:04:09,clusterB,18,4,3,1,0.75,0.5,0.5,0.0,0.0,0.0
2026-01-23 06:04:14,clusterA,18,4,3,1,0.75,0.5,0.5,0.0,0.0,0.0
2026-01-23 06:04:14,clusterB,18,4,3,1,0.75,0.5,0.5,0.0,0.0,0.0
2026-01-23 06:04:19,clusterA,18,4,3,1,0.75,0.5,0.5,0.0,0.0,0.0
2026-01-23 06:04:19,clusterB,18,4,3,1,0.75,0.5,0.5,0.0,0.0,0.0
2026-01-23 06:04:24,clusterA,18,4,3,1,0.75,0.5,0.5,0.0,0.0,0.0
2026-01-23 06:04:24,clusterB,18,4,3,1,0.75,0.5,0.5,0.0,0.0,0.0
2026-01-23 06:04:29,clusterA,18,4,3,1,0.75,0.5,0.5,0.0,0.0,0.0
2026-01-23 06:04:29,clusterB,18,4,3,1,0.75,0.5,0.5,0.0,0.0,0.0
2026-01-23 06:04:34,clusterA,18,4,3,1,0.75,0.5,0.5,0.0,0.0,0.0
2026-01-23 06:04:34,clusterB,18,4,3,1,0.75,0.5,0.5,0.0,0.0,0.0
2026-01-23 06:04:39,clusterA,18,4,3,1,0.75,0.5,0.5,0.0,0.0,0.0
2026-01-23 06:04:39,clusterB,18,4,3,1,0.75,0.5,0.5,0.0,0.0,0.0
2026-01-23 06:04:44,clusterA,18,4,3,1,0.75,0.5,0.5,0.0,0.0,0.0
2026-01-23 06:04:44,clusterB,18,4,3,1,0.75,0.5,0.5,0.0,0.0,0.0
2026-01-23 06:04:49,clusterA,18,4,3,1,0.75,0.5,0.5,0.0,0.0,0.0
2026-01-23 06:04:49,clusterB,18,4,3,1,0.75,0.5,0.5,0.0,0.0,0.0
2026-01-23 06:04:54,clusterA,18,4,3,1,0.75,0.5,0.5,0.0,0.0,0.0
2026-01-23 06:04:54,clusterB,18,4,3,1,0.75,0.5,0.5,0.0,0.0,0.0
2026-01-23 06:04:59,clusterA,18,4,3,1,0.75,0.5,0.5,0.0,0.0,0.0
2026-01-23 06:04:59,clusterB,18,4,3,1,0.75,0.5,0.5,0.0,0.0,0.0
2026-01-23 06:05:04,clusterA,18,4,3,1,0.75,0.5,0.5,0.0,0.0,0.0
2026-01-23 06:05:04,clusterB,18,4,3,1,0.75,0.5,0.5,0.0,0.0,0.0
2026-01-23 06:05:09,clusterA,18,4,3,1,0.75,0.5,0.5,0.0,0.0,0.0
2026-01-23 06:05:09,clusterB,18,4,3,1,0.75,0.5,0.5,0.0,0.0,0.0
2026-01-23 06:05:14,clusterA,18,4,3,1,0.75,0.5,0.5,0.0,0.0,0.0
2026-01-23 06:05:14,clusterB,18,4,3,1,0.75,0.5,0.5,0.0,0.0,0.0
2026-01-23 06:05:19,clusterA,18,4,3,1,0.75,0.5,0.5,0.0,0.0,0.0
2026-01-23 06:05:19,clusterB,18,4,3,1,0.75,0.5,0.5,0.0,0.0,0.0
2026-01-23 06:05:24,clusterA,18,4,3,1,0.75,0.5,0.5,0.0,0.0,0.0
2026-01-23 06:05:24,clusterB,18,4,3,1,0.75,0.5,0.5,0.0,0.0,0.0
2026-01-23 06:05:29,clusterA,18,4,3,1,0.75,0.5,0.5,0.0,0.0,0.0
2026-01-23 06:05:29,clusterB,18,4,3,1,0.75,0.5,0.5,0.0,0.0,0.0
2026-01-23 06:05:34,clusterA,18,4,3,1,0.75,0.5,0.5,0.0,0.0,0.0
2026-01-23 06:05:34,clusterB,18,4,3,1,0.75,0.5,0.5,0.0,0.0,0.0
2026-01-23 06:05:39,clusterA,18,4,3,1,0.75,0.5,0.5,0.0,0.0,0.0
2026-01-23 06:05:39,clusterB,18,4,3,1,0.75,0.5,0.5,0.0,0.0,0.0
2026-01-23 06:05:44,clusterA,18,4,3,1,0.75,0.5,0.5,0.0,0.0,0.0
2026-01-23 06:05:44,clusterB,18,4,3,1,0.75,0.5,0.5,0.0,0.0,0.0
2026-01-23 06:05:49,clusterA,18,4,3,1,0.75,0.5,0.5,0.0,0.0,0.0
2026-01-23 06:05:49,clusterB,18,4,3,1,0.75,0.5,0.5,0.0,0.0,0.0
2026-01-23 06:05:54,clusterA,18,4,3,1,0.75,0.5,0.5,0.0,0.0,0.0
2026-01-23 06:05:54,clusterB,18,4,3,1,0.75,0.5,0.5,0.0,0.0,0.0
2026-01-23 06:05:59,clusterA,18,4,3,1,0.75,0.5,0.5,0.0,0.0,0.0
2026-01-23 06:05:59,clusterB,18,4,3,1,0.75,0.5,0.5,0.0,0.0,0.0
2026-01-23 06:06:04,clusterA,18,4,3,1,0.75,0.5,0.5,0.0,0.0,0.0
2026-01-23 06:06:04,clusterB,18,4,3,1,0.75,0.5,0.5,0.0,0.0,0.0
2026-01-23 06:06:09,clusterA,18,4,3,1,0.75,0.5,0.5,0.0,0.0,0.0
2026-01-23 06:06:09,clusterB,18,4,3,1,0.75,0.5,0.5,0.0,0.0,0.0
2026-01-23 06:06:14,clusterA,18,4,3,1,0.75,0.5,0.5,0.0,0.0,0.0
2026-01-23 06:06:14,clusterB,18,4,3,1,0.75,0.5,0.5,0.0,0.0,0.0
2026-01-23 06:06:19,clusterA,18,4,3,1,0.75,0.5,0.5,0.0,0.0,0.0
2026-01-23 06:06:19,clusterB,18,4,3,1,0.75,0.5,0.5,0.0,0.0,0.0
2026-01-23 06:06:24,clusterA,18,4,3,1,0.75,0.5,0.5,0.0,0.0,0.0
2026-01-23 06:06:24,clusterB,18,4,3,1,0.75,0.5,0.5,0.0,0.0,0.0
2026-01-23 06:06:29,clusterA,18,4,3,1,0.75,0.5,0.5,0.0,0.0,0.0
2026-01-23 06:06:29,clusterB,18,4,3,1,0.75,0.5,0.5,0.0,0.0,0.0
2026-01-23 06:06:34,clusterA,18,4,3,1,0.75,0.5,0.5,0.0,0.0,0.0
2026-01-23 06:06:34,clusterB,18,4,3,1,0.75,0.5,0.5,0.0,0.0,0.0
2026-01-23 06:06:39,clusterA,18,4,3,1,0.75,0.5,0.5,0.0,0.0,0.0
2026-01-23 06:06:39,clusterB,18,4,3,1,0.75,0.5,0.5,0.0,0.0,0.0
2026-01-23 06:06:44,clusterA,18,4,3,1,0.75,0.5,0.5,0.0,0.0,0.0
2026-01-23 06:06:44,clusterB,18,4,3,1,0.75,0.5,0.5,0.0,0.0,0.0
2026-01-23 06:06:49,clusterA,18,4,3,1,0.75,0.5,0.5,0.0,0.0,0.0
2026-01-23 06:06:49,clusterB,18,4,3,1,0.75,0.5,0.5,0.0,0.0,0.0
2026-01-23 06:06:54,clusterA,18,4,3,1,0.75,0.5,0.5,0.0,0.0,0.0
2026-01-23 06:06:54,clusterB,18,4,3,1,0.75,0.5,0.5,0.0,0.0,0.0
2026-01-23 06:06:59,clusterA,18,4,3,1,0.75,0.5,0.5,0.0,0.0,0.0
2026-01-23 06:06:59,clusterB,18,4,3,1,0.75,0.5,0.5,0.0,0.0,0.0
2026-01-23 06:07:04,clusterA,18,4,3,1,0.75,0.5,0.5,0.0,0.0,0.0
2026-01-23 06:07:04,clusterB,18,4,3,1,0.75,0.5,0.5,0.0,0.0,0.0
2026-01-23 06:07:09,clusterA,18,4,3,1,0.75,0.5,0.5,0.0,0.0,0.0
2026-01-23 06:07:09,clusterB,18,4,3,1,0.75,0.5,0.5,0.0,0.0,0.0
2026-01-23 06:07:14,clusterA,18,4,3,1,0.75,0.5,0.5,0.0,0.0,0.0
2026-01-23 06:07:14,clusterB,18,4,3,1,0.75,0.5,0.5,0.0,0.0,0.0
2026-01-23 06:07:20,clusterA,18,4,3,1,0.75,0.5,0.5,0.0,0.0,0.0
2026-01-23 06:07:20,clusterB,18,4,3,1,0.75,0.5,0.5,0.0,0.0,0.0
2026-01-23 06:07:25,clusterA,18,4,3,1,0.75,0.5,0.5,0.0,0.0,0.0
2026-01-23 06:07:25,clusterB,18,4,3,1,0.75,0.5,0.5,0.0,0.0,0.0
2026-01-23 06:07:30,clusterA,18,4,3,1,0.75,0.5,0.5,0.0,0.0,0.0
2026-01-23 06:07:30,clusterB,18,4,3,1,0.75,0.5,0.5,0.0,0.0,0.0
2026-01-23 06:07:35,clusterA,18,4,3,1,0.75,0.5,0.5,0.0,0.0,0.0
2026-01-23 06:07:35,clusterB,18,4,3,1,0.75,0.5,0.5,0.0,0.0,0.0
2026-01-23 06:07:40,clusterA,18,4,3,1,0.75,0.5,0.5,0.0,0.0,0.0
2026-01-23 06:07:40,clusterB,18,4,3,1,0.75,0.5,0.5,0.0,0.0,0.0
2026-01-23 06:07:45,clusterA,18,4,3,1,0.75,0.5,0.5,0.0,0.0,0.0
2026-01-23 06:07:45,clusterB,18,4,3,1,0.75,0.5,0.5,0.0,0.0,0.0
2026-01-23 06:07:50,clusterA,18,4,3,1,0.75,0.5,0.5,0.0,0.0,0.0
2026-01-23 06:07:50,clusterB,18,4,3,1,0.75,0.5,0.5,0.0,0.0,0.0
2026-01-23 06:07:55,clusterA,18,4,3,1,0.75,0.5,0.5,0.0,0.0,0.0
2026-01-23 06:07:55,clusterB,18,4,3,1,0.75,0.5,0.5,0.0,0.0,0.0
2026-01-23 06:08:00,clusterA,18,4,3,1,0.75,0.5,0.5,0.0,0.0,0.0
2026-01-23 06:08:00,clusterB,18,4,3,1,0.75,0.5,0.5,0.0,0.0,0.0
2026-01-23 06:08:05,clusterA,18,4,3,1,0.75,0.5,0.5,0.0,0.0,0.0
2026-01-23 06:08:05,clusterB,18,4,3,1,0.75,0.5,0.5,0.0,0.0,0.0
2026-01-23 06:08:10,clusterA,18,4,3,1,0.75,0.5,0.5,0.0,0.0,0.0
2026-01-23 06:08:10,clusterB,18,4,3,1,0.75,0.5,0.5,0.0,0.0,0.0
2026-01-23 06:08:15,clusterA,18,4,3,1,0.75,0.5,0.5,0.0,0.0,0.0
2026-01-23 06:08:15,clusterB,18,4,3,1,0.75,0.5,0.5,0.0,0.0,0.0
2026-01-23 06:08:20,clusterA,18,4,3,1,0.75,0.5,0.5,0.0,0.0,0.0
2026-01-23 06:08:20,clusterB,18,4,3,1,0.75,0.5,0.5,0.0,0.0,0.0
2026-01-23 06:08:25,clusterA,18,4,3,1,0.75,0.5,0.5,0.0,0.0,0.0
2026-01-23 06:08:25,clusterB,18,4,3,1,0.75,0.5,0.5,0.0,0.0,0.0
2026-01-23 06:08:30,clusterA,18,4,3,1,0.75,0.5,0.5,0.0,0.0,0.0
2026-01-23 06:08:30,clusterB,18,4,3,1,0.75,0.5,0.5,0.0,0.0,0.0
2026-01-23 06:08:35,clusterA,18,4,3,1,0.75,0.5,0.5,0.0,0.0,0.0
2026-01-23 06:08:35,clusterB,18,4,3,1,0.75,0.5,0.5,0.0,0.0,0.0
2026-01-23 06:08:40,clusterA,18,4,3,1,0.75,0.5,0.5,0.0,0.0,0.0
2026-01-23 06:08:40,clusterB,18,4,3,1,0.75,0.5,0.5,0.0,0.0,0.0
2026-01-23 06:08:45,clusterA,18,4,3,1,0.75,0.5,0.5,0.0,0.0,0.0
2026-01-23 06:08:45,clusterB,18,4,3,1,0.75,0.5,0.5,0.0,0.0,0.0
2026-01-23 06:08:50,clusterA,18,4,3,1,0.75,0.5,0.5,0.0,0.0,0.0
2026-01-23 06:08:50,clusterB,18,4,3,1,0.75,0.5,0.5,0.0,0.0,0.0
2026-01-23 06:08:55,clusterA,18,4,3,1,0.75,0.5,0.5,0.0,0.0,0.0
2026-01-23 06:08:55,clusterB,18,4,3,1,0.75,0.5,0.5,0.0,0.0,0.0
2026-01-23 06:09:00,clusterA,18,4,3,1,0.75,0.5,0.5,0.0,0.0,0.0
2026-01-23 06:09:00,clusterB,18,4,3,1,0.75,0.5,0.5,0.0,0.0,0.0
2026-01-23 06:09:05,clusterA,18,4,3,1,0.75,0.5,0.5,0.0,0.0,0.0
2026-01-23 06:09:05,clusterB,18,4,3,1,0.75,0.5,0.5,0.0,0.0,0.0
2026-01-23 06:09:10,clusterA,18,4,3,1,0.75,0.5,0.5,0.0,0.0,0.0
2026-01-23 06:09:10,clusterB,18,4,3,1,0.75,0.5,0.5,0.0,0.0,0.0
2026-01-23 06:09:15,clusterA,18,4,3,1,0.75,0.5,0.5,0.0,0.0,0.0
2026-01-23 06:09:15,clusterB,18,4,3,1,0.75,0.5,0.5,0.0,0.0,0.0
2026-01-23 06:09:20,clusterA,18,4,3,1,0.75,0.5,0.5,0.0,0.0,0.0
2026-01-23 06:09:20,clusterB,18,4,3,1,0.75,0.5,0.5,0.0,0.0,0.0
2026-01-23 06:09:25,clusterA,18,4,3,1,0.75,0.5,0.5,0.0,0.0,0.0
2026-01-23 06:09:25,clusterB,18,4,3,1,0.75,0.5,0.5,0.0,0.0,0.0
2026-01-23 06:09:30,clusterA,18,4,3,1,0.75,0.5,0.5,0.0,0.0,0.0
2026-01-23 06:09:30,clusterB,18,4,3,1,0.75,0.5,0.5,0.0,0.0,0.0
2026-01-23 06:09:35,clusterA,18,4,3,1,0.75,0.5,0.5,0.0,0.0,0.0
2026-01-23 06:09:35,clusterB,18,4,3,1,0.75,0.5,0.5,0.0,0.0,0.0
2026-01-23 06:09:40,clusterA,18,4,3,1,0.75,0.5,0.5,0.0,0.0,0.0
2026-01-23 06:09:40,clusterB,18,4,3,1,0.75,0.5,0.5,0.0,0.0,0.0
2026-01-23 06:09:45,clusterA,18,4,3,1,0.75,0.5,0.5,0.0,0.0,0.0
2026-01-23 06:09:45,clusterB,18,4,3,1,0.75,0.5,0.5,0.0,0.0,0.0
2026-01-23 06:09:50,clusterA,18,4,3,1,0.75,0.5,0.5,0.0,0.0,0.0
2026-01-23 06:09:50,clusterB,18,4,3,1,0.75,0.5,0.5,0.0,0.0,0.0
2026-01-23 06:09:55,clusterA,18,4,3,1,0.75,0.5,0.5,0.0,0.0,0.0
2026-01-23 06:09:55,clusterB,18,4,3,1,0.75,0.5,0.5,0.0,0.0,0.0
2026-01-23 06:10:00,clusterA,18,4,3,1,0.75,0.5,0.5,0.0,0.0,0.0
2026-01-23 06:10:00,clusterB,18,4,3,1,0.75,0.5,0.5,0.0,0.0,0.0
2026-01-23 06:10:05,clusterA,18,4,3,1,0.75,0.5,0.5,0.0,0.0,0.0
2026-01-23 06:10:05,clusterB,18,4,3,1,0.75,0.5,0.5,0.0,0.0,0.0
2026-01-23 06:10:10,clusterA,18,4,3,1,0.75,0.5,0.5,0.0,0.0,0.0
2026-01-23 06:10:10,clusterB,18,4,3,1,0.75,0.5,0.5,0.0,0.0,0.0
2026-01-23 06:10:15,clusterA,18,4,3,1,0.75,0.5,0.5,0.0,0.0,0.0
2026-01-23 06:10:15,clusterB,18,4,3,1,0.75,0.5,0.5,0.0,0.0,0.0
2026-01-23 06:10:20,clusterA,18,4,3,1,0.75,0.5,0.5,0.0,0.0,0.0
2026-01-23 06:10:20,clusterB,18,4,3,1,0.75,0.5,0.5,0.0,0.0,0.0
2026-01-23 06:10:25,clusterA,18,4,3,1,0.75,0.5,0.5,0.0,0.0,0.0
2026-01-23 06:10:25,clusterB,18,4,3,1,0.75,0.5,0.5,0.0,0.0,0.0
2026-01-23 06:10:30,clusterA,18,4,3,1,0.75,0.5,0.5,0.0,0.0,0.0
2026-01-23 06:10:30,clusterB,18,4,3,1,0.75,0.5,0.5,0.0,0.0,0.0
2026-01-23 06:10:35,clusterA,18,4,3,1,0.75,0.5,0.5,0.0,0.0,0.0
2026-01-23 06:10:35,clusterB,18,4,3,1,0.75,0.5,0.5,0.0,0.0,0.0
2026-01-23 06:10:40,clusterA,18,4,3,1,0.75,0.5,0.5,0.0,0.0,0.0
2026-01-23 06:10:40,clusterB,18,4,3,1,0.75,0.5,0.5,0.0,0.0,0.0
2026-01-23 06:10:45,clusterA,18,4,3,1,0.75,0.5,0.5,0.0,0.0,0.0
2026-01-23 06:10:45,clusterB,18,4,3,1,0.75,0.5,0.5,0.0,0.0,0.0
2026-01-23 06:10:50,clusterA,18,4,3,1,0.75,0.5,0.5,0.0,0.0,0.0
2026-01-23 06:10:50,clusterB,18,4,3,1,0.75,0.5,0.5,0.0,0.0,0.0
2026-01-23 06:10:55,clusterA,18,4,3,1,0.75,0.5,0.5,0.0,0.0,0.0
2026-01-23 06:10:55,clusterB,18,4,3,1,0.75,0.5,0.5,0.0,0.0,0.0
2026-01-23 06:11:00,clusterA,18,4,3,1,0.75,0.5,0.5,0.0,0.0,0.0
2026-01-23 06:11:00,clusterB,18,4,3,1,0.75,0.5,0.5,0.0,0.0,0.0
2026-01-23 06:11:05,clusterA,18,4,3,1,0.75,0.5,0.5,0.0,0.0,0.0
2026-01-23 06:11:05,clusterB,18,4,3,1,0.75,0.5,0.5,0.0,0.0,0.0
2026-01-23 06:11:10,clusterA,18,4,3,1,0.75,0.5,0.5,0.0,0.0,0.0
2026-01-23 06:11:10,clusterB,18,4,3,1,0.75,0.5,0.5,0.0,0.0,0.0
2026-01-23 06:11:15,clusterA,18,4,3,1,0.75,0.5,0.5,0.0,0.0,0.0
2026-01-23 06:11:15,clusterB,18,4,3,1,0.75,0.5,0.5,0.0,0.0,0.0
2026-01-23 06:11:20,clusterA,18,4,3,1,0.75,0.5,0.5,0.0,0.0,0.0
2026-01-23 06:11:20,clusterB,18,4,3,1,0.75,0.5,0.5,0.0,0.0,0.0
2026-01-23 06:11:25,clusterA,18,4,3,1,0.75,0.5,0.5,0.0,0.0,0.0
2026-01-23 06:11:25,clusterB,18,4,3,1,0.75,0.5,0.5,0.0,0.0,0.0
2026-01-23 06:11:30,clusterA,18,4,3,1,0.75,0.5,0.5,0.0,0.0,0.0
2026-01-23 06:11:30,clusterB,18,4,3,1,0.75,0.5,0.5,0.0,0.0,0.0
2026-01-23 06:11:35,clusterA,18,4,3,1,0.75,0.5,0.5,0.0,0.0,0.0
2026-01-23 06:11:35,clusterB,18,4,3,1,0.75,0.5,0.5,0.0,0.0,0.0
2026-01-23 06:11:40,clusterA,18,4,3,1,0.75,0.5,0.5,0.0,0.0,0.0
2026-01-23 06:11:40,clusterB,18,4,3,1,0.75,0.5,0.5,0.0,0.0,0.0
2026-01-23 06:11:45,clusterA,18,4,3,1,0.75,0.5,0.5,0.0,0.0,0.0
2026-01-23 06:11:45,clusterB,18,4,3,1,0.75,0.5,0.5,0.0,0.0,0.0
2026-01-23 06:11:50,clusterA,18,4,3,1,0.75,0.5,0.5,0.0,0.0,0.0
2026-01-23 06:11:50,clusterB,18,4,3,1,0.75,0.5,0.5,0.0,0.0,0.0
2026-01-23 06:11:55,clusterA,18,4,3,1,0.75,0.5,0.5,0.0,0.0,0.0
2026-01-23 06:11:55,clusterB,18,4,3,1,0.75,0.5,0.5,0.0,0.0,0.0
2026-01-23 06:12:00,clusterA,18,4,3,1,0.75,0.5,0.5,0.0,0.0,0.0
2026-01-23 06:12:00,clusterB,18,4,3,1,0.75,0.5,0.5,0.0,0.0,0.0
2026-01-23 06:12:05,clusterA,18,4,3,1,0.75,0.5,0.5,0.0,0.0,0.0
2026-01-23 06:12:05,clusterB,18,4,3,1,0.75,0.5,0.5,0.0,0.0,0.0
2026-01-23 06:12:10,clusterA,18,4,3,1,0.75,0.5,0.5,0.0,0.0,0.0
2026-01-23 06:12:10,clusterB,18,4,3,1,0.75,0.5,0.5,0.0,0.0,0.0
2026-01-23 06:12:15,clusterA,18,4,3,1,0.75,0.5,0.5,0.0,0.0,0.0
2026-01-23 06:12:15,clusterB,18,4,3,1,0.75,0.5,0.5,0.0,0.0,0.0
2026-01-23 06:12:20,clusterA,18,4,3,1,0.75,0.5,0.5,0.0,0.0,0.0
2026-01-23 06:12:20,clusterB,18,4,3,1,0.75,0.5,0.5,0.0,0.0,0.0
2026-01-23 06:12:25,clusterA,18,4,3,1,0.75,0.5,0.5,0.0,0.0,0.0
2026-01-23 06:12:25,clusterB,18,4,3,1,0.75,0.5,0.5,0.0,0.0,0.0
2026-01-23 06:12:30,clusterA,18,4,3,1,0.75,0.5,0.5,0.0,0.0,0.0
2026-01-23 06:12:30,clusterB,18,4,3,1,0.75,0.5,0.5,0.0,0.0,0.0
2026-01-23 06:12:35,clusterA,18,4,3,1,0.75,0.5,0.5,0.0,0.0,0.0
2026-01-23 06:12:35,clusterB,18,4,3,1,0.75,0.5,0.5,0.0,0.0,0.0
2026-01-23 06:12:40,clusterA,18,4,3,1,0.75,0.5,0.5,0.0,0.0,0.0
2026-01-23 06:12:40,clusterB,18,4,3,1,0.75,0.5,0.5,0.0,0.0,0.0
2026-01-23 06:12:45,clusterA,18,4,3,1,0.75,0.5,0.5,0.0,0.0,0.0
2026-01-23 06:12:45,clusterB,18,4,3,1,0.75,0.5,0.5,0.0,0.0,0.0
2026-01-23 06:12:50,clusterA,18,4,3,1,0.75,0.5,0.5,0.0,0.0,0.0
2026-01-23 06:12:50,clusterB,18,4,3,1,0.75,0.5,0.5,0.0,0.0,0.0
2026-01-23 06:12:55,clusterA,18,4,3,1,0.75,0.5,0.5,0.0,0.0,0.0
2026-01-23 06:12:55,clusterB,18,4,3,1,0.75,0.5,0.5,0.0,0.0,0.0
2026-01-23 06:13:00,clusterA,18,4,3,1,0.75,0.5,0.5,0.0,0.0,0.0
2026-01-23 06:13:00,clusterB,18,4,3,1,0.75,0.5,0.5,0.0,0.0,0.0
2026-01-23 06:13:05,clusterA,18,4,3,1,0.75,0.5,0.5,0.0,0.0,0.0
2026-01-23 06:13:05,clusterB,18,4,3,1,0.75,0.5,0.5,0.0,0.0,0.0
2026-01-23 06:13:10,clusterA,18,4,3,1,0.75,0.5,0.5,0.0,0.0,0.0
2026-01-23 06:13:10,clusterB,18,4,3,1,0.75,0.5,0.5,0.0,0.0,0.0
2026-01-23 06:13:15,clusterA,18,4,3,1,0.75,0.5,0.5,0.0,0.0,0.0
2026-01-23 06:13:15,clusterB,18,4,3,1,0.75,0.5,0.5,0.0,0.0,0.0
2026-01-23 06:13:20,clusterA,18,4,3,1,0.75,0.5,0.5,0.0,0.0,0.0
2026-01-23 06:13:20,clusterB,18,4,3,1,0.75,0.5,0.5,0.0,0.0,0.0
2026-01-23 06:13:25,clusterA,18,4,3,1,0.75,0.5,0.5,0.0,0.0,0.0
2026-01-23 06:13:25,clusterB,18,4,3,1,0.75,0.5,0.5,0.0,0.0,0.0
2026-01-23 06:13:30,clusterA,18,4,3,1,0.75,0.5,0.5,0.0,0.0,0.0
2026-01-23 06:13:30,clusterB,18,4,3,1,0.75,0.5,0.5,0.0,0.0,0.0
2026-01-23 06:13:35,clusterA,18,4,3,1,0.75,0.5,0.5,0.0,0.0,0.0
2026-01-23 06:13:35,clusterB,18,4,3,1,0.75,0.5,0.5,0.0,0.0,0.0
2026-01-23 06:13:40,clusterA,18,4,3,1,0.75,0.5,0.5,0.0,0.0,0.0
2026-01-23 06:13:40,clusterB,18,4,3,1,0.75,0.5,0.5,0.0,0.0,0.0
2026-01-23 06:13:45,clusterA,18,4,3,1,0.75,0.5,0.5,0.0,0.0,0.0
2026-01-23 06:13:45,clusterB,18,4,3,1,0.75,0.5,0.5,0.0,0.0,0.0
2026-01-23 06:13:50,clusterA,18,4,3,1,0.75,0.5,0.5,0.0,0.0,0.0
2026-01-23 06:13:50,clusterB,18,4,3,1,0.75,0.5,0.5,0.0,0.0,0.0
2026-01-23 06:13:55,clusterA,18,4,3,1,0.75,0.5,0.5,0.0,0.0,0.0
2026-01-23 06:13:55,clusterB,18,4,3,1,0.75,0.5,0.5,0.0,0.0,0.0
2026-01-23 06:14:00,clusterA,18,4,3,1,0.75,0.5,0.5,0.0,0.0,0.0
2026-01-23 06:14:00,clusterB,18,4,3,1,0.75,0.5,0.5,0.0,0.0,0.0
2026-01-23 06:14:05,clusterA,18,4,3,1,0.75,0.5,0.5,0.0,0.0,0.0
2026-01-23 06:14:05,clusterB,18,4,3,1,0.75,0.5,0.5,0.0,0.0,0.0
2026-01-23 06:14:10,clusterA,18,4,3,1,0.75,0.5,0.5,0.0,0.0,0.0
2026-01-23 06:14:10,clusterB,18,4,3,1,0.75,0.5,0.5,0.0,0.0,0.0
2026-01-23 06:14:15,clusterA,18,4,3,1,0.75,0.5,0.5,0.0,0.0,0.0
2026-01-23 06:14:15,clusterB,18,4,3,1,0.75,0.5,0.5,0.0,0.0,0.0
2026-01-23 06:14:20,clusterA,19,4,3,1,0.75,0.5,0.5,0.0,0.0,0.0
2026-01-23 06:14:20,clusterB,19,4,3,1,0.75,0.5,0.5,0.0,0.0,0.0
2026-01-23 06:14:25,clusterA,19,4,3,1,0.75,0.5,0.5,0.0,0.0,0.0
2026-01-23 06:14:25,clusterB,19,4,3,1,0.75,0.5,0.5,0.0,0.0,0.0
2026-01-23 06:14:30,clusterA,19,4,3,1,0.75,0.5,0.5,0.0,0.0,0.0
2026-01-23 06:14:30,clusterB,19,4,3,1,0.75,0.5,0.5,0.0,0.0,0.0
2026-01-23 06:14:35,clusterA,19,4,3,1,0.75,0.5,0.5,0.0,0.0,0.0
2026-01-23 06:14:35,clusterB,19,4,3,1,0.75,0.5,0.5,0.0,0.0,0.0
2026-01-23 06:14:40,clusterA,19,4,3,1,0.75,0.5,0.5,0.0,0.0,0.0
2026-01-23 06:14:40,clusterB,19,4,3,1,0.75,0.5,0.5,0.0,0.0,0.0
2026-01-23 06:14:45,clusterA,19,4,3,1,0.75,0.5,0.5,0.0,0.0,0.0
2026-01-23 06:14:45,clusterB,19,4,3,1,0.75,0.5,0.5,0.0,0.0,0.0
2026-01-23 06:14:50,clusterA,19,4,3,1,0.75,0.5,0.5,0.0,0.0,0.0
2026-01-23 06:14:50,clusterB,19,4,3,1,0.75,0.5,0.5,0.0,0.0,0.0
2026-01-23 06:14:56,clusterA,19,4,3,1,0.75,0.5,0.5,0.0,0.0,0.0
2026-01-23 06:14:56,clusterB,19,4,3,1,0.75,0.5,0.5,0.0,0.0,0.0
2026-01-23 06:15:01,clusterA,19,4,3,1,0.75,0.5,0.5,0.0,0.0,0.0
2026-01-23 06:15:01,clusterB,19,4,3,1,0.75,0.5,0.5,0.0,0.0,0.0
2026-01-23 06:15:06,clusterA,19,4,3,1,0.75,0.5,0.5,0.0,0.0,0.0
2026-01-23 06:15:06,clusterB,19,4,3,1,0.75,0.5,0.5,0.0,0.0,0.0
2026-01-23 06:15:11,clusterA,19,4,3,1,0.75,0.5,0.5,0.0,0.0,0.0
2026-01-23 06:15:11,clusterB,19,4,3,1,0.75,0.5,0.5,0.0,0.0,0.0
2026-01-23 06:15:16,clusterA,19,4,3,1,0.75,0.5,0.5,0.0,0.0,0.0
2026-01-23 06:15:16,clusterB,19,4,3,1,0.75,0.5,0.5,0.0,0.0,0.0
2026-01-23 06:15:21,clusterA,19,4,3,1,0.75,0.5,0.5,0.0,0.0,0.0
2026-01-23 06:15:21,clusterB,19,4,3,1,0.75,0.5,0.5,0.0,0.0,0.0
2026-01-23 06:15:26,clusterA,19,4,3,1,0.75,0.5,0.5,0.0,0.0,0.0
2026-01-23 06:15:26,clusterB,19,4,3,1,0.75,0.5,0.5,0.0,0.0,0.0
2026-01-23 06:15:31,clusterA,19,4,3,1,0.75,0.5,0.5,0.0,0.0,0.0
2026-01-23 06:15:31,clusterB,19,4,3,1,0.75,0.5,0.5,0.0,0.0,0.0
2026-01-23 06:15:36,clusterA,19,4,3,1,0.75,0.5,0.5,0.0,0.0,0.0
2026-01-23 06:15:36,clusterB,19,4,3,1,0.75,0.5,0.5,0.0,0.0,0.0
2026-01-23 06:15:41,clusterA,19,4,3,1,0.75,0.5,0.5,0.0,0.0,0.0
2026-01-23 06:15:41,clusterB,19,4,3,1,0.75,0.5,0.5,0.0,0.0,0.0
2026-01-23 06:15:46,clusterA,19,4,3,1,0.75,0.5,0.5,0.0,0.0,0.0
2026-01-23 06:15:46,clusterB,19,4,3,1,0.75,0.5,0.5,0.0,0.0,0.0
2026-01-23 06:15:51,clusterA,19,4,3,1,0.75,0.5,0.5,0.0,0.0,0.0
2026-01-23 06:15:51,clusterB,19,4,3,1,0.75,0.5,0.5,0.0,0.0,0.0
2026-01-23 06:15:56,clusterA,19,4,3,1,0.75,0.5,0.5,0.0,0.0,0.0
2026-01-23 06:15:56,clusterB,19,4,3,1,0.75,0.5,0.5,0.0,0.0,0.0
2026-01-23 06:16:01,clusterA,19,4,3,1,0.75,0.5,0.5,0.0,0.0,0.0
2026-01-23 06:16:01,clusterB,19,4,3,1,0.75,0.5,0.5,0.0,0.0,0.0
2026-01-23 06:16:06,clusterA,19,4,3,1,0.75,0.5,0.5,0.0,0.0,0.0
2026-01-23 06:16:06,clusterB,19,4,3,1,0.75,0.5,0.5,0.0,0.0,0.0
2026-01-23 06:16:11,clusterA,19,4,3,1,0.75,0.5,0.5,0.0,0.0,0.0
2026-01-23 06:16:11,clusterB,19,4,3,1,0.75,0.5,0.5,0.0,0.0,0.0
2026-01-23 06:16:16,clusterA,19,4,3,1,0.75,0.5,0.5,0.0,0.0,0.0
2026-01-23 06:16:16,clusterB,19,4,3,1,0.75,0.5,0.5,0.0,0.0,0.0
2026-01-23 06:16:21,clusterA,19,4,3,1,0.75,0.5,0.5,0.0,0.0,0.0
2026-01-23 06:16:21,clusterB,19,4,3,1,0.75,0.5,0.5,0.0,0.0,0.0
2026-01-23 06:16:26,clusterA,19,4,3,1,0.75,0.5,0.5,0.0,0.0,0.0
2026-01-23 06:16:26,clusterB,19,4,3,1,0.75,0.5,0.5,0.0,0.0,0.0
2026-01-23 06:16:31,clusterA,19,4,3,1,0.75,0.5,0.5,0.0,0.0,0.0
2026-01-23 06:16:31,clusterB,19,4,3,1,0.75,0.5,0.5,0.0,0.0,0.0
2026-01-23 06:16:36,clusterA,19,4,3,1,0.75,0.5,0.5,0.0,0.0,0.0
2026-01-23 06:16:36,clusterB,19,4,3,1,0.75,0.5,0.5,0.0,0.0,0.0
2026-01-23 06:16:41,clusterA,19,4,3,1,0.75,0.5,0.5,0.0,0.0,0.0
2026-01-23 06:16:41,clusterB,19,4,3,1,0.75,0.5,0.5,0.0,0.0,0.0
2026-01-23 06:16:46,clusterA,19,4,3,1,0.75,0.5,0.5,0.0,0.0,0.0
2026-01-23 06:16:46,clusterB,19,4,3,1,0.75,0.5,0.5,0.0,0.0,0.0
2026-01-23 06:16:51,clusterA,19,4,3,1,0.75,0.5,0.5,0.0,0.0,0.0
2026-01-23 06:16:51,clusterB,19,4,3,1,0.75,0.5,0.5,0.0,0.0,0.0
2026-01-23 06:16:56,clusterA,19,4,3,1,0.75,0.5,0.5,0.0,0.0,0.0
2026-01-23 06:16:56,clusterB,19,4,3,1,0.75,0.5,0.5,0.0,0.0,0.0
2026-01-23 06:17:01,clusterA,19,4,3,1,0.75,0.5,0.5,0.0,0.0,0.0
2026-01-23 06:17:01,clusterB,19,4,3,1,0.75,0.5,0.5,0.0,0.0,0.0
2026-01-23 06:17:06,clusterA,19,4,3,1,0.75,0.5,0.5,0.0,0.0,0.0
2026-01-23 06:17:06,clusterB,19,4,3,1,0.75,0.5,0.5,0.0,0.0,0.0
2026-01-23 06:17:11,clusterA,19,4,3,1,0.75,0.5,0.5,0.0,0.0,0.0
2026-01-23 06:17:11,clusterB,19,4,3,1,0.75,0.5,0.5,0.0,0.0,0.0
2026-01-23 06:17:16,clusterA,19,4,3,1,0.75,0.5,0.5,0.0,0.0,0.0
2026-01-23 06:17:16,clusterB,19,4,3,1,0.75,0.5,0.5,0.0,0.0,0.0
2026-01-23 06:17:21,clusterA,19,4,3,1,0.75,0.5,0.5,0.0,0.0,0.0
2026-01-23 06:17:21,clusterB,19,4,3,1,0.75,0.5,0.5,0.0,0.0,0.0
2026-01-23 06:17:26,clusterA,19,4,3,1,0.75,0.5,0.5,0.0,0.0,0.0
2026-01-23 06:17:26,clusterB,19,4,3,1,0.75,0.5,0.5,0.0,0.0,0.0
2026-01-23 06:17:31,clusterA,19,4,3,1,0.75,0.5,0.5,0.0,0.0,0.0
2026-01-23 06:17:31,clusterB,19,4,3,1,0.75,0.5,0.5,0.0,0.0,0.0
2026-01-23 06:17:36,clusterA,19,4,3,1,0.75,0.5,0.5,0.0,0.0,0.0
2026-01-23 06:17:36,clusterB,19,4,3,1,0.75,0.5,0.5,0.0,0.0,0.0
2026-01-23 06:17:41,clusterA,19,4,3,1,0.75,0.5,0.5,0.0,0.0,0.0
2026-01-23 06:17:41,clusterB,19,4,3,1,0.75,0.5,0.5,0.0,0.0,0.0
2026-01-23 06:17:46,clusterA,19,4,3,1,0.75,0.5,0.5,0.0,0.0,0.0
2026-01-23 06:17:46,clusterB,19,4,3,1,0.75,0.5,0.5,0.0,0.0,0.0
2026-01-23 06:17:51,clusterA,19,4,3,1,0.75,0.5,0.5,0.0,0.0,0.0
2026-01-23 06:17:51,clusterB,19,4,3,1,0.75,0.5,0.5,0.0,0.0,0.0
2026-01-23 06:17:56,clusterA,19,4,3,1,0.75,0.5,0.5,0.0,0.0,0.0
2026-01-23 06:17:56,clusterB,19,4,3,1,0.75,0.5,0.5,0.0,0.0,0.0
2026-01-23 06:18:01,clusterA,19,4,3,1,0.75,0.5,0.5,0.0,0.0,0.0
2026-01-23 06:18:01,clusterB,19,4,3,1,0.75,0.5,0.5,0.0,0.0,0.0
2026-01-23 06:18:06,clusterA,19,4,3,1,0.75,0.5,0.5,0.0,0.0,0.0
2026-01-23 06:18:06,clusterB,19,4,3,1,0.75,0.5,0.5,0.0,0.0,0.0
2026-01-23 06:18:11,clusterA,19,4,3,1,0.75,0.5,0.5,0.0,0.0,0.0
2026-01-23 06:18:11,clusterB,19,4,3,1,0.75,0.5,0.5,0.0,0.0,0.0
2026-01-23 06:18:16,clusterA,19,4,3,1,0.75,0.5,0.5,0.0,0.0,0.0
2026-01-23 06:18:16,clusterB,19,4,3,1,0.75,0.5,0.5,0.0,0.0,0.0
2026-01-23 06:18:21,clusterA,19,4,3,1,0.75,0.5,0.5,0.0,0.0,0.0
2026-01-23 06:18:21,clusterB,19,4,3,1,0.75,0.5,0.5,0.0,0.0,0.0
2026-01-23 06:18:26,clusterA,19,4,3,1,0.75,0.5,0.5,0.0,0.0,0.0
2026-01-23 06:18:26,clusterB,19,4,3,1,0.75,0.5,0.5,0.0,0.0,0.0
2026-01-23 06:18:31,clusterA,19,4,3,1,0.75,0.5,0.5,0.0,0.0,0.0
2026-01-23 06:18:31,clusterB,19,4,3,1,0.75,0.5,0.5,0.0,0.0,0.0
2026-01-23 06:18:36,clusterA,19,4,3,1,0.75,0.5,0.5,0.0,0.0,0.0
2026-01-23 06:18:36,clusterB,19,4,3,1,0.75,0.5,0.5,0.0,0.0,0.0
2026-01-23 06:18:41,clusterA,19,4,3,1,0.75,0.5,0.5,0.0,0.0,0.0
2026-01-23 06:18:41,clusterB,19,4,3,1,0.75,0.5,0.5,0.0,0.0,0.0
2026-01-23 06:18:46,clusterA,19,4,3,1,0.75,0.5,0.5,0.0,0.0,0.0
2026-01-23 06:18:46,clusterB,19,4,3,1,0.75,0.5,0.5,0.0,0.0,0.0
2026-01-23 06:18:51,clusterA,19,4,3,1,0.75,0.5,0.5,0.0,0.0,0.0
2026-01-23 06:18:51,clusterB,19,4,3,1,0.75,0.5,0.5,0.0,0.0,0.0
2026-01-23 06:18:56,clusterA,19,4,3,1,0.75,0.5,0.5,0.0,0.0,0.0
2026-01-23 06:18:56,clusterB,19,4,3,1,0.75,0.5,0.5,0.0,0.0,0.0
2026-01-23 06:19:01,clusterA,19,4,3,1,0.75,0.5,0.5,0.0,0.0,0.0
2026-01-23 06:19:01,clusterB,19,4,3,1,0.75,0.5,0.5,0.0,0.0,0.0
2026-01-23 06:19:06,clusterA,19,4,3,1,0.75,0.5,0.5,0.0,0.0,0.0
2026-01-23 06:19:06,clusterB,19,4,3,1,0.75,0.5,0.5,0.0,0.0,0.0
2026-01-23 06:19:11,clusterA,19,4,3,1,0.75,0.5,0.5,0.0,0.0,0.0
2026-01-23 06:19:11,clusterB,19,4,3,1,0.75,0.5,0.5,0.0,0.0,0.0
2026-01-23 06:19:16,clusterA,19,4,3,1,0.75,0.5,0.5,0.0,0.0,0.0
2026-01-23 06:19:16,clusterB,19,4,3,1,0.75,0.5,0.5,0.0,0.0,0.0
2026-01-23 06:19:21,clusterA,19,4,3,1,0.75,0.5,0.5,0.0,0.0,0.0
2026-01-23 06:19:21,clusterB,19,4,3,1,0.75,0.5,0.5,0.0,0.0,0.0
2026-01-23 06:19:26,clusterA,19,4,3,1,0.75,0.5,0.5,0.0,0.0,0.0
2026-01-23 06:19:26,clusterB,19,4,3,1,0.75,0.5,0.5,0.0,0.0,0.0
2026-01-23 06:19:31,clusterA,19,4,3,1,0.75,0.5,0.5,0.0,0.0,0.0
2026-01-23 06:19:31,clusterB,19,4,3,1,0.75,0.5,0.5,0.0,0.0,0.0
2026-01-23 06:19:36,clusterA,19,4,3,1,0.75,0.5,0.5,0.0,0.0,0.0
2026-01-23 06:19:36,clusterB,19,4,3,1,0.75,0.5,0.5,0.0,0.0,0.0
2026-01-23 06:19:41,clusterA,19,4,3,1,0.75,0.5,0.5,0.0,0.0,0.0
2026-01-23 06:19:41,clusterB,19,4,3,1,0.75,0.5,0.5,0.0,0.0,0.0
2026-01-23 06:19:46,clusterA,19,4,3,1,0.75,0.5,0.5,0.0,0.0,0.0
2026-01-23 06:19:46,clusterB,19,4,3,1,0.75,0.5,0.5,0.0,0.0,0.0
2026-01-23 06:19:51,clusterA,19,4,3,1,0.75,0.5,0.5,0.0,0.0,0.0
2026-01-23 06:19:51,clusterB,19,4,3,1,0.75,0.5,0.5,0.0,0.0,0.0
2026-01-23 06:19:56,clusterA,19,4,3,1,0.75,0.5,0.5,0.0,0.0,0.0
2026-01-23 06:19:56,clusterB,19,4,3,1,0.75,0.5,0.5,0.0,0.0,0.0
2026-01-23 06:20:01,clusterA,19,4,3,1,0.75,0.5,0.5,0.0,0.0,0.0
2026-01-23 06:20:01,clusterB,19,4,3,1,0.75,0.5,0.5,0.0,0.0,0.0
2026-01-23 06:20:06,clusterA,19,4,3,1,0.75,0.5,0.5,0.0,0.0,0.0
2026-01-23 06:20:06,clusterB,19,4,3,1,0.75,0.5,0.5,0.0,0.0,0.0
2026-01-23 06:20:11,clusterA,19,4,3,1,0.75,0.5,0.5,0.0,0.0,0.0
2026-01-23 06:20:11,clusterB,19,4,3,1,0.75,0.5,0.5,0.0,0.0,0.0
2026-01-23 06:20:16,clusterA,19,4,3,1,0.75,0.5,0.5,0.0,0.0,0.0
2026-01-23 06:20:16,clusterB,19,4,3,1,0.75,0.5,0.5,0.0,0.0,0.0
2026-01-23 06:20:21,clusterA,19,4,3,1,0.75,0.5,0.5,0.0,0.0,0.0
2026-01-23 06:20:21,clusterB,19,4,3,1,0.75,0.5,0.5,0.0,0.0,0.0
2026-01-23 06:20:26,clusterA,19,4,3,1,0.75,0.5,0.5,0.0,0.0,0.0
2026-01-23 06:20:26,clusterB,19,4,3,1,0.75,0.5,0.5,0.0,0.0,0.0
2026-01-23 06:20:31,clusterA,19,4,3,1,0.75,0.5,0.5,0.0,0.0,0.0
2026-01-23 06:20:31,clusterB,19,4,3,1,0.75,0.5,0.5,0.0,0.0,0.0
2026-01-23 06:20:36,clusterA,19,4,3,1,0.75,0.5,0.5,0.0,0.0,0.0
2026-01-23 06:20:36,clusterB,19,4,3,1,0.75,0.5,0.5,0.0,0.0,0.0
2026-01-23 06:20:41,clusterA,19,4,3,1,0.75,0.5,0.5,0.0,0.0,0.0
2026-01-23 06:20:41,clusterB,19,4,3,1,0.75,0.5,0.5,0.0,0.0,0.0
2026-01-23 06:20:46,clusterA,19,4,3,1,0.75,0.5,0.5,0.0,0.0,0.0
2026-01-23 06:20:46,clusterB,19,4,3,1,0.75,0.5,0.5,0.0,0.0,0.0
2026-01-23 06:20:51,clusterA,19,4,3,1,0.75,0.5,0.5,0.0,0.0,0.0
2026-01-23 06:20:51,clusterB,19,4,3,1,0.75,0.5,0.5,0.0,0.0,0.0
2026-01-23 06:20:56,clusterA,19,4,3,1,0.75,0.5,0.5,0.0,0.0,0.0
2026-01-23 06:20:56,clusterB,19,4,3,1,0.75,0.5,0.5,0.0,0.0,0.0
2026-01-23 06:21:01,clusterA,19,4,3,1,0.75,0.5,0.5,0.0,0.0,0.0
2026-01-23 06:21:01,clusterB,19,4,3,1,0.75,0.5,0.5,0.0,0.0,0.0
2026-01-23 06:21:06,clusterA,19,4,3,1,0.75,0.5,0.5,0.0,0.0,0.0
2026-01-23 06:21:06,clusterB,19,4,3,1,0.75,0.5,0.5,0.0,0.0,0.0
2026-01-23 06:21:11,clusterA,19,4,3,1,0.75,0.5,0.5,0.0,0.0,0.0
2026-01-23 06:21:11,clusterB,19,4,3,1,0.75,0.5,0.5,0.0,0.0,0.0
2026-01-23 06:21:16,clusterA,19,4,3,1,0.75,0.5,0.5,0.0,0.0,0.0
2026-01-23 06:21:16,clusterB,19,4,3,1,0.75,0.5,0.5,0.0,0.0,0.0
2026-01-23 06:21:21,clusterA,19,4,3,1,0.75,0.5,0.5,0.0,0.0,0.0
2026-01-23 06:21:21,clusterB,19,4,3,1,0.75,0.5,0.5,0.0,0.0,0.0
2026-01-23 06:21:26,clusterA,19,4,3,1,0.75,0.5,0.5,0.0,0.0,0.0
2026-01-23 06:21:26,clusterB,19,4,3,1,0.75,0.5,0.5,0.0,0.0,0.0
2026-01-23 06:21:31,clusterA,19,4,3,1,0.75,0.5,0.5,0.0,0.0,0.0
2026-01-23 06:21:31,clusterB,19,4,3,1,0.75,0.5,0.5,0.0,0.0,0.0
2026-01-23 06:21:36,clusterA,19,4,3,1,0.75,0.5,0.5,0.0,0.0,0.0
2026-01-23 06:21:36,clusterB,19,4,3,1,0.75,0.5,0.5,0.0,0.0,0.0
2026-01-23 06:21:41,clusterA,19,4,3,1,0.75,0.5,0.5,0.0,0.0,0.0
2026-01-23 06:21:41,clusterB,19,4,3,1,0.75,0.5,0.5,0.0,0.0,0.0
2026-01-23 06:21:46,clusterA,19,4,3,1,0.75,0.5,0.5,0.0,0.0,0.0
2026-01-23 06:21:46,clusterB,19,4,3,1,0.75,0.5,0.5,0.0,0.0,0.0
2026-01-23 06:21:51,clusterA,19,4,3,1,0.75,0.5,0.5,0.0,0.0,0.0
2026-01-23 06:21:51,clusterB,19,4,3,1,0.75,0.5,0.5,0.0,0.0,0.0
2026-01-23 06:21:56,clusterA,19,4,3,1,0.75,0.5,0.5,0.0,0.0,0.0
2026-01-23 06:21:56,clusterB,19,4,3,1,0.75,0.5,0.5,0.0,0.0,0.0
2026-01-23 06:22:01,clusterA,19,4,3,1,0.75,0.5,0.5,0.0,0.0,0.0
2026-01-23 06:22:01,clusterB,19,4,3,1,0.75,0.5,0.5,0.0,0.0,0.0
2026-01-23 06:22:06,clusterA,19,4,3,1,0.75,0.5,0.5,0.0,0.0,0.0
2026-01-23 06:22:06,clusterB,19,4,3,1,0.75,0.5,0.5,0.0,0.0,0.0
2026-01-23 06:22:11,clusterA,19,4,3,1,0.75,0.5,0.5,0.0,0.0,0.0
2026-01-23 06:22:11,clusterB,19,4,3,1,0.75,0.5,0.5,0.0,0.0,0.0
2026-01-23 06:22:16,clusterA,20,4,3,1,0.75,0.5,0.5,0.0,0.0,0.0
2026-01-23 06:22:16,clusterB,20,4,3,1,0.75,0.5,0.5,0.0,0.0,0.0
2026-01-23 06:22:22,clusterA,20,4,3,1,0.75,0.5,0.5,0.0,0.0,0.0
2026-01-23 06:22:22,clusterB,20,4,3,1,0.75,0.5,0.5,0.0,0.0,0.0
2026-01-23 06:22:27,clusterA,20,4,3,1,0.75,0.5,0.5,0.0,0.0,0.0
2026-01-23 06:22:27,clusterB,20,4,3,1,0.75,0.5,0.5,0.0,0.0,0.0
2026-01-23 06:22:32,clusterA,20,4,3,1,0.75,0.5,0.5,0.0,0.0,0.0
2026-01-23 06:22:32,clusterB,20,4,3,1,0.75,0.5,0.5,0.0,0.0,0.0
2026-01-23 06:22:37,clusterA,20,4,3,1,0.75,0.5,0.5,0.0,0.0,0.0
2026-01-23 06:22:37,clusterB,20,4,3,1,0.75,0.5,0.5,0.0,0.0,0.0
2026-01-23 06:22:42,clusterA,20,4,3,1,0.75,0.5,0.5,0.0,0.0,0.0
2026-01-23 06:22:42,clusterB,20,4,3,1,0.75,0.5,0.5,0.0,0.0,0.0
2026-01-23 06:22:47,clusterA,20,4,3,1,0.75,0.5,0.5,0.0,0.0,0.0
2026-01-23 06:22:47,clusterB,20,4,3,1,0.75,0.5,0.5,0.0,0.0,0.0
2026-01-23 06:22:52,clusterA,20,4,3,1,0.75,0.5,0.5,0.0,0.0,0.0
2026-01-23 06:22:52,clusterB,20,4,3,1,0.75,0.5,0.5,0.0,0.0,0.0
2026-01-23 06:22:57,clusterA,20,4,3,1,0.75,0.5,0.5,0.0,0.0,0.0
2026-01-23 06:22:57,clusterB,20,4,3,1,0.75,0.5,0.5,0.0,0.0,0.0
2026-01-23 06:23:02,clusterA,20,4,3,1,0.75,0.5,0.5,0.0,0.0,0.0
2026-01-23 06:23:02,clusterB,20,4,2,2,0.50,0.5,0.5,0.0,0.0,0.0
2026-01-23 06:23:07,clusterA,20,4,3,1,0.75,0.5,0.5,0.0,0.0,0.0
2026-01-23 06:23:07,clusterB,20,4,2,2,0.50,0.5,0.5,0.0,0.0,0.0
2026-01-23 06:23:12,clusterA,20,4,3,1,0.75,0.5,0.5,0.0,0.0,0.0
2026-01-23 06:23:12,clusterB,20,4,2,2,0.50,0.5,0.5,0.0,0.0,0.0
2026-01-23 06:23:17,clusterA,20,4,3,1,0.75,0.5,0.5,0.0,0.0,0.0
2026-01-23 06:23:17,clusterB,20,4,2,2,0.50,0.5,0.5,0.0,0.0,0.0
2026-01-23 06:23:22,clusterA,20,4,3,1,0.75,0.5,0.5,0.0,0.0,0.0
2026-01-23 06:23:22,clusterB,20,4,2,2,0.50,0.5,0.5,0.0,0.0,0.0
2026-01-23 06:23:27,clusterA,20,4,3,1,0.75,0.5,0.5,0.0,0.0,0.0
2026-01-23 06:23:27,clusterB,20,4,2,2,0.50,0.5,0.5,0.0,0.0,0.0
2026-01-23 06:23:32,clusterA,20,4,3,1,0.75,0.5,0.5,0.0,0.0,0.0
2026-01-23 06:23:32,clusterB,20,4,2,2,0.50,0.5,0.5,0.0,0.0,0.0
2026-01-23 06:23:37,clusterA,20,4,3,1,0.75,0.5,0.5,0.0,0.0,0.0
2026-01-23 06:23:37,clusterB,20,4,2,2,0.50,0.5,0.5,0.0,0.0,0.0
2026-01-23 06:23:42,clusterA,20,4,3,1,0.75,0.5,0.5,0.0,0.0,0.0
2026-01-23 06:23:42,clusterB,20,4,2,2,0.50,0.5,0.5,0.0,0.0,0.0
2026-01-23 06:23:47,clusterA,20,4,3,1,0.75,0.5,0.5,0.0,0.0,0.0
2026-01-23 06:23:47,clusterB,20,4,2,2,0.50,0.5,0.5,0.0,0.0,0.0
2026-01-23 06:23:52,clusterA,20,4,3,1,0.75,0.5,0.5,0.0,0.0,0.0
2026-01-23 06:23:52,clusterB,20,4,2,2,0.50,0.5,0.5,0.0,0.0,0.0
2026-01-23 06:23:57,clusterA,20,4,3,1,0.75,0.5,0.5,0.0,0.0,0.0
2026-01-23 06:23:57,clusterB,20,4,2,2,0.50,0.5,0.5,0.0,0.0,0.0
2026-01-23 06:24:02,clusterA,20,4,3,1,0.75,0.5,0.5,0.0,0.0,0.0
2026-01-23 06:24:02,clusterB,20,4,2,2,0.50,0.5,0.5,0.0,0.0,0.0
2026-01-23 06:24:07,clusterA,20,4,3,1,0.75,0.5,0.5,0.0,0.0,0.0
2026-01-23 06:24:07,clusterB,20,4,2,2,0.50,0.5,0.5,0.0,0.0,0.0
2026-01-23 06:24:12,clusterA,20,4,3,1,0.75,0.5,0.5,0.0,0.0,0.0
2026-01-23 06:24:12,clusterB,20,4,2,2,0.50,0.5,0.5,0.0,0.0,0.0
2026-01-23 06:24:17,clusterA,20,4,3,1,0.75,0.5,0.5,0.0,0.0,0.0
2026-01-23 06:24:17,clusterB,20,4,2,2,0.50,0.5,0.5,0.0,0.0,0.0
2026-01-23 06:24:22,clusterA,20,4,3,1,0.75,0.5,0.5,0.0,0.0,0.0
2026-01-23 06:24:22,clusterB,20,4,2,2,0.50,0.5,0.5,0.0,0.0,0.0
2026-01-23 06:24:27,clusterA,20,4,3,1,0.75,0.5,0.5,0.0,0.0,0.0
2026-01-23 06:24:27,clusterB,20,4,2,2,0.50,0.5,0.5,0.0,0.0,0.0
2026-01-23 06:24:32,clusterA,20,4,3,1,0.75,0.5,0.5,0.0,0.0,0.0
2026-01-23 06:24:32,clusterB,20,4,2,2,0.50,0.5,0.5,0.0,0.0,0.0
2026-01-23 06:24:37,clusterA,20,4,3,1,0.75,0.5,0.5,0.0,0.0,0.0
2026-01-23 06:24:37,clusterB,20,4,2,2,0.50,0.5,0.5,0.0,0.0,0.0
2026-01-23 06:24:42,clusterA,20,4,3,1,0.75,0.5,0.5,0.0,0.0,0.0
2026-01-23 06:24:42,clusterB,20,4,2,2,0.50,0.5,0.5,0.0,0.0,0.0
2026-01-23 06:24:47,clusterA,20,4,3,1,0.75,0.5,0.5,0.0,0.0,0.0
2026-01-23 06:24:47,clusterB,20,4,2,2,0.50,0.5,0.5,0.0,0.0,0.0
2026-01-23 06:24:52,clusterA,20,4,3,1,0.75,0.5,0.5,0.0,0.0,0.0
2026-01-23 06:24:52,clusterB,20,4,2,2,0.50,0.5,0.5,0.0,0.0,0.0
2026-01-23 06:24:57,clusterA,20,4,3,1,0.75,0.5,0.5,0.0,0.0,0.0
2026-01-23 06:24:57,clusterB,20,4,2,2,0.50,0.5,0.5,0.0,0.0,0.0
2026-01-23 06:25:02,clusterA,20,4,3,1,0.75,0.5,0.5,0.0,0.0,0.0
2026-01-23 06:25:02,clusterB,20,4,2,2,0.50,0.5,0.5,0.0,0.0,0.0
2026-01-23 06:25:07,clusterA,20,4,3,1,0.75,0.5,0.5,0.0,0.0,0.0
2026-01-23 06:25:07,clusterB,20,4,2,2,0.50,0.5,0.5,0.0,0.0,0.0
2026-01-23 06:25:12,clusterA,20,4,3,1,0.75,0.5,0.5,0.0,0.0,0.0
2026-01-23 06:25:12,clusterB,20,4,2,2,0.50,0.5,0.5,0.0,0.0,0.0
2026-01-23 06:25:17,clusterA,20,4,3,1,0.75,0.5,0.5,0.0,0.0,0.0
2026-01-23 06:25:17,clusterB,20,4,2,2,0.50,0.5,0.5,0.0,0.0,0.0
2026-01-23 06:25:22,clusterA,20,4,3,1,0.75,0.5,0.5,0.0,0.0,0.0
2026-01-23 06:25:22,clusterB,20,4,2,2,0.50,0.5,0.5,0.0,0.0,0.0
2026-01-23 06:25:27,clusterA,20,4,3,1,0.75,0.5,0.5,0.0,0.0,0.0
2026-01-23 06:25:27,clusterB,20,4,2,2,0.50,0.5,0.5,0.0,0.0,0.0
2026-01-23 06:25:32,clusterA,20,4,3,1,0.75,0.5,0.5,0.0,0.0,0.0
2026-01-23 06:25:32,clusterB,20,4,2,2,0.50,0.5,0.5,0.0,0.0,0.0
2026-01-23 06:25:37,clusterA,20,4,3,1,0.75,0.5,0.5,0.0,0.0,0.0
2026-01-23 06:25:37,clusterB,20,4,2,2,0.50,0.5,0.5,0.0,0.0,0.0
2026-01-23 06:25:42,clusterA,20,4,3,1,0.75,0.5,0.5,0.0,0.0,0.0
2026-01-23 06:25:42,clusterB,20,4,2,2,0.50,0.5,0.5,0.0,0.0,0.0
2026-01-23 06:25:47,clusterA,20,4,3,1,0.75,0.5,0.5,0.0,0.0,0.0
2026-01-23 06:25:47,clusterB,20,4,2,2,0.50,0.5,0.5,0.0,0.0,0.0
2026-01-23 06:25:52,clusterA,20,4,3,1,0.75,0.5,0.5,0.0,0.0,0.0
2026-01-23 06:25:52,clusterB,20,4,2,2,0.50,0.5,0.5,0.0,0.0,0.0
2026-01-23 06:25:57,clusterA,20,4,3,1,0.75,0.5,0.5,0.0,0.0,0.0
2026-01-23 06:25:57,clusterB,20,4,2,2,0.50,0.5,0.5,0.0,0.0,0.0
2026-01-23 06:26:02,clusterA,20,4,3,1,0.75,0.5,0.5,0.0,0.0,0.0
2026-01-23 06:26:02,clusterB,20,4,2,2,0.50,0.5,0.5,0.0,0.0,0.0
2026-01-23 06:26:07,clusterA,20,4,3,1,0.75,0.5,0.5,0.0,0.0,0.0
2026-01-23 06:26:07,clusterB,20,4,2,2,0.50,0.5,0.5,0.0,0.0,0.0
2026-01-23 06:26:12,clusterA,20,4,3,1,0.75,0.5,0.5,0.0,0.0,0.0
2026-01-23 06:26:12,clusterB,20,4,2,2,0.50,0.5,0.5,0.0,0.0,0.0
2026-01-23 06:26:17,clusterA,20,4,3,1,0.75,0.5,0.5,0.0,0.0,0.0
2026-01-23 06:26:17,clusterB,20,4,2,2,0.50,0.5,0.5,0.0,0.0,0.0
2026-01-23 06:26:22,clusterA,20,4,3,1,0.75,0.5,0.5,0.0,0.0,0.0
2026-01-23 06:26:22,clusterB,20,4,2,2,0.50,0.5,0.5,0.0,0.0,0.0
2026-01-23 06:26:27,clusterA,20,4,3,1,0.75,0.5,0.5,0.0,0.0,0.0
2026-01-23 06:26:27,clusterB,20,4,2,2,0.50,0.5,0.5,0.0,0.0,0.0
2026-01-23 06:26:32,clusterA,20,4,3,1,0.75,0.5,0.5,0.0,0.0,0.0
2026-01-23 06:26:32,clusterB,20,4,2,2,0.50,0.5,0.5,0.0,0.0,0.0
2026-01-23 06:26:37,clusterA,20,4,3,1,0.75,0.5,0.5,0.0,0.0,0.0
2026-01-23 06:26:37,clusterB,20,4,2,2,0.50,0.5,0.5,0.0,0.0,0.0
2026-01-23 06:26:42,clusterA,20,4,3,1,0.75,0.5,0.5,0.0,0.0,0.0
2026-01-23 06:26:42,clusterB,20,4,2,2,0.50,0.5,0.5,0.0,0.0,0.0
2026-01-23 06:26:47,clusterA,20,4,3,1,0.75,0.5,0.5,0.0,0.0,0.0
2026-01-23 06:26:47,clusterB,20,4,2,2,0.50,0.5,0.5,0.0,0.0,0.0
2026-01-23 06:26:52,clusterA,20,4,3,1,0.75,0.5,0.5,0.0,0.0,0.0
2026-01-23 06:26:52,clusterB,20,4,2,2,0.50,0.5,0.5,0.0,0.0,0.0
2026-01-23 06:26:57,clusterA,20,4,3,1,0.75,0.5,0.5,0.0,0.0,0.0
2026-01-23 06:26:57,clusterB,20,4,2,2,0.50,0.5,0.5,0.0,0.0,0.0
2026-01-23 06:27:02,clusterA,20,4,3,1,0.75,0.5,0.5,0.0,0.0,0.0
2026-01-23 06:27:02,clusterB,20,4,2,2,0.50,0.5,0.5,0.0,0.0,0.0
2026-01-23 06:27:07,clusterA,20,4,3,1,0.75,0.5,0.5,0.0,0.0,0.0
2026-01-23 06:27:07,clusterB,20,4,2,2,0.50,0.5,0.5,0.0,0.0,0.0
2026-01-23 06:27:12,clusterA,20,4,3,1,0.75,0.5,0.5,0.0,0.0,0.0
2026-01-23 06:27:12,clusterB,20,4,2,2,0.50,0.5,0.5,0.0,0.0,0.0
2026-01-23 06:27:17,clusterA,20,4,3,1,0.75,0.5,0.5,0.0,0.0,0.0
2026-01-23 06:27:17,clusterB,20,4,2,2,0.50,0.5,0.5,0.0,0.0,0.0
2026-01-23 06:27:22,clusterA,20,4,3,1,0.75,0.5,0.5,0.0,0.0,0.0
2026-01-23 06:27:22,clusterB,20,4,2,2,0.50,0.5,0.5,0.0,0.0,0.0
2026-01-23 06:27:27,clusterA,20,4,3,1,0.75,0.5,0.5,0.0,0.0,0.0
2026-01-23 06:27:27,clusterB,20,4,2,2,0.50,0.5,0.5,0.0,0.0,0.0
2026-01-23 06:27:32,clusterA,20,4,3,1,0.75,0.5,0.5,0.0,0.0,0.0
2026-01-23 06:27:32,clusterB,20,4,2,2,0.50,0.5,0.5,0.0,0.0,0.0
2026-01-23 06:27:37,clusterA,20,4,3,1,0.75,0.5,0.5,0.0,0.0,0.0
2026-01-23 06:27:37,clusterB,20,4,2,2,0.50,0.5,0.5,0.0,0.0,0.0
2026-01-23 06:27:42,clusterA,20,4,3,1,0.75,0.5,0.5,0.0,0.0,0.0
2026-01-23 06:27:42,clusterB,20,4,2,2,0.50,0.5,0.5,0.0,0.0,0.0
2026-01-23 06:27:47,clusterA,20,4,3,1,0.75,0.5,0.5,0.0,0.0,0.0
2026-01-23 06:27:47,clusterB,20,4,2,2,0.50,0.5,0.5,0.0,0.0,0.0
2026-01-23 06:27:52,clusterA,20,4,3,1,0.75,0.5,0.5,0.0,0.0,0.0
2026-01-23 06:27:52,clusterB,20,4,2,2,0.50,0.5,0.5,0.0,0.0,0.0
2026-01-23 06:27:57,clusterA,20,4,3,1,0.75,0.5,0.5,0.0,0.0,0.0
2026-01-23 06:27:57,clusterB,20,4,2,2,0.50,0.5,0.5,0.0,0.0,0.0
2026-01-23 06:28:02,clusterA,20,4,3,1,0.75,0.5,0.5,0.0,0.0,0.0
2026-01-23 06:28:02,clusterB,20,4,2,2,0.50,0.5,0.5,0.0,0.0,0.0
2026-01-23 06:28:07,clusterA,20,4,3,1,0.75,0.5,0.5,0.0,0.0,0.0
2026-01-23 06:28:07,clusterB,20,4,2,2,0.50,0.5,0.5,0.0,0.0,0.0
2026-01-23 06:28:12,clusterA,20,4,3,1,0.75,0.5,0.5,0.0,0.0,0.0
2026-01-23 06:28:12,clusterB,20,4,2,2,0.50,0.5,0.5,0.0,0.0,0.0
2026-01-23 06:28:17,clusterA,20,4,3,1,0.75,0.5,0.5,0.0,0.0,0.0
2026-01-23 06:28:17,clusterB,20,4,2,2,0.50,0.5,0.5,0.0,0.0,0.0
2026-01-23 06:28:22,clusterA,20,4,3,1,0.75,0.5,0.5,0.0,0.0,0.0
2026-01-23 06:28:22,clusterB,20,4,2,2,0.50,0.5,0.5,0.0,0.0,0.0
2026-01-23 06:28:27,clusterA,20,4,3,1,0.75,0.5,0.5,0.0,0.0,0.0
2026-01-23 06:28:27,clusterB,20,4,2,2,0.50,0.5,0.5,0.0,0.0,0.0
2026-01-23 06:28:32,clusterA,20,4,3,1,0.75,0.5,0.5,0.0,0.0,0.0
2026-01-23 06:28:32,clusterB,20,4,2,2,0.50,0.5,0.5,0.0,0.0,0.0
2026-01-23 06:28:37,clusterA,20,4,3,1,0.75,0.5,0.5,0.0,0.0,0.0
2026-01-23 06:28:37,clusterB,20,4,2,2,0.50,0.5,0.5,0.0,0.0,0.0
2026-01-23 06:28:42,clusterA,20,4,3,1,0.75,0.5,0.5,0.0,0.0,0.0
2026-01-23 06:28:42,clusterB,20,4,2,2,0.50,0.5,0.5,0.0,0.0,0.0
2026-01-23 06:28:47,clusterA,20,4,3,1,0.75,0.5,0.5,0.0,0.0,0.0
2026-01-23 06:28:47,clusterB,20,4,2,2,0.50,0.5,0.5,0.0,0.0,0.0
2026-01-23 06:28:52,clusterA,20,4,3,1,0.75,0.5,0.5,0.0,0.0,0.0
2026-01-23 06:28:52,clusterB,20,4,2,2,0.50,0.5,0.5,0.0,0.0,0.0
2026-01-23 06:28:57,clusterA,20,4,3,1,0.75,0.5,0.5,0.0,0.0,0.0
2026-01-23 06:28:57,clusterB,20,4,2,2,0.50,0.5,0.5,0.0,0.0,0.0
2026-01-23 06:29:02,clusterA,20,4,3,1,0.75,0.5,0.5,0.0,0.0,0.0
2026-01-23 06:29:02,clusterB,20,4,2,2,0.50,0.5,0.5,0.0,0.0,0.0
2026-01-23 06:29:07,clusterA,20,4,3,1,0.75,0.5,0.5,0.0,0.0,0.0
2026-01-23 06:29:07,clusterB,20,4,2,2,0.50,0.5,0.5,0.0,0.0,0.0
2026-01-23 06:29:13,clusterA,20,4,3,1,0.75,0.5,0.5,0.0,0.0,0.0
2026-01-23 06:29:13,clusterB,20,4,2,2,0.50,0.5,0.5,0.0,0.0,0.0
2026-01-23 06:29:18,clusterA,20,4,3,1,0.75,0.5,0.5,0.0,0.0,0.0
2026-01-23 06:29:18,clusterB,20,4,2,2,0.50,0.5,0.5,0.0,0.0,0.0
2026-01-23 06:29:23,clusterA,20,4,3,1,0.75,0.5,0.5,0.0,0.0,0.0
2026-01-23 06:29:23,clusterB,20,4,2,2,0.50,0.5,0.5,0.0,0.0,0.0
2026-01-23 06:29:28,clusterA,20,4,3,1,0.75,0.5,0.5,0.0,0.0,0.0
2026-01-23 06:29:28,clusterB,20,4,2,2,0.50,0.5,0.5,0.0,0.0,0.0
2026-01-23 06:29:33,clusterA,20,4,3,1,0.75,0.5,0.5,0.0,0.0,0.0
2026-01-23 06:29:33,clusterB,20,4,2,2,0.50,0.5,0.5,0.0,0.0,0.0
2026-01-23 06:29:38,clusterA,20,4,3,1,0.75,0.5,0.5,0.0,0.0,0.0
2026-01-23 06:29:38,clusterB,20,4,2,2,0.50,0.5,0.5,0.0,0.0,0.0
2026-01-23 06:29:43,clusterA,20,4,3,1,0.75,0.5,0.5,0.0,0.0,0.0
2026-01-23 06:29:43,clusterB,20,4,2,2,0.50,0.5,0.5,0.0,0.0,0.0
2026-01-23 06:29:48,clusterA,20,4,3,1,0.75,0.5,0.5,0.0,0.0,0.0
2026-01-23 06:29:48,clusterB,20,4,2,2,0.50,0.5,0.5,0.0,0.0,0.0
2026-01-23 06:29:53,clusterA,20,4,3,1,0.75,0.5,0.5,0.0,0.0,0.0
2026-01-23 06:29:53,clusterB,20,4,2,2,0.50,0.5,0.5,0.0,0.0,0.0
2026-01-23 06:29:58,clusterA,20,4,3,1,0.75,0.5,0.5,0.0,0.0,0.0
2026-01-23 06:29:58,clusterB,20,4,2,2,0.50,0.5,0.5,0.0,0.0,0.0
2026-01-23 06:30:03,clusterA,20,4,3,1,0.75,0.5,0.5,0.0,0.0,0.0
2026-01-23 06:30:03,clusterB,20,4,2,2,0.50,0.5,0.5,0.0,0.0,0.0
2026-01-23 06:30:08,clusterA,20,4,3,1,0.75,0.5,0.5,0.0,0.0,0.0
2026-01-23 06:30:08,clusterB,20,4,2,2,0.50,0.5,0.5,0.0,0.0,0.0
2026-01-23 06:30:13,clusterA,20,4,3,1,0.75,0.5,0.5,0.0,0.0,0.0
2026-01-23 06:30:13,clusterB,20,4,2,2,0.50,0.5,0.5,0.0,0.0,0.0
2026-01-23 06:30:18,clusterA,20,4,3,1,0.75,0.5,0.5,0.0,0.0,0.0
2026-01-23 06:30:18,clusterB,20,4,2,2,0.50,0.5,0.5,0.0,0.0,0.0
2026-01-23 06:30:23,clusterA,20,4,3,1,0.75,0.5,0.5,0.0,0.0,0.0
2026-01-23 06:30:23,clusterB,20,4,2,2,0.50,0.5,0.5,0.0,0.0,0.0
2026-01-23 06:30:28,clusterA,20,4,3,1,0.75,0.5,0.5,0.0,0.0,0.0
2026-01-23 06:30:28,clusterB,20,4,2,2,0.50,0.5,0.5,0.0,0.0,0.0
2026-01-23 06:30:33,clusterA,20,4,3,1,0.75,0.5,0.5,0.0,0.0,0.0
2026-01-23 06:30:33,clusterB,20,4,2,2,0.50,0.5,0.5,0.0,0.0,0.0
2026-01-23 06:30:38,clusterA,20,4,3,1,0.75,0.5,0.5,0.0,0.0,0.0
2026-01-23 06:30:38,clusterB,20,4,2,2,0.50,0.5,0.5,0.0,0.0,0.0
2026-01-23 06:30:43,clusterA,20,4,3,1,0.75,0.5,0.5,0.0,0.0,0.0
2026-01-23 06:30:43,clusterB,20,4,2,2,0.50,0.5,0.5,0.0,0.0,0.0
2026-01-23 06:30:48,clusterA,20,4,3,1,0.75,0.5,0.5,0.0,0.0,0.0
2026-01-23 06:30:48,clusterB,20,4,2,2,0.50,0.5,0.5,0.0,0.0,0.0
2026-01-23 06:30:53,clusterA,20,4,3,1,0.75,0.5,0.5,0.0,0.0,0.0
2026-01-23 06:30:53,clusterB,20,4,2,2,0.50,0.5,0.5,0.0,0.0,0.0
2026-01-23 06:30:58,clusterA,20,4,3,1,0.75,0.5,0.5,0.0,0.0,0.0
2026-01-23 06:30:58,clusterB,20,4,2,2,0.50,0.5,0.5,0.0,0.0,0.0
2026-01-23 06:31:03,clusterA,20,4,3,1,0.75,0.5,0.5,0.0,0.0,0.0
2026-01-23 06:31:03,clusterB,20,4,2,2,0.50,0.5,0.5,0.0,0.0,0.0
2026-01-23 06:31:08,clusterA,20,4,3,1,0.75,0.5,0.5,0.0,0.0,0.0
2026-01-23 06:31:08,clusterB,20,4,2,2,0.50,0.5,0.5,0.0,0.0,0.0
2026-01-23 06:31:13,clusterA,20,4,3,1,0.75,0.5,0.5,0.0,0.0,0.0
2026-01-23 06:31:13,clusterB,20,4,2,2,0.50,0.5,0.5,0.0,0.0,0.0
2026-01-23 06:31:18,clusterA,20,4,3,1,0.75,0.5,0.5,0.0,0.0,0.0
2026-01-23 06:31:18,clusterB,20,4,2,2,0.50,0.5,0.5,0.0,0.0,0.0
2026-01-23 06:31:23,clusterA,20,4,3,1,0.75,0.5,0.5,0.0,0.0,0.0
2026-01-23 06:31:23,clusterB,20,4,2,2,0.50,0.5,0.5,0.0,0.0,0.0
2026-01-23 06:31:28,clusterA,20,4,3,1,0.75,0.5,0.5,0.0,0.0,0.0
2026-01-23 06:31:28,clusterB,20,4,2,2,0.50,0.5,0.5,0.0,0.0,0.0
2026-01-23 06:31:33,clusterA,20,4,3,1,0.75,0.5,0.5,0.0,0.0,0.0
2026-01-23 06:31:33,clusterB,20,4,2,2,0.50,0.5,0.5,0.0,0.0,0.0
2026-01-23 06:31:38,clusterA,20,4,3,1,0.75,0.5,0.5,0.0,0.0,0.0
2026-01-23 06:31:38,clusterB,20,4,2,2,0.50,0.5,0.5,0.0,0.0,0.0
2026-01-23 06:31:43,clusterA,20,4,3,1,0.75,0.5,0.5,0.0,0.0,0.0
2026-01-23 06:31:43,clusterB,20,4,2,2,0.50,0.5,0.5,0.0,0.0,0.0
2026-01-23 06:31:48,clusterA,20,4,3,1,0.75,0.5,0.5,0.0,0.0,0.0
2026-01-23 06:31:48,clusterB,20,4,2,2,0.50,0.5,0.5,0.0,0.0,0.0
2026-01-23 06:31:53,clusterA,20,4,3,1,0.75,0.5,0.5,0.0,0.0,0.0
2026-01-23 06:31:53,clusterB,20,4,2,2,0.50,0.5,0.5,0.0,0.0,0.0
2026-01-23 06:31:58,clusterA,20,4,3,1,0.75,0.5,0.5,0.0,0.0,0.0
2026-01-23 06:31:58,clusterB,20,4,2,2,0.50,0.5,0.5,0.0,0.0,0.0
2026-01-23 06:32:03,clusterA,20,4,3,1,0.75,0.5,0.5,0.0,0.0,0.0
2026-01-23 06:32:03,clusterB,20,4,2,2,0.50,0.5,0.5,0.0,0.0,0.0
2026-01-23 06:32:08,clusterA,20,4,3,1,0.75,0.5,0.5,0.0,0.0,0.0
2026-01-23 06:32:08,clusterB,20,4,2,2,0.50,0.5,0.5,0.0,0.0,0.0
2026-01-23 06:32:13,clusterA,20,4,3,1,0.75,0.5,0.5,0.0,0.0,0.0
2026-01-23 06:32:13,clusterB,20,4,2,2,0.50,0.5,0.5,0.0,0.0,0.0
2026-01-23 06:32:18,clusterA,20,4,3,1,0.75,0.5,0.5,0.0,0.0,0.0
2026-01-23 06:32:18,clusterB,20,4,2,2,0.50,0.5,0.5,0.0,0.0,0.0
2026-01-23 06:32:23,clusterA,20,4,3,1,0.75,0.5,0.5,0.0,0.0,0.0
2026-01-23 06:32:23,clusterB,20,4,2,2,0.50,0.5,0.5,0.0,0.0,0.0
2026-01-23 06:32:28,clusterA,20,4,3,1,0.75,0.5,0.5,0.0,0.0,0.0
2026-01-23 06:32:28,clusterB,20,4,2,2,0.50,0.5,0.5,0.0,0.0,0.0
2026-01-23 06:32:33,clusterA,20,4,3,1,0.75,0.5,0.5,0.0,0.0,0.0
2026-01-23 06:32:33,clusterB,20,4,2,2,0.50,0.5,0.5,0.0,0.0,0.0
2026-01-23 06:32:38,clusterA,20,4,3,1,0.75,0.5,0.5,0.0,0.0,0.0
2026-01-23 06:32:38,clusterB,20,4,2,2,0.50,0.5,0.5,0.0,0.0,0.0
2026-01-23 06:32:43,clusterA,21,4,3,1,0.75,0.5,0.5,0.0,0.0,0.0
2026-01-23 06:32:43,clusterB,21,4,2,2,0.50,0.5,0.5,0.0,0.0,0.0
2026-01-23 06:32:48,clusterA,21,4,3,1,0.75,0.5,0.5,0.0,0.0,0.0
2026-01-23 06:32:48,clusterB,21,4,2,2,0.50,0.5,0.5,0.0,0.0,0.0
2026-01-23 06:32:53,clusterA,21,4,3,1,0.75,0.5,0.5,0.0,0.0,0.0
2026-01-23 06:32:53,clusterB,21,4,2,2,0.50,0.5,0.5,0.0,0.0,0.0
2026-01-23 06:32:58,clusterA,21,4,3,1,0.75,0.5,0.5,0.0,0.0,0.0
2026-01-23 06:32:58,clusterB,21,4,2,2,0.50,0.5,0.5,0.0,0.0,0.0
2026-01-23 06:33:03,clusterA,21,4,3,1,0.75,0.5,0.5,0.0,0.0,0.0
2026-01-23 06:33:03,clusterB,21,4,2,2,0.50,0.5,0.5,0.0,0.0,0.0
2026-01-23 06:33:08,clusterA,21,4,3,1,0.75,0.5,0.5,0.0,0.0,0.0
2026-01-23 06:33:08,clusterB,21,4,2,2,0.50,0.5,0.5,0.0,0.0,0.0
2026-01-23 06:33:13,clusterA,21,4,3,1,0.75,0.5,0.5,0.0,0.0,0.0
2026-01-23 06:33:13,clusterB,21,4,2,2,0.50,0.5,0.5,0.0,0.0,0.0
2026-01-23 06:33:18,clusterA,21,4,3,1,0.75,0.5,0.5,0.0,0.0,0.0
2026-01-23 06:33:18,clusterB,21,4,2,2,0.50,0.5,0.5,0.0,0.0,0.0
2026-01-23 06:33:23,clusterA,21,4,3,1,0.75,0.5,0.5,0.0,0.0,0.0
2026-01-23 06:33:23,clusterB,21,4,2,2,0.50,0.5,0.5,0.0,0.0,0.0
2026-01-23 06:33:28,clusterA,21,4,3,1,0.75,0.5,0.5,0.0,0.0,0.0
2026-01-23 06:33:28,clusterB,21,4,2,2,0.50,0.5,0.5,0.0,0.0,0.0
2026-01-23 06:33:33,clusterA,21,4,3,1,0.75,0.5,0.5,0.0,0.0,0.0
2026-01-23 06:33:33,clusterB,21,4,2,2,0.50,0.5,0.5,0.0,0.0,0.0
2026-01-23 06:33:38,clusterA,21,4,3,1,0.75,0.5,0.5,0.0,0.0,0.0
2026-01-23 06:33:38,clusterB,21,4,2,2,0.50,0.5,0.5,0.0,0.0,0.0
2026-01-23 06:33:43,clusterA,21,4,3,1,0.75,0.5,0.5,0.0,0.0,0.0
2026-01-23 06:33:43,clusterB,21,4,2,2,0.50,0.5,0.5,0.0,0.0,0.0
2026-01-23 06:33:48,clusterA,21,4,3,1,0.75,0.5,0.5,0.0,0.0,0.0
2026-01-23 06:33:48,clusterB,21,4,2,2,0.50,0.5,0.5,0.0,0.0,0.0
2026-01-23 06:33:53,clusterA,21,4,3,1,0.75,0.5,0.5,0.0,0.0,0.0
2026-01-23 06:33:53,clusterB,21,4,2,2,0.50,0.5,0.5,0.0,0.0,0.0
2026-01-23 06:33:58,clusterA,21,4,3,1,0.75,0.5,0.5,0.0,0.0,0.0
2026-01-23 06:33:58,clusterB,21,4,2,2,0.50,0.5,0.5,0.0,0.0,0.0
2026-01-23 06:34:03,clusterA,21,4,3,1,0.75,0.5,0.5,0.0,0.0,0.0
2026-01-23 06:34:03,clusterB,21,4,2,2,0.50,0.5,0.5,0.0,0.0,0.0
2026-01-23 06:34:08,clusterA,21,4,3,1,0.75,0.5,0.5,0.0,0.0,0.0
2026-01-23 06:34:08,clusterB,21,4,2,2,0.50,0.5,0.5,0.0,0.0,0.0
2026-01-23 06:34:13,clusterA,21,4,3,1,0.75,0.5,0.5,0.0,0.0,0.0
2026-01-23 06:34:13,clusterB,21,4,2,2,0.50,0.5,0.5,0.0,0.0,0.0
2026-01-23 06:34:18,clusterA,21,4,3,1,0.75,0.5,0.5,0.0,0.0,0.0
2026-01-23 06:34:18,clusterB,21,4,2,2,0.50,0.5,0.5,0.0,0.0,0.0
2026-01-23 06:34:23,clusterA,21,4,3,1,0.75,0.5,0.5,0.0,0.0,0.0
2026-01-23 06:34:23,clusterB,21,4,2,2,0.50,0.5,0.5,0.0,0.0,0.0
2026-01-23 06:34:28,clusterA,21,4,3,1,0.75,0.5,0.5,0.0,0.0,0.0
2026-01-23 06:34:28,clusterB,21,4,2,2,0.50,0.5,0.5,0.0,0.0,0.0
2026-01-23 06:34:33,clusterA,21,4,3,1,0.75,0.5,0.5,0.0,0.0,0.0
2026-01-23 06:34:33,clusterB,21,4,2,2,0.50,0.5,0.5,0.0,0.0,0.0
2026-01-23 06:34:38,clusterA,21,4,3,1,0.75,0.5,0.5,0.0,0.0,0.0
2026-01-23 06:34:38,clusterB,21,4,2,2,0.50,0.5,0.5,0.0,0.0,0.0
2026-01-23 06:34:43,clusterA,21,4,3,1,0.75,0.5,0.5,0.0,0.0,0.0
2026-01-23 06:34:43,clusterB,21,4,2,2,0.50,0.5,0.5,0.0,0.0,0.0
2026-01-23 06:34:48,clusterA,21,4,3,1,0.75,0.5,0.5,0.0,0.0,0.0
2026-01-23 06:34:48,clusterB,21,4,2,2,0.50,0.5,0.5,0.0,0.0,0.0
2026-01-23 06:34:53,clusterA,21,4,3,1,0.75,0.5,0.5,0.0,0.0,0.0
2026-01-23 06:34:53,clusterB,21,4,2,2,0.50,0.5,0.5,0.0,0.0,0.0
2026-01-23 06:34:58,clusterA,21,4,3,1,0.75,0.5,0.5,0.0,0.0,0.0
2026-01-23 06:34:58,clusterB,21,4,2,2,0.50,0.5,0.5,0.0,0.0,0.0
2026-01-23 06:35:03,clusterA,21,4,3,1,0.75,0.5,0.5,0.0,0.0,0.0
2026-01-23 06:35:03,clusterB,21,4,2,2,0.50,0.5,0.5,0.0,0.0,0.0
2026-01-23 06:35:08,clusterA,21,4,3,1,0.75,0.5,0.5,0.0,0.0,0.0
2026-01-23 06:35:08,clusterB,21,4,2,2,0.50,0.5,0.5,0.0,0.0,0.0
2026-01-23 06:35:13,clusterA,21,4,3,1,0.75,0.5,0.5,0.0,0.0,0.0
2026-01-23 06:35:13,clusterB,21,4,2,2,0.50,0.5,0.5,0.0,0.0,0.0
2026-01-23 06:35:18,clusterA,21,4,3,1,0.75,0.5,0.5,0.0,0.0,0.0
2026-01-23 06:35:18,clusterB,21,4,2,2,0.50,0.5,0.5,0.0,0.0,0.0
2026-01-23 06:35:23,clusterA,21,4,3,1,0.75,0.5,0.5,0.0,0.0,0.0
2026-01-23 06:35:23,clusterB,21,4,2,2,0.50,0.5,0.5,0.0,0.0,0.0
2026-01-23 06:35:28,clusterA,21,4,3,1,0.75,0.5,0.5,0.0,0.0,0.0
2026-01-23 06:35:28,clusterB,21,4,2,2,0.50,0.5,0.5,0.0,0.0,0.0
2026-01-23 06:35:33,clusterA,21,4,3,1,0.75,0.5,0.5,0.0,0.0,0.0
2026-01-23 06:35:33,clusterB,21,4,2,2,0.50,0.5,0.5,0.0,0.0,0.0
2026-01-23 06:35:38,clusterA,21,4,3,1,0.75,0.5,0.5,0.0,0.0,0.0
2026-01-23 06:35:38,clusterB,21,4,2,2,0.50,0.5,0.5,0.0,0.0,0.0
2026-01-23 06:35:43,clusterA,21,4,3,1,0.75,0.5,0.5,0.0,0.0,0.0
2026-01-23 06:35:43,clusterB,21,4,2,2,0.50,0.5,0.5,0.0,0.0,0.0
2026-01-23 06:35:48,clusterA,21,4,3,1,0.75,0.5,0.5,0.0,0.0,0.0
2026-01-23 06:35:48,clusterB,21,4,2,2,0.50,0.5,0.5,0.0,0.0,0.0
2026-01-23 06:35:53,clusterA,21,4,3,1,0.75,0.5,0.5,0.0,0.0,0.0
2026-01-23 06:35:53,clusterB,21,4,2,2,0.50,0.5,0.5,0.0,0.0,0.0
2026-01-23 06:35:58,clusterA,21,4,3,1,0.75,0.5,0.5,0.0,0.0,0.0
2026-01-23 06:35:58,clusterB,21,4,2,2,0.50,0.5,0.5,0.0,0.0,0.0
2026-01-23 06:36:03,clusterA,21,4,3,1,0.75,0.5,0.5,0.0,0.0,0.0
2026-01-23 06:36:03,clusterB,21,4,2,2,0.50,0.5,0.5,0.0,0.0,0.0
2026-01-23 06:36:08,clusterA,21,4,3,1,0.75,0.5,0.5,0.0,0.0,0.0
2026-01-23 06:36:08,clusterB,21,4,2,2,0.50,0.5,0.5,0.0,0.0,0.0
2026-01-23 06:36:14,clusterA,21,4,3,1,0.75,0.5,0.5,0.0,0.0,0.0
2026-01-23 06:36:14,clusterB,21,4,2,2,0.50,0.5,0.5,0.0,0.0,0.0
2026-01-23 06:36:19,clusterA,21,4,3,1,0.75,0.5,0.5,0.0,0.0,0.0
2026-01-23 06:36:19,clusterB,21,4,2,2,0.50,0.5,0.5,0.0,0.0,0.0
2026-01-23 06:36:24,clusterA,21,4,3,1,0.75,0.5,0.5,0.0,0.0,0.0
2026-01-23 06:36:24,clusterB,21,4,2,2,0.50,0.5,0.5,0.0,0.0,0.0
2026-01-23 06:36:29,clusterA,21,4,3,1,0.75,0.5,0.5,0.0,0.0,0.0
2026-01-23 06:36:29,clusterB,21,4,2,2,0.50,0.5,0.5,0.0,0.0,0.0
2026-01-23 06:36:34,clusterA,21,4,3,1,0.75,0.5,0.5,0.0,0.0,0.0
2026-01-23 06:36:34,clusterB,21,4,2,2,0.50,0.5,0.5,0.0,0.0,0.0
2026-01-23 06:36:39,clusterA,21,4,3,1,0.75,0.5,0.5,0.0,0.0,0.0
2026-01-23 06:36:39,clusterB,21,4,2,2,0.50,0.5,0.5,0.0,0.0,0.0
2026-01-23 06:36:44,clusterA,21,4,3,1,0.75,0.5,0.5,0.0,0.0,0.0
2026-01-23 06:36:44,clusterB,21,4,2,2,0.50,0.5,0.5,0.0,0.0,0.0
2026-01-23 06:36:49,clusterA,21,4,3,1,0.75,0.5,0.5,0.0,0.0,0.0
2026-01-23 06:36:49,clusterB,21,4,2,2,0.50,0.5,0.5,0.0,0.0,0.0
2026-01-23 06:36:54,clusterA,22,4,3,1,0.75,0.5,0.5,0.0,0.0,0.0
2026-01-23 06:36:54,clusterB,22,4,2,2,0.50,0.5,0.5,0.0,0.0,0.0
2026-01-23 06:36:59,clusterA,22,4,3,1,0.75,0.5,0.5,0.0,0.0,0.0
2026-01-23 06:36:59,clusterB,22,4,2,2,0.50,0.5,0.5,0.0,0.0,0.0
2026-01-23 06:37:04,clusterA,22,4,3,1,0.75,0.5,0.5,0.0,0.0,0.0
2026-01-23 06:37:04,clusterB,22,4,2,2,0.50,0.5,0.5,0.0,0.0,0.0
2026-01-23 06:37:09,clusterA,22,4,3,1,0.75,0.5,0.5,0.0,0.0,0.0
2026-01-23 06:37:09,clusterB,22,4,2,2,0.50,0.5,0.5,0.0,0.0,0.0
2026-01-23 06:37:14,clusterA,22,4,3,1,0.75,0.5,0.5,0.0,0.0,0.0
2026-01-23 06:37:14,clusterB,22,4,2,2,0.50,0.5,0.5,0.0,0.0,0.0
2026-01-23 06:37:19,clusterA,22,4,3,1,0.75,0.5,0.5,0.0,0.0,0.0
2026-01-23 06:37:19,clusterB,22,4,2,2,0.50,0.5,0.5,0.0,0.0,0.0
2026-01-23 06:37:24,clusterA,22,4,3,1,0.75,0.5,0.5,0.0,0.0,0.0
2026-01-23 06:37:24,clusterB,22,4,2,2,0.50,0.5,0.5,0.0,0.0,0.0
2026-01-23 06:37:29,clusterA,22,4,3,1,0.75,0.5,0.5,0.0,0.0,0.0
2026-01-23 06:37:29,clusterB,22,4,2,2,0.50,0.5,0.5,0.0,0.0,0.0
2026-01-23 06:37:34,clusterA,22,4,3,1,0.75,0.5,0.5,0.0,0.0,0.0
2026-01-23 06:37:34,clusterB,22,4,2,2,0.50,0.5,0.5,0.0,0.0,0.0
2026-01-23 06:37:39,clusterA,22,4,3,1,0.75,0.5,0.5,0.0,0.0,0.0
2026-01-23 06:37:39,clusterB,22,4,2,2,0.50,0.5,0.5,0.0,0.0,0.0
2026-01-23 06:37:44,clusterA,22,4,3,1,0.75,0.5,0.5,0.0,0.0,0.0
2026-01-23 06:37:44,clusterB,22,4,2,2,0.50,0.5,0.5,0.0,0.0,0.0
2026-01-23 06:37:49,clusterA,22,4,3,1,0.75,0.5,0.5,0.0,0.0,0.0
2026-01-23 06:37:49,clusterB,22,4,2,2,0.50,0.5,0.5,0.0,0.0,0.0
2026-01-23 06:37:54,clusterA,22,4,3,1,0.75,0.5,0.5,0.0,0.0,0.0
2026-01-23 06:37:54,clusterB,22,4,2,2,0.50,0.5,0.5,0.0,0.0,0.0
2026-01-23 06:37:59,clusterA,22,4,3,1,0.75,0.5,0.5,0.0,0.0,0.0
2026-01-23 06:37:59,clusterB,22,4,2,2,0.50,0.5,0.5,0.0,0.0,0.0
2026-01-23 06:38:04,clusterA,22,4,3,1,0.75,0.5,0.5,0.0,0.0,0.0
2026-01-23 06:38:04,clusterB,22,4,2,2,0.50,0.5,0.5,0.0,0.0,0.0
2026-01-23 06:38:09,clusterA,22,4,3,1,0.75,0.5,0.5,0.0,0.0,0.0
2026-01-23 06:38:09,clusterB,22,4,2,2,0.50,0.5,0.5,0.0,0.0,0.0
2026-01-23 06:38:14,clusterA,22,4,3,1,0.75,0.5,0.5,0.0,0.0,0.0
2026-01-23 06:38:14,clusterB,22,4,2,2,0.50,0.5,0.5,0.0,0.0,0.0
2026-01-23 06:38:19,clusterA,22,4,3,1,0.75,0.5,0.5,0.0,0.0,0.0
2026-01-23 06:38:19,clusterB,22,4,2,2,0.50,0.5,0.5,0.0,0.0,0.0
2026-01-23 06:38:24,clusterA,22,4,3,1,0.75,0.5,0.5,0.0,0.0,0.0
2026-01-23 06:38:24,clusterB,22,4,2,2,0.50,0.5,0.5,0.0,0.0,0.0
2026-01-23 06:38:29,clusterA,22,4,3,1,0.75,0.5,0.5,0.0,0.0,0.0
2026-01-23 06:38:29,clusterB,22,4,2,2,0.50,0.5,0.5,0.0,0.0,0.0
2026-01-23 06:38:34,clusterA,22,4,3,1,0.75,0.5,0.5,0.0,0.0,0.0
2026-01-23 06:38:34,clusterB,22,4,2,2,0.50,0.5,0.5,0.0,0.0,0.0
2026-01-23 06:38:39,clusterA,22,4,3,1,0.75,0.5,0.5,0.0,0.0,0.0
2026-01-23 06:38:39,clusterB,22,4,2,2,0.50,0.5,0.5,0.0,0.0,0.0
2026-01-23 06:38:44,clusterA,22,4,3,1,0.75,0.5,0.5,0.0,0.0,0.0
2026-01-23 06:38:44,clusterB,22,4,2,2,0.50,0.5,0.5,0.0,0.0,0.0
2026-01-23 06:38:49,clusterA,22,4,3,1,0.75,0.5,0.5,0.0,0.0,0.0
2026-01-23 06:38:49,clusterB,22,4,2,2,0.50,0.5,0.5,0.0,0.0,0.0
2026-01-23 06:38:54,clusterA,22,4,3,1,0.75,0.5,0.5,0.0,0.0,0.0
2026-01-23 06:38:54,clusterB,22,4,2,2,0.50,0.5,0.5,0.0,0.0,0.0
2026-01-23 06:38:59,clusterA,22,4,3,1,0.75,0.5,0.5,0.0,0.0,0.0
2026-01-23 06:38:59,clusterB,22,4,2,2,0.50,0.5,0.5,0.0,0.0,0.0
2026-01-23 06:39:04,clusterA,22,4,3,1,0.75,0.5,0.5,0.0,0.0,0.0
2026-01-23 06:39:04,clusterB,22,4,2,2,0.50,0.5,0.5,0.0,0.0,0.0
2026-01-23 06:39:09,clusterA,22,4,3,1,0.75,0.5,0.5,0.0,0.0,0.0
2026-01-23 06:39:09,clusterB,22,4,2,2,0.50,0.5,0.5,0.0,0.0,0.0
2026-01-23 06:39:14,clusterA,22,4,3,1,0.75,0.5,0.5,0.0,0.0,0.0
2026-01-23 06:39:14,clusterB,22,4,2,2,0.50,0.5,0.5,0.0,0.0,0.0
2026-01-23 06:39:19,clusterA,22,4,3,1,0.75,0.5,0.5,0.0,0.0,0.0
2026-01-23 06:39:19,clusterB,22,4,2,2,0.50,0.5,0.5,0.0,0.0,0.0
2026-01-23 06:39:24,clusterA,22,4,3,1,0.75,0.5,0.5,0.0,0.0,0.0
2026-01-23 06:39:24,clusterB,22,4,2,2,0.50,0.5,0.5,0.0,0.0,0.0
2026-01-23 06:39:29,clusterA,22,4,3,1,0.75,0.5,0.5,0.0,0.0,0.0
2026-01-23 06:39:29,clusterB,22,4,2,2,0.50,0.5,0.5,0.0,0.0,0.0
2026-01-23 06:39:34,clusterA,22,4,3,1,0.75,0.5,0.5,0.0,0.0,0.0
2026-01-23 06:39:34,clusterB,22,4,2,2,0.50,0.5,0.5,0.0,0.0,0.0
2026-01-23 06:39:39,clusterA,22,4,3,1,0.75,0.5,0.5,0.0,0.0,0.0
2026-01-23 06:39:39,clusterB,22,4,2,2,0.50,0.5,0.5,0.0,0.0,0.0
2026-01-23 06:39:44,clusterA,22,4,3,1,0.75,0.5,0.5,0.0,0.0,0.0
2026-01-23 06:39:44,clusterB,22,4,2,2,0.50,0.5,0.5,0.0,0.0,0.0
2026-01-23 06:39:49,clusterA,22,4,3,1,0.75,0.5,0.5,0.0,0.0,0.0
2026-01-23 06:39:49,clusterB,22,4,2,2,0.50,0.5,0.5,0.0,0.0,0.0
2026-01-23 06:39:54,clusterA,22,4,3,1,0.75,0.5,0.5,0.0,0.0,0.0
2026-01-23 06:39:54,clusterB,22,4,2,2,0.50,0.5,0.5,0.0,0.0,0.0
2026-01-23 06:39:59,clusterA,22,4,3,1,0.75,0.5,0.5,0.0,0.0,0.0
2026-01-23 06:39:59,clusterB,22,4,2,2,0.50,0.5,0.5,0.0,0.0,0.0
2026-01-23 06:40:04,clusterA,22,4,3,1,0.75,0.5,0.5,0.0,0.0,0.0
2026-01-23 06:40:04,clusterB,22,4,2,2,0.50,0.5,0.5,0.0,0.0,0.0
2026-01-23 06:40:09,clusterA,22,4,3,1,0.75,0.5,0.5,0.0,0.0,0.0
2026-01-23 06:40:09,clusterB,22,4,2,2,0.50,0.5,0.5,0.0,0.0,0.0
2026-01-23 06:40:14,clusterA,22,4,3,1,0.75,0.5,0.5,0.0,0.0,0.0
2026-01-23 06:40:14,clusterB,22,4,2,2,0.50,0.5,0.5,0.0,0.0,0.0
2026-01-23 06:40:19,clusterA,22,4,3,1,0.75,0.5,0.5,0.0,0.0,0.0
2026-01-23 06:40:19,clusterB,22,4,2,2,0.50,0.5,0.5,0.0,0.0,0.0
2026-01-23 06:40:24,clusterA,22,4,2,2,0.50,0.5,0.5,0.0,0.0,0.0
2026-01-23 06:40:24,clusterB,22,4,2,2,0.50,0.5,0.5,0.0,0.0,0.0
2026-01-23 06:40:29,clusterA,22,4,2,2,0.50,0.5,0.5,0.0,0.0,0.0
2026-01-23 06:40:29,clusterB,22,4,2,2,0.50,0.5,0.5,0.0,0.0,0.0
2026-01-23 06:40:34,clusterA,22,4,2,2,0.50,0.5,0.5,0.0,0.0,0.0
2026-01-23 06:40:34,clusterB,22,4,2,2,0.50,0.5,0.5,0.0,0.0,0.0
2026-01-23 06:40:39,clusterA,22,4,2,2,0.50,0.5,0.5,0.0,0.0,0.0
2026-01-23 06:40:39,clusterB,22,4,2,2,0.50,0.5,0.5,0.0,0.0,0.0
2026-01-23 06:40:44,clusterA,22,4,2,2,0.50,0.5,0.5,0.0,0.0,0.0
2026-01-23 06:40:44,clusterB,22,4,2,2,0.50,0.5,0.5,0.0,0.0,0.0
2026-01-23 06:40:49,clusterA,22,4,2,2,0.50,0.5,0.5,0.0,0.0,0.0
2026-01-23 06:40:49,clusterB,22,4,2,2,0.50,0.5,0.5,0.0,0.0,0.0
2026-01-23 06:40:54,clusterA,22,4,2,2,0.50,0.5,0.5,0.0,0.0,0.0
2026-01-23 06:40:54,clusterB,22,4,2,2,0.50,0.5,0.5,0.0,0.0,0.0
2026-01-23 06:40:59,clusterA,22,4,2,2,0.50,0.5,0.5,0.0,0.0,0.0
2026-01-23 06:40:59,clusterB,22,4,2,2,0.50,0.5,0.5,0.0,0.0,0.0
2026-01-23 06:41:04,clusterA,22,4,2,2,0.50,0.5,0.5,0.0,0.0,0.0
2026-01-23 06:41:04,clusterB,22,4,2,2,0.50,0.5,0.5,0.0,0.0,0.0
2026-01-23 06:41:09,clusterA,22,4,2,2,0.50,0.5,0.5,0.0,0.0,0.0
2026-01-23 06:41:09,clusterB,22,4,2,2,0.50,0.5,0.5,0.0,0.0,0.0
2026-01-23 06:41:14,clusterA,22,4,2,2,0.50,0.5,0.5,0.0,0.0,0.0
2026-01-23 06:41:14,clusterB,22,4,2,2,0.50,0.5,0.5,0.0,0.0,0.0
2026-01-23 06:41:19,clusterA,22,4,2,2,0.50,0.5,0.5,0.0,0.0,0.0
2026-01-23 06:41:19,clusterB,22,4,2,2,0.50,0.5,0.5,0.0,0.0,0.0
2026-01-23 06:41:24,clusterA,22,4,2,2,0.50,0.5,0.5,0.0,0.0,0.0
2026-01-23 06:41:24,clusterB,22,4,2,2,0.50,0.5,0.5,0.0,0.0,0.0
2026-01-23 06:41:29,clusterA,23,4,2,2,0.50,0.5,0.5,0.0,0.0,0.0
2026-01-23 06:41:29,clusterB,23,4,2,2,0.50,0.5,0.5,0.0,0.0,0.0
2026-01-23 06:41:34,clusterA,23,4,2,2,0.50,0.5,0.5,0.0,0.0,0.0
2026-01-23 06:41:34,clusterB,23,4,2,2,0.50,0.5,0.5,0.0,0.0,0.0
2026-01-23 06:41:39,clusterA,23,4,2,2,0.50,0.5,0.5,0.0,0.0,0.0
2026-01-23 06:41:39,clusterB,23,4,2,2,0.50,0.5,0.5,0.0,0.0,0.0
2026-01-23 06:41:44,clusterA,23,4,2,2,0.50,0.5,0.5,0.0,0.0,0.0
2026-01-23 06:41:44,clusterB,23,4,2,2,0.50,0.5,0.5,0.0,0.0,0.0
2026-01-23 06:41:49,clusterA,23,4,2,2,0.50,0.5,0.5,0.0,0.0,0.0
2026-01-23 06:41:49,clusterB,23,4,2,2,0.50,0.5,0.5,0.0,0.0,0.0
2026-01-23 06:41:54,clusterA,23,4,2,2,0.50,0.5,0.5,0.0,0.0,0.0
2026-01-23 06:41:54,clusterB,23,4,2,2,0.50,0.5,0.5,0.0,0.0,0.0
2026-01-23 06:41:59,clusterA,23,4,2,2,0.50,0.5,0.5,0.0,0.0,0.0
2026-01-23 06:41:59,clusterB,23,4,2,2,0.50,0.5,0.5,0.0,0.0,0.0
2026-01-23 06:42:04,clusterA,23,4,2,2,0.50,0.5,0.5,0.0,0.0,0.0
2026-01-23 06:42:04,clusterB,23,4,2,2,0.50,0.5,0.5,0.0,0.0,0.0
2026-01-23 06:42:09,clusterA,23,4,2,2,0.50,0.5,0.5,0.0,0.0,0.0
2026-01-23 06:42:09,clusterB,23,4,2,2,0.50,0.5,0.5,0.0,0.0,0.0
2026-01-23 06:42:14,clusterA,23,4,2,2,0.50,0.5,0.5,0.0,0.0,0.0
2026-01-23 06:42:14,clusterB,23,4,2,2,0.50,0.5,0.5,0.0,0.0,0.0
2026-01-23 06:42:19,clusterA,23,4,2,2,0.50,0.5,0.5,0.0,0.0,0.0
2026-01-23 06:42:19,clusterB,23,4,2,2,0.50,0.5,0.5,0.0,0.0,0.0
2026-01-23 06:42:24,clusterA,23,4,2,2,0.50,0.5,0.5,0.0,0.0,0.0
2026-01-23 06:42:24,clusterB,23,4,2,2,0.50,0.5,0.5,0.0,0.0,0.0
2026-01-23 06:42:29,clusterA,23,4,2,2,0.50,0.5,0.5,0.0,0.0,0.0
2026-01-23 06:42:29,clusterB,23,4,2,2,0.50,0.5,0.5,0.0,0.0,0.0
2026-01-23 06:42:35,clusterA,23,4,2,2,0.50,0.5,0.5,0.0,0.0,0.0
2026-01-23 06:42:35,clusterB,23,4,2,2,0.50,0.5,0.5,0.0,0.0,0.0
2026-01-23 06:42:40,clusterA,23,4,2,2,0.50,0.5,0.5,0.0,0.0,0.0
2026-01-23 06:42:40,clusterB,23,4,2,2,0.50,0.5,0.5,0.0,0.0,0.0
2026-01-23 06:42:45,clusterA,23,4,2,2,0.50,0.5,0.5,0.0,0.0,0.0
2026-01-23 06:42:45,clusterB,23,4,2,2,0.50,0.5,0.5,0.0,0.0,0.0
2026-01-23 06:42:50,clusterA,23,4,2,2,0.50,0.5,0.5,0.0,0.0,0.0
2026-01-23 06:42:50,clusterB,23,4,2,2,0.50,0.5,0.5,0.0,0.0,0.0
2026-01-23 06:42:55,clusterA,23,4,2,2,0.50,0.5,0.5,0.0,0.0,0.0
2026-01-23 06:42:55,clusterB,23,4,2,2,0.50,0.5,0.5,0.0,0.0,0.0
2026-01-23 06:43:00,clusterA,23,4,2,2,0.50,0.5,0.5,0.0,0.0,0.0
2026-01-23 06:43:00,clusterB,23,4,2,2,0.50,0.5,0.5,0.0,0.0,0.0
2026-01-23 06:43:05,clusterA,23,4,2,2,0.50,0.5,0.5,0.0,0.0,0.0
2026-01-23 06:43:05,clusterB,23,4,2,2,0.50,0.5,0.5,0.0,0.0,0.0
2026-01-23 06:43:10,clusterA,23,4,2,2,0.50,0.5,0.5,0.0,0.0,0.0
2026-01-23 06:43:10,clusterB,23,4,2,2,0.50,0.5,0.5,0.0,0.0,0.0
2026-01-23 06:43:15,clusterA,23,4,2,2,0.50,0.5,0.5,0.0,0.0,0.0
2026-01-23 06:43:15,clusterB,23,4,2,2,0.50,0.5,0.5,0.0,0.0,0.0
2026-01-23 06:43:20,clusterA,23,4,2,2,0.50,0.5,0.5,0.0,0.0,0.0
2026-01-23 06:43:20,clusterB,23,4,2,2,0.50,0.5,0.5,0.0,0.0,0.0
2026-01-23 06:43:25,clusterA,23,4,2,2,0.50,0.5,0.5,0.0,0.0,0.0
2026-01-23 06:43:25,clusterB,23,4,2,2,0.50,0.5,0.5,0.0,0.0,0.0
2026-01-23 06:43:30,clusterA,23,4,2,2,0.50,0.5,0.5,0.0,0.0,0.0
2026-01-23 06:43:30,clusterB,23,4,2,2,0.50,0.5,0.5,0.0,0.0,0.0
2026-01-23 06:43:35,clusterA,23,4,2,2,0.50,0.5,0.5,0.0,0.0,0.0
2026-01-23 06:43:35,clusterB,23,4,2,2,0.50,0.5,0.5,0.0,0.0,0.0
2026-01-23 06:43:40,clusterA,23,4,2,2,0.50,0.5,0.5,0.0,0.0,0.0
2026-01-23 06:43:40,clusterB,23,4,2,2,0.50,0.5,0.5,0.0,0.0,0.0
2026-01-23 06:43:45,clusterA,23,4,2,2,0.50,0.5,0.5,0.0,0.0,0.0
2026-01-23 06:43:45,clusterB,23,4,2,2,0.50,0.5,0.5,0.0,0.0,0.0
2026-01-23 06:43:50,clusterA,23,4,2,2,0.50,0.5,0.5,0.0,0.0,0.0
2026-01-23 06:43:50,clusterB,23,4,2,2,0.50,0.5,0.5,0.0,0.0,0.0
2026-01-23 06:43:55,clusterA,23,4,2,2,0.50,0.5,0.5,0.0,0.0,0.0
2026-01-23 06:43:55,clusterB,23,4,2,2,0.50,0.5,0.5,0.0,0.0,0.0
2026-01-23 06:44:00,clusterA,23,4,2,2,0.50,0.5,0.5,0.0,0.0,0.0
2026-01-23 06:44:00,clusterB,23,4,2,2,0.50,0.5,0.5,0.0,0.0,0.0
2026-01-23 06:44:05,clusterA,23,4,2,2,0.50,0.5,0.5,0.0,0.0,0.0
2026-01-23 06:44:05,clusterB,23,4,2,2,0.50,0.5,0.5,0.0,0.0,0.0
2026-01-23 06:44:10,clusterA,23,4,2,2,0.50,0.5,0.5,0.0,0.0,0.0
2026-01-23 06:44:10,clusterB,23,4,2,2,0.50,0.5,0.5,0.0,0.0,0.0
2026-01-23 06:44:15,clusterA,23,4,2,2,0.50,0.5,0.5,0.0,0.0,0.0
2026-01-23 06:44:15,clusterB,23,4,2,2,0.50,0.5,0.5,0.0,0.0,0.0
2026-01-23 06:44:20,clusterA,23,4,2,2,0.50,0.5,0.5,0.0,0.0,0.0
2026-01-23 06:44:20,clusterB,23,4,2,2,0.50,0.5,0.5,0.0,0.0,0.0
2026-01-23 06:44:25,clusterA,23,4,2,2,0.50,0.5,0.5,0.0,0.0,0.0
2026-01-23 06:44:25,clusterB,23,4,2,2,0.50,0.5,0.5,0.0,0.0,0.0
2026-01-23 06:44:30,clusterA,23,4,2,2,0.50,0.5,0.5,0.0,0.0,0.0
2026-01-23 06:44:30,clusterB,23,4,2,2,0.50,0.5,0.5,0.0,0.0,0.0
2026-01-23 06:44:35,clusterA,23,4,2,2,0.50,0.5,0.5,0.0,0.0,0.0
2026-01-23 06:44:35,clusterB,23,4,2,2,0.50,0.5,0.5,0.0,0.0,0.0
2026-01-23 06:44:40,clusterA,23,4,2,2,0.50,0.5,0.5,0.0,0.0,0.0
2026-01-23 06:44:40,clusterB,23,4,2,2,0.50,0.5,0.5,0.0,0.0,0.0
2026-01-23 06:44:45,clusterA,23,4,2,2,0.50,0.5,0.5,0.0,0.0,0.0
2026-01-23 06:44:45,clusterB,23,4,2,2,0.50,0.5,0.5,0.0,0.0,0.0
2026-01-23 06:44:50,clusterA,23,4,2,2,0.50,0.5,0.5,0.0,0.0,0.0
2026-01-23 06:44:50,clusterB,23,4,2,2,0.50,0.5,0.5,0.0,0.0,0.0
2026-01-23 06:44:55,clusterA,23,4,2,2,0.50,0.5,0.5,0.0,0.0,0.0
2026-01-23 06:44:55,clusterB,23,4,2,2,0.50,0.5,0.5,0.0,0.0,0.0
2026-01-23 06:45:00,clusterA,23,4,2,2,0.50,0.5,0.5,0.0,0.0,0.0
2026-01-23 06:45:00,clusterB,23,4,2,2,0.50,0.5,0.5,0.0,0.0,0.0
2026-01-23 06:45:05,clusterA,23,4,2,2,0.50,0.5,0.5,0.0,0.0,0.0
2026-01-23 06:45:05,clusterB,23,4,2,2,0.50,0.5,0.5,0.0,0.0,0.0
2026-01-23 06:45:10,clusterA,23,4,2,2,0.50,0.5,0.5,0.0,0.0,0.0
2026-01-23 06:45:10,clusterB,23,4,2,2,0.50,0.5,0.5,0.0,0.0,0.0
2026-01-23 06:45:15,clusterA,23,4,2,2,0.50,0.5,0.5,0.0,0.0,0.0
2026-01-23 06:45:15,clusterB,23,4,2,2,0.50,0.5,0.5,0.0,0.0,0.0
2026-01-23 06:45:20,clusterA,23,4,2,2,0.50,0.5,0.5,0.0,0.0,0.0
2026-01-23 06:45:20,clusterB,23,4,2,2,0.50,0.5,0.5,0.0,0.0,0.0
2026-01-23 06:45:25,clusterA,23,4,2,2,0.50,0.5,0.5,0.0,0.0,0.0
2026-01-23 06:45:25,clusterB,23,4,1,3,0.25,0.5,0.5,0.0,0.0,0.0
2026-01-23 06:45:30,clusterA,23,4,2,2,0.50,0.5,0.5,0.0,0.0,0.0
2026-01-23 06:45:30,clusterB,23,4,1,3,0.25,0.5,0.5,0.0,0.0,0.0
2026-01-23 06:45:35,clusterA,23,4,2,2,0.50,0.5,0.5,0.0,0.0,0.0
2026-01-23 06:45:35,clusterB,23,4,1,3,0.25,0.5,0.5,0.0,0.0,0.0
2026-01-23 06:45:40,clusterA,23,4,2,2,0.50,0.5,0.5,0.0,0.0,0.0
2026-01-23 06:45:40,clusterB,23,4,0,4,0.00,0.5,0.5,0.0,0.0,0.0
2026-01-23 06:45:45,clusterA,20,4,4,0,1.00,0.5,0.5,0.0,0.0,0.0
2026-01-23 06:45:45,clusterB,20,4,4,0,1.00,0.5,0.5,0.0,0.0,0.0
2026-01-23 06:45:50,clusterA,20,4,4,0,1.00,0.5,0.5,0.0,0.0,0.0
2026-01-23 06:45:50,clusterB,20,4,4,0,1.00,0.5,0.5,0.0,0.0,0.0
2026-01-23 06:45:55,clusterA,20,4,4,0,1.00,0.5,0.5,0.0,0.0,0.0
2026-01-23 06:45:55,clusterB,20,4,4,0,1.00,0.5,0.5,0.0,0.0,0.0
2026-01-23 06:46:00,clusterA,20,4,4,0,1.00,0.5,0.5,0.0,0.0,0.0
2026-01-23 06:46:00,clusterB,20,4,4,0,1.00,0.5,0.5,0.0,0.0,0.0
2026-01-23 06:46:05,clusterA,20,4,4,0,1.00,0.5,0.5,0.0,0.0,0.0
2026-01-23 06:46:05,clusterB,20,4,4,0,1.00,0.5,0.5,0.0,0.0,0.0
2026-01-23 06:46:10,clusterA,20,4,4,0,1.00,0.5,0.5,0.0,0.0,0.0
2026-01-23 06:46:10,clusterB,20,4,4,0,1.00,0.5,0.5,0.0,0.0,0.0
2026-01-23 06:46:15,clusterA,20,4,4,0,1.00,0.5,0.5,0.0,0.0,0.0
2026-01-23 06:46:15,clusterB,20,4,4,0,1.00,0.5,0.5,0.0,0.0,0.0
2026-01-23 06:46:20,clusterA,20,4,4,0,1.00,0.5,0.5,0.0,0.0,0.0
2026-01-23 06:46:20,clusterB,20,4,4,0,1.00,0.5,0.5,0.0,0.0,0.0
2026-01-23 06:46:25,clusterA,20,4,4,0,1.00,0.5,0.5,0.0,0.0,0.0
2026-01-23 06:46:25,clusterB,20,4,4,0,1.00,0.5,0.5,0.0,0.0,0.0
2026-01-23 06:46:30,clusterA,20,4,4,0,1.00,0.5,0.5,0.0,0.0,0.0
2026-01-23 06:46:30,clusterB,20,4,4,0,1.00,0.5,0.5,0.0,0.0,0.0
2026-01-23 06:46:35,clusterA,20,4,4,0,1.00,0.5,0.5,0.0,0.0,0.0
2026-01-23 06:46:35,clusterB,20,4,4,0,1.00,0.5,0.5,0.0,0.0,0.0
2026-01-23 06:46:40,clusterA,20,4,4,0,1.00,0.5,0.5,0.0,0.0,0.0
2026-01-23 06:46:40,clusterB,20,4,4,0,1.00,0.5,0.5,0.0,0.0,0.0
2026-01-23 06:46:46,clusterA,20,4,4,0,1.00,0.5,0.5,0.0,0.0,0.0
2026-01-23 06:46:46,clusterB,20,4,4,0,1.00,0.5,0.5,0.0,0.0,0.0
2026-01-23 06:46:51,clusterA,20,4,4,0,1.00,0.5,0.5,0.0,0.0,0.0
2026-01-23 06:46:51,clusterB,20,4,4,0,1.00,0.5,0.5,0.0,0.0,0.0
2026-01-23 06:46:56,clusterA,20,4,4,0,1.00,0.5,0.5,0.0,0.0,0.0
2026-01-23 06:46:56,clusterB,20,4,4,0,1.00,0.5,0.5,0.0,0.0,0.0
2026-01-23 06:47:01,clusterA,20,4,4,0,1.00,0.5,0.5,0.0,0.0,0.0
2026-01-23 06:47:01,clusterB,20,4,4,0,1.00,0.5,0.5,0.0,0.0,0.0
2026-01-23 06:47:06,clusterA,20,4,4,0,1.00,0.5,0.5,0.0,0.0,0.0
2026-01-23 06:47:06,clusterB,20,4,4,0,1.00,0.5,0.5,0.0,0.0,0.0
2026-01-23 06:47:11,clusterA,20,4,4,0,1.00,0.5,0.5,0.0,0.0,0.0
2026-01-23 06:47:11,clusterB,20,4,4,0,1.00,0.5,0.5,0.0,0.0,0.0
2026-01-23 06:47:16,clusterA,20,4,4,0,1.00,0.5,0.5,0.0,0.0,0.0
2026-01-23 06:47:16,clusterB,20,4,4,0,1.00,0.5,0.5,0.0,0.0,0.0
2026-01-23 06:47:21,clusterA,20,4,4,0,1.00,0.5,0.5,0.0,0.0,0.0
2026-01-23 06:47:21,clusterB,20,4,4,0,1.00,0.5,0.5,0.0,0.0,0.0
2026-01-23 06:47:26,clusterA,20,4,4,0,1.00,0.5,0.5,0.0,0.0,0.0
2026-01-23 06:47:26,clusterB,20,4,4,0,1.00,0.5,0.5,0.0,0.0,0.0
2026-01-23 06:47:31,clusterA,20,4,4,0,1.00,0.5,0.5,0.0,0.0,0.0
2026-01-23 06:47:31,clusterB,20,4,4,0,1.00,0.5,0.5,0.0,0.0,0.0
2026-01-23 06:47:36,clusterA,20,4,4,0,1.00,0.5,0.5,0.0,0.0,0.0
2026-01-23 06:47:36,clusterB,20,4,4,0,1.00,0.5,0.5,0.0,0.0,0.0
2026-01-23 06:47:41,clusterA,20,4,4,0,1.00,0.5,0.5,0.0,0.0,0.0
2026-01-23 06:47:41,clusterB,20,4,4,0,1.00,0.5,0.5,0.0,0.0,0.0
2026-01-23 06:47:46,clusterA,20,4,4,0,1.00,0.5,0.5,0.0,0.0,0.0
2026-01-23 06:47:46,clusterB,20,4,4,0,1.00,0.5,0.5,0.0,0.0,0.0
2026-01-23 06:47:51,clusterA,20,4,4,0,1.00,0.5,0.5,0.0,0.0,0.0
2026-01-23 06:47:51,clusterB,20,4,4,0,1.00,0.5,0.5,0.0,0.0,0.0
2026-01-23 06:47:56,clusterA,20,4,4,0,1.00,0.5,0.5,0.0,0.0,0.0
2026-01-23 06:47:56,clusterB,20,4,4,0,1.00,0.5,0.5,0.0,0.0,0.0
2026-01-23 06:48:01,clusterA,20,4,4,0,1.00,0.5,0.5,0.0,0.0,0.0
2026-01-23 06:48:01,clusterB,20,4,4,0,1.00,0.5,0.5,0.0,0.0,0.0
2026-01-23 06:48:06,clusterA,20,4,4,0,1.00,0.5,0.5,0.0,0.0,0.0
2026-01-23 06:48:06,clusterB,20,4,4,0,1.00,0.5,0.5,0.0,0.0,0.0
2026-01-23 06:48:11,clusterA,20,4,4,0,1.00,0.5,0.5,0.0,0.0,0.0
2026-01-23 06:48:11,clusterB,20,4,4,0,1.00,0.5,0.5,0.0,0.0,0.0
2026-01-23 06:48:16,clusterA,20,4,4,0,1.00,0.5,0.5,0.0,0.0,0.0
2026-01-23 06:48:16,clusterB,20,4,4,0,1.00,0.5,0.5,0.0,0.0,0.0
2026-01-23 06:48:21,clusterA,20,4,4,0,1.00,0.5,0.5,0.0,0.0,0.0
2026-01-23 06:48:21,clusterB,20,4,4,0,1.00,0.5,0.5,0.0,0.0,0.0
2026-01-23 06:48:26,clusterA,20,4,4,0,1.00,0.5,0.5,0.0,0.0,0.0
2026-01-23 06:48:26,clusterB,20,4,4,0,1.00,0.5,0.5,0.0,0.0,0.0
2026-01-23 06:48:31,clusterA,20,4,4,0,1.00,0.5,0.5,0.0,0.0,0.0
2026-01-23 06:48:31,clusterB,20,4,4,0,1.00,0.5,0.5,0.0,0.0,0.0
2026-01-23 06:48:36,clusterA,20,4,4,0,1.00,0.5,0.5,0.0,0.0,0.0
2026-01-23 06:48:36,clusterB,20,4,4,0,1.00,0.5,0.5,0.0,0.0,0.0
2026-01-23 06:48:41,clusterA,20,4,4,0,1.00,0.5,0.5,0.0,0.0,0.0
2026-01-23 06:48:41,clusterB,20,4,4,0,1.00,0.5,0.5,0.0,0.0,0.0
2026-01-23 06:48:46,clusterA,20,4,4,0,1.00,0.5,0.5,0.0,0.0,0.0
2026-01-23 06:48:46,clusterB,20,4,4,0,1.00,0.5,0.5,0.0,0.0,0.0
2026-01-23 06:48:51,clusterA,20,4,4,0,1.00,0.5,0.5,0.0,0.0,0.0
2026-01-23 06:48:51,clusterB,20,4,4,0,1.00,0.5,0.5,0.0,0.0,0.0
2026-01-23 06:48:56,clusterA,20,4,4,0,1.00,0.5,0.5,0.0,0.0,0.0
2026-01-23 06:48:56,clusterB,20,4,4,0,1.00,0.5,0.5,0.0,0.0,0.0
2026-01-23 06:49:01,clusterA,20,4,4,0,1.00,0.5,0.5,0.0,0.0,0.0
2026-01-23 06:49:01,clusterB,20,4,4,0,1.00,0.5,0.5,0.0,0.0,0.0
2026-01-23 06:49:06,clusterA,20,4,4,0,1.00,0.5,0.5,0.0,0.0,0.0
2026-01-23 06:49:06,clusterB,20,4,4,0,1.00,0.5,0.5,0.0,0.0,0.0
2026-01-23 06:49:11,clusterA,20,4,4,0,1.00,0.5,0.5,0.0,0.0,0.0
2026-01-23 06:49:11,clusterB,20,4,4,0,1.00,0.5,0.5,0.0,0.0,0.0
2026-01-23 06:49:16,clusterA,20,4,4,0,1.00,0.5,0.5,0.0,0.0,0.0
2026-01-23 06:49:16,clusterB,20,4,4,0,1.00,0.5,0.5,0.0,0.0,0.0
2026-01-23 06:49:21,clusterA,20,4,4,0,1.00,0.5,0.5,0.0,0.0,0.0
2026-01-23 06:49:21,clusterB,20,4,4,0,1.00,0.5,0.5,0.0,0.0,0.0
2026-01-23 06:49:26,clusterA,20,4,4,0,1.00,0.5,0.5,0.0,0.0,0.0
2026-01-23 06:49:26,clusterB,20,4,4,0,1.00,0.5,0.5,0.0,0.0,0.0
2026-01-23 06:49:31,clusterA,20,4,4,0,1.00,0.5,0.5,0.0,0.0,0.0
2026-01-23 06:49:31,clusterB,20,4,4,0,1.00,0.5,0.5,0.0,0.0,0.0
2026-01-23 06:49:36,clusterA,20,4,4,0,1.00,0.5,0.5,0.0,0.0,0.0
2026-01-23 06:49:36,clusterB,20,4,4,0,1.00,0.5,0.5,0.0,0.0,0.0
2026-01-23 06:49:41,clusterA,20,4,4,0,1.00,0.5,0.5,0.0,0.0,0.0
2026-01-23 06:49:41,clusterB,20,4,4,0,1.00,0.5,0.5,0.0,0.0,0.0
2026-01-23 06:49:46,clusterA,20,4,4,0,1.00,0.5,0.5,0.0,0.0,0.0
2026-01-23 06:49:46,clusterB,20,4,4,0,1.00,0.5,0.5,0.0,0.0,0.0
2026-01-23 06:49:51,clusterA,20,4,4,0,1.00,0.5,0.5,0.0,0.0,0.0
2026-01-23 06:49:51,clusterB,20,4,4,0,1.00,0.5,0.5,0.0,0.0,0.0
2026-01-23 06:49:56,clusterA,20,4,4,0,1.00,0.5,0.5,0.0,0.0,0.0
2026-01-23 06:49:56,clusterB,20,4,4,0,1.00,0.5,0.5,0.0,0.0,0.0
2026-01-23 06:50:01,clusterA,20,4,4,0,1.00,0.5,0.5,0.0,0.0,0.0
2026-01-23 06:50:01,clusterB,20,4,4,0,1.00,0.5,0.5,0.0,0.0,0.0
2026-01-23 06:50:06,clusterA,20,4,4,0,1.00,0.5,0.5,0.0,0.0,0.0
2026-01-23 06:50:06,clusterB,20,4,4,0,1.00,0.5,0.5,0.0,0.0,0.0
2026-01-23 06:50:11,clusterA,20,4,4,0,1.00,0.5,0.5,0.0,0.0,0.0
2026-01-23 06:50:11,clusterB,20,4,4,0,1.00,0.5,0.5,0.0,0.0,0.0
2026-01-23 06:50:16,clusterA,20,4,4,0,1.00,0.5,0.5,0.0,0.0,0.0
2026-01-23 06:50:16,clusterB,20,4,4,0,1.00,0.5,0.5,0.0,0.0,0.0
2026-01-23 06:50:21,clusterA,20,4,4,0,1.00,0.5,0.5,0.0,0.0,0.0
2026-01-23 06:50:21,clusterB,20,4,4,0,1.00,0.5,0.5,0.0,0.0,0.0
2026-01-23 06:50:26,clusterA,20,4,4,0,1.00,0.5,0.5,0.0,0.0,0.0
2026-01-23 06:50:26,clusterB,20,4,4,0,1.00,0.5,0.5,0.0,0.0,0.0
2026-01-23 06:50:31,clusterA,20,4,4,0,1.00,0.5,0.5,0.0,0.0,0.0
2026-01-23 06:50:31,clusterB,20,4,4,0,1.00,0.5,0.5,0.0,0.0,0.0
2026-01-23 06:50:36,clusterA,20,4,4,0,1.00,0.5,0.5,0.0,0.0,0.0
2026-01-23 06:50:36,clusterB,20,4,4,0,1.00,0.5,0.5,0.0,0.0,0.0
2026-01-23 06:50:41,clusterA,20,4,4,0,1.00,0.5,0.5,0.0,0.0,0.0
2026-01-23 06:50:41,clusterB,20,4,4,0,1.00,0.5,0.5,0.0,0.0,0.0
2026-01-23 06:50:46,clusterA,20,4,4,0,1.00,0.5,0.5,0.0,0.0,0.0
2026-01-23 06:50:46,clusterB,20,4,4,0,1.00,0.5,0.5,0.0,0.0,0.0
2026-01-23 06:50:51,clusterA,20,4,4,0,1.00,0.5,0.5,0.0,0.0,0.0
2026-01-23 06:50:51,clusterB,20,4,4,0,1.00,0.5,0.5,0.0,0.0,0.0
2026-01-23 06:50:56,clusterA,20,4,4,0,1.00,0.5,0.5,0.0,0.0,0.0
2026-01-23 06:50:56,clusterB,20,4,4,0,1.00,0.5,0.5,0.0,0.0,0.0
2026-01-23 06:51:01,clusterA,20,4,4,0,1.00,0.5,0.5,0.0,0.0,0.0
2026-01-23 06:51:01,clusterB,20,4,4,0,1.00,0.5,0.5,0.0,0.0,0.0
2026-01-23 06:51:06,clusterA,20,4,4,0,1.00,0.5,0.5,0.0,0.0,0.0
2026-01-23 06:51:06,clusterB,20,4,4,0,1.00,0.5,0.5,0.0,0.0,0.0
2026-01-23 06:51:11,clusterA,20,4,4,0,1.00,0.5,0.5,0.0,0.0,0.0
2026-01-23 06:51:11,clusterB,20,4,4,0,1.00,0.5,0.5,0.0,0.0,0.0
2026-01-23 06:51:16,clusterA,20,4,4,0,1.00,0.5,0.5,0.0,0.0,0.0
2026-01-23 06:51:16,clusterB,20,4,4,0,1.00,0.5,0.5,0.0,0.0,0.0
2026-01-23 06:51:21,clusterA,20,4,4,0,1.00,0.5,0.5,0.0,0.0,0.0
2026-01-23 06:51:21,clusterB,20,4,4,0,1.00,0.5,0.5,0.0,0.0,0.0
2026-01-23 06:51:26,clusterA,20,4,4,0,1.00,0.5,0.5,0.0,0.0,0.0
2026-01-23 06:51:26,clusterB,20,4,4,0,1.00,0.5,0.5,0.0,0.0,0.0
2026-01-23 06:51:31,clusterA,20,4,4,0,1.00,0.5,0.5,0.0,0.0,0.0
2026-01-23 06:51:31,clusterB,20,4,4,0,1.00,0.5,0.5,0.0,0.0,0.0
2026-01-23 06:51:36,clusterA,20,4,4,0,1.00,0.5,0.5,0.0,0.0,0.0
2026-01-23 06:51:36,clusterB,20,4,4,0,1.00,0.5,0.5,0.0,0.0,0.0
2026-01-23 06:51:41,clusterA,20,4,4,0,1.00,0.5,0.5,0.0,0.0,0.0
2026-01-23 06:51:41,clusterB,20,4,4,0,1.00,0.5,0.5,0.0,0.0,0.0
2026-01-23 06:51:46,clusterA,20,4,4,0,1.00,0.5,0.5,0.0,0.0,0.0
2026-01-23 06:51:46,clusterB,20,4,4,0,1.00,0.5,0.5,0.0,0.0,0.0
2026-01-23 06:51:51,clusterA,20,4,4,0,1.00,0.5,0.5,0.0,0.0,0.0
2026-01-23 06:51:51,clusterB,20,4,4,0,1.00,0.5,0.5,0.0,0.0,0.0
2026-01-23 06:51:56,clusterA,20,4,4,0,1.00,0.5,0.5,0.0,0.0,0.0
2026-01-23 06:51:56,clusterB,20,4,4,0,1.00,0.5,0.5,0.0,0.0,0.0
2026-01-23 06:52:01,clusterA,20,4,4,0,1.00,0.5,0.5,0.0,0.0,0.0
2026-01-23 06:52:01,clusterB,20,4,4,0,1.00,0.5,0.5,0.0,0.0,0.0
2026-01-23 06:52:06,clusterA,20,4,4,0,1.00,0.5,0.5,0.0,0.0,0.0
2026-01-23 06:52:06,clusterB,20,4,4,0,1.00,0.5,0.5,0.0,0.0,0.0
2026-01-23 06:52:11,clusterA,21,4,4,0,1.00,0.5,0.5,0.0,0.0,0.0
2026-01-23 06:52:11,clusterB,21,4,4,0,1.00,0.5,0.5,0.0,0.0,0.0
2026-01-23 06:52:16,clusterA,21,4,4,0,1.00,0.5,0.5,0.0,0.0,0.0
2026-01-23 06:52:16,clusterB,21,4,4,0,1.00,0.5,0.5,0.0,0.0,0.0
2026-01-23 06:52:21,clusterA,21,4,4,0,1.00,0.5,0.5,0.0,0.0,0.0
2026-01-23 06:52:21,clusterB,21,4,4,0,1.00,0.5,0.5,0.0,0.0,0.0
2026-01-23 06:52:26,clusterA,21,4,4,0,1.00,0.5,0.5,0.0,0.0,0.0
2026-01-23 06:52:26,clusterB,21,4,4,0,1.00,0.5,0.5,0.0,0.0,0.0
2026-01-23 06:52:31,clusterA,21,4,4,0,1.00,0.5,0.5,0.0,0.0,0.0
2026-01-23 06:52:31,clusterB,21,4,4,0,1.00,0.5,0.5,0.0,0.0,0.0
2026-01-23 06:52:36,clusterA,21,4,4,0,1.00,0.5,0.5,0.0,0.0,0.0
2026-01-23 06:52:36,clusterB,21,4,4,0,1.00,0.5,0.5,0.0,0.0,0.0
2026-01-23 06:52:41,clusterA,21,4,4,0,1.00,0.5,0.5,0.0,0.0,0.0
2026-01-23 06:52:41,clusterB,21,4,4,0,1.00,0.5,0.5,0.0,0.0,0.0
2026-01-23 06:52:46,clusterA,21,4,4,0,1.00,0.5,0.5,0.0,0.0,0.0
2026-01-23 06:52:46,clusterB,21,4,4,0,1.00,0.5,0.5,0.0,0.0,0.0
2026-01-23 06:52:51,clusterA,21,4,4,0,1.00,0.5,0.5,0.0,0.0,0.0
2026-01-23 06:52:51,clusterB,21,4,4,0,1.00,0.5,0.5,0.0,0.0,0.0
2026-01-23 06:52:56,clusterA,21,4,4,0,1.00,0.5,0.5,0.0,0.0,0.0
2026-01-23 06:52:56,clusterB,21,4,4,0,1.00,0.5,0.5,0.0,0.0,0.0
2026-01-23 06:53:01,clusterA,21,4,4,0,1.00,0.5,0.5,0.0,0.0,0.0
2026-01-23 06:53:01,clusterB,21,4,4,0,1.00,0.5,0.5,0.0,0.0,0.0
2026-01-23 06:53:06,clusterA,21,4,4,0,1.00,0.5,0.5,0.0,0.0,0.0
2026-01-23 06:53:06,clusterB,21,4,4,0,1.00,0.5,0.5,0.0,0.0,0.0
2026-01-23 06:53:11,clusterA,21,4,4,0,1.00,0.5,0.5,0.0,0.0,0.0
2026-01-23 06:53:11,clusterB,21,4,4,0,1.00,0.5,0.5,0.0,0.0,0.0
2026-01-23 06:53:17,clusterA,21,4,4,0,1.00,0.5,0.5,0.0,0.0,0.0
2026-01-23 06:53:17,clusterB,21,4,4,0,1.00,0.5,0.5,0.0,0.0,0.0
2026-01-23 06:53:22,clusterA,21,4,4,0,1.00,0.5,0.5,0.0,0.0,0.0
2026-01-23 06:53:22,clusterB,21,4,4,0,1.00,0.5,0.5,0.0,0.0,0.0
2026-01-23 06:53:27,clusterA,21,4,4,0,1.00,0.5,0.5,0.0,0.0,0.0
2026-01-23 06:53:27,clusterB,21,4,4,0,1.00,0.5,0.5,0.0,0.0,0.0
2026-01-23 06:53:32,clusterA,21,4,4,0,1.00,0.5,0.5,0.0,0.0,0.0
2026-01-23 06:53:32,clusterB,21,4,4,0,1.00,0.5,0.5,0.0,0.0,0.0
2026-01-23 06:53:37,clusterA,21,4,4,0,1.00,0.5,0.5,0.0,0.0,0.0
2026-01-23 06:53:37,clusterB,21,4,4,0,1.00,0.5,0.5,0.0,0.0,0.0
2026-01-23 06:53:42,clusterA,21,4,4,0,1.00,0.5,0.5,0.0,0.0,0.0
2026-01-23 06:53:42,clusterB,21,4,4,0,1.00,0.5,0.5,0.0,0.0,0.0
2026-01-23 06:53:47,clusterA,21,4,4,0,1.00,0.5,0.5,0.0,0.0,0.0
2026-01-23 06:53:47,clusterB,21,4,4,0,1.00,0.5,0.5,0.0,0.0,0.0
2026-01-23 06:53:52,clusterA,21,4,4,0,1.00,0.5,0.5,0.0,0.0,0.0
2026-01-23 06:53:52,clusterB,21,4,4,0,1.00,0.5,0.5,0.0,0.0,0.0
2026-01-23 06:53:57,clusterA,21,4,4,0,1.00,0.5,0.5,0.0,0.0,0.0
2026-01-23 06:53:57,clusterB,21,4,4,0,1.00,0.5,0.5,0.0,0.0,0.0
2026-01-23 06:54:02,clusterA,21,4,4,0,1.00,0.5,0.5,0.0,0.0,0.0
2026-01-23 06:54:02,clusterB,21,4,4,0,1.00,0.5,0.5,0.0,0.0,0.0
2026-01-23 06:54:07,clusterA,21,4,4,0,1.00,0.5,0.5,0.0,0.0,0.0
2026-01-23 06:54:07,clusterB,21,4,4,0,1.00,0.5,0.5,0.0,0.0,0.0
2026-01-23 06:54:12,clusterA,21,4,4,0,1.00,0.5,0.5,0.0,0.0,0.0
2026-01-23 06:54:12,clusterB,21,4,4,0,1.00,0.5,0.5,0.0,0.0,0.0
2026-01-23 06:54:17,clusterA,21,4,4,0,1.00,0.5,0.5,0.0,0.0,0.0
2026-01-23 06:54:17,clusterB,21,4,4,0,1.00,0.5,0.5,0.0,0.0,0.0
2026-01-23 06:54:22,clusterA,21,4,4,0,1.00,0.5,0.5,0.0,0.0,0.0
2026-01-23 06:54:22,clusterB,21,4,4,0,1.00,0.5,0.5,0.0,0.0,0.0
2026-01-23 06:54:27,clusterA,22,4,4,0,1.00,0.5,0.5,0.0,0.0,0.0
2026-01-23 06:54:27,clusterB,22,4,4,0,1.00,0.5,0.5,0.0,0.0,0.0
2026-01-23 06:54:32,clusterA,22,4,4,0,1.00,0.5,0.5,0.0,0.0,0.0
2026-01-23 06:54:32,clusterB,22,4,4,0,1.00,0.5,0.5,0.0,0.0,0.0
2026-01-23 06:54:37,clusterA,22,4,4,0,1.00,0.5,0.5,0.0,0.0,0.0
2026-01-23 06:54:37,clusterB,22,4,4,0,1.00,0.5,0.5,0.0,0.0,0.0
2026-01-23 06:54:42,clusterA,22,4,4,0,1.00,0.5,0.5,0.0,0.0,0.0
2026-01-23 06:54:42,clusterB,22,4,4,0,1.00,0.5,0.5,0.0,0.0,0.0
2026-01-23 06:54:47,clusterA,22,4,4,0,1.00,0.5,0.5,0.0,0.0,0.0
2026-01-23 06:54:47,clusterB,22,4,4,0,1.00,0.5,0.5,0.0,0.0,0.0
2026-01-23 06:54:52,clusterA,22,4,4,0,1.00,0.5,0.5,0.0,0.0,0.0
2026-01-23 06:54:52,clusterB,22,4,4,0,1.00,0.5,0.5,0.0,0.0,0.0
2026-01-23 06:54:57,clusterA,22,4,4,0,1.00,0.5,0.5,0.0,0.0,0.0
2026-01-23 06:54:57,clusterB,22,4,4,0,1.00,0.5,0.5,0.0,0.0,0.0
2026-01-23 06:55:02,clusterA,22,4,4,0,1.00,0.5,0.5,0.0,0.0,0.0
2026-01-23 06:55:02,clusterB,22,4,4,0,1.00,0.5,0.5,0.0,0.0,0.0
2026-01-23 06:55:07,clusterA,22,4,4,0,1.00,0.5,0.5,0.0,0.0,0.0
2026-01-23 06:55:07,clusterB,22,4,4,0,1.00,0.5,0.5,0.0,0.0,0.0
2026-01-23 06:55:12,clusterA,22,4,4,0,1.00,0.5,0.5,0.0,0.0,0.0
2026-01-23 06:55:12,clusterB,22,4,4,0,1.00,0.5,0.5,0.0,0.0,0.0
2026-01-23 06:55:17,clusterA,22,4,4,0,1.00,0.5,0.5,0.0,0.0,0.0
2026-01-23 06:55:17,clusterB,22,4,4,0,1.00,0.5,0.5,0.0,0.0,0.0
2026-01-23 06:55:22,clusterA,22,4,4,0,1.00,0.5,0.5,0.0,0.0,0.0
2026-01-23 06:55:22,clusterB,22,4,4,0,1.00,0.5,0.5,0.0,0.0,0.0
2026-01-23 06:55:27,clusterA,22,4,4,0,1.00,0.5,0.5,0.0,0.0,0.0
2026-01-23 06:55:27,clusterB,22,4,4,0,1.00,0.5,0.5,0.0,0.0,0.0
2026-01-23 06:55:32,clusterA,22,4,4,0,1.00,0.5,0.5,0.0,0.0,0.0
2026-01-23 06:55:32,clusterB,22,4,4,0,1.00,0.5,0.5,0.0,0.0,0.0
2026-01-23 06:55:37,clusterA,23,4,4,0,1.00,0.5,0.5,0.0,0.0,0.0
2026-01-23 06:55:37,clusterB,23,4,4,0,1.00,0.5,0.5,0.0,0.0,0.0
2026-01-23 06:55:42,clusterA,23,4,4,0,1.00,0.5,0.5,0.0,0.0,0.0
2026-01-23 06:55:42,clusterB,23,4,4,0,1.00,0.5,0.5,0.0,0.0,0.0
2026-01-23 06:55:47,clusterA,23,4,4,0,1.00,0.5,0.5,0.0,0.0,0.0
2026-01-23 06:55:47,clusterB,23,4,4,0,1.00,0.5,0.5,0.0,0.0,0.0
2026-01-23 06:55:52,clusterA,23,4,4,0,1.00,0.5,0.5,0.0,0.0,0.0
2026-01-23 06:55:52,clusterB,23,4,4,0,1.00,0.5,0.5,0.0,0.0,0.0
2026-01-23 06:55:57,clusterA,23,4,4,0,1.00,0.5,0.5,0.0,0.0,0.0
2026-01-23 06:55:57,clusterB,23,4,4,0,1.00,0.5,0.5,0.0,0.0,0.0
2026-01-23 06:56:02,clusterA,23,4,4,0,1.00,0.5,0.5,0.0,0.0,0.0
2026-01-23 06:56:02,clusterB,23,4,4,0,1.00,0.5,0.5,0.0,0.0,0.0
2026-01-23 06:56:07,clusterA,23,4,4,0,1.00,0.5,0.5,0.0,0.0,0.0
2026-01-23 06:56:07,clusterB,23,4,4,0,1.00,0.5,0.5,0.0,0.0,0.0
2026-01-23 06:56:12,clusterA,23,4,4,0,1.00,0.5,0.5,0.0,0.0,0.0
2026-01-23 06:56:12,clusterB,23,4,4,0,1.00,0.5,0.5,0.0,0.0,0.0
2026-01-23 06:56:17,clusterA,23,4,4,0,1.00,0.5,0.5,0.0,0.0,0.0
2026-01-23 06:56:17,clusterB,23,4,4,0,1.00,0.5,0.5,0.0,0.0,0.0
2026-01-23 06:56:22,clusterA,23,4,4,0,1.00,0.5,0.5,0.0,0.0,0.0
2026-01-23 06:56:22,clusterB,23,4,4,0,1.00,0.5,0.5,0.0,0.0,0.0
2026-01-23 06:56:27,clusterA,23,4,4,0,1.00,0.5,0.5,0.0,0.0,0.0
2026-01-23 06:56:27,clusterB,23,4,4,0,1.00,0.5,0.5,0.0,0.0,0.0
2026-01-23 06:56:32,clusterA,23,4,4,0,1.00,0.5,0.5,0.0,0.0,0.0
2026-01-23 06:56:32,clusterB,23,4,4,0,1.00,0.5,0.5,0.0,0.0,0.0
2026-01-23 06:56:37,clusterA,23,4,4,0,1.00,0.5,0.5,0.0,0.0,0.0
2026-01-23 06:56:37,clusterB,23,4,4,0,1.00,0.5,0.5,0.0,0.0,0.0
2026-01-23 06:56:42,clusterA,23,4,4,0,1.00,0.5,0.5,0.0,0.0,0.0
2026-01-23 06:56:42,clusterB,23,4,4,0,1.00,0.5,0.5,0.0,0.0,0.0
2026-01-23 06:56:47,clusterA,23,4,4,0,1.00,0.5,0.5,0.0,0.0,0.0
2026-01-23 06:56:47,clusterB,23,4,4,0,1.00,0.5,0.5,0.0,0.0,0.0
2026-01-23 06:56:52,clusterA,23,4,4,0,1.00,0.5,0.5,0.0,0.0,0.0
2026-01-23 06:56:52,clusterB,23,4,4,0,1.00,0.5,0.5,0.0,0.0,0.0
2026-01-23 06:56:57,clusterA,23,4,4,0,1.00,0.5,0.5,0.0,0.0,0.0
2026-01-23 06:56:57,clusterB,23,4,4,0,1.00,0.5,0.5,0.0,0.0,0.0
2026-01-23 06:57:02,clusterA,24,4,4,0,1.00,0.5,0.5,0.0,0.0,0.0
2026-01-23 06:57:02,clusterB,24,4,4,0,1.00,0.5,0.5,0.0,0.0,0.0
2026-01-23 06:57:07,clusterA,24,4,4,0,1.00,0.5,0.5,0.0,0.0,0.0
2026-01-23 06:57:07,clusterB,24,4,4,0,1.00,0.5,0.5,0.0,0.0,0.0
2026-01-23 06:57:12,clusterA,24,4,4,0,1.00,0.5,0.5,0.0,0.0,0.0
2026-01-23 06:57:12,clusterB,24,4,4,0,1.00,0.5,0.5,0.0,0.0,0.0
2026-01-23 06:57:17,clusterA,24,4,4,0,1.00,0.5,0.5,0.0,0.0,0.0
2026-01-23 06:57:17,clusterB,24,4,4,0,1.00,0.5,0.5,0.0,0.0,0.0
2026-01-23 06:57:22,clusterA,24,4,4,0,1.00,0.5,0.5,0.0,0.0,0.0
2026-01-23 06:57:22,clusterB,24,4,4,0,1.00,0.5,0.5,0.0,0.0,0.0
2026-01-23 06:57:27,clusterA,24,4,4,0,1.00,0.5,0.5,0.0,0.0,0.0
2026-01-23 06:57:27,clusterB,24,4,4,0,1.00,0.5,0.5,0.0,0.0,0.0
2026-01-23 06:57:32,clusterA,24,4,4,0,1.00,0.5,0.5,0.0,0.0,0.0
2026-01-23 06:57:32,clusterB,24,4,4,0,1.00,0.5,0.5,0.0,0.0,0.0
2026-01-23 06:57:37,clusterA,24,4,4,0,1.00,0.5,0.5,0.0,0.0,0.0
2026-01-23 06:57:37,clusterB,24,4,4,0,1.00,0.5,0.5,0.0,0.0,0.0
2026-01-23 06:57:42,clusterA,24,4,4,0,1.00,0.5,0.5,0.0,0.0,0.0
2026-01-23 06:57:42,clusterB,24,4,4,0,1.00,0.5,0.5,0.0,0.0,0.0
2026-01-23 06:57:47,clusterA,24,4,4,0,1.00,0.5,0.5,0.0,0.0,0.0
2026-01-23 06:57:47,clusterB,24,4,4,0,1.00,0.5,0.5,0.0,0.0,0.0
2026-01-23 06:57:52,clusterA,24,4,4,0,1.00,0.5,0.5,0.0,0.0,0.0
2026-01-23 06:57:52,clusterB,24,4,4,0,1.00,0.5,0.5,0.0,0.0,0.0
2026-01-23 06:57:57,clusterA,24,4,4,0,1.00,0.5,0.5,0.0,0.0,0.0
2026-01-23 06:57:57,clusterB,24,4,4,0,1.00,0.5,0.5,0.0,0.0,0.0
2026-01-23 06:58:02,clusterA,24,4,4,0,1.00,0.5,0.5,0.0,0.0,0.0
2026-01-23 06:58:02,clusterB,24,4,4,0,1.00,0.5,0.5,0.0,0.0,0.0
2026-01-23 06:58:07,clusterA,24,4,4,0,1.00,0.5,0.5,0.0,0.0,0.0
2026-01-23 06:58:07,clusterB,24,4,4,0,1.00,0.5,0.5,0.0,0.0,0.0
2026-01-23 06:58:12,clusterA,24,4,4,0,1.00,0.5,0.5,0.0,0.0,0.0
2026-01-23 06:58:12,clusterB,24,4,4,0,1.00,0.5,0.5,0.0,0.0,0.0
2026-01-23 06:58:17,clusterA,24,4,4,0,1.00,0.5,0.5,0.0,0.0,0.0
2026-01-23 06:58:17,clusterB,24,4,4,0,1.00,0.5,0.5,0.0,0.0,0.0
2026-01-23 06:58:22,clusterA,24,4,4,0,1.00,0.5,0.5,0.0,0.0,0.0
2026-01-23 06:58:22,clusterB,24,4,4,0,1.00,0.5,0.5,0.0,0.0,0.0
2026-01-23 06:58:27,clusterA,24,4,4,0,1.00,0.5,0.5,0.0,0.0,0.0
2026-01-23 06:58:27,clusterB,24,4,4,0,1.00,0.5,0.5,0.0,0.0,0.0
2026-01-23 06:58:32,clusterA,24,4,4,0,1.00,0.5,0.5,0.0,0.0,0.0
2026-01-23 06:58:32,clusterB,24,4,4,0,1.00,0.5,0.5,0.0,0.0,0.0
2026-01-23 06:58:37,clusterA,24,4,4,0,1.00,0.5,0.5,0.0,0.0,0.0
2026-01-23 06:58:37,clusterB,24,4,4,0,1.00,0.5,0.5,0.0,0.0,0.0
2026-01-23 06:58:42,clusterA,24,4,4,0,1.00,0.5,0.5,0.0,0.0,0.0
2026-01-23 06:58:42,clusterB,24,4,4,0,1.00,0.5,0.5,0.0,0.0,0.0
2026-01-23 06:58:47,clusterA,24,4,4,0,1.00,0.5,0.5,0.0,0.0,0.0
2026-01-23 06:58:47,clusterB,24,4,4,0,1.00,0.5,0.5,0.0,0.0,0.0
2026-01-23 06:58:52,clusterA,24,4,4,0,1.00,0.5,0.5,0.0,0.0,0.0
2026-01-23 06:58:52,clusterB,24,4,4,0,1.00,0.5,0.5,0.0,0.0,0.0
2026-01-23 06:58:57,clusterA,24,4,4,0,1.00,0.5,0.5,0.0,0.0,0.0
2026-01-23 06:58:57,clusterB,24,4,4,0,1.00,0.5,0.5,0.0,0.0,0.0
2026-01-23 06:59:02,clusterA,24,4,4,0,1.00,0.5,0.5,0.0,0.0,0.0
2026-01-23 06:59:02,clusterB,24,4,4,0,1.00,0.5,0.5,0.0,0.0,0.0
2026-01-23 06:59:07,clusterA,24,4,4,0,1.00,0.5,0.5,0.0,0.0,0.0
2026-01-23 06:59:07,clusterB,24,4,4,0,1.00,0.5,0.5,0.0,0.0,0.0
2026-01-23 06:59:12,clusterA,24,4,4,0,1.00,0.5,0.5,0.0,0.0,0.0
2026-01-23 06:59:12,clusterB,24,4,4,0,1.00,0.5,0.5,0.0,0.0,0.0
2026-01-23 06:59:17,clusterA,24,4,4,0,1.00,0.5,0.5,0.0,0.0,0.0
2026-01-23 06:59:17,clusterB,24,4,4,0,1.00,0.5,0.5,0.0,0.0,0.0
2026-01-23 06:59:22,clusterA,24,4,4,0,1.00,0.5,0.5,0.0,0.0,0.0
2026-01-23 06:59:22,clusterB,24,4,4,0,1.00,0.5,0.5,0.0,0.0,0.0
2026-01-23 06:59:28,clusterA,24,4,4,0,1.00,0.5,0.5,0.0,0.0,0.0
2026-01-23 06:59:28,clusterB,24,4,4,0,1.00,0.5,0.5,0.0,0.0,0.0
2026-01-23 06:59:33,clusterA,24,4,4,0,1.00,0.5,0.5,0.0,0.0,0.0
2026-01-23 06:59:33,clusterB,24,4,4,0,1.00,0.5,0.5,0.0,0.0,0.0
2026-01-23 06:59:38,clusterA,24,4,4,0,1.00,0.5,0.5,0.0,0.0,0.0
2026-01-23 06:59:38,clusterB,24,4,4,0,1.00,0.5,0.5,0.0,0.0,0.0
2026-01-23 06:59:43,clusterA,24,4,4,0,1.00,0.5,0.5,0.0,0.0,0.0
2026-01-23 06:59:43,clusterB,24,4,4,0,1.00,0.5,0.5,0.0,0.0,0.0
2026-01-23 06:59:48,clusterA,24,4,4,0,1.00,0.5,0.5,0.0,0.0,0.0
2026-01-23 06:59:48,clusterB,24,4,4,0,1.00,0.5,0.5,0.0,0.0,0.0
2026-01-23 06:59:53,clusterA,25,4,4,0,1.00,0.5,0.5,0.0,0.0,0.0
2026-01-23 06:59:53,clusterB,25,4,4,0,1.00,0.5,0.5,0.0,0.0,0.0
2026-01-23 06:59:58,clusterA,25,4,4,0,1.00,0.5,0.5,0.0,0.0,0.0
2026-01-23 06:59:58,clusterB,25,4,4,0,1.00,0.5,0.5,0.0,0.0,0.0
2026-01-23 07:00:03,clusterA,25,4,4,0,1.00,0.5,0.5,0.0,0.0,0.0
2026-01-23 07:00:03,clusterB,25,4,4,0,1.00,0.5,0.5,0.0,0.0,0.0
2026-01-23 07:00:08,clusterA,25,4,4,0,1.00,0.5,0.5,0.0,0.0,0.0
2026-01-23 07:00:08,clusterB,25,4,4,0,1.00,0.5,0.5,0.0,0.0,0.0
2026-01-23 07:00:13,clusterA,25,4,4,0,1.00,0.5,0.5,0.0,0.0,0.0
2026-01-23 07:00:13,clusterB,25,4,4,0,1.00,0.5,0.5,0.0,0.0,0.0
2026-01-23 07:00:18,clusterA,25,4,4,0,1.00,0.5,0.5,0.0,0.0,0.0
2026-01-23 07:00:18,clusterB,25,4,4,0,1.00,0.5,0.5,0.0,0.0,0.0
2026-01-23 07:00:23,clusterA,25,4,4,0,1.00,0.5,0.5,0.0,0.0,0.0
2026-01-23 07:00:23,clusterB,25,4,4,0,1.00,0.5,0.5,0.0,0.0,0.0
2026-01-23 07:00:28,clusterA,25,4,4,0,1.00,0.5,0.5,0.0,0.0,0.0
2026-01-23 07:00:28,clusterB,25,4,4,0,1.00,0.5,0.5,0.0,0.0,0.0
2026-01-23 07:00:33,clusterA,26,4,4,0,1.00,0.5,0.5,0.0,0.0,0.0
2026-01-23 07:00:33,clusterB,26,4,4,0,1.00,0.5,0.5,0.0,0.0,0.0
2026-01-23 07:00:38,clusterA,26,4,4,0,1.00,0.5,0.5,0.0,0.0,0.0
2026-01-23 07:00:38,clusterB,26,4,4,0,1.00,0.5,0.5,0.0,0.0,0.0
2026-01-23 07:00:43,clusterA,26,4,4,0,1.00,0.5,0.5,0.0,0.0,0.0
2026-01-23 07:00:43,clusterB,26,4,4,0,1.00,0.5,0.5,0.0,0.0,0.0
2026-01-23 07:00:48,clusterA,26,4,4,0,1.00,0.5,0.5,0.0,0.0,0.0
2026-01-23 07:00:48,clusterB,26,4,4,0,1.00,0.5,0.5,0.0,0.0,0.0
2026-01-23 07:00:53,clusterA,26,4,4,0,1.00,0.5,0.5,0.0,0.0,0.0
2026-01-23 07:00:53,clusterB,26,4,4,0,1.00,0.5,0.5,0.0,0.0,0.0
2026-01-23 07:00:58,clusterA,26,4,4,0,1.00,0.5,0.5,0.0,0.0,0.0
2026-01-23 07:00:58,clusterB,26,4,4,0,1.00,0.5,0.5,0.0,0.0,0.0
2026-01-23 07:01:03,clusterA,26,4,4,0,1.00,0.5,0.5,0.0,0.0,0.0
2026-01-23 07:01:03,clusterB,26,4,4,0,1.00,0.5,0.5,0.0,0.0,0.0
2026-01-23 07:01:08,clusterA,26,4,4,0,1.00,0.5,0.5,0.0,0.0,0.0
2026-01-23 07:01:08,clusterB,26,4,4,0,1.00,0.5,0.5,0.0,0.0,0.0
2026-01-23 07:01:13,clusterA,26,4,4,0,1.00,0.5,0.5,0.0,0.0,0.0
2026-01-23 07:01:13,clusterB,26,4,4,0,1.00,0.5,0.5,0.0,0.0,0.0
2026-01-23 07:01:18,clusterA,26,4,4,0,1.00,0.5,0.5,0.0,0.0,0.0
2026-01-23 07:01:18,clusterB,26,4,4,0,1.00,0.5,0.5,0.0,0.0,0.0
2026-01-23 07:01:23,clusterA,26,4,4,0,1.00,0.5,0.5,0.0,0.0,0.0
2026-01-23 07:01:23,clusterB,26,4,4,0,1.00,0.5,0.5,0.0,0.0,0.0
2026-01-23 07:01:28,clusterA,27,4,4,0,1.00,0.5,0.5,0.0,0.0,0.0
2026-01-23 07:01:28,clusterB,27,4,4,0,1.00,0.5,0.5,0.0,0.0,0.0
2026-01-23 07:01:33,clusterA,27,4,4,0,1.00,0.5,0.5,0.0,0.0,0.0
2026-01-23 07:01:33,clusterB,27,4,4,0,1.00,0.5,0.5,0.0,0.0,0.0
2026-01-23 07:01:38,clusterA,27,4,4,0,1.00,0.5,0.5,0.0,0.0,0.0
2026-01-23 07:01:38,clusterB,27,4,4,0,1.00,0.5,0.5,0.0,0.0,0.0
2026-01-23 07:01:43,clusterA,27,4,4,0,1.00,0.5,0.5,0.0,0.0,0.0
2026-01-23 07:01:43,clusterB,27,4,4,0,1.00,0.5,0.5,0.0,0.0,0.0
2026-01-23 07:01:48,clusterA,27,4,4,0,1.00,0.5,0.5,0.0,0.0,0.0
2026-01-23 07:01:48,clusterB,27,4,4,0,1.00,0.5,0.5,0.0,0.0,0.0
2026-01-23 07:01:53,clusterA,27,4,4,0,1.00,0.5,0.5,0.0,0.0,0.0
2026-01-23 07:01:53,clusterB,27,4,4,0,1.00,0.5,0.5,0.0,0.0,0.0
2026-01-23 07:01:58,clusterA,27,4,4,0,1.00,0.5,0.5,0.0,0.0,0.0
2026-01-23 07:01:58,clusterB,27,4,4,0,1.00,0.5,0.5,0.0,0.0,0.0
2026-01-23 07:02:03,clusterA,27,4,4,0,1.00,0.5,0.5,0.0,0.0,0.0
2026-01-23 07:02:03,clusterB,27,4,4,0,1.00,0.5,0.5,0.0,0.0,0.0
2026-01-23 07:02:08,clusterA,27,4,4,0,1.00,0.5,0.5,0.0,0.0,0.0
2026-01-23 07:02:08,clusterB,27,4,4,0,1.00,0.5,0.5,0.0,0.0,0.0
2026-01-23 07:02:13,clusterA,27,4,4,0,1.00,0.5,0.5,0.0,0.0,0.0
2026-01-23 07:02:13,clusterB,27,4,4,0,1.00,0.5,0.5,0.0,0.0,0.0
2026-01-23 07:02:18,clusterA,27,4,4,0,1.00,0.5,0.5,0.0,0.0,0.0
2026-01-23 07:02:18,clusterB,27,4,4,0,1.00,0.5,0.5,0.0,0.0,0.0
2026-01-23 07:02:23,clusterA,27,4,4,0,1.00,0.5,0.5,0.0,0.0,0.0
2026-01-23 07:02:23,clusterB,27,4,4,0,1.00,0.5,0.5,0.0,0.0,0.0
2026-01-23 07:02:28,clusterA,27,4,4,0,1.00,0.5,0.5,0.0,0.0,0.0
2026-01-23 07:02:28,clusterB,27,4,4,0,1.00,0.5,0.5,0.0,0.0,0.0
2026-01-23 07:02:33,clusterA,27,4,4,0,1.00,0.5,0.5,0.0,0.0,0.0
2026-01-23 07:02:33,clusterB,27,4,4,0,1.00,0.5,0.5,0.0,0.0,0.0
2026-01-23 07:02:38,clusterA,27,4,4,0,1.00,0.5,0.5,0.0,0.0,0.0
2026-01-23 07:02:38,clusterB,27,4,4,0,1.00,0.5,0.5,0.0,0.0,0.0
2026-01-23 07:02:43,clusterA,27,4,4,0,1.00,0.5,0.5,0.0,0.0,0.0
2026-01-23 07:02:43,clusterB,27,4,4,0,1.00,0.5,0.5,0.0,0.0,0.0
2026-01-23 07:02:48,clusterA,27,4,4,0,1.00,0.5,0.5,0.0,0.0,0.0
2026-01-23 07:02:48,clusterB,27,4,4,0,1.00,0.5,0.5,0.0,0.0,0.0
2026-01-23 07:02:53,clusterA,27,4,4,0,1.00,0.5,0.5,0.0,0.0,0.0
2026-01-23 07:02:53,clusterB,27,4,4,0,1.00,0.5,0.5,0.0,0.0,0.0
2026-01-23 07:02:58,clusterA,27,4,4,0,1.00,0.5,0.5,0.0,0.0,0.0
2026-01-23 07:02:58,clusterB,27,4,4,0,1.00,0.5,0.5,0.0,0.0,0.0
2026-01-23 07:03:03,clusterA,27,4,4,0,1.00,0.5,0.5,0.0,0.0,0.0
2026-01-23 07:03:03,clusterB,27,4,4,0,1.00,0.5,0.5,0.0,0.0,0.0
2026-01-23 07:03:08,clusterA,27,4,4,0,1.00,0.5,0.5,0.0,0.0,0.0
2026-01-23 07:03:08,clusterB,27,4,4,0,1.00,0.5,0.5,0.0,0.0,0.0
2026-01-23 07:03:13,clusterA,27,4,4,0,1.00,0.5,0.5,0.0,0.0,0.0
2026-01-23 07:03:13,clusterB,27,4,4,0,1.00,0.5,0.5,0.0,0.0,0.0
2026-01-23 07:03:18,clusterA,27,4,4,0,1.00,0.5,0.5,0.0,0.0,0.0
2026-01-23 07:03:18,clusterB,27,4,4,0,1.00,0.5,0.5,0.0,0.0,0.0
2026-01-23 07:03:23,clusterA,27,4,4,0,1.00,0.5,0.5,0.0,0.0,0.0
2026-01-23 07:03:23,clusterB,27,4,4,0,1.00,0.5,0.5,0.0,0.0,0.0
2026-01-23 07:03:28,clusterA,27,4,4,0,1.00,0.5,0.5,0.0,0.0,0.0
2026-01-23 07:03:28,clusterB,27,4,4,0,1.00,0.5,0.5,0.0,0.0,0.0
2026-01-23 07:03:33,clusterA,27,4,4,0,1.00,0.5,0.5,0.0,0.0,0.0
2026-01-23 07:03:33,clusterB,27,4,4,0,1.00,0.5,0.5,0.0,0.0,0.0
2026-01-23 07:03:38,clusterA,27,4,4,0,1.00,0.5,0.5,0.0,0.0,0.0
2026-01-23 07:03:38,clusterB,27,4,4,0,1.00,0.5,0.5,0.0,0.0,0.0
2026-01-23 07:03:43,clusterA,27,4,4,0,1.00,0.5,0.5,0.0,0.0,0.0
2026-01-23 07:03:43,clusterB,27,4,4,0,1.00,0.5,0.5,0.0,0.0,0.0
2026-01-23 07:03:48,clusterA,27,4,4,0,1.00,0.5,0.5,0.0,0.0,0.0
2026-01-23 07:03:48,clusterB,27,4,4,0,1.00,0.5,0.5,0.0,0.0,0.0
2026-01-23 07:03:53,clusterA,27,4,4,0,1.00,0.5,0.5,0.0,0.0,0.0
2026-01-23 07:03:53,clusterB,27,4,4,0,1.00,0.5,0.5,0.0,0.0,0.0
2026-01-23 07:03:58,clusterA,27,4,4,0,1.00,0.5,0.5,0.0,0.0,0.0
2026-01-23 07:03:58,clusterB,27,4,4,0,1.00,0.5,0.5,0.0,0.0,0.0
2026-01-23 07:04:03,clusterA,28,4,4,0,1.00,0.5,0.5,0.0,0.0,0.0
2026-01-23 07:04:03,clusterB,28,4,4,0,1.00,0.5,0.5,0.0,0.0,0.0
2026-01-23 07:04:08,clusterA,28,4,4,0,1.00,0.5,0.5,0.0,0.0,0.0
2026-01-23 07:04:08,clusterB,28,4,4,0,1.00,0.5,0.5,0.0,0.0,0.0
2026-01-23 07:04:13,clusterA,28,4,4,0,1.00,0.5,0.5,0.0,0.0,0.0
2026-01-23 07:04:13,clusterB,28,4,4,0,1.00,0.5,0.5,0.0,0.0,0.0
2026-01-23 07:04:18,clusterA,28,4,4,0,1.00,0.5,0.5,0.0,0.0,0.0
2026-01-23 07:04:18,clusterB,28,4,4,0,1.00,0.5,0.5,0.0,0.0,0.0
2026-01-23 07:04:23,clusterA,28,4,4,0,1.00,0.5,0.5,0.0,0.0,0.0
2026-01-23 07:04:23,clusterB,28,4,4,0,1.00,0.5,0.5,0.0,0.0,0.0
2026-01-23 07:04:28,clusterA,28,4,4,0,1.00,0.5,0.5,0.0,0.0,0.0
2026-01-23 07:04:28,clusterB,28,4,4,0,1.00,0.5,0.5,0.0,0.0,0.0
2026-01-23 07:04:33,clusterA,28,4,4,0,1.00,0.5,0.5,0.0,0.0,0.0
2026-01-23 07:04:33,clusterB,28,4,4,0,1.00,0.5,0.5,0.0,0.0,0.0
2026-01-23 07:04:38,clusterA,28,4,4,0,1.00,0.5,0.5,0.0,0.0,0.0
2026-01-23 07:04:38,clusterB,28,4,4,0,1.00,0.5,0.5,0.0,0.0,0.0
2026-01-23 07:04:43,clusterA,28,4,4,0,1.00,0.5,0.5,0.0,0.0,0.0
2026-01-23 07:04:43,clusterB,28,4,4,0,1.00,0.5,0.5,0.0,0.0,0.0
2026-01-23 07:04:48,clusterA,28,4,4,0,1.00,0.5,0.5,0.0,0.0,0.0
2026-01-23 07:04:48,clusterB,28,4,4,0,1.00,0.5,0.5,0.0,0.0,0.0
2026-01-23 07:04:54,clusterA,28,4,4,0,1.00,0.5,0.5,0.0,0.0,0.0
2026-01-23 07:04:54,clusterB,28,4,4,0,1.00,0.5,0.5,0.0,0.0,0.0
2026-01-23 07:04:59,clusterA,28,4,4,0,1.00,0.5,0.5,0.0,0.0,0.0
2026-01-23 07:04:59,clusterB,28,4,4,0,1.00,0.5,0.5,0.0,0.0,0.0
2026-01-23 07:05:04,clusterA,28,4,4,0,1.00,0.5,0.5,0.0,0.0,0.0
2026-01-23 07:05:04,clusterB,28,4,4,0,1.00,0.5,0.5,0.0,0.0,0.0
2026-01-23 07:05:09,clusterA,28,4,4,0,1.00,0.5,0.5,0.0,0.0,0.0
2026-01-23 07:05:09,clusterB,28,4,4,0,1.00,0.5,0.5,0.0,0.0,0.0
2026-01-23 07:05:14,clusterA,28,4,4,0,1.00,0.5,0.5,0.0,0.0,0.0
2026-01-23 07:05:14,clusterB,28,4,4,0,1.00,0.5,0.5,0.0,0.0,0.0
2026-01-23 07:05:19,clusterA,28,4,4,0,1.00,0.5,0.5,0.0,0.0,0.0
2026-01-23 07:05:19,clusterB,28,4,4,0,1.00,0.5,0.5,0.0,0.0,0.0
2026-01-23 07:05:24,clusterA,28,4,4,0,1.00,0.5,0.5,0.0,0.0,0.0
2026-01-23 07:05:24,clusterB,28,4,4,0,1.00,0.5,0.5,0.0,0.0,0.0
2026-01-23 07:05:29,clusterA,28,4,4,0,1.00,0.5,0.5,0.0,0.0,0.0
2026-01-23 07:05:29,clusterB,28,4,4,0,1.00,0.5,0.5,0.0,0.0,0.0
2026-01-23 07:05:34,clusterA,28,4,4,0,1.00,0.5,0.5,0.0,0.0,0.0
2026-01-23 07:05:34,clusterB,28,4,4,0,1.00,0.5,0.5,0.0,0.0,0.0
2026-01-23 07:05:39,clusterA,28,4,4,0,1.00,0.5,0.5,0.0,0.0,0.0
2026-01-23 07:05:39,clusterB,28,4,4,0,1.00,0.5,0.5,0.0,0.0,0.0
2026-01-23 07:05:44,clusterA,28,4,4,0,1.00,0.5,0.5,0.0,0.0,0.0
2026-01-23 07:05:44,clusterB,28,4,4,0,1.00,0.5,0.5,0.0,0.0,0.0
2026-01-23 07:05:49,clusterA,28,4,4,0,1.00,0.5,0.5,0.0,0.0,0.0
2026-01-23 07:05:49,clusterB,28,4,4,0,1.00,0.5,0.5,0.0,0.0,0.0
2026-01-23 07:05:54,clusterA,28,4,4,0,1.00,0.5,0.5,0.0,0.0,0.0
2026-01-23 07:05:54,clusterB,28,4,4,0,1.00,0.5,0.5,0.0,0.0,0.0
2026-01-23 07:05:59,clusterA,28,4,4,0,1.00,0.5,0.5,0.0,0.0,0.0
2026-01-23 07:05:59,clusterB,28,4,4,0,1.00,0.5,0.5,0.0,0.0,0.0
2026-01-23 07:06:04,clusterA,28,4,4,0,1.00,0.5,0.5,0.0,0.0,0.0
2026-01-23 07:06:04,clusterB,28,4,4,0,1.00,0.5,0.5,0.0,0.0,0.0
2026-01-23 07:06:09,clusterA,28,4,4,0,1.00,0.5,0.5,0.0,0.0,0.0
2026-01-23 07:06:09,clusterB,28,4,4,0,1.00,0.5,0.5,0.0,0.0,0.0
2026-01-23 07:06:14,clusterA,28,4,4,0,1.00,0.5,0.5,0.0,0.0,0.0
2026-01-23 07:06:14,clusterB,28,4,4,0,1.00,0.5,0.5,0.0,0.0,0.0
2026-01-23 07:06:19,clusterA,28,4,4,0,1.00,0.5,0.5,0.0,0.0,0.0
2026-01-23 07:06:19,clusterB,28,4,4,0,1.00,0.5,0.5,0.0,0.0,0.0
2026-01-23 07:06:24,clusterA,28,4,4,0,1.00,0.5,0.5,0.0,0.0,0.0
2026-01-23 07:06:24,clusterB,28,4,4,0,1.00,0.5,0.5,0.0,0.0,0.0
2026-01-23 07:06:29,clusterA,28,4,4,0,1.00,0.5,0.5,0.0,0.0,0.0
2026-01-23 07:06:29,clusterB,28,4,4,0,1.00,0.5,0.5,0.0,0.0,0.0
2026-01-23 07:06:34,clusterA,28,4,4,0,1.00,0.5,0.5,0.0,0.0,0.0
2026-01-23 07:06:34,clusterB,28,4,4,0,1.00,0.5,0.5,0.0,0.0,0.0
2026-01-23 07:06:39,clusterA,28,4,4,0,1.00,0.5,0.5,0.0,0.0,0.0
2026-01-23 07:06:39,clusterB,28,4,4,0,1.00,0.5,0.5,0.0,0.0,0.0
2026-01-23 07:06:44,clusterA,28,4,4,0,1.00,0.5,0.5,0.0,0.0,0.0
2026-01-23 07:06:44,clusterB,28,4,4,0,1.00,0.5,0.5,0.0,0.0,0.0
2026-01-23 07:06:49,clusterA,28,4,4,0,1.00,0.5,0.5,0.0,0.0,0.0
2026-01-23 07:06:49,clusterB,28,4,4,0,1.00,0.5,0.5,0.0,0.0,0.0
2026-01-23 07:06:54,clusterA,28,4,4,0,1.00,0.5,0.5,0.0,0.0,0.0
2026-01-23 07:06:54,clusterB,28,4,4,0,1.00,0.5,0.5,0.0,0.0,0.0
2026-01-23 07:06:59,clusterA,28,4,4,0,1.00,0.5,0.5,0.0,0.0,0.0
2026-01-23 07:06:59,clusterB,28,4,4,0,1.00,0.5,0.5,0.0,0.0,0.0
2026-01-23 07:07:04,clusterA,28,4,4,0,1.00,0.5,0.5,0.0,0.0,0.0
2026-01-23 07:07:04,clusterB,28,4,4,0,1.00,0.5,0.5,0.0,0.0,0.0
2026-01-23 07:07:09,clusterA,28,4,4,0,1.00,0.5,0.5,0.0,0.0,0.0
2026-01-23 07:07:09,clusterB,28,4,4,0,1.00,0.5,0.5,0.0,0.0,0.0
2026-01-23 07:07:14,clusterA,28,4,4,0,1.00,0.5,0.5,0.0,0.0,0.0
2026-01-23 07:07:14,clusterB,28,4,4,0,1.00,0.5,0.5,0.0,0.0,0.0
2026-01-23 07:07:19,clusterA,28,4,4,0,1.00,0.5,0.5,0.0,0.0,0.0
2026-01-23 07:07:19,clusterB,28,4,4,0,1.00,0.5,0.5,0.0,0.0,0.0
2026-01-23 07:07:24,clusterA,28,4,4,0,1.00,0.5,0.5,0.0,0.0,0.0
2026-01-23 07:07:24,clusterB,28,4,4,0,1.00,0.5,0.5,0.0,0.0,0.0
2026-01-23 07:07:29,clusterA,28,4,4,0,1.00,0.5,0.5,0.0,0.0,0.0
2026-01-23 07:07:29,clusterB,28,4,4,0,1.00,0.5,0.5,0.0,0.0,0.0
2026-01-23 07:07:34,clusterA,28,4,4,0,1.00,0.5,0.5,0.0,0.0,0.0
2026-01-23 07:07:34,clusterB,28,4,4,0,1.00,0.5,0.5,0.0,0.0,0.0
2026-01-23 07:07:39,clusterA,28,4,4,0,1.00,0.5,0.5,0.0,0.0,0.0
2026-01-23 07:07:39,clusterB,28,4,4,0,1.00,0.5,0.5,0.0,0.0,0.0
2026-01-23 07:07:44,clusterA,28,4,4,0,1.00,0.5,0.5,0.0,0.0,0.0
2026-01-23 07:07:44,clusterB,28,4,4,0,1.00,0.5,0.5,0.0,0.0,0.0
2026-01-23 07:07:49,clusterA,28,4,4,0,1.00,0.5,0.5,0.0,0.0,0.0
2026-01-23 07:07:49,clusterB,28,4,4,0,1.00,0.5,0.5,0.0,0.0,0.0
2026-01-23 07:07:54,clusterA,28,4,4,0,1.00,0.5,0.5,0.0,0.0,0.0
2026-01-23 07:07:54,clusterB,28,4,4,0,1.00,0.5,0.5,0.0,0.0,0.0
2026-01-23 07:07:59,clusterA,28,4,4,0,1.00,0.5,0.5,0.0,0.0,0.0
2026-01-23 07:07:59,clusterB,28,4,4,0,1.00,0.5,0.5,0.0,0.0,0.0
2026-01-23 07:08:04,clusterA,28,4,4,0,1.00,0.5,0.5,0.0,0.0,0.0
2026-01-23 07:08:04,clusterB,28,4,4,0,1.00,0.5,0.5,0.0,0.0,0.0
2026-01-23 07:08:09,clusterA,28,4,4,0,1.00,0.5,0.5,0.0,0.0,0.0
2026-01-23 07:08:09,clusterB,28,4,4,0,1.00,0.5,0.5,0.0,0.0,0.0
2026-01-23 07:08:14,clusterA,28,4,4,0,1.00,0.5,0.5,0.0,0.0,0.0
2026-01-23 07:08:14,clusterB,28,4,4,0,1.00,0.5,0.5,0.0,0.0,0.0
2026-01-23 07:08:19,clusterA,28,4,4,0,1.00,0.5,0.5,0.0,0.0,0.0
2026-01-23 07:08:19,clusterB,28,4,4,0,1.00,0.5,0.5,0.0,0.0,0.0
2026-01-23 07:08:24,clusterA,28,4,4,0,1.00,0.5,0.5,0.0,0.0,0.0
2026-01-23 07:08:24,clusterB,28,4,4,0,1.00,0.5,0.5,0.0,0.0,0.0
2026-01-23 07:08:29,clusterA,28,4,4,0,1.00,0.5,0.5,0.0,0.0,0.0
2026-01-23 07:08:29,clusterB,28,4,4,0,1.00,0.5,0.5,0.0,0.0,0.0
2026-01-23 07:08:34,clusterA,28,4,4,0,1.00,0.5,0.5,0.0,0.0,0.0
2026-01-23 07:08:34,clusterB,28,4,4,0,1.00,0.5,0.5,0.0,0.0,0.0
2026-01-23 07:08:39,clusterA,28,4,4,0,1.00,0.5,0.5,0.0,0.0,0.0
2026-01-23 07:08:39,clusterB,28,4,4,0,1.00,0.5,0.5,0.0,0.0,0.0
2026-01-23 07:08:44,clusterA,28,4,4,0,1.00,0.5,0.5,0.0,0.0,0.0
2026-01-23 07:08:44,clusterB,28,4,4,0,1.00,0.5,0.5,0.0,0.0,0.0
2026-01-23 07:08:49,clusterA,28,4,4,0,1.00,0.5,0.5,0.0,0.0,0.0
2026-01-23 07:08:49,clusterB,28,4,4,0,1.00,0.5,0.5,0.0,0.0,0.0
2026-01-23 07:08:54,clusterA,28,4,4,0,1.00,0.5,0.5,0.0,0.0,0.0
2026-01-23 07:08:54,clusterB,28,4,4,0,1.00,0.5,0.5,0.0,0.0,0.0
2026-01-23 07:08:59,clusterA,28,4,4,0,1.00,0.5,0.5,0.0,0.0,0.0
2026-01-23 07:08:59,clusterB,28,4,4,0,1.00,0.5,0.5,0.0,0.0,0.0
2026-01-23 07:09:04,clusterA,28,4,4,0,1.00,0.5,0.5,0.0,0.0,0.0
2026-01-23 07:09:04,clusterB,28,4,4,0,1.00,0.5,0.5,0.0,0.0,0.0
2026-01-23 07:09:09,clusterA,28,4,4,0,1.00,0.5,0.5,0.0,0.0,0.0
2026-01-23 07:09:09,clusterB,28,4,4,0,1.00,0.5,0.5,0.0,0.0,0.0
2026-01-23 07:09:14,clusterA,28,4,4,0,1.00,0.5,0.5,0.0,0.0,0.0
2026-01-23 07:09:14,clusterB,28,4,4,0,1.00,0.5,0.5,0.0,0.0,0.0
2026-01-23 07:09:19,clusterA,28,4,4,0,1.00,0.5,0.5,0.0,0.0,0.0
2026-01-23 07:09:19,clusterB,28,4,4,0,1.00,0.5,0.5,0.0,0.0,0.0
2026-01-23 07:09:24,clusterA,28,4,4,0,1.00,0.5,0.5,0.0,0.0,0.0
2026-01-23 07:09:24,clusterB,28,4,4,0,1.00,0.5,0.5,0.0,0.0,0.0
2026-01-23 07:09:29,clusterA,28,4,4,0,1.00,0.5,0.5,0.0,0.0,0.0
2026-01-23 07:09:29,clusterB,28,4,4,0,1.00,0.5,0.5,0.0,0.0,0.0
2026-01-23 07:09:34,clusterA,28,4,4,0,1.00,0.5,0.5,0.0,0.0,0.0
2026-01-23 07:09:34,clusterB,28,4,4,0,1.00,0.5,0.5,0.0,0.0,0.0
2026-01-23 07:09:39,clusterA,28,4,4,0,1.00,0.5,0.5,0.0,0.0,0.0
2026-01-23 07:09:39,clusterB,28,4,4,0,1.00,0.5,0.5,0.0,0.0,0.0
2026-01-23 07:09:44,clusterA,28,4,4,0,1.00,0.5,0.5,0.0,0.0,0.0
2026-01-23 07:09:44,clusterB,28,4,4,0,1.00,0.5,0.5,0.0,0.0,0.0
2026-01-23 07:09:49,clusterA,28,4,4,0,1.00,0.5,0.5,0.0,0.0,0.0
2026-01-23 07:09:49,clusterB,28,4,4,0,1.00,0.5,0.5,0.0,0.0,0.0
2026-01-23 07:09:54,clusterA,28,4,4,0,1.00,0.5,0.5,0.0,0.0,0.0
2026-01-23 07:09:54,clusterB,28,4,4,0,1.00,0.5,0.5,0.0,0.0,0.0
2026-01-23 07:10:00,clusterA,28,4,4,0,1.00,0.5,0.5,0.0,0.0,0.0
2026-01-23 07:10:00,clusterB,28,4,4,0,1.00,0.5,0.5,0.0,0.0,0.0
2026-01-23 07:10:05,clusterA,28,4,4,0,1.00,0.5,0.5,0.0,0.0,0.0
2026-01-23 07:10:05,clusterB,28,4,4,0,1.00,0.5,0.5,0.0,0.0,0.0
2026-01-23 07:10:10,clusterA,28,4,4,0,1.00,0.5,0.5,0.0,0.0,0.0
2026-01-23 07:10:10,clusterB,28,4,4,0,1.00,0.5,0.5,0.0,0.0,0.0
2026-01-23 07:10:15,clusterA,28,4,4,0,1.00,0.5,0.5,0.0,0.0,0.0
2026-01-23 07:10:15,clusterB,28,4,4,0,1.00,0.5,0.5,0.0,0.0,0.0
2026-01-23 07:10:20,clusterA,28,4,4,0,1.00,0.5,0.5,0.0,0.0,0.0
2026-01-23 07:10:20,clusterB,28,4,4,0,1.00,0.5,0.5,0.0,0.0,0.0
2026-01-23 07:10:25,clusterA,28,4,4,0,1.00,0.5,0.5,0.0,0.0,0.0
2026-01-23 07:10:25,clusterB,28,4,4,0,1.00,0.5,0.5,0.0,0.0,0.0
2026-01-23 07:10:30,clusterA,28,4,4,0,1.00,0.5,0.5,0.0,0.0,0.0
2026-01-23 07:10:30,clusterB,28,4,4,0,1.00,0.5,0.5,0.0,0.0,0.0
2026-01-23 07:10:35,clusterA,28,4,4,0,1.00,0.5,0.5,0.0,0.0,0.0
2026-01-23 07:10:35,clusterB,28,4,4,0,1.00,0.5,0.5,0.0,0.0,0.0
2026-01-23 07:10:40,clusterA,28,4,4,0,1.00,0.5,0.5,0.0,0.0,0.0
2026-01-23 07:10:40,clusterB,28,4,4,0,1.00,0.5,0.5,0.0,0.0,0.0
2026-01-23 07:10:45,clusterA,28,4,4,0,1.00,0.5,0.5,0.0,0.0,0.0
2026-01-23 07:10:45,clusterB,28,4,4,0,1.00,0.5,0.5,0.0,0.0,0.0
2026-01-23 07:10:50,clusterA,28,4,4,0,1.00,0.5,0.5,0.0,0.0,0.0
2026-01-23 07:10:50,clusterB,28,4,4,0,1.00,0.5,0.5,0.0,0.0,0.0
2026-01-23 07:10:55,clusterA,28,4,4,0,1.00,0.5,0.5,0.0,0.0,0.0
2026-01-23 07:10:55,clusterB,28,4,4,0,1.00,0.5,0.5,0.0,0.0,0.0
2026-01-23 07:11:00,clusterA,28,4,4,0,1.00,0.5,0.5,0.0,0.0,0.0
2026-01-23 07:11:00,clusterB,28,4,4,0,1.00,0.5,0.5,0.0,0.0,0.0
2026-01-23 07:11:05,clusterA,28,4,4,0,1.00,0.5,0.5,0.0,0.0,0.0
2026-01-23 07:11:05,clusterB,28,4,4,0,1.00,0.5,0.5,0.0,0.0,0.0
2026-01-23 07:11:10,clusterA,28,4,4,0,1.00,0.5,0.5,0.0,0.0,0.0
2026-01-23 07:11:10,clusterB,28,4,4,0,1.00,0.5,0.5,0.0,0.0,0.0
2026-01-23 07:11:15,clusterA,28,4,4,0,1.00,0.5,0.5,0.0,0.0,0.0
2026-01-23 07:11:15,clusterB,28,4,4,0,1.00,0.5,0.5,0.0,0.0,0.0
2026-01-23 07:11:20,clusterA,28,4,4,0,1.00,0.5,0.5,0.0,0.0,0.0
2026-01-23 07:11:20,clusterB,28,4,4,0,1.00,0.5,0.5,0.0,0.0,0.0
2026-01-23 07:11:25,clusterA,28,4,4,0,1.00,0.5,0.5,0.0,0.0,0.0
2026-01-23 07:11:25,clusterB,28,4,4,0,1.00,0.5,0.5,0.0,0.0,0.0
2026-01-23 07:11:30,clusterA,28,4,4,0,1.00,0.5,0.5,0.0,0.0,0.0
2026-01-23 07:11:30,clusterB,28,4,4,0,1.00,0.5,0.5,0.0,0.0,0.0
2026-01-23 07:11:35,clusterA,28,4,4,0,1.00,0.5,0.5,0.0,0.0,0.0
2026-01-23 07:11:35,clusterB,28,4,4,0,1.00,0.5,0.5,0.0,0.0,0.0
2026-01-23 07:11:40,clusterA,28,4,4,0,1.00,0.5,0.5,0.0,0.0,0.0
2026-01-23 07:11:40,clusterB,28,4,4,0,1.00,0.5,0.5,0.0,0.0,0.0
2026-01-23 07:11:45,clusterA,28,4,4,0,1.00,0.5,0.5,0.0,0.0,0.0
2026-01-23 07:11:45,clusterB,28,4,4,0,1.00,0.5,0.5,0.0,0.0,0.0
2026-01-23 07:11:50,clusterA,28,4,4,0,1.00,0.5,0.5,0.0,0.0,0.0
2026-01-23 07:11:50,clusterB,28,4,4,0,1.00,0.5,0.5,0.0,0.0,0.0
2026-01-23 07:11:55,clusterA,28,4,4,0,1.00,0.5,0.5,0.0,0.0,0.0
2026-01-23 07:11:55,clusterB,28,4,4,0,1.00,0.5,0.5,0.0,0.0,0.0
2026-01-23 07:12:00,clusterA,28,4,4,0,1.00,0.5,0.5,0.0,0.0,0.0
2026-01-23 07:12:00,clusterB,28,4,4,0,1.00,0.5,0.5,0.0,0.0,0.0
2026-01-23 07:12:05,clusterA,28,4,4,0,1.00,0.5,0.5,0.0,0.0,0.0
2026-01-23 07:12:05,clusterB,28,4,4,0,1.00,0.5,0.5,0.0,0.0,0.0
2026-01-23 07:12:10,clusterA,28,4,4,0,1.00,0.5,0.5,0.0,0.0,0.0
2026-01-23 07:12:10,clusterB,28,4,4,0,1.00,0.5,0.5,0.0,0.0,0.0
2026-01-23 07:12:15,clusterA,28,4,4,0,1.00,0.5,0.5,0.0,0.0,0.0
2026-01-23 07:12:15,clusterB,28,4,4,0,1.00,0.5,0.5,0.0,0.0,0.0
2026-01-23 07:12:20,clusterA,28,4,4,0,1.00,0.5,0.5,0.0,0.0,0.0
2026-01-23 07:12:20,clusterB,28,4,4,0,1.00,0.5,0.5,0.0,0.0,0.0
2026-01-23 07:12:25,clusterA,28,4,4,0,1.00,0.5,0.5,0.0,0.0,0.0
2026-01-23 07:12:25,clusterB,28,4,4,0,1.00,0.5,0.5,0.0,0.0,0.0
2026-01-23 07:12:30,clusterA,28,4,4,0,1.00,0.5,0.5,0.0,0.0,0.0
2026-01-23 07:12:30,clusterB,28,4,4,0,1.00,0.5,0.5,0.0,0.0,0.0
2026-01-23 07:12:35,clusterA,28,4,4,0,1.00,0.5,0.5,0.0,0.0,0.0
2026-01-23 07:12:35,clusterB,28,4,4,0,1.00,0.5,0.5,0.0,0.0,0.0
2026-01-23 07:12:40,clusterA,28,4,4,0,1.00,0.5,0.5,0.0,0.0,0.0
2026-01-23 07:12:40,clusterB,28,4,4,0,1.00,0.5,0.5,0.0,0.0,0.0
2026-01-23 07:12:45,clusterA,28,4,4,0,1.00,0.5,0.5,0.0,0.0,0.0
2026-01-23 07:12:45,clusterB,28,4,4,0,1.00,0.5,0.5,0.0,0.0,0.0
2026-01-23 07:12:50,clusterA,28,4,4,0,1.00,0.5,0.5,0.0,0.0,0.0
2026-01-23 07:12:50,clusterB,28,4,4,0,1.00,0.5,0.5,0.0,0.0,0.0
2026-01-23 07:12:55,clusterA,28,4,4,0,1.00,0.5,0.5,0.0,0.0,0.0
2026-01-23 07:12:55,clusterB,28,4,4,0,1.00,0.5,0.5,0.0,0.0,0.0
2026-01-23 07:13:00,clusterA,28,4,4,0,1.00,0.5,0.5,0.0,0.0,0.0
2026-01-23 07:13:00,clusterB,28,4,4,0,1.00,0.5,0.5,0.0,0.0,0.0
2026-01-23 07:13:05,clusterA,28,4,4,0,1.00,0.5,0.5,0.0,0.0,0.0
2026-01-23 07:13:05,clusterB,28,4,4,0,1.00,0.5,0.5,0.0,0.0,0.0
2026-01-23 07:13:10,clusterA,28,4,3,1,0.75,0.5,0.5,0.0,0.0,0.0
2026-01-23 07:13:10,clusterB,28,4,4,0,1.00,0.5,0.5,0.0,0.0,0.0
2026-01-23 07:13:15,clusterA,28,4,3,1,0.75,0.5,0.5,0.0,0.0,0.0
2026-01-23 07:13:15,clusterB,28,4,4,0,1.00,0.5,0.5,0.0,0.0,0.0
2026-01-23 07:13:20,clusterA,28,4,3,1,0.75,0.5,0.5,0.0,0.0,0.0
2026-01-23 07:13:20,clusterB,28,4,4,0,1.00,0.5,0.5,0.0,0.0,0.0
2026-01-23 07:13:25,clusterA,28,4,3,1,0.75,0.5,0.5,0.0,0.0,0.0
2026-01-23 07:13:25,clusterB,28,4,4,0,1.00,0.5,0.5,0.0,0.0,0.0
2026-01-23 07:13:30,clusterA,28,4,3,1,0.75,0.5,0.5,0.0,0.0,0.0
2026-01-23 07:13:30,clusterB,28,4,4,0,1.00,0.5,0.5,0.0,0.0,0.0
2026-01-23 07:13:35,clusterA,28,4,3,1,0.75,0.5,0.5,0.0,0.0,0.0
2026-01-23 07:13:35,clusterB,28,4,4,0,1.00,0.5,0.5,0.0,0.0,0.0
2026-01-23 07:13:40,clusterA,28,4,3,1,0.75,0.5,0.5,0.0,0.0,0.0
2026-01-23 07:13:40,clusterB,28,4,4,0,1.00,0.5,0.5,0.0,0.0,0.0
2026-01-23 07:13:45,clusterA,28,4,3,1,0.75,0.5,0.5,0.0,0.0,0.0
2026-01-23 07:13:45,clusterB,28,4,4,0,1.00,0.5,0.5,0.0,0.0,0.0
2026-01-23 07:13:50,clusterA,28,4,3,1,0.75,0.5,0.5,0.0,0.0,0.0
2026-01-23 07:13:50,clusterB,28,4,4,0,1.00,0.5,0.5,0.0,0.0,0.0
2026-01-23 07:13:55,clusterA,28,4,3,1,0.75,0.5,0.5,0.0,0.0,0.0
2026-01-23 07:13:55,clusterB,28,4,4,0,1.00,0.5,0.5,0.0,0.0,0.0
2026-01-23 07:14:00,clusterA,28,4,3,1,0.75,0.5,0.5,0.0,0.0,0.0
2026-01-23 07:14:00,clusterB,28,4,4,0,1.00,0.5,0.5,0.0,0.0,0.0
2026-01-23 07:14:05,clusterA,28,4,3,1,0.75,0.5,0.5,0.0,0.0,0.0
2026-01-23 07:14:05,clusterB,28,4,4,0,1.00,0.5,0.5,0.0,0.0,0.0
2026-01-23 07:14:10,clusterA,28,4,3,1,0.75,0.5,0.5,0.0,0.0,0.0
2026-01-23 07:14:10,clusterB,28,4,4,0,1.00,0.5,0.5,0.0,0.0,0.0
2026-01-23 07:14:15,clusterA,28,4,3,1,0.75,0.5,0.5,0.0,0.0,0.0
2026-01-23 07:14:15,clusterB,28,4,4,0,1.00,0.5,0.5,0.0,0.0,0.0
2026-01-23 07:14:20,clusterA,28,4,3,1,0.75,0.5,0.5,0.0,0.0,0.0
2026-01-23 07:14:20,clusterB,28,4,4,0,1.00,0.5,0.5,0.0,0.0,0.0
2026-01-23 07:14:25,clusterA,28,4,3,1,0.75,0.5,0.5,0.0,0.0,0.0
2026-01-23 07:14:25,clusterB,28,4,4,0,1.00,0.5,0.5,0.0,0.0,0.0
2026-01-23 07:14:30,clusterA,28,4,3,1,0.75,0.5,0.5,0.0,0.0,0.0
2026-01-23 07:14:30,clusterB,28,4,4,0,1.00,0.5,0.5,0.0,0.0,0.0
2026-01-23 07:14:35,clusterA,28,4,3,1,0.75,0.5,0.5,0.0,0.0,0.0
2026-01-23 07:14:35,clusterB,28,4,4,0,1.00,0.5,0.5,0.0,0.0,0.0
2026-01-23 07:14:40,clusterA,28,4,3,1,0.75,0.5,0.5,0.0,0.0,0.0
2026-01-23 07:14:40,clusterB,28,4,4,0,1.00,0.5,0.5,0.0,0.0,0.0
2026-01-23 07:14:45,clusterA,28,4,3,1,0.75,0.5,0.5,0.0,0.0,0.0
2026-01-23 07:14:45,clusterB,28,4,4,0,1.00,0.5,0.5,0.0,0.0,0.0
2026-01-23 07:14:50,clusterA,28,4,3,1,0.75,0.5,0.5,0.0,0.0,0.0
2026-01-23 07:14:50,clusterB,28,4,4,0,1.00,0.5,0.5,0.0,0.0,0.0
2026-01-23 07:14:55,clusterA,28,4,3,1,0.75,0.5,0.5,0.0,0.0,0.0
2026-01-23 07:14:55,clusterB,28,4,4,0,1.00,0.5,0.5,0.0,0.0,0.0
2026-01-23 07:15:00,clusterA,28,4,3,1,0.75,0.5,0.5,0.0,0.0,0.0
2026-01-23 07:15:00,clusterB,28,4,4,0,1.00,0.5,0.5,0.0,0.0,0.0
2026-01-23 07:15:05,clusterA,28,4,3,1,0.75,0.5,0.5,0.0,0.0,0.0
2026-01-23 07:15:05,clusterB,28,4,4,0,1.00,0.5,0.5,0.0,0.0,0.0
2026-01-23 07:15:10,clusterA,28,4,3,1,0.75,0.5,0.5,0.0,0.0,0.0
2026-01-23 07:15:10,clusterB,28,4,4,0,1.00,0.5,0.5,0.0,0.0,0.0
2026-01-23 07:15:15,clusterA,28,4,3,1,0.75,0.5,0.5,0.0,0.0,0.0
2026-01-23 07:15:15,clusterB,28,4,4,0,1.00,0.5,0.5,0.0,0.0,0.0
2026-01-23 07:15:20,clusterA,28,4,3,1,0.75,0.5,0.5,0.0,0.0,0.0
2026-01-23 07:15:20,clusterB,28,4,4,0,1.00,0.5,0.5,0.0,0.0,0.0
2026-01-23 07:15:26,clusterA,28,4,3,1,0.75,0.5,0.5,0.0,0.0,0.0
2026-01-23 07:15:26,clusterB,28,4,4,0,1.00,0.5,0.5,0.0,0.0,0.0
2026-01-23 07:15:31,clusterA,28,4,3,1,0.75,0.5,0.5,0.0,0.0,0.0
2026-01-23 07:15:31,clusterB,28,4,4,0,1.00,0.5,0.5,0.0,0.0,0.0
2026-01-23 07:15:36,clusterA,28,4,3,1,0.75,0.5,0.5,0.0,0.0,0.0
2026-01-23 07:15:36,clusterB,28,4,4,0,1.00,0.5,0.5,0.0,0.0,0.0
2026-01-23 07:15:41,clusterA,28,4,3,1,0.75,0.5,0.5,0.0,0.0,0.0
2026-01-23 07:15:41,clusterB,28,4,4,0,1.00,0.5,0.5,0.0,0.0,0.0
2026-01-23 07:15:46,clusterA,28,4,3,1,0.75,0.5,0.5,0.0,0.0,0.0
2026-01-23 07:15:46,clusterB,28,4,4,0,1.00,0.5,0.5,0.0,0.0,0.0
2026-01-23 07:15:51,clusterA,28,4,3,1,0.75,0.5,0.5,0.0,0.0,0.0
2026-01-23 07:15:51,clusterB,28,4,4,0,1.00,0.5,0.5,0.0,0.0,0.0
2026-01-23 07:15:56,clusterA,28,4,3,1,0.75,0.5,0.5,0.0,0.0,0.0
2026-01-23 07:15:56,clusterB,28,4,4,0,1.00,0.5,0.5,0.0,0.0,0.0
2026-01-23 07:16:01,clusterA,28,4,3,1,0.75,0.5,0.5,0.0,0.0,0.0
2026-01-23 07:16:01,clusterB,28,4,4,0,1.00,0.5,0.5,0.0,0.0,0.0
2026-01-23 07:16:06,clusterA,28,4,3,1,0.75,0.5,0.5,0.0,0.0,0.0
2026-01-23 07:16:06,clusterB,28,4,4,0,1.00,0.5,0.5,0.0,0.0,0.0
2026-01-23 07:16:11,clusterA,28,4,3,1,0.75,0.5,0.5,0.0,0.0,0.0
2026-01-23 07:16:11,clusterB,28,4,4,0,1.00,0.5,0.5,0.0,0.0,0.0
2026-01-23 07:16:16,clusterA,28,4,3,1,0.75,0.5,0.5,0.0,0.0,0.0
2026-01-23 07:16:16,clusterB,28,4,4,0,1.00,0.5,0.5,0.0,0.0,0.0
2026-01-23 07:16:21,clusterA,28,4,3,1,0.75,0.5,0.5,0.0,0.0,0.0
2026-01-23 07:16:21,clusterB,28,4,4,0,1.00,0.5,0.5,0.0,0.0,0.0
2026-01-23 07:16:26,clusterA,28,4,3,1,0.75,0.5,0.5,0.0,0.0,0.0
2026-01-23 07:16:26,clusterB,28,4,4,0,1.00,0.5,0.5,0.0,0.0,0.0
2026-01-23 07:16:31,clusterA,28,4,3,1,0.75,0.5,0.5,0.0,0.0,0.0
2026-01-23 07:16:31,clusterB,28,4,4,0,1.00,0.5,0.5,0.0,0.0,0.0
2026-01-23 07:16:36,clusterA,28,4,3,1,0.75,0.5,0.5,0.0,0.0,0.0
2026-01-23 07:16:36,clusterB,28,4,4,0,1.00,0.5,0.5,0.0,0.0,0.0
2026-01-23 07:16:41,clusterA,28,4,3,1,0.75,0.5,0.5,0.0,0.0,0.0
2026-01-23 07:16:41,clusterB,28,4,4,0,1.00,0.5,0.5,0.0,0.0,0.0
2026-01-23 07:16:46,clusterA,28,4,3,1,0.75,0.5,0.5,0.0,0.0,0.0
2026-01-23 07:16:46,clusterB,28,4,4,0,1.00,0.5,0.5,0.0,0.0,0.0
2026-01-23 07:16:51,clusterA,28,4,3,1,0.75,0.5,0.5,0.0,0.0,0.0
2026-01-23 07:16:51,clusterB,28,4,4,0,1.00,0.5,0.5,0.0,0.0,0.0
2026-01-23 07:16:56,clusterA,28,4,3,1,0.75,0.5,0.5,0.0,0.0,0.0
2026-01-23 07:16:56,clusterB,28,4,4,0,1.00,0.5,0.5,0.0,0.0,0.0
2026-01-23 07:17:01,clusterA,28,4,3,1,0.75,0.5,0.5,0.0,0.0,0.0
2026-01-23 07:17:01,clusterB,28,4,4,0,1.00,0.5,0.5,0.0,0.0,0.0
2026-01-23 07:17:06,clusterA,28,4,3,1,0.75,0.5,0.5,0.0,0.0,0.0
2026-01-23 07:17:06,clusterB,28,4,4,0,1.00,0.5,0.5,0.0,0.0,0.0
2026-01-23 07:17:11,clusterA,28,4,3,1,0.75,0.5,0.5,0.0,0.0,0.0
2026-01-23 07:17:11,clusterB,28,4,4,0,1.00,0.5,0.5,0.0,0.0,0.0
2026-01-23 07:17:16,clusterA,28,4,3,1,0.75,0.5,0.5,0.0,0.0,0.0
2026-01-23 07:17:16,clusterB,28,4,4,0,1.00,0.5,0.5,0.0,0.0,0.0
2026-01-23 07:17:21,clusterA,28,4,3,1,0.75,0.5,0.5,0.0,0.0,0.0
2026-01-23 07:17:21,clusterB,28,4,4,0,1.00,0.5,0.5,0.0,0.0,0.0
2026-01-23 07:17:26,clusterA,28,4,3,1,0.75,0.5,0.5,0.0,0.0,0.0
2026-01-23 07:17:26,clusterB,28,4,4,0,1.00,0.5,0.5,0.0,0.0,0.0
2026-01-23 07:17:31,clusterA,28,4,3,1,0.75,0.5,0.5,0.0,0.0,0.0
2026-01-23 07:17:31,clusterB,28,4,4,0,1.00,0.5,0.5,0.0,0.0,0.0
2026-01-23 07:17:36,clusterA,28,4,3,1,0.75,0.5,0.5,0.0,0.0,0.0
2026-01-23 07:17:36,clusterB,28,4,4,0,1.00,0.5,0.5,0.0,0.0,0.0
2026-01-23 07:17:41,clusterA,28,4,3,1,0.75,0.5,0.5,0.0,0.0,0.0
2026-01-23 07:17:41,clusterB,28,4,4,0,1.00,0.5,0.5,0.0,0.0,0.0
2026-01-23 07:17:46,clusterA,28,4,3,1,0.75,0.5,0.5,0.0,0.0,0.0
2026-01-23 07:17:46,clusterB,28,4,4,0,1.00,0.5,0.5,0.0,0.0,0.0
2026-01-23 07:17:51,clusterA,28,4,3,1,0.75,0.5,0.5,0.0,0.0,0.0
2026-01-23 07:17:51,clusterB,28,4,4,0,1.00,0.5,0.5,0.0,0.0,0.0
2026-01-23 07:17:56,clusterA,28,4,3,1,0.75,0.5,0.5,0.0,0.0,0.0
2026-01-23 07:17:56,clusterB,28,4,4,0,1.00,0.5,0.5,0.0,0.0,0.0
2026-01-23 07:18:01,clusterA,28,4,3,1,0.75,0.5,0.5,0.0,0.0,0.0
2026-01-23 07:18:01,clusterB,28,4,4,0,1.00,0.5,0.5,0.0,0.0,0.0
2026-01-23 07:18:06,clusterA,28,4,3,1,0.75,0.5,0.5,0.0,0.0,0.0
2026-01-23 07:18:06,clusterB,28,4,4,0,1.00,0.5,0.5,0.0,0.0,0.0
2026-01-23 07:18:11,clusterA,28,4,3,1,0.75,0.5,0.5,0.0,0.0,0.0
2026-01-23 07:18:11,clusterB,28,4,4,0,1.00,0.5,0.5,0.0,0.0,0.0
2026-01-23 07:18:16,clusterA,28,4,3,1,0.75,0.5,0.5,0.0,0.0,0.0
2026-01-23 07:18:16,clusterB,28,4,4,0,1.00,0.5,0.5,0.0,0.0,0.0
2026-01-23 07:18:21,clusterA,28,4,3,1,0.75,0.5,0.5,0.0,0.0,0.0
2026-01-23 07:18:21,clusterB,28,4,4,0,1.00,0.5,0.5,0.0,0.0,0.0
2026-01-23 07:18:26,clusterA,28,4,3,1,0.75,0.5,0.5,0.0,0.0,0.0
2026-01-23 07:18:26,clusterB,28,4,4,0,1.00,0.5,0.5,0.0,0.0,0.0
2026-01-23 07:18:31,clusterA,28,4,3,1,0.75,0.5,0.5,0.0,0.0,0.0
2026-01-23 07:18:31,clusterB,28,4,4,0,1.00,0.5,0.5,0.0,0.0,0.0
2026-01-23 07:18:36,clusterA,28,4,3,1,0.75,0.5,0.5,0.0,0.0,0.0
2026-01-23 07:18:36,clusterB,28,4,4,0,1.00,0.5,0.5,0.0,0.0,0.0
2026-01-23 07:18:41,clusterA,28,4,3,1,0.75,0.5,0.5,0.0,0.0,0.0
2026-01-23 07:18:41,clusterB,28,4,4,0,1.00,0.5,0.5,0.0,0.0,0.0
2026-01-23 07:18:46,clusterA,28,4,3,1,0.75,0.5,0.5,0.0,0.0,0.0
2026-01-23 07:18:46,clusterB,28,4,4,0,1.00,0.5,0.5,0.0,0.0,0.0
2026-01-23 07:18:51,clusterA,28,4,3,1,0.75,0.5,0.5,0.0,0.0,0.0
2026-01-23 07:18:51,clusterB,28,4,4,0,1.00,0.5,0.5,0.0,0.0,0.0
2026-01-23 07:18:56,clusterA,28,4,3,1,0.75,0.5,0.5,0.0,0.0,0.0
2026-01-23 07:18:56,clusterB,28,4,4,0,1.00,0.5,0.5,0.0,0.0,0.0
2026-01-23 07:19:01,clusterA,28,4,3,1,0.75,0.5,0.5,0.0,0.0,0.0
2026-01-23 07:19:01,clusterB,28,4,4,0,1.00,0.5,0.5,0.0,0.0,0.0
2026-01-23 07:19:06,clusterA,28,4,3,1,0.75,0.5,0.5,0.0,0.0,0.0
2026-01-23 07:19:06,clusterB,28,4,4,0,1.00,0.5,0.5,0.0,0.0,0.0
2026-01-23 07:19:11,clusterA,28,4,3,1,0.75,0.5,0.5,0.0,0.0,0.0
2026-01-23 07:19:11,clusterB,28,4,4,0,1.00,0.5,0.5,0.0,0.0,0.0
2026-01-23 07:19:16,clusterA,28,4,3,1,0.75,0.5,0.5,0.0,0.0,0.0
2026-01-23 07:19:16,clusterB,28,4,4,0,1.00,0.5,0.5,0.0,0.0,0.0
2026-01-23 07:19:21,clusterA,28,4,3,1,0.75,0.5,0.5,0.0,0.0,0.0
2026-01-23 07:19:21,clusterB,28,4,4,0,1.00,0.5,0.5,0.0,0.0,0.0
2026-01-23 07:19:26,clusterA,28,4,3,1,0.75,0.5,0.5,0.0,0.0,0.0
2026-01-23 07:19:26,clusterB,28,4,4,0,1.00,0.5,0.5,0.0,0.0,0.0
2026-01-23 07:19:31,clusterA,28,4,3,1,0.75,0.5,0.5,0.0,0.0,0.0
2026-01-23 07:19:31,clusterB,28,4,4,0,1.00,0.5,0.5,0.0,0.0,0.0
2026-01-23 07:19:36,clusterA,28,4,3,1,0.75,0.5,0.5,0.0,0.0,0.0
2026-01-23 07:19:36,clusterB,28,4,4,0,1.00,0.5,0.5,0.0,0.0,0.0
2026-01-23 07:19:41,clusterA,28,4,3,1,0.75,0.5,0.5,0.0,0.0,0.0
2026-01-23 07:19:41,clusterB,28,4,4,0,1.00,0.5,0.5,0.0,0.0,0.0
2026-01-23 07:19:46,clusterA,28,4,3,1,0.75,0.5,0.5,0.0,0.0,0.0
2026-01-23 07:19:46,clusterB,28,4,4,0,1.00,0.5,0.5,0.0,0.0,0.0
2026-01-23 07:19:51,clusterA,28,4,3,1,0.75,0.5,0.5,0.0,0.0,0.0
2026-01-23 07:19:51,clusterB,28,4,4,0,1.00,0.5,0.5,0.0,0.0,0.0
2026-01-23 07:19:56,clusterA,28,4,3,1,0.75,0.5,0.5,0.0,0.0,0.0
2026-01-23 07:19:56,clusterB,28,4,4,0,1.00,0.5,0.5,0.0,0.0,0.0
2026-01-23 07:20:01,clusterA,28,4,3,1,0.75,0.5,0.5,0.0,0.0,0.0
2026-01-23 07:20:01,clusterB,28,4,4,0,1.00,0.5,0.5,0.0,0.0,0.0
2026-01-23 07:20:06,clusterA,28,4,3,1,0.75,0.5,0.5,0.0,0.0,0.0
2026-01-23 07:20:06,clusterB,28,4,4,0,1.00,0.5,0.5,0.0,0.0,0.0
2026-01-23 07:20:11,clusterA,28,4,3,1,0.75,0.5,0.5,0.0,0.0,0.0
2026-01-23 07:20:11,clusterB,28,4,4,0,1.00,0.5,0.5,0.0,0.0,0.0
2026-01-23 07:20:16,clusterA,28,4,3,1,0.75,0.5,0.5,0.0,0.0,0.0
2026-01-23 07:20:16,clusterB,28,4,4,0,1.00,0.5,0.5,0.0,0.0,0.0
2026-01-23 07:20:21,clusterA,28,4,3,1,0.75,0.5,0.5,0.0,0.0,0.0
2026-01-23 07:20:21,clusterB,28,4,4,0,1.00,0.5,0.5,0.0,0.0,0.0
2026-01-23 07:20:26,clusterA,28,4,3,1,0.75,0.5,0.5,0.0,0.0,0.0
2026-01-23 07:20:26,clusterB,28,4,4,0,1.00,0.5,0.5,0.0,0.0,0.0
2026-01-23 07:20:31,clusterA,28,4,3,1,0.75,0.5,0.5,0.0,0.0,0.0
2026-01-23 07:20:31,clusterB,28,4,4,0,1.00,0.5,0.5,0.0,0.0,0.0
2026-01-23 07:20:36,clusterA,28,4,3,1,0.75,0.5,0.5,0.0,0.0,0.0
2026-01-23 07:20:36,clusterB,28,4,4,0,1.00,0.5,0.5,0.0,0.0,0.0
2026-01-23 07:20:41,clusterA,28,4,3,1,0.75,0.5,0.5,0.0,0.0,0.0
2026-01-23 07:20:41,clusterB,28,4,4,0,1.00,0.5,0.5,0.0,0.0,0.0
2026-01-23 07:20:46,clusterA,28,4,3,1,0.75,0.5,0.5,0.0,0.0,0.0
2026-01-23 07:20:46,clusterB,28,4,4,0,1.00,0.5,0.5,0.0,0.0,0.0
2026-01-23 07:20:52,clusterA,28,4,3,1,0.75,0.5,0.5,0.0,0.0,0.0
2026-01-23 07:20:52,clusterB,28,4,4,0,1.00,0.5,0.5,0.0,0.0,0.0
2026-01-23 07:20:57,clusterA,28,4,3,1,0.75,0.5,0.5,0.0,0.0,0.0
2026-01-23 07:20:57,clusterB,28,4,4,0,1.00,0.5,0.5,0.0,0.0,0.0
2026-01-23 07:21:02,clusterA,28,4,3,1,0.75,0.5,0.5,0.0,0.0,0.0
2026-01-23 07:21:02,clusterB,28,4,4,0,1.00,0.5,0.5,0.0,0.0,0.0
2026-01-23 07:21:07,clusterA,28,4,3,1,0.75,0.5,0.5,0.0,0.0,0.0
2026-01-23 07:21:07,clusterB,28,4,4,0,1.00,0.5,0.5,0.0,0.0,0.0
2026-01-23 07:21:12,clusterA,28,4,3,1,0.75,0.5,0.5,0.0,0.0,0.0
2026-01-23 07:21:12,clusterB,28,4,4,0,1.00,0.5,0.5,0.0,0.0,0.0
2026-01-23 07:21:17,clusterA,28,4,3,1,0.75,0.5,0.5,0.0,0.0,0.0
2026-01-23 07:21:17,clusterB,28,4,4,0,1.00,0.5,0.5,0.0,0.0,0.0
2026-01-23 07:21:22,clusterA,28,4,3,1,0.75,0.5,0.5,0.0,0.0,0.0
2026-01-23 07:21:22,clusterB,28,4,4,0,1.00,0.5,0.5,0.0,0.0,0.0
2026-01-23 07:21:27,clusterA,28,4,3,1,0.75,0.5,0.5,0.0,0.0,0.0
2026-01-23 07:21:27,clusterB,28,4,4,0,1.00,0.5,0.5,0.0,0.0,0.0
2026-01-23 07:21:32,clusterA,28,4,3,1,0.75,0.5,0.5,0.0,0.0,0.0
2026-01-23 07:21:32,clusterB,28,4,4,0,1.00,0.5,0.5,0.0,0.0,0.0
2026-01-23 07:21:37,clusterA,28,4,3,1,0.75,0.5,0.5,0.0,0.0,0.0
2026-01-23 07:21:37,clusterB,28,4,4,0,1.00,0.5,0.5,0.0,0.0,0.0
2026-01-23 07:21:42,clusterA,28,4,3,1,0.75,0.5,0.5,0.0,0.0,0.0
2026-01-23 07:21:42,clusterB,28,4,4,0,1.00,0.5,0.5,0.0,0.0,0.0
2026-01-23 07:21:47,clusterA,28,4,3,1,0.75,0.5,0.5,0.0,0.0,0.0
2026-01-23 07:21:47,clusterB,28,4,4,0,1.00,0.5,0.5,0.0,0.0,0.0
2026-01-23 07:21:52,clusterA,28,4,3,1,0.75,0.5,0.5,0.0,0.0,0.0
2026-01-23 07:21:52,clusterB,28,4,4,0,1.00,0.5,0.5,0.0,0.0,0.0
2026-01-23 07:21:57,clusterA,28,4,3,1,0.75,0.5,0.5,0.0,0.0,0.0
2026-01-23 07:21:57,clusterB,28,4,4,0,1.00,0.5,0.5,0.0,0.0,0.0
2026-01-23 07:22:02,clusterA,28,4,3,1,0.75,0.5,0.5,0.0,0.0,0.0
2026-01-23 07:22:02,clusterB,28,4,4,0,1.00,0.5,0.5,0.0,0.0,0.0
2026-01-23 07:22:07,clusterA,28,4,3,1,0.75,0.5,0.5,0.0,0.0,0.0
2026-01-23 07:22:07,clusterB,28,4,4,0,1.00,0.5,0.5,0.0,0.0,0.0
2026-01-23 07:22:12,clusterA,28,4,3,1,0.75,0.5,0.5,0.0,0.0,0.0
2026-01-23 07:22:12,clusterB,28,4,4,0,1.00,0.5,0.5,0.0,0.0,0.0
2026-01-23 07:22:17,clusterA,28,4,3,1,0.75,0.5,0.5,0.0,0.0,0.0
2026-01-23 07:22:17,clusterB,28,4,4,0,1.00,0.5,0.5,0.0,0.0,0.0
2026-01-23 07:22:22,clusterA,28,4,3,1,0.75,0.5,0.5,0.0,0.0,0.0
2026-01-23 07:22:22,clusterB,28,4,4,0,1.00,0.5,0.5,0.0,0.0,0.0
2026-01-23 07:22:27,clusterA,28,4,3,1,0.75,0.5,0.5,0.0,0.0,0.0
2026-01-23 07:22:27,clusterB,28,4,4,0,1.00,0.5,0.5,0.0,0.0,0.0
2026-01-23 07:22:32,clusterA,28,4,3,1,0.75,0.5,0.5,0.0,0.0,0.0
2026-01-23 07:22:32,clusterB,28,4,4,0,1.00,0.5,0.5,0.0,0.0,0.0
2026-01-23 07:22:37,clusterA,28,4,3,1,0.75,0.5,0.5,0.0,0.0,0.0
2026-01-23 07:22:37,clusterB,28,4,4,0,1.00,0.5,0.5,0.0,0.0,0.0
2026-01-23 07:22:42,clusterA,28,4,3,1,0.75,0.5,0.5,0.0,0.0,0.0
2026-01-23 07:22:42,clusterB,28,4,4,0,1.00,0.5,0.5,0.0,0.0,0.0
2026-01-23 07:22:47,clusterA,28,4,3,1,0.75,0.5,0.5,0.0,0.0,0.0
2026-01-23 07:22:47,clusterB,28,4,4,0,1.00,0.5,0.5,0.0,0.0,0.0
2026-01-23 07:22:52,clusterA,28,4,3,1,0.75,0.5,0.5,0.0,0.0,0.0
2026-01-23 07:22:52,clusterB,28,4,4,0,1.00,0.5,0.5,0.0,0.0,0.0
2026-01-23 07:22:57,clusterA,28,4,3,1,0.75,0.5,0.5,0.0,0.0,0.0
2026-01-23 07:22:57,clusterB,28,4,4,0,1.00,0.5,0.5,0.0,0.0,0.0
2026-01-23 07:23:02,clusterA,28,4,3,1,0.75,0.5,0.5,0.0,0.0,0.0
2026-01-23 07:23:02,clusterB,28,4,4,0,1.00,0.5,0.5,0.0,0.0,0.0
2026-01-23 07:23:07,clusterA,28,4,3,1,0.75,0.5,0.5,0.0,0.0,0.0
2026-01-23 07:23:07,clusterB,28,4,4,0,1.00,0.5,0.5,0.0,0.0,0.0
2026-01-23 07:23:12,clusterA,28,4,3,1,0.75,0.5,0.5,0.0,0.0,0.0
2026-01-23 07:23:12,clusterB,28,4,4,0,1.00,0.5,0.5,0.0,0.0,0.0
2026-01-23 07:23:17,clusterA,28,4,3,1,0.75,0.5,0.5,0.0,0.0,0.0
2026-01-23 07:23:17,clusterB,28,4,4,0,1.00,0.5,0.5,0.0,0.0,0.0
2026-01-23 07:23:22,clusterA,28,4,3,1,0.75,0.5,0.5,0.0,0.0,0.0
2026-01-23 07:23:22,clusterB,28,4,4,0,1.00,0.5,0.5,0.0,0.0,0.0
2026-01-23 07:23:27,clusterA,28,4,3,1,0.75,0.5,0.5,0.0,0.0,0.0
2026-01-23 07:23:27,clusterB,28,4,4,0,1.00,0.5,0.5,0.0,0.0,0.0
2026-01-23 07:23:32,clusterA,28,4,3,1,0.75,0.5,0.5,0.0,0.0,0.0
2026-01-23 07:23:32,clusterB,28,4,0,4,0.00,0.5,0.5,0.0,0.0,0.0
2026-01-23 07:23:37,clusterA,26,4,4,0,1.00,0.5,0.5,0.0,0.0,0.0
2026-01-23 07:23:37,clusterB,26,4,4,0,1.00,0.5,0.5,0.0,0.0,0.0
2026-01-23 07:23:43,clusterA,26,4,4,0,1.00,0.5,0.5,0.0,0.0,0.0
2026-01-23 07:23:43,clusterB,26,4,4,0,1.00,0.5,0.5,0.0,0.0,0.0
2026-01-23 07:23:48,clusterA,26,4,4,0,1.00,0.5,0.5,0.0,0.0,0.0
2026-01-23 07:23:48,clusterB,26,4,4,0,1.00,0.5,0.5,0.0,0.0,0.0
2026-01-23 07:23:53,clusterA,26,4,4,0,1.00,0.5,0.5,0.0,0.0,0.0
2026-01-23 07:23:53,clusterB,26,4,4,0,1.00,0.5,0.5,0.0,0.0,0.0
2026-01-23 07:23:58,clusterA,26,4,4,0,1.00,0.5,0.5,0.0,0.0,0.0
2026-01-23 07:23:58,clusterB,26,4,4,0,1.00,0.5,0.5,0.0,0.0,0.0
2026-01-23 07:24:03,clusterA,26,4,4,0,1.00,0.5,0.5,0.0,0.0,0.0
2026-01-23 07:24:03,clusterB,26,4,4,0,1.00,0.5,0.5,0.0,0.0,0.0
2026-01-23 07:24:08,clusterA,26,4,4,0,1.00,0.5,0.5,0.0,0.0,0.0
2026-01-23 07:24:08,clusterB,26,4,4,0,1.00,0.5,0.5,0.0,0.0,0.0
2026-01-23 07:24:13,clusterA,26,4,4,0,1.00,0.5,0.5,0.0,0.0,0.0
2026-01-23 07:24:13,clusterB,26,4,4,0,1.00,0.5,0.5,0.0,0.0,0.0
2026-01-23 07:24:18,clusterA,26,4,4,0,1.00,0.5,0.5,0.0,0.0,0.0
2026-01-23 07:24:18,clusterB,26,4,4,0,1.00,0.5,0.5,0.0,0.0,0.0
2026-01-23 07:24:23,clusterA,26,4,4,0,1.00,0.5,0.5,0.0,0.0,0.0
2026-01-23 07:24:23,clusterB,26,4,4,0,1.00,0.5,0.5,0.0,0.0,0.0
2026-01-23 07:24:28,clusterA,26,4,4,0,1.00,0.5,0.5,0.0,0.0,0.0
2026-01-23 07:24:28,clusterB,26,4,4,0,1.00,0.5,0.5,0.0,0.0,0.0
2026-01-23 07:24:33,clusterA,26,4,4,0,1.00,0.5,0.5,0.0,0.0,0.0
2026-01-23 07:24:33,clusterB,26,4,4,0,1.00,0.5,0.5,0.0,0.0,0.0
2026-01-23 07:24:38,clusterA,26,4,4,0,1.00,0.5,0.5,0.0,0.0,0.0
2026-01-23 07:24:38,clusterB,26,4,4,0,1.00,0.5,0.5,0.0,0.0,0.0
2026-01-23 07:24:43,clusterA,26,4,4,0,1.00,0.5,0.5,0.0,0.0,0.0
2026-01-23 07:24:43,clusterB,26,4,4,0,1.00,0.5,0.5,0.0,0.0,0.0
2026-01-23 07:24:48,clusterA,26,4,4,0,1.00,0.5,0.5,0.0,0.0,0.0
2026-01-23 07:24:48,clusterB,26,4,4,0,1.00,0.5,0.5,0.0,0.0,0.0
2026-01-23 07:24:53,clusterA,26,4,4,0,1.00,0.5,0.5,0.0,0.0,0.0
2026-01-23 07:24:53,clusterB,26,4,4,0,1.00,0.5,0.5,0.0,0.0,0.0
2026-01-23 07:24:58,clusterA,26,4,4,0,1.00,0.5,0.5,0.0,0.0,0.0
2026-01-23 07:24:58,clusterB,26,4,4,0,1.00,0.5,0.5,0.0,0.0,0.0
2026-01-23 07:25:03,clusterA,26,4,4,0,1.00,0.5,0.5,0.0,0.0,0.0
2026-01-23 07:25:03,clusterB,26,4,4,0,1.00,0.5,0.5,0.0,0.0,0.0
2026-01-23 07:25:08,clusterA,26,4,4,0,1.00,0.5,0.5,0.0,0.0,0.0
2026-01-23 07:25:08,clusterB,26,4,4,0,1.00,0.5,0.5,0.0,0.0,0.0
2026-01-23 07:25:13,clusterA,26,4,4,0,1.00,0.5,0.5,0.0,0.0,0.0
2026-01-23 07:25:13,clusterB,26,4,4,0,1.00,0.5,0.5,0.0,0.0,0.0
2026-01-23 07:25:18,clusterA,26,4,4,0,1.00,0.5,0.5,0.0,0.0,0.0
2026-01-23 07:25:18,clusterB,26,4,4,0,1.00,0.5,0.5,0.0,0.0,0.0
2026-01-23 07:25:23,clusterA,26,4,4,0,1.00,0.5,0.5,0.0,0.0,0.0
2026-01-23 07:25:23,clusterB,26,4,4,0,1.00,0.5,0.5,0.0,0.0,0.0
2026-01-23 07:25:28,clusterA,26,4,4,0,1.00,0.5,0.5,0.0,0.0,0.0
2026-01-23 07:25:28,clusterB,26,4,4,0,1.00,0.5,0.5,0.0,0.0,0.0
2026-01-23 07:25:33,clusterA,26,4,4,0,1.00,0.5,0.5,0.0,0.0,0.0
2026-01-23 07:25:33,clusterB,26,4,4,0,1.00,0.5,0.5,0.0,0.0,0.0
2026-01-23 07:25:38,clusterA,26,4,4,0,1.00,0.5,0.5,0.0,0.0,0.0
2026-01-23 07:25:38,clusterB,26,4,4,0,1.00,0.5,0.5,0.0,0.0,0.0
2026-01-23 07:25:43,clusterA,26,4,4,0,1.00,0.5,0.5,0.0,0.0,0.0
2026-01-23 07:25:43,clusterB,26,4,4,0,1.00,0.5,0.5,0.0,0.0,0.0
2026-01-23 07:25:48,clusterA,26,4,4,0,1.00,0.5,0.5,0.0,0.0,0.0
2026-01-23 07:25:48,clusterB,26,4,4,0,1.00,0.5,0.5,0.0,0.0,0.0
2026-01-23 07:25:53,clusterA,26,4,4,0,1.00,0.5,0.5,0.0,0.0,0.0
2026-01-23 07:25:53,clusterB,26,4,4,0,1.00,0.5,0.5,0.0,0.0,0.0
2026-01-23 07:25:58,clusterA,26,4,4,0,1.00,0.5,0.5,0.0,0.0,0.0
2026-01-23 07:25:58,clusterB,26,4,4,0,1.00,0.5,0.5,0.0,0.0,0.0
2026-01-23 07:26:03,clusterA,26,4,4,0,1.00,0.5,0.5,0.0,0.0,0.0
2026-01-23 07:26:03,clusterB,26,4,4,0,1.00,0.5,0.5,0.0,0.0,0.0
2026-01-23 07:26:08,clusterA,26,4,4,0,1.00,0.5,0.5,0.0,0.0,0.0
2026-01-23 07:26:08,clusterB,26,4,4,0,1.00,0.5,0.5,0.0,0.0,0.0
2026-01-23 07:26:13,clusterA,26,4,4,0,1.00,0.5,0.5,0.0,0.0,0.0
2026-01-23 07:26:13,clusterB,26,4,4,0,1.00,0.5,0.5,0.0,0.0,0.0
2026-01-23 07:26:18,clusterA,26,4,4,0,1.00,0.5,0.5,0.0,0.0,0.0
2026-01-23 07:26:18,clusterB,26,4,4,0,1.00,0.5,0.5,0.0,0.0,0.0
2026-01-23 07:26:23,clusterA,26,4,4,0,1.00,0.5,0.5,0.0,0.0,0.0
2026-01-23 07:26:23,clusterB,26,4,4,0,1.00,0.5,0.5,0.0,0.0,0.0
2026-01-23 07:26:28,clusterA,26,4,4,0,1.00,0.5,0.5,0.0,0.0,0.0
2026-01-23 07:26:28,clusterB,26,4,4,0,1.00,0.5,0.5,0.0,0.0,0.0
2026-01-23 07:26:33,clusterA,26,4,4,0,1.00,0.5,0.5,0.0,0.0,0.0
2026-01-23 07:26:33,clusterB,26,4,4,0,1.00,0.5,0.5,0.0,0.0,0.0
2026-01-23 07:26:38,clusterA,26,4,4,0,1.00,0.5,0.5,0.0,0.0,0.0
2026-01-23 07:26:38,clusterB,26,4,4,0,1.00,0.5,0.5,0.0,0.0,0.0
2026-01-23 07:26:43,clusterA,26,4,4,0,1.00,0.5,0.5,0.0,0.0,0.0
2026-01-23 07:26:43,clusterB,26,4,4,0,1.00,0.5,0.5,0.0,0.0,0.0
2026-01-23 07:26:48,clusterA,26,4,4,0,1.00,0.5,0.5,0.0,0.0,0.0
2026-01-23 07:26:48,clusterB,26,4,4,0,1.00,0.5,0.5,0.0,0.0,0.0
2026-01-23 07:26:53,clusterA,26,4,4,0,1.00,0.5,0.5,0.0,0.0,0.0
2026-01-23 07:26:53,clusterB,26,4,4,0,1.00,0.5,0.5,0.0,0.0,0.0
2026-01-23 07:26:58,clusterA,26,4,4,0,1.00,0.5,0.5,0.0,0.0,0.0
2026-01-23 07:26:58,clusterB,26,4,4,0,1.00,0.5,0.5,0.0,0.0,0.0
2026-01-23 07:27:03,clusterA,26,4,4,0,1.00,0.5,0.5,0.0,0.0,0.0
2026-01-23 07:27:03,clusterB,26,4,4,0,1.00,0.5,0.5,0.0,0.0,0.0
2026-01-23 07:27:08,clusterA,26,4,4,0,1.00,0.5,0.5,0.0,0.0,0.0
2026-01-23 07:27:08,clusterB,26,4,4,0,1.00,0.5,0.5,0.0,0.0,0.0
2026-01-23 07:27:13,clusterA,26,4,4,0,1.00,0.5,0.5,0.0,0.0,0.0
2026-01-23 07:27:13,clusterB,26,4,4,0,1.00,0.5,0.5,0.0,0.0,0.0
2026-01-23 07:27:18,clusterA,26,4,4,0,1.00,0.5,0.5,0.0,0.0,0.0
2026-01-23 07:27:18,clusterB,26,4,4,0,1.00,0.5,0.5,0.0,0.0,0.0
2026-01-23 07:27:23,clusterA,26,4,4,0,1.00,0.5,0.5,0.0,0.0,0.0
2026-01-23 07:27:23,clusterB,26,4,4,0,1.00,0.5,0.5,0.0,0.0,0.0
2026-01-23 07:27:28,clusterA,26,4,4,0,1.00,0.5,0.5,0.0,0.0,0.0
2026-01-23 07:27:28,clusterB,26,4,4,0,1.00,0.5,0.5,0.0,0.0,0.0
2026-01-23 07:27:33,clusterA,26,4,4,0,1.00,0.5,0.5,0.0,0.0,0.0
2026-01-23 07:27:33,clusterB,26,4,4,0,1.00,0.5,0.5,0.0,0.0,0.0
2026-01-23 07:27:38,clusterA,26,4,4,0,1.00,0.5,0.5,0.0,0.0,0.0
2026-01-23 07:27:38,clusterB,26,4,4,0,1.00,0.5,0.5,0.0,0.0,0.0
2026-01-23 07:27:43,clusterA,26,4,4,0,1.00,0.5,0.5,0.0,0.0,0.0
2026-01-23 07:27:43,clusterB,26,4,4,0,1.00,0.5,0.5,0.0,0.0,0.0
2026-01-23 07:27:48,clusterA,26,4,4,0,1.00,0.5,0.5,0.0,0.0,0.0
2026-01-23 07:27:48,clusterB,26,4,4,0,1.00,0.5,0.5,0.0,0.0,0.0
2026-01-23 07:27:53,clusterA,26,4,4,0,1.00,0.5,0.5,0.0,0.0,0.0
2026-01-23 07:27:53,clusterB,26,4,4,0,1.00,0.5,0.5,0.0,0.0,0.0
2026-01-23 07:27:58,clusterA,26,4,4,0,1.00,0.5,0.5,0.0,0.0,0.0
2026-01-23 07:27:58,clusterB,26,4,4,0,1.00,0.5,0.5,0.0,0.0,0.0
2026-01-23 07:28:03,clusterA,26,4,4,0,1.00,0.5,0.5,0.0,0.0,0.0
2026-01-23 07:28:03,clusterB,26,4,4,0,1.00,0.5,0.5,0.0,0.0,0.0
2026-01-23 07:28:08,clusterA,26,4,4,0,1.00,0.5,0.5,0.0,0.0,0.0
2026-01-23 07:28:08,clusterB,26,4,4,0,1.00,0.5,0.5,0.0,0.0,0.0
2026-01-23 07:28:13,clusterA,26,4,4,0,1.00,0.5,0.5,0.0,0.0,0.0
2026-01-23 07:28:13,clusterB,26,4,4,0,1.00,0.5,0.5,0.0,0.0,0.0
2026-01-23 07:28:18,clusterA,26,4,4,0,1.00,0.5,0.5,0.0,0.0,0.0
2026-01-23 07:28:18,clusterB,26,4,4,0,1.00,0.5,0.5,0.0,0.0,0.0
2026-01-23 07:28:23,clusterA,26,4,4,0,1.00,0.5,0.5,0.0,0.0,0.0
2026-01-23 07:28:23,clusterB,26,4,4,0,1.00,0.5,0.5,0.0,0.0,0.0
2026-01-23 07:28:28,clusterA,26,4,4,0,1.00,0.5,0.5,0.0,0.0,0.0
2026-01-23 07:28:28,clusterB,26,4,4,0,1.00,0.5,0.5,0.0,0.0,0.0
2026-01-23 07:28:33,clusterA,26,4,4,0,1.00,0.5,0.5,0.0,0.0,0.0
2026-01-23 07:28:33,clusterB,26,4,4,0,1.00,0.5,0.5,0.0,0.0,0.0
2026-01-23 07:28:38,clusterA,26,4,4,0,1.00,0.5,0.5,0.0,0.0,0.0
2026-01-23 07:28:38,clusterB,26,4,4,0,1.00,0.5,0.5,0.0,0.0,0.0
2026-01-23 07:28:43,clusterA,26,4,4,0,1.00,0.5,0.5,0.0,0.0,0.0
2026-01-23 07:28:43,clusterB,26,4,4,0,1.00,0.5,0.5,0.0,0.0,0.0
2026-01-23 07:28:48,clusterA,26,4,4,0,1.00,0.5,0.5,0.0,0.0,0.0
2026-01-23 07:28:48,clusterB,26,4,4,0,1.00,0.5,0.5,0.0,0.0,0.0
2026-01-23 07:28:53,clusterA,26,4,4,0,1.00,0.5,0.5,0.0,0.0,0.0
2026-01-23 07:28:53,clusterB,26,4,4,0,1.00,0.5,0.5,0.0,0.0,0.0
2026-01-23 07:28:58,clusterA,26,4,4,0,1.00,0.5,0.5,0.0,0.0,0.0
2026-01-23 07:28:58,clusterB,26,4,4,0,1.00,0.5,0.5,0.0,0.0,0.0
2026-01-23 07:29:03,clusterA,26,4,4,0,1.00,0.5,0.5,0.0,0.0,0.0
2026-01-23 07:29:03,clusterB,26,4,4,0,1.00,0.5,0.5,0.0,0.0,0.0
2026-01-23 07:29:09,clusterA,26,4,4,0,1.00,0.5,0.5,0.0,0.0,0.0
2026-01-23 07:29:09,clusterB,26,4,4,0,1.00,0.5,0.5,0.0,0.0,0.0
2026-01-23 07:29:14,clusterA,26,4,4,0,1.00,0.5,0.5,0.0,0.0,0.0
2026-01-23 07:29:14,clusterB,26,4,4,0,1.00,0.5,0.5,0.0,0.0,0.0
2026-01-23 07:29:19,clusterA,26,4,4,0,1.00,0.5,0.5,0.0,0.0,0.0
2026-01-23 07:29:19,clusterB,26,4,4,0,1.00,0.5,0.5,0.0,0.0,0.0
2026-01-23 07:29:24,clusterA,26,4,4,0,1.00,0.5,0.5,0.0,0.0,0.0
2026-01-23 07:29:24,clusterB,26,4,4,0,1.00,0.5,0.5,0.0,0.0,0.0
2026-01-23 07:29:29,clusterA,26,4,4,0,1.00,0.5,0.5,0.0,0.0,0.0
2026-01-23 07:29:29,clusterB,26,4,4,0,1.00,0.5,0.5,0.0,0.0,0.0
2026-01-23 07:29:34,clusterA,26,4,4,0,1.00,0.5,0.5,0.0,0.0,0.0
2026-01-23 07:29:34,clusterB,26,4,4,0,1.00,0.5,0.5,0.0,0.0,0.0
2026-01-23 07:29:39,clusterA,26,4,4,0,1.00,0.5,0.5,0.0,0.0,0.0
2026-01-23 07:29:39,clusterB,26,4,4,0,1.00,0.5,0.5,0.0,0.0,0.0
2026-01-23 07:29:44,clusterA,26,4,4,0,1.00,0.5,0.5,0.0,0.0,0.0
2026-01-23 07:29:44,clusterB,26,4,4,0,1.00,0.5,0.5,0.0,0.0,0.0
2026-01-23 07:29:49,clusterA,26,4,4,0,1.00,0.5,0.5,0.0,0.0,0.0
2026-01-23 07:29:49,clusterB,26,4,4,0,1.00,0.5,0.5,0.0,0.0,0.0
2026-01-23 07:29:54,clusterA,26,4,4,0,1.00,0.5,0.5,0.0,0.0,0.0
2026-01-23 07:29:54,clusterB,26,4,4,0,1.00,0.5,0.5,0.0,0.0,0.0
2026-01-23 07:29:59,clusterA,26,4,4,0,1.00,0.5,0.5,0.0,0.0,0.0
2026-01-23 07:29:59,clusterB,26,4,4,0,1.00,0.5,0.5,0.0,0.0,0.0
2026-01-23 07:30:04,clusterA,26,4,4,0,1.00,0.5,0.5,0.0,0.0,0.0
2026-01-23 07:30:04,clusterB,26,4,4,0,1.00,0.5,0.5,0.0,0.0,0.0
2026-01-23 07:30:09,clusterA,26,4,4,0,1.00,0.5,0.5,0.0,0.0,0.0
2026-01-23 07:30:09,clusterB,26,4,4,0,1.00,0.5,0.5,0.0,0.0,0.0
2026-01-23 07:30:14,clusterA,26,4,4,0,1.00,0.5,0.5,0.0,0.0,0.0
2026-01-23 07:30:14,clusterB,26,4,4,0,1.00,0.5,0.5,0.0,0.0,0.0
2026-01-23 07:30:19,clusterA,26,4,4,0,1.00,0.5,0.5,0.0,0.0,0.0
2026-01-23 07:30:19,clusterB,26,4,4,0,1.00,0.5,0.5,0.0,0.0,0.0
2026-01-23 07:30:24,clusterA,26,4,4,0,1.00,0.5,0.5,0.0,0.0,0.0
2026-01-23 07:30:24,clusterB,26,4,4,0,1.00,0.5,0.5,0.0,0.0,0.0
2026-01-23 07:30:29,clusterA,26,4,4,0,1.00,0.5,0.5,0.0,0.0,0.0
2026-01-23 07:30:29,clusterB,26,4,4,0,1.00,0.5,0.5,0.0,0.0,0.0
2026-01-23 07:30:34,clusterA,26,4,4,0,1.00,0.5,0.5,0.0,0.0,0.0
2026-01-23 07:30:34,clusterB,26,4,4,0,1.00,0.5,0.5,0.0,0.0,0.0
2026-01-23 07:30:39,clusterA,26,4,4,0,1.00,0.5,0.5,0.0,0.0,0.0
2026-01-23 07:30:39,clusterB,26,4,4,0,1.00,0.5,0.5,0.0,0.0,0.0
2026-01-23 07:30:44,clusterA,26,4,4,0,1.00,0.5,0.5,0.0,0.0,0.0
2026-01-23 07:30:44,clusterB,26,4,4,0,1.00,0.5,0.5,0.0,0.0,0.0
2026-01-23 07:30:49,clusterA,26,4,4,0,1.00,0.5,0.5,0.0,0.0,0.0
2026-01-23 07:30:49,clusterB,26,4,4,0,1.00,0.5,0.5,0.0,0.0,0.0
2026-01-23 07:30:54,clusterA,26,4,4,0,1.00,0.5,0.5,0.0,0.0,0.0
2026-01-23 07:30:54,clusterB,26,4,4,0,1.00,0.5,0.5,0.0,0.0,0.0
2026-01-23 07:30:59,clusterA,26,4,4,0,1.00,0.5,0.5,0.0,0.0,0.0
2026-01-23 07:30:59,clusterB,26,4,4,0,1.00,0.5,0.5,0.0,0.0,0.0
2026-01-23 07:31:04,clusterA,26,4,4,0,1.00,0.5,0.5,0.0,0.0,0.0
2026-01-23 07:31:04,clusterB,26,4,4,0,1.00,0.5,0.5,0.0,0.0,0.0
2026-01-23 07:31:09,clusterA,26,4,4,0,1.00,0.5,0.5,0.0,0.0,0.0
2026-01-23 07:31:09,clusterB,26,4,4,0,1.00,0.5,0.5,0.0,0.0,0.0
2026-01-23 07:31:14,clusterA,26,4,4,0,1.00,0.5,0.5,0.0,0.0,0.0
2026-01-23 07:31:14,clusterB,26,4,4,0,1.00,0.5,0.5,0.0,0.0,0.0
2026-01-23 07:31:19,clusterA,26,4,4,0,1.00,0.5,0.5,0.0,0.0,0.0
2026-01-23 07:31:19,clusterB,26,4,4,0,1.00,0.5,0.5,0.0,0.0,0.0
2026-01-23 07:31:24,clusterA,26,4,4,0,1.00,0.5,0.5,0.0,0.0,0.0
2026-01-23 07:31:24,clusterB,26,4,4,0,1.00,0.5,0.5,0.0,0.0,0.0
2026-01-23 07:31:29,clusterA,26,4,4,0,1.00,0.5,0.5,0.0,0.0,0.0
2026-01-23 07:31:29,clusterB,26,4,4,0,1.00,0.5,0.5,0.0,0.0,0.0
2026-01-23 07:31:34,clusterA,26,4,4,0,1.00,0.5,0.5,0.0,0.0,0.0
2026-01-23 07:31:34,clusterB,26,4,4,0,1.00,0.5,0.5,0.0,0.0,0.0
2026-01-23 07:31:39,clusterA,26,4,4,0,1.00,0.5,0.5,0.0,0.0,0.0
2026-01-23 07:31:39,clusterB,26,4,4,0,1.00,0.5,0.5,0.0,0.0,0.0
2026-01-23 07:31:44,clusterA,26,4,4,0,1.00,0.5,0.5,0.0,0.0,0.0
2026-01-23 07:31:44,clusterB,26,4,4,0,1.00,0.5,0.5,0.0,0.0,0.0
2026-01-23 07:31:49,clusterA,26,4,4,0,1.00,0.5,0.5,0.0,0.0,0.0
2026-01-23 07:31:49,clusterB,26,4,4,0,1.00,0.5,0.5,0.0,0.0,0.0
2026-01-23 07:31:54,clusterA,26,4,4,0,1.00,0.5,0.5,0.0,0.0,0.0
2026-01-23 07:31:54,clusterB,26,4,4,0,1.00,0.5,0.5,0.0,0.0,0.0
2026-01-23 07:31:59,clusterA,26,4,4,0,1.00,0.5,0.5,0.0,0.0,0.0
2026-01-23 07:31:59,clusterB,26,4,4,0,1.00,0.5,0.5,0.0,0.0,0.0
2026-01-23 07:32:04,clusterA,26,4,4,0,1.00,0.5,0.5,0.0,0.0,0.0
2026-01-23 07:32:04,clusterB,26,4,4,0,1.00,0.5,0.5,0.0,0.0,0.0
2026-01-23 07:32:09,clusterA,26,4,4,0,1.00,0.5,0.5,0.0,0.0,0.0
2026-01-23 07:32:09,clusterB,26,4,4,0,1.00,0.5,0.5,0.0,0.0,0.0
2026-01-23 07:32:14,clusterA,26,4,4,0,1.00,0.5,0.5,0.0,0.0,0.0
2026-01-23 07:32:14,clusterB,26,4,4,0,1.00,0.5,0.5,0.0,0.0,0.0
2026-01-23 07:32:19,clusterA,26,4,4,0,1.00,0.5,0.5,0.0,0.0,0.0
2026-01-23 07:32:19,clusterB,26,4,4,0,1.00,0.5,0.5,0.0,0.0,0.0
2026-01-23 07:32:24,clusterA,26,4,4,0,1.00,0.5,0.5,0.0,0.0,0.0
2026-01-23 07:32:24,clusterB,26,4,4,0,1.00,0.5,0.5,0.0,0.0,0.0
2026-01-23 07:32:29,clusterA,26,4,4,0,1.00,0.5,0.5,0.0,0.0,0.0
2026-01-23 07:32:29,clusterB,26,4,4,0,1.00,0.5,0.5,0.0,0.0,0.0
2026-01-23 07:32:34,clusterA,26,4,4,0,1.00,0.5,0.5,0.0,0.0,0.0
2026-01-23 07:32:34,clusterB,26,4,4,0,1.00,0.5,0.5,0.0,0.0,0.0
2026-01-23 07:32:39,clusterA,26,4,4,0,1.00,0.5,0.5,0.0,0.0,0.0
2026-01-23 07:32:39,clusterB,26,4,4,0,1.00,0.5,0.5,0.0,0.0,0.0
2026-01-23 07:32:44,clusterA,26,4,4,0,1.00,0.5,0.5,0.0,0.0,0.0
2026-01-23 07:32:44,clusterB,26,4,4,0,1.00,0.5,0.5,0.0,0.0,0.0
2026-01-23 07:32:49,clusterA,26,4,4,0,1.00,0.5,0.5,0.0,0.0,0.0
2026-01-23 07:32:49,clusterB,26,4,4,0,1.00,0.5,0.5,0.0,0.0,0.0
2026-01-23 07:32:54,clusterA,26,4,4,0,1.00,0.5,0.5,0.0,0.0,0.0
2026-01-23 07:32:54,clusterB,26,4,4,0,1.00,0.5,0.5,0.0,0.0,0.0
2026-01-23 07:32:59,clusterA,26,4,4,0,1.00,0.5,0.5,0.0,0.0,0.0
2026-01-23 07:32:59,clusterB,26,4,4,0,1.00,0.5,0.5,0.0,0.0,0.0
2026-01-23 07:33:04,clusterA,26,4,4,0,1.00,0.5,0.5,0.0,0.0,0.0
2026-01-23 07:33:04,clusterB,26,4,4,0,1.00,0.5,0.5,0.0,0.0,0.0
2026-01-23 07:33:09,clusterA,26,4,4,0,1.00,0.5,0.5,0.0,0.0,0.0
2026-01-23 07:33:09,clusterB,26,4,4,0,1.00,0.5,0.5,0.0,0.0,0.0
2026-01-23 07:33:14,clusterA,26,4,4,0,1.00,0.5,0.5,0.0,0.0,0.0
2026-01-23 07:33:14,clusterB,26,4,4,0,1.00,0.5,0.5,0.0,0.0,0.0
2026-01-23 07:33:19,clusterA,26,4,4,0,1.00,0.5,0.5,0.0,0.0,0.0
2026-01-23 07:33:19,clusterB,26,4,4,0,1.00,0.5,0.5,0.0,0.0,0.0
2026-01-23 07:33:24,clusterA,26,4,4,0,1.00,0.5,0.5,0.0,0.0,0.0
2026-01-23 07:33:24,clusterB,26,4,4,0,1.00,0.5,0.5,0.0,0.0,0.0
2026-01-23 07:33:29,clusterA,26,4,4,0,1.00,0.5,0.5,0.0,0.0,0.0
2026-01-23 07:33:29,clusterB,26,4,4,0,1.00,0.5,0.5,0.0,0.0,0.0
2026-01-23 07:33:34,clusterA,26,4,4,0,1.00,0.5,0.5,0.0,0.0,0.0
2026-01-23 07:33:34,clusterB,26,4,4,0,1.00,0.5,0.5,0.0,0.0,0.0
2026-01-23 07:33:39,clusterA,26,4,4,0,1.00,0.5,0.5,0.0,0.0,0.0
2026-01-23 07:33:39,clusterB,26,4,4,0,1.00,0.5,0.5,0.0,0.0,0.0
2026-01-23 07:33:44,clusterA,26,4,4,0,1.00,0.5,0.5,0.0,0.0,0.0
2026-01-23 07:33:44,clusterB,26,4,4,0,1.00,0.5,0.5,0.0,0.0,0.0
2026-01-23 07:33:49,clusterA,26,4,4,0,1.00,0.5,0.5,0.0,0.0,0.0
2026-01-23 07:33:49,clusterB,26,4,4,0,1.00,0.5,0.5,0.0,0.0,0.0
2026-01-23 07:33:54,clusterA,26,4,4,0,1.00,0.5,0.5,0.0,0.0,0.0
2026-01-23 07:33:54,clusterB,26,4,4,0,1.00,0.5,0.5,0.0,0.0,0.0
2026-01-23 07:33:59,clusterA,26,4,4,0,1.00,0.5,0.5,0.0,0.0,0.0
2026-01-23 07:33:59,clusterB,26,4,4,0,1.00,0.5,0.5,0.0,0.0,0.0
2026-01-23 07:34:04,clusterA,26,4,4,0,1.00,0.5,0.5,0.0,0.0,0.0
2026-01-23 07:34:04,clusterB,26,4,4,0,1.00,0.5,0.5,0.0,0.0,0.0
2026-01-23 07:34:09,clusterA,26,4,4,0,1.00,0.5,0.5,0.0,0.0,0.0
2026-01-23 07:34:09,clusterB,26,4,4,0,1.00,0.5,0.5,0.0,0.0,0.0
2026-01-23 07:34:14,clusterA,26,4,4,0,1.00,0.5,0.5,0.0,0.0,0.0
2026-01-23 07:34:14,clusterB,26,4,4,0,1.00,0.5,0.5,0.0,0.0,0.0
2026-01-23 07:34:19,clusterA,26,4,4,0,1.00,0.5,0.5,0.0,0.0,0.0
2026-01-23 07:34:19,clusterB,26,4,4,0,1.00,0.5,0.5,0.0,0.0,0.0
2026-01-23 07:34:24,clusterA,26,4,4,0,1.00,0.5,0.5,0.0,0.0,0.0
2026-01-23 07:34:24,clusterB,26,4,4,0,1.00,0.5,0.5,0.0,0.0,0.0
2026-01-23 07:34:29,clusterA,26,4,4,0,1.00,0.5,0.5,0.0,0.0,0.0
2026-01-23 07:34:29,clusterB,26,4,4,0,1.00,0.5,0.5,0.0,0.0,0.0
2026-01-23 07:34:34,clusterA,26,4,4,0,1.00,0.5,0.5,0.0,0.0,0.0
2026-01-23 07:34:34,clusterB,26,4,4,0,1.00,0.5,0.5,0.0,0.0,0.0
2026-01-23 07:34:39,clusterA,26,4,4,0,1.00,0.5,0.5,0.0,0.0,0.0
2026-01-23 07:34:39,clusterB,26,4,4,0,1.00,0.5,0.5,0.0,0.0,0.0
2026-01-23 07:34:44,clusterA,26,4,4,0,1.00,0.5,0.5,0.0,0.0,0.0
2026-01-23 07:34:44,clusterB,26,4,4,0,1.00,0.5,0.5,0.0,0.0,0.0
2026-01-23 07:34:49,clusterA,26,4,4,0,1.00,0.5,0.5,0.0,0.0,0.0
2026-01-23 07:34:49,clusterB,26,4,4,0,1.00,0.5,0.5,0.0,0.0,0.0
2026-01-23 07:34:55,clusterA,26,4,4,0,1.00,0.5,0.5,0.0,0.0,0.0
2026-01-23 07:34:55,clusterB,26,4,4,0,1.00,0.5,0.5,0.0,0.0,0.0
2026-01-23 07:35:00,clusterA,26,4,4,0,1.00,0.5,0.5,0.0,0.0,0.0
2026-01-23 07:35:00,clusterB,26,4,4,0,1.00,0.5,0.5,0.0,0.0,0.0
2026-01-23 07:35:05,clusterA,26,4,4,0,1.00,0.5,0.5,0.0,0.0,0.0
2026-01-23 07:35:05,clusterB,26,4,4,0,1.00,0.5,0.5,0.0,0.0,0.0
2026-01-23 07:35:10,clusterA,26,4,4,0,1.00,0.5,0.5,0.0,0.0,0.0
2026-01-23 07:35:10,clusterB,26,4,4,0,1.00,0.5,0.5,0.0,0.0,0.0
2026-01-23 07:35:15,clusterA,26,4,4,0,1.00,0.5,0.5,0.0,0.0,0.0
2026-01-23 07:35:15,clusterB,26,4,4,0,1.00,0.5,0.5,0.0,0.0,0.0
2026-01-23 07:35:20,clusterA,26,4,4,0,1.00,0.5,0.5,0.0,0.0,0.0
2026-01-23 07:35:20,clusterB,26,4,4,0,1.00,0.5,0.5,0.0,0.0,0.0
2026-01-23 07:35:25,clusterA,26,4,4,0,1.00,0.5,0.5,0.0,0.0,0.0
2026-01-23 07:35:25,clusterB,26,4,4,0,1.00,0.5,0.5,0.0,0.0,0.0
2026-01-23 07:35:30,clusterA,26,4,4,0,1.00,0.5,0.5,0.0,0.0,0.0
2026-01-23 07:35:30,clusterB,26,4,4,0,1.00,0.5,0.5,0.0,0.0,0.0
2026-01-23 07:35:35,clusterA,26,4,4,0,1.00,0.5,0.5,0.0,0.0,0.0
2026-01-23 07:35:35,clusterB,26,4,4,0,1.00,0.5,0.5,0.0,0.0,0.0
2026-01-23 07:35:40,clusterA,26,4,4,0,1.00,0.5,0.5,0.0,0.0,0.0
2026-01-23 07:35:40,clusterB,26,4,4,0,1.00,0.5,0.5,0.0,0.0,0.0
2026-01-23 07:35:45,clusterA,26,4,4,0,1.00,0.5,0.5,0.0,0.0,0.0
2026-01-23 07:35:45,clusterB,26,4,4,0,1.00,0.5,0.5,0.0,0.0,0.0
2026-01-23 07:35:50,clusterA,26,4,4,0,1.00,0.5,0.5,0.0,0.0,0.0
2026-01-23 07:35:50,clusterB,26,4,4,0,1.00,0.5,0.5,0.0,0.0,0.0
2026-01-23 07:35:55,clusterA,26,4,4,0,1.00,0.5,0.5,0.0,0.0,0.0
2026-01-23 07:35:55,clusterB,26,4,4,0,1.00,0.5,0.5,0.0,0.0,0.0
2026-01-23 07:36:00,clusterA,26,4,4,0,1.00,0.5,0.5,0.0,0.0,0.0
2026-01-23 07:36:00,clusterB,26,4,4,0,1.00,0.5,0.5,0.0,0.0,0.0
2026-01-23 07:36:05,clusterA,26,4,4,0,1.00,0.5,0.5,0.0,0.0,0.0
2026-01-23 07:36:05,clusterB,26,4,4,0,1.00,0.5,0.5,0.0,0.0,0.0
2026-01-23 07:36:10,clusterA,26,4,4,0,1.00,0.5,0.5,0.0,0.0,0.0
2026-01-23 07:36:10,clusterB,26,4,4,0,1.00,0.5,0.5,0.0,0.0,0.0
2026-01-23 07:36:15,clusterA,26,4,4,0,1.00,0.5,0.5,0.0,0.0,0.0
2026-01-23 07:36:15,clusterB,26,4,4,0,1.00,0.5,0.5,0.0,0.0,0.0
2026-01-23 07:36:20,clusterA,26,4,4,0,1.00,0.5,0.5,0.0,0.0,0.0
2026-01-23 07:36:20,clusterB,26,4,4,0,1.00,0.5,0.5,0.0,0.0,0.0
2026-01-23 07:36:25,clusterA,26,4,4,0,1.00,0.5,0.5,0.0,0.0,0.0
2026-01-23 07:36:25,clusterB,26,4,4,0,1.00,0.5,0.5,0.0,0.0,0.0
2026-01-23 07:36:30,clusterA,26,4,4,0,1.00,0.5,0.5,0.0,0.0,0.0
2026-01-23 07:36:30,clusterB,26,4,4,0,1.00,0.5,0.5,0.0,0.0,0.0
2026-01-23 07:36:35,clusterA,26,4,4,0,1.00,0.5,0.5,0.0,0.0,0.0
2026-01-23 07:36:35,clusterB,26,4,4,0,1.00,0.5,0.5,0.0,0.0,0.0
2026-01-23 07:36:40,clusterA,26,4,4,0,1.00,0.5,0.5,0.0,0.0,0.0
2026-01-23 07:36:40,clusterB,26,4,4,0,1.00,0.5,0.5,0.0,0.0,0.0
2026-01-23 07:36:45,clusterA,26,4,4,0,1.00,0.5,0.5,0.0,0.0,0.0
2026-01-23 07:36:45,clusterB,26,4,4,0,1.00,0.5,0.5,0.0,0.0,0.0
2026-01-23 07:36:50,clusterA,26,4,4,0,1.00,0.5,0.5,0.0,0.0,0.0
2026-01-23 07:36:50,clusterB,26,4,4,0,1.00,0.5,0.5,0.0,0.0,0.0
2026-01-23 07:36:55,clusterA,26,4,4,0,1.00,0.5,0.5,0.0,0.0,0.0
2026-01-23 07:36:55,clusterB,26,4,4,0,1.00,0.5,0.5,0.0,0.0,0.0
2026-01-23 07:37:00,clusterA,26,4,4,0,1.00,0.5,0.5,0.0,0.0,0.0
2026-01-23 07:37:00,clusterB,26,4,4,0,1.00,0.5,0.5,0.0,0.0,0.0
2026-01-23 07:37:05,clusterA,26,4,4,0,1.00,0.5,0.5,0.0,0.0,0.0
2026-01-23 07:37:05,clusterB,26,4,4,0,1.00,0.5,0.5,0.0,0.0,0.0
2026-01-23 07:37:10,clusterA,26,4,4,0,1.00,0.5,0.5,0.0,0.0,0.0
2026-01-23 07:37:10,clusterB,26,4,4,0,1.00,0.5,0.5,0.0,0.0,0.0
2026-01-23 07:37:15,clusterA,26,4,4,0,1.00,0.5,0.5,0.0,0.0,0.0
2026-01-23 07:37:15,clusterB,26,4,4,0,1.00,0.5,0.5,0.0,0.0,0.0
2026-01-23 07:37:20,clusterA,26,4,4,0,1.00,0.5,0.5,0.0,0.0,0.0
2026-01-23 07:37:20,clusterB,26,4,4,0,1.00,0.5,0.5,0.0,0.0,0.0
2026-01-23 07:37:25,clusterA,26,4,4,0,1.00,0.5,0.5,0.0,0.0,0.0
2026-01-23 07:37:25,clusterB,26,4,4,0,1.00,0.5,0.5,0.0,0.0,0.0
2026-01-23 07:37:30,clusterA,26,4,4,0,1.00,0.5,0.5,0.0,0.0,0.0
2026-01-23 07:37:30,clusterB,26,4,4,0,1.00,0.5,0.5,0.0,0.0,0.0
2026-01-23 07:37:35,clusterA,26,4,4,0,1.00,0.5,0.5,0.0,0.0,0.0
2026-01-23 07:37:35,clusterB,26,4,4,0,1.00,0.5,0.5,0.0,0.0,0.0
2026-01-23 07:37:40,clusterA,26,4,4,0,1.00,0.5,0.5,0.0,0.0,0.0
2026-01-23 07:37:40,clusterB,26,4,4,0,1.00,0.5,0.5,0.0,0.0,0.0
2026-01-23 07:37:45,clusterA,26,4,4,0,1.00,0.5,0.5,0.0,0.0,0.0
2026-01-23 07:37:45,clusterB,26,4,4,0,1.00,0.5,0.5,0.0,0.0,0.0
2026-01-23 07:37:50,clusterA,26,4,4,0,1.00,0.5,0.5,0.0,0.0,0.0
2026-01-23 07:37:50,clusterB,26,4,4,0,1.00,0.5,0.5,0.0,0.0,0.0
2026-01-23 07:37:55,clusterA,26,4,4,0,1.00,0.5,0.5,0.0,0.0,0.0
2026-01-23 07:37:55,clusterB,26,4,4,0,1.00,0.5,0.5,0.0,0.0,0.0
2026-01-23 07:38:00,clusterA,26,4,4,0,1.00,0.5,0.5,0.0,0.0,0.0
2026-01-23 07:38:00,clusterB,26,4,4,0,1.00,0.5,0.5,0.0,0.0,0.0
2026-01-23 07:38:05,clusterA,26,4,4,0,1.00,0.5,0.5,0.0,0.0,0.0
2026-01-23 07:38:05,clusterB,26,4,4,0,1.00,0.5,0.5,0.0,0.0,0.0
2026-01-23 07:38:10,clusterA,26,4,4,0,1.00,0.5,0.5,0.0,0.0,0.0
2026-01-23 07:38:10,clusterB,26,4,4,0,1.00,0.5,0.5,0.0,0.0,0.0
2026-01-23 07:38:15,clusterA,26,4,4,0,1.00,0.5,0.5,0.0,0.0,0.0
2026-01-23 07:38:15,clusterB,26,4,4,0,1.00,0.5,0.5,0.0,0.0,0.0
2026-01-23 07:38:20,clusterA,26,4,4,0,1.00,0.5,0.5,0.0,0.0,0.0
2026-01-23 07:38:20,clusterB,26,4,4,0,1.00,0.5,0.5,0.0,0.0,0.0
2026-01-23 07:38:25,clusterA,26,4,4,0,1.00,0.5,0.5,0.0,0.0,0.0
2026-01-23 07:38:25,clusterB,26,4,4,0,1.00,0.5,0.5,0.0,0.0,0.0
2026-01-23 07:38:30,clusterA,26,4,4,0,1.00,0.5,0.5,0.0,0.0,0.0
2026-01-23 07:38:30,clusterB,26,4,4,0,1.00,0.5,0.5,0.0,0.0,0.0
2026-01-23 07:38:35,clusterA,26,4,4,0,1.00,0.5,0.5,0.0,0.0,0.0
2026-01-23 07:38:35,clusterB,26,4,4,0,1.00,0.5,0.5,0.0,0.0,0.0
2026-01-23 07:38:40,clusterA,26,4,4,0,1.00,0.5,0.5,0.0,0.0,0.0
2026-01-23 07:38:40,clusterB,26,4,4,0,1.00,0.5,0.5,0.0,0.0,0.0
2026-01-23 07:38:45,clusterA,26,4,4,0,1.00,0.5,0.5,0.0,0.0,0.0
2026-01-23 07:38:45,clusterB,26,4,4,0,1.00,0.5,0.5,0.0,0.0,0.0
2026-01-23 07:38:50,clusterA,26,4,4,0,1.00,0.5,0.5,0.0,0.0,0.0
2026-01-23 07:38:50,clusterB,26,4,4,0,1.00,0.5,0.5,0.0,0.0,0.0
2026-01-23 07:38:55,clusterA,26,4,4,0,1.00,0.5,0.5,0.0,0.0,0.0
2026-01-23 07:38:55,clusterB,26,4,4,0,1.00,0.5,0.5,0.0,0.0,0.0
2026-01-23 07:39:00,clusterA,26,4,4,0,1.00,0.5,0.5,0.0,0.0,0.0
2026-01-23 07:39:00,clusterB,26,4,4,0,1.00,0.5,0.5,0.0,0.0,0.0
2026-01-23 07:39:05,clusterA,26,4,4,0,1.00,0.5,0.5,0.0,0.0,0.0
2026-01-23 07:39:05,clusterB,26,4,4,0,1.00,0.5,0.5,0.0,0.0,0.0
2026-01-23 07:39:10,clusterA,26,4,4,0,1.00,0.5,0.5,0.0,0.0,0.0
2026-01-23 07:39:10,clusterB,26,4,4,0,1.00,0.5,0.5,0.0,0.0,0.0
2026-01-23 07:39:15,clusterA,26,4,4,0,1.00,0.5,0.5,0.0,0.0,0.0
2026-01-23 07:39:15,clusterB,26,4,4,0,1.00,0.5,0.5,0.0,0.0,0.0
2026-01-23 07:39:20,clusterA,26,4,4,0,1.00,0.5,0.5,0.0,0.0,0.0
2026-01-23 07:39:20,clusterB,26,4,4,0,1.00,0.5,0.5,0.0,0.0,0.0
2026-01-23 07:39:25,clusterA,26,4,4,0,1.00,0.5,0.5,0.0,0.0,0.0
2026-01-23 07:39:25,clusterB,26,4,4,0,1.00,0.5,0.5,0.0,0.0,0.0
2026-01-23 07:39:30,clusterA,26,4,4,0,1.00,0.5,0.5,0.0,0.0,0.0
2026-01-23 07:39:30,clusterB,26,4,4,0,1.00,0.5,0.5,0.0,0.0,0.0
2026-01-23 07:39:35,clusterA,26,4,4,0,1.00,0.5,0.5,0.0,0.0,0.0
2026-01-23 07:39:35,clusterB,26,4,4,0,1.00,0.5,0.5,0.0,0.0,0.0
2026-01-23 07:39:40,clusterA,26,4,4,0,1.00,0.5,0.5,0.0,0.0,0.0
2026-01-23 07:39:40,clusterB,26,4,4,0,1.00,0.5,0.5,0.0,0.0,0.0
2026-01-23 07:39:45,clusterA,26,4,4,0,1.00,0.5,0.5,0.0,0.0,0.0
2026-01-23 07:39:45,clusterB,26,4,4,0,1.00,0.5,0.5,0.0,0.0,0.0
2026-01-23 07:39:50,clusterA,26,4,4,0,1.00,0.5,0.5,0.0,0.0,0.0
2026-01-23 07:39:50,clusterB,26,4,4,0,1.00,0.5,0.5,0.0,0.0,0.0
2026-01-23 07:39:55,clusterA,26,4,4,0,1.00,0.5,0.5,0.0,0.0,0.0
2026-01-23 07:39:55,clusterB,26,4,4,0,1.00,0.5,0.5,0.0,0.0,0.0
2026-01-23 07:40:00,clusterA,26,4,4,0,1.00,0.5,0.5,0.0,0.0,0.0
2026-01-23 07:40:00,clusterB,26,4,4,0,1.00,0.5,0.5,0.0,0.0,0.0
2026-01-23 07:40:05,clusterA,26,4,4,0,1.00,0.5,0.5,0.0,0.0,0.0
2026-01-23 07:40:05,clusterB,26,4,4,0,1.00,0.5,0.5,0.0,0.0,0.0
2026-01-23 07:40:10,clusterA,26,4,4,0,1.00,0.5,0.5,0.0,0.0,0.0
2026-01-23 07:40:10,clusterB,26,4,4,0,1.00,0.5,0.5,0.0,0.0,0.0
2026-01-23 07:40:15,clusterA,26,4,4,0,1.00,0.5,0.5,0.0,0.0,0.0
2026-01-23 07:40:15,clusterB,26,4,4,0,1.00,0.5,0.5,0.0,0.0,0.0
2026-01-23 07:40:20,clusterA,26,4,4,0,1.00,0.5,0.5,0.0,0.0,0.0
2026-01-23 07:40:20,clusterB,26,4,4,0,1.00,0.5,0.5,0.0,0.0,0.0
2026-01-23 07:40:25,clusterA,26,4,4,0,1.00,0.5,0.5,0.0,0.0,0.0
2026-01-23 07:40:25,clusterB,26,4,4,0,1.00,0.5,0.5,0.0,0.0,0.0
2026-01-23 07:40:30,clusterA,26,4,4,0,1.00,0.5,0.5,0.0,0.0,0.0
2026-01-23 07:40:30,clusterB,26,4,4,0,1.00,0.5,0.5,0.0,0.0,0.0
2026-01-23 07:40:36,clusterA,26,4,4,0,1.00,0.5,0.5,0.0,0.0,0.0
2026-01-23 07:40:36,clusterB,26,4,4,0,1.00,0.5,0.5,0.0,0.0,0.0
2026-01-23 07:40:41,clusterA,26,4,4,0,1.00,0.5,0.5,0.0,0.0,0.0
2026-01-23 07:40:41,clusterB,26,4,4,0,1.00,0.5,0.5,0.0,0.0,0.0
2026-01-23 07:40:46,clusterA,26,4,4,0,1.00,0.5,0.5,0.0,0.0,0.0
2026-01-23 07:40:46,clusterB,26,4,4,0,1.00,0.5,0.5,0.0,0.0,0.0
2026-01-23 07:40:51,clusterA,26,4,4,0,1.00,0.5,0.5,0.0,0.0,0.0
2026-01-23 07:40:51,clusterB,26,4,4,0,1.00,0.5,0.5,0.0,0.0,0.0
2026-01-23 07:40:56,clusterA,26,4,4,0,1.00,0.5,0.5,0.0,0.0,0.0
2026-01-23 07:40:56,clusterB,26,4,4,0,1.00,0.5,0.5,0.0,0.0,0.0
2026-01-23 07:41:01,clusterA,26,4,4,0,1.00,0.5,0.5,0.0,0.0,0.0
2026-01-23 07:41:01,clusterB,26,4,4,0,1.00,0.5,0.5,0.0,0.0,0.0
2026-01-23 07:41:06,clusterA,26,4,4,0,1.00,0.5,0.5,0.0,0.0,0.0
2026-01-23 07:41:06,clusterB,26,4,4,0,1.00,0.5,0.5,0.0,0.0,0.0
2026-01-23 07:41:11,clusterA,26,4,4,0,1.00,0.5,0.5,0.0,0.0,0.0
2026-01-23 07:41:11,clusterB,26,4,4,0,1.00,0.5,0.5,0.0,0.0,0.0
2026-01-23 07:41:16,clusterA,26,4,4,0,1.00,0.5,0.5,0.0,0.0,0.0
2026-01-23 07:41:16,clusterB,26,4,4,0,1.00,0.5,0.5,0.0,0.0,0.0
2026-01-23 07:41:21,clusterA,26,4,4,0,1.00,0.5,0.5,0.0,0.0,0.0
2026-01-23 07:41:21,clusterB,26,4,4,0,1.00,0.5,0.5,0.0,0.0,0.0
2026-01-23 07:41:26,clusterA,26,4,4,0,1.00,0.5,0.5,0.0,0.0,0.0
2026-01-23 07:41:26,clusterB,26,4,4,0,1.00,0.5,0.5,0.0,0.0,0.0
2026-01-23 07:41:31,clusterA,26,4,4,0,1.00,0.5,0.5,0.0,0.0,0.0
2026-01-23 07:41:31,clusterB,26,4,4,0,1.00,0.5,0.5,0.0,0.0,0.0
2026-01-23 07:41:36,clusterA,26,4,4,0,1.00,0.5,0.5,0.0,0.0,0.0
2026-01-23 07:41:36,clusterB,26,4,4,0,1.00,0.5,0.5,0.0,0.0,0.0
2026-01-23 07:41:41,clusterA,26,4,4,0,1.00,0.5,0.5,0.0,0.0,0.0
2026-01-23 07:41:41,clusterB,26,4,4,0,1.00,0.5,0.5,0.0,0.0,0.0
2026-01-23 07:41:46,clusterA,26,4,4,0,1.00,0.5,0.5,0.0,0.0,0.0
2026-01-23 07:41:46,clusterB,26,4,4,0,1.00,0.5,0.5,0.0,0.0,0.0
2026-01-23 07:41:51,clusterA,26,4,4,0,1.00,0.5,0.5,0.0,0.0,0.0
2026-01-23 07:41:51,clusterB,26,4,4,0,1.00,0.5,0.5,0.0,0.0,0.0
2026-01-23 07:41:56,clusterA,26,4,4,0,1.00,0.5,0.5,0.0,0.0,0.0
2026-01-23 07:41:56,clusterB,26,4,4,0,1.00,0.5,0.5,0.0,0.0,0.0
2026-01-23 07:42:01,clusterA,26,4,4,0,1.00,0.5,0.5,0.0,0.0,0.0
2026-01-23 07:42:01,clusterB,26,4,4,0,1.00,0.5,0.5,0.0,0.0,0.0
2026-01-23 07:42:06,clusterA,26,4,4,0,1.00,0.5,0.5,0.0,0.0,0.0
2026-01-23 07:42:06,clusterB,26,4,4,0,1.00,0.5,0.5,0.0,0.0,0.0
2026-01-23 07:42:11,clusterA,26,4,4,0,1.00,0.5,0.5,0.0,0.0,0.0
2026-01-23 07:42:11,clusterB,26,4,4,0,1.00,0.5,0.5,0.0,0.0,0.0
2026-01-23 07:42:16,clusterA,26,4,4,0,1.00,0.5,0.5,0.0,0.0,0.0
2026-01-23 07:42:16,clusterB,26,4,4,0,1.00,0.5,0.5,0.0,0.0,0.0
2026-01-23 07:42:21,clusterA,26,4,4,0,1.00,0.5,0.5,0.0,0.0,0.0
2026-01-23 07:42:21,clusterB,26,4,4,0,1.00,0.5,0.5,0.0,0.0,0.0
2026-01-23 07:42:26,clusterA,26,4,4,0,1.00,0.5,0.5,0.0,0.0,0.0
2026-01-23 07:42:26,clusterB,26,4,4,0,1.00,0.5,0.5,0.0,0.0,0.0
2026-01-23 07:42:31,clusterA,26,4,4,0,1.00,0.5,0.5,0.0,0.0,0.0
2026-01-23 07:42:31,clusterB,26,4,4,0,1.00,0.5,0.5,0.0,0.0,0.0
2026-01-23 07:42:36,clusterA,26,4,4,0,1.00,0.5,0.5,0.0,0.0,0.0
2026-01-23 07:42:36,clusterB,26,4,4,0,1.00,0.5,0.5,0.0,0.0,0.0
2026-01-23 07:42:41,clusterA,26,4,4,0,1.00,0.5,0.5,0.0,0.0,0.0
2026-01-23 07:42:41,clusterB,26,4,4,0,1.00,0.5,0.5,0.0,0.0,0.0
2026-01-23 07:42:46,clusterA,26,4,4,0,1.00,0.5,0.5,0.0,0.0,0.0
2026-01-23 07:42:46,clusterB,26,4,4,0,1.00,0.5,0.5,0.0,0.0,0.0
2026-01-23 07:42:51,clusterA,26,4,4,0,1.00,0.5,0.5,0.0,0.0,0.0
2026-01-23 07:42:51,clusterB,26,4,4,0,1.00,0.5,0.5,0.0,0.0,0.0
2026-01-23 07:42:56,clusterA,26,4,4,0,1.00,0.5,0.5,0.0,0.0,0.0
2026-01-23 07:42:56,clusterB,26,4,4,0,1.00,0.5,0.5,0.0,0.0,0.0
2026-01-23 07:43:01,clusterA,26,4,4,0,1.00,0.5,0.5,0.0,0.0,0.0
2026-01-23 07:43:01,clusterB,26,4,4,0,1.00,0.5,0.5,0.0,0.0,0.0
2026-01-23 07:43:06,clusterA,26,4,4,0,1.00,0.5,0.5,0.0,0.0,0.0
2026-01-23 07:43:06,clusterB,26,4,4,0,1.00,0.5,0.5,0.0,0.0,0.0
2026-01-23 07:43:11,clusterA,26,4,4,0,1.00,0.5,0.5,0.0,0.0,0.0
2026-01-23 07:43:11,clusterB,26,4,4,0,1.00,0.5,0.5,0.0,0.0,0.0
2026-01-23 07:43:16,clusterA,26,4,4,0,1.00,0.5,0.5,0.0,0.0,0.0
2026-01-23 07:43:16,clusterB,26,4,4,0,1.00,0.5,0.5,0.0,0.0,0.0
2026-01-23 07:43:21,clusterA,26,4,4,0,1.00,0.5,0.5,0.0,0.0,0.0
2026-01-23 07:43:21,clusterB,26,4,4,0,1.00,0.5,0.5,0.0,0.0,0.0
2026-01-23 07:43:26,clusterA,26,4,4,0,1.00,0.5,0.5,0.0,0.0,0.0
2026-01-23 07:43:26,clusterB,26,4,4,0,1.00,0.5,0.5,0.0,0.0,0.0
2026-01-23 07:43:31,clusterA,26,4,4,0,1.00,0.5,0.5,0.0,0.0,0.0
2026-01-23 07:43:31,clusterB,26,4,4,0,1.00,0.5,0.5,0.0,0.0,0.0
2026-01-23 07:43:36,clusterA,26,4,4,0,1.00,0.5,0.5,0.0,0.0,0.0
2026-01-23 07:43:36,clusterB,26,4,4,0,1.00,0.5,0.5,0.0,0.0,0.0
2026-01-23 07:43:41,clusterA,26,4,4,0,1.00,0.5,0.5,0.0,0.0,0.0
2026-01-23 07:43:41,clusterB,26,4,4,0,1.00,0.5,0.5,0.0,0.0,0.0
2026-01-23 07:43:46,clusterA,26,4,4,0,1.00,0.5,0.5,0.0,0.0,0.0
2026-01-23 07:43:46,clusterB,26,4,4,0,1.00,0.5,0.5,0.0,0.0,0.0
2026-01-23 07:43:51,clusterA,26,4,4,0,1.00,0.5,0.5,0.0,0.0,0.0
2026-01-23 07:43:51,clusterB,26,4,4,0,1.00,0.5,0.5,0.0,0.0,0.0
2026-01-23 07:43:56,clusterA,26,4,4,0,1.00,0.5,0.5,0.0,0.0,0.0
2026-01-23 07:43:56,clusterB,26,4,4,0,1.00,0.5,0.5,0.0,0.0,0.0
2026-01-23 07:44:01,clusterA,26,4,4,0,1.00,0.5,0.5,0.0,0.0,0.0
2026-01-23 07:44:01,clusterB,26,4,4,0,1.00,0.5,0.5,0.0,0.0,0.0
2026-01-23 07:44:06,clusterA,26,4,4,0,1.00,0.5,0.5,0.0,0.0,0.0
2026-01-23 07:44:06,clusterB,26,4,4,0,1.00,0.5,0.5,0.0,0.0,0.0
2026-01-23 07:44:11,clusterA,26,4,4,0,1.00,0.5,0.5,0.0,0.0,0.0
2026-01-23 07:44:11,clusterB,26,4,4,0,1.00,0.5,0.5,0.0,0.0,0.0
2026-01-23 07:44:16,clusterA,26,4,4,0,1.00,0.5,0.5,0.0,0.0,0.0
2026-01-23 07:44:16,clusterB,26,4,4,0,1.00,0.5,0.5,0.0,0.0,0.0
2026-01-23 07:44:21,clusterA,26,4,4,0,1.00,0.5,0.5,0.0,0.0,0.0
2026-01-23 07:44:21,clusterB,26,4,4,0,1.00,0.5,0.5,0.0,0.0,0.0
2026-01-23 07:44:26,clusterA,26,4,4,0,1.00,0.5,0.5,0.0,0.0,0.0
2026-01-23 07:44:26,clusterB,26,4,4,0,1.00,0.5,0.5,0.0,0.0,0.0
2026-01-23 07:44:31,clusterA,26,4,4,0,1.00,0.5,0.5,0.0,0.0,0.0
2026-01-23 07:44:31,clusterB,26,4,4,0,1.00,0.5,0.5,0.0,0.0,0.0
2026-01-23 07:44:36,clusterA,26,4,4,0,1.00,0.5,0.5,0.0,0.0,0.0
2026-01-23 07:44:36,clusterB,26,4,4,0,1.00,0.5,0.5,0.0,0.0,0.0
2026-01-23 07:44:41,clusterA,26,4,4,0,1.00,0.5,0.5,0.0,0.0,0.0
2026-01-23 07:44:41,clusterB,26,4,4,0,1.00,0.5,0.5,0.0,0.0,0.0
2026-01-23 07:44:46,clusterA,26,4,4,0,1.00,0.5,0.5,0.0,0.0,0.0
2026-01-23 07:44:46,clusterB,26,4,4,0,1.00,0.5,0.5,0.0,0.0,0.0
2026-01-23 07:44:51,clusterA,26,4,4,0,1.00,0.5,0.5,0.0,0.0,0.0
2026-01-23 07:44:51,clusterB,26,4,4,0,1.00,0.5,0.5,0.0,0.0,0.0
2026-01-23 07:44:56,clusterA,26,4,4,0,1.00,0.5,0.5,0.0,0.0,0.0
2026-01-23 07:44:56,clusterB,26,4,4,0,1.00,0.5,0.5,0.0,0.0,0.0
2026-01-23 07:45:01,clusterA,26,4,4,0,1.00,0.5,0.5,0.0,0.0,0.0
2026-01-23 07:45:01,clusterB,26,4,4,0,1.00,0.5,0.5,0.0,0.0,0.0
2026-01-23 07:45:06,clusterA,26,4,4,0,1.00,0.5,0.5,0.0,0.0,0.0
2026-01-23 07:45:06,clusterB,26,4,4,0,1.00,0.5,0.5,0.0,0.0,0.0
2026-01-23 07:45:11,clusterA,26,4,4,0,1.00,0.5,0.5,0.0,0.0,0.0
2026-01-23 07:45:11,clusterB,26,4,4,0,1.00,0.5,0.5,0.0,0.0,0.0
2026-01-23 07:45:16,clusterA,26,4,4,0,1.00,0.5,0.5,0.0,0.0,0.0
2026-01-23 07:45:16,clusterB,26,4,4,0,1.00,0.5,0.5,0.0,0.0,0.0
2026-01-23 07:45:21,clusterA,26,4,4,0,1.00,0.5,0.5,0.0,0.0,0.0
2026-01-23 07:45:21,clusterB,26,4,4,0,1.00,0.5,0.5,0.0,0.0,0.0
2026-01-23 07:45:26,clusterA,26,4,4,0,1.00,0.5,0.5,0.0,0.0,0.0
2026-01-23 07:45:26,clusterB,26,4,4,0,1.00,0.5,0.5,0.0,0.0,0.0
2026-01-23 07:45:31,clusterA,26,4,4,0,1.00,0.5,0.5,0.0,0.0,0.0
2026-01-23 07:45:31,clusterB,26,4,4,0,1.00,0.5,0.5,0.0,0.0,0.0
2026-01-23 07:45:36,clusterA,26,4,4,0,1.00,0.5,0.5,0.0,0.0,0.0
2026-01-23 07:45:36,clusterB,26,4,4,0,1.00,0.5,0.5,0.0,0.0,0.0
2026-01-23 07:45:41,clusterA,26,4,4,0,1.00,0.5,0.5,0.0,0.0,0.0
2026-01-23 07:45:41,clusterB,26,4,4,0,1.00,0.5,0.5,0.0,0.0,0.0
2026-01-23 07:45:46,clusterA,26,4,4,0,1.00,0.5,0.5,0.0,0.0,0.0
2026-01-23 07:45:46,clusterB,26,4,4,0,1.00,0.5,0.5,0.0,0.0,0.0
2026-01-23 07:45:51,clusterA,26,4,4,0,1.00,0.5,0.5,0.0,0.0,0.0
2026-01-23 07:45:51,clusterB,26,4,4,0,1.00,0.5,0.5,0.0,0.0,0.0
2026-01-23 07:45:56,clusterA,26,4,4,0,1.00,0.5,0.5,0.0,0.0,0.0
2026-01-23 07:45:56,clusterB,26,4,4,0,1.00,0.5,0.5,0.0,0.0,0.0
2026-01-23 07:46:01,clusterA,26,4,4,0,1.00,0.5,0.5,0.0,0.0,0.0
2026-01-23 07:46:01,clusterB,26,4,4,0,1.00,0.5,0.5,0.0,0.0,0.0
2026-01-23 07:46:06,clusterA,26,4,4,0,1.00,0.5,0.5,0.0,0.0,0.0
2026-01-23 07:46:06,clusterB,26,4,4,0,1.00,0.5,0.5,0.0,0.0,0.0
2026-01-23 07:46:11,clusterA,26,4,4,0,1.00,0.5,0.5,0.0,0.0,0.0
2026-01-23 07:46:11,clusterB,26,4,4,0,1.00,0.5,0.5,0.0,0.0,0.0
2026-01-23 07:46:16,clusterA,26,4,4,0,1.00,0.5,0.5,0.0,0.0,0.0
2026-01-23 07:46:16,clusterB,26,4,4,0,1.00,0.5,0.5,0.0,0.0,0.0
2026-01-23 07:46:22,clusterA,26,4,4,0,1.00,0.5,0.5,0.0,0.0,0.0
2026-01-23 07:46:22,clusterB,26,4,4,0,1.00,0.5,0.5,0.0,0.0,0.0
2026-01-23 07:46:27,clusterA,26,4,4,0,1.00,0.5,0.5,0.0,0.0,0.0
2026-01-23 07:46:27,clusterB,26,4,4,0,1.00,0.5,0.5,0.0,0.0,0.0
2026-01-23 07:46:32,clusterA,26,4,4,0,1.00,0.5,0.5,0.0,0.0,0.0
2026-01-23 07:46:32,clusterB,26,4,4,0,1.00,0.5,0.5,0.0,0.0,0.0
2026-01-23 07:46:37,clusterA,26,4,4,0,1.00,0.5,0.5,0.0,0.0,0.0
2026-01-23 07:46:37,clusterB,26,4,4,0,1.00,0.5,0.5,0.0,0.0,0.0
2026-01-23 07:46:42,clusterA,26,4,4,0,1.00,0.5,0.5,0.0,0.0,0.0
2026-01-23 07:46:42,clusterB,26,4,4,0,1.00,0.5,0.5,0.0,0.0,0.0
2026-01-23 07:46:47,clusterA,26,4,4,0,1.00,0.5,0.5,0.0,0.0,0.0
2026-01-23 07:46:47,clusterB,26,4,4,0,1.00,0.5,0.5,0.0,0.0,0.0
2026-01-23 07:46:52,clusterA,26,4,4,0,1.00,0.5,0.5,0.0,0.0,0.0
2026-01-23 07:46:52,clusterB,26,4,4,0,1.00,0.5,0.5,0.0,0.0,0.0
2026-01-23 07:46:57,clusterA,26,4,4,0,1.00,0.5,0.5,0.0,0.0,0.0
2026-01-23 07:46:57,clusterB,26,4,4,0,1.00,0.5,0.5,0.0,0.0,0.0
2026-01-23 07:47:02,clusterA,26,4,4,0,1.00,0.5,0.5,0.0,0.0,0.0
2026-01-23 07:47:02,clusterB,26,4,4,0,1.00,0.5,0.5,0.0,0.0,0.0
2026-01-23 07:47:07,clusterA,26,4,4,0,1.00,0.5,0.5,0.0,0.0,0.0
2026-01-23 07:47:07,clusterB,26,4,4,0,1.00,0.5,0.5,0.0,0.0,0.0
2026-01-23 07:47:12,clusterA,26,4,4,0,1.00,0.5,0.5,0.0,0.0,0.0
2026-01-23 07:47:12,clusterB,26,4,4,0,1.00,0.5,0.5,0.0,0.0,0.0
2026-01-23 07:47:17,clusterA,26,4,4,0,1.00,0.5,0.5,0.0,0.0,0.0
2026-01-23 07:47:17,clusterB,26,4,4,0,1.00,0.5,0.5,0.0,0.0,0.0
2026-01-23 07:47:22,clusterA,26,4,4,0,1.00,0.5,0.5,0.0,0.0,0.0
2026-01-23 07:47:22,clusterB,26,4,4,0,1.00,0.5,0.5,0.0,0.0,0.0
2026-01-23 07:47:27,clusterA,26,4,4,0,1.00,0.5,0.5,0.0,0.0,0.0
2026-01-23 07:47:27,clusterB,26,4,4,0,1.00,0.5,0.5,0.0,0.0,0.0
2026-01-23 07:47:32,clusterA,26,4,4,0,1.00,0.5,0.5,0.0,0.0,0.0
2026-01-23 07:47:32,clusterB,26,4,4,0,1.00,0.5,0.5,0.0,0.0,0.0
2026-01-23 07:47:37,clusterA,26,4,4,0,1.00,0.5,0.5,0.0,0.0,0.0
2026-01-23 07:47:37,clusterB,26,4,4,0,1.00,0.5,0.5,0.0,0.0,0.0
2026-01-23 07:47:42,clusterA,26,4,4,0,1.00,0.5,0.5,0.0,0.0,0.0
2026-01-23 07:47:42,clusterB,26,4,4,0,1.00,0.5,0.5,0.0,0.0,0.0
2026-01-23 07:47:47,clusterA,26,4,4,0,1.00,0.5,0.5,0.0,0.0,0.0
2026-01-23 07:47:47,clusterB,26,4,4,0,1.00,0.5,0.5,0.0,0.0,0.0
2026-01-23 07:47:52,clusterA,26,4,4,0,1.00,0.5,0.5,0.0,0.0,0.0
2026-01-23 07:47:52,clusterB,26,4,4,0,1.00,0.5,0.5,0.0,0.0,0.0
2026-01-23 07:47:57,clusterA,26,4,4,0,1.00,0.5,0.5,0.0,0.0,0.0
2026-01-23 07:47:57,clusterB,26,4,4,0,1.00,0.5,0.5,0.0,0.0,0.0
2026-01-23 07:48:02,clusterA,26,4,4,0,1.00,0.5,0.5,0.0,0.0,0.0
2026-01-23 07:48:02,clusterB,26,4,4,0,1.00,0.5,0.5,0.0,0.0,0.0
2026-01-23 07:48:07,clusterA,26,4,4,0,1.00,0.5,0.5,0.0,0.0,0.0
2026-01-23 07:48:07,clusterB,26,4,4,0,1.00,0.5,0.5,0.0,0.0,0.0
2026-01-23 07:48:12,clusterA,26,4,4,0,1.00,0.5,0.5,0.0,0.0,0.0
2026-01-23 07:48:12,clusterB,26,4,4,0,1.00,0.5,0.5,0.0,0.0,0.0
2026-01-23 07:48:17,clusterA,26,4,4,0,1.00,0.5,0.5,0.0,0.0,0.0
2026-01-23 07:48:17,clusterB,26,4,4,0,1.00,0.5,0.5,0.0,0.0,0.0
2026-01-23 07:48:22,clusterA,26,4,4,0,1.00,0.5,0.5,0.0,0.0,0.0
2026-01-23 07:48:22,clusterB,26,4,4,0,1.00,0.5,0.5,0.0,0.0,0.0
2026-01-23 07:48:27,clusterA,26,4,4,0,1.00,0.5,0.5,0.0,0.0,0.0
2026-01-23 07:48:27,clusterB,26,4,4,0,1.00,0.5,0.5,0.0,0.0,0.0
2026-01-23 07:48:32,clusterA,26,4,4,0,1.00,0.5,0.5,0.0,0.0,0.0
2026-01-23 07:48:32,clusterB,26,4,4,0,1.00,0.5,0.5,0.0,0.0,0.0
2026-01-23 07:48:37,clusterA,26,4,4,0,1.00,0.5,0.5,0.0,0.0,0.0
2026-01-23 07:48:37,clusterB,26,4,4,0,1.00,0.5,0.5,0.0,0.0,0.0
2026-01-23 07:48:42,clusterA,26,4,4,0,1.00,0.5,0.5,0.0,0.0,0.0
2026-01-23 07:48:42,clusterB,26,4,4,0,1.00,0.5,0.5,0.0,0.0,0.0
2026-01-23 07:48:47,clusterA,26,4,4,0,1.00,0.5,0.5,0.0,0.0,0.0
2026-01-23 07:48:47,clusterB,26,4,4,0,1.00,0.5,0.5,0.0,0.0,0.0
2026-01-23 07:48:52,clusterA,26,4,4,0,1.00,0.5,0.5,0.0,0.0,0.0
2026-01-23 07:48:52,clusterB,26,4,4,0,1.00,0.5,0.5,0.0,0.0,0.0
2026-01-23 07:48:57,clusterA,26,4,4,0,1.00,0.5,0.5,0.0,0.0,0.0
2026-01-23 07:48:57,clusterB,26,4,4,0,1.00,0.5,0.5,0.0,0.0,0.0
2026-01-23 07:49:02,clusterA,26,4,4,0,1.00,0.5,0.5,0.0,0.0,0.0
2026-01-23 07:49:02,clusterB,26,4,4,0,1.00,0.5,0.5,0.0,0.0,0.0
2026-01-23 07:49:07,clusterA,26,4,4,0,1.00,0.5,0.5,0.0,0.0,0.0
2026-01-23 07:49:07,clusterB,26,4,4,0,1.00,0.5,0.5,0.0,0.0,0.0
2026-01-23 07:49:12,clusterA,26,4,4,0,1.00,0.5,0.5,0.0,0.0,0.0
2026-01-23 07:49:12,clusterB,26,4,4,0,1.00,0.5,0.5,0.0,0.0,0.0
2026-01-23 07:49:17,clusterA,26,4,4,0,1.00,0.5,0.5,0.0,0.0,0.0
2026-01-23 07:49:17,clusterB,26,4,4,0,1.00,0.5,0.5,0.0,0.0,0.0
2026-01-23 07:49:22,clusterA,26,4,4,0,1.00,0.5,0.5,0.0,0.0,0.0
2026-01-23 07:49:22,clusterB,26,4,4,0,1.00,0.5,0.5,0.0,0.0,0.0
2026-01-23 07:49:27,clusterA,26,4,4,0,1.00,0.5,0.5,0.0,0.0,0.0
2026-01-23 07:49:27,clusterB,26,4,4,0,1.00,0.5,0.5,0.0,0.0,0.0
2026-01-23 07:49:32,clusterA,26,4,4,0,1.00,0.5,0.5,0.0,0.0,0.0
2026-01-23 07:49:32,clusterB,26,4,4,0,1.00,0.5,0.5,0.0,0.0,0.0
2026-01-23 07:49:37,clusterA,26,4,4,0,1.00,0.5,0.5,0.0,0.0,0.0
2026-01-23 07:49:37,clusterB,26,4,4,0,1.00,0.5,0.5,0.0,0.0,0.0
2026-01-23 07:49:42,clusterA,26,4,4,0,1.00,0.5,0.5,0.0,0.0,0.0
2026-01-23 07:49:42,clusterB,26,4,4,0,1.00,0.5,0.5,0.0,0.0,0.0
2026-01-23 07:49:47,clusterA,26,4,4,0,1.00,0.5,0.5,0.0,0.0,0.0
2026-01-23 07:49:47,clusterB,26,4,4,0,1.00,0.5,0.5,0.0,0.0,0.0
2026-01-23 07:49:52,clusterA,26,4,4,0,1.00,0.5,0.5,0.0,0.0,0.0
2026-01-23 07:49:52,clusterB,26,4,4,0,1.00,0.5,0.5,0.0,0.0,0.0
2026-01-23 07:49:57,clusterA,26,4,4,0,1.00,0.5,0.5,0.0,0.0,0.0
2026-01-23 07:49:57,clusterB,26,4,4,0,1.00,0.5,0.5,0.0,0.0,0.0
2026-01-23 07:50:02,clusterA,26,4,4,0,1.00,0.5,0.5,0.0,0.0,0.0
2026-01-23 07:50:02,clusterB,26,4,4,0,1.00,0.5,0.5,0.0,0.0,0.0
2026-01-23 07:50:07,clusterA,26,4,4,0,1.00,0.5,0.5,0.0,0.0,0.0
2026-01-23 07:50:07,clusterB,26,4,4,0,1.00,0.5,0.5,0.0,0.0,0.0
2026-01-23 07:50:12,clusterA,26,4,4,0,1.00,0.5,0.5,0.0,0.0,0.0
2026-01-23 07:50:12,clusterB,26,4,4,0,1.00,0.5,0.5,0.0,0.0,0.0
2026-01-23 07:50:17,clusterA,26,4,4,0,1.00,0.5,0.5,0.0,0.0,0.0
2026-01-23 07:50:17,clusterB,26,4,4,0,1.00,0.5,0.5,0.0,0.0,0.0
2026-01-23 07:50:22,clusterA,26,4,4,0,1.00,0.5,0.5,0.0,0.0,0.0
2026-01-23 07:50:22,clusterB,26,4,4,0,1.00,0.5,0.5,0.0,0.0,0.0
2026-01-23 07:50:27,clusterA,26,4,4,0,1.00,0.5,0.5,0.0,0.0,0.0
2026-01-23 07:50:27,clusterB,26,4,4,0,1.00,0.5,0.5,0.0,0.0,0.0
2026-01-23 07:50:32,clusterA,26,4,4,0,1.00,0.5,0.5,0.0,0.0,0.0
2026-01-23 07:50:32,clusterB,26,4,4,0,1.00,0.5,0.5,0.0,0.0,0.0
2026-01-23 07:50:37,clusterA,26,4,4,0,1.00,0.5,0.5,0.0,0.0,0.0
2026-01-23 07:50:37,clusterB,26,4,4,0,1.00,0.5,0.5,0.0,0.0,0.0
2026-01-23 07:50:42,clusterA,26,4,4,0,1.00,0.5,0.5,0.0,0.0,0.0
2026-01-23 07:50:42,clusterB,26,4,4,0,1.00,0.5,0.5,0.0,0.0,0.0
2026-01-23 07:50:47,clusterA,26,4,4,0,1.00,0.5,0.5,0.0,0.0,0.0
2026-01-23 07:50:47,clusterB,26,4,4,0,1.00,0.5,0.5,0.0,0.0,0.0
2026-01-23 07:50:52,clusterA,26,4,4,0,1.00,0.5,0.5,0.0,0.0,0.0
2026-01-23 07:50:52,clusterB,26,4,4,0,1.00,0.5,0.5,0.0,0.0,0.0
2026-01-23 07:50:57,clusterA,26,4,4,0,1.00,0.5,0.5,0.0,0.0,0.0
2026-01-23 07:50:57,clusterB,26,4,4,0,1.00,0.5,0.5,0.0,0.0,0.0
2026-01-23 07:51:02,clusterA,26,4,4,0,1.00,0.5,0.5,0.0,0.0,0.0
2026-01-23 07:51:02,clusterB,26,4,4,0,1.00,0.5,0.5,0.0,0.0,0.0
2026-01-23 07:51:07,clusterA,26,4,4,0,1.00,0.5,0.5,0.0,0.0,0.0
2026-01-23 07:51:07,clusterB,26,4,4,0,1.00,0.5,0.5,0.0,0.0,0.0
2026-01-23 07:51:12,clusterA,26,4,4,0,1.00,0.5,0.5,0.0,0.0,0.0
2026-01-23 07:51:12,clusterB,26,4,4,0,1.00,0.5,0.5,0.0,0.0,0.0
2026-01-23 07:51:17,clusterA,26,4,4,0,1.00,0.5,0.5,0.0,0.0,0.0
2026-01-23 07:51:17,clusterB,26,4,4,0,1.00,0.5,0.5,0.0,0.0,0.0
2026-01-23 07:51:22,clusterA,26,4,4,0,1.00,0.5,0.5,0.0,0.0,0.0
2026-01-23 07:51:22,clusterB,26,4,4,0,1.00,0.5,0.5,0.0,0.0,0.0
2026-01-23 07:51:27,clusterA,26,4,4,0,1.00,0.5,0.5,0.0,0.0,0.0
2026-01-23 07:51:27,clusterB,26,4,4,0,1.00,0.5,0.5,0.0,0.0,0.0
2026-01-23 07:51:32,clusterA,26,4,4,0,1.00,0.5,0.5,0.0,0.0,0.0
2026-01-23 07:51:32,clusterB,26,4,4,0,1.00,0.5,0.5,0.0,0.0,0.0
2026-01-23 07:51:37,clusterA,26,4,4,0,1.00,0.5,0.5,0.0,0.0,0.0
2026-01-23 07:51:37,clusterB,26,4,4,0,1.00,0.5,0.5,0.0,0.0,0.0
2026-01-23 07:51:42,clusterA,26,4,4,0,1.00,0.5,0.5,0.0,0.0,0.0
2026-01-23 07:51:42,clusterB,26,4,4,0,1.00,0.5,0.5,0.0,0.0,0.0
2026-01-23 07:51:47,clusterA,26,4,4,0,1.00,0.5,0.5,0.0,0.0,0.0
2026-01-23 07:51:47,clusterB,26,4,4,0,1.00,0.5,0.5,0.0,0.0,0.0
2026-01-23 07:51:52,clusterA,26,4,4,0,1.00,0.5,0.5,0.0,0.0,0.0
2026-01-23 07:51:52,clusterB,26,4,4,0,1.00,0.5,0.5,0.0,0.0,0.0
2026-01-23 07:51:57,clusterA,26,4,4,0,1.00,0.5,0.5,0.0,0.0,0.0
2026-01-23 07:51:57,clusterB,26,4,4,0,1.00,0.5,0.5,0.0,0.0,0.0
2026-01-23 07:52:02,clusterA,26,4,4,0,1.00,0.5,0.5,0.0,0.0,0.0
2026-01-23 07:52:02,clusterB,26,4,4,0,1.00,0.5,0.5,0.0,0.0,0.0
2026-01-23 07:52:07,clusterA,26,4,4,0,1.00,0.5,0.5,0.0,0.0,0.0
2026-01-23 07:52:07,clusterB,26,4,4,0,1.00,0.5,0.5,0.0,0.0,0.0
2026-01-23 07:52:13,clusterA,26,4,4,0,1.00,0.5,0.5,0.0,0.0,0.0
2026-01-23 07:52:13,clusterB,26,4,4,0,1.00,0.5,0.5,0.0,0.0,0.0
2026-01-23 07:52:18,clusterA,26,4,4,0,1.00,0.5,0.5,0.0,0.0,0.0
2026-01-23 07:52:18,clusterB,26,4,4,0,1.00,0.5,0.5,0.0,0.0,0.0
2026-01-23 07:52:23,clusterA,26,4,4,0,1.00,0.5,0.5,0.0,0.0,0.0
2026-01-23 07:52:23,clusterB,26,4,4,0,1.00,0.5,0.5,0.0,0.0,0.0
2026-01-23 07:52:28,clusterA,26,4,4,0,1.00,0.5,0.5,0.0,0.0,0.0
2026-01-23 07:52:28,clusterB,26,4,4,0,1.00,0.5,0.5,0.0,0.0,0.0
2026-01-23 07:52:33,clusterA,26,4,4,0,1.00,0.5,0.5,0.0,0.0,0.0
2026-01-23 07:52:33,clusterB,26,4,4,0,1.00,0.5,0.5,0.0,0.0,0.0
2026-01-23 07:52:38,clusterA,26,4,4,0,1.00,0.5,0.5,0.0,0.0,0.0
2026-01-23 07:52:38,clusterB,26,4,4,0,1.00,0.5,0.5,0.0,0.0,0.0
2026-01-23 07:52:43,clusterA,26,4,4,0,1.00,0.5,0.5,0.0,0.0,0.0
2026-01-23 07:52:43,clusterB,26,4,4,0,1.00,0.5,0.5,0.0,0.0,0.0
2026-01-23 07:52:48,clusterA,26,4,4,0,1.00,0.5,0.5,0.0,0.0,0.0
2026-01-23 07:52:48,clusterB,26,4,4,0,1.00,0.5,0.5,0.0,0.0,0.0
2026-01-23 07:52:53,clusterA,26,4,4,0,1.00,0.5,0.5,0.0,0.0,0.0
2026-01-23 07:52:53,clusterB,26,4,4,0,1.00,0.5,0.5,0.0,0.0,0.0
2026-01-23 07:52:58,clusterA,26,4,4,0,1.00,0.5,0.5,0.0,0.0,0.0
2026-01-23 07:52:58,clusterB,26,4,4,0,1.00,0.5,0.5,0.0,0.0,0.0
2026-01-23 07:53:03,clusterA,26,4,4,0,1.00,0.5,0.5,0.0,0.0,0.0
2026-01-23 07:53:03,clusterB,26,4,4,0,1.00,0.5,0.5,0.0,0.0,0.0
2026-01-23 07:53:08,clusterA,26,4,4,0,1.00,0.5,0.5,0.0,0.0,0.0
2026-01-23 07:53:08,clusterB,26,4,4,0,1.00,0.5,0.5,0.0,0.0,0.0
2026-01-23 07:53:13,clusterA,26,4,4,0,1.00,0.5,0.5,0.0,0.0,0.0
2026-01-23 07:53:13,clusterB,26,4,4,0,1.00,0.5,0.5,0.0,0.0,0.0
2026-01-23 07:53:18,clusterA,26,4,4,0,1.00,0.5,0.5,0.0,0.0,0.0
2026-01-23 07:53:18,clusterB,26,4,4,0,1.00,0.5,0.5,0.0,0.0,0.0
2026-01-23 07:53:23,clusterA,26,4,4,0,1.00,0.5,0.5,0.0,0.0,0.0
2026-01-23 07:53:23,clusterB,26,4,4,0,1.00,0.5,0.5,0.0,0.0,0.0
2026-01-23 07:53:28,clusterA,26,4,4,0,1.00,0.5,0.5,0.0,0.0,0.0
2026-01-23 07:53:28,clusterB,26,4,4,0,1.00,0.5,0.5,0.0,0.0,0.0
2026-01-23 07:53:33,clusterA,26,4,4,0,1.00,0.5,0.5,0.0,0.0,0.0
2026-01-23 07:53:33,clusterB,26,4,4,0,1.00,0.5,0.5,0.0,0.0,0.0
2026-01-23 07:53:38,clusterA,26,4,4,0,1.00,0.5,0.5,0.0,0.0,0.0
2026-01-23 07:53:38,clusterB,26,4,4,0,1.00,0.5,0.5,0.0,0.0,0.0
2026-01-23 07:53:43,clusterA,26,4,4,0,1.00,0.5,0.5,0.0,0.0,0.0
2026-01-23 07:53:43,clusterB,26,4,4,0,1.00,0.5,0.5,0.0,0.0,0.0
2026-01-23 07:53:48,clusterA,26,4,4,0,1.00,0.5,0.5,0.0,0.0,0.0
2026-01-23 07:53:48,clusterB,26,4,4,0,1.00,0.5,0.5,0.0,0.0,0.0
2026-01-23 07:53:53,clusterA,26,4,4,0,1.00,0.5,0.5,0.0,0.0,0.0
2026-01-23 07:53:53,clusterB,26,4,4,0,1.00,0.5,0.5,0.0,0.0,0.0
2026-01-23 07:53:58,clusterA,26,4,4,0,1.00,0.5,0.5,0.0,0.0,0.0
2026-01-23 07:53:58,clusterB,26,4,4,0,1.00,0.5,0.5,0.0,0.0,0.0
2026-01-23 07:54:03,clusterA,26,4,4,0,1.00,0.5,0.5,0.0,0.0,0.0
2026-01-23 07:54:03,clusterB,26,4,4,0,1.00,0.5,0.5,0.0,0.0,0.0
2026-01-23 07:54:08,clusterA,26,4,4,0,1.00,0.5,0.5,0.0,0.0,0.0
2026-01-23 07:54:08,clusterB,26,4,4,0,1.00,0.5,0.5,0.0,0.0,0.0
2026-01-23 07:54:13,clusterA,26,4,4,0,1.00,0.5,0.5,0.0,0.0,0.0
2026-01-23 07:54:13,clusterB,26,4,4,0,1.00,0.5,0.5,0.0,0.0,0.0
2026-01-23 07:54:18,clusterA,26,4,4,0,1.00,0.5,0.5,0.0,0.0,0.0
2026-01-23 07:54:18,clusterB,26,4,4,0,1.00,0.5,0.5,0.0,0.0,0.0
2026-01-23 07:54:23,clusterA,26,4,4,0,1.00,0.5,0.5,0.0,0.0,0.0
2026-01-23 07:54:23,clusterB,26,4,4,0,1.00,0.5,0.5,0.0,0.0,0.0
2026-01-23 07:54:28,clusterA,26,4,4,0,1.00,0.5,0.5,0.0,0.0,0.0
2026-01-23 07:54:28,clusterB,26,4,4,0,1.00,0.5,0.5,0.0,0.0,0.0
2026-01-23 07:54:33,clusterA,26,4,4,0,1.00,0.5,0.5,0.0,0.0,0.0
2026-01-23 07:54:33,clusterB,26,4,4,0,1.00,0.5,0.5,0.0,0.0,0.0
2026-01-23 07:54:38,clusterA,26,4,4,0,1.00,0.5,0.5,0.0,0.0,0.0
2026-01-23 07:54:38,clusterB,26,4,4,0,1.00,0.5,0.5,0.0,0.0,0.0
2026-01-23 07:54:43,clusterA,26,4,4,0,1.00,0.5,0.5,0.0,0.0,0.0
2026-01-23 07:54:43,clusterB,26,4,4,0,1.00,0.5,0.5,0.0,0.0,0.0
2026-01-23 07:54:48,clusterA,26,4,4,0,1.00,0.5,0.5,0.0,0.0,0.0
2026-01-23 07:54:48,clusterB,26,4,4,0,1.00,0.5,0.5,0.0,0.0,0.0
2026-01-23 07:54:53,clusterA,26,4,4,0,1.00,0.5,0.5,0.0,0.0,0.0
2026-01-23 07:54:53,clusterB,26,4,4,0,1.00,0.5,0.5,0.0,0.0,0.0
2026-01-23 07:54:58,clusterA,26,4,4,0,1.00,0.5,0.5,0.0,0.0,0.0
2026-01-23 07:54:58,clusterB,26,4,4,0,1.00,0.5,0.5,0.0,0.0,0.0
2026-01-23 07:55:03,clusterA,26,4,4,0,1.00,0.5,0.5,0.0,0.0,0.0
2026-01-23 07:55:03,clusterB,26,4,4,0,1.00,0.5,0.5,0.0,0.0,0.0
2026-01-23 07:55:08,clusterA,26,4,4,0,1.00,0.5,0.5,0.0,0.0,0.0
2026-01-23 07:55:08,clusterB,26,4,4,0,1.00,0.5,0.5,0.0,0.0,0.0
2026-01-23 07:55:13,clusterA,26,4,4,0,1.00,0.5,0.5,0.0,0.0,0.0
2026-01-23 07:55:13,clusterB,26,4,4,0,1.00,0.5,0.5,0.0,0.0,0.0
2026-01-23 07:55:18,clusterA,26,4,4,0,1.00,0.5,0.5,0.0,0.0,0.0
2026-01-23 07:55:18,clusterB,26,4,4,0,1.00,0.5,0.5,0.0,0.0,0.0
2026-01-23 07:55:23,clusterA,26,4,4,0,1.00,0.5,0.5,0.0,0.0,0.0
2026-01-23 07:55:23,clusterB,26,4,4,0,1.00,0.5,0.5,0.0,0.0,0.0
2026-01-23 07:55:28,clusterA,26,4,4,0,1.00,0.5,0.5,0.0,0.0,0.0
2026-01-23 07:55:28,clusterB,26,4,4,0,1.00,0.5,0.5,0.0,0.0,0.0
2026-01-23 07:55:33,clusterA,26,4,4,0,1.00,0.5,0.5,0.0,0.0,0.0
2026-01-23 07:55:33,clusterB,26,4,4,0,1.00,0.5,0.5,0.0,0.0,0.0
2026-01-23 07:55:38,clusterA,26,4,4,0,1.00,0.5,0.5,0.0,0.0,0.0
2026-01-23 07:55:38,clusterB,26,4,4,0,1.00,0.5,0.5,0.0,0.0,0.0
2026-01-23 07:55:43,clusterA,26,4,4,0,1.00,0.5,0.5,0.0,0.0,0.0
2026-01-23 07:55:43,clusterB,26,4,4,0,1.00,0.5,0.5,0.0,0.0,0.0
2026-01-23 07:55:48,clusterA,26,4,4,0,1.00,0.5,0.5,0.0,0.0,0.0
2026-01-23 07:55:48,clusterB,26,4,4,0,1.00,0.5,0.5,0.0,0.0,0.0
2026-01-23 07:55:53,clusterA,26,4,4,0,1.00,0.5,0.5,0.0,0.0,0.0
2026-01-23 07:55:53,clusterB,26,4,4,0,1.00,0.5,0.5,0.0,0.0,0.0
2026-01-23 07:55:58,clusterA,26,4,4,0,1.00,0.5,0.5,0.0,0.0,0.0
2026-01-23 07:55:58,clusterB,26,4,4,0,1.00,0.5,0.5,0.0,0.0,0.0
2026-01-23 07:56:03,clusterA,26,4,4,0,1.00,0.5,0.5,0.0,0.0,0.0
2026-01-23 07:56:03,clusterB,26,4,4,0,1.00,0.5,0.5,0.0,0.0,0.0
2026-01-23 07:56:08,clusterA,26,4,4,0,1.00,0.5,0.5,0.0,0.0,0.0
2026-01-23 07:56:08,clusterB,26,4,4,0,1.00,0.5,0.5,0.0,0.0,0.0
2026-01-23 07:56:13,clusterA,26,4,4,0,1.00,0.5,0.5,0.0,0.0,0.0
2026-01-23 07:56:13,clusterB,26,4,4,0,1.00,0.5,0.5,0.0,0.0,0.0
2026-01-23 07:56:18,clusterA,26,4,4,0,1.00,0.5,0.5,0.0,0.0,0.0
2026-01-23 07:56:18,clusterB,26,4,4,0,1.00,0.5,0.5,0.0,0.0,0.0
2026-01-23 07:56:23,clusterA,26,4,4,0,1.00,0.5,0.5,0.0,0.0,0.0
2026-01-23 07:56:23,clusterB,26,4,4,0,1.00,0.5,0.5,0.0,0.0,0.0
2026-01-23 07:56:28,clusterA,26,4,4,0,1.00,0.5,0.5,0.0,0.0,0.0
2026-01-23 07:56:28,clusterB,26,4,4,0,1.00,0.5,0.5,0.0,0.0,0.0
2026-01-23 07:56:33,clusterA,26,4,4,0,1.00,0.5,0.5,0.0,0.0,0.0
2026-01-23 07:56:33,clusterB,26,4,4,0,1.00,0.5,0.5,0.0,0.0,0.0
2026-01-23 07:56:38,clusterA,26,4,4,0,1.00,0.5,0.5,0.0,0.0,0.0
2026-01-23 07:56:38,clusterB,26,4,4,0,1.00,0.5,0.5,0.0,0.0,0.0
2026-01-23 07:56:43,clusterA,26,4,4,0,1.00,0.5,0.5,0.0,0.0,0.0
2026-01-23 07:56:43,clusterB,26,4,4,0,1.00,0.5,0.5,0.0,0.0,0.0
2026-01-23 07:56:48,clusterA,26,4,4,0,1.00,0.5,0.5,0.0,0.0,0.0
2026-01-23 07:56:48,clusterB,26,4,4,0,1.00,0.5,0.5,0.0,0.0,0.0
2026-01-23 07:56:53,clusterA,26,4,4,0,1.00,0.5,0.5,0.0,0.0,0.0
2026-01-23 07:56:53,clusterB,26,4,4,0,1.00,0.5,0.5,0.0,0.0,0.0
2026-01-23 07:56:58,clusterA,26,4,4,0,1.00,0.5,0.5,0.0,0.0,0.0
2026-01-23 07:56:58,clusterB,26,4,4,0,1.00,0.5,0.5,0.0,0.0,0.0
2026-01-23 07:57:03,clusterA,26,4,4,0,1.00,0.5,0.5,0.0,0.0,0.0
2026-01-23 07:57:03,clusterB,26,4,4,0,1.00,0.5,0.5,0.0,0.0,0.0
2026-01-23 07:57:08,clusterA,26,4,4,0,1.00,0.5,0.5,0.0,0.0,0.0
2026-01-23 07:57:08,clusterB,26,4,4,0,1.00,0.5,0.5,0.0,0.0,0.0
2026-01-23 07:57:13,clusterA,26,4,4,0,1.00,0.5,0.5,0.0,0.0,0.0
2026-01-23 07:57:13,clusterB,26,4,4,0,1.00,0.5,0.5,0.0,0.0,0.0
2026-01-23 07:57:18,clusterA,26,4,4,0,1.00,0.5,0.5,0.0,0.0,0.0
2026-01-23 07:57:18,clusterB,26,4,4,0,1.00,0.5,0.5,0.0,0.0,0.0
2026-01-23 07:57:23,clusterA,26,4,4,0,1.00,0.5,0.5,0.0,0.0,0.0
2026-01-23 07:57:23,clusterB,26,4,4,0,1.00,0.5,0.5,0.0,0.0,0.0
2026-01-23 07:57:28,clusterA,26,4,4,0,1.00,0.5,0.5,0.0,0.0,0.0
2026-01-23 07:57:28,clusterB,26,4,4,0,1.00,0.5,0.5,0.0,0.0,0.0
2026-01-23 07:57:33,clusterA,26,4,4,0,1.00,0.5,0.5,0.0,0.0,0.0
2026-01-23 07:57:33,clusterB,26,4,4,0,1.00,0.5,0.5,0.0,0.0,0.0
2026-01-23 07:57:38,clusterA,26,4,4,0,1.00,0.5,0.5,0.0,0.0,0.0
2026-01-23 07:57:38,clusterB,26,4,4,0,1.00,0.5,0.5,0.0,0.0,0.0
2026-01-23 07:57:43,clusterA,26,4,4,0,1.00,0.5,0.5,0.0,0.0,0.0
2026-01-23 07:57:43,clusterB,26,4,4,0,1.00,0.5,0.5,0.0,0.0,0.0
2026-01-23 07:57:48,clusterA,26,4,4,0,1.00,0.5,0.5,0.0,0.0,0.0
2026-01-23 07:57:48,clusterB,26,4,4,0,1.00,0.5,0.5,0.0,0.0,0.0
2026-01-23 07:57:54,clusterA,26,4,4,0,1.00,0.5,0.5,0.0,0.0,0.0
2026-01-23 07:57:54,clusterB,26,4,4,0,1.00,0.5,0.5,0.0,0.0,0.0
2026-01-23 07:57:59,clusterA,26,4,4,0,1.00,0.5,0.5,0.0,0.0,0.0
2026-01-23 07:57:59,clusterB,26,4,4,0,1.00,0.5,0.5,0.0,0.0,0.0
2026-01-23 07:58:04,clusterA,26,4,4,0,1.00,0.5,0.5,0.0,0.0,0.0
2026-01-23 07:58:04,clusterB,26,4,4,0,1.00,0.5,0.5,0.0,0.0,0.0
2026-01-23 07:58:09,clusterA,26,4,4,0,1.00,0.5,0.5,0.0,0.0,0.0
2026-01-23 07:58:09,clusterB,26,4,4,0,1.00,0.5,0.5,0.0,0.0,0.0
2026-01-23 07:58:14,clusterA,26,4,4,0,1.00,0.5,0.5,0.0,0.0,0.0
2026-01-23 07:58:14,clusterB,26,4,4,0,1.00,0.5,0.5,0.0,0.0,0.0
2026-01-23 07:58:19,clusterA,26,4,4,0,1.00,0.5,0.5,0.0,0.0,0.0
2026-01-23 07:58:19,clusterB,26,4,4,0,1.00,0.5,0.5,0.0,0.0,0.0
2026-01-23 07:58:24,clusterA,26,4,4,0,1.00,0.5,0.5,0.0,0.0,0.0
2026-01-23 07:58:24,clusterB,26,4,4,0,1.00,0.5,0.5,0.0,0.0,0.0
2026-01-23 07:58:29,clusterA,26,4,4,0,1.00,0.5,0.5,0.0,0.0,0.0
2026-01-23 07:58:29,clusterB,26,4,4,0,1.00,0.5,0.5,0.0,0.0,0.0
2026-01-23 07:58:34,clusterA,26,4,4,0,1.00,0.5,0.5,0.0,0.0,0.0
2026-01-23 07:58:34,clusterB,26,4,4,0,1.00,0.5,0.5,0.0,0.0,0.0
2026-01-23 07:58:39,clusterA,26,4,4,0,1.00,0.5,0.5,0.0,0.0,0.0
2026-01-23 07:58:39,clusterB,26,4,4,0,1.00,0.5,0.5,0.0,0.0,0.0
2026-01-23 07:58:44,clusterA,26,4,4,0,1.00,0.5,0.5,0.0,0.0,0.0
2026-01-23 07:58:44,clusterB,26,4,4,0,1.00,0.5,0.5,0.0,0.0,0.0
2026-01-23 07:58:49,clusterA,26,4,4,0,1.00,0.5,0.5,0.0,0.0,0.0
2026-01-23 07:58:49,clusterB,26,4,4,0,1.00,0.5,0.5,0.0,0.0,0.0
2026-01-23 07:58:54,clusterA,26,4,4,0,1.00,0.5,0.5,0.0,0.0,0.0
2026-01-23 07:58:54,clusterB,26,4,4,0,1.00,0.5,0.5,0.0,0.0,0.0
2026-01-23 07:58:59,clusterA,26,4,4,0,1.00,0.5,0.5,0.0,0.0,0.0
2026-01-23 07:58:59,clusterB,26,4,4,0,1.00,0.5,0.5,0.0,0.0,0.0
2026-01-23 07:59:04,clusterA,26,4,4,0,1.00,0.5,0.5,0.0,0.0,0.0
2026-01-23 07:59:04,clusterB,26,4,4,0,1.00,0.5,0.5,0.0,0.0,0.0
2026-01-23 07:59:09,clusterA,26,4,4,0,1.00,0.5,0.5,0.0,0.0,0.0
2026-01-23 07:59:09,clusterB,26,4,4,0,1.00,0.5,0.5,0.0,0.0,0.0
2026-01-23 07:59:14,clusterA,26,4,4,0,1.00,0.5,0.5,0.0,0.0,0.0
2026-01-23 07:59:14,clusterB,26,4,4,0,1.00,0.5,0.5,0.0,0.0,0.0
2026-01-23 07:59:19,clusterA,26,4,4,0,1.00,0.5,0.5,0.0,0.0,0.0
2026-01-23 07:59:19,clusterB,26,4,4,0,1.00,0.5,0.5,0.0,0.0,0.0
2026-01-23 07:59:24,clusterA,26,4,4,0,1.00,0.5,0.5,0.0,0.0,0.0
2026-01-23 07:59:24,clusterB,26,4,4,0,1.00,0.5,0.5,0.0,0.0,0.0
2026-01-23 07:59:29,clusterA,26,4,4,0,1.00,0.5,0.5,0.0,0.0,0.0
2026-01-23 07:59:29,clusterB,26,4,4,0,1.00,0.5,0.5,0.0,0.0,0.0
2026-01-23 07:59:34,clusterA,26,4,4,0,1.00,0.5,0.5,0.0,0.0,0.0
2026-01-23 07:59:34,clusterB,26,4,4,0,1.00,0.5,0.5,0.0,0.0,0.0
2026-01-23 07:59:39,clusterA,26,4,4,0,1.00,0.5,0.5,0.0,0.0,0.0
2026-01-23 07:59:39,clusterB,26,4,4,0,1.00,0.5,0.5,0.0,0.0,0.0
2026-01-23 07:59:44,clusterA,26,4,4,0,1.00,0.5,0.5,0.0,0.0,0.0
2026-01-23 07:59:44,clusterB,26,4,4,0,1.00,0.5,0.5,0.0,0.0,0.0
2026-01-23 07:59:49,clusterA,26,4,4,0,1.00,0.5,0.5,0.0,0.0,0.0
2026-01-23 07:59:49,clusterB,26,4,4,0,1.00,0.5,0.5,0.0,0.0,0.0
2026-01-23 07:59:54,clusterA,26,4,4,0,1.00,0.5,0.5,0.0,0.0,0.0
2026-01-23 07:59:54,clusterB,26,4,4,0,1.00,0.5,0.5,0.0,0.0,0.0
2026-01-23 07:59:59,clusterA,26,4,4,0,1.00,0.5,0.5,0.0,0.0,0.0
2026-01-23 07:59:59,clusterB,26,4,4,0,1.00,0.5,0.5,0.0,0.0,0.0
2026-01-23 08:00:04,clusterA,26,4,4,0,1.00,0.5,0.5,0.0,0.0,0.0
2026-01-23 08:00:04,clusterB,26,4,4,0,1.00,0.5,0.5,0.0,0.0,0.0
2026-01-23 08:00:09,clusterA,26,4,4,0,1.00,0.5,0.5,0.0,0.0,0.0
2026-01-23 08:00:09,clusterB,26,4,4,0,1.00,0.5,0.5,0.0,0.0,0.0
2026-01-23 08:00:14,clusterA,26,4,4,0,1.00,0.5,0.5,0.0,0.0,0.0
2026-01-23 08:00:14,clusterB,26,4,4,0,1.00,0.5,0.5,0.0,0.0,0.0
2026-01-23 08:00:19,clusterA,26,4,4,0,1.00,0.5,0.5,0.0,0.0,0.0
2026-01-23 08:00:19,clusterB,26,4,4,0,1.00,0.5,0.5,0.0,0.0,0.0
2026-01-23 08:00:24,clusterA,26,4,4,0,1.00,0.5,0.5,0.0,0.0,0.0
2026-01-23 08:00:24,clusterB,26,4,4,0,1.00,0.5,0.5,0.0,0.0,0.0
2026-01-23 08:00:29,clusterA,26,4,4,0,1.00,0.5,0.5,0.0,0.0,0.0
2026-01-23 08:00:29,clusterB,26,4,4,0,1.00,0.5,0.5,0.0,0.0,0.0
2026-01-23 08:00:34,clusterA,26,4,4,0,1.00,0.5,0.5,0.0,0.0,0.0
2026-01-23 08:00:34,clusterB,26,4,4,0,1.00,0.5,0.5,0.0,0.0,0.0
2026-01-23 08:00:39,clusterA,26,4,4,0,1.00,0.5,0.5,0.0,0.0,0.0
2026-01-23 08:00:39,clusterB,26,4,4,0,1.00,0.5,0.5,0.0,0.0,0.0
2026-01-23 08:00:44,clusterA,26,4,4,0,1.00,0.5,0.5,0.0,0.0,0.0
2026-01-23 08:00:44,clusterB,26,4,4,0,1.00,0.5,0.5,0.0,0.0,0.0
2026-01-23 08:00:49,clusterA,26,4,4,0,1.00,0.5,0.5,0.0,0.0,0.0
2026-01-23 08:00:49,clusterB,26,4,4,0,1.00,0.5,0.5,0.0,0.0,0.0
2026-01-23 08:00:54,clusterA,26,4,4,0,1.00,0.5,0.5,0.0,0.0,0.0
2026-01-23 08:00:54,clusterB,26,4,4,0,1.00,0.5,0.5,0.0,0.0,0.0
2026-01-23 08:00:59,clusterA,26,4,4,0,1.00,0.5,0.5,0.0,0.0,0.0
2026-01-23 08:00:59,clusterB,26,4,4,0,1.00,0.5,0.5,0.0,0.0,0.0
2026-01-23 08:01:04,clusterA,26,4,4,0,1.00,0.5,0.5,0.0,0.0,0.0
2026-01-23 08:01:04,clusterB,26,4,4,0,1.00,0.5,0.5,0.0,0.0,0.0
2026-01-23 08:01:09,clusterA,26,4,4,0,1.00,0.5,0.5,0.0,0.0,0.0
2026-01-23 08:01:09,clusterB,26,4,4,0,1.00,0.5,0.5,0.0,0.0,0.0
2026-01-23 08:01:14,clusterA,26,4,4,0,1.00,0.5,0.5,0.0,0.0,0.0
2026-01-23 08:01:14,clusterB,26,4,4,0,1.00,0.5,0.5,0.0,0.0,0.0
2026-01-23 08:01:19,clusterA,26,4,4,0,1.00,0.5,0.5,0.0,0.0,0.0
2026-01-23 08:01:19,clusterB,26,4,4,0,1.00,0.5,0.5,0.0,0.0,0.0
2026-01-23 08:01:24,clusterA,26,4,4,0,1.00,0.5,0.5,0.0,0.0,0.0
2026-01-23 08:01:24,clusterB,26,4,4,0,1.00,0.5,0.5,0.0,0.0,0.0
2026-01-23 08:01:29,clusterA,26,4,4,0,1.00,0.5,0.5,0.0,0.0,0.0
2026-01-23 08:01:29,clusterB,26,4,4,0,1.00,0.5,0.5,0.0,0.0,0.0
2026-01-23 08:01:34,clusterA,26,4,4,0,1.00,0.5,0.5,0.0,0.0,0.0
2026-01-23 08:01:34,clusterB,26,4,4,0,1.00,0.5,0.5,0.0,0.0,0.0
2026-01-23 08:01:39,clusterA,26,4,4,0,1.00,0.5,0.5,0.0,0.0,0.0
2026-01-23 08:01:39,clusterB,26,4,0,4,0.00,0.5,0.5,0.0,0.0,0.0
2026-01-23 08:01:44,clusterA,24,4,4,0,1.00,0.5,0.5,0.0,0.0,0.0
2026-01-23 08:01:44,clusterB,24,4,4,0,1.00,0.5,0.5,0.0,0.0,0.0
2026-01-23 08:01:50,clusterA,24,4,4,0,1.00,0.5,0.5,0.0,0.0,0.0
2026-01-23 08:01:50,clusterB,24,4,4,0,1.00,0.5,0.5,0.0,0.0,0.0
2026-01-23 08:01:55,clusterA,24,4,4,0,1.00,0.5,0.5,0.0,0.0,0.0
2026-01-23 08:01:55,clusterB,24,4,4,0,1.00,0.5,0.5,0.0,0.0,0.0
2026-01-23 08:02:00,clusterA,24,4,4,0,1.00,0.5,0.5,0.0,0.0,0.0
2026-01-23 08:02:00,clusterB,24,4,4,0,1.00,0.5,0.5,0.0,0.0,0.0
2026-01-23 08:02:05,clusterA,24,4,4,0,1.00,0.5,0.5,0.0,0.0,0.0
2026-01-23 08:02:05,clusterB,24,4,4,0,1.00,0.5,0.5,0.0,0.0,0.0
2026-01-23 08:02:10,clusterA,24,4,4,0,1.00,0.5,0.5,0.0,0.0,0.0
2026-01-23 08:02:10,clusterB,24,4,4,0,1.00,0.5,0.5,0.0,0.0,0.0
2026-01-23 08:02:15,clusterA,24,4,4,0,1.00,0.5,0.5,0.0,0.0,0.0
2026-01-23 08:02:15,clusterB,24,4,4,0,1.00,0.5,0.5,0.0,0.0,0.0
2026-01-23 08:02:20,clusterA,24,4,4,0,1.00,0.5,0.5,0.0,0.0,0.0
2026-01-23 08:02:20,clusterB,24,4,4,0,1.00,0.5,0.5,0.0,0.0,0.0
2026-01-23 08:02:25,clusterA,24,4,4,0,1.00,0.5,0.5,0.0,0.0,0.0
2026-01-23 08:02:25,clusterB,24,4,4,0,1.00,0.5,0.5,0.0,0.0,0.0
2026-01-23 08:02:30,clusterA,24,4,4,0,1.00,0.5,0.5,0.0,0.0,0.0
2026-01-23 08:02:30,clusterB,24,4,4,0,1.00,0.5,0.5,0.0,0.0,0.0
2026-01-23 08:02:35,clusterA,24,4,4,0,1.00,0.5,0.5,0.0,0.0,0.0
2026-01-23 08:02:35,clusterB,24,4,4,0,1.00,0.5,0.5,0.0,0.0,0.0
2026-01-23 08:02:40,clusterA,24,4,4,0,1.00,0.5,0.5,0.0,0.0,0.0
2026-01-23 08:02:40,clusterB,24,4,4,0,1.00,0.5,0.5,0.0,0.0,0.0
2026-01-23 08:02:45,clusterA,24,4,4,0,1.00,0.5,0.5,0.0,0.0,0.0
2026-01-23 08:02:45,clusterB,24,4,4,0,1.00,0.5,0.5,0.0,0.0,0.0
2026-01-23 08:02:50,clusterA,24,4,4,0,1.00,0.5,0.5,0.0,0.0,0.0
2026-01-23 08:02:50,clusterB,24,4,4,0,1.00,0.5,0.5,0.0,0.0,0.0
2026-01-23 08:02:55,clusterA,24,4,4,0,1.00,0.5,0.5,0.0,0.0,0.0
2026-01-23 08:02:55,clusterB,24,4,4,0,1.00,0.5,0.5,0.0,0.0,0.0
2026-01-23 08:03:00,clusterA,24,4,4,0,1.00,0.5,0.5,0.0,0.0,0.0
2026-01-23 08:03:00,clusterB,24,4,4,0,1.00,0.5,0.5,0.0,0.0,0.0
2026-01-23 08:03:05,clusterA,24,4,4,0,1.00,0.5,0.5,0.0,0.0,0.0
2026-01-23 08:03:05,clusterB,24,4,4,0,1.00,0.5,0.5,0.0,0.0,0.0
2026-01-23 08:03:10,clusterA,24,4,4,0,1.00,0.5,0.5,0.0,0.0,0.0
2026-01-23 08:03:10,clusterB,24,4,4,0,1.00,0.5,0.5,0.0,0.0,0.0
2026-01-23 08:03:15,clusterA,24,4,4,0,1.00,0.5,0.5,0.0,0.0,0.0
2026-01-23 08:03:15,clusterB,24,4,4,0,1.00,0.5,0.5,0.0,0.0,0.0
2026-01-23 08:03:20,clusterA,24,4,4,0,1.00,0.5,0.5,0.0,0.0,0.0
2026-01-23 08:03:20,clusterB,24,4,4,0,1.00,0.5,0.5,0.0,0.0,0.0
2026-01-23 08:03:25,clusterA,24,4,4,0,1.00,0.5,0.5,0.0,0.0,0.0
2026-01-23 08:03:25,clusterB,24,4,4,0,1.00,0.5,0.5,0.0,0.0,0.0
2026-01-23 08:03:30,clusterA,24,4,4,0,1.00,0.5,0.5,0.0,0.0,0.0
2026-01-23 08:03:30,clusterB,24,4,4,0,1.00,0.5,0.5,0.0,0.0,0.0
2026-01-23 08:03:35,clusterA,24,4,4,0,1.00,0.5,0.5,0.0,0.0,0.0
2026-01-23 08:03:35,clusterB,24,4,4,0,1.00,0.5,0.5,0.0,0.0,0.0
2026-01-23 08:03:40,clusterA,24,4,4,0,1.00,0.5,0.5,0.0,0.0,0.0
2026-01-23 08:03:40,clusterB,24,4,4,0,1.00,0.5,0.5,0.0,0.0,0.0
2026-01-23 08:03:45,clusterA,24,4,4,0,1.00,0.5,0.5,0.0,0.0,0.0
2026-01-23 08:03:45,clusterB,24,4,4,0,1.00,0.5,0.5,0.0,0.0,0.0
2026-01-23 08:03:50,clusterA,24,4,4,0,1.00,0.5,0.5,0.0,0.0,0.0
2026-01-23 08:03:50,clusterB,24,4,4,0,1.00,0.5,0.5,0.0,0.0,0.0
2026-01-23 08:03:55,clusterA,24,4,4,0,1.00,0.5,0.5,0.0,0.0,0.0
2026-01-23 08:03:55,clusterB,24,4,4,0,1.00,0.5,0.5,0.0,0.0,0.0
2026-01-23 08:04:00,clusterA,24,4,4,0,1.00,0.5,0.5,0.0,0.0,0.0
2026-01-23 08:04:00,clusterB,24,4,4,0,1.00,0.5,0.5,0.0,0.0,0.0
2026-01-23 08:04:05,clusterA,24,4,4,0,1.00,0.5,0.5,0.0,0.0,0.0
2026-01-23 08:04:05,clusterB,24,4,4,0,1.00,0.5,0.5,0.0,0.0,0.0
2026-01-23 08:04:10,clusterA,24,4,4,0,1.00,0.5,0.5,0.0,0.0,0.0
2026-01-23 08:04:10,clusterB,24,4,4,0,1.00,0.5,0.5,0.0,0.0,0.0
2026-01-23 08:04:15,clusterA,24,4,4,0,1.00,0.5,0.5,0.0,0.0,0.0
2026-01-23 08:04:15,clusterB,24,4,4,0,1.00,0.5,0.5,0.0,0.0,0.0
2026-01-23 08:04:20,clusterA,24,4,4,0,1.00,0.5,0.5,0.0,0.0,0.0
2026-01-23 08:04:20,clusterB,24,4,4,0,1.00,0.5,0.5,0.0,0.0,0.0
2026-01-23 08:04:25,clusterA,24,4,4,0,1.00,0.5,0.5,0.0,0.0,0.0
2026-01-23 08:04:25,clusterB,24,4,4,0,1.00,0.5,0.5,0.0,0.0,0.0
2026-01-23 08:04:30,clusterA,24,4,4,0,1.00,0.5,0.5,0.0,0.0,0.0
2026-01-23 08:04:30,clusterB,24,4,4,0,1.00,0.5,0.5,0.0,0.0,0.0
2026-01-23 08:04:35,clusterA,24,4,4,0,1.00,0.5,0.5,0.0,0.0,0.0
2026-01-23 08:04:35,clusterB,24,4,4,0,1.00,0.5,0.5,0.0,0.0,0.0
2026-01-23 08:04:40,clusterA,24,4,4,0,1.00,0.5,0.5,0.0,0.0,0.0
2026-01-23 08:04:40,clusterB,24,4,4,0,1.00,0.5,0.5,0.0,0.0,0.0
2026-01-23 08:04:45,clusterA,24,4,4,0,1.00,0.5,0.5,0.0,0.0,0.0
2026-01-23 08:04:45,clusterB,24,4,4,0,1.00,0.5,0.5,0.0,0.0,0.0
2026-01-23 08:04:50,clusterA,24,4,4,0,1.00,0.5,0.5,0.0,0.0,0.0
2026-01-23 08:04:50,clusterB,24,4,4,0,1.00,0.5,0.5,0.0,0.0,0.0
2026-01-23 08:04:55,clusterA,24,4,4,0,1.00,0.5,0.5,0.0,0.0,0.0
2026-01-23 08:04:55,clusterB,24,4,4,0,1.00,0.5,0.5,0.0,0.0,0.0
2026-01-23 08:05:00,clusterA,24,4,4,0,1.00,0.5,0.5,0.0,0.0,0.0
2026-01-23 08:05:00,clusterB,24,4,4,0,1.00,0.5,0.5,0.0,0.0,0.0
2026-01-23 08:05:05,clusterA,24,4,4,0,1.00,0.5,0.5,0.0,0.0,0.0
2026-01-23 08:05:05,clusterB,24,4,4,0,1.00,0.5,0.5,0.0,0.0,0.0
2026-01-23 08:05:10,clusterA,24,4,4,0,1.00,0.5,0.5,0.0,0.0,0.0
2026-01-23 08:05:10,clusterB,24,4,4,0,1.00,0.5,0.5,0.0,0.0,0.0
2026-01-23 08:05:15,clusterA,24,4,4,0,1.00,0.5,0.5,0.0,0.0,0.0
2026-01-23 08:05:15,clusterB,24,4,4,0,1.00,0.5,0.5,0.0,0.0,0.0
2026-01-23 08:05:20,clusterA,24,4,4,0,1.00,0.5,0.5,0.0,0.0,0.0
2026-01-23 08:05:20,clusterB,24,4,4,0,1.00,0.5,0.5,0.0,0.0,0.0
2026-01-23 08:05:25,clusterA,24,4,4,0,1.00,0.5,0.5,0.0,0.0,0.0
2026-01-23 08:05:25,clusterB,24,4,4,0,1.00,0.5,0.5,0.0,0.0,0.0
2026-01-23 08:05:30,clusterA,24,4,4,0,1.00,0.5,0.5,0.0,0.0,0.0
2026-01-23 08:05:30,clusterB,24,4,4,0,1.00,0.5,0.5,0.0,0.0,0.0
2026-01-23 08:05:35,clusterA,24,4,4,0,1.00,0.5,0.5,0.0,0.0,0.0
2026-01-23 08:05:35,clusterB,24,4,4,0,1.00,0.5,0.5,0.0,0.0,0.0
2026-01-23 08:05:40,clusterA,24,4,4,0,1.00,0.5,0.5,0.0,0.0,0.0
2026-01-23 08:05:40,clusterB,24,4,4,0,1.00,0.5,0.5,0.0,0.0,0.0
2026-01-23 08:05:45,clusterA,24,4,4,0,1.00,0.5,0.5,0.0,0.0,0.0
2026-01-23 08:05:45,clusterB,24,4,4,0,1.00,0.5,0.5,0.0,0.0,0.0
2026-01-23 08:05:50,clusterA,24,4,4,0,1.00,0.5,0.5,0.0,0.0,0.0
2026-01-23 08:05:50,clusterB,24,4,4,0,1.00,0.5,0.5,0.0,0.0,0.0
2026-01-23 08:05:55,clusterA,24,4,4,0,1.00,0.5,0.5,0.0,0.0,0.0
2026-01-23 08:05:55,clusterB,24,4,4,0,1.00,0.5,0.5,0.0,0.0,0.0
2026-01-23 08:06:00,clusterA,24,4,4,0,1.00,0.5,0.5,0.0,0.0,0.0
2026-01-23 08:06:00,clusterB,24,4,4,0,1.00,0.5,0.5,0.0,0.0,0.0
2026-01-23 08:06:05,clusterA,24,4,4,0,1.00,0.5,0.5,0.0,0.0,0.0
2026-01-23 08:06:05,clusterB,24,4,4,0,1.00,0.5,0.5,0.0,0.0,0.0
2026-01-23 08:06:10,clusterA,24,4,4,0,1.00,0.5,0.5,0.0,0.0,0.0
2026-01-23 08:06:10,clusterB,24,4,4,0,1.00,0.5,0.5,0.0,0.0,0.0
2026-01-23 08:06:15,clusterA,24,4,4,0,1.00,0.5,0.5,0.0,0.0,0.0
2026-01-23 08:06:15,clusterB,24,4,4,0,1.00,0.5,0.5,0.0,0.0,0.0
2026-01-23 08:06:20,clusterA,24,4,4,0,1.00,0.5,0.5,0.0,0.0,0.0
2026-01-23 08:06:20,clusterB,24,4,4,0,1.00,0.5,0.5,0.0,0.0,0.0
2026-01-23 08:06:25,clusterA,24,4,4,0,1.00,0.5,0.5,0.0,0.0,0.0
2026-01-23 08:06:25,clusterB,24,4,4,0,1.00,0.5,0.5,0.0,0.0,0.0
2026-01-23 08:06:30,clusterA,24,4,4,0,1.00,0.5,0.5,0.0,0.0,0.0
2026-01-23 08:06:30,clusterB,24,4,4,0,1.00,0.5,0.5,0.0,0.0,0.0
2026-01-23 08:06:35,clusterA,24,4,4,0,1.00,0.5,0.5,0.0,0.0,0.0
2026-01-23 08:06:35,clusterB,24,4,4,0,1.00,0.5,0.5,0.0,0.0,0.0
2026-01-23 08:06:40,clusterA,24,4,4,0,1.00,0.5,0.5,0.0,0.0,0.0
2026-01-23 08:06:40,clusterB,24,4,4,0,1.00,0.5,0.5,0.0,0.0,0.0
2026-01-23 08:06:45,clusterA,24,4,4,0,1.00,0.5,0.5,0.0,0.0,0.0
2026-01-23 08:06:45,clusterB,24,4,4,0,1.00,0.5,0.5,0.0,0.0,0.0
2026-01-23 08:06:50,clusterA,24,4,4,0,1.00,0.5,0.5,0.0,0.0,0.0
2026-01-23 08:06:50,clusterB,24,4,4,0,1.00,0.5,0.5,0.0,0.0,0.0
2026-01-23 08:06:55,clusterA,24,4,4,0,1.00,0.5,0.5,0.0,0.0,0.0
2026-01-23 08:06:55,clusterB,24,4,4,0,1.00,0.5,0.5,0.0,0.0,0.0
2026-01-23 08:07:00,clusterA,24,4,4,0,1.00,0.5,0.5,0.0,0.0,0.0
2026-01-23 08:07:00,clusterB,24,4,4,0,1.00,0.5,0.5,0.0,0.0,0.0
2026-01-23 08:07:05,clusterA,24,4,4,0,1.00,0.5,0.5,0.0,0.0,0.0
2026-01-23 08:07:05,clusterB,24,4,4,0,1.00,0.5,0.5,0.0,0.0,0.0
2026-01-23 08:07:10,clusterA,24,4,4,0,1.00,0.5,0.5,0.0,0.0,0.0
2026-01-23 08:07:10,clusterB,24,4,4,0,1.00,0.5,0.5,0.0,0.0,0.0
2026-01-23 08:07:15,clusterA,24,4,4,0,1.00,0.5,0.5,0.0,0.0,0.0
2026-01-23 08:07:15,clusterB,24,4,4,0,1.00,0.5,0.5,0.0,0.0,0.0
2026-01-23 08:07:20,clusterA,24,4,4,0,1.00,0.5,0.5,0.0,0.0,0.0
2026-01-23 08:07:20,clusterB,24,4,4,0,1.00,0.5,0.5,0.0,0.0,0.0
2026-01-23 08:07:25,clusterA,24,4,4,0,1.00,0.5,0.5,0.0,0.0,0.0
2026-01-23 08:07:25,clusterB,24,4,4,0,1.00,0.5,0.5,0.0,0.0,0.0
2026-01-23 08:07:30,clusterA,24,4,4,0,1.00,0.5,0.5,0.0,0.0,0.0
2026-01-23 08:07:30,clusterB,24,4,4,0,1.00,0.5,0.5,0.0,0.0,0.0
2026-01-23 08:07:35,clusterA,24,4,4,0,1.00,0.5,0.5,0.0,0.0,0.0
2026-01-23 08:07:35,clusterB,24,4,4,0,1.00,0.5,0.5,0.0,0.0,0.0
2026-01-23 08:07:40,clusterA,24,4,4,0,1.00,0.5,0.5,0.0,0.0,0.0
2026-01-23 08:07:40,clusterB,24,4,4,0,1.00,0.5,0.5,0.0,0.0,0.0
2026-01-23 08:07:45,clusterA,24,4,4,0,1.00,0.5,0.5,0.0,0.0,0.0
2026-01-23 08:07:45,clusterB,24,4,4,0,1.00,0.5,0.5,0.0,0.0,0.0
2026-01-23 08:07:50,clusterA,24,4,4,0,1.00,0.5,0.5,0.0,0.0,0.0
2026-01-23 08:07:50,clusterB,24,4,4,0,1.00,0.5,0.5,0.0,0.0,0.0
2026-01-23 08:07:56,clusterA,24,4,4,0,1.00,0.5,0.5,0.0,0.0,0.0
2026-01-23 08:07:56,clusterB,24,4,4,0,1.00,0.5,0.5,0.0,0.0,0.0
2026-01-23 08:08:01,clusterA,24,4,4,0,1.00,0.5,0.5,0.0,0.0,0.0
2026-01-23 08:08:01,clusterB,24,4,4,0,1.00,0.5,0.5,0.0,0.0,0.0
2026-01-23 08:08:06,clusterA,24,4,4,0,1.00,0.5,0.5,0.0,0.0,0.0
2026-01-23 08:08:06,clusterB,24,4,4,0,1.00,0.5,0.5,0.0,0.0,0.0
2026-01-23 08:08:11,clusterA,24,4,4,0,1.00,0.5,0.5,0.0,0.0,0.0
2026-01-23 08:08:11,clusterB,24,4,4,0,1.00,0.5,0.5,0.0,0.0,0.0
2026-01-23 08:08:16,clusterA,24,4,4,0,1.00,0.5,0.5,0.0,0.0,0.0
2026-01-23 08:08:16,clusterB,24,4,4,0,1.00,0.5,0.5,0.0,0.0,0.0
2026-01-23 08:08:21,clusterA,24,4,4,0,1.00,0.5,0.5,0.0,0.0,0.0
2026-01-23 08:08:21,clusterB,24,4,4,0,1.00,0.5,0.5,0.0,0.0,0.0
2026-01-23 08:08:26,clusterA,24,4,4,0,1.00,0.5,0.5,0.0,0.0,0.0
2026-01-23 08:08:26,clusterB,24,4,4,0,1.00,0.5,0.5,0.0,0.0,0.0
2026-01-23 08:08:31,clusterA,24,4,4,0,1.00,0.5,0.5,0.0,0.0,0.0
2026-01-23 08:08:31,clusterB,24,4,4,0,1.00,0.5,0.5,0.0,0.0,0.0
2026-01-23 08:08:36,clusterA,24,4,4,0,1.00,0.5,0.5,0.0,0.0,0.0
2026-01-23 08:08:36,clusterB,24,4,4,0,1.00,0.5,0.5,0.0,0.0,0.0
2026-01-23 08:08:41,clusterA,24,4,4,0,1.00,0.5,0.5,0.0,0.0,0.0
2026-01-23 08:08:41,clusterB,24,4,4,0,1.00,0.5,0.5,0.0,0.0,0.0
2026-01-23 08:08:46,clusterA,24,4,4,0,1.00,0.5,0.5,0.0,0.0,0.0
2026-01-23 08:08:46,clusterB,24,4,4,0,1.00,0.5,0.5,0.0,0.0,0.0
2026-01-23 08:08:51,clusterA,24,4,4,0,1.00,0.5,0.5,0.0,0.0,0.0
2026-01-23 08:08:51,clusterB,24,4,4,0,1.00,0.5,0.5,0.0,0.0,0.0
2026-01-23 08:08:56,clusterA,24,4,4,0,1.00,0.5,0.5,0.0,0.0,0.0
2026-01-23 08:08:56,clusterB,24,4,4,0,1.00,0.5,0.5,0.0,0.0,0.0
2026-01-23 08:09:01,clusterA,24,4,4,0,1.00,0.5,0.5,0.0,0.0,0.0
2026-01-23 08:09:01,clusterB,24,4,4,0,1.00,0.5,0.5,0.0,0.0,0.0
2026-01-23 08:09:06,clusterA,24,4,4,0,1.00,0.5,0.5,0.0,0.0,0.0
2026-01-23 08:09:06,clusterB,24,4,4,0,1.00,0.5,0.5,0.0,0.0,0.0
2026-01-23 08:09:11,clusterA,24,4,4,0,1.00,0.5,0.5,0.0,0.0,0.0
2026-01-23 08:09:11,clusterB,24,4,4,0,1.00,0.5,0.5,0.0,0.0,0.0
2026-01-23 08:09:16,clusterA,24,4,4,0,1.00,0.5,0.5,0.0,0.0,0.0
2026-01-23 08:09:16,clusterB,24,4,4,0,1.00,0.5,0.5,0.0,0.0,0.0
2026-01-23 08:09:21,clusterA,24,4,4,0,1.00,0.5,0.5,0.0,0.0,0.0
2026-01-23 08:09:21,clusterB,24,4,4,0,1.00,0.5,0.5,0.0,0.0,0.0
2026-01-23 08:09:26,clusterA,24,4,4,0,1.00,0.5,0.5,0.0,0.0,0.0
2026-01-23 08:09:26,clusterB,24,4,4,0,1.00,0.5,0.5,0.0,0.0,0.0
2026-01-23 08:09:31,clusterA,24,4,4,0,1.00,0.5,0.5,0.0,0.0,0.0
2026-01-23 08:09:31,clusterB,24,4,4,0,1.00,0.5,0.5,0.0,0.0,0.0
2026-01-23 08:09:36,clusterA,24,4,4,0,1.00,0.5,0.5,0.0,0.0,0.0
2026-01-23 08:09:36,clusterB,24,4,4,0,1.00,0.5,0.5,0.0,0.0,0.0
2026-01-23 08:09:41,clusterA,24,4,4,0,1.00,0.5,0.5,0.0,0.0,0.0
2026-01-23 08:09:41,clusterB,24,4,4,0,1.00,0.5,0.5,0.0,0.0,0.0
2026-01-23 08:09:46,clusterA,24,4,4,0,1.00,0.5,0.5,0.0,0.0,0.0
2026-01-23 08:09:46,clusterB,24,4,4,0,1.00,0.5,0.5,0.0,0.0,0.0
2026-01-23 08:09:51,clusterA,24,4,4,0,1.00,0.5,0.5,0.0,0.0,0.0
2026-01-23 08:09:51,clusterB,24,4,4,0,1.00,0.5,0.5,0.0,0.0,0.0
2026-01-23 08:09:56,clusterA,24,4,4,0,1.00,0.5,0.5,0.0,0.0,0.0
2026-01-23 08:09:56,clusterB,24,4,4,0,1.00,0.5,0.5,0.0,0.0,0.0
2026-01-23 08:10:01,clusterA,24,4,4,0,1.00,0.5,0.5,0.0,0.0,0.0
2026-01-23 08:10:01,clusterB,24,4,4,0,1.00,0.5,0.5,0.0,0.0,0.0
2026-01-23 08:10:06,clusterA,24,4,4,0,1.00,0.5,0.5,0.0,0.0,0.0
2026-01-23 08:10:06,clusterB,24,4,4,0,1.00,0.5,0.5,0.0,0.0,0.0
2026-01-23 08:10:11,clusterA,24,4,4,0,1.00,0.5,0.5,0.0,0.0,0.0
2026-01-23 08:10:11,clusterB,24,4,4,0,1.00,0.5,0.5,0.0,0.0,0.0
2026-01-23 08:10:16,clusterA,24,4,4,0,1.00,0.5,0.5,0.0,0.0,0.0
2026-01-23 08:10:16,clusterB,24,4,4,0,1.00,0.5,0.5,0.0,0.0,0.0
2026-01-23 08:10:21,clusterA,24,4,4,0,1.00,0.5,0.5,0.0,0.0,0.0
2026-01-23 08:10:21,clusterB,24,4,4,0,1.00,0.5,0.5,0.0,0.0,0.0
2026-01-23 08:10:26,clusterA,24,4,4,0,1.00,0.5,0.5,0.0,0.0,0.0
2026-01-23 08:10:26,clusterB,24,4,4,0,1.00,0.5,0.5,0.0,0.0,0.0
2026-01-23 08:10:31,clusterA,24,4,4,0,1.00,0.5,0.5,0.0,0.0,0.0
2026-01-23 08:10:31,clusterB,24,4,4,0,1.00,0.5,0.5,0.0,0.0,0.0
2026-01-23 08:10:36,clusterA,24,4,4,0,1.00,0.5,0.5,0.0,0.0,0.0
2026-01-23 08:10:36,clusterB,24,4,4,0,1.00,0.5,0.5,0.0,0.0,0.0
2026-01-23 08:10:41,clusterA,24,4,4,0,1.00,0.5,0.5,0.0,0.0,0.0
2026-01-23 08:10:41,clusterB,24,4,4,0,1.00,0.5,0.5,0.0,0.0,0.0
2026-01-23 08:10:46,clusterA,24,4,4,0,1.00,0.5,0.5,0.0,0.0,0.0
2026-01-23 08:10:46,clusterB,24,4,4,0,1.00,0.5,0.5,0.0,0.0,0.0
2026-01-23 08:10:51,clusterA,24,4,4,0,1.00,0.5,0.5,0.0,0.0,0.0
2026-01-23 08:10:51,clusterB,24,4,4,0,1.00,0.5,0.5,0.0,0.0,0.0
2026-01-23 08:10:56,clusterA,24,4,4,0,1.00,0.5,0.5,0.0,0.0,0.0
2026-01-23 08:10:56,clusterB,24,4,4,0,1.00,0.5,0.5,0.0,0.0,0.0
2026-01-23 08:11:01,clusterA,24,4,4,0,1.00,0.5,0.5,0.0,0.0,0.0
2026-01-23 08:11:01,clusterB,24,4,4,0,1.00,0.5,0.5,0.0,0.0,0.0
2026-01-23 08:11:06,clusterA,24,4,4,0,1.00,0.5,0.5,0.0,0.0,0.0
2026-01-23 08:11:06,clusterB,24,4,4,0,1.00,0.5,0.5,0.0,0.0,0.0
2026-01-23 08:11:11,clusterA,24,4,4,0,1.00,0.5,0.5,0.0,0.0,0.0
2026-01-23 08:11:11,clusterB,24,4,4,0,1.00,0.5,0.5,0.0,0.0,0.0
2026-01-23 08:11:16,clusterA,24,4,4,0,1.00,0.5,0.5,0.0,0.0,0.0
2026-01-23 08:11:16,clusterB,24,4,4,0,1.00,0.5,0.5,0.0,0.0,0.0
2026-01-23 08:11:21,clusterA,24,4,4,0,1.00,0.5,0.5,0.0,0.0,0.0
2026-01-23 08:11:21,clusterB,24,4,4,0,1.00,0.5,0.5,0.0,0.0,0.0
2026-01-23 08:11:26,clusterA,24,4,4,0,1.00,0.5,0.5,0.0,0.0,0.0
2026-01-23 08:11:26,clusterB,24,4,4,0,1.00,0.5,0.5,0.0,0.0,0.0
2026-01-23 08:11:31,clusterA,24,4,4,0,1.00,0.5,0.5,0.0,0.0,0.0
2026-01-23 08:11:31,clusterB,24,4,4,0,1.00,0.5,0.5,0.0,0.0,0.0
2026-01-23 08:11:36,clusterA,24,4,4,0,1.00,0.5,0.5,0.0,0.0,0.0
2026-01-23 08:11:36,clusterB,24,4,4,0,1.00,0.5,0.5,0.0,0.0,0.0
2026-01-23 08:11:41,clusterA,24,4,4,0,1.00,0.5,0.5,0.0,0.0,0.0
2026-01-23 08:11:41,clusterB,24,4,4,0,1.00,0.5,0.5,0.0,0.0,0.0
2026-01-23 08:11:46,clusterA,24,4,4,0,1.00,0.5,0.5,0.0,0.0,0.0
2026-01-23 08:11:46,clusterB,24,4,4,0,1.00,0.5,0.5,0.0,0.0,0.0
2026-01-23 08:11:51,clusterA,24,4,4,0,1.00,0.5,0.5,0.0,0.0,0.0
2026-01-23 08:11:51,clusterB,24,4,4,0,1.00,0.5,0.5,0.0,0.0,0.0
2026-01-23 08:11:56,clusterA,24,4,4,0,1.00,0.5,0.5,0.0,0.0,0.0
2026-01-23 08:11:56,clusterB,24,4,4,0,1.00,0.5,0.5,0.0,0.0,0.0
2026-01-23 08:12:01,clusterA,24,4,4,0,1.00,0.5,0.5,0.0,0.0,0.0
2026-01-23 08:12:01,clusterB,24,4,4,0,1.00,0.5,0.5,0.0,0.0,0.0
2026-01-23 08:12:06,clusterA,24,4,4,0,1.00,0.5,0.5,0.0,0.0,0.0
2026-01-23 08:12:06,clusterB,24,4,4,0,1.00,0.5,0.5,0.0,0.0,0.0
2026-01-23 08:12:11,clusterA,24,4,4,0,1.00,0.5,0.5,0.0,0.0,0.0
2026-01-23 08:12:11,clusterB,24,4,4,0,1.00,0.5,0.5,0.0,0.0,0.0
2026-01-23 08:12:16,clusterA,24,4,4,0,1.00,0.5,0.5,0.0,0.0,0.0
2026-01-23 08:12:16,clusterB,24,4,4,0,1.00,0.5,0.5,0.0,0.0,0.0
2026-01-23 08:12:21,clusterA,24,4,4,0,1.00,0.5,0.5,0.0,0.0,0.0
2026-01-23 08:12:21,clusterB,24,4,4,0,1.00,0.5,0.5,0.0,0.0,0.0
2026-01-23 08:12:26,clusterA,24,4,4,0,1.00,0.5,0.5,0.0,0.0,0.0
2026-01-23 08:12:26,clusterB,24,4,4,0,1.00,0.5,0.5,0.0,0.0,0.0
2026-01-23 08:12:31,clusterA,24,4,4,0,1.00,0.5,0.5,0.0,0.0,0.0
2026-01-23 08:12:31,clusterB,24,4,4,0,1.00,0.5,0.5,0.0,0.0,0.0
2026-01-23 08:12:36,clusterA,24,4,4,0,1.00,0.5,0.5,0.0,0.0,0.0
2026-01-23 08:12:36,clusterB,24,4,4,0,1.00,0.5,0.5,0.0,0.0,0.0
2026-01-23 08:12:41,clusterA,24,4,4,0,1.00,0.5,0.5,0.0,0.0,0.0
2026-01-23 08:12:41,clusterB,24,4,4,0,1.00,0.5,0.5,0.0,0.0,0.0
2026-01-23 08:12:46,clusterA,24,4,4,0,1.00,0.5,0.5,0.0,0.0,0.0
2026-01-23 08:12:46,clusterB,24,4,4,0,1.00,0.5,0.5,0.0,0.0,0.0
2026-01-23 08:12:51,clusterA,24,4,4,0,1.00,0.5,0.5,0.0,0.0,0.0
2026-01-23 08:12:51,clusterB,24,4,4,0,1.00,0.5,0.5,0.0,0.0,0.0
2026-01-23 08:12:56,clusterA,24,4,4,0,1.00,0.5,0.5,0.0,0.0,0.0
2026-01-23 08:12:56,clusterB,24,4,4,0,1.00,0.5,0.5,0.0,0.0,0.0
2026-01-23 08:13:01,clusterA,24,4,4,0,1.00,0.5,0.5,0.0,0.0,0.0
2026-01-23 08:13:01,clusterB,24,4,4,0,1.00,0.5,0.5,0.0,0.0,0.0
2026-01-23 08:13:06,clusterA,24,4,4,0,1.00,0.5,0.5,0.0,0.0,0.0
2026-01-23 08:13:06,clusterB,24,4,4,0,1.00,0.5,0.5,0.0,0.0,0.0
2026-01-23 08:13:11,clusterA,24,4,4,0,1.00,0.5,0.5,0.0,0.0,0.0
2026-01-23 08:13:11,clusterB,24,4,4,0,1.00,0.5,0.5,0.0,0.0,0.0
2026-01-23 08:13:16,clusterA,24,4,4,0,1.00,0.5,0.5,0.0,0.0,0.0
2026-01-23 08:13:16,clusterB,24,4,4,0,1.00,0.5,0.5,0.0,0.0,0.0
2026-01-23 08:13:21,clusterA,24,4,4,0,1.00,0.5,0.5,0.0,0.0,0.0
2026-01-23 08:13:21,clusterB,24,4,4,0,1.00,0.5,0.5,0.0,0.0,0.0
2026-01-23 08:13:26,clusterA,24,4,4,0,1.00,0.5,0.5,0.0,0.0,0.0
2026-01-23 08:13:26,clusterB,24,4,4,0,1.00,0.5,0.5,0.0,0.0,0.0
2026-01-23 08:13:31,clusterA,24,4,4,0,1.00,0.5,0.5,0.0,0.0,0.0
2026-01-23 08:13:31,clusterB,24,4,4,0,1.00,0.5,0.5,0.0,0.0,0.0
2026-01-23 08:13:36,clusterA,24,4,4,0,1.00,0.5,0.5,0.0,0.0,0.0
2026-01-23 08:13:36,clusterB,24,4,4,0,1.00,0.5,0.5,0.0,0.0,0.0
2026-01-23 08:13:41,clusterA,24,4,4,0,1.00,0.5,0.5,0.0,0.0,0.0
2026-01-23 08:13:41,clusterB,24,4,4,0,1.00,0.5,0.5,0.0,0.0,0.0
2026-01-23 08:13:47,clusterA,24,4,4,0,1.00,0.5,0.5,0.0,0.0,0.0
2026-01-23 08:13:47,clusterB,24,4,4,0,1.00,0.5,0.5,0.0,0.0,0.0
2026-01-23 08:13:52,clusterA,24,4,4,0,1.00,0.5,0.5,0.0,0.0,0.0
2026-01-23 08:13:52,clusterB,24,4,4,0,1.00,0.5,0.5,0.0,0.0,0.0
2026-01-23 08:13:57,clusterA,24,4,4,0,1.00,0.5,0.5,0.0,0.0,0.0
2026-01-23 08:13:57,clusterB,24,4,4,0,1.00,0.5,0.5,0.0,0.0,0.0
2026-01-23 08:14:02,clusterA,24,4,4,0,1.00,0.5,0.5,0.0,0.0,0.0
2026-01-23 08:14:02,clusterB,24,4,4,0,1.00,0.5,0.5,0.0,0.0,0.0
2026-01-23 08:14:07,clusterA,24,4,4,0,1.00,0.5,0.5,0.0,0.0,0.0
2026-01-23 08:14:07,clusterB,24,4,4,0,1.00,0.5,0.5,0.0,0.0,0.0
2026-01-23 08:14:12,clusterA,24,4,4,0,1.00,0.5,0.5,0.0,0.0,0.0
2026-01-23 08:14:12,clusterB,24,4,4,0,1.00,0.5,0.5,0.0,0.0,0.0
2026-01-23 08:14:17,clusterA,24,4,4,0,1.00,0.5,0.5,0.0,0.0,0.0
2026-01-23 08:14:17,clusterB,24,4,4,0,1.00,0.5,0.5,0.0,0.0,0.0
2026-01-23 08:14:22,clusterA,24,4,4,0,1.00,0.5,0.5,0.0,0.0,0.0
2026-01-23 08:14:22,clusterB,24,4,4,0,1.00,0.5,0.5,0.0,0.0,0.0
2026-01-23 08:14:27,clusterA,24,4,4,0,1.00,0.5,0.5,0.0,0.0,0.0
2026-01-23 08:14:27,clusterB,24,4,4,0,1.00,0.5,0.5,0.0,0.0,0.0
2026-01-23 08:14:32,clusterA,24,4,4,0,1.00,0.5,0.5,0.0,0.0,0.0
2026-01-23 08:14:32,clusterB,24,4,4,0,1.00,0.5,0.5,0.0,0.0,0.0
2026-01-23 08:14:37,clusterA,24,4,4,0,1.00,0.5,0.5,0.0,0.0,0.0
2026-01-23 08:14:37,clusterB,24,4,4,0,1.00,0.5,0.5,0.0,0.0,0.0
2026-01-23 08:14:42,clusterA,24,4,4,0,1.00,0.5,0.5,0.0,0.0,0.0
2026-01-23 08:14:42,clusterB,24,4,4,0,1.00,0.5,0.5,0.0,0.0,0.0
2026-01-23 08:14:47,clusterA,24,4,4,0,1.00,0.5,0.5,0.0,0.0,0.0
2026-01-23 08:14:47,clusterB,24,4,4,0,1.00,0.5,0.5,0.0,0.0,0.0
2026-01-23 08:14:52,clusterA,24,4,4,0,1.00,0.5,0.5,0.0,0.0,0.0
2026-01-23 08:14:52,clusterB,24,4,4,0,1.00,0.5,0.5,0.0,0.0,0.0
2026-01-23 08:14:57,clusterA,24,4,4,0,1.00,0.5,0.5,0.0,0.0,0.0
2026-01-23 08:14:57,clusterB,24,4,4,0,1.00,0.5,0.5,0.0,0.0,0.0
2026-01-23 08:15:02,clusterA,24,4,4,0,1.00,0.5,0.5,0.0,0.0,0.0
2026-01-23 08:15:02,clusterB,24,4,4,0,1.00,0.5,0.5,0.0,0.0,0.0
2026-01-23 08:15:07,clusterA,24,4,4,0,1.00,0.5,0.5,0.0,0.0,0.0
2026-01-23 08:15:07,clusterB,24,4,4,0,1.00,0.5,0.5,0.0,0.0,0.0
2026-01-23 08:15:12,clusterA,24,4,4,0,1.00,0.5,0.5,0.0,0.0,0.0
2026-01-23 08:15:12,clusterB,24,4,4,0,1.00,0.5,0.5,0.0,0.0,0.0
2026-01-23 08:15:17,clusterA,24,4,4,0,1.00,0.5,0.5,0.0,0.0,0.0
2026-01-23 08:15:17,clusterB,24,4,4,0,1.00,0.5,0.5,0.0,0.0,0.0
2026-01-23 08:15:22,clusterA,24,4,4,0,1.00,0.5,0.5,0.0,0.0,0.0
2026-01-23 08:15:22,clusterB,24,4,4,0,1.00,0.5,0.5,0.0,0.0,0.0
2026-01-23 08:15:27,clusterA,24,4,4,0,1.00,0.5,0.5,0.0,0.0,0.0
2026-01-23 08:15:27,clusterB,24,4,4,0,1.00,0.5,0.5,0.0,0.0,0.0
2026-01-23 08:15:32,clusterA,24,4,4,0,1.00,0.5,0.5,0.0,0.0,0.0
2026-01-23 08:15:32,clusterB,24,4,4,0,1.00,0.5,0.5,0.0,0.0,0.0
2026-01-23 08:15:37,clusterA,24,4,4,0,1.00,0.5,0.5,0.0,0.0,0.0
2026-01-23 08:15:37,clusterB,24,4,4,0,1.00,0.5,0.5,0.0,0.0,0.0
2026-01-23 08:15:42,clusterA,24,4,4,0,1.00,0.5,0.5,0.0,0.0,0.0
2026-01-23 08:15:42,clusterB,24,4,4,0,1.00,0.5,0.5,0.0,0.0,0.0
2026-01-23 08:15:47,clusterA,24,4,4,0,1.00,0.5,0.5,0.0,0.0,0.0
2026-01-23 08:15:47,clusterB,24,4,4,0,1.00,0.5,0.5,0.0,0.0,0.0
2026-01-23 08:15:52,clusterA,24,4,4,0,1.00,0.5,0.5,0.0,0.0,0.0
2026-01-23 08:15:52,clusterB,24,4,4,0,1.00,0.5,0.5,0.0,0.0,0.0
2026-01-23 08:15:57,clusterA,24,4,4,0,1.00,0.5,0.5,0.0,0.0,0.0
2026-01-23 08:15:57,clusterB,24,4,4,0,1.00,0.5,0.5,0.0,0.0,0.0
2026-01-23 08:16:02,clusterA,24,4,4,0,1.00,0.5,0.5,0.0,0.0,0.0
2026-01-23 08:16:02,clusterB,24,4,4,0,1.00,0.5,0.5,0.0,0.0,0.0
2026-01-23 08:16:07,clusterA,24,4,4,0,1.00,0.5,0.5,0.0,0.0,0.0
2026-01-23 08:16:07,clusterB,24,4,4,0,1.00,0.5,0.5,0.0,0.0,0.0
2026-01-23 08:16:12,clusterA,24,4,4,0,1.00,0.5,0.5,0.0,0.0,0.0
2026-01-23 08:16:12,clusterB,24,4,4,0,1.00,0.5,0.5,0.0,0.0,0.0
2026-01-23 08:16:17,clusterA,24,4,4,0,1.00,0.5,0.5,0.0,0.0,0.0
2026-01-23 08:16:17,clusterB,24,4,4,0,1.00,0.5,0.5,0.0,0.0,0.0
2026-01-23 08:16:22,clusterA,24,4,4,0,1.00,0.5,0.5,0.0,0.0,0.0
2026-01-23 08:16:22,clusterB,24,4,4,0,1.00,0.5,0.5,0.0,0.0,0.0
2026-01-23 08:16:27,clusterA,24,4,4,0,1.00,0.5,0.5,0.0,0.0,0.0
2026-01-23 08:16:27,clusterB,24,4,4,0,1.00,0.5,0.5,0.0,0.0,0.0
2026-01-23 08:16:32,clusterA,24,4,4,0,1.00,0.5,0.5,0.0,0.0,0.0
2026-01-23 08:16:32,clusterB,24,4,4,0,1.00,0.5,0.5,0.0,0.0,0.0
2026-01-23 08:16:37,clusterA,24,4,4,0,1.00,0.5,0.5,0.0,0.0,0.0
2026-01-23 08:16:37,clusterB,24,4,4,0,1.00,0.5,0.5,0.0,0.0,0.0
2026-01-23 08:16:42,clusterA,24,4,4,0,1.00,0.5,0.5,0.0,0.0,0.0
2026-01-23 08:16:42,clusterB,24,4,4,0,1.00,0.5,0.5,0.0,0.0,0.0
2026-01-23 08:16:47,clusterA,24,4,4,0,1.00,0.5,0.5,0.0,0.0,0.0
2026-01-23 08:16:47,clusterB,24,4,4,0,1.00,0.5,0.5,0.0,0.0,0.0
2026-01-23 08:16:52,clusterA,24,4,4,0,1.00,0.5,0.5,0.0,0.0,0.0
2026-01-23 08:16:52,clusterB,24,4,4,0,1.00,0.5,0.5,0.0,0.0,0.0
2026-01-23 08:16:57,clusterA,24,4,4,0,1.00,0.5,0.5,0.0,0.0,0.0
2026-01-23 08:16:57,clusterB,24,4,4,0,1.00,0.5,0.5,0.0,0.0,0.0
2026-01-23 08:17:02,clusterA,24,4,4,0,1.00,0.5,0.5,0.0,0.0,0.0
2026-01-23 08:17:02,clusterB,24,4,4,0,1.00,0.5,0.5,0.0,0.0,0.0
2026-01-23 08:17:07,clusterA,24,4,4,0,1.00,0.5,0.5,0.0,0.0,0.0
2026-01-23 08:17:07,clusterB,24,4,4,0,1.00,0.5,0.5,0.0,0.0,0.0
2026-01-23 08:17:12,clusterA,24,4,4,0,1.00,0.5,0.5,0.0,0.0,0.0
2026-01-23 08:17:12,clusterB,24,4,4,0,1.00,0.5,0.5,0.0,0.0,0.0
2026-01-23 08:17:17,clusterA,24,4,4,0,1.00,0.5,0.5,0.0,0.0,0.0
2026-01-23 08:17:17,clusterB,24,4,4,0,1.00,0.5,0.5,0.0,0.0,0.0
2026-01-23 08:17:22,clusterA,24,4,4,0,1.00,0.5,0.5,0.0,0.0,0.0
2026-01-23 08:17:22,clusterB,24,4,4,0,1.00,0.5,0.5,0.0,0.0,0.0
2026-01-23 08:17:27,clusterA,24,4,4,0,1.00,0.5,0.5,0.0,0.0,0.0
2026-01-23 08:17:27,clusterB,24,4,4,0,1.00,0.5,0.5,0.0,0.0,0.0
2026-01-23 08:17:32,clusterA,24,4,4,0,1.00,0.5,0.5,0.0,0.0,0.0
2026-01-23 08:17:32,clusterB,24,4,4,0,1.00,0.5,0.5,0.0,0.0,0.0
2026-01-23 08:17:37,clusterA,24,4,4,0,1.00,0.5,0.5,0.0,0.0,0.0
2026-01-23 08:17:37,clusterB,24,4,4,0,1.00,0.5,0.5,0.0,0.0,0.0
2026-01-23 08:17:42,clusterA,24,4,4,0,1.00,0.5,0.5,0.0,0.0,0.0
2026-01-23 08:17:42,clusterB,24,4,4,0,1.00,0.5,0.5,0.0,0.0,0.0
2026-01-23 08:17:47,clusterA,24,4,4,0,1.00,0.5,0.5,0.0,0.0,0.0
2026-01-23 08:17:47,clusterB,24,4,4,0,1.00,0.5,0.5,0.0,0.0,0.0
2026-01-23 08:17:52,clusterA,24,4,4,0,1.00,0.5,0.5,0.0,0.0,0.0
2026-01-23 08:17:52,clusterB,24,4,4,0,1.00,0.5,0.5,0.0,0.0,0.0
2026-01-23 08:17:57,clusterA,24,4,4,0,1.00,0.5,0.5,0.0,0.0,0.0
2026-01-23 08:17:57,clusterB,24,4,4,0,1.00,0.5,0.5,0.0,0.0,0.0
2026-01-23 08:18:02,clusterA,24,4,4,0,1.00,0.5,0.5,0.0,0.0,0.0
2026-01-23 08:18:02,clusterB,24,4,4,0,1.00,0.5,0.5,0.0,0.0,0.0
2026-01-23 08:18:07,clusterA,24,4,4,0,1.00,0.5,0.5,0.0,0.0,0.0
2026-01-23 08:18:07,clusterB,24,4,4,0,1.00,0.5,0.5,0.0,0.0,0.0
2026-01-23 08:18:12,clusterA,24,4,4,0,1.00,0.5,0.5,0.0,0.0,0.0
2026-01-23 08:18:12,clusterB,24,4,4,0,1.00,0.5,0.5,0.0,0.0,0.0
2026-01-23 08:18:17,clusterA,24,4,4,0,1.00,0.5,0.5,0.0,0.0,0.0
2026-01-23 08:18:17,clusterB,24,4,4,0,1.00,0.5,0.5,0.0,0.0,0.0
2026-01-23 08:18:22,clusterA,24,4,4,0,1.00,0.5,0.5,0.0,0.0,0.0
2026-01-23 08:18:22,clusterB,24,4,4,0,1.00,0.5,0.5,0.0,0.0,0.0
2026-01-23 08:18:27,clusterA,24,4,4,0,1.00,0.5,0.5,0.0,0.0,0.0
2026-01-23 08:18:27,clusterB,24,4,4,0,1.00,0.5,0.5,0.0,0.0,0.0
2026-01-23 08:18:32,clusterA,24,4,4,0,1.00,0.5,0.5,0.0,0.0,0.0
2026-01-23 08:18:32,clusterB,24,4,4,0,1.00,0.5,0.5,0.0,0.0,0.0
2026-01-23 08:18:37,clusterA,24,4,4,0,1.00,0.5,0.5,0.0,0.0,0.0
2026-01-23 08:18:37,clusterB,24,4,4,0,1.00,0.5,0.5,0.0,0.0,0.0
2026-01-23 08:18:42,clusterA,24,4,4,0,1.00,0.5,0.5,0.0,0.0,0.0
2026-01-23 08:18:42,clusterB,24,4,4,0,1.00,0.5,0.5,0.0,0.0,0.0
2026-01-23 08:18:47,clusterA,24,4,4,0,1.00,0.5,0.5,0.0,0.0,0.0
2026-01-23 08:18:47,clusterB,24,4,4,0,1.00,0.5,0.5,0.0,0.0,0.0
2026-01-23 08:18:52,clusterA,24,4,4,0,1.00,0.5,0.5,0.0,0.0,0.0
2026-01-23 08:18:52,clusterB,24,4,4,0,1.00,0.5,0.5,0.0,0.0,0.0
2026-01-23 08:18:57,clusterA,24,4,4,0,1.00,0.5,0.5,0.0,0.0,0.0
2026-01-23 08:18:57,clusterB,24,4,4,0,1.00,0.5,0.5,0.0,0.0,0.0
2026-01-23 08:19:02,clusterA,24,4,4,0,1.00,0.5,0.5,0.0,0.0,0.0
2026-01-23 08:19:02,clusterB,24,4,4,0,1.00,0.5,0.5,0.0,0.0,0.0
2026-01-23 08:19:07,clusterA,24,4,4,0,1.00,0.5,0.5,0.0,0.0,0.0
2026-01-23 08:19:07,clusterB,24,4,4,0,1.00,0.5,0.5,0.0,0.0,0.0
2026-01-23 08:19:12,clusterA,24,4,4,0,1.00,0.5,0.5,0.0,0.0,0.0
2026-01-23 08:19:12,clusterB,24,4,4,0,1.00,0.5,0.5,0.0,0.0,0.0
2026-01-23 08:19:17,clusterA,24,4,4,0,1.00,0.5,0.5,0.0,0.0,0.0
2026-01-23 08:19:17,clusterB,24,4,4,0,1.00,0.5,0.5,0.0,0.0,0.0
2026-01-23 08:19:22,clusterA,24,4,4,0,1.00,0.5,0.5,0.0,0.0,0.0
2026-01-23 08:19:22,clusterB,24,4,4,0,1.00,0.5,0.5,0.0,0.0,0.0
2026-01-23 08:19:27,clusterA,24,4,4,0,1.00,0.5,0.5,0.0,0.0,0.0
2026-01-23 08:19:27,clusterB,24,4,4,0,1.00,0.5,0.5,0.0,0.0,0.0
2026-01-23 08:19:33,clusterA,24,4,4,0,1.00,0.5,0.5,0.0,0.0,0.0
2026-01-23 08:19:33,clusterB,24,4,4,0,1.00,0.5,0.5,0.0,0.0,0.0
2026-01-23 08:19:38,clusterA,24,4,4,0,1.00,0.5,0.5,0.0,0.0,0.0
2026-01-23 08:19:38,clusterB,24,4,4,0,1.00,0.5,0.5,0.0,0.0,0.0
2026-01-23 08:19:43,clusterA,24,4,4,0,1.00,0.5,0.5,0.0,0.0,0.0
2026-01-23 08:19:43,clusterB,24,4,4,0,1.00,0.5,0.5,0.0,0.0,0.0
2026-01-23 08:19:48,clusterA,24,4,4,0,1.00,0.5,0.5,0.0,0.0,0.0
2026-01-23 08:19:48,clusterB,24,4,4,0,1.00,0.5,0.5,0.0,0.0,0.0
2026-01-23 08:19:53,clusterA,24,4,4,0,1.00,0.5,0.5,0.0,0.0,0.0
2026-01-23 08:19:53,clusterB,24,4,4,0,1.00,0.5,0.5,0.0,0.0,0.0
2026-01-23 08:19:58,clusterA,24,4,4,0,1.00,0.5,0.5,0.0,0.0,0.0
2026-01-23 08:19:58,clusterB,24,4,4,0,1.00,0.5,0.5,0.0,0.0,0.0
2026-01-23 08:20:03,clusterA,24,4,4,0,1.00,0.5,0.5,0.0,0.0,0.0
2026-01-23 08:20:03,clusterB,24,4,4,0,1.00,0.5,0.5,0.0,0.0,0.0
2026-01-23 08:20:08,clusterA,24,4,4,0,1.00,0.5,0.5,0.0,0.0,0.0
2026-01-23 08:20:08,clusterB,24,4,4,0,1.00,0.5,0.5,0.0,0.0,0.0
2026-01-23 08:20:13,clusterA,24,4,4,0,1.00,0.5,0.5,0.0,0.0,0.0
2026-01-23 08:20:13,clusterB,24,4,4,0,1.00,0.5,0.5,0.0,0.0,0.0
2026-01-23 08:20:18,clusterA,24,4,4,0,1.00,0.5,0.5,0.0,0.0,0.0
2026-01-23 08:20:18,clusterB,24,4,4,0,1.00,0.5,0.5,0.0,0.0,0.0
2026-01-23 08:20:23,clusterA,24,4,4,0,1.00,0.5,0.5,0.0,0.0,0.0
2026-01-23 08:20:23,clusterB,24,4,4,0,1.00,0.5,0.5,0.0,0.0,0.0
2026-01-23 08:20:28,clusterA,24,4,4,0,1.00,0.5,0.5,0.0,0.0,0.0
2026-01-23 08:20:28,clusterB,24,4,4,0,1.00,0.5,0.5,0.0,0.0,0.0
2026-01-23 08:20:33,clusterA,24,4,4,0,1.00,0.5,0.5,0.0,0.0,0.0
2026-01-23 08:20:33,clusterB,24,4,4,0,1.00,0.5,0.5,0.0,0.0,0.0
2026-01-23 08:20:38,clusterA,24,4,4,0,1.00,0.5,0.5,0.0,0.0,0.0
2026-01-23 08:20:38,clusterB,24,4,4,0,1.00,0.5,0.5,0.0,0.0,0.0
2026-01-23 08:20:43,clusterA,24,4,4,0,1.00,0.5,0.5,0.0,0.0,0.0
2026-01-23 08:20:43,clusterB,24,4,4,0,1.00,0.5,0.5,0.0,0.0,0.0
2026-01-23 08:20:48,clusterA,24,4,4,0,1.00,0.5,0.5,0.0,0.0,0.0
2026-01-23 08:20:48,clusterB,24,4,4,0,1.00,0.5,0.5,0.0,0.0,0.0
2026-01-23 08:20:53,clusterA,24,4,4,0,1.00,0.5,0.5,0.0,0.0,0.0
2026-01-23 08:20:53,clusterB,24,4,4,0,1.00,0.5,0.5,0.0,0.0,0.0
2026-01-23 08:20:58,clusterA,24,4,4,0,1.00,0.5,0.5,0.0,0.0,0.0
2026-01-23 08:20:58,clusterB,24,4,4,0,1.00,0.5,0.5,0.0,0.0,0.0
2026-01-23 08:21:03,clusterA,24,4,4,0,1.00,0.5,0.5,0.0,0.0,0.0
2026-01-23 08:21:03,clusterB,24,4,4,0,1.00,0.5,0.5,0.0,0.0,0.0
2026-01-23 08:21:08,clusterA,24,4,4,0,1.00,0.5,0.5,0.0,0.0,0.0
2026-01-23 08:21:08,clusterB,24,4,4,0,1.00,0.5,0.5,0.0,0.0,0.0
2026-01-23 08:21:13,clusterA,24,4,4,0,1.00,0.5,0.5,0.0,0.0,0.0
2026-01-23 08:21:13,clusterB,24,4,4,0,1.00,0.5,0.5,0.0,0.0,0.0
2026-01-23 08:21:18,clusterA,24,4,4,0,1.00,0.5,0.5,0.0,0.0,0.0
2026-01-23 08:21:18,clusterB,24,4,4,0,1.00,0.5,0.5,0.0,0.0,0.0
2026-01-23 08:21:23,clusterA,24,4,4,0,1.00,0.5,0.5,0.0,0.0,0.0
2026-01-23 08:21:23,clusterB,24,4,4,0,1.00,0.5,0.5,0.0,0.0,0.0
2026-01-23 08:21:28,clusterA,24,4,4,0,1.00,0.5,0.5,0.0,0.0,0.0
2026-01-23 08:21:28,clusterB,24,4,4,0,1.00,0.5,0.5,0.0,0.0,0.0
2026-01-23 08:21:33,clusterA,24,4,4,0,1.00,0.5,0.5,0.0,0.0,0.0
2026-01-23 08:21:33,clusterB,24,4,4,0,1.00,0.5,0.5,0.0,0.0,0.0
2026-01-23 08:21:38,clusterA,24,4,4,0,1.00,0.5,0.5,0.0,0.0,0.0
2026-01-23 08:21:38,clusterB,24,4,4,0,1.00,0.5,0.5,0.0,0.0,0.0
2026-01-23 08:21:43,clusterA,24,4,4,0,1.00,0.5,0.5,0.0,0.0,0.0
2026-01-23 08:21:43,clusterB,24,4,4,0,1.00,0.5,0.5,0.0,0.0,0.0
2026-01-23 08:21:48,clusterA,24,4,4,0,1.00,0.5,0.5,0.0,0.0,0.0
2026-01-23 08:21:48,clusterB,24,4,4,0,1.00,0.5,0.5,0.0,0.0,0.0
2026-01-23 08:21:53,clusterA,24,4,4,0,1.00,0.5,0.5,0.0,0.0,0.0
2026-01-23 08:21:53,clusterB,24,4,4,0,1.00,0.5,0.5,0.0,0.0,0.0
2026-01-23 08:21:58,clusterA,24,4,4,0,1.00,0.5,0.5,0.0,0.0,0.0
2026-01-23 08:21:58,clusterB,24,4,4,0,1.00,0.5,0.5,0.0,0.0,0.0
2026-01-23 08:22:03,clusterA,24,4,4,0,1.00,0.5,0.5,0.0,0.0,0.0
2026-01-23 08:22:03,clusterB,24,4,4,0,1.00,0.5,0.5,0.0,0.0,0.0
2026-01-23 08:22:08,clusterA,24,4,4,0,1.00,0.5,0.5,0.0,0.0,0.0
2026-01-23 08:22:08,clusterB,24,4,4,0,1.00,0.5,0.5,0.0,0.0,0.0
2026-01-23 08:22:13,clusterA,24,4,4,0,1.00,0.5,0.5,0.0,0.0,0.0
2026-01-23 08:22:13,clusterB,24,4,4,0,1.00,0.5,0.5,0.0,0.0,0.0
2026-01-23 08:22:18,clusterA,24,4,4,0,1.00,0.5,0.5,0.0,0.0,0.0
2026-01-23 08:22:18,clusterB,24,4,4,0,1.00,0.5,0.5,0.0,0.0,0.0
2026-01-23 08:22:23,clusterA,24,4,4,0,1.00,0.5,0.5,0.0,0.0,0.0
2026-01-23 08:22:23,clusterB,24,4,4,0,1.00,0.5,0.5,0.0,0.0,0.0
2026-01-23 08:22:28,clusterA,24,4,4,0,1.00,0.5,0.5,0.0,0.0,0.0
2026-01-23 08:22:28,clusterB,24,4,4,0,1.00,0.5,0.5,0.0,0.0,0.0
2026-01-23 08:22:33,clusterA,24,4,4,0,1.00,0.5,0.5,0.0,0.0,0.0
2026-01-23 08:22:33,clusterB,24,4,4,0,1.00,0.5,0.5,0.0,0.0,0.0
2026-01-23 08:22:38,clusterA,24,4,4,0,1.00,0.5,0.5,0.0,0.0,0.0
2026-01-23 08:22:38,clusterB,24,4,4,0,1.00,0.5,0.5,0.0,0.0,0.0
2026-01-23 08:22:43,clusterA,24,4,4,0,1.00,0.5,0.5,0.0,0.0,0.0
2026-01-23 08:22:43,clusterB,24,4,4,0,1.00,0.5,0.5,0.0,0.0,0.0
2026-01-23 08:22:48,clusterA,24,4,4,0,1.00,0.5,0.5,0.0,0.0,0.0
2026-01-23 08:22:48,clusterB,24,4,4,0,1.00,0.5,0.5,0.0,0.0,0.0
2026-01-23 08:22:53,clusterA,24,4,4,0,1.00,0.5,0.5,0.0,0.0,0.0
2026-01-23 08:22:53,clusterB,24,4,4,0,1.00,0.5,0.5,0.0,0.0,0.0
2026-01-23 08:22:58,clusterA,24,4,4,0,1.00,0.5,0.5,0.0,0.0,0.0
2026-01-23 08:22:58,clusterB,24,4,4,0,1.00,0.5,0.5,0.0,0.0,0.0
2026-01-23 08:23:03,clusterA,24,4,4,0,1.00,0.5,0.5,0.0,0.0,0.0
2026-01-23 08:23:03,clusterB,24,4,4,0,1.00,0.5,0.5,0.0,0.0,0.0
2026-01-23 08:23:08,clusterA,24,4,4,0,1.00,0.5,0.5,0.0,0.0,0.0
2026-01-23 08:23:08,clusterB,24,4,4,0,1.00,0.5,0.5,0.0,0.0,0.0
2026-01-23 08:23:13,clusterA,24,4,4,0,1.00,0.5,0.5,0.0,0.0,0.0
2026-01-23 08:23:13,clusterB,24,4,4,0,1.00,0.5,0.5,0.0,0.0,0.0
2026-01-23 08:23:18,clusterA,24,4,4,0,1.00,0.5,0.5,0.0,0.0,0.0
2026-01-23 08:23:18,clusterB,24,4,4,0,1.00,0.5,0.5,0.0,0.0,0.0
2026-01-23 08:23:23,clusterA,24,4,4,0,1.00,0.5,0.5,0.0,0.0,0.0
2026-01-23 08:23:23,clusterB,24,4,4,0,1.00,0.5,0.5,0.0,0.0,0.0
2026-01-23 08:23:28,clusterA,24,4,4,0,1.00,0.5,0.5,0.0,0.0,0.0
2026-01-23 08:23:28,clusterB,24,4,4,0,1.00,0.5,0.5,0.0,0.0,0.0
2026-01-23 08:23:33,clusterA,24,4,4,0,1.00,0.5,0.5,0.0,0.0,0.0
2026-01-23 08:23:33,clusterB,24,4,4,0,1.00,0.5,0.5,0.0,0.0,0.0
2026-01-23 08:23:38,clusterA,24,4,4,0,1.00,0.5,0.5,0.0,0.0,0.0
2026-01-23 08:23:38,clusterB,24,4,4,0,1.00,0.5,0.5,0.0,0.0,0.0
2026-01-23 08:23:43,clusterA,24,4,4,0,1.00,0.5,0.5,0.0,0.0,0.0
2026-01-23 08:23:43,clusterB,24,4,4,0,1.00,0.5,0.5,0.0,0.0,0.0
2026-01-23 08:23:48,clusterA,24,4,4,0,1.00,0.5,0.5,0.0,0.0,0.0
2026-01-23 08:23:48,clusterB,24,4,4,0,1.00,0.5,0.5,0.0,0.0,0.0
2026-01-23 08:23:53,clusterA,24,4,4,0,1.00,0.5,0.5,0.0,0.0,0.0
2026-01-23 08:23:53,clusterB,24,4,4,0,1.00,0.5,0.5,0.0,0.0,0.0
2026-01-23 08:23:58,clusterA,24,4,4,0,1.00,0.5,0.5,0.0,0.0,0.0
2026-01-23 08:23:58,clusterB,24,4,4,0,1.00,0.5,0.5,0.0,0.0,0.0
2026-01-23 08:24:03,clusterA,24,4,4,0,1.00,0.5,0.5,0.0,0.0,0.0
2026-01-23 08:24:03,clusterB,24,4,4,0,1.00,0.5,0.5,0.0,0.0,0.0
2026-01-23 08:24:08,clusterA,24,4,4,0,1.00,0.5,0.5,0.0,0.0,0.0
2026-01-23 08:24:08,clusterB,24,4,4,0,1.00,0.5,0.5,0.0,0.0,0.0
2026-01-23 08:24:13,clusterA,24,4,4,0,1.00,0.5,0.5,0.0,0.0,0.0
2026-01-23 08:24:13,clusterB,24,4,4,0,1.00,0.5,0.5,0.0,0.0,0.0
2026-01-23 08:24:18,clusterA,24,4,4,0,1.00,0.5,0.5,0.0,0.0,0.0
2026-01-23 08:24:18,clusterB,24,4,4,0,1.00,0.5,0.5,0.0,0.0,0.0
2026-01-23 08:24:23,clusterA,24,4,4,0,1.00,0.5,0.5,0.0,0.0,0.0
2026-01-23 08:24:23,clusterB,24,4,4,0,1.00,0.5,0.5,0.0,0.0,0.0
2026-01-23 08:24:28,clusterA,24,4,4,0,1.00,0.5,0.5,0.0,0.0,0.0
2026-01-23 08:24:28,clusterB,24,4,4,0,1.00,0.5,0.5,0.0,0.0,0.0
2026-01-23 08:24:33,clusterA,24,4,4,0,1.00,0.5,0.5,0.0,0.0,0.0
2026-01-23 08:24:33,clusterB,24,4,4,0,1.00,0.5,0.5,0.0,0.0,0.0
2026-01-23 08:24:38,clusterA,24,4,4,0,1.00,0.5,0.5,0.0,0.0,0.0
2026-01-23 08:24:38,clusterB,24,4,4,0,1.00,0.5,0.5,0.0,0.0,0.0
2026-01-23 08:24:43,clusterA,24,4,4,0,1.00,0.5,0.5,0.0,0.0,0.0
2026-01-23 08:24:43,clusterB,24,4,4,0,1.00,0.5,0.5,0.0,0.0,0.0
2026-01-23 08:24:48,clusterA,24,4,4,0,1.00,0.5,0.5,0.0,0.0,0.0
2026-01-23 08:24:48,clusterB,24,4,4,0,1.00,0.5,0.5,0.0,0.0,0.0
2026-01-23 08:24:53,clusterA,24,4,4,0,1.00,0.5,0.5,0.0,0.0,0.0
2026-01-23 08:24:53,clusterB,24,4,4,0,1.00,0.5,0.5,0.0,0.0,0.0
2026-01-23 08:24:58,clusterA,24,4,4,0,1.00,0.5,0.5,0.0,0.0,0.0
2026-01-23 08:24:58,clusterB,24,4,4,0,1.00,0.5,0.5,0.0,0.0,0.0
2026-01-23 08:25:03,clusterA,24,4,3,1,0.75,0.5,0.5,0.0,0.0,0.0
2026-01-23 08:25:03,clusterB,24,4,4,0,1.00,0.5,0.5,0.0,0.0,0.0
2026-01-23 08:25:09,clusterA,23,4,3,1,0.75,0.5,0.5,0.0,0.0,0.0
2026-01-23 08:25:09,clusterB,23,4,4,0,1.00,0.5,0.5,0.0,0.0,0.0
2026-01-23 08:25:14,clusterA,22,4,3,1,0.75,0.5,0.5,0.0,0.0,0.0
2026-01-23 08:25:14,clusterB,22,4,4,0,1.00,0.5,0.5,0.0,0.0,0.0
2026-01-23 08:25:19,clusterA,21,4,3,1,0.75,0.5,0.5,0.0,0.0,0.0
2026-01-23 08:25:19,clusterB,21,4,4,0,1.00,0.5,0.5,0.0,0.0,0.0
2026-01-23 08:25:24,clusterA,20,4,4,0,1.00,0.5,0.5,0.0,0.0,0.0
2026-01-23 08:25:24,clusterB,20,4,4,0,1.00,0.5,0.5,0.0,0.0,0.0
2026-01-23 08:25:29,clusterA,20,4,4,0,1.00,0.5,0.5,0.0,0.0,0.0
2026-01-23 08:25:29,clusterB,20,4,4,0,1.00,0.5,0.5,0.0,0.0,0.0
2026-01-23 08:25:34,clusterA,20,4,4,0,1.00,0.5,0.5,0.0,0.0,0.0
2026-01-23 08:25:34,clusterB,20,4,4,0,1.00,0.5,0.5,0.0,0.0,0.0
2026-01-23 08:25:39,clusterA,20,4,4,0,1.00,0.5,0.5,0.0,0.0,0.0
2026-01-23 08:25:39,clusterB,20,4,4,0,1.00,0.5,0.5,0.0,0.0,0.0
2026-01-23 08:25:44,clusterA,20,4,4,0,1.00,0.5,0.5,0.0,0.0,0.0
2026-01-23 08:25:44,clusterB,20,4,4,0,1.00,0.5,0.5,0.0,0.0,0.0
2026-01-23 08:25:49,clusterA,20,4,4,0,1.00,0.5,0.5,0.0,0.0,0.0
2026-01-23 08:25:49,clusterB,20,4,4,0,1.00,0.5,0.5,0.0,0.0,0.0
2026-01-23 08:25:54,clusterA,20,4,4,0,1.00,0.5,0.5,0.0,0.0,0.0
2026-01-23 08:25:54,clusterB,20,4,4,0,1.00,0.5,0.5,0.0,0.0,0.0
2026-01-23 08:25:59,clusterA,20,4,4,0,1.00,0.5,0.5,0.0,0.0,0.0
2026-01-23 08:25:59,clusterB,20,4,4,0,1.00,0.5,0.5,0.0,0.0,0.0
2026-01-23 08:26:04,clusterA,20,4,4,0,1.00,0.5,0.5,0.0,0.0,0.0
2026-01-23 08:26:04,clusterB,20,4,4,0,1.00,0.5,0.5,0.0,0.0,0.0
2026-01-23 08:26:09,clusterA,20,4,3,1,0.75,0.5,0.5,0.0,0.0,0.0
2026-01-23 08:26:09,clusterB,20,4,4,0,1.00,0.5,0.5,0.0,0.0,0.0
2026-01-23 08:26:14,clusterA,20,4,3,1,0.75,0.5,0.5,0.0,0.0,0.0
2026-01-23 08:26:14,clusterB,20,4,4,0,1.00,0.5,0.5,0.0,0.0,0.0
2026-01-23 08:26:19,clusterA,20,4,3,1,0.75,0.5,0.5,0.0,0.0,0.0
2026-01-23 08:26:19,clusterB,20,4,4,0,1.00,0.5,0.5,0.0,0.0,0.0
2026-01-23 08:26:24,clusterA,20,4,3,1,0.75,0.5,0.5,0.0,0.0,0.0
2026-01-23 08:26:24,clusterB,20,4,4,0,1.00,0.5,0.5,0.0,0.0,0.0
2026-01-23 08:26:29,clusterA,20,4,3,1,0.75,0.5,0.5,0.0,0.0,0.0
2026-01-23 08:26:29,clusterB,20,4,4,0,1.00,0.5,0.5,0.0,0.0,0.0
2026-01-23 08:26:34,clusterA,20,4,3,1,0.75,0.5,0.5,0.0,0.0,0.0
2026-01-23 08:26:34,clusterB,20,4,4,0,1.00,0.5,0.5,0.0,0.0,0.0
2026-01-23 08:26:39,clusterA,20,4,3,1,0.75,0.5,0.5,0.0,0.0,0.0
2026-01-23 08:26:39,clusterB,20,4,4,0,1.00,0.5,0.5,0.0,0.0,0.0
2026-01-23 08:26:44,clusterA,20,4,3,1,0.75,0.5,0.5,0.0,0.0,0.0
2026-01-23 08:26:44,clusterB,20,4,4,0,1.00,0.5,0.5,0.0,0.0,0.0
2026-01-23 08:26:49,clusterA,20,4,3,1,0.75,0.5,0.5,0.0,0.0,0.0
2026-01-23 08:26:49,clusterB,20,4,4,0,1.00,0.5,0.5,0.0,0.0,0.0
2026-01-23 08:26:54,clusterA,20,4,3,1,0.75,0.5,0.5,0.0,0.0,0.0
2026-01-23 08:26:54,clusterB,20,4,4,0,1.00,0.5,0.5,0.0,0.0,0.0
2026-01-23 08:26:59,clusterA,20,4,3,1,0.75,0.5,0.5,0.0,0.0,0.0
2026-01-23 08:26:59,clusterB,20,4,4,0,1.00,0.5,0.5,0.0,0.0,0.0
2026-01-23 08:27:04,clusterA,20,4,3,1,0.75,0.5,0.5,0.0,0.0,0.0
2026-01-23 08:27:04,clusterB,20,4,4,0,1.00,0.5,0.5,0.0,0.0,0.0
2026-01-23 08:27:09,clusterA,20,4,3,1,0.75,0.5,0.5,0.0,0.0,0.0
2026-01-23 08:27:09,clusterB,20,4,4,0,1.00,0.5,0.5,0.0,0.0,0.0
2026-01-23 08:27:14,clusterA,20,4,3,1,0.75,0.5,0.5,0.0,0.0,0.0
2026-01-23 08:27:14,clusterB,20,4,4,0,1.00,0.5,0.5,0.0,0.0,0.0
2026-01-23 08:27:19,clusterA,20,4,3,1,0.75,0.5,0.5,0.0,0.0,0.0
2026-01-23 08:27:19,clusterB,20,4,4,0,1.00,0.5,0.5,0.0,0.0,0.0
2026-01-23 08:27:24,clusterA,20,4,3,1,0.75,0.5,0.5,0.0,0.0,0.0
2026-01-23 08:27:24,clusterB,20,4,4,0,1.00,0.5,0.5,0.0,0.0,0.0
2026-01-23 08:27:29,clusterA,20,4,3,1,0.75,0.5,0.5,0.0,0.0,0.0
2026-01-23 08:27:29,clusterB,20,4,4,0,1.00,0.5,0.5,0.0,0.0,0.0
2026-01-23 08:27:34,clusterA,20,4,3,1,0.75,0.5,0.5,0.0,0.0,0.0
2026-01-23 08:27:34,clusterB,20,4,4,0,1.00,0.5,0.5,0.0,0.0,0.0
2026-01-23 08:27:39,clusterA,20,4,3,1,0.75,0.5,0.5,0.0,0.0,0.0
2026-01-23 08:27:39,clusterB,20,4,4,0,1.00,0.5,0.5,0.0,0.0,0.0
2026-01-23 08:27:44,clusterA,20,4,3,1,0.75,0.5,0.5,0.0,0.0,0.0
2026-01-23 08:27:44,clusterB,20,4,4,0,1.00,0.5,0.5,0.0,0.0,0.0
2026-01-23 08:27:49,clusterA,20,4,3,1,0.75,0.5,0.5,0.0,0.0,0.0
2026-01-23 08:27:49,clusterB,20,4,4,0,1.00,0.5,0.5,0.0,0.0,0.0
2026-01-23 08:27:54,clusterA,20,4,3,1,0.75,0.5,0.5,0.0,0.0,0.0
2026-01-23 08:27:54,clusterB,20,4,4,0,1.00,0.5,0.5,0.0,0.0,0.0
2026-01-23 08:27:59,clusterA,20,4,3,1,0.75,0.5,0.5,0.0,0.0,0.0
2026-01-23 08:27:59,clusterB,20,4,4,0,1.00,0.5,0.5,0.0,0.0,0.0
2026-01-23 08:28:04,clusterA,20,4,3,1,0.75,0.5,0.5,0.0,0.0,0.0
2026-01-23 08:28:04,clusterB,20,4,4,0,1.00,0.5,0.5,0.0,0.0,0.0
2026-01-23 08:28:09,clusterA,20,4,3,1,0.75,0.5,0.5,0.0,0.0,0.0
2026-01-23 08:28:09,clusterB,20,4,4,0,1.00,0.5,0.5,0.0,0.0,0.0
2026-01-23 08:28:14,clusterA,20,4,3,1,0.75,0.5,0.5,0.0,0.0,0.0
2026-01-23 08:28:14,clusterB,20,4,4,0,1.00,0.5,0.5,0.0,0.0,0.0
2026-01-23 08:28:19,clusterA,20,4,3,1,0.75,0.5,0.5,0.0,0.0,0.0
2026-01-23 08:28:19,clusterB,20,4,4,0,1.00,0.5,0.5,0.0,0.0,0.0
2026-01-23 08:28:24,clusterA,20,4,3,1,0.75,0.5,0.5,0.0,0.0,0.0
2026-01-23 08:28:24,clusterB,20,4,4,0,1.00,0.5,0.5,0.0,0.0,0.0
2026-01-23 08:28:29,clusterA,20,4,3,1,0.75,0.5,0.5,0.0,0.0,0.0
2026-01-23 08:28:29,clusterB,20,4,4,0,1.00,0.5,0.5,0.0,0.0,0.0
2026-01-23 08:28:34,clusterA,20,4,3,1,0.75,0.5,0.5,0.0,0.0,0.0
2026-01-23 08:28:34,clusterB,20,4,4,0,1.00,0.5,0.5,0.0,0.0,0.0
2026-01-23 08:28:39,clusterA,20,4,3,1,0.75,0.5,0.5,0.0,0.0,0.0
2026-01-23 08:28:39,clusterB,20,4,4,0,1.00,0.5,0.5,0.0,0.0,0.0
2026-01-23 08:28:44,clusterA,20,4,3,1,0.75,0.5,0.5,0.0,0.0,0.0
2026-01-23 08:28:44,clusterB,20,4,4,0,1.00,0.5,0.5,0.0,0.0,0.0
2026-01-23 08:28:49,clusterA,20,4,3,1,0.75,0.5,0.5,0.0,0.0,0.0
2026-01-23 08:28:49,clusterB,20,4,4,0,1.00,0.5,0.5,0.0,0.0,0.0
2026-01-23 08:28:54,clusterA,20,4,3,1,0.75,0.5,0.5,0.0,0.0,0.0
2026-01-23 08:28:54,clusterB,20,4,4,0,1.00,0.5,0.5,0.0,0.0,0.0
2026-01-23 08:28:59,clusterA,20,4,3,1,0.75,0.5,0.5,0.0,0.0,0.0
2026-01-23 08:28:59,clusterB,20,4,4,0,1.00,0.5,0.5,0.0,0.0,0.0
2026-01-23 08:29:04,clusterA,20,4,3,1,0.75,0.5,0.5,0.0,0.0,0.0
2026-01-23 08:29:04,clusterB,20,4,4,0,1.00,0.5,0.5,0.0,0.0,0.0
2026-01-23 08:29:10,clusterA,20,4,3,1,0.75,0.5,0.5,0.0,0.0,0.0
2026-01-23 08:29:10,clusterB,20,4,4,0,1.00,0.5,0.5,0.0,0.0,0.0
2026-01-23 08:29:15,clusterA,20,4,3,1,0.75,0.5,0.5,0.0,0.0,0.0
2026-01-23 08:29:15,clusterB,20,4,4,0,1.00,0.5,0.5,0.0,0.0,0.0
2026-01-23 08:29:20,clusterA,20,4,3,1,0.75,0.5,0.5,0.0,0.0,0.0
2026-01-23 08:29:20,clusterB,20,4,4,0,1.00,0.5,0.5,0.0,0.0,0.0
2026-01-23 08:29:25,clusterA,20,4,3,1,0.75,0.5,0.5,0.0,0.0,0.0
2026-01-23 08:29:25,clusterB,20,4,4,0,1.00,0.5,0.5,0.0,0.0,0.0
2026-01-23 08:29:30,clusterA,20,4,3,1,0.75,0.5,0.5,0.0,0.0,0.0
2026-01-23 08:29:30,clusterB,20,4,4,0,1.00,0.5,0.5,0.0,0.0,0.0
2026-01-23 08:29:35,clusterA,20,4,3,1,0.75,0.5,0.5,0.0,0.0,0.0
2026-01-23 08:29:35,clusterB,20,4,4,0,1.00,0.5,0.5,0.0,0.0,0.0
2026-01-23 08:29:40,clusterA,20,4,3,1,0.75,0.5,0.5,0.0,0.0,0.0
2026-01-23 08:29:40,clusterB,20,4,4,0,1.00,0.5,0.5,0.0,0.0,0.0
2026-01-23 08:29:45,clusterA,20,4,3,1,0.75,0.5,0.5,0.0,0.0,0.0
2026-01-23 08:29:45,clusterB,20,4,4,0,1.00,0.5,0.5,0.0,0.0,0.0
2026-01-23 08:29:50,clusterA,20,4,3,1,0.75,0.5,0.5,0.0,0.0,0.0
2026-01-23 08:29:50,clusterB,20,4,4,0,1.00,0.5,0.5,0.0,0.0,0.0
2026-01-23 08:29:55,clusterA,20,4,3,1,0.75,0.5,0.5,0.0,0.0,0.0
2026-01-23 08:29:55,clusterB,20,4,4,0,1.00,0.5,0.5,0.0,0.0,0.0
2026-01-23 08:30:00,clusterA,20,4,3,1,0.75,0.5,0.5,0.0,0.0,0.0
2026-01-23 08:30:00,clusterB,20,4,4,0,1.00,0.5,0.5,0.0,0.0,0.0
2026-01-23 08:30:05,clusterA,20,4,3,1,0.75,0.5,0.5,0.0,0.0,0.0
2026-01-23 08:30:05,clusterB,20,4,4,0,1.00,0.5,0.5,0.0,0.0,0.0
2026-01-23 08:30:10,clusterA,20,4,3,1,0.75,0.5,0.5,0.0,0.0,0.0
2026-01-23 08:30:10,clusterB,20,4,4,0,1.00,0.5,0.5,0.0,0.0,0.0
2026-01-23 08:30:15,clusterA,20,4,3,1,0.75,0.5,0.5,0.0,0.0,0.0
2026-01-23 08:30:15,clusterB,20,4,4,0,1.00,0.5,0.5,0.0,0.0,0.0
2026-01-23 08:30:20,clusterA,20,4,3,1,0.75,0.5,0.5,0.0,0.0,0.0
2026-01-23 08:30:20,clusterB,20,4,4,0,1.00,0.5,0.5,0.0,0.0,0.0
2026-01-23 08:30:25,clusterA,20,4,3,1,0.75,0.5,0.5,0.0,0.0,0.0
2026-01-23 08:30:25,clusterB,20,4,4,0,1.00,0.5,0.5,0.0,0.0,0.0
2026-01-23 08:30:30,clusterA,20,4,3,1,0.75,0.5,0.5,0.0,0.0,0.0
2026-01-23 08:30:30,clusterB,20,4,4,0,1.00,0.5,0.5,0.0,0.0,0.0
2026-01-23 08:30:35,clusterA,20,4,3,1,0.75,0.5,0.5,0.0,0.0,0.0
2026-01-23 08:30:35,clusterB,20,4,4,0,1.00,0.5,0.5,0.0,0.0,0.0
2026-01-23 08:30:40,clusterA,20,4,3,1,0.75,0.5,0.5,0.0,0.0,0.0
2026-01-23 08:30:40,clusterB,20,4,4,0,1.00,0.5,0.5,0.0,0.0,0.0
2026-01-23 08:30:45,clusterA,20,4,3,1,0.75,0.5,0.5,0.0,0.0,0.0
2026-01-23 08:30:45,clusterB,20,4,4,0,1.00,0.5,0.5,0.0,0.0,0.0
2026-01-23 08:30:50,clusterA,20,4,3,1,0.75,0.5,0.5,0.0,0.0,0.0
2026-01-23 08:30:50,clusterB,20,4,4,0,1.00,0.5,0.5,0.0,0.0,0.0
2026-01-23 08:30:55,clusterA,20,4,3,1,0.75,0.5,0.5,0.0,0.0,0.0
2026-01-23 08:30:55,clusterB,20,4,4,0,1.00,0.5,0.5,0.0,0.0,0.0
2026-01-23 08:31:00,clusterA,20,4,3,1,0.75,0.5,0.5,0.0,0.0,0.0
2026-01-23 08:31:00,clusterB,20,4,4,0,1.00,0.5,0.5,0.0,0.0,0.0
2026-01-23 08:31:05,clusterA,20,4,3,1,0.75,0.5,0.5,0.0,0.0,0.0
2026-01-23 08:31:05,clusterB,20,4,4,0,1.00,0.5,0.5,0.0,0.0,0.0
2026-01-23 08:31:10,clusterA,20,4,3,1,0.75,0.5,0.5,0.0,0.0,0.0
2026-01-23 08:31:10,clusterB,20,4,4,0,1.00,0.5,0.5,0.0,0.0,0.0
2026-01-23 08:31:15,clusterA,20,4,3,1,0.75,0.5,0.5,0.0,0.0,0.0
2026-01-23 08:31:15,clusterB,20,4,4,0,1.00,0.5,0.5,0.0,0.0,0.0
2026-01-23 08:31:20,clusterA,20,4,3,1,0.75,0.5,0.5,0.0,0.0,0.0
2026-01-23 08:31:20,clusterB,20,4,4,0,1.00,0.5,0.5,0.0,0.0,0.0
2026-01-23 08:31:25,clusterA,20,4,3,1,0.75,0.5,0.5,0.0,0.0,0.0
2026-01-23 08:31:25,clusterB,20,4,4,0,1.00,0.5,0.5,0.0,0.0,0.0
2026-01-23 08:31:30,clusterA,20,4,3,1,0.75,0.5,0.5,0.0,0.0,0.0
2026-01-23 08:31:30,clusterB,20,4,4,0,1.00,0.5,0.5,0.0,0.0,0.0
2026-01-23 08:31:35,clusterA,20,4,3,1,0.75,0.5,0.5,0.0,0.0,0.0
2026-01-23 08:31:35,clusterB,20,4,4,0,1.00,0.5,0.5,0.0,0.0,0.0
2026-01-23 08:31:40,clusterA,20,4,3,1,0.75,0.5,0.5,0.0,0.0,0.0
2026-01-23 08:31:40,clusterB,20,4,4,0,1.00,0.5,0.5,0.0,0.0,0.0
2026-01-23 08:31:45,clusterA,20,4,3,1,0.75,0.5,0.5,0.0,0.0,0.0
2026-01-23 08:31:45,clusterB,20,4,4,0,1.00,0.5,0.5,0.0,0.0,0.0
2026-01-23 08:31:50,clusterA,20,4,3,1,0.75,0.5,0.5,0.0,0.0,0.0
2026-01-23 08:31:50,clusterB,20,4,4,0,1.00,0.5,0.5,0.0,0.0,0.0
2026-01-23 08:31:55,clusterA,20,4,3,1,0.75,0.5,0.5,0.0,0.0,0.0
2026-01-23 08:31:55,clusterB,20,4,4,0,1.00,0.5,0.5,0.0,0.0,0.0
2026-01-23 08:32:00,clusterA,20,4,3,1,0.75,0.5,0.5,0.0,0.0,0.0
2026-01-23 08:32:00,clusterB,20,4,4,0,1.00,0.5,0.5,0.0,0.0,0.0
2026-01-23 08:32:05,clusterA,20,4,3,1,0.75,0.5,0.5,0.0,0.0,0.0
2026-01-23 08:32:05,clusterB,20,4,4,0,1.00,0.5,0.5,0.0,0.0,0.0
2026-01-23 08:32:10,clusterA,20,4,3,1,0.75,0.5,0.5,0.0,0.0,0.0
2026-01-23 08:32:10,clusterB,20,4,4,0,1.00,0.5,0.5,0.0,0.0,0.0
2026-01-23 08:32:15,clusterA,20,4,3,1,0.75,0.5,0.5,0.0,0.0,0.0
2026-01-23 08:32:15,clusterB,20,4,4,0,1.00,0.5,0.5,0.0,0.0,0.0
2026-01-23 08:32:20,clusterA,20,4,3,1,0.75,0.5,0.5,0.0,0.0,0.0
2026-01-23 08:32:20,clusterB,20,4,4,0,1.00,0.5,0.5,0.0,0.0,0.0
2026-01-23 08:32:25,clusterA,20,4,3,1,0.75,0.5,0.5,0.0,0.0,0.0
2026-01-23 08:32:25,clusterB,20,4,4,0,1.00,0.5,0.5,0.0,0.0,0.0
2026-01-23 08:32:30,clusterA,20,4,3,1,0.75,0.5,0.5,0.0,0.0,0.0
2026-01-23 08:32:30,clusterB,20,4,4,0,1.00,0.5,0.5,0.0,0.0,0.0
2026-01-23 08:32:35,clusterA,20,4,3,1,0.75,0.5,0.5,0.0,0.0,0.0
2026-01-23 08:32:35,clusterB,20,4,4,0,1.00,0.5,0.5,0.0,0.0,0.0
2026-01-23 08:32:40,clusterA,20,4,3,1,0.75,0.5,0.5,0.0,0.0,0.0
2026-01-23 08:32:40,clusterB,20,4,4,0,1.00,0.5,0.5,0.0,0.0,0.0
2026-01-23 08:32:45,clusterA,20,4,3,1,0.75,0.5,0.5,0.0,0.0,0.0
2026-01-23 08:32:45,clusterB,20,4,4,0,1.00,0.5,0.5,0.0,0.0,0.0
2026-01-23 08:32:50,clusterA,20,4,3,1,0.75,0.5,0.5,0.0,0.0,0.0
2026-01-23 08:32:50,clusterB,20,4,4,0,1.00,0.5,0.5,0.0,0.0,0.0
2026-01-23 08:32:55,clusterA,20,4,3,1,0.75,0.5,0.5,0.0,0.0,0.0
2026-01-23 08:32:55,clusterB,20,4,4,0,1.00,0.5,0.5,0.0,0.0,0.0
2026-01-23 08:33:00,clusterA,20,4,3,1,0.75,0.5,0.5,0.0,0.0,0.0
2026-01-23 08:33:00,clusterB,20,4,4,0,1.00,0.5,0.5,0.0,0.0,0.0
2026-01-23 08:33:05,clusterA,20,4,3,1,0.75,0.5,0.5,0.0,0.0,0.0
2026-01-23 08:33:05,clusterB,20,4,4,0,1.00,0.5,0.5,0.0,0.0,0.0
2026-01-23 08:33:10,clusterA,20,4,3,1,0.75,0.5,0.5,0.0,0.0,0.0
2026-01-23 08:33:10,clusterB,20,4,4,0,1.00,0.5,0.5,0.0,0.0,0.0
2026-01-23 08:33:15,clusterA,20,4,3,1,0.75,0.5,0.5,0.0,0.0,0.0
2026-01-23 08:33:15,clusterB,20,4,4,0,1.00,0.5,0.5,0.0,0.0,0.0
2026-01-23 08:33:20,clusterA,20,4,3,1,0.75,0.5,0.5,0.0,0.0,0.0
2026-01-23 08:33:20,clusterB,20,4,4,0,1.00,0.5,0.5,0.0,0.0,0.0
2026-01-23 08:33:25,clusterA,20,4,3,1,0.75,0.5,0.5,0.0,0.0,0.0
2026-01-23 08:33:25,clusterB,20,4,4,0,1.00,0.5,0.5,0.0,0.0,0.0
2026-01-23 08:33:30,clusterA,20,4,3,1,0.75,0.5,0.5,0.0,0.0,0.0
2026-01-23 08:33:30,clusterB,20,4,4,0,1.00,0.5,0.5,0.0,0.0,0.0
2026-01-23 08:33:35,clusterA,20,4,3,1,0.75,0.5,0.5,0.0,0.0,0.0
2026-01-23 08:33:35,clusterB,20,4,4,0,1.00,0.5,0.5,0.0,0.0,0.0
2026-01-23 08:33:40,clusterA,20,4,3,1,0.75,0.5,0.5,0.0,0.0,0.0
2026-01-23 08:33:40,clusterB,20,4,4,0,1.00,0.5,0.5,0.0,0.0,0.0
2026-01-23 08:33:45,clusterA,20,4,3,1,0.75,0.5,0.5,0.0,0.0,0.0
2026-01-23 08:33:45,clusterB,20,4,4,0,1.00,0.5,0.5,0.0,0.0,0.0
2026-01-23 08:33:50,clusterA,20,4,3,1,0.75,0.5,0.5,0.0,0.0,0.0
2026-01-23 08:33:50,clusterB,20,4,4,0,1.00,0.5,0.5,0.0,0.0,0.0
2026-01-23 08:33:55,clusterA,20,4,3,1,0.75,0.5,0.5,0.0,0.0,0.0
2026-01-23 08:33:55,clusterB,20,4,4,0,1.00,0.5,0.5,0.0,0.0,0.0
2026-01-23 08:34:00,clusterA,20,4,3,1,0.75,0.5,0.5,0.0,0.0,0.0
2026-01-23 08:34:00,clusterB,20,4,4,0,1.00,0.5,0.5,0.0,0.0,0.0
2026-01-23 08:34:05,clusterA,20,4,3,1,0.75,0.5,0.5,0.0,0.0,0.0
2026-01-23 08:34:05,clusterB,20,4,4,0,1.00,0.5,0.5,0.0,0.0,0.0
2026-01-23 08:34:10,clusterA,20,4,3,1,0.75,0.5,0.5,0.0,0.0,0.0
2026-01-23 08:34:10,clusterB,20,4,4,0,1.00,0.5,0.5,0.0,0.0,0.0
2026-01-23 08:34:15,clusterA,20,4,3,1,0.75,0.5,0.5,0.0,0.0,0.0
2026-01-23 08:34:15,clusterB,20,4,4,0,1.00,0.5,0.5,0.0,0.0,0.0
2026-01-23 08:34:20,clusterA,20,4,3,1,0.75,0.5,0.5,0.0,0.0,0.0
2026-01-23 08:34:20,clusterB,20,4,4,0,1.00,0.5,0.5,0.0,0.0,0.0
2026-01-23 08:34:25,clusterA,20,4,3,1,0.75,0.5,0.5,0.0,0.0,0.0
2026-01-23 08:34:25,clusterB,20,4,4,0,1.00,0.5,0.5,0.0,0.0,0.0
2026-01-23 08:34:30,clusterA,20,4,3,1,0.75,0.5,0.5,0.0,0.0,0.0
2026-01-23 08:34:30,clusterB,20,4,4,0,1.00,0.5,0.5,0.0,0.0,0.0
2026-01-23 08:34:35,clusterA,20,4,3,1,0.75,0.5,0.5,0.0,0.0,0.0
2026-01-23 08:34:35,clusterB,20,4,4,0,1.00,0.5,0.5,0.0,0.0,0.0
2026-01-23 08:34:40,clusterA,20,4,3,1,0.75,0.5,0.5,0.0,0.0,0.0
2026-01-23 08:34:40,clusterB,20,4,4,0,1.00,0.5,0.5,0.0,0.0,0.0
2026-01-23 08:34:45,clusterA,20,4,3,1,0.75,0.5,0.5,0.0,0.0,0.0
2026-01-23 08:34:45,clusterB,20,4,4,0,1.00,0.5,0.5,0.0,0.0,0.0
2026-01-23 08:34:50,clusterA,20,4,3,1,0.75,0.5,0.5,0.0,0.0,0.0
2026-01-23 08:34:50,clusterB,20,4,4,0,1.00,0.5,0.5,0.0,0.0,0.0
2026-01-23 08:34:55,clusterA,20,4,3,1,0.75,0.5,0.5,0.0,0.0,0.0
2026-01-23 08:34:55,clusterB,20,4,4,0,1.00,0.5,0.5,0.0,0.0,0.0
2026-01-23 08:35:00,clusterA,20,4,3,1,0.75,0.5,0.5,0.0,0.0,0.0
2026-01-23 08:35:00,clusterB,20,4,4,0,1.00,0.5,0.5,0.0,0.0,0.0
2026-01-23 08:35:05,clusterA,20,4,3,1,0.75,0.5,0.5,0.0,0.0,0.0
2026-01-23 08:35:05,clusterB,20,4,4,0,1.00,0.5,0.5,0.0,0.0,0.0
2026-01-23 08:35:10,clusterA,20,4,3,1,0.75,0.5,0.5,0.0,0.0,0.0
2026-01-23 08:35:10,clusterB,20,4,4,0,1.00,0.5,0.5,0.0,0.0,0.0
2026-01-23 08:35:15,clusterA,20,4,3,1,0.75,0.5,0.5,0.0,0.0,0.0
2026-01-23 08:35:15,clusterB,20,4,4,0,1.00,0.5,0.5,0.0,0.0,0.0
2026-01-23 08:35:20,clusterA,20,4,3,1,0.75,0.5,0.5,0.0,0.0,0.0
2026-01-23 08:35:20,clusterB,20,4,4,0,1.00,0.5,0.5,0.0,0.0,0.0
2026-01-23 08:35:25,clusterA,20,4,3,1,0.75,0.5,0.5,0.0,0.0,0.0
2026-01-23 08:35:25,clusterB,20,4,4,0,1.00,0.5,0.5,0.0,0.0,0.0
2026-01-23 08:35:30,clusterA,20,4,3,1,0.75,0.5,0.5,0.0,0.0,0.0
2026-01-23 08:35:30,clusterB,20,4,4,0,1.00,0.5,0.5,0.0,0.0,0.0
2026-01-23 08:35:35,clusterA,20,4,3,1,0.75,0.5,0.5,0.0,0.0,0.0
2026-01-23 08:35:35,clusterB,20,4,4,0,1.00,0.5,0.5,0.0,0.0,0.0
2026-01-23 08:35:40,clusterA,20,4,3,1,0.75,0.5,0.5,0.0,0.0,0.0
2026-01-23 08:35:40,clusterB,20,4,4,0,1.00,0.5,0.5,0.0,0.0,0.0
2026-01-23 08:35:45,clusterA,20,4,3,1,0.75,0.5,0.5,0.0,0.0,0.0
2026-01-23 08:35:45,clusterB,20,4,4,0,1.00,0.5,0.5,0.0,0.0,0.0
2026-01-23 08:35:50,clusterA,20,4,3,1,0.75,0.5,0.5,0.0,0.0,0.0
2026-01-23 08:35:50,clusterB,20,4,4,0,1.00,0.5,0.5,0.0,0.0,0.0
2026-01-23 08:35:55,clusterA,20,4,3,1,0.75,0.5,0.5,0.0,0.0,0.0
2026-01-23 08:35:55,clusterB,20,4,4,0,1.00,0.5,0.5,0.0,0.0,0.0
2026-01-23 08:36:00,clusterA,20,4,3,1,0.75,0.5,0.5,0.0,0.0,0.0
2026-01-23 08:36:00,clusterB,20,4,4,0,1.00,0.5,0.5,0.0,0.0,0.0
2026-01-23 08:36:05,clusterA,20,4,3,1,0.75,0.5,0.5,0.0,0.0,0.0
2026-01-23 08:36:05,clusterB,20,4,4,0,1.00,0.5,0.5,0.0,0.0,0.0
2026-01-23 08:36:10,clusterA,20,4,3,1,0.75,0.5,0.5,0.0,0.0,0.0
2026-01-23 08:36:10,clusterB,20,4,4,0,1.00,0.5,0.5,0.0,0.0,0.0
2026-01-23 08:36:15,clusterA,20,4,3,1,0.75,0.5,0.5,0.0,0.0,0.0
2026-01-23 08:36:15,clusterB,20,4,4,0,1.00,0.5,0.5,0.0,0.0,0.0
2026-01-23 08:36:20,clusterA,20,4,3,1,0.75,0.5,0.5,0.0,0.0,0.0
2026-01-23 08:36:20,clusterB,20,4,4,0,1.00,0.5,0.5,0.0,0.0,0.0
2026-01-23 08:36:25,clusterA,20,4,3,1,0.75,0.5,0.5,0.0,0.0,0.0
2026-01-23 08:36:25,clusterB,20,4,4,0,1.00,0.5,0.5,0.0,0.0,0.0
2026-01-23 08:36:31,clusterA,20,4,3,1,0.75,0.5,0.5,0.0,0.0,0.0
2026-01-23 08:36:31,clusterB,20,4,4,0,1.00,0.5,0.5,0.0,0.0,0.0
2026-01-23 08:36:36,clusterA,20,4,3,1,0.75,0.5,0.5,0.0,0.0,0.0
2026-01-23 08:36:36,clusterB,20,4,4,0,1.00,0.5,0.5,0.0,0.0,0.0
2026-01-23 08:36:41,clusterA,20,4,3,1,0.75,0.5,0.5,0.0,0.0,0.0
2026-01-23 08:36:41,clusterB,20,4,4,0,1.00,0.5,0.5,0.0,0.0,0.0
2026-01-23 08:36:46,clusterA,20,4,3,1,0.75,0.5,0.5,0.0,0.0,0.0
2026-01-23 08:36:46,clusterB,20,4,4,0,1.00,0.5,0.5,0.0,0.0,0.0
2026-01-23 08:36:51,clusterA,20,4,3,1,0.75,0.5,0.5,0.0,0.0,0.0
2026-01-23 08:36:51,clusterB,20,4,4,0,1.00,0.5,0.5,0.0,0.0,0.0
2026-01-23 08:36:56,clusterA,20,4,3,1,0.75,0.5,0.5,0.0,0.0,0.0
2026-01-23 08:36:56,clusterB,20,4,4,0,1.00,0.5,0.5,0.0,0.0,0.0
2026-01-23 08:37:01,clusterA,20,4,3,1,0.75,0.5,0.5,0.0,0.0,0.0
2026-01-23 08:37:01,clusterB,20,4,4,0,1.00,0.5,0.5,0.0,0.0,0.0
2026-01-23 08:37:06,clusterA,20,4,3,1,0.75,0.5,0.5,0.0,0.0,0.0
2026-01-23 08:37:06,clusterB,20,4,4,0,1.00,0.5,0.5,0.0,0.0,0.0
2026-01-23 08:37:11,clusterA,20,4,3,1,0.75,0.5,0.5,0.0,0.0,0.0
2026-01-23 08:37:11,clusterB,20,4,4,0,1.00,0.5,0.5,0.0,0.0,0.0
2026-01-23 08:37:16,clusterA,20,4,3,1,0.75,0.5,0.5,0.0,0.0,0.0
2026-01-23 08:37:16,clusterB,20,4,4,0,1.00,0.5,0.5,0.0,0.0,0.0
2026-01-23 08:37:21,clusterA,20,4,3,1,0.75,0.5,0.5,0.0,0.0,0.0
2026-01-23 08:37:21,clusterB,20,4,4,0,1.00,0.5,0.5,0.0,0.0,0.0
2026-01-23 08:37:26,clusterA,20,4,3,1,0.75,0.5,0.5,0.0,0.0,0.0
2026-01-23 08:37:26,clusterB,20,4,4,0,1.00,0.5,0.5,0.0,0.0,0.0
2026-01-23 08:37:31,clusterA,20,4,3,1,0.75,0.5,0.5,0.0,0.0,0.0
2026-01-23 08:37:31,clusterB,20,4,4,0,1.00,0.5,0.5,0.0,0.0,0.0
2026-01-23 08:37:36,clusterA,20,4,3,1,0.75,0.5,0.5,0.0,0.0,0.0
2026-01-23 08:37:36,clusterB,20,4,4,0,1.00,0.5,0.5,0.0,0.0,0.0
2026-01-23 08:37:41,clusterA,20,4,3,1,0.75,0.5,0.5,0.0,0.0,0.0
2026-01-23 08:37:41,clusterB,20,4,4,0,1.00,0.5,0.5,0.0,0.0,0.0
2026-01-23 08:37:46,clusterA,20,4,3,1,0.75,0.5,0.5,0.0,0.0,0.0
2026-01-23 08:37:46,clusterB,20,4,4,0,1.00,0.5,0.5,0.0,0.0,0.0
2026-01-23 08:37:51,clusterA,20,4,3,1,0.75,0.5,0.5,0.0,0.0,0.0
2026-01-23 08:37:51,clusterB,20,4,4,0,1.00,0.5,0.5,0.0,0.0,0.0
2026-01-23 08:37:56,clusterA,20,4,3,1,0.75,0.5,0.5,0.0,0.0,0.0
2026-01-23 08:37:56,clusterB,20,4,4,0,1.00,0.5,0.5,0.0,0.0,0.0
2026-01-23 08:38:01,clusterA,20,4,3,1,0.75,0.5,0.5,0.0,0.0,0.0
2026-01-23 08:38:01,clusterB,20,4,4,0,1.00,0.5,0.5,0.0,0.0,0.0
2026-01-23 08:38:06,clusterA,20,4,3,1,0.75,0.5,0.5,0.0,0.0,0.0
2026-01-23 08:38:06,clusterB,20,4,4,0,1.00,0.5,0.5,0.0,0.0,0.0
2026-01-23 08:38:11,clusterA,20,4,3,1,0.75,0.5,0.5,0.0,0.0,0.0
2026-01-23 08:38:11,clusterB,20,4,4,0,1.00,0.5,0.5,0.0,0.0,0.0
2026-01-23 08:38:16,clusterA,20,4,3,1,0.75,0.5,0.5,0.0,0.0,0.0
2026-01-23 08:38:16,clusterB,20,4,4,0,1.00,0.5,0.5,0.0,0.0,0.0
2026-01-23 08:38:21,clusterA,20,4,3,1,0.75,0.5,0.5,0.0,0.0,0.0
2026-01-23 08:38:21,clusterB,20,4,4,0,1.00,0.5,0.5,0.0,0.0,0.0
2026-01-23 08:38:26,clusterA,20,4,3,1,0.75,0.5,0.5,0.0,0.0,0.0
2026-01-23 08:38:26,clusterB,20,4,4,0,1.00,0.5,0.5,0.0,0.0,0.0
2026-01-23 08:38:31,clusterA,20,4,3,1,0.75,0.5,0.5,0.0,0.0,0.0
2026-01-23 08:38:31,clusterB,20,4,4,0,1.00,0.5,0.5,0.0,0.0,0.0
2026-01-23 08:38:36,clusterA,20,4,3,1,0.75,0.5,0.5,0.0,0.0,0.0
2026-01-23 08:38:36,clusterB,20,4,4,0,1.00,0.5,0.5,0.0,0.0,0.0
2026-01-23 08:38:41,clusterA,20,4,3,1,0.75,0.5,0.5,0.0,0.0,0.0
2026-01-23 08:38:41,clusterB,20,4,4,0,1.00,0.5,0.5,0.0,0.0,0.0
2026-01-23 08:38:46,clusterA,20,4,3,1,0.75,0.5,0.5,0.0,0.0,0.0
2026-01-23 08:38:46,clusterB,20,4,4,0,1.00,0.5,0.5,0.0,0.0,0.0
2026-01-23 08:38:51,clusterA,20,4,3,1,0.75,0.5,0.5,0.0,0.0,0.0
2026-01-23 08:38:51,clusterB,20,4,4,0,1.00,0.5,0.5,0.0,0.0,0.0
2026-01-23 08:38:56,clusterA,20,4,3,1,0.75,0.5,0.5,0.0,0.0,0.0
2026-01-23 08:38:56,clusterB,20,4,4,0,1.00,0.5,0.5,0.0,0.0,0.0
2026-01-23 08:39:01,clusterA,20,4,3,1,0.75,0.5,0.5,0.0,0.0,0.0
2026-01-23 08:39:01,clusterB,20,4,4,0,1.00,0.5,0.5,0.0,0.0,0.0
2026-01-23 08:39:06,clusterA,20,4,3,1,0.75,0.5,0.5,0.0,0.0,0.0
2026-01-23 08:39:06,clusterB,20,4,4,0,1.00,0.5,0.5,0.0,0.0,0.0
2026-01-23 08:39:11,clusterA,20,4,3,1,0.75,0.5,0.5,0.0,0.0,0.0
2026-01-23 08:39:11,clusterB,20,4,4,0,1.00,0.5,0.5,0.0,0.0,0.0
2026-01-23 08:39:16,clusterA,20,4,3,1,0.75,0.5,0.5,0.0,0.0,0.0
2026-01-23 08:39:16,clusterB,20,4,4,0,1.00,0.5,0.5,0.0,0.0,0.0
2026-01-23 08:39:21,clusterA,20,4,3,1,0.75,0.5,0.5,0.0,0.0,0.0
2026-01-23 08:39:21,clusterB,20,4,4,0,1.00,0.5,0.5,0.0,0.0,0.0
2026-01-23 08:39:26,clusterA,20,4,1,3,0.25,0.5,0.5,0.0,0.0,0.0
2026-01-23 08:39:26,clusterB,20,4,4,0,1.00,0.5,0.5,0.0,0.0,0.0
2026-01-23 08:39:31,clusterA,20,4,1,3,0.25,0.5,0.5,0.0,0.0,0.0
2026-01-23 08:39:31,clusterB,20,4,4,0,1.00,0.5,0.5,0.0,0.0,0.0
2026-01-23 08:39:36,clusterA,20,4,1,3,0.25,0.5,0.5,0.0,0.0,0.0
2026-01-23 08:39:36,clusterB,20,4,4,0,1.00,0.5,0.5,0.0,0.0,0.0
2026-01-23 08:39:41,clusterA,20,4,1,3,0.25,0.5,0.5,0.0,0.0,0.0
2026-01-23 08:39:41,clusterB,20,4,4,0,1.00,0.5,0.5,0.0,0.0,0.0
2026-01-23 08:39:46,clusterA,20,4,1,3,0.25,0.5,0.5,0.0,0.0,0.0
2026-01-23 08:39:46,clusterB,20,4,4,0,1.00,0.5,0.5,0.0,0.0,0.0
2026-01-23 08:39:51,clusterA,20,4,1,3,0.25,0.5,0.5,0.0,0.0,0.0
2026-01-23 08:39:51,clusterB,20,4,4,0,1.00,0.5,0.5,0.0,0.0,0.0
2026-01-23 08:39:56,clusterA,20,4,1,3,0.25,0.5,0.5,0.0,0.0,0.0
2026-01-23 08:39:56,clusterB,20,4,4,0,1.00,0.5,0.5,0.0,0.0,0.0
2026-01-23 08:40:01,clusterA,20,4,1,3,0.25,0.5,0.5,0.0,0.0,0.0
2026-01-23 08:40:01,clusterB,20,4,2,2,0.50,0.5,0.5,0.0,0.0,0.0
2026-01-23 08:40:06,clusterA,20,4,1,3,0.25,0.5,0.5,0.0,0.0,0.0
2026-01-23 08:40:06,clusterB,20,4,2,2,0.50,0.5,0.5,0.0,0.0,0.0
2026-01-23 08:40:11,clusterA,20,4,1,3,0.25,0.5,0.5,0.0,0.0,0.0
2026-01-23 08:40:11,clusterB,20,4,2,2,0.50,0.5,0.5,0.0,0.0,0.0
2026-01-23 08:40:16,clusterA,20,4,1,3,0.25,0.5,0.5,0.0,0.0,0.0
2026-01-23 08:40:16,clusterB,20,4,2,2,0.50,0.5,0.5,0.0,0.0,0.0
2026-01-23 08:40:21,clusterA,20,4,1,3,0.25,0.5,0.5,0.0,0.0,0.0
2026-01-23 08:40:21,clusterB,20,4,2,2,0.50,0.5,0.5,0.0,0.0,0.0
2026-01-23 08:40:26,clusterA,20,4,1,3,0.25,0.5,0.5,0.0,0.0,0.0
2026-01-23 08:40:26,clusterB,20,4,2,2,0.50,0.5,0.5,0.0,0.0,0.0
2026-01-23 08:40:31,clusterA,20,4,1,3,0.25,0.5,0.5,0.0,0.0,0.0
2026-01-23 08:40:31,clusterB,20,4,2,2,0.50,0.5,0.5,0.0,0.0,0.0
2026-01-23 08:40:36,clusterA,20,4,1,3,0.25,0.5,0.5,0.0,0.0,0.0
2026-01-23 08:40:36,clusterB,20,4,2,2,0.50,0.5,0.5,0.0,0.0,0.0
2026-01-23 08:40:41,clusterA,20,4,1,3,0.25,0.5,0.5,0.0,0.0,0.0
2026-01-23 08:40:41,clusterB,20,4,2,2,0.50,0.5,0.5,0.0,0.0,0.0
2026-01-23 08:40:46,clusterA,20,4,1,3,0.25,0.5,0.5,0.0,0.0,0.0
2026-01-23 08:40:46,clusterB,20,4,2,2,0.50,0.5,0.5,0.0,0.0,0.0
2026-01-23 08:40:51,clusterA,20,4,1,3,0.25,0.5,0.5,0.0,0.0,0.0
2026-01-23 08:40:51,clusterB,20,4,2,2,0.50,0.5,0.5,0.0,0.0,0.0
2026-01-23 08:40:56,clusterA,20,4,1,3,0.25,0.5,0.5,0.0,0.0,0.0
2026-01-23 08:40:56,clusterB,20,4,2,2,0.50,0.5,0.5,0.0,0.0,0.0
2026-01-23 08:41:01,clusterA,20,4,1,3,0.25,0.5,0.5,0.0,0.0,0.0
2026-01-23 08:41:01,clusterB,20,4,2,2,0.50,0.5,0.5,0.0,0.0,0.0
2026-01-23 08:41:06,clusterA,20,4,1,3,0.25,0.5,0.5,0.0,0.0,0.0
2026-01-23 08:41:06,clusterB,20,4,2,2,0.50,0.5,0.5,0.0,0.0,0.0
2026-01-23 08:41:11,clusterA,20,4,1,3,0.25,0.5,0.5,0.0,0.0,0.0
2026-01-23 08:41:11,clusterB,20,4,2,2,0.50,0.5,0.5,0.0,0.0,0.0
2026-01-23 08:41:16,clusterA,20,4,1,3,0.25,0.5,0.5,0.0,0.0,0.0
2026-01-23 08:41:16,clusterB,20,4,2,2,0.50,0.5,0.5,0.0,0.0,0.0
2026-01-23 08:41:21,clusterA,20,4,1,3,0.25,0.5,0.5,0.0,0.0,0.0
2026-01-23 08:41:21,clusterB,20,4,2,2,0.50,0.5,0.5,0.0,0.0,0.0
2026-01-23 08:41:26,clusterA,20,4,1,3,0.25,0.5,0.5,0.0,0.0,0.0
2026-01-23 08:41:26,clusterB,20,4,2,2,0.50,0.5,0.5,0.0,0.0,0.0
2026-01-23 08:41:31,clusterA,20,4,1,3,0.25,0.5,0.5,0.0,0.0,0.0
2026-01-23 08:41:31,clusterB,20,4,2,2,0.50,0.5,0.5,0.0,0.0,0.0
2026-01-23 08:41:36,clusterA,20,4,1,3,0.25,0.5,0.5,0.0,0.0,0.0
2026-01-23 08:41:36,clusterB,20,4,2,2,0.50,0.5,0.5,0.0,0.0,0.0
2026-01-23 08:41:41,clusterA,20,4,1,3,0.25,0.5,0.5,0.0,0.0,0.0
2026-01-23 08:41:41,clusterB,20,4,2,2,0.50,0.5,0.5,0.0,0.0,0.0
2026-01-23 08:41:46,clusterA,20,4,1,3,0.25,0.5,0.5,0.0,0.0,0.0
2026-01-23 08:41:46,clusterB,20,4,2,2,0.50,0.5,0.5,0.0,0.0,0.0
2026-01-23 08:41:51,clusterA,20,4,1,3,0.25,0.5,0.5,0.0,0.0,0.0
2026-01-23 08:41:51,clusterB,20,4,2,2,0.50,0.5,0.5,0.0,0.0,0.0
2026-01-23 08:41:56,clusterA,20,4,1,3,0.25,0.5,0.5,0.0,0.0,0.0
2026-01-23 08:41:56,clusterB,20,4,2,2,0.50,0.5,0.5,0.0,0.0,0.0
2026-01-23 08:42:01,clusterA,20,4,1,3,0.25,0.5,0.5,0.0,0.0,0.0
2026-01-23 08:42:01,clusterB,20,4,2,2,0.50,0.5,0.5,0.0,0.0,0.0
2026-01-23 08:42:06,clusterA,20,4,1,3,0.25,0.5,0.5,0.0,0.0,0.0
2026-01-23 08:42:06,clusterB,20,4,2,2,0.50,0.5,0.5,0.0,0.0,0.0
2026-01-23 08:42:11,clusterA,20,4,1,3,0.25,0.5,0.5,0.0,0.0,0.0
2026-01-23 08:42:11,clusterB,20,4,2,2,0.50,0.5,0.5,0.0,0.0,0.0
2026-01-23 08:42:16,clusterA,20,4,1,3,0.25,0.5,0.5,0.0,0.0,0.0
2026-01-23 08:42:16,clusterB,20,4,2,2,0.50,0.5,0.5,0.0,0.0,0.0
2026-01-23 08:42:21,clusterA,20,4,1,3,0.25,0.5,0.5,0.0,0.0,0.0
2026-01-23 08:42:21,clusterB,20,4,2,2,0.50,0.5,0.5,0.0,0.0,0.0
2026-01-23 08:42:26,clusterA,20,4,1,3,0.25,0.5,0.5,0.0,0.0,0.0
2026-01-23 08:42:26,clusterB,20,4,2,2,0.50,0.5,0.5,0.0,0.0,0.0
2026-01-23 08:42:31,clusterA,20,4,1,3,0.25,0.5,0.5,0.0,0.0,0.0
2026-01-23 08:42:31,clusterB,20,4,2,2,0.50,0.5,0.5,0.0,0.0,0.0
2026-01-23 08:42:36,clusterA,20,4,1,3,0.25,0.5,0.5,0.0,0.0,0.0
2026-01-23 08:42:36,clusterB,20,4,2,2,0.50,0.5,0.5,0.0,0.0,0.0
2026-01-23 08:42:41,clusterA,20,4,1,3,0.25,0.5,0.5,0.0,0.0,0.0
2026-01-23 08:42:41,clusterB,20,4,2,2,0.50,0.5,0.5,0.0,0.0,0.0
2026-01-23 08:42:46,clusterA,20,4,1,3,0.25,0.5,0.5,0.0,0.0,0.0
2026-01-23 08:42:46,clusterB,20,4,2,2,0.50,0.5,0.5,0.0,0.0,0.0
2026-01-23 08:42:51,clusterA,20,4,1,3,0.25,0.5,0.5,0.0,0.0,0.0
2026-01-23 08:42:51,clusterB,20,4,2,2,0.50,0.5,0.5,0.0,0.0,0.0
2026-01-23 08:42:56,clusterA,20,4,1,3,0.25,0.5,0.5,0.0,0.0,0.0
2026-01-23 08:42:56,clusterB,20,4,2,2,0.50,0.5,0.5,0.0,0.0,0.0
2026-01-23 08:43:01,clusterA,20,4,1,3,0.25,0.5,0.5,0.0,0.0,0.0
2026-01-23 08:43:01,clusterB,20,4,2,2,0.50,0.5,0.5,0.0,0.0,0.0
2026-01-23 08:43:06,clusterA,20,4,1,3,0.25,0.5,0.5,0.0,0.0,0.0
2026-01-23 08:43:06,clusterB,20,4,2,2,0.50,0.5,0.5,0.0,0.0,0.0
2026-01-23 08:43:11,clusterA,20,4,1,3,0.25,0.5,0.5,0.0,0.0,0.0
2026-01-23 08:43:11,clusterB,20,4,2,2,0.50,0.5,0.5,0.0,0.0,0.0
2026-01-23 08:43:16,clusterA,20,4,1,3,0.25,0.5,0.5,0.0,0.0,0.0
2026-01-23 08:43:16,clusterB,20,4,2,2,0.50,0.5,0.5,0.0,0.0,0.0
2026-01-23 08:43:21,clusterA,20,4,1,3,0.25,0.5,0.5,0.0,0.0,0.0
2026-01-23 08:43:21,clusterB,20,4,2,2,0.50,0.5,0.5,0.0,0.0,0.0
2026-01-23 08:43:26,clusterA,20,4,1,3,0.25,0.5,0.5,0.0,0.0,0.0
2026-01-23 08:43:26,clusterB,20,4,2,2,0.50,0.5,0.5,0.0,0.0,0.0
2026-01-23 08:43:31,clusterA,20,4,1,3,0.25,0.5,0.5,0.0,0.0,0.0
2026-01-23 08:43:31,clusterB,20,4,2,2,0.50,0.5,0.5,0.0,0.0,0.0
2026-01-23 08:43:36,clusterA,20,4,1,3,0.25,0.5,0.5,0.0,0.0,0.0
2026-01-23 08:43:36,clusterB,20,4,2,2,0.50,0.5,0.5,0.0,0.0,0.0
2026-01-23 08:43:41,clusterA,20,4,1,3,0.25,0.5,0.5,0.0,0.0,0.0
2026-01-23 08:43:41,clusterB,20,4,2,2,0.50,0.5,0.5,0.0,0.0,0.0
2026-01-23 08:43:46,clusterA,20,4,1,3,0.25,0.5,0.5,0.0,0.0,0.0
2026-01-23 08:43:46,clusterB,20,4,2,2,0.50,0.5,0.5,0.0,0.0,0.0
2026-01-23 08:43:51,clusterA,20,4,1,3,0.25,0.5,0.5,0.0,0.0,0.0
2026-01-23 08:43:51,clusterB,20,4,2,2,0.50,0.5,0.5,0.0,0.0,0.0
2026-01-23 08:43:56,clusterA,20,4,1,3,0.25,0.5,0.5,0.0,0.0,0.0
2026-01-23 08:43:56,clusterB,20,4,2,2,0.50,0.5,0.5,0.0,0.0,0.0
2026-01-23 08:44:01,clusterA,20,4,1,3,0.25,0.5,0.5,0.0,0.0,0.0
2026-01-23 08:44:01,clusterB,20,4,2,2,0.50,0.5,0.5,0.0,0.0,0.0
2026-01-23 08:44:06,clusterA,20,4,1,3,0.25,0.5,0.5,0.0,0.0,0.0
2026-01-23 08:44:06,clusterB,20,4,2,2,0.50,0.5,0.5,0.0,0.0,0.0
2026-01-23 08:44:12,clusterA,20,4,1,3,0.25,0.5,0.5,0.0,0.0,0.0
2026-01-23 08:44:12,clusterB,20,4,2,2,0.50,0.5,0.5,0.0,0.0,0.0
2026-01-23 08:44:17,clusterA,20,4,1,3,0.25,0.5,0.5,0.0,0.0,0.0
2026-01-23 08:44:17,clusterB,20,4,2,2,0.50,0.5,0.5,0.0,0.0,0.0
2026-01-23 08:44:22,clusterA,20,4,1,3,0.25,0.5,0.5,0.0,0.0,0.0
2026-01-23 08:44:22,clusterB,20,4,2,2,0.50,0.5,0.5,0.0,0.0,0.0
2026-01-23 08:44:27,clusterA,20,4,1,3,0.25,0.5,0.5,0.0,0.0,0.0
2026-01-23 08:44:27,clusterB,20,4,2,2,0.50,0.5,0.5,0.0,0.0,0.0
2026-01-23 08:44:32,clusterA,20,4,1,3,0.25,0.5,0.5,0.0,0.0,0.0
2026-01-23 08:44:32,clusterB,20,4,2,2,0.50,0.5,0.5,0.0,0.0,0.0
2026-01-23 08:44:37,clusterA,20,4,1,3,0.25,0.5,0.5,0.0,0.0,0.0
2026-01-23 08:44:37,clusterB,20,4,2,2,0.50,0.5,0.5,0.0,0.0,0.0
2026-01-23 08:44:42,clusterA,20,4,1,3,0.25,0.5,0.5,0.0,0.0,0.0
2026-01-23 08:44:42,clusterB,20,4,2,2,0.50,0.5,0.5,0.0,0.0,0.0
2026-01-23 08:44:47,clusterA,20,4,1,3,0.25,0.5,0.5,0.0,0.0,0.0
2026-01-23 08:44:47,clusterB,20,4,2,2,0.50,0.5,0.5,0.0,0.0,0.0
2026-01-23 08:44:52,clusterA,20,4,1,3,0.25,0.5,0.5,0.0,0.0,0.0
2026-01-23 08:44:52,clusterB,20,4,2,2,0.50,0.5,0.5,0.0,0.0,0.0
2026-01-23 08:44:57,clusterA,20,4,1,3,0.25,0.5,0.5,0.0,0.0,0.0
2026-01-23 08:44:57,clusterB,20,4,2,2,0.50,0.5,0.5,0.0,0.0,0.0
2026-01-23 08:45:02,clusterA,20,4,1,3,0.25,0.5,0.5,0.0,0.0,0.0
2026-01-23 08:45:02,clusterB,20,4,2,2,0.50,0.5,0.5,0.0,0.0,0.0
2026-01-23 08:45:07,clusterA,20,4,1,3,0.25,0.5,0.5,0.0,0.0,0.0
2026-01-23 08:45:07,clusterB,20,4,2,2,0.50,0.5,0.5,0.0,0.0,0.0
2026-01-23 08:45:12,clusterA,20,4,1,3,0.25,0.5,0.5,0.0,0.0,0.0
2026-01-23 08:45:12,clusterB,20,4,2,2,0.50,0.5,0.5,0.0,0.0,0.0
2026-01-23 08:45:17,clusterA,20,4,1,3,0.25,0.5,0.5,0.0,0.0,0.0
2026-01-23 08:45:17,clusterB,20,4,2,2,0.50,0.5,0.5,0.0,0.0,0.0
2026-01-23 08:45:22,clusterA,20,4,1,3,0.25,0.5,0.5,0.0,0.0,0.0
2026-01-23 08:45:22,clusterB,20,4,2,2,0.50,0.5,0.5,0.0,0.0,0.0
2026-01-23 08:45:27,clusterA,20,4,1,3,0.25,0.5,0.5,0.0,0.0,0.0
2026-01-23 08:45:27,clusterB,20,4,2,2,0.50,0.5,0.5,0.0,0.0,0.0
2026-01-23 08:45:32,clusterA,20,4,1,3,0.25,0.5,0.5,0.0,0.0,0.0
2026-01-23 08:45:32,clusterB,20,4,2,2,0.50,0.5,0.5,0.0,0.0,0.0
2026-01-23 08:45:37,clusterA,20,4,1,3,0.25,0.5,0.5,0.0,0.0,0.0
2026-01-23 08:45:37,clusterB,20,4,2,2,0.50,0.5,0.5,0.0,0.0,0.0
2026-01-23 08:45:42,clusterA,20,4,1,3,0.25,0.5,0.5,0.0,0.0,0.0
2026-01-23 08:45:42,clusterB,20,4,2,2,0.50,0.5,0.5,0.0,0.0,0.0
2026-01-23 08:45:47,clusterA,20,4,1,3,0.25,0.5,0.5,0.0,0.0,0.0
2026-01-23 08:45:47,clusterB,20,4,2,2,0.50,0.5,0.5,0.0,0.0,0.0
2026-01-23 08:45:52,clusterA,20,4,1,3,0.25,0.5,0.5,0.0,0.0,0.0
2026-01-23 08:45:52,clusterB,20,4,2,2,0.50,0.5,0.5,0.0,0.0,0.0
2026-01-23 08:45:57,clusterA,20,4,1,3,0.25,0.5,0.5,0.0,0.0,0.0
2026-01-23 08:45:57,clusterB,20,4,2,2,0.50,0.5,0.5,0.0,0.0,0.0
2026-01-23 08:46:02,clusterA,20,4,1,3,0.25,0.5,0.5,0.0,0.0,0.0
2026-01-23 08:46:02,clusterB,20,4,2,2,0.50,0.5,0.5,0.0,0.0,0.0
2026-01-23 08:46:07,clusterA,20,4,1,3,0.25,0.5,0.5,0.0,0.0,0.0
2026-01-23 08:46:07,clusterB,20,4,2,2,0.50,0.5,0.5,0.0,0.0,0.0
2026-01-23 08:46:12,clusterA,20,4,1,3,0.25,0.5,0.5,0.0,0.0,0.0
2026-01-23 08:46:12,clusterB,20,4,2,2,0.50,0.5,0.5,0.0,0.0,0.0
2026-01-23 08:46:17,clusterA,20,4,1,3,0.25,0.5,0.5,0.0,0.0,0.0
2026-01-23 08:46:17,clusterB,20,4,2,2,0.50,0.5,0.5,0.0,0.0,0.0
2026-01-23 08:46:22,clusterA,20,4,1,3,0.25,0.5,0.5,0.0,0.0,0.0
2026-01-23 08:46:22,clusterB,20,4,2,2,0.50,0.5,0.5,0.0,0.0,0.0
2026-01-23 08:46:27,clusterA,20,4,1,3,0.25,0.5,0.5,0.0,0.0,0.0
2026-01-23 08:46:27,clusterB,20,4,2,2,0.50,0.5,0.5,0.0,0.0,0.0
2026-01-23 08:46:32,clusterA,20,4,1,3,0.25,0.5,0.5,0.0,0.0,0.0
2026-01-23 08:46:32,clusterB,20,4,2,2,0.50,0.5,0.5,0.0,0.0,0.0
2026-01-23 08:46:37,clusterA,20,4,1,3,0.25,0.5,0.5,0.0,0.0,0.0
2026-01-23 08:46:37,clusterB,20,4,2,2,0.50,0.5,0.5,0.0,0.0,0.0
2026-01-23 08:46:42,clusterA,20,4,1,3,0.25,0.5,0.5,0.0,0.0,0.0
2026-01-23 08:46:42,clusterB,20,4,2,2,0.50,0.5,0.5,0.0,0.0,0.0
2026-01-23 08:46:47,clusterA,20,4,1,3,0.25,0.5,0.5,0.0,0.0,0.0
2026-01-23 08:46:47,clusterB,20,4,2,2,0.50,0.5,0.5,0.0,0.0,0.0
2026-01-23 08:46:52,clusterA,20,4,1,3,0.25,0.5,0.5,0.0,0.0,0.0
2026-01-23 08:46:52,clusterB,20,4,2,2,0.50,0.5,0.5,0.0,0.0,0.0
2026-01-23 08:46:57,clusterA,20,4,1,3,0.25,0.5,0.5,0.0,0.0,0.0
2026-01-23 08:46:57,clusterB,20,4,2,2,0.50,0.5,0.5,0.0,0.0,0.0
2026-01-23 08:47:02,clusterA,20,4,1,3,0.25,0.5,0.5,0.0,0.0,0.0
2026-01-23 08:47:02,clusterB,20,4,2,2,0.50,0.5,0.5,0.0,0.0,0.0
2026-01-23 08:47:07,clusterA,20,4,1,3,0.25,0.5,0.5,0.0,0.0,0.0
2026-01-23 08:47:07,clusterB,20,4,2,2,0.50,0.5,0.5,0.0,0.0,0.0
2026-01-23 08:47:12,clusterA,20,4,1,3,0.25,0.5,0.5,0.0,0.0,0.0
2026-01-23 08:47:12,clusterB,20,4,2,2,0.50,0.5,0.5,0.0,0.0,0.0
2026-01-23 08:47:17,clusterA,20,4,1,3,0.25,0.5,0.5,0.0,0.0,0.0
2026-01-23 08:47:17,clusterB,20,4,2,2,0.50,0.5,0.5,0.0,0.0,0.0
2026-01-23 08:47:22,clusterA,20,4,1,3,0.25,0.5,0.5,0.0,0.0,0.0
2026-01-23 08:47:22,clusterB,20,4,2,2,0.50,0.5,0.5,0.0,0.0,0.0
2026-01-23 08:47:27,clusterA,20,4,1,3,0.25,0.5,0.5,0.0,0.0,0.0
2026-01-23 08:47:27,clusterB,20,4,2,2,0.50,0.5,0.5,0.0,0.0,0.0
2026-01-23 08:47:32,clusterA,20,4,1,3,0.25,0.5,0.5,0.0,0.0,0.0
2026-01-23 08:47:32,clusterB,20,4,2,2,0.50,0.5,0.5,0.0,0.0,0.0
2026-01-23 08:47:37,clusterA,20,4,1,3,0.25,0.5,0.5,0.0,0.0,0.0
2026-01-23 08:47:37,clusterB,20,4,2,2,0.50,0.5,0.5,0.0,0.0,0.0
2026-01-23 08:47:42,clusterA,20,4,1,3,0.25,0.5,0.5,0.0,0.0,0.0
2026-01-23 08:47:42,clusterB,20,4,2,2,0.50,0.5,0.5,0.0,0.0,0.0
2026-01-23 08:47:47,clusterA,20,4,1,3,0.25,0.5,0.5,0.0,0.0,0.0
2026-01-23 08:47:47,clusterB,20,4,2,2,0.50,0.5,0.5,0.0,0.0,0.0
2026-01-23 08:47:52,clusterA,20,4,1,3,0.25,0.5,0.5,0.0,0.0,0.0
2026-01-23 08:47:52,clusterB,20,4,2,2,0.50,0.5,0.5,0.0,0.0,0.0
2026-01-23 08:47:57,clusterA,20,4,1,3,0.25,0.5,0.5,0.0,0.0,0.0
2026-01-23 08:47:57,clusterB,20,4,2,2,0.50,0.5,0.5,0.0,0.0,0.0
2026-01-23 08:48:02,clusterA,20,4,1,3,0.25,0.5,0.5,0.0,0.0,0.0
2026-01-23 08:48:02,clusterB,20,4,2,2,0.50,0.5,0.5,0.0,0.0,0.0
2026-01-23 08:48:07,clusterA,20,4,1,3,0.25,0.5,0.5,0.0,0.0,0.0
2026-01-23 08:48:07,clusterB,20,4,2,2,0.50,0.5,0.5,0.0,0.0,0.0
2026-01-23 08:48:12,clusterA,20,4,1,3,0.25,0.5,0.5,0.0,0.0,0.0
2026-01-23 08:48:12,clusterB,20,4,2,2,0.50,0.5,0.5,0.0,0.0,0.0
2026-01-23 08:48:17,clusterA,20,4,1,3,0.25,0.5,0.5,0.0,0.0,0.0
2026-01-23 08:48:17,clusterB,20,4,2,2,0.50,0.5,0.5,0.0,0.0,0.0
2026-01-23 08:48:22,clusterA,20,4,1,3,0.25,0.5,0.5,0.0,0.0,0.0
2026-01-23 08:48:22,clusterB,20,4,2,2,0.50,0.5,0.5,0.0,0.0,0.0
2026-01-23 08:48:27,clusterA,20,4,1,3,0.25,0.5,0.5,0.0,0.0,0.0
2026-01-23 08:48:27,clusterB,20,4,2,2,0.50,0.5,0.5,0.0,0.0,0.0
2026-01-23 08:48:32,clusterA,20,4,1,3,0.25,0.5,0.5,0.0,0.0,0.0
2026-01-23 08:48:32,clusterB,20,4,2,2,0.50,0.5,0.5,0.0,0.0,0.0
2026-01-23 08:48:37,clusterA,20,4,1,3,0.25,0.5,0.5,0.0,0.0,0.0
2026-01-23 08:48:37,clusterB,20,4,2,2,0.50,0.5,0.5,0.0,0.0,0.0
2026-01-23 08:48:42,clusterA,20,4,1,3,0.25,0.5,0.5,0.0,0.0,0.0
2026-01-23 08:48:42,clusterB,20,4,2,2,0.50,0.5,0.5,0.0,0.0,0.0
2026-01-23 08:48:47,clusterA,20,4,1,3,0.25,0.5,0.5,0.0,0.0,0.0
2026-01-23 08:48:47,clusterB,20,4,2,2,0.50,0.5,0.5,0.0,0.0,0.0
2026-01-23 08:48:52,clusterA,20,4,1,3,0.25,0.5,0.5,0.0,0.0,0.0
2026-01-23 08:48:52,clusterB,20,4,2,2,0.50,0.5,0.5,0.0,0.0,0.0
2026-01-23 08:48:57,clusterA,20,4,1,3,0.25,0.5,0.5,0.0,0.0,0.0
2026-01-23 08:48:57,clusterB,20,4,2,2,0.50,0.5,0.5,0.0,0.0,0.0
2026-01-23 08:49:02,clusterA,20,4,1,3,0.25,0.5,0.5,0.0,0.0,0.0
2026-01-23 08:49:02,clusterB,20,4,2,2,0.50,0.5,0.5,0.0,0.0,0.0
2026-01-23 08:49:07,clusterA,20,4,1,3,0.25,0.5,0.5,0.0,0.0,0.0
2026-01-23 08:49:07,clusterB,20,4,2,2,0.50,0.5,0.5,0.0,0.0,0.0
2026-01-23 08:49:12,clusterA,20,4,1,3,0.25,0.5,0.5,0.0,0.0,0.0
2026-01-23 08:49:12,clusterB,20,4,2,2,0.50,0.5,0.5,0.0,0.0,0.0
2026-01-23 08:49:17,clusterA,20,4,1,3,0.25,0.5,0.5,0.0,0.0,0.0
2026-01-23 08:49:17,clusterB,20,4,2,2,0.50,0.5,0.5,0.0,0.0,0.0
2026-01-23 08:49:22,clusterA,20,4,1,3,0.25,0.5,0.5,0.0,0.0,0.0
2026-01-23 08:49:22,clusterB,20,4,2,2,0.50,0.5,0.5,0.0,0.0,0.0
2026-01-23 08:49:27,clusterA,20,4,1,3,0.25,0.5,0.5,0.0,0.0,0.0
2026-01-23 08:49:27,clusterB,20,4,2,2,0.50,0.5,0.5,0.0,0.0,0.0
2026-01-23 08:49:32,clusterA,20,4,1,3,0.25,0.5,0.5,0.0,0.0,0.0
2026-01-23 08:49:32,clusterB,20,4,2,2,0.50,0.5,0.5,0.0,0.0,0.0
2026-01-23 08:49:37,clusterA,20,4,1,3,0.25,0.5,0.5,0.0,0.0,0.0
2026-01-23 08:49:37,clusterB,20,4,2,2,0.50,0.5,0.5,0.0,0.0,0.0
2026-01-23 08:49:42,clusterA,20,4,1,3,0.25,0.5,0.5,0.0,0.0,0.0
2026-01-23 08:49:42,clusterB,20,4,2,2,0.50,0.5,0.5,0.0,0.0,0.0
2026-01-23 08:49:47,clusterA,20,4,1,3,0.25,0.5,0.5,0.0,0.0,0.0
2026-01-23 08:49:47,clusterB,20,4,2,2,0.50,0.5,0.5,0.0,0.0,0.0
2026-01-23 08:49:52,clusterA,20,4,1,3,0.25,0.5,0.5,0.0,0.0,0.0
2026-01-23 08:49:52,clusterB,20,4,2,2,0.50,0.5,0.5,0.0,0.0,0.0
2026-01-23 08:49:57,clusterA,20,4,1,3,0.25,0.5,0.5,0.0,0.0,0.0
2026-01-23 08:49:57,clusterB,20,4,2,2,0.50,0.5,0.5,0.0,0.0,0.0
2026-01-23 08:50:02,clusterA,20,4,1,3,0.25,0.5,0.5,0.0,0.0,0.0
2026-01-23 08:50:02,clusterB,20,4,2,2,0.50,0.5,0.5,0.0,0.0,0.0
2026-01-23 08:50:07,clusterA,20,4,1,3,0.25,0.5,0.5,0.0,0.0,0.0
2026-01-23 08:50:07,clusterB,20,4,2,2,0.50,0.5,0.5,0.0,0.0,0.0
2026-01-23 08:50:12,clusterA,20,4,1,3,0.25,0.5,0.5,0.0,0.0,0.0
2026-01-23 08:50:12,clusterB,20,4,2,2,0.50,0.5,0.5,0.0,0.0,0.0
2026-01-23 08:50:17,clusterA,20,4,1,3,0.25,0.5,0.5,0.0,0.0,0.0
2026-01-23 08:50:17,clusterB,20,4,2,2,0.50,0.5,0.5,0.0,0.0,0.0
2026-01-23 08:50:22,clusterA,20,4,1,3,0.25,0.5,0.5,0.0,0.0,0.0
2026-01-23 08:50:22,clusterB,20,4,2,2,0.50,0.5,0.5,0.0,0.0,0.0
2026-01-23 08:50:27,clusterA,20,4,1,3,0.25,0.5,0.5,0.0,0.0,0.0
2026-01-23 08:50:27,clusterB,20,4,2,2,0.50,0.5,0.5,0.0,0.0,0.0
2026-01-23 08:50:32,clusterA,20,4,1,3,0.25,0.5,0.5,0.0,0.0,0.0
2026-01-23 08:50:32,clusterB,20,4,2,2,0.50,0.5,0.5,0.0,0.0,0.0
2026-01-23 08:50:37,clusterA,20,4,1,3,0.25,0.5,0.5,0.0,0.0,0.0
2026-01-23 08:50:37,clusterB,20,4,2,2,0.50,0.5,0.5,0.0,0.0,0.0
2026-01-23 08:50:42,clusterA,20,4,1,3,0.25,0.5,0.5,0.0,0.0,0.0
2026-01-23 08:50:42,clusterB,20,4,2,2,0.50,0.5,0.5,0.0,0.0,0.0
2026-01-23 08:50:47,clusterA,20,4,1,3,0.25,0.5,0.5,0.0,0.0,0.0
2026-01-23 08:50:47,clusterB,20,4,2,2,0.50,0.5,0.5,0.0,0.0,0.0
2026-01-23 08:50:52,clusterA,20,4,1,3,0.25,0.5,0.5,0.0,0.0,0.0
2026-01-23 08:50:52,clusterB,20,4,2,2,0.50,0.5,0.5,0.0,0.0,0.0
2026-01-23 08:50:57,clusterA,20,4,1,3,0.25,0.5,0.5,0.0,0.0,0.0
2026-01-23 08:50:57,clusterB,20,4,2,2,0.50,0.5,0.5,0.0,0.0,0.0
2026-01-23 08:51:02,clusterA,20,4,1,3,0.25,0.5,0.5,0.0,0.0,0.0
2026-01-23 08:51:02,clusterB,20,4,2,2,0.50,0.5,0.5,0.0,0.0,0.0
2026-01-23 08:51:07,clusterA,20,4,1,3,0.25,0.5,0.5,0.0,0.0,0.0
2026-01-23 08:51:07,clusterB,20,4,2,2,0.50,0.5,0.5,0.0,0.0,0.0
2026-01-23 08:51:12,clusterA,20,4,1,3,0.25,0.5,0.5,0.0,0.0,0.0
2026-01-23 08:51:12,clusterB,20,4,2,2,0.50,0.5,0.5,0.0,0.0,0.0
2026-01-23 08:51:17,clusterA,20,4,1,3,0.25,0.5,0.5,0.0,0.0,0.0
2026-01-23 08:51:17,clusterB,20,4,2,2,0.50,0.5,0.5,0.0,0.0,0.0
2026-01-23 08:51:22,clusterA,20,4,1,3,0.25,0.5,0.5,0.0,0.0,0.0
2026-01-23 08:51:22,clusterB,20,4,2,2,0.50,0.5,0.5,0.0,0.0,0.0
2026-01-23 08:51:27,clusterA,20,4,1,3,0.25,0.5,0.5,0.0,0.0,0.0
2026-01-23 08:51:27,clusterB,20,4,2,2,0.50,0.5,0.5,0.0,0.0,0.0
2026-01-23 08:51:32,clusterA,20,4,1,3,0.25,0.5,0.5,0.0,0.0,0.0
2026-01-23 08:51:32,clusterB,20,4,2,2,0.50,0.5,0.5,0.0,0.0,0.0
2026-01-23 08:51:37,clusterA,20,4,1,3,0.25,0.5,0.5,0.0,0.0,0.0
2026-01-23 08:51:37,clusterB,20,4,2,2,0.50,0.5,0.5,0.0,0.0,0.0
2026-01-23 08:51:42,clusterA,20,4,1,3,0.25,0.5,0.5,0.0,0.0,0.0
2026-01-23 08:51:42,clusterB,20,4,2,2,0.50,0.5,0.5,0.0,0.0,0.0
2026-01-23 08:51:47,clusterA,20,4,1,3,0.25,0.5,0.5,0.0,0.0,0.0
2026-01-23 08:51:47,clusterB,20,4,2,2,0.50,0.5,0.5,0.0,0.0,0.0
2026-01-23 08:51:52,clusterA,20,4,1,3,0.25,0.5,0.5,0.0,0.0,0.0
2026-01-23 08:51:52,clusterB,20,4,2,2,0.50,0.5,0.5,0.0,0.0,0.0
2026-01-23 08:51:57,clusterA,20,4,1,3,0.25,0.5,0.5,0.0,0.0,0.0
2026-01-23 08:51:57,clusterB,20,4,2,2,0.50,0.5,0.5,0.0,0.0,0.0
2026-01-23 08:52:02,clusterA,20,4,1,3,0.25,0.5,0.5,0.0,0.0,0.0
2026-01-23 08:52:02,clusterB,20,4,2,2,0.50,0.5,0.5,0.0,0.0,0.0
2026-01-23 08:52:08,clusterA,20,4,1,3,0.25,0.5,0.5,0.0,0.0,0.0
2026-01-23 08:52:08,clusterB,20,4,2,2,0.50,0.5,0.5,0.0,0.0,0.0
2026-01-23 08:52:13,clusterA,20,4,1,3,0.25,0.5,0.5,0.0,0.0,0.0
2026-01-23 08:52:13,clusterB,20,4,2,2,0.50,0.5,0.5,0.0,0.0,0.0
2026-01-23 08:52:18,clusterA,20,4,1,3,0.25,0.5,0.5,0.0,0.0,0.0
2026-01-23 08:52:18,clusterB,20,4,2,2,0.50,0.5,0.5,0.0,0.0,0.0
2026-01-23 08:52:23,clusterA,20,4,1,3,0.25,0.5,0.5,0.0,0.0,0.0
2026-01-23 08:52:23,clusterB,20,4,2,2,0.50,0.5,0.5,0.0,0.0,0.0
2026-01-23 08:52:28,clusterA,20,4,1,3,0.25,0.5,0.5,0.0,0.0,0.0
2026-01-23 08:52:28,clusterB,20,4,2,2,0.50,0.5,0.5,0.0,0.0,0.0
2026-01-23 08:52:33,clusterA,20,4,1,3,0.25,0.5,0.5,0.0,0.0,0.0
2026-01-23 08:52:33,clusterB,20,4,2,2,0.50,0.5,0.5,0.0,0.0,0.0
2026-01-23 08:52:38,clusterA,20,4,1,3,0.25,0.5,0.5,0.0,0.0,0.0
2026-01-23 08:52:38,clusterB,20,4,2,2,0.50,0.5,0.5,0.0,0.0,0.0
2026-01-23 08:52:43,clusterA,20,4,1,3,0.25,0.5,0.5,0.0,0.0,0.0
2026-01-23 08:52:43,clusterB,20,4,2,2,0.50,0.5,0.5,0.0,0.0,0.0
2026-01-23 08:52:48,clusterA,20,4,1,3,0.25,0.5,0.5,0.0,0.0,0.0
2026-01-23 08:52:48,clusterB,20,4,2,2,0.50,0.5,0.5,0.0,0.0,0.0
2026-01-23 08:52:53,clusterA,20,4,1,3,0.25,0.5,0.5,0.0,0.0,0.0
2026-01-23 08:52:53,clusterB,20,4,2,2,0.50,0.5,0.5,0.0,0.0,0.0
2026-01-23 08:52:58,clusterA,20,4,1,3,0.25,0.5,0.5,0.0,0.0,0.0
2026-01-23 08:52:58,clusterB,20,4,2,2,0.50,0.5,0.5,0.0,0.0,0.0
2026-01-23 08:53:03,clusterA,20,4,1,3,0.25,0.5,0.5,0.0,0.0,0.0
2026-01-23 08:53:03,clusterB,20,4,2,2,0.50,0.5,0.5,0.0,0.0,0.0
2026-01-23 08:53:08,clusterA,20,4,1,3,0.25,0.5,0.5,0.0,0.0,0.0
2026-01-23 08:53:08,clusterB,20,4,2,2,0.50,0.5,0.5,0.0,0.0,0.0
2026-01-23 08:53:13,clusterA,20,4,1,3,0.25,0.5,0.5,0.0,0.0,0.0
2026-01-23 08:53:13,clusterB,20,4,2,2,0.50,0.5,0.5,0.0,0.0,0.0
2026-01-23 08:53:18,clusterA,20,4,1,3,0.25,0.5,0.5,0.0,0.0,0.0
2026-01-23 08:53:18,clusterB,20,4,2,2,0.50,0.5,0.5,0.0,0.0,0.0
2026-01-23 08:53:23,clusterA,20,4,1,3,0.25,0.5,0.5,0.0,0.0,0.0
2026-01-23 08:53:23,clusterB,20,4,2,2,0.50,0.5,0.5,0.0,0.0,0.0
2026-01-23 08:53:28,clusterA,20,4,1,3,0.25,0.5,0.5,0.0,0.0,0.0
2026-01-23 08:53:28,clusterB,20,4,2,2,0.50,0.5,0.5,0.0,0.0,0.0
2026-01-23 08:53:33,clusterA,20,4,1,3,0.25,0.5,0.5,0.0,0.0,0.0
2026-01-23 08:53:33,clusterB,20,4,2,2,0.50,0.5,0.5,0.0,0.0,0.0
2026-01-23 08:53:38,clusterA,20,4,1,3,0.25,0.5,0.5,0.0,0.0,0.0
2026-01-23 08:53:38,clusterB,20,4,2,2,0.50,0.5,0.5,0.0,0.0,0.0
2026-01-23 08:53:43,clusterA,20,4,1,3,0.25,0.5,0.5,0.0,0.0,0.0
2026-01-23 08:53:43,clusterB,20,4,2,2,0.50,0.5,0.5,0.0,0.0,0.0
2026-01-23 08:53:48,clusterA,20,4,1,3,0.25,0.5,0.5,0.0,0.0,0.0
2026-01-23 08:53:48,clusterB,20,4,2,2,0.50,0.5,0.5,0.0,0.0,0.0
2026-01-23 08:53:53,clusterA,20,4,1,3,0.25,0.5,0.5,0.0,0.0,0.0
2026-01-23 08:53:53,clusterB,20,4,2,2,0.50,0.5,0.5,0.0,0.0,0.0
2026-01-23 08:53:58,clusterA,20,4,1,3,0.25,0.5,0.5,0.0,0.0,0.0
2026-01-23 08:53:58,clusterB,20,4,2,2,0.50,0.5,0.5,0.0,0.0,0.0
2026-01-23 08:54:03,clusterA,20,4,1,3,0.25,0.5,0.5,0.0,0.0,0.0
2026-01-23 08:54:03,clusterB,20,4,2,2,0.50,0.5,0.5,0.0,0.0,0.0
2026-01-23 08:54:08,clusterA,20,4,1,3,0.25,0.5,0.5,0.0,0.0,0.0
2026-01-23 08:54:08,clusterB,20,4,2,2,0.50,0.5,0.5,0.0,0.0,0.0
2026-01-23 08:54:13,clusterA,20,4,1,3,0.25,0.5,0.5,0.0,0.0,0.0
2026-01-23 08:54:13,clusterB,20,4,2,2,0.50,0.5,0.5,0.0,0.0,0.0
2026-01-23 08:54:18,clusterA,20,4,1,3,0.25,0.5,0.5,0.0,0.0,0.0
2026-01-23 08:54:18,clusterB,20,4,2,2,0.50,0.5,0.5,0.0,0.0,0.0
2026-01-23 08:54:23,clusterA,20,4,1,3,0.25,0.5,0.5,0.0,0.0,0.0
2026-01-23 08:54:23,clusterB,20,4,2,2,0.50,0.5,0.5,0.0,0.0,0.0
2026-01-23 08:54:28,clusterA,20,4,1,3,0.25,0.5,0.5,0.0,0.0,0.0
2026-01-23 08:54:28,clusterB,20,4,2,2,0.50,0.5,0.5,0.0,0.0,0.0
2026-01-23 08:54:33,clusterA,20,4,1,3,0.25,0.5,0.5,0.0,0.0,0.0
2026-01-23 08:54:33,clusterB,20,4,2,2,0.50,0.5,0.5,0.0,0.0,0.0
2026-01-23 08:54:38,clusterA,20,4,1,3,0.25,0.5,0.5,0.0,0.0,0.0
2026-01-23 08:54:38,clusterB,20,4,2,2,0.50,0.5,0.5,0.0,0.0,0.0
2026-01-23 08:54:43,clusterA,20,4,1,3,0.25,0.5,0.5,0.0,0.0,0.0
2026-01-23 08:54:43,clusterB,20,4,2,2,0.50,0.5,0.5,0.0,0.0,0.0
2026-01-23 08:54:48,clusterA,20,4,1,3,0.25,0.5,0.5,0.0,0.0,0.0
2026-01-23 08:54:48,clusterB,20,4,2,2,0.50,0.5,0.5,0.0,0.0,0.0
2026-01-23 08:54:53,clusterA,20,4,1,3,0.25,0.5,0.5,0.0,0.0,0.0
2026-01-23 08:54:53,clusterB,20,4,2,2,0.50,0.5,0.5,0.0,0.0,0.0
2026-01-23 08:54:58,clusterA,20,4,1,3,0.25,0.5,0.5,0.0,0.0,0.0
2026-01-23 08:54:58,clusterB,20,4,2,2,0.50,0.5,0.5,0.0,0.0,0.0
2026-01-23 08:55:03,clusterA,20,4,1,3,0.25,0.5,0.5,0.0,0.0,0.0
2026-01-23 08:55:03,clusterB,20,4,2,2,0.50,0.5,0.5,0.0,0.0,0.0
2026-01-23 08:55:08,clusterA,20,4,1,3,0.25,0.5,0.5,0.0,0.0,0.0
2026-01-23 08:55:08,clusterB,20,4,2,2,0.50,0.5,0.5,0.0,0.0,0.0
2026-01-23 08:55:13,clusterA,20,4,1,3,0.25,0.5,0.5,0.0,0.0,0.0
2026-01-23 08:55:13,clusterB,20,4,2,2,0.50,0.5,0.5,0.0,0.0,0.0
2026-01-23 08:55:18,clusterA,20,4,1,3,0.25,0.5,0.5,0.0,0.0,0.0
2026-01-23 08:55:18,clusterB,20,4,2,2,0.50,0.5,0.5,0.0,0.0,0.0
2026-01-23 08:55:23,clusterA,20,4,1,3,0.25,0.5,0.5,0.0,0.0,0.0
2026-01-23 08:55:23,clusterB,20,4,2,2,0.50,0.5,0.5,0.0,0.0,0.0
2026-01-23 08:55:28,clusterA,20,4,1,3,0.25,0.5,0.5,0.0,0.0,0.0
2026-01-23 08:55:28,clusterB,20,4,2,2,0.50,0.5,0.5,0.0,0.0,0.0
2026-01-23 08:55:33,clusterA,20,4,1,3,0.25,0.5,0.5,0.0,0.0,0.0
2026-01-23 08:55:33,clusterB,20,4,2,2,0.50,0.5,0.5,0.0,0.0,0.0
2026-01-23 08:55:38,clusterA,20,4,1,3,0.25,0.5,0.5,0.0,0.0,0.0
2026-01-23 08:55:38,clusterB,20,4,2,2,0.50,0.5,0.5,0.0,0.0,0.0
2026-01-23 08:55:43,clusterA,20,4,1,3,0.25,0.5,0.5,0.0,0.0,0.0
2026-01-23 08:55:43,clusterB,20,4,2,2,0.50,0.5,0.5,0.0,0.0,0.0
2026-01-23 08:55:48,clusterA,20,4,1,3,0.25,0.5,0.5,0.0,0.0,0.0
2026-01-23 08:55:48,clusterB,20,4,2,2,0.50,0.5,0.5,0.0,0.0,0.0
2026-01-23 08:55:53,clusterA,20,4,1,3,0.25,0.5,0.5,0.0,0.0,0.0
2026-01-23 08:55:53,clusterB,20,4,2,2,0.50,0.5,0.5,0.0,0.0,0.0
2026-01-23 08:55:58,clusterA,20,4,1,3,0.25,0.5,0.5,0.0,0.0,0.0
2026-01-23 08:55:58,clusterB,20,4,2,2,0.50,0.5,0.5,0.0,0.0,0.0
2026-01-23 08:56:03,clusterA,20,4,1,3,0.25,0.5,0.5,0.0,0.0,0.0
2026-01-23 08:56:03,clusterB,20,4,2,2,0.50,0.5,0.5,0.0,0.0,0.0
2026-01-23 08:56:08,clusterA,20,4,1,3,0.25,0.5,0.5,0.0,0.0,0.0
2026-01-23 08:56:08,clusterB,20,4,2,2,0.50,0.5,0.5,0.0,0.0,0.0
2026-01-23 08:56:13,clusterA,20,4,1,3,0.25,0.5,0.5,0.0,0.0,0.0
2026-01-23 08:56:13,clusterB,20,4,2,2,0.50,0.5,0.5,0.0,0.0,0.0
2026-01-23 08:56:18,clusterA,20,4,1,3,0.25,0.5,0.5,0.0,0.0,0.0
2026-01-23 08:56:18,clusterB,20,4,2,2,0.50,0.5,0.5,0.0,0.0,0.0
2026-01-23 08:56:23,clusterA,20,4,1,3,0.25,0.5,0.5,0.0,0.0,0.0
2026-01-23 08:56:23,clusterB,20,4,2,2,0.50,0.5,0.5,0.0,0.0,0.0
2026-01-23 08:56:28,clusterA,20,4,1,3,0.25,0.5,0.5,0.0,0.0,0.0
2026-01-23 08:56:28,clusterB,20,4,2,2,0.50,0.5,0.5,0.0,0.0,0.0
2026-01-23 08:56:33,clusterA,20,4,1,3,0.25,0.5,0.5,0.0,0.0,0.0
2026-01-23 08:56:33,clusterB,20,4,2,2,0.50,0.5,0.5,0.0,0.0,0.0
2026-01-23 08:56:38,clusterA,20,4,1,3,0.25,0.5,0.5,0.0,0.0,0.0
2026-01-23 08:56:38,clusterB,20,4,2,2,0.50,0.5,0.5,0.0,0.0,0.0
2026-01-23 08:56:43,clusterA,20,4,1,3,0.25,0.5,0.5,0.0,0.0,0.0
2026-01-23 08:56:43,clusterB,20,4,2,2,0.50,0.5,0.5,0.0,0.0,0.0
2026-01-23 08:56:48,clusterA,20,4,1,3,0.25,0.5,0.5,0.0,0.0,0.0
2026-01-23 08:56:48,clusterB,20,4,2,2,0.50,0.5,0.5,0.0,0.0,0.0
2026-01-23 08:56:53,clusterA,20,4,1,3,0.25,0.5,0.5,0.0,0.0,0.0
2026-01-23 08:56:53,clusterB,20,4,2,2,0.50,0.5,0.5,0.0,0.0,0.0
2026-01-23 08:56:58,clusterA,20,4,1,3,0.25,0.5,0.5,0.0,0.0,0.0
2026-01-23 08:56:58,clusterB,20,4,2,2,0.50,0.5,0.5,0.0,0.0,0.0
2026-01-23 08:57:03,clusterA,20,4,1,3,0.25,0.5,0.5,0.0,0.0,0.0
2026-01-23 08:57:03,clusterB,20,4,2,2,0.50,0.5,0.5,0.0,0.0,0.0
2026-01-23 08:57:08,clusterA,20,4,1,3,0.25,0.5,0.5,0.0,0.0,0.0
2026-01-23 08:57:08,clusterB,20,4,2,2,0.50,0.5,0.5,0.0,0.0,0.0
2026-01-23 08:57:13,clusterA,20,4,1,3,0.25,0.5,0.5,0.0,0.0,0.0
2026-01-23 08:57:13,clusterB,20,4,2,2,0.50,0.5,0.5,0.0,0.0,0.0
2026-01-23 08:57:18,clusterA,20,4,1,3,0.25,0.5,0.5,0.0,0.0,0.0
2026-01-23 08:57:18,clusterB,20,4,2,2,0.50,0.5,0.5,0.0,0.0,0.0
2026-01-23 08:57:23,clusterA,20,4,1,3,0.25,0.5,0.5,0.0,0.0,0.0
2026-01-23 08:57:23,clusterB,20,4,2,2,0.50,0.5,0.5,0.0,0.0,0.0
2026-01-23 08:57:28,clusterA,20,4,1,3,0.25,0.5,0.5,0.0,0.0,0.0
2026-01-23 08:57:28,clusterB,20,4,2,2,0.50,0.5,0.5,0.0,0.0,0.0
2026-01-23 08:57:33,clusterA,20,4,1,3,0.25,0.5,0.5,0.0,0.0,0.0
2026-01-23 08:57:33,clusterB,20,4,2,2,0.50,0.5,0.5,0.0,0.0,0.0
2026-01-23 08:57:38,clusterA,20,4,1,3,0.25,0.5,0.5,0.0,0.0,0.0
2026-01-23 08:57:38,clusterB,20,4,2,2,0.50,0.5,0.5,0.0,0.0,0.0
2026-01-23 08:57:43,clusterA,20,4,1,3,0.25,0.5,0.5,0.0,0.0,0.0
2026-01-23 08:57:43,clusterB,20,4,2,2,0.50,0.5,0.5,0.0,0.0,0.0
2026-01-23 08:57:48,clusterA,20,4,1,3,0.25,0.5,0.5,0.0,0.0,0.0
2026-01-23 08:57:48,clusterB,20,4,2,2,0.50,0.5,0.5,0.0,0.0,0.0
2026-01-23 08:57:53,clusterA,20,4,1,3,0.25,0.5,0.5,0.0,0.0,0.0
2026-01-23 08:57:53,clusterB,20,4,2,2,0.50,0.5,0.5,0.0,0.0,0.0
2026-01-23 08:57:58,clusterA,20,4,1,3,0.25,0.5,0.5,0.0,0.0,0.0
2026-01-23 08:57:58,clusterB,20,4,2,2,0.50,0.5,0.5,0.0,0.0,0.0
2026-01-23 08:58:03,clusterA,20,4,1,3,0.25,0.5,0.5,0.0,0.0,0.0
2026-01-23 08:58:03,clusterB,20,4,2,2,0.50,0.5,0.5,0.0,0.0,0.0
2026-01-23 08:58:08,clusterA,20,4,1,3,0.25,0.5,0.5,0.0,0.0,0.0
2026-01-23 08:58:08,clusterB,20,4,2,2,0.50,0.5,0.5,0.0,0.0,0.0
2026-01-23 08:58:13,clusterA,20,4,1,3,0.25,0.5,0.5,0.0,0.0,0.0
2026-01-23 08:58:13,clusterB,20,4,2,2,0.50,0.5,0.5,0.0,0.0,0.0
2026-01-23 08:58:18,clusterA,20,4,1,3,0.25,0.5,0.5,0.0,0.0,0.0
2026-01-23 08:58:18,clusterB,20,4,2,2,0.50,0.5,0.5,0.0,0.0,0.0
2026-01-23 08:58:23,clusterA,20,4,1,3,0.25,0.5,0.5,0.0,0.0,0.0
2026-01-23 08:58:23,clusterB,20,4,2,2,0.50,0.5,0.5,0.0,0.0,0.0
2026-01-23 08:58:28,clusterA,20,4,1,3,0.25,0.5,0.5,0.0,0.0,0.0
2026-01-23 08:58:28,clusterB,20,4,2,2,0.50,0.5,0.5,0.0,0.0,0.0
2026-01-23 08:58:33,clusterA,20,4,1,3,0.25,0.5,0.5,0.0,0.0,0.0
2026-01-23 08:58:33,clusterB,20,4,2,2,0.50,0.5,0.5,0.0,0.0,0.0
2026-01-23 08:58:38,clusterA,20,4,1,3,0.25,0.5,0.5,0.0,0.0,0.0
2026-01-23 08:58:38,clusterB,20,4,2,2,0.50,0.5,0.5,0.0,0.0,0.0
2026-01-23 08:58:43,clusterA,20,4,1,3,0.25,0.5,0.5,0.0,0.0,0.0
2026-01-23 08:58:43,clusterB,20,4,2,2,0.50,0.5,0.5,0.0,0.0,0.0
2026-01-23 08:58:48,clusterA,20,4,1,3,0.25,0.5,0.5,0.0,0.0,0.0
2026-01-23 08:58:48,clusterB,20,4,2,2,0.50,0.5,0.5,0.0,0.0,0.0
2026-01-23 08:58:53,clusterA,20,4,1,3,0.25,0.5,0.5,0.0,0.0,0.0
2026-01-23 08:58:53,clusterB,20,4,2,2,0.50,0.5,0.5,0.0,0.0,0.0
2026-01-23 08:58:58,clusterA,20,4,1,3,0.25,0.5,0.5,0.0,0.0,0.0
2026-01-23 08:58:58,clusterB,20,4,2,2,0.50,0.5,0.5,0.0,0.0,0.0
2026-01-23 08:59:03,clusterA,20,4,1,3,0.25,0.5,0.5,0.0,0.0,0.0
2026-01-23 08:59:03,clusterB,20,4,2,2,0.50,0.5,0.5,0.0,0.0,0.0
2026-01-23 08:59:08,clusterA,20,4,1,3,0.25,0.5,0.5,0.0,0.0,0.0
2026-01-23 08:59:08,clusterB,20,4,2,2,0.50,0.5,0.5,0.0,0.0,0.0
2026-01-23 08:59:13,clusterA,20,4,1,3,0.25,0.5,0.5,0.0,0.0,0.0
2026-01-23 08:59:13,clusterB,20,4,2,2,0.50,0.5,0.5,0.0,0.0,0.0
2026-01-23 08:59:18,clusterA,20,4,1,3,0.25,0.5,0.5,0.0,0.0,0.0
2026-01-23 08:59:18,clusterB,20,4,2,2,0.50,0.5,0.5,0.0,0.0,0.0
2026-01-23 08:59:23,clusterA,20,4,1,3,0.25,0.5,0.5,0.0,0.0,0.0
2026-01-23 08:59:23,clusterB,20,4,2,2,0.50,0.5,0.5,0.0,0.0,0.0
2026-01-23 08:59:28,clusterA,20,4,1,3,0.25,0.5,0.5,0.0,0.0,0.0
2026-01-23 08:59:28,clusterB,20,4,2,2,0.50,0.5,0.5,0.0,0.0,0.0
2026-01-23 08:59:33,clusterA,20,4,1,3,0.25,0.5,0.5,0.0,0.0,0.0
2026-01-23 08:59:33,clusterB,20,4,2,2,0.50,0.5,0.5,0.0,0.0,0.0
2026-01-23 08:59:38,clusterA,20,4,1,3,0.25,0.5,0.5,0.0,0.0,0.0
2026-01-23 08:59:38,clusterB,20,4,2,2,0.50,0.5,0.5,0.0,0.0,0.0
2026-01-23 08:59:43,clusterA,20,4,1,3,0.25,0.5,0.5,0.0,0.0,0.0
2026-01-23 08:59:43,clusterB,20,4,2,2,0.50,0.5,0.5,0.0,0.0,0.0
2026-01-23 08:59:48,clusterA,20,4,1,3,0.25,0.5,0.5,0.0,0.0,0.0
2026-01-23 08:59:48,clusterB,20,4,2,2,0.50,0.5,0.5,0.0,0.0,0.0
2026-01-23 08:59:53,clusterA,20,4,1,3,0.25,0.5,0.5,0.0,0.0,0.0
2026-01-23 08:59:53,clusterB,20,4,2,2,0.50,0.5,0.5,0.0,0.0,0.0
2026-01-23 08:59:58,clusterA,20,4,1,3,0.25,0.5,0.5,0.0,0.0,0.0
2026-01-23 08:59:58,clusterB,20,4,2,2,0.50,0.5,0.5,0.0,0.0,0.0
2026-01-23 09:00:04,clusterA,20,4,1,3,0.25,0.5,0.5,0.0,0.0,0.0
2026-01-23 09:00:04,clusterB,20,4,2,2,0.50,0.5,0.5,0.0,0.0,0.0
2026-01-23 09:00:09,clusterA,20,4,1,3,0.25,0.5,0.5,0.0,0.0,0.0
2026-01-23 09:00:09,clusterB,20,4,2,2,0.50,0.5,0.5,0.0,0.0,0.0
2026-01-23 09:00:14,clusterA,20,4,1,3,0.25,0.5,0.5,0.0,0.0,0.0
2026-01-23 09:00:14,clusterB,20,4,2,2,0.50,0.5,0.5,0.0,0.0,0.0
2026-01-23 09:00:19,clusterA,20,4,1,3,0.25,0.5,0.5,0.0,0.0,0.0
2026-01-23 09:00:19,clusterB,20,4,2,2,0.50,0.5,0.5,0.0,0.0,0.0
2026-01-23 09:00:24,clusterA,20,4,1,3,0.25,0.5,0.5,0.0,0.0,0.0
2026-01-23 09:00:24,clusterB,20,4,2,2,0.50,0.5,0.5,0.0,0.0,0.0
2026-01-23 09:00:29,clusterA,20,4,1,3,0.25,0.5,0.5,0.0,0.0,0.0
2026-01-23 09:00:29,clusterB,20,4,2,2,0.50,0.5,0.5,0.0,0.0,0.0
2026-01-23 09:00:34,clusterA,20,4,1,3,0.25,0.5,0.5,0.0,0.0,0.0
2026-01-23 09:00:34,clusterB,20,4,2,2,0.50,0.5,0.5,0.0,0.0,0.0
2026-01-23 09:00:39,clusterA,20,4,1,3,0.25,0.5,0.5,0.0,0.0,0.0
2026-01-23 09:00:39,clusterB,20,4,2,2,0.50,0.5,0.5,0.0,0.0,0.0
2026-01-23 09:00:44,clusterA,20,4,1,3,0.25,0.5,0.5,0.0,0.0,0.0
2026-01-23 09:00:44,clusterB,20,4,2,2,0.50,0.5,0.5,0.0,0.0,0.0
2026-01-23 09:00:49,clusterA,20,4,1,3,0.25,0.5,0.5,0.0,0.0,0.0
2026-01-23 09:00:49,clusterB,20,4,2,2,0.50,0.5,0.5,0.0,0.0,0.0
2026-01-23 09:00:54,clusterA,20,4,1,3,0.25,0.5,0.5,0.0,0.0,0.0
2026-01-23 09:00:54,clusterB,20,4,2,2,0.50,0.5,0.5,0.0,0.0,0.0
2026-01-23 09:00:59,clusterA,20,4,1,3,0.25,0.5,0.5,0.0,0.0,0.0
2026-01-23 09:00:59,clusterB,20,4,2,2,0.50,0.5,0.5,0.0,0.0,0.0
2026-01-23 09:01:04,clusterA,20,4,1,3,0.25,0.5,0.5,0.0,0.0,0.0
2026-01-23 09:01:04,clusterB,20,4,2,2,0.50,0.5,0.5,0.0,0.0,0.0
2026-01-23 09:01:09,clusterA,20,4,1,3,0.25,0.5,0.5,0.0,0.0,0.0
2026-01-23 09:01:09,clusterB,20,4,2,2,0.50,0.5,0.5,0.0,0.0,0.0
2026-01-23 09:01:14,clusterA,20,4,1,3,0.25,0.5,0.5,0.0,0.0,0.0
2026-01-23 09:01:14,clusterB,20,4,2,2,0.50,0.5,0.5,0.0,0.0,0.0
2026-01-23 09:01:19,clusterA,20,4,1,3,0.25,0.5,0.5,0.0,0.0,0.0
2026-01-23 09:01:19,clusterB,20,4,2,2,0.50,0.5,0.5,0.0,0.0,0.0
2026-01-23 09:01:24,clusterA,20,4,1,3,0.25,0.5,0.5,0.0,0.0,0.0
2026-01-23 09:01:24,clusterB,20,4,2,2,0.50,0.5,0.5,0.0,0.0,0.0
2026-01-23 09:01:29,clusterA,20,4,1,3,0.25,0.5,0.5,0.0,0.0,0.0
2026-01-23 09:01:29,clusterB,20,4,2,2,0.50,0.5,0.5,0.0,0.0,0.0
2026-01-23 09:01:34,clusterA,20,4,1,3,0.25,0.5,0.5,0.0,0.0,0.0
2026-01-23 09:01:34,clusterB,20,4,2,2,0.50,0.5,0.5,0.0,0.0,0.0
2026-01-23 09:01:39,clusterA,20,4,1,3,0.25,0.5,0.5,0.0,0.0,0.0
2026-01-23 09:01:39,clusterB,20,4,2,2,0.50,0.5,0.5,0.0,0.0,0.0
2026-01-23 09:01:44,clusterA,20,4,1,3,0.25,0.5,0.5,0.0,0.0,0.0
2026-01-23 09:01:44,clusterB,20,4,2,2,0.50,0.5,0.5,0.0,0.0,0.0
2026-01-23 09:01:49,clusterA,20,4,1,3,0.25,0.5,0.5,0.0,0.0,0.0
2026-01-23 09:01:49,clusterB,20,4,2,2,0.50,0.5,0.5,0.0,0.0,0.0
2026-01-23 09:01:54,clusterA,20,4,1,3,0.25,0.5,0.5,0.0,0.0,0.0
2026-01-23 09:01:54,clusterB,20,4,2,2,0.50,0.5,0.5,0.0,0.0,0.0
2026-01-23 09:01:59,clusterA,20,4,1,3,0.25,0.5,0.5,0.0,0.0,0.0
2026-01-23 09:01:59,clusterB,20,4,2,2,0.50,0.5,0.5,0.0,0.0,0.0
2026-01-23 09:02:04,clusterA,20,4,1,3,0.25,0.5,0.5,0.0,0.0,0.0
2026-01-23 09:02:04,clusterB,20,4,2,2,0.50,0.5,0.5,0.0,0.0,0.0
2026-01-23 09:02:09,clusterA,20,4,1,3,0.25,0.5,0.5,0.0,0.0,0.0
2026-01-23 09:02:09,clusterB,20,4,2,2,0.50,0.5,0.5,0.0,0.0,0.0
2026-01-23 09:02:14,clusterA,20,4,1,3,0.25,0.5,0.5,0.0,0.0,0.0
2026-01-23 09:02:14,clusterB,20,4,2,2,0.50,0.5,0.5,0.0,0.0,0.0
2026-01-23 09:02:19,clusterA,20,4,1,3,0.25,0.5,0.5,0.0,0.0,0.0
2026-01-23 09:02:19,clusterB,20,4,2,2,0.50,0.5,0.5,0.0,0.0,0.0
2026-01-23 09:02:24,clusterA,20,4,1,3,0.25,0.5,0.5,0.0,0.0,0.0
2026-01-23 09:02:24,clusterB,20,4,2,2,0.50,0.5,0.5,0.0,0.0,0.0
2026-01-23 09:02:29,clusterA,20,4,1,3,0.25,0.5,0.5,0.0,0.0,0.0
2026-01-23 09:02:29,clusterB,20,4,2,2,0.50,0.5,0.5,0.0,0.0,0.0
2026-01-23 09:02:34,clusterA,20,4,1,3,0.25,0.5,0.5,0.0,0.0,0.0
2026-01-23 09:02:34,clusterB,20,4,2,2,0.50,0.5,0.5,0.0,0.0,0.0
2026-01-23 09:02:39,clusterA,20,4,1,3,0.25,0.5,0.5,0.0,0.0,0.0
2026-01-23 09:02:39,clusterB,20,4,2,2,0.50,0.5,0.5,0.0,0.0,0.0
2026-01-23 09:02:44,clusterA,20,4,1,3,0.25,0.5,0.5,0.0,0.0,0.0
2026-01-23 09:02:44,clusterB,20,4,2,2,0.50,0.5,0.5,0.0,0.0,0.0
2026-01-23 09:02:49,clusterA,20,4,1,3,0.25,0.5,0.5,0.0,0.0,0.0
2026-01-23 09:02:49,clusterB,20,4,2,2,0.50,0.5,0.5,0.0,0.0,0.0
2026-01-23 09:02:54,clusterA,20,4,1,3,0.25,0.5,0.5,0.0,0.0,0.0
2026-01-23 09:02:54,clusterB,20,4,2,2,0.50,0.5,0.5,0.0,0.0,0.0
2026-01-23 09:02:59,clusterA,20,4,1,3,0.25,0.5,0.5,0.0,0.0,0.0
2026-01-23 09:02:59,clusterB,20,4,2,2,0.50,0.5,0.5,0.0,0.0,0.0
2026-01-23 09:03:04,clusterA,20,4,1,3,0.25,0.5,0.5,0.0,0.0,0.0
2026-01-23 09:03:04,clusterB,20,4,2,2,0.50,0.5,0.5,0.0,0.0,0.0
2026-01-23 09:03:09,clusterA,20,4,1,3,0.25,0.5,0.5,0.0,0.0,0.0
2026-01-23 09:03:09,clusterB,20,4,2,2,0.50,0.5,0.5,0.0,0.0,0.0
2026-01-23 09:03:14,clusterA,20,4,1,3,0.25,0.5,0.5,0.0,0.0,0.0
2026-01-23 09:03:14,clusterB,20,4,2,2,0.50,0.5,0.5,0.0,0.0,0.0
2026-01-23 09:03:19,clusterA,20,4,1,3,0.25,0.5,0.5,0.0,0.0,0.0
2026-01-23 09:03:19,clusterB,20,4,2,2,0.50,0.5,0.5,0.0,0.0,0.0
2026-01-23 09:03:24,clusterA,20,4,1,3,0.25,0.5,0.5,0.0,0.0,0.0
2026-01-23 09:03:24,clusterB,20,4,2,2,0.50,0.5,0.5,0.0,0.0,0.0
2026-01-23 09:03:29,clusterA,20,4,1,3,0.25,0.5,0.5,0.0,0.0,0.0
2026-01-23 09:03:29,clusterB,20,4,2,2,0.50,0.5,0.5,0.0,0.0,0.0
2026-01-23 09:03:34,clusterA,20,4,1,3,0.25,0.5,0.5,0.0,0.0,0.0
2026-01-23 09:03:34,clusterB,20,4,2,2,0.50,0.5,0.5,0.0,0.0,0.0
2026-01-23 09:03:39,clusterA,20,4,1,3,0.25,0.5,0.5,0.0,0.0,0.0
2026-01-23 09:03:39,clusterB,20,4,2,2,0.50,0.5,0.5,0.0,0.0,0.0
2026-01-23 09:03:44,clusterA,20,4,1,3,0.25,0.5,0.5,0.0,0.0,0.0
2026-01-23 09:03:44,clusterB,20,4,2,2,0.50,0.5,0.5,0.0,0.0,0.0
2026-01-23 09:03:49,clusterA,20,4,1,3,0.25,0.5,0.5,0.0,0.0,0.0
2026-01-23 09:03:49,clusterB,20,4,2,2,0.50,0.5,0.5,0.0,0.0,0.0
2026-01-23 09:03:54,clusterA,20,4,1,3,0.25,0.5,0.5,0.0,0.0,0.0
2026-01-23 09:03:54,clusterB,20,4,2,2,0.50,0.5,0.5,0.0,0.0,0.0
2026-01-23 09:03:59,clusterA,20,4,1,3,0.25,0.5,0.5,0.0,0.0,0.0
2026-01-23 09:03:59,clusterB,20,4,2,2,0.50,0.5,0.5,0.0,0.0,0.0
2026-01-23 09:04:04,clusterA,20,4,1,3,0.25,0.5,0.5,0.0,0.0,0.0
2026-01-23 09:04:04,clusterB,20,4,2,2,0.50,0.5,0.5,0.0,0.0,0.0
2026-01-23 09:04:09,clusterA,20,4,1,3,0.25,0.5,0.5,0.0,0.0,0.0
2026-01-23 09:04:09,clusterB,20,4,2,2,0.50,0.5,0.5,0.0,0.0,0.0
2026-01-23 09:04:14,clusterA,20,4,1,3,0.25,0.5,0.5,0.0,0.0,0.0
2026-01-23 09:04:14,clusterB,20,4,2,2,0.50,0.5,0.5,0.0,0.0,0.0
2026-01-23 09:04:19,clusterA,20,4,1,3,0.25,0.5,0.5,0.0,0.0,0.0
2026-01-23 09:04:19,clusterB,20,4,2,2,0.50,0.5,0.5,0.0,0.0,0.0
2026-01-23 09:04:24,clusterA,20,4,1,3,0.25,0.5,0.5,0.0,0.0,0.0
2026-01-23 09:04:24,clusterB,20,4,2,2,0.50,0.5,0.5,0.0,0.0,0.0
2026-01-23 09:04:29,clusterA,20,4,1,3,0.25,0.5,0.5,0.0,0.0,0.0
2026-01-23 09:04:29,clusterB,20,4,2,2,0.50,0.5,0.5,0.0,0.0,0.0
2026-01-23 09:04:34,clusterA,20,4,1,3,0.25,0.5,0.5,0.0,0.0,0.0
2026-01-23 09:04:34,clusterB,20,4,2,2,0.50,0.5,0.5,0.0,0.0,0.0
2026-01-23 09:04:39,clusterA,20,4,1,3,0.25,0.5,0.5,0.0,0.0,0.0
2026-01-23 09:04:39,clusterB,20,4,2,2,0.50,0.5,0.5,0.0,0.0,0.0
2026-01-23 09:04:44,clusterA,20,4,1,3,0.25,0.5,0.5,0.0,0.0,0.0
2026-01-23 09:04:44,clusterB,20,4,2,2,0.50,0.5,0.5,0.0,0.0,0.0
2026-01-23 09:04:49,clusterA,20,4,1,3,0.25,0.5,0.5,0.0,0.0,0.0
2026-01-23 09:04:49,clusterB,20,4,2,2,0.50,0.5,0.5,0.0,0.0,0.0
2026-01-23 09:04:54,clusterA,20,4,1,3,0.25,0.5,0.5,0.0,0.0,0.0
2026-01-23 09:04:54,clusterB,20,4,2,2,0.50,0.5,0.5,0.0,0.0,0.0
2026-01-23 09:04:59,clusterA,20,4,1,3,0.25,0.5,0.5,0.0,0.0,0.0
2026-01-23 09:04:59,clusterB,20,4,2,2,0.50,0.5,0.5,0.0,0.0,0.0
2026-01-23 09:05:04,clusterA,20,4,1,3,0.25,0.5,0.5,0.0,0.0,0.0
2026-01-23 09:05:04,clusterB,20,4,2,2,0.50,0.5,0.5,0.0,0.0,0.0
2026-01-23 09:05:09,clusterA,20,4,1,3,0.25,0.5,0.5,0.0,0.0,0.0
2026-01-23 09:05:09,clusterB,20,4,2,2,0.50,0.5,0.5,0.0,0.0,0.0
2026-01-23 09:05:14,clusterA,20,4,1,3,0.25,0.5,0.5,0.0,0.0,0.0
2026-01-23 09:05:14,clusterB,20,4,2,2,0.50,0.5,0.5,0.0,0.0,0.0
2026-01-23 09:05:19,clusterA,20,4,1,3,0.25,0.5,0.5,0.0,0.0,0.0
2026-01-23 09:05:19,clusterB,20,4,2,2,0.50,0.5,0.5,0.0,0.0,0.0
2026-01-23 09:05:24,clusterA,20,4,1,3,0.25,0.5,0.5,0.0,0.0,0.0
2026-01-23 09:05:24,clusterB,20,4,2,2,0.50,0.5,0.5,0.0,0.0,0.0
2026-01-23 09:05:29,clusterA,20,4,1,3,0.25,0.5,0.5,0.0,0.0,0.0
2026-01-23 09:05:29,clusterB,20,4,2,2,0.50,0.5,0.5,0.0,0.0,0.0
2026-01-23 09:05:34,clusterA,20,4,1,3,0.25,0.5,0.5,0.0,0.0,0.0
2026-01-23 09:05:34,clusterB,20,4,2,2,0.50,0.5,0.5,0.0,0.0,0.0
2026-01-23 09:05:39,clusterA,20,4,1,3,0.25,0.5,0.5,0.0,0.0,0.0
2026-01-23 09:05:39,clusterB,20,4,2,2,0.50,0.5,0.5,0.0,0.0,0.0
2026-01-23 09:05:44,clusterA,20,4,1,3,0.25,0.5,0.5,0.0,0.0,0.0
2026-01-23 09:05:44,clusterB,20,4,2,2,0.50,0.5,0.5,0.0,0.0,0.0
2026-01-23 09:05:49,clusterA,20,4,1,3,0.25,0.5,0.5,0.0,0.0,0.0
2026-01-23 09:05:49,clusterB,20,4,2,2,0.50,0.5,0.5,0.0,0.0,0.0
2026-01-23 09:05:54,clusterA,20,4,1,3,0.25,0.5,0.5,0.0,0.0,0.0
2026-01-23 09:05:54,clusterB,20,4,2,2,0.50,0.5,0.5,0.0,0.0,0.0
2026-01-23 09:05:59,clusterA,20,4,1,3,0.25,0.5,0.5,0.0,0.0,0.0
2026-01-23 09:05:59,clusterB,20,4,2,2,0.50,0.5,0.5,0.0,0.0,0.0
2026-01-23 09:06:04,clusterA,20,4,1,3,0.25,0.5,0.5,0.0,0.0,0.0
2026-01-23 09:06:04,clusterB,20,4,2,2,0.50,0.5,0.5,0.0,0.0,0.0
2026-01-23 09:06:09,clusterA,20,4,1,3,0.25,0.5,0.5,0.0,0.0,0.0
2026-01-23 09:06:09,clusterB,20,4,2,2,0.50,0.5,0.5,0.0,0.0,0.0
2026-01-23 09:06:14,clusterA,20,4,1,3,0.25,0.5,0.5,0.0,0.0,0.0
2026-01-23 09:06:14,clusterB,20,4,2,2,0.50,0.5,0.5,0.0,0.0,0.0
2026-01-23 09:06:19,clusterA,20,4,1,3,0.25,0.5,0.5,0.0,0.0,0.0
2026-01-23 09:06:19,clusterB,20,4,2,2,0.50,0.5,0.5,0.0,0.0,0.0
2026-01-23 09:06:24,clusterA,20,4,1,3,0.25,0.5,0.5,0.0,0.0,0.0
2026-01-23 09:06:24,clusterB,20,4,2,2,0.50,0.5,0.5,0.0,0.0,0.0
2026-01-23 09:06:29,clusterA,20,4,1,3,0.25,0.5,0.5,0.0,0.0,0.0
2026-01-23 09:06:29,clusterB,20,4,2,2,0.50,0.5,0.5,0.0,0.0,0.0
2026-01-23 09:06:34,clusterA,20,4,1,3,0.25,0.5,0.5,0.0,0.0,0.0
2026-01-23 09:06:34,clusterB,20,4,2,2,0.50,0.5,0.5,0.0,0.0,0.0
2026-01-23 09:06:39,clusterA,20,4,1,3,0.25,0.5,0.5,0.0,0.0,0.0
2026-01-23 09:06:39,clusterB,20,4,2,2,0.50,0.5,0.5,0.0,0.0,0.0
2026-01-23 09:06:44,clusterA,20,4,1,3,0.25,0.5,0.5,0.0,0.0,0.0
2026-01-23 09:06:44,clusterB,20,4,2,2,0.50,0.5,0.5,0.0,0.0,0.0
2026-01-23 09:06:49,clusterA,20,4,1,3,0.25,0.5,0.5,0.0,0.0,0.0
2026-01-23 09:06:49,clusterB,20,4,2,2,0.50,0.5,0.5,0.0,0.0,0.0
2026-01-23 09:06:54,clusterA,20,4,1,3,0.25,0.5,0.5,0.0,0.0,0.0
2026-01-23 09:06:54,clusterB,20,4,2,2,0.50,0.5,0.5,0.0,0.0,0.0
2026-01-23 09:06:59,clusterA,20,4,1,3,0.25,0.5,0.5,0.0,0.0,0.0
2026-01-23 09:06:59,clusterB,20,4,2,2,0.50,0.5,0.5,0.0,0.0,0.0
2026-01-23 09:07:04,clusterA,20,4,1,3,0.25,0.5,0.5,0.0,0.0,0.0
2026-01-23 09:07:04,clusterB,20,4,2,2,0.50,0.5,0.5,0.0,0.0,0.0
2026-01-23 09:07:09,clusterA,20,4,1,3,0.25,0.5,0.5,0.0,0.0,0.0
2026-01-23 09:07:09,clusterB,20,4,2,2,0.50,0.5,0.5,0.0,0.0,0.0
2026-01-23 09:07:14,clusterA,20,4,1,3,0.25,0.5,0.5,0.0,0.0,0.0
2026-01-23 09:07:14,clusterB,20,4,2,2,0.50,0.5,0.5,0.0,0.0,0.0
2026-01-23 09:07:19,clusterA,20,4,1,3,0.25,0.5,0.5,0.0,0.0,0.0
2026-01-23 09:07:19,clusterB,20,4,2,2,0.50,0.5,0.5,0.0,0.0,0.0
2026-01-23 09:07:24,clusterA,20,4,1,3,0.25,0.5,0.5,0.0,0.0,0.0
2026-01-23 09:07:24,clusterB,20,4,2,2,0.50,0.5,0.5,0.0,0.0,0.0
2026-01-23 09:07:29,clusterA,20,4,1,3,0.25,0.5,0.5,0.0,0.0,0.0
2026-01-23 09:07:29,clusterB,20,4,2,2,0.50,0.5,0.5,0.0,0.0,0.0
2026-01-23 09:07:34,clusterA,20,4,1,3,0.25,0.5,0.5,0.0,0.0,0.0
2026-01-23 09:07:34,clusterB,20,4,2,2,0.50,0.5,0.5,0.0,0.0,0.0
2026-01-23 09:07:39,clusterA,20,4,1,3,0.25,0.5,0.5,0.0,0.0,0.0
2026-01-23 09:07:39,clusterB,20,4,2,2,0.50,0.5,0.5,0.0,0.0,0.0
2026-01-23 09:07:44,clusterA,20,4,1,3,0.25,0.5,0.5,0.0,0.0,0.0
2026-01-23 09:07:44,clusterB,20,4,2,2,0.50,0.5,0.5,0.0,0.0,0.0
2026-01-23 09:07:49,clusterA,20,4,1,3,0.25,0.5,0.5,0.0,0.0,0.0
2026-01-23 09:07:49,clusterB,20,4,2,2,0.50,0.5,0.5,0.0,0.0,0.0
2026-01-23 09:07:54,clusterA,20,4,1,3,0.25,0.5,0.5,0.0,0.0,0.0
2026-01-23 09:07:54,clusterB,20,4,2,2,0.50,0.5,0.5,0.0,0.0,0.0
2026-01-23 09:07:59,clusterA,20,4,1,3,0.25,0.5,0.5,0.0,0.0,0.0
2026-01-23 09:07:59,clusterB,20,4,2,2,0.50,0.5,0.5,0.0,0.0,0.0
2026-01-23 09:08:04,clusterA,20,4,1,3,0.25,0.5,0.5,0.0,0.0,0.0
2026-01-23 09:08:04,clusterB,20,4,2,2,0.50,0.5,0.5,0.0,0.0,0.0
2026-01-23 09:08:10,clusterA,20,4,1,3,0.25,0.5,0.5,0.0,0.0,0.0
2026-01-23 09:08:10,clusterB,20,4,2,2,0.50,0.5,0.5,0.0,0.0,0.0
2026-01-23 09:08:15,clusterA,20,4,1,3,0.25,0.5,0.5,0.0,0.0,0.0
2026-01-23 09:08:15,clusterB,20,4,2,2,0.50,0.5,0.5,0.0,0.0,0.0
2026-01-23 09:08:20,clusterA,20,4,1,3,0.25,0.5,0.5,0.0,0.0,0.0
2026-01-23 09:08:20,clusterB,20,4,2,2,0.50,0.5,0.5,0.0,0.0,0.0
2026-01-23 09:08:25,clusterA,20,4,1,3,0.25,0.5,0.5,0.0,0.0,0.0
2026-01-23 09:08:25,clusterB,20,4,2,2,0.50,0.5,0.5,0.0,0.0,0.0
2026-01-23 09:08:30,clusterA,20,4,1,3,0.25,0.5,0.5,0.0,0.0,0.0
2026-01-23 09:08:30,clusterB,20,4,2,2,0.50,0.5,0.5,0.0,0.0,0.0
2026-01-23 09:08:35,clusterA,20,4,1,3,0.25,0.5,0.5,0.0,0.0,0.0
2026-01-23 09:08:35,clusterB,20,4,2,2,0.50,0.5,0.5,0.0,0.0,0.0
2026-01-23 09:08:40,clusterA,20,4,1,3,0.25,0.5,0.5,0.0,0.0,0.0
2026-01-23 09:08:40,clusterB,20,4,2,2,0.50,0.5,0.5,0.0,0.0,0.0
2026-01-23 09:08:45,clusterA,20,4,1,3,0.25,0.5,0.5,0.0,0.0,0.0
2026-01-23 09:08:45,clusterB,20,4,2,2,0.50,0.5,0.5,0.0,0.0,0.0
2026-01-23 09:08:50,clusterA,20,4,1,3,0.25,0.5,0.5,0.0,0.0,0.0
2026-01-23 09:08:50,clusterB,20,4,2,2,0.50,0.5,0.5,0.0,0.0,0.0
2026-01-23 09:08:55,clusterA,20,4,1,3,0.25,0.5,0.5,0.0,0.0,0.0
2026-01-23 09:08:55,clusterB,20,4,2,2,0.50,0.5,0.5,0.0,0.0,0.0
2026-01-23 09:09:00,clusterA,20,4,1,3,0.25,0.5,0.5,0.0,0.0,0.0
2026-01-23 09:09:00,clusterB,20,4,2,2,0.50,0.5,0.5,0.0,0.0,0.0
2026-01-23 09:09:05,clusterA,20,4,1,3,0.25,0.5,0.5,0.0,0.0,0.0
2026-01-23 09:09:05,clusterB,20,4,2,2,0.50,0.5,0.5,0.0,0.0,0.0
2026-01-23 09:09:10,clusterA,20,4,1,3,0.25,0.5,0.5,0.0,0.0,0.0
2026-01-23 09:09:10,clusterB,20,4,2,2,0.50,0.5,0.5,0.0,0.0,0.0
2026-01-23 09:09:15,clusterA,20,4,1,3,0.25,0.5,0.5,0.0,0.0,0.0
2026-01-23 09:09:15,clusterB,20,4,2,2,0.50,0.5,0.5,0.0,0.0,0.0
2026-01-23 09:09:20,clusterA,20,4,1,3,0.25,0.5,0.5,0.0,0.0,0.0
2026-01-23 09:09:20,clusterB,20,4,2,2,0.50,0.5,0.5,0.0,0.0,0.0
2026-01-23 09:09:25,clusterA,20,4,1,3,0.25,0.5,0.5,0.0,0.0,0.0
2026-01-23 09:09:25,clusterB,20,4,2,2,0.50,0.5,0.5,0.0,0.0,0.0
2026-01-23 09:09:30,clusterA,20,4,1,3,0.25,0.5,0.5,0.0,0.0,0.0
2026-01-23 09:09:30,clusterB,20,4,2,2,0.50,0.5,0.5,0.0,0.0,0.0
2026-01-23 09:09:35,clusterA,20,4,1,3,0.25,0.5,0.5,0.0,0.0,0.0
2026-01-23 09:09:35,clusterB,20,4,2,2,0.50,0.5,0.5,0.0,0.0,0.0
2026-01-23 09:09:40,clusterA,20,4,1,3,0.25,0.5,0.5,0.0,0.0,0.0
2026-01-23 09:09:40,clusterB,20,4,2,2,0.50,0.5,0.5,0.0,0.0,0.0
2026-01-23 09:09:45,clusterA,20,4,1,3,0.25,0.5,0.5,0.0,0.0,0.0
2026-01-23 09:09:45,clusterB,20,4,2,2,0.50,0.5,0.5,0.0,0.0,0.0
2026-01-23 09:09:50,clusterA,20,4,1,3,0.25,0.5,0.5,0.0,0.0,0.0
2026-01-23 09:09:50,clusterB,20,4,2,2,0.50,0.5,0.5,0.0,0.0,0.0
2026-01-23 09:09:55,clusterA,20,4,1,3,0.25,0.5,0.5,0.0,0.0,0.0
2026-01-23 09:09:55,clusterB,20,4,2,2,0.50,0.5,0.5,0.0,0.0,0.0
2026-01-23 09:10:00,clusterA,20,4,1,3,0.25,0.5,0.5,0.0,0.0,0.0
2026-01-23 09:10:00,clusterB,20,4,2,2,0.50,0.5,0.5,0.0,0.0,0.0
2026-01-23 09:10:05,clusterA,20,4,1,3,0.25,0.5,0.5,0.0,0.0,0.0
2026-01-23 09:10:05,clusterB,20,4,2,2,0.50,0.5,0.5,0.0,0.0,0.0
2026-01-23 09:10:10,clusterA,20,4,1,3,0.25,0.5,0.5,0.0,0.0,0.0
2026-01-23 09:10:10,clusterB,20,4,2,2,0.50,0.5,0.5,0.0,0.0,0.0
2026-01-23 09:10:15,clusterA,20,4,1,3,0.25,0.5,0.5,0.0,0.0,0.0
2026-01-23 09:10:15,clusterB,20,4,2,2,0.50,0.5,0.5,0.0,0.0,0.0
2026-01-23 09:10:20,clusterA,20,4,1,3,0.25,0.5,0.5,0.0,0.0,0.0
2026-01-23 09:10:20,clusterB,20,4,2,2,0.50,0.5,0.5,0.0,0.0,0.0
2026-01-23 09:10:25,clusterA,20,4,1,3,0.25,0.5,0.5,0.0,0.0,0.0
2026-01-23 09:10:25,clusterB,20,4,2,2,0.50,0.5,0.5,0.0,0.0,0.0
2026-01-23 09:10:30,clusterA,20,4,1,3,0.25,0.5,0.5,0.0,0.0,0.0
2026-01-23 09:10:30,clusterB,20,4,2,2,0.50,0.5,0.5,0.0,0.0,0.0
2026-01-23 09:10:35,clusterA,20,4,1,3,0.25,0.5,0.5,0.0,0.0,0.0
2026-01-23 09:10:35,clusterB,20,4,2,2,0.50,0.5,0.5,0.0,0.0,0.0
2026-01-23 09:10:40,clusterA,20,4,1,3,0.25,0.5,0.5,0.0,0.0,0.0
2026-01-23 09:10:40,clusterB,20,4,2,2,0.50,0.5,0.5,0.0,0.0,0.0
2026-01-23 09:10:45,clusterA,20,4,1,3,0.25,0.5,0.5,0.0,0.0,0.0
2026-01-23 09:10:45,clusterB,20,4,2,2,0.50,0.5,0.5,0.0,0.0,0.0
2026-01-23 09:10:50,clusterA,20,4,1,3,0.25,0.5,0.5,0.0,0.0,0.0
2026-01-23 09:10:50,clusterB,20,4,2,2,0.50,0.5,0.5,0.0,0.0,0.0
2026-01-23 09:10:55,clusterA,20,4,1,3,0.25,0.5,0.5,0.0,0.0,0.0
2026-01-23 09:10:55,clusterB,20,4,2,2,0.50,0.5,0.5,0.0,0.0,0.0
2026-01-23 09:11:00,clusterA,20,4,1,3,0.25,0.5,0.5,0.0,0.0,0.0
2026-01-23 09:11:00,clusterB,20,4,2,2,0.50,0.5,0.5,0.0,0.0,0.0
2026-01-23 09:11:05,clusterA,20,4,1,3,0.25,0.5,0.5,0.0,0.0,0.0
2026-01-23 09:11:05,clusterB,20,4,2,2,0.50,0.5,0.5,0.0,0.0,0.0
2026-01-23 09:11:10,clusterA,20,4,1,3,0.25,0.5,0.5,0.0,0.0,0.0
2026-01-23 09:11:10,clusterB,20,4,2,2,0.50,0.5,0.5,0.0,0.0,0.0
2026-01-23 09:11:15,clusterA,20,4,1,3,0.25,0.5,0.5,0.0,0.0,0.0
2026-01-23 09:11:15,clusterB,20,4,2,2,0.50,0.5,0.5,0.0,0.0,0.0
2026-01-23 09:11:20,clusterA,20,4,1,3,0.25,0.5,0.5,0.0,0.0,0.0
2026-01-23 09:11:20,clusterB,20,4,2,2,0.50,0.5,0.5,0.0,0.0,0.0
2026-01-23 09:11:25,clusterA,20,4,1,3,0.25,0.5,0.5,0.0,0.0,0.0
2026-01-23 09:11:25,clusterB,20,4,2,2,0.50,0.5,0.5,0.0,0.0,0.0
2026-01-23 09:11:30,clusterA,20,4,1,3,0.25,0.5,0.5,0.0,0.0,0.0
2026-01-23 09:11:30,clusterB,20,4,2,2,0.50,0.5,0.5,0.0,0.0,0.0
2026-01-23 09:11:35,clusterA,20,4,1,3,0.25,0.5,0.5,0.0,0.0,0.0
2026-01-23 09:11:35,clusterB,20,4,2,2,0.50,0.5,0.5,0.0,0.0,0.0
2026-01-23 09:11:40,clusterA,20,4,1,3,0.25,0.5,0.5,0.0,0.0,0.0
2026-01-23 09:11:40,clusterB,20,4,2,2,0.50,0.5,0.5,0.0,0.0,0.0
2026-01-23 09:11:45,clusterA,20,4,1,3,0.25,0.5,0.5,0.0,0.0,0.0
2026-01-23 09:11:45,clusterB,20,4,2,2,0.50,0.5,0.5,0.0,0.0,0.0
2026-01-23 09:11:50,clusterA,20,4,1,3,0.25,0.5,0.5,0.0,0.0,0.0
2026-01-23 09:11:50,clusterB,20,4,2,2,0.50,0.5,0.5,0.0,0.0,0.0
2026-01-23 09:11:55,clusterA,20,4,1,3,0.25,0.5,0.5,0.0,0.0,0.0
2026-01-23 09:11:55,clusterB,20,4,2,2,0.50,0.5,0.5,0.0,0.0,0.0
2026-01-23 09:12:00,clusterA,20,4,1,3,0.25,0.5,0.5,0.0,0.0,0.0
2026-01-23 09:12:00,clusterB,20,4,2,2,0.50,0.5,0.5,0.0,0.0,0.0
2026-01-23 09:12:05,clusterA,20,4,1,3,0.25,0.5,0.5,0.0,0.0,0.0
2026-01-23 09:12:05,clusterB,20,4,2,2,0.50,0.5,0.5,0.0,0.0,0.0
2026-01-23 09:12:10,clusterA,20,4,1,3,0.25,0.5,0.5,0.0,0.0,0.0
2026-01-23 09:12:10,clusterB,20,4,2,2,0.50,0.5,0.5,0.0,0.0,0.0
2026-01-23 09:12:15,clusterA,20,4,1,3,0.25,0.5,0.5,0.0,0.0,0.0
2026-01-23 09:12:15,clusterB,20,4,2,2,0.50,0.5,0.5,0.0,0.0,0.0
2026-01-23 09:12:20,clusterA,20,4,1,3,0.25,0.5,0.5,0.0,0.0,0.0
2026-01-23 09:12:20,clusterB,20,4,2,2,0.50,0.5,0.5,0.0,0.0,0.0
2026-01-23 09:12:25,clusterA,20,4,1,3,0.25,0.5,0.5,0.0,0.0,0.0
2026-01-23 09:12:25,clusterB,20,4,2,2,0.50,0.5,0.5,0.0,0.0,0.0
2026-01-23 09:12:30,clusterA,20,4,1,3,0.25,0.5,0.5,0.0,0.0,0.0
2026-01-23 09:12:30,clusterB,20,4,2,2,0.50,0.5,0.5,0.0,0.0,0.0
2026-01-23 09:12:35,clusterA,20,4,1,3,0.25,0.5,0.5,0.0,0.0,0.0
2026-01-23 09:12:35,clusterB,20,4,2,2,0.50,0.5,0.5,0.0,0.0,0.0
2026-01-23 09:12:40,clusterA,20,4,1,3,0.25,0.5,0.5,0.0,0.0,0.0
2026-01-23 09:12:40,clusterB,20,4,2,2,0.50,0.5,0.5,0.0,0.0,0.0
2026-01-23 09:12:45,clusterA,20,4,1,3,0.25,0.5,0.5,0.0,0.0,0.0
2026-01-23 09:12:45,clusterB,20,4,2,2,0.50,0.5,0.5,0.0,0.0,0.0
2026-01-23 09:12:50,clusterA,20,4,1,3,0.25,0.5,0.5,0.0,0.0,0.0
2026-01-23 09:12:50,clusterB,20,4,2,2,0.50,0.5,0.5,0.0,0.0,0.0
2026-01-23 09:12:55,clusterA,20,4,1,3,0.25,0.5,0.5,0.0,0.0,0.0
2026-01-23 09:12:55,clusterB,20,4,2,2,0.50,0.5,0.5,0.0,0.0,0.0
2026-01-23 09:13:00,clusterA,20,4,1,3,0.25,0.5,0.5,0.0,0.0,0.0
2026-01-23 09:13:00,clusterB,20,4,2,2,0.50,0.5,0.5,0.0,0.0,0.0
2026-01-23 09:13:05,clusterA,20,4,1,3,0.25,0.5,0.5,0.0,0.0,0.0
2026-01-23 09:13:05,clusterB,20,4,2,2,0.50,0.5,0.5,0.0,0.0,0.0
2026-01-23 09:13:10,clusterA,20,4,1,3,0.25,0.5,0.5,0.0,0.0,0.0
2026-01-23 09:13:10,clusterB,20,4,2,2,0.50,0.5,0.5,0.0,0.0,0.0
2026-01-23 09:13:15,clusterA,20,4,1,3,0.25,0.5,0.5,0.0,0.0,0.0
2026-01-23 09:13:15,clusterB,20,4,2,2,0.50,0.5,0.5,0.0,0.0,0.0
2026-01-23 09:13:20,clusterA,20,4,1,3,0.25,0.5,0.5,0.0,0.0,0.0
2026-01-23 09:13:20,clusterB,20,4,2,2,0.50,0.5,0.5,0.0,0.0,0.0
2026-01-23 09:13:25,clusterA,20,4,1,3,0.25,0.5,0.5,0.0,0.0,0.0
2026-01-23 09:13:25,clusterB,20,4,2,2,0.50,0.5,0.5,0.0,0.0,0.0
2026-01-23 09:13:30,clusterA,20,4,1,3,0.25,0.5,0.5,0.0,0.0,0.0
2026-01-23 09:13:30,clusterB,20,4,2,2,0.50,0.5,0.5,0.0,0.0,0.0
2026-01-23 09:13:35,clusterA,20,4,1,3,0.25,0.5,0.5,0.0,0.0,0.0
2026-01-23 09:13:35,clusterB,20,4,2,2,0.50,0.5,0.5,0.0,0.0,0.0
2026-01-23 09:13:40,clusterA,20,4,1,3,0.25,0.5,0.5,0.0,0.0,0.0
2026-01-23 09:13:40,clusterB,20,4,2,2,0.50,0.5,0.5,0.0,0.0,0.0
2026-01-23 09:13:45,clusterA,20,4,1,3,0.25,0.5,0.5,0.0,0.0,0.0
2026-01-23 09:13:45,clusterB,20,4,2,2,0.50,0.5,0.5,0.0,0.0,0.0
2026-01-23 09:13:50,clusterA,20,4,1,3,0.25,0.5,0.5,0.0,0.0,0.0
2026-01-23 09:13:50,clusterB,20,4,2,2,0.50,0.5,0.5,0.0,0.0,0.0
2026-01-23 09:13:55,clusterA,20,4,1,3,0.25,0.5,0.5,0.0,0.0,0.0
2026-01-23 09:13:55,clusterB,20,4,2,2,0.50,0.5,0.5,0.0,0.0,0.0
2026-01-23 09:14:00,clusterA,20,4,1,3,0.25,0.5,0.5,0.0,0.0,0.0
2026-01-23 09:14:00,clusterB,20,4,2,2,0.50,0.5,0.5,0.0,0.0,0.0
2026-01-23 09:14:05,clusterA,20,4,1,3,0.25,0.5,0.5,0.0,0.0,0.0
2026-01-23 09:14:05,clusterB,20,4,2,2,0.50,0.5,0.5,0.0,0.0,0.0
2026-01-23 09:14:10,clusterA,20,4,1,3,0.25,0.5,0.5,0.0,0.0,0.0
2026-01-23 09:14:10,clusterB,20,4,2,2,0.50,0.5,0.5,0.0,0.0,0.0
2026-01-23 09:14:15,clusterA,20,4,1,3,0.25,0.5,0.5,0.0,0.0,0.0
2026-01-23 09:14:15,clusterB,20,4,2,2,0.50,0.5,0.5,0.0,0.0,0.0
2026-01-23 09:14:20,clusterA,20,4,1,3,0.25,0.5,0.5,0.0,0.0,0.0
2026-01-23 09:14:20,clusterB,20,4,2,2,0.50,0.5,0.5,0.0,0.0,0.0
2026-01-23 09:14:25,clusterA,20,4,1,3,0.25,0.5,0.5,0.0,0.0,0.0
2026-01-23 09:14:25,clusterB,20,4,2,2,0.50,0.5,0.5,0.0,0.0,0.0
2026-01-23 09:14:30,clusterA,20,4,1,3,0.25,0.5,0.5,0.0,0.0,0.0
2026-01-23 09:14:30,clusterB,20,4,2,2,0.50,0.5,0.5,0.0,0.0,0.0
2026-01-23 09:14:35,clusterA,20,4,1,3,0.25,0.5,0.5,0.0,0.0,0.0
2026-01-23 09:14:35,clusterB,20,4,2,2,0.50,0.5,0.5,0.0,0.0,0.0
2026-01-23 09:14:40,clusterA,20,4,1,3,0.25,0.5,0.5,0.0,0.0,0.0
2026-01-23 09:14:40,clusterB,20,4,2,2,0.50,0.5,0.5,0.0,0.0,0.0
2026-01-23 09:14:45,clusterA,20,4,1,3,0.25,0.5,0.5,0.0,0.0,0.0
2026-01-23 09:14:45,clusterB,20,4,2,2,0.50,0.5,0.5,0.0,0.0,0.0
2026-01-23 09:14:50,clusterA,20,4,1,3,0.25,0.5,0.5,0.0,0.0,0.0
2026-01-23 09:14:50,clusterB,20,4,2,2,0.50,0.5,0.5,0.0,0.0,0.0
2026-01-23 09:14:55,clusterA,20,4,1,3,0.25,0.5,0.5,0.0,0.0,0.0
2026-01-23 09:14:55,clusterB,20,4,2,2,0.50,0.5,0.5,0.0,0.0,0.0
2026-01-23 09:15:00,clusterA,20,4,1,3,0.25,0.5,0.5,0.0,0.0,0.0
2026-01-23 09:15:00,clusterB,20,4,2,2,0.50,0.5,0.5,0.0,0.0,0.0
2026-01-23 09:15:05,clusterA,20,4,1,3,0.25,0.5,0.5,0.0,0.0,0.0
2026-01-23 09:15:05,clusterB,20,4,2,2,0.50,0.5,0.5,0.0,0.0,0.0
2026-01-23 09:15:10,clusterA,20,4,1,3,0.25,0.5,0.5,0.0,0.0,0.0
2026-01-23 09:15:10,clusterB,20,4,2,2,0.50,0.5,0.5,0.0,0.0,0.0
2026-01-23 09:15:15,clusterA,20,4,1,3,0.25,0.5,0.5,0.0,0.0,0.0
2026-01-23 09:15:15,clusterB,20,4,2,2,0.50,0.5,0.5,0.0,0.0,0.0
2026-01-23 09:15:20,clusterA,20,4,1,3,0.25,0.5,0.5,0.0,0.0,0.0
2026-01-23 09:15:20,clusterB,20,4,2,2,0.50,0.5,0.5,0.0,0.0,0.0
2026-01-23 09:15:25,clusterA,20,4,1,3,0.25,0.5,0.5,0.0,0.0,0.0
2026-01-23 09:15:25,clusterB,20,4,2,2,0.50,0.5,0.5,0.0,0.0,0.0
2026-01-23 09:15:30,clusterA,20,4,1,3,0.25,0.5,0.5,0.0,0.0,0.0
2026-01-23 09:15:30,clusterB,20,4,2,2,0.50,0.5,0.5,0.0,0.0,0.0
2026-01-23 09:15:35,clusterA,20,4,1,3,0.25,0.5,0.5,0.0,0.0,0.0
2026-01-23 09:15:35,clusterB,20,4,2,2,0.50,0.5,0.5,0.0,0.0,0.0
2026-01-23 09:15:40,clusterA,20,4,1,3,0.25,0.5,0.5,0.0,0.0,0.0
2026-01-23 09:15:40,clusterB,20,4,2,2,0.50,0.5,0.5,0.0,0.0,0.0
2026-01-23 09:15:45,clusterA,20,4,1,3,0.25,0.5,0.5,0.0,0.0,0.0
2026-01-23 09:15:45,clusterB,20,4,2,2,0.50,0.5,0.5,0.0,0.0,0.0
2026-01-23 09:15:50,clusterA,20,4,1,3,0.25,0.5,0.5,0.0,0.0,0.0
2026-01-23 09:15:50,clusterB,20,4,2,2,0.50,0.5,0.5,0.0,0.0,0.0
2026-01-23 09:15:55,clusterA,20,4,1,3,0.25,0.5,0.5,0.0,0.0,0.0
2026-01-23 09:15:55,clusterB,20,4,2,2,0.50,0.5,0.5,0.0,0.0,0.0
2026-01-23 09:16:00,clusterA,20,4,1,3,0.25,0.5,0.5,0.0,0.0,0.0
2026-01-23 09:16:00,clusterB,20,4,2,2,0.50,0.5,0.5,0.0,0.0,0.0
2026-01-23 09:16:06,clusterA,20,4,1,3,0.25,0.5,0.5,0.0,0.0,0.0
2026-01-23 09:16:06,clusterB,20,4,2,2,0.50,0.5,0.5,0.0,0.0,0.0
2026-01-23 09:16:11,clusterA,20,4,1,3,0.25,0.5,0.5,0.0,0.0,0.0
2026-01-23 09:16:11,clusterB,20,4,2,2,0.50,0.5,0.5,0.0,0.0,0.0
2026-01-23 09:16:16,clusterA,20,4,1,3,0.25,0.5,0.5,0.0,0.0,0.0
2026-01-23 09:16:16,clusterB,20,4,2,2,0.50,0.5,0.5,0.0,0.0,0.0
2026-01-23 09:16:21,clusterA,20,4,1,3,0.25,0.5,0.5,0.0,0.0,0.0
2026-01-23 09:16:21,clusterB,20,4,2,2,0.50,0.5,0.5,0.0,0.0,0.0
2026-01-23 09:16:26,clusterA,20,4,1,3,0.25,0.5,0.5,0.0,0.0,0.0
2026-01-23 09:16:26,clusterB,20,4,2,2,0.50,0.5,0.5,0.0,0.0,0.0
2026-01-23 09:16:31,clusterA,20,4,1,3,0.25,0.5,0.5,0.0,0.0,0.0
2026-01-23 09:16:31,clusterB,20,4,2,2,0.50,0.5,0.5,0.0,0.0,0.0
2026-01-23 09:16:36,clusterA,20,4,1,3,0.25,0.5,0.5,0.0,0.0,0.0
2026-01-23 09:16:36,clusterB,20,4,2,2,0.50,0.5,0.5,0.0,0.0,0.0
2026-01-23 09:16:41,clusterA,20,4,1,3,0.25,0.5,0.5,0.0,0.0,0.0
2026-01-23 09:16:41,clusterB,20,4,2,2,0.50,0.5,0.5,0.0,0.0,0.0
2026-01-23 09:16:46,clusterA,20,4,1,3,0.25,0.5,0.5,0.0,0.0,0.0
2026-01-23 09:16:46,clusterB,20,4,2,2,0.50,0.5,0.5,0.0,0.0,0.0
2026-01-23 09:16:51,clusterA,20,4,1,3,0.25,0.5,0.5,0.0,0.0,0.0
2026-01-23 09:16:51,clusterB,20,4,2,2,0.50,0.5,0.5,0.0,0.0,0.0
2026-01-23 09:16:56,clusterA,20,4,1,3,0.25,0.5,0.5,0.0,0.0,0.0
2026-01-23 09:16:56,clusterB,20,4,2,2,0.50,0.5,0.5,0.0,0.0,0.0
2026-01-23 09:17:01,clusterA,20,4,1,3,0.25,0.5,0.5,0.0,0.0,0.0
2026-01-23 09:17:01,clusterB,20,4,2,2,0.50,0.5,0.5,0.0,0.0,0.0
2026-01-23 09:17:06,clusterA,20,4,1,3,0.25,0.5,0.5,0.0,0.0,0.0
2026-01-23 09:17:06,clusterB,20,4,2,2,0.50,0.5,0.5,0.0,0.0,0.0
2026-01-23 09:17:11,clusterA,20,4,1,3,0.25,0.5,0.5,0.0,0.0,0.0
2026-01-23 09:17:11,clusterB,20,4,2,2,0.50,0.5,0.5,0.0,0.0,0.0
2026-01-23 09:17:16,clusterA,20,4,1,3,0.25,0.5,0.5,0.0,0.0,0.0
2026-01-23 09:17:16,clusterB,20,4,2,2,0.50,0.5,0.5,0.0,0.0,0.0
2026-01-23 09:17:21,clusterA,20,4,1,3,0.25,0.5,0.5,0.0,0.0,0.0
2026-01-23 09:17:21,clusterB,20,4,2,2,0.50,0.5,0.5,0.0,0.0,0.0
2026-01-23 09:17:26,clusterA,20,4,1,3,0.25,0.5,0.5,0.0,0.0,0.0
2026-01-23 09:17:26,clusterB,20,4,2,2,0.50,0.5,0.5,0.0,0.0,0.0
2026-01-23 09:17:31,clusterA,20,4,1,3,0.25,0.5,0.5,0.0,0.0,0.0
2026-01-23 09:17:31,clusterB,20,4,2,2,0.50,0.5,0.5,0.0,0.0,0.0
2026-01-23 09:17:36,clusterA,20,4,1,3,0.25,0.5,0.5,0.0,0.0,0.0
2026-01-23 09:17:36,clusterB,20,4,2,2,0.50,0.5,0.5,0.0,0.0,0.0
2026-01-23 09:17:41,clusterA,20,4,1,3,0.25,0.5,0.5,0.0,0.0,0.0
2026-01-23 09:17:41,clusterB,20,4,2,2,0.50,0.5,0.5,0.0,0.0,0.0
2026-01-23 09:17:46,clusterA,20,4,0,4,0.00,0.5,0.5,0.0,0.0,0.0
2026-01-23 09:17:46,clusterB,20,4,2,2,0.50,0.5,0.5,0.0,0.0,0.0
2026-01-23 09:17:51,clusterA,17,4,4,0,1.00,0.5,0.5,0.0,0.0,0.0
2026-01-23 09:17:51,clusterB,17,4,3,1,0.75,0.5,0.5,0.0,0.0,0.0
2026-01-23 09:17:56,clusterA,17,4,4,0,1.00,0.5,0.5,0.0,0.0,0.0
2026-01-23 09:17:56,clusterB,17,4,3,1,0.75,0.5,0.5,0.0,0.0,0.0
2026-01-23 09:18:01,clusterA,17,4,4,0,1.00,0.5,0.5,0.0,0.0,0.0
2026-01-23 09:18:01,clusterB,17,4,3,1,0.75,0.5,0.5,0.0,0.0,0.0
2026-01-23 09:18:06,clusterA,17,4,4,0,1.00,0.5,0.5,0.0,0.0,0.0
2026-01-23 09:18:06,clusterB,17,4,3,1,0.75,0.5,0.5,0.0,0.0,0.0
2026-01-23 09:18:11,clusterA,17,4,4,0,1.00,0.5,0.5,0.0,0.0,0.0
2026-01-23 09:18:11,clusterB,17,4,3,1,0.75,0.5,0.5,0.0,0.0,0.0
2026-01-23 09:18:16,clusterA,17,4,4,0,1.00,0.5,0.5,0.0,0.0,0.0
2026-01-23 09:18:16,clusterB,17,4,3,1,0.75,0.5,0.5,0.0,0.0,0.0
2026-01-23 09:18:21,clusterA,17,4,4,0,1.00,0.5,0.5,0.0,0.0,0.0
2026-01-23 09:18:21,clusterB,17,4,3,1,0.75,0.5,0.5,0.0,0.0,0.0
2026-01-23 09:18:26,clusterA,17,4,4,0,1.00,0.5,0.5,0.0,0.0,0.0
2026-01-23 09:18:26,clusterB,17,4,3,1,0.75,0.5,0.5,0.0,0.0,0.0
2026-01-23 09:18:31,clusterA,17,4,4,0,1.00,0.5,0.5,0.0,0.0,0.0
2026-01-23 09:18:31,clusterB,17,4,3,1,0.75,0.5,0.5,0.0,0.0,0.0
2026-01-23 09:18:36,clusterA,17,4,4,0,1.00,0.5,0.5,0.0,0.0,0.0
2026-01-23 09:18:36,clusterB,17,4,3,1,0.75,0.5,0.5,0.0,0.0,0.0
2026-01-23 09:18:41,clusterA,17,4,4,0,1.00,0.5,0.5,0.0,0.0,0.0
2026-01-23 09:18:41,clusterB,17,4,3,1,0.75,0.5,0.5,0.0,0.0,0.0
2026-01-23 09:18:46,clusterA,17,4,4,0,1.00,0.5,0.5,0.0,0.0,0.0
2026-01-23 09:18:46,clusterB,17,4,3,1,0.75,0.5,0.5,0.0,0.0,0.0
2026-01-23 09:18:51,clusterA,17,4,4,0,1.00,0.5,0.5,0.0,0.0,0.0
2026-01-23 09:18:51,clusterB,17,4,3,1,0.75,0.5,0.5,0.0,0.0,0.0
2026-01-23 09:18:56,clusterA,17,4,4,0,1.00,0.5,0.5,0.0,0.0,0.0
2026-01-23 09:18:56,clusterB,17,4,3,1,0.75,0.5,0.5,0.0,0.0,0.0
2026-01-23 09:19:01,clusterA,17,4,4,0,1.00,0.5,0.5,0.0,0.0,0.0
2026-01-23 09:19:01,clusterB,17,4,3,1,0.75,0.5,0.5,0.0,0.0,0.0
2026-01-23 09:19:06,clusterA,17,4,4,0,1.00,0.5,0.5,0.0,0.0,0.0
2026-01-23 09:19:06,clusterB,17,4,3,1,0.75,0.5,0.5,0.0,0.0,0.0
2026-01-23 09:19:11,clusterA,17,4,4,0,1.00,0.5,0.5,0.0,0.0,0.0
2026-01-23 09:19:11,clusterB,17,4,3,1,0.75,0.5,0.5,0.0,0.0,0.0
2026-01-23 09:19:16,clusterA,17,4,4,0,1.00,0.5,0.5,0.0,0.0,0.0
2026-01-23 09:19:16,clusterB,17,4,3,1,0.75,0.5,0.5,0.0,0.0,0.0
2026-01-23 09:19:21,clusterA,17,4,4,0,1.00,0.5,0.5,0.0,0.0,0.0
2026-01-23 09:19:21,clusterB,17,4,3,1,0.75,0.5,0.5,0.0,0.0,0.0
2026-01-23 09:19:26,clusterA,17,4,4,0,1.00,0.5,0.5,0.0,0.0,0.0
2026-01-23 09:19:26,clusterB,17,4,3,1,0.75,0.5,0.5,0.0,0.0,0.0
2026-01-23 09:19:31,clusterA,17,4,4,0,1.00,0.5,0.5,0.0,0.0,0.0
2026-01-23 09:19:31,clusterB,17,4,3,1,0.75,0.5,0.5,0.0,0.0,0.0
2026-01-23 09:19:36,clusterA,17,4,4,0,1.00,0.5,0.5,0.0,0.0,0.0
2026-01-23 09:19:36,clusterB,17,4,3,1,0.75,0.5,0.5,0.0,0.0,0.0
2026-01-23 09:19:41,clusterA,17,4,4,0,1.00,0.5,0.5,0.0,0.0,0.0
2026-01-23 09:19:41,clusterB,17,4,3,1,0.75,0.5,0.5,0.0,0.0,0.0
2026-01-23 09:19:46,clusterA,17,4,4,0,1.00,0.5,0.5,0.0,0.0,0.0
2026-01-23 09:19:46,clusterB,17,4,3,1,0.75,0.5,0.5,0.0,0.0,0.0
2026-01-23 09:19:51,clusterA,17,4,4,0,1.00,0.5,0.5,0.0,0.0,0.0
2026-01-23 09:19:51,clusterB,17,4,3,1,0.75,0.5,0.5,0.0,0.0,0.0
2026-01-23 09:19:56,clusterA,17,4,4,0,1.00,0.5,0.5,0.0,0.0,0.0
2026-01-23 09:19:56,clusterB,17,4,3,1,0.75,0.5,0.5,0.0,0.0,0.0
2026-01-23 09:20:01,clusterA,17,4,4,0,1.00,0.5,0.5,0.0,0.0,0.0
2026-01-23 09:20:01,clusterB,17,4,3,1,0.75,0.5,0.5,0.0,0.0,0.0
2026-01-23 09:20:06,clusterA,17,4,4,0,1.00,0.5,0.5,0.0,0.0,0.0
2026-01-23 09:20:06,clusterB,17,4,3,1,0.75,0.5,0.5,0.0,0.0,0.0
2026-01-23 09:20:11,clusterA,17,4,4,0,1.00,0.5,0.5,0.0,0.0,0.0
2026-01-23 09:20:11,clusterB,17,4,3,1,0.75,0.5,0.5,0.0,0.0,0.0
2026-01-23 09:20:16,clusterA,17,4,4,0,1.00,0.5,0.5,0.0,0.0,0.0
2026-01-23 09:20:16,clusterB,17,4,3,1,0.75,0.5,0.5,0.0,0.0,0.0
2026-01-23 09:20:21,clusterA,17,4,4,0,1.00,0.5,0.5,0.0,0.0,0.0
2026-01-23 09:20:21,clusterB,17,4,3,1,0.75,0.5,0.5,0.0,0.0,0.0
2026-01-23 09:20:26,clusterA,17,4,4,0,1.00,0.5,0.5,0.0,0.0,0.0
2026-01-23 09:20:26,clusterB,17,4,3,1,0.75,0.5,0.5,0.0,0.0,0.0
2026-01-23 09:20:31,clusterA,17,4,4,0,1.00,0.5,0.5,0.0,0.0,0.0
2026-01-23 09:20:31,clusterB,17,4,3,1,0.75,0.5,0.5,0.0,0.0,0.0
2026-01-23 09:20:36,clusterA,17,4,4,0,1.00,0.5,0.5,0.0,0.0,0.0
2026-01-23 09:20:36,clusterB,17,4,3,1,0.75,0.5,0.5,0.0,0.0,0.0
2026-01-23 09:20:41,clusterA,17,4,4,0,1.00,0.5,0.5,0.0,0.0,0.0
2026-01-23 09:20:41,clusterB,17,4,3,1,0.75,0.5,0.5,0.0,0.0,0.0
2026-01-23 09:20:46,clusterA,17,4,4,0,1.00,0.5,0.5,0.0,0.0,0.0
2026-01-23 09:20:46,clusterB,17,4,3,1,0.75,0.5,0.5,0.0,0.0,0.0
2026-01-23 09:20:51,clusterA,17,4,4,0,1.00,0.5,0.5,0.0,0.0,0.0
2026-01-23 09:20:51,clusterB,17,4,3,1,0.75,0.5,0.5,0.0,0.0,0.0
2026-01-23 09:20:56,clusterA,17,4,4,0,1.00,0.5,0.5,0.0,0.0,0.0
2026-01-23 09:20:56,clusterB,17,4,3,1,0.75,0.5,0.5,0.0,0.0,0.0
2026-01-23 09:21:01,clusterA,17,4,4,0,1.00,0.5,0.5,0.0,0.0,0.0
2026-01-23 09:21:01,clusterB,17,4,3,1,0.75,0.5,0.5,0.0,0.0,0.0
2026-01-23 09:21:06,clusterA,17,4,4,0,1.00,0.5,0.5,0.0,0.0,0.0
2026-01-23 09:21:06,clusterB,17,4,3,1,0.75,0.5,0.5,0.0,0.0,0.0
2026-01-23 09:21:11,clusterA,17,4,4,0,1.00,0.5,0.5,0.0,0.0,0.0
2026-01-23 09:21:11,clusterB,17,4,3,1,0.75,0.5,0.5,0.0,0.0,0.0
2026-01-23 09:21:16,clusterA,17,4,4,0,1.00,0.5,0.5,0.0,0.0,0.0
2026-01-23 09:21:16,clusterB,17,4,3,1,0.75,0.5,0.5,0.0,0.0,0.0
2026-01-23 09:21:21,clusterA,17,4,4,0,1.00,0.5,0.5,0.0,0.0,0.0
2026-01-23 09:21:21,clusterB,17,4,3,1,0.75,0.5,0.5,0.0,0.0,0.0
2026-01-23 09:21:26,clusterA,17,4,4,0,1.00,0.5,0.5,0.0,0.0,0.0
2026-01-23 09:21:26,clusterB,17,4,3,1,0.75,0.5,0.5,0.0,0.0,0.0
2026-01-23 09:21:31,clusterA,17,4,4,0,1.00,0.5,0.5,0.0,0.0,0.0
2026-01-23 09:21:31,clusterB,17,4,3,1,0.75,0.5,0.5,0.0,0.0,0.0
2026-01-23 09:21:36,clusterA,17,4,4,0,1.00,0.5,0.5,0.0,0.0,0.0
2026-01-23 09:21:36,clusterB,17,4,3,1,0.75,0.5,0.5,0.0,0.0,0.0
2026-01-23 09:21:41,clusterA,17,4,4,0,1.00,0.5,0.5,0.0,0.0,0.0
2026-01-23 09:21:41,clusterB,17,4,3,1,0.75,0.5,0.5,0.0,0.0,0.0
2026-01-23 09:21:46,clusterA,17,4,4,0,1.00,0.5,0.5,0.0,0.0,0.0
2026-01-23 09:21:46,clusterB,17,4,3,1,0.75,0.5,0.5,0.0,0.0,0.0
2026-01-23 09:21:52,clusterA,17,4,4,0,1.00,0.5,0.5,0.0,0.0,0.0
2026-01-23 09:21:52,clusterB,17,4,3,1,0.75,0.5,0.5,0.0,0.0,0.0
2026-01-23 09:21:57,clusterA,17,4,4,0,1.00,0.5,0.5,0.0,0.0,0.0
2026-01-23 09:21:57,clusterB,17,4,3,1,0.75,0.5,0.5,0.0,0.0,0.0
2026-01-23 09:22:02,clusterA,17,4,4,0,1.00,0.5,0.5,0.0,0.0,0.0
2026-01-23 09:22:02,clusterB,17,4,3,1,0.75,0.5,0.5,0.0,0.0,0.0
2026-01-23 09:22:07,clusterA,17,4,4,0,1.00,0.5,0.5,0.0,0.0,0.0
2026-01-23 09:22:07,clusterB,17,4,3,1,0.75,0.5,0.5,0.0,0.0,0.0
2026-01-23 09:22:12,clusterA,17,4,4,0,1.00,0.5,0.5,0.0,0.0,0.0
2026-01-23 09:22:12,clusterB,17,4,3,1,0.75,0.5,0.5,0.0,0.0,0.0
2026-01-23 09:22:17,clusterA,17,4,4,0,1.00,0.5,0.5,0.0,0.0,0.0
2026-01-23 09:22:17,clusterB,17,4,3,1,0.75,0.5,0.5,0.0,0.0,0.0
2026-01-23 09:22:22,clusterA,17,4,4,0,1.00,0.5,0.5,0.0,0.0,0.0
2026-01-23 09:22:22,clusterB,17,4,3,1,0.75,0.5,0.5,0.0,0.0,0.0
2026-01-23 09:22:27,clusterA,17,4,4,0,1.00,0.5,0.5,0.0,0.0,0.0
2026-01-23 09:22:27,clusterB,17,4,3,1,0.75,0.5,0.5,0.0,0.0,0.0
2026-01-23 09:22:32,clusterA,17,4,4,0,1.00,0.5,0.5,0.0,0.0,0.0
2026-01-23 09:22:32,clusterB,17,4,3,1,0.75,0.5,0.5,0.0,0.0,0.0
2026-01-23 09:22:37,clusterA,17,4,4,0,1.00,0.5,0.5,0.0,0.0,0.0
2026-01-23 09:22:37,clusterB,17,4,3,1,0.75,0.5,0.5,0.0,0.0,0.0
2026-01-23 09:22:42,clusterA,17,4,4,0,1.00,0.5,0.5,0.0,0.0,0.0
2026-01-23 09:22:42,clusterB,17,4,3,1,0.75,0.5,0.5,0.0,0.0,0.0
2026-01-23 09:22:47,clusterA,17,4,4,0,1.00,0.5,0.5,0.0,0.0,0.0
2026-01-23 09:22:47,clusterB,17,4,3,1,0.75,0.5,0.5,0.0,0.0,0.0
2026-01-23 09:22:52,clusterA,17,4,4,0,1.00,0.5,0.5,0.0,0.0,0.0
2026-01-23 09:22:52,clusterB,17,4,3,1,0.75,0.5,0.5,0.0,0.0,0.0
2026-01-23 09:22:57,clusterA,17,4,4,0,1.00,0.5,0.5,0.0,0.0,0.0
2026-01-23 09:22:57,clusterB,17,4,3,1,0.75,0.5,0.5,0.0,0.0,0.0
2026-01-23 09:23:02,clusterA,17,4,4,0,1.00,0.5,0.5,0.0,0.0,0.0
2026-01-23 09:23:02,clusterB,17,4,3,1,0.75,0.5,0.5,0.0,0.0,0.0
2026-01-23 09:23:07,clusterA,17,4,4,0,1.00,0.5,0.5,0.0,0.0,0.0
2026-01-23 09:23:07,clusterB,17,4,3,1,0.75,0.5,0.5,0.0,0.0,0.0
2026-01-23 09:23:12,clusterA,17,4,4,0,1.00,0.5,0.5,0.0,0.0,0.0
2026-01-23 09:23:12,clusterB,17,4,3,1,0.75,0.5,0.5,0.0,0.0,0.0
2026-01-23 09:23:17,clusterA,17,4,4,0,1.00,0.5,0.5,0.0,0.0,0.0
2026-01-23 09:23:17,clusterB,17,4,3,1,0.75,0.5,0.5,0.0,0.0,0.0
2026-01-23 09:23:22,clusterA,17,4,4,0,1.00,0.5,0.5,0.0,0.0,0.0
2026-01-23 09:23:22,clusterB,17,4,3,1,0.75,0.5,0.5,0.0,0.0,0.0
2026-01-23 09:23:27,clusterA,17,4,4,0,1.00,0.5,0.5,0.0,0.0,0.0
2026-01-23 09:23:27,clusterB,17,4,3,1,0.75,0.5,0.5,0.0,0.0,0.0
2026-01-23 09:23:32,clusterA,17,4,4,0,1.00,0.5,0.5,0.0,0.0,0.0
2026-01-23 09:23:32,clusterB,17,4,3,1,0.75,0.5,0.5,0.0,0.0,0.0
2026-01-23 09:23:37,clusterA,17,4,4,0,1.00,0.5,0.5,0.0,0.0,0.0
2026-01-23 09:23:37,clusterB,17,4,3,1,0.75,0.5,0.5,0.0,0.0,0.0
2026-01-23 09:23:42,clusterA,17,4,4,0,1.00,0.5,0.5,0.0,0.0,0.0
2026-01-23 09:23:42,clusterB,17,4,3,1,0.75,0.5,0.5,0.0,0.0,0.0
2026-01-23 09:23:47,clusterA,17,4,4,0,1.00,0.5,0.5,0.0,0.0,0.0
2026-01-23 09:23:47,clusterB,17,4,3,1,0.75,0.5,0.5,0.0,0.0,0.0
2026-01-23 09:23:52,clusterA,17,4,4,0,1.00,0.5,0.5,0.0,0.0,0.0
2026-01-23 09:23:52,clusterB,17,4,3,1,0.75,0.5,0.5,0.0,0.0,0.0
2026-01-23 09:23:57,clusterA,17,4,4,0,1.00,0.5,0.5,0.0,0.0,0.0
2026-01-23 09:23:57,clusterB,17,4,3,1,0.75,0.5,0.5,0.0,0.0,0.0
2026-01-23 09:24:02,clusterA,17,4,4,0,1.00,0.5,0.5,0.0,0.0,0.0
2026-01-23 09:24:02,clusterB,17,4,3,1,0.75,0.5,0.5,0.0,0.0,0.0
2026-01-23 09:24:07,clusterA,17,4,4,0,1.00,0.5,0.5,0.0,0.0,0.0
2026-01-23 09:24:07,clusterB,17,4,3,1,0.75,0.5,0.5,0.0,0.0,0.0
2026-01-23 09:24:12,clusterA,17,4,4,0,1.00,0.5,0.5,0.0,0.0,0.0
2026-01-23 09:24:12,clusterB,17,4,3,1,0.75,0.5,0.5,0.0,0.0,0.0
2026-01-23 09:24:17,clusterA,17,4,4,0,1.00,0.5,0.5,0.0,0.0,0.0
2026-01-23 09:24:17,clusterB,17,4,3,1,0.75,0.5,0.5,0.0,0.0,0.0
2026-01-23 09:24:22,clusterA,17,4,4,0,1.00,0.5,0.5,0.0,0.0,0.0
2026-01-23 09:24:22,clusterB,17,4,3,1,0.75,0.5,0.5,0.0,0.0,0.0
2026-01-23 09:24:27,clusterA,17,4,4,0,1.00,0.5,0.5,0.0,0.0,0.0
2026-01-23 09:24:27,clusterB,17,4,3,1,0.75,0.5,0.5,0.0,0.0,0.0
2026-01-23 09:24:32,clusterA,17,4,4,0,1.00,0.5,0.5,0.0,0.0,0.0
2026-01-23 09:24:32,clusterB,17,4,3,1,0.75,0.5,0.5,0.0,0.0,0.0
2026-01-23 09:24:37,clusterA,17,4,4,0,1.00,0.5,0.5,0.0,0.0,0.0
2026-01-23 09:24:37,clusterB,17,4,3,1,0.75,0.5,0.5,0.0,0.0,0.0
2026-01-23 09:24:42,clusterA,17,4,4,0,1.00,0.5,0.5,0.0,0.0,0.0
2026-01-23 09:24:42,clusterB,17,4,3,1,0.75,0.5,0.5,0.0,0.0,0.0
2026-01-23 09:24:47,clusterA,17,4,4,0,1.00,0.5,0.5,0.0,0.0,0.0
2026-01-23 09:24:47,clusterB,17,4,3,1,0.75,0.5,0.5,0.0,0.0,0.0
2026-01-23 09:24:52,clusterA,17,4,4,0,1.00,0.5,0.5,0.0,0.0,0.0
2026-01-23 09:24:52,clusterB,17,4,3,1,0.75,0.5,0.5,0.0,0.0,0.0
2026-01-23 09:24:57,clusterA,17,4,4,0,1.00,0.5,0.5,0.0,0.0,0.0
2026-01-23 09:24:57,clusterB,17,4,3,1,0.75,0.5,0.5,0.0,0.0,0.0
2026-01-23 09:25:02,clusterA,17,4,4,0,1.00,0.5,0.5,0.0,0.0,0.0
2026-01-23 09:25:02,clusterB,17,4,3,1,0.75,0.5,0.5,0.0,0.0,0.0
2026-01-23 09:25:07,clusterA,17,4,4,0,1.00,0.5,0.5,0.0,0.0,0.0
2026-01-23 09:25:07,clusterB,17,4,3,1,0.75,0.5,0.5,0.0,0.0,0.0
2026-01-23 09:25:12,clusterA,17,4,4,0,1.00,0.5,0.5,0.0,0.0,0.0
2026-01-23 09:25:12,clusterB,17,4,3,1,0.75,0.5,0.5,0.0,0.0,0.0
2026-01-23 09:25:17,clusterA,17,4,4,0,1.00,0.5,0.5,0.0,0.0,0.0
2026-01-23 09:25:17,clusterB,17,4,3,1,0.75,0.5,0.5,0.0,0.0,0.0
2026-01-23 09:25:22,clusterA,17,4,4,0,1.00,0.5,0.5,0.0,0.0,0.0
2026-01-23 09:25:22,clusterB,17,4,3,1,0.75,0.5,0.5,0.0,0.0,0.0
2026-01-23 09:25:27,clusterA,17,4,4,0,1.00,0.5,0.5,0.0,0.0,0.0
2026-01-23 09:25:27,clusterB,17,4,3,1,0.75,0.5,0.5,0.0,0.0,0.0
2026-01-23 09:25:32,clusterA,17,4,4,0,1.00,0.5,0.5,0.0,0.0,0.0
2026-01-23 09:25:32,clusterB,17,4,3,1,0.75,0.5,0.5,0.0,0.0,0.0
2026-01-23 09:25:37,clusterA,17,4,4,0,1.00,0.5,0.5,0.0,0.0,0.0
2026-01-23 09:25:37,clusterB,17,4,3,1,0.75,0.5,0.5,0.0,0.0,0.0
2026-01-23 09:25:42,clusterA,17,4,4,0,1.00,0.5,0.5,0.0,0.0,0.0
2026-01-23 09:25:42,clusterB,17,4,3,1,0.75,0.5,0.5,0.0,0.0,0.0
2026-01-23 09:25:47,clusterA,17,4,4,0,1.00,0.5,0.5,0.0,0.0,0.0
2026-01-23 09:25:47,clusterB,17,4,3,1,0.75,0.5,0.5,0.0,0.0,0.0
2026-01-23 09:25:52,clusterA,17,4,4,0,1.00,0.5,0.5,0.0,0.0,0.0
2026-01-23 09:25:52,clusterB,17,4,3,1,0.75,0.5,0.5,0.0,0.0,0.0
2026-01-23 09:25:57,clusterA,17,4,4,0,1.00,0.5,0.5,0.0,0.0,0.0
2026-01-23 09:25:57,clusterB,17,4,3,1,0.75,0.5,0.5,0.0,0.0,0.0
2026-01-23 09:26:02,clusterA,17,4,4,0,1.00,0.5,0.5,0.0,0.0,0.0
2026-01-23 09:26:02,clusterB,17,4,3,1,0.75,0.5,0.5,0.0,0.0,0.0
2026-01-23 09:26:07,clusterA,17,4,4,0,1.00,0.5,0.5,0.0,0.0,0.0
2026-01-23 09:26:07,clusterB,17,4,3,1,0.75,0.5,0.5,0.0,0.0,0.0
2026-01-23 09:26:12,clusterA,17,4,4,0,1.00,0.5,0.5,0.0,0.0,0.0
2026-01-23 09:26:12,clusterB,17,4,3,1,0.75,0.5,0.5,0.0,0.0,0.0
2026-01-23 09:26:17,clusterA,17,4,4,0,1.00,0.5,0.5,0.0,0.0,0.0
2026-01-23 09:26:17,clusterB,17,4,3,1,0.75,0.5,0.5,0.0,0.0,0.0
2026-01-23 09:26:22,clusterA,17,4,4,0,1.00,0.5,0.5,0.0,0.0,0.0
2026-01-23 09:26:22,clusterB,17,4,3,1,0.75,0.5,0.5,0.0,0.0,0.0
2026-01-23 09:26:27,clusterA,17,4,4,0,1.00,0.5,0.5,0.0,0.0,0.0
2026-01-23 09:26:27,clusterB,17,4,3,1,0.75,0.5,0.5,0.0,0.0,0.0
2026-01-23 09:26:32,clusterA,17,4,4,0,1.00,0.5,0.5,0.0,0.0,0.0
2026-01-23 09:26:32,clusterB,17,4,3,1,0.75,0.5,0.5,0.0,0.0,0.0
2026-01-23 09:26:37,clusterA,17,4,4,0,1.00,0.5,0.5,0.0,0.0,0.0
2026-01-23 09:26:37,clusterB,17,4,3,1,0.75,0.5,0.5,0.0,0.0,0.0
2026-01-23 09:26:42,clusterA,17,4,4,0,1.00,0.5,0.5,0.0,0.0,0.0
2026-01-23 09:26:42,clusterB,17,4,3,1,0.75,0.5,0.5,0.0,0.0,0.0
2026-01-23 09:26:47,clusterA,17,4,4,0,1.00,0.5,0.5,0.0,0.0,0.0
2026-01-23 09:26:47,clusterB,17,4,3,1,0.75,0.5,0.5,0.0,0.0,0.0
2026-01-23 09:26:52,clusterA,17,4,4,0,1.00,0.5,0.5,0.0,0.0,0.0
2026-01-23 09:26:52,clusterB,17,4,3,1,0.75,0.5,0.5,0.0,0.0,0.0
2026-01-23 09:26:57,clusterA,17,4,4,0,1.00,0.5,0.5,0.0,0.0,0.0
2026-01-23 09:26:57,clusterB,17,4,3,1,0.75,0.5,0.5,0.0,0.0,0.0
2026-01-23 09:27:02,clusterA,17,4,4,0,1.00,0.5,0.5,0.0,0.0,0.0
2026-01-23 09:27:02,clusterB,17,4,3,1,0.75,0.5,0.5,0.0,0.0,0.0
2026-01-23 09:27:07,clusterA,17,4,4,0,1.00,0.5,0.5,0.0,0.0,0.0
2026-01-23 09:27:07,clusterB,17,4,3,1,0.75,0.5,0.5,0.0,0.0,0.0
2026-01-23 09:27:12,clusterA,17,4,4,0,1.00,0.5,0.5,0.0,0.0,0.0
2026-01-23 09:27:12,clusterB,17,4,3,1,0.75,0.5,0.5,0.0,0.0,0.0
2026-01-23 09:27:17,clusterA,17,4,4,0,1.00,0.5,0.5,0.0,0.0,0.0
2026-01-23 09:27:17,clusterB,17,4,3,1,0.75,0.5,0.5,0.0,0.0,0.0
2026-01-23 09:27:22,clusterA,17,4,4,0,1.00,0.5,0.5,0.0,0.0,0.0
2026-01-23 09:27:22,clusterB,17,4,3,1,0.75,0.5,0.5,0.0,0.0,0.0
2026-01-23 09:27:27,clusterA,17,4,4,0,1.00,0.5,0.5,0.0,0.0,0.0
2026-01-23 09:27:27,clusterB,17,4,3,1,0.75,0.5,0.5,0.0,0.0,0.0
2026-01-23 09:27:32,clusterA,17,4,4,0,1.00,0.5,0.5,0.0,0.0,0.0
2026-01-23 09:27:32,clusterB,17,4,3,1,0.75,0.5,0.5,0.0,0.0,0.0
2026-01-23 09:27:37,clusterA,17,4,4,0,1.00,0.5,0.5,0.0,0.0,0.0
2026-01-23 09:27:37,clusterB,17,4,3,1,0.75,0.5,0.5,0.0,0.0,0.0
2026-01-23 09:27:42,clusterA,17,4,4,0,1.00,0.5,0.5,0.0,0.0,0.0
2026-01-23 09:27:42,clusterB,17,4,3,1,0.75,0.5,0.5,0.0,0.0,0.0
2026-01-23 09:27:47,clusterA,17,4,4,0,1.00,0.5,0.5,0.0,0.0,0.0
2026-01-23 09:27:47,clusterB,17,4,3,1,0.75,0.5,0.5,0.0,0.0,0.0
2026-01-23 09:27:52,clusterA,17,4,4,0,1.00,0.5,0.5,0.0,0.0,0.0
2026-01-23 09:27:52,clusterB,17,4,3,1,0.75,0.5,0.5,0.0,0.0,0.0
2026-01-23 09:27:57,clusterA,17,4,4,0,1.00,0.5,0.5,0.0,0.0,0.0
2026-01-23 09:27:57,clusterB,17,4,3,1,0.75,0.5,0.5,0.0,0.0,0.0
2026-01-23 09:28:02,clusterA,17,4,4,0,1.00,0.5,0.5,0.0,0.0,0.0
2026-01-23 09:28:02,clusterB,17,4,3,1,0.75,0.5,0.5,0.0,0.0,0.0
2026-01-23 09:28:07,clusterA,17,4,4,0,1.00,0.5,0.5,0.0,0.0,0.0
2026-01-23 09:28:07,clusterB,17,4,3,1,0.75,0.5,0.5,0.0,0.0,0.0
2026-01-23 09:28:12,clusterA,17,4,4,0,1.00,0.5,0.5,0.0,0.0,0.0
2026-01-23 09:28:12,clusterB,17,4,3,1,0.75,0.5,0.5,0.0,0.0,0.0
2026-01-23 09:28:17,clusterA,17,4,4,0,1.00,0.5,0.5,0.0,0.0,0.0
2026-01-23 09:28:17,clusterB,17,4,3,1,0.75,0.5,0.5,0.0,0.0,0.0
2026-01-23 09:28:22,clusterA,17,4,4,0,1.00,0.5,0.5,0.0,0.0,0.0
2026-01-23 09:28:22,clusterB,17,4,3,1,0.75,0.5,0.5,0.0,0.0,0.0
2026-01-23 09:28:27,clusterA,17,4,4,0,1.00,0.5,0.5,0.0,0.0,0.0
2026-01-23 09:28:27,clusterB,17,4,3,1,0.75,0.5,0.5,0.0,0.0,0.0
2026-01-23 09:28:32,clusterA,17,4,4,0,1.00,0.5,0.5,0.0,0.0,0.0
2026-01-23 09:28:32,clusterB,17,4,3,1,0.75,0.5,0.5,0.0,0.0,0.0
2026-01-23 09:28:37,clusterA,17,4,4,0,1.00,0.5,0.5,0.0,0.0,0.0
2026-01-23 09:28:37,clusterB,17,4,3,1,0.75,0.5,0.5,0.0,0.0,0.0
2026-01-23 09:28:42,clusterA,17,4,4,0,1.00,0.5,0.5,0.0,0.0,0.0
2026-01-23 09:28:42,clusterB,17,4,3,1,0.75,0.5,0.5,0.0,0.0,0.0
2026-01-23 09:28:47,clusterA,17,4,4,0,1.00,0.5,0.5,0.0,0.0,0.0
2026-01-23 09:28:47,clusterB,17,4,3,1,0.75,0.5,0.5,0.0,0.0,0.0
2026-01-23 09:28:52,clusterA,17,4,4,0,1.00,0.5,0.5,0.0,0.0,0.0
2026-01-23 09:28:52,clusterB,17,4,3,1,0.75,0.5,0.5,0.0,0.0,0.0
2026-01-23 09:28:57,clusterA,17,4,4,0,1.00,0.5,0.5,0.0,0.0,0.0
2026-01-23 09:28:57,clusterB,17,4,3,1,0.75,0.5,0.5,0.0,0.0,0.0
2026-01-23 09:29:02,clusterA,17,4,4,0,1.00,0.5,0.5,0.0,0.0,0.0
2026-01-23 09:29:02,clusterB,17,4,3,1,0.75,0.5,0.5,0.0,0.0,0.0
2026-01-23 09:29:07,clusterA,17,4,4,0,1.00,0.5,0.5,0.0,0.0,0.0
2026-01-23 09:29:07,clusterB,17,4,3,1,0.75,0.5,0.5,0.0,0.0,0.0
2026-01-23 09:29:12,clusterA,17,4,4,0,1.00,0.5,0.5,0.0,0.0,0.0
2026-01-23 09:29:12,clusterB,17,4,3,1,0.75,0.5,0.5,0.0,0.0,0.0
2026-01-23 09:29:17,clusterA,17,4,4,0,1.00,0.5,0.5,0.0,0.0,0.0
2026-01-23 09:29:17,clusterB,17,4,3,1,0.75,0.5,0.5,0.0,0.0,0.0
2026-01-23 09:29:22,clusterA,17,4,4,0,1.00,0.5,0.5,0.0,0.0,0.0
2026-01-23 09:29:22,clusterB,17,4,3,1,0.75,0.5,0.5,0.0,0.0,0.0
2026-01-23 09:29:27,clusterA,17,4,4,0,1.00,0.5,0.5,0.0,0.0,0.0
2026-01-23 09:29:27,clusterB,17,4,3,1,0.75,0.5,0.5,0.0,0.0,0.0
2026-01-23 09:29:32,clusterA,17,4,4,0,1.00,0.5,0.5,0.0,0.0,0.0
2026-01-23 09:29:32,clusterB,17,4,3,1,0.75,0.5,0.5,0.0,0.0,0.0
2026-01-23 09:29:37,clusterA,17,4,4,0,1.00,0.5,0.5,0.0,0.0,0.0
2026-01-23 09:29:37,clusterB,17,4,3,1,0.75,0.5,0.5,0.0,0.0,0.0
2026-01-23 09:29:42,clusterA,17,4,4,0,1.00,0.5,0.5,0.0,0.0,0.0
2026-01-23 09:29:42,clusterB,17,4,3,1,0.75,0.5,0.5,0.0,0.0,0.0
2026-01-23 09:29:47,clusterA,17,4,4,0,1.00,0.5,0.5,0.0,0.0,0.0
2026-01-23 09:29:47,clusterB,17,4,3,1,0.75,0.5,0.5,0.0,0.0,0.0
2026-01-23 09:29:52,clusterA,17,4,4,0,1.00,0.5,0.5,0.0,0.0,0.0
2026-01-23 09:29:52,clusterB,17,4,3,1,0.75,0.5,0.5,0.0,0.0,0.0
2026-01-23 09:29:58,clusterA,17,4,4,0,1.00,0.5,0.5,0.0,0.0,0.0
2026-01-23 09:29:58,clusterB,17,4,3,1,0.75,0.5,0.5,0.0,0.0,0.0
2026-01-23 09:30:03,clusterA,17,4,4,0,1.00,0.5,0.5,0.0,0.0,0.0
2026-01-23 09:30:03,clusterB,17,4,3,1,0.75,0.5,0.5,0.0,0.0,0.0
2026-01-23 09:30:08,clusterA,17,4,4,0,1.00,0.5,0.5,0.0,0.0,0.0
2026-01-23 09:30:08,clusterB,17,4,3,1,0.75,0.5,0.5,0.0,0.0,0.0
2026-01-23 09:30:13,clusterA,17,4,4,0,1.00,0.5,0.5,0.0,0.0,0.0
2026-01-23 09:30:13,clusterB,17,4,3,1,0.75,0.5,0.5,0.0,0.0,0.0
2026-01-23 09:30:18,clusterA,17,4,4,0,1.00,0.5,0.5,0.0,0.0,0.0
2026-01-23 09:30:18,clusterB,17,4,3,1,0.75,0.5,0.5,0.0,0.0,0.0
2026-01-23 09:30:23,clusterA,17,4,4,0,1.00,0.5,0.5,0.0,0.0,0.0
2026-01-23 09:30:23,clusterB,17,4,3,1,0.75,0.5,0.5,0.0,0.0,0.0
2026-01-23 09:30:28,clusterA,17,4,4,0,1.00,0.5,0.5,0.0,0.0,0.0
2026-01-23 09:30:28,clusterB,17,4,3,1,0.75,0.5,0.5,0.0,0.0,0.0
2026-01-23 09:30:33,clusterA,17,4,4,0,1.00,0.5,0.5,0.0,0.0,0.0
2026-01-23 09:30:33,clusterB,17,4,3,1,0.75,0.5,0.5,0.0,0.0,0.0
2026-01-23 09:30:38,clusterA,17,4,4,0,1.00,0.5,0.5,0.0,0.0,0.0
2026-01-23 09:30:38,clusterB,17,4,3,1,0.75,0.5,0.5,0.0,0.0,0.0
2026-01-23 09:30:43,clusterA,17,4,4,0,1.00,0.5,0.5,0.0,0.0,0.0
2026-01-23 09:30:43,clusterB,17,4,3,1,0.75,0.5,0.5,0.0,0.0,0.0
2026-01-23 09:30:48,clusterA,17,4,4,0,1.00,0.5,0.5,0.0,0.0,0.0
2026-01-23 09:30:48,clusterB,17,4,3,1,0.75,0.5,0.5,0.0,0.0,0.0
2026-01-23 09:30:53,clusterA,17,4,4,0,1.00,0.5,0.5,0.0,0.0,0.0
2026-01-23 09:30:53,clusterB,17,4,3,1,0.75,0.5,0.5,0.0,0.0,0.0
2026-01-23 09:30:58,clusterA,17,4,4,0,1.00,0.5,0.5,0.0,0.0,0.0
2026-01-23 09:30:58,clusterB,17,4,3,1,0.75,0.5,0.5,0.0,0.0,0.0
2026-01-23 09:31:03,clusterA,17,4,4,0,1.00,0.5,0.5,0.0,0.0,0.0
2026-01-23 09:31:03,clusterB,17,4,3,1,0.75,0.5,0.5,0.0,0.0,0.0
2026-01-23 09:31:08,clusterA,17,4,4,0,1.00,0.5,0.5,0.0,0.0,0.0
2026-01-23 09:31:08,clusterB,17,4,3,1,0.75,0.5,0.5,0.0,0.0,0.0
2026-01-23 09:31:13,clusterA,17,4,4,0,1.00,0.5,0.5,0.0,0.0,0.0
2026-01-23 09:31:13,clusterB,17,4,3,1,0.75,0.5,0.5,0.0,0.0,0.0
2026-01-23 09:31:18,clusterA,17,4,4,0,1.00,0.5,0.5,0.0,0.0,0.0
2026-01-23 09:31:18,clusterB,17,4,3,1,0.75,0.5,0.5,0.0,0.0,0.0
2026-01-23 09:31:23,clusterA,17,4,4,0,1.00,0.5,0.5,0.0,0.0,0.0
2026-01-23 09:31:23,clusterB,17,4,3,1,0.75,0.5,0.5,0.0,0.0,0.0
2026-01-23 09:31:28,clusterA,17,4,4,0,1.00,0.5,0.5,0.0,0.0,0.0
2026-01-23 09:31:28,clusterB,17,4,3,1,0.75,0.5,0.5,0.0,0.0,0.0
2026-01-23 09:31:33,clusterA,17,4,4,0,1.00,0.5,0.5,0.0,0.0,0.0
2026-01-23 09:31:33,clusterB,17,4,3,1,0.75,0.5,0.5,0.0,0.0,0.0
2026-01-23 09:31:38,clusterA,17,4,4,0,1.00,0.5,0.5,0.0,0.0,0.0
2026-01-23 09:31:38,clusterB,17,4,3,1,0.75,0.5,0.5,0.0,0.0,0.0
2026-01-23 09:31:43,clusterA,17,4,4,0,1.00,0.5,0.5,0.0,0.0,0.0
2026-01-23 09:31:43,clusterB,17,4,3,1,0.75,0.5,0.5,0.0,0.0,0.0
2026-01-23 09:31:48,clusterA,17,4,4,0,1.00,0.5,0.5,0.0,0.0,0.0
2026-01-23 09:31:48,clusterB,17,4,3,1,0.75,0.5,0.5,0.0,0.0,0.0
2026-01-23 09:31:53,clusterA,17,4,4,0,1.00,0.5,0.5,0.0,0.0,0.0
2026-01-23 09:31:53,clusterB,17,4,3,1,0.75,0.5,0.5,0.0,0.0,0.0
2026-01-23 09:31:58,clusterA,17,4,4,0,1.00,0.5,0.5,0.0,0.0,0.0
2026-01-23 09:31:58,clusterB,17,4,3,1,0.75,0.5,0.5,0.0,0.0,0.0
2026-01-23 09:32:03,clusterA,17,4,4,0,1.00,0.5,0.5,0.0,0.0,0.0
2026-01-23 09:32:03,clusterB,17,4,3,1,0.75,0.5,0.5,0.0,0.0,0.0
2026-01-23 09:32:08,clusterA,17,4,4,0,1.00,0.5,0.5,0.0,0.0,0.0
2026-01-23 09:32:08,clusterB,17,4,3,1,0.75,0.5,0.5,0.0,0.0,0.0
2026-01-23 09:32:13,clusterA,17,4,4,0,1.00,0.5,0.5,0.0,0.0,0.0
2026-01-23 09:32:13,clusterB,17,4,3,1,0.75,0.5,0.5,0.0,0.0,0.0
2026-01-23 09:32:18,clusterA,17,4,4,0,1.00,0.5,0.5,0.0,0.0,0.0
2026-01-23 09:32:18,clusterB,17,4,3,1,0.75,0.5,0.5,0.0,0.0,0.0
2026-01-23 09:32:23,clusterA,17,4,4,0,1.00,0.5,0.5,0.0,0.0,0.0
2026-01-23 09:32:23,clusterB,17,4,3,1,0.75,0.5,0.5,0.0,0.0,0.0
2026-01-23 09:32:28,clusterA,17,4,4,0,1.00,0.5,0.5,0.0,0.0,0.0
2026-01-23 09:32:28,clusterB,17,4,3,1,0.75,0.5,0.5,0.0,0.0,0.0
2026-01-23 09:32:33,clusterA,17,4,4,0,1.00,0.5,0.5,0.0,0.0,0.0
2026-01-23 09:32:33,clusterB,17,4,3,1,0.75,0.5,0.5,0.0,0.0,0.0
2026-01-23 09:32:38,clusterA,17,4,4,0,1.00,0.5,0.5,0.0,0.0,0.0
2026-01-23 09:32:38,clusterB,17,4,3,1,0.75,0.5,0.5,0.0,0.0,0.0
2026-01-23 09:32:43,clusterA,17,4,4,0,1.00,0.5,0.5,0.0,0.0,0.0
2026-01-23 09:32:43,clusterB,17,4,3,1,0.75,0.5,0.5,0.0,0.0,0.0
2026-01-23 09:32:48,clusterA,17,4,4,0,1.00,0.5,0.5,0.0,0.0,0.0
2026-01-23 09:32:48,clusterB,17,4,3,1,0.75,0.5,0.5,0.0,0.0,0.0
2026-01-23 09:32:53,clusterA,17,4,4,0,1.00,0.5,0.5,0.0,0.0,0.0
2026-01-23 09:32:53,clusterB,17,4,3,1,0.75,0.5,0.5,0.0,0.0,0.0
2026-01-23 09:32:58,clusterA,17,4,4,0,1.00,0.5,0.5,0.0,0.0,0.0
2026-01-23 09:32:58,clusterB,17,4,3,1,0.75,0.5,0.5,0.0,0.0,0.0
2026-01-23 09:33:03,clusterA,17,4,4,0,1.00,0.5,0.5,0.0,0.0,0.0
2026-01-23 09:33:03,clusterB,17,4,3,1,0.75,0.5,0.5,0.0,0.0,0.0
2026-01-23 09:33:08,clusterA,17,4,4,0,1.00,0.5,0.5,0.0,0.0,0.0
2026-01-23 09:33:08,clusterB,17,4,3,1,0.75,0.5,0.5,0.0,0.0,0.0
2026-01-23 09:33:13,clusterA,17,4,4,0,1.00,0.5,0.5,0.0,0.0,0.0
2026-01-23 09:33:13,clusterB,17,4,3,1,0.75,0.5,0.5,0.0,0.0,0.0
2026-01-23 09:33:18,clusterA,17,4,4,0,1.00,0.5,0.5,0.0,0.0,0.0
2026-01-23 09:33:18,clusterB,17,4,3,1,0.75,0.5,0.5,0.0,0.0,0.0
2026-01-23 09:33:23,clusterA,17,4,4,0,1.00,0.5,0.5,0.0,0.0,0.0
2026-01-23 09:33:23,clusterB,17,4,3,1,0.75,0.5,0.5,0.0,0.0,0.0
2026-01-23 09:33:28,clusterA,17,4,4,0,1.00,0.5,0.5,0.0,0.0,0.0
2026-01-23 09:33:28,clusterB,17,4,3,1,0.75,0.5,0.5,0.0,0.0,0.0
2026-01-23 09:33:33,clusterA,17,4,4,0,1.00,0.5,0.5,0.0,0.0,0.0
2026-01-23 09:33:33,clusterB,17,4,3,1,0.75,0.5,0.5,0.0,0.0,0.0
2026-01-23 09:33:38,clusterA,17,4,4,0,1.00,0.5,0.5,0.0,0.0,0.0
2026-01-23 09:33:38,clusterB,17,4,3,1,0.75,0.5,0.5,0.0,0.0,0.0
2026-01-23 09:33:43,clusterA,17,4,4,0,1.00,0.5,0.5,0.0,0.0,0.0
2026-01-23 09:33:43,clusterB,17,4,3,1,0.75,0.5,0.5,0.0,0.0,0.0
2026-01-23 09:33:48,clusterA,17,4,4,0,1.00,0.5,0.5,0.0,0.0,0.0
2026-01-23 09:33:48,clusterB,17,4,3,1,0.75,0.5,0.5,0.0,0.0,0.0
2026-01-23 09:33:53,clusterA,17,4,4,0,1.00,0.5,0.5,0.0,0.0,0.0
2026-01-23 09:33:53,clusterB,17,4,3,1,0.75,0.5,0.5,0.0,0.0,0.0
2026-01-23 09:33:58,clusterA,17,4,4,0,1.00,0.5,0.5,0.0,0.0,0.0
2026-01-23 09:33:58,clusterB,17,4,3,1,0.75,0.5,0.5,0.0,0.0,0.0
2026-01-23 09:34:03,clusterA,17,4,4,0,1.00,0.5,0.5,0.0,0.0,0.0
2026-01-23 09:34:03,clusterB,17,4,3,1,0.75,0.5,0.5,0.0,0.0,0.0
2026-01-23 09:34:08,clusterA,17,4,4,0,1.00,0.5,0.5,0.0,0.0,0.0
2026-01-23 09:34:08,clusterB,17,4,3,1,0.75,0.5,0.5,0.0,0.0,0.0
2026-01-23 09:34:13,clusterA,17,4,4,0,1.00,0.5,0.5,0.0,0.0,0.0
2026-01-23 09:34:13,clusterB,17,4,3,1,0.75,0.5,0.5,0.0,0.0,0.0
2026-01-23 09:34:18,clusterA,17,4,4,0,1.00,0.5,0.5,0.0,0.0,0.0
2026-01-23 09:34:18,clusterB,17,4,3,1,0.75,0.5,0.5,0.0,0.0,0.0
2026-01-23 09:34:23,clusterA,17,4,4,0,1.00,0.5,0.5,0.0,0.0,0.0
2026-01-23 09:34:23,clusterB,17,4,3,1,0.75,0.5,0.5,0.0,0.0,0.0
2026-01-23 09:34:28,clusterA,17,4,4,0,1.00,0.5,0.5,0.0,0.0,0.0
2026-01-23 09:34:28,clusterB,17,4,3,1,0.75,0.5,0.5,0.0,0.0,0.0
2026-01-23 09:34:33,clusterA,17,4,4,0,1.00,0.5,0.5,0.0,0.0,0.0
2026-01-23 09:34:33,clusterB,17,4,2,2,0.50,0.5,0.5,0.0,0.0,0.0
2026-01-23 09:34:38,clusterA,17,4,4,0,1.00,0.5,0.5,0.0,0.0,0.0
2026-01-23 09:34:38,clusterB,17,4,2,2,0.50,0.5,0.5,0.0,0.0,0.0
2026-01-23 09:34:43,clusterA,17,4,4,0,1.00,0.5,0.5,0.0,0.0,0.0
2026-01-23 09:34:43,clusterB,17,4,2,2,0.50,0.5,0.5,0.0,0.0,0.0
2026-01-23 09:34:48,clusterA,17,4,4,0,1.00,0.5,0.5,0.0,0.0,0.0
2026-01-23 09:34:48,clusterB,17,4,2,2,0.50,0.5,0.5,0.0,0.0,0.0
2026-01-23 09:34:53,clusterA,17,4,4,0,1.00,0.5,0.5,0.0,0.0,0.0
2026-01-23 09:34:53,clusterB,17,4,2,2,0.50,0.5,0.5,0.0,0.0,0.0
2026-01-23 09:34:58,clusterA,17,4,4,0,1.00,0.5,0.5,0.0,0.0,0.0
2026-01-23 09:34:58,clusterB,17,4,2,2,0.50,0.5,0.5,0.0,0.0,0.0
2026-01-23 09:35:03,clusterA,17,4,4,0,1.00,0.5,0.5,0.0,0.0,0.0
2026-01-23 09:35:03,clusterB,17,4,2,2,0.50,0.5,0.5,0.0,0.0,0.0
2026-01-23 09:35:08,clusterA,17,4,4,0,1.00,0.5,0.5,0.0,0.0,0.0
2026-01-23 09:35:08,clusterB,17,4,2,2,0.50,0.5,0.5,0.0,0.0,0.0
2026-01-23 09:35:13,clusterA,17,4,4,0,1.00,0.5,0.5,0.0,0.0,0.0
2026-01-23 09:35:13,clusterB,17,4,2,2,0.50,0.5,0.5,0.0,0.0,0.0
2026-01-23 09:35:18,clusterA,17,4,4,0,1.00,0.5,0.5,0.0,0.0,0.0
2026-01-23 09:35:18,clusterB,17,4,2,2,0.50,0.5,0.5,0.0,0.0,0.0
2026-01-23 09:35:23,clusterA,17,4,4,0,1.00,0.5,0.5,0.0,0.0,0.0
2026-01-23 09:35:23,clusterB,17,4,2,2,0.50,0.5,0.5,0.0,0.0,0.0
2026-01-23 09:35:28,clusterA,17,4,4,0,1.00,0.5,0.5,0.0,0.0,0.0
2026-01-23 09:35:28,clusterB,17,4,2,2,0.50,0.5,0.5,0.0,0.0,0.0
2026-01-23 09:35:33,clusterA,17,4,4,0,1.00,0.5,0.5,0.0,0.0,0.0
2026-01-23 09:35:33,clusterB,17,4,2,2,0.50,0.5,0.5,0.0,0.0,0.0
2026-01-23 09:35:38,clusterA,17,4,4,0,1.00,0.5,0.5,0.0,0.0,0.0
2026-01-23 09:35:38,clusterB,17,4,2,2,0.50,0.5,0.5,0.0,0.0,0.0
2026-01-23 09:35:43,clusterA,17,4,4,0,1.00,0.5,0.5,0.0,0.0,0.0
2026-01-23 09:35:43,clusterB,17,4,2,2,0.50,0.5,0.5,0.0,0.0,0.0
2026-01-23 09:35:48,clusterA,17,4,4,0,1.00,0.5,0.5,0.0,0.0,0.0
2026-01-23 09:35:48,clusterB,17,4,2,2,0.50,0.5,0.5,0.0,0.0,0.0
2026-01-23 09:35:53,clusterA,17,4,4,0,1.00,0.5,0.5,0.0,0.0,0.0
2026-01-23 09:35:53,clusterB,17,4,2,2,0.50,0.5,0.5,0.0,0.0,0.0
2026-01-23 09:35:58,clusterA,17,4,4,0,1.00,0.5,0.5,0.0,0.0,0.0
2026-01-23 09:35:58,clusterB,17,4,2,2,0.50,0.5,0.5,0.0,0.0,0.0
2026-01-23 09:36:03,clusterA,17,4,4,0,1.00,0.5,0.5,0.0,0.0,0.0
2026-01-23 09:36:03,clusterB,17,4,2,2,0.50,0.5,0.5,0.0,0.0,0.0
2026-01-23 09:36:08,clusterA,17,4,4,0,1.00,0.5,0.5,0.0,0.0,0.0
2026-01-23 09:36:08,clusterB,17,4,2,2,0.50,0.5,0.5,0.0,0.0,0.0
2026-01-23 09:36:13,clusterA,17,4,4,0,1.00,0.5,0.5,0.0,0.0,0.0
2026-01-23 09:36:13,clusterB,17,4,2,2,0.50,0.5,0.5,0.0,0.0,0.0
2026-01-23 09:36:18,clusterA,17,4,4,0,1.00,0.5,0.5,0.0,0.0,0.0
2026-01-23 09:36:18,clusterB,17,4,2,2,0.50,0.5,0.5,0.0,0.0,0.0
2026-01-23 09:36:23,clusterA,17,4,4,0,1.00,0.5,0.5,0.0,0.0,0.0
2026-01-23 09:36:23,clusterB,17,4,2,2,0.50,0.5,0.5,0.0,0.0,0.0
2026-01-23 09:36:28,clusterA,17,4,4,0,1.00,0.5,0.5,0.0,0.0,0.0
2026-01-23 09:36:28,clusterB,17,4,2,2,0.50,0.5,0.5,0.0,0.0,0.0
2026-01-23 09:36:33,clusterA,17,4,4,0,1.00,0.5,0.5,0.0,0.0,0.0
2026-01-23 09:36:33,clusterB,17,4,2,2,0.50,0.5,0.5,0.0,0.0,0.0
2026-01-23 09:36:38,clusterA,17,4,4,0,1.00,0.5,0.5,0.0,0.0,0.0
2026-01-23 09:36:38,clusterB,17,4,2,2,0.50,0.5,0.5,0.0,0.0,0.0
2026-01-23 09:36:43,clusterA,17,4,4,0,1.00,0.5,0.5,0.0,0.0,0.0
2026-01-23 09:36:43,clusterB,17,4,2,2,0.50,0.5,0.5,0.0,0.0,0.0
2026-01-23 09:36:48,clusterA,17,4,4,0,1.00,0.5,0.5,0.0,0.0,0.0
2026-01-23 09:36:48,clusterB,17,4,2,2,0.50,0.5,0.5,0.0,0.0,0.0
2026-01-23 09:36:53,clusterA,17,4,4,0,1.00,0.5,0.5,0.0,0.0,0.0
2026-01-23 09:36:53,clusterB,17,4,2,2,0.50,0.5,0.5,0.0,0.0,0.0
2026-01-23 09:36:58,clusterA,17,4,4,0,1.00,0.5,0.5,0.0,0.0,0.0
2026-01-23 09:36:58,clusterB,17,4,2,2,0.50,0.5,0.5,0.0,0.0,0.0
2026-01-23 09:37:03,clusterA,17,4,4,0,1.00,0.5,0.5,0.0,0.0,0.0
2026-01-23 09:37:03,clusterB,17,4,2,2,0.50,0.5,0.5,0.0,0.0,0.0
2026-01-23 09:37:08,clusterA,17,4,4,0,1.00,0.5,0.5,0.0,0.0,0.0
2026-01-23 09:37:08,clusterB,17,4,2,2,0.50,0.5,0.5,0.0,0.0,0.0
2026-01-23 09:37:13,clusterA,17,4,4,0,1.00,0.5,0.5,0.0,0.0,0.0
2026-01-23 09:37:13,clusterB,17,4,2,2,0.50,0.5,0.5,0.0,0.0,0.0
2026-01-23 09:37:18,clusterA,17,4,4,0,1.00,0.5,0.5,0.0,0.0,0.0
2026-01-23 09:37:18,clusterB,17,4,2,2,0.50,0.5,0.5,0.0,0.0,0.0
2026-01-23 09:37:23,clusterA,17,4,4,0,1.00,0.5,0.5,0.0,0.0,0.0
2026-01-23 09:37:23,clusterB,17,4,2,2,0.50,0.5,0.5,0.0,0.0,0.0
2026-01-23 09:37:28,clusterA,17,4,4,0,1.00,0.5,0.5,0.0,0.0,0.0
2026-01-23 09:37:28,clusterB,17,4,2,2,0.50,0.5,0.5,0.0,0.0,0.0
2026-01-23 09:37:33,clusterA,17,4,4,0,1.00,0.5,0.5,0.0,0.0,0.0
2026-01-23 09:37:33,clusterB,17,4,2,2,0.50,0.5,0.5,0.0,0.0,0.0
2026-01-23 09:37:38,clusterA,17,4,4,0,1.00,0.5,0.5,0.0,0.0,0.0
2026-01-23 09:37:38,clusterB,17,4,2,2,0.50,0.5,0.5,0.0,0.0,0.0
2026-01-23 09:37:43,clusterA,17,4,4,0,1.00,0.5,0.5,0.0,0.0,0.0
2026-01-23 09:37:43,clusterB,17,4,2,2,0.50,0.5,0.5,0.0,0.0,0.0
2026-01-23 09:37:48,clusterA,17,4,4,0,1.00,0.5,0.5,0.0,0.0,0.0
2026-01-23 09:37:48,clusterB,17,4,2,2,0.50,0.5,0.5,0.0,0.0,0.0
2026-01-23 09:37:53,clusterA,17,4,4,0,1.00,0.5,0.5,0.0,0.0,0.0
2026-01-23 09:37:53,clusterB,17,4,2,2,0.50,0.5,0.5,0.0,0.0,0.0
2026-01-23 09:37:58,clusterA,17,4,4,0,1.00,0.5,0.5,0.0,0.0,0.0
2026-01-23 09:37:58,clusterB,17,4,2,2,0.50,0.5,0.5,0.0,0.0,0.0
2026-01-23 09:38:04,clusterA,17,4,4,0,1.00,0.5,0.5,0.0,0.0,0.0
2026-01-23 09:38:04,clusterB,17,4,2,2,0.50,0.5,0.5,0.0,0.0,0.0
2026-01-23 09:38:09,clusterA,17,4,4,0,1.00,0.5,0.5,0.0,0.0,0.0
2026-01-23 09:38:09,clusterB,17,4,2,2,0.50,0.5,0.5,0.0,0.0,0.0
2026-01-23 09:38:14,clusterA,17,4,4,0,1.00,0.5,0.5,0.0,0.0,0.0
2026-01-23 09:38:14,clusterB,17,4,2,2,0.50,0.5,0.5,0.0,0.0,0.0
2026-01-23 09:38:19,clusterA,17,4,4,0,1.00,0.5,0.5,0.0,0.0,0.0
2026-01-23 09:38:19,clusterB,17,4,2,2,0.50,0.5,0.5,0.0,0.0,0.0
2026-01-23 09:38:24,clusterA,17,4,4,0,1.00,0.5,0.5,0.0,0.0,0.0
2026-01-23 09:38:24,clusterB,17,4,2,2,0.50,0.5,0.5,0.0,0.0,0.0
2026-01-23 09:38:29,clusterA,17,4,4,0,1.00,0.5,0.5,0.0,0.0,0.0
2026-01-23 09:38:29,clusterB,17,4,2,2,0.50,0.5,0.5,0.0,0.0,0.0
2026-01-23 09:38:34,clusterA,17,4,4,0,1.00,0.5,0.5,0.0,0.0,0.0
2026-01-23 09:38:34,clusterB,17,4,2,2,0.50,0.5,0.5,0.0,0.0,0.0
2026-01-23 09:38:39,clusterA,17,4,4,0,1.00,0.5,0.5,0.0,0.0,0.0
2026-01-23 09:38:39,clusterB,17,4,2,2,0.50,0.5,0.5,0.0,0.0,0.0
2026-01-23 09:38:44,clusterA,17,4,4,0,1.00,0.5,0.5,0.0,0.0,0.0
2026-01-23 09:38:44,clusterB,17,4,2,2,0.50,0.5,0.5,0.0,0.0,0.0
2026-01-23 09:38:49,clusterA,17,4,4,0,1.00,0.5,0.5,0.0,0.0,0.0
2026-01-23 09:38:49,clusterB,17,4,2,2,0.50,0.5,0.5,0.0,0.0,0.0
2026-01-23 09:38:54,clusterA,17,4,4,0,1.00,0.5,0.5,0.0,0.0,0.0
2026-01-23 09:38:54,clusterB,17,4,2,2,0.50,0.5,0.5,0.0,0.0,0.0
2026-01-23 09:38:59,clusterA,17,4,4,0,1.00,0.5,0.5,0.0,0.0,0.0
2026-01-23 09:38:59,clusterB,17,4,2,2,0.50,0.5,0.5,0.0,0.0,0.0
2026-01-23 09:39:04,clusterA,17,4,4,0,1.00,0.5,0.5,0.0,0.0,0.0
2026-01-23 09:39:04,clusterB,17,4,2,2,0.50,0.5,0.5,0.0,0.0,0.0
2026-01-23 09:39:09,clusterA,17,4,4,0,1.00,0.5,0.5,0.0,0.0,0.0
2026-01-23 09:39:09,clusterB,17,4,2,2,0.50,0.5,0.5,0.0,0.0,0.0
2026-01-23 09:39:14,clusterA,17,4,4,0,1.00,0.5,0.5,0.0,0.0,0.0
2026-01-23 09:39:14,clusterB,17,4,2,2,0.50,0.5,0.5,0.0,0.0,0.0
2026-01-23 09:39:19,clusterA,17,4,4,0,1.00,0.5,0.5,0.0,0.0,0.0
2026-01-23 09:39:19,clusterB,17,4,2,2,0.50,0.5,0.5,0.0,0.0,0.0
2026-01-23 09:39:24,clusterA,17,4,4,0,1.00,0.5,0.5,0.0,0.0,0.0
2026-01-23 09:39:24,clusterB,17,4,2,2,0.50,0.5,0.5,0.0,0.0,0.0
2026-01-23 09:39:29,clusterA,17,4,4,0,1.00,0.5,0.5,0.0,0.0,0.0
2026-01-23 09:39:29,clusterB,17,4,2,2,0.50,0.5,0.5,0.0,0.0,0.0
2026-01-23 09:39:34,clusterA,17,4,4,0,1.00,0.5,0.5,0.0,0.0,0.0
2026-01-23 09:39:34,clusterB,17,4,2,2,0.50,0.5,0.5,0.0,0.0,0.0
2026-01-23 09:39:39,clusterA,17,4,4,0,1.00,0.5,0.5,0.0,0.0,0.0
2026-01-23 09:39:39,clusterB,17,4,2,2,0.50,0.5,0.5,0.0,0.0,0.0
2026-01-23 09:39:44,clusterA,17,4,4,0,1.00,0.5,0.5,0.0,0.0,0.0
2026-01-23 09:39:44,clusterB,17,4,2,2,0.50,0.5,0.5,0.0,0.0,0.0
2026-01-23 09:39:49,clusterA,17,4,4,0,1.00,0.5,0.5,0.0,0.0,0.0
2026-01-23 09:39:49,clusterB,17,4,2,2,0.50,0.5,0.5,0.0,0.0,0.0
2026-01-23 09:39:54,clusterA,17,4,4,0,1.00,0.5,0.5,0.0,0.0,0.0
2026-01-23 09:39:54,clusterB,17,4,2,2,0.50,0.5,0.5,0.0,0.0,0.0
2026-01-23 09:39:59,clusterA,17,4,4,0,1.00,0.5,0.5,0.0,0.0,0.0
2026-01-23 09:39:59,clusterB,17,4,2,2,0.50,0.5,0.5,0.0,0.0,0.0
2026-01-23 09:40:04,clusterA,17,4,4,0,1.00,0.5,0.5,0.0,0.0,0.0
2026-01-23 09:40:04,clusterB,17,4,2,2,0.50,0.5,0.5,0.0,0.0,0.0
2026-01-23 09:40:09,clusterA,17,4,4,0,1.00,0.5,0.5,0.0,0.0,0.0
2026-01-23 09:40:09,clusterB,17,4,2,2,0.50,0.5,0.5,0.0,0.0,0.0
2026-01-23 09:40:14,clusterA,17,4,4,0,1.00,0.5,0.5,0.0,0.0,0.0
2026-01-23 09:40:14,clusterB,17,4,2,2,0.50,0.5,0.5,0.0,0.0,0.0
2026-01-23 09:40:19,clusterA,17,4,4,0,1.00,0.5,0.5,0.0,0.0,0.0
2026-01-23 09:40:19,clusterB,17,4,2,2,0.50,0.5,0.5,0.0,0.0,0.0
2026-01-23 09:40:24,clusterA,17,4,4,0,1.00,0.5,0.5,0.0,0.0,0.0
2026-01-23 09:40:24,clusterB,17,4,2,2,0.50,0.5,0.5,0.0,0.0,0.0
2026-01-23 09:40:29,clusterA,17,4,4,0,1.00,0.5,0.5,0.0,0.0,0.0
2026-01-23 09:40:29,clusterB,17,4,2,2,0.50,0.5,0.5,0.0,0.0,0.0
2026-01-23 09:40:34,clusterA,17,4,4,0,1.00,0.5,0.5,0.0,0.0,0.0
2026-01-23 09:40:34,clusterB,17,4,2,2,0.50,0.5,0.5,0.0,0.0,0.0
2026-01-23 09:40:39,clusterA,17,4,4,0,1.00,0.5,0.5,0.0,0.0,0.0
2026-01-23 09:40:39,clusterB,17,4,2,2,0.50,0.5,0.5,0.0,0.0,0.0
2026-01-23 09:40:44,clusterA,17,4,4,0,1.00,0.5,0.5,0.0,0.0,0.0
2026-01-23 09:40:44,clusterB,17,4,2,2,0.50,0.5,0.5,0.0,0.0,0.0
2026-01-23 09:40:49,clusterA,17,4,4,0,1.00,0.5,0.5,0.0,0.0,0.0
2026-01-23 09:40:49,clusterB,17,4,2,2,0.50,0.5,0.5,0.0,0.0,0.0
2026-01-23 09:40:54,clusterA,17,4,4,0,1.00,0.5,0.5,0.0,0.0,0.0
2026-01-23 09:40:54,clusterB,17,4,2,2,0.50,0.5,0.5,0.0,0.0,0.0
2026-01-23 09:40:59,clusterA,17,4,4,0,1.00,0.5,0.5,0.0,0.0,0.0
2026-01-23 09:40:59,clusterB,17,4,2,2,0.50,0.5,0.5,0.0,0.0,0.0
2026-01-23 09:41:04,clusterA,17,4,4,0,1.00,0.5,0.5,0.0,0.0,0.0
2026-01-23 09:41:04,clusterB,17,4,2,2,0.50,0.5,0.5,0.0,0.0,0.0
2026-01-23 09:41:09,clusterA,17,4,4,0,1.00,0.5,0.5,0.0,0.0,0.0
2026-01-23 09:41:09,clusterB,17,4,2,2,0.50,0.5,0.5,0.0,0.0,0.0
2026-01-23 09:41:14,clusterA,17,4,4,0,1.00,0.5,0.5,0.0,0.0,0.0
2026-01-23 09:41:14,clusterB,17,4,2,2,0.50,0.5,0.5,0.0,0.0,0.0
2026-01-23 09:41:19,clusterA,17,4,4,0,1.00,0.5,0.5,0.0,0.0,0.0
2026-01-23 09:41:19,clusterB,17,4,2,2,0.50,0.5,0.5,0.0,0.0,0.0
2026-01-23 09:41:24,clusterA,17,4,4,0,1.00,0.5,0.5,0.0,0.0,0.0
2026-01-23 09:41:24,clusterB,17,4,2,2,0.50,0.5,0.5,0.0,0.0,0.0
2026-01-23 09:41:29,clusterA,17,4,4,0,1.00,0.5,0.5,0.0,0.0,0.0
2026-01-23 09:41:29,clusterB,17,4,2,2,0.50,0.5,0.5,0.0,0.0,0.0
2026-01-23 09:41:34,clusterA,17,4,4,0,1.00,0.5,0.5,0.0,0.0,0.0
2026-01-23 09:41:34,clusterB,17,4,2,2,0.50,0.5,0.5,0.0,0.0,0.0
2026-01-23 09:41:39,clusterA,17,4,4,0,1.00,0.5,0.5,0.0,0.0,0.0
2026-01-23 09:41:39,clusterB,17,4,2,2,0.50,0.5,0.5,0.0,0.0,0.0
2026-01-23 09:41:44,clusterA,17,4,4,0,1.00,0.5,0.5,0.0,0.0,0.0
2026-01-23 09:41:44,clusterB,17,4,2,2,0.50,0.5,0.5,0.0,0.0,0.0
2026-01-23 09:41:49,clusterA,17,4,4,0,1.00,0.5,0.5,0.0,0.0,0.0
2026-01-23 09:41:49,clusterB,17,4,2,2,0.50,0.5,0.5,0.0,0.0,0.0
2026-01-23 09:41:54,clusterA,17,4,4,0,1.00,0.5,0.5,0.0,0.0,0.0
2026-01-23 09:41:54,clusterB,17,4,2,2,0.50,0.5,0.5,0.0,0.0,0.0
2026-01-23 09:41:59,clusterA,17,4,4,0,1.00,0.5,0.5,0.0,0.0,0.0
2026-01-23 09:41:59,clusterB,17,4,2,2,0.50,0.5,0.5,0.0,0.0,0.0
2026-01-23 09:42:04,clusterA,17,4,4,0,1.00,0.5,0.5,0.0,0.0,0.0
2026-01-23 09:42:04,clusterB,17,4,2,2,0.50,0.5,0.5,0.0,0.0,0.0
2026-01-23 09:42:09,clusterA,17,4,4,0,1.00,0.5,0.5,0.0,0.0,0.0
2026-01-23 09:42:09,clusterB,17,4,2,2,0.50,0.5,0.5,0.0,0.0,0.0
2026-01-23 09:42:14,clusterA,17,4,4,0,1.00,0.5,0.5,0.0,0.0,0.0
2026-01-23 09:42:14,clusterB,17,4,2,2,0.50,0.5,0.5,0.0,0.0,0.0
2026-01-23 09:42:19,clusterA,17,4,4,0,1.00,0.5,0.5,0.0,0.0,0.0
2026-01-23 09:42:19,clusterB,17,4,2,2,0.50,0.5,0.5,0.0,0.0,0.0
2026-01-23 09:42:24,clusterA,17,4,4,0,1.00,0.5,0.5,0.0,0.0,0.0
2026-01-23 09:42:24,clusterB,17,4,2,2,0.50,0.5,0.5,0.0,0.0,0.0
2026-01-23 09:42:29,clusterA,17,4,4,0,1.00,0.5,0.5,0.0,0.0,0.0
2026-01-23 09:42:29,clusterB,17,4,2,2,0.50,0.5,0.5,0.0,0.0,0.0
2026-01-23 09:42:34,clusterA,17,4,4,0,1.00,0.5,0.5,0.0,0.0,0.0
2026-01-23 09:42:34,clusterB,17,4,2,2,0.50,0.5,0.5,0.0,0.0,0.0
2026-01-23 09:42:39,clusterA,17,4,4,0,1.00,0.5,0.5,0.0,0.0,0.0
2026-01-23 09:42:39,clusterB,17,4,2,2,0.50,0.5,0.5,0.0,0.0,0.0
2026-01-23 09:42:44,clusterA,17,4,4,0,1.00,0.5,0.5,0.0,0.0,0.0
2026-01-23 09:42:44,clusterB,17,4,2,2,0.50,0.5,0.5,0.0,0.0,0.0
2026-01-23 09:42:49,clusterA,17,4,4,0,1.00,0.5,0.5,0.0,0.0,0.0
2026-01-23 09:42:49,clusterB,17,4,2,2,0.50,0.5,0.5,0.0,0.0,0.0
2026-01-23 09:42:54,clusterA,17,4,4,0,1.00,0.5,0.5,0.0,0.0,0.0
2026-01-23 09:42:54,clusterB,17,4,2,2,0.50,0.5,0.5,0.0,0.0,0.0
2026-01-23 09:42:59,clusterA,17,4,4,0,1.00,0.5,0.5,0.0,0.0,0.0
2026-01-23 09:42:59,clusterB,17,4,2,2,0.50,0.5,0.5,0.0,0.0,0.0
2026-01-23 09:43:04,clusterA,17,4,4,0,1.00,0.5,0.5,0.0,0.0,0.0
2026-01-23 09:43:04,clusterB,17,4,2,2,0.50,0.5,0.5,0.0,0.0,0.0
2026-01-23 09:43:09,clusterA,17,4,4,0,1.00,0.5,0.5,0.0,0.0,0.0
2026-01-23 09:43:09,clusterB,17,4,2,2,0.50,0.5,0.5,0.0,0.0,0.0
2026-01-23 09:43:14,clusterA,17,4,4,0,1.00,0.5,0.5,0.0,0.0,0.0
2026-01-23 09:43:14,clusterB,17,4,2,2,0.50,0.5,0.5,0.0,0.0,0.0
2026-01-23 09:43:19,clusterA,17,4,4,0,1.00,0.5,0.5,0.0,0.0,0.0
2026-01-23 09:43:19,clusterB,17,4,2,2,0.50,0.5,0.5,0.0,0.0,0.0
2026-01-23 09:43:24,clusterA,17,4,4,0,1.00,0.5,0.5,0.0,0.0,0.0
2026-01-23 09:43:24,clusterB,17,4,2,2,0.50,0.5,0.5,0.0,0.0,0.0
2026-01-23 09:43:29,clusterA,17,4,4,0,1.00,0.5,0.5,0.0,0.0,0.0
2026-01-23 09:43:29,clusterB,17,4,2,2,0.50,0.5,0.5,0.0,0.0,0.0
2026-01-23 09:43:34,clusterA,17,4,4,0,1.00,0.5,0.5,0.0,0.0,0.0
2026-01-23 09:43:34,clusterB,17,4,2,2,0.50,0.5,0.5,0.0,0.0,0.0
2026-01-23 09:43:39,clusterA,17,4,4,0,1.00,0.5,0.5,0.0,0.0,0.0
2026-01-23 09:43:39,clusterB,17,4,2,2,0.50,0.5,0.5,0.0,0.0,0.0
2026-01-23 09:43:44,clusterA,17,4,4,0,1.00,0.5,0.5,0.0,0.0,0.0
2026-01-23 09:43:44,clusterB,17,4,2,2,0.50,0.5,0.5,0.0,0.0,0.0
2026-01-23 09:43:49,clusterA,17,4,4,0,1.00,0.5,0.5,0.0,0.0,0.0
2026-01-23 09:43:49,clusterB,17,4,2,2,0.50,0.5,0.5,0.0,0.0,0.0
2026-01-23 09:43:54,clusterA,17,4,4,0,1.00,0.5,0.5,0.0,0.0,0.0
2026-01-23 09:43:54,clusterB,17,4,2,2,0.50,0.5,0.5,0.0,0.0,0.0
2026-01-23 09:43:59,clusterA,17,4,4,0,1.00,0.5,0.5,0.0,0.0,0.0
2026-01-23 09:43:59,clusterB,17,4,2,2,0.50,0.5,0.5,0.0,0.0,0.0
2026-01-23 09:44:04,clusterA,17,4,4,0,1.00,0.5,0.5,0.0,0.0,0.0
2026-01-23 09:44:04,clusterB,17,4,2,2,0.50,0.5,0.5,0.0,0.0,0.0
2026-01-23 09:44:09,clusterA,17,4,4,0,1.00,0.5,0.5,0.0,0.0,0.0
2026-01-23 09:44:09,clusterB,17,4,2,2,0.50,0.5,0.5,0.0,0.0,0.0
2026-01-23 09:44:14,clusterA,17,4,4,0,1.00,0.5,0.5,0.0,0.0,0.0
2026-01-23 09:44:14,clusterB,17,4,2,2,0.50,0.5,0.5,0.0,0.0,0.0
2026-01-23 09:44:19,clusterA,17,4,4,0,1.00,0.5,0.5,0.0,0.0,0.0
2026-01-23 09:44:19,clusterB,17,4,2,2,0.50,0.5,0.5,0.0,0.0,0.0
2026-01-23 09:44:24,clusterA,17,4,4,0,1.00,0.5,0.5,0.0,0.0,0.0
2026-01-23 09:44:24,clusterB,17,4,2,2,0.50,0.5,0.5,0.0,0.0,0.0
2026-01-23 09:44:29,clusterA,17,4,4,0,1.00,0.5,0.5,0.0,0.0,0.0
2026-01-23 09:44:29,clusterB,17,4,2,2,0.50,0.5,0.5,0.0,0.0,0.0
2026-01-23 09:44:34,clusterA,17,4,4,0,1.00,0.5,0.5,0.0,0.0,0.0
2026-01-23 09:44:34,clusterB,17,4,2,2,0.50,0.5,0.5,0.0,0.0,0.0
2026-01-23 09:44:39,clusterA,17,4,4,0,1.00,0.5,0.5,0.0,0.0,0.0
2026-01-23 09:44:39,clusterB,17,4,2,2,0.50,0.5,0.5,0.0,0.0,0.0
2026-01-23 09:44:44,clusterA,17,4,4,0,1.00,0.5,0.5,0.0,0.0,0.0
2026-01-23 09:44:44,clusterB,17,4,2,2,0.50,0.5,0.5,0.0,0.0,0.0
2026-01-23 09:44:49,clusterA,17,4,4,0,1.00,0.5,0.5,0.0,0.0,0.0
2026-01-23 09:44:49,clusterB,17,4,2,2,0.50,0.5,0.5,0.0,0.0,0.0
2026-01-23 09:44:54,clusterA,17,4,4,0,1.00,0.5,0.5,0.0,0.0,0.0
2026-01-23 09:44:54,clusterB,17,4,2,2,0.50,0.5,0.5,0.0,0.0,0.0
2026-01-23 09:44:59,clusterA,17,4,4,0,1.00,0.5,0.5,0.0,0.0,0.0
2026-01-23 09:44:59,clusterB,17,4,2,2,0.50,0.5,0.5,0.0,0.0,0.0
2026-01-23 09:45:04,clusterA,17,4,4,0,1.00,0.5,0.5,0.0,0.0,0.0
2026-01-23 09:45:04,clusterB,17,4,2,2,0.50,0.5,0.5,0.0,0.0,0.0
2026-01-23 09:45:09,clusterA,17,4,4,0,1.00,0.5,0.5,0.0,0.0,0.0
2026-01-23 09:45:09,clusterB,17,4,2,2,0.50,0.5,0.5,0.0,0.0,0.0
2026-01-23 09:45:14,clusterA,17,4,4,0,1.00,0.5,0.5,0.0,0.0,0.0
2026-01-23 09:45:14,clusterB,17,4,2,2,0.50,0.5,0.5,0.0,0.0,0.0
2026-01-23 09:45:19,clusterA,17,4,4,0,1.00,0.5,0.5,0.0,0.0,0.0
2026-01-23 09:45:19,clusterB,17,4,2,2,0.50,0.5,0.5,0.0,0.0,0.0
2026-01-23 09:45:24,clusterA,17,4,4,0,1.00,0.5,0.5,0.0,0.0,0.0
2026-01-23 09:45:24,clusterB,17,4,2,2,0.50,0.5,0.5,0.0,0.0,0.0
2026-01-23 09:45:29,clusterA,17,4,4,0,1.00,0.5,0.5,0.0,0.0,0.0
2026-01-23 09:45:29,clusterB,17,4,2,2,0.50,0.5,0.5,0.0,0.0,0.0
2026-01-23 09:45:34,clusterA,17,4,4,0,1.00,0.5,0.5,0.0,0.0,0.0
2026-01-23 09:45:34,clusterB,17,4,2,2,0.50,0.5,0.5,0.0,0.0,0.0
2026-01-23 09:45:39,clusterA,17,4,4,0,1.00,0.5,0.5,0.0,0.0,0.0
2026-01-23 09:45:39,clusterB,17,4,2,2,0.50,0.5,0.5,0.0,0.0,0.0
2026-01-23 09:45:44,clusterA,17,4,4,0,1.00,0.5,0.5,0.0,0.0,0.0
2026-01-23 09:45:44,clusterB,17,4,2,2,0.50,0.5,0.5,0.0,0.0,0.0
2026-01-23 09:45:49,clusterA,17,4,4,0,1.00,0.5,0.5,0.0,0.0,0.0
2026-01-23 09:45:49,clusterB,17,4,2,2,0.50,0.5,0.5,0.0,0.0,0.0
2026-01-23 09:45:54,clusterA,17,4,4,0,1.00,0.5,0.5,0.0,0.0,0.0
2026-01-23 09:45:54,clusterB,17,4,2,2,0.50,0.5,0.5,0.0,0.0,0.0
2026-01-23 09:45:59,clusterA,17,4,4,0,1.00,0.5,0.5,0.0,0.0,0.0
2026-01-23 09:45:59,clusterB,17,4,2,2,0.50,0.5,0.5,0.0,0.0,0.0
2026-01-23 09:46:04,clusterA,17,4,4,0,1.00,0.5,0.5,0.0,0.0,0.0
2026-01-23 09:46:04,clusterB,17,4,2,2,0.50,0.5,0.5,0.0,0.0,0.0
2026-01-23 09:46:10,clusterA,17,4,4,0,1.00,0.5,0.5,0.0,0.0,0.0
2026-01-23 09:46:10,clusterB,17,4,2,2,0.50,0.5,0.5,0.0,0.0,0.0
2026-01-23 09:46:15,clusterA,17,4,4,0,1.00,0.5,0.5,0.0,0.0,0.0
2026-01-23 09:46:15,clusterB,17,4,2,2,0.50,0.5,0.5,0.0,0.0,0.0
2026-01-23 09:46:20,clusterA,17,4,4,0,1.00,0.5,0.5,0.0,0.0,0.0
2026-01-23 09:46:20,clusterB,17,4,2,2,0.50,0.5,0.5,0.0,0.0,0.0
2026-01-23 09:46:25,clusterA,17,4,4,0,1.00,0.5,0.5,0.0,0.0,0.0
2026-01-23 09:46:25,clusterB,17,4,2,2,0.50,0.5,0.5,0.0,0.0,0.0
2026-01-23 09:46:30,clusterA,17,4,4,0,1.00,0.5,0.5,0.0,0.0,0.0
2026-01-23 09:46:30,clusterB,17,4,0,4,0.00,0.5,0.5,0.0,0.0,0.0
2026-01-23 09:46:35,clusterA,16,4,4,0,1.00,0.5,0.5,0.0,0.0,0.0
2026-01-23 09:46:35,clusterB,16,4,4,0,1.00,0.5,0.5,0.0,0.0,0.0
2026-01-23 09:46:40,clusterA,16,4,4,0,1.00,0.5,0.5,0.0,0.0,0.0
2026-01-23 09:46:40,clusterB,16,4,4,0,1.00,0.5,0.5,0.0,0.0,0.0
2026-01-23 09:46:45,clusterA,16,4,4,0,1.00,0.5,0.5,0.0,0.0,0.0
2026-01-23 09:46:45,clusterB,16,4,4,0,1.00,0.5,0.5,0.0,0.0,0.0
2026-01-23 09:46:50,clusterA,16,4,4,0,1.00,0.5,0.5,0.0,0.0,0.0
2026-01-23 09:46:50,clusterB,16,4,4,0,1.00,0.5,0.5,0.0,0.0,0.0
2026-01-23 09:46:55,clusterA,16,4,4,0,1.00,0.5,0.5,0.0,0.0,0.0
2026-01-23 09:46:55,clusterB,16,4,4,0,1.00,0.5,0.5,0.0,0.0,0.0
2026-01-23 09:47:00,clusterA,16,4,4,0,1.00,0.5,0.5,0.0,0.0,0.0
2026-01-23 09:47:00,clusterB,16,4,4,0,1.00,0.5,0.5,0.0,0.0,0.0
2026-01-23 09:47:05,clusterA,16,4,4,0,1.00,0.5,0.5,0.0,0.0,0.0
2026-01-23 09:47:05,clusterB,16,4,4,0,1.00,0.5,0.5,0.0,0.0,0.0
2026-01-23 09:47:10,clusterA,16,4,4,0,1.00,0.5,0.5,0.0,0.0,0.0
2026-01-23 09:47:10,clusterB,16,4,4,0,1.00,0.5,0.5,0.0,0.0,0.0
2026-01-23 09:47:15,clusterA,16,4,4,0,1.00,0.5,0.5,0.0,0.0,0.0
2026-01-23 09:47:15,clusterB,16,4,4,0,1.00,0.5,0.5,0.0,0.0,0.0
2026-01-23 09:47:20,clusterA,16,4,4,0,1.00,0.5,0.5,0.0,0.0,0.0
2026-01-23 09:47:20,clusterB,16,4,4,0,1.00,0.5,0.5,0.0,0.0,0.0
2026-01-23 09:47:25,clusterA,16,4,4,0,1.00,0.5,0.5,0.0,0.0,0.0
2026-01-23 09:47:25,clusterB,16,4,4,0,1.00,0.5,0.5,0.0,0.0,0.0
2026-01-23 09:47:30,clusterA,16,4,4,0,1.00,0.5,0.5,0.0,0.0,0.0
2026-01-23 09:47:30,clusterB,16,4,4,0,1.00,0.5,0.5,0.0,0.0,0.0
2026-01-23 09:47:35,clusterA,16,4,4,0,1.00,0.5,0.5,0.0,0.0,0.0
2026-01-23 09:47:35,clusterB,16,4,4,0,1.00,0.5,0.5,0.0,0.0,0.0
2026-01-23 09:47:40,clusterA,16,4,4,0,1.00,0.5,0.5,0.0,0.0,0.0
2026-01-23 09:47:40,clusterB,16,4,4,0,1.00,0.5,0.5,0.0,0.0,0.0
2026-01-23 09:47:45,clusterA,16,4,4,0,1.00,0.5,0.5,0.0,0.0,0.0
2026-01-23 09:47:45,clusterB,16,4,4,0,1.00,0.5,0.5,0.0,0.0,0.0
2026-01-23 09:47:50,clusterA,16,4,4,0,1.00,0.5,0.5,0.0,0.0,0.0
2026-01-23 09:47:50,clusterB,16,4,4,0,1.00,0.5,0.5,0.0,0.0,0.0
2026-01-23 09:47:55,clusterA,16,4,4,0,1.00,0.5,0.5,0.0,0.0,0.0
2026-01-23 09:47:55,clusterB,16,4,4,0,1.00,0.5,0.5,0.0,0.0,0.0
2026-01-23 09:48:00,clusterA,16,4,4,0,1.00,0.5,0.5,0.0,0.0,0.0
2026-01-23 09:48:00,clusterB,16,4,4,0,1.00,0.5,0.5,0.0,0.0,0.0
2026-01-23 09:48:05,clusterA,16,4,4,0,1.00,0.5,0.5,0.0,0.0,0.0
2026-01-23 09:48:05,clusterB,16,4,4,0,1.00,0.5,0.5,0.0,0.0,0.0
2026-01-23 09:48:10,clusterA,16,4,4,0,1.00,0.5,0.5,0.0,0.0,0.0
2026-01-23 09:48:10,clusterB,16,4,4,0,1.00,0.5,0.5,0.0,0.0,0.0
2026-01-23 09:48:15,clusterA,16,4,4,0,1.00,0.5,0.5,0.0,0.0,0.0
2026-01-23 09:48:15,clusterB,16,4,4,0,1.00,0.5,0.5,0.0,0.0,0.0
2026-01-23 09:48:20,clusterA,16,4,4,0,1.00,0.5,0.5,0.0,0.0,0.0
2026-01-23 09:48:20,clusterB,16,4,4,0,1.00,0.5,0.5,0.0,0.0,0.0
2026-01-23 09:48:25,clusterA,16,4,4,0,1.00,0.5,0.5,0.0,0.0,0.0
2026-01-23 09:48:25,clusterB,16,4,4,0,1.00,0.5,0.5,0.0,0.0,0.0
2026-01-23 09:48:30,clusterA,16,4,4,0,1.00,0.5,0.5,0.0,0.0,0.0
2026-01-23 09:48:30,clusterB,16,4,4,0,1.00,0.5,0.5,0.0,0.0,0.0
2026-01-23 09:48:35,clusterA,16,4,4,0,1.00,0.5,0.5,0.0,0.0,0.0
2026-01-23 09:48:35,clusterB,16,4,4,0,1.00,0.5,0.5,0.0,0.0,0.0
2026-01-23 09:48:40,clusterA,16,4,4,0,1.00,0.5,0.5,0.0,0.0,0.0
2026-01-23 09:48:40,clusterB,16,4,4,0,1.00,0.5,0.5,0.0,0.0,0.0
2026-01-23 09:48:45,clusterA,16,4,4,0,1.00,0.5,0.5,0.0,0.0,0.0
2026-01-23 09:48:45,clusterB,16,4,4,0,1.00,0.5,0.5,0.0,0.0,0.0
2026-01-23 09:48:50,clusterA,16,4,4,0,1.00,0.5,0.5,0.0,0.0,0.0
2026-01-23 09:48:50,clusterB,16,4,4,0,1.00,0.5,0.5,0.0,0.0,0.0
2026-01-23 09:48:55,clusterA,16,4,4,0,1.00,0.5,0.5,0.0,0.0,0.0
2026-01-23 09:48:55,clusterB,16,4,4,0,1.00,0.5,0.5,0.0,0.0,0.0
2026-01-23 09:49:00,clusterA,16,4,4,0,1.00,0.5,0.5,0.0,0.0,0.0
2026-01-23 09:49:00,clusterB,16,4,4,0,1.00,0.5,0.5,0.0,0.0,0.0
2026-01-23 09:49:05,clusterA,16,4,4,0,1.00,0.5,0.5,0.0,0.0,0.0
2026-01-23 09:49:05,clusterB,16,4,4,0,1.00,0.5,0.5,0.0,0.0,0.0
2026-01-23 09:49:10,clusterA,16,4,4,0,1.00,0.5,0.5,0.0,0.0,0.0
2026-01-23 09:49:10,clusterB,16,4,4,0,1.00,0.5,0.5,0.0,0.0,0.0
2026-01-23 09:49:15,clusterA,16,4,4,0,1.00,0.5,0.5,0.0,0.0,0.0
2026-01-23 09:49:15,clusterB,16,4,4,0,1.00,0.5,0.5,0.0,0.0,0.0
2026-01-23 09:49:20,clusterA,16,4,4,0,1.00,0.5,0.5,0.0,0.0,0.0
2026-01-23 09:49:20,clusterB,16,4,4,0,1.00,0.5,0.5,0.0,0.0,0.0
2026-01-23 09:49:25,clusterA,16,4,4,0,1.00,0.5,0.5,0.0,0.0,0.0
2026-01-23 09:49:25,clusterB,16,4,4,0,1.00,0.5,0.5,0.0,0.0,0.0
2026-01-23 09:49:30,clusterA,16,4,4,0,1.00,0.5,0.5,0.0,0.0,0.0
2026-01-23 09:49:30,clusterB,16,4,4,0,1.00,0.5,0.5,0.0,0.0,0.0
2026-01-23 09:49:35,clusterA,16,4,4,0,1.00,0.5,0.5,0.0,0.0,0.0
2026-01-23 09:49:35,clusterB,16,4,4,0,1.00,0.5,0.5,0.0,0.0,0.0
2026-01-23 09:49:40,clusterA,16,4,4,0,1.00,0.5,0.5,0.0,0.0,0.0
2026-01-23 09:49:40,clusterB,16,4,4,0,1.00,0.5,0.5,0.0,0.0,0.0
2026-01-23 09:49:45,clusterA,16,4,4,0,1.00,0.5,0.5,0.0,0.0,0.0
2026-01-23 09:49:45,clusterB,16,4,4,0,1.00,0.5,0.5,0.0,0.0,0.0
2026-01-23 09:49:50,clusterA,16,4,4,0,1.00,0.5,0.5,0.0,0.0,0.0
2026-01-23 09:49:50,clusterB,16,4,4,0,1.00,0.5,0.5,0.0,0.0,0.0
2026-01-23 09:49:55,clusterA,16,4,4,0,1.00,0.5,0.5,0.0,0.0,0.0
2026-01-23 09:49:55,clusterB,16,4,4,0,1.00,0.5,0.5,0.0,0.0,0.0
2026-01-23 09:50:00,clusterA,16,4,4,0,1.00,0.5,0.5,0.0,0.0,0.0
2026-01-23 09:50:00,clusterB,16,4,4,0,1.00,0.5,0.5,0.0,0.0,0.0
2026-01-23 09:50:05,clusterA,16,4,4,0,1.00,0.5,0.5,0.0,0.0,0.0
2026-01-23 09:50:05,clusterB,16,4,4,0,1.00,0.5,0.5,0.0,0.0,0.0
2026-01-23 09:50:10,clusterA,16,4,4,0,1.00,0.5,0.5,0.0,0.0,0.0
2026-01-23 09:50:10,clusterB,16,4,4,0,1.00,0.5,0.5,0.0,0.0,0.0
2026-01-23 09:50:15,clusterA,16,4,4,0,1.00,0.5,0.5,0.0,0.0,0.0
2026-01-23 09:50:15,clusterB,16,4,4,0,1.00,0.5,0.5,0.0,0.0,0.0
2026-01-23 09:50:20,clusterA,16,4,4,0,1.00,0.5,0.5,0.0,0.0,0.0
2026-01-23 09:50:20,clusterB,16,4,4,0,1.00,0.5,0.5,0.0,0.0,0.0
2026-01-23 09:50:25,clusterA,16,4,4,0,1.00,0.5,0.5,0.0,0.0,0.0
2026-01-23 09:50:25,clusterB,16,4,4,0,1.00,0.5,0.5,0.0,0.0,0.0
2026-01-23 09:50:30,clusterA,16,4,4,0,1.00,0.5,0.5,0.0,0.0,0.0
2026-01-23 09:50:30,clusterB,16,4,4,0,1.00,0.5,0.5,0.0,0.0,0.0
2026-01-23 09:50:35,clusterA,16,4,4,0,1.00,0.5,0.5,0.0,0.0,0.0
2026-01-23 09:50:35,clusterB,16,4,4,0,1.00,0.5,0.5,0.0,0.0,0.0
2026-01-23 09:50:40,clusterA,16,4,4,0,1.00,0.5,0.5,0.0,0.0,0.0
2026-01-23 09:50:40,clusterB,16,4,4,0,1.00,0.5,0.5,0.0,0.0,0.0
2026-01-23 09:50:45,clusterA,16,4,4,0,1.00,0.5,0.5,0.0,0.0,0.0
2026-01-23 09:50:45,clusterB,16,4,4,0,1.00,0.5,0.5,0.0,0.0,0.0
2026-01-23 09:50:50,clusterA,16,4,4,0,1.00,0.5,0.5,0.0,0.0,0.0
2026-01-23 09:50:50,clusterB,16,4,4,0,1.00,0.5,0.5,0.0,0.0,0.0
2026-01-23 09:50:55,clusterA,16,4,4,0,1.00,0.5,0.5,0.0,0.0,0.0
2026-01-23 09:50:55,clusterB,16,4,4,0,1.00,0.5,0.5,0.0,0.0,0.0
2026-01-23 09:51:00,clusterA,16,4,4,0,1.00,0.5,0.5,0.0,0.0,0.0
2026-01-23 09:51:00,clusterB,16,4,4,0,1.00,0.5,0.5,0.0,0.0,0.0
2026-01-23 09:51:05,clusterA,16,4,4,0,1.00,0.5,0.5,0.0,0.0,0.0
2026-01-23 09:51:05,clusterB,16,4,4,0,1.00,0.5,0.5,0.0,0.0,0.0
2026-01-23 09:51:10,clusterA,16,4,4,0,1.00,0.5,0.5,0.0,0.0,0.0
2026-01-23 09:51:10,clusterB,16,4,4,0,1.00,0.5,0.5,0.0,0.0,0.0
2026-01-23 09:51:15,clusterA,16,4,4,0,1.00,0.5,0.5,0.0,0.0,0.0
2026-01-23 09:51:15,clusterB,16,4,4,0,1.00,0.5,0.5,0.0,0.0,0.0
2026-01-23 09:51:20,clusterA,16,4,4,0,1.00,0.5,0.5,0.0,0.0,0.0
2026-01-23 09:51:20,clusterB,16,4,4,0,1.00,0.5,0.5,0.0,0.0,0.0
2026-01-23 09:51:25,clusterA,16,4,4,0,1.00,0.5,0.5,0.0,0.0,0.0
2026-01-23 09:51:25,clusterB,16,4,4,0,1.00,0.5,0.5,0.0,0.0,0.0
2026-01-23 09:51:30,clusterA,16,4,4,0,1.00,0.5,0.5,0.0,0.0,0.0
2026-01-23 09:51:30,clusterB,16,4,4,0,1.00,0.5,0.5,0.0,0.0,0.0
2026-01-23 09:51:35,clusterA,16,4,4,0,1.00,0.5,0.5,0.0,0.0,0.0
2026-01-23 09:51:35,clusterB,16,4,4,0,1.00,0.5,0.5,0.0,0.0,0.0
2026-01-23 09:51:40,clusterA,16,4,4,0,1.00,0.5,0.5,0.0,0.0,0.0
2026-01-23 09:51:40,clusterB,16,4,4,0,1.00,0.5,0.5,0.0,0.0,0.0
2026-01-23 09:51:45,clusterA,16,4,4,0,1.00,0.5,0.5,0.0,0.0,0.0
2026-01-23 09:51:45,clusterB,16,4,4,0,1.00,0.5,0.5,0.0,0.0,0.0
2026-01-23 09:51:50,clusterA,16,4,4,0,1.00,0.5,0.5,0.0,0.0,0.0
2026-01-23 09:51:50,clusterB,16,4,4,0,1.00,0.5,0.5,0.0,0.0,0.0
2026-01-23 09:51:55,clusterA,16,4,4,0,1.00,0.5,0.5,0.0,0.0,0.0
2026-01-23 09:51:55,clusterB,16,4,4,0,1.00,0.5,0.5,0.0,0.0,0.0
2026-01-23 09:52:00,clusterA,16,4,4,0,1.00,0.5,0.5,0.0,0.0,0.0
2026-01-23 09:52:00,clusterB,16,4,4,0,1.00,0.5,0.5,0.0,0.0,0.0
2026-01-23 09:52:05,clusterA,16,4,4,0,1.00,0.5,0.5,0.0,0.0,0.0
2026-01-23 09:52:05,clusterB,16,4,4,0,1.00,0.5,0.5,0.0,0.0,0.0
2026-01-23 09:52:10,clusterA,16,4,4,0,1.00,0.5,0.5,0.0,0.0,0.0
2026-01-23 09:52:10,clusterB,16,4,4,0,1.00,0.5,0.5,0.0,0.0,0.0
2026-01-23 09:52:15,clusterA,16,4,4,0,1.00,0.5,0.5,0.0,0.0,0.0
2026-01-23 09:52:15,clusterB,16,4,4,0,1.00,0.5,0.5,0.0,0.0,0.0
2026-01-23 09:52:20,clusterA,16,4,0,4,0.00,0.5,0.5,0.0,0.0,0.0
2026-01-23 09:52:20,clusterB,16,4,4,0,1.00,0.5,0.5,0.0,0.0,0.0
2026-01-23 09:52:26,clusterA,13,4,4,0,1.00,0.5,0.5,0.0,0.0,0.0
2026-01-23 09:52:26,clusterB,13,4,4,0,1.00,0.5,0.5,0.0,0.0,0.0
2026-01-23 09:52:31,clusterA,13,4,4,0,1.00,0.5,0.5,0.0,0.0,0.0
2026-01-23 09:52:31,clusterB,13,4,4,0,1.00,0.5,0.5,0.0,0.0,0.0
2026-01-23 09:52:36,clusterA,13,4,4,0,1.00,0.5,0.5,0.0,0.0,0.0
2026-01-23 09:52:36,clusterB,13,4,4,0,1.00,0.5,0.5,0.0,0.0,0.0
2026-01-23 09:52:41,clusterA,13,4,4,0,1.00,0.5,0.5,0.0,0.0,0.0
2026-01-23 09:52:41,clusterB,13,4,4,0,1.00,0.5,0.5,0.0,0.0,0.0
2026-01-23 09:52:46,clusterA,13,4,4,0,1.00,0.5,0.5,0.0,0.0,0.0
2026-01-23 09:52:46,clusterB,13,4,4,0,1.00,0.5,0.5,0.0,0.0,0.0
2026-01-23 09:52:51,clusterA,13,4,4,0,1.00,0.5,0.5,0.0,0.0,0.0
2026-01-23 09:52:51,clusterB,13,4,4,0,1.00,0.5,0.5,0.0,0.0,0.0
2026-01-23 09:52:56,clusterA,13,4,4,0,1.00,0.5,0.5,0.0,0.0,0.0
2026-01-23 09:52:56,clusterB,13,4,4,0,1.00,0.5,0.5,0.0,0.0,0.0
2026-01-23 09:53:01,clusterA,13,4,4,0,1.00,0.5,0.5,0.0,0.0,0.0
2026-01-23 09:53:01,clusterB,13,4,4,0,1.00,0.5,0.5,0.0,0.0,0.0
2026-01-23 09:53:06,clusterA,13,4,4,0,1.00,0.5,0.5,0.0,0.0,0.0
2026-01-23 09:53:06,clusterB,13,4,4,0,1.00,0.5,0.5,0.0,0.0,0.0
2026-01-23 09:53:11,clusterA,13,4,4,0,1.00,0.5,0.5,0.0,0.0,0.0
2026-01-23 09:53:11,clusterB,13,4,4,0,1.00,0.5,0.5,0.0,0.0,0.0
2026-01-23 09:53:16,clusterA,13,4,4,0,1.00,0.5,0.5,0.0,0.0,0.0
2026-01-23 09:53:16,clusterB,13,4,4,0,1.00,0.5,0.5,0.0,0.0,0.0
2026-01-23 09:53:21,clusterA,13,4,4,0,1.00,0.5,0.5,0.0,0.0,0.0
2026-01-23 09:53:21,clusterB,13,4,4,0,1.00,0.5,0.5,0.0,0.0,0.0
2026-01-23 09:53:26,clusterA,13,4,4,0,1.00,0.5,0.5,0.0,0.0,0.0
2026-01-23 09:53:26,clusterB,13,4,4,0,1.00,0.5,0.5,0.0,0.0,0.0
2026-01-23 09:53:31,clusterA,13,4,4,0,1.00,0.5,0.5,0.0,0.0,0.0
2026-01-23 09:53:31,clusterB,13,4,4,0,1.00,0.5,0.5,0.0,0.0,0.0
2026-01-23 09:53:36,clusterA,13,4,4,0,1.00,0.5,0.5,0.0,0.0,0.0
2026-01-23 09:53:36,clusterB,13,4,4,0,1.00,0.5,0.5,0.0,0.0,0.0
2026-01-23 09:53:41,clusterA,13,4,4,0,1.00,0.5,0.5,0.0,0.0,0.0
2026-01-23 09:53:41,clusterB,13,4,4,0,1.00,0.5,0.5,0.0,0.0,0.0
2026-01-23 09:53:46,clusterA,13,4,4,0,1.00,0.5,0.5,0.0,0.0,0.0
2026-01-23 09:53:46,clusterB,13,4,4,0,1.00,0.5,0.5,0.0,0.0,0.0
2026-01-23 09:53:51,clusterA,13,4,4,0,1.00,0.5,0.5,0.0,0.0,0.0
2026-01-23 09:53:51,clusterB,13,4,4,0,1.00,0.5,0.5,0.0,0.0,0.0
2026-01-23 09:53:56,clusterA,13,4,4,0,1.00,0.5,0.5,0.0,0.0,0.0
2026-01-23 09:53:56,clusterB,13,4,4,0,1.00,0.5,0.5,0.0,0.0,0.0
2026-01-23 09:54:01,clusterA,13,4,4,0,1.00,0.5,0.5,0.0,0.0,0.0
2026-01-23 09:54:01,clusterB,13,4,4,0,1.00,0.5,0.5,0.0,0.0,0.0
2026-01-23 09:54:06,clusterA,13,4,4,0,1.00,0.5,0.5,0.0,0.0,0.0
2026-01-23 09:54:06,clusterB,13,4,4,0,1.00,0.5,0.5,0.0,0.0,0.0
2026-01-23 09:54:11,clusterA,13,4,4,0,1.00,0.5,0.5,0.0,0.0,0.0
2026-01-23 09:54:11,clusterB,13,4,4,0,1.00,0.5,0.5,0.0,0.0,0.0
2026-01-23 09:54:16,clusterA,13,4,4,0,1.00,0.5,0.5,0.0,0.0,0.0
2026-01-23 09:54:16,clusterB,13,4,4,0,1.00,0.5,0.5,0.0,0.0,0.0
2026-01-23 09:54:21,clusterA,13,4,4,0,1.00,0.5,0.5,0.0,0.0,0.0
2026-01-23 09:54:21,clusterB,13,4,4,0,1.00,0.5,0.5,0.0,0.0,0.0
2026-01-23 09:54:26,clusterA,13,4,4,0,1.00,0.5,0.5,0.0,0.0,0.0
2026-01-23 09:54:26,clusterB,13,4,4,0,1.00,0.5,0.5,0.0,0.0,0.0
2026-01-23 09:54:31,clusterA,13,4,4,0,1.00,0.5,0.5,0.0,0.0,0.0
2026-01-23 09:54:31,clusterB,13,4,4,0,1.00,0.5,0.5,0.0,0.0,0.0
2026-01-23 09:54:36,clusterA,13,4,4,0,1.00,0.5,0.5,0.0,0.0,0.0
2026-01-23 09:54:36,clusterB,13,4,4,0,1.00,0.5,0.5,0.0,0.0,0.0
2026-01-23 09:54:41,clusterA,13,4,4,0,1.00,0.5,0.5,0.0,0.0,0.0
2026-01-23 09:54:41,clusterB,13,4,4,0,1.00,0.5,0.5,0.0,0.0,0.0
2026-01-23 09:54:46,clusterA,13,4,4,0,1.00,0.5,0.5,0.0,0.0,0.0
2026-01-23 09:54:46,clusterB,13,4,4,0,1.00,0.5,0.5,0.0,0.0,0.0
2026-01-23 09:54:51,clusterA,13,4,4,0,1.00,0.5,0.5,0.0,0.0,0.0
2026-01-23 09:54:51,clusterB,13,4,4,0,1.00,0.5,0.5,0.0,0.0,0.0
2026-01-23 09:54:56,clusterA,13,4,4,0,1.00,0.5,0.5,0.0,0.0,0.0
2026-01-23 09:54:56,clusterB,13,4,4,0,1.00,0.5,0.5,0.0,0.0,0.0
2026-01-23 09:55:01,clusterA,13,4,4,0,1.00,0.5,0.5,0.0,0.0,0.0
2026-01-23 09:55:01,clusterB,13,4,4,0,1.00,0.5,0.5,0.0,0.0,0.0
2026-01-23 09:55:06,clusterA,13,4,4,0,1.00,0.5,0.5,0.0,0.0,0.0
2026-01-23 09:55:06,clusterB,13,4,4,0,1.00,0.5,0.5,0.0,0.0,0.0
2026-01-23 09:55:11,clusterA,13,4,4,0,1.00,0.5,0.5,0.0,0.0,0.0
2026-01-23 09:55:11,clusterB,13,4,4,0,1.00,0.5,0.5,0.0,0.0,0.0
2026-01-23 09:55:16,clusterA,13,4,4,0,1.00,0.5,0.5,0.0,0.0,0.0
2026-01-23 09:55:16,clusterB,13,4,4,0,1.00,0.5,0.5,0.0,0.0,0.0
2026-01-23 09:55:21,clusterA,13,4,4,0,1.00,0.5,0.5,0.0,0.0,0.0
2026-01-23 09:55:21,clusterB,13,4,4,0,1.00,0.5,0.5,0.0,0.0,0.0
2026-01-23 09:55:26,clusterA,13,4,4,0,1.00,0.5,0.5,0.0,0.0,0.0
2026-01-23 09:55:26,clusterB,13,4,4,0,1.00,0.5,0.5,0.0,0.0,0.0
2026-01-23 09:55:31,clusterA,13,4,4,0,1.00,0.5,0.5,0.0,0.0,0.0
2026-01-23 09:55:31,clusterB,13,4,4,0,1.00,0.5,0.5,0.0,0.0,0.0
2026-01-23 09:55:36,clusterA,13,4,4,0,1.00,0.5,0.5,0.0,0.0,0.0
2026-01-23 09:55:36,clusterB,13,4,4,0,1.00,0.5,0.5,0.0,0.0,0.0
2026-01-23 09:55:41,clusterA,13,4,4,0,1.00,0.5,0.5,0.0,0.0,0.0
2026-01-23 09:55:41,clusterB,13,4,4,0,1.00,0.5,0.5,0.0,0.0,0.0
2026-01-23 09:55:46,clusterA,13,4,4,0,1.00,0.5,0.5,0.0,0.0,0.0
2026-01-23 09:55:46,clusterB,13,4,4,0,1.00,0.5,0.5,0.0,0.0,0.0
2026-01-23 09:55:51,clusterA,13,4,4,0,1.00,0.5,0.5,0.0,0.0,0.0
2026-01-23 09:55:51,clusterB,13,4,4,0,1.00,0.5,0.5,0.0,0.0,0.0
2026-01-23 09:55:56,clusterA,13,4,4,0,1.00,0.5,0.5,0.0,0.0,0.0
2026-01-23 09:55:56,clusterB,13,4,4,0,1.00,0.5,0.5,0.0,0.0,0.0
2026-01-23 09:56:01,clusterA,13,4,4,0,1.00,0.5,0.5,0.0,0.0,0.0
2026-01-23 09:56:01,clusterB,13,4,4,0,1.00,0.5,0.5,0.0,0.0,0.0
2026-01-23 09:56:06,clusterA,13,4,4,0,1.00,0.5,0.5,0.0,0.0,0.0
2026-01-23 09:56:06,clusterB,13,4,4,0,1.00,0.5,0.5,0.0,0.0,0.0
2026-01-23 09:56:11,clusterA,13,4,4,0,1.00,0.5,0.5,0.0,0.0,0.0
2026-01-23 09:56:11,clusterB,13,4,4,0,1.00,0.5,0.5,0.0,0.0,0.0
2026-01-23 09:56:16,clusterA,13,4,4,0,1.00,0.5,0.5,0.0,0.0,0.0
2026-01-23 09:56:16,clusterB,13,4,4,0,1.00,0.5,0.5,0.0,0.0,0.0
2026-01-23 09:56:21,clusterA,13,4,4,0,1.00,0.5,0.5,0.0,0.0,0.0
2026-01-23 09:56:21,clusterB,13,4,4,0,1.00,0.5,0.5,0.0,0.0,0.0
2026-01-23 09:56:26,clusterA,13,4,4,0,1.00,0.5,0.5,0.0,0.0,0.0
2026-01-23 09:56:26,clusterB,13,4,4,0,1.00,0.5,0.5,0.0,0.0,0.0
2026-01-23 09:56:31,clusterA,13,4,4,0,1.00,0.5,0.5,0.0,0.0,0.0
2026-01-23 09:56:31,clusterB,13,4,4,0,1.00,0.5,0.5,0.0,0.0,0.0
2026-01-23 09:56:36,clusterA,13,4,4,0,1.00,0.5,0.5,0.0,0.0,0.0
2026-01-23 09:56:36,clusterB,13,4,4,0,1.00,0.5,0.5,0.0,0.0,0.0
2026-01-23 09:56:41,clusterA,13,4,4,0,1.00,0.5,0.5,0.0,0.0,0.0
2026-01-23 09:56:41,clusterB,13,4,4,0,1.00,0.5,0.5,0.0,0.0,0.0
2026-01-23 09:56:46,clusterA,13,4,4,0,1.00,0.5,0.5,0.0,0.0,0.0
2026-01-23 09:56:46,clusterB,13,4,4,0,1.00,0.5,0.5,0.0,0.0,0.0
2026-01-23 09:56:51,clusterA,13,4,4,0,1.00,0.5,0.5,0.0,0.0,0.0
2026-01-23 09:56:51,clusterB,13,4,4,0,1.00,0.5,0.5,0.0,0.0,0.0
2026-01-23 09:56:56,clusterA,13,4,4,0,1.00,0.5,0.5,0.0,0.0,0.0
2026-01-23 09:56:56,clusterB,13,4,4,0,1.00,0.5,0.5,0.0,0.0,0.0
2026-01-23 09:57:01,clusterA,13,4,4,0,1.00,0.5,0.5,0.0,0.0,0.0
2026-01-23 09:57:01,clusterB,13,4,4,0,1.00,0.5,0.5,0.0,0.0,0.0
2026-01-23 09:57:06,clusterA,13,4,4,0,1.00,0.5,0.5,0.0,0.0,0.0
2026-01-23 09:57:06,clusterB,13,4,4,0,1.00,0.5,0.5,0.0,0.0,0.0
2026-01-23 09:57:11,clusterA,13,4,4,0,1.00,0.5,0.5,0.0,0.0,0.0
2026-01-23 09:57:11,clusterB,13,4,4,0,1.00,0.5,0.5,0.0,0.0,0.0
2026-01-23 09:57:16,clusterA,13,4,4,0,1.00,0.5,0.5,0.0,0.0,0.0
2026-01-23 09:57:16,clusterB,13,4,4,0,1.00,0.5,0.5,0.0,0.0,0.0
2026-01-23 09:57:21,clusterA,13,4,4,0,1.00,0.5,0.5,0.0,0.0,0.0
2026-01-23 09:57:21,clusterB,13,4,4,0,1.00,0.5,0.5,0.0,0.0,0.0
2026-01-23 09:57:26,clusterA,13,4,4,0,1.00,0.5,0.5,0.0,0.0,0.0
2026-01-23 09:57:26,clusterB,13,4,4,0,1.00,0.5,0.5,0.0,0.0,0.0
2026-01-23 09:57:31,clusterA,13,4,4,0,1.00,0.5,0.5,0.0,0.0,0.0
2026-01-23 09:57:31,clusterB,13,4,4,0,1.00,0.5,0.5,0.0,0.0,0.0
2026-01-23 09:57:36,clusterA,13,4,4,0,1.00,0.5,0.5,0.0,0.0,0.0
2026-01-23 09:57:36,clusterB,13,4,4,0,1.00,0.5,0.5,0.0,0.0,0.0
2026-01-23 09:57:41,clusterA,13,4,4,0,1.00,0.5,0.5,0.0,0.0,0.0
2026-01-23 09:57:41,clusterB,13,4,4,0,1.00,0.5,0.5,0.0,0.0,0.0
2026-01-23 09:57:46,clusterA,13,4,4,0,1.00,0.5,0.5,0.0,0.0,0.0
2026-01-23 09:57:46,clusterB,13,4,4,0,1.00,0.5,0.5,0.0,0.0,0.0
2026-01-23 09:57:51,clusterA,13,4,4,0,1.00,0.5,0.5,0.0,0.0,0.0
2026-01-23 09:57:51,clusterB,13,4,4,0,1.00,0.5,0.5,0.0,0.0,0.0
2026-01-23 09:57:56,clusterA,13,4,4,0,1.00,0.5,0.5,0.0,0.0,0.0
2026-01-23 09:57:56,clusterB,13,4,4,0,1.00,0.5,0.5,0.0,0.0,0.0
2026-01-23 09:58:01,clusterA,13,4,4,0,1.00,0.5,0.5,0.0,0.0,0.0
2026-01-23 09:58:01,clusterB,13,4,4,0,1.00,0.5,0.5,0.0,0.0,0.0
2026-01-23 09:58:06,clusterA,13,4,4,0,1.00,0.5,0.5,0.0,0.0,0.0
2026-01-23 09:58:06,clusterB,13,4,4,0,1.00,0.5,0.5,0.0,0.0,0.0
2026-01-23 09:58:11,clusterA,13,4,4,0,1.00,0.5,0.5,0.0,0.0,0.0
2026-01-23 09:58:11,clusterB,13,4,4,0,1.00,0.5,0.5,0.0,0.0,0.0
2026-01-23 09:58:16,clusterA,13,4,4,0,1.00,0.5,0.5,0.0,0.0,0.0
2026-01-23 09:58:16,clusterB,13,4,4,0,1.00,0.5,0.5,0.0,0.0,0.0
2026-01-23 09:58:21,clusterA,13,4,4,0,1.00,0.5,0.5,0.0,0.0,0.0
2026-01-23 09:58:21,clusterB,13,4,4,0,1.00,0.5,0.5,0.0,0.0,0.0
2026-01-23 09:58:26,clusterA,13,4,4,0,1.00,0.5,0.5,0.0,0.0,0.0
2026-01-23 09:58:26,clusterB,13,4,4,0,1.00,0.5,0.5,0.0,0.0,0.0
2026-01-23 09:58:31,clusterA,13,4,4,0,1.00,0.5,0.5,0.0,0.0,0.0
2026-01-23 09:58:31,clusterB,13,4,4,0,1.00,0.5,0.5,0.0,0.0,0.0
2026-01-23 09:58:36,clusterA,13,4,4,0,1.00,0.5,0.5,0.0,0.0,0.0
2026-01-23 09:58:36,clusterB,13,4,4,0,1.00,0.5,0.5,0.0,0.0,0.0
2026-01-23 09:58:41,clusterA,13,4,4,0,1.00,0.5,0.5,0.0,0.0,0.0
2026-01-23 09:58:41,clusterB,13,4,4,0,1.00,0.5,0.5,0.0,0.0,0.0
2026-01-23 09:58:46,clusterA,13,4,4,0,1.00,0.5,0.5,0.0,0.0,0.0
2026-01-23 09:58:46,clusterB,13,4,4,0,1.00,0.5,0.5,0.0,0.0,0.0
2026-01-23 09:58:51,clusterA,13,4,4,0,1.00,0.5,0.5,0.0,0.0,0.0
2026-01-23 09:58:51,clusterB,13,4,4,0,1.00,0.5,0.5,0.0,0.0,0.0
2026-01-23 09:58:56,clusterA,13,4,4,0,1.00,0.5,0.5,0.0,0.0,0.0
2026-01-23 09:58:56,clusterB,13,4,4,0,1.00,0.5,0.5,0.0,0.0,0.0
2026-01-23 09:59:01,clusterA,13,4,4,0,1.00,0.5,0.5,0.0,0.0,0.0
2026-01-23 09:59:01,clusterB,13,4,4,0,1.00,0.5,0.5,0.0,0.0,0.0
2026-01-23 09:59:06,clusterA,13,4,4,0,1.00,0.5,0.5,0.0,0.0,0.0
2026-01-23 09:59:06,clusterB,13,4,4,0,1.00,0.5,0.5,0.0,0.0,0.0
2026-01-23 09:59:11,clusterA,13,4,4,0,1.00,0.5,0.5,0.0,0.0,0.0
2026-01-23 09:59:11,clusterB,13,4,4,0,1.00,0.5,0.5,0.0,0.0,0.0
2026-01-23 09:59:16,clusterA,13,4,4,0,1.00,0.5,0.5,0.0,0.0,0.0
2026-01-23 09:59:16,clusterB,13,4,4,0,1.00,0.5,0.5,0.0,0.0,0.0
2026-01-23 09:59:21,clusterA,13,4,4,0,1.00,0.5,0.5,0.0,0.0,0.0
2026-01-23 09:59:21,clusterB,13,4,4,0,1.00,0.5,0.5,0.0,0.0,0.0
2026-01-23 09:59:26,clusterA,13,4,4,0,1.00,0.5,0.5,0.0,0.0,0.0
2026-01-23 09:59:26,clusterB,13,4,4,0,1.00,0.5,0.5,0.0,0.0,0.0
2026-01-23 09:59:31,clusterA,13,4,4,0,1.00,0.5,0.5,0.0,0.0,0.0
2026-01-23 09:59:31,clusterB,13,4,4,0,1.00,0.5,0.5,0.0,0.0,0.0
2026-01-23 09:59:37,clusterA,13,4,4,0,1.00,0.5,0.5,0.0,0.0,0.0
2026-01-23 09:59:37,clusterB,13,4,4,0,1.00,0.5,0.5,0.0,0.0,0.0
2026-01-23 09:59:42,clusterA,13,4,4,0,1.00,0.5,0.5,0.0,0.0,0.0
2026-01-23 09:59:42,clusterB,13,4,4,0,1.00,0.5,0.5,0.0,0.0,0.0
2026-01-23 09:59:47,clusterA,13,4,4,0,1.00,0.5,0.5,0.0,0.0,0.0
2026-01-23 09:59:47,clusterB,13,4,4,0,1.00,0.5,0.5,0.0,0.0,0.0
2026-01-23 09:59:52,clusterA,13,4,4,0,1.00,0.5,0.5,0.0,0.0,0.0
2026-01-23 09:59:52,clusterB,13,4,4,0,1.00,0.5,0.5,0.0,0.0,0.0
2026-01-23 09:59:57,clusterA,13,4,4,0,1.00,0.5,0.5,0.0,0.0,0.0
2026-01-23 09:59:57,clusterB,13,4,4,0,1.00,0.5,0.5,0.0,0.0,0.0
2026-01-23 10:00:02,clusterA,13,4,4,0,1.00,0.5,0.5,0.0,0.0,0.0
2026-01-23 10:00:02,clusterB,13,4,4,0,1.00,0.5,0.5,0.0,0.0,0.0
2026-01-23 10:00:07,clusterA,13,4,4,0,1.00,0.5,0.5,0.0,0.0,0.0
2026-01-23 10:00:07,clusterB,13,4,4,0,1.00,0.5,0.5,0.0,0.0,0.0
2026-01-23 10:00:12,clusterA,13,4,4,0,1.00,0.5,0.5,0.0,0.0,0.0
2026-01-23 10:00:12,clusterB,13,4,4,0,1.00,0.5,0.5,0.0,0.0,0.0
2026-01-23 10:00:17,clusterA,13,4,4,0,1.00,0.5,0.5,0.0,0.0,0.0
2026-01-23 10:00:17,clusterB,13,4,4,0,1.00,0.5,0.5,0.0,0.0,0.0
2026-01-23 10:00:22,clusterA,13,4,4,0,1.00,0.5,0.5,0.0,0.0,0.0
2026-01-23 10:00:22,clusterB,13,4,4,0,1.00,0.5,0.5,0.0,0.0,0.0
2026-01-23 10:00:27,clusterA,13,4,4,0,1.00,0.5,0.5,0.0,0.0,0.0
2026-01-23 10:00:27,clusterB,13,4,4,0,1.00,0.5,0.5,0.0,0.0,0.0
2026-01-23 10:00:32,clusterA,13,4,4,0,1.00,0.5,0.5,0.0,0.0,0.0
2026-01-23 10:00:32,clusterB,13,4,4,0,1.00,0.5,0.5,0.0,0.0,0.0
2026-01-23 10:00:37,clusterA,13,4,4,0,1.00,0.5,0.5,0.0,0.0,0.0
2026-01-23 10:00:37,clusterB,13,4,4,0,1.00,0.5,0.5,0.0,0.0,0.0
2026-01-23 10:00:42,clusterA,13,4,4,0,1.00,0.5,0.5,0.0,0.0,0.0
2026-01-23 10:00:42,clusterB,13,4,4,0,1.00,0.5,0.5,0.0,0.0,0.0
2026-01-23 10:00:47,clusterA,13,4,4,0,1.00,0.5,0.5,0.0,0.0,0.0
2026-01-23 10:00:47,clusterB,13,4,4,0,1.00,0.5,0.5,0.0,0.0,0.0
2026-01-23 10:00:52,clusterA,13,4,4,0,1.00,0.5,0.5,0.0,0.0,0.0
2026-01-23 10:00:52,clusterB,13,4,4,0,1.00,0.5,0.5,0.0,0.0,0.0
2026-01-23 10:00:57,clusterA,13,4,4,0,1.00,0.5,0.5,0.0,0.0,0.0
2026-01-23 10:00:57,clusterB,13,4,4,0,1.00,0.5,0.5,0.0,0.0,0.0
2026-01-23 10:01:02,clusterA,13,4,4,0,1.00,0.5,0.5,0.0,0.0,0.0
2026-01-23 10:01:02,clusterB,13,4,4,0,1.00,0.5,0.5,0.0,0.0,0.0
2026-01-23 10:01:07,clusterA,13,4,4,0,1.00,0.5,0.5,0.0,0.0,0.0
2026-01-23 10:01:07,clusterB,13,4,4,0,1.00,0.5,0.5,0.0,0.0,0.0
2026-01-23 10:01:12,clusterA,13,4,4,0,1.00,0.5,0.5,0.0,0.0,0.0
2026-01-23 10:01:12,clusterB,13,4,4,0,1.00,0.5,0.5,0.0,0.0,0.0
2026-01-23 10:01:17,clusterA,13,4,4,0,1.00,0.5,0.5,0.0,0.0,0.0
2026-01-23 10:01:17,clusterB,13,4,4,0,1.00,0.5,0.5,0.0,0.0,0.0
2026-01-23 10:01:22,clusterA,13,4,4,0,1.00,0.5,0.5,0.0,0.0,0.0
2026-01-23 10:01:22,clusterB,13,4,4,0,1.00,0.5,0.5,0.0,0.0,0.0
2026-01-23 10:01:27,clusterA,13,4,4,0,1.00,0.5,0.5,0.0,0.0,0.0
2026-01-23 10:01:27,clusterB,13,4,4,0,1.00,0.5,0.5,0.0,0.0,0.0
2026-01-23 10:01:32,clusterA,13,4,4,0,1.00,0.5,0.5,0.0,0.0,0.0
2026-01-23 10:01:32,clusterB,13,4,4,0,1.00,0.5,0.5,0.0,0.0,0.0
2026-01-23 10:01:37,clusterA,13,4,4,0,1.00,0.5,0.5,0.0,0.0,0.0
2026-01-23 10:01:37,clusterB,13,4,4,0,1.00,0.5,0.5,0.0,0.0,0.0
2026-01-23 10:01:42,clusterA,13,4,4,0,1.00,0.5,0.5,0.0,0.0,0.0
2026-01-23 10:01:42,clusterB,13,4,4,0,1.00,0.5,0.5,0.0,0.0,0.0
2026-01-23 10:01:47,clusterA,13,4,4,0,1.00,0.5,0.5,0.0,0.0,0.0
2026-01-23 10:01:47,clusterB,13,4,4,0,1.00,0.5,0.5,0.0,0.0,0.0
2026-01-23 10:01:52,clusterA,13,4,4,0,1.00,0.5,0.5,0.0,0.0,0.0
2026-01-23 10:01:52,clusterB,13,4,4,0,1.00,0.5,0.5,0.0,0.0,0.0
2026-01-23 10:01:57,clusterA,13,4,4,0,1.00,0.5,0.5,0.0,0.0,0.0
2026-01-23 10:01:57,clusterB,13,4,4,0,1.00,0.5,0.5,0.0,0.0,0.0
2026-01-23 10:02:02,clusterA,13,4,4,0,1.00,0.5,0.5,0.0,0.0,0.0
2026-01-23 10:02:02,clusterB,13,4,4,0,1.00,0.5,0.5,0.0,0.0,0.0
2026-01-23 10:02:07,clusterA,13,4,4,0,1.00,0.5,0.5,0.0,0.0,0.0
2026-01-23 10:02:07,clusterB,13,4,4,0,1.00,0.5,0.5,0.0,0.0,0.0
2026-01-23 10:02:12,clusterA,13,4,4,0,1.00,0.5,0.5,0.0,0.0,0.0
2026-01-23 10:02:12,clusterB,13,4,4,0,1.00,0.5,0.5,0.0,0.0,0.0
2026-01-23 10:02:17,clusterA,13,4,4,0,1.00,0.5,0.5,0.0,0.0,0.0
2026-01-23 10:02:17,clusterB,13,4,4,0,1.00,0.5,0.5,0.0,0.0,0.0
2026-01-23 10:02:22,clusterA,13,4,4,0,1.00,0.5,0.5,0.0,0.0,0.0
2026-01-23 10:02:22,clusterB,13,4,4,0,1.00,0.5,0.5,0.0,0.0,0.0
2026-01-23 10:02:27,clusterA,13,4,4,0,1.00,0.5,0.5,0.0,0.0,0.0
2026-01-23 10:02:27,clusterB,13,4,4,0,1.00,0.5,0.5,0.0,0.0,0.0
2026-01-23 10:02:32,clusterA,13,4,4,0,1.00,0.5,0.5,0.0,0.0,0.0
2026-01-23 10:02:32,clusterB,13,4,4,0,1.00,0.5,0.5,0.0,0.0,0.0
2026-01-23 10:02:37,clusterA,13,4,4,0,1.00,0.5,0.5,0.0,0.0,0.0
2026-01-23 10:02:37,clusterB,13,4,4,0,1.00,0.5,0.5,0.0,0.0,0.0
2026-01-23 10:02:42,clusterA,13,4,4,0,1.00,0.5,0.5,0.0,0.0,0.0
2026-01-23 10:02:42,clusterB,13,4,4,0,1.00,0.5,0.5,0.0,0.0,0.0
2026-01-23 10:02:47,clusterA,13,4,4,0,1.00,0.5,0.5,0.0,0.0,0.0
2026-01-23 10:02:47,clusterB,13,4,4,0,1.00,0.5,0.5,0.0,0.0,0.0
2026-01-23 10:02:52,clusterA,13,4,4,0,1.00,0.5,0.5,0.0,0.0,0.0
2026-01-23 10:02:52,clusterB,13,4,4,0,1.00,0.5,0.5,0.0,0.0,0.0
2026-01-23 10:02:57,clusterA,13,4,4,0,1.00,0.5,0.5,0.0,0.0,0.0
2026-01-23 10:02:57,clusterB,13,4,4,0,1.00,0.5,0.5,0.0,0.0,0.0
2026-01-23 10:03:02,clusterA,13,4,4,0,1.00,0.5,0.5,0.0,0.0,0.0
2026-01-23 10:03:02,clusterB,13,4,4,0,1.00,0.5,0.5,0.0,0.0,0.0
2026-01-23 10:03:07,clusterA,13,4,4,0,1.00,0.5,0.5,0.0,0.0,0.0
2026-01-23 10:03:07,clusterB,13,4,4,0,1.00,0.5,0.5,0.0,0.0,0.0
2026-01-23 10:03:12,clusterA,13,4,4,0,1.00,0.5,0.5,0.0,0.0,0.0
2026-01-23 10:03:12,clusterB,13,4,4,0,1.00,0.5,0.5,0.0,0.0,0.0
2026-01-23 10:03:17,clusterA,13,4,4,0,1.00,0.5,0.5,0.0,0.0,0.0
2026-01-23 10:03:17,clusterB,13,4,4,0,1.00,0.5,0.5,0.0,0.0,0.0
2026-01-23 10:03:22,clusterA,13,4,4,0,1.00,0.5,0.5,0.0,0.0,0.0
2026-01-23 10:03:22,clusterB,13,4,4,0,1.00,0.5,0.5,0.0,0.0,0.0
2026-01-23 10:03:27,clusterA,13,4,4,0,1.00,0.5,0.5,0.0,0.0,0.0
2026-01-23 10:03:27,clusterB,13,4,4,0,1.00,0.5,0.5,0.0,0.0,0.0
2026-01-23 10:03:32,clusterA,13,4,4,0,1.00,0.5,0.5,0.0,0.0,0.0
2026-01-23 10:03:32,clusterB,13,4,4,0,1.00,0.5,0.5,0.0,0.0,0.0
2026-01-23 10:03:37,clusterA,13,4,4,0,1.00,0.5,0.5,0.0,0.0,0.0
2026-01-23 10:03:37,clusterB,13,4,4,0,1.00,0.5,0.5,0.0,0.0,0.0
2026-01-23 10:03:42,clusterA,13,4,4,0,1.00,0.5,0.5,0.0,0.0,0.0
2026-01-23 10:03:42,clusterB,13,4,4,0,1.00,0.5,0.5,0.0,0.0,0.0
2026-01-23 10:03:47,clusterA,13,4,4,0,1.00,0.5,0.5,0.0,0.0,0.0
2026-01-23 10:03:47,clusterB,13,4,4,0,1.00,0.5,0.5,0.0,0.0,0.0
2026-01-23 10:03:52,clusterA,13,4,4,0,1.00,0.5,0.5,0.0,0.0,0.0
2026-01-23 10:03:52,clusterB,13,4,4,0,1.00,0.5,0.5,0.0,0.0,0.0
2026-01-23 10:03:57,clusterA,13,4,4,0,1.00,0.5,0.5,0.0,0.0,0.0
2026-01-23 10:03:57,clusterB,13,4,4,0,1.00,0.5,0.5,0.0,0.0,0.0
2026-01-23 10:04:02,clusterA,13,4,4,0,1.00,0.5,0.5,0.0,0.0,0.0
2026-01-23 10:04:02,clusterB,13,4,4,0,1.00,0.5,0.5,0.0,0.0,0.0
2026-01-23 10:04:07,clusterA,13,4,4,0,1.00,0.5,0.5,0.0,0.0,0.0
2026-01-23 10:04:07,clusterB,13,4,4,0,1.00,0.5,0.5,0.0,0.0,0.0
2026-01-23 10:04:12,clusterA,13,4,4,0,1.00,0.5,0.5,0.0,0.0,0.0
2026-01-23 10:04:12,clusterB,13,4,4,0,1.00,0.5,0.5,0.0,0.0,0.0
2026-01-23 10:04:17,clusterA,13,4,4,0,1.00,0.5,0.5,0.0,0.0,0.0
2026-01-23 10:04:17,clusterB,13,4,4,0,1.00,0.5,0.5,0.0,0.0,0.0
2026-01-23 10:04:22,clusterA,13,4,4,0,1.00,0.5,0.5,0.0,0.0,0.0
2026-01-23 10:04:22,clusterB,13,4,4,0,1.00,0.5,0.5,0.0,0.0,0.0
2026-01-23 10:04:27,clusterA,13,4,4,0,1.00,0.5,0.5,0.0,0.0,0.0
2026-01-23 10:04:27,clusterB,13,4,4,0,1.00,0.5,0.5,0.0,0.0,0.0
2026-01-23 10:04:32,clusterA,13,4,4,0,1.00,0.5,0.5,0.0,0.0,0.0
2026-01-23 10:04:32,clusterB,13,4,4,0,1.00,0.5,0.5,0.0,0.0,0.0
2026-01-23 10:04:37,clusterA,13,4,4,0,1.00,0.5,0.5,0.0,0.0,0.0
2026-01-23 10:04:37,clusterB,13,4,4,0,1.00,0.5,0.5,0.0,0.0,0.0
2026-01-23 10:04:42,clusterA,13,4,4,0,1.00,0.5,0.5,0.0,0.0,0.0
2026-01-23 10:04:42,clusterB,13,4,4,0,1.00,0.5,0.5,0.0,0.0,0.0
2026-01-23 10:04:47,clusterA,13,4,4,0,1.00,0.5,0.5,0.0,0.0,0.0
2026-01-23 10:04:47,clusterB,13,4,4,0,1.00,0.5,0.5,0.0,0.0,0.0
2026-01-23 10:04:52,clusterA,13,4,4,0,1.00,0.5,0.5,0.0,0.0,0.0
2026-01-23 10:04:52,clusterB,13,4,4,0,1.00,0.5,0.5,0.0,0.0,0.0
2026-01-23 10:04:57,clusterA,13,4,4,0,1.00,0.5,0.5,0.0,0.0,0.0
2026-01-23 10:04:57,clusterB,13,4,4,0,1.00,0.5,0.5,0.0,0.0,0.0
2026-01-23 10:05:02,clusterA,13,4,4,0,1.00,0.5,0.5,0.0,0.0,0.0
2026-01-23 10:05:02,clusterB,13,4,4,0,1.00,0.5,0.5,0.0,0.0,0.0
2026-01-23 10:05:07,clusterA,13,4,4,0,1.00,0.5,0.5,0.0,0.0,0.0
2026-01-23 10:05:07,clusterB,13,4,4,0,1.00,0.5,0.5,0.0,0.0,0.0
2026-01-23 10:05:12,clusterA,13,4,4,0,1.00,0.5,0.5,0.0,0.0,0.0
2026-01-23 10:05:12,clusterB,13,4,4,0,1.00,0.5,0.5,0.0,0.0,0.0
2026-01-23 10:05:17,clusterA,13,4,4,0,1.00,0.5,0.5,0.0,0.0,0.0
2026-01-23 10:05:17,clusterB,13,4,4,0,1.00,0.5,0.5,0.0,0.0,0.0
2026-01-23 10:05:22,clusterA,13,4,4,0,1.00,0.5,0.5,0.0,0.0,0.0
2026-01-23 10:05:22,clusterB,13,4,4,0,1.00,0.5,0.5,0.0,0.0,0.0
2026-01-23 10:05:27,clusterA,13,4,4,0,1.00,0.5,0.5,0.0,0.0,0.0
2026-01-23 10:05:27,clusterB,13,4,4,0,1.00,0.5,0.5,0.0,0.0,0.0
2026-01-23 10:05:32,clusterA,13,4,4,0,1.00,0.5,0.5,0.0,0.0,0.0
2026-01-23 10:05:32,clusterB,13,4,4,0,1.00,0.5,0.5,0.0,0.0,0.0
2026-01-23 10:05:37,clusterA,13,4,4,0,1.00,0.5,0.5,0.0,0.0,0.0
2026-01-23 10:05:37,clusterB,13,4,4,0,1.00,0.5,0.5,0.0,0.0,0.0
2026-01-23 10:05:42,clusterA,13,4,4,0,1.00,0.5,0.5,0.0,0.0,0.0
2026-01-23 10:05:42,clusterB,13,4,4,0,1.00,0.5,0.5,0.0,0.0,0.0
2026-01-23 10:05:47,clusterA,13,4,4,0,1.00,0.5,0.5,0.0,0.0,0.0
2026-01-23 10:05:47,clusterB,13,4,4,0,1.00,0.5,0.5,0.0,0.0,0.0
2026-01-23 10:05:52,clusterA,13,4,4,0,1.00,0.5,0.5,0.0,0.0,0.0
2026-01-23 10:05:52,clusterB,13,4,4,0,1.00,0.5,0.5,0.0,0.0,0.0
2026-01-23 10:05:57,clusterA,13,4,4,0,1.00,0.5,0.5,0.0,0.0,0.0
2026-01-23 10:05:57,clusterB,13,4,4,0,1.00,0.5,0.5,0.0,0.0,0.0
2026-01-23 10:06:02,clusterA,13,4,4,0,1.00,0.5,0.5,0.0,0.0,0.0
2026-01-23 10:06:02,clusterB,13,4,4,0,1.00,0.5,0.5,0.0,0.0,0.0
2026-01-23 10:06:07,clusterA,13,4,4,0,1.00,0.5,0.5,0.0,0.0,0.0
2026-01-23 10:06:07,clusterB,13,4,4,0,1.00,0.5,0.5,0.0,0.0,0.0
2026-01-23 10:06:12,clusterA,13,4,4,0,1.00,0.5,0.5,0.0,0.0,0.0
2026-01-23 10:06:12,clusterB,13,4,4,0,1.00,0.5,0.5,0.0,0.0,0.0
2026-01-23 10:06:17,clusterA,13,4,4,0,1.00,0.5,0.5,0.0,0.0,0.0
2026-01-23 10:06:17,clusterB,13,4,4,0,1.00,0.5,0.5,0.0,0.0,0.0
2026-01-23 10:06:22,clusterA,13,4,4,0,1.00,0.5,0.5,0.0,0.0,0.0
2026-01-23 10:06:22,clusterB,13,4,4,0,1.00,0.5,0.5,0.0,0.0,0.0
2026-01-23 10:06:27,clusterA,13,4,4,0,1.00,0.5,0.5,0.0,0.0,0.0
2026-01-23 10:06:27,clusterB,13,4,4,0,1.00,0.5,0.5,0.0,0.0,0.0
2026-01-23 10:06:32,clusterA,13,4,4,0,1.00,0.5,0.5,0.0,0.0,0.0
2026-01-23 10:06:32,clusterB,13,4,4,0,1.00,0.5,0.5,0.0,0.0,0.0
2026-01-23 10:06:37,clusterA,13,4,4,0,1.00,0.5,0.5,0.0,0.0,0.0
2026-01-23 10:06:37,clusterB,13,4,4,0,1.00,0.5,0.5,0.0,0.0,0.0
2026-01-23 10:06:42,clusterA,13,4,4,0,1.00,0.5,0.5,0.0,0.0,0.0
2026-01-23 10:06:42,clusterB,13,4,4,0,1.00,0.5,0.5,0.0,0.0,0.0
2026-01-23 10:06:47,clusterA,13,4,4,0,1.00,0.5,0.5,0.0,0.0,0.0
2026-01-23 10:06:47,clusterB,13,4,4,0,1.00,0.5,0.5,0.0,0.0,0.0
2026-01-23 10:06:52,clusterA,13,4,4,0,1.00,0.5,0.5,0.0,0.0,0.0
2026-01-23 10:06:52,clusterB,13,4,4,0,1.00,0.5,0.5,0.0,0.0,0.0
2026-01-23 10:06:57,clusterA,13,4,4,0,1.00,0.5,0.5,0.0,0.0,0.0
2026-01-23 10:06:57,clusterB,13,4,4,0,1.00,0.5,0.5,0.0,0.0,0.0
2026-01-23 10:07:02,clusterA,13,4,4,0,1.00,0.5,0.5,0.0,0.0,0.0
2026-01-23 10:07:02,clusterB,13,4,4,0,1.00,0.5,0.5,0.0,0.0,0.0
2026-01-23 10:07:07,clusterA,13,4,4,0,1.00,0.5,0.5,0.0,0.0,0.0
2026-01-23 10:07:07,clusterB,13,4,4,0,1.00,0.5,0.5,0.0,0.0,0.0
2026-01-23 10:07:12,clusterA,13,4,4,0,1.00,0.5,0.5,0.0,0.0,0.0
2026-01-23 10:07:12,clusterB,13,4,4,0,1.00,0.5,0.5,0.0,0.0,0.0
2026-01-23 10:07:17,clusterA,13,4,4,0,1.00,0.5,0.5,0.0,0.0,0.0
2026-01-23 10:07:17,clusterB,13,4,4,0,1.00,0.5,0.5,0.0,0.0,0.0
2026-01-23 10:07:22,clusterA,13,4,4,0,1.00,0.5,0.5,0.0,0.0,0.0
2026-01-23 10:07:22,clusterB,13,4,4,0,1.00,0.5,0.5,0.0,0.0,0.0
2026-01-23 10:07:27,clusterA,13,4,4,0,1.00,0.5,0.5,0.0,0.0,0.0
2026-01-23 10:07:27,clusterB,13,4,4,0,1.00,0.5,0.5,0.0,0.0,0.0
2026-01-23 10:07:32,clusterA,13,4,4,0,1.00,0.5,0.5,0.0,0.0,0.0
2026-01-23 10:07:32,clusterB,13,4,4,0,1.00,0.5,0.5,0.0,0.0,0.0
2026-01-23 10:07:37,clusterA,13,4,4,0,1.00,0.5,0.5,0.0,0.0,0.0
2026-01-23 10:07:37,clusterB,13,4,4,0,1.00,0.5,0.5,0.0,0.0,0.0
2026-01-23 10:07:42,clusterA,13,4,4,0,1.00,0.5,0.5,0.0,0.0,0.0
2026-01-23 10:07:42,clusterB,13,4,4,0,1.00,0.5,0.5,0.0,0.0,0.0
2026-01-23 10:07:47,clusterA,13,4,4,0,1.00,0.5,0.5,0.0,0.0,0.0
2026-01-23 10:07:47,clusterB,13,4,4,0,1.00,0.5,0.5,0.0,0.0,0.0
2026-01-23 10:07:52,clusterA,13,4,4,0,1.00,0.5,0.5,0.0,0.0,0.0
2026-01-23 10:07:52,clusterB,13,4,4,0,1.00,0.5,0.5,0.0,0.0,0.0
2026-01-23 10:07:57,clusterA,13,4,4,0,1.00,0.5,0.5,0.0,0.0,0.0
2026-01-23 10:07:57,clusterB,13,4,4,0,1.00,0.5,0.5,0.0,0.0,0.0
2026-01-23 10:08:02,clusterA,13,4,4,0,1.00,0.5,0.5,0.0,0.0,0.0
2026-01-23 10:08:02,clusterB,13,4,4,0,1.00,0.5,0.5,0.0,0.0,0.0
2026-01-23 10:08:07,clusterA,13,4,4,0,1.00,0.5,0.5,0.0,0.0,0.0
2026-01-23 10:08:07,clusterB,13,4,4,0,1.00,0.5,0.5,0.0,0.0,0.0
2026-01-23 10:08:12,clusterA,13,4,4,0,1.00,0.5,0.5,0.0,0.0,0.0
2026-01-23 10:08:12,clusterB,13,4,4,0,1.00,0.5,0.5,0.0,0.0,0.0
2026-01-23 10:08:17,clusterA,13,4,4,0,1.00,0.5,0.5,0.0,0.0,0.0
2026-01-23 10:08:17,clusterB,13,4,4,0,1.00,0.5,0.5,0.0,0.0,0.0
2026-01-23 10:08:22,clusterA,13,4,4,0,1.00,0.5,0.5,0.0,0.0,0.0
2026-01-23 10:08:22,clusterB,13,4,4,0,1.00,0.5,0.5,0.0,0.0,0.0
2026-01-23 10:08:27,clusterA,13,4,4,0,1.00,0.5,0.5,0.0,0.0,0.0
2026-01-23 10:08:27,clusterB,13,4,4,0,1.00,0.5,0.5,0.0,0.0,0.0
2026-01-23 10:08:32,clusterA,13,4,4,0,1.00,0.5,0.5,0.0,0.0,0.0
2026-01-23 10:08:32,clusterB,13,4,4,0,1.00,0.5,0.5,0.0,0.0,0.0
2026-01-23 10:08:37,clusterA,13,4,4,0,1.00,0.5,0.5,0.0,0.0,0.0
2026-01-23 10:08:37,clusterB,13,4,4,0,1.00,0.5,0.5,0.0,0.0,0.0
2026-01-23 10:08:42,clusterA,13,4,4,0,1.00,0.5,0.5,0.0,0.0,0.0
2026-01-23 10:08:42,clusterB,13,4,4,0,1.00,0.5,0.5,0.0,0.0,0.0
2026-01-23 10:08:47,clusterA,13,4,4,0,1.00,0.5,0.5,0.0,0.0,0.0
2026-01-23 10:08:47,clusterB,13,4,4,0,1.00,0.5,0.5,0.0,0.0,0.0
2026-01-23 10:08:52,clusterA,13,4,4,0,1.00,0.5,0.5,0.0,0.0,0.0
2026-01-23 10:08:52,clusterB,13,4,4,0,1.00,0.5,0.5,0.0,0.0,0.0
2026-01-23 10:08:58,clusterA,13,4,4,0,1.00,0.5,0.5,0.0,0.0,0.0
2026-01-23 10:08:58,clusterB,13,4,4,0,1.00,0.5,0.5,0.0,0.0,0.0
2026-01-23 10:09:03,clusterA,13,4,4,0,1.00,0.5,0.5,0.0,0.0,0.0
2026-01-23 10:09:03,clusterB,13,4,4,0,1.00,0.5,0.5,0.0,0.0,0.0
2026-01-23 10:09:08,clusterA,13,4,4,0,1.00,0.5,0.5,0.0,0.0,0.0
2026-01-23 10:09:08,clusterB,13,4,4,0,1.00,0.5,0.5,0.0,0.0,0.0
2026-01-23 10:09:13,clusterA,13,4,4,0,1.00,0.5,0.5,0.0,0.0,0.0
2026-01-23 10:09:13,clusterB,13,4,4,0,1.00,0.5,0.5,0.0,0.0,0.0
2026-01-23 10:09:18,clusterA,13,4,4,0,1.00,0.5,0.5,0.0,0.0,0.0
2026-01-23 10:09:18,clusterB,13,4,4,0,1.00,0.5,0.5,0.0,0.0,0.0
2026-01-23 10:09:23,clusterA,13,4,4,0,1.00,0.5,0.5,0.0,0.0,0.0
2026-01-23 10:09:23,clusterB,13,4,4,0,1.00,0.5,0.5,0.0,0.0,0.0
2026-01-23 10:09:28,clusterA,13,4,4,0,1.00,0.5,0.5,0.0,0.0,0.0
2026-01-23 10:09:28,clusterB,13,4,4,0,1.00,0.5,0.5,0.0,0.0,0.0
2026-01-23 10:09:33,clusterA,13,4,4,0,1.00,0.5,0.5,0.0,0.0,0.0
2026-01-23 10:09:33,clusterB,13,4,4,0,1.00,0.5,0.5,0.0,0.0,0.0
2026-01-23 10:09:38,clusterA,13,4,4,0,1.00,0.5,0.5,0.0,0.0,0.0
2026-01-23 10:09:38,clusterB,13,4,4,0,1.00,0.5,0.5,0.0,0.0,0.0
2026-01-23 10:09:43,clusterA,13,4,4,0,1.00,0.5,0.5,0.0,0.0,0.0
2026-01-23 10:09:43,clusterB,13,4,4,0,1.00,0.5,0.5,0.0,0.0,0.0
2026-01-23 10:09:48,clusterA,13,4,4,0,1.00,0.5,0.5,0.0,0.0,0.0
2026-01-23 10:09:48,clusterB,13,4,4,0,1.00,0.5,0.5,0.0,0.0,0.0
2026-01-23 10:09:53,clusterA,13,4,4,0,1.00,0.5,0.5,0.0,0.0,0.0
2026-01-23 10:09:53,clusterB,13,4,4,0,1.00,0.5,0.5,0.0,0.0,0.0
2026-01-23 10:09:58,clusterA,13,4,4,0,1.00,0.5,0.5,0.0,0.0,0.0
2026-01-23 10:09:58,clusterB,13,4,4,0,1.00,0.5,0.5,0.0,0.0,0.0
2026-01-23 10:10:03,clusterA,13,4,4,0,1.00,0.5,0.5,0.0,0.0,0.0
2026-01-23 10:10:03,clusterB,13,4,4,0,1.00,0.5,0.5,0.0,0.0,0.0
2026-01-23 10:10:08,clusterA,13,4,4,0,1.00,0.5,0.5,0.0,0.0,0.0
2026-01-23 10:10:08,clusterB,13,4,4,0,1.00,0.5,0.5,0.0,0.0,0.0
2026-01-23 10:10:13,clusterA,13,4,4,0,1.00,0.5,0.5,0.0,0.0,0.0
2026-01-23 10:10:13,clusterB,13,4,4,0,1.00,0.5,0.5,0.0,0.0,0.0
2026-01-23 10:10:18,clusterA,13,4,4,0,1.00,0.5,0.5,0.0,0.0,0.0
2026-01-23 10:10:18,clusterB,13,4,4,0,1.00,0.5,0.5,0.0,0.0,0.0
2026-01-23 10:10:23,clusterA,13,4,4,0,1.00,0.5,0.5,0.0,0.0,0.0
2026-01-23 10:10:23,clusterB,13,4,4,0,1.00,0.5,0.5,0.0,0.0,0.0
2026-01-23 10:10:28,clusterA,13,4,4,0,1.00,0.5,0.5,0.0,0.0,0.0
2026-01-23 10:10:28,clusterB,13,4,4,0,1.00,0.5,0.5,0.0,0.0,0.0
2026-01-23 10:10:33,clusterA,13,4,4,0,1.00,0.5,0.5,0.0,0.0,0.0
2026-01-23 10:10:33,clusterB,13,4,4,0,1.00,0.5,0.5,0.0,0.0,0.0
2026-01-23 10:10:38,clusterA,13,4,4,0,1.00,0.5,0.5,0.0,0.0,0.0
2026-01-23 10:10:38,clusterB,13,4,4,0,1.00,0.5,0.5,0.0,0.0,0.0
2026-01-23 10:10:43,clusterA,13,4,4,0,1.00,0.5,0.5,0.0,0.0,0.0
2026-01-23 10:10:43,clusterB,13,4,4,0,1.00,0.5,0.5,0.0,0.0,0.0
2026-01-23 10:10:48,clusterA,13,4,4,0,1.00,0.5,0.5,0.0,0.0,0.0
2026-01-23 10:10:48,clusterB,13,4,4,0,1.00,0.5,0.5,0.0,0.0,0.0
2026-01-23 10:10:53,clusterA,13,4,4,0,1.00,0.5,0.5,0.0,0.0,0.0
2026-01-23 10:10:53,clusterB,13,4,4,0,1.00,0.5,0.5,0.0,0.0,0.0
2026-01-23 10:10:58,clusterA,13,4,4,0,1.00,0.5,0.5,0.0,0.0,0.0
2026-01-23 10:10:58,clusterB,13,4,4,0,1.00,0.5,0.5,0.0,0.0,0.0
2026-01-23 10:11:03,clusterA,13,4,4,0,1.00,0.5,0.5,0.0,0.0,0.0
2026-01-23 10:11:03,clusterB,13,4,4,0,1.00,0.5,0.5,0.0,0.0,0.0
2026-01-23 10:11:08,clusterA,13,4,4,0,1.00,0.5,0.5,0.0,0.0,0.0
2026-01-23 10:11:08,clusterB,13,4,4,0,1.00,0.5,0.5,0.0,0.0,0.0
2026-01-23 10:11:13,clusterA,13,4,4,0,1.00,0.5,0.5,0.0,0.0,0.0
2026-01-23 10:11:13,clusterB,13,4,4,0,1.00,0.5,0.5,0.0,0.0,0.0
2026-01-23 10:11:18,clusterA,13,4,4,0,1.00,0.5,0.5,0.0,0.0,0.0
2026-01-23 10:11:18,clusterB,13,4,4,0,1.00,0.5,0.5,0.0,0.0,0.0
2026-01-23 10:11:23,clusterA,13,4,4,0,1.00,0.5,0.5,0.0,0.0,0.0
2026-01-23 10:11:23,clusterB,13,4,4,0,1.00,0.5,0.5,0.0,0.0,0.0
2026-01-23 10:11:28,clusterA,13,4,4,0,1.00,0.5,0.5,0.0,0.0,0.0
2026-01-23 10:11:28,clusterB,13,4,4,0,1.00,0.5,0.5,0.0,0.0,0.0
2026-01-23 10:11:33,clusterA,13,4,4,0,1.00,0.5,0.5,0.0,0.0,0.0
2026-01-23 10:11:33,clusterB,13,4,4,0,1.00,0.5,0.5,0.0,0.0,0.0
2026-01-23 10:11:38,clusterA,13,4,4,0,1.00,0.5,0.5,0.0,0.0,0.0
2026-01-23 10:11:38,clusterB,13,4,4,0,1.00,0.5,0.5,0.0,0.0,0.0
2026-01-23 10:11:43,clusterA,13,4,4,0,1.00,0.5,0.5,0.0,0.0,0.0
2026-01-23 10:11:43,clusterB,13,4,4,0,1.00,0.5,0.5,0.0,0.0,0.0
2026-01-23 10:11:48,clusterA,13,4,4,0,1.00,0.5,0.5,0.0,0.0,0.0
2026-01-23 10:11:48,clusterB,13,4,4,0,1.00,0.5,0.5,0.0,0.0,0.0
2026-01-23 10:11:53,clusterA,13,4,4,0,1.00,0.5,0.5,0.0,0.0,0.0
2026-01-23 10:11:53,clusterB,13,4,4,0,1.00,0.5,0.5,0.0,0.0,0.0
2026-01-23 10:11:58,clusterA,13,4,4,0,1.00,0.5,0.5,0.0,0.0,0.0
2026-01-23 10:11:58,clusterB,13,4,4,0,1.00,0.5,0.5,0.0,0.0,0.0
2026-01-23 10:12:03,clusterA,13,4,4,0,1.00,0.5,0.5,0.0,0.0,0.0
2026-01-23 10:12:03,clusterB,13,4,4,0,1.00,0.5,0.5,0.0,0.0,0.0
2026-01-23 10:12:08,clusterA,13,4,4,0,1.00,0.5,0.5,0.0,0.0,0.0
2026-01-23 10:12:08,clusterB,13,4,4,0,1.00,0.5,0.5,0.0,0.0,0.0
2026-01-23 10:12:13,clusterA,13,4,4,0,1.00,0.5,0.5,0.0,0.0,0.0
2026-01-23 10:12:13,clusterB,13,4,4,0,1.00,0.5,0.5,0.0,0.0,0.0
2026-01-23 10:12:18,clusterA,13,4,4,0,1.00,0.5,0.5,0.0,0.0,0.0
2026-01-23 10:12:18,clusterB,13,4,4,0,1.00,0.5,0.5,0.0,0.0,0.0
2026-01-23 10:12:23,clusterA,13,4,4,0,1.00,0.5,0.5,0.0,0.0,0.0
2026-01-23 10:12:23,clusterB,13,4,4,0,1.00,0.5,0.5,0.0,0.0,0.0
2026-01-23 10:12:28,clusterA,13,4,4,0,1.00,0.5,0.5,0.0,0.0,0.0
2026-01-23 10:12:28,clusterB,13,4,4,0,1.00,0.5,0.5,0.0,0.0,0.0
2026-01-23 10:12:33,clusterA,13,4,4,0,1.00,0.5,0.5,0.0,0.0,0.0
2026-01-23 10:12:33,clusterB,13,4,4,0,1.00,0.5,0.5,0.0,0.0,0.0
2026-01-23 10:12:38,clusterA,13,4,4,0,1.00,0.5,0.5,0.0,0.0,0.0
2026-01-23 10:12:38,clusterB,13,4,4,0,1.00,0.5,0.5,0.0,0.0,0.0
2026-01-23 10:12:43,clusterA,13,4,4,0,1.00,0.5,0.5,0.0,0.0,0.0
2026-01-23 10:12:43,clusterB,13,4,4,0,1.00,0.5,0.5,0.0,0.0,0.0
2026-01-23 10:12:48,clusterA,13,4,4,0,1.00,0.5,0.5,0.0,0.0,0.0
2026-01-23 10:12:48,clusterB,13,4,4,0,1.00,0.5,0.5,0.0,0.0,0.0
2026-01-23 10:12:53,clusterA,13,4,4,0,1.00,0.5,0.5,0.0,0.0,0.0
2026-01-23 10:12:53,clusterB,13,4,4,0,1.00,0.5,0.5,0.0,0.0,0.0
2026-01-23 10:12:58,clusterA,13,4,4,0,1.00,0.5,0.5,0.0,0.0,0.0
2026-01-23 10:12:58,clusterB,13,4,4,0,1.00,0.5,0.5,0.0,0.0,0.0
2026-01-23 10:13:03,clusterA,13,4,4,0,1.00,0.5,0.5,0.0,0.0,0.0
2026-01-23 10:13:03,clusterB,13,4,4,0,1.00,0.5,0.5,0.0,0.0,0.0
2026-01-23 10:13:08,clusterA,13,4,4,0,1.00,0.5,0.5,0.0,0.0,0.0
2026-01-23 10:13:08,clusterB,13,4,4,0,1.00,0.5,0.5,0.0,0.0,0.0
2026-01-23 10:13:13,clusterA,13,4,4,0,1.00,0.5,0.5,0.0,0.0,0.0
2026-01-23 10:13:13,clusterB,13,4,4,0,1.00,0.5,0.5,0.0,0.0,0.0
2026-01-23 10:13:18,clusterA,13,4,4,0,1.00,0.5,0.5,0.0,0.0,0.0
2026-01-23 10:13:18,clusterB,13,4,4,0,1.00,0.5,0.5,0.0,0.0,0.0
2026-01-23 10:13:23,clusterA,13,4,4,0,1.00,0.5,0.5,0.0,0.0,0.0
2026-01-23 10:13:23,clusterB,13,4,4,0,1.00,0.5,0.5,0.0,0.0,0.0
2026-01-23 10:13:28,clusterA,13,4,4,0,1.00,0.5,0.5,0.0,0.0,0.0
2026-01-23 10:13:28,clusterB,13,4,4,0,1.00,0.5,0.5,0.0,0.0,0.0
2026-01-23 10:13:33,clusterA,13,4,4,0,1.00,0.5,0.5,0.0,0.0,0.0
2026-01-23 10:13:33,clusterB,13,4,4,0,1.00,0.5,0.5,0.0,0.0,0.0
2026-01-23 10:13:38,clusterA,13,4,4,0,1.00,0.5,0.5,0.0,0.0,0.0
2026-01-23 10:13:38,clusterB,13,4,4,0,1.00,0.5,0.5,0.0,0.0,0.0
2026-01-23 10:13:43,clusterA,13,4,4,0,1.00,0.5,0.5,0.0,0.0,0.0
2026-01-23 10:13:43,clusterB,13,4,4,0,1.00,0.5,0.5,0.0,0.0,0.0
2026-01-23 10:13:48,clusterA,13,4,4,0,1.00,0.5,0.5,0.0,0.0,0.0
2026-01-23 10:13:48,clusterB,13,4,4,0,1.00,0.5,0.5,0.0,0.0,0.0
2026-01-23 10:13:53,clusterA,13,4,4,0,1.00,0.5,0.5,0.0,0.0,0.0
2026-01-23 10:13:53,clusterB,13,4,4,0,1.00,0.5,0.5,0.0,0.0,0.0
2026-01-23 10:13:58,clusterA,13,4,4,0,1.00,0.5,0.5,0.0,0.0,0.0
2026-01-23 10:13:58,clusterB,13,4,4,0,1.00,0.5,0.5,0.0,0.0,0.0
2026-01-23 10:14:03,clusterA,13,4,4,0,1.00,0.5,0.5,0.0,0.0,0.0
2026-01-23 10:14:03,clusterB,13,4,4,0,1.00,0.5,0.5,0.0,0.0,0.0
2026-01-23 10:14:08,clusterA,13,4,4,0,1.00,0.5,0.5,0.0,0.0,0.0
2026-01-23 10:14:08,clusterB,13,4,4,0,1.00,0.5,0.5,0.0,0.0,0.0
2026-01-23 10:14:13,clusterA,13,4,4,0,1.00,0.5,0.5,0.0,0.0,0.0
2026-01-23 10:14:13,clusterB,13,4,4,0,1.00,0.5,0.5,0.0,0.0,0.0
2026-01-23 10:14:18,clusterA,13,4,4,0,1.00,0.5,0.5,0.0,0.0,0.0
2026-01-23 10:14:18,clusterB,13,4,4,0,1.00,0.5,0.5,0.0,0.0,0.0
2026-01-23 10:14:23,clusterA,13,4,4,0,1.00,0.5,0.5,0.0,0.0,0.0
2026-01-23 10:14:23,clusterB,13,4,4,0,1.00,0.5,0.5,0.0,0.0,0.0
2026-01-23 10:14:28,clusterA,13,4,4,0,1.00,0.5,0.5,0.0,0.0,0.0
2026-01-23 10:14:28,clusterB,13,4,4,0,1.00,0.5,0.5,0.0,0.0,0.0
2026-01-23 10:14:33,clusterA,13,4,4,0,1.00,0.5,0.5,0.0,0.0,0.0
2026-01-23 10:14:33,clusterB,13,4,4,0,1.00,0.5,0.5,0.0,0.0,0.0
2026-01-23 10:14:38,clusterA,13,4,4,0,1.00,0.5,0.5,0.0,0.0,0.0
2026-01-23 10:14:38,clusterB,13,4,4,0,1.00,0.5,0.5,0.0,0.0,0.0
2026-01-23 10:14:43,clusterA,13,4,4,0,1.00,0.5,0.5,0.0,0.0,0.0
2026-01-23 10:14:43,clusterB,13,4,4,0,1.00,0.5,0.5,0.0,0.0,0.0
2026-01-23 10:14:48,clusterA,13,4,4,0,1.00,0.5,0.5,0.0,0.0,0.0
2026-01-23 10:14:48,clusterB,13,4,4,0,1.00,0.5,0.5,0.0,0.0,0.0
2026-01-23 10:14:53,clusterA,13,4,4,0,1.00,0.5,0.5,0.0,0.0,0.0
2026-01-23 10:14:53,clusterB,13,4,4,0,1.00,0.5,0.5,0.0,0.0,0.0
2026-01-23 10:14:58,clusterA,13,4,4,0,1.00,0.5,0.5,0.0,0.0,0.0
2026-01-23 10:14:58,clusterB,13,4,4,0,1.00,0.5,0.5,0.0,0.0,0.0
2026-01-23 10:15:03,clusterA,13,4,4,0,1.00,0.5,0.5,0.0,0.0,0.0
2026-01-23 10:15:03,clusterB,13,4,4,0,1.00,0.5,0.5,0.0,0.0,0.0
2026-01-23 10:15:08,clusterA,13,4,4,0,1.00,0.5,0.5,0.0,0.0,0.0
2026-01-23 10:15:08,clusterB,13,4,4,0,1.00,0.5,0.5,0.0,0.0,0.0
2026-01-23 10:15:13,clusterA,13,4,4,0,1.00,0.5,0.5,0.0,0.0,0.0
2026-01-23 10:15:13,clusterB,13,4,4,0,1.00,0.5,0.5,0.0,0.0,0.0
2026-01-23 10:15:18,clusterA,13,4,4,0,1.00,0.5,0.5,0.0,0.0,0.0
2026-01-23 10:15:18,clusterB,13,4,4,0,1.00,0.5,0.5,0.0,0.0,0.0
2026-01-23 10:15:23,clusterA,13,4,4,0,1.00,0.5,0.5,0.0,0.0,0.0
2026-01-23 10:15:23,clusterB,13,4,4,0,1.00,0.5,0.5,0.0,0.0,0.0
2026-01-23 10:15:28,clusterA,13,4,4,0,1.00,0.5,0.5,0.0,0.0,0.0
2026-01-23 10:15:28,clusterB,13,4,4,0,1.00,0.5,0.5,0.0,0.0,0.0
2026-01-23 10:15:33,clusterA,13,4,4,0,1.00,0.5,0.5,0.0,0.0,0.0
2026-01-23 10:15:33,clusterB,13,4,4,0,1.00,0.5,0.5,0.0,0.0,0.0
2026-01-23 10:15:38,clusterA,13,4,4,0,1.00,0.5,0.5,0.0,0.0,0.0
2026-01-23 10:15:38,clusterB,13,4,4,0,1.00,0.5,0.5,0.0,0.0,0.0
2026-01-23 10:15:43,clusterA,13,4,4,0,1.00,0.5,0.5,0.0,0.0,0.0
2026-01-23 10:15:43,clusterB,13,4,4,0,1.00,0.5,0.5,0.0,0.0,0.0
2026-01-23 10:15:48,clusterA,13,4,4,0,1.00,0.5,0.5,0.0,0.0,0.0
2026-01-23 10:15:48,clusterB,13,4,4,0,1.00,0.5,0.5,0.0,0.0,0.0
2026-01-23 10:15:53,clusterA,13,4,4,0,1.00,0.5,0.5,0.0,0.0,0.0
2026-01-23 10:15:53,clusterB,13,4,4,0,1.00,0.5,0.5,0.0,0.0,0.0
2026-01-23 10:15:58,clusterA,13,4,4,0,1.00,0.5,0.5,0.0,0.0,0.0
2026-01-23 10:15:58,clusterB,13,4,4,0,1.00,0.5,0.5,0.0,0.0,0.0
2026-01-23 10:16:03,clusterA,13,4,4,0,1.00,0.5,0.5,0.0,0.0,0.0
2026-01-23 10:16:03,clusterB,13,4,4,0,1.00,0.5,0.5,0.0,0.0,0.0
2026-01-23 10:16:08,clusterA,13,4,4,0,1.00,0.5,0.5,0.0,0.0,0.0
2026-01-23 10:16:08,clusterB,13,4,4,0,1.00,0.5,0.5,0.0,0.0,0.0
2026-01-23 10:16:13,clusterA,13,4,4,0,1.00,0.5,0.5,0.0,0.0,0.0
2026-01-23 10:16:13,clusterB,13,4,4,0,1.00,0.5,0.5,0.0,0.0,0.0
2026-01-23 10:16:18,clusterA,13,4,4,0,1.00,0.5,0.5,0.0,0.0,0.0
2026-01-23 10:16:18,clusterB,13,4,4,0,1.00,0.5,0.5,0.0,0.0,0.0
2026-01-23 10:16:23,clusterA,13,4,4,0,1.00,0.5,0.5,0.0,0.0,0.0
2026-01-23 10:16:23,clusterB,13,4,4,0,1.00,0.5,0.5,0.0,0.0,0.0
2026-01-23 10:16:28,clusterA,13,4,4,0,1.00,0.5,0.5,0.0,0.0,0.0
2026-01-23 10:16:28,clusterB,13,4,4,0,1.00,0.5,0.5,0.0,0.0,0.0
2026-01-23 10:16:33,clusterA,13,4,4,0,1.00,0.5,0.5,0.0,0.0,0.0
2026-01-23 10:16:33,clusterB,13,4,4,0,1.00,0.5,0.5,0.0,0.0,0.0
2026-01-23 10:16:38,clusterA,13,4,4,0,1.00,0.5,0.5,0.0,0.0,0.0
2026-01-23 10:16:38,clusterB,13,4,4,0,1.00,0.5,0.5,0.0,0.0,0.0
2026-01-23 10:16:43,clusterA,13,4,4,0,1.00,0.5,0.5,0.0,0.0,0.0
2026-01-23 10:16:43,clusterB,13,4,4,0,1.00,0.5,0.5,0.0,0.0,0.0
2026-01-23 10:16:48,clusterA,13,4,4,0,1.00,0.5,0.5,0.0,0.0,0.0
2026-01-23 10:16:48,clusterB,13,4,4,0,1.00,0.5,0.5,0.0,0.0,0.0
2026-01-23 10:16:53,clusterA,13,4,4,0,1.00,0.5,0.5,0.0,0.0,0.0
2026-01-23 10:16:53,clusterB,13,4,4,0,1.00,0.5,0.5,0.0,0.0,0.0
2026-01-23 10:16:58,clusterA,13,4,4,0,1.00,0.5,0.5,0.0,0.0,0.0
2026-01-23 10:16:58,clusterB,13,4,4,0,1.00,0.5,0.5,0.0,0.0,0.0
2026-01-23 10:17:03,clusterA,13,4,4,0,1.00,0.5,0.5,0.0,0.0,0.0
2026-01-23 10:17:03,clusterB,13,4,4,0,1.00,0.5,0.5,0.0,0.0,0.0
2026-01-23 10:17:08,clusterA,13,4,4,0,1.00,0.5,0.5,0.0,0.0,0.0
2026-01-23 10:17:08,clusterB,13,4,4,0,1.00,0.5,0.5,0.0,0.0,0.0
2026-01-23 10:17:13,clusterA,13,4,4,0,1.00,0.5,0.5,0.0,0.0,0.0
2026-01-23 10:17:13,clusterB,13,4,4,0,1.00,0.5,0.5,0.0,0.0,0.0
2026-01-23 10:17:18,clusterA,13,4,4,0,1.00,0.5,0.5,0.0,0.0,0.0
2026-01-23 10:17:18,clusterB,13,4,4,0,1.00,0.5,0.5,0.0,0.0,0.0
2026-01-23 10:17:23,clusterA,13,4,4,0,1.00,0.5,0.5,0.0,0.0,0.0
2026-01-23 10:17:23,clusterB,13,4,4,0,1.00,0.5,0.5,0.0,0.0,0.0
2026-01-23 10:17:28,clusterA,13,4,4,0,1.00,0.5,0.5,0.0,0.0,0.0
2026-01-23 10:17:28,clusterB,13,4,4,0,1.00,0.5,0.5,0.0,0.0,0.0
2026-01-23 10:17:33,clusterA,13,4,4,0,1.00,0.5,0.5,0.0,0.0,0.0
2026-01-23 10:17:33,clusterB,13,4,4,0,1.00,0.5,0.5,0.0,0.0,0.0
2026-01-23 10:17:38,clusterA,13,4,4,0,1.00,0.5,0.5,0.0,0.0,0.0
2026-01-23 10:17:38,clusterB,13,4,4,0,1.00,0.5,0.5,0.0,0.0,0.0
2026-01-23 10:17:43,clusterA,13,4,4,0,1.00,0.5,0.5,0.0,0.0,0.0
2026-01-23 10:17:43,clusterB,13,4,4,0,1.00,0.5,0.5,0.0,0.0,0.0
2026-01-23 10:17:48,clusterA,13,4,4,0,1.00,0.5,0.5,0.0,0.0,0.0
2026-01-23 10:17:48,clusterB,13,4,4,0,1.00,0.5,0.5,0.0,0.0,0.0
2026-01-23 10:17:54,clusterA,13,4,4,0,1.00,0.5,0.5,0.0,0.0,0.0
2026-01-23 10:17:54,clusterB,13,4,4,0,1.00,0.5,0.5,0.0,0.0,0.0
2026-01-23 10:17:59,clusterA,13,4,4,0,1.00,0.5,0.5,0.0,0.0,0.0
2026-01-23 10:17:59,clusterB,13,4,4,0,1.00,0.5,0.5,0.0,0.0,0.0
2026-01-23 10:18:04,clusterA,13,4,4,0,1.00,0.5,0.5,0.0,0.0,0.0
2026-01-23 10:18:04,clusterB,13,4,4,0,1.00,0.5,0.5,0.0,0.0,0.0
2026-01-23 10:18:09,clusterA,13,4,4,0,1.00,0.5,0.5,0.0,0.0,0.0
2026-01-23 10:18:09,clusterB,13,4,4,0,1.00,0.5,0.5,0.0,0.0,0.0
2026-01-23 10:18:14,clusterA,13,4,4,0,1.00,0.5,0.5,0.0,0.0,0.0
2026-01-23 10:18:14,clusterB,13,4,4,0,1.00,0.5,0.5,0.0,0.0,0.0
2026-01-23 10:18:19,clusterA,13,4,4,0,1.00,0.5,0.5,0.0,0.0,0.0
2026-01-23 10:18:19,clusterB,13,4,4,0,1.00,0.5,0.5,0.0,0.0,0.0
2026-01-23 10:18:24,clusterA,13,4,4,0,1.00,0.5,0.5,0.0,0.0,0.0
2026-01-23 10:18:24,clusterB,13,4,4,0,1.00,0.5,0.5,0.0,0.0,0.0
2026-01-23 10:18:29,clusterA,13,4,4,0,1.00,0.5,0.5,0.0,0.0,0.0
2026-01-23 10:18:29,clusterB,13,4,4,0,1.00,0.5,0.5,0.0,0.0,0.0
2026-01-23 10:18:34,clusterA,13,4,4,0,1.00,0.5,0.5,0.0,0.0,0.0
2026-01-23 10:18:34,clusterB,13,4,4,0,1.00,0.5,0.5,0.0,0.0,0.0
2026-01-23 10:18:39,clusterA,13,4,4,0,1.00,0.5,0.5,0.0,0.0,0.0
2026-01-23 10:18:39,clusterB,13,4,4,0,1.00,0.5,0.5,0.0,0.0,0.0
2026-01-23 10:18:44,clusterA,13,4,4,0,1.00,0.5,0.5,0.0,0.0,0.0
2026-01-23 10:18:44,clusterB,13,4,4,0,1.00,0.5,0.5,0.0,0.0,0.0
2026-01-23 10:18:49,clusterA,13,4,4,0,1.00,0.5,0.5,0.0,0.0,0.0
2026-01-23 10:18:49,clusterB,13,4,4,0,1.00,0.5,0.5,0.0,0.0,0.0
2026-01-23 10:18:54,clusterA,13,4,4,0,1.00,0.5,0.5,0.0,0.0,0.0
2026-01-23 10:18:54,clusterB,13,4,4,0,1.00,0.5,0.5,0.0,0.0,0.0
2026-01-23 10:18:59,clusterA,13,4,4,0,1.00,0.5,0.5,0.0,0.0,0.0
2026-01-23 10:18:59,clusterB,13,4,4,0,1.00,0.5,0.5,0.0,0.0,0.0
2026-01-23 10:19:04,clusterA,13,4,4,0,1.00,0.5,0.5,0.0,0.0,0.0
2026-01-23 10:19:04,clusterB,13,4,4,0,1.00,0.5,0.5,0.0,0.0,0.0
2026-01-23 10:19:09,clusterA,13,4,4,0,1.00,0.5,0.5,0.0,0.0,0.0
2026-01-23 10:19:09,clusterB,13,4,4,0,1.00,0.5,0.5,0.0,0.0,0.0
2026-01-23 10:19:14,clusterA,13,4,4,0,1.00,0.5,0.5,0.0,0.0,0.0
2026-01-23 10:19:14,clusterB,13,4,4,0,1.00,0.5,0.5,0.0,0.0,0.0
2026-01-23 10:19:19,clusterA,13,4,4,0,1.00,0.5,0.5,0.0,0.0,0.0
2026-01-23 10:19:19,clusterB,13,4,4,0,1.00,0.5,0.5,0.0,0.0,0.0
2026-01-23 10:19:24,clusterA,13,4,4,0,1.00,0.5,0.5,0.0,0.0,0.0
2026-01-23 10:19:24,clusterB,13,4,4,0,1.00,0.5,0.5,0.0,0.0,0.0
2026-01-23 10:19:29,clusterA,13,4,4,0,1.00,0.5,0.5,0.0,0.0,0.0
2026-01-23 10:19:29,clusterB,13,4,4,0,1.00,0.5,0.5,0.0,0.0,0.0
2026-01-23 10:19:34,clusterA,13,4,4,0,1.00,0.5,0.5,0.0,0.0,0.0
2026-01-23 10:19:34,clusterB,13,4,4,0,1.00,0.5,0.5,0.0,0.0,0.0
2026-01-23 10:19:39,clusterA,13,4,4,0,1.00,0.5,0.5,0.0,0.0,0.0
2026-01-23 10:19:39,clusterB,13,4,4,0,1.00,0.5,0.5,0.0,0.0,0.0
2026-01-23 10:19:44,clusterA,13,4,4,0,1.00,0.5,0.5,0.0,0.0,0.0
2026-01-23 10:19:44,clusterB,13,4,4,0,1.00,0.5,0.5,0.0,0.0,0.0
2026-01-23 10:19:49,clusterA,13,4,4,0,1.00,0.5,0.5,0.0,0.0,0.0
2026-01-23 10:19:49,clusterB,13,4,4,0,1.00,0.5,0.5,0.0,0.0,0.0
2026-01-23 10:19:54,clusterA,13,4,4,0,1.00,0.5,0.5,0.0,0.0,0.0
2026-01-23 10:19:54,clusterB,13,4,4,0,1.00,0.5,0.5,0.0,0.0,0.0
2026-01-23 10:19:59,clusterA,13,4,4,0,1.00,0.5,0.5,0.0,0.0,0.0
2026-01-23 10:19:59,clusterB,13,4,4,0,1.00,0.5,0.5,0.0,0.0,0.0
2026-01-23 10:20:04,clusterA,13,4,4,0,1.00,0.5,0.5,0.0,0.0,0.0
2026-01-23 10:20:04,clusterB,13,4,4,0,1.00,0.5,0.5,0.0,0.0,0.0
2026-01-23 10:20:09,clusterA,13,4,4,0,1.00,0.5,0.5,0.0,0.0,0.0
2026-01-23 10:20:09,clusterB,13,4,4,0,1.00,0.5,0.5,0.0,0.0,0.0
2026-01-23 10:20:14,clusterA,13,4,4,0,1.00,0.5,0.5,0.0,0.0,0.0
2026-01-23 10:20:14,clusterB,13,4,4,0,1.00,0.5,0.5,0.0,0.0,0.0
2026-01-23 10:20:19,clusterA,13,4,4,0,1.00,0.5,0.5,0.0,0.0,0.0
2026-01-23 10:20:19,clusterB,13,4,4,0,1.00,0.5,0.5,0.0,0.0,0.0
2026-01-23 10:20:24,clusterA,13,4,4,0,1.00,0.5,0.5,0.0,0.0,0.0
2026-01-23 10:20:24,clusterB,13,4,4,0,1.00,0.5,0.5,0.0,0.0,0.0
2026-01-23 10:20:29,clusterA,13,4,4,0,1.00,0.5,0.5,0.0,0.0,0.0
2026-01-23 10:20:29,clusterB,13,4,4,0,1.00,0.5,0.5,0.0,0.0,0.0
2026-01-23 10:20:34,clusterA,13,4,4,0,1.00,0.5,0.5,0.0,0.0,0.0
2026-01-23 10:20:34,clusterB,13,4,4,0,1.00,0.5,0.5,0.0,0.0,0.0
2026-01-23 10:20:39,clusterA,13,4,4,0,1.00,0.5,0.5,0.0,0.0,0.0
2026-01-23 10:20:39,clusterB,13,4,4,0,1.00,0.5,0.5,0.0,0.0,0.0
2026-01-23 10:20:44,clusterA,13,4,4,0,1.00,0.5,0.5,0.0,0.0,0.0
2026-01-23 10:20:44,clusterB,13,4,4,0,1.00,0.5,0.5,0.0,0.0,0.0
2026-01-23 10:20:49,clusterA,13,4,4,0,1.00,0.5,0.5,0.0,0.0,0.0
2026-01-23 10:20:49,clusterB,13,4,4,0,1.00,0.5,0.5,0.0,0.0,0.0
2026-01-23 10:20:54,clusterA,13,4,4,0,1.00,0.5,0.5,0.0,0.0,0.0
2026-01-23 10:20:54,clusterB,13,4,4,0,1.00,0.5,0.5,0.0,0.0,0.0
2026-01-23 10:20:59,clusterA,13,4,4,0,1.00,0.5,0.5,0.0,0.0,0.0
2026-01-23 10:20:59,clusterB,13,4,4,0,1.00,0.5,0.5,0.0,0.0,0.0
2026-01-23 10:21:04,clusterA,13,4,4,0,1.00,0.5,0.5,0.0,0.0,0.0
2026-01-23 10:21:04,clusterB,13,4,4,0,1.00,0.5,0.5,0.0,0.0,0.0
2026-01-23 10:21:09,clusterA,13,4,4,0,1.00,0.5,0.5,0.0,0.0,0.0
2026-01-23 10:21:09,clusterB,13,4,4,0,1.00,0.5,0.5,0.0,0.0,0.0
2026-01-23 10:21:14,clusterA,13,4,4,0,1.00,0.5,0.5,0.0,0.0,0.0
2026-01-23 10:21:14,clusterB,13,4,4,0,1.00,0.5,0.5,0.0,0.0,0.0
2026-01-23 10:21:19,clusterA,13,4,4,0,1.00,0.5,0.5,0.0,0.0,0.0
2026-01-23 10:21:19,clusterB,13,4,4,0,1.00,0.5,0.5,0.0,0.0,0.0
2026-01-23 10:21:24,clusterA,13,4,4,0,1.00,0.5,0.5,0.0,0.0,0.0
2026-01-23 10:21:24,clusterB,13,4,4,0,1.00,0.5,0.5,0.0,0.0,0.0
2026-01-23 10:21:29,clusterA,13,4,3,1,0.75,0.5,0.5,0.0,0.0,0.0
2026-01-23 10:21:29,clusterB,13,4,4,0,1.00,0.5,0.5,0.0,0.0,0.0
2026-01-23 10:21:34,clusterA,12,4,4,0,1.00,0.5,0.5,0.0,0.0,0.0
2026-01-23 10:21:34,clusterB,12,4,4,0,1.00,0.5,0.5,0.0,0.0,0.0
2026-01-23 10:21:39,clusterA,12,4,4,0,1.00,0.5,0.5,0.0,0.0,0.0
2026-01-23 10:21:39,clusterB,12,4,4,0,1.00,0.5,0.5,0.0,0.0,0.0
2026-01-23 10:21:44,clusterA,12,4,4,0,1.00,0.5,0.5,0.0,0.0,0.0
2026-01-23 10:21:44,clusterB,12,4,4,0,1.00,0.5,0.5,0.0,0.0,0.0
2026-01-23 10:21:49,clusterA,12,4,4,0,1.00,0.5,0.5,0.0,0.0,0.0
2026-01-23 10:21:49,clusterB,12,4,4,0,1.00,0.5,0.5,0.0,0.0,0.0
2026-01-23 10:21:54,clusterA,12,4,4,0,1.00,0.5,0.5,0.0,0.0,0.0
2026-01-23 10:21:54,clusterB,12,4,4,0,1.00,0.5,0.5,0.0,0.0,0.0
2026-01-23 10:21:59,clusterA,12,4,4,0,1.00,0.5,0.5,0.0,0.0,0.0
2026-01-23 10:21:59,clusterB,12,4,4,0,1.00,0.5,0.5,0.0,0.0,0.0
2026-01-23 10:22:04,clusterA,12,4,4,0,1.00,0.5,0.5,0.0,0.0,0.0
2026-01-23 10:22:04,clusterB,12,4,4,0,1.00,0.5,0.5,0.0,0.0,0.0
2026-01-23 10:22:09,clusterA,12,4,4,0,1.00,0.5,0.5,0.0,0.0,0.0
2026-01-23 10:22:09,clusterB,12,4,4,0,1.00,0.5,0.5,0.0,0.0,0.0
2026-01-23 10:22:14,clusterA,12,4,4,0,1.00,0.5,0.5,0.0,0.0,0.0
2026-01-23 10:22:14,clusterB,12,4,4,0,1.00,0.5,0.5,0.0,0.0,0.0
2026-01-23 10:22:19,clusterA,12,4,4,0,1.00,0.5,0.5,0.0,0.0,0.0
2026-01-23 10:22:19,clusterB,12,4,4,0,1.00,0.5,0.5,0.0,0.0,0.0
2026-01-23 10:22:24,clusterA,12,4,4,0,1.00,0.5,0.5,0.0,0.0,0.0
2026-01-23 10:22:24,clusterB,12,4,4,0,1.00,0.5,0.5,0.0,0.0,0.0
2026-01-23 10:22:29,clusterA,12,4,4,0,1.00,0.5,0.5,0.0,0.0,0.0
2026-01-23 10:22:29,clusterB,12,4,4,0,1.00,0.5,0.5,0.0,0.0,0.0
2026-01-23 10:22:34,clusterA,12,4,4,0,1.00,0.5,0.5,0.0,0.0,0.0
2026-01-23 10:22:34,clusterB,12,4,4,0,1.00,0.5,0.5,0.0,0.0,0.0
2026-01-23 10:22:39,clusterA,12,4,4,0,1.00,0.5,0.5,0.0,0.0,0.0
2026-01-23 10:22:39,clusterB,12,4,4,0,1.00,0.5,0.5,0.0,0.0,0.0
2026-01-23 10:22:44,clusterA,12,4,4,0,1.00,0.5,0.5,0.0,0.0,0.0
2026-01-23 10:22:44,clusterB,12,4,4,0,1.00,0.5,0.5,0.0,0.0,0.0
2026-01-23 10:22:49,clusterA,12,4,4,0,1.00,0.5,0.5,0.0,0.0,0.0
2026-01-23 10:22:49,clusterB,12,4,4,0,1.00,0.5,0.5,0.0,0.0,0.0
2026-01-23 10:22:54,clusterA,12,4,4,0,1.00,0.5,0.5,0.0,0.0,0.0
2026-01-23 10:22:54,clusterB,12,4,4,0,1.00,0.5,0.5,0.0,0.0,0.0
2026-01-23 10:22:59,clusterA,12,4,4,0,1.00,0.5,0.5,0.0,0.0,0.0
2026-01-23 10:22:59,clusterB,12,4,4,0,1.00,0.5,0.5,0.0,0.0,0.0
2026-01-23 10:23:04,clusterA,12,4,4,0,1.00,0.5,0.5,0.0,0.0,0.0
2026-01-23 10:23:04,clusterB,12,4,4,0,1.00,0.5,0.5,0.0,0.0,0.0
2026-01-23 10:23:09,clusterA,12,4,4,0,1.00,0.5,0.5,0.0,0.0,0.0
2026-01-23 10:23:09,clusterB,12,4,4,0,1.00,0.5,0.5,0.0,0.0,0.0
2026-01-23 10:23:14,clusterA,12,4,4,0,1.00,0.5,0.5,0.0,0.0,0.0
2026-01-23 10:23:14,clusterB,12,4,4,0,1.00,0.5,0.5,0.0,0.0,0.0
2026-01-23 10:23:19,clusterA,12,4,4,0,1.00,0.5,0.5,0.0,0.0,0.0
2026-01-23 10:23:19,clusterB,12,4,4,0,1.00,0.5,0.5,0.0,0.0,0.0
2026-01-23 10:23:24,clusterA,12,4,4,0,1.00,0.5,0.5,0.0,0.0,0.0
2026-01-23 10:23:24,clusterB,12,4,4,0,1.00,0.5,0.5,0.0,0.0,0.0
2026-01-23 10:23:29,clusterA,12,4,4,0,1.00,0.5,0.5,0.0,0.0,0.0
2026-01-23 10:23:29,clusterB,12,4,4,0,1.00,0.5,0.5,0.0,0.0,0.0
2026-01-23 10:23:34,clusterA,12,4,4,0,1.00,0.5,0.5,0.0,0.0,0.0
2026-01-23 10:23:34,clusterB,12,4,4,0,1.00,0.5,0.5,0.0,0.0,0.0
2026-01-23 10:23:39,clusterA,12,4,4,0,1.00,0.5,0.5,0.0,0.0,0.0
2026-01-23 10:23:39,clusterB,12,4,4,0,1.00,0.5,0.5,0.0,0.0,0.0
2026-01-23 10:23:44,clusterA,12,4,4,0,1.00,0.5,0.5,0.0,0.0,0.0
2026-01-23 10:23:44,clusterB,12,4,4,0,1.00,0.5,0.5,0.0,0.0,0.0
2026-01-23 10:23:49,clusterA,12,4,4,0,1.00,0.5,0.5,0.0,0.0,0.0
2026-01-23 10:23:49,clusterB,12,4,4,0,1.00,0.5,0.5,0.0,0.0,0.0
2026-01-23 10:23:54,clusterA,12,4,4,0,1.00,0.5,0.5,0.0,0.0,0.0
2026-01-23 10:23:54,clusterB,12,4,4,0,1.00,0.5,0.5,0.0,0.0,0.0
2026-01-23 10:23:59,clusterA,12,4,4,0,1.00,0.5,0.5,0.0,0.0,0.0
2026-01-23 10:23:59,clusterB,12,4,4,0,1.00,0.5,0.5,0.0,0.0,0.0
2026-01-23 10:24:04,clusterA,12,4,4,0,1.00,0.5,0.5,0.0,0.0,0.0
2026-01-23 10:24:04,clusterB,12,4,4,0,1.00,0.5,0.5,0.0,0.0,0.0
2026-01-23 10:24:09,clusterA,12,4,4,0,1.00,0.5,0.5,0.0,0.0,0.0
2026-01-23 10:24:09,clusterB,12,4,4,0,1.00,0.5,0.5,0.0,0.0,0.0
2026-01-23 10:24:14,clusterA,12,4,4,0,1.00,0.5,0.5,0.0,0.0,0.0
2026-01-23 10:24:14,clusterB,12,4,4,0,1.00,0.5,0.5,0.0,0.0,0.0
2026-01-23 10:24:19,clusterA,12,4,4,0,1.00,0.5,0.5,0.0,0.0,0.0
2026-01-23 10:24:19,clusterB,12,4,4,0,1.00,0.5,0.5,0.0,0.0,0.0
2026-01-23 10:24:24,clusterA,12,4,4,0,1.00,0.5,0.5,0.0,0.0,0.0
2026-01-23 10:24:24,clusterB,12,4,4,0,1.00,0.5,0.5,0.0,0.0,0.0
2026-01-23 10:24:29,clusterA,12,4,4,0,1.00,0.5,0.5,0.0,0.0,0.0
2026-01-23 10:24:29,clusterB,12,4,0,4,0.00,0.5,0.5,0.0,0.0,0.0
2026-01-23 10:24:35,clusterA,9,4,4,0,1.00,0.5,0.5,0.0,0.0,0.0
2026-01-23 10:24:35,clusterB,9,4,4,0,1.00,0.5,0.5,0.0,0.0,0.0
2026-01-23 10:24:40,clusterA,9,4,4,0,1.00,0.5,0.5,0.0,0.0,0.0
2026-01-23 10:24:40,clusterB,9,4,4,0,1.00,0.5,0.5,0.0,0.0,0.0
2026-01-23 10:24:45,clusterA,9,4,4,0,1.00,0.5,0.5,0.0,0.0,0.0
2026-01-23 10:24:45,clusterB,9,4,3,1,0.75,0.5,0.5,0.0,0.0,0.0
2026-01-23 10:24:50,clusterA,8,4,4,0,1.00,0.5,0.5,0.0,0.0,0.0
2026-01-23 10:24:50,clusterB,8,4,3,1,0.75,0.5,0.5,0.0,0.0,0.0
2026-01-23 10:24:55,clusterA,8,4,4,0,1.00,0.5,0.5,0.0,0.0,0.0
2026-01-23 10:24:55,clusterB,8,4,3,1,0.75,0.5,0.5,0.0,0.0,0.0
2026-01-23 10:25:00,clusterA,8,4,4,0,1.00,0.5,0.5,0.0,0.0,0.0
2026-01-23 10:25:00,clusterB,8,4,3,1,0.75,0.5,0.5,0.0,0.0,0.0
2026-01-23 10:25:05,clusterA,8,4,4,0,1.00,0.5,0.5,0.0,0.0,0.0
2026-01-23 10:25:05,clusterB,8,4,3,1,0.75,0.5,0.5,0.0,0.0,0.0
2026-01-23 10:25:10,clusterA,8,4,4,0,1.00,0.5,0.5,0.0,0.0,0.0
2026-01-23 10:25:10,clusterB,8,4,3,1,0.75,0.5,0.5,0.0,0.0,0.0
2026-01-23 10:25:15,clusterA,8,4,4,0,1.00,0.5,0.5,0.0,0.0,0.0
2026-01-23 10:25:15,clusterB,8,4,3,1,0.75,0.5,0.5,0.0,0.0,0.0
2026-01-23 10:25:20,clusterA,8,4,4,0,1.00,0.5,0.5,0.0,0.0,0.0
2026-01-23 10:25:20,clusterB,8,4,3,1,0.75,0.5,0.5,0.0,0.0,0.0
2026-01-23 10:25:25,clusterA,8,4,4,0,1.00,0.5,0.5,0.0,0.0,0.0
2026-01-23 10:25:25,clusterB,8,4,3,1,0.75,0.5,0.5,0.0,0.0,0.0
2026-01-23 10:25:30,clusterA,8,4,4,0,1.00,0.5,0.5,0.0,0.0,0.0
2026-01-23 10:25:30,clusterB,8,4,3,1,0.75,0.5,0.5,0.0,0.0,0.0
2026-01-23 10:25:35,clusterA,8,4,4,0,1.00,0.5,0.5,0.0,0.0,0.0
2026-01-23 10:25:35,clusterB,8,4,3,1,0.75,0.5,0.5,0.0,0.0,0.0
2026-01-23 10:25:40,clusterA,8,4,4,0,1.00,0.5,0.5,0.0,0.0,0.0
2026-01-23 10:25:40,clusterB,8,4,3,1,0.75,0.5,0.5,0.0,0.0,0.0
2026-01-23 10:25:45,clusterA,8,4,4,0,1.00,0.5,0.5,0.0,0.0,0.0
2026-01-23 10:25:45,clusterB,8,4,3,1,0.75,0.5,0.5,0.0,0.0,0.0
2026-01-23 10:25:50,clusterA,8,4,4,0,1.00,0.5,0.5,0.0,0.0,0.0
2026-01-23 10:25:50,clusterB,8,4,3,1,0.75,0.5,0.5,0.0,0.0,0.0
2026-01-23 10:25:55,clusterA,8,4,4,0,1.00,0.5,0.5,0.0,0.0,0.0
2026-01-23 10:25:55,clusterB,8,4,3,1,0.75,0.5,0.5,0.0,0.0,0.0
2026-01-23 10:26:00,clusterA,8,4,4,0,1.00,0.5,0.5,0.0,0.0,0.0
2026-01-23 10:26:00,clusterB,8,4,3,1,0.75,0.5,0.5,0.0,0.0,0.0
2026-01-23 10:26:05,clusterA,8,4,4,0,1.00,0.5,0.5,0.0,0.0,0.0
2026-01-23 10:26:05,clusterB,8,4,3,1,0.75,0.5,0.5,0.0,0.0,0.0
2026-01-23 10:26:10,clusterA,8,4,4,0,1.00,0.5,0.5,0.0,0.0,0.0
2026-01-23 10:26:10,clusterB,8,4,3,1,0.75,0.5,0.5,0.0,0.0,0.0
2026-01-23 10:26:15,clusterA,8,4,4,0,1.00,0.5,0.5,0.0,0.0,0.0
2026-01-23 10:26:15,clusterB,8,4,3,1,0.75,0.5,0.5,0.0,0.0,0.0
2026-01-23 10:26:20,clusterA,8,4,4,0,1.00,0.5,0.5,0.0,0.0,0.0
2026-01-23 10:26:20,clusterB,8,4,3,1,0.75,0.5,0.5,0.0,0.0,0.0
2026-01-23 10:26:25,clusterA,8,4,4,0,1.00,0.5,0.5,0.0,0.0,0.0
2026-01-23 10:26:25,clusterB,8,4,3,1,0.75,0.5,0.5,0.0,0.0,0.0
2026-01-23 10:26:30,clusterA,8,4,4,0,1.00,0.5,0.5,0.0,0.0,0.0
2026-01-23 10:26:30,clusterB,8,4,3,1,0.75,0.5,0.5,0.0,0.0,0.0
2026-01-23 10:26:35,clusterA,8,4,4,0,1.00,0.5,0.5,0.0,0.0,0.0
2026-01-23 10:26:35,clusterB,8,4,3,1,0.75,0.5,0.5,0.0,0.0,0.0
2026-01-23 10:26:40,clusterA,8,4,4,0,1.00,0.5,0.5,0.0,0.0,0.0
2026-01-23 10:26:40,clusterB,8,4,3,1,0.75,0.5,0.5,0.0,0.0,0.0
2026-01-23 10:26:45,clusterA,8,4,4,0,1.00,0.5,0.5,0.0,0.0,0.0
2026-01-23 10:26:45,clusterB,8,4,3,1,0.75,0.5,0.5,0.0,0.0,0.0
2026-01-23 10:26:50,clusterA,8,4,4,0,1.00,0.5,0.5,0.0,0.0,0.0
2026-01-23 10:26:50,clusterB,8,4,3,1,0.75,0.5,0.5,0.0,0.0,0.0
2026-01-23 10:26:55,clusterA,8,4,4,0,1.00,0.5,0.5,0.0,0.0,0.0
2026-01-23 10:26:55,clusterB,8,4,3,1,0.75,0.5,0.5,0.0,0.0,0.0
2026-01-23 10:27:00,clusterA,8,4,4,0,1.00,0.5,0.5,0.0,0.0,0.0
2026-01-23 10:27:00,clusterB,8,4,3,1,0.75,0.5,0.5,0.0,0.0,0.0
2026-01-23 10:27:05,clusterA,8,4,4,0,1.00,0.5,0.5,0.0,0.0,0.0
2026-01-23 10:27:05,clusterB,8,4,3,1,0.75,0.5,0.5,0.0,0.0,0.0
2026-01-23 10:27:10,clusterA,8,4,4,0,1.00,0.5,0.5,0.0,0.0,0.0
2026-01-23 10:27:10,clusterB,8,4,3,1,0.75,0.5,0.5,0.0,0.0,0.0
2026-01-23 10:27:15,clusterA,8,4,4,0,1.00,0.5,0.5,0.0,0.0,0.0
2026-01-23 10:27:15,clusterB,8,4,3,1,0.75,0.5,0.5,0.0,0.0,0.0
2026-01-23 10:27:20,clusterA,8,4,4,0,1.00,0.5,0.5,0.0,0.0,0.0
2026-01-23 10:27:20,clusterB,8,4,3,1,0.75,0.5,0.5,0.0,0.0,0.0
2026-01-23 10:27:25,clusterA,8,4,4,0,1.00,0.5,0.5,0.0,0.0,0.0
2026-01-23 10:27:25,clusterB,8,4,3,1,0.75,0.5,0.5,0.0,0.0,0.0
2026-01-23 10:27:30,clusterA,8,4,4,0,1.00,0.5,0.5,0.0,0.0,0.0
2026-01-23 10:27:30,clusterB,8,4,3,1,0.75,0.5,0.5,0.0,0.0,0.0
2026-01-23 10:27:35,clusterA,8,4,4,0,1.00,0.5,0.5,0.0,0.0,0.0
2026-01-23 10:27:35,clusterB,8,4,3,1,0.75,0.5,0.5,0.0,0.0,0.0
2026-01-23 10:27:40,clusterA,8,4,4,0,1.00,0.5,0.5,0.0,0.0,0.0
2026-01-23 10:27:40,clusterB,8,4,3,1,0.75,0.5,0.5,0.0,0.0,0.0
2026-01-23 10:27:45,clusterA,8,4,4,0,1.00,0.5,0.5,0.0,0.0,0.0
2026-01-23 10:27:45,clusterB,8,4,3,1,0.75,0.5,0.5,0.0,0.0,0.0
2026-01-23 10:27:50,clusterA,8,4,4,0,1.00,0.5,0.5,0.0,0.0,0.0
2026-01-23 10:27:50,clusterB,8,4,3,1,0.75,0.5,0.5,0.0,0.0,0.0
2026-01-23 10:27:55,clusterA,8,4,4,0,1.00,0.5,0.5,0.0,0.0,0.0
2026-01-23 10:27:55,clusterB,8,4,3,1,0.75,0.5,0.5,0.0,0.0,0.0
2026-01-23 10:28:00,clusterA,8,4,4,0,1.00,0.5,0.5,0.0,0.0,0.0
2026-01-23 10:28:00,clusterB,8,4,3,1,0.75,0.5,0.5,0.0,0.0,0.0
2026-01-23 10:28:05,clusterA,8,4,4,0,1.00,0.5,0.5,0.0,0.0,0.0
2026-01-23 10:28:05,clusterB,8,4,3,1,0.75,0.5,0.5,0.0,0.0,0.0
2026-01-23 10:28:10,clusterA,8,4,4,0,1.00,0.5,0.5,0.0,0.0,0.0
2026-01-23 10:28:10,clusterB,8,4,3,1,0.75,0.5,0.5,0.0,0.0,0.0
2026-01-23 10:28:15,clusterA,8,4,4,0,1.00,0.5,0.5,0.0,0.0,0.0
2026-01-23 10:28:15,clusterB,8,4,3,1,0.75,0.5,0.5,0.0,0.0,0.0
2026-01-23 10:28:20,clusterA,8,4,4,0,1.00,0.5,0.5,0.0,0.0,0.0
2026-01-23 10:28:20,clusterB,8,4,3,1,0.75,0.5,0.5,0.0,0.0,0.0
2026-01-23 10:28:25,clusterA,8,4,4,0,1.00,0.5,0.5,0.0,0.0,0.0
2026-01-23 10:28:25,clusterB,8,4,3,1,0.75,0.5,0.5,0.0,0.0,0.0
2026-01-23 10:28:30,clusterA,8,4,4,0,1.00,0.5,0.5,0.0,0.0,0.0
2026-01-23 10:28:30,clusterB,8,4,3,1,0.75,0.5,0.5,0.0,0.0,0.0
2026-01-23 10:28:35,clusterA,8,4,4,0,1.00,0.5,0.5,0.0,0.0,0.0
2026-01-23 10:28:35,clusterB,8,4,3,1,0.75,0.5,0.5,0.0,0.0,0.0
2026-01-23 10:28:40,clusterA,8,4,3,1,0.75,0.5,0.5,0.0,0.0,0.0
2026-01-23 10:28:40,clusterB,8,4,3,1,0.75,0.5,0.5,0.0,0.0,0.0
2026-01-23 10:28:45,clusterA,8,4,3,1,0.75,0.5,0.5,0.0,0.0,0.0
2026-01-23 10:28:45,clusterB,8,4,3,1,0.75,0.5,0.5,0.0,0.0,0.0
2026-01-23 10:28:50,clusterA,8,4,3,1,0.75,0.5,0.5,0.0,0.0,0.0
2026-01-23 10:28:50,clusterB,8,4,3,1,0.75,0.5,0.5,0.0,0.0,0.0
2026-01-23 10:28:55,clusterA,8,4,3,1,0.75,0.5,0.5,0.0,0.0,0.0
2026-01-23 10:28:55,clusterB,8,4,3,1,0.75,0.5,0.5,0.0,0.0,0.0
2026-01-23 10:29:00,clusterA,8,4,3,1,0.75,0.5,0.5,0.0,0.0,0.0
2026-01-23 10:29:00,clusterB,8,4,3,1,0.75,0.5,0.5,0.0,0.0,0.0
2026-01-23 10:29:05,clusterA,8,4,3,1,0.75,0.5,0.5,0.0,0.0,0.0
2026-01-23 10:29:05,clusterB,8,4,3,1,0.75,0.5,0.5,0.0,0.0,0.0
2026-01-23 10:29:10,clusterA,8,4,3,1,0.75,0.5,0.5,0.0,0.0,0.0
2026-01-23 10:29:10,clusterB,8,4,3,1,0.75,0.5,0.5,0.0,0.0,0.0
2026-01-23 10:29:15,clusterA,8,4,3,1,0.75,0.5,0.5,0.0,0.0,0.0
2026-01-23 10:29:15,clusterB,8,4,3,1,0.75,0.5,0.5,0.0,0.0,0.0
2026-01-23 10:29:20,clusterA,8,4,3,1,0.75,0.5,0.5,0.0,0.0,0.0
2026-01-23 10:29:20,clusterB,8,4,3,1,0.75,0.5,0.5,0.0,0.0,0.0
2026-01-23 10:29:25,clusterA,8,4,3,1,0.75,0.5,0.5,0.0,0.0,0.0
2026-01-23 10:29:25,clusterB,8,4,3,1,0.75,0.5,0.5,0.0,0.0,0.0
2026-01-23 10:29:30,clusterA,8,4,3,1,0.75,0.5,0.5,0.0,0.0,0.0
2026-01-23 10:29:30,clusterB,8,4,3,1,0.75,0.5,0.5,0.0,0.0,0.0
2026-01-23 10:29:35,clusterA,8,4,3,1,0.75,0.5,0.5,0.0,0.0,0.0
2026-01-23 10:29:35,clusterB,8,4,3,1,0.75,0.5,0.5,0.0,0.0,0.0
2026-01-23 10:29:40,clusterA,8,4,3,1,0.75,0.5,0.5,0.0,0.0,0.0
2026-01-23 10:29:40,clusterB,8,4,3,1,0.75,0.5,0.5,0.0,0.0,0.0
2026-01-23 10:29:45,clusterA,8,4,3,1,0.75,0.5,0.5,0.0,0.0,0.0
2026-01-23 10:29:45,clusterB,8,4,3,1,0.75,0.5,0.5,0.0,0.0,0.0
2026-01-23 10:29:50,clusterA,8,4,3,1,0.75,0.5,0.5,0.0,0.0,0.0
2026-01-23 10:29:50,clusterB,8,4,3,1,0.75,0.5,0.5,0.0,0.0,0.0
2026-01-23 10:29:55,clusterA,8,4,3,1,0.75,0.5,0.5,0.0,0.0,0.0
2026-01-23 10:29:55,clusterB,8,4,3,1,0.75,0.5,0.5,0.0,0.0,0.0
2026-01-23 10:30:00,clusterA,8,4,3,1,0.75,0.5,0.5,0.0,0.0,0.0
2026-01-23 10:30:00,clusterB,8,4,3,1,0.75,0.5,0.5,0.0,0.0,0.0
2026-01-23 10:30:05,clusterA,8,4,3,1,0.75,0.5,0.5,0.0,0.0,0.0
2026-01-23 10:30:05,clusterB,8,4,3,1,0.75,0.5,0.5,0.0,0.0,0.0
2026-01-23 10:30:10,clusterA,8,4,3,1,0.75,0.5,0.5,0.0,0.0,0.0
2026-01-23 10:30:10,clusterB,8,4,3,1,0.75,0.5,0.5,0.0,0.0,0.0
2026-01-23 10:30:15,clusterA,8,4,3,1,0.75,0.5,0.5,0.0,0.0,0.0
2026-01-23 10:30:15,clusterB,8,4,3,1,0.75,0.5,0.5,0.0,0.0,0.0
2026-01-23 10:30:20,clusterA,8,4,3,1,0.75,0.5,0.5,0.0,0.0,0.0
2026-01-23 10:30:20,clusterB,8,4,3,1,0.75,0.5,0.5,0.0,0.0,0.0
2026-01-23 10:30:25,clusterA,8,4,3,1,0.75,0.5,0.5,0.0,0.0,0.0
2026-01-23 10:30:25,clusterB,8,4,3,1,0.75,0.5,0.5,0.0,0.0,0.0
2026-01-23 10:30:30,clusterA,8,4,3,1,0.75,0.5,0.5,0.0,0.0,0.0
2026-01-23 10:30:30,clusterB,8,4,3,1,0.75,0.5,0.5,0.0,0.0,0.0
2026-01-23 10:30:35,clusterA,8,4,3,1,0.75,0.5,0.5,0.0,0.0,0.0
2026-01-23 10:30:35,clusterB,8,4,3,1,0.75,0.5,0.5,0.0,0.0,0.0
2026-01-23 10:30:40,clusterA,8,4,3,1,0.75,0.5,0.5,0.0,0.0,0.0
2026-01-23 10:30:40,clusterB,8,4,3,1,0.75,0.5,0.5,0.0,0.0,0.0
2026-01-23 10:30:45,clusterA,8,4,3,1,0.75,0.5,0.5,0.0,0.0,0.0
2026-01-23 10:30:45,clusterB,8,4,3,1,0.75,0.5,0.5,0.0,0.0,0.0
2026-01-23 10:30:50,clusterA,8,4,3,1,0.75,0.5,0.5,0.0,0.0,0.0
2026-01-23 10:30:50,clusterB,8,4,3,1,0.75,0.5,0.5,0.0,0.0,0.0
2026-01-23 10:30:55,clusterA,8,4,3,1,0.75,0.5,0.5,0.0,0.0,0.0
2026-01-23 10:30:55,clusterB,8,4,3,1,0.75,0.5,0.5,0.0,0.0,0.0
2026-01-23 10:31:00,clusterA,8,4,3,1,0.75,0.5,0.5,0.0,0.0,0.0
2026-01-23 10:31:00,clusterB,8,4,3,1,0.75,0.5,0.5,0.0,0.0,0.0
2026-01-23 10:31:05,clusterA,8,4,3,1,0.75,0.5,0.5,0.0,0.0,0.0
2026-01-23 10:31:05,clusterB,8,4,3,1,0.75,0.5,0.5,0.0,0.0,0.0
2026-01-23 10:31:10,clusterA,8,4,3,1,0.75,0.5,0.5,0.0,0.0,0.0
2026-01-23 10:31:10,clusterB,8,4,3,1,0.75,0.5,0.5,0.0,0.0,0.0
2026-01-23 10:31:15,clusterA,8,4,3,1,0.75,0.5,0.5,0.0,0.0,0.0
2026-01-23 10:31:15,clusterB,8,4,3,1,0.75,0.5,0.5,0.0,0.0,0.0
2026-01-23 10:31:20,clusterA,8,4,3,1,0.75,0.5,0.5,0.0,0.0,0.0
2026-01-23 10:31:20,clusterB,8,4,3,1,0.75,0.5,0.5,0.0,0.0,0.0
2026-01-23 10:31:25,clusterA,8,4,3,1,0.75,0.5,0.5,0.0,0.0,0.0
2026-01-23 10:31:25,clusterB,8,4,3,1,0.75,0.5,0.5,0.0,0.0,0.0
2026-01-23 10:31:30,clusterA,8,4,3,1,0.75,0.5,0.5,0.0,0.0,0.0
2026-01-23 10:31:30,clusterB,8,4,3,1,0.75,0.5,0.5,0.0,0.0,0.0
2026-01-23 10:31:35,clusterA,8,4,3,1,0.75,0.5,0.5,0.0,0.0,0.0
2026-01-23 10:31:35,clusterB,8,4,3,1,0.75,0.5,0.5,0.0,0.0,0.0
2026-01-23 10:31:40,clusterA,8,4,3,1,0.75,0.5,0.5,0.0,0.0,0.0
2026-01-23 10:31:40,clusterB,8,4,3,1,0.75,0.5,0.5,0.0,0.0,0.0
2026-01-23 10:31:45,clusterA,8,4,3,1,0.75,0.5,0.5,0.0,0.0,0.0
2026-01-23 10:31:45,clusterB,8,4,3,1,0.75,0.5,0.5,0.0,0.0,0.0
2026-01-23 10:31:50,clusterA,8,4,3,1,0.75,0.5,0.5,0.0,0.0,0.0
2026-01-23 10:31:50,clusterB,8,4,3,1,0.75,0.5,0.5,0.0,0.0,0.0
2026-01-23 10:31:55,clusterA,8,4,3,1,0.75,0.5,0.5,0.0,0.0,0.0
2026-01-23 10:31:55,clusterB,8,4,3,1,0.75,0.5,0.5,0.0,0.0,0.0
2026-01-23 10:32:00,clusterA,8,4,3,1,0.75,0.5,0.5,0.0,0.0,0.0
2026-01-23 10:32:00,clusterB,8,4,3,1,0.75,0.5,0.5,0.0,0.0,0.0
2026-01-23 10:32:05,clusterA,8,4,3,1,0.75,0.5,0.5,0.0,0.0,0.0
2026-01-23 10:32:05,clusterB,8,4,3,1,0.75,0.5,0.5,0.0,0.0,0.0
2026-01-23 10:32:10,clusterA,8,4,3,1,0.75,0.5,0.5,0.0,0.0,0.0
2026-01-23 10:32:10,clusterB,8,4,3,1,0.75,0.5,0.5,0.0,0.0,0.0
2026-01-23 10:32:15,clusterA,8,4,3,1,0.75,0.5,0.5,0.0,0.0,0.0
2026-01-23 10:32:15,clusterB,8,4,3,1,0.75,0.5,0.5,0.0,0.0,0.0
2026-01-23 10:32:20,clusterA,8,4,3,1,0.75,0.5,0.5,0.0,0.0,0.0
2026-01-23 10:32:20,clusterB,8,4,3,1,0.75,0.5,0.5,0.0,0.0,0.0
2026-01-23 10:32:25,clusterA,8,4,3,1,0.75,0.5,0.5,0.0,0.0,0.0
2026-01-23 10:32:25,clusterB,8,4,3,1,0.75,0.5,0.5,0.0,0.0,0.0
2026-01-23 10:32:30,clusterA,8,4,3,1,0.75,0.5,0.5,0.0,0.0,0.0
2026-01-23 10:32:30,clusterB,8,4,3,1,0.75,0.5,0.5,0.0,0.0,0.0
2026-01-23 10:32:35,clusterA,8,4,3,1,0.75,0.5,0.5,0.0,0.0,0.0
2026-01-23 10:32:35,clusterB,8,4,3,1,0.75,0.5,0.5,0.0,0.0,0.0
2026-01-23 10:32:40,clusterA,8,4,3,1,0.75,0.5,0.5,0.0,0.0,0.0
2026-01-23 10:32:40,clusterB,8,4,3,1,0.75,0.5,0.5,0.0,0.0,0.0
2026-01-23 10:32:45,clusterA,8,4,3,1,0.75,0.5,0.5,0.0,0.0,0.0
2026-01-23 10:32:45,clusterB,8,4,3,1,0.75,0.5,0.5,0.0,0.0,0.0
2026-01-23 10:32:50,clusterA,8,4,3,1,0.75,0.5,0.5,0.0,0.0,0.0
2026-01-23 10:32:50,clusterB,8,4,3,1,0.75,0.5,0.5,0.0,0.0,0.0
2026-01-23 10:32:55,clusterA,8,4,3,1,0.75,0.5,0.5,0.0,0.0,0.0
2026-01-23 10:32:55,clusterB,8,4,3,1,0.75,0.5,0.5,0.0,0.0,0.0
2026-01-23 10:33:00,clusterA,8,4,3,1,0.75,0.5,0.5,0.0,0.0,0.0
2026-01-23 10:33:00,clusterB,8,4,3,1,0.75,0.5,0.5,0.0,0.0,0.0
2026-01-23 10:33:05,clusterA,8,4,3,1,0.75,0.5,0.5,0.0,0.0,0.0
2026-01-23 10:33:05,clusterB,8,4,3,1,0.75,0.5,0.5,0.0,0.0,0.0
2026-01-23 10:33:10,clusterA,8,4,3,1,0.75,0.5,0.5,0.0,0.0,0.0
2026-01-23 10:33:10,clusterB,8,4,3,1,0.75,0.5,0.5,0.0,0.0,0.0
2026-01-23 10:33:15,clusterA,8,4,3,1,0.75,0.5,0.5,0.0,0.0,0.0
2026-01-23 10:33:15,clusterB,8,4,3,1,0.75,0.5,0.5,0.0,0.0,0.0
2026-01-23 10:33:20,clusterA,8,4,3,1,0.75,0.5,0.5,0.0,0.0,0.0
2026-01-23 10:33:20,clusterB,8,4,3,1,0.75,0.5,0.5,0.0,0.0,0.0
2026-01-23 10:33:25,clusterA,8,4,3,1,0.75,0.5,0.5,0.0,0.0,0.0
2026-01-23 10:33:25,clusterB,8,4,3,1,0.75,0.5,0.5,0.0,0.0,0.0
2026-01-23 10:33:30,clusterA,8,4,3,1,0.75,0.5,0.5,0.0,0.0,0.0
2026-01-23 10:33:30,clusterB,8,4,3,1,0.75,0.5,0.5,0.0,0.0,0.0
2026-01-23 10:33:35,clusterA,8,4,3,1,0.75,0.5,0.5,0.0,0.0,0.0
2026-01-23 10:33:35,clusterB,8,4,3,1,0.75,0.5,0.5,0.0,0.0,0.0
2026-01-23 10:33:40,clusterA,8,4,3,1,0.75,0.5,0.5,0.0,0.0,0.0
2026-01-23 10:33:40,clusterB,8,4,3,1,0.75,0.5,0.5,0.0,0.0,0.0
2026-01-23 10:33:45,clusterA,8,4,3,1,0.75,0.5,0.5,0.0,0.0,0.0
2026-01-23 10:33:45,clusterB,8,4,3,1,0.75,0.5,0.5,0.0,0.0,0.0
2026-01-23 10:33:50,clusterA,8,4,3,1,0.75,0.5,0.5,0.0,0.0,0.0
2026-01-23 10:33:50,clusterB,8,4,3,1,0.75,0.5,0.5,0.0,0.0,0.0
2026-01-23 10:33:55,clusterA,8,4,3,1,0.75,0.5,0.5,0.0,0.0,0.0
2026-01-23 10:33:55,clusterB,8,4,3,1,0.75,0.5,0.5,0.0,0.0,0.0
2026-01-23 10:34:00,clusterA,8,4,3,1,0.75,0.5,0.5,0.0,0.0,0.0
2026-01-23 10:34:00,clusterB,8,4,3,1,0.75,0.5,0.5,0.0,0.0,0.0
2026-01-23 10:34:05,clusterA,8,4,3,1,0.75,0.5,0.5,0.0,0.0,0.0
2026-01-23 10:34:05,clusterB,8,4,3,1,0.75,0.5,0.5,0.0,0.0,0.0
2026-01-23 10:34:10,clusterA,8,4,3,1,0.75,0.5,0.5,0.0,0.0,0.0
2026-01-23 10:34:10,clusterB,8,4,3,1,0.75,0.5,0.5,0.0,0.0,0.0
2026-01-23 10:34:15,clusterA,8,4,3,1,0.75,0.5,0.5,0.0,0.0,0.0
2026-01-23 10:34:15,clusterB,8,4,3,1,0.75,0.5,0.5,0.0,0.0,0.0
2026-01-23 10:34:20,clusterA,8,4,3,1,0.75,0.5,0.5,0.0,0.0,0.0
2026-01-23 10:34:20,clusterB,8,4,3,1,0.75,0.5,0.5,0.0,0.0,0.0
2026-01-23 10:34:26,clusterA,8,4,3,1,0.75,0.5,0.5,0.0,0.0,0.0
2026-01-23 10:34:26,clusterB,8,4,3,1,0.75,0.5,0.5,0.0,0.0,0.0
2026-01-23 10:34:31,clusterA,8,4,3,1,0.75,0.5,0.5,0.0,0.0,0.0
2026-01-23 10:34:31,clusterB,8,4,3,1,0.75,0.5,0.5,0.0,0.0,0.0
2026-01-23 10:34:36,clusterA,8,4,3,1,0.75,0.5,0.5,0.0,0.0,0.0
2026-01-23 10:34:36,clusterB,8,4,3,1,0.75,0.5,0.5,0.0,0.0,0.0
2026-01-23 10:34:41,clusterA,8,4,3,1,0.75,0.5,0.5,0.0,0.0,0.0
2026-01-23 10:34:41,clusterB,8,4,3,1,0.75,0.5,0.5,0.0,0.0,0.0
2026-01-23 10:34:46,clusterA,8,4,3,1,0.75,0.5,0.5,0.0,0.0,0.0
2026-01-23 10:34:46,clusterB,8,4,3,1,0.75,0.5,0.5,0.0,0.0,0.0
2026-01-23 10:34:51,clusterA,8,4,3,1,0.75,0.5,0.5,0.0,0.0,0.0
2026-01-23 10:34:51,clusterB,8,4,3,1,0.75,0.5,0.5,0.0,0.0,0.0
2026-01-23 10:34:56,clusterA,8,4,3,1,0.75,0.5,0.5,0.0,0.0,0.0
2026-01-23 10:34:56,clusterB,8,4,3,1,0.75,0.5,0.5,0.0,0.0,0.0
2026-01-23 10:35:01,clusterA,8,4,3,1,0.75,0.5,0.5,0.0,0.0,0.0
2026-01-23 10:35:01,clusterB,8,4,3,1,0.75,0.5,0.5,0.0,0.0,0.0
2026-01-23 10:35:06,clusterA,8,4,3,1,0.75,0.5,0.5,0.0,0.0,0.0
2026-01-23 10:35:06,clusterB,8,4,3,1,0.75,0.5,0.5,0.0,0.0,0.0
2026-01-23 10:35:11,clusterA,8,4,3,1,0.75,0.5,0.5,0.0,0.0,0.0
2026-01-23 10:35:11,clusterB,8,4,3,1,0.75,0.5,0.5,0.0,0.0,0.0
2026-01-23 10:35:16,clusterA,8,4,3,1,0.75,0.5,0.5,0.0,0.0,0.0
2026-01-23 10:35:16,clusterB,8,4,3,1,0.75,0.5,0.5,0.0,0.0,0.0
2026-01-23 10:35:21,clusterA,8,4,3,1,0.75,0.5,0.5,0.0,0.0,0.0
2026-01-23 10:35:21,clusterB,8,4,3,1,0.75,0.5,0.5,0.0,0.0,0.0
2026-01-23 10:35:26,clusterA,8,4,3,1,0.75,0.5,0.5,0.0,0.0,0.0
2026-01-23 10:35:26,clusterB,8,4,3,1,0.75,0.5,0.5,0.0,0.0,0.0
2026-01-23 10:35:31,clusterA,8,4,3,1,0.75,0.5,0.5,0.0,0.0,0.0
2026-01-23 10:35:31,clusterB,8,4,3,1,0.75,0.5,0.5,0.0,0.0,0.0
2026-01-23 10:35:36,clusterA,8,4,3,1,0.75,0.5,0.5,0.0,0.0,0.0
2026-01-23 10:35:36,clusterB,8,4,3,1,0.75,0.5,0.5,0.0,0.0,0.0
2026-01-23 10:35:41,clusterA,8,4,3,1,0.75,0.5,0.5,0.0,0.0,0.0
2026-01-23 10:35:41,clusterB,8,4,3,1,0.75,0.5,0.5,0.0,0.0,0.0
2026-01-23 10:35:46,clusterA,8,4,3,1,0.75,0.5,0.5,0.0,0.0,0.0
2026-01-23 10:35:46,clusterB,8,4,3,1,0.75,0.5,0.5,0.0,0.0,0.0
2026-01-23 10:35:51,clusterA,8,4,3,1,0.75,0.5,0.5,0.0,0.0,0.0
2026-01-23 10:35:51,clusterB,8,4,3,1,0.75,0.5,0.5,0.0,0.0,0.0
2026-01-23 10:35:56,clusterA,8,4,3,1,0.75,0.5,0.5,0.0,0.0,0.0
2026-01-23 10:35:56,clusterB,8,4,3,1,0.75,0.5,0.5,0.0,0.0,0.0
2026-01-23 10:36:01,clusterA,8,4,3,1,0.75,0.5,0.5,0.0,0.0,0.0
2026-01-23 10:36:01,clusterB,8,4,3,1,0.75,0.5,0.5,0.0,0.0,0.0
2026-01-23 10:36:06,clusterA,8,4,3,1,0.75,0.5,0.5,0.0,0.0,0.0
2026-01-23 10:36:06,clusterB,8,4,3,1,0.75,0.5,0.5,0.0,0.0,0.0
2026-01-23 10:36:11,clusterA,8,4,3,1,0.75,0.5,0.5,0.0,0.0,0.0
2026-01-23 10:36:11,clusterB,8,4,3,1,0.75,0.5,0.5,0.0,0.0,0.0
2026-01-23 10:36:16,clusterA,8,4,3,1,0.75,0.5,0.5,0.0,0.0,0.0
2026-01-23 10:36:16,clusterB,8,4,3,1,0.75,0.5,0.5,0.0,0.0,0.0
2026-01-23 10:36:21,clusterA,8,4,3,1,0.75,0.5,0.5,0.0,0.0,0.0
2026-01-23 10:36:21,clusterB,8,4,3,1,0.75,0.5,0.5,0.0,0.0,0.0
2026-01-23 10:36:26,clusterA,8,4,3,1,0.75,0.5,0.5,0.0,0.0,0.0
2026-01-23 10:36:26,clusterB,8,4,3,1,0.75,0.5,0.5,0.0,0.0,0.0
2026-01-23 10:36:31,clusterA,8,4,3,1,0.75,0.5,0.5,0.0,0.0,0.0
2026-01-23 10:36:31,clusterB,8,4,3,1,0.75,0.5,0.5,0.0,0.0,0.0
2026-01-23 10:36:36,clusterA,8,4,3,1,0.75,0.5,0.5,0.0,0.0,0.0
2026-01-23 10:36:36,clusterB,8,4,3,1,0.75,0.5,0.5,0.0,0.0,0.0
2026-01-23 10:36:41,clusterA,8,4,3,1,0.75,0.5,0.5,0.0,0.0,0.0
2026-01-23 10:36:41,clusterB,8,4,3,1,0.75,0.5,0.5,0.0,0.0,0.0
2026-01-23 10:36:46,clusterA,8,4,3,1,0.75,0.5,0.5,0.0,0.0,0.0
2026-01-23 10:36:46,clusterB,8,4,3,1,0.75,0.5,0.5,0.0,0.0,0.0
2026-01-23 10:36:51,clusterA,8,4,3,1,0.75,0.5,0.5,0.0,0.0,0.0
2026-01-23 10:36:51,clusterB,8,4,3,1,0.75,0.5,0.5,0.0,0.0,0.0
2026-01-23 10:36:56,clusterA,8,4,3,1,0.75,0.5,0.5,0.0,0.0,0.0
2026-01-23 10:36:56,clusterB,8,4,3,1,0.75,0.5,0.5,0.0,0.0,0.0
2026-01-23 10:37:01,clusterA,8,4,3,1,0.75,0.5,0.5,0.0,0.0,0.0
2026-01-23 10:37:01,clusterB,8,4,3,1,0.75,0.5,0.5,0.0,0.0,0.0
2026-01-23 10:37:06,clusterA,8,4,3,1,0.75,0.5,0.5,0.0,0.0,0.0
2026-01-23 10:37:06,clusterB,8,4,3,1,0.75,0.5,0.5,0.0,0.0,0.0
2026-01-23 10:37:11,clusterA,8,4,3,1,0.75,0.5,0.5,0.0,0.0,0.0
2026-01-23 10:37:11,clusterB,8,4,3,1,0.75,0.5,0.5,0.0,0.0,0.0
2026-01-23 10:37:16,clusterA,8,4,3,1,0.75,0.5,0.5,0.0,0.0,0.0
2026-01-23 10:37:16,clusterB,8,4,3,1,0.75,0.5,0.5,0.0,0.0,0.0
2026-01-23 10:37:21,clusterA,8,4,3,1,0.75,0.5,0.5,0.0,0.0,0.0
2026-01-23 10:37:21,clusterB,8,4,3,1,0.75,0.5,0.5,0.0,0.0,0.0
2026-01-23 10:37:26,clusterA,8,4,3,1,0.75,0.5,0.5,0.0,0.0,0.0
2026-01-23 10:37:26,clusterB,8,4,3,1,0.75,0.5,0.5,0.0,0.0,0.0
2026-01-23 10:37:31,clusterA,8,4,3,1,0.75,0.5,0.5,0.0,0.0,0.0
2026-01-23 10:37:31,clusterB,8,4,3,1,0.75,0.5,0.5,0.0,0.0,0.0
2026-01-23 10:37:36,clusterA,8,4,3,1,0.75,0.5,0.5,0.0,0.0,0.0
2026-01-23 10:37:36,clusterB,8,4,3,1,0.75,0.5,0.5,0.0,0.0,0.0
2026-01-23 10:37:41,clusterA,8,4,3,1,0.75,0.5,0.5,0.0,0.0,0.0
2026-01-23 10:37:41,clusterB,8,4,3,1,0.75,0.5,0.5,0.0,0.0,0.0
2026-01-23 10:37:46,clusterA,8,4,3,1,0.75,0.5,0.5,0.0,0.0,0.0
2026-01-23 10:37:46,clusterB,8,4,3,1,0.75,0.5,0.5,0.0,0.0,0.0
2026-01-23 10:37:51,clusterA,8,4,3,1,0.75,0.5,0.5,0.0,0.0,0.0
2026-01-23 10:37:51,clusterB,8,4,3,1,0.75,0.5,0.5,0.0,0.0,0.0
2026-01-23 10:37:56,clusterA,8,4,3,1,0.75,0.5,0.5,0.0,0.0,0.0
2026-01-23 10:37:56,clusterB,8,4,3,1,0.75,0.5,0.5,0.0,0.0,0.0
2026-01-23 10:38:01,clusterA,8,4,3,1,0.75,0.5,0.5,0.0,0.0,0.0
2026-01-23 10:38:01,clusterB,8,4,3,1,0.75,0.5,0.5,0.0,0.0,0.0
2026-01-23 10:38:06,clusterA,8,4,3,1,0.75,0.5,0.5,0.0,0.0,0.0
2026-01-23 10:38:06,clusterB,8,4,3,1,0.75,0.5,0.5,0.0,0.0,0.0
2026-01-23 10:38:11,clusterA,8,4,3,1,0.75,0.5,0.5,0.0,0.0,0.0
2026-01-23 10:38:11,clusterB,8,4,3,1,0.75,0.5,0.5,0.0,0.0,0.0
2026-01-23 10:38:16,clusterA,8,4,3,1,0.75,0.5,0.5,0.0,0.0,0.0
2026-01-23 10:38:16,clusterB,8,4,3,1,0.75,0.5,0.5,0.0,0.0,0.0
2026-01-23 10:38:21,clusterA,8,4,3,1,0.75,0.5,0.5,0.0,0.0,0.0
2026-01-23 10:38:21,clusterB,8,4,3,1,0.75,0.5,0.5,0.0,0.0,0.0
2026-01-23 10:38:26,clusterA,8,4,3,1,0.75,0.5,0.5,0.0,0.0,0.0
2026-01-23 10:38:26,clusterB,8,4,3,1,0.75,0.5,0.5,0.0,0.0,0.0
2026-01-23 10:38:31,clusterA,8,4,3,1,0.75,0.5,0.5,0.0,0.0,0.0
2026-01-23 10:38:31,clusterB,8,4,3,1,0.75,0.5,0.5,0.0,0.0,0.0
2026-01-23 10:38:36,clusterA,8,4,3,1,0.75,0.5,0.5,0.0,0.0,0.0
2026-01-23 10:38:36,clusterB,8,4,3,1,0.75,0.5,0.5,0.0,0.0,0.0
2026-01-23 10:38:41,clusterA,8,4,3,1,0.75,0.5,0.5,0.0,0.0,0.0
2026-01-23 10:38:41,clusterB,8,4,3,1,0.75,0.5,0.5,0.0,0.0,0.0
2026-01-23 10:38:46,clusterA,8,4,3,1,0.75,0.5,0.5,0.0,0.0,0.0
2026-01-23 10:38:46,clusterB,8,4,3,1,0.75,0.5,0.5,0.0,0.0,0.0
2026-01-23 10:38:51,clusterA,8,4,3,1,0.75,0.5,0.5,0.0,0.0,0.0
2026-01-23 10:38:51,clusterB,8,4,3,1,0.75,0.5,0.5,0.0,0.0,0.0
2026-01-23 10:38:56,clusterA,8,4,3,1,0.75,0.5,0.5,0.0,0.0,0.0
2026-01-23 10:38:56,clusterB,8,4,3,1,0.75,0.5,0.5,0.0,0.0,0.0
2026-01-23 10:39:01,clusterA,8,4,3,1,0.75,0.5,0.5,0.0,0.0,0.0
2026-01-23 10:39:01,clusterB,8,4,3,1,0.75,0.5,0.5,0.0,0.0,0.0
2026-01-23 10:39:06,clusterA,8,4,3,1,0.75,0.5,0.5,0.0,0.0,0.0
2026-01-23 10:39:06,clusterB,8,4,3,1,0.75,0.5,0.5,0.0,0.0,0.0
2026-01-23 10:39:11,clusterA,8,4,3,1,0.75,0.5,0.5,0.0,0.0,0.0
2026-01-23 10:39:11,clusterB,8,4,3,1,0.75,0.5,0.5,0.0,0.0,0.0
2026-01-23 10:39:16,clusterA,8,4,3,1,0.75,0.5,0.5,0.0,0.0,0.0
2026-01-23 10:39:16,clusterB,8,4,3,1,0.75,0.5,0.5,0.0,0.0,0.0
2026-01-23 10:39:21,clusterA,8,4,3,1,0.75,0.5,0.5,0.0,0.0,0.0
2026-01-23 10:39:21,clusterB,8,4,3,1,0.75,0.5,0.5,0.0,0.0,0.0
2026-01-23 10:39:26,clusterA,8,4,3,1,0.75,0.5,0.5,0.0,0.0,0.0
2026-01-23 10:39:26,clusterB,8,4,3,1,0.75,0.5,0.5,0.0,0.0,0.0
2026-01-23 10:39:31,clusterA,8,4,3,1,0.75,0.5,0.5,0.0,0.0,0.0
2026-01-23 10:39:31,clusterB,8,4,3,1,0.75,0.5,0.5,0.0,0.0,0.0
2026-01-23 10:39:36,clusterA,8,4,3,1,0.75,0.5,0.5,0.0,0.0,0.0
2026-01-23 10:39:36,clusterB,8,4,3,1,0.75,0.5,0.5,0.0,0.0,0.0
2026-01-23 10:39:41,clusterA,8,4,3,1,0.75,0.5,0.5,0.0,0.0,0.0
2026-01-23 10:39:41,clusterB,8,4,3,1,0.75,0.5,0.5,0.0,0.0,0.0
2026-01-23 10:39:46,clusterA,8,4,3,1,0.75,0.5,0.5,0.0,0.0,0.0
2026-01-23 10:39:46,clusterB,8,4,3,1,0.75,0.5,0.5,0.0,0.0,0.0
2026-01-23 10:39:51,clusterA,8,4,3,1,0.75,0.5,0.5,0.0,0.0,0.0
2026-01-23 10:39:51,clusterB,8,4,3,1,0.75,0.5,0.5,0.0,0.0,0.0
2026-01-23 10:39:56,clusterA,8,4,3,1,0.75,0.5,0.5,0.0,0.0,0.0
2026-01-23 10:39:56,clusterB,8,4,3,1,0.75,0.5,0.5,0.0,0.0,0.0
2026-01-23 10:40:01,clusterA,8,4,3,1,0.75,0.5,0.5,0.0,0.0,0.0
2026-01-23 10:40:01,clusterB,8,4,3,1,0.75,0.5,0.5,0.0,0.0,0.0
2026-01-23 10:40:06,clusterA,8,4,3,1,0.75,0.5,0.5,0.0,0.0,0.0
2026-01-23 10:40:06,clusterB,8,4,3,1,0.75,0.5,0.5,0.0,0.0,0.0
2026-01-23 10:40:11,clusterA,8,4,3,1,0.75,0.5,0.5,0.0,0.0,0.0
2026-01-23 10:40:11,clusterB,8,4,3,1,0.75,0.5,0.5,0.0,0.0,0.0
2026-01-23 10:40:16,clusterA,8,4,3,1,0.75,0.5,0.5,0.0,0.0,0.0
2026-01-23 10:40:16,clusterB,8,4,3,1,0.75,0.5,0.5,0.0,0.0,0.0
2026-01-23 10:40:21,clusterA,8,4,3,1,0.75,0.5,0.5,0.0,0.0,0.0
2026-01-23 10:40:21,clusterB,8,4,3,1,0.75,0.5,0.5,0.0,0.0,0.0
2026-01-23 10:40:26,clusterA,8,4,3,1,0.75,0.5,0.5,0.0,0.0,0.0
2026-01-23 10:40:26,clusterB,8,4,3,1,0.75,0.5,0.5,0.0,0.0,0.0
2026-01-23 10:40:31,clusterA,8,4,3,1,0.75,0.5,0.5,0.0,0.0,0.0
2026-01-23 10:40:31,clusterB,8,4,3,1,0.75,0.5,0.5,0.0,0.0,0.0
2026-01-23 10:40:36,clusterA,8,4,3,1,0.75,0.5,0.5,0.0,0.0,0.0
2026-01-23 10:40:36,clusterB,8,4,3,1,0.75,0.5,0.5,0.0,0.0,0.0
2026-01-23 10:40:41,clusterA,8,4,3,1,0.75,0.5,0.5,0.0,0.0,0.0
2026-01-23 10:40:41,clusterB,8,4,3,1,0.75,0.5,0.5,0.0,0.0,0.0
2026-01-23 10:40:46,clusterA,8,4,3,1,0.75,0.5,0.5,0.0,0.0,0.0
2026-01-23 10:40:46,clusterB,8,4,3,1,0.75,0.5,0.5,0.0,0.0,0.0
2026-01-23 10:40:51,clusterA,8,4,3,1,0.75,0.5,0.5,0.0,0.0,0.0
2026-01-23 10:40:51,clusterB,8,4,3,1,0.75,0.5,0.5,0.0,0.0,0.0
2026-01-23 10:40:56,clusterA,8,4,3,1,0.75,0.5,0.5,0.0,0.0,0.0
2026-01-23 10:40:56,clusterB,8,4,3,1,0.75,0.5,0.5,0.0,0.0,0.0
2026-01-23 10:41:01,clusterA,8,4,3,1,0.75,0.5,0.5,0.0,0.0,0.0
2026-01-23 10:41:01,clusterB,8,4,3,1,0.75,0.5,0.5,0.0,0.0,0.0
2026-01-23 10:41:06,clusterA,8,4,3,1,0.75,0.5,0.5,0.0,0.0,0.0
2026-01-23 10:41:06,clusterB,8,4,3,1,0.75,0.5,0.5,0.0,0.0,0.0
2026-01-23 10:41:11,clusterA,8,4,3,1,0.75,0.5,0.5,0.0,0.0,0.0
2026-01-23 10:41:11,clusterB,8,4,3,1,0.75,0.5,0.5,0.0,0.0,0.0
2026-01-23 10:41:16,clusterA,8,4,3,1,0.75,0.5,0.5,0.0,0.0,0.0
2026-01-23 10:41:16,clusterB,8,4,3,1,0.75,0.5,0.5,0.0,0.0,0.0
2026-01-23 10:41:21,clusterA,8,4,3,1,0.75,0.5,0.5,0.0,0.0,0.0
2026-01-23 10:41:21,clusterB,8,4,3,1,0.75,0.5,0.5,0.0,0.0,0.0
2026-01-23 10:41:26,clusterA,8,4,3,1,0.75,0.5,0.5,0.0,0.0,0.0
2026-01-23 10:41:26,clusterB,8,4,3,1,0.75,0.5,0.5,0.0,0.0,0.0
2026-01-23 10:41:31,clusterA,8,4,3,1,0.75,0.5,0.5,0.0,0.0,0.0
2026-01-23 10:41:31,clusterB,8,4,3,1,0.75,0.5,0.5,0.0,0.0,0.0
2026-01-23 10:41:36,clusterA,8,4,3,1,0.75,0.5,0.5,0.0,0.0,0.0
2026-01-23 10:41:36,clusterB,8,4,3,1,0.75,0.5,0.5,0.0,0.0,0.0
2026-01-23 10:41:41,clusterA,8,4,3,1,0.75,0.5,0.5,0.0,0.0,0.0
2026-01-23 10:41:41,clusterB,8,4,3,1,0.75,0.5,0.5,0.0,0.0,0.0
2026-01-23 10:41:46,clusterA,8,4,3,1,0.75,0.5,0.5,0.0,0.0,0.0
2026-01-23 10:41:46,clusterB,8,4,3,1,0.75,0.5,0.5,0.0,0.0,0.0
2026-01-23 10:41:51,clusterA,8,4,3,1,0.75,0.5,0.5,0.0,0.0,0.0
2026-01-23 10:41:51,clusterB,8,4,3,1,0.75,0.5,0.5,0.0,0.0,0.0
2026-01-23 10:41:56,clusterA,8,4,3,1,0.75,0.5,0.5,0.0,0.0,0.0
2026-01-23 10:41:56,clusterB,8,4,3,1,0.75,0.5,0.5,0.0,0.0,0.0
2026-01-23 10:42:01,clusterA,8,4,3,1,0.75,0.5,0.5,0.0,0.0,0.0
2026-01-23 10:42:01,clusterB,8,4,3,1,0.75,0.5,0.5,0.0,0.0,0.0
2026-01-23 10:42:06,clusterA,8,4,3,1,0.75,0.5,0.5,0.0,0.0,0.0
2026-01-23 10:42:06,clusterB,8,4,3,1,0.75,0.5,0.5,0.0,0.0,0.0
2026-01-23 10:42:11,clusterA,8,4,3,1,0.75,0.5,0.5,0.0,0.0,0.0
2026-01-23 10:42:11,clusterB,8,4,3,1,0.75,0.5,0.5,0.0,0.0,0.0
2026-01-23 10:42:16,clusterA,8,4,3,1,0.75,0.5,0.5,0.0,0.0,0.0
2026-01-23 10:42:16,clusterB,8,4,3,1,0.75,0.5,0.5,0.0,0.0,0.0
2026-01-23 10:42:21,clusterA,8,4,3,1,0.75,0.5,0.5,0.0,0.0,0.0
2026-01-23 10:42:21,clusterB,8,4,3,1,0.75,0.5,0.5,0.0,0.0,0.0
2026-01-23 10:42:26,clusterA,8,4,3,1,0.75,0.5,0.5,0.0,0.0,0.0
2026-01-23 10:42:26,clusterB,8,4,3,1,0.75,0.5,0.5,0.0,0.0,0.0
2026-01-23 10:42:31,clusterA,8,4,3,1,0.75,0.5,0.5,0.0,0.0,0.0
2026-01-23 10:42:31,clusterB,8,4,3,1,0.75,0.5,0.5,0.0,0.0,0.0
2026-01-23 10:42:36,clusterA,8,4,3,1,0.75,0.5,0.5,0.0,0.0,0.0
2026-01-23 10:42:36,clusterB,8,4,3,1,0.75,0.5,0.5,0.0,0.0,0.0
2026-01-23 10:42:41,clusterA,8,4,3,1,0.75,0.5,0.5,0.0,0.0,0.0
2026-01-23 10:42:41,clusterB,8,4,3,1,0.75,0.5,0.5,0.0,0.0,0.0
2026-01-23 10:42:46,clusterA,8,4,3,1,0.75,0.5,0.5,0.0,0.0,0.0
2026-01-23 10:42:46,clusterB,8,4,3,1,0.75,0.5,0.5,0.0,0.0,0.0
2026-01-23 10:42:51,clusterA,8,4,3,1,0.75,0.5,0.5,0.0,0.0,0.0
2026-01-23 10:42:51,clusterB,8,4,3,1,0.75,0.5,0.5,0.0,0.0,0.0
2026-01-23 10:42:56,clusterA,8,4,3,1,0.75,0.5,0.5,0.0,0.0,0.0
2026-01-23 10:42:56,clusterB,8,4,3,1,0.75,0.5,0.5,0.0,0.0,0.0
2026-01-23 10:43:01,clusterA,8,4,3,1,0.75,0.5,0.5,0.0,0.0,0.0
2026-01-23 10:43:01,clusterB,8,4,3,1,0.75,0.5,0.5,0.0,0.0,0.0
2026-01-23 10:43:06,clusterA,8,4,3,1,0.75,0.5,0.5,0.0,0.0,0.0
2026-01-23 10:43:06,clusterB,8,4,3,1,0.75,0.5,0.5,0.0,0.0,0.0
2026-01-23 10:43:11,clusterA,8,4,3,1,0.75,0.5,0.5,0.0,0.0,0.0
2026-01-23 10:43:11,clusterB,8,4,3,1,0.75,0.5,0.5,0.0,0.0,0.0
2026-01-23 10:43:16,clusterA,8,4,3,1,0.75,0.5,0.5,0.0,0.0,0.0
2026-01-23 10:43:16,clusterB,8,4,3,1,0.75,0.5,0.5,0.0,0.0,0.0
2026-01-23 10:43:21,clusterA,8,4,3,1,0.75,0.5,0.5,0.0,0.0,0.0
2026-01-23 10:43:21,clusterB,8,4,3,1,0.75,0.5,0.5,0.0,0.0,0.0
2026-01-23 10:43:26,clusterA,8,4,3,1,0.75,0.5,0.5,0.0,0.0,0.0
2026-01-23 10:43:26,clusterB,8,4,3,1,0.75,0.5,0.5,0.0,0.0,0.0
2026-01-23 10:43:31,clusterA,8,4,3,1,0.75,0.5,0.5,0.0,0.0,0.0
2026-01-23 10:43:31,clusterB,8,4,3,1,0.75,0.5,0.5,0.0,0.0,0.0
2026-01-23 10:43:36,clusterA,8,4,3,1,0.75,0.5,0.5,0.0,0.0,0.0
2026-01-23 10:43:36,clusterB,8,4,3,1,0.75,0.5,0.5,0.0,0.0,0.0
2026-01-23 10:43:41,clusterA,8,4,3,1,0.75,0.5,0.5,0.0,0.0,0.0
2026-01-23 10:43:41,clusterB,8,4,3,1,0.75,0.5,0.5,0.0,0.0,0.0
2026-01-23 10:43:46,clusterA,8,4,3,1,0.75,0.5,0.5,0.0,0.0,0.0
2026-01-23 10:43:46,clusterB,8,4,3,1,0.75,0.5,0.5,0.0,0.0,0.0
2026-01-23 10:43:51,clusterA,8,4,3,1,0.75,0.5,0.5,0.0,0.0,0.0
2026-01-23 10:43:51,clusterB,8,4,3,1,0.75,0.5,0.5,0.0,0.0,0.0
2026-01-23 10:43:56,clusterA,8,4,3,1,0.75,0.5,0.5,0.0,0.0,0.0
2026-01-23 10:43:56,clusterB,8,4,3,1,0.75,0.5,0.5,0.0,0.0,0.0
2026-01-23 10:44:01,clusterA,8,4,3,1,0.75,0.5,0.5,0.0,0.0,0.0
2026-01-23 10:44:01,clusterB,8,4,3,1,0.75,0.5,0.5,0.0,0.0,0.0
2026-01-23 10:44:06,clusterA,8,4,3,1,0.75,0.5,0.5,0.0,0.0,0.0
2026-01-23 10:44:06,clusterB,8,4,3,1,0.75,0.5,0.5,0.0,0.0,0.0
2026-01-23 10:44:11,clusterA,8,4,3,1,0.75,0.5,0.5,0.0,0.0,0.0
2026-01-23 10:44:11,clusterB,8,4,3,1,0.75,0.5,0.5,0.0,0.0,0.0
2026-01-23 10:44:16,clusterA,8,4,3,1,0.75,0.5,0.5,0.0,0.0,0.0
2026-01-23 10:44:16,clusterB,8,4,3,1,0.75,0.5,0.5,0.0,0.0,0.0
2026-01-23 10:44:21,clusterA,8,4,3,1,0.75,0.5,0.5,0.0,0.0,0.0
2026-01-23 10:44:21,clusterB,8,4,3,1,0.75,0.5,0.5,0.0,0.0,0.0
2026-01-23 10:44:26,clusterA,8,4,3,1,0.75,0.5,0.5,0.0,0.0,0.0
2026-01-23 10:44:26,clusterB,8,4,3,1,0.75,0.5,0.5,0.0,0.0,0.0
2026-01-23 10:44:31,clusterA,8,4,3,1,0.75,0.5,0.5,0.0,0.0,0.0
2026-01-23 10:44:31,clusterB,8,4,3,1,0.75,0.5,0.5,0.0,0.0,0.0
2026-01-23 10:44:36,clusterA,8,4,3,1,0.75,0.5,0.5,0.0,0.0,0.0
2026-01-23 10:44:36,clusterB,8,4,3,1,0.75,0.5,0.5,0.0,0.0,0.0
2026-01-23 10:44:41,clusterA,8,4,3,1,0.75,0.5,0.5,0.0,0.0,0.0
2026-01-23 10:44:41,clusterB,8,4,3,1,0.75,0.5,0.5,0.0,0.0,0.0
2026-01-23 10:44:46,clusterA,8,4,3,1,0.75,0.5,0.5,0.0,0.0,0.0
2026-01-23 10:44:46,clusterB,8,4,3,1,0.75,0.5,0.5,0.0,0.0,0.0
2026-01-23 10:44:51,clusterA,8,4,3,1,0.75,0.5,0.5,0.0,0.0,0.0
2026-01-23 10:44:51,clusterB,8,4,3,1,0.75,0.5,0.5,0.0,0.0,0.0
2026-01-23 10:44:56,clusterA,8,4,3,1,0.75,0.5,0.5,0.0,0.0,0.0
2026-01-23 10:44:56,clusterB,8,4,3,1,0.75,0.5,0.5,0.0,0.0,0.0
2026-01-23 10:45:01,clusterA,8,4,3,1,0.75,0.5,0.5,0.0,0.0,0.0
2026-01-23 10:45:01,clusterB,8,4,3,1,0.75,0.5,0.5,0.0,0.0,0.0
2026-01-23 10:45:06,clusterA,8,4,3,1,0.75,0.5,0.5,0.0,0.0,0.0
2026-01-23 10:45:06,clusterB,8,4,3,1,0.75,0.5,0.5,0.0,0.0,0.0
2026-01-23 10:45:11,clusterA,8,4,3,1,0.75,0.5,0.5,0.0,0.0,0.0
2026-01-23 10:45:11,clusterB,8,4,3,1,0.75,0.5,0.5,0.0,0.0,0.0
2026-01-23 10:45:16,clusterA,8,4,3,1,0.75,0.5,0.5,0.0,0.0,0.0
2026-01-23 10:45:16,clusterB,8,4,3,1,0.75,0.5,0.5,0.0,0.0,0.0
2026-01-23 10:45:21,clusterA,8,4,3,1,0.75,0.5,0.5,0.0,0.0,0.0
2026-01-23 10:45:21,clusterB,8,4,3,1,0.75,0.5,0.5,0.0,0.0,0.0
2026-01-23 10:45:26,clusterA,8,4,3,1,0.75,0.5,0.5,0.0,0.0,0.0
2026-01-23 10:45:26,clusterB,8,4,3,1,0.75,0.5,0.5,0.0,0.0,0.0
2026-01-23 10:45:31,clusterA,8,4,3,1,0.75,0.5,0.5,0.0,0.0,0.0
2026-01-23 10:45:31,clusterB,8,4,3,1,0.75,0.5,0.5,0.0,0.0,0.0
2026-01-23 10:45:36,clusterA,8,4,3,1,0.75,0.5,0.5,0.0,0.0,0.0
2026-01-23 10:45:36,clusterB,8,4,3,1,0.75,0.5,0.5,0.0,0.0,0.0
2026-01-23 10:45:41,clusterA,8,4,3,1,0.75,0.5,0.5,0.0,0.0,0.0
2026-01-23 10:45:41,clusterB,8,4,3,1,0.75,0.5,0.5,0.0,0.0,0.0
2026-01-23 10:45:46,clusterA,8,4,3,1,0.75,0.5,0.5,0.0,0.0,0.0
2026-01-23 10:45:46,clusterB,8,4,3,1,0.75,0.5,0.5,0.0,0.0,0.0
2026-01-23 10:45:51,clusterA,8,4,3,1,0.75,0.5,0.5,0.0,0.0,0.0
2026-01-23 10:45:51,clusterB,8,4,3,1,0.75,0.5,0.5,0.0,0.0,0.0
2026-01-23 10:45:56,clusterA,8,4,3,1,0.75,0.5,0.5,0.0,0.0,0.0
2026-01-23 10:45:56,clusterB,8,4,3,1,0.75,0.5,0.5,0.0,0.0,0.0
2026-01-23 10:46:01,clusterA,8,4,3,1,0.75,0.5,0.5,0.0,0.0,0.0
2026-01-23 10:46:01,clusterB,8,4,3,1,0.75,0.5,0.5,0.0,0.0,0.0
2026-01-23 10:46:06,clusterA,8,4,3,1,0.75,0.5,0.5,0.0,0.0,0.0
2026-01-23 10:46:06,clusterB,8,4,3,1,0.75,0.5,0.5,0.0,0.0,0.0
2026-01-23 10:46:11,clusterA,8,4,3,1,0.75,0.5,0.5,0.0,0.0,0.0
2026-01-23 10:46:11,clusterB,8,4,3,1,0.75,0.5,0.5,0.0,0.0,0.0
2026-01-23 10:46:16,clusterA,8,4,3,1,0.75,0.5,0.5,0.0,0.0,0.0
2026-01-23 10:46:16,clusterB,8,4,3,1,0.75,0.5,0.5,0.0,0.0,0.0
2026-01-23 10:46:21,clusterA,8,4,3,1,0.75,0.5,0.5,0.0,0.0,0.0
2026-01-23 10:46:21,clusterB,8,4,3,1,0.75,0.5,0.5,0.0,0.0,0.0
2026-01-23 10:46:26,clusterA,8,4,3,1,0.75,0.5,0.5,0.0,0.0,0.0
2026-01-23 10:46:26,clusterB,8,4,3,1,0.75,0.5,0.5,0.0,0.0,0.0
2026-01-23 10:46:31,clusterA,8,4,3,1,0.75,0.5,0.5,0.0,0.0,0.0
2026-01-23 10:46:31,clusterB,8,4,3,1,0.75,0.5,0.5,0.0,0.0,0.0
2026-01-23 10:46:36,clusterA,8,4,3,1,0.75,0.5,0.5,0.0,0.0,0.0
2026-01-23 10:46:36,clusterB,8,4,3,1,0.75,0.5,0.5,0.0,0.0,0.0
2026-01-23 10:46:41,clusterA,8,4,3,1,0.75,0.5,0.5,0.0,0.0,0.0
2026-01-23 10:46:41,clusterB,8,4,3,1,0.75,0.5,0.5,0.0,0.0,0.0
2026-01-23 10:46:46,clusterA,8,4,3,1,0.75,0.5,0.5,0.0,0.0,0.0
2026-01-23 10:46:46,clusterB,8,4,3,1,0.75,0.5,0.5,0.0,0.0,0.0
2026-01-23 10:46:51,clusterA,8,4,3,1,0.75,0.5,0.5,0.0,0.0,0.0
2026-01-23 10:46:51,clusterB,8,4,3,1,0.75,0.5,0.5,0.0,0.0,0.0
2026-01-23 10:46:56,clusterA,8,4,3,1,0.75,0.5,0.5,0.0,0.0,0.0
2026-01-23 10:46:56,clusterB,8,4,3,1,0.75,0.5,0.5,0.0,0.0,0.0
2026-01-23 10:47:01,clusterA,8,4,3,1,0.75,0.5,0.5,0.0,0.0,0.0
2026-01-23 10:47:01,clusterB,8,4,3,1,0.75,0.5,0.5,0.0,0.0,0.0
2026-01-23 10:47:06,clusterA,8,4,3,1,0.75,0.5,0.5,0.0,0.0,0.0
2026-01-23 10:47:06,clusterB,8,4,3,1,0.75,0.5,0.5,0.0,0.0,0.0
2026-01-23 10:47:11,clusterA,8,4,3,1,0.75,0.5,0.5,0.0,0.0,0.0
2026-01-23 10:47:11,clusterB,8,4,3,1,0.75,0.5,0.5,0.0,0.0,0.0
2026-01-23 10:47:16,clusterA,8,4,3,1,0.75,0.5,0.5,0.0,0.0,0.0
2026-01-23 10:47:16,clusterB,8,4,3,1,0.75,0.5,0.5,0.0,0.0,0.0
2026-01-23 10:47:21,clusterA,8,4,3,1,0.75,0.5,0.5,0.0,0.0,0.0
2026-01-23 10:47:21,clusterB,8,4,3,1,0.75,0.5,0.5,0.0,0.0,0.0
2026-01-23 10:47:26,clusterA,8,4,3,1,0.75,0.5,0.5,0.0,0.0,0.0
2026-01-23 10:47:26,clusterB,8,4,3,1,0.75,0.5,0.5,0.0,0.0,0.0
2026-01-23 10:47:31,clusterA,8,4,3,1,0.75,0.5,0.5,0.0,0.0,0.0
2026-01-23 10:47:31,clusterB,8,4,3,1,0.75,0.5,0.5,0.0,0.0,0.0
2026-01-23 10:47:36,clusterA,8,4,3,1,0.75,0.5,0.5,0.0,0.0,0.0
2026-01-23 10:47:36,clusterB,8,4,3,1,0.75,0.5,0.5,0.0,0.0,0.0
2026-01-23 10:47:41,clusterA,8,4,3,1,0.75,0.5,0.5,0.0,0.0,0.0
2026-01-23 10:47:41,clusterB,8,4,3,1,0.75,0.5,0.5,0.0,0.0,0.0
2026-01-23 10:47:47,clusterA,8,4,3,1,0.75,0.5,0.5,0.0,0.0,0.0
2026-01-23 10:47:47,clusterB,8,4,3,1,0.75,0.5,0.5,0.0,0.0,0.0
2026-01-23 10:47:52,clusterA,8,4,3,1,0.75,0.5,0.5,0.0,0.0,0.0
2026-01-23 10:47:52,clusterB,8,4,3,1,0.75,0.5,0.5,0.0,0.0,0.0
2026-01-23 10:47:57,clusterA,8,4,3,1,0.75,0.5,0.5,0.0,0.0,0.0
2026-01-23 10:47:57,clusterB,8,4,3,1,0.75,0.5,0.5,0.0,0.0,0.0
2026-01-23 10:48:02,clusterA,8,4,3,1,0.75,0.5,0.5,0.0,0.0,0.0
2026-01-23 10:48:02,clusterB,8,4,3,1,0.75,0.5,0.5,0.0,0.0,0.0
2026-01-23 10:48:07,clusterA,8,4,3,1,0.75,0.5,0.5,0.0,0.0,0.0
2026-01-23 10:48:07,clusterB,8,4,3,1,0.75,0.5,0.5,0.0,0.0,0.0
2026-01-23 10:48:12,clusterA,8,4,3,1,0.75,0.5,0.5,0.0,0.0,0.0
2026-01-23 10:48:12,clusterB,8,4,3,1,0.75,0.5,0.5,0.0,0.0,0.0
2026-01-23 10:48:17,clusterA,8,4,3,1,0.75,0.5,0.5,0.0,0.0,0.0
2026-01-23 10:48:17,clusterB,8,4,3,1,0.75,0.5,0.5,0.0,0.0,0.0
2026-01-23 10:48:22,clusterA,8,4,3,1,0.75,0.5,0.5,0.0,0.0,0.0
2026-01-23 10:48:22,clusterB,8,4,3,1,0.75,0.5,0.5,0.0,0.0,0.0
2026-01-23 10:48:27,clusterA,8,4,3,1,0.75,0.5,0.5,0.0,0.0,0.0
2026-01-23 10:48:27,clusterB,8,4,3,1,0.75,0.5,0.5,0.0,0.0,0.0
2026-01-23 10:48:32,clusterA,8,4,3,1,0.75,0.5,0.5,0.0,0.0,0.0
2026-01-23 10:48:32,clusterB,8,4,3,1,0.75,0.5,0.5,0.0,0.0,0.0
2026-01-23 10:48:37,clusterA,8,4,3,1,0.75,0.5,0.5,0.0,0.0,0.0
2026-01-23 10:48:37,clusterB,8,4,3,1,0.75,0.5,0.5,0.0,0.0,0.0
2026-01-23 10:48:42,clusterA,8,4,3,1,0.75,0.5,0.5,0.0,0.0,0.0
2026-01-23 10:48:42,clusterB,8,4,3,1,0.75,0.5,0.5,0.0,0.0,0.0
2026-01-23 10:48:47,clusterA,8,4,3,1,0.75,0.5,0.5,0.0,0.0,0.0
2026-01-23 10:48:47,clusterB,8,4,3,1,0.75,0.5,0.5,0.0,0.0,0.0
2026-01-23 10:48:52,clusterA,8,4,3,1,0.75,0.5,0.5,0.0,0.0,0.0
2026-01-23 10:48:52,clusterB,8,4,3,1,0.75,0.5,0.5,0.0,0.0,0.0
2026-01-23 10:48:57,clusterA,8,4,3,1,0.75,0.5,0.5,0.0,0.0,0.0
2026-01-23 10:48:57,clusterB,8,4,3,1,0.75,0.5,0.5,0.0,0.0,0.0
2026-01-23 10:49:02,clusterA,8,4,3,1,0.75,0.5,0.5,0.0,0.0,0.0
2026-01-23 10:49:02,clusterB,8,4,3,1,0.75,0.5,0.5,0.0,0.0,0.0
2026-01-23 10:49:07,clusterA,8,4,3,1,0.75,0.5,0.5,0.0,0.0,0.0
2026-01-23 10:49:07,clusterB,8,4,3,1,0.75,0.5,0.5,0.0,0.0,0.0
2026-01-23 10:49:12,clusterA,8,4,3,1,0.75,0.5,0.5,0.0,0.0,0.0
2026-01-23 10:49:12,clusterB,8,4,3,1,0.75,0.5,0.5,0.0,0.0,0.0
2026-01-23 10:49:17,clusterA,8,4,3,1,0.75,0.5,0.5,0.0,0.0,0.0
2026-01-23 10:49:17,clusterB,8,4,3,1,0.75,0.5,0.5,0.0,0.0,0.0
2026-01-23 10:49:22,clusterA,8,4,3,1,0.75,0.5,0.5,0.0,0.0,0.0
2026-01-23 10:49:22,clusterB,8,4,3,1,0.75,0.5,0.5,0.0,0.0,0.0
2026-01-23 10:49:27,clusterA,8,4,3,1,0.75,0.5,0.5,0.0,0.0,0.0
2026-01-23 10:49:27,clusterB,8,4,3,1,0.75,0.5,0.5,0.0,0.0,0.0
2026-01-23 10:49:32,clusterA,8,4,3,1,0.75,0.5,0.5,0.0,0.0,0.0
2026-01-23 10:49:32,clusterB,8,4,3,1,0.75,0.5,0.5,0.0,0.0,0.0
2026-01-23 10:49:37,clusterA,8,4,3,1,0.75,0.5,0.5,0.0,0.0,0.0
2026-01-23 10:49:37,clusterB,8,4,3,1,0.75,0.5,0.5,0.0,0.0,0.0
2026-01-23 10:49:42,clusterA,8,4,3,1,0.75,0.5,0.5,0.0,0.0,0.0
2026-01-23 10:49:42,clusterB,8,4,3,1,0.75,0.5,0.5,0.0,0.0,0.0
2026-01-23 10:49:47,clusterA,8,4,3,1,0.75,0.5,0.5,0.0,0.0,0.0
2026-01-23 10:49:47,clusterB,8,4,3,1,0.75,0.5,0.5,0.0,0.0,0.0
2026-01-23 10:49:52,clusterA,8,4,3,1,0.75,0.5,0.5,0.0,0.0,0.0
2026-01-23 10:49:52,clusterB,8,4,3,1,0.75,0.5,0.5,0.0,0.0,0.0
2026-01-23 10:49:57,clusterA,8,4,3,1,0.75,0.5,0.5,0.0,0.0,0.0
2026-01-23 10:49:57,clusterB,8,4,3,1,0.75,0.5,0.5,0.0,0.0,0.0
2026-01-23 10:50:02,clusterA,8,4,3,1,0.75,0.5,0.5,0.0,0.0,0.0
2026-01-23 10:50:02,clusterB,8,4,3,1,0.75,0.5,0.5,0.0,0.0,0.0
2026-01-23 10:50:07,clusterA,8,4,3,1,0.75,0.5,0.5,0.0,0.0,0.0
2026-01-23 10:50:07,clusterB,8,4,3,1,0.75,0.5,0.5,0.0,0.0,0.0
2026-01-23 10:50:12,clusterA,8,4,3,1,0.75,0.5,0.5,0.0,0.0,0.0
2026-01-23 10:50:12,clusterB,8,4,3,1,0.75,0.5,0.5,0.0,0.0,0.0
2026-01-23 10:50:17,clusterA,8,4,3,1,0.75,0.5,0.5,0.0,0.0,0.0
2026-01-23 10:50:17,clusterB,8,4,3,1,0.75,0.5,0.5,0.0,0.0,0.0
2026-01-23 10:50:22,clusterA,8,4,3,1,0.75,0.5,0.5,0.0,0.0,0.0
2026-01-23 10:50:22,clusterB,8,4,3,1,0.75,0.5,0.5,0.0,0.0,0.0
2026-01-23 10:50:27,clusterA,8,4,3,1,0.75,0.5,0.5,0.0,0.0,0.0
2026-01-23 10:50:27,clusterB,8,4,3,1,0.75,0.5,0.5,0.0,0.0,0.0
2026-01-23 10:50:32,clusterA,8,4,3,1,0.75,0.5,0.5,0.0,0.0,0.0
2026-01-23 10:50:32,clusterB,8,4,3,1,0.75,0.5,0.5,0.0,0.0,0.0
2026-01-23 10:50:37,clusterA,8,4,3,1,0.75,0.5,0.5,0.0,0.0,0.0
2026-01-23 10:50:37,clusterB,8,4,3,1,0.75,0.5,0.5,0.0,0.0,0.0
2026-01-23 10:50:42,clusterA,8,4,3,1,0.75,0.5,0.5,0.0,0.0,0.0
2026-01-23 10:50:42,clusterB,8,4,3,1,0.75,0.5,0.5,0.0,0.0,0.0
2026-01-23 10:50:47,clusterA,8,4,3,1,0.75,0.5,0.5,0.0,0.0,0.0
2026-01-23 10:50:47,clusterB,8,4,3,1,0.75,0.5,0.5,0.0,0.0,0.0
2026-01-23 10:50:52,clusterA,8,4,3,1,0.75,0.5,0.5,0.0,0.0,0.0
2026-01-23 10:50:52,clusterB,8,4,3,1,0.75,0.5,0.5,0.0,0.0,0.0
2026-01-23 10:50:57,clusterA,8,4,3,1,0.75,0.5,0.5,0.0,0.0,0.0
2026-01-23 10:50:57,clusterB,8,4,3,1,0.75,0.5,0.5,0.0,0.0,0.0
2026-01-23 10:51:02,clusterA,8,4,3,1,0.75,0.5,0.5,0.0,0.0,0.0
2026-01-23 10:51:02,clusterB,8,4,3,1,0.75,0.5,0.5,0.0,0.0,0.0
2026-01-23 10:51:07,clusterA,8,4,3,1,0.75,0.5,0.5,0.0,0.0,0.0
2026-01-23 10:51:07,clusterB,8,4,3,1,0.75,0.5,0.5,0.0,0.0,0.0
2026-01-23 10:51:12,clusterA,8,4,3,1,0.75,0.5,0.5,0.0,0.0,0.0
2026-01-23 10:51:12,clusterB,8,4,3,1,0.75,0.5,0.5,0.0,0.0,0.0
2026-01-23 10:51:17,clusterA,8,4,3,1,0.75,0.5,0.5,0.0,0.0,0.0
2026-01-23 10:51:17,clusterB,8,4,3,1,0.75,0.5,0.5,0.0,0.0,0.0
2026-01-23 10:51:22,clusterA,8,4,3,1,0.75,0.5,0.5,0.0,0.0,0.0
2026-01-23 10:51:22,clusterB,8,4,3,1,0.75,0.5,0.5,0.0,0.0,0.0
2026-01-23 10:51:27,clusterA,8,4,3,1,0.75,0.5,0.5,0.0,0.0,0.0
2026-01-23 10:51:27,clusterB,8,4,3,1,0.75,0.5,0.5,0.0,0.0,0.0
2026-01-23 10:51:32,clusterA,8,4,3,1,0.75,0.5,0.5,0.0,0.0,0.0
2026-01-23 10:51:32,clusterB,8,4,3,1,0.75,0.5,0.5,0.0,0.0,0.0
2026-01-23 10:51:37,clusterA,8,4,3,1,0.75,0.5,0.5,0.0,0.0,0.0
2026-01-23 10:51:37,clusterB,8,4,3,1,0.75,0.5,0.5,0.0,0.0,0.0
2026-01-23 10:51:42,clusterA,8,4,3,1,0.75,0.5,0.5,0.0,0.0,0.0
2026-01-23 10:51:42,clusterB,8,4,3,1,0.75,0.5,0.5,0.0,0.0,0.0
2026-01-23 10:51:47,clusterA,8,4,3,1,0.75,0.5,0.5,0.0,0.0,0.0
2026-01-23 10:51:47,clusterB,8,4,3,1,0.75,0.5,0.5,0.0,0.0,0.0
2026-01-23 10:51:52,clusterA,8,4,3,1,0.75,0.5,0.5,0.0,0.0,0.0
2026-01-23 10:51:52,clusterB,8,4,3,1,0.75,0.5,0.5,0.0,0.0,0.0
2026-01-23 10:51:57,clusterA,8,4,3,1,0.75,0.5,0.5,0.0,0.0,0.0
2026-01-23 10:51:57,clusterB,8,4,3,1,0.75,0.5,0.5,0.0,0.0,0.0
2026-01-23 10:52:02,clusterA,8,4,3,1,0.75,0.5,0.5,0.0,0.0,0.0
2026-01-23 10:52:02,clusterB,8,4,3,1,0.75,0.5,0.5,0.0,0.0,0.0
2026-01-23 10:52:07,clusterA,8,4,3,1,0.75,0.5,0.5,0.0,0.0,0.0
2026-01-23 10:52:07,clusterB,8,4,3,1,0.75,0.5,0.5,0.0,0.0,0.0
2026-01-23 10:52:12,clusterA,8,4,3,1,0.75,0.5,0.5,0.0,0.0,0.0
2026-01-23 10:52:12,clusterB,8,4,3,1,0.75,0.5,0.5,0.0,0.0,0.0
2026-01-23 10:52:17,clusterA,8,4,3,1,0.75,0.5,0.5,0.0,0.0,0.0
2026-01-23 10:52:17,clusterB,8,4,3,1,0.75,0.5,0.5,0.0,0.0,0.0
2026-01-23 10:52:22,clusterA,8,4,3,1,0.75,0.5,0.5,0.0,0.0,0.0
2026-01-23 10:52:22,clusterB,8,4,3,1,0.75,0.5,0.5,0.0,0.0,0.0
2026-01-23 10:52:27,clusterA,8,4,3,1,0.75,0.5,0.5,0.0,0.0,0.0
2026-01-23 10:52:27,clusterB,8,4,3,1,0.75,0.5,0.5,0.0,0.0,0.0
2026-01-23 10:52:32,clusterA,8,4,3,1,0.75,0.5,0.5,0.0,0.0,0.0
2026-01-23 10:52:32,clusterB,8,4,3,1,0.75,0.5,0.5,0.0,0.0,0.0
2026-01-23 10:52:37,clusterA,8,4,3,1,0.75,0.5,0.5,0.0,0.0,0.0
2026-01-23 10:52:37,clusterB,8,4,3,1,0.75,0.5,0.5,0.0,0.0,0.0
2026-01-23 10:52:42,clusterA,8,4,3,1,0.75,0.5,0.5,0.0,0.0,0.0
2026-01-23 10:52:42,clusterB,8,4,3,1,0.75,0.5,0.5,0.0,0.0,0.0
2026-01-23 10:52:47,clusterA,8,4,3,1,0.75,0.5,0.5,0.0,0.0,0.0
2026-01-23 10:52:47,clusterB,8,4,3,1,0.75,0.5,0.5,0.0,0.0,0.0
2026-01-23 10:52:52,clusterA,8,4,3,1,0.75,0.5,0.5,0.0,0.0,0.0
2026-01-23 10:52:52,clusterB,8,4,3,1,0.75,0.5,0.5,0.0,0.0,0.0
2026-01-23 10:52:57,clusterA,8,4,3,1,0.75,0.5,0.5,0.0,0.0,0.0
2026-01-23 10:52:57,clusterB,8,4,3,1,0.75,0.5,0.5,0.0,0.0,0.0
2026-01-23 10:53:02,clusterA,8,4,3,1,0.75,0.5,0.5,0.0,0.0,0.0
2026-01-23 10:53:02,clusterB,8,4,3,1,0.75,0.5,0.5,0.0,0.0,0.0
2026-01-23 10:53:07,clusterA,8,4,3,1,0.75,0.5,0.5,0.0,0.0,0.0
2026-01-23 10:53:07,clusterB,8,4,3,1,0.75,0.5,0.5,0.0,0.0,0.0
2026-01-23 10:53:12,clusterA,8,4,3,1,0.75,0.5,0.5,0.0,0.0,0.0
2026-01-23 10:53:12,clusterB,8,4,3,1,0.75,0.5,0.5,0.0,0.0,0.0
2026-01-23 10:53:17,clusterA,8,4,3,1,0.75,0.5,0.5,0.0,0.0,0.0
2026-01-23 10:53:17,clusterB,8,4,3,1,0.75,0.5,0.5,0.0,0.0,0.0
2026-01-23 10:53:22,clusterA,8,4,3,1,0.75,0.5,0.5,0.0,0.0,0.0
2026-01-23 10:53:22,clusterB,8,4,3,1,0.75,0.5,0.5,0.0,0.0,0.0
2026-01-23 10:53:27,clusterA,8,4,3,1,0.75,0.5,0.5,0.0,0.0,0.0
2026-01-23 10:53:27,clusterB,8,4,3,1,0.75,0.5,0.5,0.0,0.0,0.0
2026-01-23 10:53:32,clusterA,8,4,3,1,0.75,0.5,0.5,0.0,0.0,0.0
2026-01-23 10:53:32,clusterB,8,4,3,1,0.75,0.5,0.5,0.0,0.0,0.0
2026-01-23 10:53:37,clusterA,8,4,3,1,0.75,0.5,0.5,0.0,0.0,0.0
2026-01-23 10:53:37,clusterB,8,4,3,1,0.75,0.5,0.5,0.0,0.0,0.0
2026-01-23 10:53:42,clusterA,8,4,3,1,0.75,0.5,0.5,0.0,0.0,0.0
2026-01-23 10:53:42,clusterB,8,4,3,1,0.75,0.5,0.5,0.0,0.0,0.0
2026-01-23 10:53:47,clusterA,8,4,3,1,0.75,0.5,0.5,0.0,0.0,0.0
2026-01-23 10:53:47,clusterB,8,4,3,1,0.75,0.5,0.5,0.0,0.0,0.0
2026-01-23 10:53:52,clusterA,8,4,3,1,0.75,0.5,0.5,0.0,0.0,0.0
2026-01-23 10:53:52,clusterB,8,4,3,1,0.75,0.5,0.5,0.0,0.0,0.0
2026-01-23 10:53:57,clusterA,8,4,3,1,0.75,0.5,0.5,0.0,0.0,0.0
2026-01-23 10:53:57,clusterB,8,4,3,1,0.75,0.5,0.5,0.0,0.0,0.0
2026-01-23 10:54:02,clusterA,8,4,3,1,0.75,0.5,0.5,0.0,0.0,0.0
2026-01-23 10:54:02,clusterB,8,4,3,1,0.75,0.5,0.5,0.0,0.0,0.0
2026-01-23 10:54:07,clusterA,8,4,3,1,0.75,0.5,0.5,0.0,0.0,0.0
2026-01-23 10:54:07,clusterB,8,4,3,1,0.75,0.5,0.5,0.0,0.0,0.0
2026-01-23 10:54:12,clusterA,8,4,3,1,0.75,0.5,0.5,0.0,0.0,0.0
2026-01-23 10:54:12,clusterB,8,4,3,1,0.75,0.5,0.5,0.0,0.0,0.0
2026-01-23 10:54:17,clusterA,8,4,3,1,0.75,0.5,0.5,0.0,0.0,0.0
2026-01-23 10:54:17,clusterB,8,4,3,1,0.75,0.5,0.5,0.0,0.0,0.0
2026-01-23 10:54:22,clusterA,8,4,3,1,0.75,0.5,0.5,0.0,0.0,0.0
2026-01-23 10:54:22,clusterB,8,4,3,1,0.75,0.5,0.5,0.0,0.0,0.0
2026-01-23 10:54:27,clusterA,8,4,3,1,0.75,0.5,0.5,0.0,0.0,0.0
2026-01-23 10:54:27,clusterB,8,4,3,1,0.75,0.5,0.5,0.0,0.0,0.0
2026-01-23 10:54:32,clusterA,8,4,3,1,0.75,0.5,0.5,0.0,0.0,0.0
2026-01-23 10:54:32,clusterB,8,4,3,1,0.75,0.5,0.5,0.0,0.0,0.0
2026-01-23 10:54:37,clusterA,8,4,3,1,0.75,0.5,0.5,0.0,0.0,0.0
2026-01-23 10:54:37,clusterB,8,4,3,1,0.75,0.5,0.5,0.0,0.0,0.0
2026-01-23 10:54:42,clusterA,8,4,3,1,0.75,0.5,0.5,0.0,0.0,0.0
2026-01-23 10:54:42,clusterB,8,4,3,1,0.75,0.5,0.5,0.0,0.0,0.0
2026-01-23 10:54:47,clusterA,8,4,3,1,0.75,0.5,0.5,0.0,0.0,0.0
2026-01-23 10:54:47,clusterB,8,4,3,1,0.75,0.5,0.5,0.0,0.0,0.0
2026-01-23 10:54:52,clusterA,8,4,3,1,0.75,0.5,0.5,0.0,0.0,0.0
2026-01-23 10:54:52,clusterB,8,4,3,1,0.75,0.5,0.5,0.0,0.0,0.0
2026-01-23 10:54:57,clusterA,8,4,3,1,0.75,0.5,0.5,0.0,0.0,0.0
2026-01-23 10:54:57,clusterB,8,4,3,1,0.75,0.5,0.5,0.0,0.0,0.0
2026-01-23 10:55:02,clusterA,8,4,3,1,0.75,0.5,0.5,0.0,0.0,0.0
2026-01-23 10:55:02,clusterB,8,4,3,1,0.75,0.5,0.5,0.0,0.0,0.0
2026-01-23 10:55:07,clusterA,8,4,3,1,0.75,0.5,0.5,0.0,0.0,0.0
2026-01-23 10:55:07,clusterB,8,4,3,1,0.75,0.5,0.5,0.0,0.0,0.0
2026-01-23 10:55:12,clusterA,8,4,3,1,0.75,0.5,0.5,0.0,0.0,0.0
2026-01-23 10:55:12,clusterB,8,4,3,1,0.75,0.5,0.5,0.0,0.0,0.0
2026-01-23 10:55:17,clusterA,8,4,3,1,0.75,0.5,0.5,0.0,0.0,0.0
2026-01-23 10:55:17,clusterB,8,4,3,1,0.75,0.5,0.5,0.0,0.0,0.0
2026-01-23 10:55:22,clusterA,8,4,3,1,0.75,0.5,0.5,0.0,0.0,0.0
2026-01-23 10:55:22,clusterB,8,4,3,1,0.75,0.5,0.5,0.0,0.0,0.0
2026-01-23 10:55:27,clusterA,8,4,3,1,0.75,0.5,0.5,0.0,0.0,0.0
2026-01-23 10:55:27,clusterB,8,4,3,1,0.75,0.5,0.5,0.0,0.0,0.0
2026-01-23 10:55:32,clusterA,8,4,3,1,0.75,0.5,0.5,0.0,0.0,0.0
2026-01-23 10:55:32,clusterB,8,4,3,1,0.75,0.5,0.5,0.0,0.0,0.0
2026-01-23 10:55:37,clusterA,8,4,3,1,0.75,0.5,0.5,0.0,0.0,0.0
2026-01-23 10:55:37,clusterB,8,4,3,1,0.75,0.5,0.5,0.0,0.0,0.0
2026-01-23 10:55:42,clusterA,8,4,3,1,0.75,0.5,0.5,0.0,0.0,0.0
2026-01-23 10:55:42,clusterB,8,4,3,1,0.75,0.5,0.5,0.0,0.0,0.0
2026-01-23 10:55:47,clusterA,8,4,3,1,0.75,0.5,0.5,0.0,0.0,0.0
2026-01-23 10:55:47,clusterB,8,4,3,1,0.75,0.5,0.5,0.0,0.0,0.0
2026-01-23 10:55:52,clusterA,8,4,3,1,0.75,0.5,0.5,0.0,0.0,0.0
2026-01-23 10:55:52,clusterB,8,4,3,1,0.75,0.5,0.5,0.0,0.0,0.0
2026-01-23 10:55:57,clusterA,8,4,3,1,0.75,0.5,0.5,0.0,0.0,0.0
2026-01-23 10:55:57,clusterB,8,4,3,1,0.75,0.5,0.5,0.0,0.0,0.0
2026-01-23 10:56:02,clusterA,8,4,3,1,0.75,0.5,0.5,0.0,0.0,0.0
2026-01-23 10:56:02,clusterB,8,4,3,1,0.75,0.5,0.5,0.0,0.0,0.0
2026-01-23 10:56:07,clusterA,8,4,3,1,0.75,0.5,0.5,0.0,0.0,0.0
2026-01-23 10:56:07,clusterB,8,4,3,1,0.75,0.5,0.5,0.0,0.0,0.0
2026-01-23 10:56:12,clusterA,8,4,3,1,0.75,0.5,0.5,0.0,0.0,0.0
2026-01-23 10:56:12,clusterB,8,4,3,1,0.75,0.5,0.5,0.0,0.0,0.0
2026-01-23 10:56:17,clusterA,8,4,3,1,0.75,0.5,0.5,0.0,0.0,0.0
2026-01-23 10:56:17,clusterB,8,4,3,1,0.75,0.5,0.5,0.0,0.0,0.0
2026-01-23 10:56:22,clusterA,8,4,3,1,0.75,0.5,0.5,0.0,0.0,0.0
2026-01-23 10:56:22,clusterB,8,4,3,1,0.75,0.5,0.5,0.0,0.0,0.0
2026-01-23 10:56:27,clusterA,8,4,3,1,0.75,0.5,0.5,0.0,0.0,0.0
2026-01-23 10:56:27,clusterB,8,4,3,1,0.75,0.5,0.5,0.0,0.0,0.0
2026-01-23 10:56:32,clusterA,8,4,3,1,0.75,0.5,0.5,0.0,0.0,0.0
2026-01-23 10:56:32,clusterB,8,4,3,1,0.75,0.5,0.5,0.0,0.0,0.0
2026-01-23 10:56:37,clusterA,8,4,3,1,0.75,0.5,0.5,0.0,0.0,0.0
2026-01-23 10:56:37,clusterB,8,4,3,1,0.75,0.5,0.5,0.0,0.0,0.0
2026-01-23 10:56:42,clusterA,8,4,3,1,0.75,0.5,0.5,0.0,0.0,0.0
2026-01-23 10:56:42,clusterB,8,4,3,1,0.75,0.5,0.5,0.0,0.0,0.0
2026-01-23 10:56:47,clusterA,8,4,3,1,0.75,0.5,0.5,0.0,0.0,0.0
2026-01-23 10:56:47,clusterB,8,4,3,1,0.75,0.5,0.5,0.0,0.0,0.0
2026-01-23 10:56:52,clusterA,8,4,3,1,0.75,0.5,0.5,0.0,0.0,0.0
2026-01-23 10:56:52,clusterB,8,4,3,1,0.75,0.5,0.5,0.0,0.0,0.0
2026-01-23 10:56:57,clusterA,8,4,3,1,0.75,0.5,0.5,0.0,0.0,0.0
2026-01-23 10:56:57,clusterB,8,4,3,1,0.75,0.5,0.5,0.0,0.0,0.0
2026-01-23 10:57:02,clusterA,8,4,3,1,0.75,0.5,0.5,0.0,0.0,0.0
2026-01-23 10:57:02,clusterB,8,4,3,1,0.75,0.5,0.5,0.0,0.0,0.0
2026-01-23 10:57:07,clusterA,8,4,3,1,0.75,0.5,0.5,0.0,0.0,0.0
2026-01-23 10:57:07,clusterB,8,4,3,1,0.75,0.5,0.5,0.0,0.0,0.0
2026-01-23 10:57:12,clusterA,8,4,3,1,0.75,0.5,0.5,0.0,0.0,0.0
2026-01-23 10:57:12,clusterB,8,4,3,1,0.75,0.5,0.5,0.0,0.0,0.0
2026-01-23 10:57:17,clusterA,8,4,3,1,0.75,0.5,0.5,0.0,0.0,0.0
2026-01-23 10:57:17,clusterB,8,4,3,1,0.75,0.5,0.5,0.0,0.0,0.0
2026-01-23 10:57:22,clusterA,8,4,3,1,0.75,0.5,0.5,0.0,0.0,0.0
2026-01-23 10:57:22,clusterB,8,4,3,1,0.75,0.5,0.5,0.0,0.0,0.0
2026-01-23 10:57:27,clusterA,8,4,3,1,0.75,0.5,0.5,0.0,0.0,0.0
2026-01-23 10:57:27,clusterB,8,4,3,1,0.75,0.5,0.5,0.0,0.0,0.0
2026-01-23 10:57:32,clusterA,8,4,3,1,0.75,0.5,0.5,0.0,0.0,0.0
2026-01-23 10:57:32,clusterB,8,4,3,1,0.75,0.5,0.5,0.0,0.0,0.0
2026-01-23 10:57:37,clusterA,8,4,3,1,0.75,0.5,0.5,0.0,0.0,0.0
2026-01-23 10:57:37,clusterB,8,4,3,1,0.75,0.5,0.5,0.0,0.0,0.0
2026-01-23 10:57:42,clusterA,8,4,3,1,0.75,0.5,0.5,0.0,0.0,0.0
2026-01-23 10:57:42,clusterB,8,4,3,1,0.75,0.5,0.5,0.0,0.0,0.0
2026-01-23 10:57:47,clusterA,8,4,3,1,0.75,0.5,0.5,0.0,0.0,0.0
2026-01-23 10:57:47,clusterB,8,4,3,1,0.75,0.5,0.5,0.0,0.0,0.0
2026-01-23 10:57:52,clusterA,8,4,3,1,0.75,0.5,0.5,0.0,0.0,0.0
2026-01-23 10:57:52,clusterB,8,4,3,1,0.75,0.5,0.5,0.0,0.0,0.0
2026-01-23 10:57:57,clusterA,8,4,3,1,0.75,0.5,0.5,0.0,0.0,0.0
2026-01-23 10:57:57,clusterB,8,4,3,1,0.75,0.5,0.5,0.0,0.0,0.0
2026-01-23 10:58:02,clusterA,8,4,3,1,0.75,0.5,0.5,0.0,0.0,0.0
2026-01-23 10:58:02,clusterB,8,4,3,1,0.75,0.5,0.5,0.0,0.0,0.0
2026-01-23 10:58:07,clusterA,8,4,3,1,0.75,0.5,0.5,0.0,0.0,0.0
2026-01-23 10:58:07,clusterB,8,4,3,1,0.75,0.5,0.5,0.0,0.0,0.0
2026-01-23 10:58:12,clusterA,8,4,3,1,0.75,0.5,0.5,0.0,0.0,0.0
2026-01-23 10:58:12,clusterB,8,4,3,1,0.75,0.5,0.5,0.0,0.0,0.0
2026-01-23 10:58:17,clusterA,8,4,3,1,0.75,0.5,0.5,0.0,0.0,0.0
2026-01-23 10:58:17,clusterB,8,4,2,2,0.50,0.5,0.5,0.0,0.0,0.0
2026-01-23 10:58:22,clusterA,8,4,3,1,0.75,0.5,0.5,0.0,0.0,0.0
2026-01-23 10:58:22,clusterB,8,4,2,2,0.50,0.5,0.5,0.0,0.0,0.0
2026-01-23 10:58:27,clusterA,8,4,3,1,0.75,0.5,0.5,0.0,0.0,0.0
2026-01-23 10:58:27,clusterB,8,4,2,2,0.50,0.5,0.5,0.0,0.0,0.0
2026-01-23 10:58:32,clusterA,8,4,3,1,0.75,0.5,0.5,0.0,0.0,0.0
2026-01-23 10:58:32,clusterB,8,4,2,2,0.50,0.5,0.5,0.0,0.0,0.0
2026-01-23 10:58:37,clusterA,8,4,3,1,0.75,0.5,0.5,0.0,0.0,0.0
2026-01-23 10:58:37,clusterB,8,4,2,2,0.50,0.5,0.5,0.0,0.0,0.0
2026-01-23 10:58:42,clusterA,8,4,3,1,0.75,0.5,0.5,0.0,0.0,0.0
2026-01-23 10:58:42,clusterB,8,4,2,2,0.50,0.5,0.5,0.0,0.0,0.0
2026-01-23 10:58:47,clusterA,8,4,3,1,0.75,0.5,0.5,0.0,0.0,0.0
2026-01-23 10:58:47,clusterB,8,4,2,2,0.50,0.5,0.5,0.0,0.0,0.0
2026-01-23 10:58:52,clusterA,8,4,3,1,0.75,0.5,0.5,0.0,0.0,0.0
2026-01-23 10:58:52,clusterB,8,4,2,2,0.50,0.5,0.5,0.0,0.0,0.0
2026-01-23 10:58:57,clusterA,8,4,3,1,0.75,0.5,0.5,0.0,0.0,0.0
2026-01-23 10:58:57,clusterB,8,4,2,2,0.50,0.5,0.5,0.0,0.0,0.0
2026-01-23 10:59:02,clusterA,8,4,3,1,0.75,0.5,0.5,0.0,0.0,0.0
2026-01-23 10:59:02,clusterB,8,4,2,2,0.50,0.5,0.5,0.0,0.0,0.0
2026-01-23 10:59:07,clusterA,8,4,3,1,0.75,0.5,0.5,0.0,0.0,0.0
2026-01-23 10:59:07,clusterB,8,4,2,2,0.50,0.5,0.5,0.0,0.0,0.0
2026-01-23 10:59:12,clusterA,8,4,3,1,0.75,0.5,0.5,0.0,0.0,0.0
2026-01-23 10:59:12,clusterB,8,4,2,2,0.50,0.5,0.5,0.0,0.0,0.0
2026-01-23 10:59:17,clusterA,8,4,3,1,0.75,0.5,0.5,0.0,0.0,0.0
2026-01-23 10:59:17,clusterB,8,4,2,2,0.50,0.5,0.5,0.0,0.0,0.0
2026-01-23 10:59:22,clusterA,8,4,3,1,0.75,0.5,0.5,0.0,0.0,0.0
2026-01-23 10:59:22,clusterB,8,4,2,2,0.50,0.5,0.5,0.0,0.0,0.0
2026-01-23 10:59:27,clusterA,8,4,3,1,0.75,0.5,0.5,0.0,0.0,0.0
2026-01-23 10:59:27,clusterB,8,4,2,2,0.50,0.5,0.5,0.0,0.0,0.0
2026-01-23 10:59:32,clusterA,8,4,3,1,0.75,0.5,0.5,0.0,0.0,0.0
2026-01-23 10:59:32,clusterB,8,4,2,2,0.50,0.5,0.5,0.0,0.0,0.0
2026-01-23 10:59:37,clusterA,8,4,3,1,0.75,0.5,0.5,0.0,0.0,0.0
2026-01-23 10:59:37,clusterB,8,4,2,2,0.50,0.5,0.5,0.0,0.0,0.0
2026-01-23 10:59:42,clusterA,8,4,3,1,0.75,0.5,0.5,0.0,0.0,0.0
2026-01-23 10:59:42,clusterB,8,4,2,2,0.50,0.5,0.5,0.0,0.0,0.0
2026-01-23 10:59:47,clusterA,8,4,3,1,0.75,0.5,0.5,0.0,0.0,0.0
2026-01-23 10:59:47,clusterB,8,4,2,2,0.50,0.5,0.5,0.0,0.0,0.0
2026-01-23 10:59:52,clusterA,8,4,3,1,0.75,0.5,0.5,0.0,0.0,0.0
2026-01-23 10:59:52,clusterB,8,4,2,2,0.50,0.5,0.5,0.0,0.0,0.0
2026-01-23 10:59:57,clusterA,8,4,3,1,0.75,0.5,0.5,0.0,0.0,0.0
2026-01-23 10:59:57,clusterB,8,4,2,2,0.50,0.5,0.5,0.0,0.0,0.0
2026-01-23 11:00:02,clusterA,8,4,3,1,0.75,0.5,0.5,0.0,0.0,0.0
2026-01-23 11:00:02,clusterB,8,4,2,2,0.50,0.5,0.5,0.0,0.0,0.0
2026-01-23 11:00:07,clusterA,8,4,3,1,0.75,0.5,0.5,0.0,0.0,0.0
2026-01-23 11:00:07,clusterB,8,4,2,2,0.50,0.5,0.5,0.0,0.0,0.0
2026-01-23 11:00:12,clusterA,8,4,3,1,0.75,0.5,0.5,0.0,0.0,0.0
2026-01-23 11:00:12,clusterB,8,4,2,2,0.50,0.5,0.5,0.0,0.0,0.0
2026-01-23 11:00:17,clusterA,8,4,3,1,0.75,0.5,0.5,0.0,0.0,0.0
2026-01-23 11:00:17,clusterB,8,4,2,2,0.50,0.5,0.5,0.0,0.0,0.0
2026-01-23 11:00:22,clusterA,8,4,3,1,0.75,0.5,0.5,0.0,0.0,0.0
2026-01-23 11:00:22,clusterB,8,4,2,2,0.50,0.5,0.5,0.0,0.0,0.0
2026-01-23 11:00:27,clusterA,8,4,3,1,0.75,0.5,0.5,0.0,0.0,0.0
2026-01-23 11:00:27,clusterB,8,4,2,2,0.50,0.5,0.5,0.0,0.0,0.0
2026-01-23 11:00:32,clusterA,8,4,3,1,0.75,0.5,0.5,0.0,0.0,0.0
2026-01-23 11:00:32,clusterB,8,4,2,2,0.50,0.5,0.5,0.0,0.0,0.0
2026-01-23 11:00:37,clusterA,8,4,3,1,0.75,0.5,0.5,0.0,0.0,0.0
2026-01-23 11:00:37,clusterB,8,4,2,2,0.50,0.5,0.5,0.0,0.0,0.0
2026-01-23 11:00:42,clusterA,8,4,3,1,0.75,0.5,0.5,0.0,0.0,0.0
2026-01-23 11:00:42,clusterB,8,4,2,2,0.50,0.5,0.5,0.0,0.0,0.0
2026-01-23 11:00:48,clusterA,8,4,3,1,0.75,0.5,0.5,0.0,0.0,0.0
2026-01-23 11:00:48,clusterB,8,4,2,2,0.50,0.5,0.5,0.0,0.0,0.0
2026-01-23 11:00:53,clusterA,8,4,3,1,0.75,0.5,0.5,0.0,0.0,0.0
2026-01-23 11:00:53,clusterB,8,4,2,2,0.50,0.5,0.5,0.0,0.0,0.0
2026-01-23 11:00:58,clusterA,8,4,3,1,0.75,0.5,0.5,0.0,0.0,0.0
2026-01-23 11:00:58,clusterB,8,4,2,2,0.50,0.5,0.5,0.0,0.0,0.0
2026-01-23 11:01:03,clusterA,8,4,3,1,0.75,0.5,0.5,0.0,0.0,0.0
2026-01-23 11:01:03,clusterB,8,4,2,2,0.50,0.5,0.5,0.0,0.0,0.0
2026-01-23 11:01:08,clusterA,8,4,3,1,0.75,0.5,0.5,0.0,0.0,0.0
2026-01-23 11:01:08,clusterB,8,4,2,2,0.50,0.5,0.5,0.0,0.0,0.0
2026-01-23 11:01:13,clusterA,8,4,3,1,0.75,0.5,0.5,0.0,0.0,0.0
2026-01-23 11:01:13,clusterB,8,4,2,2,0.50,0.5,0.5,0.0,0.0,0.0
2026-01-23 11:01:18,clusterA,8,4,3,1,0.75,0.5,0.5,0.0,0.0,0.0
2026-01-23 11:01:18,clusterB,8,4,2,2,0.50,0.5,0.5,0.0,0.0,0.0
2026-01-23 11:01:23,clusterA,8,4,3,1,0.75,0.5,0.5,0.0,0.0,0.0
2026-01-23 11:01:23,clusterB,8,4,2,2,0.50,0.5,0.5,0.0,0.0,0.0
2026-01-23 11:01:28,clusterA,8,4,3,1,0.75,0.5,0.5,0.0,0.0,0.0
2026-01-23 11:01:28,clusterB,8,4,2,2,0.50,0.5,0.5,0.0,0.0,0.0
2026-01-23 11:01:33,clusterA,8,4,3,1,0.75,0.5,0.5,0.0,0.0,0.0
2026-01-23 11:01:33,clusterB,8,4,2,2,0.50,0.5,0.5,0.0,0.0,0.0
2026-01-23 11:01:38,clusterA,8,4,3,1,0.75,0.5,0.5,0.0,0.0,0.0
2026-01-23 11:01:38,clusterB,8,4,2,2,0.50,0.5,0.5,0.0,0.0,0.0
2026-01-23 11:01:43,clusterA,8,4,3,1,0.75,0.5,0.5,0.0,0.0,0.0
2026-01-23 11:01:43,clusterB,8,4,2,2,0.50,0.5,0.5,0.0,0.0,0.0
2026-01-23 11:01:48,clusterA,8,4,3,1,0.75,0.5,0.5,0.0,0.0,0.0
2026-01-23 11:01:48,clusterB,8,4,2,2,0.50,0.5,0.5,0.0,0.0,0.0
2026-01-23 11:01:53,clusterA,8,4,3,1,0.75,0.5,0.5,0.0,0.0,0.0
2026-01-23 11:01:53,clusterB,8,4,2,2,0.50,0.5,0.5,0.0,0.0,0.0
2026-01-23 11:01:58,clusterA,8,4,3,1,0.75,0.5,0.5,0.0,0.0,0.0
2026-01-23 11:01:58,clusterB,8,4,2,2,0.50,0.5,0.5,0.0,0.0,0.0
2026-01-23 11:02:03,clusterA,8,4,3,1,0.75,0.5,0.5,0.0,0.0,0.0
2026-01-23 11:02:03,clusterB,8,4,2,2,0.50,0.5,0.5,0.0,0.0,0.0
2026-01-23 11:02:08,clusterA,8,4,3,1,0.75,0.5,0.5,0.0,0.0,0.0
2026-01-23 11:02:08,clusterB,8,4,2,2,0.50,0.5,0.5,0.0,0.0,0.0
2026-01-23 11:02:13,clusterA,8,4,3,1,0.75,0.5,0.5,0.0,0.0,0.0
2026-01-23 11:02:13,clusterB,8,4,2,2,0.50,0.5,0.5,0.0,0.0,0.0
2026-01-23 11:02:18,clusterA,8,4,3,1,0.75,0.5,0.5,0.0,0.0,0.0
2026-01-23 11:02:18,clusterB,8,4,2,2,0.50,0.5,0.5,0.0,0.0,0.0
2026-01-23 11:02:23,clusterA,8,4,3,1,0.75,0.5,0.5,0.0,0.0,0.0
2026-01-23 11:02:23,clusterB,8,4,2,2,0.50,0.5,0.5,0.0,0.0,0.0
2026-01-23 11:02:28,clusterA,8,4,3,1,0.75,0.5,0.5,0.0,0.0,0.0
2026-01-23 11:02:28,clusterB,8,4,2,2,0.50,0.5,0.5,0.0,0.0,0.0
2026-01-23 11:02:33,clusterA,8,4,3,1,0.75,0.5,0.5,0.0,0.0,0.0
2026-01-23 11:02:33,clusterB,8,4,2,2,0.50,0.5,0.5,0.0,0.0,0.0
2026-01-23 11:02:38,clusterA,8,4,3,1,0.75,0.5,0.5,0.0,0.0,0.0
2026-01-23 11:02:38,clusterB,8,4,2,2,0.50,0.5,0.5,0.0,0.0,0.0
2026-01-23 11:02:43,clusterA,8,4,3,1,0.75,0.5,0.5,0.0,0.0,0.0
2026-01-23 11:02:43,clusterB,8,4,2,2,0.50,0.5,0.5,0.0,0.0,0.0
2026-01-23 11:02:48,clusterA,8,4,3,1,0.75,0.5,0.5,0.0,0.0,0.0
2026-01-23 11:02:48,clusterB,8,4,2,2,0.50,0.5,0.5,0.0,0.0,0.0
2026-01-23 11:02:53,clusterA,8,4,3,1,0.75,0.5,0.5,0.0,0.0,0.0
2026-01-23 11:02:53,clusterB,8,4,0,4,0.00,0.5,0.5,0.0,0.0,0.0
2026-01-23 11:02:58,clusterA,6,4,4,0,1.00,0.5,0.5,0.0,0.0,0.0
2026-01-23 11:02:58,clusterB,6,4,4,0,1.00,0.5,0.5,0.0,0.0,0.0
2026-01-23 11:03:03,clusterA,6,4,4,0,1.00,0.5,0.5,0.0,0.0,0.0
2026-01-23 11:03:03,clusterB,6,4,4,0,1.00,0.5,0.5,0.0,0.0,0.0
2026-01-23 11:03:08,clusterA,6,4,4,0,1.00,0.5,0.5,0.0,0.0,0.0
2026-01-23 11:03:08,clusterB,6,4,4,0,1.00,0.5,0.5,0.0,0.0,0.0
2026-01-23 11:03:13,clusterA,6,4,4,0,1.00,0.5,0.5,0.0,0.0,0.0
2026-01-23 11:03:13,clusterB,6,4,4,0,1.00,0.5,0.5,0.0,0.0,0.0
2026-01-23 11:03:18,clusterA,6,4,4,0,1.00,0.5,0.5,0.0,0.0,0.0
2026-01-23 11:03:18,clusterB,6,4,4,0,1.00,0.5,0.5,0.0,0.0,0.0
2026-01-23 11:03:23,clusterA,6,4,4,0,1.00,0.5,0.5,0.0,0.0,0.0
2026-01-23 11:03:23,clusterB,6,4,4,0,1.00,0.5,0.5,0.0,0.0,0.0
2026-01-23 11:03:28,clusterA,6,4,4,0,1.00,0.5,0.5,0.0,0.0,0.0
2026-01-23 11:03:28,clusterB,6,4,4,0,1.00,0.5,0.5,0.0,0.0,0.0
2026-01-23 11:03:33,clusterA,6,4,4,0,1.00,0.5,0.5,0.0,0.0,0.0
2026-01-23 11:03:33,clusterB,6,4,4,0,1.00,0.5,0.5,0.0,0.0,0.0
2026-01-23 11:03:38,clusterA,6,4,4,0,1.00,0.5,0.5,0.0,0.0,0.0
2026-01-23 11:03:38,clusterB,6,4,4,0,1.00,0.5,0.5,0.0,0.0,0.0
2026-01-23 11:03:43,clusterA,6,4,4,0,1.00,0.5,0.5,0.0,0.0,0.0
2026-01-23 11:03:43,clusterB,6,4,4,0,1.00,0.5,0.5,0.0,0.0,0.0
2026-01-23 11:03:48,clusterA,6,4,4,0,1.00,0.5,0.5,0.0,0.0,0.0
2026-01-23 11:03:48,clusterB,6,4,4,0,1.00,0.5,0.5,0.0,0.0,0.0
2026-01-23 11:03:53,clusterA,6,4,4,0,1.00,0.5,0.5,0.0,0.0,0.0
2026-01-23 11:03:53,clusterB,6,4,4,0,1.00,0.5,0.5,0.0,0.0,0.0
2026-01-23 11:03:58,clusterA,6,4,4,0,1.00,0.5,0.5,0.0,0.0,0.0
2026-01-23 11:03:58,clusterB,6,4,4,0,1.00,0.5,0.5,0.0,0.0,0.0
2026-01-23 11:04:03,clusterA,6,4,4,0,1.00,0.5,0.5,0.0,0.0,0.0
2026-01-23 11:04:03,clusterB,6,4,4,0,1.00,0.5,0.5,0.0,0.0,0.0
2026-01-23 11:04:08,clusterA,6,4,4,0,1.00,0.5,0.5,0.0,0.0,0.0
2026-01-23 11:04:08,clusterB,6,4,4,0,1.00,0.5,0.5,0.0,0.0,0.0
2026-01-23 11:04:13,clusterA,6,4,4,0,1.00,0.5,0.5,0.0,0.0,0.0
2026-01-23 11:04:13,clusterB,6,4,4,0,1.00,0.5,0.5,0.0,0.0,0.0
2026-01-23 11:04:18,clusterA,6,4,4,0,1.00,0.5,0.5,0.0,0.0,0.0
2026-01-23 11:04:18,clusterB,6,4,4,0,1.00,0.5,0.5,0.0,0.0,0.0
2026-01-23 11:04:23,clusterA,6,4,4,0,1.00,0.5,0.5,0.0,0.0,0.0
2026-01-23 11:04:23,clusterB,6,4,4,0,1.00,0.5,0.5,0.0,0.0,0.0
2026-01-23 11:04:28,clusterA,6,4,4,0,1.00,0.5,0.5,0.0,0.0,0.0
2026-01-23 11:04:28,clusterB,6,4,4,0,1.00,0.5,0.5,0.0,0.0,0.0
2026-01-23 11:04:33,clusterA,6,4,4,0,1.00,0.5,0.5,0.0,0.0,0.0
2026-01-23 11:04:33,clusterB,6,4,4,0,1.00,0.5,0.5,0.0,0.0,0.0
2026-01-23 11:04:38,clusterA,6,4,4,0,1.00,0.5,0.5,0.0,0.0,0.0
2026-01-23 11:04:38,clusterB,6,4,4,0,1.00,0.5,0.5,0.0,0.0,0.0
2026-01-23 11:04:43,clusterA,6,4,4,0,1.00,0.5,0.5,0.0,0.0,0.0
2026-01-23 11:04:43,clusterB,6,4,4,0,1.00,0.5,0.5,0.0,0.0,0.0
2026-01-23 11:04:48,clusterA,6,4,4,0,1.00,0.5,0.5,0.0,0.0,0.0
2026-01-23 11:04:48,clusterB,6,4,4,0,1.00,0.5,0.5,0.0,0.0,0.0
2026-01-23 11:04:53,clusterA,6,4,4,0,1.00,0.5,0.5,0.0,0.0,0.0
2026-01-23 11:04:53,clusterB,6,4,4,0,1.00,0.5,0.5,0.0,0.0,0.0
2026-01-23 11:04:58,clusterA,6,4,4,0,1.00,0.5,0.5,0.0,0.0,0.0
2026-01-23 11:04:58,clusterB,6,4,4,0,1.00,0.5,0.5,0.0,0.0,0.0
2026-01-23 11:05:03,clusterA,6,4,4,0,1.00,0.5,0.5,0.0,0.0,0.0
2026-01-23 11:05:03,clusterB,6,4,4,0,1.00,0.5,0.5,0.0,0.0,0.0
2026-01-23 11:05:08,clusterA,6,4,4,0,1.00,0.5,0.5,0.0,0.0,0.0
2026-01-23 11:05:08,clusterB,6,4,4,0,1.00,0.5,0.5,0.0,0.0,0.0
2026-01-23 11:05:13,clusterA,6,4,4,0,1.00,0.5,0.5,0.0,0.0,0.0
2026-01-23 11:05:13,clusterB,6,4,4,0,1.00,0.5,0.5,0.0,0.0,0.0
2026-01-23 11:05:18,clusterA,6,4,4,0,1.00,0.5,0.5,0.0,0.0,0.0
2026-01-23 11:05:18,clusterB,6,4,4,0,1.00,0.5,0.5,0.0,0.0,0.0
2026-01-23 11:05:23,clusterA,6,4,4,0,1.00,0.5,0.5,0.0,0.0,0.0
2026-01-23 11:05:23,clusterB,6,4,4,0,1.00,0.5,0.5,0.0,0.0,0.0
2026-01-23 11:05:28,clusterA,6,4,4,0,1.00,0.5,0.5,0.0,0.0,0.0
2026-01-23 11:05:28,clusterB,6,4,4,0,1.00,0.5,0.5,0.0,0.0,0.0
2026-01-23 11:05:33,clusterA,6,4,4,0,1.00,0.5,0.5,0.0,0.0,0.0
2026-01-23 11:05:33,clusterB,6,4,4,0,1.00,0.5,0.5,0.0,0.0,0.0
2026-01-23 11:05:38,clusterA,6,4,4,0,1.00,0.5,0.5,0.0,0.0,0.0
2026-01-23 11:05:38,clusterB,6,4,4,0,1.00,0.5,0.5,0.0,0.0,0.0
2026-01-23 11:05:43,clusterA,6,4,4,0,1.00,0.5,0.5,0.0,0.0,0.0
2026-01-23 11:05:43,clusterB,6,4,4,0,1.00,0.5,0.5,0.0,0.0,0.0
2026-01-23 11:05:48,clusterA,6,4,4,0,1.00,0.5,0.5,0.0,0.0,0.0
2026-01-23 11:05:48,clusterB,6,4,4,0,1.00,0.5,0.5,0.0,0.0,0.0
2026-01-23 11:05:53,clusterA,6,4,4,0,1.00,0.5,0.5,0.0,0.0,0.0
2026-01-23 11:05:53,clusterB,6,4,4,0,1.00,0.5,0.5,0.0,0.0,0.0
2026-01-23 11:05:58,clusterA,6,4,4,0,1.00,0.5,0.5,0.0,0.0,0.0
2026-01-23 11:05:58,clusterB,6,4,4,0,1.00,0.5,0.5,0.0,0.0,0.0
2026-01-23 11:06:03,clusterA,6,4,4,0,1.00,0.5,0.5,0.0,0.0,0.0
2026-01-23 11:06:03,clusterB,6,4,4,0,1.00,0.5,0.5,0.0,0.0,0.0
2026-01-23 11:06:08,clusterA,6,4,4,0,1.00,0.5,0.5,0.0,0.0,0.0
2026-01-23 11:06:08,clusterB,6,4,4,0,1.00,0.5,0.5,0.0,0.0,0.0
2026-01-23 11:06:13,clusterA,6,4,4,0,1.00,0.5,0.5,0.0,0.0,0.0
2026-01-23 11:06:13,clusterB,6,4,4,0,1.00,0.5,0.5,0.0,0.0,0.0
2026-01-23 11:06:18,clusterA,6,4,4,0,1.00,0.5,0.5,0.0,0.0,0.0
2026-01-23 11:06:18,clusterB,6,4,4,0,1.00,0.5,0.5,0.0,0.0,0.0
2026-01-23 11:06:23,clusterA,6,4,4,0,1.00,0.5,0.5,0.0,0.0,0.0
2026-01-23 11:06:23,clusterB,6,4,4,0,1.00,0.5,0.5,0.0,0.0,0.0
2026-01-23 11:06:28,clusterA,6,4,4,0,1.00,0.5,0.5,0.0,0.0,0.0
2026-01-23 11:06:28,clusterB,6,4,4,0,1.00,0.5,0.5,0.0,0.0,0.0
2026-01-23 11:06:33,clusterA,6,4,4,0,1.00,0.5,0.5,0.0,0.0,0.0
2026-01-23 11:06:33,clusterB,6,4,4,0,1.00,0.5,0.5,0.0,0.0,0.0
2026-01-23 11:06:38,clusterA,6,4,4,0,1.00,0.5,0.5,0.0,0.0,0.0
2026-01-23 11:06:38,clusterB,6,4,4,0,1.00,0.5,0.5,0.0,0.0,0.0
2026-01-23 11:06:43,clusterA,6,4,4,0,1.00,0.5,0.5,0.0,0.0,0.0
2026-01-23 11:06:43,clusterB,6,4,4,0,1.00,0.5,0.5,0.0,0.0,0.0
2026-01-23 11:06:48,clusterA,6,4,4,0,1.00,0.5,0.5,0.0,0.0,0.0
2026-01-23 11:06:48,clusterB,6,4,4,0,1.00,0.5,0.5,0.0,0.0,0.0
2026-01-23 11:06:53,clusterA,6,4,4,0,1.00,0.5,0.5,0.0,0.0,0.0
2026-01-23 11:06:53,clusterB,6,4,4,0,1.00,0.5,0.5,0.0,0.0,0.0
2026-01-23 11:06:58,clusterA,6,4,4,0,1.00,0.5,0.5,0.0,0.0,0.0
2026-01-23 11:06:58,clusterB,6,4,4,0,1.00,0.5,0.5,0.0,0.0,0.0
2026-01-23 11:07:03,clusterA,6,4,4,0,1.00,0.5,0.5,0.0,0.0,0.0
2026-01-23 11:07:03,clusterB,6,4,4,0,1.00,0.5,0.5,0.0,0.0,0.0
2026-01-23 11:07:08,clusterA,6,4,4,0,1.00,0.5,0.5,0.0,0.0,0.0
2026-01-23 11:07:08,clusterB,6,4,4,0,1.00,0.5,0.5,0.0,0.0,0.0
2026-01-23 11:07:13,clusterA,6,4,4,0,1.00,0.5,0.5,0.0,0.0,0.0
2026-01-23 11:07:13,clusterB,6,4,4,0,1.00,0.5,0.5,0.0,0.0,0.0
2026-01-23 11:07:18,clusterA,6,4,4,0,1.00,0.5,0.5,0.0,0.0,0.0
2026-01-23 11:07:18,clusterB,6,4,4,0,1.00,0.5,0.5,0.0,0.0,0.0
2026-01-23 11:07:23,clusterA,6,4,4,0,1.00,0.5,0.5,0.0,0.0,0.0
2026-01-23 11:07:23,clusterB,6,4,4,0,1.00,0.5,0.5,0.0,0.0,0.0
2026-01-23 11:07:28,clusterA,6,4,4,0,1.00,0.5,0.5,0.0,0.0,0.0
2026-01-23 11:07:28,clusterB,6,4,4,0,1.00,0.5,0.5,0.0,0.0,0.0
2026-01-23 11:07:33,clusterA,6,4,4,0,1.00,0.5,0.5,0.0,0.0,0.0
2026-01-23 11:07:33,clusterB,6,4,4,0,1.00,0.5,0.5,0.0,0.0,0.0
2026-01-23 11:07:38,clusterA,6,4,4,0,1.00,0.5,0.5,0.0,0.0,0.0
2026-01-23 11:07:38,clusterB,6,4,4,0,1.00,0.5,0.5,0.0,0.0,0.0
2026-01-23 11:07:43,clusterA,6,4,4,0,1.00,0.5,0.5,0.0,0.0,0.0
2026-01-23 11:07:43,clusterB,6,4,4,0,1.00,0.5,0.5,0.0,0.0,0.0
2026-01-23 11:07:48,clusterA,6,4,4,0,1.00,0.5,0.5,0.0,0.0,0.0
2026-01-23 11:07:48,clusterB,6,4,4,0,1.00,0.5,0.5,0.0,0.0,0.0
2026-01-23 11:07:53,clusterA,6,4,4,0,1.00,0.5,0.5,0.0,0.0,0.0
2026-01-23 11:07:53,clusterB,6,4,4,0,1.00,0.5,0.5,0.0,0.0,0.0
2026-01-23 11:07:58,clusterA,6,4,4,0,1.00,0.5,0.5,0.0,0.0,0.0
2026-01-23 11:07:58,clusterB,6,4,4,0,1.00,0.5,0.5,0.0,0.0,0.0
2026-01-23 11:08:03,clusterA,6,4,4,0,1.00,0.5,0.5,0.0,0.0,0.0
2026-01-23 11:08:03,clusterB,6,4,4,0,1.00,0.5,0.5,0.0,0.0,0.0
2026-01-23 11:08:08,clusterA,6,4,3,1,0.75,0.5,0.5,0.0,0.0,0.0
2026-01-23 11:08:08,clusterB,6,4,4,0,1.00,0.5,0.5,0.0,0.0,0.0
2026-01-23 11:08:13,clusterA,5,4,4,0,1.00,0.5,0.5,0.0,0.0,0.0
2026-01-23 11:08:13,clusterB,5,4,4,0,1.00,0.5,0.5,0.0,0.0,0.0
2026-01-23 11:08:18,clusterA,5,4,4,0,1.00,0.5,0.5,0.0,0.0,0.0
2026-01-23 11:08:18,clusterB,5,4,4,0,1.00,0.5,0.5,0.0,0.0,0.0
2026-01-23 11:08:23,clusterA,5,4,4,0,1.00,0.5,0.5,0.0,0.0,0.0
2026-01-23 11:08:23,clusterB,5,4,4,0,1.00,0.5,0.5,0.0,0.0,0.0
2026-01-23 11:08:28,clusterA,5,4,4,0,1.00,0.5,0.5,0.0,0.0,0.0
2026-01-23 11:08:28,clusterB,5,4,4,0,1.00,0.5,0.5,0.0,0.0,0.0
2026-01-23 11:08:33,clusterA,5,4,4,0,1.00,0.5,0.5,0.0,0.0,0.0
2026-01-23 11:08:33,clusterB,5,4,4,0,1.00,0.5,0.5,0.0,0.0,0.0
2026-01-23 11:08:38,clusterA,5,4,4,0,1.00,0.5,0.5,0.0,0.0,0.0
2026-01-23 11:08:38,clusterB,5,4,4,0,1.00,0.5,0.5,0.0,0.0,0.0
2026-01-23 11:08:43,clusterA,5,4,4,0,1.00,0.5,0.5,0.0,0.0,0.0
2026-01-23 11:08:43,clusterB,5,4,4,0,1.00,0.5,0.5,0.0,0.0,0.0
2026-01-23 11:08:48,clusterA,5,4,4,0,1.00,0.5,0.5,0.0,0.0,0.0
2026-01-23 11:08:48,clusterB,5,4,4,0,1.00,0.5,0.5,0.0,0.0,0.0
2026-01-23 11:08:53,clusterA,5,4,4,0,1.00,0.5,0.5,0.0,0.0,0.0
2026-01-23 11:08:53,clusterB,5,4,4,0,1.00,0.5,0.5,0.0,0.0,0.0
2026-01-23 11:08:58,clusterA,5,4,4,0,1.00,0.5,0.5,0.0,0.0,0.0
2026-01-23 11:08:58,clusterB,5,4,4,0,1.00,0.5,0.5,0.0,0.0,0.0
2026-01-23 11:09:03,clusterA,5,4,4,0,1.00,0.5,0.5,0.0,0.0,0.0
2026-01-23 11:09:03,clusterB,5,4,4,0,1.00,0.5,0.5,0.0,0.0,0.0
2026-01-23 11:09:08,clusterA,5,4,4,0,1.00,0.5,0.5,0.0,0.0,0.0
2026-01-23 11:09:08,clusterB,5,4,4,0,1.00,0.5,0.5,0.0,0.0,0.0
2026-01-23 11:09:13,clusterA,5,4,4,0,1.00,0.5,0.5,0.0,0.0,0.0
2026-01-23 11:09:13,clusterB,5,4,4,0,1.00,0.5,0.5,0.0,0.0,0.0
2026-01-23 11:09:18,clusterA,5,4,4,0,1.00,0.5,0.5,0.0,0.0,0.0
2026-01-23 11:09:18,clusterB,5,4,4,0,1.00,0.5,0.5,0.0,0.0,0.0
2026-01-23 11:09:23,clusterA,5,4,4,0,1.00,0.5,0.5,0.0,0.0,0.0
2026-01-23 11:09:23,clusterB,5,4,4,0,1.00,0.5,0.5,0.0,0.0,0.0
2026-01-23 11:09:29,clusterA,5,4,4,0,1.00,0.5,0.5,0.0,0.0,0.0
2026-01-23 11:09:29,clusterB,5,4,4,0,1.00,0.5,0.5,0.0,0.0,0.0
2026-01-23 11:09:34,clusterA,5,4,4,0,1.00,0.5,0.5,0.0,0.0,0.0
2026-01-23 11:09:34,clusterB,5,4,4,0,1.00,0.5,0.5,0.0,0.0,0.0
2026-01-23 11:09:39,clusterA,5,4,4,0,1.00,0.5,0.5,0.0,0.0,0.0
2026-01-23 11:09:39,clusterB,5,4,4,0,1.00,0.5,0.5,0.0,0.0,0.0
2026-01-23 11:09:44,clusterA,5,4,4,0,1.00,0.5,0.5,0.0,0.0,0.0
2026-01-23 11:09:44,clusterB,5,4,4,0,1.00,0.5,0.5,0.0,0.0,0.0
2026-01-23 11:09:49,clusterA,5,4,4,0,1.00,0.5,0.5,0.0,0.0,0.0
2026-01-23 11:09:49,clusterB,5,4,4,0,1.00,0.5,0.5,0.0,0.0,0.0
2026-01-23 11:09:54,clusterA,5,4,4,0,1.00,0.5,0.5,0.0,0.0,0.0
2026-01-23 11:09:54,clusterB,5,4,4,0,1.00,0.5,0.5,0.0,0.0,0.0
2026-01-23 11:09:59,clusterA,5,4,4,0,1.00,0.5,0.5,0.0,0.0,0.0
2026-01-23 11:09:59,clusterB,5,4,4,0,1.00,0.5,0.5,0.0,0.0,0.0
2026-01-23 11:10:04,clusterA,5,4,4,0,1.00,0.5,0.5,0.0,0.0,0.0
2026-01-23 11:10:04,clusterB,5,4,4,0,1.00,0.5,0.5,0.0,0.0,0.0
2026-01-23 11:10:09,clusterA,5,4,4,0,1.00,0.5,0.5,0.0,0.0,0.0
2026-01-23 11:10:09,clusterB,5,4,4,0,1.00,0.5,0.5,0.0,0.0,0.0
2026-01-23 11:10:14,clusterA,5,4,4,0,1.00,0.5,0.5,0.0,0.0,0.0
2026-01-23 11:10:14,clusterB,5,4,4,0,1.00,0.5,0.5,0.0,0.0,0.0
2026-01-23 11:10:19,clusterA,5,4,4,0,1.00,0.5,0.5,0.0,0.0,0.0
2026-01-23 11:10:19,clusterB,5,4,4,0,1.00,0.5,0.5,0.0,0.0,0.0
2026-01-23 11:10:24,clusterA,5,4,4,0,1.00,0.5,0.5,0.0,0.0,0.0
2026-01-23 11:10:24,clusterB,5,4,4,0,1.00,0.5,0.5,0.0,0.0,0.0
2026-01-23 11:10:29,clusterA,5,4,4,0,1.00,0.5,0.5,0.0,0.0,0.0
2026-01-23 11:10:29,clusterB,5,4,4,0,1.00,0.5,0.5,0.0,0.0,0.0
2026-01-23 11:10:34,clusterA,5,4,4,0,1.00,0.5,0.5,0.0,0.0,0.0
2026-01-23 11:10:34,clusterB,5,4,4,0,1.00,0.5,0.5,0.0,0.0,0.0
2026-01-23 11:10:39,clusterA,5,4,4,0,1.00,0.5,0.5,0.0,0.0,0.0
2026-01-23 11:10:39,clusterB,5,4,4,0,1.00,0.5,0.5,0.0,0.0,0.0
2026-01-23 11:10:44,clusterA,5,4,4,0,1.00,0.5,0.5,0.0,0.0,0.0
2026-01-23 11:10:44,clusterB,5,4,4,0,1.00,0.5,0.5,0.0,0.0,0.0
2026-01-23 11:10:49,clusterA,5,4,4,0,1.00,0.5,0.5,0.0,0.0,0.0
2026-01-23 11:10:49,clusterB,5,4,4,0,1.00,0.5,0.5,0.0,0.0,0.0
2026-01-23 11:10:54,clusterA,5,4,4,0,1.00,0.5,0.5,0.0,0.0,0.0
2026-01-23 11:10:54,clusterB,5,4,4,0,1.00,0.5,0.5,0.0,0.0,0.0
2026-01-23 11:10:59,clusterA,5,4,4,0,1.00,0.5,0.5,0.0,0.0,0.0
2026-01-23 11:10:59,clusterB,5,4,4,0,1.00,0.5,0.5,0.0,0.0,0.0
2026-01-23 11:11:04,clusterA,5,4,4,0,1.00,0.5,0.5,0.0,0.0,0.0
2026-01-23 11:11:04,clusterB,5,4,4,0,1.00,0.5,0.5,0.0,0.0,0.0
2026-01-23 11:11:09,clusterA,5,4,4,0,1.00,0.5,0.5,0.0,0.0,0.0
2026-01-23 11:11:09,clusterB,5,4,4,0,1.00,0.5,0.5,0.0,0.0,0.0
2026-01-23 11:11:14,clusterA,5,4,4,0,1.00,0.5,0.5,0.0,0.0,0.0
2026-01-23 11:11:14,clusterB,5,4,4,0,1.00,0.5,0.5,0.0,0.0,0.0
2026-01-23 11:11:19,clusterA,5,4,4,0,1.00,0.5,0.5,0.0,0.0,0.0
2026-01-23 11:11:19,clusterB,5,4,4,0,1.00,0.5,0.5,0.0,0.0,0.0
2026-01-23 11:11:24,clusterA,5,4,4,0,1.00,0.5,0.5,0.0,0.0,0.0
2026-01-23 11:11:24,clusterB,5,4,4,0,1.00,0.5,0.5,0.0,0.0,0.0
2026-01-23 11:11:29,clusterA,5,4,4,0,1.00,0.5,0.5,0.0,0.0,0.0
2026-01-23 11:11:29,clusterB,5,4,4,0,1.00,0.5,0.5,0.0,0.0,0.0
2026-01-23 11:11:34,clusterA,5,4,4,0,1.00,0.5,0.5,0.0,0.0,0.0
2026-01-23 11:11:34,clusterB,5,4,4,0,1.00,0.5,0.5,0.0,0.0,0.0
2026-01-23 11:11:39,clusterA,5,4,4,0,1.00,0.5,0.5,0.0,0.0,0.0
2026-01-23 11:11:39,clusterB,5,4,4,0,1.00,0.5,0.5,0.0,0.0,0.0
2026-01-23 11:11:44,clusterA,5,4,4,0,1.00,0.5,0.5,0.0,0.0,0.0
2026-01-23 11:11:44,clusterB,5,4,4,0,1.00,0.5,0.5,0.0,0.0,0.0
2026-01-23 11:11:49,clusterA,5,4,4,0,1.00,0.5,0.5,0.0,0.0,0.0
2026-01-23 11:11:49,clusterB,5,4,4,0,1.00,0.5,0.5,0.0,0.0,0.0
2026-01-23 11:11:54,clusterA,5,4,4,0,1.00,0.5,0.5,0.0,0.0,0.0
2026-01-23 11:11:54,clusterB,5,4,4,0,1.00,0.5,0.5,0.0,0.0,0.0
2026-01-23 11:11:59,clusterA,5,4,4,0,1.00,0.5,0.5,0.0,0.0,0.0
2026-01-23 11:11:59,clusterB,5,4,4,0,1.00,0.5,0.5,0.0,0.0,0.0
2026-01-23 11:12:04,clusterA,5,4,4,0,1.00,0.5,0.5,0.0,0.0,0.0
2026-01-23 11:12:04,clusterB,5,4,4,0,1.00,0.5,0.5,0.0,0.0,0.0
2026-01-23 11:12:09,clusterA,5,4,4,0,1.00,0.5,0.5,0.0,0.0,0.0
2026-01-23 11:12:09,clusterB,5,4,4,0,1.00,0.5,0.5,0.0,0.0,0.0
2026-01-23 11:12:14,clusterA,5,4,4,0,1.00,0.5,0.5,0.0,0.0,0.0
2026-01-23 11:12:14,clusterB,5,4,4,0,1.00,0.5,0.5,0.0,0.0,0.0
2026-01-23 11:12:19,clusterA,5,4,4,0,1.00,0.5,0.5,0.0,0.0,0.0
2026-01-23 11:12:19,clusterB,5,4,4,0,1.00,0.5,0.5,0.0,0.0,0.0
2026-01-23 11:12:24,clusterA,5,4,4,0,1.00,0.5,0.5,0.0,0.0,0.0
2026-01-23 11:12:24,clusterB,5,4,4,0,1.00,0.5,0.5,0.0,0.0,0.0
2026-01-23 11:12:29,clusterA,5,4,4,0,1.00,0.5,0.5,0.0,0.0,0.0
2026-01-23 11:12:29,clusterB,5,4,4,0,1.00,0.5,0.5,0.0,0.0,0.0
2026-01-23 11:12:34,clusterA,5,4,4,0,1.00,0.5,0.5,0.0,0.0,0.0
2026-01-23 11:12:34,clusterB,5,4,4,0,1.00,0.5,0.5,0.0,0.0,0.0
2026-01-23 11:12:39,clusterA,5,4,4,0,1.00,0.5,0.5,0.0,0.0,0.0
2026-01-23 11:12:39,clusterB,5,4,4,0,1.00,0.5,0.5,0.0,0.0,0.0
2026-01-23 11:12:44,clusterA,5,4,4,0,1.00,0.5,0.5,0.0,0.0,0.0
2026-01-23 11:12:44,clusterB,5,4,4,0,1.00,0.5,0.5,0.0,0.0,0.0
2026-01-23 11:12:49,clusterA,5,4,4,0,1.00,0.5,0.5,0.0,0.0,0.0
2026-01-23 11:12:49,clusterB,5,4,4,0,1.00,0.5,0.5,0.0,0.0,0.0
2026-01-23 11:12:54,clusterA,5,4,4,0,1.00,0.5,0.5,0.0,0.0,0.0
2026-01-23 11:12:54,clusterB,5,4,4,0,1.00,0.5,0.5,0.0,0.0,0.0
2026-01-23 11:12:59,clusterA,5,4,4,0,1.00,0.5,0.5,0.0,0.0,0.0
2026-01-23 11:12:59,clusterB,5,4,4,0,1.00,0.5,0.5,0.0,0.0,0.0
2026-01-23 11:13:04,clusterA,5,4,4,0,1.00,0.5,0.5,0.0,0.0,0.0
2026-01-23 11:13:04,clusterB,5,4,4,0,1.00,0.5,0.5,0.0,0.0,0.0
2026-01-23 11:13:09,clusterA,5,4,4,0,1.00,0.5,0.5,0.0,0.0,0.0
2026-01-23 11:13:09,clusterB,5,4,4,0,1.00,0.5,0.5,0.0,0.0,0.0
2026-01-23 11:13:14,clusterA,5,4,4,0,1.00,0.5,0.5,0.0,0.0,0.0
2026-01-23 11:13:14,clusterB,5,4,4,0,1.00,0.5,0.5,0.0,0.0,0.0
2026-01-23 11:13:19,clusterA,5,4,4,0,1.00,0.5,0.5,0.0,0.0,0.0
2026-01-23 11:13:19,clusterB,5,4,4,0,1.00,0.5,0.5,0.0,0.0,0.0
2026-01-23 11:13:24,clusterA,5,4,4,0,1.00,0.5,0.5,0.0,0.0,0.0
2026-01-23 11:13:24,clusterB,5,4,4,0,1.00,0.5,0.5,0.0,0.0,0.0
2026-01-23 11:13:29,clusterA,5,4,4,0,1.00,0.5,0.5,0.0,0.0,0.0
2026-01-23 11:13:29,clusterB,5,4,4,0,1.00,0.5,0.5,0.0,0.0,0.0
2026-01-23 11:13:34,clusterA,5,4,4,0,1.00,0.5,0.5,0.0,0.0,0.0
2026-01-23 11:13:34,clusterB,5,4,4,0,1.00,0.5,0.5,0.0,0.0,0.0
2026-01-23 11:13:39,clusterA,5,4,4,0,1.00,0.5,0.5,0.0,0.0,0.0
2026-01-23 11:13:39,clusterB,5,4,4,0,1.00,0.5,0.5,0.0,0.0,0.0
2026-01-23 11:13:44,clusterA,5,4,4,0,1.00,0.5,0.5,0.0,0.0,0.0
2026-01-23 11:13:44,clusterB,5,4,4,0,1.00,0.5,0.5,0.0,0.0,0.0
2026-01-23 11:13:49,clusterA,5,4,4,0,1.00,0.5,0.5,0.0,0.0,0.0
2026-01-23 11:13:49,clusterB,5,4,4,0,1.00,0.5,0.5,0.0,0.0,0.0
2026-01-23 11:13:54,clusterA,5,4,4,0,1.00,0.5,0.5,0.0,0.0,0.0
2026-01-23 11:13:54,clusterB,5,4,4,0,1.00,0.5,0.5,0.0,0.0,0.0
2026-01-23 11:13:59,clusterA,5,4,4,0,1.00,0.5,0.5,0.0,0.0,0.0
2026-01-23 11:13:59,clusterB,5,4,4,0,1.00,0.5,0.5,0.0,0.0,0.0
2026-01-23 11:14:04,clusterA,5,4,4,0,1.00,0.5,0.5,0.0,0.0,0.0
2026-01-23 11:14:04,clusterB,5,4,4,0,1.00,0.5,0.5,0.0,0.0,0.0
2026-01-23 11:14:09,clusterA,5,4,4,0,1.00,0.5,0.5,0.0,0.0,0.0
2026-01-23 11:14:09,clusterB,5,4,4,0,1.00,0.5,0.5,0.0,0.0,0.0
2026-01-23 11:14:14,clusterA,5,4,4,0,1.00,0.5,0.5,0.0,0.0,0.0
2026-01-23 11:14:14,clusterB,5,4,4,0,1.00,0.5,0.5,0.0,0.0,0.0
2026-01-23 11:14:19,clusterA,5,4,4,0,1.00,0.5,0.5,0.0,0.0,0.0
2026-01-23 11:14:19,clusterB,5,4,4,0,1.00,0.5,0.5,0.0,0.0,0.0
2026-01-23 11:14:24,clusterA,5,4,4,0,1.00,0.5,0.5,0.0,0.0,0.0
2026-01-23 11:14:24,clusterB,5,4,4,0,1.00,0.5,0.5,0.0,0.0,0.0
2026-01-23 11:14:29,clusterA,5,4,4,0,1.00,0.5,0.5,0.0,0.0,0.0
2026-01-23 11:14:29,clusterB,5,4,4,0,1.00,0.5,0.5,0.0,0.0,0.0
2026-01-23 11:14:34,clusterA,5,4,4,0,1.00,0.5,0.5,0.0,0.0,0.0
2026-01-23 11:14:34,clusterB,5,4,4,0,1.00,0.5,0.5,0.0,0.0,0.0
2026-01-23 11:14:39,clusterA,5,4,4,0,1.00,0.5,0.5,0.0,0.0,0.0
2026-01-23 11:14:39,clusterB,5,4,4,0,1.00,0.5,0.5,0.0,0.0,0.0
2026-01-23 11:14:44,clusterA,5,4,4,0,1.00,0.5,0.5,0.0,0.0,0.0
2026-01-23 11:14:44,clusterB,5,4,4,0,1.00,0.5,0.5,0.0,0.0,0.0
2026-01-23 11:14:49,clusterA,5,4,4,0,1.00,0.5,0.5,0.0,0.0,0.0
2026-01-23 11:14:49,clusterB,5,4,4,0,1.00,0.5,0.5,0.0,0.0,0.0
2026-01-23 11:14:54,clusterA,5,4,4,0,1.00,0.5,0.5,0.0,0.0,0.0
2026-01-23 11:14:54,clusterB,5,4,4,0,1.00,0.5,0.5,0.0,0.0,0.0
2026-01-23 11:14:59,clusterA,5,4,4,0,1.00,0.5,0.5,0.0,0.0,0.0
2026-01-23 11:14:59,clusterB,5,4,4,0,1.00,0.5,0.5,0.0,0.0,0.0
2026-01-23 11:15:04,clusterA,5,4,4,0,1.00,0.5,0.5,0.0,0.0,0.0
2026-01-23 11:15:04,clusterB,5,4,4,0,1.00,0.5,0.5,0.0,0.0,0.0
2026-01-23 11:15:09,clusterA,5,4,4,0,1.00,0.5,0.5,0.0,0.0,0.0
2026-01-23 11:15:09,clusterB,5,4,4,0,1.00,0.5,0.5,0.0,0.0,0.0
2026-01-23 11:15:14,clusterA,5,4,4,0,1.00,0.5,0.5,0.0,0.0,0.0
2026-01-23 11:15:14,clusterB,5,4,4,0,1.00,0.5,0.5,0.0,0.0,0.0
2026-01-23 11:15:19,clusterA,5,4,4,0,1.00,0.5,0.5,0.0,0.0,0.0
2026-01-23 11:15:19,clusterB,5,4,4,0,1.00,0.5,0.5,0.0,0.0,0.0
2026-01-23 11:15:24,clusterA,5,4,4,0,1.00,0.5,0.5,0.0,0.0,0.0
2026-01-23 11:15:24,clusterB,5,4,4,0,1.00,0.5,0.5,0.0,0.0,0.0
2026-01-23 11:15:29,clusterA,5,4,4,0,1.00,0.5,0.5,0.0,0.0,0.0
2026-01-23 11:15:29,clusterB,5,4,4,0,1.00,0.5,0.5,0.0,0.0,0.0
2026-01-23 11:15:34,clusterA,5,4,4,0,1.00,0.5,0.5,0.0,0.0,0.0
2026-01-23 11:15:34,clusterB,5,4,4,0,1.00,0.5,0.5,0.0,0.0,0.0
2026-01-23 11:15:39,clusterA,5,4,4,0,1.00,0.5,0.5,0.0,0.0,0.0
2026-01-23 11:15:39,clusterB,5,4,4,0,1.00,0.5,0.5,0.0,0.0,0.0
2026-01-23 11:15:44,clusterA,5,4,4,0,1.00,0.5,0.5,0.0,0.0,0.0
2026-01-23 11:15:44,clusterB,5,4,4,0,1.00,0.5,0.5,0.0,0.0,0.0
2026-01-23 11:15:49,clusterA,5,4,4,0,1.00,0.5,0.5,0.0,0.0,0.0
2026-01-23 11:15:49,clusterB,5,4,4,0,1.00,0.5,0.5,0.0,0.0,0.0
2026-01-23 11:15:54,clusterA,5,4,4,0,1.00,0.5,0.5,0.0,0.0,0.0
2026-01-23 11:15:54,clusterB,5,4,4,0,1.00,0.5,0.5,0.0,0.0,0.0
2026-01-23 11:15:59,clusterA,5,4,4,0,1.00,0.5,0.5,0.0,0.0,0.0
2026-01-23 11:15:59,clusterB,5,4,4,0,1.00,0.5,0.5,0.0,0.0,0.0
2026-01-23 11:16:04,clusterA,5,4,4,0,1.00,0.5,0.5,0.0,0.0,0.0
2026-01-23 11:16:04,clusterB,5,4,4,0,1.00,0.5,0.5,0.0,0.0,0.0
2026-01-23 11:16:09,clusterA,5,4,4,0,1.00,0.5,0.5,0.0,0.0,0.0
2026-01-23 11:16:09,clusterB,5,4,4,0,1.00,0.5,0.5,0.0,0.0,0.0
2026-01-23 11:16:14,clusterA,5,4,4,0,1.00,0.5,0.5,0.0,0.0,0.0
2026-01-23 11:16:14,clusterB,5,4,4,0,1.00,0.5,0.5,0.0,0.0,0.0
2026-01-23 11:16:19,clusterA,5,4,4,0,1.00,0.5,0.5,0.0,0.0,0.0
2026-01-23 11:16:19,clusterB,5,4,4,0,1.00,0.5,0.5,0.0,0.0,0.0
2026-01-23 11:16:24,clusterA,5,4,4,0,1.00,0.5,0.5,0.0,0.0,0.0
2026-01-23 11:16:24,clusterB,5,4,4,0,1.00,0.5,0.5,0.0,0.0,0.0
2026-01-23 11:16:29,clusterA,5,4,4,0,1.00,0.5,0.5,0.0,0.0,0.0
2026-01-23 11:16:29,clusterB,5,4,4,0,1.00,0.5,0.5,0.0,0.0,0.0
2026-01-23 11:16:34,clusterA,5,4,4,0,1.00,0.5,0.5,0.0,0.0,0.0
2026-01-23 11:16:34,clusterB,5,4,4,0,1.00,0.5,0.5,0.0,0.0,0.0
2026-01-23 11:16:39,clusterA,5,4,4,0,1.00,0.5,0.5,0.0,0.0,0.0
2026-01-23 11:16:39,clusterB,5,4,4,0,1.00,0.5,0.5,0.0,0.0,0.0
2026-01-23 11:16:44,clusterA,5,4,4,0,1.00,0.5,0.5,0.0,0.0,0.0
2026-01-23 11:16:44,clusterB,5,4,4,0,1.00,0.5,0.5,0.0,0.0,0.0
2026-01-23 11:16:49,clusterA,5,4,4,0,1.00,0.5,0.5,0.0,0.0,0.0
2026-01-23 11:16:49,clusterB,5,4,4,0,1.00,0.5,0.5,0.0,0.0,0.0
2026-01-23 11:16:54,clusterA,5,4,4,0,1.00,0.5,0.5,0.0,0.0,0.0
2026-01-23 11:16:54,clusterB,5,4,4,0,1.00,0.5,0.5,0.0,0.0,0.0
2026-01-23 11:16:59,clusterA,5,4,4,0,1.00,0.5,0.5,0.0,0.0,0.0
2026-01-23 11:16:59,clusterB,5,4,4,0,1.00,0.5,0.5,0.0,0.0,0.0
2026-01-23 11:17:04,clusterA,5,4,4,0,1.00,0.5,0.5,0.0,0.0,0.0
2026-01-23 11:17:04,clusterB,5,4,4,0,1.00,0.5,0.5,0.0,0.0,0.0
2026-01-23 11:17:09,clusterA,5,4,4,0,1.00,0.5,0.5,0.0,0.0,0.0
2026-01-23 11:17:09,clusterB,5,4,4,0,1.00,0.5,0.5,0.0,0.0,0.0
2026-01-23 11:17:14,clusterA,5,4,4,0,1.00,0.5,0.5,0.0,0.0,0.0
2026-01-23 11:17:14,clusterB,5,4,4,0,1.00,0.5,0.5,0.0,0.0,0.0
2026-01-23 11:17:19,clusterA,5,4,4,0,1.00,0.5,0.5,0.0,0.0,0.0
2026-01-23 11:17:19,clusterB,5,4,4,0,1.00,0.5,0.5,0.0,0.0,0.0
2026-01-23 11:17:24,clusterA,5,4,4,0,1.00,0.5,0.5,0.0,0.0,0.0
2026-01-23 11:17:24,clusterB,5,4,4,0,1.00,0.5,0.5,0.0,0.0,0.0
2026-01-23 11:17:29,clusterA,5,4,4,0,1.00,0.5,0.5,0.0,0.0,0.0
2026-01-23 11:17:29,clusterB,5,4,4,0,1.00,0.5,0.5,0.0,0.0,0.0
2026-01-23 11:17:34,clusterA,5,4,4,0,1.00,0.5,0.5,0.0,0.0,0.0
2026-01-23 11:17:34,clusterB,5,4,4,0,1.00,0.5,0.5,0.0,0.0,0.0
2026-01-23 11:17:39,clusterA,5,4,4,0,1.00,0.5,0.5,0.0,0.0,0.0
2026-01-23 11:17:39,clusterB,5,4,4,0,1.00,0.5,0.5,0.0,0.0,0.0
2026-01-23 11:17:44,clusterA,5,4,4,0,1.00,0.5,0.5,0.0,0.0,0.0
2026-01-23 11:17:44,clusterB,5,4,4,0,1.00,0.5,0.5,0.0,0.0,0.0
2026-01-23 11:17:49,clusterA,5,4,4,0,1.00,0.5,0.5,0.0,0.0,0.0
2026-01-23 11:17:49,clusterB,5,4,4,0,1.00,0.5,0.5,0.0,0.0,0.0
2026-01-23 11:17:54,clusterA,5,4,4,0,1.00,0.5,0.5,0.0,0.0,0.0
2026-01-23 11:17:54,clusterB,5,4,4,0,1.00,0.5,0.5,0.0,0.0,0.0
2026-01-23 11:17:59,clusterA,5,4,4,0,1.00,0.5,0.5,0.0,0.0,0.0
2026-01-23 11:17:59,clusterB,5,4,4,0,1.00,0.5,0.5,0.0,0.0,0.0
2026-01-23 11:18:04,clusterA,5,4,4,0,1.00,0.5,0.5,0.0,0.0,0.0
2026-01-23 11:18:04,clusterB,5,4,4,0,1.00,0.5,0.5,0.0,0.0,0.0
2026-01-23 11:18:09,clusterA,5,4,4,0,1.00,0.5,0.5,0.0,0.0,0.0
2026-01-23 11:18:09,clusterB,5,4,4,0,1.00,0.5,0.5,0.0,0.0,0.0
2026-01-23 11:18:14,clusterA,5,4,4,0,1.00,0.5,0.5,0.0,0.0,0.0
2026-01-23 11:18:14,clusterB,5,4,4,0,1.00,0.5,0.5,0.0,0.0,0.0
2026-01-23 11:18:19,clusterA,5,4,4,0,1.00,0.5,0.5,0.0,0.0,0.0
2026-01-23 11:18:19,clusterB,5,4,4,0,1.00,0.5,0.5,0.0,0.0,0.0
2026-01-23 11:18:24,clusterA,5,4,4,0,1.00,0.5,0.5,0.0,0.0,0.0
2026-01-23 11:18:24,clusterB,5,4,4,0,1.00,0.5,0.5,0.0,0.0,0.0
2026-01-23 11:18:29,clusterA,5,4,4,0,1.00,0.5,0.5,0.0,0.0,0.0
2026-01-23 11:18:29,clusterB,5,4,4,0,1.00,0.5,0.5,0.0,0.0,0.0
2026-01-23 11:18:34,clusterA,5,4,4,0,1.00,0.5,0.5,0.0,0.0,0.0
2026-01-23 11:18:34,clusterB,5,4,4,0,1.00,0.5,0.5,0.0,0.0,0.0
2026-01-23 11:18:39,clusterA,5,4,4,0,1.00,0.5,0.5,0.0,0.0,0.0
2026-01-23 11:18:39,clusterB,5,4,4,0,1.00,0.5,0.5,0.0,0.0,0.0
2026-01-23 11:18:44,clusterA,5,4,4,0,1.00,0.5,0.5,0.0,0.0,0.0
2026-01-23 11:18:44,clusterB,5,4,4,0,1.00,0.5,0.5,0.0,0.0,0.0
2026-01-23 11:18:49,clusterA,5,4,4,0,1.00,0.5,0.5,0.0,0.0,0.0
2026-01-23 11:18:49,clusterB,5,4,4,0,1.00,0.5,0.5,0.0,0.0,0.0
2026-01-23 11:18:54,clusterA,5,4,4,0,1.00,0.5,0.5,0.0,0.0,0.0
2026-01-23 11:18:54,clusterB,5,4,4,0,1.00,0.5,0.5,0.0,0.0,0.0
2026-01-23 11:18:59,clusterA,5,4,4,0,1.00,0.5,0.5,0.0,0.0,0.0
2026-01-23 11:18:59,clusterB,5,4,4,0,1.00,0.5,0.5,0.0,0.0,0.0
2026-01-23 11:19:04,clusterA,5,4,4,0,1.00,0.5,0.5,0.0,0.0,0.0
2026-01-23 11:19:04,clusterB,5,4,4,0,1.00,0.5,0.5,0.0,0.0,0.0
2026-01-23 11:19:09,clusterA,5,4,4,0,1.00,0.5,0.5,0.0,0.0,0.0
2026-01-23 11:19:09,clusterB,5,4,4,0,1.00,0.5,0.5,0.0,0.0,0.0
2026-01-23 11:19:14,clusterA,5,4,4,0,1.00,0.5,0.5,0.0,0.0,0.0
2026-01-23 11:19:14,clusterB,5,4,4,0,1.00,0.5,0.5,0.0,0.0,0.0
2026-01-23 11:19:19,clusterA,5,4,4,0,1.00,0.5,0.5,0.0,0.0,0.0
2026-01-23 11:19:19,clusterB,5,4,4,0,1.00,0.5,0.5,0.0,0.0,0.0
2026-01-23 11:19:24,clusterA,5,4,4,0,1.00,0.5,0.5,0.0,0.0,0.0
2026-01-23 11:19:24,clusterB,5,4,4,0,1.00,0.5,0.5,0.0,0.0,0.0
2026-01-23 11:19:29,clusterA,5,4,4,0,1.00,0.5,0.5,0.0,0.0,0.0
2026-01-23 11:19:29,clusterB,5,4,4,0,1.00,0.5,0.5,0.0,0.0,0.0
2026-01-23 11:19:34,clusterA,5,4,4,0,1.00,0.5,0.5,0.0,0.0,0.0
2026-01-23 11:19:34,clusterB,5,4,4,0,1.00,0.5,0.5,0.0,0.0,0.0
2026-01-23 11:19:39,clusterA,5,4,4,0,1.00,0.5,0.5,0.0,0.0,0.0
2026-01-23 11:19:39,clusterB,5,4,4,0,1.00,0.5,0.5,0.0,0.0,0.0
2026-01-23 11:19:44,clusterA,5,4,4,0,1.00,0.5,0.5,0.0,0.0,0.0
2026-01-23 11:19:44,clusterB,5,4,4,0,1.00,0.5,0.5,0.0,0.0,0.0
2026-01-23 11:19:49,clusterA,5,4,4,0,1.00,0.5,0.5,0.0,0.0,0.0
2026-01-23 11:19:49,clusterB,5,4,4,0,1.00,0.5,0.5,0.0,0.0,0.0
2026-01-23 11:19:54,clusterA,5,4,4,0,1.00,0.5,0.5,0.0,0.0,0.0
2026-01-23 11:19:54,clusterB,5,4,4,0,1.00,0.5,0.5,0.0,0.0,0.0
2026-01-23 11:19:59,clusterA,5,4,4,0,1.00,0.5,0.5,0.0,0.0,0.0
2026-01-23 11:19:59,clusterB,5,4,4,0,1.00,0.5,0.5,0.0,0.0,0.0
2026-01-23 11:20:04,clusterA,5,4,4,0,1.00,0.5,0.5,0.0,0.0,0.0
2026-01-23 11:20:04,clusterB,5,4,4,0,1.00,0.5,0.5,0.0,0.0,0.0
2026-01-23 11:20:09,clusterA,5,4,4,0,1.00,0.5,0.5,0.0,0.0,0.0
2026-01-23 11:20:09,clusterB,5,4,4,0,1.00,0.5,0.5,0.0,0.0,0.0
2026-01-23 11:20:14,clusterA,5,4,4,0,1.00,0.5,0.5,0.0,0.0,0.0
2026-01-23 11:20:14,clusterB,5,4,4,0,1.00,0.5,0.5,0.0,0.0,0.0
2026-01-23 11:20:19,clusterA,5,4,4,0,1.00,0.5,0.5,0.0,0.0,0.0
2026-01-23 11:20:19,clusterB,5,4,4,0,1.00,0.5,0.5,0.0,0.0,0.0
2026-01-23 11:20:24,clusterA,5,4,4,0,1.00,0.5,0.5,0.0,0.0,0.0
2026-01-23 11:20:24,clusterB,5,4,4,0,1.00,0.5,0.5,0.0,0.0,0.0
2026-01-23 11:20:29,clusterA,5,4,4,0,1.00,0.5,0.5,0.0,0.0,0.0
2026-01-23 11:20:29,clusterB,5,4,4,0,1.00,0.5,0.5,0.0,0.0,0.0
2026-01-23 11:20:34,clusterA,5,4,4,0,1.00,0.5,0.5,0.0,0.0,0.0
2026-01-23 11:20:34,clusterB,5,4,4,0,1.00,0.5,0.5,0.0,0.0,0.0
2026-01-23 11:20:39,clusterA,5,4,4,0,1.00,0.5,0.5,0.0,0.0,0.0
2026-01-23 11:20:39,clusterB,5,4,4,0,1.00,0.5,0.5,0.0,0.0,0.0
2026-01-23 11:20:44,clusterA,5,4,4,0,1.00,0.5,0.5,0.0,0.0,0.0
2026-01-23 11:20:44,clusterB,5,4,4,0,1.00,0.5,0.5,0.0,0.0,0.0
2026-01-23 11:20:49,clusterA,5,4,4,0,1.00,0.5,0.5,0.0,0.0,0.0
2026-01-23 11:20:49,clusterB,5,4,4,0,1.00,0.5,0.5,0.0,0.0,0.0
2026-01-23 11:20:54,clusterA,5,4,4,0,1.00,0.5,0.5,0.0,0.0,0.0
2026-01-23 11:20:54,clusterB,5,4,4,0,1.00,0.5,0.5,0.0,0.0,0.0
2026-01-23 11:20:59,clusterA,5,4,4,0,1.00,0.5,0.5,0.0,0.0,0.0
2026-01-23 11:20:59,clusterB,5,4,4,0,1.00,0.5,0.5,0.0,0.0,0.0
2026-01-23 11:21:04,clusterA,5,4,4,0,1.00,0.5,0.5,0.0,0.0,0.0
2026-01-23 11:21:04,clusterB,5,4,4,0,1.00,0.5,0.5,0.0,0.0,0.0
2026-01-23 11:21:09,clusterA,5,4,4,0,1.00,0.5,0.5,0.0,0.0,0.0
2026-01-23 11:21:09,clusterB,5,4,4,0,1.00,0.5,0.5,0.0,0.0,0.0
2026-01-23 11:21:14,clusterA,5,4,4,0,1.00,0.5,0.5,0.0,0.0,0.0
2026-01-23 11:21:14,clusterB,5,4,4,0,1.00,0.5,0.5,0.0,0.0,0.0
2026-01-23 11:21:19,clusterA,5,4,4,0,1.00,0.5,0.5,0.0,0.0,0.0
2026-01-23 11:21:19,clusterB,5,4,4,0,1.00,0.5,0.5,0.0,0.0,0.0
2026-01-23 11:21:24,clusterA,5,4,4,0,1.00,0.5,0.5,0.0,0.0,0.0
2026-01-23 11:21:24,clusterB,5,4,4,0,1.00,0.5,0.5,0.0,0.0,0.0
2026-01-23 11:21:29,clusterA,5,4,4,0,1.00,0.5,0.5,0.0,0.0,0.0
2026-01-23 11:21:29,clusterB,5,4,4,0,1.00,0.5,0.5,0.0,0.0,0.0
2026-01-23 11:21:34,clusterA,5,4,4,0,1.00,0.5,0.5,0.0,0.0,0.0
2026-01-23 11:21:34,clusterB,5,4,4,0,1.00,0.5,0.5,0.0,0.0,0.0
2026-01-23 11:21:39,clusterA,5,4,4,0,1.00,0.5,0.5,0.0,0.0,0.0
2026-01-23 11:21:39,clusterB,5,4,4,0,1.00,0.5,0.5,0.0,0.0,0.0
2026-01-23 11:21:44,clusterA,5,4,4,0,1.00,0.5,0.5,0.0,0.0,0.0
2026-01-23 11:21:44,clusterB,5,4,4,0,1.00,0.5,0.5,0.0,0.0,0.0
2026-01-23 11:21:49,clusterA,5,4,4,0,1.00,0.5,0.5,0.0,0.0,0.0
2026-01-23 11:21:49,clusterB,5,4,4,0,1.00,0.5,0.5,0.0,0.0,0.0
2026-01-23 11:21:54,clusterA,5,4,4,0,1.00,0.5,0.5,0.0,0.0,0.0
2026-01-23 11:21:54,clusterB,5,4,4,0,1.00,0.5,0.5,0.0,0.0,0.0
2026-01-23 11:21:59,clusterA,5,4,4,0,1.00,0.5,0.5,0.0,0.0,0.0
2026-01-23 11:21:59,clusterB,5,4,4,0,1.00,0.5,0.5,0.0,0.0,0.0
2026-01-23 11:22:04,clusterA,5,4,4,0,1.00,0.5,0.5,0.0,0.0,0.0
2026-01-23 11:22:04,clusterB,5,4,4,0,1.00,0.5,0.5,0.0,0.0,0.0
2026-01-23 11:22:09,clusterA,5,4,4,0,1.00,0.5,0.5,0.0,0.0,0.0
2026-01-23 11:22:09,clusterB,5,4,4,0,1.00,0.5,0.5,0.0,0.0,0.0
2026-01-23 11:22:14,clusterA,5,4,4,0,1.00,0.5,0.5,0.0,0.0,0.0
2026-01-23 11:22:14,clusterB,5,4,4,0,1.00,0.5,0.5,0.0,0.0,0.0
2026-01-23 11:22:19,clusterA,5,4,4,0,1.00,0.5,0.5,0.0,0.0,0.0
2026-01-23 11:22:19,clusterB,5,4,4,0,1.00,0.5,0.5,0.0,0.0,0.0
2026-01-23 11:22:24,clusterA,5,4,4,0,1.00,0.5,0.5,0.0,0.0,0.0
2026-01-23 11:22:24,clusterB,5,4,4,0,1.00,0.5,0.5,0.0,0.0,0.0
2026-01-23 11:22:29,clusterA,5,4,4,0,1.00,0.5,0.5,0.0,0.0,0.0
2026-01-23 11:22:29,clusterB,5,4,4,0,1.00,0.5,0.5,0.0,0.0,0.0
2026-01-23 11:22:34,clusterA,5,4,4,0,1.00,0.5,0.5,0.0,0.0,0.0
2026-01-23 11:22:34,clusterB,5,4,4,0,1.00,0.5,0.5,0.0,0.0,0.0
2026-01-23 11:22:39,clusterA,5,4,4,0,1.00,0.5,0.5,0.0,0.0,0.0
2026-01-23 11:22:39,clusterB,5,4,4,0,1.00,0.5,0.5,0.0,0.0,0.0
2026-01-23 11:22:44,clusterA,5,4,4,0,1.00,0.5,0.5,0.0,0.0,0.0
2026-01-23 11:22:44,clusterB,5,4,4,0,1.00,0.5,0.5,0.0,0.0,0.0
2026-01-23 11:22:49,clusterA,5,4,4,0,1.00,0.5,0.5,0.0,0.0,0.0
2026-01-23 11:22:49,clusterB,5,4,4,0,1.00,0.5,0.5,0.0,0.0,0.0
2026-01-23 11:22:54,clusterA,5,4,4,0,1.00,0.5,0.5,0.0,0.0,0.0
2026-01-23 11:22:54,clusterB,5,4,4,0,1.00,0.5,0.5,0.0,0.0,0.0
2026-01-23 11:22:59,clusterA,5,4,4,0,1.00,0.5,0.5,0.0,0.0,0.0
2026-01-23 11:22:59,clusterB,5,4,4,0,1.00,0.5,0.5,0.0,0.0,0.0
2026-01-23 11:23:04,clusterA,5,4,4,0,1.00,0.5,0.5,0.0,0.0,0.0
2026-01-23 11:23:04,clusterB,5,4,4,0,1.00,0.5,0.5,0.0,0.0,0.0
2026-01-23 11:23:09,clusterA,5,4,4,0,1.00,0.5,0.5,0.0,0.0,0.0
2026-01-23 11:23:09,clusterB,5,4,4,0,1.00,0.5,0.5,0.0,0.0,0.0
2026-01-23 11:23:14,clusterA,5,4,4,0,1.00,0.5,0.5,0.0,0.0,0.0
2026-01-23 11:23:14,clusterB,5,4,4,0,1.00,0.5,0.5,0.0,0.0,0.0
2026-01-23 11:23:19,clusterA,5,4,4,0,1.00,0.5,0.5,0.0,0.0,0.0
2026-01-23 11:23:19,clusterB,5,4,4,0,1.00,0.5,0.5,0.0,0.0,0.0
2026-01-23 11:23:24,clusterA,5,4,4,0,1.00,0.5,0.5,0.0,0.0,0.0
2026-01-23 11:23:24,clusterB,5,4,4,0,1.00,0.5,0.5,0.0,0.0,0.0
2026-01-23 11:23:29,clusterA,5,4,4,0,1.00,0.5,0.5,0.0,0.0,0.0
2026-01-23 11:23:29,clusterB,5,4,4,0,1.00,0.5,0.5,0.0,0.0,0.0
2026-01-23 11:23:34,clusterA,5,4,4,0,1.00,0.5,0.5,0.0,0.0,0.0
2026-01-23 11:23:34,clusterB,5,4,4,0,1.00,0.5,0.5,0.0,0.0,0.0
2026-01-23 11:23:39,clusterA,5,4,4,0,1.00,0.5,0.5,0.0,0.0,0.0
2026-01-23 11:23:39,clusterB,5,4,4,0,1.00,0.5,0.5,0.0,0.0,0.0
2026-01-23 11:23:44,clusterA,5,4,4,0,1.00,0.5,0.5,0.0,0.0,0.0
2026-01-23 11:23:44,clusterB,5,4,4,0,1.00,0.5,0.5,0.0,0.0,0.0
2026-01-23 11:23:49,clusterA,5,4,4,0,1.00,0.5,0.5,0.0,0.0,0.0
2026-01-23 11:23:49,clusterB,5,4,4,0,1.00,0.5,0.5,0.0,0.0,0.0
2026-01-23 11:23:54,clusterA,5,4,4,0,1.00,0.5,0.5,0.0,0.0,0.0
2026-01-23 11:23:54,clusterB,5,4,4,0,1.00,0.5,0.5,0.0,0.0,0.0
2026-01-23 11:23:59,clusterA,5,4,4,0,1.00,0.5,0.5,0.0,0.0,0.0
2026-01-23 11:23:59,clusterB,5,4,4,0,1.00,0.5,0.5,0.0,0.0,0.0
2026-01-23 11:24:04,clusterA,5,4,4,0,1.00,0.5,0.5,0.0,0.0,0.0
2026-01-23 11:24:04,clusterB,5,4,4,0,1.00,0.5,0.5,0.0,0.0,0.0
2026-01-23 11:24:09,clusterA,5,4,4,0,1.00,0.5,0.5,0.0,0.0,0.0
2026-01-23 11:24:09,clusterB,5,4,4,0,1.00,0.5,0.5,0.0,0.0,0.0
2026-01-23 11:24:14,clusterA,5,4,4,0,1.00,0.5,0.5,0.0,0.0,0.0
2026-01-23 11:24:14,clusterB,5,4,4,0,1.00,0.5,0.5,0.0,0.0,0.0
2026-01-23 11:24:19,clusterA,5,4,4,0,1.00,0.5,0.5,0.0,0.0,0.0
2026-01-23 11:24:19,clusterB,5,4,4,0,1.00,0.5,0.5,0.0,0.0,0.0
2026-01-23 11:24:24,clusterA,5,4,4,0,1.00,0.5,0.5,0.0,0.0,0.0
2026-01-23 11:24:24,clusterB,5,4,4,0,1.00,0.5,0.5,0.0,0.0,0.0
2026-01-23 11:24:29,clusterA,5,4,4,0,1.00,0.5,0.5,0.0,0.0,0.0
2026-01-23 11:24:29,clusterB,5,4,4,0,1.00,0.5,0.5,0.0,0.0,0.0
2026-01-23 11:24:34,clusterA,5,4,4,0,1.00,0.5,0.5,0.0,0.0,0.0
2026-01-23 11:24:34,clusterB,5,4,4,0,1.00,0.5,0.5,0.0,0.0,0.0
2026-01-23 11:24:39,clusterA,5,4,4,0,1.00,0.5,0.5,0.0,0.0,0.0
2026-01-23 11:24:39,clusterB,5,4,4,0,1.00,0.5,0.5,0.0,0.0,0.0
2026-01-23 11:24:44,clusterA,5,4,4,0,1.00,0.5,0.5,0.0,0.0,0.0
2026-01-23 11:24:44,clusterB,5,4,4,0,1.00,0.5,0.5,0.0,0.0,0.0
2026-01-23 11:24:49,clusterA,5,4,4,0,1.00,0.5,0.5,0.0,0.0,0.0
2026-01-23 11:24:49,clusterB,5,4,4,0,1.00,0.5,0.5,0.0,0.0,0.0
2026-01-23 11:24:54,clusterA,5,4,4,0,1.00,0.5,0.5,0.0,0.0,0.0
2026-01-23 11:24:54,clusterB,5,4,4,0,1.00,0.5,0.5,0.0,0.0,0.0
2026-01-23 11:24:59,clusterA,5,4,4,0,1.00,0.5,0.5,0.0,0.0,0.0
2026-01-23 11:24:59,clusterB,5,4,4,0,1.00,0.5,0.5,0.0,0.0,0.0
2026-01-23 11:25:04,clusterA,5,4,4,0,1.00,0.5,0.5,0.0,0.0,0.0
2026-01-23 11:25:04,clusterB,5,4,4,0,1.00,0.5,0.5,0.0,0.0,0.0
2026-01-23 11:25:09,clusterA,5,4,4,0,1.00,0.5,0.5,0.0,0.0,0.0
2026-01-23 11:25:09,clusterB,5,4,4,0,1.00,0.5,0.5,0.0,0.0,0.0
2026-01-23 11:25:14,clusterA,5,4,4,0,1.00,0.5,0.5,0.0,0.0,0.0
2026-01-23 11:25:14,clusterB,5,4,4,0,1.00,0.5,0.5,0.0,0.0,0.0
2026-01-23 11:25:19,clusterA,5,4,4,0,1.00,0.5,0.5,0.0,0.0,0.0
2026-01-23 11:25:19,clusterB,5,4,4,0,1.00,0.5,0.5,0.0,0.0,0.0
2026-01-23 11:25:24,clusterA,5,4,4,0,1.00,0.5,0.5,0.0,0.0,0.0
2026-01-23 11:25:24,clusterB,5,4,4,0,1.00,0.5,0.5,0.0,0.0,0.0
2026-01-23 11:25:29,clusterA,5,4,4,0,1.00,0.5,0.5,0.0,0.0,0.0
2026-01-23 11:25:29,clusterB,5,4,4,0,1.00,0.5,0.5,0.0,0.0,0.0
2026-01-23 11:25:34,clusterA,5,4,4,0,1.00,0.5,0.5,0.0,0.0,0.0
2026-01-23 11:25:34,clusterB,5,4,4,0,1.00,0.5,0.5,0.0,0.0,0.0
2026-01-23 11:25:39,clusterA,5,4,4,0,1.00,0.5,0.5,0.0,0.0,0.0
2026-01-23 11:25:39,clusterB,5,4,4,0,1.00,0.5,0.5,0.0,0.0,0.0
2026-01-23 11:25:44,clusterA,5,4,4,0,1.00,0.5,0.5,0.0,0.0,0.0
2026-01-23 11:25:44,clusterB,5,4,4,0,1.00,0.5,0.5,0.0,0.0,0.0
2026-01-23 11:25:49,clusterA,5,4,4,0,1.00,0.5,0.5,0.0,0.0,0.0
2026-01-23 11:25:49,clusterB,5,4,4,0,1.00,0.5,0.5,0.0,0.0,0.0
2026-01-23 11:25:55,clusterA,5,4,4,0,1.00,0.5,0.5,0.0,0.0,0.0
2026-01-23 11:25:55,clusterB,5,4,4,0,1.00,0.5,0.5,0.0,0.0,0.0
2026-01-23 11:26:00,clusterA,5,4,4,0,1.00,0.5,0.5,0.0,0.0,0.0
2026-01-23 11:26:00,clusterB,5,4,4,0,1.00,0.5,0.5,0.0,0.0,0.0
2026-01-23 11:26:05,clusterA,5,4,4,0,1.00,0.5,0.5,0.0,0.0,0.0
2026-01-23 11:26:05,clusterB,5,4,4,0,1.00,0.5,0.5,0.0,0.0,0.0
2026-01-23 11:26:10,clusterA,5,4,4,0,1.00,0.5,0.5,0.0,0.0,0.0
2026-01-23 11:26:10,clusterB,5,4,4,0,1.00,0.5,0.5,0.0,0.0,0.0
2026-01-23 11:26:15,clusterA,5,4,4,0,1.00,0.5,0.5,0.0,0.0,0.0
2026-01-23 11:26:15,clusterB,5,4,4,0,1.00,0.5,0.5,0.0,0.0,0.0
2026-01-23 11:26:20,clusterA,5,4,4,0,1.00,0.5,0.5,0.0,0.0,0.0
2026-01-23 11:26:20,clusterB,5,4,4,0,1.00,0.5,0.5,0.0,0.0,0.0
2026-01-23 11:26:25,clusterA,5,4,4,0,1.00,0.5,0.5,0.0,0.0,0.0
2026-01-23 11:26:25,clusterB,5,4,4,0,1.00,0.5,0.5,0.0,0.0,0.0
2026-01-23 11:26:30,clusterA,5,4,4,0,1.00,0.5,0.5,0.0,0.0,0.0
2026-01-23 11:26:30,clusterB,5,4,4,0,1.00,0.5,0.5,0.0,0.0,0.0
2026-01-23 11:26:35,clusterA,5,4,4,0,1.00,0.5,0.5,0.0,0.0,0.0
2026-01-23 11:26:35,clusterB,5,4,4,0,1.00,0.5,0.5,0.0,0.0,0.0
2026-01-23 11:26:40,clusterA,5,4,4,0,1.00,0.5,0.5,0.0,0.0,0.0
2026-01-23 11:26:40,clusterB,5,4,4,0,1.00,0.5,0.5,0.0,0.0,0.0
2026-01-23 11:26:45,clusterA,5,4,4,0,1.00,0.5,0.5,0.0,0.0,0.0
2026-01-23 11:26:45,clusterB,5,4,4,0,1.00,0.5,0.5,0.0,0.0,0.0
2026-01-23 11:26:50,clusterA,5,4,4,0,1.00,0.5,0.5,0.0,0.0,0.0
2026-01-23 11:26:50,clusterB,5,4,4,0,1.00,0.5,0.5,0.0,0.0,0.0
2026-01-23 11:26:55,clusterA,5,4,4,0,1.00,0.5,0.5,0.0,0.0,0.0
2026-01-23 11:26:55,clusterB,5,4,4,0,1.00,0.5,0.5,0.0,0.0,0.0
2026-01-23 11:27:00,clusterA,5,4,4,0,1.00,0.5,0.5,0.0,0.0,0.0
2026-01-23 11:27:00,clusterB,5,4,4,0,1.00,0.5,0.5,0.0,0.0,0.0
2026-01-23 11:27:05,clusterA,5,4,4,0,1.00,0.5,0.5,0.0,0.0,0.0
2026-01-23 11:27:05,clusterB,5,4,4,0,1.00,0.5,0.5,0.0,0.0,0.0
2026-01-23 11:27:10,clusterA,5,4,4,0,1.00,0.5,0.5,0.0,0.0,0.0
2026-01-23 11:27:10,clusterB,5,4,4,0,1.00,0.5,0.5,0.0,0.0,0.0
2026-01-23 11:27:15,clusterA,5,4,4,0,1.00,0.5,0.5,0.0,0.0,0.0
2026-01-23 11:27:15,clusterB,5,4,4,0,1.00,0.5,0.5,0.0,0.0,0.0
2026-01-23 11:27:20,clusterA,5,4,4,0,1.00,0.5,0.5,0.0,0.0,0.0
2026-01-23 11:27:20,clusterB,5,4,4,0,1.00,0.5,0.5,0.0,0.0,0.0
2026-01-23 11:27:25,clusterA,5,4,4,0,1.00,0.5,0.5,0.0,0.0,0.0
2026-01-23 11:27:25,clusterB,5,4,4,0,1.00,0.5,0.5,0.0,0.0,0.0
2026-01-23 11:27:30,clusterA,5,4,4,0,1.00,0.5,0.5,0.0,0.0,0.0
2026-01-23 11:27:30,clusterB,5,4,4,0,1.00,0.5,0.5,0.0,0.0,0.0
2026-01-23 11:27:35,clusterA,5,4,4,0,1.00,0.5,0.5,0.0,0.0,0.0
2026-01-23 11:27:35,clusterB,5,4,4,0,1.00,0.5,0.5,0.0,0.0,0.0
2026-01-23 11:27:40,clusterA,5,4,4,0,1.00,0.5,0.5,0.0,0.0,0.0
2026-01-23 11:27:40,clusterB,5,4,4,0,1.00,0.5,0.5,0.0,0.0,0.0
2026-01-23 11:27:45,clusterA,5,4,4,0,1.00,0.5,0.5,0.0,0.0,0.0
2026-01-23 11:27:45,clusterB,5,4,4,0,1.00,0.5,0.5,0.0,0.0,0.0
2026-01-23 11:27:50,clusterA,5,4,4,0,1.00,0.5,0.5,0.0,0.0,0.0
2026-01-23 11:27:50,clusterB,5,4,4,0,1.00,0.5,0.5,0.0,0.0,0.0
2026-01-23 11:27:55,clusterA,5,4,4,0,1.00,0.5,0.5,0.0,0.0,0.0
2026-01-23 11:27:55,clusterB,5,4,4,0,1.00,0.5,0.5,0.0,0.0,0.0
2026-01-23 11:28:00,clusterA,5,4,4,0,1.00,0.5,0.5,0.0,0.0,0.0
2026-01-23 11:28:00,clusterB,5,4,4,0,1.00,0.5,0.5,0.0,0.0,0.0
2026-01-23 11:28:05,clusterA,5,4,4,0,1.00,0.5,0.5,0.0,0.0,0.0
2026-01-23 11:28:05,clusterB,5,4,4,0,1.00,0.5,0.5,0.0,0.0,0.0
2026-01-23 11:28:10,clusterA,5,4,4,0,1.00,0.5,0.5,0.0,0.0,0.0
2026-01-23 11:28:10,clusterB,5,4,4,0,1.00,0.5,0.5,0.0,0.0,0.0
2026-01-23 11:28:15,clusterA,5,4,4,0,1.00,0.5,0.5,0.0,0.0,0.0
2026-01-23 11:28:15,clusterB,5,4,4,0,1.00,0.5,0.5,0.0,0.0,0.0
2026-01-23 11:28:20,clusterA,5,4,4,0,1.00,0.5,0.5,0.0,0.0,0.0
2026-01-23 11:28:20,clusterB,5,4,4,0,1.00,0.5,0.5,0.0,0.0,0.0
2026-01-23 11:28:25,clusterA,5,4,4,0,1.00,0.5,0.5,0.0,0.0,0.0
2026-01-23 11:28:25,clusterB,5,4,4,0,1.00,0.5,0.5,0.0,0.0,0.0
2026-01-23 11:28:30,clusterA,5,4,4,0,1.00,0.5,0.5,0.0,0.0,0.0
2026-01-23 11:28:30,clusterB,5,4,4,0,1.00,0.5,0.5,0.0,0.0,0.0
2026-01-23 11:28:35,clusterA,5,4,4,0,1.00,0.5,0.5,0.0,0.0,0.0
2026-01-23 11:28:35,clusterB,5,4,4,0,1.00,0.5,0.5,0.0,0.0,0.0
2026-01-23 11:28:40,clusterA,5,4,4,0,1.00,0.5,0.5,0.0,0.0,0.0
2026-01-23 11:28:40,clusterB,5,4,4,0,1.00,0.5,0.5,0.0,0.0,0.0
2026-01-23 11:28:45,clusterA,5,4,4,0,1.00,0.5,0.5,0.0,0.0,0.0
2026-01-23 11:28:45,clusterB,5,4,4,0,1.00,0.5,0.5,0.0,0.0,0.0
2026-01-23 11:28:50,clusterA,5,4,4,0,1.00,0.5,0.5,0.0,0.0,0.0
2026-01-23 11:28:50,clusterB,5,4,4,0,1.00,0.5,0.5,0.0,0.0,0.0
2026-01-23 11:28:55,clusterA,5,4,4,0,1.00,0.5,0.5,0.0,0.0,0.0
2026-01-23 11:28:55,clusterB,5,4,4,0,1.00,0.5,0.5,0.0,0.0,0.0
2026-01-23 11:29:00,clusterA,5,4,4,0,1.00,0.5,0.5,0.0,0.0,0.0
2026-01-23 11:29:00,clusterB,5,4,4,0,1.00,0.5,0.5,0.0,0.0,0.0
2026-01-23 11:29:05,clusterA,5,4,4,0,1.00,0.5,0.5,0.0,0.0,0.0
2026-01-23 11:29:05,clusterB,5,4,4,0,1.00,0.5,0.5,0.0,0.0,0.0
2026-01-23 11:29:10,clusterA,5,4,4,0,1.00,0.5,0.5,0.0,0.0,0.0
2026-01-23 11:29:10,clusterB,5,4,4,0,1.00,0.5,0.5,0.0,0.0,0.0
2026-01-23 11:29:15,clusterA,5,4,4,0,1.00,0.5,0.5,0.0,0.0,0.0
2026-01-23 11:29:15,clusterB,5,4,4,0,1.00,0.5,0.5,0.0,0.0,0.0
2026-01-23 11:29:20,clusterA,5,4,4,0,1.00,0.5,0.5,0.0,0.0,0.0
2026-01-23 11:29:20,clusterB,5,4,4,0,1.00,0.5,0.5,0.0,0.0,0.0
2026-01-23 11:29:25,clusterA,5,4,4,0,1.00,0.5,0.5,0.0,0.0,0.0
2026-01-23 11:29:25,clusterB,5,4,4,0,1.00,0.5,0.5,0.0,0.0,0.0
2026-01-23 11:29:30,clusterA,5,4,4,0,1.00,0.5,0.5,0.0,0.0,0.0
2026-01-23 11:29:30,clusterB,5,4,4,0,1.00,0.5,0.5,0.0,0.0,0.0
2026-01-23 11:29:35,clusterA,5,4,4,0,1.00,0.5,0.5,0.0,0.0,0.0
2026-01-23 11:29:35,clusterB,5,4,4,0,1.00,0.5,0.5,0.0,0.0,0.0
2026-01-23 11:29:40,clusterA,5,4,4,0,1.00,0.5,0.5,0.0,0.0,0.0
2026-01-23 11:29:40,clusterB,5,4,4,0,1.00,0.5,0.5,0.0,0.0,0.0
2026-01-23 11:29:45,clusterA,5,4,4,0,1.00,0.5,0.5,0.0,0.0,0.0
2026-01-23 11:29:45,clusterB,5,4,4,0,1.00,0.5,0.5,0.0,0.0,0.0
2026-01-23 11:29:50,clusterA,5,4,4,0,1.00,0.5,0.5,0.0,0.0,0.0
2026-01-23 11:29:50,clusterB,5,4,4,0,1.00,0.5,0.5,0.0,0.0,0.0
2026-01-23 11:29:55,clusterA,5,4,4,0,1.00,0.5,0.5,0.0,0.0,0.0
2026-01-23 11:29:55,clusterB,5,4,4,0,1.00,0.5,0.5,0.0,0.0,0.0
2026-01-23 11:30:00,clusterA,5,4,4,0,1.00,0.5,0.5,0.0,0.0,0.0
2026-01-23 11:30:00,clusterB,5,4,4,0,1.00,0.5,0.5,0.0,0.0,0.0
2026-01-23 11:30:05,clusterA,5,4,4,0,1.00,0.5,0.5,0.0,0.0,0.0
2026-01-23 11:30:05,clusterB,5,4,4,0,1.00,0.5,0.5,0.0,0.0,0.0
2026-01-23 11:30:10,clusterA,5,4,4,0,1.00,0.5,0.5,0.0,0.0,0.0
2026-01-23 11:30:10,clusterB,5,4,4,0,1.00,0.5,0.5,0.0,0.0,0.0
2026-01-23 11:30:15,clusterA,5,4,4,0,1.00,0.5,0.5,0.0,0.0,0.0
2026-01-23 11:30:15,clusterB,5,4,4,0,1.00,0.5,0.5,0.0,0.0,0.0
2026-01-23 11:30:20,clusterA,5,4,4,0,1.00,0.5,0.5,0.0,0.0,0.0
2026-01-23 11:30:20,clusterB,5,4,4,0,1.00,0.5,0.5,0.0,0.0,0.0
2026-01-23 11:30:25,clusterA,5,4,4,0,1.00,0.5,0.5,0.0,0.0,0.0
2026-01-23 11:30:25,clusterB,5,4,4,0,1.00,0.5,0.5,0.0,0.0,0.0
2026-01-23 11:30:30,clusterA,5,4,4,0,1.00,0.5,0.5,0.0,0.0,0.0
2026-01-23 11:30:30,clusterB,5,4,4,0,1.00,0.5,0.5,0.0,0.0,0.0
2026-01-23 11:30:35,clusterA,5,4,4,0,1.00,0.5,0.5,0.0,0.0,0.0
2026-01-23 11:30:35,clusterB,5,4,4,0,1.00,0.5,0.5,0.0,0.0,0.0
2026-01-23 11:30:40,clusterA,5,4,4,0,1.00,0.5,0.5,0.0,0.0,0.0
2026-01-23 11:30:40,clusterB,5,4,4,0,1.00,0.5,0.5,0.0,0.0,0.0
2026-01-23 11:30:45,clusterA,5,4,4,0,1.00,0.5,0.5,0.0,0.0,0.0
2026-01-23 11:30:45,clusterB,5,4,4,0,1.00,0.5,0.5,0.0,0.0,0.0
2026-01-23 11:30:50,clusterA,5,4,4,0,1.00,0.5,0.5,0.0,0.0,0.0
2026-01-23 11:30:50,clusterB,5,4,4,0,1.00,0.5,0.5,0.0,0.0,0.0
2026-01-23 11:30:55,clusterA,5,4,4,0,1.00,0.5,0.5,0.0,0.0,0.0
2026-01-23 11:30:55,clusterB,5,4,4,0,1.00,0.5,0.5,0.0,0.0,0.0
2026-01-23 11:31:00,clusterA,5,4,4,0,1.00,0.5,0.5,0.0,0.0,0.0
2026-01-23 11:31:00,clusterB,5,4,4,0,1.00,0.5,0.5,0.0,0.0,0.0
2026-01-23 11:31:05,clusterA,5,4,4,0,1.00,0.5,0.5,0.0,0.0,0.0
2026-01-23 11:31:05,clusterB,5,4,4,0,1.00,0.5,0.5,0.0,0.0,0.0
2026-01-23 11:31:10,clusterA,5,4,4,0,1.00,0.5,0.5,0.0,0.0,0.0
2026-01-23 11:31:10,clusterB,5,4,4,0,1.00,0.5,0.5,0.0,0.0,0.0
2026-01-23 11:31:15,clusterA,5,4,4,0,1.00,0.5,0.5,0.0,0.0,0.0
2026-01-23 11:31:15,clusterB,5,4,4,0,1.00,0.5,0.5,0.0,0.0,0.0
2026-01-23 11:31:20,clusterA,5,4,4,0,1.00,0.5,0.5,0.0,0.0,0.0
2026-01-23 11:31:20,clusterB,5,4,4,0,1.00,0.5,0.5,0.0,0.0,0.0
2026-01-23 11:31:25,clusterA,5,4,4,0,1.00,0.5,0.5,0.0,0.0,0.0
2026-01-23 11:31:25,clusterB,5,4,4,0,1.00,0.5,0.5,0.0,0.0,0.0
2026-01-23 11:31:30,clusterA,5,4,4,0,1.00,0.5,0.5,0.0,0.0,0.0
2026-01-23 11:31:30,clusterB,5,4,4,0,1.00,0.5,0.5,0.0,0.0,0.0
2026-01-23 11:31:35,clusterA,5,4,4,0,1.00,0.5,0.5,0.0,0.0,0.0
2026-01-23 11:31:35,clusterB,5,4,4,0,1.00,0.5,0.5,0.0,0.0,0.0
2026-01-23 11:31:40,clusterA,5,4,4,0,1.00,0.5,0.5,0.0,0.0,0.0
2026-01-23 11:31:40,clusterB,5,4,4,0,1.00,0.5,0.5,0.0,0.0,0.0
2026-01-23 11:31:45,clusterA,5,4,4,0,1.00,0.5,0.5,0.0,0.0,0.0
2026-01-23 11:31:45,clusterB,5,4,4,0,1.00,0.5,0.5,0.0,0.0,0.0
2026-01-23 11:31:50,clusterA,5,4,4,0,1.00,0.5,0.5,0.0,0.0,0.0
2026-01-23 11:31:50,clusterB,5,4,4,0,1.00,0.5,0.5,0.0,0.0,0.0
2026-01-23 11:31:55,clusterA,5,4,4,0,1.00,0.5,0.5,0.0,0.0,0.0
2026-01-23 11:31:55,clusterB,5,4,4,0,1.00,0.5,0.5,0.0,0.0,0.0
2026-01-23 11:32:00,clusterA,5,4,4,0,1.00,0.5,0.5,0.0,0.0,0.0
2026-01-23 11:32:00,clusterB,5,4,4,0,1.00,0.5,0.5,0.0,0.0,0.0
2026-01-23 11:32:05,clusterA,5,4,4,0,1.00,0.5,0.5,0.0,0.0,0.0
2026-01-23 11:32:05,clusterB,5,4,4,0,1.00,0.5,0.5,0.0,0.0,0.0
2026-01-23 11:32:10,clusterA,5,4,4,0,1.00,0.5,0.5,0.0,0.0,0.0
2026-01-23 11:32:10,clusterB,5,4,4,0,1.00,0.5,0.5,0.0,0.0,0.0
2026-01-23 11:32:15,clusterA,5,4,4,0,1.00,0.5,0.5,0.0,0.0,0.0
2026-01-23 11:32:15,clusterB,5,4,4,0,1.00,0.5,0.5,0.0,0.0,0.0
2026-01-23 11:32:20,clusterA,5,4,4,0,1.00,0.5,0.5,0.0,0.0,0.0
2026-01-23 11:32:20,clusterB,5,4,4,0,1.00,0.5,0.5,0.0,0.0,0.0
2026-01-23 11:32:25,clusterA,5,4,4,0,1.00,0.5,0.5,0.0,0.0,0.0
2026-01-23 11:32:25,clusterB,5,4,4,0,1.00,0.5,0.5,0.0,0.0,0.0
2026-01-23 11:32:30,clusterA,5,4,4,0,1.00,0.5,0.5,0.0,0.0,0.0
2026-01-23 11:32:30,clusterB,5,4,4,0,1.00,0.5,0.5,0.0,0.0,0.0
2026-01-23 11:32:35,clusterA,5,4,4,0,1.00,0.5,0.5,0.0,0.0,0.0
2026-01-23 11:32:35,clusterB,5,4,4,0,1.00,0.5,0.5,0.0,0.0,0.0
2026-01-23 11:32:40,clusterA,5,4,4,0,1.00,0.5,0.5,0.0,0.0,0.0
2026-01-23 11:32:40,clusterB,5,4,4,0,1.00,0.5,0.5,0.0,0.0,0.0
2026-01-23 11:32:45,clusterA,5,4,4,0,1.00,0.5,0.5,0.0,0.0,0.0
2026-01-23 11:32:45,clusterB,5,4,4,0,1.00,0.5,0.5,0.0,0.0,0.0
2026-01-23 11:32:50,clusterA,5,4,4,0,1.00,0.5,0.5,0.0,0.0,0.0
2026-01-23 11:32:50,clusterB,5,4,4,0,1.00,0.5,0.5,0.0,0.0,0.0
2026-01-23 11:32:55,clusterA,5,4,4,0,1.00,0.5,0.5,0.0,0.0,0.0
2026-01-23 11:32:55,clusterB,5,4,4,0,1.00,0.5,0.5,0.0,0.0,0.0
2026-01-23 11:33:00,clusterA,5,4,4,0,1.00,0.5,0.5,0.0,0.0,0.0
2026-01-23 11:33:00,clusterB,5,4,4,0,1.00,0.5,0.5,0.0,0.0,0.0
2026-01-23 11:33:05,clusterA,5,4,4,0,1.00,0.5,0.5,0.0,0.0,0.0
2026-01-23 11:33:05,clusterB,5,4,4,0,1.00,0.5,0.5,0.0,0.0,0.0
2026-01-23 11:33:10,clusterA,5,4,4,0,1.00,0.5,0.5,0.0,0.0,0.0
2026-01-23 11:33:10,clusterB,5,4,4,0,1.00,0.5,0.5,0.0,0.0,0.0
2026-01-23 11:33:15,clusterA,5,4,4,0,1.00,0.5,0.5,0.0,0.0,0.0
2026-01-23 11:33:15,clusterB,5,4,4,0,1.00,0.5,0.5,0.0,0.0,0.0
2026-01-23 11:33:20,clusterA,5,4,4,0,1.00,0.5,0.5,0.0,0.0,0.0
2026-01-23 11:33:20,clusterB,5,4,4,0,1.00,0.5,0.5,0.0,0.0,0.0
2026-01-23 11:33:25,clusterA,5,4,4,0,1.00,0.5,0.5,0.0,0.0,0.0
2026-01-23 11:33:25,clusterB,5,4,4,0,1.00,0.5,0.5,0.0,0.0,0.0
2026-01-23 11:33:30,clusterA,5,4,4,0,1.00,0.5,0.5,0.0,0.0,0.0
2026-01-23 11:33:30,clusterB,5,4,4,0,1.00,0.5,0.5,0.0,0.0,0.0
2026-01-23 11:33:35,clusterA,5,4,4,0,1.00,0.5,0.5,0.0,0.0,0.0
2026-01-23 11:33:35,clusterB,5,4,4,0,1.00,0.5,0.5,0.0,0.0,0.0
2026-01-23 11:33:40,clusterA,5,4,4,0,1.00,0.5,0.5,0.0,0.0,0.0
2026-01-23 11:33:40,clusterB,5,4,4,0,1.00,0.5,0.5,0.0,0.0,0.0
2026-01-23 11:33:45,clusterA,5,4,4,0,1.00,0.5,0.5,0.0,0.0,0.0
2026-01-23 11:33:45,clusterB,5,4,4,0,1.00,0.5,0.5,0.0,0.0,0.0
2026-01-23 11:33:50,clusterA,5,4,4,0,1.00,0.5,0.5,0.0,0.0,0.0
2026-01-23 11:33:50,clusterB,5,4,4,0,1.00,0.5,0.5,0.0,0.0,0.0
2026-01-23 11:33:55,clusterA,5,4,4,0,1.00,0.5,0.5,0.0,0.0,0.0
2026-01-23 11:33:55,clusterB,5,4,4,0,1.00,0.5,0.5,0.0,0.0,0.0
2026-01-23 11:34:00,clusterA,5,4,4,0,1.00,0.5,0.5,0.0,0.0,0.0
2026-01-23 11:34:00,clusterB,5,4,4,0,1.00,0.5,0.5,0.0,0.0,0.0
2026-01-23 11:34:05,clusterA,5,4,4,0,1.00,0.5,0.5,0.0,0.0,0.0
2026-01-23 11:34:05,clusterB,5,4,4,0,1.00,0.5,0.5,0.0,0.0,0.0
2026-01-23 11:34:10,clusterA,5,4,4,0,1.00,0.5,0.5,0.0,0.0,0.0
2026-01-23 11:34:10,clusterB,5,4,4,0,1.00,0.5,0.5,0.0,0.0,0.0
2026-01-23 11:34:15,clusterA,5,4,4,0,1.00,0.5,0.5,0.0,0.0,0.0
2026-01-23 11:34:15,clusterB,5,4,4,0,1.00,0.5,0.5,0.0,0.0,0.0
2026-01-23 11:34:20,clusterA,5,4,4,0,1.00,0.5,0.5,0.0,0.0,0.0
2026-01-23 11:34:20,clusterB,5,4,4,0,1.00,0.5,0.5,0.0,0.0,0.0
2026-01-23 11:34:25,clusterA,5,4,4,0,1.00,0.5,0.5,0.0,0.0,0.0
2026-01-23 11:34:25,clusterB,5,4,4,0,1.00,0.5,0.5,0.0,0.0,0.0
2026-01-23 11:34:30,clusterA,5,4,4,0,1.00,0.5,0.5,0.0,0.0,0.0
2026-01-23 11:34:30,clusterB,5,4,4,0,1.00,0.5,0.5,0.0,0.0,0.0
2026-01-23 11:34:35,clusterA,5,4,4,0,1.00,0.5,0.5,0.0,0.0,0.0
2026-01-23 11:34:35,clusterB,5,4,4,0,1.00,0.5,0.5,0.0,0.0,0.0
2026-01-23 11:34:40,clusterA,5,4,4,0,1.00,0.5,0.5,0.0,0.0,0.0
2026-01-23 11:34:40,clusterB,5,4,4,0,1.00,0.5,0.5,0.0,0.0,0.0
2026-01-23 11:34:45,clusterA,5,4,4,0,1.00,0.5,0.5,0.0,0.0,0.0
2026-01-23 11:34:45,clusterB,5,4,4,0,1.00,0.5,0.5,0.0,0.0,0.0
2026-01-23 11:34:50,clusterA,5,4,4,0,1.00,0.5,0.5,0.0,0.0,0.0
2026-01-23 11:34:50,clusterB,5,4,4,0,1.00,0.5,0.5,0.0,0.0,0.0
2026-01-23 11:34:55,clusterA,5,4,4,0,1.00,0.5,0.5,0.0,0.0,0.0
2026-01-23 11:34:55,clusterB,5,4,4,0,1.00,0.5,0.5,0.0,0.0,0.0
2026-01-23 11:35:00,clusterA,5,4,4,0,1.00,0.5,0.5,0.0,0.0,0.0
2026-01-23 11:35:00,clusterB,5,4,4,0,1.00,0.5,0.5,0.0,0.0,0.0
2026-01-23 11:35:05,clusterA,5,4,4,0,1.00,0.5,0.5,0.0,0.0,0.0
2026-01-23 11:35:05,clusterB,5,4,4,0,1.00,0.5,0.5,0.0,0.0,0.0
2026-01-23 11:35:10,clusterA,5,4,4,0,1.00,0.5,0.5,0.0,0.0,0.0
2026-01-23 11:35:10,clusterB,5,4,4,0,1.00,0.5,0.5,0.0,0.0,0.0
2026-01-23 11:35:15,clusterA,5,4,4,0,1.00,0.5,0.5,0.0,0.0,0.0
2026-01-23 11:35:15,clusterB,5,4,4,0,1.00,0.5,0.5,0.0,0.0,0.0
2026-01-23 11:35:20,clusterA,5,4,4,0,1.00,0.5,0.5,0.0,0.0,0.0
2026-01-23 11:35:20,clusterB,5,4,4,0,1.00,0.5,0.5,0.0,0.0,0.0
2026-01-23 11:35:25,clusterA,5,4,4,0,1.00,0.5,0.5,0.0,0.0,0.0
2026-01-23 11:35:25,clusterB,5,4,4,0,1.00,0.5,0.5,0.0,0.0,0.0
2026-01-23 11:35:30,clusterA,5,4,4,0,1.00,0.5,0.5,0.0,0.0,0.0
2026-01-23 11:35:30,clusterB,5,4,4,0,1.00,0.5,0.5,0.0,0.0,0.0
2026-01-23 11:35:35,clusterA,5,4,4,0,1.00,0.5,0.5,0.0,0.0,0.0
2026-01-23 11:35:35,clusterB,5,4,4,0,1.00,0.5,0.5,0.0,0.0,0.0
2026-01-23 11:35:40,clusterA,5,4,4,0,1.00,0.5,0.5,0.0,0.0,0.0
2026-01-23 11:35:40,clusterB,5,4,4,0,1.00,0.5,0.5,0.0,0.0,0.0
2026-01-23 11:35:45,clusterA,5,4,4,0,1.00,0.5,0.5,0.0,0.0,0.0
2026-01-23 11:35:45,clusterB,5,4,4,0,1.00,0.5,0.5,0.0,0.0,0.0
2026-01-23 11:35:50,clusterA,5,4,4,0,1.00,0.5,0.5,0.0,0.0,0.0
2026-01-23 11:35:50,clusterB,5,4,4,0,1.00,0.5,0.5,0.0,0.0,0.0
2026-01-23 11:35:55,clusterA,5,4,4,0,1.00,0.5,0.5,0.0,0.0,0.0
2026-01-23 11:35:55,clusterB,5,4,4,0,1.00,0.5,0.5,0.0,0.0,0.0
2026-01-23 11:36:00,clusterA,5,4,4,0,1.00,0.5,0.5,0.0,0.0,0.0
2026-01-23 11:36:00,clusterB,5,4,4,0,1.00,0.5,0.5,0.0,0.0,0.0
2026-01-23 11:36:05,clusterA,5,4,4,0,1.00,0.5,0.5,0.0,0.0,0.0
2026-01-23 11:36:05,clusterB,5,4,4,0,1.00,0.5,0.5,0.0,0.0,0.0
2026-01-23 11:36:10,clusterA,5,4,4,0,1.00,0.5,0.5,0.0,0.0,0.0
2026-01-23 11:36:10,clusterB,5,4,4,0,1.00,0.5,0.5,0.0,0.0,0.0
2026-01-23 11:36:15,clusterA,5,4,4,0,1.00,0.5,0.5,0.0,0.0,0.0
2026-01-23 11:36:15,clusterB,5,4,4,0,1.00,0.5,0.5,0.0,0.0,0.0
2026-01-23 11:36:20,clusterA,5,4,4,0,1.00,0.5,0.5,0.0,0.0,0.0
2026-01-23 11:36:20,clusterB,5,4,4,0,1.00,0.5,0.5,0.0,0.0,0.0
2026-01-23 11:36:25,clusterA,5,4,4,0,1.00,0.5,0.5,0.0,0.0,0.0
2026-01-23 11:36:25,clusterB,5,4,4,0,1.00,0.5,0.5,0.0,0.0,0.0
2026-01-23 11:36:30,clusterA,5,4,4,0,1.00,0.5,0.5,0.0,0.0,0.0
2026-01-23 11:36:30,clusterB,5,4,4,0,1.00,0.5,0.5,0.0,0.0,0.0
2026-01-23 11:36:35,clusterA,5,4,4,0,1.00,0.5,0.5,0.0,0.0,0.0
2026-01-23 11:36:35,clusterB,5,4,4,0,1.00,0.5,0.5,0.0,0.0,0.0
2026-01-23 11:36:40,clusterA,5,4,4,0,1.00,0.5,0.5,0.0,0.0,0.0
2026-01-23 11:36:40,clusterB,5,4,4,0,1.00,0.5,0.5,0.0,0.0,0.0
2026-01-23 11:36:45,clusterA,5,4,4,0,1.00,0.5,0.5,0.0,0.0,0.0
2026-01-23 11:36:45,clusterB,5,4,4,0,1.00,0.5,0.5,0.0,0.0,0.0
2026-01-23 11:36:50,clusterA,5,4,4,0,1.00,0.5,0.5,0.0,0.0,0.0
2026-01-23 11:36:50,clusterB,5,4,4,0,1.00,0.5,0.5,0.0,0.0,0.0
2026-01-23 11:36:55,clusterA,5,4,4,0,1.00,0.5,0.5,0.0,0.0,0.0
2026-01-23 11:36:55,clusterB,5,4,4,0,1.00,0.5,0.5,0.0,0.0,0.0
2026-01-23 11:37:00,clusterA,5,4,4,0,1.00,0.5,0.5,0.0,0.0,0.0
2026-01-23 11:37:00,clusterB,5,4,4,0,1.00,0.5,0.5,0.0,0.0,0.0
2026-01-23 11:37:05,clusterA,5,4,4,0,1.00,0.5,0.5,0.0,0.0,0.0
2026-01-23 11:37:05,clusterB,5,4,4,0,1.00,0.5,0.5,0.0,0.0,0.0
2026-01-23 11:37:10,clusterA,5,4,4,0,1.00,0.5,0.5,0.0,0.0,0.0
2026-01-23 11:37:10,clusterB,5,4,4,0,1.00,0.5,0.5,0.0,0.0,0.0
2026-01-23 11:37:15,clusterA,5,4,4,0,1.00,0.5,0.5,0.0,0.0,0.0
2026-01-23 11:37:15,clusterB,5,4,4,0,1.00,0.5,0.5,0.0,0.0,0.0
2026-01-23 11:37:20,clusterA,5,4,4,0,1.00,0.5,0.5,0.0,0.0,0.0
2026-01-23 11:37:20,clusterB,5,4,4,0,1.00,0.5,0.5,0.0,0.0,0.0
2026-01-23 11:37:25,clusterA,5,4,4,0,1.00,0.5,0.5,0.0,0.0,0.0
2026-01-23 11:37:25,clusterB,5,4,4,0,1.00,0.5,0.5,0.0,0.0,0.0
2026-01-23 11:37:30,clusterA,5,4,4,0,1.00,0.5,0.5,0.0,0.0,0.0
2026-01-23 11:37:30,clusterB,5,4,4,0,1.00,0.5,0.5,0.0,0.0,0.0
2026-01-23 11:37:35,clusterA,5,4,4,0,1.00,0.5,0.5,0.0,0.0,0.0
2026-01-23 11:37:35,clusterB,5,4,4,0,1.00,0.5,0.5,0.0,0.0,0.0
2026-01-23 11:37:40,clusterA,5,4,4,0,1.00,0.5,0.5,0.0,0.0,0.0
2026-01-23 11:37:40,clusterB,5,4,4,0,1.00,0.5,0.5,0.0,0.0,0.0
2026-01-23 11:37:45,clusterA,5,4,4,0,1.00,0.5,0.5,0.0,0.0,0.0
2026-01-23 11:37:45,clusterB,5,4,4,0,1.00,0.5,0.5,0.0,0.0,0.0
2026-01-23 11:37:50,clusterA,5,4,4,0,1.00,0.5,0.5,0.0,0.0,0.0
2026-01-23 11:37:50,clusterB,5,4,4,0,1.00,0.5,0.5,0.0,0.0,0.0
2026-01-23 11:37:55,clusterA,5,4,4,0,1.00,0.5,0.5,0.0,0.0,0.0
2026-01-23 11:37:55,clusterB,5,4,4,0,1.00,0.5,0.5,0.0,0.0,0.0
2026-01-23 11:38:00,clusterA,5,4,4,0,1.00,0.5,0.5,0.0,0.0,0.0
2026-01-23 11:38:00,clusterB,5,4,4,0,1.00,0.5,0.5,0.0,0.0,0.0
2026-01-23 11:38:05,clusterA,5,4,4,0,1.00,0.5,0.5,0.0,0.0,0.0
2026-01-23 11:38:05,clusterB,5,4,4,0,1.00,0.5,0.5,0.0,0.0,0.0
2026-01-23 11:38:10,clusterA,5,4,4,0,1.00,0.5,0.5,0.0,0.0,0.0
2026-01-23 11:38:10,clusterB,5,4,4,0,1.00,0.5,0.5,0.0,0.0,0.0
2026-01-23 11:38:15,clusterA,5,4,4,0,1.00,0.5,0.5,0.0,0.0,0.0
2026-01-23 11:38:15,clusterB,5,4,4,0,1.00,0.5,0.5,0.0,0.0,0.0
2026-01-23 11:38:20,clusterA,5,4,4,0,1.00,0.5,0.5,0.0,0.0,0.0
2026-01-23 11:38:20,clusterB,5,4,4,0,1.00,0.5,0.5,0.0,0.0,0.0
2026-01-23 11:38:25,clusterA,5,4,4,0,1.00,0.5,0.5,0.0,0.0,0.0
2026-01-23 11:38:25,clusterB,5,4,4,0,1.00,0.5,0.5,0.0,0.0,0.0
2026-01-23 11:38:30,clusterA,5,4,4,0,1.00,0.5,0.5,0.0,0.0,0.0
2026-01-23 11:38:30,clusterB,5,4,4,0,1.00,0.5,0.5,0.0,0.0,0.0
2026-01-23 11:38:35,clusterA,5,4,4,0,1.00,0.5,0.5,0.0,0.0,0.0
2026-01-23 11:38:35,clusterB,5,4,4,0,1.00,0.5,0.5,0.0,0.0,0.0
2026-01-23 11:38:40,clusterA,5,4,4,0,1.00,0.5,0.5,0.0,0.0,0.0
2026-01-23 11:38:40,clusterB,5,4,4,0,1.00,0.5,0.5,0.0,0.0,0.0
2026-01-23 11:38:45,clusterA,5,4,4,0,1.00,0.5,0.5,0.0,0.0,0.0
2026-01-23 11:38:45,clusterB,5,4,4,0,1.00,0.5,0.5,0.0,0.0,0.0
2026-01-23 11:38:50,clusterA,5,4,4,0,1.00,0.5,0.5,0.0,0.0,0.0
2026-01-23 11:38:50,clusterB,5,4,4,0,1.00,0.5,0.5,0.0,0.0,0.0
2026-01-23 11:38:55,clusterA,5,4,4,0,1.00,0.5,0.5,0.0,0.0,0.0
2026-01-23 11:38:55,clusterB,5,4,4,0,1.00,0.5,0.5,0.0,0.0,0.0
2026-01-23 11:39:00,clusterA,5,4,4,0,1.00,0.5,0.5,0.0,0.0,0.0
2026-01-23 11:39:00,clusterB,5,4,4,0,1.00,0.5,0.5,0.0,0.0,0.0
2026-01-23 11:39:05,clusterA,5,4,4,0,1.00,0.5,0.5,0.0,0.0,0.0
2026-01-23 11:39:05,clusterB,5,4,4,0,1.00,0.5,0.5,0.0,0.0,0.0
2026-01-23 11:39:10,clusterA,5,4,4,0,1.00,0.5,0.5,0.0,0.0,0.0
2026-01-23 11:39:10,clusterB,5,4,4,0,1.00,0.5,0.5,0.0,0.0,0.0
2026-01-23 11:39:15,clusterA,5,4,4,0,1.00,0.5,0.5,0.0,0.0,0.0
2026-01-23 11:39:15,clusterB,5,4,4,0,1.00,0.5,0.5,0.0,0.0,0.0
2026-01-23 11:39:20,clusterA,5,4,4,0,1.00,0.5,0.5,0.0,0.0,0.0
2026-01-23 11:39:20,clusterB,5,4,4,0,1.00,0.5,0.5,0.0,0.0,0.0
2026-01-23 11:39:25,clusterA,5,4,4,0,1.00,0.5,0.5,0.0,0.0,0.0
2026-01-23 11:39:25,clusterB,5,4,4,0,1.00,0.5,0.5,0.0,0.0,0.0
2026-01-23 11:39:30,clusterA,5,4,4,0,1.00,0.5,0.5,0.0,0.0,0.0
2026-01-23 11:39:30,clusterB,5,4,4,0,1.00,0.5,0.5,0.0,0.0,0.0
2026-01-23 11:39:35,clusterA,5,4,4,0,1.00,0.5,0.5,0.0,0.0,0.0
2026-01-23 11:39:35,clusterB,5,4,4,0,1.00,0.5,0.5,0.0,0.0,0.0
2026-01-23 11:39:40,clusterA,5,4,4,0,1.00,0.5,0.5,0.0,0.0,0.0
2026-01-23 11:39:40,clusterB,5,4,4,0,1.00,0.5,0.5,0.0,0.0,0.0
2026-01-23 11:39:45,clusterA,5,4,4,0,1.00,0.5,0.5,0.0,0.0,0.0
2026-01-23 11:39:45,clusterB,5,4,4,0,1.00,0.5,0.5,0.0,0.0,0.0
2026-01-23 11:39:50,clusterA,5,4,4,0,1.00,0.5,0.5,0.0,0.0,0.0
2026-01-23 11:39:50,clusterB,5,4,4,0,1.00,0.5,0.5,0.0,0.0,0.0
2026-01-23 11:39:55,clusterA,5,4,4,0,1.00,0.5,0.5,0.0,0.0,0.0
2026-01-23 11:39:55,clusterB,5,4,4,0,1.00,0.5,0.5,0.0,0.0,0.0
2026-01-23 11:40:00,clusterA,5,4,4,0,1.00,0.5,0.5,0.0,0.0,0.0
2026-01-23 11:40:00,clusterB,5,4,4,0,1.00,0.5,0.5,0.0,0.0,0.0
2026-01-23 11:40:05,clusterA,5,4,4,0,1.00,0.5,0.5,0.0,0.0,0.0
2026-01-23 11:40:05,clusterB,5,4,4,0,1.00,0.5,0.5,0.0,0.0,0.0
2026-01-23 11:40:10,clusterA,5,4,4,0,1.00,0.5,0.5,0.0,0.0,0.0
2026-01-23 11:40:10,clusterB,5,4,4,0,1.00,0.5,0.5,0.0,0.0,0.0
2026-01-23 11:40:15,clusterA,5,4,4,0,1.00,0.5,0.5,0.0,0.0,0.0
2026-01-23 11:40:15,clusterB,5,4,4,0,1.00,0.5,0.5,0.0,0.0,0.0
2026-01-23 11:40:20,clusterA,5,4,4,0,1.00,0.5,0.5,0.0,0.0,0.0
2026-01-23 11:40:20,clusterB,5,4,4,0,1.00,0.5,0.5,0.0,0.0,0.0
2026-01-23 11:40:25,clusterA,5,4,4,0,1.00,0.5,0.5,0.0,0.0,0.0
2026-01-23 11:40:25,clusterB,5,4,4,0,1.00,0.5,0.5,0.0,0.0,0.0
2026-01-23 11:40:30,clusterA,5,4,4,0,1.00,0.5,0.5,0.0,0.0,0.0
2026-01-23 11:40:30,clusterB,5,4,4,0,1.00,0.5,0.5,0.0,0.0,0.0
2026-01-23 11:40:35,clusterA,5,4,4,0,1.00,0.5,0.5,0.0,0.0,0.0
2026-01-23 11:40:35,clusterB,5,4,4,0,1.00,0.5,0.5,0.0,0.0,0.0
2026-01-23 11:40:40,clusterA,5,4,4,0,1.00,0.5,0.5,0.0,0.0,0.0
2026-01-23 11:40:40,clusterB,5,4,4,0,1.00,0.5,0.5,0.0,0.0,0.0
2026-01-23 11:40:45,clusterA,5,4,4,0,1.00,0.5,0.5,0.0,0.0,0.0
2026-01-23 11:40:45,clusterB,5,4,4,0,1.00,0.5,0.5,0.0,0.0,0.0
2026-01-23 11:40:50,clusterA,5,4,4,0,1.00,0.5,0.5,0.0,0.0,0.0
2026-01-23 11:40:50,clusterB,5,4,4,0,1.00,0.5,0.5,0.0,0.0,0.0
2026-01-23 11:40:55,clusterA,5,4,4,0,1.00,0.5,0.5,0.0,0.0,0.0
2026-01-23 11:40:55,clusterB,5,4,4,0,1.00,0.5,0.5,0.0,0.0,0.0
2026-01-23 11:41:00,clusterA,5,4,4,0,1.00,0.5,0.5,0.0,0.0,0.0
2026-01-23 11:41:00,clusterB,5,4,0,4,0.00,0.5,0.5,0.0,0.0,0.0
2026-01-23 11:41:06,clusterA,2,4,4,0,1.00,0.5,0.5,0.0,0.0,0.0
2026-01-23 11:41:06,clusterB,2,4,4,0,1.00,0.5,0.5,0.0,0.0,0.0
2026-01-23 11:41:11,clusterA,2,4,4,0,1.00,0.5,0.5,0.0,0.0,0.0
2026-01-23 11:41:11,clusterB,2,4,4,0,1.00,0.5,0.5,0.0,0.0,0.0
2026-01-23 11:41:16,clusterA,2,4,4,0,1.00,0.5,0.5,0.0,0.0,0.0
2026-01-23 11:41:16,clusterB,2,4,4,0,1.00,0.5,0.5,0.0,0.0,0.0
2026-01-23 11:41:21,clusterA,2,4,4,0,1.00,0.5,0.5,0.0,0.0,0.0
2026-01-23 11:41:21,clusterB,2,4,4,0,1.00,0.5,0.5,0.0,0.0,0.0
2026-01-23 11:41:26,clusterA,2,4,4,0,1.00,0.5,0.5,0.0,0.0,0.0
2026-01-23 11:41:26,clusterB,2,4,4,0,1.00,0.5,0.5,0.0,0.0,0.0
2026-01-23 11:41:31,clusterA,2,4,4,0,1.00,0.5,0.5,0.0,0.0,0.0
2026-01-23 11:41:31,clusterB,2,4,4,0,1.00,0.5,0.5,0.0,0.0,0.0
2026-01-23 11:41:36,clusterA,2,4,4,0,1.00,0.5,0.5,0.0,0.0,0.0
2026-01-23 11:41:36,clusterB,2,4,4,0,1.00,0.5,0.5,0.0,0.0,0.0
2026-01-23 11:41:41,clusterA,2,4,4,0,1.00,0.5,0.5,0.0,0.0,0.0
2026-01-23 11:41:41,clusterB,2,4,4,0,1.00,0.5,0.5,0.0,0.0,0.0
2026-01-23 11:41:46,clusterA,2,4,4,0,1.00,0.5,0.5,0.0,0.0,0.0
2026-01-23 11:41:46,clusterB,2,4,4,0,1.00,0.5,0.5,0.0,0.0,0.0
2026-01-23 11:41:51,clusterA,2,4,4,0,1.00,0.5,0.5,0.0,0.0,0.0
2026-01-23 11:41:51,clusterB,2,4,4,0,1.00,0.5,0.5,0.0,0.0,0.0
2026-01-23 11:41:56,clusterA,2,4,4,0,1.00,0.5,0.5,0.0,0.0,0.0
2026-01-23 11:41:56,clusterB,2,4,4,0,1.00,0.5,0.5,0.0,0.0,0.0
2026-01-23 11:42:01,clusterA,2,4,4,0,1.00,0.5,0.5,0.0,0.0,0.0
2026-01-23 11:42:01,clusterB,2,4,4,0,1.00,0.5,0.5,0.0,0.0,0.0
2026-01-23 11:42:06,clusterA,2,4,4,0,1.00,0.5,0.5,0.0,0.0,0.0
2026-01-23 11:42:06,clusterB,2,4,4,0,1.00,0.5,0.5,0.0,0.0,0.0
2026-01-23 11:42:11,clusterA,2,4,4,0,1.00,0.5,0.5,0.0,0.0,0.0
2026-01-23 11:42:11,clusterB,2,4,4,0,1.00,0.5,0.5,0.0,0.0,0.0
2026-01-23 11:42:16,clusterA,2,4,4,0,1.00,0.5,0.5,0.0,0.0,0.0
2026-01-23 11:42:16,clusterB,2,4,4,0,1.00,0.5,0.5,0.0,0.0,0.0
2026-01-23 11:42:21,clusterA,2,4,4,0,1.00,0.5,0.5,0.0,0.0,0.0
2026-01-23 11:42:21,clusterB,2,4,4,0,1.00,0.5,0.5,0.0,0.0,0.0
2026-01-23 11:42:26,clusterA,2,4,4,0,1.00,0.5,0.5,0.0,0.0,0.0
2026-01-23 11:42:26,clusterB,2,4,4,0,1.00,0.5,0.5,0.0,0.0,0.0
2026-01-23 11:42:31,clusterA,2,4,4,0,1.00,0.5,0.5,0.0,0.0,0.0
2026-01-23 11:42:31,clusterB,2,4,4,0,1.00,0.5,0.5,0.0,0.0,0.0
2026-01-23 11:42:36,clusterA,2,4,4,0,1.00,0.5,0.5,0.0,0.0,0.0
2026-01-23 11:42:36,clusterB,2,4,4,0,1.00,0.5,0.5,0.0,0.0,0.0
2026-01-23 11:42:41,clusterA,2,4,4,0,1.00,0.5,0.5,0.0,0.0,0.0
2026-01-23 11:42:41,clusterB,2,4,4,0,1.00,0.5,0.5,0.0,0.0,0.0
2026-01-23 11:42:46,clusterA,2,4,4,0,1.00,0.5,0.5,0.0,0.0,0.0
2026-01-23 11:42:46,clusterB,2,4,4,0,1.00,0.5,0.5,0.0,0.0,0.0
2026-01-23 11:42:51,clusterA,2,4,4,0,1.00,0.5,0.5,0.0,0.0,0.0
2026-01-23 11:42:51,clusterB,2,4,4,0,1.00,0.5,0.5,0.0,0.0,0.0
2026-01-23 11:42:56,clusterA,2,4,4,0,1.00,0.5,0.5,0.0,0.0,0.0
2026-01-23 11:42:56,clusterB,2,4,4,0,1.00,0.5,0.5,0.0,0.0,0.0
2026-01-23 11:43:01,clusterA,2,4,4,0,1.00,0.5,0.5,0.0,0.0,0.0
2026-01-23 11:43:01,clusterB,2,4,4,0,1.00,0.5,0.5,0.0,0.0,0.0
2026-01-23 11:43:06,clusterA,2,4,4,0,1.00,0.5,0.5,0.0,0.0,0.0
2026-01-23 11:43:06,clusterB,2,4,4,0,1.00,0.5,0.5,0.0,0.0,0.0
2026-01-23 11:43:11,clusterA,2,4,4,0,1.00,0.5,0.5,0.0,0.0,0.0
2026-01-23 11:43:11,clusterB,2,4,4,0,1.00,0.5,0.5,0.0,0.0,0.0
2026-01-23 11:43:16,clusterA,2,4,4,0,1.00,0.5,0.5,0.0,0.0,0.0
2026-01-23 11:43:16,clusterB,2,4,4,0,1.00,0.5,0.5,0.0,0.0,0.0
2026-01-23 11:43:21,clusterA,2,4,4,0,1.00,0.5,0.5,0.0,0.0,0.0
2026-01-23 11:43:21,clusterB,2,4,4,0,1.00,0.5,0.5,0.0,0.0,0.0
2026-01-23 11:43:26,clusterA,2,4,4,0,1.00,0.5,0.5,0.0,0.0,0.0
2026-01-23 11:43:26,clusterB,2,4,4,0,1.00,0.5,0.5,0.0,0.0,0.0
2026-01-23 11:43:31,clusterA,2,4,4,0,1.00,0.5,0.5,0.0,0.0,0.0
2026-01-23 11:43:31,clusterB,2,4,4,0,1.00,0.5,0.5,0.0,0.0,0.0
2026-01-23 11:43:36,clusterA,2,4,4,0,1.00,0.5,0.5,0.0,0.0,0.0
2026-01-23 11:43:36,clusterB,2,4,4,0,1.00,0.5,0.5,0.0,0.0,0.0
2026-01-23 11:43:41,clusterA,2,4,4,0,1.00,0.5,0.5,0.0,0.0,0.0
2026-01-23 11:43:41,clusterB,2,4,4,0,1.00,0.5,0.5,0.0,0.0,0.0
2026-01-23 11:43:46,clusterA,2,4,4,0,1.00,0.5,0.5,0.0,0.0,0.0
2026-01-23 11:43:46,clusterB,2,4,4,0,1.00,0.5,0.5,0.0,0.0,0.0
2026-01-23 11:43:51,clusterA,2,4,4,0,1.00,0.5,0.5,0.0,0.0,0.0
2026-01-23 11:43:51,clusterB,2,4,4,0,1.00,0.5,0.5,0.0,0.0,0.0
2026-01-23 11:43:56,clusterA,2,4,4,0,1.00,0.5,0.5,0.0,0.0,0.0
2026-01-23 11:43:56,clusterB,2,4,4,0,1.00,0.5,0.5,0.0,0.0,0.0
2026-01-23 11:44:01,clusterA,2,4,4,0,1.00,0.5,0.5,0.0,0.0,0.0
2026-01-23 11:44:01,clusterB,2,4,4,0,1.00,0.5,0.5,0.0,0.0,0.0
2026-01-23 11:44:06,clusterA,2,4,4,0,1.00,0.5,0.5,0.0,0.0,0.0
2026-01-23 11:44:06,clusterB,2,4,4,0,1.00,0.5,0.5,0.0,0.0,0.0
2026-01-23 11:44:11,clusterA,2,4,4,0,1.00,0.5,0.5,0.0,0.0,0.0
2026-01-23 11:44:11,clusterB,2,4,4,0,1.00,0.5,0.5,0.0,0.0,0.0
2026-01-23 11:44:16,clusterA,2,4,4,0,1.00,0.5,0.5,0.0,0.0,0.0
2026-01-23 11:44:16,clusterB,2,4,4,0,1.00,0.5,0.5,0.0,0.0,0.0
2026-01-23 11:44:21,clusterA,2,4,4,0,1.00,0.5,0.5,0.0,0.0,0.0
2026-01-23 11:44:21,clusterB,2,4,4,0,1.00,0.5,0.5,0.0,0.0,0.0
2026-01-23 11:44:26,clusterA,2,4,4,0,1.00,0.5,0.5,0.0,0.0,0.0
2026-01-23 11:44:26,clusterB,2,4,4,0,1.00,0.5,0.5,0.0,0.0,0.0
2026-01-23 11:44:31,clusterA,2,4,4,0,1.00,0.5,0.5,0.0,0.0,0.0
2026-01-23 11:44:31,clusterB,2,4,4,0,1.00,0.5,0.5,0.0,0.0,0.0
2026-01-23 11:44:36,clusterA,2,4,4,0,1.00,0.5,0.5,0.0,0.0,0.0
2026-01-23 11:44:36,clusterB,2,4,4,0,1.00,0.5,0.5,0.0,0.0,0.0
2026-01-23 11:44:41,clusterA,2,4,4,0,1.00,0.5,0.5,0.0,0.0,0.0
2026-01-23 11:44:41,clusterB,2,4,4,0,1.00,0.5,0.5,0.0,0.0,0.0
2026-01-23 11:44:46,clusterA,2,4,4,0,1.00,0.5,0.5,0.0,0.0,0.0
2026-01-23 11:44:46,clusterB,2,4,4,0,1.00,0.5,0.5,0.0,0.0,0.0
2026-01-23 11:44:51,clusterA,2,4,4,0,1.00,0.5,0.5,0.0,0.0,0.0
2026-01-23 11:44:51,clusterB,2,4,4,0,1.00,0.5,0.5,0.0,0.0,0.0
2026-01-23 11:44:56,clusterA,2,4,4,0,1.00,0.5,0.5,0.0,0.0,0.0
2026-01-23 11:44:56,clusterB,2,4,4,0,1.00,0.5,0.5,0.0,0.0,0.0
2026-01-23 11:45:01,clusterA,2,4,4,0,1.00,0.5,0.5,0.0,0.0,0.0
2026-01-23 11:45:01,clusterB,2,4,4,0,1.00,0.5,0.5,0.0,0.0,0.0
2026-01-23 11:45:06,clusterA,2,4,4,0,1.00,0.5,0.5,0.0,0.0,0.0
2026-01-23 11:45:06,clusterB,2,4,4,0,1.00,0.5,0.5,0.0,0.0,0.0
2026-01-23 11:45:11,clusterA,2,4,4,0,1.00,0.5,0.5,0.0,0.0,0.0
2026-01-23 11:45:11,clusterB,2,4,4,0,1.00,0.5,0.5,0.0,0.0,0.0
2026-01-23 11:45:16,clusterA,2,4,4,0,1.00,0.5,0.5,0.0,0.0,0.0
2026-01-23 11:45:16,clusterB,2,4,4,0,1.00,0.5,0.5,0.0,0.0,0.0
2026-01-23 11:45:21,clusterA,2,4,4,0,1.00,0.5,0.5,0.0,0.0,0.0
2026-01-23 11:45:21,clusterB,2,4,4,0,1.00,0.5,0.5,0.0,0.0,0.0
2026-01-23 11:45:26,clusterA,2,4,4,0,1.00,0.5,0.5,0.0,0.0,0.0
2026-01-23 11:45:26,clusterB,2,4,4,0,1.00,0.5,0.5,0.0,0.0,0.0
2026-01-23 11:45:31,clusterA,2,4,4,0,1.00,0.5,0.5,0.0,0.0,0.0
2026-01-23 11:45:31,clusterB,2,4,4,0,1.00,0.5,0.5,0.0,0.0,0.0
2026-01-23 11:45:36,clusterA,2,4,4,0,1.00,0.5,0.5,0.0,0.0,0.0
2026-01-23 11:45:36,clusterB,2,4,4,0,1.00,0.5,0.5,0.0,0.0,0.0
2026-01-23 11:45:41,clusterA,2,4,4,0,1.00,0.5,0.5,0.0,0.0,0.0
2026-01-23 11:45:41,clusterB,2,4,4,0,1.00,0.5,0.5,0.0,0.0,0.0
2026-01-23 11:45:46,clusterA,2,4,4,0,1.00,0.5,0.5,0.0,0.0,0.0
2026-01-23 11:45:46,clusterB,2,4,4,0,1.00,0.5,0.5,0.0,0.0,0.0
2026-01-23 11:45:51,clusterA,2,4,4,0,1.00,0.5,0.5,0.0,0.0,0.0
2026-01-23 11:45:51,clusterB,2,4,4,0,1.00,0.5,0.5,0.0,0.0,0.0
2026-01-23 11:45:56,clusterA,2,4,4,0,1.00,0.5,0.5,0.0,0.0,0.0
2026-01-23 11:45:56,clusterB,2,4,4,0,1.00,0.5,0.5,0.0,0.0,0.0
2026-01-23 11:46:01,clusterA,2,4,4,0,1.00,0.5,0.5,0.0,0.0,0.0
2026-01-23 11:46:01,clusterB,2,4,4,0,1.00,0.5,0.5,0.0,0.0,0.0
2026-01-23 11:46:06,clusterA,2,4,4,0,1.00,0.5,0.5,0.0,0.0,0.0
2026-01-23 11:46:06,clusterB,2,4,4,0,1.00,0.5,0.5,0.0,0.0,0.0
2026-01-23 11:46:11,clusterA,2,4,4,0,1.00,0.5,0.5,0.0,0.0,0.0
2026-01-23 11:46:11,clusterB,2,4,4,0,1.00,0.5,0.5,0.0,0.0,0.0
2026-01-23 11:46:16,clusterA,2,4,4,0,1.00,0.5,0.5,0.0,0.0,0.0
2026-01-23 11:46:16,clusterB,2,4,4,0,1.00,0.5,0.5,0.0,0.0,0.0
2026-01-23 11:46:21,clusterA,2,4,4,0,1.00,0.5,0.5,0.0,0.0,0.0
2026-01-23 11:46:21,clusterB,2,4,4,0,1.00,0.5,0.5,0.0,0.0,0.0
2026-01-23 11:46:26,clusterA,2,4,4,0,1.00,0.5,0.5,0.0,0.0,0.0
2026-01-23 11:46:26,clusterB,2,4,4,0,1.00,0.5,0.5,0.0,0.0,0.0
2026-01-23 11:46:31,clusterA,2,4,4,0,1.00,0.5,0.5,0.0,0.0,0.0
2026-01-23 11:46:31,clusterB,2,4,4,0,1.00,0.5,0.5,0.0,0.0,0.0
2026-01-23 11:46:36,clusterA,2,4,4,0,1.00,0.5,0.5,0.0,0.0,0.0
2026-01-23 11:46:36,clusterB,2,4,4,0,1.00,0.5,0.5,0.0,0.0,0.0
2026-01-23 11:46:41,clusterA,2,4,4,0,1.00,0.5,0.5,0.0,0.0,0.0
2026-01-23 11:46:41,clusterB,2,4,4,0,1.00,0.5,0.5,0.0,0.0,0.0
2026-01-23 11:46:46,clusterA,2,4,4,0,1.00,0.5,0.5,0.0,0.0,0.0
2026-01-23 11:46:46,clusterB,2,4,4,0,1.00,0.5,0.5,0.0,0.0,0.0
2026-01-23 11:46:51,clusterA,2,4,4,0,1.00,0.5,0.5,0.0,0.0,0.0
2026-01-23 11:46:51,clusterB,2,4,4,0,1.00,0.5,0.5,0.0,0.0,0.0
2026-01-23 11:46:56,clusterA,2,4,4,0,1.00,0.5,0.5,0.0,0.0,0.0
2026-01-23 11:46:56,clusterB,2,4,4,0,1.00,0.5,0.5,0.0,0.0,0.0
2026-01-23 11:47:01,clusterA,2,4,4,0,1.00,0.5,0.5,0.0,0.0,0.0
2026-01-23 11:47:01,clusterB,2,4,4,0,1.00,0.5,0.5,0.0,0.0,0.0
2026-01-23 11:47:06,clusterA,2,4,4,0,1.00,0.5,0.5,0.0,0.0,0.0
2026-01-23 11:47:06,clusterB,2,4,4,0,1.00,0.5,0.5,0.0,0.0,0.0
2026-01-23 11:47:11,clusterA,2,4,4,0,1.00,0.5,0.5,0.0,0.0,0.0
2026-01-23 11:47:11,clusterB,2,4,4,0,1.00,0.5,0.5,0.0,0.0,0.0
2026-01-23 11:47:16,clusterA,2,4,4,0,1.00,0.5,0.5,0.0,0.0,0.0
2026-01-23 11:47:16,clusterB,2,4,4,0,1.00,0.5,0.5,0.0,0.0,0.0
2026-01-23 11:47:21,clusterA,2,4,4,0,1.00,0.5,0.5,0.0,0.0,0.0
2026-01-23 11:47:21,clusterB,2,4,4,0,1.00,0.5,0.5,0.0,0.0,0.0
2026-01-23 11:47:26,clusterA,2,4,4,0,1.00,0.5,0.5,0.0,0.0,0.0
2026-01-23 11:47:26,clusterB,2,4,4,0,1.00,0.5,0.5,0.0,0.0,0.0
2026-01-23 11:47:31,clusterA,2,4,4,0,1.00,0.5,0.5,0.0,0.0,0.0
2026-01-23 11:47:31,clusterB,2,4,4,0,1.00,0.5,0.5,0.0,0.0,0.0
2026-01-23 11:47:36,clusterA,2,4,4,0,1.00,0.5,0.5,0.0,0.0,0.0
2026-01-23 11:47:36,clusterB,2,4,4,0,1.00,0.5,0.5,0.0,0.0,0.0
2026-01-23 11:47:41,clusterA,2,4,4,0,1.00,0.5,0.5,0.0,0.0,0.0
2026-01-23 11:47:41,clusterB,2,4,4,0,1.00,0.5,0.5,0.0,0.0,0.0
2026-01-23 11:47:46,clusterA,2,4,4,0,1.00,0.5,0.5,0.0,0.0,0.0
2026-01-23 11:47:46,clusterB,2,4,4,0,1.00,0.5,0.5,0.0,0.0,0.0
2026-01-23 11:47:51,clusterA,2,4,4,0,1.00,0.5,0.5,0.0,0.0,0.0
2026-01-23 11:47:51,clusterB,2,4,4,0,1.00,0.5,0.5,0.0,0.0,0.0
2026-01-23 11:47:56,clusterA,2,4,4,0,1.00,0.5,0.5,0.0,0.0,0.0
2026-01-23 11:47:56,clusterB,2,4,4,0,1.00,0.5,0.5,0.0,0.0,0.0
2026-01-23 11:48:01,clusterA,2,4,4,0,1.00,0.5,0.5,0.0,0.0,0.0
2026-01-23 11:48:01,clusterB,2,4,4,0,1.00,0.5,0.5,0.0,0.0,0.0
2026-01-23 11:48:06,clusterA,2,4,4,0,1.00,0.5,0.5,0.0,0.0,0.0
2026-01-23 11:48:06,clusterB,2,4,4,0,1.00,0.5,0.5,0.0,0.0,0.0
2026-01-23 11:48:11,clusterA,2,4,4,0,1.00,0.5,0.5,0.0,0.0,0.0
2026-01-23 11:48:11,clusterB,2,4,4,0,1.00,0.5,0.5,0.0,0.0,0.0
2026-01-23 11:48:16,clusterA,2,4,4,0,1.00,0.5,0.5,0.0,0.0,0.0
2026-01-23 11:48:16,clusterB,2,4,4,0,1.00,0.5,0.5,0.0,0.0,0.0
2026-01-23 11:48:21,clusterA,2,4,4,0,1.00,0.5,0.5,0.0,0.0,0.0
2026-01-23 11:48:21,clusterB,2,4,4,0,1.00,0.5,0.5,0.0,0.0,0.0
2026-01-23 11:48:26,clusterA,2,4,4,0,1.00,0.5,0.5,0.0,0.0,0.0
2026-01-23 11:48:26,clusterB,2,4,4,0,1.00,0.5,0.5,0.0,0.0,0.0
2026-01-23 11:48:31,clusterA,2,4,4,0,1.00,0.5,0.5,0.0,0.0,0.0
2026-01-23 11:48:31,clusterB,2,4,4,0,1.00,0.5,0.5,0.0,0.0,0.0
2026-01-23 11:48:36,clusterA,2,4,4,0,1.00,0.5,0.5,0.0,0.0,0.0
2026-01-23 11:48:36,clusterB,2,4,4,0,1.00,0.5,0.5,0.0,0.0,0.0
2026-01-23 11:48:41,clusterA,2,4,4,0,1.00,0.5,0.5,0.0,0.0,0.0
2026-01-23 11:48:41,clusterB,2,4,4,0,1.00,0.5,0.5,0.0,0.0,0.0
2026-01-23 11:48:46,clusterA,2,4,4,0,1.00,0.5,0.5,0.0,0.0,0.0
2026-01-23 11:48:46,clusterB,2,4,4,0,1.00,0.5,0.5,0.0,0.0,0.0
2026-01-23 11:48:51,clusterA,2,4,4,0,1.00,0.5,0.5,0.0,0.0,0.0
2026-01-23 11:48:51,clusterB,2,4,4,0,1.00,0.5,0.5,0.0,0.0,0.0
2026-01-23 11:48:56,clusterA,2,4,4,0,1.00,0.5,0.5,0.0,0.0,0.0
2026-01-23 11:48:56,clusterB,2,4,4,0,1.00,0.5,0.5,0.0,0.0,0.0
2026-01-23 11:49:01,clusterA,2,4,4,0,1.00,0.5,0.5,0.0,0.0,0.0
2026-01-23 11:49:01,clusterB,2,4,4,0,1.00,0.5,0.5,0.0,0.0,0.0
2026-01-23 11:49:06,clusterA,2,4,4,0,1.00,0.5,0.5,0.0,0.0,0.0
2026-01-23 11:49:06,clusterB,2,4,4,0,1.00,0.5,0.5,0.0,0.0,0.0
2026-01-23 11:49:11,clusterA,2,4,4,0,1.00,0.5,0.5,0.0,0.0,0.0
2026-01-23 11:49:11,clusterB,2,4,4,0,1.00,0.5,0.5,0.0,0.0,0.0
2026-01-23 11:49:16,clusterA,2,4,4,0,1.00,0.5,0.5,0.0,0.0,0.0
2026-01-23 11:49:16,clusterB,2,4,4,0,1.00,0.5,0.5,0.0,0.0,0.0
2026-01-23 11:49:21,clusterA,2,4,4,0,1.00,0.5,0.5,0.0,0.0,0.0
2026-01-23 11:49:21,clusterB,2,4,4,0,1.00,0.5,0.5,0.0,0.0,0.0
2026-01-23 11:49:26,clusterA,2,4,4,0,1.00,0.5,0.5,0.0,0.0,0.0
2026-01-23 11:49:26,clusterB,2,4,4,0,1.00,0.5,0.5,0.0,0.0,0.0
2026-01-23 11:49:31,clusterA,2,4,4,0,1.00,0.5,0.5,0.0,0.0,0.0
2026-01-23 11:49:31,clusterB,2,4,4,0,1.00,0.5,0.5,0.0,0.0,0.0
2026-01-23 11:49:36,clusterA,2,4,4,0,1.00,0.5,0.5,0.0,0.0,0.0
2026-01-23 11:49:36,clusterB,2,4,4,0,1.00,0.5,0.5,0.0,0.0,0.0
2026-01-23 11:49:41,clusterA,2,4,4,0,1.00,0.5,0.5,0.0,0.0,0.0
2026-01-23 11:49:41,clusterB,2,4,4,0,1.00,0.5,0.5,0.0,0.0,0.0
2026-01-23 11:49:46,clusterA,2,4,4,0,1.00,0.5,0.5,0.0,0.0,0.0
2026-01-23 11:49:46,clusterB,2,4,4,0,1.00,0.5,0.5,0.0,0.0,0.0
2026-01-23 11:49:51,clusterA,2,4,4,0,1.00,0.5,0.5,0.0,0.0,0.0
2026-01-23 11:49:51,clusterB,2,4,4,0,1.00,0.5,0.5,0.0,0.0,0.0
2026-01-23 11:49:56,clusterA,2,4,4,0,1.00,0.5,0.5,0.0,0.0,0.0
2026-01-23 11:49:56,clusterB,2,4,4,0,1.00,0.5,0.5,0.0,0.0,0.0
2026-01-23 11:50:01,clusterA,2,4,4,0,1.00,0.5,0.5,0.0,0.0,0.0
2026-01-23 11:50:01,clusterB,2,4,4,0,1.00,0.5,0.5,0.0,0.0,0.0
2026-01-23 11:50:06,clusterA,2,4,4,0,1.00,0.5,0.5,0.0,0.0,0.0
2026-01-23 11:50:06,clusterB,2,4,4,0,1.00,0.5,0.5,0.0,0.0,0.0
2026-01-23 11:50:11,clusterA,2,4,4,0,1.00,0.5,0.5,0.0,0.0,0.0
2026-01-23 11:50:11,clusterB,2,4,4,0,1.00,0.5,0.5,0.0,0.0,0.0
2026-01-23 11:50:16,clusterA,2,4,4,0,1.00,0.5,0.5,0.0,0.0,0.0
2026-01-23 11:50:16,clusterB,2,4,4,0,1.00,0.5,0.5,0.0,0.0,0.0
2026-01-23 11:50:21,clusterA,2,4,4,0,1.00,0.5,0.5,0.0,0.0,0.0
2026-01-23 11:50:21,clusterB,2,4,4,0,1.00,0.5,0.5,0.0,0.0,0.0
2026-01-23 11:50:26,clusterA,2,4,4,0,1.00,0.5,0.5,0.0,0.0,0.0
2026-01-23 11:50:26,clusterB,2,4,4,0,1.00,0.5,0.5,0.0,0.0,0.0
2026-01-23 11:50:31,clusterA,2,4,4,0,1.00,0.5,0.5,0.0,0.0,0.0
2026-01-23 11:50:31,clusterB,2,4,4,0,1.00,0.5,0.5,0.0,0.0,0.0
2026-01-23 11:50:36,clusterA,2,4,4,0,1.00,0.5,0.5,0.0,0.0,0.0
2026-01-23 11:50:36,clusterB,2,4,4,0,1.00,0.5,0.5,0.0,0.0,0.0
2026-01-23 11:50:41,clusterA,2,4,4,0,1.00,0.5,0.5,0.0,0.0,0.0
2026-01-23 11:50:41,clusterB,2,4,4,0,1.00,0.5,0.5,0.0,0.0,0.0
2026-01-23 11:50:46,clusterA,2,4,4,0,1.00,0.5,0.5,0.0,0.0,0.0
2026-01-23 11:50:46,clusterB,2,4,4,0,1.00,0.5,0.5,0.0,0.0,0.0
2026-01-23 11:50:51,clusterA,2,4,4,0,1.00,0.5,0.5,0.0,0.0,0.0
2026-01-23 11:50:51,clusterB,2,4,4,0,1.00,0.5,0.5,0.0,0.0,0.0
2026-01-23 11:50:56,clusterA,2,4,4,0,1.00,0.5,0.5,0.0,0.0,0.0
2026-01-23 11:50:56,clusterB,2,4,4,0,1.00,0.5,0.5,0.0,0.0,0.0
2026-01-23 11:51:01,clusterA,2,4,4,0,1.00,0.5,0.5,0.0,0.0,0.0
2026-01-23 11:51:01,clusterB,2,4,4,0,1.00,0.5,0.5,0.0,0.0,0.0
2026-01-23 11:51:06,clusterA,2,4,4,0,1.00,0.5,0.5,0.0,0.0,0.0
2026-01-23 11:51:06,clusterB,2,4,4,0,1.00,0.5,0.5,0.0,0.0,0.0
2026-01-23 11:51:11,clusterA,2,4,4,0,1.00,0.5,0.5,0.0,0.0,0.0
2026-01-23 11:51:11,clusterB,2,4,4,0,1.00,0.5,0.5,0.0,0.0,0.0
2026-01-23 11:51:16,clusterA,2,4,4,0,1.00,0.5,0.5,0.0,0.0,0.0
2026-01-23 11:51:16,clusterB,2,4,4,0,1.00,0.5,0.5,0.0,0.0,0.0
2026-01-23 11:51:21,clusterA,2,4,4,0,1.00,0.5,0.5,0.0,0.0,0.0
2026-01-23 11:51:21,clusterB,2,4,4,0,1.00,0.5,0.5,0.0,0.0,0.0
2026-01-23 11:51:26,clusterA,2,4,4,0,1.00,0.5,0.5,0.0,0.0,0.0
2026-01-23 11:51:26,clusterB,2,4,2,2,0.50,0.5,0.5,0.0,0.0,0.0
2026-01-23 11:51:31,clusterA,2,4,4,0,1.00,0.5,0.5,0.0,0.0,0.0
2026-01-23 11:51:31,clusterB,2,4,2,2,0.50,0.5,0.5,0.0,0.0,0.0
2026-01-23 11:51:36,clusterA,2,4,4,0,1.00,0.5,0.5,0.0,0.0,0.0
2026-01-23 11:51:36,clusterB,2,4,2,2,0.50,0.5,0.5,0.0,0.0,0.0
2026-01-23 11:51:41,clusterA,2,4,4,0,1.00,0.5,0.5,0.0,0.0,0.0
2026-01-23 11:51:41,clusterB,2,4,2,2,0.50,0.5,0.5,0.0,0.0,0.0
2026-01-23 11:51:46,clusterA,2,4,4,0,1.00,0.5,0.5,0.0,0.0,0.0
2026-01-23 11:51:46,clusterB,2,4,2,2,0.50,0.5,0.5,0.0,0.0,0.0
2026-01-23 11:51:51,clusterA,2,4,4,0,1.00,0.5,0.5,0.0,0.0,0.0
2026-01-23 11:51:51,clusterB,2,4,2,2,0.50,0.5,0.5,0.0,0.0,0.0
2026-01-23 11:51:56,clusterA,2,4,4,0,1.00,0.5,0.5,0.0,0.0,0.0
2026-01-23 11:51:56,clusterB,2,4,2,2,0.50,0.5,0.5,0.0,0.0,0.0
2026-01-23 11:52:01,clusterA,2,4,4,0,1.00,0.5,0.5,0.0,0.0,0.0
2026-01-23 11:52:01,clusterB,2,4,2,2,0.50,0.5,0.5,0.0,0.0,0.0
2026-01-23 11:52:06,clusterA,2,4,4,0,1.00,0.5,0.5,0.0,0.0,0.0
2026-01-23 11:52:06,clusterB,2,4,2,2,0.50,0.5,0.5,0.0,0.0,0.0
2026-01-23 11:52:11,clusterA,2,4,4,0,1.00,0.5,0.5,0.0,0.0,0.0
2026-01-23 11:52:11,clusterB,2,4,2,2,0.50,0.5,0.5,0.0,0.0,0.0
2026-01-23 11:52:16,clusterA,2,4,4,0,1.00,0.5,0.5,0.0,0.0,0.0
2026-01-23 11:52:16,clusterB,2,4,2,2,0.50,0.5,0.5,0.0,0.0,0.0
2026-01-23 11:52:21,clusterA,2,4,4,0,1.00,0.5,0.5,0.0,0.0,0.0
2026-01-23 11:52:21,clusterB,2,4,2,2,0.50,0.5,0.5,0.0,0.0,0.0
2026-01-23 11:52:26,clusterA,2,4,4,0,1.00,0.5,0.5,0.0,0.0,0.0
2026-01-23 11:52:26,clusterB,2,4,2,2,0.50,0.5,0.5,0.0,0.0,0.0
2026-01-23 11:52:31,clusterA,2,4,4,0,1.00,0.5,0.5,0.0,0.0,0.0
2026-01-23 11:52:31,clusterB,2,4,2,2,0.50,0.5,0.5,0.0,0.0,0.0
2026-01-23 11:52:36,clusterA,2,4,4,0,1.00,0.5,0.5,0.0,0.0,0.0
2026-01-23 11:52:36,clusterB,2,4,2,2,0.50,0.5,0.5,0.0,0.0,0.0
2026-01-23 11:52:41,clusterA,2,4,4,0,1.00,0.5,0.5,0.0,0.0,0.0
2026-01-23 11:52:41,clusterB,2,4,2,2,0.50,0.5,0.5,0.0,0.0,0.0
2026-01-23 11:52:46,clusterA,2,4,4,0,1.00,0.5,0.5,0.0,0.0,0.0
2026-01-23 11:52:46,clusterB,2,4,2,2,0.50,0.5,0.5,0.0,0.0,0.0
2026-01-23 11:52:51,clusterA,2,4,4,0,1.00,0.5,0.5,0.0,0.0,0.0
2026-01-23 11:52:51,clusterB,2,4,2,2,0.50,0.5,0.5,0.0,0.0,0.0
2026-01-23 11:52:56,clusterA,2,4,4,0,1.00,0.5,0.5,0.0,0.0,0.0
2026-01-23 11:52:56,clusterB,2,4,2,2,0.50,0.5,0.5,0.0,0.0,0.0
2026-01-23 11:53:01,clusterA,2,4,4,0,1.00,0.5,0.5,0.0,0.0,0.0
2026-01-23 11:53:01,clusterB,2,4,2,2,0.50,0.5,0.5,0.0,0.0,0.0
2026-01-23 11:53:06,clusterA,2,4,4,0,1.00,0.5,0.5,0.0,0.0,0.0
2026-01-23 11:53:06,clusterB,2,4,2,2,0.50,0.5,0.5,0.0,0.0,0.0
2026-01-23 11:53:11,clusterA,2,4,4,0,1.00,0.5,0.5,0.0,0.0,0.0
2026-01-23 11:53:11,clusterB,2,4,2,2,0.50,0.5,0.5,0.0,0.0,0.0
2026-01-23 11:53:16,clusterA,2,4,4,0,1.00,0.5,0.5,0.0,0.0,0.0
2026-01-23 11:53:16,clusterB,2,4,2,2,0.50,0.5,0.5,0.0,0.0,0.0
2026-01-23 11:53:21,clusterA,2,4,4,0,1.00,0.5,0.5,0.0,0.0,0.0
2026-01-23 11:53:21,clusterB,2,4,2,2,0.50,0.5,0.5,0.0,0.0,0.0
2026-01-23 11:53:26,clusterA,2,4,4,0,1.00,0.5,0.5,0.0,0.0,0.0
2026-01-23 11:53:26,clusterB,2,4,2,2,0.50,0.5,0.5,0.0,0.0,0.0
2026-01-23 11:53:31,clusterA,2,4,4,0,1.00,0.5,0.5,0.0,0.0,0.0
2026-01-23 11:53:31,clusterB,2,4,2,2,0.50,0.5,0.5,0.0,0.0,0.0
2026-01-23 11:53:36,clusterA,2,4,4,0,1.00,0.5,0.5,0.0,0.0,0.0
2026-01-23 11:53:36,clusterB,2,4,2,2,0.50,0.5,0.5,0.0,0.0,0.0
2026-01-23 11:53:41,clusterA,2,4,4,0,1.00,0.5,0.5,0.0,0.0,0.0
2026-01-23 11:53:41,clusterB,2,4,2,2,0.50,0.5,0.5,0.0,0.0,0.0
2026-01-23 11:53:46,clusterA,2,4,4,0,1.00,0.5,0.5,0.0,0.0,0.0
2026-01-23 11:53:46,clusterB,2,4,2,2,0.50,0.5,0.5,0.0,0.0,0.0
2026-01-23 11:53:51,clusterA,2,4,4,0,1.00,0.5,0.5,0.0,0.0,0.0
2026-01-23 11:53:51,clusterB,2,4,2,2,0.50,0.5,0.5,0.0,0.0,0.0
2026-01-23 11:53:56,clusterA,2,4,4,0,1.00,0.5,0.5,0.0,0.0,0.0
2026-01-23 11:53:56,clusterB,2,4,2,2,0.50,0.5,0.5,0.0,0.0,0.0
2026-01-23 11:54:01,clusterA,2,4,4,0,1.00,0.5,0.5,0.0,0.0,0.0
2026-01-23 11:54:01,clusterB,2,4,2,2,0.50,0.5,0.5,0.0,0.0,0.0
2026-01-23 11:54:06,clusterA,2,4,4,0,1.00,0.5,0.5,0.0,0.0,0.0
2026-01-23 11:54:06,clusterB,2,4,2,2,0.50,0.5,0.5,0.0,0.0,0.0
2026-01-23 11:54:11,clusterA,2,4,4,0,1.00,0.5,0.5,0.0,0.0,0.0
2026-01-23 11:54:11,clusterB,2,4,2,2,0.50,0.5,0.5,0.0,0.0,0.0
2026-01-23 11:54:16,clusterA,2,4,4,0,1.00,0.5,0.5,0.0,0.0,0.0
2026-01-23 11:54:16,clusterB,2,4,2,2,0.50,0.5,0.5,0.0,0.0,0.0
2026-01-23 11:54:21,clusterA,2,4,4,0,1.00,0.5,0.5,0.0,0.0,0.0
2026-01-23 11:54:21,clusterB,2,4,2,2,0.50,0.5,0.5,0.0,0.0,0.0
2026-01-23 11:54:26,clusterA,2,4,4,0,1.00,0.5,0.5,0.0,0.0,0.0
2026-01-23 11:54:26,clusterB,2,4,2,2,0.50,0.5,0.5,0.0,0.0,0.0
2026-01-23 11:54:31,clusterA,2,4,4,0,1.00,0.5,0.5,0.0,0.0,0.0
2026-01-23 11:54:31,clusterB,2,4,2,2,0.50,0.5,0.5,0.0,0.0,0.0
2026-01-23 11:54:36,clusterA,2,4,4,0,1.00,0.5,0.5,0.0,0.0,0.0
2026-01-23 11:54:36,clusterB,2,4,2,2,0.50,0.5,0.5,0.0,0.0,0.0
2026-01-23 11:54:41,clusterA,2,4,4,0,1.00,0.5,0.5,0.0,0.0,0.0
2026-01-23 11:54:41,clusterB,2,4,2,2,0.50,0.5,0.5,0.0,0.0,0.0
2026-01-23 11:54:46,clusterA,2,4,4,0,1.00,0.5,0.5,0.0,0.0,0.0
2026-01-23 11:54:46,clusterB,2,4,2,2,0.50,0.5,0.5,0.0,0.0,0.0
2026-01-23 11:54:51,clusterA,2,4,4,0,1.00,0.5,0.5,0.0,0.0,0.0
2026-01-23 11:54:51,clusterB,2,4,2,2,0.50,0.5,0.5,0.0,0.0,0.0
2026-01-23 11:54:56,clusterA,2,4,4,0,1.00,0.5,0.5,0.0,0.0,0.0
2026-01-23 11:54:56,clusterB,2,4,2,2,0.50,0.5,0.5,0.0,0.0,0.0
2026-01-23 11:55:01,clusterA,2,4,4,0,1.00,0.5,0.5,0.0,0.0,0.0
2026-01-23 11:55:01,clusterB,2,4,2,2,0.50,0.5,0.5,0.0,0.0,0.0
2026-01-23 11:55:06,clusterA,2,4,4,0,1.00,0.5,0.5,0.0,0.0,0.0
2026-01-23 11:55:06,clusterB,2,4,2,2,0.50,0.5,0.5,0.0,0.0,0.0
2026-01-23 11:55:11,clusterA,2,4,4,0,1.00,0.5,0.5,0.0,0.0,0.0
2026-01-23 11:55:11,clusterB,2,4,2,2,0.50,0.5,0.5,0.0,0.0,0.0
2026-01-23 11:55:16,clusterA,2,4,4,0,1.00,0.5,0.5,0.0,0.0,0.0
2026-01-23 11:55:16,clusterB,2,4,2,2,0.50,0.5,0.5,0.0,0.0,0.0
2026-01-23 11:55:21,clusterA,2,4,4,0,1.00,0.5,0.5,0.0,0.0,0.0
2026-01-23 11:55:21,clusterB,2,4,2,2,0.50,0.5,0.5,0.0,0.0,0.0
2026-01-23 11:55:26,clusterA,2,4,4,0,1.00,0.5,0.5,0.0,0.0,0.0
2026-01-23 11:55:26,clusterB,2,4,2,2,0.50,0.5,0.5,0.0,0.0,0.0
2026-01-23 11:55:31,clusterA,2,4,4,0,1.00,0.5,0.5,0.0,0.0,0.0
2026-01-23 11:55:31,clusterB,2,4,2,2,0.50,0.5,0.5,0.0,0.0,0.0
2026-01-23 11:55:36,clusterA,2,4,4,0,1.00,0.5,0.5,0.0,0.0,0.0
2026-01-23 11:55:36,clusterB,2,4,2,2,0.50,0.5,0.5,0.0,0.0,0.0
2026-01-23 11:55:41,clusterA,2,4,4,0,1.00,0.5,0.5,0.0,0.0,0.0
2026-01-23 11:55:41,clusterB,2,4,2,2,0.50,0.5,0.5,0.0,0.0,0.0
2026-01-23 11:55:46,clusterA,2,4,4,0,1.00,0.5,0.5,0.0,0.0,0.0
2026-01-23 11:55:46,clusterB,2,4,2,2,0.50,0.5,0.5,0.0,0.0,0.0
2026-01-23 11:55:51,clusterA,2,4,2,2,0.50,0.5,0.5,0.0,0.0,0.0
2026-01-23 11:55:51,clusterB,2,4,2,2,0.50,0.5,0.5,0.0,0.0,0.0
2026-01-23 11:55:56,clusterA,2,4,2,2,0.50,0.5,0.5,0.0,0.0,0.0
2026-01-23 11:55:56,clusterB,2,4,2,2,0.50,0.5,0.5,0.0,0.0,0.0
2026-01-23 11:56:01,clusterA,2,4,2,2,0.50,0.5,0.5,0.0,0.0,0.0
2026-01-23 11:56:01,clusterB,2,4,2,2,0.50,0.5,0.5,0.0,0.0,0.0
2026-01-23 11:56:07,clusterA,2,4,2,2,0.50,0.5,0.5,0.0,0.0,0.0
2026-01-23 11:56:07,clusterB,2,4,2,2,0.50,0.5,0.5,0.0,0.0,0.0
2026-01-23 11:56:12,clusterA,2,4,2,2,0.50,0.5,0.5,0.0,0.0,0.0
2026-01-23 11:56:12,clusterB,2,4,2,2,0.50,0.5,0.5,0.0,0.0,0.0
2026-01-23 11:56:17,clusterA,2,4,2,2,0.50,0.5,0.5,0.0,0.0,0.0
2026-01-23 11:56:17,clusterB,2,4,2,2,0.50,0.5,0.5,0.0,0.0,0.0
2026-01-23 11:56:22,clusterA,2,4,2,2,0.50,0.5,0.5,0.0,0.0,0.0
2026-01-23 11:56:22,clusterB,2,4,2,2,0.50,0.5,0.5,0.0,0.0,0.0
2026-01-23 11:56:27,clusterA,2,4,2,2,0.50,0.5,0.5,0.0,0.0,0.0
2026-01-23 11:56:27,clusterB,2,4,2,2,0.50,0.5,0.5,0.0,0.0,0.0
2026-01-23 11:56:32,clusterA,2,4,2,2,0.50,0.5,0.5,0.0,0.0,0.0
2026-01-23 11:56:32,clusterB,2,4,2,2,0.50,0.5,0.5,0.0,0.0,0.0
2026-01-23 11:56:37,clusterA,2,4,2,2,0.50,0.5,0.5,0.0,0.0,0.0
2026-01-23 11:56:37,clusterB,2,4,2,2,0.50,0.5,0.5,0.0,0.0,0.0
2026-01-23 11:56:42,clusterA,2,4,2,2,0.50,0.5,0.5,0.0,0.0,0.0
2026-01-23 11:56:42,clusterB,2,4,2,2,0.50,0.5,0.5,0.0,0.0,0.0
2026-01-23 11:56:47,clusterA,2,4,2,2,0.50,0.5,0.5,0.0,0.0,0.0
2026-01-23 11:56:47,clusterB,2,4,2,2,0.50,0.5,0.5,0.0,0.0,0.0
2026-01-23 11:56:52,clusterA,2,4,2,2,0.50,0.5,0.5,0.0,0.0,0.0
2026-01-23 11:56:52,clusterB,2,4,2,2,0.50,0.5,0.5,0.0,0.0,0.0
2026-01-23 11:56:57,clusterA,2,4,2,2,0.50,0.5,0.5,0.0,0.0,0.0
2026-01-23 11:56:57,clusterB,2,4,2,2,0.50,0.5,0.5,0.0,0.0,0.0
2026-01-23 11:57:02,clusterA,2,4,2,2,0.50,0.5,0.5,0.0,0.0,0.0
2026-01-23 11:57:02,clusterB,2,4,2,2,0.50,0.5,0.5,0.0,0.0,0.0
2026-01-23 11:57:07,clusterA,2,4,2,2,0.50,0.5,0.5,0.0,0.0,0.0
2026-01-23 11:57:07,clusterB,2,4,2,2,0.50,0.5,0.5,0.0,0.0,0.0
2026-01-23 11:57:12,clusterA,2,4,2,2,0.50,0.5,0.5,0.0,0.0,0.0
2026-01-23 11:57:12,clusterB,2,4,2,2,0.50,0.5,0.5,0.0,0.0,0.0
2026-01-23 11:57:17,clusterA,2,4,2,2,0.50,0.5,0.5,0.0,0.0,0.0
2026-01-23 11:57:17,clusterB,2,4,2,2,0.50,0.5,0.5,0.0,0.0,0.0
2026-01-23 11:57:22,clusterA,2,4,2,2,0.50,0.5,0.5,0.0,0.0,0.0
2026-01-23 11:57:22,clusterB,2,4,2,2,0.50,0.5,0.5,0.0,0.0,0.0
2026-01-23 11:57:27,clusterA,2,4,2,2,0.50,0.5,0.5,0.0,0.0,0.0
2026-01-23 11:57:27,clusterB,2,4,2,2,0.50,0.5,0.5,0.0,0.0,0.0
2026-01-23 11:57:32,clusterA,2,4,2,2,0.50,0.5,0.5,0.0,0.0,0.0
2026-01-23 11:57:32,clusterB,2,4,2,2,0.50,0.5,0.5,0.0,0.0,0.0
2026-01-23 11:57:37,clusterA,2,4,2,2,0.50,0.5,0.5,0.0,0.0,0.0
2026-01-23 11:57:37,clusterB,2,4,2,2,0.50,0.5,0.5,0.0,0.0,0.0
2026-01-23 11:57:42,clusterA,2,4,2,2,0.50,0.5,0.5,0.0,0.0,0.0
2026-01-23 11:57:42,clusterB,2,4,2,2,0.50,0.5,0.5,0.0,0.0,0.0
2026-01-23 11:57:47,clusterA,2,4,2,2,0.50,0.5,0.5,0.0,0.0,0.0
2026-01-23 11:57:47,clusterB,2,4,2,2,0.50,0.5,0.5,0.0,0.0,0.0
2026-01-23 11:57:52,clusterA,2,4,2,2,0.50,0.5,0.5,0.0,0.0,0.0
2026-01-23 11:57:52,clusterB,2,4,2,2,0.50,0.5,0.5,0.0,0.0,0.0
2026-01-23 11:57:57,clusterA,2,4,2,2,0.50,0.5,0.5,0.0,0.0,0.0
2026-01-23 11:57:57,clusterB,2,4,2,2,0.50,0.5,0.5,0.0,0.0,0.0
2026-01-23 11:58:02,clusterA,2,4,2,2,0.50,0.5,0.5,0.0,0.0,0.0
2026-01-23 11:58:02,clusterB,2,4,2,2,0.50,0.5,0.5,0.0,0.0,0.0
2026-01-23 11:58:07,clusterA,2,4,2,2,0.50,0.5,0.5,0.0,0.0,0.0
2026-01-23 11:58:07,clusterB,2,4,2,2,0.50,0.5,0.5,0.0,0.0,0.0
2026-01-23 11:58:12,clusterA,2,4,2,2,0.50,0.5,0.5,0.0,0.0,0.0
2026-01-23 11:58:12,clusterB,2,4,2,2,0.50,0.5,0.5,0.0,0.0,0.0
2026-01-23 11:58:17,clusterA,2,4,2,2,0.50,0.5,0.5,0.0,0.0,0.0
2026-01-23 11:58:17,clusterB,2,4,2,2,0.50,0.5,0.5,0.0,0.0,0.0
2026-01-23 11:58:22,clusterA,2,4,2,2,0.50,0.5,0.5,0.0,0.0,0.0
2026-01-23 11:58:22,clusterB,2,4,2,2,0.50,0.5,0.5,0.0,0.0,0.0
2026-01-23 11:58:27,clusterA,2,4,2,2,0.50,0.5,0.5,0.0,0.0,0.0
2026-01-23 11:58:27,clusterB,2,4,2,2,0.50,0.5,0.5,0.0,0.0,0.0
2026-01-23 11:58:32,clusterA,2,4,2,2,0.50,0.5,0.5,0.0,0.0,0.0
2026-01-23 11:58:32,clusterB,2,4,2,2,0.50,0.5,0.5,0.0,0.0,0.0
2026-01-23 11:58:37,clusterA,2,4,2,2,0.50,0.5,0.5,0.0,0.0,0.0
2026-01-23 11:58:37,clusterB,2,4,2,2,0.50,0.5,0.5,0.0,0.0,0.0
2026-01-23 11:58:42,clusterA,2,4,2,2,0.50,0.5,0.5,0.0,0.0,0.0
2026-01-23 11:58:42,clusterB,2,4,1,3,0.25,0.5,0.5,0.0,0.0,0.0
2026-01-23 11:58:47,clusterA,2,4,2,2,0.50,0.5,0.5,0.0,0.0,0.0
2026-01-23 11:58:47,clusterB,2,4,1,3,0.25,0.5,0.5,0.0,0.0,0.0
2026-01-23 11:58:52,clusterA,2,4,2,2,0.50,0.5,0.5,0.0,0.0,0.0
2026-01-23 11:58:52,clusterB,2,4,1,3,0.25,0.5,0.5,0.0,0.0,0.0
2026-01-23 11:58:57,clusterA,2,4,2,2,0.50,0.5,0.5,0.0,0.0,0.0
2026-01-23 11:58:57,clusterB,2,4,1,3,0.25,0.5,0.5,0.0,0.0,0.0
2026-01-23 11:59:02,clusterA,2,4,2,2,0.50,0.5,0.5,0.0,0.0,0.0
2026-01-23 11:59:02,clusterB,2,4,1,3,0.25,0.5,0.5,0.0,0.0,0.0
2026-01-23 11:59:07,clusterA,2,4,2,2,0.50,0.5,0.5,0.0,0.0,0.0
2026-01-23 11:59:07,clusterB,2,4,1,3,0.25,0.5,0.5,0.0,0.0,0.0
2026-01-23 11:59:12,clusterA,2,4,2,2,0.50,0.5,0.5,0.0,0.0,0.0
2026-01-23 11:59:12,clusterB,2,4,1,3,0.25,0.5,0.5,0.0,0.0,0.0
2026-01-23 11:59:17,clusterA,2,4,2,2,0.50,0.5,0.5,0.0,0.0,0.0
2026-01-23 11:59:17,clusterB,2,4,1,3,0.25,0.5,0.5,0.0,0.0,0.0
2026-01-23 11:59:22,clusterA,2,4,2,2,0.50,0.5,0.5,0.0,0.0,0.0
2026-01-23 11:59:22,clusterB,2,4,1,3,0.25,0.5,0.5,0.0,0.0,0.0
2026-01-23 11:59:27,clusterA,2,4,2,2,0.50,0.5,0.5,0.0,0.0,0.0
2026-01-23 11:59:27,clusterB,2,4,1,3,0.25,0.5,0.5,0.0,0.0,0.0
2026-01-23 11:59:32,clusterA,2,4,2,2,0.50,0.5,0.5,0.0,0.0,0.0
2026-01-23 11:59:32,clusterB,2,4,1,3,0.25,0.5,0.5,0.0,0.0,0.0
2026-01-23 11:59:37,clusterA,2,4,2,2,0.50,0.5,0.5,0.0,0.0,0.0
2026-01-23 11:59:37,clusterB,2,4,1,3,0.25,0.5,0.5,0.0,0.0,0.0
2026-01-23 11:59:42,clusterA,2,4,2,2,0.50,0.5,0.5,0.0,0.0,0.0
2026-01-23 11:59:42,clusterB,2,4,1,3,0.25,0.5,0.5,0.0,0.0,0.0
2026-01-23 11:59:47,clusterA,2,4,2,2,0.50,0.5,0.5,0.0,0.0,0.0
2026-01-23 11:59:47,clusterB,2,4,1,3,0.25,0.5,0.5,0.0,0.0,0.0
2026-01-23 11:59:52,clusterA,2,4,2,2,0.50,0.5,0.5,0.0,0.0,0.0
2026-01-23 11:59:52,clusterB,2,4,1,3,0.25,0.5,0.5,0.0,0.0,0.0
2026-01-23 11:59:57,clusterA,2,4,2,2,0.50,0.5,0.5,0.0,0.0,0.0
2026-01-23 11:59:57,clusterB,2,4,1,3,0.25,0.5,0.5,0.0,0.0,0.0
2026-01-23 12:00:02,clusterA,2,4,2,2,0.50,0.5,0.5,0.0,0.0,0.0
2026-01-23 12:00:02,clusterB,2,4,1,3,0.25,0.5,0.5,0.0,0.0,0.0
2026-01-23 12:00:07,clusterA,2,4,2,2,0.50,0.5,0.5,0.0,0.0,0.0
2026-01-23 12:00:07,clusterB,2,4,1,3,0.25,0.5,0.5,0.0,0.0,0.0
2026-01-23 12:00:12,clusterA,2,4,2,2,0.50,0.5,0.5,0.0,0.0,0.0
2026-01-23 12:00:12,clusterB,2,4,1,3,0.25,0.5,0.5,0.0,0.0,0.0
2026-01-23 12:00:17,clusterA,2,4,2,2,0.50,0.5,0.5,0.0,0.0,0.0
2026-01-23 12:00:17,clusterB,2,4,1,3,0.25,0.5,0.5,0.0,0.0,0.0
2026-01-23 12:00:22,clusterA,2,4,2,2,0.50,0.5,0.5,0.0,0.0,0.0
2026-01-23 12:00:22,clusterB,2,4,1,3,0.25,0.5,0.5,0.0,0.0,0.0
2026-01-23 12:00:27,clusterA,2,4,2,2,0.50,0.5,0.5,0.0,0.0,0.0
2026-01-23 12:00:27,clusterB,2,4,1,3,0.25,0.5,0.5,0.0,0.0,0.0
2026-01-23 12:00:32,clusterA,2,4,2,2,0.50,0.5,0.5,0.0,0.0,0.0
2026-01-23 12:00:32,clusterB,2,4,1,3,0.25,0.5,0.5,0.0,0.0,0.0
2026-01-23 12:00:37,clusterA,2,4,2,2,0.50,0.5,0.5,0.0,0.0,0.0
2026-01-23 12:00:37,clusterB,2,4,1,3,0.25,0.5,0.5,0.0,0.0,0.0
2026-01-23 12:00:42,clusterA,2,4,2,2,0.50,0.5,0.5,0.0,0.0,0.0
2026-01-23 12:00:42,clusterB,2,4,1,3,0.25,0.5,0.5,0.0,0.0,0.0
2026-01-23 12:00:47,clusterA,2,4,2,2,0.50,0.5,0.5,0.0,0.0,0.0
2026-01-23 12:00:47,clusterB,2,4,1,3,0.25,0.5,0.5,0.0,0.0,0.0
2026-01-23 12:00:52,clusterA,2,4,2,2,0.50,0.5,0.5,0.0,0.0,0.0
2026-01-23 12:00:52,clusterB,2,4,1,3,0.25,0.5,0.5,0.0,0.0,0.0
2026-01-23 12:00:57,clusterA,2,4,2,2,0.50,0.5,0.5,0.0,0.0,0.0
2026-01-23 12:00:57,clusterB,2,4,1,3,0.25,0.5,0.5,0.0,0.0,0.0
2026-01-23 12:01:02,clusterA,2,4,2,2,0.50,0.5,0.5,0.0,0.0,0.0
2026-01-23 12:01:02,clusterB,2,4,1,3,0.25,0.5,0.5,0.0,0.0,0.0
2026-01-23 12:01:07,clusterA,2,4,2,2,0.50,0.5,0.5,0.0,0.0,0.0
2026-01-23 12:01:07,clusterB,2,4,1,3,0.25,0.5,0.5,0.0,0.0,0.0
2026-01-23 12:01:12,clusterA,2,4,2,2,0.50,0.5,0.5,0.0,0.0,0.0
2026-01-23 12:01:12,clusterB,2,4,1,3,0.25,0.5,0.5,0.0,0.0,0.0
2026-01-23 12:01:17,clusterA,2,4,2,2,0.50,0.5,0.5,0.0,0.0,0.0
2026-01-23 12:01:17,clusterB,2,4,1,3,0.25,0.5,0.5,0.0,0.0,0.0
2026-01-23 12:01:22,clusterA,2,4,2,2,0.50,0.5,0.5,0.0,0.0,0.0
2026-01-23 12:01:22,clusterB,2,4,1,3,0.25,0.5,0.5,0.0,0.0,0.0
2026-01-23 12:01:27,clusterA,2,4,2,2,0.50,0.5,0.5,0.0,0.0,0.0
2026-01-23 12:01:27,clusterB,2,4,1,3,0.25,0.5,0.5,0.0,0.0,0.0
2026-01-23 12:01:32,clusterA,2,4,2,2,0.50,0.5,0.5,0.0,0.0,0.0
2026-01-23 12:01:32,clusterB,2,4,1,3,0.25,0.5,0.5,0.0,0.0,0.0
2026-01-23 12:01:37,clusterA,2,4,1,3,0.25,0.5,0.5,0.0,0.0,0.0
2026-01-23 12:01:37,clusterB,2,4,1,3,0.25,0.5,0.5,0.0,0.0,0.0
2026-01-23 12:01:42,clusterA,2,4,1,3,0.25,0.5,0.5,0.0,0.0,0.0
2026-01-23 12:01:42,clusterB,2,4,1,3,0.25,0.5,0.5,0.0,0.0,0.0
2026-01-23 12:01:47,clusterA,2,4,1,3,0.25,0.5,0.5,0.0,0.0,0.0
2026-01-23 12:01:47,clusterB,2,4,1,3,0.25,0.5,0.5,0.0,0.0,0.0
2026-01-23 12:01:52,clusterA,2,4,1,3,0.25,0.5,0.5,0.0,0.0,0.0
2026-01-23 12:01:52,clusterB,2,4,1,3,0.25,0.5,0.5,0.0,0.0,0.0
2026-01-23 12:01:57,clusterA,2,4,1,3,0.25,0.5,0.5,0.0,0.0,0.0
2026-01-23 12:01:57,clusterB,2,4,1,3,0.25,0.5,0.5,0.0,0.0,0.0
2026-01-23 12:02:02,clusterA,2,4,1,3,0.25,0.5,0.5,0.0,0.0,0.0
2026-01-23 12:02:02,clusterB,2,4,1,3,0.25,0.5,0.5,0.0,0.0,0.0
2026-01-23 12:02:07,clusterA,2,4,1,3,0.25,0.5,0.5,0.0,0.0,0.0
2026-01-23 12:02:07,clusterB,2,4,1,3,0.25,0.5,0.5,0.0,0.0,0.0
2026-01-23 12:02:12,clusterA,2,4,1,3,0.25,0.5,0.5,0.0,0.0,0.0
2026-01-23 12:02:12,clusterB,2,4,1,3,0.25,0.5,0.5,0.0,0.0,0.0
2026-01-23 12:02:17,clusterA,2,4,1,3,0.25,0.5,0.5,0.0,0.0,0.0
2026-01-23 12:02:17,clusterB,2,4,1,3,0.25,0.5,0.5,0.0,0.0,0.0
2026-01-23 12:02:22,clusterA,2,4,1,3,0.25,0.5,0.5,0.0,0.0,0.0
2026-01-23 12:02:22,clusterB,2,4,1,3,0.25,0.5,0.5,0.0,0.0,0.0
2026-01-23 12:02:27,clusterA,2,4,1,3,0.25,0.5,0.5,0.0,0.0,0.0
2026-01-23 12:02:27,clusterB,2,4,1,3,0.25,0.5,0.5,0.0,0.0,0.0
2026-01-23 12:02:32,clusterA,2,4,1,3,0.25,0.5,0.5,0.0,0.0,0.0
2026-01-23 12:02:32,clusterB,2,4,1,3,0.25,0.5,0.5,0.0,0.0,0.0
2026-01-23 12:02:37,clusterA,2,4,1,3,0.25,0.5,0.5,0.0,0.0,0.0
2026-01-23 12:02:37,clusterB,2,4,1,3,0.25,0.5,0.5,0.0,0.0,0.0
2026-01-23 12:02:42,clusterA,2,4,1,3,0.25,0.5,0.5,0.0,0.0,0.0
2026-01-23 12:02:42,clusterB,2,4,1,3,0.25,0.5,0.5,0.0,0.0,0.0
2026-01-23 12:02:47,clusterA,2,4,1,3,0.25,0.5,0.5,0.0,0.0,0.0
2026-01-23 12:02:47,clusterB,2,4,1,3,0.25,0.5,0.5,0.0,0.0,0.0
2026-01-23 12:02:52,clusterA,2,4,1,3,0.25,0.5,0.5,0.0,0.0,0.0
2026-01-23 12:02:52,clusterB,2,4,1,3,0.25,0.5,0.5,0.0,0.0,0.0
2026-01-23 12:02:57,clusterA,2,4,1,3,0.25,0.5,0.5,0.0,0.0,0.0
2026-01-23 12:02:57,clusterB,2,4,1,3,0.25,0.5,0.5,0.0,0.0,0.0
2026-01-23 12:03:02,clusterA,2,4,1,3,0.25,0.5,0.5,0.0,0.0,0.0
2026-01-23 12:03:02,clusterB,2,4,1,3,0.25,0.5,0.5,0.0,0.0,0.0
2026-01-23 12:03:07,clusterA,2,4,1,3,0.25,0.5,0.5,0.0,0.0,0.0
2026-01-23 12:03:07,clusterB,2,4,1,3,0.25,0.5,0.5,0.0,0.0,0.0
2026-01-23 12:03:12,clusterA,2,4,1,3,0.25,0.5,0.5,0.0,0.0,0.0
2026-01-23 12:03:12,clusterB,2,4,1,3,0.25,0.5,0.5,0.0,0.0,0.0
2026-01-23 12:03:17,clusterA,2,4,1,3,0.25,0.5,0.5,0.0,0.0,0.0
2026-01-23 12:03:17,clusterB,2,4,1,3,0.25,0.5,0.5,0.0,0.0,0.0
2026-01-23 12:03:22,clusterA,2,4,1,3,0.25,0.5,0.5,0.0,0.0,0.0
2026-01-23 12:03:22,clusterB,2,4,1,3,0.25,0.5,0.5,0.0,0.0,0.0
2026-01-23 12:03:27,clusterA,2,4,1,3,0.25,0.5,0.5,0.0,0.0,0.0
2026-01-23 12:03:27,clusterB,2,4,1,3,0.25,0.5,0.5,0.0,0.0,0.0
2026-01-23 12:03:32,clusterA,2,4,1,3,0.25,0.5,0.5,0.0,0.0,0.0
2026-01-23 12:03:32,clusterB,2,4,1,3,0.25,0.5,0.5,0.0,0.0,0.0
2026-01-23 12:03:37,clusterA,2,4,1,3,0.25,0.5,0.5,0.0,0.0,0.0
2026-01-23 12:03:37,clusterB,2,4,1,3,0.25,0.5,0.5,0.0,0.0,0.0
2026-01-23 12:03:42,clusterA,2,4,1,3,0.25,0.5,0.5,0.0,0.0,0.0
2026-01-23 12:03:42,clusterB,2,4,1,3,0.25,0.5,0.5,0.0,0.0,0.0
2026-01-23 12:03:47,clusterA,2,4,1,3,0.25,0.5,0.5,0.0,0.0,0.0
2026-01-23 12:03:47,clusterB,2,4,1,3,0.25,0.5,0.5,0.0,0.0,0.0
2026-01-23 12:03:52,clusterA,2,4,1,3,0.25,0.5,0.5,0.0,0.0,0.0
2026-01-23 12:03:52,clusterB,2,4,1,3,0.25,0.5,0.5,0.0,0.0,0.0
2026-01-23 12:03:57,clusterA,2,4,1,3,0.25,0.5,0.5,0.0,0.0,0.0
2026-01-23 12:03:57,clusterB,2,4,1,3,0.25,0.5,0.5,0.0,0.0,0.0
2026-01-23 12:04:02,clusterA,2,4,1,3,0.25,0.5,0.5,0.0,0.0,0.0
2026-01-23 12:04:02,clusterB,2,4,1,3,0.25,0.5,0.5,0.0,0.0,0.0
2026-01-23 12:04:07,clusterA,2,4,1,3,0.25,0.5,0.5,0.0,0.0,0.0
2026-01-23 12:04:07,clusterB,2,4,1,3,0.25,0.5,0.5,0.0,0.0,0.0
2026-01-23 12:04:12,clusterA,2,4,1,3,0.25,0.5,0.5,0.0,0.0,0.0
2026-01-23 12:04:12,clusterB,2,4,1,3,0.25,0.5,0.5,0.0,0.0,0.0
2026-01-23 12:04:17,clusterA,2,4,1,3,0.25,0.5,0.5,0.0,0.0,0.0
2026-01-23 12:04:17,clusterB,2,4,1,3,0.25,0.5,0.5,0.0,0.0,0.0
2026-01-23 12:04:22,clusterA,2,4,1,3,0.25,0.5,0.5,0.0,0.0,0.0
2026-01-23 12:04:22,clusterB,2,4,1,3,0.25,0.5,0.5,0.0,0.0,0.0
2026-01-23 12:04:27,clusterA,2,4,1,3,0.25,0.5,0.5,0.0,0.0,0.0
2026-01-23 12:04:27,clusterB,2,4,1,3,0.25,0.5,0.5,0.0,0.0,0.0
2026-01-23 12:04:32,clusterA,2,4,1,3,0.25,0.5,0.5,0.0,0.0,0.0
2026-01-23 12:04:32,clusterB,2,4,1,3,0.25,0.5,0.5,0.0,0.0,0.0
2026-01-23 12:04:37,clusterA,2,4,1,3,0.25,0.5,0.5,0.0,0.0,0.0
2026-01-23 12:04:37,clusterB,2,4,1,3,0.25,0.5,0.5,0.0,0.0,0.0
2026-01-23 12:04:42,clusterA,2,4,1,3,0.25,0.5,0.5,0.0,0.0,0.0
2026-01-23 12:04:42,clusterB,2,4,1,3,0.25,0.5,0.5,0.0,0.0,0.0
2026-01-23 12:04:47,clusterA,2,4,1,3,0.25,0.5,0.5,0.0,0.0,0.0
2026-01-23 12:04:47,clusterB,2,4,1,3,0.25,0.5,0.5,0.0,0.0,0.0
2026-01-23 12:04:52,clusterA,2,4,1,3,0.25,0.5,0.5,0.0,0.0,0.0
2026-01-23 12:04:52,clusterB,2,4,1,3,0.25,0.5,0.5,0.0,0.0,0.0
2026-01-23 12:04:57,clusterA,2,4,1,3,0.25,0.5,0.5,0.0,0.0,0.0
2026-01-23 12:04:57,clusterB,2,4,1,3,0.25,0.5,0.5,0.0,0.0,0.0
2026-01-23 12:05:02,clusterA,2,4,1,3,0.25,0.5,0.5,0.0,0.0,0.0
2026-01-23 12:05:02,clusterB,2,4,1,3,0.25,0.5,0.5,0.0,0.0,0.0
2026-01-23 12:05:07,clusterA,2,4,1,3,0.25,0.5,0.5,0.0,0.0,0.0
2026-01-23 12:05:07,clusterB,2,4,1,3,0.25,0.5,0.5,0.0,0.0,0.0
2026-01-23 12:05:12,clusterA,2,4,1,3,0.25,0.5,0.5,0.0,0.0,0.0
2026-01-23 12:05:12,clusterB,2,4,1,3,0.25,0.5,0.5,0.0,0.0,0.0
2026-01-23 12:05:17,clusterA,2,4,1,3,0.25,0.5,0.5,0.0,0.0,0.0
2026-01-23 12:05:17,clusterB,2,4,1,3,0.25,0.5,0.5,0.0,0.0,0.0
2026-01-23 12:05:22,clusterA,2,4,1,3,0.25,0.5,0.5,0.0,0.0,0.0
2026-01-23 12:05:22,clusterB,2,4,1,3,0.25,0.5,0.5,0.0,0.0,0.0
2026-01-23 12:05:27,clusterA,2,4,1,3,0.25,0.5,0.5,0.0,0.0,0.0
2026-01-23 12:05:27,clusterB,2,4,1,3,0.25,0.5,0.5,0.0,0.0,0.0
2026-01-23 12:05:32,clusterA,2,4,1,3,0.25,0.5,0.5,0.0,0.0,0.0
2026-01-23 12:05:32,clusterB,2,4,1,3,0.25,0.5,0.5,0.0,0.0,0.0
2026-01-23 12:05:37,clusterA,2,4,1,3,0.25,0.5,0.5,0.0,0.0,0.0
2026-01-23 12:05:37,clusterB,2,4,1,3,0.25,0.5,0.5,0.0,0.0,0.0
2026-01-23 12:05:42,clusterA,2,4,1,3,0.25,0.5,0.5,0.0,0.0,0.0
2026-01-23 12:05:42,clusterB,2,4,1,3,0.25,0.5,0.5,0.0,0.0,0.0
2026-01-23 12:05:47,clusterA,2,4,1,3,0.25,0.5,0.5,0.0,0.0,0.0
2026-01-23 12:05:47,clusterB,2,4,1,3,0.25,0.5,0.5,0.0,0.0,0.0
2026-01-23 12:05:52,clusterA,2,4,1,3,0.25,0.5,0.5,0.0,0.0,0.0
2026-01-23 12:05:52,clusterB,2,4,1,3,0.25,0.5,0.5,0.0,0.0,0.0
2026-01-23 12:05:57,clusterA,2,4,1,3,0.25,0.5,0.5,0.0,0.0,0.0
2026-01-23 12:05:57,clusterB,2,4,1,3,0.25,0.5,0.5,0.0,0.0,0.0
2026-01-23 12:06:02,clusterA,2,4,1,3,0.25,0.5,0.5,0.0,0.0,0.0
2026-01-23 12:06:02,clusterB,2,4,1,3,0.25,0.5,0.5,0.0,0.0,0.0
2026-01-23 12:06:07,clusterA,2,4,1,3,0.25,0.5,0.5,0.0,0.0,0.0
2026-01-23 12:06:07,clusterB,2,4,1,3,0.25,0.5,0.5,0.0,0.0,0.0
2026-01-23 12:06:12,clusterA,2,4,1,3,0.25,0.5,0.5,0.0,0.0,0.0
2026-01-23 12:06:12,clusterB,2,4,1,3,0.25,0.5,0.5,0.0,0.0,0.0
2026-01-23 12:06:17,clusterA,2,4,1,3,0.25,0.5,0.5,0.0,0.0,0.0
2026-01-23 12:06:17,clusterB,2,4,1,3,0.25,0.5,0.5,0.0,0.0,0.0
2026-01-23 12:06:22,clusterA,2,4,1,3,0.25,0.5,0.5,0.0,0.0,0.0
2026-01-23 12:06:22,clusterB,2,4,1,3,0.25,0.5,0.5,0.0,0.0,0.0
2026-01-23 12:06:27,clusterA,2,4,1,3,0.25,0.5,0.5,0.0,0.0,0.0
2026-01-23 12:06:27,clusterB,2,4,1,3,0.25,0.5,0.5,0.0,0.0,0.0
2026-01-23 12:06:32,clusterA,2,4,1,3,0.25,0.5,0.5,0.0,0.0,0.0
2026-01-23 12:06:32,clusterB,2,4,1,3,0.25,0.5,0.5,0.0,0.0,0.0
2026-01-23 12:06:37,clusterA,2,4,1,3,0.25,0.5,0.5,0.0,0.0,0.0
2026-01-23 12:06:37,clusterB,2,4,1,3,0.25,0.5,0.5,0.0,0.0,0.0
2026-01-23 12:06:42,clusterA,2,4,1,3,0.25,0.5,0.5,0.0,0.0,0.0
2026-01-23 12:06:42,clusterB,2,4,1,3,0.25,0.5,0.5,0.0,0.0,0.0
2026-01-23 12:06:47,clusterA,2,4,1,3,0.25,0.5,0.5,0.0,0.0,0.0
2026-01-23 12:06:47,clusterB,2,4,1,3,0.25,0.5,0.5,0.0,0.0,0.0
2026-01-23 12:06:52,clusterA,2,4,1,3,0.25,0.5,0.5,0.0,0.0,0.0
2026-01-23 12:06:52,clusterB,2,4,1,3,0.25,0.5,0.5,0.0,0.0,0.0
2026-01-23 12:06:57,clusterA,2,4,1,3,0.25,0.5,0.5,0.0,0.0,0.0
2026-01-23 12:06:57,clusterB,2,4,1,3,0.25,0.5,0.5,0.0,0.0,0.0
2026-01-23 12:07:02,clusterA,2,4,1,3,0.25,0.5,0.5,0.0,0.0,0.0
2026-01-23 12:07:02,clusterB,2,4,1,3,0.25,0.5,0.5,0.0,0.0,0.0
2026-01-23 12:07:07,clusterA,2,4,1,3,0.25,0.5,0.5,0.0,0.0,0.0
2026-01-23 12:07:07,clusterB,2,4,1,3,0.25,0.5,0.5,0.0,0.0,0.0
2026-01-23 12:07:12,clusterA,2,4,1,3,0.25,0.5,0.5,0.0,0.0,0.0
2026-01-23 12:07:12,clusterB,2,4,1,3,0.25,0.5,0.5,0.0,0.0,0.0
2026-01-23 12:07:17,clusterA,2,4,1,3,0.25,0.5,0.5,0.0,0.0,0.0
2026-01-23 12:07:17,clusterB,2,4,1,3,0.25,0.5,0.5,0.0,0.0,0.0
2026-01-23 12:07:22,clusterA,2,4,1,3,0.25,0.5,0.5,0.0,0.0,0.0
2026-01-23 12:07:22,clusterB,2,4,1,3,0.25,0.5,0.5,0.0,0.0,0.0
2026-01-23 12:07:27,clusterA,2,4,1,3,0.25,0.5,0.5,0.0,0.0,0.0
2026-01-23 12:07:27,clusterB,2,4,1,3,0.25,0.5,0.5,0.0,0.0,0.0
2026-01-23 12:07:32,clusterA,2,4,1,3,0.25,0.5,0.5,0.0,0.0,0.0
2026-01-23 12:07:32,clusterB,2,4,1,3,0.25,0.5,0.5,0.0,0.0,0.0
2026-01-23 12:07:37,clusterA,2,4,1,3,0.25,0.5,0.5,0.0,0.0,0.0
2026-01-23 12:07:37,clusterB,2,4,1,3,0.25,0.5,0.5,0.0,0.0,0.0
2026-01-23 12:07:42,clusterA,2,4,1,3,0.25,0.5,0.5,0.0,0.0,0.0
2026-01-23 12:07:42,clusterB,2,4,1,3,0.25,0.5,0.5,0.0,0.0,0.0
2026-01-23 12:07:47,clusterA,2,4,1,3,0.25,0.5,0.5,0.0,0.0,0.0
2026-01-23 12:07:47,clusterB,2,4,1,3,0.25,0.5,0.5,0.0,0.0,0.0
2026-01-23 12:07:52,clusterA,2,4,1,3,0.25,0.5,0.5,0.0,0.0,0.0
2026-01-23 12:07:52,clusterB,2,4,1,3,0.25,0.5,0.5,0.0,0.0,0.0
2026-01-23 12:07:57,clusterA,2,4,1,3,0.25,0.5,0.5,0.0,0.0,0.0
2026-01-23 12:07:57,clusterB,2,4,1,3,0.25,0.5,0.5,0.0,0.0,0.0
2026-01-23 12:08:02,clusterA,2,4,1,3,0.25,0.5,0.5,0.0,0.0,0.0
2026-01-23 12:08:02,clusterB,2,4,1,3,0.25,0.5,0.5,0.0,0.0,0.0
2026-01-23 12:08:07,clusterA,2,4,1,3,0.25,0.5,0.5,0.0,0.0,0.0
2026-01-23 12:08:07,clusterB,2,4,1,3,0.25,0.5,0.5,0.0,0.0,0.0
2026-01-23 12:08:12,clusterA,2,4,1,3,0.25,0.5,0.5,0.0,0.0,0.0
2026-01-23 12:08:12,clusterB,2,4,1,3,0.25,0.5,0.5,0.0,0.0,0.0
2026-01-23 12:08:17,clusterA,2,4,1,3,0.25,0.5,0.5,0.0,0.0,0.0
2026-01-23 12:08:17,clusterB,2,4,1,3,0.25,0.5,0.5,0.0,0.0,0.0
2026-01-23 12:08:22,clusterA,2,4,1,3,0.25,0.5,0.5,0.0,0.0,0.0
2026-01-23 12:08:22,clusterB,2,4,1,3,0.25,0.5,0.5,0.0,0.0,0.0
2026-01-23 12:08:27,clusterA,2,4,1,3,0.25,0.5,0.5,0.0,0.0,0.0
2026-01-23 12:08:27,clusterB,2,4,1,3,0.25,0.5,0.5,0.0,0.0,0.0
2026-01-23 12:08:32,clusterA,2,4,1,3,0.25,0.5,0.5,0.0,0.0,0.0
2026-01-23 12:08:32,clusterB,2,4,1,3,0.25,0.5,0.5,0.0,0.0,0.0
2026-01-23 12:08:37,clusterA,2,4,1,3,0.25,0.5,0.5,0.0,0.0,0.0
2026-01-23 12:08:37,clusterB,2,4,1,3,0.25,0.5,0.5,0.0,0.0,0.0
2026-01-23 12:08:42,clusterA,2,4,1,3,0.25,0.5,0.5,0.0,0.0,0.0
2026-01-23 12:08:42,clusterB,2,4,1,3,0.25,0.5,0.5,0.0,0.0,0.0
2026-01-23 12:08:47,clusterA,2,4,1,3,0.25,0.5,0.5,0.0,0.0,0.0
2026-01-23 12:08:47,clusterB,2,4,1,3,0.25,0.5,0.5,0.0,0.0,0.0
2026-01-23 12:08:52,clusterA,2,4,1,3,0.25,0.5,0.5,0.0,0.0,0.0
2026-01-23 12:08:52,clusterB,2,4,1,3,0.25,0.5,0.5,0.0,0.0,0.0
2026-01-23 12:08:57,clusterA,2,4,1,3,0.25,0.5,0.5,0.0,0.0,0.0
2026-01-23 12:08:57,clusterB,2,4,1,3,0.25,0.5,0.5,0.0,0.0,0.0
2026-01-23 12:09:02,clusterA,2,4,1,3,0.25,0.5,0.5,0.0,0.0,0.0
2026-01-23 12:09:02,clusterB,2,4,1,3,0.25,0.5,0.5,0.0,0.0,0.0
2026-01-23 12:09:07,clusterA,2,4,1,3,0.25,0.5,0.5,0.0,0.0,0.0
2026-01-23 12:09:07,clusterB,2,4,1,3,0.25,0.5,0.5,0.0,0.0,0.0
2026-01-23 12:09:12,clusterA,2,4,1,3,0.25,0.5,0.5,0.0,0.0,0.0
2026-01-23 12:09:12,clusterB,2,4,1,3,0.25,0.5,0.5,0.0,0.0,0.0
2026-01-23 12:09:17,clusterA,2,4,1,3,0.25,0.5,0.5,0.0,0.0,0.0
2026-01-23 12:09:17,clusterB,2,4,1,3,0.25,0.5,0.5,0.0,0.0,0.0
2026-01-23 12:09:22,clusterA,2,4,1,3,0.25,0.5,0.5,0.0,0.0,0.0
2026-01-23 12:09:22,clusterB,2,4,1,3,0.25,0.5,0.5,0.0,0.0,0.0
2026-01-23 12:09:27,clusterA,2,4,1,3,0.25,0.5,0.5,0.0,0.0,0.0
2026-01-23 12:09:27,clusterB,2,4,1,3,0.25,0.5,0.5,0.0,0.0,0.0
2026-01-23 12:09:32,clusterA,2,4,1,3,0.25,0.5,0.5,0.0,0.0,0.0
2026-01-23 12:09:32,clusterB,2,4,1,3,0.25,0.5,0.5,0.0,0.0,0.0
2026-01-23 12:09:37,clusterA,2,4,1,3,0.25,0.5,0.5,0.0,0.0,0.0
2026-01-23 12:09:37,clusterB,2,4,1,3,0.25,0.5,0.5,0.0,0.0,0.0
2026-01-23 12:09:42,clusterA,2,4,1,3,0.25,0.5,0.5,0.0,0.0,0.0
2026-01-23 12:09:42,clusterB,2,4,1,3,0.25,0.5,0.5,0.0,0.0,0.0
2026-01-23 12:09:47,clusterA,2,4,1,3,0.25,0.5,0.5,0.0,0.0,0.0
2026-01-23 12:09:47,clusterB,2,4,1,3,0.25,0.5,0.5,0.0,0.0,0.0
2026-01-23 12:09:52,clusterA,2,4,1,3,0.25,0.5,0.5,0.0,0.0,0.0
2026-01-23 12:09:52,clusterB,2,4,1,3,0.25,0.5,0.5,0.0,0.0,0.0
2026-01-23 12:09:57,clusterA,2,4,1,3,0.25,0.5,0.5,0.0,0.0,0.0
2026-01-23 12:09:57,clusterB,2,4,1,3,0.25,0.5,0.5,0.0,0.0,0.0
2026-01-23 12:10:02,clusterA,2,4,1,3,0.25,0.5,0.5,0.0,0.0,0.0
2026-01-23 12:10:02,clusterB,2,4,1,3,0.25,0.5,0.5,0.0,0.0,0.0
2026-01-23 12:10:07,clusterA,2,4,1,3,0.25,0.5,0.5,0.0,0.0,0.0
2026-01-23 12:10:07,clusterB,2,4,1,3,0.25,0.5,0.5,0.0,0.0,0.0
2026-01-23 12:10:12,clusterA,2,4,1,3,0.25,0.5,0.5,0.0,0.0,0.0
2026-01-23 12:10:12,clusterB,2,4,1,3,0.25,0.5,0.5,0.0,0.0,0.0
2026-01-23 12:10:17,clusterA,2,4,1,3,0.25,0.5,0.5,0.0,0.0,0.0
2026-01-23 12:10:17,clusterB,2,4,1,3,0.25,0.5,0.5,0.0,0.0,0.0
2026-01-23 12:10:22,clusterA,2,4,1,3,0.25,0.5,0.5,0.0,0.0,0.0
2026-01-23 12:10:22,clusterB,2,4,1,3,0.25,0.5,0.5,0.0,0.0,0.0
2026-01-23 12:10:27,clusterA,2,4,1,3,0.25,0.5,0.5,0.0,0.0,0.0
2026-01-23 12:10:27,clusterB,2,4,1,3,0.25,0.5,0.5,0.0,0.0,0.0
2026-01-23 12:10:32,clusterA,2,4,1,3,0.25,0.5,0.5,0.0,0.0,0.0
2026-01-23 12:10:32,clusterB,2,4,1,3,0.25,0.5,0.5,0.0,0.0,0.0
2026-01-23 12:10:37,clusterA,2,4,1,3,0.25,0.5,0.5,0.0,0.0,0.0
2026-01-23 12:10:37,clusterB,2,4,1,3,0.25,0.5,0.5,0.0,0.0,0.0
2026-01-23 12:10:42,clusterA,2,4,1,3,0.25,0.5,0.5,0.0,0.0,0.0
2026-01-23 12:10:42,clusterB,2,4,1,3,0.25,0.5,0.5,0.0,0.0,0.0
2026-01-23 12:10:47,clusterA,2,4,1,3,0.25,0.5,0.5,0.0,0.0,0.0
2026-01-23 12:10:47,clusterB,2,4,1,3,0.25,0.5,0.5,0.0,0.0,0.0
2026-01-23 12:10:52,clusterA,2,4,1,3,0.25,0.5,0.5,0.0,0.0,0.0
2026-01-23 12:10:52,clusterB,2,4,1,3,0.25,0.5,0.5,0.0,0.0,0.0
2026-01-23 12:10:57,clusterA,2,4,1,3,0.25,0.5,0.5,0.0,0.0,0.0
2026-01-23 12:10:57,clusterB,2,4,1,3,0.25,0.5,0.5,0.0,0.0,0.0
2026-01-23 12:11:02,clusterA,2,4,1,3,0.25,0.5,0.5,0.0,0.0,0.0
2026-01-23 12:11:02,clusterB,2,4,1,3,0.25,0.5,0.5,0.0,0.0,0.0
2026-01-23 12:11:07,clusterA,2,4,1,3,0.25,0.5,0.5,0.0,0.0,0.0
2026-01-23 12:11:07,clusterB,2,4,1,3,0.25,0.5,0.5,0.0,0.0,0.0
2026-01-23 12:11:12,clusterA,2,4,1,3,0.25,0.5,0.5,0.0,0.0,0.0
2026-01-23 12:11:12,clusterB,2,4,1,3,0.25,0.5,0.5,0.0,0.0,0.0
2026-01-23 12:11:17,clusterA,2,4,1,3,0.25,0.5,0.5,0.0,0.0,0.0
2026-01-23 12:11:17,clusterB,2,4,1,3,0.25,0.5,0.5,0.0,0.0,0.0
2026-01-23 12:11:22,clusterA,2,4,1,3,0.25,0.5,0.5,0.0,0.0,0.0
2026-01-23 12:11:22,clusterB,2,4,1,3,0.25,0.5,0.5,0.0,0.0,0.0
2026-01-23 12:11:27,clusterA,2,4,1,3,0.25,0.5,0.5,0.0,0.0,0.0
2026-01-23 12:11:27,clusterB,2,4,1,3,0.25,0.5,0.5,0.0,0.0,0.0
2026-01-23 12:11:32,clusterA,2,4,1,3,0.25,0.5,0.5,0.0,0.0,0.0
2026-01-23 12:11:32,clusterB,2,4,1,3,0.25,0.5,0.5,0.0,0.0,0.0
2026-01-23 12:11:37,clusterA,2,4,1,3,0.25,0.5,0.5,0.0,0.0,0.0
2026-01-23 12:11:37,clusterB,2,4,1,3,0.25,0.5,0.5,0.0,0.0,0.0
2026-01-23 12:11:42,clusterA,2,4,1,3,0.25,0.5,0.5,0.0,0.0,0.0
2026-01-23 12:11:42,clusterB,2,4,1,3,0.25,0.5,0.5,0.0,0.0,0.0
2026-01-23 12:11:47,clusterA,2,4,1,3,0.25,0.5,0.5,0.0,0.0,0.0
2026-01-23 12:11:47,clusterB,2,4,1,3,0.25,0.5,0.5,0.0,0.0,0.0
2026-01-23 12:11:52,clusterA,2,4,1,3,0.25,0.5,0.5,0.0,0.0,0.0
2026-01-23 12:11:52,clusterB,2,4,1,3,0.25,0.5,0.5,0.0,0.0,0.0
2026-01-23 12:11:57,clusterA,2,4,1,3,0.25,0.5,0.5,0.0,0.0,0.0
2026-01-23 12:11:57,clusterB,2,4,1,3,0.25,0.5,0.5,0.0,0.0,0.0
2026-01-23 12:12:02,clusterA,2,4,1,3,0.25,0.5,0.5,0.0,0.0,0.0
2026-01-23 12:12:02,clusterB,2,4,1,3,0.25,0.5,0.5,0.0,0.0,0.0
2026-01-23 12:12:07,clusterA,2,4,1,3,0.25,0.5,0.5,0.0,0.0,0.0
2026-01-23 12:12:07,clusterB,2,4,1,3,0.25,0.5,0.5,0.0,0.0,0.0
2026-01-23 12:12:12,clusterA,2,4,1,3,0.25,0.5,0.5,0.0,0.0,0.0
2026-01-23 12:12:12,clusterB,2,4,1,3,0.25,0.5,0.5,0.0,0.0,0.0
2026-01-23 12:12:17,clusterA,2,4,1,3,0.25,0.5,0.5,0.0,0.0,0.0
2026-01-23 12:12:17,clusterB,2,4,1,3,0.25,0.5,0.5,0.0,0.0,0.0
2026-01-23 12:12:22,clusterA,2,4,1,3,0.25,0.5,0.5,0.0,0.0,0.0
2026-01-23 12:12:22,clusterB,2,4,1,3,0.25,0.5,0.5,0.0,0.0,0.0
2026-01-23 12:12:27,clusterA,2,4,1,3,0.25,0.5,0.5,0.0,0.0,0.0
2026-01-23 12:12:27,clusterB,2,4,1,3,0.25,0.5,0.5,0.0,0.0,0.0
2026-01-23 12:12:32,clusterA,2,4,1,3,0.25,0.5,0.5,0.0,0.0,0.0
2026-01-23 12:12:32,clusterB,2,4,1,3,0.25,0.5,0.5,0.0,0.0,0.0
2026-01-23 12:12:37,clusterA,2,4,1,3,0.25,0.5,0.5,0.0,0.0,0.0
2026-01-23 12:12:37,clusterB,2,4,1,3,0.25,0.5,0.5,0.0,0.0,0.0
2026-01-23 12:12:42,clusterA,2,4,1,3,0.25,0.5,0.5,0.0,0.0,0.0
2026-01-23 12:12:42,clusterB,2,4,1,3,0.25,0.5,0.5,0.0,0.0,0.0
2026-01-23 12:12:47,clusterA,2,4,1,3,0.25,0.5,0.5,0.0,0.0,0.0
2026-01-23 12:12:47,clusterB,2,4,1,3,0.25,0.5,0.5,0.0,0.0,0.0
2026-01-23 12:12:52,clusterA,2,4,1,3,0.25,0.5,0.5,0.0,0.0,0.0
2026-01-23 12:12:52,clusterB,2,4,1,3,0.25,0.5,0.5,0.0,0.0,0.0
2026-01-23 12:12:57,clusterA,2,4,1,3,0.25,0.5,0.5,0.0,0.0,0.0
2026-01-23 12:12:57,clusterB,2,4,1,3,0.25,0.5,0.5,0.0,0.0,0.0
2026-01-23 12:13:02,clusterA,2,4,1,3,0.25,0.5,0.5,0.0,0.0,0.0
2026-01-23 12:13:02,clusterB,2,4,1,3,0.25,0.5,0.5,0.0,0.0,0.0
2026-01-23 12:13:07,clusterA,2,4,1,3,0.25,0.5,0.5,0.0,0.0,0.0
2026-01-23 12:13:07,clusterB,2,4,1,3,0.25,0.5,0.5,0.0,0.0,0.0
2026-01-23 12:13:12,clusterA,2,4,1,3,0.25,0.5,0.5,0.0,0.0,0.0
2026-01-23 12:13:12,clusterB,2,4,1,3,0.25,0.5,0.5,0.0,0.0,0.0
2026-01-23 12:13:17,clusterA,2,4,1,3,0.25,0.5,0.5,0.0,0.0,0.0
2026-01-23 12:13:17,clusterB,2,4,1,3,0.25,0.5,0.5,0.0,0.0,0.0
2026-01-23 12:13:22,clusterA,2,4,1,3,0.25,0.5,0.5,0.0,0.0,0.0
2026-01-23 12:13:22,clusterB,2,4,1,3,0.25,0.5,0.5,0.0,0.0,0.0
2026-01-23 12:13:27,clusterA,2,4,1,3,0.25,0.5,0.5,0.0,0.0,0.0
2026-01-23 12:13:27,clusterB,2,4,1,3,0.25,0.5,0.5,0.0,0.0,0.0
2026-01-23 12:13:32,clusterA,2,4,1,3,0.25,0.5,0.5,0.0,0.0,0.0
2026-01-23 12:13:32,clusterB,2,4,1,3,0.25,0.5,0.5,0.0,0.0,0.0
2026-01-23 12:13:37,clusterA,2,4,1,3,0.25,0.5,0.5,0.0,0.0,0.0
2026-01-23 12:13:37,clusterB,2,4,1,3,0.25,0.5,0.5,0.0,0.0,0.0
2026-01-23 12:13:42,clusterA,2,4,1,3,0.25,0.5,0.5,0.0,0.0,0.0
2026-01-23 12:13:42,clusterB,2,4,1,3,0.25,0.5,0.5,0.0,0.0,0.0
2026-01-23 12:13:47,clusterA,2,4,1,3,0.25,0.5,0.5,0.0,0.0,0.0
2026-01-23 12:13:47,clusterB,2,4,1,3,0.25,0.5,0.5,0.0,0.0,0.0
2026-01-23 12:13:52,clusterA,2,4,1,3,0.25,0.5,0.5,0.0,0.0,0.0
2026-01-23 12:13:52,clusterB,2,4,1,3,0.25,0.5,0.5,0.0,0.0,0.0
2026-01-23 12:13:57,clusterA,2,4,1,3,0.25,0.5,0.5,0.0,0.0,0.0
2026-01-23 12:13:57,clusterB,2,4,1,3,0.25,0.5,0.5,0.0,0.0,0.0
2026-01-23 12:14:02,clusterA,2,4,1,3,0.25,0.5,0.5,0.0,0.0,0.0
2026-01-23 12:14:02,clusterB,2,4,1,3,0.25,0.5,0.5,0.0,0.0,0.0
2026-01-23 12:14:07,clusterA,2,4,1,3,0.25,0.5,0.5,0.0,0.0,0.0
2026-01-23 12:14:07,clusterB,2,4,1,3,0.25,0.5,0.5,0.0,0.0,0.0
2026-01-23 12:14:12,clusterA,2,4,1,3,0.25,0.5,0.5,0.0,0.0,0.0
2026-01-23 12:14:12,clusterB,2,4,1,3,0.25,0.5,0.5,0.0,0.0,0.0
2026-01-23 12:14:17,clusterA,2,4,1,3,0.25,0.5,0.5,0.0,0.0,0.0
2026-01-23 12:14:17,clusterB,2,4,1,3,0.25,0.5,0.5,0.0,0.0,0.0
2026-01-23 12:14:22,clusterA,2,4,1,3,0.25,0.5,0.5,0.0,0.0,0.0
2026-01-23 12:14:22,clusterB,2,4,1,3,0.25,0.5,0.5,0.0,0.0,0.0
2026-01-23 12:14:27,clusterA,2,4,1,3,0.25,0.5,0.5,0.0,0.0,0.0
2026-01-23 12:14:27,clusterB,2,4,1,3,0.25,0.5,0.5,0.0,0.0,0.0
2026-01-23 12:14:32,clusterA,2,4,1,3,0.25,0.5,0.5,0.0,0.0,0.0
2026-01-23 12:14:32,clusterB,2,4,1,3,0.25,0.5,0.5,0.0,0.0,0.0
2026-01-23 12:14:37,clusterA,2,4,1,3,0.25,0.5,0.5,0.0,0.0,0.0
2026-01-23 12:14:37,clusterB,2,4,1,3,0.25,0.5,0.5,0.0,0.0,0.0
2026-01-23 12:14:42,clusterA,2,4,1,3,0.25,0.5,0.5,0.0,0.0,0.0
2026-01-23 12:14:42,clusterB,2,4,1,3,0.25,0.5,0.5,0.0,0.0,0.0
2026-01-23 12:14:47,clusterA,2,4,1,3,0.25,0.5,0.5,0.0,0.0,0.0
2026-01-23 12:14:47,clusterB,2,4,1,3,0.25,0.5,0.5,0.0,0.0,0.0
2026-01-23 12:14:52,clusterA,2,4,1,3,0.25,0.5,0.5,0.0,0.0,0.0
2026-01-23 12:14:52,clusterB,2,4,1,3,0.25,0.5,0.5,0.0,0.0,0.0
2026-01-23 12:14:57,clusterA,2,4,1,3,0.25,0.5,0.5,0.0,0.0,0.0
2026-01-23 12:14:57,clusterB,2,4,1,3,0.25,0.5,0.5,0.0,0.0,0.0
2026-01-23 12:15:02,clusterA,2,4,1,3,0.25,0.5,0.5,0.0,0.0,0.0
2026-01-23 12:15:02,clusterB,2,4,1,3,0.25,0.5,0.5,0.0,0.0,0.0
2026-01-23 12:15:07,clusterA,2,4,1,3,0.25,0.5,0.5,0.0,0.0,0.0
2026-01-23 12:15:07,clusterB,2,4,1,3,0.25,0.5,0.5,0.0,0.0,0.0
2026-01-23 12:15:12,clusterA,2,4,1,3,0.25,0.5,0.5,0.0,0.0,0.0
2026-01-23 12:15:12,clusterB,2,4,1,3,0.25,0.5,0.5,0.0,0.0,0.0
2026-01-23 12:15:17,clusterA,2,4,1,3,0.25,0.5,0.5,0.0,0.0,0.0
2026-01-23 12:15:17,clusterB,2,4,1,3,0.25,0.5,0.5,0.0,0.0,0.0
2026-01-23 12:15:22,clusterA,2,4,1,3,0.25,0.5,0.5,0.0,0.0,0.0
2026-01-23 12:15:22,clusterB,2,4,1,3,0.25,0.5,0.5,0.0,0.0,0.0
2026-01-23 12:15:27,clusterA,2,4,1,3,0.25,0.5,0.5,0.0,0.0,0.0
2026-01-23 12:15:27,clusterB,2,4,1,3,0.25,0.5,0.5,0.0,0.0,0.0
2026-01-23 12:15:32,clusterA,2,4,1,3,0.25,0.5,0.5,0.0,0.0,0.0
2026-01-23 12:15:32,clusterB,2,4,1,3,0.25,0.5,0.5,0.0,0.0,0.0
2026-01-23 12:15:37,clusterA,2,4,1,3,0.25,0.5,0.5,0.0,0.0,0.0
2026-01-23 12:15:37,clusterB,2,4,1,3,0.25,0.5,0.5,0.0,0.0,0.0
2026-01-23 12:15:42,clusterA,2,4,1,3,0.25,0.5,0.5,0.0,0.0,0.0
2026-01-23 12:15:42,clusterB,2,4,1,3,0.25,0.5,0.5,0.0,0.0,0.0
2026-01-23 12:15:47,clusterA,2,4,1,3,0.25,0.5,0.5,0.0,0.0,0.0
2026-01-23 12:15:47,clusterB,2,4,1,3,0.25,0.5,0.5,0.0,0.0,0.0
2026-01-23 12:15:52,clusterA,2,4,1,3,0.25,0.5,0.5,0.0,0.0,0.0
2026-01-23 12:15:52,clusterB,2,4,1,3,0.25,0.5,0.5,0.0,0.0,0.0
2026-01-23 12:15:57,clusterA,2,4,1,3,0.25,0.5,0.5,0.0,0.0,0.0
2026-01-23 12:15:57,clusterB,2,4,1,3,0.25,0.5,0.5,0.0,0.0,0.0
2026-01-23 12:16:02,clusterA,2,4,1,3,0.25,0.5,0.5,0.0,0.0,0.0
2026-01-23 12:16:02,clusterB,2,4,1,3,0.25,0.5,0.5,0.0,0.0,0.0
2026-01-23 12:16:07,clusterA,2,4,1,3,0.25,0.5,0.5,0.0,0.0,0.0
2026-01-23 12:16:07,clusterB,2,4,1,3,0.25,0.5,0.5,0.0,0.0,0.0
2026-01-23 12:16:12,clusterA,2,4,1,3,0.25,0.5,0.5,0.0,0.0,0.0
2026-01-23 12:16:12,clusterB,2,4,1,3,0.25,0.5,0.5,0.0,0.0,0.0
2026-01-23 12:16:17,clusterA,2,4,1,3,0.25,0.5,0.5,0.0,0.0,0.0
2026-01-23 12:16:17,clusterB,2,4,1,3,0.25,0.5,0.5,0.0,0.0,0.0
2026-01-23 12:16:22,clusterA,2,4,1,3,0.25,0.5,0.5,0.0,0.0,0.0
2026-01-23 12:16:22,clusterB,2,4,1,3,0.25,0.5,0.5,0.0,0.0,0.0
2026-01-23 12:16:27,clusterA,2,4,1,3,0.25,0.5,0.5,0.0,0.0,0.0
2026-01-23 12:16:27,clusterB,2,4,1,3,0.25,0.5,0.5,0.0,0.0,0.0
2026-01-23 12:16:32,clusterA,2,4,1,3,0.25,0.5,0.5,0.0,0.0,0.0
2026-01-23 12:16:32,clusterB,2,4,1,3,0.25,0.5,0.5,0.0,0.0,0.0
2026-01-23 12:16:37,clusterA,2,4,1,3,0.25,0.5,0.5,0.0,0.0,0.0
2026-01-23 12:16:37,clusterB,2,4,1,3,0.25,0.5,0.5,0.0,0.0,0.0
2026-01-23 12:16:42,clusterA,2,4,1,3,0.25,0.5,0.5,0.0,0.0,0.0
2026-01-23 12:16:42,clusterB,2,4,1,3,0.25,0.5,0.5,0.0,0.0,0.0
2026-01-23 12:16:47,clusterA,2,4,1,3,0.25,0.5,0.5,0.0,0.0,0.0
2026-01-23 12:16:47,clusterB,2,4,1,3,0.25,0.5,0.5,0.0,0.0,0.0
2026-01-23 12:16:52,clusterA,2,4,1,3,0.25,0.5,0.5,0.0,0.0,0.0
2026-01-23 12:16:52,clusterB,2,4,1,3,0.25,0.5,0.5,0.0,0.0,0.0
2026-01-23 12:16:57,clusterA,2,4,1,3,0.25,0.5,0.5,0.0,0.0,0.0
2026-01-23 12:16:57,clusterB,2,4,1,3,0.25,0.5,0.5,0.0,0.0,0.0
2026-01-23 12:17:02,clusterA,2,4,1,3,0.25,0.5,0.5,0.0,0.0,0.0
2026-01-23 12:17:02,clusterB,2,4,1,3,0.25,0.5,0.5,0.0,0.0,0.0
2026-01-23 12:17:07,clusterA,2,4,1,3,0.25,0.5,0.5,0.0,0.0,0.0
2026-01-23 12:17:07,clusterB,2,4,1,3,0.25,0.5,0.5,0.0,0.0,0.0
2026-01-23 12:17:12,clusterA,2,4,1,3,0.25,0.5,0.5,0.0,0.0,0.0
2026-01-23 12:17:12,clusterB,2,4,1,3,0.25,0.5,0.5,0.0,0.0,0.0
2026-01-23 12:17:17,clusterA,2,4,1,3,0.25,0.5,0.5,0.0,0.0,0.0
2026-01-23 12:17:17,clusterB,2,4,1,3,0.25,0.5,0.5,0.0,0.0,0.0
2026-01-23 12:17:22,clusterA,2,4,1,3,0.25,0.5,0.5,0.0,0.0,0.0
2026-01-23 12:17:22,clusterB,2,4,1,3,0.25,0.5,0.5,0.0,0.0,0.0
2026-01-23 12:17:27,clusterA,2,4,1,3,0.25,0.5,0.5,0.0,0.0,0.0
2026-01-23 12:17:27,clusterB,2,4,1,3,0.25,0.5,0.5,0.0,0.0,0.0
2026-01-23 12:17:32,clusterA,2,4,1,3,0.25,0.5,0.5,0.0,0.0,0.0
2026-01-23 12:17:32,clusterB,2,4,1,3,0.25,0.5,0.5,0.0,0.0,0.0
2026-01-23 12:17:37,clusterA,2,4,1,3,0.25,0.5,0.5,0.0,0.0,0.0
2026-01-23 12:17:37,clusterB,2,4,1,3,0.25,0.5,0.5,0.0,0.0,0.0
2026-01-23 12:17:42,clusterA,2,4,1,3,0.25,0.5,0.5,0.0,0.0,0.0
2026-01-23 12:17:42,clusterB,2,4,1,3,0.25,0.5,0.5,0.0,0.0,0.0
2026-01-23 12:17:47,clusterA,2,4,1,3,0.25,0.5,0.5,0.0,0.0,0.0
2026-01-23 12:17:47,clusterB,2,4,1,3,0.25,0.5,0.5,0.0,0.0,0.0
2026-01-23 12:17:52,clusterA,2,4,1,3,0.25,0.5,0.5,0.0,0.0,0.0
2026-01-23 12:17:52,clusterB,2,4,1,3,0.25,0.5,0.5,0.0,0.0,0.0
2026-01-23 12:17:57,clusterA,2,4,1,3,0.25,0.5,0.5,0.0,0.0,0.0
2026-01-23 12:17:57,clusterB,2,4,1,3,0.25,0.5,0.5,0.0,0.0,0.0
2026-01-23 12:18:02,clusterA,2,4,1,3,0.25,0.5,0.5,0.0,0.0,0.0
2026-01-23 12:18:02,clusterB,2,4,1,3,0.25,0.5,0.5,0.0,0.0,0.0
2026-01-23 12:18:07,clusterA,2,4,1,3,0.25,0.5,0.5,0.0,0.0,0.0
2026-01-23 12:18:07,clusterB,2,4,1,3,0.25,0.5,0.5,0.0,0.0,0.0
2026-01-23 12:18:12,clusterA,2,4,1,3,0.25,0.5,0.5,0.0,0.0,0.0
2026-01-23 12:18:12,clusterB,2,4,1,3,0.25,0.5,0.5,0.0,0.0,0.0
2026-01-23 12:18:17,clusterA,2,4,1,3,0.25,0.5,0.5,0.0,0.0,0.0
2026-01-23 12:18:17,clusterB,2,4,1,3,0.25,0.5,0.5,0.0,0.0,0.0
2026-01-23 12:18:22,clusterA,2,4,1,3,0.25,0.5,0.5,0.0,0.0,0.0
2026-01-23 12:18:22,clusterB,2,4,1,3,0.25,0.5,0.5,0.0,0.0,0.0
2026-01-23 12:18:27,clusterA,2,4,1,3,0.25,0.5,0.5,0.0,0.0,0.0
2026-01-23 12:18:27,clusterB,2,4,1,3,0.25,0.5,0.5,0.0,0.0,0.0
2026-01-23 12:18:32,clusterA,2,4,1,3,0.25,0.5,0.5,0.0,0.0,0.0
2026-01-23 12:18:32,clusterB,2,4,1,3,0.25,0.5,0.5,0.0,0.0,0.0
2026-01-23 12:18:37,clusterA,2,4,1,3,0.25,0.5,0.5,0.0,0.0,0.0
2026-01-23 12:18:37,clusterB,2,4,1,3,0.25,0.5,0.5,0.0,0.0,0.0
2026-01-23 12:18:42,clusterA,2,4,1,3,0.25,0.5,0.5,0.0,0.0,0.0
2026-01-23 12:18:42,clusterB,2,4,1,3,0.25,0.5,0.5,0.0,0.0,0.0
2026-01-23 12:18:47,clusterA,2,4,1,3,0.25,0.5,0.5,0.0,0.0,0.0
2026-01-23 12:18:47,clusterB,2,4,1,3,0.25,0.5,0.5,0.0,0.0,0.0
2026-01-23 12:18:52,clusterA,2,4,1,3,0.25,0.5,0.5,0.0,0.0,0.0
2026-01-23 12:18:52,clusterB,2,4,1,3,0.25,0.5,0.5,0.0,0.0,0.0
2026-01-23 12:18:57,clusterA,2,4,1,3,0.25,0.5,0.5,0.0,0.0,0.0
2026-01-23 12:18:57,clusterB,2,4,1,3,0.25,0.5,0.5,0.0,0.0,0.0
2026-01-23 12:19:02,clusterA,2,4,1,3,0.25,0.5,0.5,0.0,0.0,0.0
2026-01-23 12:19:02,clusterB,2,4,1,3,0.25,0.5,0.5,0.0,0.0,0.0
2026-01-23 12:19:07,clusterA,2,4,1,3,0.25,0.5,0.5,0.0,0.0,0.0
2026-01-23 12:19:07,clusterB,2,4,1,3,0.25,0.5,0.5,0.0,0.0,0.0
2026-01-23 12:19:12,clusterA,2,4,1,3,0.25,0.5,0.5,0.0,0.0,0.0
2026-01-23 12:19:12,clusterB,2,4,1,3,0.25,0.5,0.5,0.0,0.0,0.0
2026-01-23 12:19:17,clusterA,2,4,1,3,0.25,0.5,0.5,0.0,0.0,0.0
2026-01-23 12:19:17,clusterB,2,4,1,3,0.25,0.5,0.5,0.0,0.0,0.0
2026-01-23 12:19:22,clusterA,2,4,1,3,0.25,0.5,0.5,0.0,0.0,0.0
2026-01-23 12:19:22,clusterB,2,4,1,3,0.25,0.5,0.5,0.0,0.0,0.0
2026-01-23 12:19:27,clusterA,2,4,1,3,0.25,0.5,0.5,0.0,0.0,0.0
2026-01-23 12:19:27,clusterB,2,4,1,3,0.25,0.5,0.5,0.0,0.0,0.0
2026-01-23 12:19:32,clusterA,2,4,1,3,0.25,0.5,0.5,0.0,0.0,0.0
2026-01-23 12:19:32,clusterB,2,4,1,3,0.25,0.5,0.5,0.0,0.0,0.0
2026-01-23 12:19:37,clusterA,2,4,1,3,0.25,0.5,0.5,0.0,0.0,0.0
2026-01-23 12:19:37,clusterB,2,4,1,3,0.25,0.5,0.5,0.0,0.0,0.0
2026-01-23 12:19:42,clusterA,2,4,1,3,0.25,0.5,0.5,0.0,0.0,0.0
2026-01-23 12:19:42,clusterB,2,4,1,3,0.25,0.5,0.5,0.0,0.0,0.0
2026-01-23 12:19:47,clusterA,2,4,1,3,0.25,0.5,0.5,0.0,0.0,0.0
2026-01-23 12:19:47,clusterB,2,4,1,3,0.25,0.5,0.5,0.0,0.0,0.0
2026-01-23 12:19:52,clusterA,2,4,1,3,0.25,0.5,0.5,0.0,0.0,0.0
2026-01-23 12:19:52,clusterB,2,4,1,3,0.25,0.5,0.5,0.0,0.0,0.0
2026-01-23 12:19:57,clusterA,2,4,1,3,0.25,0.5,0.5,0.0,0.0,0.0
2026-01-23 12:19:57,clusterB,2,4,1,3,0.25,0.5,0.5,0.0,0.0,0.0
2026-01-23 12:20:02,clusterA,2,4,1,3,0.25,0.5,0.5,0.0,0.0,0.0
2026-01-23 12:20:02,clusterB,2,4,1,3,0.25,0.5,0.5,0.0,0.0,0.0
2026-01-23 12:20:07,clusterA,2,4,1,3,0.25,0.5,0.5,0.0,0.0,0.0
2026-01-23 12:20:07,clusterB,2,4,1,3,0.25,0.5,0.5,0.0,0.0,0.0
2026-01-23 12:20:12,clusterA,2,4,1,3,0.25,0.5,0.5,0.0,0.0,0.0
2026-01-23 12:20:12,clusterB,2,4,1,3,0.25,0.5,0.5,0.0,0.0,0.0
2026-01-23 12:20:17,clusterA,2,4,1,3,0.25,0.5,0.5,0.0,0.0,0.0
2026-01-23 12:20:17,clusterB,2,4,1,3,0.25,0.5,0.5,0.0,0.0,0.0
2026-01-23 12:20:22,clusterA,2,4,1,3,0.25,0.5,0.5,0.0,0.0,0.0
2026-01-23 12:20:22,clusterB,2,4,1,3,0.25,0.5,0.5,0.0,0.0,0.0
2026-01-23 12:20:27,clusterA,2,4,1,3,0.25,0.5,0.5,0.0,0.0,0.0
2026-01-23 12:20:27,clusterB,2,4,1,3,0.25,0.5,0.5,0.0,0.0,0.0
2026-01-23 12:20:32,clusterA,2,4,1,3,0.25,0.5,0.5,0.0,0.0,0.0
2026-01-23 12:20:32,clusterB,2,4,1,3,0.25,0.5,0.5,0.0,0.0,0.0
2026-01-23 12:20:37,clusterA,2,4,1,3,0.25,0.5,0.5,0.0,0.0,0.0
2026-01-23 12:20:37,clusterB,2,4,1,3,0.25,0.5,0.5,0.0,0.0,0.0
2026-01-23 12:20:42,clusterA,2,4,1,3,0.25,0.5,0.5,0.0,0.0,0.0
2026-01-23 12:20:42,clusterB,2,4,1,3,0.25,0.5,0.5,0.0,0.0,0.0
2026-01-23 12:20:47,clusterA,2,4,1,3,0.25,0.5,0.5,0.0,0.0,0.0
2026-01-23 12:20:47,clusterB,2,4,1,3,0.25,0.5,0.5,0.0,0.0,0.0
2026-01-23 12:20:52,clusterA,2,4,1,3,0.25,0.5,0.5,0.0,0.0,0.0
2026-01-23 12:20:52,clusterB,2,4,1,3,0.25,0.5,0.5,0.0,0.0,0.0
2026-01-23 12:20:57,clusterA,2,4,1,3,0.25,0.5,0.5,0.0,0.0,0.0
2026-01-23 12:20:57,clusterB,2,4,1,3,0.25,0.5,0.5,0.0,0.0,0.0
2026-01-23 12:21:02,clusterA,2,4,1,3,0.25,0.5,0.5,0.0,0.0,0.0
2026-01-23 12:21:02,clusterB,2,4,1,3,0.25,0.5,0.5,0.0,0.0,0.0
2026-01-23 12:21:07,clusterA,2,4,1,3,0.25,0.5,0.5,0.0,0.0,0.0
2026-01-23 12:21:07,clusterB,2,4,1,3,0.25,0.5,0.5,0.0,0.0,0.0
2026-01-23 12:21:12,clusterA,2,4,1,3,0.25,0.5,0.5,0.0,0.0,0.0
2026-01-23 12:21:12,clusterB,2,4,1,3,0.25,0.5,0.5,0.0,0.0,0.0
2026-01-23 12:21:17,clusterA,2,4,1,3,0.25,0.5,0.5,0.0,0.0,0.0
2026-01-23 12:21:17,clusterB,2,4,1,3,0.25,0.5,0.5,0.0,0.0,0.0
2026-01-23 12:21:22,clusterA,2,4,1,3,0.25,0.5,0.5,0.0,0.0,0.0
2026-01-23 12:21:22,clusterB,2,4,1,3,0.25,0.5,0.5,0.0,0.0,0.0
2026-01-23 12:21:27,clusterA,2,4,1,3,0.25,0.5,0.5,0.0,0.0,0.0
2026-01-23 12:21:27,clusterB,2,4,1,3,0.25,0.5,0.5,0.0,0.0,0.0
2026-01-23 12:21:32,clusterA,2,4,1,3,0.25,0.5,0.5,0.0,0.0,0.0
2026-01-23 12:21:32,clusterB,2,4,1,3,0.25,0.5,0.5,0.0,0.0,0.0
2026-01-23 12:21:37,clusterA,2,4,1,3,0.25,0.5,0.5,0.0,0.0,0.0
2026-01-23 12:21:37,clusterB,2,4,1,3,0.25,0.5,0.5,0.0,0.0,0.0
2026-01-23 12:21:42,clusterA,2,4,1,3,0.25,0.5,0.5,0.0,0.0,0.0
2026-01-23 12:21:42,clusterB,2,4,1,3,0.25,0.5,0.5,0.0,0.0,0.0
2026-01-23 12:21:47,clusterA,2,4,1,3,0.25,0.5,0.5,0.0,0.0,0.0
2026-01-23 12:21:47,clusterB,2,4,1,3,0.25,0.5,0.5,0.0,0.0,0.0
2026-01-23 12:21:52,clusterA,2,4,1,3,0.25,0.5,0.5,0.0,0.0,0.0
2026-01-23 12:21:52,clusterB,2,4,1,3,0.25,0.5,0.5,0.0,0.0,0.0
2026-01-23 12:21:57,clusterA,2,4,1,3,0.25,0.5,0.5,0.0,0.0,0.0
2026-01-23 12:21:57,clusterB,2,4,1,3,0.25,0.5,0.5,0.0,0.0,0.0
2026-01-23 12:22:02,clusterA,2,4,1,3,0.25,0.5,0.5,0.0,0.0,0.0
2026-01-23 12:22:02,clusterB,2,4,1,3,0.25,0.5,0.5,0.0,0.0,0.0
2026-01-23 12:22:07,clusterA,2,4,1,3,0.25,0.5,0.5,0.0,0.0,0.0
2026-01-23 12:22:07,clusterB,2,4,1,3,0.25,0.5,0.5,0.0,0.0,0.0
2026-01-23 12:22:12,clusterA,2,4,1,3,0.25,0.5,0.5,0.0,0.0,0.0
2026-01-23 12:22:12,clusterB,2,4,1,3,0.25,0.5,0.5,0.0,0.0,0.0
2026-01-23 12:22:17,clusterA,2,4,1,3,0.25,0.5,0.5,0.0,0.0,0.0
2026-01-23 12:22:17,clusterB,2,4,1,3,0.25,0.5,0.5,0.0,0.0,0.0
2026-01-23 12:22:22,clusterA,2,4,1,3,0.25,0.5,0.5,0.0,0.0,0.0
2026-01-23 12:22:22,clusterB,2,4,1,3,0.25,0.5,0.5,0.0,0.0,0.0
2026-01-23 12:22:27,clusterA,2,4,1,3,0.25,0.5,0.5,0.0,0.0,0.0
2026-01-23 12:22:27,clusterB,2,4,1,3,0.25,0.5,0.5,0.0,0.0,0.0
2026-01-23 12:22:32,clusterA,2,4,1,3,0.25,0.5,0.5,0.0,0.0,0.0
2026-01-23 12:22:32,clusterB,2,4,1,3,0.25,0.5,0.5,0.0,0.0,0.0
2026-01-23 12:22:37,clusterA,2,4,1,3,0.25,0.5,0.5,0.0,0.0,0.0
2026-01-23 12:22:37,clusterB,2,4,1,3,0.25,0.5,0.5,0.0,0.0,0.0
2026-01-23 12:22:42,clusterA,2,4,1,3,0.25,0.5,0.5,0.0,0.0,0.0
2026-01-23 12:22:42,clusterB,2,4,1,3,0.25,0.5,0.5,0.0,0.0,0.0
2026-01-23 12:22:47,clusterA,2,4,1,3,0.25,0.5,0.5,0.0,0.0,0.0
2026-01-23 12:22:47,clusterB,2,4,1,3,0.25,0.5,0.5,0.0,0.0,0.0
2026-01-23 12:22:52,clusterA,2,4,1,3,0.25,0.5,0.5,0.0,0.0,0.0
2026-01-23 12:22:52,clusterB,2,4,1,3,0.25,0.5,0.5,0.0,0.0,0.0
2026-01-23 12:22:57,clusterA,2,4,1,3,0.25,0.5,0.5,0.0,0.0,0.0
2026-01-23 12:22:57,clusterB,2,4,1,3,0.25,0.5,0.5,0.0,0.0,0.0
2026-01-23 12:23:02,clusterA,2,4,1,3,0.25,0.5,0.5,0.0,0.0,0.0
2026-01-23 12:23:02,clusterB,2,4,1,3,0.25,0.5,0.5,0.0,0.0,0.0
2026-01-23 12:23:07,clusterA,2,4,1,3,0.25,0.5,0.5,0.0,0.0,0.0
2026-01-23 12:23:07,clusterB,2,4,1,3,0.25,0.5,0.5,0.0,0.0,0.0
2026-01-23 12:23:12,clusterA,2,4,1,3,0.25,0.5,0.5,0.0,0.0,0.0
2026-01-23 12:23:12,clusterB,2,4,1,3,0.25,0.5,0.5,0.0,0.0,0.0
2026-01-23 12:23:17,clusterA,2,4,1,3,0.25,0.5,0.5,0.0,0.0,0.0
2026-01-23 12:23:17,clusterB,2,4,1,3,0.25,0.5,0.5,0.0,0.0,0.0
2026-01-23 12:23:22,clusterA,2,4,1,3,0.25,0.5,0.5,0.0,0.0,0.0
2026-01-23 12:23:22,clusterB,2,4,1,3,0.25,0.5,0.5,0.0,0.0,0.0
2026-01-23 12:23:27,clusterA,2,4,1,3,0.25,0.5,0.5,0.0,0.0,0.0
2026-01-23 12:23:27,clusterB,2,4,1,3,0.25,0.5,0.5,0.0,0.0,0.0
2026-01-23 12:23:32,clusterA,2,4,1,3,0.25,0.5,0.5,0.0,0.0,0.0
2026-01-23 12:23:32,clusterB,2,4,1,3,0.25,0.5,0.5,0.0,0.0,0.0
2026-01-23 12:23:37,clusterA,2,4,1,3,0.25,0.5,0.5,0.0,0.0,0.0
2026-01-23 12:23:37,clusterB,2,4,1,3,0.25,0.5,0.5,0.0,0.0,0.0
2026-01-23 12:23:42,clusterA,2,4,1,3,0.25,0.5,0.5,0.0,0.0,0.0
2026-01-23 12:23:42,clusterB,2,4,1,3,0.25,0.5,0.5,0.0,0.0,0.0
2026-01-23 12:23:47,clusterA,2,4,1,3,0.25,0.5,0.5,0.0,0.0,0.0
2026-01-23 12:23:47,clusterB,2,4,1,3,0.25,0.5,0.5,0.0,0.0,0.0
2026-01-23 12:23:52,clusterA,2,4,1,3,0.25,0.5,0.5,0.0,0.0,0.0
2026-01-23 12:23:52,clusterB,2,4,1,3,0.25,0.5,0.5,0.0,0.0,0.0
2026-01-23 12:23:57,clusterA,2,4,1,3,0.25,0.5,0.5,0.0,0.0,0.0
2026-01-23 12:23:57,clusterB,2,4,1,3,0.25,0.5,0.5,0.0,0.0,0.0
2026-01-23 12:24:02,clusterA,2,4,1,3,0.25,0.5,0.5,0.0,0.0,0.0
2026-01-23 12:24:02,clusterB,2,4,1,3,0.25,0.5,0.5,0.0,0.0,0.0
2026-01-23 12:24:07,clusterA,2,4,1,3,0.25,0.5,0.5,0.0,0.0,0.0
2026-01-23 12:24:07,clusterB,2,4,1,3,0.25,0.5,0.5,0.0,0.0,0.0
2026-01-23 12:24:12,clusterA,2,4,1,3,0.25,0.5,0.5,0.0,0.0,0.0
2026-01-23 12:24:12,clusterB,2,4,1,3,0.25,0.5,0.5,0.0,0.0,0.0
2026-01-23 12:24:18,clusterA,2,4,1,3,0.25,0.5,0.5,0.0,0.0,0.0
2026-01-23 12:24:18,clusterB,2,4,1,3,0.25,0.5,0.5,0.0,0.0,0.0
2026-01-23 12:24:23,clusterA,2,4,1,3,0.25,0.5,0.5,0.0,0.0,0.0
2026-01-23 12:24:23,clusterB,2,4,1,3,0.25,0.5,0.5,0.0,0.0,0.0
2026-01-23 12:24:28,clusterA,2,4,1,3,0.25,0.5,0.5,0.0,0.0,0.0
2026-01-23 12:24:28,clusterB,2,4,1,3,0.25,0.5,0.5,0.0,0.0,0.0
2026-01-23 12:24:33,clusterA,2,4,1,3,0.25,0.5,0.5,0.0,0.0,0.0
2026-01-23 12:24:33,clusterB,2,4,1,3,0.25,0.5,0.5,0.0,0.0,0.0
2026-01-23 12:24:38,clusterA,2,4,1,3,0.25,0.5,0.5,0.0,0.0,0.0
2026-01-23 12:24:38,clusterB,2,4,1,3,0.25,0.5,0.5,0.0,0.0,0.0
2026-01-23 12:24:43,clusterA,2,4,1,3,0.25,0.5,0.5,0.0,0.0,0.0
2026-01-23 12:24:43,clusterB,2,4,1,3,0.25,0.5,0.5,0.0,0.0,0.0
2026-01-23 12:24:48,clusterA,2,4,1,3,0.25,0.5,0.5,0.0,0.0,0.0
2026-01-23 12:24:48,clusterB,2,4,1,3,0.25,0.5,0.5,0.0,0.0,0.0
2026-01-23 12:24:53,clusterA,2,4,1,3,0.25,0.5,0.5,0.0,0.0,0.0
2026-01-23 12:24:53,clusterB,2,4,1,3,0.25,0.5,0.5,0.0,0.0,0.0
2026-01-23 12:24:58,clusterA,2,4,1,3,0.25,0.5,0.5,0.0,0.0,0.0
2026-01-23 12:24:58,clusterB,2,4,1,3,0.25,0.5,0.5,0.0,0.0,0.0
2026-01-23 12:25:03,clusterA,2,4,1,3,0.25,0.5,0.5,0.0,0.0,0.0
2026-01-23 12:25:03,clusterB,2,4,1,3,0.25,0.5,0.5,0.0,0.0,0.0
2026-01-23 12:25:08,clusterA,2,4,1,3,0.25,0.5,0.5,0.0,0.0,0.0
2026-01-23 12:25:08,clusterB,2,4,1,3,0.25,0.5,0.5,0.0,0.0,0.0
2026-01-23 12:25:13,clusterA,2,4,1,3,0.25,0.5,0.5,0.0,0.0,0.0
2026-01-23 12:25:13,clusterB,2,4,1,3,0.25,0.5,0.5,0.0,0.0,0.0
2026-01-23 12:25:18,clusterA,2,4,1,3,0.25,0.5,0.5,0.0,0.0,0.0
2026-01-23 12:25:18,clusterB,2,4,1,3,0.25,0.5,0.5,0.0,0.0,0.0
2026-01-23 12:25:23,clusterA,2,4,1,3,0.25,0.5,0.5,0.0,0.0,0.0
2026-01-23 12:25:23,clusterB,2,4,1,3,0.25,0.5,0.5,0.0,0.0,0.0
2026-01-23 12:25:28,clusterA,2,4,1,3,0.25,0.5,0.5,0.0,0.0,0.0
2026-01-23 12:25:28,clusterB,2,4,1,3,0.25,0.5,0.5,0.0,0.0,0.0
2026-01-23 12:25:33,clusterA,2,4,1,3,0.25,0.5,0.5,0.0,0.0,0.0
2026-01-23 12:25:33,clusterB,2,4,1,3,0.25,0.5,0.5,0.0,0.0,0.0
2026-01-23 12:25:38,clusterA,2,4,1,3,0.25,0.5,0.5,0.0,0.0,0.0
2026-01-23 12:25:38,clusterB,2,4,1,3,0.25,0.5,0.5,0.0,0.0,0.0
2026-01-23 12:25:43,clusterA,2,4,1,3,0.25,0.5,0.5,0.0,0.0,0.0
2026-01-23 12:25:43,clusterB,2,4,1,3,0.25,0.5,0.5,0.0,0.0,0.0
2026-01-23 12:25:48,clusterA,2,4,1,3,0.25,0.5,0.5,0.0,0.0,0.0
2026-01-23 12:25:48,clusterB,2,4,1,3,0.25,0.5,0.5,0.0,0.0,0.0
2026-01-23 12:25:53,clusterA,2,4,1,3,0.25,0.5,0.5,0.0,0.0,0.0
2026-01-23 12:25:53,clusterB,2,4,1,3,0.25,0.5,0.5,0.0,0.0,0.0
2026-01-23 12:25:58,clusterA,2,4,1,3,0.25,0.5,0.5,0.0,0.0,0.0
2026-01-23 12:25:58,clusterB,2,4,1,3,0.25,0.5,0.5,0.0,0.0,0.0
2026-01-23 12:26:03,clusterA,2,4,1,3,0.25,0.5,0.5,0.0,0.0,0.0
2026-01-23 12:26:03,clusterB,2,4,1,3,0.25,0.5,0.5,0.0,0.0,0.0
2026-01-23 12:26:08,clusterA,2,4,1,3,0.25,0.5,0.5,0.0,0.0,0.0
2026-01-23 12:26:08,clusterB,2,4,1,3,0.25,0.5,0.5,0.0,0.0,0.0
2026-01-23 12:26:13,clusterA,2,4,1,3,0.25,0.5,0.5,0.0,0.0,0.0
2026-01-23 12:26:13,clusterB,2,4,1,3,0.25,0.5,0.5,0.0,0.0,0.0
2026-01-23 12:26:18,clusterA,2,4,1,3,0.25,0.5,0.5,0.0,0.0,0.0
2026-01-23 12:26:18,clusterB,2,4,1,3,0.25,0.5,0.5,0.0,0.0,0.0
2026-01-23 12:26:23,clusterA,2,4,1,3,0.25,0.5,0.5,0.0,0.0,0.0
2026-01-23 12:26:23,clusterB,2,4,1,3,0.25,0.5,0.5,0.0,0.0,0.0
2026-01-23 12:26:28,clusterA,2,4,1,3,0.25,0.5,0.5,0.0,0.0,0.0
2026-01-23 12:26:28,clusterB,2,4,1,3,0.25,0.5,0.5,0.0,0.0,0.0
2026-01-23 12:26:33,clusterA,2,4,1,3,0.25,0.5,0.5,0.0,0.0,0.0
2026-01-23 12:26:33,clusterB,2,4,1,3,0.25,0.5,0.5,0.0,0.0,0.0
2026-01-23 12:26:38,clusterA,2,4,1,3,0.25,0.5,0.5,0.0,0.0,0.0
2026-01-23 12:26:38,clusterB,2,4,1,3,0.25,0.5,0.5,0.0,0.0,0.0
2026-01-23 12:26:43,clusterA,2,4,1,3,0.25,0.5,0.5,0.0,0.0,0.0
2026-01-23 12:26:43,clusterB,2,4,1,3,0.25,0.5,0.5,0.0,0.0,0.0
2026-01-23 12:26:48,clusterA,2,4,1,3,0.25,0.5,0.5,0.0,0.0,0.0
2026-01-23 12:26:48,clusterB,2,4,1,3,0.25,0.5,0.5,0.0,0.0,0.0
2026-01-23 12:26:53,clusterA,2,4,1,3,0.25,0.5,0.5,0.0,0.0,0.0
2026-01-23 12:26:53,clusterB,2,4,1,3,0.25,0.5,0.5,0.0,0.0,0.0
2026-01-23 12:26:58,clusterA,2,4,1,3,0.25,0.5,0.5,0.0,0.0,0.0
2026-01-23 12:26:58,clusterB,2,4,1,3,0.25,0.5,0.5,0.0,0.0,0.0
2026-01-23 12:27:03,clusterA,2,4,1,3,0.25,0.5,0.5,0.0,0.0,0.0
2026-01-23 12:27:03,clusterB,2,4,1,3,0.25,0.5,0.5,0.0,0.0,0.0
2026-01-23 12:27:08,clusterA,2,4,1,3,0.25,0.5,0.5,0.0,0.0,0.0
2026-01-23 12:27:08,clusterB,2,4,1,3,0.25,0.5,0.5,0.0,0.0,0.0
2026-01-23 12:27:13,clusterA,2,4,1,3,0.25,0.5,0.5,0.0,0.0,0.0
2026-01-23 12:27:13,clusterB,2,4,1,3,0.25,0.5,0.5,0.0,0.0,0.0
2026-01-23 12:27:18,clusterA,2,4,1,3,0.25,0.5,0.5,0.0,0.0,0.0
2026-01-23 12:27:18,clusterB,2,4,1,3,0.25,0.5,0.5,0.0,0.0,0.0
2026-01-23 12:27:23,clusterA,2,4,1,3,0.25,0.5,0.5,0.0,0.0,0.0
2026-01-23 12:27:23,clusterB,2,4,1,3,0.25,0.5,0.5,0.0,0.0,0.0
2026-01-23 12:27:28,clusterA,2,4,1,3,0.25,0.5,0.5,0.0,0.0,0.0
2026-01-23 12:27:28,clusterB,2,4,1,3,0.25,0.5,0.5,0.0,0.0,0.0
2026-01-23 12:27:33,clusterA,2,4,1,3,0.25,0.5,0.5,0.0,0.0,0.0
2026-01-23 12:27:33,clusterB,2,4,1,3,0.25,0.5,0.5,0.0,0.0,0.0
2026-01-23 12:27:38,clusterA,2,4,1,3,0.25,0.5,0.5,0.0,0.0,0.0
2026-01-23 12:27:38,clusterB,2,4,1,3,0.25,0.5,0.5,0.0,0.0,0.0
2026-01-23 12:27:43,clusterA,2,4,1,3,0.25,0.5,0.5,0.0,0.0,0.0
2026-01-23 12:27:43,clusterB,2,4,1,3,0.25,0.5,0.5,0.0,0.0,0.0
2026-01-23 12:27:48,clusterA,2,4,1,3,0.25,0.5,0.5,0.0,0.0,0.0
2026-01-23 12:27:48,clusterB,2,4,1,3,0.25,0.5,0.5,0.0,0.0,0.0
2026-01-23 12:27:53,clusterA,2,4,1,3,0.25,0.5,0.5,0.0,0.0,0.0
2026-01-23 12:27:53,clusterB,2,4,1,3,0.25,0.5,0.5,0.0,0.0,0.0
2026-01-23 12:27:58,clusterA,2,4,1,3,0.25,0.5,0.5,0.0,0.0,0.0
2026-01-23 12:27:58,clusterB,2,4,1,3,0.25,0.5,0.5,0.0,0.0,0.0
2026-01-23 12:28:03,clusterA,2,4,1,3,0.25,0.5,0.5,0.0,0.0,0.0
2026-01-23 12:28:03,clusterB,2,4,1,3,0.25,0.5,0.5,0.0,0.0,0.0
2026-01-23 12:28:08,clusterA,2,4,1,3,0.25,0.5,0.5,0.0,0.0,0.0
2026-01-23 12:28:08,clusterB,2,4,1,3,0.25,0.5,0.5,0.0,0.0,0.0
2026-01-23 12:28:13,clusterA,2,4,1,3,0.25,0.5,0.5,0.0,0.0,0.0
2026-01-23 12:28:13,clusterB,2,4,1,3,0.25,0.5,0.5,0.0,0.0,0.0
2026-01-23 12:28:18,clusterA,2,4,1,3,0.25,0.5,0.5,0.0,0.0,0.0
2026-01-23 12:28:18,clusterB,2,4,1,3,0.25,0.5,0.5,0.0,0.0,0.0
2026-01-23 12:28:23,clusterA,2,4,1,3,0.25,0.5,0.5,0.0,0.0,0.0
2026-01-23 12:28:23,clusterB,2,4,1,3,0.25,0.5,0.5,0.0,0.0,0.0
2026-01-23 12:28:28,clusterA,2,4,1,3,0.25,0.5,0.5,0.0,0.0,0.0
2026-01-23 12:28:28,clusterB,2,4,1,3,0.25,0.5,0.5,0.0,0.0,0.0
2026-01-23 12:28:33,clusterA,2,4,1,3,0.25,0.5,0.5,0.0,0.0,0.0
2026-01-23 12:28:33,clusterB,2,4,1,3,0.25,0.5,0.5,0.0,0.0,0.0
2026-01-23 12:28:38,clusterA,2,4,1,3,0.25,0.5,0.5,0.0,0.0,0.0
2026-01-23 12:28:38,clusterB,2,4,1,3,0.25,0.5,0.5,0.0,0.0,0.0
2026-01-23 12:28:43,clusterA,2,4,1,3,0.25,0.5,0.5,0.0,0.0,0.0
2026-01-23 12:28:43,clusterB,2,4,1,3,0.25,0.5,0.5,0.0,0.0,0.0
2026-01-23 12:28:48,clusterA,2,4,1,3,0.25,0.5,0.5,0.0,0.0,0.0
2026-01-23 12:28:48,clusterB,2,4,1,3,0.25,0.5,0.5,0.0,0.0,0.0
2026-01-23 12:28:53,clusterA,2,4,1,3,0.25,0.5,0.5,0.0,0.0,0.0
2026-01-23 12:28:53,clusterB,2,4,1,3,0.25,0.5,0.5,0.0,0.0,0.0
2026-01-23 12:28:58,clusterA,2,4,1,3,0.25,0.5,0.5,0.0,0.0,0.0
2026-01-23 12:28:58,clusterB,2,4,1,3,0.25,0.5,0.5,0.0,0.0,0.0
2026-01-23 12:29:03,clusterA,2,4,1,3,0.25,0.5,0.5,0.0,0.0,0.0
2026-01-23 12:29:03,clusterB,2,4,1,3,0.25,0.5,0.5,0.0,0.0,0.0
2026-01-23 12:29:08,clusterA,2,4,1,3,0.25,0.5,0.5,0.0,0.0,0.0
2026-01-23 12:29:08,clusterB,2,4,1,3,0.25,0.5,0.5,0.0,0.0,0.0
2026-01-23 12:29:13,clusterA,2,4,1,3,0.25,0.5,0.5,0.0,0.0,0.0
2026-01-23 12:29:13,clusterB,2,4,1,3,0.25,0.5,0.5,0.0,0.0,0.0
2026-01-23 12:29:18,clusterA,2,4,1,3,0.25,0.5,0.5,0.0,0.0,0.0
2026-01-23 12:29:18,clusterB,2,4,1,3,0.25,0.5,0.5,0.0,0.0,0.0
2026-01-23 12:29:23,clusterA,2,4,1,3,0.25,0.5,0.5,0.0,0.0,0.0
2026-01-23 12:29:23,clusterB,2,4,1,3,0.25,0.5,0.5,0.0,0.0,0.0
2026-01-23 12:29:28,clusterA,2,4,1,3,0.25,0.5,0.5,0.0,0.0,0.0
2026-01-23 12:29:28,clusterB,2,4,1,3,0.25,0.5,0.5,0.0,0.0,0.0
2026-01-23 12:29:33,clusterA,2,4,1,3,0.25,0.5,0.5,0.0,0.0,0.0
2026-01-23 12:29:33,clusterB,2,4,1,3,0.25,0.5,0.5,0.0,0.0,0.0
2026-01-23 12:29:38,clusterA,2,4,1,3,0.25,0.5,0.5,0.0,0.0,0.0
2026-01-23 12:29:38,clusterB,2,4,1,3,0.25,0.5,0.5,0.0,0.0,0.0
2026-01-23 12:29:43,clusterA,2,4,1,3,0.25,0.5,0.5,0.0,0.0,0.0
2026-01-23 12:29:43,clusterB,2,4,1,3,0.25,0.5,0.5,0.0,0.0,0.0
2026-01-23 12:29:48,clusterA,2,4,1,3,0.25,0.5,0.5,0.0,0.0,0.0
2026-01-23 12:29:48,clusterB,2,4,1,3,0.25,0.5,0.5,0.0,0.0,0.0
2026-01-23 12:29:53,clusterA,2,4,1,3,0.25,0.5,0.5,0.0,0.0,0.0
2026-01-23 12:29:53,clusterB,2,4,1,3,0.25,0.5,0.5,0.0,0.0,0.0
2026-01-23 12:29:58,clusterA,2,4,1,3,0.25,0.5,0.5,0.0,0.0,0.0
2026-01-23 12:29:58,clusterB,2,4,1,3,0.25,0.5,0.5,0.0,0.0,0.0
2026-01-23 12:30:03,clusterA,2,4,1,3,0.25,0.5,0.5,0.0,0.0,0.0
2026-01-23 12:30:03,clusterB,2,4,1,3,0.25,0.5,0.5,0.0,0.0,0.0
2026-01-23 12:30:08,clusterA,2,4,1,3,0.25,0.5,0.5,0.0,0.0,0.0
2026-01-23 12:30:08,clusterB,2,4,1,3,0.25,0.5,0.5,0.0,0.0,0.0
2026-01-23 12:30:13,clusterA,2,4,1,3,0.25,0.5,0.5,0.0,0.0,0.0
2026-01-23 12:30:13,clusterB,2,4,1,3,0.25,0.5,0.5,0.0,0.0,0.0
2026-01-23 12:30:18,clusterA,2,4,1,3,0.25,0.5,0.5,0.0,0.0,0.0
2026-01-23 12:30:18,clusterB,2,4,1,3,0.25,0.5,0.5,0.0,0.0,0.0
2026-01-23 12:30:23,clusterA,2,4,1,3,0.25,0.5,0.5,0.0,0.0,0.0
2026-01-23 12:30:23,clusterB,2,4,1,3,0.25,0.5,0.5,0.0,0.0,0.0
2026-01-23 12:30:28,clusterA,2,4,1,3,0.25,0.5,0.5,0.0,0.0,0.0
2026-01-23 12:30:28,clusterB,2,4,1,3,0.25,0.5,0.5,0.0,0.0,0.0
2026-01-23 12:30:33,clusterA,2,4,1,3,0.25,0.5,0.5,0.0,0.0,0.0
2026-01-23 12:30:33,clusterB,2,4,1,3,0.25,0.5,0.5,0.0,0.0,0.0
2026-01-23 12:30:38,clusterA,2,4,1,3,0.25,0.5,0.5,0.0,0.0,0.0
2026-01-23 12:30:38,clusterB,2,4,1,3,0.25,0.5,0.5,0.0,0.0,0.0
2026-01-23 12:30:43,clusterA,2,4,1,3,0.25,0.5,0.5,0.0,0.0,0.0
2026-01-23 12:30:43,clusterB,2,4,1,3,0.25,0.5,0.5,0.0,0.0,0.0
2026-01-23 12:30:48,clusterA,2,4,1,3,0.25,0.5,0.5,0.0,0.0,0.0
2026-01-23 12:30:48,clusterB,2,4,1,3,0.25,0.5,0.5,0.0,0.0,0.0
2026-01-23 12:30:53,clusterA,2,4,1,3,0.25,0.5,0.5,0.0,0.0,0.0
2026-01-23 12:30:53,clusterB,2,4,1,3,0.25,0.5,0.5,0.0,0.0,0.0
2026-01-23 12:30:58,clusterA,2,4,1,3,0.25,0.5,0.5,0.0,0.0,0.0
2026-01-23 12:30:58,clusterB,2,4,1,3,0.25,0.5,0.5,0.0,0.0,0.0
2026-01-23 12:31:03,clusterA,2,4,1,3,0.25,0.5,0.5,0.0,0.0,0.0
2026-01-23 12:31:03,clusterB,2,4,1,3,0.25,0.5,0.5,0.0,0.0,0.0
2026-01-23 12:31:08,clusterA,2,4,1,3,0.25,0.5,0.5,0.0,0.0,0.0
2026-01-23 12:31:08,clusterB,2,4,1,3,0.25,0.5,0.5,0.0,0.0,0.0
2026-01-23 12:31:13,clusterA,2,4,1,3,0.25,0.5,0.5,0.0,0.0,0.0
2026-01-23 12:31:13,clusterB,2,4,1,3,0.25,0.5,0.5,0.0,0.0,0.0
2026-01-23 12:31:18,clusterA,2,4,1,3,0.25,0.5,0.5,0.0,0.0,0.0
2026-01-23 12:31:18,clusterB,2,4,1,3,0.25,0.5,0.5,0.0,0.0,0.0
2026-01-23 12:31:23,clusterA,2,4,1,3,0.25,0.5,0.5,0.0,0.0,0.0
2026-01-23 12:31:23,clusterB,2,4,1,3,0.25,0.5,0.5,0.0,0.0,0.0
2026-01-23 12:31:28,clusterA,2,4,1,3,0.25,0.5,0.5,0.0,0.0,0.0
2026-01-23 12:31:28,clusterB,2,4,1,3,0.25,0.5,0.5,0.0,0.0,0.0
2026-01-23 12:31:33,clusterA,2,4,1,3,0.25,0.5,0.5,0.0,0.0,0.0
2026-01-23 12:31:33,clusterB,2,4,1,3,0.25,0.5,0.5,0.0,0.0,0.0
2026-01-23 12:31:38,clusterA,2,4,1,3,0.25,0.5,0.5,0.0,0.0,0.0
2026-01-23 12:31:38,clusterB,2,4,1,3,0.25,0.5,0.5,0.0,0.0,0.0
2026-01-23 12:31:43,clusterA,2,4,1,3,0.25,0.5,0.5,0.0,0.0,0.0
2026-01-23 12:31:43,clusterB,2,4,1,3,0.25,0.5,0.5,0.0,0.0,0.0
2026-01-23 12:31:48,clusterA,2,4,1,3,0.25,0.5,0.5,0.0,0.0,0.0
2026-01-23 12:31:48,clusterB,2,4,1,3,0.25,0.5,0.5,0.0,0.0,0.0
2026-01-23 12:31:53,clusterA,2,4,1,3,0.25,0.5,0.5,0.0,0.0,0.0
2026-01-23 12:31:53,clusterB,2,4,1,3,0.25,0.5,0.5,0.0,0.0,0.0
2026-01-23 12:31:58,clusterA,2,4,1,3,0.25,0.5,0.5,0.0,0.0,0.0
2026-01-23 12:31:58,clusterB,2,4,1,3,0.25,0.5,0.5,0.0,0.0,0.0
2026-01-23 12:32:03,clusterA,2,4,1,3,0.25,0.5,0.5,0.0,0.0,0.0
2026-01-23 12:32:03,clusterB,2,4,1,3,0.25,0.5,0.5,0.0,0.0,0.0
2026-01-23 12:32:08,clusterA,2,4,1,3,0.25,0.5,0.5,0.0,0.0,0.0
2026-01-23 12:32:08,clusterB,2,4,1,3,0.25,0.5,0.5,0.0,0.0,0.0
2026-01-23 12:32:13,clusterA,2,4,1,3,0.25,0.5,0.5,0.0,0.0,0.0
2026-01-23 12:32:13,clusterB,2,4,1,3,0.25,0.5,0.5,0.0,0.0,0.0
2026-01-23 12:32:18,clusterA,2,4,1,3,0.25,0.5,0.5,0.0,0.0,0.0
2026-01-23 12:32:18,clusterB,2,4,1,3,0.25,0.5,0.5,0.0,0.0,0.0
2026-01-23 12:32:23,clusterA,2,4,1,3,0.25,0.5,0.5,0.0,0.0,0.0
2026-01-23 12:32:23,clusterB,2,4,1,3,0.25,0.5,0.5,0.0,0.0,0.0
2026-01-23 12:32:28,clusterA,2,4,1,3,0.25,0.5,0.5,0.0,0.0,0.0
2026-01-23 12:32:28,clusterB,2,4,1,3,0.25,0.5,0.5,0.0,0.0,0.0
2026-01-23 12:32:33,clusterA,2,4,1,3,0.25,0.5,0.5,0.0,0.0,0.0
2026-01-23 12:32:33,clusterB,2,4,1,3,0.25,0.5,0.5,0.0,0.0,0.0
2026-01-23 12:32:38,clusterA,2,4,1,3,0.25,0.5,0.5,0.0,0.0,0.0
2026-01-23 12:32:38,clusterB,2,4,1,3,0.25,0.5,0.5,0.0,0.0,0.0
2026-01-23 12:32:43,clusterA,2,4,1,3,0.25,0.5,0.5,0.0,0.0,0.0
2026-01-23 12:32:43,clusterB,2,4,1,3,0.25,0.5,0.5,0.0,0.0,0.0
2026-01-23 12:32:48,clusterA,2,4,1,3,0.25,0.5,0.5,0.0,0.0,0.0
2026-01-23 12:32:48,clusterB,2,4,1,3,0.25,0.5,0.5,0.0,0.0,0.0
2026-01-23 12:32:53,clusterA,2,4,1,3,0.25,0.5,0.5,0.0,0.0,0.0
2026-01-23 12:32:53,clusterB,2,4,1,3,0.25,0.5,0.5,0.0,0.0,0.0
2026-01-23 12:32:58,clusterA,2,4,1,3,0.25,0.5,0.5,0.0,0.0,0.0
2026-01-23 12:32:58,clusterB,2,4,1,3,0.25,0.5,0.5,0.0,0.0,0.0
2026-01-23 12:33:03,clusterA,2,4,1,3,0.25,0.5,0.5,0.0,0.0,0.0
2026-01-23 12:33:03,clusterB,2,4,1,3,0.25,0.5,0.5,0.0,0.0,0.0
2026-01-23 12:33:08,clusterA,2,4,1,3,0.25,0.5,0.5,0.0,0.0,0.0
2026-01-23 12:33:08,clusterB,2,4,1,3,0.25,0.5,0.5,0.0,0.0,0.0
2026-01-23 12:33:13,clusterA,2,4,1,3,0.25,0.5,0.5,0.0,0.0,0.0
2026-01-23 12:33:13,clusterB,2,4,1,3,0.25,0.5,0.5,0.0,0.0,0.0
2026-01-23 12:33:18,clusterA,2,4,1,3,0.25,0.5,0.5,0.0,0.0,0.0
2026-01-23 12:33:18,clusterB,2,4,1,3,0.25,0.5,0.5,0.0,0.0,0.0
2026-01-23 12:33:23,clusterA,2,4,1,3,0.25,0.5,0.5,0.0,0.0,0.0
2026-01-23 12:33:23,clusterB,2,4,1,3,0.25,0.5,0.5,0.0,0.0,0.0
2026-01-23 12:33:28,clusterA,2,4,1,3,0.25,0.5,0.5,0.0,0.0,0.0
2026-01-23 12:33:28,clusterB,2,4,1,3,0.25,0.5,0.5,0.0,0.0,0.0
2026-01-23 12:33:33,clusterA,2,4,1,3,0.25,0.5,0.5,0.0,0.0,0.0
2026-01-23 12:33:33,clusterB,2,4,1,3,0.25,0.5,0.5,0.0,0.0,0.0
2026-01-23 12:33:38,clusterA,2,4,1,3,0.25,0.5,0.5,0.0,0.0,0.0
2026-01-23 12:33:38,clusterB,2,4,1,3,0.25,0.5,0.5,0.0,0.0,0.0
2026-01-23 12:33:43,clusterA,2,4,1,3,0.25,0.5,0.5,0.0,0.0,0.0
2026-01-23 12:33:43,clusterB,2,4,1,3,0.25,0.5,0.5,0.0,0.0,0.0
2026-01-23 12:33:48,clusterA,2,4,1,3,0.25,0.5,0.5,0.0,0.0,0.0
2026-01-23 12:33:48,clusterB,2,4,1,3,0.25,0.5,0.5,0.0,0.0,0.0
2026-01-23 12:33:53,clusterA,2,4,1,3,0.25,0.5,0.5,0.0,0.0,0.0
2026-01-23 12:33:53,clusterB,2,4,1,3,0.25,0.5,0.5,0.0,0.0,0.0
2026-01-23 12:33:58,clusterA,2,4,1,3,0.25,0.5,0.5,0.0,0.0,0.0
2026-01-23 12:33:58,clusterB,2,4,1,3,0.25,0.5,0.5,0.0,0.0,0.0
2026-01-23 12:34:03,clusterA,2,4,1,3,0.25,0.5,0.5,0.0,0.0,0.0
2026-01-23 12:34:03,clusterB,2,4,1,3,0.25,0.5,0.5,0.0,0.0,0.0
2026-01-23 12:34:08,clusterA,2,4,1,3,0.25,0.5,0.5,0.0,0.0,0.0
2026-01-23 12:34:08,clusterB,2,4,1,3,0.25,0.5,0.5,0.0,0.0,0.0
2026-01-23 12:34:13,clusterA,2,4,1,3,0.25,0.5,0.5,0.0,0.0,0.0
2026-01-23 12:34:13,clusterB,2,4,1,3,0.25,0.5,0.5,0.0,0.0,0.0
2026-01-23 12:34:18,clusterA,2,4,1,3,0.25,0.5,0.5,0.0,0.0,0.0
2026-01-23 12:34:18,clusterB,2,4,0,4,0.00,0.5,0.5,0.0,0.0,0.0
2026-01-23 12:34:23,clusterA,0,4,2,2,0.50,0.5,0.5,0.0,0.0,0.0
2026-01-23 12:34:23,clusterB,0,4,4,0,1.00,0.5,0.5,0.0,0.0,0.0
2026-01-23 12:34:28,clusterA,0,4,2,2,0.50,0.5,0.5,0.0,0.0,0.0
2026-01-23 12:34:28,clusterB,0,4,4,0,1.00,0.5,0.5,0.0,0.0,0.0
2026-01-23 12:34:33,clusterA,0,4,2,2,0.50,0.5,0.5,0.0,0.0,0.0
2026-01-23 12:34:33,clusterB,0,4,4,0,1.00,0.5,0.5,0.0,0.0,0.0
2026-01-23 12:34:38,clusterA,0,4,2,2,0.50,0.5,0.5,0.0,0.0,0.0
2026-01-23 12:34:38,clusterB,0,4,4,0,1.00,0.5,0.5,0.0,0.0,0.0
2026-01-23 12:34:43,clusterA,0,4,2,2,0.50,0.5,0.5,0.0,0.0,0.0
2026-01-23 12:34:43,clusterB,0,4,4,0,1.00,0.5,0.5,0.0,0.0,0.0
2026-01-23 12:34:48,clusterA,0,4,2,2,0.50,0.5,0.5,0.0,0.0,0.0
2026-01-23 12:34:48,clusterB,0,4,4,0,1.00,0.5,0.5,0.0,0.0,0.0
2026-01-23 12:34:53,clusterA,0,4,2,2,0.50,0.5,0.5,0.0,0.0,0.0
2026-01-23 12:34:53,clusterB,0,4,4,0,1.00,0.5,0.5,0.0,0.0,0.0
2026-01-23 12:34:58,clusterA,0,4,2,2,0.50,0.5,0.5,0.0,0.0,0.0
2026-01-23 12:34:58,clusterB,0,4,4,0,1.00,0.5,0.5,0.0,0.0,0.0
2026-01-23 12:35:03,clusterA,0,4,2,2,0.50,0.5,0.5,0.0,0.0,0.0
2026-01-23 12:35:03,clusterB,0,4,4,0,1.00,0.5,0.5,0.0,0.0,0.0
2026-01-23 12:35:08,clusterA,0,4,2,2,0.50,0.5,0.5,0.0,0.0,0.0
2026-01-23 12:35:08,clusterB,0,4,4,0,1.00,0.5,0.5,0.0,0.0,0.0
2026-01-23 12:35:13,clusterA,0,4,2,2,0.50,0.5,0.5,0.0,0.0,0.0
2026-01-23 12:35:13,clusterB,0,4,4,0,1.00,0.5,0.5,0.0,0.0,0.0
2026-01-23 12:35:18,clusterA,0,4,2,2,0.50,0.5,0.5,0.0,0.0,0.0
2026-01-23 12:35:18,clusterB,0,4,4,0,1.00,0.5,0.5,0.0,0.0,0.0
2026-01-23 12:35:23,clusterA,0,4,2,2,0.50,0.5,0.5,0.0,0.0,0.0
2026-01-23 12:35:23,clusterB,0,4,4,0,1.00,0.5,0.5,0.0,0.0,0.0
2026-01-23 12:35:28,clusterA,0,4,2,2,0.50,0.5,0.5,0.0,0.0,0.0
2026-01-23 12:35:28,clusterB,0,4,4,0,1.00,0.5,0.5,0.0,0.0,0.0
2026-01-23 12:35:33,clusterA,0,4,2,2,0.50,0.5,0.5,0.0,0.0,0.0
2026-01-23 12:35:33,clusterB,0,4,4,0,1.00,0.5,0.5,0.0,0.0,0.0
2026-01-23 12:35:38,clusterA,0,4,2,2,0.50,0.5,0.5,0.0,0.0,0.0
2026-01-23 12:35:38,clusterB,0,4,4,0,1.00,0.5,0.5,0.0,0.0,0.0
2026-01-23 12:35:43,clusterA,0,4,2,2,0.50,0.5,0.5,0.0,0.0,0.0
2026-01-23 12:35:43,clusterB,0,4,4,0,1.00,0.5,0.5,0.0,0.0,0.0
2026-01-23 12:35:48,clusterA,0,4,2,2,0.50,0.5,0.5,0.0,0.0,0.0
2026-01-23 12:35:48,clusterB,0,4,4,0,1.00,0.5,0.5,0.0,0.0,0.0
2026-01-23 12:35:53,clusterA,0,4,2,2,0.50,0.5,0.5,0.0,0.0,0.0
2026-01-23 12:35:53,clusterB,0,4,4,0,1.00,0.5,0.5,0.0,0.0,0.0
2026-01-23 12:35:58,clusterA,0,4,2,2,0.50,0.5,0.5,0.0,0.0,0.0
2026-01-23 12:35:58,clusterB,0,4,4,0,1.00,0.5,0.5,0.0,0.0,0.0
2026-01-23 12:36:03,clusterA,0,4,2,2,0.50,0.5,0.5,0.0,0.0,0.0
2026-01-23 12:36:03,clusterB,0,4,4,0,1.00,0.5,0.5,0.0,0.0,0.0
2026-01-23 12:36:08,clusterA,0,4,2,2,0.50,0.5,0.5,0.0,0.0,0.0
2026-01-23 12:36:08,clusterB,0,4,4,0,1.00,0.5,0.5,0.0,0.0,0.0
2026-01-23 12:36:13,clusterA,0,4,2,2,0.50,0.5,0.5,0.0,0.0,0.0
2026-01-23 12:36:13,clusterB,0,4,4,0,1.00,0.5,0.5,0.0,0.0,0.0
2026-01-23 12:36:18,clusterA,0,4,2,2,0.50,0.5,0.5,0.0,0.0,0.0
2026-01-23 12:36:18,clusterB,0,4,4,0,1.00,0.5,0.5,0.0,0.0,0.0
2026-01-23 12:36:23,clusterA,0,4,2,2,0.50,0.5,0.5,0.0,0.0,0.0
2026-01-23 12:36:23,clusterB,0,4,4,0,1.00,0.5,0.5,0.0,0.0,0.0
2026-01-23 12:36:28,clusterA,0,4,2,2,0.50,0.5,0.5,0.0,0.0,0.0
2026-01-23 12:36:28,clusterB,0,4,4,0,1.00,0.5,0.5,0.0,0.0,0.0
2026-01-23 12:36:33,clusterA,0,4,2,2,0.50,0.5,0.5,0.0,0.0,0.0
2026-01-23 12:36:33,clusterB,0,4,4,0,1.00,0.5,0.5,0.0,0.0,0.0
2026-01-23 12:36:38,clusterA,0,4,2,2,0.50,0.5,0.5,0.0,0.0,0.0
2026-01-23 12:36:38,clusterB,0,4,4,0,1.00,0.5,0.5,0.0,0.0,0.0
2026-01-23 12:36:43,clusterA,0,4,2,2,0.50,0.5,0.5,0.0,0.0,0.0
2026-01-23 12:36:43,clusterB,0,4,4,0,1.00,0.5,0.5,0.0,0.0,0.0
2026-01-23 12:36:48,clusterA,0,4,2,2,0.50,0.5,0.5,0.0,0.0,0.0
2026-01-23 12:36:48,clusterB,0,4,4,0,1.00,0.5,0.5,0.0,0.0,0.0
2026-01-23 12:36:53,clusterA,0,4,2,2,0.50,0.5,0.5,0.0,0.0,0.0
2026-01-23 12:36:53,clusterB,0,4,4,0,1.00,0.5,0.5,0.0,0.0,0.0
2026-01-23 12:36:58,clusterA,0,4,2,2,0.50,0.5,0.5,0.0,0.0,0.0
2026-01-23 12:36:58,clusterB,0,4,4,0,1.00,0.5,0.5,0.0,0.0,0.0
2026-01-23 12:37:03,clusterA,0,4,2,2,0.50,0.5,0.5,0.0,0.0,0.0
2026-01-23 12:37:03,clusterB,0,4,4,0,1.00,0.5,0.5,0.0,0.0,0.0
2026-01-23 12:37:08,clusterA,0,4,2,2,0.50,0.5,0.5,0.0,0.0,0.0
2026-01-23 12:37:08,clusterB,0,4,4,0,1.00,0.5,0.5,0.0,0.0,0.0
2026-01-23 12:37:13,clusterA,0,4,2,2,0.50,0.5,0.5,0.0,0.0,0.0
2026-01-23 12:37:13,clusterB,0,4,4,0,1.00,0.5,0.5,0.0,0.0,0.0
2026-01-23 12:37:18,clusterA,0,4,2,2,0.50,0.5,0.5,0.0,0.0,0.0
2026-01-23 12:37:18,clusterB,0,4,4,0,1.00,0.5,0.5,0.0,0.0,0.0
2026-01-23 12:37:23,clusterA,0,4,2,2,0.50,0.5,0.5,0.0,0.0,0.0
2026-01-23 12:37:23,clusterB,0,4,4,0,1.00,0.5,0.5,0.0,0.0,0.0
2026-01-23 12:37:28,clusterA,0,4,2,2,0.50,0.5,0.5,0.0,0.0,0.0
2026-01-23 12:37:28,clusterB,0,4,4,0,1.00,0.5,0.5,0.0,0.0,0.0
2026-01-23 12:37:33,clusterA,0,4,2,2,0.50,0.5,0.5,0.0,0.0,0.0
2026-01-23 12:37:33,clusterB,0,4,4,0,1.00,0.5,0.5,0.0,0.0,0.0
2026-01-23 12:37:38,clusterA,0,4,2,2,0.50,0.5,0.5,0.0,0.0,0.0
2026-01-23 12:37:38,clusterB,0,4,4,0,1.00,0.5,0.5,0.0,0.0,0.0
2026-01-23 12:37:43,clusterA,0,4,2,2,0.50,0.5,0.5,0.0,0.0,0.0
2026-01-23 12:37:43,clusterB,0,4,4,0,1.00,0.5,0.5,0.0,0.0,0.0
2026-01-23 12:37:48,clusterA,0,4,2,2,0.50,0.5,0.5,0.0,0.0,0.0
2026-01-23 12:37:48,clusterB,0,4,4,0,1.00,0.5,0.5,0.0,0.0,0.0
2026-01-23 12:37:53,clusterA,0,4,2,2,0.50,0.5,0.5,0.0,0.0,0.0
2026-01-23 12:37:53,clusterB,0,4,4,0,1.00,0.5,0.5,0.0,0.0,0.0
2026-01-23 12:37:58,clusterA,0,4,2,2,0.50,0.5,0.5,0.0,0.0,0.0
2026-01-23 12:37:58,clusterB,0,4,4,0,1.00,0.5,0.5,0.0,0.0,0.0
2026-01-23 12:38:03,clusterA,0,4,2,2,0.50,0.5,0.5,0.0,0.0,0.0
2026-01-23 12:38:03,clusterB,0,4,4,0,1.00,0.5,0.5,0.0,0.0,0.0
2026-01-23 12:38:08,clusterA,0,4,2,2,0.50,0.5,0.5,0.0,0.0,0.0
2026-01-23 12:38:08,clusterB,0,4,4,0,1.00,0.5,0.5,0.0,0.0,0.0
2026-01-23 12:38:13,clusterA,0,4,2,2,0.50,0.5,0.5,0.0,0.0,0.0
2026-01-23 12:38:13,clusterB,0,4,4,0,1.00,0.5,0.5,0.0,0.0,0.0
2026-01-23 12:38:18,clusterA,0,4,2,2,0.50,0.5,0.5,0.0,0.0,0.0
2026-01-23 12:38:18,clusterB,0,4,4,0,1.00,0.5,0.5,0.0,0.0,0.0
2026-01-23 12:38:23,clusterA,0,4,2,2,0.50,0.5,0.5,0.0,0.0,0.0
2026-01-23 12:38:23,clusterB,0,4,4,0,1.00,0.5,0.5,0.0,0.0,0.0
2026-01-23 12:38:28,clusterA,0,4,2,2,0.50,0.5,0.5,0.0,0.0,0.0
2026-01-23 12:38:28,clusterB,0,4,4,0,1.00,0.5,0.5,0.0,0.0,0.0
2026-01-23 12:38:33,clusterA,0,4,2,2,0.50,0.5,0.5,0.0,0.0,0.0
2026-01-23 12:38:33,clusterB,0,4,4,0,1.00,0.5,0.5,0.0,0.0,0.0
2026-01-23 12:38:38,clusterA,0,4,2,2,0.50,0.5,0.5,0.0,0.0,0.0
2026-01-23 12:38:38,clusterB,0,4,4,0,1.00,0.5,0.5,0.0,0.0,0.0
2026-01-23 12:38:43,clusterA,0,4,2,2,0.50,0.5,0.5,0.0,0.0,0.0
2026-01-23 12:38:43,clusterB,0,4,4,0,1.00,0.5,0.5,0.0,0.0,0.0
2026-01-23 12:38:48,clusterA,0,4,2,2,0.50,0.5,0.5,0.0,0.0,0.0
2026-01-23 12:38:48,clusterB,0,4,4,0,1.00,0.5,0.5,0.0,0.0,0.0
2026-01-23 12:38:53,clusterA,0,4,2,2,0.50,0.5,0.5,0.0,0.0,0.0
2026-01-23 12:38:53,clusterB,0,4,4,0,1.00,0.5,0.5,0.0,0.0,0.0
2026-01-23 12:38:58,clusterA,0,4,2,2,0.50,0.5,0.5,0.0,0.0,0.0
2026-01-23 12:38:58,clusterB,0,4,4,0,1.00,0.5,0.5,0.0,0.0,0.0
2026-01-23 12:39:03,clusterA,0,4,2,2,0.50,0.5,0.5,0.0,0.0,0.0
2026-01-23 12:39:03,clusterB,0,4,4,0,1.00,0.5,0.5,0.0,0.0,0.0
2026-01-23 12:39:08,clusterA,0,4,2,2,0.50,0.5,0.5,0.0,0.0,0.0
2026-01-23 12:39:08,clusterB,0,4,4,0,1.00,0.5,0.5,0.0,0.0,0.0
2026-01-23 12:39:13,clusterA,0,4,2,2,0.50,0.5,0.5,0.0,0.0,0.0
2026-01-23 12:39:13,clusterB,0,4,4,0,1.00,0.5,0.5,0.0,0.0,0.0
2026-01-23 12:39:18,clusterA,0,4,2,2,0.50,0.5,0.5,0.0,0.0,0.0
2026-01-23 12:39:18,clusterB,0,4,4,0,1.00,0.5,0.5,0.0,0.0,0.0
2026-01-23 12:39:23,clusterA,0,4,2,2,0.50,0.5,0.5,0.0,0.0,0.0
2026-01-23 12:39:23,clusterB,0,4,4,0,1.00,0.5,0.5,0.0,0.0,0.0
2026-01-23 12:39:28,clusterA,0,4,2,2,0.50,0.5,0.5,0.0,0.0,0.0
2026-01-23 12:39:28,clusterB,0,4,4,0,1.00,0.5,0.5,0.0,0.0,0.0
2026-01-23 12:39:33,clusterA,0,4,2,2,0.50,0.5,0.5,0.0,0.0,0.0
2026-01-23 12:39:33,clusterB,0,4,4,0,1.00,0.5,0.5,0.0,0.0,0.0
2026-01-23 12:39:38,clusterA,0,4,2,2,0.50,0.5,0.5,0.0,0.0,0.0
2026-01-23 12:39:38,clusterB,0,4,4,0,1.00,0.5,0.5,0.0,0.0,0.0
2026-01-23 12:39:43,clusterA,0,4,2,2,0.50,0.5,0.5,0.0,0.0,0.0
2026-01-23 12:39:43,clusterB,0,4,4,0,1.00,0.5,0.5,0.0,0.0,0.0
2026-01-23 12:39:48,clusterA,0,4,2,2,0.50,0.5,0.5,0.0,0.0,0.0
2026-01-23 12:39:48,clusterB,0,4,4,0,1.00,0.5,0.5,0.0,0.0,0.0
2026-01-23 12:39:53,clusterA,0,4,2,2,0.50,0.5,0.5,0.0,0.0,0.0
2026-01-23 12:39:53,clusterB,0,4,4,0,1.00,0.5,0.5,0.0,0.0,0.0
2026-01-23 12:39:58,clusterA,0,4,2,2,0.50,0.5,0.5,0.0,0.0,0.0
2026-01-23 12:39:58,clusterB,0,4,4,0,1.00,0.5,0.5,0.0,0.0,0.0
2026-01-23 12:40:03,clusterA,0,4,2,2,0.50,0.5,0.5,0.0,0.0,0.0
2026-01-23 12:40:03,clusterB,0,4,4,0,1.00,0.5,0.5,0.0,0.0,0.0
2026-01-23 12:40:08,clusterA,0,4,2,2,0.50,0.5,0.5,0.0,0.0,0.0
2026-01-23 12:40:08,clusterB,0,4,4,0,1.00,0.5,0.5,0.0,0.0,0.0
2026-01-23 12:40:13,clusterA,0,4,2,2,0.50,0.5,0.5,0.0,0.0,0.0
2026-01-23 12:40:13,clusterB,0,4,4,0,1.00,0.5,0.5,0.0,0.0,0.0
2026-01-23 12:40:18,clusterA,0,4,2,2,0.50,0.5,0.5,0.0,0.0,0.0
2026-01-23 12:40:18,clusterB,0,4,4,0,1.00,0.5,0.5,0.0,0.0,0.0
2026-01-23 12:40:23,clusterA,0,4,2,2,0.50,0.5,0.5,0.0,0.0,0.0
2026-01-23 12:40:23,clusterB,0,4,4,0,1.00,0.5,0.5,0.0,0.0,0.0
2026-01-23 12:40:28,clusterA,0,4,2,2,0.50,0.5,0.5,0.0,0.0,0.0
2026-01-23 12:40:28,clusterB,0,4,4,0,1.00,0.5,0.5,0.0,0.0,0.0
2026-01-23 12:40:33,clusterA,0,4,2,2,0.50,0.5,0.5,0.0,0.0,0.0
2026-01-23 12:40:33,clusterB,0,4,4,0,1.00,0.5,0.5,0.0,0.0,0.0
2026-01-23 12:40:38,clusterA,0,4,2,2,0.50,0.5,0.5,0.0,0.0,0.0
2026-01-23 12:40:38,clusterB,0,4,4,0,1.00,0.5,0.5,0.0,0.0,0.0
2026-01-23 12:40:43,clusterA,0,4,2,2,0.50,0.5,0.5,0.0,0.0,0.0
2026-01-23 12:40:43,clusterB,0,4,4,0,1.00,0.5,0.5,0.0,0.0,0.0
2026-01-23 12:40:48,clusterA,0,4,2,2,0.50,0.5,0.5,0.0,0.0,0.0
2026-01-23 12:40:48,clusterB,0,4,4,0,1.00,0.5,0.5,0.0,0.0,0.0
2026-01-23 12:40:53,clusterA,0,4,2,2,0.50,0.5,0.5,0.0,0.0,0.0
2026-01-23 12:40:53,clusterB,0,4,4,0,1.00,0.5,0.5,0.0,0.0,0.0
2026-01-23 12:40:58,clusterA,0,4,2,2,0.50,0.5,0.5,0.0,0.0,0.0
2026-01-23 12:40:58,clusterB,0,4,4,0,1.00,0.5,0.5,0.0,0.0,0.0
2026-01-23 12:41:03,clusterA,0,4,2,2,0.50,0.5,0.5,0.0,0.0,0.0
2026-01-23 12:41:03,clusterB,0,4,4,0,1.00,0.5,0.5,0.0,0.0,0.0
2026-01-23 12:41:08,clusterA,0,4,2,2,0.50,0.5,0.5,0.0,0.0,0.0
2026-01-23 12:41:08,clusterB,0,4,4,0,1.00,0.5,0.5,0.0,0.0,0.0
2026-01-23 12:41:13,clusterA,0,4,2,2,0.50,0.5,0.5,0.0,0.0,0.0
2026-01-23 12:41:13,clusterB,0,4,4,0,1.00,0.5,0.5,0.0,0.0,0.0
2026-01-23 12:41:18,clusterA,0,4,2,2,0.50,0.5,0.5,0.0,0.0,0.0
2026-01-23 12:41:18,clusterB,0,4,4,0,1.00,0.5,0.5,0.0,0.0,0.0
2026-01-23 12:41:23,clusterA,0,4,2,2,0.50,0.5,0.5,0.0,0.0,0.0
2026-01-23 12:41:23,clusterB,0,4,4,0,1.00,0.5,0.5,0.0,0.0,0.0
2026-01-23 12:41:28,clusterA,0,4,2,2,0.50,0.5,0.5,0.0,0.0,0.0
2026-01-23 12:41:28,clusterB,0,4,4,0,1.00,0.5,0.5,0.0,0.0,0.0
2026-01-23 12:41:33,clusterA,0,4,2,2,0.50,0.5,0.5,0.0,0.0,0.0
2026-01-23 12:41:33,clusterB,0,4,4,0,1.00,0.5,0.5,0.0,0.0,0.0
2026-01-23 12:41:38,clusterA,0,4,2,2,0.50,0.5,0.5,0.0,0.0,0.0
2026-01-23 12:41:38,clusterB,0,4,4,0,1.00,0.5,0.5,0.0,0.0,0.0
2026-01-23 12:41:43,clusterA,0,4,2,2,0.50,0.5,0.5,0.0,0.0,0.0
2026-01-23 12:41:43,clusterB,0,4,4,0,1.00,0.5,0.5,0.0,0.0,0.0
2026-01-23 12:41:48,clusterA,0,4,2,2,0.50,0.5,0.5,0.0,0.0,0.0
2026-01-23 12:41:48,clusterB,0,4,4,0,1.00,0.5,0.5,0.0,0.0,0.0
2026-01-23 12:41:53,clusterA,0,4,2,2,0.50,0.5,0.5,0.0,0.0,0.0
2026-01-23 12:41:53,clusterB,0,4,4,0,1.00,0.5,0.5,0.0,0.0,0.0
2026-01-23 12:41:58,clusterA,0,4,2,2,0.50,0.5,0.5,0.0,0.0,0.0
2026-01-23 12:41:58,clusterB,0,4,4,0,1.00,0.5,0.5,0.0,0.0,0.0
2026-01-23 12:42:03,clusterA,0,4,2,2,0.50,0.5,0.5,0.0,0.0,0.0
2026-01-23 12:42:03,clusterB,0,4,4,0,1.00,0.5,0.5,0.0,0.0,0.0
2026-01-23 12:42:08,clusterA,0,4,2,2,0.50,0.5,0.5,0.0,0.0,0.0
2026-01-23 12:42:08,clusterB,0,4,4,0,1.00,0.5,0.5,0.0,0.0,0.0
2026-01-23 12:42:13,clusterA,0,4,2,2,0.50,0.5,0.5,0.0,0.0,0.0
2026-01-23 12:42:13,clusterB,0,4,4,0,1.00,0.5,0.5,0.0,0.0,0.0
2026-01-23 12:42:18,clusterA,0,4,2,2,0.50,0.5,0.5,0.0,0.0,0.0
2026-01-23 12:42:18,clusterB,0,4,4,0,1.00,0.5,0.5,0.0,0.0,0.0
2026-01-23 12:42:23,clusterA,0,4,2,2,0.50,0.5,0.5,0.0,0.0,0.0
2026-01-23 12:42:23,clusterB,0,4,4,0,1.00,0.5,0.5,0.0,0.0,0.0
2026-01-23 12:42:28,clusterA,0,4,2,2,0.50,0.5,0.5,0.0,0.0,0.0
2026-01-23 12:42:28,clusterB,0,4,4,0,1.00,0.5,0.5,0.0,0.0,0.0
2026-01-23 12:42:33,clusterA,0,4,2,2,0.50,0.5,0.5,0.0,0.0,0.0
2026-01-23 12:42:33,clusterB,0,4,4,0,1.00,0.5,0.5,0.0,0.0,0.0
2026-01-23 12:42:38,clusterA,0,4,2,2,0.50,0.5,0.5,0.0,0.0,0.0
2026-01-23 12:42:38,clusterB,0,4,4,0,1.00,0.5,0.5,0.0,0.0,0.0
2026-01-23 12:42:43,clusterA,0,4,2,2,0.50,0.5,0.5,0.0,0.0,0.0
2026-01-23 12:42:43,clusterB,0,4,4,0,1.00,0.5,0.5,0.0,0.0,0.0
2026-01-23 12:42:48,clusterA,0,4,2,2,0.50,0.5,0.5,0.0,0.0,0.0
2026-01-23 12:42:48,clusterB,0,4,4,0,1.00,0.5,0.5,0.0,0.0,0.0
2026-01-23 12:42:53,clusterA,0,4,2,2,0.50,0.5,0.5,0.0,0.0,0.0
2026-01-23 12:42:53,clusterB,0,4,4,0,1.00,0.5,0.5,0.0,0.0,0.0
2026-01-23 12:42:58,clusterA,0,4,2,2,0.50,0.5,0.5,0.0,0.0,0.0
2026-01-23 12:42:58,clusterB,0,4,4,0,1.00,0.5,0.5,0.0,0.0,0.0
2026-01-23 12:43:03,clusterA,0,4,2,2,0.50,0.5,0.5,0.0,0.0,0.0
2026-01-23 12:43:03,clusterB,0,4,4,0,1.00,0.5,0.5,0.0,0.0,0.0
2026-01-23 12:43:08,clusterA,0,4,2,2,0.50,0.5,0.5,0.0,0.0,0.0
2026-01-23 12:43:08,clusterB,0,4,4,0,1.00,0.5,0.5,0.0,0.0,0.0
2026-01-23 12:43:13,clusterA,0,4,2,2,0.50,0.5,0.5,0.0,0.0,0.0
2026-01-23 12:43:13,clusterB,0,4,4,0,1.00,0.5,0.5,0.0,0.0,0.0
2026-01-23 12:43:18,clusterA,0,4,2,2,0.50,0.5,0.5,0.0,0.0,0.0
2026-01-23 12:43:18,clusterB,0,4,4,0,1.00,0.5,0.5,0.0,0.0,0.0
2026-01-23 12:43:23,clusterA,0,4,2,2,0.50,0.5,0.5,0.0,0.0,0.0
2026-01-23 12:43:23,clusterB,0,4,4,0,1.00,0.5,0.5,0.0,0.0,0.0
2026-01-23 12:43:28,clusterA,0,4,2,2,0.50,0.5,0.5,0.0,0.0,0.0
2026-01-23 12:43:28,clusterB,0,4,4,0,1.00,0.5,0.5,0.0,0.0,0.0
2026-01-23 12:43:33,clusterA,0,4,2,2,0.50,0.5,0.5,0.0,0.0,0.0
2026-01-23 12:43:33,clusterB,0,4,4,0,1.00,0.5,0.5,0.0,0.0,0.0
2026-01-23 12:43:38,clusterA,0,4,2,2,0.50,0.5,0.5,0.0,0.0,0.0
2026-01-23 12:43:38,clusterB,0,4,4,0,1.00,0.5,0.5,0.0,0.0,0.0
2026-01-23 12:43:43,clusterA,0,4,2,2,0.50,0.5,0.5,0.0,0.0,0.0
2026-01-23 12:43:43,clusterB,0,4,4,0,1.00,0.5,0.5,0.0,0.0,0.0
2026-01-23 12:43:48,clusterA,0,4,2,2,0.50,0.5,0.5,0.0,0.0,0.0
2026-01-23 12:43:48,clusterB,0,4,4,0,1.00,0.5,0.5,0.0,0.0,0.0
2026-01-23 12:43:53,clusterA,0,4,2,2,0.50,0.5,0.5,0.0,0.0,0.0
2026-01-23 12:43:53,clusterB,0,4,4,0,1.00,0.5,0.5,0.0,0.0,0.0
2026-01-23 12:43:58,clusterA,0,4,2,2,0.50,0.5,0.5,0.0,0.0,0.0
2026-01-23 12:43:58,clusterB,0,4,4,0,1.00,0.5,0.5,0.0,0.0,0.0
2026-01-23 12:44:03,clusterA,0,4,2,2,0.50,0.5,0.5,0.0,0.0,0.0
2026-01-23 12:44:03,clusterB,0,4,4,0,1.00,0.5,0.5,0.0,0.0,0.0
2026-01-23 12:44:08,clusterA,0,4,2,2,0.50,0.5,0.5,0.0,0.0,0.0
2026-01-23 12:44:08,clusterB,0,4,4,0,1.00,0.5,0.5,0.0,0.0,0.0
2026-01-23 12:44:13,clusterA,0,4,2,2,0.50,0.5,0.5,0.0,0.0,0.0
2026-01-23 12:44:13,clusterB,0,4,4,0,1.00,0.5,0.5,0.0,0.0,0.0
2026-01-23 12:44:18,clusterA,0,4,2,2,0.50,0.5,0.5,0.0,0.0,0.0
2026-01-23 12:44:18,clusterB,0,4,4,0,1.00,0.5,0.5,0.0,0.0,0.0
2026-01-23 12:44:23,clusterA,0,4,2,2,0.50,0.5,0.5,0.0,0.0,0.0
2026-01-23 12:44:23,clusterB,0,4,4,0,1.00,0.5,0.5,0.0,0.0,0.0
2026-01-23 12:44:28,clusterA,0,4,2,2,0.50,0.5,0.5,0.0,0.0,0.0
2026-01-23 12:44:28,clusterB,0,4,4,0,1.00,0.5,0.5,0.0,0.0,0.0
2026-01-23 12:44:33,clusterA,0,4,2,2,0.50,0.5,0.5,0.0,0.0,0.0
2026-01-23 12:44:33,clusterB,0,4,4,0,1.00,0.5,0.5,0.0,0.0,0.0
2026-01-23 12:44:38,clusterA,0,4,2,2,0.50,0.5,0.5,0.0,0.0,0.0
2026-01-23 12:44:38,clusterB,0,4,4,0,1.00,0.5,0.5,0.0,0.0,0.0
2026-01-23 12:44:43,clusterA,0,4,2,2,0.50,0.5,0.5,0.0,0.0,0.0
2026-01-23 12:44:43,clusterB,0,4,4,0,1.00,0.5,0.5,0.0,0.0,0.0
2026-01-23 12:44:48,clusterA,0,4,2,2,0.50,0.5,0.5,0.0,0.0,0.0
2026-01-23 12:44:48,clusterB,0,4,4,0,1.00,0.5,0.5,0.0,0.0,0.0
2026-01-23 12:44:53,clusterA,0,4,1,3,0.25,0.5,0.5,0.0,0.0,0.0
2026-01-23 12:44:53,clusterB,0,4,4,0,1.00,0.5,0.5,0.0,0.0,0.0
2026-01-23 12:44:58,clusterA,0,4,1,3,0.25,0.5,0.5,0.0,0.0,0.0
2026-01-23 12:44:58,clusterB,0,4,4,0,1.00,0.5,0.5,0.0,0.0,0.0
2026-01-23 12:45:03,clusterA,0,4,1,3,0.25,0.5,0.5,0.0,0.0,0.0
2026-01-23 12:45:03,clusterB,0,4,4,0,1.00,0.5,0.5,0.0,0.0,0.0
2026-01-23 12:45:08,clusterA,0,4,1,3,0.25,0.5,0.5,0.0,0.0,0.0
2026-01-23 12:45:08,clusterB,0,4,4,0,1.00,0.5,0.5,0.0,0.0,0.0
2026-01-23 12:45:13,clusterA,0,4,1,3,0.25,0.5,0.5,0.0,0.0,0.0
2026-01-23 12:45:13,clusterB,0,4,4,0,1.00,0.5,0.5,0.0,0.0,0.0
2026-01-23 12:45:18,clusterA,0,4,1,3,0.25,0.5,0.5,0.0,0.0,0.0
2026-01-23 12:45:18,clusterB,0,4,4,0,1.00,0.5,0.5,0.0,0.0,0.0
2026-01-23 12:45:23,clusterA,0,4,1,3,0.25,0.5,0.5,0.0,0.0,0.0
2026-01-23 12:45:23,clusterB,0,4,4,0,1.00,0.5,0.5,0.0,0.0,0.0
2026-01-23 12:45:28,clusterA,0,4,1,3,0.25,0.5,0.5,0.0,0.0,0.0
2026-01-23 12:45:28,clusterB,0,4,4,0,1.00,0.5,0.5,0.0,0.0,0.0
2026-01-23 12:45:33,clusterA,0,4,1,3,0.25,0.5,0.5,0.0,0.0,0.0
2026-01-23 12:45:33,clusterB,0,4,4,0,1.00,0.5,0.5,0.0,0.0,0.0
2026-01-23 12:45:38,clusterA,0,4,1,3,0.25,0.5,0.5,0.0,0.0,0.0
2026-01-23 12:45:38,clusterB,0,4,4,0,1.00,0.5,0.5,0.0,0.0,0.0
2026-01-23 12:45:43,clusterA,0,4,1,3,0.25,0.5,0.5,0.0,0.0,0.0
2026-01-23 12:45:43,clusterB,0,4,4,0,1.00,0.5,0.5,0.0,0.0,0.0
2026-01-23 12:45:48,clusterA,0,4,1,3,0.25,0.5,0.5,0.0,0.0,0.0
2026-01-23 12:45:48,clusterB,0,4,4,0,1.00,0.5,0.5,0.0,0.0,0.0
2026-01-23 12:45:53,clusterA,0,4,1,3,0.25,0.5,0.5,0.0,0.0,0.0
2026-01-23 12:45:53,clusterB,0,4,4,0,1.00,0.5,0.5,0.0,0.0,0.0
2026-01-23 12:45:58,clusterA,0,4,1,3,0.25,0.5,0.5,0.0,0.0,0.0
2026-01-23 12:45:58,clusterB,0,4,4,0,1.00,0.5,0.5,0.0,0.0,0.0
2026-01-23 12:46:03,clusterA,0,4,1,3,0.25,0.5,0.5,0.0,0.0,0.0
2026-01-23 12:46:03,clusterB,0,4,4,0,1.00,0.5,0.5,0.0,0.0,0.0
2026-01-23 12:46:08,clusterA,0,4,1,3,0.25,0.5,0.5,0.0,0.0,0.0
2026-01-23 12:46:08,clusterB,0,4,4,0,1.00,0.5,0.5,0.0,0.0,0.0
2026-01-23 12:46:13,clusterA,0,4,1,3,0.25,0.5,0.5,0.0,0.0,0.0
2026-01-23 12:46:13,clusterB,0,4,4,0,1.00,0.5,0.5,0.0,0.0,0.0
2026-01-23 12:46:18,clusterA,0,4,1,3,0.25,0.5,0.5,0.0,0.0,0.0
2026-01-23 12:46:18,clusterB,0,4,4,0,1.00,0.5,0.5,0.0,0.0,0.0
2026-01-23 12:46:23,clusterA,0,4,1,3,0.25,0.5,0.5,0.0,0.0,0.0
2026-01-23 12:46:23,clusterB,0,4,4,0,1.00,0.5,0.5,0.0,0.0,0.0
2026-01-23 12:46:28,clusterA,0,4,1,3,0.25,0.5,0.5,0.0,0.0,0.0
2026-01-23 12:46:28,clusterB,0,4,4,0,1.00,0.5,0.5,0.0,0.0,0.0
2026-01-23 12:46:33,clusterA,0,4,1,3,0.25,0.5,0.5,0.0,0.0,0.0
2026-01-23 12:46:33,clusterB,0,4,4,0,1.00,0.5,0.5,0.0,0.0,0.0
2026-01-23 12:46:38,clusterA,0,4,1,3,0.25,0.5,0.5,0.0,0.0,0.0
2026-01-23 12:46:38,clusterB,0,4,4,0,1.00,0.5,0.5,0.0,0.0,0.0
2026-01-23 12:46:43,clusterA,0,4,1,3,0.25,0.5,0.5,0.0,0.0,0.0
2026-01-23 12:46:43,clusterB,0,4,4,0,1.00,0.5,0.5,0.0,0.0,0.0
2026-01-23 12:46:48,clusterA,0,4,1,3,0.25,0.5,0.5,0.0,0.0,0.0
2026-01-23 12:46:48,clusterB,0,4,4,0,1.00,0.5,0.5,0.0,0.0,0.0
2026-01-23 12:46:53,clusterA,0,4,1,3,0.25,0.5,0.5,0.0,0.0,0.0
2026-01-23 12:46:53,clusterB,0,4,4,0,1.00,0.5,0.5,0.0,0.0,0.0
2026-01-23 12:46:58,clusterA,0,4,1,3,0.25,0.5,0.5,0.0,0.0,0.0
2026-01-23 12:46:58,clusterB,0,4,4,0,1.00,0.5,0.5,0.0,0.0,0.0
2026-01-23 12:47:03,clusterA,0,4,1,3,0.25,0.5,0.5,0.0,0.0,0.0
2026-01-23 12:47:03,clusterB,0,4,4,0,1.00,0.5,0.5,0.0,0.0,0.0
2026-01-23 12:47:08,clusterA,0,4,1,3,0.25,0.5,0.5,0.0,0.0,0.0
2026-01-23 12:47:08,clusterB,0,4,4,0,1.00,0.5,0.5,0.0,0.0,0.0
2026-01-23 12:47:13,clusterA,0,4,1,3,0.25,0.5,0.5,0.0,0.0,0.0
2026-01-23 12:47:13,clusterB,0,4,4,0,1.00,0.5,0.5,0.0,0.0,0.0
2026-01-23 12:47:19,clusterA,0,4,1,3,0.25,0.5,0.5,0.0,0.0,0.0
2026-01-23 12:47:19,clusterB,0,4,4,0,1.00,0.5,0.5,0.0,0.0,0.0
2026-01-23 12:47:24,clusterA,0,4,1,3,0.25,0.5,0.5,0.0,0.0,0.0
2026-01-23 12:47:24,clusterB,0,4,4,0,1.00,0.5,0.5,0.0,0.0,0.0
2026-01-23 12:47:29,clusterA,0,4,1,3,0.25,0.5,0.5,0.0,0.0,0.0
2026-01-23 12:47:29,clusterB,0,4,4,0,1.00,0.5,0.5,0.0,0.0,0.0
2026-01-23 12:47:34,clusterA,0,4,1,3,0.25,0.5,0.5,0.0,0.0,0.0
2026-01-23 12:47:34,clusterB,0,4,4,0,1.00,0.5,0.5,0.0,0.0,0.0
2026-01-23 12:47:39,clusterA,0,4,1,3,0.25,0.5,0.5,0.0,0.0,0.0
2026-01-23 12:47:39,clusterB,0,4,4,0,1.00,0.5,0.5,0.0,0.0,0.0
2026-01-23 12:47:44,clusterA,0,4,1,3,0.25,0.5,0.5,0.0,0.0,0.0
2026-01-23 12:47:44,clusterB,0,4,4,0,1.00,0.5,0.5,0.0,0.0,0.0
2026-01-23 12:47:49,clusterA,0,4,1,3,0.25,0.5,0.5,0.0,0.0,0.0
2026-01-23 12:47:49,clusterB,0,4,4,0,1.00,0.5,0.5,0.0,0.0,0.0
2026-01-23 12:47:54,clusterA,0,4,1,3,0.25,0.5,0.5,0.0,0.0,0.0
2026-01-23 12:47:54,clusterB,0,4,4,0,1.00,0.5,0.5,0.0,0.0,0.0
2026-01-23 12:47:59,clusterA,0,4,1,3,0.25,0.5,0.5,0.0,0.0,0.0
2026-01-23 12:47:59,clusterB,0,4,4,0,1.00,0.5,0.5,0.0,0.0,0.0
2026-01-23 12:48:04,clusterA,0,4,1,3,0.25,0.5,0.5,0.0,0.0,0.0
2026-01-23 12:48:04,clusterB,0,4,4,0,1.00,0.5,0.5,0.0,0.0,0.0
2026-01-23 12:48:09,clusterA,0,4,1,3,0.25,0.5,0.5,0.0,0.0,0.0
2026-01-23 12:48:09,clusterB,0,4,4,0,1.00,0.5,0.5,0.0,0.0,0.0
2026-01-23 12:48:14,clusterA,0,4,1,3,0.25,0.5,0.5,0.0,0.0,0.0
2026-01-23 12:48:14,clusterB,0,4,4,0,1.00,0.5,0.5,0.0,0.0,0.0
2026-01-23 12:48:19,clusterA,0,4,1,3,0.25,0.5,0.5,0.0,0.0,0.0
2026-01-23 12:48:19,clusterB,0,4,4,0,1.00,0.5,0.5,0.0,0.0,0.0
2026-01-23 12:48:24,clusterA,0,4,1,3,0.25,0.5,0.5,0.0,0.0,0.0
2026-01-23 12:48:24,clusterB,0,4,4,0,1.00,0.5,0.5,0.0,0.0,0.0
2026-01-23 12:48:29,clusterA,0,4,1,3,0.25,0.5,0.5,0.0,0.0,0.0
2026-01-23 12:48:29,clusterB,0,4,4,0,1.00,0.5,0.5,0.0,0.0,0.0
2026-01-23 12:48:34,clusterA,0,4,1,3,0.25,0.5,0.5,0.0,0.0,0.0
2026-01-23 12:48:34,clusterB,0,4,4,0,1.00,0.5,0.5,0.0,0.0,0.0
2026-01-23 12:48:39,clusterA,0,4,1,3,0.25,0.5,0.5,0.0,0.0,0.0
2026-01-23 12:48:39,clusterB,0,4,4,0,1.00,0.5,0.5,0.0,0.0,0.0
2026-01-23 12:48:44,clusterA,0,4,1,3,0.25,0.5,0.5,0.0,0.0,0.0
2026-01-23 12:48:44,clusterB,0,4,4,0,1.00,0.5,0.5,0.0,0.0,0.0
2026-01-23 12:48:49,clusterA,0,4,1,3,0.25,0.5,0.5,0.0,0.0,0.0
2026-01-23 12:48:49,clusterB,0,4,4,0,1.00,0.5,0.5,0.0,0.0,0.0
2026-01-23 12:48:54,clusterA,0,4,1,3,0.25,0.5,0.5,0.0,0.0,0.0
2026-01-23 12:48:54,clusterB,0,4,4,0,1.00,0.5,0.5,0.0,0.0,0.0
2026-01-23 12:48:59,clusterA,0,4,1,3,0.25,0.5,0.5,0.0,0.0,0.0
2026-01-23 12:48:59,clusterB,0,4,4,0,1.00,0.5,0.5,0.0,0.0,0.0
2026-01-23 12:49:04,clusterA,0,4,1,3,0.25,0.5,0.5,0.0,0.0,0.0
2026-01-23 12:49:04,clusterB,0,4,4,0,1.00,0.5,0.5,0.0,0.0,0.0
2026-01-23 12:49:09,clusterA,0,4,1,3,0.25,0.5,0.5,0.0,0.0,0.0
2026-01-23 12:49:09,clusterB,0,4,4,0,1.00,0.5,0.5,0.0,0.0,0.0
2026-01-23 12:49:14,clusterA,0,4,1,3,0.25,0.5,0.5,0.0,0.0,0.0
2026-01-23 12:49:14,clusterB,0,4,4,0,1.00,0.5,0.5,0.0,0.0,0.0
2026-01-23 12:49:19,clusterA,0,4,1,3,0.25,0.5,0.5,0.0,0.0,0.0
2026-01-23 12:49:19,clusterB,0,4,4,0,1.00,0.5,0.5,0.0,0.0,0.0
2026-01-23 12:49:24,clusterA,0,4,1,3,0.25,0.5,0.5,0.0,0.0,0.0
2026-01-23 12:49:24,clusterB,0,4,4,0,1.00,0.5,0.5,0.0,0.0,0.0
2026-01-23 12:49:29,clusterA,0,4,1,3,0.25,0.5,0.5,0.0,0.0,0.0
2026-01-23 12:49:29,clusterB,0,4,4,0,1.00,0.5,0.5,0.0,0.0,0.0
2026-01-23 12:49:34,clusterA,0,4,1,3,0.25,0.5,0.5,0.0,0.0,0.0
2026-01-23 12:49:34,clusterB,0,4,4,0,1.00,0.5,0.5,0.0,0.0,0.0
2026-01-23 12:49:39,clusterA,0,4,1,3,0.25,0.5,0.5,0.0,0.0,0.0
2026-01-23 12:49:39,clusterB,0,4,4,0,1.00,0.5,0.5,0.0,0.0,0.0
2026-01-23 12:49:44,clusterA,0,4,1,3,0.25,0.5,0.5,0.0,0.0,0.0
2026-01-23 12:49:44,clusterB,0,4,4,0,1.00,0.5,0.5,0.0,0.0,0.0
2026-01-23 12:49:49,clusterA,0,4,1,3,0.25,0.5,0.5,0.0,0.0,0.0
2026-01-23 12:49:49,clusterB,0,4,4,0,1.00,0.5,0.5,0.0,0.0,0.0
2026-01-23 12:49:54,clusterA,0,4,1,3,0.25,0.5,0.5,0.0,0.0,0.0
2026-01-23 12:49:54,clusterB,0,4,4,0,1.00,0.5,0.5,0.0,0.0,0.0
2026-01-23 12:49:59,clusterA,0,4,1,3,0.25,0.5,0.5,0.0,0.0,0.0
2026-01-23 12:49:59,clusterB,0,4,4,0,1.00,0.5,0.5,0.0,0.0,0.0
2026-01-23 12:50:04,clusterA,0,4,1,3,0.25,0.5,0.5,0.0,0.0,0.0
2026-01-23 12:50:04,clusterB,0,4,4,0,1.00,0.5,0.5,0.0,0.0,0.0
2026-01-23 12:50:09,clusterA,0,4,1,3,0.25,0.5,0.5,0.0,0.0,0.0
2026-01-23 12:50:09,clusterB,0,4,4,0,1.00,0.5,0.5,0.0,0.0,0.0
2026-01-23 12:50:14,clusterA,0,4,1,3,0.25,0.5,0.5,0.0,0.0,0.0
2026-01-23 12:50:14,clusterB,0,4,4,0,1.00,0.5,0.5,0.0,0.0,0.0
2026-01-23 12:50:19,clusterA,0,4,1,3,0.25,0.5,0.5,0.0,0.0,0.0
2026-01-23 12:50:19,clusterB,0,4,4,0,1.00,0.5,0.5,0.0,0.0,0.0
2026-01-23 12:50:24,clusterA,0,4,0,4,0.00,0.5,0.5,0.0,0.0,0.0
2026-01-23 12:50:24,clusterB,0,4,4,0,1.00,0.5,0.5,0.0,0.0,0.0
2026-01-23 12:50:29,clusterA,0,4,0,4,0.00,0.5,0.5,0.0,0.0,0.0
2026-01-23 12:50:29,clusterB,0,4,4,0,1.00,0.5,0.5,0.0,0.0,0.0
2026-01-23 12:50:34,clusterA,0,4,0,4,0.00,0.5,0.5,0.0,0.0,0.0
2026-01-23 12:50:34,clusterB,0,4,4,0,1.00,0.5,0.5,0.0,0.0,0.0
2026-01-23 12:50:39,clusterA,0,4,0,4,0.00,0.5,0.5,0.0,0.0,0.0
2026-01-23 12:50:39,clusterB,0,4,4,0,1.00,0.5,0.5,0.0,0.0,0.0
2026-01-23 12:50:44,clusterA,0,4,0,4,0.00,0.5,0.5,0.0,0.0,0.0
2026-01-23 12:50:44,clusterB,0,4,4,0,1.00,0.5,0.5,0.0,0.0,0.0
2026-01-23 12:50:49,clusterA,0,4,0,4,0.00,0.5,0.5,0.0,0.0,0.0
2026-01-23 12:50:49,clusterB,0,4,4,0,1.00,0.5,0.5,0.0,0.0,0.0
2026-01-23 12:50:54,clusterA,0,4,0,4,0.00,0.5,0.5,0.0,0.0,0.0
2026-01-23 12:50:54,clusterB,0,4,4,0,1.00,0.5,0.5,0.0,0.0,0.0
2026-01-23 12:50:59,clusterA,0,4,0,4,0.00,0.5,0.5,0.0,0.0,0.0
2026-01-23 12:50:59,clusterB,0,4,4,0,1.00,0.5,0.5,0.0,0.0,0.0
2026-01-23 12:51:04,clusterA,0,4,0,4,0.00,0.5,0.5,0.0,0.0,0.0
2026-01-23 12:51:04,clusterB,0,4,4,0,1.00,0.5,0.5,0.0,0.0,0.0
2026-01-23 12:51:09,clusterA,0,4,0,4,0.00,0.5,0.5,0.0,0.0,0.0
2026-01-23 12:51:09,clusterB,0,4,4,0,1.00,0.5,0.5,0.0,0.0,0.0
2026-01-23 12:51:14,clusterA,0,4,0,4,0.00,0.5,0.5,0.0,0.0,0.0
2026-01-23 12:51:14,clusterB,0,4,4,0,1.00,0.5,0.5,0.0,0.0,0.0
2026-01-23 12:51:19,clusterA,0,4,0,4,0.00,0.5,0.5,0.0,0.0,0.0
2026-01-23 12:51:19,clusterB,0,4,4,0,1.00,0.5,0.5,0.0,0.0,0.0
2026-01-23 12:51:24,clusterA,0,4,0,4,0.00,0.5,0.5,0.0,0.0,0.0
2026-01-23 12:51:24,clusterB,0,4,4,0,1.00,0.5,0.5,0.0,0.0,0.0
2026-01-23 12:51:29,clusterA,0,4,0,4,0.00,0.5,0.5,0.0,0.0,0.0
2026-01-23 12:51:29,clusterB,0,4,4,0,1.00,0.5,0.5,0.0,0.0,0.0
2026-01-23 12:51:34,clusterA,0,4,0,4,0.00,0.5,0.5,0.0,0.0,0.0
2026-01-23 12:51:34,clusterB,0,4,4,0,1.00,0.5,0.5,0.0,0.0,0.0
2026-01-23 12:51:39,clusterA,0,4,0,4,0.00,0.5,0.5,0.0,0.0,0.0
2026-01-23 12:51:39,clusterB,0,4,4,0,1.00,0.5,0.5,0.0,0.0,0.0
2026-01-23 12:51:44,clusterA,0,4,0,4,0.00,0.5,0.5,0.0,0.0,0.0
2026-01-23 12:51:44,clusterB,0,4,4,0,1.00,0.5,0.5,0.0,0.0,0.0
2026-01-23 12:51:49,clusterA,0,4,0,4,0.00,0.5,0.5,0.0,0.0,0.0
2026-01-23 12:51:49,clusterB,0,4,4,0,1.00,0.5,0.5,0.0,0.0,0.0
2026-01-23 12:51:54,clusterA,0,4,0,4,0.00,0.5,0.5,0.0,0.0,0.0
2026-01-23 12:51:54,clusterB,0,4,4,0,1.00,0.5,0.5,0.0,0.0,0.0
2026-01-23 12:51:59,clusterA,0,4,0,4,0.00,0.5,0.5,0.0,0.0,0.0
2026-01-23 12:51:59,clusterB,0,4,4,0,1.00,0.5,0.5,0.0,0.0,0.0
2026-01-23 12:52:04,clusterA,0,4,0,4,0.00,0.5,0.5,0.0,0.0,0.0
2026-01-23 12:52:04,clusterB,0,4,4,0,1.00,0.5,0.5,0.0,0.0,0.0
2026-01-23 12:52:09,clusterA,0,4,0,4,0.00,0.5,0.5,0.0,0.0,0.0
2026-01-23 12:52:09,clusterB,0,4,4,0,1.00,0.5,0.5,0.0,0.0,0.0
2026-01-23 12:52:14,clusterA,0,4,0,4,0.00,0.5,0.5,0.0,0.0,0.0
2026-01-23 12:52:14,clusterB,0,4,4,0,1.00,0.5,0.5,0.0,0.0,0.0
2026-01-23 12:52:19,clusterA,0,4,0,4,0.00,0.5,0.5,0.0,0.0,0.0
2026-01-23 12:52:19,clusterB,0,4,4,0,1.00,0.5,0.5,0.0,0.0,0.0
2026-01-23 12:52:24,clusterA,0,4,0,4,0.00,0.5,0.5,0.0,0.0,0.0
2026-01-23 12:52:24,clusterB,0,4,4,0,1.00,0.5,0.5,0.0,0.0,0.0
2026-01-23 12:52:29,clusterA,0,4,0,4,0.00,0.5,0.5,0.0,0.0,0.0
2026-01-23 12:52:29,clusterB,0,4,4,0,1.00,0.5,0.5,0.0,0.0,0.0
2026-01-23 12:52:34,clusterA,0,4,0,4,0.00,0.5,0.5,0.0,0.0,0.0
2026-01-23 12:52:34,clusterB,0,4,4,0,1.00,0.5,0.5,0.0,0.0,0.0
2026-01-23 12:52:39,clusterA,0,4,0,4,0.00,0.5,0.5,0.0,0.0,0.0
2026-01-23 12:52:39,clusterB,0,4,4,0,1.00,0.5,0.5,0.0,0.0,0.0
2026-01-23 12:52:44,clusterA,0,4,0,4,0.00,0.5,0.5,0.0,0.0,0.0
2026-01-23 12:52:44,clusterB,0,4,4,0,1.00,0.5,0.5,0.0,0.0,0.0
2026-01-23 12:52:49,clusterA,0,4,0,4,0.00,0.5,0.5,0.0,0.0,0.0
2026-01-23 12:52:49,clusterB,0,4,4,0,1.00,0.5,0.5,0.0,0.0,0.0
2026-01-23 12:52:54,clusterA,0,4,0,4,0.00,0.5,0.5,0.0,0.0,0.0
2026-01-23 12:52:54,clusterB,0,4,4,0,1.00,0.5,0.5,0.0,0.0,0.0
2026-01-23 12:52:59,clusterA,0,4,0,4,0.00,0.5,0.5,0.0,0.0,0.0
2026-01-23 12:52:59,clusterB,0,4,4,0,1.00,0.5,0.5,0.0,0.0,0.0
2026-01-23 12:53:04,clusterA,0,4,0,4,0.00,0.5,0.5,0.0,0.0,0.0
2026-01-23 12:53:04,clusterB,0,4,4,0,1.00,0.5,0.5,0.0,0.0,0.0
2026-01-23 12:53:09,clusterA,0,4,0,4,0.00,0.5,0.5,0.0,0.0,0.0
2026-01-23 12:53:09,clusterB,0,4,4,0,1.00,0.5,0.5,0.0,0.0,0.0
2026-01-23 12:53:14,clusterA,0,4,0,4,0.00,0.5,0.5,0.0,0.0,0.0
2026-01-23 12:53:14,clusterB,0,4,4,0,1.00,0.5,0.5,0.0,0.0,0.0
2026-01-23 12:53:19,clusterA,0,4,0,4,0.00,0.5,0.5,0.0,0.0,0.0
2026-01-23 12:53:19,clusterB,0,4,4,0,1.00,0.5,0.5,0.0,0.0,0.0
2026-01-23 12:53:24,clusterA,0,4,0,4,0.00,0.5,0.5,0.0,0.0,0.0
2026-01-23 12:53:24,clusterB,0,4,4,0,1.00,0.5,0.5,0.0,0.0,0.0
2026-01-23 12:53:29,clusterA,0,4,0,4,0.00,0.5,0.5,0.0,0.0,0.0
2026-01-23 12:53:29,clusterB,0,4,4,0,1.00,0.5,0.5,0.0,0.0,0.0
2026-01-23 12:53:34,clusterA,0,4,0,4,0.00,0.5,0.5,0.0,0.0,0.0
2026-01-23 12:53:34,clusterB,0,4,4,0,1.00,0.5,0.5,0.0,0.0,0.0
2026-01-23 12:53:39,clusterA,0,4,0,4,0.00,0.5,0.5,0.0,0.0,0.0
2026-01-23 12:53:39,clusterB,0,4,4,0,1.00,0.5,0.5,0.0,0.0,0.0
2026-01-23 12:53:44,clusterA,0,4,0,4,0.00,0.5,0.5,0.0,0.0,0.0
2026-01-23 12:53:44,clusterB,0,4,4,0,1.00,0.5,0.5,0.0,0.0,0.0
2026-01-23 12:53:49,clusterA,0,4,0,4,0.00,0.5,0.5,0.0,0.0,0.0
2026-01-23 12:53:49,clusterB,0,4,4,0,1.00,0.5,0.5,0.0,0.0,0.0
2026-01-23 12:53:54,clusterA,0,4,0,4,0.00,0.5,0.5,0.0,0.0,0.0
2026-01-23 12:53:54,clusterB,0,4,4,0,1.00,0.5,0.5,0.0,0.0,0.0
2026-01-23 12:53:59,clusterA,0,4,0,4,0.00,0.5,0.5,0.0,0.0,0.0
2026-01-23 12:53:59,clusterB,0,4,4,0,1.00,0.5,0.5,0.0,0.0,0.0
2026-01-23 12:54:04,clusterA,0,4,0,4,0.00,0.5,0.5,0.0,0.0,0.0
2026-01-23 12:54:04,clusterB,0,4,4,0,1.00,0.5,0.5,0.0,0.0,0.0
2026-01-23 12:54:09,clusterA,0,4,0,4,0.00,0.5,0.5,0.0,0.0,0.0
2026-01-23 12:54:09,clusterB,0,4,4,0,1.00,0.5,0.5,0.0,0.0,0.0
2026-01-23 12:54:14,clusterA,0,4,0,4,0.00,0.5,0.5,0.0,0.0,0.0
2026-01-23 12:54:14,clusterB,0,4,4,0,1.00,0.5,0.5,0.0,0.0,0.0
2026-01-23 12:54:19,clusterA,0,4,0,4,0.00,0.5,0.5,0.0,0.0,0.0
2026-01-23 12:54:19,clusterB,0,4,4,0,1.00,0.5,0.5,0.0,0.0,0.0
2026-01-23 12:54:24,clusterA,0,4,0,4,0.00,0.5,0.5,0.0,0.0,0.0
2026-01-23 12:54:24,clusterB,0,4,4,0,1.00,0.5,0.5,0.0,0.0,0.0
2026-01-23 12:54:29,clusterA,0,4,0,4,0.00,0.5,0.5,0.0,0.0,0.0
2026-01-23 12:54:29,clusterB,0,4,4,0,1.00,0.5,0.5,0.0,0.0,0.0
2026-01-23 12:54:34,clusterA,0,4,0,4,0.00,0.5,0.5,0.0,0.0,0.0
2026-01-23 12:54:34,clusterB,0,4,4,0,1.00,0.5,0.5,0.0,0.0,0.0
2026-01-23 12:54:39,clusterA,0,4,0,4,0.00,0.5,0.5,0.0,0.0,0.0
2026-01-23 12:54:39,clusterB,0,4,4,0,1.00,0.5,0.5,0.0,0.0,0.0
2026-01-23 12:54:44,clusterA,0,4,0,4,0.00,0.5,0.5,0.0,0.0,0.0
2026-01-23 12:54:44,clusterB,0,4,4,0,1.00,0.5,0.5,0.0,0.0,0.0
2026-01-23 12:54:49,clusterA,0,4,0,4,0.00,0.5,0.5,0.0,0.0,0.0
2026-01-23 12:54:49,clusterB,0,4,4,0,1.00,0.5,0.5,0.0,0.0,0.0
2026-01-23 12:54:54,clusterA,0,4,0,4,0.00,0.5,0.5,0.0,0.0,0.0
2026-01-23 12:54:54,clusterB,0,4,4,0,1.00,0.5,0.5,0.0,0.0,0.0
2026-01-23 12:54:59,clusterA,0,4,0,4,0.00,0.5,0.5,0.0,0.0,0.0
2026-01-23 12:54:59,clusterB,0,4,4,0,1.00,0.5,0.5,0.0,0.0,0.0
2026-01-23 12:55:04,clusterA,0,4,0,4,0.00,0.5,0.5,0.0,0.0,0.0
2026-01-23 12:55:04,clusterB,0,4,4,0,1.00,0.5,0.5,0.0,0.0,0.0
2026-01-23 12:55:09,clusterA,0,4,0,4,0.00,0.5,0.5,0.0,0.0,0.0
2026-01-23 12:55:09,clusterB,0,4,4,0,1.00,0.5,0.5,0.0,0.0,0.0
2026-01-23 12:55:14,clusterA,0,4,0,4,0.00,0.5,0.5,0.0,0.0,0.0
2026-01-23 12:55:14,clusterB,0,4,4,0,1.00,0.5,0.5,0.0,0.0,0.0
2026-01-23 12:55:19,clusterA,0,4,0,4,0.00,0.5,0.5,0.0,0.0,0.0
2026-01-23 12:55:19,clusterB,0,4,4,0,1.00,0.5,0.5,0.0,0.0,0.0
2026-01-23 12:55:24,clusterA,0,4,0,4,0.00,0.5,0.5,0.0,0.0,0.0
2026-01-23 12:55:24,clusterB,0,4,4,0,1.00,0.5,0.5,0.0,0.0,0.0
2026-01-23 12:55:29,clusterA,0,4,0,4,0.00,0.5,0.5,0.0,0.0,0.0
2026-01-23 12:55:29,clusterB,0,4,4,0,1.00,0.5,0.5,0.0,0.0,0.0
2026-01-23 12:55:34,clusterA,0,4,0,4,0.00,0.5,0.5,0.0,0.0,0.0
2026-01-23 12:55:34,clusterB,0,4,4,0,1.00,0.5,0.5,0.0,0.0,0.0
2026-01-23 12:55:39,clusterA,0,4,0,4,0.00,0.5,0.5,0.0,0.0,0.0
2026-01-23 12:55:39,clusterB,0,4,4,0,1.00,0.5,0.5,0.0,0.0,0.0
2026-01-23 12:55:44,clusterA,0,4,0,4,0.00,0.5,0.5,0.0,0.0,0.0
2026-01-23 12:55:44,clusterB,0,4,4,0,1.00,0.5,0.5,0.0,0.0,0.0
2026-01-23 12:55:49,clusterA,0,4,0,4,0.00,0.5,0.5,0.0,0.0,0.0
2026-01-23 12:55:49,clusterB,0,4,4,0,1.00,0.5,0.5,0.0,0.0,0.0
2026-01-23 12:55:54,clusterA,0,4,0,4,0.00,0.5,0.5,0.0,0.0,0.0
2026-01-23 12:55:54,clusterB,0,4,4,0,1.00,0.5,0.5,0.0,0.0,0.0
2026-01-23 12:55:59,clusterA,0,4,0,4,0.00,0.5,0.5,0.0,0.0,0.0
2026-01-23 12:55:59,clusterB,0,4,4,0,1.00,0.5,0.5,0.0,0.0,0.0
2026-01-23 12:56:04,clusterA,0,4,0,4,0.00,0.5,0.5,0.0,0.0,0.0
2026-01-23 12:56:04,clusterB,0,4,4,0,1.00,0.5,0.5,0.0,0.0,0.0
2026-01-23 12:56:09,clusterA,0,4,0,4,0.00,0.5,0.5,0.0,0.0,0.0
2026-01-23 12:56:09,clusterB,0,4,4,0,1.00,0.5,0.5,0.0,0.0,0.0
2026-01-23 12:56:14,clusterA,0,4,0,4,0.00,0.5,0.5,0.0,0.0,0.0
2026-01-23 12:56:14,clusterB,0,4,4,0,1.00,0.5,0.5,0.0,0.0,0.0
2026-01-23 12:56:19,clusterA,0,4,0,4,0.00,0.5,0.5,0.0,0.0,0.0
2026-01-23 12:56:19,clusterB,0,4,4,0,1.00,0.5,0.5,0.0,0.0,0.0
2026-01-23 12:56:24,clusterA,0,4,0,4,0.00,0.5,0.5,0.0,0.0,0.0
2026-01-23 12:56:24,clusterB,0,4,4,0,1.00,0.5,0.5,0.0,0.0,0.0
2026-01-23 12:56:29,clusterA,0,4,0,4,0.00,0.5,0.5,0.0,0.0,0.0
2026-01-23 12:56:29,clusterB,0,4,4,0,1.00,0.5,0.5,0.0,0.0,0.0
2026-01-23 12:56:34,clusterA,0,4,0,4,0.00,0.5,0.5,0.0,0.0,0.0
2026-01-23 12:56:34,clusterB,0,4,4,0,1.00,0.5,0.5,0.0,0.0,0.0
2026-01-23 12:56:39,clusterA,0,4,0,4,0.00,0.5,0.5,0.0,0.0,0.0
2026-01-23 12:56:39,clusterB,0,4,4,0,1.00,0.5,0.5,0.0,0.0,0.0
2026-01-23 12:56:44,clusterA,0,4,0,4,0.00,0.5,0.5,0.0,0.0,0.0
2026-01-23 12:56:44,clusterB,0,4,4,0,1.00,0.5,0.5,0.0,0.0,0.0
2026-01-23 12:56:49,clusterA,0,4,0,4,0.00,0.5,0.5,0.0,0.0,0.0
2026-01-23 12:56:49,clusterB,0,4,4,0,1.00,0.5,0.5,0.0,0.0,0.0
2026-01-23 12:56:54,clusterA,0,4,0,4,0.00,0.5,0.5,0.0,0.0,0.0
2026-01-23 12:56:54,clusterB,0,4,4,0,1.00,0.5,0.5,0.0,0.0,0.0
2026-01-23 12:56:59,clusterA,0,4,0,4,0.00,0.5,0.5,0.0,0.0,0.0
2026-01-23 12:56:59,clusterB,0,4,4,0,1.00,0.5,0.5,0.0,0.0,0.0
2026-01-23 12:57:04,clusterA,0,4,0,4,0.00,0.5,0.5,0.0,0.0,0.0
2026-01-23 12:57:04,clusterB,0,4,4,0,1.00,0.5,0.5,0.0,0.0,0.0
2026-01-23 12:57:09,clusterA,0,4,0,4,0.00,0.5,0.5,0.0,0.0,0.0
2026-01-23 12:57:09,clusterB,0,4,4,0,1.00,0.5,0.5,0.0,0.0,0.0
2026-01-23 12:57:14,clusterA,0,4,0,4,0.00,0.5,0.5,0.0,0.0,0.0
2026-01-23 12:57:14,clusterB,0,4,4,0,1.00,0.5,0.5,0.0,0.0,0.0
2026-01-23 12:57:19,clusterA,0,4,0,4,0.00,0.5,0.5,0.0,0.0,0.0
2026-01-23 12:57:19,clusterB,0,4,4,0,1.00,0.5,0.5,0.0,0.0,0.0
2026-01-23 12:57:24,clusterA,0,4,0,4,0.00,0.5,0.5,0.0,0.0,0.0
2026-01-23 12:57:24,clusterB,0,4,4,0,1.00,0.5,0.5,0.0,0.0,0.0
2026-01-23 12:57:29,clusterA,0,4,0,4,0.00,0.5,0.5,0.0,0.0,0.0
2026-01-23 12:57:29,clusterB,0,4,4,0,1.00,0.5,0.5,0.0,0.0,0.0
2026-01-23 12:57:34,clusterA,0,4,0,4,0.00,0.5,0.5,0.0,0.0,0.0
2026-01-23 12:57:34,clusterB,0,4,4,0,1.00,0.5,0.5,0.0,0.0,0.0
2026-01-23 12:57:39,clusterA,0,4,0,4,0.00,0.5,0.5,0.0,0.0,0.0
2026-01-23 12:57:39,clusterB,0,4,4,0,1.00,0.5,0.5,0.0,0.0,0.0
2026-01-23 12:57:44,clusterA,0,4,0,4,0.00,0.5,0.5,0.0,0.0,0.0
2026-01-23 12:57:44,clusterB,0,4,4,0,1.00,0.5,0.5,0.0,0.0,0.0
2026-01-23 12:57:49,clusterA,0,4,0,4,0.00,0.5,0.5,0.0,0.0,0.0
2026-01-23 12:57:49,clusterB,0,4,4,0,1.00,0.5,0.5,0.0,0.0,0.0
2026-01-23 12:57:54,clusterA,0,4,0,4,0.00,0.5,0.5,0.0,0.0,0.0
2026-01-23 12:57:54,clusterB,0,4,4,0,1.00,0.5,0.5,0.0,0.0,0.0
2026-01-23 12:57:59,clusterA,0,4,0,4,0.00,0.5,0.5,0.0,0.0,0.0
2026-01-23 12:57:59,clusterB,0,4,4,0,1.00,0.5,0.5,0.0,0.0,0.0
2026-01-23 12:58:04,clusterA,0,4,0,4,0.00,0.5,0.5,0.0,0.0,0.0
2026-01-23 12:58:04,clusterB,0,4,4,0,1.00,0.5,0.5,0.0,0.0,0.0
2026-01-23 12:58:09,clusterA,0,4,0,4,0.00,0.5,0.5,0.0,0.0,0.0
2026-01-23 12:58:09,clusterB,0,4,4,0,1.00,0.5,0.5,0.0,0.0,0.0
2026-01-23 12:58:14,clusterA,0,4,0,4,0.00,0.5,0.5,0.0,0.0,0.0
2026-01-23 12:58:14,clusterB,0,4,4,0,1.00,0.5,0.5,0.0,0.0,0.0
2026-01-23 12:58:19,clusterA,0,4,0,4,0.00,0.5,0.5,0.0,0.0,0.0
2026-01-23 12:58:19,clusterB,0,4,4,0,1.00,0.5,0.5,0.0,0.0,0.0
2026-01-23 12:58:24,clusterA,0,4,0,4,0.00,0.5,0.5,0.0,0.0,0.0
2026-01-23 12:58:24,clusterB,0,4,4,0,1.00,0.5,0.5,0.0,0.0,0.0
2026-01-23 12:58:29,clusterA,0,4,0,4,0.00,0.5,0.5,0.0,0.0,0.0
2026-01-23 12:58:29,clusterB,0,4,4,0,1.00,0.5,0.5,0.0,0.0,0.0
2026-01-23 12:58:34,clusterA,0,4,0,4,0.00,0.5,0.5,0.0,0.0,0.0
2026-01-23 12:58:34,clusterB,0,4,4,0,1.00,0.5,0.5,0.0,0.0,0.0
2026-01-23 12:58:39,clusterA,0,4,0,4,0.00,0.5,0.5,0.0,0.0,0.0
2026-01-23 12:58:39,clusterB,0,4,4,0,1.00,0.5,0.5,0.0,0.0,0.0
2026-01-23 12:58:44,clusterA,0,4,0,4,0.00,0.5,0.5,0.0,0.0,0.0
2026-01-23 12:58:44,clusterB,0,4,4,0,1.00,0.5,0.5,0.0,0.0,0.0
2026-01-23 12:58:49,clusterA,0,4,0,4,0.00,0.5,0.5,0.0,0.0,0.0
2026-01-23 12:58:49,clusterB,0,4,4,0,1.00,0.5,0.5,0.0,0.0,0.0
2026-01-23 12:58:54,clusterA,0,4,0,4,0.00,0.5,0.5,0.0,0.0,0.0
2026-01-23 12:58:54,clusterB,0,4,4,0,1.00,0.5,0.5,0.0,0.0,0.0
2026-01-23 12:58:59,clusterA,0,4,0,4,0.00,0.5,0.5,0.0,0.0,0.0
2026-01-23 12:58:59,clusterB,0,4,4,0,1.00,0.5,0.5,0.0,0.0,0.0
2026-01-23 12:59:04,clusterA,0,4,0,4,0.00,0.5,0.5,0.0,0.0,0.0
2026-01-23 12:59:04,clusterB,0,4,4,0,1.00,0.5,0.5,0.0,0.0,0.0
2026-01-23 12:59:09,clusterA,0,4,0,4,0.00,0.5,0.5,0.0,0.0,0.0
2026-01-23 12:59:09,clusterB,0,4,4,0,1.00,0.5,0.5,0.0,0.0,0.0
2026-01-23 12:59:14,clusterA,0,4,0,4,0.00,0.5,0.5,0.0,0.0,0.0
2026-01-23 12:59:14,clusterB,0,4,4,0,1.00,0.5,0.5,0.0,0.0,0.0
2026-01-23 12:59:19,clusterA,0,4,0,4,0.00,0.5,0.5,0.0,0.0,0.0
2026-01-23 12:59:19,clusterB,0,4,4,0,1.00,0.5,0.5,0.0,0.0,0.0
2026-01-23 12:59:24,clusterA,0,4,0,4,0.00,0.5,0.5,0.0,0.0,0.0
2026-01-23 12:59:24,clusterB,0,4,4,0,1.00,0.5,0.5,0.0,0.0,0.0
2026-01-23 12:59:29,clusterA,0,4,0,4,0.00,0.5,0.5,0.0,0.0,0.0
2026-01-23 12:59:29,clusterB,0,4,4,0,1.00,0.5,0.5,0.0,0.0,0.0
2026-01-23 12:59:34,clusterA,0,4,0,4,0.00,0.5,0.5,0.0,0.0,0.0
2026-01-23 12:59:34,clusterB,0,4,4,0,1.00,0.5,0.5,0.0,0.0,0.0
2026-01-23 12:59:39,clusterA,0,4,0,4,0.00,0.5,0.5,0.0,0.0,0.0
2026-01-23 12:59:39,clusterB,0,4,4,0,1.00,0.5,0.5,0.0,0.0,0.0
2026-01-23 12:59:44,clusterA,0,4,0,4,0.00,0.5,0.5,0.0,0.0,0.0
2026-01-23 12:59:44,clusterB,0,4,4,0,1.00,0.5,0.5,0.0,0.0,0.0
2026-01-23 12:59:49,clusterA,0,4,0,4,0.00,0.5,0.5,0.0,0.0,0.0
2026-01-23 12:59:49,clusterB,0,4,4,0,1.00,0.5,0.5,0.0,0.0,0.0
2026-01-23 12:59:54,clusterA,0,4,0,4,0.00,0.5,0.5,0.0,0.0,0.0
2026-01-23 12:59:54,clusterB,0,4,4,0,1.00,0.5,0.5,0.0,0.0,0.0
2026-01-23 12:59:59,clusterA,0,4,0,4,0.00,0.5,0.5,0.0,0.0,0.0
2026-01-23 12:59:59,clusterB,0,4,4,0,1.00,0.5,0.5,0.0,0.0,0.0
2026-01-23 13:00:04,clusterA,0,4,0,4,0.00,0.5,0.5,0.0,0.0,0.0
2026-01-23 13:00:04,clusterB,0,4,4,0,1.00,0.5,0.5,0.0,0.0,0.0
2026-01-23 13:00:09,clusterA,0,4,0,4,0.00,0.5,0.5,0.0,0.0,0.0
2026-01-23 13:00:09,clusterB,0,4,4,0,1.00,0.5,0.5,0.0,0.0,0.0
2026-01-23 13:00:14,clusterA,0,4,0,4,0.00,0.5,0.5,0.0,0.0,0.0
2026-01-23 13:00:14,clusterB,0,4,4,0,1.00,0.5,0.5,0.0,0.0,0.0
2026-01-23 13:00:19,clusterA,0,4,0,4,0.00,0.5,0.5,0.0,0.0,0.0
2026-01-23 13:00:19,clusterB,0,4,4,0,1.00,0.5,0.5,0.0,0.0,0.0
2026-01-23 13:00:24,clusterA,0,4,0,4,0.00,0.5,0.5,0.0,0.0,0.0
2026-01-23 13:00:24,clusterB,0,4,4,0,1.00,0.5,0.5,0.0,0.0,0.0
2026-01-23 13:00:29,clusterA,0,4,0,4,0.00,0.5,0.5,0.0,0.0,0.0
2026-01-23 13:00:29,clusterB,0,4,4,0,1.00,0.5,0.5,0.0,0.0,0.0
2026-01-23 13:00:34,clusterA,0,4,0,4,0.00,0.5,0.5,0.0,0.0,0.0
2026-01-23 13:00:34,clusterB,0,4,4,0,1.00,0.5,0.5,0.0,0.0,0.0
2026-01-23 13:00:39,clusterA,0,4,0,4,0.00,0.5,0.5,0.0,0.0,0.0
2026-01-23 13:00:39,clusterB,0,4,4,0,1.00,0.5,0.5,0.0,0.0,0.0
2026-01-23 13:00:44,clusterA,0,4,0,4,0.00,0.5,0.5,0.0,0.0,0.0
2026-01-23 13:00:44,clusterB,0,4,4,0,1.00,0.5,0.5,0.0,0.0,0.0
2026-01-23 13:00:49,clusterA,0,4,0,4,0.00,0.5,0.5,0.0,0.0,0.0
2026-01-23 13:00:49,clusterB,0,4,4,0,1.00,0.5,0.5,0.0,0.0,0.0
2026-01-23 13:00:54,clusterA,0,4,0,4,0.00,0.5,0.5,0.0,0.0,0.0
2026-01-23 13:00:54,clusterB,0,4,4,0,1.00,0.5,0.5,0.0,0.0,0.0
2026-01-23 13:00:59,clusterA,0,4,0,4,0.00,0.5,0.5,0.0,0.0,0.0
2026-01-23 13:00:59,clusterB,0,4,4,0,1.00,0.5,0.5,0.0,0.0,0.0
2026-01-23 13:01:04,clusterA,0,4,0,4,0.00,0.5,0.5,0.0,0.0,0.0
2026-01-23 13:01:04,clusterB,0,4,4,0,1.00,0.5,0.5,0.0,0.0,0.0
2026-01-23 13:01:09,clusterA,0,4,0,4,0.00,0.5,0.5,0.0,0.0,0.0
2026-01-23 13:01:09,clusterB,0,4,4,0,1.00,0.5,0.5,0.0,0.0,0.0
2026-01-23 13:01:14,clusterA,0,4,0,4,0.00,0.5,0.5,0.0,0.0,0.0
2026-01-23 13:01:14,clusterB,0,4,4,0,1.00,0.5,0.5,0.0,0.0,0.0
2026-01-23 13:01:19,clusterA,0,4,0,4,0.00,0.5,0.5,0.0,0.0,0.0
2026-01-23 13:01:19,clusterB,0,4,4,0,1.00,0.5,0.5,0.0,0.0,0.0
2026-01-23 13:01:24,clusterA,0,4,0,4,0.00,0.5,0.5,0.0,0.0,0.0
2026-01-23 13:01:24,clusterB,0,4,4,0,1.00,0.5,0.5,0.0,0.0,0.0
2026-01-23 13:01:29,clusterA,0,4,0,4,0.00,0.5,0.5,0.0,0.0,0.0
2026-01-23 13:01:29,clusterB,0,4,4,0,1.00,0.5,0.5,0.0,0.0,0.0
2026-01-23 13:01:34,clusterA,0,4,0,4,0.00,0.5,0.5,0.0,0.0,0.0
2026-01-23 13:01:34,clusterB,0,4,4,0,1.00,0.5,0.5,0.0,0.0,0.0
2026-01-23 13:01:39,clusterA,0,4,0,4,0.00,0.5,0.5,0.0,0.0,0.0
2026-01-23 13:01:39,clusterB,0,4,4,0,1.00,0.5,0.5,0.0,0.0,0.0
2026-01-23 13:01:44,clusterA,0,4,0,4,0.00,0.5,0.5,0.0,0.0,0.0
2026-01-23 13:01:44,clusterB,0,4,4,0,1.00,0.5,0.5,0.0,0.0,0.0
2026-01-23 13:01:49,clusterA,0,4,0,4,0.00,0.5,0.5,0.0,0.0,0.0
2026-01-23 13:01:49,clusterB,0,4,4,0,1.00,0.5,0.5,0.0,0.0,0.0
2026-01-23 13:01:54,clusterA,0,4,0,4,0.00,0.5,0.5,0.0,0.0,0.0
2026-01-23 13:01:54,clusterB,0,4,4,0,1.00,0.5,0.5,0.0,0.0,0.0
2026-01-23 13:01:59,clusterA,0,4,0,4,0.00,0.5,0.5,0.0,0.0,0.0
2026-01-23 13:01:59,clusterB,0,4,4,0,1.00,0.5,0.5,0.0,0.0,0.0
2026-01-23 13:02:04,clusterA,0,4,0,4,0.00,0.5,0.5,0.0,0.0,0.0
2026-01-23 13:02:04,clusterB,0,4,4,0,1.00,0.5,0.5,0.0,0.0,0.0
2026-01-23 13:02:09,clusterA,0,4,0,4,0.00,0.5,0.5,0.0,0.0,0.0
2026-01-23 13:02:09,clusterB,0,4,4,0,1.00,0.5,0.5,0.0,0.0,0.0
2026-01-23 13:02:14,clusterA,0,4,0,4,0.00,0.5,0.5,0.0,0.0,0.0
2026-01-23 13:02:14,clusterB,0,4,4,0,1.00,0.5,0.5,0.0,0.0,0.0
2026-01-23 13:02:19,clusterA,0,4,0,4,0.00,0.5,0.5,0.0,0.0,0.0
2026-01-23 13:02:19,clusterB,0,4,4,0,1.00,0.5,0.5,0.0,0.0,0.0
2026-01-23 13:02:24,clusterA,0,4,0,4,0.00,0.5,0.5,0.0,0.0,0.0
2026-01-23 13:02:24,clusterB,0,4,4,0,1.00,0.5,0.5,0.0,0.0,0.0
2026-01-23 13:02:29,clusterA,0,4,0,4,0.00,0.5,0.5,0.0,0.0,0.0
2026-01-23 13:02:29,clusterB,0,4,4,0,1.00,0.5,0.5,0.0,0.0,0.0
2026-01-23 13:02:34,clusterA,0,4,0,4,0.00,0.5,0.5,0.0,0.0,0.0
2026-01-23 13:02:34,clusterB,0,4,4,0,1.00,0.5,0.5,0.0,0.0,0.0
2026-01-23 13:02:39,clusterA,0,4,0,4,0.00,0.5,0.5,0.0,0.0,0.0
2026-01-23 13:02:39,clusterB,0,4,4,0,1.00,0.5,0.5,0.0,0.0,0.0
2026-01-23 13:02:44,clusterA,0,4,0,4,0.00,0.5,0.5,0.0,0.0,0.0
2026-01-23 13:02:44,clusterB,0,4,4,0,1.00,0.5,0.5,0.0,0.0,0.0
2026-01-23 13:02:49,clusterA,0,4,0,4,0.00,0.5,0.5,0.0,0.0,0.0
2026-01-23 13:02:49,clusterB,0,4,4,0,1.00,0.5,0.5,0.0,0.0,0.0
2026-01-23 13:02:54,clusterA,0,4,0,4,0.00,0.5,0.5,0.0,0.0,0.0
2026-01-23 13:02:54,clusterB,0,4,4,0,1.00,0.5,0.5,0.0,0.0,0.0
2026-01-23 13:02:59,clusterA,0,4,0,4,0.00,0.5,0.5,0.0,0.0,0.0
2026-01-23 13:02:59,clusterB,0,4,4,0,1.00,0.5,0.5,0.0,0.0,0.0
2026-01-23 13:03:04,clusterA,0,4,0,4,0.00,0.5,0.5,0.0,0.0,0.0
2026-01-23 13:03:04,clusterB,0,4,4,0,1.00,0.5,0.5,0.0,0.0,0.0
2026-01-23 13:03:09,clusterA,0,4,0,4,0.00,0.5,0.5,0.0,0.0,0.0
2026-01-23 13:03:09,clusterB,0,4,4,0,1.00,0.5,0.5,0.0,0.0,0.0
2026-01-23 13:03:14,clusterA,0,4,0,4,0.00,0.5,0.5,0.0,0.0,0.0
2026-01-23 13:03:14,clusterB,0,4,4,0,1.00,0.5,0.5,0.0,0.0,0.0
2026-01-23 13:03:19,clusterA,0,4,0,4,0.00,0.5,0.5,0.0,0.0,0.0
2026-01-23 13:03:19,clusterB,0,4,4,0,1.00,0.5,0.5,0.0,0.0,0.0
2026-01-23 13:03:24,clusterA,0,4,0,4,0.00,0.5,0.5,0.0,0.0,0.0
2026-01-23 13:03:24,clusterB,0,4,4,0,1.00,0.5,0.5,0.0,0.0,0.0
2026-01-23 13:03:29,clusterA,0,4,0,4,0.00,0.5,0.5,0.0,0.0,0.0
2026-01-23 13:03:29,clusterB,0,4,4,0,1.00,0.5,0.5,0.0,0.0,0.0
2026-01-23 13:03:34,clusterA,0,4,0,4,0.00,0.5,0.5,0.0,0.0,0.0
2026-01-23 13:03:34,clusterB,0,4,4,0,1.00,0.5,0.5,0.0,0.0,0.0
2026-01-23 13:03:39,clusterA,0,4,0,4,0.00,0.5,0.5,0.0,0.0,0.0
2026-01-23 13:03:39,clusterB,0,4,4,0,1.00,0.5,0.5,0.0,0.0,0.0
2026-01-23 13:03:44,clusterA,0,4,0,4,0.00,0.5,0.5,0.0,0.0,0.0
2026-01-23 13:03:44,clusterB,0,4,4,0,1.00,0.5,0.5,0.0,0.0,0.0
2026-01-23 13:03:49,clusterA,0,4,0,4,0.00,0.5,0.5,0.0,0.0,0.0
2026-01-23 13:03:49,clusterB,0,4,4,0,1.00,0.5,0.5,0.0,0.0,0.0
2026-01-23 13:03:54,clusterA,0,4,0,4,0.00,0.5,0.5,0.0,0.0,0.0
2026-01-23 13:03:54,clusterB,0,4,4,0,1.00,0.5,0.5,0.0,0.0,0.0
2026-01-23 13:03:59,clusterA,0,4,0,4,0.00,0.5,0.5,0.0,0.0,0.0
2026-01-23 13:03:59,clusterB,0,4,4,0,1.00,0.5,0.5,0.0,0.0,0.0
2026-01-23 13:04:04,clusterA,0,4,0,4,0.00,0.5,0.5,0.0,0.0,0.0
2026-01-23 13:04:04,clusterB,0,4,4,0,1.00,0.5,0.5,0.0,0.0,0.0
2026-01-23 13:04:09,clusterA,0,4,0,4,0.00,0.5,0.5,0.0,0.0,0.0
2026-01-23 13:04:09,clusterB,0,4,4,0,1.00,0.5,0.5,0.0,0.0,0.0
2026-01-23 13:04:14,clusterA,0,4,0,4,0.00,0.5,0.5,0.0,0.0,0.0
2026-01-23 13:04:14,clusterB,0,4,4,0,1.00,0.5,0.5,0.0,0.0,0.0
2026-01-23 13:04:19,clusterA,0,4,0,4,0.00,0.5,0.5,0.0,0.0,0.0
2026-01-23 13:04:19,clusterB,0,4,4,0,1.00,0.5,0.5,0.0,0.0,0.0
2026-01-23 13:04:24,clusterA,0,4,0,4,0.00,0.5,0.5,0.0,0.0,0.0
2026-01-23 13:04:24,clusterB,0,4,4,0,1.00,0.5,0.5,0.0,0.0,0.0
2026-01-23 13:04:29,clusterA,0,4,0,4,0.00,0.5,0.5,0.0,0.0,0.0
2026-01-23 13:04:29,clusterB,0,4,4,0,1.00,0.5,0.5,0.0,0.0,0.0
2026-01-23 13:04:34,clusterA,0,4,0,4,0.00,0.5,0.5,0.0,0.0,0.0
2026-01-23 13:04:34,clusterB,0,4,4,0,1.00,0.5,0.5,0.0,0.0,0.0
2026-01-23 13:04:39,clusterA,0,4,0,4,0.00,0.5,0.5,0.0,0.0,0.0
2026-01-23 13:04:39,clusterB,0,4,4,0,1.00,0.5,0.5,0.0,0.0,0.0
2026-01-23 13:04:44,clusterA,0,4,0,4,0.00,0.5,0.5,0.0,0.0,0.0
2026-01-23 13:04:44,clusterB,0,4,4,0,1.00,0.5,0.5,0.0,0.0,0.0
2026-01-23 13:04:49,clusterA,0,4,0,4,0.00,0.5,0.5,0.0,0.0,0.0
2026-01-23 13:04:49,clusterB,0,4,4,0,1.00,0.5,0.5,0.0,0.0,0.0
2026-01-23 13:04:54,clusterA,0,4,0,4,0.00,0.5,0.5,0.0,0.0,0.0
2026-01-23 13:04:54,clusterB,0,4,4,0,1.00,0.5,0.5,0.0,0.0,0.0
2026-01-23 13:04:59,clusterA,0,4,0,4,0.00,0.5,0.5,0.0,0.0,0.0
2026-01-23 13:04:59,clusterB,0,4,4,0,1.00,0.5,0.5,0.0,0.0,0.0
2026-01-23 13:05:04,clusterA,0,4,0,4,0.00,0.5,0.5,0.0,0.0,0.0
2026-01-23 13:05:04,clusterB,0,4,4,0,1.00,0.5,0.5,0.0,0.0,0.0
2026-01-23 13:05:09,clusterA,0,4,0,4,0.00,0.5,0.5,0.0,0.0,0.0
2026-01-23 13:05:09,clusterB,0,4,4,0,1.00,0.5,0.5,0.0,0.0,0.0
2026-01-23 13:05:14,clusterA,0,4,0,4,0.00,0.5,0.5,0.0,0.0,0.0
2026-01-23 13:05:14,clusterB,0,4,4,0,1.00,0.5,0.5,0.0,0.0,0.0
2026-01-23 13:05:19,clusterA,0,4,0,4,0.00,0.5,0.5,0.0,0.0,0.0
2026-01-23 13:05:19,clusterB,0,4,4,0,1.00,0.5,0.5,0.0,0.0,0.0
2026-01-23 13:05:24,clusterA,0,4,0,4,0.00,0.5,0.5,0.0,0.0,0.0
2026-01-23 13:05:24,clusterB,0,4,4,0,1.00,0.5,0.5,0.0,0.0,0.0
2026-01-23 13:05:29,clusterA,0,4,0,4,0.00,0.5,0.5,0.0,0.0,0.0
2026-01-23 13:05:29,clusterB,0,4,4,0,1.00,0.5,0.5,0.0,0.0,0.0
2026-01-23 13:05:34,clusterA,0,4,0,4,0.00,0.5,0.5,0.0,0.0,0.0
2026-01-23 13:05:34,clusterB,0,4,4,0,1.00,0.5,0.5,0.0,0.0,0.0
2026-01-23 13:05:39,clusterA,0,4,0,4,0.00,0.5,0.5,0.0,0.0,0.0
2026-01-23 13:05:39,clusterB,0,4,4,0,1.00,0.5,0.5,0.0,0.0,0.0
2026-01-23 13:05:44,clusterA,0,4,0,4,0.00,0.5,0.5,0.0,0.0,0.0
2026-01-23 13:05:44,clusterB,0,4,4,0,1.00,0.5,0.5,0.0,0.0,0.0
2026-01-23 13:05:49,clusterA,0,4,0,4,0.00,0.5,0.5,0.0,0.0,0.0
2026-01-23 13:05:49,clusterB,0,4,4,0,1.00,0.5,0.5,0.0,0.0,0.0
2026-01-23 13:05:54,clusterA,0,4,0,4,0.00,0.5,0.5,0.0,0.0,0.0
2026-01-23 13:05:54,clusterB,0,4,4,0,1.00,0.5,0.5,0.0,0.0,0.0
2026-01-23 13:05:59,clusterA,0,4,0,4,0.00,0.5,0.5,0.0,0.0,0.0
2026-01-23 13:05:59,clusterB,0,4,4,0,1.00,0.5,0.5,0.0,0.0,0.0
2026-01-23 13:06:04,clusterA,0,4,0,4,0.00,0.5,0.5,0.0,0.0,0.0
2026-01-23 13:06:04,clusterB,0,4,4,0,1.00,0.5,0.5,0.0,0.0,0.0
2026-01-23 13:06:09,clusterA,0,4,0,4,0.00,0.5,0.5,0.0,0.0,0.0
2026-01-23 13:06:09,clusterB,0,4,4,0,1.00,0.5,0.5,0.0,0.0,0.0
2026-01-23 13:06:14,clusterA,0,4,0,4,0.00,0.5,0.5,0.0,0.0,0.0
2026-01-23 13:06:14,clusterB,0,4,4,0,1.00,0.5,0.5,0.0,0.0,0.0
2026-01-23 13:06:19,clusterA,0,4,0,4,0.00,0.5,0.5,0.0,0.0,0.0
2026-01-23 13:06:19,clusterB,0,4,4,0,1.00,0.5,0.5,0.0,0.0,0.0
2026-01-23 13:06:24,clusterA,0,4,0,4,0.00,0.5,0.5,0.0,0.0,0.0
2026-01-23 13:06:24,clusterB,0,4,4,0,1.00,0.5,0.5,0.0,0.0,0.0
2026-01-23 13:06:29,clusterA,0,4,0,4,0.00,0.5,0.5,0.0,0.0,0.0
2026-01-23 13:06:29,clusterB,0,4,4,0,1.00,0.5,0.5,0.0,0.0,0.0
2026-01-23 13:06:34,clusterA,0,4,0,4,0.00,0.5,0.5,0.0,0.0,0.0
2026-01-23 13:06:34,clusterB,0,4,4,0,1.00,0.5,0.5,0.0,0.0,0.0
2026-01-23 13:06:39,clusterA,0,4,0,4,0.00,0.5,0.5,0.0,0.0,0.0
2026-01-23 13:06:39,clusterB,0,4,4,0,1.00,0.5,0.5,0.0,0.0,0.0
2026-01-23 13:06:44,clusterA,0,4,0,4,0.00,0.5,0.5,0.0,0.0,0.0
2026-01-23 13:06:44,clusterB,0,4,4,0,1.00,0.5,0.5,0.0,0.0,0.0
2026-01-23 13:06:49,clusterA,0,4,0,4,0.00,0.5,0.5,0.0,0.0,0.0
2026-01-23 13:06:49,clusterB,0,4,4,0,1.00,0.5,0.5,0.0,0.0,0.0
2026-01-23 13:06:54,clusterA,0,4,0,4,0.00,0.5,0.5,0.0,0.0,0.0
2026-01-23 13:06:54,clusterB,0,4,4,0,1.00,0.5,0.5,0.0,0.0,0.0
2026-01-23 13:06:59,clusterA,0,4,0,4,0.00,0.5,0.5,0.0,0.0,0.0
2026-01-23 13:06:59,clusterB,0,4,4,0,1.00,0.5,0.5,0.0,0.0,0.0
2026-01-23 13:07:04,clusterA,0,4,0,4,0.00,0.5,0.5,0.0,0.0,0.0
2026-01-23 13:07:04,clusterB,0,4,4,0,1.00,0.5,0.5,0.0,0.0,0.0
2026-01-23 13:07:09,clusterA,0,4,0,4,0.00,0.5,0.5,0.0,0.0,0.0
2026-01-23 13:07:09,clusterB,0,4,4,0,1.00,0.5,0.5,0.0,0.0,0.0
2026-01-23 13:07:14,clusterA,0,4,0,4,0.00,0.5,0.5,0.0,0.0,0.0
2026-01-23 13:07:14,clusterB,0,4,4,0,1.00,0.5,0.5,0.0,0.0,0.0
2026-01-23 13:07:19,clusterA,0,4,0,4,0.00,0.5,0.5,0.0,0.0,0.0
2026-01-23 13:07:19,clusterB,0,4,4,0,1.00,0.5,0.5,0.0,0.0,0.0
2026-01-23 13:07:24,clusterA,0,4,0,4,0.00,0.5,0.5,0.0,0.0,0.0
2026-01-23 13:07:24,clusterB,0,4,4,0,1.00,0.5,0.5,0.0,0.0,0.0
2026-01-23 13:07:29,clusterA,0,4,0,4,0.00,0.5,0.5,0.0,0.0,0.0
2026-01-23 13:07:29,clusterB,0,4,4,0,1.00,0.5,0.5,0.0,0.0,0.0
2026-01-23 13:07:34,clusterA,0,4,0,4,0.00,0.5,0.5,0.0,0.0,0.0
2026-01-23 13:07:34,clusterB,0,4,4,0,1.00,0.5,0.5,0.0,0.0,0.0
2026-01-23 13:07:39,clusterA,0,4,0,4,0.00,0.5,0.5,0.0,0.0,0.0
2026-01-23 13:07:39,clusterB,0,4,4,0,1.00,0.5,0.5,0.0,0.0,0.0
2026-01-23 13:07:44,clusterA,0,4,0,4,0.00,0.5,0.5,0.0,0.0,0.0
2026-01-23 13:07:44,clusterB,0,4,4,0,1.00,0.5,0.5,0.0,0.0,0.0
2026-01-23 13:07:49,clusterA,0,4,0,4,0.00,0.5,0.5,0.0,0.0,0.0
2026-01-23 13:07:49,clusterB,0,4,4,0,1.00,0.5,0.5,0.0,0.0,0.0
2026-01-23 13:07:54,clusterA,0,4,0,4,0.00,0.5,0.5,0.0,0.0,0.0
2026-01-23 13:07:54,clusterB,0,4,4,0,1.00,0.5,0.5,0.0,0.0,0.0
2026-01-23 13:07:59,clusterA,0,4,0,4,0.00,0.5,0.5,0.0,0.0,0.0
2026-01-23 13:07:59,clusterB,0,4,4,0,1.00,0.5,0.5,0.0,0.0,0.0
2026-01-23 13:08:04,clusterA,0,4,0,4,0.00,0.5,0.5,0.0,0.0,0.0
2026-01-23 13:08:04,clusterB,0,4,4,0,1.00,0.5,0.5,0.0,0.0,0.0
2026-01-23 13:08:09,clusterA,0,4,0,4,0.00,0.5,0.5,0.0,0.0,0.0
2026-01-23 13:08:09,clusterB,0,4,4,0,1.00,0.5,0.5,0.0,0.0,0.0
2026-01-23 13:08:14,clusterA,0,4,0,4,0.00,0.5,0.5,0.0,0.0,0.0
2026-01-23 13:08:14,clusterB,0,4,4,0,1.00,0.5,0.5,0.0,0.0,0.0
2026-01-23 13:08:19,clusterA,0,4,0,4,0.00,0.5,0.5,0.0,0.0,0.0
2026-01-23 13:08:19,clusterB,0,4,4,0,1.00,0.5,0.5,0.0,0.0,0.0
2026-01-23 13:08:24,clusterA,0,4,0,4,0.00,0.5,0.5,0.0,0.0,0.0
2026-01-23 13:08:24,clusterB,0,4,4,0,1.00,0.5,0.5,0.0,0.0,0.0
2026-01-23 13:08:29,clusterA,0,4,0,4,0.00,0.5,0.5,0.0,0.0,0.0
2026-01-23 13:08:29,clusterB,0,4,4,0,1.00,0.5,0.5,0.0,0.0,0.0
2026-01-23 13:08:34,clusterA,0,4,0,4,0.00,0.5,0.5,0.0,0.0,0.0
2026-01-23 13:08:34,clusterB,0,4,4,0,1.00,0.5,0.5,0.0,0.0,0.0
2026-01-23 13:08:39,clusterA,0,4,0,4,0.00,0.5,0.5,0.0,0.0,0.0
2026-01-23 13:08:39,clusterB,0,4,4,0,1.00,0.5,0.5,0.0,0.0,0.0
2026-01-23 13:08:44,clusterA,0,4,0,4,0.00,0.5,0.5,0.0,0.0,0.0
2026-01-23 13:08:44,clusterB,0,4,4,0,1.00,0.5,0.5,0.0,0.0,0.0
2026-01-23 13:08:49,clusterA,0,4,0,4,0.00,0.5,0.5,0.0,0.0,0.0
2026-01-23 13:08:49,clusterB,0,4,4,0,1.00,0.5,0.5,0.0,0.0,0.0
2026-01-23 13:08:54,clusterA,0,4,0,4,0.00,0.5,0.5,0.0,0.0,0.0
2026-01-23 13:08:54,clusterB,0,4,4,0,1.00,0.5,0.5,0.0,0.0,0.0
2026-01-23 13:08:59,clusterA,0,4,0,4,0.00,0.5,0.5,0.0,0.0,0.0
2026-01-23 13:08:59,clusterB,0,4,4,0,1.00,0.5,0.5,0.0,0.0,0.0
2026-01-23 13:09:04,clusterA,0,4,0,4,0.00,0.5,0.5,0.0,0.0,0.0
2026-01-23 13:09:04,clusterB,0,4,4,0,1.00,0.5,0.5,0.0,0.0,0.0
2026-01-23 13:09:09,clusterA,0,4,0,4,0.00,0.5,0.5,0.0,0.0,0.0
2026-01-23 13:09:09,clusterB,0,4,4,0,1.00,0.5,0.5,0.0,0.0,0.0
2026-01-23 13:09:14,clusterA,0,4,0,4,0.00,0.5,0.5,0.0,0.0,0.0
2026-01-23 13:09:14,clusterB,0,4,4,0,1.00,0.5,0.5,0.0,0.0,0.0
2026-01-23 13:09:19,clusterA,0,4,0,4,0.00,0.5,0.5,0.0,0.0,0.0
2026-01-23 13:09:19,clusterB,0,4,4,0,1.00,0.5,0.5,0.0,0.0,0.0
2026-01-23 13:09:24,clusterA,0,4,0,4,0.00,0.5,0.5,0.0,0.0,0.0
2026-01-23 13:09:24,clusterB,0,4,4,0,1.00,0.5,0.5,0.0,0.0,0.0
2026-01-23 13:09:29,clusterA,0,4,0,4,0.00,0.5,0.5,0.0,0.0,0.0
2026-01-23 13:09:29,clusterB,0,4,4,0,1.00,0.5,0.5,0.0,0.0,0.0
2026-01-23 13:09:34,clusterA,0,4,0,4,0.00,0.5,0.5,0.0,0.0,0.0
2026-01-23 13:09:34,clusterB,0,4,4,0,1.00,0.5,0.5,0.0,0.0,0.0
2026-01-23 13:09:39,clusterA,0,4,0,4,0.00,0.5,0.5,0.0,0.0,0.0
2026-01-23 13:09:39,clusterB,0,4,4,0,1.00,0.5,0.5,0.0,0.0,0.0
2026-01-23 13:09:44,clusterA,0,4,0,4,0.00,0.5,0.5,0.0,0.0,0.0
2026-01-23 13:09:44,clusterB,0,4,4,0,1.00,0.5,0.5,0.0,0.0,0.0
2026-01-23 13:09:49,clusterA,0,4,0,4,0.00,0.5,0.5,0.0,0.0,0.0
2026-01-23 13:09:49,clusterB,0,4,4,0,1.00,0.5,0.5,0.0,0.0,0.0
2026-01-23 13:09:54,clusterA,0,4,0,4,0.00,0.5,0.5,0.0,0.0,0.0
2026-01-23 13:09:54,clusterB,0,4,4,0,1.00,0.5,0.5,0.0,0.0,0.0
2026-01-23 13:09:59,clusterA,0,4,0,4,0.00,0.5,0.5,0.0,0.0,0.0
2026-01-23 13:09:59,clusterB,0,4,4,0,1.00,0.5,0.5,0.0,0.0,0.0
2026-01-23 13:10:04,clusterA,0,4,0,4,0.00,0.5,0.5,0.0,0.0,0.0
2026-01-23 13:10:04,clusterB,0,4,4,0,1.00,0.5,0.5,0.0,0.0,0.0
2026-01-23 13:10:09,clusterA,0,4,0,4,0.00,0.5,0.5,0.0,0.0,0.0
2026-01-23 13:10:09,clusterB,0,4,4,0,1.00,0.5,0.5,0.0,0.0,0.0
2026-01-23 13:10:14,clusterA,0,4,0,4,0.00,0.5,0.5,0.0,0.0,0.0
2026-01-23 13:10:14,clusterB,0,4,4,0,1.00,0.5,0.5,0.0,0.0,0.0
2026-01-23 13:10:19,clusterA,0,4,0,4,0.00,0.5,0.5,0.0,0.0,0.0
2026-01-23 13:10:19,clusterB,0,4,4,0,1.00,0.5,0.5,0.0,0.0,0.0
2026-01-23 13:10:24,clusterA,0,4,0,4,0.00,0.5,0.5,0.0,0.0,0.0
2026-01-23 13:10:24,clusterB,0,4,4,0,1.00,0.5,0.5,0.0,0.0,0.0
2026-01-23 13:10:29,clusterA,0,4,0,4,0.00,0.5,0.5,0.0,0.0,0.0
2026-01-23 13:10:29,clusterB,0,4,4,0,1.00,0.5,0.5,0.0,0.0,0.0
2026-01-23 13:10:34,clusterA,0,4,0,4,0.00,0.5,0.5,0.0,0.0,0.0
2026-01-23 13:10:34,clusterB,0,4,4,0,1.00,0.5,0.5,0.0,0.0,0.0
2026-01-23 13:10:39,clusterA,0,4,0,4,0.00,0.5,0.5,0.0,0.0,0.0
2026-01-23 13:10:39,clusterB,0,4,4,0,1.00,0.5,0.5,0.0,0.0,0.0
2026-01-23 13:10:44,clusterA,0,4,0,4,0.00,0.5,0.5,0.0,0.0,0.0
2026-01-23 13:10:44,clusterB,0,4,4,0,1.00,0.5,0.5,0.0,0.0,0.0
2026-01-23 13:10:49,clusterA,0,4,0,4,0.00,0.5,0.5,0.0,0.0,0.0
2026-01-23 13:10:49,clusterB,0,4,4,0,1.00,0.5,0.5,0.0,0.0,0.0
2026-01-23 13:10:54,clusterA,0,4,0,4,0.00,0.5,0.5,0.0,0.0,0.0
2026-01-23 13:10:54,clusterB,0,4,4,0,1.00,0.5,0.5,0.0,0.0,0.0
2026-01-23 13:10:59,clusterA,0,4,0,4,0.00,0.5,0.5,0.0,0.0,0.0
2026-01-23 13:10:59,clusterB,0,4,4,0,1.00,0.5,0.5,0.0,0.0,0.0
2026-01-23 13:11:04,clusterA,0,4,0,4,0.00,0.5,0.5,0.0,0.0,0.0
2026-01-23 13:11:04,clusterB,0,4,4,0,1.00,0.5,0.5,0.0,0.0,0.0
2026-01-23 13:11:09,clusterA,0,4,0,4,0.00,0.5,0.5,0.0,0.0,0.0
2026-01-23 13:11:09,clusterB,0,4,4,0,1.00,0.5,0.5,0.0,0.0,0.0
2026-01-23 13:11:14,clusterA,0,4,0,4,0.00,0.5,0.5,0.0,0.0,0.0
2026-01-23 13:11:14,clusterB,0,4,4,0,1.00,0.5,0.5,0.0,0.0,0.0
2026-01-23 13:11:19,clusterA,0,4,0,4,0.00,0.5,0.5,0.0,0.0,0.0
2026-01-23 13:11:19,clusterB,0,4,4,0,1.00,0.5,0.5,0.0,0.0,0.0
2026-01-23 13:11:24,clusterA,0,4,0,4,0.00,0.5,0.5,0.0,0.0,0.0
2026-01-23 13:11:24,clusterB,0,4,4,0,1.00,0.5,0.5,0.0,0.0,0.0
2026-01-23 13:11:29,clusterA,0,4,0,4,0.00,0.5,0.5,0.0,0.0,0.0
2026-01-23 13:11:29,clusterB,0,4,4,0,1.00,0.5,0.5,0.0,0.0,0.0
2026-01-23 13:11:34,clusterA,0,4,0,4,0.00,0.5,0.5,0.0,0.0,0.0
2026-01-23 13:11:34,clusterB,0,4,4,0,1.00,0.5,0.5,0.0,0.0,0.0
2026-01-23 13:11:39,clusterA,0,4,0,4,0.00,0.5,0.5,0.0,0.0,0.0
2026-01-23 13:11:39,clusterB,0,4,4,0,1.00,0.5,0.5,0.0,0.0,0.0
2026-01-23 13:11:44,clusterA,0,4,0,4,0.00,0.5,0.5,0.0,0.0,0.0
2026-01-23 13:11:44,clusterB,0,4,4,0,1.00,0.5,0.5,0.0,0.0,0.0
2026-01-23 13:11:49,clusterA,0,4,0,4,0.00,0.5,0.5,0.0,0.0,0.0
2026-01-23 13:11:49,clusterB,0,4,4,0,1.00,0.5,0.5,0.0,0.0,0.0
2026-01-23 13:11:54,clusterA,0,4,0,4,0.00,0.5,0.5,0.0,0.0,0.0
2026-01-23 13:11:54,clusterB,0,4,4,0,1.00,0.5,0.5,0.0,0.0,0.0
2026-01-23 13:11:59,clusterA,0,4,0,4,0.00,0.5,0.5,0.0,0.0,0.0
2026-01-23 13:11:59,clusterB,0,4,4,0,1.00,0.5,0.5,0.0,0.0,0.0
2026-01-23 13:12:04,clusterA,0,4,0,4,0.00,0.5,0.5,0.0,0.0,0.0
2026-01-23 13:12:04,clusterB,0,4,4,0,1.00,0.5,0.5,0.0,0.0,0.0
2026-01-23 13:12:09,clusterA,0,4,0,4,0.00,0.5,0.5,0.0,0.0,0.0
2026-01-23 13:12:09,clusterB,0,4,4,0,1.00,0.5,0.5,0.0,0.0,0.0
2026-01-23 13:12:14,clusterA,0,4,0,4,0.00,0.5,0.5,0.0,0.0,0.0
2026-01-23 13:12:14,clusterB,0,4,4,0,1.00,0.5,0.5,0.0,0.0,0.0
2026-01-23 13:12:19,clusterA,0,4,0,4,0.00,0.5,0.5,0.0,0.0,0.0
2026-01-23 13:12:19,clusterB,0,4,4,0,1.00,0.5,0.5,0.0,0.0,0.0
2026-01-23 13:12:24,clusterA,0,4,0,4,0.00,0.5,0.5,0.0,0.0,0.0
2026-01-23 13:12:24,clusterB,0,4,4,0,1.00,0.5,0.5,0.0,0.0,0.0
2026-01-23 13:12:29,clusterA,0,4,0,4,0.00,0.5,0.5,0.0,0.0,0.0
2026-01-23 13:12:29,clusterB,0,4,4,0,1.00,0.5,0.5,0.0,0.0,0.0
2026-01-23 13:12:34,clusterA,0,4,0,4,0.00,0.5,0.5,0.0,0.0,0.0
2026-01-23 13:12:34,clusterB,0,4,4,0,1.00,0.5,0.5,0.0,0.0,0.0
2026-01-23 13:12:39,clusterA,0,4,0,4,0.00,0.5,0.5,0.0,0.0,0.0
2026-01-23 13:12:39,clusterB,0,4,4,0,1.00,0.5,0.5,0.0,0.0,0.0
2026-01-23 13:12:44,clusterA,0,4,0,4,0.00,0.5,0.5,0.0,0.0,0.0
2026-01-23 13:12:44,clusterB,0,4,4,0,1.00,0.5,0.5,0.0,0.0,0.0
2026-01-23 13:12:49,clusterA,0,4,0,4,0.00,0.5,0.5,0.0,0.0,0.0
2026-01-23 13:12:49,clusterB,0,4,4,0,1.00,0.5,0.5,0.0,0.0,0.0
2026-01-23 13:12:54,clusterA,0,4,0,4,0.00,0.5,0.5,0.0,0.0,0.0
2026-01-23 13:12:54,clusterB,0,4,4,0,1.00,0.5,0.5,0.0,0.0,0.0
2026-01-23 13:12:59,clusterA,0,4,0,4,0.00,0.5,0.5,0.0,0.0,0.0
2026-01-23 13:12:59,clusterB,0,4,4,0,1.00,0.5,0.5,0.0,0.0,0.0
2026-01-23 13:13:04,clusterA,0,4,0,4,0.00,0.5,0.5,0.0,0.0,0.0
2026-01-23 13:13:04,clusterB,0,4,4,0,1.00,0.5,0.5,0.0,0.0,0.0
2026-01-23 13:13:09,clusterA,0,4,0,4,0.00,0.5,0.5,0.0,0.0,0.0
2026-01-23 13:13:09,clusterB,0,4,4,0,1.00,0.5,0.5,0.0,0.0,0.0
2026-01-23 13:13:14,clusterA,0,4,0,4,0.00,0.5,0.5,0.0,0.0,0.0
2026-01-23 13:13:14,clusterB,0,4,4,0,1.00,0.5,0.5,0.0,0.0,0.0
2026-01-23 13:13:19,clusterA,0,4,0,4,0.00,0.5,0.5,0.0,0.0,0.0
2026-01-23 13:13:19,clusterB,0,4,4,0,1.00,0.5,0.5,0.0,0.0,0.0
2026-01-23 13:13:24,clusterA,0,4,0,4,0.00,0.5,0.5,0.0,0.0,0.0
2026-01-23 13:13:24,clusterB,0,4,0,4,0.00,0.5,0.5,0.0,0.0,0.0
2026-01-23 13:13:29,clusterA,0,4,0,4,0.00,0.5,0.5,0.0,0.0,0.0
2026-01-23 13:13:29,clusterB,0,4,0,4,0.00,0.5,0.5,0.0,0.0,0.0
2026-01-23 13:13:34,clusterA,0,4,0,4,0.00,0.5,0.5,0.0,0.0,0.0
2026-01-23 13:13:34,clusterB,0,4,0,4,0.00,0.5,0.5,0.0,0.0,0.0
