2025-12-31 00:02:08,288 [INFO] (WorkerAgent) Worker Agent Starting. Managing GPU 0 on Port 8304
2025-12-31 00:02:08,288 [INFO] (WorkerAgent) Telemetry thread started for GPU 0 -> http://163.180.117.216:8082
INFO:     Started server process [754401]
INFO:     Waiting for application startup.
INFO:     Application startup complete.
INFO:     Uvicorn running on http://0.0.0.0:8304 (Press CTRL+C to quit)
2025-12-31 00:11:31,136 [INFO] (WorkerAgent) [8304] [job-cbdb9facc5cb] Launch Request received.
2025-12-31 00:11:31,145 [INFO] (WorkerAgent) [8304] [job-cbdb9facc5cb] Launched attempt 1 with STOP_FLAG_PATH=/tmp/job-cbdb9facc5cb-attempt-1.flag, pid=754469
INFO:     163.180.117.216:57698 - "POST /launch_task HTTP/1.1" 200 OK
2025-12-31 00:11:36,589 [INFO] (WorkerAgent) [8304] [job-cbdb9facc5cb OUT] Current CUDA device index: 0
2025-12-31 00:11:36,589 [INFO] (WorkerAgent) [8304] [job-cbdb9facc5cb OUT] Current CUDA device name: NVIDIA RTX A5000
2025-12-31 00:11:36,589 [INFO] (WorkerAgent) [8304] [job-cbdb9facc5cb OUT] Master address: 163.180.160.62, port: 29502
2025-12-31 00:11:37,269 [INFO] (WorkerAgent) [8304] [job-cbdb9facc5cb OUT] [Gloo] Rank 3 is connected to 3 peer ranks. Expected number of connected peer ranks is : 3
2025-12-31 00:24:11,697 [ERROR] (WorkerAgent) [8304] [job-cbdb9facc5cb ERR] 2025-12-31 00:11:36,589 DDP_Script [Rank 3] [INFO] Node rank: 3, world size: 4
2025-12-31 00:24:11,698 [ERROR] (WorkerAgent) [8304] [job-cbdb9facc5cb ERR] 2025-12-31 00:11:37,269 DDP_Script [Rank 3] [INFO] Process group initialized: 163.180.160.62:29502
2025-12-31 00:24:11,698 [ERROR] (WorkerAgent) [8304] [job-cbdb9facc5cb ERR] 2025-12-31 00:11:37,269 DDP_Script [Rank 3] [INFO] Rank 3/4 initialized
2025-12-31 00:24:11,698 [ERROR] (WorkerAgent) [8304] [job-cbdb9facc5cb ERR] /data/breath12/anaconda3/envs/Dist2/lib/python3.9/site-packages/torchvision/models/_utils.py:208: UserWarning: The parameter 'pretrained' is deprecated since 0.13 and may be removed in the future, please use 'weights' instead.
2025-12-31 00:24:11,698 [ERROR] (WorkerAgent) [8304] [job-cbdb9facc5cb ERR]   warnings.warn(
2025-12-31 00:24:11,698 [ERROR] (WorkerAgent) [8304] [job-cbdb9facc5cb ERR] /data/breath12/anaconda3/envs/Dist2/lib/python3.9/site-packages/torchvision/models/_utils.py:223: UserWarning: Arguments other than a weight enum or `None` for 'weights' are deprecated since 0.13 and may be removed in the future. The current behavior is equivalent to passing `weights=None`.
2025-12-31 00:24:11,698 [ERROR] (WorkerAgent) [8304] [job-cbdb9facc5cb ERR]   warnings.warn(msg)
2025-12-31 00:24:11,698 [ERROR] (WorkerAgent) [8304] [job-cbdb9facc5cb ERR] 2025-12-31 00:11:39,099 DDP_Script [Rank 3] [INFO] Model, DDP, criterion, optimizer initialized
2025-12-31 00:24:11,698 [ERROR] (WorkerAgent) [8304] [job-cbdb9facc5cb ERR] 2025-12-31 00:11:39,140 DDP_Script [Rank 3] [INFO] Modules initialized
2025-12-31 00:24:11,698 [ERROR] (WorkerAgent) [8304] [job-cbdb9facc5cb ERR] 2025-12-31 00:11:39,141 DDP_Script [Rank 3] [INFO] Starting training from scratch (epoch 1).
2025-12-31 00:24:11,698 [ERROR] (WorkerAgent) [8304] [job-cbdb9facc5cb ERR] 2025-12-31 00:11:39,141 DDP_Script [Rank 3] [INFO] epoch 1 시작
2025-12-31 00:24:11,698 [ERROR] (WorkerAgent) [8304] [job-cbdb9facc5cb ERR] 2025-12-31 00:11:39,178 DDP_Script [Rank 3] [INFO] DataLoader created with batch_size=32, num_workers=4
2025-12-31 00:24:11,698 [ERROR] (WorkerAgent) [8304] [job-cbdb9facc5cb ERR] 2025-12-31 00:11:39,183 DDP_Script [Rank 3] [INFO] local_steps=391, global_steps=391
2025-12-31 00:24:11,698 [ERROR] (WorkerAgent) [8304] [job-cbdb9facc5cb ERR] 2025-12-31 00:12:12,468 DDP_Script [Rank 3] [INFO] epoch 1 train step time: 33.28 seconds
2025-12-31 00:24:11,698 [ERROR] (WorkerAgent) [8304] [job-cbdb9facc5cb ERR] 2025-12-31 00:12:12,472 DDP_Script [Rank 3] [INFO] epoch 1 끝 (local_steps=391, global_steps=391)
2025-12-31 00:24:11,698 [ERROR] (WorkerAgent) [8304] [job-cbdb9facc5cb ERR] 2025-12-31 00:12:14,362 DDP_Script [Rank 3] [INFO] val acc 19.84%
2025-12-31 00:24:11,698 [ERROR] (WorkerAgent) [8304] [job-cbdb9facc5cb ERR] 2025-12-31 00:12:14,398 DDP_Script [Rank 3] [INFO] local_alloc: {'shard_pct': 0.25, 'batch_size': 32, 'lr': 0.0010701600000000001, 'num_workers': 4}
2025-12-31 00:24:11,699 [ERROR] (WorkerAgent) [8304] [job-cbdb9facc5cb ERR] 2025-12-31 00:12:31,818 DDP_Script [Rank 3] [INFO] epoch 2 시작
2025-12-31 00:24:11,699 [ERROR] (WorkerAgent) [8304] [job-cbdb9facc5cb ERR] 2025-12-31 00:12:31,836 DDP_Script [Rank 3] [INFO] DataLoader created with batch_size=32, num_workers=4
2025-12-31 00:24:11,699 [ERROR] (WorkerAgent) [8304] [job-cbdb9facc5cb ERR] 2025-12-31 00:12:31,845 DDP_Script [Rank 3] [INFO] local_steps=391, global_steps=391
2025-12-31 00:24:11,699 [ERROR] (WorkerAgent) [8304] [job-cbdb9facc5cb ERR] 2025-12-31 00:13:04,607 DDP_Script [Rank 3] [INFO] epoch 2 train step time: 32.76 seconds
2025-12-31 00:24:11,699 [ERROR] (WorkerAgent) [8304] [job-cbdb9facc5cb ERR] 2025-12-31 00:13:04,619 DDP_Script [Rank 3] [INFO] epoch 2 끝 (local_steps=391, global_steps=391)
2025-12-31 00:24:11,699 [ERROR] (WorkerAgent) [8304] [job-cbdb9facc5cb ERR] 2025-12-31 00:13:06,278 DDP_Script [Rank 3] [INFO] val acc 29.33%
2025-12-31 00:24:11,699 [ERROR] (WorkerAgent) [8304] [job-cbdb9facc5cb ERR] 2025-12-31 00:13:06,312 DDP_Script [Rank 3] [INFO] local_alloc: {'shard_pct': 0.25, 'batch_size': 32, 'lr': 0.00106067, 'num_workers': 4}
2025-12-31 00:24:11,699 [ERROR] (WorkerAgent) [8304] [job-cbdb9facc5cb ERR] 2025-12-31 00:13:06,700 DDP_Script [Rank 3] [INFO] epoch 3 시작
2025-12-31 00:24:11,699 [ERROR] (WorkerAgent) [8304] [job-cbdb9facc5cb ERR] 2025-12-31 00:13:06,716 DDP_Script [Rank 3] [INFO] DataLoader created with batch_size=32, num_workers=4
2025-12-31 00:24:11,699 [ERROR] (WorkerAgent) [8304] [job-cbdb9facc5cb ERR] 2025-12-31 00:13:06,723 DDP_Script [Rank 3] [INFO] local_steps=391, global_steps=391
2025-12-31 00:24:11,699 [ERROR] (WorkerAgent) [8304] [job-cbdb9facc5cb ERR] 2025-12-31 00:13:39,683 DDP_Script [Rank 3] [INFO] epoch 3 train step time: 32.96 seconds
2025-12-31 00:24:11,699 [ERROR] (WorkerAgent) [8304] [job-cbdb9facc5cb ERR] 2025-12-31 00:13:39,686 DDP_Script [Rank 3] [INFO] epoch 3 끝 (local_steps=391, global_steps=391)
2025-12-31 00:24:11,699 [ERROR] (WorkerAgent) [8304] [job-cbdb9facc5cb ERR] 2025-12-31 00:13:41,329 DDP_Script [Rank 3] [INFO] val acc 38.42%
2025-12-31 00:24:11,699 [ERROR] (WorkerAgent) [8304] [job-cbdb9facc5cb ERR] 2025-12-31 00:13:41,363 DDP_Script [Rank 3] [INFO] local_alloc: {'shard_pct': 0.25, 'batch_size': 32, 'lr': 0.0010515799999999999, 'num_workers': 6}
2025-12-31 00:24:11,699 [ERROR] (WorkerAgent) [8304] [job-cbdb9facc5cb ERR] 2025-12-31 00:13:47,182 DDP_Script [Rank 3] [INFO] epoch 4 시작
2025-12-31 00:24:11,699 [ERROR] (WorkerAgent) [8304] [job-cbdb9facc5cb ERR] 2025-12-31 00:13:47,200 DDP_Script [Rank 3] [INFO] DataLoader created with batch_size=32, num_workers=6
2025-12-31 00:24:11,699 [ERROR] (WorkerAgent) [8304] [job-cbdb9facc5cb ERR] 2025-12-31 00:13:47,217 DDP_Script [Rank 3] [INFO] local_steps=391, global_steps=391
2025-12-31 00:24:11,699 [ERROR] (WorkerAgent) [8304] [job-cbdb9facc5cb ERR] 2025-12-31 00:14:19,979 DDP_Script [Rank 3] [INFO] epoch 4 train step time: 32.76 seconds
2025-12-31 00:24:11,699 [ERROR] (WorkerAgent) [8304] [job-cbdb9facc5cb ERR] 2025-12-31 00:14:19,989 DDP_Script [Rank 3] [INFO] epoch 4 끝 (local_steps=391, global_steps=391)
2025-12-31 00:24:11,700 [ERROR] (WorkerAgent) [8304] [job-cbdb9facc5cb ERR] 2025-12-31 00:14:21,714 DDP_Script [Rank 3] [INFO] val acc 47.17%
2025-12-31 00:24:11,700 [ERROR] (WorkerAgent) [8304] [job-cbdb9facc5cb ERR] 2025-12-31 00:14:21,748 DDP_Script [Rank 3] [INFO] local_alloc: {'shard_pct': 0.25, 'batch_size': 32, 'lr': 0.00104283, 'num_workers': 5}
2025-12-31 00:24:11,700 [ERROR] (WorkerAgent) [8304] [job-cbdb9facc5cb ERR] 2025-12-31 00:14:33,773 DDP_Script [Rank 3] [INFO] epoch 5 시작
2025-12-31 00:24:11,700 [ERROR] (WorkerAgent) [8304] [job-cbdb9facc5cb ERR] 2025-12-31 00:14:33,789 DDP_Script [Rank 3] [INFO] DataLoader created with batch_size=32, num_workers=5
2025-12-31 00:24:11,700 [ERROR] (WorkerAgent) [8304] [job-cbdb9facc5cb ERR] 2025-12-31 00:14:33,795 DDP_Script [Rank 3] [INFO] local_steps=391, global_steps=391
2025-12-31 00:24:11,700 [ERROR] (WorkerAgent) [8304] [job-cbdb9facc5cb ERR] 2025-12-31 00:15:06,636 DDP_Script [Rank 3] [INFO] epoch 5 train step time: 32.84 seconds
2025-12-31 00:24:11,700 [ERROR] (WorkerAgent) [8304] [job-cbdb9facc5cb ERR] 2025-12-31 00:15:06,656 DDP_Script [Rank 3] [INFO] epoch 5 끝 (local_steps=391, global_steps=391)
2025-12-31 00:24:11,700 [ERROR] (WorkerAgent) [8304] [job-cbdb9facc5cb ERR] 2025-12-31 00:15:08,295 DDP_Script [Rank 3] [INFO] val acc 48.66%
2025-12-31 00:24:11,700 [ERROR] (WorkerAgent) [8304] [job-cbdb9facc5cb ERR] 2025-12-31 00:15:08,328 DDP_Script [Rank 3] [INFO] local_alloc: {'shard_pct': 0.25, 'batch_size': 32, 'lr': 0.00104134, 'num_workers': 4}
2025-12-31 00:24:11,700 [ERROR] (WorkerAgent) [8304] [job-cbdb9facc5cb ERR] 2025-12-31 00:15:08,683 DDP_Script [Rank 3] [INFO] epoch 6 시작
2025-12-31 00:24:11,700 [ERROR] (WorkerAgent) [8304] [job-cbdb9facc5cb ERR] 2025-12-31 00:15:08,700 DDP_Script [Rank 3] [INFO] DataLoader created with batch_size=32, num_workers=4
2025-12-31 00:24:11,700 [ERROR] (WorkerAgent) [8304] [job-cbdb9facc5cb ERR] 2025-12-31 00:15:08,702 DDP_Script [Rank 3] [INFO] local_steps=391, global_steps=391
2025-12-31 00:24:11,700 [ERROR] (WorkerAgent) [8304] [job-cbdb9facc5cb ERR] 2025-12-31 00:15:41,482 DDP_Script [Rank 3] [INFO] epoch 6 train step time: 32.78 seconds
2025-12-31 00:24:11,700 [ERROR] (WorkerAgent) [8304] [job-cbdb9facc5cb ERR] 2025-12-31 00:15:41,490 DDP_Script [Rank 3] [INFO] epoch 6 끝 (local_steps=391, global_steps=391)
2025-12-31 00:24:11,700 [ERROR] (WorkerAgent) [8304] [job-cbdb9facc5cb ERR] 2025-12-31 00:15:43,184 DDP_Script [Rank 3] [INFO] val acc 55.65%
2025-12-31 00:24:11,700 [ERROR] (WorkerAgent) [8304] [job-cbdb9facc5cb ERR] 2025-12-31 00:15:43,211 DDP_Script [Rank 3] [INFO] local_alloc: {'shard_pct': 0.25, 'batch_size': 32, 'lr': 0.00103435, 'num_workers': 5}
2025-12-31 00:24:11,700 [ERROR] (WorkerAgent) [8304] [job-cbdb9facc5cb ERR] 2025-12-31 00:15:43,581 DDP_Script [Rank 3] [INFO] epoch 7 시작
2025-12-31 00:24:11,700 [ERROR] (WorkerAgent) [8304] [job-cbdb9facc5cb ERR] 2025-12-31 00:15:43,597 DDP_Script [Rank 3] [INFO] DataLoader created with batch_size=32, num_workers=5
2025-12-31 00:24:11,701 [ERROR] (WorkerAgent) [8304] [job-cbdb9facc5cb ERR] 2025-12-31 00:15:43,600 DDP_Script [Rank 3] [INFO] local_steps=391, global_steps=391
2025-12-31 00:24:11,701 [ERROR] (WorkerAgent) [8304] [job-cbdb9facc5cb ERR] 2025-12-31 00:16:16,276 DDP_Script [Rank 3] [INFO] epoch 7 train step time: 32.68 seconds
2025-12-31 00:24:11,701 [ERROR] (WorkerAgent) [8304] [job-cbdb9facc5cb ERR] 2025-12-31 00:16:16,279 DDP_Script [Rank 3] [INFO] epoch 7 끝 (local_steps=391, global_steps=391)
2025-12-31 00:24:11,701 [ERROR] (WorkerAgent) [8304] [job-cbdb9facc5cb ERR] 2025-12-31 00:16:17,995 DDP_Script [Rank 3] [INFO] val acc 58.18%
2025-12-31 00:24:11,701 [ERROR] (WorkerAgent) [8304] [job-cbdb9facc5cb ERR] 2025-12-31 00:16:18,029 DDP_Script [Rank 3] [INFO] local_alloc: {'shard_pct': 0.25, 'batch_size': 32, 'lr': 0.00103182, 'num_workers': 5}
2025-12-31 00:24:11,701 [ERROR] (WorkerAgent) [8304] [job-cbdb9facc5cb ERR] 2025-12-31 00:16:20,232 DDP_Script [Rank 3] [INFO] epoch 8 시작
2025-12-31 00:24:11,701 [ERROR] (WorkerAgent) [8304] [job-cbdb9facc5cb ERR] 2025-12-31 00:16:20,248 DDP_Script [Rank 3] [INFO] DataLoader created with batch_size=32, num_workers=5
2025-12-31 00:24:11,701 [ERROR] (WorkerAgent) [8304] [job-cbdb9facc5cb ERR] 2025-12-31 00:16:20,264 DDP_Script [Rank 3] [INFO] local_steps=391, global_steps=391
2025-12-31 00:24:11,701 [ERROR] (WorkerAgent) [8304] [job-cbdb9facc5cb ERR] 2025-12-31 00:16:53,002 DDP_Script [Rank 3] [INFO] epoch 8 train step time: 32.74 seconds
2025-12-31 00:24:11,701 [ERROR] (WorkerAgent) [8304] [job-cbdb9facc5cb ERR] 2025-12-31 00:16:53,005 DDP_Script [Rank 3] [INFO] epoch 8 끝 (local_steps=391, global_steps=391)
2025-12-31 00:24:11,701 [ERROR] (WorkerAgent) [8304] [job-cbdb9facc5cb ERR] 2025-12-31 00:16:54,691 DDP_Script [Rank 3] [INFO] val acc 59.06%
2025-12-31 00:24:11,701 [ERROR] (WorkerAgent) [8304] [job-cbdb9facc5cb ERR] 2025-12-31 00:16:54,724 DDP_Script [Rank 3] [INFO] local_alloc: {'shard_pct': 0.25, 'batch_size': 32, 'lr': 0.00103094, 'num_workers': 6}
2025-12-31 00:24:11,701 [ERROR] (WorkerAgent) [8304] [job-cbdb9facc5cb ERR] 2025-12-31 00:16:59,348 DDP_Script [Rank 3] [INFO] epoch 9 시작
2025-12-31 00:24:11,701 [ERROR] (WorkerAgent) [8304] [job-cbdb9facc5cb ERR] 2025-12-31 00:16:59,364 DDP_Script [Rank 3] [INFO] DataLoader created with batch_size=32, num_workers=6
2025-12-31 00:24:11,701 [ERROR] (WorkerAgent) [8304] [job-cbdb9facc5cb ERR] 2025-12-31 00:16:59,374 DDP_Script [Rank 3] [INFO] local_steps=391, global_steps=391
2025-12-31 00:24:11,701 [ERROR] (WorkerAgent) [8304] [job-cbdb9facc5cb ERR] 2025-12-31 00:17:32,150 DDP_Script [Rank 3] [INFO] epoch 9 train step time: 32.78 seconds
2025-12-31 00:24:11,701 [ERROR] (WorkerAgent) [8304] [job-cbdb9facc5cb ERR] 2025-12-31 00:17:32,157 DDP_Script [Rank 3] [INFO] epoch 9 끝 (local_steps=391, global_steps=391)
2025-12-31 00:24:11,701 [ERROR] (WorkerAgent) [8304] [job-cbdb9facc5cb ERR] 2025-12-31 00:17:33,813 DDP_Script [Rank 3] [INFO] val acc 59.04%
2025-12-31 00:24:11,701 [ERROR] (WorkerAgent) [8304] [job-cbdb9facc5cb ERR] 2025-12-31 00:17:33,847 DDP_Script [Rank 3] [INFO] local_alloc: {'shard_pct': 0.25, 'batch_size': 32, 'lr': 0.00103096, 'num_workers': 5}
2025-12-31 00:24:11,701 [ERROR] (WorkerAgent) [8304] [job-cbdb9facc5cb ERR] 2025-12-31 00:17:43,230 DDP_Script [Rank 3] [INFO] epoch 10 시작
2025-12-31 00:24:11,702 [ERROR] (WorkerAgent) [8304] [job-cbdb9facc5cb ERR] 2025-12-31 00:17:43,247 DDP_Script [Rank 3] [INFO] DataLoader created with batch_size=32, num_workers=5
2025-12-31 00:24:11,702 [ERROR] (WorkerAgent) [8304] [job-cbdb9facc5cb ERR] 2025-12-31 00:17:43,250 DDP_Script [Rank 3] [INFO] local_steps=391, global_steps=391
2025-12-31 00:24:11,702 [ERROR] (WorkerAgent) [8304] [job-cbdb9facc5cb ERR] 2025-12-31 00:18:16,000 DDP_Script [Rank 3] [INFO] epoch 10 train step time: 32.75 seconds
2025-12-31 00:24:11,702 [ERROR] (WorkerAgent) [8304] [job-cbdb9facc5cb ERR] 2025-12-31 00:18:16,006 DDP_Script [Rank 3] [INFO] epoch 10 끝 (local_steps=391, global_steps=391)
2025-12-31 00:24:11,702 [ERROR] (WorkerAgent) [8304] [job-cbdb9facc5cb ERR] 2025-12-31 00:18:17,675 DDP_Script [Rank 3] [INFO] val acc 60.36%
2025-12-31 00:24:11,702 [ERROR] (WorkerAgent) [8304] [job-cbdb9facc5cb ERR] 2025-12-31 00:18:17,708 DDP_Script [Rank 3] [INFO] local_alloc: {'shard_pct': 0.25, 'batch_size': 32, 'lr': 0.00102964, 'num_workers': 5}
2025-12-31 00:24:11,702 [ERROR] (WorkerAgent) [8304] [job-cbdb9facc5cb ERR] 2025-12-31 00:18:18,142 DDP_Script [Rank 3] [INFO] epoch 11 시작
2025-12-31 00:24:11,702 [ERROR] (WorkerAgent) [8304] [job-cbdb9facc5cb ERR] 2025-12-31 00:18:18,157 DDP_Script [Rank 3] [INFO] DataLoader created with batch_size=32, num_workers=5
2025-12-31 00:24:11,702 [ERROR] (WorkerAgent) [8304] [job-cbdb9facc5cb ERR] 2025-12-31 00:18:18,166 DDP_Script [Rank 3] [INFO] local_steps=391, global_steps=391
2025-12-31 00:24:11,702 [ERROR] (WorkerAgent) [8304] [job-cbdb9facc5cb ERR] 2025-12-31 00:18:50,748 DDP_Script [Rank 3] [INFO] epoch 11 train step time: 32.58 seconds
2025-12-31 00:24:11,702 [ERROR] (WorkerAgent) [8304] [job-cbdb9facc5cb ERR] 2025-12-31 00:18:50,756 DDP_Script [Rank 3] [INFO] epoch 11 끝 (local_steps=391, global_steps=391)
2025-12-31 00:24:11,702 [ERROR] (WorkerAgent) [8304] [job-cbdb9facc5cb ERR] 2025-12-31 00:18:52,450 DDP_Script [Rank 3] [INFO] val acc 61.96%
2025-12-31 00:24:11,702 [ERROR] (WorkerAgent) [8304] [job-cbdb9facc5cb ERR] 2025-12-31 00:18:52,484 DDP_Script [Rank 3] [INFO] local_alloc: {'shard_pct': 0.25, 'batch_size': 32, 'lr': 0.00102804, 'num_workers': 5}
2025-12-31 00:24:11,702 [ERROR] (WorkerAgent) [8304] [job-cbdb9facc5cb ERR] 2025-12-31 00:18:52,874 DDP_Script [Rank 3] [INFO] epoch 12 시작
2025-12-31 00:24:11,702 [ERROR] (WorkerAgent) [8304] [job-cbdb9facc5cb ERR] 2025-12-31 00:18:52,889 DDP_Script [Rank 3] [INFO] DataLoader created with batch_size=32, num_workers=5
2025-12-31 00:24:11,703 [ERROR] (WorkerAgent) [8304] [job-cbdb9facc5cb ERR] 2025-12-31 00:18:52,891 DDP_Script [Rank 3] [INFO] local_steps=391, global_steps=391
2025-12-31 00:24:11,703 [ERROR] (WorkerAgent) [8304] [job-cbdb9facc5cb ERR] 2025-12-31 00:19:25,522 DDP_Script [Rank 3] [INFO] epoch 12 train step time: 32.63 seconds
2025-12-31 00:24:11,703 [ERROR] (WorkerAgent) [8304] [job-cbdb9facc5cb ERR] 2025-12-31 00:19:25,525 DDP_Script [Rank 3] [INFO] epoch 12 끝 (local_steps=391, global_steps=391)
2025-12-31 00:24:11,703 [ERROR] (WorkerAgent) [8304] [job-cbdb9facc5cb ERR] 2025-12-31 00:19:27,204 DDP_Script [Rank 3] [INFO] val acc 63.24%
2025-12-31 00:24:11,703 [ERROR] (WorkerAgent) [8304] [job-cbdb9facc5cb ERR] 2025-12-31 00:19:27,238 DDP_Script [Rank 3] [INFO] local_alloc: {'shard_pct': 0.25, 'batch_size': 32, 'lr': 0.0010267599999999998, 'num_workers': 5}
2025-12-31 00:24:11,703 [ERROR] (WorkerAgent) [8304] [job-cbdb9facc5cb ERR] 2025-12-31 00:19:27,715 DDP_Script [Rank 3] [INFO] epoch 13 시작
2025-12-31 00:24:11,703 [ERROR] (WorkerAgent) [8304] [job-cbdb9facc5cb ERR] 2025-12-31 00:19:27,731 DDP_Script [Rank 3] [INFO] DataLoader created with batch_size=32, num_workers=5
2025-12-31 00:24:11,703 [ERROR] (WorkerAgent) [8304] [job-cbdb9facc5cb ERR] 2025-12-31 00:19:27,767 DDP_Script [Rank 3] [INFO] local_steps=391, global_steps=391
2025-12-31 00:24:11,703 [ERROR] (WorkerAgent) [8304] [job-cbdb9facc5cb ERR] 2025-12-31 00:20:00,355 DDP_Script [Rank 3] [INFO] epoch 13 train step time: 32.59 seconds
2025-12-31 00:24:11,703 [ERROR] (WorkerAgent) [8304] [job-cbdb9facc5cb ERR] 2025-12-31 00:20:00,365 DDP_Script [Rank 3] [INFO] epoch 13 끝 (local_steps=391, global_steps=391)
2025-12-31 00:24:11,703 [ERROR] (WorkerAgent) [8304] [job-cbdb9facc5cb ERR] 2025-12-31 00:20:02,065 DDP_Script [Rank 3] [INFO] val acc 64.43%
2025-12-31 00:24:11,703 [ERROR] (WorkerAgent) [8304] [job-cbdb9facc5cb ERR] 2025-12-31 00:20:02,099 DDP_Script [Rank 3] [INFO] local_alloc: {'shard_pct': 0.25, 'batch_size': 32, 'lr': 0.0010255700000000002, 'num_workers': 5}
2025-12-31 00:24:11,703 [ERROR] (WorkerAgent) [8304] [job-cbdb9facc5cb ERR] 2025-12-31 00:20:02,499 DDP_Script [Rank 3] [INFO] epoch 14 시작
2025-12-31 00:24:11,703 [ERROR] (WorkerAgent) [8304] [job-cbdb9facc5cb ERR] 2025-12-31 00:20:02,515 DDP_Script [Rank 3] [INFO] DataLoader created with batch_size=32, num_workers=5
2025-12-31 00:24:11,703 [ERROR] (WorkerAgent) [8304] [job-cbdb9facc5cb ERR] 2025-12-31 00:20:02,517 DDP_Script [Rank 3] [INFO] local_steps=391, global_steps=391
2025-12-31 00:24:11,703 [ERROR] (WorkerAgent) [8304] [job-cbdb9facc5cb ERR] 2025-12-31 00:20:35,730 DDP_Script [Rank 3] [INFO] epoch 14 train step time: 33.21 seconds
2025-12-31 00:24:11,703 [ERROR] (WorkerAgent) [8304] [job-cbdb9facc5cb ERR] 2025-12-31 00:20:35,746 DDP_Script [Rank 3] [INFO] epoch 14 끝 (local_steps=391, global_steps=391)
2025-12-31 00:24:11,703 [ERROR] (WorkerAgent) [8304] [job-cbdb9facc5cb ERR] 2025-12-31 00:20:37,432 DDP_Script [Rank 3] [INFO] val acc 63.98%
2025-12-31 00:24:11,703 [ERROR] (WorkerAgent) [8304] [job-cbdb9facc5cb ERR] 2025-12-31 00:20:37,466 DDP_Script [Rank 3] [INFO] local_alloc: {'shard_pct': 0.25, 'batch_size': 32, 'lr': 0.0010260199999999999, 'num_workers': 6}
2025-12-31 00:24:11,704 [ERROR] (WorkerAgent) [8304] [job-cbdb9facc5cb ERR] 2025-12-31 00:20:37,897 DDP_Script [Rank 3] [INFO] epoch 15 시작
2025-12-31 00:24:11,704 [ERROR] (WorkerAgent) [8304] [job-cbdb9facc5cb ERR] 2025-12-31 00:20:37,912 DDP_Script [Rank 3] [INFO] DataLoader created with batch_size=32, num_workers=6
2025-12-31 00:24:11,704 [ERROR] (WorkerAgent) [8304] [job-cbdb9facc5cb ERR] 2025-12-31 00:20:37,921 DDP_Script [Rank 3] [INFO] local_steps=391, global_steps=391
2025-12-31 00:24:11,704 [ERROR] (WorkerAgent) [8304] [job-cbdb9facc5cb ERR] 2025-12-31 00:21:10,903 DDP_Script [Rank 3] [INFO] epoch 15 train step time: 32.98 seconds
2025-12-31 00:24:11,704 [ERROR] (WorkerAgent) [8304] [job-cbdb9facc5cb ERR] 2025-12-31 00:21:10,909 DDP_Script [Rank 3] [INFO] epoch 15 끝 (local_steps=391, global_steps=391)
2025-12-31 00:24:11,704 [ERROR] (WorkerAgent) [8304] [job-cbdb9facc5cb ERR] 2025-12-31 00:21:12,658 DDP_Script [Rank 3] [INFO] val acc 64.44%
2025-12-31 00:24:11,704 [ERROR] (WorkerAgent) [8304] [job-cbdb9facc5cb ERR] 2025-12-31 00:21:12,692 DDP_Script [Rank 3] [INFO] local_alloc: {'shard_pct': 0.25, 'batch_size': 32, 'lr': 0.00102556, 'num_workers': 5}
2025-12-31 00:24:11,704 [ERROR] (WorkerAgent) [8304] [job-cbdb9facc5cb ERR] 2025-12-31 00:21:13,063 DDP_Script [Rank 3] [INFO] epoch 16 시작
2025-12-31 00:24:11,704 [ERROR] (WorkerAgent) [8304] [job-cbdb9facc5cb ERR] 2025-12-31 00:21:13,080 DDP_Script [Rank 3] [INFO] DataLoader created with batch_size=32, num_workers=5
2025-12-31 00:24:11,704 [ERROR] (WorkerAgent) [8304] [job-cbdb9facc5cb ERR] 2025-12-31 00:21:13,084 DDP_Script [Rank 3] [INFO] local_steps=391, global_steps=391
2025-12-31 00:24:11,704 [ERROR] (WorkerAgent) [8304] [job-cbdb9facc5cb ERR] 2025-12-31 00:21:45,860 DDP_Script [Rank 3] [INFO] epoch 16 train step time: 32.78 seconds
2025-12-31 00:24:11,704 [ERROR] (WorkerAgent) [8304] [job-cbdb9facc5cb ERR] 2025-12-31 00:21:45,872 DDP_Script [Rank 3] [INFO] epoch 16 끝 (local_steps=391, global_steps=391)
2025-12-31 00:24:11,704 [ERROR] (WorkerAgent) [8304] [job-cbdb9facc5cb ERR] 2025-12-31 00:21:47,581 DDP_Script [Rank 3] [INFO] val acc 64.16%
2025-12-31 00:24:11,704 [ERROR] (WorkerAgent) [8304] [job-cbdb9facc5cb ERR] 2025-12-31 00:21:47,615 DDP_Script [Rank 3] [INFO] local_alloc: {'shard_pct': 0.25, 'batch_size': 32, 'lr': 0.00102584, 'num_workers': 6}
2025-12-31 00:24:11,704 [ERROR] (WorkerAgent) [8304] [job-cbdb9facc5cb ERR] 2025-12-31 00:21:47,998 DDP_Script [Rank 3] [INFO] epoch 17 시작
2025-12-31 00:24:11,704 [ERROR] (WorkerAgent) [8304] [job-cbdb9facc5cb ERR] 2025-12-31 00:21:48,015 DDP_Script [Rank 3] [INFO] DataLoader created with batch_size=32, num_workers=6
2025-12-31 00:24:11,704 [ERROR] (WorkerAgent) [8304] [job-cbdb9facc5cb ERR] 2025-12-31 00:21:48,016 DDP_Script [Rank 3] [INFO] local_steps=391, global_steps=391
2025-12-31 00:24:11,704 [ERROR] (WorkerAgent) [8304] [job-cbdb9facc5cb ERR] 2025-12-31 00:22:20,939 DDP_Script [Rank 3] [INFO] epoch 17 train step time: 32.92 seconds
2025-12-31 00:24:11,704 [ERROR] (WorkerAgent) [8304] [job-cbdb9facc5cb ERR] 2025-12-31 00:22:20,949 DDP_Script [Rank 3] [INFO] epoch 17 끝 (local_steps=391, global_steps=391)
2025-12-31 00:24:11,705 [ERROR] (WorkerAgent) [8304] [job-cbdb9facc5cb ERR] 2025-12-31 00:22:22,598 DDP_Script [Rank 3] [INFO] val acc 64.03%
2025-12-31 00:24:11,705 [ERROR] (WorkerAgent) [8304] [job-cbdb9facc5cb ERR] 2025-12-31 00:22:22,621 DDP_Script [Rank 3] [INFO] local_alloc: {'shard_pct': 0.25, 'batch_size': 32, 'lr': 0.00102597, 'num_workers': 5}
2025-12-31 00:24:11,705 [ERROR] (WorkerAgent) [8304] [job-cbdb9facc5cb ERR] 2025-12-31 00:22:23,011 DDP_Script [Rank 3] [INFO] epoch 18 시작
2025-12-31 00:24:11,705 [ERROR] (WorkerAgent) [8304] [job-cbdb9facc5cb ERR] 2025-12-31 00:22:23,035 DDP_Script [Rank 3] [INFO] DataLoader created with batch_size=32, num_workers=5
2025-12-31 00:24:11,705 [ERROR] (WorkerAgent) [8304] [job-cbdb9facc5cb ERR] 2025-12-31 00:22:23,041 DDP_Script [Rank 3] [INFO] local_steps=391, global_steps=391
2025-12-31 00:24:11,705 [ERROR] (WorkerAgent) [8304] [job-cbdb9facc5cb ERR] 2025-12-31 00:22:56,195 DDP_Script [Rank 3] [INFO] epoch 18 train step time: 33.15 seconds
2025-12-31 00:24:11,705 [ERROR] (WorkerAgent) [8304] [job-cbdb9facc5cb ERR] 2025-12-31 00:22:56,204 DDP_Script [Rank 3] [INFO] epoch 18 끝 (local_steps=391, global_steps=391)
2025-12-31 00:24:11,705 [ERROR] (WorkerAgent) [8304] [job-cbdb9facc5cb ERR] 2025-12-31 00:22:57,870 DDP_Script [Rank 3] [INFO] val acc 64.31%
2025-12-31 00:24:11,705 [ERROR] (WorkerAgent) [8304] [job-cbdb9facc5cb ERR] 2025-12-31 00:22:57,903 DDP_Script [Rank 3] [INFO] local_alloc: {'shard_pct': 0.25, 'batch_size': 32, 'lr': 0.0010256900000000001, 'num_workers': 5}
2025-12-31 00:24:11,705 [ERROR] (WorkerAgent) [8304] [job-cbdb9facc5cb ERR] 2025-12-31 00:22:58,268 DDP_Script [Rank 3] [INFO] epoch 19 시작
2025-12-31 00:24:11,705 [ERROR] (WorkerAgent) [8304] [job-cbdb9facc5cb ERR] 2025-12-31 00:22:58,290 DDP_Script [Rank 3] [INFO] DataLoader created with batch_size=32, num_workers=5
2025-12-31 00:24:11,705 [ERROR] (WorkerAgent) [8304] [job-cbdb9facc5cb ERR] 2025-12-31 00:22:58,293 DDP_Script [Rank 3] [INFO] local_steps=391, global_steps=391
2025-12-31 00:24:11,705 [ERROR] (WorkerAgent) [8304] [job-cbdb9facc5cb ERR] 2025-12-31 00:23:31,573 DDP_Script [Rank 3] [INFO] epoch 19 train step time: 33.28 seconds
2025-12-31 00:24:11,705 [ERROR] (WorkerAgent) [8304] [job-cbdb9facc5cb ERR] 2025-12-31 00:23:31,584 DDP_Script [Rank 3] [INFO] epoch 19 끝 (local_steps=391, global_steps=391)
2025-12-31 00:24:11,705 [ERROR] (WorkerAgent) [8304] [job-cbdb9facc5cb ERR] 2025-12-31 00:23:33,252 DDP_Script [Rank 3] [INFO] val acc 65.60%
2025-12-31 00:24:11,705 [ERROR] (WorkerAgent) [8304] [job-cbdb9facc5cb ERR] 2025-12-31 00:23:33,285 DDP_Script [Rank 3] [INFO] local_alloc: {'shard_pct': 0.25, 'batch_size': 32, 'lr': 0.0010244, 'num_workers': 6}
2025-12-31 00:24:11,705 [ERROR] (WorkerAgent) [8304] [job-cbdb9facc5cb ERR] 2025-12-31 00:23:33,660 DDP_Script [Rank 3] [INFO] epoch 20 시작
2025-12-31 00:24:11,705 [ERROR] (WorkerAgent) [8304] [job-cbdb9facc5cb ERR] 2025-12-31 00:23:33,677 DDP_Script [Rank 3] [INFO] DataLoader created with batch_size=32, num_workers=6
2025-12-31 00:24:11,705 [ERROR] (WorkerAgent) [8304] [job-cbdb9facc5cb ERR] 2025-12-31 00:23:33,681 DDP_Script [Rank 3] [INFO] local_steps=391, global_steps=391
2025-12-31 00:24:11,705 [ERROR] (WorkerAgent) [8304] [job-cbdb9facc5cb ERR] 2025-12-31 00:24:06,812 DDP_Script [Rank 3] [INFO] epoch 20 train step time: 33.13 seconds
2025-12-31 00:24:11,706 [ERROR] (WorkerAgent) [8304] [job-cbdb9facc5cb ERR] 2025-12-31 00:24:06,815 DDP_Script [Rank 3] [INFO] epoch 20 끝 (local_steps=391, global_steps=391)
2025-12-31 00:24:11,706 [ERROR] (WorkerAgent) [8304] [job-cbdb9facc5cb ERR] 2025-12-31 00:24:08,584 DDP_Script [Rank 3] [INFO] val acc 65.00%
2025-12-31 00:24:11,706 [ERROR] (WorkerAgent) [8304] [job-cbdb9facc5cb ERR] 2025-12-31 00:24:08,618 DDP_Script [Rank 3] [INFO] local_alloc: {'shard_pct': 0.25, 'batch_size': 32, 'lr': 0.0010249999999999999, 'num_workers': 5}
2025-12-31 00:24:11,706 [ERROR] (WorkerAgent) [8304] [job-cbdb9facc5cb ERR] 2025-12-31 00:24:08,986 DDP_Script [Rank 3] [INFO] Training loop finished.
2025-12-31 00:24:11,853 [INFO] (WorkerAgent) [8304] [job-cbdb9facc5cb] Process finished. Return Code: 0
2025-12-31 00:27:41,442 [INFO] (WorkerAgent) [8304] [job-2e97bb2c6462] Launch Request received.
2025-12-31 00:27:41,451 [INFO] (WorkerAgent) [8304] [job-2e97bb2c6462] Launched attempt 1 with STOP_FLAG_PATH=/tmp/job-2e97bb2c6462-attempt-1.flag, pid=759510
INFO:     163.180.117.216:41786 - "POST /launch_task HTTP/1.1" 200 OK
2025-12-31 00:27:48,305 [INFO] (WorkerAgent) [8304] [job-2e97bb2c6462 OUT] Current CUDA device index: 0
2025-12-31 00:27:48,305 [INFO] (WorkerAgent) [8304] [job-2e97bb2c6462 OUT] Current CUDA device name: NVIDIA RTX A5000
2025-12-31 00:27:48,305 [INFO] (WorkerAgent) [8304] [job-2e97bb2c6462 OUT] Master address: 163.180.160.62, port: 29505
2025-12-31 00:27:48,311 [INFO] (WorkerAgent) [8304] [job-2e97bb2c6462 OUT] [Gloo] Rank 0 is connected to 0 peer ranks. Expected number of connected peer ranks is : 0
2025-12-31 00:50:21,636 [ERROR] (WorkerAgent) [8304] [job-2e97bb2c6462 ERR] 2025-12-31 00:27:48,305 DDP_Script [Rank 0] [INFO] Node rank: 0, world size: 1
2025-12-31 00:50:21,636 [ERROR] (WorkerAgent) [8304] [job-2e97bb2c6462 ERR] 2025-12-31 00:27:48,311 DDP_Script [Rank 0] [INFO] Process group initialized: 163.180.160.62:29505
2025-12-31 00:50:21,636 [ERROR] (WorkerAgent) [8304] [job-2e97bb2c6462 ERR] 2025-12-31 00:27:48,311 DDP_Script [Rank 0] [INFO] Rank 0/1 initialized
2025-12-31 00:50:21,636 [ERROR] (WorkerAgent) [8304] [job-2e97bb2c6462 ERR] /data/breath12/anaconda3/envs/Dist2/lib/python3.9/site-packages/torchvision/models/_utils.py:208: UserWarning: The parameter 'pretrained' is deprecated since 0.13 and may be removed in the future, please use 'weights' instead.
2025-12-31 00:50:21,636 [ERROR] (WorkerAgent) [8304] [job-2e97bb2c6462 ERR]   warnings.warn(
2025-12-31 00:50:21,637 [ERROR] (WorkerAgent) [8304] [job-2e97bb2c6462 ERR] /data/breath12/anaconda3/envs/Dist2/lib/python3.9/site-packages/torchvision/models/_utils.py:223: UserWarning: Arguments other than a weight enum or `None` for 'weights' are deprecated since 0.13 and may be removed in the future. The current behavior is equivalent to passing `weights=None`.
2025-12-31 00:50:21,637 [ERROR] (WorkerAgent) [8304] [job-2e97bb2c6462 ERR]   warnings.warn(msg)
2025-12-31 00:50:21,637 [ERROR] (WorkerAgent) [8304] [job-2e97bb2c6462 ERR] 2025-12-31 00:27:50,071 DDP_Script [Rank 0] [INFO] Model, DDP, criterion, optimizer initialized
2025-12-31 00:50:21,637 [ERROR] (WorkerAgent) [8304] [job-2e97bb2c6462 ERR] 2025-12-31 00:27:50,122 DDP_Script [Rank 0] [INFO] Modules initialized
2025-12-31 00:50:21,637 [ERROR] (WorkerAgent) [8304] [job-2e97bb2c6462 ERR] 2025-12-31 00:27:50,124 DDP_Script [Rank 0] [INFO] Checkpoint directory created: ./checkpoints/job-2e97bb2c6462
2025-12-31 00:50:21,637 [ERROR] (WorkerAgent) [8304] [job-2e97bb2c6462 ERR] 2025-12-31 00:27:50,124 DDP_Script [Rank 0] [INFO] Starting training from scratch (epoch 1).
2025-12-31 00:50:21,637 [ERROR] (WorkerAgent) [8304] [job-2e97bb2c6462 ERR] 2025-12-31 00:27:50,125 DDP_Script [Rank 0] [INFO] epoch 1 시작
2025-12-31 00:50:21,637 [ERROR] (WorkerAgent) [8304] [job-2e97bb2c6462 ERR] 2025-12-31 00:27:50,160 DDP_Script [Rank 0] [INFO] DataLoader created with batch_size=32, num_workers=4
2025-12-31 00:50:21,637 [ERROR] (WorkerAgent) [8304] [job-2e97bb2c6462 ERR] 2025-12-31 00:27:50,161 DDP_Script [Rank 0] [INFO] 모든 노드 중 max_steps = 1563
2025-12-31 00:50:21,637 [ERROR] (WorkerAgent) [8304] [job-2e97bb2c6462 ERR] 2025-12-31 00:27:50,161 DDP_Script [Rank 0] [INFO] local_steps=1563, global_steps=1563
2025-12-31 00:50:21,637 [ERROR] (WorkerAgent) [8304] [job-2e97bb2c6462 ERR] 2025-12-31 00:28:50,934 DDP_Script [Rank 0] [INFO] epoch 1 train step time: 60.77 seconds
2025-12-31 00:50:21,637 [ERROR] (WorkerAgent) [8304] [job-2e97bb2c6462 ERR] 2025-12-31 00:28:50,935 DDP_Script [Rank 0] [INFO] epoch 1 끝 (local_steps=1563, global_steps=1563)
2025-12-31 00:50:21,637 [ERROR] (WorkerAgent) [8304] [job-2e97bb2c6462 ERR] 2025-12-31 00:28:51,091 httpx [INFO] HTTP Request: POST http://163.180.117.216:8000/report_job_metrics "HTTP/1.1 200 OK"
2025-12-31 00:50:21,637 [ERROR] (WorkerAgent) [8304] [job-2e97bb2c6462 ERR] 2025-12-31 00:28:51,122 httpx [INFO] HTTP Request: POST http://163.180.117.216:8000/report_progress "HTTP/1.1 200 OK"
2025-12-31 00:50:21,637 [ERROR] (WorkerAgent) [8304] [job-2e97bb2c6462 ERR] 2025-12-31 00:28:56,400 DDP_Script [Rank 0] [INFO] val acc 17.32%
2025-12-31 00:50:21,637 [ERROR] (WorkerAgent) [8304] [job-2e97bb2c6462 ERR] 2025-12-31 00:28:56,414 DDP_Script [Rank 0] [INFO] CKF x_filt vector: [array([-0.0285632]), array([0.00318036]), array([0.01654448]), array([-0.00517776]), array([-0.02830636]), array([-0.00540674]), array([-0.01007808]), array([0.00692854])]
2025-12-31 00:50:21,637 [ERROR] (WorkerAgent) [8304] [job-2e97bb2c6462 ERR] 2025-12-31 00:28:56,414 DDP_Script [Rank 0] [INFO] allocation results: [{'shard_pct': 0.5, 'batch_size': 32, 'lr': 0.0010726800000000001, 'num_workers': 4}]
2025-12-31 00:50:21,637 [ERROR] (WorkerAgent) [8304] [job-2e97bb2c6462 ERR] 2025-12-31 00:28:56,415 DDP_Script [Rank 0] [INFO] local_alloc: {'shard_pct': 1.0, 'batch_size': 32, 'lr': 0.0010726800000000001, 'num_workers': 4}
2025-12-31 00:50:21,638 [ERROR] (WorkerAgent) [8304] [job-2e97bb2c6462 ERR] 2025-12-31 00:28:56,433 DDP_Script [Rank 0] [INFO] Saving checkpoint to ./checkpoints/job-2e97bb2c6462/latest_checkpoint.pth ...
2025-12-31 00:50:21,638 [ERROR] (WorkerAgent) [8304] [job-2e97bb2c6462 ERR] 2025-12-31 00:28:56,825 DDP_Script [Rank 0] [INFO] Successfully reported epoch 1/20 (Acc: 17.32%) to global server.
2025-12-31 00:50:21,638 [ERROR] (WorkerAgent) [8304] [job-2e97bb2c6462 ERR] 2025-12-31 00:28:56,826 DDP_Script [Rank 0] [INFO] epoch 2 시작
2025-12-31 00:50:21,638 [ERROR] (WorkerAgent) [8304] [job-2e97bb2c6462 ERR] 2025-12-31 00:28:56,842 DDP_Script [Rank 0] [INFO] DataLoader created with batch_size=32, num_workers=4
2025-12-31 00:50:21,638 [ERROR] (WorkerAgent) [8304] [job-2e97bb2c6462 ERR] 2025-12-31 00:28:56,844 DDP_Script [Rank 0] [INFO] 모든 노드 중 max_steps = 1563
2025-12-31 00:50:21,638 [ERROR] (WorkerAgent) [8304] [job-2e97bb2c6462 ERR] 2025-12-31 00:28:56,844 DDP_Script [Rank 0] [INFO] local_steps=1563, global_steps=1563
2025-12-31 00:50:21,638 [ERROR] (WorkerAgent) [8304] [job-2e97bb2c6462 ERR] 2025-12-31 00:29:56,423 DDP_Script [Rank 0] [INFO] epoch 2 train step time: 59.55 seconds
2025-12-31 00:50:21,638 [ERROR] (WorkerAgent) [8304] [job-2e97bb2c6462 ERR] 2025-12-31 00:29:56,424 DDP_Script [Rank 0] [INFO] epoch 2 끝 (local_steps=1563, global_steps=1563)
2025-12-31 00:50:21,638 [ERROR] (WorkerAgent) [8304] [job-2e97bb2c6462 ERR] 2025-12-31 00:29:56,471 httpx [INFO] HTTP Request: POST http://163.180.117.216:8000/report_job_metrics "HTTP/1.1 200 OK"
2025-12-31 00:50:21,638 [ERROR] (WorkerAgent) [8304] [job-2e97bb2c6462 ERR] 2025-12-31 00:29:56,507 httpx [INFO] HTTP Request: POST http://163.180.117.216:8000/report_progress "HTTP/1.1 200 OK"
2025-12-31 00:50:21,638 [ERROR] (WorkerAgent) [8304] [job-2e97bb2c6462 ERR] 2025-12-31 00:30:01,739 DDP_Script [Rank 0] [INFO] val acc 32.77%
2025-12-31 00:50:21,638 [ERROR] (WorkerAgent) [8304] [job-2e97bb2c6462 ERR] 2025-12-31 00:30:01,764 DDP_Script [Rank 0] [INFO] CKF x_filt vector: [array([-0.0160949]), array([0.01364226]), array([0.01771562]), array([-0.01271536]), array([-0.02506676]), array([0.03008033]), array([0.00780043]), array([0.00781409])]
2025-12-31 00:50:21,638 [ERROR] (WorkerAgent) [8304] [job-2e97bb2c6462 ERR] 2025-12-31 00:30:01,764 DDP_Script [Rank 0] [INFO] allocation results: [{'shard_pct': 0.5, 'batch_size': 32, 'lr': 0.0010572300000000001, 'num_workers': 4}]
2025-12-31 00:50:21,638 [ERROR] (WorkerAgent) [8304] [job-2e97bb2c6462 ERR] 2025-12-31 00:30:01,765 DDP_Script [Rank 0] [INFO] local_alloc: {'shard_pct': 1.0, 'batch_size': 32, 'lr': 0.0010572300000000001, 'num_workers': 4}
2025-12-31 00:50:21,638 [ERROR] (WorkerAgent) [8304] [job-2e97bb2c6462 ERR] 2025-12-31 00:30:01,773 DDP_Script [Rank 0] [INFO] Saving checkpoint to ./checkpoints/job-2e97bb2c6462/latest_checkpoint.pth ...
2025-12-31 00:50:21,638 [ERROR] (WorkerAgent) [8304] [job-2e97bb2c6462 ERR] 2025-12-31 00:30:02,155 DDP_Script [Rank 0] [INFO] Successfully reported epoch 2/20 (Acc: 32.77%) to global server.
2025-12-31 00:50:21,638 [ERROR] (WorkerAgent) [8304] [job-2e97bb2c6462 ERR] 2025-12-31 00:30:02,156 DDP_Script [Rank 0] [INFO] epoch 3 시작
2025-12-31 00:50:21,638 [ERROR] (WorkerAgent) [8304] [job-2e97bb2c6462 ERR] 2025-12-31 00:30:02,173 DDP_Script [Rank 0] [INFO] DataLoader created with batch_size=32, num_workers=4
2025-12-31 00:50:21,638 [ERROR] (WorkerAgent) [8304] [job-2e97bb2c6462 ERR] 2025-12-31 00:30:02,174 DDP_Script [Rank 0] [INFO] 모든 노드 중 max_steps = 1563
2025-12-31 00:50:21,638 [ERROR] (WorkerAgent) [8304] [job-2e97bb2c6462 ERR] 2025-12-31 00:30:02,174 DDP_Script [Rank 0] [INFO] local_steps=1563, global_steps=1563
2025-12-31 00:50:21,639 [ERROR] (WorkerAgent) [8304] [job-2e97bb2c6462 ERR] 2025-12-31 00:31:03,102 DDP_Script [Rank 0] [INFO] epoch 3 train step time: 60.93 seconds
2025-12-31 00:50:21,639 [ERROR] (WorkerAgent) [8304] [job-2e97bb2c6462 ERR] 2025-12-31 00:31:03,103 DDP_Script [Rank 0] [INFO] epoch 3 끝 (local_steps=1563, global_steps=1563)
2025-12-31 00:50:21,639 [ERROR] (WorkerAgent) [8304] [job-2e97bb2c6462 ERR] 2025-12-31 00:31:03,147 httpx [INFO] HTTP Request: POST http://163.180.117.216:8000/report_job_metrics "HTTP/1.1 200 OK"
2025-12-31 00:50:21,639 [ERROR] (WorkerAgent) [8304] [job-2e97bb2c6462 ERR] 2025-12-31 00:31:03,176 httpx [INFO] HTTP Request: POST http://163.180.117.216:8000/report_progress "HTTP/1.1 200 OK"
2025-12-31 00:50:21,639 [ERROR] (WorkerAgent) [8304] [job-2e97bb2c6462 ERR] 2025-12-31 00:31:08,332 DDP_Script [Rank 0] [INFO] val acc 42.45%
2025-12-31 00:50:21,639 [ERROR] (WorkerAgent) [8304] [job-2e97bb2c6462 ERR] 2025-12-31 00:31:08,350 DDP_Script [Rank 0] [INFO] CKF x_filt vector: [array([0.00682358]), array([0.00013123]), array([0.01608726]), array([-0.01136241]), array([-0.01498151]), array([0.00507679]), array([-0.01791712]), array([0.03174238])]
2025-12-31 00:50:21,639 [ERROR] (WorkerAgent) [8304] [job-2e97bb2c6462 ERR] 2025-12-31 00:31:08,350 DDP_Script [Rank 0] [INFO] allocation results: [{'shard_pct': 0.5, 'batch_size': 32, 'lr': 0.00104755, 'num_workers': 4}]
2025-12-31 00:50:21,639 [ERROR] (WorkerAgent) [8304] [job-2e97bb2c6462 ERR] 2025-12-31 00:31:08,351 DDP_Script [Rank 0] [INFO] local_alloc: {'shard_pct': 1.0, 'batch_size': 32, 'lr': 0.00104755, 'num_workers': 4}
2025-12-31 00:50:21,639 [ERROR] (WorkerAgent) [8304] [job-2e97bb2c6462 ERR] 2025-12-31 00:31:08,378 DDP_Script [Rank 0] [INFO] Saving checkpoint to ./checkpoints/job-2e97bb2c6462/latest_checkpoint.pth ...
2025-12-31 00:50:21,639 [ERROR] (WorkerAgent) [8304] [job-2e97bb2c6462 ERR] 2025-12-31 00:31:08,818 DDP_Script [Rank 0] [INFO] Successfully reported epoch 3/20 (Acc: 42.45%) to global server.
2025-12-31 00:50:21,639 [ERROR] (WorkerAgent) [8304] [job-2e97bb2c6462 ERR] 2025-12-31 00:31:08,819 DDP_Script [Rank 0] [INFO] epoch 4 시작
2025-12-31 00:50:21,639 [ERROR] (WorkerAgent) [8304] [job-2e97bb2c6462 ERR] 2025-12-31 00:31:08,837 DDP_Script [Rank 0] [INFO] DataLoader created with batch_size=32, num_workers=4
2025-12-31 00:50:21,639 [ERROR] (WorkerAgent) [8304] [job-2e97bb2c6462 ERR] 2025-12-31 00:31:08,838 DDP_Script [Rank 0] [INFO] 모든 노드 중 max_steps = 1563
2025-12-31 00:50:21,639 [ERROR] (WorkerAgent) [8304] [job-2e97bb2c6462 ERR] 2025-12-31 00:31:08,838 DDP_Script [Rank 0] [INFO] local_steps=1563, global_steps=1563
2025-12-31 00:50:21,639 [ERROR] (WorkerAgent) [8304] [job-2e97bb2c6462 ERR] 2025-12-31 00:32:10,345 DDP_Script [Rank 0] [INFO] epoch 4 train step time: 61.51 seconds
2025-12-31 00:50:21,639 [ERROR] (WorkerAgent) [8304] [job-2e97bb2c6462 ERR] 2025-12-31 00:32:10,347 DDP_Script [Rank 0] [INFO] epoch 4 끝 (local_steps=1563, global_steps=1563)
2025-12-31 00:50:21,639 [ERROR] (WorkerAgent) [8304] [job-2e97bb2c6462 ERR] 2025-12-31 00:32:10,391 httpx [INFO] HTTP Request: POST http://163.180.117.216:8000/report_job_metrics "HTTP/1.1 200 OK"
2025-12-31 00:50:21,639 [ERROR] (WorkerAgent) [8304] [job-2e97bb2c6462 ERR] 2025-12-31 00:32:10,420 httpx [INFO] HTTP Request: POST http://163.180.117.216:8000/report_progress "HTTP/1.1 200 OK"
2025-12-31 00:50:21,639 [ERROR] (WorkerAgent) [8304] [job-2e97bb2c6462 ERR] 2025-12-31 00:32:15,590 DDP_Script [Rank 0] [INFO] val acc 48.21%
2025-12-31 00:50:21,640 [ERROR] (WorkerAgent) [8304] [job-2e97bb2c6462 ERR] 2025-12-31 00:32:15,616 DDP_Script [Rank 0] [INFO] CKF x_filt vector: [array([-0.00470723]), array([0.02374666]), array([-0.00900209]), array([-0.01291026]), array([-0.03874525]), array([0.00952978]), array([-0.0120918]), array([0.03286375])]
2025-12-31 00:50:21,640 [ERROR] (WorkerAgent) [8304] [job-2e97bb2c6462 ERR] 2025-12-31 00:32:15,616 DDP_Script [Rank 0] [INFO] allocation results: [{'shard_pct': 0.5, 'batch_size': 32, 'lr': 0.0010417900000000001, 'num_workers': 4}]
2025-12-31 00:50:21,640 [ERROR] (WorkerAgent) [8304] [job-2e97bb2c6462 ERR] 2025-12-31 00:32:15,616 DDP_Script [Rank 0] [INFO] local_alloc: {'shard_pct': 1.0, 'batch_size': 32, 'lr': 0.0010417900000000001, 'num_workers': 4}
2025-12-31 00:50:21,640 [ERROR] (WorkerAgent) [8304] [job-2e97bb2c6462 ERR] 2025-12-31 00:32:15,629 DDP_Script [Rank 0] [INFO] Saving checkpoint to ./checkpoints/job-2e97bb2c6462/latest_checkpoint.pth ...
2025-12-31 00:50:21,640 [ERROR] (WorkerAgent) [8304] [job-2e97bb2c6462 ERR] 2025-12-31 00:32:16,072 DDP_Script [Rank 0] [INFO] Successfully reported epoch 4/20 (Acc: 48.21%) to global server.
2025-12-31 00:50:21,640 [ERROR] (WorkerAgent) [8304] [job-2e97bb2c6462 ERR] 2025-12-31 00:32:16,073 DDP_Script [Rank 0] [INFO] epoch 5 시작
2025-12-31 00:50:21,640 [ERROR] (WorkerAgent) [8304] [job-2e97bb2c6462 ERR] 2025-12-31 00:32:16,096 DDP_Script [Rank 0] [INFO] DataLoader created with batch_size=32, num_workers=4
2025-12-31 00:50:21,640 [ERROR] (WorkerAgent) [8304] [job-2e97bb2c6462 ERR] 2025-12-31 00:32:16,097 DDP_Script [Rank 0] [INFO] 모든 노드 중 max_steps = 1563
2025-12-31 00:50:21,640 [ERROR] (WorkerAgent) [8304] [job-2e97bb2c6462 ERR] 2025-12-31 00:32:16,097 DDP_Script [Rank 0] [INFO] local_steps=1563, global_steps=1563
2025-12-31 00:50:21,640 [ERROR] (WorkerAgent) [8304] [job-2e97bb2c6462 ERR] 2025-12-31 00:33:18,404 DDP_Script [Rank 0] [INFO] epoch 5 train step time: 62.31 seconds
2025-12-31 00:50:21,640 [ERROR] (WorkerAgent) [8304] [job-2e97bb2c6462 ERR] 2025-12-31 00:33:18,405 DDP_Script [Rank 0] [INFO] epoch 5 끝 (local_steps=1563, global_steps=1563)
2025-12-31 00:50:21,640 [ERROR] (WorkerAgent) [8304] [job-2e97bb2c6462 ERR] 2025-12-31 00:33:18,450 httpx [INFO] HTTP Request: POST http://163.180.117.216:8000/report_job_metrics "HTTP/1.1 200 OK"
2025-12-31 00:50:21,640 [ERROR] (WorkerAgent) [8304] [job-2e97bb2c6462 ERR] 2025-12-31 00:33:18,480 httpx [INFO] HTTP Request: POST http://163.180.117.216:8000/report_progress "HTTP/1.1 200 OK"
2025-12-31 00:50:21,640 [ERROR] (WorkerAgent) [8304] [job-2e97bb2c6462 ERR] 2025-12-31 00:33:23,592 DDP_Script [Rank 0] [INFO] val acc 55.03%
2025-12-31 00:50:21,640 [ERROR] (WorkerAgent) [8304] [job-2e97bb2c6462 ERR] 2025-12-31 00:33:23,617 DDP_Script [Rank 0] [INFO] CKF x_filt vector: [array([-0.00831568]), array([0.02812404]), array([-0.01985765]), array([0.01072378]), array([-0.0016629]), array([0.00041056]), array([0.00942245]), array([0.00566913])]
2025-12-31 00:50:21,640 [ERROR] (WorkerAgent) [8304] [job-2e97bb2c6462 ERR] 2025-12-31 00:33:23,617 DDP_Script [Rank 0] [INFO] allocation results: [{'shard_pct': 0.5, 'batch_size': 32, 'lr': 0.00103497, 'num_workers': 4}]
2025-12-31 00:50:21,640 [ERROR] (WorkerAgent) [8304] [job-2e97bb2c6462 ERR] 2025-12-31 00:33:23,617 DDP_Script [Rank 0] [INFO] local_alloc: {'shard_pct': 1.0, 'batch_size': 32, 'lr': 0.00103497, 'num_workers': 4}
2025-12-31 00:50:21,640 [ERROR] (WorkerAgent) [8304] [job-2e97bb2c6462 ERR] 2025-12-31 00:33:23,638 DDP_Script [Rank 0] [INFO] Saving checkpoint to ./checkpoints/job-2e97bb2c6462/latest_checkpoint.pth ...
2025-12-31 00:50:21,641 [ERROR] (WorkerAgent) [8304] [job-2e97bb2c6462 ERR] 2025-12-31 00:33:24,051 DDP_Script [Rank 0] [INFO] Successfully reported epoch 5/20 (Acc: 55.03%) to global server.
2025-12-31 00:50:21,641 [ERROR] (WorkerAgent) [8304] [job-2e97bb2c6462 ERR] 2025-12-31 00:33:24,052 DDP_Script [Rank 0] [INFO] epoch 6 시작
2025-12-31 00:50:21,641 [ERROR] (WorkerAgent) [8304] [job-2e97bb2c6462 ERR] 2025-12-31 00:33:24,067 DDP_Script [Rank 0] [INFO] DataLoader created with batch_size=32, num_workers=4
2025-12-31 00:50:21,641 [ERROR] (WorkerAgent) [8304] [job-2e97bb2c6462 ERR] 2025-12-31 00:33:24,069 DDP_Script [Rank 0] [INFO] 모든 노드 중 max_steps = 1563
2025-12-31 00:50:21,641 [ERROR] (WorkerAgent) [8304] [job-2e97bb2c6462 ERR] 2025-12-31 00:33:24,069 DDP_Script [Rank 0] [INFO] local_steps=1563, global_steps=1563
2025-12-31 00:50:21,641 [ERROR] (WorkerAgent) [8304] [job-2e97bb2c6462 ERR] 2025-12-31 00:34:27,112 DDP_Script [Rank 0] [INFO] epoch 6 train step time: 63.04 seconds
2025-12-31 00:50:21,641 [ERROR] (WorkerAgent) [8304] [job-2e97bb2c6462 ERR] 2025-12-31 00:34:27,112 DDP_Script [Rank 0] [INFO] epoch 6 끝 (local_steps=1563, global_steps=1563)
2025-12-31 00:50:21,641 [ERROR] (WorkerAgent) [8304] [job-2e97bb2c6462 ERR] 2025-12-31 00:34:27,144 httpx [INFO] HTTP Request: POST http://163.180.117.216:8000/report_job_metrics "HTTP/1.1 200 OK"
2025-12-31 00:50:21,641 [ERROR] (WorkerAgent) [8304] [job-2e97bb2c6462 ERR] 2025-12-31 00:34:27,173 httpx [INFO] HTTP Request: POST http://163.180.117.216:8000/report_progress "HTTP/1.1 200 OK"
2025-12-31 00:50:21,641 [ERROR] (WorkerAgent) [8304] [job-2e97bb2c6462 ERR] 2025-12-31 00:34:32,273 DDP_Script [Rank 0] [INFO] val acc 58.33%
2025-12-31 00:50:21,641 [ERROR] (WorkerAgent) [8304] [job-2e97bb2c6462 ERR] 2025-12-31 00:34:32,289 DDP_Script [Rank 0] [INFO] CKF x_filt vector: [array([0.017392]), array([0.00819081]), array([-0.01629195]), array([-0.0084565]), array([-0.01103394]), array([0.02360928]), array([-0.00557066]), array([0.00161594])]
2025-12-31 00:50:21,641 [ERROR] (WorkerAgent) [8304] [job-2e97bb2c6462 ERR] 2025-12-31 00:34:32,289 DDP_Script [Rank 0] [INFO] allocation results: [{'shard_pct': 0.5, 'batch_size': 32, 'lr': 0.0010316700000000002, 'num_workers': 4}]
2025-12-31 00:50:21,641 [ERROR] (WorkerAgent) [8304] [job-2e97bb2c6462 ERR] 2025-12-31 00:34:32,289 DDP_Script [Rank 0] [INFO] local_alloc: {'shard_pct': 1.0, 'batch_size': 32, 'lr': 0.0010316700000000002, 'num_workers': 4}
2025-12-31 00:50:21,641 [ERROR] (WorkerAgent) [8304] [job-2e97bb2c6462 ERR] 2025-12-31 00:34:32,317 DDP_Script [Rank 0] [INFO] Saving checkpoint to ./checkpoints/job-2e97bb2c6462/latest_checkpoint.pth ...
2025-12-31 00:50:21,641 [ERROR] (WorkerAgent) [8304] [job-2e97bb2c6462 ERR] 2025-12-31 00:34:32,776 DDP_Script [Rank 0] [INFO] Successfully reported epoch 6/20 (Acc: 58.33%) to global server.
2025-12-31 00:50:21,641 [ERROR] (WorkerAgent) [8304] [job-2e97bb2c6462 ERR] 2025-12-31 00:34:32,777 DDP_Script [Rank 0] [INFO] epoch 7 시작
2025-12-31 00:50:21,641 [ERROR] (WorkerAgent) [8304] [job-2e97bb2c6462 ERR] 2025-12-31 00:34:32,801 DDP_Script [Rank 0] [INFO] DataLoader created with batch_size=32, num_workers=4
2025-12-31 00:50:21,641 [ERROR] (WorkerAgent) [8304] [job-2e97bb2c6462 ERR] 2025-12-31 00:34:32,802 DDP_Script [Rank 0] [INFO] 모든 노드 중 max_steps = 1563
2025-12-31 00:50:21,641 [ERROR] (WorkerAgent) [8304] [job-2e97bb2c6462 ERR] 2025-12-31 00:34:32,802 DDP_Script [Rank 0] [INFO] local_steps=1563, global_steps=1563
2025-12-31 00:50:21,642 [ERROR] (WorkerAgent) [8304] [job-2e97bb2c6462 ERR] 2025-12-31 00:35:34,119 DDP_Script [Rank 0] [INFO] epoch 7 train step time: 61.32 seconds
2025-12-31 00:50:21,642 [ERROR] (WorkerAgent) [8304] [job-2e97bb2c6462 ERR] 2025-12-31 00:35:34,120 DDP_Script [Rank 0] [INFO] epoch 7 끝 (local_steps=1563, global_steps=1563)
2025-12-31 00:50:21,642 [ERROR] (WorkerAgent) [8304] [job-2e97bb2c6462 ERR] 2025-12-31 00:35:34,166 httpx [INFO] HTTP Request: POST http://163.180.117.216:8000/report_job_metrics "HTTP/1.1 200 OK"
2025-12-31 00:50:21,642 [ERROR] (WorkerAgent) [8304] [job-2e97bb2c6462 ERR] 2025-12-31 00:35:34,195 httpx [INFO] HTTP Request: POST http://163.180.117.216:8000/report_progress "HTTP/1.1 200 OK"
2025-12-31 00:50:21,642 [ERROR] (WorkerAgent) [8304] [job-2e97bb2c6462 ERR] 2025-12-31 00:35:39,341 DDP_Script [Rank 0] [INFO] val acc 59.12%
2025-12-31 00:50:21,642 [ERROR] (WorkerAgent) [8304] [job-2e97bb2c6462 ERR] 2025-12-31 00:35:39,366 DDP_Script [Rank 0] [INFO] CKF x_filt vector: [array([0.00847804]), array([0.00102945]), array([0.00609773]), array([0.0051272]), array([0.0160109]), array([0.03050043]), array([-0.02222268]), array([-0.00749661])]
2025-12-31 00:50:21,642 [ERROR] (WorkerAgent) [8304] [job-2e97bb2c6462 ERR] 2025-12-31 00:35:39,366 DDP_Script [Rank 0] [INFO] allocation results: [{'shard_pct': 0.5, 'batch_size': 32, 'lr': 0.00103088, 'num_workers': 4}]
2025-12-31 00:50:21,642 [ERROR] (WorkerAgent) [8304] [job-2e97bb2c6462 ERR] 2025-12-31 00:35:39,366 DDP_Script [Rank 0] [INFO] local_alloc: {'shard_pct': 1.0, 'batch_size': 32, 'lr': 0.00103088, 'num_workers': 4}
2025-12-31 00:50:21,642 [ERROR] (WorkerAgent) [8304] [job-2e97bb2c6462 ERR] 2025-12-31 00:35:39,369 DDP_Script [Rank 0] [INFO] Saving checkpoint to ./checkpoints/job-2e97bb2c6462/latest_checkpoint.pth ...
2025-12-31 00:50:21,642 [ERROR] (WorkerAgent) [8304] [job-2e97bb2c6462 ERR] 2025-12-31 00:35:39,813 DDP_Script [Rank 0] [INFO] Successfully reported epoch 7/20 (Acc: 59.12%) to global server.
2025-12-31 00:50:21,642 [ERROR] (WorkerAgent) [8304] [job-2e97bb2c6462 ERR] 2025-12-31 00:35:39,814 DDP_Script [Rank 0] [INFO] epoch 8 시작
2025-12-31 00:50:21,642 [ERROR] (WorkerAgent) [8304] [job-2e97bb2c6462 ERR] 2025-12-31 00:35:39,836 DDP_Script [Rank 0] [INFO] DataLoader created with batch_size=32, num_workers=4
2025-12-31 00:50:21,642 [ERROR] (WorkerAgent) [8304] [job-2e97bb2c6462 ERR] 2025-12-31 00:35:39,837 DDP_Script [Rank 0] [INFO] 모든 노드 중 max_steps = 1563
2025-12-31 00:50:21,642 [ERROR] (WorkerAgent) [8304] [job-2e97bb2c6462 ERR] 2025-12-31 00:35:39,837 DDP_Script [Rank 0] [INFO] local_steps=1563, global_steps=1563
2025-12-31 00:50:21,642 [ERROR] (WorkerAgent) [8304] [job-2e97bb2c6462 ERR] 2025-12-31 00:36:40,353 DDP_Script [Rank 0] [INFO] epoch 8 train step time: 60.52 seconds
2025-12-31 00:50:21,642 [ERROR] (WorkerAgent) [8304] [job-2e97bb2c6462 ERR] 2025-12-31 00:36:40,354 DDP_Script [Rank 0] [INFO] epoch 8 끝 (local_steps=1563, global_steps=1563)
2025-12-31 00:50:21,642 [ERROR] (WorkerAgent) [8304] [job-2e97bb2c6462 ERR] 2025-12-31 00:36:40,384 httpx [INFO] HTTP Request: POST http://163.180.117.216:8000/report_job_metrics "HTTP/1.1 200 OK"
2025-12-31 00:50:21,642 [ERROR] (WorkerAgent) [8304] [job-2e97bb2c6462 ERR] 2025-12-31 00:36:40,413 httpx [INFO] HTTP Request: POST http://163.180.117.216:8000/report_progress "HTTP/1.1 200 OK"
2025-12-31 00:50:21,642 [ERROR] (WorkerAgent) [8304] [job-2e97bb2c6462 ERR] 2025-12-31 00:36:45,533 DDP_Script [Rank 0] [INFO] val acc 59.77%
2025-12-31 00:50:21,642 [ERROR] (WorkerAgent) [8304] [job-2e97bb2c6462 ERR] 2025-12-31 00:36:45,558 DDP_Script [Rank 0] [INFO] CKF x_filt vector: [array([-0.02067002]), array([-0.01385365]), array([-0.01526753]), array([0.00627592]), array([-0.01969989]), array([0.01664916]), array([-0.00539808]), array([-0.00167677])]
2025-12-31 00:50:21,643 [ERROR] (WorkerAgent) [8304] [job-2e97bb2c6462 ERR] 2025-12-31 00:36:45,558 DDP_Script [Rank 0] [INFO] allocation results: [{'shard_pct': 0.5, 'batch_size': 32, 'lr': 0.00103023, 'num_workers': 4}]
2025-12-31 00:50:21,643 [ERROR] (WorkerAgent) [8304] [job-2e97bb2c6462 ERR] 2025-12-31 00:36:45,559 DDP_Script [Rank 0] [INFO] local_alloc: {'shard_pct': 1.0, 'batch_size': 32, 'lr': 0.00103023, 'num_workers': 4}
2025-12-31 00:50:21,643 [ERROR] (WorkerAgent) [8304] [job-2e97bb2c6462 ERR] 2025-12-31 00:36:45,562 DDP_Script [Rank 0] [INFO] Saving checkpoint to ./checkpoints/job-2e97bb2c6462/latest_checkpoint.pth ...
2025-12-31 00:50:21,643 [ERROR] (WorkerAgent) [8304] [job-2e97bb2c6462 ERR] 2025-12-31 00:36:46,049 DDP_Script [Rank 0] [INFO] Successfully reported epoch 8/20 (Acc: 59.77%) to global server.
2025-12-31 00:50:21,643 [ERROR] (WorkerAgent) [8304] [job-2e97bb2c6462 ERR] 2025-12-31 00:36:46,051 DDP_Script [Rank 0] [INFO] epoch 9 시작
2025-12-31 00:50:21,643 [ERROR] (WorkerAgent) [8304] [job-2e97bb2c6462 ERR] 2025-12-31 00:36:46,075 DDP_Script [Rank 0] [INFO] DataLoader created with batch_size=32, num_workers=4
2025-12-31 00:50:21,643 [ERROR] (WorkerAgent) [8304] [job-2e97bb2c6462 ERR] 2025-12-31 00:36:46,077 DDP_Script [Rank 0] [INFO] 모든 노드 중 max_steps = 1563
2025-12-31 00:50:21,643 [ERROR] (WorkerAgent) [8304] [job-2e97bb2c6462 ERR] 2025-12-31 00:36:46,077 DDP_Script [Rank 0] [INFO] local_steps=1563, global_steps=1563
2025-12-31 00:50:21,643 [ERROR] (WorkerAgent) [8304] [job-2e97bb2c6462 ERR] 2025-12-31 00:37:45,390 DDP_Script [Rank 0] [INFO] epoch 9 train step time: 59.31 seconds
2025-12-31 00:50:21,643 [ERROR] (WorkerAgent) [8304] [job-2e97bb2c6462 ERR] 2025-12-31 00:37:45,392 DDP_Script [Rank 0] [INFO] epoch 9 끝 (local_steps=1563, global_steps=1563)
2025-12-31 00:50:21,643 [ERROR] (WorkerAgent) [8304] [job-2e97bb2c6462 ERR] 2025-12-31 00:37:45,437 httpx [INFO] HTTP Request: POST http://163.180.117.216:8000/report_job_metrics "HTTP/1.1 200 OK"
2025-12-31 00:50:21,643 [ERROR] (WorkerAgent) [8304] [job-2e97bb2c6462 ERR] 2025-12-31 00:37:45,466 httpx [INFO] HTTP Request: POST http://163.180.117.216:8000/report_progress "HTTP/1.1 200 OK"
2025-12-31 00:50:21,643 [ERROR] (WorkerAgent) [8304] [job-2e97bb2c6462 ERR] 2025-12-31 00:37:50,557 DDP_Script [Rank 0] [INFO] val acc 62.89%
2025-12-31 00:50:21,643 [ERROR] (WorkerAgent) [8304] [job-2e97bb2c6462 ERR] 2025-12-31 00:37:50,582 DDP_Script [Rank 0] [INFO] CKF x_filt vector: [array([-0.01471846]), array([0.00398461]), array([-0.01171185]), array([0.01468122]), array([-0.00457923]), array([0.03775443]), array([0.03918173]), array([0.00125145])]
2025-12-31 00:50:21,643 [ERROR] (WorkerAgent) [8304] [job-2e97bb2c6462 ERR] 2025-12-31 00:37:50,582 DDP_Script [Rank 0] [INFO] allocation results: [{'shard_pct': 0.5, 'batch_size': 32, 'lr': 0.00102711, 'num_workers': 4}]
2025-12-31 00:50:21,643 [ERROR] (WorkerAgent) [8304] [job-2e97bb2c6462 ERR] 2025-12-31 00:37:50,583 DDP_Script [Rank 0] [INFO] local_alloc: {'shard_pct': 1.0, 'batch_size': 32, 'lr': 0.00102711, 'num_workers': 4}
2025-12-31 00:50:21,643 [ERROR] (WorkerAgent) [8304] [job-2e97bb2c6462 ERR] 2025-12-31 00:37:50,603 DDP_Script [Rank 0] [INFO] Saving checkpoint to ./checkpoints/job-2e97bb2c6462/latest_checkpoint.pth ...
2025-12-31 00:50:21,643 [ERROR] (WorkerAgent) [8304] [job-2e97bb2c6462 ERR] 2025-12-31 00:37:50,997 DDP_Script [Rank 0] [INFO] Successfully reported epoch 9/20 (Acc: 62.89%) to global server.
2025-12-31 00:50:21,643 [ERROR] (WorkerAgent) [8304] [job-2e97bb2c6462 ERR] 2025-12-31 00:37:50,998 DDP_Script [Rank 0] [INFO] epoch 10 시작
2025-12-31 00:50:21,643 [ERROR] (WorkerAgent) [8304] [job-2e97bb2c6462 ERR] 2025-12-31 00:37:51,012 DDP_Script [Rank 0] [INFO] DataLoader created with batch_size=32, num_workers=4
2025-12-31 00:50:21,644 [ERROR] (WorkerAgent) [8304] [job-2e97bb2c6462 ERR] 2025-12-31 00:37:51,014 DDP_Script [Rank 0] [INFO] 모든 노드 중 max_steps = 1563
2025-12-31 00:50:21,644 [ERROR] (WorkerAgent) [8304] [job-2e97bb2c6462 ERR] 2025-12-31 00:37:51,014 DDP_Script [Rank 0] [INFO] local_steps=1563, global_steps=1563
2025-12-31 00:50:21,644 [ERROR] (WorkerAgent) [8304] [job-2e97bb2c6462 ERR] 2025-12-31 00:38:53,990 DDP_Script [Rank 0] [INFO] epoch 10 train step time: 62.98 seconds
2025-12-31 00:50:21,644 [ERROR] (WorkerAgent) [8304] [job-2e97bb2c6462 ERR] 2025-12-31 00:38:53,992 DDP_Script [Rank 0] [INFO] epoch 10 끝 (local_steps=1563, global_steps=1563)
2025-12-31 00:50:21,644 [ERROR] (WorkerAgent) [8304] [job-2e97bb2c6462 ERR] 2025-12-31 00:38:54,037 httpx [INFO] HTTP Request: POST http://163.180.117.216:8000/report_job_metrics "HTTP/1.1 200 OK"
2025-12-31 00:50:21,644 [ERROR] (WorkerAgent) [8304] [job-2e97bb2c6462 ERR] 2025-12-31 00:38:54,066 httpx [INFO] HTTP Request: POST http://163.180.117.216:8000/report_progress "HTTP/1.1 200 OK"
2025-12-31 00:50:21,644 [ERROR] (WorkerAgent) [8304] [job-2e97bb2c6462 ERR] 2025-12-31 00:38:59,173 DDP_Script [Rank 0] [INFO] val acc 61.56%
2025-12-31 00:50:21,644 [ERROR] (WorkerAgent) [8304] [job-2e97bb2c6462 ERR] 2025-12-31 00:38:59,186 DDP_Script [Rank 0] [INFO] CKF x_filt vector: [array([-0.0040427]), array([0.00462203]), array([-0.02548894]), array([0.01653845]), array([0.00741848]), array([-0.00724552]), array([0.04659378]), array([0.01641313])]
2025-12-31 00:50:21,644 [ERROR] (WorkerAgent) [8304] [job-2e97bb2c6462 ERR] 2025-12-31 00:38:59,186 DDP_Script [Rank 0] [INFO] allocation results: [{'shard_pct': 0.5, 'batch_size': 32, 'lr': 0.00102844, 'num_workers': 4}]
2025-12-31 00:50:21,644 [ERROR] (WorkerAgent) [8304] [job-2e97bb2c6462 ERR] 2025-12-31 00:38:59,186 DDP_Script [Rank 0] [INFO] local_alloc: {'shard_pct': 1.0, 'batch_size': 32, 'lr': 0.00102844, 'num_workers': 4}
2025-12-31 00:50:21,644 [ERROR] (WorkerAgent) [8304] [job-2e97bb2c6462 ERR] 2025-12-31 00:38:59,188 DDP_Script [Rank 0] [INFO] Saving checkpoint to ./checkpoints/job-2e97bb2c6462/latest_checkpoint.pth ...
2025-12-31 00:50:21,644 [ERROR] (WorkerAgent) [8304] [job-2e97bb2c6462 ERR] 2025-12-31 00:38:59,638 DDP_Script [Rank 0] [INFO] Successfully reported epoch 10/20 (Acc: 61.56%) to global server.
2025-12-31 00:50:21,644 [ERROR] (WorkerAgent) [8304] [job-2e97bb2c6462 ERR] 2025-12-31 00:38:59,640 DDP_Script [Rank 0] [INFO] epoch 11 시작
2025-12-31 00:50:21,644 [ERROR] (WorkerAgent) [8304] [job-2e97bb2c6462 ERR] 2025-12-31 00:38:59,663 DDP_Script [Rank 0] [INFO] DataLoader created with batch_size=32, num_workers=4
2025-12-31 00:50:21,644 [ERROR] (WorkerAgent) [8304] [job-2e97bb2c6462 ERR] 2025-12-31 00:38:59,664 DDP_Script [Rank 0] [INFO] 모든 노드 중 max_steps = 1563
2025-12-31 00:50:21,644 [ERROR] (WorkerAgent) [8304] [job-2e97bb2c6462 ERR] 2025-12-31 00:38:59,664 DDP_Script [Rank 0] [INFO] local_steps=1563, global_steps=1563
2025-12-31 00:50:21,644 [ERROR] (WorkerAgent) [8304] [job-2e97bb2c6462 ERR] 2025-12-31 00:40:01,752 DDP_Script [Rank 0] [INFO] epoch 11 train step time: 62.09 seconds
2025-12-31 00:50:21,644 [ERROR] (WorkerAgent) [8304] [job-2e97bb2c6462 ERR] 2025-12-31 00:40:01,754 DDP_Script [Rank 0] [INFO] epoch 11 끝 (local_steps=1563, global_steps=1563)
2025-12-31 00:50:21,645 [ERROR] (WorkerAgent) [8304] [job-2e97bb2c6462 ERR] 2025-12-31 00:40:01,798 httpx [INFO] HTTP Request: POST http://163.180.117.216:8000/report_job_metrics "HTTP/1.1 200 OK"
2025-12-31 00:50:21,645 [ERROR] (WorkerAgent) [8304] [job-2e97bb2c6462 ERR] 2025-12-31 00:40:01,827 httpx [INFO] HTTP Request: POST http://163.180.117.216:8000/report_progress "HTTP/1.1 200 OK"
2025-12-31 00:50:21,645 [ERROR] (WorkerAgent) [8304] [job-2e97bb2c6462 ERR] 2025-12-31 00:40:06,939 DDP_Script [Rank 0] [INFO] val acc 62.68%
2025-12-31 00:50:21,645 [ERROR] (WorkerAgent) [8304] [job-2e97bb2c6462 ERR] 2025-12-31 00:40:06,959 DDP_Script [Rank 0] [INFO] CKF x_filt vector: [array([-0.01137929]), array([0.01312528]), array([-0.01485548]), array([-0.002324]), array([0.00091898]), array([-0.0006718]), array([0.04189249]), array([0.00579438])]
2025-12-31 00:50:21,645 [ERROR] (WorkerAgent) [8304] [job-2e97bb2c6462 ERR] 2025-12-31 00:40:06,959 DDP_Script [Rank 0] [INFO] allocation results: [{'shard_pct': 0.5, 'batch_size': 32, 'lr': 0.00102732, 'num_workers': 4}]
2025-12-31 00:50:21,645 [ERROR] (WorkerAgent) [8304] [job-2e97bb2c6462 ERR] 2025-12-31 00:40:06,960 DDP_Script [Rank 0] [INFO] local_alloc: {'shard_pct': 1.0, 'batch_size': 32, 'lr': 0.00102732, 'num_workers': 4}
2025-12-31 00:50:21,645 [ERROR] (WorkerAgent) [8304] [job-2e97bb2c6462 ERR] 2025-12-31 00:40:06,967 DDP_Script [Rank 0] [INFO] Saving checkpoint to ./checkpoints/job-2e97bb2c6462/latest_checkpoint.pth ...
2025-12-31 00:50:21,645 [ERROR] (WorkerAgent) [8304] [job-2e97bb2c6462 ERR] 2025-12-31 00:40:07,345 DDP_Script [Rank 0] [INFO] Successfully reported epoch 11/20 (Acc: 62.68%) to global server.
2025-12-31 00:50:21,645 [ERROR] (WorkerAgent) [8304] [job-2e97bb2c6462 ERR] 2025-12-31 00:40:07,346 DDP_Script [Rank 0] [INFO] epoch 12 시작
2025-12-31 00:50:21,645 [ERROR] (WorkerAgent) [8304] [job-2e97bb2c6462 ERR] 2025-12-31 00:40:07,361 DDP_Script [Rank 0] [INFO] DataLoader created with batch_size=32, num_workers=4
2025-12-31 00:50:21,645 [ERROR] (WorkerAgent) [8304] [job-2e97bb2c6462 ERR] 2025-12-31 00:40:07,362 DDP_Script [Rank 0] [INFO] 모든 노드 중 max_steps = 1563
2025-12-31 00:50:21,645 [ERROR] (WorkerAgent) [8304] [job-2e97bb2c6462 ERR] 2025-12-31 00:40:07,362 DDP_Script [Rank 0] [INFO] local_steps=1563, global_steps=1563
2025-12-31 00:50:21,645 [ERROR] (WorkerAgent) [8304] [job-2e97bb2c6462 ERR] 2025-12-31 00:41:10,831 DDP_Script [Rank 0] [INFO] epoch 12 train step time: 63.47 seconds
2025-12-31 00:50:21,645 [ERROR] (WorkerAgent) [8304] [job-2e97bb2c6462 ERR] 2025-12-31 00:41:10,833 DDP_Script [Rank 0] [INFO] epoch 12 끝 (local_steps=1563, global_steps=1563)
2025-12-31 00:50:21,645 [ERROR] (WorkerAgent) [8304] [job-2e97bb2c6462 ERR] 2025-12-31 00:41:10,877 httpx [INFO] HTTP Request: POST http://163.180.117.216:8000/report_job_metrics "HTTP/1.1 200 OK"
2025-12-31 00:50:21,645 [ERROR] (WorkerAgent) [8304] [job-2e97bb2c6462 ERR] 2025-12-31 00:41:10,906 httpx [INFO] HTTP Request: POST http://163.180.117.216:8000/report_progress "HTTP/1.1 200 OK"
2025-12-31 00:50:21,645 [ERROR] (WorkerAgent) [8304] [job-2e97bb2c6462 ERR] 2025-12-31 00:41:16,047 DDP_Script [Rank 0] [INFO] val acc 63.36%
2025-12-31 00:50:21,645 [ERROR] (WorkerAgent) [8304] [job-2e97bb2c6462 ERR] 2025-12-31 00:41:16,062 DDP_Script [Rank 0] [INFO] CKF x_filt vector: [array([-0.02078535]), array([-0.01158893]), array([-0.01606125]), array([0.01226288]), array([0.02642194]), array([0.00934982]), array([0.02025297]), array([0.00582852])]
2025-12-31 00:50:21,645 [ERROR] (WorkerAgent) [8304] [job-2e97bb2c6462 ERR] 2025-12-31 00:41:16,062 DDP_Script [Rank 0] [INFO] allocation results: [{'shard_pct': 0.5, 'batch_size': 32, 'lr': 0.00102664, 'num_workers': 4}]
2025-12-31 00:50:21,645 [ERROR] (WorkerAgent) [8304] [job-2e97bb2c6462 ERR] 2025-12-31 00:41:16,062 DDP_Script [Rank 0] [INFO] local_alloc: {'shard_pct': 1.0, 'batch_size': 32, 'lr': 0.00102664, 'num_workers': 4}
2025-12-31 00:50:21,646 [ERROR] (WorkerAgent) [8304] [job-2e97bb2c6462 ERR] 2025-12-31 00:41:16,092 DDP_Script [Rank 0] [INFO] Saving checkpoint to ./checkpoints/job-2e97bb2c6462/latest_checkpoint.pth ...
2025-12-31 00:50:21,646 [ERROR] (WorkerAgent) [8304] [job-2e97bb2c6462 ERR] 2025-12-31 00:41:16,497 DDP_Script [Rank 0] [INFO] Successfully reported epoch 12/20 (Acc: 63.36%) to global server.
2025-12-31 00:50:21,646 [ERROR] (WorkerAgent) [8304] [job-2e97bb2c6462 ERR] 2025-12-31 00:41:16,498 DDP_Script [Rank 0] [INFO] epoch 13 시작
2025-12-31 00:50:21,646 [ERROR] (WorkerAgent) [8304] [job-2e97bb2c6462 ERR] 2025-12-31 00:41:16,510 DDP_Script [Rank 0] [INFO] DataLoader created with batch_size=32, num_workers=4
2025-12-31 00:50:21,646 [ERROR] (WorkerAgent) [8304] [job-2e97bb2c6462 ERR] 2025-12-31 00:41:16,512 DDP_Script [Rank 0] [INFO] 모든 노드 중 max_steps = 1563
2025-12-31 00:50:21,646 [ERROR] (WorkerAgent) [8304] [job-2e97bb2c6462 ERR] 2025-12-31 00:41:16,512 DDP_Script [Rank 0] [INFO] local_steps=1563, global_steps=1563
2025-12-31 00:50:21,646 [ERROR] (WorkerAgent) [8304] [job-2e97bb2c6462 ERR] 2025-12-31 00:42:17,925 DDP_Script [Rank 0] [INFO] epoch 13 train step time: 61.41 seconds
2025-12-31 00:50:21,646 [ERROR] (WorkerAgent) [8304] [job-2e97bb2c6462 ERR] 2025-12-31 00:42:17,926 DDP_Script [Rank 0] [INFO] epoch 13 끝 (local_steps=1563, global_steps=1563)
2025-12-31 00:50:21,646 [ERROR] (WorkerAgent) [8304] [job-2e97bb2c6462 ERR] 2025-12-31 00:42:17,969 httpx [INFO] HTTP Request: POST http://163.180.117.216:8000/report_job_metrics "HTTP/1.1 200 OK"
2025-12-31 00:50:21,646 [ERROR] (WorkerAgent) [8304] [job-2e97bb2c6462 ERR] 2025-12-31 00:42:17,998 httpx [INFO] HTTP Request: POST http://163.180.117.216:8000/report_progress "HTTP/1.1 200 OK"
2025-12-31 00:50:21,646 [ERROR] (WorkerAgent) [8304] [job-2e97bb2c6462 ERR] 2025-12-31 00:42:23,142 DDP_Script [Rank 0] [INFO] val acc 62.18%
2025-12-31 00:50:21,646 [ERROR] (WorkerAgent) [8304] [job-2e97bb2c6462 ERR] 2025-12-31 00:42:23,166 DDP_Script [Rank 0] [INFO] CKF x_filt vector: [array([0.00068045]), array([-0.0091451]), array([-0.04112716]), array([0.01919455]), array([0.02042955]), array([-0.00593074]), array([0.00739182]), array([0.00592086])]
2025-12-31 00:50:21,646 [ERROR] (WorkerAgent) [8304] [job-2e97bb2c6462 ERR] 2025-12-31 00:42:23,166 DDP_Script [Rank 0] [INFO] allocation results: [{'shard_pct': 0.5, 'batch_size': 32, 'lr': 0.00102782, 'num_workers': 4}]
2025-12-31 00:50:21,646 [ERROR] (WorkerAgent) [8304] [job-2e97bb2c6462 ERR] 2025-12-31 00:42:23,167 DDP_Script [Rank 0] [INFO] local_alloc: {'shard_pct': 1.0, 'batch_size': 32, 'lr': 0.00102782, 'num_workers': 4}
2025-12-31 00:50:21,646 [ERROR] (WorkerAgent) [8304] [job-2e97bb2c6462 ERR] 2025-12-31 00:42:23,174 DDP_Script [Rank 0] [INFO] Saving checkpoint to ./checkpoints/job-2e97bb2c6462/latest_checkpoint.pth ...
2025-12-31 00:50:21,646 [ERROR] (WorkerAgent) [8304] [job-2e97bb2c6462 ERR] 2025-12-31 00:42:23,600 DDP_Script [Rank 0] [INFO] Successfully reported epoch 13/20 (Acc: 62.18%) to global server.
2025-12-31 00:50:21,646 [ERROR] (WorkerAgent) [8304] [job-2e97bb2c6462 ERR] 2025-12-31 00:42:23,601 DDP_Script [Rank 0] [INFO] epoch 14 시작
2025-12-31 00:50:21,646 [ERROR] (WorkerAgent) [8304] [job-2e97bb2c6462 ERR] 2025-12-31 00:42:23,618 DDP_Script [Rank 0] [INFO] DataLoader created with batch_size=32, num_workers=4
2025-12-31 00:50:21,646 [ERROR] (WorkerAgent) [8304] [job-2e97bb2c6462 ERR] 2025-12-31 00:42:23,619 DDP_Script [Rank 0] [INFO] 모든 노드 중 max_steps = 1563
2025-12-31 00:50:21,647 [ERROR] (WorkerAgent) [8304] [job-2e97bb2c6462 ERR] 2025-12-31 00:42:23,619 DDP_Script [Rank 0] [INFO] local_steps=1563, global_steps=1563
2025-12-31 00:50:21,647 [ERROR] (WorkerAgent) [8304] [job-2e97bb2c6462 ERR] 2025-12-31 00:43:24,703 DDP_Script [Rank 0] [INFO] epoch 14 train step time: 61.08 seconds
2025-12-31 00:50:21,647 [ERROR] (WorkerAgent) [8304] [job-2e97bb2c6462 ERR] 2025-12-31 00:43:24,705 DDP_Script [Rank 0] [INFO] epoch 14 끝 (local_steps=1563, global_steps=1563)
2025-12-31 00:50:21,647 [ERROR] (WorkerAgent) [8304] [job-2e97bb2c6462 ERR] 2025-12-31 00:43:24,750 httpx [INFO] HTTP Request: POST http://163.180.117.216:8000/report_job_metrics "HTTP/1.1 200 OK"
2025-12-31 00:50:21,647 [ERROR] (WorkerAgent) [8304] [job-2e97bb2c6462 ERR] 2025-12-31 00:43:24,779 httpx [INFO] HTTP Request: POST http://163.180.117.216:8000/report_progress "HTTP/1.1 200 OK"
2025-12-31 00:50:21,647 [ERROR] (WorkerAgent) [8304] [job-2e97bb2c6462 ERR] 2025-12-31 00:43:29,899 DDP_Script [Rank 0] [INFO] val acc 62.79%
2025-12-31 00:50:21,647 [ERROR] (WorkerAgent) [8304] [job-2e97bb2c6462 ERR] 2025-12-31 00:43:29,923 DDP_Script [Rank 0] [INFO] CKF x_filt vector: [array([0.00381805]), array([-0.03432954]), array([0.01984011]), array([0.01009671]), array([0.00992264]), array([-0.00519177]), array([-0.00228016]), array([0.01105775])]
2025-12-31 00:50:21,647 [ERROR] (WorkerAgent) [8304] [job-2e97bb2c6462 ERR] 2025-12-31 00:43:29,924 DDP_Script [Rank 0] [INFO] allocation results: [{'shard_pct': 0.5, 'batch_size': 32, 'lr': 0.00102721, 'num_workers': 4}]
2025-12-31 00:50:21,647 [ERROR] (WorkerAgent) [8304] [job-2e97bb2c6462 ERR] 2025-12-31 00:43:29,924 DDP_Script [Rank 0] [INFO] local_alloc: {'shard_pct': 1.0, 'batch_size': 32, 'lr': 0.00102721, 'num_workers': 4}
2025-12-31 00:50:21,647 [ERROR] (WorkerAgent) [8304] [job-2e97bb2c6462 ERR] 2025-12-31 00:43:29,949 DDP_Script [Rank 0] [INFO] Saving checkpoint to ./checkpoints/job-2e97bb2c6462/latest_checkpoint.pth ...
2025-12-31 00:50:21,647 [ERROR] (WorkerAgent) [8304] [job-2e97bb2c6462 ERR] 2025-12-31 00:43:30,411 DDP_Script [Rank 0] [INFO] Successfully reported epoch 14/20 (Acc: 62.79%) to global server.
2025-12-31 00:50:21,647 [ERROR] (WorkerAgent) [8304] [job-2e97bb2c6462 ERR] 2025-12-31 00:43:30,412 DDP_Script [Rank 0] [INFO] epoch 15 시작
2025-12-31 00:50:21,647 [ERROR] (WorkerAgent) [8304] [job-2e97bb2c6462 ERR] 2025-12-31 00:43:30,432 DDP_Script [Rank 0] [INFO] DataLoader created with batch_size=32, num_workers=4
2025-12-31 00:50:21,647 [ERROR] (WorkerAgent) [8304] [job-2e97bb2c6462 ERR] 2025-12-31 00:43:30,433 DDP_Script [Rank 0] [INFO] 모든 노드 중 max_steps = 1563
2025-12-31 00:50:21,647 [ERROR] (WorkerAgent) [8304] [job-2e97bb2c6462 ERR] 2025-12-31 00:43:30,434 DDP_Script [Rank 0] [INFO] local_steps=1563, global_steps=1563
2025-12-31 00:50:21,647 [ERROR] (WorkerAgent) [8304] [job-2e97bb2c6462 ERR] 2025-12-31 00:44:31,985 DDP_Script [Rank 0] [INFO] epoch 15 train step time: 61.55 seconds
2025-12-31 00:50:21,647 [ERROR] (WorkerAgent) [8304] [job-2e97bb2c6462 ERR] 2025-12-31 00:44:31,986 DDP_Script [Rank 0] [INFO] epoch 15 끝 (local_steps=1563, global_steps=1563)
2025-12-31 00:50:21,647 [ERROR] (WorkerAgent) [8304] [job-2e97bb2c6462 ERR] 2025-12-31 00:44:32,031 httpx [INFO] HTTP Request: POST http://163.180.117.216:8000/report_job_metrics "HTTP/1.1 200 OK"
2025-12-31 00:50:21,647 [ERROR] (WorkerAgent) [8304] [job-2e97bb2c6462 ERR] 2025-12-31 00:44:32,061 httpx [INFO] HTTP Request: POST http://163.180.117.216:8000/report_progress "HTTP/1.1 200 OK"
2025-12-31 00:50:21,648 [ERROR] (WorkerAgent) [8304] [job-2e97bb2c6462 ERR] 2025-12-31 00:44:37,165 DDP_Script [Rank 0] [INFO] val acc 63.76%
2025-12-31 00:50:21,648 [ERROR] (WorkerAgent) [8304] [job-2e97bb2c6462 ERR] 2025-12-31 00:44:37,189 DDP_Script [Rank 0] [INFO] CKF x_filt vector: [array([0.01516333]), array([-0.0160015]), array([0.02434192]), array([0.03831241]), array([-0.00684414]), array([-0.02856978]), array([0.00164402]), array([0.00012354])]
2025-12-31 00:50:21,648 [ERROR] (WorkerAgent) [8304] [job-2e97bb2c6462 ERR] 2025-12-31 00:44:37,190 DDP_Script [Rank 0] [INFO] allocation results: [{'shard_pct': 0.5, 'batch_size': 32, 'lr': 0.00102624, 'num_workers': 4}]
2025-12-31 00:50:21,648 [ERROR] (WorkerAgent) [8304] [job-2e97bb2c6462 ERR] 2025-12-31 00:44:37,190 DDP_Script [Rank 0] [INFO] local_alloc: {'shard_pct': 1.0, 'batch_size': 32, 'lr': 0.00102624, 'num_workers': 4}
2025-12-31 00:50:21,648 [ERROR] (WorkerAgent) [8304] [job-2e97bb2c6462 ERR] 2025-12-31 00:44:37,220 DDP_Script [Rank 0] [INFO] Saving checkpoint to ./checkpoints/job-2e97bb2c6462/latest_checkpoint.pth ...
2025-12-31 00:50:21,648 [ERROR] (WorkerAgent) [8304] [job-2e97bb2c6462 ERR] 2025-12-31 00:44:37,625 DDP_Script [Rank 0] [INFO] Successfully reported epoch 15/20 (Acc: 63.76%) to global server.
2025-12-31 00:50:21,648 [ERROR] (WorkerAgent) [8304] [job-2e97bb2c6462 ERR] 2025-12-31 00:44:37,626 DDP_Script [Rank 0] [INFO] epoch 16 시작
2025-12-31 00:50:21,648 [ERROR] (WorkerAgent) [8304] [job-2e97bb2c6462 ERR] 2025-12-31 00:44:37,640 DDP_Script [Rank 0] [INFO] DataLoader created with batch_size=32, num_workers=4
2025-12-31 00:50:21,648 [ERROR] (WorkerAgent) [8304] [job-2e97bb2c6462 ERR] 2025-12-31 00:44:37,641 DDP_Script [Rank 0] [INFO] 모든 노드 중 max_steps = 1563
2025-12-31 00:50:21,648 [ERROR] (WorkerAgent) [8304] [job-2e97bb2c6462 ERR] 2025-12-31 00:44:37,641 DDP_Script [Rank 0] [INFO] local_steps=1563, global_steps=1563
2025-12-31 00:50:21,648 [ERROR] (WorkerAgent) [8304] [job-2e97bb2c6462 ERR] 2025-12-31 00:45:39,620 DDP_Script [Rank 0] [INFO] epoch 16 train step time: 61.98 seconds
2025-12-31 00:50:21,648 [ERROR] (WorkerAgent) [8304] [job-2e97bb2c6462 ERR] 2025-12-31 00:45:39,622 DDP_Script [Rank 0] [INFO] epoch 16 끝 (local_steps=1563, global_steps=1563)
2025-12-31 00:50:21,648 [ERROR] (WorkerAgent) [8304] [job-2e97bb2c6462 ERR] 2025-12-31 00:45:39,667 httpx [INFO] HTTP Request: POST http://163.180.117.216:8000/report_job_metrics "HTTP/1.1 200 OK"
2025-12-31 00:50:21,648 [ERROR] (WorkerAgent) [8304] [job-2e97bb2c6462 ERR] 2025-12-31 00:45:39,696 httpx [INFO] HTTP Request: POST http://163.180.117.216:8000/report_progress "HTTP/1.1 200 OK"
2025-12-31 00:50:21,648 [ERROR] (WorkerAgent) [8304] [job-2e97bb2c6462 ERR] 2025-12-31 00:45:44,826 DDP_Script [Rank 0] [INFO] val acc 63.74%
2025-12-31 00:50:21,648 [ERROR] (WorkerAgent) [8304] [job-2e97bb2c6462 ERR] 2025-12-31 00:45:44,852 DDP_Script [Rank 0] [INFO] CKF x_filt vector: [array([0.00124653]), array([0.00759358]), array([0.00753576]), array([0.01201584]), array([-0.02410839]), array([-0.01806836]), array([-0.00596282]), array([0.00209171])]
2025-12-31 00:50:21,648 [ERROR] (WorkerAgent) [8304] [job-2e97bb2c6462 ERR] 2025-12-31 00:45:44,852 DDP_Script [Rank 0] [INFO] allocation results: [{'shard_pct': 0.5, 'batch_size': 32, 'lr': 0.00102626, 'num_workers': 4}]
2025-12-31 00:50:21,648 [ERROR] (WorkerAgent) [8304] [job-2e97bb2c6462 ERR] 2025-12-31 00:45:44,853 DDP_Script [Rank 0] [INFO] local_alloc: {'shard_pct': 1.0, 'batch_size': 32, 'lr': 0.00102626, 'num_workers': 4}
2025-12-31 00:50:21,648 [ERROR] (WorkerAgent) [8304] [job-2e97bb2c6462 ERR] 2025-12-31 00:45:44,880 DDP_Script [Rank 0] [INFO] Saving checkpoint to ./checkpoints/job-2e97bb2c6462/latest_checkpoint.pth ...
2025-12-31 00:50:21,648 [ERROR] (WorkerAgent) [8304] [job-2e97bb2c6462 ERR] 2025-12-31 00:45:45,343 DDP_Script [Rank 0] [INFO] Successfully reported epoch 16/20 (Acc: 63.74%) to global server.
2025-12-31 00:50:21,649 [ERROR] (WorkerAgent) [8304] [job-2e97bb2c6462 ERR] 2025-12-31 00:45:45,352 DDP_Script [Rank 0] [INFO] epoch 17 시작
2025-12-31 00:50:21,649 [ERROR] (WorkerAgent) [8304] [job-2e97bb2c6462 ERR] 2025-12-31 00:45:45,362 DDP_Script [Rank 0] [INFO] DataLoader created with batch_size=32, num_workers=4
2025-12-31 00:50:21,649 [ERROR] (WorkerAgent) [8304] [job-2e97bb2c6462 ERR] 2025-12-31 00:45:45,363 DDP_Script [Rank 0] [INFO] 모든 노드 중 max_steps = 1563
2025-12-31 00:50:21,649 [ERROR] (WorkerAgent) [8304] [job-2e97bb2c6462 ERR] 2025-12-31 00:45:45,364 DDP_Script [Rank 0] [INFO] local_steps=1563, global_steps=1563
2025-12-31 00:50:21,649 [ERROR] (WorkerAgent) [8304] [job-2e97bb2c6462 ERR] 2025-12-31 00:46:48,511 DDP_Script [Rank 0] [INFO] epoch 17 train step time: 63.15 seconds
2025-12-31 00:50:21,649 [ERROR] (WorkerAgent) [8304] [job-2e97bb2c6462 ERR] 2025-12-31 00:46:48,513 DDP_Script [Rank 0] [INFO] epoch 17 끝 (local_steps=1563, global_steps=1563)
2025-12-31 00:50:21,649 [ERROR] (WorkerAgent) [8304] [job-2e97bb2c6462 ERR] 2025-12-31 00:46:48,558 httpx [INFO] HTTP Request: POST http://163.180.117.216:8000/report_job_metrics "HTTP/1.1 200 OK"
2025-12-31 00:50:21,649 [ERROR] (WorkerAgent) [8304] [job-2e97bb2c6462 ERR] 2025-12-31 00:46:48,587 httpx [INFO] HTTP Request: POST http://163.180.117.216:8000/report_progress "HTTP/1.1 200 OK"
2025-12-31 00:50:21,649 [ERROR] (WorkerAgent) [8304] [job-2e97bb2c6462 ERR] 2025-12-31 00:46:53,712 DDP_Script [Rank 0] [INFO] val acc 62.75%
2025-12-31 00:50:21,649 [ERROR] (WorkerAgent) [8304] [job-2e97bb2c6462 ERR] 2025-12-31 00:46:53,737 DDP_Script [Rank 0] [INFO] CKF x_filt vector: [array([-0.0230089]), array([-0.01788266]), array([0.01639814]), array([0.01066529]), array([-0.00928004]), array([-0.01492305]), array([-0.01727959]), array([0.0025988])]
2025-12-31 00:50:21,649 [ERROR] (WorkerAgent) [8304] [job-2e97bb2c6462 ERR] 2025-12-31 00:46:53,737 DDP_Script [Rank 0] [INFO] allocation results: [{'shard_pct': 0.5, 'batch_size': 32, 'lr': 0.00102725, 'num_workers': 4}]
2025-12-31 00:50:21,649 [ERROR] (WorkerAgent) [8304] [job-2e97bb2c6462 ERR] 2025-12-31 00:46:53,737 DDP_Script [Rank 0] [INFO] local_alloc: {'shard_pct': 1.0, 'batch_size': 32, 'lr': 0.00102725, 'num_workers': 4}
2025-12-31 00:50:21,649 [ERROR] (WorkerAgent) [8304] [job-2e97bb2c6462 ERR] 2025-12-31 00:46:53,765 DDP_Script [Rank 0] [INFO] Saving checkpoint to ./checkpoints/job-2e97bb2c6462/latest_checkpoint.pth ...
2025-12-31 00:50:21,649 [ERROR] (WorkerAgent) [8304] [job-2e97bb2c6462 ERR] 2025-12-31 00:46:54,225 DDP_Script [Rank 0] [INFO] Successfully reported epoch 17/20 (Acc: 62.75%) to global server.
2025-12-31 00:50:21,649 [ERROR] (WorkerAgent) [8304] [job-2e97bb2c6462 ERR] 2025-12-31 00:46:54,226 DDP_Script [Rank 0] [INFO] epoch 18 시작
2025-12-31 00:50:21,649 [ERROR] (WorkerAgent) [8304] [job-2e97bb2c6462 ERR] 2025-12-31 00:46:54,249 DDP_Script [Rank 0] [INFO] DataLoader created with batch_size=32, num_workers=4
2025-12-31 00:50:21,649 [ERROR] (WorkerAgent) [8304] [job-2e97bb2c6462 ERR] 2025-12-31 00:46:54,250 DDP_Script [Rank 0] [INFO] 모든 노드 중 max_steps = 1563
2025-12-31 00:50:21,649 [ERROR] (WorkerAgent) [8304] [job-2e97bb2c6462 ERR] 2025-12-31 00:46:54,250 DDP_Script [Rank 0] [INFO] local_steps=1563, global_steps=1563
2025-12-31 00:50:21,649 [ERROR] (WorkerAgent) [8304] [job-2e97bb2c6462 ERR] 2025-12-31 00:47:56,167 DDP_Script [Rank 0] [INFO] epoch 18 train step time: 61.92 seconds
2025-12-31 00:50:21,649 [ERROR] (WorkerAgent) [8304] [job-2e97bb2c6462 ERR] 2025-12-31 00:47:56,169 DDP_Script [Rank 0] [INFO] epoch 18 끝 (local_steps=1563, global_steps=1563)
2025-12-31 00:50:21,649 [ERROR] (WorkerAgent) [8304] [job-2e97bb2c6462 ERR] 2025-12-31 00:47:56,253 httpx [INFO] HTTP Request: POST http://163.180.117.216:8000/report_job_metrics "HTTP/1.1 200 OK"
2025-12-31 00:50:21,649 [ERROR] (WorkerAgent) [8304] [job-2e97bb2c6462 ERR] 2025-12-31 00:47:56,319 httpx [INFO] HTTP Request: POST http://163.180.117.216:8000/report_progress "HTTP/1.1 200 OK"
2025-12-31 00:50:21,649 [ERROR] (WorkerAgent) [8304] [job-2e97bb2c6462 ERR] 2025-12-31 00:48:01,391 DDP_Script [Rank 0] [INFO] val acc 63.18%
2025-12-31 00:50:21,649 [ERROR] (WorkerAgent) [8304] [job-2e97bb2c6462 ERR] 2025-12-31 00:48:01,410 DDP_Script [Rank 0] [INFO] CKF x_filt vector: [array([-0.01173077]), array([0.01178013]), array([0.00209375]), array([-0.00153663]), array([-0.01513865]), array([0.00585284]), array([-0.04107609]), array([-0.00825539])]
2025-12-31 00:50:21,649 [ERROR] (WorkerAgent) [8304] [job-2e97bb2c6462 ERR] 2025-12-31 00:48:01,411 DDP_Script [Rank 0] [INFO] allocation results: [{'shard_pct': 0.5, 'batch_size': 32, 'lr': 0.0010268200000000001, 'num_workers': 4}]
2025-12-31 00:50:21,649 [ERROR] (WorkerAgent) [8304] [job-2e97bb2c6462 ERR] 2025-12-31 00:48:01,411 DDP_Script [Rank 0] [INFO] local_alloc: {'shard_pct': 1.0, 'batch_size': 32, 'lr': 0.0010268200000000001, 'num_workers': 4}
2025-12-31 00:50:21,649 [ERROR] (WorkerAgent) [8304] [job-2e97bb2c6462 ERR] 2025-12-31 00:48:01,477 DDP_Script [Rank 0] [INFO] Saving checkpoint to ./checkpoints/job-2e97bb2c6462/latest_checkpoint.pth ...
2025-12-31 00:50:21,649 [ERROR] (WorkerAgent) [8304] [job-2e97bb2c6462 ERR] 2025-12-31 00:48:01,897 DDP_Script [Rank 0] [INFO] Successfully reported epoch 18/20 (Acc: 63.18%) to global server.
2025-12-31 00:50:21,649 [ERROR] (WorkerAgent) [8304] [job-2e97bb2c6462 ERR] 2025-12-31 00:48:01,898 DDP_Script [Rank 0] [INFO] epoch 19 시작
2025-12-31 00:50:21,649 [ERROR] (WorkerAgent) [8304] [job-2e97bb2c6462 ERR] 2025-12-31 00:48:01,913 DDP_Script [Rank 0] [INFO] DataLoader created with batch_size=32, num_workers=4
2025-12-31 00:50:21,650 [ERROR] (WorkerAgent) [8304] [job-2e97bb2c6462 ERR] 2025-12-31 00:48:01,914 DDP_Script [Rank 0] [INFO] 모든 노드 중 max_steps = 1563
2025-12-31 00:50:21,650 [ERROR] (WorkerAgent) [8304] [job-2e97bb2c6462 ERR] 2025-12-31 00:48:01,914 DDP_Script [Rank 0] [INFO] local_steps=1563, global_steps=1563
2025-12-31 00:50:21,650 [ERROR] (WorkerAgent) [8304] [job-2e97bb2c6462 ERR] 2025-12-31 00:49:04,705 DDP_Script [Rank 0] [INFO] epoch 19 train step time: 62.79 seconds
2025-12-31 00:50:21,650 [ERROR] (WorkerAgent) [8304] [job-2e97bb2c6462 ERR] 2025-12-31 00:49:04,706 DDP_Script [Rank 0] [INFO] epoch 19 끝 (local_steps=1563, global_steps=1563)
2025-12-31 00:50:21,650 [ERROR] (WorkerAgent) [8304] [job-2e97bb2c6462 ERR] 2025-12-31 00:49:04,751 httpx [INFO] HTTP Request: POST http://163.180.117.216:8000/report_job_metrics "HTTP/1.1 200 OK"
2025-12-31 00:50:21,650 [ERROR] (WorkerAgent) [8304] [job-2e97bb2c6462 ERR] 2025-12-31 00:49:04,781 httpx [INFO] HTTP Request: POST http://163.180.117.216:8000/report_progress "HTTP/1.1 200 OK"
2025-12-31 00:50:21,650 [ERROR] (WorkerAgent) [8304] [job-2e97bb2c6462 ERR] 2025-12-31 00:49:09,905 DDP_Script [Rank 0] [INFO] val acc 62.69%
2025-12-31 00:50:21,650 [ERROR] (WorkerAgent) [8304] [job-2e97bb2c6462 ERR] 2025-12-31 00:49:09,929 DDP_Script [Rank 0] [INFO] CKF x_filt vector: [array([0.00497076]), array([-0.01152124]), array([-0.03085502]), array([0.02476848]), array([0.00731828]), array([0.01215087]), array([0.00671756]), array([-0.00319536])]
2025-12-31 00:50:21,650 [ERROR] (WorkerAgent) [8304] [job-2e97bb2c6462 ERR] 2025-12-31 00:49:09,929 DDP_Script [Rank 0] [INFO] allocation results: [{'shard_pct': 0.5, 'batch_size': 32, 'lr': 0.00102731, 'num_workers': 4}]
2025-12-31 00:50:21,650 [ERROR] (WorkerAgent) [8304] [job-2e97bb2c6462 ERR] 2025-12-31 00:49:09,930 DDP_Script [Rank 0] [INFO] local_alloc: {'shard_pct': 1.0, 'batch_size': 32, 'lr': 0.00102731, 'num_workers': 4}
2025-12-31 00:50:21,650 [ERROR] (WorkerAgent) [8304] [job-2e97bb2c6462 ERR] 2025-12-31 00:49:09,932 DDP_Script [Rank 0] [INFO] Saving checkpoint to ./checkpoints/job-2e97bb2c6462/latest_checkpoint.pth ...
2025-12-31 00:50:21,650 [ERROR] (WorkerAgent) [8304] [job-2e97bb2c6462 ERR] 2025-12-31 00:49:10,302 DDP_Script [Rank 0] [INFO] Successfully reported epoch 19/20 (Acc: 62.69%) to global server.
2025-12-31 00:50:21,650 [ERROR] (WorkerAgent) [8304] [job-2e97bb2c6462 ERR] 2025-12-31 00:49:10,303 DDP_Script [Rank 0] [INFO] epoch 20 시작
2025-12-31 00:50:21,650 [ERROR] (WorkerAgent) [8304] [job-2e97bb2c6462 ERR] 2025-12-31 00:49:10,318 DDP_Script [Rank 0] [INFO] DataLoader created with batch_size=32, num_workers=4
2025-12-31 00:50:21,650 [ERROR] (WorkerAgent) [8304] [job-2e97bb2c6462 ERR] 2025-12-31 00:49:10,319 DDP_Script [Rank 0] [INFO] 모든 노드 중 max_steps = 1563
2025-12-31 00:50:21,650 [ERROR] (WorkerAgent) [8304] [job-2e97bb2c6462 ERR] 2025-12-31 00:49:10,319 DDP_Script [Rank 0] [INFO] local_steps=1563, global_steps=1563
2025-12-31 00:50:21,650 [ERROR] (WorkerAgent) [8304] [job-2e97bb2c6462 ERR] 2025-12-31 00:50:13,360 DDP_Script [Rank 0] [INFO] epoch 20 train step time: 63.04 seconds
2025-12-31 00:50:21,650 [ERROR] (WorkerAgent) [8304] [job-2e97bb2c6462 ERR] 2025-12-31 00:50:13,361 DDP_Script [Rank 0] [INFO] epoch 20 끝 (local_steps=1563, global_steps=1563)
2025-12-31 00:50:21,650 [ERROR] (WorkerAgent) [8304] [job-2e97bb2c6462 ERR] 2025-12-31 00:50:13,407 httpx [INFO] HTTP Request: POST http://163.180.117.216:8000/report_job_metrics "HTTP/1.1 200 OK"
2025-12-31 00:50:21,650 [ERROR] (WorkerAgent) [8304] [job-2e97bb2c6462 ERR] 2025-12-31 00:50:13,437 httpx [INFO] HTTP Request: POST http://163.180.117.216:8000/report_progress "HTTP/1.1 200 OK"
2025-12-31 00:50:21,650 [ERROR] (WorkerAgent) [8304] [job-2e97bb2c6462 ERR] 2025-12-31 00:50:18,622 DDP_Script [Rank 0] [INFO] val acc 62.84%
2025-12-31 00:50:21,650 [ERROR] (WorkerAgent) [8304] [job-2e97bb2c6462 ERR] 2025-12-31 00:50:18,646 DDP_Script [Rank 0] [INFO] CKF x_filt vector: [array([0.01708107]), array([0.00599949]), array([-0.02574137]), array([-0.0074291]), array([-0.00561908]), array([-0.00160163]), array([0.00279396]), array([0.0128611])]
2025-12-31 00:50:21,650 [ERROR] (WorkerAgent) [8304] [job-2e97bb2c6462 ERR] 2025-12-31 00:50:18,646 DDP_Script [Rank 0] [INFO] allocation results: [{'shard_pct': 0.5, 'batch_size': 32, 'lr': 0.00102716, 'num_workers': 4}]
2025-12-31 00:50:21,650 [ERROR] (WorkerAgent) [8304] [job-2e97bb2c6462 ERR] 2025-12-31 00:50:18,647 DDP_Script [Rank 0] [INFO] local_alloc: {'shard_pct': 1.0, 'batch_size': 32, 'lr': 0.00102716, 'num_workers': 4}
2025-12-31 00:50:21,650 [ERROR] (WorkerAgent) [8304] [job-2e97bb2c6462 ERR] 2025-12-31 00:50:18,665 DDP_Script [Rank 0] [INFO] Saving checkpoint to ./checkpoints/job-2e97bb2c6462/latest_checkpoint.pth ...
2025-12-31 00:50:21,650 [ERROR] (WorkerAgent) [8304] [job-2e97bb2c6462 ERR] 2025-12-31 00:50:19,139 DDP_Script [Rank 0] [INFO] Successfully reported epoch 20/20 (Acc: 62.84%) to global server.
2025-12-31 00:50:21,650 [ERROR] (WorkerAgent) [8304] [job-2e97bb2c6462 ERR] 2025-12-31 00:50:19,141 DDP_Script [Rank 0] [INFO] Training completed successfully.
2025-12-31 00:50:21,650 [ERROR] (WorkerAgent) [8304] [job-2e97bb2c6462 ERR] 2025-12-31 00:50:19,141 DDP_Script [Rank 0] [INFO] Training loop finished.
2025-12-31 00:50:21,766 [INFO] (WorkerAgent) [8304] [job-2e97bb2c6462] Process finished. Return Code: 0
2025-12-31 00:50:22,151 [INFO] (WorkerAgent) [8304] [job-6c7cec60044e] Launch Request received.
2025-12-31 00:50:22,160 [INFO] (WorkerAgent) [8304] [job-6c7cec60044e] Launched attempt 1 with STOP_FLAG_PATH=/tmp/job-6c7cec60044e-attempt-1.flag, pid=763337
INFO:     163.180.117.216:46912 - "POST /launch_task HTTP/1.1" 200 OK
2025-12-31 00:50:26,551 [INFO] (WorkerAgent) [8304] [job-6c7cec60044e OUT] Current CUDA device index: 0
2025-12-31 00:50:26,551 [INFO] (WorkerAgent) [8304] [job-6c7cec60044e OUT] Current CUDA device name: NVIDIA RTX A5000
2025-12-31 00:50:26,551 [INFO] (WorkerAgent) [8304] [job-6c7cec60044e OUT] Master address: 163.180.160.62, port: 29507
2025-12-31 00:50:26,557 [INFO] (WorkerAgent) [8304] [job-6c7cec60044e OUT] [Gloo] Rank 0 is connected to 0 peer ranks. Expected number of connected peer ranks is : 0
2025-12-31 01:30:15,370 [INFO] (WorkerAgent) [8304] [job-6c7cec60044e] Created stop flag at /tmp/job-6c7cec60044e-attempt-1.flag
2025-12-31 01:30:15,370 [INFO] (WorkerAgent) [8304] [job-6c7cec60044e] Sending SIGTERM to process 763337
2025-12-31 01:30:15,485 [INFO] (WorkerAgent) [8304] [job-6c7cec60044e] Process terminated gracefully.
2025-12-31 01:30:15,533 [INFO] (WorkerAgent) [8304] [job-6c7cec60044e] Reported job_stopped to global server.
INFO:     163.180.117.216:42822 - "POST /stop_task HTTP/1.1" 200 OK
2025-12-31 01:30:19,378 [INFO] (WorkerAgent) [8304] [job-456dbf260449] Launch Request received.
2025-12-31 01:30:19,398 [INFO] (WorkerAgent) [8304] [job-456dbf260449] Launched attempt 1 with STOP_FLAG_PATH=/tmp/job-456dbf260449-attempt-1.flag, pid=768412
INFO:     163.180.117.216:56062 - "POST /launch_task HTTP/1.1" 200 OK
2025-12-31 01:30:26,183 [INFO] (WorkerAgent) [8304] [job-456dbf260449 OUT] Current CUDA device index: 0
2025-12-31 01:30:26,184 [INFO] (WorkerAgent) [8304] [job-456dbf260449 OUT] Current CUDA device name: NVIDIA RTX A5000
2025-12-31 01:30:26,184 [INFO] (WorkerAgent) [8304] [job-456dbf260449 OUT] Master address: 163.180.160.62, port: 29511
2025-12-31 01:30:26,198 [INFO] (WorkerAgent) [8304] [job-456dbf260449 OUT] [Gloo] Rank 3 is connected to 3 peer ranks. Expected number of connected peer ranks is : 3
2025-12-31 01:42:13,289 [INFO] (WorkerAgent) [8304] [job-ff781756cbeb] Launch Request received.
2025-12-31 01:42:13,297 [INFO] (WorkerAgent) [8304] [job-ff781756cbeb] Launched attempt 1 with STOP_FLAG_PATH=/tmp/job-ff781756cbeb-attempt-1.flag, pid=772880
INFO:     163.180.117.216:55882 - "POST /launch_task HTTP/1.1" 200 OK
2025-12-31 01:42:15,949 [ERROR] (WorkerAgent) [8304] [job-456dbf260449 ERR] 2025-12-31 01:30:26,184 DDP_Script [Rank 3] [INFO] Node rank: 3, world size: 4
2025-12-31 01:42:15,950 [ERROR] (WorkerAgent) [8304] [job-456dbf260449 ERR] 2025-12-31 01:30:26,198 DDP_Script [Rank 3] [INFO] Process group initialized: 163.180.160.62:29511
2025-12-31 01:42:15,950 [ERROR] (WorkerAgent) [8304] [job-456dbf260449 ERR] 2025-12-31 01:30:26,198 DDP_Script [Rank 3] [INFO] Rank 3/4 initialized
2025-12-31 01:42:15,950 [ERROR] (WorkerAgent) [8304] [job-456dbf260449 ERR] /data/breath12/anaconda3/envs/Dist2/lib/python3.9/site-packages/torchvision/models/_utils.py:208: UserWarning: The parameter 'pretrained' is deprecated since 0.13 and may be removed in the future, please use 'weights' instead.
2025-12-31 01:42:15,950 [ERROR] (WorkerAgent) [8304] [job-456dbf260449 ERR]   warnings.warn(
2025-12-31 01:42:15,950 [ERROR] (WorkerAgent) [8304] [job-456dbf260449 ERR] /data/breath12/anaconda3/envs/Dist2/lib/python3.9/site-packages/torchvision/models/_utils.py:223: UserWarning: Arguments other than a weight enum or `None` for 'weights' are deprecated since 0.13 and may be removed in the future. The current behavior is equivalent to passing `weights=None`.
2025-12-31 01:42:15,950 [ERROR] (WorkerAgent) [8304] [job-456dbf260449 ERR]   warnings.warn(msg)
2025-12-31 01:42:15,950 [ERROR] (WorkerAgent) [8304] [job-456dbf260449 ERR] 2025-12-31 01:30:28,056 DDP_Script [Rank 3] [INFO] Model, DDP, criterion, optimizer initialized
2025-12-31 01:42:15,950 [ERROR] (WorkerAgent) [8304] [job-456dbf260449 ERR] 2025-12-31 01:30:28,078 DDP_Script [Rank 3] [INFO] Modules initialized
2025-12-31 01:42:15,950 [ERROR] (WorkerAgent) [8304] [job-456dbf260449 ERR] 2025-12-31 01:30:28,079 DDP_Script [Rank 3] [INFO] Starting training from scratch (epoch 1).
2025-12-31 01:42:15,950 [ERROR] (WorkerAgent) [8304] [job-456dbf260449 ERR] 2025-12-31 01:30:28,084 DDP_Script [Rank 3] [INFO] epoch 1 시작
2025-12-31 01:42:15,950 [ERROR] (WorkerAgent) [8304] [job-456dbf260449 ERR] 2025-12-31 01:30:28,122 DDP_Script [Rank 3] [INFO] DataLoader created with batch_size=32, num_workers=4
2025-12-31 01:42:15,950 [ERROR] (WorkerAgent) [8304] [job-456dbf260449 ERR] 2025-12-31 01:30:28,133 DDP_Script [Rank 3] [INFO] local_steps=391, global_steps=391
2025-12-31 01:42:15,950 [ERROR] (WorkerAgent) [8304] [job-456dbf260449 ERR] 2025-12-31 01:31:01,794 DDP_Script [Rank 3] [INFO] epoch 1 train step time: 33.66 seconds
2025-12-31 01:42:15,950 [ERROR] (WorkerAgent) [8304] [job-456dbf260449 ERR] 2025-12-31 01:31:01,796 DDP_Script [Rank 3] [INFO] epoch 1 끝 (local_steps=391, global_steps=391)
2025-12-31 01:42:15,950 [ERROR] (WorkerAgent) [8304] [job-456dbf260449 ERR] 2025-12-31 01:31:03,695 DDP_Script [Rank 3] [INFO] val acc 16.41%
2025-12-31 01:42:15,950 [ERROR] (WorkerAgent) [8304] [job-456dbf260449 ERR] 2025-12-31 01:31:03,729 DDP_Script [Rank 3] [INFO] local_alloc: {'shard_pct': 0.25, 'batch_size': 32, 'lr': 0.0010735900000000001, 'num_workers': 5}
2025-12-31 01:42:15,950 [ERROR] (WorkerAgent) [8304] [job-456dbf260449 ERR] 2025-12-31 01:31:04,174 DDP_Script [Rank 3] [INFO] epoch 2 시작
2025-12-31 01:42:15,951 [ERROR] (WorkerAgent) [8304] [job-456dbf260449 ERR] 2025-12-31 01:31:04,191 DDP_Script [Rank 3] [INFO] DataLoader created with batch_size=32, num_workers=5
2025-12-31 01:42:15,951 [ERROR] (WorkerAgent) [8304] [job-456dbf260449 ERR] 2025-12-31 01:31:04,198 DDP_Script [Rank 3] [INFO] local_steps=391, global_steps=391
2025-12-31 01:42:15,951 [ERROR] (WorkerAgent) [8304] [job-456dbf260449 ERR] 2025-12-31 01:31:37,138 DDP_Script [Rank 3] [INFO] epoch 2 train step time: 32.94 seconds
2025-12-31 01:42:15,951 [ERROR] (WorkerAgent) [8304] [job-456dbf260449 ERR] 2025-12-31 01:31:37,141 DDP_Script [Rank 3] [INFO] epoch 2 끝 (local_steps=391, global_steps=391)
2025-12-31 01:42:15,951 [ERROR] (WorkerAgent) [8304] [job-456dbf260449 ERR] 2025-12-31 01:31:38,830 DDP_Script [Rank 3] [INFO] val acc 32.17%
2025-12-31 01:42:15,951 [ERROR] (WorkerAgent) [8304] [job-456dbf260449 ERR] 2025-12-31 01:31:38,864 DDP_Script [Rank 3] [INFO] local_alloc: {'shard_pct': 0.25, 'batch_size': 32, 'lr': 0.00105783, 'num_workers': 5}
2025-12-31 01:42:15,951 [ERROR] (WorkerAgent) [8304] [job-456dbf260449 ERR] 2025-12-31 01:31:39,240 DDP_Script [Rank 3] [INFO] epoch 3 시작
2025-12-31 01:42:15,951 [ERROR] (WorkerAgent) [8304] [job-456dbf260449 ERR] 2025-12-31 01:31:39,256 DDP_Script [Rank 3] [INFO] DataLoader created with batch_size=32, num_workers=5
2025-12-31 01:42:15,951 [ERROR] (WorkerAgent) [8304] [job-456dbf260449 ERR] 2025-12-31 01:31:39,258 DDP_Script [Rank 3] [INFO] local_steps=391, global_steps=391
2025-12-31 01:42:15,951 [ERROR] (WorkerAgent) [8304] [job-456dbf260449 ERR] 2025-12-31 01:32:12,362 DDP_Script [Rank 3] [INFO] epoch 3 train step time: 33.10 seconds
2025-12-31 01:42:15,951 [ERROR] (WorkerAgent) [8304] [job-456dbf260449 ERR] 2025-12-31 01:32:12,364 DDP_Script [Rank 3] [INFO] epoch 3 끝 (local_steps=391, global_steps=391)
2025-12-31 01:42:15,951 [ERROR] (WorkerAgent) [8304] [job-456dbf260449 ERR] 2025-12-31 01:32:14,018 DDP_Script [Rank 3] [INFO] val acc 42.01%
2025-12-31 01:42:15,951 [ERROR] (WorkerAgent) [8304] [job-456dbf260449 ERR] 2025-12-31 01:32:14,052 DDP_Script [Rank 3] [INFO] local_alloc: {'shard_pct': 0.25, 'batch_size': 32, 'lr': 0.00104799, 'num_workers': 5}
2025-12-31 01:42:15,951 [ERROR] (WorkerAgent) [8304] [job-456dbf260449 ERR] 2025-12-31 01:32:14,479 DDP_Script [Rank 3] [INFO] epoch 4 시작
2025-12-31 01:42:15,951 [ERROR] (WorkerAgent) [8304] [job-456dbf260449 ERR] 2025-12-31 01:32:14,496 DDP_Script [Rank 3] [INFO] DataLoader created with batch_size=32, num_workers=5
2025-12-31 01:42:15,951 [ERROR] (WorkerAgent) [8304] [job-456dbf260449 ERR] 2025-12-31 01:32:14,504 DDP_Script [Rank 3] [INFO] local_steps=391, global_steps=391
2025-12-31 01:42:15,951 [ERROR] (WorkerAgent) [8304] [job-456dbf260449 ERR] 2025-12-31 01:32:47,358 DDP_Script [Rank 3] [INFO] epoch 4 train step time: 32.85 seconds
2025-12-31 01:42:15,951 [ERROR] (WorkerAgent) [8304] [job-456dbf260449 ERR] 2025-12-31 01:32:47,361 DDP_Script [Rank 3] [INFO] epoch 4 끝 (local_steps=391, global_steps=391)
2025-12-31 01:42:15,951 [ERROR] (WorkerAgent) [8304] [job-456dbf260449 ERR] 2025-12-31 01:32:49,068 DDP_Script [Rank 3] [INFO] val acc 46.27%
2025-12-31 01:42:15,952 [ERROR] (WorkerAgent) [8304] [job-456dbf260449 ERR] 2025-12-31 01:32:49,102 DDP_Script [Rank 3] [INFO] local_alloc: {'shard_pct': 0.25, 'batch_size': 32, 'lr': 0.00104373, 'num_workers': 4}
2025-12-31 01:42:15,952 [ERROR] (WorkerAgent) [8304] [job-456dbf260449 ERR] 2025-12-31 01:32:49,466 DDP_Script [Rank 3] [INFO] epoch 5 시작
2025-12-31 01:42:15,952 [ERROR] (WorkerAgent) [8304] [job-456dbf260449 ERR] 2025-12-31 01:32:49,483 DDP_Script [Rank 3] [INFO] DataLoader created with batch_size=32, num_workers=4
2025-12-31 01:42:15,952 [ERROR] (WorkerAgent) [8304] [job-456dbf260449 ERR] 2025-12-31 01:32:49,486 DDP_Script [Rank 3] [INFO] local_steps=391, global_steps=391
2025-12-31 01:42:15,952 [ERROR] (WorkerAgent) [8304] [job-456dbf260449 ERR] 2025-12-31 01:33:22,352 DDP_Script [Rank 3] [INFO] epoch 5 train step time: 32.87 seconds
2025-12-31 01:42:15,952 [ERROR] (WorkerAgent) [8304] [job-456dbf260449 ERR] 2025-12-31 01:33:22,358 DDP_Script [Rank 3] [INFO] epoch 5 끝 (local_steps=391, global_steps=391)
2025-12-31 01:42:15,952 [ERROR] (WorkerAgent) [8304] [job-456dbf260449 ERR] 2025-12-31 01:33:24,070 DDP_Script [Rank 3] [INFO] val acc 52.47%
2025-12-31 01:42:15,952 [ERROR] (WorkerAgent) [8304] [job-456dbf260449 ERR] 2025-12-31 01:33:24,104 DDP_Script [Rank 3] [INFO] local_alloc: {'shard_pct': 0.25, 'batch_size': 32, 'lr': 0.00103753, 'num_workers': 5}
2025-12-31 01:42:15,952 [ERROR] (WorkerAgent) [8304] [job-456dbf260449 ERR] 2025-12-31 01:33:24,462 DDP_Script [Rank 3] [INFO] epoch 6 시작
2025-12-31 01:42:15,952 [ERROR] (WorkerAgent) [8304] [job-456dbf260449 ERR] 2025-12-31 01:33:24,477 DDP_Script [Rank 3] [INFO] DataLoader created with batch_size=32, num_workers=5
2025-12-31 01:42:15,952 [ERROR] (WorkerAgent) [8304] [job-456dbf260449 ERR] 2025-12-31 01:33:24,484 DDP_Script [Rank 3] [INFO] local_steps=391, global_steps=391
2025-12-31 01:42:15,952 [ERROR] (WorkerAgent) [8304] [job-456dbf260449 ERR] 2025-12-31 01:33:57,241 DDP_Script [Rank 3] [INFO] epoch 6 train step time: 32.76 seconds
2025-12-31 01:42:15,952 [ERROR] (WorkerAgent) [8304] [job-456dbf260449 ERR] 2025-12-31 01:33:57,247 DDP_Script [Rank 3] [INFO] epoch 6 끝 (local_steps=391, global_steps=391)
2025-12-31 01:42:15,952 [ERROR] (WorkerAgent) [8304] [job-456dbf260449 ERR] 2025-12-31 01:33:58,892 DDP_Script [Rank 3] [INFO] val acc 52.17%
2025-12-31 01:42:15,952 [ERROR] (WorkerAgent) [8304] [job-456dbf260449 ERR] 2025-12-31 01:33:58,926 DDP_Script [Rank 3] [INFO] local_alloc: {'shard_pct': 0.25, 'batch_size': 32, 'lr': 0.00103783, 'num_workers': 5}
2025-12-31 01:42:15,952 [ERROR] (WorkerAgent) [8304] [job-456dbf260449 ERR] 2025-12-31 01:33:59,344 DDP_Script [Rank 3] [INFO] epoch 7 시작
2025-12-31 01:42:15,952 [ERROR] (WorkerAgent) [8304] [job-456dbf260449 ERR] 2025-12-31 01:33:59,361 DDP_Script [Rank 3] [INFO] DataLoader created with batch_size=32, num_workers=5
2025-12-31 01:42:15,952 [ERROR] (WorkerAgent) [8304] [job-456dbf260449 ERR] 2025-12-31 01:33:59,374 DDP_Script [Rank 3] [INFO] local_steps=391, global_steps=391
2025-12-31 01:42:15,952 [ERROR] (WorkerAgent) [8304] [job-456dbf260449 ERR] 2025-12-31 01:34:32,033 DDP_Script [Rank 3] [INFO] epoch 7 train step time: 32.66 seconds
2025-12-31 01:42:15,953 [ERROR] (WorkerAgent) [8304] [job-456dbf260449 ERR] 2025-12-31 01:34:32,036 DDP_Script [Rank 3] [INFO] epoch 7 끝 (local_steps=391, global_steps=391)
2025-12-31 01:42:15,953 [ERROR] (WorkerAgent) [8304] [job-456dbf260449 ERR] 2025-12-31 01:34:33,693 DDP_Script [Rank 3] [INFO] val acc 56.71%
2025-12-31 01:42:15,953 [ERROR] (WorkerAgent) [8304] [job-456dbf260449 ERR] 2025-12-31 01:34:33,726 DDP_Script [Rank 3] [INFO] local_alloc: {'shard_pct': 0.25, 'batch_size': 32, 'lr': 0.00103329, 'num_workers': 4}
2025-12-31 01:42:15,953 [ERROR] (WorkerAgent) [8304] [job-456dbf260449 ERR] 2025-12-31 01:34:34,120 DDP_Script [Rank 3] [INFO] epoch 8 시작
2025-12-31 01:42:15,953 [ERROR] (WorkerAgent) [8304] [job-456dbf260449 ERR] 2025-12-31 01:34:34,141 DDP_Script [Rank 3] [INFO] DataLoader created with batch_size=32, num_workers=4
2025-12-31 01:42:15,953 [ERROR] (WorkerAgent) [8304] [job-456dbf260449 ERR] 2025-12-31 01:34:34,144 DDP_Script [Rank 3] [INFO] local_steps=391, global_steps=391
2025-12-31 01:42:15,953 [ERROR] (WorkerAgent) [8304] [job-456dbf260449 ERR] 2025-12-31 01:35:07,105 DDP_Script [Rank 3] [INFO] epoch 8 train step time: 32.96 seconds
2025-12-31 01:42:15,953 [ERROR] (WorkerAgent) [8304] [job-456dbf260449 ERR] 2025-12-31 01:35:07,110 DDP_Script [Rank 3] [INFO] epoch 8 끝 (local_steps=391, global_steps=391)
2025-12-31 01:42:15,953 [ERROR] (WorkerAgent) [8304] [job-456dbf260449 ERR] 2025-12-31 01:35:08,818 DDP_Script [Rank 3] [INFO] val acc 59.73%
2025-12-31 01:42:15,953 [ERROR] (WorkerAgent) [8304] [job-456dbf260449 ERR] 2025-12-31 01:35:08,852 DDP_Script [Rank 3] [INFO] local_alloc: {'shard_pct': 0.25, 'batch_size': 32, 'lr': 0.00103027, 'num_workers': 5}
2025-12-31 01:42:15,953 [ERROR] (WorkerAgent) [8304] [job-456dbf260449 ERR] 2025-12-31 01:35:09,235 DDP_Script [Rank 3] [INFO] epoch 9 시작
2025-12-31 01:42:15,953 [ERROR] (WorkerAgent) [8304] [job-456dbf260449 ERR] 2025-12-31 01:35:09,251 DDP_Script [Rank 3] [INFO] DataLoader created with batch_size=32, num_workers=5
2025-12-31 01:42:15,953 [ERROR] (WorkerAgent) [8304] [job-456dbf260449 ERR] 2025-12-31 01:35:09,253 DDP_Script [Rank 3] [INFO] local_steps=391, global_steps=391
2025-12-31 01:42:15,953 [ERROR] (WorkerAgent) [8304] [job-456dbf260449 ERR] 2025-12-31 01:35:42,172 DDP_Script [Rank 3] [INFO] epoch 9 train step time: 32.92 seconds
2025-12-31 01:42:15,953 [ERROR] (WorkerAgent) [8304] [job-456dbf260449 ERR] 2025-12-31 01:35:42,174 DDP_Script [Rank 3] [INFO] epoch 9 끝 (local_steps=391, global_steps=391)
2025-12-31 01:42:15,953 [ERROR] (WorkerAgent) [8304] [job-456dbf260449 ERR] 2025-12-31 01:35:43,882 DDP_Script [Rank 3] [INFO] val acc 60.58%
2025-12-31 01:42:15,953 [ERROR] (WorkerAgent) [8304] [job-456dbf260449 ERR] 2025-12-31 01:35:43,918 DDP_Script [Rank 3] [INFO] local_alloc: {'shard_pct': 0.25, 'batch_size': 32, 'lr': 0.00102942, 'num_workers': 5}
2025-12-31 01:42:15,953 [ERROR] (WorkerAgent) [8304] [job-456dbf260449 ERR] 2025-12-31 01:35:44,333 DDP_Script [Rank 3] [INFO] epoch 10 시작
2025-12-31 01:42:15,953 [ERROR] (WorkerAgent) [8304] [job-456dbf260449 ERR] 2025-12-31 01:35:44,348 DDP_Script [Rank 3] [INFO] DataLoader created with batch_size=32, num_workers=5
2025-12-31 01:42:15,954 [ERROR] (WorkerAgent) [8304] [job-456dbf260449 ERR] 2025-12-31 01:35:44,357 DDP_Script [Rank 3] [INFO] local_steps=391, global_steps=391
2025-12-31 01:42:15,954 [ERROR] (WorkerAgent) [8304] [job-456dbf260449 ERR] 2025-12-31 01:36:17,153 DDP_Script [Rank 3] [INFO] epoch 10 train step time: 32.80 seconds
2025-12-31 01:42:15,954 [ERROR] (WorkerAgent) [8304] [job-456dbf260449 ERR] 2025-12-31 01:36:17,159 DDP_Script [Rank 3] [INFO] epoch 10 끝 (local_steps=391, global_steps=391)
2025-12-31 01:42:15,954 [ERROR] (WorkerAgent) [8304] [job-456dbf260449 ERR] 2025-12-31 01:36:18,811 DDP_Script [Rank 3] [INFO] val acc 63.25%
2025-12-31 01:42:15,954 [ERROR] (WorkerAgent) [8304] [job-456dbf260449 ERR] 2025-12-31 01:36:18,834 DDP_Script [Rank 3] [INFO] local_alloc: {'shard_pct': 0.25, 'batch_size': 32, 'lr': 0.00102675, 'num_workers': 4}
2025-12-31 01:42:15,954 [ERROR] (WorkerAgent) [8304] [job-456dbf260449 ERR] 2025-12-31 01:36:19,195 DDP_Script [Rank 3] [INFO] epoch 11 시작
2025-12-31 01:42:15,954 [ERROR] (WorkerAgent) [8304] [job-456dbf260449 ERR] 2025-12-31 01:36:19,211 DDP_Script [Rank 3] [INFO] DataLoader created with batch_size=32, num_workers=4
2025-12-31 01:42:15,954 [ERROR] (WorkerAgent) [8304] [job-456dbf260449 ERR] 2025-12-31 01:36:19,213 DDP_Script [Rank 3] [INFO] local_steps=391, global_steps=391
2025-12-31 01:42:15,954 [ERROR] (WorkerAgent) [8304] [job-456dbf260449 ERR] 2025-12-31 01:36:52,201 DDP_Script [Rank 3] [INFO] epoch 11 train step time: 32.99 seconds
2025-12-31 01:42:15,954 [ERROR] (WorkerAgent) [8304] [job-456dbf260449 ERR] 2025-12-31 01:36:52,216 DDP_Script [Rank 3] [INFO] epoch 11 끝 (local_steps=391, global_steps=391)
2025-12-31 01:42:15,954 [ERROR] (WorkerAgent) [8304] [job-456dbf260449 ERR] 2025-12-31 01:36:53,893 DDP_Script [Rank 3] [INFO] val acc 63.61%
2025-12-31 01:42:15,954 [ERROR] (WorkerAgent) [8304] [job-456dbf260449 ERR] 2025-12-31 01:36:53,926 DDP_Script [Rank 3] [INFO] local_alloc: {'shard_pct': 0.25, 'batch_size': 32, 'lr': 0.0010263899999999999, 'num_workers': 7}
2025-12-31 01:42:15,954 [ERROR] (WorkerAgent) [8304] [job-456dbf260449 ERR] 2025-12-31 01:36:54,350 DDP_Script [Rank 3] [INFO] epoch 12 시작
2025-12-31 01:42:15,954 [ERROR] (WorkerAgent) [8304] [job-456dbf260449 ERR] 2025-12-31 01:36:54,367 DDP_Script [Rank 3] [INFO] DataLoader created with batch_size=32, num_workers=7
2025-12-31 01:42:15,954 [ERROR] (WorkerAgent) [8304] [job-456dbf260449 ERR] 2025-12-31 01:36:54,375 DDP_Script [Rank 3] [INFO] local_steps=391, global_steps=391
2025-12-31 01:42:15,954 [ERROR] (WorkerAgent) [8304] [job-456dbf260449 ERR] 2025-12-31 01:37:27,250 DDP_Script [Rank 3] [INFO] epoch 12 train step time: 32.87 seconds
2025-12-31 01:42:15,954 [ERROR] (WorkerAgent) [8304] [job-456dbf260449 ERR] 2025-12-31 01:37:27,265 DDP_Script [Rank 3] [INFO] epoch 12 끝 (local_steps=391, global_steps=391)
2025-12-31 01:42:15,954 [ERROR] (WorkerAgent) [8304] [job-456dbf260449 ERR] 2025-12-31 01:37:28,978 DDP_Script [Rank 3] [INFO] val acc 63.47%
2025-12-31 01:42:15,954 [ERROR] (WorkerAgent) [8304] [job-456dbf260449 ERR] 2025-12-31 01:37:29,013 DDP_Script [Rank 3] [INFO] local_alloc: {'shard_pct': 0.25, 'batch_size': 32, 'lr': 0.0010265299999999999, 'num_workers': 5}
2025-12-31 01:42:15,955 [ERROR] (WorkerAgent) [8304] [job-456dbf260449 ERR] 2025-12-31 01:37:29,396 DDP_Script [Rank 3] [INFO] epoch 13 시작
2025-12-31 01:42:15,955 [ERROR] (WorkerAgent) [8304] [job-456dbf260449 ERR] 2025-12-31 01:37:29,411 DDP_Script [Rank 3] [INFO] DataLoader created with batch_size=32, num_workers=5
2025-12-31 01:42:15,955 [ERROR] (WorkerAgent) [8304] [job-456dbf260449 ERR] 2025-12-31 01:37:29,416 DDP_Script [Rank 3] [INFO] local_steps=391, global_steps=391
2025-12-31 01:42:15,955 [ERROR] (WorkerAgent) [8304] [job-456dbf260449 ERR] 2025-12-31 01:38:02,602 DDP_Script [Rank 3] [INFO] epoch 13 train step time: 33.19 seconds
2025-12-31 01:42:15,955 [ERROR] (WorkerAgent) [8304] [job-456dbf260449 ERR] 2025-12-31 01:38:02,611 DDP_Script [Rank 3] [INFO] epoch 13 끝 (local_steps=391, global_steps=391)
2025-12-31 01:42:15,955 [ERROR] (WorkerAgent) [8304] [job-456dbf260449 ERR] 2025-12-31 01:38:04,304 DDP_Script [Rank 3] [INFO] val acc 65.37%
2025-12-31 01:42:15,955 [ERROR] (WorkerAgent) [8304] [job-456dbf260449 ERR] 2025-12-31 01:38:04,337 DDP_Script [Rank 3] [INFO] local_alloc: {'shard_pct': 0.25, 'batch_size': 32, 'lr': 0.00102463, 'num_workers': 5}
2025-12-31 01:42:15,955 [ERROR] (WorkerAgent) [8304] [job-456dbf260449 ERR] 2025-12-31 01:38:04,700 DDP_Script [Rank 3] [INFO] epoch 14 시작
2025-12-31 01:42:15,955 [ERROR] (WorkerAgent) [8304] [job-456dbf260449 ERR] 2025-12-31 01:38:04,716 DDP_Script [Rank 3] [INFO] DataLoader created with batch_size=32, num_workers=5
2025-12-31 01:42:15,955 [ERROR] (WorkerAgent) [8304] [job-456dbf260449 ERR] 2025-12-31 01:38:04,717 DDP_Script [Rank 3] [INFO] local_steps=391, global_steps=391
2025-12-31 01:42:15,955 [ERROR] (WorkerAgent) [8304] [job-456dbf260449 ERR] 2025-12-31 01:38:37,565 DDP_Script [Rank 3] [INFO] epoch 14 train step time: 32.85 seconds
2025-12-31 01:42:15,955 [ERROR] (WorkerAgent) [8304] [job-456dbf260449 ERR] 2025-12-31 01:38:37,568 DDP_Script [Rank 3] [INFO] epoch 14 끝 (local_steps=391, global_steps=391)
2025-12-31 01:42:15,955 [ERROR] (WorkerAgent) [8304] [job-456dbf260449 ERR] 2025-12-31 01:38:39,370 DDP_Script [Rank 3] [INFO] val acc 65.21%
2025-12-31 01:42:15,955 [ERROR] (WorkerAgent) [8304] [job-456dbf260449 ERR] 2025-12-31 01:38:39,404 DDP_Script [Rank 3] [INFO] local_alloc: {'shard_pct': 0.25, 'batch_size': 32, 'lr': 0.00102479, 'num_workers': 4}
2025-12-31 01:42:15,955 [ERROR] (WorkerAgent) [8304] [job-456dbf260449 ERR] 2025-12-31 01:38:39,767 DDP_Script [Rank 3] [INFO] epoch 15 시작
2025-12-31 01:42:15,955 [ERROR] (WorkerAgent) [8304] [job-456dbf260449 ERR] 2025-12-31 01:38:39,783 DDP_Script [Rank 3] [INFO] DataLoader created with batch_size=32, num_workers=4
2025-12-31 01:42:15,955 [ERROR] (WorkerAgent) [8304] [job-456dbf260449 ERR] 2025-12-31 01:38:39,785 DDP_Script [Rank 3] [INFO] local_steps=391, global_steps=391
2025-12-31 01:42:15,955 [ERROR] (WorkerAgent) [8304] [job-456dbf260449 ERR] 2025-12-31 01:39:12,420 DDP_Script [Rank 3] [INFO] epoch 15 train step time: 32.63 seconds
2025-12-31 01:42:15,955 [ERROR] (WorkerAgent) [8304] [job-456dbf260449 ERR] 2025-12-31 01:39:12,425 DDP_Script [Rank 3] [INFO] epoch 15 끝 (local_steps=391, global_steps=391)
2025-12-31 01:42:15,956 [ERROR] (WorkerAgent) [8304] [job-456dbf260449 ERR] 2025-12-31 01:39:14,097 DDP_Script [Rank 3] [INFO] val acc 64.92%
2025-12-31 01:42:15,956 [ERROR] (WorkerAgent) [8304] [job-456dbf260449 ERR] 2025-12-31 01:39:14,132 DDP_Script [Rank 3] [INFO] local_alloc: {'shard_pct': 0.25, 'batch_size': 32, 'lr': 0.00102508, 'num_workers': 5}
2025-12-31 01:42:15,956 [ERROR] (WorkerAgent) [8304] [job-456dbf260449 ERR] 2025-12-31 01:39:14,528 DDP_Script [Rank 3] [INFO] epoch 16 시작
2025-12-31 01:42:15,956 [ERROR] (WorkerAgent) [8304] [job-456dbf260449 ERR] 2025-12-31 01:39:14,544 DDP_Script [Rank 3] [INFO] DataLoader created with batch_size=32, num_workers=5
2025-12-31 01:42:15,956 [ERROR] (WorkerAgent) [8304] [job-456dbf260449 ERR] 2025-12-31 01:39:14,561 DDP_Script [Rank 3] [INFO] local_steps=391, global_steps=391
2025-12-31 01:42:15,956 [ERROR] (WorkerAgent) [8304] [job-456dbf260449 ERR] 2025-12-31 01:39:47,377 DDP_Script [Rank 3] [INFO] epoch 16 train step time: 32.82 seconds
2025-12-31 01:42:15,956 [ERROR] (WorkerAgent) [8304] [job-456dbf260449 ERR] 2025-12-31 01:39:47,384 DDP_Script [Rank 3] [INFO] epoch 16 끝 (local_steps=391, global_steps=391)
2025-12-31 01:42:15,956 [ERROR] (WorkerAgent) [8304] [job-456dbf260449 ERR] 2025-12-31 01:39:49,062 DDP_Script [Rank 3] [INFO] val acc 65.09%
2025-12-31 01:42:15,956 [ERROR] (WorkerAgent) [8304] [job-456dbf260449 ERR] 2025-12-31 01:39:49,096 DDP_Script [Rank 3] [INFO] local_alloc: {'shard_pct': 0.25, 'batch_size': 32, 'lr': 0.00102491, 'num_workers': 5}
2025-12-31 01:42:15,956 [ERROR] (WorkerAgent) [8304] [job-456dbf260449 ERR] 2025-12-31 01:39:49,462 DDP_Script [Rank 3] [INFO] epoch 17 시작
2025-12-31 01:42:15,956 [ERROR] (WorkerAgent) [8304] [job-456dbf260449 ERR] 2025-12-31 01:39:49,478 DDP_Script [Rank 3] [INFO] DataLoader created with batch_size=32, num_workers=5
2025-12-31 01:42:15,956 [ERROR] (WorkerAgent) [8304] [job-456dbf260449 ERR] 2025-12-31 01:39:49,480 DDP_Script [Rank 3] [INFO] local_steps=391, global_steps=391
2025-12-31 01:42:15,956 [ERROR] (WorkerAgent) [8304] [job-456dbf260449 ERR] 2025-12-31 01:40:23,001 DDP_Script [Rank 3] [INFO] epoch 17 train step time: 33.52 seconds
2025-12-31 01:42:15,956 [ERROR] (WorkerAgent) [8304] [job-456dbf260449 ERR] 2025-12-31 01:40:23,003 DDP_Script [Rank 3] [INFO] epoch 17 끝 (local_steps=391, global_steps=391)
2025-12-31 01:42:15,956 [ERROR] (WorkerAgent) [8304] [job-456dbf260449 ERR] 2025-12-31 01:40:24,725 DDP_Script [Rank 3] [INFO] val acc 65.26%
2025-12-31 01:42:15,956 [ERROR] (WorkerAgent) [8304] [job-456dbf260449 ERR] 2025-12-31 01:40:24,760 DDP_Script [Rank 3] [INFO] local_alloc: {'shard_pct': 0.25, 'batch_size': 32, 'lr': 0.0010247400000000001, 'num_workers': 5}
2025-12-31 01:42:15,956 [ERROR] (WorkerAgent) [8304] [job-456dbf260449 ERR] 2025-12-31 01:40:25,117 DDP_Script [Rank 3] [INFO] epoch 18 시작
2025-12-31 01:42:15,956 [ERROR] (WorkerAgent) [8304] [job-456dbf260449 ERR] 2025-12-31 01:40:25,138 DDP_Script [Rank 3] [INFO] DataLoader created with batch_size=32, num_workers=5
2025-12-31 01:42:15,956 [ERROR] (WorkerAgent) [8304] [job-456dbf260449 ERR] 2025-12-31 01:40:25,140 DDP_Script [Rank 3] [INFO] local_steps=391, global_steps=391
2025-12-31 01:42:15,957 [ERROR] (WorkerAgent) [8304] [job-456dbf260449 ERR] 2025-12-31 01:40:57,783 DDP_Script [Rank 3] [INFO] epoch 18 train step time: 32.64 seconds
2025-12-31 01:42:15,957 [ERROR] (WorkerAgent) [8304] [job-456dbf260449 ERR] 2025-12-31 01:40:57,800 DDP_Script [Rank 3] [INFO] epoch 18 끝 (local_steps=391, global_steps=391)
2025-12-31 01:42:15,957 [ERROR] (WorkerAgent) [8304] [job-456dbf260449 ERR] 2025-12-31 01:40:59,508 DDP_Script [Rank 3] [INFO] val acc 64.34%
2025-12-31 01:42:15,957 [ERROR] (WorkerAgent) [8304] [job-456dbf260449 ERR] 2025-12-31 01:40:59,542 DDP_Script [Rank 3] [INFO] local_alloc: {'shard_pct': 0.25, 'batch_size': 32, 'lr': 0.00102566, 'num_workers': 5}
2025-12-31 01:42:15,957 [ERROR] (WorkerAgent) [8304] [job-456dbf260449 ERR] 2025-12-31 01:40:59,901 DDP_Script [Rank 3] [INFO] epoch 19 시작
2025-12-31 01:42:15,957 [ERROR] (WorkerAgent) [8304] [job-456dbf260449 ERR] 2025-12-31 01:40:59,917 DDP_Script [Rank 3] [INFO] DataLoader created with batch_size=32, num_workers=5
2025-12-31 01:42:15,957 [ERROR] (WorkerAgent) [8304] [job-456dbf260449 ERR] 2025-12-31 01:40:59,919 DDP_Script [Rank 3] [INFO] local_steps=391, global_steps=391
2025-12-31 01:42:15,957 [ERROR] (WorkerAgent) [8304] [job-456dbf260449 ERR] 2025-12-31 01:41:32,996 DDP_Script [Rank 3] [INFO] epoch 19 train step time: 33.08 seconds
2025-12-31 01:42:15,957 [ERROR] (WorkerAgent) [8304] [job-456dbf260449 ERR] 2025-12-31 01:41:33,002 DDP_Script [Rank 3] [INFO] epoch 19 끝 (local_steps=391, global_steps=391)
2025-12-31 01:42:15,957 [ERROR] (WorkerAgent) [8304] [job-456dbf260449 ERR] 2025-12-31 01:41:34,695 DDP_Script [Rank 3] [INFO] val acc 64.71%
2025-12-31 01:42:15,957 [ERROR] (WorkerAgent) [8304] [job-456dbf260449 ERR] 2025-12-31 01:41:34,729 DDP_Script [Rank 3] [INFO] local_alloc: {'shard_pct': 0.25, 'batch_size': 32, 'lr': 0.00102529, 'num_workers': 6}
2025-12-31 01:42:15,957 [ERROR] (WorkerAgent) [8304] [job-456dbf260449 ERR] 2025-12-31 01:41:36,126 DDP_Script [Rank 3] [INFO] epoch 20 시작
2025-12-31 01:42:15,957 [ERROR] (WorkerAgent) [8304] [job-456dbf260449 ERR] 2025-12-31 01:41:36,143 DDP_Script [Rank 3] [INFO] DataLoader created with batch_size=32, num_workers=6
2025-12-31 01:42:15,957 [ERROR] (WorkerAgent) [8304] [job-456dbf260449 ERR] 2025-12-31 01:41:36,145 DDP_Script [Rank 3] [INFO] local_steps=391, global_steps=391
2025-12-31 01:42:15,957 [ERROR] (WorkerAgent) [8304] [job-456dbf260449 ERR] 2025-12-31 01:42:09,189 DDP_Script [Rank 3] [INFO] epoch 20 train step time: 33.04 seconds
2025-12-31 01:42:15,957 [ERROR] (WorkerAgent) [8304] [job-456dbf260449 ERR] 2025-12-31 01:42:09,192 DDP_Script [Rank 3] [INFO] epoch 20 끝 (local_steps=391, global_steps=391)
2025-12-31 01:42:15,957 [ERROR] (WorkerAgent) [8304] [job-456dbf260449 ERR] 2025-12-31 01:42:10,874 DDP_Script [Rank 3] [INFO] val acc 65.34%
2025-12-31 01:42:15,957 [ERROR] (WorkerAgent) [8304] [job-456dbf260449 ERR] 2025-12-31 01:42:10,907 DDP_Script [Rank 3] [INFO] local_alloc: {'shard_pct': 0.25, 'batch_size': 32, 'lr': 0.00102466, 'num_workers': 5}
2025-12-31 01:42:15,957 [ERROR] (WorkerAgent) [8304] [job-456dbf260449 ERR] 2025-12-31 01:42:11,269 DDP_Script [Rank 3] [INFO] Training loop finished.
2025-12-31 01:42:16,060 [INFO] (WorkerAgent) [8304] [job-456dbf260449] Process finished. Return Code: 0
2025-12-31 01:42:18,699 [INFO] (WorkerAgent) [8304] [job-ff781756cbeb OUT] Current CUDA device index: 0
2025-12-31 01:42:18,699 [INFO] (WorkerAgent) [8304] [job-ff781756cbeb OUT] Current CUDA device name: NVIDIA RTX A5000
2025-12-31 01:42:18,699 [INFO] (WorkerAgent) [8304] [job-ff781756cbeb OUT] Master address: 163.180.160.62, port: 29512
2025-12-31 01:42:18,717 [INFO] (WorkerAgent) [8304] [job-ff781756cbeb OUT] [Gloo] Rank 3 is connected to 3 peer ranks. Expected number of connected peer ranks is : 3
2025-12-31 01:42:19,420 [INFO] (WorkerAgent) [8304] [job-ff781756cbeb OUT] Val sample labels: tensor([  9,  10,  15,  21,  24,  27,  28,  46,  50,  55,  57,  65,  71,  75,
2025-12-31 01:42:19,420 [INFO] (WorkerAgent) [8304] [job-ff781756cbeb OUT]          98, 100, 106, 115, 116, 124, 136, 150, 169, 175, 177, 179, 181, 184,
2025-12-31 01:42:19,420 [INFO] (WorkerAgent) [8304] [job-ff781756cbeb OUT]         188, 195])
2025-12-31 01:42:19,420 [INFO] (WorkerAgent) [8304] [job-ff781756cbeb OUT] Train samples: 100000
2025-12-31 01:42:19,421 [INFO] (WorkerAgent) [8304] [job-ff781756cbeb OUT] Val   samples: 10000
2025-12-31 02:22:36,983 [INFO] (WorkerAgent) [8304] [job-dc4a0841af78] Launch Request received.
2025-12-31 02:22:36,998 [INFO] (WorkerAgent) [8304] [job-dc4a0841af78] Launched attempt 1 with STOP_FLAG_PATH=/tmp/job-dc4a0841af78-attempt-1.flag, pid=780295
INFO:     163.180.117.216:54262 - "POST /launch_task HTTP/1.1" 200 OK
2025-12-31 02:22:37,970 [ERROR] (WorkerAgent) [8304] [job-ff781756cbeb ERR] 2025-12-31 01:42:18,699 DDP_Script [Rank 3] [INFO] Node rank: 3, world size: 4
2025-12-31 02:22:37,970 [ERROR] (WorkerAgent) [8304] [job-ff781756cbeb ERR] 2025-12-31 01:42:18,717 DDP_Script [Rank 3] [INFO] Process group initialized: 163.180.160.62:29512
2025-12-31 02:22:37,970 [ERROR] (WorkerAgent) [8304] [job-ff781756cbeb ERR] 2025-12-31 01:42:18,717 DDP_Script [Rank 3] [INFO] Rank 3/4 initialized
2025-12-31 02:22:37,970 [ERROR] (WorkerAgent) [8304] [job-ff781756cbeb ERR] /data/breath12/anaconda3/envs/Dist2/lib/python3.9/site-packages/torchvision/models/_utils.py:208: UserWarning: The parameter 'pretrained' is deprecated since 0.13 and may be removed in the future, please use 'weights' instead.
2025-12-31 02:22:37,970 [ERROR] (WorkerAgent) [8304] [job-ff781756cbeb ERR]   warnings.warn(
2025-12-31 02:22:37,970 [ERROR] (WorkerAgent) [8304] [job-ff781756cbeb ERR] /data/breath12/anaconda3/envs/Dist2/lib/python3.9/site-packages/torchvision/models/_utils.py:223: UserWarning: Arguments other than a weight enum or `None` for 'weights' are deprecated since 0.13 and may be removed in the future. The current behavior is equivalent to passing `weights=None`.
2025-12-31 02:22:37,970 [ERROR] (WorkerAgent) [8304] [job-ff781756cbeb ERR]   warnings.warn(msg)
2025-12-31 02:22:37,970 [ERROR] (WorkerAgent) [8304] [job-ff781756cbeb ERR] 2025-12-31 01:42:19,752 DDP_Script [Rank 3] [INFO] Model, DDP, criterion, optimizer initialized
2025-12-31 02:22:37,970 [ERROR] (WorkerAgent) [8304] [job-ff781756cbeb ERR] 2025-12-31 01:42:19,777 DDP_Script [Rank 3] [INFO] Modules initialized
2025-12-31 02:22:37,970 [ERROR] (WorkerAgent) [8304] [job-ff781756cbeb ERR] 2025-12-31 01:42:19,777 DDP_Script [Rank 3] [INFO] Starting training from scratch (epoch 1).
2025-12-31 02:22:37,970 [ERROR] (WorkerAgent) [8304] [job-ff781756cbeb ERR] 2025-12-31 01:42:19,790 DDP_Script [Rank 3] [INFO] epoch 1 시작
2025-12-31 02:22:37,971 [ERROR] (WorkerAgent) [8304] [job-ff781756cbeb ERR] 2025-12-31 01:42:19,823 DDP_Script [Rank 3] [INFO] DataLoader created with batch_size=32, num_workers=4
2025-12-31 02:22:37,971 [ERROR] (WorkerAgent) [8304] [job-ff781756cbeb ERR] 2025-12-31 01:42:19,832 DDP_Script [Rank 3] [INFO] local_steps=782, global_steps=782
2025-12-31 02:22:37,971 [ERROR] (WorkerAgent) [8304] [job-ff781756cbeb ERR] 2025-12-31 01:44:17,064 DDP_Script [Rank 3] [INFO] epoch 1 train step time: 117.23 seconds
2025-12-31 02:22:37,971 [ERROR] (WorkerAgent) [8304] [job-ff781756cbeb ERR] 2025-12-31 01:44:17,072 DDP_Script [Rank 3] [INFO] epoch 1 끝 (local_steps=782, global_steps=782)
2025-12-31 02:22:37,971 [ERROR] (WorkerAgent) [8304] [job-ff781756cbeb ERR] 2025-12-31 01:44:20,148 DDP_Script [Rank 3] [INFO] val acc 10.59%
2025-12-31 02:22:37,971 [ERROR] (WorkerAgent) [8304] [job-ff781756cbeb ERR] 2025-12-31 01:44:20,184 DDP_Script [Rank 3] [INFO] local_alloc: {'shard_pct': 0.25, 'batch_size': 32, 'lr': 0.00107941, 'num_workers': 4}
2025-12-31 02:22:37,971 [ERROR] (WorkerAgent) [8304] [job-ff781756cbeb ERR] 2025-12-31 01:44:20,505 DDP_Script [Rank 3] [INFO] epoch 2 시작
2025-12-31 02:22:37,971 [ERROR] (WorkerAgent) [8304] [job-ff781756cbeb ERR] 2025-12-31 01:44:20,529 DDP_Script [Rank 3] [INFO] DataLoader created with batch_size=32, num_workers=4
2025-12-31 02:22:37,971 [ERROR] (WorkerAgent) [8304] [job-ff781756cbeb ERR] 2025-12-31 01:44:20,532 DDP_Script [Rank 3] [INFO] local_steps=782, global_steps=782
2025-12-31 02:22:37,971 [ERROR] (WorkerAgent) [8304] [job-ff781756cbeb ERR] 2025-12-31 01:46:18,415 DDP_Script [Rank 3] [INFO] epoch 2 train step time: 117.88 seconds
2025-12-31 02:22:37,971 [ERROR] (WorkerAgent) [8304] [job-ff781756cbeb ERR] 2025-12-31 01:46:18,426 DDP_Script [Rank 3] [INFO] epoch 2 끝 (local_steps=782, global_steps=782)
2025-12-31 02:22:37,971 [ERROR] (WorkerAgent) [8304] [job-ff781756cbeb ERR] 2025-12-31 01:46:21,141 DDP_Script [Rank 3] [INFO] val acc 18.66%
2025-12-31 02:22:37,971 [ERROR] (WorkerAgent) [8304] [job-ff781756cbeb ERR] 2025-12-31 01:46:21,174 DDP_Script [Rank 3] [INFO] local_alloc: {'shard_pct': 0.25, 'batch_size': 32, 'lr': 0.00107134, 'num_workers': 5}
2025-12-31 02:22:37,971 [ERROR] (WorkerAgent) [8304] [job-ff781756cbeb ERR] 2025-12-31 01:46:21,506 DDP_Script [Rank 3] [INFO] epoch 3 시작
2025-12-31 02:22:37,971 [ERROR] (WorkerAgent) [8304] [job-ff781756cbeb ERR] 2025-12-31 01:46:21,529 DDP_Script [Rank 3] [INFO] DataLoader created with batch_size=32, num_workers=5
2025-12-31 02:22:37,971 [ERROR] (WorkerAgent) [8304] [job-ff781756cbeb ERR] 2025-12-31 01:46:21,563 DDP_Script [Rank 3] [INFO] local_steps=782, global_steps=782
2025-12-31 02:22:37,971 [ERROR] (WorkerAgent) [8304] [job-ff781756cbeb ERR] 2025-12-31 01:48:18,349 DDP_Script [Rank 3] [INFO] epoch 3 train step time: 116.78 seconds
2025-12-31 02:22:37,971 [ERROR] (WorkerAgent) [8304] [job-ff781756cbeb ERR] 2025-12-31 01:48:18,363 DDP_Script [Rank 3] [INFO] epoch 3 끝 (local_steps=782, global_steps=782)
2025-12-31 02:22:37,971 [ERROR] (WorkerAgent) [8304] [job-ff781756cbeb ERR] 2025-12-31 01:48:21,127 DDP_Script [Rank 3] [INFO] val acc 25.45%
2025-12-31 02:22:37,971 [ERROR] (WorkerAgent) [8304] [job-ff781756cbeb ERR] 2025-12-31 01:48:21,161 DDP_Script [Rank 3] [INFO] local_alloc: {'shard_pct': 0.25, 'batch_size': 32, 'lr': 0.00106455, 'num_workers': 6}
2025-12-31 02:22:37,971 [ERROR] (WorkerAgent) [8304] [job-ff781756cbeb ERR] 2025-12-31 01:48:21,496 DDP_Script [Rank 3] [INFO] epoch 4 시작
2025-12-31 02:22:37,971 [ERROR] (WorkerAgent) [8304] [job-ff781756cbeb ERR] 2025-12-31 01:48:21,521 DDP_Script [Rank 3] [INFO] DataLoader created with batch_size=32, num_workers=6
2025-12-31 02:22:37,971 [ERROR] (WorkerAgent) [8304] [job-ff781756cbeb ERR] 2025-12-31 01:48:21,525 DDP_Script [Rank 3] [INFO] local_steps=782, global_steps=782
2025-12-31 02:22:37,971 [ERROR] (WorkerAgent) [8304] [job-ff781756cbeb ERR] 2025-12-31 01:50:18,430 DDP_Script [Rank 3] [INFO] epoch 4 train step time: 116.90 seconds
2025-12-31 02:22:37,972 [ERROR] (WorkerAgent) [8304] [job-ff781756cbeb ERR] 2025-12-31 01:50:18,441 DDP_Script [Rank 3] [INFO] epoch 4 끝 (local_steps=782, global_steps=782)
2025-12-31 02:22:37,972 [ERROR] (WorkerAgent) [8304] [job-ff781756cbeb ERR] 2025-12-31 01:50:21,160 DDP_Script [Rank 3] [INFO] val acc 31.26%
2025-12-31 02:22:37,972 [ERROR] (WorkerAgent) [8304] [job-ff781756cbeb ERR] 2025-12-31 01:50:21,197 DDP_Script [Rank 3] [INFO] local_alloc: {'shard_pct': 0.25, 'batch_size': 32, 'lr': 0.00105874, 'num_workers': 5}
2025-12-31 02:22:37,972 [ERROR] (WorkerAgent) [8304] [job-ff781756cbeb ERR] 2025-12-31 01:50:21,530 DDP_Script [Rank 3] [INFO] epoch 5 시작
2025-12-31 02:22:37,972 [ERROR] (WorkerAgent) [8304] [job-ff781756cbeb ERR] 2025-12-31 01:50:21,554 DDP_Script [Rank 3] [INFO] DataLoader created with batch_size=32, num_workers=5
2025-12-31 02:22:37,972 [ERROR] (WorkerAgent) [8304] [job-ff781756cbeb ERR] 2025-12-31 01:50:21,557 DDP_Script [Rank 3] [INFO] local_steps=782, global_steps=782
2025-12-31 02:22:37,972 [ERROR] (WorkerAgent) [8304] [job-ff781756cbeb ERR] 2025-12-31 01:52:17,009 DDP_Script [Rank 3] [INFO] epoch 5 train step time: 115.45 seconds
2025-12-31 02:22:37,972 [ERROR] (WorkerAgent) [8304] [job-ff781756cbeb ERR] 2025-12-31 01:52:17,020 DDP_Script [Rank 3] [INFO] epoch 5 끝 (local_steps=782, global_steps=782)
2025-12-31 02:22:37,972 [ERROR] (WorkerAgent) [8304] [job-ff781756cbeb ERR] 2025-12-31 01:52:19,819 DDP_Script [Rank 3] [INFO] val acc 33.70%
2025-12-31 02:22:37,972 [ERROR] (WorkerAgent) [8304] [job-ff781756cbeb ERR] 2025-12-31 01:52:19,853 DDP_Script [Rank 3] [INFO] local_alloc: {'shard_pct': 0.25, 'batch_size': 32, 'lr': 0.0010563, 'num_workers': 7}
2025-12-31 02:22:37,972 [ERROR] (WorkerAgent) [8304] [job-ff781756cbeb ERR] 2025-12-31 01:52:20,196 DDP_Script [Rank 3] [INFO] epoch 6 시작
2025-12-31 02:22:37,972 [ERROR] (WorkerAgent) [8304] [job-ff781756cbeb ERR] 2025-12-31 01:52:20,219 DDP_Script [Rank 3] [INFO] DataLoader created with batch_size=32, num_workers=7
2025-12-31 02:22:37,972 [ERROR] (WorkerAgent) [8304] [job-ff781756cbeb ERR] 2025-12-31 01:52:20,223 DDP_Script [Rank 3] [INFO] local_steps=782, global_steps=782
2025-12-31 02:22:37,972 [ERROR] (WorkerAgent) [8304] [job-ff781756cbeb ERR] 2025-12-31 01:54:17,936 DDP_Script [Rank 3] [INFO] epoch 6 train step time: 117.71 seconds
2025-12-31 02:22:37,972 [ERROR] (WorkerAgent) [8304] [job-ff781756cbeb ERR] 2025-12-31 01:54:17,946 DDP_Script [Rank 3] [INFO] epoch 6 끝 (local_steps=782, global_steps=782)
2025-12-31 02:22:37,972 [ERROR] (WorkerAgent) [8304] [job-ff781756cbeb ERR] 2025-12-31 01:54:20,696 DDP_Script [Rank 3] [INFO] val acc 38.78%
2025-12-31 02:22:37,972 [ERROR] (WorkerAgent) [8304] [job-ff781756cbeb ERR] 2025-12-31 01:54:20,727 DDP_Script [Rank 3] [INFO] local_alloc: {'shard_pct': 0.25, 'batch_size': 32, 'lr': 0.00105122, 'num_workers': 5}
2025-12-31 02:22:37,972 [ERROR] (WorkerAgent) [8304] [job-ff781756cbeb ERR] 2025-12-31 01:54:21,073 DDP_Script [Rank 3] [INFO] epoch 7 시작
2025-12-31 02:22:37,972 [ERROR] (WorkerAgent) [8304] [job-ff781756cbeb ERR] 2025-12-31 01:54:21,095 DDP_Script [Rank 3] [INFO] DataLoader created with batch_size=32, num_workers=5
2025-12-31 02:22:37,972 [ERROR] (WorkerAgent) [8304] [job-ff781756cbeb ERR] 2025-12-31 01:54:21,100 DDP_Script [Rank 3] [INFO] local_steps=782, global_steps=782
2025-12-31 02:22:37,973 [ERROR] (WorkerAgent) [8304] [job-ff781756cbeb ERR] 2025-12-31 01:56:18,284 DDP_Script [Rank 3] [INFO] epoch 7 train step time: 117.18 seconds
2025-12-31 02:22:37,973 [ERROR] (WorkerAgent) [8304] [job-ff781756cbeb ERR] 2025-12-31 01:56:18,308 DDP_Script [Rank 3] [INFO] epoch 7 끝 (local_steps=782, global_steps=782)
2025-12-31 02:22:37,973 [ERROR] (WorkerAgent) [8304] [job-ff781756cbeb ERR] 2025-12-31 01:56:21,079 DDP_Script [Rank 3] [INFO] val acc 41.18%
2025-12-31 02:22:37,973 [ERROR] (WorkerAgent) [8304] [job-ff781756cbeb ERR] 2025-12-31 01:56:21,113 DDP_Script [Rank 3] [INFO] local_alloc: {'shard_pct': 0.25, 'batch_size': 32, 'lr': 0.00104882, 'num_workers': 6}
2025-12-31 02:22:37,973 [ERROR] (WorkerAgent) [8304] [job-ff781756cbeb ERR] 2025-12-31 01:56:21,450 DDP_Script [Rank 3] [INFO] epoch 8 시작
2025-12-31 02:22:37,973 [ERROR] (WorkerAgent) [8304] [job-ff781756cbeb ERR] 2025-12-31 01:56:21,472 DDP_Script [Rank 3] [INFO] DataLoader created with batch_size=32, num_workers=6
2025-12-31 02:22:37,973 [ERROR] (WorkerAgent) [8304] [job-ff781756cbeb ERR] 2025-12-31 01:56:21,476 DDP_Script [Rank 3] [INFO] local_steps=782, global_steps=782
2025-12-31 02:22:37,973 [ERROR] (WorkerAgent) [8304] [job-ff781756cbeb ERR] 2025-12-31 01:58:19,174 DDP_Script [Rank 3] [INFO] epoch 8 train step time: 117.70 seconds
2025-12-31 02:22:37,973 [ERROR] (WorkerAgent) [8304] [job-ff781756cbeb ERR] 2025-12-31 01:58:19,177 DDP_Script [Rank 3] [INFO] epoch 8 끝 (local_steps=782, global_steps=782)
2025-12-31 02:22:37,973 [ERROR] (WorkerAgent) [8304] [job-ff781756cbeb ERR] 2025-12-31 01:58:21,953 DDP_Script [Rank 3] [INFO] val acc 43.66%
2025-12-31 02:22:37,973 [ERROR] (WorkerAgent) [8304] [job-ff781756cbeb ERR] 2025-12-31 01:58:21,977 DDP_Script [Rank 3] [INFO] local_alloc: {'shard_pct': 0.25, 'batch_size': 32, 'lr': 0.00104634, 'num_workers': 6}
2025-12-31 02:22:37,973 [ERROR] (WorkerAgent) [8304] [job-ff781756cbeb ERR] 2025-12-31 01:58:22,313 DDP_Script [Rank 3] [INFO] epoch 9 시작
2025-12-31 02:22:37,973 [ERROR] (WorkerAgent) [8304] [job-ff781756cbeb ERR] 2025-12-31 01:58:22,336 DDP_Script [Rank 3] [INFO] DataLoader created with batch_size=32, num_workers=6
2025-12-31 02:22:37,973 [ERROR] (WorkerAgent) [8304] [job-ff781756cbeb ERR] 2025-12-31 01:58:22,340 DDP_Script [Rank 3] [INFO] local_steps=782, global_steps=782
2025-12-31 02:22:37,973 [ERROR] (WorkerAgent) [8304] [job-ff781756cbeb ERR] 2025-12-31 02:00:18,671 DDP_Script [Rank 3] [INFO] epoch 9 train step time: 116.33 seconds
2025-12-31 02:22:37,973 [ERROR] (WorkerAgent) [8304] [job-ff781756cbeb ERR] 2025-12-31 02:00:18,686 DDP_Script [Rank 3] [INFO] epoch 9 끝 (local_steps=782, global_steps=782)
2025-12-31 02:22:37,973 [ERROR] (WorkerAgent) [8304] [job-ff781756cbeb ERR] 2025-12-31 02:00:21,439 DDP_Script [Rank 3] [INFO] val acc 44.99%
2025-12-31 02:22:37,973 [ERROR] (WorkerAgent) [8304] [job-ff781756cbeb ERR] 2025-12-31 02:00:21,475 DDP_Script [Rank 3] [INFO] local_alloc: {'shard_pct': 0.25, 'batch_size': 32, 'lr': 0.00104501, 'num_workers': 6}
2025-12-31 02:22:37,973 [ERROR] (WorkerAgent) [8304] [job-ff781756cbeb ERR] 2025-12-31 02:00:21,825 DDP_Script [Rank 3] [INFO] epoch 10 시작
2025-12-31 02:22:37,974 [ERROR] (WorkerAgent) [8304] [job-ff781756cbeb ERR] 2025-12-31 02:00:21,848 DDP_Script [Rank 3] [INFO] DataLoader created with batch_size=32, num_workers=6
2025-12-31 02:22:37,974 [ERROR] (WorkerAgent) [8304] [job-ff781756cbeb ERR] 2025-12-31 02:00:21,858 DDP_Script [Rank 3] [INFO] local_steps=782, global_steps=782
2025-12-31 02:22:37,974 [ERROR] (WorkerAgent) [8304] [job-ff781756cbeb ERR] 2025-12-31 02:02:22,654 DDP_Script [Rank 3] [INFO] epoch 10 train step time: 120.79 seconds
2025-12-31 02:22:37,974 [ERROR] (WorkerAgent) [8304] [job-ff781756cbeb ERR] 2025-12-31 02:02:22,666 DDP_Script [Rank 3] [INFO] epoch 10 끝 (local_steps=782, global_steps=782)
2025-12-31 02:22:37,974 [ERROR] (WorkerAgent) [8304] [job-ff781756cbeb ERR] 2025-12-31 02:02:25,434 DDP_Script [Rank 3] [INFO] val acc 46.84%
2025-12-31 02:22:37,974 [ERROR] (WorkerAgent) [8304] [job-ff781756cbeb ERR] 2025-12-31 02:02:25,468 DDP_Script [Rank 3] [INFO] local_alloc: {'shard_pct': 0.25, 'batch_size': 32, 'lr': 0.00104316, 'num_workers': 5}
2025-12-31 02:22:37,974 [ERROR] (WorkerAgent) [8304] [job-ff781756cbeb ERR] 2025-12-31 02:02:25,823 DDP_Script [Rank 3] [INFO] epoch 11 시작
2025-12-31 02:22:37,974 [ERROR] (WorkerAgent) [8304] [job-ff781756cbeb ERR] 2025-12-31 02:02:25,846 DDP_Script [Rank 3] [INFO] DataLoader created with batch_size=32, num_workers=5
2025-12-31 02:22:37,974 [ERROR] (WorkerAgent) [8304] [job-ff781756cbeb ERR] 2025-12-31 02:02:25,850 DDP_Script [Rank 3] [INFO] local_steps=782, global_steps=782
2025-12-31 02:22:37,974 [ERROR] (WorkerAgent) [8304] [job-ff781756cbeb ERR] 2025-12-31 02:04:23,055 DDP_Script [Rank 3] [INFO] epoch 11 train step time: 117.20 seconds
2025-12-31 02:22:37,974 [ERROR] (WorkerAgent) [8304] [job-ff781756cbeb ERR] 2025-12-31 02:04:23,070 DDP_Script [Rank 3] [INFO] epoch 11 끝 (local_steps=782, global_steps=782)
2025-12-31 02:22:37,974 [ERROR] (WorkerAgent) [8304] [job-ff781756cbeb ERR] 2025-12-31 02:04:25,816 DDP_Script [Rank 3] [INFO] val acc 48.79%
2025-12-31 02:22:37,974 [ERROR] (WorkerAgent) [8304] [job-ff781756cbeb ERR] 2025-12-31 02:04:25,852 DDP_Script [Rank 3] [INFO] local_alloc: {'shard_pct': 0.25, 'batch_size': 32, 'lr': 0.00104121, 'num_workers': 5}
2025-12-31 02:22:37,974 [ERROR] (WorkerAgent) [8304] [job-ff781756cbeb ERR] 2025-12-31 02:04:26,190 DDP_Script [Rank 3] [INFO] epoch 12 시작
2025-12-31 02:22:37,974 [ERROR] (WorkerAgent) [8304] [job-ff781756cbeb ERR] 2025-12-31 02:04:26,213 DDP_Script [Rank 3] [INFO] DataLoader created with batch_size=32, num_workers=5
2025-12-31 02:22:37,974 [ERROR] (WorkerAgent) [8304] [job-ff781756cbeb ERR] 2025-12-31 02:04:26,217 DDP_Script [Rank 3] [INFO] local_steps=782, global_steps=782
2025-12-31 02:22:37,974 [ERROR] (WorkerAgent) [8304] [job-ff781756cbeb ERR] 2025-12-31 02:06:23,418 DDP_Script [Rank 3] [INFO] epoch 12 train step time: 117.20 seconds
2025-12-31 02:22:37,974 [ERROR] (WorkerAgent) [8304] [job-ff781756cbeb ERR] 2025-12-31 02:06:23,434 DDP_Script [Rank 3] [INFO] epoch 12 끝 (local_steps=782, global_steps=782)
2025-12-31 02:22:37,974 [ERROR] (WorkerAgent) [8304] [job-ff781756cbeb ERR] 2025-12-31 02:06:26,188 DDP_Script [Rank 3] [INFO] val acc 49.02%
2025-12-31 02:22:37,975 [ERROR] (WorkerAgent) [8304] [job-ff781756cbeb ERR] 2025-12-31 02:06:26,222 DDP_Script [Rank 3] [INFO] local_alloc: {'shard_pct': 0.25, 'batch_size': 32, 'lr': 0.00104098, 'num_workers': 5}
2025-12-31 02:22:37,975 [ERROR] (WorkerAgent) [8304] [job-ff781756cbeb ERR] 2025-12-31 02:06:26,573 DDP_Script [Rank 3] [INFO] epoch 13 시작
2025-12-31 02:22:37,975 [ERROR] (WorkerAgent) [8304] [job-ff781756cbeb ERR] 2025-12-31 02:06:26,596 DDP_Script [Rank 3] [INFO] DataLoader created with batch_size=32, num_workers=5
2025-12-31 02:22:37,975 [ERROR] (WorkerAgent) [8304] [job-ff781756cbeb ERR] 2025-12-31 02:06:26,600 DDP_Script [Rank 3] [INFO] local_steps=782, global_steps=782
2025-12-31 02:22:37,975 [ERROR] (WorkerAgent) [8304] [job-ff781756cbeb ERR] 2025-12-31 02:08:23,482 DDP_Script [Rank 3] [INFO] epoch 13 train step time: 116.88 seconds
2025-12-31 02:22:37,975 [ERROR] (WorkerAgent) [8304] [job-ff781756cbeb ERR] 2025-12-31 02:08:23,493 DDP_Script [Rank 3] [INFO] epoch 13 끝 (local_steps=782, global_steps=782)
2025-12-31 02:22:37,975 [ERROR] (WorkerAgent) [8304] [job-ff781756cbeb ERR] 2025-12-31 02:08:26,234 DDP_Script [Rank 3] [INFO] val acc 50.18%
2025-12-31 02:22:37,975 [ERROR] (WorkerAgent) [8304] [job-ff781756cbeb ERR] 2025-12-31 02:08:26,268 DDP_Script [Rank 3] [INFO] local_alloc: {'shard_pct': 0.25, 'batch_size': 32, 'lr': 0.00103982, 'num_workers': 5}
2025-12-31 02:22:37,975 [ERROR] (WorkerAgent) [8304] [job-ff781756cbeb ERR] 2025-12-31 02:08:26,757 DDP_Script [Rank 3] [INFO] epoch 14 시작
2025-12-31 02:22:37,975 [ERROR] (WorkerAgent) [8304] [job-ff781756cbeb ERR] 2025-12-31 02:08:26,780 DDP_Script [Rank 3] [INFO] DataLoader created with batch_size=32, num_workers=5
2025-12-31 02:22:37,975 [ERROR] (WorkerAgent) [8304] [job-ff781756cbeb ERR] 2025-12-31 02:08:26,785 DDP_Script [Rank 3] [INFO] local_steps=782, global_steps=782
2025-12-31 02:22:37,975 [ERROR] (WorkerAgent) [8304] [job-ff781756cbeb ERR] 2025-12-31 02:10:22,769 DDP_Script [Rank 3] [INFO] epoch 14 train step time: 115.98 seconds
2025-12-31 02:22:37,975 [ERROR] (WorkerAgent) [8304] [job-ff781756cbeb ERR] 2025-12-31 02:10:22,778 DDP_Script [Rank 3] [INFO] epoch 14 끝 (local_steps=782, global_steps=782)
2025-12-31 02:22:37,975 [ERROR] (WorkerAgent) [8304] [job-ff781756cbeb ERR] 2025-12-31 02:10:25,604 DDP_Script [Rank 3] [INFO] val acc 51.38%
2025-12-31 02:22:37,975 [ERROR] (WorkerAgent) [8304] [job-ff781756cbeb ERR] 2025-12-31 02:10:25,638 DDP_Script [Rank 3] [INFO] local_alloc: {'shard_pct': 0.25, 'batch_size': 32, 'lr': 0.00103862, 'num_workers': 5}
2025-12-31 02:22:37,975 [ERROR] (WorkerAgent) [8304] [job-ff781756cbeb ERR] 2025-12-31 02:10:25,985 DDP_Script [Rank 3] [INFO] epoch 15 시작
2025-12-31 02:22:37,975 [ERROR] (WorkerAgent) [8304] [job-ff781756cbeb ERR] 2025-12-31 02:10:26,007 DDP_Script [Rank 3] [INFO] DataLoader created with batch_size=32, num_workers=5
2025-12-31 02:22:37,975 [ERROR] (WorkerAgent) [8304] [job-ff781756cbeb ERR] 2025-12-31 02:10:26,012 DDP_Script [Rank 3] [INFO] local_steps=782, global_steps=782
2025-12-31 02:22:37,975 [ERROR] (WorkerAgent) [8304] [job-ff781756cbeb ERR] 2025-12-31 02:12:24,344 DDP_Script [Rank 3] [INFO] epoch 15 train step time: 118.33 seconds
2025-12-31 02:22:37,975 [ERROR] (WorkerAgent) [8304] [job-ff781756cbeb ERR] 2025-12-31 02:12:24,352 DDP_Script [Rank 3] [INFO] epoch 15 끝 (local_steps=782, global_steps=782)
2025-12-31 02:22:37,976 [ERROR] (WorkerAgent) [8304] [job-ff781756cbeb ERR] 2025-12-31 02:12:27,070 DDP_Script [Rank 3] [INFO] val acc 51.58%
2025-12-31 02:22:37,976 [ERROR] (WorkerAgent) [8304] [job-ff781756cbeb ERR] 2025-12-31 02:12:27,104 DDP_Script [Rank 3] [INFO] local_alloc: {'shard_pct': 0.25, 'batch_size': 32, 'lr': 0.00103842, 'num_workers': 5}
2025-12-31 02:22:37,976 [ERROR] (WorkerAgent) [8304] [job-ff781756cbeb ERR] 2025-12-31 02:12:27,447 DDP_Script [Rank 3] [INFO] epoch 16 시작
2025-12-31 02:22:37,976 [ERROR] (WorkerAgent) [8304] [job-ff781756cbeb ERR] 2025-12-31 02:12:27,470 DDP_Script [Rank 3] [INFO] DataLoader created with batch_size=32, num_workers=5
2025-12-31 02:22:37,976 [ERROR] (WorkerAgent) [8304] [job-ff781756cbeb ERR] 2025-12-31 02:12:27,476 DDP_Script [Rank 3] [INFO] local_steps=782, global_steps=782
2025-12-31 02:22:37,976 [ERROR] (WorkerAgent) [8304] [job-ff781756cbeb ERR] 2025-12-31 02:14:25,876 DDP_Script [Rank 3] [INFO] epoch 16 train step time: 118.40 seconds
2025-12-31 02:22:37,976 [ERROR] (WorkerAgent) [8304] [job-ff781756cbeb ERR] 2025-12-31 02:14:25,882 DDP_Script [Rank 3] [INFO] epoch 16 끝 (local_steps=782, global_steps=782)
2025-12-31 02:22:37,976 [ERROR] (WorkerAgent) [8304] [job-ff781756cbeb ERR] 2025-12-31 02:14:28,635 DDP_Script [Rank 3] [INFO] val acc 51.71%
2025-12-31 02:22:37,976 [ERROR] (WorkerAgent) [8304] [job-ff781756cbeb ERR] 2025-12-31 02:14:28,669 DDP_Script [Rank 3] [INFO] local_alloc: {'shard_pct': 0.25, 'batch_size': 32, 'lr': 0.0010382899999999999, 'num_workers': 5}
2025-12-31 02:22:37,976 [ERROR] (WorkerAgent) [8304] [job-ff781756cbeb ERR] 2025-12-31 02:14:29,015 DDP_Script [Rank 3] [INFO] epoch 17 시작
2025-12-31 02:22:37,976 [ERROR] (WorkerAgent) [8304] [job-ff781756cbeb ERR] 2025-12-31 02:14:29,036 DDP_Script [Rank 3] [INFO] DataLoader created with batch_size=32, num_workers=5
2025-12-31 02:22:37,976 [ERROR] (WorkerAgent) [8304] [job-ff781756cbeb ERR] 2025-12-31 02:14:29,040 DDP_Script [Rank 3] [INFO] local_steps=782, global_steps=782
2025-12-31 02:22:37,976 [ERROR] (WorkerAgent) [8304] [job-ff781756cbeb ERR] 2025-12-31 02:16:27,398 DDP_Script [Rank 3] [INFO] epoch 17 train step time: 118.36 seconds
2025-12-31 02:22:37,976 [ERROR] (WorkerAgent) [8304] [job-ff781756cbeb ERR] 2025-12-31 02:16:27,416 DDP_Script [Rank 3] [INFO] epoch 17 끝 (local_steps=782, global_steps=782)
2025-12-31 02:22:37,976 [ERROR] (WorkerAgent) [8304] [job-ff781756cbeb ERR] 2025-12-31 02:16:30,181 DDP_Script [Rank 3] [INFO] val acc 53.55%
2025-12-31 02:22:37,976 [ERROR] (WorkerAgent) [8304] [job-ff781756cbeb ERR] 2025-12-31 02:16:30,216 DDP_Script [Rank 3] [INFO] local_alloc: {'shard_pct': 0.25, 'batch_size': 32, 'lr': 0.0010364500000000002, 'num_workers': 5}
2025-12-31 02:22:37,976 [ERROR] (WorkerAgent) [8304] [job-ff781756cbeb ERR] 2025-12-31 02:16:30,542 DDP_Script [Rank 3] [INFO] epoch 18 시작
2025-12-31 02:22:37,976 [ERROR] (WorkerAgent) [8304] [job-ff781756cbeb ERR] 2025-12-31 02:16:30,564 DDP_Script [Rank 3] [INFO] DataLoader created with batch_size=32, num_workers=5
2025-12-31 02:22:37,976 [ERROR] (WorkerAgent) [8304] [job-ff781756cbeb ERR] 2025-12-31 02:16:30,568 DDP_Script [Rank 3] [INFO] local_steps=782, global_steps=782
2025-12-31 02:22:37,977 [ERROR] (WorkerAgent) [8304] [job-ff781756cbeb ERR] 2025-12-31 02:18:27,906 DDP_Script [Rank 3] [INFO] epoch 18 train step time: 117.34 seconds
2025-12-31 02:22:37,977 [ERROR] (WorkerAgent) [8304] [job-ff781756cbeb ERR] 2025-12-31 02:18:27,909 DDP_Script [Rank 3] [INFO] epoch 18 끝 (local_steps=782, global_steps=782)
2025-12-31 02:22:37,977 [ERROR] (WorkerAgent) [8304] [job-ff781756cbeb ERR] 2025-12-31 02:18:30,721 DDP_Script [Rank 3] [INFO] val acc 54.13%
2025-12-31 02:22:37,977 [ERROR] (WorkerAgent) [8304] [job-ff781756cbeb ERR] 2025-12-31 02:18:30,756 DDP_Script [Rank 3] [INFO] local_alloc: {'shard_pct': 0.25, 'batch_size': 32, 'lr': 0.0010358700000000002, 'num_workers': 6}
2025-12-31 02:22:37,977 [ERROR] (WorkerAgent) [8304] [job-ff781756cbeb ERR] 2025-12-31 02:18:31,104 DDP_Script [Rank 3] [INFO] epoch 19 시작
2025-12-31 02:22:37,977 [ERROR] (WorkerAgent) [8304] [job-ff781756cbeb ERR] 2025-12-31 02:18:31,126 DDP_Script [Rank 3] [INFO] DataLoader created with batch_size=32, num_workers=6
2025-12-31 02:22:37,977 [ERROR] (WorkerAgent) [8304] [job-ff781756cbeb ERR] 2025-12-31 02:18:31,130 DDP_Script [Rank 3] [INFO] local_steps=782, global_steps=782
2025-12-31 02:22:37,977 [ERROR] (WorkerAgent) [8304] [job-ff781756cbeb ERR] 2025-12-31 02:20:29,197 DDP_Script [Rank 3] [INFO] epoch 19 train step time: 118.07 seconds
2025-12-31 02:22:37,977 [ERROR] (WorkerAgent) [8304] [job-ff781756cbeb ERR] 2025-12-31 02:20:29,214 DDP_Script [Rank 3] [INFO] epoch 19 끝 (local_steps=782, global_steps=782)
2025-12-31 02:22:37,977 [ERROR] (WorkerAgent) [8304] [job-ff781756cbeb ERR] 2025-12-31 02:20:31,946 DDP_Script [Rank 3] [INFO] val acc 54.85%
2025-12-31 02:22:37,977 [ERROR] (WorkerAgent) [8304] [job-ff781756cbeb ERR] 2025-12-31 02:20:31,980 DDP_Script [Rank 3] [INFO] local_alloc: {'shard_pct': 0.25, 'batch_size': 32, 'lr': 0.00103515, 'num_workers': 5}
2025-12-31 02:22:37,977 [ERROR] (WorkerAgent) [8304] [job-ff781756cbeb ERR] 2025-12-31 02:20:32,463 DDP_Script [Rank 3] [INFO] epoch 20 시작
2025-12-31 02:22:37,977 [ERROR] (WorkerAgent) [8304] [job-ff781756cbeb ERR] 2025-12-31 02:20:32,484 DDP_Script [Rank 3] [INFO] DataLoader created with batch_size=32, num_workers=5
2025-12-31 02:22:37,977 [ERROR] (WorkerAgent) [8304] [job-ff781756cbeb ERR] 2025-12-31 02:20:32,487 DDP_Script [Rank 3] [INFO] local_steps=782, global_steps=782
2025-12-31 02:22:37,977 [ERROR] (WorkerAgent) [8304] [job-ff781756cbeb ERR] 2025-12-31 02:22:30,758 DDP_Script [Rank 3] [INFO] epoch 20 train step time: 118.27 seconds
2025-12-31 02:22:37,977 [ERROR] (WorkerAgent) [8304] [job-ff781756cbeb ERR] 2025-12-31 02:22:30,769 DDP_Script [Rank 3] [INFO] epoch 20 끝 (local_steps=782, global_steps=782)
2025-12-31 02:22:37,977 [ERROR] (WorkerAgent) [8304] [job-ff781756cbeb ERR] 2025-12-31 02:22:33,523 DDP_Script [Rank 3] [INFO] val acc 55.38%
2025-12-31 02:22:37,977 [ERROR] (WorkerAgent) [8304] [job-ff781756cbeb ERR] 2025-12-31 02:22:33,558 DDP_Script [Rank 3] [INFO] local_alloc: {'shard_pct': 0.25, 'batch_size': 32, 'lr': 0.0010346200000000002, 'num_workers': 5}
2025-12-31 02:22:37,977 [ERROR] (WorkerAgent) [8304] [job-ff781756cbeb ERR] 2025-12-31 02:22:33,912 DDP_Script [Rank 3] [INFO] Training loop finished.
2025-12-31 02:22:38,084 [INFO] (WorkerAgent) [8304] [job-ff781756cbeb] Process finished. Return Code: 0
2025-12-31 02:22:46,552 [INFO] (WorkerAgent) [8304] [job-dc4a0841af78 OUT] Current CUDA device index: 0
2025-12-31 02:22:46,552 [INFO] (WorkerAgent) [8304] [job-dc4a0841af78 OUT] Current CUDA device name: NVIDIA RTX A5000
2025-12-31 02:22:46,552 [INFO] (WorkerAgent) [8304] [job-dc4a0841af78 OUT] Master address: 163.180.160.62, port: 29518
2025-12-31 02:22:46,558 [INFO] (WorkerAgent) [8304] [job-dc4a0841af78 OUT] [Gloo] Rank 0 is connected to 0 peer ranks. Expected number of connected peer ranks is : 0
2025-12-31 02:26:24,971 [ERROR] (WorkerAgent) [8304] [job-dc4a0841af78 ERR] 2025-12-31 02:22:46,552 DDP_Script [Rank 0] [INFO] Node rank: 0, world size: 1
2025-12-31 02:26:24,972 [ERROR] (WorkerAgent) [8304] [job-dc4a0841af78 ERR] 2025-12-31 02:22:46,558 DDP_Script [Rank 0] [INFO] Process group initialized: 163.180.160.62:29518
2025-12-31 02:26:24,972 [ERROR] (WorkerAgent) [8304] [job-dc4a0841af78 ERR] 2025-12-31 02:22:46,559 DDP_Script [Rank 0] [INFO] Rank 0/1 initialized
2025-12-31 02:26:24,972 [ERROR] (WorkerAgent) [8304] [job-dc4a0841af78 ERR] 2025-12-31 02:22:46,559 DDP_Script [Rank 0] [INFO] Rank 0 downloading tokenizer: distilbert-base-uncased
2025-12-31 02:26:24,972 [ERROR] (WorkerAgent) [8304] [job-dc4a0841af78 ERR] 2025-12-31 02:22:47,258 DDP_Script [Rank 0] [INFO] Rank 0 downloading dataset: glue/sst2
2025-12-31 02:26:24,972 [ERROR] (WorkerAgent) [8304] [job-dc4a0841af78 ERR] 2025-12-31 02:22:51,635 DDP_Script [Rank 0] [INFO] Tokenizing datasets...
2025-12-31 02:26:24,972 [ERROR] (WorkerAgent) [8304] [job-dc4a0841af78 ERR] 2025-12-31 02:22:51,814 DDP_Script [Rank 0] [INFO] SST-2 Dataset and Tokenizer loaded.
2025-12-31 02:26:24,972 [ERROR] (WorkerAgent) [8304] [job-dc4a0841af78 ERR] 2025-12-31 02:22:51,815 DDP_Script [Rank 0] [INFO] Rank 0 downloading model: distilbert-base-uncased
2025-12-31 02:26:24,972 [ERROR] (WorkerAgent) [8304] [job-dc4a0841af78 ERR] Some weights of DistilBertForSequenceClassification were not initialized from the model checkpoint at distilbert-base-uncased and are newly initialized: ['classifier.bias', 'classifier.weight', 'pre_classifier.bias', 'pre_classifier.weight']
2025-12-31 02:26:24,972 [ERROR] (WorkerAgent) [8304] [job-dc4a0841af78 ERR] You should probably TRAIN this model on a down-stream task to be able to use it for predictions and inference.
2025-12-31 02:26:24,972 [ERROR] (WorkerAgent) [8304] [job-dc4a0841af78 ERR] 2025-12-31 02:22:52,549 DDP_Script [Rank 0] [INFO] Model (DistilBert), DDP, optimizer (AdamW) initialized
2025-12-31 02:26:24,972 [ERROR] (WorkerAgent) [8304] [job-dc4a0841af78 ERR] 2025-12-31 02:22:52,591 DDP_Script [Rank 0] [INFO] Modules initialized
2025-12-31 02:26:24,972 [ERROR] (WorkerAgent) [8304] [job-dc4a0841af78 ERR] 2025-12-31 02:22:52,593 DDP_Script [Rank 0] [INFO] Loading checkpoint from /data/breath12/CCGRID/DARTManagement/checkpoints/job-dc4a0841af78/latest_checkpoint.pth ...
2025-12-31 02:26:24,972 [ERROR] (WorkerAgent) [8304] [job-dc4a0841af78 ERR] 2025-12-31 02:22:54,359 DDP_Script [Rank 0] [INFO] Resumed from checkpoint. Starting epoch: 3
2025-12-31 02:26:24,972 [ERROR] (WorkerAgent) [8304] [job-dc4a0841af78 ERR] 2025-12-31 02:22:54,360 DDP_Script [Rank 0] [INFO] epoch 3 시작
2025-12-31 02:26:24,972 [ERROR] (WorkerAgent) [8304] [job-dc4a0841af78 ERR] 2025-12-31 02:22:54,387 DDP_Script [Rank 0] [INFO] DataLoader created with batch_size=32, num_workers=4
2025-12-31 02:26:24,972 [ERROR] (WorkerAgent) [8304] [job-dc4a0841af78 ERR] 2025-12-31 02:22:54,388 DDP_Script [Rank 0] [INFO] 모든 노드 중 max_steps = 2105
2025-12-31 02:26:24,972 [ERROR] (WorkerAgent) [8304] [job-dc4a0841af78 ERR] 2025-12-31 02:22:54,388 DDP_Script [Rank 0] [INFO] local_steps=2105, global_steps=2105
2025-12-31 02:26:24,972 [ERROR] (WorkerAgent) [8304] [job-dc4a0841af78 ERR] 2025-12-31 02:26:20,634 DDP_Script [Rank 0] [INFO] epoch 3 train step time: 206.25 seconds
2025-12-31 02:26:24,972 [ERROR] (WorkerAgent) [8304] [job-dc4a0841af78 ERR] 2025-12-31 02:26:20,635 DDP_Script [Rank 0] [INFO] epoch 3 끝 (local_steps=2105, global_steps=2105)
2025-12-31 02:26:24,972 [ERROR] (WorkerAgent) [8304] [job-dc4a0841af78 ERR] 2025-12-31 02:26:20,778 httpx [INFO] HTTP Request: POST http://163.180.117.216:8000/report_job_metrics "HTTP/1.1 200 OK"
2025-12-31 02:26:24,972 [ERROR] (WorkerAgent) [8304] [job-dc4a0841af78 ERR] 2025-12-31 02:26:20,806 httpx [INFO] HTTP Request: POST http://163.180.117.216:8000/report_progress "HTTP/1.1 200 OK"
2025-12-31 02:26:24,972 [ERROR] (WorkerAgent) [8304] [job-dc4a0841af78 ERR] 2025-12-31 02:26:21,382 DDP_Script [Rank 0] [INFO] val acc 50.92%
2025-12-31 02:26:24,972 [ERROR] (WorkerAgent) [8304] [job-dc4a0841af78 ERR] 2025-12-31 02:26:21,396 DDP_Script [Rank 0] [INFO] CKF x_filt vector: [array([-0.00720095]), array([-0.02258122]), array([0.01535886]), array([-0.0073492]), array([-0.00106455]), array([0.00026107]), array([-0.00217859]), array([0.00034312])]
2025-12-31 02:26:24,972 [ERROR] (WorkerAgent) [8304] [job-dc4a0841af78 ERR] 2025-12-31 02:26:21,396 DDP_Script [Rank 0] [INFO] allocation results: [{'shard_pct': 0.5, 'batch_size': 32, 'lr': 0.0010390825688073395, 'num_workers': 4}]
2025-12-31 02:26:24,972 [ERROR] (WorkerAgent) [8304] [job-dc4a0841af78 ERR] 2025-12-31 02:26:21,397 DDP_Script [Rank 0] [INFO] local_alloc: {'shard_pct': 1.0, 'batch_size': 32, 'lr': 0.0010390825688073395, 'num_workers': 4}
2025-12-31 02:26:24,972 [ERROR] (WorkerAgent) [8304] [job-dc4a0841af78 ERR] 2025-12-31 02:26:21,399 DDP_Script [Rank 0] [INFO] Saving checkpoint to ./checkpoints/job-dc4a0841af78/latest_checkpoint.pth ...
2025-12-31 02:26:24,972 [ERROR] (WorkerAgent) [8304] [job-dc4a0841af78 ERR] 2025-12-31 02:26:23,689 DDP_Script [Rank 0] [INFO] Successfully reported epoch 3/20 (Acc: 50.92%) to global server.
2025-12-31 02:26:24,972 [ERROR] (WorkerAgent) [8304] [job-dc4a0841af78 ERR] 2025-12-31 02:26:23,689 DDP_Script [Rank 0] [INFO] Stop signal file detected: /tmp/job-dc4a0841af78-attempt-1.flag
2025-12-31 02:26:24,972 [ERROR] (WorkerAgent) [8304] [job-dc4a0841af78 ERR] 2025-12-31 02:26:23,695 DDP_Script [Rank 0] [INFO] Successfully reported graceful shutdown to global server.
2025-12-31 02:26:24,972 [ERROR] (WorkerAgent) [8304] [job-dc4a0841af78 ERR] 2025-12-31 02:26:23,696 DDP_Script [Rank 0] [INFO] Received stop signal from Rank 0. Gracefully shutting down...
2025-12-31 02:26:24,972 [ERROR] (WorkerAgent) [8304] [job-dc4a0841af78 ERR] 2025-12-31 02:26:23,696 DDP_Script [Rank 0] [INFO] Training loop finished.
2025-12-31 02:26:25,094 [INFO] (WorkerAgent) [8304] [job-dc4a0841af78] Process finished. Return Code: 0
2025-12-31 02:26:26,100 [INFO] (WorkerAgent) [8304] [job-debb8e21148c] Launch Request received.
2025-12-31 02:26:26,108 [INFO] (WorkerAgent) [8304] [job-debb8e21148c] Launched attempt 1 with STOP_FLAG_PATH=/tmp/job-debb8e21148c-attempt-1.flag, pid=781188
INFO:     163.180.117.216:56034 - "POST /launch_task HTTP/1.1" 200 OK
2025-12-31 02:26:34,761 [INFO] (WorkerAgent) [8304] [job-debb8e21148c OUT] Current CUDA device index: 0
2025-12-31 02:26:34,762 [INFO] (WorkerAgent) [8304] [job-debb8e21148c OUT] Current CUDA device name: NVIDIA RTX A5000
2025-12-31 02:26:34,762 [INFO] (WorkerAgent) [8304] [job-debb8e21148c OUT] Master address: 163.180.160.62, port: 29520
2025-12-31 02:26:34,767 [INFO] (WorkerAgent) [8304] [job-debb8e21148c OUT] [Gloo] Rank 0 is connected to 0 peer ranks. Expected number of connected peer ranks is : 0
2025-12-31 03:37:09,605 [ERROR] (WorkerAgent) [8304] [job-debb8e21148c ERR] 2025-12-31 02:26:34,762 DDP_Script [Rank 0] [INFO] Node rank: 0, world size: 1
2025-12-31 03:37:09,605 [ERROR] (WorkerAgent) [8304] [job-debb8e21148c ERR] 2025-12-31 02:26:34,768 DDP_Script [Rank 0] [INFO] Process group initialized: 163.180.160.62:29520
2025-12-31 03:37:09,605 [ERROR] (WorkerAgent) [8304] [job-debb8e21148c ERR] 2025-12-31 02:26:34,768 DDP_Script [Rank 0] [INFO] Rank 0/1 initialized
2025-12-31 03:37:09,605 [ERROR] (WorkerAgent) [8304] [job-debb8e21148c ERR] 2025-12-31 02:26:34,768 DDP_Script [Rank 0] [INFO] Rank 0 downloading tokenizer: distilbert-base-uncased
2025-12-31 03:37:09,605 [ERROR] (WorkerAgent) [8304] [job-debb8e21148c ERR] 2025-12-31 02:26:35,488 DDP_Script [Rank 0] [INFO] Rank 0 downloading dataset: glue/sst2
2025-12-31 03:37:09,605 [ERROR] (WorkerAgent) [8304] [job-debb8e21148c ERR] 2025-12-31 02:26:40,452 DDP_Script [Rank 0] [INFO] Tokenizing datasets...
2025-12-31 03:37:09,606 [ERROR] (WorkerAgent) [8304] [job-debb8e21148c ERR] 2025-12-31 02:26:40,618 DDP_Script [Rank 0] [INFO] SST-2 Dataset and Tokenizer loaded.
2025-12-31 03:37:09,606 [ERROR] (WorkerAgent) [8304] [job-debb8e21148c ERR] 2025-12-31 02:26:40,619 DDP_Script [Rank 0] [INFO] Rank 0 downloading model: distilbert-base-uncased
2025-12-31 03:37:09,606 [ERROR] (WorkerAgent) [8304] [job-debb8e21148c ERR] Some weights of DistilBertForSequenceClassification were not initialized from the model checkpoint at distilbert-base-uncased and are newly initialized: ['classifier.bias', 'classifier.weight', 'pre_classifier.bias', 'pre_classifier.weight']
2025-12-31 03:37:09,606 [ERROR] (WorkerAgent) [8304] [job-debb8e21148c ERR] You should probably TRAIN this model on a down-stream task to be able to use it for predictions and inference.
2025-12-31 03:37:09,606 [ERROR] (WorkerAgent) [8304] [job-debb8e21148c ERR] 2025-12-31 02:26:41,353 DDP_Script [Rank 0] [INFO] Model (DistilBert), DDP, optimizer (AdamW) initialized
2025-12-31 03:37:09,606 [ERROR] (WorkerAgent) [8304] [job-debb8e21148c ERR] 2025-12-31 02:26:41,376 DDP_Script [Rank 0] [INFO] Modules initialized
2025-12-31 03:37:09,606 [ERROR] (WorkerAgent) [8304] [job-debb8e21148c ERR] 2025-12-31 02:26:41,377 DDP_Script [Rank 0] [INFO] Checkpoint directory created: ./checkpoints/job-debb8e21148c
2025-12-31 03:37:09,606 [ERROR] (WorkerAgent) [8304] [job-debb8e21148c ERR] 2025-12-31 02:26:41,377 DDP_Script [Rank 0] [INFO] Starting training from scratch (epoch 1).
2025-12-31 03:37:09,606 [ERROR] (WorkerAgent) [8304] [job-debb8e21148c ERR] 2025-12-31 02:26:41,377 DDP_Script [Rank 0] [INFO] epoch 1 시작
2025-12-31 03:37:09,606 [ERROR] (WorkerAgent) [8304] [job-debb8e21148c ERR] 2025-12-31 02:26:41,417 DDP_Script [Rank 0] [INFO] DataLoader created with batch_size=32, num_workers=4
2025-12-31 03:37:09,606 [ERROR] (WorkerAgent) [8304] [job-debb8e21148c ERR] 2025-12-31 02:26:41,419 DDP_Script [Rank 0] [INFO] 모든 노드 중 max_steps = 2105
2025-12-31 03:37:09,606 [ERROR] (WorkerAgent) [8304] [job-debb8e21148c ERR] 2025-12-31 02:26:41,419 DDP_Script [Rank 0] [INFO] local_steps=2105, global_steps=2105
2025-12-31 03:37:09,606 [ERROR] (WorkerAgent) [8304] [job-debb8e21148c ERR] 2025-12-31 02:30:04,174 DDP_Script [Rank 0] [INFO] epoch 1 train step time: 202.75 seconds
2025-12-31 03:37:09,606 [ERROR] (WorkerAgent) [8304] [job-debb8e21148c ERR] 2025-12-31 02:30:04,175 DDP_Script [Rank 0] [INFO] epoch 1 끝 (local_steps=2105, global_steps=2105)
2025-12-31 03:37:09,606 [ERROR] (WorkerAgent) [8304] [job-debb8e21148c ERR] 2025-12-31 02:30:04,363 httpx [INFO] HTTP Request: POST http://163.180.117.216:8000/report_job_metrics "HTTP/1.1 200 OK"
2025-12-31 03:37:09,606 [ERROR] (WorkerAgent) [8304] [job-debb8e21148c ERR] 2025-12-31 02:30:04,391 httpx [INFO] HTTP Request: POST http://163.180.117.216:8000/report_progress "HTTP/1.1 200 OK"
2025-12-31 03:37:09,606 [ERROR] (WorkerAgent) [8304] [job-debb8e21148c ERR] 2025-12-31 02:30:04,924 DDP_Script [Rank 0] [INFO] val acc 50.92%
2025-12-31 03:37:09,606 [ERROR] (WorkerAgent) [8304] [job-debb8e21148c ERR] 2025-12-31 02:30:04,939 DDP_Script [Rank 0] [INFO] CKF x_filt vector: [array([-0.00764773]), array([0.00206139]), array([0.01076902]), array([0.00698364]), array([-0.00442472]), array([-0.00057315]), array([0.01329962]), array([-0.00841407])]
2025-12-31 03:37:09,606 [ERROR] (WorkerAgent) [8304] [job-debb8e21148c ERR] 2025-12-31 02:30:04,940 DDP_Script [Rank 0] [INFO] allocation results: [{'shard_pct': 0.5, 'batch_size': 32, 'lr': 0.0010390825688073395, 'num_workers': 4}]
2025-12-31 03:37:09,607 [ERROR] (WorkerAgent) [8304] [job-debb8e21148c ERR] 2025-12-31 02:30:04,940 DDP_Script [Rank 0] [INFO] local_alloc: {'shard_pct': 1.0, 'batch_size': 32, 'lr': 0.0010390825688073395, 'num_workers': 4}
2025-12-31 03:37:09,607 [ERROR] (WorkerAgent) [8304] [job-debb8e21148c ERR] 2025-12-31 02:30:04,943 DDP_Script [Rank 0] [INFO] Saving checkpoint to ./checkpoints/job-debb8e21148c/latest_checkpoint.pth ...
2025-12-31 03:37:09,607 [ERROR] (WorkerAgent) [8304] [job-debb8e21148c ERR] 2025-12-31 02:30:07,211 DDP_Script [Rank 0] [INFO] Successfully reported epoch 1/20 (Acc: 50.92%) to global server.
2025-12-31 03:37:09,607 [ERROR] (WorkerAgent) [8304] [job-debb8e21148c ERR] 2025-12-31 02:30:07,212 DDP_Script [Rank 0] [INFO] epoch 2 시작
2025-12-31 03:37:09,607 [ERROR] (WorkerAgent) [8304] [job-debb8e21148c ERR] 2025-12-31 02:30:07,267 DDP_Script [Rank 0] [INFO] DataLoader created with batch_size=32, num_workers=4
2025-12-31 03:37:09,607 [ERROR] (WorkerAgent) [8304] [job-debb8e21148c ERR] 2025-12-31 02:30:07,268 DDP_Script [Rank 0] [INFO] 모든 노드 중 max_steps = 2105
2025-12-31 03:37:09,607 [ERROR] (WorkerAgent) [8304] [job-debb8e21148c ERR] 2025-12-31 02:30:07,268 DDP_Script [Rank 0] [INFO] local_steps=2105, global_steps=2105
2025-12-31 03:37:09,607 [ERROR] (WorkerAgent) [8304] [job-debb8e21148c ERR] 2025-12-31 02:33:32,387 DDP_Script [Rank 0] [INFO] epoch 2 train step time: 205.12 seconds
2025-12-31 03:37:09,607 [ERROR] (WorkerAgent) [8304] [job-debb8e21148c ERR] 2025-12-31 02:33:32,388 DDP_Script [Rank 0] [INFO] epoch 2 끝 (local_steps=2105, global_steps=2105)
2025-12-31 03:37:09,607 [ERROR] (WorkerAgent) [8304] [job-debb8e21148c ERR] 2025-12-31 02:33:32,432 httpx [INFO] HTTP Request: POST http://163.180.117.216:8000/report_job_metrics "HTTP/1.1 200 OK"
2025-12-31 03:37:09,607 [ERROR] (WorkerAgent) [8304] [job-debb8e21148c ERR] 2025-12-31 02:33:32,461 httpx [INFO] HTTP Request: POST http://163.180.117.216:8000/report_progress "HTTP/1.1 200 OK"
2025-12-31 03:37:09,607 [ERROR] (WorkerAgent) [8304] [job-debb8e21148c ERR] 2025-12-31 02:33:32,996 DDP_Script [Rank 0] [INFO] val acc 50.92%
2025-12-31 03:37:09,607 [ERROR] (WorkerAgent) [8304] [job-debb8e21148c ERR] 2025-12-31 02:33:33,009 DDP_Script [Rank 0] [INFO] CKF x_filt vector: [array([-0.01284506]), array([0.02343928]), array([0.02272342]), array([0.02940335]), array([0.01498567]), array([-0.01016133]), array([0.00540658]), array([-0.00331289])]
2025-12-31 03:37:09,607 [ERROR] (WorkerAgent) [8304] [job-debb8e21148c ERR] 2025-12-31 02:33:33,009 DDP_Script [Rank 0] [INFO] allocation results: [{'shard_pct': 0.5, 'batch_size': 32, 'lr': 0.0010390825688073395, 'num_workers': 4}]
2025-12-31 03:37:09,607 [ERROR] (WorkerAgent) [8304] [job-debb8e21148c ERR] 2025-12-31 02:33:33,010 DDP_Script [Rank 0] [INFO] local_alloc: {'shard_pct': 1.0, 'batch_size': 32, 'lr': 0.0010390825688073395, 'num_workers': 4}
2025-12-31 03:37:09,607 [ERROR] (WorkerAgent) [8304] [job-debb8e21148c ERR] 2025-12-31 02:33:33,012 DDP_Script [Rank 0] [INFO] Saving checkpoint to ./checkpoints/job-debb8e21148c/latest_checkpoint.pth ...
2025-12-31 03:37:09,607 [ERROR] (WorkerAgent) [8304] [job-debb8e21148c ERR] 2025-12-31 02:33:34,916 DDP_Script [Rank 0] [INFO] Successfully reported epoch 2/20 (Acc: 50.92%) to global server.
2025-12-31 03:37:09,607 [ERROR] (WorkerAgent) [8304] [job-debb8e21148c ERR] 2025-12-31 02:33:34,917 DDP_Script [Rank 0] [INFO] epoch 3 시작
2025-12-31 03:37:09,607 [ERROR] (WorkerAgent) [8304] [job-debb8e21148c ERR] 2025-12-31 02:33:34,935 DDP_Script [Rank 0] [INFO] DataLoader created with batch_size=32, num_workers=4
2025-12-31 03:37:09,608 [ERROR] (WorkerAgent) [8304] [job-debb8e21148c ERR] 2025-12-31 02:33:34,936 DDP_Script [Rank 0] [INFO] 모든 노드 중 max_steps = 2105
2025-12-31 03:37:09,608 [ERROR] (WorkerAgent) [8304] [job-debb8e21148c ERR] 2025-12-31 02:33:34,936 DDP_Script [Rank 0] [INFO] local_steps=2105, global_steps=2105
2025-12-31 03:37:09,608 [ERROR] (WorkerAgent) [8304] [job-debb8e21148c ERR] 2025-12-31 02:36:56,364 DDP_Script [Rank 0] [INFO] epoch 3 train step time: 201.43 seconds
2025-12-31 03:37:09,608 [ERROR] (WorkerAgent) [8304] [job-debb8e21148c ERR] 2025-12-31 02:36:56,365 DDP_Script [Rank 0] [INFO] epoch 3 끝 (local_steps=2105, global_steps=2105)
2025-12-31 03:37:09,608 [ERROR] (WorkerAgent) [8304] [job-debb8e21148c ERR] 2025-12-31 02:36:56,411 httpx [INFO] HTTP Request: POST http://163.180.117.216:8000/report_job_metrics "HTTP/1.1 200 OK"
2025-12-31 03:37:09,608 [ERROR] (WorkerAgent) [8304] [job-debb8e21148c ERR] 2025-12-31 02:36:56,440 httpx [INFO] HTTP Request: POST http://163.180.117.216:8000/report_progress "HTTP/1.1 200 OK"
2025-12-31 03:37:09,608 [ERROR] (WorkerAgent) [8304] [job-debb8e21148c ERR] 2025-12-31 02:36:56,968 DDP_Script [Rank 0] [INFO] val acc 50.92%
2025-12-31 03:37:09,608 [ERROR] (WorkerAgent) [8304] [job-debb8e21148c ERR] 2025-12-31 02:36:56,982 DDP_Script [Rank 0] [INFO] CKF x_filt vector: [array([-0.01207855]), array([0.04722864]), array([0.03183715]), array([-0.00323395]), array([-0.00771433]), array([-0.03249782]), array([0.02274227]), array([-0.00531701])]
2025-12-31 03:37:09,608 [ERROR] (WorkerAgent) [8304] [job-debb8e21148c ERR] 2025-12-31 02:36:56,982 DDP_Script [Rank 0] [INFO] allocation results: [{'shard_pct': 0.5, 'batch_size': 32, 'lr': 0.0010390825688073395, 'num_workers': 4}]
2025-12-31 03:37:09,608 [ERROR] (WorkerAgent) [8304] [job-debb8e21148c ERR] 2025-12-31 02:36:56,983 DDP_Script [Rank 0] [INFO] local_alloc: {'shard_pct': 1.0, 'batch_size': 32, 'lr': 0.0010390825688073395, 'num_workers': 4}
2025-12-31 03:37:09,608 [ERROR] (WorkerAgent) [8304] [job-debb8e21148c ERR] 2025-12-31 02:36:56,986 DDP_Script [Rank 0] [INFO] Saving checkpoint to ./checkpoints/job-debb8e21148c/latest_checkpoint.pth ...
2025-12-31 03:37:09,608 [ERROR] (WorkerAgent) [8304] [job-debb8e21148c ERR] 2025-12-31 02:36:59,360 DDP_Script [Rank 0] [INFO] Successfully reported epoch 3/20 (Acc: 50.92%) to global server.
2025-12-31 03:37:09,608 [ERROR] (WorkerAgent) [8304] [job-debb8e21148c ERR] 2025-12-31 02:36:59,362 DDP_Script [Rank 0] [INFO] epoch 4 시작
2025-12-31 03:37:09,608 [ERROR] (WorkerAgent) [8304] [job-debb8e21148c ERR] 2025-12-31 02:36:59,400 DDP_Script [Rank 0] [INFO] DataLoader created with batch_size=32, num_workers=4
2025-12-31 03:37:09,608 [ERROR] (WorkerAgent) [8304] [job-debb8e21148c ERR] 2025-12-31 02:36:59,401 DDP_Script [Rank 0] [INFO] 모든 노드 중 max_steps = 2105
2025-12-31 03:37:09,608 [ERROR] (WorkerAgent) [8304] [job-debb8e21148c ERR] 2025-12-31 02:36:59,401 DDP_Script [Rank 0] [INFO] local_steps=2105, global_steps=2105
2025-12-31 03:37:09,608 [ERROR] (WorkerAgent) [8304] [job-debb8e21148c ERR] 2025-12-31 02:40:09,507 DDP_Script [Rank 0] [INFO] epoch 4 train step time: 190.10 seconds
2025-12-31 03:37:09,608 [ERROR] (WorkerAgent) [8304] [job-debb8e21148c ERR] 2025-12-31 02:40:09,508 DDP_Script [Rank 0] [INFO] epoch 4 끝 (local_steps=2105, global_steps=2105)
2025-12-31 03:37:09,608 [ERROR] (WorkerAgent) [8304] [job-debb8e21148c ERR] 2025-12-31 02:40:09,552 httpx [INFO] HTTP Request: POST http://163.180.117.216:8000/report_job_metrics "HTTP/1.1 200 OK"
2025-12-31 03:37:09,609 [ERROR] (WorkerAgent) [8304] [job-debb8e21148c ERR] 2025-12-31 02:40:09,581 httpx [INFO] HTTP Request: POST http://163.180.117.216:8000/report_progress "HTTP/1.1 200 OK"
2025-12-31 03:37:09,609 [ERROR] (WorkerAgent) [8304] [job-debb8e21148c ERR] 2025-12-31 02:40:10,132 DDP_Script [Rank 0] [INFO] val acc 50.92%
2025-12-31 03:37:09,609 [ERROR] (WorkerAgent) [8304] [job-debb8e21148c ERR] 2025-12-31 02:40:10,148 DDP_Script [Rank 0] [INFO] CKF x_filt vector: [array([-0.00767053]), array([0.01979779]), array([0.04627684]), array([0.01060046]), array([-0.00033588]), array([0.00553452]), array([0.03736237]), array([-0.00250229])]
2025-12-31 03:37:09,609 [ERROR] (WorkerAgent) [8304] [job-debb8e21148c ERR] 2025-12-31 02:40:10,148 DDP_Script [Rank 0] [INFO] allocation results: [{'shard_pct': 0.5, 'batch_size': 32, 'lr': 0.0010390825688073395, 'num_workers': 4}]
2025-12-31 03:37:09,609 [ERROR] (WorkerAgent) [8304] [job-debb8e21148c ERR] 2025-12-31 02:40:10,149 DDP_Script [Rank 0] [INFO] local_alloc: {'shard_pct': 1.0, 'batch_size': 32, 'lr': 0.0010390825688073395, 'num_workers': 4}
2025-12-31 03:37:09,609 [ERROR] (WorkerAgent) [8304] [job-debb8e21148c ERR] 2025-12-31 02:40:10,151 DDP_Script [Rank 0] [INFO] Saving checkpoint to ./checkpoints/job-debb8e21148c/latest_checkpoint.pth ...
2025-12-31 03:37:09,609 [ERROR] (WorkerAgent) [8304] [job-debb8e21148c ERR] 2025-12-31 02:40:12,448 DDP_Script [Rank 0] [INFO] Successfully reported epoch 4/20 (Acc: 50.92%) to global server.
2025-12-31 03:37:09,609 [ERROR] (WorkerAgent) [8304] [job-debb8e21148c ERR] 2025-12-31 02:40:12,449 DDP_Script [Rank 0] [INFO] epoch 5 시작
2025-12-31 03:37:09,609 [ERROR] (WorkerAgent) [8304] [job-debb8e21148c ERR] 2025-12-31 02:40:12,482 DDP_Script [Rank 0] [INFO] DataLoader created with batch_size=32, num_workers=4
2025-12-31 03:37:09,609 [ERROR] (WorkerAgent) [8304] [job-debb8e21148c ERR] 2025-12-31 02:40:12,483 DDP_Script [Rank 0] [INFO] 모든 노드 중 max_steps = 2105
2025-12-31 03:37:09,609 [ERROR] (WorkerAgent) [8304] [job-debb8e21148c ERR] 2025-12-31 02:40:12,483 DDP_Script [Rank 0] [INFO] local_steps=2105, global_steps=2105
2025-12-31 03:37:09,609 [ERROR] (WorkerAgent) [8304] [job-debb8e21148c ERR] 2025-12-31 02:43:39,723 DDP_Script [Rank 0] [INFO] epoch 5 train step time: 207.24 seconds
2025-12-31 03:37:09,609 [ERROR] (WorkerAgent) [8304] [job-debb8e21148c ERR] 2025-12-31 02:43:39,725 DDP_Script [Rank 0] [INFO] epoch 5 끝 (local_steps=2105, global_steps=2105)
2025-12-31 03:37:09,609 [ERROR] (WorkerAgent) [8304] [job-debb8e21148c ERR] 2025-12-31 02:43:39,769 httpx [INFO] HTTP Request: POST http://163.180.117.216:8000/report_job_metrics "HTTP/1.1 200 OK"
2025-12-31 03:37:09,609 [ERROR] (WorkerAgent) [8304] [job-debb8e21148c ERR] 2025-12-31 02:43:39,797 httpx [INFO] HTTP Request: POST http://163.180.117.216:8000/report_progress "HTTP/1.1 200 OK"
2025-12-31 03:37:09,609 [ERROR] (WorkerAgent) [8304] [job-debb8e21148c ERR] 2025-12-31 02:43:40,339 DDP_Script [Rank 0] [INFO] val acc 50.92%
2025-12-31 03:37:09,609 [ERROR] (WorkerAgent) [8304] [job-debb8e21148c ERR] 2025-12-31 02:43:40,346 DDP_Script [Rank 0] [INFO] CKF x_filt vector: [array([-0.01269595]), array([0.00188771]), array([0.00813761]), array([0.01359778]), array([-0.00089245]), array([0.00409536]), array([0.01860268]), array([0.00916834])]
2025-12-31 03:37:09,609 [ERROR] (WorkerAgent) [8304] [job-debb8e21148c ERR] 2025-12-31 02:43:40,346 DDP_Script [Rank 0] [INFO] allocation results: [{'shard_pct': 0.5, 'batch_size': 32, 'lr': 0.0010390825688073395, 'num_workers': 4}]
2025-12-31 03:37:09,610 [ERROR] (WorkerAgent) [8304] [job-debb8e21148c ERR] 2025-12-31 02:43:40,347 DDP_Script [Rank 0] [INFO] local_alloc: {'shard_pct': 1.0, 'batch_size': 32, 'lr': 0.0010390825688073395, 'num_workers': 4}
2025-12-31 03:37:09,610 [ERROR] (WorkerAgent) [8304] [job-debb8e21148c ERR] 2025-12-31 02:43:40,349 DDP_Script [Rank 0] [INFO] Saving checkpoint to ./checkpoints/job-debb8e21148c/latest_checkpoint.pth ...
2025-12-31 03:37:09,610 [ERROR] (WorkerAgent) [8304] [job-debb8e21148c ERR] 2025-12-31 02:43:42,327 DDP_Script [Rank 0] [INFO] Successfully reported epoch 5/20 (Acc: 50.92%) to global server.
2025-12-31 03:37:09,610 [ERROR] (WorkerAgent) [8304] [job-debb8e21148c ERR] 2025-12-31 02:43:42,330 DDP_Script [Rank 0] [INFO] epoch 6 시작
2025-12-31 03:37:09,610 [ERROR] (WorkerAgent) [8304] [job-debb8e21148c ERR] 2025-12-31 02:43:42,355 DDP_Script [Rank 0] [INFO] DataLoader created with batch_size=32, num_workers=4
2025-12-31 03:37:09,610 [ERROR] (WorkerAgent) [8304] [job-debb8e21148c ERR] 2025-12-31 02:43:42,356 DDP_Script [Rank 0] [INFO] 모든 노드 중 max_steps = 2105
2025-12-31 03:37:09,610 [ERROR] (WorkerAgent) [8304] [job-debb8e21148c ERR] 2025-12-31 02:43:42,357 DDP_Script [Rank 0] [INFO] local_steps=2105, global_steps=2105
2025-12-31 03:37:09,610 [ERROR] (WorkerAgent) [8304] [job-debb8e21148c ERR] 2025-12-31 02:47:03,670 DDP_Script [Rank 0] [INFO] epoch 6 train step time: 201.31 seconds
2025-12-31 03:37:09,610 [ERROR] (WorkerAgent) [8304] [job-debb8e21148c ERR] 2025-12-31 02:47:03,672 DDP_Script [Rank 0] [INFO] epoch 6 끝 (local_steps=2105, global_steps=2105)
2025-12-31 03:37:09,610 [ERROR] (WorkerAgent) [8304] [job-debb8e21148c ERR] 2025-12-31 02:47:03,716 httpx [INFO] HTTP Request: POST http://163.180.117.216:8000/report_job_metrics "HTTP/1.1 200 OK"
2025-12-31 03:37:09,610 [ERROR] (WorkerAgent) [8304] [job-debb8e21148c ERR] 2025-12-31 02:47:03,745 httpx [INFO] HTTP Request: POST http://163.180.117.216:8000/report_progress "HTTP/1.1 200 OK"
2025-12-31 03:37:09,610 [ERROR] (WorkerAgent) [8304] [job-debb8e21148c ERR] 2025-12-31 02:47:04,262 DDP_Script [Rank 0] [INFO] val acc 50.92%
2025-12-31 03:37:09,610 [ERROR] (WorkerAgent) [8304] [job-debb8e21148c ERR] 2025-12-31 02:47:04,274 DDP_Script [Rank 0] [INFO] CKF x_filt vector: [array([-0.01077589]), array([-0.03631869]), array([0.00646187]), array([-0.00273672]), array([-0.01701842]), array([-0.00536033]), array([0.00663038]), array([0.00012206])]
2025-12-31 03:37:09,610 [ERROR] (WorkerAgent) [8304] [job-debb8e21148c ERR] 2025-12-31 02:47:04,274 DDP_Script [Rank 0] [INFO] allocation results: [{'shard_pct': 0.5, 'batch_size': 32, 'lr': 0.0010390825688073395, 'num_workers': 4}]
2025-12-31 03:37:09,610 [ERROR] (WorkerAgent) [8304] [job-debb8e21148c ERR] 2025-12-31 02:47:04,275 DDP_Script [Rank 0] [INFO] local_alloc: {'shard_pct': 1.0, 'batch_size': 32, 'lr': 0.0010390825688073395, 'num_workers': 4}
2025-12-31 03:37:09,610 [ERROR] (WorkerAgent) [8304] [job-debb8e21148c ERR] 2025-12-31 02:47:04,278 DDP_Script [Rank 0] [INFO] Saving checkpoint to ./checkpoints/job-debb8e21148c/latest_checkpoint.pth ...
2025-12-31 03:37:09,610 [ERROR] (WorkerAgent) [8304] [job-debb8e21148c ERR] 2025-12-31 02:47:06,632 DDP_Script [Rank 0] [INFO] Successfully reported epoch 6/20 (Acc: 50.92%) to global server.
2025-12-31 03:37:09,610 [ERROR] (WorkerAgent) [8304] [job-debb8e21148c ERR] 2025-12-31 02:47:06,633 DDP_Script [Rank 0] [INFO] epoch 7 시작
2025-12-31 03:37:09,610 [ERROR] (WorkerAgent) [8304] [job-debb8e21148c ERR] 2025-12-31 02:47:06,670 DDP_Script [Rank 0] [INFO] DataLoader created with batch_size=32, num_workers=4
2025-12-31 03:37:09,610 [ERROR] (WorkerAgent) [8304] [job-debb8e21148c ERR] 2025-12-31 02:47:06,671 DDP_Script [Rank 0] [INFO] 모든 노드 중 max_steps = 2105
2025-12-31 03:37:09,611 [ERROR] (WorkerAgent) [8304] [job-debb8e21148c ERR] 2025-12-31 02:47:06,671 DDP_Script [Rank 0] [INFO] local_steps=2105, global_steps=2105
2025-12-31 03:37:09,611 [ERROR] (WorkerAgent) [8304] [job-debb8e21148c ERR] 2025-12-31 02:50:24,671 DDP_Script [Rank 0] [INFO] epoch 7 train step time: 198.00 seconds
2025-12-31 03:37:09,611 [ERROR] (WorkerAgent) [8304] [job-debb8e21148c ERR] 2025-12-31 02:50:24,672 DDP_Script [Rank 0] [INFO] epoch 7 끝 (local_steps=2105, global_steps=2105)
2025-12-31 03:37:09,611 [ERROR] (WorkerAgent) [8304] [job-debb8e21148c ERR] 2025-12-31 02:50:24,705 httpx [INFO] HTTP Request: POST http://163.180.117.216:8000/report_job_metrics "HTTP/1.1 200 OK"
2025-12-31 03:37:09,611 [ERROR] (WorkerAgent) [8304] [job-debb8e21148c ERR] 2025-12-31 02:50:24,733 httpx [INFO] HTTP Request: POST http://163.180.117.216:8000/report_progress "HTTP/1.1 200 OK"
2025-12-31 03:37:09,611 [ERROR] (WorkerAgent) [8304] [job-debb8e21148c ERR] 2025-12-31 02:50:25,249 DDP_Script [Rank 0] [INFO] val acc 50.92%
2025-12-31 03:37:09,611 [ERROR] (WorkerAgent) [8304] [job-debb8e21148c ERR] 2025-12-31 02:50:25,256 DDP_Script [Rank 0] [INFO] CKF x_filt vector: [array([0.00180033]), array([-0.03514481]), array([-0.02049135]), array([0.00332857]), array([-0.04126532]), array([-0.01289867]), array([0.00465308]), array([-0.00117535])]
2025-12-31 03:37:09,611 [ERROR] (WorkerAgent) [8304] [job-debb8e21148c ERR] 2025-12-31 02:50:25,257 DDP_Script [Rank 0] [INFO] allocation results: [{'shard_pct': 0.5, 'batch_size': 32, 'lr': 0.0010390825688073395, 'num_workers': 4}]
2025-12-31 03:37:09,611 [ERROR] (WorkerAgent) [8304] [job-debb8e21148c ERR] 2025-12-31 02:50:25,257 DDP_Script [Rank 0] [INFO] local_alloc: {'shard_pct': 1.0, 'batch_size': 32, 'lr': 0.0010390825688073395, 'num_workers': 4}
2025-12-31 03:37:09,611 [ERROR] (WorkerAgent) [8304] [job-debb8e21148c ERR] 2025-12-31 02:50:25,260 DDP_Script [Rank 0] [INFO] Saving checkpoint to ./checkpoints/job-debb8e21148c/latest_checkpoint.pth ...
2025-12-31 03:37:09,611 [ERROR] (WorkerAgent) [8304] [job-debb8e21148c ERR] 2025-12-31 02:50:27,548 DDP_Script [Rank 0] [INFO] Successfully reported epoch 7/20 (Acc: 50.92%) to global server.
2025-12-31 03:37:09,611 [ERROR] (WorkerAgent) [8304] [job-debb8e21148c ERR] 2025-12-31 02:50:27,549 DDP_Script [Rank 0] [INFO] epoch 8 시작
2025-12-31 03:37:09,611 [ERROR] (WorkerAgent) [8304] [job-debb8e21148c ERR] 2025-12-31 02:50:27,567 DDP_Script [Rank 0] [INFO] DataLoader created with batch_size=32, num_workers=4
2025-12-31 03:37:09,611 [ERROR] (WorkerAgent) [8304] [job-debb8e21148c ERR] 2025-12-31 02:50:27,568 DDP_Script [Rank 0] [INFO] 모든 노드 중 max_steps = 2105
2025-12-31 03:37:09,611 [ERROR] (WorkerAgent) [8304] [job-debb8e21148c ERR] 2025-12-31 02:50:27,569 DDP_Script [Rank 0] [INFO] local_steps=2105, global_steps=2105
2025-12-31 03:37:09,611 [ERROR] (WorkerAgent) [8304] [job-debb8e21148c ERR] 2025-12-31 02:54:02,697 DDP_Script [Rank 0] [INFO] epoch 8 train step time: 215.13 seconds
2025-12-31 03:37:09,611 [ERROR] (WorkerAgent) [8304] [job-debb8e21148c ERR] 2025-12-31 02:54:02,699 DDP_Script [Rank 0] [INFO] epoch 8 끝 (local_steps=2105, global_steps=2105)
2025-12-31 03:37:09,611 [ERROR] (WorkerAgent) [8304] [job-debb8e21148c ERR] 2025-12-31 02:54:02,744 httpx [INFO] HTTP Request: POST http://163.180.117.216:8000/report_job_metrics "HTTP/1.1 200 OK"
2025-12-31 03:37:09,611 [ERROR] (WorkerAgent) [8304] [job-debb8e21148c ERR] 2025-12-31 02:54:02,772 httpx [INFO] HTTP Request: POST http://163.180.117.216:8000/report_progress "HTTP/1.1 200 OK"
2025-12-31 03:37:09,612 [ERROR] (WorkerAgent) [8304] [job-debb8e21148c ERR] 2025-12-31 02:54:03,288 DDP_Script [Rank 0] [INFO] val acc 50.92%
2025-12-31 03:37:09,612 [ERROR] (WorkerAgent) [8304] [job-debb8e21148c ERR] 2025-12-31 02:54:03,299 DDP_Script [Rank 0] [INFO] CKF x_filt vector: [array([0.00601105]), array([-0.01603158]), array([-0.01257474]), array([0.03213363]), array([-0.02651293]), array([-0.01145419]), array([-0.00901671]), array([-0.01860377])]
2025-12-31 03:37:09,612 [ERROR] (WorkerAgent) [8304] [job-debb8e21148c ERR] 2025-12-31 02:54:03,300 DDP_Script [Rank 0] [INFO] allocation results: [{'shard_pct': 0.5, 'batch_size': 32, 'lr': 0.0010390825688073395, 'num_workers': 4}]
2025-12-31 03:37:09,612 [ERROR] (WorkerAgent) [8304] [job-debb8e21148c ERR] 2025-12-31 02:54:03,300 DDP_Script [Rank 0] [INFO] local_alloc: {'shard_pct': 1.0, 'batch_size': 32, 'lr': 0.0010390825688073395, 'num_workers': 4}
2025-12-31 03:37:09,612 [ERROR] (WorkerAgent) [8304] [job-debb8e21148c ERR] 2025-12-31 02:54:03,303 DDP_Script [Rank 0] [INFO] Saving checkpoint to ./checkpoints/job-debb8e21148c/latest_checkpoint.pth ...
2025-12-31 03:37:09,612 [ERROR] (WorkerAgent) [8304] [job-debb8e21148c ERR] 2025-12-31 02:54:05,761 DDP_Script [Rank 0] [INFO] Successfully reported epoch 8/20 (Acc: 50.92%) to global server.
2025-12-31 03:37:09,612 [ERROR] (WorkerAgent) [8304] [job-debb8e21148c ERR] 2025-12-31 02:54:05,763 DDP_Script [Rank 0] [INFO] epoch 9 시작
2025-12-31 03:37:09,612 [ERROR] (WorkerAgent) [8304] [job-debb8e21148c ERR] 2025-12-31 02:54:05,795 DDP_Script [Rank 0] [INFO] DataLoader created with batch_size=32, num_workers=4
2025-12-31 03:37:09,612 [ERROR] (WorkerAgent) [8304] [job-debb8e21148c ERR] 2025-12-31 02:54:05,798 DDP_Script [Rank 0] [INFO] 모든 노드 중 max_steps = 2105
2025-12-31 03:37:09,612 [ERROR] (WorkerAgent) [8304] [job-debb8e21148c ERR] 2025-12-31 02:54:05,798 DDP_Script [Rank 0] [INFO] local_steps=2105, global_steps=2105
2025-12-31 03:37:09,612 [ERROR] (WorkerAgent) [8304] [job-debb8e21148c ERR] 2025-12-31 02:57:36,471 DDP_Script [Rank 0] [INFO] epoch 9 train step time: 210.67 seconds
2025-12-31 03:37:09,612 [ERROR] (WorkerAgent) [8304] [job-debb8e21148c ERR] 2025-12-31 02:57:36,472 DDP_Script [Rank 0] [INFO] epoch 9 끝 (local_steps=2105, global_steps=2105)
2025-12-31 03:37:09,612 [ERROR] (WorkerAgent) [8304] [job-debb8e21148c ERR] 2025-12-31 02:57:36,517 httpx [INFO] HTTP Request: POST http://163.180.117.216:8000/report_job_metrics "HTTP/1.1 200 OK"
2025-12-31 03:37:09,612 [ERROR] (WorkerAgent) [8304] [job-debb8e21148c ERR] 2025-12-31 02:57:36,546 httpx [INFO] HTTP Request: POST http://163.180.117.216:8000/report_progress "HTTP/1.1 200 OK"
2025-12-31 03:37:09,612 [ERROR] (WorkerAgent) [8304] [job-debb8e21148c ERR] 2025-12-31 02:57:37,060 DDP_Script [Rank 0] [INFO] val acc 50.92%
2025-12-31 03:37:09,612 [ERROR] (WorkerAgent) [8304] [job-debb8e21148c ERR] 2025-12-31 02:57:37,073 DDP_Script [Rank 0] [INFO] CKF x_filt vector: [array([0.01426772]), array([-0.00333203]), array([0.0210722]), array([0.01594119]), array([-0.0124224]), array([-0.01946365]), array([0.00571233]), array([-0.01565651])]
2025-12-31 03:37:09,612 [ERROR] (WorkerAgent) [8304] [job-debb8e21148c ERR] 2025-12-31 02:57:37,073 DDP_Script [Rank 0] [INFO] allocation results: [{'shard_pct': 0.5, 'batch_size': 32, 'lr': 0.0010390825688073395, 'num_workers': 4}]
2025-12-31 03:37:09,612 [ERROR] (WorkerAgent) [8304] [job-debb8e21148c ERR] 2025-12-31 02:57:37,074 DDP_Script [Rank 0] [INFO] local_alloc: {'shard_pct': 1.0, 'batch_size': 32, 'lr': 0.0010390825688073395, 'num_workers': 4}
2025-12-31 03:37:09,612 [ERROR] (WorkerAgent) [8304] [job-debb8e21148c ERR] 2025-12-31 02:57:37,083 DDP_Script [Rank 0] [INFO] Saving checkpoint to ./checkpoints/job-debb8e21148c/latest_checkpoint.pth ...
2025-12-31 03:37:09,613 [ERROR] (WorkerAgent) [8304] [job-debb8e21148c ERR] 2025-12-31 02:57:39,390 DDP_Script [Rank 0] [INFO] Successfully reported epoch 9/20 (Acc: 50.92%) to global server.
2025-12-31 03:37:09,613 [ERROR] (WorkerAgent) [8304] [job-debb8e21148c ERR] 2025-12-31 02:57:39,391 DDP_Script [Rank 0] [INFO] epoch 10 시작
2025-12-31 03:37:09,613 [ERROR] (WorkerAgent) [8304] [job-debb8e21148c ERR] 2025-12-31 02:57:39,410 DDP_Script [Rank 0] [INFO] DataLoader created with batch_size=32, num_workers=4
2025-12-31 03:37:09,613 [ERROR] (WorkerAgent) [8304] [job-debb8e21148c ERR] 2025-12-31 02:57:39,411 DDP_Script [Rank 0] [INFO] 모든 노드 중 max_steps = 2105
2025-12-31 03:37:09,613 [ERROR] (WorkerAgent) [8304] [job-debb8e21148c ERR] 2025-12-31 02:57:39,411 DDP_Script [Rank 0] [INFO] local_steps=2105, global_steps=2105
2025-12-31 03:37:09,613 [ERROR] (WorkerAgent) [8304] [job-debb8e21148c ERR] 2025-12-31 03:01:15,050 DDP_Script [Rank 0] [INFO] epoch 10 train step time: 215.64 seconds
2025-12-31 03:37:09,613 [ERROR] (WorkerAgent) [8304] [job-debb8e21148c ERR] 2025-12-31 03:01:15,052 DDP_Script [Rank 0] [INFO] epoch 10 끝 (local_steps=2105, global_steps=2105)
2025-12-31 03:37:09,613 [ERROR] (WorkerAgent) [8304] [job-debb8e21148c ERR] 2025-12-31 03:01:15,098 httpx [INFO] HTTP Request: POST http://163.180.117.216:8000/report_job_metrics "HTTP/1.1 200 OK"
2025-12-31 03:37:09,613 [ERROR] (WorkerAgent) [8304] [job-debb8e21148c ERR] 2025-12-31 03:01:15,126 httpx [INFO] HTTP Request: POST http://163.180.117.216:8000/report_progress "HTTP/1.1 200 OK"
2025-12-31 03:37:09,613 [ERROR] (WorkerAgent) [8304] [job-debb8e21148c ERR] 2025-12-31 03:01:15,662 DDP_Script [Rank 0] [INFO] val acc 50.92%
2025-12-31 03:37:09,613 [ERROR] (WorkerAgent) [8304] [job-debb8e21148c ERR] 2025-12-31 03:01:15,668 DDP_Script [Rank 0] [INFO] CKF x_filt vector: [array([-0.00627822]), array([-0.02050353]), array([-0.01857489]), array([0.00590277]), array([0.01625251]), array([-0.00133405]), array([0.01687]), array([-0.03224881])]
2025-12-31 03:37:09,613 [ERROR] (WorkerAgent) [8304] [job-debb8e21148c ERR] 2025-12-31 03:01:15,668 DDP_Script [Rank 0] [INFO] allocation results: [{'shard_pct': 0.5, 'batch_size': 32, 'lr': 0.0010390825688073395, 'num_workers': 4}]
2025-12-31 03:37:09,613 [ERROR] (WorkerAgent) [8304] [job-debb8e21148c ERR] 2025-12-31 03:01:15,669 DDP_Script [Rank 0] [INFO] local_alloc: {'shard_pct': 1.0, 'batch_size': 32, 'lr': 0.0010390825688073395, 'num_workers': 4}
2025-12-31 03:37:09,613 [ERROR] (WorkerAgent) [8304] [job-debb8e21148c ERR] 2025-12-31 03:01:15,688 DDP_Script [Rank 0] [INFO] Saving checkpoint to ./checkpoints/job-debb8e21148c/latest_checkpoint.pth ...
2025-12-31 03:37:09,613 [ERROR] (WorkerAgent) [8304] [job-debb8e21148c ERR] 2025-12-31 03:01:18,027 DDP_Script [Rank 0] [INFO] Successfully reported epoch 10/20 (Acc: 50.92%) to global server.
2025-12-31 03:37:09,613 [ERROR] (WorkerAgent) [8304] [job-debb8e21148c ERR] 2025-12-31 03:01:18,029 DDP_Script [Rank 0] [INFO] epoch 11 시작
2025-12-31 03:37:09,613 [ERROR] (WorkerAgent) [8304] [job-debb8e21148c ERR] 2025-12-31 03:01:18,052 DDP_Script [Rank 0] [INFO] DataLoader created with batch_size=32, num_workers=4
2025-12-31 03:37:09,613 [ERROR] (WorkerAgent) [8304] [job-debb8e21148c ERR] 2025-12-31 03:01:18,054 DDP_Script [Rank 0] [INFO] 모든 노드 중 max_steps = 2105
2025-12-31 03:37:09,614 [ERROR] (WorkerAgent) [8304] [job-debb8e21148c ERR] 2025-12-31 03:01:18,054 DDP_Script [Rank 0] [INFO] local_steps=2105, global_steps=2105
2025-12-31 03:37:09,614 [ERROR] (WorkerAgent) [8304] [job-debb8e21148c ERR] 2025-12-31 03:04:51,510 DDP_Script [Rank 0] [INFO] epoch 11 train step time: 213.46 seconds
2025-12-31 03:37:09,614 [ERROR] (WorkerAgent) [8304] [job-debb8e21148c ERR] 2025-12-31 03:04:51,511 DDP_Script [Rank 0] [INFO] epoch 11 끝 (local_steps=2105, global_steps=2105)
2025-12-31 03:37:09,614 [ERROR] (WorkerAgent) [8304] [job-debb8e21148c ERR] 2025-12-31 03:04:51,557 httpx [INFO] HTTP Request: POST http://163.180.117.216:8000/report_job_metrics "HTTP/1.1 200 OK"
2025-12-31 03:37:09,614 [ERROR] (WorkerAgent) [8304] [job-debb8e21148c ERR] 2025-12-31 03:04:51,585 httpx [INFO] HTTP Request: POST http://163.180.117.216:8000/report_progress "HTTP/1.1 200 OK"
2025-12-31 03:37:09,614 [ERROR] (WorkerAgent) [8304] [job-debb8e21148c ERR] 2025-12-31 03:04:52,115 DDP_Script [Rank 0] [INFO] val acc 50.92%
2025-12-31 03:37:09,614 [ERROR] (WorkerAgent) [8304] [job-debb8e21148c ERR] 2025-12-31 03:04:52,127 DDP_Script [Rank 0] [INFO] CKF x_filt vector: [array([-0.02104605]), array([-0.0015587]), array([0.0028979]), array([0.00287888]), array([-0.00501679]), array([0.0050695]), array([0.0130106]), array([-0.03619957])]
2025-12-31 03:37:09,614 [ERROR] (WorkerAgent) [8304] [job-debb8e21148c ERR] 2025-12-31 03:04:52,127 DDP_Script [Rank 0] [INFO] allocation results: [{'shard_pct': 0.5, 'batch_size': 32, 'lr': 0.0010390825688073395, 'num_workers': 4}]
2025-12-31 03:37:09,614 [ERROR] (WorkerAgent) [8304] [job-debb8e21148c ERR] 2025-12-31 03:04:52,128 DDP_Script [Rank 0] [INFO] local_alloc: {'shard_pct': 1.0, 'batch_size': 32, 'lr': 0.0010390825688073395, 'num_workers': 4}
2025-12-31 03:37:09,614 [ERROR] (WorkerAgent) [8304] [job-debb8e21148c ERR] 2025-12-31 03:04:52,147 DDP_Script [Rank 0] [INFO] Saving checkpoint to ./checkpoints/job-debb8e21148c/latest_checkpoint.pth ...
2025-12-31 03:37:09,614 [ERROR] (WorkerAgent) [8304] [job-debb8e21148c ERR] 2025-12-31 03:04:54,477 DDP_Script [Rank 0] [INFO] Successfully reported epoch 11/20 (Acc: 50.92%) to global server.
2025-12-31 03:37:09,614 [ERROR] (WorkerAgent) [8304] [job-debb8e21148c ERR] 2025-12-31 03:04:54,479 DDP_Script [Rank 0] [INFO] epoch 12 시작
2025-12-31 03:37:09,614 [ERROR] (WorkerAgent) [8304] [job-debb8e21148c ERR] 2025-12-31 03:04:54,507 DDP_Script [Rank 0] [INFO] DataLoader created with batch_size=32, num_workers=4
2025-12-31 03:37:09,614 [ERROR] (WorkerAgent) [8304] [job-debb8e21148c ERR] 2025-12-31 03:04:54,508 DDP_Script [Rank 0] [INFO] 모든 노드 중 max_steps = 2105
2025-12-31 03:37:09,614 [ERROR] (WorkerAgent) [8304] [job-debb8e21148c ERR] 2025-12-31 03:04:54,508 DDP_Script [Rank 0] [INFO] local_steps=2105, global_steps=2105
2025-12-31 03:37:09,614 [ERROR] (WorkerAgent) [8304] [job-debb8e21148c ERR] 2025-12-31 03:08:27,095 DDP_Script [Rank 0] [INFO] epoch 12 train step time: 212.59 seconds
2025-12-31 03:37:09,614 [ERROR] (WorkerAgent) [8304] [job-debb8e21148c ERR] 2025-12-31 03:08:27,096 DDP_Script [Rank 0] [INFO] epoch 12 끝 (local_steps=2105, global_steps=2105)
2025-12-31 03:37:09,614 [ERROR] (WorkerAgent) [8304] [job-debb8e21148c ERR] 2025-12-31 03:08:27,127 httpx [INFO] HTTP Request: POST http://163.180.117.216:8000/report_job_metrics "HTTP/1.1 200 OK"
2025-12-31 03:37:09,614 [ERROR] (WorkerAgent) [8304] [job-debb8e21148c ERR] 2025-12-31 03:08:27,158 httpx [INFO] HTTP Request: POST http://163.180.117.216:8000/report_progress "HTTP/1.1 200 OK"
2025-12-31 03:37:09,615 [ERROR] (WorkerAgent) [8304] [job-debb8e21148c ERR] 2025-12-31 03:08:27,686 DDP_Script [Rank 0] [INFO] val acc 50.92%
2025-12-31 03:37:09,615 [ERROR] (WorkerAgent) [8304] [job-debb8e21148c ERR] 2025-12-31 03:08:27,698 DDP_Script [Rank 0] [INFO] CKF x_filt vector: [array([-0.00822301]), array([-0.00337902]), array([0.01429662]), array([0.01863876]), array([-0.02913589]), array([0.02769723]), array([-0.00688489]), array([-0.01197546])]
2025-12-31 03:37:09,615 [ERROR] (WorkerAgent) [8304] [job-debb8e21148c ERR] 2025-12-31 03:08:27,699 DDP_Script [Rank 0] [INFO] allocation results: [{'shard_pct': 0.5, 'batch_size': 32, 'lr': 0.0010390825688073395, 'num_workers': 4}]
2025-12-31 03:37:09,615 [ERROR] (WorkerAgent) [8304] [job-debb8e21148c ERR] 2025-12-31 03:08:27,700 DDP_Script [Rank 0] [INFO] local_alloc: {'shard_pct': 1.0, 'batch_size': 32, 'lr': 0.0010390825688073395, 'num_workers': 4}
2025-12-31 03:37:09,615 [ERROR] (WorkerAgent) [8304] [job-debb8e21148c ERR] 2025-12-31 03:08:27,722 DDP_Script [Rank 0] [INFO] Saving checkpoint to ./checkpoints/job-debb8e21148c/latest_checkpoint.pth ...
2025-12-31 03:37:09,615 [ERROR] (WorkerAgent) [8304] [job-debb8e21148c ERR] 2025-12-31 03:08:29,969 DDP_Script [Rank 0] [INFO] Successfully reported epoch 12/20 (Acc: 50.92%) to global server.
2025-12-31 03:37:09,615 [ERROR] (WorkerAgent) [8304] [job-debb8e21148c ERR] 2025-12-31 03:08:29,971 DDP_Script [Rank 0] [INFO] epoch 13 시작
2025-12-31 03:37:09,615 [ERROR] (WorkerAgent) [8304] [job-debb8e21148c ERR] 2025-12-31 03:08:29,990 DDP_Script [Rank 0] [INFO] DataLoader created with batch_size=32, num_workers=4
2025-12-31 03:37:09,615 [ERROR] (WorkerAgent) [8304] [job-debb8e21148c ERR] 2025-12-31 03:08:29,991 DDP_Script [Rank 0] [INFO] 모든 노드 중 max_steps = 2105
2025-12-31 03:37:09,615 [ERROR] (WorkerAgent) [8304] [job-debb8e21148c ERR] 2025-12-31 03:08:29,991 DDP_Script [Rank 0] [INFO] local_steps=2105, global_steps=2105
2025-12-31 03:37:09,615 [ERROR] (WorkerAgent) [8304] [job-debb8e21148c ERR] 2025-12-31 03:11:55,918 DDP_Script [Rank 0] [INFO] epoch 13 train step time: 205.93 seconds
2025-12-31 03:37:09,615 [ERROR] (WorkerAgent) [8304] [job-debb8e21148c ERR] 2025-12-31 03:11:55,919 DDP_Script [Rank 0] [INFO] epoch 13 끝 (local_steps=2105, global_steps=2105)
2025-12-31 03:37:09,615 [ERROR] (WorkerAgent) [8304] [job-debb8e21148c ERR] 2025-12-31 03:11:55,963 httpx [INFO] HTTP Request: POST http://163.180.117.216:8000/report_job_metrics "HTTP/1.1 200 OK"
2025-12-31 03:37:09,615 [ERROR] (WorkerAgent) [8304] [job-debb8e21148c ERR] 2025-12-31 03:11:55,992 httpx [INFO] HTTP Request: POST http://163.180.117.216:8000/report_progress "HTTP/1.1 200 OK"
2025-12-31 03:37:09,615 [ERROR] (WorkerAgent) [8304] [job-debb8e21148c ERR] 2025-12-31 03:11:56,511 DDP_Script [Rank 0] [INFO] val acc 50.92%
2025-12-31 03:37:09,615 [ERROR] (WorkerAgent) [8304] [job-debb8e21148c ERR] 2025-12-31 03:11:56,524 DDP_Script [Rank 0] [INFO] CKF x_filt vector: [array([-0.01916195]), array([0.00768334]), array([0.01904205]), array([-0.0087124]), array([0.01476561]), array([0.00294389]), array([0.00248515]), array([0.01246017])]
2025-12-31 03:37:09,615 [ERROR] (WorkerAgent) [8304] [job-debb8e21148c ERR] 2025-12-31 03:11:56,524 DDP_Script [Rank 0] [INFO] allocation results: [{'shard_pct': 0.5, 'batch_size': 32, 'lr': 0.0010390825688073395, 'num_workers': 4}]
2025-12-31 03:37:09,615 [ERROR] (WorkerAgent) [8304] [job-debb8e21148c ERR] 2025-12-31 03:11:56,525 DDP_Script [Rank 0] [INFO] local_alloc: {'shard_pct': 1.0, 'batch_size': 32, 'lr': 0.0010390825688073395, 'num_workers': 4}
2025-12-31 03:37:09,615 [ERROR] (WorkerAgent) [8304] [job-debb8e21148c ERR] 2025-12-31 03:11:56,528 DDP_Script [Rank 0] [INFO] Saving checkpoint to ./checkpoints/job-debb8e21148c/latest_checkpoint.pth ...
2025-12-31 03:37:09,615 [ERROR] (WorkerAgent) [8304] [job-debb8e21148c ERR] 2025-12-31 03:11:58,822 DDP_Script [Rank 0] [INFO] Successfully reported epoch 13/20 (Acc: 50.92%) to global server.
2025-12-31 03:37:09,616 [ERROR] (WorkerAgent) [8304] [job-debb8e21148c ERR] 2025-12-31 03:11:58,823 DDP_Script [Rank 0] [INFO] epoch 14 시작
2025-12-31 03:37:09,616 [ERROR] (WorkerAgent) [8304] [job-debb8e21148c ERR] 2025-12-31 03:11:58,839 DDP_Script [Rank 0] [INFO] DataLoader created with batch_size=32, num_workers=4
2025-12-31 03:37:09,616 [ERROR] (WorkerAgent) [8304] [job-debb8e21148c ERR] 2025-12-31 03:11:58,840 DDP_Script [Rank 0] [INFO] 모든 노드 중 max_steps = 2105
2025-12-31 03:37:09,616 [ERROR] (WorkerAgent) [8304] [job-debb8e21148c ERR] 2025-12-31 03:11:58,841 DDP_Script [Rank 0] [INFO] local_steps=2105, global_steps=2105
2025-12-31 03:37:09,616 [ERROR] (WorkerAgent) [8304] [job-debb8e21148c ERR] 2025-12-31 03:15:31,313 DDP_Script [Rank 0] [INFO] epoch 14 train step time: 212.47 seconds
2025-12-31 03:37:09,616 [ERROR] (WorkerAgent) [8304] [job-debb8e21148c ERR] 2025-12-31 03:15:31,314 DDP_Script [Rank 0] [INFO] epoch 14 끝 (local_steps=2105, global_steps=2105)
2025-12-31 03:37:09,616 [ERROR] (WorkerAgent) [8304] [job-debb8e21148c ERR] 2025-12-31 03:15:31,358 httpx [INFO] HTTP Request: POST http://163.180.117.216:8000/report_job_metrics "HTTP/1.1 200 OK"
2025-12-31 03:37:09,616 [ERROR] (WorkerAgent) [8304] [job-debb8e21148c ERR] 2025-12-31 03:15:31,386 httpx [INFO] HTTP Request: POST http://163.180.117.216:8000/report_progress "HTTP/1.1 200 OK"
2025-12-31 03:37:09,616 [ERROR] (WorkerAgent) [8304] [job-debb8e21148c ERR] 2025-12-31 03:15:31,946 DDP_Script [Rank 0] [INFO] val acc 50.92%
2025-12-31 03:37:09,616 [ERROR] (WorkerAgent) [8304] [job-debb8e21148c ERR] 2025-12-31 03:15:31,959 DDP_Script [Rank 0] [INFO] CKF x_filt vector: [array([-0.00463242]), array([0.00620879]), array([0.00936845]), array([-0.02993118]), array([0.02033109]), array([-0.02864887]), array([0.01690686]), array([-0.0009246])]
2025-12-31 03:37:09,616 [ERROR] (WorkerAgent) [8304] [job-debb8e21148c ERR] 2025-12-31 03:15:31,959 DDP_Script [Rank 0] [INFO] allocation results: [{'shard_pct': 0.5, 'batch_size': 32, 'lr': 0.0010390825688073395, 'num_workers': 4}]
2025-12-31 03:37:09,616 [ERROR] (WorkerAgent) [8304] [job-debb8e21148c ERR] 2025-12-31 03:15:31,960 DDP_Script [Rank 0] [INFO] local_alloc: {'shard_pct': 1.0, 'batch_size': 32, 'lr': 0.0010390825688073395, 'num_workers': 4}
2025-12-31 03:37:09,616 [ERROR] (WorkerAgent) [8304] [job-debb8e21148c ERR] 2025-12-31 03:15:31,985 DDP_Script [Rank 0] [INFO] Saving checkpoint to ./checkpoints/job-debb8e21148c/latest_checkpoint.pth ...
2025-12-31 03:37:09,616 [ERROR] (WorkerAgent) [8304] [job-debb8e21148c ERR] 2025-12-31 03:15:34,371 DDP_Script [Rank 0] [INFO] Successfully reported epoch 14/20 (Acc: 50.92%) to global server.
2025-12-31 03:37:09,616 [ERROR] (WorkerAgent) [8304] [job-debb8e21148c ERR] 2025-12-31 03:15:34,372 DDP_Script [Rank 0] [INFO] epoch 15 시작
2025-12-31 03:37:09,616 [ERROR] (WorkerAgent) [8304] [job-debb8e21148c ERR] 2025-12-31 03:15:34,408 DDP_Script [Rank 0] [INFO] DataLoader created with batch_size=32, num_workers=4
2025-12-31 03:37:09,616 [ERROR] (WorkerAgent) [8304] [job-debb8e21148c ERR] 2025-12-31 03:15:34,409 DDP_Script [Rank 0] [INFO] 모든 노드 중 max_steps = 2105
2025-12-31 03:37:09,617 [ERROR] (WorkerAgent) [8304] [job-debb8e21148c ERR] 2025-12-31 03:15:34,409 DDP_Script [Rank 0] [INFO] local_steps=2105, global_steps=2105
2025-12-31 03:37:09,617 [ERROR] (WorkerAgent) [8304] [job-debb8e21148c ERR] 2025-12-31 03:19:05,330 DDP_Script [Rank 0] [INFO] epoch 15 train step time: 210.92 seconds
2025-12-31 03:37:09,617 [ERROR] (WorkerAgent) [8304] [job-debb8e21148c ERR] 2025-12-31 03:19:05,331 DDP_Script [Rank 0] [INFO] epoch 15 끝 (local_steps=2105, global_steps=2105)
2025-12-31 03:37:09,617 [ERROR] (WorkerAgent) [8304] [job-debb8e21148c ERR] 2025-12-31 03:19:05,378 httpx [INFO] HTTP Request: POST http://163.180.117.216:8000/report_job_metrics "HTTP/1.1 200 OK"
2025-12-31 03:37:09,617 [ERROR] (WorkerAgent) [8304] [job-debb8e21148c ERR] 2025-12-31 03:19:05,410 httpx [INFO] HTTP Request: POST http://163.180.117.216:8000/report_progress "HTTP/1.1 200 OK"
2025-12-31 03:37:09,617 [ERROR] (WorkerAgent) [8304] [job-debb8e21148c ERR] 2025-12-31 03:19:05,933 DDP_Script [Rank 0] [INFO] val acc 50.92%
2025-12-31 03:37:09,617 [ERROR] (WorkerAgent) [8304] [job-debb8e21148c ERR] 2025-12-31 03:19:05,946 DDP_Script [Rank 0] [INFO] CKF x_filt vector: [array([0.01065994]), array([0.00898294]), array([-0.02344412]), array([0.0012033]), array([0.00733415]), array([-0.00676394]), array([0.00831543]), array([-0.00705308])]
2025-12-31 03:37:09,617 [ERROR] (WorkerAgent) [8304] [job-debb8e21148c ERR] 2025-12-31 03:19:05,946 DDP_Script [Rank 0] [INFO] allocation results: [{'shard_pct': 0.5, 'batch_size': 32, 'lr': 0.0010390825688073395, 'num_workers': 4}]
2025-12-31 03:37:09,617 [ERROR] (WorkerAgent) [8304] [job-debb8e21148c ERR] 2025-12-31 03:19:05,947 DDP_Script [Rank 0] [INFO] local_alloc: {'shard_pct': 1.0, 'batch_size': 32, 'lr': 0.0010390825688073395, 'num_workers': 4}
2025-12-31 03:37:09,617 [ERROR] (WorkerAgent) [8304] [job-debb8e21148c ERR] 2025-12-31 03:19:05,950 DDP_Script [Rank 0] [INFO] Saving checkpoint to ./checkpoints/job-debb8e21148c/latest_checkpoint.pth ...
2025-12-31 03:37:09,617 [ERROR] (WorkerAgent) [8304] [job-debb8e21148c ERR] 2025-12-31 03:19:08,276 DDP_Script [Rank 0] [INFO] Successfully reported epoch 15/20 (Acc: 50.92%) to global server.
2025-12-31 03:37:09,617 [ERROR] (WorkerAgent) [8304] [job-debb8e21148c ERR] 2025-12-31 03:19:08,278 DDP_Script [Rank 0] [INFO] epoch 16 시작
2025-12-31 03:37:09,617 [ERROR] (WorkerAgent) [8304] [job-debb8e21148c ERR] 2025-12-31 03:19:08,302 DDP_Script [Rank 0] [INFO] DataLoader created with batch_size=32, num_workers=4
2025-12-31 03:37:09,617 [ERROR] (WorkerAgent) [8304] [job-debb8e21148c ERR] 2025-12-31 03:19:08,303 DDP_Script [Rank 0] [INFO] 모든 노드 중 max_steps = 2105
2025-12-31 03:37:09,617 [ERROR] (WorkerAgent) [8304] [job-debb8e21148c ERR] 2025-12-31 03:19:08,303 DDP_Script [Rank 0] [INFO] local_steps=2105, global_steps=2105
2025-12-31 03:37:09,617 [ERROR] (WorkerAgent) [8304] [job-debb8e21148c ERR] 2025-12-31 03:22:38,217 DDP_Script [Rank 0] [INFO] epoch 16 train step time: 209.91 seconds
2025-12-31 03:37:09,617 [ERROR] (WorkerAgent) [8304] [job-debb8e21148c ERR] 2025-12-31 03:22:38,218 DDP_Script [Rank 0] [INFO] epoch 16 끝 (local_steps=2105, global_steps=2105)
2025-12-31 03:37:09,618 [ERROR] (WorkerAgent) [8304] [job-debb8e21148c ERR] 2025-12-31 03:22:38,265 httpx [INFO] HTTP Request: POST http://163.180.117.216:8000/report_job_metrics "HTTP/1.1 200 OK"
2025-12-31 03:37:09,618 [ERROR] (WorkerAgent) [8304] [job-debb8e21148c ERR] 2025-12-31 03:22:38,298 httpx [INFO] HTTP Request: POST http://163.180.117.216:8000/report_progress "HTTP/1.1 200 OK"
2025-12-31 03:37:09,618 [ERROR] (WorkerAgent) [8304] [job-debb8e21148c ERR] 2025-12-31 03:22:38,827 DDP_Script [Rank 0] [INFO] val acc 50.92%
2025-12-31 03:37:09,618 [ERROR] (WorkerAgent) [8304] [job-debb8e21148c ERR] 2025-12-31 03:22:38,841 DDP_Script [Rank 0] [INFO] CKF x_filt vector: [array([0.00405199]), array([0.0091853]), array([0.01396874]), array([0.0055119]), array([-0.00255504]), array([0.00042766]), array([-0.00274155]), array([-0.00340656])]
2025-12-31 03:37:09,618 [ERROR] (WorkerAgent) [8304] [job-debb8e21148c ERR] 2025-12-31 03:22:38,841 DDP_Script [Rank 0] [INFO] allocation results: [{'shard_pct': 0.5, 'batch_size': 32, 'lr': 0.0010390825688073395, 'num_workers': 4}]
2025-12-31 03:37:09,618 [ERROR] (WorkerAgent) [8304] [job-debb8e21148c ERR] 2025-12-31 03:22:38,842 DDP_Script [Rank 0] [INFO] local_alloc: {'shard_pct': 1.0, 'batch_size': 32, 'lr': 0.0010390825688073395, 'num_workers': 4}
2025-12-31 03:37:09,618 [ERROR] (WorkerAgent) [8304] [job-debb8e21148c ERR] 2025-12-31 03:22:38,861 DDP_Script [Rank 0] [INFO] Saving checkpoint to ./checkpoints/job-debb8e21148c/latest_checkpoint.pth ...
2025-12-31 03:37:09,618 [ERROR] (WorkerAgent) [8304] [job-debb8e21148c ERR] 2025-12-31 03:22:41,056 DDP_Script [Rank 0] [INFO] Successfully reported epoch 16/20 (Acc: 50.92%) to global server.
2025-12-31 03:37:09,618 [ERROR] (WorkerAgent) [8304] [job-debb8e21148c ERR] 2025-12-31 03:22:41,058 DDP_Script [Rank 0] [INFO] epoch 17 시작
2025-12-31 03:37:09,618 [ERROR] (WorkerAgent) [8304] [job-debb8e21148c ERR] 2025-12-31 03:22:41,076 DDP_Script [Rank 0] [INFO] DataLoader created with batch_size=32, num_workers=4
2025-12-31 03:37:09,618 [ERROR] (WorkerAgent) [8304] [job-debb8e21148c ERR] 2025-12-31 03:22:41,078 DDP_Script [Rank 0] [INFO] 모든 노드 중 max_steps = 2105
2025-12-31 03:37:09,618 [ERROR] (WorkerAgent) [8304] [job-debb8e21148c ERR] 2025-12-31 03:22:41,078 DDP_Script [Rank 0] [INFO] local_steps=2105, global_steps=2105
2025-12-31 03:37:09,618 [ERROR] (WorkerAgent) [8304] [job-debb8e21148c ERR] 2025-12-31 03:26:16,260 DDP_Script [Rank 0] [INFO] epoch 17 train step time: 215.18 seconds
2025-12-31 03:37:09,618 [ERROR] (WorkerAgent) [8304] [job-debb8e21148c ERR] 2025-12-31 03:26:16,261 DDP_Script [Rank 0] [INFO] epoch 17 끝 (local_steps=2105, global_steps=2105)
2025-12-31 03:37:09,618 [ERROR] (WorkerAgent) [8304] [job-debb8e21148c ERR] 2025-12-31 03:26:16,295 httpx [INFO] HTTP Request: POST http://163.180.117.216:8000/report_job_metrics "HTTP/1.1 200 OK"
2025-12-31 03:37:09,618 [ERROR] (WorkerAgent) [8304] [job-debb8e21148c ERR] 2025-12-31 03:26:16,330 httpx [INFO] HTTP Request: POST http://163.180.117.216:8000/report_progress "HTTP/1.1 200 OK"
2025-12-31 03:37:09,618 [ERROR] (WorkerAgent) [8304] [job-debb8e21148c ERR] 2025-12-31 03:26:16,846 DDP_Script [Rank 0] [INFO] val acc 50.92%
2025-12-31 03:37:09,618 [ERROR] (WorkerAgent) [8304] [job-debb8e21148c ERR] 2025-12-31 03:26:16,859 DDP_Script [Rank 0] [INFO] CKF x_filt vector: [array([0.01635818]), array([0.03348564]), array([0.01061839]), array([0.01488868]), array([-0.02238373]), array([-0.00827024]), array([-0.00398933]), array([0.01001594])]
2025-12-31 03:37:09,618 [ERROR] (WorkerAgent) [8304] [job-debb8e21148c ERR] 2025-12-31 03:26:16,859 DDP_Script [Rank 0] [INFO] allocation results: [{'shard_pct': 0.5, 'batch_size': 32, 'lr': 0.0010390825688073395, 'num_workers': 4}]
2025-12-31 03:37:09,618 [ERROR] (WorkerAgent) [8304] [job-debb8e21148c ERR] 2025-12-31 03:26:16,860 DDP_Script [Rank 0] [INFO] local_alloc: {'shard_pct': 1.0, 'batch_size': 32, 'lr': 0.0010390825688073395, 'num_workers': 4}
2025-12-31 03:37:09,619 [ERROR] (WorkerAgent) [8304] [job-debb8e21148c ERR] 2025-12-31 03:26:16,883 DDP_Script [Rank 0] [INFO] Saving checkpoint to ./checkpoints/job-debb8e21148c/latest_checkpoint.pth ...
2025-12-31 03:37:09,619 [ERROR] (WorkerAgent) [8304] [job-debb8e21148c ERR] 2025-12-31 03:26:19,095 DDP_Script [Rank 0] [INFO] Successfully reported epoch 17/20 (Acc: 50.92%) to global server.
2025-12-31 03:37:09,619 [ERROR] (WorkerAgent) [8304] [job-debb8e21148c ERR] 2025-12-31 03:26:19,096 DDP_Script [Rank 0] [INFO] epoch 18 시작
2025-12-31 03:37:09,619 [ERROR] (WorkerAgent) [8304] [job-debb8e21148c ERR] 2025-12-31 03:26:19,114 DDP_Script [Rank 0] [INFO] DataLoader created with batch_size=32, num_workers=4
2025-12-31 03:37:09,619 [ERROR] (WorkerAgent) [8304] [job-debb8e21148c ERR] 2025-12-31 03:26:19,116 DDP_Script [Rank 0] [INFO] 모든 노드 중 max_steps = 2105
2025-12-31 03:37:09,619 [ERROR] (WorkerAgent) [8304] [job-debb8e21148c ERR] 2025-12-31 03:26:19,116 DDP_Script [Rank 0] [INFO] local_steps=2105, global_steps=2105
2025-12-31 03:37:09,619 [ERROR] (WorkerAgent) [8304] [job-debb8e21148c ERR] 2025-12-31 03:29:52,776 DDP_Script [Rank 0] [INFO] epoch 18 train step time: 213.66 seconds
2025-12-31 03:37:09,619 [ERROR] (WorkerAgent) [8304] [job-debb8e21148c ERR] 2025-12-31 03:29:52,778 DDP_Script [Rank 0] [INFO] epoch 18 끝 (local_steps=2105, global_steps=2105)
2025-12-31 03:37:09,619 [ERROR] (WorkerAgent) [8304] [job-debb8e21148c ERR] 2025-12-31 03:29:52,828 httpx [INFO] HTTP Request: POST http://163.180.117.216:8000/report_job_metrics "HTTP/1.1 200 OK"
2025-12-31 03:37:09,619 [ERROR] (WorkerAgent) [8304] [job-debb8e21148c ERR] 2025-12-31 03:29:52,859 httpx [INFO] HTTP Request: POST http://163.180.117.216:8000/report_progress "HTTP/1.1 200 OK"
2025-12-31 03:37:09,619 [ERROR] (WorkerAgent) [8304] [job-debb8e21148c ERR] 2025-12-31 03:29:53,385 DDP_Script [Rank 0] [INFO] val acc 50.92%
2025-12-31 03:37:09,619 [ERROR] (WorkerAgent) [8304] [job-debb8e21148c ERR] 2025-12-31 03:29:53,393 DDP_Script [Rank 0] [INFO] CKF x_filt vector: [array([-0.00120649]), array([0.00183918]), array([-0.00324715]), array([0.01583443]), array([-0.03231001]), array([-0.01392981]), array([0.01171614]), array([-0.01806343])]
2025-12-31 03:37:09,619 [ERROR] (WorkerAgent) [8304] [job-debb8e21148c ERR] 2025-12-31 03:29:53,393 DDP_Script [Rank 0] [INFO] allocation results: [{'shard_pct': 0.5, 'batch_size': 32, 'lr': 0.0010390825688073395, 'num_workers': 4}]
2025-12-31 03:37:09,619 [ERROR] (WorkerAgent) [8304] [job-debb8e21148c ERR] 2025-12-31 03:29:53,394 DDP_Script [Rank 0] [INFO] local_alloc: {'shard_pct': 1.0, 'batch_size': 32, 'lr': 0.0010390825688073395, 'num_workers': 4}
2025-12-31 03:37:09,619 [ERROR] (WorkerAgent) [8304] [job-debb8e21148c ERR] 2025-12-31 03:29:53,396 DDP_Script [Rank 0] [INFO] Saving checkpoint to ./checkpoints/job-debb8e21148c/latest_checkpoint.pth ...
2025-12-31 03:37:09,619 [ERROR] (WorkerAgent) [8304] [job-debb8e21148c ERR] 2025-12-31 03:29:57,206 DDP_Script [Rank 0] [INFO] Successfully reported epoch 18/20 (Acc: 50.92%) to global server.
2025-12-31 03:37:09,619 [ERROR] (WorkerAgent) [8304] [job-debb8e21148c ERR] 2025-12-31 03:29:57,208 DDP_Script [Rank 0] [INFO] epoch 19 시작
2025-12-31 03:37:09,619 [ERROR] (WorkerAgent) [8304] [job-debb8e21148c ERR] 2025-12-31 03:29:57,242 DDP_Script [Rank 0] [INFO] DataLoader created with batch_size=32, num_workers=4
2025-12-31 03:37:09,619 [ERROR] (WorkerAgent) [8304] [job-debb8e21148c ERR] 2025-12-31 03:29:57,243 DDP_Script [Rank 0] [INFO] 모든 노드 중 max_steps = 2105
2025-12-31 03:37:09,619 [ERROR] (WorkerAgent) [8304] [job-debb8e21148c ERR] 2025-12-31 03:29:57,243 DDP_Script [Rank 0] [INFO] local_steps=2105, global_steps=2105
2025-12-31 03:37:09,619 [ERROR] (WorkerAgent) [8304] [job-debb8e21148c ERR] 2025-12-31 03:33:31,869 DDP_Script [Rank 0] [INFO] epoch 19 train step time: 214.63 seconds
2025-12-31 03:37:09,620 [ERROR] (WorkerAgent) [8304] [job-debb8e21148c ERR] 2025-12-31 03:33:31,870 DDP_Script [Rank 0] [INFO] epoch 19 끝 (local_steps=2105, global_steps=2105)
2025-12-31 03:37:09,620 [ERROR] (WorkerAgent) [8304] [job-debb8e21148c ERR] 2025-12-31 03:33:32,127 httpx [INFO] HTTP Request: POST http://163.180.117.216:8000/report_job_metrics "HTTP/1.1 200 OK"
2025-12-31 03:37:09,620 [ERROR] (WorkerAgent) [8304] [job-debb8e21148c ERR] 2025-12-31 03:33:32,383 httpx [INFO] HTTP Request: POST http://163.180.117.216:8000/report_progress "HTTP/1.1 200 OK"
2025-12-31 03:37:09,620 [ERROR] (WorkerAgent) [8304] [job-debb8e21148c ERR] 2025-12-31 03:33:32,924 DDP_Script [Rank 0] [INFO] val acc 50.92%
2025-12-31 03:37:09,620 [ERROR] (WorkerAgent) [8304] [job-debb8e21148c ERR] 2025-12-31 03:33:32,936 DDP_Script [Rank 0] [INFO] CKF x_filt vector: [array([0.01581844]), array([0.00766846]), array([-0.00567909]), array([0.00731497]), array([-0.00550593]), array([-0.03117248]), array([0.00290147]), array([-0.00069623])]
2025-12-31 03:37:09,620 [ERROR] (WorkerAgent) [8304] [job-debb8e21148c ERR] 2025-12-31 03:33:32,936 DDP_Script [Rank 0] [INFO] allocation results: [{'shard_pct': 0.5, 'batch_size': 32, 'lr': 0.0010390825688073395, 'num_workers': 4}]
2025-12-31 03:37:09,620 [ERROR] (WorkerAgent) [8304] [job-debb8e21148c ERR] 2025-12-31 03:33:32,937 DDP_Script [Rank 0] [INFO] local_alloc: {'shard_pct': 1.0, 'batch_size': 32, 'lr': 0.0010390825688073395, 'num_workers': 4}
2025-12-31 03:37:09,620 [ERROR] (WorkerAgent) [8304] [job-debb8e21148c ERR] 2025-12-31 03:33:32,956 DDP_Script [Rank 0] [INFO] Saving checkpoint to ./checkpoints/job-debb8e21148c/latest_checkpoint.pth ...
2025-12-31 03:37:09,620 [ERROR] (WorkerAgent) [8304] [job-debb8e21148c ERR] 2025-12-31 03:33:35,195 DDP_Script [Rank 0] [INFO] Successfully reported epoch 19/20 (Acc: 50.92%) to global server.
2025-12-31 03:37:09,620 [ERROR] (WorkerAgent) [8304] [job-debb8e21148c ERR] 2025-12-31 03:33:35,196 DDP_Script [Rank 0] [INFO] epoch 20 시작
2025-12-31 03:37:09,620 [ERROR] (WorkerAgent) [8304] [job-debb8e21148c ERR] 2025-12-31 03:33:35,215 DDP_Script [Rank 0] [INFO] DataLoader created with batch_size=32, num_workers=4
2025-12-31 03:37:09,620 [ERROR] (WorkerAgent) [8304] [job-debb8e21148c ERR] 2025-12-31 03:33:35,216 DDP_Script [Rank 0] [INFO] 모든 노드 중 max_steps = 2105
2025-12-31 03:37:09,620 [ERROR] (WorkerAgent) [8304] [job-debb8e21148c ERR] 2025-12-31 03:33:35,216 DDP_Script [Rank 0] [INFO] local_steps=2105, global_steps=2105
2025-12-31 03:37:09,620 [ERROR] (WorkerAgent) [8304] [job-debb8e21148c ERR] 2025-12-31 03:37:02,635 DDP_Script [Rank 0] [INFO] epoch 20 train step time: 207.42 seconds
2025-12-31 03:37:09,620 [ERROR] (WorkerAgent) [8304] [job-debb8e21148c ERR] 2025-12-31 03:37:02,637 DDP_Script [Rank 0] [INFO] epoch 20 끝 (local_steps=2105, global_steps=2105)
2025-12-31 03:37:09,620 [ERROR] (WorkerAgent) [8304] [job-debb8e21148c ERR] 2025-12-31 03:37:02,682 httpx [INFO] HTTP Request: POST http://163.180.117.216:8000/report_job_metrics "HTTP/1.1 200 OK"
2025-12-31 03:37:09,620 [ERROR] (WorkerAgent) [8304] [job-debb8e21148c ERR] 2025-12-31 03:37:02,710 httpx [INFO] HTTP Request: POST http://163.180.117.216:8000/report_progress "HTTP/1.1 200 OK"
2025-12-31 03:37:09,620 [ERROR] (WorkerAgent) [8304] [job-debb8e21148c ERR] 2025-12-31 03:37:03,223 DDP_Script [Rank 0] [INFO] val acc 50.92%
2025-12-31 03:37:09,620 [ERROR] (WorkerAgent) [8304] [job-debb8e21148c ERR] 2025-12-31 03:37:03,236 DDP_Script [Rank 0] [INFO] CKF x_filt vector: [array([-0.00602671]), array([0.00111522]), array([0.00411604]), array([0.01059065]), array([-0.0245957]), array([-0.00937978]), array([-0.00094085]), array([0.00626139])]
2025-12-31 03:37:09,620 [ERROR] (WorkerAgent) [8304] [job-debb8e21148c ERR] 2025-12-31 03:37:03,237 DDP_Script [Rank 0] [INFO] allocation results: [{'shard_pct': 0.5, 'batch_size': 32, 'lr': 0.0010390825688073395, 'num_workers': 4}]
2025-12-31 03:37:09,620 [ERROR] (WorkerAgent) [8304] [job-debb8e21148c ERR] 2025-12-31 03:37:03,237 DDP_Script [Rank 0] [INFO] local_alloc: {'shard_pct': 1.0, 'batch_size': 32, 'lr': 0.0010390825688073395, 'num_workers': 4}
2025-12-31 03:37:09,620 [ERROR] (WorkerAgent) [8304] [job-debb8e21148c ERR] 2025-12-31 03:37:03,257 DDP_Script [Rank 0] [INFO] Saving checkpoint to ./checkpoints/job-debb8e21148c/latest_checkpoint.pth ...
2025-12-31 03:37:09,620 [ERROR] (WorkerAgent) [8304] [job-debb8e21148c ERR] 2025-12-31 03:37:05,351 DDP_Script [Rank 0] [INFO] Successfully reported epoch 20/20 (Acc: 50.92%) to global server.
2025-12-31 03:37:09,620 [ERROR] (WorkerAgent) [8304] [job-debb8e21148c ERR] 2025-12-31 03:37:05,353 DDP_Script [Rank 0] [INFO] Training completed successfully.
2025-12-31 03:37:09,620 [ERROR] (WorkerAgent) [8304] [job-debb8e21148c ERR] 2025-12-31 03:37:05,353 DDP_Script [Rank 0] [INFO] Training loop finished.
2025-12-31 03:37:09,739 [INFO] (WorkerAgent) [8304] [job-debb8e21148c] Process finished. Return Code: 0
2025-12-31 03:37:10,701 [INFO] (WorkerAgent) [8304] [job-153265cb6089] Launch Request received.
2025-12-31 03:37:10,731 [INFO] (WorkerAgent) [8304] [job-153265cb6089] Launched attempt 1 with STOP_FLAG_PATH=/tmp/job-153265cb6089-attempt-1.flag, pid=791056
INFO:     163.180.117.216:41178 - "POST /launch_task HTTP/1.1" 200 OK
2025-12-31 03:37:15,321 [INFO] (WorkerAgent) [8304] [job-153265cb6089 OUT] Current CUDA device index: 0
2025-12-31 03:37:15,321 [INFO] (WorkerAgent) [8304] [job-153265cb6089 OUT] Current CUDA device name: NVIDIA RTX A5000
2025-12-31 03:37:15,321 [INFO] (WorkerAgent) [8304] [job-153265cb6089 OUT] Master address: 163.180.160.62, port: 29526
2025-12-31 03:37:15,326 [INFO] (WorkerAgent) [8304] [job-153265cb6089 OUT] [Gloo] Rank 0 is connected to 0 peer ranks. Expected number of connected peer ranks is : 0
2025-12-31 03:54:41,783 [INFO] (WorkerAgent) [8304] [job-153265cb6089] Created stop flag at /tmp/job-153265cb6089-attempt-1.flag
2025-12-31 03:54:41,783 [INFO] (WorkerAgent) [8304] [job-153265cb6089] Sending SIGTERM to process 791056
2025-12-31 03:54:41,898 [INFO] (WorkerAgent) [8304] [job-153265cb6089] Process terminated gracefully.
2025-12-31 03:54:41,954 [INFO] (WorkerAgent) [8304] [job-153265cb6089] Reported job_stopped to global server.
INFO:     163.180.117.216:56828 - "POST /stop_task HTTP/1.1" 200 OK
2025-12-31 03:54:45,619 [INFO] (WorkerAgent) [8304] [job-051eb134eaf3] Launch Request received.
2025-12-31 03:54:45,627 [INFO] (WorkerAgent) [8304] [job-051eb134eaf3] Launched attempt 1 with STOP_FLAG_PATH=/tmp/job-051eb134eaf3-attempt-1.flag, pid=794010
INFO:     163.180.117.216:56830 - "POST /launch_task HTTP/1.1" 200 OK
2025-12-31 03:54:51,041 [INFO] (WorkerAgent) [8304] [job-051eb134eaf3 OUT] Current CUDA device index: 0
2025-12-31 03:54:51,041 [INFO] (WorkerAgent) [8304] [job-051eb134eaf3 OUT] Current CUDA device name: NVIDIA RTX A5000
2025-12-31 03:54:51,041 [INFO] (WorkerAgent) [8304] [job-051eb134eaf3 OUT] Master address: 163.180.160.62, port: 29530
2025-12-31 03:54:51,047 [INFO] (WorkerAgent) [8304] [job-051eb134eaf3 OUT] [Gloo] Rank 0 is connected to 0 peer ranks. Expected number of connected peer ranks is : 0
2025-12-31 03:56:16,399 [ERROR] (WorkerAgent) [8304] [job-051eb134eaf3 ERR] 2025-12-31 03:54:51,041 DDP_Script [Rank 0] [INFO] Node rank: 0, world size: 1
2025-12-31 03:56:16,400 [ERROR] (WorkerAgent) [8304] [job-051eb134eaf3 ERR] 2025-12-31 03:54:51,047 DDP_Script [Rank 0] [INFO] Process group initialized: 163.180.160.62:29530
2025-12-31 03:56:16,400 [ERROR] (WorkerAgent) [8304] [job-051eb134eaf3 ERR] 2025-12-31 03:54:51,047 DDP_Script [Rank 0] [INFO] Rank 0/1 initialized
2025-12-31 03:56:16,400 [ERROR] (WorkerAgent) [8304] [job-051eb134eaf3 ERR] /data/breath12/anaconda3/envs/Dist2/lib/python3.9/site-packages/torchvision/models/_utils.py:208: UserWarning: The parameter 'pretrained' is deprecated since 0.13 and may be removed in the future, please use 'weights' instead.
2025-12-31 03:56:16,400 [ERROR] (WorkerAgent) [8304] [job-051eb134eaf3 ERR]   warnings.warn(
2025-12-31 03:56:16,400 [ERROR] (WorkerAgent) [8304] [job-051eb134eaf3 ERR] /data/breath12/anaconda3/envs/Dist2/lib/python3.9/site-packages/torchvision/models/_utils.py:223: UserWarning: Arguments other than a weight enum or `None` for 'weights' are deprecated since 0.13 and may be removed in the future. The current behavior is equivalent to passing `weights=None`.
2025-12-31 03:56:16,400 [ERROR] (WorkerAgent) [8304] [job-051eb134eaf3 ERR]   warnings.warn(msg)
2025-12-31 03:56:16,400 [ERROR] (WorkerAgent) [8304] [job-051eb134eaf3 ERR] 2025-12-31 03:54:52,901 DDP_Script [Rank 0] [INFO] Model, DDP, criterion, optimizer initialized
2025-12-31 03:56:16,400 [ERROR] (WorkerAgent) [8304] [job-051eb134eaf3 ERR] 2025-12-31 03:54:52,932 DDP_Script [Rank 0] [INFO] Modules initialized
2025-12-31 03:56:16,400 [ERROR] (WorkerAgent) [8304] [job-051eb134eaf3 ERR] 2025-12-31 03:54:52,933 DDP_Script [Rank 0] [INFO] Checkpoint directory created: ./checkpoints/job-051eb134eaf3
2025-12-31 03:56:16,400 [ERROR] (WorkerAgent) [8304] [job-051eb134eaf3 ERR] 2025-12-31 03:54:52,933 DDP_Script [Rank 0] [INFO] Loading checkpoint from /nas2/data/dlwmznzl1/CCGRID/DARTManagement/checkpoints/job-051eb134eaf3/latest_checkpoint.pth ...
2025-12-31 03:56:16,401 [ERROR] (WorkerAgent) [8304] [job-051eb134eaf3 ERR] 2025-12-31 03:54:53,523 DDP_Script [Rank 0] [INFO] Resumed from checkpoint. Starting epoch: 18
2025-12-31 03:56:16,401 [ERROR] (WorkerAgent) [8304] [job-051eb134eaf3 ERR] 2025-12-31 03:54:53,523 DDP_Script [Rank 0] [INFO] epoch 18 시작
2025-12-31 03:56:16,401 [ERROR] (WorkerAgent) [8304] [job-051eb134eaf3 ERR] 2025-12-31 03:54:53,555 DDP_Script [Rank 0] [INFO] DataLoader created with batch_size=32, num_workers=4
2025-12-31 03:56:16,401 [ERROR] (WorkerAgent) [8304] [job-051eb134eaf3 ERR] 2025-12-31 03:54:53,557 DDP_Script [Rank 0] [INFO] 모든 노드 중 max_steps = 1563
2025-12-31 03:56:16,401 [ERROR] (WorkerAgent) [8304] [job-051eb134eaf3 ERR] 2025-12-31 03:54:53,557 DDP_Script [Rank 0] [INFO] local_steps=1563, global_steps=1563
2025-12-31 03:56:16,401 [ERROR] (WorkerAgent) [8304] [job-051eb134eaf3 ERR] 2025-12-31 03:56:13,100 DDP_Script [Rank 0] [INFO] epoch 18 train step time: 79.54 seconds
2025-12-31 03:56:16,401 [ERROR] (WorkerAgent) [8304] [job-051eb134eaf3 ERR] 2025-12-31 03:56:13,101 DDP_Script [Rank 0] [INFO] epoch 18 끝 (local_steps=1563, global_steps=1563)
2025-12-31 03:56:16,401 [ERROR] (WorkerAgent) [8304] [job-051eb134eaf3 ERR] 2025-12-31 03:56:13,302 httpx [INFO] HTTP Request: POST http://163.180.117.216:8000/report_job_metrics "HTTP/1.1 200 OK"
2025-12-31 03:56:16,401 [ERROR] (WorkerAgent) [8304] [job-051eb134eaf3 ERR] 2025-12-31 03:56:13,331 httpx [INFO] HTTP Request: POST http://163.180.117.216:8000/report_progress "HTTP/1.1 200 OK"
2025-12-31 03:56:16,401 [ERROR] (WorkerAgent) [8304] [job-051eb134eaf3 ERR] 2025-12-31 03:56:14,643 DDP_Script [Rank 0] [INFO] val acc 78.93%
2025-12-31 03:56:16,401 [ERROR] (WorkerAgent) [8304] [job-051eb134eaf3 ERR] 2025-12-31 03:56:14,668 DDP_Script [Rank 0] [INFO] CKF x_filt vector: [array([-0.01095446]), array([0.01361218]), array([-0.02139314]), array([0.01032187]), array([0.00832162]), array([0.00175464]), array([-0.0100251]), array([-0.02261263])]
2025-12-31 03:56:16,401 [ERROR] (WorkerAgent) [8304] [job-051eb134eaf3 ERR] 2025-12-31 03:56:14,668 DDP_Script [Rank 0] [INFO] allocation results: [{'shard_pct': 0.5, 'batch_size': 32, 'lr': 0.00101107, 'num_workers': 4}]
2025-12-31 03:56:16,401 [ERROR] (WorkerAgent) [8304] [job-051eb134eaf3 ERR] 2025-12-31 03:56:14,669 DDP_Script [Rank 0] [INFO] local_alloc: {'shard_pct': 1.0, 'batch_size': 32, 'lr': 0.00101107, 'num_workers': 4}
2025-12-31 03:56:16,401 [ERROR] (WorkerAgent) [8304] [job-051eb134eaf3 ERR] 2025-12-31 03:56:14,691 DDP_Script [Rank 0] [INFO] Saving checkpoint to ./checkpoints/job-051eb134eaf3/latest_checkpoint.pth ...
2025-12-31 03:56:16,401 [ERROR] (WorkerAgent) [8304] [job-051eb134eaf3 ERR] 2025-12-31 03:56:15,569 DDP_Script [Rank 0] [INFO] Successfully reported epoch 18/20 (Acc: 78.93%) to global server.
2025-12-31 03:56:16,401 [ERROR] (WorkerAgent) [8304] [job-051eb134eaf3 ERR] 2025-12-31 03:56:15,570 DDP_Script [Rank 0] [INFO] Stop signal file detected: /tmp/job-051eb134eaf3-attempt-1.flag
2025-12-31 03:56:16,401 [ERROR] (WorkerAgent) [8304] [job-051eb134eaf3 ERR] 2025-12-31 03:56:15,574 DDP_Script [Rank 0] [INFO] Successfully reported graceful shutdown to global server.
2025-12-31 03:56:16,401 [ERROR] (WorkerAgent) [8304] [job-051eb134eaf3 ERR] [rank0]: Traceback (most recent call last):
2025-12-31 03:56:16,401 [ERROR] (WorkerAgent) [8304] [job-051eb134eaf3 ERR] [rank0]:   File "/data/breath12/CCGRID/test/TrainingCode(DART)/CIFAR10_Resnet50.py", line 671, in <module>
2025-12-31 03:56:16,402 [ERROR] (WorkerAgent) [8304] [job-051eb134eaf3 ERR] [rank0]:     main()
2025-12-31 03:56:16,402 [ERROR] (WorkerAgent) [8304] [job-051eb134eaf3 ERR] [rank0]:   File "/data/breath12/CCGRID/test/TrainingCode(DART)/CIFAR10_Resnet50.py", line 645, in main
2025-12-31 03:56:16,402 [ERROR] (WorkerAgent) [8304] [job-051eb134eaf3 ERR] [rank0]:     os.remove(stop_flag_path)
2025-12-31 03:56:16,402 [ERROR] (WorkerAgent) [8304] [job-051eb134eaf3 ERR] [rank0]: PermissionError: [Errno 1] Operation not permitted: '/tmp/job-051eb134eaf3-attempt-1.flag'
2025-12-31 03:56:16,461 [INFO] (WorkerAgent) [8304] [job-051eb134eaf3] Process finished. Return Code: 1
2025-12-31 03:56:16,633 [INFO] (WorkerAgent) [8304] [job-3cb3ed8f167a] Launch Request received.
2025-12-31 03:56:16,641 [INFO] (WorkerAgent) [8304] [job-3cb3ed8f167a] Launched attempt 1 with STOP_FLAG_PATH=/tmp/job-3cb3ed8f167a-attempt-1.flag, pid=794582
INFO:     163.180.117.216:50368 - "POST /launch_task HTTP/1.1" 200 OK
2025-12-31 03:56:20,892 [INFO] (WorkerAgent) [8304] [job-3cb3ed8f167a OUT] Current CUDA device index: 0
2025-12-31 03:56:20,892 [INFO] (WorkerAgent) [8304] [job-3cb3ed8f167a OUT] Current CUDA device name: NVIDIA RTX A5000
2025-12-31 03:56:20,892 [INFO] (WorkerAgent) [8304] [job-3cb3ed8f167a OUT] Master address: 163.180.160.62, port: 29534
2025-12-31 03:56:20,898 [INFO] (WorkerAgent) [8304] [job-3cb3ed8f167a OUT] [Gloo] Rank 0 is connected to 0 peer ranks. Expected number of connected peer ranks is : 0
2025-12-31 05:06:45,410 [INFO] (WorkerAgent) [8304] [job-3cb3ed8f167a] Created stop flag at /tmp/job-3cb3ed8f167a-attempt-1.flag
2025-12-31 05:06:45,411 [INFO] (WorkerAgent) [8304] [job-3cb3ed8f167a] Sending SIGTERM to process 794582
2025-12-31 05:06:45,526 [INFO] (WorkerAgent) [8304] [job-3cb3ed8f167a] Process terminated gracefully.
2025-12-31 05:06:45,582 [INFO] (WorkerAgent) [8304] [job-3cb3ed8f167a] Reported job_stopped to global server.
INFO:     163.180.117.216:53268 - "POST /stop_task HTTP/1.1" 200 OK
2025-12-31 05:06:50,408 [ERROR] (WorkerAgent) [8304] [job-3cb3ed8f167a ERR] 2025-12-31 03:56:20,892 DDP_Script [Rank 0] [INFO] Node rank: 0, world size: 1
2025-12-31 05:06:50,408 [ERROR] (WorkerAgent) [8304] [job-3cb3ed8f167a ERR] 2025-12-31 03:56:20,899 DDP_Script [Rank 0] [INFO] Process group initialized: 163.180.160.62:29534
2025-12-31 05:06:50,408 [ERROR] (WorkerAgent) [8304] [job-3cb3ed8f167a ERR] 2025-12-31 03:56:20,899 DDP_Script [Rank 0] [INFO] Rank 0/1 initialized
2025-12-31 05:06:50,408 [ERROR] (WorkerAgent) [8304] [job-3cb3ed8f167a ERR] /data/breath12/anaconda3/envs/Dist2/lib/python3.9/site-packages/torchvision/models/_utils.py:208: UserWarning: The parameter 'pretrained' is deprecated since 0.13 and may be removed in the future, please use 'weights' instead.
2025-12-31 05:06:50,408 [ERROR] (WorkerAgent) [8304] [job-3cb3ed8f167a ERR]   warnings.warn(
2025-12-31 05:06:50,408 [ERROR] (WorkerAgent) [8304] [job-3cb3ed8f167a ERR] /data/breath12/anaconda3/envs/Dist2/lib/python3.9/site-packages/torchvision/models/_utils.py:223: UserWarning: Arguments other than a weight enum or `None` for 'weights' are deprecated since 0.13 and may be removed in the future. The current behavior is equivalent to passing `weights=None`.
2025-12-31 05:06:50,408 [ERROR] (WorkerAgent) [8304] [job-3cb3ed8f167a ERR]   warnings.warn(msg)
2025-12-31 05:06:50,408 [ERROR] (WorkerAgent) [8304] [job-3cb3ed8f167a ERR] 2025-12-31 03:56:21,421 DDP_Script [Rank 0] [INFO] Model, DDP, criterion, optimizer initialized
2025-12-31 05:06:50,408 [ERROR] (WorkerAgent) [8304] [job-3cb3ed8f167a ERR] 2025-12-31 03:56:21,444 DDP_Script [Rank 0] [INFO] Modules initialized
2025-12-31 05:06:50,409 [ERROR] (WorkerAgent) [8304] [job-3cb3ed8f167a ERR] 2025-12-31 03:56:21,446 DDP_Script [Rank 0] [INFO] Checkpoint directory created: ./checkpoints/job-3cb3ed8f167a
2025-12-31 05:06:50,409 [ERROR] (WorkerAgent) [8304] [job-3cb3ed8f167a ERR] 2025-12-31 03:56:21,446 DDP_Script [Rank 0] [INFO] Starting training from scratch (epoch 1).
2025-12-31 05:06:50,409 [ERROR] (WorkerAgent) [8304] [job-3cb3ed8f167a ERR] 2025-12-31 03:56:21,446 DDP_Script [Rank 0] [INFO] epoch 1 시작
2025-12-31 05:06:50,409 [ERROR] (WorkerAgent) [8304] [job-3cb3ed8f167a ERR] 2025-12-31 03:56:21,462 DDP_Script [Rank 0] [INFO] DataLoader created with batch_size=32, num_workers=4
2025-12-31 05:06:50,409 [ERROR] (WorkerAgent) [8304] [job-3cb3ed8f167a ERR] 2025-12-31 03:56:21,466 DDP_Script [Rank 0] [INFO] 모든 노드 중 max_steps = 1875
2025-12-31 05:06:50,409 [ERROR] (WorkerAgent) [8304] [job-3cb3ed8f167a ERR] 2025-12-31 03:56:21,466 DDP_Script [Rank 0] [INFO] local_steps=1875, global_steps=1875
2025-12-31 05:06:50,409 [ERROR] (WorkerAgent) [8304] [job-3cb3ed8f167a ERR] 2025-12-31 04:00:41,884 DDP_Script [Rank 0] [INFO] epoch 1 train step time: 260.42 seconds
2025-12-31 05:06:50,409 [ERROR] (WorkerAgent) [8304] [job-3cb3ed8f167a ERR] 2025-12-31 04:00:41,885 DDP_Script [Rank 0] [INFO] epoch 1 끝 (local_steps=1875, global_steps=1875)
2025-12-31 05:06:50,409 [ERROR] (WorkerAgent) [8304] [job-3cb3ed8f167a ERR] 2025-12-31 04:00:42,049 httpx [INFO] HTTP Request: POST http://163.180.117.216:8000/report_job_metrics "HTTP/1.1 200 OK"
2025-12-31 05:06:50,409 [ERROR] (WorkerAgent) [8304] [job-3cb3ed8f167a ERR] 2025-12-31 04:00:42,078 httpx [INFO] HTTP Request: POST http://163.180.117.216:8000/report_progress "HTTP/1.1 200 OK"
2025-12-31 05:06:50,409 [ERROR] (WorkerAgent) [8304] [job-3cb3ed8f167a ERR] 2025-12-31 04:00:52,470 DDP_Script [Rank 0] [INFO] val acc 95.35%
2025-12-31 05:06:50,409 [ERROR] (WorkerAgent) [8304] [job-3cb3ed8f167a ERR] 2025-12-31 04:00:52,496 DDP_Script [Rank 0] [INFO] CKF x_filt vector: [array([-0.00816782]), array([0.00131957]), array([0.02262389]), array([0.00906797]), array([0.00783829]), array([-0.00584474]), array([-0.01179093]), array([0.02171629])]
2025-12-31 05:06:50,409 [ERROR] (WorkerAgent) [8304] [job-3cb3ed8f167a ERR] 2025-12-31 04:00:52,496 DDP_Script [Rank 0] [INFO] allocation results: [{'shard_pct': 0.5, 'batch_size': 32, 'lr': 0.0009946500000000001, 'num_workers': 4}]
2025-12-31 05:06:50,409 [ERROR] (WorkerAgent) [8304] [job-3cb3ed8f167a ERR] 2025-12-31 04:00:52,497 DDP_Script [Rank 0] [INFO] local_alloc: {'shard_pct': 1.0, 'batch_size': 32, 'lr': 0.0009946500000000001, 'num_workers': 4}
2025-12-31 05:06:50,409 [ERROR] (WorkerAgent) [8304] [job-3cb3ed8f167a ERR] 2025-12-31 04:00:52,517 DDP_Script [Rank 0] [INFO] Saving checkpoint to ./checkpoints/job-3cb3ed8f167a/latest_checkpoint.pth ...
2025-12-31 05:06:50,409 [ERROR] (WorkerAgent) [8304] [job-3cb3ed8f167a ERR] 2025-12-31 04:00:53,444 DDP_Script [Rank 0] [INFO] Successfully reported epoch 1/20 (Acc: 95.35%) to global server.
2025-12-31 05:06:50,409 [ERROR] (WorkerAgent) [8304] [job-3cb3ed8f167a ERR] 2025-12-31 04:00:53,445 DDP_Script [Rank 0] [INFO] epoch 2 시작
2025-12-31 05:06:50,409 [ERROR] (WorkerAgent) [8304] [job-3cb3ed8f167a ERR] 2025-12-31 04:00:53,463 DDP_Script [Rank 0] [INFO] DataLoader created with batch_size=32, num_workers=4
2025-12-31 05:06:50,409 [ERROR] (WorkerAgent) [8304] [job-3cb3ed8f167a ERR] 2025-12-31 04:00:53,467 DDP_Script [Rank 0] [INFO] 모든 노드 중 max_steps = 1875
2025-12-31 05:06:50,409 [ERROR] (WorkerAgent) [8304] [job-3cb3ed8f167a ERR] 2025-12-31 04:00:53,467 DDP_Script [Rank 0] [INFO] local_steps=1875, global_steps=1875
2025-12-31 05:06:50,410 [ERROR] (WorkerAgent) [8304] [job-3cb3ed8f167a ERR] 2025-12-31 04:05:09,796 DDP_Script [Rank 0] [INFO] epoch 2 train step time: 256.33 seconds
2025-12-31 05:06:50,410 [ERROR] (WorkerAgent) [8304] [job-3cb3ed8f167a ERR] 2025-12-31 04:05:09,797 DDP_Script [Rank 0] [INFO] epoch 2 끝 (local_steps=1875, global_steps=1875)
2025-12-31 05:06:50,410 [ERROR] (WorkerAgent) [8304] [job-3cb3ed8f167a ERR] 2025-12-31 04:05:09,837 httpx [INFO] HTTP Request: POST http://163.180.117.216:8000/report_job_metrics "HTTP/1.1 200 OK"
2025-12-31 05:06:50,410 [ERROR] (WorkerAgent) [8304] [job-3cb3ed8f167a ERR] 2025-12-31 04:05:09,867 httpx [INFO] HTTP Request: POST http://163.180.117.216:8000/report_progress "HTTP/1.1 200 OK"
2025-12-31 05:06:50,410 [ERROR] (WorkerAgent) [8304] [job-3cb3ed8f167a ERR] 2025-12-31 04:05:20,165 DDP_Script [Rank 0] [INFO] val acc 98.91%
2025-12-31 05:06:50,410 [ERROR] (WorkerAgent) [8304] [job-3cb3ed8f167a ERR] 2025-12-31 04:05:20,190 DDP_Script [Rank 0] [INFO] CKF x_filt vector: [array([0.00140937]), array([-0.01215762]), array([0.01220007]), array([0.02412171]), array([0.02224113]), array([-0.01272676]), array([0.00075014]), array([0.02974585])]
2025-12-31 05:06:50,410 [ERROR] (WorkerAgent) [8304] [job-3cb3ed8f167a ERR] 2025-12-31 04:05:20,190 DDP_Script [Rank 0] [INFO] allocation results: [{'shard_pct': 0.5, 'batch_size': 32, 'lr': 0.00099109, 'num_workers': 4}]
2025-12-31 05:06:50,410 [ERROR] (WorkerAgent) [8304] [job-3cb3ed8f167a ERR] 2025-12-31 04:05:20,191 DDP_Script [Rank 0] [INFO] local_alloc: {'shard_pct': 1.0, 'batch_size': 32, 'lr': 0.00099109, 'num_workers': 4}
2025-12-31 05:06:50,410 [ERROR] (WorkerAgent) [8304] [job-3cb3ed8f167a ERR] 2025-12-31 04:05:20,210 DDP_Script [Rank 0] [INFO] Saving checkpoint to ./checkpoints/job-3cb3ed8f167a/latest_checkpoint.pth ...
2025-12-31 05:06:50,410 [ERROR] (WorkerAgent) [8304] [job-3cb3ed8f167a ERR] 2025-12-31 04:05:21,143 DDP_Script [Rank 0] [INFO] Successfully reported epoch 2/20 (Acc: 98.91%) to global server.
2025-12-31 05:06:50,410 [ERROR] (WorkerAgent) [8304] [job-3cb3ed8f167a ERR] 2025-12-31 04:05:21,145 DDP_Script [Rank 0] [INFO] epoch 3 시작
2025-12-31 05:06:50,410 [ERROR] (WorkerAgent) [8304] [job-3cb3ed8f167a ERR] 2025-12-31 04:05:21,171 DDP_Script [Rank 0] [INFO] DataLoader created with batch_size=32, num_workers=4
2025-12-31 05:06:50,410 [ERROR] (WorkerAgent) [8304] [job-3cb3ed8f167a ERR] 2025-12-31 04:05:21,174 DDP_Script [Rank 0] [INFO] 모든 노드 중 max_steps = 1875
2025-12-31 05:06:50,410 [ERROR] (WorkerAgent) [8304] [job-3cb3ed8f167a ERR] 2025-12-31 04:05:21,175 DDP_Script [Rank 0] [INFO] local_steps=1875, global_steps=1875
2025-12-31 05:06:50,410 [ERROR] (WorkerAgent) [8304] [job-3cb3ed8f167a ERR] 2025-12-31 04:09:37,302 DDP_Script [Rank 0] [INFO] epoch 3 train step time: 256.13 seconds
2025-12-31 05:06:50,410 [ERROR] (WorkerAgent) [8304] [job-3cb3ed8f167a ERR] 2025-12-31 04:09:37,303 DDP_Script [Rank 0] [INFO] epoch 3 끝 (local_steps=1875, global_steps=1875)
2025-12-31 05:06:50,410 [ERROR] (WorkerAgent) [8304] [job-3cb3ed8f167a ERR] 2025-12-31 04:09:37,345 httpx [INFO] HTTP Request: POST http://163.180.117.216:8000/report_job_metrics "HTTP/1.1 200 OK"
2025-12-31 05:06:50,410 [ERROR] (WorkerAgent) [8304] [job-3cb3ed8f167a ERR] 2025-12-31 04:09:37,374 httpx [INFO] HTTP Request: POST http://163.180.117.216:8000/report_progress "HTTP/1.1 200 OK"
2025-12-31 05:06:50,410 [ERROR] (WorkerAgent) [8304] [job-3cb3ed8f167a ERR] 2025-12-31 04:09:47,530 DDP_Script [Rank 0] [INFO] val acc 97.86%
2025-12-31 05:06:50,410 [ERROR] (WorkerAgent) [8304] [job-3cb3ed8f167a ERR] 2025-12-31 04:09:47,544 DDP_Script [Rank 0] [INFO] CKF x_filt vector: [array([0.00229168]), array([0.01558144]), array([0.02274029]), array([0.00868865]), array([0.01006766]), array([-0.02416122]), array([-0.01170325]), array([0.00725632])]
2025-12-31 05:06:50,411 [ERROR] (WorkerAgent) [8304] [job-3cb3ed8f167a ERR] 2025-12-31 04:09:47,544 DDP_Script [Rank 0] [INFO] allocation results: [{'shard_pct': 0.5, 'batch_size': 32, 'lr': 0.00099214, 'num_workers': 4}]
2025-12-31 05:06:50,411 [ERROR] (WorkerAgent) [8304] [job-3cb3ed8f167a ERR] 2025-12-31 04:09:47,545 DDP_Script [Rank 0] [INFO] local_alloc: {'shard_pct': 1.0, 'batch_size': 32, 'lr': 0.00099214, 'num_workers': 4}
2025-12-31 05:06:50,411 [ERROR] (WorkerAgent) [8304] [job-3cb3ed8f167a ERR] 2025-12-31 04:09:47,579 DDP_Script [Rank 0] [INFO] Saving checkpoint to ./checkpoints/job-3cb3ed8f167a/latest_checkpoint.pth ...
2025-12-31 05:06:50,411 [ERROR] (WorkerAgent) [8304] [job-3cb3ed8f167a ERR] 2025-12-31 04:09:48,405 DDP_Script [Rank 0] [INFO] Successfully reported epoch 3/20 (Acc: 97.86%) to global server.
2025-12-31 05:06:50,411 [ERROR] (WorkerAgent) [8304] [job-3cb3ed8f167a ERR] 2025-12-31 04:09:48,406 DDP_Script [Rank 0] [INFO] epoch 4 시작
2025-12-31 05:06:50,411 [ERROR] (WorkerAgent) [8304] [job-3cb3ed8f167a ERR] 2025-12-31 04:09:48,424 DDP_Script [Rank 0] [INFO] DataLoader created with batch_size=32, num_workers=4
2025-12-31 05:06:50,411 [ERROR] (WorkerAgent) [8304] [job-3cb3ed8f167a ERR] 2025-12-31 04:09:48,429 DDP_Script [Rank 0] [INFO] 모든 노드 중 max_steps = 1875
2025-12-31 05:06:50,411 [ERROR] (WorkerAgent) [8304] [job-3cb3ed8f167a ERR] 2025-12-31 04:09:48,429 DDP_Script [Rank 0] [INFO] local_steps=1875, global_steps=1875
2025-12-31 05:06:50,411 [ERROR] (WorkerAgent) [8304] [job-3cb3ed8f167a ERR] 2025-12-31 04:14:03,994 DDP_Script [Rank 0] [INFO] epoch 4 train step time: 255.56 seconds
2025-12-31 05:06:50,411 [ERROR] (WorkerAgent) [8304] [job-3cb3ed8f167a ERR] 2025-12-31 04:14:03,995 DDP_Script [Rank 0] [INFO] epoch 4 끝 (local_steps=1875, global_steps=1875)
2025-12-31 05:06:50,411 [ERROR] (WorkerAgent) [8304] [job-3cb3ed8f167a ERR] 2025-12-31 04:14:04,036 httpx [INFO] HTTP Request: POST http://163.180.117.216:8000/report_job_metrics "HTTP/1.1 200 OK"
2025-12-31 05:06:50,411 [ERROR] (WorkerAgent) [8304] [job-3cb3ed8f167a ERR] 2025-12-31 04:14:04,064 httpx [INFO] HTTP Request: POST http://163.180.117.216:8000/report_progress "HTTP/1.1 200 OK"
2025-12-31 05:06:50,411 [ERROR] (WorkerAgent) [8304] [job-3cb3ed8f167a ERR] 2025-12-31 04:14:14,323 DDP_Script [Rank 0] [INFO] val acc 98.90%
2025-12-31 05:06:50,411 [ERROR] (WorkerAgent) [8304] [job-3cb3ed8f167a ERR] 2025-12-31 04:14:14,348 DDP_Script [Rank 0] [INFO] CKF x_filt vector: [array([-0.00848787]), array([0.03229555]), array([0.00686174]), array([0.00607167]), array([-0.01252969]), array([-0.00964794]), array([-0.02397956]), array([0.00231502])]
2025-12-31 05:06:50,411 [ERROR] (WorkerAgent) [8304] [job-3cb3ed8f167a ERR] 2025-12-31 04:14:14,349 DDP_Script [Rank 0] [INFO] allocation results: [{'shard_pct': 0.5, 'batch_size': 32, 'lr': 0.0009911, 'num_workers': 4}]
2025-12-31 05:06:50,411 [ERROR] (WorkerAgent) [8304] [job-3cb3ed8f167a ERR] 2025-12-31 04:14:14,349 DDP_Script [Rank 0] [INFO] local_alloc: {'shard_pct': 1.0, 'batch_size': 32, 'lr': 0.0009911, 'num_workers': 4}
2025-12-31 05:06:50,411 [ERROR] (WorkerAgent) [8304] [job-3cb3ed8f167a ERR] 2025-12-31 04:14:14,376 DDP_Script [Rank 0] [INFO] Saving checkpoint to ./checkpoints/job-3cb3ed8f167a/latest_checkpoint.pth ...
2025-12-31 05:06:50,411 [ERROR] (WorkerAgent) [8304] [job-3cb3ed8f167a ERR] 2025-12-31 04:14:15,189 DDP_Script [Rank 0] [INFO] Successfully reported epoch 4/20 (Acc: 98.90%) to global server.
2025-12-31 05:06:50,411 [ERROR] (WorkerAgent) [8304] [job-3cb3ed8f167a ERR] 2025-12-31 04:14:15,190 DDP_Script [Rank 0] [INFO] epoch 5 시작
2025-12-31 05:06:50,411 [ERROR] (WorkerAgent) [8304] [job-3cb3ed8f167a ERR] 2025-12-31 04:14:15,208 DDP_Script [Rank 0] [INFO] DataLoader created with batch_size=32, num_workers=4
2025-12-31 05:06:50,412 [ERROR] (WorkerAgent) [8304] [job-3cb3ed8f167a ERR] 2025-12-31 04:14:15,213 DDP_Script [Rank 0] [INFO] 모든 노드 중 max_steps = 1875
2025-12-31 05:06:50,412 [ERROR] (WorkerAgent) [8304] [job-3cb3ed8f167a ERR] 2025-12-31 04:14:15,213 DDP_Script [Rank 0] [INFO] local_steps=1875, global_steps=1875
2025-12-31 05:06:50,412 [ERROR] (WorkerAgent) [8304] [job-3cb3ed8f167a ERR] 2025-12-31 04:18:36,230 DDP_Script [Rank 0] [INFO] epoch 5 train step time: 261.02 seconds
2025-12-31 05:06:50,412 [ERROR] (WorkerAgent) [8304] [job-3cb3ed8f167a ERR] 2025-12-31 04:18:36,232 DDP_Script [Rank 0] [INFO] epoch 5 끝 (local_steps=1875, global_steps=1875)
2025-12-31 05:06:50,412 [ERROR] (WorkerAgent) [8304] [job-3cb3ed8f167a ERR] 2025-12-31 04:18:36,273 httpx [INFO] HTTP Request: POST http://163.180.117.216:8000/report_job_metrics "HTTP/1.1 200 OK"
2025-12-31 05:06:50,412 [ERROR] (WorkerAgent) [8304] [job-3cb3ed8f167a ERR] 2025-12-31 04:18:36,302 httpx [INFO] HTTP Request: POST http://163.180.117.216:8000/report_progress "HTTP/1.1 200 OK"
2025-12-31 05:06:50,412 [ERROR] (WorkerAgent) [8304] [job-3cb3ed8f167a ERR] 2025-12-31 04:18:46,582 DDP_Script [Rank 0] [INFO] val acc 98.93%
2025-12-31 05:06:50,412 [ERROR] (WorkerAgent) [8304] [job-3cb3ed8f167a ERR] 2025-12-31 04:18:46,606 DDP_Script [Rank 0] [INFO] CKF x_filt vector: [array([-0.02460782]), array([0.0281191]), array([0.00034132]), array([0.01353975]), array([0.01189172]), array([-0.00170699]), array([0.00266015]), array([0.00082624])]
2025-12-31 05:06:50,412 [ERROR] (WorkerAgent) [8304] [job-3cb3ed8f167a ERR] 2025-12-31 04:18:46,606 DDP_Script [Rank 0] [INFO] allocation results: [{'shard_pct': 0.5, 'batch_size': 32, 'lr': 0.00099107, 'num_workers': 4}]
2025-12-31 05:06:50,412 [ERROR] (WorkerAgent) [8304] [job-3cb3ed8f167a ERR] 2025-12-31 04:18:46,606 DDP_Script [Rank 0] [INFO] local_alloc: {'shard_pct': 1.0, 'batch_size': 32, 'lr': 0.00099107, 'num_workers': 4}
2025-12-31 05:06:50,412 [ERROR] (WorkerAgent) [8304] [job-3cb3ed8f167a ERR] 2025-12-31 04:18:46,608 DDP_Script [Rank 0] [INFO] Saving checkpoint to ./checkpoints/job-3cb3ed8f167a/latest_checkpoint.pth ...
2025-12-31 05:06:50,412 [ERROR] (WorkerAgent) [8304] [job-3cb3ed8f167a ERR] 2025-12-31 04:18:47,430 DDP_Script [Rank 0] [INFO] Successfully reported epoch 5/20 (Acc: 98.93%) to global server.
2025-12-31 05:06:50,412 [ERROR] (WorkerAgent) [8304] [job-3cb3ed8f167a ERR] 2025-12-31 04:18:47,431 DDP_Script [Rank 0] [INFO] epoch 6 시작
2025-12-31 05:06:50,412 [ERROR] (WorkerAgent) [8304] [job-3cb3ed8f167a ERR] 2025-12-31 04:18:47,447 DDP_Script [Rank 0] [INFO] DataLoader created with batch_size=32, num_workers=4
2025-12-31 05:06:50,412 [ERROR] (WorkerAgent) [8304] [job-3cb3ed8f167a ERR] 2025-12-31 04:18:47,452 DDP_Script [Rank 0] [INFO] 모든 노드 중 max_steps = 1875
2025-12-31 05:06:50,412 [ERROR] (WorkerAgent) [8304] [job-3cb3ed8f167a ERR] 2025-12-31 04:18:47,452 DDP_Script [Rank 0] [INFO] local_steps=1875, global_steps=1875
2025-12-31 05:06:50,412 [ERROR] (WorkerAgent) [8304] [job-3cb3ed8f167a ERR] 2025-12-31 04:23:02,066 DDP_Script [Rank 0] [INFO] epoch 6 train step time: 254.61 seconds
2025-12-31 05:06:50,412 [ERROR] (WorkerAgent) [8304] [job-3cb3ed8f167a ERR] 2025-12-31 04:23:02,067 DDP_Script [Rank 0] [INFO] epoch 6 끝 (local_steps=1875, global_steps=1875)
2025-12-31 05:06:50,413 [ERROR] (WorkerAgent) [8304] [job-3cb3ed8f167a ERR] 2025-12-31 04:23:02,107 httpx [INFO] HTTP Request: POST http://163.180.117.216:8000/report_job_metrics "HTTP/1.1 200 OK"
2025-12-31 05:06:50,413 [ERROR] (WorkerAgent) [8304] [job-3cb3ed8f167a ERR] 2025-12-31 04:23:02,136 httpx [INFO] HTTP Request: POST http://163.180.117.216:8000/report_progress "HTTP/1.1 200 OK"
2025-12-31 05:06:50,413 [ERROR] (WorkerAgent) [8304] [job-3cb3ed8f167a ERR] 2025-12-31 04:23:12,444 DDP_Script [Rank 0] [INFO] val acc 99.31%
2025-12-31 05:06:50,413 [ERROR] (WorkerAgent) [8304] [job-3cb3ed8f167a ERR] 2025-12-31 04:23:12,457 DDP_Script [Rank 0] [INFO] CKF x_filt vector: [array([-0.00661785]), array([0.02760752]), array([-0.01078361]), array([0.00010864]), array([0.01117146]), array([0.0004404]), array([-0.0049095]), array([-0.01461372])]
2025-12-31 05:06:50,413 [ERROR] (WorkerAgent) [8304] [job-3cb3ed8f167a ERR] 2025-12-31 04:23:12,457 DDP_Script [Rank 0] [INFO] allocation results: [{'shard_pct': 0.5, 'batch_size': 32, 'lr': 0.00099069, 'num_workers': 4}]
2025-12-31 05:06:50,413 [ERROR] (WorkerAgent) [8304] [job-3cb3ed8f167a ERR] 2025-12-31 04:23:12,458 DDP_Script [Rank 0] [INFO] local_alloc: {'shard_pct': 1.0, 'batch_size': 32, 'lr': 0.00099069, 'num_workers': 4}
2025-12-31 05:06:50,413 [ERROR] (WorkerAgent) [8304] [job-3cb3ed8f167a ERR] 2025-12-31 04:23:12,460 DDP_Script [Rank 0] [INFO] Saving checkpoint to ./checkpoints/job-3cb3ed8f167a/latest_checkpoint.pth ...
2025-12-31 05:06:50,413 [ERROR] (WorkerAgent) [8304] [job-3cb3ed8f167a ERR] 2025-12-31 04:23:13,240 DDP_Script [Rank 0] [INFO] Successfully reported epoch 6/20 (Acc: 99.31%) to global server.
2025-12-31 05:06:50,413 [ERROR] (WorkerAgent) [8304] [job-3cb3ed8f167a ERR] 2025-12-31 04:23:13,241 DDP_Script [Rank 0] [INFO] epoch 7 시작
2025-12-31 05:06:50,413 [ERROR] (WorkerAgent) [8304] [job-3cb3ed8f167a ERR] 2025-12-31 04:23:13,258 DDP_Script [Rank 0] [INFO] DataLoader created with batch_size=32, num_workers=4
2025-12-31 05:06:50,413 [ERROR] (WorkerAgent) [8304] [job-3cb3ed8f167a ERR] 2025-12-31 04:23:13,262 DDP_Script [Rank 0] [INFO] 모든 노드 중 max_steps = 1875
2025-12-31 05:06:50,413 [ERROR] (WorkerAgent) [8304] [job-3cb3ed8f167a ERR] 2025-12-31 04:23:13,262 DDP_Script [Rank 0] [INFO] local_steps=1875, global_steps=1875
2025-12-31 05:06:50,413 [ERROR] (WorkerAgent) [8304] [job-3cb3ed8f167a ERR] 2025-12-31 04:27:29,475 DDP_Script [Rank 0] [INFO] epoch 7 train step time: 256.21 seconds
2025-12-31 05:06:50,413 [ERROR] (WorkerAgent) [8304] [job-3cb3ed8f167a ERR] 2025-12-31 04:27:29,476 DDP_Script [Rank 0] [INFO] epoch 7 끝 (local_steps=1875, global_steps=1875)
2025-12-31 05:06:50,413 [ERROR] (WorkerAgent) [8304] [job-3cb3ed8f167a ERR] 2025-12-31 04:27:29,517 httpx [INFO] HTTP Request: POST http://163.180.117.216:8000/report_job_metrics "HTTP/1.1 200 OK"
2025-12-31 05:06:50,413 [ERROR] (WorkerAgent) [8304] [job-3cb3ed8f167a ERR] 2025-12-31 04:27:29,546 httpx [INFO] HTTP Request: POST http://163.180.117.216:8000/report_progress "HTTP/1.1 200 OK"
2025-12-31 05:06:50,413 [ERROR] (WorkerAgent) [8304] [job-3cb3ed8f167a ERR] 2025-12-31 04:27:39,821 DDP_Script [Rank 0] [INFO] val acc 99.14%
2025-12-31 05:06:50,413 [ERROR] (WorkerAgent) [8304] [job-3cb3ed8f167a ERR] 2025-12-31 04:27:39,833 DDP_Script [Rank 0] [INFO] CKF x_filt vector: [array([-0.0139665]), array([0.01071257]), array([-0.02033973]), array([0.00855132]), array([0.02495452]), array([0.00702408]), array([-0.01416391]), array([0.00199906])]
2025-12-31 05:06:50,413 [ERROR] (WorkerAgent) [8304] [job-3cb3ed8f167a ERR] 2025-12-31 04:27:39,834 DDP_Script [Rank 0] [INFO] allocation results: [{'shard_pct': 0.5, 'batch_size': 32, 'lr': 0.00099086, 'num_workers': 4}]
2025-12-31 05:06:50,413 [ERROR] (WorkerAgent) [8304] [job-3cb3ed8f167a ERR] 2025-12-31 04:27:39,834 DDP_Script [Rank 0] [INFO] local_alloc: {'shard_pct': 1.0, 'batch_size': 32, 'lr': 0.00099086, 'num_workers': 4}
2025-12-31 05:06:50,413 [ERROR] (WorkerAgent) [8304] [job-3cb3ed8f167a ERR] 2025-12-31 04:27:39,859 DDP_Script [Rank 0] [INFO] Saving checkpoint to ./checkpoints/job-3cb3ed8f167a/latest_checkpoint.pth ...
2025-12-31 05:06:50,414 [ERROR] (WorkerAgent) [8304] [job-3cb3ed8f167a ERR] 2025-12-31 04:27:40,919 DDP_Script [Rank 0] [INFO] Successfully reported epoch 7/20 (Acc: 99.14%) to global server.
2025-12-31 05:06:50,414 [ERROR] (WorkerAgent) [8304] [job-3cb3ed8f167a ERR] 2025-12-31 04:27:40,921 DDP_Script [Rank 0] [INFO] epoch 8 시작
2025-12-31 05:06:50,414 [ERROR] (WorkerAgent) [8304] [job-3cb3ed8f167a ERR] 2025-12-31 04:27:40,947 DDP_Script [Rank 0] [INFO] DataLoader created with batch_size=32, num_workers=4
2025-12-31 05:06:50,414 [ERROR] (WorkerAgent) [8304] [job-3cb3ed8f167a ERR] 2025-12-31 04:27:40,950 DDP_Script [Rank 0] [INFO] 모든 노드 중 max_steps = 1875
2025-12-31 05:06:50,414 [ERROR] (WorkerAgent) [8304] [job-3cb3ed8f167a ERR] 2025-12-31 04:27:40,950 DDP_Script [Rank 0] [INFO] local_steps=1875, global_steps=1875
2025-12-31 05:06:50,414 [ERROR] (WorkerAgent) [8304] [job-3cb3ed8f167a ERR] 2025-12-31 04:32:01,710 DDP_Script [Rank 0] [INFO] epoch 8 train step time: 260.76 seconds
2025-12-31 05:06:50,414 [ERROR] (WorkerAgent) [8304] [job-3cb3ed8f167a ERR] 2025-12-31 04:32:01,711 DDP_Script [Rank 0] [INFO] epoch 8 끝 (local_steps=1875, global_steps=1875)
2025-12-31 05:06:50,414 [ERROR] (WorkerAgent) [8304] [job-3cb3ed8f167a ERR] 2025-12-31 04:32:01,754 httpx [INFO] HTTP Request: POST http://163.180.117.216:8000/report_job_metrics "HTTP/1.1 200 OK"
2025-12-31 05:06:50,414 [ERROR] (WorkerAgent) [8304] [job-3cb3ed8f167a ERR] 2025-12-31 04:32:01,782 httpx [INFO] HTTP Request: POST http://163.180.117.216:8000/report_progress "HTTP/1.1 200 OK"
2025-12-31 05:06:50,414 [ERROR] (WorkerAgent) [8304] [job-3cb3ed8f167a ERR] 2025-12-31 04:32:12,114 DDP_Script [Rank 0] [INFO] val acc 99.50%
2025-12-31 05:06:50,414 [ERROR] (WorkerAgent) [8304] [job-3cb3ed8f167a ERR] 2025-12-31 04:32:12,139 DDP_Script [Rank 0] [INFO] CKF x_filt vector: [array([0.00594741]), array([0.00611489]), array([-0.02470071]), array([0.01186583]), array([0.0120124]), array([0.01324498]), array([-0.00433004]), array([0.00561853])]
2025-12-31 05:06:50,414 [ERROR] (WorkerAgent) [8304] [job-3cb3ed8f167a ERR] 2025-12-31 04:32:12,139 DDP_Script [Rank 0] [INFO] allocation results: [{'shard_pct': 0.5, 'batch_size': 32, 'lr': 0.0009905, 'num_workers': 4}]
2025-12-31 05:06:50,414 [ERROR] (WorkerAgent) [8304] [job-3cb3ed8f167a ERR] 2025-12-31 04:32:12,140 DDP_Script [Rank 0] [INFO] local_alloc: {'shard_pct': 1.0, 'batch_size': 32, 'lr': 0.0009905, 'num_workers': 4}
2025-12-31 05:06:50,414 [ERROR] (WorkerAgent) [8304] [job-3cb3ed8f167a ERR] 2025-12-31 04:32:12,142 DDP_Script [Rank 0] [INFO] Saving checkpoint to ./checkpoints/job-3cb3ed8f167a/latest_checkpoint.pth ...
2025-12-31 05:06:50,414 [ERROR] (WorkerAgent) [8304] [job-3cb3ed8f167a ERR] 2025-12-31 04:32:12,928 DDP_Script [Rank 0] [INFO] Successfully reported epoch 8/20 (Acc: 99.50%) to global server.
2025-12-31 05:06:50,414 [ERROR] (WorkerAgent) [8304] [job-3cb3ed8f167a ERR] 2025-12-31 04:32:12,929 DDP_Script [Rank 0] [INFO] epoch 9 시작
2025-12-31 05:06:50,414 [ERROR] (WorkerAgent) [8304] [job-3cb3ed8f167a ERR] 2025-12-31 04:32:12,944 DDP_Script [Rank 0] [INFO] DataLoader created with batch_size=32, num_workers=4
2025-12-31 05:06:50,414 [ERROR] (WorkerAgent) [8304] [job-3cb3ed8f167a ERR] 2025-12-31 04:32:12,949 DDP_Script [Rank 0] [INFO] 모든 노드 중 max_steps = 1875
2025-12-31 05:06:50,414 [ERROR] (WorkerAgent) [8304] [job-3cb3ed8f167a ERR] 2025-12-31 04:32:12,949 DDP_Script [Rank 0] [INFO] local_steps=1875, global_steps=1875
2025-12-31 05:06:50,414 [ERROR] (WorkerAgent) [8304] [job-3cb3ed8f167a ERR] 2025-12-31 04:36:27,995 DDP_Script [Rank 0] [INFO] epoch 9 train step time: 255.04 seconds
2025-12-31 05:06:50,415 [ERROR] (WorkerAgent) [8304] [job-3cb3ed8f167a ERR] 2025-12-31 04:36:27,996 DDP_Script [Rank 0] [INFO] epoch 9 끝 (local_steps=1875, global_steps=1875)
2025-12-31 05:06:50,415 [ERROR] (WorkerAgent) [8304] [job-3cb3ed8f167a ERR] 2025-12-31 04:36:28,036 httpx [INFO] HTTP Request: POST http://163.180.117.216:8000/report_job_metrics "HTTP/1.1 200 OK"
2025-12-31 05:06:50,415 [ERROR] (WorkerAgent) [8304] [job-3cb3ed8f167a ERR] 2025-12-31 04:36:28,065 httpx [INFO] HTTP Request: POST http://163.180.117.216:8000/report_progress "HTTP/1.1 200 OK"
2025-12-31 05:06:50,415 [ERROR] (WorkerAgent) [8304] [job-3cb3ed8f167a ERR] 2025-12-31 04:36:38,336 DDP_Script [Rank 0] [INFO] val acc 99.60%
2025-12-31 05:06:50,415 [ERROR] (WorkerAgent) [8304] [job-3cb3ed8f167a ERR] 2025-12-31 04:36:38,360 DDP_Script [Rank 0] [INFO] CKF x_filt vector: [array([-0.01397828]), array([0.02140703]), array([-0.01388898]), array([-0.00134269]), array([-0.02486787]), array([0.01562995]), array([-0.00153173]), array([0.00350058])]
2025-12-31 05:06:50,415 [ERROR] (WorkerAgent) [8304] [job-3cb3ed8f167a ERR] 2025-12-31 04:36:38,361 DDP_Script [Rank 0] [INFO] allocation results: [{'shard_pct': 0.5, 'batch_size': 32, 'lr': 0.0009904, 'num_workers': 4}]
2025-12-31 05:06:50,415 [ERROR] (WorkerAgent) [8304] [job-3cb3ed8f167a ERR] 2025-12-31 04:36:38,361 DDP_Script [Rank 0] [INFO] local_alloc: {'shard_pct': 1.0, 'batch_size': 32, 'lr': 0.0009904, 'num_workers': 4}
2025-12-31 05:06:50,415 [ERROR] (WorkerAgent) [8304] [job-3cb3ed8f167a ERR] 2025-12-31 04:36:38,381 DDP_Script [Rank 0] [INFO] Saving checkpoint to ./checkpoints/job-3cb3ed8f167a/latest_checkpoint.pth ...
2025-12-31 05:06:50,415 [ERROR] (WorkerAgent) [8304] [job-3cb3ed8f167a ERR] 2025-12-31 04:36:39,205 DDP_Script [Rank 0] [INFO] Successfully reported epoch 9/20 (Acc: 99.60%) to global server.
2025-12-31 05:06:50,415 [ERROR] (WorkerAgent) [8304] [job-3cb3ed8f167a ERR] 2025-12-31 04:36:39,206 DDP_Script [Rank 0] [INFO] epoch 10 시작
2025-12-31 05:06:50,415 [ERROR] (WorkerAgent) [8304] [job-3cb3ed8f167a ERR] 2025-12-31 04:36:39,221 DDP_Script [Rank 0] [INFO] DataLoader created with batch_size=32, num_workers=4
2025-12-31 05:06:50,415 [ERROR] (WorkerAgent) [8304] [job-3cb3ed8f167a ERR] 2025-12-31 04:36:39,228 DDP_Script [Rank 0] [INFO] 모든 노드 중 max_steps = 1875
2025-12-31 05:06:50,415 [ERROR] (WorkerAgent) [8304] [job-3cb3ed8f167a ERR] 2025-12-31 04:36:39,228 DDP_Script [Rank 0] [INFO] local_steps=1875, global_steps=1875
2025-12-31 05:06:50,415 [ERROR] (WorkerAgent) [8304] [job-3cb3ed8f167a ERR] 2025-12-31 04:40:55,384 DDP_Script [Rank 0] [INFO] epoch 10 train step time: 256.16 seconds
2025-12-31 05:06:50,415 [ERROR] (WorkerAgent) [8304] [job-3cb3ed8f167a ERR] 2025-12-31 04:40:55,386 DDP_Script [Rank 0] [INFO] epoch 10 끝 (local_steps=1875, global_steps=1875)
2025-12-31 05:06:50,415 [ERROR] (WorkerAgent) [8304] [job-3cb3ed8f167a ERR] 2025-12-31 04:40:55,430 httpx [INFO] HTTP Request: POST http://163.180.117.216:8000/report_job_metrics "HTTP/1.1 200 OK"
2025-12-31 05:06:50,415 [ERROR] (WorkerAgent) [8304] [job-3cb3ed8f167a ERR] 2025-12-31 04:40:55,460 httpx [INFO] HTTP Request: POST http://163.180.117.216:8000/report_progress "HTTP/1.1 200 OK"
2025-12-31 05:06:50,415 [ERROR] (WorkerAgent) [8304] [job-3cb3ed8f167a ERR] 2025-12-31 04:41:05,767 DDP_Script [Rank 0] [INFO] val acc 99.28%
2025-12-31 05:06:50,415 [ERROR] (WorkerAgent) [8304] [job-3cb3ed8f167a ERR] 2025-12-31 04:41:05,792 DDP_Script [Rank 0] [INFO] CKF x_filt vector: [array([-0.0244981]), array([0.00642787]), array([-0.01973565]), array([0.01811857]), array([0.00418103]), array([-0.00933311]), array([0.0081133]), array([0.0448774])]
2025-12-31 05:06:50,415 [ERROR] (WorkerAgent) [8304] [job-3cb3ed8f167a ERR] 2025-12-31 04:41:05,792 DDP_Script [Rank 0] [INFO] allocation results: [{'shard_pct': 0.5, 'batch_size': 32, 'lr': 0.00099072, 'num_workers': 4}]
2025-12-31 05:06:50,416 [ERROR] (WorkerAgent) [8304] [job-3cb3ed8f167a ERR] 2025-12-31 04:41:05,793 DDP_Script [Rank 0] [INFO] local_alloc: {'shard_pct': 1.0, 'batch_size': 32, 'lr': 0.00099072, 'num_workers': 4}
2025-12-31 05:06:50,416 [ERROR] (WorkerAgent) [8304] [job-3cb3ed8f167a ERR] 2025-12-31 04:41:05,797 DDP_Script [Rank 0] [INFO] Saving checkpoint to ./checkpoints/job-3cb3ed8f167a/latest_checkpoint.pth ...
2025-12-31 05:06:50,416 [ERROR] (WorkerAgent) [8304] [job-3cb3ed8f167a ERR] 2025-12-31 04:41:06,688 DDP_Script [Rank 0] [INFO] Successfully reported epoch 10/20 (Acc: 99.28%) to global server.
2025-12-31 05:06:50,416 [ERROR] (WorkerAgent) [8304] [job-3cb3ed8f167a ERR] 2025-12-31 04:41:06,689 DDP_Script [Rank 0] [INFO] epoch 11 시작
2025-12-31 05:06:50,416 [ERROR] (WorkerAgent) [8304] [job-3cb3ed8f167a ERR] 2025-12-31 04:41:06,715 DDP_Script [Rank 0] [INFO] DataLoader created with batch_size=32, num_workers=4
2025-12-31 05:06:50,416 [ERROR] (WorkerAgent) [8304] [job-3cb3ed8f167a ERR] 2025-12-31 04:41:06,719 DDP_Script [Rank 0] [INFO] 모든 노드 중 max_steps = 1875
2025-12-31 05:06:50,416 [ERROR] (WorkerAgent) [8304] [job-3cb3ed8f167a ERR] 2025-12-31 04:41:06,719 DDP_Script [Rank 0] [INFO] local_steps=1875, global_steps=1875
2025-12-31 05:06:50,416 [ERROR] (WorkerAgent) [8304] [job-3cb3ed8f167a ERR] 2025-12-31 04:45:31,468 DDP_Script [Rank 0] [INFO] epoch 11 train step time: 264.75 seconds
2025-12-31 05:06:50,416 [ERROR] (WorkerAgent) [8304] [job-3cb3ed8f167a ERR] 2025-12-31 04:45:31,469 DDP_Script [Rank 0] [INFO] epoch 11 끝 (local_steps=1875, global_steps=1875)
2025-12-31 05:06:50,416 [ERROR] (WorkerAgent) [8304] [job-3cb3ed8f167a ERR] 2025-12-31 04:45:31,502 httpx [INFO] HTTP Request: POST http://163.180.117.216:8000/report_job_metrics "HTTP/1.1 200 OK"
2025-12-31 05:06:50,416 [ERROR] (WorkerAgent) [8304] [job-3cb3ed8f167a ERR] 2025-12-31 04:45:31,532 httpx [INFO] HTTP Request: POST http://163.180.117.216:8000/report_progress "HTTP/1.1 200 OK"
2025-12-31 05:06:50,416 [ERROR] (WorkerAgent) [8304] [job-3cb3ed8f167a ERR] 2025-12-31 04:45:41,778 DDP_Script [Rank 0] [INFO] val acc 99.48%
2025-12-31 05:06:50,416 [ERROR] (WorkerAgent) [8304] [job-3cb3ed8f167a ERR] 2025-12-31 04:45:41,802 DDP_Script [Rank 0] [INFO] CKF x_filt vector: [array([-0.0132664]), array([-0.00915177]), array([-0.02789067]), array([0.00529465]), array([-0.00802573]), array([-0.00155741]), array([-0.00888356]), array([0.01335604])]
2025-12-31 05:06:50,416 [ERROR] (WorkerAgent) [8304] [job-3cb3ed8f167a ERR] 2025-12-31 04:45:41,803 DDP_Script [Rank 0] [INFO] allocation results: [{'shard_pct': 0.5, 'batch_size': 32, 'lr': 0.00099052, 'num_workers': 4}]
2025-12-31 05:06:50,416 [ERROR] (WorkerAgent) [8304] [job-3cb3ed8f167a ERR] 2025-12-31 04:45:41,803 DDP_Script [Rank 0] [INFO] local_alloc: {'shard_pct': 1.0, 'batch_size': 32, 'lr': 0.00099052, 'num_workers': 4}
2025-12-31 05:06:50,416 [ERROR] (WorkerAgent) [8304] [job-3cb3ed8f167a ERR] 2025-12-31 04:45:41,807 DDP_Script [Rank 0] [INFO] Saving checkpoint to ./checkpoints/job-3cb3ed8f167a/latest_checkpoint.pth ...
2025-12-31 05:06:50,416 [ERROR] (WorkerAgent) [8304] [job-3cb3ed8f167a ERR] 2025-12-31 04:45:42,585 DDP_Script [Rank 0] [INFO] Successfully reported epoch 11/20 (Acc: 99.48%) to global server.
2025-12-31 05:06:50,416 [ERROR] (WorkerAgent) [8304] [job-3cb3ed8f167a ERR] 2025-12-31 04:45:42,586 DDP_Script [Rank 0] [INFO] epoch 12 시작
2025-12-31 05:06:50,416 [ERROR] (WorkerAgent) [8304] [job-3cb3ed8f167a ERR] 2025-12-31 04:45:42,603 DDP_Script [Rank 0] [INFO] DataLoader created with batch_size=32, num_workers=4
2025-12-31 05:06:50,416 [ERROR] (WorkerAgent) [8304] [job-3cb3ed8f167a ERR] 2025-12-31 04:45:42,608 DDP_Script [Rank 0] [INFO] 모든 노드 중 max_steps = 1875
2025-12-31 05:06:50,417 [ERROR] (WorkerAgent) [8304] [job-3cb3ed8f167a ERR] 2025-12-31 04:45:42,608 DDP_Script [Rank 0] [INFO] local_steps=1875, global_steps=1875
2025-12-31 05:06:50,417 [ERROR] (WorkerAgent) [8304] [job-3cb3ed8f167a ERR] 2025-12-31 04:50:03,326 DDP_Script [Rank 0] [INFO] epoch 12 train step time: 260.72 seconds
2025-12-31 05:06:50,417 [ERROR] (WorkerAgent) [8304] [job-3cb3ed8f167a ERR] 2025-12-31 04:50:03,327 DDP_Script [Rank 0] [INFO] epoch 12 끝 (local_steps=1875, global_steps=1875)
2025-12-31 05:06:50,417 [ERROR] (WorkerAgent) [8304] [job-3cb3ed8f167a ERR] 2025-12-31 04:50:03,368 httpx [INFO] HTTP Request: POST http://163.180.117.216:8000/report_job_metrics "HTTP/1.1 200 OK"
2025-12-31 05:06:50,417 [ERROR] (WorkerAgent) [8304] [job-3cb3ed8f167a ERR] 2025-12-31 04:50:03,398 httpx [INFO] HTTP Request: POST http://163.180.117.216:8000/report_progress "HTTP/1.1 200 OK"
2025-12-31 05:06:50,417 [ERROR] (WorkerAgent) [8304] [job-3cb3ed8f167a ERR] 2025-12-31 04:50:13,855 DDP_Script [Rank 0] [INFO] val acc 99.54%
2025-12-31 05:06:50,417 [ERROR] (WorkerAgent) [8304] [job-3cb3ed8f167a ERR] 2025-12-31 04:50:13,870 DDP_Script [Rank 0] [INFO] CKF x_filt vector: [array([-0.00717319]), array([-0.00157822]), array([-0.00092798]), array([-0.00414404]), array([-0.00516818]), array([-0.01836024]), array([-0.00744579]), array([0.00821117])]
2025-12-31 05:06:50,417 [ERROR] (WorkerAgent) [8304] [job-3cb3ed8f167a ERR] 2025-12-31 04:50:13,870 DDP_Script [Rank 0] [INFO] allocation results: [{'shard_pct': 0.5, 'batch_size': 32, 'lr': 0.00099046, 'num_workers': 4}]
2025-12-31 05:06:50,417 [ERROR] (WorkerAgent) [8304] [job-3cb3ed8f167a ERR] 2025-12-31 04:50:13,871 DDP_Script [Rank 0] [INFO] local_alloc: {'shard_pct': 1.0, 'batch_size': 32, 'lr': 0.00099046, 'num_workers': 4}
2025-12-31 05:06:50,417 [ERROR] (WorkerAgent) [8304] [job-3cb3ed8f167a ERR] 2025-12-31 04:50:13,873 DDP_Script [Rank 0] [INFO] Saving checkpoint to ./checkpoints/job-3cb3ed8f167a/latest_checkpoint.pth ...
2025-12-31 05:06:50,417 [ERROR] (WorkerAgent) [8304] [job-3cb3ed8f167a ERR] 2025-12-31 04:50:14,761 DDP_Script [Rank 0] [INFO] Successfully reported epoch 12/20 (Acc: 99.54%) to global server.
2025-12-31 05:06:50,417 [ERROR] (WorkerAgent) [8304] [job-3cb3ed8f167a ERR] 2025-12-31 04:50:14,762 DDP_Script [Rank 0] [INFO] epoch 13 시작
2025-12-31 05:06:50,417 [ERROR] (WorkerAgent) [8304] [job-3cb3ed8f167a ERR] 2025-12-31 04:50:14,787 DDP_Script [Rank 0] [INFO] DataLoader created with batch_size=32, num_workers=4
2025-12-31 05:06:50,417 [ERROR] (WorkerAgent) [8304] [job-3cb3ed8f167a ERR] 2025-12-31 04:50:14,791 DDP_Script [Rank 0] [INFO] 모든 노드 중 max_steps = 1875
2025-12-31 05:06:50,417 [ERROR] (WorkerAgent) [8304] [job-3cb3ed8f167a ERR] 2025-12-31 04:50:14,791 DDP_Script [Rank 0] [INFO] local_steps=1875, global_steps=1875
2025-12-31 05:06:50,417 [ERROR] (WorkerAgent) [8304] [job-3cb3ed8f167a ERR] 2025-12-31 04:54:36,254 DDP_Script [Rank 0] [INFO] epoch 13 train step time: 261.46 seconds
2025-12-31 05:06:50,417 [ERROR] (WorkerAgent) [8304] [job-3cb3ed8f167a ERR] 2025-12-31 04:54:36,255 DDP_Script [Rank 0] [INFO] epoch 13 끝 (local_steps=1875, global_steps=1875)
2025-12-31 05:06:50,417 [ERROR] (WorkerAgent) [8304] [job-3cb3ed8f167a ERR] 2025-12-31 04:54:36,286 httpx [INFO] HTTP Request: POST http://163.180.117.216:8000/report_job_metrics "HTTP/1.1 200 OK"
2025-12-31 05:06:50,417 [ERROR] (WorkerAgent) [8304] [job-3cb3ed8f167a ERR] 2025-12-31 04:54:36,316 httpx [INFO] HTTP Request: POST http://163.180.117.216:8000/report_progress "HTTP/1.1 200 OK"
2025-12-31 05:06:50,417 [ERROR] (WorkerAgent) [8304] [job-3cb3ed8f167a ERR] 2025-12-31 04:54:46,599 DDP_Script [Rank 0] [INFO] val acc 99.56%
2025-12-31 05:06:50,417 [ERROR] (WorkerAgent) [8304] [job-3cb3ed8f167a ERR] 2025-12-31 04:54:46,624 DDP_Script [Rank 0] [INFO] CKF x_filt vector: [array([0.00533853]), array([-0.02263866]), array([-0.00471986]), array([-0.02679895]), array([-0.00606936]), array([0.02355715]), array([-0.01752102]), array([-0.00079126])]
2025-12-31 05:06:50,418 [ERROR] (WorkerAgent) [8304] [job-3cb3ed8f167a ERR] 2025-12-31 04:54:46,624 DDP_Script [Rank 0] [INFO] allocation results: [{'shard_pct': 0.5, 'batch_size': 32, 'lr': 0.00099044, 'num_workers': 4}]
2025-12-31 05:06:50,418 [ERROR] (WorkerAgent) [8304] [job-3cb3ed8f167a ERR] 2025-12-31 04:54:46,624 DDP_Script [Rank 0] [INFO] local_alloc: {'shard_pct': 1.0, 'batch_size': 32, 'lr': 0.00099044, 'num_workers': 4}
2025-12-31 05:06:50,418 [ERROR] (WorkerAgent) [8304] [job-3cb3ed8f167a ERR] 2025-12-31 04:54:46,643 DDP_Script [Rank 0] [INFO] Saving checkpoint to ./checkpoints/job-3cb3ed8f167a/latest_checkpoint.pth ...
2025-12-31 05:06:50,418 [ERROR] (WorkerAgent) [8304] [job-3cb3ed8f167a ERR] 2025-12-31 04:54:47,485 DDP_Script [Rank 0] [INFO] Successfully reported epoch 13/20 (Acc: 99.56%) to global server.
2025-12-31 05:06:50,418 [ERROR] (WorkerAgent) [8304] [job-3cb3ed8f167a ERR] 2025-12-31 04:54:47,486 DDP_Script [Rank 0] [INFO] epoch 14 시작
2025-12-31 05:06:50,418 [ERROR] (WorkerAgent) [8304] [job-3cb3ed8f167a ERR] 2025-12-31 04:54:47,503 DDP_Script [Rank 0] [INFO] DataLoader created with batch_size=32, num_workers=4
2025-12-31 05:06:50,418 [ERROR] (WorkerAgent) [8304] [job-3cb3ed8f167a ERR] 2025-12-31 04:54:47,508 DDP_Script [Rank 0] [INFO] 모든 노드 중 max_steps = 1875
2025-12-31 05:06:50,418 [ERROR] (WorkerAgent) [8304] [job-3cb3ed8f167a ERR] 2025-12-31 04:54:47,508 DDP_Script [Rank 0] [INFO] local_steps=1875, global_steps=1875
2025-12-31 05:06:50,418 [ERROR] (WorkerAgent) [8304] [job-3cb3ed8f167a ERR] 2025-12-31 04:59:04,761 DDP_Script [Rank 0] [INFO] epoch 14 train step time: 257.25 seconds
2025-12-31 05:06:50,418 [ERROR] (WorkerAgent) [8304] [job-3cb3ed8f167a ERR] 2025-12-31 04:59:04,762 DDP_Script [Rank 0] [INFO] epoch 14 끝 (local_steps=1875, global_steps=1875)
2025-12-31 05:06:50,418 [ERROR] (WorkerAgent) [8304] [job-3cb3ed8f167a ERR] 2025-12-31 04:59:04,806 httpx [INFO] HTTP Request: POST http://163.180.117.216:8000/report_job_metrics "HTTP/1.1 200 OK"
2025-12-31 05:06:50,418 [ERROR] (WorkerAgent) [8304] [job-3cb3ed8f167a ERR] 2025-12-31 04:59:04,835 httpx [INFO] HTTP Request: POST http://163.180.117.216:8000/report_progress "HTTP/1.1 200 OK"
2025-12-31 05:06:50,418 [ERROR] (WorkerAgent) [8304] [job-3cb3ed8f167a ERR] 2025-12-31 04:59:15,107 DDP_Script [Rank 0] [INFO] val acc 99.40%
2025-12-31 05:06:50,418 [ERROR] (WorkerAgent) [8304] [job-3cb3ed8f167a ERR] 2025-12-31 04:59:15,119 DDP_Script [Rank 0] [INFO] CKF x_filt vector: [array([0.01371328]), array([-0.01144527]), array([0.01325625]), array([-0.02377376]), array([-0.00917098]), array([0.00594868]), array([-0.02861593]), array([-0.00420189])]
2025-12-31 05:06:50,418 [ERROR] (WorkerAgent) [8304] [job-3cb3ed8f167a ERR] 2025-12-31 04:59:15,119 DDP_Script [Rank 0] [INFO] allocation results: [{'shard_pct': 0.5, 'batch_size': 32, 'lr': 0.0009906000000000001, 'num_workers': 4}]
2025-12-31 05:06:50,418 [ERROR] (WorkerAgent) [8304] [job-3cb3ed8f167a ERR] 2025-12-31 04:59:15,120 DDP_Script [Rank 0] [INFO] local_alloc: {'shard_pct': 1.0, 'batch_size': 32, 'lr': 0.0009906000000000001, 'num_workers': 4}
2025-12-31 05:06:50,418 [ERROR] (WorkerAgent) [8304] [job-3cb3ed8f167a ERR] 2025-12-31 04:59:15,122 DDP_Script [Rank 0] [INFO] Saving checkpoint to ./checkpoints/job-3cb3ed8f167a/latest_checkpoint.pth ...
2025-12-31 05:06:50,418 [ERROR] (WorkerAgent) [8304] [job-3cb3ed8f167a ERR] 2025-12-31 04:59:15,971 DDP_Script [Rank 0] [INFO] Successfully reported epoch 14/20 (Acc: 99.40%) to global server.
2025-12-31 05:06:50,418 [ERROR] (WorkerAgent) [8304] [job-3cb3ed8f167a ERR] 2025-12-31 04:59:15,973 DDP_Script [Rank 0] [INFO] epoch 15 시작
2025-12-31 05:06:50,418 [ERROR] (WorkerAgent) [8304] [job-3cb3ed8f167a ERR] 2025-12-31 04:59:15,997 DDP_Script [Rank 0] [INFO] DataLoader created with batch_size=32, num_workers=4
2025-12-31 05:06:50,419 [ERROR] (WorkerAgent) [8304] [job-3cb3ed8f167a ERR] 2025-12-31 04:59:16,001 DDP_Script [Rank 0] [INFO] 모든 노드 중 max_steps = 1875
2025-12-31 05:06:50,419 [ERROR] (WorkerAgent) [8304] [job-3cb3ed8f167a ERR] 2025-12-31 04:59:16,001 DDP_Script [Rank 0] [INFO] local_steps=1875, global_steps=1875
2025-12-31 05:06:50,419 [ERROR] (WorkerAgent) [8304] [job-3cb3ed8f167a ERR] 2025-12-31 05:03:27,638 DDP_Script [Rank 0] [INFO] epoch 15 train step time: 251.64 seconds
2025-12-31 05:06:50,419 [ERROR] (WorkerAgent) [8304] [job-3cb3ed8f167a ERR] 2025-12-31 05:03:27,640 DDP_Script [Rank 0] [INFO] epoch 15 끝 (local_steps=1875, global_steps=1875)
2025-12-31 05:06:50,419 [ERROR] (WorkerAgent) [8304] [job-3cb3ed8f167a ERR] 2025-12-31 05:03:27,680 httpx [INFO] HTTP Request: POST http://163.180.117.216:8000/report_job_metrics "HTTP/1.1 200 OK"
2025-12-31 05:06:50,419 [ERROR] (WorkerAgent) [8304] [job-3cb3ed8f167a ERR] 2025-12-31 05:03:27,709 httpx [INFO] HTTP Request: POST http://163.180.117.216:8000/report_progress "HTTP/1.1 200 OK"
2025-12-31 05:06:50,419 [ERROR] (WorkerAgent) [8304] [job-3cb3ed8f167a ERR] 2025-12-31 05:03:38,005 DDP_Script [Rank 0] [INFO] val acc 99.40%
2025-12-31 05:06:50,419 [ERROR] (WorkerAgent) [8304] [job-3cb3ed8f167a ERR] 2025-12-31 05:03:38,030 DDP_Script [Rank 0] [INFO] CKF x_filt vector: [array([-0.00404834]), array([0.00037381]), array([0.00764819]), array([0.01342794]), array([-0.00608083]), array([-0.00260757]), array([-0.02127802]), array([-0.00037609])]
2025-12-31 05:06:50,419 [ERROR] (WorkerAgent) [8304] [job-3cb3ed8f167a ERR] 2025-12-31 05:03:38,030 DDP_Script [Rank 0] [INFO] allocation results: [{'shard_pct': 0.5, 'batch_size': 32, 'lr': 0.0009906000000000001, 'num_workers': 4}]
2025-12-31 05:06:50,419 [ERROR] (WorkerAgent) [8304] [job-3cb3ed8f167a ERR] 2025-12-31 05:03:38,031 DDP_Script [Rank 0] [INFO] local_alloc: {'shard_pct': 1.0, 'batch_size': 32, 'lr': 0.0009906000000000001, 'num_workers': 4}
2025-12-31 05:06:50,419 [ERROR] (WorkerAgent) [8304] [job-3cb3ed8f167a ERR] 2025-12-31 05:03:38,033 DDP_Script [Rank 0] [INFO] Saving checkpoint to ./checkpoints/job-3cb3ed8f167a/latest_checkpoint.pth ...
2025-12-31 05:06:50,419 [ERROR] (WorkerAgent) [8304] [job-3cb3ed8f167a ERR] 2025-12-31 05:03:38,732 DDP_Script [Rank 0] [INFO] Successfully reported epoch 15/20 (Acc: 99.40%) to global server.
2025-12-31 05:06:50,419 [ERROR] (WorkerAgent) [8304] [job-3cb3ed8f167a ERR] 2025-12-31 05:03:38,733 DDP_Script [Rank 0] [INFO] epoch 16 시작
2025-12-31 05:06:50,419 [ERROR] (WorkerAgent) [8304] [job-3cb3ed8f167a ERR] 2025-12-31 05:03:38,747 DDP_Script [Rank 0] [INFO] DataLoader created with batch_size=32, num_workers=4
2025-12-31 05:06:50,419 [ERROR] (WorkerAgent) [8304] [job-3cb3ed8f167a ERR] 2025-12-31 05:03:38,751 DDP_Script [Rank 0] [INFO] 모든 노드 중 max_steps = 1875
2025-12-31 05:06:50,419 [ERROR] (WorkerAgent) [8304] [job-3cb3ed8f167a ERR] 2025-12-31 05:03:38,751 DDP_Script [Rank 0] [INFO] local_steps=1875, global_steps=1875
2025-12-31 05:06:50,419 [INFO] (WorkerAgent) [8304] [job-3cb3ed8f167a] Process finished. Return Code: -15
2025-12-31 05:06:54,965 [INFO] (WorkerAgent) [8304] [job-3cb3ed8f167a] Launch Request received.
2025-12-31 05:06:54,972 [INFO] (WorkerAgent) [8304] [job-3cb3ed8f167a] Launched attempt 2 with STOP_FLAG_PATH=/tmp/job-3cb3ed8f167a-attempt-2.flag, pid=804031
INFO:     163.180.117.216:33744 - "POST /launch_task HTTP/1.1" 200 OK
2025-12-31 05:07:00,661 [INFO] (WorkerAgent) [8304] [job-3cb3ed8f167a OUT] Current CUDA device index: 0
2025-12-31 05:07:00,661 [INFO] (WorkerAgent) [8304] [job-3cb3ed8f167a OUT] Current CUDA device name: NVIDIA RTX A5000
2025-12-31 05:07:00,662 [INFO] (WorkerAgent) [8304] [job-3cb3ed8f167a OUT] Master address: 163.180.160.62, port: 29542
2025-12-31 05:07:00,667 [INFO] (WorkerAgent) [8304] [job-3cb3ed8f167a OUT] [Gloo] Rank 0 is connected to 0 peer ranks. Expected number of connected peer ranks is : 0
2025-12-31 05:28:35,611 [ERROR] (WorkerAgent) [8304] [job-3cb3ed8f167a ERR] 2025-12-31 05:07:00,661 DDP_Script [Rank 0] [INFO] Node rank: 0, world size: 1
2025-12-31 05:28:35,612 [ERROR] (WorkerAgent) [8304] [job-3cb3ed8f167a ERR] 2025-12-31 05:07:00,667 DDP_Script [Rank 0] [INFO] Process group initialized: 163.180.160.62:29542
2025-12-31 05:28:35,612 [ERROR] (WorkerAgent) [8304] [job-3cb3ed8f167a ERR] 2025-12-31 05:07:00,667 DDP_Script [Rank 0] [INFO] Rank 0/1 initialized
2025-12-31 05:28:35,612 [ERROR] (WorkerAgent) [8304] [job-3cb3ed8f167a ERR] /data/breath12/anaconda3/envs/Dist2/lib/python3.9/site-packages/torchvision/models/_utils.py:208: UserWarning: The parameter 'pretrained' is deprecated since 0.13 and may be removed in the future, please use 'weights' instead.
2025-12-31 05:28:35,612 [ERROR] (WorkerAgent) [8304] [job-3cb3ed8f167a ERR]   warnings.warn(
2025-12-31 05:28:35,612 [ERROR] (WorkerAgent) [8304] [job-3cb3ed8f167a ERR] /data/breath12/anaconda3/envs/Dist2/lib/python3.9/site-packages/torchvision/models/_utils.py:223: UserWarning: Arguments other than a weight enum or `None` for 'weights' are deprecated since 0.13 and may be removed in the future. The current behavior is equivalent to passing `weights=None`.
2025-12-31 05:28:35,612 [ERROR] (WorkerAgent) [8304] [job-3cb3ed8f167a ERR]   warnings.warn(msg)
2025-12-31 05:28:35,612 [ERROR] (WorkerAgent) [8304] [job-3cb3ed8f167a ERR] 2025-12-31 05:07:01,161 DDP_Script [Rank 0] [INFO] Model, DDP, criterion, optimizer initialized
2025-12-31 05:28:35,613 [ERROR] (WorkerAgent) [8304] [job-3cb3ed8f167a ERR] 2025-12-31 05:07:01,185 DDP_Script [Rank 0] [INFO] Modules initialized
2025-12-31 05:28:35,613 [ERROR] (WorkerAgent) [8304] [job-3cb3ed8f167a ERR] 2025-12-31 05:07:01,186 DDP_Script [Rank 0] [INFO] Loading checkpoint from /data/breath12/CCGRID/DARTManagement/checkpoints/job-3cb3ed8f167a/latest_checkpoint.pth ...
2025-12-31 05:28:35,613 [ERROR] (WorkerAgent) [8304] [job-3cb3ed8f167a ERR] 2025-12-31 05:07:01,995 DDP_Script [Rank 0] [INFO] Resumed from checkpoint. Starting epoch: 16
2025-12-31 05:28:35,613 [ERROR] (WorkerAgent) [8304] [job-3cb3ed8f167a ERR] 2025-12-31 05:07:01,995 DDP_Script [Rank 0] [INFO] epoch 16 시작
2025-12-31 05:28:35,613 [ERROR] (WorkerAgent) [8304] [job-3cb3ed8f167a ERR] 2025-12-31 05:07:02,002 DDP_Script [Rank 0] [INFO] DataLoader created with batch_size=32, num_workers=4
2025-12-31 05:28:35,613 [ERROR] (WorkerAgent) [8304] [job-3cb3ed8f167a ERR] 2025-12-31 05:07:02,005 DDP_Script [Rank 0] [INFO] 모든 노드 중 max_steps = 1875
2025-12-31 05:28:35,613 [ERROR] (WorkerAgent) [8304] [job-3cb3ed8f167a ERR] 2025-12-31 05:07:02,005 DDP_Script [Rank 0] [INFO] local_steps=1875, global_steps=1875
2025-12-31 05:28:35,613 [ERROR] (WorkerAgent) [8304] [job-3cb3ed8f167a ERR] 2025-12-31 05:11:13,563 DDP_Script [Rank 0] [INFO] epoch 16 train step time: 251.56 seconds
2025-12-31 05:28:35,613 [ERROR] (WorkerAgent) [8304] [job-3cb3ed8f167a ERR] 2025-12-31 05:11:13,566 DDP_Script [Rank 0] [INFO] epoch 16 끝 (local_steps=1875, global_steps=1875)
2025-12-31 05:28:35,613 [ERROR] (WorkerAgent) [8304] [job-3cb3ed8f167a ERR] 2025-12-31 05:11:13,799 httpx [INFO] HTTP Request: POST http://163.180.117.216:8000/report_job_metrics "HTTP/1.1 200 OK"
2025-12-31 05:28:35,613 [ERROR] (WorkerAgent) [8304] [job-3cb3ed8f167a ERR] 2025-12-31 05:11:13,973 httpx [INFO] HTTP Request: POST http://163.180.117.216:8000/report_progress "HTTP/1.1 200 OK"
2025-12-31 05:28:35,613 [ERROR] (WorkerAgent) [8304] [job-3cb3ed8f167a ERR] 2025-12-31 05:11:23,721 DDP_Script [Rank 0] [INFO] val acc 99.64%
2025-12-31 05:28:35,613 [ERROR] (WorkerAgent) [8304] [job-3cb3ed8f167a ERR] 2025-12-31 05:11:23,745 DDP_Script [Rank 0] [INFO] CKF x_filt vector: [array([-0.00602712]), array([-0.0102821]), array([0.00417224]), array([0.0068823]), array([-0.00354581]), array([-0.00442221]), array([-0.03494401]), array([0.0001156])]
2025-12-31 05:28:35,613 [ERROR] (WorkerAgent) [8304] [job-3cb3ed8f167a ERR] 2025-12-31 05:11:23,745 DDP_Script [Rank 0] [INFO] allocation results: [{'shard_pct': 0.5, 'batch_size': 32, 'lr': 0.00099036, 'num_workers': 4}]
2025-12-31 05:28:35,613 [ERROR] (WorkerAgent) [8304] [job-3cb3ed8f167a ERR] 2025-12-31 05:11:23,746 DDP_Script [Rank 0] [INFO] local_alloc: {'shard_pct': 1.0, 'batch_size': 32, 'lr': 0.00099036, 'num_workers': 4}
2025-12-31 05:28:35,613 [ERROR] (WorkerAgent) [8304] [job-3cb3ed8f167a ERR] 2025-12-31 05:11:23,748 DDP_Script [Rank 0] [INFO] Saving checkpoint to ./checkpoints/job-3cb3ed8f167a/latest_checkpoint.pth ...
2025-12-31 05:28:35,613 [ERROR] (WorkerAgent) [8304] [job-3cb3ed8f167a ERR] 2025-12-31 05:11:24,485 DDP_Script [Rank 0] [INFO] Successfully reported epoch 16/20 (Acc: 99.64%) to global server.
2025-12-31 05:28:35,613 [ERROR] (WorkerAgent) [8304] [job-3cb3ed8f167a ERR] 2025-12-31 05:11:24,486 DDP_Script [Rank 0] [INFO] epoch 17 시작
2025-12-31 05:28:35,613 [ERROR] (WorkerAgent) [8304] [job-3cb3ed8f167a ERR] 2025-12-31 05:11:24,503 DDP_Script [Rank 0] [INFO] DataLoader created with batch_size=32, num_workers=4
2025-12-31 05:28:35,614 [ERROR] (WorkerAgent) [8304] [job-3cb3ed8f167a ERR] 2025-12-31 05:11:24,508 DDP_Script [Rank 0] [INFO] 모든 노드 중 max_steps = 1875
2025-12-31 05:28:35,614 [ERROR] (WorkerAgent) [8304] [job-3cb3ed8f167a ERR] 2025-12-31 05:11:24,508 DDP_Script [Rank 0] [INFO] local_steps=1875, global_steps=1875
2025-12-31 05:28:35,614 [ERROR] (WorkerAgent) [8304] [job-3cb3ed8f167a ERR] 2025-12-31 05:15:32,991 DDP_Script [Rank 0] [INFO] epoch 17 train step time: 248.48 seconds
2025-12-31 05:28:35,614 [ERROR] (WorkerAgent) [8304] [job-3cb3ed8f167a ERR] 2025-12-31 05:15:32,993 DDP_Script [Rank 0] [INFO] epoch 17 끝 (local_steps=1875, global_steps=1875)
2025-12-31 05:28:35,614 [ERROR] (WorkerAgent) [8304] [job-3cb3ed8f167a ERR] 2025-12-31 05:15:33,033 httpx [INFO] HTTP Request: POST http://163.180.117.216:8000/report_job_metrics "HTTP/1.1 200 OK"
2025-12-31 05:28:35,614 [ERROR] (WorkerAgent) [8304] [job-3cb3ed8f167a ERR] 2025-12-31 05:15:33,062 httpx [INFO] HTTP Request: POST http://163.180.117.216:8000/report_progress "HTTP/1.1 200 OK"
2025-12-31 05:28:35,614 [ERROR] (WorkerAgent) [8304] [job-3cb3ed8f167a ERR] 2025-12-31 05:15:42,748 DDP_Script [Rank 0] [INFO] val acc 99.50%
2025-12-31 05:28:35,614 [ERROR] (WorkerAgent) [8304] [job-3cb3ed8f167a ERR] 2025-12-31 05:15:42,772 DDP_Script [Rank 0] [INFO] CKF x_filt vector: [array([0.03496117]), array([0.0267594]), array([0.00236311]), array([0.0122485]), array([-0.00081284]), array([-0.01825716]), array([-0.03242432]), array([-0.00199999])]
2025-12-31 05:28:35,614 [ERROR] (WorkerAgent) [8304] [job-3cb3ed8f167a ERR] 2025-12-31 05:15:42,772 DDP_Script [Rank 0] [INFO] allocation results: [{'shard_pct': 0.5, 'batch_size': 32, 'lr': 0.0009905, 'num_workers': 4}]
2025-12-31 05:28:35,614 [ERROR] (WorkerAgent) [8304] [job-3cb3ed8f167a ERR] 2025-12-31 05:15:42,773 DDP_Script [Rank 0] [INFO] local_alloc: {'shard_pct': 1.0, 'batch_size': 32, 'lr': 0.0009905, 'num_workers': 4}
2025-12-31 05:28:35,614 [ERROR] (WorkerAgent) [8304] [job-3cb3ed8f167a ERR] 2025-12-31 05:15:42,774 DDP_Script [Rank 0] [INFO] Saving checkpoint to ./checkpoints/job-3cb3ed8f167a/latest_checkpoint.pth ...
2025-12-31 05:28:35,614 [ERROR] (WorkerAgent) [8304] [job-3cb3ed8f167a ERR] 2025-12-31 05:15:43,502 DDP_Script [Rank 0] [INFO] Successfully reported epoch 17/20 (Acc: 99.50%) to global server.
2025-12-31 05:28:35,614 [ERROR] (WorkerAgent) [8304] [job-3cb3ed8f167a ERR] 2025-12-31 05:15:43,504 DDP_Script [Rank 0] [INFO] epoch 18 시작
2025-12-31 05:28:35,614 [ERROR] (WorkerAgent) [8304] [job-3cb3ed8f167a ERR] 2025-12-31 05:15:43,521 DDP_Script [Rank 0] [INFO] DataLoader created with batch_size=32, num_workers=4
2025-12-31 05:28:35,614 [ERROR] (WorkerAgent) [8304] [job-3cb3ed8f167a ERR] 2025-12-31 05:15:43,525 DDP_Script [Rank 0] [INFO] 모든 노드 중 max_steps = 1875
2025-12-31 05:28:35,614 [ERROR] (WorkerAgent) [8304] [job-3cb3ed8f167a ERR] 2025-12-31 05:15:43,525 DDP_Script [Rank 0] [INFO] local_steps=1875, global_steps=1875
2025-12-31 05:28:35,614 [ERROR] (WorkerAgent) [8304] [job-3cb3ed8f167a ERR] 2025-12-31 05:19:50,361 DDP_Script [Rank 0] [INFO] epoch 18 train step time: 246.84 seconds
2025-12-31 05:28:35,614 [ERROR] (WorkerAgent) [8304] [job-3cb3ed8f167a ERR] 2025-12-31 05:19:50,362 DDP_Script [Rank 0] [INFO] epoch 18 끝 (local_steps=1875, global_steps=1875)
2025-12-31 05:28:35,614 [ERROR] (WorkerAgent) [8304] [job-3cb3ed8f167a ERR] 2025-12-31 05:19:50,405 httpx [INFO] HTTP Request: POST http://163.180.117.216:8000/report_job_metrics "HTTP/1.1 200 OK"
2025-12-31 05:28:35,614 [ERROR] (WorkerAgent) [8304] [job-3cb3ed8f167a ERR] 2025-12-31 05:19:50,435 httpx [INFO] HTTP Request: POST http://163.180.117.216:8000/report_progress "HTTP/1.1 200 OK"
2025-12-31 05:28:35,615 [ERROR] (WorkerAgent) [8304] [job-3cb3ed8f167a ERR] 2025-12-31 05:20:00,175 DDP_Script [Rank 0] [INFO] val acc 99.52%
2025-12-31 05:28:35,615 [ERROR] (WorkerAgent) [8304] [job-3cb3ed8f167a ERR] 2025-12-31 05:20:00,200 DDP_Script [Rank 0] [INFO] CKF x_filt vector: [array([0.01320933]), array([0.00782224]), array([-2.79716009e-05]), array([-0.00113461]), array([0.03265199]), array([-0.00849113]), array([-0.02653198]), array([-0.01879542])]
2025-12-31 05:28:35,615 [ERROR] (WorkerAgent) [8304] [job-3cb3ed8f167a ERR] 2025-12-31 05:20:00,200 DDP_Script [Rank 0] [INFO] allocation results: [{'shard_pct': 0.5, 'batch_size': 32, 'lr': 0.00099048, 'num_workers': 4}]
2025-12-31 05:28:35,615 [ERROR] (WorkerAgent) [8304] [job-3cb3ed8f167a ERR] 2025-12-31 05:20:00,200 DDP_Script [Rank 0] [INFO] local_alloc: {'shard_pct': 1.0, 'batch_size': 32, 'lr': 0.00099048, 'num_workers': 4}
2025-12-31 05:28:35,615 [ERROR] (WorkerAgent) [8304] [job-3cb3ed8f167a ERR] 2025-12-31 05:20:00,211 DDP_Script [Rank 0] [INFO] Saving checkpoint to ./checkpoints/job-3cb3ed8f167a/latest_checkpoint.pth ...
2025-12-31 05:28:35,615 [ERROR] (WorkerAgent) [8304] [job-3cb3ed8f167a ERR] 2025-12-31 05:20:00,945 DDP_Script [Rank 0] [INFO] Successfully reported epoch 18/20 (Acc: 99.52%) to global server.
2025-12-31 05:28:35,615 [ERROR] (WorkerAgent) [8304] [job-3cb3ed8f167a ERR] 2025-12-31 05:20:00,946 DDP_Script [Rank 0] [INFO] epoch 19 시작
2025-12-31 05:28:35,615 [ERROR] (WorkerAgent) [8304] [job-3cb3ed8f167a ERR] 2025-12-31 05:20:00,965 DDP_Script [Rank 0] [INFO] DataLoader created with batch_size=32, num_workers=4
2025-12-31 05:28:35,615 [ERROR] (WorkerAgent) [8304] [job-3cb3ed8f167a ERR] 2025-12-31 05:20:00,970 DDP_Script [Rank 0] [INFO] 모든 노드 중 max_steps = 1875
2025-12-31 05:28:35,615 [ERROR] (WorkerAgent) [8304] [job-3cb3ed8f167a ERR] 2025-12-31 05:20:00,970 DDP_Script [Rank 0] [INFO] local_steps=1875, global_steps=1875
2025-12-31 05:28:35,615 [ERROR] (WorkerAgent) [8304] [job-3cb3ed8f167a ERR] 2025-12-31 05:24:04,185 DDP_Script [Rank 0] [INFO] epoch 19 train step time: 243.21 seconds
2025-12-31 05:28:35,615 [ERROR] (WorkerAgent) [8304] [job-3cb3ed8f167a ERR] 2025-12-31 05:24:04,186 DDP_Script [Rank 0] [INFO] epoch 19 끝 (local_steps=1875, global_steps=1875)
2025-12-31 05:28:35,615 [ERROR] (WorkerAgent) [8304] [job-3cb3ed8f167a ERR] 2025-12-31 05:24:04,216 httpx [INFO] HTTP Request: POST http://163.180.117.216:8000/report_job_metrics "HTTP/1.1 200 OK"
2025-12-31 05:28:35,615 [ERROR] (WorkerAgent) [8304] [job-3cb3ed8f167a ERR] 2025-12-31 05:24:04,245 httpx [INFO] HTTP Request: POST http://163.180.117.216:8000/report_progress "HTTP/1.1 200 OK"
2025-12-31 05:28:35,615 [ERROR] (WorkerAgent) [8304] [job-3cb3ed8f167a ERR] 2025-12-31 05:24:13,970 DDP_Script [Rank 0] [INFO] val acc 99.45%
2025-12-31 05:28:35,615 [ERROR] (WorkerAgent) [8304] [job-3cb3ed8f167a ERR] 2025-12-31 05:24:13,994 DDP_Script [Rank 0] [INFO] CKF x_filt vector: [array([0.00355038]), array([0.00243763]), array([-0.00433293]), array([-0.0208179]), array([0.01848072]), array([0.01082258]), array([-0.02751503]), array([-0.01584048])]
2025-12-31 05:28:35,615 [ERROR] (WorkerAgent) [8304] [job-3cb3ed8f167a ERR] 2025-12-31 05:24:13,994 DDP_Script [Rank 0] [INFO] allocation results: [{'shard_pct': 0.5, 'batch_size': 32, 'lr': 0.00099055, 'num_workers': 4}]
2025-12-31 05:28:35,615 [ERROR] (WorkerAgent) [8304] [job-3cb3ed8f167a ERR] 2025-12-31 05:24:13,995 DDP_Script [Rank 0] [INFO] local_alloc: {'shard_pct': 1.0, 'batch_size': 32, 'lr': 0.00099055, 'num_workers': 4}
2025-12-31 05:28:35,615 [ERROR] (WorkerAgent) [8304] [job-3cb3ed8f167a ERR] 2025-12-31 05:24:13,997 DDP_Script [Rank 0] [INFO] Saving checkpoint to ./checkpoints/job-3cb3ed8f167a/latest_checkpoint.pth ...
2025-12-31 05:28:35,615 [ERROR] (WorkerAgent) [8304] [job-3cb3ed8f167a ERR] 2025-12-31 05:24:14,726 DDP_Script [Rank 0] [INFO] Successfully reported epoch 19/20 (Acc: 99.45%) to global server.
2025-12-31 05:28:35,616 [ERROR] (WorkerAgent) [8304] [job-3cb3ed8f167a ERR] 2025-12-31 05:24:14,728 DDP_Script [Rank 0] [INFO] epoch 20 시작
2025-12-31 05:28:35,616 [ERROR] (WorkerAgent) [8304] [job-3cb3ed8f167a ERR] 2025-12-31 05:24:14,744 DDP_Script [Rank 0] [INFO] DataLoader created with batch_size=32, num_workers=4
2025-12-31 05:28:35,616 [ERROR] (WorkerAgent) [8304] [job-3cb3ed8f167a ERR] 2025-12-31 05:24:14,749 DDP_Script [Rank 0] [INFO] 모든 노드 중 max_steps = 1875
2025-12-31 05:28:35,616 [ERROR] (WorkerAgent) [8304] [job-3cb3ed8f167a ERR] 2025-12-31 05:24:14,749 DDP_Script [Rank 0] [INFO] local_steps=1875, global_steps=1875
2025-12-31 05:28:35,616 [ERROR] (WorkerAgent) [8304] [job-3cb3ed8f167a ERR] 2025-12-31 05:28:20,117 DDP_Script [Rank 0] [INFO] epoch 20 train step time: 245.37 seconds
2025-12-31 05:28:35,616 [ERROR] (WorkerAgent) [8304] [job-3cb3ed8f167a ERR] 2025-12-31 05:28:20,119 DDP_Script [Rank 0] [INFO] epoch 20 끝 (local_steps=1875, global_steps=1875)
2025-12-31 05:28:35,616 [ERROR] (WorkerAgent) [8304] [job-3cb3ed8f167a ERR] 2025-12-31 05:28:20,158 httpx [INFO] HTTP Request: POST http://163.180.117.216:8000/report_job_metrics "HTTP/1.1 200 OK"
2025-12-31 05:28:35,616 [ERROR] (WorkerAgent) [8304] [job-3cb3ed8f167a ERR] 2025-12-31 05:28:20,187 httpx [INFO] HTTP Request: POST http://163.180.117.216:8000/report_progress "HTTP/1.1 200 OK"
2025-12-31 05:28:35,616 [ERROR] (WorkerAgent) [8304] [job-3cb3ed8f167a ERR] 2025-12-31 05:28:29,906 DDP_Script [Rank 0] [INFO] val acc 99.41%
2025-12-31 05:28:35,616 [ERROR] (WorkerAgent) [8304] [job-3cb3ed8f167a ERR] 2025-12-31 05:28:29,931 DDP_Script [Rank 0] [INFO] CKF x_filt vector: [array([0.00197761]), array([-0.01627394]), array([-0.01549122]), array([-0.00252882]), array([0.00813025]), array([0.02931908]), array([-0.00337324]), array([-0.03074181])]
2025-12-31 05:28:35,616 [ERROR] (WorkerAgent) [8304] [job-3cb3ed8f167a ERR] 2025-12-31 05:28:29,931 DDP_Script [Rank 0] [INFO] allocation results: [{'shard_pct': 0.5, 'batch_size': 32, 'lr': 0.00099059, 'num_workers': 4}]
2025-12-31 05:28:35,616 [ERROR] (WorkerAgent) [8304] [job-3cb3ed8f167a ERR] 2025-12-31 05:28:29,932 DDP_Script [Rank 0] [INFO] local_alloc: {'shard_pct': 1.0, 'batch_size': 32, 'lr': 0.00099059, 'num_workers': 4}
2025-12-31 05:28:35,616 [ERROR] (WorkerAgent) [8304] [job-3cb3ed8f167a ERR] 2025-12-31 05:28:29,955 DDP_Script [Rank 0] [INFO] Saving checkpoint to ./checkpoints/job-3cb3ed8f167a/latest_checkpoint.pth ...
2025-12-31 05:28:35,616 [ERROR] (WorkerAgent) [8304] [job-3cb3ed8f167a ERR] 2025-12-31 05:28:30,857 DDP_Script [Rank 0] [INFO] Successfully reported epoch 20/20 (Acc: 99.41%) to global server.
2025-12-31 05:28:35,616 [ERROR] (WorkerAgent) [8304] [job-3cb3ed8f167a ERR] 2025-12-31 05:28:30,858 DDP_Script [Rank 0] [INFO] Training completed successfully.
2025-12-31 05:28:35,616 [ERROR] (WorkerAgent) [8304] [job-3cb3ed8f167a ERR] 2025-12-31 05:28:30,858 DDP_Script [Rank 0] [INFO] Training loop finished.
2025-12-31 05:28:35,735 [INFO] (WorkerAgent) [8304] [job-3cb3ed8f167a] Process finished. Return Code: 0
2025-12-31 05:28:36,184 [INFO] (WorkerAgent) [8304] [job-79408178af31] Launch Request received.
2025-12-31 05:28:36,193 [INFO] (WorkerAgent) [8304] [job-79408178af31] Launched attempt 1 with STOP_FLAG_PATH=/tmp/job-79408178af31-attempt-1.flag, pid=807639
INFO:     163.180.117.216:50760 - "POST /launch_task HTTP/1.1" 200 OK
2025-12-31 05:28:41,840 [INFO] (WorkerAgent) [8304] [job-79408178af31 OUT] Current CUDA device index: 0
2025-12-31 05:28:41,840 [INFO] (WorkerAgent) [8304] [job-79408178af31 OUT] Current CUDA device name: NVIDIA RTX A5000
2025-12-31 05:28:41,840 [INFO] (WorkerAgent) [8304] [job-79408178af31 OUT] Master address: 163.180.160.62, port: 29545
2025-12-31 05:28:41,846 [INFO] (WorkerAgent) [8304] [job-79408178af31 OUT] [Gloo] Rank 0 is connected to 0 peer ranks. Expected number of connected peer ranks is : 0
2025-12-31 06:54:28,423 [ERROR] (WorkerAgent) [8304] [job-79408178af31 ERR] 2025-12-31 05:28:41,840 DDP_Script [Rank 0] [INFO] Node rank: 0, world size: 1
2025-12-31 06:54:28,424 [ERROR] (WorkerAgent) [8304] [job-79408178af31 ERR] 2025-12-31 05:28:41,846 DDP_Script [Rank 0] [INFO] Process group initialized: 163.180.160.62:29545
2025-12-31 06:54:28,424 [ERROR] (WorkerAgent) [8304] [job-79408178af31 ERR] 2025-12-31 05:28:41,846 DDP_Script [Rank 0] [INFO] Rank 0/1 initialized
2025-12-31 06:54:28,424 [ERROR] (WorkerAgent) [8304] [job-79408178af31 ERR] /data/breath12/anaconda3/envs/Dist2/lib/python3.9/site-packages/torchvision/models/_utils.py:208: UserWarning: The parameter 'pretrained' is deprecated since 0.13 and may be removed in the future, please use 'weights' instead.
2025-12-31 06:54:28,424 [ERROR] (WorkerAgent) [8304] [job-79408178af31 ERR]   warnings.warn(
2025-12-31 06:54:28,424 [ERROR] (WorkerAgent) [8304] [job-79408178af31 ERR] /data/breath12/anaconda3/envs/Dist2/lib/python3.9/site-packages/torchvision/models/_utils.py:223: UserWarning: Arguments other than a weight enum or `None` for 'weights' are deprecated since 0.13 and may be removed in the future. The current behavior is equivalent to passing `weights=None`.
2025-12-31 06:54:28,424 [ERROR] (WorkerAgent) [8304] [job-79408178af31 ERR]   warnings.warn(msg)
2025-12-31 06:54:28,424 [ERROR] (WorkerAgent) [8304] [job-79408178af31 ERR] 2025-12-31 05:28:42,345 DDP_Script [Rank 0] [INFO] Model, DDP, criterion, optimizer initialized
2025-12-31 06:54:28,424 [ERROR] (WorkerAgent) [8304] [job-79408178af31 ERR] 2025-12-31 05:28:42,379 DDP_Script [Rank 0] [INFO] Modules initialized
2025-12-31 06:54:28,424 [ERROR] (WorkerAgent) [8304] [job-79408178af31 ERR] 2025-12-31 05:28:42,381 DDP_Script [Rank 0] [INFO] Checkpoint directory created: ./checkpoints/job-79408178af31
2025-12-31 06:54:28,424 [ERROR] (WorkerAgent) [8304] [job-79408178af31 ERR] 2025-12-31 05:28:42,381 DDP_Script [Rank 0] [INFO] Starting training from scratch (epoch 1).
2025-12-31 06:54:28,424 [ERROR] (WorkerAgent) [8304] [job-79408178af31 ERR] 2025-12-31 05:28:42,382 DDP_Script [Rank 0] [INFO] epoch 1 시작
2025-12-31 06:54:28,425 [ERROR] (WorkerAgent) [8304] [job-79408178af31 ERR] 2025-12-31 05:28:42,416 DDP_Script [Rank 0] [INFO] DataLoader created with batch_size=32, num_workers=4
2025-12-31 06:54:28,425 [ERROR] (WorkerAgent) [8304] [job-79408178af31 ERR] 2025-12-31 05:28:42,419 DDP_Script [Rank 0] [INFO] 모든 노드 중 max_steps = 1875
2025-12-31 06:54:28,425 [ERROR] (WorkerAgent) [8304] [job-79408178af31 ERR] 2025-12-31 05:28:42,420 DDP_Script [Rank 0] [INFO] local_steps=1875, global_steps=1875
2025-12-31 06:54:28,425 [ERROR] (WorkerAgent) [8304] [job-79408178af31 ERR] 2025-12-31 05:32:52,784 DDP_Script [Rank 0] [INFO] epoch 1 train step time: 250.36 seconds
2025-12-31 06:54:28,425 [ERROR] (WorkerAgent) [8304] [job-79408178af31 ERR] 2025-12-31 05:32:52,786 DDP_Script [Rank 0] [INFO] epoch 1 끝 (local_steps=1875, global_steps=1875)
2025-12-31 06:54:28,425 [ERROR] (WorkerAgent) [8304] [job-79408178af31 ERR] 2025-12-31 05:32:52,935 httpx [INFO] HTTP Request: POST http://163.180.117.216:8000/report_job_metrics "HTTP/1.1 200 OK"
2025-12-31 06:54:28,425 [ERROR] (WorkerAgent) [8304] [job-79408178af31 ERR] 2025-12-31 05:32:52,965 httpx [INFO] HTTP Request: POST http://163.180.117.216:8000/report_progress "HTTP/1.1 200 OK"
2025-12-31 06:54:28,425 [ERROR] (WorkerAgent) [8304] [job-79408178af31 ERR] 2025-12-31 05:33:02,767 DDP_Script [Rank 0] [INFO] val acc 98.65%
2025-12-31 06:54:28,425 [ERROR] (WorkerAgent) [8304] [job-79408178af31 ERR] 2025-12-31 05:33:02,791 DDP_Script [Rank 0] [INFO] CKF x_filt vector: [array([-0.02351386]), array([0.00669827]), array([0.01018693]), array([-0.0077991]), array([0.00527238]), array([0.00869169]), array([-0.00055102]), array([-0.01004344])]
2025-12-31 06:54:28,425 [ERROR] (WorkerAgent) [8304] [job-79408178af31 ERR] 2025-12-31 05:33:02,792 DDP_Script [Rank 0] [INFO] allocation results: [{'shard_pct': 0.5, 'batch_size': 32, 'lr': 0.00099135, 'num_workers': 4}]
2025-12-31 06:54:28,425 [ERROR] (WorkerAgent) [8304] [job-79408178af31 ERR] 2025-12-31 05:33:02,792 DDP_Script [Rank 0] [INFO] local_alloc: {'shard_pct': 1.0, 'batch_size': 32, 'lr': 0.00099135, 'num_workers': 4}
2025-12-31 06:54:28,425 [ERROR] (WorkerAgent) [8304] [job-79408178af31 ERR] 2025-12-31 05:33:02,795 DDP_Script [Rank 0] [INFO] Saving checkpoint to ./checkpoints/job-79408178af31/latest_checkpoint.pth ...
2025-12-31 06:54:28,425 [ERROR] (WorkerAgent) [8304] [job-79408178af31 ERR] 2025-12-31 05:33:03,710 DDP_Script [Rank 0] [INFO] Successfully reported epoch 1/20 (Acc: 98.65%) to global server.
2025-12-31 06:54:28,425 [ERROR] (WorkerAgent) [8304] [job-79408178af31 ERR] 2025-12-31 05:33:03,711 DDP_Script [Rank 0] [INFO] epoch 2 시작
2025-12-31 06:54:28,425 [ERROR] (WorkerAgent) [8304] [job-79408178af31 ERR] 2025-12-31 05:33:03,724 DDP_Script [Rank 0] [INFO] DataLoader created with batch_size=32, num_workers=4
2025-12-31 06:54:28,425 [ERROR] (WorkerAgent) [8304] [job-79408178af31 ERR] 2025-12-31 05:33:03,728 DDP_Script [Rank 0] [INFO] 모든 노드 중 max_steps = 1875
2025-12-31 06:54:28,425 [ERROR] (WorkerAgent) [8304] [job-79408178af31 ERR] 2025-12-31 05:33:03,728 DDP_Script [Rank 0] [INFO] local_steps=1875, global_steps=1875
2025-12-31 06:54:28,425 [ERROR] (WorkerAgent) [8304] [job-79408178af31 ERR] 2025-12-31 05:37:07,132 DDP_Script [Rank 0] [INFO] epoch 2 train step time: 243.40 seconds
2025-12-31 06:54:28,425 [ERROR] (WorkerAgent) [8304] [job-79408178af31 ERR] 2025-12-31 05:37:07,134 DDP_Script [Rank 0] [INFO] epoch 2 끝 (local_steps=1875, global_steps=1875)
2025-12-31 06:54:28,426 [ERROR] (WorkerAgent) [8304] [job-79408178af31 ERR] 2025-12-31 05:37:07,176 httpx [INFO] HTTP Request: POST http://163.180.117.216:8000/report_job_metrics "HTTP/1.1 200 OK"
2025-12-31 06:54:28,426 [ERROR] (WorkerAgent) [8304] [job-79408178af31 ERR] 2025-12-31 05:37:07,205 httpx [INFO] HTTP Request: POST http://163.180.117.216:8000/report_progress "HTTP/1.1 200 OK"
2025-12-31 06:54:28,426 [ERROR] (WorkerAgent) [8304] [job-79408178af31 ERR] 2025-12-31 05:37:16,913 DDP_Script [Rank 0] [INFO] val acc 98.20%
2025-12-31 06:54:28,426 [ERROR] (WorkerAgent) [8304] [job-79408178af31 ERR] 2025-12-31 05:37:16,937 DDP_Script [Rank 0] [INFO] CKF x_filt vector: [array([-0.0104437]), array([-0.00532053]), array([-0.00732341]), array([0.00662541]), array([-0.00887406]), array([-0.00640554]), array([-0.01732885]), array([-0.03564153])]
2025-12-31 06:54:28,426 [ERROR] (WorkerAgent) [8304] [job-79408178af31 ERR] 2025-12-31 05:37:16,937 DDP_Script [Rank 0] [INFO] allocation results: [{'shard_pct': 0.5, 'batch_size': 32, 'lr': 0.0009918, 'num_workers': 4}]
2025-12-31 06:54:28,426 [ERROR] (WorkerAgent) [8304] [job-79408178af31 ERR] 2025-12-31 05:37:16,937 DDP_Script [Rank 0] [INFO] local_alloc: {'shard_pct': 1.0, 'batch_size': 32, 'lr': 0.0009918, 'num_workers': 4}
2025-12-31 06:54:28,426 [ERROR] (WorkerAgent) [8304] [job-79408178af31 ERR] 2025-12-31 05:37:16,959 DDP_Script [Rank 0] [INFO] Saving checkpoint to ./checkpoints/job-79408178af31/latest_checkpoint.pth ...
2025-12-31 06:54:28,426 [ERROR] (WorkerAgent) [8304] [job-79408178af31 ERR] 2025-12-31 05:37:17,744 DDP_Script [Rank 0] [INFO] Successfully reported epoch 2/20 (Acc: 98.20%) to global server.
2025-12-31 06:54:28,426 [ERROR] (WorkerAgent) [8304] [job-79408178af31 ERR] 2025-12-31 05:37:17,745 DDP_Script [Rank 0] [INFO] epoch 3 시작
2025-12-31 06:54:28,426 [ERROR] (WorkerAgent) [8304] [job-79408178af31 ERR] 2025-12-31 05:37:17,763 DDP_Script [Rank 0] [INFO] DataLoader created with batch_size=32, num_workers=4
2025-12-31 06:54:28,426 [ERROR] (WorkerAgent) [8304] [job-79408178af31 ERR] 2025-12-31 05:37:17,768 DDP_Script [Rank 0] [INFO] 모든 노드 중 max_steps = 1875
2025-12-31 06:54:28,426 [ERROR] (WorkerAgent) [8304] [job-79408178af31 ERR] 2025-12-31 05:37:17,769 DDP_Script [Rank 0] [INFO] local_steps=1875, global_steps=1875
2025-12-31 06:54:28,426 [ERROR] (WorkerAgent) [8304] [job-79408178af31 ERR] 2025-12-31 05:41:24,821 DDP_Script [Rank 0] [INFO] epoch 3 train step time: 247.05 seconds
2025-12-31 06:54:28,426 [ERROR] (WorkerAgent) [8304] [job-79408178af31 ERR] 2025-12-31 05:41:24,823 DDP_Script [Rank 0] [INFO] epoch 3 끝 (local_steps=1875, global_steps=1875)
2025-12-31 06:54:28,426 [ERROR] (WorkerAgent) [8304] [job-79408178af31 ERR] 2025-12-31 05:41:24,863 httpx [INFO] HTTP Request: POST http://163.180.117.216:8000/report_job_metrics "HTTP/1.1 200 OK"
2025-12-31 06:54:28,426 [ERROR] (WorkerAgent) [8304] [job-79408178af31 ERR] 2025-12-31 05:41:24,892 httpx [INFO] HTTP Request: POST http://163.180.117.216:8000/report_progress "HTTP/1.1 200 OK"
2025-12-31 06:54:28,426 [ERROR] (WorkerAgent) [8304] [job-79408178af31 ERR] 2025-12-31 05:41:34,510 DDP_Script [Rank 0] [INFO] val acc 99.26%
2025-12-31 06:54:28,426 [ERROR] (WorkerAgent) [8304] [job-79408178af31 ERR] 2025-12-31 05:41:34,536 DDP_Script [Rank 0] [INFO] CKF x_filt vector: [array([-0.02531797]), array([-0.00837085]), array([0.00612793]), array([-0.0168648]), array([0.01680909]), array([-0.01520154]), array([-0.0104396]), array([-0.00435315])]
2025-12-31 06:54:28,426 [ERROR] (WorkerAgent) [8304] [job-79408178af31 ERR] 2025-12-31 05:41:34,536 DDP_Script [Rank 0] [INFO] allocation results: [{'shard_pct': 0.5, 'batch_size': 32, 'lr': 0.00099074, 'num_workers': 4}]
2025-12-31 06:54:28,426 [ERROR] (WorkerAgent) [8304] [job-79408178af31 ERR] 2025-12-31 05:41:34,537 DDP_Script [Rank 0] [INFO] local_alloc: {'shard_pct': 1.0, 'batch_size': 32, 'lr': 0.00099074, 'num_workers': 4}
2025-12-31 06:54:28,427 [ERROR] (WorkerAgent) [8304] [job-79408178af31 ERR] 2025-12-31 05:41:34,560 DDP_Script [Rank 0] [INFO] Saving checkpoint to ./checkpoints/job-79408178af31/latest_checkpoint.pth ...
2025-12-31 06:54:28,427 [ERROR] (WorkerAgent) [8304] [job-79408178af31 ERR] 2025-12-31 05:41:35,473 DDP_Script [Rank 0] [INFO] Successfully reported epoch 3/20 (Acc: 99.26%) to global server.
2025-12-31 06:54:28,427 [ERROR] (WorkerAgent) [8304] [job-79408178af31 ERR] 2025-12-31 05:41:35,474 DDP_Script [Rank 0] [INFO] epoch 4 시작
2025-12-31 06:54:28,427 [ERROR] (WorkerAgent) [8304] [job-79408178af31 ERR] 2025-12-31 05:41:35,495 DDP_Script [Rank 0] [INFO] DataLoader created with batch_size=32, num_workers=4
2025-12-31 06:54:28,427 [ERROR] (WorkerAgent) [8304] [job-79408178af31 ERR] 2025-12-31 05:41:35,499 DDP_Script [Rank 0] [INFO] 모든 노드 중 max_steps = 1875
2025-12-31 06:54:28,427 [ERROR] (WorkerAgent) [8304] [job-79408178af31 ERR] 2025-12-31 05:41:35,499 DDP_Script [Rank 0] [INFO] local_steps=1875, global_steps=1875
2025-12-31 06:54:28,427 [ERROR] (WorkerAgent) [8304] [job-79408178af31 ERR] 2025-12-31 05:45:45,712 DDP_Script [Rank 0] [INFO] epoch 4 train step time: 250.21 seconds
2025-12-31 06:54:28,427 [ERROR] (WorkerAgent) [8304] [job-79408178af31 ERR] 2025-12-31 05:45:45,713 DDP_Script [Rank 0] [INFO] epoch 4 끝 (local_steps=1875, global_steps=1875)
2025-12-31 06:54:28,427 [ERROR] (WorkerAgent) [8304] [job-79408178af31 ERR] 2025-12-31 05:45:45,743 httpx [INFO] HTTP Request: POST http://163.180.117.216:8000/report_job_metrics "HTTP/1.1 200 OK"
2025-12-31 06:54:28,427 [ERROR] (WorkerAgent) [8304] [job-79408178af31 ERR] 2025-12-31 05:45:45,772 httpx [INFO] HTTP Request: POST http://163.180.117.216:8000/report_progress "HTTP/1.1 200 OK"
2025-12-31 06:54:28,427 [ERROR] (WorkerAgent) [8304] [job-79408178af31 ERR] 2025-12-31 05:45:55,364 DDP_Script [Rank 0] [INFO] val acc 98.21%
2025-12-31 06:54:28,427 [ERROR] (WorkerAgent) [8304] [job-79408178af31 ERR] 2025-12-31 05:45:55,389 DDP_Script [Rank 0] [INFO] CKF x_filt vector: [array([0.05086468]), array([-0.00870255]), array([0.01668781]), array([-0.01223676]), array([-0.00232666]), array([0.02239226]), array([-0.02884664]), array([0.00035924])]
2025-12-31 06:54:28,427 [ERROR] (WorkerAgent) [8304] [job-79408178af31 ERR] 2025-12-31 05:45:55,389 DDP_Script [Rank 0] [INFO] allocation results: [{'shard_pct': 0.5, 'batch_size': 32, 'lr': 0.00099179, 'num_workers': 4}]
2025-12-31 06:54:28,427 [ERROR] (WorkerAgent) [8304] [job-79408178af31 ERR] 2025-12-31 05:45:55,389 DDP_Script [Rank 0] [INFO] local_alloc: {'shard_pct': 1.0, 'batch_size': 32, 'lr': 0.00099179, 'num_workers': 4}
2025-12-31 06:54:28,427 [ERROR] (WorkerAgent) [8304] [job-79408178af31 ERR] 2025-12-31 05:45:55,404 DDP_Script [Rank 0] [INFO] Saving checkpoint to ./checkpoints/job-79408178af31/latest_checkpoint.pth ...
2025-12-31 06:54:28,427 [ERROR] (WorkerAgent) [8304] [job-79408178af31 ERR] 2025-12-31 05:45:56,183 DDP_Script [Rank 0] [INFO] Successfully reported epoch 4/20 (Acc: 98.21%) to global server.
2025-12-31 06:54:28,427 [ERROR] (WorkerAgent) [8304] [job-79408178af31 ERR] 2025-12-31 05:45:56,184 DDP_Script [Rank 0] [INFO] epoch 5 시작
2025-12-31 06:54:28,427 [ERROR] (WorkerAgent) [8304] [job-79408178af31 ERR] 2025-12-31 05:45:56,206 DDP_Script [Rank 0] [INFO] DataLoader created with batch_size=32, num_workers=4
2025-12-31 06:54:28,427 [ERROR] (WorkerAgent) [8304] [job-79408178af31 ERR] 2025-12-31 05:45:56,210 DDP_Script [Rank 0] [INFO] 모든 노드 중 max_steps = 1875
2025-12-31 06:54:28,427 [ERROR] (WorkerAgent) [8304] [job-79408178af31 ERR] 2025-12-31 05:45:56,210 DDP_Script [Rank 0] [INFO] local_steps=1875, global_steps=1875
2025-12-31 06:54:28,428 [ERROR] (WorkerAgent) [8304] [job-79408178af31 ERR] 2025-12-31 05:50:05,253 DDP_Script [Rank 0] [INFO] epoch 5 train step time: 249.04 seconds
2025-12-31 06:54:28,428 [ERROR] (WorkerAgent) [8304] [job-79408178af31 ERR] 2025-12-31 05:50:05,254 DDP_Script [Rank 0] [INFO] epoch 5 끝 (local_steps=1875, global_steps=1875)
2025-12-31 06:54:28,428 [ERROR] (WorkerAgent) [8304] [job-79408178af31 ERR] 2025-12-31 05:50:05,331 httpx [INFO] HTTP Request: POST http://163.180.117.216:8000/report_job_metrics "HTTP/1.1 200 OK"
2025-12-31 06:54:28,428 [ERROR] (WorkerAgent) [8304] [job-79408178af31 ERR] 2025-12-31 05:50:05,395 httpx [INFO] HTTP Request: POST http://163.180.117.216:8000/report_progress "HTTP/1.1 200 OK"
2025-12-31 06:54:28,428 [ERROR] (WorkerAgent) [8304] [job-79408178af31 ERR] 2025-12-31 05:50:14,936 DDP_Script [Rank 0] [INFO] val acc 98.75%
2025-12-31 06:54:28,428 [ERROR] (WorkerAgent) [8304] [job-79408178af31 ERR] 2025-12-31 05:50:14,961 DDP_Script [Rank 0] [INFO] CKF x_filt vector: [array([0.0350291]), array([-0.01689833]), array([0.01219298]), array([-0.00653065]), array([-0.01740347]), array([0.02199162]), array([-0.0052421]), array([-0.00815831])]
2025-12-31 06:54:28,428 [ERROR] (WorkerAgent) [8304] [job-79408178af31 ERR] 2025-12-31 05:50:14,961 DDP_Script [Rank 0] [INFO] allocation results: [{'shard_pct': 0.5, 'batch_size': 32, 'lr': 0.00099125, 'num_workers': 4}]
2025-12-31 06:54:28,428 [ERROR] (WorkerAgent) [8304] [job-79408178af31 ERR] 2025-12-31 05:50:14,962 DDP_Script [Rank 0] [INFO] local_alloc: {'shard_pct': 1.0, 'batch_size': 32, 'lr': 0.00099125, 'num_workers': 4}
2025-12-31 06:54:28,428 [ERROR] (WorkerAgent) [8304] [job-79408178af31 ERR] 2025-12-31 05:50:14,964 DDP_Script [Rank 0] [INFO] Saving checkpoint to ./checkpoints/job-79408178af31/latest_checkpoint.pth ...
2025-12-31 06:54:28,428 [ERROR] (WorkerAgent) [8304] [job-79408178af31 ERR] 2025-12-31 05:50:15,771 DDP_Script [Rank 0] [INFO] Successfully reported epoch 5/20 (Acc: 98.75%) to global server.
2025-12-31 06:54:28,428 [ERROR] (WorkerAgent) [8304] [job-79408178af31 ERR] 2025-12-31 05:50:15,772 DDP_Script [Rank 0] [INFO] epoch 6 시작
2025-12-31 06:54:28,428 [ERROR] (WorkerAgent) [8304] [job-79408178af31 ERR] 2025-12-31 05:50:15,799 DDP_Script [Rank 0] [INFO] DataLoader created with batch_size=32, num_workers=4
2025-12-31 06:54:28,428 [ERROR] (WorkerAgent) [8304] [job-79408178af31 ERR] 2025-12-31 05:50:15,803 DDP_Script [Rank 0] [INFO] 모든 노드 중 max_steps = 1875
2025-12-31 06:54:28,428 [ERROR] (WorkerAgent) [8304] [job-79408178af31 ERR] 2025-12-31 05:50:15,803 DDP_Script [Rank 0] [INFO] local_steps=1875, global_steps=1875
2025-12-31 06:54:28,428 [ERROR] (WorkerAgent) [8304] [job-79408178af31 ERR] 2025-12-31 05:54:21,905 DDP_Script [Rank 0] [INFO] epoch 6 train step time: 246.10 seconds
2025-12-31 06:54:28,428 [ERROR] (WorkerAgent) [8304] [job-79408178af31 ERR] 2025-12-31 05:54:21,906 DDP_Script [Rank 0] [INFO] epoch 6 끝 (local_steps=1875, global_steps=1875)
2025-12-31 06:54:28,428 [ERROR] (WorkerAgent) [8304] [job-79408178af31 ERR] 2025-12-31 05:54:21,935 httpx [INFO] HTTP Request: POST http://163.180.117.216:8000/report_job_metrics "HTTP/1.1 200 OK"
2025-12-31 06:54:28,428 [ERROR] (WorkerAgent) [8304] [job-79408178af31 ERR] 2025-12-31 05:54:21,965 httpx [INFO] HTTP Request: POST http://163.180.117.216:8000/report_progress "HTTP/1.1 200 OK"
2025-12-31 06:54:28,428 [ERROR] (WorkerAgent) [8304] [job-79408178af31 ERR] 2025-12-31 05:54:31,548 DDP_Script [Rank 0] [INFO] val acc 98.65%
2025-12-31 06:54:28,429 [ERROR] (WorkerAgent) [8304] [job-79408178af31 ERR] 2025-12-31 05:54:31,574 DDP_Script [Rank 0] [INFO] CKF x_filt vector: [array([0.01190639]), array([-0.00916005]), array([0.03673341]), array([0.00255648]), array([-0.01224055]), array([0.00676012]), array([-0.00995794]), array([-0.00624065])]
2025-12-31 06:54:28,429 [ERROR] (WorkerAgent) [8304] [job-79408178af31 ERR] 2025-12-31 05:54:31,574 DDP_Script [Rank 0] [INFO] allocation results: [{'shard_pct': 0.5, 'batch_size': 32, 'lr': 0.00099135, 'num_workers': 4}]
2025-12-31 06:54:28,429 [ERROR] (WorkerAgent) [8304] [job-79408178af31 ERR] 2025-12-31 05:54:31,575 DDP_Script [Rank 0] [INFO] local_alloc: {'shard_pct': 1.0, 'batch_size': 32, 'lr': 0.00099135, 'num_workers': 4}
2025-12-31 06:54:28,429 [ERROR] (WorkerAgent) [8304] [job-79408178af31 ERR] 2025-12-31 05:54:31,577 DDP_Script [Rank 0] [INFO] Saving checkpoint to ./checkpoints/job-79408178af31/latest_checkpoint.pth ...
2025-12-31 06:54:28,429 [ERROR] (WorkerAgent) [8304] [job-79408178af31 ERR] 2025-12-31 05:54:32,289 DDP_Script [Rank 0] [INFO] Successfully reported epoch 6/20 (Acc: 98.65%) to global server.
2025-12-31 06:54:28,429 [ERROR] (WorkerAgent) [8304] [job-79408178af31 ERR] 2025-12-31 05:54:32,290 DDP_Script [Rank 0] [INFO] epoch 7 시작
2025-12-31 06:54:28,429 [ERROR] (WorkerAgent) [8304] [job-79408178af31 ERR] 2025-12-31 05:54:32,305 DDP_Script [Rank 0] [INFO] DataLoader created with batch_size=32, num_workers=4
2025-12-31 06:54:28,429 [ERROR] (WorkerAgent) [8304] [job-79408178af31 ERR] 2025-12-31 05:54:32,310 DDP_Script [Rank 0] [INFO] 모든 노드 중 max_steps = 1875
2025-12-31 06:54:28,429 [ERROR] (WorkerAgent) [8304] [job-79408178af31 ERR] 2025-12-31 05:54:32,310 DDP_Script [Rank 0] [INFO] local_steps=1875, global_steps=1875
2025-12-31 06:54:28,429 [ERROR] (WorkerAgent) [8304] [job-79408178af31 ERR] 2025-12-31 05:58:38,538 DDP_Script [Rank 0] [INFO] epoch 7 train step time: 246.23 seconds
2025-12-31 06:54:28,429 [ERROR] (WorkerAgent) [8304] [job-79408178af31 ERR] 2025-12-31 05:58:38,539 DDP_Script [Rank 0] [INFO] epoch 7 끝 (local_steps=1875, global_steps=1875)
2025-12-31 06:54:28,429 [ERROR] (WorkerAgent) [8304] [job-79408178af31 ERR] 2025-12-31 05:58:38,579 httpx [INFO] HTTP Request: POST http://163.180.117.216:8000/report_job_metrics "HTTP/1.1 200 OK"
2025-12-31 06:54:28,429 [ERROR] (WorkerAgent) [8304] [job-79408178af31 ERR] 2025-12-31 05:58:38,608 httpx [INFO] HTTP Request: POST http://163.180.117.216:8000/report_progress "HTTP/1.1 200 OK"
2025-12-31 06:54:28,429 [ERROR] (WorkerAgent) [8304] [job-79408178af31 ERR] 2025-12-31 05:58:48,186 DDP_Script [Rank 0] [INFO] val acc 99.26%
2025-12-31 06:54:28,429 [ERROR] (WorkerAgent) [8304] [job-79408178af31 ERR] 2025-12-31 05:58:48,212 DDP_Script [Rank 0] [INFO] CKF x_filt vector: [array([0.02053357]), array([-0.00721974]), array([0.03593998]), array([0.01840294]), array([0.00511779]), array([-0.02281417]), array([0.02183549]), array([0.01021268])]
2025-12-31 06:54:28,429 [ERROR] (WorkerAgent) [8304] [job-79408178af31 ERR] 2025-12-31 05:58:48,212 DDP_Script [Rank 0] [INFO] allocation results: [{'shard_pct': 0.5, 'batch_size': 32, 'lr': 0.00099074, 'num_workers': 4}]
2025-12-31 06:54:28,429 [ERROR] (WorkerAgent) [8304] [job-79408178af31 ERR] 2025-12-31 05:58:48,213 DDP_Script [Rank 0] [INFO] local_alloc: {'shard_pct': 1.0, 'batch_size': 32, 'lr': 0.00099074, 'num_workers': 4}
2025-12-31 06:54:28,429 [ERROR] (WorkerAgent) [8304] [job-79408178af31 ERR] 2025-12-31 05:58:48,227 DDP_Script [Rank 0] [INFO] Saving checkpoint to ./checkpoints/job-79408178af31/latest_checkpoint.pth ...
2025-12-31 06:54:28,429 [ERROR] (WorkerAgent) [8304] [job-79408178af31 ERR] 2025-12-31 05:58:48,983 DDP_Script [Rank 0] [INFO] Successfully reported epoch 7/20 (Acc: 99.26%) to global server.
2025-12-31 06:54:28,429 [ERROR] (WorkerAgent) [8304] [job-79408178af31 ERR] 2025-12-31 05:58:48,984 DDP_Script [Rank 0] [INFO] epoch 8 시작
2025-12-31 06:54:28,430 [ERROR] (WorkerAgent) [8304] [job-79408178af31 ERR] 2025-12-31 05:58:49,002 DDP_Script [Rank 0] [INFO] DataLoader created with batch_size=32, num_workers=4
2025-12-31 06:54:28,430 [ERROR] (WorkerAgent) [8304] [job-79408178af31 ERR] 2025-12-31 05:58:49,007 DDP_Script [Rank 0] [INFO] 모든 노드 중 max_steps = 1875
2025-12-31 06:54:28,430 [ERROR] (WorkerAgent) [8304] [job-79408178af31 ERR] 2025-12-31 05:58:49,007 DDP_Script [Rank 0] [INFO] local_steps=1875, global_steps=1875
2025-12-31 06:54:28,430 [ERROR] (WorkerAgent) [8304] [job-79408178af31 ERR] 2025-12-31 06:02:51,954 DDP_Script [Rank 0] [INFO] epoch 8 train step time: 242.95 seconds
2025-12-31 06:54:28,430 [ERROR] (WorkerAgent) [8304] [job-79408178af31 ERR] 2025-12-31 06:02:51,955 DDP_Script [Rank 0] [INFO] epoch 8 끝 (local_steps=1875, global_steps=1875)
2025-12-31 06:54:28,430 [ERROR] (WorkerAgent) [8304] [job-79408178af31 ERR] 2025-12-31 06:02:51,986 httpx [INFO] HTTP Request: POST http://163.180.117.216:8000/report_job_metrics "HTTP/1.1 200 OK"
2025-12-31 06:54:28,430 [ERROR] (WorkerAgent) [8304] [job-79408178af31 ERR] 2025-12-31 06:02:52,015 httpx [INFO] HTTP Request: POST http://163.180.117.216:8000/report_progress "HTTP/1.1 200 OK"
2025-12-31 06:54:28,430 [ERROR] (WorkerAgent) [8304] [job-79408178af31 ERR] 2025-12-31 06:03:01,600 DDP_Script [Rank 0] [INFO] val acc 99.33%
2025-12-31 06:54:28,430 [ERROR] (WorkerAgent) [8304] [job-79408178af31 ERR] 2025-12-31 06:03:01,624 DDP_Script [Rank 0] [INFO] CKF x_filt vector: [array([0.006699]), array([0.00073766]), array([-0.00220818]), array([-0.00720224]), array([-0.01477281]), array([-0.01653414]), array([0.01083547]), array([0.01272741])]
2025-12-31 06:54:28,430 [ERROR] (WorkerAgent) [8304] [job-79408178af31 ERR] 2025-12-31 06:03:01,624 DDP_Script [Rank 0] [INFO] allocation results: [{'shard_pct': 0.5, 'batch_size': 32, 'lr': 0.0009906700000000001, 'num_workers': 4}]
2025-12-31 06:54:28,430 [ERROR] (WorkerAgent) [8304] [job-79408178af31 ERR] 2025-12-31 06:03:01,625 DDP_Script [Rank 0] [INFO] local_alloc: {'shard_pct': 1.0, 'batch_size': 32, 'lr': 0.0009906700000000001, 'num_workers': 4}
2025-12-31 06:54:28,430 [ERROR] (WorkerAgent) [8304] [job-79408178af31 ERR] 2025-12-31 06:03:01,628 DDP_Script [Rank 0] [INFO] Saving checkpoint to ./checkpoints/job-79408178af31/latest_checkpoint.pth ...
2025-12-31 06:54:28,430 [ERROR] (WorkerAgent) [8304] [job-79408178af31 ERR] 2025-12-31 06:03:02,404 DDP_Script [Rank 0] [INFO] Successfully reported epoch 8/20 (Acc: 99.33%) to global server.
2025-12-31 06:54:28,430 [ERROR] (WorkerAgent) [8304] [job-79408178af31 ERR] 2025-12-31 06:03:02,405 DDP_Script [Rank 0] [INFO] epoch 9 시작
2025-12-31 06:54:28,430 [ERROR] (WorkerAgent) [8304] [job-79408178af31 ERR] 2025-12-31 06:03:02,420 DDP_Script [Rank 0] [INFO] DataLoader created with batch_size=32, num_workers=4
2025-12-31 06:54:28,430 [ERROR] (WorkerAgent) [8304] [job-79408178af31 ERR] 2025-12-31 06:03:02,424 DDP_Script [Rank 0] [INFO] 모든 노드 중 max_steps = 1875
2025-12-31 06:54:28,430 [ERROR] (WorkerAgent) [8304] [job-79408178af31 ERR] 2025-12-31 06:03:02,425 DDP_Script [Rank 0] [INFO] local_steps=1875, global_steps=1875
2025-12-31 06:54:28,430 [ERROR] (WorkerAgent) [8304] [job-79408178af31 ERR] 2025-12-31 06:07:05,127 DDP_Script [Rank 0] [INFO] epoch 9 train step time: 242.70 seconds
2025-12-31 06:54:28,430 [ERROR] (WorkerAgent) [8304] [job-79408178af31 ERR] 2025-12-31 06:07:05,129 DDP_Script [Rank 0] [INFO] epoch 9 끝 (local_steps=1875, global_steps=1875)
2025-12-31 06:54:28,430 [ERROR] (WorkerAgent) [8304] [job-79408178af31 ERR] 2025-12-31 06:07:05,169 httpx [INFO] HTTP Request: POST http://163.180.117.216:8000/report_job_metrics "HTTP/1.1 200 OK"
2025-12-31 06:54:28,430 [ERROR] (WorkerAgent) [8304] [job-79408178af31 ERR] 2025-12-31 06:07:05,197 httpx [INFO] HTTP Request: POST http://163.180.117.216:8000/report_progress "HTTP/1.1 200 OK"
2025-12-31 06:54:28,431 [ERROR] (WorkerAgent) [8304] [job-79408178af31 ERR] 2025-12-31 06:07:14,779 DDP_Script [Rank 0] [INFO] val acc 99.54%
2025-12-31 06:54:28,431 [ERROR] (WorkerAgent) [8304] [job-79408178af31 ERR] 2025-12-31 06:07:14,805 DDP_Script [Rank 0] [INFO] CKF x_filt vector: [array([0.02899308]), array([-0.00061285]), array([0.00149671]), array([0.01069203]), array([0.01257425]), array([-0.0011249]), array([0.02903356]), array([-0.0217641])]
2025-12-31 06:54:28,431 [ERROR] (WorkerAgent) [8304] [job-79408178af31 ERR] 2025-12-31 06:07:14,806 DDP_Script [Rank 0] [INFO] allocation results: [{'shard_pct': 0.5, 'batch_size': 32, 'lr': 0.00099046, 'num_workers': 4}]
2025-12-31 06:54:28,431 [ERROR] (WorkerAgent) [8304] [job-79408178af31 ERR] 2025-12-31 06:07:14,806 DDP_Script [Rank 0] [INFO] local_alloc: {'shard_pct': 1.0, 'batch_size': 32, 'lr': 0.00099046, 'num_workers': 4}
2025-12-31 06:54:28,431 [ERROR] (WorkerAgent) [8304] [job-79408178af31 ERR] 2025-12-31 06:07:14,808 DDP_Script [Rank 0] [INFO] Saving checkpoint to ./checkpoints/job-79408178af31/latest_checkpoint.pth ...
2025-12-31 06:54:28,431 [ERROR] (WorkerAgent) [8304] [job-79408178af31 ERR] 2025-12-31 06:07:15,526 DDP_Script [Rank 0] [INFO] Successfully reported epoch 9/20 (Acc: 99.54%) to global server.
2025-12-31 06:54:28,431 [ERROR] (WorkerAgent) [8304] [job-79408178af31 ERR] 2025-12-31 06:07:15,527 DDP_Script [Rank 0] [INFO] epoch 10 시작
2025-12-31 06:54:28,431 [ERROR] (WorkerAgent) [8304] [job-79408178af31 ERR] 2025-12-31 06:07:15,544 DDP_Script [Rank 0] [INFO] DataLoader created with batch_size=32, num_workers=4
2025-12-31 06:54:28,431 [ERROR] (WorkerAgent) [8304] [job-79408178af31 ERR] 2025-12-31 06:07:15,549 DDP_Script [Rank 0] [INFO] 모든 노드 중 max_steps = 1875
2025-12-31 06:54:28,431 [ERROR] (WorkerAgent) [8304] [job-79408178af31 ERR] 2025-12-31 06:07:15,549 DDP_Script [Rank 0] [INFO] local_steps=1875, global_steps=1875
2025-12-31 06:54:28,431 [ERROR] (WorkerAgent) [8304] [job-79408178af31 ERR] 2025-12-31 06:11:18,573 DDP_Script [Rank 0] [INFO] epoch 10 train step time: 243.02 seconds
2025-12-31 06:54:28,431 [ERROR] (WorkerAgent) [8304] [job-79408178af31 ERR] 2025-12-31 06:11:18,576 DDP_Script [Rank 0] [INFO] epoch 10 끝 (local_steps=1875, global_steps=1875)
2025-12-31 06:54:28,431 [ERROR] (WorkerAgent) [8304] [job-79408178af31 ERR] 2025-12-31 06:11:18,613 httpx [INFO] HTTP Request: POST http://163.180.117.216:8000/report_job_metrics "HTTP/1.1 200 OK"
2025-12-31 06:54:28,431 [ERROR] (WorkerAgent) [8304] [job-79408178af31 ERR] 2025-12-31 06:11:18,642 httpx [INFO] HTTP Request: POST http://163.180.117.216:8000/report_progress "HTTP/1.1 200 OK"
2025-12-31 06:54:28,431 [ERROR] (WorkerAgent) [8304] [job-79408178af31 ERR] 2025-12-31 06:11:28,168 DDP_Script [Rank 0] [INFO] val acc 99.53%
2025-12-31 06:54:28,431 [ERROR] (WorkerAgent) [8304] [job-79408178af31 ERR] 2025-12-31 06:11:28,186 DDP_Script [Rank 0] [INFO] CKF x_filt vector: [array([0.00192247]), array([-0.00352403]), array([0.00742956]), array([-0.0078742]), array([-0.000463]), array([-0.01160638]), array([0.01627335]), array([0.01076667])]
2025-12-31 06:54:28,431 [ERROR] (WorkerAgent) [8304] [job-79408178af31 ERR] 2025-12-31 06:11:28,186 DDP_Script [Rank 0] [INFO] allocation results: [{'shard_pct': 0.5, 'batch_size': 32, 'lr': 0.00099047, 'num_workers': 4}]
2025-12-31 06:54:28,431 [ERROR] (WorkerAgent) [8304] [job-79408178af31 ERR] 2025-12-31 06:11:28,187 DDP_Script [Rank 0] [INFO] local_alloc: {'shard_pct': 1.0, 'batch_size': 32, 'lr': 0.00099047, 'num_workers': 4}
2025-12-31 06:54:28,431 [ERROR] (WorkerAgent) [8304] [job-79408178af31 ERR] 2025-12-31 06:11:28,211 DDP_Script [Rank 0] [INFO] Saving checkpoint to ./checkpoints/job-79408178af31/latest_checkpoint.pth ...
2025-12-31 06:54:28,432 [ERROR] (WorkerAgent) [8304] [job-79408178af31 ERR] 2025-12-31 06:11:29,022 DDP_Script [Rank 0] [INFO] Successfully reported epoch 10/20 (Acc: 99.53%) to global server.
2025-12-31 06:54:28,432 [ERROR] (WorkerAgent) [8304] [job-79408178af31 ERR] 2025-12-31 06:11:29,024 DDP_Script [Rank 0] [INFO] epoch 11 시작
2025-12-31 06:54:28,432 [ERROR] (WorkerAgent) [8304] [job-79408178af31 ERR] 2025-12-31 06:11:29,051 DDP_Script [Rank 0] [INFO] DataLoader created with batch_size=32, num_workers=4
2025-12-31 06:54:28,432 [ERROR] (WorkerAgent) [8304] [job-79408178af31 ERR] 2025-12-31 06:11:29,055 DDP_Script [Rank 0] [INFO] 모든 노드 중 max_steps = 1875
2025-12-31 06:54:28,432 [ERROR] (WorkerAgent) [8304] [job-79408178af31 ERR] 2025-12-31 06:11:29,055 DDP_Script [Rank 0] [INFO] local_steps=1875, global_steps=1875
2025-12-31 06:54:28,432 [ERROR] (WorkerAgent) [8304] [job-79408178af31 ERR] 2025-12-31 06:15:38,914 DDP_Script [Rank 0] [INFO] epoch 11 train step time: 249.86 seconds
2025-12-31 06:54:28,432 [ERROR] (WorkerAgent) [8304] [job-79408178af31 ERR] 2025-12-31 06:15:38,915 DDP_Script [Rank 0] [INFO] epoch 11 끝 (local_steps=1875, global_steps=1875)
2025-12-31 06:54:28,432 [ERROR] (WorkerAgent) [8304] [job-79408178af31 ERR] 2025-12-31 06:15:38,955 httpx [INFO] HTTP Request: POST http://163.180.117.216:8000/report_job_metrics "HTTP/1.1 200 OK"
2025-12-31 06:54:28,432 [ERROR] (WorkerAgent) [8304] [job-79408178af31 ERR] 2025-12-31 06:15:38,983 httpx [INFO] HTTP Request: POST http://163.180.117.216:8000/report_progress "HTTP/1.1 200 OK"
2025-12-31 06:54:28,432 [ERROR] (WorkerAgent) [8304] [job-79408178af31 ERR] 2025-12-31 06:15:48,567 DDP_Script [Rank 0] [INFO] val acc 98.79%
2025-12-31 06:54:28,432 [ERROR] (WorkerAgent) [8304] [job-79408178af31 ERR] 2025-12-31 06:15:48,582 DDP_Script [Rank 0] [INFO] CKF x_filt vector: [array([-0.0027723]), array([-0.00499884]), array([-0.01424806]), array([-0.00430395]), array([-0.0023185]), array([-0.02419306]), array([0.01653885]), array([0.01912403])]
2025-12-31 06:54:28,432 [ERROR] (WorkerAgent) [8304] [job-79408178af31 ERR] 2025-12-31 06:15:48,582 DDP_Script [Rank 0] [INFO] allocation results: [{'shard_pct': 0.5, 'batch_size': 32, 'lr': 0.00099121, 'num_workers': 4}]
2025-12-31 06:54:28,432 [ERROR] (WorkerAgent) [8304] [job-79408178af31 ERR] 2025-12-31 06:15:48,583 DDP_Script [Rank 0] [INFO] local_alloc: {'shard_pct': 1.0, 'batch_size': 32, 'lr': 0.00099121, 'num_workers': 4}
2025-12-31 06:54:28,432 [ERROR] (WorkerAgent) [8304] [job-79408178af31 ERR] 2025-12-31 06:15:48,600 DDP_Script [Rank 0] [INFO] Saving checkpoint to ./checkpoints/job-79408178af31/latest_checkpoint.pth ...
2025-12-31 06:54:28,432 [ERROR] (WorkerAgent) [8304] [job-79408178af31 ERR] 2025-12-31 06:15:49,415 DDP_Script [Rank 0] [INFO] Successfully reported epoch 11/20 (Acc: 98.79%) to global server.
2025-12-31 06:54:28,432 [ERROR] (WorkerAgent) [8304] [job-79408178af31 ERR] 2025-12-31 06:15:49,416 DDP_Script [Rank 0] [INFO] epoch 12 시작
2025-12-31 06:54:28,432 [ERROR] (WorkerAgent) [8304] [job-79408178af31 ERR] 2025-12-31 06:15:49,435 DDP_Script [Rank 0] [INFO] DataLoader created with batch_size=32, num_workers=4
2025-12-31 06:54:28,432 [ERROR] (WorkerAgent) [8304] [job-79408178af31 ERR] 2025-12-31 06:15:49,438 DDP_Script [Rank 0] [INFO] 모든 노드 중 max_steps = 1875
2025-12-31 06:54:28,432 [ERROR] (WorkerAgent) [8304] [job-79408178af31 ERR] 2025-12-31 06:15:49,438 DDP_Script [Rank 0] [INFO] local_steps=1875, global_steps=1875
2025-12-31 06:54:28,432 [ERROR] (WorkerAgent) [8304] [job-79408178af31 ERR] 2025-12-31 06:19:50,250 DDP_Script [Rank 0] [INFO] epoch 12 train step time: 240.81 seconds
2025-12-31 06:54:28,433 [ERROR] (WorkerAgent) [8304] [job-79408178af31 ERR] 2025-12-31 06:19:50,251 DDP_Script [Rank 0] [INFO] epoch 12 끝 (local_steps=1875, global_steps=1875)
2025-12-31 06:54:28,433 [ERROR] (WorkerAgent) [8304] [job-79408178af31 ERR] 2025-12-31 06:19:50,292 httpx [INFO] HTTP Request: POST http://163.180.117.216:8000/report_job_metrics "HTTP/1.1 200 OK"
2025-12-31 06:54:28,433 [ERROR] (WorkerAgent) [8304] [job-79408178af31 ERR] 2025-12-31 06:19:50,321 httpx [INFO] HTTP Request: POST http://163.180.117.216:8000/report_progress "HTTP/1.1 200 OK"
2025-12-31 06:54:28,433 [ERROR] (WorkerAgent) [8304] [job-79408178af31 ERR] 2025-12-31 06:19:59,950 DDP_Script [Rank 0] [INFO] val acc 99.46%
2025-12-31 06:54:28,433 [ERROR] (WorkerAgent) [8304] [job-79408178af31 ERR] 2025-12-31 06:19:59,974 DDP_Script [Rank 0] [INFO] CKF x_filt vector: [array([0.0101573]), array([0.00412219]), array([-0.03429304]), array([0.00780932]), array([-0.01416225]), array([-0.00866914]), array([-0.00421723]), array([0.00207222])]
2025-12-31 06:54:28,433 [ERROR] (WorkerAgent) [8304] [job-79408178af31 ERR] 2025-12-31 06:19:59,975 DDP_Script [Rank 0] [INFO] allocation results: [{'shard_pct': 0.5, 'batch_size': 32, 'lr': 0.00099054, 'num_workers': 4}]
2025-12-31 06:54:28,433 [ERROR] (WorkerAgent) [8304] [job-79408178af31 ERR] 2025-12-31 06:19:59,975 DDP_Script [Rank 0] [INFO] local_alloc: {'shard_pct': 1.0, 'batch_size': 32, 'lr': 0.00099054, 'num_workers': 4}
2025-12-31 06:54:28,433 [ERROR] (WorkerAgent) [8304] [job-79408178af31 ERR] 2025-12-31 06:19:59,999 DDP_Script [Rank 0] [INFO] Saving checkpoint to ./checkpoints/job-79408178af31/latest_checkpoint.pth ...
2025-12-31 06:54:28,433 [ERROR] (WorkerAgent) [8304] [job-79408178af31 ERR] 2025-12-31 06:20:00,775 DDP_Script [Rank 0] [INFO] Successfully reported epoch 12/20 (Acc: 99.46%) to global server.
2025-12-31 06:54:28,433 [ERROR] (WorkerAgent) [8304] [job-79408178af31 ERR] 2025-12-31 06:20:00,777 DDP_Script [Rank 0] [INFO] epoch 13 시작
2025-12-31 06:54:28,433 [ERROR] (WorkerAgent) [8304] [job-79408178af31 ERR] 2025-12-31 06:20:00,793 DDP_Script [Rank 0] [INFO] DataLoader created with batch_size=32, num_workers=4
2025-12-31 06:54:28,433 [ERROR] (WorkerAgent) [8304] [job-79408178af31 ERR] 2025-12-31 06:20:00,798 DDP_Script [Rank 0] [INFO] 모든 노드 중 max_steps = 1875
2025-12-31 06:54:28,433 [ERROR] (WorkerAgent) [8304] [job-79408178af31 ERR] 2025-12-31 06:20:00,798 DDP_Script [Rank 0] [INFO] local_steps=1875, global_steps=1875
2025-12-31 06:54:28,433 [ERROR] (WorkerAgent) [8304] [job-79408178af31 ERR] 2025-12-31 06:24:08,988 DDP_Script [Rank 0] [INFO] epoch 13 train step time: 248.19 seconds
2025-12-31 06:54:28,433 [ERROR] (WorkerAgent) [8304] [job-79408178af31 ERR] 2025-12-31 06:24:08,990 DDP_Script [Rank 0] [INFO] epoch 13 끝 (local_steps=1875, global_steps=1875)
2025-12-31 06:54:28,433 [ERROR] (WorkerAgent) [8304] [job-79408178af31 ERR] 2025-12-31 06:24:09,029 httpx [INFO] HTTP Request: POST http://163.180.117.216:8000/report_job_metrics "HTTP/1.1 200 OK"
2025-12-31 06:54:28,433 [ERROR] (WorkerAgent) [8304] [job-79408178af31 ERR] 2025-12-31 06:24:09,058 httpx [INFO] HTTP Request: POST http://163.180.117.216:8000/report_progress "HTTP/1.1 200 OK"
2025-12-31 06:54:28,433 [ERROR] (WorkerAgent) [8304] [job-79408178af31 ERR] 2025-12-31 06:24:18,623 DDP_Script [Rank 0] [INFO] val acc 99.58%
2025-12-31 06:54:28,433 [ERROR] (WorkerAgent) [8304] [job-79408178af31 ERR] 2025-12-31 06:24:18,636 DDP_Script [Rank 0] [INFO] CKF x_filt vector: [array([0.01229434]), array([-0.02012071]), array([-0.02860655]), array([-0.00496013]), array([-0.01271775]), array([-0.0207505]), array([0.01828474]), array([0.02562113])]
2025-12-31 06:54:28,433 [ERROR] (WorkerAgent) [8304] [job-79408178af31 ERR] 2025-12-31 06:24:18,636 DDP_Script [Rank 0] [INFO] allocation results: [{'shard_pct': 0.5, 'batch_size': 32, 'lr': 0.0009904199999999999, 'num_workers': 4}]
2025-12-31 06:54:28,434 [ERROR] (WorkerAgent) [8304] [job-79408178af31 ERR] 2025-12-31 06:24:18,637 DDP_Script [Rank 0] [INFO] local_alloc: {'shard_pct': 1.0, 'batch_size': 32, 'lr': 0.0009904199999999999, 'num_workers': 4}
2025-12-31 06:54:28,434 [ERROR] (WorkerAgent) [8304] [job-79408178af31 ERR] 2025-12-31 06:24:18,640 DDP_Script [Rank 0] [INFO] Saving checkpoint to ./checkpoints/job-79408178af31/latest_checkpoint.pth ...
2025-12-31 06:54:28,434 [ERROR] (WorkerAgent) [8304] [job-79408178af31 ERR] 2025-12-31 06:24:19,390 DDP_Script [Rank 0] [INFO] Successfully reported epoch 13/20 (Acc: 99.58%) to global server.
2025-12-31 06:54:28,434 [ERROR] (WorkerAgent) [8304] [job-79408178af31 ERR] 2025-12-31 06:24:19,392 DDP_Script [Rank 0] [INFO] epoch 14 시작
2025-12-31 06:54:28,434 [ERROR] (WorkerAgent) [8304] [job-79408178af31 ERR] 2025-12-31 06:24:19,417 DDP_Script [Rank 0] [INFO] DataLoader created with batch_size=32, num_workers=4
2025-12-31 06:54:28,434 [ERROR] (WorkerAgent) [8304] [job-79408178af31 ERR] 2025-12-31 06:24:19,421 DDP_Script [Rank 0] [INFO] 모든 노드 중 max_steps = 1875
2025-12-31 06:54:28,434 [ERROR] (WorkerAgent) [8304] [job-79408178af31 ERR] 2025-12-31 06:24:19,421 DDP_Script [Rank 0] [INFO] local_steps=1875, global_steps=1875
2025-12-31 06:54:28,434 [ERROR] (WorkerAgent) [8304] [job-79408178af31 ERR] 2025-12-31 06:28:28,137 DDP_Script [Rank 0] [INFO] epoch 14 train step time: 248.71 seconds
2025-12-31 06:54:28,434 [ERROR] (WorkerAgent) [8304] [job-79408178af31 ERR] 2025-12-31 06:28:28,138 DDP_Script [Rank 0] [INFO] epoch 14 끝 (local_steps=1875, global_steps=1875)
2025-12-31 06:54:28,434 [ERROR] (WorkerAgent) [8304] [job-79408178af31 ERR] 2025-12-31 06:28:28,178 httpx [INFO] HTTP Request: POST http://163.180.117.216:8000/report_job_metrics "HTTP/1.1 200 OK"
2025-12-31 06:54:28,434 [ERROR] (WorkerAgent) [8304] [job-79408178af31 ERR] 2025-12-31 06:28:28,207 httpx [INFO] HTTP Request: POST http://163.180.117.216:8000/report_progress "HTTP/1.1 200 OK"
2025-12-31 06:54:28,434 [ERROR] (WorkerAgent) [8304] [job-79408178af31 ERR] 2025-12-31 06:28:37,795 DDP_Script [Rank 0] [INFO] val acc 99.39%
2025-12-31 06:54:28,434 [ERROR] (WorkerAgent) [8304] [job-79408178af31 ERR] 2025-12-31 06:28:37,807 DDP_Script [Rank 0] [INFO] CKF x_filt vector: [array([-0.00539932]), array([-0.01426067]), array([0.00839709]), array([0.00059193]), array([-0.02058979]), array([0.00096146]), array([0.00098041]), array([0.01576199])]
2025-12-31 06:54:28,434 [ERROR] (WorkerAgent) [8304] [job-79408178af31 ERR] 2025-12-31 06:28:37,807 DDP_Script [Rank 0] [INFO] allocation results: [{'shard_pct': 0.5, 'batch_size': 32, 'lr': 0.00099061, 'num_workers': 4}]
2025-12-31 06:54:28,434 [ERROR] (WorkerAgent) [8304] [job-79408178af31 ERR] 2025-12-31 06:28:37,808 DDP_Script [Rank 0] [INFO] local_alloc: {'shard_pct': 1.0, 'batch_size': 32, 'lr': 0.00099061, 'num_workers': 4}
2025-12-31 06:54:28,434 [ERROR] (WorkerAgent) [8304] [job-79408178af31 ERR] 2025-12-31 06:28:37,811 DDP_Script [Rank 0] [INFO] Saving checkpoint to ./checkpoints/job-79408178af31/latest_checkpoint.pth ...
2025-12-31 06:54:28,434 [ERROR] (WorkerAgent) [8304] [job-79408178af31 ERR] 2025-12-31 06:28:38,538 DDP_Script [Rank 0] [INFO] Successfully reported epoch 14/20 (Acc: 99.39%) to global server.
2025-12-31 06:54:28,434 [ERROR] (WorkerAgent) [8304] [job-79408178af31 ERR] 2025-12-31 06:28:38,539 DDP_Script [Rank 0] [INFO] epoch 15 시작
2025-12-31 06:54:28,434 [ERROR] (WorkerAgent) [8304] [job-79408178af31 ERR] 2025-12-31 06:28:38,555 DDP_Script [Rank 0] [INFO] DataLoader created with batch_size=32, num_workers=4
2025-12-31 06:54:28,434 [ERROR] (WorkerAgent) [8304] [job-79408178af31 ERR] 2025-12-31 06:28:38,560 DDP_Script [Rank 0] [INFO] 모든 노드 중 max_steps = 1875
2025-12-31 06:54:28,435 [ERROR] (WorkerAgent) [8304] [job-79408178af31 ERR] 2025-12-31 06:28:38,560 DDP_Script [Rank 0] [INFO] local_steps=1875, global_steps=1875
2025-12-31 06:54:28,435 [ERROR] (WorkerAgent) [8304] [job-79408178af31 ERR] 2025-12-31 06:32:43,150 DDP_Script [Rank 0] [INFO] epoch 15 train step time: 244.59 seconds
2025-12-31 06:54:28,435 [ERROR] (WorkerAgent) [8304] [job-79408178af31 ERR] 2025-12-31 06:32:43,152 DDP_Script [Rank 0] [INFO] epoch 15 끝 (local_steps=1875, global_steps=1875)
2025-12-31 06:54:28,435 [ERROR] (WorkerAgent) [8304] [job-79408178af31 ERR] 2025-12-31 06:32:43,182 httpx [INFO] HTTP Request: POST http://163.180.117.216:8000/report_job_metrics "HTTP/1.1 200 OK"
2025-12-31 06:54:28,435 [ERROR] (WorkerAgent) [8304] [job-79408178af31 ERR] 2025-12-31 06:32:43,210 httpx [INFO] HTTP Request: POST http://163.180.117.216:8000/report_progress "HTTP/1.1 200 OK"
2025-12-31 06:54:28,435 [ERROR] (WorkerAgent) [8304] [job-79408178af31 ERR] 2025-12-31 06:32:52,823 DDP_Script [Rank 0] [INFO] val acc 99.52%
2025-12-31 06:54:28,435 [ERROR] (WorkerAgent) [8304] [job-79408178af31 ERR] 2025-12-31 06:32:52,838 DDP_Script [Rank 0] [INFO] CKF x_filt vector: [array([-0.01501551]), array([-0.01129657]), array([0.0184966]), array([0.00771]), array([-0.01540294]), array([-0.00410301]), array([0.01040743]), array([0.01582099])]
2025-12-31 06:54:28,435 [ERROR] (WorkerAgent) [8304] [job-79408178af31 ERR] 2025-12-31 06:32:52,838 DDP_Script [Rank 0] [INFO] allocation results: [{'shard_pct': 0.5, 'batch_size': 32, 'lr': 0.00099048, 'num_workers': 4}]
2025-12-31 06:54:28,435 [ERROR] (WorkerAgent) [8304] [job-79408178af31 ERR] 2025-12-31 06:32:52,838 DDP_Script [Rank 0] [INFO] local_alloc: {'shard_pct': 1.0, 'batch_size': 32, 'lr': 0.00099048, 'num_workers': 4}
2025-12-31 06:54:28,435 [ERROR] (WorkerAgent) [8304] [job-79408178af31 ERR] 2025-12-31 06:32:52,841 DDP_Script [Rank 0] [INFO] Saving checkpoint to ./checkpoints/job-79408178af31/latest_checkpoint.pth ...
2025-12-31 06:54:28,435 [ERROR] (WorkerAgent) [8304] [job-79408178af31 ERR] 2025-12-31 06:32:53,556 DDP_Script [Rank 0] [INFO] Successfully reported epoch 15/20 (Acc: 99.52%) to global server.
2025-12-31 06:54:28,435 [ERROR] (WorkerAgent) [8304] [job-79408178af31 ERR] 2025-12-31 06:32:53,557 DDP_Script [Rank 0] [INFO] epoch 16 시작
2025-12-31 06:54:28,435 [ERROR] (WorkerAgent) [8304] [job-79408178af31 ERR] 2025-12-31 06:32:53,570 DDP_Script [Rank 0] [INFO] DataLoader created with batch_size=32, num_workers=4
2025-12-31 06:54:28,435 [ERROR] (WorkerAgent) [8304] [job-79408178af31 ERR] 2025-12-31 06:32:53,574 DDP_Script [Rank 0] [INFO] 모든 노드 중 max_steps = 1875
2025-12-31 06:54:28,435 [ERROR] (WorkerAgent) [8304] [job-79408178af31 ERR] 2025-12-31 06:32:53,574 DDP_Script [Rank 0] [INFO] local_steps=1875, global_steps=1875
2025-12-31 06:54:28,435 [ERROR] (WorkerAgent) [8304] [job-79408178af31 ERR] 2025-12-31 06:37:02,548 DDP_Script [Rank 0] [INFO] epoch 16 train step time: 248.97 seconds
2025-12-31 06:54:28,435 [ERROR] (WorkerAgent) [8304] [job-79408178af31 ERR] 2025-12-31 06:37:02,549 DDP_Script [Rank 0] [INFO] epoch 16 끝 (local_steps=1875, global_steps=1875)
2025-12-31 06:54:28,435 [ERROR] (WorkerAgent) [8304] [job-79408178af31 ERR] 2025-12-31 06:37:02,580 httpx [INFO] HTTP Request: POST http://163.180.117.216:8000/report_job_metrics "HTTP/1.1 200 OK"
2025-12-31 06:54:28,435 [ERROR] (WorkerAgent) [8304] [job-79408178af31 ERR] 2025-12-31 06:37:02,608 httpx [INFO] HTTP Request: POST http://163.180.117.216:8000/report_progress "HTTP/1.1 200 OK"
2025-12-31 06:54:28,436 [ERROR] (WorkerAgent) [8304] [job-79408178af31 ERR] 2025-12-31 06:37:12,191 DDP_Script [Rank 0] [INFO] val acc 99.46%
2025-12-31 06:54:28,436 [ERROR] (WorkerAgent) [8304] [job-79408178af31 ERR] 2025-12-31 06:37:12,214 DDP_Script [Rank 0] [INFO] CKF x_filt vector: [array([-0.00021846]), array([0.00323771]), array([0.01793687]), array([-0.00175784]), array([-0.02442388]), array([0.0031816]), array([0.02083207]), array([0.00457028])]
2025-12-31 06:54:28,436 [ERROR] (WorkerAgent) [8304] [job-79408178af31 ERR] 2025-12-31 06:37:12,215 DDP_Script [Rank 0] [INFO] allocation results: [{'shard_pct': 0.5, 'batch_size': 32, 'lr': 0.00099054, 'num_workers': 4}]
2025-12-31 06:54:28,436 [ERROR] (WorkerAgent) [8304] [job-79408178af31 ERR] 2025-12-31 06:37:12,215 DDP_Script [Rank 0] [INFO] local_alloc: {'shard_pct': 1.0, 'batch_size': 32, 'lr': 0.00099054, 'num_workers': 4}
2025-12-31 06:54:28,436 [ERROR] (WorkerAgent) [8304] [job-79408178af31 ERR] 2025-12-31 06:37:12,228 DDP_Script [Rank 0] [INFO] Saving checkpoint to ./checkpoints/job-79408178af31/latest_checkpoint.pth ...
2025-12-31 06:54:28,436 [ERROR] (WorkerAgent) [8304] [job-79408178af31 ERR] 2025-12-31 06:37:12,977 DDP_Script [Rank 0] [INFO] Successfully reported epoch 16/20 (Acc: 99.46%) to global server.
2025-12-31 06:54:28,436 [ERROR] (WorkerAgent) [8304] [job-79408178af31 ERR] 2025-12-31 06:37:12,979 DDP_Script [Rank 0] [INFO] epoch 17 시작
2025-12-31 06:54:28,436 [ERROR] (WorkerAgent) [8304] [job-79408178af31 ERR] 2025-12-31 06:37:12,994 DDP_Script [Rank 0] [INFO] DataLoader created with batch_size=32, num_workers=4
2025-12-31 06:54:28,436 [ERROR] (WorkerAgent) [8304] [job-79408178af31 ERR] 2025-12-31 06:37:13,000 DDP_Script [Rank 0] [INFO] 모든 노드 중 max_steps = 1875
2025-12-31 06:54:28,436 [ERROR] (WorkerAgent) [8304] [job-79408178af31 ERR] 2025-12-31 06:37:13,000 DDP_Script [Rank 0] [INFO] local_steps=1875, global_steps=1875
2025-12-31 06:54:28,436 [ERROR] (WorkerAgent) [8304] [job-79408178af31 ERR] 2025-12-31 06:41:15,815 DDP_Script [Rank 0] [INFO] epoch 17 train step time: 242.82 seconds
2025-12-31 06:54:28,436 [ERROR] (WorkerAgent) [8304] [job-79408178af31 ERR] 2025-12-31 06:41:15,817 DDP_Script [Rank 0] [INFO] epoch 17 끝 (local_steps=1875, global_steps=1875)
2025-12-31 06:54:28,436 [ERROR] (WorkerAgent) [8304] [job-79408178af31 ERR] 2025-12-31 06:41:15,859 httpx [INFO] HTTP Request: POST http://163.180.117.216:8000/report_job_metrics "HTTP/1.1 200 OK"
2025-12-31 06:54:28,436 [ERROR] (WorkerAgent) [8304] [job-79408178af31 ERR] 2025-12-31 06:41:15,886 httpx [INFO] HTTP Request: POST http://163.180.117.216:8000/report_progress "HTTP/1.1 200 OK"
2025-12-31 06:54:28,436 [ERROR] (WorkerAgent) [8304] [job-79408178af31 ERR] 2025-12-31 06:41:25,473 DDP_Script [Rank 0] [INFO] val acc 99.54%
2025-12-31 06:54:28,436 [ERROR] (WorkerAgent) [8304] [job-79408178af31 ERR] 2025-12-31 06:41:25,487 DDP_Script [Rank 0] [INFO] CKF x_filt vector: [array([0.02747642]), array([0.00071968]), array([0.0227166]), array([0.00371783]), array([-0.01951319]), array([0.003584]), array([0.01061795]), array([0.01001867])]
2025-12-31 06:54:28,436 [ERROR] (WorkerAgent) [8304] [job-79408178af31 ERR] 2025-12-31 06:41:25,487 DDP_Script [Rank 0] [INFO] allocation results: [{'shard_pct': 0.5, 'batch_size': 32, 'lr': 0.00099046, 'num_workers': 4}]
2025-12-31 06:54:28,436 [ERROR] (WorkerAgent) [8304] [job-79408178af31 ERR] 2025-12-31 06:41:25,487 DDP_Script [Rank 0] [INFO] local_alloc: {'shard_pct': 1.0, 'batch_size': 32, 'lr': 0.00099046, 'num_workers': 4}
2025-12-31 06:54:28,436 [ERROR] (WorkerAgent) [8304] [job-79408178af31 ERR] 2025-12-31 06:41:25,516 DDP_Script [Rank 0] [INFO] Saving checkpoint to ./checkpoints/job-79408178af31/latest_checkpoint.pth ...
2025-12-31 06:54:28,436 [ERROR] (WorkerAgent) [8304] [job-79408178af31 ERR] 2025-12-31 06:41:26,277 DDP_Script [Rank 0] [INFO] Successfully reported epoch 17/20 (Acc: 99.54%) to global server.
2025-12-31 06:54:28,437 [ERROR] (WorkerAgent) [8304] [job-79408178af31 ERR] 2025-12-31 06:41:26,278 DDP_Script [Rank 0] [INFO] epoch 18 시작
2025-12-31 06:54:28,437 [ERROR] (WorkerAgent) [8304] [job-79408178af31 ERR] 2025-12-31 06:41:26,295 DDP_Script [Rank 0] [INFO] DataLoader created with batch_size=32, num_workers=4
2025-12-31 06:54:28,437 [ERROR] (WorkerAgent) [8304] [job-79408178af31 ERR] 2025-12-31 06:41:26,300 DDP_Script [Rank 0] [INFO] 모든 노드 중 max_steps = 1875
2025-12-31 06:54:28,437 [ERROR] (WorkerAgent) [8304] [job-79408178af31 ERR] 2025-12-31 06:41:26,300 DDP_Script [Rank 0] [INFO] local_steps=1875, global_steps=1875
2025-12-31 06:54:28,437 [ERROR] (WorkerAgent) [8304] [job-79408178af31 ERR] 2025-12-31 06:45:36,659 DDP_Script [Rank 0] [INFO] epoch 18 train step time: 250.36 seconds
2025-12-31 06:54:28,437 [ERROR] (WorkerAgent) [8304] [job-79408178af31 ERR] 2025-12-31 06:45:36,662 DDP_Script [Rank 0] [INFO] epoch 18 끝 (local_steps=1875, global_steps=1875)
2025-12-31 06:54:28,437 [ERROR] (WorkerAgent) [8304] [job-79408178af31 ERR] 2025-12-31 06:45:36,738 httpx [INFO] HTTP Request: POST http://163.180.117.216:8000/report_job_metrics "HTTP/1.1 200 OK"
2025-12-31 06:54:28,437 [ERROR] (WorkerAgent) [8304] [job-79408178af31 ERR] 2025-12-31 06:45:36,766 httpx [INFO] HTTP Request: POST http://163.180.117.216:8000/report_progress "HTTP/1.1 200 OK"
2025-12-31 06:54:28,437 [ERROR] (WorkerAgent) [8304] [job-79408178af31 ERR] 2025-12-31 06:45:46,300 DDP_Script [Rank 0] [INFO] val acc 99.51%
2025-12-31 06:54:28,437 [ERROR] (WorkerAgent) [8304] [job-79408178af31 ERR] 2025-12-31 06:45:46,315 DDP_Script [Rank 0] [INFO] CKF x_filt vector: [array([0.01542341]), array([-0.01390485]), array([0.00831185]), array([0.03524753]), array([-0.01962752]), array([0.04285997]), array([0.00669004]), array([-0.00246095])]
2025-12-31 06:54:28,437 [ERROR] (WorkerAgent) [8304] [job-79408178af31 ERR] 2025-12-31 06:45:46,315 DDP_Script [Rank 0] [INFO] allocation results: [{'shard_pct': 0.5, 'batch_size': 32, 'lr': 0.00099049, 'num_workers': 4}]
2025-12-31 06:54:28,437 [ERROR] (WorkerAgent) [8304] [job-79408178af31 ERR] 2025-12-31 06:45:46,315 DDP_Script [Rank 0] [INFO] local_alloc: {'shard_pct': 1.0, 'batch_size': 32, 'lr': 0.00099049, 'num_workers': 4}
2025-12-31 06:54:28,437 [ERROR] (WorkerAgent) [8304] [job-79408178af31 ERR] 2025-12-31 06:45:46,342 DDP_Script [Rank 0] [INFO] Saving checkpoint to ./checkpoints/job-79408178af31/latest_checkpoint.pth ...
2025-12-31 06:54:28,437 [ERROR] (WorkerAgent) [8304] [job-79408178af31 ERR] 2025-12-31 06:45:47,115 DDP_Script [Rank 0] [INFO] Successfully reported epoch 18/20 (Acc: 99.51%) to global server.
2025-12-31 06:54:28,437 [ERROR] (WorkerAgent) [8304] [job-79408178af31 ERR] 2025-12-31 06:45:47,116 DDP_Script [Rank 0] [INFO] epoch 19 시작
2025-12-31 06:54:28,437 [ERROR] (WorkerAgent) [8304] [job-79408178af31 ERR] 2025-12-31 06:45:47,143 DDP_Script [Rank 0] [INFO] DataLoader created with batch_size=32, num_workers=4
2025-12-31 06:54:28,437 [ERROR] (WorkerAgent) [8304] [job-79408178af31 ERR] 2025-12-31 06:45:47,147 DDP_Script [Rank 0] [INFO] 모든 노드 중 max_steps = 1875
2025-12-31 06:54:28,437 [ERROR] (WorkerAgent) [8304] [job-79408178af31 ERR] 2025-12-31 06:45:47,147 DDP_Script [Rank 0] [INFO] local_steps=1875, global_steps=1875
2025-12-31 06:54:28,437 [ERROR] (WorkerAgent) [8304] [job-79408178af31 ERR] 2025-12-31 06:49:57,380 DDP_Script [Rank 0] [INFO] epoch 19 train step time: 250.23 seconds
2025-12-31 06:54:28,437 [ERROR] (WorkerAgent) [8304] [job-79408178af31 ERR] 2025-12-31 06:49:57,382 DDP_Script [Rank 0] [INFO] epoch 19 끝 (local_steps=1875, global_steps=1875)
2025-12-31 06:54:28,437 [ERROR] (WorkerAgent) [8304] [job-79408178af31 ERR] 2025-12-31 06:49:57,422 httpx [INFO] HTTP Request: POST http://163.180.117.216:8000/report_job_metrics "HTTP/1.1 200 OK"
2025-12-31 06:54:28,437 [ERROR] (WorkerAgent) [8304] [job-79408178af31 ERR] 2025-12-31 06:49:57,450 httpx [INFO] HTTP Request: POST http://163.180.117.216:8000/report_progress "HTTP/1.1 200 OK"
2025-12-31 06:54:28,437 [ERROR] (WorkerAgent) [8304] [job-79408178af31 ERR] 2025-12-31 06:50:07,024 DDP_Script [Rank 0] [INFO] val acc 99.47%
2025-12-31 06:54:28,438 [ERROR] (WorkerAgent) [8304] [job-79408178af31 ERR] 2025-12-31 06:50:07,038 DDP_Script [Rank 0] [INFO] CKF x_filt vector: [array([-0.00643688]), array([-0.00341414]), array([0.02335169]), array([0.01589931]), array([-0.00911185]), array([0.01985049]), array([0.01255526]), array([-0.00464686])]
2025-12-31 06:54:28,438 [ERROR] (WorkerAgent) [8304] [job-79408178af31 ERR] 2025-12-31 06:50:07,038 DDP_Script [Rank 0] [INFO] allocation results: [{'shard_pct': 0.5, 'batch_size': 32, 'lr': 0.00099053, 'num_workers': 4}]
2025-12-31 06:54:28,438 [ERROR] (WorkerAgent) [8304] [job-79408178af31 ERR] 2025-12-31 06:50:07,038 DDP_Script [Rank 0] [INFO] local_alloc: {'shard_pct': 1.0, 'batch_size': 32, 'lr': 0.00099053, 'num_workers': 4}
2025-12-31 06:54:28,438 [ERROR] (WorkerAgent) [8304] [job-79408178af31 ERR] 2025-12-31 06:50:07,062 DDP_Script [Rank 0] [INFO] Saving checkpoint to ./checkpoints/job-79408178af31/latest_checkpoint.pth ...
2025-12-31 06:54:28,438 [ERROR] (WorkerAgent) [8304] [job-79408178af31 ERR] 2025-12-31 06:50:07,818 DDP_Script [Rank 0] [INFO] Successfully reported epoch 19/20 (Acc: 99.47%) to global server.
2025-12-31 06:54:28,438 [ERROR] (WorkerAgent) [8304] [job-79408178af31 ERR] 2025-12-31 06:50:07,819 DDP_Script [Rank 0] [INFO] epoch 20 시작
2025-12-31 06:54:28,438 [ERROR] (WorkerAgent) [8304] [job-79408178af31 ERR] 2025-12-31 06:50:07,840 DDP_Script [Rank 0] [INFO] DataLoader created with batch_size=32, num_workers=4
2025-12-31 06:54:28,438 [ERROR] (WorkerAgent) [8304] [job-79408178af31 ERR] 2025-12-31 06:50:07,844 DDP_Script [Rank 0] [INFO] 모든 노드 중 max_steps = 1875
2025-12-31 06:54:28,438 [ERROR] (WorkerAgent) [8304] [job-79408178af31 ERR] 2025-12-31 06:50:07,844 DDP_Script [Rank 0] [INFO] local_steps=1875, global_steps=1875
2025-12-31 06:54:28,438 [ERROR] (WorkerAgent) [8304] [job-79408178af31 ERR] 2025-12-31 06:54:12,878 DDP_Script [Rank 0] [INFO] epoch 20 train step time: 245.03 seconds
2025-12-31 06:54:28,438 [ERROR] (WorkerAgent) [8304] [job-79408178af31 ERR] 2025-12-31 06:54:12,880 DDP_Script [Rank 0] [INFO] epoch 20 끝 (local_steps=1875, global_steps=1875)
2025-12-31 06:54:28,438 [ERROR] (WorkerAgent) [8304] [job-79408178af31 ERR] 2025-12-31 06:54:12,911 httpx [INFO] HTTP Request: POST http://163.180.117.216:8000/report_job_metrics "HTTP/1.1 200 OK"
2025-12-31 06:54:28,438 [ERROR] (WorkerAgent) [8304] [job-79408178af31 ERR] 2025-12-31 06:54:12,939 httpx [INFO] HTTP Request: POST http://163.180.117.216:8000/report_progress "HTTP/1.1 200 OK"
2025-12-31 06:54:28,438 [ERROR] (WorkerAgent) [8304] [job-79408178af31 ERR] 2025-12-31 06:54:22,454 DDP_Script [Rank 0] [INFO] val acc 99.30%
2025-12-31 06:54:28,438 [ERROR] (WorkerAgent) [8304] [job-79408178af31 ERR] 2025-12-31 06:54:22,469 DDP_Script [Rank 0] [INFO] CKF x_filt vector: [array([-0.02485514]), array([0.00716185]), array([-0.00260201]), array([0.00956286]), array([-0.01301516]), array([0.0153974]), array([0.01035241]), array([-0.01084448])]
2025-12-31 06:54:28,438 [ERROR] (WorkerAgent) [8304] [job-79408178af31 ERR] 2025-12-31 06:54:22,469 DDP_Script [Rank 0] [INFO] allocation results: [{'shard_pct': 0.5, 'batch_size': 32, 'lr': 0.0009907, 'num_workers': 4}]
2025-12-31 06:54:28,438 [ERROR] (WorkerAgent) [8304] [job-79408178af31 ERR] 2025-12-31 06:54:22,469 DDP_Script [Rank 0] [INFO] local_alloc: {'shard_pct': 1.0, 'batch_size': 32, 'lr': 0.0009907, 'num_workers': 4}
2025-12-31 06:54:28,438 [ERROR] (WorkerAgent) [8304] [job-79408178af31 ERR] 2025-12-31 06:54:22,511 DDP_Script [Rank 0] [INFO] Saving checkpoint to ./checkpoints/job-79408178af31/latest_checkpoint.pth ...
2025-12-31 06:54:28,438 [ERROR] (WorkerAgent) [8304] [job-79408178af31 ERR] 2025-12-31 06:54:23,299 DDP_Script [Rank 0] [INFO] Successfully reported epoch 20/20 (Acc: 99.30%) to global server.
2025-12-31 06:54:28,438 [ERROR] (WorkerAgent) [8304] [job-79408178af31 ERR] 2025-12-31 06:54:23,300 DDP_Script [Rank 0] [INFO] Training completed successfully.
2025-12-31 06:54:28,438 [ERROR] (WorkerAgent) [8304] [job-79408178af31 ERR] 2025-12-31 06:54:23,300 DDP_Script [Rank 0] [INFO] Training loop finished.
2025-12-31 06:54:28,530 [INFO] (WorkerAgent) [8304] [job-79408178af31] Process finished. Return Code: 0
slurmstepd: error: *** JOB 284242 ON ariel-v13 CANCELLED AT 2025-12-31T10:10:10 ***
