/nas2/data/dlwmznzl1/anaconda3/envs/Dist1/lib/python3.9/site-packages/torch/cuda/__init__.py:63: FutureWarning: The pynvml package is deprecated. Please install nvidia-ml-py instead. If you did not install pynvml directly, please report this to the maintainers of the package that installed pynvml for you.
  import pynvml  # type: ignore[import]
Current CUDA device index: 0
Current CUDA device name: NVIDIA RTX A5000
Master address: 163.180.160.62, port: 29543
2025-11-17 19:37:34,436 DDP_Script [Rank 0] [INFO] Node rank: 0, world size: 1
[Gloo] Rank 0 is connected to 0 peer ranks. Expected number of connected peer ranks is : 0
2025-11-17 19:37:34,442 DDP_Script [Rank 0] [INFO] Process group initialized: 163.180.160.62:29543
2025-11-17 19:37:34,442 DDP_Script [Rank 0] [INFO] Rank 0/1 initialized
/nas2/data/dlwmznzl1/anaconda3/envs/Dist1/lib/python3.9/site-packages/torchaudio/functional/functional.py:585: UserWarning: At least one mel filterbank has all zero values. The value for `n_mels` (128) may be set too high. Or, the value for `n_freqs` (201) may be set too low.
  warnings.warn(
2025-11-17 19:37:36,454 DDP_Script [Rank 0] [INFO] Model, DDP, criterion, optimizer initialized
2025-11-17 19:37:36,516 DDP_Script [Rank 0] [INFO] Checkpoint directory created: ./checkpoints/job-e04af7a9dc23
2025-11-17 19:37:36,516 DDP_Script [Rank 0] [INFO] Starting training from scratch (epoch 1).
2025-11-17 19:37:36,517 DDP_Script [Rank 0] [INFO] epoch 1 시작
2025-11-17 19:37:36,519 DDP_Script [Rank 0] [INFO] 모든 노드 중 max_steps = 32
2025-11-17 19:37:36,519 DDP_Script [Rank 0] [INFO] local_steps=32, global_steps=32
/nas2/data/dlwmznzl1/anaconda3/envs/Dist1/lib/python3.9/site-packages/torchaudio/_backend/utils.py:213: UserWarning: In 2.9, this function's implementation will be changed to use torchaudio.load_with_torchcodec` under the hood. Some parameters like ``normalize``, ``format``, ``buffer_size``, and ``backend`` will be ignored. We recommend that you port your code to rely directly on TorchCodec's decoder instead: https://docs.pytorch.org/torchcodec/stable/generated/torchcodec.decoders.AudioDecoder.html#torchcodec.decoders.AudioDecoder.
  warnings.warn(
/nas2/data/dlwmznzl1/anaconda3/envs/Dist1/lib/python3.9/site-packages/torchaudio/_backend/utils.py:213: UserWarning: In 2.9, this function's implementation will be changed to use torchaudio.load_with_torchcodec` under the hood. Some parameters like ``normalize``, ``format``, ``buffer_size``, and ``backend`` will be ignored. We recommend that you port your code to rely directly on TorchCodec's decoder instead: https://docs.pytorch.org/torchcodec/stable/generated/torchcodec.decoders.AudioDecoder.html#torchcodec.decoders.AudioDecoder.
  warnings.warn(
/nas2/data/dlwmznzl1/anaconda3/envs/Dist1/lib/python3.9/site-packages/torchaudio/_backend/utils.py:213: UserWarning: In 2.9, this function's implementation will be changed to use torchaudio.load_with_torchcodec` under the hood. Some parameters like ``normalize``, ``format``, ``buffer_size``, and ``backend`` will be ignored. We recommend that you port your code to rely directly on TorchCodec's decoder instead: https://docs.pytorch.org/torchcodec/stable/generated/torchcodec.decoders.AudioDecoder.html#torchcodec.decoders.AudioDecoder.
  warnings.warn(
/nas2/data/dlwmznzl1/anaconda3/envs/Dist1/lib/python3.9/site-packages/torchaudio/_backend/utils.py:213: UserWarning: In 2.9, this function's implementation will be changed to use torchaudio.load_with_torchcodec` under the hood. Some parameters like ``normalize``, ``format``, ``buffer_size``, and ``backend`` will be ignored. We recommend that you port your code to rely directly on TorchCodec's decoder instead: https://docs.pytorch.org/torchcodec/stable/generated/torchcodec.decoders.AudioDecoder.html#torchcodec.decoders.AudioDecoder.
  warnings.warn(
/nas2/data/dlwmznzl1/anaconda3/envs/Dist1/lib/python3.9/site-packages/torchaudio/_backend/utils.py:213: UserWarning: In 2.9, this function's implementation will be changed to use torchaudio.load_with_torchcodec` under the hood. Some parameters like ``normalize``, ``format``, ``buffer_size``, and ``backend`` will be ignored. We recommend that you port your code to rely directly on TorchCodec's decoder instead: https://docs.pytorch.org/torchcodec/stable/generated/torchcodec.decoders.AudioDecoder.html#torchcodec.decoders.AudioDecoder.
  warnings.warn(
/nas2/data/dlwmznzl1/anaconda3/envs/Dist1/lib/python3.9/site-packages/torchaudio/_backend/utils.py:213: UserWarning: In 2.9, this function's implementation will be changed to use torchaudio.load_with_torchcodec` under the hood. Some parameters like ``normalize``, ``format``, ``buffer_size``, and ``backend`` will be ignored. We recommend that you port your code to rely directly on TorchCodec's decoder instead: https://docs.pytorch.org/torchcodec/stable/generated/torchcodec.decoders.AudioDecoder.html#torchcodec.decoders.AudioDecoder.
  warnings.warn(
/nas2/data/dlwmznzl1/anaconda3/envs/Dist1/lib/python3.9/site-packages/torchaudio/_backend/utils.py:213: UserWarning: In 2.9, this function's implementation will be changed to use torchaudio.load_with_torchcodec` under the hood. Some parameters like ``normalize``, ``format``, ``buffer_size``, and ``backend`` will be ignored. We recommend that you port your code to rely directly on TorchCodec's decoder instead: https://docs.pytorch.org/torchcodec/stable/generated/torchcodec.decoders.AudioDecoder.html#torchcodec.decoders.AudioDecoder.
  warnings.warn(
/nas2/data/dlwmznzl1/anaconda3/envs/Dist1/lib/python3.9/site-packages/torchaudio/_backend/utils.py:213: UserWarning: In 2.9, this function's implementation will be changed to use torchaudio.load_with_torchcodec` under the hood. Some parameters like ``normalize``, ``format``, ``buffer_size``, and ``backend`` will be ignored. We recommend that you port your code to rely directly on TorchCodec's decoder instead: https://docs.pytorch.org/torchcodec/stable/generated/torchcodec.decoders.AudioDecoder.html#torchcodec.decoders.AudioDecoder.
  warnings.warn(
2025-11-17 19:37:42,803 DDP_Script [Rank 0] [INFO] val WER 1.000, CER 1.000, pseudo-acc 0.00%
2025-11-17 19:37:42,812 DDP_Script [Rank 0] [INFO] Saving checkpoint to ./checkpoints/job-e04af7a9dc23/latest_checkpoint.pth ...
2025-11-17 19:37:43,833 DDP_Script [Rank 0] [INFO] Successfully reported epoch 1/20 (Acc: 0.00%) to global server.
2025-11-17 19:37:43,835 DDP_Script [Rank 0] [INFO] epoch 2 시작
2025-11-17 19:37:43,836 DDP_Script [Rank 0] [INFO] 모든 노드 중 max_steps = 32
2025-11-17 19:37:43,836 DDP_Script [Rank 0] [INFO] local_steps=32, global_steps=32
/nas2/data/dlwmznzl1/anaconda3/envs/Dist1/lib/python3.9/site-packages/torchaudio/_backend/utils.py:213: UserWarning: In 2.9, this function's implementation will be changed to use torchaudio.load_with_torchcodec` under the hood. Some parameters like ``normalize``, ``format``, ``buffer_size``, and ``backend`` will be ignored. We recommend that you port your code to rely directly on TorchCodec's decoder instead: https://docs.pytorch.org/torchcodec/stable/generated/torchcodec.decoders.AudioDecoder.html#torchcodec.decoders.AudioDecoder.
  warnings.warn(
/nas2/data/dlwmznzl1/anaconda3/envs/Dist1/lib/python3.9/site-packages/torchaudio/_backend/utils.py:213: UserWarning: In 2.9, this function's implementation will be changed to use torchaudio.load_with_torchcodec` under the hood. Some parameters like ``normalize``, ``format``, ``buffer_size``, and ``backend`` will be ignored. We recommend that you port your code to rely directly on TorchCodec's decoder instead: https://docs.pytorch.org/torchcodec/stable/generated/torchcodec.decoders.AudioDecoder.html#torchcodec.decoders.AudioDecoder.
  warnings.warn(
/nas2/data/dlwmznzl1/anaconda3/envs/Dist1/lib/python3.9/site-packages/torchaudio/_backend/utils.py:213: UserWarning: In 2.9, this function's implementation will be changed to use torchaudio.load_with_torchcodec` under the hood. Some parameters like ``normalize``, ``format``, ``buffer_size``, and ``backend`` will be ignored. We recommend that you port your code to rely directly on TorchCodec's decoder instead: https://docs.pytorch.org/torchcodec/stable/generated/torchcodec.decoders.AudioDecoder.html#torchcodec.decoders.AudioDecoder.
  warnings.warn(
/nas2/data/dlwmznzl1/anaconda3/envs/Dist1/lib/python3.9/site-packages/torchaudio/_backend/utils.py:213: UserWarning: In 2.9, this function's implementation will be changed to use torchaudio.load_with_torchcodec` under the hood. Some parameters like ``normalize``, ``format``, ``buffer_size``, and ``backend`` will be ignored. We recommend that you port your code to rely directly on TorchCodec's decoder instead: https://docs.pytorch.org/torchcodec/stable/generated/torchcodec.decoders.AudioDecoder.html#torchcodec.decoders.AudioDecoder.
  warnings.warn(
/nas2/data/dlwmznzl1/anaconda3/envs/Dist1/lib/python3.9/site-packages/torchaudio/_backend/utils.py:213: UserWarning: In 2.9, this function's implementation will be changed to use torchaudio.load_with_torchcodec` under the hood. Some parameters like ``normalize``, ``format``, ``buffer_size``, and ``backend`` will be ignored. We recommend that you port your code to rely directly on TorchCodec's decoder instead: https://docs.pytorch.org/torchcodec/stable/generated/torchcodec.decoders.AudioDecoder.html#torchcodec.decoders.AudioDecoder.
  warnings.warn(
/nas2/data/dlwmznzl1/anaconda3/envs/Dist1/lib/python3.9/site-packages/torchaudio/_backend/utils.py:213: UserWarning: In 2.9, this function's implementation will be changed to use torchaudio.load_with_torchcodec` under the hood. Some parameters like ``normalize``, ``format``, ``buffer_size``, and ``backend`` will be ignored. We recommend that you port your code to rely directly on TorchCodec's decoder instead: https://docs.pytorch.org/torchcodec/stable/generated/torchcodec.decoders.AudioDecoder.html#torchcodec.decoders.AudioDecoder.
  warnings.warn(
/nas2/data/dlwmznzl1/anaconda3/envs/Dist1/lib/python3.9/site-packages/torchaudio/_backend/utils.py:213: UserWarning: In 2.9, this function's implementation will be changed to use torchaudio.load_with_torchcodec` under the hood. Some parameters like ``normalize``, ``format``, ``buffer_size``, and ``backend`` will be ignored. We recommend that you port your code to rely directly on TorchCodec's decoder instead: https://docs.pytorch.org/torchcodec/stable/generated/torchcodec.decoders.AudioDecoder.html#torchcodec.decoders.AudioDecoder.
  warnings.warn(
/nas2/data/dlwmznzl1/anaconda3/envs/Dist1/lib/python3.9/site-packages/torchaudio/_backend/utils.py:213: UserWarning: In 2.9, this function's implementation will be changed to use torchaudio.load_with_torchcodec` under the hood. Some parameters like ``normalize``, ``format``, ``buffer_size``, and ``backend`` will be ignored. We recommend that you port your code to rely directly on TorchCodec's decoder instead: https://docs.pytorch.org/torchcodec/stable/generated/torchcodec.decoders.AudioDecoder.html#torchcodec.decoders.AudioDecoder.
  warnings.warn(
2025-11-17 19:37:49,185 DDP_Script [Rank 0] [INFO] val WER 1.000, CER 1.000, pseudo-acc 0.00%
2025-11-17 19:37:49,187 DDP_Script [Rank 0] [INFO] Saving checkpoint to ./checkpoints/job-e04af7a9dc23/latest_checkpoint.pth ...
2025-11-17 19:37:50,270 DDP_Script [Rank 0] [INFO] Successfully reported epoch 2/20 (Acc: 0.00%) to global server.
2025-11-17 19:37:50,271 DDP_Script [Rank 0] [INFO] epoch 3 시작
2025-11-17 19:37:50,272 DDP_Script [Rank 0] [INFO] 모든 노드 중 max_steps = 32
2025-11-17 19:37:50,272 DDP_Script [Rank 0] [INFO] local_steps=32, global_steps=32
/nas2/data/dlwmznzl1/anaconda3/envs/Dist1/lib/python3.9/site-packages/torchaudio/_backend/utils.py:213: UserWarning: In 2.9, this function's implementation will be changed to use torchaudio.load_with_torchcodec` under the hood. Some parameters like ``normalize``, ``format``, ``buffer_size``, and ``backend`` will be ignored. We recommend that you port your code to rely directly on TorchCodec's decoder instead: https://docs.pytorch.org/torchcodec/stable/generated/torchcodec.decoders.AudioDecoder.html#torchcodec.decoders.AudioDecoder.
  warnings.warn(
/nas2/data/dlwmznzl1/anaconda3/envs/Dist1/lib/python3.9/site-packages/torchaudio/_backend/utils.py:213: UserWarning: In 2.9, this function's implementation will be changed to use torchaudio.load_with_torchcodec` under the hood. Some parameters like ``normalize``, ``format``, ``buffer_size``, and ``backend`` will be ignored. We recommend that you port your code to rely directly on TorchCodec's decoder instead: https://docs.pytorch.org/torchcodec/stable/generated/torchcodec.decoders.AudioDecoder.html#torchcodec.decoders.AudioDecoder.
  warnings.warn(
/nas2/data/dlwmznzl1/anaconda3/envs/Dist1/lib/python3.9/site-packages/torchaudio/_backend/utils.py:213: UserWarning: In 2.9, this function's implementation will be changed to use torchaudio.load_with_torchcodec` under the hood. Some parameters like ``normalize``, ``format``, ``buffer_size``, and ``backend`` will be ignored. We recommend that you port your code to rely directly on TorchCodec's decoder instead: https://docs.pytorch.org/torchcodec/stable/generated/torchcodec.decoders.AudioDecoder.html#torchcodec.decoders.AudioDecoder.
  warnings.warn(
/nas2/data/dlwmznzl1/anaconda3/envs/Dist1/lib/python3.9/site-packages/torchaudio/_backend/utils.py:213: UserWarning: In 2.9, this function's implementation will be changed to use torchaudio.load_with_torchcodec` under the hood. Some parameters like ``normalize``, ``format``, ``buffer_size``, and ``backend`` will be ignored. We recommend that you port your code to rely directly on TorchCodec's decoder instead: https://docs.pytorch.org/torchcodec/stable/generated/torchcodec.decoders.AudioDecoder.html#torchcodec.decoders.AudioDecoder.
  warnings.warn(
/nas2/data/dlwmznzl1/anaconda3/envs/Dist1/lib/python3.9/site-packages/torchaudio/_backend/utils.py:213: UserWarning: In 2.9, this function's implementation will be changed to use torchaudio.load_with_torchcodec` under the hood. Some parameters like ``normalize``, ``format``, ``buffer_size``, and ``backend`` will be ignored. We recommend that you port your code to rely directly on TorchCodec's decoder instead: https://docs.pytorch.org/torchcodec/stable/generated/torchcodec.decoders.AudioDecoder.html#torchcodec.decoders.AudioDecoder.
  warnings.warn(
/nas2/data/dlwmznzl1/anaconda3/envs/Dist1/lib/python3.9/site-packages/torchaudio/_backend/utils.py:213: UserWarning: In 2.9, this function's implementation will be changed to use torchaudio.load_with_torchcodec` under the hood. Some parameters like ``normalize``, ``format``, ``buffer_size``, and ``backend`` will be ignored. We recommend that you port your code to rely directly on TorchCodec's decoder instead: https://docs.pytorch.org/torchcodec/stable/generated/torchcodec.decoders.AudioDecoder.html#torchcodec.decoders.AudioDecoder.
  warnings.warn(
/nas2/data/dlwmznzl1/anaconda3/envs/Dist1/lib/python3.9/site-packages/torchaudio/_backend/utils.py:213: UserWarning: In 2.9, this function's implementation will be changed to use torchaudio.load_with_torchcodec` under the hood. Some parameters like ``normalize``, ``format``, ``buffer_size``, and ``backend`` will be ignored. We recommend that you port your code to rely directly on TorchCodec's decoder instead: https://docs.pytorch.org/torchcodec/stable/generated/torchcodec.decoders.AudioDecoder.html#torchcodec.decoders.AudioDecoder.
  warnings.warn(
/nas2/data/dlwmznzl1/anaconda3/envs/Dist1/lib/python3.9/site-packages/torchaudio/_backend/utils.py:213: UserWarning: In 2.9, this function's implementation will be changed to use torchaudio.load_with_torchcodec` under the hood. Some parameters like ``normalize``, ``format``, ``buffer_size``, and ``backend`` will be ignored. We recommend that you port your code to rely directly on TorchCodec's decoder instead: https://docs.pytorch.org/torchcodec/stable/generated/torchcodec.decoders.AudioDecoder.html#torchcodec.decoders.AudioDecoder.
  warnings.warn(
2025-11-17 19:37:55,505 DDP_Script [Rank 0] [INFO] val WER 1.000, CER 1.000, pseudo-acc 0.00%
2025-11-17 19:37:55,507 DDP_Script [Rank 0] [INFO] Saving checkpoint to ./checkpoints/job-e04af7a9dc23/latest_checkpoint.pth ...
2025-11-17 19:37:56,594 DDP_Script [Rank 0] [INFO] Successfully reported epoch 3/20 (Acc: 0.00%) to global server.
2025-11-17 19:37:56,595 DDP_Script [Rank 0] [INFO] epoch 4 시작
2025-11-17 19:37:56,596 DDP_Script [Rank 0] [INFO] 모든 노드 중 max_steps = 32
2025-11-17 19:37:56,596 DDP_Script [Rank 0] [INFO] local_steps=32, global_steps=32
/nas2/data/dlwmznzl1/anaconda3/envs/Dist1/lib/python3.9/site-packages/torchaudio/_backend/utils.py:213: UserWarning: In 2.9, this function's implementation will be changed to use torchaudio.load_with_torchcodec` under the hood. Some parameters like ``normalize``, ``format``, ``buffer_size``, and ``backend`` will be ignored. We recommend that you port your code to rely directly on TorchCodec's decoder instead: https://docs.pytorch.org/torchcodec/stable/generated/torchcodec.decoders.AudioDecoder.html#torchcodec.decoders.AudioDecoder.
  warnings.warn(
/nas2/data/dlwmznzl1/anaconda3/envs/Dist1/lib/python3.9/site-packages/torchaudio/_backend/utils.py:213: UserWarning: In 2.9, this function's implementation will be changed to use torchaudio.load_with_torchcodec` under the hood. Some parameters like ``normalize``, ``format``, ``buffer_size``, and ``backend`` will be ignored. We recommend that you port your code to rely directly on TorchCodec's decoder instead: https://docs.pytorch.org/torchcodec/stable/generated/torchcodec.decoders.AudioDecoder.html#torchcodec.decoders.AudioDecoder.
  warnings.warn(
/nas2/data/dlwmznzl1/anaconda3/envs/Dist1/lib/python3.9/site-packages/torchaudio/_backend/utils.py:213: UserWarning: In 2.9, this function's implementation will be changed to use torchaudio.load_with_torchcodec` under the hood. Some parameters like ``normalize``, ``format``, ``buffer_size``, and ``backend`` will be ignored. We recommend that you port your code to rely directly on TorchCodec's decoder instead: https://docs.pytorch.org/torchcodec/stable/generated/torchcodec.decoders.AudioDecoder.html#torchcodec.decoders.AudioDecoder.
  warnings.warn(
/nas2/data/dlwmznzl1/anaconda3/envs/Dist1/lib/python3.9/site-packages/torchaudio/_backend/utils.py:213: UserWarning: In 2.9, this function's implementation will be changed to use torchaudio.load_with_torchcodec` under the hood. Some parameters like ``normalize``, ``format``, ``buffer_size``, and ``backend`` will be ignored. We recommend that you port your code to rely directly on TorchCodec's decoder instead: https://docs.pytorch.org/torchcodec/stable/generated/torchcodec.decoders.AudioDecoder.html#torchcodec.decoders.AudioDecoder.
  warnings.warn(
/nas2/data/dlwmznzl1/anaconda3/envs/Dist1/lib/python3.9/site-packages/torchaudio/_backend/utils.py:213: UserWarning: In 2.9, this function's implementation will be changed to use torchaudio.load_with_torchcodec` under the hood. Some parameters like ``normalize``, ``format``, ``buffer_size``, and ``backend`` will be ignored. We recommend that you port your code to rely directly on TorchCodec's decoder instead: https://docs.pytorch.org/torchcodec/stable/generated/torchcodec.decoders.AudioDecoder.html#torchcodec.decoders.AudioDecoder.
  warnings.warn(
/nas2/data/dlwmznzl1/anaconda3/envs/Dist1/lib/python3.9/site-packages/torchaudio/_backend/utils.py:213: UserWarning: In 2.9, this function's implementation will be changed to use torchaudio.load_with_torchcodec` under the hood. Some parameters like ``normalize``, ``format``, ``buffer_size``, and ``backend`` will be ignored. We recommend that you port your code to rely directly on TorchCodec's decoder instead: https://docs.pytorch.org/torchcodec/stable/generated/torchcodec.decoders.AudioDecoder.html#torchcodec.decoders.AudioDecoder.
  warnings.warn(
/nas2/data/dlwmznzl1/anaconda3/envs/Dist1/lib/python3.9/site-packages/torchaudio/_backend/utils.py:213: UserWarning: In 2.9, this function's implementation will be changed to use torchaudio.load_with_torchcodec` under the hood. Some parameters like ``normalize``, ``format``, ``buffer_size``, and ``backend`` will be ignored. We recommend that you port your code to rely directly on TorchCodec's decoder instead: https://docs.pytorch.org/torchcodec/stable/generated/torchcodec.decoders.AudioDecoder.html#torchcodec.decoders.AudioDecoder.
  warnings.warn(
/nas2/data/dlwmznzl1/anaconda3/envs/Dist1/lib/python3.9/site-packages/torchaudio/_backend/utils.py:213: UserWarning: In 2.9, this function's implementation will be changed to use torchaudio.load_with_torchcodec` under the hood. Some parameters like ``normalize``, ``format``, ``buffer_size``, and ``backend`` will be ignored. We recommend that you port your code to rely directly on TorchCodec's decoder instead: https://docs.pytorch.org/torchcodec/stable/generated/torchcodec.decoders.AudioDecoder.html#torchcodec.decoders.AudioDecoder.
  warnings.warn(
2025-11-17 19:38:01,834 DDP_Script [Rank 0] [INFO] val WER 1.000, CER 1.000, pseudo-acc 0.00%
2025-11-17 19:38:01,843 DDP_Script [Rank 0] [INFO] Saving checkpoint to ./checkpoints/job-e04af7a9dc23/latest_checkpoint.pth ...
2025-11-17 19:38:02,744 DDP_Script [Rank 0] [INFO] Successfully reported epoch 4/20 (Acc: 0.00%) to global server.
2025-11-17 19:38:02,745 DDP_Script [Rank 0] [INFO] epoch 5 시작
2025-11-17 19:38:02,747 DDP_Script [Rank 0] [INFO] 모든 노드 중 max_steps = 32
2025-11-17 19:38:02,747 DDP_Script [Rank 0] [INFO] local_steps=32, global_steps=32
/nas2/data/dlwmznzl1/anaconda3/envs/Dist1/lib/python3.9/site-packages/torchaudio/_backend/utils.py:213: UserWarning: In 2.9, this function's implementation will be changed to use torchaudio.load_with_torchcodec` under the hood. Some parameters like ``normalize``, ``format``, ``buffer_size``, and ``backend`` will be ignored. We recommend that you port your code to rely directly on TorchCodec's decoder instead: https://docs.pytorch.org/torchcodec/stable/generated/torchcodec.decoders.AudioDecoder.html#torchcodec.decoders.AudioDecoder.
  warnings.warn(
/nas2/data/dlwmznzl1/anaconda3/envs/Dist1/lib/python3.9/site-packages/torchaudio/_backend/utils.py:213: UserWarning: In 2.9, this function's implementation will be changed to use torchaudio.load_with_torchcodec` under the hood. Some parameters like ``normalize``, ``format``, ``buffer_size``, and ``backend`` will be ignored. We recommend that you port your code to rely directly on TorchCodec's decoder instead: https://docs.pytorch.org/torchcodec/stable/generated/torchcodec.decoders.AudioDecoder.html#torchcodec.decoders.AudioDecoder.
  warnings.warn(
/nas2/data/dlwmznzl1/anaconda3/envs/Dist1/lib/python3.9/site-packages/torchaudio/_backend/utils.py:213: UserWarning: In 2.9, this function's implementation will be changed to use torchaudio.load_with_torchcodec` under the hood. Some parameters like ``normalize``, ``format``, ``buffer_size``, and ``backend`` will be ignored. We recommend that you port your code to rely directly on TorchCodec's decoder instead: https://docs.pytorch.org/torchcodec/stable/generated/torchcodec.decoders.AudioDecoder.html#torchcodec.decoders.AudioDecoder.
  warnings.warn(
/nas2/data/dlwmznzl1/anaconda3/envs/Dist1/lib/python3.9/site-packages/torchaudio/_backend/utils.py:213: UserWarning: In 2.9, this function's implementation will be changed to use torchaudio.load_with_torchcodec` under the hood. Some parameters like ``normalize``, ``format``, ``buffer_size``, and ``backend`` will be ignored. We recommend that you port your code to rely directly on TorchCodec's decoder instead: https://docs.pytorch.org/torchcodec/stable/generated/torchcodec.decoders.AudioDecoder.html#torchcodec.decoders.AudioDecoder.
  warnings.warn(
/nas2/data/dlwmznzl1/anaconda3/envs/Dist1/lib/python3.9/site-packages/torchaudio/_backend/utils.py:213: UserWarning: In 2.9, this function's implementation will be changed to use torchaudio.load_with_torchcodec` under the hood. Some parameters like ``normalize``, ``format``, ``buffer_size``, and ``backend`` will be ignored. We recommend that you port your code to rely directly on TorchCodec's decoder instead: https://docs.pytorch.org/torchcodec/stable/generated/torchcodec.decoders.AudioDecoder.html#torchcodec.decoders.AudioDecoder.
  warnings.warn(
/nas2/data/dlwmznzl1/anaconda3/envs/Dist1/lib/python3.9/site-packages/torchaudio/_backend/utils.py:213: UserWarning: In 2.9, this function's implementation will be changed to use torchaudio.load_with_torchcodec` under the hood. Some parameters like ``normalize``, ``format``, ``buffer_size``, and ``backend`` will be ignored. We recommend that you port your code to rely directly on TorchCodec's decoder instead: https://docs.pytorch.org/torchcodec/stable/generated/torchcodec.decoders.AudioDecoder.html#torchcodec.decoders.AudioDecoder.
  warnings.warn(
/nas2/data/dlwmznzl1/anaconda3/envs/Dist1/lib/python3.9/site-packages/torchaudio/_backend/utils.py:213: UserWarning: In 2.9, this function's implementation will be changed to use torchaudio.load_with_torchcodec` under the hood. Some parameters like ``normalize``, ``format``, ``buffer_size``, and ``backend`` will be ignored. We recommend that you port your code to rely directly on TorchCodec's decoder instead: https://docs.pytorch.org/torchcodec/stable/generated/torchcodec.decoders.AudioDecoder.html#torchcodec.decoders.AudioDecoder.
  warnings.warn(
/nas2/data/dlwmznzl1/anaconda3/envs/Dist1/lib/python3.9/site-packages/torchaudio/_backend/utils.py:213: UserWarning: In 2.9, this function's implementation will be changed to use torchaudio.load_with_torchcodec` under the hood. Some parameters like ``normalize``, ``format``, ``buffer_size``, and ``backend`` will be ignored. We recommend that you port your code to rely directly on TorchCodec's decoder instead: https://docs.pytorch.org/torchcodec/stable/generated/torchcodec.decoders.AudioDecoder.html#torchcodec.decoders.AudioDecoder.
  warnings.warn(
2025-11-17 19:38:08,124 DDP_Script [Rank 0] [INFO] val WER 1.000, CER 1.000, pseudo-acc 0.00%
2025-11-17 19:38:08,128 DDP_Script [Rank 0] [INFO] Saving checkpoint to ./checkpoints/job-e04af7a9dc23/latest_checkpoint.pth ...
2025-11-17 19:38:09,324 DDP_Script [Rank 0] [INFO] Successfully reported epoch 5/20 (Acc: 0.00%) to global server.
2025-11-17 19:38:09,325 DDP_Script [Rank 0] [INFO] epoch 6 시작
2025-11-17 19:38:09,327 DDP_Script [Rank 0] [INFO] 모든 노드 중 max_steps = 32
2025-11-17 19:38:09,327 DDP_Script [Rank 0] [INFO] local_steps=32, global_steps=32
/nas2/data/dlwmznzl1/anaconda3/envs/Dist1/lib/python3.9/site-packages/torchaudio/_backend/utils.py:213: UserWarning: In 2.9, this function's implementation will be changed to use torchaudio.load_with_torchcodec` under the hood. Some parameters like ``normalize``, ``format``, ``buffer_size``, and ``backend`` will be ignored. We recommend that you port your code to rely directly on TorchCodec's decoder instead: https://docs.pytorch.org/torchcodec/stable/generated/torchcodec.decoders.AudioDecoder.html#torchcodec.decoders.AudioDecoder.
  warnings.warn(
/nas2/data/dlwmznzl1/anaconda3/envs/Dist1/lib/python3.9/site-packages/torchaudio/_backend/utils.py:213: UserWarning: In 2.9, this function's implementation will be changed to use torchaudio.load_with_torchcodec` under the hood. Some parameters like ``normalize``, ``format``, ``buffer_size``, and ``backend`` will be ignored. We recommend that you port your code to rely directly on TorchCodec's decoder instead: https://docs.pytorch.org/torchcodec/stable/generated/torchcodec.decoders.AudioDecoder.html#torchcodec.decoders.AudioDecoder.
  warnings.warn(
/nas2/data/dlwmznzl1/anaconda3/envs/Dist1/lib/python3.9/site-packages/torchaudio/_backend/utils.py:213: UserWarning: In 2.9, this function's implementation will be changed to use torchaudio.load_with_torchcodec` under the hood. Some parameters like ``normalize``, ``format``, ``buffer_size``, and ``backend`` will be ignored. We recommend that you port your code to rely directly on TorchCodec's decoder instead: https://docs.pytorch.org/torchcodec/stable/generated/torchcodec.decoders.AudioDecoder.html#torchcodec.decoders.AudioDecoder.
  warnings.warn(
/nas2/data/dlwmznzl1/anaconda3/envs/Dist1/lib/python3.9/site-packages/torchaudio/_backend/utils.py:213: UserWarning: In 2.9, this function's implementation will be changed to use torchaudio.load_with_torchcodec` under the hood. Some parameters like ``normalize``, ``format``, ``buffer_size``, and ``backend`` will be ignored. We recommend that you port your code to rely directly on TorchCodec's decoder instead: https://docs.pytorch.org/torchcodec/stable/generated/torchcodec.decoders.AudioDecoder.html#torchcodec.decoders.AudioDecoder.
  warnings.warn(
/nas2/data/dlwmznzl1/anaconda3/envs/Dist1/lib/python3.9/site-packages/torchaudio/_backend/utils.py:213: UserWarning: In 2.9, this function's implementation will be changed to use torchaudio.load_with_torchcodec` under the hood. Some parameters like ``normalize``, ``format``, ``buffer_size``, and ``backend`` will be ignored. We recommend that you port your code to rely directly on TorchCodec's decoder instead: https://docs.pytorch.org/torchcodec/stable/generated/torchcodec.decoders.AudioDecoder.html#torchcodec.decoders.AudioDecoder.
  warnings.warn(
/nas2/data/dlwmznzl1/anaconda3/envs/Dist1/lib/python3.9/site-packages/torchaudio/_backend/utils.py:213: UserWarning: In 2.9, this function's implementation will be changed to use torchaudio.load_with_torchcodec` under the hood. Some parameters like ``normalize``, ``format``, ``buffer_size``, and ``backend`` will be ignored. We recommend that you port your code to rely directly on TorchCodec's decoder instead: https://docs.pytorch.org/torchcodec/stable/generated/torchcodec.decoders.AudioDecoder.html#torchcodec.decoders.AudioDecoder.
  warnings.warn(
/nas2/data/dlwmznzl1/anaconda3/envs/Dist1/lib/python3.9/site-packages/torchaudio/_backend/utils.py:213: UserWarning: In 2.9, this function's implementation will be changed to use torchaudio.load_with_torchcodec` under the hood. Some parameters like ``normalize``, ``format``, ``buffer_size``, and ``backend`` will be ignored. We recommend that you port your code to rely directly on TorchCodec's decoder instead: https://docs.pytorch.org/torchcodec/stable/generated/torchcodec.decoders.AudioDecoder.html#torchcodec.decoders.AudioDecoder.
  warnings.warn(
/nas2/data/dlwmznzl1/anaconda3/envs/Dist1/lib/python3.9/site-packages/torchaudio/_backend/utils.py:213: UserWarning: In 2.9, this function's implementation will be changed to use torchaudio.load_with_torchcodec` under the hood. Some parameters like ``normalize``, ``format``, ``buffer_size``, and ``backend`` will be ignored. We recommend that you port your code to rely directly on TorchCodec's decoder instead: https://docs.pytorch.org/torchcodec/stable/generated/torchcodec.decoders.AudioDecoder.html#torchcodec.decoders.AudioDecoder.
  warnings.warn(
2025-11-17 19:38:14,619 DDP_Script [Rank 0] [INFO] val WER 1.000, CER 0.960, pseudo-acc 0.00%
2025-11-17 19:38:14,674 DDP_Script [Rank 0] [INFO] Saving checkpoint to ./checkpoints/job-e04af7a9dc23/latest_checkpoint.pth ...
2025-11-17 19:38:15,869 DDP_Script [Rank 0] [INFO] Successfully reported epoch 6/20 (Acc: 0.00%) to global server.
2025-11-17 19:38:15,871 DDP_Script [Rank 0] [INFO] epoch 7 시작
2025-11-17 19:38:15,872 DDP_Script [Rank 0] [INFO] 모든 노드 중 max_steps = 32
2025-11-17 19:38:15,872 DDP_Script [Rank 0] [INFO] local_steps=32, global_steps=32
/nas2/data/dlwmznzl1/anaconda3/envs/Dist1/lib/python3.9/site-packages/torchaudio/_backend/utils.py:213: UserWarning: In 2.9, this function's implementation will be changed to use torchaudio.load_with_torchcodec` under the hood. Some parameters like ``normalize``, ``format``, ``buffer_size``, and ``backend`` will be ignored. We recommend that you port your code to rely directly on TorchCodec's decoder instead: https://docs.pytorch.org/torchcodec/stable/generated/torchcodec.decoders.AudioDecoder.html#torchcodec.decoders.AudioDecoder.
  warnings.warn(
/nas2/data/dlwmznzl1/anaconda3/envs/Dist1/lib/python3.9/site-packages/torchaudio/_backend/utils.py:213: UserWarning: In 2.9, this function's implementation will be changed to use torchaudio.load_with_torchcodec` under the hood. Some parameters like ``normalize``, ``format``, ``buffer_size``, and ``backend`` will be ignored. We recommend that you port your code to rely directly on TorchCodec's decoder instead: https://docs.pytorch.org/torchcodec/stable/generated/torchcodec.decoders.AudioDecoder.html#torchcodec.decoders.AudioDecoder.
  warnings.warn(
/nas2/data/dlwmznzl1/anaconda3/envs/Dist1/lib/python3.9/site-packages/torchaudio/_backend/utils.py:213: UserWarning: In 2.9, this function's implementation will be changed to use torchaudio.load_with_torchcodec` under the hood. Some parameters like ``normalize``, ``format``, ``buffer_size``, and ``backend`` will be ignored. We recommend that you port your code to rely directly on TorchCodec's decoder instead: https://docs.pytorch.org/torchcodec/stable/generated/torchcodec.decoders.AudioDecoder.html#torchcodec.decoders.AudioDecoder.
  warnings.warn(
/nas2/data/dlwmznzl1/anaconda3/envs/Dist1/lib/python3.9/site-packages/torchaudio/_backend/utils.py:213: UserWarning: In 2.9, this function's implementation will be changed to use torchaudio.load_with_torchcodec` under the hood. Some parameters like ``normalize``, ``format``, ``buffer_size``, and ``backend`` will be ignored. We recommend that you port your code to rely directly on TorchCodec's decoder instead: https://docs.pytorch.org/torchcodec/stable/generated/torchcodec.decoders.AudioDecoder.html#torchcodec.decoders.AudioDecoder.
  warnings.warn(
/nas2/data/dlwmznzl1/anaconda3/envs/Dist1/lib/python3.9/site-packages/torchaudio/_backend/utils.py:213: UserWarning: In 2.9, this function's implementation will be changed to use torchaudio.load_with_torchcodec` under the hood. Some parameters like ``normalize``, ``format``, ``buffer_size``, and ``backend`` will be ignored. We recommend that you port your code to rely directly on TorchCodec's decoder instead: https://docs.pytorch.org/torchcodec/stable/generated/torchcodec.decoders.AudioDecoder.html#torchcodec.decoders.AudioDecoder.
  warnings.warn(
/nas2/data/dlwmznzl1/anaconda3/envs/Dist1/lib/python3.9/site-packages/torchaudio/_backend/utils.py:213: UserWarning: In 2.9, this function's implementation will be changed to use torchaudio.load_with_torchcodec` under the hood. Some parameters like ``normalize``, ``format``, ``buffer_size``, and ``backend`` will be ignored. We recommend that you port your code to rely directly on TorchCodec's decoder instead: https://docs.pytorch.org/torchcodec/stable/generated/torchcodec.decoders.AudioDecoder.html#torchcodec.decoders.AudioDecoder.
  warnings.warn(
/nas2/data/dlwmznzl1/anaconda3/envs/Dist1/lib/python3.9/site-packages/torchaudio/_backend/utils.py:213: UserWarning: In 2.9, this function's implementation will be changed to use torchaudio.load_with_torchcodec` under the hood. Some parameters like ``normalize``, ``format``, ``buffer_size``, and ``backend`` will be ignored. We recommend that you port your code to rely directly on TorchCodec's decoder instead: https://docs.pytorch.org/torchcodec/stable/generated/torchcodec.decoders.AudioDecoder.html#torchcodec.decoders.AudioDecoder.
  warnings.warn(
/nas2/data/dlwmznzl1/anaconda3/envs/Dist1/lib/python3.9/site-packages/torchaudio/_backend/utils.py:213: UserWarning: In 2.9, this function's implementation will be changed to use torchaudio.load_with_torchcodec` under the hood. Some parameters like ``normalize``, ``format``, ``buffer_size``, and ``backend`` will be ignored. We recommend that you port your code to rely directly on TorchCodec's decoder instead: https://docs.pytorch.org/torchcodec/stable/generated/torchcodec.decoders.AudioDecoder.html#torchcodec.decoders.AudioDecoder.
  warnings.warn(
2025-11-17 19:38:21,170 DDP_Script [Rank 0] [INFO] val WER 0.986, CER 0.962, pseudo-acc 1.40%
2025-11-17 19:38:21,173 DDP_Script [Rank 0] [INFO] Saving checkpoint to ./checkpoints/job-e04af7a9dc23/latest_checkpoint.pth ...
2025-11-17 19:38:22,278 DDP_Script [Rank 0] [INFO] Successfully reported epoch 7/20 (Acc: 1.40%) to global server.
2025-11-17 19:38:22,279 DDP_Script [Rank 0] [INFO] epoch 8 시작
2025-11-17 19:38:22,280 DDP_Script [Rank 0] [INFO] 모든 노드 중 max_steps = 32
2025-11-17 19:38:22,280 DDP_Script [Rank 0] [INFO] local_steps=32, global_steps=32
/nas2/data/dlwmznzl1/anaconda3/envs/Dist1/lib/python3.9/site-packages/torchaudio/_backend/utils.py:213: UserWarning: In 2.9, this function's implementation will be changed to use torchaudio.load_with_torchcodec` under the hood. Some parameters like ``normalize``, ``format``, ``buffer_size``, and ``backend`` will be ignored. We recommend that you port your code to rely directly on TorchCodec's decoder instead: https://docs.pytorch.org/torchcodec/stable/generated/torchcodec.decoders.AudioDecoder.html#torchcodec.decoders.AudioDecoder.
  warnings.warn(
/nas2/data/dlwmznzl1/anaconda3/envs/Dist1/lib/python3.9/site-packages/torchaudio/_backend/utils.py:213: UserWarning: In 2.9, this function's implementation will be changed to use torchaudio.load_with_torchcodec` under the hood. Some parameters like ``normalize``, ``format``, ``buffer_size``, and ``backend`` will be ignored. We recommend that you port your code to rely directly on TorchCodec's decoder instead: https://docs.pytorch.org/torchcodec/stable/generated/torchcodec.decoders.AudioDecoder.html#torchcodec.decoders.AudioDecoder.
  warnings.warn(
/nas2/data/dlwmznzl1/anaconda3/envs/Dist1/lib/python3.9/site-packages/torchaudio/_backend/utils.py:213: UserWarning: In 2.9, this function's implementation will be changed to use torchaudio.load_with_torchcodec` under the hood. Some parameters like ``normalize``, ``format``, ``buffer_size``, and ``backend`` will be ignored. We recommend that you port your code to rely directly on TorchCodec's decoder instead: https://docs.pytorch.org/torchcodec/stable/generated/torchcodec.decoders.AudioDecoder.html#torchcodec.decoders.AudioDecoder.
  warnings.warn(
/nas2/data/dlwmznzl1/anaconda3/envs/Dist1/lib/python3.9/site-packages/torchaudio/_backend/utils.py:213: UserWarning: In 2.9, this function's implementation will be changed to use torchaudio.load_with_torchcodec` under the hood. Some parameters like ``normalize``, ``format``, ``buffer_size``, and ``backend`` will be ignored. We recommend that you port your code to rely directly on TorchCodec's decoder instead: https://docs.pytorch.org/torchcodec/stable/generated/torchcodec.decoders.AudioDecoder.html#torchcodec.decoders.AudioDecoder.
  warnings.warn(
/nas2/data/dlwmznzl1/anaconda3/envs/Dist1/lib/python3.9/site-packages/torchaudio/_backend/utils.py:213: UserWarning: In 2.9, this function's implementation will be changed to use torchaudio.load_with_torchcodec` under the hood. Some parameters like ``normalize``, ``format``, ``buffer_size``, and ``backend`` will be ignored. We recommend that you port your code to rely directly on TorchCodec's decoder instead: https://docs.pytorch.org/torchcodec/stable/generated/torchcodec.decoders.AudioDecoder.html#torchcodec.decoders.AudioDecoder.
  warnings.warn(
/nas2/data/dlwmznzl1/anaconda3/envs/Dist1/lib/python3.9/site-packages/torchaudio/_backend/utils.py:213: UserWarning: In 2.9, this function's implementation will be changed to use torchaudio.load_with_torchcodec` under the hood. Some parameters like ``normalize``, ``format``, ``buffer_size``, and ``backend`` will be ignored. We recommend that you port your code to rely directly on TorchCodec's decoder instead: https://docs.pytorch.org/torchcodec/stable/generated/torchcodec.decoders.AudioDecoder.html#torchcodec.decoders.AudioDecoder.
  warnings.warn(
/nas2/data/dlwmznzl1/anaconda3/envs/Dist1/lib/python3.9/site-packages/torchaudio/_backend/utils.py:213: UserWarning: In 2.9, this function's implementation will be changed to use torchaudio.load_with_torchcodec` under the hood. Some parameters like ``normalize``, ``format``, ``buffer_size``, and ``backend`` will be ignored. We recommend that you port your code to rely directly on TorchCodec's decoder instead: https://docs.pytorch.org/torchcodec/stable/generated/torchcodec.decoders.AudioDecoder.html#torchcodec.decoders.AudioDecoder.
  warnings.warn(
/nas2/data/dlwmznzl1/anaconda3/envs/Dist1/lib/python3.9/site-packages/torchaudio/_backend/utils.py:213: UserWarning: In 2.9, this function's implementation will be changed to use torchaudio.load_with_torchcodec` under the hood. Some parameters like ``normalize``, ``format``, ``buffer_size``, and ``backend`` will be ignored. We recommend that you port your code to rely directly on TorchCodec's decoder instead: https://docs.pytorch.org/torchcodec/stable/generated/torchcodec.decoders.AudioDecoder.html#torchcodec.decoders.AudioDecoder.
  warnings.warn(
2025-11-17 19:38:27,551 DDP_Script [Rank 0] [INFO] val WER 1.000, CER 0.944, pseudo-acc 0.00%
2025-11-17 19:38:27,565 DDP_Script [Rank 0] [INFO] Saving checkpoint to ./checkpoints/job-e04af7a9dc23/latest_checkpoint.pth ...
2025-11-17 19:38:28,509 DDP_Script [Rank 0] [INFO] Successfully reported epoch 8/20 (Acc: 0.00%) to global server.
2025-11-17 19:38:28,511 DDP_Script [Rank 0] [INFO] epoch 9 시작
2025-11-17 19:38:28,513 DDP_Script [Rank 0] [INFO] 모든 노드 중 max_steps = 32
2025-11-17 19:38:28,513 DDP_Script [Rank 0] [INFO] local_steps=32, global_steps=32
/nas2/data/dlwmznzl1/anaconda3/envs/Dist1/lib/python3.9/site-packages/torchaudio/_backend/utils.py:213: UserWarning: In 2.9, this function's implementation will be changed to use torchaudio.load_with_torchcodec` under the hood. Some parameters like ``normalize``, ``format``, ``buffer_size``, and ``backend`` will be ignored. We recommend that you port your code to rely directly on TorchCodec's decoder instead: https://docs.pytorch.org/torchcodec/stable/generated/torchcodec.decoders.AudioDecoder.html#torchcodec.decoders.AudioDecoder.
  warnings.warn(
/nas2/data/dlwmznzl1/anaconda3/envs/Dist1/lib/python3.9/site-packages/torchaudio/_backend/utils.py:213: UserWarning: In 2.9, this function's implementation will be changed to use torchaudio.load_with_torchcodec` under the hood. Some parameters like ``normalize``, ``format``, ``buffer_size``, and ``backend`` will be ignored. We recommend that you port your code to rely directly on TorchCodec's decoder instead: https://docs.pytorch.org/torchcodec/stable/generated/torchcodec.decoders.AudioDecoder.html#torchcodec.decoders.AudioDecoder.
  warnings.warn(
/nas2/data/dlwmznzl1/anaconda3/envs/Dist1/lib/python3.9/site-packages/torchaudio/_backend/utils.py:213: UserWarning: In 2.9, this function's implementation will be changed to use torchaudio.load_with_torchcodec` under the hood. Some parameters like ``normalize``, ``format``, ``buffer_size``, and ``backend`` will be ignored. We recommend that you port your code to rely directly on TorchCodec's decoder instead: https://docs.pytorch.org/torchcodec/stable/generated/torchcodec.decoders.AudioDecoder.html#torchcodec.decoders.AudioDecoder.
  warnings.warn(
/nas2/data/dlwmznzl1/anaconda3/envs/Dist1/lib/python3.9/site-packages/torchaudio/_backend/utils.py:213: UserWarning: In 2.9, this function's implementation will be changed to use torchaudio.load_with_torchcodec` under the hood. Some parameters like ``normalize``, ``format``, ``buffer_size``, and ``backend`` will be ignored. We recommend that you port your code to rely directly on TorchCodec's decoder instead: https://docs.pytorch.org/torchcodec/stable/generated/torchcodec.decoders.AudioDecoder.html#torchcodec.decoders.AudioDecoder.
  warnings.warn(
/nas2/data/dlwmznzl1/anaconda3/envs/Dist1/lib/python3.9/site-packages/torchaudio/_backend/utils.py:213: UserWarning: In 2.9, this function's implementation will be changed to use torchaudio.load_with_torchcodec` under the hood. Some parameters like ``normalize``, ``format``, ``buffer_size``, and ``backend`` will be ignored. We recommend that you port your code to rely directly on TorchCodec's decoder instead: https://docs.pytorch.org/torchcodec/stable/generated/torchcodec.decoders.AudioDecoder.html#torchcodec.decoders.AudioDecoder.
  warnings.warn(
/nas2/data/dlwmznzl1/anaconda3/envs/Dist1/lib/python3.9/site-packages/torchaudio/_backend/utils.py:213: UserWarning: In 2.9, this function's implementation will be changed to use torchaudio.load_with_torchcodec` under the hood. Some parameters like ``normalize``, ``format``, ``buffer_size``, and ``backend`` will be ignored. We recommend that you port your code to rely directly on TorchCodec's decoder instead: https://docs.pytorch.org/torchcodec/stable/generated/torchcodec.decoders.AudioDecoder.html#torchcodec.decoders.AudioDecoder.
  warnings.warn(
/nas2/data/dlwmznzl1/anaconda3/envs/Dist1/lib/python3.9/site-packages/torchaudio/_backend/utils.py:213: UserWarning: In 2.9, this function's implementation will be changed to use torchaudio.load_with_torchcodec` under the hood. Some parameters like ``normalize``, ``format``, ``buffer_size``, and ``backend`` will be ignored. We recommend that you port your code to rely directly on TorchCodec's decoder instead: https://docs.pytorch.org/torchcodec/stable/generated/torchcodec.decoders.AudioDecoder.html#torchcodec.decoders.AudioDecoder.
  warnings.warn(
/nas2/data/dlwmznzl1/anaconda3/envs/Dist1/lib/python3.9/site-packages/torchaudio/_backend/utils.py:213: UserWarning: In 2.9, this function's implementation will be changed to use torchaudio.load_with_torchcodec` under the hood. Some parameters like ``normalize``, ``format``, ``buffer_size``, and ``backend`` will be ignored. We recommend that you port your code to rely directly on TorchCodec's decoder instead: https://docs.pytorch.org/torchcodec/stable/generated/torchcodec.decoders.AudioDecoder.html#torchcodec.decoders.AudioDecoder.
  warnings.warn(
2025-11-17 19:38:33,781 DDP_Script [Rank 0] [INFO] val WER 0.968, CER 0.949, pseudo-acc 3.18%
2025-11-17 19:38:33,814 DDP_Script [Rank 0] [INFO] Saving checkpoint to ./checkpoints/job-e04af7a9dc23/latest_checkpoint.pth ...
2025-11-17 19:38:34,983 DDP_Script [Rank 0] [INFO] Successfully reported epoch 9/20 (Acc: 3.18%) to global server.
2025-11-17 19:38:34,985 DDP_Script [Rank 0] [INFO] epoch 10 시작
2025-11-17 19:38:34,986 DDP_Script [Rank 0] [INFO] 모든 노드 중 max_steps = 32
2025-11-17 19:38:34,986 DDP_Script [Rank 0] [INFO] local_steps=32, global_steps=32
/nas2/data/dlwmznzl1/anaconda3/envs/Dist1/lib/python3.9/site-packages/torchaudio/_backend/utils.py:213: UserWarning: In 2.9, this function's implementation will be changed to use torchaudio.load_with_torchcodec` under the hood. Some parameters like ``normalize``, ``format``, ``buffer_size``, and ``backend`` will be ignored. We recommend that you port your code to rely directly on TorchCodec's decoder instead: https://docs.pytorch.org/torchcodec/stable/generated/torchcodec.decoders.AudioDecoder.html#torchcodec.decoders.AudioDecoder.
  warnings.warn(
/nas2/data/dlwmznzl1/anaconda3/envs/Dist1/lib/python3.9/site-packages/torchaudio/_backend/utils.py:213: UserWarning: In 2.9, this function's implementation will be changed to use torchaudio.load_with_torchcodec` under the hood. Some parameters like ``normalize``, ``format``, ``buffer_size``, and ``backend`` will be ignored. We recommend that you port your code to rely directly on TorchCodec's decoder instead: https://docs.pytorch.org/torchcodec/stable/generated/torchcodec.decoders.AudioDecoder.html#torchcodec.decoders.AudioDecoder.
  warnings.warn(
/nas2/data/dlwmznzl1/anaconda3/envs/Dist1/lib/python3.9/site-packages/torchaudio/_backend/utils.py:213: UserWarning: In 2.9, this function's implementation will be changed to use torchaudio.load_with_torchcodec` under the hood. Some parameters like ``normalize``, ``format``, ``buffer_size``, and ``backend`` will be ignored. We recommend that you port your code to rely directly on TorchCodec's decoder instead: https://docs.pytorch.org/torchcodec/stable/generated/torchcodec.decoders.AudioDecoder.html#torchcodec.decoders.AudioDecoder.
  warnings.warn(
/nas2/data/dlwmznzl1/anaconda3/envs/Dist1/lib/python3.9/site-packages/torchaudio/_backend/utils.py:213: UserWarning: In 2.9, this function's implementation will be changed to use torchaudio.load_with_torchcodec` under the hood. Some parameters like ``normalize``, ``format``, ``buffer_size``, and ``backend`` will be ignored. We recommend that you port your code to rely directly on TorchCodec's decoder instead: https://docs.pytorch.org/torchcodec/stable/generated/torchcodec.decoders.AudioDecoder.html#torchcodec.decoders.AudioDecoder.
  warnings.warn(
/nas2/data/dlwmznzl1/anaconda3/envs/Dist1/lib/python3.9/site-packages/torchaudio/_backend/utils.py:213: UserWarning: In 2.9, this function's implementation will be changed to use torchaudio.load_with_torchcodec` under the hood. Some parameters like ``normalize``, ``format``, ``buffer_size``, and ``backend`` will be ignored. We recommend that you port your code to rely directly on TorchCodec's decoder instead: https://docs.pytorch.org/torchcodec/stable/generated/torchcodec.decoders.AudioDecoder.html#torchcodec.decoders.AudioDecoder.
  warnings.warn(
/nas2/data/dlwmznzl1/anaconda3/envs/Dist1/lib/python3.9/site-packages/torchaudio/_backend/utils.py:213: UserWarning: In 2.9, this function's implementation will be changed to use torchaudio.load_with_torchcodec` under the hood. Some parameters like ``normalize``, ``format``, ``buffer_size``, and ``backend`` will be ignored. We recommend that you port your code to rely directly on TorchCodec's decoder instead: https://docs.pytorch.org/torchcodec/stable/generated/torchcodec.decoders.AudioDecoder.html#torchcodec.decoders.AudioDecoder.
  warnings.warn(
/nas2/data/dlwmznzl1/anaconda3/envs/Dist1/lib/python3.9/site-packages/torchaudio/_backend/utils.py:213: UserWarning: In 2.9, this function's implementation will be changed to use torchaudio.load_with_torchcodec` under the hood. Some parameters like ``normalize``, ``format``, ``buffer_size``, and ``backend`` will be ignored. We recommend that you port your code to rely directly on TorchCodec's decoder instead: https://docs.pytorch.org/torchcodec/stable/generated/torchcodec.decoders.AudioDecoder.html#torchcodec.decoders.AudioDecoder.
  warnings.warn(
/nas2/data/dlwmznzl1/anaconda3/envs/Dist1/lib/python3.9/site-packages/torchaudio/_backend/utils.py:213: UserWarning: In 2.9, this function's implementation will be changed to use torchaudio.load_with_torchcodec` under the hood. Some parameters like ``normalize``, ``format``, ``buffer_size``, and ``backend`` will be ignored. We recommend that you port your code to rely directly on TorchCodec's decoder instead: https://docs.pytorch.org/torchcodec/stable/generated/torchcodec.decoders.AudioDecoder.html#torchcodec.decoders.AudioDecoder.
  warnings.warn(
2025-11-17 19:38:40,404 DDP_Script [Rank 0] [INFO] val WER 0.989, CER 0.979, pseudo-acc 1.12%
2025-11-17 19:38:40,407 DDP_Script [Rank 0] [INFO] Saving checkpoint to ./checkpoints/job-e04af7a9dc23/latest_checkpoint.pth ...
2025-11-17 19:38:41,544 DDP_Script [Rank 0] [INFO] Successfully reported epoch 10/20 (Acc: 1.12%) to global server.
2025-11-17 19:38:41,546 DDP_Script [Rank 0] [INFO] epoch 11 시작
2025-11-17 19:38:41,547 DDP_Script [Rank 0] [INFO] 모든 노드 중 max_steps = 32
2025-11-17 19:38:41,547 DDP_Script [Rank 0] [INFO] local_steps=32, global_steps=32
/nas2/data/dlwmznzl1/anaconda3/envs/Dist1/lib/python3.9/site-packages/torchaudio/_backend/utils.py:213: UserWarning: In 2.9, this function's implementation will be changed to use torchaudio.load_with_torchcodec` under the hood. Some parameters like ``normalize``, ``format``, ``buffer_size``, and ``backend`` will be ignored. We recommend that you port your code to rely directly on TorchCodec's decoder instead: https://docs.pytorch.org/torchcodec/stable/generated/torchcodec.decoders.AudioDecoder.html#torchcodec.decoders.AudioDecoder.
  warnings.warn(
/nas2/data/dlwmznzl1/anaconda3/envs/Dist1/lib/python3.9/site-packages/torchaudio/_backend/utils.py:213: UserWarning: In 2.9, this function's implementation will be changed to use torchaudio.load_with_torchcodec` under the hood. Some parameters like ``normalize``, ``format``, ``buffer_size``, and ``backend`` will be ignored. We recommend that you port your code to rely directly on TorchCodec's decoder instead: https://docs.pytorch.org/torchcodec/stable/generated/torchcodec.decoders.AudioDecoder.html#torchcodec.decoders.AudioDecoder.
  warnings.warn(
/nas2/data/dlwmznzl1/anaconda3/envs/Dist1/lib/python3.9/site-packages/torchaudio/_backend/utils.py:213: UserWarning: In 2.9, this function's implementation will be changed to use torchaudio.load_with_torchcodec` under the hood. Some parameters like ``normalize``, ``format``, ``buffer_size``, and ``backend`` will be ignored. We recommend that you port your code to rely directly on TorchCodec's decoder instead: https://docs.pytorch.org/torchcodec/stable/generated/torchcodec.decoders.AudioDecoder.html#torchcodec.decoders.AudioDecoder.
  warnings.warn(
/nas2/data/dlwmznzl1/anaconda3/envs/Dist1/lib/python3.9/site-packages/torchaudio/_backend/utils.py:213: UserWarning: In 2.9, this function's implementation will be changed to use torchaudio.load_with_torchcodec` under the hood. Some parameters like ``normalize``, ``format``, ``buffer_size``, and ``backend`` will be ignored. We recommend that you port your code to rely directly on TorchCodec's decoder instead: https://docs.pytorch.org/torchcodec/stable/generated/torchcodec.decoders.AudioDecoder.html#torchcodec.decoders.AudioDecoder.
  warnings.warn(
/nas2/data/dlwmznzl1/anaconda3/envs/Dist1/lib/python3.9/site-packages/torchaudio/_backend/utils.py:213: UserWarning: In 2.9, this function's implementation will be changed to use torchaudio.load_with_torchcodec` under the hood. Some parameters like ``normalize``, ``format``, ``buffer_size``, and ``backend`` will be ignored. We recommend that you port your code to rely directly on TorchCodec's decoder instead: https://docs.pytorch.org/torchcodec/stable/generated/torchcodec.decoders.AudioDecoder.html#torchcodec.decoders.AudioDecoder.
  warnings.warn(
/nas2/data/dlwmznzl1/anaconda3/envs/Dist1/lib/python3.9/site-packages/torchaudio/_backend/utils.py:213: UserWarning: In 2.9, this function's implementation will be changed to use torchaudio.load_with_torchcodec` under the hood. Some parameters like ``normalize``, ``format``, ``buffer_size``, and ``backend`` will be ignored. We recommend that you port your code to rely directly on TorchCodec's decoder instead: https://docs.pytorch.org/torchcodec/stable/generated/torchcodec.decoders.AudioDecoder.html#torchcodec.decoders.AudioDecoder.
  warnings.warn(
/nas2/data/dlwmznzl1/anaconda3/envs/Dist1/lib/python3.9/site-packages/torchaudio/_backend/utils.py:213: UserWarning: In 2.9, this function's implementation will be changed to use torchaudio.load_with_torchcodec` under the hood. Some parameters like ``normalize``, ``format``, ``buffer_size``, and ``backend`` will be ignored. We recommend that you port your code to rely directly on TorchCodec's decoder instead: https://docs.pytorch.org/torchcodec/stable/generated/torchcodec.decoders.AudioDecoder.html#torchcodec.decoders.AudioDecoder.
  warnings.warn(
/nas2/data/dlwmznzl1/anaconda3/envs/Dist1/lib/python3.9/site-packages/torchaudio/_backend/utils.py:213: UserWarning: In 2.9, this function's implementation will be changed to use torchaudio.load_with_torchcodec` under the hood. Some parameters like ``normalize``, ``format``, ``buffer_size``, and ``backend`` will be ignored. We recommend that you port your code to rely directly on TorchCodec's decoder instead: https://docs.pytorch.org/torchcodec/stable/generated/torchcodec.decoders.AudioDecoder.html#torchcodec.decoders.AudioDecoder.
  warnings.warn(
2025-11-17 19:38:46,789 DDP_Script [Rank 0] [INFO] val WER 0.968, CER 0.962, pseudo-acc 3.22%
2025-11-17 19:38:46,801 DDP_Script [Rank 0] [INFO] Saving checkpoint to ./checkpoints/job-e04af7a9dc23/latest_checkpoint.pth ...
2025-11-17 19:38:47,919 DDP_Script [Rank 0] [INFO] Successfully reported epoch 11/20 (Acc: 3.22%) to global server.
2025-11-17 19:38:47,920 DDP_Script [Rank 0] [INFO] epoch 12 시작
2025-11-17 19:38:47,922 DDP_Script [Rank 0] [INFO] 모든 노드 중 max_steps = 32
2025-11-17 19:38:47,922 DDP_Script [Rank 0] [INFO] local_steps=32, global_steps=32
/nas2/data/dlwmznzl1/anaconda3/envs/Dist1/lib/python3.9/site-packages/torchaudio/_backend/utils.py:213: UserWarning: In 2.9, this function's implementation will be changed to use torchaudio.load_with_torchcodec` under the hood. Some parameters like ``normalize``, ``format``, ``buffer_size``, and ``backend`` will be ignored. We recommend that you port your code to rely directly on TorchCodec's decoder instead: https://docs.pytorch.org/torchcodec/stable/generated/torchcodec.decoders.AudioDecoder.html#torchcodec.decoders.AudioDecoder.
  warnings.warn(
/nas2/data/dlwmznzl1/anaconda3/envs/Dist1/lib/python3.9/site-packages/torchaudio/_backend/utils.py:213: UserWarning: In 2.9, this function's implementation will be changed to use torchaudio.load_with_torchcodec` under the hood. Some parameters like ``normalize``, ``format``, ``buffer_size``, and ``backend`` will be ignored. We recommend that you port your code to rely directly on TorchCodec's decoder instead: https://docs.pytorch.org/torchcodec/stable/generated/torchcodec.decoders.AudioDecoder.html#torchcodec.decoders.AudioDecoder.
  warnings.warn(
/nas2/data/dlwmznzl1/anaconda3/envs/Dist1/lib/python3.9/site-packages/torchaudio/_backend/utils.py:213: UserWarning: In 2.9, this function's implementation will be changed to use torchaudio.load_with_torchcodec` under the hood. Some parameters like ``normalize``, ``format``, ``buffer_size``, and ``backend`` will be ignored. We recommend that you port your code to rely directly on TorchCodec's decoder instead: https://docs.pytorch.org/torchcodec/stable/generated/torchcodec.decoders.AudioDecoder.html#torchcodec.decoders.AudioDecoder.
  warnings.warn(
/nas2/data/dlwmznzl1/anaconda3/envs/Dist1/lib/python3.9/site-packages/torchaudio/_backend/utils.py:213: UserWarning: In 2.9, this function's implementation will be changed to use torchaudio.load_with_torchcodec` under the hood. Some parameters like ``normalize``, ``format``, ``buffer_size``, and ``backend`` will be ignored. We recommend that you port your code to rely directly on TorchCodec's decoder instead: https://docs.pytorch.org/torchcodec/stable/generated/torchcodec.decoders.AudioDecoder.html#torchcodec.decoders.AudioDecoder.
  warnings.warn(
/nas2/data/dlwmznzl1/anaconda3/envs/Dist1/lib/python3.9/site-packages/torchaudio/_backend/utils.py:213: UserWarning: In 2.9, this function's implementation will be changed to use torchaudio.load_with_torchcodec` under the hood. Some parameters like ``normalize``, ``format``, ``buffer_size``, and ``backend`` will be ignored. We recommend that you port your code to rely directly on TorchCodec's decoder instead: https://docs.pytorch.org/torchcodec/stable/generated/torchcodec.decoders.AudioDecoder.html#torchcodec.decoders.AudioDecoder.
  warnings.warn(
/nas2/data/dlwmznzl1/anaconda3/envs/Dist1/lib/python3.9/site-packages/torchaudio/_backend/utils.py:213: UserWarning: In 2.9, this function's implementation will be changed to use torchaudio.load_with_torchcodec` under the hood. Some parameters like ``normalize``, ``format``, ``buffer_size``, and ``backend`` will be ignored. We recommend that you port your code to rely directly on TorchCodec's decoder instead: https://docs.pytorch.org/torchcodec/stable/generated/torchcodec.decoders.AudioDecoder.html#torchcodec.decoders.AudioDecoder.
  warnings.warn(
/nas2/data/dlwmznzl1/anaconda3/envs/Dist1/lib/python3.9/site-packages/torchaudio/_backend/utils.py:213: UserWarning: In 2.9, this function's implementation will be changed to use torchaudio.load_with_torchcodec` under the hood. Some parameters like ``normalize``, ``format``, ``buffer_size``, and ``backend`` will be ignored. We recommend that you port your code to rely directly on TorchCodec's decoder instead: https://docs.pytorch.org/torchcodec/stable/generated/torchcodec.decoders.AudioDecoder.html#torchcodec.decoders.AudioDecoder.
  warnings.warn(
/nas2/data/dlwmznzl1/anaconda3/envs/Dist1/lib/python3.9/site-packages/torchaudio/_backend/utils.py:213: UserWarning: In 2.9, this function's implementation will be changed to use torchaudio.load_with_torchcodec` under the hood. Some parameters like ``normalize``, ``format``, ``buffer_size``, and ``backend`` will be ignored. We recommend that you port your code to rely directly on TorchCodec's decoder instead: https://docs.pytorch.org/torchcodec/stable/generated/torchcodec.decoders.AudioDecoder.html#torchcodec.decoders.AudioDecoder.
  warnings.warn(
2025-11-17 19:38:53,097 DDP_Script [Rank 0] [INFO] val WER 0.962, CER 0.954, pseudo-acc 3.82%
2025-11-17 19:38:53,106 DDP_Script [Rank 0] [INFO] Saving checkpoint to ./checkpoints/job-e04af7a9dc23/latest_checkpoint.pth ...
2025-11-17 19:38:54,415 DDP_Script [Rank 0] [INFO] Successfully reported epoch 12/20 (Acc: 3.82%) to global server.
2025-11-17 19:38:54,417 DDP_Script [Rank 0] [INFO] epoch 13 시작
2025-11-17 19:38:54,419 DDP_Script [Rank 0] [INFO] 모든 노드 중 max_steps = 32
2025-11-17 19:38:54,419 DDP_Script [Rank 0] [INFO] local_steps=32, global_steps=32
/nas2/data/dlwmznzl1/anaconda3/envs/Dist1/lib/python3.9/site-packages/torchaudio/_backend/utils.py:213: UserWarning: In 2.9, this function's implementation will be changed to use torchaudio.load_with_torchcodec` under the hood. Some parameters like ``normalize``, ``format``, ``buffer_size``, and ``backend`` will be ignored. We recommend that you port your code to rely directly on TorchCodec's decoder instead: https://docs.pytorch.org/torchcodec/stable/generated/torchcodec.decoders.AudioDecoder.html#torchcodec.decoders.AudioDecoder.
  warnings.warn(
/nas2/data/dlwmznzl1/anaconda3/envs/Dist1/lib/python3.9/site-packages/torchaudio/_backend/utils.py:213: UserWarning: In 2.9, this function's implementation will be changed to use torchaudio.load_with_torchcodec` under the hood. Some parameters like ``normalize``, ``format``, ``buffer_size``, and ``backend`` will be ignored. We recommend that you port your code to rely directly on TorchCodec's decoder instead: https://docs.pytorch.org/torchcodec/stable/generated/torchcodec.decoders.AudioDecoder.html#torchcodec.decoders.AudioDecoder.
  warnings.warn(
/nas2/data/dlwmznzl1/anaconda3/envs/Dist1/lib/python3.9/site-packages/torchaudio/_backend/utils.py:213: UserWarning: In 2.9, this function's implementation will be changed to use torchaudio.load_with_torchcodec` under the hood. Some parameters like ``normalize``, ``format``, ``buffer_size``, and ``backend`` will be ignored. We recommend that you port your code to rely directly on TorchCodec's decoder instead: https://docs.pytorch.org/torchcodec/stable/generated/torchcodec.decoders.AudioDecoder.html#torchcodec.decoders.AudioDecoder.
  warnings.warn(
/nas2/data/dlwmznzl1/anaconda3/envs/Dist1/lib/python3.9/site-packages/torchaudio/_backend/utils.py:213: UserWarning: In 2.9, this function's implementation will be changed to use torchaudio.load_with_torchcodec` under the hood. Some parameters like ``normalize``, ``format``, ``buffer_size``, and ``backend`` will be ignored. We recommend that you port your code to rely directly on TorchCodec's decoder instead: https://docs.pytorch.org/torchcodec/stable/generated/torchcodec.decoders.AudioDecoder.html#torchcodec.decoders.AudioDecoder.
  warnings.warn(
/nas2/data/dlwmznzl1/anaconda3/envs/Dist1/lib/python3.9/site-packages/torchaudio/_backend/utils.py:213: UserWarning: In 2.9, this function's implementation will be changed to use torchaudio.load_with_torchcodec` under the hood. Some parameters like ``normalize``, ``format``, ``buffer_size``, and ``backend`` will be ignored. We recommend that you port your code to rely directly on TorchCodec's decoder instead: https://docs.pytorch.org/torchcodec/stable/generated/torchcodec.decoders.AudioDecoder.html#torchcodec.decoders.AudioDecoder.
  warnings.warn(
/nas2/data/dlwmznzl1/anaconda3/envs/Dist1/lib/python3.9/site-packages/torchaudio/_backend/utils.py:213: UserWarning: In 2.9, this function's implementation will be changed to use torchaudio.load_with_torchcodec` under the hood. Some parameters like ``normalize``, ``format``, ``buffer_size``, and ``backend`` will be ignored. We recommend that you port your code to rely directly on TorchCodec's decoder instead: https://docs.pytorch.org/torchcodec/stable/generated/torchcodec.decoders.AudioDecoder.html#torchcodec.decoders.AudioDecoder.
  warnings.warn(
/nas2/data/dlwmznzl1/anaconda3/envs/Dist1/lib/python3.9/site-packages/torchaudio/_backend/utils.py:213: UserWarning: In 2.9, this function's implementation will be changed to use torchaudio.load_with_torchcodec` under the hood. Some parameters like ``normalize``, ``format``, ``buffer_size``, and ``backend`` will be ignored. We recommend that you port your code to rely directly on TorchCodec's decoder instead: https://docs.pytorch.org/torchcodec/stable/generated/torchcodec.decoders.AudioDecoder.html#torchcodec.decoders.AudioDecoder.
  warnings.warn(
/nas2/data/dlwmznzl1/anaconda3/envs/Dist1/lib/python3.9/site-packages/torchaudio/_backend/utils.py:213: UserWarning: In 2.9, this function's implementation will be changed to use torchaudio.load_with_torchcodec` under the hood. Some parameters like ``normalize``, ``format``, ``buffer_size``, and ``backend`` will be ignored. We recommend that you port your code to rely directly on TorchCodec's decoder instead: https://docs.pytorch.org/torchcodec/stable/generated/torchcodec.decoders.AudioDecoder.html#torchcodec.decoders.AudioDecoder.
  warnings.warn(
2025-11-17 19:38:59,834 DDP_Script [Rank 0] [INFO] val WER 0.964, CER 0.958, pseudo-acc 3.59%
2025-11-17 19:38:59,845 DDP_Script [Rank 0] [INFO] Saving checkpoint to ./checkpoints/job-e04af7a9dc23/latest_checkpoint.pth ...
2025-11-17 19:39:01,161 DDP_Script [Rank 0] [INFO] Successfully reported epoch 13/20 (Acc: 3.59%) to global server.
2025-11-17 19:39:01,162 DDP_Script [Rank 0] [INFO] epoch 14 시작
2025-11-17 19:39:01,163 DDP_Script [Rank 0] [INFO] 모든 노드 중 max_steps = 32
2025-11-17 19:39:01,164 DDP_Script [Rank 0] [INFO] local_steps=32, global_steps=32
/nas2/data/dlwmznzl1/anaconda3/envs/Dist1/lib/python3.9/site-packages/torchaudio/_backend/utils.py:213: UserWarning: In 2.9, this function's implementation will be changed to use torchaudio.load_with_torchcodec` under the hood. Some parameters like ``normalize``, ``format``, ``buffer_size``, and ``backend`` will be ignored. We recommend that you port your code to rely directly on TorchCodec's decoder instead: https://docs.pytorch.org/torchcodec/stable/generated/torchcodec.decoders.AudioDecoder.html#torchcodec.decoders.AudioDecoder.
  warnings.warn(
/nas2/data/dlwmznzl1/anaconda3/envs/Dist1/lib/python3.9/site-packages/torchaudio/_backend/utils.py:213: UserWarning: In 2.9, this function's implementation will be changed to use torchaudio.load_with_torchcodec` under the hood. Some parameters like ``normalize``, ``format``, ``buffer_size``, and ``backend`` will be ignored. We recommend that you port your code to rely directly on TorchCodec's decoder instead: https://docs.pytorch.org/torchcodec/stable/generated/torchcodec.decoders.AudioDecoder.html#torchcodec.decoders.AudioDecoder.
  warnings.warn(
/nas2/data/dlwmznzl1/anaconda3/envs/Dist1/lib/python3.9/site-packages/torchaudio/_backend/utils.py:213: UserWarning: In 2.9, this function's implementation will be changed to use torchaudio.load_with_torchcodec` under the hood. Some parameters like ``normalize``, ``format``, ``buffer_size``, and ``backend`` will be ignored. We recommend that you port your code to rely directly on TorchCodec's decoder instead: https://docs.pytorch.org/torchcodec/stable/generated/torchcodec.decoders.AudioDecoder.html#torchcodec.decoders.AudioDecoder.
  warnings.warn(
/nas2/data/dlwmznzl1/anaconda3/envs/Dist1/lib/python3.9/site-packages/torchaudio/_backend/utils.py:213: UserWarning: In 2.9, this function's implementation will be changed to use torchaudio.load_with_torchcodec` under the hood. Some parameters like ``normalize``, ``format``, ``buffer_size``, and ``backend`` will be ignored. We recommend that you port your code to rely directly on TorchCodec's decoder instead: https://docs.pytorch.org/torchcodec/stable/generated/torchcodec.decoders.AudioDecoder.html#torchcodec.decoders.AudioDecoder.
  warnings.warn(
/nas2/data/dlwmznzl1/anaconda3/envs/Dist1/lib/python3.9/site-packages/torchaudio/_backend/utils.py:213: UserWarning: In 2.9, this function's implementation will be changed to use torchaudio.load_with_torchcodec` under the hood. Some parameters like ``normalize``, ``format``, ``buffer_size``, and ``backend`` will be ignored. We recommend that you port your code to rely directly on TorchCodec's decoder instead: https://docs.pytorch.org/torchcodec/stable/generated/torchcodec.decoders.AudioDecoder.html#torchcodec.decoders.AudioDecoder.
  warnings.warn(
/nas2/data/dlwmznzl1/anaconda3/envs/Dist1/lib/python3.9/site-packages/torchaudio/_backend/utils.py:213: UserWarning: In 2.9, this function's implementation will be changed to use torchaudio.load_with_torchcodec` under the hood. Some parameters like ``normalize``, ``format``, ``buffer_size``, and ``backend`` will be ignored. We recommend that you port your code to rely directly on TorchCodec's decoder instead: https://docs.pytorch.org/torchcodec/stable/generated/torchcodec.decoders.AudioDecoder.html#torchcodec.decoders.AudioDecoder.
  warnings.warn(
/nas2/data/dlwmznzl1/anaconda3/envs/Dist1/lib/python3.9/site-packages/torchaudio/_backend/utils.py:213: UserWarning: In 2.9, this function's implementation will be changed to use torchaudio.load_with_torchcodec` under the hood. Some parameters like ``normalize``, ``format``, ``buffer_size``, and ``backend`` will be ignored. We recommend that you port your code to rely directly on TorchCodec's decoder instead: https://docs.pytorch.org/torchcodec/stable/generated/torchcodec.decoders.AudioDecoder.html#torchcodec.decoders.AudioDecoder.
  warnings.warn(
/nas2/data/dlwmznzl1/anaconda3/envs/Dist1/lib/python3.9/site-packages/torchaudio/_backend/utils.py:213: UserWarning: In 2.9, this function's implementation will be changed to use torchaudio.load_with_torchcodec` under the hood. Some parameters like ``normalize``, ``format``, ``buffer_size``, and ``backend`` will be ignored. We recommend that you port your code to rely directly on TorchCodec's decoder instead: https://docs.pytorch.org/torchcodec/stable/generated/torchcodec.decoders.AudioDecoder.html#torchcodec.decoders.AudioDecoder.
  warnings.warn(
2025-11-17 19:39:06,618 DDP_Script [Rank 0] [INFO] val WER 0.961, CER 0.962, pseudo-acc 3.90%
2025-11-17 19:39:06,622 DDP_Script [Rank 0] [INFO] Saving checkpoint to ./checkpoints/job-e04af7a9dc23/latest_checkpoint.pth ...
2025-11-17 19:39:07,870 DDP_Script [Rank 0] [INFO] Successfully reported epoch 14/20 (Acc: 3.90%) to global server.
2025-11-17 19:39:07,871 DDP_Script [Rank 0] [INFO] epoch 15 시작
2025-11-17 19:39:07,873 DDP_Script [Rank 0] [INFO] 모든 노드 중 max_steps = 32
2025-11-17 19:39:07,873 DDP_Script [Rank 0] [INFO] local_steps=32, global_steps=32
/nas2/data/dlwmznzl1/anaconda3/envs/Dist1/lib/python3.9/site-packages/torchaudio/_backend/utils.py:213: UserWarning: In 2.9, this function's implementation will be changed to use torchaudio.load_with_torchcodec` under the hood. Some parameters like ``normalize``, ``format``, ``buffer_size``, and ``backend`` will be ignored. We recommend that you port your code to rely directly on TorchCodec's decoder instead: https://docs.pytorch.org/torchcodec/stable/generated/torchcodec.decoders.AudioDecoder.html#torchcodec.decoders.AudioDecoder.
  warnings.warn(
/nas2/data/dlwmznzl1/anaconda3/envs/Dist1/lib/python3.9/site-packages/torchaudio/_backend/utils.py:213: UserWarning: In 2.9, this function's implementation will be changed to use torchaudio.load_with_torchcodec` under the hood. Some parameters like ``normalize``, ``format``, ``buffer_size``, and ``backend`` will be ignored. We recommend that you port your code to rely directly on TorchCodec's decoder instead: https://docs.pytorch.org/torchcodec/stable/generated/torchcodec.decoders.AudioDecoder.html#torchcodec.decoders.AudioDecoder.
  warnings.warn(
/nas2/data/dlwmznzl1/anaconda3/envs/Dist1/lib/python3.9/site-packages/torchaudio/_backend/utils.py:213: UserWarning: In 2.9, this function's implementation will be changed to use torchaudio.load_with_torchcodec` under the hood. Some parameters like ``normalize``, ``format``, ``buffer_size``, and ``backend`` will be ignored. We recommend that you port your code to rely directly on TorchCodec's decoder instead: https://docs.pytorch.org/torchcodec/stable/generated/torchcodec.decoders.AudioDecoder.html#torchcodec.decoders.AudioDecoder.
  warnings.warn(
/nas2/data/dlwmznzl1/anaconda3/envs/Dist1/lib/python3.9/site-packages/torchaudio/_backend/utils.py:213: UserWarning: In 2.9, this function's implementation will be changed to use torchaudio.load_with_torchcodec` under the hood. Some parameters like ``normalize``, ``format``, ``buffer_size``, and ``backend`` will be ignored. We recommend that you port your code to rely directly on TorchCodec's decoder instead: https://docs.pytorch.org/torchcodec/stable/generated/torchcodec.decoders.AudioDecoder.html#torchcodec.decoders.AudioDecoder.
  warnings.warn(
/nas2/data/dlwmznzl1/anaconda3/envs/Dist1/lib/python3.9/site-packages/torchaudio/_backend/utils.py:213: UserWarning: In 2.9, this function's implementation will be changed to use torchaudio.load_with_torchcodec` under the hood. Some parameters like ``normalize``, ``format``, ``buffer_size``, and ``backend`` will be ignored. We recommend that you port your code to rely directly on TorchCodec's decoder instead: https://docs.pytorch.org/torchcodec/stable/generated/torchcodec.decoders.AudioDecoder.html#torchcodec.decoders.AudioDecoder.
  warnings.warn(
/nas2/data/dlwmznzl1/anaconda3/envs/Dist1/lib/python3.9/site-packages/torchaudio/_backend/utils.py:213: UserWarning: In 2.9, this function's implementation will be changed to use torchaudio.load_with_torchcodec` under the hood. Some parameters like ``normalize``, ``format``, ``buffer_size``, and ``backend`` will be ignored. We recommend that you port your code to rely directly on TorchCodec's decoder instead: https://docs.pytorch.org/torchcodec/stable/generated/torchcodec.decoders.AudioDecoder.html#torchcodec.decoders.AudioDecoder.
  warnings.warn(
/nas2/data/dlwmznzl1/anaconda3/envs/Dist1/lib/python3.9/site-packages/torchaudio/_backend/utils.py:213: UserWarning: In 2.9, this function's implementation will be changed to use torchaudio.load_with_torchcodec` under the hood. Some parameters like ``normalize``, ``format``, ``buffer_size``, and ``backend`` will be ignored. We recommend that you port your code to rely directly on TorchCodec's decoder instead: https://docs.pytorch.org/torchcodec/stable/generated/torchcodec.decoders.AudioDecoder.html#torchcodec.decoders.AudioDecoder.
  warnings.warn(
/nas2/data/dlwmznzl1/anaconda3/envs/Dist1/lib/python3.9/site-packages/torchaudio/_backend/utils.py:213: UserWarning: In 2.9, this function's implementation will be changed to use torchaudio.load_with_torchcodec` under the hood. Some parameters like ``normalize``, ``format``, ``buffer_size``, and ``backend`` will be ignored. We recommend that you port your code to rely directly on TorchCodec's decoder instead: https://docs.pytorch.org/torchcodec/stable/generated/torchcodec.decoders.AudioDecoder.html#torchcodec.decoders.AudioDecoder.
  warnings.warn(
2025-11-17 19:39:13,245 DDP_Script [Rank 0] [INFO] val WER 0.956, CER 0.957, pseudo-acc 4.43%
2025-11-17 19:39:13,254 DDP_Script [Rank 0] [INFO] Saving checkpoint to ./checkpoints/job-e04af7a9dc23/latest_checkpoint.pth ...
2025-11-17 19:39:14,473 DDP_Script [Rank 0] [INFO] Successfully reported epoch 15/20 (Acc: 4.43%) to global server.
2025-11-17 19:39:14,474 DDP_Script [Rank 0] [INFO] epoch 16 시작
2025-11-17 19:39:14,476 DDP_Script [Rank 0] [INFO] 모든 노드 중 max_steps = 32
2025-11-17 19:39:14,476 DDP_Script [Rank 0] [INFO] local_steps=32, global_steps=32
/nas2/data/dlwmznzl1/anaconda3/envs/Dist1/lib/python3.9/site-packages/torchaudio/_backend/utils.py:213: UserWarning: In 2.9, this function's implementation will be changed to use torchaudio.load_with_torchcodec` under the hood. Some parameters like ``normalize``, ``format``, ``buffer_size``, and ``backend`` will be ignored. We recommend that you port your code to rely directly on TorchCodec's decoder instead: https://docs.pytorch.org/torchcodec/stable/generated/torchcodec.decoders.AudioDecoder.html#torchcodec.decoders.AudioDecoder.
  warnings.warn(
/nas2/data/dlwmznzl1/anaconda3/envs/Dist1/lib/python3.9/site-packages/torchaudio/_backend/utils.py:213: UserWarning: In 2.9, this function's implementation will be changed to use torchaudio.load_with_torchcodec` under the hood. Some parameters like ``normalize``, ``format``, ``buffer_size``, and ``backend`` will be ignored. We recommend that you port your code to rely directly on TorchCodec's decoder instead: https://docs.pytorch.org/torchcodec/stable/generated/torchcodec.decoders.AudioDecoder.html#torchcodec.decoders.AudioDecoder.
  warnings.warn(
/nas2/data/dlwmznzl1/anaconda3/envs/Dist1/lib/python3.9/site-packages/torchaudio/_backend/utils.py:213: UserWarning: In 2.9, this function's implementation will be changed to use torchaudio.load_with_torchcodec` under the hood. Some parameters like ``normalize``, ``format``, ``buffer_size``, and ``backend`` will be ignored. We recommend that you port your code to rely directly on TorchCodec's decoder instead: https://docs.pytorch.org/torchcodec/stable/generated/torchcodec.decoders.AudioDecoder.html#torchcodec.decoders.AudioDecoder.
  warnings.warn(
/nas2/data/dlwmznzl1/anaconda3/envs/Dist1/lib/python3.9/site-packages/torchaudio/_backend/utils.py:213: UserWarning: In 2.9, this function's implementation will be changed to use torchaudio.load_with_torchcodec` under the hood. Some parameters like ``normalize``, ``format``, ``buffer_size``, and ``backend`` will be ignored. We recommend that you port your code to rely directly on TorchCodec's decoder instead: https://docs.pytorch.org/torchcodec/stable/generated/torchcodec.decoders.AudioDecoder.html#torchcodec.decoders.AudioDecoder.
  warnings.warn(
/nas2/data/dlwmznzl1/anaconda3/envs/Dist1/lib/python3.9/site-packages/torchaudio/_backend/utils.py:213: UserWarning: In 2.9, this function's implementation will be changed to use torchaudio.load_with_torchcodec` under the hood. Some parameters like ``normalize``, ``format``, ``buffer_size``, and ``backend`` will be ignored. We recommend that you port your code to rely directly on TorchCodec's decoder instead: https://docs.pytorch.org/torchcodec/stable/generated/torchcodec.decoders.AudioDecoder.html#torchcodec.decoders.AudioDecoder.
  warnings.warn(
/nas2/data/dlwmznzl1/anaconda3/envs/Dist1/lib/python3.9/site-packages/torchaudio/_backend/utils.py:213: UserWarning: In 2.9, this function's implementation will be changed to use torchaudio.load_with_torchcodec` under the hood. Some parameters like ``normalize``, ``format``, ``buffer_size``, and ``backend`` will be ignored. We recommend that you port your code to rely directly on TorchCodec's decoder instead: https://docs.pytorch.org/torchcodec/stable/generated/torchcodec.decoders.AudioDecoder.html#torchcodec.decoders.AudioDecoder.
  warnings.warn(
/nas2/data/dlwmznzl1/anaconda3/envs/Dist1/lib/python3.9/site-packages/torchaudio/_backend/utils.py:213: UserWarning: In 2.9, this function's implementation will be changed to use torchaudio.load_with_torchcodec` under the hood. Some parameters like ``normalize``, ``format``, ``buffer_size``, and ``backend`` will be ignored. We recommend that you port your code to rely directly on TorchCodec's decoder instead: https://docs.pytorch.org/torchcodec/stable/generated/torchcodec.decoders.AudioDecoder.html#torchcodec.decoders.AudioDecoder.
  warnings.warn(
/nas2/data/dlwmznzl1/anaconda3/envs/Dist1/lib/python3.9/site-packages/torchaudio/_backend/utils.py:213: UserWarning: In 2.9, this function's implementation will be changed to use torchaudio.load_with_torchcodec` under the hood. Some parameters like ``normalize``, ``format``, ``buffer_size``, and ``backend`` will be ignored. We recommend that you port your code to rely directly on TorchCodec's decoder instead: https://docs.pytorch.org/torchcodec/stable/generated/torchcodec.decoders.AudioDecoder.html#torchcodec.decoders.AudioDecoder.
  warnings.warn(
2025-11-17 19:39:19,812 DDP_Script [Rank 0] [INFO] val WER 0.966, CER 0.958, pseudo-acc 3.44%
2025-11-17 19:39:19,822 DDP_Script [Rank 0] [INFO] Saving checkpoint to ./checkpoints/job-e04af7a9dc23/latest_checkpoint.pth ...
2025-11-17 19:39:20,778 DDP_Script [Rank 0] [INFO] Successfully reported epoch 16/20 (Acc: 3.44%) to global server.
2025-11-17 19:39:20,779 DDP_Script [Rank 0] [INFO] epoch 17 시작
2025-11-17 19:39:20,781 DDP_Script [Rank 0] [INFO] 모든 노드 중 max_steps = 32
2025-11-17 19:39:20,781 DDP_Script [Rank 0] [INFO] local_steps=32, global_steps=32
/nas2/data/dlwmznzl1/anaconda3/envs/Dist1/lib/python3.9/site-packages/torchaudio/_backend/utils.py:213: UserWarning: In 2.9, this function's implementation will be changed to use torchaudio.load_with_torchcodec` under the hood. Some parameters like ``normalize``, ``format``, ``buffer_size``, and ``backend`` will be ignored. We recommend that you port your code to rely directly on TorchCodec's decoder instead: https://docs.pytorch.org/torchcodec/stable/generated/torchcodec.decoders.AudioDecoder.html#torchcodec.decoders.AudioDecoder.
  warnings.warn(
/nas2/data/dlwmznzl1/anaconda3/envs/Dist1/lib/python3.9/site-packages/torchaudio/_backend/utils.py:213: UserWarning: In 2.9, this function's implementation will be changed to use torchaudio.load_with_torchcodec` under the hood. Some parameters like ``normalize``, ``format``, ``buffer_size``, and ``backend`` will be ignored. We recommend that you port your code to rely directly on TorchCodec's decoder instead: https://docs.pytorch.org/torchcodec/stable/generated/torchcodec.decoders.AudioDecoder.html#torchcodec.decoders.AudioDecoder.
  warnings.warn(
/nas2/data/dlwmznzl1/anaconda3/envs/Dist1/lib/python3.9/site-packages/torchaudio/_backend/utils.py:213: UserWarning: In 2.9, this function's implementation will be changed to use torchaudio.load_with_torchcodec` under the hood. Some parameters like ``normalize``, ``format``, ``buffer_size``, and ``backend`` will be ignored. We recommend that you port your code to rely directly on TorchCodec's decoder instead: https://docs.pytorch.org/torchcodec/stable/generated/torchcodec.decoders.AudioDecoder.html#torchcodec.decoders.AudioDecoder.
  warnings.warn(
/nas2/data/dlwmznzl1/anaconda3/envs/Dist1/lib/python3.9/site-packages/torchaudio/_backend/utils.py:213: UserWarning: In 2.9, this function's implementation will be changed to use torchaudio.load_with_torchcodec` under the hood. Some parameters like ``normalize``, ``format``, ``buffer_size``, and ``backend`` will be ignored. We recommend that you port your code to rely directly on TorchCodec's decoder instead: https://docs.pytorch.org/torchcodec/stable/generated/torchcodec.decoders.AudioDecoder.html#torchcodec.decoders.AudioDecoder.
  warnings.warn(
/nas2/data/dlwmznzl1/anaconda3/envs/Dist1/lib/python3.9/site-packages/torchaudio/_backend/utils.py:213: UserWarning: In 2.9, this function's implementation will be changed to use torchaudio.load_with_torchcodec` under the hood. Some parameters like ``normalize``, ``format``, ``buffer_size``, and ``backend`` will be ignored. We recommend that you port your code to rely directly on TorchCodec's decoder instead: https://docs.pytorch.org/torchcodec/stable/generated/torchcodec.decoders.AudioDecoder.html#torchcodec.decoders.AudioDecoder.
  warnings.warn(
/nas2/data/dlwmznzl1/anaconda3/envs/Dist1/lib/python3.9/site-packages/torchaudio/_backend/utils.py:213: UserWarning: In 2.9, this function's implementation will be changed to use torchaudio.load_with_torchcodec` under the hood. Some parameters like ``normalize``, ``format``, ``buffer_size``, and ``backend`` will be ignored. We recommend that you port your code to rely directly on TorchCodec's decoder instead: https://docs.pytorch.org/torchcodec/stable/generated/torchcodec.decoders.AudioDecoder.html#torchcodec.decoders.AudioDecoder.
  warnings.warn(
/nas2/data/dlwmznzl1/anaconda3/envs/Dist1/lib/python3.9/site-packages/torchaudio/_backend/utils.py:213: UserWarning: In 2.9, this function's implementation will be changed to use torchaudio.load_with_torchcodec` under the hood. Some parameters like ``normalize``, ``format``, ``buffer_size``, and ``backend`` will be ignored. We recommend that you port your code to rely directly on TorchCodec's decoder instead: https://docs.pytorch.org/torchcodec/stable/generated/torchcodec.decoders.AudioDecoder.html#torchcodec.decoders.AudioDecoder.
  warnings.warn(
/nas2/data/dlwmznzl1/anaconda3/envs/Dist1/lib/python3.9/site-packages/torchaudio/_backend/utils.py:213: UserWarning: In 2.9, this function's implementation will be changed to use torchaudio.load_with_torchcodec` under the hood. Some parameters like ``normalize``, ``format``, ``buffer_size``, and ``backend`` will be ignored. We recommend that you port your code to rely directly on TorchCodec's decoder instead: https://docs.pytorch.org/torchcodec/stable/generated/torchcodec.decoders.AudioDecoder.html#torchcodec.decoders.AudioDecoder.
  warnings.warn(
2025-11-17 19:39:26,178 DDP_Script [Rank 0] [INFO] val WER 0.964, CER 0.960, pseudo-acc 3.64%
2025-11-17 19:39:26,188 DDP_Script [Rank 0] [INFO] Saving checkpoint to ./checkpoints/job-e04af7a9dc23/latest_checkpoint.pth ...
2025-11-17 19:39:27,402 DDP_Script [Rank 0] [INFO] Successfully reported epoch 17/20 (Acc: 3.64%) to global server.
2025-11-17 19:39:27,403 DDP_Script [Rank 0] [INFO] epoch 18 시작
2025-11-17 19:39:27,404 DDP_Script [Rank 0] [INFO] 모든 노드 중 max_steps = 32
2025-11-17 19:39:27,404 DDP_Script [Rank 0] [INFO] local_steps=32, global_steps=32
/nas2/data/dlwmznzl1/anaconda3/envs/Dist1/lib/python3.9/site-packages/torchaudio/_backend/utils.py:213: UserWarning: In 2.9, this function's implementation will be changed to use torchaudio.load_with_torchcodec` under the hood. Some parameters like ``normalize``, ``format``, ``buffer_size``, and ``backend`` will be ignored. We recommend that you port your code to rely directly on TorchCodec's decoder instead: https://docs.pytorch.org/torchcodec/stable/generated/torchcodec.decoders.AudioDecoder.html#torchcodec.decoders.AudioDecoder.
  warnings.warn(
/nas2/data/dlwmznzl1/anaconda3/envs/Dist1/lib/python3.9/site-packages/torchaudio/_backend/utils.py:213: UserWarning: In 2.9, this function's implementation will be changed to use torchaudio.load_with_torchcodec` under the hood. Some parameters like ``normalize``, ``format``, ``buffer_size``, and ``backend`` will be ignored. We recommend that you port your code to rely directly on TorchCodec's decoder instead: https://docs.pytorch.org/torchcodec/stable/generated/torchcodec.decoders.AudioDecoder.html#torchcodec.decoders.AudioDecoder.
  warnings.warn(
/nas2/data/dlwmznzl1/anaconda3/envs/Dist1/lib/python3.9/site-packages/torchaudio/_backend/utils.py:213: UserWarning: In 2.9, this function's implementation will be changed to use torchaudio.load_with_torchcodec` under the hood. Some parameters like ``normalize``, ``format``, ``buffer_size``, and ``backend`` will be ignored. We recommend that you port your code to rely directly on TorchCodec's decoder instead: https://docs.pytorch.org/torchcodec/stable/generated/torchcodec.decoders.AudioDecoder.html#torchcodec.decoders.AudioDecoder.
  warnings.warn(
/nas2/data/dlwmznzl1/anaconda3/envs/Dist1/lib/python3.9/site-packages/torchaudio/_backend/utils.py:213: UserWarning: In 2.9, this function's implementation will be changed to use torchaudio.load_with_torchcodec` under the hood. Some parameters like ``normalize``, ``format``, ``buffer_size``, and ``backend`` will be ignored. We recommend that you port your code to rely directly on TorchCodec's decoder instead: https://docs.pytorch.org/torchcodec/stable/generated/torchcodec.decoders.AudioDecoder.html#torchcodec.decoders.AudioDecoder.
  warnings.warn(
/nas2/data/dlwmznzl1/anaconda3/envs/Dist1/lib/python3.9/site-packages/torchaudio/_backend/utils.py:213: UserWarning: In 2.9, this function's implementation will be changed to use torchaudio.load_with_torchcodec` under the hood. Some parameters like ``normalize``, ``format``, ``buffer_size``, and ``backend`` will be ignored. We recommend that you port your code to rely directly on TorchCodec's decoder instead: https://docs.pytorch.org/torchcodec/stable/generated/torchcodec.decoders.AudioDecoder.html#torchcodec.decoders.AudioDecoder.
  warnings.warn(
/nas2/data/dlwmznzl1/anaconda3/envs/Dist1/lib/python3.9/site-packages/torchaudio/_backend/utils.py:213: UserWarning: In 2.9, this function's implementation will be changed to use torchaudio.load_with_torchcodec` under the hood. Some parameters like ``normalize``, ``format``, ``buffer_size``, and ``backend`` will be ignored. We recommend that you port your code to rely directly on TorchCodec's decoder instead: https://docs.pytorch.org/torchcodec/stable/generated/torchcodec.decoders.AudioDecoder.html#torchcodec.decoders.AudioDecoder.
  warnings.warn(
/nas2/data/dlwmznzl1/anaconda3/envs/Dist1/lib/python3.9/site-packages/torchaudio/_backend/utils.py:213: UserWarning: In 2.9, this function's implementation will be changed to use torchaudio.load_with_torchcodec` under the hood. Some parameters like ``normalize``, ``format``, ``buffer_size``, and ``backend`` will be ignored. We recommend that you port your code to rely directly on TorchCodec's decoder instead: https://docs.pytorch.org/torchcodec/stable/generated/torchcodec.decoders.AudioDecoder.html#torchcodec.decoders.AudioDecoder.
  warnings.warn(
/nas2/data/dlwmznzl1/anaconda3/envs/Dist1/lib/python3.9/site-packages/torchaudio/_backend/utils.py:213: UserWarning: In 2.9, this function's implementation will be changed to use torchaudio.load_with_torchcodec` under the hood. Some parameters like ``normalize``, ``format``, ``buffer_size``, and ``backend`` will be ignored. We recommend that you port your code to rely directly on TorchCodec's decoder instead: https://docs.pytorch.org/torchcodec/stable/generated/torchcodec.decoders.AudioDecoder.html#torchcodec.decoders.AudioDecoder.
  warnings.warn(
2025-11-17 19:39:32,844 DDP_Script [Rank 0] [INFO] val WER 0.963, CER 0.955, pseudo-acc 3.72%
2025-11-17 19:39:32,869 DDP_Script [Rank 0] [INFO] Saving checkpoint to ./checkpoints/job-e04af7a9dc23/latest_checkpoint.pth ...
2025-11-17 19:39:34,063 DDP_Script [Rank 0] [INFO] Successfully reported epoch 18/20 (Acc: 3.72%) to global server.
2025-11-17 19:39:34,065 DDP_Script [Rank 0] [INFO] epoch 19 시작
2025-11-17 19:39:34,066 DDP_Script [Rank 0] [INFO] 모든 노드 중 max_steps = 32
2025-11-17 19:39:34,066 DDP_Script [Rank 0] [INFO] local_steps=32, global_steps=32
/nas2/data/dlwmznzl1/anaconda3/envs/Dist1/lib/python3.9/site-packages/torchaudio/_backend/utils.py:213: UserWarning: In 2.9, this function's implementation will be changed to use torchaudio.load_with_torchcodec` under the hood. Some parameters like ``normalize``, ``format``, ``buffer_size``, and ``backend`` will be ignored. We recommend that you port your code to rely directly on TorchCodec's decoder instead: https://docs.pytorch.org/torchcodec/stable/generated/torchcodec.decoders.AudioDecoder.html#torchcodec.decoders.AudioDecoder.
  warnings.warn(
/nas2/data/dlwmznzl1/anaconda3/envs/Dist1/lib/python3.9/site-packages/torchaudio/_backend/utils.py:213: UserWarning: In 2.9, this function's implementation will be changed to use torchaudio.load_with_torchcodec` under the hood. Some parameters like ``normalize``, ``format``, ``buffer_size``, and ``backend`` will be ignored. We recommend that you port your code to rely directly on TorchCodec's decoder instead: https://docs.pytorch.org/torchcodec/stable/generated/torchcodec.decoders.AudioDecoder.html#torchcodec.decoders.AudioDecoder.
  warnings.warn(
/nas2/data/dlwmznzl1/anaconda3/envs/Dist1/lib/python3.9/site-packages/torchaudio/_backend/utils.py:213: UserWarning: In 2.9, this function's implementation will be changed to use torchaudio.load_with_torchcodec` under the hood. Some parameters like ``normalize``, ``format``, ``buffer_size``, and ``backend`` will be ignored. We recommend that you port your code to rely directly on TorchCodec's decoder instead: https://docs.pytorch.org/torchcodec/stable/generated/torchcodec.decoders.AudioDecoder.html#torchcodec.decoders.AudioDecoder.
  warnings.warn(
/nas2/data/dlwmznzl1/anaconda3/envs/Dist1/lib/python3.9/site-packages/torchaudio/_backend/utils.py:213: UserWarning: In 2.9, this function's implementation will be changed to use torchaudio.load_with_torchcodec` under the hood. Some parameters like ``normalize``, ``format``, ``buffer_size``, and ``backend`` will be ignored. We recommend that you port your code to rely directly on TorchCodec's decoder instead: https://docs.pytorch.org/torchcodec/stable/generated/torchcodec.decoders.AudioDecoder.html#torchcodec.decoders.AudioDecoder.
  warnings.warn(
/nas2/data/dlwmznzl1/anaconda3/envs/Dist1/lib/python3.9/site-packages/torchaudio/_backend/utils.py:213: UserWarning: In 2.9, this function's implementation will be changed to use torchaudio.load_with_torchcodec` under the hood. Some parameters like ``normalize``, ``format``, ``buffer_size``, and ``backend`` will be ignored. We recommend that you port your code to rely directly on TorchCodec's decoder instead: https://docs.pytorch.org/torchcodec/stable/generated/torchcodec.decoders.AudioDecoder.html#torchcodec.decoders.AudioDecoder.
  warnings.warn(
/nas2/data/dlwmznzl1/anaconda3/envs/Dist1/lib/python3.9/site-packages/torchaudio/_backend/utils.py:213: UserWarning: In 2.9, this function's implementation will be changed to use torchaudio.load_with_torchcodec` under the hood. Some parameters like ``normalize``, ``format``, ``buffer_size``, and ``backend`` will be ignored. We recommend that you port your code to rely directly on TorchCodec's decoder instead: https://docs.pytorch.org/torchcodec/stable/generated/torchcodec.decoders.AudioDecoder.html#torchcodec.decoders.AudioDecoder.
  warnings.warn(
/nas2/data/dlwmznzl1/anaconda3/envs/Dist1/lib/python3.9/site-packages/torchaudio/_backend/utils.py:213: UserWarning: In 2.9, this function's implementation will be changed to use torchaudio.load_with_torchcodec` under the hood. Some parameters like ``normalize``, ``format``, ``buffer_size``, and ``backend`` will be ignored. We recommend that you port your code to rely directly on TorchCodec's decoder instead: https://docs.pytorch.org/torchcodec/stable/generated/torchcodec.decoders.AudioDecoder.html#torchcodec.decoders.AudioDecoder.
  warnings.warn(
/nas2/data/dlwmznzl1/anaconda3/envs/Dist1/lib/python3.9/site-packages/torchaudio/_backend/utils.py:213: UserWarning: In 2.9, this function's implementation will be changed to use torchaudio.load_with_torchcodec` under the hood. Some parameters like ``normalize``, ``format``, ``buffer_size``, and ``backend`` will be ignored. We recommend that you port your code to rely directly on TorchCodec's decoder instead: https://docs.pytorch.org/torchcodec/stable/generated/torchcodec.decoders.AudioDecoder.html#torchcodec.decoders.AudioDecoder.
  warnings.warn(
2025-11-17 19:39:39,471 DDP_Script [Rank 0] [INFO] val WER 0.969, CER 0.946, pseudo-acc 3.10%
2025-11-17 19:39:39,478 DDP_Script [Rank 0] [INFO] Saving checkpoint to ./checkpoints/job-e04af7a9dc23/latest_checkpoint.pth ...
2025-11-17 19:39:40,711 DDP_Script [Rank 0] [INFO] Successfully reported epoch 19/20 (Acc: 3.10%) to global server.
2025-11-17 19:39:40,712 DDP_Script [Rank 0] [INFO] epoch 20 시작
2025-11-17 19:39:40,714 DDP_Script [Rank 0] [INFO] 모든 노드 중 max_steps = 32
2025-11-17 19:39:40,714 DDP_Script [Rank 0] [INFO] local_steps=32, global_steps=32
/nas2/data/dlwmznzl1/anaconda3/envs/Dist1/lib/python3.9/site-packages/torchaudio/_backend/utils.py:213: UserWarning: In 2.9, this function's implementation will be changed to use torchaudio.load_with_torchcodec` under the hood. Some parameters like ``normalize``, ``format``, ``buffer_size``, and ``backend`` will be ignored. We recommend that you port your code to rely directly on TorchCodec's decoder instead: https://docs.pytorch.org/torchcodec/stable/generated/torchcodec.decoders.AudioDecoder.html#torchcodec.decoders.AudioDecoder.
  warnings.warn(
/nas2/data/dlwmznzl1/anaconda3/envs/Dist1/lib/python3.9/site-packages/torchaudio/_backend/utils.py:213: UserWarning: In 2.9, this function's implementation will be changed to use torchaudio.load_with_torchcodec` under the hood. Some parameters like ``normalize``, ``format``, ``buffer_size``, and ``backend`` will be ignored. We recommend that you port your code to rely directly on TorchCodec's decoder instead: https://docs.pytorch.org/torchcodec/stable/generated/torchcodec.decoders.AudioDecoder.html#torchcodec.decoders.AudioDecoder.
  warnings.warn(
/nas2/data/dlwmznzl1/anaconda3/envs/Dist1/lib/python3.9/site-packages/torchaudio/_backend/utils.py:213: UserWarning: In 2.9, this function's implementation will be changed to use torchaudio.load_with_torchcodec` under the hood. Some parameters like ``normalize``, ``format``, ``buffer_size``, and ``backend`` will be ignored. We recommend that you port your code to rely directly on TorchCodec's decoder instead: https://docs.pytorch.org/torchcodec/stable/generated/torchcodec.decoders.AudioDecoder.html#torchcodec.decoders.AudioDecoder.
  warnings.warn(
/nas2/data/dlwmznzl1/anaconda3/envs/Dist1/lib/python3.9/site-packages/torchaudio/_backend/utils.py:213: UserWarning: In 2.9, this function's implementation will be changed to use torchaudio.load_with_torchcodec` under the hood. Some parameters like ``normalize``, ``format``, ``buffer_size``, and ``backend`` will be ignored. We recommend that you port your code to rely directly on TorchCodec's decoder instead: https://docs.pytorch.org/torchcodec/stable/generated/torchcodec.decoders.AudioDecoder.html#torchcodec.decoders.AudioDecoder.
  warnings.warn(
/nas2/data/dlwmznzl1/anaconda3/envs/Dist1/lib/python3.9/site-packages/torchaudio/_backend/utils.py:213: UserWarning: In 2.9, this function's implementation will be changed to use torchaudio.load_with_torchcodec` under the hood. Some parameters like ``normalize``, ``format``, ``buffer_size``, and ``backend`` will be ignored. We recommend that you port your code to rely directly on TorchCodec's decoder instead: https://docs.pytorch.org/torchcodec/stable/generated/torchcodec.decoders.AudioDecoder.html#torchcodec.decoders.AudioDecoder.
  warnings.warn(
/nas2/data/dlwmznzl1/anaconda3/envs/Dist1/lib/python3.9/site-packages/torchaudio/_backend/utils.py:213: UserWarning: In 2.9, this function's implementation will be changed to use torchaudio.load_with_torchcodec` under the hood. Some parameters like ``normalize``, ``format``, ``buffer_size``, and ``backend`` will be ignored. We recommend that you port your code to rely directly on TorchCodec's decoder instead: https://docs.pytorch.org/torchcodec/stable/generated/torchcodec.decoders.AudioDecoder.html#torchcodec.decoders.AudioDecoder.
  warnings.warn(
/nas2/data/dlwmznzl1/anaconda3/envs/Dist1/lib/python3.9/site-packages/torchaudio/_backend/utils.py:213: UserWarning: In 2.9, this function's implementation will be changed to use torchaudio.load_with_torchcodec` under the hood. Some parameters like ``normalize``, ``format``, ``buffer_size``, and ``backend`` will be ignored. We recommend that you port your code to rely directly on TorchCodec's decoder instead: https://docs.pytorch.org/torchcodec/stable/generated/torchcodec.decoders.AudioDecoder.html#torchcodec.decoders.AudioDecoder.
  warnings.warn(
/nas2/data/dlwmznzl1/anaconda3/envs/Dist1/lib/python3.9/site-packages/torchaudio/_backend/utils.py:213: UserWarning: In 2.9, this function's implementation will be changed to use torchaudio.load_with_torchcodec` under the hood. Some parameters like ``normalize``, ``format``, ``buffer_size``, and ``backend`` will be ignored. We recommend that you port your code to rely directly on TorchCodec's decoder instead: https://docs.pytorch.org/torchcodec/stable/generated/torchcodec.decoders.AudioDecoder.html#torchcodec.decoders.AudioDecoder.
  warnings.warn(
2025-11-17 19:39:46,061 DDP_Script [Rank 0] [INFO] val WER 0.956, CER 0.914, pseudo-acc 4.38%
2025-11-17 19:39:46,070 DDP_Script [Rank 0] [INFO] Saving checkpoint to ./checkpoints/job-e04af7a9dc23/latest_checkpoint.pth ...
2025-11-17 19:39:47,099 DDP_Script [Rank 0] [INFO] Successfully reported epoch 20/20 (Acc: 4.38%) to global server.
2025-11-17 19:39:47,101 DDP_Script [Rank 0] [INFO] Training completed successfully.
2025-11-17 19:39:47,165 DDP_Script [Rank 0] [INFO] Reported job completion to global server.
2025-11-17 19:39:47,165 DDP_Script [Rank 0] [INFO] Training loop finished.
