/nas2/data/dlwmznzl1/anaconda3/envs/Dist1/lib/python3.9/site-packages/torch/cuda/__init__.py:63: FutureWarning: The pynvml package is deprecated. Please install nvidia-ml-py instead. If you did not install pynvml directly, please report this to the maintainers of the package that installed pynvml for you.
  import pynvml  # type: ignore[import]
Current CUDA device index: 0
Current CUDA device name: NVIDIA RTX A5000
Master address: 163.180.160.62, port: 29533
2025-11-19 03:23:07,138 DDP_Script [Rank 0] [INFO] Node rank: 0, world size: 4
[Gloo] Rank 0 is connected to 3 peer ranks. Expected number of connected peer ranks is : 3
2025-11-19 03:23:20,150 DDP_Script [Rank 0] [INFO] Process group initialized: 163.180.160.62:29533
2025-11-19 03:23:20,151 DDP_Script [Rank 0] [INFO] Rank 0/4 initialized
/nas2/data/dlwmznzl1/anaconda3/envs/Dist1/lib/python3.9/site-packages/torchaudio/functional/functional.py:585: UserWarning: At least one mel filterbank has all zero values. The value for `n_mels` (128) may be set too high. Or, the value for `n_freqs` (201) may be set too low.
  warnings.warn(
2025-11-19 03:23:35,662 DDP_Script [Rank 0] [INFO] Model, DDP, criterion, optimizer initialized
2025-11-19 03:23:36,181 DDP_Script [Rank 0] [INFO] Checkpoint directory created: ./checkpoints/job-25c2f5490a06
2025-11-19 03:23:36,181 DDP_Script [Rank 0] [INFO] Starting training from scratch (epoch 1).
2025-11-19 03:23:36,182 DDP_Script [Rank 0] [INFO] epoch 1 시작
2025-11-19 03:23:36,186 DDP_Script [Rank 0] [INFO] 모든 노드 중 max_steps = 32
2025-11-19 03:23:36,186 DDP_Script [Rank 0] [INFO] local_steps=32, global_steps=32
/nas2/data/dlwmznzl1/anaconda3/envs/Dist1/lib/python3.9/site-packages/torchaudio/_backend/utils.py:213: UserWarning: In 2.9, this function's implementation will be changed to use torchaudio.load_with_torchcodec` under the hood. Some parameters like ``normalize``, ``format``, ``buffer_size``, and ``backend`` will be ignored. We recommend that you port your code to rely directly on TorchCodec's decoder instead: https://docs.pytorch.org/torchcodec/stable/generated/torchcodec.decoders.AudioDecoder.html#torchcodec.decoders.AudioDecoder.
  warnings.warn(
/nas2/data/dlwmznzl1/anaconda3/envs/Dist1/lib/python3.9/site-packages/torchaudio/_backend/utils.py:213: UserWarning: In 2.9, this function's implementation will be changed to use torchaudio.load_with_torchcodec` under the hood. Some parameters like ``normalize``, ``format``, ``buffer_size``, and ``backend`` will be ignored. We recommend that you port your code to rely directly on TorchCodec's decoder instead: https://docs.pytorch.org/torchcodec/stable/generated/torchcodec.decoders.AudioDecoder.html#torchcodec.decoders.AudioDecoder.
  warnings.warn(
/nas2/data/dlwmznzl1/anaconda3/envs/Dist1/lib/python3.9/site-packages/torchaudio/_backend/utils.py:213: UserWarning: In 2.9, this function's implementation will be changed to use torchaudio.load_with_torchcodec` under the hood. Some parameters like ``normalize``, ``format``, ``buffer_size``, and ``backend`` will be ignored. We recommend that you port your code to rely directly on TorchCodec's decoder instead: https://docs.pytorch.org/torchcodec/stable/generated/torchcodec.decoders.AudioDecoder.html#torchcodec.decoders.AudioDecoder.
  warnings.warn(
/nas2/data/dlwmznzl1/anaconda3/envs/Dist1/lib/python3.9/site-packages/torchaudio/_backend/utils.py:213: UserWarning: In 2.9, this function's implementation will be changed to use torchaudio.load_with_torchcodec` under the hood. Some parameters like ``normalize``, ``format``, ``buffer_size``, and ``backend`` will be ignored. We recommend that you port your code to rely directly on TorchCodec's decoder instead: https://docs.pytorch.org/torchcodec/stable/generated/torchcodec.decoders.AudioDecoder.html#torchcodec.decoders.AudioDecoder.
  warnings.warn(
/nas2/data/dlwmznzl1/anaconda3/envs/Dist1/lib/python3.9/site-packages/torchaudio/_backend/utils.py:213: UserWarning: In 2.9, this function's implementation will be changed to use torchaudio.load_with_torchcodec` under the hood. Some parameters like ``normalize``, ``format``, ``buffer_size``, and ``backend`` will be ignored. We recommend that you port your code to rely directly on TorchCodec's decoder instead: https://docs.pytorch.org/torchcodec/stable/generated/torchcodec.decoders.AudioDecoder.html#torchcodec.decoders.AudioDecoder.
  warnings.warn(
/nas2/data/dlwmznzl1/anaconda3/envs/Dist1/lib/python3.9/site-packages/torchaudio/_backend/utils.py:213: UserWarning: In 2.9, this function's implementation will be changed to use torchaudio.load_with_torchcodec` under the hood. Some parameters like ``normalize``, ``format``, ``buffer_size``, and ``backend`` will be ignored. We recommend that you port your code to rely directly on TorchCodec's decoder instead: https://docs.pytorch.org/torchcodec/stable/generated/torchcodec.decoders.AudioDecoder.html#torchcodec.decoders.AudioDecoder.
  warnings.warn(
/nas2/data/dlwmznzl1/anaconda3/envs/Dist1/lib/python3.9/site-packages/torchaudio/_backend/utils.py:213: UserWarning: In 2.9, this function's implementation will be changed to use torchaudio.load_with_torchcodec` under the hood. Some parameters like ``normalize``, ``format``, ``buffer_size``, and ``backend`` will be ignored. We recommend that you port your code to rely directly on TorchCodec's decoder instead: https://docs.pytorch.org/torchcodec/stable/generated/torchcodec.decoders.AudioDecoder.html#torchcodec.decoders.AudioDecoder.
  warnings.warn(
/nas2/data/dlwmznzl1/anaconda3/envs/Dist1/lib/python3.9/site-packages/torchaudio/_backend/utils.py:213: UserWarning: In 2.9, this function's implementation will be changed to use torchaudio.load_with_torchcodec` under the hood. Some parameters like ``normalize``, ``format``, ``buffer_size``, and ``backend`` will be ignored. We recommend that you port your code to rely directly on TorchCodec's decoder instead: https://docs.pytorch.org/torchcodec/stable/generated/torchcodec.decoders.AudioDecoder.html#torchcodec.decoders.AudioDecoder.
  warnings.warn(
2025-11-19 03:23:44,830 DDP_Script [Rank 0] [INFO] val WER 1.000, CER 0.999, pseudo-acc 0.00%
2025-11-19 03:23:46,959 DDP_Script [Rank 0] [INFO] Saving checkpoint to ./checkpoints/job-25c2f5490a06/latest_checkpoint.pth ...
2025-11-19 03:23:56,388 DDP_Script [Rank 0] [INFO] Successfully reported epoch 1/20 (Acc: 0.00%) to global server.
2025-11-19 03:23:56,391 DDP_Script [Rank 0] [INFO] epoch 2 시작
2025-11-19 03:23:56,394 DDP_Script [Rank 0] [INFO] 모든 노드 중 max_steps = 32
2025-11-19 03:23:56,394 DDP_Script [Rank 0] [INFO] local_steps=32, global_steps=32
/nas2/data/dlwmznzl1/anaconda3/envs/Dist1/lib/python3.9/site-packages/torchaudio/_backend/utils.py:213: UserWarning: In 2.9, this function's implementation will be changed to use torchaudio.load_with_torchcodec` under the hood. Some parameters like ``normalize``, ``format``, ``buffer_size``, and ``backend`` will be ignored. We recommend that you port your code to rely directly on TorchCodec's decoder instead: https://docs.pytorch.org/torchcodec/stable/generated/torchcodec.decoders.AudioDecoder.html#torchcodec.decoders.AudioDecoder.
  warnings.warn(
/nas2/data/dlwmznzl1/anaconda3/envs/Dist1/lib/python3.9/site-packages/torchaudio/_backend/utils.py:213: UserWarning: In 2.9, this function's implementation will be changed to use torchaudio.load_with_torchcodec` under the hood. Some parameters like ``normalize``, ``format``, ``buffer_size``, and ``backend`` will be ignored. We recommend that you port your code to rely directly on TorchCodec's decoder instead: https://docs.pytorch.org/torchcodec/stable/generated/torchcodec.decoders.AudioDecoder.html#torchcodec.decoders.AudioDecoder.
  warnings.warn(
/nas2/data/dlwmznzl1/anaconda3/envs/Dist1/lib/python3.9/site-packages/torchaudio/_backend/utils.py:213: UserWarning: In 2.9, this function's implementation will be changed to use torchaudio.load_with_torchcodec` under the hood. Some parameters like ``normalize``, ``format``, ``buffer_size``, and ``backend`` will be ignored. We recommend that you port your code to rely directly on TorchCodec's decoder instead: https://docs.pytorch.org/torchcodec/stable/generated/torchcodec.decoders.AudioDecoder.html#torchcodec.decoders.AudioDecoder.
  warnings.warn(
/nas2/data/dlwmznzl1/anaconda3/envs/Dist1/lib/python3.9/site-packages/torchaudio/_backend/utils.py:213: UserWarning: In 2.9, this function's implementation will be changed to use torchaudio.load_with_torchcodec` under the hood. Some parameters like ``normalize``, ``format``, ``buffer_size``, and ``backend`` will be ignored. We recommend that you port your code to rely directly on TorchCodec's decoder instead: https://docs.pytorch.org/torchcodec/stable/generated/torchcodec.decoders.AudioDecoder.html#torchcodec.decoders.AudioDecoder.
  warnings.warn(
/nas2/data/dlwmznzl1/anaconda3/envs/Dist1/lib/python3.9/site-packages/torchaudio/_backend/utils.py:213: UserWarning: In 2.9, this function's implementation will be changed to use torchaudio.load_with_torchcodec` under the hood. Some parameters like ``normalize``, ``format``, ``buffer_size``, and ``backend`` will be ignored. We recommend that you port your code to rely directly on TorchCodec's decoder instead: https://docs.pytorch.org/torchcodec/stable/generated/torchcodec.decoders.AudioDecoder.html#torchcodec.decoders.AudioDecoder.
  warnings.warn(
/nas2/data/dlwmznzl1/anaconda3/envs/Dist1/lib/python3.9/site-packages/torchaudio/_backend/utils.py:213: UserWarning: In 2.9, this function's implementation will be changed to use torchaudio.load_with_torchcodec` under the hood. Some parameters like ``normalize``, ``format``, ``buffer_size``, and ``backend`` will be ignored. We recommend that you port your code to rely directly on TorchCodec's decoder instead: https://docs.pytorch.org/torchcodec/stable/generated/torchcodec.decoders.AudioDecoder.html#torchcodec.decoders.AudioDecoder.
  warnings.warn(
/nas2/data/dlwmznzl1/anaconda3/envs/Dist1/lib/python3.9/site-packages/torchaudio/_backend/utils.py:213: UserWarning: In 2.9, this function's implementation will be changed to use torchaudio.load_with_torchcodec` under the hood. Some parameters like ``normalize``, ``format``, ``buffer_size``, and ``backend`` will be ignored. We recommend that you port your code to rely directly on TorchCodec's decoder instead: https://docs.pytorch.org/torchcodec/stable/generated/torchcodec.decoders.AudioDecoder.html#torchcodec.decoders.AudioDecoder.
  warnings.warn(
/nas2/data/dlwmznzl1/anaconda3/envs/Dist1/lib/python3.9/site-packages/torchaudio/_backend/utils.py:213: UserWarning: In 2.9, this function's implementation will be changed to use torchaudio.load_with_torchcodec` under the hood. Some parameters like ``normalize``, ``format``, ``buffer_size``, and ``backend`` will be ignored. We recommend that you port your code to rely directly on TorchCodec's decoder instead: https://docs.pytorch.org/torchcodec/stable/generated/torchcodec.decoders.AudioDecoder.html#torchcodec.decoders.AudioDecoder.
  warnings.warn(
2025-11-19 03:24:04,342 DDP_Script [Rank 0] [INFO] val WER 1.000, CER 0.997, pseudo-acc 0.00%
2025-11-19 03:24:04,402 DDP_Script [Rank 0] [INFO] Saving checkpoint to ./checkpoints/job-25c2f5490a06/latest_checkpoint.pth ...
2025-11-19 03:24:10,645 DDP_Script [Rank 0] [INFO] Successfully reported epoch 2/20 (Acc: 0.00%) to global server.
2025-11-19 03:24:10,648 DDP_Script [Rank 0] [INFO] epoch 3 시작
2025-11-19 03:24:10,651 DDP_Script [Rank 0] [INFO] 모든 노드 중 max_steps = 32
2025-11-19 03:24:10,651 DDP_Script [Rank 0] [INFO] local_steps=32, global_steps=32
/nas2/data/dlwmznzl1/anaconda3/envs/Dist1/lib/python3.9/site-packages/torchaudio/_backend/utils.py:213: UserWarning: In 2.9, this function's implementation will be changed to use torchaudio.load_with_torchcodec` under the hood. Some parameters like ``normalize``, ``format``, ``buffer_size``, and ``backend`` will be ignored. We recommend that you port your code to rely directly on TorchCodec's decoder instead: https://docs.pytorch.org/torchcodec/stable/generated/torchcodec.decoders.AudioDecoder.html#torchcodec.decoders.AudioDecoder.
  warnings.warn(
/nas2/data/dlwmznzl1/anaconda3/envs/Dist1/lib/python3.9/site-packages/torchaudio/_backend/utils.py:213: UserWarning: In 2.9, this function's implementation will be changed to use torchaudio.load_with_torchcodec` under the hood. Some parameters like ``normalize``, ``format``, ``buffer_size``, and ``backend`` will be ignored. We recommend that you port your code to rely directly on TorchCodec's decoder instead: https://docs.pytorch.org/torchcodec/stable/generated/torchcodec.decoders.AudioDecoder.html#torchcodec.decoders.AudioDecoder.
  warnings.warn(
/nas2/data/dlwmznzl1/anaconda3/envs/Dist1/lib/python3.9/site-packages/torchaudio/_backend/utils.py:213: UserWarning: In 2.9, this function's implementation will be changed to use torchaudio.load_with_torchcodec` under the hood. Some parameters like ``normalize``, ``format``, ``buffer_size``, and ``backend`` will be ignored. We recommend that you port your code to rely directly on TorchCodec's decoder instead: https://docs.pytorch.org/torchcodec/stable/generated/torchcodec.decoders.AudioDecoder.html#torchcodec.decoders.AudioDecoder.
  warnings.warn(
/nas2/data/dlwmznzl1/anaconda3/envs/Dist1/lib/python3.9/site-packages/torchaudio/_backend/utils.py:213: UserWarning: In 2.9, this function's implementation will be changed to use torchaudio.load_with_torchcodec` under the hood. Some parameters like ``normalize``, ``format``, ``buffer_size``, and ``backend`` will be ignored. We recommend that you port your code to rely directly on TorchCodec's decoder instead: https://docs.pytorch.org/torchcodec/stable/generated/torchcodec.decoders.AudioDecoder.html#torchcodec.decoders.AudioDecoder.
  warnings.warn(
/nas2/data/dlwmznzl1/anaconda3/envs/Dist1/lib/python3.9/site-packages/torchaudio/_backend/utils.py:213: UserWarning: In 2.9, this function's implementation will be changed to use torchaudio.load_with_torchcodec` under the hood. Some parameters like ``normalize``, ``format``, ``buffer_size``, and ``backend`` will be ignored. We recommend that you port your code to rely directly on TorchCodec's decoder instead: https://docs.pytorch.org/torchcodec/stable/generated/torchcodec.decoders.AudioDecoder.html#torchcodec.decoders.AudioDecoder.
  warnings.warn(
/nas2/data/dlwmznzl1/anaconda3/envs/Dist1/lib/python3.9/site-packages/torchaudio/_backend/utils.py:213: UserWarning: In 2.9, this function's implementation will be changed to use torchaudio.load_with_torchcodec` under the hood. Some parameters like ``normalize``, ``format``, ``buffer_size``, and ``backend`` will be ignored. We recommend that you port your code to rely directly on TorchCodec's decoder instead: https://docs.pytorch.org/torchcodec/stable/generated/torchcodec.decoders.AudioDecoder.html#torchcodec.decoders.AudioDecoder.
  warnings.warn(
/nas2/data/dlwmznzl1/anaconda3/envs/Dist1/lib/python3.9/site-packages/torchaudio/_backend/utils.py:213: UserWarning: In 2.9, this function's implementation will be changed to use torchaudio.load_with_torchcodec` under the hood. Some parameters like ``normalize``, ``format``, ``buffer_size``, and ``backend`` will be ignored. We recommend that you port your code to rely directly on TorchCodec's decoder instead: https://docs.pytorch.org/torchcodec/stable/generated/torchcodec.decoders.AudioDecoder.html#torchcodec.decoders.AudioDecoder.
  warnings.warn(
/nas2/data/dlwmznzl1/anaconda3/envs/Dist1/lib/python3.9/site-packages/torchaudio/_backend/utils.py:213: UserWarning: In 2.9, this function's implementation will be changed to use torchaudio.load_with_torchcodec` under the hood. Some parameters like ``normalize``, ``format``, ``buffer_size``, and ``backend`` will be ignored. We recommend that you port your code to rely directly on TorchCodec's decoder instead: https://docs.pytorch.org/torchcodec/stable/generated/torchcodec.decoders.AudioDecoder.html#torchcodec.decoders.AudioDecoder.
  warnings.warn(
2025-11-19 03:24:18,369 DDP_Script [Rank 0] [INFO] val WER 1.000, CER 0.998, pseudo-acc 0.00%
2025-11-19 03:24:18,456 DDP_Script [Rank 0] [INFO] Saving checkpoint to ./checkpoints/job-25c2f5490a06/latest_checkpoint.pth ...
2025-11-19 03:24:23,625 DDP_Script [Rank 0] [INFO] Successfully reported epoch 3/20 (Acc: 0.00%) to global server.
2025-11-19 03:24:23,628 DDP_Script [Rank 0] [INFO] epoch 4 시작
2025-11-19 03:24:23,631 DDP_Script [Rank 0] [INFO] 모든 노드 중 max_steps = 32
2025-11-19 03:24:23,631 DDP_Script [Rank 0] [INFO] local_steps=32, global_steps=32
/nas2/data/dlwmznzl1/anaconda3/envs/Dist1/lib/python3.9/site-packages/torchaudio/_backend/utils.py:213: UserWarning: In 2.9, this function's implementation will be changed to use torchaudio.load_with_torchcodec` under the hood. Some parameters like ``normalize``, ``format``, ``buffer_size``, and ``backend`` will be ignored. We recommend that you port your code to rely directly on TorchCodec's decoder instead: https://docs.pytorch.org/torchcodec/stable/generated/torchcodec.decoders.AudioDecoder.html#torchcodec.decoders.AudioDecoder.
  warnings.warn(
/nas2/data/dlwmznzl1/anaconda3/envs/Dist1/lib/python3.9/site-packages/torchaudio/_backend/utils.py:213: UserWarning: In 2.9, this function's implementation will be changed to use torchaudio.load_with_torchcodec` under the hood. Some parameters like ``normalize``, ``format``, ``buffer_size``, and ``backend`` will be ignored. We recommend that you port your code to rely directly on TorchCodec's decoder instead: https://docs.pytorch.org/torchcodec/stable/generated/torchcodec.decoders.AudioDecoder.html#torchcodec.decoders.AudioDecoder.
  warnings.warn(
/nas2/data/dlwmznzl1/anaconda3/envs/Dist1/lib/python3.9/site-packages/torchaudio/_backend/utils.py:213: UserWarning: In 2.9, this function's implementation will be changed to use torchaudio.load_with_torchcodec` under the hood. Some parameters like ``normalize``, ``format``, ``buffer_size``, and ``backend`` will be ignored. We recommend that you port your code to rely directly on TorchCodec's decoder instead: https://docs.pytorch.org/torchcodec/stable/generated/torchcodec.decoders.AudioDecoder.html#torchcodec.decoders.AudioDecoder.
  warnings.warn(
/nas2/data/dlwmznzl1/anaconda3/envs/Dist1/lib/python3.9/site-packages/torchaudio/_backend/utils.py:213: UserWarning: In 2.9, this function's implementation will be changed to use torchaudio.load_with_torchcodec` under the hood. Some parameters like ``normalize``, ``format``, ``buffer_size``, and ``backend`` will be ignored. We recommend that you port your code to rely directly on TorchCodec's decoder instead: https://docs.pytorch.org/torchcodec/stable/generated/torchcodec.decoders.AudioDecoder.html#torchcodec.decoders.AudioDecoder.
  warnings.warn(
/nas2/data/dlwmznzl1/anaconda3/envs/Dist1/lib/python3.9/site-packages/torchaudio/_backend/utils.py:213: UserWarning: In 2.9, this function's implementation will be changed to use torchaudio.load_with_torchcodec` under the hood. Some parameters like ``normalize``, ``format``, ``buffer_size``, and ``backend`` will be ignored. We recommend that you port your code to rely directly on TorchCodec's decoder instead: https://docs.pytorch.org/torchcodec/stable/generated/torchcodec.decoders.AudioDecoder.html#torchcodec.decoders.AudioDecoder.
  warnings.warn(
/nas2/data/dlwmznzl1/anaconda3/envs/Dist1/lib/python3.9/site-packages/torchaudio/_backend/utils.py:213: UserWarning: In 2.9, this function's implementation will be changed to use torchaudio.load_with_torchcodec` under the hood. Some parameters like ``normalize``, ``format``, ``buffer_size``, and ``backend`` will be ignored. We recommend that you port your code to rely directly on TorchCodec's decoder instead: https://docs.pytorch.org/torchcodec/stable/generated/torchcodec.decoders.AudioDecoder.html#torchcodec.decoders.AudioDecoder.
  warnings.warn(
/nas2/data/dlwmznzl1/anaconda3/envs/Dist1/lib/python3.9/site-packages/torchaudio/_backend/utils.py:213: UserWarning: In 2.9, this function's implementation will be changed to use torchaudio.load_with_torchcodec` under the hood. Some parameters like ``normalize``, ``format``, ``buffer_size``, and ``backend`` will be ignored. We recommend that you port your code to rely directly on TorchCodec's decoder instead: https://docs.pytorch.org/torchcodec/stable/generated/torchcodec.decoders.AudioDecoder.html#torchcodec.decoders.AudioDecoder.
  warnings.warn(
/nas2/data/dlwmznzl1/anaconda3/envs/Dist1/lib/python3.9/site-packages/torchaudio/_backend/utils.py:213: UserWarning: In 2.9, this function's implementation will be changed to use torchaudio.load_with_torchcodec` under the hood. Some parameters like ``normalize``, ``format``, ``buffer_size``, and ``backend`` will be ignored. We recommend that you port your code to rely directly on TorchCodec's decoder instead: https://docs.pytorch.org/torchcodec/stable/generated/torchcodec.decoders.AudioDecoder.html#torchcodec.decoders.AudioDecoder.
  warnings.warn(
2025-11-19 03:24:31,593 DDP_Script [Rank 0] [INFO] val WER 1.000, CER 0.994, pseudo-acc 0.00%
2025-11-19 03:24:31,669 DDP_Script [Rank 0] [INFO] Saving checkpoint to ./checkpoints/job-25c2f5490a06/latest_checkpoint.pth ...
2025-11-19 03:24:40,105 DDP_Script [Rank 0] [INFO] Successfully reported epoch 4/20 (Acc: 0.00%) to global server.
2025-11-19 03:24:40,108 DDP_Script [Rank 0] [INFO] epoch 5 시작
2025-11-19 03:24:40,111 DDP_Script [Rank 0] [INFO] 모든 노드 중 max_steps = 32
2025-11-19 03:24:40,111 DDP_Script [Rank 0] [INFO] local_steps=32, global_steps=32
/nas2/data/dlwmznzl1/anaconda3/envs/Dist1/lib/python3.9/site-packages/torchaudio/_backend/utils.py:213: UserWarning: In 2.9, this function's implementation will be changed to use torchaudio.load_with_torchcodec` under the hood. Some parameters like ``normalize``, ``format``, ``buffer_size``, and ``backend`` will be ignored. We recommend that you port your code to rely directly on TorchCodec's decoder instead: https://docs.pytorch.org/torchcodec/stable/generated/torchcodec.decoders.AudioDecoder.html#torchcodec.decoders.AudioDecoder.
  warnings.warn(
/nas2/data/dlwmznzl1/anaconda3/envs/Dist1/lib/python3.9/site-packages/torchaudio/_backend/utils.py:213: UserWarning: In 2.9, this function's implementation will be changed to use torchaudio.load_with_torchcodec` under the hood. Some parameters like ``normalize``, ``format``, ``buffer_size``, and ``backend`` will be ignored. We recommend that you port your code to rely directly on TorchCodec's decoder instead: https://docs.pytorch.org/torchcodec/stable/generated/torchcodec.decoders.AudioDecoder.html#torchcodec.decoders.AudioDecoder.
  warnings.warn(
/nas2/data/dlwmznzl1/anaconda3/envs/Dist1/lib/python3.9/site-packages/torchaudio/_backend/utils.py:213: UserWarning: In 2.9, this function's implementation will be changed to use torchaudio.load_with_torchcodec` under the hood. Some parameters like ``normalize``, ``format``, ``buffer_size``, and ``backend`` will be ignored. We recommend that you port your code to rely directly on TorchCodec's decoder instead: https://docs.pytorch.org/torchcodec/stable/generated/torchcodec.decoders.AudioDecoder.html#torchcodec.decoders.AudioDecoder.
  warnings.warn(
/nas2/data/dlwmznzl1/anaconda3/envs/Dist1/lib/python3.9/site-packages/torchaudio/_backend/utils.py:213: UserWarning: In 2.9, this function's implementation will be changed to use torchaudio.load_with_torchcodec` under the hood. Some parameters like ``normalize``, ``format``, ``buffer_size``, and ``backend`` will be ignored. We recommend that you port your code to rely directly on TorchCodec's decoder instead: https://docs.pytorch.org/torchcodec/stable/generated/torchcodec.decoders.AudioDecoder.html#torchcodec.decoders.AudioDecoder.
  warnings.warn(
/nas2/data/dlwmznzl1/anaconda3/envs/Dist1/lib/python3.9/site-packages/torchaudio/_backend/utils.py:213: UserWarning: In 2.9, this function's implementation will be changed to use torchaudio.load_with_torchcodec` under the hood. Some parameters like ``normalize``, ``format``, ``buffer_size``, and ``backend`` will be ignored. We recommend that you port your code to rely directly on TorchCodec's decoder instead: https://docs.pytorch.org/torchcodec/stable/generated/torchcodec.decoders.AudioDecoder.html#torchcodec.decoders.AudioDecoder.
  warnings.warn(
/nas2/data/dlwmznzl1/anaconda3/envs/Dist1/lib/python3.9/site-packages/torchaudio/_backend/utils.py:213: UserWarning: In 2.9, this function's implementation will be changed to use torchaudio.load_with_torchcodec` under the hood. Some parameters like ``normalize``, ``format``, ``buffer_size``, and ``backend`` will be ignored. We recommend that you port your code to rely directly on TorchCodec's decoder instead: https://docs.pytorch.org/torchcodec/stable/generated/torchcodec.decoders.AudioDecoder.html#torchcodec.decoders.AudioDecoder.
  warnings.warn(
/nas2/data/dlwmznzl1/anaconda3/envs/Dist1/lib/python3.9/site-packages/torchaudio/_backend/utils.py:213: UserWarning: In 2.9, this function's implementation will be changed to use torchaudio.load_with_torchcodec` under the hood. Some parameters like ``normalize``, ``format``, ``buffer_size``, and ``backend`` will be ignored. We recommend that you port your code to rely directly on TorchCodec's decoder instead: https://docs.pytorch.org/torchcodec/stable/generated/torchcodec.decoders.AudioDecoder.html#torchcodec.decoders.AudioDecoder.
  warnings.warn(
/nas2/data/dlwmznzl1/anaconda3/envs/Dist1/lib/python3.9/site-packages/torchaudio/_backend/utils.py:213: UserWarning: In 2.9, this function's implementation will be changed to use torchaudio.load_with_torchcodec` under the hood. Some parameters like ``normalize``, ``format``, ``buffer_size``, and ``backend`` will be ignored. We recommend that you port your code to rely directly on TorchCodec's decoder instead: https://docs.pytorch.org/torchcodec/stable/generated/torchcodec.decoders.AudioDecoder.html#torchcodec.decoders.AudioDecoder.
  warnings.warn(
2025-11-19 03:24:47,875 DDP_Script [Rank 0] [INFO] val WER 1.000, CER 0.965, pseudo-acc 0.00%
2025-11-19 03:24:47,972 DDP_Script [Rank 0] [INFO] Saving checkpoint to ./checkpoints/job-25c2f5490a06/latest_checkpoint.pth ...
2025-11-19 03:24:54,236 DDP_Script [Rank 0] [INFO] Successfully reported epoch 5/20 (Acc: 0.00%) to global server.
2025-11-19 03:24:54,239 DDP_Script [Rank 0] [INFO] epoch 6 시작
2025-11-19 03:24:54,242 DDP_Script [Rank 0] [INFO] 모든 노드 중 max_steps = 32
2025-11-19 03:24:54,242 DDP_Script [Rank 0] [INFO] local_steps=32, global_steps=32
/nas2/data/dlwmznzl1/anaconda3/envs/Dist1/lib/python3.9/site-packages/torchaudio/_backend/utils.py:213: UserWarning: In 2.9, this function's implementation will be changed to use torchaudio.load_with_torchcodec` under the hood. Some parameters like ``normalize``, ``format``, ``buffer_size``, and ``backend`` will be ignored. We recommend that you port your code to rely directly on TorchCodec's decoder instead: https://docs.pytorch.org/torchcodec/stable/generated/torchcodec.decoders.AudioDecoder.html#torchcodec.decoders.AudioDecoder.
  warnings.warn(
/nas2/data/dlwmznzl1/anaconda3/envs/Dist1/lib/python3.9/site-packages/torchaudio/_backend/utils.py:213: UserWarning: In 2.9, this function's implementation will be changed to use torchaudio.load_with_torchcodec` under the hood. Some parameters like ``normalize``, ``format``, ``buffer_size``, and ``backend`` will be ignored. We recommend that you port your code to rely directly on TorchCodec's decoder instead: https://docs.pytorch.org/torchcodec/stable/generated/torchcodec.decoders.AudioDecoder.html#torchcodec.decoders.AudioDecoder.
  warnings.warn(
/nas2/data/dlwmznzl1/anaconda3/envs/Dist1/lib/python3.9/site-packages/torchaudio/_backend/utils.py:213: UserWarning: In 2.9, this function's implementation will be changed to use torchaudio.load_with_torchcodec` under the hood. Some parameters like ``normalize``, ``format``, ``buffer_size``, and ``backend`` will be ignored. We recommend that you port your code to rely directly on TorchCodec's decoder instead: https://docs.pytorch.org/torchcodec/stable/generated/torchcodec.decoders.AudioDecoder.html#torchcodec.decoders.AudioDecoder.
  warnings.warn(
/nas2/data/dlwmznzl1/anaconda3/envs/Dist1/lib/python3.9/site-packages/torchaudio/_backend/utils.py:213: UserWarning: In 2.9, this function's implementation will be changed to use torchaudio.load_with_torchcodec` under the hood. Some parameters like ``normalize``, ``format``, ``buffer_size``, and ``backend`` will be ignored. We recommend that you port your code to rely directly on TorchCodec's decoder instead: https://docs.pytorch.org/torchcodec/stable/generated/torchcodec.decoders.AudioDecoder.html#torchcodec.decoders.AudioDecoder.
  warnings.warn(
/nas2/data/dlwmznzl1/anaconda3/envs/Dist1/lib/python3.9/site-packages/torchaudio/_backend/utils.py:213: UserWarning: In 2.9, this function's implementation will be changed to use torchaudio.load_with_torchcodec` under the hood. Some parameters like ``normalize``, ``format``, ``buffer_size``, and ``backend`` will be ignored. We recommend that you port your code to rely directly on TorchCodec's decoder instead: https://docs.pytorch.org/torchcodec/stable/generated/torchcodec.decoders.AudioDecoder.html#torchcodec.decoders.AudioDecoder.
  warnings.warn(
/nas2/data/dlwmznzl1/anaconda3/envs/Dist1/lib/python3.9/site-packages/torchaudio/_backend/utils.py:213: UserWarning: In 2.9, this function's implementation will be changed to use torchaudio.load_with_torchcodec` under the hood. Some parameters like ``normalize``, ``format``, ``buffer_size``, and ``backend`` will be ignored. We recommend that you port your code to rely directly on TorchCodec's decoder instead: https://docs.pytorch.org/torchcodec/stable/generated/torchcodec.decoders.AudioDecoder.html#torchcodec.decoders.AudioDecoder.
  warnings.warn(
/nas2/data/dlwmznzl1/anaconda3/envs/Dist1/lib/python3.9/site-packages/torchaudio/_backend/utils.py:213: UserWarning: In 2.9, this function's implementation will be changed to use torchaudio.load_with_torchcodec` under the hood. Some parameters like ``normalize``, ``format``, ``buffer_size``, and ``backend`` will be ignored. We recommend that you port your code to rely directly on TorchCodec's decoder instead: https://docs.pytorch.org/torchcodec/stable/generated/torchcodec.decoders.AudioDecoder.html#torchcodec.decoders.AudioDecoder.
  warnings.warn(
/nas2/data/dlwmznzl1/anaconda3/envs/Dist1/lib/python3.9/site-packages/torchaudio/_backend/utils.py:213: UserWarning: In 2.9, this function's implementation will be changed to use torchaudio.load_with_torchcodec` under the hood. Some parameters like ``normalize``, ``format``, ``buffer_size``, and ``backend`` will be ignored. We recommend that you port your code to rely directly on TorchCodec's decoder instead: https://docs.pytorch.org/torchcodec/stable/generated/torchcodec.decoders.AudioDecoder.html#torchcodec.decoders.AudioDecoder.
  warnings.warn(
2025-11-19 03:25:02,273 DDP_Script [Rank 0] [INFO] val WER 1.000, CER 0.978, pseudo-acc 0.00%
2025-11-19 03:25:02,308 DDP_Script [Rank 0] [INFO] Saving checkpoint to ./checkpoints/job-25c2f5490a06/latest_checkpoint.pth ...
2025-11-19 03:25:08,268 DDP_Script [Rank 0] [INFO] Successfully reported epoch 6/20 (Acc: 0.00%) to global server.
2025-11-19 03:25:08,271 DDP_Script [Rank 0] [INFO] epoch 7 시작
2025-11-19 03:25:08,274 DDP_Script [Rank 0] [INFO] 모든 노드 중 max_steps = 32
2025-11-19 03:25:08,274 DDP_Script [Rank 0] [INFO] local_steps=32, global_steps=32
/nas2/data/dlwmznzl1/anaconda3/envs/Dist1/lib/python3.9/site-packages/torchaudio/_backend/utils.py:213: UserWarning: In 2.9, this function's implementation will be changed to use torchaudio.load_with_torchcodec` under the hood. Some parameters like ``normalize``, ``format``, ``buffer_size``, and ``backend`` will be ignored. We recommend that you port your code to rely directly on TorchCodec's decoder instead: https://docs.pytorch.org/torchcodec/stable/generated/torchcodec.decoders.AudioDecoder.html#torchcodec.decoders.AudioDecoder.
  warnings.warn(
/nas2/data/dlwmznzl1/anaconda3/envs/Dist1/lib/python3.9/site-packages/torchaudio/_backend/utils.py:213: UserWarning: In 2.9, this function's implementation will be changed to use torchaudio.load_with_torchcodec` under the hood. Some parameters like ``normalize``, ``format``, ``buffer_size``, and ``backend`` will be ignored. We recommend that you port your code to rely directly on TorchCodec's decoder instead: https://docs.pytorch.org/torchcodec/stable/generated/torchcodec.decoders.AudioDecoder.html#torchcodec.decoders.AudioDecoder.
  warnings.warn(
/nas2/data/dlwmznzl1/anaconda3/envs/Dist1/lib/python3.9/site-packages/torchaudio/_backend/utils.py:213: UserWarning: In 2.9, this function's implementation will be changed to use torchaudio.load_with_torchcodec` under the hood. Some parameters like ``normalize``, ``format``, ``buffer_size``, and ``backend`` will be ignored. We recommend that you port your code to rely directly on TorchCodec's decoder instead: https://docs.pytorch.org/torchcodec/stable/generated/torchcodec.decoders.AudioDecoder.html#torchcodec.decoders.AudioDecoder.
  warnings.warn(
/nas2/data/dlwmznzl1/anaconda3/envs/Dist1/lib/python3.9/site-packages/torchaudio/_backend/utils.py:213: UserWarning: In 2.9, this function's implementation will be changed to use torchaudio.load_with_torchcodec` under the hood. Some parameters like ``normalize``, ``format``, ``buffer_size``, and ``backend`` will be ignored. We recommend that you port your code to rely directly on TorchCodec's decoder instead: https://docs.pytorch.org/torchcodec/stable/generated/torchcodec.decoders.AudioDecoder.html#torchcodec.decoders.AudioDecoder.
  warnings.warn(
/nas2/data/dlwmznzl1/anaconda3/envs/Dist1/lib/python3.9/site-packages/torchaudio/_backend/utils.py:213: UserWarning: In 2.9, this function's implementation will be changed to use torchaudio.load_with_torchcodec` under the hood. Some parameters like ``normalize``, ``format``, ``buffer_size``, and ``backend`` will be ignored. We recommend that you port your code to rely directly on TorchCodec's decoder instead: https://docs.pytorch.org/torchcodec/stable/generated/torchcodec.decoders.AudioDecoder.html#torchcodec.decoders.AudioDecoder.
  warnings.warn(
/nas2/data/dlwmznzl1/anaconda3/envs/Dist1/lib/python3.9/site-packages/torchaudio/_backend/utils.py:213: UserWarning: In 2.9, this function's implementation will be changed to use torchaudio.load_with_torchcodec` under the hood. Some parameters like ``normalize``, ``format``, ``buffer_size``, and ``backend`` will be ignored. We recommend that you port your code to rely directly on TorchCodec's decoder instead: https://docs.pytorch.org/torchcodec/stable/generated/torchcodec.decoders.AudioDecoder.html#torchcodec.decoders.AudioDecoder.
  warnings.warn(
/nas2/data/dlwmznzl1/anaconda3/envs/Dist1/lib/python3.9/site-packages/torchaudio/_backend/utils.py:213: UserWarning: In 2.9, this function's implementation will be changed to use torchaudio.load_with_torchcodec` under the hood. Some parameters like ``normalize``, ``format``, ``buffer_size``, and ``backend`` will be ignored. We recommend that you port your code to rely directly on TorchCodec's decoder instead: https://docs.pytorch.org/torchcodec/stable/generated/torchcodec.decoders.AudioDecoder.html#torchcodec.decoders.AudioDecoder.
  warnings.warn(
/nas2/data/dlwmznzl1/anaconda3/envs/Dist1/lib/python3.9/site-packages/torchaudio/_backend/utils.py:213: UserWarning: In 2.9, this function's implementation will be changed to use torchaudio.load_with_torchcodec` under the hood. Some parameters like ``normalize``, ``format``, ``buffer_size``, and ``backend`` will be ignored. We recommend that you port your code to rely directly on TorchCodec's decoder instead: https://docs.pytorch.org/torchcodec/stable/generated/torchcodec.decoders.AudioDecoder.html#torchcodec.decoders.AudioDecoder.
  warnings.warn(
2025-11-19 03:25:16,097 DDP_Script [Rank 0] [INFO] val WER 1.000, CER 0.952, pseudo-acc 0.00%
2025-11-19 03:25:16,129 DDP_Script [Rank 0] [INFO] Saving checkpoint to ./checkpoints/job-25c2f5490a06/latest_checkpoint.pth ...
2025-11-19 03:25:23,584 DDP_Script [Rank 0] [INFO] Successfully reported epoch 7/20 (Acc: 0.00%) to global server.
2025-11-19 03:25:23,588 DDP_Script [Rank 0] [INFO] epoch 8 시작
2025-11-19 03:25:23,591 DDP_Script [Rank 0] [INFO] 모든 노드 중 max_steps = 32
2025-11-19 03:25:23,591 DDP_Script [Rank 0] [INFO] local_steps=32, global_steps=32
/nas2/data/dlwmznzl1/anaconda3/envs/Dist1/lib/python3.9/site-packages/torchaudio/_backend/utils.py:213: UserWarning: In 2.9, this function's implementation will be changed to use torchaudio.load_with_torchcodec` under the hood. Some parameters like ``normalize``, ``format``, ``buffer_size``, and ``backend`` will be ignored. We recommend that you port your code to rely directly on TorchCodec's decoder instead: https://docs.pytorch.org/torchcodec/stable/generated/torchcodec.decoders.AudioDecoder.html#torchcodec.decoders.AudioDecoder.
  warnings.warn(
/nas2/data/dlwmznzl1/anaconda3/envs/Dist1/lib/python3.9/site-packages/torchaudio/_backend/utils.py:213: UserWarning: In 2.9, this function's implementation will be changed to use torchaudio.load_with_torchcodec` under the hood. Some parameters like ``normalize``, ``format``, ``buffer_size``, and ``backend`` will be ignored. We recommend that you port your code to rely directly on TorchCodec's decoder instead: https://docs.pytorch.org/torchcodec/stable/generated/torchcodec.decoders.AudioDecoder.html#torchcodec.decoders.AudioDecoder.
  warnings.warn(
/nas2/data/dlwmznzl1/anaconda3/envs/Dist1/lib/python3.9/site-packages/torchaudio/_backend/utils.py:213: UserWarning: In 2.9, this function's implementation will be changed to use torchaudio.load_with_torchcodec` under the hood. Some parameters like ``normalize``, ``format``, ``buffer_size``, and ``backend`` will be ignored. We recommend that you port your code to rely directly on TorchCodec's decoder instead: https://docs.pytorch.org/torchcodec/stable/generated/torchcodec.decoders.AudioDecoder.html#torchcodec.decoders.AudioDecoder.
  warnings.warn(
/nas2/data/dlwmznzl1/anaconda3/envs/Dist1/lib/python3.9/site-packages/torchaudio/_backend/utils.py:213: UserWarning: In 2.9, this function's implementation will be changed to use torchaudio.load_with_torchcodec` under the hood. Some parameters like ``normalize``, ``format``, ``buffer_size``, and ``backend`` will be ignored. We recommend that you port your code to rely directly on TorchCodec's decoder instead: https://docs.pytorch.org/torchcodec/stable/generated/torchcodec.decoders.AudioDecoder.html#torchcodec.decoders.AudioDecoder.
  warnings.warn(
/nas2/data/dlwmznzl1/anaconda3/envs/Dist1/lib/python3.9/site-packages/torchaudio/_backend/utils.py:213: UserWarning: In 2.9, this function's implementation will be changed to use torchaudio.load_with_torchcodec` under the hood. Some parameters like ``normalize``, ``format``, ``buffer_size``, and ``backend`` will be ignored. We recommend that you port your code to rely directly on TorchCodec's decoder instead: https://docs.pytorch.org/torchcodec/stable/generated/torchcodec.decoders.AudioDecoder.html#torchcodec.decoders.AudioDecoder.
  warnings.warn(
/nas2/data/dlwmznzl1/anaconda3/envs/Dist1/lib/python3.9/site-packages/torchaudio/_backend/utils.py:213: UserWarning: In 2.9, this function's implementation will be changed to use torchaudio.load_with_torchcodec` under the hood. Some parameters like ``normalize``, ``format``, ``buffer_size``, and ``backend`` will be ignored. We recommend that you port your code to rely directly on TorchCodec's decoder instead: https://docs.pytorch.org/torchcodec/stable/generated/torchcodec.decoders.AudioDecoder.html#torchcodec.decoders.AudioDecoder.
  warnings.warn(
/nas2/data/dlwmznzl1/anaconda3/envs/Dist1/lib/python3.9/site-packages/torchaudio/_backend/utils.py:213: UserWarning: In 2.9, this function's implementation will be changed to use torchaudio.load_with_torchcodec` under the hood. Some parameters like ``normalize``, ``format``, ``buffer_size``, and ``backend`` will be ignored. We recommend that you port your code to rely directly on TorchCodec's decoder instead: https://docs.pytorch.org/torchcodec/stable/generated/torchcodec.decoders.AudioDecoder.html#torchcodec.decoders.AudioDecoder.
  warnings.warn(
/nas2/data/dlwmznzl1/anaconda3/envs/Dist1/lib/python3.9/site-packages/torchaudio/_backend/utils.py:213: UserWarning: In 2.9, this function's implementation will be changed to use torchaudio.load_with_torchcodec` under the hood. Some parameters like ``normalize``, ``format``, ``buffer_size``, and ``backend`` will be ignored. We recommend that you port your code to rely directly on TorchCodec's decoder instead: https://docs.pytorch.org/torchcodec/stable/generated/torchcodec.decoders.AudioDecoder.html#torchcodec.decoders.AudioDecoder.
  warnings.warn(
2025-11-19 03:25:31,436 DDP_Script [Rank 0] [INFO] val WER 1.000, CER 0.959, pseudo-acc 0.00%
2025-11-19 03:25:32,387 DDP_Script [Rank 0] [INFO] Saving checkpoint to ./checkpoints/job-25c2f5490a06/latest_checkpoint.pth ...
2025-11-19 03:25:37,962 DDP_Script [Rank 0] [INFO] Successfully reported epoch 8/20 (Acc: 0.00%) to global server.
2025-11-19 03:25:37,965 DDP_Script [Rank 0] [INFO] epoch 9 시작
2025-11-19 03:25:37,968 DDP_Script [Rank 0] [INFO] 모든 노드 중 max_steps = 32
2025-11-19 03:25:37,968 DDP_Script [Rank 0] [INFO] local_steps=32, global_steps=32
/nas2/data/dlwmznzl1/anaconda3/envs/Dist1/lib/python3.9/site-packages/torchaudio/_backend/utils.py:213: UserWarning: In 2.9, this function's implementation will be changed to use torchaudio.load_with_torchcodec` under the hood. Some parameters like ``normalize``, ``format``, ``buffer_size``, and ``backend`` will be ignored. We recommend that you port your code to rely directly on TorchCodec's decoder instead: https://docs.pytorch.org/torchcodec/stable/generated/torchcodec.decoders.AudioDecoder.html#torchcodec.decoders.AudioDecoder.
  warnings.warn(
/nas2/data/dlwmznzl1/anaconda3/envs/Dist1/lib/python3.9/site-packages/torchaudio/_backend/utils.py:213: UserWarning: In 2.9, this function's implementation will be changed to use torchaudio.load_with_torchcodec` under the hood. Some parameters like ``normalize``, ``format``, ``buffer_size``, and ``backend`` will be ignored. We recommend that you port your code to rely directly on TorchCodec's decoder instead: https://docs.pytorch.org/torchcodec/stable/generated/torchcodec.decoders.AudioDecoder.html#torchcodec.decoders.AudioDecoder.
  warnings.warn(
/nas2/data/dlwmznzl1/anaconda3/envs/Dist1/lib/python3.9/site-packages/torchaudio/_backend/utils.py:213: UserWarning: In 2.9, this function's implementation will be changed to use torchaudio.load_with_torchcodec` under the hood. Some parameters like ``normalize``, ``format``, ``buffer_size``, and ``backend`` will be ignored. We recommend that you port your code to rely directly on TorchCodec's decoder instead: https://docs.pytorch.org/torchcodec/stable/generated/torchcodec.decoders.AudioDecoder.html#torchcodec.decoders.AudioDecoder.
  warnings.warn(
/nas2/data/dlwmznzl1/anaconda3/envs/Dist1/lib/python3.9/site-packages/torchaudio/_backend/utils.py:213: UserWarning: In 2.9, this function's implementation will be changed to use torchaudio.load_with_torchcodec` under the hood. Some parameters like ``normalize``, ``format``, ``buffer_size``, and ``backend`` will be ignored. We recommend that you port your code to rely directly on TorchCodec's decoder instead: https://docs.pytorch.org/torchcodec/stable/generated/torchcodec.decoders.AudioDecoder.html#torchcodec.decoders.AudioDecoder.
  warnings.warn(
/nas2/data/dlwmznzl1/anaconda3/envs/Dist1/lib/python3.9/site-packages/torchaudio/_backend/utils.py:213: UserWarning: In 2.9, this function's implementation will be changed to use torchaudio.load_with_torchcodec` under the hood. Some parameters like ``normalize``, ``format``, ``buffer_size``, and ``backend`` will be ignored. We recommend that you port your code to rely directly on TorchCodec's decoder instead: https://docs.pytorch.org/torchcodec/stable/generated/torchcodec.decoders.AudioDecoder.html#torchcodec.decoders.AudioDecoder.
  warnings.warn(
/nas2/data/dlwmznzl1/anaconda3/envs/Dist1/lib/python3.9/site-packages/torchaudio/_backend/utils.py:213: UserWarning: In 2.9, this function's implementation will be changed to use torchaudio.load_with_torchcodec` under the hood. Some parameters like ``normalize``, ``format``, ``buffer_size``, and ``backend`` will be ignored. We recommend that you port your code to rely directly on TorchCodec's decoder instead: https://docs.pytorch.org/torchcodec/stable/generated/torchcodec.decoders.AudioDecoder.html#torchcodec.decoders.AudioDecoder.
  warnings.warn(
/nas2/data/dlwmznzl1/anaconda3/envs/Dist1/lib/python3.9/site-packages/torchaudio/_backend/utils.py:213: UserWarning: In 2.9, this function's implementation will be changed to use torchaudio.load_with_torchcodec` under the hood. Some parameters like ``normalize``, ``format``, ``buffer_size``, and ``backend`` will be ignored. We recommend that you port your code to rely directly on TorchCodec's decoder instead: https://docs.pytorch.org/torchcodec/stable/generated/torchcodec.decoders.AudioDecoder.html#torchcodec.decoders.AudioDecoder.
  warnings.warn(
/nas2/data/dlwmznzl1/anaconda3/envs/Dist1/lib/python3.9/site-packages/torchaudio/_backend/utils.py:213: UserWarning: In 2.9, this function's implementation will be changed to use torchaudio.load_with_torchcodec` under the hood. Some parameters like ``normalize``, ``format``, ``buffer_size``, and ``backend`` will be ignored. We recommend that you port your code to rely directly on TorchCodec's decoder instead: https://docs.pytorch.org/torchcodec/stable/generated/torchcodec.decoders.AudioDecoder.html#torchcodec.decoders.AudioDecoder.
  warnings.warn(
2025-11-19 03:25:46,634 DDP_Script [Rank 0] [INFO] val WER 1.000, CER 0.959, pseudo-acc 0.00%
2025-11-19 03:25:46,642 DDP_Script [Rank 0] [INFO] Saving checkpoint to ./checkpoints/job-25c2f5490a06/latest_checkpoint.pth ...
2025-11-19 03:25:53,505 DDP_Script [Rank 0] [INFO] Successfully reported epoch 9/20 (Acc: 0.00%) to global server.
2025-11-19 03:25:53,509 DDP_Script [Rank 0] [INFO] epoch 10 시작
2025-11-19 03:25:53,511 DDP_Script [Rank 0] [INFO] 모든 노드 중 max_steps = 32
2025-11-19 03:25:53,511 DDP_Script [Rank 0] [INFO] local_steps=32, global_steps=32
/nas2/data/dlwmznzl1/anaconda3/envs/Dist1/lib/python3.9/site-packages/torchaudio/_backend/utils.py:213: UserWarning: In 2.9, this function's implementation will be changed to use torchaudio.load_with_torchcodec` under the hood. Some parameters like ``normalize``, ``format``, ``buffer_size``, and ``backend`` will be ignored. We recommend that you port your code to rely directly on TorchCodec's decoder instead: https://docs.pytorch.org/torchcodec/stable/generated/torchcodec.decoders.AudioDecoder.html#torchcodec.decoders.AudioDecoder.
  warnings.warn(
/nas2/data/dlwmznzl1/anaconda3/envs/Dist1/lib/python3.9/site-packages/torchaudio/_backend/utils.py:213: UserWarning: In 2.9, this function's implementation will be changed to use torchaudio.load_with_torchcodec` under the hood. Some parameters like ``normalize``, ``format``, ``buffer_size``, and ``backend`` will be ignored. We recommend that you port your code to rely directly on TorchCodec's decoder instead: https://docs.pytorch.org/torchcodec/stable/generated/torchcodec.decoders.AudioDecoder.html#torchcodec.decoders.AudioDecoder.
  warnings.warn(
/nas2/data/dlwmznzl1/anaconda3/envs/Dist1/lib/python3.9/site-packages/torchaudio/_backend/utils.py:213: UserWarning: In 2.9, this function's implementation will be changed to use torchaudio.load_with_torchcodec` under the hood. Some parameters like ``normalize``, ``format``, ``buffer_size``, and ``backend`` will be ignored. We recommend that you port your code to rely directly on TorchCodec's decoder instead: https://docs.pytorch.org/torchcodec/stable/generated/torchcodec.decoders.AudioDecoder.html#torchcodec.decoders.AudioDecoder.
  warnings.warn(
/nas2/data/dlwmznzl1/anaconda3/envs/Dist1/lib/python3.9/site-packages/torchaudio/_backend/utils.py:213: UserWarning: In 2.9, this function's implementation will be changed to use torchaudio.load_with_torchcodec` under the hood. Some parameters like ``normalize``, ``format``, ``buffer_size``, and ``backend`` will be ignored. We recommend that you port your code to rely directly on TorchCodec's decoder instead: https://docs.pytorch.org/torchcodec/stable/generated/torchcodec.decoders.AudioDecoder.html#torchcodec.decoders.AudioDecoder.
  warnings.warn(
/nas2/data/dlwmznzl1/anaconda3/envs/Dist1/lib/python3.9/site-packages/torchaudio/_backend/utils.py:213: UserWarning: In 2.9, this function's implementation will be changed to use torchaudio.load_with_torchcodec` under the hood. Some parameters like ``normalize``, ``format``, ``buffer_size``, and ``backend`` will be ignored. We recommend that you port your code to rely directly on TorchCodec's decoder instead: https://docs.pytorch.org/torchcodec/stable/generated/torchcodec.decoders.AudioDecoder.html#torchcodec.decoders.AudioDecoder.
  warnings.warn(
/nas2/data/dlwmznzl1/anaconda3/envs/Dist1/lib/python3.9/site-packages/torchaudio/_backend/utils.py:213: UserWarning: In 2.9, this function's implementation will be changed to use torchaudio.load_with_torchcodec` under the hood. Some parameters like ``normalize``, ``format``, ``buffer_size``, and ``backend`` will be ignored. We recommend that you port your code to rely directly on TorchCodec's decoder instead: https://docs.pytorch.org/torchcodec/stable/generated/torchcodec.decoders.AudioDecoder.html#torchcodec.decoders.AudioDecoder.
  warnings.warn(
/nas2/data/dlwmznzl1/anaconda3/envs/Dist1/lib/python3.9/site-packages/torchaudio/_backend/utils.py:213: UserWarning: In 2.9, this function's implementation will be changed to use torchaudio.load_with_torchcodec` under the hood. Some parameters like ``normalize``, ``format``, ``buffer_size``, and ``backend`` will be ignored. We recommend that you port your code to rely directly on TorchCodec's decoder instead: https://docs.pytorch.org/torchcodec/stable/generated/torchcodec.decoders.AudioDecoder.html#torchcodec.decoders.AudioDecoder.
  warnings.warn(
/nas2/data/dlwmznzl1/anaconda3/envs/Dist1/lib/python3.9/site-packages/torchaudio/_backend/utils.py:213: UserWarning: In 2.9, this function's implementation will be changed to use torchaudio.load_with_torchcodec` under the hood. Some parameters like ``normalize``, ``format``, ``buffer_size``, and ``backend`` will be ignored. We recommend that you port your code to rely directly on TorchCodec's decoder instead: https://docs.pytorch.org/torchcodec/stable/generated/torchcodec.decoders.AudioDecoder.html#torchcodec.decoders.AudioDecoder.
  warnings.warn(
2025-11-19 03:26:01,300 DDP_Script [Rank 0] [INFO] val WER 1.000, CER 0.964, pseudo-acc 0.00%
2025-11-19 03:26:01,320 DDP_Script [Rank 0] [INFO] Saving checkpoint to ./checkpoints/job-25c2f5490a06/latest_checkpoint.pth ...
2025-11-19 03:26:11,194 DDP_Script [Rank 0] [INFO] Successfully reported epoch 10/20 (Acc: 0.00%) to global server.
2025-11-19 03:26:11,198 DDP_Script [Rank 0] [INFO] epoch 11 시작
2025-11-19 03:26:11,201 DDP_Script [Rank 0] [INFO] 모든 노드 중 max_steps = 32
2025-11-19 03:26:11,201 DDP_Script [Rank 0] [INFO] local_steps=32, global_steps=32
/nas2/data/dlwmznzl1/anaconda3/envs/Dist1/lib/python3.9/site-packages/torchaudio/_backend/utils.py:213: UserWarning: In 2.9, this function's implementation will be changed to use torchaudio.load_with_torchcodec` under the hood. Some parameters like ``normalize``, ``format``, ``buffer_size``, and ``backend`` will be ignored. We recommend that you port your code to rely directly on TorchCodec's decoder instead: https://docs.pytorch.org/torchcodec/stable/generated/torchcodec.decoders.AudioDecoder.html#torchcodec.decoders.AudioDecoder.
  warnings.warn(
/nas2/data/dlwmznzl1/anaconda3/envs/Dist1/lib/python3.9/site-packages/torchaudio/_backend/utils.py:213: UserWarning: In 2.9, this function's implementation will be changed to use torchaudio.load_with_torchcodec` under the hood. Some parameters like ``normalize``, ``format``, ``buffer_size``, and ``backend`` will be ignored. We recommend that you port your code to rely directly on TorchCodec's decoder instead: https://docs.pytorch.org/torchcodec/stable/generated/torchcodec.decoders.AudioDecoder.html#torchcodec.decoders.AudioDecoder.
  warnings.warn(
/nas2/data/dlwmznzl1/anaconda3/envs/Dist1/lib/python3.9/site-packages/torchaudio/_backend/utils.py:213: UserWarning: In 2.9, this function's implementation will be changed to use torchaudio.load_with_torchcodec` under the hood. Some parameters like ``normalize``, ``format``, ``buffer_size``, and ``backend`` will be ignored. We recommend that you port your code to rely directly on TorchCodec's decoder instead: https://docs.pytorch.org/torchcodec/stable/generated/torchcodec.decoders.AudioDecoder.html#torchcodec.decoders.AudioDecoder.
  warnings.warn(
/nas2/data/dlwmznzl1/anaconda3/envs/Dist1/lib/python3.9/site-packages/torchaudio/_backend/utils.py:213: UserWarning: In 2.9, this function's implementation will be changed to use torchaudio.load_with_torchcodec` under the hood. Some parameters like ``normalize``, ``format``, ``buffer_size``, and ``backend`` will be ignored. We recommend that you port your code to rely directly on TorchCodec's decoder instead: https://docs.pytorch.org/torchcodec/stable/generated/torchcodec.decoders.AudioDecoder.html#torchcodec.decoders.AudioDecoder.
  warnings.warn(
/nas2/data/dlwmznzl1/anaconda3/envs/Dist1/lib/python3.9/site-packages/torchaudio/_backend/utils.py:213: UserWarning: In 2.9, this function's implementation will be changed to use torchaudio.load_with_torchcodec` under the hood. Some parameters like ``normalize``, ``format``, ``buffer_size``, and ``backend`` will be ignored. We recommend that you port your code to rely directly on TorchCodec's decoder instead: https://docs.pytorch.org/torchcodec/stable/generated/torchcodec.decoders.AudioDecoder.html#torchcodec.decoders.AudioDecoder.
  warnings.warn(
/nas2/data/dlwmznzl1/anaconda3/envs/Dist1/lib/python3.9/site-packages/torchaudio/_backend/utils.py:213: UserWarning: In 2.9, this function's implementation will be changed to use torchaudio.load_with_torchcodec` under the hood. Some parameters like ``normalize``, ``format``, ``buffer_size``, and ``backend`` will be ignored. We recommend that you port your code to rely directly on TorchCodec's decoder instead: https://docs.pytorch.org/torchcodec/stable/generated/torchcodec.decoders.AudioDecoder.html#torchcodec.decoders.AudioDecoder.
  warnings.warn(
/nas2/data/dlwmznzl1/anaconda3/envs/Dist1/lib/python3.9/site-packages/torchaudio/_backend/utils.py:213: UserWarning: In 2.9, this function's implementation will be changed to use torchaudio.load_with_torchcodec` under the hood. Some parameters like ``normalize``, ``format``, ``buffer_size``, and ``backend`` will be ignored. We recommend that you port your code to rely directly on TorchCodec's decoder instead: https://docs.pytorch.org/torchcodec/stable/generated/torchcodec.decoders.AudioDecoder.html#torchcodec.decoders.AudioDecoder.
  warnings.warn(
/nas2/data/dlwmznzl1/anaconda3/envs/Dist1/lib/python3.9/site-packages/torchaudio/_backend/utils.py:213: UserWarning: In 2.9, this function's implementation will be changed to use torchaudio.load_with_torchcodec` under the hood. Some parameters like ``normalize``, ``format``, ``buffer_size``, and ``backend`` will be ignored. We recommend that you port your code to rely directly on TorchCodec's decoder instead: https://docs.pytorch.org/torchcodec/stable/generated/torchcodec.decoders.AudioDecoder.html#torchcodec.decoders.AudioDecoder.
  warnings.warn(
2025-11-19 03:26:18,936 DDP_Script [Rank 0] [INFO] val WER 1.000, CER 0.978, pseudo-acc 0.00%
2025-11-19 03:26:18,942 DDP_Script [Rank 0] [INFO] Saving checkpoint to ./checkpoints/job-25c2f5490a06/latest_checkpoint.pth ...
2025-11-19 03:26:25,119 DDP_Script [Rank 0] [INFO] Successfully reported epoch 11/20 (Acc: 0.00%) to global server.
2025-11-19 03:26:25,122 DDP_Script [Rank 0] [INFO] epoch 12 시작
2025-11-19 03:26:25,125 DDP_Script [Rank 0] [INFO] 모든 노드 중 max_steps = 32
2025-11-19 03:26:25,125 DDP_Script [Rank 0] [INFO] local_steps=32, global_steps=32
/nas2/data/dlwmznzl1/anaconda3/envs/Dist1/lib/python3.9/site-packages/torchaudio/_backend/utils.py:213: UserWarning: In 2.9, this function's implementation will be changed to use torchaudio.load_with_torchcodec` under the hood. Some parameters like ``normalize``, ``format``, ``buffer_size``, and ``backend`` will be ignored. We recommend that you port your code to rely directly on TorchCodec's decoder instead: https://docs.pytorch.org/torchcodec/stable/generated/torchcodec.decoders.AudioDecoder.html#torchcodec.decoders.AudioDecoder.
  warnings.warn(
/nas2/data/dlwmznzl1/anaconda3/envs/Dist1/lib/python3.9/site-packages/torchaudio/_backend/utils.py:213: UserWarning: In 2.9, this function's implementation will be changed to use torchaudio.load_with_torchcodec` under the hood. Some parameters like ``normalize``, ``format``, ``buffer_size``, and ``backend`` will be ignored. We recommend that you port your code to rely directly on TorchCodec's decoder instead: https://docs.pytorch.org/torchcodec/stable/generated/torchcodec.decoders.AudioDecoder.html#torchcodec.decoders.AudioDecoder.
  warnings.warn(
/nas2/data/dlwmznzl1/anaconda3/envs/Dist1/lib/python3.9/site-packages/torchaudio/_backend/utils.py:213: UserWarning: In 2.9, this function's implementation will be changed to use torchaudio.load_with_torchcodec` under the hood. Some parameters like ``normalize``, ``format``, ``buffer_size``, and ``backend`` will be ignored. We recommend that you port your code to rely directly on TorchCodec's decoder instead: https://docs.pytorch.org/torchcodec/stable/generated/torchcodec.decoders.AudioDecoder.html#torchcodec.decoders.AudioDecoder.
  warnings.warn(
/nas2/data/dlwmznzl1/anaconda3/envs/Dist1/lib/python3.9/site-packages/torchaudio/_backend/utils.py:213: UserWarning: In 2.9, this function's implementation will be changed to use torchaudio.load_with_torchcodec` under the hood. Some parameters like ``normalize``, ``format``, ``buffer_size``, and ``backend`` will be ignored. We recommend that you port your code to rely directly on TorchCodec's decoder instead: https://docs.pytorch.org/torchcodec/stable/generated/torchcodec.decoders.AudioDecoder.html#torchcodec.decoders.AudioDecoder.
  warnings.warn(
/nas2/data/dlwmznzl1/anaconda3/envs/Dist1/lib/python3.9/site-packages/torchaudio/_backend/utils.py:213: UserWarning: In 2.9, this function's implementation will be changed to use torchaudio.load_with_torchcodec` under the hood. Some parameters like ``normalize``, ``format``, ``buffer_size``, and ``backend`` will be ignored. We recommend that you port your code to rely directly on TorchCodec's decoder instead: https://docs.pytorch.org/torchcodec/stable/generated/torchcodec.decoders.AudioDecoder.html#torchcodec.decoders.AudioDecoder.
  warnings.warn(
/nas2/data/dlwmznzl1/anaconda3/envs/Dist1/lib/python3.9/site-packages/torchaudio/_backend/utils.py:213: UserWarning: In 2.9, this function's implementation will be changed to use torchaudio.load_with_torchcodec` under the hood. Some parameters like ``normalize``, ``format``, ``buffer_size``, and ``backend`` will be ignored. We recommend that you port your code to rely directly on TorchCodec's decoder instead: https://docs.pytorch.org/torchcodec/stable/generated/torchcodec.decoders.AudioDecoder.html#torchcodec.decoders.AudioDecoder.
  warnings.warn(
/nas2/data/dlwmznzl1/anaconda3/envs/Dist1/lib/python3.9/site-packages/torchaudio/_backend/utils.py:213: UserWarning: In 2.9, this function's implementation will be changed to use torchaudio.load_with_torchcodec` under the hood. Some parameters like ``normalize``, ``format``, ``buffer_size``, and ``backend`` will be ignored. We recommend that you port your code to rely directly on TorchCodec's decoder instead: https://docs.pytorch.org/torchcodec/stable/generated/torchcodec.decoders.AudioDecoder.html#torchcodec.decoders.AudioDecoder.
  warnings.warn(
/nas2/data/dlwmznzl1/anaconda3/envs/Dist1/lib/python3.9/site-packages/torchaudio/_backend/utils.py:213: UserWarning: In 2.9, this function's implementation will be changed to use torchaudio.load_with_torchcodec` under the hood. Some parameters like ``normalize``, ``format``, ``buffer_size``, and ``backend`` will be ignored. We recommend that you port your code to rely directly on TorchCodec's decoder instead: https://docs.pytorch.org/torchcodec/stable/generated/torchcodec.decoders.AudioDecoder.html#torchcodec.decoders.AudioDecoder.
  warnings.warn(
2025-11-19 03:26:32,849 DDP_Script [Rank 0] [INFO] val WER 1.000, CER 0.965, pseudo-acc 0.00%
2025-11-19 03:26:32,855 DDP_Script [Rank 0] [INFO] Saving checkpoint to ./checkpoints/job-25c2f5490a06/latest_checkpoint.pth ...
2025-11-19 03:26:39,431 DDP_Script [Rank 0] [INFO] Successfully reported epoch 12/20 (Acc: 0.00%) to global server.
2025-11-19 03:26:39,434 DDP_Script [Rank 0] [INFO] epoch 13 시작
2025-11-19 03:26:39,437 DDP_Script [Rank 0] [INFO] 모든 노드 중 max_steps = 32
2025-11-19 03:26:39,437 DDP_Script [Rank 0] [INFO] local_steps=32, global_steps=32
/nas2/data/dlwmznzl1/anaconda3/envs/Dist1/lib/python3.9/site-packages/torchaudio/_backend/utils.py:213: UserWarning: In 2.9, this function's implementation will be changed to use torchaudio.load_with_torchcodec` under the hood. Some parameters like ``normalize``, ``format``, ``buffer_size``, and ``backend`` will be ignored. We recommend that you port your code to rely directly on TorchCodec's decoder instead: https://docs.pytorch.org/torchcodec/stable/generated/torchcodec.decoders.AudioDecoder.html#torchcodec.decoders.AudioDecoder.
  warnings.warn(
/nas2/data/dlwmznzl1/anaconda3/envs/Dist1/lib/python3.9/site-packages/torchaudio/_backend/utils.py:213: UserWarning: In 2.9, this function's implementation will be changed to use torchaudio.load_with_torchcodec` under the hood. Some parameters like ``normalize``, ``format``, ``buffer_size``, and ``backend`` will be ignored. We recommend that you port your code to rely directly on TorchCodec's decoder instead: https://docs.pytorch.org/torchcodec/stable/generated/torchcodec.decoders.AudioDecoder.html#torchcodec.decoders.AudioDecoder.
  warnings.warn(
/nas2/data/dlwmznzl1/anaconda3/envs/Dist1/lib/python3.9/site-packages/torchaudio/_backend/utils.py:213: UserWarning: In 2.9, this function's implementation will be changed to use torchaudio.load_with_torchcodec` under the hood. Some parameters like ``normalize``, ``format``, ``buffer_size``, and ``backend`` will be ignored. We recommend that you port your code to rely directly on TorchCodec's decoder instead: https://docs.pytorch.org/torchcodec/stable/generated/torchcodec.decoders.AudioDecoder.html#torchcodec.decoders.AudioDecoder.
  warnings.warn(
/nas2/data/dlwmznzl1/anaconda3/envs/Dist1/lib/python3.9/site-packages/torchaudio/_backend/utils.py:213: UserWarning: In 2.9, this function's implementation will be changed to use torchaudio.load_with_torchcodec` under the hood. Some parameters like ``normalize``, ``format``, ``buffer_size``, and ``backend`` will be ignored. We recommend that you port your code to rely directly on TorchCodec's decoder instead: https://docs.pytorch.org/torchcodec/stable/generated/torchcodec.decoders.AudioDecoder.html#torchcodec.decoders.AudioDecoder.
  warnings.warn(
/nas2/data/dlwmznzl1/anaconda3/envs/Dist1/lib/python3.9/site-packages/torchaudio/_backend/utils.py:213: UserWarning: In 2.9, this function's implementation will be changed to use torchaudio.load_with_torchcodec` under the hood. Some parameters like ``normalize``, ``format``, ``buffer_size``, and ``backend`` will be ignored. We recommend that you port your code to rely directly on TorchCodec's decoder instead: https://docs.pytorch.org/torchcodec/stable/generated/torchcodec.decoders.AudioDecoder.html#torchcodec.decoders.AudioDecoder.
  warnings.warn(
/nas2/data/dlwmznzl1/anaconda3/envs/Dist1/lib/python3.9/site-packages/torchaudio/_backend/utils.py:213: UserWarning: In 2.9, this function's implementation will be changed to use torchaudio.load_with_torchcodec` under the hood. Some parameters like ``normalize``, ``format``, ``buffer_size``, and ``backend`` will be ignored. We recommend that you port your code to rely directly on TorchCodec's decoder instead: https://docs.pytorch.org/torchcodec/stable/generated/torchcodec.decoders.AudioDecoder.html#torchcodec.decoders.AudioDecoder.
  warnings.warn(
/nas2/data/dlwmznzl1/anaconda3/envs/Dist1/lib/python3.9/site-packages/torchaudio/_backend/utils.py:213: UserWarning: In 2.9, this function's implementation will be changed to use torchaudio.load_with_torchcodec` under the hood. Some parameters like ``normalize``, ``format``, ``buffer_size``, and ``backend`` will be ignored. We recommend that you port your code to rely directly on TorchCodec's decoder instead: https://docs.pytorch.org/torchcodec/stable/generated/torchcodec.decoders.AudioDecoder.html#torchcodec.decoders.AudioDecoder.
  warnings.warn(
/nas2/data/dlwmznzl1/anaconda3/envs/Dist1/lib/python3.9/site-packages/torchaudio/_backend/utils.py:213: UserWarning: In 2.9, this function's implementation will be changed to use torchaudio.load_with_torchcodec` under the hood. Some parameters like ``normalize``, ``format``, ``buffer_size``, and ``backend`` will be ignored. We recommend that you port your code to rely directly on TorchCodec's decoder instead: https://docs.pytorch.org/torchcodec/stable/generated/torchcodec.decoders.AudioDecoder.html#torchcodec.decoders.AudioDecoder.
  warnings.warn(
2025-11-19 03:26:47,976 DDP_Script [Rank 0] [INFO] val WER 0.987, CER 0.850, pseudo-acc 1.33%
2025-11-19 03:26:47,982 DDP_Script [Rank 0] [INFO] Saving checkpoint to ./checkpoints/job-25c2f5490a06/latest_checkpoint.pth ...
2025-11-19 03:26:51,815 DDP_Script [Rank 0] [INFO] Successfully reported epoch 13/20 (Acc: 1.33%) to global server.
2025-11-19 03:26:51,818 DDP_Script [Rank 0] [INFO] epoch 14 시작
2025-11-19 03:26:51,821 DDP_Script [Rank 0] [INFO] 모든 노드 중 max_steps = 32
2025-11-19 03:26:51,821 DDP_Script [Rank 0] [INFO] local_steps=32, global_steps=32
/nas2/data/dlwmznzl1/anaconda3/envs/Dist1/lib/python3.9/site-packages/torchaudio/_backend/utils.py:213: UserWarning: In 2.9, this function's implementation will be changed to use torchaudio.load_with_torchcodec` under the hood. Some parameters like ``normalize``, ``format``, ``buffer_size``, and ``backend`` will be ignored. We recommend that you port your code to rely directly on TorchCodec's decoder instead: https://docs.pytorch.org/torchcodec/stable/generated/torchcodec.decoders.AudioDecoder.html#torchcodec.decoders.AudioDecoder.
  warnings.warn(
/nas2/data/dlwmznzl1/anaconda3/envs/Dist1/lib/python3.9/site-packages/torchaudio/_backend/utils.py:213: UserWarning: In 2.9, this function's implementation will be changed to use torchaudio.load_with_torchcodec` under the hood. Some parameters like ``normalize``, ``format``, ``buffer_size``, and ``backend`` will be ignored. We recommend that you port your code to rely directly on TorchCodec's decoder instead: https://docs.pytorch.org/torchcodec/stable/generated/torchcodec.decoders.AudioDecoder.html#torchcodec.decoders.AudioDecoder.
  warnings.warn(
/nas2/data/dlwmznzl1/anaconda3/envs/Dist1/lib/python3.9/site-packages/torchaudio/_backend/utils.py:213: UserWarning: In 2.9, this function's implementation will be changed to use torchaudio.load_with_torchcodec` under the hood. Some parameters like ``normalize``, ``format``, ``buffer_size``, and ``backend`` will be ignored. We recommend that you port your code to rely directly on TorchCodec's decoder instead: https://docs.pytorch.org/torchcodec/stable/generated/torchcodec.decoders.AudioDecoder.html#torchcodec.decoders.AudioDecoder.
  warnings.warn(
/nas2/data/dlwmznzl1/anaconda3/envs/Dist1/lib/python3.9/site-packages/torchaudio/_backend/utils.py:213: UserWarning: In 2.9, this function's implementation will be changed to use torchaudio.load_with_torchcodec` under the hood. Some parameters like ``normalize``, ``format``, ``buffer_size``, and ``backend`` will be ignored. We recommend that you port your code to rely directly on TorchCodec's decoder instead: https://docs.pytorch.org/torchcodec/stable/generated/torchcodec.decoders.AudioDecoder.html#torchcodec.decoders.AudioDecoder.
  warnings.warn(
/nas2/data/dlwmznzl1/anaconda3/envs/Dist1/lib/python3.9/site-packages/torchaudio/_backend/utils.py:213: UserWarning: In 2.9, this function's implementation will be changed to use torchaudio.load_with_torchcodec` under the hood. Some parameters like ``normalize``, ``format``, ``buffer_size``, and ``backend`` will be ignored. We recommend that you port your code to rely directly on TorchCodec's decoder instead: https://docs.pytorch.org/torchcodec/stable/generated/torchcodec.decoders.AudioDecoder.html#torchcodec.decoders.AudioDecoder.
  warnings.warn(
/nas2/data/dlwmznzl1/anaconda3/envs/Dist1/lib/python3.9/site-packages/torchaudio/_backend/utils.py:213: UserWarning: In 2.9, this function's implementation will be changed to use torchaudio.load_with_torchcodec` under the hood. Some parameters like ``normalize``, ``format``, ``buffer_size``, and ``backend`` will be ignored. We recommend that you port your code to rely directly on TorchCodec's decoder instead: https://docs.pytorch.org/torchcodec/stable/generated/torchcodec.decoders.AudioDecoder.html#torchcodec.decoders.AudioDecoder.
  warnings.warn(
/nas2/data/dlwmznzl1/anaconda3/envs/Dist1/lib/python3.9/site-packages/torchaudio/_backend/utils.py:213: UserWarning: In 2.9, this function's implementation will be changed to use torchaudio.load_with_torchcodec` under the hood. Some parameters like ``normalize``, ``format``, ``buffer_size``, and ``backend`` will be ignored. We recommend that you port your code to rely directly on TorchCodec's decoder instead: https://docs.pytorch.org/torchcodec/stable/generated/torchcodec.decoders.AudioDecoder.html#torchcodec.decoders.AudioDecoder.
  warnings.warn(
/nas2/data/dlwmznzl1/anaconda3/envs/Dist1/lib/python3.9/site-packages/torchaudio/_backend/utils.py:213: UserWarning: In 2.9, this function's implementation will be changed to use torchaudio.load_with_torchcodec` under the hood. Some parameters like ``normalize``, ``format``, ``buffer_size``, and ``backend`` will be ignored. We recommend that you port your code to rely directly on TorchCodec's decoder instead: https://docs.pytorch.org/torchcodec/stable/generated/torchcodec.decoders.AudioDecoder.html#torchcodec.decoders.AudioDecoder.
  warnings.warn(
2025-11-19 03:26:59,535 DDP_Script [Rank 0] [INFO] val WER 1.223, CER 0.695, pseudo-acc 0.00%
2025-11-19 03:26:59,562 DDP_Script [Rank 0] [INFO] Saving checkpoint to ./checkpoints/job-25c2f5490a06/latest_checkpoint.pth ...
2025-11-19 03:27:05,627 DDP_Script [Rank 0] [INFO] Successfully reported epoch 14/20 (Acc: 0.00%) to global server.
2025-11-19 03:27:05,631 DDP_Script [Rank 0] [INFO] epoch 15 시작
2025-11-19 03:27:05,634 DDP_Script [Rank 0] [INFO] 모든 노드 중 max_steps = 32
2025-11-19 03:27:05,634 DDP_Script [Rank 0] [INFO] local_steps=32, global_steps=32
/nas2/data/dlwmznzl1/anaconda3/envs/Dist1/lib/python3.9/site-packages/torchaudio/_backend/utils.py:213: UserWarning: In 2.9, this function's implementation will be changed to use torchaudio.load_with_torchcodec` under the hood. Some parameters like ``normalize``, ``format``, ``buffer_size``, and ``backend`` will be ignored. We recommend that you port your code to rely directly on TorchCodec's decoder instead: https://docs.pytorch.org/torchcodec/stable/generated/torchcodec.decoders.AudioDecoder.html#torchcodec.decoders.AudioDecoder.
  warnings.warn(
/nas2/data/dlwmznzl1/anaconda3/envs/Dist1/lib/python3.9/site-packages/torchaudio/_backend/utils.py:213: UserWarning: In 2.9, this function's implementation will be changed to use torchaudio.load_with_torchcodec` under the hood. Some parameters like ``normalize``, ``format``, ``buffer_size``, and ``backend`` will be ignored. We recommend that you port your code to rely directly on TorchCodec's decoder instead: https://docs.pytorch.org/torchcodec/stable/generated/torchcodec.decoders.AudioDecoder.html#torchcodec.decoders.AudioDecoder.
  warnings.warn(
/nas2/data/dlwmznzl1/anaconda3/envs/Dist1/lib/python3.9/site-packages/torchaudio/_backend/utils.py:213: UserWarning: In 2.9, this function's implementation will be changed to use torchaudio.load_with_torchcodec` under the hood. Some parameters like ``normalize``, ``format``, ``buffer_size``, and ``backend`` will be ignored. We recommend that you port your code to rely directly on TorchCodec's decoder instead: https://docs.pytorch.org/torchcodec/stable/generated/torchcodec.decoders.AudioDecoder.html#torchcodec.decoders.AudioDecoder.
  warnings.warn(
/nas2/data/dlwmznzl1/anaconda3/envs/Dist1/lib/python3.9/site-packages/torchaudio/_backend/utils.py:213: UserWarning: In 2.9, this function's implementation will be changed to use torchaudio.load_with_torchcodec` under the hood. Some parameters like ``normalize``, ``format``, ``buffer_size``, and ``backend`` will be ignored. We recommend that you port your code to rely directly on TorchCodec's decoder instead: https://docs.pytorch.org/torchcodec/stable/generated/torchcodec.decoders.AudioDecoder.html#torchcodec.decoders.AudioDecoder.
  warnings.warn(
/nas2/data/dlwmznzl1/anaconda3/envs/Dist1/lib/python3.9/site-packages/torchaudio/_backend/utils.py:213: UserWarning: In 2.9, this function's implementation will be changed to use torchaudio.load_with_torchcodec` under the hood. Some parameters like ``normalize``, ``format``, ``buffer_size``, and ``backend`` will be ignored. We recommend that you port your code to rely directly on TorchCodec's decoder instead: https://docs.pytorch.org/torchcodec/stable/generated/torchcodec.decoders.AudioDecoder.html#torchcodec.decoders.AudioDecoder.
  warnings.warn(
/nas2/data/dlwmznzl1/anaconda3/envs/Dist1/lib/python3.9/site-packages/torchaudio/_backend/utils.py:213: UserWarning: In 2.9, this function's implementation will be changed to use torchaudio.load_with_torchcodec` under the hood. Some parameters like ``normalize``, ``format``, ``buffer_size``, and ``backend`` will be ignored. We recommend that you port your code to rely directly on TorchCodec's decoder instead: https://docs.pytorch.org/torchcodec/stable/generated/torchcodec.decoders.AudioDecoder.html#torchcodec.decoders.AudioDecoder.
  warnings.warn(
/nas2/data/dlwmznzl1/anaconda3/envs/Dist1/lib/python3.9/site-packages/torchaudio/_backend/utils.py:213: UserWarning: In 2.9, this function's implementation will be changed to use torchaudio.load_with_torchcodec` under the hood. Some parameters like ``normalize``, ``format``, ``buffer_size``, and ``backend`` will be ignored. We recommend that you port your code to rely directly on TorchCodec's decoder instead: https://docs.pytorch.org/torchcodec/stable/generated/torchcodec.decoders.AudioDecoder.html#torchcodec.decoders.AudioDecoder.
  warnings.warn(
/nas2/data/dlwmznzl1/anaconda3/envs/Dist1/lib/python3.9/site-packages/torchaudio/_backend/utils.py:213: UserWarning: In 2.9, this function's implementation will be changed to use torchaudio.load_with_torchcodec` under the hood. Some parameters like ``normalize``, ``format``, ``buffer_size``, and ``backend`` will be ignored. We recommend that you port your code to rely directly on TorchCodec's decoder instead: https://docs.pytorch.org/torchcodec/stable/generated/torchcodec.decoders.AudioDecoder.html#torchcodec.decoders.AudioDecoder.
  warnings.warn(
2025-11-19 03:27:13,460 DDP_Script [Rank 0] [INFO] val WER 1.012, CER 0.695, pseudo-acc 0.00%
2025-11-19 03:27:13,476 DDP_Script [Rank 0] [INFO] Saving checkpoint to ./checkpoints/job-25c2f5490a06/latest_checkpoint.pth ...
2025-11-19 03:27:18,448 DDP_Script [Rank 0] [INFO] Successfully reported epoch 15/20 (Acc: 0.00%) to global server.
2025-11-19 03:27:18,451 DDP_Script [Rank 0] [INFO] epoch 16 시작
2025-11-19 03:27:18,454 DDP_Script [Rank 0] [INFO] 모든 노드 중 max_steps = 32
2025-11-19 03:27:18,454 DDP_Script [Rank 0] [INFO] local_steps=32, global_steps=32
/nas2/data/dlwmznzl1/anaconda3/envs/Dist1/lib/python3.9/site-packages/torchaudio/_backend/utils.py:213: UserWarning: In 2.9, this function's implementation will be changed to use torchaudio.load_with_torchcodec` under the hood. Some parameters like ``normalize``, ``format``, ``buffer_size``, and ``backend`` will be ignored. We recommend that you port your code to rely directly on TorchCodec's decoder instead: https://docs.pytorch.org/torchcodec/stable/generated/torchcodec.decoders.AudioDecoder.html#torchcodec.decoders.AudioDecoder.
  warnings.warn(
/nas2/data/dlwmznzl1/anaconda3/envs/Dist1/lib/python3.9/site-packages/torchaudio/_backend/utils.py:213: UserWarning: In 2.9, this function's implementation will be changed to use torchaudio.load_with_torchcodec` under the hood. Some parameters like ``normalize``, ``format``, ``buffer_size``, and ``backend`` will be ignored. We recommend that you port your code to rely directly on TorchCodec's decoder instead: https://docs.pytorch.org/torchcodec/stable/generated/torchcodec.decoders.AudioDecoder.html#torchcodec.decoders.AudioDecoder.
  warnings.warn(
/nas2/data/dlwmznzl1/anaconda3/envs/Dist1/lib/python3.9/site-packages/torchaudio/_backend/utils.py:213: UserWarning: In 2.9, this function's implementation will be changed to use torchaudio.load_with_torchcodec` under the hood. Some parameters like ``normalize``, ``format``, ``buffer_size``, and ``backend`` will be ignored. We recommend that you port your code to rely directly on TorchCodec's decoder instead: https://docs.pytorch.org/torchcodec/stable/generated/torchcodec.decoders.AudioDecoder.html#torchcodec.decoders.AudioDecoder.
  warnings.warn(
/nas2/data/dlwmznzl1/anaconda3/envs/Dist1/lib/python3.9/site-packages/torchaudio/_backend/utils.py:213: UserWarning: In 2.9, this function's implementation will be changed to use torchaudio.load_with_torchcodec` under the hood. Some parameters like ``normalize``, ``format``, ``buffer_size``, and ``backend`` will be ignored. We recommend that you port your code to rely directly on TorchCodec's decoder instead: https://docs.pytorch.org/torchcodec/stable/generated/torchcodec.decoders.AudioDecoder.html#torchcodec.decoders.AudioDecoder.
  warnings.warn(
/nas2/data/dlwmznzl1/anaconda3/envs/Dist1/lib/python3.9/site-packages/torchaudio/_backend/utils.py:213: UserWarning: In 2.9, this function's implementation will be changed to use torchaudio.load_with_torchcodec` under the hood. Some parameters like ``normalize``, ``format``, ``buffer_size``, and ``backend`` will be ignored. We recommend that you port your code to rely directly on TorchCodec's decoder instead: https://docs.pytorch.org/torchcodec/stable/generated/torchcodec.decoders.AudioDecoder.html#torchcodec.decoders.AudioDecoder.
  warnings.warn(
/nas2/data/dlwmznzl1/anaconda3/envs/Dist1/lib/python3.9/site-packages/torchaudio/_backend/utils.py:213: UserWarning: In 2.9, this function's implementation will be changed to use torchaudio.load_with_torchcodec` under the hood. Some parameters like ``normalize``, ``format``, ``buffer_size``, and ``backend`` will be ignored. We recommend that you port your code to rely directly on TorchCodec's decoder instead: https://docs.pytorch.org/torchcodec/stable/generated/torchcodec.decoders.AudioDecoder.html#torchcodec.decoders.AudioDecoder.
  warnings.warn(
/nas2/data/dlwmznzl1/anaconda3/envs/Dist1/lib/python3.9/site-packages/torchaudio/_backend/utils.py:213: UserWarning: In 2.9, this function's implementation will be changed to use torchaudio.load_with_torchcodec` under the hood. Some parameters like ``normalize``, ``format``, ``buffer_size``, and ``backend`` will be ignored. We recommend that you port your code to rely directly on TorchCodec's decoder instead: https://docs.pytorch.org/torchcodec/stable/generated/torchcodec.decoders.AudioDecoder.html#torchcodec.decoders.AudioDecoder.
  warnings.warn(
/nas2/data/dlwmznzl1/anaconda3/envs/Dist1/lib/python3.9/site-packages/torchaudio/_backend/utils.py:213: UserWarning: In 2.9, this function's implementation will be changed to use torchaudio.load_with_torchcodec` under the hood. Some parameters like ``normalize``, ``format``, ``buffer_size``, and ``backend`` will be ignored. We recommend that you port your code to rely directly on TorchCodec's decoder instead: https://docs.pytorch.org/torchcodec/stable/generated/torchcodec.decoders.AudioDecoder.html#torchcodec.decoders.AudioDecoder.
  warnings.warn(
2025-11-19 03:27:26,269 DDP_Script [Rank 0] [INFO] val WER 1.076, CER 0.622, pseudo-acc 0.00%
2025-11-19 03:27:26,288 DDP_Script [Rank 0] [INFO] Saving checkpoint to ./checkpoints/job-25c2f5490a06/latest_checkpoint.pth ...
2025-11-19 03:27:27,384 DDP_Script [Rank 0] [INFO] Successfully reported epoch 16/20 (Acc: 0.00%) to global server.
2025-11-19 03:27:27,386 DDP_Script [Rank 0] [INFO] epoch 17 시작
2025-11-19 03:27:27,388 DDP_Script [Rank 0] [INFO] 모든 노드 중 max_steps = 32
2025-11-19 03:27:27,388 DDP_Script [Rank 0] [INFO] local_steps=32, global_steps=32
/nas2/data/dlwmznzl1/anaconda3/envs/Dist1/lib/python3.9/site-packages/torchaudio/_backend/utils.py:213: UserWarning: In 2.9, this function's implementation will be changed to use torchaudio.load_with_torchcodec` under the hood. Some parameters like ``normalize``, ``format``, ``buffer_size``, and ``backend`` will be ignored. We recommend that you port your code to rely directly on TorchCodec's decoder instead: https://docs.pytorch.org/torchcodec/stable/generated/torchcodec.decoders.AudioDecoder.html#torchcodec.decoders.AudioDecoder.
  warnings.warn(
/nas2/data/dlwmznzl1/anaconda3/envs/Dist1/lib/python3.9/site-packages/torchaudio/_backend/utils.py:213: UserWarning: In 2.9, this function's implementation will be changed to use torchaudio.load_with_torchcodec` under the hood. Some parameters like ``normalize``, ``format``, ``buffer_size``, and ``backend`` will be ignored. We recommend that you port your code to rely directly on TorchCodec's decoder instead: https://docs.pytorch.org/torchcodec/stable/generated/torchcodec.decoders.AudioDecoder.html#torchcodec.decoders.AudioDecoder.
  warnings.warn(
/nas2/data/dlwmznzl1/anaconda3/envs/Dist1/lib/python3.9/site-packages/torchaudio/_backend/utils.py:213: UserWarning: In 2.9, this function's implementation will be changed to use torchaudio.load_with_torchcodec` under the hood. Some parameters like ``normalize``, ``format``, ``buffer_size``, and ``backend`` will be ignored. We recommend that you port your code to rely directly on TorchCodec's decoder instead: https://docs.pytorch.org/torchcodec/stable/generated/torchcodec.decoders.AudioDecoder.html#torchcodec.decoders.AudioDecoder.
  warnings.warn(
/nas2/data/dlwmznzl1/anaconda3/envs/Dist1/lib/python3.9/site-packages/torchaudio/_backend/utils.py:213: UserWarning: In 2.9, this function's implementation will be changed to use torchaudio.load_with_torchcodec` under the hood. Some parameters like ``normalize``, ``format``, ``buffer_size``, and ``backend`` will be ignored. We recommend that you port your code to rely directly on TorchCodec's decoder instead: https://docs.pytorch.org/torchcodec/stable/generated/torchcodec.decoders.AudioDecoder.html#torchcodec.decoders.AudioDecoder.
  warnings.warn(
/nas2/data/dlwmznzl1/anaconda3/envs/Dist1/lib/python3.9/site-packages/torchaudio/_backend/utils.py:213: UserWarning: In 2.9, this function's implementation will be changed to use torchaudio.load_with_torchcodec` under the hood. Some parameters like ``normalize``, ``format``, ``buffer_size``, and ``backend`` will be ignored. We recommend that you port your code to rely directly on TorchCodec's decoder instead: https://docs.pytorch.org/torchcodec/stable/generated/torchcodec.decoders.AudioDecoder.html#torchcodec.decoders.AudioDecoder.
  warnings.warn(
/nas2/data/dlwmznzl1/anaconda3/envs/Dist1/lib/python3.9/site-packages/torchaudio/_backend/utils.py:213: UserWarning: In 2.9, this function's implementation will be changed to use torchaudio.load_with_torchcodec` under the hood. Some parameters like ``normalize``, ``format``, ``buffer_size``, and ``backend`` will be ignored. We recommend that you port your code to rely directly on TorchCodec's decoder instead: https://docs.pytorch.org/torchcodec/stable/generated/torchcodec.decoders.AudioDecoder.html#torchcodec.decoders.AudioDecoder.
  warnings.warn(
/nas2/data/dlwmznzl1/anaconda3/envs/Dist1/lib/python3.9/site-packages/torchaudio/_backend/utils.py:213: UserWarning: In 2.9, this function's implementation will be changed to use torchaudio.load_with_torchcodec` under the hood. Some parameters like ``normalize``, ``format``, ``buffer_size``, and ``backend`` will be ignored. We recommend that you port your code to rely directly on TorchCodec's decoder instead: https://docs.pytorch.org/torchcodec/stable/generated/torchcodec.decoders.AudioDecoder.html#torchcodec.decoders.AudioDecoder.
  warnings.warn(
/nas2/data/dlwmznzl1/anaconda3/envs/Dist1/lib/python3.9/site-packages/torchaudio/_backend/utils.py:213: UserWarning: In 2.9, this function's implementation will be changed to use torchaudio.load_with_torchcodec` under the hood. Some parameters like ``normalize``, ``format``, ``buffer_size``, and ``backend`` will be ignored. We recommend that you port your code to rely directly on TorchCodec's decoder instead: https://docs.pytorch.org/torchcodec/stable/generated/torchcodec.decoders.AudioDecoder.html#torchcodec.decoders.AudioDecoder.
  warnings.warn(
2025-11-19 03:27:35,185 DDP_Script [Rank 0] [INFO] val WER 0.996, CER 0.562, pseudo-acc 0.39%
2025-11-19 03:27:35,243 DDP_Script [Rank 0] [INFO] Saving checkpoint to ./checkpoints/job-25c2f5490a06/latest_checkpoint.pth ...
2025-11-19 03:27:39,529 DDP_Script [Rank 0] [INFO] Successfully reported epoch 17/20 (Acc: 0.39%) to global server.
2025-11-19 03:27:39,532 DDP_Script [Rank 0] [INFO] epoch 18 시작
2025-11-19 03:27:39,534 DDP_Script [Rank 0] [INFO] 모든 노드 중 max_steps = 32
2025-11-19 03:27:39,534 DDP_Script [Rank 0] [INFO] local_steps=32, global_steps=32
/nas2/data/dlwmznzl1/anaconda3/envs/Dist1/lib/python3.9/site-packages/torchaudio/_backend/utils.py:213: UserWarning: In 2.9, this function's implementation will be changed to use torchaudio.load_with_torchcodec` under the hood. Some parameters like ``normalize``, ``format``, ``buffer_size``, and ``backend`` will be ignored. We recommend that you port your code to rely directly on TorchCodec's decoder instead: https://docs.pytorch.org/torchcodec/stable/generated/torchcodec.decoders.AudioDecoder.html#torchcodec.decoders.AudioDecoder.
  warnings.warn(
/nas2/data/dlwmznzl1/anaconda3/envs/Dist1/lib/python3.9/site-packages/torchaudio/_backend/utils.py:213: UserWarning: In 2.9, this function's implementation will be changed to use torchaudio.load_with_torchcodec` under the hood. Some parameters like ``normalize``, ``format``, ``buffer_size``, and ``backend`` will be ignored. We recommend that you port your code to rely directly on TorchCodec's decoder instead: https://docs.pytorch.org/torchcodec/stable/generated/torchcodec.decoders.AudioDecoder.html#torchcodec.decoders.AudioDecoder.
  warnings.warn(
/nas2/data/dlwmznzl1/anaconda3/envs/Dist1/lib/python3.9/site-packages/torchaudio/_backend/utils.py:213: UserWarning: In 2.9, this function's implementation will be changed to use torchaudio.load_with_torchcodec` under the hood. Some parameters like ``normalize``, ``format``, ``buffer_size``, and ``backend`` will be ignored. We recommend that you port your code to rely directly on TorchCodec's decoder instead: https://docs.pytorch.org/torchcodec/stable/generated/torchcodec.decoders.AudioDecoder.html#torchcodec.decoders.AudioDecoder.
  warnings.warn(
/nas2/data/dlwmznzl1/anaconda3/envs/Dist1/lib/python3.9/site-packages/torchaudio/_backend/utils.py:213: UserWarning: In 2.9, this function's implementation will be changed to use torchaudio.load_with_torchcodec` under the hood. Some parameters like ``normalize``, ``format``, ``buffer_size``, and ``backend`` will be ignored. We recommend that you port your code to rely directly on TorchCodec's decoder instead: https://docs.pytorch.org/torchcodec/stable/generated/torchcodec.decoders.AudioDecoder.html#torchcodec.decoders.AudioDecoder.
  warnings.warn(
/nas2/data/dlwmznzl1/anaconda3/envs/Dist1/lib/python3.9/site-packages/torchaudio/_backend/utils.py:213: UserWarning: In 2.9, this function's implementation will be changed to use torchaudio.load_with_torchcodec` under the hood. Some parameters like ``normalize``, ``format``, ``buffer_size``, and ``backend`` will be ignored. We recommend that you port your code to rely directly on TorchCodec's decoder instead: https://docs.pytorch.org/torchcodec/stable/generated/torchcodec.decoders.AudioDecoder.html#torchcodec.decoders.AudioDecoder.
  warnings.warn(
/nas2/data/dlwmznzl1/anaconda3/envs/Dist1/lib/python3.9/site-packages/torchaudio/_backend/utils.py:213: UserWarning: In 2.9, this function's implementation will be changed to use torchaudio.load_with_torchcodec` under the hood. Some parameters like ``normalize``, ``format``, ``buffer_size``, and ``backend`` will be ignored. We recommend that you port your code to rely directly on TorchCodec's decoder instead: https://docs.pytorch.org/torchcodec/stable/generated/torchcodec.decoders.AudioDecoder.html#torchcodec.decoders.AudioDecoder.
  warnings.warn(
/nas2/data/dlwmznzl1/anaconda3/envs/Dist1/lib/python3.9/site-packages/torchaudio/_backend/utils.py:213: UserWarning: In 2.9, this function's implementation will be changed to use torchaudio.load_with_torchcodec` under the hood. Some parameters like ``normalize``, ``format``, ``buffer_size``, and ``backend`` will be ignored. We recommend that you port your code to rely directly on TorchCodec's decoder instead: https://docs.pytorch.org/torchcodec/stable/generated/torchcodec.decoders.AudioDecoder.html#torchcodec.decoders.AudioDecoder.
  warnings.warn(
/nas2/data/dlwmznzl1/anaconda3/envs/Dist1/lib/python3.9/site-packages/torchaudio/_backend/utils.py:213: UserWarning: In 2.9, this function's implementation will be changed to use torchaudio.load_with_torchcodec` under the hood. Some parameters like ``normalize``, ``format``, ``buffer_size``, and ``backend`` will be ignored. We recommend that you port your code to rely directly on TorchCodec's decoder instead: https://docs.pytorch.org/torchcodec/stable/generated/torchcodec.decoders.AudioDecoder.html#torchcodec.decoders.AudioDecoder.
  warnings.warn(
2025-11-19 03:27:47,310 DDP_Script [Rank 0] [INFO] val WER 1.142, CER 0.494, pseudo-acc 0.00%
2025-11-19 03:27:47,345 DDP_Script [Rank 0] [INFO] Saving checkpoint to ./checkpoints/job-25c2f5490a06/latest_checkpoint.pth ...
2025-11-19 03:27:53,374 DDP_Script [Rank 0] [INFO] Successfully reported epoch 18/20 (Acc: 0.00%) to global server.
2025-11-19 03:27:53,377 DDP_Script [Rank 0] [INFO] epoch 19 시작
2025-11-19 03:27:53,379 DDP_Script [Rank 0] [INFO] 모든 노드 중 max_steps = 32
2025-11-19 03:27:53,379 DDP_Script [Rank 0] [INFO] local_steps=32, global_steps=32
/nas2/data/dlwmznzl1/anaconda3/envs/Dist1/lib/python3.9/site-packages/torchaudio/_backend/utils.py:213: UserWarning: In 2.9, this function's implementation will be changed to use torchaudio.load_with_torchcodec` under the hood. Some parameters like ``normalize``, ``format``, ``buffer_size``, and ``backend`` will be ignored. We recommend that you port your code to rely directly on TorchCodec's decoder instead: https://docs.pytorch.org/torchcodec/stable/generated/torchcodec.decoders.AudioDecoder.html#torchcodec.decoders.AudioDecoder.
  warnings.warn(
/nas2/data/dlwmznzl1/anaconda3/envs/Dist1/lib/python3.9/site-packages/torchaudio/_backend/utils.py:213: UserWarning: In 2.9, this function's implementation will be changed to use torchaudio.load_with_torchcodec` under the hood. Some parameters like ``normalize``, ``format``, ``buffer_size``, and ``backend`` will be ignored. We recommend that you port your code to rely directly on TorchCodec's decoder instead: https://docs.pytorch.org/torchcodec/stable/generated/torchcodec.decoders.AudioDecoder.html#torchcodec.decoders.AudioDecoder.
  warnings.warn(
/nas2/data/dlwmznzl1/anaconda3/envs/Dist1/lib/python3.9/site-packages/torchaudio/_backend/utils.py:213: UserWarning: In 2.9, this function's implementation will be changed to use torchaudio.load_with_torchcodec` under the hood. Some parameters like ``normalize``, ``format``, ``buffer_size``, and ``backend`` will be ignored. We recommend that you port your code to rely directly on TorchCodec's decoder instead: https://docs.pytorch.org/torchcodec/stable/generated/torchcodec.decoders.AudioDecoder.html#torchcodec.decoders.AudioDecoder.
  warnings.warn(
/nas2/data/dlwmznzl1/anaconda3/envs/Dist1/lib/python3.9/site-packages/torchaudio/_backend/utils.py:213: UserWarning: In 2.9, this function's implementation will be changed to use torchaudio.load_with_torchcodec` under the hood. Some parameters like ``normalize``, ``format``, ``buffer_size``, and ``backend`` will be ignored. We recommend that you port your code to rely directly on TorchCodec's decoder instead: https://docs.pytorch.org/torchcodec/stable/generated/torchcodec.decoders.AudioDecoder.html#torchcodec.decoders.AudioDecoder.
  warnings.warn(
/nas2/data/dlwmznzl1/anaconda3/envs/Dist1/lib/python3.9/site-packages/torchaudio/_backend/utils.py:213: UserWarning: In 2.9, this function's implementation will be changed to use torchaudio.load_with_torchcodec` under the hood. Some parameters like ``normalize``, ``format``, ``buffer_size``, and ``backend`` will be ignored. We recommend that you port your code to rely directly on TorchCodec's decoder instead: https://docs.pytorch.org/torchcodec/stable/generated/torchcodec.decoders.AudioDecoder.html#torchcodec.decoders.AudioDecoder.
  warnings.warn(
/nas2/data/dlwmznzl1/anaconda3/envs/Dist1/lib/python3.9/site-packages/torchaudio/_backend/utils.py:213: UserWarning: In 2.9, this function's implementation will be changed to use torchaudio.load_with_torchcodec` under the hood. Some parameters like ``normalize``, ``format``, ``buffer_size``, and ``backend`` will be ignored. We recommend that you port your code to rely directly on TorchCodec's decoder instead: https://docs.pytorch.org/torchcodec/stable/generated/torchcodec.decoders.AudioDecoder.html#torchcodec.decoders.AudioDecoder.
  warnings.warn(
/nas2/data/dlwmznzl1/anaconda3/envs/Dist1/lib/python3.9/site-packages/torchaudio/_backend/utils.py:213: UserWarning: In 2.9, this function's implementation will be changed to use torchaudio.load_with_torchcodec` under the hood. Some parameters like ``normalize``, ``format``, ``buffer_size``, and ``backend`` will be ignored. We recommend that you port your code to rely directly on TorchCodec's decoder instead: https://docs.pytorch.org/torchcodec/stable/generated/torchcodec.decoders.AudioDecoder.html#torchcodec.decoders.AudioDecoder.
  warnings.warn(
/nas2/data/dlwmznzl1/anaconda3/envs/Dist1/lib/python3.9/site-packages/torchaudio/_backend/utils.py:213: UserWarning: In 2.9, this function's implementation will be changed to use torchaudio.load_with_torchcodec` under the hood. Some parameters like ``normalize``, ``format``, ``buffer_size``, and ``backend`` will be ignored. We recommend that you port your code to rely directly on TorchCodec's decoder instead: https://docs.pytorch.org/torchcodec/stable/generated/torchcodec.decoders.AudioDecoder.html#torchcodec.decoders.AudioDecoder.
  warnings.warn(
2025-11-19 03:28:01,146 DDP_Script [Rank 0] [INFO] val WER 0.964, CER 0.462, pseudo-acc 3.60%
2025-11-19 03:28:03,823 DDP_Script [Rank 0] [INFO] Saving checkpoint to ./checkpoints/job-25c2f5490a06/latest_checkpoint.pth ...
2025-11-19 03:28:08,601 DDP_Script [Rank 0] [INFO] Successfully reported epoch 19/20 (Acc: 3.60%) to global server.
2025-11-19 03:28:08,604 DDP_Script [Rank 0] [INFO] epoch 20 시작
2025-11-19 03:28:08,607 DDP_Script [Rank 0] [INFO] 모든 노드 중 max_steps = 32
2025-11-19 03:28:08,607 DDP_Script [Rank 0] [INFO] local_steps=32, global_steps=32
/nas2/data/dlwmznzl1/anaconda3/envs/Dist1/lib/python3.9/site-packages/torchaudio/_backend/utils.py:213: UserWarning: In 2.9, this function's implementation will be changed to use torchaudio.load_with_torchcodec` under the hood. Some parameters like ``normalize``, ``format``, ``buffer_size``, and ``backend`` will be ignored. We recommend that you port your code to rely directly on TorchCodec's decoder instead: https://docs.pytorch.org/torchcodec/stable/generated/torchcodec.decoders.AudioDecoder.html#torchcodec.decoders.AudioDecoder.
  warnings.warn(
/nas2/data/dlwmznzl1/anaconda3/envs/Dist1/lib/python3.9/site-packages/torchaudio/_backend/utils.py:213: UserWarning: In 2.9, this function's implementation will be changed to use torchaudio.load_with_torchcodec` under the hood. Some parameters like ``normalize``, ``format``, ``buffer_size``, and ``backend`` will be ignored. We recommend that you port your code to rely directly on TorchCodec's decoder instead: https://docs.pytorch.org/torchcodec/stable/generated/torchcodec.decoders.AudioDecoder.html#torchcodec.decoders.AudioDecoder.
  warnings.warn(
/nas2/data/dlwmznzl1/anaconda3/envs/Dist1/lib/python3.9/site-packages/torchaudio/_backend/utils.py:213: UserWarning: In 2.9, this function's implementation will be changed to use torchaudio.load_with_torchcodec` under the hood. Some parameters like ``normalize``, ``format``, ``buffer_size``, and ``backend`` will be ignored. We recommend that you port your code to rely directly on TorchCodec's decoder instead: https://docs.pytorch.org/torchcodec/stable/generated/torchcodec.decoders.AudioDecoder.html#torchcodec.decoders.AudioDecoder.
  warnings.warn(
/nas2/data/dlwmznzl1/anaconda3/envs/Dist1/lib/python3.9/site-packages/torchaudio/_backend/utils.py:213: UserWarning: In 2.9, this function's implementation will be changed to use torchaudio.load_with_torchcodec` under the hood. Some parameters like ``normalize``, ``format``, ``buffer_size``, and ``backend`` will be ignored. We recommend that you port your code to rely directly on TorchCodec's decoder instead: https://docs.pytorch.org/torchcodec/stable/generated/torchcodec.decoders.AudioDecoder.html#torchcodec.decoders.AudioDecoder.
  warnings.warn(
/nas2/data/dlwmznzl1/anaconda3/envs/Dist1/lib/python3.9/site-packages/torchaudio/_backend/utils.py:213: UserWarning: In 2.9, this function's implementation will be changed to use torchaudio.load_with_torchcodec` under the hood. Some parameters like ``normalize``, ``format``, ``buffer_size``, and ``backend`` will be ignored. We recommend that you port your code to rely directly on TorchCodec's decoder instead: https://docs.pytorch.org/torchcodec/stable/generated/torchcodec.decoders.AudioDecoder.html#torchcodec.decoders.AudioDecoder.
  warnings.warn(
/nas2/data/dlwmznzl1/anaconda3/envs/Dist1/lib/python3.9/site-packages/torchaudio/_backend/utils.py:213: UserWarning: In 2.9, this function's implementation will be changed to use torchaudio.load_with_torchcodec` under the hood. Some parameters like ``normalize``, ``format``, ``buffer_size``, and ``backend`` will be ignored. We recommend that you port your code to rely directly on TorchCodec's decoder instead: https://docs.pytorch.org/torchcodec/stable/generated/torchcodec.decoders.AudioDecoder.html#torchcodec.decoders.AudioDecoder.
  warnings.warn(
/nas2/data/dlwmznzl1/anaconda3/envs/Dist1/lib/python3.9/site-packages/torchaudio/_backend/utils.py:213: UserWarning: In 2.9, this function's implementation will be changed to use torchaudio.load_with_torchcodec` under the hood. Some parameters like ``normalize``, ``format``, ``buffer_size``, and ``backend`` will be ignored. We recommend that you port your code to rely directly on TorchCodec's decoder instead: https://docs.pytorch.org/torchcodec/stable/generated/torchcodec.decoders.AudioDecoder.html#torchcodec.decoders.AudioDecoder.
  warnings.warn(
/nas2/data/dlwmznzl1/anaconda3/envs/Dist1/lib/python3.9/site-packages/torchaudio/_backend/utils.py:213: UserWarning: In 2.9, this function's implementation will be changed to use torchaudio.load_with_torchcodec` under the hood. Some parameters like ``normalize``, ``format``, ``buffer_size``, and ``backend`` will be ignored. We recommend that you port your code to rely directly on TorchCodec's decoder instead: https://docs.pytorch.org/torchcodec/stable/generated/torchcodec.decoders.AudioDecoder.html#torchcodec.decoders.AudioDecoder.
  warnings.warn(
2025-11-19 03:28:16,499 DDP_Script [Rank 0] [INFO] val WER 0.944, CER 0.429, pseudo-acc 5.56%
2025-11-19 03:28:16,568 DDP_Script [Rank 0] [INFO] Saving checkpoint to ./checkpoints/job-25c2f5490a06/latest_checkpoint.pth ...
2025-11-19 03:28:20,549 DDP_Script [Rank 0] [INFO] Successfully reported epoch 20/20 (Acc: 5.56%) to global server.
2025-11-19 03:28:20,552 DDP_Script [Rank 0] [INFO] Training completed successfully.
2025-11-19 03:28:20,569 DDP_Script [Rank 0] [INFO] Reported job completion to global server.
2025-11-19 03:28:20,569 DDP_Script [Rank 0] [INFO] Training loop finished.
